======================================================================
VARIANT: ROOT   flags: -DACTIVE_ATTACK=1 -DMESH_TOPOLOGY=0
======================================================================
Executing action: all (aliases: build)
Running cmake in directory 'C:\Users\Angelo Calpoporo\CLionProjects\NIS16-ESP32-Environment\root_node\build_check_ROOT'
Executing "cmake -G Ninja -DPYTHON_DEPS_CHECKED=1 -DPYTHON=C:\Espressif\python_env\idf5.5_py3.11_env\Scripts\python.exe -DESP_PLATFORM=1 '-DACTIVE_ATTACK=1 -DMESH_TOPOLOGY=0' -DCCACHE_ENABLE=1 'C:\Users\Angelo Calpoporo\CLionProjects\NIS16-ESP32-Environment\root_node'"...
-- IDF_TARGET is not set, guessed 'esp32' from sdkconfig 'C:/Users/Angelo Calpoporo/CLionProjects/NIS16-ESP32-Environment/root_node/sdkconfig'
-- Found Git: C:/Espressif/tools/idf-git/2.44.0/cmd/git.exe (found version "2.44.0.windows.1")
-- Minimal build - OFF
-- ccache will be used for faster recompilation
-- The C compiler identification is GNU 14.2.0
-- The CXX compiler identification is GNU 14.2.0
-- The ASM compiler identification is GNU
-- Found assembler: C:/Espressif/tools/xtensa-esp-elf/esp-14.2.0_20260121/xtensa-esp-elf/bin/xtensa-esp32-elf-gcc.exe
-- Detecting C compiler ABI info
-- Detecting C compiler ABI info - done
-- Check for working C compiler: C:/Espressif/tools/xtensa-esp-elf/esp-14.2.0_20260121/xtensa-esp-elf/bin/xtensa-esp32-elf-gcc.exe - skipped
-- Detecting C compile features
-- Detecting C compile features - done
-- Detecting CXX compiler ABI info
-- Detecting CXX compiler ABI info - done
-- Check for working CXX compiler: C:/Espressif/tools/xtensa-esp-elf/esp-14.2.0_20260121/xtensa-esp-elf/bin/xtensa-esp32-elf-g++.exe - skipped
-- Detecting CXX compile features
-- Detecting CXX compile features - done
-- Building ESP-IDF components for target esp32
NOTICE: Processing 1 dependencies:

NOTICE: [1/1] idf (5.5.4)

-- ESP-TEE is currently supported only on the esp32c6;esp32h2;esp32c5 SoCs
-- Project sdkconfig file C:/Users/Angelo Calpoporo/CLionProjects/NIS16-ESP32-Environment/root_node/sdkconfig
Loading defaults file C:/Users/Angelo Calpoporo/CLionProjects/NIS16-ESP32-Environment/root_node/sdkconfig.defaults...

-- Compiler supported targets: xtensa-esp-elf
-- Detecting C compiler ABI info
-- Detecting C compiler ABI info - done
-- Detecting CXX compiler ABI info
-- Detecting CXX compiler ABI info - done
-- Detecting C compiler ABI info
-- Detecting C compiler ABI info - done
-- Detecting CXX compiler ABI info
-- Detecting CXX compiler ABI info - done
-- Found Python3: C:/Espressif/python_env/idf5.5_py3.11_env/Scripts/python.exe (found version "3.11.2") found components: Interpreter
-- Performing Test CMAKE_HAVE_LIBC_PTHREAD
-- Performing Test CMAKE_HAVE_LIBC_PTHREAD - Success
-- Found Threads: TRUE
-- Performing Test C_COMPILER_SUPPORTS_WFORMAT_SIGNEDNESS
-- Performing Test C_COMPILER_SUPPORTS_WFORMAT_SIGNEDNESS - Success
-- USING O3
-- App "root_node" version: eb48733
-- Adding linker script C:/Users/Angelo Calpoporo/CLionProjects/NIS16-ESP32-Environment/root_node/build_check_ROOT/esp-idf/esp_system/ld/memory.ld
-- Adding linker script C:/Users/Angelo Calpoporo/CLionProjects/NIS16-ESP32-Environment/root_node/build_check_ROOT/esp-idf/esp_system/ld/sections.ld.in
-- Adding linker script C:/Espressif/frameworks/esp-idf-v5.5.4/components/esp_rom/esp32/ld/esp32.rom.ld
-- Adding linker script C:/Espressif/frameworks/esp-idf-v5.5.4/components/esp_rom/esp32/ld/esp32.rom.api.ld
-- Adding linker script C:/Espressif/frameworks/esp-idf-v5.5.4/components/esp_rom/esp32/ld/esp32.rom.libgcc.ld
-- Adding linker script C:/Espressif/frameworks/esp-idf-v5.5.4/components/esp_rom/esp32/ld/esp32.rom.newlib-data.ld
-- Adding linker script C:/Espressif/frameworks/esp-idf-v5.5.4/components/esp_rom/esp32/ld/esp32.rom.syscalls.ld
-- Adding linker script C:/Espressif/frameworks/esp-idf-v5.5.4/components/esp_rom/esp32/ld/esp32.rom.libc-funcs.ld
-- Adding linker script C:/Espressif/frameworks/esp-idf-v5.5.4/components/esp_rom/esp32/ld/esp32.rom.newlib-reent-funcs.ld
-- Adding linker script C:/Espressif/frameworks/esp-idf-v5.5.4/components/soc/esp32/ld/esp32.peripherals.ld
-- Components: app_trace app_update bootloader bootloader_support bt cmock console cxx driver efuse esp-tls esp_adc esp_app_format esp_bootloader_format esp_coex esp_common esp_driver_ana_cmpr esp_driver_bitscrambler esp_driver_cam esp_driver_dac esp_driver_gpio esp_driver_gptimer esp_driver_i2c esp_driver_i2s esp_driver_isp esp_driver_jpeg esp_driver_ledc esp_driver_mcpwm esp_driver_parlio esp_driver_pcnt esp_driver_ppa esp_driver_rmt esp_driver_sdio esp_driver_sdm esp_driver_sdmmc esp_driver_sdspi esp_driver_spi esp_driver_touch_sens esp_driver_tsens esp_driver_twai esp_driver_uart esp_driver_usb_serial_jtag esp_eth esp_event esp_gdbstub esp_hal_ieee802154 esp_hid esp_http_client esp_http_server esp_https_ota esp_https_server esp_hw_support esp_lcd esp_local_ctrl esp_mm esp_netif esp_netif_stack esp_partition esp_phy esp_pm esp_psram esp_ringbuf esp_rom esp_security esp_system esp_timer esp_vfs_console esp_wifi espcoredump esptool_py fatfs freertos hal heap http_parser idf_test ieee802154 json log lwip main mbedtls mesh_common mqtt newlib nvs_flash nvs_sec_provider openthread partition_table perfmon protobuf-c protocomm pthread rt sdmmc soc spi_flash spiffs tcp_transport ulp unity usb vfs wear_levelling wifi_provisioning wpa_supplicant xtensa
-- Component paths: C:/Espressif/frameworks/esp-idf-v5.5.4/components/app_trace C:/Espressif/frameworks/esp-idf-v5.5.4/components/app_update C:/Espressif/frameworks/esp-idf-v5.5.4/components/bootloader C:/Espressif/frameworks/esp-idf-v5.5.4/components/bootloader_support C:/Espressif/frameworks/esp-idf-v5.5.4/components/bt C:/Espressif/frameworks/esp-idf-v5.5.4/components/cmock C:/Espressif/frameworks/esp-idf-v5.5.4/components/console C:/Espressif/frameworks/esp-idf-v5.5.4/components/cxx C:/Espressif/frameworks/esp-idf-v5.5.4/components/driver C:/Espressif/frameworks/esp-idf-v5.5.4/components/efuse C:/Espressif/frameworks/esp-idf-v5.5.4/components/esp-tls C:/Espressif/frameworks/esp-idf-v5.5.4/components/esp_adc C:/Espressif/frameworks/esp-idf-v5.5.4/components/esp_app_format C:/Espressif/frameworks/esp-idf-v5.5.4/components/esp_bootloader_format C:/Espressif/frameworks/esp-idf-v5.5.4/components/esp_coex C:/Espressif/frameworks/esp-idf-v5.5.4/components/esp_common C:/Espressif/frameworks/esp-idf-v5.5.4/components/esp_driver_ana_cmpr C:/Espressif/frameworks/esp-idf-v5.5.4/components/esp_driver_bitscrambler C:/Espressif/frameworks/esp-idf-v5.5.4/components/esp_driver_cam C:/Espressif/frameworks/esp-idf-v5.5.4/components/esp_driver_dac C:/Espressif/frameworks/esp-idf-v5.5.4/components/esp_driver_gpio C:/Espressif/frameworks/esp-idf-v5.5.4/components/esp_driver_gptimer C:/Espressif/frameworks/esp-idf-v5.5.4/components/esp_driver_i2c C:/Espressif/frameworks/esp-idf-v5.5.4/components/esp_driver_i2s C:/Espressif/frameworks/esp-idf-v5.5.4/components/esp_driver_isp C:/Espressif/frameworks/esp-idf-v5.5.4/components/esp_driver_jpeg C:/Espressif/frameworks/esp-idf-v5.5.4/components/esp_driver_ledc C:/Espressif/frameworks/esp-idf-v5.5.4/components/esp_driver_mcpwm C:/Espressif/frameworks/esp-idf-v5.5.4/components/esp_driver_parlio C:/Espressif/frameworks/esp-idf-v5.5.4/components/esp_driver_pcnt C:/Espressif/frameworks/esp-idf-v5.5.4/components/esp_driver_ppa C:/Espressif/frameworks/esp-idf-v5.5.4/components/esp_driver_rmt C:/Espressif/frameworks/esp-idf-v5.5.4/components/esp_driver_sdio C:/Espressif/frameworks/esp-idf-v5.5.4/components/esp_driver_sdm C:/Espressif/frameworks/esp-idf-v5.5.4/components/esp_driver_sdmmc C:/Espressif/frameworks/esp-idf-v5.5.4/components/esp_driver_sdspi C:/Espressif/frameworks/esp-idf-v5.5.4/components/esp_driver_spi C:/Espressif/frameworks/esp-idf-v5.5.4/components/esp_driver_touch_sens C:/Espressif/frameworks/esp-idf-v5.5.4/components/esp_driver_tsens C:/Espressif/frameworks/esp-idf-v5.5.4/components/esp_driver_twai C:/Espressif/frameworks/esp-idf-v5.5.4/components/esp_driver_uart C:/Espressif/frameworks/esp-idf-v5.5.4/components/esp_driver_usb_serial_jtag C:/Espressif/frameworks/esp-idf-v5.5.4/components/esp_eth C:/Espressif/frameworks/esp-idf-v5.5.4/components/esp_event C:/Espressif/frameworks/esp-idf-v5.5.4/components/esp_gdbstub C:/Espressif/frameworks/esp-idf-v5.5.4/components/esp_hal_ieee802154 C:/Espressif/frameworks/esp-idf-v5.5.4/components/esp_hid C:/Espressif/frameworks/esp-idf-v5.5.4/components/esp_http_client C:/Espressif/frameworks/esp-idf-v5.5.4/components/esp_http_server C:/Espressif/frameworks/esp-idf-v5.5.4/components/esp_https_ota C:/Espressif/frameworks/esp-idf-v5.5.4/components/esp_https_server C:/Espressif/frameworks/esp-idf-v5.5.4/components/esp_hw_support C:/Espressif/frameworks/esp-idf-v5.5.4/components/esp_lcd C:/Espressif/frameworks/esp-idf-v5.5.4/components/esp_local_ctrl C:/Espressif/frameworks/esp-idf-v5.5.4/components/esp_mm C:/Espressif/frameworks/esp-idf-v5.5.4/components/esp_netif C:/Espressif/frameworks/esp-idf-v5.5.4/components/esp_netif_stack C:/Espressif/frameworks/esp-idf-v5.5.4/components/esp_partition C:/Espressif/frameworks/esp-idf-v5.5.4/components/esp_phy C:/Espressif/frameworks/esp-idf-v5.5.4/components/esp_pm C:/Espressif/frameworks/esp-idf-v5.5.4/components/esp_psram C:/Espressif/frameworks/esp-idf-v5.5.4/components/esp_ringbuf C:/Espressif/frameworks/esp-idf-v5.5.4/components/esp_rom C:/Espressif/frameworks/esp-idf-v5.5.4/components/esp_security C:/Espressif/frameworks/esp-idf-v5.5.4/components/esp_system C:/Espressif/frameworks/esp-idf-v5.5.4/components/esp_timer C:/Espressif/frameworks/esp-idf-v5.5.4/components/esp_vfs_console C:/Espressif/frameworks/esp-idf-v5.5.4/components/esp_wifi C:/Espressif/frameworks/esp-idf-v5.5.4/components/espcoredump C:/Espressif/frameworks/esp-idf-v5.5.4/components/esptool_py C:/Espressif/frameworks/esp-idf-v5.5.4/components/fatfs C:/Espressif/frameworks/esp-idf-v5.5.4/components/freertos C:/Espressif/frameworks/esp-idf-v5.5.4/components/hal C:/Espressif/frameworks/esp-idf-v5.5.4/components/heap C:/Espressif/frameworks/esp-idf-v5.5.4/components/http_parser C:/Espressif/frameworks/esp-idf-v5.5.4/components/idf_test C:/Espressif/frameworks/esp-idf-v5.5.4/components/ieee802154 C:/Espressif/frameworks/esp-idf-v5.5.4/components/json C:/Espressif/frameworks/esp-idf-v5.5.4/components/log C:/Espressif/frameworks/esp-idf-v5.5.4/components/lwip C:/Users/Angelo Calpoporo/CLionProjects/NIS16-ESP32-Environment/root_node/main C:/Espressif/frameworks/esp-idf-v5.5.4/components/mbedtls C:/Users/Angelo Calpoporo/CLionProjects/NIS16-ESP32-Environment/components/mesh_common C:/Espressif/frameworks/esp-idf-v5.5.4/components/mqtt C:/Espressif/frameworks/esp-idf-v5.5.4/components/newlib C:/Espressif/frameworks/esp-idf-v5.5.4/components/nvs_flash C:/Espressif/frameworks/esp-idf-v5.5.4/components/nvs_sec_provider C:/Espressif/frameworks/esp-idf-v5.5.4/components/openthread C:/Espressif/frameworks/esp-idf-v5.5.4/components/partition_table C:/Espressif/frameworks/esp-idf-v5.5.4/components/perfmon C:/Espressif/frameworks/esp-idf-v5.5.4/components/protobuf-c C:/Espressif/frameworks/esp-idf-v5.5.4/components/protocomm C:/Espressif/frameworks/esp-idf-v5.5.4/components/pthread C:/Espressif/frameworks/esp-idf-v5.5.4/components/rt C:/Espressif/frameworks/esp-idf-v5.5.4/components/sdmmc C:/Espressif/frameworks/esp-idf-v5.5.4/components/soc C:/Espressif/frameworks/esp-idf-v5.5.4/components/spi_flash C:/Espressif/frameworks/esp-idf-v5.5.4/components/spiffs C:/Espressif/frameworks/esp-idf-v5.5.4/components/tcp_transport C:/Espressif/frameworks/esp-idf-v5.5.4/components/ulp C:/Espressif/frameworks/esp-idf-v5.5.4/components/unity C:/Espressif/frameworks/esp-idf-v5.5.4/components/usb C:/Espressif/frameworks/esp-idf-v5.5.4/components/vfs C:/Espressif/frameworks/esp-idf-v5.5.4/components/wear_levelling C:/Espressif/frameworks/esp-idf-v5.5.4/components/wifi_provisioning C:/Espressif/frameworks/esp-idf-v5.5.4/components/wpa_supplicant C:/Espressif/frameworks/esp-idf-v5.5.4/components/xtensa
-- Configuring done (16.7s)
-- Generating done (2.1s)
-- Build files have been written to: C:/Users/Angelo Calpoporo/CLionProjects/NIS16-ESP32-Environment/root_node/build_check_ROOT
Running ninja in directory 'C:\Users\Angelo Calpoporo\CLionProjects\NIS16-ESP32-Environment\root_node\build_check_ROOT'
Executing "ninja all"...
[1/1031] Generating project_elf_src_esp32.c

[2/1031] Generating C:/Users/Angelo Calpoporo/CLionProjects/NIS16-ESP32-Environment/root_node/build_check_ROOT/esp-idf/esp_system/ld/memory.ld linker script...

[3/1031] Generating C:/Users/Angelo Calpoporo/CLionProjects/NIS16-ESP32-Environment/root_node/build_check_ROOT/esp-idf/esp_system/ld/sections.ld.in linker script...

[4/1031] Generating ../../ota_data_initial.bin

[5/1031] Generating ../../partition_table/partition-table.bin

Partition table binary generated. Contents:

*******************************************************************************

# ESP-IDF Partition Table


# Name, Type, SubType, Offset, Size, Flags


nvs,data,nvs,0x9000,20K,


otadata,data,ota,0xe000,8K,


app0,app,ota_0,0x10000,1536K,


spiffs,data,spiffs,0x190000,2496K,


*******************************************************************************

[6/1031] Building C object esp-idf/esp_adc/CMakeFiles/__idf_esp_adc.dir/adc_cali_curve_fitting.c.obj

[7/1031] Building C object esp-idf/esp_http_client/CMakeFiles/__idf_esp_http_client.dir/lib/http_header.c.obj

[8/1031] Building C object esp-idf/esp_http_client/CMakeFiles/__idf_esp_http_client.dir/lib/http_utils.c.obj

[9/1031] Building C object esp-idf/esp_adc/CMakeFiles/__idf_esp_adc.dir/adc_common.c.obj

[10/1031] Building C object esp-idf/esp_adc/CMakeFiles/__idf_esp_adc.dir/adc_cali.c.obj

[11/1031] Building C object esp-idf/esp_adc/CMakeFiles/__idf_esp_adc.dir/adc_oneshot.c.obj

[12/1031] Building C object esp-idf/esp_http_server/CMakeFiles/__idf_esp_http_server.dir/src/util/ctrl_sock.c.obj

[13/1031] Building C object esp-idf/esp_http_server/CMakeFiles/__idf_esp_http_server.dir/src/httpd_sess.c.obj

[14/1031] Building C object esp-idf/tcp_transport/CMakeFiles/__idf_tcp_transport.dir/transport_socks_proxy.c.obj

[15/1031] Building C object esp-idf/esp_http_server/CMakeFiles/__idf_esp_http_server.dir/src/httpd_uri.c.obj

[16/1031] Building C object esp-idf/esp_http_client/CMakeFiles/__idf_esp_http_client.dir/lib/http_auth.c.obj

[17/1031] Building C object esp-idf/esp_http_server/CMakeFiles/__idf_esp_http_server.dir/src/httpd_ws.c.obj

[18/1031] Building C object esp-idf/esp_http_server/CMakeFiles/__idf_esp_http_server.dir/src/httpd_parse.c.obj

[19/1031] Building C object esp-idf/esp_http_server/CMakeFiles/__idf_esp_http_server.dir/src/httpd_main.c.obj

[20/1031] Building C object esp-idf/esp_https_ota/CMakeFiles/__idf_esp_https_ota.dir/src/esp_https_ota.c.obj

[21/1031] Building C object esp-idf/esp_http_server/CMakeFiles/__idf_esp_http_server.dir/src/httpd_txrx.c.obj

[22/1031] Building C object esp-idf/esp_adc/CMakeFiles/__idf_esp_adc.dir/deprecated/esp_adc_cal_common_legacy.c.obj

[23/1031] Building C object esp-idf/tcp_transport/CMakeFiles/__idf_tcp_transport.dir/transport_internal.c.obj

[24/1031] Building C object esp-idf/tcp_transport/CMakeFiles/__idf_tcp_transport.dir/transport_ssl.c.obj

[25/1031] Building C object esp-idf/esp_adc/CMakeFiles/__idf_esp_adc.dir/deprecated/esp32/esp_adc_cal_legacy.c.obj

[26/1031] Linking C static library esp-idf\esp_https_ota\libesp_https_ota.a

[27/1031] Building C object esp-idf/tcp_transport/CMakeFiles/__idf_tcp_transport.dir/transport_ws.c.obj

[28/1031] Building C object esp-idf/esp-tls/CMakeFiles/__idf_esp-tls.dir/esp-tls-crypto/esp_tls_crypto.c.obj

[29/1031] Building C object esp-idf/esp-tls/CMakeFiles/__idf_esp-tls.dir/esp_tls_platform_port.c.obj

[30/1031] Building C object esp-idf/tcp_transport/CMakeFiles/__idf_tcp_transport.dir/transport.c.obj

[31/1031] Building C object esp-idf/esp_adc/CMakeFiles/__idf_esp_adc.dir/esp32/adc_cali_line_fitting.c.obj

[32/1031] Building C object esp-idf/esp_adc/CMakeFiles/__idf_esp_adc.dir/esp32/adc_dma.c.obj

[33/1031] Building C object esp-idf/esp_http_client/CMakeFiles/__idf_esp_http_client.dir/esp_http_client.c.obj

[34/1031] Building C object esp-idf/esp-tls/CMakeFiles/__idf_esp-tls.dir/esp_tls_error_capture.c.obj

[35/1031] Building C object esp-idf/esp_adc/CMakeFiles/__idf_esp_adc.dir/adc_continuous.c.obj

[36/1031] Building C object esp-idf/driver/CMakeFiles/__idf_driver.dir/deprecated/esp32/dac_legacy.c.obj

[37/1031] Building C object esp-idf/driver/CMakeFiles/__idf_driver.dir/deprecated/dac_common_legacy.c.obj

[38/1031] Building C object esp-idf/http_parser/CMakeFiles/__idf_http_parser.dir/http_parser.c.obj

[39/1031] Building C object esp-idf/driver/CMakeFiles/__idf_driver.dir/deprecated/adc_dma_legacy.c.obj

[40/1031] Linking C static library esp-idf\esp_http_server\libesp_http_server.a

[41/1031] Building C object esp-idf/driver/CMakeFiles/__idf_driver.dir/deprecated/adc_legacy.c.obj

[42/1031] Building C object esp-idf/driver/CMakeFiles/__idf_driver.dir/deprecated/timer_legacy.c.obj

[43/1031] Building C object esp-idf/esp-tls/CMakeFiles/__idf_esp-tls.dir/esp_tls.c.obj

[44/1031] Building C object esp-idf/esp-tls/CMakeFiles/__idf_esp-tls.dir/esp_tls_mbedtls.c.obj

[45/1031] Building C object esp-idf/driver/CMakeFiles/__idf_driver.dir/deprecated/sigma_delta_legacy.c.obj

[46/1031] Building C object esp-idf/driver/CMakeFiles/__idf_driver.dir/touch_sensor/touch_sensor_common.c.obj

[47/1031] Linking C static library esp-idf\esp_http_client\libesp_http_client.a

[48/1031] Building C object esp-idf/driver/CMakeFiles/__idf_driver.dir/i2c/i2c.c.obj

[49/1031] Building C object esp-idf/esp_driver_twai/CMakeFiles/__idf_esp_driver_twai.dir/esp_twai.c.obj

[50/1031] Building C object esp-idf/driver/CMakeFiles/__idf_driver.dir/deprecated/adc_i2s_deprecated.c.obj

[51/1031] Building C object esp-idf/driver/CMakeFiles/__idf_driver.dir/deprecated/mcpwm_legacy.c.obj

[52/1031] Building C object esp-idf/driver/CMakeFiles/__idf_driver.dir/deprecated/i2s_legacy.c.obj

[53/1031] Building C object esp-idf/driver/CMakeFiles/__idf_driver.dir/deprecated/pcnt_legacy.c.obj

[54/1031] Building C object esp-idf/driver/CMakeFiles/__idf_driver.dir/deprecated/rmt_legacy.c.obj

[55/1031] Building C object esp-idf/driver/CMakeFiles/__idf_driver.dir/touch_sensor/esp32/touch_sensor.c.obj

[56/1031] Building C object esp-idf/driver/CMakeFiles/__idf_driver.dir/twai/twai.c.obj

[57/1031] Building C object esp-idf/esp_driver_twai/CMakeFiles/__idf_esp_driver_twai.dir/esp_twai_onchip.c.obj

[58/1031] Linking C static library esp-idf\tcp_transport\libtcp_transport.a

[59/1031] Building C object esp-idf/esp_driver_i2c/CMakeFiles/__idf_esp_driver_i2c.dir/i2c_common.c.obj

[60/1031] Building C object esp-idf/esp_driver_sdm/CMakeFiles/__idf_esp_driver_sdm.dir/src/sdm.c.obj

[61/1031] Building C object esp-idf/esp_driver_ledc/CMakeFiles/__idf_esp_driver_ledc.dir/src/ledc.c.obj

[62/1031] Building C object esp-idf/esp_driver_i2c/CMakeFiles/__idf_esp_driver_i2c.dir/i2c_slave.c.obj

[63/1031] Building C object esp-idf/esp_driver_i2c/CMakeFiles/__idf_esp_driver_i2c.dir/i2c_master.c.obj

[64/1031] Building C object esp-idf/esp_driver_rmt/CMakeFiles/__idf_esp_driver_rmt.dir/src/rmt_encoder.c.obj

[65/1031] Building C object esp-idf/esp_driver_rmt/CMakeFiles/__idf_esp_driver_rmt.dir/src/rmt_encoder_copy.c.obj

[66/1031] Building C object esp-idf/esp_driver_rmt/CMakeFiles/__idf_esp_driver_rmt.dir/src/rmt_encoder_simple.c.obj

[67/1031] Building C object esp-idf/esp_driver_rmt/CMakeFiles/__idf_esp_driver_rmt.dir/src/rmt_common.c.obj

[68/1031] Building C object esp-idf/esp_driver_sdspi/CMakeFiles/__idf_esp_driver_sdspi.dir/src/sdspi_crc.c.obj

[69/1031] Building C object esp-idf/esp_driver_rmt/CMakeFiles/__idf_esp_driver_rmt.dir/src/rmt_encoder_bytes.c.obj

[70/1031] Linking C static library esp-idf\esp_adc\libesp_adc.a

[71/1031] Building C object esp-idf/esp_driver_dac/CMakeFiles/__idf_esp_driver_dac.dir/dac_oneshot.c.obj

[72/1031] Building C object esp-idf/esp_driver_rmt/CMakeFiles/__idf_esp_driver_rmt.dir/src/rmt_rx.c.obj

[73/1031] Building C object esp-idf/esp_driver_dac/CMakeFiles/__idf_esp_driver_dac.dir/dac_continuous.c.obj

[74/1031] Building C object esp-idf/esp_driver_dac/CMakeFiles/__idf_esp_driver_dac.dir/dac_common.c.obj

[75/1031] Building C object esp-idf/esp_driver_dac/CMakeFiles/__idf_esp_driver_dac.dir/dac_cosine.c.obj

[76/1031] Building C object esp-idf/esp_driver_rmt/CMakeFiles/__idf_esp_driver_rmt.dir/src/rmt_tx.c.obj

[77/1031] Building C object esp-idf/esp_driver_sdspi/CMakeFiles/__idf_esp_driver_sdspi.dir/src/sdspi_host.c.obj

[78/1031] Linking C static library esp-idf\esp-tls\libesp-tls.a

[79/1031] Building C object esp-idf/esp_driver_dac/CMakeFiles/__idf_esp_driver_dac.dir/esp32/dac_dma.c.obj

[80/1031] Building C object esp-idf/esp_driver_sdspi/CMakeFiles/__idf_esp_driver_sdspi.dir/src/sdspi_transaction.c.obj

[81/1031] Building C object esp-idf/esp_driver_sdio/CMakeFiles/__idf_esp_driver_sdio.dir/src/sdio_slave.c.obj

[82/1031] Building C object esp-idf/sdmmc/CMakeFiles/__idf_sdmmc.dir/sd_pwr_ctrl/sd_pwr_ctrl.c.obj

[83/1031] Building C object esp-idf/sdmmc/CMakeFiles/__idf_sdmmc.dir/sdmmc_init.c.obj

[84/1031] Building C object esp-idf/sdmmc/CMakeFiles/__idf_sdmmc.dir/sdmmc_common.c.obj

[85/1031] Building C object esp-idf/sdmmc/CMakeFiles/__idf_sdmmc.dir/sdmmc_cmd.c.obj

[86/1031] Building C object esp-idf/esp_driver_sdmmc/CMakeFiles/__idf_esp_driver_sdmmc.dir/src/sdmmc_transaction.c.obj

[87/1031] Building C object esp-idf/esp_driver_sdmmc/CMakeFiles/__idf_esp_driver_sdmmc.dir/src/sdmmc_host.c.obj

[88/1031] Building C object esp-idf/sdmmc/CMakeFiles/__idf_sdmmc.dir/sdmmc_io.c.obj

[89/1031] Linking C static library esp-idf\http_parser\libhttp_parser.a

[90/1031] Building C object esp-idf/sdmmc/CMakeFiles/__idf_sdmmc.dir/sdmmc_mmc.c.obj

[91/1031] Building C object esp-idf/sdmmc/CMakeFiles/__idf_sdmmc.dir/sdmmc_sd.c.obj

[92/1031] Building C object esp-idf/esp_driver_i2s/CMakeFiles/__idf_esp_driver_i2s.dir/i2s_std.c.obj

[93/1031] Building C object esp-idf/esp_driver_i2s/CMakeFiles/__idf_esp_driver_i2s.dir/i2s_platform.c.obj

[94/1031] Building C object esp-idf/esp_driver_i2s/CMakeFiles/__idf_esp_driver_i2s.dir/i2s_pdm.c.obj

[95/1031] Building C object esp-idf/esp_driver_i2s/CMakeFiles/__idf_esp_driver_i2s.dir/i2s_common.c.obj

[96/1031] Building C object esp-idf/esp_driver_mcpwm/CMakeFiles/__idf_esp_driver_mcpwm.dir/src/mcpwm_com.c.obj

[97/1031] Building ASM object esp-idf/esp_gdbstub/CMakeFiles/__idf_esp_gdbstub.dir/src/port/xtensa/xt_debugexception.S.obj

[98/1031] Building C object esp-idf/esp_driver_mcpwm/CMakeFiles/__idf_esp_driver_mcpwm.dir/src/mcpwm_cmpr.c.obj

[99/1031] Building C object esp-idf/esp_gdbstub/CMakeFiles/__idf_esp_gdbstub.dir/src/gdbstub_transport.c.obj

[100/1031] Building C object esp-idf/esp_driver_mcpwm/CMakeFiles/__idf_esp_driver_mcpwm.dir/src/mcpwm_fault.c.obj

[101/1031] Building C object esp-idf/esp_driver_mcpwm/CMakeFiles/__idf_esp_driver_mcpwm.dir/src/mcpwm_cap.c.obj

[102/1031] Building ASM object esp-idf/esp_gdbstub/CMakeFiles/__idf_esp_gdbstub.dir/src/port/xtensa/gdbstub-entry.S.obj

[103/1031] Building C object esp-idf/esp_gdbstub/CMakeFiles/__idf_esp_gdbstub.dir/src/packet.c.obj

[104/1031] Building C object esp-idf/esp_driver_mcpwm/CMakeFiles/__idf_esp_driver_mcpwm.dir/src/mcpwm_oper.c.obj

[105/1031] Building C object esp-idf/esp_driver_mcpwm/CMakeFiles/__idf_esp_driver_mcpwm.dir/src/mcpwm_gen.c.obj

[106/1031] Linking C static library esp-idf\driver\libdriver.a

[107/1031] Building C object esp-idf/esp_gdbstub/CMakeFiles/__idf_esp_gdbstub.dir/src/port/xtensa/gdbstub_xtensa.c.obj

[108/1031] Building C object esp-idf/esp_driver_mcpwm/CMakeFiles/__idf_esp_driver_mcpwm.dir/src/mcpwm_timer.c.obj

[109/1031] Building C object esp-idf/esp_wifi/CMakeFiles/__idf_esp_wifi.dir/src/lib_printf.c.obj

[110/1031] Building C object esp-idf/esp_driver_mcpwm/CMakeFiles/__idf_esp_driver_mcpwm.dir/src/mcpwm_sync.c.obj

[111/1031] Building C object esp-idf/esp_driver_pcnt/CMakeFiles/__idf_esp_driver_pcnt.dir/src/pulse_cnt.c.obj

[112/1031] Building C object esp-idf/esp_gdbstub/CMakeFiles/__idf_esp_gdbstub.dir/src/gdbstub.c.obj

[113/1031] Building C object esp-idf/esp_wifi/CMakeFiles/__idf_esp_wifi.dir/src/mesh_event.c.obj

[114/1031] Linking C static library esp-idf\esp_driver_twai\libesp_driver_twai.a

[115/1031] Building C object esp-idf/esp_coex/CMakeFiles/__idf_esp_coex.dir/src/coexist_debug_diagram.c.obj

[116/1031] Building C object esp-idf/esp_wifi/CMakeFiles/__idf_esp_wifi.dir/src/wifi_default_ap.c.obj

[117/1031] Building C object esp-idf/esp_wifi/CMakeFiles/__idf_esp_wifi.dir/regulatory/esp_wifi_regulatory.c.obj

[118/1031] Building C object esp-idf/esp_wifi/CMakeFiles/__idf_esp_wifi.dir/src/wifi_default.c.obj

[119/1031] Building C object esp-idf/esp_wifi/CMakeFiles/__idf_esp_wifi.dir/src/smartconfig.c.obj

[120/1031] Building C object esp-idf/esp_coex/CMakeFiles/__idf_esp_coex.dir/src/coexist_debug.c.obj

[121/1031] Building C object esp-idf/esp_wifi/CMakeFiles/__idf_esp_wifi.dir/src/wifi_netif.c.obj

[122/1031] Building C object esp-idf/esp_wifi/CMakeFiles/__idf_esp_wifi.dir/src/wifi_init.c.obj

[123/1031] Building C object esp-idf/esp_coex/CMakeFiles/__idf_esp_coex.dir/esp32/esp_coex_adapter.c.obj

[124/1031] Linking C static library esp-idf\esp_driver_ledc\libesp_driver_ledc.a

[125/1031] Building C object esp-idf/esp_wifi/CMakeFiles/__idf_esp_wifi.dir/src/smartconfig_ack.c.obj

[126/1031] Building C object esp-idf/wpa_supplicant/CMakeFiles/__idf_wpa_supplicant.dir/src/ap/ap_config.c.obj

[127/1031] Building C object esp-idf/wpa_supplicant/CMakeFiles/__idf_wpa_supplicant.dir/port/os_xtensa.c.obj

[128/1031] Building C object esp-idf/esp_wifi/CMakeFiles/__idf_esp_wifi.dir/esp32/esp_adapter.c.obj

[129/1031] Building C object esp-idf/wpa_supplicant/CMakeFiles/__idf_wpa_supplicant.dir/src/ap/wpa_auth_ie.c.obj

[130/1031] Building C object esp-idf/wpa_supplicant/CMakeFiles/__idf_wpa_supplicant.dir/src/ap/ieee802_1x.c.obj

[131/1031] Building C object esp-idf/wpa_supplicant/CMakeFiles/__idf_wpa_supplicant.dir/port/eloop.c.obj

[132/1031] Building C object esp-idf/wpa_supplicant/CMakeFiles/__idf_wpa_supplicant.dir/src/ap/ieee802_11.c.obj

[133/1031] Building C object esp-idf/wpa_supplicant/CMakeFiles/__idf_wpa_supplicant.dir/src/ap/pmksa_cache_auth.c.obj

[134/1031] Building C object esp-idf/wpa_supplicant/CMakeFiles/__idf_wpa_supplicant.dir/src/ap/sta_info.c.obj

[135/1031] Building C object esp-idf/wpa_supplicant/CMakeFiles/__idf_wpa_supplicant.dir/src/ap/comeback_token.c.obj

[136/1031] Building C object esp-idf/wpa_supplicant/CMakeFiles/__idf_wpa_supplicant.dir/src/ap/wpa_auth.c.obj

[137/1031] Building C object esp-idf/wpa_supplicant/CMakeFiles/__idf_wpa_supplicant.dir/src/utils/bitfield.c.obj

[138/1031] Linking C static library esp-idf\esp_driver_i2c\libesp_driver_i2c.a

[139/1031] Building C object esp-idf/wpa_supplicant/CMakeFiles/__idf_wpa_supplicant.dir/src/common/dragonfly.c.obj

[140/1031] Building C object esp-idf/wpa_supplicant/CMakeFiles/__idf_wpa_supplicant.dir/src/crypto/ccmp.c.obj

[141/1031] Building C object esp-idf/wpa_supplicant/CMakeFiles/__idf_wpa_supplicant.dir/src/common/wpa_common.c.obj

[142/1031] Building C object esp-idf/wpa_supplicant/CMakeFiles/__idf_wpa_supplicant.dir/src/crypto/sha256-kdf.c.obj

[143/1031] Building C object esp-idf/wpa_supplicant/CMakeFiles/__idf_wpa_supplicant.dir/src/crypto/aes-siv.c.obj

[144/1031] Building C object esp-idf/wpa_supplicant/CMakeFiles/__idf_wpa_supplicant.dir/src/crypto/aes-gcm.c.obj

[145/1031] Building C object esp-idf/wpa_supplicant/CMakeFiles/__idf_wpa_supplicant.dir/src/common/sae.c.obj

[146/1031] Building C object esp-idf/wpa_supplicant/CMakeFiles/__idf_wpa_supplicant.dir/src/crypto/crypto_ops.c.obj

[147/1031] Building C object esp-idf/wpa_supplicant/CMakeFiles/__idf_wpa_supplicant.dir/src/crypto/dh_group5.c.obj

[148/1031] Building C object esp-idf/wpa_supplicant/CMakeFiles/__idf_wpa_supplicant.dir/src/crypto/sha256-prf.c.obj

[149/1031] Building C object esp-idf/wpa_supplicant/CMakeFiles/__idf_wpa_supplicant.dir/src/crypto/dh_groups.c.obj

[150/1031] Building C object esp-idf/wpa_supplicant/CMakeFiles/__idf_wpa_supplicant.dir/src/crypto/sha256-tlsprf.c.obj

[151/1031] Building C object esp-idf/wpa_supplicant/CMakeFiles/__idf_wpa_supplicant.dir/src/crypto/sha1-tlsprf.c.obj

[152/1031] Building C object esp-idf/wpa_supplicant/CMakeFiles/__idf_wpa_supplicant.dir/src/crypto/sha384-tlsprf.c.obj

[153/1031] Building C object esp-idf/wpa_supplicant/CMakeFiles/__idf_wpa_supplicant.dir/src/crypto/ms_funcs.c.obj

[154/1031] Linking C static library esp-idf\esp_driver_sdm\libesp_driver_sdm.a

[155/1031] Building C object esp-idf/wpa_supplicant/CMakeFiles/__idf_wpa_supplicant.dir/src/crypto/sha1-prf.c.obj

[156/1031] Building C object esp-idf/wpa_supplicant/CMakeFiles/__idf_wpa_supplicant.dir/src/crypto/sha384-prf.c.obj

[157/1031] Building C object esp-idf/wpa_supplicant/CMakeFiles/__idf_wpa_supplicant.dir/src/crypto/md4-internal.c.obj

[158/1031] Building C object esp-idf/wpa_supplicant/CMakeFiles/__idf_wpa_supplicant.dir/src/crypto/sha1-tprf.c.obj

[159/1031] Building C object esp-idf/wpa_supplicant/CMakeFiles/__idf_wpa_supplicant.dir/src/eap_common/eap_wsc_common.c.obj

[160/1031] Building C object esp-idf/wpa_supplicant/CMakeFiles/__idf_wpa_supplicant.dir/src/common/ieee802_11_common.c.obj

[161/1031] Building C object esp-idf/wpa_supplicant/CMakeFiles/__idf_wpa_supplicant.dir/src/eap_peer/eap_common.c.obj

[162/1031] Building C object esp-idf/wpa_supplicant/CMakeFiles/__idf_wpa_supplicant.dir/src/eap_peer/chap.c.obj

[163/1031] Building C object esp-idf/wpa_supplicant/CMakeFiles/__idf_wpa_supplicant.dir/src/eap_peer/eap.c.obj

[164/1031] Linking C static library esp-idf\esp_driver_rmt\libesp_driver_rmt.a

[165/1031] Building C object esp-idf/wpa_supplicant/CMakeFiles/__idf_wpa_supplicant.dir/src/eap_peer/eap_mschapv2.c.obj

[166/1031] Building C object esp-idf/wpa_supplicant/CMakeFiles/__idf_wpa_supplicant.dir/src/eap_peer/eap_peap.c.obj

[167/1031] Building C object esp-idf/wpa_supplicant/CMakeFiles/__idf_wpa_supplicant.dir/src/eap_peer/eap_peap_common.c.obj

[168/1031] Building C object esp-idf/wpa_supplicant/CMakeFiles/__idf_wpa_supplicant.dir/src/eap_peer/eap_tls.c.obj

[169/1031] Building C object esp-idf/wpa_supplicant/CMakeFiles/__idf_wpa_supplicant.dir/src/eap_peer/eap_tls_common.c.obj

[170/1031] Building C object esp-idf/wpa_supplicant/CMakeFiles/__idf_wpa_supplicant.dir/src/eap_peer/mschapv2.c.obj

[171/1031] Building C object esp-idf/wpa_supplicant/CMakeFiles/__idf_wpa_supplicant.dir/src/eap_peer/eap_ttls.c.obj

[172/1031] Building C object esp-idf/wpa_supplicant/CMakeFiles/__idf_wpa_supplicant.dir/src/eap_peer/eap_fast_common.c.obj

[173/1031] Building C object esp-idf/wpa_supplicant/CMakeFiles/__idf_wpa_supplicant.dir/src/rsn_supp/pmksa_cache.c.obj

[174/1031] Building C object esp-idf/wpa_supplicant/CMakeFiles/__idf_wpa_supplicant.dir/src/eap_peer/eap_fast.c.obj

[175/1031] Building C object esp-idf/wpa_supplicant/CMakeFiles/__idf_wpa_supplicant.dir/src/eap_peer/eap_fast_pac.c.obj

[176/1031] Building C object esp-idf/wpa_supplicant/CMakeFiles/__idf_wpa_supplicant.dir/src/rsn_supp/wpa_ie.c.obj

[177/1031] Building C object esp-idf/wpa_supplicant/CMakeFiles/__idf_wpa_supplicant.dir/src/rsn_supp/wpa.c.obj

[178/1031] Linking C static library esp-idf\esp_driver_dac\libesp_driver_dac.a

[179/1031] Building C object esp-idf/wpa_supplicant/CMakeFiles/__idf_wpa_supplicant.dir/src/utils/base64.c.obj

[180/1031] Building C object esp-idf/wpa_supplicant/CMakeFiles/__idf_wpa_supplicant.dir/src/utils/wpabuf.c.obj

[181/1031] Building C object esp-idf/wpa_supplicant/CMakeFiles/__idf_wpa_supplicant.dir/src/utils/wpa_debug.c.obj

[182/1031] Building C object esp-idf/wpa_supplicant/CMakeFiles/__idf_wpa_supplicant.dir/src/utils/ext_password.c.obj

[183/1031] Building C object esp-idf/wpa_supplicant/CMakeFiles/__idf_wpa_supplicant.dir/src/utils/uuid.c.obj

[184/1031] Building C object esp-idf/wpa_supplicant/CMakeFiles/__idf_wpa_supplicant.dir/src/utils/common.c.obj

[185/1031] Building C object esp-idf/wpa_supplicant/CMakeFiles/__idf_wpa_supplicant.dir/src/utils/json.c.obj

[186/1031] Building C object esp-idf/wpa_supplicant/CMakeFiles/__idf_wpa_supplicant.dir/esp_supplicant/src/esp_wpa2_api_port.c.obj

[187/1031] Building C object esp-idf/wpa_supplicant/CMakeFiles/__idf_wpa_supplicant.dir/src/wps/wps.c.obj

[188/1031] Building C object esp-idf/wpa_supplicant/CMakeFiles/__idf_wpa_supplicant.dir/src/wps/wps_attr_parse.c.obj

[189/1031] Linking C static library esp-idf\esp_driver_sdio\libesp_driver_sdio.a

[190/1031] Building C object esp-idf/wpa_supplicant/CMakeFiles/__idf_wpa_supplicant.dir/src/wps/wps_attr_build.c.obj

[191/1031] Building C object esp-idf/wpa_supplicant/CMakeFiles/__idf_wpa_supplicant.dir/src/wps/wps_attr_process.c.obj

[192/1031] Building C object esp-idf/wpa_supplicant/CMakeFiles/__idf_wpa_supplicant.dir/src/wps/wps_dev_attr.c.obj

[193/1031] Building C object esp-idf/wpa_supplicant/CMakeFiles/__idf_wpa_supplicant.dir/src/common/sae_pk.c.obj

[194/1031] Building C object esp-idf/wpa_supplicant/CMakeFiles/__idf_wpa_supplicant.dir/src/wps/wps_enrollee.c.obj

[195/1031] Building C object esp-idf/wpa_supplicant/CMakeFiles/__idf_wpa_supplicant.dir/src/wps/wps_common.c.obj

[196/1031] Building C object esp-idf/wpa_supplicant/CMakeFiles/__idf_wpa_supplicant.dir/esp_supplicant/src/esp_wpas_glue.c.obj

[197/1031] Building C object esp-idf/wpa_supplicant/CMakeFiles/__idf_wpa_supplicant.dir/esp_supplicant/src/esp_wpa_main.c.obj

[198/1031] Linking C static library esp-idf\esp_driver_sdspi\libesp_driver_sdspi.a

[199/1031] Building C object esp-idf/wpa_supplicant/CMakeFiles/__idf_wpa_supplicant.dir/esp_supplicant/src/esp_eap_client.c.obj

[200/1031] Building C object esp-idf/wpa_supplicant/CMakeFiles/__idf_wpa_supplicant.dir/esp_supplicant/src/esp_common.c.obj

[201/1031] Building C object esp-idf/wpa_supplicant/CMakeFiles/__idf_wpa_supplicant.dir/esp_supplicant/src/esp_owe.c.obj

[202/1031] Building C object esp-idf/wpa_supplicant/CMakeFiles/__idf_wpa_supplicant.dir/esp_supplicant/src/esp_wpa3.c.obj

[203/1031] Building C object esp-idf/wpa_supplicant/CMakeFiles/__idf_wpa_supplicant.dir/esp_supplicant/src/esp_wps.c.obj

[204/1031] Building C object esp-idf/wpa_supplicant/CMakeFiles/__idf_wpa_supplicant.dir/esp_supplicant/src/esp_hostap.c.obj

[205/1031] Building C object esp-idf/esp_netif/CMakeFiles/__idf_esp_netif.dir/esp_netif_objects.c.obj

[206/1031] Building C object esp-idf/wpa_supplicant/CMakeFiles/__idf_wpa_supplicant.dir/esp_supplicant/src/crypto/crypto_mbedtls-rsa.c.obj

[207/1031] Building C object esp-idf/wpa_supplicant/CMakeFiles/__idf_wpa_supplicant.dir/src/crypto/aes-wrap.c.obj

[208/1031] Building C object esp-idf/wpa_supplicant/CMakeFiles/__idf_wpa_supplicant.dir/src/crypto/rc4.c.obj

[209/1031] Building C object esp-idf/wpa_supplicant/CMakeFiles/__idf_wpa_supplicant.dir/esp_supplicant/src/crypto/crypto_mbedtls.c.obj

[210/1031] Linking C static library esp-idf\esp_driver_sdmmc\libesp_driver_sdmmc.a

[211/1031] Building C object esp-idf/wpa_supplicant/CMakeFiles/__idf_wpa_supplicant.dir/esp_supplicant/src/crypto/crypto_mbedtls-bignum.c.obj

[212/1031] Building C object esp-idf/wpa_supplicant/CMakeFiles/__idf_wpa_supplicant.dir/esp_supplicant/src/crypto/tls_mbedtls.c.obj

[213/1031] Building C object esp-idf/esp_netif/CMakeFiles/__idf_esp_netif.dir/esp_netif_defaults.c.obj

[214/1031] Building C object esp-idf/esp_netif/CMakeFiles/__idf_esp_netif.dir/esp_netif_handlers.c.obj

[215/1031] Building C object esp-idf/wpa_supplicant/CMakeFiles/__idf_wpa_supplicant.dir/src/crypto/des-internal.c.obj

[216/1031] Building C object esp-idf/wpa_supplicant/CMakeFiles/__idf_wpa_supplicant.dir/src/crypto/aes-unwrap.c.obj

[217/1031] Building C object esp-idf/wpa_supplicant/CMakeFiles/__idf_wpa_supplicant.dir/esp_supplicant/src/crypto/fastpbkdf2.c.obj

[218/1031] Building C object esp-idf/wpa_supplicant/CMakeFiles/__idf_wpa_supplicant.dir/esp_supplicant/src/crypto/crypto_mbedtls-ec.c.obj

[219/1031] Building C object esp-idf/wpa_supplicant/CMakeFiles/__idf_wpa_supplicant.dir/src/crypto/aes-ccm.c.obj

[220/1031] Linking C static library esp-idf\sdmmc\libsdmmc.a

[221/1031] Building C object esp-idf/esp_netif/CMakeFiles/__idf_esp_netif.dir/lwip/netif/esp_pbuf_ref.c.obj

[222/1031] Building C object esp-idf/esp_netif/CMakeFiles/__idf_esp_netif.dir/lwip/esp_netif_lwip_defaults.c.obj

[223/1031] Building C object esp-idf/esp_netif/CMakeFiles/__idf_esp_netif.dir/lwip/esp_netif_sntp.c.obj

[224/1031] Building C object esp-idf/esp_netif/CMakeFiles/__idf_esp_netif.dir/lwip/netif/wlanif.c.obj

[225/1031] Building C object esp-idf/esp_netif/CMakeFiles/__idf_esp_netif.dir/lwip/netif/ethernetif.c.obj

[226/1031] Building C object esp-idf/lwip/CMakeFiles/__idf_lwip.dir/lwip/src/api/if_api.c.obj

[227/1031] Linking C static library esp-idf\esp_driver_i2s\libesp_driver_i2s.a

[228/1031] Building C object esp-idf/lwip/CMakeFiles/__idf_lwip.dir/apps/sntp/sntp.c.obj

[229/1031] Building C object esp-idf/lwip/CMakeFiles/__idf_lwip.dir/lwip/src/api/err.c.obj

[230/1031] Building C object esp-idf/lwip/CMakeFiles/__idf_lwip.dir/lwip/src/api/netdb.c.obj

[231/1031] Building C object esp-idf/lwip/CMakeFiles/__idf_lwip.dir/lwip/src/api/api_lib.c.obj

[232/1031] Building C object esp-idf/lwip/CMakeFiles/__idf_lwip.dir/lwip/src/core/def.c.obj

[233/1031] Building C object esp-idf/lwip/CMakeFiles/__idf_lwip.dir/lwip/src/api/netifapi.c.obj

[234/1031] Building C object esp-idf/lwip/CMakeFiles/__idf_lwip.dir/lwip/src/api/netbuf.c.obj

[235/1031] Building C object esp-idf/lwip/CMakeFiles/__idf_lwip.dir/lwip/src/api/tcpip.c.obj

[236/1031] Building C object esp-idf/esp_netif/CMakeFiles/__idf_esp_netif.dir/lwip/esp_netif_lwip.c.obj

[237/1031] Building C object esp-idf/lwip/CMakeFiles/__idf_lwip.dir/lwip/src/apps/netbiosns/netbiosns.c.obj

[238/1031] Building C object esp-idf/lwip/CMakeFiles/__idf_lwip.dir/lwip/src/core/inet_chksum.c.obj

[239/1031] Building C object esp-idf/lwip/CMakeFiles/__idf_lwip.dir/lwip/src/apps/sntp/sntp.c.obj

[240/1031] Building C object esp-idf/lwip/CMakeFiles/__idf_lwip.dir/lwip/src/api/api_msg.c.obj

[241/1031] Building C object esp-idf/lwip/CMakeFiles/__idf_lwip.dir/lwip/src/core/dns.c.obj

[242/1031] Building C object esp-idf/lwip/CMakeFiles/__idf_lwip.dir/lwip/src/core/mem.c.obj

[243/1031] Building C object esp-idf/lwip/CMakeFiles/__idf_lwip.dir/lwip/src/api/sockets.c.obj

[244/1031] Building C object esp-idf/lwip/CMakeFiles/__idf_lwip.dir/lwip/src/core/init.c.obj

[245/1031] Building C object esp-idf/lwip/CMakeFiles/__idf_lwip.dir/lwip/src/core/ip.c.obj

[246/1031] Linking C static library esp-idf\esp_driver_mcpwm\libesp_driver_mcpwm.a

[247/1031] Building C object esp-idf/lwip/CMakeFiles/__idf_lwip.dir/lwip/src/core/memp.c.obj

[248/1031] Building C object esp-idf/lwip/CMakeFiles/__idf_lwip.dir/lwip/src/core/netif.c.obj

[249/1031] Building C object esp-idf/lwip/CMakeFiles/__idf_lwip.dir/lwip/src/core/stats.c.obj

[250/1031] Building C object esp-idf/lwip/CMakeFiles/__idf_lwip.dir/lwip/src/core/pbuf.c.obj

[251/1031] Building C object esp-idf/lwip/CMakeFiles/__idf_lwip.dir/lwip/src/core/sys.c.obj

[252/1031] Building C object esp-idf/lwip/CMakeFiles/__idf_lwip.dir/lwip/src/core/raw.c.obj

[253/1031] Building C object esp-idf/lwip/CMakeFiles/__idf_lwip.dir/lwip/src/core/ipv4/autoip.c.obj

[254/1031] Linking C static library esp-idf\esp_driver_pcnt\libesp_driver_pcnt.a

[255/1031] Building C object esp-idf/lwip/CMakeFiles/__idf_lwip.dir/lwip/src/core/timeouts.c.obj

[256/1031] Building C object esp-idf/lwip/CMakeFiles/__idf_lwip.dir/lwip/src/core/ipv4/icmp.c.obj

[257/1031] Building C object esp-idf/lwip/CMakeFiles/__idf_lwip.dir/lwip/src/core/ipv4/igmp.c.obj

[258/1031] Building C object esp-idf/lwip/CMakeFiles/__idf_lwip.dir/lwip/src/core/tcp.c.obj

[259/1031] Building C object esp-idf/lwip/CMakeFiles/__idf_lwip.dir/lwip/src/core/tcp_out.c.obj

[260/1031] Building C object esp-idf/lwip/CMakeFiles/__idf_lwip.dir/lwip/src/core/tcp_in.c.obj

[261/1031] Building C object esp-idf/lwip/CMakeFiles/__idf_lwip.dir/lwip/src/core/ipv4/etharp.c.obj

[262/1031] Building C object esp-idf/lwip/CMakeFiles/__idf_lwip.dir/lwip/src/core/ipv4/ip4_napt.c.obj

[263/1031] Building C object esp-idf/lwip/CMakeFiles/__idf_lwip.dir/lwip/src/core/ipv4/ip4.c.obj

[264/1031] Building C object esp-idf/lwip/CMakeFiles/__idf_lwip.dir/lwip/src/core/ipv4/dhcp.c.obj

[265/1031] Building C object esp-idf/lwip/CMakeFiles/__idf_lwip.dir/lwip/src/core/udp.c.obj

[266/1031] Building C object esp-idf/lwip/CMakeFiles/__idf_lwip.dir/lwip/src/core/ipv4/ip4_addr.c.obj

[267/1031] Building C object esp-idf/lwip/CMakeFiles/__idf_lwip.dir/lwip/src/core/ipv6/dhcp6.c.obj

[268/1031] Building C object esp-idf/lwip/CMakeFiles/__idf_lwip.dir/lwip/src/core/ipv4/ip4_frag.c.obj

[269/1031] Building C object esp-idf/lwip/CMakeFiles/__idf_lwip.dir/lwip/src/core/ipv6/ethip6.c.obj

[270/1031] Linking C static library esp-idf\esp_gdbstub\libesp_gdbstub.a

[271/1031] Building C object esp-idf/lwip/CMakeFiles/__idf_lwip.dir/lwip/src/core/ipv6/inet6.c.obj

[272/1031] Building C object esp-idf/lwip/CMakeFiles/__idf_lwip.dir/lwip/src/core/ipv6/ip6_frag.c.obj

[273/1031] Building C object esp-idf/lwip/CMakeFiles/__idf_lwip.dir/lwip/src/core/ipv6/icmp6.c.obj

[274/1031] Building C object esp-idf/lwip/CMakeFiles/__idf_lwip.dir/lwip/src/core/ipv6/ip6_addr.c.obj

[275/1031] Building C object esp-idf/lwip/CMakeFiles/__idf_lwip.dir/lwip/src/core/ipv6/ip6.c.obj

[276/1031] Building C object esp-idf/lwip/CMakeFiles/__idf_lwip.dir/lwip/src/netif/bridgeif.c.obj

[277/1031] Building C object esp-idf/lwip/CMakeFiles/__idf_lwip.dir/lwip/src/core/ipv6/mld6.c.obj

[278/1031] Building C object esp-idf/lwip/CMakeFiles/__idf_lwip.dir/lwip/src/netif/bridgeif_fdb.c.obj

[279/1031] Linking C static library esp-idf\esp_wifi\libesp_wifi.a

[280/1031] Building C object esp-idf/lwip/CMakeFiles/__idf_lwip.dir/lwip/src/netif/ppp/auth.c.obj

[281/1031] Building C object esp-idf/lwip/CMakeFiles/__idf_lwip.dir/lwip/src/netif/ppp/demand.c.obj

[282/1031] Building C object esp-idf/lwip/CMakeFiles/__idf_lwip.dir/lwip/src/netif/ppp/chap-md5.c.obj

[283/1031] Building C object esp-idf/lwip/CMakeFiles/__idf_lwip.dir/lwip/src/netif/slipif.c.obj

[284/1031] Building C object esp-idf/lwip/CMakeFiles/__idf_lwip.dir/lwip/src/netif/ethernet.c.obj

[285/1031] Building C object esp-idf/lwip/CMakeFiles/__idf_lwip.dir/lwip/src/netif/ppp/ccp.c.obj

[286/1031] Building C object esp-idf/lwip/CMakeFiles/__idf_lwip.dir/lwip/src/netif/ppp/chap_ms.c.obj

[287/1031] Building C object esp-idf/lwip/CMakeFiles/__idf_lwip.dir/lwip/src/netif/ppp/eui64.c.obj

[288/1031] Building C object esp-idf/lwip/CMakeFiles/__idf_lwip.dir/lwip/src/netif/ppp/chap-new.c.obj

[289/1031] Building C object esp-idf/lwip/CMakeFiles/__idf_lwip.dir/lwip/src/netif/ppp/ecp.c.obj

[290/1031] Building C object esp-idf/lwip/CMakeFiles/__idf_lwip.dir/lwip/src/netif/ppp/eap.c.obj

[291/1031] Building C object esp-idf/lwip/CMakeFiles/__idf_lwip.dir/lwip/src/core/ipv6/nd6.c.obj

[292/1031] Building C object esp-idf/lwip/CMakeFiles/__idf_lwip.dir/lwip/src/netif/ppp/fsm.c.obj

[293/1031] Linking C static library esp-idf\esp_coex\libesp_coex.a

[294/1031] Building C object esp-idf/lwip/CMakeFiles/__idf_lwip.dir/lwip/src/netif/ppp/ipcp.c.obj

[295/1031] Building C object esp-idf/lwip/CMakeFiles/__idf_lwip.dir/lwip/src/netif/ppp/mppe.c.obj

[296/1031] Building C object esp-idf/lwip/CMakeFiles/__idf_lwip.dir/lwip/src/netif/ppp/magic.c.obj

[297/1031] Building C object esp-idf/lwip/CMakeFiles/__idf_lwip.dir/lwip/src/netif/ppp/ipv6cp.c.obj

[298/1031] Building C object esp-idf/lwip/CMakeFiles/__idf_lwip.dir/lwip/src/netif/ppp/lcp.c.obj

[299/1031] Building C object esp-idf/lwip/CMakeFiles/__idf_lwip.dir/lwip/src/netif/ppp/ppp.c.obj

[300/1031] Building C object esp-idf/lwip/CMakeFiles/__idf_lwip.dir/lwip/src/netif/ppp/multilink.c.obj

[301/1031] Building C object esp-idf/lwip/CMakeFiles/__idf_lwip.dir/port/hooks/tcp_isn_default.c.obj

[302/1031] Building C object esp-idf/lwip/CMakeFiles/__idf_lwip.dir/lwip/src/netif/ppp/vj.c.obj

[303/1031] Building C object esp-idf/lwip/CMakeFiles/__idf_lwip.dir/lwip/src/netif/ppp/pppcrypt.c.obj

[304/1031] Building C object esp-idf/lwip/CMakeFiles/__idf_lwip.dir/lwip/src/netif/ppp/pppoe.c.obj

[305/1031] Building C object esp-idf/lwip/CMakeFiles/__idf_lwip.dir/lwip/src/netif/ppp/upap.c.obj

[306/1031] Building C object esp-idf/lwip/CMakeFiles/__idf_lwip.dir/lwip/src/netif/ppp/pppapi.c.obj

[307/1031] Building C object esp-idf/lwip/CMakeFiles/__idf_lwip.dir/lwip/src/netif/ppp/utils.c.obj

[308/1031] Building C object esp-idf/lwip/CMakeFiles/__idf_lwip.dir/lwip/src/netif/ppp/pppos.c.obj

[309/1031] Building C object esp-idf/lwip/CMakeFiles/__idf_lwip.dir/port/sockets_ext.c.obj

[310/1031] Building C object esp-idf/lwip/CMakeFiles/__idf_lwip.dir/port/freertos/sys_arch.c.obj

[311/1031] Building C object esp-idf/lwip/CMakeFiles/__idf_lwip.dir/port/debug/lwip_debug.c.obj

[312/1031] Building C object esp-idf/lwip/CMakeFiles/__idf_lwip.dir/lwip/src/netif/ppp/pppol2tp.c.obj

[313/1031] Linking C static library esp-idf\wpa_supplicant\libwpa_supplicant.a

[314/1031] Building C object esp-idf/lwip/CMakeFiles/__idf_lwip.dir/port/hooks/lwip_default_hooks.c.obj

[315/1031] Building C object esp-idf/lwip/CMakeFiles/__idf_lwip.dir/port/if_index.c.obj

[316/1031] Building C object esp-idf/lwip/CMakeFiles/__idf_lwip.dir/port/acd_dhcp_check.c.obj

[317/1031] Linking C static library esp-idf\esp_netif\libesp_netif.a

[318/1031] Building C object esp-idf/lwip/CMakeFiles/__idf_lwip.dir/apps/ping/esp_ping.c.obj

[319/1031] Building C object esp-idf/lwip/CMakeFiles/__idf_lwip.dir/apps/ping/ping.c.obj

[320/1031] Building C object esp-idf/lwip/CMakeFiles/__idf_lwip.dir/port/esp32xx/vfs_lwip.c.obj

[321/1031] Building C object esp-idf/esp_phy/CMakeFiles/__idf_esp_phy.dir/src/lib_printf.c.obj

[322/1031] Building C object esp-idf/esp_phy/CMakeFiles/__idf_esp_phy.dir/src/phy_common.c.obj

[323/1031] Building C object esp-idf/lwip/CMakeFiles/__idf_lwip.dir/lwip/src/netif/ppp/polarssl/arc4.c.obj

[324/1031] Building C object esp-idf/lwip/CMakeFiles/__idf_lwip.dir/lwip/src/netif/ppp/polarssl/md5.c.obj

[325/1031] Building C object esp-idf/lwip/CMakeFiles/__idf_lwip.dir/apps/ping/ping_sock.c.obj

[326/1031] Building C object esp-idf/lwip/CMakeFiles/__idf_lwip.dir/lwip/src/netif/ppp/polarssl/des.c.obj

[327/1031] Building C object esp-idf/lwip/CMakeFiles/__idf_lwip.dir/lwip/src/netif/ppp/polarssl/sha1.c.obj

[328/1031] Building C object esp-idf/esp_phy/CMakeFiles/__idf_esp_phy.dir/src/phy_override.c.obj

[329/1031] Building C object esp-idf/lwip/CMakeFiles/__idf_lwip.dir/lwip/src/netif/ppp/polarssl/md4.c.obj

[330/1031] Building C object esp-idf/esp_phy/CMakeFiles/__idf_esp_phy.dir/esp32/phy_init_data.c.obj

[331/1031] Building C object esp-idf/esp_vfs_console/CMakeFiles/__idf_esp_vfs_console.dir/vfs_console.c.obj

[332/1031] Building C object esp-idf/vfs/CMakeFiles/__idf_vfs.dir/vfs_semihost.c.obj

[333/1031] Building C object esp-idf/vfs/CMakeFiles/__idf_vfs.dir/nullfs.c.obj

[334/1031] Building C object esp-idf/vfs/CMakeFiles/__idf_vfs.dir/vfs_eventfd.c.obj

[335/1031] Building C object esp-idf/lwip/CMakeFiles/__idf_lwip.dir/apps/dhcpserver/dhcpserver.c.obj

[336/1031] Building C object esp-idf/vfs/CMakeFiles/__idf_vfs.dir/vfs.c.obj

[337/1031] Building C object esp-idf/esp_phy/CMakeFiles/__idf_esp_phy.dir/src/phy_init.c.obj

[338/1031] Building C object esp-idf/esp_phy/CMakeFiles/__idf_esp_phy.dir/src/btbb_init.c.obj

[339/1031] Building C object esp-idf/nvs_flash/CMakeFiles/__idf_nvs_flash.dir/src/nvs_bootloader_aes.c.obj

[340/1031] Building C object esp-idf/nvs_flash/CMakeFiles/__idf_nvs_flash.dir/src/nvs_bootloader_xts_aes.c.obj

[341/1031] Linking C static library esp-idf\lwip\liblwip.a

[342/1031] Building C object esp-idf/nvs_flash/CMakeFiles/__idf_nvs_flash.dir/src/nvs_bootloader.c.obj

[343/1031] Building C object esp-idf/esp_event/CMakeFiles/__idf_esp_event.dir/default_event_loop.c.obj

[344/1031] Linking C static library esp-idf\vfs\libvfs.a

[345/1031] Building C object esp-idf/esp_event/CMakeFiles/__idf_esp_event.dir/esp_event.c.obj

[346/1031] Building C object esp-idf/esp_event/CMakeFiles/__idf_esp_event.dir/esp_event_private.c.obj

[347/1031] Linking C static library esp-idf\esp_vfs_console\libesp_vfs_console.a

[348/1031] Building C object esp-idf/esp_driver_uart/CMakeFiles/__idf_esp_driver_uart.dir/src/uart_wakeup.c.obj

[349/1031] Building C object esp-idf/esp_psram/CMakeFiles/__idf_esp_psram.dir/system_layer/esp_psram_mspi.c.obj

[350/1031] Linking C static library esp-idf\esp_phy\libesp_phy.a

[351/1031] Building C object esp-idf/esp_driver_uart/CMakeFiles/__idf_esp_driver_uart.dir/src/uart_vfs.c.obj

[352/1031] Building C object esp-idf/esp_driver_spi/CMakeFiles/__idf_esp_driver_spi.dir/src/gpspi/spi_dma.c.obj

[353/1031] Building CXX object esp-idf/nvs_flash/CMakeFiles/__idf_nvs_flash.dir/src/nvs_platform.cpp.obj

[354/1031] Building C object esp-idf/esp_driver_uart/CMakeFiles/__idf_esp_driver_uart.dir/src/uart.c.obj

[355/1031] Building C object esp-idf/esp_driver_spi/CMakeFiles/__idf_esp_driver_spi.dir/src/gpspi/spi_common.c.obj

[356/1031] Building C object esp-idf/esp_driver_spi/CMakeFiles/__idf_esp_driver_spi.dir/src/gpspi/spi_slave.c.obj

[357/1031] Building C object esp-idf/esp_driver_spi/CMakeFiles/__idf_esp_driver_spi.dir/src/gpspi/spi_master.c.obj

[358/1031] Building C object esp-idf/esp_ringbuf/CMakeFiles/__idf_esp_ringbuf.dir/ringbuf.c.obj

[359/1031] Building C object esp-idf/esp_timer/CMakeFiles/__idf_esp_timer.dir/src/esp_timer_init.c.obj

[360/1031] Building C object esp-idf/esp_driver_gptimer/CMakeFiles/__idf_esp_driver_gptimer.dir/src/gptimer.c.obj

[361/1031] Building C object esp-idf/esp_timer/CMakeFiles/__idf_esp_timer.dir/src/system_time.c.obj

[362/1031] Building C object esp-idf/esp_driver_gptimer/CMakeFiles/__idf_esp_driver_gptimer.dir/src/gptimer_common.c.obj

[363/1031] Building C object esp-idf/esp_timer/CMakeFiles/__idf_esp_timer.dir/src/ets_timer_legacy.c.obj

[364/1031] Building C object esp-idf/esp_timer/CMakeFiles/__idf_esp_timer.dir/src/esp_timer.c.obj

[365/1031] Building CXX object esp-idf/nvs_flash/CMakeFiles/__idf_nvs_flash.dir/src/nvs_partition.cpp.obj

[366/1031] Building C object esp-idf/esp_timer/CMakeFiles/__idf_esp_timer.dir/src/esp_timer_impl_common.c.obj

[367/1031] Building CXX object esp-idf/nvs_flash/CMakeFiles/__idf_nvs_flash.dir/src/nvs_partition_lookup.cpp.obj

[368/1031] Building CXX object esp-idf/cxx/CMakeFiles/__idf_cxx.dir/cxx_exception_stubs.cpp.obj

[369/1031] Building CXX object esp-idf/cxx/CMakeFiles/__idf_cxx.dir/cxx_init.cpp.obj

[370/1031] Building C object esp-idf/esp_timer/CMakeFiles/__idf_esp_timer.dir/src/esp_timer_impl_lac.c.obj

[371/1031] Building C object esp-idf/pthread/CMakeFiles/__idf_pthread.dir/pthread_local_storage.c.obj

[372/1031] Building C object esp-idf/newlib/CMakeFiles/__idf_newlib.dir/src/init.c.obj

[373/1031] Building C object esp-idf/pthread/CMakeFiles/__idf_pthread.dir/pthread_cond_var.c.obj

[374/1031] Building C object esp-idf/pthread/CMakeFiles/__idf_pthread.dir/pthread_rwlock.c.obj

[375/1031] Building C object esp-idf/newlib/CMakeFiles/__idf_newlib.dir/src/assert.c.obj

[376/1031] Building C object esp-idf/newlib/CMakeFiles/__idf_newlib.dir/src/abort.c.obj

[377/1031] Building C object esp-idf/pthread/CMakeFiles/__idf_pthread.dir/pthread.c.obj

[378/1031] Building CXX object esp-idf/cxx/CMakeFiles/__idf_cxx.dir/cxx_guards.cpp.obj

[379/1031] Building C object esp-idf/pthread/CMakeFiles/__idf_pthread.dir/pthread_semaphore.c.obj

[380/1031] Building C object esp-idf/newlib/CMakeFiles/__idf_newlib.dir/src/heap.c.obj

[381/1031] Building C object esp-idf/newlib/CMakeFiles/__idf_newlib.dir/src/locks.c.obj

[382/1031] Building C object esp-idf/newlib/CMakeFiles/__idf_newlib.dir/src/random.c.obj

[383/1031] Building C object esp-idf/newlib/CMakeFiles/__idf_newlib.dir/src/poll.c.obj

[384/1031] Building C object esp-idf/newlib/CMakeFiles/__idf_newlib.dir/src/termios.c.obj

[385/1031] Building C object esp-idf/newlib/CMakeFiles/__idf_newlib.dir/src/pthread.c.obj

[386/1031] Building C object esp-idf/newlib/CMakeFiles/__idf_newlib.dir/src/getentropy.c.obj

[387/1031] Building C object esp-idf/newlib/CMakeFiles/__idf_newlib.dir/src/realpath.c.obj

[388/1031] Building C object esp-idf/newlib/CMakeFiles/__idf_newlib.dir/src/sysconf.c.obj

[389/1031] Building C object esp-idf/newlib/CMakeFiles/__idf_newlib.dir/src/scandir.c.obj

[390/1031] Building CXX object esp-idf/nvs_flash/CMakeFiles/__idf_nvs_flash.dir/src/nvs_item_hash_list.cpp.obj

[391/1031] Building CXX object esp-idf/nvs_flash/CMakeFiles/__idf_nvs_flash.dir/src/nvs_handle_locked.cpp.obj

[392/1031] Building CXX object esp-idf/nvs_flash/CMakeFiles/__idf_nvs_flash.dir/src/nvs_cxx_api.cpp.obj

[393/1031] Building CXX object esp-idf/nvs_flash/CMakeFiles/__idf_nvs_flash.dir/src/nvs_pagemanager.cpp.obj

[394/1031] Building CXX object esp-idf/nvs_flash/CMakeFiles/__idf_nvs_flash.dir/src/nvs_handle_simple.cpp.obj

[395/1031] Building CXX object esp-idf/nvs_flash/CMakeFiles/__idf_nvs_flash.dir/src/nvs_partition_manager.cpp.obj

[396/1031] Building C object esp-idf/newlib/CMakeFiles/__idf_newlib.dir/src/stdatomic.c.obj

[397/1031] Building CXX object esp-idf/nvs_flash/CMakeFiles/__idf_nvs_flash.dir/src/nvs_types.cpp.obj

[398/1031] Building CXX object esp-idf/nvs_flash/CMakeFiles/__idf_nvs_flash.dir/src/nvs_page.cpp.obj

[399/1031] Building CXX object esp-idf/nvs_flash/CMakeFiles/__idf_nvs_flash.dir/src/nvs_storage.cpp.obj

[400/1031] Building CXX object esp-idf/nvs_flash/CMakeFiles/__idf_nvs_flash.dir/src/nvs_encrypted_partition.cpp.obj

[401/1031] Building C object esp-idf/newlib/CMakeFiles/__idf_newlib.dir/src/time.c.obj

[402/1031] Building C object esp-idf/newlib/CMakeFiles/__idf_newlib.dir/src/syscalls.c.obj

[403/1031] Building C object esp-idf/newlib/CMakeFiles/__idf_newlib.dir/src/flockfile.c.obj

[404/1031] Building C object esp-idf/newlib/CMakeFiles/__idf_newlib.dir/src/reent_init.c.obj

[405/1031] Building C object esp-idf/newlib/CMakeFiles/__idf_newlib.dir/src/reent_syscalls.c.obj

[406/1031] Building C object esp-idf/newlib/CMakeFiles/__idf_newlib.dir/src/port/esp_time_impl.c.obj

[407/1031] Building CXX object esp-idf/nvs_flash/CMakeFiles/__idf_nvs_flash.dir/src/nvs_api.cpp.obj

[408/1031] Building C object esp-idf/newlib/CMakeFiles/__idf_newlib.dir/src/newlib_init.c.obj

[409/1031] Building C object esp-idf/freertos/CMakeFiles/__idf_freertos.dir/port_common.c.obj

[410/1031] Building ASM object esp-idf/freertos/CMakeFiles/__idf_freertos.dir/FreeRTOS-Kernel/portable/xtensa/portasm.S.obj

[411/1031] Building C object esp-idf/freertos/CMakeFiles/__idf_freertos.dir/heap_idf.c.obj

[412/1031] Building C object esp-idf/freertos/CMakeFiles/__idf_freertos.dir/FreeRTOS-Kernel/portable/xtensa/xtensa_init.c.obj

[413/1031] Building C object esp-idf/freertos/CMakeFiles/__idf_freertos.dir/app_startup.c.obj

[414/1031] Building C object esp-idf/freertos/CMakeFiles/__idf_freertos.dir/FreeRTOS-Kernel/list.c.obj

[415/1031] Building C object esp-idf/freertos/CMakeFiles/__idf_freertos.dir/port_systick.c.obj

[416/1031] Building C object esp-idf/freertos/CMakeFiles/__idf_freertos.dir/FreeRTOS-Kernel/portable/xtensa/xtensa_overlay_os_hook.c.obj

[417/1031] Building C object esp-idf/freertos/CMakeFiles/__idf_freertos.dir/FreeRTOS-Kernel/event_groups.c.obj

[418/1031] Building C object esp-idf/freertos/CMakeFiles/__idf_freertos.dir/FreeRTOS-Kernel/queue.c.obj

[419/1031] Building C object esp-idf/freertos/CMakeFiles/__idf_freertos.dir/FreeRTOS-Kernel/timers.c.obj

[420/1031] Building C object esp-idf/freertos/CMakeFiles/__idf_freertos.dir/FreeRTOS-Kernel/stream_buffer.c.obj

[421/1031] Building C object esp-idf/freertos/CMakeFiles/__idf_freertos.dir/esp_additions/freertos_compatibility.c.obj

[422/1031] Building C object esp-idf/freertos/CMakeFiles/__idf_freertos.dir/FreeRTOS-Kernel/portable/xtensa/port.c.obj

[423/1031] Building C object esp-idf/freertos/CMakeFiles/__idf_freertos.dir/esp_additions/idf_additions_event_groups.c.obj

[424/1031] Building C object esp-idf/esp_hw_support/CMakeFiles/__idf_esp_hw_support.dir/port/esp32/esp_cpu_intr.c.obj

[425/1031] Building C object esp-idf/esp_hw_support/CMakeFiles/__idf_esp_hw_support.dir/esp_memory_utils.c.obj

[426/1031] Building C object esp-idf/esp_hw_support/CMakeFiles/__idf_esp_hw_support.dir/cpu.c.obj

[427/1031] Building C object esp-idf/freertos/CMakeFiles/__idf_freertos.dir/esp_additions/idf_additions.c.obj

[428/1031] Building C object esp-idf/esp_hw_support/CMakeFiles/__idf_esp_hw_support.dir/port/esp32/cpu_region_protect.c.obj

[429/1031] Building C object esp-idf/freertos/CMakeFiles/__idf_freertos.dir/FreeRTOS-Kernel/tasks.c.obj

[430/1031] Linking C static library esp-idf\nvs_flash\libnvs_flash.a

[431/1031] Building C object esp-idf/esp_hw_support/CMakeFiles/__idf_esp_hw_support.dir/revision.c.obj

[432/1031] Building C object esp-idf/esp_hw_support/CMakeFiles/__idf_esp_hw_support.dir/hw_random.c.obj

[433/1031] Building C object esp-idf/esp_hw_support/CMakeFiles/__idf_esp_hw_support.dir/esp_gpio_reserve.c.obj

[434/1031] Building C object esp-idf/esp_hw_support/CMakeFiles/__idf_esp_hw_support.dir/mac_addr.c.obj

[435/1031] Building C object esp-idf/esp_hw_support/CMakeFiles/__idf_esp_hw_support.dir/clk_ctrl_os.c.obj

[436/1031] Building C object esp-idf/esp_hw_support/CMakeFiles/__idf_esp_hw_support.dir/port/esp32/io_mux.c.obj

[437/1031] Building C object esp-idf/esp_hw_support/CMakeFiles/__idf_esp_hw_support.dir/periph_ctrl.c.obj

[438/1031] Building C object esp-idf/esp_hw_support/CMakeFiles/__idf_esp_hw_support.dir/intr_alloc.c.obj

[439/1031] Linking C static library esp-idf\esp_event\libesp_event.a

[440/1031] Building C object esp-idf/esp_hw_support/CMakeFiles/__idf_esp_hw_support.dir/esp_clk.c.obj

[441/1031] Building C object esp-idf/esp_hw_support/CMakeFiles/__idf_esp_hw_support.dir/regi2c_ctrl.c.obj

[442/1031] Building C object esp-idf/esp_hw_support/CMakeFiles/__idf_esp_hw_support.dir/sar_periph_ctrl_common.c.obj

[443/1031] Building C object esp-idf/esp_hw_support/CMakeFiles/__idf_esp_hw_support.dir/rtc_module.c.obj

[444/1031] Building C object esp-idf/esp_hw_support/CMakeFiles/__idf_esp_hw_support.dir/sleep_mspi.c.obj

[445/1031] Building C object esp-idf/esp_hw_support/CMakeFiles/__idf_esp_hw_support.dir/dma/gdma_link.c.obj

[446/1031] Building C object esp-idf/esp_hw_support/CMakeFiles/__idf_esp_hw_support.dir/port/esp32/esp_clk_tree.c.obj

[447/1031] Building C object esp-idf/esp_hw_support/CMakeFiles/__idf_esp_hw_support.dir/dma/esp_dma_utils.c.obj

[448/1031] Building C object esp-idf/esp_hw_support/CMakeFiles/__idf_esp_hw_support.dir/clk_utils.c.obj

[449/1031] Building C object esp-idf/esp_hw_support/CMakeFiles/__idf_esp_hw_support.dir/port/esp_clk_tree_common.c.obj

[450/1031] Building C object esp-idf/esp_hw_support/CMakeFiles/__idf_esp_hw_support.dir/sleep_console.c.obj

[451/1031] Building C object esp-idf/esp_hw_support/CMakeFiles/__idf_esp_hw_support.dir/sleep_usb.c.obj

[452/1031] Building C object esp-idf/esp_hw_support/CMakeFiles/__idf_esp_hw_support.dir/spi_share_hw_ctrl.c.obj

[453/1031] Building C object esp-idf/esp_hw_support/CMakeFiles/__idf_esp_hw_support.dir/sleep_modem.c.obj

[454/1031] Building C object esp-idf/esp_hw_support/CMakeFiles/__idf_esp_hw_support.dir/adc_share_hw_ctrl.c.obj

[455/1031] Linking C static library esp-idf\esp_driver_uart\libesp_driver_uart.a

[456/1031] Building C object esp-idf/esp_hw_support/CMakeFiles/__idf_esp_hw_support.dir/spi_bus_lock.c.obj

[457/1031] Building C object esp-idf/esp_hw_support/CMakeFiles/__idf_esp_hw_support.dir/rtc_wdt.c.obj

[458/1031] Building C object esp-idf/esp_hw_support/CMakeFiles/__idf_esp_hw_support.dir/sleep_event.c.obj

[459/1031] Linking C static library esp-idf\esp_psram\libesp_psram.a

[460/1031] Building C object esp-idf/esp_security/CMakeFiles/__idf_esp_security.dir/src/esp_crypto_lock.c.obj

[461/1031] Building C object esp-idf/esp_hw_support/CMakeFiles/__idf_esp_hw_support.dir/mspi_timing_tuning/mspi_timing_tuning.c.obj

[462/1031] Building C object esp-idf/esp_hw_support/CMakeFiles/__idf_esp_hw_support.dir/port/esp32/chip_info.c.obj

[463/1031] Building C object esp-idf/soc/CMakeFiles/__idf_soc.dir/lldesc.c.obj

[464/1031] Building C object esp-idf/soc/CMakeFiles/__idf_soc.dir/dport_access_common.c.obj

[465/1031] Building C object esp-idf/esp_hw_support/CMakeFiles/__idf_esp_hw_support.dir/port/esp32/rtc_init.c.obj

[466/1031] Building C object esp-idf/esp_hw_support/CMakeFiles/__idf_esp_hw_support.dir/sleep_wake_stub.c.obj

[467/1031] Building C object esp-idf/esp_security/CMakeFiles/__idf_esp_security.dir/src/init.c.obj

[468/1031] Building C object esp-idf/esp_hw_support/CMakeFiles/__idf_esp_hw_support.dir/port/esp32/rtc_time.c.obj

[469/1031] Building C object esp-idf/esp_hw_support/CMakeFiles/__idf_esp_hw_support.dir/port/esp32/cache_sram_mmu.c.obj

[470/1031] Building C object esp-idf/esp_hw_support/CMakeFiles/__idf_esp_hw_support.dir/port/esp32/rtc_clk_init.c.obj

[471/1031] Building C object esp-idf/esp_security/CMakeFiles/__idf_esp_security.dir/src/esp_crypto_periph_clk.c.obj

[472/1031] Building C object esp-idf/esp_hw_support/CMakeFiles/__idf_esp_hw_support.dir/sleep_gpio.c.obj

[473/1031] Building C object esp-idf/esp_hw_support/CMakeFiles/__idf_esp_hw_support.dir/esp_clock_output.c.obj

[474/1031] Building C object esp-idf/esp_hw_support/CMakeFiles/__idf_esp_hw_support.dir/power_supply/brownout.c.obj

[475/1031] Building C object esp-idf/esp_hw_support/CMakeFiles/__idf_esp_hw_support.dir/port/esp32/sar_periph_ctrl.c.obj

[476/1031] Building C object esp-idf/esp_hw_support/CMakeFiles/__idf_esp_hw_support.dir/port/esp32/rtc_clk.c.obj

[477/1031] Building C object esp-idf/soc/CMakeFiles/__idf_soc.dir/esp32/interrupts.c.obj

[478/1031] Building C object esp-idf/esp_hw_support/CMakeFiles/__idf_esp_hw_support.dir/sleep_modes.c.obj

[479/1031] Linking C static library esp-idf\esp_driver_spi\libesp_driver_spi.a

[480/1031] Building C object esp-idf/esp_hw_support/CMakeFiles/__idf_esp_hw_support.dir/port/esp32/rtc_sleep.c.obj

[481/1031] Building C object esp-idf/soc/CMakeFiles/__idf_soc.dir/esp32/gpio_periph.c.obj

[482/1031] Building C object esp-idf/soc/CMakeFiles/__idf_soc.dir/esp32/dport_access.c.obj

[483/1031] Building C object esp-idf/soc/CMakeFiles/__idf_soc.dir/esp32/uart_periph.c.obj

[484/1031] Building C object esp-idf/soc/CMakeFiles/__idf_soc.dir/esp32/sdm_periph.c.obj

[485/1031] Building C object esp-idf/soc/CMakeFiles/__idf_soc.dir/esp32/emac_periph.c.obj

[486/1031] Building C object esp-idf/soc/CMakeFiles/__idf_soc.dir/esp32/pcnt_periph.c.obj

[487/1031] Building C object esp-idf/soc/CMakeFiles/__idf_soc.dir/esp32/rmt_periph.c.obj

[488/1031] Building C object esp-idf/soc/CMakeFiles/__idf_soc.dir/esp32/adc_periph.c.obj

[489/1031] Building C object esp-idf/soc/CMakeFiles/__idf_soc.dir/esp32/ledc_periph.c.obj

[490/1031] Building C object esp-idf/soc/CMakeFiles/__idf_soc.dir/esp32/spi_periph.c.obj

[491/1031] Building C object esp-idf/soc/CMakeFiles/__idf_soc.dir/esp32/lcd_periph.c.obj

[492/1031] Building C object esp-idf/soc/CMakeFiles/__idf_soc.dir/esp32/i2c_periph.c.obj

[493/1031] Building C object esp-idf/soc/CMakeFiles/__idf_soc.dir/esp32/touch_sensor_periph.c.obj

[494/1031] Building C object esp-idf/soc/CMakeFiles/__idf_soc.dir/esp32/mpi_periph.c.obj

[495/1031] Linking C static library esp-idf\esp_ringbuf\libesp_ringbuf.a

[496/1031] Building C object esp-idf/soc/CMakeFiles/__idf_soc.dir/esp32/i2s_periph.c.obj

[497/1031] Building C object esp-idf/soc/CMakeFiles/__idf_soc.dir/esp32/mcpwm_periph.c.obj

[498/1031] Building C object esp-idf/soc/CMakeFiles/__idf_soc.dir/esp32/timer_periph.c.obj

[499/1031] Building C object esp-idf/soc/CMakeFiles/__idf_soc.dir/esp32/sdmmc_periph.c.obj

[500/1031] Building C object esp-idf/soc/CMakeFiles/__idf_soc.dir/esp32/twai_periph.c.obj

[501/1031] Building C object esp-idf/soc/CMakeFiles/__idf_soc.dir/esp32/dac_periph.c.obj

[502/1031] Building C object esp-idf/soc/CMakeFiles/__idf_soc.dir/esp32/wdt_periph.c.obj

[503/1031] Building C object esp-idf/soc/CMakeFiles/__idf_soc.dir/esp32/rtc_io_periph.c.obj

[504/1031] Building C object esp-idf/soc/CMakeFiles/__idf_soc.dir/esp32/power_supply_periph.c.obj

[505/1031] Building C object esp-idf/soc/CMakeFiles/__idf_soc.dir/esp32/sdio_slave_periph.c.obj

[506/1031] Linking C static library esp-idf\esp_driver_gptimer\libesp_driver_gptimer.a

[507/1031] Building C object esp-idf/heap/CMakeFiles/__idf_heap.dir/port/memory_layout_utils.c.obj

[508/1031] Building C object esp-idf/heap/CMakeFiles/__idf_heap.dir/port/esp32/memory_layout.c.obj

[509/1031] Building C object esp-idf/log/CMakeFiles/__idf_log.dir/src/util.c.obj

[510/1031] Building C object esp-idf/log/CMakeFiles/__idf_log.dir/src/log_print.c.obj

[511/1031] Building C object esp-idf/heap/CMakeFiles/__idf_heap.dir/multi_heap.c.obj

[512/1031] Building C object esp-idf/log/CMakeFiles/__idf_log.dir/src/log_format_text.c.obj

[513/1031] Building C object esp-idf/heap/CMakeFiles/__idf_heap.dir/heap_caps_base.c.obj

[514/1031] Building C object esp-idf/heap/CMakeFiles/__idf_heap.dir/heap_caps_init.c.obj

[515/1031] Building C object esp-idf/log/CMakeFiles/__idf_log.dir/src/log_level/log_level.c.obj

[516/1031] Building C object esp-idf/log/CMakeFiles/__idf_log.dir/src/log.c.obj

[517/1031] Building C object esp-idf/log/CMakeFiles/__idf_log.dir/src/os/util.c.obj

[518/1031] Building C object esp-idf/log/CMakeFiles/__idf_log.dir/src/os/log_timestamp.c.obj

[519/1031] Building C object esp-idf/log/CMakeFiles/__idf_log.dir/src/buffer/log_buffers.c.obj

[520/1031] Building C object esp-idf/log/CMakeFiles/__idf_log.dir/src/os/log_lock.c.obj

[521/1031] Building C object esp-idf/heap/CMakeFiles/__idf_heap.dir/heap_caps.c.obj

[522/1031] Building C object esp-idf/heap/CMakeFiles/__idf_heap.dir/tlsf/tlsf.c.obj

[523/1031] Building C object esp-idf/log/CMakeFiles/__idf_log.dir/src/os/log_write.c.obj

[524/1031] Building C object esp-idf/log/CMakeFiles/__idf_log.dir/src/log_timestamp_common.c.obj

[525/1031] Linking C static library esp-idf\esp_timer\libesp_timer.a

[526/1031] Building C object esp-idf/log/CMakeFiles/__idf_log.dir/src/log_level/tag_log_level/tag_log_level.c.obj

[527/1031] Building C object esp-idf/log/CMakeFiles/__idf_log.dir/src/log_level/tag_log_level/linked_list/log_linked_list.c.obj

[528/1031] Building C object esp-idf/hal/CMakeFiles/__idf_hal.dir/hal_utils.c.obj

[529/1031] Building C object esp-idf/log/CMakeFiles/__idf_log.dir/src/log_level/tag_log_level/cache/log_binary_heap.c.obj

[530/1031] Linking C static library esp-idf\cxx\libcxx.a

[531/1031] Building C object esp-idf/hal/CMakeFiles/__idf_hal.dir/mpu_hal.c.obj

[532/1031] Building C object esp-idf/hal/CMakeFiles/__idf_hal.dir/wdt_hal_iram.c.obj

[533/1031] Building C object esp-idf/hal/CMakeFiles/__idf_hal.dir/esp32/efuse_hal.c.obj

[534/1031] Building C object esp-idf/hal/CMakeFiles/__idf_hal.dir/color_hal.c.obj

[535/1031] Building C object esp-idf/hal/CMakeFiles/__idf_hal.dir/efuse_hal.c.obj

[536/1031] Building C object esp-idf/hal/CMakeFiles/__idf_hal.dir/uart_hal.c.obj

[537/1031] Building C object esp-idf/hal/CMakeFiles/__idf_hal.dir/spi_flash_encrypt_hal_iram.c.obj

[538/1031] Building C object esp-idf/hal/CMakeFiles/__idf_hal.dir/esp32/cache_hal_esp32.c.obj

[539/1031] Building C object esp-idf/hal/CMakeFiles/__idf_hal.dir/timer_hal.c.obj

[540/1031] Building C object esp-idf/hal/CMakeFiles/__idf_hal.dir/ledc_hal.c.obj

[541/1031] Building C object esp-idf/hal/CMakeFiles/__idf_hal.dir/rtc_io_hal.c.obj

[542/1031] Building C object esp-idf/hal/CMakeFiles/__idf_hal.dir/uart_hal_iram.c.obj

[543/1031] Building C object esp-idf/hal/CMakeFiles/__idf_hal.dir/esp32/clk_tree_hal.c.obj

[544/1031] Building C object esp-idf/hal/CMakeFiles/__idf_hal.dir/ledc_hal_iram.c.obj

[545/1031] Building C object esp-idf/hal/CMakeFiles/__idf_hal.dir/mmu_hal.c.obj

[546/1031] Building C object esp-idf/hal/CMakeFiles/__idf_hal.dir/spi_flash_hal.c.obj

[547/1031] Building C object esp-idf/hal/CMakeFiles/__idf_hal.dir/spi_flash_hal_iram.c.obj

[548/1031] Building C object esp-idf/hal/CMakeFiles/__idf_hal.dir/gpio_hal.c.obj

[549/1031] Building C object esp-idf/hal/CMakeFiles/__idf_hal.dir/i2c_hal.c.obj

[550/1031] Linking C static library esp-idf\pthread\libpthread.a

[551/1031] Building C object esp-idf/hal/CMakeFiles/__idf_hal.dir/i2c_hal_iram.c.obj

[552/1031] Building C object esp-idf/hal/CMakeFiles/__idf_hal.dir/rmt_hal.c.obj

[553/1031] Building C object esp-idf/hal/CMakeFiles/__idf_hal.dir/pcnt_hal.c.obj

[554/1031] Building C object esp-idf/hal/CMakeFiles/__idf_hal.dir/brownout_hal.c.obj

[555/1031] Building C object esp-idf/hal/CMakeFiles/__idf_hal.dir/sdmmc_hal.c.obj

[556/1031] Building C object esp-idf/hal/CMakeFiles/__idf_hal.dir/sdm_hal.c.obj

[557/1031] Building C object esp-idf/hal/CMakeFiles/__idf_hal.dir/mcpwm_hal.c.obj

[558/1031] Building C object esp-idf/hal/CMakeFiles/__idf_hal.dir/i2s_hal.c.obj

[559/1031] Building C object esp-idf/hal/CMakeFiles/__idf_hal.dir/adc_hal_common.c.obj

[560/1031] Building C object esp-idf/hal/CMakeFiles/__idf_hal.dir/adc_oneshot_hal.c.obj

[561/1031] Building C object esp-idf/hal/CMakeFiles/__idf_hal.dir/emac_hal.c.obj

[562/1031] Linking C static library esp-idf\newlib\libnewlib.a

[563/1031] Building C object esp-idf/hal/CMakeFiles/__idf_hal.dir/mpi_hal.c.obj

[564/1031] Building C object esp-idf/hal/CMakeFiles/__idf_hal.dir/aes_hal.c.obj

[565/1031] Building C object esp-idf/hal/CMakeFiles/__idf_hal.dir/twai_hal_v1.c.obj

[566/1031] Building C object esp-idf/hal/CMakeFiles/__idf_hal.dir/adc_hal.c.obj

[567/1031] Building C object esp-idf/hal/CMakeFiles/__idf_hal.dir/spi_hal.c.obj

[568/1031] Building C object esp-idf/hal/CMakeFiles/__idf_hal.dir/sha_hal.c.obj

[569/1031] Building C object esp-idf/hal/CMakeFiles/__idf_hal.dir/spi_slave_hal_iram.c.obj

[570/1031] Building C object esp-idf/hal/CMakeFiles/__idf_hal.dir/esp32/touch_sensor_hal.c.obj

[571/1031] Building C object esp-idf/hal/CMakeFiles/__idf_hal.dir/spi_slave_hal.c.obj

[572/1031] Building C object esp-idf/hal/CMakeFiles/__idf_hal.dir/touch_sensor_hal.c.obj

[573/1031] Building C object esp-idf/hal/CMakeFiles/__idf_hal.dir/spi_hal_iram.c.obj

[574/1031] Building C object esp-idf/esp_rom/CMakeFiles/__idf_esp_rom.dir/patches/esp_rom_crc.c.obj

[575/1031] Building C object esp-idf/hal/CMakeFiles/__idf_hal.dir/sdio_slave_hal.c.obj

[576/1031] Building C object esp-idf/esp_rom/CMakeFiles/__idf_esp_rom.dir/patches/esp_rom_print.c.obj

[577/1031] Building C object esp-idf/hal/CMakeFiles/__idf_hal.dir/touch_sens_hal.c.obj

[578/1031] Linking C static library esp-idf\freertos\libfreertos.a

[579/1031] Building ASM object esp-idf/esp_rom/CMakeFiles/__idf_esp_rom.dir/patches/esp_rom_longjmp.S.obj

[580/1031] Building C object esp-idf/esp_rom/CMakeFiles/__idf_esp_rom.dir/patches/esp_rom_sys.c.obj

[581/1031] Building C object esp-idf/esp_rom/CMakeFiles/__idf_esp_rom.dir/patches/esp_rom_efuse.c.obj

[582/1031] Building C object esp-idf/esp_rom/CMakeFiles/__idf_esp_rom.dir/patches/esp_rom_gpio.c.obj

[583/1031] Building C object esp-idf/hal/CMakeFiles/__idf_hal.dir/esp32/gpio_hal_workaround.c.obj

[584/1031] Building C object esp-idf/esp_rom/CMakeFiles/__idf_esp_rom.dir/patches/esp_rom_uart.c.obj

[585/1031] Building C object esp-idf/esp_rom/CMakeFiles/__idf_esp_rom.dir/patches/esp_rom_spiflash.c.obj

[586/1031] Building C object esp-idf/esp_system/CMakeFiles/__idf_esp_system.dir/esp_system_console.c.obj

[587/1031] Building C object esp-idf/esp_system/CMakeFiles/__idf_esp_system.dir/esp_err.c.obj

[588/1031] Building C object esp-idf/esp_system/CMakeFiles/__idf_esp_system.dir/crosscore_int.c.obj

[589/1031] Building C object esp-idf/esp_system/CMakeFiles/__idf_esp_system.dir/esp_ipc.c.obj

[590/1031] Building C object esp-idf/esp_system/CMakeFiles/__idf_esp_system.dir/freertos_hooks.c.obj

[591/1031] Building C object esp-idf/esp_system/CMakeFiles/__idf_esp_system.dir/startup.c.obj

[592/1031] Building C object esp-idf/esp_system/CMakeFiles/__idf_esp_system.dir/esp_system.c.obj

[593/1031] Linking C static library esp-idf\esp_hw_support\libesp_hw_support.a

[594/1031] Building C object esp-idf/esp_system/CMakeFiles/__idf_esp_system.dir/panic.c.obj

[595/1031] Building C object esp-idf/esp_system/CMakeFiles/__idf_esp_system.dir/int_wdt.c.obj

[596/1031] Building C object esp-idf/esp_system/CMakeFiles/__idf_esp_system.dir/stack_check.c.obj

[597/1031] Building C object esp-idf/esp_system/CMakeFiles/__idf_esp_system.dir/system_time.c.obj

[598/1031] Building C object esp-idf/esp_system/CMakeFiles/__idf_esp_system.dir/ubsan.c.obj

[599/1031] Building C object esp-idf/esp_system/CMakeFiles/__idf_esp_system.dir/xt_wdt.c.obj

[600/1031] Building C object esp-idf/esp_system/CMakeFiles/__idf_esp_system.dir/port/panic_handler.c.obj

[601/1031] Building ASM object esp-idf/esp_system/CMakeFiles/__idf_esp_system.dir/port/arch/xtensa/esp_ipc_isr_handler.S.obj

[602/1031] Building C object esp-idf/esp_system/CMakeFiles/__idf_esp_system.dir/port/arch/xtensa/esp_ipc_isr_port.c.obj

[603/1031] Building C object esp-idf/esp_system/CMakeFiles/__idf_esp_system.dir/startup_funcs.c.obj

[604/1031] Building C object esp-idf/esp_system/CMakeFiles/__idf_esp_system.dir/task_wdt/task_wdt_impl_timergroup.c.obj

[605/1031] Building C object esp-idf/esp_system/CMakeFiles/__idf_esp_system.dir/port/image_process.c.obj

[606/1031] Building C object esp-idf/esp_system/CMakeFiles/__idf_esp_system.dir/port/esp_system_chip.c.obj

[607/1031] Building C object esp-idf/esp_system/CMakeFiles/__idf_esp_system.dir/task_wdt/task_wdt.c.obj

[608/1031] Linking C static library esp-idf\esp_security\libesp_security.a

[609/1031] Building ASM object esp-idf/esp_system/CMakeFiles/__idf_esp_system.dir/port/arch/xtensa/panic_handler_asm.S.obj

[610/1031] Building ASM object esp-idf/esp_system/CMakeFiles/__idf_esp_system.dir/port/arch/xtensa/esp_ipc_isr_routines.S.obj

[611/1031] Building ASM object esp-idf/esp_system/CMakeFiles/__idf_esp_system.dir/port/arch/xtensa/expression_with_stack_asm.S.obj

[612/1031] Building ASM object esp-idf/esp_system/CMakeFiles/__idf_esp_system.dir/port/arch/xtensa/debug_helpers_asm.S.obj

[613/1031] Building C object esp-idf/esp_system/CMakeFiles/__idf_esp_system.dir/port/esp_ipc_isr.c.obj

[614/1031] Building C object esp-idf/esp_system/CMakeFiles/__idf_esp_system.dir/port/arch/xtensa/panic_arch.c.obj

[615/1031] Building C object esp-idf/esp_system/CMakeFiles/__idf_esp_system.dir/port/cpu_start.c.obj

[616/1031] Building C object esp-idf/esp_system/CMakeFiles/__idf_esp_system.dir/port/arch/xtensa/debug_stubs.c.obj

[617/1031] Building C object esp-idf/esp_system/CMakeFiles/__idf_esp_system.dir/port/arch/xtensa/expression_with_stack.c.obj

[618/1031] Building C object esp-idf/spi_flash/CMakeFiles/__idf_spi_flash.dir/flash_brownout_hook.c.obj

[619/1031] Building ASM object esp-idf/esp_system/CMakeFiles/__idf_esp_system.dir/port/soc/esp32/highint_hdl.S.obj

[620/1031] Building C object esp-idf/esp_system/CMakeFiles/__idf_esp_system.dir/port/arch/xtensa/trax.c.obj

[621/1031] Building C object esp-idf/esp_system/CMakeFiles/__idf_esp_system.dir/port/soc/esp32/cache_err_int.c.obj

[622/1031] Building C object esp-idf/esp_common/CMakeFiles/__idf_esp_common.dir/src/esp_err_to_name.c.obj

[623/1031] Building C object esp-idf/esp_system/CMakeFiles/__idf_esp_system.dir/port/arch/xtensa/debug_helpers.c.obj

[624/1031] Linking C static library esp-idf\soc\libsoc.a

[625/1031] Building C object esp-idf/spi_flash/CMakeFiles/__idf_spi_flash.dir/spi_flash_chip_drivers.c.obj

[626/1031] Building C object esp-idf/esp_system/CMakeFiles/__idf_esp_system.dir/port/soc/esp32/reset_reason.c.obj

[627/1031] Building C object esp-idf/esp_system/CMakeFiles/__idf_esp_system.dir/port/soc/esp32/clk.c.obj

[628/1031] Building C object esp-idf/spi_flash/CMakeFiles/__idf_spi_flash.dir/spi_flash_chip_gd.c.obj

[629/1031] Building C object esp-idf/esp_system/CMakeFiles/__idf_esp_system.dir/port/soc/esp32/system_internal.c.obj

[630/1031] Building C object esp-idf/spi_flash/CMakeFiles/__idf_spi_flash.dir/spi_flash_chip_issi.c.obj

[631/1031] Building C object esp-idf/spi_flash/CMakeFiles/__idf_spi_flash.dir/spi_flash_chip_winbond.c.obj

[632/1031] Building C object esp-idf/spi_flash/CMakeFiles/__idf_spi_flash.dir/spi_flash_chip_mxic.c.obj

[633/1031] Building C object esp-idf/spi_flash/CMakeFiles/__idf_spi_flash.dir/spi_flash_chip_generic.c.obj

[634/1031] Building C object esp-idf/spi_flash/CMakeFiles/__idf_spi_flash.dir/spi_flash_chip_boya.c.obj

[635/1031] Building C object esp-idf/spi_flash/CMakeFiles/__idf_spi_flash.dir/spi_flash_chip_th.c.obj

[636/1031] Building C object esp-idf/spi_flash/CMakeFiles/__idf_spi_flash.dir/spi_flash_chip_mxic_opi.c.obj

[637/1031] Building C object esp-idf/spi_flash/CMakeFiles/__idf_spi_flash.dir/memspi_host_driver.c.obj

[638/1031] Linking C static library esp-idf\heap\libheap.a

[639/1031] Building C object esp-idf/spi_flash/CMakeFiles/__idf_spi_flash.dir/spi_flash_os_func_noos.c.obj

[640/1031] Building C object esp-idf/spi_flash/CMakeFiles/__idf_spi_flash.dir/spi_flash_wrap.c.obj

[641/1031] Building C object esp-idf/esp_mm/CMakeFiles/__idf_esp_mm.dir/port/esp32/ext_mem_layout.c.obj

[642/1031] Building C object esp-idf/spi_flash/CMakeFiles/__idf_spi_flash.dir/flash_mmap.c.obj

[643/1031] Building C object esp-idf/spi_flash/CMakeFiles/__idf_spi_flash.dir/cache_utils.c.obj

[644/1031] Building C object esp-idf/spi_flash/CMakeFiles/__idf_spi_flash.dir/spi_flash_os_func_app.c.obj

[645/1031] Building C object esp-idf/spi_flash/CMakeFiles/__idf_spi_flash.dir/flash_ops.c.obj

[646/1031] Building C object esp-idf/esp_mm/CMakeFiles/__idf_esp_mm.dir/cache_esp32.c.obj

[647/1031] Building C object esp-idf/spi_flash/CMakeFiles/__idf_spi_flash.dir/esp_flash_api.c.obj

[648/1031] Building C object esp-idf/esp_mm/CMakeFiles/__idf_esp_mm.dir/heap_align_hw.c.obj

[649/1031] Building C object esp-idf/spi_flash/CMakeFiles/__idf_spi_flash.dir/esp_flash_spi_init.c.obj

[650/1031] Building C object esp-idf/esp_mm/CMakeFiles/__idf_esp_mm.dir/esp_cache_utils.c.obj

[651/1031] Building C object esp-idf/esp_mm/CMakeFiles/__idf_esp_mm.dir/esp_cache_msync.c.obj

[652/1031] Linking C static library esp-idf\log\liblog.a

[653/1031] Building C object esp-idf/bootloader_support/CMakeFiles/__idf_bootloader_support.dir/src/bootloader_mem.c.obj

[654/1031] Building C object esp-idf/bootloader_support/CMakeFiles/__idf_bootloader_support.dir/src/bootloader_random.c.obj

[655/1031] Building C object esp-idf/bootloader_support/CMakeFiles/__idf_bootloader_support.dir/src/bootloader_clock_init.c.obj

[656/1031] Building C object esp-idf/esp_mm/CMakeFiles/__idf_esp_mm.dir/esp_mmu_map.c.obj

[657/1031] Building C object esp-idf/bootloader_support/CMakeFiles/__idf_bootloader_support.dir/src/bootloader_efuse.c.obj

[658/1031] Building C object esp-idf/bootloader_support/CMakeFiles/__idf_bootloader_support.dir/src/bootloader_common_loader.c.obj

[659/1031] Building C object esp-idf/bootloader_support/CMakeFiles/__idf_bootloader_support.dir/src/bootloader_common.c.obj

[660/1031] Building C object esp-idf/bootloader_support/CMakeFiles/__idf_bootloader_support.dir/src/flash_encrypt.c.obj

[661/1031] Building C object esp-idf/bootloader_support/CMakeFiles/__idf_bootloader_support.dir/src/secure_boot.c.obj

[662/1031] Building C object esp-idf/bootloader_support/CMakeFiles/__idf_bootloader_support.dir/src/bootloader_random_esp32.c.obj

[663/1031] Building C object esp-idf/bootloader_support/CMakeFiles/__idf_bootloader_support.dir/bootloader_flash/src/bootloader_flash.c.obj

[664/1031] Building C object esp-idf/bootloader_support/CMakeFiles/__idf_bootloader_support.dir/src/flash_partitions.c.obj

[665/1031] Building C object esp-idf/bootloader_support/CMakeFiles/__idf_bootloader_support.dir/bootloader_flash/src/flash_qio_mode.c.obj

[666/1031] Building C object esp-idf/efuse/CMakeFiles/__idf_efuse.dir/esp32/esp_efuse_table.c.obj

[667/1031] Linking C static library esp-idf\hal\libhal.a

[668/1031] Building C object esp-idf/efuse/CMakeFiles/__idf_efuse.dir/esp32/esp_efuse_utility.c.obj

[669/1031] Building C object esp-idf/bootloader_support/CMakeFiles/__idf_bootloader_support.dir/src/bootloader_sha.c.obj

[670/1031] Building C object esp-idf/bootloader_support/CMakeFiles/__idf_bootloader_support.dir/bootloader_flash/src/bootloader_flash_config_esp32.c.obj

[671/1031] Building C object esp-idf/efuse/CMakeFiles/__idf_efuse.dir/esp32/esp_efuse_fields.c.obj

[672/1031] Building C object esp-idf/bootloader_support/CMakeFiles/__idf_bootloader_support.dir/src/esp32/secure_boot_secure_features.c.obj

[673/1031] Building C object esp-idf/efuse/CMakeFiles/__idf_efuse.dir/src/efuse_controller/keys/without_key_purposes/three_key_blocks/esp_efuse_api_key.c.obj

[674/1031] Building C object esp-idf/bootloader_support/CMakeFiles/__idf_bootloader_support.dir/src/esp_image_format.c.obj

[675/1031] Building C object esp-idf/esp_bootloader_format/CMakeFiles/__idf_esp_bootloader_format.dir/esp_bootloader_desc.c.obj

[676/1031] Building C object esp-idf/app_update/CMakeFiles/__idf_app_update.dir/esp_ota_app_desc.c.obj

[677/1031] Building C object esp-idf/efuse/CMakeFiles/__idf_efuse.dir/src/esp_efuse_utility.c.obj

[678/1031] Building C object esp-idf/efuse/CMakeFiles/__idf_efuse.dir/src/esp_efuse_fields.c.obj

[679/1031] Building C object esp-idf/efuse/CMakeFiles/__idf_efuse.dir/src/esp_efuse_api.c.obj

[680/1031] Building C object esp-idf/efuse/CMakeFiles/__idf_efuse.dir/src/esp_efuse_startup.c.obj

[681/1031] Building C object esp-idf/bootloader_support/CMakeFiles/__idf_bootloader_support.dir/src/bootloader_utility.c.obj

[682/1031] Building C object esp-idf/esp_partition/CMakeFiles/__idf_esp_partition.dir/partition_target.c.obj

[683/1031] Linking C static library esp-idf\esp_rom\libesp_rom.a

[684/1031] Building C object esp-idf/esp_partition/CMakeFiles/__idf_esp_partition.dir/partition.c.obj

[685/1031] Building C object esp-idf/mbedtls/mbedtls/library/CMakeFiles/mbedtls.dir/debug.c.obj

[686/1031] Building C object esp-idf/mbedtls/mbedtls/library/CMakeFiles/mbedtls.dir/mps_trace.c.obj

[687/1031] Building C object esp-idf/esp_app_format/CMakeFiles/__idf_esp_app_format.dir/esp_app_desc.c.obj

[688/1031] Building C object esp-idf/mbedtls/mbedtls/library/CMakeFiles/mbedtls.dir/mps_reader.c.obj

[689/1031] Building C object esp-idf/app_update/CMakeFiles/__idf_app_update.dir/esp_ota_ops.c.obj

[690/1031] Building C object esp-idf/mbedtls/mbedtls/library/CMakeFiles/mbedtls.dir/ssl_tls13_keys.c.obj

[691/1031] Linking C static library esp-idf\esp_common\libesp_common.a

[692/1031] Building C object esp-idf/mbedtls/mbedtls/library/CMakeFiles/mbedtls.dir/ssl_debug_helpers_generated.c.obj

[693/1031] Building C object esp-idf/mbedtls/mbedtls/library/CMakeFiles/mbedtls.dir/ssl_ciphersuites.c.obj

[694/1031] Building C object esp-idf/mbedtls/mbedtls/library/CMakeFiles/mbedtls.dir/ssl_tls13_server.c.obj

[695/1031] Building C object esp-idf/mbedtls/mbedtls/library/CMakeFiles/mbedtls.dir/ssl_cache.c.obj

[696/1031] Building C object esp-idf/mbedtls/mbedtls/library/CMakeFiles/mbedtls.dir/ssl_tls13_client.c.obj

[697/1031] Building C object esp-idf/mbedtls/mbedtls/library/CMakeFiles/mbedtls.dir/ssl_client.c.obj

[698/1031] Building C object esp-idf/mbedtls/mbedtls/library/CMakeFiles/mbedtls.dir/ssl_cookie.c.obj

[699/1031] Building C object esp-idf/mbedtls/mbedtls/library/CMakeFiles/mbedtls.dir/ssl_tls13_generic.c.obj

[700/1031] Building C object esp-idf/mbedtls/mbedtls/library/CMakeFiles/mbedtls.dir/C_/Espressif/frameworks/esp-idf-v5.5.4/components/mbedtls/port/esp_platform_time.c.obj

[701/1031] Building C object esp-idf/mbedtls/mbedtls/library/CMakeFiles/mbedtls.dir/C_/Espressif/frameworks/esp-idf-v5.5.4/components/mbedtls/port/mbedtls_debug.c.obj

[702/1031] Building C object esp-idf/mbedtls/mbedtls/library/CMakeFiles/mbedtls.dir/ssl_ticket.c.obj

[703/1031] Building C object esp-idf/mbedtls/mbedtls/library/CMakeFiles/mbedtls.dir/ssl_tls12_client.c.obj

[704/1031] Building C object esp-idf/mbedtls/mbedtls/library/CMakeFiles/mbedtls.dir/ssl_tls12_server.c.obj

[705/1031] Building C object esp-idf/mbedtls/mbedtls/library/CMakeFiles/mbedtls.dir/ssl_msg.c.obj

[706/1031] Building C object esp-idf/mbedtls/mbedtls/library/CMakeFiles/mbedtls.dir/ssl_tls.c.obj

[707/1031] Building C object esp-idf/mbedtls/mbedtls/library/CMakeFiles/mbedx509.dir/pkcs7.c.obj

[708/1031] Linking C static library esp-idf\esp_system\libesp_system.a

[709/1031] Building C object esp-idf/mbedtls/mbedtls/library/CMakeFiles/mbedx509.dir/x509_create.c.obj

[710/1031] Building C object esp-idf/mbedtls/mbedtls/library/CMakeFiles/mbedx509.dir/x509_crl.c.obj

[711/1031] Building C object esp-idf/mbedtls/mbedtls/library/CMakeFiles/mbedx509.dir/x509_csr.c.obj

[712/1031] Building C object esp-idf/mbedtls/mbedtls/library/CMakeFiles/mbedx509.dir/x509.c.obj

[713/1031] Building C object esp-idf/mbedtls/mbedtls/library/CMakeFiles/mbedcrypto.dir/aesce.c.obj

[714/1031] Building C object esp-idf/mbedtls/mbedtls/library/CMakeFiles/mbedtls.dir/C_/Espressif/frameworks/esp-idf-v5.5.4/components/mbedtls/port/net_sockets.c.obj

[715/1031] Building C object esp-idf/mbedtls/mbedtls/library/CMakeFiles/mbedcrypto.dir/aesni.c.obj

[716/1031] Building C object esp-idf/mbedtls/mbedtls/library/CMakeFiles/mbedx509.dir/x509write.c.obj

[717/1031] Building C object esp-idf/mbedtls/mbedtls/library/CMakeFiles/mbedx509.dir/x509write_csr.c.obj

[718/1031] Building C object esp-idf/mbedtls/mbedtls/library/CMakeFiles/mbedcrypto.dir/aes.c.obj

[719/1031] Building C object esp-idf/mbedtls/mbedtls/library/CMakeFiles/mbedx509.dir/x509write_crt.c.obj

[720/1031] Linking C static library esp-idf\spi_flash\libspi_flash.a

[721/1031] Building C object esp-idf/mbedtls/mbedtls/library/CMakeFiles/mbedcrypto.dir/asn1write.c.obj

[722/1031] Building C object esp-idf/mbedtls/mbedtls/library/CMakeFiles/mbedcrypto.dir/aria.c.obj

[723/1031] Building C object esp-idf/mbedtls/mbedtls/library/CMakeFiles/mbedcrypto.dir/bignum_mod.c.obj

[724/1031] Building C object esp-idf/mbedtls/mbedtls/library/CMakeFiles/mbedcrypto.dir/asn1parse.c.obj

[725/1031] Building C object esp-idf/mbedtls/mbedtls/library/CMakeFiles/mbedcrypto.dir/base64.c.obj

[726/1031] Building C object esp-idf/mbedtls/mbedtls/library/CMakeFiles/mbedcrypto.dir/bignum_mod_raw.c.obj

[727/1031] Building C object esp-idf/mbedtls/mbedtls/library/CMakeFiles/mbedx509.dir/x509_crt.c.obj

[728/1031] Building C object esp-idf/mbedtls/mbedtls/library/CMakeFiles/mbedcrypto.dir/camellia.c.obj

[729/1031] Building C object esp-idf/mbedtls/mbedtls/library/CMakeFiles/mbedcrypto.dir/bignum_core.c.obj

[730/1031] Building C object esp-idf/mbedtls/mbedtls/library/CMakeFiles/mbedcrypto.dir/block_cipher.c.obj

[731/1031] Building C object esp-idf/mbedtls/mbedtls/library/CMakeFiles/mbedcrypto.dir/bignum.c.obj

[732/1031] Building C object esp-idf/mbedtls/mbedtls/library/CMakeFiles/mbedcrypto.dir/chachapoly.c.obj

[733/1031] Building C object esp-idf/mbedtls/mbedtls/library/CMakeFiles/mbedcrypto.dir/chacha20.c.obj

[734/1031] Building C object esp-idf/mbedtls/mbedtls/library/CMakeFiles/mbedcrypto.dir/ccm.c.obj

[735/1031] Linking C static library esp-idf\esp_mm\libesp_mm.a

[736/1031] Building C object esp-idf/mbedtls/mbedtls/library/CMakeFiles/mbedcrypto.dir/constant_time.c.obj

[737/1031] Building C object esp-idf/mbedtls/mbedtls/library/CMakeFiles/mbedcrypto.dir/des.c.obj

[738/1031] Building C object esp-idf/mbedtls/mbedtls/library/CMakeFiles/mbedcrypto.dir/cipher_wrap.c.obj

[739/1031] Building C object esp-idf/mbedtls/mbedtls/library/CMakeFiles/mbedcrypto.dir/cipher.c.obj

[740/1031] Building C object esp-idf/mbedtls/mbedtls/library/CMakeFiles/mbedcrypto.dir/dhm.c.obj

[741/1031] Building C object esp-idf/mbedtls/mbedtls/library/CMakeFiles/mbedcrypto.dir/cmac.c.obj

[742/1031] Building C object esp-idf/mbedtls/mbedtls/library/CMakeFiles/mbedcrypto.dir/ecp_curves_new.c.obj

[743/1031] Building C object esp-idf/mbedtls/mbedtls/library/CMakeFiles/mbedcrypto.dir/ecjpake.c.obj

[744/1031] Building C object esp-idf/mbedtls/mbedtls/library/CMakeFiles/mbedcrypto.dir/ctr_drbg.c.obj

[745/1031] Building C object esp-idf/mbedtls/mbedtls/library/CMakeFiles/mbedcrypto.dir/ecdh.c.obj

[746/1031] Building C object esp-idf/mbedtls/mbedtls/library/CMakeFiles/mbedcrypto.dir/ecdsa.c.obj

[747/1031] Building C object esp-idf/mbedtls/mbedtls/library/CMakeFiles/mbedcrypto.dir/entropy.c.obj

[748/1031] Building C object esp-idf/mbedtls/mbedtls/library/CMakeFiles/mbedcrypto.dir/entropy_poll.c.obj

[749/1031] Linking C static library esp-idf\bootloader_support\libbootloader_support.a

[750/1031] Building C object esp-idf/mbedtls/mbedtls/library/CMakeFiles/mbedcrypto.dir/ecp_curves.c.obj

[751/1031] Building C object esp-idf/mbedtls/mbedtls/library/CMakeFiles/mbedcrypto.dir/hkdf.c.obj

[752/1031] Building C object esp-idf/mbedtls/mbedtls/library/CMakeFiles/mbedcrypto.dir/error.c.obj

[753/1031] Building C object esp-idf/mbedtls/mbedtls/library/CMakeFiles/mbedcrypto.dir/gcm.c.obj

[754/1031] Building C object esp-idf/mbedtls/mbedtls/library/CMakeFiles/mbedcrypto.dir/lmots.c.obj

[755/1031] Building C object esp-idf/mbedtls/mbedtls/library/CMakeFiles/mbedcrypto.dir/ecp.c.obj

[756/1031] Building C object esp-idf/mbedtls/mbedtls/library/CMakeFiles/mbedcrypto.dir/hmac_drbg.c.obj

[757/1031] Building C object esp-idf/mbedtls/mbedtls/library/CMakeFiles/mbedcrypto.dir/lms.c.obj

[758/1031] Building C object esp-idf/mbedtls/mbedtls/library/CMakeFiles/mbedcrypto.dir/md5.c.obj

[759/1031] Building C object esp-idf/mbedtls/mbedtls/library/CMakeFiles/mbedcrypto.dir/nist_kw.c.obj

[760/1031] Building C object esp-idf/mbedtls/mbedtls/library/CMakeFiles/mbedcrypto.dir/memory_buffer_alloc.c.obj

[761/1031] Building C object esp-idf/mbedtls/mbedtls/library/CMakeFiles/mbedcrypto.dir/padlock.c.obj

[762/1031] Linking C static library esp-idf\efuse\libefuse.a

[763/1031] Building C object esp-idf/mbedtls/mbedtls/library/CMakeFiles/mbedcrypto.dir/pem.c.obj

[764/1031] Building C object esp-idf/mbedtls/mbedtls/library/CMakeFiles/mbedcrypto.dir/md.c.obj

[765/1031] Building C object esp-idf/mbedtls/mbedtls/library/CMakeFiles/mbedcrypto.dir/pk_ecc.c.obj

[766/1031] Building C object esp-idf/mbedtls/mbedtls/library/CMakeFiles/mbedcrypto.dir/oid.c.obj

[767/1031] Building C object esp-idf/mbedtls/mbedtls/library/CMakeFiles/mbedcrypto.dir/pk.c.obj

[768/1031] Building C object esp-idf/mbedtls/mbedtls/library/CMakeFiles/mbedcrypto.dir/pk_wrap.c.obj

[769/1031] Building C object esp-idf/mbedtls/mbedtls/library/CMakeFiles/mbedcrypto.dir/pkcs12.c.obj

[770/1031] Building C object esp-idf/mbedtls/mbedtls/library/CMakeFiles/mbedcrypto.dir/pkwrite.c.obj

[771/1031] Building C object esp-idf/mbedtls/mbedtls/library/CMakeFiles/mbedcrypto.dir/platform.c.obj

[772/1031] Linking C static library esp-idf\esp_partition\libesp_partition.a

[773/1031] Building C object esp-idf/mbedtls/mbedtls/library/CMakeFiles/mbedcrypto.dir/pkcs5.c.obj

[774/1031] Building C object esp-idf/mbedtls/mbedtls/library/CMakeFiles/mbedcrypto.dir/poly1305.c.obj

[775/1031] Building C object esp-idf/mbedtls/mbedtls/library/CMakeFiles/mbedcrypto.dir/pkparse.c.obj

[776/1031] Building C object esp-idf/mbedtls/mbedtls/library/CMakeFiles/mbedcrypto.dir/platform_util.c.obj

[777/1031] Building C object esp-idf/mbedtls/mbedtls/library/CMakeFiles/mbedcrypto.dir/psa_crypto_aead.c.obj

[778/1031] Building C object esp-idf/mbedtls/mbedtls/library/CMakeFiles/mbedcrypto.dir/psa_crypto_cipher.c.obj

[779/1031] Building C object esp-idf/mbedtls/mbedtls/library/CMakeFiles/mbedcrypto.dir/psa_crypto_client.c.obj

[780/1031] Building C object esp-idf/mbedtls/mbedtls/library/CMakeFiles/mbedcrypto.dir/psa_crypto_hash.c.obj

[781/1031] Linking C static library esp-idf\app_update\libapp_update.a

[782/1031] Building C object esp-idf/mbedtls/mbedtls/library/CMakeFiles/mbedcrypto.dir/psa_crypto_driver_wrappers_no_static.c.obj

[783/1031] Building C object esp-idf/mbedtls/mbedtls/library/CMakeFiles/mbedcrypto.dir/psa_crypto_se.c.obj

[784/1031] Building C object esp-idf/mbedtls/mbedtls/library/CMakeFiles/mbedcrypto.dir/psa_crypto_ffdh.c.obj

[785/1031] Building C object esp-idf/mbedtls/mbedtls/library/CMakeFiles/mbedcrypto.dir/psa_crypto_ecp.c.obj

[786/1031] Building C object esp-idf/mbedtls/mbedtls/library/CMakeFiles/mbedcrypto.dir/psa_crypto_mac.c.obj

[787/1031] Building C object esp-idf/mbedtls/mbedtls/library/CMakeFiles/mbedcrypto.dir/psa_crypto_pake.c.obj

[788/1031] Building C object esp-idf/mbedtls/mbedtls/library/CMakeFiles/mbedcrypto.dir/ripemd160.c.obj

[789/1031] Building C object esp-idf/mbedtls/mbedtls/library/CMakeFiles/mbedcrypto.dir/psa_crypto_rsa.c.obj

[790/1031] Building C object esp-idf/mbedtls/mbedtls/library/CMakeFiles/mbedcrypto.dir/psa_crypto_storage.c.obj

[791/1031] Linking C static library esp-idf\esp_bootloader_format\libesp_bootloader_format.a

[792/1031] Building C object esp-idf/mbedtls/mbedtls/library/CMakeFiles/mbedcrypto.dir/psa_its_file.c.obj

[793/1031] Building C object esp-idf/mbedtls/mbedtls/library/CMakeFiles/mbedcrypto.dir/psa_util.c.obj

[794/1031] Building C object esp-idf/mbedtls/mbedtls/library/CMakeFiles/mbedcrypto.dir/rsa_alt_helpers.c.obj

[795/1031] Building C object esp-idf/mbedtls/mbedtls/library/CMakeFiles/mbedcrypto.dir/psa_crypto_slot_management.c.obj

[796/1031] Building C object esp-idf/mbedtls/mbedtls/library/CMakeFiles/mbedcrypto.dir/sha1.c.obj

[797/1031] Building C object esp-idf/mbedtls/mbedtls/library/CMakeFiles/mbedcrypto.dir/sha256.c.obj

[798/1031] Building C object esp-idf/mbedtls/mbedtls/library/CMakeFiles/mbedcrypto.dir/threading.c.obj

[799/1031] Building C object esp-idf/mbedtls/mbedtls/library/CMakeFiles/mbedcrypto.dir/version.c.obj

[800/1031] Building C object esp-idf/mbedtls/mbedtls/library/CMakeFiles/mbedcrypto.dir/sha3.c.obj

[801/1031] Building C object esp-idf/mbedtls/mbedtls/library/CMakeFiles/mbedcrypto.dir/timing.c.obj

[802/1031] Building C object esp-idf/mbedtls/mbedtls/library/CMakeFiles/mbedcrypto.dir/C_/Espressif/frameworks/esp-idf-v5.5.4/components/mbedtls/port/esp_mem.c.obj

[803/1031] Building C object esp-idf/mbedtls/mbedtls/library/CMakeFiles/mbedcrypto.dir/sha512.c.obj

[804/1031] Building C object esp-idf/mbedtls/mbedtls/library/CMakeFiles/mbedcrypto.dir/psa_crypto.c.obj

[805/1031] Building C object esp-idf/mbedtls/mbedtls/library/CMakeFiles/mbedcrypto.dir/version_features.c.obj

[806/1031] Building C object esp-idf/mbedtls/mbedtls/library/CMakeFiles/mbedcrypto.dir/C_/Espressif/frameworks/esp-idf-v5.5.4/components/mbedtls/port/esp_hardware.c.obj

[807/1031] Building C object esp-idf/mbedtls/mbedtls/library/CMakeFiles/mbedcrypto.dir/rsa.c.obj

[808/1031] Linking C static library esp-idf\esp_app_format\libesp_app_format.a

[809/1031] Building C object esp-idf/mbedtls/mbedtls/library/CMakeFiles/mbedcrypto.dir/C_/Espressif/frameworks/esp-idf-v5.5.4/components/mbedtls/port/esp_timing.c.obj

[810/1031] Building C object esp-idf/mbedtls/mbedtls/library/CMakeFiles/mbedcrypto.dir/C_/Espressif/frameworks/esp-idf-v5.5.4/components/mbedtls/port/aes/esp_aes_xts.c.obj

[811/1031] Creating directories for 'bootloader'

[812/1031] Building C object esp-idf/mbedtls/mbedtls/library/CMakeFiles/mbedcrypto.dir/C_/Espressif/frameworks/esp-idf-v5.5.4/components/mbedtls/port/aes/esp_aes_common.c.obj

[813/1031] Building C object esp-idf/mbedtls/mbedtls/library/CMakeFiles/mbedcrypto.dir/C_/Espressif/frameworks/esp-idf-v5.5.4/components/mbedtls/port/sha/esp_sha.c.obj

[814/1031] Building C object esp-idf/mbedtls/mbedtls/library/CMakeFiles/mbedcrypto.dir/C_/Espressif/frameworks/esp-idf-v5.5.4/components/mbedtls/port/bignum/bignum_alt.c.obj

[815/1031] No download step for 'bootloader'

[816/1031] Linking CXX static library esp-idf\mbedtls\mbedtls\library\libmbedtls.a

[817/1031] Building C object esp-idf/mbedtls/mbedtls/library/CMakeFiles/mbedcrypto.dir/C_/Espressif/frameworks/esp-idf-v5.5.4/components/mbedtls/port/sha/parallel_engine/esp_sha1.c.obj

[818/1031] Building C object esp-idf/mbedtls/mbedtls/3rdparty/everest/CMakeFiles/everest.dir/library/x25519.c.obj

[819/1031] Building C object esp-idf/mbedtls/mbedtls/library/CMakeFiles/mbedcrypto.dir/C_/Espressif/frameworks/esp-idf-v5.5.4/components/mbedtls/port/md/esp_md.c.obj

[820/1031] Building C object esp-idf/mbedtls/mbedtls/library/CMakeFiles/mbedcrypto.dir/C_/Espressif/frameworks/esp-idf-v5.5.4/components/mbedtls/port/bignum/esp_bignum.c.obj

[821/1031] Building C object esp-idf/mbedtls/mbedtls/library/CMakeFiles/mbedcrypto.dir/C_/Espressif/frameworks/esp-idf-v5.5.4/components/mbedtls/port/sha/parallel_engine/sha.c.obj

[822/1031] Building C object esp-idf/mbedtls/mbedtls/library/CMakeFiles/mbedcrypto.dir/C_/Espressif/frameworks/esp-idf-v5.5.4/components/mbedtls/port/sha/parallel_engine/esp_sha512.c.obj

[823/1031] Building C object esp-idf/mbedtls/mbedtls/library/CMakeFiles/mbedcrypto.dir/C_/Espressif/frameworks/esp-idf-v5.5.4/components/mbedtls/port/aes/esp_aes_gcm.c.obj

[824/1031] Building C object esp-idf/mbedtls/mbedtls/3rdparty/everest/CMakeFiles/everest.dir/library/Hacl_Curve25519_joined.c.obj

[825/1031] Building C object esp-idf/mbedtls/mbedtls/library/CMakeFiles/mbedcrypto.dir/C_/Espressif/frameworks/esp-idf-v5.5.4/components/mbedtls/port/aes/block/esp_aes.c.obj

[826/1031] No update step for 'bootloader'

[827/1031] Building C object esp-idf/mbedtls/mbedtls/library/CMakeFiles/mbedcrypto.dir/C_/Espressif/frameworks/esp-idf-v5.5.4/components/mbedtls/port/sha/parallel_engine/esp_sha256.c.obj

[828/1031] Building C object esp-idf/mbedtls/mbedtls/3rdparty/p256-m/CMakeFiles/p256m.dir/p256-m_driver_entrypoints.c.obj

[829/1031] Building C object esp-idf/mbedtls/mbedtls/3rdparty/everest/CMakeFiles/everest.dir/library/everest.c.obj

[830/1031] Building C object esp-idf/mbedtls/mbedtls/3rdparty/p256-m/CMakeFiles/p256m.dir/p256-m/p256-m.c.obj

[831/1031] No patch step for 'bootloader'

[832/1031] Linking CXX static library esp-idf\mbedtls\mbedtls\library\libmbedx509.a

[833/1031] Linking CXX static library esp-idf\mbedtls\mbedtls\library\libmbedcrypto.a

[834/1031] Linking CXX static library esp-idf\mbedtls\mbedtls\3rdparty\p256-m\libp256m.a

[835/1031] Linking CXX static library esp-idf\mbedtls\mbedtls\3rdparty\everest\libeverest.a

[836/1031] Generating x509_crt_bundle

[837/1031] Generating ../../x509_crt_bundle.S

[838/1031] Building ASM object esp-idf/mbedtls/CMakeFiles/__idf_mbedtls.dir/__/__/x509_crt_bundle.S.obj

[839/1031] Building C object esp-idf/xtensa/CMakeFiles/__idf_xtensa.dir/eri.c.obj

[840/1031] Building ASM object esp-idf/xtensa/CMakeFiles/__idf_xtensa.dir/xtensa_context.S.obj

[841/1031] Building ASM object esp-idf/xtensa/CMakeFiles/__idf_xtensa.dir/xtensa_intr_asm.S.obj

[842/1031] Building C object esp-idf/xtensa/CMakeFiles/__idf_xtensa.dir/xt_trax.c.obj

[843/1031] Building ASM object esp-idf/xtensa/CMakeFiles/__idf_xtensa.dir/xtensa_vectors.S.obj

[844/1031] Building C object esp-idf/esp_driver_gpio/CMakeFiles/__idf_esp_driver_gpio.dir/src/gpio_glitch_filter_ops.c.obj

[845/1031] Building C object esp-idf/xtensa/CMakeFiles/__idf_xtensa.dir/xtensa_intr.c.obj

[846/1031] Building C object esp-idf/esp_pm/CMakeFiles/__idf_esp_pm.dir/pm_trace.c.obj

[847/1031] Building C object esp-idf/console/CMakeFiles/__idf_console.dir/split_argv.c.obj

[848/1031] Building C object esp-idf/esp_pm/CMakeFiles/__idf_esp_pm.dir/pm_locks.c.obj

[849/1031] Building C object esp-idf/mbedtls/CMakeFiles/__idf_mbedtls.dir/esp_crt_bundle/esp_crt_bundle.c.obj

[850/1031] Building C object esp-idf/console/CMakeFiles/__idf_console.dir/argtable3/arg_cmd.c.obj

[851/1031] Building C object esp-idf/esp_driver_gpio/CMakeFiles/__idf_esp_driver_gpio.dir/src/rtc_io.c.obj

[852/1031] Building C object esp-idf/console/CMakeFiles/__idf_console.dir/linenoise/linenoise.c.obj

[853/1031] Building C object esp-idf/esp_pm/CMakeFiles/__idf_esp_pm.dir/pm_impl.c.obj

[854/1031] Building C object esp-idf/console/CMakeFiles/__idf_console.dir/esp_console_common.c.obj

[855/1031] Building C object esp-idf/console/CMakeFiles/__idf_console.dir/commands.c.obj

[856/1031] Building C object esp-idf/console/CMakeFiles/__idf_console.dir/esp_console_repl_internal.c.obj

[857/1031] Building C object esp-idf/console/CMakeFiles/__idf_console.dir/esp_console_repl_chip.c.obj

[858/1031] Building C object esp-idf/console/CMakeFiles/__idf_console.dir/argtable3/arg_dbl.c.obj

[859/1031] Building C object esp-idf/console/CMakeFiles/__idf_console.dir/argtable3/arg_dstr.c.obj

[860/1031] Building C object esp-idf/console/CMakeFiles/__idf_console.dir/argtable3/arg_date.c.obj

[861/1031] Building C object esp-idf/esp_driver_gpio/CMakeFiles/__idf_esp_driver_gpio.dir/src/gpio.c.obj

[862/1031] Building C object esp-idf/console/CMakeFiles/__idf_console.dir/argtable3/arg_end.c.obj

[863/1031] Linking C static library esp-idf\mbedtls\libmbedtls.a

[864/1031] Building C object esp-idf/console/CMakeFiles/__idf_console.dir/argtable3/arg_file.c.obj

[865/1031] Building C object esp-idf/console/CMakeFiles/__idf_console.dir/argtable3/arg_int.c.obj

[866/1031] Building C object esp-idf/console/CMakeFiles/__idf_console.dir/argtable3/arg_rem.c.obj

[867/1031] Building C object esp-idf/console/CMakeFiles/__idf_console.dir/argtable3/arg_hashtable.c.obj

[868/1031] Building C object esp-idf/console/CMakeFiles/__idf_console.dir/argtable3/arg_lit.c.obj

[869/1031] Building C object esp-idf/console/CMakeFiles/__idf_console.dir/argtable3/arg_str.c.obj

[870/1031] Building C object esp-idf/console/CMakeFiles/__idf_console.dir/argtable3/arg_rex.c.obj

[871/1031] Building C object esp-idf/console/CMakeFiles/__idf_console.dir/argtable3/arg_utils.c.obj

[872/1031] Building C object esp-idf/spiffs/CMakeFiles/__idf_spiffs.dir/spiffs/src/spiffs_cache.c.obj

[873/1031] Building C object esp-idf/console/CMakeFiles/__idf_console.dir/argtable3/argtable3.c.obj

[874/1031] Linking C static library esp-idf\esp_pm\libesp_pm.a

[875/1031] Building C object esp-idf/spiffs/CMakeFiles/__idf_spiffs.dir/spiffs/src/spiffs_check.c.obj

[876/1031] Building C object esp-idf/unity/CMakeFiles/__idf_unity.dir/unity_runner.c.obj

[877/1031] Building C object esp-idf/unity/CMakeFiles/__idf_unity.dir/unity_compat.c.obj

[878/1031] Building C object esp-idf/spiffs/CMakeFiles/__idf_spiffs.dir/spiffs/src/spiffs_gc.c.obj

[879/1031] Building C object esp-idf/spiffs/CMakeFiles/__idf_spiffs.dir/spiffs_api.c.obj

[880/1031] Building C object esp-idf/protobuf-c/CMakeFiles/__idf_protobuf-c.dir/protobuf-c/protobuf-c/protobuf-c.c.obj

[881/1031] Building C object esp-idf/unity/CMakeFiles/__idf_unity.dir/unity_utils_cache.c.obj

[882/1031] Building C object esp-idf/unity/CMakeFiles/__idf_unity.dir/unity/src/unity.c.obj

[883/1031] Building C object esp-idf/spiffs/CMakeFiles/__idf_spiffs.dir/spiffs/src/spiffs_hydrogen.c.obj

[884/1031] Building C object esp-idf/unity/CMakeFiles/__idf_unity.dir/unity_utils_freertos.c.obj

[885/1031] Linking C static library esp-idf\esp_driver_gpio\libesp_driver_gpio.a

[886/1031] Building C object esp-idf/unity/CMakeFiles/__idf_unity.dir/unity_utils_memory.c.obj

[887/1031] Building C object esp-idf/unity/CMakeFiles/__idf_unity.dir/port/esp/unity_utils_memory_esp.c.obj

[888/1031] Building C object esp-idf/unity/CMakeFiles/__idf_unity.dir/unity_port_esp32.c.obj

[889/1031] Building C object esp-idf/spiffs/CMakeFiles/__idf_spiffs.dir/esp_spiffs.c.obj

[890/1031] Building C object esp-idf/protocomm/CMakeFiles/__idf_protocomm.dir/proto-c/constants.pb-c.c.obj

[891/1031] Building C object esp-idf/spiffs/CMakeFiles/__idf_spiffs.dir/spiffs/src/spiffs_nucleus.c.obj

[892/1031] Building C object esp-idf/protocomm/CMakeFiles/__idf_protocomm.dir/proto-c/sec0.pb-c.c.obj

[893/1031] Building C object esp-idf/protocomm/CMakeFiles/__idf_protocomm.dir/proto-c/sec1.pb-c.c.obj

[894/1031] Building C object esp-idf/protocomm/CMakeFiles/__idf_protocomm.dir/proto-c/session.pb-c.c.obj

[895/1031] Building C object esp-idf/protocomm/CMakeFiles/__idf_protocomm.dir/src/common/protocomm.c.obj

[896/1031] Linking C static library esp-idf\xtensa\libxtensa.a

[897/1031] Building C object esp-idf/protocomm/CMakeFiles/__idf_protocomm.dir/proto-c/sec2.pb-c.c.obj

[898/1031] Building CXX object esp-idf/wear_levelling/CMakeFiles/__idf_wear_levelling.dir/crc32.cpp.obj

[899/1031] Building C object esp-idf/protocomm/CMakeFiles/__idf_protocomm.dir/src/security/security0.c.obj

[900/1031] Building C object esp-idf/protocomm/CMakeFiles/__idf_protocomm.dir/src/transports/protocomm_console.c.obj

[901/1031] Building CXX object esp-idf/wear_levelling/CMakeFiles/__idf_wear_levelling.dir/Partition.cpp.obj

[902/1031] Building CXX object esp-idf/wear_levelling/CMakeFiles/__idf_wear_levelling.dir/WL_Ext_Perf.cpp.obj

[903/1031] Building C object esp-idf/esp_https_server/CMakeFiles/__idf_esp_https_server.dir/src/https_server.c.obj

[904/1031] Building C object esp-idf/protocomm/CMakeFiles/__idf_protocomm.dir/src/transports/protocomm_httpd.c.obj

[905/1031] Building CXX object esp-idf/wear_levelling/CMakeFiles/__idf_wear_levelling.dir/SPI_Flash.cpp.obj

[906/1031] Building C object esp-idf/protocomm/CMakeFiles/__idf_protocomm.dir/src/crypto/srp6a/esp_srp_mpi.c.obj

[907/1031] Building CXX object esp-idf/wear_levelling/CMakeFiles/__idf_wear_levelling.dir/WL_Ext_Safe.cpp.obj

[908/1031] Building C object esp-idf/protocomm/CMakeFiles/__idf_protocomm.dir/src/crypto/srp6a/esp_srp.c.obj

[909/1031] Linking C static library esp-idf\protobuf-c\libprotobuf-c.a

[910/1031] Linking C static library esp-idf\console\libconsole.a

[911/1031] Linking C static library esp-idf\spiffs\libspiffs.a

[912/1031] Building C object esp-idf/protocomm/CMakeFiles/__idf_protocomm.dir/src/security/security2.c.obj

[913/1031] Building CXX object esp-idf/wear_levelling/CMakeFiles/__idf_wear_levelling.dir/wear_levelling.cpp.obj

[914/1031] Building C object esp-idf/protocomm/CMakeFiles/__idf_protocomm.dir/src/security/security1.c.obj

[915/1031] Linking C static library esp-idf\unity\libunity.a

[916/1031] Building C object esp-idf/json/CMakeFiles/__idf_json.dir/cJSON/cJSON_Utils.c.obj

[917/1031] Building CXX object esp-idf/wear_levelling/CMakeFiles/__idf_wear_levelling.dir/WL_Flash.cpp.obj

[918/1031] Building C object esp-idf/json/CMakeFiles/__idf_json.dir/cJSON/cJSON.c.obj

[919/1031] Building C object esp-idf/cmock/CMakeFiles/__idf_cmock.dir/CMock/src/cmock.c.obj

[920/1031] Building C object esp-idf/esp_driver_cam/CMakeFiles/__idf_esp_driver_cam.dir/esp_cam_ctlr.c.obj

[921/1031] Building C object esp-idf/app_trace/CMakeFiles/__idf_app_trace.dir/app_trace.c.obj

[922/1031] Building C object esp-idf/mesh_common/CMakeFiles/__idf_mesh_common.dir/src/phase_listener.c.obj

[923/1031] Building C object esp-idf/app_trace/CMakeFiles/__idf_app_trace.dir/host_file_io.c.obj

[924/1031] Building C object esp-idf/esp_driver_cam/CMakeFiles/__idf_esp_driver_cam.dir/dvp_share_ctrl.c.obj

[925/1031] Building C object esp-idf/app_trace/CMakeFiles/__idf_app_trace.dir/port/port_uart.c.obj

[926/1031] Building C object esp-idf/mesh_common/CMakeFiles/__idf_mesh_common.dir/src/mesh_setup.c.obj

[927/1031] Building C object esp-idf/app_trace/CMakeFiles/__idf_app_trace.dir/app_trace_util.c.obj

[928/1031] Building C object esp-idf/esp_driver_touch_sens/CMakeFiles/__idf_esp_driver_touch_sens.dir/common/touch_sens_common.c.obj

[929/1031] Building C object esp-idf/mesh_common/CMakeFiles/__idf_mesh_common.dir/src/csv_logger.c.obj

[930/1031] Building C object esp-idf/esp_driver_touch_sens/CMakeFiles/__idf_esp_driver_touch_sens.dir/hw_ver1/touch_version_specific.c.obj

[931/1031] Building C object esp-idf/esp_eth/CMakeFiles/__idf_esp_eth.dir/src/esp_eth.c.obj

[932/1031] Building C object esp-idf/esp_eth/CMakeFiles/__idf_esp_eth.dir/src/mac/esp_eth_mac_esp_gpio.c.obj

[933/1031] Building C object esp-idf/esp_eth/CMakeFiles/__idf_esp_eth.dir/src/mac/esp_eth_mac_esp_dma.c.obj

[934/1031] Building C object esp-idf/esp_eth/CMakeFiles/__idf_esp_eth.dir/src/phy/esp_eth_phy_802_3.c.obj

[935/1031] Building C object esp-idf/esp_eth/CMakeFiles/__idf_esp_eth.dir/src/esp_eth_netif_glue.c.obj

[936/1031] Building C object esp-idf/esp_eth/CMakeFiles/__idf_esp_eth.dir/src/phy/esp_eth_phy_generic.c.obj

[937/1031] Building C object esp-idf/esp_eth/CMakeFiles/__idf_esp_eth.dir/src/phy/esp_eth_phy_dp83848.c.obj

[938/1031] Building C object esp-idf/esp_eth/CMakeFiles/__idf_esp_eth.dir/src/phy/esp_eth_phy_ip101.c.obj

[939/1031] Building C object esp-idf/esp_eth/CMakeFiles/__idf_esp_eth.dir/src/phy/esp_eth_phy_ksz80xx.c.obj

[940/1031] Linking C static library esp-idf\esp_https_server\libesp_https_server.a

[941/1031] Building C object esp-idf/esp_eth/CMakeFiles/__idf_esp_eth.dir/src/mac/esp_eth_mac_esp.c.obj

[942/1031] Building C object esp-idf/esp_hid/CMakeFiles/__idf_esp_hid.dir/src/esp_hid_common.c.obj

[943/1031] Building C object esp-idf/esp_eth/CMakeFiles/__idf_esp_eth.dir/src/phy/esp_eth_phy_lan87xx.c.obj

[944/1031] Building C object esp-idf/esp_eth/CMakeFiles/__idf_esp_eth.dir/src/phy/esp_eth_phy_rtl8201.c.obj

[945/1031] Building C object esp-idf/esp_lcd/CMakeFiles/__idf_esp_lcd.dir/src/esp_lcd_common.c.obj

[946/1031] Building C object esp-idf/esp_hid/CMakeFiles/__idf_esp_hid.dir/src/esp_hidd.c.obj

[947/1031] Building C object esp-idf/esp_lcd/CMakeFiles/__idf_esp_lcd.dir/src/esp_lcd_panel_ops.c.obj

[948/1031] Linking C static library esp-idf\protocomm\libprotocomm.a

[949/1031] Building C object esp-idf/esp_hid/CMakeFiles/__idf_esp_hid.dir/src/esp_hidh.c.obj

[950/1031] Building C object esp-idf/esp_lcd/CMakeFiles/__idf_esp_lcd.dir/src/esp_lcd_panel_io.c.obj

[951/1031] Building C object esp-idf/esp_lcd/CMakeFiles/__idf_esp_lcd.dir/src/esp_lcd_panel_st7789.c.obj

[952/1031] Building C object esp-idf/esp_local_ctrl/CMakeFiles/__idf_esp_local_ctrl.dir/proto-c/esp_local_ctrl.pb-c.c.obj

[953/1031] Building C object esp-idf/esp_lcd/CMakeFiles/__idf_esp_lcd.dir/src/esp_lcd_panel_nt35510.c.obj

[954/1031] Building C object esp-idf/esp_lcd/CMakeFiles/__idf_esp_lcd.dir/i2c/esp_lcd_panel_io_i2c_v2.c.obj

[955/1031] Building C object esp-idf/espcoredump/CMakeFiles/__idf_espcoredump.dir/src/core_dump_init.c.obj

[956/1031] Building C object esp-idf/esp_lcd/CMakeFiles/__idf_esp_lcd.dir/i2c/esp_lcd_panel_io_i2c_v1.c.obj

[957/1031] Building C object esp-idf/esp_local_ctrl/CMakeFiles/__idf_esp_local_ctrl.dir/src/esp_local_ctrl_transport_httpd.c.obj

[958/1031] Building C object esp-idf/esp_lcd/CMakeFiles/__idf_esp_lcd.dir/src/esp_lcd_panel_ssd1306.c.obj

[959/1031] Building C object esp-idf/espcoredump/CMakeFiles/__idf_espcoredump.dir/src/core_dump_crc.c.obj

[960/1031] Building C object esp-idf/espcoredump/CMakeFiles/__idf_espcoredump.dir/src/core_dump_sha.c.obj

[961/1031] Building C object esp-idf/esp_local_ctrl/CMakeFiles/__idf_esp_local_ctrl.dir/src/esp_local_ctrl_handler.c.obj

[962/1031] Building C object esp-idf/esp_lcd/CMakeFiles/__idf_esp_lcd.dir/i80/esp_lcd_panel_io_i2s.c.obj

[963/1031] Building C object esp-idf/esp_local_ctrl/CMakeFiles/__idf_esp_local_ctrl.dir/src/esp_local_ctrl.c.obj

[964/1031] Building C object esp-idf/esp_lcd/CMakeFiles/__idf_esp_lcd.dir/spi/esp_lcd_panel_io_spi.c.obj

[965/1031] Building C object esp-idf/espcoredump/CMakeFiles/__idf_espcoredump.dir/src/core_dump_common.c.obj

[966/1031] Linking C static library esp-idf\wear_levelling\libwear_levelling.a

[967/1031] Building ASM object esp-idf/espcoredump/CMakeFiles/__idf_espcoredump.dir/src/port/xtensa/core_dump_stack_switch.S.obj

[968/1031] Building C object esp-idf/espcoredump/CMakeFiles/__idf_espcoredump.dir/src/core_dump_flash.c.obj

[969/1031] Building C object esp-idf/espcoredump/CMakeFiles/__idf_espcoredump.dir/src/core_dump_uart.c.obj

[970/1031] Building C object esp-idf/espcoredump/CMakeFiles/__idf_espcoredump.dir/src/core_dump_elf.c.obj

[971/1031] Linking C static library esp-idf\json\libjson.a

[972/1031] Building C object esp-idf/fatfs/CMakeFiles/__idf_fatfs.dir/diskio/diskio_rawflash.c.obj

[973/1031] Building C object esp-idf/espcoredump/CMakeFiles/__idf_espcoredump.dir/src/port/xtensa/core_dump_port.c.obj

[974/1031] Building C object esp-idf/espcoredump/CMakeFiles/__idf_espcoredump.dir/src/core_dump_binary.c.obj

[975/1031] Building C object esp-idf/fatfs/CMakeFiles/__idf_fatfs.dir/diskio/diskio.c.obj

[976/1031] Building C object esp-idf/fatfs/CMakeFiles/__idf_fatfs.dir/diskio/diskio_wl.c.obj

[977/1031] Building C object esp-idf/fatfs/CMakeFiles/__idf_fatfs.dir/port/freertos/ffsystem.c.obj

[978/1031] Building C object esp-idf/fatfs/CMakeFiles/__idf_fatfs.dir/src/ffunicode.c.obj

[979/1031] Building C object esp-idf/fatfs/CMakeFiles/__idf_fatfs.dir/diskio/diskio_sdmmc.c.obj

[980/1031] Building C object esp-idf/perfmon/CMakeFiles/__idf_perfmon.dir/xtensa_perfmon_masks.c.obj

[981/1031] Building C object esp-idf/nvs_sec_provider/CMakeFiles/__idf_nvs_sec_provider.dir/nvs_sec_provider.c.obj

[982/1031] Building C object esp-idf/fatfs/CMakeFiles/__idf_fatfs.dir/src/ff.c.obj

[983/1031] Building C object esp-idf/mqtt/CMakeFiles/__idf_mqtt.dir/esp-mqtt/lib/mqtt_msg.c.obj

[984/1031] Building C object esp-idf/fatfs/CMakeFiles/__idf_fatfs.dir/vfs/vfs_fat_spiflash.c.obj

[985/1031] Building C object esp-idf/perfmon/CMakeFiles/__idf_perfmon.dir/xtensa_perfmon_apis.c.obj

[986/1031] Building C object esp-idf/mqtt/CMakeFiles/__idf_mqtt.dir/esp-mqtt/lib/platform_esp32_idf.c.obj

[987/1031] Building C object esp-idf/perfmon/CMakeFiles/__idf_perfmon.dir/xtensa_perfmon_access.c.obj

[988/1031] Building C object esp-idf/mqtt/CMakeFiles/__idf_mqtt.dir/esp-mqtt/lib/mqtt_outbox.c.obj

[989/1031] Building C object esp-idf/fatfs/CMakeFiles/__idf_fatfs.dir/vfs/vfs_fat_sdmmc.c.obj

[990/1031] Building C object esp-idf/wifi_provisioning/CMakeFiles/__idf_wifi_provisioning.dir/src/wifi_config.c.obj

[991/1031] Building C object esp-idf/rt/CMakeFiles/__idf_rt.dir/FreeRTOS_POSIX_utils.c.obj

[992/1031] Building C object esp-idf/wifi_provisioning/CMakeFiles/__idf_wifi_provisioning.dir/src/wifi_ctrl.c.obj

[993/1031] Building C object esp-idf/fatfs/CMakeFiles/__idf_fatfs.dir/vfs/vfs_fat.c.obj

[994/1031] Building C object esp-idf/rt/CMakeFiles/__idf_rt.dir/FreeRTOS_POSIX_mqueue.c.obj

[995/1031] Linking C static library esp-idf\app_trace\libapp_trace.a

[996/1031] Linking C static library esp-idf\mesh_common\libmesh_common.a

[997/1031] Linking C static library esp-idf\cmock\libcmock.a

[998/1031] Linking C static library esp-idf\esp_driver_cam\libesp_driver_cam.a

[999/1031] Building C object esp-idf/wifi_provisioning/CMakeFiles/__idf_wifi_provisioning.dir/proto-c/wifi_scan.pb-c.c.obj

[1000/1031] Linking C static library esp-idf\esp_driver_touch_sens\libesp_driver_touch_sens.a

[1001/1031] Building C object esp-idf/wifi_provisioning/CMakeFiles/__idf_wifi_provisioning.dir/proto-c/wifi_ctrl.pb-c.c.obj

[1002/1031] Building C object esp-idf/wifi_provisioning/CMakeFiles/__idf_wifi_provisioning.dir/proto-c/wifi_constants.pb-c.c.obj

[1003/1031] Building C object esp-idf/wifi_provisioning/CMakeFiles/__idf_wifi_provisioning.dir/proto-c/wifi_config.pb-c.c.obj

[1004/1031] Building C object esp-idf/wifi_provisioning/CMakeFiles/__idf_wifi_provisioning.dir/src/wifi_scan.c.obj

[1005/1031] Linking C static library esp-idf\esp_hid\libesp_hid.a

[1006/1031] Linking C static library esp-idf\esp_eth\libesp_eth.a

[1007/1031] Linking C static library esp-idf\esp_local_ctrl\libesp_local_ctrl.a

[1008/1031] Linking C static library esp-idf\espcoredump\libespcoredump.a

[1009/1031] Linking C static library esp-idf\esp_lcd\libesp_lcd.a

[1010/1031] Building C object esp-idf/wifi_provisioning/CMakeFiles/__idf_wifi_provisioning.dir/src/handlers.c.obj

[1011/1031] Building C object esp-idf/wifi_provisioning/CMakeFiles/__idf_wifi_provisioning.dir/src/scheme_console.c.obj

[1012/1031] Linking C static library esp-idf\rt\librt.a

[1013/1031] Linking C static library esp-idf\nvs_sec_provider\libnvs_sec_provider.a

[1014/1031] Linking C static library esp-idf\perfmon\libperfmon.a

[1015/1031] Linking C static library esp-idf\fatfs\libfatfs.a

[1016/1031] Building C object esp-idf/mqtt/CMakeFiles/__idf_mqtt.dir/esp-mqtt/mqtt_client.c.obj

[1017/1031] Building C object esp-idf/wifi_provisioning/CMakeFiles/__idf_wifi_provisioning.dir/src/scheme_softap.c.obj

[1018/1031] Linking C static library esp-idf\mqtt\libmqtt.a

[1019/1031] Building C object esp-idf/wifi_provisioning/CMakeFiles/__idf_wifi_provisioning.dir/src/manager.c.obj

[1020/1031] Building C object esp-idf/main/CMakeFiles/__idf_main.dir/root_main.c.obj

FAILED: esp-idf/main/CMakeFiles/__idf_main.dir/root_main.c.obj 

ccache C:\Espressif\tools\xtensa-esp-elf\esp-14.2.0_20260121\xtensa-esp-elf\bin\xtensa-esp32-elf-gcc.exe -DACTIVE_ATTACK="1 -DMESH_TOPOLOGY=0" -DESP_PLATFORM -DIDF_VER=\"v5.5.4-dirty\" -DSOC_MMU_PAGE_SIZE=CONFIG_MMU_PAGE_SIZE -DSOC_XTAL_FREQ_MHZ=CONFIG_XTAL_FREQ -D_GLIBCXX_HAVE_POSIX_SEMAPHORE -D_GLIBCXX_USE_POSIX_SEMAPHORE -D_GNU_SOURCE -D_POSIX_READER_WRITER_LOCKS -I"C:/Users/Angelo Calpoporo/CLionProjects/NIS16-ESP32-Environment/root_node/build_check_ROOT/config" -I"C:/Users/Angelo Calpoporo/CLionProjects/NIS16-ESP32-Environment/root_node/main" -IC:/Espressif/frameworks/esp-idf-v5.5.4/components/newlib/platform_include -IC:/Espressif/frameworks/esp-idf-v5.5.4/components/freertos/config/include -IC:/Espressif/frameworks/esp-idf-v5.5.4/components/freertos/config/include/freertos -IC:/Espressif/frameworks/esp-idf-v5.5.4/components/freertos/config/xtensa/include -IC:/Espressif/frameworks/esp-idf-v5.5.4/components/freertos/FreeRTOS-Kernel/include -IC:/Espressif/frameworks/esp-idf-v5.5.4/components/freertos/FreeRTOS-Kernel/portable/xtensa/include -IC:/Espressif/frameworks/esp-idf-v5.5.4/components/freertos/FreeRTOS-Kernel/portable/xtensa/include/freertos -IC:/Espressif/frameworks/esp-idf-v5.5.4/components/freertos/esp_additions/include -IC:/Espressif/frameworks/esp-idf-v5.5.4/components/esp_hw_support/include -IC:/Espressif/frameworks/esp-idf-v5.5.4/components/esp_hw_support/include/soc -IC:/Espressif/frameworks/esp-idf-v5.5.4/components/esp_hw_support/include/soc/esp32 -IC:/Espressif/frameworks/esp-idf-v5.5.4/components/esp_hw_support/dma/include -IC:/Espressif/frameworks/esp-idf-v5.5.4/components/esp_hw_support/ldo/include -IC:/Espressif/frameworks/esp-idf-v5.5.4/components/esp_hw_support/debug_probe/include -IC:/Espressif/frameworks/esp-idf-v5.5.4/components/esp_hw_support/mspi_timing_tuning/include -IC:/Espressif/frameworks/esp-idf-v5.5.4/components/esp_hw_support/mspi_timing_tuning/tuning_scheme_impl/include -IC:/Espressif/frameworks/esp-idf-v5.5.4/components/esp_hw_support/power_supply/include -IC:/Espressif/frameworks/esp-idf-v5.5.4/components/esp_hw_support/port/esp32/. -IC:/Espressif/frameworks/esp-idf-v5.5.4/components/esp_hw_support/port/esp32/include -IC:/Espressif/frameworks/esp-idf-v5.5.4/components/heap/include -IC:/Espressif/frameworks/esp-idf-v5.5.4/components/heap/tlsf -IC:/Espressif/frameworks/esp-idf-v5.5.4/components/log/include -IC:/Espressif/frameworks/esp-idf-v5.5.4/components/soc/include -IC:/Espressif/frameworks/esp-idf-v5.5.4/components/soc/esp32 -IC:/Espressif/frameworks/esp-idf-v5.5.4/components/soc/esp32/include -IC:/Espressif/frameworks/esp-idf-v5.5.4/components/soc/esp32/register -IC:/Espressif/frameworks/esp-idf-v5.5.4/components/hal/platform_port/include -IC:/Espressif/frameworks/esp-idf-v5.5.4/components/hal/esp32/include -IC:/Espressif/frameworks/esp-idf-v5.5.4/components/hal/include -IC:/Espressif/frameworks/esp-idf-v5.5.4/components/esp_rom/include -IC:/Espressif/frameworks/esp-idf-v5.5.4/components/esp_rom/esp32/include -IC:/Espressif/frameworks/esp-idf-v5.5.4/components/esp_rom/esp32/include/esp32 -IC:/Espressif/frameworks/esp-idf-v5.5.4/components/esp_rom/esp32 -IC:/Espressif/frameworks/esp-idf-v5.5.4/components/esp_common/include -IC:/Espressif/frameworks/esp-idf-v5.5.4/components/esp_system/include -IC:/Espressif/frameworks/esp-idf-v5.5.4/components/esp_system/port/soc -IC:/Espressif/frameworks/esp-idf-v5.5.4/components/esp_system/port/include/private -IC:/Espressif/frameworks/esp-idf-v5.5.4/components/xtensa/esp32/include -IC:/Espressif/frameworks/esp-idf-v5.5.4/components/xtensa/include -IC:/Espressif/frameworks/esp-idf-v5.5.4/components/xtensa/deprecated_include -IC:/Espressif/frameworks/esp-idf-v5.5.4/components/lwip/include -IC:/Espressif/frameworks/esp-idf-v5.5.4/components/lwip/include/apps -IC:/Espressif/frameworks/esp-idf-v5.5.4/components/lwip/include/apps/sntp -IC:/Espressif/frameworks/esp-idf-v5.5.4/components/lwip/lwip/src/include -IC:/Espressif/frameworks/esp-idf-v5.5.4/components/lwip/port/include -IC:/Espressif/frameworks/esp-idf-v5.5.4/components/lwip/port/freertos/include -IC:/Espressif/frameworks/esp-idf-v5.5.4/components/lwip/port/esp32xx/include -IC:/Espressif/frameworks/esp-idf-v5.5.4/components/lwip/port/esp32xx/include/arch -IC:/Espressif/frameworks/esp-idf-v5.5.4/components/lwip/port/esp32xx/include/sys -I"C:/Users/Angelo Calpoporo/CLionProjects/NIS16-ESP32-Environment/components/mesh_common/include" -IC:/Espressif/frameworks/esp-idf-v5.5.4/components/nvs_flash/include -IC:/Espressif/frameworks/esp-idf-v5.5.4/components/esp_partition/include -IC:/Espressif/frameworks/esp-idf-v5.5.4/components/esp_wifi/include -IC:/Espressif/frameworks/esp-idf-v5.5.4/components/esp_wifi/include/local -IC:/Espressif/frameworks/esp-idf-v5.5.4/components/esp_wifi/wifi_apps/include -IC:/Espressif/frameworks/esp-idf-v5.5.4/components/esp_wifi/wifi_apps/nan_app/include -IC:/Espressif/frameworks/esp-idf-v5.5.4/components/esp_event/include -IC:/Espressif/frameworks/esp-idf-v5.5.4/components/esp_phy/include -IC:/Espressif/frameworks/esp-idf-v5.5.4/components/esp_phy/esp32/include -IC:/Espressif/frameworks/esp-idf-v5.5.4/components/esp_netif/include -IC:/Espressif/frameworks/esp-idf-v5.5.4/components/spiffs/include -IC:/Espressif/frameworks/esp-idf-v5.5.4/components/driver/deprecated -IC:/Espressif/frameworks/esp-idf-v5.5.4/components/driver/i2c/include -IC:/Espressif/frameworks/esp-idf-v5.5.4/components/driver/touch_sensor/include -IC:/Espressif/frameworks/esp-idf-v5.5.4/components/driver/twai/include -IC:/Espressif/frameworks/esp-idf-v5.5.4/components/driver/touch_sensor/esp32/include -IC:/Espressif/frameworks/esp-idf-v5.5.4/components/esp_pm/include -IC:/Espressif/frameworks/esp-idf-v5.5.4/components/esp_ringbuf/include -IC:/Espressif/frameworks/esp-idf-v5.5.4/components/esp_driver_gpio/include -IC:/Espressif/frameworks/esp-idf-v5.5.4/components/esp_driver_pcnt/include -IC:/Espressif/frameworks/esp-idf-v5.5.4/components/esp_driver_gptimer/include -IC:/Espressif/frameworks/esp-idf-v5.5.4/components/esp_driver_spi/include -IC:/Espressif/frameworks/esp-idf-v5.5.4/components/esp_driver_mcpwm/include -IC:/Espressif/frameworks/esp-idf-v5.5.4/components/esp_driver_ana_cmpr/include -IC:/Espressif/frameworks/esp-idf-v5.5.4/components/esp_driver_i2s/include -IC:/Espressif/frameworks/esp-idf-v5.5.4/components/esp_driver_sdmmc/include -IC:/Espressif/frameworks/esp-idf-v5.5.4/components/sdmmc/include -IC:/Espressif/frameworks/esp-idf-v5.5.4/components/esp_driver_sdspi/include -IC:/Espressif/frameworks/esp-idf-v5.5.4/components/esp_driver_sdio/include -IC:/Espressif/frameworks/esp-idf-v5.5.4/components/esp_driver_dac/include -IC:/Espressif/frameworks/esp-idf-v5.5.4/components/esp_driver_rmt/include -IC:/Espressif/frameworks/esp-idf-v5.5.4/components/esp_driver_tsens/include -IC:/Espressif/frameworks/esp-idf-v5.5.4/components/esp_driver_sdm/include -IC:/Espressif/frameworks/esp-idf-v5.5.4/components/esp_driver_i2c/include -IC:/Espressif/frameworks/esp-idf-v5.5.4/components/esp_driver_uart/include -IC:/Espressif/frameworks/esp-idf-v5.5.4/components/vfs/include -IC:/Espressif/frameworks/esp-idf-v5.5.4/components/esp_driver_ledc/include -IC:/Espressif/frameworks/esp-idf-v5.5.4/components/esp_driver_parlio/include -IC:/Espressif/frameworks/esp-idf-v5.5.4/components/esp_driver_usb_serial_jtag/include -IC:/Espressif/frameworks/esp-idf-v5.5.4/components/esp_driver_twai/include -IC:/Espressif/frameworks/esp-idf-v5.5.4/components/esp_timer/include @"C:/Users/Angelo Calpoporo/CLionProjects/NIS16-ESP32-Environment/root_node/build_check_ROOT/toolchain/cflags" -fdiagnostics-color=always -ffunction-sections -fdata-sections -Wall -Werror=all -Wno-error=unused-function -Wno-error=unused-variable -Wno-error=unused-but-set-variable -Wno-error=deprecated-declarations -Wextra -Wno-error=extra -Wno-unused-parameter -Wno-sign-compare -Wno-enum-conversion -gdwarf-4 -ggdb -Og -fno-shrink-wrap "-fmacro-prefix-map=C:/Users/Angelo Calpoporo/CLionProjects/NIS16-ESP32-Environment/root_node=." -fmacro-prefix-map=C:/Espressif/frameworks/esp-idf-v5.5.4=/IDF -fstrict-volatile-bitfields -fno-jump-tables -fno-tree-switch-conversion -std=gnu17 -Wno-old-style-declaration -Werror -MD -MT esp-idf/main/CMakeFiles/__idf_main.dir/root_main.c.obj -MF esp-idf\main\CMakeFiles\__idf_main.dir\root_main.c.obj.d -o esp-idf/main/CMakeFiles/__idf_main.dir/root_main.c.obj -c "C:/Users/Angelo Calpoporo/CLionProjects/NIS16-ESP32-Environment/root_node/main/root_main.c"
C:/Users/Angelo Calpoporo/CLionProjects/NIS16-ESP32-Environment/root_node/main/root_main.c: In function 'experiment_controller_task':
<command-line>: error: token "=" is not valid in preprocessor expressions

C:/Users/Angelo Calpoporo/CLionProjects/NIS16-ESP32-Environment/root_node/main/root_main.c:265:6: note: in expansion of macro 'ACTIVE_ATTACK'

  265 | #if (ACTIVE_ATTACK != ATTACK_NONE)

      |      ^~~~~~~~~~~~~

[1021/1031] Linking C static library esp-idf\wifi_provisioning\libwifi_provisioning.a

[1022/1031] Performing configure step for 'bootloader'

-- Found Git: C:/Espressif/tools/idf-git/2.44.0/cmd/git.exe (found version "2.44.0.windows.1")
-- Minimal build - OFF
-- The C compiler identification is GNU 14.2.0
-- The CXX compiler identification is GNU 14.2.0
-- The ASM compiler identification is GNU
-- Found assembler: C:/Espressif/tools/xtensa-esp-elf/esp-14.2.0_20260121/xtensa-esp-elf/bin/xtensa-esp32-elf-gcc.exe
-- Detecting C compiler ABI info
-- Detecting C compiler ABI info - done
-- Check for working C compiler: C:/Espressif/tools/xtensa-esp-elf/esp-14.2.0_20260121/xtensa-esp-elf/bin/xtensa-esp32-elf-gcc.exe - skipped
-- Detecting C compile features
-- Detecting C compile features - done
-- Detecting CXX compiler ABI info
-- Detecting CXX compiler ABI info - done
-- Check for working CXX compiler: C:/Espressif/tools/xtensa-esp-elf/esp-14.2.0_20260121/xtensa-esp-elf/bin/xtensa-esp32-elf-g++.exe - skipped
-- Detecting CXX compile features
-- Detecting CXX compile features - done
-- Building ESP-IDF components for target esp32
-- ESP-TEE is currently supported only on the esp32c6;esp32h2;esp32c5 SoCs
-- Project sdkconfig file C:/Users/Angelo Calpoporo/CLionProjects/NIS16-ESP32-Environment/root_node/sdkconfig
-- Compiler supported targets: xtensa-esp-elf
-- Detecting C compiler ABI info
-- Detecting C compiler ABI info - done
-- Detecting CXX compiler ABI info
-- Detecting CXX compiler ABI info - done
-- Detecting C compiler ABI info
-- Detecting C compiler ABI info - done
-- Detecting CXX compiler ABI info
-- Detecting CXX compiler ABI info - done
-- Adding linker script C:/Espressif/frameworks/esp-idf-v5.5.4/components/soc/esp32/ld/esp32.peripherals.ld
-- Bootloader project name: "bootloader" version: 1
-- Adding linker script C:/Espressif/frameworks/esp-idf-v5.5.4/components/esp_rom/esp32/ld/esp32.rom.ld
-- Adding linker script C:/Espressif/frameworks/esp-idf-v5.5.4/components/esp_rom/esp32/ld/esp32.rom.api.ld
-- Adding linker script C:/Espressif/frameworks/esp-idf-v5.5.4/components/esp_rom/esp32/ld/esp32.rom.libgcc.ld
-- Adding linker script C:/Espressif/frameworks/esp-idf-v5.5.4/components/esp_rom/esp32/ld/esp32.rom.libc-funcs.ld
-- Adding linker script C:/Espressif/frameworks/esp-idf-v5.5.4/components/bootloader/subproject/main/ld/esp32/bootloader.rom.ld
-- Components: bootloader bootloader_support efuse esp_app_format esp_bootloader_format esp_common esp_hw_support esp_rom esp_security esp_system esptool_py freertos hal log main micro-ecc newlib partition_table soc spi_flash xtensa
-- Component paths: C:/Espressif/frameworks/esp-idf-v5.5.4/components/bootloader C:/Espressif/frameworks/esp-idf-v5.5.4/components/bootloader_support C:/Espressif/frameworks/esp-idf-v5.5.4/components/efuse C:/Espressif/frameworks/esp-idf-v5.5.4/components/esp_app_format C:/Espressif/frameworks/esp-idf-v5.5.4/components/esp_bootloader_format C:/Espressif/frameworks/esp-idf-v5.5.4/components/esp_common C:/Espressif/frameworks/esp-idf-v5.5.4/components/esp_hw_support C:/Espressif/frameworks/esp-idf-v5.5.4/components/esp_rom C:/Espressif/frameworks/esp-idf-v5.5.4/components/esp_security C:/Espressif/frameworks/esp-idf-v5.5.4/components/esp_system C:/Espressif/frameworks/esp-idf-v5.5.4/components/esptool_py C:/Espressif/frameworks/esp-idf-v5.5.4/components/freertos C:/Espressif/frameworks/esp-idf-v5.5.4/components/hal C:/Espressif/frameworks/esp-idf-v5.5.4/components/log C:/Espressif/frameworks/esp-idf-v5.5.4/components/bootloader/subproject/main C:/Espressif/frameworks/esp-idf-v5.5.4/components/bootloader/subproject/components/micro-ecc C:/Espressif/frameworks/esp-idf-v5.5.4/components/newlib C:/Espressif/frameworks/esp-idf-v5.5.4/components/partition_table C:/Espressif/frameworks/esp-idf-v5.5.4/components/soc C:/Espressif/frameworks/esp-idf-v5.5.4/components/spi_flash C:/Espressif/frameworks/esp-idf-v5.5.4/components/xtensa
-- Adding linker script C:/Espressif/frameworks/esp-idf-v5.5.4/components/bootloader/subproject/main/ld/esp32/bootloader.ld
-- Configuring done (30.6s)
-- Generating done (0.2s)
-- Build files have been written to: C:/Users/Angelo Calpoporo/CLionProjects/NIS16-ESP32-Environment/root_node/build_check_ROOT/bootloader

ninja: build stopped: subcommand failed.

python.exe : ninja failed with exit code 1, output of the command is in the C:\Users\Angelo 
Calpoporo\CLionProjects\NIS16-ESP32-Environment\root_node\build_check_ROOT\log\idf_py_stderr_output_37112 and C:\Users\Angelo 
Calpoporo\CLionProjects\NIS16-ESP32-Environment\root_node\build_check_ROOT\log\idf_py_stdout_output_37112
At C:\Users\Angelo Calpoporo\AppData\Local\Temp\esp_idf_activate_QW5nZWxvIENhbHBvcG9ybw\activate_27uv15du.ps1:11 char:19
+ function idf.py { &python "$Env:IDF_PATH\tools\idf.py" $args }
+                   ~~~~~~~~~~~~~~~~~~~~~~~~~~~~~~~~~~~~~~~~~~
    + CategoryInfo          : NotSpecified: (ninja failed wi...ut_output_37112:String) [], RemoteException
    + FullyQualifiedErrorId : NativeCommandError
 

======================================================================
VARIANT: CHILD plain   flags: -DACTIVE_ATTACK=0 -DMESH_TOPOLOGY=0
======================================================================
Executing action: all (aliases: build)
Running cmake in directory 'C:\Users\Angelo Calpoporo\CLionProjects\NIS16-ESP32-Environment\child_node\build_check_CHILD_plain'
Executing "cmake -G Ninja -DPYTHON_DEPS_CHECKED=1 -DPYTHON=C:\Espressif\python_env\idf5.5_py3.11_env\Scripts\python.exe -DESP_PLATFORM=1 '-DACTIVE_ATTACK=0 -DMESH_TOPOLOGY=0' -DCCACHE_ENABLE=1 'C:\Users\Angelo Calpoporo\CLionProjects\NIS16-ESP32-Environment\child_node'"...
-- IDF_TARGET is not set, guessed 'esp32' from sdkconfig 'C:/Users/Angelo Calpoporo/CLionProjects/NIS16-ESP32-Environment/child_node/sdkconfig'
-- Found Git: C:/Espressif/tools/idf-git/2.44.0/cmd/git.exe (found version "2.44.0.windows.1")
-- Minimal build - OFF
-- ccache will be used for faster recompilation
-- The C compiler identification is GNU 14.2.0
-- The CXX compiler identification is GNU 14.2.0
-- The ASM compiler identification is GNU
-- Found assembler: C:/Espressif/tools/xtensa-esp-elf/esp-14.2.0_20260121/xtensa-esp-elf/bin/xtensa-esp32-elf-gcc.exe
-- Detecting C compiler ABI info
-- Detecting C compiler ABI info - done
-- Check for working C compiler: C:/Espressif/tools/xtensa-esp-elf/esp-14.2.0_20260121/xtensa-esp-elf/bin/xtensa-esp32-elf-gcc.exe - skipped
-- Detecting C compile features
-- Detecting C compile features - done
-- Detecting CXX compiler ABI info
-- Detecting CXX compiler ABI info - done
-- Check for working CXX compiler: C:/Espressif/tools/xtensa-esp-elf/esp-14.2.0_20260121/xtensa-esp-elf/bin/xtensa-esp32-elf-g++.exe - skipped
-- Detecting CXX compile features
-- Detecting CXX compile features - done
-- Building ESP-IDF components for target esp32
-- ESP-TEE is currently supported only on the esp32c6;esp32h2;esp32c5 SoCs
-- Project sdkconfig file C:/Users/Angelo Calpoporo/CLionProjects/NIS16-ESP32-Environment/child_node/sdkconfig
Loading defaults file C:/Users/Angelo Calpoporo/CLionProjects/NIS16-ESP32-Environment/child_node/sdkconfig.defaults...

-- Compiler supported targets: xtensa-esp-elf
-- Detecting C compiler ABI info
-- Detecting C compiler ABI info - done
-- Detecting CXX compiler ABI info
-- Detecting CXX compiler ABI info - done
-- Detecting C compiler ABI info
-- Detecting C compiler ABI info - done
-- Detecting CXX compiler ABI info
-- Detecting CXX compiler ABI info - done
-- Found Python3: C:/Espressif/python_env/idf5.5_py3.11_env/Scripts/python.exe (found version "3.11.2") found components: Interpreter
-- Performing Test CMAKE_HAVE_LIBC_PTHREAD
-- Performing Test CMAKE_HAVE_LIBC_PTHREAD - Success
-- Found Threads: TRUE
-- Performing Test C_COMPILER_SUPPORTS_WFORMAT_SIGNEDNESS
-- Performing Test C_COMPILER_SUPPORTS_WFORMAT_SIGNEDNESS - Success
-- USING O3
-- App "child_node" version: eb48733
-- Adding linker script C:/Users/Angelo Calpoporo/CLionProjects/NIS16-ESP32-Environment/child_node/build_check_CHILD_plain/esp-idf/esp_system/ld/memory.ld
-- Adding linker script C:/Users/Angelo Calpoporo/CLionProjects/NIS16-ESP32-Environment/child_node/build_check_CHILD_plain/esp-idf/esp_system/ld/sections.ld.in
-- Adding linker script C:/Espressif/frameworks/esp-idf-v5.5.4/components/esp_rom/esp32/ld/esp32.rom.ld
-- Adding linker script C:/Espressif/frameworks/esp-idf-v5.5.4/components/esp_rom/esp32/ld/esp32.rom.api.ld
-- Adding linker script C:/Espressif/frameworks/esp-idf-v5.5.4/components/esp_rom/esp32/ld/esp32.rom.libgcc.ld
-- Adding linker script C:/Espressif/frameworks/esp-idf-v5.5.4/components/esp_rom/esp32/ld/esp32.rom.newlib-data.ld
-- Adding linker script C:/Espressif/frameworks/esp-idf-v5.5.4/components/esp_rom/esp32/ld/esp32.rom.syscalls.ld
-- Adding linker script C:/Espressif/frameworks/esp-idf-v5.5.4/components/esp_rom/esp32/ld/esp32.rom.libc-funcs.ld
-- Adding linker script C:/Espressif/frameworks/esp-idf-v5.5.4/components/esp_rom/esp32/ld/esp32.rom.newlib-reent-funcs.ld
-- Adding linker script C:/Espressif/frameworks/esp-idf-v5.5.4/components/soc/esp32/ld/esp32.peripherals.ld
-- Components: app_trace app_update bootloader bootloader_support bt cmock console cxx driver efuse esp-tls esp_adc esp_app_format esp_bootloader_format esp_coex esp_common esp_driver_ana_cmpr esp_driver_bitscrambler esp_driver_cam esp_driver_dac esp_driver_gpio esp_driver_gptimer esp_driver_i2c esp_driver_i2s esp_driver_isp esp_driver_jpeg esp_driver_ledc esp_driver_mcpwm esp_driver_parlio esp_driver_pcnt esp_driver_ppa esp_driver_rmt esp_driver_sdio esp_driver_sdm esp_driver_sdmmc esp_driver_sdspi esp_driver_spi esp_driver_touch_sens esp_driver_tsens esp_driver_twai esp_driver_uart esp_driver_usb_serial_jtag esp_eth esp_event esp_gdbstub esp_hal_ieee802154 esp_hid esp_http_client esp_http_server esp_https_ota esp_https_server esp_hw_support esp_lcd esp_local_ctrl esp_mm esp_netif esp_netif_stack esp_partition esp_phy esp_pm esp_psram esp_ringbuf esp_rom esp_security esp_system esp_timer esp_vfs_console esp_wifi espcoredump esptool_py fatfs freertos hal heap http_parser idf_test ieee802154 json log lwip main mbedtls mesh_common mqtt newlib nvs_flash nvs_sec_provider openthread partition_table perfmon protobuf-c protocomm pthread rt sdmmc soc spi_flash spiffs tcp_transport ulp unity usb vfs wear_levelling wifi_provisioning wpa_supplicant xtensa
-- Component paths: C:/Espressif/frameworks/esp-idf-v5.5.4/components/app_trace C:/Espressif/frameworks/esp-idf-v5.5.4/components/app_update C:/Espressif/frameworks/esp-idf-v5.5.4/components/bootloader C:/Espressif/frameworks/esp-idf-v5.5.4/components/bootloader_support C:/Espressif/frameworks/esp-idf-v5.5.4/components/bt C:/Espressif/frameworks/esp-idf-v5.5.4/components/cmock C:/Espressif/frameworks/esp-idf-v5.5.4/components/console C:/Espressif/frameworks/esp-idf-v5.5.4/components/cxx C:/Espressif/frameworks/esp-idf-v5.5.4/components/driver C:/Espressif/frameworks/esp-idf-v5.5.4/components/efuse C:/Espressif/frameworks/esp-idf-v5.5.4/components/esp-tls C:/Espressif/frameworks/esp-idf-v5.5.4/components/esp_adc C:/Espressif/frameworks/esp-idf-v5.5.4/components/esp_app_format C:/Espressif/frameworks/esp-idf-v5.5.4/components/esp_bootloader_format C:/Espressif/frameworks/esp-idf-v5.5.4/components/esp_coex C:/Espressif/frameworks/esp-idf-v5.5.4/components/esp_common C:/Espressif/frameworks/esp-idf-v5.5.4/components/esp_driver_ana_cmpr C:/Espressif/frameworks/esp-idf-v5.5.4/components/esp_driver_bitscrambler C:/Espressif/frameworks/esp-idf-v5.5.4/components/esp_driver_cam C:/Espressif/frameworks/esp-idf-v5.5.4/components/esp_driver_dac C:/Espressif/frameworks/esp-idf-v5.5.4/components/esp_driver_gpio C:/Espressif/frameworks/esp-idf-v5.5.4/components/esp_driver_gptimer C:/Espressif/frameworks/esp-idf-v5.5.4/components/esp_driver_i2c C:/Espressif/frameworks/esp-idf-v5.5.4/components/esp_driver_i2s C:/Espressif/frameworks/esp-idf-v5.5.4/components/esp_driver_isp C:/Espressif/frameworks/esp-idf-v5.5.4/components/esp_driver_jpeg C:/Espressif/frameworks/esp-idf-v5.5.4/components/esp_driver_ledc C:/Espressif/frameworks/esp-idf-v5.5.4/components/esp_driver_mcpwm C:/Espressif/frameworks/esp-idf-v5.5.4/components/esp_driver_parlio C:/Espressif/frameworks/esp-idf-v5.5.4/components/esp_driver_pcnt C:/Espressif/frameworks/esp-idf-v5.5.4/components/esp_driver_ppa C:/Espressif/frameworks/esp-idf-v5.5.4/components/esp_driver_rmt C:/Espressif/frameworks/esp-idf-v5.5.4/components/esp_driver_sdio C:/Espressif/frameworks/esp-idf-v5.5.4/components/esp_driver_sdm C:/Espressif/frameworks/esp-idf-v5.5.4/components/esp_driver_sdmmc C:/Espressif/frameworks/esp-idf-v5.5.4/components/esp_driver_sdspi C:/Espressif/frameworks/esp-idf-v5.5.4/components/esp_driver_spi C:/Espressif/frameworks/esp-idf-v5.5.4/components/esp_driver_touch_sens C:/Espressif/frameworks/esp-idf-v5.5.4/components/esp_driver_tsens C:/Espressif/frameworks/esp-idf-v5.5.4/components/esp_driver_twai C:/Espressif/frameworks/esp-idf-v5.5.4/components/esp_driver_uart C:/Espressif/frameworks/esp-idf-v5.5.4/components/esp_driver_usb_serial_jtag C:/Espressif/frameworks/esp-idf-v5.5.4/components/esp_eth C:/Espressif/frameworks/esp-idf-v5.5.4/components/esp_event C:/Espressif/frameworks/esp-idf-v5.5.4/components/esp_gdbstub C:/Espressif/frameworks/esp-idf-v5.5.4/components/esp_hal_ieee802154 C:/Espressif/frameworks/esp-idf-v5.5.4/components/esp_hid C:/Espressif/frameworks/esp-idf-v5.5.4/components/esp_http_client C:/Espressif/frameworks/esp-idf-v5.5.4/components/esp_http_server C:/Espressif/frameworks/esp-idf-v5.5.4/components/esp_https_ota C:/Espressif/frameworks/esp-idf-v5.5.4/components/esp_https_server C:/Espressif/frameworks/esp-idf-v5.5.4/components/esp_hw_support C:/Espressif/frameworks/esp-idf-v5.5.4/components/esp_lcd C:/Espressif/frameworks/esp-idf-v5.5.4/components/esp_local_ctrl C:/Espressif/frameworks/esp-idf-v5.5.4/components/esp_mm C:/Espressif/frameworks/esp-idf-v5.5.4/components/esp_netif C:/Espressif/frameworks/esp-idf-v5.5.4/components/esp_netif_stack C:/Espressif/frameworks/esp-idf-v5.5.4/components/esp_partition C:/Espressif/frameworks/esp-idf-v5.5.4/components/esp_phy C:/Espressif/frameworks/esp-idf-v5.5.4/components/esp_pm C:/Espressif/frameworks/esp-idf-v5.5.4/components/esp_psram C:/Espressif/frameworks/esp-idf-v5.5.4/components/esp_ringbuf C:/Espressif/frameworks/esp-idf-v5.5.4/components/esp_rom C:/Espressif/frameworks/esp-idf-v5.5.4/components/esp_security C:/Espressif/frameworks/esp-idf-v5.5.4/components/esp_system C:/Espressif/frameworks/esp-idf-v5.5.4/components/esp_timer C:/Espressif/frameworks/esp-idf-v5.5.4/components/esp_vfs_console C:/Espressif/frameworks/esp-idf-v5.5.4/components/esp_wifi C:/Espressif/frameworks/esp-idf-v5.5.4/components/espcoredump C:/Espressif/frameworks/esp-idf-v5.5.4/components/esptool_py C:/Espressif/frameworks/esp-idf-v5.5.4/components/fatfs C:/Espressif/frameworks/esp-idf-v5.5.4/components/freertos C:/Espressif/frameworks/esp-idf-v5.5.4/components/hal C:/Espressif/frameworks/esp-idf-v5.5.4/components/heap C:/Espressif/frameworks/esp-idf-v5.5.4/components/http_parser C:/Espressif/frameworks/esp-idf-v5.5.4/components/idf_test C:/Espressif/frameworks/esp-idf-v5.5.4/components/ieee802154 C:/Espressif/frameworks/esp-idf-v5.5.4/components/json C:/Espressif/frameworks/esp-idf-v5.5.4/components/log C:/Espressif/frameworks/esp-idf-v5.5.4/components/lwip C:/Users/Angelo Calpoporo/CLionProjects/NIS16-ESP32-Environment/child_node/main C:/Espressif/frameworks/esp-idf-v5.5.4/components/mbedtls C:/Users/Angelo Calpoporo/CLionProjects/NIS16-ESP32-Environment/components/mesh_common C:/Espressif/frameworks/esp-idf-v5.5.4/components/mqtt C:/Espressif/frameworks/esp-idf-v5.5.4/components/newlib C:/Espressif/frameworks/esp-idf-v5.5.4/components/nvs_flash C:/Espressif/frameworks/esp-idf-v5.5.4/components/nvs_sec_provider C:/Espressif/frameworks/esp-idf-v5.5.4/components/openthread C:/Espressif/frameworks/esp-idf-v5.5.4/components/partition_table C:/Espressif/frameworks/esp-idf-v5.5.4/components/perfmon C:/Espressif/frameworks/esp-idf-v5.5.4/components/protobuf-c C:/Espressif/frameworks/esp-idf-v5.5.4/components/protocomm C:/Espressif/frameworks/esp-idf-v5.5.4/components/pthread C:/Espressif/frameworks/esp-idf-v5.5.4/components/rt C:/Espressif/frameworks/esp-idf-v5.5.4/components/sdmmc C:/Espressif/frameworks/esp-idf-v5.5.4/components/soc C:/Espressif/frameworks/esp-idf-v5.5.4/components/spi_flash C:/Espressif/frameworks/esp-idf-v5.5.4/components/spiffs C:/Espressif/frameworks/esp-idf-v5.5.4/components/tcp_transport C:/Espressif/frameworks/esp-idf-v5.5.4/components/ulp C:/Espressif/frameworks/esp-idf-v5.5.4/components/unity C:/Espressif/frameworks/esp-idf-v5.5.4/components/usb C:/Espressif/frameworks/esp-idf-v5.5.4/components/vfs C:/Espressif/frameworks/esp-idf-v5.5.4/components/wear_levelling C:/Espressif/frameworks/esp-idf-v5.5.4/components/wifi_provisioning C:/Espressif/frameworks/esp-idf-v5.5.4/components/wpa_supplicant C:/Espressif/frameworks/esp-idf-v5.5.4/components/xtensa
-- Configuring done (15.7s)
-- Generating done (3.1s)
-- Build files have been written to: C:/Users/Angelo Calpoporo/CLionProjects/NIS16-ESP32-Environment/child_node/build_check_CHILD_plain
Running ninja in directory 'C:\Users\Angelo Calpoporo\CLionProjects\NIS16-ESP32-Environment\child_node\build_check_CHILD_plain'
Executing "ninja all"...
[1/1031] Generating project_elf_src_esp32.c

[2/1031] Generating C:/Users/Angelo Calpoporo/CLionProjects/NIS16-ESP32-Environment/child_node/build_check_CHILD_plain/esp-idf/esp_system/ld/memory.ld linker script...

[3/1031] Generating C:/Users/Angelo Calpoporo/CLionProjects/NIS16-ESP32-Environment/child_node/build_check_CHILD_plain/esp-idf/esp_system/ld/sections.ld.in linker script...

[4/1031] Generating ../../ota_data_initial.bin

[5/1031] Generating ../../partition_table/partition-table.bin

Partition table binary generated. Contents:

*******************************************************************************

# ESP-IDF Partition Table


# Name, Type, SubType, Offset, Size, Flags


nvs,data,nvs,0x9000,20K,


otadata,data,ota,0xe000,8K,


app0,app,ota_0,0x10000,1536K,


spiffs,data,spiffs,0x190000,2496K,


*******************************************************************************

[6/1031] Building C object esp-idf/esp_adc/CMakeFiles/__idf_esp_adc.dir/adc_cali.c.obj

[7/1031] Building C object esp-idf/esp_adc/CMakeFiles/__idf_esp_adc.dir/adc_cali_curve_fitting.c.obj

[8/1031] Building C object esp-idf/esp_http_client/CMakeFiles/__idf_esp_http_client.dir/lib/http_utils.c.obj

[9/1031] Building C object esp-idf/esp_http_server/CMakeFiles/__idf_esp_http_server.dir/src/httpd_ws.c.obj

[10/1031] Building C object esp-idf/esp_http_client/CMakeFiles/__idf_esp_http_client.dir/lib/http_header.c.obj

[11/1031] Building C object esp-idf/esp_http_server/CMakeFiles/__idf_esp_http_server.dir/src/util/ctrl_sock.c.obj

[12/1031] Building C object esp-idf/esp_https_ota/CMakeFiles/__idf_esp_https_ota.dir/src/esp_https_ota.c.obj

[13/1031] Building C object esp-idf/esp_http_server/CMakeFiles/__idf_esp_http_server.dir/src/httpd_uri.c.obj

[14/1031] Building C object esp-idf/esp_http_server/CMakeFiles/__idf_esp_http_server.dir/src/httpd_sess.c.obj

[15/1031] Building C object esp-idf/esp_adc/CMakeFiles/__idf_esp_adc.dir/adc_common.c.obj

[16/1031] Building C object esp-idf/esp_http_server/CMakeFiles/__idf_esp_http_server.dir/src/httpd_parse.c.obj

[17/1031] Building C object esp-idf/esp_http_server/CMakeFiles/__idf_esp_http_server.dir/src/httpd_txrx.c.obj

[18/1031] Building C object esp-idf/esp_http_client/CMakeFiles/__idf_esp_http_client.dir/lib/http_auth.c.obj

[19/1031] Building C object esp-idf/tcp_transport/CMakeFiles/__idf_tcp_transport.dir/transport_socks_proxy.c.obj

[20/1031] Building C object esp-idf/esp_http_server/CMakeFiles/__idf_esp_http_server.dir/src/httpd_main.c.obj

[21/1031] Building C object esp-idf/esp_adc/CMakeFiles/__idf_esp_adc.dir/adc_oneshot.c.obj

[22/1031] Building C object esp-idf/esp_adc/CMakeFiles/__idf_esp_adc.dir/deprecated/esp_adc_cal_common_legacy.c.obj

[23/1031] Building C object esp-idf/tcp_transport/CMakeFiles/__idf_tcp_transport.dir/transport.c.obj

[24/1031] Linking C static library esp-idf\esp_https_ota\libesp_https_ota.a

[25/1031] Building C object esp-idf/tcp_transport/CMakeFiles/__idf_tcp_transport.dir/transport_internal.c.obj

[26/1031] Building C object esp-idf/tcp_transport/CMakeFiles/__idf_tcp_transport.dir/transport_ws.c.obj

[27/1031] Building C object esp-idf/tcp_transport/CMakeFiles/__idf_tcp_transport.dir/transport_ssl.c.obj

[28/1031] Building C object esp-idf/esp-tls/CMakeFiles/__idf_esp-tls.dir/esp_tls_platform_port.c.obj

[29/1031] Building C object esp-idf/esp_http_client/CMakeFiles/__idf_esp_http_client.dir/esp_http_client.c.obj

[30/1031] Building C object esp-idf/esp_adc/CMakeFiles/__idf_esp_adc.dir/esp32/adc_cali_line_fitting.c.obj

[31/1031] Building C object esp-idf/esp-tls/CMakeFiles/__idf_esp-tls.dir/esp-tls-crypto/esp_tls_crypto.c.obj

[32/1031] Building C object esp-idf/esp_adc/CMakeFiles/__idf_esp_adc.dir/deprecated/esp32/esp_adc_cal_legacy.c.obj

[33/1031] Building C object esp-idf/esp_adc/CMakeFiles/__idf_esp_adc.dir/esp32/adc_dma.c.obj

[34/1031] Linking C static library esp-idf\esp_http_server\libesp_http_server.a

[35/1031] Building C object esp-idf/driver/CMakeFiles/__idf_driver.dir/deprecated/esp32/dac_legacy.c.obj

[36/1031] Building C object esp-idf/esp-tls/CMakeFiles/__idf_esp-tls.dir/esp_tls_error_capture.c.obj

[37/1031] Building C object esp-idf/esp_adc/CMakeFiles/__idf_esp_adc.dir/adc_continuous.c.obj

[38/1031] Building C object esp-idf/driver/CMakeFiles/__idf_driver.dir/deprecated/dac_common_legacy.c.obj

[39/1031] Building C object esp-idf/http_parser/CMakeFiles/__idf_http_parser.dir/http_parser.c.obj

[40/1031] Building C object esp-idf/driver/CMakeFiles/__idf_driver.dir/deprecated/adc_legacy.c.obj

[41/1031] Building C object esp-idf/driver/CMakeFiles/__idf_driver.dir/deprecated/adc_dma_legacy.c.obj

[42/1031] Building C object esp-idf/driver/CMakeFiles/__idf_driver.dir/deprecated/timer_legacy.c.obj

[43/1031] Linking C static library esp-idf\esp_http_client\libesp_http_client.a

[44/1031] Building C object esp-idf/driver/CMakeFiles/__idf_driver.dir/deprecated/sigma_delta_legacy.c.obj

[45/1031] Building C object esp-idf/esp-tls/CMakeFiles/__idf_esp-tls.dir/esp_tls.c.obj

[46/1031] Building C object esp-idf/esp-tls/CMakeFiles/__idf_esp-tls.dir/esp_tls_mbedtls.c.obj

[47/1031] Building C object esp-idf/driver/CMakeFiles/__idf_driver.dir/touch_sensor/touch_sensor_common.c.obj

[48/1031] Building C object esp-idf/driver/CMakeFiles/__idf_driver.dir/deprecated/pcnt_legacy.c.obj

[49/1031] Building C object esp-idf/driver/CMakeFiles/__idf_driver.dir/deprecated/adc_i2s_deprecated.c.obj

[50/1031] Building C object esp-idf/driver/CMakeFiles/__idf_driver.dir/twai/twai.c.obj

[51/1031] Building C object esp-idf/driver/CMakeFiles/__idf_driver.dir/i2c/i2c.c.obj

[52/1031] Building C object esp-idf/driver/CMakeFiles/__idf_driver.dir/deprecated/rmt_legacy.c.obj

[53/1031] Building C object esp-idf/esp_driver_twai/CMakeFiles/__idf_esp_driver_twai.dir/esp_twai.c.obj

[54/1031] Linking C static library esp-idf\tcp_transport\libtcp_transport.a

[55/1031] Building C object esp-idf/driver/CMakeFiles/__idf_driver.dir/touch_sensor/esp32/touch_sensor.c.obj

[56/1031] Building C object esp-idf/driver/CMakeFiles/__idf_driver.dir/deprecated/mcpwm_legacy.c.obj

[57/1031] Building C object esp-idf/driver/CMakeFiles/__idf_driver.dir/deprecated/i2s_legacy.c.obj

[58/1031] Building C object esp-idf/esp_driver_i2c/CMakeFiles/__idf_esp_driver_i2c.dir/i2c_common.c.obj

[59/1031] Building C object esp-idf/esp_driver_i2c/CMakeFiles/__idf_esp_driver_i2c.dir/i2c_slave.c.obj

[60/1031] Building C object esp-idf/esp_driver_twai/CMakeFiles/__idf_esp_driver_twai.dir/esp_twai_onchip.c.obj

[61/1031] Building C object esp-idf/esp_driver_rmt/CMakeFiles/__idf_esp_driver_rmt.dir/src/rmt_common.c.obj

[62/1031] Building C object esp-idf/esp_driver_rmt/CMakeFiles/__idf_esp_driver_rmt.dir/src/rmt_encoder.c.obj

[63/1031] Building C object esp-idf/esp_driver_sdm/CMakeFiles/__idf_esp_driver_sdm.dir/src/sdm.c.obj

[64/1031] Linking C static library esp-idf\esp_adc\libesp_adc.a

[65/1031] Building C object esp-idf/esp_driver_ledc/CMakeFiles/__idf_esp_driver_ledc.dir/src/ledc.c.obj

[66/1031] Building C object esp-idf/esp_driver_i2c/CMakeFiles/__idf_esp_driver_i2c.dir/i2c_master.c.obj

[67/1031] Building C object esp-idf/esp_driver_sdspi/CMakeFiles/__idf_esp_driver_sdspi.dir/src/sdspi_crc.c.obj

[68/1031] Building C object esp-idf/esp_driver_rmt/CMakeFiles/__idf_esp_driver_rmt.dir/src/rmt_encoder_bytes.c.obj

[69/1031] Building C object esp-idf/esp_driver_rmt/CMakeFiles/__idf_esp_driver_rmt.dir/src/rmt_encoder_copy.c.obj

[70/1031] Building C object esp-idf/esp_driver_rmt/CMakeFiles/__idf_esp_driver_rmt.dir/src/rmt_encoder_simple.c.obj

[71/1031] Building C object esp-idf/esp_driver_dac/CMakeFiles/__idf_esp_driver_dac.dir/dac_cosine.c.obj

[72/1031] Building C object esp-idf/esp_driver_dac/CMakeFiles/__idf_esp_driver_dac.dir/dac_oneshot.c.obj

[73/1031] Building C object esp-idf/esp_driver_dac/CMakeFiles/__idf_esp_driver_dac.dir/dac_common.c.obj

[74/1031] Linking C static library esp-idf\esp-tls\libesp-tls.a

[75/1031] Building C object esp-idf/esp_driver_rmt/CMakeFiles/__idf_esp_driver_rmt.dir/src/rmt_rx.c.obj

[76/1031] Building C object esp-idf/esp_driver_dac/CMakeFiles/__idf_esp_driver_dac.dir/dac_continuous.c.obj

[77/1031] Building C object esp-idf/esp_driver_sdio/CMakeFiles/__idf_esp_driver_sdio.dir/src/sdio_slave.c.obj

[78/1031] Building C object esp-idf/esp_driver_dac/CMakeFiles/__idf_esp_driver_dac.dir/esp32/dac_dma.c.obj

[79/1031] Building C object esp-idf/esp_driver_rmt/CMakeFiles/__idf_esp_driver_rmt.dir/src/rmt_tx.c.obj

[80/1031] Building C object esp-idf/sdmmc/CMakeFiles/__idf_sdmmc.dir/sdmmc_init.c.obj

[81/1031] Building C object esp-idf/esp_driver_sdspi/CMakeFiles/__idf_esp_driver_sdspi.dir/src/sdspi_host.c.obj

[82/1031] Building C object esp-idf/sdmmc/CMakeFiles/__idf_sdmmc.dir/sdmmc_common.c.obj

[83/1031] Building C object esp-idf/esp_driver_sdmmc/CMakeFiles/__idf_esp_driver_sdmmc.dir/src/sdmmc_transaction.c.obj

[84/1031] Building C object esp-idf/sdmmc/CMakeFiles/__idf_sdmmc.dir/sdmmc_cmd.c.obj

[85/1031] Building C object esp-idf/esp_driver_sdspi/CMakeFiles/__idf_esp_driver_sdspi.dir/src/sdspi_transaction.c.obj

[86/1031] Building C object esp-idf/sdmmc/CMakeFiles/__idf_sdmmc.dir/sdmmc_mmc.c.obj

[87/1031] Linking C static library esp-idf\http_parser\libhttp_parser.a

[88/1031] Building C object esp-idf/sdmmc/CMakeFiles/__idf_sdmmc.dir/sd_pwr_ctrl/sd_pwr_ctrl.c.obj

[89/1031] Building C object esp-idf/sdmmc/CMakeFiles/__idf_sdmmc.dir/sdmmc_io.c.obj

[90/1031] Building C object esp-idf/sdmmc/CMakeFiles/__idf_sdmmc.dir/sdmmc_sd.c.obj

[91/1031] Building C object esp-idf/esp_driver_sdmmc/CMakeFiles/__idf_esp_driver_sdmmc.dir/src/sdmmc_host.c.obj

[92/1031] Building C object esp-idf/esp_driver_i2s/CMakeFiles/__idf_esp_driver_i2s.dir/i2s_std.c.obj

[93/1031] Building C object esp-idf/esp_driver_i2s/CMakeFiles/__idf_esp_driver_i2s.dir/i2s_platform.c.obj

[94/1031] Building C object esp-idf/esp_driver_mcpwm/CMakeFiles/__idf_esp_driver_mcpwm.dir/src/mcpwm_cmpr.c.obj

[95/1031] Building C object esp-idf/esp_driver_mcpwm/CMakeFiles/__idf_esp_driver_mcpwm.dir/src/mcpwm_cap.c.obj

[96/1031] Linking C static library esp-idf\driver\libdriver.a

[97/1031] Building C object esp-idf/esp_driver_i2s/CMakeFiles/__idf_esp_driver_i2s.dir/i2s_pdm.c.obj

[98/1031] Building ASM object esp-idf/esp_gdbstub/CMakeFiles/__idf_esp_gdbstub.dir/src/port/xtensa/gdbstub-entry.S.obj

[99/1031] Building C object esp-idf/esp_gdbstub/CMakeFiles/__idf_esp_gdbstub.dir/src/packet.c.obj

[100/1031] Building ASM object esp-idf/esp_gdbstub/CMakeFiles/__idf_esp_gdbstub.dir/src/port/xtensa/xt_debugexception.S.obj

[101/1031] Building C object esp-idf/esp_driver_mcpwm/CMakeFiles/__idf_esp_driver_mcpwm.dir/src/mcpwm_com.c.obj

[102/1031] Building C object esp-idf/esp_driver_mcpwm/CMakeFiles/__idf_esp_driver_mcpwm.dir/src/mcpwm_oper.c.obj

[103/1031] Building C object esp-idf/esp_driver_i2s/CMakeFiles/__idf_esp_driver_i2s.dir/i2s_common.c.obj

[104/1031] Building C object esp-idf/esp_gdbstub/CMakeFiles/__idf_esp_gdbstub.dir/src/gdbstub.c.obj

[105/1031] Building C object esp-idf/esp_gdbstub/CMakeFiles/__idf_esp_gdbstub.dir/src/port/xtensa/gdbstub_xtensa.c.obj

[106/1031] Building C object esp-idf/esp_gdbstub/CMakeFiles/__idf_esp_gdbstub.dir/src/gdbstub_transport.c.obj

[107/1031] Building C object esp-idf/esp_driver_mcpwm/CMakeFiles/__idf_esp_driver_mcpwm.dir/src/mcpwm_fault.c.obj

[108/1031] Building C object esp-idf/esp_driver_mcpwm/CMakeFiles/__idf_esp_driver_mcpwm.dir/src/mcpwm_timer.c.obj

[109/1031] Building C object esp-idf/esp_driver_mcpwm/CMakeFiles/__idf_esp_driver_mcpwm.dir/src/mcpwm_gen.c.obj

[110/1031] Building C object esp-idf/esp_driver_mcpwm/CMakeFiles/__idf_esp_driver_mcpwm.dir/src/mcpwm_sync.c.obj

[111/1031] Building C object esp-idf/esp_driver_pcnt/CMakeFiles/__idf_esp_driver_pcnt.dir/src/pulse_cnt.c.obj

[112/1031] Building C object esp-idf/esp_wifi/CMakeFiles/__idf_esp_wifi.dir/src/lib_printf.c.obj

[113/1031] Building C object esp-idf/esp_wifi/CMakeFiles/__idf_esp_wifi.dir/src/mesh_event.c.obj

[114/1031] Linking C static library esp-idf\esp_driver_twai\libesp_driver_twai.a

[115/1031] Building C object esp-idf/esp_coex/CMakeFiles/__idf_esp_coex.dir/src/coexist_debug_diagram.c.obj

[116/1031] Building C object esp-idf/esp_wifi/CMakeFiles/__idf_esp_wifi.dir/src/smartconfig.c.obj

[117/1031] Building C object esp-idf/esp_wifi/CMakeFiles/__idf_esp_wifi.dir/src/wifi_default_ap.c.obj

[118/1031] Building C object esp-idf/esp_coex/CMakeFiles/__idf_esp_coex.dir/src/coexist_debug.c.obj

[119/1031] Building C object esp-idf/esp_wifi/CMakeFiles/__idf_esp_wifi.dir/src/wifi_init.c.obj

[120/1031] Building C object esp-idf/esp_wifi/CMakeFiles/__idf_esp_wifi.dir/src/wifi_default.c.obj

[121/1031] Linking C static library esp-idf\esp_driver_ledc\libesp_driver_ledc.a

[122/1031] Building C object esp-idf/esp_wifi/CMakeFiles/__idf_esp_wifi.dir/regulatory/esp_wifi_regulatory.c.obj

[123/1031] Building C object esp-idf/esp_coex/CMakeFiles/__idf_esp_coex.dir/esp32/esp_coex_adapter.c.obj

[124/1031] Building C object esp-idf/esp_wifi/CMakeFiles/__idf_esp_wifi.dir/src/wifi_netif.c.obj

[125/1031] Building C object esp-idf/esp_wifi/CMakeFiles/__idf_esp_wifi.dir/src/smartconfig_ack.c.obj

[126/1031] Building C object esp-idf/esp_wifi/CMakeFiles/__idf_esp_wifi.dir/esp32/esp_adapter.c.obj

[127/1031] Building C object esp-idf/wpa_supplicant/CMakeFiles/__idf_wpa_supplicant.dir/src/ap/ieee802_1x.c.obj

[128/1031] Building C object esp-idf/wpa_supplicant/CMakeFiles/__idf_wpa_supplicant.dir/src/ap/pmksa_cache_auth.c.obj

[129/1031] Building C object esp-idf/wpa_supplicant/CMakeFiles/__idf_wpa_supplicant.dir/port/eloop.c.obj

[130/1031] Building C object esp-idf/wpa_supplicant/CMakeFiles/__idf_wpa_supplicant.dir/port/os_xtensa.c.obj

[131/1031] Building C object esp-idf/wpa_supplicant/CMakeFiles/__idf_wpa_supplicant.dir/src/ap/ap_config.c.obj

[132/1031] Building C object esp-idf/wpa_supplicant/CMakeFiles/__idf_wpa_supplicant.dir/src/ap/comeback_token.c.obj

[133/1031] Building C object esp-idf/wpa_supplicant/CMakeFiles/__idf_wpa_supplicant.dir/src/ap/wpa_auth_ie.c.obj

[134/1031] Building C object esp-idf/wpa_supplicant/CMakeFiles/__idf_wpa_supplicant.dir/src/ap/ieee802_11.c.obj

[135/1031] Building C object esp-idf/wpa_supplicant/CMakeFiles/__idf_wpa_supplicant.dir/src/ap/sta_info.c.obj

[136/1031] Building C object esp-idf/wpa_supplicant/CMakeFiles/__idf_wpa_supplicant.dir/src/ap/wpa_auth.c.obj

[137/1031] Linking C static library esp-idf\esp_driver_i2c\libesp_driver_i2c.a

[138/1031] Building C object esp-idf/wpa_supplicant/CMakeFiles/__idf_wpa_supplicant.dir/src/common/dragonfly.c.obj

[139/1031] Building C object esp-idf/wpa_supplicant/CMakeFiles/__idf_wpa_supplicant.dir/src/utils/bitfield.c.obj

[140/1031] Building C object esp-idf/wpa_supplicant/CMakeFiles/__idf_wpa_supplicant.dir/src/crypto/aes-siv.c.obj

[141/1031] Building C object esp-idf/wpa_supplicant/CMakeFiles/__idf_wpa_supplicant.dir/src/common/wpa_common.c.obj

[142/1031] Building C object esp-idf/wpa_supplicant/CMakeFiles/__idf_wpa_supplicant.dir/src/crypto/sha256-kdf.c.obj

[143/1031] Building C object esp-idf/wpa_supplicant/CMakeFiles/__idf_wpa_supplicant.dir/src/common/sae.c.obj

[144/1031] Building C object esp-idf/wpa_supplicant/CMakeFiles/__idf_wpa_supplicant.dir/src/crypto/crypto_ops.c.obj

[145/1031] Building C object esp-idf/wpa_supplicant/CMakeFiles/__idf_wpa_supplicant.dir/src/crypto/ccmp.c.obj

[146/1031] Building C object esp-idf/wpa_supplicant/CMakeFiles/__idf_wpa_supplicant.dir/src/crypto/aes-gcm.c.obj

[147/1031] Building C object esp-idf/wpa_supplicant/CMakeFiles/__idf_wpa_supplicant.dir/src/crypto/dh_group5.c.obj

[148/1031] Building C object esp-idf/wpa_supplicant/CMakeFiles/__idf_wpa_supplicant.dir/src/crypto/sha1-tlsprf.c.obj

[149/1031] Linking C static library esp-idf\esp_driver_sdm\libesp_driver_sdm.a

[150/1031] Building C object esp-idf/wpa_supplicant/CMakeFiles/__idf_wpa_supplicant.dir/src/crypto/ms_funcs.c.obj

[151/1031] Building C object esp-idf/wpa_supplicant/CMakeFiles/__idf_wpa_supplicant.dir/src/crypto/sha256-tlsprf.c.obj

[152/1031] Building C object esp-idf/wpa_supplicant/CMakeFiles/__idf_wpa_supplicant.dir/src/crypto/sha384-tlsprf.c.obj

[153/1031] Building C object esp-idf/wpa_supplicant/CMakeFiles/__idf_wpa_supplicant.dir/src/crypto/dh_groups.c.obj

[154/1031] Building C object esp-idf/wpa_supplicant/CMakeFiles/__idf_wpa_supplicant.dir/src/crypto/sha256-prf.c.obj

[155/1031] Building C object esp-idf/wpa_supplicant/CMakeFiles/__idf_wpa_supplicant.dir/src/crypto/sha1-prf.c.obj

[156/1031] Building C object esp-idf/wpa_supplicant/CMakeFiles/__idf_wpa_supplicant.dir/src/crypto/sha384-prf.c.obj

[157/1031] Building C object esp-idf/wpa_supplicant/CMakeFiles/__idf_wpa_supplicant.dir/src/crypto/md4-internal.c.obj

[158/1031] Building C object esp-idf/wpa_supplicant/CMakeFiles/__idf_wpa_supplicant.dir/src/crypto/sha1-tprf.c.obj

[159/1031] Building C object esp-idf/wpa_supplicant/CMakeFiles/__idf_wpa_supplicant.dir/src/eap_common/eap_wsc_common.c.obj

[160/1031] Building C object esp-idf/wpa_supplicant/CMakeFiles/__idf_wpa_supplicant.dir/src/eap_peer/chap.c.obj

[161/1031] Linking C static library esp-idf\esp_driver_rmt\libesp_driver_rmt.a

[162/1031] Building C object esp-idf/wpa_supplicant/CMakeFiles/__idf_wpa_supplicant.dir/src/eap_peer/eap_common.c.obj

[163/1031] Building C object esp-idf/wpa_supplicant/CMakeFiles/__idf_wpa_supplicant.dir/src/common/ieee802_11_common.c.obj

[164/1031] Building C object esp-idf/wpa_supplicant/CMakeFiles/__idf_wpa_supplicant.dir/src/eap_peer/eap_mschapv2.c.obj

[165/1031] Building C object esp-idf/wpa_supplicant/CMakeFiles/__idf_wpa_supplicant.dir/src/eap_peer/eap_peap_common.c.obj

[166/1031] Building C object esp-idf/wpa_supplicant/CMakeFiles/__idf_wpa_supplicant.dir/src/eap_peer/mschapv2.c.obj

[167/1031] Building C object esp-idf/wpa_supplicant/CMakeFiles/__idf_wpa_supplicant.dir/src/eap_peer/eap.c.obj

[168/1031] Building C object esp-idf/wpa_supplicant/CMakeFiles/__idf_wpa_supplicant.dir/src/eap_peer/eap_tls_common.c.obj

[169/1031] Building C object esp-idf/wpa_supplicant/CMakeFiles/__idf_wpa_supplicant.dir/src/eap_peer/eap_fast_common.c.obj

[170/1031] Building C object esp-idf/wpa_supplicant/CMakeFiles/__idf_wpa_supplicant.dir/src/eap_peer/eap_tls.c.obj

[171/1031] Building C object esp-idf/wpa_supplicant/CMakeFiles/__idf_wpa_supplicant.dir/src/eap_peer/eap_peap.c.obj

[172/1031] Building C object esp-idf/wpa_supplicant/CMakeFiles/__idf_wpa_supplicant.dir/src/utils/base64.c.obj

[173/1031] Building C object esp-idf/wpa_supplicant/CMakeFiles/__idf_wpa_supplicant.dir/src/rsn_supp/pmksa_cache.c.obj

[174/1031] Building C object esp-idf/wpa_supplicant/CMakeFiles/__idf_wpa_supplicant.dir/src/eap_peer/eap_ttls.c.obj

[175/1031] Building C object esp-idf/wpa_supplicant/CMakeFiles/__idf_wpa_supplicant.dir/src/eap_peer/eap_fast_pac.c.obj

[176/1031] Building C object esp-idf/wpa_supplicant/CMakeFiles/__idf_wpa_supplicant.dir/src/utils/ext_password.c.obj

[177/1031] Building C object esp-idf/wpa_supplicant/CMakeFiles/__idf_wpa_supplicant.dir/src/rsn_supp/wpa_ie.c.obj

[178/1031] Building C object esp-idf/wpa_supplicant/CMakeFiles/__idf_wpa_supplicant.dir/src/utils/common.c.obj

[179/1031] Linking C static library esp-idf\esp_driver_dac\libesp_driver_dac.a

[180/1031] Building C object esp-idf/wpa_supplicant/CMakeFiles/__idf_wpa_supplicant.dir/src/utils/uuid.c.obj

[181/1031] Building C object esp-idf/wpa_supplicant/CMakeFiles/__idf_wpa_supplicant.dir/src/eap_peer/eap_fast.c.obj

[182/1031] Building C object esp-idf/wpa_supplicant/CMakeFiles/__idf_wpa_supplicant.dir/src/rsn_supp/wpa.c.obj

[183/1031] Building C object esp-idf/wpa_supplicant/CMakeFiles/__idf_wpa_supplicant.dir/src/utils/wpabuf.c.obj

[184/1031] Building C object esp-idf/wpa_supplicant/CMakeFiles/__idf_wpa_supplicant.dir/src/utils/wpa_debug.c.obj

[185/1031] Linking C static library esp-idf\esp_driver_sdio\libesp_driver_sdio.a

[186/1031] Building C object esp-idf/wpa_supplicant/CMakeFiles/__idf_wpa_supplicant.dir/src/wps/wps.c.obj

[187/1031] Building C object esp-idf/wpa_supplicant/CMakeFiles/__idf_wpa_supplicant.dir/src/utils/json.c.obj

[188/1031] Building C object esp-idf/wpa_supplicant/CMakeFiles/__idf_wpa_supplicant.dir/esp_supplicant/src/esp_wpa2_api_port.c.obj

[189/1031] Building C object esp-idf/wpa_supplicant/CMakeFiles/__idf_wpa_supplicant.dir/src/wps/wps_attr_parse.c.obj

[190/1031] Building C object esp-idf/wpa_supplicant/CMakeFiles/__idf_wpa_supplicant.dir/src/wps/wps_common.c.obj

[191/1031] Building C object esp-idf/wpa_supplicant/CMakeFiles/__idf_wpa_supplicant.dir/src/wps/wps_attr_build.c.obj

[192/1031] Building C object esp-idf/wpa_supplicant/CMakeFiles/__idf_wpa_supplicant.dir/src/wps/wps_attr_process.c.obj

[193/1031] Building C object esp-idf/wpa_supplicant/CMakeFiles/__idf_wpa_supplicant.dir/src/common/sae_pk.c.obj

[194/1031] Building C object esp-idf/wpa_supplicant/CMakeFiles/__idf_wpa_supplicant.dir/src/wps/wps_dev_attr.c.obj

[195/1031] Building C object esp-idf/wpa_supplicant/CMakeFiles/__idf_wpa_supplicant.dir/esp_supplicant/src/esp_owe.c.obj

[196/1031] Building C object esp-idf/wpa_supplicant/CMakeFiles/__idf_wpa_supplicant.dir/src/wps/wps_enrollee.c.obj

[197/1031] Building C object esp-idf/wpa_supplicant/CMakeFiles/__idf_wpa_supplicant.dir/esp_supplicant/src/esp_common.c.obj

[198/1031] Building C object esp-idf/wpa_supplicant/CMakeFiles/__idf_wpa_supplicant.dir/esp_supplicant/src/esp_wpas_glue.c.obj

[199/1031] Linking C static library esp-idf\esp_driver_sdspi\libesp_driver_sdspi.a

[200/1031] Building C object esp-idf/wpa_supplicant/CMakeFiles/__idf_wpa_supplicant.dir/esp_supplicant/src/esp_wpa_main.c.obj

[201/1031] Building C object esp-idf/wpa_supplicant/CMakeFiles/__idf_wpa_supplicant.dir/esp_supplicant/src/esp_wpa3.c.obj

[202/1031] Building C object esp-idf/wpa_supplicant/CMakeFiles/__idf_wpa_supplicant.dir/esp_supplicant/src/esp_hostap.c.obj

[203/1031] Building C object esp-idf/wpa_supplicant/CMakeFiles/__idf_wpa_supplicant.dir/esp_supplicant/src/esp_wps.c.obj

[204/1031] Building C object esp-idf/wpa_supplicant/CMakeFiles/__idf_wpa_supplicant.dir/esp_supplicant/src/esp_eap_client.c.obj

[205/1031] Building C object esp-idf/esp_netif/CMakeFiles/__idf_esp_netif.dir/esp_netif_handlers.c.obj

[206/1031] Building C object esp-idf/esp_netif/CMakeFiles/__idf_esp_netif.dir/esp_netif_defaults.c.obj

[207/1031] Building C object esp-idf/wpa_supplicant/CMakeFiles/__idf_wpa_supplicant.dir/src/crypto/rc4.c.obj

[208/1031] Building C object esp-idf/wpa_supplicant/CMakeFiles/__idf_wpa_supplicant.dir/src/crypto/des-internal.c.obj

[209/1031] Building C object esp-idf/wpa_supplicant/CMakeFiles/__idf_wpa_supplicant.dir/esp_supplicant/src/crypto/crypto_mbedtls.c.obj

[210/1031] Building C object esp-idf/wpa_supplicant/CMakeFiles/__idf_wpa_supplicant.dir/src/crypto/aes-unwrap.c.obj

[211/1031] Building C object esp-idf/wpa_supplicant/CMakeFiles/__idf_wpa_supplicant.dir/esp_supplicant/src/crypto/crypto_mbedtls-bignum.c.obj

[212/1031] Linking C static library esp-idf\esp_driver_sdmmc\libesp_driver_sdmmc.a

[213/1031] Building C object esp-idf/wpa_supplicant/CMakeFiles/__idf_wpa_supplicant.dir/src/crypto/aes-ccm.c.obj

[214/1031] Building C object esp-idf/wpa_supplicant/CMakeFiles/__idf_wpa_supplicant.dir/src/crypto/aes-wrap.c.obj

[215/1031] Building C object esp-idf/esp_netif/CMakeFiles/__idf_esp_netif.dir/esp_netif_objects.c.obj

[216/1031] Building C object esp-idf/wpa_supplicant/CMakeFiles/__idf_wpa_supplicant.dir/esp_supplicant/src/crypto/tls_mbedtls.c.obj

[217/1031] Building C object esp-idf/wpa_supplicant/CMakeFiles/__idf_wpa_supplicant.dir/esp_supplicant/src/crypto/fastpbkdf2.c.obj

[218/1031] Building C object esp-idf/wpa_supplicant/CMakeFiles/__idf_wpa_supplicant.dir/esp_supplicant/src/crypto/crypto_mbedtls-rsa.c.obj

[219/1031] Building C object esp-idf/esp_netif/CMakeFiles/__idf_esp_netif.dir/lwip/esp_netif_sntp.c.obj

[220/1031] Building C object esp-idf/wpa_supplicant/CMakeFiles/__idf_wpa_supplicant.dir/esp_supplicant/src/crypto/crypto_mbedtls-ec.c.obj

[221/1031] Building C object esp-idf/esp_netif/CMakeFiles/__idf_esp_netif.dir/lwip/esp_netif_lwip_defaults.c.obj

[222/1031] Building C object esp-idf/esp_netif/CMakeFiles/__idf_esp_netif.dir/lwip/netif/esp_pbuf_ref.c.obj

[223/1031] Building C object esp-idf/esp_netif/CMakeFiles/__idf_esp_netif.dir/lwip/netif/ethernetif.c.obj

[224/1031] Building C object esp-idf/esp_netif/CMakeFiles/__idf_esp_netif.dir/lwip/netif/wlanif.c.obj

[225/1031] Linking C static library esp-idf\sdmmc\libsdmmc.a

[226/1031] Building C object esp-idf/lwip/CMakeFiles/__idf_lwip.dir/apps/sntp/sntp.c.obj

[227/1031] Building C object esp-idf/esp_netif/CMakeFiles/__idf_esp_netif.dir/lwip/esp_netif_lwip.c.obj

[228/1031] Building C object esp-idf/lwip/CMakeFiles/__idf_lwip.dir/lwip/src/api/err.c.obj

[229/1031] Building C object esp-idf/lwip/CMakeFiles/__idf_lwip.dir/lwip/src/api/if_api.c.obj

[230/1031] Building C object esp-idf/lwip/CMakeFiles/__idf_lwip.dir/lwip/src/api/netdb.c.obj

[231/1031] Building C object esp-idf/lwip/CMakeFiles/__idf_lwip.dir/lwip/src/api/netbuf.c.obj

[232/1031] Building C object esp-idf/lwip/CMakeFiles/__idf_lwip.dir/lwip/src/api/api_lib.c.obj

[233/1031] Building C object esp-idf/lwip/CMakeFiles/__idf_lwip.dir/lwip/src/api/api_msg.c.obj

[234/1031] Building C object esp-idf/lwip/CMakeFiles/__idf_lwip.dir/lwip/src/api/tcpip.c.obj

[235/1031] Building C object esp-idf/lwip/CMakeFiles/__idf_lwip.dir/lwip/src/api/netifapi.c.obj

[236/1031] Linking C static library esp-idf\esp_driver_i2s\libesp_driver_i2s.a

[237/1031] Building C object esp-idf/lwip/CMakeFiles/__idf_lwip.dir/lwip/src/apps/sntp/sntp.c.obj

[238/1031] Building C object esp-idf/lwip/CMakeFiles/__idf_lwip.dir/lwip/src/apps/netbiosns/netbiosns.c.obj

[239/1031] Building C object esp-idf/lwip/CMakeFiles/__idf_lwip.dir/lwip/src/core/def.c.obj

[240/1031] Building C object esp-idf/lwip/CMakeFiles/__idf_lwip.dir/lwip/src/core/mem.c.obj

[241/1031] Building C object esp-idf/lwip/CMakeFiles/__idf_lwip.dir/lwip/src/core/ip.c.obj

[242/1031] Building C object esp-idf/lwip/CMakeFiles/__idf_lwip.dir/lwip/src/api/sockets.c.obj

[243/1031] Building C object esp-idf/lwip/CMakeFiles/__idf_lwip.dir/lwip/src/core/dns.c.obj

[244/1031] Building C object esp-idf/lwip/CMakeFiles/__idf_lwip.dir/lwip/src/core/inet_chksum.c.obj

[245/1031] Building C object esp-idf/lwip/CMakeFiles/__idf_lwip.dir/lwip/src/core/init.c.obj

[246/1031] Building C object esp-idf/lwip/CMakeFiles/__idf_lwip.dir/lwip/src/core/memp.c.obj

[247/1031] Linking C static library esp-idf\esp_driver_mcpwm\libesp_driver_mcpwm.a

[248/1031] Building C object esp-idf/lwip/CMakeFiles/__idf_lwip.dir/lwip/src/core/stats.c.obj

[249/1031] Building C object esp-idf/lwip/CMakeFiles/__idf_lwip.dir/lwip/src/core/netif.c.obj

[250/1031] Building C object esp-idf/lwip/CMakeFiles/__idf_lwip.dir/lwip/src/core/pbuf.c.obj

[251/1031] Building C object esp-idf/lwip/CMakeFiles/__idf_lwip.dir/lwip/src/core/raw.c.obj

[252/1031] Building C object esp-idf/lwip/CMakeFiles/__idf_lwip.dir/lwip/src/core/sys.c.obj

[253/1031] Building C object esp-idf/lwip/CMakeFiles/__idf_lwip.dir/lwip/src/core/ipv4/autoip.c.obj

[254/1031] Building C object esp-idf/lwip/CMakeFiles/__idf_lwip.dir/lwip/src/core/tcp_out.c.obj

[255/1031] Building C object esp-idf/lwip/CMakeFiles/__idf_lwip.dir/lwip/src/core/timeouts.c.obj

[256/1031] Linking C static library esp-idf\esp_driver_pcnt\libesp_driver_pcnt.a

[257/1031] Building C object esp-idf/lwip/CMakeFiles/__idf_lwip.dir/lwip/src/core/ipv4/etharp.c.obj

[258/1031] Building C object esp-idf/lwip/CMakeFiles/__idf_lwip.dir/lwip/src/core/udp.c.obj

[259/1031] Building C object esp-idf/lwip/CMakeFiles/__idf_lwip.dir/lwip/src/core/tcp.c.obj

[260/1031] Building C object esp-idf/lwip/CMakeFiles/__idf_lwip.dir/lwip/src/core/tcp_in.c.obj

[261/1031] Building C object esp-idf/lwip/CMakeFiles/__idf_lwip.dir/lwip/src/core/ipv4/ip4_frag.c.obj

[262/1031] Building C object esp-idf/lwip/CMakeFiles/__idf_lwip.dir/lwip/src/core/ipv4/icmp.c.obj

[263/1031] Building C object esp-idf/lwip/CMakeFiles/__idf_lwip.dir/lwip/src/core/ipv4/dhcp.c.obj

[264/1031] Building C object esp-idf/lwip/CMakeFiles/__idf_lwip.dir/lwip/src/core/ipv4/igmp.c.obj

[265/1031] Building C object esp-idf/lwip/CMakeFiles/__idf_lwip.dir/lwip/src/core/ipv4/ip4_napt.c.obj

[266/1031] Building C object esp-idf/lwip/CMakeFiles/__idf_lwip.dir/lwip/src/core/ipv4/ip4_addr.c.obj

[267/1031] Building C object esp-idf/lwip/CMakeFiles/__idf_lwip.dir/lwip/src/core/ipv6/dhcp6.c.obj

[268/1031] Building C object esp-idf/lwip/CMakeFiles/__idf_lwip.dir/lwip/src/core/ipv4/ip4.c.obj

[269/1031] Building C object esp-idf/lwip/CMakeFiles/__idf_lwip.dir/lwip/src/core/ipv6/ethip6.c.obj

[270/1031] Building C object esp-idf/lwip/CMakeFiles/__idf_lwip.dir/lwip/src/core/ipv6/inet6.c.obj

[271/1031] Linking C static library esp-idf\esp_gdbstub\libesp_gdbstub.a

[272/1031] Building C object esp-idf/lwip/CMakeFiles/__idf_lwip.dir/lwip/src/core/ipv6/icmp6.c.obj

[273/1031] Building C object esp-idf/lwip/CMakeFiles/__idf_lwip.dir/lwip/src/core/ipv6/ip6_addr.c.obj

[274/1031] Building C object esp-idf/lwip/CMakeFiles/__idf_lwip.dir/lwip/src/core/ipv6/ip6_frag.c.obj

[275/1031] Building C object esp-idf/lwip/CMakeFiles/__idf_lwip.dir/lwip/src/core/ipv6/ip6.c.obj

[276/1031] Building C object esp-idf/lwip/CMakeFiles/__idf_lwip.dir/lwip/src/netif/ethernet.c.obj

[277/1031] Building C object esp-idf/lwip/CMakeFiles/__idf_lwip.dir/lwip/src/core/ipv6/mld6.c.obj

[278/1031] Building C object esp-idf/lwip/CMakeFiles/__idf_lwip.dir/lwip/src/netif/bridgeif_fdb.c.obj

[279/1031] Building C object esp-idf/lwip/CMakeFiles/__idf_lwip.dir/lwip/src/netif/bridgeif.c.obj

[280/1031] Building C object esp-idf/lwip/CMakeFiles/__idf_lwip.dir/lwip/src/netif/ppp/demand.c.obj

[281/1031] Building C object esp-idf/lwip/CMakeFiles/__idf_lwip.dir/lwip/src/netif/ppp/chap-new.c.obj

[282/1031] Linking C static library esp-idf\esp_wifi\libesp_wifi.a

[283/1031] Building C object esp-idf/lwip/CMakeFiles/__idf_lwip.dir/lwip/src/netif/slipif.c.obj

[284/1031] Building C object esp-idf/lwip/CMakeFiles/__idf_lwip.dir/lwip/src/netif/ppp/chap-md5.c.obj

[285/1031] Building C object esp-idf/lwip/CMakeFiles/__idf_lwip.dir/lwip/src/netif/ppp/ccp.c.obj

[286/1031] Building C object esp-idf/lwip/CMakeFiles/__idf_lwip.dir/lwip/src/netif/ppp/auth.c.obj

[287/1031] Building C object esp-idf/lwip/CMakeFiles/__idf_lwip.dir/lwip/src/netif/ppp/chap_ms.c.obj

[288/1031] Building C object esp-idf/lwip/CMakeFiles/__idf_lwip.dir/lwip/src/netif/ppp/eap.c.obj

[289/1031] Building C object esp-idf/lwip/CMakeFiles/__idf_lwip.dir/lwip/src/netif/ppp/ecp.c.obj

[290/1031] Building C object esp-idf/lwip/CMakeFiles/__idf_lwip.dir/lwip/src/core/ipv6/nd6.c.obj

[291/1031] Building C object esp-idf/lwip/CMakeFiles/__idf_lwip.dir/lwip/src/netif/ppp/eui64.c.obj

[292/1031] Linking C static library esp-idf\esp_coex\libesp_coex.a

[293/1031] Building C object esp-idf/lwip/CMakeFiles/__idf_lwip.dir/lwip/src/netif/ppp/ipcp.c.obj

[294/1031] Building C object esp-idf/lwip/CMakeFiles/__idf_lwip.dir/lwip/src/netif/ppp/fsm.c.obj

[295/1031] Building C object esp-idf/lwip/CMakeFiles/__idf_lwip.dir/lwip/src/netif/ppp/lcp.c.obj

[296/1031] Building C object esp-idf/lwip/CMakeFiles/__idf_lwip.dir/lwip/src/netif/ppp/ipv6cp.c.obj

[297/1031] Building C object esp-idf/lwip/CMakeFiles/__idf_lwip.dir/lwip/src/netif/ppp/mppe.c.obj

[298/1031] Building C object esp-idf/lwip/CMakeFiles/__idf_lwip.dir/lwip/src/netif/ppp/magic.c.obj

[299/1031] Building C object esp-idf/lwip/CMakeFiles/__idf_lwip.dir/lwip/src/netif/ppp/multilink.c.obj

[300/1031] Building C object esp-idf/lwip/CMakeFiles/__idf_lwip.dir/lwip/src/netif/ppp/pppcrypt.c.obj

[301/1031] Building C object esp-idf/lwip/CMakeFiles/__idf_lwip.dir/lwip/src/netif/ppp/ppp.c.obj

[302/1031] Building C object esp-idf/lwip/CMakeFiles/__idf_lwip.dir/lwip/src/netif/ppp/pppol2tp.c.obj

[303/1031] Building C object esp-idf/lwip/CMakeFiles/__idf_lwip.dir/lwip/src/netif/ppp/utils.c.obj

[304/1031] Building C object esp-idf/lwip/CMakeFiles/__idf_lwip.dir/lwip/src/netif/ppp/pppoe.c.obj

[305/1031] Building C object esp-idf/lwip/CMakeFiles/__idf_lwip.dir/lwip/src/netif/ppp/pppapi.c.obj

[306/1031] Building C object esp-idf/lwip/CMakeFiles/__idf_lwip.dir/lwip/src/netif/ppp/vj.c.obj

[307/1031] Building C object esp-idf/lwip/CMakeFiles/__idf_lwip.dir/lwip/src/netif/ppp/upap.c.obj

[308/1031] Building C object esp-idf/lwip/CMakeFiles/__idf_lwip.dir/lwip/src/netif/ppp/pppos.c.obj

[309/1031] Building C object esp-idf/lwip/CMakeFiles/__idf_lwip.dir/port/hooks/lwip_default_hooks.c.obj

[310/1031] Building C object esp-idf/lwip/CMakeFiles/__idf_lwip.dir/port/hooks/tcp_isn_default.c.obj

[311/1031] Linking C static library esp-idf\wpa_supplicant\libwpa_supplicant.a

[312/1031] Building C object esp-idf/lwip/CMakeFiles/__idf_lwip.dir/port/debug/lwip_debug.c.obj

[313/1031] Building C object esp-idf/lwip/CMakeFiles/__idf_lwip.dir/port/sockets_ext.c.obj

[314/1031] Building C object esp-idf/lwip/CMakeFiles/__idf_lwip.dir/port/freertos/sys_arch.c.obj

[315/1031] Building C object esp-idf/lwip/CMakeFiles/__idf_lwip.dir/port/acd_dhcp_check.c.obj

[316/1031] Building C object esp-idf/lwip/CMakeFiles/__idf_lwip.dir/port/if_index.c.obj

[317/1031] Linking C static library esp-idf\esp_netif\libesp_netif.a

[318/1031] Building C object esp-idf/lwip/CMakeFiles/__idf_lwip.dir/apps/ping/esp_ping.c.obj

[319/1031] Building C object esp-idf/lwip/CMakeFiles/__idf_lwip.dir/port/esp32xx/vfs_lwip.c.obj

[320/1031] Building C object esp-idf/lwip/CMakeFiles/__idf_lwip.dir/apps/ping/ping.c.obj

[321/1031] Building C object esp-idf/lwip/CMakeFiles/__idf_lwip.dir/lwip/src/netif/ppp/polarssl/arc4.c.obj

[322/1031] Building C object esp-idf/lwip/CMakeFiles/__idf_lwip.dir/lwip/src/netif/ppp/polarssl/des.c.obj

[323/1031] Building C object esp-idf/lwip/CMakeFiles/__idf_lwip.dir/lwip/src/netif/ppp/polarssl/md4.c.obj

[324/1031] Building C object esp-idf/lwip/CMakeFiles/__idf_lwip.dir/lwip/src/netif/ppp/polarssl/md5.c.obj

[325/1031] Building C object esp-idf/esp_phy/CMakeFiles/__idf_esp_phy.dir/src/lib_printf.c.obj

[326/1031] Building C object esp-idf/lwip/CMakeFiles/__idf_lwip.dir/lwip/src/netif/ppp/polarssl/sha1.c.obj

[327/1031] Building C object esp-idf/lwip/CMakeFiles/__idf_lwip.dir/apps/ping/ping_sock.c.obj

[328/1031] Building C object esp-idf/vfs/CMakeFiles/__idf_vfs.dir/nullfs.c.obj

[329/1031] Building C object esp-idf/esp_phy/CMakeFiles/__idf_esp_phy.dir/src/phy_override.c.obj

[330/1031] Building C object esp-idf/esp_phy/CMakeFiles/__idf_esp_phy.dir/esp32/phy_init_data.c.obj

[331/1031] Building C object esp-idf/esp_vfs_console/CMakeFiles/__idf_esp_vfs_console.dir/vfs_console.c.obj

[332/1031] Building C object esp-idf/lwip/CMakeFiles/__idf_lwip.dir/apps/dhcpserver/dhcpserver.c.obj

[333/1031] Building C object esp-idf/vfs/CMakeFiles/__idf_vfs.dir/vfs_eventfd.c.obj

[334/1031] Building C object esp-idf/esp_phy/CMakeFiles/__idf_esp_phy.dir/src/phy_common.c.obj

[335/1031] Building C object esp-idf/vfs/CMakeFiles/__idf_vfs.dir/vfs_semihost.c.obj

[336/1031] Building C object esp-idf/esp_phy/CMakeFiles/__idf_esp_phy.dir/src/btbb_init.c.obj

[337/1031] Building C object esp-idf/vfs/CMakeFiles/__idf_vfs.dir/vfs.c.obj

[338/1031] Building C object esp-idf/esp_phy/CMakeFiles/__idf_esp_phy.dir/src/phy_init.c.obj

[339/1031] Building C object esp-idf/nvs_flash/CMakeFiles/__idf_nvs_flash.dir/src/nvs_bootloader_aes.c.obj

[340/1031] Building C object esp-idf/nvs_flash/CMakeFiles/__idf_nvs_flash.dir/src/nvs_bootloader_xts_aes.c.obj

[341/1031] Linking C static library esp-idf\lwip\liblwip.a

[342/1031] Building C object esp-idf/nvs_flash/CMakeFiles/__idf_nvs_flash.dir/src/nvs_bootloader.c.obj

[343/1031] Building C object esp-idf/esp_event/CMakeFiles/__idf_esp_event.dir/default_event_loop.c.obj

[344/1031] Linking C static library esp-idf\vfs\libvfs.a

[345/1031] Building C object esp-idf/esp_event/CMakeFiles/__idf_esp_event.dir/esp_event_private.c.obj

[346/1031] Linking C static library esp-idf\esp_vfs_console\libesp_vfs_console.a

[347/1031] Building C object esp-idf/esp_driver_uart/CMakeFiles/__idf_esp_driver_uart.dir/src/uart_wakeup.c.obj

[348/1031] Building C object esp-idf/esp_event/CMakeFiles/__idf_esp_event.dir/esp_event.c.obj

[349/1031] Building C object esp-idf/esp_psram/CMakeFiles/__idf_esp_psram.dir/system_layer/esp_psram_mspi.c.obj

[350/1031] Linking C static library esp-idf\esp_phy\libesp_phy.a

[351/1031] Building CXX object esp-idf/nvs_flash/CMakeFiles/__idf_nvs_flash.dir/src/nvs_platform.cpp.obj

[352/1031] Building C object esp-idf/esp_driver_uart/CMakeFiles/__idf_esp_driver_uart.dir/src/uart_vfs.c.obj

[353/1031] Building C object esp-idf/esp_driver_spi/CMakeFiles/__idf_esp_driver_spi.dir/src/gpspi/spi_dma.c.obj

[354/1031] Building C object esp-idf/esp_driver_uart/CMakeFiles/__idf_esp_driver_uart.dir/src/uart.c.obj

[355/1031] Building C object esp-idf/esp_driver_spi/CMakeFiles/__idf_esp_driver_spi.dir/src/gpspi/spi_common.c.obj

[356/1031] Building C object esp-idf/esp_driver_spi/CMakeFiles/__idf_esp_driver_spi.dir/src/gpspi/spi_master.c.obj

[357/1031] Building C object esp-idf/esp_driver_spi/CMakeFiles/__idf_esp_driver_spi.dir/src/gpspi/spi_slave.c.obj

[358/1031] Building C object esp-idf/esp_ringbuf/CMakeFiles/__idf_esp_ringbuf.dir/ringbuf.c.obj

[359/1031] Building C object esp-idf/esp_driver_gptimer/CMakeFiles/__idf_esp_driver_gptimer.dir/src/gptimer.c.obj

[360/1031] Building C object esp-idf/esp_timer/CMakeFiles/__idf_esp_timer.dir/src/esp_timer_init.c.obj

[361/1031] Building C object esp-idf/esp_driver_gptimer/CMakeFiles/__idf_esp_driver_gptimer.dir/src/gptimer_common.c.obj

[362/1031] Building C object esp-idf/esp_timer/CMakeFiles/__idf_esp_timer.dir/src/ets_timer_legacy.c.obj

[363/1031] Building C object esp-idf/esp_timer/CMakeFiles/__idf_esp_timer.dir/src/system_time.c.obj

[364/1031] Building C object esp-idf/esp_timer/CMakeFiles/__idf_esp_timer.dir/src/esp_timer.c.obj

[365/1031] Building CXX object esp-idf/nvs_flash/CMakeFiles/__idf_nvs_flash.dir/src/nvs_partition.cpp.obj

[366/1031] Building CXX object esp-idf/nvs_flash/CMakeFiles/__idf_nvs_flash.dir/src/nvs_partition_lookup.cpp.obj

[367/1031] Building C object esp-idf/esp_timer/CMakeFiles/__idf_esp_timer.dir/src/esp_timer_impl_common.c.obj

[368/1031] Building CXX object esp-idf/cxx/CMakeFiles/__idf_cxx.dir/cxx_exception_stubs.cpp.obj

[369/1031] Building C object esp-idf/esp_timer/CMakeFiles/__idf_esp_timer.dir/src/esp_timer_impl_lac.c.obj

[370/1031] Building C object esp-idf/newlib/CMakeFiles/__idf_newlib.dir/src/init.c.obj

[371/1031] Building CXX object esp-idf/cxx/CMakeFiles/__idf_cxx.dir/cxx_init.cpp.obj

[372/1031] Building C object esp-idf/pthread/CMakeFiles/__idf_pthread.dir/pthread_rwlock.c.obj

[373/1031] Building C object esp-idf/pthread/CMakeFiles/__idf_pthread.dir/pthread_semaphore.c.obj

[374/1031] Building C object esp-idf/pthread/CMakeFiles/__idf_pthread.dir/pthread_local_storage.c.obj

[375/1031] Building C object esp-idf/pthread/CMakeFiles/__idf_pthread.dir/pthread_cond_var.c.obj

[376/1031] Building C object esp-idf/newlib/CMakeFiles/__idf_newlib.dir/src/abort.c.obj

[377/1031] Building C object esp-idf/pthread/CMakeFiles/__idf_pthread.dir/pthread.c.obj

[378/1031] Building C object esp-idf/newlib/CMakeFiles/__idf_newlib.dir/src/heap.c.obj

[379/1031] Building C object esp-idf/newlib/CMakeFiles/__idf_newlib.dir/src/assert.c.obj

[380/1031] Building CXX object esp-idf/cxx/CMakeFiles/__idf_cxx.dir/cxx_guards.cpp.obj

[381/1031] Building C object esp-idf/newlib/CMakeFiles/__idf_newlib.dir/src/poll.c.obj

[382/1031] Building C object esp-idf/newlib/CMakeFiles/__idf_newlib.dir/src/pthread.c.obj

[383/1031] Building C object esp-idf/newlib/CMakeFiles/__idf_newlib.dir/src/getentropy.c.obj

[384/1031] Building C object esp-idf/newlib/CMakeFiles/__idf_newlib.dir/src/termios.c.obj

[385/1031] Building C object esp-idf/newlib/CMakeFiles/__idf_newlib.dir/src/random.c.obj

[386/1031] Building C object esp-idf/newlib/CMakeFiles/__idf_newlib.dir/src/sysconf.c.obj

[387/1031] Building C object esp-idf/newlib/CMakeFiles/__idf_newlib.dir/src/realpath.c.obj

[388/1031] Building C object esp-idf/newlib/CMakeFiles/__idf_newlib.dir/src/locks.c.obj

[389/1031] Building C object esp-idf/newlib/CMakeFiles/__idf_newlib.dir/src/time.c.obj

[390/1031] Building C object esp-idf/newlib/CMakeFiles/__idf_newlib.dir/src/stdatomic.c.obj

[391/1031] Building C object esp-idf/newlib/CMakeFiles/__idf_newlib.dir/src/scandir.c.obj

[392/1031] Building C object esp-idf/newlib/CMakeFiles/__idf_newlib.dir/src/flockfile.c.obj

[393/1031] Building C object esp-idf/newlib/CMakeFiles/__idf_newlib.dir/src/syscalls.c.obj

[394/1031] Building C object esp-idf/newlib/CMakeFiles/__idf_newlib.dir/src/reent_init.c.obj

[395/1031] Building CXX object esp-idf/nvs_flash/CMakeFiles/__idf_nvs_flash.dir/src/nvs_encrypted_partition.cpp.obj

[396/1031] Building C object esp-idf/newlib/CMakeFiles/__idf_newlib.dir/src/reent_syscalls.c.obj

[397/1031] Building CXX object esp-idf/nvs_flash/CMakeFiles/__idf_nvs_flash.dir/src/nvs_types.cpp.obj

[398/1031] Building C object esp-idf/newlib/CMakeFiles/__idf_newlib.dir/src/port/esp_time_impl.c.obj

[399/1031] Building CXX object esp-idf/nvs_flash/CMakeFiles/__idf_nvs_flash.dir/src/nvs_handle_locked.cpp.obj

[400/1031] Building CXX object esp-idf/nvs_flash/CMakeFiles/__idf_nvs_flash.dir/src/nvs_item_hash_list.cpp.obj

[401/1031] Building CXX object esp-idf/nvs_flash/CMakeFiles/__idf_nvs_flash.dir/src/nvs_cxx_api.cpp.obj

[402/1031] Building CXX object esp-idf/nvs_flash/CMakeFiles/__idf_nvs_flash.dir/src/nvs_handle_simple.cpp.obj

[403/1031] Building CXX object esp-idf/nvs_flash/CMakeFiles/__idf_nvs_flash.dir/src/nvs_partition_manager.cpp.obj

[404/1031] Building CXX object esp-idf/nvs_flash/CMakeFiles/__idf_nvs_flash.dir/src/nvs_pagemanager.cpp.obj

[405/1031] Building CXX object esp-idf/nvs_flash/CMakeFiles/__idf_nvs_flash.dir/src/nvs_page.cpp.obj

[406/1031] Building C object esp-idf/newlib/CMakeFiles/__idf_newlib.dir/src/newlib_init.c.obj

[407/1031] Building C object esp-idf/freertos/CMakeFiles/__idf_freertos.dir/heap_idf.c.obj

[408/1031] Building C object esp-idf/freertos/CMakeFiles/__idf_freertos.dir/port_common.c.obj

[409/1031] Building C object esp-idf/freertos/CMakeFiles/__idf_freertos.dir/app_startup.c.obj

[410/1031] Building CXX object esp-idf/nvs_flash/CMakeFiles/__idf_nvs_flash.dir/src/nvs_storage.cpp.obj

[411/1031] Building C object esp-idf/freertos/CMakeFiles/__idf_freertos.dir/port_systick.c.obj

[412/1031] Building CXX object esp-idf/nvs_flash/CMakeFiles/__idf_nvs_flash.dir/src/nvs_api.cpp.obj

[413/1031] Building C object esp-idf/freertos/CMakeFiles/__idf_freertos.dir/FreeRTOS-Kernel/list.c.obj

[414/1031] Building ASM object esp-idf/freertos/CMakeFiles/__idf_freertos.dir/FreeRTOS-Kernel/portable/xtensa/portasm.S.obj

[415/1031] Building C object esp-idf/freertos/CMakeFiles/__idf_freertos.dir/FreeRTOS-Kernel/timers.c.obj

[416/1031] Building C object esp-idf/freertos/CMakeFiles/__idf_freertos.dir/FreeRTOS-Kernel/portable/xtensa/xtensa_init.c.obj

[417/1031] Building C object esp-idf/freertos/CMakeFiles/__idf_freertos.dir/FreeRTOS-Kernel/portable/xtensa/xtensa_overlay_os_hook.c.obj

[418/1031] Building C object esp-idf/esp_hw_support/CMakeFiles/__idf_esp_hw_support.dir/esp_memory_utils.c.obj

[419/1031] Building C object esp-idf/freertos/CMakeFiles/__idf_freertos.dir/FreeRTOS-Kernel/queue.c.obj

[420/1031] Building C object esp-idf/freertos/CMakeFiles/__idf_freertos.dir/FreeRTOS-Kernel/stream_buffer.c.obj

[421/1031] Building C object esp-idf/freertos/CMakeFiles/__idf_freertos.dir/FreeRTOS-Kernel/event_groups.c.obj

[422/1031] Building C object esp-idf/freertos/CMakeFiles/__idf_freertos.dir/esp_additions/freertos_compatibility.c.obj

[423/1031] Building C object esp-idf/freertos/CMakeFiles/__idf_freertos.dir/esp_additions/idf_additions_event_groups.c.obj

[424/1031] Building C object esp-idf/esp_hw_support/CMakeFiles/__idf_esp_hw_support.dir/cpu.c.obj

[425/1031] Building C object esp-idf/freertos/CMakeFiles/__idf_freertos.dir/FreeRTOS-Kernel/portable/xtensa/port.c.obj

[426/1031] Linking C static library esp-idf\nvs_flash\libnvs_flash.a

[427/1031] Building C object esp-idf/freertos/CMakeFiles/__idf_freertos.dir/esp_additions/idf_additions.c.obj

[428/1031] Building C object esp-idf/esp_hw_support/CMakeFiles/__idf_esp_hw_support.dir/port/esp32/cpu_region_protect.c.obj

[429/1031] Building C object esp-idf/freertos/CMakeFiles/__idf_freertos.dir/FreeRTOS-Kernel/tasks.c.obj

[430/1031] Building C object esp-idf/esp_hw_support/CMakeFiles/__idf_esp_hw_support.dir/port/esp32/esp_cpu_intr.c.obj

[431/1031] Building C object esp-idf/esp_hw_support/CMakeFiles/__idf_esp_hw_support.dir/hw_random.c.obj

[432/1031] Building C object esp-idf/esp_hw_support/CMakeFiles/__idf_esp_hw_support.dir/revision.c.obj

[433/1031] Building C object esp-idf/esp_hw_support/CMakeFiles/__idf_esp_hw_support.dir/clk_ctrl_os.c.obj

[434/1031] Building C object esp-idf/esp_hw_support/CMakeFiles/__idf_esp_hw_support.dir/mac_addr.c.obj

[435/1031] Building C object esp-idf/esp_hw_support/CMakeFiles/__idf_esp_hw_support.dir/esp_clk.c.obj

[436/1031] Building C object esp-idf/esp_hw_support/CMakeFiles/__idf_esp_hw_support.dir/esp_gpio_reserve.c.obj

[437/1031] Linking C static library esp-idf\esp_event\libesp_event.a

[438/1031] Building C object esp-idf/esp_hw_support/CMakeFiles/__idf_esp_hw_support.dir/periph_ctrl.c.obj

[439/1031] Building C object esp-idf/esp_hw_support/CMakeFiles/__idf_esp_hw_support.dir/intr_alloc.c.obj

[440/1031] Building C object esp-idf/esp_hw_support/CMakeFiles/__idf_esp_hw_support.dir/port/esp32/io_mux.c.obj

[441/1031] Building C object esp-idf/esp_hw_support/CMakeFiles/__idf_esp_hw_support.dir/rtc_module.c.obj

[442/1031] Building C object esp-idf/esp_hw_support/CMakeFiles/__idf_esp_hw_support.dir/regi2c_ctrl.c.obj

[443/1031] Building C object esp-idf/esp_hw_support/CMakeFiles/__idf_esp_hw_support.dir/dma/gdma_link.c.obj

[444/1031] Building C object esp-idf/esp_hw_support/CMakeFiles/__idf_esp_hw_support.dir/dma/esp_dma_utils.c.obj

[445/1031] Building C object esp-idf/esp_hw_support/CMakeFiles/__idf_esp_hw_support.dir/sar_periph_ctrl_common.c.obj

[446/1031] Building C object esp-idf/esp_hw_support/CMakeFiles/__idf_esp_hw_support.dir/sleep_mspi.c.obj

[447/1031] Building C object esp-idf/esp_hw_support/CMakeFiles/__idf_esp_hw_support.dir/clk_utils.c.obj

[448/1031] Building C object esp-idf/esp_hw_support/CMakeFiles/__idf_esp_hw_support.dir/port/esp32/esp_clk_tree.c.obj

[449/1031] Linking C static library esp-idf\esp_driver_uart\libesp_driver_uart.a

[450/1031] Building C object esp-idf/esp_hw_support/CMakeFiles/__idf_esp_hw_support.dir/sleep_console.c.obj

[451/1031] Building C object esp-idf/esp_hw_support/CMakeFiles/__idf_esp_hw_support.dir/adc_share_hw_ctrl.c.obj

[452/1031] Building C object esp-idf/esp_hw_support/CMakeFiles/__idf_esp_hw_support.dir/sleep_usb.c.obj

[453/1031] Building C object esp-idf/esp_hw_support/CMakeFiles/__idf_esp_hw_support.dir/port/esp_clk_tree_common.c.obj

[454/1031] Building C object esp-idf/esp_hw_support/CMakeFiles/__idf_esp_hw_support.dir/spi_bus_lock.c.obj

[455/1031] Building C object esp-idf/esp_hw_support/CMakeFiles/__idf_esp_hw_support.dir/spi_share_hw_ctrl.c.obj

[456/1031] Building C object esp-idf/esp_hw_support/CMakeFiles/__idf_esp_hw_support.dir/sleep_modem.c.obj

[457/1031] Building C object esp-idf/esp_hw_support/CMakeFiles/__idf_esp_hw_support.dir/sleep_event.c.obj

[458/1031] Building C object esp-idf/esp_hw_support/CMakeFiles/__idf_esp_hw_support.dir/rtc_wdt.c.obj

[459/1031] Building C object esp-idf/esp_hw_support/CMakeFiles/__idf_esp_hw_support.dir/mspi_timing_tuning/mspi_timing_tuning.c.obj

[460/1031] Linking C static library esp-idf\esp_psram\libesp_psram.a

[461/1031] Building C object esp-idf/esp_hw_support/CMakeFiles/__idf_esp_hw_support.dir/sleep_wake_stub.c.obj

[462/1031] Building C object esp-idf/soc/CMakeFiles/__idf_soc.dir/lldesc.c.obj

[463/1031] Building C object esp-idf/esp_security/CMakeFiles/__idf_esp_security.dir/src/esp_crypto_lock.c.obj

[464/1031] Building C object esp-idf/esp_hw_support/CMakeFiles/__idf_esp_hw_support.dir/port/esp32/chip_info.c.obj

[465/1031] Building C object esp-idf/esp_hw_support/CMakeFiles/__idf_esp_hw_support.dir/sleep_gpio.c.obj

[466/1031] Building C object esp-idf/esp_security/CMakeFiles/__idf_esp_security.dir/src/esp_crypto_periph_clk.c.obj

[467/1031] Building C object esp-idf/soc/CMakeFiles/__idf_soc.dir/dport_access_common.c.obj

[468/1031] Building C object esp-idf/esp_hw_support/CMakeFiles/__idf_esp_hw_support.dir/port/esp32/cache_sram_mmu.c.obj

[469/1031] Building C object esp-idf/esp_security/CMakeFiles/__idf_esp_security.dir/src/init.c.obj

[470/1031] Building C object esp-idf/esp_hw_support/CMakeFiles/__idf_esp_hw_support.dir/port/esp32/rtc_init.c.obj

[471/1031] Building C object esp-idf/esp_hw_support/CMakeFiles/__idf_esp_hw_support.dir/power_supply/brownout.c.obj

[472/1031] Building C object esp-idf/esp_hw_support/CMakeFiles/__idf_esp_hw_support.dir/port/esp32/sar_periph_ctrl.c.obj

[473/1031] Building C object esp-idf/soc/CMakeFiles/__idf_soc.dir/esp32/interrupts.c.obj

[474/1031] Building C object esp-idf/esp_hw_support/CMakeFiles/__idf_esp_hw_support.dir/sleep_modes.c.obj

[475/1031] Building C object esp-idf/esp_hw_support/CMakeFiles/__idf_esp_hw_support.dir/port/esp32/rtc_sleep.c.obj

[476/1031] Linking C static library esp-idf\esp_driver_spi\libesp_driver_spi.a

[477/1031] Building C object esp-idf/esp_hw_support/CMakeFiles/__idf_esp_hw_support.dir/port/esp32/rtc_time.c.obj

[478/1031] Building C object esp-idf/esp_hw_support/CMakeFiles/__idf_esp_hw_support.dir/port/esp32/rtc_clk.c.obj

[479/1031] Building C object esp-idf/esp_hw_support/CMakeFiles/__idf_esp_hw_support.dir/port/esp32/rtc_clk_init.c.obj

[480/1031] Building C object esp-idf/soc/CMakeFiles/__idf_soc.dir/esp32/uart_periph.c.obj

[481/1031] Building C object esp-idf/esp_hw_support/CMakeFiles/__idf_esp_hw_support.dir/esp_clock_output.c.obj

[482/1031] Building C object esp-idf/soc/CMakeFiles/__idf_soc.dir/esp32/gpio_periph.c.obj

[483/1031] Building C object esp-idf/soc/CMakeFiles/__idf_soc.dir/esp32/dport_access.c.obj

[484/1031] Building C object esp-idf/soc/CMakeFiles/__idf_soc.dir/esp32/adc_periph.c.obj

[485/1031] Building C object esp-idf/soc/CMakeFiles/__idf_soc.dir/esp32/emac_periph.c.obj

[486/1031] Building C object esp-idf/soc/CMakeFiles/__idf_soc.dir/esp32/sdm_periph.c.obj

[487/1031] Building C object esp-idf/soc/CMakeFiles/__idf_soc.dir/esp32/pcnt_periph.c.obj

[488/1031] Linking C static library esp-idf\esp_ringbuf\libesp_ringbuf.a

[489/1031] Building C object esp-idf/soc/CMakeFiles/__idf_soc.dir/esp32/spi_periph.c.obj

[490/1031] Building C object esp-idf/soc/CMakeFiles/__idf_soc.dir/esp32/ledc_periph.c.obj

[491/1031] Building C object esp-idf/soc/CMakeFiles/__idf_soc.dir/esp32/rmt_periph.c.obj

[492/1031] Building C object esp-idf/soc/CMakeFiles/__idf_soc.dir/esp32/i2c_periph.c.obj

[493/1031] Building C object esp-idf/soc/CMakeFiles/__idf_soc.dir/esp32/timer_periph.c.obj

[494/1031] Building C object esp-idf/soc/CMakeFiles/__idf_soc.dir/esp32/lcd_periph.c.obj

[495/1031] Building C object esp-idf/soc/CMakeFiles/__idf_soc.dir/esp32/touch_sensor_periph.c.obj

[496/1031] Building C object esp-idf/soc/CMakeFiles/__idf_soc.dir/esp32/i2s_periph.c.obj

[497/1031] Building C object esp-idf/soc/CMakeFiles/__idf_soc.dir/esp32/mpi_periph.c.obj

[498/1031] Building C object esp-idf/soc/CMakeFiles/__idf_soc.dir/esp32/dac_periph.c.obj

[499/1031] Building C object esp-idf/soc/CMakeFiles/__idf_soc.dir/esp32/mcpwm_periph.c.obj

[500/1031] Building C object esp-idf/soc/CMakeFiles/__idf_soc.dir/esp32/twai_periph.c.obj

[501/1031] Building C object esp-idf/soc/CMakeFiles/__idf_soc.dir/esp32/wdt_periph.c.obj

[502/1031] Building C object esp-idf/soc/CMakeFiles/__idf_soc.dir/esp32/power_supply_periph.c.obj

[503/1031] Building C object esp-idf/soc/CMakeFiles/__idf_soc.dir/esp32/sdmmc_periph.c.obj

[504/1031] Building C object esp-idf/soc/CMakeFiles/__idf_soc.dir/esp32/rtc_io_periph.c.obj

[505/1031] Linking C static library esp-idf\esp_driver_gptimer\libesp_driver_gptimer.a

[506/1031] Building C object esp-idf/soc/CMakeFiles/__idf_soc.dir/esp32/sdio_slave_periph.c.obj

[507/1031] Building C object esp-idf/heap/CMakeFiles/__idf_heap.dir/port/esp32/memory_layout.c.obj

[508/1031] Linking C static library esp-idf\esp_timer\libesp_timer.a

[509/1031] Building C object esp-idf/heap/CMakeFiles/__idf_heap.dir/heap_caps_base.c.obj

[510/1031] Building C object esp-idf/log/CMakeFiles/__idf_log.dir/src/util.c.obj

[511/1031] Building C object esp-idf/heap/CMakeFiles/__idf_heap.dir/port/memory_layout_utils.c.obj

[512/1031] Building C object esp-idf/log/CMakeFiles/__idf_log.dir/src/os/log_lock.c.obj

[513/1031] Building C object esp-idf/heap/CMakeFiles/__idf_heap.dir/multi_heap.c.obj

[514/1031] Building C object esp-idf/log/CMakeFiles/__idf_log.dir/src/log_timestamp_common.c.obj

[515/1031] Building C object esp-idf/log/CMakeFiles/__idf_log.dir/src/log_print.c.obj

[516/1031] Building C object esp-idf/heap/CMakeFiles/__idf_heap.dir/heap_caps_init.c.obj

[517/1031] Building C object esp-idf/log/CMakeFiles/__idf_log.dir/src/log_level/tag_log_level/tag_log_level.c.obj

[518/1031] Building C object esp-idf/heap/CMakeFiles/__idf_heap.dir/heap_caps.c.obj

[519/1031] Building C object esp-idf/log/CMakeFiles/__idf_log.dir/src/log_level/log_level.c.obj

[520/1031] Building C object esp-idf/log/CMakeFiles/__idf_log.dir/src/os/log_write.c.obj

[521/1031] Building C object esp-idf/log/CMakeFiles/__idf_log.dir/src/os/util.c.obj

[522/1031] Building C object esp-idf/log/CMakeFiles/__idf_log.dir/src/buffer/log_buffers.c.obj

[523/1031] Building C object esp-idf/heap/CMakeFiles/__idf_heap.dir/tlsf/tlsf.c.obj

[524/1031] Building C object esp-idf/log/CMakeFiles/__idf_log.dir/src/log_level/tag_log_level/linked_list/log_linked_list.c.obj

[525/1031] Building C object esp-idf/log/CMakeFiles/__idf_log.dir/src/os/log_timestamp.c.obj

[526/1031] Building C object esp-idf/log/CMakeFiles/__idf_log.dir/src/log_format_text.c.obj

[527/1031] Building C object esp-idf/log/CMakeFiles/__idf_log.dir/src/log.c.obj

[528/1031] Building C object esp-idf/log/CMakeFiles/__idf_log.dir/src/log_level/tag_log_level/cache/log_binary_heap.c.obj

[529/1031] Linking C static library esp-idf\cxx\libcxx.a

[530/1031] Building C object esp-idf/hal/CMakeFiles/__idf_hal.dir/hal_utils.c.obj

[531/1031] Building C object esp-idf/hal/CMakeFiles/__idf_hal.dir/color_hal.c.obj

[532/1031] Building C object esp-idf/hal/CMakeFiles/__idf_hal.dir/spi_flash_encrypt_hal_iram.c.obj

[533/1031] Building C object esp-idf/hal/CMakeFiles/__idf_hal.dir/uart_hal_iram.c.obj

[534/1031] Building C object esp-idf/hal/CMakeFiles/__idf_hal.dir/esp32/efuse_hal.c.obj

[535/1031] Building C object esp-idf/hal/CMakeFiles/__idf_hal.dir/mpu_hal.c.obj

[536/1031] Building C object esp-idf/hal/CMakeFiles/__idf_hal.dir/mmu_hal.c.obj

[537/1031] Building C object esp-idf/hal/CMakeFiles/__idf_hal.dir/esp32/cache_hal_esp32.c.obj

[538/1031] Building C object esp-idf/hal/CMakeFiles/__idf_hal.dir/efuse_hal.c.obj

[539/1031] Building C object esp-idf/hal/CMakeFiles/__idf_hal.dir/rtc_io_hal.c.obj

[540/1031] Building C object esp-idf/hal/CMakeFiles/__idf_hal.dir/i2c_hal_iram.c.obj

[541/1031] Building C object esp-idf/hal/CMakeFiles/__idf_hal.dir/wdt_hal_iram.c.obj

[542/1031] Building C object esp-idf/hal/CMakeFiles/__idf_hal.dir/timer_hal.c.obj

[543/1031] Building C object esp-idf/hal/CMakeFiles/__idf_hal.dir/gpio_hal.c.obj

[544/1031] Linking C static library esp-idf\pthread\libpthread.a

[545/1031] Building C object esp-idf/hal/CMakeFiles/__idf_hal.dir/spi_flash_hal_iram.c.obj

[546/1031] Building C object esp-idf/hal/CMakeFiles/__idf_hal.dir/ledc_hal.c.obj

[547/1031] Building C object esp-idf/hal/CMakeFiles/__idf_hal.dir/i2c_hal.c.obj

[548/1031] Building C object esp-idf/hal/CMakeFiles/__idf_hal.dir/spi_flash_hal.c.obj

[549/1031] Building C object esp-idf/hal/CMakeFiles/__idf_hal.dir/esp32/clk_tree_hal.c.obj

[550/1031] Building C object esp-idf/hal/CMakeFiles/__idf_hal.dir/uart_hal.c.obj

[551/1031] Building C object esp-idf/hal/CMakeFiles/__idf_hal.dir/ledc_hal_iram.c.obj

[552/1031] Building C object esp-idf/hal/CMakeFiles/__idf_hal.dir/rmt_hal.c.obj

[553/1031] Building C object esp-idf/hal/CMakeFiles/__idf_hal.dir/pcnt_hal.c.obj

[554/1031] Building C object esp-idf/hal/CMakeFiles/__idf_hal.dir/sdm_hal.c.obj

[555/1031] Building C object esp-idf/hal/CMakeFiles/__idf_hal.dir/mcpwm_hal.c.obj

[556/1031] Building C object esp-idf/hal/CMakeFiles/__idf_hal.dir/sdmmc_hal.c.obj

[557/1031] Linking C static library esp-idf\newlib\libnewlib.a

[558/1031] Building C object esp-idf/hal/CMakeFiles/__idf_hal.dir/i2s_hal.c.obj

[559/1031] Building C object esp-idf/hal/CMakeFiles/__idf_hal.dir/twai_hal_v1.c.obj

[560/1031] Building C object esp-idf/hal/CMakeFiles/__idf_hal.dir/sha_hal.c.obj

[561/1031] Building C object esp-idf/hal/CMakeFiles/__idf_hal.dir/brownout_hal.c.obj

[562/1031] Building C object esp-idf/hal/CMakeFiles/__idf_hal.dir/adc_hal_common.c.obj

[563/1031] Building C object esp-idf/hal/CMakeFiles/__idf_hal.dir/mpi_hal.c.obj

[564/1031] Building C object esp-idf/hal/CMakeFiles/__idf_hal.dir/aes_hal.c.obj

[565/1031] Building C object esp-idf/hal/CMakeFiles/__idf_hal.dir/emac_hal.c.obj

[566/1031] Building C object esp-idf/hal/CMakeFiles/__idf_hal.dir/esp32/touch_sensor_hal.c.obj

[567/1031] Building C object esp-idf/hal/CMakeFiles/__idf_hal.dir/spi_slave_hal_iram.c.obj

[568/1031] Building C object esp-idf/hal/CMakeFiles/__idf_hal.dir/spi_slave_hal.c.obj

[569/1031] Building C object esp-idf/hal/CMakeFiles/__idf_hal.dir/adc_hal.c.obj

[570/1031] Building C object esp-idf/hal/CMakeFiles/__idf_hal.dir/adc_oneshot_hal.c.obj

[571/1031] Building C object esp-idf/hal/CMakeFiles/__idf_hal.dir/spi_hal.c.obj

[572/1031] Building C object esp-idf/hal/CMakeFiles/__idf_hal.dir/spi_hal_iram.c.obj

[573/1031] Building C object esp-idf/hal/CMakeFiles/__idf_hal.dir/sdio_slave_hal.c.obj

[574/1031] Building C object esp-idf/hal/CMakeFiles/__idf_hal.dir/touch_sens_hal.c.obj

[575/1031] Building C object esp-idf/hal/CMakeFiles/__idf_hal.dir/touch_sensor_hal.c.obj

[576/1031] Linking C static library esp-idf\freertos\libfreertos.a

[577/1031] Building C object esp-idf/esp_rom/CMakeFiles/__idf_esp_rom.dir/patches/esp_rom_print.c.obj

[578/1031] Building C object esp-idf/esp_rom/CMakeFiles/__idf_esp_rom.dir/patches/esp_rom_crc.c.obj

[579/1031] Building C object esp-idf/esp_rom/CMakeFiles/__idf_esp_rom.dir/patches/esp_rom_efuse.c.obj

[580/1031] Building C object esp-idf/hal/CMakeFiles/__idf_hal.dir/esp32/gpio_hal_workaround.c.obj

[581/1031] Building C object esp-idf/esp_rom/CMakeFiles/__idf_esp_rom.dir/patches/esp_rom_gpio.c.obj

[582/1031] Building C object esp-idf/esp_rom/CMakeFiles/__idf_esp_rom.dir/patches/esp_rom_sys.c.obj

[583/1031] Building ASM object esp-idf/esp_rom/CMakeFiles/__idf_esp_rom.dir/patches/esp_rom_longjmp.S.obj

[584/1031] Building C object esp-idf/esp_rom/CMakeFiles/__idf_esp_rom.dir/patches/esp_rom_uart.c.obj

[585/1031] Building C object esp-idf/esp_system/CMakeFiles/__idf_esp_system.dir/esp_system_console.c.obj

[586/1031] Building C object esp-idf/esp_rom/CMakeFiles/__idf_esp_rom.dir/patches/esp_rom_spiflash.c.obj

[587/1031] Building C object esp-idf/esp_system/CMakeFiles/__idf_esp_system.dir/esp_err.c.obj

[588/1031] Building C object esp-idf/esp_system/CMakeFiles/__idf_esp_system.dir/crosscore_int.c.obj

[589/1031] Building C object esp-idf/esp_system/CMakeFiles/__idf_esp_system.dir/startup.c.obj

[590/1031] Building C object esp-idf/esp_system/CMakeFiles/__idf_esp_system.dir/freertos_hooks.c.obj

[591/1031] Building C object esp-idf/esp_system/CMakeFiles/__idf_esp_system.dir/esp_ipc.c.obj

[592/1031] Building C object esp-idf/esp_system/CMakeFiles/__idf_esp_system.dir/panic.c.obj

[593/1031] Building C object esp-idf/esp_system/CMakeFiles/__idf_esp_system.dir/esp_system.c.obj

[594/1031] Building C object esp-idf/esp_system/CMakeFiles/__idf_esp_system.dir/int_wdt.c.obj

[595/1031] Linking C static library esp-idf\esp_hw_support\libesp_hw_support.a

[596/1031] Building C object esp-idf/esp_system/CMakeFiles/__idf_esp_system.dir/system_time.c.obj

[597/1031] Building C object esp-idf/esp_system/CMakeFiles/__idf_esp_system.dir/stack_check.c.obj

[598/1031] Building C object esp-idf/esp_system/CMakeFiles/__idf_esp_system.dir/ubsan.c.obj

[599/1031] Building C object esp-idf/esp_system/CMakeFiles/__idf_esp_system.dir/port/arch/xtensa/esp_ipc_isr_port.c.obj

[600/1031] Building ASM object esp-idf/esp_system/CMakeFiles/__idf_esp_system.dir/port/arch/xtensa/esp_ipc_isr_handler.S.obj

[601/1031] Building C object esp-idf/esp_system/CMakeFiles/__idf_esp_system.dir/xt_wdt.c.obj

[602/1031] Building C object esp-idf/esp_system/CMakeFiles/__idf_esp_system.dir/startup_funcs.c.obj

[603/1031] Building C object esp-idf/esp_system/CMakeFiles/__idf_esp_system.dir/task_wdt/task_wdt.c.obj

[604/1031] Building ASM object esp-idf/esp_system/CMakeFiles/__idf_esp_system.dir/port/arch/xtensa/panic_handler_asm.S.obj

[605/1031] Linking C static library esp-idf\esp_security\libesp_security.a

[606/1031] Building C object esp-idf/esp_system/CMakeFiles/__idf_esp_system.dir/port/panic_handler.c.obj

[607/1031] Building C object esp-idf/esp_system/CMakeFiles/__idf_esp_system.dir/port/esp_system_chip.c.obj

[608/1031] Building ASM object esp-idf/esp_system/CMakeFiles/__idf_esp_system.dir/port/arch/xtensa/expression_with_stack_asm.S.obj

[609/1031] Building C object esp-idf/esp_system/CMakeFiles/__idf_esp_system.dir/task_wdt/task_wdt_impl_timergroup.c.obj

[610/1031] Building C object esp-idf/esp_system/CMakeFiles/__idf_esp_system.dir/port/esp_ipc_isr.c.obj

[611/1031] Building C object esp-idf/esp_system/CMakeFiles/__idf_esp_system.dir/port/image_process.c.obj

[612/1031] Building ASM object esp-idf/esp_system/CMakeFiles/__idf_esp_system.dir/port/arch/xtensa/esp_ipc_isr_routines.S.obj

[613/1031] Building ASM object esp-idf/esp_system/CMakeFiles/__idf_esp_system.dir/port/arch/xtensa/debug_helpers_asm.S.obj

[614/1031] Building C object esp-idf/esp_system/CMakeFiles/__idf_esp_system.dir/port/arch/xtensa/panic_arch.c.obj

[615/1031] Building C object esp-idf/esp_system/CMakeFiles/__idf_esp_system.dir/port/cpu_start.c.obj

[616/1031] Building C object esp-idf/esp_system/CMakeFiles/__idf_esp_system.dir/port/arch/xtensa/trax.c.obj

[617/1031] Building C object esp-idf/esp_system/CMakeFiles/__idf_esp_system.dir/port/arch/xtensa/debug_stubs.c.obj

[618/1031] Building ASM object esp-idf/esp_system/CMakeFiles/__idf_esp_system.dir/port/soc/esp32/highint_hdl.S.obj

[619/1031] Building C object esp-idf/esp_system/CMakeFiles/__idf_esp_system.dir/port/arch/xtensa/expression_with_stack.c.obj

[620/1031] Linking C static library esp-idf\soc\libsoc.a

[621/1031] Building C object esp-idf/esp_system/CMakeFiles/__idf_esp_system.dir/port/arch/xtensa/debug_helpers.c.obj

[622/1031] Building C object esp-idf/spi_flash/CMakeFiles/__idf_spi_flash.dir/flash_brownout_hook.c.obj

[623/1031] Building C object esp-idf/esp_system/CMakeFiles/__idf_esp_system.dir/port/soc/esp32/reset_reason.c.obj

[624/1031] Building C object esp-idf/spi_flash/CMakeFiles/__idf_spi_flash.dir/spi_flash_chip_issi.c.obj

[625/1031] Building C object esp-idf/esp_system/CMakeFiles/__idf_esp_system.dir/port/soc/esp32/cache_err_int.c.obj

[626/1031] Building C object esp-idf/spi_flash/CMakeFiles/__idf_spi_flash.dir/spi_flash_chip_boya.c.obj

[627/1031] Building C object esp-idf/spi_flash/CMakeFiles/__idf_spi_flash.dir/spi_flash_chip_drivers.c.obj

[628/1031] Building C object esp-idf/esp_system/CMakeFiles/__idf_esp_system.dir/port/soc/esp32/clk.c.obj

[629/1031] Building C object esp-idf/esp_common/CMakeFiles/__idf_esp_common.dir/src/esp_err_to_name.c.obj

[630/1031] Building C object esp-idf/spi_flash/CMakeFiles/__idf_spi_flash.dir/spi_flash_chip_mxic.c.obj

[631/1031] Building C object esp-idf/esp_system/CMakeFiles/__idf_esp_system.dir/port/soc/esp32/system_internal.c.obj

[632/1031] Building C object esp-idf/spi_flash/CMakeFiles/__idf_spi_flash.dir/spi_flash_chip_generic.c.obj

[633/1031] Building C object esp-idf/spi_flash/CMakeFiles/__idf_spi_flash.dir/spi_flash_chip_gd.c.obj

[634/1031] Building C object esp-idf/spi_flash/CMakeFiles/__idf_spi_flash.dir/spi_flash_chip_winbond.c.obj

[635/1031] Building C object esp-idf/spi_flash/CMakeFiles/__idf_spi_flash.dir/spi_flash_chip_th.c.obj

[636/1031] Linking C static library esp-idf\heap\libheap.a

[637/1031] Building C object esp-idf/spi_flash/CMakeFiles/__idf_spi_flash.dir/spi_flash_chip_mxic_opi.c.obj

[638/1031] Building C object esp-idf/spi_flash/CMakeFiles/__idf_spi_flash.dir/memspi_host_driver.c.obj

[639/1031] Building C object esp-idf/spi_flash/CMakeFiles/__idf_spi_flash.dir/spi_flash_wrap.c.obj

[640/1031] Building C object esp-idf/spi_flash/CMakeFiles/__idf_spi_flash.dir/cache_utils.c.obj

[641/1031] Building C object esp-idf/esp_mm/CMakeFiles/__idf_esp_mm.dir/port/esp32/ext_mem_layout.c.obj

[642/1031] Building C object esp-idf/spi_flash/CMakeFiles/__idf_spi_flash.dir/flash_mmap.c.obj

[643/1031] Linking C static library esp-idf\log\liblog.a

[644/1031] Building C object esp-idf/esp_mm/CMakeFiles/__idf_esp_mm.dir/cache_esp32.c.obj

[645/1031] Building C object esp-idf/spi_flash/CMakeFiles/__idf_spi_flash.dir/flash_ops.c.obj

[646/1031] Building C object esp-idf/esp_mm/CMakeFiles/__idf_esp_mm.dir/heap_align_hw.c.obj

[647/1031] Building C object esp-idf/spi_flash/CMakeFiles/__idf_spi_flash.dir/spi_flash_os_func_noos.c.obj

[648/1031] Building C object esp-idf/bootloader_support/CMakeFiles/__idf_bootloader_support.dir/src/bootloader_mem.c.obj

[649/1031] Building C object esp-idf/spi_flash/CMakeFiles/__idf_spi_flash.dir/spi_flash_os_func_app.c.obj

[650/1031] Building C object esp-idf/esp_mm/CMakeFiles/__idf_esp_mm.dir/esp_mmu_map.c.obj

[651/1031] Building C object esp-idf/esp_mm/CMakeFiles/__idf_esp_mm.dir/esp_cache_msync.c.obj

[652/1031] Building C object esp-idf/esp_mm/CMakeFiles/__idf_esp_mm.dir/esp_cache_utils.c.obj

[653/1031] Building C object esp-idf/spi_flash/CMakeFiles/__idf_spi_flash.dir/esp_flash_spi_init.c.obj

[654/1031] Building C object esp-idf/bootloader_support/CMakeFiles/__idf_bootloader_support.dir/src/bootloader_random.c.obj

[655/1031] Building C object esp-idf/spi_flash/CMakeFiles/__idf_spi_flash.dir/esp_flash_api.c.obj

[656/1031] Building C object esp-idf/bootloader_support/CMakeFiles/__idf_bootloader_support.dir/src/bootloader_common.c.obj

[657/1031] Building C object esp-idf/bootloader_support/CMakeFiles/__idf_bootloader_support.dir/src/bootloader_efuse.c.obj

[658/1031] Building C object esp-idf/bootloader_support/CMakeFiles/__idf_bootloader_support.dir/src/bootloader_clock_init.c.obj

[659/1031] Building C object esp-idf/bootloader_support/CMakeFiles/__idf_bootloader_support.dir/src/bootloader_common_loader.c.obj

[660/1031] Linking C static library esp-idf\hal\libhal.a

[661/1031] Building C object esp-idf/bootloader_support/CMakeFiles/__idf_bootloader_support.dir/src/secure_boot.c.obj

[662/1031] Building C object esp-idf/bootloader_support/CMakeFiles/__idf_bootloader_support.dir/src/bootloader_random_esp32.c.obj

[663/1031] Building C object esp-idf/bootloader_support/CMakeFiles/__idf_bootloader_support.dir/src/flash_encrypt.c.obj

[664/1031] Building C object esp-idf/bootloader_support/CMakeFiles/__idf_bootloader_support.dir/src/flash_partitions.c.obj

[665/1031] Building C object esp-idf/bootloader_support/CMakeFiles/__idf_bootloader_support.dir/bootloader_flash/src/bootloader_flash.c.obj

[666/1031] Building C object esp-idf/efuse/CMakeFiles/__idf_efuse.dir/esp32/esp_efuse_table.c.obj

[667/1031] Building C object esp-idf/bootloader_support/CMakeFiles/__idf_bootloader_support.dir/bootloader_flash/src/flash_qio_mode.c.obj

[668/1031] Linking C static library esp-idf\esp_rom\libesp_rom.a

[669/1031] Building C object esp-idf/bootloader_support/CMakeFiles/__idf_bootloader_support.dir/src/bootloader_sha.c.obj

[670/1031] Building C object esp-idf/efuse/CMakeFiles/__idf_efuse.dir/esp32/esp_efuse_fields.c.obj

[671/1031] Building C object esp-idf/efuse/CMakeFiles/__idf_efuse.dir/esp32/esp_efuse_utility.c.obj

[672/1031] Building C object esp-idf/bootloader_support/CMakeFiles/__idf_bootloader_support.dir/bootloader_flash/src/bootloader_flash_config_esp32.c.obj

[673/1031] Building C object esp-idf/efuse/CMakeFiles/__idf_efuse.dir/src/esp_efuse_fields.c.obj

[674/1031] Building C object esp-idf/bootloader_support/CMakeFiles/__idf_bootloader_support.dir/src/esp32/secure_boot_secure_features.c.obj

[675/1031] Building C object esp-idf/bootloader_support/CMakeFiles/__idf_bootloader_support.dir/src/esp_image_format.c.obj

[676/1031] Building C object esp-idf/esp_partition/CMakeFiles/__idf_esp_partition.dir/partition.c.obj

[677/1031] Building C object esp-idf/esp_partition/CMakeFiles/__idf_esp_partition.dir/partition_target.c.obj

[678/1031] Building C object esp-idf/efuse/CMakeFiles/__idf_efuse.dir/src/esp_efuse_utility.c.obj

[679/1031] Building C object esp-idf/efuse/CMakeFiles/__idf_efuse.dir/src/esp_efuse_api.c.obj

[680/1031] Building C object esp-idf/bootloader_support/CMakeFiles/__idf_bootloader_support.dir/src/bootloader_utility.c.obj

[681/1031] Building C object esp-idf/efuse/CMakeFiles/__idf_efuse.dir/src/efuse_controller/keys/without_key_purposes/three_key_blocks/esp_efuse_api_key.c.obj

[682/1031] Building C object esp-idf/efuse/CMakeFiles/__idf_efuse.dir/src/esp_efuse_startup.c.obj

[683/1031] Linking C static library esp-idf\esp_common\libesp_common.a

[684/1031] Building C object esp-idf/esp_bootloader_format/CMakeFiles/__idf_esp_bootloader_format.dir/esp_bootloader_desc.c.obj

[685/1031] Building C object esp-idf/app_update/CMakeFiles/__idf_app_update.dir/esp_ota_app_desc.c.obj

[686/1031] Building C object esp-idf/esp_app_format/CMakeFiles/__idf_esp_app_format.dir/esp_app_desc.c.obj

[687/1031] Building C object esp-idf/mbedtls/mbedtls/library/CMakeFiles/mbedtls.dir/debug.c.obj

[688/1031] Building C object esp-idf/mbedtls/mbedtls/library/CMakeFiles/mbedtls.dir/mps_reader.c.obj

[689/1031] Building C object esp-idf/mbedtls/mbedtls/library/CMakeFiles/mbedtls.dir/mps_trace.c.obj

[690/1031] Building C object esp-idf/app_update/CMakeFiles/__idf_app_update.dir/esp_ota_ops.c.obj

[691/1031] Building C object esp-idf/mbedtls/mbedtls/library/CMakeFiles/mbedtls.dir/ssl_tls13_client.c.obj

[692/1031] Building C object esp-idf/mbedtls/mbedtls/library/CMakeFiles/mbedtls.dir/ssl_ciphersuites.c.obj

[693/1031] Building C object esp-idf/mbedtls/mbedtls/library/CMakeFiles/mbedtls.dir/ssl_debug_helpers_generated.c.obj

[694/1031] Building C object esp-idf/mbedtls/mbedtls/library/CMakeFiles/mbedtls.dir/ssl_tls13_server.c.obj

[695/1031] Building C object esp-idf/mbedtls/mbedtls/library/CMakeFiles/mbedtls.dir/ssl_tls13_generic.c.obj

[696/1031] Linking C static library esp-idf\esp_system\libesp_system.a

[697/1031] Building C object esp-idf/mbedtls/mbedtls/library/CMakeFiles/mbedtls.dir/ssl_cache.c.obj

[698/1031] Building C object esp-idf/mbedtls/mbedtls/library/CMakeFiles/mbedtls.dir/ssl_tls13_keys.c.obj

[699/1031] Building C object esp-idf/mbedtls/mbedtls/library/CMakeFiles/mbedtls.dir/ssl_cookie.c.obj

[700/1031] Building C object esp-idf/mbedtls/mbedtls/library/CMakeFiles/mbedtls.dir/ssl_ticket.c.obj

[701/1031] Building C object esp-idf/mbedtls/mbedtls/library/CMakeFiles/mbedtls.dir/C_/Espressif/frameworks/esp-idf-v5.5.4/components/mbedtls/port/esp_platform_time.c.obj

[702/1031] Building C object esp-idf/mbedtls/mbedtls/library/CMakeFiles/mbedtls.dir/ssl_client.c.obj

[703/1031] Building C object esp-idf/mbedtls/mbedtls/library/CMakeFiles/mbedtls.dir/ssl_tls12_client.c.obj

[704/1031] Building C object esp-idf/mbedtls/mbedtls/library/CMakeFiles/mbedtls.dir/C_/Espressif/frameworks/esp-idf-v5.5.4/components/mbedtls/port/mbedtls_debug.c.obj

[705/1031] Building C object esp-idf/mbedtls/mbedtls/library/CMakeFiles/mbedtls.dir/ssl_tls12_server.c.obj

[706/1031] Building C object esp-idf/mbedtls/mbedtls/library/CMakeFiles/mbedtls.dir/ssl_msg.c.obj

[707/1031] Linking C static library esp-idf\spi_flash\libspi_flash.a

[708/1031] Building C object esp-idf/mbedtls/mbedtls/library/CMakeFiles/mbedtls.dir/ssl_tls.c.obj

[709/1031] Building C object esp-idf/mbedtls/mbedtls/library/CMakeFiles/mbedx509.dir/pkcs7.c.obj

[710/1031] Building C object esp-idf/mbedtls/mbedtls/library/CMakeFiles/mbedx509.dir/x509_create.c.obj

[711/1031] Building C object esp-idf/mbedtls/mbedtls/library/CMakeFiles/mbedx509.dir/x509.c.obj

[712/1031] Building C object esp-idf/mbedtls/mbedtls/library/CMakeFiles/mbedcrypto.dir/aesni.c.obj

[713/1031] Building C object esp-idf/mbedtls/mbedtls/library/CMakeFiles/mbedx509.dir/x509_crl.c.obj

[714/1031] Building C object esp-idf/mbedtls/mbedtls/library/CMakeFiles/mbedtls.dir/C_/Espressif/frameworks/esp-idf-v5.5.4/components/mbedtls/port/net_sockets.c.obj

[715/1031] Building C object esp-idf/mbedtls/mbedtls/library/CMakeFiles/mbedcrypto.dir/aesce.c.obj

[716/1031] Building C object esp-idf/mbedtls/mbedtls/library/CMakeFiles/mbedx509.dir/x509write_csr.c.obj

[717/1031] Building C object esp-idf/mbedtls/mbedtls/library/CMakeFiles/mbedx509.dir/x509write.c.obj

[718/1031] Building C object esp-idf/mbedtls/mbedtls/library/CMakeFiles/mbedx509.dir/x509_csr.c.obj

[719/1031] Building C object esp-idf/mbedtls/mbedtls/library/CMakeFiles/mbedcrypto.dir/aes.c.obj

[720/1031] Linking C static library esp-idf\esp_mm\libesp_mm.a

[721/1031] Building C object esp-idf/mbedtls/mbedtls/library/CMakeFiles/mbedcrypto.dir/asn1parse.c.obj

[722/1031] Building C object esp-idf/mbedtls/mbedtls/library/CMakeFiles/mbedcrypto.dir/aria.c.obj

[723/1031] Building C object esp-idf/mbedtls/mbedtls/library/CMakeFiles/mbedx509.dir/x509write_crt.c.obj

[724/1031] Building C object esp-idf/mbedtls/mbedtls/library/CMakeFiles/mbedcrypto.dir/asn1write.c.obj

[725/1031] Building C object esp-idf/mbedtls/mbedtls/library/CMakeFiles/mbedcrypto.dir/bignum_mod.c.obj

[726/1031] Building C object esp-idf/mbedtls/mbedtls/library/CMakeFiles/mbedcrypto.dir/base64.c.obj

[727/1031] Building C object esp-idf/mbedtls/mbedtls/library/CMakeFiles/mbedcrypto.dir/bignum_mod_raw.c.obj

[728/1031] Building C object esp-idf/mbedtls/mbedtls/library/CMakeFiles/mbedcrypto.dir/camellia.c.obj

[729/1031] Building C object esp-idf/mbedtls/mbedtls/library/CMakeFiles/mbedcrypto.dir/chacha20.c.obj

[730/1031] Building C object esp-idf/mbedtls/mbedtls/library/CMakeFiles/mbedcrypto.dir/bignum_core.c.obj

[731/1031] Building C object esp-idf/mbedtls/mbedtls/library/CMakeFiles/mbedcrypto.dir/block_cipher.c.obj

[732/1031] Building C object esp-idf/mbedtls/mbedtls/library/CMakeFiles/mbedcrypto.dir/bignum.c.obj

[733/1031] Linking C static library esp-idf\bootloader_support\libbootloader_support.a

[734/1031] Building C object esp-idf/mbedtls/mbedtls/library/CMakeFiles/mbedcrypto.dir/chachapoly.c.obj

[735/1031] Building C object esp-idf/mbedtls/mbedtls/library/CMakeFiles/mbedx509.dir/x509_crt.c.obj

[736/1031] Building C object esp-idf/mbedtls/mbedtls/library/CMakeFiles/mbedcrypto.dir/constant_time.c.obj

[737/1031] Building C object esp-idf/mbedtls/mbedtls/library/CMakeFiles/mbedcrypto.dir/ccm.c.obj

[738/1031] Building C object esp-idf/mbedtls/mbedtls/library/CMakeFiles/mbedcrypto.dir/des.c.obj

[739/1031] Building C object esp-idf/mbedtls/mbedtls/library/CMakeFiles/mbedcrypto.dir/dhm.c.obj

[740/1031] Building C object esp-idf/mbedtls/mbedtls/library/CMakeFiles/mbedcrypto.dir/cipher.c.obj

[741/1031] Building C object esp-idf/mbedtls/mbedtls/library/CMakeFiles/mbedcrypto.dir/cipher_wrap.c.obj

[742/1031] Building C object esp-idf/mbedtls/mbedtls/library/CMakeFiles/mbedcrypto.dir/ctr_drbg.c.obj

[743/1031] Building C object esp-idf/mbedtls/mbedtls/library/CMakeFiles/mbedcrypto.dir/ecjpake.c.obj

[744/1031] Building C object esp-idf/mbedtls/mbedtls/library/CMakeFiles/mbedcrypto.dir/ecdh.c.obj

[745/1031] Building C object esp-idf/mbedtls/mbedtls/library/CMakeFiles/mbedcrypto.dir/cmac.c.obj

[746/1031] Building C object esp-idf/mbedtls/mbedtls/library/CMakeFiles/mbedcrypto.dir/ecdsa.c.obj

[747/1031] Building C object esp-idf/mbedtls/mbedtls/library/CMakeFiles/mbedcrypto.dir/ecp_curves_new.c.obj

[748/1031] Linking C static library esp-idf\efuse\libefuse.a

[749/1031] Building C object esp-idf/mbedtls/mbedtls/library/CMakeFiles/mbedcrypto.dir/entropy_poll.c.obj

[750/1031] Building C object esp-idf/mbedtls/mbedtls/library/CMakeFiles/mbedcrypto.dir/entropy.c.obj

[751/1031] Building C object esp-idf/mbedtls/mbedtls/library/CMakeFiles/mbedcrypto.dir/hkdf.c.obj

[752/1031] Building C object esp-idf/mbedtls/mbedtls/library/CMakeFiles/mbedcrypto.dir/memory_buffer_alloc.c.obj

[753/1031] Building C object esp-idf/mbedtls/mbedtls/library/CMakeFiles/mbedcrypto.dir/gcm.c.obj

[754/1031] Building C object esp-idf/mbedtls/mbedtls/library/CMakeFiles/mbedcrypto.dir/nist_kw.c.obj

[755/1031] Building C object esp-idf/mbedtls/mbedtls/library/CMakeFiles/mbedcrypto.dir/ecp_curves.c.obj

[756/1031] Building C object esp-idf/mbedtls/mbedtls/library/CMakeFiles/mbedcrypto.dir/ecp.c.obj

[757/1031] Building C object esp-idf/mbedtls/mbedtls/library/CMakeFiles/mbedcrypto.dir/hmac_drbg.c.obj

[758/1031] Building C object esp-idf/mbedtls/mbedtls/library/CMakeFiles/mbedcrypto.dir/lmots.c.obj

[759/1031] Building C object esp-idf/mbedtls/mbedtls/library/CMakeFiles/mbedcrypto.dir/error.c.obj

[760/1031] Linking C static library esp-idf\esp_partition\libesp_partition.a

[761/1031] Building C object esp-idf/mbedtls/mbedtls/library/CMakeFiles/mbedcrypto.dir/padlock.c.obj

[762/1031] Building C object esp-idf/mbedtls/mbedtls/library/CMakeFiles/mbedcrypto.dir/md5.c.obj

[763/1031] Building C object esp-idf/mbedtls/mbedtls/library/CMakeFiles/mbedcrypto.dir/md.c.obj

[764/1031] Building C object esp-idf/mbedtls/mbedtls/library/CMakeFiles/mbedcrypto.dir/lms.c.obj

[765/1031] Building C object esp-idf/mbedtls/mbedtls/library/CMakeFiles/mbedcrypto.dir/pkcs12.c.obj

[766/1031] Building C object esp-idf/mbedtls/mbedtls/library/CMakeFiles/mbedcrypto.dir/pk_ecc.c.obj

[767/1031] Building C object esp-idf/mbedtls/mbedtls/library/CMakeFiles/mbedcrypto.dir/pem.c.obj

[768/1031] Building C object esp-idf/mbedtls/mbedtls/library/CMakeFiles/mbedcrypto.dir/pk.c.obj

[769/1031] Building C object esp-idf/mbedtls/mbedtls/library/CMakeFiles/mbedcrypto.dir/oid.c.obj

[770/1031] Building C object esp-idf/mbedtls/mbedtls/library/CMakeFiles/mbedcrypto.dir/poly1305.c.obj

[771/1031] Building C object esp-idf/mbedtls/mbedtls/library/CMakeFiles/mbedcrypto.dir/pk_wrap.c.obj

[772/1031] Linking C static library esp-idf\app_update\libapp_update.a

[773/1031] Building C object esp-idf/mbedtls/mbedtls/library/CMakeFiles/mbedcrypto.dir/platform_util.c.obj

[774/1031] Building C object esp-idf/mbedtls/mbedtls/library/CMakeFiles/mbedcrypto.dir/platform.c.obj

[775/1031] Building C object esp-idf/mbedtls/mbedtls/library/CMakeFiles/mbedcrypto.dir/pkwrite.c.obj

[776/1031] Building C object esp-idf/mbedtls/mbedtls/library/CMakeFiles/mbedcrypto.dir/pkparse.c.obj

[777/1031] Building C object esp-idf/mbedtls/mbedtls/library/CMakeFiles/mbedcrypto.dir/psa_crypto_cipher.c.obj

[778/1031] Building C object esp-idf/mbedtls/mbedtls/library/CMakeFiles/mbedcrypto.dir/psa_crypto_aead.c.obj

[779/1031] Building C object esp-idf/mbedtls/mbedtls/library/CMakeFiles/mbedcrypto.dir/psa_crypto_driver_wrappers_no_static.c.obj

[780/1031] Building C object esp-idf/mbedtls/mbedtls/library/CMakeFiles/mbedcrypto.dir/psa_crypto_client.c.obj

[781/1031] Building C object esp-idf/mbedtls/mbedtls/library/CMakeFiles/mbedcrypto.dir/psa_crypto_se.c.obj

[782/1031] Building C object esp-idf/mbedtls/mbedtls/library/CMakeFiles/mbedcrypto.dir/psa_crypto_mac.c.obj

[783/1031] Building C object esp-idf/mbedtls/mbedtls/library/CMakeFiles/mbedcrypto.dir/psa_crypto_hash.c.obj

[784/1031] Linking C static library esp-idf\esp_bootloader_format\libesp_bootloader_format.a

[785/1031] Building C object esp-idf/mbedtls/mbedtls/library/CMakeFiles/mbedcrypto.dir/psa_crypto_ecp.c.obj

[786/1031] Building C object esp-idf/mbedtls/mbedtls/library/CMakeFiles/mbedcrypto.dir/psa_crypto_ffdh.c.obj

[787/1031] Building C object esp-idf/mbedtls/mbedtls/library/CMakeFiles/mbedcrypto.dir/psa_crypto_pake.c.obj

[788/1031] Building C object esp-idf/mbedtls/mbedtls/library/CMakeFiles/mbedcrypto.dir/psa_crypto_storage.c.obj

[789/1031] Building C object esp-idf/mbedtls/mbedtls/library/CMakeFiles/mbedcrypto.dir/ripemd160.c.obj

[790/1031] Building C object esp-idf/mbedtls/mbedtls/library/CMakeFiles/mbedcrypto.dir/psa_its_file.c.obj

[791/1031] Building C object esp-idf/mbedtls/mbedtls/library/CMakeFiles/mbedcrypto.dir/psa_util.c.obj

[792/1031] Building C object esp-idf/mbedtls/mbedtls/library/CMakeFiles/mbedcrypto.dir/psa_crypto_slot_management.c.obj

[793/1031] Building C object esp-idf/mbedtls/mbedtls/library/CMakeFiles/mbedcrypto.dir/psa_crypto_rsa.c.obj

[794/1031] Building C object esp-idf/mbedtls/mbedtls/library/CMakeFiles/mbedcrypto.dir/rsa_alt_helpers.c.obj

[795/1031] Linking C static library esp-idf\esp_app_format\libesp_app_format.a

[796/1031] Building C object esp-idf/mbedtls/mbedtls/library/CMakeFiles/mbedcrypto.dir/psa_crypto.c.obj

[797/1031] Building C object esp-idf/mbedtls/mbedtls/library/CMakeFiles/mbedcrypto.dir/sha256.c.obj

[798/1031] Building C object esp-idf/mbedtls/mbedtls/library/CMakeFiles/mbedcrypto.dir/sha1.c.obj

[799/1031] Building C object esp-idf/mbedtls/mbedtls/library/CMakeFiles/mbedcrypto.dir/timing.c.obj

[800/1031] Building C object esp-idf/mbedtls/mbedtls/library/CMakeFiles/mbedcrypto.dir/sha3.c.obj

[801/1031] Building C object esp-idf/mbedtls/mbedtls/library/CMakeFiles/mbedcrypto.dir/threading.c.obj

[802/1031] Building C object esp-idf/mbedtls/mbedtls/library/CMakeFiles/mbedcrypto.dir/version.c.obj

[803/1031] Building C object esp-idf/mbedtls/mbedtls/library/CMakeFiles/mbedcrypto.dir/version_features.c.obj

[804/1031] Building C object esp-idf/mbedtls/mbedtls/library/CMakeFiles/mbedcrypto.dir/sha512.c.obj

[805/1031] Building C object esp-idf/mbedtls/mbedtls/library/CMakeFiles/mbedcrypto.dir/C_/Espressif/frameworks/esp-idf-v5.5.4/components/mbedtls/port/esp_mem.c.obj

[806/1031] Building C object esp-idf/mbedtls/mbedtls/library/CMakeFiles/mbedcrypto.dir/C_/Espressif/frameworks/esp-idf-v5.5.4/components/mbedtls/port/esp_hardware.c.obj

[807/1031] Building C object esp-idf/mbedtls/mbedtls/library/CMakeFiles/mbedcrypto.dir/rsa.c.obj

[808/1031] Building C object esp-idf/mbedtls/mbedtls/library/CMakeFiles/mbedcrypto.dir/pkcs5.c.obj

[809/1031] Building C object esp-idf/mbedtls/mbedtls/library/CMakeFiles/mbedcrypto.dir/C_/Espressif/frameworks/esp-idf-v5.5.4/components/mbedtls/port/esp_timing.c.obj

[810/1031] Linking CXX static library esp-idf\mbedtls\mbedtls\library\libmbedtls.a

[811/1031] Building C object esp-idf/mbedtls/mbedtls/library/CMakeFiles/mbedcrypto.dir/C_/Espressif/frameworks/esp-idf-v5.5.4/components/mbedtls/port/aes/esp_aes_xts.c.obj

[812/1031] Building C object esp-idf/mbedtls/mbedtls/library/CMakeFiles/mbedcrypto.dir/C_/Espressif/frameworks/esp-idf-v5.5.4/components/mbedtls/port/aes/esp_aes_common.c.obj

[813/1031] Building C object esp-idf/mbedtls/mbedtls/library/CMakeFiles/mbedcrypto.dir/C_/Espressif/frameworks/esp-idf-v5.5.4/components/mbedtls/port/sha/esp_sha.c.obj

[814/1031] Creating directories for 'bootloader'

[815/1031] Building C object esp-idf/mbedtls/mbedtls/library/CMakeFiles/mbedcrypto.dir/C_/Espressif/frameworks/esp-idf-v5.5.4/components/mbedtls/port/bignum/bignum_alt.c.obj

[816/1031] Building C object esp-idf/mbedtls/mbedtls/library/CMakeFiles/mbedcrypto.dir/7f8b82d8a283a8112a7b4ab1ed5b47e9/components/mbedtls/port/sha/parallel_engine/sha.c.obj

[817/1031] Linking CXX static library esp-idf\mbedtls\mbedtls\library\libmbedx509.a

[818/1031] No download step for 'bootloader'

[819/1031] Building C object esp-idf/mbedtls/mbedtls/library/CMakeFiles/mbedcrypto.dir/C_/Espressif/frameworks/esp-idf-v5.5.4/components/mbedtls/port/md/esp_md.c.obj

[820/1031] Building C object esp-idf/mbedtls/mbedtls/library/CMakeFiles/mbedcrypto.dir/C_/Espressif/frameworks/esp-idf-v5.5.4/components/mbedtls/port/aes/block/esp_aes.c.obj

[821/1031] Building C object esp-idf/mbedtls/mbedtls/3rdparty/everest/CMakeFiles/everest.dir/library/x25519.c.obj

[822/1031] Building C object esp-idf/mbedtls/mbedtls/library/CMakeFiles/mbedcrypto.dir/C_/Espressif/frameworks/esp-idf-v5.5.4/components/mbedtls/port/bignum/esp_bignum.c.obj

[823/1031] Building C object esp-idf/mbedtls/mbedtls/library/CMakeFiles/mbedcrypto.dir/7f8b82d8a283a8112a7b4ab1ed5b47e9/components/mbedtls/port/sha/parallel_engine/esp_sha1.c.obj

[824/1031] Building C object esp-idf/mbedtls/mbedtls/library/CMakeFiles/mbedcrypto.dir/12800f948bbffada84ccb67a572c19ff/mbedtls/port/sha/parallel_engine/esp_sha256.c.obj

[825/1031] Building C object esp-idf/mbedtls/mbedtls/3rdparty/everest/CMakeFiles/everest.dir/library/Hacl_Curve25519_joined.c.obj

[826/1031] Building C object esp-idf/mbedtls/mbedtls/3rdparty/p256-m/CMakeFiles/p256m.dir/p256-m/p256-m.c.obj

[827/1031] No update step for 'bootloader'

[828/1031] Building C object esp-idf/mbedtls/mbedtls/library/CMakeFiles/mbedcrypto.dir/C_/Espressif/frameworks/esp-idf-v5.5.4/components/mbedtls/port/aes/esp_aes_gcm.c.obj

[829/1031] Building C object esp-idf/mbedtls/mbedtls/3rdparty/p256-m/CMakeFiles/p256m.dir/p256-m_driver_entrypoints.c.obj

[830/1031] Building C object esp-idf/mbedtls/mbedtls/library/CMakeFiles/mbedcrypto.dir/12800f948bbffada84ccb67a572c19ff/mbedtls/port/sha/parallel_engine/esp_sha512.c.obj

[831/1031] Building C object esp-idf/mbedtls/mbedtls/3rdparty/everest/CMakeFiles/everest.dir/library/everest.c.obj

[832/1031] No patch step for 'bootloader'

[833/1031] Linking CXX static library esp-idf\mbedtls\mbedtls\library\libmbedcrypto.a

[834/1031] Linking CXX static library esp-idf\mbedtls\mbedtls\3rdparty\p256-m\libp256m.a

[835/1031] Linking CXX static library esp-idf\mbedtls\mbedtls\3rdparty\everest\libeverest.a

[836/1031] Generating x509_crt_bundle

[837/1031] Generating ../../x509_crt_bundle.S

[838/1031] Building ASM object esp-idf/mbedtls/CMakeFiles/__idf_mbedtls.dir/__/__/x509_crt_bundle.S.obj

[839/1031] Building ASM object esp-idf/xtensa/CMakeFiles/__idf_xtensa.dir/xtensa_context.S.obj

[840/1031] Building C object esp-idf/xtensa/CMakeFiles/__idf_xtensa.dir/eri.c.obj

[841/1031] Building C object esp-idf/xtensa/CMakeFiles/__idf_xtensa.dir/xt_trax.c.obj

[842/1031] Building ASM object esp-idf/xtensa/CMakeFiles/__idf_xtensa.dir/xtensa_intr_asm.S.obj

[843/1031] Building ASM object esp-idf/xtensa/CMakeFiles/__idf_xtensa.dir/xtensa_vectors.S.obj

[844/1031] Building C object esp-idf/esp_pm/CMakeFiles/__idf_esp_pm.dir/pm_trace.c.obj

[845/1031] Building C object esp-idf/console/CMakeFiles/__idf_console.dir/split_argv.c.obj

[846/1031] Building C object esp-idf/esp_pm/CMakeFiles/__idf_esp_pm.dir/pm_locks.c.obj

[847/1031] Building C object esp-idf/xtensa/CMakeFiles/__idf_xtensa.dir/xtensa_intr.c.obj

[848/1031] Building C object esp-idf/esp_driver_gpio/CMakeFiles/__idf_esp_driver_gpio.dir/src/gpio_glitch_filter_ops.c.obj

[849/1031] Building C object esp-idf/mbedtls/CMakeFiles/__idf_mbedtls.dir/esp_crt_bundle/esp_crt_bundle.c.obj

[850/1031] Building C object esp-idf/console/CMakeFiles/__idf_console.dir/argtable3/arg_cmd.c.obj

[851/1031] Building C object esp-idf/console/CMakeFiles/__idf_console.dir/esp_console_common.c.obj

[852/1031] Building C object esp-idf/esp_driver_gpio/CMakeFiles/__idf_esp_driver_gpio.dir/src/rtc_io.c.obj

[853/1031] Building C object esp-idf/console/CMakeFiles/__idf_console.dir/linenoise/linenoise.c.obj

[854/1031] Building C object esp-idf/console/CMakeFiles/__idf_console.dir/esp_console_repl_internal.c.obj

[855/1031] Building C object esp-idf/esp_pm/CMakeFiles/__idf_esp_pm.dir/pm_impl.c.obj

[856/1031] Building C object esp-idf/esp_driver_gpio/CMakeFiles/__idf_esp_driver_gpio.dir/src/gpio.c.obj

[857/1031] Building C object esp-idf/console/CMakeFiles/__idf_console.dir/commands.c.obj

[858/1031] Building C object esp-idf/console/CMakeFiles/__idf_console.dir/argtable3/arg_date.c.obj

[859/1031] Building C object esp-idf/console/CMakeFiles/__idf_console.dir/argtable3/arg_dbl.c.obj

[860/1031] Building C object esp-idf/console/CMakeFiles/__idf_console.dir/argtable3/arg_dstr.c.obj

[861/1031] Linking C static library esp-idf\mbedtls\libmbedtls.a

[862/1031] Building C object esp-idf/console/CMakeFiles/__idf_console.dir/argtable3/arg_end.c.obj

[863/1031] Building C object esp-idf/console/CMakeFiles/__idf_console.dir/esp_console_repl_chip.c.obj

[864/1031] Building C object esp-idf/console/CMakeFiles/__idf_console.dir/argtable3/arg_hashtable.c.obj

[865/1031] Building C object esp-idf/console/CMakeFiles/__idf_console.dir/argtable3/arg_file.c.obj

[866/1031] Building C object esp-idf/console/CMakeFiles/__idf_console.dir/argtable3/arg_lit.c.obj

[867/1031] Building C object esp-idf/console/CMakeFiles/__idf_console.dir/argtable3/arg_rem.c.obj

[868/1031] Building C object esp-idf/console/CMakeFiles/__idf_console.dir/argtable3/arg_int.c.obj

[869/1031] Building C object esp-idf/console/CMakeFiles/__idf_console.dir/argtable3/arg_str.c.obj

[870/1031] Building C object esp-idf/console/CMakeFiles/__idf_console.dir/argtable3/arg_rex.c.obj

[871/1031] Building C object esp-idf/console/CMakeFiles/__idf_console.dir/argtable3/arg_utils.c.obj

[872/1031] Linking C static library esp-idf\esp_pm\libesp_pm.a

[873/1031] Building C object esp-idf/console/CMakeFiles/__idf_console.dir/argtable3/argtable3.c.obj

[874/1031] Building C object esp-idf/spiffs/CMakeFiles/__idf_spiffs.dir/spiffs/src/spiffs_check.c.obj

[875/1031] Building C object esp-idf/spiffs/CMakeFiles/__idf_spiffs.dir/spiffs/src/spiffs_cache.c.obj

[876/1031] Building C object esp-idf/protobuf-c/CMakeFiles/__idf_protobuf-c.dir/protobuf-c/protobuf-c/protobuf-c.c.obj

[877/1031] Building C object esp-idf/unity/CMakeFiles/__idf_unity.dir/unity_runner.c.obj

[878/1031] Building C object esp-idf/spiffs/CMakeFiles/__idf_spiffs.dir/spiffs_api.c.obj

[879/1031] Building C object esp-idf/spiffs/CMakeFiles/__idf_spiffs.dir/spiffs/src/spiffs_gc.c.obj

[880/1031] Building C object esp-idf/unity/CMakeFiles/__idf_unity.dir/unity_compat.c.obj

[881/1031] Building C object esp-idf/spiffs/CMakeFiles/__idf_spiffs.dir/spiffs/src/spiffs_hydrogen.c.obj

[882/1031] Building C object esp-idf/unity/CMakeFiles/__idf_unity.dir/unity_utils_cache.c.obj

[883/1031] Building C object esp-idf/spiffs/CMakeFiles/__idf_spiffs.dir/spiffs/src/spiffs_nucleus.c.obj

[884/1031] Building C object esp-idf/unity/CMakeFiles/__idf_unity.dir/unity_utils_freertos.c.obj

[885/1031] Building C object esp-idf/unity/CMakeFiles/__idf_unity.dir/unity/src/unity.c.obj

[886/1031] Linking C static library esp-idf\esp_driver_gpio\libesp_driver_gpio.a

[887/1031] Building C object esp-idf/protocomm/CMakeFiles/__idf_protocomm.dir/proto-c/constants.pb-c.c.obj

[888/1031] Building C object esp-idf/unity/CMakeFiles/__idf_unity.dir/unity_utils_memory.c.obj

[889/1031] Building C object esp-idf/unity/CMakeFiles/__idf_unity.dir/port/esp/unity_utils_memory_esp.c.obj

[890/1031] Building C object esp-idf/spiffs/CMakeFiles/__idf_spiffs.dir/esp_spiffs.c.obj

[891/1031] Building C object esp-idf/unity/CMakeFiles/__idf_unity.dir/unity_port_esp32.c.obj

[892/1031] Building C object esp-idf/protocomm/CMakeFiles/__idf_protocomm.dir/proto-c/sec0.pb-c.c.obj

[893/1031] Building C object esp-idf/protocomm/CMakeFiles/__idf_protocomm.dir/src/common/protocomm.c.obj

[894/1031] Building C object esp-idf/protocomm/CMakeFiles/__idf_protocomm.dir/proto-c/sec1.pb-c.c.obj

[895/1031] Building C object esp-idf/protocomm/CMakeFiles/__idf_protocomm.dir/proto-c/sec2.pb-c.c.obj

[896/1031] Linking C static library esp-idf\xtensa\libxtensa.a

[897/1031] Building C object esp-idf/protocomm/CMakeFiles/__idf_protocomm.dir/proto-c/session.pb-c.c.obj

[898/1031] Building CXX object esp-idf/wear_levelling/CMakeFiles/__idf_wear_levelling.dir/crc32.cpp.obj

[899/1031] Building C object esp-idf/esp_https_server/CMakeFiles/__idf_esp_https_server.dir/src/https_server.c.obj

[900/1031] Building CXX object esp-idf/wear_levelling/CMakeFiles/__idf_wear_levelling.dir/SPI_Flash.cpp.obj

[901/1031] Building CXX object esp-idf/wear_levelling/CMakeFiles/__idf_wear_levelling.dir/Partition.cpp.obj

[902/1031] Building C object esp-idf/protocomm/CMakeFiles/__idf_protocomm.dir/src/security/security0.c.obj

[903/1031] Building C object esp-idf/protocomm/CMakeFiles/__idf_protocomm.dir/src/transports/protocomm_console.c.obj

[904/1031] Building CXX object esp-idf/wear_levelling/CMakeFiles/__idf_wear_levelling.dir/WL_Ext_Perf.cpp.obj

[905/1031] Building C object esp-idf/protocomm/CMakeFiles/__idf_protocomm.dir/src/crypto/srp6a/esp_srp_mpi.c.obj

[906/1031] Building CXX object esp-idf/wear_levelling/CMakeFiles/__idf_wear_levelling.dir/WL_Ext_Safe.cpp.obj

[907/1031] Linking C static library esp-idf\console\libconsole.a

[908/1031] Building C object esp-idf/protocomm/CMakeFiles/__idf_protocomm.dir/src/crypto/srp6a/esp_srp.c.obj

[909/1031] Building C object esp-idf/protocomm/CMakeFiles/__idf_protocomm.dir/src/transports/protocomm_httpd.c.obj

[910/1031] Linking C static library esp-idf\protobuf-c\libprotobuf-c.a

[911/1031] Building CXX object esp-idf/wear_levelling/CMakeFiles/__idf_wear_levelling.dir/WL_Flash.cpp.obj

[912/1031] Building CXX object esp-idf/wear_levelling/CMakeFiles/__idf_wear_levelling.dir/wear_levelling.cpp.obj

[913/1031] Linking C static library esp-idf\spiffs\libspiffs.a

[914/1031] Building C object esp-idf/protocomm/CMakeFiles/__idf_protocomm.dir/src/security/security1.c.obj

[915/1031] Building C object esp-idf/protocomm/CMakeFiles/__idf_protocomm.dir/src/security/security2.c.obj

[916/1031] Building C object esp-idf/json/CMakeFiles/__idf_json.dir/cJSON/cJSON_Utils.c.obj

[917/1031] Linking C static library esp-idf\unity\libunity.a

[918/1031] Building C object esp-idf/json/CMakeFiles/__idf_json.dir/cJSON/cJSON.c.obj

[919/1031] Building C object esp-idf/cmock/CMakeFiles/__idf_cmock.dir/CMock/src/cmock.c.obj

[920/1031] Building C object esp-idf/app_trace/CMakeFiles/__idf_app_trace.dir/app_trace.c.obj

[921/1031] Building C object esp-idf/app_trace/CMakeFiles/__idf_app_trace.dir/app_trace_util.c.obj

[922/1031] Building C object esp-idf/app_trace/CMakeFiles/__idf_app_trace.dir/host_file_io.c.obj

[923/1031] Building C object esp-idf/app_trace/CMakeFiles/__idf_app_trace.dir/port/port_uart.c.obj

[924/1031] Building C object esp-idf/mesh_common/CMakeFiles/__idf_mesh_common.dir/src/phase_listener.c.obj

[925/1031] Building C object esp-idf/mesh_common/CMakeFiles/__idf_mesh_common.dir/src/csv_logger.c.obj

[926/1031] Building C object esp-idf/mesh_common/CMakeFiles/__idf_mesh_common.dir/src/mesh_setup.c.obj

[927/1031] Building C object esp-idf/esp_driver_cam/CMakeFiles/__idf_esp_driver_cam.dir/dvp_share_ctrl.c.obj

[928/1031] Building C object esp-idf/esp_driver_cam/CMakeFiles/__idf_esp_driver_cam.dir/esp_cam_ctlr.c.obj

[929/1031] Building C object esp-idf/esp_eth/CMakeFiles/__idf_esp_eth.dir/src/mac/esp_eth_mac_esp_dma.c.obj

[930/1031] Building C object esp-idf/esp_eth/CMakeFiles/__idf_esp_eth.dir/src/esp_eth_netif_glue.c.obj

[931/1031] Building C object esp-idf/esp_driver_touch_sens/CMakeFiles/__idf_esp_driver_touch_sens.dir/hw_ver1/touch_version_specific.c.obj

[932/1031] Building C object esp-idf/esp_eth/CMakeFiles/__idf_esp_eth.dir/src/phy/esp_eth_phy_dp83848.c.obj

[933/1031] Building C object esp-idf/esp_eth/CMakeFiles/__idf_esp_eth.dir/src/phy/esp_eth_phy_generic.c.obj

[934/1031] Building C object esp-idf/esp_eth/CMakeFiles/__idf_esp_eth.dir/src/mac/esp_eth_mac_esp_gpio.c.obj

[935/1031] Building C object esp-idf/esp_driver_touch_sens/CMakeFiles/__idf_esp_driver_touch_sens.dir/common/touch_sens_common.c.obj

[936/1031] Building C object esp-idf/esp_eth/CMakeFiles/__idf_esp_eth.dir/src/esp_eth.c.obj

[937/1031] Building C object esp-idf/esp_eth/CMakeFiles/__idf_esp_eth.dir/src/phy/esp_eth_phy_ip101.c.obj

[938/1031] Building C object esp-idf/esp_eth/CMakeFiles/__idf_esp_eth.dir/src/phy/esp_eth_phy_802_3.c.obj

[939/1031] Linking C static library esp-idf\esp_https_server\libesp_https_server.a

[940/1031] Building C object esp-idf/esp_eth/CMakeFiles/__idf_esp_eth.dir/src/mac/esp_eth_mac_esp.c.obj

[941/1031] Building C object esp-idf/esp_eth/CMakeFiles/__idf_esp_eth.dir/src/phy/esp_eth_phy_ksz80xx.c.obj

[942/1031] Building C object esp-idf/esp_eth/CMakeFiles/__idf_esp_eth.dir/src/phy/esp_eth_phy_lan87xx.c.obj

[943/1031] Building C object esp-idf/esp_hid/CMakeFiles/__idf_esp_hid.dir/src/esp_hid_common.c.obj

[944/1031] Building C object esp-idf/esp_hid/CMakeFiles/__idf_esp_hid.dir/src/esp_hidd.c.obj

[945/1031] Linking C static library esp-idf\protocomm\libprotocomm.a

[946/1031] Building C object esp-idf/esp_eth/CMakeFiles/__idf_esp_eth.dir/src/phy/esp_eth_phy_rtl8201.c.obj

[947/1031] Building C object esp-idf/esp_lcd/CMakeFiles/__idf_esp_lcd.dir/src/esp_lcd_common.c.obj

[948/1031] Building C object esp-idf/espcoredump/CMakeFiles/__idf_espcoredump.dir/src/core_dump_init.c.obj

[949/1031] Building C object esp-idf/esp_hid/CMakeFiles/__idf_esp_hid.dir/src/esp_hidh.c.obj

[950/1031] Building C object esp-idf/esp_lcd/CMakeFiles/__idf_esp_lcd.dir/src/esp_lcd_panel_ops.c.obj

[951/1031] Building C object esp-idf/esp_lcd/CMakeFiles/__idf_esp_lcd.dir/src/esp_lcd_panel_io.c.obj

[952/1031] Building C object esp-idf/esp_lcd/CMakeFiles/__idf_esp_lcd.dir/i2c/esp_lcd_panel_io_i2c_v2.c.obj

[953/1031] Building C object esp-idf/esp_lcd/CMakeFiles/__idf_esp_lcd.dir/src/esp_lcd_panel_st7789.c.obj

[954/1031] Building C object esp-idf/esp_lcd/CMakeFiles/__idf_esp_lcd.dir/src/esp_lcd_panel_nt35510.c.obj

[955/1031] Building C object esp-idf/esp_lcd/CMakeFiles/__idf_esp_lcd.dir/src/esp_lcd_panel_ssd1306.c.obj

[956/1031] Building C object esp-idf/esp_local_ctrl/CMakeFiles/__idf_esp_local_ctrl.dir/proto-c/esp_local_ctrl.pb-c.c.obj

[957/1031] Building C object esp-idf/esp_lcd/CMakeFiles/__idf_esp_lcd.dir/i2c/esp_lcd_panel_io_i2c_v1.c.obj

[958/1031] Building C object esp-idf/espcoredump/CMakeFiles/__idf_espcoredump.dir/src/core_dump_crc.c.obj

[959/1031] Building C object esp-idf/esp_local_ctrl/CMakeFiles/__idf_esp_local_ctrl.dir/src/esp_local_ctrl_transport_httpd.c.obj

[960/1031] Building C object esp-idf/esp_lcd/CMakeFiles/__idf_esp_lcd.dir/spi/esp_lcd_panel_io_spi.c.obj

[961/1031] Building C object esp-idf/espcoredump/CMakeFiles/__idf_espcoredump.dir/src/core_dump_sha.c.obj

[962/1031] Building C object esp-idf/esp_local_ctrl/CMakeFiles/__idf_esp_local_ctrl.dir/src/esp_local_ctrl_handler.c.obj

[963/1031] Building C object esp-idf/esp_local_ctrl/CMakeFiles/__idf_esp_local_ctrl.dir/src/esp_local_ctrl.c.obj

[964/1031] Linking C static library esp-idf\wear_levelling\libwear_levelling.a

[965/1031] Building C object esp-idf/espcoredump/CMakeFiles/__idf_espcoredump.dir/src/core_dump_common.c.obj

[966/1031] Building C object esp-idf/espcoredump/CMakeFiles/__idf_espcoredump.dir/src/core_dump_uart.c.obj

[967/1031] Building ASM object esp-idf/espcoredump/CMakeFiles/__idf_espcoredump.dir/src/port/xtensa/core_dump_stack_switch.S.obj

[968/1031] Building C object esp-idf/esp_lcd/CMakeFiles/__idf_esp_lcd.dir/i80/esp_lcd_panel_io_i2s.c.obj

[969/1031] Building C object esp-idf/espcoredump/CMakeFiles/__idf_espcoredump.dir/src/core_dump_binary.c.obj

[970/1031] Building C object esp-idf/espcoredump/CMakeFiles/__idf_espcoredump.dir/src/core_dump_elf.c.obj

[971/1031] Building C object esp-idf/espcoredump/CMakeFiles/__idf_espcoredump.dir/src/core_dump_flash.c.obj

[972/1031] Linking C static library esp-idf\json\libjson.a

[973/1031] Building C object esp-idf/espcoredump/CMakeFiles/__idf_espcoredump.dir/src/port/xtensa/core_dump_port.c.obj

[974/1031] Building C object esp-idf/fatfs/CMakeFiles/__idf_fatfs.dir/src/ffunicode.c.obj

[975/1031] Building C object esp-idf/fatfs/CMakeFiles/__idf_fatfs.dir/diskio/diskio_rawflash.c.obj

[976/1031] Building C object esp-idf/fatfs/CMakeFiles/__idf_fatfs.dir/diskio/diskio_wl.c.obj

[977/1031] Building C object esp-idf/fatfs/CMakeFiles/__idf_fatfs.dir/diskio/diskio.c.obj

[978/1031] Building C object esp-idf/fatfs/CMakeFiles/__idf_fatfs.dir/port/freertos/ffsystem.c.obj

[979/1031] Building C object esp-idf/fatfs/CMakeFiles/__idf_fatfs.dir/diskio/diskio_sdmmc.c.obj

[980/1031] Building C object esp-idf/perfmon/CMakeFiles/__idf_perfmon.dir/xtensa_perfmon_masks.c.obj

[981/1031] Building C object esp-idf/nvs_sec_provider/CMakeFiles/__idf_nvs_sec_provider.dir/nvs_sec_provider.c.obj

[982/1031] Building C object esp-idf/fatfs/CMakeFiles/__idf_fatfs.dir/vfs/vfs_fat_spiflash.c.obj

[983/1031] Building C object esp-idf/perfmon/CMakeFiles/__idf_perfmon.dir/xtensa_perfmon_access.c.obj

[984/1031] Building C object esp-idf/perfmon/CMakeFiles/__idf_perfmon.dir/xtensa_perfmon_apis.c.obj

[985/1031] Building C object esp-idf/fatfs/CMakeFiles/__idf_fatfs.dir/src/ff.c.obj

[986/1031] Building C object esp-idf/mqtt/CMakeFiles/__idf_mqtt.dir/esp-mqtt/lib/platform_esp32_idf.c.obj

[987/1031] Building C object esp-idf/mqtt/CMakeFiles/__idf_mqtt.dir/esp-mqtt/lib/mqtt_msg.c.obj

[988/1031] Building C object esp-idf/rt/CMakeFiles/__idf_rt.dir/FreeRTOS_POSIX_utils.c.obj

[989/1031] Building C object esp-idf/mqtt/CMakeFiles/__idf_mqtt.dir/esp-mqtt/lib/mqtt_outbox.c.obj

[990/1031] Building C object esp-idf/rt/CMakeFiles/__idf_rt.dir/FreeRTOS_POSIX_mqueue.c.obj

[991/1031] Building C object esp-idf/fatfs/CMakeFiles/__idf_fatfs.dir/vfs/vfs_fat.c.obj

[992/1031] Building C object esp-idf/fatfs/CMakeFiles/__idf_fatfs.dir/vfs/vfs_fat_sdmmc.c.obj

[993/1031] Building C object esp-idf/wifi_provisioning/CMakeFiles/__idf_wifi_provisioning.dir/src/wifi_ctrl.c.obj

[994/1031] Building C object esp-idf/wifi_provisioning/CMakeFiles/__idf_wifi_provisioning.dir/src/wifi_config.c.obj

[995/1031] Linking C static library esp-idf\mesh_common\libmesh_common.a

[996/1031] Building C object esp-idf/wifi_provisioning/CMakeFiles/__idf_wifi_provisioning.dir/src/wifi_scan.c.obj

[997/1031] Linking C static library esp-idf\app_trace\libapp_trace.a

[998/1031] Linking C static library esp-idf\cmock\libcmock.a

[999/1031] Linking C static library esp-idf\esp_driver_touch_sens\libesp_driver_touch_sens.a

[1000/1031] Building C object esp-idf/wifi_provisioning/CMakeFiles/__idf_wifi_provisioning.dir/src/handlers.c.obj

[1001/1031] Linking C static library esp-idf\esp_driver_cam\libesp_driver_cam.a

[1002/1031] Linking C static library esp-idf\esp_hid\libesp_hid.a

[1003/1031] Building C object esp-idf/wifi_provisioning/CMakeFiles/__idf_wifi_provisioning.dir/proto-c/wifi_ctrl.pb-c.c.obj

[1004/1031] Building C object esp-idf/wifi_provisioning/CMakeFiles/__idf_wifi_provisioning.dir/proto-c/wifi_config.pb-c.c.obj

[1005/1031] Building C object esp-idf/wifi_provisioning/CMakeFiles/__idf_wifi_provisioning.dir/src/scheme_console.c.obj

[1006/1031] Linking C static library esp-idf\esp_lcd\libesp_lcd.a

[1007/1031] Linking C static library esp-idf\esp_eth\libesp_eth.a

[1008/1031] Building C object esp-idf/wifi_provisioning/CMakeFiles/__idf_wifi_provisioning.dir/proto-c/wifi_scan.pb-c.c.obj

[1009/1031] Building C object esp-idf/wifi_provisioning/CMakeFiles/__idf_wifi_provisioning.dir/proto-c/wifi_constants.pb-c.c.obj

[1010/1031] Linking C static library esp-idf\esp_local_ctrl\libesp_local_ctrl.a

[1011/1031] Linking C static library esp-idf\espcoredump\libespcoredump.a

[1012/1031] Linking C static library esp-idf\nvs_sec_provider\libnvs_sec_provider.a

[1013/1031] Linking C static library esp-idf\rt\librt.a

[1014/1031] Linking C static library esp-idf\fatfs\libfatfs.a

[1015/1031] Linking C static library esp-idf\perfmon\libperfmon.a

[1016/1031] Building C object esp-idf/mqtt/CMakeFiles/__idf_mqtt.dir/esp-mqtt/mqtt_client.c.obj

[1017/1031] Building C object esp-idf/wifi_provisioning/CMakeFiles/__idf_wifi_provisioning.dir/src/scheme_softap.c.obj

[1018/1031] Building C object esp-idf/wifi_provisioning/CMakeFiles/__idf_wifi_provisioning.dir/src/manager.c.obj

[1019/1031] Linking C static library esp-idf\mqtt\libmqtt.a

[1020/1031] Linking C static library esp-idf\wifi_provisioning\libwifi_provisioning.a

[1021/1031] Building C object esp-idf/main/CMakeFiles/__idf_main.dir/victim_main.c.obj

[1022/1031] Linking C static library esp-idf\main\libmain.a

[1023/1031] Performing configure step for 'bootloader'

-- Found Git: C:/Espressif/tools/idf-git/2.44.0/cmd/git.exe (found version "2.44.0.windows.1")
-- Minimal build - OFF
-- The C compiler identification is GNU 14.2.0
-- The CXX compiler identification is GNU 14.2.0
-- The ASM compiler identification is GNU
-- Found assembler: C:/Espressif/tools/xtensa-esp-elf/esp-14.2.0_20260121/xtensa-esp-elf/bin/xtensa-esp32-elf-gcc.exe
-- Detecting C compiler ABI info
-- Detecting C compiler ABI info - done
-- Check for working C compiler: C:/Espressif/tools/xtensa-esp-elf/esp-14.2.0_20260121/xtensa-esp-elf/bin/xtensa-esp32-elf-gcc.exe - skipped
-- Detecting C compile features
-- Detecting C compile features - done
-- Detecting CXX compiler ABI info
-- Detecting CXX compiler ABI info - done
-- Check for working CXX compiler: C:/Espressif/tools/xtensa-esp-elf/esp-14.2.0_20260121/xtensa-esp-elf/bin/xtensa-esp32-elf-g++.exe - skipped
-- Detecting CXX compile features
-- Detecting CXX compile features - done
-- Building ESP-IDF components for target esp32
-- ESP-TEE is currently supported only on the esp32c6;esp32h2;esp32c5 SoCs
-- Project sdkconfig file C:/Users/Angelo Calpoporo/CLionProjects/NIS16-ESP32-Environment/child_node/sdkconfig
-- Compiler supported targets: xtensa-esp-elf
-- Detecting C compiler ABI info
-- Detecting C compiler ABI info - done
-- Detecting CXX compiler ABI info
-- Detecting CXX compiler ABI info - done
-- Detecting C compiler ABI info
-- Detecting C compiler ABI info - done
-- Detecting CXX compiler ABI info
-- Detecting CXX compiler ABI info - done
-- Adding linker script C:/Espressif/frameworks/esp-idf-v5.5.4/components/soc/esp32/ld/esp32.peripherals.ld
-- Bootloader project name: "bootloader" version: 1
-- Adding linker script C:/Espressif/frameworks/esp-idf-v5.5.4/components/esp_rom/esp32/ld/esp32.rom.ld
-- Adding linker script C:/Espressif/frameworks/esp-idf-v5.5.4/components/esp_rom/esp32/ld/esp32.rom.api.ld
-- Adding linker script C:/Espressif/frameworks/esp-idf-v5.5.4/components/esp_rom/esp32/ld/esp32.rom.libgcc.ld
-- Adding linker script C:/Espressif/frameworks/esp-idf-v5.5.4/components/esp_rom/esp32/ld/esp32.rom.libc-funcs.ld
-- Adding linker script C:/Espressif/frameworks/esp-idf-v5.5.4/components/bootloader/subproject/main/ld/esp32/bootloader.rom.ld
-- Components: bootloader bootloader_support efuse esp_app_format esp_bootloader_format esp_common esp_hw_support esp_rom esp_security esp_system esptool_py freertos hal log main micro-ecc newlib partition_table soc spi_flash xtensa
-- Component paths: C:/Espressif/frameworks/esp-idf-v5.5.4/components/bootloader C:/Espressif/frameworks/esp-idf-v5.5.4/components/bootloader_support C:/Espressif/frameworks/esp-idf-v5.5.4/components/efuse C:/Espressif/frameworks/esp-idf-v5.5.4/components/esp_app_format C:/Espressif/frameworks/esp-idf-v5.5.4/components/esp_bootloader_format C:/Espressif/frameworks/esp-idf-v5.5.4/components/esp_common C:/Espressif/frameworks/esp-idf-v5.5.4/components/esp_hw_support C:/Espressif/frameworks/esp-idf-v5.5.4/components/esp_rom C:/Espressif/frameworks/esp-idf-v5.5.4/components/esp_security C:/Espressif/frameworks/esp-idf-v5.5.4/components/esp_system C:/Espressif/frameworks/esp-idf-v5.5.4/components/esptool_py C:/Espressif/frameworks/esp-idf-v5.5.4/components/freertos C:/Espressif/frameworks/esp-idf-v5.5.4/components/hal C:/Espressif/frameworks/esp-idf-v5.5.4/components/log C:/Espressif/frameworks/esp-idf-v5.5.4/components/bootloader/subproject/main C:/Espressif/frameworks/esp-idf-v5.5.4/components/bootloader/subproject/components/micro-ecc C:/Espressif/frameworks/esp-idf-v5.5.4/components/newlib C:/Espressif/frameworks/esp-idf-v5.5.4/components/partition_table C:/Espressif/frameworks/esp-idf-v5.5.4/components/soc C:/Espressif/frameworks/esp-idf-v5.5.4/components/spi_flash C:/Espressif/frameworks/esp-idf-v5.5.4/components/xtensa
-- Adding linker script C:/Espressif/frameworks/esp-idf-v5.5.4/components/bootloader/subproject/main/ld/esp32/bootloader.ld
-- Configuring done (23.8s)
-- Generating done (0.2s)
-- Build files have been written to: C:/Users/Angelo Calpoporo/CLionProjects/NIS16-ESP32-Environment/child_node/build_check_CHILD_plain/bootloader

[1024/1031] Performing build step for 'bootloader'

[1/118] Building C object esp-idf/log/CMakeFiles/__idf_log.dir/src/noos/util.c.obj

[2/118] Building C object esp-idf/log/CMakeFiles/__idf_log.dir/src/log_timestamp_common.c.obj

[3/118] Building C object esp-idf/log/CMakeFiles/__idf_log.dir/src/noos/log_lock.c.obj

[4/118] Building C object esp-idf/log/CMakeFiles/__idf_log.dir/src/noos/log_timestamp.c.obj

[5/118] Building C object esp-idf/log/CMakeFiles/__idf_log.dir/src/util.c.obj

[6/118] Building C object esp-idf/log/CMakeFiles/__idf_log.dir/src/log_print.c.obj

[7/118] Building C object esp-idf/log/CMakeFiles/__idf_log.dir/src/buffer/log_buffers.c.obj

[8/118] Building C object esp-idf/esp_rom/CMakeFiles/__idf_esp_rom.dir/patches/esp_rom_crc.c.obj

[9/118] Building C object esp-idf/log/CMakeFiles/__idf_log.dir/src/log_format_text.c.obj

[10/118] Building C object esp-idf/log/CMakeFiles/__idf_log.dir/src/log.c.obj

[11/118] Building C object esp-idf/esp_rom/CMakeFiles/__idf_esp_rom.dir/patches/esp_rom_efuse.c.obj

[12/118] Building ASM object esp-idf/esp_rom/CMakeFiles/__idf_esp_rom.dir/patches/esp_rom_longjmp.S.obj

[13/118] Building C object esp-idf/esp_rom/CMakeFiles/__idf_esp_rom.dir/patches/esp_rom_sys.c.obj

[14/118] Building C object esp-idf/esp_rom/CMakeFiles/__idf_esp_rom.dir/patches/esp_rom_gpio.c.obj

[15/118] Building C object esp-idf/esp_rom/CMakeFiles/__idf_esp_rom.dir/patches/esp_rom_uart.c.obj

[16/118] Building C object esp-idf/esp_rom/CMakeFiles/__idf_esp_rom.dir/patches/esp_rom_print.c.obj

[17/118] Building C object esp-idf/esp_hw_support/CMakeFiles/__idf_esp_hw_support.dir/port/esp32/esp_cpu_intr.c.obj

[18/118] Building C object esp-idf/esp_hw_support/CMakeFiles/__idf_esp_hw_support.dir/port/esp32/cpu_region_protect.c.obj

[19/118] Building C object esp-idf/esp_common/CMakeFiles/__idf_esp_common.dir/src/esp_err_to_name.c.obj

[20/118] Building C object esp-idf/esp_hw_support/CMakeFiles/__idf_esp_hw_support.dir/cpu.c.obj

[21/118] Building C object esp-idf/esp_hw_support/CMakeFiles/__idf_esp_hw_support.dir/esp_memory_utils.c.obj

[22/118] Building C object esp-idf/esp_rom/CMakeFiles/__idf_esp_rom.dir/patches/esp_rom_spiflash.c.obj

[23/118] Building C object esp-idf/esp_hw_support/CMakeFiles/__idf_esp_hw_support.dir/port/esp32/rtc_init.c.obj

[24/118] Building C object esp-idf/esp_hw_support/CMakeFiles/__idf_esp_hw_support.dir/port/esp32/rtc_clk_init.c.obj

[25/118] Building C object esp-idf/esp_system/CMakeFiles/__idf_esp_system.dir/esp_err.c.obj

[26/118] Building C object esp-idf/esp_hw_support/CMakeFiles/__idf_esp_hw_support.dir/port/esp32/chip_info.c.obj

[27/118] Building C object esp-idf/esp_hw_support/CMakeFiles/__idf_esp_hw_support.dir/port/esp32/rtc_sleep.c.obj

[28/118] Building C object esp-idf/esp_hw_support/CMakeFiles/__idf_esp_hw_support.dir/port/esp32/rtc_time.c.obj

[29/118] Building C object esp-idf/efuse/CMakeFiles/__idf_efuse.dir/esp32/esp_efuse_table.c.obj

[30/118] Building C object esp-idf/efuse/CMakeFiles/__idf_efuse.dir/esp32/esp_efuse_fields.c.obj

[31/118] Building C object esp-idf/efuse/CMakeFiles/__idf_efuse.dir/src/esp_efuse_fields.c.obj

[32/118] Building C object esp-idf/efuse/CMakeFiles/__idf_efuse.dir/src/esp_efuse_api.c.obj

[33/118] Building C object esp-idf/efuse/CMakeFiles/__idf_efuse.dir/src/efuse_controller/keys/without_key_purposes/three_key_blocks/esp_efuse_api_key.c.obj

[34/118] Building C object esp-idf/efuse/CMakeFiles/__idf_efuse.dir/esp32/esp_efuse_utility.c.obj

[35/118] Building C object esp-idf/bootloader_support/CMakeFiles/__idf_bootloader_support.dir/src/bootloader_efuse.c.obj

[36/118] Building C object esp-idf/bootloader_support/CMakeFiles/__idf_bootloader_support.dir/src/bootloader_mem.c.obj

[37/118] Building C object esp-idf/esp_hw_support/CMakeFiles/__idf_esp_hw_support.dir/port/esp32/rtc_clk.c.obj

[38/118] Building C object esp-idf/efuse/CMakeFiles/__idf_efuse.dir/src/esp_efuse_utility.c.obj

[39/118] Building C object esp-idf/bootloader_support/CMakeFiles/__idf_bootloader_support.dir/src/bootloader_clock_init.c.obj

[40/118] Building C object esp-idf/bootloader_support/CMakeFiles/__idf_bootloader_support.dir/src/bootloader_random.c.obj

[41/118] Linking C static library esp-idf\log\liblog.a

[42/118] Building C object esp-idf/bootloader_support/CMakeFiles/__idf_bootloader_support.dir/src/secure_boot.c.obj

[43/118] Building C object esp-idf/bootloader_support/CMakeFiles/__idf_bootloader_support.dir/src/bootloader_common.c.obj

[44/118] Building C object esp-idf/bootloader_support/CMakeFiles/__idf_bootloader_support.dir/src/bootloader_common_loader.c.obj

[45/118] Building C object esp-idf/bootloader_support/CMakeFiles/__idf_bootloader_support.dir/src/bootloader_random_esp32.c.obj

[46/118] Building C object esp-idf/bootloader_support/CMakeFiles/__idf_bootloader_support.dir/src/flash_partitions.c.obj

[47/118] Building C object esp-idf/bootloader_support/CMakeFiles/__idf_bootloader_support.dir/bootloader_flash/src/flash_qio_mode.c.obj

[48/118] Building C object esp-idf/bootloader_support/CMakeFiles/__idf_bootloader_support.dir/src/flash_encrypt.c.obj

[49/118] Building C object esp-idf/bootloader_support/CMakeFiles/__idf_bootloader_support.dir/src/esp32/bootloader_soc.c.obj

[50/118] Building C object esp-idf/bootloader_support/CMakeFiles/__idf_bootloader_support.dir/src/bootloader_clock_loader.c.obj

[51/118] Building C object esp-idf/bootloader_support/CMakeFiles/__idf_bootloader_support.dir/src/bootloader_sha.c.obj

[52/118] Building C object esp-idf/bootloader_support/CMakeFiles/__idf_bootloader_support.dir/bootloader_flash/src/bootloader_flash_config_esp32.c.obj

[53/118] Building C object esp-idf/hal/CMakeFiles/__idf_hal.dir/mpu_hal.c.obj

[54/118] Building C object esp-idf/esp_bootloader_format/CMakeFiles/__idf_esp_bootloader_format.dir/esp_bootloader_desc.c.obj

[55/118] Building C object esp-idf/bootloader_support/CMakeFiles/__idf_bootloader_support.dir/src/bootloader_console_loader.c.obj

[56/118] Building C object esp-idf/bootloader_support/CMakeFiles/__idf_bootloader_support.dir/src/bootloader_console.c.obj

[57/118] Building C object esp-idf/bootloader_support/CMakeFiles/__idf_bootloader_support.dir/bootloader_flash/src/bootloader_flash.c.obj

[58/118] Building C object esp-idf/hal/CMakeFiles/__idf_hal.dir/hal_utils.c.obj

[59/118] Building C object esp-idf/bootloader_support/CMakeFiles/__idf_bootloader_support.dir/src/bootloader_panic.c.obj

[60/118] Building C object esp-idf/spi_flash/CMakeFiles/__idf_spi_flash.dir/spi_flash_wrap.c.obj

[61/118] Building C object esp-idf/bootloader_support/CMakeFiles/__idf_bootloader_support.dir/src/bootloader_init.c.obj

[62/118] Building C object esp-idf/bootloader_support/CMakeFiles/__idf_bootloader_support.dir/src/bootloader_utility.c.obj

[63/118] Building C object esp-idf/hal/CMakeFiles/__idf_hal.dir/efuse_hal.c.obj

[64/118] Building C object esp-idf/bootloader_support/CMakeFiles/__idf_bootloader_support.dir/src/esp_image_format.c.obj

[65/118] Building C object esp-idf/bootloader_support/CMakeFiles/__idf_bootloader_support.dir/src/esp32/bootloader_esp32.c.obj

[66/118] Building C object esp-idf/soc/CMakeFiles/__idf_soc.dir/dport_access_common.c.obj

[67/118] Building C object esp-idf/soc/CMakeFiles/__idf_soc.dir/esp32/interrupts.c.obj

[68/118] Building C object esp-idf/soc/CMakeFiles/__idf_soc.dir/lldesc.c.obj

[69/118] Building C object esp-idf/hal/CMakeFiles/__idf_hal.dir/esp32/efuse_hal.c.obj

[70/118] Building C object esp-idf/soc/CMakeFiles/__idf_soc.dir/esp32/gpio_periph.c.obj

[71/118] Linking C static library esp-idf\esp_rom\libesp_rom.a

[72/118] Building C object esp-idf/hal/CMakeFiles/__idf_hal.dir/wdt_hal_iram.c.obj

[73/118] Building C object esp-idf/soc/CMakeFiles/__idf_soc.dir/esp32/adc_periph.c.obj

[74/118] Building C object esp-idf/hal/CMakeFiles/__idf_hal.dir/esp32/cache_hal_esp32.c.obj

[75/118] Building C object esp-idf/soc/CMakeFiles/__idf_soc.dir/esp32/dport_access.c.obj

[76/118] Building C object esp-idf/soc/CMakeFiles/__idf_soc.dir/esp32/emac_periph.c.obj

[77/118] Building C object esp-idf/soc/CMakeFiles/__idf_soc.dir/esp32/uart_periph.c.obj

[78/118] Building C object esp-idf/soc/CMakeFiles/__idf_soc.dir/esp32/rmt_periph.c.obj

[79/118] Building C object esp-idf/soc/CMakeFiles/__idf_soc.dir/esp32/ledc_periph.c.obj

[80/118] Building C object esp-idf/soc/CMakeFiles/__idf_soc.dir/esp32/spi_periph.c.obj

[81/118] Building C object esp-idf/soc/CMakeFiles/__idf_soc.dir/esp32/pcnt_periph.c.obj

[82/118] Building C object esp-idf/hal/CMakeFiles/__idf_hal.dir/mmu_hal.c.obj

[83/118] Building C object esp-idf/soc/CMakeFiles/__idf_soc.dir/esp32/sdm_periph.c.obj

[84/118] Building C object esp-idf/soc/CMakeFiles/__idf_soc.dir/esp32/i2c_periph.c.obj

[85/118] Building C object esp-idf/soc/CMakeFiles/__idf_soc.dir/esp32/i2s_periph.c.obj

[86/118] Building C object esp-idf/soc/CMakeFiles/__idf_soc.dir/esp32/lcd_periph.c.obj

[87/118] Building C object esp-idf/soc/CMakeFiles/__idf_soc.dir/esp32/timer_periph.c.obj

[88/118] Building C object esp-idf/soc/CMakeFiles/__idf_soc.dir/esp32/mcpwm_periph.c.obj

[89/118] Building C object esp-idf/soc/CMakeFiles/__idf_soc.dir/esp32/sdmmc_periph.c.obj

[90/118] Building C object esp-idf/soc/CMakeFiles/__idf_soc.dir/esp32/twai_periph.c.obj

[91/118] Building C object esp-idf/soc/CMakeFiles/__idf_soc.dir/esp32/mpi_periph.c.obj

[92/118] Building C object esp-idf/soc/CMakeFiles/__idf_soc.dir/esp32/dac_periph.c.obj

[93/118] Building C object esp-idf/soc/CMakeFiles/__idf_soc.dir/esp32/touch_sensor_periph.c.obj

[94/118] Generating project_elf_src_esp32.c

[95/118] Building C object esp-idf/soc/CMakeFiles/__idf_soc.dir/esp32/wdt_periph.c.obj

[96/118] Building C object esp-idf/soc/CMakeFiles/__idf_soc.dir/esp32/power_supply_periph.c.obj

[97/118] Building C object esp-idf/xtensa/CMakeFiles/__idf_xtensa.dir/eri.c.obj

[98/118] Building C object esp-idf/soc/CMakeFiles/__idf_soc.dir/esp32/rtc_io_periph.c.obj

[99/118] Linking C static library esp-idf\esp_common\libesp_common.a

[100/118] Building C object esp-idf/soc/CMakeFiles/__idf_soc.dir/esp32/sdio_slave_periph.c.obj

[101/118] Building C object esp-idf/xtensa/CMakeFiles/__idf_xtensa.dir/xt_trax.c.obj

[102/118] Building C object CMakeFiles/bootloader.elf.dir/project_elf_src_esp32.c.obj

[103/118] Building C object esp-idf/main/CMakeFiles/__idf_main.dir/bootloader_start.c.obj

[104/118] Linking C static library esp-idf\esp_hw_support\libesp_hw_support.a

[105/118] Building C object esp-idf/micro-ecc/CMakeFiles/__idf_micro-ecc.dir/uECC_verify_antifault.c.obj

[106/118] Linking C static library esp-idf\esp_system\libesp_system.a

[107/118] Linking C static library esp-idf\efuse\libefuse.a

[108/118] Linking C static library esp-idf\bootloader_support\libbootloader_support.a

[109/118] Linking C static library esp-idf\esp_bootloader_format\libesp_bootloader_format.a

[110/118] Linking C static library esp-idf\spi_flash\libspi_flash.a

[111/118] Linking C static library esp-idf\hal\libhal.a

[112/118] Linking C static library esp-idf\micro-ecc\libmicro-ecc.a

[113/118] Linking C static library esp-idf\soc\libsoc.a

[114/118] Linking C static library esp-idf\xtensa\libxtensa.a

[115/118] Linking C static library esp-idf\main\libmain.a

[116/118] Linking C executable bootloader.elf

[117/118] Generating binary image from built executable

esptool.py v4.12.0


Creating esp32 image...


Merged 2 ELF sections


Successfully created esp32 image.


Generated C:/Users/Angelo Calpoporo/CLionProjects/NIS16-ESP32-Environment/child_node/build_check_CHILD_plain/bootloader/bootloader.bin

[118/118] C:\WINDOWS\system32\cmd.exe /C "cd /D "C:\Users\Angelo Calpoporo\CLionProjects\NIS16-ESP32-Environment\child_node\build_check_CHILD_plain\bootloader\esp-idf\esptool_py" && C:\Espressif\python_env\idf5.5_py3.11_env\Scripts\python.exe C:/Espressif/frameworks/esp-idf-v5.5.4/components/partition_table/check_sizes.py --offset 0x8000 bootloader 0x1000 "C:/Users/Angelo Calpoporo/CLionProjects/NIS16-ESP32-Environment/child_node/build_check_CHILD_plain/bootloader/bootloader.bin""


Bootloader binary size 0x6630 bytes. 0x9d0 bytes (9%) free.



[1025/1031] No install step for 'bootloader'

[1026/1031] Completed 'bootloader'

[1027/1031] Generating esp-idf/esp_system/ld/sections.ld

[1028/1031] Building C object CMakeFiles/child_node.elf.dir/project_elf_src_esp32.c.obj

[1029/1031] Linking CXX executable child_node.elf

[1030/1031] Generating binary image from built executable

esptool.py v4.12.0


Creating esp32 image...


Merged 2 ELF sections


Successfully created esp32 image.


Generated C:/Users/Angelo Calpoporo/CLionProjects/NIS16-ESP32-Environment/child_node/build_check_CHILD_plain/child_node.bin

[1031/1031] C:\WINDOWS\system32\cmd.exe /C "cd /D "C:\Users\Angelo Calpoporo\CLionProjects\NIS16-ESP32-Environment\child_node\build_check_CHILD_plain\esp-idf\esptool_py" && C:\Espressif\python_env\idf5.5_py3.11_env\Scripts\python.exe C:/Espressif/frameworks/esp-idf-v5.5.4/components/partition_table/check_sizes.py --offset 0x8000 partition --type app "C:/Users/Angelo Calpoporo/CLionProjects/NIS16-ESP32-Environment/child_node/build_check_CHILD_plain/partition_table/partition-table.bin" "C:/Users/Angelo Calpoporo/CLionProjects/NIS16-ESP32-Environment/child_node/build_check_CHILD_plain/child_node.bin""

child_node.bin binary size 0xf1b90 bytes. Smallest app partition is 0x180000 bytes. 0x8e470 bytes (37%) free.




Project build complete. To flash, run:
 idf.py flash
or
 idf.py -p PORT flash
or
 python -m esptool --chip esp32 -b 460800 --before default_reset --after hard_reset write_flash --flash_mode dio --flash_size 4MB --flash_freq 40m 0x1000 build_check_CHILD_plain\bootloader\bootloader.bin 0x8000 build_check_CHILD_plain\partition_table\partition-table.bin 0xe000 build_check_CHILD_plain\ota_data_initial.bin 0x10000 build_check_CHILD_plain\child_node.bin
or from the "C:\Users\Angelo Calpoporo\CLionProjects\NIS16-ESP32-Environment\child_node\build_check_CHILD_plain" directory
 python -m esptool --chip esp32 -b 460800 --before default_reset --after hard_reset write_flash "@flash_args"

======================================================================
VARIANT: BLACKHOLE attacker   flags: -DACTIVE_ATTACK=1 -DBLACKHOLE_ROLE=0 -DMESH_TOPOLOGY=0
======================================================================
Executing action: all (aliases: build)
Running cmake in directory 'C:\Users\Angelo Calpoporo\CLionProjects\NIS16-ESP32-Environment\child_node\build_check_BLACKHOLE_attacker'
Executing "cmake -G Ninja -DPYTHON_DEPS_CHECKED=1 -DPYTHON=C:\Espressif\python_env\idf5.5_py3.11_env\Scripts\python.exe -DESP_PLATFORM=1 '-DACTIVE_ATTACK=1 -DBLACKHOLE_ROLE=0 -DMESH_TOPOLOGY=0' -DCCACHE_ENABLE=1 'C:\Users\Angelo Calpoporo\CLionProjects\NIS16-ESP32-Environment\child_node'"...
-- IDF_TARGET is not set, guessed 'esp32' from sdkconfig 'C:/Users/Angelo Calpoporo/CLionProjects/NIS16-ESP32-Environment/child_node/sdkconfig'
-- Found Git: C:/Espressif/tools/idf-git/2.44.0/cmd/git.exe (found version "2.44.0.windows.1")
-- Minimal build - OFF
-- ccache will be used for faster recompilation
-- The C compiler identification is GNU 14.2.0
-- The CXX compiler identification is GNU 14.2.0
-- The ASM compiler identification is GNU
-- Found assembler: C:/Espressif/tools/xtensa-esp-elf/esp-14.2.0_20260121/xtensa-esp-elf/bin/xtensa-esp32-elf-gcc.exe
-- Detecting C compiler ABI info
-- Detecting C compiler ABI info - done
-- Check for working C compiler: C:/Espressif/tools/xtensa-esp-elf/esp-14.2.0_20260121/xtensa-esp-elf/bin/xtensa-esp32-elf-gcc.exe - skipped
-- Detecting C compile features
-- Detecting C compile features - done
-- Detecting CXX compiler ABI info
-- Detecting CXX compiler ABI info - done
-- Check for working CXX compiler: C:/Espressif/tools/xtensa-esp-elf/esp-14.2.0_20260121/xtensa-esp-elf/bin/xtensa-esp32-elf-g++.exe - skipped
-- Detecting CXX compile features
-- Detecting CXX compile features - done
-- Building ESP-IDF components for target esp32
-- ESP-TEE is currently supported only on the esp32c6;esp32h2;esp32c5 SoCs
-- Project sdkconfig file C:/Users/Angelo Calpoporo/CLionProjects/NIS16-ESP32-Environment/child_node/sdkconfig
Loading defaults file C:/Users/Angelo Calpoporo/CLionProjects/NIS16-ESP32-Environment/child_node/sdkconfig.defaults...

-- Compiler supported targets: xtensa-esp-elf
-- Detecting C compiler ABI info
-- Detecting C compiler ABI info - done
-- Detecting CXX compiler ABI info
-- Detecting CXX compiler ABI info - done
-- Detecting C compiler ABI info
-- Detecting C compiler ABI info - done
-- Detecting CXX compiler ABI info
-- Detecting CXX compiler ABI info - done
-- Found Python3: C:/Espressif/python_env/idf5.5_py3.11_env/Scripts/python.exe (found version "3.11.2") found components: Interpreter
-- Performing Test CMAKE_HAVE_LIBC_PTHREAD
-- Performing Test CMAKE_HAVE_LIBC_PTHREAD - Success
-- Found Threads: TRUE
-- Performing Test C_COMPILER_SUPPORTS_WFORMAT_SIGNEDNESS
-- Performing Test C_COMPILER_SUPPORTS_WFORMAT_SIGNEDNESS - Success
-- USING O3
-- App "child_node" version: eb48733
-- Adding linker script C:/Users/Angelo Calpoporo/CLionProjects/NIS16-ESP32-Environment/child_node/build_check_BLACKHOLE_attacker/esp-idf/esp_system/ld/memory.ld
-- Adding linker script C:/Users/Angelo Calpoporo/CLionProjects/NIS16-ESP32-Environment/child_node/build_check_BLACKHOLE_attacker/esp-idf/esp_system/ld/sections.ld.in
-- Adding linker script C:/Espressif/frameworks/esp-idf-v5.5.4/components/esp_rom/esp32/ld/esp32.rom.ld
-- Adding linker script C:/Espressif/frameworks/esp-idf-v5.5.4/components/esp_rom/esp32/ld/esp32.rom.api.ld
-- Adding linker script C:/Espressif/frameworks/esp-idf-v5.5.4/components/esp_rom/esp32/ld/esp32.rom.libgcc.ld
-- Adding linker script C:/Espressif/frameworks/esp-idf-v5.5.4/components/esp_rom/esp32/ld/esp32.rom.newlib-data.ld
-- Adding linker script C:/Espressif/frameworks/esp-idf-v5.5.4/components/esp_rom/esp32/ld/esp32.rom.syscalls.ld
-- Adding linker script C:/Espressif/frameworks/esp-idf-v5.5.4/components/esp_rom/esp32/ld/esp32.rom.libc-funcs.ld
-- Adding linker script C:/Espressif/frameworks/esp-idf-v5.5.4/components/esp_rom/esp32/ld/esp32.rom.newlib-reent-funcs.ld
-- Adding linker script C:/Espressif/frameworks/esp-idf-v5.5.4/components/soc/esp32/ld/esp32.peripherals.ld
-- child_node: building BLACKHOLE ATTACKER relay (ACTIVE_ATTACK=1, BLACKHOLE_ROLE=0)
-- Components: app_trace app_update bootloader bootloader_support bt cmock console cxx driver efuse esp-tls esp_adc esp_app_format esp_bootloader_format esp_coex esp_common esp_driver_ana_cmpr esp_driver_bitscrambler esp_driver_cam esp_driver_dac esp_driver_gpio esp_driver_gptimer esp_driver_i2c esp_driver_i2s esp_driver_isp esp_driver_jpeg esp_driver_ledc esp_driver_mcpwm esp_driver_parlio esp_driver_pcnt esp_driver_ppa esp_driver_rmt esp_driver_sdio esp_driver_sdm esp_driver_sdmmc esp_driver_sdspi esp_driver_spi esp_driver_touch_sens esp_driver_tsens esp_driver_twai esp_driver_uart esp_driver_usb_serial_jtag esp_eth esp_event esp_gdbstub esp_hal_ieee802154 esp_hid esp_http_client esp_http_server esp_https_ota esp_https_server esp_hw_support esp_lcd esp_local_ctrl esp_mm esp_netif esp_netif_stack esp_partition esp_phy esp_pm esp_psram esp_ringbuf esp_rom esp_security esp_system esp_timer esp_vfs_console esp_wifi espcoredump esptool_py fatfs freertos hal heap http_parser idf_test ieee802154 json log lwip main mbedtls mesh_common mqtt newlib nvs_flash nvs_sec_provider openthread partition_table perfmon protobuf-c protocomm pthread rt sdmmc soc spi_flash spiffs tcp_transport ulp unity usb vfs wear_levelling wifi_provisioning wpa_supplicant xtensa
-- Component paths: C:/Espressif/frameworks/esp-idf-v5.5.4/components/app_trace C:/Espressif/frameworks/esp-idf-v5.5.4/components/app_update C:/Espressif/frameworks/esp-idf-v5.5.4/components/bootloader C:/Espressif/frameworks/esp-idf-v5.5.4/components/bootloader_support C:/Espressif/frameworks/esp-idf-v5.5.4/components/bt C:/Espressif/frameworks/esp-idf-v5.5.4/components/cmock C:/Espressif/frameworks/esp-idf-v5.5.4/components/console C:/Espressif/frameworks/esp-idf-v5.5.4/components/cxx C:/Espressif/frameworks/esp-idf-v5.5.4/components/driver C:/Espressif/frameworks/esp-idf-v5.5.4/components/efuse C:/Espressif/frameworks/esp-idf-v5.5.4/components/esp-tls C:/Espressif/frameworks/esp-idf-v5.5.4/components/esp_adc C:/Espressif/frameworks/esp-idf-v5.5.4/components/esp_app_format C:/Espressif/frameworks/esp-idf-v5.5.4/components/esp_bootloader_format C:/Espressif/frameworks/esp-idf-v5.5.4/components/esp_coex C:/Espressif/frameworks/esp-idf-v5.5.4/components/esp_common C:/Espressif/frameworks/esp-idf-v5.5.4/components/esp_driver_ana_cmpr C:/Espressif/frameworks/esp-idf-v5.5.4/components/esp_driver_bitscrambler C:/Espressif/frameworks/esp-idf-v5.5.4/components/esp_driver_cam C:/Espressif/frameworks/esp-idf-v5.5.4/components/esp_driver_dac C:/Espressif/frameworks/esp-idf-v5.5.4/components/esp_driver_gpio C:/Espressif/frameworks/esp-idf-v5.5.4/components/esp_driver_gptimer C:/Espressif/frameworks/esp-idf-v5.5.4/components/esp_driver_i2c C:/Espressif/frameworks/esp-idf-v5.5.4/components/esp_driver_i2s C:/Espressif/frameworks/esp-idf-v5.5.4/components/esp_driver_isp C:/Espressif/frameworks/esp-idf-v5.5.4/components/esp_driver_jpeg C:/Espressif/frameworks/esp-idf-v5.5.4/components/esp_driver_ledc C:/Espressif/frameworks/esp-idf-v5.5.4/components/esp_driver_mcpwm C:/Espressif/frameworks/esp-idf-v5.5.4/components/esp_driver_parlio C:/Espressif/frameworks/esp-idf-v5.5.4/components/esp_driver_pcnt C:/Espressif/frameworks/esp-idf-v5.5.4/components/esp_driver_ppa C:/Espressif/frameworks/esp-idf-v5.5.4/components/esp_driver_rmt C:/Espressif/frameworks/esp-idf-v5.5.4/components/esp_driver_sdio C:/Espressif/frameworks/esp-idf-v5.5.4/components/esp_driver_sdm C:/Espressif/frameworks/esp-idf-v5.5.4/components/esp_driver_sdmmc C:/Espressif/frameworks/esp-idf-v5.5.4/components/esp_driver_sdspi C:/Espressif/frameworks/esp-idf-v5.5.4/components/esp_driver_spi C:/Espressif/frameworks/esp-idf-v5.5.4/components/esp_driver_touch_sens C:/Espressif/frameworks/esp-idf-v5.5.4/components/esp_driver_tsens C:/Espressif/frameworks/esp-idf-v5.5.4/components/esp_driver_twai C:/Espressif/frameworks/esp-idf-v5.5.4/components/esp_driver_uart C:/Espressif/frameworks/esp-idf-v5.5.4/components/esp_driver_usb_serial_jtag C:/Espressif/frameworks/esp-idf-v5.5.4/components/esp_eth C:/Espressif/frameworks/esp-idf-v5.5.4/components/esp_event C:/Espressif/frameworks/esp-idf-v5.5.4/components/esp_gdbstub C:/Espressif/frameworks/esp-idf-v5.5.4/components/esp_hal_ieee802154 C:/Espressif/frameworks/esp-idf-v5.5.4/components/esp_hid C:/Espressif/frameworks/esp-idf-v5.5.4/components/esp_http_client C:/Espressif/frameworks/esp-idf-v5.5.4/components/esp_http_server C:/Espressif/frameworks/esp-idf-v5.5.4/components/esp_https_ota C:/Espressif/frameworks/esp-idf-v5.5.4/components/esp_https_server C:/Espressif/frameworks/esp-idf-v5.5.4/components/esp_hw_support C:/Espressif/frameworks/esp-idf-v5.5.4/components/esp_lcd C:/Espressif/frameworks/esp-idf-v5.5.4/components/esp_local_ctrl C:/Espressif/frameworks/esp-idf-v5.5.4/components/esp_mm C:/Espressif/frameworks/esp-idf-v5.5.4/components/esp_netif C:/Espressif/frameworks/esp-idf-v5.5.4/components/esp_netif_stack C:/Espressif/frameworks/esp-idf-v5.5.4/components/esp_partition C:/Espressif/frameworks/esp-idf-v5.5.4/components/esp_phy C:/Espressif/frameworks/esp-idf-v5.5.4/components/esp_pm C:/Espressif/frameworks/esp-idf-v5.5.4/components/esp_psram C:/Espressif/frameworks/esp-idf-v5.5.4/components/esp_ringbuf C:/Espressif/frameworks/esp-idf-v5.5.4/components/esp_rom C:/Espressif/frameworks/esp-idf-v5.5.4/components/esp_security C:/Espressif/frameworks/esp-idf-v5.5.4/components/esp_system C:/Espressif/frameworks/esp-idf-v5.5.4/components/esp_timer C:/Espressif/frameworks/esp-idf-v5.5.4/components/esp_vfs_console C:/Espressif/frameworks/esp-idf-v5.5.4/components/esp_wifi C:/Espressif/frameworks/esp-idf-v5.5.4/components/espcoredump C:/Espressif/frameworks/esp-idf-v5.5.4/components/esptool_py C:/Espressif/frameworks/esp-idf-v5.5.4/components/fatfs C:/Espressif/frameworks/esp-idf-v5.5.4/components/freertos C:/Espressif/frameworks/esp-idf-v5.5.4/components/hal C:/Espressif/frameworks/esp-idf-v5.5.4/components/heap C:/Espressif/frameworks/esp-idf-v5.5.4/components/http_parser C:/Espressif/frameworks/esp-idf-v5.5.4/components/idf_test C:/Espressif/frameworks/esp-idf-v5.5.4/components/ieee802154 C:/Espressif/frameworks/esp-idf-v5.5.4/components/json C:/Espressif/frameworks/esp-idf-v5.5.4/components/log C:/Espressif/frameworks/esp-idf-v5.5.4/components/lwip C:/Users/Angelo Calpoporo/CLionProjects/NIS16-ESP32-Environment/child_node/main C:/Espressif/frameworks/esp-idf-v5.5.4/components/mbedtls C:/Users/Angelo Calpoporo/CLionProjects/NIS16-ESP32-Environment/components/mesh_common C:/Espressif/frameworks/esp-idf-v5.5.4/components/mqtt C:/Espressif/frameworks/esp-idf-v5.5.4/components/newlib C:/Espressif/frameworks/esp-idf-v5.5.4/components/nvs_flash C:/Espressif/frameworks/esp-idf-v5.5.4/components/nvs_sec_provider C:/Espressif/frameworks/esp-idf-v5.5.4/components/openthread C:/Espressif/frameworks/esp-idf-v5.5.4/components/partition_table C:/Espressif/frameworks/esp-idf-v5.5.4/components/perfmon C:/Espressif/frameworks/esp-idf-v5.5.4/components/protobuf-c C:/Espressif/frameworks/esp-idf-v5.5.4/components/protocomm C:/Espressif/frameworks/esp-idf-v5.5.4/components/pthread C:/Espressif/frameworks/esp-idf-v5.5.4/components/rt C:/Espressif/frameworks/esp-idf-v5.5.4/components/sdmmc C:/Espressif/frameworks/esp-idf-v5.5.4/components/soc C:/Espressif/frameworks/esp-idf-v5.5.4/components/spi_flash C:/Espressif/frameworks/esp-idf-v5.5.4/components/spiffs C:/Espressif/frameworks/esp-idf-v5.5.4/components/tcp_transport C:/Espressif/frameworks/esp-idf-v5.5.4/components/ulp C:/Espressif/frameworks/esp-idf-v5.5.4/components/unity C:/Espressif/frameworks/esp-idf-v5.5.4/components/usb C:/Espressif/frameworks/esp-idf-v5.5.4/components/vfs C:/Espressif/frameworks/esp-idf-v5.5.4/components/wear_levelling C:/Espressif/frameworks/esp-idf-v5.5.4/components/wifi_provisioning C:/Espressif/frameworks/esp-idf-v5.5.4/components/wpa_supplicant C:/Espressif/frameworks/esp-idf-v5.5.4/components/xtensa
-- Configuring done (15.6s)
-- Generating done (1.4s)
-- Build files have been written to: C:/Users/Angelo Calpoporo/CLionProjects/NIS16-ESP32-Environment/child_node/build_check_BLACKHOLE_attacker
Running ninja in directory 'C:\Users\Angelo Calpoporo\CLionProjects\NIS16-ESP32-Environment\child_node\build_check_BLACKHOLE_attacker'
Executing "ninja all"...
[1/1031] Generating project_elf_src_esp32.c

[2/1031] Generating C:/Users/Angelo Calpoporo/CLionProjects/NIS16-ESP32-Environment/child_node/build_check_BLACKHOLE_attacker/esp-idf/esp_system/ld/memory.ld linker script...

[3/1031] Generating C:/Users/Angelo Calpoporo/CLionProjects/NIS16-ESP32-Environment/child_node/build_check_BLACKHOLE_attacker/esp-idf/esp_system/ld/sections.ld.in linker script...

[4/1031] Generating ../../ota_data_initial.bin

[5/1031] Generating ../../partition_table/partition-table.bin

Partition table binary generated. Contents:

*******************************************************************************

# ESP-IDF Partition Table


# Name, Type, SubType, Offset, Size, Flags


nvs,data,nvs,0x9000,20K,


otadata,data,ota,0xe000,8K,


app0,app,ota_0,0x10000,1536K,


spiffs,data,spiffs,0x190000,2496K,


*******************************************************************************

[6/1031] Building C object esp-idf/esp_http_client/CMakeFiles/__idf_esp_http_client.dir/lib/http_utils.c.obj

[7/1031] Building C object esp-idf/esp_adc/CMakeFiles/__idf_esp_adc.dir/adc_cali_curve_fitting.c.obj

[8/1031] Building C object esp-idf/esp_http_client/CMakeFiles/__idf_esp_http_client.dir/lib/http_header.c.obj

[9/1031] Building C object esp-idf/esp_adc/CMakeFiles/__idf_esp_adc.dir/adc_cali.c.obj

[10/1031] Building C object esp-idf/esp_http_server/CMakeFiles/__idf_esp_http_server.dir/src/util/ctrl_sock.c.obj

[11/1031] Building C object esp-idf/esp_adc/CMakeFiles/__idf_esp_adc.dir/adc_oneshot.c.obj

[12/1031] Building C object esp-idf/esp_http_server/CMakeFiles/__idf_esp_http_server.dir/src/httpd_ws.c.obj

[13/1031] Building C object esp-idf/esp_http_server/CMakeFiles/__idf_esp_http_server.dir/src/httpd_uri.c.obj

[14/1031] Building C object esp-idf/esp_http_server/CMakeFiles/__idf_esp_http_server.dir/src/httpd_sess.c.obj

[15/1031] Building C object esp-idf/esp_https_ota/CMakeFiles/__idf_esp_https_ota.dir/src/esp_https_ota.c.obj

[16/1031] Building C object esp-idf/esp_http_server/CMakeFiles/__idf_esp_http_server.dir/src/httpd_parse.c.obj

[17/1031] Building C object esp-idf/esp_adc/CMakeFiles/__idf_esp_adc.dir/adc_common.c.obj

[18/1031] Building C object esp-idf/esp_http_server/CMakeFiles/__idf_esp_http_server.dir/src/httpd_main.c.obj

[19/1031] Building C object esp-idf/esp_http_client/CMakeFiles/__idf_esp_http_client.dir/lib/http_auth.c.obj

[20/1031] Building C object esp-idf/tcp_transport/CMakeFiles/__idf_tcp_transport.dir/transport_socks_proxy.c.obj

[21/1031] Building C object esp-idf/esp_http_server/CMakeFiles/__idf_esp_http_server.dir/src/httpd_txrx.c.obj

[22/1031] Building C object esp-idf/esp_adc/CMakeFiles/__idf_esp_adc.dir/deprecated/esp_adc_cal_common_legacy.c.obj

[23/1031] Building C object esp-idf/tcp_transport/CMakeFiles/__idf_tcp_transport.dir/transport.c.obj

[24/1031] Building C object esp-idf/esp_adc/CMakeFiles/__idf_esp_adc.dir/esp32/adc_cali_line_fitting.c.obj

[25/1031] Building C object esp-idf/tcp_transport/CMakeFiles/__idf_tcp_transport.dir/transport_internal.c.obj

[26/1031] Building C object esp-idf/tcp_transport/CMakeFiles/__idf_tcp_transport.dir/transport_ws.c.obj

[27/1031] Building C object esp-idf/esp_adc/CMakeFiles/__idf_esp_adc.dir/deprecated/esp32/esp_adc_cal_legacy.c.obj

[28/1031] Building C object esp-idf/tcp_transport/CMakeFiles/__idf_tcp_transport.dir/transport_ssl.c.obj

[29/1031] Building C object esp-idf/esp-tls/CMakeFiles/__idf_esp-tls.dir/esp_tls_platform_port.c.obj

[30/1031] Building C object esp-idf/esp_http_client/CMakeFiles/__idf_esp_http_client.dir/esp_http_client.c.obj

[31/1031] Building C object esp-idf/esp-tls/CMakeFiles/__idf_esp-tls.dir/esp-tls-crypto/esp_tls_crypto.c.obj

[32/1031] Linking C static library esp-idf\esp_https_ota\libesp_https_ota.a

[33/1031] Building C object esp-idf/esp_adc/CMakeFiles/__idf_esp_adc.dir/esp32/adc_dma.c.obj

[34/1031] Building C object esp-idf/esp_adc/CMakeFiles/__idf_esp_adc.dir/adc_continuous.c.obj

[35/1031] Building C object esp-idf/esp-tls/CMakeFiles/__idf_esp-tls.dir/esp_tls_error_capture.c.obj

[36/1031] Building C object esp-idf/driver/CMakeFiles/__idf_driver.dir/deprecated/esp32/dac_legacy.c.obj

[37/1031] Building C object esp-idf/http_parser/CMakeFiles/__idf_http_parser.dir/http_parser.c.obj

[38/1031] Building C object esp-idf/driver/CMakeFiles/__idf_driver.dir/deprecated/adc_legacy.c.obj

[39/1031] Building C object esp-idf/driver/CMakeFiles/__idf_driver.dir/deprecated/dac_common_legacy.c.obj

[40/1031] Building C object esp-idf/driver/CMakeFiles/__idf_driver.dir/deprecated/timer_legacy.c.obj

[41/1031] Linking C static library esp-idf\esp_http_server\libesp_http_server.a

[42/1031] Building C object esp-idf/driver/CMakeFiles/__idf_driver.dir/deprecated/adc_dma_legacy.c.obj

[43/1031] Building C object esp-idf/esp-tls/CMakeFiles/__idf_esp-tls.dir/esp_tls.c.obj

[44/1031] Building C object esp-idf/driver/CMakeFiles/__idf_driver.dir/deprecated/sigma_delta_legacy.c.obj

[45/1031] Building C object esp-idf/esp-tls/CMakeFiles/__idf_esp-tls.dir/esp_tls_mbedtls.c.obj

[46/1031] Building C object esp-idf/driver/CMakeFiles/__idf_driver.dir/touch_sensor/touch_sensor_common.c.obj

[47/1031] Building C object esp-idf/driver/CMakeFiles/__idf_driver.dir/i2c/i2c.c.obj

[48/1031] Building C object esp-idf/driver/CMakeFiles/__idf_driver.dir/deprecated/adc_i2s_deprecated.c.obj

[49/1031] Building C object esp-idf/driver/CMakeFiles/__idf_driver.dir/deprecated/pcnt_legacy.c.obj

[50/1031] Building C object esp-idf/driver/CMakeFiles/__idf_driver.dir/touch_sensor/esp32/touch_sensor.c.obj

[51/1031] Building C object esp-idf/driver/CMakeFiles/__idf_driver.dir/twai/twai.c.obj

[52/1031] Linking C static library esp-idf\esp_http_client\libesp_http_client.a

[53/1031] Building C object esp-idf/driver/CMakeFiles/__idf_driver.dir/deprecated/rmt_legacy.c.obj

[54/1031] Building C object esp-idf/esp_driver_twai/CMakeFiles/__idf_esp_driver_twai.dir/esp_twai.c.obj

[55/1031] Building C object esp-idf/driver/CMakeFiles/__idf_driver.dir/deprecated/i2s_legacy.c.obj

[56/1031] Building C object esp-idf/driver/CMakeFiles/__idf_driver.dir/deprecated/mcpwm_legacy.c.obj

[57/1031] Building C object esp-idf/esp_driver_i2c/CMakeFiles/__idf_esp_driver_i2c.dir/i2c_common.c.obj

[58/1031] Building C object esp-idf/esp_driver_twai/CMakeFiles/__idf_esp_driver_twai.dir/esp_twai_onchip.c.obj

[59/1031] Building C object esp-idf/esp_driver_rmt/CMakeFiles/__idf_esp_driver_rmt.dir/src/rmt_common.c.obj

[60/1031] Building C object esp-idf/esp_driver_sdm/CMakeFiles/__idf_esp_driver_sdm.dir/src/sdm.c.obj

[61/1031] Building C object esp-idf/esp_driver_i2c/CMakeFiles/__idf_esp_driver_i2c.dir/i2c_slave.c.obj

[62/1031] Building C object esp-idf/esp_driver_i2c/CMakeFiles/__idf_esp_driver_i2c.dir/i2c_master.c.obj

[63/1031] Building C object esp-idf/esp_driver_ledc/CMakeFiles/__idf_esp_driver_ledc.dir/src/ledc.c.obj

[64/1031] Linking C static library esp-idf\tcp_transport\libtcp_transport.a

[65/1031] Building C object esp-idf/esp_driver_rmt/CMakeFiles/__idf_esp_driver_rmt.dir/src/rmt_encoder.c.obj

[66/1031] Building C object esp-idf/esp_driver_rmt/CMakeFiles/__idf_esp_driver_rmt.dir/src/rmt_encoder_copy.c.obj

[67/1031] Building C object esp-idf/esp_driver_rmt/CMakeFiles/__idf_esp_driver_rmt.dir/src/rmt_encoder_bytes.c.obj

[68/1031] Building C object esp-idf/esp_driver_sdspi/CMakeFiles/__idf_esp_driver_sdspi.dir/src/sdspi_crc.c.obj

[69/1031] Building C object esp-idf/esp_driver_dac/CMakeFiles/__idf_esp_driver_dac.dir/dac_oneshot.c.obj

[70/1031] Building C object esp-idf/esp_driver_rmt/CMakeFiles/__idf_esp_driver_rmt.dir/src/rmt_encoder_simple.c.obj

[71/1031] Building C object esp-idf/esp_driver_dac/CMakeFiles/__idf_esp_driver_dac.dir/dac_cosine.c.obj

[72/1031] Building C object esp-idf/esp_driver_dac/CMakeFiles/__idf_esp_driver_dac.dir/dac_continuous.c.obj

[73/1031] Building C object esp-idf/esp_driver_dac/CMakeFiles/__idf_esp_driver_dac.dir/dac_common.c.obj

[74/1031] Building C object esp-idf/esp_driver_rmt/CMakeFiles/__idf_esp_driver_rmt.dir/src/rmt_tx.c.obj

[75/1031] Building C object esp-idf/esp_driver_rmt/CMakeFiles/__idf_esp_driver_rmt.dir/src/rmt_rx.c.obj

[76/1031] Linking C static library esp-idf\esp_adc\libesp_adc.a

[77/1031] Building C object esp-idf/esp_driver_dac/CMakeFiles/__idf_esp_driver_dac.dir/esp32/dac_dma.c.obj

[78/1031] Building C object esp-idf/esp_driver_sdspi/CMakeFiles/__idf_esp_driver_sdspi.dir/src/sdspi_host.c.obj

[79/1031] Building C object esp-idf/esp_driver_sdspi/CMakeFiles/__idf_esp_driver_sdspi.dir/src/sdspi_transaction.c.obj

[80/1031] Building C object esp-idf/esp_driver_sdio/CMakeFiles/__idf_esp_driver_sdio.dir/src/sdio_slave.c.obj

[81/1031] Building C object esp-idf/esp_driver_sdmmc/CMakeFiles/__idf_esp_driver_sdmmc.dir/src/sdmmc_transaction.c.obj

[82/1031] Building C object esp-idf/sdmmc/CMakeFiles/__idf_sdmmc.dir/sd_pwr_ctrl/sd_pwr_ctrl.c.obj

[83/1031] Building C object esp-idf/sdmmc/CMakeFiles/__idf_sdmmc.dir/sdmmc_cmd.c.obj

[84/1031] Building C object esp-idf/sdmmc/CMakeFiles/__idf_sdmmc.dir/sdmmc_common.c.obj

[85/1031] Building C object esp-idf/sdmmc/CMakeFiles/__idf_sdmmc.dir/sdmmc_init.c.obj

[86/1031] Building C object esp-idf/sdmmc/CMakeFiles/__idf_sdmmc.dir/sdmmc_mmc.c.obj

[87/1031] Building C object esp-idf/sdmmc/CMakeFiles/__idf_sdmmc.dir/sdmmc_io.c.obj

[88/1031] Linking C static library esp-idf\esp-tls\libesp-tls.a

[89/1031] Building C object esp-idf/esp_driver_sdmmc/CMakeFiles/__idf_esp_driver_sdmmc.dir/src/sdmmc_host.c.obj

[90/1031] Building C object esp-idf/sdmmc/CMakeFiles/__idf_sdmmc.dir/sdmmc_sd.c.obj

[91/1031] Building C object esp-idf/esp_driver_i2s/CMakeFiles/__idf_esp_driver_i2s.dir/i2s_std.c.obj

[92/1031] Building C object esp-idf/esp_driver_i2s/CMakeFiles/__idf_esp_driver_i2s.dir/i2s_platform.c.obj

[93/1031] Building C object esp-idf/esp_driver_i2s/CMakeFiles/__idf_esp_driver_i2s.dir/i2s_pdm.c.obj

[94/1031] Building C object esp-idf/esp_driver_mcpwm/CMakeFiles/__idf_esp_driver_mcpwm.dir/src/mcpwm_com.c.obj

[95/1031] Building C object esp-idf/esp_driver_mcpwm/CMakeFiles/__idf_esp_driver_mcpwm.dir/src/mcpwm_cmpr.c.obj

[96/1031] Building C object esp-idf/esp_driver_i2s/CMakeFiles/__idf_esp_driver_i2s.dir/i2s_common.c.obj

[97/1031] Building ASM object esp-idf/esp_gdbstub/CMakeFiles/__idf_esp_gdbstub.dir/src/port/xtensa/gdbstub-entry.S.obj

[98/1031] Building ASM object esp-idf/esp_gdbstub/CMakeFiles/__idf_esp_gdbstub.dir/src/port/xtensa/xt_debugexception.S.obj

[99/1031] Linking C static library esp-idf\http_parser\libhttp_parser.a

[100/1031] Building C object esp-idf/esp_driver_mcpwm/CMakeFiles/__idf_esp_driver_mcpwm.dir/src/mcpwm_gen.c.obj

[101/1031] Building C object esp-idf/esp_driver_mcpwm/CMakeFiles/__idf_esp_driver_mcpwm.dir/src/mcpwm_fault.c.obj

[102/1031] Building C object esp-idf/esp_driver_mcpwm/CMakeFiles/__idf_esp_driver_mcpwm.dir/src/mcpwm_cap.c.obj

[103/1031] Building C object esp-idf/esp_gdbstub/CMakeFiles/__idf_esp_gdbstub.dir/src/gdbstub_transport.c.obj

[104/1031] Building C object esp-idf/esp_driver_mcpwm/CMakeFiles/__idf_esp_driver_mcpwm.dir/src/mcpwm_oper.c.obj

[105/1031] Building C object esp-idf/esp_gdbstub/CMakeFiles/__idf_esp_gdbstub.dir/src/gdbstub.c.obj

[106/1031] Building C object esp-idf/esp_driver_mcpwm/CMakeFiles/__idf_esp_driver_mcpwm.dir/src/mcpwm_timer.c.obj

[107/1031] Building C object esp-idf/esp_gdbstub/CMakeFiles/__idf_esp_gdbstub.dir/src/port/xtensa/gdbstub_xtensa.c.obj

[108/1031] Building C object esp-idf/esp_wifi/CMakeFiles/__idf_esp_wifi.dir/src/lib_printf.c.obj

[109/1031] Building C object esp-idf/esp_driver_mcpwm/CMakeFiles/__idf_esp_driver_mcpwm.dir/src/mcpwm_sync.c.obj

[110/1031] Building C object esp-idf/esp_driver_pcnt/CMakeFiles/__idf_esp_driver_pcnt.dir/src/pulse_cnt.c.obj

[111/1031] Building C object esp-idf/esp_gdbstub/CMakeFiles/__idf_esp_gdbstub.dir/src/packet.c.obj

[112/1031] Building C object esp-idf/esp_wifi/CMakeFiles/__idf_esp_wifi.dir/src/mesh_event.c.obj

[113/1031] Building C object esp-idf/esp_coex/CMakeFiles/__idf_esp_coex.dir/src/coexist_debug_diagram.c.obj

[114/1031] Building C object esp-idf/esp_wifi/CMakeFiles/__idf_esp_wifi.dir/src/wifi_default_ap.c.obj

[115/1031] Building C object esp-idf/esp_wifi/CMakeFiles/__idf_esp_wifi.dir/src/smartconfig.c.obj

[116/1031] Linking C static library esp-idf\driver\libdriver.a

[117/1031] Building C object esp-idf/esp_wifi/CMakeFiles/__idf_esp_wifi.dir/src/wifi_init.c.obj

[118/1031] Building C object esp-idf/esp_wifi/CMakeFiles/__idf_esp_wifi.dir/regulatory/esp_wifi_regulatory.c.obj

[119/1031] Building C object esp-idf/esp_wifi/CMakeFiles/__idf_esp_wifi.dir/src/wifi_default.c.obj

[120/1031] Building C object esp-idf/esp_wifi/CMakeFiles/__idf_esp_wifi.dir/src/wifi_netif.c.obj

[121/1031] Building C object esp-idf/esp_coex/CMakeFiles/__idf_esp_coex.dir/src/coexist_debug.c.obj

[122/1031] Building C object esp-idf/esp_coex/CMakeFiles/__idf_esp_coex.dir/esp32/esp_coex_adapter.c.obj

[123/1031] Building C object esp-idf/esp_wifi/CMakeFiles/__idf_esp_wifi.dir/src/smartconfig_ack.c.obj

[124/1031] Building C object esp-idf/esp_wifi/CMakeFiles/__idf_esp_wifi.dir/esp32/esp_adapter.c.obj

[125/1031] Linking C static library esp-idf\esp_driver_twai\libesp_driver_twai.a

[126/1031] Building C object esp-idf/wpa_supplicant/CMakeFiles/__idf_wpa_supplicant.dir/port/eloop.c.obj

[127/1031] Building C object esp-idf/wpa_supplicant/CMakeFiles/__idf_wpa_supplicant.dir/port/os_xtensa.c.obj

[128/1031] Building C object esp-idf/wpa_supplicant/CMakeFiles/__idf_wpa_supplicant.dir/src/ap/ap_config.c.obj

[129/1031] Building C object esp-idf/wpa_supplicant/CMakeFiles/__idf_wpa_supplicant.dir/src/ap/ieee802_1x.c.obj

[130/1031] Building C object esp-idf/wpa_supplicant/CMakeFiles/__idf_wpa_supplicant.dir/src/ap/sta_info.c.obj

[131/1031] Building C object esp-idf/wpa_supplicant/CMakeFiles/__idf_wpa_supplicant.dir/src/ap/comeback_token.c.obj

[132/1031] Building C object esp-idf/wpa_supplicant/CMakeFiles/__idf_wpa_supplicant.dir/src/ap/wpa_auth_ie.c.obj

[133/1031] Building C object esp-idf/wpa_supplicant/CMakeFiles/__idf_wpa_supplicant.dir/src/ap/pmksa_cache_auth.c.obj

[134/1031] Building C object esp-idf/wpa_supplicant/CMakeFiles/__idf_wpa_supplicant.dir/src/ap/ieee802_11.c.obj

[135/1031] Building C object esp-idf/wpa_supplicant/CMakeFiles/__idf_wpa_supplicant.dir/src/ap/wpa_auth.c.obj

[136/1031] Building C object esp-idf/wpa_supplicant/CMakeFiles/__idf_wpa_supplicant.dir/src/common/dragonfly.c.obj

[137/1031] Building C object esp-idf/wpa_supplicant/CMakeFiles/__idf_wpa_supplicant.dir/src/common/wpa_common.c.obj

[138/1031] Building C object esp-idf/wpa_supplicant/CMakeFiles/__idf_wpa_supplicant.dir/src/crypto/sha256-kdf.c.obj

[139/1031] Building C object esp-idf/wpa_supplicant/CMakeFiles/__idf_wpa_supplicant.dir/src/utils/bitfield.c.obj

[140/1031] Building C object esp-idf/wpa_supplicant/CMakeFiles/__idf_wpa_supplicant.dir/src/crypto/aes-siv.c.obj

[141/1031] Linking C static library esp-idf\esp_driver_ledc\libesp_driver_ledc.a

[142/1031] Building C object esp-idf/wpa_supplicant/CMakeFiles/__idf_wpa_supplicant.dir/src/crypto/ccmp.c.obj

[143/1031] Building C object esp-idf/wpa_supplicant/CMakeFiles/__idf_wpa_supplicant.dir/src/common/sae.c.obj

[144/1031] Building C object esp-idf/wpa_supplicant/CMakeFiles/__idf_wpa_supplicant.dir/src/crypto/crypto_ops.c.obj

[145/1031] Building C object esp-idf/wpa_supplicant/CMakeFiles/__idf_wpa_supplicant.dir/src/crypto/aes-gcm.c.obj

[146/1031] Building C object esp-idf/wpa_supplicant/CMakeFiles/__idf_wpa_supplicant.dir/src/crypto/dh_group5.c.obj

[147/1031] Building C object esp-idf/wpa_supplicant/CMakeFiles/__idf_wpa_supplicant.dir/src/crypto/dh_groups.c.obj

[148/1031] Building C object esp-idf/wpa_supplicant/CMakeFiles/__idf_wpa_supplicant.dir/src/crypto/sha256-prf.c.obj

[149/1031] Building C object esp-idf/wpa_supplicant/CMakeFiles/__idf_wpa_supplicant.dir/src/crypto/sha1-tlsprf.c.obj

[150/1031] Building C object esp-idf/wpa_supplicant/CMakeFiles/__idf_wpa_supplicant.dir/src/crypto/sha1-prf.c.obj

[151/1031] Building C object esp-idf/wpa_supplicant/CMakeFiles/__idf_wpa_supplicant.dir/src/crypto/sha1-tprf.c.obj

[152/1031] Building C object esp-idf/wpa_supplicant/CMakeFiles/__idf_wpa_supplicant.dir/src/crypto/ms_funcs.c.obj

[153/1031] Building C object esp-idf/wpa_supplicant/CMakeFiles/__idf_wpa_supplicant.dir/src/crypto/sha384-tlsprf.c.obj

[154/1031] Building C object esp-idf/wpa_supplicant/CMakeFiles/__idf_wpa_supplicant.dir/src/crypto/sha256-tlsprf.c.obj

[155/1031] Building C object esp-idf/wpa_supplicant/CMakeFiles/__idf_wpa_supplicant.dir/src/crypto/md4-internal.c.obj

[156/1031] Building C object esp-idf/wpa_supplicant/CMakeFiles/__idf_wpa_supplicant.dir/src/crypto/sha384-prf.c.obj

[157/1031] Linking C static library esp-idf\esp_driver_i2c\libesp_driver_i2c.a

[158/1031] Building C object esp-idf/wpa_supplicant/CMakeFiles/__idf_wpa_supplicant.dir/src/common/ieee802_11_common.c.obj

[159/1031] Building C object esp-idf/wpa_supplicant/CMakeFiles/__idf_wpa_supplicant.dir/src/eap_common/eap_wsc_common.c.obj

[160/1031] Building C object esp-idf/wpa_supplicant/CMakeFiles/__idf_wpa_supplicant.dir/src/eap_peer/chap.c.obj

[161/1031] Building C object esp-idf/wpa_supplicant/CMakeFiles/__idf_wpa_supplicant.dir/src/eap_peer/eap_common.c.obj

[162/1031] Building C object esp-idf/wpa_supplicant/CMakeFiles/__idf_wpa_supplicant.dir/src/eap_peer/eap_mschapv2.c.obj

[163/1031] Building C object esp-idf/wpa_supplicant/CMakeFiles/__idf_wpa_supplicant.dir/src/eap_peer/eap.c.obj

[164/1031] Building C object esp-idf/wpa_supplicant/CMakeFiles/__idf_wpa_supplicant.dir/src/eap_peer/eap_peap_common.c.obj

[165/1031] Linking C static library esp-idf\esp_driver_sdm\libesp_driver_sdm.a

[166/1031] Building C object esp-idf/wpa_supplicant/CMakeFiles/__idf_wpa_supplicant.dir/src/eap_peer/eap_peap.c.obj

[167/1031] Building C object esp-idf/wpa_supplicant/CMakeFiles/__idf_wpa_supplicant.dir/src/eap_peer/mschapv2.c.obj

[168/1031] Building C object esp-idf/wpa_supplicant/CMakeFiles/__idf_wpa_supplicant.dir/src/eap_peer/eap_tls_common.c.obj

[169/1031] Building C object esp-idf/wpa_supplicant/CMakeFiles/__idf_wpa_supplicant.dir/src/eap_peer/eap_ttls.c.obj

[170/1031] Building C object esp-idf/wpa_supplicant/CMakeFiles/__idf_wpa_supplicant.dir/src/eap_peer/eap_fast_common.c.obj

[171/1031] Building C object esp-idf/wpa_supplicant/CMakeFiles/__idf_wpa_supplicant.dir/src/eap_peer/eap_tls.c.obj

[172/1031] Building C object esp-idf/wpa_supplicant/CMakeFiles/__idf_wpa_supplicant.dir/src/eap_peer/eap_fast_pac.c.obj

[173/1031] Building C object esp-idf/wpa_supplicant/CMakeFiles/__idf_wpa_supplicant.dir/src/rsn_supp/pmksa_cache.c.obj

[174/1031] Building C object esp-idf/wpa_supplicant/CMakeFiles/__idf_wpa_supplicant.dir/src/rsn_supp/wpa_ie.c.obj

[175/1031] Building C object esp-idf/wpa_supplicant/CMakeFiles/__idf_wpa_supplicant.dir/src/eap_peer/eap_fast.c.obj

[176/1031] Linking C static library esp-idf\esp_driver_rmt\libesp_driver_rmt.a

[177/1031] Building C object esp-idf/wpa_supplicant/CMakeFiles/__idf_wpa_supplicant.dir/src/utils/common.c.obj

[178/1031] Building C object esp-idf/wpa_supplicant/CMakeFiles/__idf_wpa_supplicant.dir/src/utils/base64.c.obj

[179/1031] Building C object esp-idf/wpa_supplicant/CMakeFiles/__idf_wpa_supplicant.dir/src/rsn_supp/wpa.c.obj

[180/1031] Building C object esp-idf/wpa_supplicant/CMakeFiles/__idf_wpa_supplicant.dir/src/utils/ext_password.c.obj

[181/1031] Building C object esp-idf/wpa_supplicant/CMakeFiles/__idf_wpa_supplicant.dir/src/utils/uuid.c.obj

[182/1031] Building C object esp-idf/wpa_supplicant/CMakeFiles/__idf_wpa_supplicant.dir/src/wps/wps.c.obj

[183/1031] Building C object esp-idf/wpa_supplicant/CMakeFiles/__idf_wpa_supplicant.dir/src/utils/wpabuf.c.obj

[184/1031] Building C object esp-idf/wpa_supplicant/CMakeFiles/__idf_wpa_supplicant.dir/src/utils/json.c.obj

[185/1031] Building C object esp-idf/wpa_supplicant/CMakeFiles/__idf_wpa_supplicant.dir/src/utils/wpa_debug.c.obj

[186/1031] Linking C static library esp-idf\esp_driver_dac\libesp_driver_dac.a

[187/1031] Building C object esp-idf/wpa_supplicant/CMakeFiles/__idf_wpa_supplicant.dir/src/wps/wps_attr_parse.c.obj

[188/1031] Building C object esp-idf/wpa_supplicant/CMakeFiles/__idf_wpa_supplicant.dir/esp_supplicant/src/esp_wpa2_api_port.c.obj

[189/1031] Building C object esp-idf/wpa_supplicant/CMakeFiles/__idf_wpa_supplicant.dir/src/wps/wps_attr_process.c.obj

[190/1031] Building C object esp-idf/wpa_supplicant/CMakeFiles/__idf_wpa_supplicant.dir/src/wps/wps_attr_build.c.obj

[191/1031] Building C object esp-idf/wpa_supplicant/CMakeFiles/__idf_wpa_supplicant.dir/src/wps/wps_common.c.obj

[192/1031] Building C object esp-idf/wpa_supplicant/CMakeFiles/__idf_wpa_supplicant.dir/esp_supplicant/src/esp_wpas_glue.c.obj

[193/1031] Building C object esp-idf/wpa_supplicant/CMakeFiles/__idf_wpa_supplicant.dir/src/wps/wps_dev_attr.c.obj

[194/1031] Building C object esp-idf/wpa_supplicant/CMakeFiles/__idf_wpa_supplicant.dir/src/common/sae_pk.c.obj

[195/1031] Building C object esp-idf/wpa_supplicant/CMakeFiles/__idf_wpa_supplicant.dir/src/wps/wps_enrollee.c.obj

[196/1031] Building C object esp-idf/wpa_supplicant/CMakeFiles/__idf_wpa_supplicant.dir/esp_supplicant/src/esp_wpa_main.c.obj

[197/1031] Building C object esp-idf/wpa_supplicant/CMakeFiles/__idf_wpa_supplicant.dir/esp_supplicant/src/esp_common.c.obj

[198/1031] Building C object esp-idf/wpa_supplicant/CMakeFiles/__idf_wpa_supplicant.dir/esp_supplicant/src/esp_owe.c.obj

[199/1031] Building C object esp-idf/wpa_supplicant/CMakeFiles/__idf_wpa_supplicant.dir/esp_supplicant/src/esp_hostap.c.obj

[200/1031] Linking C static library esp-idf\esp_driver_sdio\libesp_driver_sdio.a

[201/1031] Building C object esp-idf/wpa_supplicant/CMakeFiles/__idf_wpa_supplicant.dir/esp_supplicant/src/esp_wpa3.c.obj

[202/1031] Building C object esp-idf/wpa_supplicant/CMakeFiles/__idf_wpa_supplicant.dir/esp_supplicant/src/esp_wps.c.obj

[203/1031] Building C object esp-idf/wpa_supplicant/CMakeFiles/__idf_wpa_supplicant.dir/esp_supplicant/src/esp_eap_client.c.obj

[204/1031] Building C object esp-idf/esp_netif/CMakeFiles/__idf_esp_netif.dir/esp_netif_objects.c.obj

[205/1031] Building C object esp-idf/wpa_supplicant/CMakeFiles/__idf_wpa_supplicant.dir/esp_supplicant/src/crypto/crypto_mbedtls-bignum.c.obj

[206/1031] Building C object esp-idf/esp_netif/CMakeFiles/__idf_esp_netif.dir/esp_netif_defaults.c.obj

[207/1031] Building C object esp-idf/wpa_supplicant/CMakeFiles/__idf_wpa_supplicant.dir/src/crypto/des-internal.c.obj

[208/1031] Building C object esp-idf/wpa_supplicant/CMakeFiles/__idf_wpa_supplicant.dir/esp_supplicant/src/crypto/crypto_mbedtls.c.obj

[209/1031] Building C object esp-idf/wpa_supplicant/CMakeFiles/__idf_wpa_supplicant.dir/src/crypto/rc4.c.obj

[210/1031] Building C object esp-idf/wpa_supplicant/CMakeFiles/__idf_wpa_supplicant.dir/esp_supplicant/src/crypto/tls_mbedtls.c.obj

[211/1031] Building C object esp-idf/esp_netif/CMakeFiles/__idf_esp_netif.dir/esp_netif_handlers.c.obj

[212/1031] Building C object esp-idf/wpa_supplicant/CMakeFiles/__idf_wpa_supplicant.dir/esp_supplicant/src/crypto/crypto_mbedtls-ec.c.obj

[213/1031] Building C object esp-idf/wpa_supplicant/CMakeFiles/__idf_wpa_supplicant.dir/esp_supplicant/src/crypto/crypto_mbedtls-rsa.c.obj

[214/1031] Building C object esp-idf/wpa_supplicant/CMakeFiles/__idf_wpa_supplicant.dir/esp_supplicant/src/crypto/fastpbkdf2.c.obj

[215/1031] Linking C static library esp-idf\esp_driver_sdspi\libesp_driver_sdspi.a

[216/1031] Building C object esp-idf/wpa_supplicant/CMakeFiles/__idf_wpa_supplicant.dir/src/crypto/aes-wrap.c.obj

[217/1031] Building C object esp-idf/wpa_supplicant/CMakeFiles/__idf_wpa_supplicant.dir/src/crypto/aes-unwrap.c.obj

[218/1031] Building C object esp-idf/wpa_supplicant/CMakeFiles/__idf_wpa_supplicant.dir/src/crypto/aes-ccm.c.obj

[219/1031] Building C object esp-idf/esp_netif/CMakeFiles/__idf_esp_netif.dir/lwip/esp_netif_lwip_defaults.c.obj

[220/1031] Building C object esp-idf/esp_netif/CMakeFiles/__idf_esp_netif.dir/lwip/esp_netif_sntp.c.obj

[221/1031] Building C object esp-idf/esp_netif/CMakeFiles/__idf_esp_netif.dir/lwip/netif/ethernetif.c.obj

[222/1031] Linking C static library esp-idf\esp_driver_sdmmc\libesp_driver_sdmmc.a

[223/1031] Building C object esp-idf/esp_netif/CMakeFiles/__idf_esp_netif.dir/lwip/netif/esp_pbuf_ref.c.obj

[224/1031] Building C object esp-idf/esp_netif/CMakeFiles/__idf_esp_netif.dir/lwip/netif/wlanif.c.obj

[225/1031] Building C object esp-idf/lwip/CMakeFiles/__idf_lwip.dir/lwip/src/api/err.c.obj

[226/1031] Building C object esp-idf/lwip/CMakeFiles/__idf_lwip.dir/apps/sntp/sntp.c.obj

[227/1031] Building C object esp-idf/lwip/CMakeFiles/__idf_lwip.dir/lwip/src/api/netbuf.c.obj

[228/1031] Building C object esp-idf/lwip/CMakeFiles/__idf_lwip.dir/lwip/src/api/api_lib.c.obj

[229/1031] Building C object esp-idf/lwip/CMakeFiles/__idf_lwip.dir/lwip/src/core/def.c.obj

[230/1031] Building C object esp-idf/lwip/CMakeFiles/__idf_lwip.dir/lwip/src/api/tcpip.c.obj

[231/1031] Building C object esp-idf/lwip/CMakeFiles/__idf_lwip.dir/lwip/src/api/if_api.c.obj

[232/1031] Building C object esp-idf/lwip/CMakeFiles/__idf_lwip.dir/lwip/src/api/api_msg.c.obj

[233/1031] Building C object esp-idf/lwip/CMakeFiles/__idf_lwip.dir/lwip/src/apps/netbiosns/netbiosns.c.obj

[234/1031] Building C object esp-idf/lwip/CMakeFiles/__idf_lwip.dir/lwip/src/apps/sntp/sntp.c.obj

[235/1031] Building C object esp-idf/lwip/CMakeFiles/__idf_lwip.dir/lwip/src/api/netdb.c.obj

[236/1031] Linking C static library esp-idf\sdmmc\libsdmmc.a

[237/1031] Building C object esp-idf/esp_netif/CMakeFiles/__idf_esp_netif.dir/lwip/esp_netif_lwip.c.obj

[238/1031] Building C object esp-idf/lwip/CMakeFiles/__idf_lwip.dir/lwip/src/core/inet_chksum.c.obj

[239/1031] Building C object esp-idf/lwip/CMakeFiles/__idf_lwip.dir/lwip/src/core/dns.c.obj

[240/1031] Building C object esp-idf/lwip/CMakeFiles/__idf_lwip.dir/lwip/src/api/netifapi.c.obj

[241/1031] Building C object esp-idf/lwip/CMakeFiles/__idf_lwip.dir/lwip/src/api/sockets.c.obj

[242/1031] Building C object esp-idf/lwip/CMakeFiles/__idf_lwip.dir/lwip/src/core/mem.c.obj

[243/1031] Building C object esp-idf/lwip/CMakeFiles/__idf_lwip.dir/lwip/src/core/init.c.obj

[244/1031] Building C object esp-idf/lwip/CMakeFiles/__idf_lwip.dir/lwip/src/core/ip.c.obj

[245/1031] Building C object esp-idf/lwip/CMakeFiles/__idf_lwip.dir/lwip/src/core/memp.c.obj

[246/1031] Linking C static library esp-idf\esp_driver_i2s\libesp_driver_i2s.a

[247/1031] Building C object esp-idf/lwip/CMakeFiles/__idf_lwip.dir/lwip/src/core/pbuf.c.obj

[248/1031] Building C object esp-idf/lwip/CMakeFiles/__idf_lwip.dir/lwip/src/core/sys.c.obj

[249/1031] Building C object esp-idf/lwip/CMakeFiles/__idf_lwip.dir/lwip/src/core/raw.c.obj

[250/1031] Building C object esp-idf/lwip/CMakeFiles/__idf_lwip.dir/lwip/src/core/netif.c.obj

[251/1031] Building C object esp-idf/lwip/CMakeFiles/__idf_lwip.dir/lwip/src/core/stats.c.obj

[252/1031] Building C object esp-idf/lwip/CMakeFiles/__idf_lwip.dir/lwip/src/core/timeouts.c.obj

[253/1031] Building C object esp-idf/lwip/CMakeFiles/__idf_lwip.dir/lwip/src/core/ipv4/autoip.c.obj

[254/1031] Building C object esp-idf/lwip/CMakeFiles/__idf_lwip.dir/lwip/src/core/udp.c.obj

[255/1031] Building C object esp-idf/lwip/CMakeFiles/__idf_lwip.dir/lwip/src/core/tcp_in.c.obj

[256/1031] Building C object esp-idf/lwip/CMakeFiles/__idf_lwip.dir/lwip/src/core/ipv4/etharp.c.obj

[257/1031] Building C object esp-idf/lwip/CMakeFiles/__idf_lwip.dir/lwip/src/core/tcp_out.c.obj

[258/1031] Building C object esp-idf/lwip/CMakeFiles/__idf_lwip.dir/lwip/src/core/tcp.c.obj

[259/1031] Linking C static library esp-idf\esp_driver_mcpwm\libesp_driver_mcpwm.a

[260/1031] Building C object esp-idf/lwip/CMakeFiles/__idf_lwip.dir/lwip/src/core/ipv4/igmp.c.obj

[261/1031] Building C object esp-idf/lwip/CMakeFiles/__idf_lwip.dir/lwip/src/core/ipv4/icmp.c.obj

[262/1031] Building C object esp-idf/lwip/CMakeFiles/__idf_lwip.dir/lwip/src/core/ipv4/dhcp.c.obj

[263/1031] Building C object esp-idf/lwip/CMakeFiles/__idf_lwip.dir/lwip/src/core/ipv4/ip4_napt.c.obj

[264/1031] Building C object esp-idf/lwip/CMakeFiles/__idf_lwip.dir/lwip/src/core/ipv6/dhcp6.c.obj

[265/1031] Building C object esp-idf/lwip/CMakeFiles/__idf_lwip.dir/lwip/src/core/ipv4/ip4.c.obj

[266/1031] Building C object esp-idf/lwip/CMakeFiles/__idf_lwip.dir/lwip/src/core/ipv4/ip4_addr.c.obj

[267/1031] Building C object esp-idf/lwip/CMakeFiles/__idf_lwip.dir/lwip/src/core/ipv4/ip4_frag.c.obj

[268/1031] Building C object esp-idf/lwip/CMakeFiles/__idf_lwip.dir/lwip/src/core/ipv6/ethip6.c.obj

[269/1031] Building C object esp-idf/lwip/CMakeFiles/__idf_lwip.dir/lwip/src/core/ipv6/inet6.c.obj

[270/1031] Linking C static library esp-idf\esp_driver_pcnt\libesp_driver_pcnt.a

[271/1031] Building C object esp-idf/lwip/CMakeFiles/__idf_lwip.dir/lwip/src/core/ipv6/icmp6.c.obj

[272/1031] Building C object esp-idf/lwip/CMakeFiles/__idf_lwip.dir/lwip/src/core/ipv6/ip6.c.obj

[273/1031] Building C object esp-idf/lwip/CMakeFiles/__idf_lwip.dir/lwip/src/core/ipv6/ip6_frag.c.obj

[274/1031] Building C object esp-idf/lwip/CMakeFiles/__idf_lwip.dir/lwip/src/core/ipv6/mld6.c.obj

[275/1031] Building C object esp-idf/lwip/CMakeFiles/__idf_lwip.dir/lwip/src/netif/ethernet.c.obj

[276/1031] Building C object esp-idf/lwip/CMakeFiles/__idf_lwip.dir/lwip/src/netif/bridgeif_fdb.c.obj

[277/1031] Building C object esp-idf/lwip/CMakeFiles/__idf_lwip.dir/lwip/src/netif/ppp/auth.c.obj

[278/1031] Building C object esp-idf/lwip/CMakeFiles/__idf_lwip.dir/lwip/src/netif/bridgeif.c.obj

[279/1031] Building C object esp-idf/lwip/CMakeFiles/__idf_lwip.dir/lwip/src/netif/slipif.c.obj

[280/1031] Building C object esp-idf/lwip/CMakeFiles/__idf_lwip.dir/lwip/src/netif/ppp/ccp.c.obj

[281/1031] Building C object esp-idf/lwip/CMakeFiles/__idf_lwip.dir/lwip/src/netif/ppp/chap-md5.c.obj

[282/1031] Building C object esp-idf/lwip/CMakeFiles/__idf_lwip.dir/lwip/src/netif/ppp/chap_ms.c.obj

[283/1031] Building C object esp-idf/lwip/CMakeFiles/__idf_lwip.dir/lwip/src/netif/ppp/chap-new.c.obj

[284/1031] Linking C static library esp-idf\esp_gdbstub\libesp_gdbstub.a

[285/1031] Building C object esp-idf/lwip/CMakeFiles/__idf_lwip.dir/lwip/src/core/ipv6/nd6.c.obj

[286/1031] Building C object esp-idf/lwip/CMakeFiles/__idf_lwip.dir/lwip/src/netif/ppp/demand.c.obj

[287/1031] Building C object esp-idf/lwip/CMakeFiles/__idf_lwip.dir/lwip/src/netif/ppp/ecp.c.obj

[288/1031] Building C object esp-idf/lwip/CMakeFiles/__idf_lwip.dir/lwip/src/netif/ppp/eap.c.obj

[289/1031] Building C object esp-idf/lwip/CMakeFiles/__idf_lwip.dir/lwip/src/netif/ppp/fsm.c.obj

[290/1031] Building C object esp-idf/lwip/CMakeFiles/__idf_lwip.dir/lwip/src/netif/ppp/eui64.c.obj

[291/1031] Building C object esp-idf/lwip/CMakeFiles/__idf_lwip.dir/lwip/src/netif/ppp/lcp.c.obj

[292/1031] Building C object esp-idf/lwip/CMakeFiles/__idf_lwip.dir/lwip/src/netif/ppp/mppe.c.obj

[293/1031] Building C object esp-idf/lwip/CMakeFiles/__idf_lwip.dir/lwip/src/netif/ppp/magic.c.obj

[294/1031] Building C object esp-idf/lwip/CMakeFiles/__idf_lwip.dir/lwip/src/netif/ppp/ipv6cp.c.obj

[295/1031] Linking C static library esp-idf\esp_wifi\libesp_wifi.a

[296/1031] Building C object esp-idf/lwip/CMakeFiles/__idf_lwip.dir/lwip/src/netif/ppp/ipcp.c.obj

[297/1031] Building C object esp-idf/lwip/CMakeFiles/__idf_lwip.dir/lwip/src/netif/ppp/multilink.c.obj

[298/1031] Building C object esp-idf/lwip/CMakeFiles/__idf_lwip.dir/lwip/src/core/ipv6/ip6_addr.c.obj

[299/1031] Building C object esp-idf/lwip/CMakeFiles/__idf_lwip.dir/lwip/src/netif/ppp/ppp.c.obj

[300/1031] Building C object esp-idf/lwip/CMakeFiles/__idf_lwip.dir/lwip/src/netif/ppp/pppapi.c.obj

[301/1031] Building C object esp-idf/lwip/CMakeFiles/__idf_lwip.dir/lwip/src/netif/ppp/pppcrypt.c.obj

[302/1031] Building C object esp-idf/lwip/CMakeFiles/__idf_lwip.dir/lwip/src/netif/ppp/pppoe.c.obj

[303/1031] Building C object esp-idf/lwip/CMakeFiles/__idf_lwip.dir/lwip/src/netif/ppp/pppol2tp.c.obj

[304/1031] Building C object esp-idf/lwip/CMakeFiles/__idf_lwip.dir/lwip/src/netif/ppp/pppos.c.obj

[305/1031] Building C object esp-idf/lwip/CMakeFiles/__idf_lwip.dir/lwip/src/netif/ppp/utils.c.obj

[306/1031] Building C object esp-idf/lwip/CMakeFiles/__idf_lwip.dir/port/hooks/tcp_isn_default.c.obj

[307/1031] Building C object esp-idf/lwip/CMakeFiles/__idf_lwip.dir/lwip/src/netif/ppp/upap.c.obj

[308/1031] Building C object esp-idf/lwip/CMakeFiles/__idf_lwip.dir/port/hooks/lwip_default_hooks.c.obj

[309/1031] Linking C static library esp-idf\esp_coex\libesp_coex.a

[310/1031] Building C object esp-idf/lwip/CMakeFiles/__idf_lwip.dir/lwip/src/netif/ppp/vj.c.obj

[311/1031] Building C object esp-idf/lwip/CMakeFiles/__idf_lwip.dir/port/sockets_ext.c.obj

[312/1031] Building C object esp-idf/lwip/CMakeFiles/__idf_lwip.dir/port/debug/lwip_debug.c.obj

[313/1031] Building C object esp-idf/lwip/CMakeFiles/__idf_lwip.dir/port/freertos/sys_arch.c.obj

[314/1031] Building C object esp-idf/lwip/CMakeFiles/__idf_lwip.dir/port/esp32xx/vfs_lwip.c.obj

[315/1031] Building C object esp-idf/lwip/CMakeFiles/__idf_lwip.dir/port/if_index.c.obj

[316/1031] Building C object esp-idf/lwip/CMakeFiles/__idf_lwip.dir/lwip/src/netif/ppp/polarssl/arc4.c.obj

[317/1031] Building C object esp-idf/lwip/CMakeFiles/__idf_lwip.dir/apps/ping/esp_ping.c.obj

[318/1031] Building C object esp-idf/lwip/CMakeFiles/__idf_lwip.dir/lwip/src/netif/ppp/polarssl/md4.c.obj

[319/1031] Building C object esp-idf/lwip/CMakeFiles/__idf_lwip.dir/port/acd_dhcp_check.c.obj

[320/1031] Building C object esp-idf/lwip/CMakeFiles/__idf_lwip.dir/apps/ping/ping.c.obj

[321/1031] Building C object esp-idf/lwip/CMakeFiles/__idf_lwip.dir/lwip/src/netif/ppp/polarssl/des.c.obj

[322/1031] Building C object esp-idf/lwip/CMakeFiles/__idf_lwip.dir/apps/ping/ping_sock.c.obj

[323/1031] Building C object esp-idf/lwip/CMakeFiles/__idf_lwip.dir/lwip/src/netif/ppp/polarssl/sha1.c.obj

[324/1031] Building C object esp-idf/lwip/CMakeFiles/__idf_lwip.dir/lwip/src/netif/ppp/polarssl/md5.c.obj

[325/1031] Building C object esp-idf/esp_phy/CMakeFiles/__idf_esp_phy.dir/src/lib_printf.c.obj

[326/1031] Building C object esp-idf/esp_phy/CMakeFiles/__idf_esp_phy.dir/src/phy_override.c.obj

[327/1031] Building C object esp-idf/esp_phy/CMakeFiles/__idf_esp_phy.dir/src/phy_common.c.obj

[328/1031] Building C object esp-idf/vfs/CMakeFiles/__idf_vfs.dir/vfs_eventfd.c.obj

[329/1031] Linking C static library esp-idf\wpa_supplicant\libwpa_supplicant.a

[330/1031] Building C object esp-idf/vfs/CMakeFiles/__idf_vfs.dir/nullfs.c.obj

[331/1031] Building C object esp-idf/lwip/CMakeFiles/__idf_lwip.dir/apps/dhcpserver/dhcpserver.c.obj

[332/1031] Building C object esp-idf/esp_vfs_console/CMakeFiles/__idf_esp_vfs_console.dir/vfs_console.c.obj

[333/1031] Building C object esp-idf/esp_phy/CMakeFiles/__idf_esp_phy.dir/esp32/phy_init_data.c.obj

[334/1031] Building C object esp-idf/vfs/CMakeFiles/__idf_vfs.dir/vfs.c.obj

[335/1031] Building C object esp-idf/vfs/CMakeFiles/__idf_vfs.dir/vfs_semihost.c.obj

[336/1031] Building C object esp-idf/esp_phy/CMakeFiles/__idf_esp_phy.dir/src/btbb_init.c.obj

[337/1031] Linking C static library esp-idf\esp_netif\libesp_netif.a

[338/1031] Building C object esp-idf/nvs_flash/CMakeFiles/__idf_nvs_flash.dir/src/nvs_bootloader_xts_aes.c.obj

[339/1031] Building C object esp-idf/esp_phy/CMakeFiles/__idf_esp_phy.dir/src/phy_init.c.obj

[340/1031] Building C object esp-idf/nvs_flash/CMakeFiles/__idf_nvs_flash.dir/src/nvs_bootloader_aes.c.obj

[341/1031] Building C object esp-idf/nvs_flash/CMakeFiles/__idf_nvs_flash.dir/src/nvs_bootloader.c.obj

[342/1031] Building C object esp-idf/esp_event/CMakeFiles/__idf_esp_event.dir/default_event_loop.c.obj

[343/1031] Building C object esp-idf/esp_event/CMakeFiles/__idf_esp_event.dir/esp_event_private.c.obj

[344/1031] Linking C static library esp-idf\lwip\liblwip.a

[345/1031] Building C object esp-idf/esp_event/CMakeFiles/__idf_esp_event.dir/esp_event.c.obj

[346/1031] Building C object esp-idf/esp_driver_uart/CMakeFiles/__idf_esp_driver_uart.dir/src/uart_wakeup.c.obj

[347/1031] Linking C static library esp-idf\vfs\libvfs.a

[348/1031] Building C object esp-idf/esp_psram/CMakeFiles/__idf_esp_psram.dir/system_layer/esp_psram_mspi.c.obj

[349/1031] Building CXX object esp-idf/nvs_flash/CMakeFiles/__idf_nvs_flash.dir/src/nvs_platform.cpp.obj

[350/1031] Building C object esp-idf/esp_driver_uart/CMakeFiles/__idf_esp_driver_uart.dir/src/uart_vfs.c.obj

[351/1031] Building C object esp-idf/esp_driver_uart/CMakeFiles/__idf_esp_driver_uart.dir/src/uart.c.obj

[352/1031] Building C object esp-idf/esp_driver_spi/CMakeFiles/__idf_esp_driver_spi.dir/src/gpspi/spi_common.c.obj

[353/1031] Linking C static library esp-idf\esp_vfs_console\libesp_vfs_console.a

[354/1031] Building C object esp-idf/esp_driver_spi/CMakeFiles/__idf_esp_driver_spi.dir/src/gpspi/spi_master.c.obj

[355/1031] Building C object esp-idf/esp_driver_spi/CMakeFiles/__idf_esp_driver_spi.dir/src/gpspi/spi_dma.c.obj

[356/1031] Building C object esp-idf/esp_driver_spi/CMakeFiles/__idf_esp_driver_spi.dir/src/gpspi/spi_slave.c.obj

[357/1031] Building CXX object esp-idf/nvs_flash/CMakeFiles/__idf_nvs_flash.dir/src/nvs_partition.cpp.obj

[358/1031] Building CXX object esp-idf/nvs_flash/CMakeFiles/__idf_nvs_flash.dir/src/nvs_partition_lookup.cpp.obj

[359/1031] Building C object esp-idf/esp_ringbuf/CMakeFiles/__idf_esp_ringbuf.dir/ringbuf.c.obj

[360/1031] Building C object esp-idf/esp_driver_gptimer/CMakeFiles/__idf_esp_driver_gptimer.dir/src/gptimer.c.obj

[361/1031] Building C object esp-idf/esp_driver_gptimer/CMakeFiles/__idf_esp_driver_gptimer.dir/src/gptimer_common.c.obj

[362/1031] Linking C static library esp-idf\esp_phy\libesp_phy.a

[363/1031] Building C object esp-idf/esp_timer/CMakeFiles/__idf_esp_timer.dir/src/esp_timer_init.c.obj

[364/1031] Building C object esp-idf/esp_timer/CMakeFiles/__idf_esp_timer.dir/src/system_time.c.obj

[365/1031] Building C object esp-idf/esp_timer/CMakeFiles/__idf_esp_timer.dir/src/esp_timer_impl_common.c.obj

[366/1031] Building C object esp-idf/esp_timer/CMakeFiles/__idf_esp_timer.dir/src/esp_timer.c.obj

[367/1031] Building C object esp-idf/esp_timer/CMakeFiles/__idf_esp_timer.dir/src/ets_timer_legacy.c.obj

[368/1031] Building CXX object esp-idf/cxx/CMakeFiles/__idf_cxx.dir/cxx_exception_stubs.cpp.obj

[369/1031] Building C object esp-idf/esp_timer/CMakeFiles/__idf_esp_timer.dir/src/esp_timer_impl_lac.c.obj

[370/1031] Building CXX object esp-idf/nvs_flash/CMakeFiles/__idf_nvs_flash.dir/src/nvs_encrypted_partition.cpp.obj

[371/1031] Building CXX object esp-idf/nvs_flash/CMakeFiles/__idf_nvs_flash.dir/src/nvs_types.cpp.obj

[372/1031] Building CXX object esp-idf/nvs_flash/CMakeFiles/__idf_nvs_flash.dir/src/nvs_pagemanager.cpp.obj

[373/1031] Building CXX object esp-idf/nvs_flash/CMakeFiles/__idf_nvs_flash.dir/src/nvs_cxx_api.cpp.obj

[374/1031] Building CXX object esp-idf/nvs_flash/CMakeFiles/__idf_nvs_flash.dir/src/nvs_item_hash_list.cpp.obj

[375/1031] Building CXX object esp-idf/cxx/CMakeFiles/__idf_cxx.dir/cxx_init.cpp.obj

[376/1031] Building CXX object esp-idf/nvs_flash/CMakeFiles/__idf_nvs_flash.dir/src/nvs_partition_manager.cpp.obj

[377/1031] Building CXX object esp-idf/nvs_flash/CMakeFiles/__idf_nvs_flash.dir/src/nvs_page.cpp.obj

[378/1031] Building CXX object esp-idf/nvs_flash/CMakeFiles/__idf_nvs_flash.dir/src/nvs_storage.cpp.obj

[379/1031] Building CXX object esp-idf/nvs_flash/CMakeFiles/__idf_nvs_flash.dir/src/nvs_handle_simple.cpp.obj

[380/1031] Building CXX object esp-idf/nvs_flash/CMakeFiles/__idf_nvs_flash.dir/src/nvs_api.cpp.obj

[381/1031] Building CXX object esp-idf/nvs_flash/CMakeFiles/__idf_nvs_flash.dir/src/nvs_handle_locked.cpp.obj

[382/1031] Building C object esp-idf/pthread/CMakeFiles/__idf_pthread.dir/pthread.c.obj

[383/1031] Building C object esp-idf/pthread/CMakeFiles/__idf_pthread.dir/pthread_local_storage.c.obj

[384/1031] Building C object esp-idf/newlib/CMakeFiles/__idf_newlib.dir/src/abort.c.obj

[385/1031] Building C object esp-idf/pthread/CMakeFiles/__idf_pthread.dir/pthread_cond_var.c.obj

[386/1031] Building C object esp-idf/newlib/CMakeFiles/__idf_newlib.dir/src/init.c.obj

[387/1031] Building C object esp-idf/newlib/CMakeFiles/__idf_newlib.dir/src/heap.c.obj

[388/1031] Building C object esp-idf/newlib/CMakeFiles/__idf_newlib.dir/src/assert.c.obj

[389/1031] Building C object esp-idf/newlib/CMakeFiles/__idf_newlib.dir/src/poll.c.obj

[390/1031] Building C object esp-idf/pthread/CMakeFiles/__idf_pthread.dir/pthread_rwlock.c.obj

[391/1031] Building C object esp-idf/newlib/CMakeFiles/__idf_newlib.dir/src/getentropy.c.obj

[392/1031] Building C object esp-idf/newlib/CMakeFiles/__idf_newlib.dir/src/random.c.obj

[393/1031] Building C object esp-idf/pthread/CMakeFiles/__idf_pthread.dir/pthread_semaphore.c.obj

[394/1031] Building C object esp-idf/newlib/CMakeFiles/__idf_newlib.dir/src/pthread.c.obj

[395/1031] Linking C static library esp-idf\nvs_flash\libnvs_flash.a

[396/1031] Building C object esp-idf/newlib/CMakeFiles/__idf_newlib.dir/src/termios.c.obj

[397/1031] Building C object esp-idf/newlib/CMakeFiles/__idf_newlib.dir/src/realpath.c.obj

[398/1031] Building CXX object esp-idf/cxx/CMakeFiles/__idf_cxx.dir/cxx_guards.cpp.obj

[399/1031] Building C object esp-idf/newlib/CMakeFiles/__idf_newlib.dir/src/locks.c.obj

[400/1031] Building C object esp-idf/newlib/CMakeFiles/__idf_newlib.dir/src/scandir.c.obj

[401/1031] Building C object esp-idf/newlib/CMakeFiles/__idf_newlib.dir/src/sysconf.c.obj

[402/1031] Building C object esp-idf/newlib/CMakeFiles/__idf_newlib.dir/src/syscalls.c.obj

[403/1031] Building C object esp-idf/newlib/CMakeFiles/__idf_newlib.dir/src/stdatomic.c.obj

[404/1031] Linking C static library esp-idf\esp_event\libesp_event.a

[405/1031] Building C object esp-idf/newlib/CMakeFiles/__idf_newlib.dir/src/flockfile.c.obj

[406/1031] Building C object esp-idf/newlib/CMakeFiles/__idf_newlib.dir/src/reent_init.c.obj

[407/1031] Building C object esp-idf/newlib/CMakeFiles/__idf_newlib.dir/src/time.c.obj

[408/1031] Building C object esp-idf/newlib/CMakeFiles/__idf_newlib.dir/src/port/esp_time_impl.c.obj

[409/1031] Building C object esp-idf/newlib/CMakeFiles/__idf_newlib.dir/src/reent_syscalls.c.obj

[410/1031] Building C object esp-idf/newlib/CMakeFiles/__idf_newlib.dir/src/newlib_init.c.obj

[411/1031] Building C object esp-idf/freertos/CMakeFiles/__idf_freertos.dir/heap_idf.c.obj

[412/1031] Linking C static library esp-idf\esp_driver_uart\libesp_driver_uart.a

[413/1031] Building C object esp-idf/freertos/CMakeFiles/__idf_freertos.dir/port_common.c.obj

[414/1031] Building C object esp-idf/freertos/CMakeFiles/__idf_freertos.dir/app_startup.c.obj

[415/1031] Building ASM object esp-idf/freertos/CMakeFiles/__idf_freertos.dir/FreeRTOS-Kernel/portable/xtensa/portasm.S.obj

[416/1031] Building C object esp-idf/freertos/CMakeFiles/__idf_freertos.dir/FreeRTOS-Kernel/list.c.obj

[417/1031] Building C object esp-idf/freertos/CMakeFiles/__idf_freertos.dir/port_systick.c.obj

[418/1031] Building C object esp-idf/freertos/CMakeFiles/__idf_freertos.dir/FreeRTOS-Kernel/portable/xtensa/xtensa_init.c.obj

[419/1031] Building C object esp-idf/freertos/CMakeFiles/__idf_freertos.dir/FreeRTOS-Kernel/event_groups.c.obj

[420/1031] Building C object esp-idf/freertos/CMakeFiles/__idf_freertos.dir/FreeRTOS-Kernel/queue.c.obj

[421/1031] Building C object esp-idf/freertos/CMakeFiles/__idf_freertos.dir/FreeRTOS-Kernel/timers.c.obj

[422/1031] Building C object esp-idf/freertos/CMakeFiles/__idf_freertos.dir/FreeRTOS-Kernel/stream_buffer.c.obj

[423/1031] Linking C static library esp-idf\esp_psram\libesp_psram.a

[424/1031] Building C object esp-idf/freertos/CMakeFiles/__idf_freertos.dir/esp_additions/idf_additions_event_groups.c.obj

[425/1031] Building C object esp-idf/freertos/CMakeFiles/__idf_freertos.dir/esp_additions/freertos_compatibility.c.obj

[426/1031] Building C object esp-idf/freertos/CMakeFiles/__idf_freertos.dir/FreeRTOS-Kernel/portable/xtensa/xtensa_overlay_os_hook.c.obj

[427/1031] Building C object esp-idf/esp_hw_support/CMakeFiles/__idf_esp_hw_support.dir/esp_memory_utils.c.obj

[428/1031] Building C object esp-idf/esp_hw_support/CMakeFiles/__idf_esp_hw_support.dir/port/esp32/esp_cpu_intr.c.obj

[429/1031] Building C object esp-idf/freertos/CMakeFiles/__idf_freertos.dir/FreeRTOS-Kernel/portable/xtensa/port.c.obj

[430/1031] Building C object esp-idf/esp_hw_support/CMakeFiles/__idf_esp_hw_support.dir/cpu.c.obj

[431/1031] Building C object esp-idf/esp_hw_support/CMakeFiles/__idf_esp_hw_support.dir/port/esp32/cpu_region_protect.c.obj

[432/1031] Building C object esp-idf/freertos/CMakeFiles/__idf_freertos.dir/FreeRTOS-Kernel/tasks.c.obj

[433/1031] Building C object esp-idf/esp_hw_support/CMakeFiles/__idf_esp_hw_support.dir/revision.c.obj

[434/1031] Building C object esp-idf/freertos/CMakeFiles/__idf_freertos.dir/esp_additions/idf_additions.c.obj

[435/1031] Building C object esp-idf/esp_hw_support/CMakeFiles/__idf_esp_hw_support.dir/hw_random.c.obj

[436/1031] Building C object esp-idf/esp_hw_support/CMakeFiles/__idf_esp_hw_support.dir/esp_gpio_reserve.c.obj

[437/1031] Linking C static library esp-idf\esp_driver_spi\libesp_driver_spi.a

[438/1031] Building C object esp-idf/esp_hw_support/CMakeFiles/__idf_esp_hw_support.dir/mac_addr.c.obj

[439/1031] Building C object esp-idf/esp_hw_support/CMakeFiles/__idf_esp_hw_support.dir/esp_clk.c.obj

[440/1031] Building C object esp-idf/esp_hw_support/CMakeFiles/__idf_esp_hw_support.dir/periph_ctrl.c.obj

[441/1031] Building C object esp-idf/esp_hw_support/CMakeFiles/__idf_esp_hw_support.dir/rtc_module.c.obj

[442/1031] Building C object esp-idf/esp_hw_support/CMakeFiles/__idf_esp_hw_support.dir/intr_alloc.c.obj

[443/1031] Building C object esp-idf/esp_hw_support/CMakeFiles/__idf_esp_hw_support.dir/clk_ctrl_os.c.obj

[444/1031] Building C object esp-idf/esp_hw_support/CMakeFiles/__idf_esp_hw_support.dir/regi2c_ctrl.c.obj

[445/1031] Building C object esp-idf/esp_hw_support/CMakeFiles/__idf_esp_hw_support.dir/port/esp32/io_mux.c.obj

[446/1031] Building C object esp-idf/esp_hw_support/CMakeFiles/__idf_esp_hw_support.dir/sar_periph_ctrl_common.c.obj

[447/1031] Building C object esp-idf/esp_hw_support/CMakeFiles/__idf_esp_hw_support.dir/dma/gdma_link.c.obj

[448/1031] Building C object esp-idf/esp_hw_support/CMakeFiles/__idf_esp_hw_support.dir/port/esp32/esp_clk_tree.c.obj

[449/1031] Linking C static library esp-idf\esp_ringbuf\libesp_ringbuf.a

[450/1031] Building C object esp-idf/esp_hw_support/CMakeFiles/__idf_esp_hw_support.dir/dma/esp_dma_utils.c.obj

[451/1031] Building C object esp-idf/esp_hw_support/CMakeFiles/__idf_esp_hw_support.dir/sleep_mspi.c.obj

[452/1031] Building C object esp-idf/esp_hw_support/CMakeFiles/__idf_esp_hw_support.dir/sleep_console.c.obj

[453/1031] Building C object esp-idf/esp_hw_support/CMakeFiles/__idf_esp_hw_support.dir/clk_utils.c.obj

[454/1031] Building C object esp-idf/esp_hw_support/CMakeFiles/__idf_esp_hw_support.dir/sleep_usb.c.obj

[455/1031] Building C object esp-idf/esp_hw_support/CMakeFiles/__idf_esp_hw_support.dir/port/esp_clk_tree_common.c.obj

[456/1031] Building C object esp-idf/esp_hw_support/CMakeFiles/__idf_esp_hw_support.dir/sleep_modem.c.obj

[457/1031] Building C object esp-idf/esp_hw_support/CMakeFiles/__idf_esp_hw_support.dir/spi_bus_lock.c.obj

[458/1031] Building C object esp-idf/esp_hw_support/CMakeFiles/__idf_esp_hw_support.dir/spi_share_hw_ctrl.c.obj

[459/1031] Building C object esp-idf/esp_hw_support/CMakeFiles/__idf_esp_hw_support.dir/adc_share_hw_ctrl.c.obj

[460/1031] Linking C static library esp-idf\esp_driver_gptimer\libesp_driver_gptimer.a

[461/1031] Building C object esp-idf/esp_hw_support/CMakeFiles/__idf_esp_hw_support.dir/rtc_wdt.c.obj

[462/1031] Building C object esp-idf/esp_hw_support/CMakeFiles/__idf_esp_hw_support.dir/mspi_timing_tuning/mspi_timing_tuning.c.obj

[463/1031] Building C object esp-idf/esp_hw_support/CMakeFiles/__idf_esp_hw_support.dir/sleep_event.c.obj

[464/1031] Building C object esp-idf/esp_security/CMakeFiles/__idf_esp_security.dir/src/esp_crypto_lock.c.obj

[465/1031] Building C object esp-idf/esp_hw_support/CMakeFiles/__idf_esp_hw_support.dir/sleep_wake_stub.c.obj

[466/1031] Building C object esp-idf/esp_hw_support/CMakeFiles/__idf_esp_hw_support.dir/port/esp32/chip_info.c.obj

[467/1031] Building C object esp-idf/esp_hw_support/CMakeFiles/__idf_esp_hw_support.dir/port/esp32/rtc_init.c.obj

[468/1031] Building C object esp-idf/esp_hw_support/CMakeFiles/__idf_esp_hw_support.dir/sleep_gpio.c.obj

[469/1031] Building C object esp-idf/esp_hw_support/CMakeFiles/__idf_esp_hw_support.dir/port/esp32/cache_sram_mmu.c.obj

[470/1031] Linking C static library esp-idf\esp_timer\libesp_timer.a

[471/1031] Building C object esp-idf/esp_hw_support/CMakeFiles/__idf_esp_hw_support.dir/power_supply/brownout.c.obj

[472/1031] Building C object esp-idf/esp_hw_support/CMakeFiles/__idf_esp_hw_support.dir/esp_clock_output.c.obj

[473/1031] Building C object esp-idf/soc/CMakeFiles/__idf_soc.dir/dport_access_common.c.obj

[474/1031] Building C object esp-idf/soc/CMakeFiles/__idf_soc.dir/esp32/interrupts.c.obj

[475/1031] Building C object esp-idf/esp_hw_support/CMakeFiles/__idf_esp_hw_support.dir/port/esp32/rtc_time.c.obj

[476/1031] Building C object esp-idf/esp_security/CMakeFiles/__idf_esp_security.dir/src/esp_crypto_periph_clk.c.obj

[477/1031] Building C object esp-idf/esp_hw_support/CMakeFiles/__idf_esp_hw_support.dir/port/esp32/rtc_clk_init.c.obj

[478/1031] Building C object esp-idf/esp_hw_support/CMakeFiles/__idf_esp_hw_support.dir/port/esp32/rtc_sleep.c.obj

[479/1031] Building C object esp-idf/soc/CMakeFiles/__idf_soc.dir/lldesc.c.obj

[480/1031] Building C object esp-idf/esp_security/CMakeFiles/__idf_esp_security.dir/src/init.c.obj

[481/1031] Building C object esp-idf/esp_hw_support/CMakeFiles/__idf_esp_hw_support.dir/port/esp32/rtc_clk.c.obj

[482/1031] Building C object esp-idf/esp_hw_support/CMakeFiles/__idf_esp_hw_support.dir/port/esp32/sar_periph_ctrl.c.obj

[483/1031] Building C object esp-idf/esp_hw_support/CMakeFiles/__idf_esp_hw_support.dir/sleep_modes.c.obj

[484/1031] Building C object esp-idf/soc/CMakeFiles/__idf_soc.dir/esp32/gpio_periph.c.obj

[485/1031] Building C object esp-idf/soc/CMakeFiles/__idf_soc.dir/esp32/uart_periph.c.obj

[486/1031] Building C object esp-idf/soc/CMakeFiles/__idf_soc.dir/esp32/dport_access.c.obj

[487/1031] Building C object esp-idf/soc/CMakeFiles/__idf_soc.dir/esp32/emac_periph.c.obj

[488/1031] Building C object esp-idf/soc/CMakeFiles/__idf_soc.dir/esp32/adc_periph.c.obj

[489/1031] Linking C static library esp-idf\cxx\libcxx.a

[490/1031] Building C object esp-idf/soc/CMakeFiles/__idf_soc.dir/esp32/spi_periph.c.obj

[491/1031] Building C object esp-idf/soc/CMakeFiles/__idf_soc.dir/esp32/ledc_periph.c.obj

[492/1031] Building C object esp-idf/soc/CMakeFiles/__idf_soc.dir/esp32/rmt_periph.c.obj

[493/1031] Building C object esp-idf/soc/CMakeFiles/__idf_soc.dir/esp32/mcpwm_periph.c.obj

[494/1031] Building C object esp-idf/soc/CMakeFiles/__idf_soc.dir/esp32/sdm_periph.c.obj

[495/1031] Building C object esp-idf/soc/CMakeFiles/__idf_soc.dir/esp32/touch_sensor_periph.c.obj

[496/1031] Building C object esp-idf/soc/CMakeFiles/__idf_soc.dir/esp32/i2c_periph.c.obj

[497/1031] Building C object esp-idf/soc/CMakeFiles/__idf_soc.dir/esp32/mpi_periph.c.obj

[498/1031] Building C object esp-idf/soc/CMakeFiles/__idf_soc.dir/esp32/twai_periph.c.obj

[499/1031] Building C object esp-idf/soc/CMakeFiles/__idf_soc.dir/esp32/timer_periph.c.obj

[500/1031] Building C object esp-idf/soc/CMakeFiles/__idf_soc.dir/esp32/pcnt_periph.c.obj

[501/1031] Building C object esp-idf/soc/CMakeFiles/__idf_soc.dir/esp32/lcd_periph.c.obj

[502/1031] Building C object esp-idf/soc/CMakeFiles/__idf_soc.dir/esp32/sdmmc_periph.c.obj

[503/1031] Building C object esp-idf/soc/CMakeFiles/__idf_soc.dir/esp32/i2s_periph.c.obj

[504/1031] Building C object esp-idf/soc/CMakeFiles/__idf_soc.dir/esp32/dac_periph.c.obj

[505/1031] Building C object esp-idf/soc/CMakeFiles/__idf_soc.dir/esp32/wdt_periph.c.obj

[506/1031] Building C object esp-idf/soc/CMakeFiles/__idf_soc.dir/esp32/rtc_io_periph.c.obj

[507/1031] Linking C static library esp-idf\pthread\libpthread.a

[508/1031] Building C object esp-idf/soc/CMakeFiles/__idf_soc.dir/esp32/sdio_slave_periph.c.obj

[509/1031] Building C object esp-idf/soc/CMakeFiles/__idf_soc.dir/esp32/power_supply_periph.c.obj

[510/1031] Building C object esp-idf/log/CMakeFiles/__idf_log.dir/src/util.c.obj

[511/1031] Building C object esp-idf/log/CMakeFiles/__idf_log.dir/src/buffer/log_buffers.c.obj

[512/1031] Building C object esp-idf/heap/CMakeFiles/__idf_heap.dir/heap_caps_base.c.obj

[513/1031] Building C object esp-idf/heap/CMakeFiles/__idf_heap.dir/port/esp32/memory_layout.c.obj

[514/1031] Building C object esp-idf/log/CMakeFiles/__idf_log.dir/src/log_print.c.obj

[515/1031] Building C object esp-idf/log/CMakeFiles/__idf_log.dir/src/log.c.obj

[516/1031] Building C object esp-idf/log/CMakeFiles/__idf_log.dir/src/log_format_text.c.obj

[517/1031] Linking C static library esp-idf\newlib\libnewlib.a

[518/1031] Building C object esp-idf/heap/CMakeFiles/__idf_heap.dir/port/memory_layout_utils.c.obj

[519/1031] Building C object esp-idf/log/CMakeFiles/__idf_log.dir/src/log_level/log_level.c.obj

[520/1031] Building C object esp-idf/log/CMakeFiles/__idf_log.dir/src/os/log_write.c.obj

[521/1031] Building C object esp-idf/heap/CMakeFiles/__idf_heap.dir/multi_heap.c.obj

[522/1031] Building C object esp-idf/heap/CMakeFiles/__idf_heap.dir/heap_caps.c.obj

[523/1031] Building C object esp-idf/log/CMakeFiles/__idf_log.dir/src/log_level/tag_log_level/tag_log_level.c.obj

[524/1031] Building C object esp-idf/heap/CMakeFiles/__idf_heap.dir/heap_caps_init.c.obj

[525/1031] Building C object esp-idf/log/CMakeFiles/__idf_log.dir/src/os/log_lock.c.obj

[526/1031] Building C object esp-idf/log/CMakeFiles/__idf_log.dir/src/os/util.c.obj

[527/1031] Building C object esp-idf/heap/CMakeFiles/__idf_heap.dir/tlsf/tlsf.c.obj

[528/1031] Building C object esp-idf/log/CMakeFiles/__idf_log.dir/src/log_level/tag_log_level/linked_list/log_linked_list.c.obj

[529/1031] Building C object esp-idf/log/CMakeFiles/__idf_log.dir/src/os/log_timestamp.c.obj

[530/1031] Building C object esp-idf/log/CMakeFiles/__idf_log.dir/src/log_timestamp_common.c.obj

[531/1031] Building C object esp-idf/log/CMakeFiles/__idf_log.dir/src/log_level/tag_log_level/cache/log_binary_heap.c.obj

[532/1031] Building C object esp-idf/hal/CMakeFiles/__idf_hal.dir/hal_utils.c.obj

[533/1031] Building C object esp-idf/hal/CMakeFiles/__idf_hal.dir/efuse_hal.c.obj

[534/1031] Linking C static library esp-idf\freertos\libfreertos.a

[535/1031] Building C object esp-idf/hal/CMakeFiles/__idf_hal.dir/esp32/cache_hal_esp32.c.obj

[536/1031] Building C object esp-idf/hal/CMakeFiles/__idf_hal.dir/color_hal.c.obj

[537/1031] Building C object esp-idf/hal/CMakeFiles/__idf_hal.dir/esp32/efuse_hal.c.obj

[538/1031] Building C object esp-idf/hal/CMakeFiles/__idf_hal.dir/mmu_hal.c.obj

[539/1031] Building C object esp-idf/hal/CMakeFiles/__idf_hal.dir/mpu_hal.c.obj

[540/1031] Building C object esp-idf/hal/CMakeFiles/__idf_hal.dir/wdt_hal_iram.c.obj

[541/1031] Building C object esp-idf/hal/CMakeFiles/__idf_hal.dir/spi_flash_encrypt_hal_iram.c.obj

[542/1031] Building C object esp-idf/hal/CMakeFiles/__idf_hal.dir/ledc_hal.c.obj

[543/1031] Building C object esp-idf/hal/CMakeFiles/__idf_hal.dir/uart_hal.c.obj

[544/1031] Building C object esp-idf/hal/CMakeFiles/__idf_hal.dir/timer_hal.c.obj

[545/1031] Building C object esp-idf/hal/CMakeFiles/__idf_hal.dir/ledc_hal_iram.c.obj

[546/1031] Building C object esp-idf/hal/CMakeFiles/__idf_hal.dir/uart_hal_iram.c.obj

[547/1031] Building C object esp-idf/hal/CMakeFiles/__idf_hal.dir/gpio_hal.c.obj

[548/1031] Building C object esp-idf/hal/CMakeFiles/__idf_hal.dir/spi_flash_hal_iram.c.obj

[549/1031] Building C object esp-idf/hal/CMakeFiles/__idf_hal.dir/spi_flash_hal.c.obj

[550/1031] Building C object esp-idf/hal/CMakeFiles/__idf_hal.dir/rtc_io_hal.c.obj

[551/1031] Building C object esp-idf/hal/CMakeFiles/__idf_hal.dir/i2c_hal_iram.c.obj

[552/1031] Building C object esp-idf/hal/CMakeFiles/__idf_hal.dir/i2c_hal.c.obj

[553/1031] Building C object esp-idf/hal/CMakeFiles/__idf_hal.dir/esp32/clk_tree_hal.c.obj

[554/1031] Building C object esp-idf/hal/CMakeFiles/__idf_hal.dir/rmt_hal.c.obj

[555/1031] Building C object esp-idf/hal/CMakeFiles/__idf_hal.dir/pcnt_hal.c.obj

[556/1031] Linking C static library esp-idf\esp_hw_support\libesp_hw_support.a

[557/1031] Building C object esp-idf/hal/CMakeFiles/__idf_hal.dir/sdm_hal.c.obj

[558/1031] Building C object esp-idf/hal/CMakeFiles/__idf_hal.dir/mcpwm_hal.c.obj

[559/1031] Building C object esp-idf/hal/CMakeFiles/__idf_hal.dir/i2s_hal.c.obj

[560/1031] Building C object esp-idf/hal/CMakeFiles/__idf_hal.dir/sdmmc_hal.c.obj

[561/1031] Building C object esp-idf/hal/CMakeFiles/__idf_hal.dir/brownout_hal.c.obj

[562/1031] Building C object esp-idf/hal/CMakeFiles/__idf_hal.dir/twai_hal_v1.c.obj

[563/1031] Building C object esp-idf/hal/CMakeFiles/__idf_hal.dir/emac_hal.c.obj

[564/1031] Building C object esp-idf/hal/CMakeFiles/__idf_hal.dir/adc_hal_common.c.obj

[565/1031] Building C object esp-idf/hal/CMakeFiles/__idf_hal.dir/sha_hal.c.obj

[566/1031] Building C object esp-idf/hal/CMakeFiles/__idf_hal.dir/aes_hal.c.obj

[567/1031] Building C object esp-idf/hal/CMakeFiles/__idf_hal.dir/touch_sensor_hal.c.obj

[568/1031] Building C object esp-idf/hal/CMakeFiles/__idf_hal.dir/mpi_hal.c.obj

[569/1031] Building C object esp-idf/hal/CMakeFiles/__idf_hal.dir/spi_hal.c.obj

[570/1031] Building C object esp-idf/hal/CMakeFiles/__idf_hal.dir/adc_oneshot_hal.c.obj

[571/1031] Building C object esp-idf/hal/CMakeFiles/__idf_hal.dir/adc_hal.c.obj

[572/1031] Linking C static library esp-idf\esp_security\libesp_security.a

[573/1031] Building C object esp-idf/hal/CMakeFiles/__idf_hal.dir/esp32/touch_sensor_hal.c.obj

[574/1031] Building C object esp-idf/hal/CMakeFiles/__idf_hal.dir/spi_slave_hal_iram.c.obj

[575/1031] Building C object esp-idf/hal/CMakeFiles/__idf_hal.dir/spi_slave_hal.c.obj

[576/1031] Building C object esp-idf/hal/CMakeFiles/__idf_hal.dir/touch_sens_hal.c.obj

[577/1031] Building C object esp-idf/hal/CMakeFiles/__idf_hal.dir/sdio_slave_hal.c.obj

[578/1031] Building C object esp-idf/hal/CMakeFiles/__idf_hal.dir/spi_hal_iram.c.obj

[579/1031] Building C object esp-idf/esp_rom/CMakeFiles/__idf_esp_rom.dir/patches/esp_rom_crc.c.obj

[580/1031] Building C object esp-idf/esp_rom/CMakeFiles/__idf_esp_rom.dir/patches/esp_rom_print.c.obj

[581/1031] Building C object esp-idf/hal/CMakeFiles/__idf_hal.dir/esp32/gpio_hal_workaround.c.obj

[582/1031] Building C object esp-idf/esp_rom/CMakeFiles/__idf_esp_rom.dir/patches/esp_rom_uart.c.obj

[583/1031] Building C object esp-idf/esp_rom/CMakeFiles/__idf_esp_rom.dir/patches/esp_rom_sys.c.obj

[584/1031] Building ASM object esp-idf/esp_rom/CMakeFiles/__idf_esp_rom.dir/patches/esp_rom_longjmp.S.obj

[585/1031] Building C object esp-idf/esp_rom/CMakeFiles/__idf_esp_rom.dir/patches/esp_rom_efuse.c.obj

[586/1031] Building C object esp-idf/esp_rom/CMakeFiles/__idf_esp_rom.dir/patches/esp_rom_gpio.c.obj

[587/1031] Building C object esp-idf/esp_system/CMakeFiles/__idf_esp_system.dir/esp_err.c.obj

[588/1031] Building C object esp-idf/esp_rom/CMakeFiles/__idf_esp_rom.dir/patches/esp_rom_spiflash.c.obj

[589/1031] Linking C static library esp-idf\soc\libsoc.a

[590/1031] Building C object esp-idf/esp_system/CMakeFiles/__idf_esp_system.dir/crosscore_int.c.obj

[591/1031] Building C object esp-idf/esp_system/CMakeFiles/__idf_esp_system.dir/esp_system_console.c.obj

[592/1031] Building C object esp-idf/esp_system/CMakeFiles/__idf_esp_system.dir/freertos_hooks.c.obj

[593/1031] Building C object esp-idf/esp_system/CMakeFiles/__idf_esp_system.dir/stack_check.c.obj

[594/1031] Building C object esp-idf/esp_system/CMakeFiles/__idf_esp_system.dir/startup.c.obj

[595/1031] Building C object esp-idf/esp_system/CMakeFiles/__idf_esp_system.dir/esp_system.c.obj

[596/1031] Building C object esp-idf/esp_system/CMakeFiles/__idf_esp_system.dir/esp_ipc.c.obj

[597/1031] Building C object esp-idf/esp_system/CMakeFiles/__idf_esp_system.dir/ubsan.c.obj

[598/1031] Building C object esp-idf/esp_system/CMakeFiles/__idf_esp_system.dir/int_wdt.c.obj

[599/1031] Building C object esp-idf/esp_system/CMakeFiles/__idf_esp_system.dir/panic.c.obj

[600/1031] Building C object esp-idf/esp_system/CMakeFiles/__idf_esp_system.dir/system_time.c.obj

[601/1031] Linking C static library esp-idf\heap\libheap.a

[602/1031] Building C object esp-idf/esp_system/CMakeFiles/__idf_esp_system.dir/port/panic_handler.c.obj

[603/1031] Building C object esp-idf/esp_system/CMakeFiles/__idf_esp_system.dir/startup_funcs.c.obj

[604/1031] Building C object esp-idf/esp_system/CMakeFiles/__idf_esp_system.dir/xt_wdt.c.obj

[605/1031] Building ASM object esp-idf/esp_system/CMakeFiles/__idf_esp_system.dir/port/arch/xtensa/esp_ipc_isr_handler.S.obj

[606/1031] Building C object esp-idf/esp_system/CMakeFiles/__idf_esp_system.dir/task_wdt/task_wdt.c.obj

[607/1031] Building ASM object esp-idf/esp_system/CMakeFiles/__idf_esp_system.dir/port/arch/xtensa/esp_ipc_isr_routines.S.obj

[608/1031] Building C object esp-idf/esp_system/CMakeFiles/__idf_esp_system.dir/port/esp_system_chip.c.obj

[609/1031] Building C object esp-idf/esp_system/CMakeFiles/__idf_esp_system.dir/task_wdt/task_wdt_impl_timergroup.c.obj

[610/1031] Building C object esp-idf/esp_system/CMakeFiles/__idf_esp_system.dir/port/image_process.c.obj

[611/1031] Building ASM object esp-idf/esp_system/CMakeFiles/__idf_esp_system.dir/port/arch/xtensa/panic_handler_asm.S.obj

[612/1031] Building C object esp-idf/esp_system/CMakeFiles/__idf_esp_system.dir/port/esp_ipc_isr.c.obj

[613/1031] Building ASM object esp-idf/esp_system/CMakeFiles/__idf_esp_system.dir/port/arch/xtensa/debug_helpers_asm.S.obj

[614/1031] Building ASM object esp-idf/esp_system/CMakeFiles/__idf_esp_system.dir/port/arch/xtensa/expression_with_stack_asm.S.obj

[615/1031] Building C object esp-idf/esp_system/CMakeFiles/__idf_esp_system.dir/port/arch/xtensa/esp_ipc_isr_port.c.obj

[616/1031] Building C object esp-idf/esp_system/CMakeFiles/__idf_esp_system.dir/port/arch/xtensa/debug_stubs.c.obj

[617/1031] Building C object esp-idf/esp_system/CMakeFiles/__idf_esp_system.dir/port/arch/xtensa/panic_arch.c.obj

[618/1031] Linking C static library esp-idf\log\liblog.a

[619/1031] Building C object esp-idf/esp_system/CMakeFiles/__idf_esp_system.dir/port/arch/xtensa/trax.c.obj

[620/1031] Building C object esp-idf/esp_system/CMakeFiles/__idf_esp_system.dir/port/cpu_start.c.obj

[621/1031] Building C object esp-idf/esp_system/CMakeFiles/__idf_esp_system.dir/port/arch/xtensa/expression_with_stack.c.obj

[622/1031] Building ASM object esp-idf/esp_system/CMakeFiles/__idf_esp_system.dir/port/soc/esp32/highint_hdl.S.obj

[623/1031] Building C object esp-idf/esp_system/CMakeFiles/__idf_esp_system.dir/port/arch/xtensa/debug_helpers.c.obj

[624/1031] Building C object esp-idf/spi_flash/CMakeFiles/__idf_spi_flash.dir/flash_brownout_hook.c.obj

[625/1031] Building C object esp-idf/esp_system/CMakeFiles/__idf_esp_system.dir/port/soc/esp32/reset_reason.c.obj

[626/1031] Building C object esp-idf/esp_system/CMakeFiles/__idf_esp_system.dir/port/soc/esp32/cache_err_int.c.obj

[627/1031] Building C object esp-idf/spi_flash/CMakeFiles/__idf_spi_flash.dir/spi_flash_chip_drivers.c.obj

[628/1031] Building C object esp-idf/spi_flash/CMakeFiles/__idf_spi_flash.dir/spi_flash_chip_issi.c.obj

[629/1031] Building C object esp-idf/spi_flash/CMakeFiles/__idf_spi_flash.dir/spi_flash_chip_boya.c.obj

[630/1031] Building C object esp-idf/esp_common/CMakeFiles/__idf_esp_common.dir/src/esp_err_to_name.c.obj

[631/1031] Building C object esp-idf/spi_flash/CMakeFiles/__idf_spi_flash.dir/spi_flash_chip_gd.c.obj

[632/1031] Building C object esp-idf/esp_system/CMakeFiles/__idf_esp_system.dir/port/soc/esp32/system_internal.c.obj

[633/1031] Building C object esp-idf/esp_system/CMakeFiles/__idf_esp_system.dir/port/soc/esp32/clk.c.obj

[634/1031] Building C object esp-idf/spi_flash/CMakeFiles/__idf_spi_flash.dir/spi_flash_chip_th.c.obj

[635/1031] Building C object esp-idf/spi_flash/CMakeFiles/__idf_spi_flash.dir/spi_flash_chip_mxic.c.obj

[636/1031] Building C object esp-idf/spi_flash/CMakeFiles/__idf_spi_flash.dir/spi_flash_chip_generic.c.obj

[637/1031] Building C object esp-idf/spi_flash/CMakeFiles/__idf_spi_flash.dir/spi_flash_chip_winbond.c.obj

[638/1031] Building C object esp-idf/spi_flash/CMakeFiles/__idf_spi_flash.dir/spi_flash_chip_mxic_opi.c.obj

[639/1031] Linking C static library esp-idf\hal\libhal.a

[640/1031] Building C object esp-idf/spi_flash/CMakeFiles/__idf_spi_flash.dir/memspi_host_driver.c.obj

[641/1031] Building C object esp-idf/spi_flash/CMakeFiles/__idf_spi_flash.dir/cache_utils.c.obj

[642/1031] Building C object esp-idf/spi_flash/CMakeFiles/__idf_spi_flash.dir/spi_flash_wrap.c.obj

[643/1031] Building C object esp-idf/spi_flash/CMakeFiles/__idf_spi_flash.dir/flash_mmap.c.obj

[644/1031] Building C object esp-idf/spi_flash/CMakeFiles/__idf_spi_flash.dir/flash_ops.c.obj

[645/1031] Building C object esp-idf/esp_mm/CMakeFiles/__idf_esp_mm.dir/port/esp32/ext_mem_layout.c.obj

[646/1031] Building C object esp-idf/spi_flash/CMakeFiles/__idf_spi_flash.dir/spi_flash_os_func_noos.c.obj

[647/1031] Building C object esp-idf/esp_mm/CMakeFiles/__idf_esp_mm.dir/cache_esp32.c.obj

[648/1031] Building C object esp-idf/esp_mm/CMakeFiles/__idf_esp_mm.dir/heap_align_hw.c.obj

[649/1031] Building C object esp-idf/spi_flash/CMakeFiles/__idf_spi_flash.dir/spi_flash_os_func_app.c.obj

[650/1031] Building C object esp-idf/spi_flash/CMakeFiles/__idf_spi_flash.dir/esp_flash_api.c.obj

[651/1031] Building C object esp-idf/esp_mm/CMakeFiles/__idf_esp_mm.dir/esp_cache_utils.c.obj

[652/1031] Building C object esp-idf/esp_mm/CMakeFiles/__idf_esp_mm.dir/esp_mmu_map.c.obj

[653/1031] Building C object esp-idf/spi_flash/CMakeFiles/__idf_spi_flash.dir/esp_flash_spi_init.c.obj

[654/1031] Building C object esp-idf/bootloader_support/CMakeFiles/__idf_bootloader_support.dir/src/bootloader_mem.c.obj

[655/1031] Linking C static library esp-idf\esp_rom\libesp_rom.a

[656/1031] Building C object esp-idf/bootloader_support/CMakeFiles/__idf_bootloader_support.dir/src/bootloader_efuse.c.obj

[657/1031] Building C object esp-idf/bootloader_support/CMakeFiles/__idf_bootloader_support.dir/src/bootloader_clock_init.c.obj

[658/1031] Building C object esp-idf/esp_mm/CMakeFiles/__idf_esp_mm.dir/esp_cache_msync.c.obj

[659/1031] Building C object esp-idf/bootloader_support/CMakeFiles/__idf_bootloader_support.dir/src/bootloader_random.c.obj

[660/1031] Building C object esp-idf/bootloader_support/CMakeFiles/__idf_bootloader_support.dir/src/bootloader_common.c.obj

[661/1031] Building C object esp-idf/bootloader_support/CMakeFiles/__idf_bootloader_support.dir/src/bootloader_common_loader.c.obj

[662/1031] Building C object esp-idf/bootloader_support/CMakeFiles/__idf_bootloader_support.dir/src/bootloader_random_esp32.c.obj

[663/1031] Building C object esp-idf/bootloader_support/CMakeFiles/__idf_bootloader_support.dir/src/flash_encrypt.c.obj

[664/1031] Building C object esp-idf/bootloader_support/CMakeFiles/__idf_bootloader_support.dir/src/secure_boot.c.obj

[665/1031] Building C object esp-idf/bootloader_support/CMakeFiles/__idf_bootloader_support.dir/src/flash_partitions.c.obj

[666/1031] Linking C static library esp-idf\esp_common\libesp_common.a

[667/1031] Building C object esp-idf/bootloader_support/CMakeFiles/__idf_bootloader_support.dir/bootloader_flash/src/bootloader_flash.c.obj

[668/1031] Building C object esp-idf/bootloader_support/CMakeFiles/__idf_bootloader_support.dir/bootloader_flash/src/flash_qio_mode.c.obj

[669/1031] Building C object esp-idf/bootloader_support/CMakeFiles/__idf_bootloader_support.dir/src/esp32/secure_boot_secure_features.c.obj

[670/1031] Building C object esp-idf/efuse/CMakeFiles/__idf_efuse.dir/esp32/esp_efuse_fields.c.obj

[671/1031] Building C object esp-idf/efuse/CMakeFiles/__idf_efuse.dir/esp32/esp_efuse_table.c.obj

[672/1031] Building C object esp-idf/bootloader_support/CMakeFiles/__idf_bootloader_support.dir/src/bootloader_sha.c.obj

[673/1031] Building C object esp-idf/bootloader_support/CMakeFiles/__idf_bootloader_support.dir/bootloader_flash/src/bootloader_flash_config_esp32.c.obj

[674/1031] Building C object esp-idf/efuse/CMakeFiles/__idf_efuse.dir/src/esp_efuse_utility.c.obj

[675/1031] Building C object esp-idf/efuse/CMakeFiles/__idf_efuse.dir/src/esp_efuse_fields.c.obj

[676/1031] Building C object esp-idf/efuse/CMakeFiles/__idf_efuse.dir/esp32/esp_efuse_utility.c.obj

[677/1031] Building C object esp-idf/efuse/CMakeFiles/__idf_efuse.dir/src/esp_efuse_api.c.obj

[678/1031] Building C object esp-idf/bootloader_support/CMakeFiles/__idf_bootloader_support.dir/src/esp_image_format.c.obj

[679/1031] Building C object esp-idf/bootloader_support/CMakeFiles/__idf_bootloader_support.dir/src/bootloader_utility.c.obj

[680/1031] Building C object esp-idf/esp_partition/CMakeFiles/__idf_esp_partition.dir/partition_target.c.obj

[681/1031] Building C object esp-idf/efuse/CMakeFiles/__idf_efuse.dir/src/efuse_controller/keys/without_key_purposes/three_key_blocks/esp_efuse_api_key.c.obj

[682/1031] Building C object esp-idf/app_update/CMakeFiles/__idf_app_update.dir/esp_ota_app_desc.c.obj

[683/1031] Building C object esp-idf/efuse/CMakeFiles/__idf_efuse.dir/src/esp_efuse_startup.c.obj

[684/1031] Linking C static library esp-idf\esp_system\libesp_system.a

[685/1031] Building C object esp-idf/esp_partition/CMakeFiles/__idf_esp_partition.dir/partition.c.obj

[686/1031] Building C object esp-idf/esp_bootloader_format/CMakeFiles/__idf_esp_bootloader_format.dir/esp_bootloader_desc.c.obj

[687/1031] Building C object esp-idf/mbedtls/mbedtls/library/CMakeFiles/mbedtls.dir/debug.c.obj

[688/1031] Building C object esp-idf/mbedtls/mbedtls/library/CMakeFiles/mbedtls.dir/mps_reader.c.obj

[689/1031] Building C object esp-idf/esp_app_format/CMakeFiles/__idf_esp_app_format.dir/esp_app_desc.c.obj

[690/1031] Building C object esp-idf/mbedtls/mbedtls/library/CMakeFiles/mbedtls.dir/mps_trace.c.obj

[691/1031] Linking C static library esp-idf\spi_flash\libspi_flash.a

[692/1031] Building C object esp-idf/mbedtls/mbedtls/library/CMakeFiles/mbedtls.dir/ssl_cache.c.obj

[693/1031] Building C object esp-idf/mbedtls/mbedtls/library/CMakeFiles/mbedtls.dir/ssl_tls13_keys.c.obj

[694/1031] Building C object esp-idf/mbedtls/mbedtls/library/CMakeFiles/mbedtls.dir/ssl_tls13_generic.c.obj

[695/1031] Building C object esp-idf/app_update/CMakeFiles/__idf_app_update.dir/esp_ota_ops.c.obj

[696/1031] Building C object esp-idf/mbedtls/mbedtls/library/CMakeFiles/mbedtls.dir/ssl_client.c.obj

[697/1031] Building C object esp-idf/mbedtls/mbedtls/library/CMakeFiles/mbedtls.dir/ssl_tls13_client.c.obj

[698/1031] Building C object esp-idf/mbedtls/mbedtls/library/CMakeFiles/mbedtls.dir/ssl_ciphersuites.c.obj

[699/1031] Building C object esp-idf/mbedtls/mbedtls/library/CMakeFiles/mbedtls.dir/ssl_tls13_server.c.obj

[700/1031] Building C object esp-idf/mbedtls/mbedtls/library/CMakeFiles/mbedtls.dir/ssl_cookie.c.obj

[701/1031] Linking C static library esp-idf\esp_mm\libesp_mm.a

[702/1031] Building C object esp-idf/mbedtls/mbedtls/library/CMakeFiles/mbedtls.dir/ssl_debug_helpers_generated.c.obj

[703/1031] Building C object esp-idf/mbedtls/mbedtls/library/CMakeFiles/mbedtls.dir/ssl_ticket.c.obj

[704/1031] Building C object esp-idf/mbedtls/mbedtls/library/CMakeFiles/mbedtls.dir/C_/Espressif/frameworks/esp-idf-v5.5.4/components/mbedtls/port/esp_platform_time.c.obj

[705/1031] Building C object esp-idf/mbedtls/mbedtls/library/CMakeFiles/mbedtls.dir/ssl_tls12_client.c.obj

[706/1031] Building C object esp-idf/mbedtls/mbedtls/library/CMakeFiles/mbedtls.dir/C_/Espressif/frameworks/esp-idf-v5.5.4/components/mbedtls/port/mbedtls_debug.c.obj

[707/1031] Building C object esp-idf/mbedtls/mbedtls/library/CMakeFiles/mbedtls.dir/ssl_msg.c.obj

[708/1031] Building C object esp-idf/mbedtls/mbedtls/library/CMakeFiles/mbedtls.dir/ssl_tls12_server.c.obj

[709/1031] Building C object esp-idf/mbedtls/mbedtls/library/CMakeFiles/mbedx509.dir/pkcs7.c.obj

[710/1031] Building C object esp-idf/mbedtls/mbedtls/library/CMakeFiles/mbedx509.dir/x509_create.c.obj

[711/1031] Building C object esp-idf/mbedtls/mbedtls/library/CMakeFiles/mbedtls.dir/ssl_tls.c.obj

[712/1031] Building C object esp-idf/mbedtls/mbedtls/library/CMakeFiles/mbedx509.dir/x509.c.obj

[713/1031] Building C object esp-idf/mbedtls/mbedtls/library/CMakeFiles/mbedcrypto.dir/aesce.c.obj

[714/1031] Building C object esp-idf/mbedtls/mbedtls/library/CMakeFiles/mbedcrypto.dir/aesni.c.obj

[715/1031] Linking C static library esp-idf\bootloader_support\libbootloader_support.a

[716/1031] Building C object esp-idf/mbedtls/mbedtls/library/CMakeFiles/mbedx509.dir/x509write.c.obj

[717/1031] Building C object esp-idf/mbedtls/mbedtls/library/CMakeFiles/mbedx509.dir/x509_crl.c.obj

[718/1031] Building C object esp-idf/mbedtls/mbedtls/library/CMakeFiles/mbedcrypto.dir/aes.c.obj

[719/1031] Building C object esp-idf/mbedtls/mbedtls/library/CMakeFiles/mbedtls.dir/C_/Espressif/frameworks/esp-idf-v5.5.4/components/mbedtls/port/net_sockets.c.obj

[720/1031] Building C object esp-idf/mbedtls/mbedtls/library/CMakeFiles/mbedx509.dir/x509write_csr.c.obj

[721/1031] Building C object esp-idf/mbedtls/mbedtls/library/CMakeFiles/mbedx509.dir/x509_csr.c.obj

[722/1031] Building C object esp-idf/mbedtls/mbedtls/library/CMakeFiles/mbedx509.dir/x509write_crt.c.obj

[723/1031] Building C object esp-idf/mbedtls/mbedtls/library/CMakeFiles/mbedcrypto.dir/asn1write.c.obj

[724/1031] Building C object esp-idf/mbedtls/mbedtls/library/CMakeFiles/mbedcrypto.dir/asn1parse.c.obj

[725/1031] Building C object esp-idf/mbedtls/mbedtls/library/CMakeFiles/mbedcrypto.dir/aria.c.obj

[726/1031] Building C object esp-idf/mbedtls/mbedtls/library/CMakeFiles/mbedcrypto.dir/bignum_mod.c.obj

[727/1031] Building C object esp-idf/mbedtls/mbedtls/library/CMakeFiles/mbedcrypto.dir/bignum_mod_raw.c.obj

[728/1031] Building C object esp-idf/mbedtls/mbedtls/library/CMakeFiles/mbedcrypto.dir/base64.c.obj

[729/1031] Building C object esp-idf/mbedtls/mbedtls/library/CMakeFiles/mbedcrypto.dir/camellia.c.obj

[730/1031] Building C object esp-idf/mbedtls/mbedtls/library/CMakeFiles/mbedcrypto.dir/block_cipher.c.obj

[731/1031] Building C object esp-idf/mbedtls/mbedtls/library/CMakeFiles/mbedcrypto.dir/bignum_core.c.obj

[732/1031] Linking C static library esp-idf\efuse\libefuse.a

[733/1031] Building C object esp-idf/mbedtls/mbedtls/library/CMakeFiles/mbedx509.dir/x509_crt.c.obj

[734/1031] Building C object esp-idf/mbedtls/mbedtls/library/CMakeFiles/mbedcrypto.dir/bignum.c.obj

[735/1031] Building C object esp-idf/mbedtls/mbedtls/library/CMakeFiles/mbedcrypto.dir/chacha20.c.obj

[736/1031] Building C object esp-idf/mbedtls/mbedtls/library/CMakeFiles/mbedcrypto.dir/chachapoly.c.obj

[737/1031] Building C object esp-idf/mbedtls/mbedtls/library/CMakeFiles/mbedcrypto.dir/ccm.c.obj

[738/1031] Building C object esp-idf/mbedtls/mbedtls/library/CMakeFiles/mbedcrypto.dir/des.c.obj

[739/1031] Building C object esp-idf/mbedtls/mbedtls/library/CMakeFiles/mbedcrypto.dir/constant_time.c.obj

[740/1031] Building C object esp-idf/mbedtls/mbedtls/library/CMakeFiles/mbedcrypto.dir/dhm.c.obj

[741/1031] Building C object esp-idf/mbedtls/mbedtls/library/CMakeFiles/mbedcrypto.dir/cipher_wrap.c.obj

[742/1031] Building C object esp-idf/mbedtls/mbedtls/library/CMakeFiles/mbedcrypto.dir/cmac.c.obj

[743/1031] Building C object esp-idf/mbedtls/mbedtls/library/CMakeFiles/mbedcrypto.dir/ecjpake.c.obj

[744/1031] Building C object esp-idf/mbedtls/mbedtls/library/CMakeFiles/mbedcrypto.dir/cipher.c.obj

[745/1031] Building C object esp-idf/mbedtls/mbedtls/library/CMakeFiles/mbedcrypto.dir/ctr_drbg.c.obj

[746/1031] Linking C static library esp-idf\esp_partition\libesp_partition.a

[747/1031] Building C object esp-idf/mbedtls/mbedtls/library/CMakeFiles/mbedcrypto.dir/ecdh.c.obj

[748/1031] Building C object esp-idf/mbedtls/mbedtls/library/CMakeFiles/mbedcrypto.dir/ecdsa.c.obj

[749/1031] Building C object esp-idf/mbedtls/mbedtls/library/CMakeFiles/mbedcrypto.dir/entropy_poll.c.obj

[750/1031] Building C object esp-idf/mbedtls/mbedtls/library/CMakeFiles/mbedcrypto.dir/ecp_curves_new.c.obj

[751/1031] Building C object esp-idf/mbedtls/mbedtls/library/CMakeFiles/mbedcrypto.dir/entropy.c.obj

[752/1031] Building C object esp-idf/mbedtls/mbedtls/library/CMakeFiles/mbedcrypto.dir/ecp_curves.c.obj

[753/1031] Building C object esp-idf/mbedtls/mbedtls/library/CMakeFiles/mbedcrypto.dir/hkdf.c.obj

[754/1031] Building C object esp-idf/mbedtls/mbedtls/library/CMakeFiles/mbedcrypto.dir/ecp.c.obj

[755/1031] Building C object esp-idf/mbedtls/mbedtls/library/CMakeFiles/mbedcrypto.dir/gcm.c.obj

[756/1031] Building C object esp-idf/mbedtls/mbedtls/library/CMakeFiles/mbedcrypto.dir/error.c.obj

[757/1031] Building C object esp-idf/mbedtls/mbedtls/library/CMakeFiles/mbedcrypto.dir/hmac_drbg.c.obj

[758/1031] Building C object esp-idf/mbedtls/mbedtls/library/CMakeFiles/mbedcrypto.dir/lmots.c.obj

[759/1031] Building C object esp-idf/mbedtls/mbedtls/library/CMakeFiles/mbedcrypto.dir/memory_buffer_alloc.c.obj

[760/1031] Building C object esp-idf/mbedtls/mbedtls/library/CMakeFiles/mbedcrypto.dir/md5.c.obj

[761/1031] Building C object esp-idf/mbedtls/mbedtls/library/CMakeFiles/mbedcrypto.dir/nist_kw.c.obj

[762/1031] Linking C static library esp-idf\app_update\libapp_update.a

[763/1031] Building C object esp-idf/mbedtls/mbedtls/library/CMakeFiles/mbedcrypto.dir/md.c.obj

[764/1031] Building C object esp-idf/mbedtls/mbedtls/library/CMakeFiles/mbedcrypto.dir/padlock.c.obj

[765/1031] Building C object esp-idf/mbedtls/mbedtls/library/CMakeFiles/mbedcrypto.dir/lms.c.obj

[766/1031] Building C object esp-idf/mbedtls/mbedtls/library/CMakeFiles/mbedcrypto.dir/pem.c.obj

[767/1031] Building C object esp-idf/mbedtls/mbedtls/library/CMakeFiles/mbedcrypto.dir/pk.c.obj

[768/1031] Building C object esp-idf/mbedtls/mbedtls/library/CMakeFiles/mbedcrypto.dir/oid.c.obj

[769/1031] Building C object esp-idf/mbedtls/mbedtls/library/CMakeFiles/mbedcrypto.dir/platform.c.obj

[770/1031] Building C object esp-idf/mbedtls/mbedtls/library/CMakeFiles/mbedcrypto.dir/pk_ecc.c.obj

[771/1031] Building C object esp-idf/mbedtls/mbedtls/library/CMakeFiles/mbedcrypto.dir/pkcs12.c.obj

[772/1031] Linking C static library esp-idf\esp_bootloader_format\libesp_bootloader_format.a

[773/1031] Building C object esp-idf/mbedtls/mbedtls/library/CMakeFiles/mbedcrypto.dir/platform_util.c.obj

[774/1031] Building C object esp-idf/mbedtls/mbedtls/library/CMakeFiles/mbedcrypto.dir/poly1305.c.obj

[775/1031] Building C object esp-idf/mbedtls/mbedtls/library/CMakeFiles/mbedcrypto.dir/pk_wrap.c.obj

[776/1031] Building C object esp-idf/mbedtls/mbedtls/library/CMakeFiles/mbedcrypto.dir/pkwrite.c.obj

[777/1031] Building C object esp-idf/mbedtls/mbedtls/library/CMakeFiles/mbedcrypto.dir/pkcs5.c.obj

[778/1031] Building C object esp-idf/mbedtls/mbedtls/library/CMakeFiles/mbedcrypto.dir/pkparse.c.obj

[779/1031] Building C object esp-idf/mbedtls/mbedtls/library/CMakeFiles/mbedcrypto.dir/psa_crypto_cipher.c.obj

[780/1031] Building C object esp-idf/mbedtls/mbedtls/library/CMakeFiles/mbedcrypto.dir/psa_crypto_client.c.obj

[781/1031] Building C object esp-idf/mbedtls/mbedtls/library/CMakeFiles/mbedcrypto.dir/psa_crypto_aead.c.obj

[782/1031] Building C object esp-idf/mbedtls/mbedtls/library/CMakeFiles/mbedcrypto.dir/psa_crypto_ffdh.c.obj

[783/1031] Building C object esp-idf/mbedtls/mbedtls/library/CMakeFiles/mbedcrypto.dir/psa_crypto_hash.c.obj

[784/1031] Building C object esp-idf/mbedtls/mbedtls/library/CMakeFiles/mbedcrypto.dir/psa_crypto_driver_wrappers_no_static.c.obj

[785/1031] Building C object esp-idf/mbedtls/mbedtls/library/CMakeFiles/mbedcrypto.dir/psa_crypto_mac.c.obj

[786/1031] Building C object esp-idf/mbedtls/mbedtls/library/CMakeFiles/mbedcrypto.dir/psa_crypto_ecp.c.obj

[787/1031] Building C object esp-idf/mbedtls/mbedtls/library/CMakeFiles/mbedcrypto.dir/psa_crypto_se.c.obj

[788/1031] Linking C static library esp-idf\esp_app_format\libesp_app_format.a

[789/1031] Building C object esp-idf/mbedtls/mbedtls/library/CMakeFiles/mbedcrypto.dir/psa_crypto_pake.c.obj

[790/1031] Building C object esp-idf/mbedtls/mbedtls/library/CMakeFiles/mbedcrypto.dir/psa_crypto_rsa.c.obj

[791/1031] Building C object esp-idf/mbedtls/mbedtls/library/CMakeFiles/mbedcrypto.dir/ripemd160.c.obj

[792/1031] Building C object esp-idf/mbedtls/mbedtls/library/CMakeFiles/mbedcrypto.dir/psa_util.c.obj

[793/1031] Building C object esp-idf/mbedtls/mbedtls/library/CMakeFiles/mbedcrypto.dir/psa_its_file.c.obj

[794/1031] Building C object esp-idf/mbedtls/mbedtls/library/CMakeFiles/mbedcrypto.dir/rsa_alt_helpers.c.obj

[795/1031] Building C object esp-idf/mbedtls/mbedtls/library/CMakeFiles/mbedcrypto.dir/psa_crypto_slot_management.c.obj

[796/1031] Building C object esp-idf/mbedtls/mbedtls/library/CMakeFiles/mbedcrypto.dir/psa_crypto_storage.c.obj

[797/1031] Building C object esp-idf/mbedtls/mbedtls/library/CMakeFiles/mbedcrypto.dir/psa_crypto.c.obj

[798/1031] Building C object esp-idf/mbedtls/mbedtls/library/CMakeFiles/mbedcrypto.dir/sha1.c.obj

[799/1031] Building C object esp-idf/mbedtls/mbedtls/library/CMakeFiles/mbedcrypto.dir/sha512.c.obj

[800/1031] Building C object esp-idf/mbedtls/mbedtls/library/CMakeFiles/mbedcrypto.dir/sha256.c.obj

[801/1031] Building C object esp-idf/mbedtls/mbedtls/library/CMakeFiles/mbedcrypto.dir/timing.c.obj

[802/1031] Building C object esp-idf/mbedtls/mbedtls/library/CMakeFiles/mbedcrypto.dir/sha3.c.obj

[803/1031] Building C object esp-idf/mbedtls/mbedtls/library/CMakeFiles/mbedcrypto.dir/version_features.c.obj

[804/1031] Building C object esp-idf/mbedtls/mbedtls/library/CMakeFiles/mbedcrypto.dir/threading.c.obj

[805/1031] Building C object esp-idf/mbedtls/mbedtls/library/CMakeFiles/mbedcrypto.dir/rsa.c.obj

[806/1031] Building C object esp-idf/mbedtls/mbedtls/library/CMakeFiles/mbedcrypto.dir/version.c.obj

[807/1031] Building C object esp-idf/mbedtls/mbedtls/library/CMakeFiles/mbedcrypto.dir/C_/Espressif/frameworks/esp-idf-v5.5.4/components/mbedtls/port/esp_mem.c.obj

[808/1031] Building C object esp-idf/mbedtls/mbedtls/library/CMakeFiles/mbedcrypto.dir/C_/Espressif/frameworks/esp-idf-v5.5.4/components/mbedtls/port/esp_hardware.c.obj

[809/1031] Building C object esp-idf/mbedtls/mbedtls/library/CMakeFiles/mbedcrypto.dir/C_/Espressif/frameworks/esp-idf-v5.5.4/components/mbedtls/port/aes/esp_aes_xts.c.obj

[810/1031] Linking CXX static library esp-idf\mbedtls\mbedtls\library\libmbedtls.a

[811/1031] Building C object esp-idf/mbedtls/mbedtls/library/CMakeFiles/mbedcrypto.dir/C_/Espressif/frameworks/esp-idf-v5.5.4/components/mbedtls/port/esp_timing.c.obj

[812/1031] Creating directories for 'bootloader'

[813/1031] Building C object esp-idf/mbedtls/mbedtls/library/CMakeFiles/mbedcrypto.dir/7f8b82d8a283a8112a7b4ab1ed5b47e9/components/mbedtls/port/aes/esp_aes_common.c.obj

[814/1031] Building C object esp-idf/mbedtls/mbedtls/library/CMakeFiles/mbedcrypto.dir/C_/Espressif/frameworks/esp-idf-v5.5.4/components/mbedtls/port/sha/esp_sha.c.obj

[815/1031] No download step for 'bootloader'

[816/1031] Building C object esp-idf/mbedtls/mbedtls/library/CMakeFiles/mbedcrypto.dir/7f8b82d8a283a8112a7b4ab1ed5b47e9/components/mbedtls/port/bignum/bignum_alt.c.obj

[817/1031] Building C object esp-idf/mbedtls/mbedtls/library/CMakeFiles/mbedcrypto.dir/12800f948bbffada84ccb67a572c19ff/mbedtls/port/sha/parallel_engine/esp_sha256.c.obj

[818/1031] Linking CXX static library esp-idf\mbedtls\mbedtls\library\libmbedx509.a

[819/1031] Building C object esp-idf/mbedtls/mbedtls/library/CMakeFiles/mbedcrypto.dir/12800f948bbffada84ccb67a572c19ff/mbedtls/port/sha/parallel_engine/sha.c.obj

[820/1031] No update step for 'bootloader'

[821/1031] Building C object esp-idf/mbedtls/mbedtls/library/CMakeFiles/mbedcrypto.dir/C_/Espressif/frameworks/esp-idf-v5.5.4/components/mbedtls/port/md/esp_md.c.obj

[822/1031] Building C object esp-idf/mbedtls/mbedtls/3rdparty/everest/CMakeFiles/everest.dir/library/x25519.c.obj

[823/1031] Building C object esp-idf/mbedtls/mbedtls/library/CMakeFiles/mbedcrypto.dir/12800f948bbffada84ccb67a572c19ff/mbedtls/port/sha/parallel_engine/esp_sha1.c.obj

[824/1031] Building C object esp-idf/mbedtls/mbedtls/library/CMakeFiles/mbedcrypto.dir/7f8b82d8a283a8112a7b4ab1ed5b47e9/components/mbedtls/port/aes/block/esp_aes.c.obj

[825/1031] Building C object esp-idf/mbedtls/mbedtls/3rdparty/p256-m/CMakeFiles/p256m.dir/p256-m/p256-m.c.obj

[826/1031] Building C object esp-idf/mbedtls/mbedtls/library/CMakeFiles/mbedcrypto.dir/7f8b82d8a283a8112a7b4ab1ed5b47e9/components/mbedtls/port/bignum/esp_bignum.c.obj

[827/1031] Building C object esp-idf/mbedtls/mbedtls/3rdparty/everest/CMakeFiles/everest.dir/library/everest.c.obj

[828/1031] Building C object esp-idf/mbedtls/mbedtls/3rdparty/p256-m/CMakeFiles/p256m.dir/p256-m_driver_entrypoints.c.obj

[829/1031] Building C object esp-idf/mbedtls/mbedtls/3rdparty/everest/CMakeFiles/everest.dir/library/Hacl_Curve25519_joined.c.obj

[830/1031] Building C object esp-idf/mbedtls/mbedtls/library/CMakeFiles/mbedcrypto.dir/12800f948bbffada84ccb67a572c19ff/mbedtls/port/sha/parallel_engine/esp_sha512.c.obj

[831/1031] No patch step for 'bootloader'

[832/1031] Building C object esp-idf/mbedtls/mbedtls/library/CMakeFiles/mbedcrypto.dir/C_/Espressif/frameworks/esp-idf-v5.5.4/components/mbedtls/port/aes/esp_aes_gcm.c.obj

[833/1031] Linking CXX static library esp-idf\mbedtls\mbedtls\library\libmbedcrypto.a

[834/1031] Linking CXX static library esp-idf\mbedtls\mbedtls\3rdparty\p256-m\libp256m.a

[835/1031] Linking CXX static library esp-idf\mbedtls\mbedtls\3rdparty\everest\libeverest.a

[836/1031] Generating x509_crt_bundle

[837/1031] Generating ../../x509_crt_bundle.S

[838/1031] Building ASM object esp-idf/mbedtls/CMakeFiles/__idf_mbedtls.dir/__/__/x509_crt_bundle.S.obj

[839/1031] Building ASM object esp-idf/xtensa/CMakeFiles/__idf_xtensa.dir/xtensa_intr_asm.S.obj

[840/1031] Building ASM object esp-idf/xtensa/CMakeFiles/__idf_xtensa.dir/xtensa_context.S.obj

[841/1031] Building C object esp-idf/xtensa/CMakeFiles/__idf_xtensa.dir/eri.c.obj

[842/1031] Building ASM object esp-idf/xtensa/CMakeFiles/__idf_xtensa.dir/xtensa_vectors.S.obj

[843/1031] Building C object esp-idf/xtensa/CMakeFiles/__idf_xtensa.dir/xt_trax.c.obj

[844/1031] Building C object esp-idf/console/CMakeFiles/__idf_console.dir/split_argv.c.obj

[845/1031] Building C object esp-idf/esp_driver_gpio/CMakeFiles/__idf_esp_driver_gpio.dir/src/gpio_glitch_filter_ops.c.obj

[846/1031] Building C object esp-idf/esp_pm/CMakeFiles/__idf_esp_pm.dir/pm_locks.c.obj

[847/1031] Building C object esp-idf/esp_pm/CMakeFiles/__idf_esp_pm.dir/pm_trace.c.obj

[848/1031] Building C object esp-idf/console/CMakeFiles/__idf_console.dir/argtable3/arg_cmd.c.obj

[849/1031] Building C object esp-idf/xtensa/CMakeFiles/__idf_xtensa.dir/xtensa_intr.c.obj

[850/1031] Building C object esp-idf/mbedtls/CMakeFiles/__idf_mbedtls.dir/esp_crt_bundle/esp_crt_bundle.c.obj

[851/1031] Building C object esp-idf/console/CMakeFiles/__idf_console.dir/esp_console_common.c.obj

[852/1031] Building C object esp-idf/console/CMakeFiles/__idf_console.dir/commands.c.obj

[853/1031] Building C object esp-idf/esp_pm/CMakeFiles/__idf_esp_pm.dir/pm_impl.c.obj

[854/1031] Building C object esp-idf/esp_driver_gpio/CMakeFiles/__idf_esp_driver_gpio.dir/src/rtc_io.c.obj

[855/1031] Building C object esp-idf/console/CMakeFiles/__idf_console.dir/linenoise/linenoise.c.obj

[856/1031] Building C object esp-idf/console/CMakeFiles/__idf_console.dir/argtable3/arg_dbl.c.obj

[857/1031] Building C object esp-idf/console/CMakeFiles/__idf_console.dir/esp_console_repl_internal.c.obj

[858/1031] Building C object esp-idf/console/CMakeFiles/__idf_console.dir/argtable3/arg_date.c.obj

[859/1031] Building C object esp-idf/console/CMakeFiles/__idf_console.dir/argtable3/arg_end.c.obj

[860/1031] Building C object esp-idf/esp_driver_gpio/CMakeFiles/__idf_esp_driver_gpio.dir/src/gpio.c.obj

[861/1031] Building C object esp-idf/console/CMakeFiles/__idf_console.dir/esp_console_repl_chip.c.obj

[862/1031] Building C object esp-idf/console/CMakeFiles/__idf_console.dir/argtable3/arg_file.c.obj

[863/1031] Building C object esp-idf/console/CMakeFiles/__idf_console.dir/argtable3/arg_dstr.c.obj

[864/1031] Building C object esp-idf/console/CMakeFiles/__idf_console.dir/argtable3/arg_hashtable.c.obj

[865/1031] Building C object esp-idf/console/CMakeFiles/__idf_console.dir/argtable3/arg_lit.c.obj

[866/1031] Linking C static library esp-idf\mbedtls\libmbedtls.a

[867/1031] Building C object esp-idf/console/CMakeFiles/__idf_console.dir/argtable3/arg_rem.c.obj

[868/1031] Building C object esp-idf/console/CMakeFiles/__idf_console.dir/argtable3/arg_int.c.obj

[869/1031] Building C object esp-idf/console/CMakeFiles/__idf_console.dir/argtable3/arg_utils.c.obj

[870/1031] Building C object esp-idf/console/CMakeFiles/__idf_console.dir/argtable3/arg_rex.c.obj

[871/1031] Building C object esp-idf/console/CMakeFiles/__idf_console.dir/argtable3/arg_str.c.obj

[872/1031] Building C object esp-idf/spiffs/CMakeFiles/__idf_spiffs.dir/spiffs/src/spiffs_cache.c.obj

[873/1031] Building C object esp-idf/spiffs/CMakeFiles/__idf_spiffs.dir/spiffs/src/spiffs_gc.c.obj

[874/1031] Building C object esp-idf/spiffs/CMakeFiles/__idf_spiffs.dir/spiffs/src/spiffs_check.c.obj

[875/1031] Building C object esp-idf/console/CMakeFiles/__idf_console.dir/argtable3/argtable3.c.obj

[876/1031] Building C object esp-idf/unity/CMakeFiles/__idf_unity.dir/unity_compat.c.obj

[877/1031] Linking C static library esp-idf\esp_pm\libesp_pm.a

[878/1031] Building C object esp-idf/spiffs/CMakeFiles/__idf_spiffs.dir/spiffs_api.c.obj

[879/1031] Building C object esp-idf/unity/CMakeFiles/__idf_unity.dir/unity_runner.c.obj

[880/1031] Building C object esp-idf/protobuf-c/CMakeFiles/__idf_protobuf-c.dir/protobuf-c/protobuf-c/protobuf-c.c.obj

[881/1031] Building C object esp-idf/unity/CMakeFiles/__idf_unity.dir/unity/src/unity.c.obj

[882/1031] Building C object esp-idf/unity/CMakeFiles/__idf_unity.dir/unity_utils_freertos.c.obj

[883/1031] Building C object esp-idf/unity/CMakeFiles/__idf_unity.dir/unity_utils_cache.c.obj

[884/1031] Building C object esp-idf/protocomm/CMakeFiles/__idf_protocomm.dir/proto-c/constants.pb-c.c.obj

[885/1031] Building C object esp-idf/unity/CMakeFiles/__idf_unity.dir/unity_utils_memory.c.obj

[886/1031] Building C object esp-idf/spiffs/CMakeFiles/__idf_spiffs.dir/spiffs/src/spiffs_hydrogen.c.obj

[887/1031] Building C object esp-idf/spiffs/CMakeFiles/__idf_spiffs.dir/spiffs/src/spiffs_nucleus.c.obj

[888/1031] Building C object esp-idf/unity/CMakeFiles/__idf_unity.dir/unity_port_esp32.c.obj

[889/1031] Linking C static library esp-idf\esp_driver_gpio\libesp_driver_gpio.a

[890/1031] Building C object esp-idf/spiffs/CMakeFiles/__idf_spiffs.dir/esp_spiffs.c.obj

[891/1031] Building C object esp-idf/unity/CMakeFiles/__idf_unity.dir/port/esp/unity_utils_memory_esp.c.obj

[892/1031] Building C object esp-idf/protocomm/CMakeFiles/__idf_protocomm.dir/proto-c/sec0.pb-c.c.obj

[893/1031] Building C object esp-idf/protocomm/CMakeFiles/__idf_protocomm.dir/src/common/protocomm.c.obj

[894/1031] Building C object esp-idf/protocomm/CMakeFiles/__idf_protocomm.dir/proto-c/sec1.pb-c.c.obj

[895/1031] Building C object esp-idf/protocomm/CMakeFiles/__idf_protocomm.dir/proto-c/session.pb-c.c.obj

[896/1031] Building C object esp-idf/protocomm/CMakeFiles/__idf_protocomm.dir/proto-c/sec2.pb-c.c.obj

[897/1031] Linking C static library esp-idf\xtensa\libxtensa.a

[898/1031] Building C object esp-idf/protocomm/CMakeFiles/__idf_protocomm.dir/src/transports/protocomm_console.c.obj

[899/1031] Building C object esp-idf/protocomm/CMakeFiles/__idf_protocomm.dir/src/security/security0.c.obj

[900/1031] Building C object esp-idf/esp_https_server/CMakeFiles/__idf_esp_https_server.dir/src/https_server.c.obj

[901/1031] Linking C static library esp-idf\console\libconsole.a

[902/1031] Building C object esp-idf/protocomm/CMakeFiles/__idf_protocomm.dir/src/transports/protocomm_httpd.c.obj

[903/1031] Building C object esp-idf/protocomm/CMakeFiles/__idf_protocomm.dir/src/crypto/srp6a/esp_srp.c.obj

[904/1031] Building C object esp-idf/protocomm/CMakeFiles/__idf_protocomm.dir/src/crypto/srp6a/esp_srp_mpi.c.obj

[905/1031] Linking C static library esp-idf\protobuf-c\libprotobuf-c.a

[906/1031] Building C object esp-idf/json/CMakeFiles/__idf_json.dir/cJSON/cJSON_Utils.c.obj

[907/1031] Linking C static library esp-idf\spiffs\libspiffs.a

[908/1031] Building C object esp-idf/protocomm/CMakeFiles/__idf_protocomm.dir/src/security/security2.c.obj

[909/1031] Linking C static library esp-idf\unity\libunity.a

[910/1031] Building C object esp-idf/protocomm/CMakeFiles/__idf_protocomm.dir/src/security/security1.c.obj

[911/1031] Building C object esp-idf/json/CMakeFiles/__idf_json.dir/cJSON/cJSON.c.obj

[912/1031] Building C object esp-idf/mesh_common/CMakeFiles/__idf_mesh_common.dir/src/csv_logger.c.obj

[913/1031] Building C object esp-idf/app_trace/CMakeFiles/__idf_app_trace.dir/app_trace_util.c.obj

[914/1031] Building C object esp-idf/cmock/CMakeFiles/__idf_cmock.dir/CMock/src/cmock.c.obj

[915/1031] Building C object esp-idf/mesh_common/CMakeFiles/__idf_mesh_common.dir/src/mesh_setup.c.obj

[916/1031] Building C object esp-idf/app_trace/CMakeFiles/__idf_app_trace.dir/host_file_io.c.obj

[917/1031] Building C object esp-idf/mesh_common/CMakeFiles/__idf_mesh_common.dir/src/phase_listener.c.obj

[918/1031] Building C object esp-idf/esp_driver_cam/CMakeFiles/__idf_esp_driver_cam.dir/esp_cam_ctlr.c.obj

[919/1031] Building C object esp-idf/app_trace/CMakeFiles/__idf_app_trace.dir/app_trace.c.obj

[920/1031] Building CXX object esp-idf/wear_levelling/CMakeFiles/__idf_wear_levelling.dir/crc32.cpp.obj

[921/1031] Building C object esp-idf/esp_driver_cam/CMakeFiles/__idf_esp_driver_cam.dir/dvp_share_ctrl.c.obj

[922/1031] Building C object esp-idf/app_trace/CMakeFiles/__idf_app_trace.dir/port/port_uart.c.obj

[923/1031] Building CXX object esp-idf/wear_levelling/CMakeFiles/__idf_wear_levelling.dir/SPI_Flash.cpp.obj

[924/1031] Building CXX object esp-idf/wear_levelling/CMakeFiles/__idf_wear_levelling.dir/WL_Ext_Perf.cpp.obj

[925/1031] Building CXX object esp-idf/wear_levelling/CMakeFiles/__idf_wear_levelling.dir/wear_levelling.cpp.obj

[926/1031] Building CXX object esp-idf/wear_levelling/CMakeFiles/__idf_wear_levelling.dir/Partition.cpp.obj

[927/1031] Building CXX object esp-idf/wear_levelling/CMakeFiles/__idf_wear_levelling.dir/WL_Ext_Safe.cpp.obj

[928/1031] Building C object esp-idf/esp_driver_touch_sens/CMakeFiles/__idf_esp_driver_touch_sens.dir/hw_ver1/touch_version_specific.c.obj

[929/1031] Building CXX object esp-idf/wear_levelling/CMakeFiles/__idf_wear_levelling.dir/WL_Flash.cpp.obj

[930/1031] Building C object esp-idf/esp_driver_touch_sens/CMakeFiles/__idf_esp_driver_touch_sens.dir/common/touch_sens_common.c.obj

[931/1031] Building C object esp-idf/esp_eth/CMakeFiles/__idf_esp_eth.dir/src/phy/esp_eth_phy_dp83848.c.obj

[932/1031] Linking C static library esp-idf\esp_https_server\libesp_https_server.a

[933/1031] Building C object esp-idf/esp_eth/CMakeFiles/__idf_esp_eth.dir/src/esp_eth_netif_glue.c.obj

[934/1031] Building C object esp-idf/esp_eth/CMakeFiles/__idf_esp_eth.dir/src/esp_eth.c.obj

[935/1031] Building C object esp-idf/esp_eth/CMakeFiles/__idf_esp_eth.dir/src/mac/esp_eth_mac_esp_dma.c.obj

[936/1031] Building C object esp-idf/esp_eth/CMakeFiles/__idf_esp_eth.dir/src/phy/esp_eth_phy_ksz80xx.c.obj

[937/1031] Building C object esp-idf/esp_eth/CMakeFiles/__idf_esp_eth.dir/src/phy/esp_eth_phy_802_3.c.obj

[938/1031] Building C object esp-idf/esp_eth/CMakeFiles/__idf_esp_eth.dir/src/phy/esp_eth_phy_generic.c.obj

[939/1031] Building C object esp-idf/esp_eth/CMakeFiles/__idf_esp_eth.dir/src/mac/esp_eth_mac_esp_gpio.c.obj

[940/1031] Building C object esp-idf/esp_eth/CMakeFiles/__idf_esp_eth.dir/src/phy/esp_eth_phy_ip101.c.obj

[941/1031] Building C object esp-idf/esp_hid/CMakeFiles/__idf_esp_hid.dir/src/esp_hid_common.c.obj

[942/1031] Building C object esp-idf/esp_hid/CMakeFiles/__idf_esp_hid.dir/src/esp_hidd.c.obj

[943/1031] Building C object esp-idf/esp_eth/CMakeFiles/__idf_esp_eth.dir/src/mac/esp_eth_mac_esp.c.obj

[944/1031] Building C object esp-idf/esp_eth/CMakeFiles/__idf_esp_eth.dir/src/phy/esp_eth_phy_rtl8201.c.obj

[945/1031] Building C object esp-idf/esp_eth/CMakeFiles/__idf_esp_eth.dir/src/phy/esp_eth_phy_lan87xx.c.obj

[946/1031] Building C object esp-idf/esp_lcd/CMakeFiles/__idf_esp_lcd.dir/src/esp_lcd_common.c.obj

[947/1031] Linking C static library esp-idf\protocomm\libprotocomm.a

[948/1031] Building C object esp-idf/esp_hid/CMakeFiles/__idf_esp_hid.dir/src/esp_hidh.c.obj

[949/1031] Building C object esp-idf/esp_lcd/CMakeFiles/__idf_esp_lcd.dir/src/esp_lcd_panel_io.c.obj

[950/1031] Building C object esp-idf/esp_lcd/CMakeFiles/__idf_esp_lcd.dir/src/esp_lcd_panel_ops.c.obj

[951/1031] Building C object esp-idf/espcoredump/CMakeFiles/__idf_espcoredump.dir/src/core_dump_init.c.obj

[952/1031] Building C object esp-idf/esp_lcd/CMakeFiles/__idf_esp_lcd.dir/src/esp_lcd_panel_ssd1306.c.obj

[953/1031] Building C object esp-idf/esp_lcd/CMakeFiles/__idf_esp_lcd.dir/src/esp_lcd_panel_st7789.c.obj

[954/1031] Building C object esp-idf/esp_lcd/CMakeFiles/__idf_esp_lcd.dir/i2c/esp_lcd_panel_io_i2c_v1.c.obj

[955/1031] Building C object esp-idf/esp_lcd/CMakeFiles/__idf_esp_lcd.dir/src/esp_lcd_panel_nt35510.c.obj

[956/1031] Building C object esp-idf/esp_lcd/CMakeFiles/__idf_esp_lcd.dir/i2c/esp_lcd_panel_io_i2c_v2.c.obj

[957/1031] Building C object esp-idf/esp_local_ctrl/CMakeFiles/__idf_esp_local_ctrl.dir/proto-c/esp_local_ctrl.pb-c.c.obj

[958/1031] Building C object esp-idf/espcoredump/CMakeFiles/__idf_espcoredump.dir/src/core_dump_crc.c.obj

[959/1031] Building C object esp-idf/espcoredump/CMakeFiles/__idf_espcoredump.dir/src/core_dump_sha.c.obj

[960/1031] Building C object esp-idf/esp_local_ctrl/CMakeFiles/__idf_esp_local_ctrl.dir/src/esp_local_ctrl_transport_httpd.c.obj

[961/1031] Linking C static library esp-idf\wear_levelling\libwear_levelling.a

[962/1031] Building C object esp-idf/esp_local_ctrl/CMakeFiles/__idf_esp_local_ctrl.dir/src/esp_local_ctrl.c.obj

[963/1031] Building ASM object esp-idf/espcoredump/CMakeFiles/__idf_espcoredump.dir/src/port/xtensa/core_dump_stack_switch.S.obj

[964/1031] Building C object esp-idf/esp_lcd/CMakeFiles/__idf_esp_lcd.dir/spi/esp_lcd_panel_io_spi.c.obj

[965/1031] Building C object esp-idf/esp_local_ctrl/CMakeFiles/__idf_esp_local_ctrl.dir/src/esp_local_ctrl_handler.c.obj

[966/1031] Building C object esp-idf/esp_lcd/CMakeFiles/__idf_esp_lcd.dir/i80/esp_lcd_panel_io_i2s.c.obj

[967/1031] Building C object esp-idf/espcoredump/CMakeFiles/__idf_espcoredump.dir/src/core_dump_common.c.obj

[968/1031] Building C object esp-idf/espcoredump/CMakeFiles/__idf_espcoredump.dir/src/core_dump_uart.c.obj

[969/1031] Building C object esp-idf/espcoredump/CMakeFiles/__idf_espcoredump.dir/src/core_dump_elf.c.obj

[970/1031] Building C object esp-idf/espcoredump/CMakeFiles/__idf_espcoredump.dir/src/core_dump_flash.c.obj

[971/1031] Building C object esp-idf/espcoredump/CMakeFiles/__idf_espcoredump.dir/src/core_dump_binary.c.obj

[972/1031] Linking C static library esp-idf\json\libjson.a

[973/1031] Building C object esp-idf/espcoredump/CMakeFiles/__idf_espcoredump.dir/src/port/xtensa/core_dump_port.c.obj

[974/1031] Building C object esp-idf/fatfs/CMakeFiles/__idf_fatfs.dir/diskio/diskio.c.obj

[975/1031] Building C object esp-idf/fatfs/CMakeFiles/__idf_fatfs.dir/diskio/diskio_rawflash.c.obj

[976/1031] Building C object esp-idf/fatfs/CMakeFiles/__idf_fatfs.dir/diskio/diskio_wl.c.obj

[977/1031] Building C object esp-idf/fatfs/CMakeFiles/__idf_fatfs.dir/port/freertos/ffsystem.c.obj

[978/1031] Building C object esp-idf/fatfs/CMakeFiles/__idf_fatfs.dir/src/ffunicode.c.obj

[979/1031] Building C object esp-idf/fatfs/CMakeFiles/__idf_fatfs.dir/diskio/diskio_sdmmc.c.obj

[980/1031] Building C object esp-idf/nvs_sec_provider/CMakeFiles/__idf_nvs_sec_provider.dir/nvs_sec_provider.c.obj

[981/1031] Building C object esp-idf/perfmon/CMakeFiles/__idf_perfmon.dir/xtensa_perfmon_access.c.obj

[982/1031] Building C object esp-idf/perfmon/CMakeFiles/__idf_perfmon.dir/xtensa_perfmon_apis.c.obj

[983/1031] Building C object esp-idf/perfmon/CMakeFiles/__idf_perfmon.dir/xtensa_perfmon_masks.c.obj

[984/1031] Building C object esp-idf/fatfs/CMakeFiles/__idf_fatfs.dir/vfs/vfs_fat_spiflash.c.obj

[985/1031] Building C object esp-idf/fatfs/CMakeFiles/__idf_fatfs.dir/src/ff.c.obj

[986/1031] Building C object esp-idf/mqtt/CMakeFiles/__idf_mqtt.dir/esp-mqtt/lib/mqtt_outbox.c.obj

[987/1031] Building C object esp-idf/mqtt/CMakeFiles/__idf_mqtt.dir/esp-mqtt/lib/platform_esp32_idf.c.obj

[988/1031] Building C object esp-idf/fatfs/CMakeFiles/__idf_fatfs.dir/vfs/vfs_fat_sdmmc.c.obj

[989/1031] Building C object esp-idf/mqtt/CMakeFiles/__idf_mqtt.dir/esp-mqtt/lib/mqtt_msg.c.obj

[990/1031] Building C object esp-idf/wifi_provisioning/CMakeFiles/__idf_wifi_provisioning.dir/src/wifi_config.c.obj

[991/1031] Building C object esp-idf/wifi_provisioning/CMakeFiles/__idf_wifi_provisioning.dir/src/wifi_ctrl.c.obj

[992/1031] Building C object esp-idf/rt/CMakeFiles/__idf_rt.dir/FreeRTOS_POSIX_utils.c.obj

[993/1031] Linking C static library esp-idf\mesh_common\libmesh_common.a

[994/1031] Building C object esp-idf/fatfs/CMakeFiles/__idf_fatfs.dir/vfs/vfs_fat.c.obj

[995/1031] Building C object esp-idf/rt/CMakeFiles/__idf_rt.dir/FreeRTOS_POSIX_mqueue.c.obj

[996/1031] Linking C static library esp-idf\cmock\libcmock.a

[997/1031] Linking C static library esp-idf\app_trace\libapp_trace.a

[998/1031] Building C object esp-idf/wifi_provisioning/CMakeFiles/__idf_wifi_provisioning.dir/proto-c/wifi_config.pb-c.c.obj

[999/1031] Building C object esp-idf/wifi_provisioning/CMakeFiles/__idf_wifi_provisioning.dir/proto-c/wifi_constants.pb-c.c.obj

[1000/1031] Linking C static library esp-idf\esp_driver_cam\libesp_driver_cam.a

[1001/1031] Linking C static library esp-idf\esp_driver_touch_sens\libesp_driver_touch_sens.a

[1002/1031] Building C object esp-idf/wifi_provisioning/CMakeFiles/__idf_wifi_provisioning.dir/src/handlers.c.obj

[1003/1031] Linking C static library esp-idf\esp_hid\libesp_hid.a

[1004/1031] Building C object esp-idf/wifi_provisioning/CMakeFiles/__idf_wifi_provisioning.dir/src/wifi_scan.c.obj

[1005/1031] Building C object esp-idf/wifi_provisioning/CMakeFiles/__idf_wifi_provisioning.dir/src/scheme_console.c.obj

[1006/1031] Building C object esp-idf/wifi_provisioning/CMakeFiles/__idf_wifi_provisioning.dir/proto-c/wifi_ctrl.pb-c.c.obj

[1007/1031] Linking C static library esp-idf\esp_lcd\libesp_lcd.a

[1008/1031] Linking C static library esp-idf\esp_eth\libesp_eth.a

[1009/1031] Linking C static library esp-idf\esp_local_ctrl\libesp_local_ctrl.a

[1010/1031] Building C object esp-idf/wifi_provisioning/CMakeFiles/__idf_wifi_provisioning.dir/proto-c/wifi_scan.pb-c.c.obj

[1011/1031] Linking C static library esp-idf\nvs_sec_provider\libnvs_sec_provider.a

[1012/1031] Linking C static library esp-idf\espcoredump\libespcoredump.a

[1013/1031] Linking C static library esp-idf\fatfs\libfatfs.a

[1014/1031] Linking C static library esp-idf\perfmon\libperfmon.a

[1015/1031] Linking C static library esp-idf\rt\librt.a

[1016/1031] Building C object esp-idf/wifi_provisioning/CMakeFiles/__idf_wifi_provisioning.dir/src/scheme_softap.c.obj

[1017/1031] Building C object esp-idf/wifi_provisioning/CMakeFiles/__idf_wifi_provisioning.dir/src/manager.c.obj

[1018/1031] Building C object esp-idf/mqtt/CMakeFiles/__idf_mqtt.dir/esp-mqtt/mqtt_client.c.obj

[1019/1031] Building C object esp-idf/main/CMakeFiles/__idf_main.dir/blackhole_victim.c.obj

[1020/1031] Linking C static library esp-idf\wifi_provisioning\libwifi_provisioning.a

[1021/1031] Linking C static library esp-idf\mqtt\libmqtt.a

[1022/1031] Linking C static library esp-idf\main\libmain.a

[1023/1031] Performing configure step for 'bootloader'

-- Found Git: C:/Espressif/tools/idf-git/2.44.0/cmd/git.exe (found version "2.44.0.windows.1")
-- Minimal build - OFF
-- The C compiler identification is GNU 14.2.0
-- The CXX compiler identification is GNU 14.2.0
-- The ASM compiler identification is GNU
-- Found assembler: C:/Espressif/tools/xtensa-esp-elf/esp-14.2.0_20260121/xtensa-esp-elf/bin/xtensa-esp32-elf-gcc.exe
-- Detecting C compiler ABI info
-- Detecting C compiler ABI info - done
-- Check for working C compiler: C:/Espressif/tools/xtensa-esp-elf/esp-14.2.0_20260121/xtensa-esp-elf/bin/xtensa-esp32-elf-gcc.exe - skipped
-- Detecting C compile features
-- Detecting C compile features - done
-- Detecting CXX compiler ABI info
-- Detecting CXX compiler ABI info - done
-- Check for working CXX compiler: C:/Espressif/tools/xtensa-esp-elf/esp-14.2.0_20260121/xtensa-esp-elf/bin/xtensa-esp32-elf-g++.exe - skipped
-- Detecting CXX compile features
-- Detecting CXX compile features - done
-- Building ESP-IDF components for target esp32
-- ESP-TEE is currently supported only on the esp32c6;esp32h2;esp32c5 SoCs
-- Project sdkconfig file C:/Users/Angelo Calpoporo/CLionProjects/NIS16-ESP32-Environment/child_node/sdkconfig
-- Compiler supported targets: xtensa-esp-elf
-- Detecting C compiler ABI info
-- Detecting C compiler ABI info - done
-- Detecting CXX compiler ABI info
-- Detecting CXX compiler ABI info - done
-- Detecting C compiler ABI info
-- Detecting C compiler ABI info - done
-- Detecting CXX compiler ABI info
-- Detecting CXX compiler ABI info - done
-- Adding linker script C:/Espressif/frameworks/esp-idf-v5.5.4/components/soc/esp32/ld/esp32.peripherals.ld
-- Bootloader project name: "bootloader" version: 1
-- Adding linker script C:/Espressif/frameworks/esp-idf-v5.5.4/components/esp_rom/esp32/ld/esp32.rom.ld
-- Adding linker script C:/Espressif/frameworks/esp-idf-v5.5.4/components/esp_rom/esp32/ld/esp32.rom.api.ld
-- Adding linker script C:/Espressif/frameworks/esp-idf-v5.5.4/components/esp_rom/esp32/ld/esp32.rom.libgcc.ld
-- Adding linker script C:/Espressif/frameworks/esp-idf-v5.5.4/components/esp_rom/esp32/ld/esp32.rom.libc-funcs.ld
-- Adding linker script C:/Espressif/frameworks/esp-idf-v5.5.4/components/bootloader/subproject/main/ld/esp32/bootloader.rom.ld
-- Components: bootloader bootloader_support efuse esp_app_format esp_bootloader_format esp_common esp_hw_support esp_rom esp_security esp_system esptool_py freertos hal log main micro-ecc newlib partition_table soc spi_flash xtensa
-- Component paths: C:/Espressif/frameworks/esp-idf-v5.5.4/components/bootloader C:/Espressif/frameworks/esp-idf-v5.5.4/components/bootloader_support C:/Espressif/frameworks/esp-idf-v5.5.4/components/efuse C:/Espressif/frameworks/esp-idf-v5.5.4/components/esp_app_format C:/Espressif/frameworks/esp-idf-v5.5.4/components/esp_bootloader_format C:/Espressif/frameworks/esp-idf-v5.5.4/components/esp_common C:/Espressif/frameworks/esp-idf-v5.5.4/components/esp_hw_support C:/Espressif/frameworks/esp-idf-v5.5.4/components/esp_rom C:/Espressif/frameworks/esp-idf-v5.5.4/components/esp_security C:/Espressif/frameworks/esp-idf-v5.5.4/components/esp_system C:/Espressif/frameworks/esp-idf-v5.5.4/components/esptool_py C:/Espressif/frameworks/esp-idf-v5.5.4/components/freertos C:/Espressif/frameworks/esp-idf-v5.5.4/components/hal C:/Espressif/frameworks/esp-idf-v5.5.4/components/log C:/Espressif/frameworks/esp-idf-v5.5.4/components/bootloader/subproject/main C:/Espressif/frameworks/esp-idf-v5.5.4/components/bootloader/subproject/components/micro-ecc C:/Espressif/frameworks/esp-idf-v5.5.4/components/newlib C:/Espressif/frameworks/esp-idf-v5.5.4/components/partition_table C:/Espressif/frameworks/esp-idf-v5.5.4/components/soc C:/Espressif/frameworks/esp-idf-v5.5.4/components/spi_flash C:/Espressif/frameworks/esp-idf-v5.5.4/components/xtensa
-- Adding linker script C:/Espressif/frameworks/esp-idf-v5.5.4/components/bootloader/subproject/main/ld/esp32/bootloader.ld
-- Configuring done (36.1s)
-- Generating done (0.3s)
-- Build files have been written to: C:/Users/Angelo Calpoporo/CLionProjects/NIS16-ESP32-Environment/child_node/build_check_BLACKHOLE_attacker/bootloader

[1024/1031] Performing build step for 'bootloader'

[1/118] Building C object esp-idf/log/CMakeFiles/__idf_log.dir/src/log_timestamp_common.c.obj

[2/118] Building C object esp-idf/log/CMakeFiles/__idf_log.dir/src/noos/log_lock.c.obj

[3/118] Building C object esp-idf/log/CMakeFiles/__idf_log.dir/src/noos/log_timestamp.c.obj

[4/118] Building C object esp-idf/log/CMakeFiles/__idf_log.dir/src/noos/util.c.obj

[5/118] Building C object esp-idf/log/CMakeFiles/__idf_log.dir/src/util.c.obj

[6/118] Building ASM object esp-idf/esp_rom/CMakeFiles/__idf_esp_rom.dir/patches/esp_rom_longjmp.S.obj

[7/118] Building C object esp-idf/esp_rom/CMakeFiles/__idf_esp_rom.dir/patches/esp_rom_crc.c.obj

[8/118] Building C object esp-idf/log/CMakeFiles/__idf_log.dir/src/log_print.c.obj

[9/118] Building C object esp-idf/log/CMakeFiles/__idf_log.dir/src/log_format_text.c.obj

[10/118] Building C object esp-idf/log/CMakeFiles/__idf_log.dir/src/buffer/log_buffers.c.obj

[11/118] Building C object esp-idf/esp_rom/CMakeFiles/__idf_esp_rom.dir/patches/esp_rom_efuse.c.obj

[12/118] Building C object esp-idf/log/CMakeFiles/__idf_log.dir/src/log.c.obj

[13/118] Building C object esp-idf/esp_rom/CMakeFiles/__idf_esp_rom.dir/patches/esp_rom_sys.c.obj

[14/118] Building C object esp-idf/esp_rom/CMakeFiles/__idf_esp_rom.dir/patches/esp_rom_gpio.c.obj

[15/118] Building C object esp-idf/esp_rom/CMakeFiles/__idf_esp_rom.dir/patches/esp_rom_uart.c.obj

[16/118] Building C object esp-idf/esp_hw_support/CMakeFiles/__idf_esp_hw_support.dir/esp_memory_utils.c.obj

[17/118] Building C object esp-idf/esp_hw_support/CMakeFiles/__idf_esp_hw_support.dir/port/esp32/cpu_region_protect.c.obj

[18/118] Building C object esp-idf/esp_hw_support/CMakeFiles/__idf_esp_hw_support.dir/port/esp32/esp_cpu_intr.c.obj

[19/118] Building C object esp-idf/esp_common/CMakeFiles/__idf_esp_common.dir/src/esp_err_to_name.c.obj

[20/118] Building C object esp-idf/esp_rom/CMakeFiles/__idf_esp_rom.dir/patches/esp_rom_print.c.obj

[21/118] Building C object esp-idf/esp_hw_support/CMakeFiles/__idf_esp_hw_support.dir/cpu.c.obj

[22/118] Building C object esp-idf/esp_hw_support/CMakeFiles/__idf_esp_hw_support.dir/port/esp32/chip_info.c.obj

[23/118] Building C object esp-idf/efuse/CMakeFiles/__idf_efuse.dir/esp32/esp_efuse_table.c.obj

[24/118] Building C object esp-idf/esp_rom/CMakeFiles/__idf_esp_rom.dir/patches/esp_rom_spiflash.c.obj

[25/118] Building C object esp-idf/efuse/CMakeFiles/__idf_efuse.dir/esp32/esp_efuse_fields.c.obj

[26/118] Building C object esp-idf/esp_hw_support/CMakeFiles/__idf_esp_hw_support.dir/port/esp32/rtc_clk_init.c.obj

[27/118] Building C object esp-idf/esp_system/CMakeFiles/__idf_esp_system.dir/esp_err.c.obj

[28/118] Building C object esp-idf/esp_hw_support/CMakeFiles/__idf_esp_hw_support.dir/port/esp32/rtc_init.c.obj

[29/118] Building C object esp-idf/efuse/CMakeFiles/__idf_efuse.dir/src/esp_efuse_api.c.obj

[30/118] Building C object esp-idf/esp_hw_support/CMakeFiles/__idf_esp_hw_support.dir/port/esp32/rtc_time.c.obj

[31/118] Building C object esp-idf/efuse/CMakeFiles/__idf_efuse.dir/src/esp_efuse_fields.c.obj

[32/118] Building C object esp-idf/efuse/CMakeFiles/__idf_efuse.dir/src/efuse_controller/keys/without_key_purposes/three_key_blocks/esp_efuse_api_key.c.obj

[33/118] Building C object esp-idf/bootloader_support/CMakeFiles/__idf_bootloader_support.dir/src/bootloader_mem.c.obj

[34/118] Building C object esp-idf/esp_hw_support/CMakeFiles/__idf_esp_hw_support.dir/port/esp32/rtc_sleep.c.obj

[35/118] Building C object esp-idf/efuse/CMakeFiles/__idf_efuse.dir/esp32/esp_efuse_utility.c.obj

[36/118] Building C object esp-idf/esp_hw_support/CMakeFiles/__idf_esp_hw_support.dir/port/esp32/rtc_clk.c.obj

[37/118] Building C object esp-idf/efuse/CMakeFiles/__idf_efuse.dir/src/esp_efuse_utility.c.obj

[38/118] Building C object esp-idf/bootloader_support/CMakeFiles/__idf_bootloader_support.dir/src/bootloader_efuse.c.obj

[39/118] Building C object esp-idf/bootloader_support/CMakeFiles/__idf_bootloader_support.dir/src/bootloader_common.c.obj

[40/118] Building C object esp-idf/bootloader_support/CMakeFiles/__idf_bootloader_support.dir/src/bootloader_clock_init.c.obj

[41/118] Building C object esp-idf/bootloader_support/CMakeFiles/__idf_bootloader_support.dir/src/bootloader_random.c.obj

[42/118] Building C object esp-idf/bootloader_support/CMakeFiles/__idf_bootloader_support.dir/src/bootloader_random_esp32.c.obj

[43/118] Building C object esp-idf/bootloader_support/CMakeFiles/__idf_bootloader_support.dir/src/secure_boot.c.obj

[44/118] Building C object esp-idf/bootloader_support/CMakeFiles/__idf_bootloader_support.dir/src/bootloader_common_loader.c.obj

[45/118] Linking C static library esp-idf\log\liblog.a

[46/118] Building C object esp-idf/bootloader_support/CMakeFiles/__idf_bootloader_support.dir/src/flash_partitions.c.obj

[47/118] Building C object esp-idf/bootloader_support/CMakeFiles/__idf_bootloader_support.dir/bootloader_flash/src/flash_qio_mode.c.obj

[48/118] Building C object esp-idf/bootloader_support/CMakeFiles/__idf_bootloader_support.dir/src/flash_encrypt.c.obj

[49/118] Building C object esp-idf/bootloader_support/CMakeFiles/__idf_bootloader_support.dir/src/bootloader_clock_loader.c.obj

[50/118] Building C object esp-idf/bootloader_support/CMakeFiles/__idf_bootloader_support.dir/src/esp32/bootloader_soc.c.obj

[51/118] Building C object esp-idf/bootloader_support/CMakeFiles/__idf_bootloader_support.dir/bootloader_flash/src/bootloader_flash_config_esp32.c.obj

[52/118] Building C object esp-idf/bootloader_support/CMakeFiles/__idf_bootloader_support.dir/src/bootloader_sha.c.obj

[53/118] Building C object esp-idf/bootloader_support/CMakeFiles/__idf_bootloader_support.dir/src/bootloader_console_loader.c.obj

[54/118] Building C object esp-idf/bootloader_support/CMakeFiles/__idf_bootloader_support.dir/bootloader_flash/src/bootloader_flash.c.obj

[55/118] Building C object esp-idf/bootloader_support/CMakeFiles/__idf_bootloader_support.dir/src/bootloader_console.c.obj

[56/118] Building C object esp-idf/bootloader_support/CMakeFiles/__idf_bootloader_support.dir/src/bootloader_panic.c.obj

[57/118] Building C object esp-idf/bootloader_support/CMakeFiles/__idf_bootloader_support.dir/src/bootloader_init.c.obj

[58/118] Building C object esp-idf/esp_bootloader_format/CMakeFiles/__idf_esp_bootloader_format.dir/esp_bootloader_desc.c.obj

[59/118] Building C object esp-idf/hal/CMakeFiles/__idf_hal.dir/esp32/efuse_hal.c.obj

[60/118] Building C object esp-idf/hal/CMakeFiles/__idf_hal.dir/efuse_hal.c.obj

[61/118] Building C object esp-idf/hal/CMakeFiles/__idf_hal.dir/hal_utils.c.obj

[62/118] Building C object esp-idf/bootloader_support/CMakeFiles/__idf_bootloader_support.dir/src/esp32/bootloader_esp32.c.obj

[63/118] Building C object esp-idf/hal/CMakeFiles/__idf_hal.dir/mpu_hal.c.obj

[64/118] Building C object esp-idf/spi_flash/CMakeFiles/__idf_spi_flash.dir/spi_flash_wrap.c.obj

[65/118] Building C object esp-idf/bootloader_support/CMakeFiles/__idf_bootloader_support.dir/src/esp_image_format.c.obj

[66/118] Building C object esp-idf/bootloader_support/CMakeFiles/__idf_bootloader_support.dir/src/bootloader_utility.c.obj

[67/118] Building C object esp-idf/soc/CMakeFiles/__idf_soc.dir/dport_access_common.c.obj

[68/118] Building C object esp-idf/hal/CMakeFiles/__idf_hal.dir/esp32/cache_hal_esp32.c.obj

[69/118] Building C object esp-idf/soc/CMakeFiles/__idf_soc.dir/esp32/interrupts.c.obj

[70/118] Building C object esp-idf/soc/CMakeFiles/__idf_soc.dir/esp32/uart_periph.c.obj

[71/118] Building C object esp-idf/soc/CMakeFiles/__idf_soc.dir/esp32/gpio_periph.c.obj

[72/118] Linking C static library esp-idf\esp_rom\libesp_rom.a

[73/118] Building C object esp-idf/soc/CMakeFiles/__idf_soc.dir/esp32/dport_access.c.obj

[74/118] Building C object esp-idf/soc/CMakeFiles/__idf_soc.dir/lldesc.c.obj

[75/118] Building C object esp-idf/hal/CMakeFiles/__idf_hal.dir/mmu_hal.c.obj

[76/118] Building C object esp-idf/hal/CMakeFiles/__idf_hal.dir/wdt_hal_iram.c.obj

[77/118] Building C object esp-idf/soc/CMakeFiles/__idf_soc.dir/esp32/emac_periph.c.obj

[78/118] Building C object esp-idf/soc/CMakeFiles/__idf_soc.dir/esp32/pcnt_periph.c.obj

[79/118] Building C object esp-idf/soc/CMakeFiles/__idf_soc.dir/esp32/adc_periph.c.obj

[80/118] Building C object esp-idf/soc/CMakeFiles/__idf_soc.dir/esp32/spi_periph.c.obj

[81/118] Building C object esp-idf/soc/CMakeFiles/__idf_soc.dir/esp32/ledc_periph.c.obj

[82/118] Building C object esp-idf/soc/CMakeFiles/__idf_soc.dir/esp32/rmt_periph.c.obj

[83/118] Building C object esp-idf/soc/CMakeFiles/__idf_soc.dir/esp32/timer_periph.c.obj

[84/118] Building C object esp-idf/soc/CMakeFiles/__idf_soc.dir/esp32/i2s_periph.c.obj

[85/118] Building C object esp-idf/soc/CMakeFiles/__idf_soc.dir/esp32/sdm_periph.c.obj

[86/118] Building C object esp-idf/soc/CMakeFiles/__idf_soc.dir/esp32/lcd_periph.c.obj

[87/118] Building C object esp-idf/soc/CMakeFiles/__idf_soc.dir/esp32/i2c_periph.c.obj

[88/118] Building C object esp-idf/soc/CMakeFiles/__idf_soc.dir/esp32/mcpwm_periph.c.obj

[89/118] Building C object esp-idf/soc/CMakeFiles/__idf_soc.dir/esp32/touch_sensor_periph.c.obj

[90/118] Building C object esp-idf/soc/CMakeFiles/__idf_soc.dir/esp32/sdmmc_periph.c.obj

[91/118] Generating project_elf_src_esp32.c

[92/118] Building C object esp-idf/soc/CMakeFiles/__idf_soc.dir/esp32/dac_periph.c.obj

[93/118] Building C object esp-idf/soc/CMakeFiles/__idf_soc.dir/esp32/mpi_periph.c.obj

[94/118] Building C object esp-idf/soc/CMakeFiles/__idf_soc.dir/esp32/wdt_periph.c.obj

[95/118] Building C object esp-idf/main/CMakeFiles/__idf_main.dir/bootloader_start.c.obj

[96/118] Building C object esp-idf/soc/CMakeFiles/__idf_soc.dir/esp32/power_supply_periph.c.obj

[97/118] Building C object esp-idf/soc/CMakeFiles/__idf_soc.dir/esp32/sdio_slave_periph.c.obj

[98/118] Building C object CMakeFiles/bootloader.elf.dir/project_elf_src_esp32.c.obj

[99/118] Building C object esp-idf/xtensa/CMakeFiles/__idf_xtensa.dir/xt_trax.c.obj

[100/118] Building C object esp-idf/soc/CMakeFiles/__idf_soc.dir/esp32/twai_periph.c.obj

[101/118] Building C object esp-idf/xtensa/CMakeFiles/__idf_xtensa.dir/eri.c.obj

[102/118] Building C object esp-idf/soc/CMakeFiles/__idf_soc.dir/esp32/rtc_io_periph.c.obj

[103/118] Linking C static library esp-idf\esp_common\libesp_common.a

[104/118] Building C object esp-idf/micro-ecc/CMakeFiles/__idf_micro-ecc.dir/uECC_verify_antifault.c.obj

[105/118] Linking C static library esp-idf\esp_hw_support\libesp_hw_support.a

[106/118] Linking C static library esp-idf\esp_system\libesp_system.a

[107/118] Linking C static library esp-idf\efuse\libefuse.a

[108/118] Linking C static library esp-idf\bootloader_support\libbootloader_support.a

[109/118] Linking C static library esp-idf\esp_bootloader_format\libesp_bootloader_format.a

[110/118] Linking C static library esp-idf\spi_flash\libspi_flash.a

[111/118] Linking C static library esp-idf\hal\libhal.a

[112/118] Linking C static library esp-idf\micro-ecc\libmicro-ecc.a

[113/118] Linking C static library esp-idf\soc\libsoc.a

[114/118] Linking C static library esp-idf\xtensa\libxtensa.a

[115/118] Linking C static library esp-idf\main\libmain.a

[116/118] Linking C executable bootloader.elf

[117/118] Generating binary image from built executable

esptool.py v4.12.0


Creating esp32 image...


Merged 2 ELF sections


Successfully created esp32 image.


Generated C:/Users/Angelo Calpoporo/CLionProjects/NIS16-ESP32-Environment/child_node/build_check_BLACKHOLE_attacker/bootloader/bootloader.bin

[118/118] C:\WINDOWS\system32\cmd.exe /C "cd /D "C:\Users\Angelo Calpoporo\CLionProjects\NIS16-ESP32-Environment\child_node\build_check_BLACKHOLE_attacker\bootloader\esp-idf\esptool_py" && C:\Espressif\python_env\idf5.5_py3.11_env\Scripts\python.exe C:/Espressif/frameworks/esp-idf-v5.5.4/components/partition_table/check_sizes.py --offset 0x8000 bootloader 0x1000 "C:/Users/Angelo Calpoporo/CLionProjects/NIS16-ESP32-Environment/child_node/build_check_BLACKHOLE_attacker/bootloader/bootloader.bin""


Bootloader binary size 0x6630 bytes. 0x9d0 bytes (9%) free.



[1025/1031] No install step for 'bootloader'

[1026/1031] Completed 'bootloader'

[1027/1031] Generating esp-idf/esp_system/ld/sections.ld

[1028/1031] Building C object CMakeFiles/child_node.elf.dir/project_elf_src_esp32.c.obj

[1029/1031] Linking CXX executable child_node.elf

[1030/1031] Generating binary image from built executable

esptool.py v4.12.0


Creating esp32 image...


Merged 2 ELF sections


Successfully created esp32 image.


Generated C:/Users/Angelo Calpoporo/CLionProjects/NIS16-ESP32-Environment/child_node/build_check_BLACKHOLE_attacker/child_node.bin

[1031/1031] C:\WINDOWS\system32\cmd.exe /C "cd /D "C:\Users\Angelo Calpoporo\CLionProjects\NIS16-ESP32-Environment\child_node\build_check_BLACKHOLE_attacker\esp-idf\esptool_py" && C:\Espressif\python_env\idf5.5_py3.11_env\Scripts\python.exe C:/Espressif/frameworks/esp-idf-v5.5.4/components/partition_table/check_sizes.py --offset 0x8000 partition --type app "C:/Users/Angelo Calpoporo/CLionProjects/NIS16-ESP32-Environment/child_node/build_check_BLACKHOLE_attacker/partition_table/partition-table.bin" "C:/Users/Angelo Calpoporo/CLionProjects/NIS16-ESP32-Environment/child_node/build_check_BLACKHOLE_attacker/child_node.bin""

child_node.bin binary size 0xf1c80 bytes. Smallest app partition is 0x180000 bytes. 0x8e380 bytes (37%) free.




Project build complete. To flash, run:
 idf.py flash
or
 idf.py -p PORT flash
or
 python -m esptool --chip esp32 -b 460800 --before default_reset --after hard_reset write_flash --flash_mode dio --flash_size 4MB --flash_freq 40m 0x1000 build_check_BLACKHOLE_attacker\bootloader\bootloader.bin 0x8000 build_check_BLACKHOLE_attacker\partition_table\partition-table.bin 0xe000 build_check_BLACKHOLE_attacker\ota_data_initial.bin 0x10000 build_check_BLACKHOLE_attacker\child_node.bin
or from the "C:\Users\Angelo Calpoporo\CLionProjects\NIS16-ESP32-Environment\child_node\build_check_BLACKHOLE_attacker" directory
 python -m esptool --chip esp32 -b 460800 --before default_reset --after hard_reset write_flash "@flash_args"

