timestamp_us,node_id,role,layer,parent_mac,rssi_dbm,retry_count,tx_count,probes_count,phase_id,gt_label,recv_count,forward_count,drop_count
2846727,NODE_20500DE71C38,child,3,B4:BF:E9:32:FE:91,-76,0,0,0,255,255,0,0,0
2939799,NODE_20500DE71C38,child,3,B4:BF:E9:32:FE:91,-76,0,1,1,255,255,0,0,0
3039611,NODE_20500DE71C38,child,3,B4:BF:E9:32:FE:91,-77,0,1,1,255,255,0,0,0
3139603,NODE_20500DE71C38,child,3,B4:BF:E9:32:FE:91,-77,0,2,2,255,255,0,0,0
3239608,NODE_20500DE71C38,child,3,B4:BF:E9:32:FE:91,-77,0,2,2,255,255,0,0,0
3339611,NODE_20500DE71C38,child,3,B4:BF:E9:32:FE:91,-76,0,2,2,255,255,0,0,0
3439607,NODE_20500DE71C38,child,3,B4:BF:E9:32:FE:91,-76,0,3,3,255,255,0,0,0
3539612,NODE_20500DE71C38,child,3,B4:BF:E9:32:FE:91,-76,0,3,3,255,255,0,0,0
3639611,NODE_20500DE71C38,child,3,B4:BF:E9:32:FE:91,-76,0,4,4,255,255,0,0,0
3739607,NODE_20500DE71C38,child,3,B4:BF:E9:32:FE:91,-76,0,4,4,255,255,0,0,0
3839611,NODE_20500DE71C38,child,3,B4:BF:E9:32:FE:91,-76,0,4,4,255,255,0,0,0
3939611,NODE_20500DE71C38,child,3,B4:BF:E9:32:FE:91,-77,0,5,5,255,255,0,0,0
4039606,NODE_20500DE71C38,child,3,B4:BF:E9:32:FE:91,-77,0,5,5,255,255,0,0,0
4139608,NODE_20500DE71C38,child,3,B4:BF:E9:32:FE:91,-77,0,6,6,255,255,0,0,0
4239611,NODE_20500DE71C38,child,3,B4:BF:E9:32:FE:91,-76,0,6,6,255,255,0,0,0
4339603,NODE_20500DE71C38,child,3,B4:BF:E9:32:FE:91,-76,0,6,6,255,255,0,0,0
4439612,NODE_20500DE71C38,child,3,B4:BF:E9:32:FE:91,-76,0,7,7,255,255,0,0,0
4539611,NODE_20500DE71C38,child,3,B4:BF:E9:32:FE:91,-76,0,7,7,255,255,0,0,0
4639607,NODE_20500DE71C38,child,3,B4:BF:E9:32:FE:91,-76,0,8,8,255,255,0,0,0
4739611,NODE_20500DE71C38,child,3,B4:BF:E9:32:FE:91,-76,0,8,8,255,255,0,0,0
4839603,NODE_20500DE71C38,child,3,B4:BF:E9:32:FE:91,-76,0,8,8,255,255,0,0,0
4940382,NODE_20500DE71C38,child,3,B4:BF:E9:32:FE:91,-75,0,9,9,255,255,0,0,0
5039604,NODE_20500DE71C38,child,3,B4:BF:E9:32:FE:91,-75,0,9,9,255,255,0,0,0
5139607,NODE_20500DE71C38,child,3,B4:BF:E9:32:FE:91,-75,0,10,10,255,255,0,0,0
5239611,NODE_20500DE71C38,child,3,B4:BF:E9:32:FE:91,-76,0,10,10,255,255,0,0,0
5339608,NODE_20500DE71C38,child,3,B4:BF:E9:32:FE:91,-76,0,10,10,255,255,0,0,0
5439607,NODE_20500DE71C38,child,3,B4:BF:E9:32:FE:91,-76,0,11,11,255,255,0,0,0
5539613,NODE_20500DE71C38,child,3,B4:BF:E9:32:FE:91,-76,0,11,11,255,255,0,0,0
5639608,NODE_20500DE71C38,child,3,B4:BF:E9:32:FE:91,-76,0,12,12,255,255,0,0,0
5739611,NODE_20500DE71C38,child,3,B4:BF:E9:32:FE:91,-76,0,12,12,255,255,0,0,0
5839611,NODE_20500DE71C38,child,3,B4:BF:E9:32:FE:91,-76,0,12,12,255,255,0,0,0
5939608,NODE_20500DE71C38,child,3,B4:BF:E9:32:FE:91,-76,0,13,13,255,255,0,0,0
6039609,NODE_20500DE71C38,child,3,B4:BF:E9:32:FE:91,-76,0,13,13,255,255,0,0,0
6139607,NODE_20500DE71C38,child,3,B4:BF:E9:32:FE:91,-76,0,14,14,255,255,0,0,0
6239608,NODE_20500DE71C38,child,3,B4:BF:E9:32:FE:91,-76,0,14,14,255,255,0,0,0
6339611,NODE_20500DE71C38,child,3,B4:BF:E9:32:FE:91,-76,0,14,14,255,255,0,0,0
6439611,NODE_20500DE71C38,child,3,B4:BF:E9:32:FE:91,-76,0,15,15,255,255,0,0,0
6539604,NODE_20500DE71C38,child,3,B4:BF:E9:32:FE:91,-76,0,15,15,255,255,0,0,0
6639607,NODE_20500DE71C38,child,3,B4:BF:E9:32:FE:91,-76,0,16,16,255,255,0,0,0
6739613,NODE_20500DE71C38,child,3,B4:BF:E9:32:FE:91,-77,0,16,16,255,255,0,0,0
6839608,NODE_20500DE71C38,child,3,B4:BF:E9:32:FE:91,-77,0,16,16,255,255,0,0,0
6939611,NODE_20500DE71C38,child,3,B4:BF:E9:32:FE:91,-77,0,17,17,255,255,0,0,0
7039611,NODE_20500DE71C38,child,3,B4:BF:E9:32:FE:91,-77,0,17,17,255,255,0,0,0
7139608,NODE_20500DE71C38,child,3,B4:BF:E9:32:FE:91,-77,0,18,18,255,255,0,0,0
7239611,NODE_20500DE71C38,child,3,B4:BF:E9:32:FE:91,-77,0,18,18,255,255,0,0,0
7339613,NODE_20500DE71C38,child,3,B4:BF:E9:32:FE:91,-77,0,18,18,255,255,0,0,0
7439608,NODE_20500DE71C38,child,3,B4:BF:E9:32:FE:91,-77,0,19,19,255,255,0,0,0
7539611,NODE_20500DE71C38,child,3,B4:BF:E9:32:FE:91,-77,0,19,19,255,255,0,0,0
7639607,NODE_20500DE71C38,child,3,B4:BF:E9:32:FE:91,-76,0,20,20,255,255,0,0,0
7739608,NODE_20500DE71C38,child,3,B4:BF:E9:32:FE:91,-76,0,20,20,255,255,0,0,0
7839611,NODE_20500DE71C38,child,3,B4:BF:E9:32:FE:91,-76,0,20,20,255,255,0,0,0
7939611,NODE_20500DE71C38,child,3,B4:BF:E9:32:FE:91,-76,0,21,21,255,255,0,0,0
8039607,NODE_20500DE71C38,child,3,B4:BF:E9:32:FE:91,-76,0,21,21,255,255,0,0,0
8139607,NODE_20500DE71C38,child,3,B4:BF:E9:32:FE:91,-76,0,21,21,255,255,0,0,0
8239607,NODE_20500DE71C38,child,3,B4:BF:E9:32:FE:91,-76,0,22,22,255,255,0,0,0
8339615,NODE_20500DE71C38,child,3,B4:BF:E9:32:FE:91,-75,0,22,22,255,255,0,0,0
8439607,NODE_20500DE71C38,child,3,B4:BF:E9:32:FE:91,-75,0,22,22,255,255,0,0,0
8539607,NODE_20500DE71C38,child,3,B4:BF:E9:32:FE:91,-75,0,22,22,255,255,0,0,0
8639608,NODE_20500DE71C38,child,3,B4:BF:E9:32:FE:91,-75,0,23,23,255,255,0,0,0
8739607,NODE_20500DE71C38,child,3,B4:BF:E9:32:FE:91,-75,0,23,23,255,255,0,0,0
8839607,NODE_20500DE71C38,child,3,B4:BF:E9:32:FE:91,-75,0,23,23,255,255,0,0,0
8939608,NODE_20500DE71C38,child,3,B4:BF:E9:32:FE:91,-77,0,23,23,255,255,0,0,0
9039611,NODE_20500DE71C38,child,3,B4:BF:E9:32:FE:91,-77,0,23,23,255,255,0,0,0
9139603,NODE_20500DE71C38,child,3,B4:BF:E9:32:FE:91,-77,0,23,23,255,255,0,0,0
9239612,NODE_20500DE71C38,child,3,B4:BF:E9:32:FE:91,-77,0,23,23,255,255,0,0,0
9339603,NODE_20500DE71C38,child,3,B4:BF:E9:32:FE:91,-77,0,23,23,255,255,0,0,0
9439607,NODE_20500DE71C38,child,3,B4:BF:E9:32:FE:91,-77,0,23,23,255,255,0,0,0
9539615,NODE_20500DE71C38,child,3,B4:BF:E9:32:FE:91,-75,0,23,23,255,255,0,0,0
9639607,NODE_20500DE71C38,child,3,B4:BF:E9:32:FE:91,-75,0,23,23,255,255,0,0,0
9739611,NODE_20500DE71C38,child,3,B4:BF:E9:32:FE:91,-75,0,24,24,255,255,0,0,0
9839612,NODE_20500DE71C38,child,3,B4:BF:E9:32:FE:91,-76,0,24,24,255,255,0,0,0
9939607,NODE_20500DE71C38,child,3,B4:BF:E9:32:FE:91,-76,0,24,24,255,255,0,0,0
10039607,NODE_20500DE71C38,child,3,B4:BF:E9:32:FE:91,-76,0,24,24,255,255,0,0,0
10139615,NODE_20500DE71C38,child,3,B4:BF:E9:32:FE:91,-77,0,24,24,255,255,0,0,0
10239607,NODE_20500DE71C38,child,3,B4:BF:E9:32:FE:91,-77,0,25,25,255,255,0,0,0
10339607,NODE_20500DE71C38,child,3,B4:BF:E9:32:FE:91,-77,0,25,25,255,255,0,0,0
10439608,NODE_20500DE71C38,child,3,B4:BF:E9:32:FE:91,-81,0,25,25,255,255,0,0,0
10539603,NODE_20500DE71C38,child,3,B4:BF:E9:32:FE:91,-81,0,26,26,255,255,0,0,0
10639607,NODE_20500DE71C38,child,3,B4:BF:E9:32:FE:91,-81,0,26,26,255,255,0,0,0
10739615,NODE_20500DE71C38,child,3,B4:BF:E9:32:FE:91,-76,0,26,26,255,255,0,0,0
10839607,NODE_20500DE71C38,child,3,B4:BF:E9:32:FE:91,-76,0,26,26,255,255,0,0,0
10939611,NODE_20500DE71C38,child,3,B4:BF:E9:32:FE:91,-76,0,27,27,255,255,0,0,0
11039608,NODE_20500DE71C38,child,3,B4:BF:E9:32:FE:91,-76,0,27,27,255,255,0,0,0
11139607,NODE_20500DE71C38,child,3,B4:BF:E9:32:FE:91,-76,0,27,27,255,255,0,0,0
11239611,NODE_20500DE71C38,child,3,B4:BF:E9:32:FE:91,-76,0,27,27,255,255,0,0,0
11339611,NODE_20500DE71C38,child,3,B4:BF:E9:32:FE:91,-76,0,27,27,255,255,0,0,0
11439607,NODE_20500DE71C38,child,3,B4:BF:E9:32:FE:91,-76,0,27,27,255,255,0,0,0
11539607,NODE_20500DE71C38,child,3,B4:BF:E9:32:FE:91,-76,0,27,27,255,255,0,0,0
11639608,NODE_20500DE71C38,child,3,B4:BF:E9:32:FE:91,-76,0,28,28,255,255,0,0,0
11739607,NODE_20500DE71C38,child,3,B4:BF:E9:32:FE:91,-76,0,28,28,255,255,0,0,0
11839607,NODE_20500DE71C38,child,3,B4:BF:E9:32:FE:91,-76,0,28,28,255,255,0,0,0
11939608,NODE_20500DE71C38,child,3,B4:BF:E9:32:FE:91,-76,0,28,28,255,255,0,0,0
12039603,NODE_20500DE71C38,child,3,B4:BF:E9:32:FE:91,-76,0,28,28,255,255,0,0,0
12139607,NODE_20500DE71C38,child,3,B4:BF:E9:32:FE:91,-76,0,28,28,255,255,0,0,0
12239608,NODE_20500DE71C38,child,3,B4:BF:E9:32:FE:91,-76,0,28,28,255,255,0,0,0
12339617,NODE_20500DE71C38,child,3,B4:BF:E9:32:FE:91,-76,0,28,28,255,255,0,0,0
12439607,NODE_20500DE71C38,child,3,B4:BF:E9:32:FE:91,-76,0,29,29,255,255,0,0,0
12539619,NODE_20500DE71C38,child,3,B4:BF:E9:32:FE:91,-76,0,29,29,255,255,0,0,0
12639607,NODE_20500DE71C38,child,3,B4:BF:E9:32:FE:91,-76,0,29,29,255,255,0,0,0
12739607,NODE_20500DE71C38,child,3,B4:BF:E9:32:FE:91,-76,0,29,29,255,255,0,0,0
12839615,NODE_20500DE71C38,child,3,B4:BF:E9:32:FE:91,-76,0,29,29,255,255,0,0,0
12939607,NODE_20500DE71C38,child,3,B4:BF:E9:32:FE:91,-76,0,29,29,255,255,0,0,0
13039611,NODE_20500DE71C38,child,3,B4:BF:E9:32:FE:91,-76,0,29,29,255,255,0,0,0
13139604,NODE_20500DE71C38,child,3,B4:BF:E9:32:FE:91,-76,0,29,29,255,255,0,0,0
13239607,NODE_20500DE71C38,child,3,B4:BF:E9:32:FE:91,-78,0,29,29,255,255,0,0,0
13339607,NODE_20500DE71C38,child,3,B4:BF:E9:32:FE:91,-78,0,29,29,255,255,0,0,0
13439604,NODE_20500DE71C38,child,3,B4:BF:E9:32:FE:91,-78,0,30,30,255,255,0,0,0
13539613,NODE_20500DE71C38,child,3,B4:BF:E9:32:FE:91,-76,0,30,30,255,255,0,0,0
13639607,NODE_20500DE71C38,child,3,B4:BF:E9:32:FE:91,-76,0,30,30,255,255,0,0,0
13739608,NODE_20500DE71C38,child,3,B4:BF:E9:32:FE:91,-76,0,31,31,255,255,0,0,0
13839613,NODE_20500DE71C38,child,3,B4:BF:E9:32:FE:91,-77,0,31,31,255,255,0,0,0
13939607,NODE_20500DE71C38,child,3,B4:BF:E9:32:FE:91,-77,0,31,31,255,255,0,0,0
14039612,NODE_20500DE71C38,child,3,B4:BF:E9:32:FE:91,-77,0,31,31,255,255,0,0,0
14139611,NODE_20500DE71C38,child,3,B4:BF:E9:32:FE:91,-78,0,31,31,255,255,0,0,0
14239603,NODE_20500DE71C38,child,3,B4:BF:E9:32:FE:91,-78,0,32,32,255,255,0,0,0
14339608,NODE_20500DE71C38,child,3,B4:BF:E9:32:FE:91,-78,0,32,32,255,255,0,0,0
14439615,NODE_20500DE71C38,child,3,B4:BF:E9:32:FE:91,-77,0,32,32,255,255,0,0,0
14539607,NODE_20500DE71C38,child,3,B4:BF:E9:32:FE:91,-77,0,32,32,255,255,0,0,0
14639612,NODE_20500DE71C38,child,3,B4:BF:E9:32:FE:91,-77,0,32,32,255,255,0,0,0
14739607,NODE_20500DE71C38,child,3,B4:BF:E9:32:FE:91,-77,0,32,32,255,255,0,0,0
14839611,NODE_20500DE71C38,child,3,B4:BF:E9:32:FE:91,-77,0,32,32,255,255,0,0,0
14939608,NODE_20500DE71C38,child,3,B4:BF:E9:32:FE:91,-77,0,32,32,255,255,0,0,0
15039611,NODE_20500DE71C38,child,3,B4:BF:E9:32:FE:91,-76,0,32,32,255,255,0,0,0
15139603,NODE_20500DE71C38,child,3,B4:BF:E9:32:FE:91,-76,0,33,33,255,255,0,0,0
15239611,NODE_20500DE71C38,child,3,B4:BF:E9:32:FE:91,-76,0,33,33,255,255,0,0,0
15339607,NODE_20500DE71C38,child,3,B4:BF:E9:32:FE:91,-76,0,33,33,255,255,0,0,0
15439611,NODE_20500DE71C38,child,3,B4:BF:E9:32:FE:91,-78,0,33,33,255,255,0,0,0
15539612,NODE_20500DE71C38,child,3,B4:BF:E9:32:FE:91,-78,0,33,33,255,255,0,0,0
15639607,NODE_20500DE71C38,child,3,B4:BF:E9:32:FE:91,-78,0,34,34,255,255,0,0,0
15739607,NODE_20500DE71C38,child,3,B4:BF:E9:32:FE:91,-78,0,34,34,255,255,0,0,0
15839611,NODE_20500DE71C38,child,3,B4:BF:E9:32:FE:91,-78,0,34,34,255,255,0,0,0
15939607,NODE_20500DE71C38,child,3,B4:BF:E9:32:FE:91,-78,0,35,35,255,255,0,0,0
16039607,NODE_20500DE71C38,child,3,B4:BF:E9:32:FE:91,-78,0,35,35,255,255,0,0,0
16139604,NODE_20500DE71C38,child,3,B4:BF:E9:32:FE:91,-78,0,35,35,255,255,0,0,0
16239611,NODE_20500DE71C38,child,3,B4:BF:E9:32:FE:91,-76,0,36,36,255,255,0,0,0
16339607,NODE_20500DE71C38,child,3,B4:BF:E9:32:FE:91,-76,0,36,36,255,255,0,0,0
16439608,NODE_20500DE71C38,child,3,B4:BF:E9:32:FE:91,-76,0,36,36,255,255,0,0,0
16539611,NODE_20500DE71C38,child,3,B4:BF:E9:32:FE:91,-77,0,36,36,255,255,0,0,0
16639599,NODE_20500DE71C38,child,3,B4:BF:E9:32:FE:91,-77,0,37,37,255,255,0,0,0
16739608,NODE_20500DE71C38,child,3,B4:BF:E9:32:FE:91,-77,0,37,37,255,255,0,0,0
16839611,NODE_20500DE71C38,child,3,B4:BF:E9:32:FE:91,-77,0,38,38,255,255,0,0,0
16939599,NODE_20500DE71C38,child,3,B4:BF:E9:32:FE:91,-77,0,38,38,255,255,0,0,0
17039612,NODE_20500DE71C38,child,3,B4:BF:E9:32:FE:91,-77,0,38,38,255,255,0,0,0
17139607,NODE_20500DE71C38,child,3,B4:BF:E9:32:FE:91,-77,0,38,38,255,255,0,0,0
17239607,NODE_20500DE71C38,child,3,B4:BF:E9:32:FE:91,-77,0,38,38,255,255,0,0,0
17339612,NODE_20500DE71C38,child,3,B4:BF:E9:32:FE:91,-77,0,38,38,255,255,0,0,0
17439603,NODE_20500DE71C38,child,3,B4:BF:E9:32:FE:91,-77,0,38,38,255,255,0,0,0
17539611,NODE_20500DE71C38,child,3,B4:BF:E9:32:FE:91,-77,0,39,39,255,255,0,0,0
17639612,NODE_20500DE71C38,child,3,B4:BF:E9:32:FE:91,-77,0,39,39,255,255,0,0,0
17739607,NODE_20500DE71C38,child,3,B4:BF:E9:32:FE:91,-77,0,39,39,255,255,0,0,0
17839607,NODE_20500DE71C38,child,3,B4:BF:E9:32:FE:91,-77,0,39,39,255,255,0,0,0
17939608,NODE_20500DE71C38,child,3,B4:BF:E9:32:FE:91,-77,0,39,39,255,255,0,0,0
18039611,NODE_20500DE71C38,child,3,B4:BF:E9:32:FE:91,-77,0,39,39,255,255,0,0,0
18139611,NODE_20500DE71C38,child,3,B4:BF:E9:32:FE:91,-77,0,40,40,255,255,0,0,0
18239608,NODE_20500DE71C38,child,3,B4:BF:E9:32:FE:91,-77,0,40,40,255,255,0,0,0
18339607,NODE_20500DE71C38,child,3,B4:BF:E9:32:FE:91,-77,0,40,40,255,255,0,0,0
18439752,NODE_20500DE71C38,child,3,B4:BF:E9:32:FE:91,-76,0,40,40,255,255,0,0,0
18539607,NODE_20500DE71C38,child,3,B4:BF:E9:32:FE:91,-76,0,41,41,255,255,0,0,0
18639607,NODE_20500DE71C38,child,3,B4:BF:E9:32:FE:91,-76,0,41,41,255,255,0,0,0
18739611,NODE_20500DE71C38,child,3,B4:BF:E9:32:FE:91,-76,0,41,41,255,255,0,0,0
18839608,NODE_20500DE71C38,child,3,B4:BF:E9:32:FE:91,-76,0,41,41,255,255,0,0,0
18939607,NODE_20500DE71C38,child,3,B4:BF:E9:32:FE:91,-76,0,42,42,255,255,0,0,0
19039611,NODE_20500DE71C38,child,3,B4:BF:E9:32:FE:91,-77,0,42,42,255,255,0,0,0
19139608,NODE_20500DE71C38,child,3,B4:BF:E9:32:FE:91,-77,0,42,42,255,255,0,0,0
19239609,NODE_20500DE71C38,child,3,B4:BF:E9:32:FE:91,-77,0,42,42,255,255,0,0,0
19339611,NODE_20500DE71C38,child,3,B4:BF:E9:32:FE:91,-77,0,42,42,255,255,0,0,0
19439604,NODE_20500DE71C38,child,3,B4:BF:E9:32:FE:91,-77,0,42,42,255,255,0,0,0
19539611,NODE_20500DE71C38,child,3,B4:BF:E9:32:FE:91,-77,0,42,42,255,255,0,0,0
19639607,NODE_20500DE71C38,child,3,B4:BF:E9:32:FE:91,-77,0,42,42,255,255,0,0,0
19739608,NODE_20500DE71C38,child,3,B4:BF:E9:32:FE:91,-77,0,42,42,255,255,0,0,0
19839613,NODE_20500DE71C38,child,3,B4:BF:E9:32:FE:91,-77,0,43,43,255,255,0,0,0
19939603,NODE_20500DE71C38,child,3,B4:BF:E9:32:FE:91,-77,0,43,43,255,255,0,0,0
20039608,NODE_20500DE71C38,child,3,B4:BF:E9:32:FE:91,-77,0,43,43,255,255,0,0,0
20139611,NODE_20500DE71C38,child,3,B4:BF:E9:32:FE:91,-77,0,44,44,255,255,0,0,0
20239611,NODE_20500DE71C38,child,3,B4:BF:E9:32:FE:91,-77,0,44,44,255,255,0,0,0
20339608,NODE_20500DE71C38,child,3,B4:BF:E9:32:FE:91,-77,0,44,44,255,255,0,0,0
20439607,NODE_20500DE71C38,child,3,B4:BF:E9:32:FE:91,-77,0,44,44,255,255,0,0,0
20539611,NODE_20500DE71C38,child,3,B4:BF:E9:32:FE:91,-76,0,45,45,255,255,0,0,0
20639600,NODE_20500DE71C38,child,3,B4:BF:E9:32:FE:91,-76,0,45,45,255,255,0,0,0
20739611,NODE_20500DE71C38,child,3,B4:BF:E9:32:FE:91,-76,0,45,45,255,255,0,0,0
20839611,NODE_20500DE71C38,child,3,B4:BF:E9:32:FE:91,-77,0,46,46,255,255,0,0,0
20939600,NODE_20500DE71C38,child,3,B4:BF:E9:32:FE:91,-77,0,46,46,255,255,0,0,0
21039609,NODE_20500DE71C38,child,3,B4:BF:E9:32:FE:91,-77,0,46,46,255,255,0,0,0
21139607,NODE_20500DE71C38,child,3,B4:BF:E9:32:FE:91,-77,0,46,46,255,255,0,0,0
21239604,NODE_20500DE71C38,child,3,B4:BF:E9:32:FE:91,-77,0,47,47,255,255,0,0,0
21339607,NODE_20500DE71C38,child,3,B4:BF:E9:32:FE:91,-77,0,47,47,255,255,0,0,0
21439607,NODE_20500DE71C38,child,3,B4:BF:E9:32:FE:91,-77,0,47,47,255,255,0,0,0
21539608,NODE_20500DE71C38,child,3,B4:BF:E9:32:FE:91,-76,0,47,47,255,255,0,0,0
21639607,NODE_20500DE71C38,child,3,B4:BF:E9:32:FE:91,-76,0,48,48,255,255,0,0,0
21739606,NODE_20500DE71C38,child,3,B4:BF:E9:32:FE:91,-76,0,48,48,255,255,0,0,0
21839608,NODE_20500DE71C38,child,3,B4:BF:E9:32:FE:91,-77,0,48,48,255,255,0,0,0
21939607,NODE_20500DE71C38,child,3,B4:BF:E9:32:FE:91,-77,0,49,49,255,255,0,0,0
22039603,NODE_20500DE71C38,child,3,B4:BF:E9:32:FE:91,-77,0,49,49,255,255,0,0,0
22139608,NODE_20500DE71C38,child,3,B4:BF:E9:32:FE:91,-77,0,50,50,255,255,0,0,0
22239607,NODE_20500DE71C38,child,3,B4:BF:E9:32:FE:91,-77,0,50,50,255,255,0,0,0
22339607,NODE_20500DE71C38,child,3,B4:BF:E9:32:FE:91,-77,0,50,50,255,255,0,0,0
22439608,NODE_20500DE71C38,child,3,B4:BF:E9:32:FE:91,-76,0,50,50,255,255,0,0,0
22539611,NODE_20500DE71C38,child,3,B4:BF:E9:32:FE:91,-76,0,51,51,255,255,0,0,0
22639607,NODE_20500DE71C38,child,3,B4:BF:E9:32:FE:91,-76,0,51,51,255,255,0,0,0
22739615,NODE_20500DE71C38,child,3,B4:BF:E9:32:FE:91,-76,0,51,51,255,255,0,0,0
22839607,NODE_20500DE71C38,child,3,B4:BF:E9:32:FE:91,-76,0,51,51,255,255,0,0,0
22939603,NODE_20500DE71C38,child,3,B4:BF:E9:32:FE:91,-76,0,52,52,255,255,0,0,0
23039615,NODE_20500DE71C38,child,3,B4:BF:E9:32:FE:91,-75,0,52,52,255,255,0,0,0
23139607,NODE_20500DE71C38,child,3,B4:BF:E9:32:FE:91,-75,0,53,53,255,255,0,0,0
23239611,NODE_20500DE71C38,child,3,B4:BF:E9:32:FE:91,-75,0,53,53,255,255,0,0,0
23339612,NODE_20500DE71C38,child,3,B4:BF:E9:32:FE:91,-76,0,53,53,255,255,0,0,0
23439607,NODE_20500DE71C38,child,3,B4:BF:E9:32:FE:91,-76,0,54,54,255,255,0,0,0
23539611,NODE_20500DE71C38,child,3,B4:BF:E9:32:FE:91,-76,0,54,54,255,255,0,0,0
23639608,NODE_20500DE71C38,child,3,B4:BF:E9:32:FE:91,-76,0,54,54,255,255,0,0,0
23739607,NODE_20500DE71C38,child,3,B4:BF:E9:32:FE:91,-76,0,54,54,255,255,0,0,0
23839611,NODE_20500DE71C38,child,3,B4:BF:E9:32:FE:91,-76,0,54,54,255,255,0,0,0
23939615,NODE_20500DE71C38,child,3,B4:BF:E9:32:FE:91,-76,0,55,55,255,255,0,0,0
24039607,NODE_20500DE71C38,child,3,B4:BF:E9:32:FE:91,-76,0,55,55,255,255,0,0,0
24139603,NODE_20500DE71C38,child,3,B4:BF:E9:32:FE:91,-76,0,55,55,255,255,0,0,0
24239612,NODE_20500DE71C38,child,3,B4:BF:E9:32:FE:91,-74,0,56,56,255,255,0,0,0
24339603,NODE_20500DE71C38,child,3,B4:BF:E9:32:FE:91,-74,0,56,56,255,255,0,0,0
24439611,NODE_20500DE71C38,child,3,B4:BF:E9:32:FE:91,-74,0,56,56,255,255,0,0,0
24539608,NODE_20500DE71C38,child,3,B4:BF:E9:32:FE:91,-74,0,56,56,255,255,0,0,0
24639607,NODE_20500DE71C38,child,3,B4:BF:E9:32:FE:91,-74,0,56,56,255,255,0,0,0
24739611,NODE_20500DE71C38,child,3,B4:BF:E9:32:FE:91,-74,0,57,57,255,255,0,0,0
24839608,NODE_20500DE71C38,child,3,B4:BF:E9:32:FE:91,-74,0,57,57,255,255,0,0,0
24939607,NODE_20500DE71C38,child,3,B4:BF:E9:32:FE:91,-74,0,57,57,255,255,0,0,0
25039607,NODE_20500DE71C38,child,3,B4:BF:E9:32:FE:91,-74,0,57,57,255,255,0,0,0
25139611,NODE_20500DE71C38,child,3,B4:BF:E9:32:FE:91,-74,0,58,58,255,255,0,0,0
25239607,NODE_20500DE71C38,child,3,B4:BF:E9:32:FE:91,-74,0,58,58,255,255,0,0,0
25339611,NODE_20500DE71C38,child,3,B4:BF:E9:32:FE:91,-74,0,58,58,255,255,0,0,0
25439608,NODE_20500DE71C38,child,3,B4:BF:E9:32:FE:91,-74,0,58,58,255,255,0,0,0
25539607,NODE_20500DE71C38,child,3,B4:BF:E9:32:FE:91,-74,0,58,58,255,255,0,0,0
25639611,NODE_20500DE71C38,child,3,B4:BF:E9:32:FE:91,-74,0,59,59,255,255,0,0,0
25739608,NODE_20500DE71C38,child,3,B4:BF:E9:32:FE:91,-74,0,59,59,255,255,0,0,0
25839607,NODE_20500DE71C38,child,3,B4:BF:E9:32:FE:91,-77,0,59,59,255,255,0,0,0
25939611,NODE_20500DE71C38,child,3,B4:BF:E9:32:FE:91,-77,0,60,60,255,255,0,0,0
26039608,NODE_20500DE71C38,child,3,B4:BF:E9:32:FE:91,-77,0,60,60,255,255,0,0,0
26139603,NODE_20500DE71C38,child,3,B4:BF:E9:32:FE:91,-77,0,60,60,255,255,0,0,0
26239607,NODE_20500DE71C38,child,3,B4:BF:E9:32:FE:91,-75,0,60,60,255,255,0,0,0
26339608,NODE_20500DE71C38,child,3,B4:BF:E9:32:FE:91,-75,0,61,61,255,255,0,0,0
26439607,NODE_20500DE71C38,child,3,B4:BF:E9:32:FE:91,-75,0,61,61,255,255,0,0,0
26539607,NODE_20500DE71C38,child,3,B4:BF:E9:32:FE:91,-75,0,61,61,255,255,0,0,0
26639691,NODE_20500DE71C38,child,3,B4:BF:E9:32:FE:91,-76,0,61,61,255,255,0,0,0
26739607,NODE_20500DE71C38,child,3,B4:BF:E9:32:FE:91,-76,0,61,61,255,255,0,0,0
26839613,NODE_20500DE71C38,child,3,B4:BF:E9:32:FE:91,-76,0,61,61,255,255,0,0,0
26939608,NODE_20500DE71C38,child,3,B4:BF:E9:32:FE:91,-76,0,61,61,255,255,0,0,0
27039611,NODE_20500DE71C38,child,3,B4:BF:E9:32:FE:91,-75,0,62,62,255,255,0,0,0
27139603,NODE_20500DE71C38,child,3,B4:BF:E9:32:FE:91,-75,0,62,62,255,255,0,0,0
27239608,NODE_20500DE71C38,child,3,B4:BF:E9:32:FE:91,-75,0,62,62,255,255,0,0,0
27339613,NODE_20500DE71C38,child,3,B4:BF:E9:32:FE:91,-75,0,63,63,255,255,0,0,0
27439603,NODE_20500DE71C38,child,3,B4:BF:E9:32:FE:91,-75,0,63,63,255,255,0,0,0
27539608,NODE_20500DE71C38,child,3,B4:BF:E9:32:FE:91,-75,0,63,63,255,255,0,0,0
27639603,NODE_20500DE71C38,child,3,B4:BF:E9:32:FE:91,-75,0,63,63,255,255,0,0,0
27739613,NODE_20500DE71C38,child,3,B4:BF:E9:32:FE:91,-76,0,63,63,255,255,0,0,0
27839612,NODE_20500DE71C38,child,3,B4:BF:E9:32:FE:91,-76,0,64,64,255,255,0,0,0
27939607,NODE_20500DE71C38,child,3,B4:BF:E9:32:FE:91,-76,0,64,64,255,255,0,0,0
28039607,NODE_20500DE71C38,child,3,B4:BF:E9:32:FE:91,-76,0,65,65,255,255,0,0,0
28139608,NODE_20500DE71C38,child,3,B4:BF:E9:32:FE:91,-76,0,65,65,255,255,0,0,0
28239613,NODE_20500DE71C38,child,3,B4:BF:E9:32:FE:91,-76,0,65,65,255,255,0,0,0
28339607,NODE_20500DE71C38,child,3,B4:BF:E9:32:FE:91,-76,0,66,66,255,255,0,0,0
28439608,NODE_20500DE71C38,child,3,B4:BF:E9:32:FE:91,-76,0,66,66,255,255,0,0,0
28539607,NODE_20500DE71C38,child,3,B4:BF:E9:32:FE:91,-77,0,67,67,255,255,0,0,0
28639603,NODE_20500DE71C38,child,3,B4:BF:E9:32:FE:91,-77,0,67,67,255,255,0,0,0
28739612,NODE_20500DE71C38,child,3,B4:BF:E9:32:FE:91,-77,0,67,67,255,255,0,0,0
28839607,NODE_20500DE71C38,child,3,B4:BF:E9:32:FE:91,-77,0,68,68,255,255,0,0,0
28939603,NODE_20500DE71C38,child,3,B4:BF:E9:32:FE:91,-77,0,68,68,255,255,0,0,0
29039608,NODE_20500DE71C38,child,3,B4:BF:E9:32:FE:91,-77,0,69,69,255,255,0,0,0
29139613,NODE_20500DE71C38,child,3,B4:BF:E9:32:FE:91,-76,0,69,69,255,255,0,0,0
29239607,NODE_20500DE71C38,child,3,B4:BF:E9:32:FE:91,-76,0,69,69,255,255,0,0,0
29339612,NODE_20500DE71C38,child,3,B4:BF:E9:32:FE:91,-76,0,70,70,255,255,0,0,0
29439611,NODE_20500DE71C38,child,3,B4:BF:E9:32:FE:91,-77,0,70,70,255,255,0,0,0
29539607,NODE_20500DE71C38,child,3,B4:BF:E9:32:FE:91,-77,0,71,71,255,255,0,0,0
29639608,NODE_20500DE71C38,child,3,B4:BF:E9:32:FE:91,-77,0,71,71,255,255,0,0,0
29739613,NODE_20500DE71C38,child,3,B4:BF:E9:32:FE:91,-76,0,71,71,255,255,0,0,0
29839607,NODE_20500DE71C38,child,3,B4:BF:E9:32:FE:91,-76,0,72,72,255,255,0,0,0
29939608,NODE_20500DE71C38,child,3,B4:BF:E9:32:FE:91,-76,0,72,72,255,255,0,0,0
30039611,NODE_20500DE71C38,child,3,B4:BF:E9:32:FE:91,-75,0,73,73,255,255,0,0,0
30139603,NODE_20500DE71C38,child,3,B4:BF:E9:32:FE:91,-75,0,73,73,255,255,0,0,0
30239608,NODE_20500DE71C38,child,3,B4:BF:E9:32:FE:91,-75,0,73,73,255,255,0,0,0
30339607,NODE_20500DE71C38,child,3,B4:BF:E9:32:FE:91,-75,0,74,74,255,255,0,0,0
30439613,NODE_20500DE71C38,child,3,B4:BF:E9:32:FE:91,-77,0,74,74,255,255,0,0,0
30539608,NODE_20500DE71C38,child,3,B4:BF:E9:32:FE:91,-77,0,74,74,255,255,0,0,0
30639607,NODE_20500DE71C38,child,3,B4:BF:E9:32:FE:91,-77,0,75,75,255,255,0,0,0
30739611,NODE_20500DE71C38,child,3,B4:BF:E9:32:FE:91,-76,0,75,75,255,255,0,0,0
30839608,NODE_20500DE71C38,child,3,B4:BF:E9:32:FE:91,-76,0,76,76,255,255,0,0,0
30939607,NODE_20500DE71C38,child,3,B4:BF:E9:32:FE:91,-76,0,76,76,255,255,0,0,0
31039613,NODE_20500DE71C38,child,3,B4:BF:E9:32:FE:91,-76,0,76,76,255,255,0,0,0
31139608,NODE_20500DE71C38,child,3,B4:BF:E9:32:FE:91,-76,0,77,77,255,255,0,0,0
31239607,NODE_20500DE71C38,child,3,B4:BF:E9:32:FE:91,-76,0,77,77,255,255,0,0,0
31339607,NODE_20500DE71C38,child,3,B4:BF:E9:32:FE:91,-76,0,78,78,255,255,0,0,0
31439604,NODE_20500DE71C38,child,3,B4:BF:E9:32:FE:91,-76,0,78,78,255,255,0,0,0
31539607,NODE_20500DE71C38,child,3,B4:BF:E9:32:FE:91,-76,0,78,78,255,255,0,0,0
31639607,NODE_20500DE71C38,child,3,B4:BF:E9:32:FE:91,-77,0,79,79,255,255,0,0,0
31739604,NODE_20500DE71C38,child,3,B4:BF:E9:32:FE:91,-77,0,79,79,255,255,0,0,0
31839607,NODE_20500DE71C38,child,3,B4:BF:E9:32:FE:91,-77,0,80,80,255,255,0,0,0
31939611,NODE_20500DE71C38,child,3,B4:BF:E9:32:FE:91,-76,0,80,80,255,255,0,0,0
32039608,NODE_20500DE71C38,child,3,B4:BF:E9:32:FE:91,-76,0,80,80,255,255,0,0,0
32139603,NODE_20500DE71C38,child,3,B4:BF:E9:32:FE:91,-76,0,81,81,255,255,0,0,0
32239613,NODE_20500DE71C38,child,3,B4:BF:E9:32:FE:91,-76,0,81,81,255,255,0,0,0
32339608,NODE_20500DE71C38,child,3,B4:BF:E9:32:FE:91,-76,0,82,82,255,255,0,0,0
32439607,NODE_20500DE71C38,child,3,B4:BF:E9:32:FE:91,-76,0,82,82,255,255,0,0,0
32539611,NODE_20500DE71C38,child,3,B4:BF:E9:32:FE:91,-76,0,82,82,255,255,0,0,0
32639608,NODE_20500DE71C38,child,3,B4:BF:E9:32:FE:91,-76,0,83,83,255,255,0,0,0
32739607,NODE_20500DE71C38,child,3,B4:BF:E9:32:FE:91,-76,0,83,83,255,255,0,0,0
32839607,NODE_20500DE71C38,child,3,B4:BF:E9:32:FE:91,-77,0,84,84,255,255,0,0,0
32939604,NODE_20500DE71C38,child,3,B4:BF:E9:32:FE:91,-77,0,84,84,255,255,0,0,0
33039607,NODE_20500DE71C38,child,3,B4:BF:E9:32:FE:91,-77,0,84,84,255,255,0,0,0
33139611,NODE_20500DE71C38,child,3,B4:BF:E9:32:FE:91,-76,0,85,85,255,255,0,0,0
33239608,NODE_20500DE71C38,child,3,B4:BF:E9:32:FE:91,-76,0,85,85,255,255,0,0,0
33339607,NODE_20500DE71C38,child,3,B4:BF:E9:32:FE:91,-76,0,86,86,255,255,0,0,0
33439613,NODE_20500DE71C38,child,3,B4:BF:E9:32:FE:91,-76,0,86,86,255,255,0,0,0
33539608,NODE_20500DE71C38,child,3,B4:BF:E9:32:FE:91,-76,0,86,86,255,255,0,0,0
33639611,NODE_20500DE71C38,child,3,B4:BF:E9:32:FE:91,-76,0,87,87,255,255,0,0,0
33739607,NODE_20500DE71C38,child,3,B4:BF:E9:32:FE:91,-76,0,87,87,255,255,0,0,0
33839608,NODE_20500DE71C38,child,3,B4:BF:E9:32:FE:91,-76,0,88,88,255,255,0,0,0
33939607,NODE_20500DE71C38,child,3,B4:BF:E9:32:FE:91,-76,0,88,88,255,255,0,0,0
34039607,NODE_20500DE71C38,child,3,B4:BF:E9:32:FE:91,-76,0,88,88,255,255,0,0,0
34139608,NODE_20500DE71C38,child,3,B4:BF:E9:32:FE:91,-76,0,89,89,255,255,0,0,0
34239611,NODE_20500DE71C38,child,3,B4:BF:E9:32:FE:91,-76,0,89,89,255,255,0,0,0
34339607,NODE_20500DE71C38,child,3,B4:BF:E9:32:FE:91,-76,0,89,89,255,255,0,0,0
34439608,NODE_20500DE71C38,child,3,B4:BF:E9:32:FE:91,-76,0,90,90,255,255,0,0,0
34539607,NODE_20500DE71C38,child,3,B4:BF:E9:32:FE:91,-76,0,90,90,255,255,0,0,0
34639607,NODE_20500DE71C38,child,3,B4:BF:E9:32:FE:91,-76,0,91,91,255,255,0,0,0
34739604,NODE_20500DE71C38,child,3,B4:BF:E9:32:FE:91,-76,0,91,91,255,255,0,0,0
34840375,NODE_20500DE71C38,child,3,B4:BF:E9:32:FE:91,-76,0,91,91,255,255,0,0,0
34939607,NODE_20500DE71C38,child,3,B4:BF:E9:32:FE:91,-76,0,92,92,255,255,0,0,0
35039618,NODE_20500DE71C38,child,3,B4:BF:E9:32:FE:91,-76,0,92,92,255,255,0,0,0
35139607,NODE_20500DE71C38,child,3,B4:BF:E9:32:FE:91,-76,0,93,93,255,255,0,0,0
35239611,NODE_20500DE71C38,child,3,B4:BF:E9:32:FE:91,-76,0,93,93,255,255,0,0,0
35340379,NODE_20500DE71C38,child,3,B4:BF:E9:32:FE:91,-77,0,93,93,255,255,0,0,0
35439607,NODE_20500DE71C38,child,3,B4:BF:E9:32:FE:91,-77,0,94,94,255,255,0,0,0
35539607,NODE_20500DE71C38,child,3,B4:BF:E9:32:FE:91,-77,0,94,94,255,255,0,0,0
35639608,NODE_20500DE71C38,child,3,B4:BF:E9:32:FE:91,-76,0,95,95,255,255,0,0,0
35739603,NODE_20500DE71C38,child,3,B4:BF:E9:32:FE:91,-76,0,95,95,255,255,0,0,0
35840377,NODE_20500DE71C38,child,3,B4:BF:E9:32:FE:91,-76,0,95,95,255,255,0,0,0
35939618,NODE_20500DE71C38,child,3,B4:BF:E9:32:FE:91,-76,0,96,96,255,255,0,0,0
36039607,NODE_20500DE71C38,child,3,B4:BF:E9:32:FE:91,-76,0,96,96,255,255,0,0,0
36139603,NODE_20500DE71C38,child,3,B4:BF:E9:32:FE:91,-76,0,97,97,255,255,0,0,0
36239615,NODE_20500DE71C38,child,3,B4:BF:E9:32:FE:91,-76,0,97,97,255,255,0,0,0
36340380,NODE_20500DE71C38,child,3,B4:BF:E9:32:FE:91,-76,0,97,97,255,255,0,0,0
36439611,NODE_20500DE71C38,child,3,B4:BF:E9:32:FE:91,-76,0,98,98,255,255,0,0,0
36539612,NODE_20500DE71C38,child,3,B4:BF:E9:32:FE:91,-77,0,98,98,255,255,0,0,0
36639607,NODE_20500DE71C38,child,3,B4:BF:E9:32:FE:91,-77,0,99,99,255,255,0,0,0
36739611,NODE_20500DE71C38,child,3,B4:BF:E9:32:FE:91,-77,0,99,99,255,255,0,0,0
36840376,NODE_20500DE71C38,child,3,B4:BF:E9:32:FE:91,-77,0,99,99,255,255,0,0,0
36939611,NODE_20500DE71C38,child,3,B4:BF:E9:32:FE:91,-77,0,100,100,255,255,0,0,0
37039607,NODE_20500DE71C38,child,3,B4:BF:E9:32:FE:91,-77,0,100,100,255,255,0,0,0
37139615,NODE_20500DE71C38,child,3,B4:BF:E9:32:FE:91,-77,0,101,101,255,255,0,0,0
37239607,NODE_20500DE71C38,child,3,B4:BF:E9:32:FE:91,-77,0,101,101,255,255,0,0,0
37340373,NODE_20500DE71C38,child,3,B4:BF:E9:32:FE:91,-77,0,101,101,255,255,0,0,0
37439608,NODE_20500DE71C38,child,3,B4:BF:E9:32:FE:91,-77,0,102,102,255,255,0,0,0
37539603,NODE_20500DE71C38,child,3,B4:BF:E9:32:FE:91,-77,0,102,102,255,255,0,0,0
37639611,NODE_20500DE71C38,child,3,B4:BF:E9:32:FE:91,-77,0,103,103,255,255,0,0,0
37739615,NODE_20500DE71C38,child,3,B4:BF:E9:32:FE:91,-76,0,103,103,255,255,0,0,0
37840376,NODE_20500DE71C38,child,3,B4:BF:E9:32:FE:91,-76,0,103,103,255,255,0,0,0
37939611,NODE_20500DE71C38,child,3,B4:BF:E9:32:FE:91,-76,0,104,104,255,255,0,0,0
38039615,NODE_20500DE71C38,child,3,B4:BF:E9:32:FE:91,-76,0,104,104,255,255,0,0,0
38139607,NODE_20500DE71C38,child,3,B4:BF:E9:32:FE:91,-76,0,105,105,255,255,0,0,0
38239611,NODE_20500DE71C38,child,3,B4:BF:E9:32:FE:91,-76,0,105,105,255,255,0,0,0
38340376,NODE_20500DE71C38,child,3,B4:BF:E9:32:FE:91,-76,0,105,105,255,255,0,0,0
38439607,NODE_20500DE71C38,child,3,B4:BF:E9:32:FE:91,-76,0,106,106,255,255,0,0,0
38539613,NODE_20500DE71C38,child,3,B4:BF:E9:32:FE:91,-76,0,106,106,255,255,0,0,0
38639612,NODE_20500DE71C38,child,3,B4:BF:E9:32:FE:91,-76,0,107,107,255,255,0,0,0
38739796,NODE_20500DE71C38,child,3,B4:BF:E9:32:FE:91,-76,0,107,107,255,255,0,0,0
38840373,NODE_20500DE71C38,child,3,B4:BF:E9:32:FE:91,-76,0,107,107,255,255,0,0,0
38939608,NODE_20500DE71C38,child,3,B4:BF:E9:32:FE:91,-76,0,108,108,255,255,0,0,0
39039607,NODE_20500DE71C38,child,3,B4:BF:E9:32:FE:91,-77,0,108,108,255,255,0,0,0
39139607,NODE_20500DE71C38,child,3,B4:BF:E9:32:FE:91,-77,0,109,109,255,255,0,0,0
39239615,NODE_20500DE71C38,child,3,B4:BF:E9:32:FE:91,-77,0,109,109,255,255,0,0,0
39340376,NODE_20500DE71C38,child,3,B4:BF:E9:32:FE:91,-76,0,109,109,255,255,0,0,0
39439607,NODE_20500DE71C38,child,3,B4:BF:E9:32:FE:91,-76,0,110,110,255,255,0,0,0
39539608,NODE_20500DE71C38,child,3,B4:BF:E9:32:FE:91,-76,0,110,110,255,255,0,0,0
39639607,NODE_20500DE71C38,child,3,B4:BF:E9:32:FE:91,-76,0,111,111,255,255,0,0,0
39739609,NODE_20500DE71C38,child,3,B4:BF:E9:32:FE:91,-76,0,111,111,255,255,0,0,0
39840381,NODE_20500DE71C38,child,3,B4:BF:E9:32:FE:91,-76,0,111,111,255,255,0,0,0
39939611,NODE_20500DE71C38,child,3,B4:BF:E9:32:FE:91,-76,0,112,112,255,255,0,0,0
40039603,NODE_20500DE71C38,child,3,B4:BF:E9:32:FE:91,-76,0,112,112,255,255,0,0,0
40139608,NODE_20500DE71C38,child,3,B4:BF:E9:32:FE:91,-76,0,113,113,255,255,0,0,0
40239611,NODE_20500DE71C38,child,3,B4:BF:E9:32:FE:91,-76,0,113,113,255,255,0,0,0
40340376,NODE_20500DE71C38,child,3,B4:BF:E9:32:FE:91,-76,0,113,113,255,255,0,0,0
40439612,NODE_20500DE71C38,child,3,B4:BF:E9:32:FE:91,-76,0,114,114,255,255,0,0,0
40539613,NODE_20500DE71C38,child,3,B4:BF:E9:32:FE:91,-76,0,114,114,255,255,0,0,0
40639603,NODE_20500DE71C38,child,3,B4:BF:E9:32:FE:91,-76,0,115,115,255,255,0,0,0
40739612,NODE_20500DE71C38,child,3,B4:BF:E9:32:FE:91,-76,0,115,115,255,255,0,0,0
40840373,NODE_20500DE71C38,child,3,B4:BF:E9:32:FE:91,-76,0,115,115,255,255,0,0,0
40939607,NODE_20500DE71C38,child,3,B4:BF:E9:32:FE:91,-76,0,116,116,255,255,0,0,0
41039619,NODE_20500DE71C38,child,3,B4:BF:E9:32:FE:91,-76,0,116,116,255,255,0,0,0
41139607,NODE_20500DE71C38,child,3,B4:BF:E9:32:FE:91,-77,0,117,117,255,255,0,0,0
41239603,NODE_20500DE71C38,child,3,B4:BF:E9:32:FE:91,-77,0,117,117,255,255,0,0,0
41339608,NODE_20500DE71C38,child,3,B4:BF:E9:32:FE:91,-77,0,117,117,255,255,0,0,0
41439611,NODE_20500DE71C38,child,3,B4:BF:E9:32:FE:91,-77,0,118,118,255,255,0,0,0
41539603,NODE_20500DE71C38,child,3,B4:BF:E9:32:FE:91,-77,0,118,118,255,255,0,0,0
41639608,NODE_20500DE71C38,child,3,B4:BF:E9:32:FE:91,-77,0,119,119,255,255,0,0,0
41739611,NODE_20500DE71C38,child,3,B4:BF:E9:32:FE:91,-76,0,119,119,255,255,0,0,0
41839606,NODE_20500DE71C38,child,3,B4:BF:E9:32:FE:91,-76,0,119,119,255,255,0,0,0
41939612,NODE_20500DE71C38,child,3,B4:BF:E9:32:FE:91,-76,0,120,120,255,255,0,0,0
42039611,NODE_20500DE71C38,child,3,B4:BF:E9:32:FE:91,-76,0,120,120,255,255,0,0,0
42139607,NODE_20500DE71C38,child,3,B4:BF:E9:32:FE:91,-76,0,121,121,255,255,0,0,0
42239615,NODE_20500DE71C38,child,3,B4:BF:E9:32:FE:91,-76,0,121,121,255,255,0,0,0
42339617,NODE_20500DE71C38,child,3,B4:BF:E9:32:FE:91,-76,0,121,121,255,255,0,0,0
42439607,NODE_20500DE71C38,child,3,B4:BF:E9:32:FE:91,-76,0,122,122,255,255,0,0,0
42539608,NODE_20500DE71C38,child,3,B4:BF:E9:32:FE:91,-76,0,122,122,255,255,0,0,0
42639611,NODE_20500DE71C38,child,3,B4:BF:E9:32:FE:91,-77,0,123,123,255,255,0,0,0
42739603,NODE_20500DE71C38,child,3,B4:BF:E9:32:FE:91,-77,0,123,123,255,255,0,0,0
42839608,NODE_20500DE71C38,child,3,B4:BF:E9:32:FE:91,-77,0,123,123,255,255,0,0,0
42939611,NODE_20500DE71C38,child,3,B4:BF:E9:32:FE:91,-76,0,124,124,255,255,0,0,0
43039963,NODE_20500DE71C38,child,3,B4:BF:E9:32:FE:91,-76,0,124,124,255,255,0,0,0
43139612,NODE_20500DE71C38,child,3,B4:BF:E9:32:FE:91,-76,0,125,125,255,255,0,0,0
43239599,NODE_20500DE71C38,child,3,B4:BF:E9:32:FE:91,-76,0,125,125,255,255,0,0,0
43339611,NODE_20500DE71C38,child,3,B4:BF:E9:32:FE:91,-77,0,125,125,255,255,0,0,0
43439608,NODE_20500DE71C38,child,3,B4:BF:E9:32:FE:91,-77,0,126,126,255,255,0,0,0
43539607,NODE_20500DE71C38,child,3,B4:BF:E9:32:FE:91,-77,0,126,126,255,255,0,0,0
43639607,NODE_20500DE71C38,child,3,B4:BF:E9:32:FE:91,-76,0,127,127,255,255,0,0,0
43739604,NODE_20500DE71C38,child,3,B4:BF:E9:32:FE:91,-76,0,127,127,255,255,0,0,0
43839607,NODE_20500DE71C38,child,3,B4:BF:E9:32:FE:91,-76,0,127,127,255,255,0,0,0
43939611,NODE_20500DE71C38,child,3,B4:BF:E9:32:FE:91,-77,0,128,128,255,255,0,0,0
44039604,NODE_20500DE71C38,child,3,B4:BF:E9:32:FE:91,-77,0,128,128,255,255,0,0,0
44139607,NODE_20500DE71C38,child,3,B4:BF:E9:32:FE:91,-77,0,129,129,255,255,0,0,0
44239613,NODE_20500DE71C38,child,3,B4:BF:E9:32:FE:91,-76,0,129,129,255,255,0,0,0
44339604,NODE_20500DE71C38,child,3,B4:BF:E9:32:FE:91,-76,0,129,129,255,255,0,0,0
44439607,NODE_20500DE71C38,child,3,B4:BF:E9:32:FE:91,-76,0,130,130,255,255,0,0,0
44539611,NODE_20500DE71C38,child,3,B4:BF:E9:32:FE:91,-76,0,130,130,255,255,0,0,0
44639608,NODE_20500DE71C38,child,3,B4:BF:E9:32:FE:91,-76,0,131,131,255,255,0,0,0
44739607,NODE_20500DE71C38,child,3,B4:BF:E9:32:FE:91,-76,0,131,131,255,255,0,0,0
44839607,NODE_20500DE71C38,child,3,B4:BF:E9:32:FE:91,-76,0,131,131,255,255,0,0,0
44939615,NODE_20500DE71C38,child,3,B4:BF:E9:32:FE:91,-76,0,132,132,255,255,0,0,0
45039607,NODE_20500DE71C38,child,3,B4:BF:E9:32:FE:91,-76,0,132,132,255,255,0,0,0
45139607,NODE_20500DE71C38,child,3,B4:BF:E9:32:FE:91,-76,0,133,133,255,255,0,0,0
45239604,NODE_20500DE71C38,child,3,B4:BF:E9:32:FE:91,-76,0,133,133,255,255,0,0,0
45339607,NODE_20500DE71C38,child,3,B4:BF:E9:32:FE:91,-76,0,133,133,255,255,0,0,0
45439611,NODE_20500DE71C38,child,3,B4:BF:E9:32:FE:91,-77,0,134,134,255,255,0,0,0
45539611,NODE_20500DE71C38,child,3,B4:BF:E9:32:FE:91,-77,0,134,134,255,255,0,0,0
45639607,NODE_20500DE71C38,child,3,B4:BF:E9:32:FE:91,-77,0,135,135,255,255,0,0,0
45739607,NODE_20500DE71C38,child,3,B4:BF:E9:32:FE:91,-77,0,135,135,255,255,0,0,0
45839604,NODE_20500DE71C38,child,3,B4:BF:E9:32:FE:91,-77,0,135,135,255,255,0,0,0
45939611,NODE_20500DE71C38,child,3,B4:BF:E9:32:FE:91,-77,0,136,136,255,255,0,0,0
46039611,NODE_20500DE71C38,child,3,B4:BF:E9:32:FE:91,-77,0,136,136,255,255,0,0,0
46139608,NODE_20500DE71C38,child,3,B4:BF:E9:32:FE:91,-77,0,137,137,255,255,0,0,0
46239617,NODE_20500DE71C38,child,3,B4:BF:E9:32:FE:91,-77,0,137,137,255,255,0,0,0
46339613,NODE_20500DE71C38,child,3,B4:BF:E9:32:FE:91,-77,0,137,137,255,255,0,0,0
46439608,NODE_20500DE71C38,child,3,B4:BF:E9:32:FE:91,-77,0,138,138,255,255,0,0,0
46539607,NODE_20500DE71C38,child,3,B4:BF:E9:32:FE:91,-77,0,138,138,255,255,0,0,0
46639611,NODE_20500DE71C38,child,3,B4:BF:E9:32:FE:91,-76,0,139,139,255,255,0,0,0
46739604,NODE_20500DE71C38,child,3,B4:BF:E9:32:FE:91,-76,0,139,139,255,255,0,0,0
46839609,NODE_20500DE71C38,child,3,B4:BF:E9:32:FE:91,-76,0,139,139,255,255,0,0,0
46939611,NODE_20500DE71C38,child,3,B4:BF:E9:32:FE:91,-77,0,140,140,255,255,0,0,0
47039608,NODE_20500DE71C38,child,3,B4:BF:E9:32:FE:91,-77,0,140,140,255,255,0,0,0
47139611,NODE_20500DE71C38,child,3,B4:BF:E9:32:FE:91,-77,0,141,141,255,255,0,0,0
47239853,NODE_20500DE71C38,child,3,B4:BF:E9:32:FE:91,-76,0,141,141,255,255,0,0,0
47339611,NODE_20500DE71C38,child,3,B4:BF:E9:32:FE:91,-76,0,141,141,255,255,0,0,0
47439615,NODE_20500DE71C38,child,3,B4:BF:E9:32:FE:91,-76,0,142,142,255,255,0,0,0
47539599,NODE_20500DE71C38,child,3,B4:BF:E9:32:FE:91,-76,0,142,142,255,255,0,0,0
47639608,NODE_20500DE71C38,child,3,B4:BF:E9:32:FE:91,-77,0,143,143,255,255,0,0,0
47739603,NODE_20500DE71C38,child,3,B4:BF:E9:32:FE:91,-77,0,143,143,255,255,0,0,0
47839607,NODE_20500DE71C38,child,3,B4:BF:E9:32:FE:91,-77,0,143,143,255,255,0,0,0
47939611,NODE_20500DE71C38,child,3,B4:BF:E9:32:FE:91,-76,0,144,144,255,255,0,0,0
48039603,NODE_20500DE71C38,child,3,B4:BF:E9:32:FE:91,-76,0,144,144,255,255,0,0,0
48139607,NODE_20500DE71C38,child,3,B4:BF:E9:32:FE:91,-76,0,145,145,255,255,0,0,0
48239757,NODE_20500DE71C38,child,3,B4:BF:E9:32:FE:91,-76,0,145,145,255,255,0,0,0
48339603,NODE_20500DE71C38,child,3,B4:BF:E9:32:FE:91,-76,0,145,145,255,255,0,0,0
48439611,NODE_20500DE71C38,child,3,B4:BF:E9:32:FE:91,-76,0,146,146,255,255,0,0,0
48539612,NODE_20500DE71C38,child,3,B4:BF:E9:32:FE:91,-76,0,146,146,255,255,0,0,0
48639607,NODE_20500DE71C38,child,3,B4:BF:E9:32:FE:91,-76,0,147,147,255,255,0,0,0
48739607,NODE_20500DE71C38,child,3,B4:BF:E9:32:FE:91,-76,0,147,147,255,255,0,0,0
48839615,NODE_20500DE71C38,child,3,B4:BF:E9:32:FE:91,-76,0,147,147,255,255,0,0,0
48939611,NODE_20500DE71C38,child,3,B4:BF:E9:32:FE:91,-76,0,148,148,255,255,0,0,0
49039607,NODE_20500DE71C38,child,3,B4:BF:E9:32:FE:91,-76,0,148,148,255,255,0,0,0
49139608,NODE_20500DE71C38,child,3,B4:BF:E9:32:FE:91,-76,0,149,149,255,255,0,0,0
49239603,NODE_20500DE71C38,child,3,B4:BF:E9:32:FE:91,-76,0,149,149,255,255,0,0,0
49339611,NODE_20500DE71C38,child,3,B4:BF:E9:32:FE:91,-76,0,149,149,255,255,0,0,0
49439615,NODE_20500DE71C38,child,3,B4:BF:E9:32:FE:91,-76,0,150,150,255,255,0,0,0
49539603,NODE_20500DE71C38,child,3,B4:BF:E9:32:FE:91,-76,0,150,150,255,255,0,0,0
49639607,NODE_20500DE71C38,child,3,B4:BF:E9:32:FE:91,-76,0,151,151,255,255,0,0,0
49739612,NODE_20500DE71C38,child,3,B4:BF:E9:32:FE:91,-76,0,151,151,255,255,0,0,0
49839607,NODE_20500DE71C38,child,3,B4:BF:E9:32:FE:91,-76,0,151,151,255,255,0,0,0
49939611,NODE_20500DE71C38,child,3,B4:BF:E9:32:FE:91,-76,0,152,152,255,255,0,0,0
50039615,NODE_20500DE71C38,child,3,B4:BF:E9:32:FE:91,-77,0,152,152,255,255,0,0,0
50139607,NODE_20500DE71C38,child,3,B4:BF:E9:32:FE:91,-77,0,153,153,255,255,0,0,0
50239611,NODE_20500DE71C38,child,3,B4:BF:E9:32:FE:91,-77,0,153,153,255,255,0,0,0
50339615,NODE_20500DE71C38,child,3,B4:BF:E9:32:FE:91,-76,0,153,153,255,255,0,0,0
50439607,NODE_20500DE71C38,child,3,B4:BF:E9:32:FE:91,-76,0,154,154,255,255,0,0,0
50539613,NODE_20500DE71C38,child,3,B4:BF:E9:32:FE:91,-76,0,154,154,255,255,0,0,0
50639612,NODE_20500DE71C38,child,3,B4:BF:E9:32:FE:91,-76,0,155,155,255,255,0,0,0
50739603,NODE_20500DE71C38,child,3,B4:BF:E9:32:FE:91,-76,0,155,155,255,255,0,0,0
50839613,NODE_20500DE71C38,child,3,B4:BF:E9:32:FE:91,-76,0,155,155,255,255,0,0,0
50939612,NODE_20500DE71C38,child,3,B4:BF:E9:32:FE:91,-76,0,156,156,255,255,0,0,0
51039603,NODE_20500DE71C38,child,3,B4:BF:E9:32:FE:91,-76,0,156,156,255,255,0,0,0
51139607,NODE_20500DE71C38,child,3,B4:BF:E9:32:FE:91,-76,0,157,157,255,255,0,0,0
51239615,NODE_20500DE71C38,child,3,B4:BF:E9:32:FE:91,-75,0,157,157,255,255,0,0,0
51339603,NODE_20500DE71C38,child,3,B4:BF:E9:32:FE:91,-75,0,157,157,255,255,0,0,0
51439611,NODE_20500DE71C38,child,3,B4:BF:E9:32:FE:91,-75,0,158,158,255,255,0,0,0
51539789,NODE_20500DE71C38,child,3,B4:BF:E9:32:FE:91,-76,0,158,158,255,255,0,0,0
51639607,NODE_20500DE71C38,child,3,B4:BF:E9:32:FE:91,-76,0,159,159,255,255,0,0,0
51739613,NODE_20500DE71C38,child,3,B4:BF:E9:32:FE:91,-76,0,159,159,255,255,0,0,0
51839604,NODE_20500DE71C38,child,3,B4:BF:E9:32:FE:91,-76,0,159,159,255,255,0,0,0
51939607,NODE_20500DE71C38,child,3,B4:BF:E9:32:FE:91,-75,0,160,160,255,255,0,0,0
52039603,NODE_20500DE71C38,child,3,B4:BF:E9:32:FE:91,-75,0,160,160,255,255,0,0,0
52139608,NODE_20500DE71C38,child,3,B4:BF:E9:32:FE:91,-75,0,161,161,255,255,0,0,0
52239611,NODE_20500DE71C38,child,3,B4:BF:E9:32:FE:91,-76,0,161,161,255,255,0,0,0
52339603,NODE_20500DE71C38,child,3,B4:BF:E9:32:FE:91,-76,0,161,161,255,255,0,0,0
52439608,NODE_20500DE71C38,child,3,B4:BF:E9:32:FE:91,-76,0,162,162,255,255,0,0,0
52539613,NODE_20500DE71C38,child,3,B4:BF:E9:32:FE:91,-76,0,162,162,255,255,0,0,0
52639607,NODE_20500DE71C38,child,3,B4:BF:E9:32:FE:91,-76,0,163,163,255,255,0,0,0
52739608,NODE_20500DE71C38,child,3,B4:BF:E9:32:FE:91,-76,0,163,163,255,255,0,0,0
52839617,NODE_20500DE71C38,child,3,B4:BF:E9:32:FE:91,-75,0,163,163,255,255,0,0,0
52939607,NODE_20500DE71C38,child,3,B4:BF:E9:32:FE:91,-75,0,164,164,255,255,0,0,0
53039619,NODE_20500DE71C38,child,3,B4:BF:E9:32:FE:91,-75,0,164,164,255,255,0,0,0
53139607,NODE_20500DE71C38,child,3,B4:BF:E9:32:FE:91,-76,0,165,165,255,255,0,0,0
53239603,NODE_20500DE71C38,child,3,B4:BF:E9:32:FE:91,-76,0,165,165,255,255,0,0,0
53339608,NODE_20500DE71C38,child,3,B4:BF:E9:32:FE:91,-76,0,165,165,255,255,0,0,0
53439611,NODE_20500DE71C38,child,3,B4:BF:E9:32:FE:91,-75,0,166,166,255,255,0,0,0
53539603,NODE_20500DE71C38,child,3,B4:BF:E9:32:FE:91,-75,0,166,166,255,255,0,0,0
53639608,NODE_20500DE71C38,child,3,B4:BF:E9:32:FE:91,-75,0,167,167,255,255,0,0,0
53739611,NODE_20500DE71C38,child,3,B4:BF:E9:32:FE:91,-76,0,167,167,255,255,0,0,0
53839603,NODE_20500DE71C38,child,3,B4:BF:E9:32:FE:91,-76,0,167,167,255,255,0,0,0
53939612,NODE_20500DE71C38,child,3,B4:BF:E9:32:FE:91,-76,0,168,168,255,255,0,0,0
54039611,NODE_20500DE71C38,child,3,B4:BF:E9:32:FE:91,-75,0,168,168,255,255,0,0,0
54139607,NODE_20500DE71C38,child,3,B4:BF:E9:32:FE:91,-75,0,169,169,255,255,0,0,0
54239611,NODE_20500DE71C38,child,3,B4:BF:E9:32:FE:91,-75,0,169,169,255,255,0,0,0
54339617,NODE_20500DE71C38,child,3,B4:BF:E9:32:FE:91,-75,0,169,169,255,255,0,0,0
54439607,NODE_20500DE71C38,child,3,B4:BF:E9:32:FE:91,-75,0,170,170,255,255,0,0,0
54539608,NODE_20500DE71C38,child,3,B4:BF:E9:32:FE:91,-75,0,170,170,255,255,0,0,0
54639694,NODE_20500DE71C38,child,3,B4:BF:E9:32:FE:91,-75,0,170,170,255,255,0,0,0
54739611,NODE_20500DE71C38,child,3,B4:BF:E9:32:FE:91,-75,0,171,171,255,255,0,0,0
54839604,NODE_20500DE71C38,child,3,B4:BF:E9:32:FE:91,-75,0,171,171,255,255,0,0,0
54939611,NODE_20500DE71C38,child,3,B4:BF:E9:32:FE:91,-75,0,172,172,255,255,0,0,0
55039607,NODE_20500DE71C38,child,3,B4:BF:E9:32:FE:91,-75,0,172,172,255,255,0,0,0
55140371,NODE_20500DE71C38,child,3,B4:BF:E9:32:FE:91,-75,0,172,172,255,255,0,0,0
55239611,NODE_20500DE71C38,child,3,B4:BF:E9:32:FE:91,-75,0,173,173,255,255,0,0,0
55339613,NODE_20500DE71C38,child,4,B4:BF:E9:32:FE:91,-75,0,173,173,255,255,0,0,0
55439608,NODE_20500DE71C38,child,4,B4:BF:E9:32:FE:91,-75,0,174,174,255,255,0,0,0
55539617,NODE_20500DE71C38,child,4,B4:BF:E9:32:FE:91,-75,0,174,174,255,255,0,0,0
55640375,NODE_20500DE71C38,child,4,B4:BF:E9:32:FE:91,-76,0,174,174,255,255,0,0,0
55739608,NODE_20500DE71C38,child,4,B4:BF:E9:32:FE:91,-76,0,175,175,255,255,0,0,0
55840190,NODE_20500DE71C38,child,4,B4:BF:E9:32:FE:91,-76,0,175,175,255,255,0,0,0
55939611,NODE_20500DE71C38,child,4,B4:BF:E9:32:FE:91,-76,0,176,176,255,255,0,0,0
56039608,NODE_20500DE71C38,child,4,B4:BF:E9:32:FE:91,-76,0,176,176,255,255,0,0,0
56140376,NODE_20500DE71C38,child,4,B4:BF:E9:32:FE:91,-76,0,176,176,255,255,0,0,0
56239617,NODE_20500DE71C38,child,4,B4:BF:E9:32:FE:91,-75,0,177,177,255,255,0,0,0
56339604,NODE_20500DE71C38,child,4,B4:BF:E9:32:FE:91,-75,0,177,177,255,255,0,0,0
56439611,NODE_20500DE71C38,child,4,B4:BF:E9:32:FE:91,-75,0,178,178,255,255,0,0,0
56539611,NODE_20500DE71C38,child,4,B4:BF:E9:32:FE:91,-76,0,178,178,255,255,0,0,0
56640388,NODE_20500DE71C38,child,4,B4:BF:E9:32:FE:91,-76,0,178,178,255,255,0,0,0
56739611,NODE_20500DE71C38,child,4,B4:BF:E9:32:FE:91,-76,0,179,179,255,255,0,0,0
56839609,NODE_20500DE71C38,child,4,B4:BF:E9:32:FE:91,-75,0,179,179,255,255,0,0,0
56939608,NODE_20500DE71C38,child,4,B4:BF:E9:32:FE:91,-75,0,180,180,255,255,0,0,0
57039603,NODE_20500DE71C38,child,4,B4:BF:E9:32:FE:91,-75,0,180,180,255,255,0,0,0
57140369,NODE_20500DE71C38,child,4,B4:BF:E9:32:FE:91,-75,0,180,180,255,255,0,0,0
57239608,NODE_20500DE71C38,child,4,B4:BF:E9:32:FE:91,-75,0,181,181,255,255,0,0,0
57339607,NODE_20500DE71C38,child,4,B4:BF:E9:32:FE:91,-75,0,181,181,255,255,0,0,0
57439611,NODE_20500DE71C38,child,4,B4:BF:E9:32:FE:91,-76,0,182,182,255,255,0,0,0
57539608,NODE_20500DE71C38,child,4,B4:BF:E9:32:FE:91,-76,0,182,182,255,255,0,0,0
57639607,NODE_20500DE71C38,child,4,B4:BF:E9:32:FE:91,-76,0,182,182,255,255,0,0,0
57739613,NODE_20500DE71C38,child,4,B4:BF:E9:32:FE:91,-76,0,183,183,255,255,0,0,0
57839604,NODE_20500DE71C38,child,4,B4:BF:E9:32:FE:91,-76,0,183,183,255,255,0,0,0
57939611,NODE_20500DE71C38,child,4,B4:BF:E9:32:FE:91,-76,0,184,184,255,255,0,0,0
58039613,NODE_20500DE71C38,child,4,B4:BF:E9:32:FE:91,-76,0,184,184,255,255,0,0,0
58139604,NODE_20500DE71C38,child,4,B4:BF:E9:32:FE:91,-76,0,184,184,255,255,0,0,0
58239617,NODE_20500DE71C38,child,4,B4:BF:E9:32:FE:91,-76,0,185,185,255,255,0,0,0
58339611,NODE_20500DE71C38,child,4,B4:BF:E9:32:FE:91,-76,0,185,185,255,255,0,0,0
58439608,NODE_20500DE71C38,child,4,B4:BF:E9:32:FE:91,-76,0,186,186,255,255,0,0,0
58539607,NODE_20500DE71C38,child,4,B4:BF:E9:32:FE:91,-76,0,186,186,255,255,0,0,0
58639611,NODE_20500DE71C38,child,4,B4:BF:E9:32:FE:91,-76,0,186,186,255,255,0,0,0
58739608,NODE_20500DE71C38,child,4,B4:BF:E9:32:FE:91,-76,0,187,187,255,255,0,0,0
58839613,NODE_20500DE71C38,child,4,B4:BF:E9:32:FE:91,-76,0,187,187,255,255,0,0,0
58939611,NODE_20500DE71C38,child,4,B4:BF:E9:32:FE:91,-76,0,188,188,255,255,0,0,0
59039608,NODE_20500DE71C38,child,4,B4:BF:E9:32:FE:91,-76,0,188,188,255,255,0,0,0
59139607,NODE_20500DE71C38,child,4,B4:BF:E9:32:FE:91,-76,0,188,188,255,255,0,0,0
59239607,NODE_20500DE71C38,child,4,B4:BF:E9:32:FE:91,-76,0,189,189,255,255,0,0,0
59339611,NODE_20500DE71C38,child,4,B4:BF:E9:32:FE:91,-76,0,189,189,255,255,0,0,0
59439607,NODE_20500DE71C38,child,4,B4:BF:E9:32:FE:91,-76,0,190,190,255,255,0,0,0
59539615,NODE_20500DE71C38,child,4,B4:BF:E9:32:FE:91,-76,0,190,190,255,255,0,0,0
59639610,NODE_20500DE71C38,child,4,B4:BF:E9:32:FE:91,-78,0,190,190,255,255,0,0,0
59739607,NODE_20500DE71C38,child,4,B4:BF:E9:32:FE:91,-78,0,191,191,255,255,0,0,0
59839611,NODE_20500DE71C38,child,4,B4:BF:E9:32:FE:91,-78,0,191,191,255,255,0,0,0
59939608,NODE_20500DE71C38,child,4,B4:BF:E9:32:FE:91,-78,0,192,192,255,255,0,0,0
60039609,NODE_20500DE71C38,child,4,B4:BF:E9:32:FE:91,-78,0,192,192,255,255,0,0,0
60139607,NODE_20500DE71C38,child,4,B4:BF:E9:32:FE:91,-78,0,192,192,255,255,0,0,0
60239612,NODE_20500DE71C38,child,4,B4:BF:E9:32:FE:91,-77,0,193,193,255,255,0,0,0
60339603,NODE_20500DE71C38,child,4,B4:BF:E9:32:FE:91,-77,0,193,193,255,255,0,0,0
60439607,NODE_20500DE71C38,child,4,B4:BF:E9:32:FE:91,-77,0,194,194,255,255,0,0,0
60539612,NODE_20500DE71C38,child,4,B4:BF:E9:32:FE:91,-77,0,194,194,255,255,0,0,0
60639609,NODE_20500DE71C38,child,4,B4:BF:E9:32:FE:91,-77,0,194,194,255,255,0,0,0
60739611,NODE_20500DE71C38,child,4,B4:BF:E9:32:FE:91,-77,0,195,195,255,255,0,0,0
60839612,NODE_20500DE71C38,child,4,B4:BF:E9:32:FE:91,-76,0,195,195,255,255,0,0,0
60939607,NODE_20500DE71C38,child,4,B4:BF:E9:32:FE:91,-76,0,196,196,255,255,0,0,0
61039607,NODE_20500DE71C38,child,4,B4:BF:E9:32:FE:91,-76,0,196,196,255,255,0,0,0
61139612,NODE_20500DE71C38,child,4,B4:BF:E9:32:FE:91,-77,0,196,196,255,255,0,0,0
61239607,NODE_20500DE71C38,child,4,B4:BF:E9:32:FE:91,-77,0,197,197,255,255,0,0,0
61339617,NODE_20500DE71C38,child,4,B4:BF:E9:32:FE:91,-77,0,197,197,255,255,0,0,0
61439608,NODE_20500DE71C38,child,4,B4:BF:E9:32:FE:91,-78,0,198,198,255,255,0,0,0
61539603,NODE_20500DE71C38,child,4,B4:BF:E9:32:FE:91,-78,0,198,198,255,255,0,0,0
61639607,NODE_20500DE71C38,child,4,B4:BF:E9:32:FE:91,-78,0,198,198,255,255,0,0,0
61739612,NODE_20500DE71C38,child,4,B4:BF:E9:32:FE:91,-77,0,199,199,255,255,0,0,0
61839609,NODE_20500DE71C38,child,4,B4:BF:E9:32:FE:91,-77,0,199,199,255,255,0,0,0
61939607,NODE_20500DE71C38,child,4,B4:BF:E9:32:FE:91,-77,0,200,200,255,255,0,0,0
62039612,NODE_20500DE71C38,child,4,B4:BF:E9:32:FE:91,-77,0,200,200,255,255,0,0,0
62139607,NODE_20500DE71C38,child,4,B4:BF:E9:32:FE:91,-77,0,200,200,255,255,0,0,0
62239611,NODE_20500DE71C38,child,4,B4:BF:E9:32:FE:91,-77,0,201,201,255,255,0,0,0
62339612,NODE_20500DE71C38,child,4,B4:BF:E9:32:FE:91,-78,0,201,201,255,255,0,0,0
62439607,NODE_20500DE71C38,child,4,B4:BF:E9:32:FE:91,-78,0,202,202,255,255,0,0,0
62539613,NODE_20500DE71C38,child,4,B4:BF:E9:32:FE:91,-78,0,202,202,255,255,0,0,0
62639612,NODE_20500DE71C38,child,4,B4:BF:E9:32:FE:91,-76,0,202,202,255,255,0,0,0
62739607,NODE_20500DE71C38,child,4,B4:BF:E9:32:FE:91,-76,0,203,203,255,255,0,0,0
62839607,NODE_20500DE71C38,child,4,B4:BF:E9:32:FE:91,-76,0,203,203,255,255,0,0,0
62939612,NODE_20500DE71C38,child,4,B4:BF:E9:32:FE:91,-75,0,204,204,255,255,0,0,0
63039603,NODE_20500DE71C38,child,4,B4:BF:E9:32:FE:91,-75,0,204,204,255,255,0,0,0
63139607,NODE_20500DE71C38,child,4,B4:BF:E9:32:FE:91,-75,0,204,204,255,255,0,0,0
63239608,NODE_20500DE71C38,child,4,B4:BF:E9:32:FE:91,-75,0,205,205,255,255,0,0,0
63339603,NODE_20500DE71C38,child,4,B4:BF:E9:32:FE:91,-75,0,205,205,255,255,0,0,0
63439611,NODE_20500DE71C38,child,4,B4:BF:E9:32:FE:91,-75,0,206,206,255,255,0,0,0
63539608,NODE_20500DE71C38,child,4,B4:BF:E9:32:FE:91,-75,0,206,206,255,255,0,0,0
63639611,NODE_20500DE71C38,child,4,B4:BF:E9:32:FE:91,-78,0,206,206,255,255,0,0,0
63739607,NODE_20500DE71C38,child,4,B4:BF:E9:32:FE:91,-78,0,207,207,255,255,0,0,0
63839615,NODE_20500DE71C38,child,4,B4:BF:E9:32:FE:91,-78,0,207,207,255,255,0,0,0
63939607,NODE_20500DE71C38,child,4,B4:BF:E9:32:FE:91,-76,0,208,208,255,255,0,0,0
64039603,NODE_20500DE71C38,child,4,B4:BF:E9:32:FE:91,-76,0,208,208,255,255,0,0,0
64139612,NODE_20500DE71C38,child,4,B4:BF:E9:32:FE:91,-76,0,208,208,255,255,0,0,0
64239611,NODE_20500DE71C38,child,4,B4:BF:E9:32:FE:91,-75,0,209,209,255,255,0,0,0
64339603,NODE_20500DE71C38,child,4,B4:BF:E9:32:FE:91,-75,0,209,209,255,255,0,0,0
64439608,NODE_20500DE71C38,child,4,B4:BF:E9:32:FE:91,-75,0,210,210,255,255,0,0,0
64539613,NODE_20500DE71C38,child,4,B4:BF:E9:32:FE:91,-75,0,210,210,255,255,0,0,0
64639607,NODE_20500DE71C38,child,4,B4:BF:E9:32:FE:91,-75,0,210,210,255,255,0,0,0
64739612,NODE_20500DE71C38,child,4,B4:BF:E9:32:FE:91,-75,0,211,211,255,255,0,0,0
64839613,NODE_20500DE71C38,child,4,B4:BF:E9:32:FE:91,-76,0,211,211,255,255,0,0,0
64939607,NODE_20500DE71C38,child,4,B4:BF:E9:32:FE:91,-76,0,212,212,255,255,0,0,0
65039612,NODE_20500DE71C38,child,4,B4:BF:E9:32:FE:91,-76,0,212,212,255,255,0,0,0
65139613,NODE_20500DE71C38,child,4,B4:BF:E9:32:FE:91,-76,0,212,212,255,255,0,0,0
65239607,NODE_20500DE71C38,child,4,B4:BF:E9:32:FE:91,-76,0,213,213,255,255,0,0,0
65339608,NODE_20500DE71C38,child,4,B4:BF:E9:32:FE:91,-76,0,213,213,255,255,0,0,0
65439607,NODE_20500DE71C38,child,4,B4:BF:E9:32:FE:91,-77,0,214,214,255,255,0,0,0
65539603,NODE_20500DE71C38,child,4,B4:BF:E9:32:FE:91,-77,0,214,214,255,255,0,0,0
65639608,NODE_20500DE71C38,child,4,B4:BF:E9:32:FE:91,-77,0,214,214,255,255,0,0,0
65739613,NODE_20500DE71C38,child,4,B4:BF:E9:32:FE:91,-78,0,215,215,255,255,0,0,0
65839603,NODE_20500DE71C38,child,4,B4:BF:E9:32:FE:91,-78,0,215,215,255,255,0,0,0
65939608,NODE_20500DE71C38,child,4,B4:BF:E9:32:FE:91,-78,0,216,216,255,255,0,0,0
66039611,NODE_20500DE71C38,child,4,B4:BF:E9:32:FE:91,-77,0,216,216,255,255,0,0,0
66139603,NODE_20500DE71C38,child,4,B4:BF:E9:32:FE:91,-77,0,216,216,255,255,0,0,0
66239612,NODE_20500DE71C38,child,4,B4:BF:E9:32:FE:91,-77,0,217,217,255,255,0,0,0
66339613,NODE_20500DE71C38,child,4,B4:BF:E9:32:FE:91,-77,0,217,217,255,255,0,0,0
66439607,NODE_20500DE71C38,child,4,B4:BF:E9:32:FE:91,-77,0,218,218,255,255,0,0,0
66539608,NODE_20500DE71C38,child,4,B4:BF:E9:32:FE:91,-77,0,218,218,255,255,0,0,0
66639611,NODE_20500DE71C38,child,4,B4:BF:E9:32:FE:91,-77,0,218,218,255,255,0,0,0
66739607,NODE_20500DE71C38,child,4,B4:BF:E9:32:FE:91,-77,0,219,219,255,255,0,0,0
66839608,NODE_20500DE71C38,child,4,B4:BF:E9:32:FE:91,-77,0,219,219,255,255,0,0,0
66939611,NODE_20500DE71C38,child,4,B4:BF:E9:32:FE:91,-80,0,220,220,255,255,0,0,0
67039607,NODE_20500DE71C38,child,4,B4:BF:E9:32:FE:91,-80,0,220,220,255,255,0,0,0
67139608,NODE_20500DE71C38,child,4,B4:BF:E9:32:FE:91,-80,0,220,220,255,255,0,0,0
67239613,NODE_20500DE71C38,child,4,B4:BF:E9:32:FE:91,-78,0,221,221,255,255,0,0,0
67339603,NODE_20500DE71C38,child,4,B4:BF:E9:32:FE:91,-78,0,221,221,255,255,0,0,0
67439612,NODE_20500DE71C38,child,4,B4:BF:E9:32:FE:91,-78,0,222,222,255,255,0,0,0
67539611,NODE_20500DE71C38,child,4,B4:BF:E9:32:FE:91,-77,0,222,222,255,255,0,0,0
67639607,NODE_20500DE71C38,child,4,B4:BF:E9:32:FE:91,-77,0,222,222,255,255,0,0,0
67739612,NODE_20500DE71C38,child,4,B4:BF:E9:32:FE:91,-77,0,223,223,255,255,0,0,0
67839607,NODE_20500DE71C38,child,4,B4:BF:E9:32:FE:91,-77,0,223,223,255,255,0,0,0
67939607,NODE_20500DE71C38,child,4,B4:BF:E9:32:FE:91,-78,0,224,224,255,255,0,0,0
68039608,NODE_20500DE71C38,child,4,B4:BF:E9:32:FE:91,-78,0,224,224,255,255,0,0,0
68139607,NODE_20500DE71C38,child,4,B4:BF:E9:32:FE:91,-78,0,224,224,255,255,0,0,0
68239607,NODE_20500DE71C38,child,4,B4:BF:E9:32:FE:91,-76,0,225,225,255,255,0,0,0
68339604,NODE_20500DE71C38,child,4,B4:BF:E9:32:FE:91,-76,0,225,225,255,255,0,0,0
68439607,NODE_20500DE71C38,child,4,B4:BF:E9:32:FE:91,-76,0,226,226,255,255,0,0,0
68539613,NODE_20500DE71C38,child,4,B4:BF:E9:32:FE:91,-76,0,226,226,255,255,0,0,0
68639604,NODE_20500DE71C38,child,4,B4:BF:E9:32:FE:91,-76,0,226,226,255,255,0,0,0
68739611,NODE_20500DE71C38,child,4,B4:BF:E9:32:FE:91,-76,0,227,227,255,255,0,0,0
68839609,NODE_20500DE71C38,child,4,B4:BF:E9:32:FE:91,-75,0,227,227,255,255,0,0,0
68939608,NODE_20500DE71C38,child,4,B4:BF:E9:32:FE:91,-75,0,228,228,255,255,0,0,0
69039607,NODE_20500DE71C38,child,4,B4:BF:E9:32:FE:91,-75,0,228,228,255,255,0,0,0
69139608,NODE_20500DE71C38,child,4,B4:BF:E9:32:FE:91,-77,0,228,228,255,255,0,0,0
69239608,NODE_20500DE71C38,child,4,B4:BF:E9:32:FE:91,-77,0,229,229,255,255,0,0,0
69339607,NODE_20500DE71C38,child,4,B4:BF:E9:32:FE:91,-77,0,229,229,255,255,0,0,0
69439607,NODE_20500DE71C38,child,4,B4:BF:E9:32:FE:91,-78,0,230,230,255,255,0,0,0
69539608,NODE_20500DE71C38,child,4,B4:BF:E9:32:FE:91,-78,0,230,230,255,255,0,0,0
69639609,NODE_20500DE71C38,child,4,B4:BF:E9:32:FE:91,-78,0,230,230,255,255,0,0,0
69739611,NODE_20500DE71C38,child,4,B4:BF:E9:32:FE:91,-79,0,231,231,255,255,0,0,0
69839604,NODE_20500DE71C38,child,4,B4:BF:E9:32:FE:91,-79,0,231,231,255,255,0,0,0
69939607,NODE_20500DE71C38,child,4,B4:BF:E9:32:FE:91,-79,0,232,232,255,255,0,0,0
70039611,NODE_20500DE71C38,child,4,B4:BF:E9:32:FE:91,-79,0,232,232,255,255,0,0,0
70139604,NODE_20500DE71C38,child,4,B4:BF:E9:32:FE:91,-79,0,232,232,255,255,0,0,0
70239611,NODE_20500DE71C38,child,4,B4:BF:E9:32:FE:91,-79,0,233,233,255,255,0,0,0
70339611,NODE_20500DE71C38,child,4,B4:BF:E9:32:FE:91,-80,0,233,233,255,255,0,0,0
70439608,NODE_20500DE71C38,child,4,B4:BF:E9:32:FE:91,-80,0,234,234,255,255,0,0,0
70539607,NODE_20500DE71C38,child,4,B4:BF:E9:32:FE:91,-80,0,234,234,255,255,0,0,0
70639611,NODE_20500DE71C38,child,4,B4:BF:E9:32:FE:91,-79,0,234,234,255,255,0,0,0
70739608,NODE_20500DE71C38,child,4,B4:BF:E9:32:FE:91,-79,0,235,235,255,255,0,0,0
70839613,NODE_20500DE71C38,child,4,B4:BF:E9:32:FE:91,-79,0,235,235,255,255,0,0,0
70939611,NODE_20500DE71C38,child,4,B4:BF:E9:32:FE:91,-79,0,236,236,255,255,0,0,0
71039608,NODE_20500DE71C38,child,4,B4:BF:E9:32:FE:91,-79,0,236,236,255,255,0,0,0
71139607,NODE_20500DE71C38,child,4,B4:BF:E9:32:FE:91,-79,0,236,236,255,255,0,0,0
71239611,NODE_20500DE71C38,child,4,B4:BF:E9:32:FE:91,-75,0,237,237,255,255,0,0,0
71339611,NODE_20500DE71C38,child,4,B4:BF:E9:32:FE:91,-75,0,237,237,255,255,0,0,0
71439611,NODE_20500DE71C38,child,4,B4:BF:E9:32:FE:91,-75,0,238,238,255,255,0,0,0
71539611,NODE_20500DE71C38,child,4,B4:BF:E9:32:FE:91,-76,0,238,238,255,255,0,0,0
71639604,NODE_20500DE71C38,child,4,B4:BF:E9:32:FE:91,-76,0,238,238,255,255,0,0,0
71739611,NODE_20500DE71C38,child,4,B4:BF:E9:32:FE:91,-76,0,239,239,255,255,0,0,0
71839607,NODE_20500DE71C38,child,4,B4:BF:E9:32:FE:91,-76,0,239,239,255,255,0,0,0
71939608,NODE_20500DE71C38,child,4,B4:BF:E9:32:FE:91,-75,0,240,240,255,255,0,0,0
72040146,NODE_20500DE71C38,child,4,B4:BF:E9:32:FE:91,-75,0,240,240,255,255,0,0,0
72139607,NODE_20500DE71C38,child,4,B4:BF:E9:32:FE:91,-75,0,240,240,255,255,0,0,0
72239608,NODE_20500DE71C38,child,4,B4:BF:E9:32:FE:91,-76,0,241,241,255,255,0,0,0
72339603,NODE_20500DE71C38,child,4,B4:BF:E9:32:FE:91,-76,0,241,241,255,255,0,0,0
72439607,NODE_20500DE71C38,child,4,B4:BF:E9:32:FE:91,-76,0,242,242,255,255,0,0,0
72539612,NODE_20500DE71C38,child,4,B4:BF:E9:32:FE:91,-75,0,242,242,255,255,0,0,0
72639606,NODE_20500DE71C38,child,4,B4:BF:E9:32:FE:91,-75,0,242,242,255,255,0,0,0
72739611,NODE_20500DE71C38,child,4,B4:BF:E9:32:FE:91,-75,0,243,243,255,255,0,0,0
72839619,NODE_20500DE71C38,child,4,B4:BF:E9:32:FE:91,-77,0,243,243,255,255,0,0,0
72939607,NODE_20500DE71C38,child,4,B4:BF:E9:32:FE:91,-77,0,244,244,255,255,0,0,0
73039607,NODE_20500DE71C38,child,4,B4:BF:E9:32:FE:91,-77,0,244,244,255,255,0,0,0
73139612,NODE_20500DE71C38,child,4,B4:BF:E9:32:FE:91,-75,0,244,244,255,255,0,0,0
73239607,NODE_20500DE71C38,child,4,B4:BF:E9:32:FE:91,-75,0,245,245,255,255,0,0,0
73339613,NODE_20500DE71C38,child,4,B4:BF:E9:32:FE:91,-75,0,245,245,255,255,0,0,0
73439608,NODE_20500DE71C38,child,4,B4:BF:E9:32:FE:91,-76,0,246,246,255,255,0,0,0
73539603,NODE_20500DE71C38,child,4,B4:BF:E9:32:FE:91,-76,0,246,246,255,255,0,0,0
73639607,NODE_20500DE71C38,child,4,B4:BF:E9:32:FE:91,-76,0,246,246,255,255,0,0,0
73739612,NODE_20500DE71C38,child,4,B4:BF:E9:32:FE:91,-76,0,247,247,255,255,0,0,0
73839609,NODE_20500DE71C38,child,4,B4:BF:E9:32:FE:91,-76,0,247,247,255,255,0,0,0
73939607,NODE_20500DE71C38,child,4,B4:BF:E9:32:FE:91,-76,0,248,248,255,255,0,0,0
74039612,NODE_20500DE71C38,child,4,B4:BF:E9:32:FE:91,-77,0,248,248,255,255,0,0,0
74139603,NODE_20500DE71C38,child,4,B4:BF:E9:32:FE:91,-77,0,248,248,255,255,0,0,0
74239611,NODE_20500DE71C38,child,4,B4:BF:E9:32:FE:91,-77,0,249,249,255,255,0,0,0
74339612,NODE_20500DE71C38,child,4,B4:BF:E9:32:FE:91,-76,0,249,249,255,255,0,0,0
74439607,NODE_20500DE71C38,child,4,B4:BF:E9:32:FE:91,-76,0,250,250,255,255,0,0,0
74539611,NODE_20500DE71C38,child,4,B4:BF:E9:32:FE:91,-76,0,250,250,255,255,0,0,0
74639615,NODE_20500DE71C38,child,4,B4:BF:E9:32:FE:91,-76,0,250,250,255,255,0,0,0
74739607,NODE_20500DE71C38,child,4,B4:BF:E9:32:FE:91,-76,0,251,251,255,255,0,0,0
74839607,NODE_20500DE71C38,child,4,B4:BF:E9:32:FE:91,-76,0,251,251,255,255,0,0,0
74939615,NODE_20500DE71C38,child,4,B4:BF:E9:32:FE:91,-76,0,252,252,255,255,0,0,0
75039603,NODE_20500DE71C38,child,4,B4:BF:E9:32:FE:91,-76,0,252,252,255,255,0,0,0
75139607,NODE_20500DE71C38,child,4,B4:BF:E9:32:FE:91,-76,0,252,252,255,255,0,0,0
75239615,NODE_20500DE71C38,child,4,B4:BF:E9:32:FE:91,-77,0,253,253,255,255,0,0,0
75339603,NODE_20500DE71C38,child,4,B4:BF:E9:32:FE:91,-77,0,253,253,255,255,0,0,0
75439611,NODE_20500DE71C38,child,4,B4:BF:E9:32:FE:91,-77,0,254,254,255,255,0,0,0
75539612,NODE_20500DE71C38,child,4,B4:BF:E9:32:FE:91,-76,0,254,254,255,255,0,0,0
75639603,NODE_20500DE71C38,child,4,B4:BF:E9:32:FE:91,-76,0,254,254,255,255,0,0,0
75739611,NODE_20500DE71C38,child,4,B4:BF:E9:32:FE:91,-76,0,255,255,255,255,0,0,0
75839615,NODE_20500DE71C38,child,4,B4:BF:E9:32:FE:91,-75,0,255,255,255,255,0,0,0
75939726,NODE_20500DE71C38,child,4,B4:BF:E9:32:FE:91,-75,0,256,256,255,255,0,0,0
76039607,NODE_20500DE71C38,child,4,B4:BF:E9:32:FE:91,-75,0,256,256,255,255,0,0,0
76139613,NODE_20500DE71C38,child,4,B4:BF:E9:32:FE:91,-76,0,256,256,255,255,0,0,0
76239607,NODE_20500DE71C38,child,4,B4:BF:E9:32:FE:91,-76,0,257,257,255,255,0,0,0
76339603,NODE_20500DE71C38,child,4,B4:BF:E9:32:FE:91,-76,0,257,257,255,255,0,0,0
76439608,NODE_20500DE71C38,child,4,B4:BF:E9:32:FE:91,-76,0,258,258,255,255,0,0,0
76539607,NODE_20500DE71C38,child,4,B4:BF:E9:32:FE:91,-77,0,258,258,255,255,0,0,0
76639603,NODE_20500DE71C38,child,4,B4:BF:E9:32:FE:91,-77,0,258,258,255,255,0,0,0
76739608,NODE_20500DE71C38,child,4,B4:BF:E9:32:FE:91,-77,0,259,259,255,255,0,0,0
76839613,NODE_20500DE71C38,child,4,B4:BF:E9:32:FE:91,-76,0,259,259,255,255,0,0,0
76939607,NODE_20500DE71C38,child,4,B4:BF:E9:32:FE:91,-76,0,260,260,255,255,0,0,0
77039612,NODE_20500DE71C38,child,4,B4:BF:E9:32:FE:91,-76,0,260,260,255,255,0,0,0
77139613,NODE_20500DE71C38,child,4,B4:BF:E9:32:FE:91,-74,0,260,260,255,255,0,0,0
77239607,NODE_20500DE71C38,child,4,B4:BF:E9:32:FE:91,-74,0,261,261,255,255,0,0,0
77339608,NODE_20500DE71C38,child,4,B4:BF:E9:32:FE:91,-74,0,261,261,255,255,0,0,0
77439607,NODE_20500DE71C38,child,4,B4:BF:E9:32:FE:91,-75,0,262,262,255,255,0,0,0
77539603,NODE_20500DE71C38,child,4,B4:BF:E9:32:FE:91,-75,0,262,262,255,255,0,0,0
77639612,NODE_20500DE71C38,child,4,B4:BF:E9:32:FE:91,-75,0,262,262,255,255,0,0,0
77739613,NODE_20500DE71C38,child,4,B4:BF:E9:32:FE:91,-77,0,263,263,255,255,0,0,0
77839603,NODE_20500DE71C38,child,4,B4:BF:E9:32:FE:91,-77,0,263,263,255,255,0,0,0
77939608,NODE_20500DE71C38,child,4,B4:BF:E9:32:FE:91,-77,0,264,264,255,255,0,0,0
78039611,NODE_20500DE71C38,child,4,B4:BF:E9:32:FE:91,-75,0,264,264,255,255,0,0,0
78139603,NODE_20500DE71C38,child,4,B4:BF:E9:32:FE:91,-75,0,264,264,255,255,0,0,0
78239612,NODE_20500DE71C38,child,4,B4:BF:E9:32:FE:91,-75,0,265,265,255,255,0,0,0
78339613,NODE_20500DE71C38,child,4,B4:BF:E9:32:FE:91,-79,0,265,265,255,255,0,0,0
78439607,NODE_20500DE71C38,child,4,B4:BF:E9:32:FE:91,-79,0,266,266,255,255,0,0,0
78539608,NODE_20500DE71C38,child,4,B4:BF:E9:32:FE:91,-79,0,266,266,255,255,0,0,0
78639611,NODE_20500DE71C38,child,4,B4:BF:E9:32:FE:91,-77,0,266,266,255,255,0,0,0
78739607,NODE_20500DE71C38,child,4,B4:BF:E9:32:FE:91,-77,0,267,267,255,255,0,0,0
78839608,NODE_20500DE71C38,child,4,B4:BF:E9:32:FE:91,-77,0,267,267,255,255,0,0,0
78939611,NODE_20500DE71C38,child,4,B4:BF:E9:32:FE:91,-76,0,268,268,255,255,0,0,0
79039607,NODE_20500DE71C38,child,4,B4:BF:E9:32:FE:91,-76,0,268,268,255,255,0,0,0
79139608,NODE_20500DE71C38,child,4,B4:BF:E9:32:FE:91,-76,0,268,268,255,255,0,0,0
79239613,NODE_20500DE71C38,child,4,B4:BF:E9:32:FE:91,-75,0,269,269,255,255,0,0,0
79339603,NODE_20500DE71C38,child,4,B4:BF:E9:32:FE:91,-75,0,269,269,255,255,0,0,0
79439612,NODE_20500DE71C38,child,4,B4:BF:E9:32:FE:91,-75,0,270,270,255,255,0,0,0
79539611,NODE_20500DE71C38,child,4,B4:BF:E9:32:FE:91,-75,0,270,270,255,255,0,0,0
79639613,NODE_20500DE71C38,child,4,B4:BF:E9:32:FE:91,-75,0,270,270,255,255,0,0,0
79739612,NODE_20500DE71C38,child,4,B4:BF:E9:32:FE:91,-75,0,271,271,255,255,0,0,0
79839611,NODE_20500DE71C38,child,4,B4:BF:E9:32:FE:91,-76,0,271,271,255,255,0,0,0
79939607,NODE_20500DE71C38,child,4,B4:BF:E9:32:FE:91,-76,0,272,272,255,255,0,0,0
80039612,NODE_20500DE71C38,child,4,B4:BF:E9:32:FE:91,-76,0,272,272,255,255,0,0,0
80139611,NODE_20500DE71C38,child,4,B4:BF:E9:32:FE:91,-77,0,272,272,255,255,0,0,0
80239607,NODE_20500DE71C38,child,4,B4:BF:E9:32:FE:91,-77,0,273,273,255,255,0,0,0
80339608,NODE_20500DE71C38,child,4,B4:BF:E9:32:FE:91,-77,0,273,273,255,255,0,0,0
80439988,NODE_20500DE71C38,child,4,B4:BF:E9:32:FE:91,-78,0,274,274,255,255,0,0,0
80539603,NODE_20500DE71C38,child,4,B4:BF:E9:32:FE:91,-78,0,274,274,255,255,0,0,0
80639604,NODE_20500DE71C38,child,4,B4:BF:E9:32:FE:91,-78,0,274,274,255,255,0,0,0
80739607,NODE_20500DE71C38,child,4,B4:BF:E9:32:FE:91,-78,0,275,275,255,255,0,0,0
80839609,NODE_20500DE71C38,child,4,B4:BF:E9:32:FE:91,-78,0,275,275,255,255,0,0,0
80939608,NODE_20500DE71C38,child,4,B4:BF:E9:32:FE:91,-78,0,276,276,255,255,0,0,0
81039617,NODE_20500DE71C38,child,4,B4:BF:E9:32:FE:91,-78,0,276,276,255,255,0,0,0
81139611,NODE_20500DE71C38,child,4,B4:BF:E9:32:FE:91,-78,0,276,276,255,255,0,0,0
81239608,NODE_20500DE71C38,child,4,B4:BF:E9:32:FE:91,-78,0,277,277,255,255,0,0,0
81339611,NODE_20500DE71C38,child,4,B4:BF:E9:32:FE:91,-78,0,277,277,255,255,0,0,0
81439607,NODE_20500DE71C38,child,4,B4:BF:E9:32:FE:91,-76,0,278,278,255,255,0,0,0
81539608,NODE_20500DE71C38,child,4,B4:BF:E9:32:FE:91,-76,0,278,278,255,255,0,0,0
81639607,NODE_20500DE71C38,child,4,B4:BF:E9:32:FE:91,-76,0,278,278,255,255,0,0,0
81739613,NODE_20500DE71C38,child,4,B4:BF:E9:32:FE:91,-77,0,279,279,255,255,0,0,0
81839604,NODE_20500DE71C38,child,4,B4:BF:E9:32:FE:91,-77,0,279,279,255,255,0,0,0
81939607,NODE_20500DE71C38,child,4,B4:BF:E9:32:FE:91,-77,0,280,280,255,255,0,0,0
82039617,NODE_20500DE71C38,child,4,B4:BF:E9:32:FE:91,-77,0,280,280,255,255,0,0,0
82139604,NODE_20500DE71C38,child,4,B4:BF:E9:32:FE:91,-77,0,280,280,255,255,0,0,0
82239611,NODE_20500DE71C38,child,4,B4:BF:E9:32:FE:91,-77,0,281,281,255,255,0,0,0
82339613,NODE_20500DE71C38,child,4,B4:BF:E9:32:FE:91,-76,0,281,281,255,255,0,0,0
82439608,NODE_20500DE71C38,child,4,B4:BF:E9:32:FE:91,-76,0,282,282,255,255,0,0,0
82539607,NODE_20500DE71C38,child,4,B4:BF:E9:32:FE:91,-76,0,282,282,255,255,0,0,0
82639611,NODE_20500DE71C38,child,4,B4:BF:E9:32:FE:91,-77,0,282,282,255,255,0,0,0
82739608,NODE_20500DE71C38,child,4,B4:BF:E9:32:FE:91,-77,0,283,283,255,255,0,0,0
82839607,NODE_20500DE71C38,child,4,B4:BF:E9:32:FE:91,-77,0,283,283,255,255,0,0,0
82939607,NODE_20500DE71C38,child,4,B4:BF:E9:32:FE:91,-77,0,284,284,255,255,0,0,0
83039608,NODE_20500DE71C38,child,4,B4:BF:E9:32:FE:91,-77,0,284,284,255,255,0,0,0
83139608,NODE_20500DE71C38,child,4,B4:BF:E9:32:FE:91,-77,0,284,284,255,255,0,0,0
83239613,NODE_20500DE71C38,child,4,B4:BF:E9:32:FE:91,-79,0,285,285,255,255,0,0,0
83339608,NODE_20500DE71C38,child,4,B4:BF:E9:32:FE:91,-79,0,285,285,255,255,0,0,0
83439611,NODE_20500DE71C38,child,4,B4:BF:E9:32:FE:91,-79,0,286,286,255,255,0,0,0
83539613,NODE_20500DE71C38,child,4,B4:BF:E9:32:FE:91,-81,0,286,286,255,255,0,0,0
83639604,NODE_20500DE71C38,child,4,B4:BF:E9:32:FE:91,-81,0,286,286,255,255,0,0,0
83739611,NODE_20500DE71C38,child,4,B4:BF:E9:32:FE:91,-81,0,287,287,255,255,0,0,0
83839611,NODE_20500DE71C38,child,4,B4:BF:E9:32:FE:91,-81,0,287,287,255,255,0,0,0
83939608,NODE_20500DE71C38,child,4,B4:BF:E9:32:FE:91,-81,0,288,288,255,255,0,0,0
84039611,NODE_20500DE71C38,child,4,B4:BF:E9:32:FE:91,-81,0,288,288,255,255,0,0,0
84139607,NODE_20500DE71C38,child,4,B4:BF:E9:32:FE:91,-81,0,288,288,255,255,0,0,0
84239608,NODE_20500DE71C38,child,4,B4:BF:E9:32:FE:91,-81,0,289,289,255,255,0,0,0
84339607,NODE_20500DE71C38,child,4,B4:BF:E9:32:FE:91,-81,0,289,289,255,255,0,0,0
84439613,NODE_20500DE71C38,child,4,B4:BF:E9:32:FE:91,-78,0,290,290,255,255,0,0,0
84539604,NODE_20500DE71C38,child,4,B4:BF:E9:32:FE:91,-78,0,290,290,255,255,0,0,0
84639613,NODE_20500DE71C38,child,4,B4:BF:E9:32:FE:91,-78,0,290,290,255,255,0,0,0
84740384,NODE_20500DE71C38,child,4,B4:BF:E9:32:FE:91,-76,0,291,291,255,255,0,0,0
84839612,NODE_20500DE71C38,child,4,B4:BF:E9:32:FE:91,-76,0,291,291,255,255,0,0,0
84939607,NODE_20500DE71C38,child,4,B4:BF:E9:32:FE:91,-76,0,292,292,255,255,0,0,0
85039611,NODE_20500DE71C38,child,4,B4:BF:E9:32:FE:91,-76,0,292,292,255,255,0,0,0
85139612,NODE_20500DE71C38,child,4,B4:BF:E9:32:FE:91,-76,0,292,292,255,255,0,0,0
85239607,NODE_20500DE71C38,child,4,B4:BF:E9:32:FE:91,-76,0,293,293,255,255,0,0,0
85339613,NODE_20500DE71C38,child,4,B4:BF:E9:32:FE:91,-76,0,293,293,255,255,0,0,0
85439608,NODE_20500DE71C38,child,4,B4:BF:E9:32:FE:91,-79,0,294,294,255,255,0,0,0
85539603,NODE_20500DE71C38,child,4,B4:BF:E9:32:FE:91,-79,0,294,294,255,255,0,0,0
85639607,NODE_20500DE71C38,child,4,B4:BF:E9:32:FE:91,-79,0,294,294,255,255,0,0,0
85739612,NODE_20500DE71C38,child,4,B4:BF:E9:32:FE:91,-77,0,295,295,255,255,0,0,0
85839606,NODE_20500DE71C38,child,4,B4:BF:E9:32:FE:91,-77,0,295,295,255,255,0,0,0
85939607,NODE_20500DE71C38,child,4,B4:BF:E9:32:FE:91,-77,0,296,296,255,255,0,0,0
86039612,NODE_20500DE71C38,child,4,B4:BF:E9:32:FE:91,-77,0,296,296,255,255,0,0,0
86139603,NODE_20500DE71C38,child,4,B4:BF:E9:32:FE:91,-77,0,296,296,255,255,0,0,0
86239611,NODE_20500DE71C38,child,4,B4:BF:E9:32:FE:91,-77,0,297,297,255,255,0,0,0
86339612,NODE_20500DE71C38,child,4,B4:BF:E9:32:FE:91,-78,0,297,297,255,255,0,0,0
86439607,NODE_20500DE71C38,child,4,B4:BF:E9:32:FE:91,-78,0,298,298,255,255,0,0,0
86539642,NODE_20500DE71C38,child,4,B4:BF:E9:32:FE:91,-78,0,298,298,255,255,0,0,0
86639612,NODE_20500DE71C38,child,4,B4:BF:E9:32:FE:91,-75,0,298,298,255,255,0,0,0
86739607,NODE_20500DE71C38,child,4,B4:BF:E9:32:FE:91,-75,0,299,299,255,255,0,0,0
86839607,NODE_20500DE71C38,child,4,B4:BF:E9:32:FE:91,-75,0,299,299,255,255,0,0,0
86939608,NODE_20500DE71C38,child,4,B4:BF:E9:32:FE:91,-75,0,300,300,255,255,0,0,0
87039603,NODE_20500DE71C38,child,4,B4:BF:E9:32:FE:91,-75,0,300,300,255,255,0,0,0
87139607,NODE_20500DE71C38,child,4,B4:BF:E9:32:FE:91,-75,0,300,300,255,255,0,0,0
87239612,NODE_20500DE71C38,child,4,B4:BF:E9:32:FE:91,-75,0,301,301,255,255,0,0,0
87339603,NODE_20500DE71C38,child,4,B4:BF:E9:32:FE:91,-75,0,301,301,255,255,0,0,0
87439603,NODE_20500DE71C38,child,4,B4:BF:E9:32:FE:91,-75,0,302,302,255,255,0,0,0
87539612,NODE_20500DE71C38,child,4,B4:BF:E9:32:FE:91,-78,0,302,302,255,255,0,0,0
87639603,NODE_20500DE71C38,child,4,B4:BF:E9:32:FE:91,-78,0,302,302,255,255,0,0,0
87739611,NODE_20500DE71C38,child,4,B4:BF:E9:32:FE:91,-78,0,303,303,255,255,0,0,0
87839615,NODE_20500DE71C38,child,4,B4:BF:E9:32:FE:91,-75,0,303,303,255,255,0,0,0
87939607,NODE_20500DE71C38,child,4,B4:BF:E9:32:FE:91,-75,0,304,304,255,255,0,0,0
88039607,NODE_20500DE71C38,child,4,B4:BF:E9:32:FE:91,-75,0,304,304,255,255,0,0,0
88139612,NODE_20500DE71C38,child,4,B4:BF:E9:32:FE:91,-76,0,304,304,255,255,0,0,0
88239607,NODE_20500DE71C38,child,4,B4:BF:E9:32:FE:91,-76,0,305,305,255,255,0,0,0
88339607,NODE_20500DE71C38,child,4,B4:BF:E9:32:FE:91,-76,0,305,305,255,255,0,0,0
88439612,NODE_20500DE71C38,child,4,B4:BF:E9:32:FE:91,-76,0,306,306,255,255,0,0,0
88539609,NODE_20500DE71C38,child,4,B4:BF:E9:32:FE:91,-76,0,306,306,255,255,0,0,0
88639607,NODE_20500DE71C38,child,4,B4:BF:E9:32:FE:91,-76,0,306,306,255,255,0,0,0
88739612,NODE_20500DE71C38,child,4,B4:BF:E9:32:FE:91,-77,0,307,307,255,255,0,0,0
88839603,NODE_20500DE71C38,child,4,B4:BF:E9:32:FE:91,-77,0,307,307,255,255,0,0,0
88939611,NODE_20500DE71C38,child,4,B4:BF:E9:32:FE:91,-77,0,308,308,255,255,0,0,0
89039611,NODE_20500DE71C38,child,4,B4:BF:E9:32:FE:91,-77,0,308,308,255,255,0,0,0
89139607,NODE_20500DE71C38,child,4,B4:BF:E9:32:FE:91,-78,0,308,308,255,255,0,0,0
89239607,NODE_20500DE71C38,child,4,B4:BF:E9:32:FE:91,-78,0,309,309,255,255,0,0,0
89339619,NODE_20500DE71C38,child,4,B4:BF:E9:32:FE:91,-78,0,309,309,255,255,0,0,0
89439607,NODE_20500DE71C38,child,4,B4:BF:E9:32:FE:91,-77,0,310,310,255,255,0,0,0
89539603,NODE_20500DE71C38,child,4,B4:BF:E9:32:FE:91,-77,0,310,310,255,255,0,0,0
89639615,NODE_20500DE71C38,child,4,B4:BF:E9:32:FE:91,-77,0,310,310,255,255,0,0,0
89739611,NODE_20500DE71C38,child,4,B4:BF:E9:32:FE:91,-76,0,311,311,255,255,0,0,0
89839603,NODE_20500DE71C38,child,4,B4:BF:E9:32:FE:91,-76,0,311,311,255,255,0,0,0
89939608,NODE_20500DE71C38,child,4,B4:BF:E9:32:FE:91,-76,0,312,312,255,255,0,0,0
90039611,NODE_20500DE71C38,child,4,B4:BF:E9:32:FE:91,-79,0,312,312,255,255,0,0,0
90139604,NODE_20500DE71C38,child,4,B4:BF:E9:32:FE:91,-79,0,312,312,255,255,0,0,0
90239612,NODE_20500DE71C38,child,4,B4:BF:E9:32:FE:91,-79,0,313,313,255,255,0,0,0
90339613,NODE_20500DE71C38,child,4,B4:BF:E9:32:FE:91,-77,0,313,313,255,255,0,0,0
90439607,NODE_20500DE71C38,child,4,B4:BF:E9:32:FE:91,-77,0,314,314,255,255,0,0,0
90539608,NODE_20500DE71C38,child,4,B4:BF:E9:32:FE:91,-77,0,314,314,255,255,0,0,0
90639611,NODE_20500DE71C38,child,4,B4:BF:E9:32:FE:91,-76,0,314,314,255,255,0,0,0
90739607,NODE_20500DE71C38,child,4,B4:BF:E9:32:FE:91,-76,0,315,315,255,255,0,0,0
90839608,NODE_20500DE71C38,child,4,B4:BF:E9:32:FE:91,-76,0,315,315,255,255,0,0,0
90939607,NODE_20500DE71C38,child,4,B4:BF:E9:32:FE:91,-76,0,316,316,255,255,0,0,0
91039606,NODE_20500DE71C38,child,4,B4:BF:E9:32:FE:91,-76,0,316,316,255,255,0,0,0
91139608,NODE_20500DE71C38,child,4,B4:BF:E9:32:FE:91,-76,0,316,316,255,255,0,0,0
91239611,NODE_20500DE71C38,child,4,B4:BF:E9:32:FE:91,-76,0,317,317,255,255,0,0,0
91339603,NODE_20500DE71C38,child,4,B4:BF:E9:32:FE:91,-76,0,317,317,255,255,0,0,0
91439608,NODE_20500DE71C38,child,4,B4:BF:E9:32:FE:91,-76,0,318,318,255,255,0,0,0
91539611,NODE_20500DE71C38,child,4,B4:BF:E9:32:FE:91,-76,0,318,318,255,255,0,0,0
91639609,NODE_20500DE71C38,child,4,B4:BF:E9:32:FE:91,-76,0,318,318,255,255,0,0,0
91739612,NODE_20500DE71C38,child,4,B4:BF:E9:32:FE:91,-76,0,319,319,255,255,0,0,0
91839611,NODE_20500DE71C38,child,4,B4:BF:E9:32:FE:91,-76,0,319,319,255,255,0,0,0
91939607,NODE_20500DE71C38,child,4,B4:BF:E9:32:FE:91,-76,0,320,320,255,255,0,0,0
92039612,NODE_20500DE71C38,child,4,B4:BF:E9:32:FE:91,-76,0,320,320,255,255,0,0,0
92139611,NODE_20500DE71C38,child,4,B4:BF:E9:32:FE:91,-77,0,320,320,255,255,0,0,0
92239607,NODE_20500DE71C38,child,4,B4:BF:E9:32:FE:91,-77,0,321,321,255,255,0,0,0
92339608,NODE_20500DE71C38,child,4,B4:BF:E9:32:FE:91,-77,0,321,321,255,255,0,0,0
92439611,NODE_20500DE71C38,child,4,B4:BF:E9:32:FE:91,-77,0,322,322,255,255,0,0,0
92539603,NODE_20500DE71C38,child,4,B4:BF:E9:32:FE:91,-77,0,322,322,255,255,0,0,0
92639608,NODE_20500DE71C38,child,4,B4:BF:E9:32:FE:91,-77,0,322,322,255,255,0,0,0
92739611,NODE_20500DE71C38,child,4,B4:BF:E9:32:FE:91,-76,0,323,323,255,255,0,0,0
92839609,NODE_20500DE71C38,child,4,B4:BF:E9:32:FE:91,-76,0,323,323,255,255,0,0,0
92939612,NODE_20500DE71C38,child,4,B4:BF:E9:32:FE:91,-76,0,324,324,255,255,0,0,0
93039611,NODE_20500DE71C38,child,4,B4:BF:E9:32:FE:91,-76,0,324,324,255,255,0,0,0
93139603,NODE_20500DE71C38,child,4,B4:BF:E9:32:FE:91,-76,0,324,324,255,255,0,0,0
93239612,NODE_20500DE71C38,child,4,B4:BF:E9:32:FE:91,-76,0,325,325,255,255,0,0,0
93339607,NODE_20500DE71C38,child,4,B4:BF:E9:32:FE:91,-76,0,325,325,255,255,0,0,0
93439607,NODE_20500DE71C38,child,4,B4:BF:E9:32:FE:91,-76,0,326,326,255,255,0,0,0
93539611,NODE_20500DE71C38,child,4,B4:BF:E9:32:FE:91,-76,0,326,326,255,255,0,0,0
93639607,NODE_20500DE71C38,child,4,B4:BF:E9:32:FE:91,-76,0,326,326,255,255,0,0,0
93739607,NODE_20500DE71C38,child,4,B4:BF:E9:32:FE:91,-77,0,327,327,255,255,0,0,0
93839604,NODE_20500DE71C38,child,4,B4:BF:E9:32:FE:91,-77,0,327,327,255,255,0,0,0
93939607,NODE_20500DE71C38,child,4,B4:BF:E9:32:FE:91,-77,0,328,328,255,255,0,0,0
94039603,NODE_20500DE71C38,child,4,B4:BF:E9:32:FE:91,-77,0,328,328,255,255,0,0,0
94139604,NODE_20500DE71C38,child,4,B4:BF:E9:32:FE:91,-77,0,328,328,255,255,0,0,0
94239989,NODE_20500DE71C38,child,4,B4:BF:E9:32:FE:91,-77,0,329,329,255,255,0,0,0
94339603,NODE_20500DE71C38,child,4,B4:BF:E9:32:FE:91,-77,0,329,329,255,255,0,0,0
94439608,NODE_20500DE71C38,child,4,B4:BF:E9:32:FE:91,-77,0,330,330,255,255,0,0,0
94539607,NODE_20500DE71C38,child,4,B4:BF:E9:32:FE:91,-77,0,330,330,255,255,0,0,0
94639611,NODE_20500DE71C38,child,4,B4:BF:E9:32:FE:91,-77,0,330,330,255,255,0,0,0
94739608,NODE_20500DE71C38,child,4,B4:BF:E9:32:FE:91,-77,0,331,331,255,255,0,0,0
94839613,NODE_20500DE71C38,child,4,B4:BF:E9:32:FE:91,-77,0,331,331,255,255,0,0,0
94939607,NODE_20500DE71C38,child,4,B4:BF:E9:32:FE:91,-77,0,332,332,255,255,0,0,0
95039608,NODE_20500DE71C38,child,4,B4:BF:E9:32:FE:91,-77,0,332,332,255,255,0,0,0
95139607,NODE_20500DE71C38,child,4,B4:BF:E9:32:FE:91,-77,0,332,332,255,255,0,0,0
95239611,NODE_20500DE71C38,child,4,B4:BF:E9:32:FE:91,-77,0,333,333,255,255,0,0,0
95339607,NODE_20500DE71C38,child,4,B4:BF:E9:32:FE:91,-77,0,333,333,255,255,0,0,0
95439607,NODE_20500DE71C38,child,4,B4:BF:E9:32:FE:91,-77,0,334,334,255,255,0,0,0
95539611,NODE_20500DE71C38,child,4,B4:BF:E9:32:FE:91,-76,0,334,334,255,255,0,0,0
95639604,NODE_20500DE71C38,child,4,B4:BF:E9:32:FE:91,-76,0,334,334,255,255,0,0,0
95739611,NODE_20500DE71C38,child,4,B4:BF:E9:32:FE:91,-76,0,335,335,255,255,0,0,0
95839611,NODE_20500DE71C38,child,4,B4:BF:E9:32:FE:91,-77,0,335,335,255,255,0,0,0
95939608,NODE_20500DE71C38,child,4,B4:BF:E9:32:FE:91,-77,0,336,336,255,255,0,0,0
96039613,NODE_20500DE71C38,child,4,B4:BF:E9:32:FE:91,-77,0,336,336,255,255,0,0,0
96139611,NODE_20500DE71C38,child,4,B4:BF:E9:32:FE:91,-78,0,336,336,255,255,0,0,0
96239608,NODE_20500DE71C38,child,4,B4:BF:E9:32:FE:91,-78,0,337,337,255,255,0,0,0
96339607,NODE_20500DE71C38,child,4,B4:BF:E9:32:FE:91,-78,0,337,337,255,255,0,0,0
96439611,NODE_20500DE71C38,child,4,B4:BF:E9:32:FE:91,-77,0,338,338,255,255,0,0,0
96539604,NODE_20500DE71C38,child,4,B4:BF:E9:32:FE:91,-77,0,338,338,255,255,0,0,0
96639609,NODE_20500DE71C38,child,4,B4:BF:E9:32:FE:91,-77,0,338,338,255,255,0,0,0
96739611,NODE_20500DE71C38,child,4,B4:BF:E9:32:FE:91,-77,0,339,339,255,255,0,0,0
96839604,NODE_20500DE71C38,child,4,B4:BF:E9:32:FE:91,-77,0,339,339,255,255,0,0,0
96939611,NODE_20500DE71C38,child,4,B4:BF:E9:32:FE:91,-77,0,340,340,255,255,0,0,0
97039611,NODE_20500DE71C38,child,4,B4:BF:E9:32:FE:91,-78,0,340,340,255,255,0,0,0
97139604,NODE_20500DE71C38,child,4,B4:BF:E9:32:FE:91,-78,0,340,340,255,255,0,0,0
97239611,NODE_20500DE71C38,child,4,B4:BF:E9:32:FE:91,-78,0,341,341,255,255,0,0,0
97339778,NODE_20500DE71C38,child,4,B4:BF:E9:32:FE:91,-77,0,341,341,255,255,0,0,0
97439608,NODE_20500DE71C38,child,4,B4:BF:E9:32:FE:91,-77,0,342,342,255,255,0,0,0
97539607,NODE_20500DE71C38,child,4,B4:BF:E9:32:FE:91,-77,0,342,342,255,255,0,0,0
97639607,NODE_20500DE71C38,child,4,B4:BF:E9:32:FE:91,-77,0,342,342,255,255,0,0,0
97739608,NODE_20500DE71C38,child,4,B4:BF:E9:32:FE:91,-77,0,343,343,255,255,0,0,0
97839606,NODE_20500DE71C38,child,4,B4:BF:E9:32:FE:91,-77,0,343,343,255,255,0,0,0
97939607,NODE_20500DE71C38,child,4,B4:BF:E9:32:FE:91,-77,0,344,344,255,255,0,0,0
98039612,NODE_20500DE71C38,child,4,B4:BF:E9:32:FE:91,-76,0,344,344,255,255,0,0,0
98139603,NODE_20500DE71C38,child,4,B4:BF:E9:32:FE:91,-76,0,344,344,255,255,0,0,0
98239607,NODE_20500DE71C38,child,4,B4:BF:E9:32:FE:91,-76,0,345,345,255,255,0,0,0
98339612,NODE_20500DE71C38,child,4,B4:BF:E9:32:FE:91,-77,0,345,345,255,255,0,0,0
98439603,NODE_20500DE71C38,child,4,B4:BF:E9:32:FE:91,-77,0,346,346,255,255,0,0,0
98539609,NODE_20500DE71C38,child,4,B4:BF:E9:32:FE:91,-77,0,346,346,255,255,0,0,0
98639612,NODE_20500DE71C38,child,4,B4:BF:E9:32:FE:91,-77,0,346,346,255,255,0,0,0
98739607,NODE_20500DE71C38,child,4,B4:BF:E9:32:FE:91,-77,0,347,347,255,255,0,0,0
98839613,NODE_20500DE71C38,child,4,B4:BF:E9:32:FE:91,-77,0,347,347,255,255,0,0,0
98939608,NODE_20500DE71C38,child,4,B4:BF:E9:32:FE:91,-77,0,348,348,255,255,0,0,0
99039603,NODE_20500DE71C38,child,4,B4:BF:E9:32:FE:91,-77,0,348,348,255,255,0,0,0
99139607,NODE_20500DE71C38,child,4,B4:BF:E9:32:FE:91,-77,0,348,348,255,255,0,0,0
99239612,NODE_20500DE71C38,child,4,B4:BF:E9:32:FE:91,-76,0,349,349,255,255,0,0,0
99339603,NODE_20500DE71C38,child,4,B4:BF:E9:32:FE:91,-76,0,349,349,255,255,0,0,0
99439607,NODE_20500DE71C38,child,4,B4:BF:E9:32:FE:91,-76,0,350,350,255,255,0,0,0
99539612,NODE_20500DE71C38,child,4,B4:BF:E9:32:FE:91,-76,0,350,350,255,255,0,0,0
99639606,NODE_20500DE71C38,child,4,B4:BF:E9:32:FE:91,-76,0,350,350,255,255,0,0,0
99739611,NODE_20500DE71C38,child,4,B4:BF:E9:32:FE:91,-76,0,351,351,255,255,0,0,0
99839619,NODE_20500DE71C38,child,4,B4:BF:E9:32:FE:91,-76,0,351,351,255,255,0,0,0
99939607,NODE_20500DE71C38,child,4,B4:BF:E9:32:FE:91,-76,0,352,352,255,255,0,0,0
100039607,NODE_20500DE71C38,child,4,B4:BF:E9:32:FE:91,-76,0,352,352,255,255,0,0,0
100139612,NODE_20500DE71C38,child,4,B4:BF:E9:32:FE:91,-76,0,352,352,255,255,0,0,0
100239607,NODE_20500DE71C38,child,4,B4:BF:E9:32:FE:91,-76,0,353,353,255,255,0,0,0
100339607,NODE_20500DE71C38,child,4,B4:BF:E9:32:FE:91,-76,0,353,353,255,255,0,0,0
100439608,NODE_20500DE71C38,child,4,B4:BF:E9:32:FE:91,-77,0,354,354,255,255,0,0,0
100539609,NODE_20500DE71C38,child,4,B4:BF:E9:32:FE:91,-77,0,354,354,255,255,0,0,0
100639607,NODE_20500DE71C38,child,4,B4:BF:E9:32:FE:91,-77,0,354,354,255,255,0,0,0
100739615,NODE_20500DE71C38,child,4,B4:BF:E9:32:FE:91,-77,0,355,355,255,255,0,0,0
100839603,NODE_20500DE71C38,child,4,B4:BF:E9:32:FE:91,-77,0,355,355,255,255,0,0,0
100939607,NODE_20500DE71C38,child,4,B4:BF:E9:32:FE:91,-77,0,356,356,255,255,0,0,0
101039619,NODE_20500DE71C38,child,4,B4:BF:E9:32:FE:91,-77,0,356,356,255,255,0,0,0
101139603,NODE_20500DE71C38,child,4,B4:BF:E9:32:FE:91,-77,0,356,356,255,255,0,0,0
101239611,NODE_20500DE71C38,child,4,B4:BF:E9:32:FE:91,-77,0,357,357,255,255,0,0,0
101339612,NODE_20500DE71C38,child,4,B4:BF:E9:32:FE:91,-77,0,357,357,255,255,0,0,0
101439607,NODE_20500DE71C38,child,4,B4:BF:E9:32:FE:91,-77,0,358,358,255,255,0,0,0
101539607,NODE_20500DE71C38,child,4,B4:BF:E9:32:FE:91,-77,0,358,358,255,255,0,0,0
101639615,NODE_20500DE71C38,child,4,B4:BF:E9:32:FE:91,-77,0,358,358,255,255,0,0,0
101739607,NODE_20500DE71C38,child,4,B4:BF:E9:32:FE:91,-77,0,359,359,255,255,0,0,0
101839607,NODE_20500DE71C38,child,4,B4:BF:E9:32:FE:91,-77,0,359,359,255,255,0,0,0
101939608,NODE_20500DE71C38,child,4,B4:BF:E9:32:FE:91,-77,0,360,360,255,255,0,0,0
102039611,NODE_20500DE71C38,child,4,B4:BF:E9:32:FE:91,-77,0,360,360,255,255,0,0,0
102139749,NODE_20500DE71C38,child,4,B4:BF:E9:32:FE:91,-77,0,360,360,255,255,0,0,0
102239608,NODE_20500DE71C38,child,4,B4:BF:E9:32:FE:91,-77,0,361,361,255,255,0,0,0
102339607,NODE_20500DE71C38,child,4,B4:BF:E9:32:FE:91,-77,0,361,361,255,255,0,0,0
102439607,NODE_20500DE71C38,child,4,B4:BF:E9:32:FE:91,-77,0,362,362,255,255,0,0,0
102539612,NODE_20500DE71C38,child,4,B4:BF:E9:32:FE:91,-77,0,362,362,255,255,0,0,0
102639613,NODE_20500DE71C38,child,4,B4:BF:E9:32:FE:91,-77,0,362,362,255,255,0,0,0
102739607,NODE_20500DE71C38,child,4,B4:BF:E9:32:FE:91,-77,0,363,363,255,255,0,0,0
102839608,NODE_20500DE71C38,child,4,B4:BF:E9:32:FE:91,-77,0,363,363,255,255,0,0,0
102939607,NODE_20500DE71C38,child,4,B4:BF:E9:32:FE:91,-77,0,364,364,255,255,0,0,0
103039607,NODE_20500DE71C38,child,4,B4:BF:E9:32:FE:91,-77,0,364,364,255,255,0,0,0
103139608,NODE_20500DE71C38,child,4,B4:BF:E9:32:FE:91,-77,0,364,364,255,255,0,0,0
103239613,NODE_20500DE71C38,child,4,B4:BF:E9:32:FE:91,-76,0,365,365,255,255,0,0,0
103339603,NODE_20500DE71C38,child,4,B4:BF:E9:32:FE:91,-76,0,365,365,255,255,0,0,0
103439608,NODE_20500DE71C38,child,4,B4:BF:E9:32:FE:91,-76,0,366,366,255,255,0,0,0
103539611,NODE_20500DE71C38,child,4,B4:BF:E9:32:FE:91,-76,0,366,366,255,255,0,0,0
103639607,NODE_20500DE71C38,child,4,B4:BF:E9:32:FE:91,-76,0,366,366,255,255,0,0,0
103739612,NODE_20500DE71C38,child,4,B4:BF:E9:32:FE:91,-76,0,367,367,255,255,0,0,0
103839613,NODE_20500DE71C38,child,4,B4:BF:E9:32:FE:91,-78,0,367,367,255,255,0,0,0
103939607,NODE_20500DE71C38,child,4,B4:BF:E9:32:FE:91,-78,0,368,368,255,255,0,0,0
104039612,NODE_20500DE71C38,child,4,B4:BF:E9:32:FE:91,-78,0,368,368,255,255,0,0,0
104139611,NODE_20500DE71C38,child,4,B4:BF:E9:32:FE:91,-77,0,368,368,255,255,0,0,0
104239607,NODE_20500DE71C38,child,4,B4:BF:E9:32:FE:91,-77,0,369,369,255,255,0,0,0
104339608,NODE_20500DE71C38,child,4,B4:BF:E9:32:FE:91,-77,0,369,369,255,255,0,0,0
104439607,NODE_20500DE71C38,child,4,B4:BF:E9:32:FE:91,-77,0,370,370,255,255,0,0,0
104539603,NODE_20500DE71C38,child,4,B4:BF:E9:32:FE:91,-77,0,370,370,255,255,0,0,0
104639604,NODE_20500DE71C38,child,4,B4:BF:E9:32:FE:91,-77,0,370,370,255,255,0,0,0
104739613,NODE_20500DE71C38,child,4,B4:BF:E9:32:FE:91,-77,0,371,371,255,255,0,0,0
104839611,NODE_20500DE71C38,child,4,B4:BF:E9:32:FE:91,-77,0,371,371,255,255,0,0,0
104939604,NODE_20500DE71C38,child,4,B4:BF:E9:32:FE:91,-77,0,372,372,255,255,0,0,0
105039613,NODE_20500DE71C38,child,4,B4:BF:E9:32:FE:91,-76,0,372,372,255,255,0,0,0
105139603,NODE_20500DE71C38,child,4,B4:BF:E9:32:FE:91,-76,0,372,372,255,255,0,0,0
105239612,NODE_20500DE71C38,child,4,B4:BF:E9:32:FE:91,-76,0,373,373,255,255,0,0,0
105339611,NODE_20500DE71C38,child,4,B4:BF:E9:32:FE:91,-77,0,373,373,255,255,0,0,0
105439603,NODE_20500DE71C38,child,4,B4:BF:E9:32:FE:91,-77,0,374,374,255,255,0,0,0
105539608,NODE_20500DE71C38,child,4,B4:BF:E9:32:FE:91,-77,0,374,374,255,255,0,0,0
105639613,NODE_20500DE71C38,child,4,B4:BF:E9:32:FE:91,-76,0,374,374,255,255,0,0,0
105739607,NODE_20500DE71C38,child,4,B4:BF:E9:32:FE:91,-76,0,375,375,255,255,0,0,0
105839608,NODE_20500DE71C38,child,4,B4:BF:E9:32:FE:91,-76,0,375,375,255,255,0,0,0
105939611,NODE_20500DE71C38,child,4,B4:BF:E9:32:FE:91,-77,0,375,375,255,255,0,0,0
106039603,NODE_20500DE71C38,child,4,B4:BF:E9:32:FE:91,-77,0,376,376,255,255,0,0,0
106139608,NODE_20500DE71C38,child,4,B4:BF:E9:32:FE:91,-77,0,376,376,255,255,0,0,0
106239607,NODE_20500DE71C38,child,4,B4:BF:E9:32:FE:91,-77,0,377,377,255,255,0,0,0
106339609,NODE_20500DE71C38,child,4,B4:BF:E9:32:FE:91,-77,0,377,377,255,255,0,0,0
106440385,NODE_20500DE71C38,child,4,B4:BF:E9:32:FE:91,-77,0,377,377,255,255,0,0,0
106539611,NODE_20500DE71C38,child,4,B4:BF:E9:32:FE:91,-77,0,378,378,255,255,0,0,0
106639613,NODE_20500DE71C38,child,4,B4:BF:E9:32:FE:91,-76,0,378,378,255,255,0,0,0
106739608,NODE_20500DE71C38,child,4,B4:BF:E9:32:FE:91,-76,0,379,379,255,255,0,0,0
106839611,NODE_20500DE71C38,child,4,B4:BF:E9:32:FE:91,-76,0,379,379,255,255,0,0,0
106940377,NODE_20500DE71C38,child,4,B4:BF:E9:32:FE:91,-77,0,379,379,255,255,0,0,0
107039608,NODE_20500DE71C38,child,4,B4:BF:E9:32:FE:91,-77,0,380,380,255,255,0,0,0
107139607,NODE_20500DE71C38,child,4,B4:BF:E9:32:FE:91,-77,0,380,380,255,255,0,0,0
107239607,NODE_20500DE71C38,child,4,B4:BF:E9:32:FE:91,-76,0,381,381,255,255,0,0,0
107339612,NODE_20500DE71C38,child,4,B4:BF:E9:32:FE:91,-76,0,381,381,255,255,0,0,0
107440376,NODE_20500DE71C38,child,4,B4:BF:E9:32:FE:91,-76,0,381,381,255,255,0,0,0
107539613,NODE_20500DE71C38,child,4,B4:BF:E9:32:FE:91,-76,0,382,382,255,255,0,0,0
107639604,NODE_20500DE71C38,child,4,B4:BF:E9:32:FE:91,-76,0,382,382,255,255,0,0,0
107739607,NODE_20500DE71C38,child,4,B4:BF:E9:32:FE:91,-76,0,383,383,255,255,0,0,0
107839611,NODE_20500DE71C38,child,4,B4:BF:E9:32:FE:91,-76,0,383,383,255,255,0,0,0
107940376,NODE_20500DE71C38,child,4,B4:BF:E9:32:FE:91,-76,0,383,383,255,255,0,0,0
108039607,NODE_20500DE71C38,child,4,B4:BF:E9:32:FE:91,-76,0,384,384,255,255,0,0,0
108139613,NODE_20500DE71C38,child,4,B4:BF:E9:32:FE:91,-76,0,384,384,255,255,0,0,0
108239608,NODE_20500DE71C38,child,4,B4:BF:E9:32:FE:91,-76,0,385,385,255,255,0,0,0
108339607,NODE_20500DE71C38,child,4,B4:BF:E9:32:FE:91,-76,0,385,385,255,255,0,0,0
108440373,NODE_20500DE71C38,child,4,B4:BF:E9:32:FE:91,-77,0,385,385,255,255,0,0,0
108539608,NODE_20500DE71C38,child,4,B4:BF:E9:32:FE:91,-77,0,386,386,255,255,0,0,0
108639611,NODE_20500DE71C38,child,4,B4:BF:E9:32:FE:91,-77,0,386,386,255,255,0,0,0
108739613,NODE_20500DE71C38,child,4,B4:BF:E9:32:FE:91,-76,0,387,387,255,255,0,0,0
108839604,NODE_20500DE71C38,child,4,B4:BF:E9:32:FE:91,-76,0,387,387,255,255,0,0,0
108940369,NODE_20500DE71C38,child,4,B4:BF:E9:32:FE:91,-76,0,387,387,255,255,0,0,0
109039611,NODE_20500DE71C38,child,4,B4:BF:E9:32:FE:91,-77,0,388,388,255,255,0,0,0
109139604,NODE_20500DE71C38,child,4,B4:BF:E9:32:FE:91,-77,0,388,388,255,255,0,0,0
109239611,NODE_20500DE71C38,child,4,B4:BF:E9:32:FE:91,-77,0,389,389,255,255,0,0,0
109339613,NODE_20500DE71C38,child,4,B4:BF:E9:32:FE:91,-77,0,389,389,255,255,0,0,0
109440369,NODE_20500DE71C38,child,4,B4:BF:E9:32:FE:91,-77,0,389,389,255,255,0,0,0
109539611,NODE_20500DE71C38,child,4,B4:BF:E9:32:FE:91,-77,0,390,390,255,255,0,0,0
109639613,NODE_20500DE71C38,child,4,B4:BF:E9:32:FE:91,-76,0,390,390,255,255,0,0,0
109739608,NODE_20500DE71C38,child,4,B4:BF:E9:32:FE:91,-76,0,391,391,255,255,0,0,0
109839611,NODE_20500DE71C38,child,4,B4:BF:E9:32:FE:91,-76,0,391,391,255,255,0,0,0
109940375,NODE_20500DE71C38,child,4,B4:BF:E9:32:FE:91,-76,0,391,391,255,255,0,0,0
110039608,NODE_20500DE71C38,child,4,B4:BF:E9:32:FE:91,-76,0,392,392,255,255,0,0,0
110139607,NODE_20500DE71C38,child,4,B4:BF:E9:32:FE:91,-76,0,392,392,255,255,0,0,0
110239607,NODE_20500DE71C38,child,4,B4:BF:E9:32:FE:91,-76,0,393,393,255,255,0,0,0
110339600,NODE_20500DE71C38,child,4,B4:BF:E9:32:FE:91,-76,0,393,393,255,255,0,0,0
110440378,NODE_20500DE71C38,child,4,B4:BF:E9:32:FE:91,-76,0,393,393,255,255,0,0,0
110539613,NODE_20500DE71C38,child,4,B4:BF:E9:32:FE:91,-76,0,394,394,255,255,0,0,0
110639612,NODE_20500DE71C38,child,4,B4:BF:E9:32:FE:91,-76,0,394,394,255,255,0,0,0
110739607,NODE_20500DE71C38,child,4,B4:BF:E9:32:FE:91,-76,0,395,395,255,255,0,0,0
110839611,NODE_20500DE71C38,child,4,B4:BF:E9:32:FE:91,-76,0,395,395,255,255,0,0,0
110940374,NODE_20500DE71C38,child,4,B4:BF:E9:32:FE:91,-76,0,395,395,255,255,0,0,0
111039606,NODE_20500DE71C38,child,4,B4:BF:E9:32:FE:91,-76,0,396,396,255,255,0,0,0
111139611,NODE_20500DE71C38,child,4,B4:BF:E9:32:FE:91,-76,0,396,396,255,255,0,0,0
111239608,NODE_20500DE71C38,child,4,B4:BF:E9:32:FE:91,-76,0,397,397,255,255,0,0,0
111339603,NODE_20500DE71C38,child,4,B4:BF:E9:32:FE:91,-76,0,397,397,255,255,0,0,0
111440382,NODE_20500DE71C38,child,4,B4:BF:E9:32:FE:91,-76,0,397,397,255,255,0,0,0
111539612,NODE_20500DE71C38,child,4,B4:BF:E9:32:FE:91,-76,0,398,398,255,255,0,0,0
111639609,NODE_20500DE71C38,child,4,B4:BF:E9:32:FE:91,-76,0,398,398,255,255,0,0,0
111739607,NODE_20500DE71C38,child,4,B4:BF:E9:32:FE:91,-76,0,399,399,255,255,0,0,0
111839612,NODE_20500DE71C38,child,4,B4:BF:E9:32:FE:91,-76,0,399,399,255,255,0,0,0
111940374,NODE_20500DE71C38,child,4,B4:BF:E9:32:FE:91,-76,0,399,399,255,255,0,0,0
112039607,NODE_20500DE71C38,child,4,B4:BF:E9:32:FE:91,-76,0,400,400,255,255,0,0,0
112139612,NODE_20500DE71C38,child,4,B4:BF:E9:32:FE:91,-76,0,400,400,255,255,0,0,0
112239603,NODE_20500DE71C38,child,4,B4:BF:E9:32:FE:91,-76,0,401,401,255,255,0,0,0
112339609,NODE_20500DE71C38,child,4,B4:BF:E9:32:FE:91,-76,0,401,401,255,255,0,0,0
112440374,NODE_20500DE71C38,child,4,B4:BF:E9:32:FE:91,-76,0,401,401,255,255,0,0,0
112539607,NODE_20500DE71C38,child,4,B4:BF:E9:32:FE:91,-76,0,402,402,255,255,0,0,0
112639607,NODE_20500DE71C38,child,4,B4:BF:E9:32:FE:91,-76,0,402,402,255,255,0,0,0
112739612,NODE_20500DE71C38,child,4,B4:BF:E9:32:FE:91,-77,0,403,403,255,255,0,0,0
112839603,NODE_20500DE71C38,child,4,B4:BF:E9:32:FE:91,-77,0,403,403,255,255,0,0,0
112940369,NODE_20500DE71C38,child,4,B4:BF:E9:32:FE:91,-77,0,403,403,255,255,0,0,0
113039615,NODE_20500DE71C38,child,4,B4:BF:E9:32:FE:91,-76,0,404,404,255,255,0,0,0
113139603,NODE_20500DE71C38,child,4,B4:BF:E9:32:FE:91,-76,0,404,404,255,255,0,0,0
113239611,NODE_20500DE71C38,child,4,B4:BF:E9:32:FE:91,-76,0,405,405,255,255,0,0,0
113339612,NODE_20500DE71C38,child,4,B4:BF:E9:32:FE:91,-76,0,405,405,255,255,0,0,0
113440381,NODE_20500DE71C38,child,4,B4:BF:E9:32:FE:91,-76,0,405,405,255,255,0,0,0
113539611,NODE_20500DE71C38,child,4,B4:BF:E9:32:FE:91,-76,0,406,406,255,255,0,0,0
113639615,NODE_20500DE71C38,child,4,B4:BF:E9:32:FE:91,-76,0,406,406,255,255,0,0,0
113739607,NODE_20500DE71C38,child,4,B4:BF:E9:32:FE:91,-76,0,407,407,255,255,0,0,0
113839607,NODE_20500DE71C38,child,4,B4:BF:E9:32:FE:91,-76,0,407,407,255,255,0,0,0
113940369,NODE_20500DE71C38,child,4,B4:BF:E9:32:FE:91,-76,0,407,407,255,255,0,0,0
114039603,NODE_20500DE71C38,child,4,B4:BF:E9:32:FE:91,-76,0,408,408,255,255,0,0,0
114139607,NODE_20500DE71C38,child,4,B4:BF:E9:32:FE:91,-76,0,408,408,255,255,0,0,0
114239612,NODE_20500DE71C38,child,4,B4:BF:E9:32:FE:91,-77,0,409,409,255,255,0,0,0
114339603,NODE_20500DE71C38,child,4,B4:BF:E9:32:FE:91,-77,0,409,409,255,255,0,0,0
114440373,NODE_20500DE71C38,child,4,B4:BF:E9:32:FE:91,-77,0,409,409,255,255,0,0,0
114539922,NODE_20500DE71C38,child,4,B4:BF:E9:32:FE:91,-76,0,410,410,255,255,0,0,0
114639605,NODE_20500DE71C38,child,4,B4:BF:E9:32:FE:91,-76,0,410,410,255,255,0,0,0
114739607,NODE_20500DE71C38,child,4,B4:BF:E9:32:FE:91,-76,0,411,411,255,255,0,0,0
114839616,NODE_20500DE71C38,child,4,B4:BF:E9:32:FE:91,-76,0,411,411,255,255,0,0,0
114940377,NODE_20500DE71C38,child,4,B4:BF:E9:32:FE:91,-76,0,411,411,255,255,0,0,0
115039603,NODE_20500DE71C38,child,4,B4:BF:E9:32:FE:91,-76,0,412,412,255,255,0,0,0
115139612,NODE_20500DE71C38,child,4,B4:BF:E9:32:FE:91,-76,0,412,412,255,255,0,0,0
115239607,NODE_20500DE71C38,child,4,B4:BF:E9:32:FE:91,-76,0,413,413,255,255,0,0,0
115339603,NODE_20500DE71C38,child,4,B4:BF:E9:32:FE:91,-76,0,413,413,255,255,0,0,0
115440327,NODE_20500DE71C38,child,4,B4:BF:E9:32:FE:91,-76,0,413,413,255,255,0,0,0
115539613,NODE_20500DE71C38,child,4,B4:BF:E9:32:FE:91,-77,0,414,414,255,255,0,0,0
115639603,NODE_20500DE71C38,child,4,B4:BF:E9:32:FE:91,-77,0,414,414,255,255,0,0,0
115739608,NODE_20500DE71C38,child,4,B4:BF:E9:32:FE:91,-77,0,415,415,255,255,0,0,0
115839611,NODE_20500DE71C38,child,4,B4:BF:E9:32:FE:91,-76,0,415,415,255,255,0,0,0
115940374,NODE_20500DE71C38,child,4,B4:BF:E9:32:FE:91,-76,0,415,415,255,255,0,0,0
116039612,NODE_20500DE71C38,child,4,B4:BF:E9:32:FE:91,-76,0,416,416,255,255,0,0,0
116139613,NODE_20500DE71C38,child,4,B4:BF:E9:32:FE:91,-76,0,416,416,255,255,0,0,0
116239607,NODE_20500DE71C38,child,4,B4:BF:E9:32:FE:91,-76,0,417,417,255,255,0,0,0
116339783,NODE_20500DE71C38,child,4,B4:BF:E9:32:FE:91,-76,0,417,417,255,255,0,0,0
116440373,NODE_20500DE71C38,child,4,B4:BF:E9:32:FE:91,-76,0,417,417,255,255,0,0,0
116539607,NODE_20500DE71C38,child,4,B4:BF:E9:32:FE:91,-76,0,418,418,255,255,0,0,0
116639608,NODE_20500DE71C38,child,4,B4:BF:E9:32:FE:91,-76,0,418,418,255,255,0,0,0
116739607,NODE_20500DE71C38,child,4,B4:BF:E9:32:FE:91,-76,0,419,419,255,255,0,0,0
116839603,NODE_20500DE71C38,child,4,B4:BF:E9:32:FE:91,-76,0,419,419,255,255,0,0,0
116940369,NODE_20500DE71C38,child,4,B4:BF:E9:32:FE:91,-76,0,419,419,255,255,0,0,0
117039611,NODE_20500DE71C38,child,4,B4:BF:E9:32:FE:91,-76,0,420,420,255,255,0,0,0
117139603,NODE_20500DE71C38,child,4,B4:BF:E9:32:FE:91,-76,0,420,420,255,255,0,0,0
117239612,NODE_20500DE71C38,child,4,B4:BF:E9:32:FE:91,-76,0,421,421,255,255,0,0,0
117339613,NODE_20500DE71C38,child,4,B4:BF:E9:32:FE:91,-77,0,421,421,255,255,0,0,0
117440369,NODE_20500DE71C38,child,4,B4:BF:E9:32:FE:91,-77,0,421,421,255,255,0,0,0
117539612,NODE_20500DE71C38,child,4,B4:BF:E9:32:FE:91,-77,0,422,422,255,255,0,0,0
117639611,NODE_20500DE71C38,child,4,B4:BF:E9:32:FE:91,-76,0,422,422,255,255,0,0,0
117739607,NODE_20500DE71C38,child,4,B4:BF:E9:32:FE:91,-76,0,423,423,255,255,0,0,0
117839608,NODE_20500DE71C38,child,4,B4:BF:E9:32:FE:91,-76,0,423,423,255,255,0,0,0
117940373,NODE_20500DE71C38,child,4,B4:BF:E9:32:FE:91,-76,0,423,423,255,255,0,0,0
118039603,NODE_20500DE71C38,child,4,B4:BF:E9:32:FE:91,-76,0,424,424,255,255,0,0,0
118139608,NODE_20500DE71C38,child,4,B4:BF:E9:32:FE:91,-76,0,424,424,255,255,0,0,0
118239613,NODE_20500DE71C38,child,4,B4:BF:E9:32:FE:91,-77,0,425,425,255,255,0,0,0
118339603,NODE_20500DE71C38,child,4,B4:BF:E9:32:FE:91,-77,0,425,425,255,255,0,0,0
118440376,NODE_20500DE71C38,child,4,B4:BF:E9:32:FE:91,-77,0,425,425,255,255,0,0,0
118539611,NODE_20500DE71C38,child,4,B4:BF:E9:32:FE:91,-76,0,426,426,255,255,0,0,0
118639607,NODE_20500DE71C38,child,4,B4:BF:E9:32:FE:91,-76,0,426,426,255,255,0,0,0
118739612,NODE_20500DE71C38,child,4,B4:BF:E9:32:FE:91,-76,0,427,427,255,255,0,0,0
118839607,NODE_20500DE71C38,child,4,B4:BF:E9:32:FE:91,-76,0,427,427,255,255,0,0,0
118940373,NODE_20500DE71C38,child,4,B4:BF:E9:32:FE:91,-76,0,427,427,255,255,0,0,0
119039608,NODE_20500DE71C38,child,4,B4:BF:E9:32:FE:91,-76,0,428,428,255,255,0,0,0
119139611,NODE_20500DE71C38,child,4,B4:BF:E9:32:FE:91,-76,0,428,428,255,255,0,0,0
119239607,NODE_20500DE71C38,child,4,B4:BF:E9:32:FE:91,-76,0,429,429,255,255,0,0,0
119339604,NODE_20500DE71C38,child,4,B4:BF:E9:32:FE:91,-76,0,429,429,255,255,0,0,0
119440379,NODE_20500DE71C38,child,4,B4:BF:E9:32:FE:91,-76,0,429,429,255,255,0,0,0
119539607,NODE_20500DE71C38,child,4,B4:BF:E9:32:FE:91,-76,0,430,430,255,255,0,0,0
119639604,NODE_20500DE71C38,child,4,B4:BF:E9:32:FE:91,-76,0,430,430,255,255,0,0,0
119739611,NODE_20500DE71C38,child,4,B4:BF:E9:32:FE:91,-76,0,431,431,0,0,0,0,0
119839613,NODE_20500DE71C38,child,4,B4:BF:E9:32:FE:91,-76,0,431,431,0,0,0,0,0
119940376,NODE_20500DE71C38,child,4,B4:BF:E9:32:FE:91,-76,0,431,431,0,0,0,0,0
120039611,NODE_20500DE71C38,child,4,B4:BF:E9:32:FE:91,-76,0,432,432,0,0,0,0,0
120139611,NODE_20500DE71C38,child,4,B4:BF:E9:32:FE:91,-76,0,432,432,0,0,0,0,0
120239608,NODE_20500DE71C38,child,4,B4:BF:E9:32:FE:91,-76,0,433,433,0,0,0,0,0
120339607,NODE_20500DE71C38,child,4,B4:BF:E9:32:FE:91,-76,0,433,433,0,0,0,0,0
120440373,NODE_20500DE71C38,child,4,B4:BF:E9:32:FE:91,-77,0,433,433,0,0,0,0,0
120539611,NODE_20500DE71C38,child,4,B4:BF:E9:32:FE:91,-77,0,434,434,0,0,0,0,0
120639603,NODE_20500DE71C38,child,4,B4:BF:E9:32:FE:91,-77,0,434,434,0,0,0,0,0
120739607,NODE_20500DE71C38,child,4,B4:BF:E9:32:FE:91,-77,0,435,435,0,0,0,0,0
120839607,NODE_20500DE71C38,child,4,B4:BF:E9:32:FE:91,-77,0,435,435,0,0,0,0,0
120940389,NODE_20500DE71C38,child,4,B4:BF:E9:32:FE:91,-77,0,435,435,0,0,0,0,0
121039611,NODE_20500DE71C38,child,4,B4:BF:E9:32:FE:91,-76,0,436,436,0,0,0,0,0
121139604,NODE_20500DE71C38,child,4,B4:BF:E9:32:FE:91,-76,0,436,436,0,0,0,0,0
121239611,NODE_20500DE71C38,child,4,B4:BF:E9:32:FE:91,-76,0,437,437,0,0,0,0,0
121339611,NODE_20500DE71C38,child,4,B4:BF:E9:32:FE:91,-76,0,437,437,0,0,0,0,0
121440376,NODE_20500DE71C38,child,4,B4:BF:E9:32:FE:91,-76,0,437,437,0,0,0,0,0
121539611,NODE_20500DE71C38,child,4,B4:BF:E9:32:FE:91,-76,0,438,438,0,0,0,0,0
121639611,NODE_20500DE71C38,child,4,B4:BF:E9:32:FE:91,-76,0,438,438,0,0,0,0,0
121739608,NODE_20500DE71C38,child,4,B4:BF:E9:32:FE:91,-76,0,439,439,0,0,0,0,0
121839613,NODE_20500DE71C38,child,4,B4:BF:E9:32:FE:91,-76,0,439,439,0,0,0,0,0
121940369,NODE_20500DE71C38,child,4,B4:BF:E9:32:FE:91,-77,0,439,439,0,0,0,0,0
122039608,NODE_20500DE71C38,child,4,B4:BF:E9:32:FE:91,-77,0,440,440,0,0,0,0,0
122139607,NODE_20500DE71C38,child,4,B4:BF:E9:32:FE:91,-77,0,440,440,0,0,0,0,0
122239611,NODE_20500DE71C38,child,4,B4:BF:E9:32:FE:91,-77,0,441,441,0,0,0,0,0
122339604,NODE_20500DE71C38,child,4,B4:BF:E9:32:FE:91,-77,0,441,441,0,0,0,0,0
122440375,NODE_20500DE71C38,child,4,B4:BF:E9:32:FE:91,-77,0,441,441,0,0,0,0,0
122539613,NODE_20500DE71C38,child,4,B4:BF:E9:32:FE:91,-76,0,442,442,0,0,0,0,0
122639604,NODE_20500DE71C38,child,4,B4:BF:E9:32:FE:91,-76,0,442,442,0,0,0,0,0
122739611,NODE_20500DE71C38,child,4,B4:BF:E9:32:FE:91,-76,0,443,443,0,0,0,0,0
122839611,NODE_20500DE71C38,child,4,B4:BF:E9:32:FE:91,-76,0,443,443,0,0,0,0,0
122940383,NODE_20500DE71C38,child,4,B4:BF:E9:32:FE:91,-76,0,443,443,0,0,0,0,0
123039611,NODE_20500DE71C38,child,4,B4:BF:E9:32:FE:91,-76,0,444,444,0,0,0,0,0
123139607,NODE_20500DE71C38,child,4,B4:BF:E9:32:FE:91,-76,0,444,444,0,0,0,0,0
123239608,NODE_20500DE71C38,child,4,B4:BF:E9:32:FE:91,-76,0,445,445,0,0,0,0,0
123339603,NODE_20500DE71C38,child,4,B4:BF:E9:32:FE:91,-76,0,445,445,0,0,0,0,0
123440376,NODE_20500DE71C38,child,4,B4:BF:E9:32:FE:91,-76,0,445,445,0,0,0,0,0
123539612,NODE_20500DE71C38,child,4,B4:BF:E9:32:FE:91,-76,0,446,446,0,0,0,0,0
123639603,NODE_20500DE71C38,child,4,B4:BF:E9:32:FE:91,-76,0,446,446,0,0,0,0,0
123739607,NODE_20500DE71C38,child,4,B4:BF:E9:32:FE:91,-76,0,447,447,0,0,0,0,0
123839614,NODE_20500DE71C38,child,4,B4:BF:E9:32:FE:91,-77,0,447,447,0,0,0,0,0
123939603,NODE_20500DE71C38,child,4,B4:BF:E9:32:FE:91,-77,0,447,447,0,0,0,0,0
124039607,NODE_20500DE71C38,child,4,B4:BF:E9:32:FE:91,-77,0,448,448,0,0,0,0,0
124139612,NODE_20500DE71C38,child,4,B4:BF:E9:32:FE:91,-76,0,448,448,0,0,0,0,0
124239607,NODE_20500DE71C38,child,4,B4:BF:E9:32:FE:91,-76,0,449,449,0,0,0,0,0
124339611,NODE_20500DE71C38,child,4,B4:BF:E9:32:FE:91,-76,0,449,449,0,0,0,0,0
124439615,NODE_20500DE71C38,child,4,B4:BF:E9:32:FE:91,-76,0,449,449,0,0,0,0,0
124539607,NODE_20500DE71C38,child,4,B4:BF:E9:32:FE:91,-76,0,450,450,0,0,0,0,0
124639607,NODE_20500DE71C38,child,4,B4:BF:E9:32:FE:91,-76,0,450,450,0,0,0,0,0
124739608,NODE_20500DE71C38,child,4,B4:BF:E9:32:FE:91,-76,0,451,451,0,0,0,0,0
124839603,NODE_20500DE71C38,child,4,B4:BF:E9:32:FE:91,-76,0,451,451,0,0,0,0,0
124939607,NODE_20500DE71C38,child,4,B4:BF:E9:32:FE:91,-76,0,451,451,0,0,0,0,0
125039615,NODE_20500DE71C38,child,4,B4:BF:E9:32:FE:91,-76,0,452,452,0,0,0,0,0
125139603,NODE_20500DE71C38,child,4,B4:BF:E9:32:FE:91,-76,0,452,452,0,0,0,0,0
125239607,NODE_20500DE71C38,child,4,B4:BF:E9:32:FE:91,-76,0,453,453,0,0,0,0,0
125339612,NODE_20500DE71C38,child,4,B4:BF:E9:32:FE:91,-76,0,453,453,0,0,0,0,0
125439603,NODE_20500DE71C38,child,4,B4:BF:E9:32:FE:91,-76,0,453,453,0,0,0,0,0
125539611,NODE_20500DE71C38,child,4,B4:BF:E9:32:FE:91,-76,0,454,454,0,0,0,0,0
125639612,NODE_20500DE71C38,child,4,B4:BF:E9:32:FE:91,-75,0,454,454,0,0,0,0,0
125739607,NODE_20500DE71C38,child,4,B4:BF:E9:32:FE:91,-75,0,455,455,0,0,0,0,0
125839607,NODE_20500DE71C38,child,4,B4:BF:E9:32:FE:91,-75,0,455,455,0,0,0,0,0
125939615,NODE_20500DE71C38,child,4,B4:BF:E9:32:FE:91,-76,0,455,455,0,0,0,0,0
126039607,NODE_20500DE71C38,child,4,B4:BF:E9:32:FE:91,-76,0,456,456,0,0,0,0,0
126139607,NODE_20500DE71C38,child,4,B4:BF:E9:32:FE:91,-76,0,456,456,0,0,0,0,0
126239612,NODE_20500DE71C38,child,4,B4:BF:E9:32:FE:91,-76,0,457,457,0,0,0,0,0
126339607,NODE_20500DE71C38,child,4,B4:BF:E9:32:FE:91,-76,0,457,457,0,0,0,0,0
126439607,NODE_20500DE71C38,child,4,B4:BF:E9:32:FE:91,-76,0,457,457,0,0,0,0,0
126539615,NODE_20500DE71C38,child,4,B4:BF:E9:32:FE:91,-76,0,458,458,0,0,0,0,0
126639603,NODE_20500DE71C38,child,4,B4:BF:E9:32:FE:91,-76,0,458,458,0,0,0,0,0
126739611,NODE_20500DE71C38,child,4,B4:BF:E9:32:FE:91,-76,0,459,459,0,0,0,0,0
126839612,NODE_20500DE71C38,child,4,B4:BF:E9:32:FE:91,-75,0,459,459,0,0,0,0,0
126939603,NODE_20500DE71C38,child,4,B4:BF:E9:32:FE:91,-75,0,459,459,0,0,0,0,0
127039611,NODE_20500DE71C38,child,4,B4:BF:E9:32:FE:91,-75,0,460,460,0,0,0,0,0
127139615,NODE_20500DE71C38,child,4,B4:BF:E9:32:FE:91,-76,0,460,460,0,0,0,0,0
127239607,NODE_20500DE71C38,child,4,B4:BF:E9:32:FE:91,-76,0,461,461,0,0,0,0,0
127339607,NODE_20500DE71C38,child,4,B4:BF:E9:32:FE:91,-76,0,461,461,0,0,0,0,0
127439608,NODE_20500DE71C38,child,4,B4:BF:E9:32:FE:91,-76,0,461,461,0,0,0,0,0
127539607,NODE_20500DE71C38,child,4,B4:BF:E9:32:FE:91,-76,0,462,462,0,0,0,0,0
127639603,NODE_20500DE71C38,child,4,B4:BF:E9:32:FE:91,-76,0,462,462,0,0,0,0,0
127739608,NODE_20500DE71C38,child,4,B4:BF:E9:32:FE:91,-76,0,463,463,0,0,0,0,0
127839609,NODE_20500DE71C38,child,4,B4:BF:E9:32:FE:91,-76,0,463,463,0,0,0,0,0
127939603,NODE_20500DE71C38,child,4,B4:BF:E9:32:FE:91,-76,0,463,463,0,0,0,0,0
128039608,NODE_20500DE71C38,child,4,B4:BF:E9:32:FE:91,-76,0,464,464,0,0,0,0,0
128139611,NODE_20500DE71C38,child,4,B4:BF:E9:32:FE:91,-75,0,464,464,0,0,0,0,0
128239607,NODE_20500DE71C38,child,4,B4:BF:E9:32:FE:91,-75,0,465,465,0,0,0,0,0
128339612,NODE_20500DE71C38,child,4,B4:BF:E9:32:FE:91,-75,0,465,465,0,0,0,0,0
128439613,NODE_20500DE71C38,child,4,B4:BF:E9:32:FE:91,-76,0,465,465,0,0,0,0,0
128539607,NODE_20500DE71C38,child,4,B4:BF:E9:32:FE:91,-76,0,466,466,0,0,0,0,0
128639608,NODE_20500DE71C38,child,4,B4:BF:E9:32:FE:91,-76,0,466,466,0,0,0,0,0
128739607,NODE_20500DE71C38,child,4,B4:BF:E9:32:FE:91,-76,0,467,467,0,0,0,0,0
128839603,NODE_20500DE71C38,child,4,B4:BF:E9:32:FE:91,-76,0,467,467,0,0,0,0,0
128939608,NODE_20500DE71C38,child,4,B4:BF:E9:32:FE:91,-76,0,467,467,0,0,0,0,0
129039613,NODE_20500DE71C38,child,4,B4:BF:E9:32:FE:91,-76,0,468,468,0,0,0,0,0
129139603,NODE_20500DE71C38,child,4,B4:BF:E9:32:FE:91,-76,0,468,468,0,0,0,0,0
129239608,NODE_20500DE71C38,child,4,B4:BF:E9:32:FE:91,-76,0,469,469,0,0,0,0,0
129339611,NODE_20500DE71C38,child,4,B4:BF:E9:32:FE:91,-76,0,469,469,0,0,0,0,0
129439603,NODE_20500DE71C38,child,4,B4:BF:E9:32:FE:91,-76,0,469,469,0,0,0,0,0
129539612,NODE_20500DE71C38,child,4,B4:BF:E9:32:FE:91,-76,0,470,470,0,0,0,0,0
129639611,NODE_20500DE71C38,child,4,B4:BF:E9:32:FE:91,-76,0,470,470,0,0,0,0,0
129739607,NODE_20500DE71C38,child,4,B4:BF:E9:32:FE:91,-76,0,471,471,0,0,0,0,0
129839608,NODE_20500DE71C38,child,4,B4:BF:E9:32:FE:91,-76,0,471,471,0,0,0,0,0
129939613,NODE_20500DE71C38,child,4,B4:BF:E9:32:FE:91,-76,0,471,471,0,0,0,0,0
130039607,NODE_20500DE71C38,child,4,B4:BF:E9:32:FE:91,-76,0,472,472,0,0,0,0,0
130139608,NODE_20500DE71C38,child,4,B4:BF:E9:32:FE:91,-76,0,472,472,0,0,0,0,0
130239607,NODE_20500DE71C38,child,4,B4:BF:E9:32:FE:91,-76,0,473,473,0,0,0,0,0
130339607,NODE_20500DE71C38,child,4,B4:BF:E9:32:FE:91,-76,0,473,473,0,0,0,0,0
130439608,NODE_20500DE71C38,child,4,B4:BF:E9:32:FE:91,-76,0,473,473,0,0,0,0,0
130539613,NODE_20500DE71C38,child,4,B4:BF:E9:32:FE:91,-76,0,474,474,0,0,0,0,0
130639603,NODE_20500DE71C38,child,4,B4:BF:E9:32:FE:91,-76,0,474,474,0,0,0,0,0
130739608,NODE_20500DE71C38,child,4,B4:BF:E9:32:FE:91,-76,0,475,475,0,0,0,0,0
130839613,NODE_20500DE71C38,child,4,B4:BF:E9:32:FE:91,-76,0,475,475,0,0,0,0,0
130939603,NODE_20500DE71C38,child,4,B4:BF:E9:32:FE:91,-76,0,475,475,0,0,0,0,0
131039612,NODE_20500DE71C38,child,4,B4:BF:E9:32:FE:91,-76,0,476,476,0,0,0,0,0
131139613,NODE_20500DE71C38,child,4,B4:BF:E9:32:FE:91,-76,0,476,476,0,0,0,0,0
131239607,NODE_20500DE71C38,child,4,B4:BF:E9:32:FE:91,-76,0,477,477,0,0,0,0,0
131339608,NODE_20500DE71C38,child,4,B4:BF:E9:32:FE:91,-76,0,477,477,0,0,0,0,0
131439611,NODE_20500DE71C38,child,4,B4:BF:E9:32:FE:91,-76,0,477,477,0,0,0,0,0
131539607,NODE_20500DE71C38,child,4,B4:BF:E9:32:FE:91,-76,0,478,478,0,0,0,0,0
131639608,NODE_20500DE71C38,child,4,B4:BF:E9:32:FE:91,-76,0,478,478,0,0,0,0,0
131739607,NODE_20500DE71C38,child,4,B4:BF:E9:32:FE:91,-76,0,479,479,0,0,0,0,0
131839609,NODE_20500DE71C38,child,4,B4:BF:E9:32:FE:91,-76,0,479,479,0,0,0,0,0
131939604,NODE_20500DE71C38,child,4,B4:BF:E9:32:FE:91,-76,0,479,479,0,0,0,0,0
132039607,NODE_20500DE71C38,child,4,B4:BF:E9:32:FE:91,-76,0,480,480,0,0,0,0,0
132139611,NODE_20500DE71C38,child,4,B4:BF:E9:32:FE:91,-76,0,480,480,0,0,0,0,0
132239608,NODE_20500DE71C38,child,4,B4:BF:E9:32:FE:91,-76,0,481,481,0,0,0,0,0
132339607,NODE_20500DE71C38,child,4,B4:BF:E9:32:FE:91,-76,0,481,481,0,0,0,0,0
132439613,NODE_20500DE71C38,child,4,B4:BF:E9:32:FE:91,-76,0,481,481,0,0,0,0,0
132539608,NODE_20500DE71C38,child,4,B4:BF:E9:32:FE:91,-76,0,482,482,0,0,0,0,0
132639607,NODE_20500DE71C38,child,4,B4:BF:E9:32:FE:91,-76,0,482,482,0,0,0,0,0
132739607,NODE_20500DE71C38,child,4,B4:BF:E9:32:FE:91,-76,0,483,483,0,0,0,0,0
132839604,NODE_20500DE71C38,child,4,B4:BF:E9:32:FE:91,-76,0,483,483,0,0,0,0,0
132939607,NODE_20500DE71C38,child,4,B4:BF:E9:32:FE:91,-76,0,483,483,0,0,0,0,0
133039613,NODE_20500DE71C38,child,4,B4:BF:E9:32:FE:91,-76,0,484,484,0,0,0,0,0
133139600,NODE_20500DE71C38,child,4,B4:BF:E9:32:FE:91,-76,0,484,484,0,0,0,0,0
133239607,NODE_20500DE71C38,child,4,B4:BF:E9:32:FE:91,-76,0,485,485,0,0,0,0,0
133339611,NODE_20500DE71C38,child,4,B4:BF:E9:32:FE:91,-76,0,485,485,0,0,0,0,0
133439604,NODE_20500DE71C38,child,4,B4:BF:E9:32:FE:91,-76,0,485,485,0,0,0,0,0
133539611,NODE_20500DE71C38,child,4,B4:BF:E9:32:FE:91,-76,0,486,486,0,0,0,0,0
133639611,NODE_20500DE71C38,child,4,B4:BF:E9:32:FE:91,-76,0,486,486,0,0,0,0,0
133739604,NODE_20500DE71C38,child,4,B4:BF:E9:32:FE:91,-76,0,487,487,0,0,0,0,0
133839607,NODE_20500DE71C38,child,4,B4:BF:E9:32:FE:91,-76,0,487,487,0,0,0,0,0
133939613,NODE_20500DE71C38,child,4,B4:BF:E9:32:FE:91,-76,0,487,487,0,0,0,0,0
134039608,NODE_20500DE71C38,child,4,B4:BF:E9:32:FE:91,-76,0,488,488,0,0,0,0,0
134139607,NODE_20500DE71C38,child,4,B4:BF:E9:32:FE:91,-76,0,488,488,0,0,0,0,0
134239607,NODE_20500DE71C38,child,4,B4:BF:E9:32:FE:91,-76,0,489,489,0,0,0,0,0
134339604,NODE_20500DE71C38,child,4,B4:BF:E9:32:FE:91,-76,0,489,489,0,0,0,0,0
134439607,NODE_20500DE71C38,child,4,B4:BF:E9:32:FE:91,-76,0,489,489,0,0,0,0,0
134539611,NODE_20500DE71C38,child,4,B4:BF:E9:32:FE:91,-76,0,490,490,0,0,0,0,0
134639604,NODE_20500DE71C38,child,4,B4:BF:E9:32:FE:91,-76,0,490,490,0,0,0,0,0
134739603,NODE_20500DE71C38,child,4,B4:BF:E9:32:FE:91,-76,0,491,491,0,0,0,0,0
134839613,NODE_20500DE71C38,child,4,B4:BF:E9:32:FE:91,-76,0,491,491,0,0,0,0,0
134939604,NODE_20500DE71C38,child,4,B4:BF:E9:32:FE:91,-76,0,491,491,0,0,0,0,0
135039611,NODE_20500DE71C38,child,4,B4:BF:E9:32:FE:91,-76,0,492,492,0,0,0,0,0
135139611,NODE_20500DE71C38,child,4,B4:BF:E9:32:FE:91,-75,0,492,492,0,0,0,0,0
135239608,NODE_20500DE71C38,child,4,B4:BF:E9:32:FE:91,-75,0,493,493,0,0,0,0,0
135339607,NODE_20500DE71C38,child,4,B4:BF:E9:32:FE:91,-75,0,493,493,0,0,0,0,0
135439611,NODE_20500DE71C38,child,4,B4:BF:E9:32:FE:91,-77,0,493,493,0,0,0,0,0
135539608,NODE_20500DE71C38,child,4,B4:BF:E9:32:FE:91,-77,0,494,494,0,0,0,0,0
135639607,NODE_20500DE71C38,child,4,B4:BF:E9:32:FE:91,-77,0,494,494,0,0,0,0,0
135739833,NODE_20500DE71C38,child,4,B4:BF:E9:32:FE:91,-76,0,495,495,0,0,0,0,0
135839604,NODE_20500DE71C38,child,4,B4:BF:E9:32:FE:91,-76,0,495,495,0,0,0,0,0
135939607,NODE_20500DE71C38,child,4,B4:BF:E9:32:FE:91,-76,0,495,495,0,0,0,0,0
136039607,NODE_20500DE71C38,child,4,B4:BF:E9:32:FE:91,-76,0,496,496,0,0,0,0,0
136139612,NODE_20500DE71C38,child,4,B4:BF:E9:32:FE:91,-76,0,496,496,0,0,0,0,0
136240292,NODE_20500DE71C38,child,4,B4:BF:E9:32:FE:91,-76,0,497,497,0,0,0,0,0
136339611,NODE_20500DE71C38,child,4,B4:BF:E9:32:FE:91,-76,0,497,497,0,0,0,0,0
136439615,NODE_20500DE71C38,child,4,B4:BF:E9:32:FE:91,-76,0,497,497,0,0,0,0,0
136539607,NODE_20500DE71C38,child,4,B4:BF:E9:32:FE:91,-76,0,498,498,0,0,0,0,0
136639611,NODE_20500DE71C38,child,4,B4:BF:E9:32:FE:91,-76,0,498,498,0,0,0,0,0
136739608,NODE_20500DE71C38,child,4,B4:BF:E9:32:FE:91,-76,0,499,499,0,0,0,0,0
136839603,NODE_20500DE71C38,child,4,B4:BF:E9:32:FE:91,-76,0,499,499,0,0,0,0,0
136939607,NODE_20500DE71C38,child,4,B4:BF:E9:32:FE:91,-76,0,499,499,0,0,0,0,0
137039608,NODE_20500DE71C38,child,4,B4:BF:E9:32:FE:91,-76,0,500,500,0,0,0,0,0
137139603,NODE_20500DE71C38,child,4,B4:BF:E9:32:FE:91,-76,0,500,500,0,0,0,0,0
137239607,NODE_20500DE71C38,child,4,B4:BF:E9:32:FE:91,-76,0,501,501,0,0,0,0,0
137339612,NODE_20500DE71C38,child,4,B4:BF:E9:32:FE:91,-76,0,501,501,0,0,0,0,0
137439603,NODE_20500DE71C38,child,4,B4:BF:E9:32:FE:91,-76,0,501,501,0,0,0,0,0
137539611,NODE_20500DE71C38,child,4,B4:BF:E9:32:FE:91,-76,0,502,502,0,0,0,0,0
137639615,NODE_20500DE71C38,child,4,B4:BF:E9:32:FE:91,-76,0,502,502,0,0,0,0,0
137739607,NODE_20500DE71C38,child,4,B4:BF:E9:32:FE:91,-76,0,503,503,0,0,0,0,0
137839607,NODE_20500DE71C38,child,4,B4:BF:E9:32:FE:91,-76,0,503,503,0,0,0,0,0
137939612,NODE_20500DE71C38,child,4,B4:BF:E9:32:FE:91,-76,0,503,503,0,0,0,0,0
138039607,NODE_20500DE71C38,child,4,B4:BF:E9:32:FE:91,-76,0,504,504,0,0,0,0,0
138139607,NODE_20500DE71C38,child,4,B4:BF:E9:32:FE:91,-76,0,504,504,0,0,0,0,0
138239608,NODE_20500DE71C38,child,4,B4:BF:E9:32:FE:91,-75,0,505,505,0,0,0,0,0
138339603,NODE_20500DE71C38,child,4,B4:BF:E9:32:FE:91,-75,0,505,505,0,0,0,0,0
138439607,NODE_20500DE71C38,child,4,B4:BF:E9:32:FE:91,-75,0,505,505,0,0,0,0,0
138539612,NODE_20500DE71C38,child,4,B4:BF:E9:32:FE:91,-76,0,506,506,0,0,0,0,0
138639603,NODE_20500DE71C38,child,4,B4:BF:E9:32:FE:91,-76,0,506,506,0,0,0,0,0
138739603,NODE_20500DE71C38,child,4,B4:BF:E9:32:FE:91,-76,0,507,507,0,0,0,0,0
138839615,NODE_20500DE71C38,child,4,B4:BF:E9:32:FE:91,-76,0,507,507,0,0,0,0,0
138939603,NODE_20500DE71C38,child,4,B4:BF:E9:32:FE:91,-76,0,507,507,0,0,0,0,0
139039611,NODE_20500DE71C38,child,4,B4:BF:E9:32:FE:91,-76,0,508,508,0,0,0,0,0
139139612,NODE_20500DE71C38,child,4,B4:BF:E9:32:FE:91,-76,0,508,508,0,0,0,0,0
139239607,NODE_20500DE71C38,child,4,B4:BF:E9:32:FE:91,-76,0,509,509,0,0,0,0,0
139339607,NODE_20500DE71C38,child,4,B4:BF:E9:32:FE:91,-76,0,509,509,0,0,0,0,0
139439612,NODE_20500DE71C38,child,4,B4:BF:E9:32:FE:91,-76,0,509,509,0,0,0,0,0
139539607,NODE_20500DE71C38,child,4,B4:BF:E9:32:FE:91,-76,0,510,510,0,0,0,0,0
139639607,NODE_20500DE71C38,child,4,B4:BF:E9:32:FE:91,-76,0,510,510,0,0,0,0,0
139739615,NODE_20500DE71C38,child,4,B4:BF:E9:32:FE:91,-76,0,511,511,0,0,0,0,0
139839603,NODE_20500DE71C38,child,4,B4:BF:E9:32:FE:91,-76,0,511,511,0,0,0,0,0
139939607,NODE_20500DE71C38,child,4,B4:BF:E9:32:FE:91,-76,0,511,511,0,0,0,0,0
140039612,NODE_20500DE71C38,child,4,B4:BF:E9:32:FE:91,-76,0,512,512,0,0,0,0,0
140139603,NODE_20500DE71C38,child,4,B4:BF:E9:32:FE:91,-76,0,512,512,0,0,0,0,0
140239611,NODE_20500DE71C38,child,4,B4:BF:E9:32:FE:91,-76,0,513,513,0,0,0,0,0
140339608,NODE_20500DE71C38,child,4,B4:BF:E9:32:FE:91,-76,0,513,513,0,0,0,0,0
140439613,NODE_20500DE71C38,child,4,B4:BF:E9:32:FE:91,-76,0,513,513,0,0,0,0,0
140539607,NODE_20500DE71C38,child,4,B4:BF:E9:32:FE:91,-76,0,514,514,0,0,0,0,0
140639608,NODE_20500DE71C38,child,4,B4:BF:E9:32:FE:91,-76,0,514,514,0,0,0,0,0
140739607,NODE_20500DE71C38,child,4,B4:BF:E9:32:FE:91,-76,0,515,515,0,0,0,0,0
140839609,NODE_20500DE71C38,child,4,B4:BF:E9:32:FE:91,-76,0,515,515,0,0,0,0,0
140939608,NODE_20500DE71C38,child,4,B4:BF:E9:32:FE:91,-76,0,515,515,0,0,0,0,0
141039607,NODE_20500DE71C38,child,4,B4:BF:E9:32:FE:91,-76,0,516,516,0,0,0,0,0
141139603,NODE_20500DE71C38,child,4,B4:BF:E9:32:FE:91,-76,0,516,516,0,0,0,0,0
141239608,NODE_20500DE71C38,child,4,B4:BF:E9:32:FE:91,-76,0,517,517,0,0,0,0,0
141339611,NODE_20500DE71C38,child,4,B4:BF:E9:32:FE:91,-76,0,517,517,0,0,0,0,0
141439603,NODE_20500DE71C38,child,4,B4:BF:E9:32:FE:91,-76,0,517,517,0,0,0,0,0
141539608,NODE_20500DE71C38,child,4,B4:BF:E9:32:FE:91,-76,0,518,518,0,0,0,0,0
141639611,NODE_20500DE71C38,child,4,B4:BF:E9:32:FE:91,-76,0,518,518,0,0,0,0,0
141739607,NODE_20500DE71C38,child,4,B4:BF:E9:32:FE:91,-76,0,519,519,0,0,0,0,0
141839608,NODE_20500DE71C38,child,4,B4:BF:E9:32:FE:91,-76,0,519,519,0,0,0,0,0
141939611,NODE_20500DE71C38,child,4,B4:BF:E9:32:FE:91,-76,0,519,519,0,0,0,0,0
142039607,NODE_20500DE71C38,child,4,B4:BF:E9:32:FE:91,-76,0,520,520,0,0,0,0,0
142139608,NODE_20500DE71C38,child,4,B4:BF:E9:32:FE:91,-76,0,520,520,0,0,0,0,0
142239607,NODE_20500DE71C38,child,4,B4:BF:E9:32:FE:91,-76,0,521,521,0,0,0,0,0
142339603,NODE_20500DE71C38,child,4,B4:BF:E9:32:FE:91,-76,0,521,521,0,0,0,0,0
142439608,NODE_20500DE71C38,child,4,B4:BF:E9:32:FE:91,-76,0,521,521,0,0,0,0,0
142539611,NODE_20500DE71C38,child,4,B4:BF:E9:32:FE:91,-76,0,522,522,0,0,0,0,0
142639603,NODE_20500DE71C38,child,4,B4:BF:E9:32:FE:91,-76,0,522,522,0,0,0,0,0
142739608,NODE_20500DE71C38,child,4,B4:BF:E9:32:FE:91,-76,0,523,523,0,0,0,0,0
142839613,NODE_20500DE71C38,child,4,B4:BF:E9:32:FE:91,-75,0,523,523,0,0,0,0,0
142939603,NODE_20500DE71C38,child,4,B4:BF:E9:32:FE:91,-75,0,523,523,0,0,0,0,0
143039612,NODE_20500DE71C38,child,4,B4:BF:E9:32:FE:91,-75,0,524,524,0,0,0,0,0
143139611,NODE_20500DE71C38,child,4,B4:BF:E9:32:FE:91,-76,0,524,524,0,0,0,0,0
143239607,NODE_20500DE71C38,child,4,B4:BF:E9:32:FE:91,-76,0,525,525,0,0,0,0,0
143339608,NODE_20500DE71C38,child,4,B4:BF:E9:32:FE:91,-76,0,525,525,0,0,0,0,0
143439611,NODE_20500DE71C38,child,4,B4:BF:E9:32:FE:91,-76,0,525,525,0,0,0,0,0
143539607,NODE_20500DE71C38,child,4,B4:BF:E9:32:FE:91,-76,0,526,526,0,0,0,0,0
143639608,NODE_20500DE71C38,child,4,B4:BF:E9:32:FE:91,-76,0,526,526,0,0,0,0,0
143739607,NODE_20500DE71C38,child,4,B4:BF:E9:32:FE:91,-76,0,527,527,0,0,0,0,0
143839603,NODE_20500DE71C38,child,4,B4:BF:E9:32:FE:91,-76,0,527,527,0,0,0,0,0
143939608,NODE_20500DE71C38,child,4,B4:BF:E9:32:FE:91,-76,0,527,527,0,0,0,0,0
144039611,NODE_20500DE71C38,child,4,B4:BF:E9:32:FE:91,-76,0,528,528,0,0,0,0,0
144139603,NODE_20500DE71C38,child,4,B4:BF:E9:32:FE:91,-76,0,528,528,0,0,0,0,0
144239612,NODE_20500DE71C38,child,4,B4:BF:E9:32:FE:91,-76,0,529,529,0,0,0,0,0
144339611,NODE_20500DE71C38,child,4,B4:BF:E9:32:FE:91,-76,0,529,529,0,0,0,0,0
144439603,NODE_20500DE71C38,child,4,B4:BF:E9:32:FE:91,-76,0,529,529,0,0,0,0,0
144539612,NODE_20500DE71C38,child,4,B4:BF:E9:32:FE:91,-76,0,530,530,0,0,0,0,0
144639607,NODE_20500DE71C38,child,4,B4:BF:E9:32:FE:91,-76,0,530,530,0,0,0,0,0
144739607,NODE_20500DE71C38,child,4,B4:BF:E9:32:FE:91,-76,0,531,531,0,0,0,0,0
144839607,NODE_20500DE71C38,child,4,B4:BF:E9:32:FE:91,-76,0,531,531,0,0,0,0,0
144939607,NODE_20500DE71C38,child,4,B4:BF:E9:32:FE:91,-76,0,531,531,0,0,0,0,0
145039607,NODE_20500DE71C38,child,4,B4:BF:E9:32:FE:91,-75,0,532,532,0,0,0,0,0
145139604,NODE_20500DE71C38,child,4,B4:BF:E9:32:FE:91,-75,0,532,532,0,0,0,0,0
145239607,NODE_20500DE71C38,child,4,B4:BF:E9:32:FE:91,-75,0,533,533,0,0,0,0,0
145339613,NODE_20500DE71C38,child,4,B4:BF:E9:32:FE:91,-76,0,533,533,0,0,0,0,0
145439604,NODE_20500DE71C38,child,4,B4:BF:E9:32:FE:91,-76,0,533,533,0,0,0,0,0
145539607,NODE_20500DE71C38,child,4,B4:BF:E9:32:FE:91,-76,0,534,534,0,0,0,0,0
145639611,NODE_20500DE71C38,child,4,B4:BF:E9:32:FE:91,-76,0,534,534,0,0,0,0,0
145739608,NODE_20500DE71C38,child,4,B4:BF:E9:32:FE:91,-76,0,535,535,0,0,0,0,0
145839607,NODE_20500DE71C38,child,4,B4:BF:E9:32:FE:91,-76,0,535,535,0,0,0,0,0
145939611,NODE_20500DE71C38,child,4,B4:BF:E9:32:FE:91,-76,0,535,535,0,0,0,0,0
146039608,NODE_20500DE71C38,child,4,B4:BF:E9:32:FE:91,-76,0,536,536,0,0,0,0,0
146139607,NODE_20500DE71C38,child,4,B4:BF:E9:32:FE:91,-76,0,536,536,0,0,0,0,0
146239607,NODE_20500DE71C38,child,4,B4:BF:E9:32:FE:91,-76,0,537,537,0,0,0,0,0
146339604,NODE_20500DE71C38,child,4,B4:BF:E9:32:FE:91,-76,0,537,537,0,0,0,0,0
146439607,NODE_20500DE71C38,child,4,B4:BF:E9:32:FE:91,-76,0,537,537,0,0,0,0,0
146539611,NODE_20500DE71C38,child,4,B4:BF:E9:32:FE:91,-76,0,538,538,0,0,0,0,0
146639604,NODE_20500DE71C38,child,4,B4:BF:E9:32:FE:91,-76,0,538,538,0,0,0,0,0
146740377,NODE_20500DE71C38,child,4,B4:BF:E9:32:FE:91,-76,0,538,538,0,0,0,0,0
146839611,NODE_20500DE71C38,child,4,B4:BF:E9:32:FE:91,-76,0,539,539,0,0,0,0,0
146939604,NODE_20500DE71C38,child,4,B4:BF:E9:32:FE:91,-76,0,539,539,0,0,0,0,0
147039607,NODE_20500DE71C38,child,4,B4:BF:E9:32:FE:91,-76,0,540,540,0,0,0,0,0
147139611,NODE_20500DE71C38,child,4,B4:BF:E9:32:FE:91,-76,0,540,540,0,0,0,0,0
147239604,NODE_20500DE71C38,child,4,B4:BF:E9:32:FE:91,-76,0,540,540,0,0,0,0,0
147339611,NODE_20500DE71C38,child,4,B4:BF:E9:32:FE:91,-76,0,541,541,0,0,0,0,0
147439611,NODE_20500DE71C38,child,4,B4:BF:E9:32:FE:91,-76,0,541,541,0,0,0,0,0
147539608,NODE_20500DE71C38,child,4,B4:BF:E9:32:FE:91,-76,0,542,542,0,0,0,0,0
147639607,NODE_20500DE71C38,child,4,B4:BF:E9:32:FE:91,-76,0,542,542,0,0,0,0,0
147739611,NODE_20500DE71C38,child,4,B4:BF:E9:32:FE:91,-76,0,542,542,0,0,0,0,0
147839608,NODE_20500DE71C38,child,4,B4:BF:E9:32:FE:91,-76,0,543,543,0,0,0,0,0
147939607,NODE_20500DE71C38,child,4,B4:BF:E9:32:FE:91,-76,0,543,543,0,0,0,0,0
148039613,NODE_20500DE71C38,child,4,B4:BF:E9:32:FE:91,-76,0,544,544,0,0,0,0,0
148139604,NODE_20500DE71C38,child,4,B4:BF:E9:32:FE:91,-76,0,544,544,0,0,0,0,0
148239607,NODE_20500DE71C38,child,4,B4:BF:E9:32:FE:91,-76,0,544,544,0,0,0,0,0
148339611,NODE_20500DE71C38,child,4,B4:BF:E9:32:FE:91,-76,0,545,545,0,0,0,0,0
148439604,NODE_20500DE71C38,child,4,B4:BF:E9:32:FE:91,-76,0,545,545,0,0,0,0,0
148539611,NODE_20500DE71C38,child,4,B4:BF:E9:32:FE:91,-76,0,546,546,0,0,0,0,0
148639922,NODE_20500DE71C38,child,4,B4:BF:E9:32:FE:91,-76,0,546,546,0,0,0,0,0
148739611,NODE_20500DE71C38,child,4,B4:BF:E9:32:FE:91,-76,0,546,546,0,0,0,0,0
148839747,NODE_20500DE71C38,child,4,B4:BF:E9:32:FE:91,-76,0,547,547,0,0,0,0,0
148939607,NODE_20500DE71C38,child,4,B4:BF:E9:32:FE:91,-76,0,547,547,0,0,0,0,0
149039608,NODE_20500DE71C38,child,4,B4:BF:E9:32:FE:91,-75,0,548,548,0,0,0,0,0
149139603,NODE_20500DE71C38,child,4,B4:BF:E9:32:FE:91,-75,0,548,548,0,0,0,0,0
149239611,NODE_20500DE71C38,child,4,B4:BF:E9:32:FE:91,-75,0,548,548,0,0,0,0,0
149339612,NODE_20500DE71C38,child,4,B4:BF:E9:32:FE:91,-76,0,549,549,0,0,0,0,0
149439603,NODE_20500DE71C38,child,4,B4:BF:E9:32:FE:91,-76,0,549,549,0,0,0,0,0
149539607,NODE_20500DE71C38,child,4,B4:BF:E9:32:FE:91,-76,0,550,550,0,0,0,0,0
149639612,NODE_20500DE71C38,child,4,B4:BF:E9:32:FE:91,-76,0,550,550,0,0,0,0,0
149739603,NODE_20500DE71C38,child,4,B4:BF:E9:32:FE:91,-76,0,550,550,0,0,0,0,0
149839607,NODE_20500DE71C38,child,4,B4:BF:E9:32:FE:91,-76,0,551,551,0,0,0,0,0
149939612,NODE_20500DE71C38,child,4,B4:BF:E9:32:FE:91,-76,0,551,551,0,0,0,0,0
150039607,NODE_20500DE71C38,child,4,B4:BF:E9:32:FE:91,-76,0,552,552,0,0,0,0,0
150139607,NODE_20500DE71C38,child,4,B4:BF:E9:32:FE:91,-76,0,552,552,0,0,0,0,0
150239612,NODE_20500DE71C38,child,4,B4:BF:E9:32:FE:91,-76,0,552,552,0,0,0,0,0
150339607,NODE_20500DE71C38,child,4,B4:BF:E9:32:FE:91,-76,0,553,553,0,0,0,0,0
150439607,NODE_20500DE71C38,child,4,B4:BF:E9:32:FE:91,-76,0,553,553,0,0,0,0,0
150539608,NODE_20500DE71C38,child,4,B4:BF:E9:32:FE:91,-76,0,554,554,0,0,0,0,0
150639603,NODE_20500DE71C38,child,4,B4:BF:E9:32:FE:91,-76,0,554,554,0,0,0,0,0
150739609,NODE_20500DE71C38,child,4,B4:BF:E9:32:FE:91,-76,0,554,554,0,0,0,0,0
150839610,NODE_20500DE71C38,child,4,B4:BF:E9:32:FE:91,-76,0,555,555,0,0,0,0,0
150939603,NODE_20500DE71C38,child,4,B4:BF:E9:32:FE:91,-76,0,555,555,0,0,0,0,0
151039607,NODE_20500DE71C38,child,4,B4:BF:E9:32:FE:91,-76,0,556,556,0,0,0,0,0
151139612,NODE_20500DE71C38,child,4,B4:BF:E9:32:FE:91,-75,0,556,556,0,0,0,0,0
151239603,NODE_20500DE71C38,child,4,B4:BF:E9:32:FE:91,-75,0,556,556,0,0,0,0,0
151339611,NODE_20500DE71C38,child,4,B4:BF:E9:32:FE:91,-75,0,557,557,0,0,0,0,0
151439612,NODE_20500DE71C38,child,4,B4:BF:E9:32:FE:91,-76,0,557,557,0,0,0,0,0
151539607,NODE_20500DE71C38,child,4,B4:BF:E9:32:FE:91,-76,0,558,558,0,0,0,0,0
151639607,NODE_20500DE71C38,child,4,B4:BF:E9:32:FE:91,-76,0,558,558,0,0,0,0,0
151739608,NODE_20500DE71C38,child,4,B4:BF:E9:32:FE:91,-76,0,558,558,0,0,0,0,0
151839607,NODE_20500DE71C38,child,4,B4:BF:E9:32:FE:91,-76,0,559,559,0,0,0,0,0
151939607,NODE_20500DE71C38,child,4,B4:BF:E9:32:FE:91,-76,0,559,559,0,0,0,0,0
152039608,NODE_20500DE71C38,child,4,B4:BF:E9:32:FE:91,-76,0,560,560,0,0,0,0,0
152139603,NODE_20500DE71C38,child,4,B4:BF:E9:32:FE:91,-76,0,560,560,0,0,0,0,0
152239607,NODE_20500DE71C38,child,4,B4:BF:E9:32:FE:91,-76,0,560,560,0,0,0,0,0
152339612,NODE_20500DE71C38,child,4,B4:BF:E9:32:FE:91,-77,0,561,561,0,0,0,0,0
152439603,NODE_20500DE71C38,child,4,B4:BF:E9:32:FE:91,-77,0,561,561,0,0,0,0,0
152539611,NODE_20500DE71C38,child,4,B4:BF:E9:32:FE:91,-77,0,562,562,0,0,0,0,0
152639612,NODE_20500DE71C38,child,4,B4:BF:E9:32:FE:91,-76,0,562,562,0,0,0,0,0
152739609,NODE_20500DE71C38,child,4,B4:BF:E9:32:FE:91,-76,0,562,562,0,0,0,0,0
152839611,NODE_20500DE71C38,child,4,B4:BF:E9:32:FE:91,-76,0,563,563,0,0,0,0,0
152939612,NODE_20500DE71C38,child,4,B4:BF:E9:32:FE:91,-76,0,563,563,0,0,0,0,0
153039607,NODE_20500DE71C38,child,4,B4:BF:E9:32:FE:91,-76,0,564,564,0,0,0,0,0
153139603,NODE_20500DE71C38,child,4,B4:BF:E9:32:FE:91,-76,0,564,564,0,0,0,0,0
153239608,NODE_20500DE71C38,child,4,B4:BF:E9:32:FE:91,-76,0,564,564,0,0,0,0,0
153339607,NODE_20500DE71C38,child,4,B4:BF:E9:32:FE:91,-76,0,565,565,0,0,0,0,0
153439603,NODE_20500DE71C38,child,4,B4:BF:E9:32:FE:91,-76,0,565,565,0,0,0,0,0
153539608,NODE_20500DE71C38,child,4,B4:BF:E9:32:FE:91,-76,0,566,566,0,0,0,0,0
153639611,NODE_20500DE71C38,child,4,B4:BF:E9:32:FE:91,-76,0,566,566,0,0,0,0,0
153739603,NODE_20500DE71C38,child,4,B4:BF:E9:32:FE:91,-76,0,566,566,0,0,0,0,0
153839608,NODE_20500DE71C38,child,4,B4:BF:E9:32:FE:91,-76,0,567,567,0,0,0,0,0
153939611,NODE_20500DE71C38,child,4,B4:BF:E9:32:FE:91,-76,0,567,567,0,0,0,0,0
154039607,NODE_20500DE71C38,child,4,B4:BF:E9:32:FE:91,-76,0,568,568,0,0,0,0,0
154139608,NODE_20500DE71C38,child,4,B4:BF:E9:32:FE:91,-76,0,568,568,0,0,0,0,0
154239611,NODE_20500DE71C38,child,4,B4:BF:E9:32:FE:91,-76,0,568,568,0,0,0,0,0
154339607,NODE_20500DE71C38,child,4,B4:BF:E9:32:FE:91,-76,0,569,569,0,0,0,0,0
154439608,NODE_20500DE71C38,child,4,B4:BF:E9:32:FE:91,-76,0,569,569,0,0,0,0,0
154539607,NODE_20500DE71C38,child,4,B4:BF:E9:32:FE:91,-76,0,570,570,0,0,0,0,0
154639603,NODE_20500DE71C38,child,4,B4:BF:E9:32:FE:91,-76,0,570,570,0,0,0,0,0
154739615,NODE_20500DE71C38,child,4,B4:BF:E9:32:FE:91,-76,0,570,570,0,0,0,0,0
154839611,NODE_20500DE71C38,child,4,B4:BF:E9:32:FE:91,-76,0,571,571,0,0,0,0,0
154939603,NODE_20500DE71C38,child,4,B4:BF:E9:32:FE:91,-76,0,571,571,0,0,0,0,0
155039608,NODE_20500DE71C38,child,4,B4:BF:E9:32:FE:91,-76,0,572,572,0,0,0,0,0
155139611,NODE_20500DE71C38,child,4,B4:BF:E9:32:FE:91,-76,0,572,572,0,0,0,0,0
155239609,NODE_20500DE71C38,child,4,B4:BF:E9:32:FE:91,-76,0,572,572,0,0,0,0,0
155339612,NODE_20500DE71C38,child,4,B4:BF:E9:32:FE:91,-76,0,573,573,0,0,0,0,0
155439611,NODE_20500DE71C38,child,4,B4:BF:E9:32:FE:91,-76,0,573,573,0,0,0,0,0
155539607,NODE_20500DE71C38,child,4,B4:BF:E9:32:FE:91,-76,0,574,574,0,0,0,0,0
155639608,NODE_20500DE71C38,child,4,B4:BF:E9:32:FE:91,-76,0,574,574,0,0,0,0,0
155739611,NODE_20500DE71C38,child,4,B4:BF:E9:32:FE:91,-76,0,574,574,0,0,0,0,0
155839607,NODE_20500DE71C38,child,4,B4:BF:E9:32:FE:91,-76,0,575,575,0,0,0,0,0
155939608,NODE_20500DE71C38,child,4,B4:BF:E9:32:FE:91,-76,0,575,575,0,0,0,0,0
156039607,NODE_20500DE71C38,child,4,B4:BF:E9:32:FE:91,-76,0,576,576,0,0,0,0,0
156139603,NODE_20500DE71C38,child,4,B4:BF:E9:32:FE:91,-76,0,576,576,0,0,0,0,0
156239608,NODE_20500DE71C38,child,4,B4:BF:E9:32:FE:91,-76,0,576,576,0,0,0,0,0
156339611,NODE_20500DE71C38,child,4,B4:BF:E9:32:FE:91,-76,0,577,577,0,0,0,0,0
156439603,NODE_20500DE71C38,child,4,B4:BF:E9:32:FE:91,-76,0,577,577,0,0,0,0,0
156539608,NODE_20500DE71C38,child,4,B4:BF:E9:32:FE:91,-76,0,578,578,0,0,0,0,0
156639611,NODE_20500DE71C38,child,4,B4:BF:E9:32:FE:91,-76,0,578,578,0,0,0,0,0
156739603,NODE_20500DE71C38,child,4,B4:BF:E9:32:FE:91,-76,0,578,578,0,0,0,0,0
156839612,NODE_20500DE71C38,child,4,B4:BF:E9:32:FE:91,-76,0,579,579,0,0,0,0,0
156939611,NODE_20500DE71C38,child,4,B4:BF:E9:32:FE:91,-75,0,579,579,0,0,0,0,0
157039607,NODE_20500DE71C38,child,4,B4:BF:E9:32:FE:91,-75,0,580,580,0,0,0,0,0
157139608,NODE_20500DE71C38,child,4,B4:BF:E9:32:FE:91,-75,0,580,580,0,0,0,0,0
157240377,NODE_20500DE71C38,child,4,B4:BF:E9:32:FE:91,-76,0,580,580,0,0,0,0,0
157339607,NODE_20500DE71C38,child,4,B4:BF:E9:32:FE:91,-76,0,581,581,0,0,0,0,0
157439604,NODE_20500DE71C38,child,4,B4:BF:E9:32:FE:91,-76,0,581,581,0,0,0,0,0
157539881,NODE_20500DE71C38,child,4,B4:BF:E9:32:FE:91,-76,0,582,582,0,0,0,0,0
157639611,NODE_20500DE71C38,child,4,B4:BF:E9:32:FE:91,-76,0,582,582,0,0,0,0,0
157739604,NODE_20500DE71C38,child,4,B4:BF:E9:32:FE:91,-76,0,582,582,0,0,0,0,0
157839607,NODE_20500DE71C38,child,4,B4:BF:E9:32:FE:91,-76,0,583,583,0,0,0,0,0
157939607,NODE_20500DE71C38,child,4,B4:BF:E9:32:FE:91,-76,0,583,583,0,0,0,0,0
158039608,NODE_20500DE71C38,child,4,B4:BF:E9:32:FE:91,-76,0,584,584,0,0,0,0,0
158139611,NODE_20500DE71C38,child,4,B4:BF:E9:32:FE:91,-76,0,584,584,0,0,0,0,0
158239611,NODE_20500DE71C38,child,4,B4:BF:E9:32:FE:91,-75,0,584,584,0,0,0,0,0
158339608,NODE_20500DE71C38,child,4,B4:BF:E9:32:FE:91,-75,0,585,585,0,0,0,0,0
158439607,NODE_20500DE71C38,child,4,B4:BF:E9:32:FE:91,-75,0,585,585,0,0,0,0,0
158539607,NODE_20500DE71C38,child,4,B4:BF:E9:32:FE:91,-76,0,586,586,0,0,0,0,0
158639604,NODE_20500DE71C38,child,4,B4:BF:E9:32:FE:91,-76,0,586,586,0,0,0,0,0
158739607,NODE_20500DE71C38,child,4,B4:BF:E9:32:FE:91,-76,0,586,586,0,0,0,0,0
158839607,NODE_20500DE71C38,child,4,B4:BF:E9:32:FE:91,-76,0,587,587,0,0,0,0,0
158939604,NODE_20500DE71C38,child,4,B4:BF:E9:32:FE:91,-76,0,587,587,0,0,0,0,0
159039607,NODE_20500DE71C38,child,4,B4:BF:E9:32:FE:91,-76,0,588,588,0,0,0,0,0
159139611,NODE_20500DE71C38,child,4,B4:BF:E9:32:FE:91,-76,0,588,588,0,0,0,0,0
159239611,NODE_20500DE71C38,child,4,B4:BF:E9:32:FE:91,-76,0,588,588,0,0,0,0,0
159339611,NODE_20500DE71C38,child,4,B4:BF:E9:32:FE:91,-76,0,589,589,0,0,0,0,0
159439611,NODE_20500DE71C38,child,4,B4:BF:E9:32:FE:91,-76,0,589,589,0,0,0,0,0
159539608,NODE_20500DE71C38,child,4,B4:BF:E9:32:FE:91,-76,0,590,590,0,0,0,0,0
159639607,NODE_20500DE71C38,child,4,B4:BF:E9:32:FE:91,-76,0,590,590,0,0,0,0,0
159739611,NODE_20500DE71C38,child,4,B4:BF:E9:32:FE:91,-76,0,590,590,0,0,0,0,0
159839608,NODE_20500DE71C38,child,4,B4:BF:E9:32:FE:91,-76,0,591,591,0,0,0,0,0
159939607,NODE_20500DE71C38,child,4,B4:BF:E9:32:FE:91,-76,0,591,591,0,0,0,0,0
160039607,NODE_20500DE71C38,child,4,B4:BF:E9:32:FE:91,-75,0,592,592,0,0,0,0,0
160139604,NODE_20500DE71C38,child,4,B4:BF:E9:32:FE:91,-75,0,592,592,0,0,0,0,0
160239611,NODE_20500DE71C38,child,4,B4:BF:E9:32:FE:91,-75,0,592,592,0,0,0,0,0
160339611,NODE_20500DE71C38,child,4,B4:BF:E9:32:FE:91,-76,0,593,593,0,0,0,0,0
160439604,NODE_20500DE71C38,child,4,B4:BF:E9:32:FE:91,-76,0,593,593,0,0,0,0,0
160539607,NODE_20500DE71C38,child,4,B4:BF:E9:32:FE:91,-76,0,594,594,0,0,0,0,0
160639611,NODE_20500DE71C38,child,4,B4:BF:E9:32:FE:91,-76,0,594,594,0,0,0,0,0
160739604,NODE_20500DE71C38,child,4,B4:BF:E9:32:FE:91,-76,0,594,594,0,0,0,0,0
160839611,NODE_20500DE71C38,child,4,B4:BF:E9:32:FE:91,-76,0,595,595,0,0,0,0,0
160939613,NODE_20500DE71C38,child,4,B4:BF:E9:32:FE:91,-76,0,595,595,0,0,0,0,0
161039685,NODE_20500DE71C38,child,4,B4:BF:E9:32:FE:91,-76,0,595,595,0,0,0,0,0
161139611,NODE_20500DE71C38,child,4,B4:BF:E9:32:FE:91,-76,0,596,596,0,0,0,0,0
161239617,NODE_20500DE71C38,child,4,B4:BF:E9:32:FE:91,-76,0,596,596,0,0,0,0,0
161339608,NODE_20500DE71C38,child,4,B4:BF:E9:32:FE:91,-76,0,597,597,0,0,0,0,0
161439607,NODE_20500DE71C38,child,4,B4:BF:E9:32:FE:91,-76,0,597,597,0,0,0,0,0
161540377,NODE_20500DE71C38,child,4,B4:BF:E9:32:FE:91,-76,0,597,597,0,0,0,0,0
161639612,NODE_20500DE71C38,child,4,B4:BF:E9:32:FE:91,-76,0,598,598,0,0,0,0,0
161739603,NODE_20500DE71C38,child,4,B4:BF:E9:32:FE:91,-76,0,598,598,0,0,0,0,0
161839607,NODE_20500DE71C38,child,4,B4:BF:E9:32:FE:91,-76,0,599,599,0,0,0,0,0
161939611,NODE_20500DE71C38,child,4,B4:BF:E9:32:FE:91,-76,0,599,599,0,0,0,0,0
162040369,NODE_20500DE71C38,child,4,B4:BF:E9:32:FE:91,-76,0,599,599,0,0,0,0,0
162139611,NODE_20500DE71C38,child,4,B4:BF:E9:32:FE:91,-76,0,600,600,0,0,0,0,0
162239612,NODE_20500DE71C38,child,4,B4:BF:E9:32:FE:91,-76,0,600,600,0,0,0,0,0
162339607,NODE_20500DE71C38,child,4,B4:BF:E9:32:FE:91,-76,0,601,601,0,0,0,0,0
162439607,NODE_20500DE71C38,child,4,B4:BF:E9:32:FE:91,-76,0,601,601,0,0,0,0,0
162540370,NODE_20500DE71C38,child,4,B4:BF:E9:32:FE:91,-76,0,601,601,0,0,0,0,0
162639607,NODE_20500DE71C38,child,4,B4:BF:E9:32:FE:91,-76,0,602,602,0,0,0,0,0
162739607,NODE_20500DE71C38,child,4,B4:BF:E9:32:FE:91,-76,0,602,602,0,0,0,0,0
162839608,NODE_20500DE71C38,child,4,B4:BF:E9:32:FE:91,-76,0,603,603,0,0,0,0,0
162939603,NODE_20500DE71C38,child,4,B4:BF:E9:32:FE:91,-76,0,603,603,0,0,0,0,0
163040376,NODE_20500DE71C38,child,4,B4:BF:E9:32:FE:91,-76,0,603,603,0,0,0,0,0
163139612,NODE_20500DE71C38,child,4,B4:BF:E9:32:FE:91,-76,0,604,604,0,0,0,0,0
163239607,NODE_20500DE71C38,child,4,B4:BF:E9:32:FE:91,-76,0,604,604,0,0,0,0,0
163339607,NODE_20500DE71C38,child,4,B4:BF:E9:32:FE:91,-76,0,605,605,0,0,0,0,0
163439615,NODE_20500DE71C38,child,4,B4:BF:E9:32:FE:91,-76,0,605,605,0,0,0,0,0
163540369,NODE_20500DE71C38,child,4,B4:BF:E9:32:FE:91,-76,0,605,605,0,0,0,0,0
163639611,NODE_20500DE71C38,child,4,B4:BF:E9:32:FE:91,-76,0,606,606,0,0,0,0,0
163739612,NODE_20500DE71C38,child,4,B4:BF:E9:32:FE:91,-75,0,606,606,0,0,0,0,0
163839607,NODE_20500DE71C38,child,4,B4:BF:E9:32:FE:91,-75,0,607,607,0,0,0,0,0
163939607,NODE_20500DE71C38,child,4,B4:BF:E9:32:FE:91,-75,0,607,607,0,0,0,0,0
164040373,NODE_20500DE71C38,child,4,B4:BF:E9:32:FE:91,-76,0,607,607,0,0,0,0,0
164139607,NODE_20500DE71C38,child,4,B4:BF:E9:32:FE:91,-76,0,608,608,0,0,0,0,0
164239607,NODE_20500DE71C38,child,4,B4:BF:E9:32:FE:91,-76,0,608,608,0,0,0,0,0
164339608,NODE_20500DE71C38,child,4,B4:BF:E9:32:FE:91,-76,0,609,609,0,0,0,0,0
164439603,NODE_20500DE71C38,child,4,B4:BF:E9:32:FE:91,-76,0,609,609,0,0,0,0,0
164540369,NODE_20500DE71C38,child,4,B4:BF:E9:32:FE:91,-76,0,609,609,0,0,0,0,0
164639614,NODE_20500DE71C38,child,4,B4:BF:E9:32:FE:91,-76,0,610,610,0,0,0,0,0
164739603,NODE_20500DE71C38,child,4,B4:BF:E9:32:FE:91,-76,0,610,610,0,0,0,0,0
164839611,NODE_20500DE71C38,child,4,B4:BF:E9:32:FE:91,-76,0,611,611,0,0,0,0,0
164939615,NODE_20500DE71C38,child,4,B4:BF:E9:32:FE:91,-77,0,611,611,0,0,0,0,0
165040373,NODE_20500DE71C38,child,4,B4:BF:E9:32:FE:91,-77,0,611,611,0,0,0,0,0
165139611,NODE_20500DE71C38,child,4,B4:BF:E9:32:FE:91,-77,0,612,612,0,0,0,0,0
165239615,NODE_20500DE71C38,child,4,B4:BF:E9:32:FE:91,-76,0,612,612,0,0,0,0,0
165339607,NODE_20500DE71C38,child,4,B4:BF:E9:32:FE:91,-76,0,613,613,0,0,0,0,0
165439607,NODE_20500DE71C38,child,4,B4:BF:E9:32:FE:91,-76,0,613,613,0,0,0,0,0
165540370,NODE_20500DE71C38,child,4,B4:BF:E9:32:FE:91,-76,0,613,613,0,0,0,0,0
165639607,NODE_20500DE71C38,child,4,B4:BF:E9:32:FE:91,-76,0,614,614,0,0,0,0,0
165739607,NODE_20500DE71C38,child,4,B4:BF:E9:32:FE:91,-76,0,614,614,0,0,0,0,0
165839608,NODE_20500DE71C38,child,4,B4:BF:E9:32:FE:91,-76,0,615,615,0,0,0,0,0
165939603,NODE_20500DE71C38,child,4,B4:BF:E9:32:FE:91,-76,0,615,615,0,0,0,0,0
166040377,NODE_20500DE71C38,child,4,B4:BF:E9:32:FE:91,-76,0,615,615,0,0,0,0,0
166139612,NODE_20500DE71C38,child,4,B4:BF:E9:32:FE:91,-76,0,616,616,0,0,0,0,0
166239613,NODE_20500DE71C38,child,4,B4:BF:E9:32:FE:91,-76,0,616,616,0,0,0,0,0
166339607,NODE_20500DE71C38,child,4,B4:BF:E9:32:FE:91,-76,0,617,617,0,0,0,0,0
166439608,NODE_20500DE71C38,child,4,B4:BF:E9:32:FE:91,-76,0,617,617,0,0,0,0,0
166540369,NODE_20500DE71C38,child,4,B4:BF:E9:32:FE:91,-76,0,617,617,0,0,0,0,0
166639607,NODE_20500DE71C38,child,4,B4:BF:E9:32:FE:91,-76,0,618,618,0,0,0,0,0
166739608,NODE_20500DE71C38,child,4,B4:BF:E9:32:FE:91,-76,0,618,618,0,0,0,0,0
166839607,NODE_20500DE71C38,child,4,B4:BF:E9:32:FE:91,-76,0,619,619,0,0,0,0,0
166939603,NODE_20500DE71C38,child,4,B4:BF:E9:32:FE:91,-76,0,619,619,0,0,0,0,0
167040374,NODE_20500DE71C38,child,4,B4:BF:E9:32:FE:91,-76,0,619,619,0,0,0,0,0
167139611,NODE_20500DE71C38,child,4,B4:BF:E9:32:FE:91,-76,0,620,620,0,0,0,0,0
167239607,NODE_20500DE71C38,child,4,B4:BF:E9:32:FE:91,-76,0,620,620,0,0,0,0,0
167339608,NODE_20500DE71C38,child,4,B4:BF:E9:32:FE:91,-76,0,621,621,0,0,0,0,0
167439611,NODE_20500DE71C38,child,4,B4:BF:E9:32:FE:91,-76,0,621,621,0,0,0,0,0
167540369,NODE_20500DE71C38,child,4,B4:BF:E9:32:FE:91,-76,0,621,621,0,0,0,0,0
167639614,NODE_20500DE71C38,child,4,B4:BF:E9:32:FE:91,-76,0,622,622,0,0,0,0,0
167739617,NODE_20500DE71C38,child,4,B4:BF:E9:32:FE:91,-76,0,622,622,0,0,0,0,0
167839607,NODE_20500DE71C38,child,4,B4:BF:E9:32:FE:91,-76,0,623,623,0,0,0,0,0
167939608,NODE_20500DE71C38,child,4,B4:BF:E9:32:FE:91,-76,0,623,623,0,0,0,0,0
168040373,NODE_20500DE71C38,child,4,B4:BF:E9:32:FE:91,-76,0,623,623,0,0,0,0,0
168139607,NODE_20500DE71C38,child,4,B4:BF:E9:32:FE:91,-76,0,624,624,0,0,0,0,0
168239608,NODE_20500DE71C38,child,4,B4:BF:E9:32:FE:91,-76,0,624,624,0,0,0,0,0
168339611,NODE_20500DE71C38,child,4,B4:BF:E9:32:FE:91,-76,0,625,625,0,0,0,0,0
168439603,NODE_20500DE71C38,child,4,B4:BF:E9:32:FE:91,-76,0,625,625,0,0,0,0,0
168539608,NODE_20500DE71C38,child,4,B4:BF:E9:32:FE:91,-76,0,625,625,0,0,0,0,0
168639611,NODE_20500DE71C38,child,4,B4:BF:E9:32:FE:91,-76,0,626,626,0,0,0,0,0
168739603,NODE_20500DE71C38,child,4,B4:BF:E9:32:FE:91,-76,0,626,626,0,0,0,0,0
168839612,NODE_20500DE71C38,child,4,B4:BF:E9:32:FE:91,-76,0,627,627,0,0,0,0,0
168939611,NODE_20500DE71C38,child,4,B4:BF:E9:32:FE:91,-76,0,627,627,0,0,0,0,0
169039609,NODE_20500DE71C38,child,4,B4:BF:E9:32:FE:91,-76,0,627,627,0,0,0,0,0
169139612,NODE_20500DE71C38,child,4,B4:BF:E9:32:FE:91,-76,0,628,628,0,0,0,0,0
169239611,NODE_20500DE71C38,child,4,B4:BF:E9:32:FE:91,-75,0,628,628,0,0,0,0,0
169339607,NODE_20500DE71C38,child,4,B4:BF:E9:32:FE:91,-75,0,629,629,0,0,0,0,0
169439608,NODE_20500DE71C38,child,4,B4:BF:E9:32:FE:91,-75,0,629,629,0,0,0,0,0
169539611,NODE_20500DE71C38,child,4,B4:BF:E9:32:FE:91,-76,0,629,629,0,0,0,0,0
169639607,NODE_20500DE71C38,child,4,B4:BF:E9:32:FE:91,-76,0,630,630,0,0,0,0,0
169739615,NODE_20500DE71C38,child,4,B4:BF:E9:32:FE:91,-76,0,630,630,0,0,0,0,0
169839611,NODE_20500DE71C38,child,4,B4:BF:E9:32:FE:91,-75,0,631,631,0,0,0,0,0
169939603,NODE_20500DE71C38,child,4,B4:BF:E9:32:FE:91,-75,0,631,631,0,0,0,0,0
170039612,NODE_20500DE71C38,child,4,B4:BF:E9:32:FE:91,-75,0,631,631,0,0,0,0,0
170139705,NODE_20500DE71C38,child,4,B4:BF:E9:32:FE:91,-75,0,632,632,0,0,0,0,0
170239611,NODE_20500DE71C38,child,4,B4:BF:E9:32:FE:91,-76,0,632,632,0,0,0,0,0
170339608,NODE_20500DE71C38,child,4,B4:BF:E9:32:FE:91,-76,0,633,633,0,0,0,0,0
170439607,NODE_20500DE71C38,child,4,B4:BF:E9:32:FE:91,-76,0,633,633,0,0,0,0,0
170539611,NODE_20500DE71C38,child,4,B4:BF:E9:32:FE:91,-76,0,633,633,0,0,0,0,0
170639608,NODE_20500DE71C38,child,4,B4:BF:E9:32:FE:91,-76,0,634,634,0,0,0,0,0
170739607,NODE_20500DE71C38,child,4,B4:BF:E9:32:FE:91,-76,0,634,634,0,0,0,0,0
170839607,NODE_20500DE71C38,child,4,B4:BF:E9:32:FE:91,-75,0,635,635,0,0,0,0,0
170939607,NODE_20500DE71C38,child,4,B4:BF:E9:32:FE:91,-75,0,635,635,0,0,0,0,0
171039615,NODE_20500DE71C38,child,4,B4:BF:E9:32:FE:91,-75,0,635,635,0,0,0,0,0
171139613,NODE_20500DE71C38,child,4,B4:BF:E9:32:FE:91,-76,0,636,636,0,0,0,0,0
171239604,NODE_20500DE71C38,child,4,B4:BF:E9:32:FE:91,-76,0,636,636,0,0,0,0,0
171339607,NODE_20500DE71C38,child,4,B4:BF:E9:32:FE:91,-76,0,637,637,0,0,0,0,0
171439611,NODE_20500DE71C38,child,4,B4:BF:E9:32:FE:91,-76,0,637,637,0,0,0,0,0
171539604,NODE_20500DE71C38,child,4,B4:BF:E9:32:FE:91,-76,0,637,637,0,0,0,0,0
171639611,NODE_20500DE71C38,child,4,B4:BF:E9:32:FE:91,-76,0,638,638,0,0,0,0,0
171739613,NODE_20500DE71C38,child,4,B4:BF:E9:32:FE:91,-76,0,638,638,0,0,0,0,0
171839608,NODE_20500DE71C38,child,4,B4:BF:E9:32:FE:91,-76,0,639,639,0,0,0,0,0
171939607,NODE_20500DE71C38,child,4,B4:BF:E9:32:FE:91,-76,0,639,639,0,0,0,0,0
172039611,NODE_20500DE71C38,child,4,B4:BF:E9:32:FE:91,-75,0,639,639,0,0,0,0,0
172139608,NODE_20500DE71C38,child,4,B4:BF:E9:32:FE:91,-75,0,640,640,0,0,0,0,0
172239607,NODE_20500DE71C38,child,4,B4:BF:E9:32:FE:91,-75,0,640,640,0,0,0,0,0
172339607,NODE_20500DE71C38,child,4,B4:BF:E9:32:FE:91,-76,0,641,641,0,0,0,0,0
172439604,NODE_20500DE71C38,child,4,B4:BF:E9:32:FE:91,-76,0,641,641,0,0,0,0,0
172539607,NODE_20500DE71C38,child,4,B4:BF:E9:32:FE:91,-76,0,641,641,0,0,0,0,0
172639611,NODE_20500DE71C38,child,4,B4:BF:E9:32:FE:91,-76,0,642,642,0,0,0,0,0
172739604,NODE_20500DE71C38,child,4,B4:BF:E9:32:FE:91,-76,0,642,642,0,0,0,0,0
172839607,NODE_20500DE71C38,child,4,B4:BF:E9:32:FE:91,-76,0,643,643,0,0,0,0,0
172939611,NODE_20500DE71C38,child,4,B4:BF:E9:32:FE:91,-75,0,643,643,0,0,0,0,0
173039608,NODE_20500DE71C38,child,4,B4:BF:E9:32:FE:91,-75,0,643,643,0,0,0,0,0
173139611,NODE_20500DE71C38,child,4,B4:BF:E9:32:FE:91,-75,0,644,644,0,0,0,0,0
173239613,NODE_20500DE71C38,child,4,B4:BF:E9:32:FE:91,-75,0,644,644,0,0,0,0,0
173339608,NODE_20500DE71C38,child,4,B4:BF:E9:32:FE:91,-75,0,645,645,0,0,0,0,0
173439607,NODE_20500DE71C38,child,4,B4:BF:E9:32:FE:91,-75,0,645,645,0,0,0,0,0
173539611,NODE_20500DE71C38,child,4,B4:BF:E9:32:FE:91,-77,0,645,645,0,0,0,0,0
173639608,NODE_20500DE71C38,child,4,B4:BF:E9:32:FE:91,-77,0,646,646,0,0,0,0,0
173739611,NODE_20500DE71C38,child,4,B4:BF:E9:32:FE:91,-77,0,646,646,0,0,0,0,0
173839613,NODE_20500DE71C38,child,4,B4:BF:E9:32:FE:91,-76,0,647,647,0,0,0,0,0
173939604,NODE_20500DE71C38,child,4,B4:BF:E9:32:FE:91,-76,0,647,647,0,0,0,0,0
174039607,NODE_20500DE71C38,child,4,B4:BF:E9:32:FE:91,-76,0,647,647,0,0,0,0,0
174139611,NODE_20500DE71C38,child,4,B4:BF:E9:32:FE:91,-76,0,648,648,0,0,0,0,0
174239608,NODE_20500DE71C38,child,4,B4:BF:E9:32:FE:91,-76,0,648,648,0,0,0,0,0
174339611,NODE_20500DE71C38,child,4,B4:BF:E9:32:FE:91,-76,0,649,649,0,0,0,0,0
174439607,NODE_20500DE71C38,child,4,B4:BF:E9:32:FE:91,-76,0,649,649,0,0,0,0,0
174539614,NODE_20500DE71C38,child,4,B4:BF:E9:32:FE:91,-76,0,649,649,0,0,0,0,0
174639607,NODE_20500DE71C38,child,4,B4:BF:E9:32:FE:91,-76,0,650,650,0,0,0,0,0
174739607,NODE_20500DE71C38,child,4,B4:BF:E9:32:FE:91,-76,0,650,650,0,0,0,0,0
174839608,NODE_20500DE71C38,child,4,B4:BF:E9:32:FE:91,-76,0,651,651,0,0,0,0,0
174939603,NODE_20500DE71C38,child,4,B4:BF:E9:32:FE:91,-76,0,651,651,0,0,0,0,0
175039611,NODE_20500DE71C38,child,4,B4:BF:E9:32:FE:91,-76,0,651,651,0,0,0,0,0
175139608,NODE_20500DE71C38,child,4,B4:BF:E9:32:FE:91,-76,0,652,652,0,0,0,0,0
175239603,NODE_20500DE71C38,child,4,B4:BF:E9:32:FE:91,-76,0,652,652,0,0,0,0,0
175339607,NODE_20500DE71C38,child,4,B4:BF:E9:32:FE:91,-76,0,653,653,0,0,0,0,0
175439612,NODE_20500DE71C38,child,4,B4:BF:E9:32:FE:91,-76,0,653,653,0,0,0,0,0
175539603,NODE_20500DE71C38,child,4,B4:BF:E9:32:FE:91,-76,0,653,653,0,0,0,0,0
175639611,NODE_20500DE71C38,child,4,B4:BF:E9:32:FE:91,-76,0,654,654,0,0,0,0,0
175739615,NODE_20500DE71C38,child,4,B4:BF:E9:32:FE:91,-76,0,654,654,0,0,0,0,0
175839607,NODE_20500DE71C38,child,4,B4:BF:E9:32:FE:91,-76,0,655,655,0,0,0,0,0
175939607,NODE_20500DE71C38,child,4,B4:BF:E9:32:FE:91,-76,0,655,655,0,0,0,0,0
176039615,NODE_20500DE71C38,child,4,B4:BF:E9:32:FE:91,-76,0,655,655,0,0,0,0,0
176139607,NODE_20500DE71C38,child,4,B4:BF:E9:32:FE:91,-76,0,656,656,0,0,0,0,0
176239607,NODE_20500DE71C38,child,4,B4:BF:E9:32:FE:91,-76,0,656,656,0,0,0,0,0
176339608,NODE_20500DE71C38,child,4,B4:BF:E9:32:FE:91,-76,0,657,657,0,0,0,0,0
176439603,NODE_20500DE71C38,child,4,B4:BF:E9:32:FE:91,-76,0,657,657,0,0,0,0,0
176539607,NODE_20500DE71C38,child,4,B4:BF:E9:32:FE:91,-76,0,657,657,0,0,0,0,0
176639612,NODE_20500DE71C38,child,4,B4:BF:E9:32:FE:91,-76,0,658,658,0,0,0,0,0
176739603,NODE_20500DE71C38,child,4,B4:BF:E9:32:FE:91,-76,0,658,658,0,0,0,0,0
176839607,NODE_20500DE71C38,child,4,B4:BF:E9:32:FE:91,-76,0,659,659,0,0,0,0,0
176939615,NODE_20500DE71C38,child,4,B4:BF:E9:32:FE:91,-76,0,659,659,0,0,0,0,0
177039603,NODE_20500DE71C38,child,4,B4:BF:E9:32:FE:91,-76,0,659,659,0,0,0,0,0
177139611,NODE_20500DE71C38,child,4,B4:BF:E9:32:FE:91,-76,0,660,660,0,0,0,0,0
177239612,NODE_20500DE71C38,child,4,B4:BF:E9:32:FE:91,-76,0,660,660,0,0,0,0,0
177339607,NODE_20500DE71C38,child,4,B4:BF:E9:32:FE:91,-76,0,661,661,0,0,0,0,0
177439607,NODE_20500DE71C38,child,4,B4:BF:E9:32:FE:91,-76,0,661,661,0,0,0,0,0
177539615,NODE_20500DE71C38,child,4,B4:BF:E9:32:FE:91,-76,0,661,661,0,0,0,0,0
177639607,NODE_20500DE71C38,child,4,B4:BF:E9:32:FE:91,-76,0,662,662,0,0,0,0,0
177739607,NODE_20500DE71C38,child,4,B4:BF:E9:32:FE:91,-76,0,662,662,0,0,0,0,0
177839612,NODE_20500DE71C38,child,4,B4:BF:E9:32:FE:91,-76,0,663,663,0,0,0,0,0
177939603,NODE_20500DE71C38,child,4,B4:BF:E9:32:FE:91,-76,0,663,663,0,0,0,0,0
178039607,NODE_20500DE71C38,child,4,B4:BF:E9:32:FE:91,-76,0,663,663,0,0,0,0,0
178139612,NODE_20500DE71C38,child,4,B4:BF:E9:32:FE:91,-75,0,664,664,0,0,0,0,0
178239607,NODE_20500DE71C38,child,4,B4:BF:E9:32:FE:91,-75,0,664,664,0,0,0,0,0
178339611,NODE_20500DE71C38,child,4,B4:BF:E9:32:FE:91,-75,0,665,665,0,0,0,0,0
178439615,NODE_20500DE71C38,child,4,B4:BF:E9:32:FE:91,-76,0,665,665,0,0,0,0,0
178539603,NODE_20500DE71C38,child,4,B4:BF:E9:32:FE:91,-76,0,665,665,0,0,0,0,0
178639611,NODE_20500DE71C38,child,4,B4:BF:E9:32:FE:91,-76,0,666,666,0,0,0,0,0
178739608,NODE_20500DE71C38,child,4,B4:BF:E9:32:FE:91,-76,0,666,666,0,0,0,0,0
178840048,NODE_20500DE71C38,child,4,B4:BF:E9:32:FE:91,-76,0,667,667,0,0,0,0,0
178939603,NODE_20500DE71C38,child,4,B4:BF:E9:32:FE:91,-76,0,667,667,0,0,0,0,0
179039612,NODE_20500DE71C38,child,4,B4:BF:E9:32:FE:91,-76,0,667,667,0,0,0,0,0
179139607,NODE_20500DE71C38,child,4,B4:BF:E9:32:FE:91,-76,0,668,668,0,0,0,0,0
179239603,NODE_20500DE71C38,child,4,B4:BF:E9:32:FE:91,-76,0,668,668,0,0,0,0,0
179339608,NODE_20500DE71C38,child,4,B4:BF:E9:32:FE:91,-76,0,669,669,0,0,0,0,0
179439611,NODE_20500DE71C38,child,4,B4:BF:E9:32:FE:91,-73,0,669,669,0,0,0,0,0
179539607,NODE_20500DE71C38,child,4,B4:BF:E9:32:FE:91,-73,0,669,669,0,0,0,0,0
179639608,NODE_20500DE71C38,child,4,B4:BF:E9:32:FE:91,-73,0,670,670,0,0,0,0,0
179739613,NODE_20500DE71C38,child,4,B4:BF:E9:32:FE:91,-76,0,670,670,0,0,0,0,0
179839607,NODE_20500DE71C38,child,4,B4:BF:E9:32:FE:91,-76,0,671,671,0,0,0,0,0
179939608,NODE_20500DE71C38,child,4,B4:BF:E9:32:FE:91,-76,0,671,671,0,0,0,0,0
180039611,NODE_20500DE71C38,child,4,B4:BF:E9:32:FE:91,-76,0,671,671,0,0,0,0,0
180139607,NODE_20500DE71C38,child,4,B4:BF:E9:32:FE:91,-76,0,672,672,0,0,0,0,0
180239612,NODE_20500DE71C38,child,4,B4:BF:E9:32:FE:91,-76,0,672,672,0,0,0,0,0
180339607,NODE_20500DE71C38,child,4,B4:BF:E9:32:FE:91,-76,0,673,673,0,0,0,0,0
180439603,NODE_20500DE71C38,child,4,B4:BF:E9:32:FE:91,-76,0,673,673,0,0,0,0,0
180539608,NODE_20500DE71C38,child,4,B4:BF:E9:32:FE:91,-76,0,673,673,0,0,0,0,0
180639611,NODE_20500DE71C38,child,4,B4:BF:E9:32:FE:91,-76,0,674,674,0,0,0,0,0
180739603,NODE_20500DE71C38,child,4,B4:BF:E9:32:FE:91,-76,0,674,674,0,0,0,0,0
180839608,NODE_20500DE71C38,child,4,B4:BF:E9:32:FE:91,-76,0,675,675,0,0,0,0,0
180939613,NODE_20500DE71C38,child,4,B4:BF:E9:32:FE:91,-75,0,675,675,0,0,0,0,0
181039603,NODE_20500DE71C38,child,4,B4:BF:E9:32:FE:91,-75,0,675,675,0,0,0,0,0
181139612,NODE_20500DE71C38,child,4,B4:BF:E9:32:FE:91,-75,0,676,676,0,0,0,0,0
181239607,NODE_20500DE71C38,child,4,B4:BF:E9:32:FE:91,-76,0,676,676,0,0,0,0,0
181339607,NODE_20500DE71C38,child,4,B4:BF:E9:32:FE:91,-76,0,677,677,0,0,0,0,0
181439608,NODE_20500DE71C38,child,4,B4:BF:E9:32:FE:91,-76,0,677,677,0,0,0,0,0
181539611,NODE_20500DE71C38,child,4,B4:BF:E9:32:FE:91,-76,0,677,677,0,0,0,0,0
181639607,NODE_20500DE71C38,child,4,B4:BF:E9:32:FE:91,-76,0,678,678,0,0,0,0,0
181739608,NODE_20500DE71C38,child,4,B4:BF:E9:32:FE:91,-76,0,678,678,0,0,0,0,0
181839613,NODE_20500DE71C38,child,4,B4:BF:E9:32:FE:91,-78,0,679,679,0,0,0,0,0
181939603,NODE_20500DE71C38,child,4,B4:BF:E9:32:FE:91,-78,0,679,679,0,0,0,0,0
182040414,NODE_20500DE71C38,child,4,B4:BF:E9:32:FE:91,-78,0,679,679,0,0,0,0,0
182139607,NODE_20500DE71C38,child,4,B4:BF:E9:32:FE:91,-78,0,680,680,0,0,0,0,0
182239607,NODE_20500DE71C38,child,4,B4:BF:E9:32:FE:91,-78,0,680,680,0,0,0,0,0
182339612,NODE_20500DE71C38,child,4,B4:BF:E9:32:FE:91,-78,0,681,681,0,0,0,0,0
182439613,NODE_20500DE71C38,child,4,B4:BF:E9:32:FE:91,-76,0,681,681,0,0,0,0,0
182539611,NODE_20500DE71C38,child,4,B4:BF:E9:32:FE:91,-76,0,681,681,0,0,0,0,0
182639612,NODE_20500DE71C38,child,4,B4:BF:E9:32:FE:91,-76,0,682,682,0,0,0,0,0
182739607,NODE_20500DE71C38,child,4,B4:BF:E9:32:FE:91,-76,0,682,682,0,0,0,0,0
182840379,NODE_20500DE71C38,child,4,B4:BF:E9:32:FE:91,-76,0,683,683,0,0,0,0,0
182939610,NODE_20500DE71C38,child,4,B4:BF:E9:32:FE:91,-76,0,683,683,0,0,0,0,0
183039607,NODE_20500DE71C38,child,4,B4:BF:E9:32:FE:91,-76,0,683,683,0,0,0,0,0
183139607,NODE_20500DE71C38,child,4,B4:BF:E9:32:FE:91,-76,0,684,684,0,0,0,0,0
183239612,NODE_20500DE71C38,child,4,B4:BF:E9:32:FE:91,-76,0,684,684,0,0,0,0,0
183339607,NODE_20500DE71C38,child,4,B4:BF:E9:32:FE:91,-76,0,685,685,0,0,0,0,0
183439611,NODE_20500DE71C38,child,4,B4:BF:E9:32:FE:91,-75,0,685,685,0,0,0,0,0
183539612,NODE_20500DE71C38,child,4,B4:BF:E9:32:FE:91,-75,0,685,685,0,0,0,0,0
183639611,NODE_20500DE71C38,child,4,B4:BF:E9:32:FE:91,-75,0,686,686,0,0,0,0,0
183739611,NODE_20500DE71C38,child,4,B4:BF:E9:32:FE:91,-75,0,686,686,0,0,0,0,0
183839608,NODE_20500DE71C38,child,4,B4:BF:E9:32:FE:91,-75,0,687,687,0,0,0,0,0
183939607,NODE_20500DE71C38,child,4,B4:BF:E9:32:FE:91,-75,0,687,687,0,0,0,0,0
184039611,NODE_20500DE71C38,child,4,B4:BF:E9:32:FE:91,-75,0,687,687,0,0,0,0,0
184139612,NODE_20500DE71C38,child,4,B4:BF:E9:32:FE:91,-75,0,688,688,0,0,0,0,0
184239611,NODE_20500DE71C38,child,4,B4:BF:E9:32:FE:91,-75,0,688,688,0,0,0,0,0
184339611,NODE_20500DE71C38,child,4,B4:BF:E9:32:FE:91,-75,0,689,689,0,0,0,0,0
184439684,NODE_20500DE71C38,child,4,B4:BF:E9:32:FE:91,-76,0,689,689,0,0,0,0,0
184539603,NODE_20500DE71C38,child,4,B4:BF:E9:32:FE:91,-76,0,689,689,0,0,0,0,0
184639613,NODE_20500DE71C38,child,4,B4:BF:E9:32:FE:91,-76,0,690,690,0,0,0,0,0
184739612,NODE_20500DE71C38,child,4,B4:BF:E9:32:FE:91,-76,0,690,690,0,0,0,0,0
184839607,NODE_20500DE71C38,child,4,B4:BF:E9:32:FE:91,-76,0,691,691,0,0,0,0,0
184939607,NODE_20500DE71C38,child,4,B4:BF:E9:32:FE:91,-76,0,691,691,0,0,0,0,0
185039608,NODE_20500DE71C38,child,4,B4:BF:E9:32:FE:91,-76,0,691,691,0,0,0,0,0
185139607,NODE_20500DE71C38,child,4,B4:BF:E9:32:FE:91,-76,0,692,692,0,0,0,0,0
185239607,NODE_20500DE71C38,child,4,B4:BF:E9:32:FE:91,-76,0,692,692,0,0,0,0,0
185339608,NODE_20500DE71C38,child,4,B4:BF:E9:32:FE:91,-76,0,693,693,0,0,0,0,0
185439617,NODE_20500DE71C38,child,4,B4:BF:E9:32:FE:91,-76,0,693,693,0,0,0,0,0
185539607,NODE_20500DE71C38,child,4,B4:BF:E9:32:FE:91,-76,0,693,693,0,0,0,0,0
185639608,NODE_20500DE71C38,child,4,B4:BF:E9:32:FE:91,-76,0,694,694,0,0,0,0,0
185739603,NODE_20500DE71C38,child,4,B4:BF:E9:32:FE:91,-76,0,694,694,0,0,0,0,0
185839607,NODE_20500DE71C38,child,4,B4:BF:E9:32:FE:91,-76,0,695,695,0,0,0,0,0
185939600,NODE_20500DE71C38,child,4,B4:BF:E9:32:FE:91,-76,0,695,695,0,0,0,0,0
186039599,NODE_20500DE71C38,child,4,B4:BF:E9:32:FE:91,-76,0,695,695,0,0,0,0,0
186139603,NODE_20500DE71C38,child,4,B4:BF:E9:32:FE:91,-76,0,696,696,0,0,0,0,0
186239608,NODE_20500DE71C38,child,4,B4:BF:E9:32:FE:91,-76,0,696,696,0,0,0,0,0
186339603,NODE_20500DE71C38,child,4,B4:BF:E9:32:FE:91,-76,0,697,697,0,0,0,0,0
186439613,NODE_20500DE71C38,child,4,B4:BF:E9:32:FE:91,-75,0,697,697,0,0,0,0,0
186539600,NODE_20500DE71C38,child,4,B4:BF:E9:32:FE:91,-75,0,697,697,0,0,0,0,0
186639607,NODE_20500DE71C38,child,4,B4:BF:E9:32:FE:91,-75,0,698,698,0,0,0,0,0
186739603,NODE_20500DE71C38,child,4,B4:BF:E9:32:FE:91,-75,0,698,698,0,0,0,0,0
186839608,NODE_20500DE71C38,child,4,B4:BF:E9:32:FE:91,-75,0,699,699,0,0,0,0,0
186939599,NODE_20500DE71C38,child,4,B4:BF:E9:32:FE:91,-75,0,699,699,0,0,0,0,0
187039599,NODE_20500DE71C38,child,4,B4:BF:E9:32:FE:91,-75,0,699,699,0,0,0,0,0
187139604,NODE_20500DE71C38,child,4,B4:BF:E9:32:FE:91,-75,0,700,700,0,0,0,0,0
187239599,NODE_20500DE71C38,child,4,B4:BF:E9:32:FE:91,-75,0,700,700,0,0,0,0,0
187339607,NODE_20500DE71C38,child,4,B4:BF:E9:32:FE:91,-75,0,701,701,0,0,0,0,0
187439600,NODE_20500DE71C38,child,4,B4:BF:E9:32:FE:91,-75,0,701,701,0,0,0,0,0
187539613,NODE_20500DE71C38,child,4,B4:BF:E9:32:FE:91,-76,0,701,701,0,0,0,0,0
187639607,NODE_20500DE71C38,child,4,B4:BF:E9:32:FE:91,-76,0,702,702,0,0,0,0,0
187739600,NODE_20500DE71C38,child,4,B4:BF:E9:32:FE:91,-76,0,702,702,0,0,0,0,0
187839611,NODE_20500DE71C38,child,4,B4:BF:E9:32:FE:91,-76,0,703,703,0,0,0,0,0
187939599,NODE_20500DE71C38,child,4,B4:BF:E9:32:FE:91,-76,0,703,703,0,0,0,0,0
188039608,NODE_20500DE71C38,child,4,B4:BF:E9:32:FE:91,-76,0,703,703,0,0,0,0,0
188139603,NODE_20500DE71C38,child,4,B4:BF:E9:32:FE:91,-76,0,704,704,0,0,0,0,0
188239603,NODE_20500DE71C38,child,4,B4:BF:E9:32:FE:91,-76,0,704,704,0,0,0,0,0
188339604,NODE_20500DE71C38,child,4,B4:BF:E9:32:FE:91,-76,0,705,705,0,0,0,0,0
188439599,NODE_20500DE71C38,child,4,B4:BF:E9:32:FE:91,-76,0,705,705,0,0,0,0,0
188539613,NODE_20500DE71C38,child,4,B4:BF:E9:32:FE:91,-76,0,705,705,0,0,0,0,0
188639608,NODE_20500DE71C38,child,4,B4:BF:E9:32:FE:91,-76,0,706,706,0,0,0,0,0
188739603,NODE_20500DE71C38,child,4,B4:BF:E9:32:FE:91,-76,0,706,706,0,0,0,0,0
188839603,NODE_20500DE71C38,child,4,B4:BF:E9:32:FE:91,-76,0,707,707,0,0,0,0,0
188939608,NODE_20500DE71C38,child,4,B4:BF:E9:32:FE:91,-76,0,707,707,0,0,0,0,0
189039599,NODE_20500DE71C38,child,4,B4:BF:E9:32:FE:91,-76,0,707,707,0,0,0,0,0
189139599,NODE_20500DE71C38,child,4,B4:BF:E9:32:FE:91,-76,0,708,708,0,0,0,0,0
189239604,NODE_20500DE71C38,child,4,B4:BF:E9:32:FE:91,-76,0,708,708,0,0,0,0,0
189339607,NODE_20500DE71C38,child,4,B4:BF:E9:32:FE:91,-76,0,709,709,0,0,0,0,0
189439599,NODE_20500DE71C38,child,4,B4:BF:E9:32:FE:91,-76,0,709,709,0,0,0,0,0
189539608,NODE_20500DE71C38,child,4,B4:BF:E9:32:FE:91,-76,0,709,709,0,0,0,0,0
189639607,NODE_20500DE71C38,child,4,B4:BF:E9:32:FE:91,-76,0,710,710,0,0,0,0,0
189739599,NODE_20500DE71C38,child,4,B4:BF:E9:32:FE:91,-76,0,710,710,0,0,0,0,0
189839608,NODE_20500DE71C38,child,4,B4:BF:E9:32:FE:91,-76,0,711,711,0,0,0,0,0
189939603,NODE_20500DE71C38,child,4,B4:BF:E9:32:FE:91,-76,0,711,711,0,0,0,0,0
190039603,NODE_20500DE71C38,child,4,B4:BF:E9:32:FE:91,-76,0,711,711,0,0,0,0,0
190139608,NODE_20500DE71C38,child,4,B4:BF:E9:32:FE:91,-76,0,712,712,0,0,0,0,0
190239599,NODE_20500DE71C38,child,4,B4:BF:E9:32:FE:91,-76,0,712,712,0,0,0,0,0
190339603,NODE_20500DE71C38,child,4,B4:BF:E9:32:FE:91,-76,0,713,713,0,0,0,0,0
190439600,NODE_20500DE71C38,child,4,B4:BF:E9:32:FE:91,-76,0,713,713,0,0,0,0,0
190539613,NODE_20500DE71C38,child,4,B4:BF:E9:32:FE:91,-76,0,713,713,0,0,0,0,0
190639607,NODE_20500DE71C38,child,4,B4:BF:E9:32:FE:91,-76,0,714,714,0,0,0,0,0
190739608,NODE_20500DE71C38,child,4,B4:BF:E9:32:FE:91,-76,0,714,714,0,0,0,0,0
190839603,NODE_20500DE71C38,child,4,B4:BF:E9:32:FE:91,-76,0,715,715,0,0,0,0,0
190939609,NODE_20500DE71C38,child,4,B4:BF:E9:32:FE:91,-76,0,715,715,0,0,0,0,0
191039600,NODE_20500DE71C38,child,4,B4:BF:E9:32:FE:91,-76,0,715,715,0,0,0,0,0
191139607,NODE_20500DE71C38,child,4,B4:BF:E9:32:FE:91,-76,0,716,716,0,0,0,0,0
191239599,NODE_20500DE71C38,child,4,B4:BF:E9:32:FE:91,-76,0,716,716,0,0,0,0,0
191339608,NODE_20500DE71C38,child,4,B4:BF:E9:32:FE:91,-76,0,717,717,0,0,0,0,0
191439599,NODE_20500DE71C38,child,4,B4:BF:E9:32:FE:91,-76,0,717,717,0,0,0,0,0
191539603,NODE_20500DE71C38,child,4,B4:BF:E9:32:FE:91,-76,0,717,717,0,0,0,0,0
191639608,NODE_20500DE71C38,child,4,B4:BF:E9:32:FE:91,-76,0,718,718,0,0,0,0,0
191739599,NODE_20500DE71C38,child,4,B4:BF:E9:32:FE:91,-76,0,718,718,0,0,0,0,0
191839607,NODE_20500DE71C38,child,4,B4:BF:E9:32:FE:91,-76,0,719,719,0,0,0,0,0
191939608,NODE_20500DE71C38,child,4,B4:BF:E9:32:FE:91,-76,0,719,719,0,0,0,0,0
192039603,NODE_20500DE71C38,child,4,B4:BF:E9:32:FE:91,-76,0,719,719,0,0,0,0,0
192139607,NODE_20500DE71C38,child,4,B4:BF:E9:32:FE:91,-76,0,720,720,0,0,0,0,0
192239600,NODE_20500DE71C38,child,4,B4:BF:E9:32:FE:91,-76,0,720,720,0,0,0,0,0
192339603,NODE_20500DE71C38,child,4,B4:BF:E9:32:FE:91,-76,0,721,721,0,0,0,0,0
192439599,NODE_20500DE71C38,child,4,B4:BF:E9:32:FE:91,-76,0,721,721,0,0,0,0,0
192539600,NODE_20500DE71C38,child,4,B4:BF:E9:32:FE:91,-76,0,721,721,0,0,0,0,0
192639613,NODE_20500DE71C38,child,4,B4:BF:E9:32:FE:91,-76,0,722,722,0,0,0,0,0
192739607,NODE_20500DE71C38,child,4,B4:BF:E9:32:FE:91,-76,0,722,722,0,0,0,0,0
192839608,NODE_20500DE71C38,child,4,B4:BF:E9:32:FE:91,-76,0,723,723,0,0,0,0,0
192939607,NODE_20500DE71C38,child,4,B4:BF:E9:32:FE:91,-76,0,723,723,0,0,0,0,0
193039599,NODE_20500DE71C38,child,4,B4:BF:E9:32:FE:91,-76,0,723,723,0,0,0,0,0
193139604,NODE_20500DE71C38,child,4,B4:BF:E9:32:FE:91,-76,0,724,724,0,0,0,0,0
193239599,NODE_20500DE71C38,child,4,B4:BF:E9:32:FE:91,-76,0,724,724,0,0,0,0,0
193339607,NODE_20500DE71C38,child,4,B4:BF:E9:32:FE:91,-76,0,725,725,0,0,0,0,0
193439600,NODE_20500DE71C38,child,4,B4:BF:E9:32:FE:91,-76,0,725,725,0,0,0,0,0
193539599,NODE_20500DE71C38,child,4,B4:BF:E9:32:FE:91,-76,0,725,725,0,0,0,0,0
193639607,NODE_20500DE71C38,child,4,B4:BF:E9:32:FE:91,-76,0,726,726,0,0,0,0,0
193739600,NODE_20500DE71C38,child,4,B4:BF:E9:32:FE:91,-76,0,726,726,0,0,0,0,0
193839607,NODE_20500DE71C38,child,4,B4:BF:E9:32:FE:91,-76,0,727,727,0,0,0,0,0
193939603,NODE_20500DE71C38,child,4,B4:BF:E9:32:FE:91,-76,0,727,727,0,0,0,0,0
194039608,NODE_20500DE71C38,child,4,B4:BF:E9:32:FE:91,-76,0,727,727,0,0,0,0,0
194139607,NODE_20500DE71C38,child,4,B4:BF:E9:32:FE:91,-76,0,728,728,0,0,0,0,0
194239599,NODE_20500DE71C38,child,4,B4:BF:E9:32:FE:91,-76,0,728,728,0,0,0,0,0
194339604,NODE_20500DE71C38,child,4,B4:BF:E9:32:FE:91,-76,0,729,729,0,0,0,0,0
194439599,NODE_20500DE71C38,child,4,B4:BF:E9:32:FE:91,-76,0,729,729,0,0,0,0,0
194539599,NODE_20500DE71C38,child,4,B4:BF:E9:32:FE:91,-76,0,729,729,0,0,0,0,0
194639608,NODE_20500DE71C38,child,4,B4:BF:E9:32:FE:91,-76,0,730,730,0,0,0,0,0
194739607,NODE_20500DE71C38,child,4,B4:BF:E9:32:FE:91,-76,0,730,730,0,0,0,0,0
194839603,NODE_20500DE71C38,child,4,B4:BF:E9:32:FE:91,-76,0,731,731,0,0,0,0,0
194939608,NODE_20500DE71C38,child,4,B4:BF:E9:32:FE:91,-76,0,731,731,0,0,0,0,0
195039603,NODE_20500DE71C38,child,4,B4:BF:E9:32:FE:91,-76,0,731,731,0,0,0,0,0
195139607,NODE_20500DE71C38,child,4,B4:BF:E9:32:FE:91,-76,0,732,732,0,0,0,0,0
195239604,NODE_20500DE71C38,child,4,B4:BF:E9:32:FE:91,-76,0,732,732,0,0,0,0,0
195339607,NODE_20500DE71C38,child,4,B4:BF:E9:32:FE:91,-76,0,733,733,0,0,0,0,0
195439599,NODE_20500DE71C38,child,4,B4:BF:E9:32:FE:91,-76,0,733,733,0,0,0,0,0
195539600,NODE_20500DE71C38,child,4,B4:BF:E9:32:FE:91,-76,0,733,733,0,0,0,0,0
195639607,NODE_20500DE71C38,child,4,B4:BF:E9:32:FE:91,-76,0,734,734,0,0,0,0,0
195739613,NODE_20500DE71C38,child,4,B4:BF:E9:32:FE:91,-76,0,734,734,0,0,0,0,0
195839608,NODE_20500DE71C38,child,4,B4:BF:E9:32:FE:91,-76,0,735,735,0,0,0,0,0
195939599,NODE_20500DE71C38,child,4,B4:BF:E9:32:FE:91,-76,0,735,735,0,0,0,0,0
196039611,NODE_20500DE71C38,child,4,B4:BF:E9:32:FE:91,-76,0,735,735,0,0,0,0,0
196139608,NODE_20500DE71C38,child,4,B4:BF:E9:32:FE:91,-76,0,736,736,0,0,0,0,0
196239599,NODE_20500DE71C38,child,4,B4:BF:E9:32:FE:91,-76,0,736,736,0,0,0,0,0
196339603,NODE_20500DE71C38,child,4,B4:BF:E9:32:FE:91,-76,0,737,737,0,0,0,0,0
196439600,NODE_20500DE71C38,child,4,B4:BF:E9:32:FE:91,-76,0,737,737,0,0,0,0,0
196539599,NODE_20500DE71C38,child,4,B4:BF:E9:32:FE:91,-76,0,737,737,0,0,0,0,0
196639603,NODE_20500DE71C38,child,4,B4:BF:E9:32:FE:91,-76,0,738,738,0,0,0,0,0
196739615,NODE_20500DE71C38,child,4,B4:BF:E9:32:FE:91,-76,0,738,738,0,0,0,0,0
196839607,NODE_20500DE71C38,child,4,B4:BF:E9:32:FE:91,-76,0,739,739,0,0,0,0,0
196939599,NODE_20500DE71C38,child,4,B4:BF:E9:32:FE:91,-76,0,739,739,0,0,0,0,0
197039608,NODE_20500DE71C38,child,4,B4:BF:E9:32:FE:91,-76,0,739,739,0,0,0,0,0
197139603,NODE_20500DE71C38,child,4,B4:BF:E9:32:FE:91,-76,0,740,740,0,0,0,0,0
197239599,NODE_20500DE71C38,child,4,B4:BF:E9:32:FE:91,-76,0,740,740,0,0,0,0,0
197339608,NODE_20500DE71C38,child,4,B4:BF:E9:32:FE:91,-76,0,741,741,0,0,0,0,0
197439599,NODE_20500DE71C38,child,4,B4:BF:E9:32:FE:91,-76,0,741,741,0,0,0,0,0
197539599,NODE_20500DE71C38,child,4,B4:BF:E9:32:FE:91,-76,0,741,741,0,0,0,0,0
197639608,NODE_20500DE71C38,child,4,B4:BF:E9:32:FE:91,-76,0,742,742,0,0,0,0,0
197739613,NODE_20500DE71C38,child,4,B4:BF:E9:32:FE:91,-75,0,742,742,0,0,0,0,0
197839607,NODE_20500DE71C38,child,4,B4:BF:E9:32:FE:91,-75,0,743,743,0,0,0,0,0
197939600,NODE_20500DE71C38,child,4,B4:BF:E9:32:FE:91,-75,0,743,743,0,0,0,0,0
198039603,NODE_20500DE71C38,child,4,B4:BF:E9:32:FE:91,-75,0,743,743,0,0,0,0,0
198139607,NODE_20500DE71C38,child,4,B4:BF:E9:32:FE:91,-75,0,744,744,0,0,0,0,0
198239600,NODE_20500DE71C38,child,4,B4:BF:E9:32:FE:91,-75,0,744,744,0,0,0,0,0
198339603,NODE_20500DE71C38,child,4,B4:BF:E9:32:FE:91,-75,0,745,745,0,0,0,0,0
198439599,NODE_20500DE71C38,child,4,B4:BF:E9:32:FE:91,-75,0,745,745,0,0,0,0,0
198539604,NODE_20500DE71C38,child,4,B4:BF:E9:32:FE:91,-75,0,745,745,0,0,0,0,0
198639603,NODE_20500DE71C38,child,4,B4:BF:E9:32:FE:91,-75,0,746,746,0,0,0,0,0
198739609,NODE_20500DE71C38,child,4,B4:BF:E9:32:FE:91,-75,0,746,746,0,0,0,0,0
198839608,NODE_20500DE71C38,child,4,B4:BF:E9:32:FE:91,-75,0,747,747,0,0,0,0,0
198939599,NODE_20500DE71C38,child,4,B4:BF:E9:32:FE:91,-75,0,747,747,0,0,0,0,0
199039603,NODE_20500DE71C38,child,4,B4:BF:E9:32:FE:91,-75,0,747,747,0,0,0,0,0
199139612,NODE_20500DE71C38,child,4,B4:BF:E9:32:FE:91,-75,0,748,748,0,0,0,0,0
199239607,NODE_20500DE71C38,child,4,B4:BF:E9:32:FE:91,-75,0,748,748,0,0,0,0,0
199339599,NODE_20500DE71C38,child,4,B4:BF:E9:32:FE:91,-75,0,749,749,0,0,0,0,0
199439604,NODE_20500DE71C38,child,4,B4:BF:E9:32:FE:91,-75,0,749,749,0,0,0,0,0
199539599,NODE_20500DE71C38,child,4,B4:BF:E9:32:FE:91,-75,0,749,749,0,0,0,0,0
199639603,NODE_20500DE71C38,child,4,B4:BF:E9:32:FE:91,-75,0,750,750,0,0,0,0,0
199739615,NODE_20500DE71C38,child,4,B4:BF:E9:32:FE:91,-76,0,750,750,0,0,0,0,0
199839607,NODE_20500DE71C38,child,4,B4:BF:E9:32:FE:91,-76,0,751,751,0,0,0,0,0
199939599,NODE_20500DE71C38,child,4,B4:BF:E9:32:FE:91,-76,0,751,751,0,0,0,0,0
200039600,NODE_20500DE71C38,child,4,B4:BF:E9:32:FE:91,-76,0,751,751,0,0,0,0,0
200139611,NODE_20500DE71C38,child,4,B4:BF:E9:32:FE:91,-76,0,752,752,0,0,0,0,0
200239599,NODE_20500DE71C38,child,4,B4:BF:E9:32:FE:91,-76,0,752,752,0,0,0,0,0
200339604,NODE_20500DE71C38,child,4,B4:BF:E9:32:FE:91,-76,0,753,753,0,0,0,0,0
200439599,NODE_20500DE71C38,child,4,B4:BF:E9:32:FE:91,-76,0,753,753,0,0,0,0,0
200539603,NODE_20500DE71C38,child,4,B4:BF:E9:32:FE:91,-76,0,753,753,0,0,0,0,0
200639608,NODE_20500DE71C38,child,4,B4:BF:E9:32:FE:91,-76,0,754,754,0,0,0,0,0
200739599,NODE_20500DE71C38,child,4,B4:BF:E9:32:FE:91,-76,0,754,754,0,0,0,0,0
200839607,NODE_20500DE71C38,child,4,B4:BF:E9:32:FE:91,-76,0,755,755,0,0,0,0,0
200939607,NODE_20500DE71C38,child,4,B4:BF:E9:32:FE:91,-76,0,755,755,0,0,0,0,0
201039599,NODE_20500DE71C38,child,4,B4:BF:E9:32:FE:91,-76,0,755,755,0,0,0,0,0
201139611,NODE_20500DE71C38,child,4,B4:BF:E9:32:FE:91,-76,0,756,756,0,0,0,0,0
201239608,NODE_20500DE71C38,child,4,B4:BF:E9:32:FE:91,-76,0,756,756,0,0,0,0,0
201339607,NODE_20500DE71C38,child,4,B4:BF:E9:32:FE:91,-76,0,757,757,0,0,0,0,0
201439599,NODE_20500DE71C38,child,4,B4:BF:E9:32:FE:91,-76,0,757,757,0,0,0,0,0
201539600,NODE_20500DE71C38,child,4,B4:BF:E9:32:FE:91,-76,0,757,757,0,0,0,0,0
201639599,NODE_20500DE71C38,child,4,B4:BF:E9:32:FE:91,-76,0,758,758,0,0,0,0,0
201739599,NODE_20500DE71C38,child,4,B4:BF:E9:32:FE:91,-76,0,758,758,0,0,0,0,0
201839608,NODE_20500DE71C38,child,4,B4:BF:E9:32:FE:91,-76,0,759,759,0,0,0,0,0
201939599,NODE_20500DE71C38,child,4,B4:BF:E9:32:FE:91,-76,0,759,759,0,0,0,0,0
202039599,NODE_20500DE71C38,child,4,B4:BF:E9:32:FE:91,-76,0,759,759,0,0,0,0,0
202139604,NODE_20500DE71C38,child,4,B4:BF:E9:32:FE:91,-76,0,760,760,0,0,0,0,0
202239607,NODE_20500DE71C38,child,4,B4:BF:E9:32:FE:91,-76,0,760,760,0,0,0,0,0
202339599,NODE_20500DE71C38,child,4,B4:BF:E9:32:FE:91,-76,0,761,761,0,0,0,0,0
202439604,NODE_20500DE71C38,child,4,B4:BF:E9:32:FE:91,-76,0,761,761,0,0,0,0,0
202539607,NODE_20500DE71C38,child,4,B4:BF:E9:32:FE:91,-76,0,761,761,0,0,0,0,0
202639603,NODE_20500DE71C38,child,4,B4:BF:E9:32:FE:91,-76,0,762,762,0,0,0,0,0
202739600,NODE_20500DE71C38,child,4,B4:BF:E9:32:FE:91,-76,0,762,762,0,0,0,0,0
202839613,NODE_20500DE71C38,child,4,B4:BF:E9:32:FE:91,-76,0,763,763,0,0,0,0,0
202939599,NODE_20500DE71C38,child,4,B4:BF:E9:32:FE:91,-76,0,763,763,0,0,0,0,0
203039600,NODE_20500DE71C38,child,4,B4:BF:E9:32:FE:91,-76,0,763,763,0,0,0,0,0
203139607,NODE_20500DE71C38,child,4,B4:BF:E9:32:FE:91,-76,0,764,764,0,0,0,0,0
203239611,NODE_20500DE71C38,child,4,B4:BF:E9:32:FE:91,-76,0,764,764,0,0,0,0,0
203339604,NODE_20500DE71C38,child,4,B4:BF:E9:32:FE:91,-76,0,765,765,0,0,0,0,0
203439599,NODE_20500DE71C38,child,4,B4:BF:E9:32:FE:91,-76,0,765,765,0,0,0,0,0
203539599,NODE_20500DE71C38,child,4,B4:BF:E9:32:FE:91,-76,0,765,765,0,0,0,0,0
203639608,NODE_20500DE71C38,child,4,B4:BF:E9:32:FE:91,-76,0,766,766,0,0,0,0,0
203739599,NODE_20500DE71C38,child,4,B4:BF:E9:32:FE:91,-76,0,766,766,0,0,0,0,0
203839613,NODE_20500DE71C38,child,4,B4:BF:E9:32:FE:91,-76,0,766,766,0,0,0,0,0
203939608,NODE_20500DE71C38,child,4,B4:BF:E9:32:FE:91,-76,0,767,767,0,0,0,0,0
204039599,NODE_20500DE71C38,child,4,B4:BF:E9:32:FE:91,-76,0,767,767,0,0,0,0,0
204139607,NODE_20500DE71C38,child,4,B4:BF:E9:32:FE:91,-76,0,768,768,0,0,0,0,0
204239608,NODE_20500DE71C38,child,4,B4:BF:E9:32:FE:91,-76,0,768,768,0,0,0,0,0
204340378,NODE_20500DE71C38,child,4,B4:BF:E9:32:FE:91,-76,0,768,768,0,0,0,0,0
204439603,NODE_20500DE71C38,child,4,B4:BF:E9:32:FE:91,-76,0,769,769,0,0,0,0,0
204539608,NODE_20500DE71C38,child,4,B4:BF:E9:32:FE:91,-76,0,769,769,0,0,0,0,0
204639603,NODE_20500DE71C38,child,4,B4:BF:E9:32:FE:91,-76,0,770,770,0,0,0,0,0
204739599,NODE_20500DE71C38,child,4,B4:BF:E9:32:FE:91,-76,0,770,770,0,0,0,0,0
204840374,NODE_20500DE71C38,child,4,B4:BF:E9:32:FE:91,-76,0,770,770,0,0,0,0,0
204939613,NODE_20500DE71C38,child,4,B4:BF:E9:32:FE:91,-76,0,771,771,0,0,0,0,0
205039599,NODE_20500DE71C38,child,4,B4:BF:E9:32:FE:91,-76,0,771,771,0,0,0,0,0
205139608,NODE_20500DE71C38,child,4,B4:BF:E9:32:FE:91,-76,0,772,772,0,0,0,0,0
205239611,NODE_20500DE71C38,child,4,B4:BF:E9:32:FE:91,-76,0,772,772,0,0,0,0,0
205340374,NODE_20500DE71C38,child,4,B4:BF:E9:32:FE:91,-76,0,772,772,0,0,0,0,0
205439604,NODE_20500DE71C38,child,4,B4:BF:E9:32:FE:91,-76,0,773,773,0,0,0,0,0
205539599,NODE_20500DE71C38,child,4,B4:BF:E9:32:FE:91,-76,0,773,773,0,0,0,0,0
205639603,NODE_20500DE71C38,child,4,B4:BF:E9:32:FE:91,-76,0,774,774,0,0,0,0,0
205739600,NODE_20500DE71C38,child,4,B4:BF:E9:32:FE:91,-76,0,774,774,0,0,0,0,0
205840380,NODE_20500DE71C38,child,4,B4:BF:E9:32:FE:91,-76,0,774,774,0,0,0,0,0
205939609,NODE_20500DE71C38,child,4,B4:BF:E9:32:FE:91,-76,0,775,775,0,0,0,0,0
206039608,NODE_20500DE71C38,child,4,B4:BF:E9:32:FE:91,-76,0,775,775,0,0,0,0,0
206139603,NODE_20500DE71C38,child,4,B4:BF:E9:32:FE:91,-76,0,776,776,0,0,0,0,0
206239603,NODE_20500DE71C38,child,4,B4:BF:E9:32:FE:91,-76,0,776,776,0,0,0,0,0
206340377,NODE_20500DE71C38,child,4,B4:BF:E9:32:FE:91,-76,0,776,776,0,0,0,0,0
206439603,NODE_20500DE71C38,child,4,B4:BF:E9:32:FE:91,-76,0,777,777,0,0,0,0,0
206539609,NODE_20500DE71C38,child,4,B4:BF:E9:32:FE:91,-76,0,777,777,0,0,0,0,0
206639600,NODE_20500DE71C38,child,4,B4:BF:E9:32:FE:91,-76,0,778,778,0,0,0,0,0
206739603,NODE_20500DE71C38,child,4,B4:BF:E9:32:FE:91,-76,0,778,778,0,0,0,0,0
206840377,NODE_20500DE71C38,child,4,B4:BF:E9:32:FE:91,-76,0,778,778,0,0,0,0,0
206939612,NODE_20500DE71C38,child,4,B4:BF:E9:32:FE:91,-76,0,779,779,0,0,0,0,0
207039599,NODE_20500DE71C38,child,4,B4:BF:E9:32:FE:91,-76,0,779,779,0,0,0,0,0
207139603,NODE_20500DE71C38,child,4,B4:BF:E9:32:FE:91,-76,0,780,780,0,0,0,0,0
207239607,NODE_20500DE71C38,child,4,B4:BF:E9:32:FE:91,-76,0,780,780,0,0,0,0,0
207340382,NODE_20500DE71C38,child,4,B4:BF:E9:32:FE:91,-76,0,780,780,0,0,0,0,0
207439603,NODE_20500DE71C38,child,4,B4:BF:E9:32:FE:91,-76,0,781,781,0,0,0,0,0
207539600,NODE_20500DE71C38,child,4,B4:BF:E9:32:FE:91,-76,0,781,781,0,0,0,0,0
207639603,NODE_20500DE71C38,child,4,B4:BF:E9:32:FE:91,-76,0,782,782,0,0,0,0,0
207739599,NODE_20500DE71C38,child,4,B4:BF:E9:32:FE:91,-76,0,782,782,0,0,0,0,0
207840374,NODE_20500DE71C38,child,4,B4:BF:E9:32:FE:91,-76,0,782,782,0,0,0,0,0
207939607,NODE_20500DE71C38,child,4,B4:BF:E9:32:FE:91,-76,0,783,783,0,0,0,0,0
208039599,NODE_20500DE71C38,child,4,B4:BF:E9:32:FE:91,-76,0,783,783,0,0,0,0,0
208139608,NODE_20500DE71C38,child,4,B4:BF:E9:32:FE:91,-76,0,784,784,0,0,0,0,0
208239603,NODE_20500DE71C38,child,4,B4:BF:E9:32:FE:91,-76,0,784,784,0,0,0,0,0
208340376,NODE_20500DE71C38,child,4,B4:BF:E9:32:FE:91,-76,0,784,784,0,0,0,0,0
208439604,NODE_20500DE71C38,child,4,B4:BF:E9:32:FE:91,-76,0,785,785,0,0,0,0,0
208539607,NODE_20500DE71C38,child,4,B4:BF:E9:32:FE:91,-76,0,785,785,0,0,0,0,0
208639603,NODE_20500DE71C38,child,4,B4:BF:E9:32:FE:91,-76,0,786,786,0,0,0,0,0
208739600,NODE_20500DE71C38,child,4,B4:BF:E9:32:FE:91,-76,0,786,786,0,0,0,0,0
208840375,NODE_20500DE71C38,child,4,B4:BF:E9:32:FE:91,-76,0,786,786,0,0,0,0,0
208939607,NODE_20500DE71C38,child,4,B4:BF:E9:32:FE:91,-76,0,787,787,0,0,0,0,0
209039608,NODE_20500DE71C38,child,4,B4:BF:E9:32:FE:91,-76,0,787,787,0,0,0,0,0
209139603,NODE_20500DE71C38,child,4,B4:BF:E9:32:FE:91,-76,0,788,788,0,0,0,0,0
209239607,NODE_20500DE71C38,child,4,B4:BF:E9:32:FE:91,-76,0,788,788,0,0,0,0,0
209340380,NODE_20500DE71C38,child,4,B4:BF:E9:32:FE:91,-76,0,788,788,0,0,0,0,0
209439607,NODE_20500DE71C38,child,4,B4:BF:E9:32:FE:91,-76,0,789,789,0,0,0,0,0
209539599,NODE_20500DE71C38,child,4,B4:BF:E9:32:FE:91,-76,0,789,789,0,0,0,0,0
209639604,NODE_20500DE71C38,child,4,B4:BF:E9:32:FE:91,-76,0,790,790,0,0,0,0,0
209739607,NODE_20500DE71C38,child,4,B4:BF:E9:32:FE:91,-76,0,790,790,0,0,0,0,0
209840383,NODE_20500DE71C38,child,4,B4:BF:E9:32:FE:91,-76,0,790,790,0,0,0,0,0
209939604,NODE_20500DE71C38,child,4,B4:BF:E9:32:FE:91,-76,0,791,791,0,0,0,0,0
210039611,NODE_20500DE71C38,child,4,B4:BF:E9:32:FE:91,-76,0,791,791,0,0,0,0,0
210139607,NODE_20500DE71C38,child,4,B4:BF:E9:32:FE:91,-76,0,792,792,0,0,0,0,0
210239600,NODE_20500DE71C38,child,4,B4:BF:E9:32:FE:91,-76,0,792,792,0,0,0,0,0
210340375,NODE_20500DE71C38,child,4,B4:BF:E9:32:FE:91,-76,0,792,792,0,0,0,0,0
210439611,NODE_20500DE71C38,child,4,B4:BF:E9:32:FE:91,-76,0,793,793,0,0,0,0,0
210539600,NODE_20500DE71C38,child,4,B4:BF:E9:32:FE:91,-76,0,793,793,0,0,0,0,0
210639603,NODE_20500DE71C38,child,4,B4:BF:E9:32:FE:91,-76,0,794,794,0,0,0,0,0
210739599,NODE_20500DE71C38,child,4,B4:BF:E9:32:FE:91,-76,0,794,794,0,0,0,0,0
210839600,NODE_20500DE71C38,child,4,B4:BF:E9:32:FE:91,-76,0,794,794,0,0,0,0,0
210939607,NODE_20500DE71C38,child,4,B4:BF:E9:32:FE:91,-76,0,795,795,0,0,0,0,0
211039613,NODE_20500DE71C38,child,4,B4:BF:E9:32:FE:91,-76,0,795,795,0,0,0,0,0
211139604,NODE_20500DE71C38,child,4,B4:BF:E9:32:FE:91,-76,0,796,796,0,0,0,0,0
211239603,NODE_20500DE71C38,child,4,B4:BF:E9:32:FE:91,-76,0,796,796,0,0,0,0,0
211339603,NODE_20500DE71C38,child,4,B4:BF:E9:32:FE:91,-76,0,796,796,0,0,0,0,0
211439608,NODE_20500DE71C38,child,4,B4:BF:E9:32:FE:91,-76,0,797,797,0,0,0,0,0
211539599,NODE_20500DE71C38,child,4,B4:BF:E9:32:FE:91,-76,0,797,797,0,0,0,0,0
211639599,NODE_20500DE71C38,child,4,B4:BF:E9:32:FE:91,-76,0,798,798,0,0,0,0,0
211739604,NODE_20500DE71C38,child,4,B4:BF:E9:32:FE:91,-76,0,798,798,0,0,0,0,0
211839599,NODE_20500DE71C38,child,4,B4:BF:E9:32:FE:91,-76,0,798,798,0,0,0,0,0
211939603,NODE_20500DE71C38,child,4,B4:BF:E9:32:FE:91,-76,0,799,799,0,0,0,0,0
212039615,NODE_20500DE71C38,child,4,B4:BF:E9:32:FE:91,-76,0,799,799,0,0,0,0,0
212139607,NODE_20500DE71C38,child,4,B4:BF:E9:32:FE:91,-76,0,800,800,0,0,0,0,0
212239599,NODE_20500DE71C38,child,4,B4:BF:E9:32:FE:91,-76,0,800,800,0,0,0,0,0
212339608,NODE_20500DE71C38,child,4,B4:BF:E9:32:FE:91,-76,0,800,800,0,0,0,0,0
212439607,NODE_20500DE71C38,child,4,B4:BF:E9:32:FE:91,-76,0,801,801,0,0,0,0,0
212539599,NODE_20500DE71C38,child,4,B4:BF:E9:32:FE:91,-76,0,801,801,0,0,0,0,0
212639604,NODE_20500DE71C38,child,4,B4:BF:E9:32:FE:91,-76,0,802,802,0,0,0,0,0
212739599,NODE_20500DE71C38,child,4,B4:BF:E9:32:FE:91,-76,0,802,802,0,0,0,0,0
212839599,NODE_20500DE71C38,child,4,B4:BF:E9:32:FE:91,-76,0,802,802,0,0,0,0,0
212939608,NODE_20500DE71C38,child,4,B4:BF:E9:32:FE:91,-76,0,803,803,0,0,0,0,0
213039607,NODE_20500DE71C38,child,4,B4:BF:E9:32:FE:91,-76,0,803,803,0,0,0,0,0
213139607,NODE_20500DE71C38,child,4,B4:BF:E9:32:FE:91,-76,0,804,804,0,0,0,0,0
213239600,NODE_20500DE71C38,child,4,B4:BF:E9:32:FE:91,-76,0,804,804,0,0,0,0,0
213339599,NODE_20500DE71C38,child,4,B4:BF:E9:32:FE:91,-76,0,804,804,0,0,0,0,0
213439611,NODE_20500DE71C38,child,4,B4:BF:E9:32:FE:91,-76,0,805,805,0,0,0,0,0
213539600,NODE_20500DE71C38,child,4,B4:BF:E9:32:FE:91,-76,0,805,805,0,0,0,0,0
213639603,NODE_20500DE71C38,child,4,B4:BF:E9:32:FE:91,-76,0,806,806,0,0,0,0,0
213739607,NODE_20500DE71C38,child,4,B4:BF:E9:32:FE:91,-76,0,806,806,0,0,0,0,0
213839600,NODE_20500DE71C38,child,4,B4:BF:E9:32:FE:91,-76,0,806,806,0,0,0,0,0
213939603,NODE_20500DE71C38,child,4,B4:BF:E9:32:FE:91,-76,0,807,807,0,0,0,0,0
214039599,NODE_20500DE71C38,child,4,B4:BF:E9:32:FE:91,-76,0,807,807,0,0,0,0,0
214139608,NODE_20500DE71C38,child,4,B4:BF:E9:32:FE:91,-76,0,808,808,0,0,0,0,0
214239928,NODE_20500DE71C38,child,4,B4:BF:E9:32:FE:91,-76,0,808,808,0,0,0,0,0
214339603,NODE_20500DE71C38,child,4,B4:BF:E9:32:FE:91,-76,0,808,808,0,0,0,0,0
214439608,NODE_20500DE71C38,child,4,B4:BF:E9:32:FE:91,-76,0,809,809,0,0,0,0,0
214539603,NODE_20500DE71C38,child,4,B4:BF:E9:32:FE:91,-76,0,809,809,0,0,0,0,0
214639603,NODE_20500DE71C38,child,4,B4:BF:E9:32:FE:91,-76,0,810,810,0,0,0,0,0
214739600,NODE_20500DE71C38,child,4,B4:BF:E9:32:FE:91,-76,0,810,810,0,0,0,0,0
214839603,NODE_20500DE71C38,child,4,B4:BF:E9:32:FE:91,-76,0,810,810,0,0,0,0,0
214939607,NODE_20500DE71C38,child,4,B4:BF:E9:32:FE:91,-76,0,811,811,0,0,0,0,0
215039608,NODE_20500DE71C38,child,4,B4:BF:E9:32:FE:91,-76,0,811,811,0,0,0,0,0
215139607,NODE_20500DE71C38,child,4,B4:BF:E9:32:FE:91,-76,0,812,812,0,0,0,0,0
215239599,NODE_20500DE71C38,child,4,B4:BF:E9:32:FE:91,-76,0,812,812,0,0,0,0,0
215339600,NODE_20500DE71C38,child,4,B4:BF:E9:32:FE:91,-76,0,812,812,0,0,0,0,0
215439607,NODE_20500DE71C38,child,4,B4:BF:E9:32:FE:91,-76,0,813,813,0,0,0,0,0
215539603,NODE_20500DE71C38,child,4,B4:BF:E9:32:FE:91,-76,0,813,813,0,0,0,0,0
215639604,NODE_20500DE71C38,child,4,B4:BF:E9:32:FE:91,-76,0,814,814,0,0,0,0,0
215739607,NODE_20500DE71C38,child,4,B4:BF:E9:32:FE:91,-76,0,814,814,0,0,0,0,0
215839599,NODE_20500DE71C38,child,4,B4:BF:E9:32:FE:91,-76,0,814,814,0,0,0,0,0
215939608,NODE_20500DE71C38,child,4,B4:BF:E9:32:FE:91,-76,0,815,815,0,0,0,0,0
216039599,NODE_20500DE71C38,child,4,B4:BF:E9:32:FE:91,-76,0,815,815,0,0,0,0,0
216139613,NODE_20500DE71C38,child,4,B4:BF:E9:32:FE:91,-76,0,816,816,0,0,0,0,0
216239608,NODE_20500DE71C38,child,4,B4:BF:E9:32:FE:91,-76,0,816,816,0,0,0,0,0
216339607,NODE_20500DE71C38,child,4,B4:BF:E9:32:FE:91,-76,0,816,816,0,0,0,0,0
216439607,NODE_20500DE71C38,child,4,B4:BF:E9:32:FE:91,-76,0,817,817,0,0,0,0,0
216539604,NODE_20500DE71C38,child,4,B4:BF:E9:32:FE:91,-76,0,817,817,0,0,0,0,0
216639603,NODE_20500DE71C38,child,4,B4:BF:E9:32:FE:91,-76,0,818,818,0,0,0,0,0
216739599,NODE_20500DE71C38,child,4,B4:BF:E9:32:FE:91,-76,0,818,818,0,0,0,0,0
216839600,NODE_20500DE71C38,child,4,B4:BF:E9:32:FE:91,-76,0,818,818,0,0,0,0,0
216939603,NODE_20500DE71C38,child,4,B4:BF:E9:32:FE:91,-76,0,819,819,0,0,0,0,0
217039607,NODE_20500DE71C38,child,4,B4:BF:E9:32:FE:91,-76,0,819,819,0,0,0,0,0
217139608,NODE_20500DE71C38,child,4,B4:BF:E9:32:FE:91,-76,0,820,820,0,0,0,0,0
217239607,NODE_20500DE71C38,child,4,B4:BF:E9:32:FE:91,-76,0,820,820,0,0,0,0,0
217339599,NODE_20500DE71C38,child,4,B4:BF:E9:32:FE:91,-76,0,820,820,0,0,0,0,0
217439608,NODE_20500DE71C38,child,4,B4:BF:E9:32:FE:91,-76,0,821,821,0,0,0,0,0
217539607,NODE_20500DE71C38,child,4,B4:BF:E9:32:FE:91,-76,0,821,821,0,0,0,0,0
217639603,NODE_20500DE71C38,child,4,B4:BF:E9:32:FE:91,-76,0,822,822,0,0,0,0,0
217739608,NODE_20500DE71C38,child,4,B4:BF:E9:32:FE:91,-76,0,822,822,0,0,0,0,0
217839599,NODE_20500DE71C38,child,4,B4:BF:E9:32:FE:91,-76,0,822,822,0,0,0,0,0
217939607,NODE_20500DE71C38,child,4,B4:BF:E9:32:FE:91,-76,0,823,823,0,0,0,0,0
218039600,NODE_20500DE71C38,child,4,B4:BF:E9:32:FE:91,-76,0,823,823,0,0,0,0,0
218139603,NODE_20500DE71C38,child,4,B4:BF:E9:32:FE:91,-76,0,824,824,0,0,0,0,0
218239613,NODE_20500DE71C38,child,4,B4:BF:E9:32:FE:91,-76,0,824,824,0,0,0,0,0
218339608,NODE_20500DE71C38,child,4,B4:BF:E9:32:FE:91,-76,0,824,824,0,0,0,0,0
218439607,NODE_20500DE71C38,child,4,B4:BF:E9:32:FE:91,-76,0,825,825,0,0,0,0,0
218539603,NODE_20500DE71C38,child,4,B4:BF:E9:32:FE:91,-76,0,825,825,0,0,0,0,0
218639608,NODE_20500DE71C38,child,4,B4:BF:E9:32:FE:91,-76,0,826,826,0,0,0,0,0
218739599,NODE_20500DE71C38,child,4,B4:BF:E9:32:FE:91,-76,0,826,826,0,0,0,0,0
218839603,NODE_20500DE71C38,child,4,B4:BF:E9:32:FE:91,-76,0,826,826,0,0,0,0,0
218939604,NODE_20500DE71C38,child,4,B4:BF:E9:32:FE:91,-76,0,827,827,0,0,0,0,0
219039599,NODE_20500DE71C38,child,4,B4:BF:E9:32:FE:91,-76,0,827,827,0,0,0,0,0
219139603,NODE_20500DE71C38,child,4,B4:BF:E9:32:FE:91,-76,0,828,828,0,0,0,0,0
219239615,NODE_20500DE71C38,child,4,B4:BF:E9:32:FE:91,-77,0,828,828,0,0,0,0,0
219339599,NODE_20500DE71C38,child,4,B4:BF:E9:32:FE:91,-77,0,828,828,0,0,0,0,0
219439607,NODE_20500DE71C38,child,4,B4:BF:E9:32:FE:91,-77,0,829,829,0,0,0,0,0
219539608,NODE_20500DE71C38,child,4,B4:BF:E9:32:FE:91,-77,0,829,829,0,0,0,0,0
219639607,NODE_20500DE71C38,child,4,B4:BF:E9:32:FE:91,-77,0,830,830,0,0,0,0,0
219739599,NODE_20500DE71C38,child,4,B4:BF:E9:32:FE:91,-77,0,830,830,0,0,0,0,0
219839604,NODE_20500DE71C38,child,4,B4:BF:E9:32:FE:91,-77,0,830,830,0,0,0,0,0
219939607,NODE_20500DE71C38,child,4,B4:BF:E9:32:FE:91,-77,0,831,831,0,0,0,0,0
220039599,NODE_20500DE71C38,child,4,B4:BF:E9:32:FE:91,-77,0,831,831,0,0,0,0,0
220139608,NODE_20500DE71C38,child,4,B4:BF:E9:32:FE:91,-77,0,832,832,0,0,0,0,0
220239613,NODE_20500DE71C38,child,4,B4:BF:E9:32:FE:91,-76,0,832,832,0,0,0,0,0
220339599,NODE_20500DE71C38,child,4,B4:BF:E9:32:FE:91,-76,0,832,832,0,0,0,0,0
220439608,NODE_20500DE71C38,child,4,B4:BF:E9:32:FE:91,-76,0,833,833,0,0,0,0,0
220539603,NODE_20500DE71C38,child,4,B4:BF:E9:32:FE:91,-76,0,833,833,0,0,0,0,0
220639603,NODE_20500DE71C38,child,4,B4:BF:E9:32:FE:91,-76,0,834,834,0,0,0,0,0
220739600,NODE_20500DE71C38,child,4,B4:BF:E9:32:FE:91,-76,0,834,834,0,0,0,0,0
220839603,NODE_20500DE71C38,child,4,B4:BF:E9:32:FE:91,-76,0,834,834,0,0,0,0,0
220939607,NODE_20500DE71C38,child,4,B4:BF:E9:32:FE:91,-76,0,835,835,0,0,0,0,0
221039607,NODE_20500DE71C38,child,4,B4:BF:E9:32:FE:91,-76,0,835,835,0,0,0,0,0
221139607,NODE_20500DE71C38,child,4,B4:BF:E9:32:FE:91,-76,0,836,836,0,0,0,0,0
221240376,NODE_20500DE71C38,child,4,B4:BF:E9:32:FE:91,-76,0,836,836,0,0,0,0,0
221339612,NODE_20500DE71C38,child,4,B4:BF:E9:32:FE:91,-76,0,836,836,0,0,0,0,0
221439607,NODE_20500DE71C38,child,4,B4:BF:E9:32:FE:91,-76,0,837,837,0,0,0,0,0
221539609,NODE_20500DE71C38,child,4,B4:BF:E9:32:FE:91,-76,0,837,837,0,0,0,0,0
221639608,NODE_20500DE71C38,child,4,B4:BF:E9:32:FE:91,-76,0,838,838,0,0,0,0,0
221739599,NODE_20500DE71C38,child,4,B4:BF:E9:32:FE:91,-76,0,838,838,0,0,0,0,0
221839599,NODE_20500DE71C38,child,4,B4:BF:E9:32:FE:91,-76,0,838,838,0,0,0,0,0
221939608,NODE_20500DE71C38,child,4,B4:BF:E9:32:FE:91,-76,0,839,839,0,0,0,0,0
222039599,NODE_20500DE71C38,child,4,B4:BF:E9:32:FE:91,-76,0,839,839,0,0,0,0,0
222139603,NODE_20500DE71C38,child,4,B4:BF:E9:32:FE:91,-76,0,840,840,0,0,0,0,0
222239608,NODE_20500DE71C38,child,4,B4:BF:E9:32:FE:91,-76,0,840,840,0,0,0,0,0
222339611,NODE_20500DE71C38,child,4,B4:BF:E9:32:FE:91,-75,0,840,840,0,0,0,0,0
222439607,NODE_20500DE71C38,child,4,B4:BF:E9:32:FE:91,-75,0,841,841,0,0,0,0,0
222539600,NODE_20500DE71C38,child,4,B4:BF:E9:32:FE:91,-75,0,841,841,0,0,0,0,0
222639611,NODE_20500DE71C38,child,4,B4:BF:E9:32:FE:91,-75,0,842,842,0,0,0,0,0
222739599,NODE_20500DE71C38,child,4,B4:BF:E9:32:FE:91,-75,0,842,842,0,0,0,0,0
222839607,NODE_20500DE71C38,child,4,B4:BF:E9:32:FE:91,-75,0,842,842,0,0,0,0,0
222939607,NODE_20500DE71C38,child,4,B4:BF:E9:32:FE:91,-75,0,843,843,0,0,0,0,0
223039599,NODE_20500DE71C38,child,4,B4:BF:E9:32:FE:91,-75,0,843,843,0,0,0,0,0
223139608,NODE_20500DE71C38,child,4,B4:BF:E9:32:FE:91,-75,0,844,844,0,0,0,0,0
223239607,NODE_20500DE71C38,child,4,B4:BF:E9:32:FE:91,-75,0,844,844,0,0,0,0,0
223339611,NODE_20500DE71C38,child,4,B4:BF:E9:32:FE:91,-76,0,844,844,0,0,0,0,0
223439608,NODE_20500DE71C38,child,4,B4:BF:E9:32:FE:91,-76,0,845,845,0,0,0,0,0
223539609,NODE_20500DE71C38,child,4,B4:BF:E9:32:FE:91,-76,0,845,845,0,0,0,0,0
223639607,NODE_20500DE71C38,child,4,B4:BF:E9:32:FE:91,-76,0,846,846,0,0,0,0,0
223739604,NODE_20500DE71C38,child,4,B4:BF:E9:32:FE:91,-76,0,846,846,0,0,0,0,0
223839599,NODE_20500DE71C38,child,4,B4:BF:E9:32:FE:91,-76,0,846,846,0,0,0,0,0
223939603,NODE_20500DE71C38,child,4,B4:BF:E9:32:FE:91,-76,0,847,847,0,0,0,0,0
224039600,NODE_20500DE71C38,child,4,B4:BF:E9:32:FE:91,-76,0,847,847,0,0,0,0,0
224139607,NODE_20500DE71C38,child,4,B4:BF:E9:32:FE:91,-76,0,848,848,0,0,0,0,0
224239607,NODE_20500DE71C38,child,4,B4:BF:E9:32:FE:91,-76,0,848,848,0,0,0,0,0
224339612,NODE_20500DE71C38,child,4,B4:BF:E9:32:FE:91,-75,0,848,848,0,0,0,0,0
224439607,NODE_20500DE71C38,child,4,B4:BF:E9:32:FE:91,-75,0,849,849,0,0,0,0,0
224539599,NODE_20500DE71C38,child,4,B4:BF:E9:32:FE:91,-75,0,849,849,0,0,0,0,0
224639608,NODE_20500DE71C38,child,4,B4:BF:E9:32:FE:91,-75,0,850,850,0,0,0,0,0
224739603,NODE_20500DE71C38,child,4,B4:BF:E9:32:FE:91,-75,0,850,850,0,0,0,0,0
224839606,NODE_20500DE71C38,child,4,B4:BF:E9:32:FE:91,-75,0,850,850,0,0,0,0,0
224939604,NODE_20500DE71C38,child,4,B4:BF:E9:32:FE:91,-75,0,851,851,0,0,0,0,0
225039599,NODE_20500DE71C38,child,4,B4:BF:E9:32:FE:91,-75,0,851,851,0,0,0,0,0
225139607,NODE_20500DE71C38,child,4,B4:BF:E9:32:FE:91,-75,0,852,852,0,0,0,0,0
225239600,NODE_20500DE71C38,child,4,B4:BF:E9:32:FE:91,-75,0,852,852,0,0,0,0,0
225339611,NODE_20500DE71C38,child,4,B4:BF:E9:32:FE:91,-76,0,852,852,0,0,0,0,0
225439607,NODE_20500DE71C38,child,4,B4:BF:E9:32:FE:91,-76,0,853,853,0,0,0,0,0
225539611,NODE_20500DE71C38,child,4,B4:BF:E9:32:FE:91,-76,0,853,853,0,0,0,0,0
225639607,NODE_20500DE71C38,child,4,B4:BF:E9:32:FE:91,-76,0,854,854,0,0,0,0,0
225739607,NODE_20500DE71C38,child,4,B4:BF:E9:32:FE:91,-76,0,854,854,0,0,0,0,0
225839604,NODE_20500DE71C38,child,4,B4:BF:E9:32:FE:91,-76,0,854,854,0,0,0,0,0
225939607,NODE_20500DE71C38,child,4,B4:BF:E9:32:FE:91,-76,0,855,855,0,0,0,0,0
226039599,NODE_20500DE71C38,child,4,B4:BF:E9:32:FE:91,-76,0,855,855,0,0,0,0,0
226139604,NODE_20500DE71C38,child,4,B4:BF:E9:32:FE:91,-76,0,856,856,0,0,0,0,0
226239607,NODE_20500DE71C38,child,4,B4:BF:E9:32:FE:91,-76,0,856,856,0,0,0,0,0
226339599,NODE_20500DE71C38,child,4,B4:BF:E9:32:FE:91,-76,0,856,856,0,0,0,0,0
226439608,NODE_20500DE71C38,child,4,B4:BF:E9:32:FE:91,-77,0,857,857,0,0,0,0,0
226539599,NODE_20500DE71C38,child,4,B4:BF:E9:32:FE:91,-77,0,857,857,0,0,0,0,0
226639607,NODE_20500DE71C38,child,4,B4:BF:E9:32:FE:91,-77,0,858,858,0,0,0,0,0
226739608,NODE_20500DE71C38,child,4,B4:BF:E9:32:FE:91,-77,0,858,858,0,0,0,0,0
226839606,NODE_20500DE71C38,child,4,B4:BF:E9:32:FE:91,-77,0,858,858,0,0,0,0,0
226939607,NODE_20500DE71C38,child,4,B4:BF:E9:32:FE:91,-77,0,859,859,0,0,0,0,0
227039600,NODE_20500DE71C38,child,4,B4:BF:E9:32:FE:91,-77,0,859,859,0,0,0,0,0
227139607,NODE_20500DE71C38,child,4,B4:BF:E9:32:FE:91,-77,0,860,860,0,0,0,0,0
227239599,NODE_20500DE71C38,child,4,B4:BF:E9:32:FE:91,-77,0,860,860,0,0,0,0,0
227339600,NODE_20500DE71C38,child,4,B4:BF:E9:32:FE:91,-77,0,860,860,0,0,0,0,0
227439611,NODE_20500DE71C38,child,4,B4:BF:E9:32:FE:91,-76,0,861,861,0,0,0,0,0
227539606,NODE_20500DE71C38,child,4,B4:BF:E9:32:FE:91,-76,0,861,861,0,0,0,0,0
227640373,NODE_20500DE71C38,child,4,B4:BF:E9:32:FE:91,-76,0,861,861,0,0,0,0,0
227739607,NODE_20500DE71C38,child,4,B4:BF:E9:32:FE:91,-76,0,862,862,0,0,0,0,0
227839603,NODE_20500DE71C38,child,4,B4:BF:E9:32:FE:91,-76,0,862,862,0,0,0,0,0
227939608,NODE_20500DE71C38,child,4,B4:BF:E9:32:FE:91,-76,0,863,863,0,0,0,0,0
228039599,NODE_20500DE71C38,child,4,B4:BF:E9:32:FE:91,-76,0,863,863,0,0,0,0,0
228140376,NODE_20500DE71C38,child,4,B4:BF:E9:32:FE:91,-76,0,863,863,0,0,0,0,0
228239604,NODE_20500DE71C38,child,4,B4:BF:E9:32:FE:91,-76,0,864,864,0,0,0,0,0
228339599,NODE_20500DE71C38,child,4,B4:BF:E9:32:FE:91,-76,0,864,864,0,0,0,0,0
228439611,NODE_20500DE71C38,child,4,B4:BF:E9:32:FE:91,-76,0,865,865,0,0,0,0,0
228539600,NODE_20500DE71C38,child,4,B4:BF:E9:32:FE:91,-76,0,865,865,0,0,0,0,0
228640383,NODE_20500DE71C38,child,4,B4:BF:E9:32:FE:91,-76,0,865,865,0,0,0,0,0
228739607,NODE_20500DE71C38,child,4,B4:BF:E9:32:FE:91,-76,0,866,866,0,0,0,0,0
228839615,NODE_20500DE71C38,child,4,B4:BF:E9:32:FE:91,-76,0,866,866,0,0,0,0,0
228939603,NODE_20500DE71C38,child,4,B4:BF:E9:32:FE:91,-76,0,867,867,0,0,0,0,0
229039599,NODE_20500DE71C38,child,4,B4:BF:E9:32:FE:91,-76,0,867,867,0,0,0,0,0
229140382,NODE_20500DE71C38,child,4,B4:BF:E9:32:FE:91,-76,0,867,867,0,0,0,0,0
229239603,NODE_20500DE71C38,child,4,B4:BF:E9:32:FE:91,-76,0,868,868,0,0,0,0,0
229339599,NODE_20500DE71C38,child,4,B4:BF:E9:32:FE:91,-76,0,868,868,0,0,0,0,0
229439612,NODE_20500DE71C38,child,4,B4:BF:E9:32:FE:91,-76,0,869,869,0,0,0,0,0
229539609,NODE_20500DE71C38,child,4,B4:BF:E9:32:FE:91,-76,0,869,869,0,0,0,0,0
229639599,NODE_20500DE71C38,child,4,B4:BF:E9:32:FE:91,-76,0,869,869,0,0,0,0,0
229739608,NODE_20500DE71C38,child,4,B4:BF:E9:32:FE:91,-76,0,870,870,0,0,0,0,0
229839607,NODE_20500DE71C38,child,4,B4:BF:E9:32:FE:91,-76,0,870,870,0,0,0,0,0
229939607,NODE_20500DE71C38,child,4,B4:BF:E9:32:FE:91,-76,0,871,871,0,0,0,0,0
230039608,NODE_20500DE71C38,child,4,B4:BF:E9:32:FE:91,-76,0,871,871,0,0,0,0,0
230139603,NODE_20500DE71C38,child,4,B4:BF:E9:32:FE:91,-76,0,871,871,0,0,0,0,0
230239607,NODE_20500DE71C38,child,4,B4:BF:E9:32:FE:91,-76,0,872,872,0,0,0,0,0
230339600,NODE_20500DE71C38,child,4,B4:BF:E9:32:FE:91,-76,0,872,872,0,0,0,0,0
230439603,NODE_20500DE71C38,child,4,B4:BF:E9:32:FE:91,-76,0,873,873,0,0,0,0,0
230539611,NODE_20500DE71C38,child,4,B4:BF:E9:32:FE:91,-76,0,873,873,0,0,0,0,0
230639600,NODE_20500DE71C38,child,4,B4:BF:E9:32:FE:91,-76,0,873,873,0,0,0,0,0
230739609,NODE_20500DE71C38,child,4,B4:BF:E9:32:FE:91,-76,0,874,874,0,0,0,0,0
230839607,NODE_20500DE71C38,child,4,B4:BF:E9:32:FE:91,-76,0,874,874,0,0,0,0,0
230939608,NODE_20500DE71C38,child,4,B4:BF:E9:32:FE:91,-76,0,875,875,0,0,0,0,0
231039603,NODE_20500DE71C38,child,4,B4:BF:E9:32:FE:91,-76,0,875,875,0,0,0,0,0
231139599,NODE_20500DE71C38,child,4,B4:BF:E9:32:FE:91,-76,0,875,875,0,0,0,0,0
231239608,NODE_20500DE71C38,child,4,B4:BF:E9:32:FE:91,-76,0,876,876,0,0,0,0,0
231339606,NODE_20500DE71C38,child,4,B4:BF:E9:32:FE:91,-76,0,876,876,0,0,0,0,0
231439603,NODE_20500DE71C38,child,4,B4:BF:E9:32:FE:91,-76,0,877,877,0,0,0,0,0
231539612,NODE_20500DE71C38,child,4,B4:BF:E9:32:FE:91,-76,0,877,877,0,0,0,0,0
231639599,NODE_20500DE71C38,child,4,B4:BF:E9:32:FE:91,-76,0,877,877,0,0,0,0,0
231739607,NODE_20500DE71C38,child,4,B4:BF:E9:32:FE:91,-76,0,878,878,0,0,0,0,0
231839607,NODE_20500DE71C38,child,4,B4:BF:E9:32:FE:91,-76,0,878,878,0,0,0,0,0
231939607,NODE_20500DE71C38,child,4,B4:BF:E9:32:FE:91,-76,0,879,879,0,0,0,0,0
232039607,NODE_20500DE71C38,child,4,B4:BF:E9:32:FE:91,-76,0,879,879,0,0,0,0,0
232139600,NODE_20500DE71C38,child,4,B4:BF:E9:32:FE:91,-76,0,879,879,0,0,0,0,0
232239607,NODE_20500DE71C38,child,4,B4:BF:E9:32:FE:91,-76,0,880,880,0,0,0,0,0
232339599,NODE_20500DE71C38,child,4,B4:BF:E9:32:FE:91,-76,0,880,880,0,0,0,0,0
232439608,NODE_20500DE71C38,child,4,B4:BF:E9:32:FE:91,-76,0,881,881,0,0,0,0,0
232539611,NODE_20500DE71C38,child,4,B4:BF:E9:32:FE:91,-76,0,881,881,0,0,0,0,0
232639599,NODE_20500DE71C38,child,4,B4:BF:E9:32:FE:91,-76,0,881,881,0,0,0,0,0
232739608,NODE_20500DE71C38,child,4,B4:BF:E9:32:FE:91,-76,0,882,882,0,0,0,0,0
232839603,NODE_20500DE71C38,child,4,B4:BF:E9:32:FE:91,-76,0,882,882,0,0,0,0,0
232939611,NODE_20500DE71C38,child,4,B4:BF:E9:32:FE:91,-76,0,883,883,0,0,0,0,0
233039600,NODE_20500DE71C38,child,4,B4:BF:E9:32:FE:91,-76,0,883,883,0,0,0,0,0
233139603,NODE_20500DE71C38,child,4,B4:BF:E9:32:FE:91,-76,0,883,883,0,0,0,0,0
233239607,NODE_20500DE71C38,child,4,B4:BF:E9:32:FE:91,-76,0,884,884,0,0,0,0,0
233339611,NODE_20500DE71C38,child,4,B4:BF:E9:32:FE:91,-76,0,884,884,0,0,0,0,0
233439603,NODE_20500DE71C38,child,4,B4:BF:E9:32:FE:91,-76,0,885,885,0,0,0,0,0
233539611,NODE_20500DE71C38,child,4,B4:BF:E9:32:FE:91,-76,0,885,885,0,0,0,0,0
233639600,NODE_20500DE71C38,child,4,B4:BF:E9:32:FE:91,-76,0,885,885,0,0,0,0,0
233739607,NODE_20500DE71C38,child,4,B4:BF:E9:32:FE:91,-76,0,886,886,0,0,0,0,0
233839603,NODE_20500DE71C38,child,4,B4:BF:E9:32:FE:91,-76,0,886,886,0,0,0,0,0
233939608,NODE_20500DE71C38,child,4,B4:BF:E9:32:FE:91,-76,0,887,887,0,0,0,0,0
234039609,NODE_20500DE71C38,child,4,B4:BF:E9:32:FE:91,-76,0,887,887,0,0,0,0,0
234139599,NODE_20500DE71C38,child,4,B4:BF:E9:32:FE:91,-76,0,887,887,0,0,0,0,0
234239608,NODE_20500DE71C38,child,4,B4:BF:E9:32:FE:91,-76,0,888,888,0,0,0,0,0
234339599,NODE_20500DE71C38,child,4,B4:BF:E9:32:FE:91,-76,0,888,888,0,0,0,0,0
234439603,NODE_20500DE71C38,child,4,B4:BF:E9:32:FE:91,-76,0,889,889,0,0,0,0,0
234539600,NODE_20500DE71C38,child,4,B4:BF:E9:32:FE:91,-76,0,889,889,0,0,0,0,0
234639611,NODE_20500DE71C38,child,4,B4:BF:E9:32:FE:91,-76,0,889,889,0,0,0,0,0
234739607,NODE_20500DE71C38,child,4,B4:BF:E9:32:FE:91,-76,0,890,890,0,0,0,0,0
234839600,NODE_20500DE71C38,child,4,B4:BF:E9:32:FE:91,-76,0,890,890,0,0,0,0,0
234939611,NODE_20500DE71C38,child,4,B4:BF:E9:32:FE:91,-76,0,891,891,0,0,0,0,0
235039599,NODE_20500DE71C38,child,4,B4:BF:E9:32:FE:91,-76,0,891,891,0,0,0,0,0
235139600,NODE_20500DE71C38,child,4,B4:BF:E9:32:FE:91,-76,0,891,891,0,0,0,0,0
235239607,NODE_20500DE71C38,child,4,B4:BF:E9:32:FE:91,-76,0,892,892,0,0,0,0,0
235339607,NODE_20500DE71C38,child,4,B4:BF:E9:32:FE:91,-76,0,892,892,0,0,0,0,0
235439608,NODE_20500DE71C38,child,4,B4:BF:E9:32:FE:91,-76,0,893,893,0,0,0,0,0
235539599,NODE_20500DE71C38,child,4,B4:BF:E9:32:FE:91,-76,0,893,893,0,0,0,0,0
235639611,NODE_20500DE71C38,child,4,B4:BF:E9:32:FE:91,-76,0,893,893,0,0,0,0,0
235739608,NODE_20500DE71C38,child,4,B4:BF:E9:32:FE:91,-76,0,894,894,0,0,0,0,0
235839599,NODE_20500DE71C38,child,4,B4:BF:E9:32:FE:91,-76,0,894,894,0,0,0,0,0
235939607,NODE_20500DE71C38,child,4,B4:BF:E9:32:FE:91,-76,0,895,895,0,0,0,0,0
236039611,NODE_20500DE71C38,child,4,B4:BF:E9:32:FE:91,-76,0,895,895,0,0,0,0,0
236139603,NODE_20500DE71C38,child,4,B4:BF:E9:32:FE:91,-76,0,895,895,0,0,0,0,0
236239603,NODE_20500DE71C38,child,4,B4:BF:E9:32:FE:91,-76,0,896,896,0,0,0,0,0
236339600,NODE_20500DE71C38,child,4,B4:BF:E9:32:FE:91,-76,0,896,896,0,0,0,0,0
236439603,NODE_20500DE71C38,child,4,B4:BF:E9:32:FE:91,-76,0,897,897,0,0,0,0,0
236539599,NODE_20500DE71C38,child,4,B4:BF:E9:32:FE:91,-76,0,897,897,0,0,0,0,0
236639612,NODE_20500DE71C38,child,4,B4:BF:E9:32:FE:91,-76,0,897,897,0,0,0,0,0
236739607,NODE_20500DE71C38,child,4,B4:BF:E9:32:FE:91,-76,0,898,898,0,0,0,0,0
236839603,NODE_20500DE71C38,child,4,B4:BF:E9:32:FE:91,-76,0,898,898,0,0,0,0,0
236939608,NODE_20500DE71C38,child,4,B4:BF:E9:32:FE:91,-76,0,899,899,0,0,0,0,0
237039603,NODE_20500DE71C38,child,4,B4:BF:E9:32:FE:91,-76,0,899,899,0,0,0,0,0
237139599,NODE_20500DE71C38,child,4,B4:BF:E9:32:FE:91,-76,0,899,899,0,0,0,0,0
237239608,NODE_20500DE71C38,child,4,B4:BF:E9:32:FE:91,-76,0,900,900,0,0,0,0,0
237339607,NODE_20500DE71C38,child,4,B4:BF:E9:32:FE:91,-76,0,900,900,0,0,0,0,0
237439607,NODE_20500DE71C38,child,4,B4:BF:E9:32:FE:91,-76,0,901,901,0,0,0,0,0
237539600,NODE_20500DE71C38,child,4,B4:BF:E9:32:FE:91,-76,0,901,901,0,0,0,0,0
237639611,NODE_20500DE71C38,child,4,B4:BF:E9:32:FE:91,-76,0,901,901,0,0,0,0,0
237739607,NODE_20500DE71C38,child,4,B4:BF:E9:32:FE:91,-76,0,902,902,0,0,0,0,0
237839600,NODE_20500DE71C38,child,4,B4:BF:E9:32:FE:91,-76,0,902,902,0,0,0,0,0
237939607,NODE_20500DE71C38,child,4,B4:BF:E9:32:FE:91,-76,0,903,903,0,0,0,0,0
238039613,NODE_20500DE71C38,child,4,B4:BF:E9:32:FE:91,-76,0,903,903,0,0,0,0,0
238139600,NODE_20500DE71C38,child,4,B4:BF:E9:32:FE:91,-76,0,903,903,0,0,0,0,0
238239607,NODE_20500DE71C38,child,4,B4:BF:E9:32:FE:91,-76,0,904,904,0,0,0,0,0
238339599,NODE_20500DE71C38,child,4,B4:BF:E9:32:FE:91,-76,0,904,904,0,0,0,0,0
238439604,NODE_20500DE71C38,child,4,B4:BF:E9:32:FE:91,-76,0,905,905,0,0,0,0,0
238539599,NODE_20500DE71C38,child,4,B4:BF:E9:32:FE:91,-76,0,905,905,0,0,0,0,0
238639599,NODE_20500DE71C38,child,4,B4:BF:E9:32:FE:91,-76,0,905,905,0,0,0,0,0
238739608,NODE_20500DE71C38,child,4,B4:BF:E9:32:FE:91,-75,0,906,906,0,0,0,0,0
238839599,NODE_20500DE71C38,child,4,B4:BF:E9:32:FE:91,-75,0,906,906,0,0,0,0,0
238939607,NODE_20500DE71C38,child,4,B4:BF:E9:32:FE:91,-75,0,907,907,0,0,0,0,0
239039608,NODE_20500DE71C38,child,4,B4:BF:E9:32:FE:91,-75,0,907,907,0,0,0,0,0
239139603,NODE_20500DE71C38,child,4,B4:BF:E9:32:FE:91,-75,0,907,907,0,0,0,0,0
239239607,NODE_20500DE71C38,child,4,B4:BF:E9:32:FE:91,-75,0,908,908,0,0,0,0,0
239339608,NODE_20500DE71C38,child,4,B4:BF:E9:32:FE:91,-75,0,908,908,0,0,0,0,0
239439607,NODE_20500DE71C38,child,4,B4:BF:E9:32:FE:91,-75,0,909,909,0,0,0,0,0
239539599,NODE_20500DE71C38,child,4,B4:BF:E9:32:FE:91,-75,0,909,909,0,0,0,0,0
239639600,NODE_20500DE71C38,child,4,B4:BF:E9:32:FE:91,-75,0,909,909,0,0,0,0,0
239739611,NODE_20500DE71C38,child,4,B4:BF:E9:32:FE:91,-76,0,910,910,0,0,0,0,0
239839599,NODE_20500DE71C38,child,4,B4:BF:E9:32:FE:91,-76,0,910,910,0,0,0,0,0
239939608,NODE_20500DE71C38,child,4,B4:BF:E9:32:FE:91,-76,0,911,911,0,0,0,0,0
240039606,NODE_20500DE71C38,child,4,B4:BF:E9:32:FE:91,-76,0,911,911,0,0,0,0,0
240139603,NODE_20500DE71C38,child,4,B4:BF:E9:32:FE:91,-76,0,911,911,0,0,0,0,0
240239608,NODE_20500DE71C38,child,4,B4:BF:E9:32:FE:91,-76,0,912,912,0,0,0,0,0
240339599,NODE_20500DE71C38,child,4,B4:BF:E9:32:FE:91,-76,0,912,912,0,0,0,0,0
240439603,NODE_20500DE71C38,child,4,B4:BF:E9:32:FE:91,-76,0,913,913,0,0,0,0,0
240539600,NODE_20500DE71C38,child,4,B4:BF:E9:32:FE:91,-76,0,913,913,0,0,0,0,0
240639599,NODE_20500DE71C38,child,4,B4:BF:E9:32:FE:91,-76,0,913,913,0,0,0,0,0
240739611,NODE_20500DE71C38,child,4,B4:BF:E9:32:FE:91,-76,0,914,914,0,0,0,0,0
240839600,NODE_20500DE71C38,child,4,B4:BF:E9:32:FE:91,-76,0,914,914,0,0,0,0,0
240939607,NODE_20500DE71C38,child,4,B4:BF:E9:32:FE:91,-76,0,915,915,0,0,0,0,0
241039609,NODE_20500DE71C38,child,4,B4:BF:E9:32:FE:91,-76,0,915,915,0,0,0,0,0
241139604,NODE_20500DE71C38,child,4,B4:BF:E9:32:FE:91,-76,0,915,915,0,0,0,0,0
241239607,NODE_20500DE71C38,child,4,B4:BF:E9:32:FE:91,-76,0,916,916,0,0,0,0,0
241339599,NODE_20500DE71C38,child,4,B4:BF:E9:32:FE:91,-76,0,916,916,0,0,0,0,0
241439604,NODE_20500DE71C38,child,4,B4:BF:E9:32:FE:91,-76,0,917,917,0,0,0,0,0
241539599,NODE_20500DE71C38,child,4,B4:BF:E9:32:FE:91,-76,0,917,917,0,0,0,0,0
241639599,NODE_20500DE71C38,child,4,B4:BF:E9:32:FE:91,-76,0,917,917,0,0,0,0,0
241739615,NODE_20500DE71C38,child,4,B4:BF:E9:32:FE:91,-76,0,918,918,0,0,0,0,0
241839607,NODE_20500DE71C38,child,4,B4:BF:E9:32:FE:91,-76,0,918,918,0,0,0,0,0
241939607,NODE_20500DE71C38,child,4,B4:BF:E9:32:FE:91,-76,0,919,919,0,0,0,0,0
242039604,NODE_20500DE71C38,child,4,B4:BF:E9:32:FE:91,-76,0,919,919,0,0,0,0,0
242139607,NODE_20500DE71C38,child,4,B4:BF:E9:32:FE:91,-76,0,919,919,0,0,0,0,0
242239607,NODE_20500DE71C38,child,4,B4:BF:E9:32:FE:91,-76,0,920,920,0,0,0,0,0
242339600,NODE_20500DE71C38,child,4,B4:BF:E9:32:FE:91,-76,0,920,920,0,0,0,0,0
242439603,NODE_20500DE71C38,child,4,B4:BF:E9:32:FE:91,-76,0,921,921,0,0,0,0,0
242539607,NODE_20500DE71C38,child,4,B4:BF:E9:32:FE:91,-76,0,921,921,0,0,0,0,0
242639600,NODE_20500DE71C38,child,4,B4:BF:E9:32:FE:91,-76,0,921,921,0,0,0,0,0
242739607,NODE_20500DE71C38,child,4,B4:BF:E9:32:FE:91,-76,0,922,922,0,0,0,0,0
242839609,NODE_20500DE71C38,child,4,B4:BF:E9:32:FE:91,-76,0,922,922,0,0,0,0,0
242939608,NODE_20500DE71C38,child,4,B4:BF:E9:32:FE:91,-76,0,923,923,0,0,0,0,0
243039599,NODE_20500DE71C38,child,4,B4:BF:E9:32:FE:91,-76,0,923,923,0,0,0,0,0
243139607,NODE_20500DE71C38,child,4,B4:BF:E9:32:FE:91,-76,0,923,923,0,0,0,0,0
243239608,NODE_20500DE71C38,child,4,B4:BF:E9:32:FE:91,-76,0,924,924,0,0,0,0,0
243339599,NODE_20500DE71C38,child,4,B4:BF:E9:32:FE:91,-76,0,924,924,0,0,0,0,0
243439603,NODE_20500DE71C38,child,4,B4:BF:E9:32:FE:91,-76,0,925,925,0,0,0,0,0
243539600,NODE_20500DE71C38,child,4,B4:BF:E9:32:FE:91,-76,0,925,925,0,0,0,0,0
243639599,NODE_20500DE71C38,child,4,B4:BF:E9:32:FE:91,-76,0,925,925,0,0,0,0,0
243739607,NODE_20500DE71C38,child,4,B4:BF:E9:32:FE:91,-76,0,926,926,0,0,0,0,0
243839615,NODE_20500DE71C38,child,4,B4:BF:E9:32:FE:91,-76,0,926,926,0,0,0,0,0
243939782,NODE_20500DE71C38,child,4,B4:BF:E9:32:FE:91,-76,0,926,926,0,0,0,0,0
244039599,NODE_20500DE71C38,child,4,B4:BF:E9:32:FE:91,-76,0,927,927,0,0,0,0,0
244139604,NODE_20500DE71C38,child,4,B4:BF:E9:32:FE:91,-76,0,927,927,0,0,0,0,0
244239607,NODE_20500DE71C38,child,4,B4:BF:E9:32:FE:91,-76,0,928,928,0,0,0,0,0
244339599,NODE_20500DE71C38,child,4,B4:BF:E9:32:FE:91,-76,0,928,928,0,0,0,0,0
244440376,NODE_20500DE71C38,child,4,B4:BF:E9:32:FE:91,-76,0,928,928,0,0,0,0,0
244539603,NODE_20500DE71C38,child,4,B4:BF:E9:32:FE:91,-76,0,929,929,0,0,0,0,0
244639599,NODE_20500DE71C38,child,4,B4:BF:E9:32:FE:91,-76,0,929,929,0,0,0,0,0
244739608,NODE_20500DE71C38,child,4,B4:BF:E9:32:FE:91,-76,0,930,930,0,0,0,0,0
244839613,NODE_20500DE71C38,child,4,B4:BF:E9:32:FE:91,-76,0,930,930,0,0,0,0,0
244940376,NODE_20500DE71C38,child,4,B4:BF:E9:32:FE:91,-76,0,930,930,0,0,0,0,0
245039600,NODE_20500DE71C38,child,4,B4:BF:E9:32:FE:91,-76,0,931,931,0,0,0,0,0
245139607,NODE_20500DE71C38,child,4,B4:BF:E9:32:FE:91,-76,0,931,931,0,0,0,0,0
245239607,NODE_20500DE71C38,child,4,B4:BF:E9:32:FE:91,-76,0,932,932,0,0,0,0,0
245339600,NODE_20500DE71C38,child,4,B4:BF:E9:32:FE:91,-76,0,932,932,0,0,0,0,0
245440375,NODE_20500DE71C38,child,4,B4:BF:E9:32:FE:91,-76,0,932,932,0,0,0,0,0
245539599,NODE_20500DE71C38,child,4,B4:BF:E9:32:FE:91,-76,0,933,933,0,0,0,0,0
245639600,NODE_20500DE71C38,child,4,B4:BF:E9:32:FE:91,-76,0,933,933,0,0,0,0,0
245739607,NODE_20500DE71C38,child,4,B4:BF:E9:32:FE:91,-76,0,934,934,0,0,0,0,0
245839613,NODE_20500DE71C38,child,4,B4:BF:E9:32:FE:91,-76,0,934,934,0,0,0,0,0
245940373,NODE_20500DE71C38,child,4,B4:BF:E9:32:FE:91,-76,0,934,934,0,0,0,0,0
246039599,NODE_20500DE71C38,child,4,B4:BF:E9:32:FE:91,-76,0,935,935,0,0,0,0,0
246139603,NODE_20500DE71C38,child,4,B4:BF:E9:32:FE:91,-76,0,935,935,0,0,0,0,0
246239612,NODE_20500DE71C38,child,4,B4:BF:E9:32:FE:91,-76,0,936,936,0,0,0,0,0
246339599,NODE_20500DE71C38,child,4,B4:BF:E9:32:FE:91,-76,0,936,936,0,0,0,0,0
246440375,NODE_20500DE71C38,child,4,B4:BF:E9:32:FE:91,-76,0,936,936,0,0,0,0,0
246539604,NODE_20500DE71C38,child,4,B4:BF:E9:32:FE:91,-76,0,937,937,0,0,0,0,0
246639599,NODE_20500DE71C38,child,4,B4:BF:E9:32:FE:91,-76,0,937,937,0,0,0,0,0
246739607,NODE_20500DE71C38,child,4,B4:BF:E9:32:FE:91,-76,0,938,938,0,0,0,0,0
246840333,NODE_20500DE71C38,child,4,B4:BF:E9:32:FE:91,-76,0,938,938,0,0,0,0,0
246940373,NODE_20500DE71C38,child,4,B4:BF:E9:32:FE:91,-76,0,938,938,0,0,0,0,0
247039603,NODE_20500DE71C38,child,4,B4:BF:E9:32:FE:91,-76,0,939,939,0,0,0,0,0
247139600,NODE_20500DE71C38,child,4,B4:BF:E9:32:FE:91,-76,0,939,939,0,0,0,0,0
247239611,NODE_20500DE71C38,child,4,B4:BF:E9:32:FE:91,-76,0,940,940,0,0,0,0,0
247339599,NODE_20500DE71C38,child,4,B4:BF:E9:32:FE:91,-76,0,940,940,0,0,0,0,0
247440377,NODE_20500DE71C38,child,4,B4:BF:E9:32:FE:91,-76,0,940,940,0,0,0,0,0
247539599,NODE_20500DE71C38,child,4,B4:BF:E9:32:FE:91,-76,0,941,941,0,0,0,0,0
247639599,NODE_20500DE71C38,child,4,B4:BF:E9:32:FE:91,-76,0,941,941,0,0,0,0,0
247739604,NODE_20500DE71C38,child,4,B4:BF:E9:32:FE:91,-76,0,942,942,0,0,0,0,0
247839603,NODE_20500DE71C38,child,4,B4:BF:E9:32:FE:91,-76,0,942,942,0,0,0,0,0
247940373,NODE_20500DE71C38,child,4,B4:BF:E9:32:FE:91,-76,0,942,942,0,0,0,0,0
248039604,NODE_20500DE71C38,child,4,B4:BF:E9:32:FE:91,-76,0,943,943,0,0,0,0,0
248139603,NODE_20500DE71C38,child,4,B4:BF:E9:32:FE:91,-76,0,943,943,0,0,0,0,0
248239611,NODE_20500DE71C38,child,4,B4:BF:E9:32:FE:91,-76,0,944,944,0,0,0,0,0
248339600,NODE_20500DE71C38,child,4,B4:BF:E9:32:FE:91,-76,0,944,944,0,0,0,0,0
248440375,NODE_20500DE71C38,child,4,B4:BF:E9:32:FE:91,-76,0,944,944,0,0,0,0,0
248539603,NODE_20500DE71C38,child,4,B4:BF:E9:32:FE:91,-76,0,945,945,0,0,0,0,0
248639600,NODE_20500DE71C38,child,4,B4:BF:E9:32:FE:91,-76,0,945,945,0,0,0,0,0
248739603,NODE_20500DE71C38,child,4,B4:BF:E9:32:FE:91,-76,0,946,946,0,0,0,0,0
248839599,NODE_20500DE71C38,child,4,B4:BF:E9:32:FE:91,-76,0,946,946,0,0,0,0,0
248940373,NODE_20500DE71C38,child,4,B4:BF:E9:32:FE:91,-76,0,946,946,0,0,0,0,0
249039607,NODE_20500DE71C38,child,4,B4:BF:E9:32:FE:91,-76,0,947,947,0,0,0,0,0
249139599,NODE_20500DE71C38,child,4,B4:BF:E9:32:FE:91,-76,0,947,947,0,0,0,0,0
249239608,NODE_20500DE71C38,child,4,B4:BF:E9:32:FE:91,-76,0,948,948,0,0,0,0,0
249339603,NODE_20500DE71C38,child,4,B4:BF:E9:32:FE:91,-76,0,948,948,0,0,0,0,0
249440369,NODE_20500DE71C38,child,4,B4:BF:E9:32:FE:91,-76,0,948,948,0,0,0,0,0
249539608,NODE_20500DE71C38,child,4,B4:BF:E9:32:FE:91,-76,0,949,949,0,0,0,0,0
249639599,NODE_20500DE71C38,child,4,B4:BF:E9:32:FE:91,-76,0,949,949,0,0,0,0,0
249739603,NODE_20500DE71C38,child,4,B4:BF:E9:32:FE:91,-76,0,950,950,0,0,0,0,0
249839608,NODE_20500DE71C38,child,4,B4:BF:E9:32:FE:91,-76,0,950,950,0,0,0,0,0
249940377,NODE_20500DE71C38,child,4,B4:BF:E9:32:FE:91,-77,0,950,950,0,0,0,0,0
250039607,NODE_20500DE71C38,child,4,B4:BF:E9:32:FE:91,-77,0,951,951,0,0,0,0,0
250139600,NODE_20500DE71C38,child,4,B4:BF:E9:32:FE:91,-77,0,951,951,0,0,0,0,0
250239607,NODE_20500DE71C38,child,4,B4:BF:E9:32:FE:91,-77,0,952,952,0,0,0,0,0
250339603,NODE_20500DE71C38,child,4,B4:BF:E9:32:FE:91,-77,0,952,952,0,0,0,0,0
250440375,NODE_20500DE71C38,child,4,B4:BF:E9:32:FE:91,-77,0,952,952,0,0,0,0,0
250539603,NODE_20500DE71C38,child,4,B4:BF:E9:32:FE:91,-77,0,953,953,0,0,0,0,0
250639599,NODE_20500DE71C38,child,4,B4:BF:E9:32:FE:91,-77,0,953,953,0,0,0,0,0
250739608,NODE_20500DE71C38,child,4,B4:BF:E9:32:FE:91,-77,0,954,954,0,0,0,0,0
250839599,NODE_20500DE71C38,child,4,B4:BF:E9:32:FE:91,-77,0,954,954,0,0,0,0,0
250940381,NODE_20500DE71C38,child,4,B4:BF:E9:32:FE:91,-76,0,954,954,0,0,0,0,0
251039611,NODE_20500DE71C38,child,4,B4:BF:E9:32:FE:91,-76,0,955,955,0,0,0,0,0
251139603,NODE_20500DE71C38,child,4,B4:BF:E9:32:FE:91,-76,0,955,955,0,0,0,0,0
251239607,NODE_20500DE71C38,child,4,B4:BF:E9:32:FE:91,-76,0,956,956,0,0,0,0,0
251339608,NODE_20500DE71C38,child,4,B4:BF:E9:32:FE:91,-76,0,956,956,0,0,0,0,0
251439599,NODE_20500DE71C38,child,4,B4:BF:E9:32:FE:91,-76,0,956,956,0,0,0,0,0
251539603,NODE_20500DE71C38,child,4,B4:BF:E9:32:FE:91,-76,0,957,957,0,0,0,0,0
251639600,NODE_20500DE71C38,child,4,B4:BF:E9:32:FE:91,-76,0,957,957,0,0,0,0,0
251739607,NODE_20500DE71C38,child,4,B4:BF:E9:32:FE:91,-76,0,958,958,0,0,0,0,0
251839599,NODE_20500DE71C38,child,4,B4:BF:E9:32:FE:91,-76,0,958,958,0,0,0,0,0
251939600,NODE_20500DE71C38,child,4,B4:BF:E9:32:FE:91,-76,0,958,958,0,0,0,0,0
252039613,NODE_20500DE71C38,child,4,B4:BF:E9:32:FE:91,-76,0,959,959,0,0,0,0,0
252139599,NODE_20500DE71C38,child,4,B4:BF:E9:32:FE:91,-76,0,959,959,0,0,0,0,0
252239608,NODE_20500DE71C38,child,4,B4:BF:E9:32:FE:91,-76,0,960,960,0,0,0,0,0
252339611,NODE_20500DE71C38,child,4,B4:BF:E9:32:FE:91,-76,0,960,960,0,0,0,0,0
252439599,NODE_20500DE71C38,child,4,B4:BF:E9:32:FE:91,-76,0,960,960,0,0,0,0,0
252539870,NODE_20500DE71C38,child,4,B4:BF:E9:32:FE:91,-76,0,961,961,0,0,0,0,0
252639599,NODE_20500DE71C38,child,4,B4:BF:E9:32:FE:91,-76,0,961,961,0,0,0,0,0
252739607,NODE_20500DE71C38,child,4,B4:BF:E9:32:FE:91,-76,0,962,962,0,0,0,0,0
252839600,NODE_20500DE71C38,child,4,B4:BF:E9:32:FE:91,-76,0,962,962,0,0,0,0,0
252939599,NODE_20500DE71C38,child,4,B4:BF:E9:32:FE:91,-76,0,962,962,0,0,0,0,0
253039613,NODE_20500DE71C38,child,4,B4:BF:E9:32:FE:91,-77,0,963,963,0,0,0,0,0
253139600,NODE_20500DE71C38,child,4,B4:BF:E9:32:FE:91,-77,0,963,963,0,0,0,0,0
253239607,NODE_20500DE71C38,child,4,B4:BF:E9:32:FE:91,-77,0,964,964,0,0,0,0,0
253339603,NODE_20500DE71C38,child,4,B4:BF:E9:32:FE:91,-77,0,964,964,0,0,0,0,0
253439604,NODE_20500DE71C38,child,4,B4:BF:E9:32:FE:91,-77,0,964,964,0,0,0,0,0
253539603,NODE_20500DE71C38,child,4,B4:BF:E9:32:FE:91,-77,0,965,965,0,0,0,0,0
253639599,NODE_20500DE71C38,child,4,B4:BF:E9:32:FE:91,-77,0,965,965,0,0,0,0,0
253739608,NODE_20500DE71C38,child,4,B4:BF:E9:32:FE:91,-77,0,966,966,0,0,0,0,0
253839603,NODE_20500DE71C38,child,4,B4:BF:E9:32:FE:91,-77,0,966,966,0,0,0,0,0
253939599,NODE_20500DE71C38,child,4,B4:BF:E9:32:FE:91,-77,0,966,966,0,0,0,0,0
254039614,NODE_20500DE71C38,child,4,B4:BF:E9:32:FE:91,-76,0,967,967,0,0,0,0,0
254139603,NODE_20500DE71C38,child,4,B4:BF:E9:32:FE:91,-76,0,967,967,0,0,0,0,0
254239607,NODE_20500DE71C38,child,4,B4:BF:E9:32:FE:91,-76,0,968,968,0,0,0,0,0
254339608,NODE_20500DE71C38,child,4,B4:BF:E9:32:FE:91,-76,0,968,968,0,0,0,0,0
254439603,NODE_20500DE71C38,child,4,B4:BF:E9:32:FE:91,-76,0,968,968,0,0,0,0,0
254539607,NODE_20500DE71C38,child,4,B4:BF:E9:32:FE:91,-76,0,969,969,0,0,0,0,0
254639600,NODE_20500DE71C38,child,4,B4:BF:E9:32:FE:91,-76,0,969,969,0,0,0,0,0
254739603,NODE_20500DE71C38,child,4,B4:BF:E9:32:FE:91,-76,0,970,970,0,0,0,0,0
254839599,NODE_20500DE71C38,child,4,B4:BF:E9:32:FE:91,-76,0,970,970,0,0,0,0,0
254939600,NODE_20500DE71C38,child,4,B4:BF:E9:32:FE:91,-76,0,970,970,0,0,0,0,0
255039613,NODE_20500DE71C38,child,4,B4:BF:E9:32:FE:91,-76,0,971,971,0,0,0,0,0
255139603,NODE_20500DE71C38,child,4,B4:BF:E9:32:FE:91,-76,0,971,971,0,0,0,0,0
255239608,NODE_20500DE71C38,child,4,B4:BF:E9:32:FE:91,-76,0,972,972,0,0,0,0,0
255339599,NODE_20500DE71C38,child,4,B4:BF:E9:32:FE:91,-76,0,972,972,0,0,0,0,0
255439607,NODE_20500DE71C38,child,4,B4:BF:E9:32:FE:91,-76,0,972,972,0,0,0,0,0
255539608,NODE_20500DE71C38,child,4,B4:BF:E9:32:FE:91,-76,0,973,973,0,0,0,0,0
255639599,NODE_20500DE71C38,child,4,B4:BF:E9:32:FE:91,-76,0,973,973,0,0,0,0,0
255739607,NODE_20500DE71C38,child,4,B4:BF:E9:32:FE:91,-76,0,974,974,0,0,0,0,0
255839600,NODE_20500DE71C38,child,4,B4:BF:E9:32:FE:91,-76,0,974,974,0,0,0,0,0
255939599,NODE_20500DE71C38,child,4,B4:BF:E9:32:FE:91,-76,0,974,974,0,0,0,0,0
256039607,NODE_20500DE71C38,child,4,B4:BF:E9:32:FE:91,-76,0,975,975,0,0,0,0,0
256139615,NODE_20500DE71C38,child,4,B4:BF:E9:32:FE:91,-78,0,975,975,0,0,0,0,0
256239607,NODE_20500DE71C38,child,4,B4:BF:E9:32:FE:91,-78,0,976,976,0,0,0,0,0
256339607,NODE_20500DE71C38,child,4,B4:BF:E9:32:FE:91,-78,0,976,976,0,0,0,0,0
256439608,NODE_20500DE71C38,child,4,B4:BF:E9:32:FE:91,-78,0,976,976,0,0,0,0,0
256539607,NODE_20500DE71C38,child,4,B4:BF:E9:32:FE:91,-78,0,977,977,0,0,0,0,0
256639599,NODE_20500DE71C38,child,4,B4:BF:E9:32:FE:91,-78,0,977,977,0,0,0,0,0
256739600,NODE_20500DE71C38,child,4,B4:BF:E9:32:FE:91,-78,0,978,978,0,0,0,0,0
256839599,NODE_20500DE71C38,child,4,B4:BF:E9:32:FE:91,-78,0,978,978,0,0,0,0,0
256939599,NODE_20500DE71C38,child,4,B4:BF:E9:32:FE:91,-78,0,978,978,0,0,0,0,0
257039608,NODE_20500DE71C38,child,4,B4:BF:E9:32:FE:91,-78,0,979,979,0,0,0,0,0
257139613,NODE_20500DE71C38,child,4,B4:BF:E9:32:FE:91,-76,0,979,979,0,0,0,0,0
257239607,NODE_20500DE71C38,child,4,B4:BF:E9:32:FE:91,-76,0,980,980,0,0,0,0,0
257339600,NODE_20500DE71C38,child,4,B4:BF:E9:32:FE:91,-76,0,980,980,0,0,0,0,0
257439603,NODE_20500DE71C38,child,4,B4:BF:E9:32:FE:91,-76,0,980,980,0,0,0,0,0
257539607,NODE_20500DE71C38,child,4,B4:BF:E9:32:FE:91,-76,0,981,981,0,0,0,0,0
257639600,NODE_20500DE71C38,child,4,B4:BF:E9:32:FE:91,-76,0,981,981,0,0,0,0,0
257739607,NODE_20500DE71C38,child,4,B4:BF:E9:32:FE:91,-76,0,982,982,0,0,0,0,0
257839599,NODE_20500DE71C38,child,4,B4:BF:E9:32:FE:91,-76,0,982,982,0,0,0,0,0
257939600,NODE_20500DE71C38,child,4,B4:BF:E9:32:FE:91,-76,0,982,982,0,0,0,0,0
258039607,NODE_20500DE71C38,child,4,B4:BF:E9:32:FE:91,-76,0,983,983,0,0,0,0,0
258139613,NODE_20500DE71C38,child,4,B4:BF:E9:32:FE:91,-76,0,983,983,0,0,0,0,0
258239604,NODE_20500DE71C38,child,4,B4:BF:E9:32:FE:91,-76,0,984,984,0,0,0,0,0
258339603,NODE_20500DE71C38,child,4,B4:BF:E9:32:FE:91,-76,0,984,984,0,0,0,0,0
258439603,NODE_20500DE71C38,child,4,B4:BF:E9:32:FE:91,-76,0,984,984,0,0,0,0,0
258539612,NODE_20500DE71C38,child,4,B4:BF:E9:32:FE:91,-76,0,985,985,0,0,0,0,0
258639599,NODE_20500DE71C38,child,4,B4:BF:E9:32:FE:91,-76,0,985,985,0,0,0,0,0
258739599,NODE_20500DE71C38,child,4,B4:BF:E9:32:FE:91,-76,0,986,986,0,0,0,0,0
258839604,NODE_20500DE71C38,child,4,B4:BF:E9:32:FE:91,-76,0,986,986,0,0,0,0,0
258939599,NODE_20500DE71C38,child,4,B4:BF:E9:32:FE:91,-76,0,986,986,0,0,0,0,0
259039607,NODE_20500DE71C38,child,4,B4:BF:E9:32:FE:91,-76,0,987,987,0,0,0,0,0
259139724,NODE_20500DE71C38,child,4,B4:BF:E9:32:FE:91,-76,0,987,987,0,0,0,0,0
259239607,NODE_20500DE71C38,child,4,B4:BF:E9:32:FE:91,-76,0,988,988,0,0,0,0,0
259339599,NODE_20500DE71C38,child,4,B4:BF:E9:32:FE:91,-76,0,988,988,0,0,0,0,0
259439604,NODE_20500DE71C38,child,4,B4:BF:E9:32:FE:91,-76,0,988,988,0,0,0,0,0
259539611,NODE_20500DE71C38,child,4,B4:BF:E9:32:FE:91,-76,0,989,989,0,0,0,0,0
259639599,NODE_20500DE71C38,child,4,B4:BF:E9:32:FE:91,-76,0,989,989,0,0,0,0,0
259739608,NODE_20500DE71C38,child,4,B4:BF:E9:32:FE:91,-76,0,990,990,0,0,0,0,0
259839603,NODE_20500DE71C38,child,4,B4:BF:E9:32:FE:91,-76,0,990,990,0,0,0,0,0
259939599,NODE_20500DE71C38,child,4,B4:BF:E9:32:FE:91,-76,0,990,990,0,0,0,0,0
260039608,NODE_20500DE71C38,child,4,B4:BF:E9:32:FE:91,-76,0,991,991,0,0,0,0,0
260139603,NODE_20500DE71C38,child,4,B4:BF:E9:32:FE:91,-76,0,991,991,0,0,0,0,0
260239607,NODE_20500DE71C38,child,4,B4:BF:E9:32:FE:91,-76,0,992,992,0,0,0,0,0
260339608,NODE_20500DE71C38,child,4,B4:BF:E9:32:FE:91,-76,0,992,992,0,0,0,0,0
260439599,NODE_20500DE71C38,child,4,B4:BF:E9:32:FE:91,-76,0,992,992,0,0,0,0,0
260539611,NODE_20500DE71C38,child,4,B4:BF:E9:32:FE:91,-76,0,993,993,0,0,0,0,0
260639600,NODE_20500DE71C38,child,4,B4:BF:E9:32:FE:91,-76,0,993,993,0,0,0,0,0
260739603,NODE_20500DE71C38,child,4,B4:BF:E9:32:FE:91,-76,0,994,994,0,0,0,0,0
260839599,NODE_20500DE71C38,child,4,B4:BF:E9:32:FE:91,-76,0,994,994,0,0,0,0,0
260939600,NODE_20500DE71C38,child,4,B4:BF:E9:32:FE:91,-76,0,994,994,0,0,0,0,0
261039613,NODE_20500DE71C38,child,4,B4:BF:E9:32:FE:91,-76,0,995,995,0,0,0,0,0
261139599,NODE_20500DE71C38,child,4,B4:BF:E9:32:FE:91,-76,0,995,995,0,0,0,0,0
261239608,NODE_20500DE71C38,child,4,B4:BF:E9:32:FE:91,-76,0,996,996,0,0,0,0,0
261339599,NODE_20500DE71C38,child,4,B4:BF:E9:32:FE:91,-76,0,996,996,0,0,0,0,0
261439599,NODE_20500DE71C38,child,4,B4:BF:E9:32:FE:91,-76,0,996,996,0,0,0,0,0
261539604,NODE_20500DE71C38,child,4,B4:BF:E9:32:FE:91,-76,0,997,997,0,0,0,0,0
261639607,NODE_20500DE71C38,child,4,B4:BF:E9:32:FE:91,-76,0,997,997,0,0,0,0,0
261739607,NODE_20500DE71C38,child,4,B4:BF:E9:32:FE:91,-76,0,998,998,0,0,0,0,0
261839600,NODE_20500DE71C38,child,4,B4:BF:E9:32:FE:91,-76,0,998,998,0,0,0,0,0
261939599,NODE_20500DE71C38,child,4,B4:BF:E9:32:FE:91,-76,0,998,998,0,0,0,0,0
262039603,NODE_20500DE71C38,child,4,B4:BF:E9:32:FE:91,-76,0,999,999,0,0,0,0,0
262139600,NODE_20500DE71C38,child,4,B4:BF:E9:32:FE:91,-76,0,999,999,0,0,0,0,0
262239607,NODE_20500DE71C38,child,4,B4:BF:E9:32:FE:91,-76,0,1000,1000,0,0,0,0,0
262339599,NODE_20500DE71C38,child,4,B4:BF:E9:32:FE:91,-76,0,1000,1000,0,0,0,0,0
262439600,NODE_20500DE71C38,child,4,B4:BF:E9:32:FE:91,-76,0,1000,1000,0,0,0,0,0
262539607,NODE_20500DE71C38,child,4,B4:BF:E9:32:FE:91,-76,0,1001,1001,0,0,0,0,0
262639603,NODE_20500DE71C38,child,4,B4:BF:E9:32:FE:91,-76,0,1001,1001,0,0,0,0,0
262739608,NODE_20500DE71C38,child,4,B4:BF:E9:32:FE:91,-76,0,1002,1002,0,0,0,0,0
262839609,NODE_20500DE71C38,child,4,B4:BF:E9:32:FE:91,-76,0,1002,1002,0,0,0,0,0
262939599,NODE_20500DE71C38,child,4,B4:BF:E9:32:FE:91,-76,0,1002,1002,0,0,0,0,0
263039608,NODE_20500DE71C38,child,4,B4:BF:E9:32:FE:91,-76,0,1003,1003,0,0,0,0,0
263139603,NODE_20500DE71C38,child,4,B4:BF:E9:32:FE:91,-76,0,1003,1003,0,0,0,0,0
263239611,NODE_20500DE71C38,child,4,B4:BF:E9:32:FE:91,-76,0,1004,1004,0,0,0,0,0
263339600,NODE_20500DE71C38,child,4,B4:BF:E9:32:FE:91,-76,0,1004,1004,0,0,0,0,0
263439599,NODE_20500DE71C38,child,4,B4:BF:E9:32:FE:91,-76,0,1004,1004,0,0,0,0,0
263539607,NODE_20500DE71C38,child,4,B4:BF:E9:32:FE:91,-76,0,1005,1005,0,0,0,0,0
263639604,NODE_20500DE71C38,child,4,B4:BF:E9:32:FE:91,-76,0,1005,1005,0,0,0,0,0
263739603,NODE_20500DE71C38,child,4,B4:BF:E9:32:FE:91,-76,0,1006,1006,0,0,0,0,0
263839599,NODE_20500DE71C38,child,4,B4:BF:E9:32:FE:91,-76,0,1006,1006,0,0,0,0,0
263939600,NODE_20500DE71C38,child,4,B4:BF:E9:32:FE:91,-76,0,1006,1006,0,0,0,0,0
264039607,NODE_20500DE71C38,child,4,B4:BF:E9:32:FE:91,-76,0,1007,1007,0,0,0,0,0
264139599,NODE_20500DE71C38,child,4,B4:BF:E9:32:FE:91,-76,0,1007,1007,0,0,0,0,0
264239608,NODE_20500DE71C38,child,4,B4:BF:E9:32:FE:91,-76,0,1008,1008,0,0,0,0,0
264339611,NODE_20500DE71C38,child,4,B4:BF:E9:32:FE:91,-76,0,1008,1008,0,0,0,0,0
264439599,NODE_20500DE71C38,child,4,B4:BF:E9:32:FE:91,-76,0,1008,1008,0,0,0,0,0
264539608,NODE_20500DE71C38,child,4,B4:BF:E9:32:FE:91,-76,0,1009,1009,0,0,0,0,0
264639607,NODE_20500DE71C38,child,4,B4:BF:E9:32:FE:91,-76,0,1009,1009,0,0,0,0,0
264739603,NODE_20500DE71C38,child,4,B4:BF:E9:32:FE:91,-76,0,1010,1010,0,0,0,0,0
264839607,NODE_20500DE71C38,child,4,B4:BF:E9:32:FE:91,-76,0,1010,1010,0,0,0,0,0
264939599,NODE_20500DE71C38,child,4,B4:BF:E9:32:FE:91,-76,0,1010,1010,0,0,0,0,0
265039607,NODE_20500DE71C38,child,4,B4:BF:E9:32:FE:91,-76,0,1011,1011,0,0,0,0,0
265139600,NODE_20500DE71C38,child,4,B4:BF:E9:32:FE:91,-76,0,1011,1011,0,0,0,0,0
265239604,NODE_20500DE71C38,child,4,B4:BF:E9:32:FE:91,-76,0,1012,1012,0,0,0,0,0
265339611,NODE_20500DE71C38,child,4,B4:BF:E9:32:FE:91,-76,0,1012,1012,0,0,0,0,0
265439600,NODE_20500DE71C38,child,4,B4:BF:E9:32:FE:91,-76,0,1012,1012,0,0,0,0,0
265539607,NODE_20500DE71C38,child,4,B4:BF:E9:32:FE:91,-76,0,1013,1013,0,0,0,0,0
265639603,NODE_20500DE71C38,child,4,B4:BF:E9:32:FE:91,-76,0,1013,1013,0,0,0,0,0
265739608,NODE_20500DE71C38,child,4,B4:BF:E9:32:FE:91,-76,0,1014,1014,0,0,0,0,0
265839599,NODE_20500DE71C38,child,4,B4:BF:E9:32:FE:91,-76,0,1014,1014,0,0,0,0,0
265939599,NODE_20500DE71C38,child,4,B4:BF:E9:32:FE:91,-76,0,1014,1014,0,0,0,0,0
266039604,NODE_20500DE71C38,child,4,B4:BF:E9:32:FE:91,-76,0,1015,1015,0,0,0,0,0
266139603,NODE_20500DE71C38,child,4,B4:BF:E9:32:FE:91,-76,0,1015,1015,0,0,0,0,0
266239607,NODE_20500DE71C38,child,4,B4:BF:E9:32:FE:91,-76,0,1016,1016,0,0,0,0,0
266339612,NODE_20500DE71C38,child,4,B4:BF:E9:32:FE:91,-76,0,1016,1016,0,0,0,0,0
266439599,NODE_20500DE71C38,child,4,B4:BF:E9:32:FE:91,-76,0,1016,1016,0,0,0,0,0
266539607,NODE_20500DE71C38,child,4,B4:BF:E9:32:FE:91,-76,0,1017,1017,0,0,0,0,0
266639604,NODE_20500DE71C38,child,4,B4:BF:E9:32:FE:91,-76,0,1017,1017,0,0,0,0,0
266739599,NODE_20500DE71C38,child,4,B4:BF:E9:32:FE:91,-76,0,1018,1018,0,0,0,0,0
266839606,NODE_20500DE71C38,child,4,B4:BF:E9:32:FE:91,-76,0,1018,1018,0,0,0,0,0
266939600,NODE_20500DE71C38,child,4,B4:BF:E9:32:FE:91,-76,0,1018,1018,0,0,0,0,0
267039607,NODE_20500DE71C38,child,4,B4:BF:E9:32:FE:91,-76,0,1019,1019,0,0,0,0,0
267139599,NODE_20500DE71C38,child,4,B4:BF:E9:32:FE:91,-76,0,1019,1019,0,0,0,0,0
267239608,NODE_20500DE71C38,child,4,B4:BF:E9:32:FE:91,-76,0,1020,1020,0,0,0,0,0
267339611,NODE_20500DE71C38,child,4,B4:BF:E9:32:FE:91,-76,0,1020,1020,0,0,0,0,0
267439599,NODE_20500DE71C38,child,4,B4:BF:E9:32:FE:91,-76,0,1020,1020,0,0,0,0,0
267539608,NODE_20500DE71C38,child,4,B4:BF:E9:32:FE:91,-76,0,1021,1021,0,0,0,0,0
267639603,NODE_20500DE71C38,child,4,B4:BF:E9:32:FE:91,-76,0,1021,1021,0,0,0,0,0
267739603,NODE_20500DE71C38,child,4,B4:BF:E9:32:FE:91,-76,0,1022,1022,0,0,0,0,0
267839600,NODE_20500DE71C38,child,4,B4:BF:E9:32:FE:91,-76,0,1022,1022,0,0,0,0,0
267939599,NODE_20500DE71C38,child,4,B4:BF:E9:32:FE:91,-76,0,1022,1022,0,0,0,0,0
268039607,NODE_20500DE71C38,child,4,B4:BF:E9:32:FE:91,-76,0,1023,1023,0,0,0,0,0
268139600,NODE_20500DE71C38,child,4,B4:BF:E9:32:FE:91,-76,0,1023,1023,0,0,0,0,0
268239603,NODE_20500DE71C38,child,4,B4:BF:E9:32:FE:91,-76,0,1024,1024,0,0,0,0,0
268339599,NODE_20500DE71C38,child,4,B4:BF:E9:32:FE:91,-76,0,1024,1024,0,0,0,0,0
268439612,NODE_20500DE71C38,child,4,B4:BF:E9:32:FE:91,-75,0,1024,1024,0,0,0,0,0
268539607,NODE_20500DE71C38,child,4,B4:BF:E9:32:FE:91,-75,0,1025,1025,0,0,0,0,0
268639609,NODE_20500DE71C38,child,4,B4:BF:E9:32:FE:91,-75,0,1025,1025,0,0,0,0,0
268739612,NODE_20500DE71C38,child,4,B4:BF:E9:32:FE:91,-75,0,1026,1026,0,0,0,0,0
268839599,NODE_20500DE71C38,child,4,B4:BF:E9:32:FE:91,-75,0,1026,1026,0,0,0,0,0
268939599,NODE_20500DE71C38,child,4,B4:BF:E9:32:FE:91,-75,0,1026,1026,0,0,0,0,0
269039608,NODE_20500DE71C38,child,4,B4:BF:E9:32:FE:91,-75,0,1027,1027,0,0,0,0,0
269139603,NODE_20500DE71C38,child,4,B4:BF:E9:32:FE:91,-75,0,1027,1027,0,0,0,0,0
269239603,NODE_20500DE71C38,child,4,B4:BF:E9:32:FE:91,-75,0,1028,1028,0,0,0,0,0
269339608,NODE_20500DE71C38,child,4,B4:BF:E9:32:FE:91,-75,0,1028,1028,0,0,0,0,0
269439611,NODE_20500DE71C38,child,4,B4:BF:E9:32:FE:91,-76,0,1028,1028,0,0,0,0,0
269539607,NODE_20500DE71C38,child,4,B4:BF:E9:32:FE:91,-76,0,1029,1029,0,0,0,0,0
269639600,NODE_20500DE71C38,child,4,B4:BF:E9:32:FE:91,-76,0,1029,1029,0,0,0,0,0
269739607,NODE_20500DE71C38,child,4,B4:BF:E9:32:FE:91,-76,0,1030,1030,0,0,0,0,0
269839603,NODE_20500DE71C38,child,4,B4:BF:E9:32:FE:91,-76,0,1030,1030,0,0,0,0,0
269939600,NODE_20500DE71C38,child,4,B4:BF:E9:32:FE:91,-76,0,1030,1030,0,0,0,0,0
270039607,NODE_20500DE71C38,child,4,B4:BF:E9:32:FE:91,-76,0,1031,1031,0,0,0,0,0
270139599,NODE_20500DE71C38,child,4,B4:BF:E9:32:FE:91,-76,0,1031,1031,0,0,0,0,0
270239608,NODE_20500DE71C38,child,4,B4:BF:E9:32:FE:91,-76,0,1032,1032,0,0,0,0,0
270339599,NODE_20500DE71C38,child,4,B4:BF:E9:32:FE:91,-76,0,1032,1032,0,0,0,0,0
270439607,NODE_20500DE71C38,child,4,B4:BF:E9:32:FE:91,-76,0,1032,1032,0,0,0,0,0
270539604,NODE_20500DE71C38,child,4,B4:BF:E9:32:FE:91,-76,0,1033,1033,0,0,0,0,0
270639607,NODE_20500DE71C38,child,4,B4:BF:E9:32:FE:91,-76,0,1033,1033,0,0,0,0,0
270739603,NODE_20500DE71C38,child,4,B4:BF:E9:32:FE:91,-76,0,1034,1034,0,0,0,0,0
270839608,NODE_20500DE71C38,child,4,B4:BF:E9:32:FE:91,-76,0,1034,1034,0,0,0,0,0
270939599,NODE_20500DE71C38,child,4,B4:BF:E9:32:FE:91,-76,0,1034,1034,0,0,0,0,0
271039611,NODE_20500DE71C38,child,4,B4:BF:E9:32:FE:91,-76,0,1035,1035,0,0,0,0,0
271139600,NODE_20500DE71C38,child,4,B4:BF:E9:32:FE:91,-76,0,1035,1035,0,0,0,0,0
271239607,NODE_20500DE71C38,child,4,B4:BF:E9:32:FE:91,-76,0,1036,1036,0,0,0,0,0
271339599,NODE_20500DE71C38,child,4,B4:BF:E9:32:FE:91,-76,0,1036,1036,0,0,0,0,0
271439612,NODE_20500DE71C38,child,4,B4:BF:E9:32:FE:91,-76,0,1036,1036,0,0,0,0,0
271539607,NODE_20500DE71C38,child,4,B4:BF:E9:32:FE:91,-76,0,1037,1037,0,0,0,0,0
271639599,NODE_20500DE71C38,child,4,B4:BF:E9:32:FE:91,-76,0,1037,1037,0,0,0,0,0
271739604,NODE_20500DE71C38,child,4,B4:BF:E9:32:FE:91,-76,0,1038,1038,0,0,0,0,0
271839609,NODE_20500DE71C38,child,4,B4:BF:E9:32:FE:91,-76,0,1038,1038,0,0,0,0,0
271939599,NODE_20500DE71C38,child,4,B4:BF:E9:32:FE:91,-76,0,1038,1038,0,0,0,0,0
272039608,NODE_20500DE71C38,child,4,B4:BF:E9:32:FE:91,-76,0,1039,1039,0,0,0,0,0
272139603,NODE_20500DE71C38,child,4,B4:BF:E9:32:FE:91,-76,0,1039,1039,0,0,0,0,0
272239600,NODE_20500DE71C38,child,4,B4:BF:E9:32:FE:91,-76,0,1040,1040,0,0,0,0,0
272339600,NODE_20500DE71C38,child,4,B4:BF:E9:32:FE:91,-76,0,1040,1040,0,0,0,0,0
272440138,NODE_20500DE71C38,child,4,B4:BF:E9:32:FE:91,-77,0,1040,1040,0,0,0,0,0
272539607,NODE_20500DE71C38,child,4,B4:BF:E9:32:FE:91,-77,0,1041,1041,0,0,0,0,0
272639600,NODE_20500DE71C38,child,4,B4:BF:E9:32:FE:91,-77,0,1041,1041,0,0,0,0,0
272739603,NODE_20500DE71C38,child,4,B4:BF:E9:32:FE:91,-77,0,1042,1042,0,0,0,0,0
272839607,NODE_20500DE71C38,child,4,B4:BF:E9:32:FE:91,-77,0,1042,1042,0,0,0,0,0
272939600,NODE_20500DE71C38,child,4,B4:BF:E9:32:FE:91,-77,0,1042,1042,0,0,0,0,0
273039607,NODE_20500DE71C38,child,4,B4:BF:E9:32:FE:91,-77,0,1043,1043,0,0,0,0,0
273139599,NODE_20500DE71C38,child,4,B4:BF:E9:32:FE:91,-77,0,1043,1043,0,0,0,0,0
273239608,NODE_20500DE71C38,child,4,B4:BF:E9:32:FE:91,-77,0,1044,1044,0,0,0,0,0
273339599,NODE_20500DE71C38,child,4,B4:BF:E9:32:FE:91,-77,0,1044,1044,0,0,0,0,0
273439599,NODE_20500DE71C38,child,4,B4:BF:E9:32:FE:91,-77,0,1044,1044,0,0,0,0,0
273539612,NODE_20500DE71C38,child,4,B4:BF:E9:32:FE:91,-75,0,1045,1045,0,0,0,0,0
273639599,NODE_20500DE71C38,child,4,B4:BF:E9:32:FE:91,-75,0,1045,1045,0,0,0,0,0
273739607,NODE_20500DE71C38,child,4,B4:BF:E9:32:FE:91,-75,0,1046,1046,0,0,0,0,0
273839607,NODE_20500DE71C38,child,4,B4:BF:E9:32:FE:91,-75,0,1046,1046,0,0,0,0,0
273939603,NODE_20500DE71C38,child,4,B4:BF:E9:32:FE:91,-75,0,1046,1046,0,0,0,0,0
274039599,NODE_20500DE71C38,child,4,B4:BF:E9:32:FE:91,-75,0,1047,1047,0,0,0,0,0
274139604,NODE_20500DE71C38,child,4,B4:BF:E9:32:FE:91,-75,0,1047,1047,0,0,0,0,0
274239603,NODE_20500DE71C38,child,4,B4:BF:E9:32:FE:91,-75,0,1048,1048,0,0,0,0,0
274339599,NODE_20500DE71C38,child,4,B4:BF:E9:32:FE:91,-75,0,1048,1048,0,0,0,0,0
274439600,NODE_20500DE71C38,child,4,B4:BF:E9:32:FE:91,-75,0,1048,1048,0,0,0,0,0
274539611,NODE_20500DE71C38,child,4,B4:BF:E9:32:FE:91,-76,0,1049,1049,0,0,0,0,0
274639599,NODE_20500DE71C38,child,4,B4:BF:E9:32:FE:91,-76,0,1049,1049,0,0,0,0,0
274739608,NODE_20500DE71C38,child,4,B4:BF:E9:32:FE:91,-76,0,1050,1050,0,0,0,0,0
274839603,NODE_20500DE71C38,child,4,B4:BF:E9:32:FE:91,-76,0,1050,1050,0,0,0,0,0
274939603,NODE_20500DE71C38,child,4,B4:BF:E9:32:FE:91,-76,0,1050,1050,0,0,0,0,0
275039608,NODE_20500DE71C38,child,4,B4:BF:E9:32:FE:91,-76,0,1051,1051,0,0,0,0,0
275139603,NODE_20500DE71C38,child,4,B4:BF:E9:32:FE:91,-76,0,1051,1051,0,0,0,0,0
275239603,NODE_20500DE71C38,child,4,B4:BF:E9:32:FE:91,-76,0,1052,1052,0,0,0,0,0
275339600,NODE_20500DE71C38,child,4,B4:BF:E9:32:FE:91,-76,0,1052,1052,0,0,0,0,0
275439599,NODE_20500DE71C38,child,4,B4:BF:E9:32:FE:91,-76,0,1052,1052,0,0,0,0,0
275539611,NODE_20500DE71C38,child,4,B4:BF:E9:32:FE:91,-77,0,1053,1053,0,0,0,0,0
275639611,NODE_20500DE71C38,child,4,B4:BF:E9:32:FE:91,-77,0,1053,1053,0,0,0,0,0
275739607,NODE_20500DE71C38,child,4,B4:BF:E9:32:FE:91,-77,0,1054,1054,0,0,0,0,0
275839603,NODE_20500DE71C38,child,4,B4:BF:E9:32:FE:91,-77,0,1054,1054,0,0,0,0,0
275939604,NODE_20500DE71C38,child,4,B4:BF:E9:32:FE:91,-77,0,1054,1054,0,0,0,0,0
276039607,NODE_20500DE71C38,child,4,B4:BF:E9:32:FE:91,-77,0,1055,1055,0,0,0,0,0
276139599,NODE_20500DE71C38,child,4,B4:BF:E9:32:FE:91,-77,0,1055,1055,0,0,0,0,0
276239604,NODE_20500DE71C38,child,4,B4:BF:E9:32:FE:91,-77,0,1056,1056,0,0,0,0,0
276339607,NODE_20500DE71C38,child,4,B4:BF:E9:32:FE:91,-77,0,1056,1056,0,0,0,0,0
276439599,NODE_20500DE71C38,child,4,B4:BF:E9:32:FE:91,-77,0,1056,1056,0,0,0,0,0
276539612,NODE_20500DE71C38,child,4,B4:BF:E9:32:FE:91,-78,0,1057,1057,0,0,0,0,0
276639603,NODE_20500DE71C38,child,4,B4:BF:E9:32:FE:91,-78,0,1057,1057,0,0,0,0,0
276739603,NODE_20500DE71C38,child,4,B4:BF:E9:32:FE:91,-78,0,1058,1058,0,0,0,0,0
276839607,NODE_20500DE71C38,child,4,B4:BF:E9:32:FE:91,-78,0,1058,1058,0,0,0,0,0
276939607,NODE_20500DE71C38,child,4,B4:BF:E9:32:FE:91,-78,0,1058,1058,0,0,0,0,0
277039607,NODE_20500DE71C38,child,4,B4:BF:E9:32:FE:91,-78,0,1059,1059,0,0,0,0,0
277139600,NODE_20500DE71C38,child,4,B4:BF:E9:32:FE:91,-78,0,1059,1059,0,0,0,0,0
277239607,NODE_20500DE71C38,child,4,B4:BF:E9:32:FE:91,-78,0,1060,1060,0,0,0,0,0
277339599,NODE_20500DE71C38,child,4,B4:BF:E9:32:FE:91,-78,0,1060,1060,0,0,0,0,0
277439600,NODE_20500DE71C38,child,4,B4:BF:E9:32:FE:91,-78,0,1060,1060,0,0,0,0,0
277539607,NODE_20500DE71C38,child,4,B4:BF:E9:32:FE:91,-78,0,1061,1061,0,0,0,0,0
277639611,NODE_20500DE71C38,child,4,B4:BF:E9:32:FE:91,-79,0,1061,1061,0,0,0,0,0
277739608,NODE_20500DE71C38,child,4,B4:BF:E9:32:FE:91,-79,0,1062,1062,0,0,0,0,0
277839599,NODE_20500DE71C38,child,4,B4:BF:E9:32:FE:91,-79,0,1062,1062,0,0,0,0,0
277939607,NODE_20500DE71C38,child,4,B4:BF:E9:32:FE:91,-79,0,1062,1062,0,0,0,0,0
278039608,NODE_20500DE71C38,child,4,B4:BF:E9:32:FE:91,-79,0,1063,1063,0,0,0,0,0
278139603,NODE_20500DE71C38,child,4,B4:BF:E9:32:FE:91,-79,0,1063,1063,0,0,0,0,0
278239607,NODE_20500DE71C38,child,4,B4:BF:E9:32:FE:91,-79,0,1064,1064,0,0,0,0,0
278339607,NODE_20500DE71C38,child,4,B4:BF:E9:32:FE:91,-79,0,1064,1064,0,0,0,0,0
278439599,NODE_20500DE71C38,child,4,B4:BF:E9:32:FE:91,-79,0,1064,1064,0,0,0,0,0
278539607,NODE_20500DE71C38,child,4,B4:BF:E9:32:FE:91,-79,0,1065,1065,0,0,0,0,0
278639612,NODE_20500DE71C38,child,4,B4:BF:E9:32:FE:91,-76,0,1065,1065,0,0,0,0,0
278739607,NODE_20500DE71C38,child,4,B4:BF:E9:32:FE:91,-76,0,1066,1066,0,0,0,0,0
278839609,NODE_20500DE71C38,child,4,B4:BF:E9:32:FE:91,-76,0,1066,1066,0,0,0,0,0
278939604,NODE_20500DE71C38,child,4,B4:BF:E9:32:FE:91,-76,0,1066,1066,0,0,0,0,0
279039603,NODE_20500DE71C38,child,4,B4:BF:E9:32:FE:91,-76,0,1067,1067,0,0,0,0,0
279139603,NODE_20500DE71C38,child,4,B4:BF:E9:32:FE:91,-76,0,1067,1067,0,0,0,0,0
279239601,NODE_20500DE71C38,child,4,B4:BF:E9:32:FE:91,-76,0,1068,1068,0,0,0,0,0
279339607,NODE_20500DE71C38,child,4,B4:BF:E9:32:FE:91,-76,0,1068,1068,0,0,0,0,0
279439599,NODE_20500DE71C38,child,4,B4:BF:E9:32:FE:91,-76,0,1068,1068,0,0,0,0,0
279539608,NODE_20500DE71C38,child,4,B4:BF:E9:32:FE:91,-76,0,1069,1069,0,0,0,0,0
279639611,NODE_20500DE71C38,child,4,B4:BF:E9:32:FE:91,-75,0,1069,1069,0,0,0,0,0
279739607,NODE_20500DE71C38,child,4,B4:BF:E9:32:FE:91,-75,0,1070,1070,0,0,0,0,0
279839600,NODE_20500DE71C38,child,4,B4:BF:E9:32:FE:91,-75,0,1070,1070,0,0,0,0,0
279939603,NODE_20500DE71C38,child,4,B4:BF:E9:32:FE:91,-75,0,1070,1070,0,0,0,0,0
280039611,NODE_20500DE71C38,child,4,B4:BF:E9:32:FE:91,-75,0,1071,1071,0,0,0,0,0
280139600,NODE_20500DE71C38,child,4,B4:BF:E9:32:FE:91,-75,0,1071,1071,0,0,0,0,0
280239607,NODE_20500DE71C38,child,4,B4:BF:E9:32:FE:91,-75,0,1072,1072,0,0,0,0,0
280339599,NODE_20500DE71C38,child,4,B4:BF:E9:32:FE:91,-75,0,1072,1072,0,0,0,0,0
280439600,NODE_20500DE71C38,child,4,B4:BF:E9:32:FE:91,-75,0,1072,1072,0,0,0,0,0
280539607,NODE_20500DE71C38,child,4,B4:BF:E9:32:FE:91,-75,0,1073,1073,0,0,0,0,0
280639611,NODE_20500DE71C38,child,4,B4:BF:E9:32:FE:91,-75,0,1073,1073,0,0,0,0,0
280739604,NODE_20500DE71C38,child,4,B4:BF:E9:32:FE:91,-75,0,1074,1074,0,0,0,0,0
280839606,NODE_20500DE71C38,child,4,B4:BF:E9:32:FE:91,-75,0,1074,1074,0,0,0,0,0
280939599,NODE_20500DE71C38,child,4,B4:BF:E9:32:FE:91,-75,0,1074,1074,0,0,0,0,0
281039612,NODE_20500DE71C38,child,4,B4:BF:E9:32:FE:91,-75,0,1075,1075,0,0,0,0,0
281139607,NODE_20500DE71C38,child,4,B4:BF:E9:32:FE:91,-75,0,1075,1075,0,0,0,0,0
281239603,NODE_20500DE71C38,child,4,B4:BF:E9:32:FE:91,-75,0,1076,1076,0,0,0,0,0
281339600,NODE_20500DE71C38,child,4,B4:BF:E9:32:FE:91,-75,0,1076,1076,0,0,0,0,0
281439599,NODE_20500DE71C38,child,4,B4:BF:E9:32:FE:91,-75,0,1076,1076,0,0,0,0,0
281539607,NODE_20500DE71C38,child,4,B4:BF:E9:32:FE:91,-75,0,1077,1077,0,0,0,0,0
281639600,NODE_20500DE71C38,child,4,B4:BF:E9:32:FE:91,-75,0,1077,1077,0,0,0,0,0
281739607,NODE_20500DE71C38,child,4,B4:BF:E9:32:FE:91,-75,0,1078,1078,0,0,0,0,0
281839606,NODE_20500DE71C38,child,4,B4:BF:E9:32:FE:91,-75,0,1078,1078,0,0,0,0,0
281939600,NODE_20500DE71C38,child,4,B4:BF:E9:32:FE:91,-75,0,1078,1078,0,0,0,0,0
282039611,NODE_20500DE71C38,child,4,B4:BF:E9:32:FE:91,-75,0,1079,1079,0,0,0,0,0
282139599,NODE_20500DE71C38,child,4,B4:BF:E9:32:FE:91,-75,0,1079,1079,0,0,0,0,0
282239608,NODE_20500DE71C38,child,4,B4:BF:E9:32:FE:91,-75,0,1080,1080,0,0,0,0,0
282339793,NODE_20500DE71C38,child,4,B4:BF:E9:32:FE:91,-75,0,1080,1080,0,0,0,0,0
282439599,NODE_20500DE71C38,child,4,B4:BF:E9:32:FE:91,-75,0,1080,1080,0,0,0,0,0
282539604,NODE_20500DE71C38,child,4,B4:BF:E9:32:FE:91,-75,0,1081,1081,0,0,0,0,0
282639599,NODE_20500DE71C38,child,4,B4:BF:E9:32:FE:91,-75,0,1081,1081,0,0,0,0,0
282739607,NODE_20500DE71C38,child,4,B4:BF:E9:32:FE:91,-77,0,1082,1082,0,0,0,0,0
282839610,NODE_20500DE71C38,child,4,B4:BF:E9:32:FE:91,-77,0,1082,1082,0,0,0,0,0
282939599,NODE_20500DE71C38,child,4,B4:BF:E9:32:FE:91,-77,0,1082,1082,0,0,0,0,0
283039607,NODE_20500DE71C38,child,4,B4:BF:E9:32:FE:91,-77,0,1083,1083,0,0,0,0,0
283139604,NODE_20500DE71C38,child,4,B4:BF:E9:32:FE:91,-77,0,1083,1083,0,0,0,0,0
283239607,NODE_20500DE71C38,child,4,B4:BF:E9:32:FE:91,-77,0,1084,1084,0,0,0,0,0
283339607,NODE_20500DE71C38,child,4,B4:BF:E9:32:FE:91,-77,0,1084,1084,0,0,0,0,0
283439600,NODE_20500DE71C38,child,4,B4:BF:E9:32:FE:91,-77,0,1084,1084,0,0,0,0,0
283539607,NODE_20500DE71C38,child,4,B4:BF:E9:32:FE:91,-77,0,1085,1085,0,0,0,0,0
283639599,NODE_20500DE71C38,child,4,B4:BF:E9:32:FE:91,-77,0,1085,1085,0,0,0,0,0
283739608,NODE_20500DE71C38,child,4,B4:BF:E9:32:FE:91,-78,0,1086,1086,0,0,0,0,0
283839599,NODE_20500DE71C38,child,4,B4:BF:E9:32:FE:91,-78,0,1086,1086,0,0,0,0,0
283939599,NODE_20500DE71C38,child,4,B4:BF:E9:32:FE:91,-78,0,1086,1086,0,0,0,0,0
284039608,NODE_20500DE71C38,child,4,B4:BF:E9:32:FE:91,-78,0,1087,1087,0,0,0,0,0
284139607,NODE_20500DE71C38,child,4,B4:BF:E9:32:FE:91,-78,0,1087,1087,0,0,0,0,0
284239607,NODE_20500DE71C38,child,4,B4:BF:E9:32:FE:91,-78,0,1088,1088,0,0,0,0,0
284339600,NODE_20500DE71C38,child,4,B4:BF:E9:32:FE:91,-78,0,1088,1088,0,0,0,0,0
284439599,NODE_20500DE71C38,child,4,B4:BF:E9:32:FE:91,-78,0,1088,1088,0,0,0,0,0
284539603,NODE_20500DE71C38,child,4,B4:BF:E9:32:FE:91,-78,0,1089,1089,0,0,0,0,0
284639608,NODE_20500DE71C38,child,4,B4:BF:E9:32:FE:91,-78,0,1089,1089,0,0,0,0,0
284739611,NODE_20500DE71C38,child,4,B4:BF:E9:32:FE:91,-79,0,1089,1089,0,0,0,0,0
284839607,NODE_20500DE71C38,child,4,B4:BF:E9:32:FE:91,-79,0,1090,1090,0,0,0,0,0
284939600,NODE_20500DE71C38,child,4,B4:BF:E9:32:FE:91,-79,0,1090,1090,0,0,0,0,0
285039607,NODE_20500DE71C38,child,4,B4:BF:E9:32:FE:91,-79,0,1091,1091,0,0,0,0,0
285139603,NODE_20500DE71C38,child,4,B4:BF:E9:32:FE:91,-79,0,1091,1091,0,0,0,0,0
285240375,NODE_20500DE71C38,child,4,B4:BF:E9:32:FE:91,-79,0,1091,1091,0,0,0,0,0
285339606,NODE_20500DE71C38,child,4,B4:BF:E9:32:FE:91,-79,0,1092,1092,0,0,0,0,0
285439599,NODE_20500DE71C38,child,4,B4:BF:E9:32:FE:91,-79,0,1092,1092,0,0,0,0,0
285539604,NODE_20500DE71C38,child,4,B4:BF:E9:32:FE:91,-79,0,1093,1093,0,0,0,0,0
285639599,NODE_20500DE71C38,child,4,B4:BF:E9:32:FE:91,-79,0,1093,1093,0,0,0,0,0
285740376,NODE_20500DE71C38,child,4,B4:BF:E9:32:FE:91,-79,0,1093,1093,0,0,0,0,0
285839612,NODE_20500DE71C38,child,4,B4:BF:E9:32:FE:91,-82,0,1094,1094,0,0,0,0,0
285939599,NODE_20500DE71C38,child,4,B4:BF:E9:32:FE:91,-82,0,1094,1094,0,0,0,0,0
286039607,NODE_20500DE71C38,child,4,B4:BF:E9:32:FE:91,-82,0,1095,1095,0,0,0,0,0
286139608,NODE_20500DE71C38,child,4,B4:BF:E9:32:FE:91,-82,0,1095,1095,0,0,0,0,0
286240373,NODE_20500DE71C38,child,4,B4:BF:E9:32:FE:91,-82,0,1095,1095,0,0,0,0,0
286339607,NODE_20500DE71C38,child,4,B4:BF:E9:32:FE:91,-82,0,1096,1096,0,0,0,0,0
286439600,NODE_20500DE71C38,child,4,B4:BF:E9:32:FE:91,-82,0,1096,1096,0,0,0,0,0
286539603,NODE_20500DE71C38,child,4,B4:BF:E9:32:FE:91,-82,0,1097,1097,0,0,0,0,0
286639603,NODE_20500DE71C38,child,4,B4:BF:E9:32:FE:91,-82,0,1097,1097,0,0,0,0,0
286740375,NODE_20500DE71C38,child,4,B4:BF:E9:32:FE:91,-82,0,1097,1097,0,0,0,0,0
286839611,NODE_20500DE71C38,child,4,B4:BF:E9:32:FE:91,-74,0,1098,1098,0,0,0,0,0
286939599,NODE_20500DE71C38,child,4,B4:BF:E9:32:FE:91,-74,0,1098,1098,0,0,0,0,0
287039604,NODE_20500DE71C38,child,4,B4:BF:E9:32:FE:91,-74,0,1099,1099,0,0,0,0,0
287139607,NODE_20500DE71C38,child,4,B4:BF:E9:32:FE:91,-74,0,1099,1099,0,0,0,0,0
287240375,NODE_20500DE71C38,child,4,B4:BF:E9:32:FE:91,-74,0,1099,1099,0,0,0,0,0
287339604,NODE_20500DE71C38,child,4,B4:BF:E9:32:FE:91,-74,0,1100,1100,0,0,0,0,0
287439599,NODE_20500DE71C38,child,4,B4:BF:E9:32:FE:91,-74,0,1100,1100,0,0,0,0,0
287539607,NODE_20500DE71C38,child,4,B4:BF:E9:32:FE:91,-74,0,1101,1101,0,0,0,0,0
287639600,NODE_20500DE71C38,child,4,B4:BF:E9:32:FE:91,-74,0,1101,1101,0,0,0,0,0
287740377,NODE_20500DE71C38,child,4,B4:BF:E9:32:FE:91,-74,0,1101,1101,0,0,0,0,0
287839611,NODE_20500DE71C38,child,4,B4:BF:E9:32:FE:91,-87,0,1102,1102,0,0,0,0,0
287939600,NODE_20500DE71C38,child,4,B4:BF:E9:32:FE:91,-87,0,1102,1102,0,0,0,0,0
288039607,NODE_20500DE71C38,child,4,B4:BF:E9:32:FE:91,-87,0,1103,1103,0,0,0,0,0
288139603,NODE_20500DE71C38,child,4,B4:BF:E9:32:FE:91,-87,0,1103,1103,0,0,0,0,0
288240374,NODE_20500DE71C38,child,4,B4:BF:E9:32:FE:91,-87,0,1103,1103,0,0,0,0,0
288339599,NODE_20500DE71C38,child,4,B4:BF:E9:32:FE:91,-87,0,1104,1104,0,0,0,0,0
288439599,NODE_20500DE71C38,child,4,B4:BF:E9:32:FE:91,-87,0,1104,1104,0,0,0,0,0
288539608,NODE_20500DE71C38,child,4,B4:BF:E9:32:FE:91,-87,0,1105,1105,0,0,0,0,0
288639599,NODE_20500DE71C38,child,4,B4:BF:E9:32:FE:91,-87,0,1105,1105,0,0,0,0,0
288740378,NODE_20500DE71C38,child,4,B4:BF:E9:32:FE:91,-87,0,1105,1105,0,0,0,0,0
288839612,NODE_20500DE71C38,child,4,B4:BF:E9:32:FE:91,-85,0,1106,1106,0,0,0,0,0
288939599,NODE_20500DE71C38,child,4,B4:BF:E9:32:FE:91,-85,0,1106,1106,0,0,0,0,0
289039607,NODE_20500DE71C38,child,4,B4:BF:E9:32:FE:91,-85,0,1107,1107,0,0,0,0,0
289139604,NODE_20500DE71C38,child,4,B4:BF:E9:32:FE:91,-85,0,1107,1107,0,0,0,0,0
289239609,NODE_20500DE71C38,child,4,B4:BF:E9:32:FE:91,-85,0,1107,1107,0,0,0,0,0
289339607,NODE_20500DE71C38,child,4,B4:BF:E9:32:FE:91,-85,0,1108,1108,0,0,0,0,0
289439600,NODE_20500DE71C38,child,4,B4:BF:E9:32:FE:91,-85,0,1108,1108,0,0,0,0,0
289539603,NODE_20500DE71C38,child,4,B4:BF:E9:32:FE:91,-85,0,1109,1109,0,0,0,0,0
289639599,NODE_20500DE71C38,child,4,B4:BF:E9:32:FE:91,-85,0,1109,1109,0,0,0,0,0
289739600,NODE_20500DE71C38,child,4,B4:BF:E9:32:FE:91,-85,0,1109,1109,0,0,0,0,0
289839607,NODE_20500DE71C38,child,4,B4:BF:E9:32:FE:91,-85,0,1110,1110,0,0,0,0,0
289939611,NODE_20500DE71C38,child,4,B4:BF:E9:32:FE:91,-84,0,1110,1110,0,0,0,0,0
290039608,NODE_20500DE71C38,child,4,B4:BF:E9:32:FE:91,-84,0,1111,1111,0,0,0,0,0
290139603,NODE_20500DE71C38,child,4,B4:BF:E9:32:FE:91,-84,0,1111,1111,0,0,0,0,0
290239607,NODE_20500DE71C38,child,4,B4:BF:E9:32:FE:91,-84,0,1111,1111,0,0,0,0,0
290339608,NODE_20500DE71C38,child,4,B4:BF:E9:32:FE:91,-84,0,1112,1112,0,0,0,0,0
290439599,NODE_20500DE71C38,child,4,B4:BF:E9:32:FE:91,-84,0,1112,1112,0,0,0,0,0
290539607,NODE_20500DE71C38,child,4,B4:BF:E9:32:FE:91,-84,0,1113,1113,0,0,0,0,0
290639600,NODE_20500DE71C38,child,4,B4:BF:E9:32:FE:91,-84,0,1113,1113,0,0,0,0,0
290739599,NODE_20500DE71C38,child,4,B4:BF:E9:32:FE:91,-84,0,1113,1113,0,0,0,0,0
290839681,NODE_20500DE71C38,child,4,B4:BF:E9:32:FE:91,-84,0,1114,1114,0,0,0,0,0
290939612,NODE_20500DE71C38,child,4,B4:BF:E9:32:FE:91,-79,0,1114,1114,0,0,0,0,0
291039607,NODE_20500DE71C38,child,4,B4:BF:E9:32:FE:91,-79,0,1115,1115,0,0,0,0,0
291139599,NODE_20500DE71C38,child,4,B4:BF:E9:32:FE:91,-79,0,1115,1115,0,0,0,0,0
291239604,NODE_20500DE71C38,child,4,B4:BF:E9:32:FE:91,-79,0,1115,1115,0,0,0,0,0
291339607,NODE_20500DE71C38,child,4,B4:BF:E9:32:FE:91,-79,0,1116,1116,0,0,0,0,0
291439599,NODE_20500DE71C38,child,4,B4:BF:E9:32:FE:91,-79,0,1116,1116,0,0,0,0,0
291539604,NODE_20500DE71C38,child,4,B4:BF:E9:32:FE:91,-79,0,1117,1117,0,0,0,0,0
291639613,NODE_20500DE71C38,child,4,B4:BF:E9:32:FE:91,-79,0,1117,1117,0,0,0,0,0
291739599,NODE_20500DE71C38,child,4,B4:BF:E9:32:FE:91,-79,0,1117,1117,0,0,0,0,0
291839604,NODE_20500DE71C38,child,4,B4:BF:E9:32:FE:91,-79,0,1118,1118,0,0,0,0,0
291939611,NODE_20500DE71C38,child,4,B4:BF:E9:32:FE:91,-80,0,1118,1118,0,0,0,0,0
292039607,NODE_20500DE71C38,child,4,B4:BF:E9:32:FE:91,-80,0,1119,1119,0,0,0,0,0
292139600,NODE_20500DE71C38,child,4,B4:BF:E9:32:FE:91,-80,0,1119,1119,0,0,0,0,0
292239603,NODE_20500DE71C38,child,4,B4:BF:E9:32:FE:91,-80,0,1119,1119,0,0,0,0,0
292339611,NODE_20500DE71C38,child,4,B4:BF:E9:32:FE:91,-80,0,1120,1120,0,0,0,0,0
292439600,NODE_20500DE71C38,child,4,B4:BF:E9:32:FE:91,-80,0,1120,1120,0,0,0,0,0
292539607,NODE_20500DE71C38,child,4,B4:BF:E9:32:FE:91,-80,0,1121,1121,0,0,0,0,0
292639599,NODE_20500DE71C38,child,4,B4:BF:E9:32:FE:91,-80,0,1121,1121,0,0,0,0,0
292739600,NODE_20500DE71C38,child,4,B4:BF:E9:32:FE:91,-80,0,1121,1121,0,0,0,0,0
292839607,NODE_20500DE71C38,child,4,B4:BF:E9:32:FE:91,-80,0,1122,1122,0,0,0,0,0
292939611,NODE_20500DE71C38,child,4,B4:BF:E9:32:FE:91,-79,0,1122,1122,0,0,0,0,0
293039608,NODE_20500DE71C38,child,4,B4:BF:E9:32:FE:91,-79,0,1123,1123,0,0,0,0,0
293139603,NODE_20500DE71C38,child,4,B4:BF:E9:32:FE:91,-79,0,1123,1123,0,0,0,0,0
293239604,NODE_20500DE71C38,child,4,B4:BF:E9:32:FE:91,-79,0,1123,1123,0,0,0,0,0
293339608,NODE_20500DE71C38,child,4,B4:BF:E9:32:FE:91,-79,0,1124,1124,0,0,0,0,0
293439599,NODE_20500DE71C38,child,4,B4:BF:E9:32:FE:91,-79,0,1124,1124,0,0,0,0,0
293539607,NODE_20500DE71C38,child,4,B4:BF:E9:32:FE:91,-79,0,1125,1125,0,0,0,0,0
293639608,NODE_20500DE71C38,child,4,B4:BF:E9:32:FE:91,-79,0,1125,1125,0,0,0,0,0
293739599,NODE_20500DE71C38,child,4,B4:BF:E9:32:FE:91,-79,0,1125,1125,0,0,0,0,0
293839607,NODE_20500DE71C38,child,4,B4:BF:E9:32:FE:91,-79,0,1126,1126,0,0,0,0,0
293939600,NODE_20500DE71C38,child,4,B4:BF:E9:32:FE:91,-79,0,1126,1126,0,0,0,0,0
294039607,NODE_20500DE71C38,child,4,B4:BF:E9:32:FE:91,-79,0,1127,1127,0,0,0,0,0
294139599,NODE_20500DE71C38,child,4,B4:BF:E9:32:FE:91,-79,0,1127,1127,0,0,0,0,0
294239600,NODE_20500DE71C38,child,4,B4:BF:E9:32:FE:91,-79,0,1127,1127,0,0,0,0,0
294339611,NODE_20500DE71C38,child,4,B4:BF:E9:32:FE:91,-79,0,1128,1128,0,0,0,0,0
294439599,NODE_20500DE71C38,child,4,B4:BF:E9:32:FE:91,-79,0,1128,1128,0,0,0,0,0
294539608,NODE_20500DE71C38,child,4,B4:BF:E9:32:FE:91,-79,0,1129,1129,0,0,0,0,0
294639599,NODE_20500DE71C38,child,4,B4:BF:E9:32:FE:91,-79,0,1129,1129,0,0,0,0,0
294739599,NODE_20500DE71C38,child,4,B4:BF:E9:32:FE:91,-79,0,1129,1129,0,0,0,0,0
294839608,NODE_20500DE71C38,child,4,B4:BF:E9:32:FE:91,-79,0,1130,1130,0,0,0,0,0
294939599,NODE_20500DE71C38,child,4,B4:BF:E9:32:FE:91,-79,0,1130,1130,0,0,0,0,0
295039607,NODE_20500DE71C38,child,4,B4:BF:E9:32:FE:91,-79,0,1131,1131,0,0,0,0,0
295139600,NODE_20500DE71C38,child,4,B4:BF:E9:32:FE:91,-79,0,1131,1131,0,0,0,0,0
295239599,NODE_20500DE71C38,child,4,B4:BF:E9:32:FE:91,-79,0,1131,1131,0,0,0,0,0
295339607,NODE_20500DE71C38,child,4,B4:BF:E9:32:FE:91,-79,0,1132,1132,0,0,0,0,0
295439604,NODE_20500DE71C38,child,4,B4:BF:E9:32:FE:91,-79,0,1132,1132,0,0,0,0,0
295539607,NODE_20500DE71C38,child,4,B4:BF:E9:32:FE:91,-79,0,1133,1133,0,0,0,0,0
295639599,NODE_20500DE71C38,child,4,B4:BF:E9:32:FE:91,-79,0,1133,1133,0,0,0,0,0
295739600,NODE_20500DE71C38,child,4,B4:BF:E9:32:FE:91,-79,0,1133,1133,0,0,0,0,0
295839603,NODE_20500DE71C38,child,4,B4:BF:E9:32:FE:91,-79,0,1134,1134,0,0,0,0,0
295939599,NODE_20500DE71C38,child,4,B4:BF:E9:32:FE:91,-79,0,1134,1134,0,0,0,0,0
296039608,NODE_20500DE71C38,child,4,B4:BF:E9:32:FE:91,-79,0,1135,1135,0,0,0,0,0
296139603,NODE_20500DE71C38,child,4,B4:BF:E9:32:FE:91,-79,0,1135,1135,0,0,0,0,0
296239609,NODE_20500DE71C38,child,4,B4:BF:E9:32:FE:91,-79,0,1135,1135,0,0,0,0,0
296339608,NODE_20500DE71C38,child,4,B4:BF:E9:32:FE:91,-79,0,1136,1136,0,0,0,0,0
296439603,NODE_20500DE71C38,child,4,B4:BF:E9:32:FE:91,-79,0,1136,1136,0,0,0,0,0
296539603,NODE_20500DE71C38,child,4,B4:BF:E9:32:FE:91,-79,0,1137,1137,0,0,0,0,0
296639600,NODE_20500DE71C38,child,4,B4:BF:E9:32:FE:91,-79,0,1137,1137,0,0,0,0,0
296739599,NODE_20500DE71C38,child,4,B4:BF:E9:32:FE:91,-79,0,1137,1137,0,0,0,0,0
296839607,NODE_20500DE71C38,child,4,B4:BF:E9:32:FE:91,-79,0,1138,1138,0,0,0,0,0
296939600,NODE_20500DE71C38,child,4,B4:BF:E9:32:FE:91,-79,0,1138,1138,0,0,0,0,0
297039611,NODE_20500DE71C38,child,4,B4:BF:E9:32:FE:91,-76,0,1139,1139,0,0,0,0,0
297139599,NODE_20500DE71C38,child,4,B4:BF:E9:32:FE:91,-76,0,1139,1139,0,0,0,0,0
297239600,NODE_20500DE71C38,child,4,B4:BF:E9:32:FE:91,-76,0,1139,1139,0,0,0,0,0
297339607,NODE_20500DE71C38,child,4,B4:BF:E9:32:FE:91,-76,0,1140,1140,0,0,0,0,0
297439603,NODE_20500DE71C38,child,4,B4:BF:E9:32:FE:91,-76,0,1140,1140,0,0,0,0,0
297539608,NODE_20500DE71C38,child,4,B4:BF:E9:32:FE:91,-76,0,1141,1141,0,0,0,0,0
297639599,NODE_20500DE71C38,child,4,B4:BF:E9:32:FE:91,-76,0,1141,1141,0,0,0,0,0
297739599,NODE_20500DE71C38,child,4,B4:BF:E9:32:FE:91,-76,0,1141,1141,0,0,0,0,0
297839608,NODE_20500DE71C38,child,4,B4:BF:E9:32:FE:91,-76,0,1142,1142,0,0,0,0,0
297939599,NODE_20500DE71C38,child,4,B4:BF:E9:32:FE:91,-76,0,1142,1142,0,0,0,0,0
298040379,NODE_20500DE71C38,child,4,B4:BF:E9:32:FE:91,-77,0,1143,1143,0,0,0,0,0
298139612,NODE_20500DE71C38,child,4,B4:BF:E9:32:FE:91,-77,0,1143,1143,0,0,0,0,0
298239609,NODE_20500DE71C38,child,4,B4:BF:E9:32:FE:91,-77,0,1143,1143,0,0,0,0,0
298339607,NODE_20500DE71C38,child,4,B4:BF:E9:32:FE:91,-77,0,1144,1144,0,0,0,0,0
298439608,NODE_20500DE71C38,child,4,B4:BF:E9:32:FE:91,-77,0,1144,1144,0,0,0,0,0
298539607,NODE_20500DE71C38,child,4,B4:BF:E9:32:FE:91,-77,0,1145,1145,0,0,0,0,0
298639599,NODE_20500DE71C38,child,4,B4:BF:E9:32:FE:91,-77,0,1145,1145,0,0,0,0,0
298739600,NODE_20500DE71C38,child,4,B4:BF:E9:32:FE:91,-77,0,1145,1145,0,0,0,0,0
298839607,NODE_20500DE71C38,child,4,B4:BF:E9:32:FE:91,-77,0,1146,1146,0,0,0,0,0
298939599,NODE_20500DE71C38,child,4,B4:BF:E9:32:FE:91,-77,0,1146,1146,0,0,0,0,0
299039608,NODE_20500DE71C38,child,4,B4:BF:E9:32:FE:91,-77,0,1147,1147,0,0,0,0,0
299139611,NODE_20500DE71C38,child,4,B4:BF:E9:32:FE:91,-80,0,1147,1147,0,0,0,0,0
299239599,NODE_20500DE71C38,child,4,B4:BF:E9:32:FE:91,-80,0,1147,1147,0,0,0,0,0
299339608,NODE_20500DE71C38,child,4,B4:BF:E9:32:FE:91,-80,0,1148,1148,0,0,0,0,0
299439603,NODE_20500DE71C38,child,4,B4:BF:E9:32:FE:91,-80,0,1148,1148,0,0,0,0,0
299539607,NODE_20500DE71C38,child,4,B4:BF:E9:32:FE:91,-80,0,1149,1149,0,0,0,0,0
299639600,NODE_20500DE71C38,child,4,B4:BF:E9:32:FE:91,-80,0,1149,1149,0,0,0,0,0
299739599,NODE_20500DE71C38,child,4,B4:BF:E9:32:FE:91,-80,0,1149,1149,0,0,0,0,0
299839607,NODE_20500DE71C38,child,4,B4:BF:E9:32:FE:91,-80,0,1150,1150,0,0,0,0,0
299939600,NODE_20500DE71C38,child,4,B4:BF:E9:32:FE:91,-80,0,1150,1150,0,0,0,0,0
300039607,NODE_20500DE71C38,child,4,B4:BF:E9:32:FE:91,-80,0,1151,1151,0,0,0,0,0
300139611,NODE_20500DE71C38,child,4,B4:BF:E9:32:FE:91,-82,0,1151,1151,0,0,0,0,0
300239600,NODE_20500DE71C38,child,4,B4:BF:E9:32:FE:91,-82,0,1151,1151,0,0,0,0,0
300339607,NODE_20500DE71C38,child,4,B4:BF:E9:32:FE:91,-82,0,1152,1152,0,0,0,0,0
300439603,NODE_20500DE71C38,child,4,B4:BF:E9:32:FE:91,-82,0,1152,1152,0,0,0,0,0
300539608,NODE_20500DE71C38,child,4,B4:BF:E9:32:FE:91,-82,0,1153,1153,0,0,0,0,0
300639609,NODE_20500DE71C38,child,4,B4:BF:E9:32:FE:91,-82,0,1153,1153,0,0,0,0,0
300739599,NODE_20500DE71C38,child,4,B4:BF:E9:32:FE:91,-82,0,1153,1153,0,0,0,0,0
300839600,NODE_20500DE71C38,child,4,B4:BF:E9:32:FE:91,-82,0,1154,1154,0,0,0,0,0
300939603,NODE_20500DE71C38,child,4,B4:BF:E9:32:FE:91,-82,0,1154,1154,0,0,0,0,0
301039603,NODE_20500DE71C38,child,4,B4:BF:E9:32:FE:91,-82,0,1155,1155,0,0,0,0,0
301139615,NODE_20500DE71C38,child,4,B4:BF:E9:32:FE:91,-81,0,1155,1155,0,0,0,0,0
301239599,NODE_20500DE71C38,child,4,B4:BF:E9:32:FE:91,-81,0,1155,1155,0,0,0,0,0
301339607,NODE_20500DE71C38,child,4,B4:BF:E9:32:FE:91,-81,0,1156,1156,0,0,0,0,0
301439604,NODE_20500DE71C38,child,4,B4:BF:E9:32:FE:91,-81,0,1156,1156,0,0,0,0,0
301539607,NODE_20500DE71C38,child,4,B4:BF:E9:32:FE:91,-81,0,1157,1157,0,0,0,0,0
301639599,NODE_20500DE71C38,child,4,B4:BF:E9:32:FE:91,-81,0,1157,1157,0,0,0,0,0
301739600,NODE_20500DE71C38,child,4,B4:BF:E9:32:FE:91,-81,0,1157,1157,0,0,0,0,0
301839607,NODE_20500DE71C38,child,4,B4:BF:E9:32:FE:91,-81,0,1158,1158,0,0,0,0,0
301939599,NODE_20500DE71C38,child,4,B4:BF:E9:32:FE:91,-81,0,1158,1158,0,0,0,0,0
302039608,NODE_20500DE71C38,child,4,B4:BF:E9:32:FE:91,-81,0,1159,1159,0,0,0,0,0
302139613,NODE_20500DE71C38,child,4,B4:BF:E9:32:FE:91,-80,0,1159,1159,0,0,0,0,0
302239607,NODE_20500DE71C38,child,4,B4:BF:E9:32:FE:91,-80,0,1159,1159,0,0,0,0,0
302339608,NODE_20500DE71C38,child,4,B4:BF:E9:32:FE:91,-80,0,1160,1160,0,0,0,0,0
302439599,NODE_20500DE71C38,child,4,B4:BF:E9:32:FE:91,-80,0,1160,1160,0,0,0,0,0
302539607,NODE_20500DE71C38,child,4,B4:BF:E9:32:FE:91,-80,0,1161,1161,0,0,0,0,0
302639615,NODE_20500DE71C38,child,4,B4:BF:E9:32:FE:91,-80,0,1161,1161,0,0,0,0,0
302739599,NODE_20500DE71C38,child,4,B4:BF:E9:32:FE:91,-80,0,1161,1161,0,0,0,0,0
302839607,NODE_20500DE71C38,child,4,B4:BF:E9:32:FE:91,-80,0,1162,1162,0,0,0,0,0
302939600,NODE_20500DE71C38,child,4,B4:BF:E9:32:FE:91,-80,0,1162,1162,0,0,0,0,0
303039607,NODE_20500DE71C38,child,4,B4:BF:E9:32:FE:91,-80,0,1163,1163,0,0,0,0,0
303139599,NODE_20500DE71C38,child,4,B4:BF:E9:32:FE:91,-80,0,1163,1163,0,0,0,0,0
303239612,NODE_20500DE71C38,child,4,B4:BF:E9:32:FE:91,-80,0,1163,1163,0,0,0,0,0
303339607,NODE_20500DE71C38,child,4,B4:BF:E9:32:FE:91,-80,0,1164,1164,0,0,0,0,0
303439599,NODE_20500DE71C38,child,4,B4:BF:E9:32:FE:91,-80,0,1164,1164,0,0,0,0,0
303539612,NODE_20500DE71C38,child,4,B4:BF:E9:32:FE:91,-80,0,1165,1165,0,0,0,0,0
303639599,NODE_20500DE71C38,child,4,B4:BF:E9:32:FE:91,-80,0,1165,1165,0,0,0,0,0
303739599,NODE_20500DE71C38,child,4,B4:BF:E9:32:FE:91,-80,0,1165,1165,0,0,0,0,0
303839608,NODE_20500DE71C38,child,4,B4:BF:E9:32:FE:91,-80,0,1166,1166,0,0,0,0,0
303939599,NODE_20500DE71C38,child,4,B4:BF:E9:32:FE:91,-80,0,1166,1166,0,0,0,0,0
304039607,NODE_20500DE71C38,child,4,B4:BF:E9:32:FE:91,-80,0,1167,1167,0,0,0,0,0
304139600,NODE_20500DE71C38,child,4,B4:BF:E9:32:FE:91,-80,0,1167,1167,0,0,0,0,0
304239611,NODE_20500DE71C38,child,4,B4:BF:E9:32:FE:91,-79,0,1167,1167,0,0,0,0,0
304339607,NODE_20500DE71C38,child,4,B4:BF:E9:32:FE:91,-79,0,1168,1168,0,0,0,0,0
304439600,NODE_20500DE71C38,child,4,B4:BF:E9:32:FE:91,-79,0,1168,1168,0,0,0,0,0
304539607,NODE_20500DE71C38,child,4,B4:BF:E9:32:FE:91,-79,0,1169,1169,0,0,0,0,0
304639603,NODE_20500DE71C38,child,4,B4:BF:E9:32:FE:91,-79,0,1169,1169,0,0,0,0,0
304739600,NODE_20500DE71C38,child,4,B4:BF:E9:32:FE:91,-79,0,1169,1169,0,0,0,0,0
304839607,NODE_20500DE71C38,child,4,B4:BF:E9:32:FE:91,-79,0,1170,1170,0,0,0,0,0
304939599,NODE_20500DE71C38,child,4,B4:BF:E9:32:FE:91,-79,0,1170,1170,0,0,0,0,0
305040382,NODE_20500DE71C38,child,4,B4:BF:E9:32:FE:91,-79,0,1170,1170,0,0,0,0,0
305139603,NODE_20500DE71C38,child,4,B4:BF:E9:32:FE:91,-79,0,1171,1171,0,0,0,0,0
305239611,NODE_20500DE71C38,child,4,B4:BF:E9:32:FE:91,-79,0,1171,1171,0,0,0,0,0
305339604,NODE_20500DE71C38,child,4,B4:BF:E9:32:FE:91,-79,0,1172,1172,0,0,0,0,0
305439603,NODE_20500DE71C38,child,4,B4:BF:E9:32:FE:91,-79,0,1172,1172,0,0,0,0,0
305540375,NODE_20500DE71C38,child,4,B4:BF:E9:32:FE:91,-79,0,1172,1172,0,0,0,0,0
305639612,NODE_20500DE71C38,child,4,B4:BF:E9:32:FE:91,-79,0,1173,1173,0,0,0,0,0
305739599,NODE_20500DE71C38,child,4,B4:BF:E9:32:FE:91,-79,0,1173,1173,0,0,0,0,0
305839607,NODE_20500DE71C38,child,4,B4:BF:E9:32:FE:91,-79,0,1174,1174,0,0,0,0,0
305939600,NODE_20500DE71C38,child,4,B4:BF:E9:32:FE:91,-79,0,1174,1174,0,0,0,0,0
306040382,NODE_20500DE71C38,child,4,B4:BF:E9:32:FE:91,-79,0,1174,1174,0,0,0,0,0
306139603,NODE_20500DE71C38,child,4,B4:BF:E9:32:FE:91,-79,0,1175,1175,0,0,0,0,0
306239608,NODE_20500DE71C38,child,4,B4:BF:E9:32:FE:91,-79,0,1175,1175,0,0,0,0,0
306339607,NODE_20500DE71C38,child,4,B4:BF:E9:32:FE:91,-79,0,1176,1176,0,0,0,0,0
306439599,NODE_20500DE71C38,child,4,B4:BF:E9:32:FE:91,-79,0,1176,1176,0,0,0,0,0
306539604,NODE_20500DE71C38,child,4,B4:BF:E9:32:FE:91,-79,0,1176,1176,0,0,0,0,0
306639611,NODE_20500DE71C38,child,4,B4:BF:E9:32:FE:91,-79,0,1177,1177,0,0,0,0,0
306739599,NODE_20500DE71C38,child,4,B4:BF:E9:32:FE:91,-79,0,1177,1177,0,0,0,0,0
306839608,NODE_20500DE71C38,child,4,B4:BF:E9:32:FE:91,-79,0,1178,1178,0,0,0,0,0
306939599,NODE_20500DE71C38,child,4,B4:BF:E9:32:FE:91,-79,0,1178,1178,0,0,0,0,0
307039603,NODE_20500DE71C38,child,4,B4:BF:E9:32:FE:91,-79,0,1178,1178,0,0,0,0,0
307139608,NODE_20500DE71C38,child,4,B4:BF:E9:32:FE:91,-79,0,1179,1179,0,0,0,0,0
307239599,NODE_20500DE71C38,child,4,B4:BF:E9:32:FE:91,-79,0,1179,1179,0,0,0,0,0
307339607,NODE_20500DE71C38,child,4,B4:BF:E9:32:FE:91,-78,0,1180,1180,0,0,0,0,0
307439600,NODE_20500DE71C38,child,4,B4:BF:E9:32:FE:91,-78,0,1180,1180,0,0,0,0,0
307539599,NODE_20500DE71C38,child,4,B4:BF:E9:32:FE:91,-78,0,1180,1180,0,0,0,0,0
307639611,NODE_20500DE71C38,child,4,B4:BF:E9:32:FE:91,-78,0,1181,1181,0,0,0,0,0
307739600,NODE_20500DE71C38,child,4,B4:BF:E9:32:FE:91,-78,0,1181,1181,0,0,0,0,0
307839607,NODE_20500DE71C38,child,4,B4:BF:E9:32:FE:91,-78,0,1182,1182,0,0,0,0,0
307939599,NODE_20500DE71C38,child,4,B4:BF:E9:32:FE:91,-78,0,1182,1182,0,0,0,0,0
308039600,NODE_20500DE71C38,child,4,B4:BF:E9:32:FE:91,-78,0,1182,1182,0,0,0,0,0
308139607,NODE_20500DE71C38,child,4,B4:BF:E9:32:FE:91,-78,0,1183,1183,0,0,0,0,0
308239599,NODE_20500DE71C38,child,4,B4:BF:E9:32:FE:91,-78,0,1183,1183,0,0,0,0,0
308339608,NODE_20500DE71C38,child,4,B4:BF:E9:32:FE:91,-80,0,1184,1184,0,0,0,0,0
308439599,NODE_20500DE71C38,child,4,B4:BF:E9:32:FE:91,-80,0,1184,1184,0,0,0,0,0
308539599,NODE_20500DE71C38,child,4,B4:BF:E9:32:FE:91,-80,0,1184,1184,0,0,0,0,0
308639608,NODE_20500DE71C38,child,4,B4:BF:E9:32:FE:91,-80,0,1185,1185,0,0,0,0,0
308739603,NODE_20500DE71C38,child,4,B4:BF:E9:32:FE:91,-80,0,1185,1185,0,0,0,0,0
308839603,NODE_20500DE71C38,child,4,B4:BF:E9:32:FE:91,-80,0,1186,1186,0,0,0,0,0
308939600,NODE_20500DE71C38,child,4,B4:BF:E9:32:FE:91,-80,0,1186,1186,0,0,0,0,0
309039603,NODE_20500DE71C38,child,4,B4:BF:E9:32:FE:91,-80,0,1186,1186,0,0,0,0,0
309139607,NODE_20500DE71C38,child,4,B4:BF:E9:32:FE:91,-80,0,1187,1187,0,0,0,0,0
309239600,NODE_20500DE71C38,child,4,B4:BF:E9:32:FE:91,-80,0,1187,1187,0,0,0,0,0
309339607,NODE_20500DE71C38,child,4,B4:BF:E9:32:FE:91,-79,0,1188,1188,0,0,0,0,0
309439599,NODE_20500DE71C38,child,4,B4:BF:E9:32:FE:91,-79,0,1188,1188,0,0,0,0,0
309539600,NODE_20500DE71C38,child,4,B4:BF:E9:32:FE:91,-79,0,1188,1188,0,0,0,0,0
309639607,NODE_20500DE71C38,child,4,B4:BF:E9:32:FE:91,-79,0,1189,1189,0,0,0,0,0
309739603,NODE_20500DE71C38,child,4,B4:BF:E9:32:FE:91,-79,0,1189,1189,0,0,0,0,0
309839608,NODE_20500DE71C38,child,4,B4:BF:E9:32:FE:91,-79,0,1190,1190,0,0,0,0,0
309939599,NODE_20500DE71C38,child,4,B4:BF:E9:32:FE:91,-79,0,1190,1190,0,0,0,0,0
310039599,NODE_20500DE71C38,child,4,B4:BF:E9:32:FE:91,-79,0,1190,1190,0,0,0,0,0
310139604,NODE_20500DE71C38,child,4,B4:BF:E9:32:FE:91,-79,0,1191,1191,0,0,0,0,0
310239599,NODE_20500DE71C38,child,4,B4:BF:E9:32:FE:91,-79,0,1191,1191,0,0,0,0,0
310339613,NODE_20500DE71C38,child,4,B4:BF:E9:32:FE:91,-80,0,1191,1191,0,0,0,0,0
310439608,NODE_20500DE71C38,child,4,B4:BF:E9:32:FE:91,-80,0,1192,1192,0,0,0,0,0
310539599,NODE_20500DE71C38,child,4,B4:BF:E9:32:FE:91,-80,0,1192,1192,0,0,0,0,0
310639607,NODE_20500DE71C38,child,4,B4:BF:E9:32:FE:91,-80,0,1193,1193,0,0,0,0,0
310739604,NODE_20500DE71C38,child,4,B4:BF:E9:32:FE:91,-80,0,1193,1193,0,0,0,0,0
310840377,NODE_20500DE71C38,child,4,B4:BF:E9:32:FE:91,-80,0,1193,1193,0,0,0,0,0
310939607,NODE_20500DE71C38,child,4,B4:BF:E9:32:FE:91,-80,0,1194,1194,0,0,0,0,0
311039600,NODE_20500DE71C38,child,4,B4:BF:E9:32:FE:91,-80,0,1194,1194,0,0,0,0,0
311139603,NODE_20500DE71C38,child,4,B4:BF:E9:32:FE:91,-80,0,1195,1195,0,0,0,0,0
311239599,NODE_20500DE71C38,child,4,B4:BF:E9:32:FE:91,-80,0,1195,1195,0,0,0,0,0
311340373,NODE_20500DE71C38,child,4,B4:BF:E9:32:FE:91,-80,0,1195,1195,0,0,0,0,0
311439613,NODE_20500DE71C38,child,4,B4:BF:E9:32:FE:91,-79,0,1196,1196,0,0,0,0,0
311539607,NODE_20500DE71C38,child,4,B4:BF:E9:32:FE:91,-79,0,1196,1196,0,0,0,0,0
311639608,NODE_20500DE71C38,child,4,B4:BF:E9:32:FE:91,-79,0,1197,1197,0,0,0,0,0
311739607,NODE_20500DE71C38,child,4,B4:BF:E9:32:FE:91,-79,0,1197,1197,0,0,0,0,0
311840373,NODE_20500DE71C38,child,4,B4:BF:E9:32:FE:91,-79,0,1197,1197,0,0,0,0,0
311939604,NODE_20500DE71C38,child,4,B4:BF:E9:32:FE:91,-79,0,1198,1198,0,0,0,0,0
312039599,NODE_20500DE71C38,child,4,B4:BF:E9:32:FE:91,-79,0,1198,1198,0,0,0,0,0
312140056,NODE_20500DE71C38,child,4,B4:BF:E9:32:FE:91,-79,0,1199,1199,0,0,0,0,0
312239604,NODE_20500DE71C38,child,4,B4:BF:E9:32:FE:91,-79,0,1199,1199,0,0,0,0,0
312340376,NODE_20500DE71C38,child,4,B4:BF:E9:32:FE:91,-79,0,1199,1199,0,0,0,0,0
312439613,NODE_20500DE71C38,child,4,B4:BF:E9:32:FE:91,-80,0,1200,1200,0,0,0,0,0
312539600,NODE_20500DE71C38,child,4,B4:BF:E9:32:FE:91,-80,0,1200,1200,0,0,0,0,0
312639607,NODE_20500DE71C38,child,4,B4:BF:E9:32:FE:91,-80,0,1201,1201,0,0,0,0,0
312739603,NODE_20500DE71C38,child,4,B4:BF:E9:32:FE:91,-80,0,1201,1201,0,0,0,0,0
312840374,NODE_20500DE71C38,child,4,B4:BF:E9:32:FE:91,-80,0,1201,1201,0,0,0,0,0
312939607,NODE_20500DE71C38,child,4,B4:BF:E9:32:FE:91,-80,0,1202,1202,0,0,0,0,0
313039599,NODE_20500DE71C38,child,4,B4:BF:E9:32:FE:91,-80,0,1202,1202,0,0,0,0,0
313139604,NODE_20500DE71C38,child,4,B4:BF:E9:32:FE:91,-80,0,1203,1203,0,0,0,0,0
313239599,NODE_20500DE71C38,child,4,B4:BF:E9:32:FE:91,-80,0,1203,1203,0,0,0,0,0
313340382,NODE_20500DE71C38,child,4,B4:BF:E9:32:FE:91,-80,0,1203,1203,0,0,0,0,0
313439614,NODE_20500DE71C38,child,4,B4:BF:E9:32:FE:91,-79,0,1204,1204,0,0,0,0,0
313539607,NODE_20500DE71C38,child,4,B4:BF:E9:32:FE:91,-79,0,1204,1204,0,0,0,0,0
313639607,NODE_20500DE71C38,child,4,B4:BF:E9:32:FE:91,-79,0,1205,1205,0,0,0,0,0
313739604,NODE_20500DE71C38,child,4,B4:BF:E9:32:FE:91,-79,0,1205,1205,0,0,0,0,0
313839603,NODE_20500DE71C38,child,4,B4:BF:E9:32:FE:91,-79,0,1205,1205,0,0,0,0,0
313939607,NODE_20500DE71C38,child,4,B4:BF:E9:32:FE:91,-79,0,1206,1206,0,0,0,0,0
314039600,NODE_20500DE71C38,child,4,B4:BF:E9:32:FE:91,-79,0,1206,1206,0,0,0,0,0
314139603,NODE_20500DE71C38,child,4,B4:BF:E9:32:FE:91,-79,0,1207,1207,0,0,0,0,0
314239607,NODE_20500DE71C38,child,4,B4:BF:E9:32:FE:91,-79,0,1207,1207,0,0,0,0,0
314339608,NODE_20500DE71C38,child,4,B4:BF:E9:32:FE:91,-79,0,1207,1207,0,0,0,0,0
314439613,NODE_20500DE71C38,child,4,B4:BF:E9:32:FE:91,-79,0,1208,1208,0,0,0,0,0
314539599,NODE_20500DE71C38,child,4,B4:BF:E9:32:FE:91,-79,0,1208,1208,0,0,0,0,0
314639604,NODE_20500DE71C38,child,4,B4:BF:E9:32:FE:91,-79,0,1209,1209,0,0,0,0,0
314739607,NODE_20500DE71C38,child,4,B4:BF:E9:32:FE:91,-79,0,1209,1209,0,0,0,0,0
314839607,NODE_20500DE71C38,child,4,B4:BF:E9:32:FE:91,-79,0,1209,1209,0,0,0,0,0
314939608,NODE_20500DE71C38,child,4,B4:BF:E9:32:FE:91,-79,0,1210,1210,0,0,0,0,0
315039599,NODE_20500DE71C38,child,4,B4:BF:E9:32:FE:91,-79,0,1210,1210,0,0,0,0,0
315139607,NODE_20500DE71C38,child,4,B4:BF:E9:32:FE:91,-79,0,1211,1211,0,0,0,0,0
315239600,NODE_20500DE71C38,child,4,B4:BF:E9:32:FE:91,-79,0,1211,1211,0,0,0,0,0
315339607,NODE_20500DE71C38,child,4,B4:BF:E9:32:FE:91,-79,0,1211,1211,0,0,0,0,0
315439607,NODE_20500DE71C38,child,4,B4:BF:E9:32:FE:91,-79,0,1212,1212,0,0,0,0,0
315539615,NODE_20500DE71C38,child,4,B4:BF:E9:32:FE:91,-78,0,1212,1212,0,0,0,0,0
315639607,NODE_20500DE71C38,child,4,B4:BF:E9:32:FE:91,-78,0,1213,1213,0,0,0,0,0
315739599,NODE_20500DE71C38,child,4,B4:BF:E9:32:FE:91,-78,0,1213,1213,0,0,0,0,0
315839608,NODE_20500DE71C38,child,4,B4:BF:E9:32:FE:91,-78,0,1213,1213,0,0,0,0,0
315939603,NODE_20500DE71C38,child,4,B4:BF:E9:32:FE:91,-78,0,1214,1214,0,0,0,0,0
316039607,NODE_20500DE71C38,child,4,B4:BF:E9:32:FE:91,-78,0,1214,1214,0,0,0,0,0
316139604,NODE_20500DE71C38,child,4,B4:BF:E9:32:FE:91,-78,0,1215,1215,0,0,0,0,0
316239599,NODE_20500DE71C38,child,4,B4:BF:E9:32:FE:91,-78,0,1215,1215,0,0,0,0,0
316339599,NODE_20500DE71C38,child,4,B4:BF:E9:32:FE:91,-78,0,1215,1215,0,0,0,0,0
316439604,NODE_20500DE71C38,child,4,B4:BF:E9:32:FE:91,-78,0,1216,1216,0,0,0,0,0
316539613,NODE_20500DE71C38,child,4,B4:BF:E9:32:FE:91,-79,0,1216,1216,0,0,0,0,0
316639607,NODE_20500DE71C38,child,4,B4:BF:E9:32:FE:91,-79,0,1217,1217,0,0,0,0,0
316739600,NODE_20500DE71C38,child,4,B4:BF:E9:32:FE:91,-79,0,1217,1217,0,0,0,0,0
316839603,NODE_20500DE71C38,child,4,B4:BF:E9:32:FE:91,-79,0,1217,1217,0,0,0,0,0
316939607,NODE_20500DE71C38,child,4,B4:BF:E9:32:FE:91,-79,0,1218,1218,0,0,0,0,0
317039600,NODE_20500DE71C38,child,4,B4:BF:E9:32:FE:91,-79,0,1218,1218,0,0,0,0,0
317139603,NODE_20500DE71C38,child,4,B4:BF:E9:32:FE:91,-79,0,1219,1219,0,0,0,0,0
317239599,NODE_20500DE71C38,child,4,B4:BF:E9:32:FE:91,-79,0,1219,1219,0,0,0,0,0
317339604,NODE_20500DE71C38,child,4,B4:BF:E9:32:FE:91,-79,0,1219,1219,0,0,0,0,0
317439603,NODE_20500DE71C38,child,4,B4:BF:E9:32:FE:91,-79,0,1220,1220,0,0,0,0,0
317539613,NODE_20500DE71C38,child,4,B4:BF:E9:32:FE:91,-79,0,1220,1220,0,0,0,0,0
317639604,NODE_20500DE71C38,child,4,B4:BF:E9:32:FE:91,-79,0,1221,1221,0,0,0,0,0
317739603,NODE_20500DE71C38,child,4,B4:BF:E9:32:FE:91,-79,0,1221,1221,0,0,0,0,0
317839603,NODE_20500DE71C38,child,4,B4:BF:E9:32:FE:91,-79,0,1221,1221,0,0,0,0,0
317939608,NODE_20500DE71C38,child,4,B4:BF:E9:32:FE:91,-79,0,1222,1222,0,0,0,0,0
318039607,NODE_20500DE71C38,child,4,B4:BF:E9:32:FE:91,-79,0,1222,1222,0,0,0,0,0
318139603,NODE_20500DE71C38,child,4,B4:BF:E9:32:FE:91,-79,0,1223,1223,0,0,0,0,0
318239600,NODE_20500DE71C38,child,4,B4:BF:E9:32:FE:91,-79,0,1223,1223,0,0,0,0,0
318339599,NODE_20500DE71C38,child,4,B4:BF:E9:32:FE:91,-79,0,1223,1223,0,0,0,0,0
318439603,NODE_20500DE71C38,child,4,B4:BF:E9:32:FE:91,-79,0,1224,1224,0,0,0,0,0
318539615,NODE_20500DE71C38,child,4,B4:BF:E9:32:FE:91,-79,0,1224,1224,0,0,0,0,0
318639607,NODE_20500DE71C38,child,4,B4:BF:E9:32:FE:91,-79,0,1225,1225,0,0,0,0,0
318739599,NODE_20500DE71C38,child,4,B4:BF:E9:32:FE:91,-79,0,1225,1225,0,0,0,0,0
318839604,NODE_20500DE71C38,child,4,B4:BF:E9:32:FE:91,-79,0,1225,1225,0,0,0,0,0
318939611,NODE_20500DE71C38,child,4,B4:BF:E9:32:FE:91,-79,0,1226,1226,0,0,0,0,0
319039599,NODE_20500DE71C38,child,4,B4:BF:E9:32:FE:91,-79,0,1226,1226,0,0,0,0,0
319139604,NODE_20500DE71C38,child,4,B4:BF:E9:32:FE:91,-79,0,1227,1227,0,0,0,0,0
319239607,NODE_20500DE71C38,child,4,B4:BF:E9:32:FE:91,-79,0,1227,1227,0,0,0,0,0
319339599,NODE_20500DE71C38,child,4,B4:BF:E9:32:FE:91,-79,0,1227,1227,0,0,0,0,0
319439604,NODE_20500DE71C38,child,4,B4:BF:E9:32:FE:91,-79,0,1228,1228,0,0,0,0,0
319539599,NODE_20500DE71C38,child,4,B4:BF:E9:32:FE:91,-79,0,1228,1228,0,0,0,0,0
319639607,NODE_20500DE71C38,child,4,B4:BF:E9:32:FE:91,-80,0,1229,1229,0,0,0,0,0
319739600,NODE_20500DE71C38,child,4,B4:BF:E9:32:FE:91,-80,0,1229,1229,0,0,0,0,0
319839607,NODE_20500DE71C38,child,4,B4:BF:E9:32:FE:91,-80,0,1229,1229,0,0,0,0,0
319939611,NODE_20500DE71C38,child,4,B4:BF:E9:32:FE:91,-80,0,1230,1230,0,0,0,0,0
320039600,NODE_20500DE71C38,child,4,B4:BF:E9:32:FE:91,-80,0,1230,1230,0,0,0,0,0
320139603,NODE_20500DE71C38,child,4,B4:BF:E9:32:FE:91,-80,0,1231,1231,0,0,0,0,0
320239599,NODE_20500DE71C38,child,4,B4:BF:E9:32:FE:91,-80,0,1231,1231,0,0,0,0,0
320339600,NODE_20500DE71C38,child,4,B4:BF:E9:32:FE:91,-80,0,1231,1231,0,0,0,0,0
320439603,NODE_20500DE71C38,child,4,B4:BF:E9:32:FE:91,-80,0,1232,1232,0,0,0,0,0
320539607,NODE_20500DE71C38,child,4,B4:BF:E9:32:FE:91,-80,0,1232,1232,0,0,0,0,0
320639636,NODE_20500DE71C38,child,4,B4:BF:E9:32:FE:91,-80,0,1233,1233,0,0,0,0,0
320739599,NODE_20500DE71C38,child,4,B4:BF:E9:32:FE:91,-80,0,1233,1233,0,0,0,0,0
320839603,NODE_20500DE71C38,child,4,B4:BF:E9:32:FE:91,-80,0,1233,1233,0,0,0,0,0
320939608,NODE_20500DE71C38,child,4,B4:BF:E9:32:FE:91,-80,0,1234,1234,0,0,0,0,0
321039603,NODE_20500DE71C38,child,4,B4:BF:E9:32:FE:91,-80,0,1234,1234,0,0,0,0,0
321139603,NODE_20500DE71C38,child,4,B4:BF:E9:32:FE:91,-80,0,1235,1235,0,0,0,0,0
321239608,NODE_20500DE71C38,child,4,B4:BF:E9:32:FE:91,-80,0,1235,1235,0,0,0,0,0
321339607,NODE_20500DE71C38,child,4,B4:BF:E9:32:FE:91,-80,0,1235,1235,0,0,0,0,0
321439603,NODE_20500DE71C38,child,4,B4:BF:E9:32:FE:91,-80,0,1236,1236,0,0,0,0,0
321539600,NODE_20500DE71C38,child,4,B4:BF:E9:32:FE:91,-80,0,1236,1236,0,0,0,0,0
321639607,NODE_20500DE71C38,child,4,B4:BF:E9:32:FE:91,-80,0,1237,1237,0,0,0,0,0
321739599,NODE_20500DE71C38,child,4,B4:BF:E9:32:FE:91,-80,0,1237,1237,0,0,0,0,0
321839608,NODE_20500DE71C38,child,4,B4:BF:E9:32:FE:91,-80,0,1237,1237,0,0,0,0,0
321939607,NODE_20500DE71C38,child,4,B4:BF:E9:32:FE:91,-80,0,1238,1238,0,0,0,0,0
322039603,NODE_20500DE71C38,child,4,B4:BF:E9:32:FE:91,-80,0,1238,1238,0,0,0,0,0
322139604,NODE_20500DE71C38,child,4,B4:BF:E9:32:FE:91,-80,0,1239,1239,0,0,0,0,0
322239599,NODE_20500DE71C38,child,4,B4:BF:E9:32:FE:91,-80,0,1239,1239,0,0,0,0,0
322339599,NODE_20500DE71C38,child,4,B4:BF:E9:32:FE:91,-80,0,1239,1239,0,0,0,0,0
322439608,NODE_20500DE71C38,child,4,B4:BF:E9:32:FE:91,-80,0,1240,1240,0,0,0,0,0
322539603,NODE_20500DE71C38,child,4,B4:BF:E9:32:FE:91,-80,0,1240,1240,0,0,0,0,0
322639613,NODE_20500DE71C38,child,4,B4:BF:E9:32:FE:91,-80,0,1241,1241,0,0,0,0,0
322739600,NODE_20500DE71C38,child,4,B4:BF:E9:32:FE:91,-80,0,1241,1241,0,0,0,0,0
322839599,NODE_20500DE71C38,child,4,B4:BF:E9:32:FE:91,-80,0,1241,1241,0,0,0,0,0
322939607,NODE_20500DE71C38,child,4,B4:BF:E9:32:FE:91,-80,0,1242,1242,0,0,0,0,0
323039612,NODE_20500DE71C38,child,4,B4:BF:E9:32:FE:91,-80,0,1242,1242,0,0,0,0,0
323139607,NODE_20500DE71C38,child,4,B4:BF:E9:32:FE:91,-80,0,1243,1243,0,0,0,0,0
323239599,NODE_20500DE71C38,child,4,B4:BF:E9:32:FE:91,-80,0,1243,1243,0,0,0,0,0
323339600,NODE_20500DE71C38,child,4,B4:BF:E9:32:FE:91,-80,0,1243,1243,0,0,0,0,0
323439603,NODE_20500DE71C38,child,4,B4:BF:E9:32:FE:91,-80,0,1244,1244,0,0,0,0,0
323539599,NODE_20500DE71C38,child,4,B4:BF:E9:32:FE:91,-80,0,1244,1244,0,0,0,0,0
323639850,NODE_20500DE71C38,child,4,B4:BF:E9:32:FE:91,-79,0,1245,1245,0,0,0,0,0
323739607,NODE_20500DE71C38,child,4,B4:BF:E9:32:FE:91,-79,0,1245,1245,0,0,0,0,0
323839599,NODE_20500DE71C38,child,4,B4:BF:E9:32:FE:91,-79,0,1245,1245,0,0,0,0,0
323939608,NODE_20500DE71C38,child,4,B4:BF:E9:32:FE:91,-79,0,1246,1246,0,0,0,0,0
324039607,NODE_20500DE71C38,child,4,B4:BF:E9:32:FE:91,-79,0,1246,1246,0,0,0,0,0
324139603,NODE_20500DE71C38,child,4,B4:BF:E9:32:FE:91,-79,0,1247,1247,0,0,0,0,0
324239600,NODE_20500DE71C38,child,4,B4:BF:E9:32:FE:91,-79,0,1247,1247,0,0,0,0,0
324339607,NODE_20500DE71C38,child,4,B4:BF:E9:32:FE:91,-79,0,1247,1247,0,0,0,0,0
324439603,NODE_20500DE71C38,child,4,B4:BF:E9:32:FE:91,-79,0,1248,1248,0,0,0,0,0
324539600,NODE_20500DE71C38,child,4,B4:BF:E9:32:FE:91,-79,0,1248,1248,0,0,0,0,0
324639603,NODE_20500DE71C38,child,4,B4:BF:E9:32:FE:91,-79,0,1249,1249,0,0,0,0,0
324739613,NODE_20500DE71C38,child,4,B4:BF:E9:32:FE:91,-78,0,1249,1249,0,0,0,0,0
324839600,NODE_20500DE71C38,child,4,B4:BF:E9:32:FE:91,-78,0,1249,1249,0,0,0,0,0
324939607,NODE_20500DE71C38,child,4,B4:BF:E9:32:FE:91,-78,0,1250,1250,0,0,0,0,0
325039611,NODE_20500DE71C38,child,4,B4:BF:E9:32:FE:91,-78,0,1250,1250,0,0,0,0,0
325139604,NODE_20500DE71C38,child,4,B4:BF:E9:32:FE:91,-78,0,1251,1251,0,0,0,0,0
325239599,NODE_20500DE71C38,child,4,B4:BF:E9:32:FE:91,-78,0,1251,1251,0,0,0,0,0
325339599,NODE_20500DE71C38,child,4,B4:BF:E9:32:FE:91,-78,0,1251,1251,0,0,0,0,0
325439608,NODE_20500DE71C38,child,4,B4:BF:E9:32:FE:91,-78,0,1252,1252,0,0,0,0,0
325539599,NODE_20500DE71C38,child,4,B4:BF:E9:32:FE:91,-78,0,1252,1252,0,0,0,0,0
325640392,NODE_20500DE71C38,child,4,B4:BF:E9:32:FE:91,-78,0,1252,1252,0,0,0,0,0
325739611,NODE_20500DE71C38,child,4,B4:BF:E9:32:FE:91,-79,0,1253,1253,0,0,0,0,0
325839603,NODE_20500DE71C38,child,4,B4:BF:E9:32:FE:91,-79,0,1253,1253,0,0,0,0,0
325939607,NODE_20500DE71C38,child,4,B4:BF:E9:32:FE:91,-79,0,1254,1254,0,0,0,0,0
326039608,NODE_20500DE71C38,child,4,B4:BF:E9:32:FE:91,-79,0,1254,1254,0,0,0,0,0
326139603,NODE_20500DE71C38,child,4,B4:BF:E9:32:FE:91,-79,0,1254,1254,0,0,0,0,0
326239607,NODE_20500DE71C38,child,4,B4:BF:E9:32:FE:91,-79,0,1255,1255,0,0,0,0,0
326339608,NODE_20500DE71C38,child,4,B4:BF:E9:32:FE:91,-79,0,1255,1255,0,0,0,0,0
326439603,NODE_20500DE71C38,child,4,B4:BF:E9:32:FE:91,-79,0,1256,1256,0,0,0,0,0
326539599,NODE_20500DE71C38,child,4,B4:BF:E9:32:FE:91,-79,0,1256,1256,0,0,0,0,0
326639600,NODE_20500DE71C38,child,4,B4:BF:E9:32:FE:91,-79,0,1256,1256,0,0,0,0,0
326739613,NODE_20500DE71C38,child,4,B4:BF:E9:32:FE:91,-80,0,1257,1257,0,0,0,0,0
326839607,NODE_20500DE71C38,child,4,B4:BF:E9:32:FE:91,-80,0,1257,1257,0,0,0,0,0
326939604,NODE_20500DE71C38,child,4,B4:BF:E9:32:FE:91,-80,0,1258,1258,0,0,0,0,0
327039607,NODE_20500DE71C38,child,4,B4:BF:E9:32:FE:91,-80,0,1258,1258,0,0,0,0,0
327139603,NODE_20500DE71C38,child,4,B4:BF:E9:32:FE:91,-80,0,1258,1258,0,0,0,0,0
327239608,NODE_20500DE71C38,child,4,B4:BF:E9:32:FE:91,-80,0,1259,1259,0,0,0,0,0
327339599,NODE_20500DE71C38,child,4,B4:BF:E9:32:FE:91,-80,0,1259,1259,0,0,0,0,0
327440391,NODE_20500DE71C38,child,4,B4:BF:E9:32:FE:91,-80,0,1259,1259,0,0,0,0,0
327539604,NODE_20500DE71C38,child,4,B4:BF:E9:32:FE:91,-80,0,1260,1260,0,0,0,0,0
327639599,NODE_20500DE71C38,child,4,B4:BF:E9:32:FE:91,-80,0,1260,1260,0,0,0,0,0
327739637,NODE_20500DE71C38,child,4,B4:BF:E9:32:FE:91,-79,0,1261,1261,0,0,0,0,0
327839608,NODE_20500DE71C38,child,4,B4:BF:E9:32:FE:91,-79,0,1261,1261,0,0,0,0,0
327940376,NODE_20500DE71C38,child,4,B4:BF:E9:32:FE:91,-79,0,1261,1261,0,0,0,0,0
328039603,NODE_20500DE71C38,child,4,B4:BF:E9:32:FE:91,-79,0,1262,1262,0,0,0,0,0
328139608,NODE_20500DE71C38,child,4,B4:BF:E9:32:FE:91,-79,0,1262,1262,0,0,0,0,0
328239607,NODE_20500DE71C38,child,4,B4:BF:E9:32:FE:91,-79,0,1263,1263,0,0,0,0,0
328339607,NODE_20500DE71C38,child,4,B4:BF:E9:32:FE:91,-79,0,1263,1263,0,0,0,0,0
328439600,NODE_20500DE71C38,child,4,B4:BF:E9:32:FE:91,-79,0,1263,1263,0,0,0,0,0
328539607,NODE_20500DE71C38,child,4,B4:BF:E9:32:FE:91,-79,0,1264,1264,0,0,0,0,0
328639599,NODE_20500DE71C38,child,4,B4:BF:E9:32:FE:91,-79,0,1264,1264,0,0,0,0,0
328739604,NODE_20500DE71C38,child,4,B4:BF:E9:32:FE:91,-79,0,1265,1265,0,0,0,0,0
328839613,NODE_20500DE71C38,child,4,B4:BF:E9:32:FE:91,-79,0,1265,1265,0,0,0,0,0
328939599,NODE_20500DE71C38,child,4,B4:BF:E9:32:FE:91,-79,0,1265,1265,0,0,0,0,0
329039608,NODE_20500DE71C38,child,4,B4:BF:E9:32:FE:91,-79,0,1266,1266,0,0,0,0,0
329139603,NODE_20500DE71C38,child,4,B4:BF:E9:32:FE:91,-79,0,1266,1266,0,0,0,0,0
329239607,NODE_20500DE71C38,child,4,B4:BF:E9:32:FE:91,-79,0,1267,1267,0,0,0,0,0
329339600,NODE_20500DE71C38,child,4,B4:BF:E9:32:FE:91,-79,0,1267,1267,0,0,0,0,0
329439599,NODE_20500DE71C38,child,4,B4:BF:E9:32:FE:91,-79,0,1267,1267,0,0,0,0,0
329539607,NODE_20500DE71C38,child,4,B4:BF:E9:32:FE:91,-79,0,1268,1268,0,0,0,0,0
329639600,NODE_20500DE71C38,child,4,B4:BF:E9:32:FE:91,-79,0,1268,1268,0,0,0,0,0
329739603,NODE_20500DE71C38,child,4,B4:BF:E9:32:FE:91,-79,0,1269,1269,0,0,0,0,0
329839613,NODE_20500DE71C38,child,4,B4:BF:E9:32:FE:91,-79,0,1269,1269,0,0,0,0,0
329939600,NODE_20500DE71C38,child,4,B4:BF:E9:32:FE:91,-79,0,1269,1269,0,0,0,0,0
330039603,NODE_20500DE71C38,child,4,B4:BF:E9:32:FE:91,-79,0,1270,1270,0,0,0,0,0
330139611,NODE_20500DE71C38,child,4,B4:BF:E9:32:FE:91,-79,0,1270,1270,0,0,0,0,0
330239608,NODE_20500DE71C38,child,4,B4:BF:E9:32:FE:91,-79,0,1271,1271,0,0,0,0,0
330339599,NODE_20500DE71C38,child,4,B4:BF:E9:32:FE:91,-79,0,1271,1271,0,0,0,0,0
330439599,NODE_20500DE71C38,child,4,B4:BF:E9:32:FE:91,-79,0,1271,1271,0,0,0,0,0
330539608,NODE_20500DE71C38,child,4,B4:BF:E9:32:FE:91,-79,0,1272,1272,0,0,0,0,0
330639599,NODE_20500DE71C38,child,4,B4:BF:E9:32:FE:91,-79,0,1272,1272,0,0,0,0,0
330739603,NODE_20500DE71C38,child,4,B4:BF:E9:32:FE:91,-79,0,1273,1273,0,0,0,0,0
330839615,NODE_20500DE71C38,child,4,B4:BF:E9:32:FE:91,-80,0,1273,1273,0,0,0,0,0
330939599,NODE_20500DE71C38,child,4,B4:BF:E9:32:FE:91,-80,0,1273,1273,0,0,0,0,0
331039607,NODE_20500DE71C38,child,4,B4:BF:E9:32:FE:91,-80,0,1274,1274,0,0,0,0,0
331139604,NODE_20500DE71C38,child,4,B4:BF:E9:32:FE:91,-80,0,1274,1274,0,0,0,0,0
331239607,NODE_20500DE71C38,child,4,B4:BF:E9:32:FE:91,-80,0,1275,1275,0,0,0,0,0
331339613,NODE_20500DE71C38,child,4,B4:BF:E9:32:FE:91,-80,0,1275,1275,0,0,0,0,0
331439600,NODE_20500DE71C38,child,4,B4:BF:E9:32:FE:91,-80,0,1275,1275,0,0,0,0,0
331539607,NODE_20500DE71C38,child,4,B4:BF:E9:32:FE:91,-80,0,1276,1276,0,0,0,0,0
331639599,NODE_20500DE71C38,child,4,B4:BF:E9:32:FE:91,-80,0,1276,1276,0,0,0,0,0
331739600,NODE_20500DE71C38,child,4,B4:BF:E9:32:FE:91,-80,0,1277,1277,0,0,0,0,0
331839611,NODE_20500DE71C38,child,4,B4:BF:E9:32:FE:91,-79,0,1277,1277,0,0,0,0,0
331939603,NODE_20500DE71C38,child,4,B4:BF:E9:32:FE:91,-79,0,1277,1277,0,0,0,0,0
332039608,NODE_20500DE71C38,child,4,B4:BF:E9:32:FE:91,-79,0,1278,1278,0,0,0,0,0
332140109,NODE_20500DE71C38,child,4,B4:BF:E9:32:FE:91,-79,0,1278,1278,0,0,0,0,0
332239607,NODE_20500DE71C38,child,4,B4:BF:E9:32:FE:91,-79,0,1279,1279,0,0,0,0,0
332339600,NODE_20500DE71C38,child,4,B4:BF:E9:32:FE:91,-79,0,1279,1279,0,0,0,0,0
332439599,NODE_20500DE71C38,child,4,B4:BF:E9:32:FE:91,-79,0,1279,1279,0,0,0,0,0
332539603,NODE_20500DE71C38,child,4,B4:BF:E9:32:FE:91,-79,0,1280,1280,0,0,0,0,0
332639608,NODE_20500DE71C38,child,4,B4:BF:E9:32:FE:91,-79,0,1280,1280,0,0,0,0,0
332739607,NODE_20500DE71C38,child,4,B4:BF:E9:32:FE:91,-79,0,1281,1281,0,0,0,0,0
332839599,NODE_20500DE71C38,child,4,B4:BF:E9:32:FE:91,-79,0,1281,1281,0,0,0,0,0
332939608,NODE_20500DE71C38,child,4,B4:BF:E9:32:FE:91,-79,0,1281,1281,0,0,0,0,0
333039607,NODE_20500DE71C38,child,4,B4:BF:E9:32:FE:91,-79,0,1282,1282,0,0,0,0,0
333139599,NODE_20500DE71C38,child,4,B4:BF:E9:32:FE:91,-79,0,1282,1282,0,0,0,0,0
333239612,NODE_20500DE71C38,child,4,B4:BF:E9:32:FE:91,-79,0,1283,1283,0,0,0,0,0
333339607,NODE_20500DE71C38,child,4,B4:BF:E9:32:FE:91,-79,0,1283,1283,0,0,0,0,0
333439599,NODE_20500DE71C38,child,4,B4:BF:E9:32:FE:91,-79,0,1283,1283,0,0,0,0,0
333539604,NODE_20500DE71C38,child,4,B4:BF:E9:32:FE:91,-79,0,1284,1284,0,0,0,0,0
333639603,NODE_20500DE71C38,child,4,B4:BF:E9:32:FE:91,-79,0,1284,1284,0,0,0,0,0
333739599,NODE_20500DE71C38,child,4,B4:BF:E9:32:FE:91,-79,0,1285,1285,0,0,0,0,0
333839600,NODE_20500DE71C38,child,4,B4:BF:E9:32:FE:91,-79,0,1285,1285,0,0,0,0,0
333939611,NODE_20500DE71C38,child,4,B4:BF:E9:32:FE:91,-79,0,1285,1285,0,0,0,0,0
334039607,NODE_20500DE71C38,child,4,B4:BF:E9:32:FE:91,-79,0,1286,1286,0,0,0,0,0
334139600,NODE_20500DE71C38,child,4,B4:BF:E9:32:FE:91,-79,0,1286,1286,0,0,0,0,0
334239607,NODE_20500DE71C38,child,4,B4:BF:E9:32:FE:91,-79,0,1287,1287,0,0,0,0,0
334339603,NODE_20500DE71C38,child,4,B4:BF:E9:32:FE:91,-79,0,1287,1287,0,0,0,0,0
334439600,NODE_20500DE71C38,child,4,B4:BF:E9:32:FE:91,-79,0,1287,1287,0,0,0,0,0
334539603,NODE_20500DE71C38,child,4,B4:BF:E9:32:FE:91,-79,0,1288,1288,0,0,0,0,0
334639607,NODE_20500DE71C38,child,4,B4:BF:E9:32:FE:91,-79,0,1288,1288,0,0,0,0,0
334739604,NODE_20500DE71C38,child,4,B4:BF:E9:32:FE:91,-79,0,1289,1289,0,0,0,0,0
334839599,NODE_20500DE71C38,child,4,B4:BF:E9:32:FE:91,-79,0,1289,1289,0,0,0,0,0
334939611,NODE_20500DE71C38,child,4,B4:BF:E9:32:FE:91,-79,0,1289,1289,0,0,0,0,0
335039608,NODE_20500DE71C38,child,4,B4:BF:E9:32:FE:91,-79,0,1290,1290,0,0,0,0,0
335139603,NODE_20500DE71C38,child,4,B4:BF:E9:32:FE:91,-79,0,1290,1290,0,0,0,0,0
335239607,NODE_20500DE71C38,child,4,B4:BF:E9:32:FE:91,-79,0,1291,1291,0,0,0,0,0
335339608,NODE_20500DE71C38,child,4,B4:BF:E9:32:FE:91,-79,0,1291,1291,0,0,0,0,0
335439599,NODE_20500DE71C38,child,4,B4:BF:E9:32:FE:91,-79,0,1291,1291,0,0,0,0,0
335539607,NODE_20500DE71C38,child,4,B4:BF:E9:32:FE:91,-79,0,1292,1292,0,0,0,0,0
335639600,NODE_20500DE71C38,child,4,B4:BF:E9:32:FE:91,-79,0,1292,1292,0,0,0,0,0
335739603,NODE_20500DE71C38,child,4,B4:BF:E9:32:FE:91,-79,0,1293,1293,0,0,0,0,0
335839607,NODE_20500DE71C38,child,4,B4:BF:E9:32:FE:91,-79,0,1293,1293,0,0,0,0,0
335939612,NODE_20500DE71C38,child,4,B4:BF:E9:32:FE:91,-79,0,1293,1293,0,0,0,0,0
336039607,NODE_20500DE71C38,child,4,B4:BF:E9:32:FE:91,-79,0,1294,1294,0,0,0,0,0
336139599,NODE_20500DE71C38,child,4,B4:BF:E9:32:FE:91,-79,0,1294,1294,0,0,0,0,0
336239608,NODE_20500DE71C38,child,4,B4:BF:E9:32:FE:91,-79,0,1295,1295,0,0,0,0,0
336339603,NODE_20500DE71C38,child,4,B4:BF:E9:32:FE:91,-79,0,1295,1295,0,0,0,0,0
336439599,NODE_20500DE71C38,child,4,B4:BF:E9:32:FE:91,-79,0,1295,1295,0,0,0,0,0
336539608,NODE_20500DE71C38,child,4,B4:BF:E9:32:FE:91,-79,0,1296,1296,0,0,0,0,0
336639599,NODE_20500DE71C38,child,4,B4:BF:E9:32:FE:91,-79,0,1296,1296,0,0,0,0,0
336739603,NODE_20500DE71C38,child,4,B4:BF:E9:32:FE:91,-79,0,1297,1297,0,0,0,0,0
336839604,NODE_20500DE71C38,child,4,B4:BF:E9:32:FE:91,-79,0,1297,1297,0,0,0,0,0
336939599,NODE_20500DE71C38,child,4,B4:BF:E9:32:FE:91,-79,0,1297,1297,0,0,0,0,0
337039607,NODE_20500DE71C38,child,4,B4:BF:E9:32:FE:91,-79,0,1298,1298,0,0,0,0,0
337139600,NODE_20500DE71C38,child,4,B4:BF:E9:32:FE:91,-79,0,1298,1298,0,0,0,0,0
337239607,NODE_20500DE71C38,child,4,B4:BF:E9:32:FE:91,-79,0,1299,1299,0,0,0,0,0
337339607,NODE_20500DE71C38,child,4,B4:BF:E9:32:FE:91,-79,0,1299,1299,0,0,0,0,0
337439600,NODE_20500DE71C38,child,4,B4:BF:E9:32:FE:91,-79,0,1299,1299,0,0,0,0,0
337539607,NODE_20500DE71C38,child,4,B4:BF:E9:32:FE:91,-79,0,1300,1300,0,0,0,0,0
337639599,NODE_20500DE71C38,child,4,B4:BF:E9:32:FE:91,-79,0,1300,1300,0,0,0,0,0
337739600,NODE_20500DE71C38,child,4,B4:BF:E9:32:FE:91,-79,0,1301,1301,0,0,0,0,0
337839603,NODE_20500DE71C38,child,4,B4:BF:E9:32:FE:91,-79,0,1301,1301,0,0,0,0,0
337939599,NODE_20500DE71C38,child,4,B4:BF:E9:32:FE:91,-79,0,1301,1301,0,0,0,0,0
338039612,NODE_20500DE71C38,child,4,B4:BF:E9:32:FE:91,-80,0,1302,1302,0,0,0,0,0
338139603,NODE_20500DE71C38,child,4,B4:BF:E9:32:FE:91,-80,0,1302,1302,0,0,0,0,0
338239607,NODE_20500DE71C38,child,4,B4:BF:E9:32:FE:91,-80,0,1303,1303,0,0,0,0,0
338339604,NODE_20500DE71C38,child,4,B4:BF:E9:32:FE:91,-80,0,1303,1303,0,0,0,0,0
338439603,NODE_20500DE71C38,child,4,B4:BF:E9:32:FE:91,-80,0,1303,1303,0,0,0,0,0
338539607,NODE_20500DE71C38,child,4,B4:BF:E9:32:FE:91,-80,0,1304,1304,0,0,0,0,0
338639600,NODE_20500DE71C38,child,4,B4:BF:E9:32:FE:91,-80,0,1304,1304,0,0,0,0,0
338739603,NODE_20500DE71C38,child,4,B4:BF:E9:32:FE:91,-80,0,1305,1305,0,0,0,0,0
338839599,NODE_20500DE71C38,child,4,B4:BF:E9:32:FE:91,-80,0,1305,1305,0,0,0,0,0
338939600,NODE_20500DE71C38,child,4,B4:BF:E9:32:FE:91,-80,0,1305,1305,0,0,0,0,0
339039611,NODE_20500DE71C38,child,4,B4:BF:E9:32:FE:91,-78,0,1306,1306,0,0,0,0,0
339139599,NODE_20500DE71C38,child,4,B4:BF:E9:32:FE:91,-78,0,1306,1306,0,0,0,0,0
339239604,NODE_20500DE71C38,child,4,B4:BF:E9:32:FE:91,-78,0,1307,1307,0,0,0,0,0
339339607,NODE_20500DE71C38,child,4,B4:BF:E9:32:FE:91,-78,0,1307,1307,0,0,0,0,0
339439603,NODE_20500DE71C38,child,4,B4:BF:E9:32:FE:91,-78,0,1307,1307,0,0,0,0,0
339539604,NODE_20500DE71C38,child,4,B4:BF:E9:32:FE:91,-78,0,1308,1308,0,0,0,0,0
339639609,NODE_20500DE71C38,child,4,B4:BF:E9:32:FE:91,-78,0,1308,1308,0,0,0,0,0
339739603,NODE_20500DE71C38,child,4,B4:BF:E9:32:FE:91,-78,0,1309,1309,0,0,0,0,0
339839600,NODE_20500DE71C38,child,4,B4:BF:E9:32:FE:91,-78,0,1309,1309,0,0,0,0,0
339939599,NODE_20500DE71C38,child,4,B4:BF:E9:32:FE:91,-78,0,1309,1309,0,0,0,0,0
340039611,NODE_20500DE71C38,child,4,B4:BF:E9:32:FE:91,-79,0,1310,1310,0,0,0,0,0
340139604,NODE_20500DE71C38,child,4,B4:BF:E9:32:FE:91,-79,0,1310,1310,0,0,0,0,0
340239603,NODE_20500DE71C38,child,4,B4:BF:E9:32:FE:91,-79,0,1311,1311,0,0,0,0,0
340339606,NODE_20500DE71C38,child,4,B4:BF:E9:32:FE:91,-79,0,1311,1311,0,0,0,0,0
340439604,NODE_20500DE71C38,child,4,B4:BF:E9:32:FE:91,-79,0,1311,1311,0,0,0,0,0
340539607,NODE_20500DE71C38,child,4,B4:BF:E9:32:FE:91,-79,0,1312,1312,0,0,0,0,0
340639599,NODE_20500DE71C38,child,4,B4:BF:E9:32:FE:91,-79,0,1312,1312,0,0,0,0,0
340739604,NODE_20500DE71C38,child,4,B4:BF:E9:32:FE:91,-79,0,1313,1313,0,0,0,0,0
340839599,NODE_20500DE71C38,child,4,B4:BF:E9:32:FE:91,-79,0,1313,1313,0,0,0,0,0
340939599,NODE_20500DE71C38,child,4,B4:BF:E9:32:FE:91,-79,0,1313,1313,0,0,0,0,0
341039608,NODE_20500DE71C38,child,4,B4:BF:E9:32:FE:91,-79,0,1314,1314,0,0,0,0,0
341139609,NODE_20500DE71C38,child,4,B4:BF:E9:32:FE:91,-79,0,1314,1314,0,0,0,0,0
341239607,NODE_20500DE71C38,child,4,B4:BF:E9:32:FE:91,-79,0,1315,1315,0,0,0,0,0
341339600,NODE_20500DE71C38,child,4,B4:BF:E9:32:FE:91,-79,0,1315,1315,0,0,0,0,0
341439607,NODE_20500DE71C38,child,4,B4:BF:E9:32:FE:91,-79,0,1315,1315,0,0,0,0,0
341539607,NODE_20500DE71C38,child,4,B4:BF:E9:32:FE:91,-79,0,1316,1316,0,0,0,0,0
341639612,NODE_20500DE71C38,child,4,B4:BF:E9:32:FE:91,-79,0,1316,1316,0,0,0,0,0
341739603,NODE_20500DE71C38,child,4,B4:BF:E9:32:FE:91,-79,0,1317,1317,0,0,0,0,0
341839599,NODE_20500DE71C38,child,4,B4:BF:E9:32:FE:91,-79,0,1317,1317,0,0,0,0,0
341939600,NODE_20500DE71C38,child,4,B4:BF:E9:32:FE:91,-79,0,1317,1317,0,0,0,0,0
342039599,NODE_20500DE71C38,child,4,B4:BF:E9:32:FE:91,-79,0,1318,1318,0,0,0,0,0
342139613,NODE_20500DE71C38,child,4,B4:BF:E9:32:FE:91,-79,0,1318,1318,0,0,0,0,0
342239604,NODE_20500DE71C38,child,4,B4:BF:E9:32:FE:91,-79,0,1319,1319,0,0,0,0,0
342339607,NODE_20500DE71C38,child,4,B4:BF:E9:32:FE:91,-79,0,1319,1319,0,0,0,0,0
342439603,NODE_20500DE71C38,child,4,B4:BF:E9:32:FE:91,-79,0,1319,1319,0,0,0,0,0
342539608,NODE_20500DE71C38,child,4,B4:BF:E9:32:FE:91,-79,0,1320,1320,0,0,0,0,0
342639599,NODE_20500DE71C38,child,4,B4:BF:E9:32:FE:91,-79,0,1320,1320,0,0,0,0,0
342739603,NODE_20500DE71C38,child,4,B4:BF:E9:32:FE:91,-79,0,1321,1321,0,0,0,0,0
342839604,NODE_20500DE71C38,child,4,B4:BF:E9:32:FE:91,-79,0,1321,1321,0,0,0,0,0
342939599,NODE_20500DE71C38,child,4,B4:BF:E9:32:FE:91,-79,0,1321,1321,0,0,0,0,0
343039607,NODE_20500DE71C38,child,4,B4:BF:E9:32:FE:91,-79,0,1322,1322,0,0,0,0,0
343139615,NODE_20500DE71C38,child,4,B4:BF:E9:32:FE:91,-79,0,1322,1322,0,0,0,0,0
343239607,NODE_20500DE71C38,child,4,B4:BF:E9:32:FE:91,-79,0,1323,1323,0,0,0,0,0
343339599,NODE_20500DE71C38,child,4,B4:BF:E9:32:FE:91,-79,0,1323,1323,0,0,0,0,0
343439604,NODE_20500DE71C38,child,4,B4:BF:E9:32:FE:91,-79,0,1323,1323,0,0,0,0,0
343539611,NODE_20500DE71C38,child,4,B4:BF:E9:32:FE:91,-79,0,1324,1324,0,0,0,0,0
343639599,NODE_20500DE71C38,child,4,B4:BF:E9:32:FE:91,-79,0,1324,1324,0,0,0,0,0
343739604,NODE_20500DE71C38,child,4,B4:BF:E9:32:FE:91,-79,0,1325,1325,0,0,0,0,0
343839599,NODE_20500DE71C38,child,4,B4:BF:E9:32:FE:91,-79,0,1325,1325,0,0,0,0,0
343939599,NODE_20500DE71C38,child,4,B4:BF:E9:32:FE:91,-79,0,1325,1325,0,0,0,0,0
344039608,NODE_20500DE71C38,child,4,B4:BF:E9:32:FE:91,-79,0,1326,1326,0,0,0,0,0
344139613,NODE_20500DE71C38,child,4,B4:BF:E9:32:FE:91,-79,0,1326,1326,0,0,0,0,0
344239607,NODE_20500DE71C38,child,4,B4:BF:E9:32:FE:91,-79,0,1327,1327,0,0,0,0,0
344339600,NODE_20500DE71C38,child,4,B4:BF:E9:32:FE:91,-79,0,1327,1327,0,0,0,0,0
344439603,NODE_20500DE71C38,child,4,B4:BF:E9:32:FE:91,-79,0,1327,1327,0,0,0,0,0
344539611,NODE_20500DE71C38,child,4,B4:BF:E9:32:FE:91,-79,0,1328,1328,0,0,0,0,0
344639600,NODE_20500DE71C38,child,4,B4:BF:E9:32:FE:91,-79,0,1328,1328,0,0,0,0,0
344739603,NODE_20500DE71C38,child,4,B4:BF:E9:32:FE:91,-79,0,1329,1329,0,0,0,0,0
344839607,NODE_20500DE71C38,child,4,B4:BF:E9:32:FE:91,-79,0,1329,1329,0,0,0,0,0
344939600,NODE_20500DE71C38,child,4,B4:BF:E9:32:FE:91,-79,0,1329,1329,0,0,0,0,0
345039607,NODE_20500DE71C38,child,4,B4:BF:E9:32:FE:91,-79,0,1330,1330,0,0,0,0,0
345139599,NODE_20500DE71C38,child,4,B4:BF:E9:32:FE:91,-79,0,1330,1330,0,0,0,0,0
345239608,NODE_20500DE71C38,child,4,B4:BF:E9:32:FE:91,-79,0,1331,1331,0,0,0,0,0
345339599,NODE_20500DE71C38,child,4,B4:BF:E9:32:FE:91,-79,0,1331,1331,0,0,0,0,0
345439599,NODE_20500DE71C38,child,4,B4:BF:E9:32:FE:91,-79,0,1331,1331,0,0,0,0,0
345539612,NODE_20500DE71C38,child,4,B4:BF:E9:32:FE:91,-79,0,1332,1332,0,0,0,0,0
345639599,NODE_20500DE71C38,child,4,B4:BF:E9:32:FE:91,-79,0,1332,1332,0,0,0,0,0
345739607,NODE_20500DE71C38,child,4,B4:BF:E9:32:FE:91,-79,0,1333,1333,0,0,0,0,0
345839600,NODE_20500DE71C38,child,4,B4:BF:E9:32:FE:91,-79,0,1333,1333,0,0,0,0,0
345939599,NODE_20500DE71C38,child,4,B4:BF:E9:32:FE:91,-79,0,1333,1333,0,0,0,0,0
346039603,NODE_20500DE71C38,child,4,B4:BF:E9:32:FE:91,-79,0,1334,1334,0,0,0,0,0
346139600,NODE_20500DE71C38,child,4,B4:BF:E9:32:FE:91,-79,0,1334,1334,0,0,0,0,0
346239607,NODE_20500DE71C38,child,4,B4:BF:E9:32:FE:91,-80,0,1335,1335,0,0,0,0,0
346339599,NODE_20500DE71C38,child,4,B4:BF:E9:32:FE:91,-80,0,1335,1335,0,0,0,0,0
346439600,NODE_20500DE71C38,child,4,B4:BF:E9:32:FE:91,-80,0,1335,1335,0,0,0,0,0
346539607,NODE_20500DE71C38,child,4,B4:BF:E9:32:FE:91,-80,0,1336,1336,0,0,0,0,0
346639603,NODE_20500DE71C38,child,4,B4:BF:E9:32:FE:91,-80,0,1336,1336,0,0,0,0,0
346739604,NODE_20500DE71C38,child,4,B4:BF:E9:32:FE:91,-80,0,1337,1337,0,0,0,0,0
346839607,NODE_20500DE71C38,child,4,B4:BF:E9:32:FE:91,-80,0,1337,1337,0,0,0,0,0
346939599,NODE_20500DE71C38,child,4,B4:BF:E9:32:FE:91,-80,0,1337,1337,0,0,0,0,0
347039608,NODE_20500DE71C38,child,4,B4:BF:E9:32:FE:91,-80,0,1338,1338,0,0,0,0,0
347139603,NODE_20500DE71C38,child,4,B4:BF:E9:32:FE:91,-80,0,1338,1338,0,0,0,0,0
347239607,NODE_20500DE71C38,child,4,B4:BF:E9:32:FE:91,-80,0,1339,1339,0,0,0,0,0
347339608,NODE_20500DE71C38,child,4,B4:BF:E9:32:FE:91,-80,0,1339,1339,0,0,0,0,0
347439599,NODE_20500DE71C38,child,4,B4:BF:E9:32:FE:91,-80,0,1339,1339,0,0,0,0,0
347539603,NODE_20500DE71C38,child,4,B4:BF:E9:32:FE:91,-80,0,1340,1340,0,0,0,0,0
347639608,NODE_20500DE71C38,child,4,B4:BF:E9:32:FE:91,-80,0,1340,1340,0,0,0,0,0
347739599,NODE_20500DE71C38,child,4,B4:BF:E9:32:FE:91,-80,0,1341,1341,0,0,0,0,0
347839603,NODE_20500DE71C38,child,4,B4:BF:E9:32:FE:91,-80,0,1341,1341,0,0,0,0,0
347939600,NODE_20500DE71C38,child,4,B4:BF:E9:32:FE:91,-80,0,1341,1341,0,0,0,0,0
348039607,NODE_20500DE71C38,child,4,B4:BF:E9:32:FE:91,-80,0,1342,1342,0,0,0,0,0
348139599,NODE_20500DE71C38,child,4,B4:BF:E9:32:FE:91,-80,0,1342,1342,0,0,0,0,0
348239608,NODE_20500DE71C38,child,4,B4:BF:E9:32:FE:91,-79,0,1343,1343,0,0,0,0,0
348339599,NODE_20500DE71C38,child,4,B4:BF:E9:32:FE:91,-79,0,1343,1343,0,0,0,0,0
348439599,NODE_20500DE71C38,child,4,B4:BF:E9:32:FE:91,-79,0,1343,1343,0,0,0,0,0
348539608,NODE_20500DE71C38,child,4,B4:BF:E9:32:FE:91,-79,0,1344,1344,0,0,0,0,0
348639611,NODE_20500DE71C38,child,4,B4:BF:E9:32:FE:91,-79,0,1344,1344,0,0,0,0,0
348740377,NODE_20500DE71C38,child,4,B4:BF:E9:32:FE:91,-79,0,1344,1344,0,0,0,0,0
348839604,NODE_20500DE71C38,child,4,B4:BF:E9:32:FE:91,-79,0,1345,1345,0,0,0,0,0
348939599,NODE_20500DE71C38,child,4,B4:BF:E9:32:FE:91,-79,0,1345,1345,0,0,0,0,0
349039607,NODE_20500DE71C38,child,4,B4:BF:E9:32:FE:91,-79,0,1346,1346,0,0,0,0,0
349139600,NODE_20500DE71C38,child,4,B4:BF:E9:32:FE:91,-79,0,1346,1346,0,0,0,0,0
349240373,NODE_20500DE71C38,child,4,B4:BF:E9:32:FE:91,-79,0,1346,1346,0,0,0,0,0
349339607,NODE_20500DE71C38,child,4,B4:BF:E9:32:FE:91,-79,0,1347,1347,0,0,0,0,0
349439600,NODE_20500DE71C38,child,4,B4:BF:E9:32:FE:91,-79,0,1347,1347,0,0,0,0,0
349539603,NODE_20500DE71C38,child,4,B4:BF:E9:32:FE:91,-79,0,1348,1348,0,0,0,0,0
349639607,NODE_20500DE71C38,child,4,B4:BF:E9:32:FE:91,-79,0,1348,1348,0,0,0,0,0
349739600,NODE_20500DE71C38,child,4,B4:BF:E9:32:FE:91,-79,0,1348,1348,0,0,0,0,0
349839607,NODE_20500DE71C38,child,4,B4:BF:E9:32:FE:91,-79,0,1349,1349,0,0,0,0,0
349939599,NODE_20500DE71C38,child,4,B4:BF:E9:32:FE:91,-79,0,1349,1349,0,0,0,0,0
350039608,NODE_20500DE71C38,child,4,B4:BF:E9:32:FE:91,-79,0,1350,1350,0,0,0,0,0
350139603,NODE_20500DE71C38,child,4,B4:BF:E9:32:FE:91,-79,0,1350,1350,0,0,0,0,0
350239599,NODE_20500DE71C38,child,4,B4:BF:E9:32:FE:91,-79,0,1350,1350,0,0,0,0,0
350339608,NODE_20500DE71C38,child,4,B4:BF:E9:32:FE:91,-79,0,1351,1351,0,0,0,0,0
350439599,NODE_20500DE71C38,child,4,B4:BF:E9:32:FE:91,-79,0,1351,1351,0,0,0,0,0
350539607,NODE_20500DE71C38,child,4,B4:BF:E9:32:FE:91,-79,0,1352,1352,0,0,0,0,0
350639608,NODE_20500DE71C38,child,4,B4:BF:E9:32:FE:91,-79,0,1352,1352,0,0,0,0,0
350739599,NODE_20500DE71C38,child,4,B4:BF:E9:32:FE:91,-79,0,1352,1352,0,0,0,0,0
350839607,NODE_20500DE71C38,child,4,B4:BF:E9:32:FE:91,-79,0,1353,1353,0,0,0,0,0
350939600,NODE_20500DE71C38,child,4,B4:BF:E9:32:FE:91,-79,0,1353,1353,0,0,0,0,0
351039603,NODE_20500DE71C38,child,4,B4:BF:E9:32:FE:91,-79,0,1354,1354,0,0,0,0,0
351139599,NODE_20500DE71C38,child,4,B4:BF:E9:32:FE:91,-79,0,1354,1354,0,0,0,0,0
351239607,NODE_20500DE71C38,child,4,B4:BF:E9:32:FE:91,-79,0,1354,1354,0,0,0,0,0
351339922,NODE_20500DE71C38,child,4,B4:BF:E9:32:FE:91,-78,0,1355,1355,0,0,0,0,0
351439599,NODE_20500DE71C38,child,4,B4:BF:E9:32:FE:91,-78,0,1355,1355,0,0,0,0,0
351539600,NODE_20500DE71C38,child,4,B4:BF:E9:32:FE:91,-78,0,1355,1355,0,0,0,0,0
351639607,NODE_20500DE71C38,child,4,B4:BF:E9:32:FE:91,-78,0,1356,1356,0,0,0,0,0
351739603,NODE_20500DE71C38,child,4,B4:BF:E9:32:FE:91,-78,0,1356,1356,0,0,0,0,0
351839608,NODE_20500DE71C38,child,4,B4:BF:E9:32:FE:91,-78,0,1357,1357,0,0,0,0,0
351939599,NODE_20500DE71C38,child,4,B4:BF:E9:32:FE:91,-78,0,1357,1357,0,0,0,0,0
352039599,NODE_20500DE71C38,child,4,B4:BF:E9:32:FE:91,-78,0,1357,1357,0,0,0,0,0
352139604,NODE_20500DE71C38,child,4,B4:BF:E9:32:FE:91,-78,0,1358,1358,0,0,0,0,0
352239599,NODE_20500DE71C38,child,4,B4:BF:E9:32:FE:91,-78,0,1358,1358,0,0,0,0,0
352339611,NODE_20500DE71C38,child,4,B4:BF:E9:32:FE:91,-80,0,1359,1359,0,0,0,0,0
352439600,NODE_20500DE71C38,child,4,B4:BF:E9:32:FE:91,-80,0,1359,1359,0,0,0,0,0
352539606,NODE_20500DE71C38,child,4,B4:BF:E9:32:FE:91,-80,0,1359,1359,0,0,0,0,0
352639611,NODE_20500DE71C38,child,4,B4:BF:E9:32:FE:91,-80,0,1360,1360,0,0,0,0,0
352739600,NODE_20500DE71C38,child,4,B4:BF:E9:32:FE:91,-80,0,1360,1360,0,0,0,0,0
352839603,NODE_20500DE71C38,child,4,B4:BF:E9:32:FE:91,-80,0,1361,1361,0,0,0,0,0
352939599,NODE_20500DE71C38,child,4,B4:BF:E9:32:FE:91,-80,0,1361,1361,0,0,0,0,0
353039600,NODE_20500DE71C38,child,4,B4:BF:E9:32:FE:91,-80,0,1361,1361,0,0,0,0,0
353139607,NODE_20500DE71C38,child,4,B4:BF:E9:32:FE:91,-80,0,1362,1362,0,0,0,0,0
353239607,NODE_20500DE71C38,child,4,B4:BF:E9:32:FE:91,-80,0,1362,1362,0,0,0,0,0
353339773,NODE_20500DE71C38,child,4,B4:BF:E9:32:FE:91,-79,0,1363,1363,0,0,0,0,0
353439607,NODE_20500DE71C38,child,4,B4:BF:E9:32:FE:91,-79,0,1363,1363,0,0,0,0,0
353539599,NODE_20500DE71C38,child,4,B4:BF:E9:32:FE:91,-79,0,1363,1363,0,0,0,0,0
353639608,NODE_20500DE71C38,child,4,B4:BF:E9:32:FE:91,-79,0,1364,1364,0,0,0,0,0
353739607,NODE_20500DE71C38,child,4,B4:BF:E9:32:FE:91,-79,0,1364,1364,0,0,0,0,0
353839607,NODE_20500DE71C38,child,4,B4:BF:E9:32:FE:91,-79,0,1365,1365,0,0,0,0,0
353939600,NODE_20500DE71C38,child,4,B4:BF:E9:32:FE:91,-79,0,1365,1365,0,0,0,0,0
354039599,NODE_20500DE71C38,child,4,B4:BF:E9:32:FE:91,-79,0,1365,1365,0,0,0,0,0
354139607,NODE_20500DE71C38,child,4,B4:BF:E9:32:FE:91,-79,0,1366,1366,0,0,0,0,0
354239600,NODE_20500DE71C38,child,4,B4:BF:E9:32:FE:91,-79,0,1366,1366,0,0,0,0,0
354339603,NODE_20500DE71C38,child,4,B4:BF:E9:32:FE:91,-79,0,1367,1367,0,0,0,0,0
354439607,NODE_20500DE71C38,child,4,B4:BF:E9:32:FE:91,-79,0,1367,1367,0,0,0,0,0
354539604,NODE_20500DE71C38,child,4,B4:BF:E9:32:FE:91,-79,0,1367,1367,0,0,0,0,0
354639607,NODE_20500DE71C38,child,4,B4:BF:E9:32:FE:91,-79,0,1368,1368,0,0,0,0,0
354739603,NODE_20500DE71C38,child,4,B4:BF:E9:32:FE:91,-79,0,1368,1368,0,0,0,0,0
354839608,NODE_20500DE71C38,child,4,B4:BF:E9:32:FE:91,-79,0,1369,1369,0,0,0,0,0
354939599,NODE_20500DE71C38,child,4,B4:BF:E9:32:FE:91,-79,0,1369,1369,0,0,0,0,0
355039603,NODE_20500DE71C38,child,4,B4:BF:E9:32:FE:91,-79,0,1369,1369,0,0,0,0,0
355139604,NODE_20500DE71C38,child,4,B4:BF:E9:32:FE:91,-79,0,1370,1370,0,0,0,0,0
355239599,NODE_20500DE71C38,child,4,B4:BF:E9:32:FE:91,-79,0,1370,1370,0,0,0,0,0
355339603,NODE_20500DE71C38,child,4,B4:BF:E9:32:FE:91,-79,0,1371,1371,0,0,0,0,0
355439612,NODE_20500DE71C38,child,4,B4:BF:E9:32:FE:91,-79,0,1371,1371,0,0,0,0,0
355539599,NODE_20500DE71C38,child,4,B4:BF:E9:32:FE:91,-79,0,1371,1371,0,0,0,0,0
355639607,NODE_20500DE71C38,child,4,B4:BF:E9:32:FE:91,-79,0,1372,1372,0,0,0,0,0
355739604,NODE_20500DE71C38,child,4,B4:BF:E9:32:FE:91,-79,0,1372,1372,0,0,0,0,0
355839607,NODE_20500DE71C38,child,4,B4:BF:E9:32:FE:91,-79,0,1373,1373,0,0,0,0,0
355939599,NODE_20500DE71C38,child,4,B4:BF:E9:32:FE:91,-79,0,1373,1373,0,0,0,0,0
356039600,NODE_20500DE71C38,child,4,B4:BF:E9:32:FE:91,-79,0,1373,1373,0,0,0,0,0
356139607,NODE_20500DE71C38,child,4,B4:BF:E9:32:FE:91,-79,0,1374,1374,0,0,0,0,0
356239599,NODE_20500DE71C38,child,4,B4:BF:E9:32:FE:91,-79,0,1374,1374,0,0,0,0,0
356339608,NODE_20500DE71C38,child,4,B4:BF:E9:32:FE:91,-79,0,1375,1375,0,0,0,0,0
356439611,NODE_20500DE71C38,child,4,B4:BF:E9:32:FE:91,-79,0,1375,1375,0,0,0,0,0
356539599,NODE_20500DE71C38,child,4,B4:BF:E9:32:FE:91,-79,0,1375,1375,0,0,0,0,0
356639608,NODE_20500DE71C38,child,4,B4:BF:E9:32:FE:91,-79,0,1376,1376,0,0,0,0,0
356739603,NODE_20500DE71C38,child,4,B4:BF:E9:32:FE:91,-79,0,1376,1376,0,0,0,0,0
356839599,NODE_20500DE71C38,child,4,B4:BF:E9:32:FE:91,-79,0,1377,1377,0,0,0,0,0
356939604,NODE_20500DE71C38,child,4,B4:BF:E9:32:FE:91,-79,0,1377,1377,0,0,0,0,0
357039609,NODE_20500DE71C38,child,4,B4:BF:E9:32:FE:91,-79,0,1377,1377,0,0,0,0,0
357139603,NODE_20500DE71C38,child,4,B4:BF:E9:32:FE:91,-79,0,1378,1378,0,0,0,0,0
357239600,NODE_20500DE71C38,child,4,B4:BF:E9:32:FE:91,-79,0,1378,1378,0,0,0,0,0
357339603,NODE_20500DE71C38,child,4,B4:BF:E9:32:FE:91,-79,0,1379,1379,0,0,0,0,0
357439607,NODE_20500DE71C38,child,4,B4:BF:E9:32:FE:91,-79,0,1379,1379,0,0,0,0,0
357539610,NODE_20500DE71C38,child,4,B4:BF:E9:32:FE:91,-79,0,1379,1379,0,0,0,0,0
357639607,NODE_20500DE71C38,child,4,B4:BF:E9:32:FE:91,-79,0,1380,1380,0,0,0,0,0
357739981,NODE_20500DE71C38,child,4,B4:BF:E9:32:FE:91,-79,0,1380,1380,0,0,0,0,0
357839612,NODE_20500DE71C38,child,4,B4:BF:E9:32:FE:91,-79,0,1381,1381,0,0,0,0,0
357939599,NODE_20500DE71C38,child,4,B4:BF:E9:32:FE:91,-79,0,1381,1381,0,0,0,0,0
358039599,NODE_20500DE71C38,child,4,B4:BF:E9:32:FE:91,-79,0,1381,1381,0,0,0,0,0
358139608,NODE_20500DE71C38,child,4,B4:BF:E9:32:FE:91,-79,0,1382,1382,0,0,0,0,0
358239599,NODE_20500DE71C38,child,4,B4:BF:E9:32:FE:91,-79,0,1382,1382,0,0,0,0,0
358339607,NODE_20500DE71C38,child,4,B4:BF:E9:32:FE:91,-79,0,1383,1383,0,0,0,0,0
358439600,NODE_20500DE71C38,child,4,B4:BF:E9:32:FE:91,-79,0,1383,1383,0,0,0,0,0
358539613,NODE_20500DE71C38,child,4,B4:BF:E9:32:FE:91,-80,0,1383,1383,0,0,0,0,0
358639607,NODE_20500DE71C38,child,4,B4:BF:E9:32:FE:91,-80,0,1384,1384,0,0,0,0,0
358739600,NODE_20500DE71C38,child,4,B4:BF:E9:32:FE:91,-80,0,1384,1384,0,0,0,0,0
358839611,NODE_20500DE71C38,child,4,B4:BF:E9:32:FE:91,-80,0,1385,1385,0,0,0,0,0
358939599,NODE_20500DE71C38,child,4,B4:BF:E9:32:FE:91,-80,0,1385,1385,0,0,0,0,0
359039600,NODE_20500DE71C38,child,4,B4:BF:E9:32:FE:91,-80,0,1385,1385,0,0,0,0,0
359139607,NODE_20500DE71C38,child,4,B4:BF:E9:32:FE:91,-80,0,1386,1386,0,0,0,0,0
359239599,NODE_20500DE71C38,child,4,B4:BF:E9:32:FE:91,-80,0,1386,1386,0,0,0,0,0
359339604,NODE_20500DE71C38,child,4,B4:BF:E9:32:FE:91,-80,0,1387,1387,0,0,0,0,0
359439599,NODE_20500DE71C38,child,4,B4:BF:E9:32:FE:91,-80,0,1387,1387,0,0,0,0,0
359539613,NODE_20500DE71C38,child,4,B4:BF:E9:32:FE:91,-78,0,1387,1387,0,0,0,0,0
359639604,NODE_20500DE71C38,child,4,B4:BF:E9:32:FE:91,-78,0,1388,1388,0,0,0,0,0
359739603,NODE_20500DE71C38,child,4,B4:BF:E9:32:FE:91,-78,0,1388,1388,0,0,0,0,0
359839607,NODE_20500DE71C38,child,4,B4:BF:E9:32:FE:91,-78,0,1389,1389,0,0,0,0,0
359939604,NODE_20500DE71C38,child,4,B4:BF:E9:32:FE:91,-78,0,1389,1389,0,0,0,0,0
360039599,NODE_20500DE71C38,child,4,B4:BF:E9:32:FE:91,-78,0,1389,1389,0,0,0,0,0
360139603,NODE_20500DE71C38,child,4,B4:BF:E9:32:FE:91,-78,0,1390,1390,0,0,0,0,0
360239608,NODE_20500DE71C38,child,4,B4:BF:E9:32:FE:91,-78,0,1390,1390,0,0,0,0,0
360339603,NODE_20500DE71C38,child,4,B4:BF:E9:32:FE:91,-78,0,1391,1391,0,0,0,0,0
360439603,NODE_20500DE71C38,child,4,B4:BF:E9:32:FE:91,-78,0,1391,1391,0,0,0,0,0
360539615,NODE_20500DE71C38,child,4,B4:BF:E9:32:FE:91,-79,0,1391,1391,0,0,0,0,0
360639607,NODE_20500DE71C38,child,4,B4:BF:E9:32:FE:91,-79,0,1392,1392,0,0,0,0,0
360739599,NODE_20500DE71C38,child,4,B4:BF:E9:32:FE:91,-79,0,1392,1392,0,0,0,0,0
360839608,NODE_20500DE71C38,child,4,B4:BF:E9:32:FE:91,-79,0,1393,1393,0,0,0,0,0
360939603,NODE_20500DE71C38,child,4,B4:BF:E9:32:FE:91,-79,0,1393,1393,0,0,0,0,0
361039599,NODE_20500DE71C38,child,4,B4:BF:E9:32:FE:91,-79,0,1393,1393,0,0,0,0,0
361139604,NODE_20500DE71C38,child,4,B4:BF:E9:32:FE:91,-79,0,1394,1394,0,0,0,0,0
361239602,NODE_20500DE71C38,child,4,B4:BF:E9:32:FE:91,-79,0,1394,1394,0,0,0,0,0
361339603,NODE_20500DE71C38,child,4,B4:BF:E9:32:FE:91,-79,0,1395,1395,0,0,0,0,0
361439600,NODE_20500DE71C38,child,4,B4:BF:E9:32:FE:91,-79,0,1395,1395,0,0,0,0,0
361539899,NODE_20500DE71C38,child,4,B4:BF:E9:32:FE:91,-79,0,1395,1395,0,0,0,0,0
361639607,NODE_20500DE71C38,child,4,B4:BF:E9:32:FE:91,-79,0,1396,1396,0,0,0,0,0
361739600,NODE_20500DE71C38,child,4,B4:BF:E9:32:FE:91,-79,0,1396,1396,0,0,0,0,0
361839603,NODE_20500DE71C38,child,4,B4:BF:E9:32:FE:91,-79,0,1397,1397,0,0,0,0,0
361939607,NODE_20500DE71C38,child,4,B4:BF:E9:32:FE:91,-79,0,1397,1397,0,0,0,0,0
362039600,NODE_20500DE71C38,child,4,B4:BF:E9:32:FE:91,-79,0,1397,1397,0,0,0,0,0
362139603,NODE_20500DE71C38,child,4,B4:BF:E9:32:FE:91,-79,0,1398,1398,0,0,0,0,0
362239607,NODE_20500DE71C38,child,4,B4:BF:E9:32:FE:91,-79,0,1398,1398,0,0,0,0,0
362339608,NODE_20500DE71C38,child,4,B4:BF:E9:32:FE:91,-79,0,1399,1399,0,0,0,0,0
362439599,NODE_20500DE71C38,child,4,B4:BF:E9:32:FE:91,-79,0,1399,1399,0,0,0,0,0
362539599,NODE_20500DE71C38,child,4,B4:BF:E9:32:FE:91,-79,0,1399,1399,0,0,0,0,0
362639611,NODE_20500DE71C38,child,4,B4:BF:E9:32:FE:91,-79,0,1400,1400,0,0,0,0,0
362739599,NODE_20500DE71C38,child,4,B4:BF:E9:32:FE:91,-79,0,1400,1400,0,0,0,0,0
362839614,NODE_20500DE71C38,child,4,B4:BF:E9:32:FE:91,-79,0,1401,1401,0,0,0,0,0
362939608,NODE_20500DE71C38,child,4,B4:BF:E9:32:FE:91,-79,0,1401,1401,0,0,0,0,0
363039599,NODE_20500DE71C38,child,4,B4:BF:E9:32:FE:91,-79,0,1401,1401,0,0,0,0,0
363139607,NODE_20500DE71C38,child,4,B4:BF:E9:32:FE:91,-79,0,1402,1402,0,0,0,0,0
363239600,NODE_20500DE71C38,child,4,B4:BF:E9:32:FE:91,-79,0,1402,1402,0,0,0,0,0
363339607,NODE_20500DE71C38,child,4,B4:BF:E9:32:FE:91,-79,0,1403,1403,0,0,0,0,0
363439599,NODE_20500DE71C38,child,4,B4:BF:E9:32:FE:91,-79,0,1403,1403,0,0,0,0,0
363539600,NODE_20500DE71C38,child,4,B4:BF:E9:32:FE:91,-79,0,1403,1403,0,0,0,0,0
363639613,NODE_20500DE71C38,child,4,B4:BF:E9:32:FE:91,-79,0,1404,1404,0,0,0,0,0
363739599,NODE_20500DE71C38,child,4,B4:BF:E9:32:FE:91,-79,0,1404,1404,0,0,0,0,0
363839604,NODE_20500DE71C38,child,4,B4:BF:E9:32:FE:91,-79,0,1405,1405,0,0,0,0,0
363939607,NODE_20500DE71C38,child,4,B4:BF:E9:32:FE:91,-79,0,1405,1405,0,0,0,0,0
364039611,NODE_20500DE71C38,child,4,B4:BF:E9:32:FE:91,-79,0,1405,1405,0,0,0,0,0
364139604,NODE_20500DE71C38,child,4,B4:BF:E9:32:FE:91,-79,0,1406,1406,0,0,0,0,0
364239603,NODE_20500DE71C38,child,4,B4:BF:E9:32:FE:91,-79,0,1406,1406,0,0,0,0,0
364339603,NODE_20500DE71C38,child,4,B4:BF:E9:32:FE:91,-79,0,1407,1407,0,0,0,0,0
364439600,NODE_20500DE71C38,child,4,B4:BF:E9:32:FE:91,-79,0,1407,1407,0,0,0,0,0
364539599,NODE_20500DE71C38,child,4,B4:BF:E9:32:FE:91,-79,0,1407,1407,0,0,0,0,0
364639613,NODE_20500DE71C38,child,4,B4:BF:E9:32:FE:91,-79,0,1408,1408,0,0,0,0,0
364739600,NODE_20500DE71C38,child,4,B4:BF:E9:32:FE:91,-79,0,1408,1408,0,0,0,0,0
364839607,NODE_20500DE71C38,child,4,B4:BF:E9:32:FE:91,-79,0,1409,1409,0,0,0,0,0
364939603,NODE_20500DE71C38,child,4,B4:BF:E9:32:FE:91,-79,0,1409,1409,0,0,0,0,0
365039604,NODE_20500DE71C38,child,4,B4:BF:E9:32:FE:91,-79,0,1409,1409,0,0,0,0,0
365139607,NODE_20500DE71C38,child,4,B4:BF:E9:32:FE:91,-79,0,1410,1410,0,0,0,0,0
365239599,NODE_20500DE71C38,child,4,B4:BF:E9:32:FE:91,-79,0,1410,1410,0,0,0,0,0
365339608,NODE_20500DE71C38,child,4,B4:BF:E9:32:FE:91,-79,0,1411,1411,0,0,0,0,0
365439599,NODE_20500DE71C38,child,4,B4:BF:E9:32:FE:91,-79,0,1411,1411,0,0,0,0,0
365539599,NODE_20500DE71C38,child,4,B4:BF:E9:32:FE:91,-79,0,1411,1411,0,0,0,0,0
365639615,NODE_20500DE71C38,child,4,B4:BF:E9:32:FE:91,-79,0,1412,1412,0,0,0,0,0
365739599,NODE_20500DE71C38,child,4,B4:BF:E9:32:FE:91,-79,0,1412,1412,0,0,0,0,0
365839607,NODE_20500DE71C38,child,4,B4:BF:E9:32:FE:91,-79,0,1413,1413,0,0,0,0,0
365939604,NODE_20500DE71C38,child,4,B4:BF:E9:32:FE:91,-79,0,1413,1413,0,0,0,0,0
366039607,NODE_20500DE71C38,child,4,B4:BF:E9:32:FE:91,-79,0,1413,1413,0,0,0,0,0
366139607,NODE_20500DE71C38,child,4,B4:BF:E9:32:FE:91,-79,0,1414,1414,0,0,0,0,0
366239600,NODE_20500DE71C38,child,4,B4:BF:E9:32:FE:91,-79,0,1414,1414,0,0,0,0,0
366339603,NODE_20500DE71C38,child,4,B4:BF:E9:32:FE:91,-79,0,1415,1415,0,0,0,0,0
366439599,NODE_20500DE71C38,child,4,B4:BF:E9:32:FE:91,-79,0,1415,1415,0,0,0,0,0
366539600,NODE_20500DE71C38,child,4,B4:BF:E9:32:FE:91,-79,0,1415,1415,0,0,0,0,0
366639607,NODE_20500DE71C38,child,4,B4:BF:E9:32:FE:91,-79,0,1416,1416,0,0,0,0,0
366739613,NODE_20500DE71C38,child,4,B4:BF:E9:32:FE:91,-79,0,1416,1416,0,0,0,0,0
366839608,NODE_20500DE71C38,child,4,B4:BF:E9:32:FE:91,-79,0,1417,1417,0,0,0,0,0
366939599,NODE_20500DE71C38,child,4,B4:BF:E9:32:FE:91,-79,0,1417,1417,0,0,0,0,0
367039607,NODE_20500DE71C38,child,4,B4:BF:E9:32:FE:91,-79,0,1417,1417,0,0,0,0,0
367139604,NODE_20500DE71C38,child,4,B4:BF:E9:32:FE:91,-79,0,1418,1418,0,0,0,0,0
367239607,NODE_20500DE71C38,child,4,B4:BF:E9:32:FE:91,-79,0,1418,1418,0,0,0,0,0
367339607,NODE_20500DE71C38,child,4,B4:BF:E9:32:FE:91,-79,0,1419,1419,0,0,0,0,0
367439600,NODE_20500DE71C38,child,4,B4:BF:E9:32:FE:91,-79,0,1419,1419,0,0,0,0,0
367539599,NODE_20500DE71C38,child,4,B4:BF:E9:32:FE:91,-79,0,1419,1419,0,0,0,0,0
367639607,NODE_20500DE71C38,child,4,B4:BF:E9:32:FE:91,-79,0,1420,1420,0,0,0,0,0
367739615,NODE_20500DE71C38,child,4,B4:BF:E9:32:FE:91,-80,0,1420,1420,0,0,0,0,0
367839607,NODE_20500DE71C38,child,4,B4:BF:E9:32:FE:91,-80,0,1421,1421,0,0,0,0,0
367939599,NODE_20500DE71C38,child,4,B4:BF:E9:32:FE:91,-80,0,1421,1421,0,0,0,0,0
368039604,NODE_20500DE71C38,child,4,B4:BF:E9:32:FE:91,-80,0,1421,1421,0,0,0,0,0
368139607,NODE_20500DE71C38,child,4,B4:BF:E9:32:FE:91,-80,0,1422,1422,0,0,0,0,0
368239599,NODE_20500DE71C38,child,4,B4:BF:E9:32:FE:91,-80,0,1422,1422,0,0,0,0,0
368339604,NODE_20500DE71C38,child,4,B4:BF:E9:32:FE:91,-80,0,1423,1423,0,0,0,0,0
368439602,NODE_20500DE71C38,child,4,B4:BF:E9:32:FE:91,-80,0,1423,1423,0,0,0,0,0
368539607,NODE_20500DE71C38,child,4,B4:BF:E9:32:FE:91,-80,0,1423,1423,0,0,0,0,0
368639608,NODE_20500DE71C38,child,4,B4:BF:E9:32:FE:91,-80,0,1424,1424,0,0,0,0,0
368739613,NODE_20500DE71C38,child,4,B4:BF:E9:32:FE:91,-80,0,1424,1424,0,0,0,0,0
368839607,NODE_20500DE71C38,child,4,B4:BF:E9:32:FE:91,-80,0,1425,1425,0,0,0,0,0
368939600,NODE_20500DE71C38,child,4,B4:BF:E9:32:FE:91,-80,0,1425,1425,0,0,0,0,0
369039603,NODE_20500DE71C38,child,4,B4:BF:E9:32:FE:91,-80,0,1425,1425,0,0,0,0,0
369139607,NODE_20500DE71C38,child,4,B4:BF:E9:32:FE:91,-80,0,1426,1426,0,0,0,0,0
369239608,NODE_20500DE71C38,child,4,B4:BF:E9:32:FE:91,-80,0,1426,1426,0,0,0,0,0
369339599,NODE_20500DE71C38,child,4,B4:BF:E9:32:FE:91,-80,0,1427,1427,0,0,0,0,0
369439603,NODE_20500DE71C38,child,4,B4:BF:E9:32:FE:91,-80,0,1427,1427,0,0,0,0,0
369539600,NODE_20500DE71C38,child,4,B4:BF:E9:32:FE:91,-80,0,1427,1427,0,0,0,0,0
369639603,NODE_20500DE71C38,child,4,B4:BF:E9:32:FE:91,-80,0,1428,1428,0,0,0,0,0
369739613,NODE_20500DE71C38,child,4,B4:BF:E9:32:FE:91,-79,0,1428,1428,0,0,0,0,0
369839608,NODE_20500DE71C38,child,4,B4:BF:E9:32:FE:91,-79,0,1429,1429,0,0,0,0,0
369939599,NODE_20500DE71C38,child,4,B4:BF:E9:32:FE:91,-79,0,1429,1429,0,0,0,0,0
370039603,NODE_20500DE71C38,child,4,B4:BF:E9:32:FE:91,-79,0,1429,1429,0,0,0,0,0
370139612,NODE_20500DE71C38,child,4,B4:BF:E9:32:FE:91,-79,0,1430,1430,0,0,0,0,0
370239599,NODE_20500DE71C38,child,4,B4:BF:E9:32:FE:91,-79,0,1430,1430,0,0,0,0,0
370339603,NODE_20500DE71C38,child,4,B4:BF:E9:32:FE:91,-79,0,1431,1431,0,0,0,0,0
370439600,NODE_20500DE71C38,child,4,B4:BF:E9:32:FE:91,-79,0,1431,1431,0,0,0,0,0
370539607,NODE_20500DE71C38,child,4,B4:BF:E9:32:FE:91,-79,0,1431,1431,0,0,0,0,0
370639607,NODE_20500DE71C38,child,4,B4:BF:E9:32:FE:91,-79,0,1432,1432,0,0,0,0,0
370739600,NODE_20500DE71C38,child,4,B4:BF:E9:32:FE:91,-79,0,1432,1432,0,0,0,0,0
370839607,NODE_20500DE71C38,child,4,B4:BF:E9:32:FE:91,-79,0,1433,1433,0,0,0,0,0
370939599,NODE_20500DE71C38,child,4,B4:BF:E9:32:FE:91,-79,0,1433,1433,0,0,0,0,0
371039604,NODE_20500DE71C38,child,4,B4:BF:E9:32:FE:91,-79,0,1433,1433,0,0,0,0,0
371139611,NODE_20500DE71C38,child,4,B4:BF:E9:32:FE:91,-79,0,1434,1434,0,0,0,0,0
371239602,NODE_20500DE71C38,child,4,B4:BF:E9:32:FE:91,-79,0,1434,1434,0,0,0,0,0
371339604,NODE_20500DE71C38,child,4,B4:BF:E9:32:FE:91,-79,0,1435,1435,0,0,0,0,0
371439599,NODE_20500DE71C38,child,4,B4:BF:E9:32:FE:91,-79,0,1435,1435,0,0,0,0,0
371539599,NODE_20500DE71C38,child,4,B4:BF:E9:32:FE:91,-79,0,1435,1435,0,0,0,0,0
371639608,NODE_20500DE71C38,child,4,B4:BF:E9:32:FE:91,-79,0,1436,1436,0,0,0,0,0
371739599,NODE_20500DE71C38,child,4,B4:BF:E9:32:FE:91,-79,0,1436,1436,0,0,0,0,0
371839607,NODE_20500DE71C38,child,4,B4:BF:E9:32:FE:91,-79,0,1437,1437,0,0,0,0,0
371939600,NODE_20500DE71C38,child,4,B4:BF:E9:32:FE:91,-79,0,1437,1437,0,0,0,0,0
372039599,NODE_20500DE71C38,child,4,B4:BF:E9:32:FE:91,-79,0,1437,1437,0,0,0,0,0
372139603,NODE_20500DE71C38,child,4,B4:BF:E9:32:FE:91,-79,0,1438,1438,0,0,0,0,0
372239608,NODE_20500DE71C38,child,4,B4:BF:E9:32:FE:91,-79,0,1438,1438,0,0,0,0,0
372339607,NODE_20500DE71C38,child,4,B4:BF:E9:32:FE:91,-79,0,1439,1439,0,0,0,0,0
372439599,NODE_20500DE71C38,child,4,B4:BF:E9:32:FE:91,-79,0,1439,1439,0,0,0,0,0
372539600,NODE_20500DE71C38,child,4,B4:BF:E9:32:FE:91,-79,0,1439,1439,0,0,0,0,0
372639603,NODE_20500DE71C38,child,4,B4:BF:E9:32:FE:91,-79,0,1440,1440,0,0,0,0,0
372739599,NODE_20500DE71C38,child,4,B4:BF:E9:32:FE:91,-79,0,1440,1440,0,0,0,0,0
372839608,NODE_20500DE71C38,child,4,B4:BF:E9:32:FE:91,-79,0,1441,1441,0,0,0,0,0
372939599,NODE_20500DE71C38,child,4,B4:BF:E9:32:FE:91,-79,0,1441,1441,0,0,0,0,0
373039607,NODE_20500DE71C38,child,4,B4:BF:E9:32:FE:91,-79,0,1441,1441,0,0,0,0,0
373139608,NODE_20500DE71C38,child,4,B4:BF:E9:32:FE:91,-79,0,1442,1442,0,0,0,0,0
373239603,NODE_20500DE71C38,child,4,B4:BF:E9:32:FE:91,-79,0,1442,1442,0,0,0,0,0
373340373,NODE_20500DE71C38,child,4,B4:BF:E9:32:FE:91,-79,0,1442,1442,0,0,0,0,0
373439604,NODE_20500DE71C38,child,4,B4:BF:E9:32:FE:91,-79,0,1443,1443,0,0,0,0,0
373539599,NODE_20500DE71C38,child,4,B4:BF:E9:32:FE:91,-79,0,1443,1443,0,0,0,0,0
373639607,NODE_20500DE71C38,child,4,B4:BF:E9:32:FE:91,-79,0,1444,1444,0,0,0,0,0
373739600,NODE_20500DE71C38,child,4,B4:BF:E9:32:FE:91,-79,0,1444,1444,0,0,0,0,0
373840373,NODE_20500DE71C38,child,4,B4:BF:E9:32:FE:91,-79,0,1444,1444,0,0,0,0,0
373939607,NODE_20500DE71C38,child,4,B4:BF:E9:32:FE:91,-79,0,1445,1445,0,0,0,0,0
374039600,NODE_20500DE71C38,child,4,B4:BF:E9:32:FE:91,-79,0,1445,1445,0,0,0,0,0
374139607,NODE_20500DE71C38,child,4,B4:BF:E9:32:FE:91,-79,0,1446,1446,0,0,0,0,0
374239603,NODE_20500DE71C38,child,4,B4:BF:E9:32:FE:91,-79,0,1446,1446,0,0,0,0,0
374340373,NODE_20500DE71C38,child,4,B4:BF:E9:32:FE:91,-79,0,1446,1446,0,0,0,0,0
374439607,NODE_20500DE71C38,child,4,B4:BF:E9:32:FE:91,-79,0,1447,1447,0,0,0,0,0
374539599,NODE_20500DE71C38,child,4,B4:BF:E9:32:FE:91,-79,0,1447,1447,0,0,0,0,0
374639608,NODE_20500DE71C38,child,4,B4:BF:E9:32:FE:91,-79,0,1448,1448,0,0,0,0,0
374739599,NODE_20500DE71C38,child,4,B4:BF:E9:32:FE:91,-79,0,1448,1448,0,0,0,0,0
374840611,NODE_20500DE71C38,child,4,B4:BF:E9:32:FE:91,-79,0,1448,1448,0,0,0,0,0
374939608,NODE_20500DE71C38,child,4,B4:BF:E9:32:FE:91,-79,0,1449,1449,0,0,0,0,0
375039599,NODE_20500DE71C38,child,4,B4:BF:E9:32:FE:91,-79,0,1449,1449,0,0,0,0,0
375139607,NODE_20500DE71C38,child,4,B4:BF:E9:32:FE:91,-79,0,1450,1450,0,0,0,0,0
375239608,NODE_20500DE71C38,child,4,B4:BF:E9:32:FE:91,-79,0,1450,1450,0,0,0,0,0
375339599,NODE_20500DE71C38,child,4,B4:BF:E9:32:FE:91,-79,0,1450,1450,0,0,0,0,0
375439603,NODE_20500DE71C38,child,4,B4:BF:E9:32:FE:91,-79,0,1451,1451,0,0,0,0,0
375539608,NODE_20500DE71C38,child,4,B4:BF:E9:32:FE:91,-79,0,1451,1451,0,0,0,0,0
375639603,NODE_20500DE71C38,child,4,B4:BF:E9:32:FE:91,-79,0,1452,1452,0,0,0,0,0
375739599,NODE_20500DE71C38,child,4,B4:BF:E9:32:FE:91,-79,0,1452,1452,0,0,0,0,0
375839604,NODE_20500DE71C38,child,4,B4:BF:E9:32:FE:91,-79,0,1452,1452,0,0,0,0,0
375939613,NODE_20500DE71C38,child,4,B4:BF:E9:32:FE:91,-79,0,1453,1453,0,0,0,0,0
376039599,NODE_20500DE71C38,child,4,B4:BF:E9:32:FE:91,-79,0,1453,1453,0,0,0,0,0
376139608,NODE_20500DE71C38,child,4,B4:BF:E9:32:FE:91,-79,0,1454,1454,0,0,0,0,0
376239603,NODE_20500DE71C38,child,4,B4:BF:E9:32:FE:91,-79,0,1454,1454,0,0,0,0,0
376339603,NODE_20500DE71C38,child,4,B4:BF:E9:32:FE:91,-79,0,1454,1454,0,0,0,0,0
376439608,NODE_20500DE71C38,child,4,B4:BF:E9:32:FE:91,-79,0,1455,1455,0,0,0,0,0
376539599,NODE_20500DE71C38,child,4,B4:BF:E9:32:FE:91,-79,0,1455,1455,0,0,0,0,0
376639603,NODE_20500DE71C38,child,4,B4:BF:E9:32:FE:91,-79,0,1456,1456,0,0,0,0,0
376739600,NODE_20500DE71C38,child,4,B4:BF:E9:32:FE:91,-79,0,1456,1456,0,0,0,0,0
376839607,NODE_20500DE71C38,child,4,B4:BF:E9:32:FE:91,-79,0,1456,1456,0,0,0,0,0
376939613,NODE_20500DE71C38,child,4,B4:BF:E9:32:FE:91,-79,0,1457,1457,0,0,0,0,0
377039600,NODE_20500DE71C38,child,4,B4:BF:E9:32:FE:91,-79,0,1457,1457,0,0,0,0,0
377139607,NODE_20500DE71C38,child,4,B4:BF:E9:32:FE:91,-79,0,1458,1458,0,0,0,0,0
377239603,NODE_20500DE71C38,child,4,B4:BF:E9:32:FE:91,-79,0,1458,1458,0,0,0,0,0
377339608,NODE_20500DE71C38,child,4,B4:BF:E9:32:FE:91,-79,0,1458,1458,0,0,0,0,0
377439603,NODE_20500DE71C38,child,4,B4:BF:E9:32:FE:91,-79,0,1459,1459,0,0,0,0,0
377539607,NODE_20500DE71C38,child,4,B4:BF:E9:32:FE:91,-79,0,1459,1459,0,0,0,0,0
377639604,NODE_20500DE71C38,child,4,B4:BF:E9:32:FE:91,-79,0,1460,1460,0,0,0,0,0
377739603,NODE_20500DE71C38,child,4,B4:BF:E9:32:FE:91,-79,0,1460,1460,0,0,0,0,0
377839599,NODE_20500DE71C38,child,4,B4:BF:E9:32:FE:91,-79,0,1460,1460,0,0,0,0,0
377939615,NODE_20500DE71C38,child,4,B4:BF:E9:32:FE:91,-79,0,1461,1461,0,0,0,0,0
378039599,NODE_20500DE71C38,child,4,B4:BF:E9:32:FE:91,-79,0,1461,1461,0,0,0,0,0
378139607,NODE_20500DE71C38,child,4,B4:BF:E9:32:FE:91,-79,0,1462,1462,0,0,0,0,0
378239608,NODE_20500DE71C38,child,4,B4:BF:E9:32:FE:91,-79,0,1462,1462,0,0,0,0,0
378339603,NODE_20500DE71C38,child,4,B4:BF:E9:32:FE:91,-79,0,1462,1462,0,0,0,0,0
378439607,NODE_20500DE71C38,child,4,B4:BF:E9:32:FE:91,-79,0,1463,1463,0,0,0,0,0
378539600,NODE_20500DE71C38,child,4,B4:BF:E9:32:FE:91,-79,0,1463,1463,0,0,0,0,0
378639599,NODE_20500DE71C38,child,4,B4:BF:E9:32:FE:91,-79,0,1464,1464,0,0,0,0,0
378739599,NODE_20500DE71C38,child,4,B4:BF:E9:32:FE:91,-79,0,1464,1464,0,0,0,0,0
378839604,NODE_20500DE71C38,child,4,B4:BF:E9:32:FE:91,-79,0,1464,1464,0,0,0,0,0
378939609,NODE_20500DE71C38,child,4,B4:BF:E9:32:FE:91,-79,0,1465,1465,0,0,0,0,0
379039611,NODE_20500DE71C38,child,4,B4:BF:E9:32:FE:91,-79,0,1465,1465,0,0,0,0,0
379139608,NODE_20500DE71C38,child,4,B4:BF:E9:32:FE:91,-79,0,1466,1466,0,0,0,0,0
379239599,NODE_20500DE71C38,child,4,B4:BF:E9:32:FE:91,-79,0,1466,1466,0,0,0,0,0
379339607,NODE_20500DE71C38,child,4,B4:BF:E9:32:FE:91,-79,0,1466,1466,0,0,0,0,0
379439608,NODE_20500DE71C38,child,4,B4:BF:E9:32:FE:91,-79,0,1467,1467,0,0,0,0,0
379539599,NODE_20500DE71C38,child,4,B4:BF:E9:32:FE:91,-79,0,1467,1467,0,0,0,0,0
379639603,NODE_20500DE71C38,child,4,B4:BF:E9:32:FE:91,-79,0,1468,1468,0,0,0,0,0
379739600,NODE_20500DE71C38,child,4,B4:BF:E9:32:FE:91,-79,0,1468,1468,0,0,0,0,0
379839599,NODE_20500DE71C38,child,4,B4:BF:E9:32:FE:91,-79,0,1468,1468,0,0,0,0,0
379939603,NODE_20500DE71C38,child,4,B4:BF:E9:32:FE:91,-79,0,1469,1469,0,0,0,0,0
380039615,NODE_20500DE71C38,child,4,B4:BF:E9:32:FE:91,-79,0,1469,1469,0,0,0,0,0
380139607,NODE_20500DE71C38,child,4,B4:BF:E9:32:FE:91,-79,0,1470,1470,0,0,0,0,0
380239599,NODE_20500DE71C38,child,4,B4:BF:E9:32:FE:91,-79,0,1470,1470,0,0,0,0,0
380339604,NODE_20500DE71C38,child,4,B4:BF:E9:32:FE:91,-79,0,1470,1470,0,0,0,0,0
380439607,NODE_20500DE71C38,child,4,B4:BF:E9:32:FE:91,-79,0,1471,1471,0,0,0,0,0
380539599,NODE_20500DE71C38,child,4,B4:BF:E9:32:FE:91,-79,0,1471,1471,0,0,0,0,0
380639608,NODE_20500DE71C38,child,4,B4:BF:E9:32:FE:91,-79,0,1471,1471,0,0,0,0,0
380739603,NODE_20500DE71C38,child,4,B4:BF:E9:32:FE:91,-79,0,1472,1472,0,0,0,0,0
380839603,NODE_20500DE71C38,child,4,B4:BF:E9:32:FE:91,-79,0,1472,1472,0,0,0,0,0
380939600,NODE_20500DE71C38,child,4,B4:BF:E9:32:FE:91,-79,0,1472,1472,0,0,0,0,0
381039613,NODE_20500DE71C38,child,4,B4:BF:E9:32:FE:91,-79,0,1473,1473,0,0,0,0,0
381139599,NODE_20500DE71C38,child,4,B4:BF:E9:32:FE:91,-79,0,1473,1473,0,0,0,0,0
381239608,NODE_20500DE71C38,child,4,B4:BF:E9:32:FE:91,-79,0,1474,1474,0,0,0,0,0
381339609,NODE_20500DE71C38,child,4,B4:BF:E9:32:FE:91,-79,0,1474,1474,0,0,0,0,0
381439599,NODE_20500DE71C38,child,4,B4:BF:E9:32:FE:91,-79,0,1474,1474,0,0,0,0,0
381539604,NODE_20500DE71C38,child,4,B4:BF:E9:32:FE:91,-79,0,1475,1475,0,0,0,0,0
381639599,NODE_20500DE71C38,child,4,B4:BF:E9:32:FE:91,-79,0,1475,1475,0,0,0,0,0
381739603,NODE_20500DE71C38,child,4,B4:BF:E9:32:FE:91,-79,0,1476,1476,0,0,0,0,0
381839600,NODE_20500DE71C38,child,4,B4:BF:E9:32:FE:91,-79,0,1476,1476,0,0,0,0,0
381939599,NODE_20500DE71C38,child,4,B4:BF:E9:32:FE:91,-79,0,1476,1476,0,0,0,0,0
382039611,NODE_20500DE71C38,child,4,B4:BF:E9:32:FE:91,-79,0,1477,1477,0,0,0,0,0
382139600,NODE_20500DE71C38,child,4,B4:BF:E9:32:FE:91,-79,0,1477,1477,0,0,0,0,0
382239603,NODE_20500DE71C38,child,4,B4:BF:E9:32:FE:91,-79,0,1478,1478,0,0,0,0,0
382339603,NODE_20500DE71C38,child,4,B4:BF:E9:32:FE:91,-79,0,1478,1478,0,0,0,0,0
382439600,NODE_20500DE71C38,child,4,B4:BF:E9:32:FE:91,-79,0,1478,1478,0,0,0,0,0
382539603,NODE_20500DE71C38,child,4,B4:BF:E9:32:FE:91,-79,0,1479,1479,0,0,0,0,0
382639606,NODE_20500DE71C38,child,4,B4:BF:E9:32:FE:91,-79,0,1479,1479,0,0,0,0,0
382739604,NODE_20500DE71C38,child,4,B4:BF:E9:32:FE:91,-79,0,1480,1480,0,0,0,0,0
382839603,NODE_20500DE71C38,child,4,B4:BF:E9:32:FE:91,-79,0,1480,1480,0,0,0,0,0
382939599,NODE_20500DE71C38,child,4,B4:BF:E9:32:FE:91,-79,0,1480,1480,0,0,0,0,0
383039612,NODE_20500DE71C38,child,4,B4:BF:E9:32:FE:91,-79,0,1481,1481,0,0,0,0,0
383139607,NODE_20500DE71C38,child,4,B4:BF:E9:32:FE:91,-79,0,1481,1481,0,0,0,0,0
383239607,NODE_20500DE71C38,child,4,B4:BF:E9:32:FE:91,-79,0,1482,1482,0,0,0,0,0
383339896,NODE_20500DE71C38,child,4,B4:BF:E9:32:FE:91,-79,0,1482,1482,0,0,0,0,0
383439599,NODE_20500DE71C38,child,4,B4:BF:E9:32:FE:91,-79,0,1482,1482,0,0,0,0,0
383539603,NODE_20500DE71C38,child,4,B4:BF:E9:32:FE:91,-79,0,1483,1483,0,0,0,0,0
383639600,NODE_20500DE71C38,child,4,B4:BF:E9:32:FE:91,-79,0,1483,1483,0,0,0,0,0
383739603,NODE_20500DE71C38,child,4,B4:BF:E9:32:FE:91,-79,0,1484,1484,0,0,0,0,0
383839603,NODE_20500DE71C38,child,4,B4:BF:E9:32:FE:91,-79,0,1484,1484,0,0,0,0,0
383939600,NODE_20500DE71C38,child,4,B4:BF:E9:32:FE:91,-79,0,1484,1484,0,0,0,0,0
384039603,NODE_20500DE71C38,child,4,B4:BF:E9:32:FE:91,-79,0,1485,1485,0,0,0,0,0
384139611,NODE_20500DE71C38,child,4,B4:BF:E9:32:FE:91,-79,0,1485,1485,0,0,0,0,0
384239608,NODE_20500DE71C38,child,4,B4:BF:E9:32:FE:91,-79,0,1486,1486,0,0,0,0,0
384339607,NODE_20500DE71C38,child,4,B4:BF:E9:32:FE:91,-79,0,1486,1486,0,0,0,0,0
384439603,NODE_20500DE71C38,child,4,B4:BF:E9:32:FE:91,-79,0,1486,1486,0,0,0,0,0
384539608,NODE_20500DE71C38,child,4,B4:BF:E9:32:FE:91,-79,0,1487,1487,0,0,0,0,0
384639599,NODE_20500DE71C38,child,4,B4:BF:E9:32:FE:91,-79,0,1487,1487,0,0,0,0,0
384739603,NODE_20500DE71C38,child,4,B4:BF:E9:32:FE:91,-79,0,1488,1488,0,0,0,0,0
384839600,NODE_20500DE71C38,child,4,B4:BF:E9:32:FE:91,-79,0,1488,1488,0,0,0,0,0
384939599,NODE_20500DE71C38,child,4,B4:BF:E9:32:FE:91,-79,0,1488,1488,0,0,0,0,0
385039603,NODE_20500DE71C38,child,4,B4:BF:E9:32:FE:91,-79,0,1489,1489,0,0,0,0,0
385139612,NODE_20500DE71C38,child,4,B4:BF:E9:32:FE:91,-79,0,1489,1489,0,0,0,0,0
385239607,NODE_20500DE71C38,child,4,B4:BF:E9:32:FE:91,-79,0,1490,1490,0,0,0,0,0
385339599,NODE_20500DE71C38,child,4,B4:BF:E9:32:FE:91,-79,0,1490,1490,0,0,0,0,0
385439604,NODE_20500DE71C38,child,4,B4:BF:E9:32:FE:91,-79,0,1490,1490,0,0,0,0,0
385539603,NODE_20500DE71C38,child,4,B4:BF:E9:32:FE:91,-79,0,1491,1491,0,0,0,0,0
385639599,NODE_20500DE71C38,child,4,B4:BF:E9:32:FE:91,-79,0,1491,1491,0,0,0,0,0
385739604,NODE_20500DE71C38,child,4,B4:BF:E9:32:FE:91,-79,0,1492,1492,0,0,0,0,0
385839603,NODE_20500DE71C38,child,4,B4:BF:E9:32:FE:91,-79,0,1492,1492,0,0,0,0,0
385939599,NODE_20500DE71C38,child,4,B4:BF:E9:32:FE:91,-79,0,1492,1492,0,0,0,0,0
386039604,NODE_20500DE71C38,child,4,B4:BF:E9:32:FE:91,-79,0,1493,1493,0,0,0,0,0
386139611,NODE_20500DE71C38,child,4,B4:BF:E9:32:FE:91,-79,0,1493,1493,0,0,0,0,0
386239607,NODE_20500DE71C38,child,4,B4:BF:E9:32:FE:91,-79,0,1494,1494,0,0,0,0,0
386339600,NODE_20500DE71C38,child,4,B4:BF:E9:32:FE:91,-79,0,1494,1494,0,0,0,0,0
386439603,NODE_20500DE71C38,child,4,B4:BF:E9:32:FE:91,-79,0,1494,1494,0,0,0,0,0
386539606,NODE_20500DE71C38,child,4,B4:BF:E9:32:FE:91,-79,0,1495,1495,0,0,0,0,0
386639600,NODE_20500DE71C38,child,4,B4:BF:E9:32:FE:91,-79,0,1495,1495,0,0,0,0,0
386739603,NODE_20500DE71C38,child,4,B4:BF:E9:32:FE:91,-79,0,1496,1496,0,0,0,0,0
386839599,NODE_20500DE71C38,child,4,B4:BF:E9:32:FE:91,-79,0,1496,1496,0,0,0,0,0
386939600,NODE_20500DE71C38,child,4,B4:BF:E9:32:FE:91,-79,0,1496,1496,0,0,0,0,0
387039603,NODE_20500DE71C38,child,4,B4:BF:E9:32:FE:91,-79,0,1497,1497,0,0,0,0,0
387139611,NODE_20500DE71C38,child,4,B4:BF:E9:32:FE:91,-79,0,1497,1497,0,0,0,0,0
387239604,NODE_20500DE71C38,child,4,B4:BF:E9:32:FE:91,-79,0,1498,1498,0,0,0,0,0
387339599,NODE_20500DE71C38,child,4,B4:BF:E9:32:FE:91,-79,0,1498,1498,0,0,0,0,0
387439607,NODE_20500DE71C38,child,4,B4:BF:E9:32:FE:91,-79,0,1498,1498,0,0,0,0,0
387539604,NODE_20500DE71C38,child,4,B4:BF:E9:32:FE:91,-79,0,1499,1499,0,0,0,0,0
387639606,NODE_20500DE71C38,child,4,B4:BF:E9:32:FE:91,-79,0,1499,1499,0,0,0,0,0
387739603,NODE_20500DE71C38,child,4,B4:BF:E9:32:FE:91,-79,0,1500,1500,0,0,0,0,0
387839600,NODE_20500DE71C38,child,4,B4:BF:E9:32:FE:91,-79,0,1500,1500,0,0,0,0,0
387939599,NODE_20500DE71C38,child,4,B4:BF:E9:32:FE:91,-79,0,1500,1500,0,0,0,0,0
388039603,NODE_20500DE71C38,child,4,B4:BF:E9:32:FE:91,-79,0,1501,1501,0,0,0,0,0
388139600,NODE_20500DE71C38,child,4,B4:BF:E9:32:FE:91,-79,0,1501,1501,0,0,0,0,0
388239607,NODE_20500DE71C38,child,4,B4:BF:E9:32:FE:91,-79,0,1502,1502,0,0,0,0,0
388339606,NODE_20500DE71C38,child,4,B4:BF:E9:32:FE:91,-79,0,1502,1502,0,0,0,0,0
388439600,NODE_20500DE71C38,child,4,B4:BF:E9:32:FE:91,-79,0,1502,1502,0,0,0,0,0
388539607,NODE_20500DE71C38,child,4,B4:BF:E9:32:FE:91,-79,0,1503,1503,0,0,0,0,0
388639599,NODE_20500DE71C38,child,4,B4:BF:E9:32:FE:91,-79,0,1503,1503,0,0,0,0,0
388739604,NODE_20500DE71C38,child,4,B4:BF:E9:32:FE:91,-79,0,1504,1504,0,0,0,0,0
388839599,NODE_20500DE71C38,child,4,B4:BF:E9:32:FE:91,-79,0,1504,1504,0,0,0,0,0
388939599,NODE_20500DE71C38,child,4,B4:BF:E9:32:FE:91,-79,0,1504,1504,0,0,0,0,0
389039608,NODE_20500DE71C38,child,4,B4:BF:E9:32:FE:91,-79,0,1505,1505,0,0,0,0,0
389139603,NODE_20500DE71C38,child,4,B4:BF:E9:32:FE:91,-79,0,1505,1505,0,0,0,0,0
389239607,NODE_20500DE71C38,child,4,B4:BF:E9:32:FE:91,-79,0,1506,1506,0,0,0,0,0
389339600,NODE_20500DE71C38,child,4,B4:BF:E9:32:FE:91,-79,0,1506,1506,0,0,0,0,0
389439599,NODE_20500DE71C38,child,4,B4:BF:E9:32:FE:91,-79,0,1506,1506,0,0,0,0,0
389539603,NODE_20500DE71C38,child,4,B4:BF:E9:32:FE:91,-79,0,1507,1507,0,0,0,0,0
389639607,NODE_20500DE71C38,child,4,B4:BF:E9:32:FE:91,-79,0,1507,1507,0,0,0,0,0
389739603,NODE_20500DE71C38,child,4,B4:BF:E9:32:FE:91,-79,0,1508,1508,0,0,0,0,0
389839599,NODE_20500DE71C38,child,4,B4:BF:E9:32:FE:91,-79,0,1508,1508,0,0,0,0,0
389939600,NODE_20500DE71C38,child,4,B4:BF:E9:32:FE:91,-79,0,1508,1508,0,0,0,0,0
390039603,NODE_20500DE71C38,child,4,B4:BF:E9:32:FE:91,-79,0,1509,1509,0,0,0,0,0
390139599,NODE_20500DE71C38,child,4,B4:BF:E9:32:FE:91,-79,0,1509,1509,0,0,0,0,0
390239612,NODE_20500DE71C38,child,4,B4:BF:E9:32:FE:91,-79,0,1510,1510,0,0,0,0,0
390339606,NODE_20500DE71C38,child,4,B4:BF:E9:32:FE:91,-79,0,1510,1510,0,0,0,0,0
390439599,NODE_20500DE71C38,child,4,B4:BF:E9:32:FE:91,-79,0,1510,1510,0,0,0,0,0
390539608,NODE_20500DE71C38,child,4,B4:BF:E9:32:FE:91,-79,0,1511,1511,0,0,0,0,0
390639599,NODE_20500DE71C38,child,4,B4:BF:E9:32:FE:91,-79,0,1511,1511,0,0,0,0,0
390739603,NODE_20500DE71C38,child,4,B4:BF:E9:32:FE:91,-79,0,1512,1512,0,0,0,0,0
390839604,NODE_20500DE71C38,child,4,B4:BF:E9:32:FE:91,-79,0,1512,1512,0,0,0,0,0
390939599,NODE_20500DE71C38,child,4,B4:BF:E9:32:FE:91,-79,0,1512,1512,0,0,0,0,0
391039603,NODE_20500DE71C38,child,4,B4:BF:E9:32:FE:91,-79,0,1513,1513,0,0,0,0,0
391139600,NODE_20500DE71C38,child,4,B4:BF:E9:32:FE:91,-79,0,1513,1513,0,0,0,0,0
391239617,NODE_20500DE71C38,child,4,B4:BF:E9:32:FE:91,-79,0,1514,1514,0,0,0,0,0
391339607,NODE_20500DE71C38,child,4,B4:BF:E9:32:FE:91,-79,0,1514,1514,0,0,0,0,0
391439600,NODE_20500DE71C38,child,4,B4:BF:E9:32:FE:91,-79,0,1514,1514,0,0,0,0,0
391539607,NODE_20500DE71C38,child,4,B4:BF:E9:32:FE:91,-79,0,1515,1515,0,0,0,0,0
391639599,NODE_20500DE71C38,child,4,B4:BF:E9:32:FE:91,-79,0,1515,1515,0,0,0,0,0
391739604,NODE_20500DE71C38,child,4,B4:BF:E9:32:FE:91,-79,0,1516,1516,0,0,0,0,0
391839603,NODE_20500DE71C38,child,4,B4:BF:E9:32:FE:91,-79,0,1516,1516,0,0,0,0,0
391939599,NODE_20500DE71C38,child,4,B4:BF:E9:32:FE:91,-79,0,1516,1516,0,0,0,0,0
392039608,NODE_20500DE71C38,child,4,B4:BF:E9:32:FE:91,-79,0,1517,1517,0,0,0,0,0
392139602,NODE_20500DE71C38,child,4,B4:BF:E9:32:FE:91,-79,0,1517,1517,0,0,0,0,0
392239607,NODE_20500DE71C38,child,4,B4:BF:E9:32:FE:91,-79,0,1518,1518,0,0,0,0,0
392339615,NODE_20500DE71C38,child,4,B4:BF:E9:32:FE:91,-79,0,1518,1518,0,0,0,0,0
392439599,NODE_20500DE71C38,child,4,B4:BF:E9:32:FE:91,-79,0,1518,1518,0,0,0,0,0
392539603,NODE_20500DE71C38,child,4,B4:BF:E9:32:FE:91,-79,0,1519,1519,0,0,0,0,0
392639604,NODE_20500DE71C38,child,4,B4:BF:E9:32:FE:91,-79,0,1519,1519,0,0,0,0,0
392739603,NODE_20500DE71C38,child,4,B4:BF:E9:32:FE:91,-79,0,1520,1520,0,0,0,0,0
392839603,NODE_20500DE71C38,child,4,B4:BF:E9:32:FE:91,-79,0,1520,1520,0,0,0,0,0
392939600,NODE_20500DE71C38,child,4,B4:BF:E9:32:FE:91,-79,0,1520,1520,0,0,0,0,0
393039607,NODE_20500DE71C38,child,4,B4:BF:E9:32:FE:91,-79,0,1521,1521,0,0,0,0,0
393139599,NODE_20500DE71C38,child,4,B4:BF:E9:32:FE:91,-79,0,1521,1521,0,0,0,0,0
393239604,NODE_20500DE71C38,child,4,B4:BF:E9:32:FE:91,-79,0,1522,1522,0,0,0,0,0
393339613,NODE_20500DE71C38,child,4,B4:BF:E9:32:FE:91,-79,0,1522,1522,0,0,0,0,0
393439599,NODE_20500DE71C38,child,4,B4:BF:E9:32:FE:91,-79,0,1522,1522,0,0,0,0,0
393539608,NODE_20500DE71C38,child,4,B4:BF:E9:32:FE:91,-79,0,1523,1523,0,0,0,0,0
393639603,NODE_20500DE71C38,child,4,B4:BF:E9:32:FE:91,-79,0,1523,1523,0,0,0,0,0
393739603,NODE_20500DE71C38,child,4,B4:BF:E9:32:FE:91,-79,0,1524,1524,0,0,0,0,0
393839600,NODE_20500DE71C38,child,4,B4:BF:E9:32:FE:91,-79,0,1524,1524,0,0,0,0,0
393939599,NODE_20500DE71C38,child,4,B4:BF:E9:32:FE:91,-79,0,1524,1524,0,0,0,0,0
394039603,NODE_20500DE71C38,child,4,B4:BF:E9:32:FE:91,-79,0,1525,1525,0,0,0,0,0
394139600,NODE_20500DE71C38,child,4,B4:BF:E9:32:FE:91,-79,0,1525,1525,0,0,0,0,0
394239607,NODE_20500DE71C38,child,4,B4:BF:E9:32:FE:91,-79,0,1526,1526,0,0,0,0,0
394339613,NODE_20500DE71C38,child,4,B4:BF:E9:32:FE:91,-79,0,1526,1526,0,0,0,0,0
394439600,NODE_20500DE71C38,child,4,B4:BF:E9:32:FE:91,-79,0,1526,1526,0,0,0,0,0
394539603,NODE_20500DE71C38,child,4,B4:BF:E9:32:FE:91,-79,0,1527,1527,0,0,0,0,0
394639603,NODE_20500DE71C38,child,4,B4:BF:E9:32:FE:91,-79,0,1527,1527,0,0,0,0,0
394739604,NODE_20500DE71C38,child,4,B4:BF:E9:32:FE:91,-79,0,1528,1528,0,0,0,0,0
394839603,NODE_20500DE71C38,child,4,B4:BF:E9:32:FE:91,-79,0,1528,1528,0,0,0,0,0
394939599,NODE_20500DE71C38,child,4,B4:BF:E9:32:FE:91,-79,0,1528,1528,0,0,0,0,0
395039604,NODE_20500DE71C38,child,4,B4:BF:E9:32:FE:91,-79,0,1529,1529,0,0,0,0,0
395139599,NODE_20500DE71C38,child,4,B4:BF:E9:32:FE:91,-79,0,1529,1529,0,0,0,0,0
395239603,NODE_20500DE71C38,child,4,B4:BF:E9:32:FE:91,-79,0,1530,1530,0,0,0,0,0
395339615,NODE_20500DE71C38,child,4,B4:BF:E9:32:FE:91,-79,0,1530,1530,0,0,0,0,0
395439599,NODE_20500DE71C38,child,4,B4:BF:E9:32:FE:91,-79,0,1530,1530,0,0,0,0,0
395539603,NODE_20500DE71C38,child,4,B4:BF:E9:32:FE:91,-79,0,1531,1531,0,0,0,0,0
395639604,NODE_20500DE71C38,child,4,B4:BF:E9:32:FE:91,-79,0,1531,1531,0,0,0,0,0
395739603,NODE_20500DE71C38,child,4,B4:BF:E9:32:FE:91,-79,0,1532,1532,0,0,0,0,0
395839599,NODE_20500DE71C38,child,4,B4:BF:E9:32:FE:91,-79,0,1532,1532,0,0,0,0,0
395939600,NODE_20500DE71C38,child,4,B4:BF:E9:32:FE:91,-79,0,1532,1532,0,0,0,0,0
396039607,NODE_20500DE71C38,child,4,B4:BF:E9:32:FE:91,-79,0,1533,1533,0,0,0,0,0
396139599,NODE_20500DE71C38,child,4,B4:BF:E9:32:FE:91,-79,0,1533,1533,0,0,0,0,0
396239604,NODE_20500DE71C38,child,4,B4:BF:E9:32:FE:91,-79,0,1534,1534,0,0,0,0,0
396339599,NODE_20500DE71C38,child,4,B4:BF:E9:32:FE:91,-79,0,1534,1534,0,0,0,0,0
396439613,NODE_20500DE71C38,child,4,B4:BF:E9:32:FE:91,-79,0,1534,1534,0,0,0,0,0
396539608,NODE_20500DE71C38,child,4,B4:BF:E9:32:FE:91,-79,0,1535,1535,0,0,0,0,0
396639603,NODE_20500DE71C38,child,4,B4:BF:E9:32:FE:91,-79,0,1535,1535,0,0,0,0,0
396739607,NODE_20500DE71C38,child,4,B4:BF:E9:32:FE:91,-79,0,1536,1536,0,0,0,0,0
396839604,NODE_20500DE71C38,child,4,B4:BF:E9:32:FE:91,-79,0,1536,1536,0,0,0,0,0
396939599,NODE_20500DE71C38,child,4,B4:BF:E9:32:FE:91,-79,0,1536,1536,0,0,0,0,0
397039603,NODE_20500DE71C38,child,4,B4:BF:E9:32:FE:91,-79,0,1537,1537,0,0,0,0,0
397139600,NODE_20500DE71C38,child,4,B4:BF:E9:32:FE:91,-79,0,1537,1537,0,0,0,0,0
397239603,NODE_20500DE71C38,child,4,B4:BF:E9:32:FE:91,-79,0,1538,1538,0,0,0,0,0
397339603,NODE_20500DE71C38,child,4,B4:BF:E9:32:FE:91,-79,0,1538,1538,0,0,0,0,0
397439615,NODE_20500DE71C38,child,4,B4:BF:E9:32:FE:91,-80,0,1538,1538,0,0,0,0,0
397539603,NODE_20500DE71C38,child,4,B4:BF:E9:32:FE:91,-80,0,1539,1539,0,0,0,0,0
397639599,NODE_20500DE71C38,child,4,B4:BF:E9:32:FE:91,-80,0,1539,1539,0,0,0,0,0
397739608,NODE_20500DE71C38,child,4,B4:BF:E9:32:FE:91,-80,0,1540,1540,0,0,0,0,0
397839599,NODE_20500DE71C38,child,4,B4:BF:E9:32:FE:91,-80,0,1540,1540,0,0,0,0,0
397939599,NODE_20500DE71C38,child,4,B4:BF:E9:32:FE:91,-80,0,1540,1540,0,0,0,0,0
398039608,NODE_20500DE71C38,child,4,B4:BF:E9:32:FE:91,-80,0,1541,1541,0,0,0,0,0
398139599,NODE_20500DE71C38,child,4,B4:BF:E9:32:FE:91,-80,0,1541,1541,0,0,0,0,0
398239603,NODE_20500DE71C38,child,4,B4:BF:E9:32:FE:91,-80,0,1542,1542,0,0,0,0,0
398339608,NODE_20500DE71C38,child,4,B4:BF:E9:32:FE:91,-80,0,1542,1542,0,0,0,0,0
398439613,NODE_20500DE71C38,child,4,B4:BF:E9:32:FE:91,-79,0,1542,1542,0,0,0,0,0
398539603,NODE_20500DE71C38,child,4,B4:BF:E9:32:FE:91,-79,0,1543,1543,0,0,0,0,0
398639604,NODE_20500DE71C38,child,4,B4:BF:E9:32:FE:91,-79,0,1543,1543,0,0,0,0,0
398739607,NODE_20500DE71C38,child,4,B4:BF:E9:32:FE:91,-79,0,1544,1544,0,0,0,0,0
398839599,NODE_20500DE71C38,child,4,B4:BF:E9:32:FE:91,-79,0,1544,1544,0,0,0,0,0
398939600,NODE_20500DE71C38,child,4,B4:BF:E9:32:FE:91,-79,0,1544,1544,0,0,0,0,0
399039607,NODE_20500DE71C38,child,4,B4:BF:E9:32:FE:91,-79,0,1545,1545,0,0,0,0,0
399139599,NODE_20500DE71C38,child,4,B4:BF:E9:32:FE:91,-79,0,1545,1545,0,0,0,0,0
399239608,NODE_20500DE71C38,child,4,B4:BF:E9:32:FE:91,-79,0,1546,1546,0,0,0,0,0
399339599,NODE_20500DE71C38,child,4,B4:BF:E9:32:FE:91,-79,0,1546,1546,0,0,0,0,0
399439613,NODE_20500DE71C38,child,4,B4:BF:E9:32:FE:91,-79,0,1546,1546,0,0,0,0,0
399539608,NODE_20500DE71C38,child,4,B4:BF:E9:32:FE:91,-79,0,1547,1547,0,0,0,0,0
399639599,NODE_20500DE71C38,child,4,B4:BF:E9:32:FE:91,-79,0,1547,1547,0,0,0,0,0
399739607,NODE_20500DE71C38,child,4,B4:BF:E9:32:FE:91,-79,0,1548,1548,0,0,0,0,0
399839604,NODE_20500DE71C38,child,4,B4:BF:E9:32:FE:91,-79,0,1548,1548,0,0,0,0,0
399939599,NODE_20500DE71C38,child,4,B4:BF:E9:32:FE:91,-79,0,1548,1548,0,0,0,0,0
400039603,NODE_20500DE71C38,child,4,B4:BF:E9:32:FE:91,-79,0,1549,1549,0,0,0,0,0
400139600,NODE_20500DE71C38,child,4,B4:BF:E9:32:FE:91,-79,0,1549,1549,0,0,0,0,0
400239603,NODE_20500DE71C38,child,4,B4:BF:E9:32:FE:91,-79,0,1550,1550,0,0,0,0,0
400339599,NODE_20500DE71C38,child,4,B4:BF:E9:32:FE:91,-79,0,1550,1550,0,0,0,0,0
400440193,NODE_20500DE71C38,child,4,B4:BF:E9:32:FE:91,-78,0,1550,1550,0,0,0,0,0
400539607,NODE_20500DE71C38,child,4,B4:BF:E9:32:FE:91,-78,0,1551,1551,0,0,0,0,0
400639599,NODE_20500DE71C38,child,4,B4:BF:E9:32:FE:91,-78,0,1551,1551,0,0,0,0,0
400739604,NODE_20500DE71C38,child,4,B4:BF:E9:32:FE:91,-78,0,1552,1552,0,0,0,0,0
400839607,NODE_20500DE71C38,child,4,B4:BF:E9:32:FE:91,-78,0,1552,1552,0,0,0,0,0
400939599,NODE_20500DE71C38,child,4,B4:BF:E9:32:FE:91,-78,0,1552,1552,0,0,0,0,0
401039608,NODE_20500DE71C38,child,4,B4:BF:E9:32:FE:91,-78,0,1553,1553,0,0,0,0,0
401139599,NODE_20500DE71C38,child,4,B4:BF:E9:32:FE:91,-78,0,1553,1553,0,0,0,0,0
401239613,NODE_20500DE71C38,child,4,B4:BF:E9:32:FE:91,-78,0,1554,1554,0,0,0,0,0
401339600,NODE_20500DE71C38,child,4,B4:BF:E9:32:FE:91,-78,0,1554,1554,0,0,0,0,0
401439599,NODE_20500DE71C38,child,4,B4:BF:E9:32:FE:91,-78,0,1554,1554,0,0,0,0,0
401539611,NODE_20500DE71C38,child,4,B4:BF:E9:32:FE:91,-79,0,1555,1555,0,0,0,0,0
401639600,NODE_20500DE71C38,child,4,B4:BF:E9:32:FE:91,-79,0,1555,1555,0,0,0,0,0
401739607,NODE_20500DE71C38,child,4,B4:BF:E9:32:FE:91,-79,0,1556,1556,0,0,0,0,0
401839606,NODE_20500DE71C38,child,4,B4:BF:E9:32:FE:91,-79,0,1556,1556,0,0,0,0,0
401939600,NODE_20500DE71C38,child,4,B4:BF:E9:32:FE:91,-79,0,1556,1556,0,0,0,0,0
402039607,NODE_20500DE71C38,child,4,B4:BF:E9:32:FE:91,-79,0,1557,1557,0,0,0,0,0
402139599,NODE_20500DE71C38,child,4,B4:BF:E9:32:FE:91,-79,0,1557,1557,0,0,0,0,0
402239604,NODE_20500DE71C38,child,4,B4:BF:E9:32:FE:91,-79,0,1558,1558,0,0,0,0,0
402339599,NODE_20500DE71C38,child,4,B4:BF:E9:32:FE:91,-79,0,1558,1558,0,0,0,0,0
402439599,NODE_20500DE71C38,child,4,B4:BF:E9:32:FE:91,-79,0,1558,1558,0,0,0,0,0
402539612,NODE_20500DE71C38,child,4,B4:BF:E9:32:FE:91,-78,0,1559,1559,0,0,0,0,0
402639599,NODE_20500DE71C38,child,4,B4:BF:E9:32:FE:91,-78,0,1559,1559,0,0,0,0,0
402739607,NODE_20500DE71C38,child,4,B4:BF:E9:32:FE:91,-78,0,1560,1560,0,0,0,0,0
402839604,NODE_20500DE71C38,child,4,B4:BF:E9:32:FE:91,-78,0,1560,1560,0,0,0,0,0
402939599,NODE_20500DE71C38,child,4,B4:BF:E9:32:FE:91,-78,0,1560,1560,0,0,0,0,0
403039607,NODE_20500DE71C38,child,4,B4:BF:E9:32:FE:91,-78,0,1561,1561,0,0,0,0,0
403139600,NODE_20500DE71C38,child,4,B4:BF:E9:32:FE:91,-78,0,1561,1561,0,0,0,0,0
403239603,NODE_20500DE71C38,child,4,B4:BF:E9:32:FE:91,-78,0,1562,1562,0,0,0,0,0
403339599,NODE_20500DE71C38,child,4,B4:BF:E9:32:FE:91,-78,0,1562,1562,0,0,0,0,0
403439600,NODE_20500DE71C38,child,4,B4:BF:E9:32:FE:91,-78,0,1562,1562,0,0,0,0,0
403539611,NODE_20500DE71C38,child,4,B4:BF:E9:32:FE:91,-78,0,1563,1563,0,0,0,0,0
403639603,NODE_20500DE71C38,child,4,B4:BF:E9:32:FE:91,-78,0,1563,1563,0,0,0,0,0
403739608,NODE_20500DE71C38,child,4,B4:BF:E9:32:FE:91,-78,0,1564,1564,0,0,0,0,0
403839603,NODE_20500DE71C38,child,4,B4:BF:E9:32:FE:91,-78,0,1564,1564,0,0,0,0,0
403939599,NODE_20500DE71C38,child,4,B4:BF:E9:32:FE:91,-78,0,1564,1564,0,0,0,0,0
404039608,NODE_20500DE71C38,child,4,B4:BF:E9:32:FE:91,-78,0,1565,1565,0,0,0,0,0
404139599,NODE_20500DE71C38,child,4,B4:BF:E9:32:FE:91,-78,0,1565,1565,0,0,0,0,0
404239603,NODE_20500DE71C38,child,4,B4:BF:E9:32:FE:91,-78,0,1566,1566,0,0,0,0,0
404339604,NODE_20500DE71C38,child,4,B4:BF:E9:32:FE:91,-78,0,1566,1566,0,0,0,0,0
404439599,NODE_20500DE71C38,child,4,B4:BF:E9:32:FE:91,-78,0,1566,1566,0,0,0,0,0
404539611,NODE_20500DE71C38,child,4,B4:BF:E9:32:FE:91,-79,0,1567,1567,0,0,0,0,0
404639608,NODE_20500DE71C38,child,4,B4:BF:E9:32:FE:91,-79,0,1567,1567,0,0,0,0,0
404739603,NODE_20500DE71C38,child,4,B4:BF:E9:32:FE:91,-79,0,1568,1568,0,0,0,0,0
404839599,NODE_20500DE71C38,child,4,B4:BF:E9:32:FE:91,-79,0,1568,1568,0,0,0,0,0
404939608,NODE_20500DE71C38,child,4,B4:BF:E9:32:FE:91,-79,0,1568,1568,0,0,0,0,0
405039607,NODE_20500DE71C38,child,4,B4:BF:E9:32:FE:91,-79,0,1569,1569,0,0,0,0,0
405139599,NODE_20500DE71C38,child,4,B4:BF:E9:32:FE:91,-79,0,1569,1569,0,0,0,0,0
405239604,NODE_20500DE71C38,child,4,B4:BF:E9:32:FE:91,-79,0,1570,1570,0,0,0,0,0
405339607,NODE_20500DE71C38,child,4,B4:BF:E9:32:FE:91,-79,0,1570,1570,0,0,0,0,0
405439599,NODE_20500DE71C38,child,4,B4:BF:E9:32:FE:91,-79,0,1570,1570,0,0,0,0,0
405539604,NODE_20500DE71C38,child,4,B4:BF:E9:32:FE:91,-79,0,1571,1571,0,0,0,0,0
405639611,NODE_20500DE71C38,child,4,B4:BF:E9:32:FE:91,-79,0,1571,1571,0,0,0,0,0
405739603,NODE_20500DE71C38,child,4,B4:BF:E9:32:FE:91,-79,0,1572,1572,0,0,0,0,0
405839600,NODE_20500DE71C38,child,4,B4:BF:E9:32:FE:91,-79,0,1572,1572,0,0,0,0,0
405939603,NODE_20500DE71C38,child,4,B4:BF:E9:32:FE:91,-79,0,1572,1572,0,0,0,0,0
406039603,NODE_20500DE71C38,child,4,B4:BF:E9:32:FE:91,-79,0,1573,1573,0,0,0,0,0
406139600,NODE_20500DE71C38,child,4,B4:BF:E9:32:FE:91,-79,0,1573,1573,0,0,0,0,0
406239599,NODE_20500DE71C38,child,4,B4:BF:E9:32:FE:91,-79,0,1574,1574,0,0,0,0,0
406339606,NODE_20500DE71C38,child,4,B4:BF:E9:32:FE:91,-79,0,1574,1574,0,0,0,0,0
406439600,NODE_20500DE71C38,child,4,B4:BF:E9:32:FE:91,-79,0,1574,1574,0,0,0,0,0
406539603,NODE_20500DE71C38,child,4,B4:BF:E9:32:FE:91,-79,0,1575,1575,0,0,0,0,0
406639611,NODE_20500DE71C38,child,4,B4:BF:E9:32:FE:91,-79,0,1575,1575,0,0,0,0,0
406739604,NODE_20500DE71C38,child,4,B4:BF:E9:32:FE:91,-79,0,1576,1576,0,0,0,0,0
406839606,NODE_20500DE71C38,child,4,B4:BF:E9:32:FE:91,-79,0,1576,1576,0,0,0,0,0
406939603,NODE_20500DE71C38,child,4,B4:BF:E9:32:FE:91,-79,0,1576,1576,0,0,0,0,0
407039604,NODE_20500DE71C38,child,4,B4:BF:E9:32:FE:91,-79,0,1577,1577,0,0,0,0,0
407139599,NODE_20500DE71C38,child,4,B4:BF:E9:32:FE:91,-79,0,1577,1577,0,0,0,0,0
407239607,NODE_20500DE71C38,child,4,B4:BF:E9:32:FE:91,-79,0,1578,1578,0,0,0,0,0
407339600,NODE_20500DE71C38,child,4,B4:BF:E9:32:FE:91,-79,0,1578,1578,0,0,0,0,0
407439599,NODE_20500DE71C38,child,4,B4:BF:E9:32:FE:91,-79,0,1578,1578,0,0,0,0,0
407539607,NODE_20500DE71C38,child,4,B4:BF:E9:32:FE:91,-79,0,1579,1579,0,0,0,0,0
407639612,NODE_20500DE71C38,child,4,B4:BF:E9:32:FE:91,-79,0,1579,1579,0,0,0,0,0
407739607,NODE_20500DE71C38,child,4,B4:BF:E9:32:FE:91,-79,0,1580,1580,0,0,0,0,0
407839603,NODE_20500DE71C38,child,4,B4:BF:E9:32:FE:91,-79,0,1580,1580,0,0,0,0,0
407939604,NODE_20500DE71C38,child,4,B4:BF:E9:32:FE:91,-79,0,1580,1580,0,0,0,0,0
408039607,NODE_20500DE71C38,child,4,B4:BF:E9:32:FE:91,-79,0,1581,1581,0,0,0,0,0
408139599,NODE_20500DE71C38,child,4,B4:BF:E9:32:FE:91,-79,0,1581,1581,0,0,0,0,0
408239608,NODE_20500DE71C38,child,4,B4:BF:E9:32:FE:91,-79,0,1582,1582,0,0,0,0,0
408339599,NODE_20500DE71C38,child,4,B4:BF:E9:32:FE:91,-79,0,1582,1582,0,0,0,0,0
408439599,NODE_20500DE71C38,child,4,B4:BF:E9:32:FE:91,-79,0,1582,1582,0,0,0,0,0
408539604,NODE_20500DE71C38,child,4,B4:BF:E9:32:FE:91,-79,0,1583,1583,0,0,0,0,0
408639611,NODE_20500DE71C38,child,4,B4:BF:E9:32:FE:91,-79,0,1583,1583,0,0,0,0,0
408739607,NODE_20500DE71C38,child,4,B4:BF:E9:32:FE:91,-79,0,1584,1584,0,0,0,0,0
408839607,NODE_20500DE71C38,child,4,B4:BF:E9:32:FE:91,-79,0,1584,1584,0,0,0,0,0
408939738,NODE_20500DE71C38,child,4,B4:BF:E9:32:FE:91,-79,0,1584,1584,0,0,0,0,0
409039603,NODE_20500DE71C38,child,4,B4:BF:E9:32:FE:91,-79,0,1585,1585,0,0,0,0,0
409139600,NODE_20500DE71C38,child,4,B4:BF:E9:32:FE:91,-79,0,1585,1585,0,0,0,0,0
409239603,NODE_20500DE71C38,child,4,B4:BF:E9:32:FE:91,-79,0,1586,1586,0,0,0,0,0
409339599,NODE_20500DE71C38,child,4,B4:BF:E9:32:FE:91,-79,0,1586,1586,0,0,0,0,0
409439600,NODE_20500DE71C38,child,4,B4:BF:E9:32:FE:91,-79,0,1586,1586,0,0,0,0,0
409539607,NODE_20500DE71C38,child,4,B4:BF:E9:32:FE:91,-79,0,1587,1587,0,0,0,0,0
409639599,NODE_20500DE71C38,child,4,B4:BF:E9:32:FE:91,-79,0,1587,1587,0,0,0,0,0
409739608,NODE_20500DE71C38,child,4,B4:BF:E9:32:FE:91,-78,0,1588,1588,0,0,0,0,0
409839599,NODE_20500DE71C38,child,4,B4:BF:E9:32:FE:91,-78,0,1588,1588,0,0,0,0,0
409939599,NODE_20500DE71C38,child,4,B4:BF:E9:32:FE:91,-78,0,1588,1588,0,0,0,0,0
410039604,NODE_20500DE71C38,child,4,B4:BF:E9:32:FE:91,-78,0,1589,1589,0,0,0,0,0
410139599,NODE_20500DE71C38,child,4,B4:BF:E9:32:FE:91,-78,0,1589,1589,0,0,0,0,0
410239607,NODE_20500DE71C38,child,4,B4:BF:E9:32:FE:91,-78,0,1590,1590,0,0,0,0,0
410339600,NODE_20500DE71C38,child,4,B4:BF:E9:32:FE:91,-78,0,1590,1590,0,0,0,0,0
410439599,NODE_20500DE71C38,child,4,B4:BF:E9:32:FE:91,-78,0,1590,1590,0,0,0,0,0
410539603,NODE_20500DE71C38,child,4,B4:BF:E9:32:FE:91,-78,0,1591,1591,0,0,0,0,0
410639600,NODE_20500DE71C38,child,4,B4:BF:E9:32:FE:91,-78,0,1591,1591,0,0,0,0,0
410739607,NODE_20500DE71C38,child,4,B4:BF:E9:32:FE:91,-79,0,1592,1592,0,0,0,0,0
410839606,NODE_20500DE71C38,child,4,B4:BF:E9:32:FE:91,-79,0,1592,1592,0,0,0,0,0
410939600,NODE_20500DE71C38,child,4,B4:BF:E9:32:FE:91,-79,0,1592,1592,0,0,0,0,0
411039607,NODE_20500DE71C38,child,4,B4:BF:E9:32:FE:91,-79,0,1593,1593,0,0,0,0,0
411139599,NODE_20500DE71C38,child,4,B4:BF:E9:32:FE:91,-79,0,1593,1593,0,0,0,0,0
411239608,NODE_20500DE71C38,child,4,B4:BF:E9:32:FE:91,-79,0,1594,1594,0,0,0,0,0
411339611,NODE_20500DE71C38,child,4,B4:BF:E9:32:FE:91,-79,0,1594,1594,0,0,0,0,0
411439599,NODE_20500DE71C38,child,4,B4:BF:E9:32:FE:91,-79,0,1594,1594,0,0,0,0,0
411539600,NODE_20500DE71C38,child,4,B4:BF:E9:32:FE:91,-79,0,1595,1595,0,0,0,0,0
411639599,NODE_20500DE71C38,child,4,B4:BF:E9:32:FE:91,-79,0,1595,1595,0,0,0,0,0
411739607,NODE_20500DE71C38,child,4,B4:BF:E9:32:FE:91,-78,0,1596,1596,0,0,0,0,0
411839600,NODE_20500DE71C38,child,4,B4:BF:E9:32:FE:91,-78,0,1596,1596,0,0,0,0,0
411939599,NODE_20500DE71C38,child,4,B4:BF:E9:32:FE:91,-78,0,1596,1596,0,0,0,0,0
412039607,NODE_20500DE71C38,child,4,B4:BF:E9:32:FE:91,-78,0,1597,1597,0,0,0,0,0
412139600,NODE_20500DE71C38,child,4,B4:BF:E9:32:FE:91,-78,0,1597,1597,0,0,0,0,0
412239603,NODE_20500DE71C38,child,4,B4:BF:E9:32:FE:91,-78,0,1598,1598,0,0,0,0,0
412339607,NODE_20500DE71C38,child,4,B4:BF:E9:32:FE:91,-78,0,1598,1598,0,0,0,0,0
412439600,NODE_20500DE71C38,child,4,B4:BF:E9:32:FE:91,-78,0,1598,1598,0,0,0,0,0
412539603,NODE_20500DE71C38,child,4,B4:BF:E9:32:FE:91,-78,0,1599,1599,0,0,0,0,0
412639603,NODE_20500DE71C38,child,4,B4:BF:E9:32:FE:91,-78,0,1599,1599,0,0,0,0,0
412739608,NODE_20500DE71C38,child,4,B4:BF:E9:32:FE:91,-79,0,1600,1600,0,0,0,0,0
412839603,NODE_20500DE71C38,child,4,B4:BF:E9:32:FE:91,-79,0,1600,1600,0,0,0,0,0
412939599,NODE_20500DE71C38,child,4,B4:BF:E9:32:FE:91,-79,0,1600,1600,0,0,0,0,0
413039612,NODE_20500DE71C38,child,4,B4:BF:E9:32:FE:91,-79,0,1601,1601,0,0,0,0,0
413139599,NODE_20500DE71C38,child,4,B4:BF:E9:32:FE:91,-79,0,1601,1601,0,0,0,0,0
413239603,NODE_20500DE71C38,child,4,B4:BF:E9:32:FE:91,-79,0,1602,1602,0,0,0,0,0
413339604,NODE_20500DE71C38,child,4,B4:BF:E9:32:FE:91,-79,0,1602,1602,0,0,0,0,0
413439599,NODE_20500DE71C38,child,4,B4:BF:E9:32:FE:91,-79,0,1602,1602,0,0,0,0,0
413539603,NODE_20500DE71C38,child,4,B4:BF:E9:32:FE:91,-79,0,1603,1603,0,0,0,0,0
413639600,NODE_20500DE71C38,child,4,B4:BF:E9:32:FE:91,-79,0,1603,1603,0,0,0,0,0
413739603,NODE_20500DE71C38,child,4,B4:BF:E9:32:FE:91,-79,0,1603,1603,0,0,0,0,0
413839613,NODE_20500DE71C38,child,4,B4:BF:E9:32:FE:91,-79,0,1604,1604,0,0,0,0,0
413939600,NODE_20500DE71C38,child,4,B4:BF:E9:32:FE:91,-79,0,1604,1604,0,0,0,0,0
414039607,NODE_20500DE71C38,child,4,B4:BF:E9:32:FE:91,-79,0,1605,1605,0,0,0,0,0
414139603,NODE_20500DE71C38,child,4,B4:BF:E9:32:FE:91,-79,0,1605,1605,0,0,0,0,0
414240379,NODE_20500DE71C38,child,4,B4:BF:E9:32:FE:91,-79,0,1605,1605,0,0,0,0,0
414339599,NODE_20500DE71C38,child,4,B4:BF:E9:32:FE:91,-79,0,1606,1606,0,0,0,0,0
414439599,NODE_20500DE71C38,child,4,B4:BF:E9:32:FE:91,-79,0,1606,1606,0,0,0,0,0
414539604,NODE_20500DE71C38,child,4,B4:BF:E9:32:FE:91,-79,0,1607,1607,0,0,0,0,0
414639603,NODE_20500DE71C38,child,4,B4:BF:E9:32:FE:91,-79,0,1607,1607,0,0,0,0,0
414740377,NODE_20500DE71C38,child,4,B4:BF:E9:32:FE:91,-79,0,1607,1607,0,0,0,0,0
414839615,NODE_20500DE71C38,child,4,B4:BF:E9:32:FE:91,-78,0,1608,1608,0,0,0,0,0
414939599,NODE_20500DE71C38,child,4,B4:BF:E9:32:FE:91,-78,0,1608,1608,0,0,0,0,0
415039603,NODE_20500DE71C38,child,4,B4:BF:E9:32:FE:91,-78,0,1609,1609,0,0,0,0,0
415139604,NODE_20500DE71C38,child,4,B4:BF:E9:32:FE:91,-78,0,1609,1609,0,0,0,0,0
415240376,NODE_20500DE71C38,child,4,B4:BF:E9:32:FE:91,-78,0,1609,1609,0,0,0,0,0
415339603,NODE_20500DE71C38,child,4,B4:BF:E9:32:FE:91,-78,0,1610,1610,0,0,0,0,0
415439600,NODE_20500DE71C38,child,4,B4:BF:E9:32:FE:91,-78,0,1610,1610,0,0,0,0,0
415539603,NODE_20500DE71C38,child,4,B4:BF:E9:32:FE:91,-78,0,1611,1611,0,0,0,0,0
415639599,NODE_20500DE71C38,child,4,B4:BF:E9:32:FE:91,-78,0,1611,1611,0,0,0,0,0
415740380,NODE_20500DE71C38,child,4,B4:BF:E9:32:FE:91,-78,0,1611,1611,0,0,0,0,0
415839613,NODE_20500DE71C38,child,4,B4:BF:E9:32:FE:91,-79,0,1612,1612,0,0,0,0,0
415939599,NODE_20500DE71C38,child,4,B4:BF:E9:32:FE:91,-79,0,1612,1612,0,0,0,0,0
416039604,NODE_20500DE71C38,child,4,B4:BF:E9:32:FE:91,-79,0,1613,1613,0,0,0,0,0
416139603,NODE_20500DE71C38,child,4,B4:BF:E9:32:FE:91,-79,0,1613,1613,0,0,0,0,0
416240378,NODE_20500DE71C38,child,4,B4:BF:E9:32:FE:91,-79,0,1613,1613,0,0,0,0,0
416339600,NODE_20500DE71C38,child,4,B4:BF:E9:32:FE:91,-79,0,1614,1614,0,0,0,0,0
416439599,NODE_20500DE71C38,child,4,B4:BF:E9:32:FE:91,-79,0,1614,1614,0,0,0,0,0
416539607,NODE_20500DE71C38,child,4,B4:BF:E9:32:FE:91,-79,0,1615,1615,0,0,0,0,0
416639600,NODE_20500DE71C38,child,4,B4:BF:E9:32:FE:91,-79,0,1615,1615,0,0,0,0,0
416740379,NODE_20500DE71C38,child,4,B4:BF:E9:32:FE:91,-79,0,1615,1615,0,0,0,0,0
416839613,NODE_20500DE71C38,child,4,B4:BF:E9:32:FE:91,-79,0,1616,1616,0,0,0,0,0
416939604,NODE_20500DE71C38,child,4,B4:BF:E9:32:FE:91,-79,0,1616,1616,0,0,0,0,0
417039607,NODE_20500DE71C38,child,4,B4:BF:E9:32:FE:91,-79,0,1617,1617,0,0,0,0,0
417139607,NODE_20500DE71C38,child,4,B4:BF:E9:32:FE:91,-79,0,1617,1617,0,0,0,0,0
417239604,NODE_20500DE71C38,child,4,B4:BF:E9:32:FE:91,-79,0,1617,1617,0,0,0,0,0
417339603,NODE_20500DE71C38,child,4,B4:BF:E9:32:FE:91,-79,0,1618,1618,0,0,0,0,0
417439599,NODE_20500DE71C38,child,4,B4:BF:E9:32:FE:91,-79,0,1618,1618,0,0,0,0,0
417539604,NODE_20500DE71C38,child,4,B4:BF:E9:32:FE:91,-79,0,1619,1619,0,0,0,0,0
417639599,NODE_20500DE71C38,child,4,B4:BF:E9:32:FE:91,-79,0,1619,1619,0,0,0,0,0
417739599,NODE_20500DE71C38,child,4,B4:BF:E9:32:FE:91,-79,0,1619,1619,0,0,0,0,0
417839604,NODE_20500DE71C38,child,4,B4:BF:E9:32:FE:91,-79,0,1620,1620,0,0,0,0,0
417939609,NODE_20500DE71C38,child,4,B4:BF:E9:32:FE:91,-79,0,1620,1620,0,0,0,0,0
418039603,NODE_20500DE71C38,child,4,B4:BF:E9:32:FE:91,-79,0,1621,1621,0,0,0,0,0
418139600,NODE_20500DE71C38,child,4,B4:BF:E9:32:FE:91,-79,0,1621,1621,0,0,0,0,0
418239607,NODE_20500DE71C38,child,4,B4:BF:E9:32:FE:91,-79,0,1621,1621,0,0,0,0,0
418339603,NODE_20500DE71C38,child,4,B4:BF:E9:32:FE:91,-79,0,1622,1622,0,0,0,0,0
418439600,NODE_20500DE71C38,child,4,B4:BF:E9:32:FE:91,-79,0,1622,1622,0,0,0,0,0
418539607,NODE_20500DE71C38,child,4,B4:BF:E9:32:FE:91,-79,0,1623,1623,0,0,0,0,0
418639599,NODE_20500DE71C38,child,4,B4:BF:E9:32:FE:91,-79,0,1623,1623,0,0,0,0,0
418739600,NODE_20500DE71C38,child,4,B4:BF:E9:32:FE:91,-79,0,1623,1623,0,0,0,0,0
418839603,NODE_20500DE71C38,child,4,B4:BF:E9:32:FE:91,-79,0,1624,1624,0,0,0,0,0
418939607,NODE_20500DE71C38,child,4,B4:BF:E9:32:FE:91,-79,0,1624,1624,0,0,0,0,0
419039608,NODE_20500DE71C38,child,4,B4:BF:E9:32:FE:91,-79,0,1625,1625,0,0,0,0,0
419139599,NODE_20500DE71C38,child,4,B4:BF:E9:32:FE:91,-79,0,1625,1625,0,0,0,0,0
419239611,NODE_20500DE71C38,child,4,B4:BF:E9:32:FE:91,-79,0,1625,1625,0,0,0,0,0
419339608,NODE_20500DE71C38,child,4,B4:BF:E9:32:FE:91,-79,0,1626,1626,0,0,0,0,0
419439599,NODE_20500DE71C38,child,4,B4:BF:E9:32:FE:91,-79,0,1626,1626,0,0,0,0,0
419539603,NODE_20500DE71C38,child,4,B4:BF:E9:32:FE:91,-79,0,1627,1627,0,0,0,0,0
419639604,NODE_20500DE71C38,child,4,B4:BF:E9:32:FE:91,-79,0,1627,1627,0,0,0,0,0
419739599,NODE_20500DE71C38,child,4,B4:BF:E9:32:FE:91,-79,0,1627,1627,0,0,0,0,0
419839603,NODE_20500DE71C38,child,4,B4:BF:E9:32:FE:91,-79,0,1628,1628,0,0,0,0,0
419939615,NODE_20500DE71C38,child,4,B4:BF:E9:32:FE:91,-78,0,1628,1628,0,0,0,0,0
420039603,NODE_20500DE71C38,child,4,B4:BF:E9:32:FE:91,-78,0,1629,1629,0,0,0,0,0
420139599,NODE_20500DE71C38,child,4,B4:BF:E9:32:FE:91,-78,0,1629,1629,0,0,0,0,0
420239604,NODE_20500DE71C38,child,4,B4:BF:E9:32:FE:91,-78,0,1629,1629,0,0,0,0,0
420339607,NODE_20500DE71C38,child,4,B4:BF:E9:32:FE:91,-78,0,1630,1630,1,1,0,0,0
420439599,NODE_20500DE71C38,child,4,B4:BF:E9:32:FE:91,-78,0,1630,1630,1,1,0,0,0
420539604,NODE_20500DE71C38,child,4,B4:BF:E9:32:FE:91,-78,0,1631,1631,1,1,0,0,0
420639599,NODE_20500DE71C38,child,4,B4:BF:E9:32:FE:91,-78,0,1631,1631,1,1,0,0,0
420739599,NODE_20500DE71C38,child,4,B4:BF:E9:32:FE:91,-78,0,1631,1631,1,1,0,0,0
420839604,NODE_20500DE71C38,child,4,B4:BF:E9:32:FE:91,-78,0,1632,1632,1,1,0,0,0
420939611,NODE_20500DE71C38,child,4,B4:BF:E9:32:FE:91,-79,0,1632,1632,1,1,0,0,0
421039607,NODE_20500DE71C38,child,4,B4:BF:E9:32:FE:91,-79,0,1633,1633,1,1,0,0,0
421139600,NODE_20500DE71C38,child,4,B4:BF:E9:32:FE:91,-79,0,1633,1633,1,1,0,0,0
421239603,NODE_20500DE71C38,child,4,B4:BF:E9:32:FE:91,-79,0,1633,1633,1,1,0,0,0
421339603,NODE_20500DE71C38,child,4,B4:BF:E9:32:FE:91,-79,0,1634,1634,1,1,0,0,0
421439600,NODE_20500DE71C38,child,4,B4:BF:E9:32:FE:91,-79,0,1634,1634,1,1,0,0,0
421539603,NODE_20500DE71C38,child,4,B4:BF:E9:32:FE:91,-79,0,1635,1635,1,1,0,0,0
421639603,NODE_20500DE71C38,child,4,B4:BF:E9:32:FE:91,-79,0,1635,1635,1,1,0,0,0
421739600,NODE_20500DE71C38,child,4,B4:BF:E9:32:FE:91,-79,0,1635,1635,1,1,0,0,0
421839603,NODE_20500DE71C38,child,4,B4:BF:E9:32:FE:91,-79,0,1636,1636,1,1,0,0,0
421939599,NODE_20500DE71C38,child,4,B4:BF:E9:32:FE:91,-79,0,1636,1636,1,1,0,0,0
422039608,NODE_20500DE71C38,child,4,B4:BF:E9:32:FE:91,-79,0,1637,1637,1,1,0,0,0
422139599,NODE_20500DE71C38,child,4,B4:BF:E9:32:FE:91,-79,0,1637,1637,1,1,0,0,0
422239599,NODE_20500DE71C38,child,4,B4:BF:E9:32:FE:91,-79,0,1637,1637,1,1,0,0,0
422339608,NODE_20500DE71C38,child,4,B4:BF:E9:32:FE:91,-79,0,1638,1638,1,1,0,0,0
422439599,NODE_20500DE71C38,child,4,B4:BF:E9:32:FE:91,-79,0,1638,1638,1,1,0,0,0
422539603,NODE_20500DE71C38,child,4,B4:BF:E9:32:FE:91,-79,0,1639,1639,1,1,0,0,0
422639600,NODE_20500DE71C38,child,4,B4:BF:E9:32:FE:91,-79,0,1639,1639,1,1,0,0,0
422739599,NODE_20500DE71C38,child,4,B4:BF:E9:32:FE:91,-79,0,1639,1639,1,1,0,0,0
422839607,NODE_20500DE71C38,child,4,B4:BF:E9:32:FE:91,-79,0,1640,1640,1,1,0,0,0
422939600,NODE_20500DE71C38,child,4,B4:BF:E9:32:FE:91,-79,0,1640,1640,1,1,0,0,0
423039607,NODE_20500DE71C38,child,4,B4:BF:E9:32:FE:91,-79,0,1641,1641,1,1,0,0,0
423139599,NODE_20500DE71C38,child,4,B4:BF:E9:32:FE:91,-79,0,1641,1641,1,1,0,0,0
423239600,NODE_20500DE71C38,child,4,B4:BF:E9:32:FE:91,-79,0,1641,1641,1,1,0,0,0
423339603,NODE_20500DE71C38,child,4,B4:BF:E9:32:FE:91,-79,0,1642,1642,1,1,0,0,0
423439599,NODE_20500DE71C38,child,4,B4:BF:E9:32:FE:91,-79,0,1642,1642,1,1,0,0,0
423539608,NODE_20500DE71C38,child,4,B4:BF:E9:32:FE:91,-79,0,1643,1643,1,1,0,0,0
423639599,NODE_20500DE71C38,child,4,B4:BF:E9:32:FE:91,-79,0,1643,1643,1,1,0,0,0
423739599,NODE_20500DE71C38,child,4,B4:BF:E9:32:FE:91,-79,0,1643,1643,1,1,0,0,0
423839604,NODE_20500DE71C38,child,4,B4:BF:E9:32:FE:91,-79,0,1644,1644,1,1,0,0,0
423939599,NODE_20500DE71C38,child,4,B4:BF:E9:32:FE:91,-79,0,1644,1644,1,1,0,0,0
424039607,NODE_20500DE71C38,child,4,B4:BF:E9:32:FE:91,-78,0,1645,1645,1,1,0,0,0
424139600,NODE_20500DE71C38,child,4,B4:BF:E9:32:FE:91,-78,0,1645,1645,1,1,0,0,0
424239606,NODE_20500DE71C38,child,4,B4:BF:E9:32:FE:91,-78,0,1645,1645,1,1,0,0,0
424339607,NODE_20500DE71C38,child,4,B4:BF:E9:32:FE:91,-78,0,1646,1646,1,1,0,0,0
424439600,NODE_20500DE71C38,child,4,B4:BF:E9:32:FE:91,-78,0,1646,1646,1,1,0,0,0
424539603,NODE_20500DE71C38,child,4,B4:BF:E9:32:FE:91,-78,0,1647,1647,1,1,0,0,0
424639599,NODE_20500DE71C38,child,4,B4:BF:E9:32:FE:91,-78,0,1647,1647,1,1,0,0,0
424739600,NODE_20500DE71C38,child,4,B4:BF:E9:32:FE:91,-78,0,1647,1647,1,1,0,0,0
424839607,NODE_20500DE71C38,child,4,B4:BF:E9:32:FE:91,-78,0,1648,1648,1,1,0,0,0
424939599,NODE_20500DE71C38,child,4,B4:BF:E9:32:FE:91,-78,0,1648,1648,1,1,0,0,0
425039612,NODE_20500DE71C38,child,4,B4:BF:E9:32:FE:91,-78,0,1649,1649,1,1,0,0,0
425139599,NODE_20500DE71C38,child,4,B4:BF:E9:32:FE:91,-78,0,1649,1649,1,1,0,0,0
425239603,NODE_20500DE71C38,child,4,B4:BF:E9:32:FE:91,-78,0,1649,1649,1,1,0,0,0
425339608,NODE_20500DE71C38,child,4,B4:BF:E9:32:FE:91,-78,0,1650,1650,1,1,0,0,0
425439599,NODE_20500DE71C38,child,4,B4:BF:E9:32:FE:91,-78,0,1650,1650,1,1,0,0,0
425539607,NODE_20500DE71C38,child,4,B4:BF:E9:32:FE:91,-78,0,1651,1651,1,1,0,0,0
425639600,NODE_20500DE71C38,child,4,B4:BF:E9:32:FE:91,-78,0,1651,1651,1,1,0,0,0
425739599,NODE_20500DE71C38,child,4,B4:BF:E9:32:FE:91,-78,0,1651,1651,1,1,0,0,0
425839603,NODE_20500DE71C38,child,4,B4:BF:E9:32:FE:91,-78,0,1652,1652,1,1,0,0,0
425939600,NODE_20500DE71C38,child,4,B4:BF:E9:32:FE:91,-78,0,1652,1652,1,1,0,0,0
426040069,NODE_20500DE71C38,child,4,B4:BF:E9:32:FE:91,-79,0,1653,1653,1,1,0,0,0
426139607,NODE_20500DE71C38,child,4,B4:BF:E9:32:FE:91,-79,0,1653,1653,1,1,0,0,0
426239607,NODE_20500DE71C38,child,4,B4:BF:E9:32:FE:91,-79,0,1653,1653,1,1,0,0,0
426339607,NODE_20500DE71C38,child,4,B4:BF:E9:32:FE:91,-79,0,1654,1654,1,1,0,0,0
426439607,NODE_20500DE71C38,child,4,B4:BF:E9:32:FE:91,-79,0,1654,1654,1,1,0,0,0
426539604,NODE_20500DE71C38,child,4,B4:BF:E9:32:FE:91,-79,0,1655,1655,1,1,0,0,0
426639599,NODE_20500DE71C38,child,4,B4:BF:E9:32:FE:91,-79,0,1655,1655,1,1,0,0,0
426739599,NODE_20500DE71C38,child,4,B4:BF:E9:32:FE:91,-79,0,1655,1655,1,1,0,0,0
426839608,NODE_20500DE71C38,child,4,B4:BF:E9:32:FE:91,-79,0,1656,1656,1,1,0,0,0
426939599,NODE_20500DE71C38,child,4,B4:BF:E9:32:FE:91,-79,0,1656,1656,1,1,0,0,0
427039603,NODE_20500DE71C38,child,4,B4:BF:E9:32:FE:91,-79,0,1657,1657,1,1,0,0,0
427139612,NODE_20500DE71C38,child,4,B4:BF:E9:32:FE:91,-78,0,1657,1657,1,1,0,0,0
427239599,NODE_20500DE71C38,child,4,B4:BF:E9:32:FE:91,-78,0,1657,1657,1,1,0,0,0
427339607,NODE_20500DE71C38,child,4,B4:BF:E9:32:FE:91,-78,0,1658,1658,1,1,0,0,0
427439604,NODE_20500DE71C38,child,4,B4:BF:E9:32:FE:91,-78,0,1658,1658,1,1,0,0,0
427539603,NODE_20500DE71C38,child,4,B4:BF:E9:32:FE:91,-78,0,1659,1659,1,1,0,0,0
427639599,NODE_20500DE71C38,child,4,B4:BF:E9:32:FE:91,-78,0,1659,1659,1,1,0,0,0
427739600,NODE_20500DE71C38,child,4,B4:BF:E9:32:FE:91,-78,0,1659,1659,1,1,0,0,0
427839603,NODE_20500DE71C38,child,4,B4:BF:E9:32:FE:91,-78,0,1660,1660,1,1,0,0,0
427939599,NODE_20500DE71C38,child,4,B4:BF:E9:32:FE:91,-78,0,1660,1660,1,1,0,0,0
428039608,NODE_20500DE71C38,child,4,B4:BF:E9:32:FE:91,-78,0,1661,1661,1,1,0,0,0
428139611,NODE_20500DE71C38,child,4,B4:BF:E9:32:FE:91,-79,0,1661,1661,1,1,0,0,0
428239603,NODE_20500DE71C38,child,4,B4:BF:E9:32:FE:91,-79,0,1661,1661,1,1,0,0,0
428339608,NODE_20500DE71C38,child,4,B4:BF:E9:32:FE:91,-79,0,1662,1662,1,1,0,0,0
428439603,NODE_20500DE71C38,child,4,B4:BF:E9:32:FE:91,-79,0,1662,1662,1,1,0,0,0
428539603,NODE_20500DE71C38,child,4,B4:BF:E9:32:FE:91,-79,0,1663,1663,1,1,0,0,0
428639607,NODE_20500DE71C38,child,4,B4:BF:E9:32:FE:91,-79,0,1663,1663,1,1,0,0,0
428739599,NODE_20500DE71C38,child,4,B4:BF:E9:32:FE:91,-79,0,1663,1663,1,1,0,0,0
428839607,NODE_20500DE71C38,child,4,B4:BF:E9:32:FE:91,-79,0,1664,1664,1,1,0,0,0
428939600,NODE_20500DE71C38,child,4,B4:BF:E9:32:FE:91,-79,0,1664,1664,1,1,0,0,0
429039607,NODE_20500DE71C38,child,4,B4:BF:E9:32:FE:91,-79,0,1665,1665,1,1,0,0,0
429139611,NODE_20500DE71C38,child,4,B4:BF:E9:32:FE:91,-79,0,1665,1665,1,1,0,0,0
429239600,NODE_20500DE71C38,child,4,B4:BF:E9:32:FE:91,-79,0,1665,1665,1,1,0,0,0
429339607,NODE_20500DE71C38,child,4,B4:BF:E9:32:FE:91,-79,0,1666,1666,1,1,0,0,0
429439603,NODE_20500DE71C38,child,4,B4:BF:E9:32:FE:91,-79,0,1666,1666,1,1,0,0,0
429539604,NODE_20500DE71C38,child,4,B4:BF:E9:32:FE:91,-79,0,1667,1667,1,1,0,0,0
429639599,NODE_20500DE71C38,child,4,B4:BF:E9:32:FE:91,-79,0,1667,1667,1,1,0,0,0
429739599,NODE_20500DE71C38,child,4,B4:BF:E9:32:FE:91,-79,0,1667,1667,1,1,0,0,0
429839604,NODE_20500DE71C38,child,4,B4:BF:E9:32:FE:91,-79,0,1668,1668,1,1,0,0,0
429939599,NODE_20500DE71C38,child,4,B4:BF:E9:32:FE:91,-79,0,1668,1668,1,1,0,0,0
430039607,NODE_20500DE71C38,child,4,B4:BF:E9:32:FE:91,-79,0,1669,1669,1,1,0,0,0
430139612,NODE_20500DE71C38,child,4,B4:BF:E9:32:FE:91,-79,0,1669,1669,1,1,0,0,0
430239607,NODE_20500DE71C38,child,4,B4:BF:E9:32:FE:91,-79,0,1669,1669,1,1,0,0,0
430339607,NODE_20500DE71C38,child,4,B4:BF:E9:32:FE:91,-79,0,1670,1670,1,1,0,0,0
430439600,NODE_20500DE71C38,child,4,B4:BF:E9:32:FE:91,-79,0,1670,1670,1,1,0,0,0
430539607,NODE_20500DE71C38,child,4,B4:BF:E9:32:FE:91,-79,0,1671,1671,1,1,0,0,0
430639606,NODE_20500DE71C38,child,4,B4:BF:E9:32:FE:91,-79,0,1671,1671,1,1,0,0,0
430739604,NODE_20500DE71C38,child,4,B4:BF:E9:32:FE:91,-79,0,1671,1671,1,1,0,0,0
430839603,NODE_20500DE71C38,child,4,B4:BF:E9:32:FE:91,-79,0,1672,1672,1,1,0,0,0
430939599,NODE_20500DE71C38,child,4,B4:BF:E9:32:FE:91,-79,0,1672,1672,1,1,0,0,0
431039604,NODE_20500DE71C38,child,4,B4:BF:E9:32:FE:91,-79,0,1673,1673,1,1,0,0,0
431139599,NODE_20500DE71C38,child,4,B4:BF:E9:32:FE:91,-79,0,1673,1673,1,1,0,0,0
431239611,NODE_20500DE71C38,child,4,B4:BF:E9:32:FE:91,-79,0,1673,1673,1,1,0,0,0
431339615,NODE_20500DE71C38,child,4,B4:BF:E9:32:FE:91,-79,0,1674,1674,1,1,0,0,0
431439599,NODE_20500DE71C38,child,4,B4:BF:E9:32:FE:91,-79,0,1674,1674,1,1,0,0,0
431539603,NODE_20500DE71C38,child,4,B4:BF:E9:32:FE:91,-79,0,1675,1675,1,1,0,0,0
431639600,NODE_20500DE71C38,child,4,B4:BF:E9:32:FE:91,-79,0,1675,1675,1,1,0,0,0
431739599,NODE_20500DE71C38,child,4,B4:BF:E9:32:FE:91,-79,0,1675,1675,1,1,0,0,0
431839607,NODE_20500DE71C38,child,4,B4:BF:E9:32:FE:91,-79,0,1676,1676,1,1,0,0,0
431939600,NODE_20500DE71C38,child,4,B4:BF:E9:32:FE:91,-79,0,1676,1676,1,1,0,0,0
432039603,NODE_20500DE71C38,child,4,B4:BF:E9:32:FE:91,-79,0,1677,1677,1,1,0,0,0
432139599,NODE_20500DE71C38,child,4,B4:BF:E9:32:FE:91,-79,0,1677,1677,1,1,0,0,0
432239615,NODE_20500DE71C38,child,4,B4:BF:E9:32:FE:91,-79,0,1677,1677,1,1,0,0,0
432339603,NODE_20500DE71C38,child,4,B4:BF:E9:32:FE:91,-79,0,1678,1678,1,1,0,0,0
432439599,NODE_20500DE71C38,child,4,B4:BF:E9:32:FE:91,-79,0,1678,1678,1,1,0,0,0
432539608,NODE_20500DE71C38,child,4,B4:BF:E9:32:FE:91,-79,0,1679,1679,1,1,0,0,0
432639599,NODE_20500DE71C38,child,4,B4:BF:E9:32:FE:91,-79,0,1679,1679,1,1,0,0,0
432739599,NODE_20500DE71C38,child,4,B4:BF:E9:32:FE:91,-79,0,1679,1679,1,1,0,0,0
432839604,NODE_20500DE71C38,child,4,B4:BF:E9:32:FE:91,-79,0,1680,1680,1,1,0,0,0
432939599,NODE_20500DE71C38,child,4,B4:BF:E9:32:FE:91,-79,0,1680,1680,1,1,0,0,0
433039607,NODE_20500DE71C38,child,4,B4:BF:E9:32:FE:91,-79,0,1681,1681,1,1,0,0,0
433139600,NODE_20500DE71C38,child,4,B4:BF:E9:32:FE:91,-79,0,1681,1681,1,1,0,0,0
433239613,NODE_20500DE71C38,child,4,B4:BF:E9:32:FE:91,-79,0,1681,1681,1,1,0,0,0
433340015,NODE_20500DE71C38,child,4,B4:BF:E9:32:FE:91,-79,0,1682,1682,1,1,0,0,0
433439600,NODE_20500DE71C38,child,4,B4:BF:E9:32:FE:91,-79,0,1682,1682,1,1,0,0,0
433539603,NODE_20500DE71C38,child,4,B4:BF:E9:32:FE:91,-79,0,1683,1683,1,1,0,0,0
433639599,NODE_20500DE71C38,child,4,B4:BF:E9:32:FE:91,-79,0,1683,1683,1,1,0,0,0
433739600,NODE_20500DE71C38,child,4,B4:BF:E9:32:FE:91,-79,0,1683,1683,1,1,0,0,0
433839607,NODE_20500DE71C38,child,4,B4:BF:E9:32:FE:91,-79,0,1684,1684,1,1,0,0,0
433939599,NODE_20500DE71C38,child,4,B4:BF:E9:32:FE:91,-79,0,1684,1684,1,1,0,0,0
434039604,NODE_20500DE71C38,child,4,B4:BF:E9:32:FE:91,-79,0,1685,1685,1,1,0,0,0
434139599,NODE_20500DE71C38,child,4,B4:BF:E9:32:FE:91,-79,0,1685,1685,1,1,0,0,0
434239613,NODE_20500DE71C38,child,4,B4:BF:E9:32:FE:91,-79,0,1685,1685,1,1,0,0,0
434339604,NODE_20500DE71C38,child,4,B4:BF:E9:32:FE:91,-79,0,1686,1686,1,1,0,0,0
434439603,NODE_20500DE71C38,child,4,B4:BF:E9:32:FE:91,-79,0,1686,1686,1,1,0,0,0
434539615,NODE_20500DE71C38,child,4,B4:BF:E9:32:FE:91,-79,0,1687,1687,1,1,0,0,0
434639600,NODE_20500DE71C38,child,4,B4:BF:E9:32:FE:91,-79,0,1687,1687,1,1,0,0,0
434739599,NODE_20500DE71C38,child,4,B4:BF:E9:32:FE:91,-79,0,1687,1687,1,1,0,0,0
434839603,NODE_20500DE71C38,child,4,B4:BF:E9:32:FE:91,-79,0,1688,1688,1,1,0,0,0
434939600,NODE_20500DE71C38,child,4,B4:BF:E9:32:FE:91,-79,0,1688,1688,1,1,0,0,0
435039607,NODE_20500DE71C38,child,4,B4:BF:E9:32:FE:91,-79,0,1689,1689,1,1,0,0,0
435139599,NODE_20500DE71C38,child,4,B4:BF:E9:32:FE:91,-79,0,1689,1689,1,1,0,0,0
435239600,NODE_20500DE71C38,child,4,B4:BF:E9:32:FE:91,-79,0,1689,1689,1,1,0,0,0
435339607,NODE_20500DE71C38,child,4,B4:BF:E9:32:FE:91,-80,0,1690,1690,1,1,0,0,0
435439599,NODE_20500DE71C38,child,4,B4:BF:E9:32:FE:91,-80,0,1690,1690,1,1,0,0,0
435539604,NODE_20500DE71C38,child,4,B4:BF:E9:32:FE:91,-80,0,1691,1691,1,1,0,0,0
435639607,NODE_20500DE71C38,child,4,B4:BF:E9:32:FE:91,-80,0,1691,1691,1,1,0,0,0
435739599,NODE_20500DE71C38,child,4,B4:BF:E9:32:FE:91,-80,0,1691,1691,1,1,0,0,0
435839604,NODE_20500DE71C38,child,4,B4:BF:E9:32:FE:91,-80,0,1692,1692,1,1,0,0,0
435939599,NODE_20500DE71C38,child,4,B4:BF:E9:32:FE:91,-80,0,1692,1692,1,1,0,0,0
436039603,NODE_20500DE71C38,child,4,B4:BF:E9:32:FE:91,-80,0,1693,1693,1,1,0,0,0
436139600,NODE_20500DE71C38,child,4,B4:BF:E9:32:FE:91,-80,0,1693,1693,1,1,0,0,0
436239599,NODE_20500DE71C38,child,4,B4:BF:E9:32:FE:91,-80,0,1693,1693,1,1,0,0,0
436339613,NODE_20500DE71C38,child,4,B4:BF:E9:32:FE:91,-79,0,1694,1694,1,1,0,0,0
436439600,NODE_20500DE71C38,child,4,B4:BF:E9:32:FE:91,-79,0,1694,1694,1,1,0,0,0
436539607,NODE_20500DE71C38,child,4,B4:BF:E9:32:FE:91,-79,0,1695,1695,1,1,0,0,0
436639603,NODE_20500DE71C38,child,4,B4:BF:E9:32:FE:91,-79,0,1695,1695,1,1,0,0,0
436739600,NODE_20500DE71C38,child,4,B4:BF:E9:32:FE:91,-79,0,1695,1695,1,1,0,0,0
436839603,NODE_20500DE71C38,child,4,B4:BF:E9:32:FE:91,-79,0,1696,1696,1,1,0,0,0
436939599,NODE_20500DE71C38,child,4,B4:BF:E9:32:FE:91,-79,0,1696,1696,1,1,0,0,0
437039608,NODE_20500DE71C38,child,4,B4:BF:E9:32:FE:91,-79,0,1697,1697,1,1,0,0,0
437139599,NODE_20500DE71C38,child,4,B4:BF:E9:32:FE:91,-79,0,1697,1697,1,1,0,0,0
437239603,NODE_20500DE71C38,child,4,B4:BF:E9:32:FE:91,-79,0,1697,1697,1,1,0,0,0
437339615,NODE_20500DE71C38,child,4,B4:BF:E9:32:FE:91,-79,0,1698,1698,1,1,0,0,0
437439599,NODE_20500DE71C38,child,4,B4:BF:E9:32:FE:91,-79,0,1698,1698,1,1,0,0,0
437539607,NODE_20500DE71C38,child,4,B4:BF:E9:32:FE:91,-79,0,1699,1699,1,1,0,0,0
437639604,NODE_20500DE71C38,child,4,B4:BF:E9:32:FE:91,-79,0,1699,1699,1,1,0,0,0
437739599,NODE_20500DE71C38,child,4,B4:BF:E9:32:FE:91,-79,0,1699,1699,1,1,0,0,0
437839603,NODE_20500DE71C38,child,4,B4:BF:E9:32:FE:91,-79,0,1700,1700,1,1,0,0,0
437939600,NODE_20500DE71C38,child,4,B4:BF:E9:32:FE:91,-79,0,1700,1700,1,1,0,0,0
438039603,NODE_20500DE71C38,child,4,B4:BF:E9:32:FE:91,-79,0,1701,1701,1,1,0,0,0
438139599,NODE_20500DE71C38,child,4,B4:BF:E9:32:FE:91,-79,0,1701,1701,1,1,0,0,0
438239600,NODE_20500DE71C38,child,4,B4:BF:E9:32:FE:91,-79,0,1701,1701,1,1,0,0,0
438339613,NODE_20500DE71C38,child,4,B4:BF:E9:32:FE:91,-79,0,1702,1702,1,1,0,0,0
438439603,NODE_20500DE71C38,child,4,B4:BF:E9:32:FE:91,-79,0,1702,1702,1,1,0,0,0
438539608,NODE_20500DE71C38,child,4,B4:BF:E9:32:FE:91,-79,0,1703,1703,1,1,0,0,0
438639607,NODE_20500DE71C38,child,4,B4:BF:E9:32:FE:91,-79,0,1703,1703,1,1,0,0,0
438739599,NODE_20500DE71C38,child,4,B4:BF:E9:32:FE:91,-79,0,1703,1703,1,1,0,0,0
438839608,NODE_20500DE71C38,child,4,B4:BF:E9:32:FE:91,-79,0,1704,1704,1,1,0,0,0
438939599,NODE_20500DE71C38,child,4,B4:BF:E9:32:FE:91,-79,0,1704,1704,1,1,0,0,0
439039603,NODE_20500DE71C38,child,4,B4:BF:E9:32:FE:91,-79,0,1705,1705,1,1,0,0,0
439139600,NODE_20500DE71C38,child,4,B4:BF:E9:32:FE:91,-79,0,1705,1705,1,1,0,0,0
439239599,NODE_20500DE71C38,child,4,B4:BF:E9:32:FE:91,-79,0,1705,1705,1,1,0,0,0
439339603,NODE_20500DE71C38,child,4,B4:BF:E9:32:FE:91,-79,0,1706,1706,1,1,0,0,0
439439615,NODE_20500DE71C38,child,4,B4:BF:E9:32:FE:91,-79,0,1706,1706,1,1,0,0,0
439539607,NODE_20500DE71C38,child,4,B4:BF:E9:32:FE:91,-79,0,1707,1707,1,1,0,0,0
439639599,NODE_20500DE71C38,child,4,B4:BF:E9:32:FE:91,-79,0,1707,1707,1,1,0,0,0
439739604,NODE_20500DE71C38,child,4,B4:BF:E9:32:FE:91,-79,0,1707,1707,1,1,0,0,0
439839607,NODE_20500DE71C38,child,4,B4:BF:E9:32:FE:91,-79,0,1708,1708,1,1,0,0,0
439939599,NODE_20500DE71C38,child,4,B4:BF:E9:32:FE:91,-79,0,1708,1708,1,1,0,0,0
440039604,NODE_20500DE71C38,child,4,B4:BF:E9:32:FE:91,-79,0,1709,1709,1,1,0,0,0
440139599,NODE_20500DE71C38,child,4,B4:BF:E9:32:FE:91,-79,0,1709,1709,1,1,0,0,0
440239607,NODE_20500DE71C38,child,4,B4:BF:E9:32:FE:91,-79,0,1709,1709,1,1,0,0,0
440339605,NODE_20500DE71C38,child,4,B4:BF:E9:32:FE:91,-79,0,1710,1710,1,1,0,0,0
440439613,NODE_20500DE71C38,child,4,B4:BF:E9:32:FE:91,-79,0,1710,1710,1,1,0,0,0
440539607,NODE_20500DE71C38,child,4,B4:BF:E9:32:FE:91,-79,0,1711,1711,1,1,0,0,0
440639600,NODE_20500DE71C38,child,4,B4:BF:E9:32:FE:91,-79,0,1711,1711,1,1,0,0,0
440739603,NODE_20500DE71C38,child,4,B4:BF:E9:32:FE:91,-79,0,1711,1711,1,1,0,0,0
440839607,NODE_20500DE71C38,child,4,B4:BF:E9:32:FE:91,-79,0,1712,1712,1,1,0,0,0
440939600,NODE_20500DE71C38,child,4,B4:BF:E9:32:FE:91,-79,0,1712,1712,1,1,0,0,0
441039603,NODE_20500DE71C38,child,4,B4:BF:E9:32:FE:91,-79,0,1713,1713,1,1,0,0,0
441139599,NODE_20500DE71C38,child,4,B4:BF:E9:32:FE:91,-79,0,1713,1713,1,1,0,0,0
441239600,NODE_20500DE71C38,child,4,B4:BF:E9:32:FE:91,-79,0,1713,1713,1,1,0,0,0
441339609,NODE_20500DE71C38,child,4,B4:BF:E9:32:FE:91,-79,0,1714,1714,1,1,0,0,0
441439611,NODE_20500DE71C38,child,4,B4:BF:E9:32:FE:91,-79,0,1714,1714,1,1,0,0,0
441539608,NODE_20500DE71C38,child,4,B4:BF:E9:32:FE:91,-79,0,1715,1715,1,1,0,0,0
441639599,NODE_20500DE71C38,child,4,B4:BF:E9:32:FE:91,-79,0,1715,1715,1,1,0,0,0
441739603,NODE_20500DE71C38,child,4,B4:BF:E9:32:FE:91,-79,0,1715,1715,1,1,0,0,0
441839604,NODE_20500DE71C38,child,4,B4:BF:E9:32:FE:91,-79,0,1716,1716,1,1,0,0,0
441939599,NODE_20500DE71C38,child,4,B4:BF:E9:32:FE:91,-79,0,1716,1716,1,1,0,0,0
442039603,NODE_20500DE71C38,child,4,B4:BF:E9:32:FE:91,-79,0,1717,1717,1,1,0,0,0
442139604,NODE_20500DE71C38,child,4,B4:BF:E9:32:FE:91,-79,0,1717,1717,1,1,0,0,0
442239603,NODE_20500DE71C38,child,4,B4:BF:E9:32:FE:91,-79,0,1717,1717,1,1,0,0,0
442339607,NODE_20500DE71C38,child,4,B4:BF:E9:32:FE:91,-79,0,1718,1718,1,1,0,0,0
442439612,NODE_20500DE71C38,child,4,B4:BF:E9:32:FE:91,-79,0,1718,1718,1,1,0,0,0
442539603,NODE_20500DE71C38,child,4,B4:BF:E9:32:FE:91,-79,0,1719,1719,1,1,0,0,0
442639599,NODE_20500DE71C38,child,4,B4:BF:E9:32:FE:91,-79,0,1719,1719,1,1,0,0,0
442739604,NODE_20500DE71C38,child,4,B4:BF:E9:32:FE:91,-79,0,1719,1719,1,1,0,0,0
442839607,NODE_20500DE71C38,child,4,B4:BF:E9:32:FE:91,-79,0,1720,1720,1,1,0,0,0
442939599,NODE_20500DE71C38,child,4,B4:BF:E9:32:FE:91,-79,0,1720,1720,1,1,0,0,0
443039604,NODE_20500DE71C38,child,4,B4:BF:E9:32:FE:91,-79,0,1721,1721,1,1,0,0,0
443139599,NODE_20500DE71C38,child,4,B4:BF:E9:32:FE:91,-79,0,1721,1721,1,1,0,0,0
443239603,NODE_20500DE71C38,child,4,B4:BF:E9:32:FE:91,-79,0,1721,1721,1,1,0,0,0
443339608,NODE_20500DE71C38,child,4,B4:BF:E9:32:FE:91,-79,0,1722,1722,1,1,0,0,0
443439599,NODE_20500DE71C38,child,4,B4:BF:E9:32:FE:91,-79,0,1722,1722,1,1,0,0,0
443539607,NODE_20500DE71C38,child,4,B4:BF:E9:32:FE:91,-79,0,1723,1723,1,1,0,0,0
443639600,NODE_20500DE71C38,child,4,B4:BF:E9:32:FE:91,-79,0,1723,1723,1,1,0,0,0
443739599,NODE_20500DE71C38,child,4,B4:BF:E9:32:FE:91,-79,0,1723,1723,1,1,0,0,0
443839603,NODE_20500DE71C38,child,4,B4:BF:E9:32:FE:91,-79,0,1724,1724,1,1,0,0,0
443939600,NODE_20500DE71C38,child,4,B4:BF:E9:32:FE:91,-79,0,1724,1724,1,1,0,0,0
444039607,NODE_20500DE71C38,child,4,B4:BF:E9:32:FE:91,-79,0,1725,1725,1,1,0,0,0
444139599,NODE_20500DE71C38,child,4,B4:BF:E9:32:FE:91,-79,0,1725,1725,1,1,0,0,0
444239600,NODE_20500DE71C38,child,4,B4:BF:E9:32:FE:91,-79,0,1725,1725,1,1,0,0,0
444339603,NODE_20500DE71C38,child,4,B4:BF:E9:32:FE:91,-79,0,1726,1726,1,1,0,0,0
444439599,NODE_20500DE71C38,child,4,B4:BF:E9:32:FE:91,-79,0,1726,1726,1,1,0,0,0
444539608,NODE_20500DE71C38,child,4,B4:BF:E9:32:FE:91,-79,0,1727,1727,1,1,0,0,0
444639606,NODE_20500DE71C38,child,4,B4:BF:E9:32:FE:91,-79,0,1727,1727,1,1,0,0,0
444739599,NODE_20500DE71C38,child,4,B4:BF:E9:32:FE:91,-79,0,1727,1727,1,1,0,0,0
444839608,NODE_20500DE71C38,child,4,B4:BF:E9:32:FE:91,-79,0,1728,1728,1,1,0,0,0
444939599,NODE_20500DE71C38,child,4,B4:BF:E9:32:FE:91,-79,0,1728,1728,1,1,0,0,0
445039603,NODE_20500DE71C38,child,4,B4:BF:E9:32:FE:91,-79,0,1729,1729,1,1,0,0,0
445139600,NODE_20500DE71C38,child,4,B4:BF:E9:32:FE:91,-79,0,1729,1729,1,1,0,0,0
445239599,NODE_20500DE71C38,child,4,B4:BF:E9:32:FE:91,-79,0,1729,1729,1,1,0,0,0
445339607,NODE_20500DE71C38,child,4,B4:BF:E9:32:FE:91,-79,0,1730,1730,1,1,0,0,0
445439600,NODE_20500DE71C38,child,4,B4:BF:E9:32:FE:91,-79,0,1730,1730,1,1,0,0,0
445539607,NODE_20500DE71C38,child,4,B4:BF:E9:32:FE:91,-80,0,1731,1731,1,1,0,0,0
445639599,NODE_20500DE71C38,child,4,B4:BF:E9:32:FE:91,-80,0,1731,1731,1,1,0,0,0
445739600,NODE_20500DE71C38,child,4,B4:BF:E9:32:FE:91,-80,0,1731,1731,1,1,0,0,0
445839607,NODE_20500DE71C38,child,4,B4:BF:E9:32:FE:91,-80,0,1732,1732,1,1,0,0,0
445939599,NODE_20500DE71C38,child,4,B4:BF:E9:32:FE:91,-80,0,1732,1732,1,1,0,0,0
446039608,NODE_20500DE71C38,child,4,B4:BF:E9:32:FE:91,-80,0,1733,1733,1,1,0,0,0
446139599,NODE_20500DE71C38,child,4,B4:BF:E9:32:FE:91,-80,0,1733,1733,1,1,0,0,0
446239603,NODE_20500DE71C38,child,4,B4:BF:E9:32:FE:91,-80,0,1733,1733,1,1,0,0,0
446339604,NODE_20500DE71C38,child,4,B4:BF:E9:32:FE:91,-80,0,1734,1734,1,1,0,0,0
446439599,NODE_20500DE71C38,child,4,B4:BF:E9:32:FE:91,-80,0,1734,1734,1,1,0,0,0
446539607,NODE_20500DE71C38,child,4,B4:BF:E9:32:FE:91,-79,0,1735,1735,1,1,0,0,0
446639607,NODE_20500DE71C38,child,4,B4:BF:E9:32:FE:91,-79,0,1735,1735,1,1,0,0,0
446739599,NODE_20500DE71C38,child,4,B4:BF:E9:32:FE:91,-79,0,1735,1735,1,1,0,0,0
446839611,NODE_20500DE71C38,child,4,B4:BF:E9:32:FE:91,-79,0,1736,1736,1,1,0,0,0
446939600,NODE_20500DE71C38,child,4,B4:BF:E9:32:FE:91,-79,0,1736,1736,1,1,0,0,0
447039603,NODE_20500DE71C38,child,4,B4:BF:E9:32:FE:91,-79,0,1737,1737,1,1,0,0,0
447139599,NODE_20500DE71C38,child,4,B4:BF:E9:32:FE:91,-79,0,1737,1737,1,1,0,0,0
447239604,NODE_20500DE71C38,child,4,B4:BF:E9:32:FE:91,-79,0,1737,1737,1,1,0,0,0
447339604,NODE_20500DE71C38,child,4,B4:BF:E9:32:FE:91,-79,0,1738,1738,1,1,0,0,0
447439607,NODE_20500DE71C38,child,4,B4:BF:E9:32:FE:91,-79,0,1738,1738,1,1,0,0,0
447539604,NODE_20500DE71C38,child,4,B4:BF:E9:32:FE:91,-79,0,1739,1739,1,1,0,0,0
447639611,NODE_20500DE71C38,child,4,B4:BF:E9:32:FE:91,-80,0,1739,1739,1,1,0,0,0
447739599,NODE_20500DE71C38,child,4,B4:BF:E9:32:FE:91,-80,0,1739,1739,1,1,0,0,0
447839608,NODE_20500DE71C38,child,4,B4:BF:E9:32:FE:91,-80,0,1740,1740,1,1,0,0,0
447939603,NODE_20500DE71C38,child,4,B4:BF:E9:32:FE:91,-80,0,1740,1740,1,1,0,0,0
448039607,NODE_20500DE71C38,child,4,B4:BF:E9:32:FE:91,-80,0,1741,1741,1,1,0,0,0
448139600,NODE_20500DE71C38,child,4,B4:BF:E9:32:FE:91,-80,0,1741,1741,1,1,0,0,0
448239599,NODE_20500DE71C38,child,4,B4:BF:E9:32:FE:91,-80,0,1741,1741,1,1,0,0,0
448339599,NODE_20500DE71C38,child,4,B4:BF:E9:32:FE:91,-80,0,1742,1742,1,1,0,0,0
448439600,NODE_20500DE71C38,child,4,B4:BF:E9:32:FE:91,-80,0,1742,1742,1,1,0,0,0
448539607,NODE_20500DE71C38,child,4,B4:BF:E9:32:FE:91,-80,0,1743,1743,1,1,0,0,0
448639611,NODE_20500DE71C38,child,4,B4:BF:E9:32:FE:91,-79,0,1743,1743,1,1,0,0,0
448739600,NODE_20500DE71C38,child,4,B4:BF:E9:32:FE:91,-79,0,1743,1743,1,1,0,0,0
448839603,NODE_20500DE71C38,child,4,B4:BF:E9:32:FE:91,-79,0,1744,1744,1,1,0,0,0
448939603,NODE_20500DE71C38,child,4,B4:BF:E9:32:FE:91,-79,0,1744,1744,1,1,0,0,0
449039604,NODE_20500DE71C38,child,4,B4:BF:E9:32:FE:91,-79,0,1745,1745,1,1,0,0,0
449139599,NODE_20500DE71C38,child,4,B4:BF:E9:32:FE:91,-79,0,1745,1745,1,1,0,0,0
449239609,NODE_20500DE71C38,child,4,B4:BF:E9:32:FE:91,-79,0,1745,1745,1,1,0,0,0
449339604,NODE_20500DE71C38,child,4,B4:BF:E9:32:FE:91,-79,0,1746,1746,1,1,0,0,0
449439599,NODE_20500DE71C38,child,4,B4:BF:E9:32:FE:91,-79,0,1746,1746,1,1,0,0,0
449539607,NODE_20500DE71C38,child,4,B4:BF:E9:32:FE:91,-79,0,1747,1747,1,1,0,0,0
449639612,NODE_20500DE71C38,child,4,B4:BF:E9:32:FE:91,-79,0,1747,1747,1,1,0,0,0
449739599,NODE_20500DE71C38,child,4,B4:BF:E9:32:FE:91,-79,0,1747,1747,1,1,0,0,0
449839607,NODE_20500DE71C38,child,4,B4:BF:E9:32:FE:91,-79,0,1748,1748,1,1,0,0,0
449939604,NODE_20500DE71C38,child,4,B4:BF:E9:32:FE:91,-79,0,1748,1748,1,1,0,0,0
450039603,NODE_20500DE71C38,child,4,B4:BF:E9:32:FE:91,-79,0,1749,1749,1,1,0,0,0
450139599,NODE_20500DE71C38,child,4,B4:BF:E9:32:FE:91,-79,0,1749,1749,1,1,0,0,0
450239600,NODE_20500DE71C38,child,4,B4:BF:E9:32:FE:91,-79,0,1749,1749,1,1,0,0,0
450339603,NODE_20500DE71C38,child,4,B4:BF:E9:32:FE:91,-79,0,1750,1750,1,1,0,0,0
450439599,NODE_20500DE71C38,child,4,B4:BF:E9:32:FE:91,-79,0,1750,1750,1,1,0,0,0
450539608,NODE_20500DE71C38,child,4,B4:BF:E9:32:FE:91,-79,0,1751,1751,1,1,0,0,0
450639611,NODE_20500DE71C38,child,4,B4:BF:E9:32:FE:91,-79,0,1751,1751,1,1,0,0,0
450739599,NODE_20500DE71C38,child,4,B4:BF:E9:32:FE:91,-79,0,1751,1751,1,1,0,0,0
450839615,NODE_20500DE71C38,child,4,B4:BF:E9:32:FE:91,-79,0,1752,1752,1,1,0,0,0
450939607,NODE_20500DE71C38,child,4,B4:BF:E9:32:FE:91,-79,0,1752,1752,1,1,0,0,0
451039607,NODE_20500DE71C38,child,4,B4:BF:E9:32:FE:91,-79,0,1753,1753,1,1,0,0,0
451139600,NODE_20500DE71C38,child,4,B4:BF:E9:32:FE:91,-79,0,1753,1753,1,1,0,0,0
451239599,NODE_20500DE71C38,child,4,B4:BF:E9:32:FE:91,-79,0,1753,1753,1,1,0,0,0
451339609,NODE_20500DE71C38,child,4,B4:BF:E9:32:FE:91,-79,0,1754,1754,1,1,0,0,0
451439600,NODE_20500DE71C38,child,4,B4:BF:E9:32:FE:91,-79,0,1754,1754,1,1,0,0,0
451539603,NODE_20500DE71C38,child,4,B4:BF:E9:32:FE:91,-79,0,1755,1755,1,1,0,0,0
451640038,NODE_20500DE71C38,child,4,B4:BF:E9:32:FE:91,-79,0,1755,1755,1,1,0,0,0
451739608,NODE_20500DE71C38,child,4,B4:BF:E9:32:FE:91,-79,0,1755,1755,1,1,0,0,0
451839607,NODE_20500DE71C38,child,4,B4:BF:E9:32:FE:91,-79,0,1756,1756,1,1,0,0,0
451939599,NODE_20500DE71C38,child,4,B4:BF:E9:32:FE:91,-79,0,1756,1756,1,1,0,0,0
452039608,NODE_20500DE71C38,child,4,B4:BF:E9:32:FE:91,-79,0,1757,1757,1,1,0,0,0
452139599,NODE_20500DE71C38,child,4,B4:BF:E9:32:FE:91,-79,0,1757,1757,1,1,0,0,0
452239603,NODE_20500DE71C38,child,4,B4:BF:E9:32:FE:91,-79,0,1757,1757,1,1,0,0,0
452339608,NODE_20500DE71C38,child,4,B4:BF:E9:32:FE:91,-79,0,1758,1758,1,1,0,0,0
452439599,NODE_20500DE71C38,child,4,B4:BF:E9:32:FE:91,-79,0,1758,1758,1,1,0,0,0
452539603,NODE_20500DE71C38,child,4,B4:BF:E9:32:FE:91,-79,0,1759,1759,1,1,0,0,0
452639600,NODE_20500DE71C38,child,4,B4:BF:E9:32:FE:91,-79,0,1759,1759,1,1,0,0,0
452739613,NODE_20500DE71C38,child,4,B4:BF:E9:32:FE:91,-79,0,1759,1759,1,1,0,0,0
452839607,NODE_20500DE71C38,child,4,B4:BF:E9:32:FE:91,-79,0,1760,1760,1,1,0,0,0
452939600,NODE_20500DE71C38,child,4,B4:BF:E9:32:FE:91,-79,0,1760,1760,1,1,0,0,0
453039607,NODE_20500DE71C38,child,4,B4:BF:E9:32:FE:91,-79,0,1761,1761,1,1,0,0,0
453139599,NODE_20500DE71C38,child,4,B4:BF:E9:32:FE:91,-79,0,1761,1761,1,1,0,0,0
453239600,NODE_20500DE71C38,child,4,B4:BF:E9:32:FE:91,-79,0,1761,1761,1,1,0,0,0
453339603,NODE_20500DE71C38,child,4,B4:BF:E9:32:FE:91,-79,0,1762,1762,1,1,0,0,0
453439599,NODE_20500DE71C38,child,4,B4:BF:E9:32:FE:91,-79,0,1762,1762,1,1,0,0,0
453539604,NODE_20500DE71C38,child,4,B4:BF:E9:32:FE:91,-79,0,1763,1763,1,1,0,0,0
453639603,NODE_20500DE71C38,child,4,B4:BF:E9:32:FE:91,-79,0,1763,1763,1,1,0,0,0
453739613,NODE_20500DE71C38,child,4,B4:BF:E9:32:FE:91,-79,0,1763,1763,1,1,0,0,0
453839604,NODE_20500DE71C38,child,4,B4:BF:E9:32:FE:91,-79,0,1764,1764,1,1,0,0,0
453939599,NODE_20500DE71C38,child,4,B4:BF:E9:32:FE:91,-79,0,1764,1764,1,1,0,0,0
454039607,NODE_20500DE71C38,child,4,B4:BF:E9:32:FE:91,-79,0,1765,1765,1,1,0,0,0
454139600,NODE_20500DE71C38,child,4,B4:BF:E9:32:FE:91,-79,0,1765,1765,1,1,0,0,0
454239599,NODE_20500DE71C38,child,4,B4:BF:E9:32:FE:91,-79,0,1765,1765,1,1,0,0,0
454339608,NODE_20500DE71C38,child,4,B4:BF:E9:32:FE:91,-79,0,1766,1766,1,1,0,0,0
454439608,NODE_20500DE71C38,child,4,B4:BF:E9:32:FE:91,-79,0,1766,1766,1,1,0,0,0
454539603,NODE_20500DE71C38,child,4,B4:BF:E9:32:FE:91,-79,0,1767,1767,1,1,0,0,0
454639599,NODE_20500DE71C38,child,4,B4:BF:E9:32:FE:91,-79,0,1767,1767,1,1,0,0,0
454739615,NODE_20500DE71C38,child,4,B4:BF:E9:32:FE:91,-79,0,1767,1767,1,1,0,0,0
454839607,NODE_20500DE71C38,child,4,B4:BF:E9:32:FE:91,-79,0,1768,1768,1,1,0,0,0
454939599,NODE_20500DE71C38,child,4,B4:BF:E9:32:FE:91,-79,0,1768,1768,1,1,0,0,0
455039608,NODE_20500DE71C38,child,4,B4:BF:E9:32:FE:91,-79,0,1769,1769,1,1,0,0,0
455139599,NODE_20500DE71C38,child,4,B4:BF:E9:32:FE:91,-79,0,1769,1769,1,1,0,0,0
455239603,NODE_20500DE71C38,child,4,B4:BF:E9:32:FE:91,-79,0,1769,1769,1,1,0,0,0
455339604,NODE_20500DE71C38,child,4,B4:BF:E9:32:FE:91,-79,0,1770,1770,1,1,0,0,0
455439599,NODE_20500DE71C38,child,4,B4:BF:E9:32:FE:91,-79,0,1770,1770,1,1,0,0,0
455539607,NODE_20500DE71C38,child,4,B4:BF:E9:32:FE:91,-79,0,1771,1771,1,1,0,0,0
455639600,NODE_20500DE71C38,child,4,B4:BF:E9:32:FE:91,-79,0,1771,1771,1,1,0,0,0
455739810,NODE_20500DE71C38,child,4,B4:BF:E9:32:FE:91,-79,0,1771,1771,1,1,0,0,0
455839607,NODE_20500DE71C38,child,4,B4:BF:E9:32:FE:91,-79,0,1772,1772,1,1,0,0,0
455939600,NODE_20500DE71C38,child,4,B4:BF:E9:32:FE:91,-79,0,1772,1772,1,1,0,0,0
456039607,NODE_20500DE71C38,child,4,B4:BF:E9:32:FE:91,-79,0,1773,1773,1,1,0,0,0
456139607,NODE_20500DE71C38,child,4,B4:BF:E9:32:FE:91,-79,0,1773,1773,1,1,0,0,0
456239604,NODE_20500DE71C38,child,4,B4:BF:E9:32:FE:91,-79,0,1773,1773,1,1,0,0,0
456339603,NODE_20500DE71C38,child,4,B4:BF:E9:32:FE:91,-79,0,1774,1774,1,1,0,0,0
456439599,NODE_20500DE71C38,child,4,B4:BF:E9:32:FE:91,-79,0,1774,1774,1,1,0,0,0
456539604,NODE_20500DE71C38,child,4,B4:BF:E9:32:FE:91,-79,0,1775,1775,1,1,0,0,0
456639599,NODE_20500DE71C38,child,4,B4:BF:E9:32:FE:91,-79,0,1775,1775,1,1,0,0,0
456739599,NODE_20500DE71C38,child,4,B4:BF:E9:32:FE:91,-79,0,1775,1775,1,1,0,0,0
456839608,NODE_20500DE71C38,child,4,B4:BF:E9:32:FE:91,-79,0,1776,1776,1,1,0,0,0
456939599,NODE_20500DE71C38,child,4,B4:BF:E9:32:FE:91,-79,0,1776,1776,1,1,0,0,0
457039603,NODE_20500DE71C38,child,4,B4:BF:E9:32:FE:91,-79,0,1777,1777,1,1,0,0,0
457139604,NODE_20500DE71C38,child,4,B4:BF:E9:32:FE:91,-79,0,1777,1777,1,1,0,0,0
457239599,NODE_20500DE71C38,child,4,B4:BF:E9:32:FE:91,-79,0,1777,1777,1,1,0,0,0
457339603,NODE_20500DE71C38,child,4,B4:BF:E9:32:FE:91,-79,0,1778,1778,1,1,0,0,0
457439600,NODE_20500DE71C38,child,4,B4:BF:E9:32:FE:91,-79,0,1778,1778,1,1,0,0,0
457539607,NODE_20500DE71C38,child,4,B4:BF:E9:32:FE:91,-79,0,1779,1779,1,1,0,0,0
457639599,NODE_20500DE71C38,child,4,B4:BF:E9:32:FE:91,-79,0,1779,1779,1,1,0,0,0
457739600,NODE_20500DE71C38,child,4,B4:BF:E9:32:FE:91,-79,0,1779,1779,1,1,0,0,0
457839611,NODE_20500DE71C38,child,4,B4:BF:E9:32:FE:91,-79,0,1780,1780,1,1,0,0,0
457939599,NODE_20500DE71C38,child,4,B4:BF:E9:32:FE:91,-79,0,1780,1780,1,1,0,0,0
458039608,NODE_20500DE71C38,child,4,B4:BF:E9:32:FE:91,-79,0,1781,1781,1,1,0,0,0
458139603,NODE_20500DE71C38,child,4,B4:BF:E9:32:FE:91,-79,0,1781,1781,1,1,0,0,0
458239607,NODE_20500DE71C38,child,4,B4:BF:E9:32:FE:91,-79,0,1781,1781,1,1,0,0,0
458339604,NODE_20500DE71C38,child,4,B4:BF:E9:32:FE:91,-79,0,1782,1782,1,1,0,0,0
458439599,NODE_20500DE71C38,child,4,B4:BF:E9:32:FE:91,-79,0,1782,1782,1,1,0,0,0
458539603,NODE_20500DE71C38,child,4,B4:BF:E9:32:FE:91,-79,0,1783,1783,1,1,0,0,0
458639600,NODE_20500DE71C38,child,4,B4:BF:E9:32:FE:91,-79,0,1783,1783,1,1,0,0,0
458739599,NODE_20500DE71C38,child,4,B4:BF:E9:32:FE:91,-79,0,1783,1783,1,1,0,0,0
458839611,NODE_20500DE71C38,child,4,B4:BF:E9:32:FE:91,-79,0,1784,1784,1,1,0,0,0
458939600,NODE_20500DE71C38,child,4,B4:BF:E9:32:FE:91,-79,0,1784,1784,1,1,0,0,0
459039607,NODE_20500DE71C38,child,4,B4:BF:E9:32:FE:91,-79,0,1785,1785,1,1,0,0,0
459139603,NODE_20500DE71C38,child,4,B4:BF:E9:32:FE:91,-79,0,1785,1785,1,1,0,0,0
459239600,NODE_20500DE71C38,child,4,B4:BF:E9:32:FE:91,-79,0,1785,1785,1,1,0,0,0
459339607,NODE_20500DE71C38,child,4,B4:BF:E9:32:FE:91,-79,0,1786,1786,1,1,0,0,0
459439599,NODE_20500DE71C38,child,4,B4:BF:E9:32:FE:91,-79,0,1786,1786,1,1,0,0,0
459539604,NODE_20500DE71C38,child,4,B4:BF:E9:32:FE:91,-79,0,1787,1787,1,1,0,0,0
459639599,NODE_20500DE71C38,child,4,B4:BF:E9:32:FE:91,-79,0,1787,1787,1,1,0,0,0
459739599,NODE_20500DE71C38,child,4,B4:BF:E9:32:FE:91,-79,0,1787,1787,1,1,0,0,0
459839615,NODE_20500DE71C38,child,4,B4:BF:E9:32:FE:91,-80,0,1788,1788,1,1,0,0,0
459939603,NODE_20500DE71C38,child,4,B4:BF:E9:32:FE:91,-80,0,1788,1788,1,1,0,0,0
460039607,NODE_20500DE71C38,child,4,B4:BF:E9:32:FE:91,-80,0,1789,1789,1,1,0,0,0
460139608,NODE_20500DE71C38,child,4,B4:BF:E9:32:FE:91,-80,0,1789,1789,1,1,0,0,0
460239599,NODE_20500DE71C38,child,4,B4:BF:E9:32:FE:91,-80,0,1789,1789,1,1,0,0,0
460339603,NODE_20500DE71C38,child,4,B4:BF:E9:32:FE:91,-80,0,1790,1790,1,1,0,0,0
460439600,NODE_20500DE71C38,child,4,B4:BF:E9:32:FE:91,-80,0,1790,1790,1,1,0,0,0
460539603,NODE_20500DE71C38,child,4,B4:BF:E9:32:FE:91,-80,0,1791,1791,1,1,0,0,0
460639603,NODE_20500DE71C38,child,4,B4:BF:E9:32:FE:91,-80,0,1791,1791,1,1,0,0,0
460739600,NODE_20500DE71C38,child,4,B4:BF:E9:32:FE:91,-80,0,1791,1791,1,1,0,0,0
460839603,NODE_20500DE71C38,child,4,B4:BF:E9:32:FE:91,-80,0,1792,1792,1,1,0,0,0
460939613,NODE_20500DE71C38,child,4,B4:BF:E9:32:FE:91,-79,0,1792,1792,1,1,0,0,0
461039604,NODE_20500DE71C38,child,4,B4:BF:E9:32:FE:91,-79,0,1793,1793,1,1,0,0,0
461139599,NODE_20500DE71C38,child,4,B4:BF:E9:32:FE:91,-79,0,1793,1793,1,1,0,0,0
461239607,NODE_20500DE71C38,child,4,B4:BF:E9:32:FE:91,-79,0,1793,1793,1,1,0,0,0
461339616,NODE_20500DE71C38,child,4,B4:BF:E9:32:FE:91,-79,0,1794,1794,1,1,0,0,0
461439607,NODE_20500DE71C38,child,4,B4:BF:E9:32:FE:91,-79,0,1794,1794,1,1,0,0,0
461539603,NODE_20500DE71C38,child,4,B4:BF:E9:32:FE:91,-79,0,1795,1795,1,1,0,0,0
461639600,NODE_20500DE71C38,child,4,B4:BF:E9:32:FE:91,-79,0,1795,1795,1,1,0,0,0
461739599,NODE_20500DE71C38,child,4,B4:BF:E9:32:FE:91,-79,0,1795,1795,1,1,0,0,0
461839607,NODE_20500DE71C38,child,4,B4:BF:E9:32:FE:91,-79,0,1796,1796,1,1,0,0,0
461939615,NODE_20500DE71C38,child,4,B4:BF:E9:32:FE:91,-80,0,1796,1796,1,1,0,0,0
462039603,NODE_20500DE71C38,child,4,B4:BF:E9:32:FE:91,-80,0,1797,1797,1,1,0,0,0
462139599,NODE_20500DE71C38,child,4,B4:BF:E9:32:FE:91,-80,0,1797,1797,1,1,0,0,0
462239604,NODE_20500DE71C38,child,4,B4:BF:E9:32:FE:91,-80,0,1797,1797,1,1,0,0,0
462339603,NODE_20500DE71C38,child,4,B4:BF:E9:32:FE:91,-80,0,1798,1798,1,1,0,0,0
462439599,NODE_20500DE71C38,child,4,B4:BF:E9:32:FE:91,-80,0,1798,1798,1,1,0,0,0
462539604,NODE_20500DE71C38,child,4,B4:BF:E9:32:FE:91,-80,0,1799,1799,1,1,0,0,0
462639603,NODE_20500DE71C38,child,4,B4:BF:E9:32:FE:91,-80,0,1799,1799,1,1,0,0,0
462739599,NODE_20500DE71C38,child,4,B4:BF:E9:32:FE:91,-80,0,1799,1799,1,1,0,0,0
462839604,NODE_20500DE71C38,child,4,B4:BF:E9:32:FE:91,-80,0,1800,1800,1,1,0,0,0
462939613,NODE_20500DE71C38,child,4,B4:BF:E9:32:FE:91,-80,0,1800,1800,1,1,0,0,0
463039607,NODE_20500DE71C38,child,4,B4:BF:E9:32:FE:91,-80,0,1801,1801,1,1,0,0,0
463139600,NODE_20500DE71C38,child,4,B4:BF:E9:32:FE:91,-80,0,1801,1801,1,1,0,0,0
463239603,NODE_20500DE71C38,child,4,B4:BF:E9:32:FE:91,-80,0,1801,1801,1,1,0,0,0
463339607,NODE_20500DE71C38,child,4,B4:BF:E9:32:FE:91,-80,0,1802,1802,1,1,0,0,0
463439600,NODE_20500DE71C38,child,4,B4:BF:E9:32:FE:91,-80,0,1802,1802,1,1,0,0,0
463539603,NODE_20500DE71C38,child,4,B4:BF:E9:32:FE:91,-80,0,1803,1803,1,1,0,0,0
463639606,NODE_20500DE71C38,child,4,B4:BF:E9:32:FE:91,-80,0,1803,1803,1,1,0,0,0
463739600,NODE_20500DE71C38,child,4,B4:BF:E9:32:FE:91,-80,0,1803,1803,1,1,0,0,0
463839617,NODE_20500DE71C38,child,4,B4:BF:E9:32:FE:91,-80,0,1804,1804,1,1,0,0,0
463939611,NODE_20500DE71C38,child,4,B4:BF:E9:32:FE:91,-80,0,1804,1804,1,1,0,0,0
464039608,NODE_20500DE71C38,child,4,B4:BF:E9:32:FE:91,-80,0,1805,1805,1,1,0,0,0
464139599,NODE_20500DE71C38,child,4,B4:BF:E9:32:FE:91,-80,0,1805,1805,1,1,0,0,0
464239611,NODE_20500DE71C38,child,4,B4:BF:E9:32:FE:91,-80,0,1805,1805,1,1,0,0,0
464339604,NODE_20500DE71C38,child,4,B4:BF:E9:32:FE:91,-80,0,1806,1806,1,1,0,0,0
464439599,NODE_20500DE71C38,child,4,B4:BF:E9:32:FE:91,-80,0,1806,1806,1,1,0,0,0
464539607,NODE_20500DE71C38,child,4,B4:BF:E9:32:FE:91,-80,0,1807,1807,1,1,0,0,0
464639600,NODE_20500DE71C38,child,4,B4:BF:E9:32:FE:91,-80,0,1807,1807,1,1,0,0,0
464739599,NODE_20500DE71C38,child,4,B4:BF:E9:32:FE:91,-80,0,1807,1807,1,1,0,0,0
464839603,NODE_20500DE71C38,child,4,B4:BF:E9:32:FE:91,-80,0,1808,1808,1,1,0,0,0
464939600,NODE_20500DE71C38,child,4,B4:BF:E9:32:FE:91,-80,0,1808,1808,1,1,0,0,0
465039607,NODE_20500DE71C38,child,4,B4:BF:E9:32:FE:91,-80,0,1809,1809,1,1,0,0,0
465139599,NODE_20500DE71C38,child,4,B4:BF:E9:32:FE:91,-80,0,1809,1809,1,1,0,0,0
465239607,NODE_20500DE71C38,child,4,B4:BF:E9:32:FE:91,-80,0,1809,1809,1,1,0,0,0
465339607,NODE_20500DE71C38,child,4,B4:BF:E9:32:FE:91,-80,0,1810,1810,1,1,0,0,0
465439599,NODE_20500DE71C38,child,4,B4:BF:E9:32:FE:91,-80,0,1810,1810,1,1,0,0,0
465539604,NODE_20500DE71C38,child,4,B4:BF:E9:32:FE:91,-80,0,1811,1811,1,1,0,0,0
465639599,NODE_20500DE71C38,child,4,B4:BF:E9:32:FE:91,-80,0,1811,1811,1,1,0,0,0
465739599,NODE_20500DE71C38,child,4,B4:BF:E9:32:FE:91,-80,0,1811,1811,1,1,0,0,0
465839608,NODE_20500DE71C38,child,4,B4:BF:E9:32:FE:91,-80,0,1812,1812,1,1,0,0,0
465939599,NODE_20500DE71C38,child,4,B4:BF:E9:32:FE:91,-80,0,1812,1812,1,1,0,0,0
466039607,NODE_20500DE71C38,child,4,B4:BF:E9:32:FE:91,-81,0,1813,1813,1,1,0,0,0
466139600,NODE_20500DE71C38,child,4,B4:BF:E9:32:FE:91,-81,0,1813,1813,1,1,0,0,0
466239599,NODE_20500DE71C38,child,4,B4:BF:E9:32:FE:91,-81,0,1813,1813,1,1,0,0,0
466339603,NODE_20500DE71C38,child,4,B4:BF:E9:32:FE:91,-81,0,1814,1814,1,1,0,0,0
466439600,NODE_20500DE71C38,child,4,B4:BF:E9:32:FE:91,-81,0,1814,1814,1,1,0,0,0
466539607,NODE_20500DE71C38,child,4,B4:BF:E9:32:FE:91,-81,0,1815,1815,1,1,0,0,0
466639599,NODE_20500DE71C38,child,4,B4:BF:E9:32:FE:91,-81,0,1815,1815,1,1,0,0,0
466739600,NODE_20500DE71C38,child,4,B4:BF:E9:32:FE:91,-81,0,1815,1815,1,1,0,0,0
466839607,NODE_20500DE71C38,child,4,B4:BF:E9:32:FE:91,-81,0,1816,1816,1,1,0,0,0
466939599,NODE_20500DE71C38,child,4,B4:BF:E9:32:FE:91,-81,0,1816,1816,1,1,0,0,0
467039608,NODE_20500DE71C38,child,4,B4:BF:E9:32:FE:91,-80,0,1817,1817,1,1,0,0,0
467139599,NODE_20500DE71C38,child,4,B4:BF:E9:32:FE:91,-80,0,1817,1817,1,1,0,0,0
467239603,NODE_20500DE71C38,child,4,B4:BF:E9:32:FE:91,-80,0,1817,1817,1,1,0,0,0
467339608,NODE_20500DE71C38,child,4,B4:BF:E9:32:FE:91,-80,0,1818,1818,1,1,0,0,0
467439599,NODE_20500DE71C38,child,4,B4:BF:E9:32:FE:91,-80,0,1818,1818,1,1,0,0,0
467539603,NODE_20500DE71C38,child,4,B4:BF:E9:32:FE:91,-80,0,1819,1819,1,1,0,0,0
467639604,NODE_20500DE71C38,child,4,B4:BF:E9:32:FE:91,-80,0,1819,1819,1,1,0,0,0
467739599,NODE_20500DE71C38,child,4,B4:BF:E9:32:FE:91,-80,0,1819,1819,1,1,0,0,0
467839603,NODE_20500DE71C38,child,4,B4:BF:E9:32:FE:91,-80,0,1820,1820,1,1,0,0,0
467939600,NODE_20500DE71C38,child,4,B4:BF:E9:32:FE:91,-80,0,1820,1820,1,1,0,0,0
468039607,NODE_20500DE71C38,child,4,B4:BF:E9:32:FE:91,-80,0,1821,1821,1,1,0,0,0
468139603,NODE_20500DE71C38,child,4,B4:BF:E9:32:FE:91,-80,0,1821,1821,1,1,0,0,0
468239600,NODE_20500DE71C38,child,4,B4:BF:E9:32:FE:91,-80,0,1821,1821,1,1,0,0,0
468339612,NODE_20500DE71C38,child,4,B4:BF:E9:32:FE:91,-80,0,1822,1822,1,1,0,0,0
468439607,NODE_20500DE71C38,child,4,B4:BF:E9:32:FE:91,-80,0,1822,1822,1,1,0,0,0
468539604,NODE_20500DE71C38,child,4,B4:BF:E9:32:FE:91,-80,0,1823,1823,1,1,0,0,0
468639599,NODE_20500DE71C38,child,4,B4:BF:E9:32:FE:91,-80,0,1823,1823,1,1,0,0,0
468739599,NODE_20500DE71C38,child,4,B4:BF:E9:32:FE:91,-80,0,1823,1823,1,1,0,0,0
468839604,NODE_20500DE71C38,child,4,B4:BF:E9:32:FE:91,-80,0,1824,1824,1,1,0,0,0
468939599,NODE_20500DE71C38,child,4,B4:BF:E9:32:FE:91,-80,0,1824,1824,1,1,0,0,0
469039607,NODE_20500DE71C38,child,4,B4:BF:E9:32:FE:91,-80,0,1824,1824,1,1,0,0,0
469139615,NODE_20500DE71C38,child,4,B4:BF:E9:32:FE:91,-80,0,1825,1825,1,1,0,0,0
469239599,NODE_20500DE71C38,child,4,B4:BF:E9:32:FE:91,-80,0,1825,1825,1,1,0,0,0
469339603,NODE_20500DE71C38,child,4,B4:BF:E9:32:FE:91,-80,0,1826,1826,1,1,0,0,0
469439604,NODE_20500DE71C38,child,4,B4:BF:E9:32:FE:91,-80,0,1826,1826,1,1,0,0,0
469540377,NODE_20500DE71C38,child,4,B4:BF:E9:32:FE:91,-80,0,1826,1826,1,1,0,0,0
469639603,NODE_20500DE71C38,child,4,B4:BF:E9:32:FE:91,-80,0,1827,1827,1,1,0,0,0
469739600,NODE_20500DE71C38,child,4,B4:BF:E9:32:FE:91,-80,0,1827,1827,1,1,0,0,0
469839607,NODE_20500DE71C38,child,4,B4:BF:E9:32:FE:91,-80,0,1828,1828,1,1,0,0,0
469939599,NODE_20500DE71C38,child,4,B4:BF:E9:32:FE:91,-80,0,1828,1828,1,1,0,0,0
470040371,NODE_20500DE71C38,child,4,B4:BF:E9:32:FE:91,-80,0,1828,1828,1,1,0,0,0
470139613,NODE_20500DE71C38,child,4,B4:BF:E9:32:FE:91,-80,0,1829,1829,1,1,0,0,0
470239603,NODE_20500DE71C38,child,4,B4:BF:E9:32:FE:91,-80,0,1829,1829,1,1,0,0,0
470339608,NODE_20500DE71C38,child,4,B4:BF:E9:32:FE:91,-80,0,1830,1830,1,1,0,0,0
470439603,NODE_20500DE71C38,child,4,B4:BF:E9:32:FE:91,-80,0,1830,1830,1,1,0,0,0
470540378,NODE_20500DE71C38,child,4,B4:BF:E9:32:FE:91,-80,0,1830,1830,1,1,0,0,0
470639600,NODE_20500DE71C38,child,4,B4:BF:E9:32:FE:91,-80,0,1831,1831,1,1,0,0,0
470739599,NODE_20500DE71C38,child,4,B4:BF:E9:32:FE:91,-80,0,1831,1831,1,1,0,0,0
470839607,NODE_20500DE71C38,child,4,B4:BF:E9:32:FE:91,-80,0,1832,1832,1,1,0,0,0
470939600,NODE_20500DE71C38,child,4,B4:BF:E9:32:FE:91,-80,0,1832,1832,1,1,0,0,0
471040377,NODE_20500DE71C38,child,4,B4:BF:E9:32:FE:91,-80,0,1832,1832,1,1,0,0,0
471139613,NODE_20500DE71C38,child,4,B4:BF:E9:32:FE:91,-79,0,1833,1833,1,1,0,0,0
471239600,NODE_20500DE71C38,child,4,B4:BF:E9:32:FE:91,-79,0,1833,1833,1,1,0,0,0
471339611,NODE_20500DE71C38,child,4,B4:BF:E9:32:FE:91,-79,0,1834,1834,1,1,0,0,0
471439603,NODE_20500DE71C38,child,4,B4:BF:E9:32:FE:91,-79,0,1834,1834,1,1,0,0,0
471540373,NODE_20500DE71C38,child,4,B4:BF:E9:32:FE:91,-79,0,1834,1834,1,1,0,0,0
471639607,NODE_20500DE71C38,child,4,B4:BF:E9:32:FE:91,-79,0,1835,1835,1,1,0,0,0
471739599,NODE_20500DE71C38,child,4,B4:BF:E9:32:FE:91,-79,0,1835,1835,1,1,0,0,0
471839608,NODE_20500DE71C38,child,4,B4:BF:E9:32:FE:91,-79,0,1836,1836,1,1,0,0,0
471939599,NODE_20500DE71C38,child,4,B4:BF:E9:32:FE:91,-79,0,1836,1836,1,1,0,0,0
472040382,NODE_20500DE71C38,child,4,B4:BF:E9:32:FE:91,-79,0,1836,1836,1,1,0,0,0
472139612,NODE_20500DE71C38,child,4,B4:BF:E9:32:FE:91,-79,0,1837,1837,1,1,0,0,0
472239606,NODE_20500DE71C38,child,4,B4:BF:E9:32:FE:91,-79,0,1837,1837,1,1,0,0,0
472339607,NODE_20500DE71C38,child,4,B4:BF:E9:32:FE:91,-79,0,1838,1838,1,1,0,0,0
472439604,NODE_20500DE71C38,child,4,B4:BF:E9:32:FE:91,-79,0,1838,1838,1,1,0,0,0
472540377,NODE_20500DE71C38,child,4,B4:BF:E9:32:FE:91,-79,0,1838,1838,1,1,0,0,0
472639607,NODE_20500DE71C38,child,4,B4:BF:E9:32:FE:91,-79,0,1839,1839,1,1,0,0,0
472739600,NODE_20500DE71C38,child,4,B4:BF:E9:32:FE:91,-79,0,1839,1839,1,1,0,0,0
472839607,NODE_20500DE71C38,child,4,B4:BF:E9:32:FE:91,-79,0,1840,1840,1,1,0,0,0
472939599,NODE_20500DE71C38,child,4,B4:BF:E9:32:FE:91,-79,0,1840,1840,1,1,0,0,0
473040375,NODE_20500DE71C38,child,4,B4:BF:E9:32:FE:91,-79,0,1840,1840,1,1,0,0,0
473139603,NODE_20500DE71C38,child,4,B4:BF:E9:32:FE:91,-79,0,1841,1841,1,1,0,0,0
473239611,NODE_20500DE71C38,child,4,B4:BF:E9:32:FE:91,-79,0,1841,1841,1,1,0,0,0
473339608,NODE_20500DE71C38,child,4,B4:BF:E9:32:FE:91,-79,0,1842,1842,1,1,0,0,0
473439599,NODE_20500DE71C38,child,4,B4:BF:E9:32:FE:91,-79,0,1842,1842,1,1,0,0,0
473540375,NODE_20500DE71C38,child,4,B4:BF:E9:32:FE:91,-79,0,1842,1842,1,1,0,0,0
473639608,NODE_20500DE71C38,child,4,B4:BF:E9:32:FE:91,-79,0,1843,1843,1,1,0,0,0
473739599,NODE_20500DE71C38,child,4,B4:BF:E9:32:FE:91,-79,0,1843,1843,1,1,0,0,0
473839603,NODE_20500DE71C38,child,4,B4:BF:E9:32:FE:91,-79,0,1844,1844,1,1,0,0,0
473939600,NODE_20500DE71C38,child,4,B4:BF:E9:32:FE:91,-79,0,1844,1844,1,1,0,0,0
474040377,NODE_20500DE71C38,child,4,B4:BF:E9:32:FE:91,-79,0,1844,1844,1,1,0,0,0
474139603,NODE_20500DE71C38,child,4,B4:BF:E9:32:FE:91,-79,0,1845,1845,1,1,0,0,0
474239612,NODE_20500DE71C38,child,4,B4:BF:E9:32:FE:91,-79,0,1845,1845,1,1,0,0,0
474339607,NODE_20500DE71C38,child,4,B4:BF:E9:32:FE:91,-79,0,1846,1846,1,1,0,0,0
474439599,NODE_20500DE71C38,child,4,B4:BF:E9:32:FE:91,-79,0,1846,1846,1,1,0,0,0
474540379,NODE_20500DE71C38,child,4,B4:BF:E9:32:FE:91,-79,0,1846,1846,1,1,0,0,0
474639603,NODE_20500DE71C38,child,4,B4:BF:E9:32:FE:91,-79,0,1847,1847,1,1,0,0,0
474739599,NODE_20500DE71C38,child,4,B4:BF:E9:32:FE:91,-79,0,1847,1847,1,1,0,0,0
474839608,NODE_20500DE71C38,child,4,B4:BF:E9:32:FE:91,-79,0,1848,1848,1,1,0,0,0
474939599,NODE_20500DE71C38,child,4,B4:BF:E9:32:FE:91,-79,0,1848,1848,1,1,0,0,0
475040377,NODE_20500DE71C38,child,4,B4:BF:E9:32:FE:91,-79,0,1848,1848,1,1,0,0,0
475139604,NODE_20500DE71C38,child,4,B4:BF:E9:32:FE:91,-79,0,1849,1849,1,1,0,0,0
475239611,NODE_20500DE71C38,child,4,B4:BF:E9:32:FE:91,-80,0,1849,1849,1,1,0,0,0
475339608,NODE_20500DE71C38,child,4,B4:BF:E9:32:FE:91,-80,0,1850,1850,1,1,0,0,0
475439608,NODE_20500DE71C38,child,4,B4:BF:E9:32:FE:91,-80,0,1850,1850,1,1,0,0,0
475540379,NODE_20500DE71C38,child,4,B4:BF:E9:32:FE:91,-80,0,1850,1850,1,1,0,0,0
475639603,NODE_20500DE71C38,child,4,B4:BF:E9:32:FE:91,-80,0,1851,1851,1,1,0,0,0
475739600,NODE_20500DE71C38,child,4,B4:BF:E9:32:FE:91,-80,0,1851,1851,1,1,0,0,0
475839603,NODE_20500DE71C38,child,4,B4:BF:E9:32:FE:91,-80,0,1852,1852,1,1,0,0,0
475939599,NODE_20500DE71C38,child,4,B4:BF:E9:32:FE:91,-80,0,1852,1852,1,1,0,0,0
476040375,NODE_20500DE71C38,child,4,B4:BF:E9:32:FE:91,-80,0,1852,1852,1,1,0,0,0
476139607,NODE_20500DE71C38,child,4,B4:BF:E9:32:FE:91,-80,0,1853,1853,1,1,0,0,0
476239611,NODE_20500DE71C38,child,4,B4:BF:E9:32:FE:91,-80,0,1853,1853,1,1,0,0,0
476339608,NODE_20500DE71C38,child,4,B4:BF:E9:32:FE:91,-80,0,1854,1854,1,1,0,0,0
476439599,NODE_20500DE71C38,child,4,B4:BF:E9:32:FE:91,-80,0,1854,1854,1,1,0,0,0
476540378,NODE_20500DE71C38,child,4,B4:BF:E9:32:FE:91,-80,0,1854,1854,1,1,0,0,0
476639607,NODE_20500DE71C38,child,4,B4:BF:E9:32:FE:91,-80,0,1855,1855,1,1,0,0,0
476739599,NODE_20500DE71C38,child,4,B4:BF:E9:32:FE:91,-80,0,1855,1855,1,1,0,0,0
476839611,NODE_20500DE71C38,child,4,B4:BF:E9:32:FE:91,-80,0,1856,1856,1,1,0,0,0
476939600,NODE_20500DE71C38,child,4,B4:BF:E9:32:FE:91,-80,0,1856,1856,1,1,0,0,0
477040373,NODE_20500DE71C38,child,4,B4:BF:E9:32:FE:91,-80,0,1856,1856,1,1,0,0,0
477139603,NODE_20500DE71C38,child,4,B4:BF:E9:32:FE:91,-80,0,1857,1857,1,1,0,0,0
477239615,NODE_20500DE71C38,child,4,B4:BF:E9:32:FE:91,-80,0,1857,1857,1,1,0,0,0
477339607,NODE_20500DE71C38,child,4,B4:BF:E9:32:FE:91,-80,0,1858,1858,1,1,0,0,0
477439599,NODE_20500DE71C38,child,4,B4:BF:E9:32:FE:91,-80,0,1858,1858,1,1,0,0,0
477540375,NODE_20500DE71C38,child,4,B4:BF:E9:32:FE:91,-80,0,1858,1858,1,1,0,0,0
477639607,NODE_20500DE71C38,child,4,B4:BF:E9:32:FE:91,-80,0,1859,1859,1,1,0,0,0
477739611,NODE_20500DE71C38,child,4,B4:BF:E9:32:FE:91,-80,0,1859,1859,1,1,0,0,0
477839608,NODE_20500DE71C38,child,4,B4:BF:E9:32:FE:91,-80,0,1860,1860,1,1,0,0,0
477939599,NODE_20500DE71C38,child,4,B4:BF:E9:32:FE:91,-80,0,1860,1860,1,1,0,0,0
478040384,NODE_20500DE71C38,child,4,B4:BF:E9:32:FE:91,-80,0,1860,1860,1,1,0,0,0
478139604,NODE_20500DE71C38,child,4,B4:BF:E9:32:FE:91,-80,0,1861,1861,1,1,0,0,0
478239599,NODE_20500DE71C38,child,4,B4:BF:E9:32:FE:91,-80,0,1861,1861,1,1,0,0,0
478339607,NODE_20500DE71C38,child,4,B4:BF:E9:32:FE:91,-79,0,1862,1862,1,1,0,0,0
478439600,NODE_20500DE71C38,child,4,B4:BF:E9:32:FE:91,-79,0,1862,1862,1,1,0,0,0
478540379,NODE_20500DE71C38,child,4,B4:BF:E9:32:FE:91,-79,0,1862,1862,1,1,0,0,0
478639606,NODE_20500DE71C38,child,4,B4:BF:E9:32:FE:91,-79,0,1863,1863,1,1,0,0,0
478739600,NODE_20500DE71C38,child,4,B4:BF:E9:32:FE:91,-79,0,1863,1863,1,1,0,0,0
478839603,NODE_20500DE71C38,child,4,B4:BF:E9:32:FE:91,-79,0,1864,1864,1,1,0,0,0
478939599,NODE_20500DE71C38,child,4,B4:BF:E9:32:FE:91,-79,0,1864,1864,1,1,0,0,0
479040377,NODE_20500DE71C38,child,4,B4:BF:E9:32:FE:91,-79,0,1864,1864,1,1,0,0,0
479139607,NODE_20500DE71C38,child,4,B4:BF:E9:32:FE:91,-79,0,1865,1865,1,1,0,0,0
479239607,NODE_20500DE71C38,child,4,B4:BF:E9:32:FE:91,-79,0,1865,1865,1,1,0,0,0
479339608,NODE_20500DE71C38,child,4,B4:BF:E9:32:FE:91,-78,0,1866,1866,1,1,0,0,0
479439599,NODE_20500DE71C38,child,4,B4:BF:E9:32:FE:91,-78,0,1866,1866,1,1,0,0,0
479539599,NODE_20500DE71C38,child,4,B4:BF:E9:32:FE:91,-78,0,1866,1866,1,1,0,0,0
479639612,NODE_20500DE71C38,child,4,B4:BF:E9:32:FE:91,-78,0,1867,1867,1,1,0,0,0
479739599,NODE_20500DE71C38,child,4,B4:BF:E9:32:FE:91,-78,0,1867,1867,1,1,0,0,0
479839607,NODE_20500DE71C38,child,4,B4:BF:E9:32:FE:91,-78,0,1868,1868,1,1,0,0,0
479939600,NODE_20500DE71C38,child,4,B4:BF:E9:32:FE:91,-78,0,1868,1868,1,1,0,0,0
480039599,NODE_20500DE71C38,child,4,B4:BF:E9:32:FE:91,-78,0,1868,1868,1,1,0,0,0
480139603,NODE_20500DE71C38,child,4,B4:BF:E9:32:FE:91,-78,0,1869,1869,1,1,0,0,0
480239600,NODE_20500DE71C38,child,4,B4:BF:E9:32:FE:91,-78,0,1869,1869,1,1,0,0,0
480339611,NODE_20500DE71C38,child,4,B4:BF:E9:32:FE:91,-79,0,1870,1870,1,1,0,0,0
480439599,NODE_20500DE71C38,child,4,B4:BF:E9:32:FE:91,-79,0,1870,1870,1,1,0,0,0
480539607,NODE_20500DE71C38,child,4,B4:BF:E9:32:FE:91,-79,0,1870,1870,1,1,0,0,0
480639607,NODE_20500DE71C38,child,4,B4:BF:E9:32:FE:91,-79,0,1871,1871,1,1,0,0,0
480739599,NODE_20500DE71C38,child,4,B4:BF:E9:32:FE:91,-79,0,1871,1871,1,1,0,0,0
480839604,NODE_20500DE71C38,child,4,B4:BF:E9:32:FE:91,-79,0,1872,1872,1,1,0,0,0
480939599,NODE_20500DE71C38,child,4,B4:BF:E9:32:FE:91,-79,0,1872,1872,1,1,0,0,0
481039599,NODE_20500DE71C38,child,4,B4:BF:E9:32:FE:91,-79,0,1872,1872,1,1,0,0,0
481139604,NODE_20500DE71C38,child,4,B4:BF:E9:32:FE:91,-79,0,1873,1873,1,1,0,0,0
481239603,NODE_20500DE71C38,child,4,B4:BF:E9:32:FE:91,-79,0,1873,1873,1,1,0,0,0
481339611,NODE_20500DE71C38,child,4,B4:BF:E9:32:FE:91,-79,0,1874,1874,1,1,0,0,0
481439611,NODE_20500DE71C38,child,4,B4:BF:E9:32:FE:91,-79,0,1874,1874,1,1,0,0,0
481539599,NODE_20500DE71C38,child,4,B4:BF:E9:32:FE:91,-79,0,1874,1874,1,1,0,0,0
481639603,NODE_20500DE71C38,child,4,B4:BF:E9:32:FE:91,-79,0,1875,1875,1,1,0,0,0
481739608,NODE_20500DE71C38,child,4,B4:BF:E9:32:FE:91,-79,0,1875,1875,1,1,0,0,0
481839607,NODE_20500DE71C38,child,4,B4:BF:E9:32:FE:91,-79,0,1876,1876,1,1,0,0,0
481939599,NODE_20500DE71C38,child,4,B4:BF:E9:32:FE:91,-79,0,1876,1876,1,1,0,0,0
482039600,NODE_20500DE71C38,child,4,B4:BF:E9:32:FE:91,-79,0,1876,1876,1,1,0,0,0
482139603,NODE_20500DE71C38,child,4,B4:BF:E9:32:FE:91,-79,0,1877,1877,1,1,0,0,0
482239603,NODE_20500DE71C38,child,4,B4:BF:E9:32:FE:91,-79,0,1877,1877,1,1,0,0,0
482339605,NODE_20500DE71C38,child,4,B4:BF:E9:32:FE:91,-79,0,1878,1878,1,1,0,0,0
482439628,NODE_20500DE71C38,child,4,B4:BF:E9:32:FE:91,-79,0,1878,1878,1,1,0,0,0
482539603,NODE_20500DE71C38,child,4,B4:BF:E9:32:FE:91,-79,0,1878,1878,1,1,0,0,0
482639608,NODE_20500DE71C38,child,4,B4:BF:E9:32:FE:91,-79,0,1879,1879,1,1,0,0,0
482739607,NODE_20500DE71C38,child,4,B4:BF:E9:32:FE:91,-79,0,1879,1879,1,1,0,0,0
482839607,NODE_20500DE71C38,child,4,B4:BF:E9:32:FE:91,-79,0,1880,1880,1,1,0,0,0
482939600,NODE_20500DE71C38,child,4,B4:BF:E9:32:FE:91,-79,0,1880,1880,1,1,0,0,0
483039603,NODE_20500DE71C38,child,4,B4:BF:E9:32:FE:91,-79,0,1880,1880,1,1,0,0,0
483139603,NODE_20500DE71C38,child,4,B4:BF:E9:32:FE:91,-79,0,1881,1881,1,1,0,0,0
483239600,NODE_20500DE71C38,child,4,B4:BF:E9:32:FE:91,-79,0,1881,1881,1,1,0,0,0
483339603,NODE_20500DE71C38,child,4,B4:BF:E9:32:FE:91,-79,0,1882,1882,1,1,0,0,0
483439613,NODE_20500DE71C38,child,4,B4:BF:E9:32:FE:91,-79,0,1882,1882,1,1,0,0,0
483539600,NODE_20500DE71C38,child,4,B4:BF:E9:32:FE:91,-79,0,1882,1882,1,1,0,0,0
483639607,NODE_20500DE71C38,child,4,B4:BF:E9:32:FE:91,-79,0,1883,1883,1,1,0,0,0
483739603,NODE_20500DE71C38,child,4,B4:BF:E9:32:FE:91,-79,0,1883,1883,1,1,0,0,0
483839604,NODE_20500DE71C38,child,4,B4:BF:E9:32:FE:91,-79,0,1884,1884,1,1,0,0,0
483939599,NODE_20500DE71C38,child,4,B4:BF:E9:32:FE:91,-79,0,1884,1884,1,1,0,0,0
484039599,NODE_20500DE71C38,child,4,B4:BF:E9:32:FE:91,-79,0,1884,1884,1,1,0,0,0
484139604,NODE_20500DE71C38,child,4,B4:BF:E9:32:FE:91,-79,0,1885,1885,1,1,0,0,0
484239599,NODE_20500DE71C38,child,4,B4:BF:E9:32:FE:91,-79,0,1885,1885,1,1,0,0,0
484339607,NODE_20500DE71C38,child,4,B4:BF:E9:32:FE:91,-79,0,1886,1886,1,1,0,0,0
484439612,NODE_20500DE71C38,child,4,B4:BF:E9:32:FE:91,-79,0,1886,1886,1,1,0,0,0
484539599,NODE_20500DE71C38,child,4,B4:BF:E9:32:FE:91,-79,0,1886,1886,1,1,0,0,0
484639599,NODE_20500DE71C38,child,4,B4:BF:E9:32:FE:91,-79,0,1887,1887,1,1,0,0,0
484739604,NODE_20500DE71C38,child,4,B4:BF:E9:32:FE:91,-79,0,1887,1887,1,1,0,0,0
484839603,NODE_20500DE71C38,child,4,B4:BF:E9:32:FE:91,-79,0,1888,1888,1,1,0,0,0
484939599,NODE_20500DE71C38,child,4,B4:BF:E9:32:FE:91,-79,0,1888,1888,1,1,0,0,0
485039607,NODE_20500DE71C38,child,4,B4:BF:E9:32:FE:91,-79,0,1888,1888,1,1,0,0,0
485139603,NODE_20500DE71C38,child,4,B4:BF:E9:32:FE:91,-79,0,1889,1889,1,1,0,0,0
485239603,NODE_20500DE71C38,child,4,B4:BF:E9:32:FE:91,-79,0,1889,1889,1,1,0,0,0
485339604,NODE_20500DE71C38,child,4,B4:BF:E9:32:FE:91,-79,0,1890,1890,1,1,0,0,0
485439611,NODE_20500DE71C38,child,4,B4:BF:E9:32:FE:91,-79,0,1890,1890,1,1,0,0,0
485539603,NODE_20500DE71C38,child,4,B4:BF:E9:32:FE:91,-79,0,1890,1890,1,1,0,0,0
485639607,NODE_20500DE71C38,child,4,B4:BF:E9:32:FE:91,-79,0,1891,1891,1,1,0,0,0
485739607,NODE_20500DE71C38,child,4,B4:BF:E9:32:FE:91,-79,0,1891,1891,1,1,0,0,0
485839603,NODE_20500DE71C38,child,4,B4:BF:E9:32:FE:91,-79,0,1892,1892,1,1,0,0,0
485939600,NODE_20500DE71C38,child,4,B4:BF:E9:32:FE:91,-79,0,1892,1892,1,1,0,0,0
486039599,NODE_20500DE71C38,child,4,B4:BF:E9:32:FE:91,-79,0,1892,1892,1,1,0,0,0
486139603,NODE_20500DE71C38,child,4,B4:BF:E9:32:FE:91,-79,0,1893,1893,1,1,0,0,0
486239600,NODE_20500DE71C38,child,4,B4:BF:E9:32:FE:91,-79,0,1893,1893,1,1,0,0,0
486339607,NODE_20500DE71C38,child,4,B4:BF:E9:32:FE:91,-79,0,1894,1894,1,1,0,0,0
486439599,NODE_20500DE71C38,child,4,B4:BF:E9:32:FE:91,-79,0,1894,1894,1,1,0,0,0
486539612,NODE_20500DE71C38,child,4,B4:BF:E9:32:FE:91,-77,0,1894,1894,1,1,0,0,0
486639603,NODE_20500DE71C38,child,4,B4:BF:E9:32:FE:91,-77,0,1895,1895,1,1,0,0,0
486739599,NODE_20500DE71C38,child,4,B4:BF:E9:32:FE:91,-77,0,1895,1895,1,1,0,0,0
486839608,NODE_20500DE71C38,child,4,B4:BF:E9:32:FE:91,-77,0,1896,1896,1,1,0,0,0
486939599,NODE_20500DE71C38,child,4,B4:BF:E9:32:FE:91,-77,0,1896,1896,1,1,0,0,0
487039599,NODE_20500DE71C38,child,4,B4:BF:E9:32:FE:91,-77,0,1896,1896,1,1,0,0,0
487139604,NODE_20500DE71C38,child,4,B4:BF:E9:32:FE:91,-77,0,1897,1897,1,1,0,0,0
487239599,NODE_20500DE71C38,child,4,B4:BF:E9:32:FE:91,-77,0,1897,1897,1,1,0,0,0
487339603,NODE_20500DE71C38,child,4,B4:BF:E9:32:FE:91,-77,0,1898,1898,1,1,0,0,0
487439600,NODE_20500DE71C38,child,4,B4:BF:E9:32:FE:91,-77,0,1898,1898,1,1,0,0,0
487539611,NODE_20500DE71C38,child,4,B4:BF:E9:32:FE:91,-78,0,1898,1898,1,1,0,0,0
487639603,NODE_20500DE71C38,child,4,B4:BF:E9:32:FE:91,-78,0,1899,1899,1,1,0,0,0
487739600,NODE_20500DE71C38,child,4,B4:BF:E9:32:FE:91,-78,0,1899,1899,1,1,0,0,0
487839607,NODE_20500DE71C38,child,4,B4:BF:E9:32:FE:91,-78,0,1900,1900,1,1,0,0,0
487939599,NODE_20500DE71C38,child,4,B4:BF:E9:32:FE:91,-78,0,1900,1900,1,1,0,0,0
488039600,NODE_20500DE71C38,child,4,B4:BF:E9:32:FE:91,-78,0,1900,1900,1,1,0,0,0
488139607,NODE_20500DE71C38,child,4,B4:BF:E9:32:FE:91,-78,0,1901,1901,1,1,0,0,0
488239607,NODE_20500DE71C38,child,4,B4:BF:E9:32:FE:91,-78,0,1901,1901,1,1,0,0,0
488339604,NODE_20500DE71C38,child,4,B4:BF:E9:32:FE:91,-78,0,1902,1902,1,1,0,0,0
488439599,NODE_20500DE71C38,child,4,B4:BF:E9:32:FE:91,-78,0,1902,1902,1,1,0,0,0
488539611,NODE_20500DE71C38,child,4,B4:BF:E9:32:FE:91,-79,0,1902,1902,1,1,0,0,0
488639604,NODE_20500DE71C38,child,4,B4:BF:E9:32:FE:91,-79,0,1903,1903,1,1,0,0,0
488739599,NODE_20500DE71C38,child,4,B4:BF:E9:32:FE:91,-79,0,1903,1903,1,1,0,0,0
488839607,NODE_20500DE71C38,child,4,B4:BF:E9:32:FE:91,-79,0,1904,1904,1,1,0,0,0
488939600,NODE_20500DE71C38,child,4,B4:BF:E9:32:FE:91,-79,0,1904,1904,1,1,0,0,0
489039599,NODE_20500DE71C38,child,4,B4:BF:E9:32:FE:91,-79,0,1904,1904,1,1,0,0,0
489139603,NODE_20500DE71C38,child,4,B4:BF:E9:32:FE:91,-79,0,1905,1905,1,1,0,0,0
489239600,NODE_20500DE71C38,child,4,B4:BF:E9:32:FE:91,-79,0,1905,1905,1,1,0,0,0
489339603,NODE_20500DE71C38,child,4,B4:BF:E9:32:FE:91,-79,0,1906,1906,1,1,0,0,0
489439607,NODE_20500DE71C38,child,4,B4:BF:E9:32:FE:91,-79,0,1906,1906,1,1,0,0,0
489539612,NODE_20500DE71C38,child,4,B4:BF:E9:32:FE:91,-80,0,1906,1906,1,1,0,0,0
489639603,NODE_20500DE71C38,child,4,B4:BF:E9:32:FE:91,-80,0,1907,1907,1,1,0,0,0
489739599,NODE_20500DE71C38,child,4,B4:BF:E9:32:FE:91,-80,0,1907,1907,1,1,0,0,0
489839612,NODE_20500DE71C38,child,4,B4:BF:E9:32:FE:91,-80,0,1908,1908,1,1,0,0,0
489939599,NODE_20500DE71C38,child,4,B4:BF:E9:32:FE:91,-80,0,1908,1908,1,1,0,0,0
490039599,NODE_20500DE71C38,child,4,B4:BF:E9:32:FE:91,-80,0,1908,1908,1,1,0,0,0
490139600,NODE_20500DE71C38,child,4,B4:BF:E9:32:FE:91,-80,0,1909,1909,1,1,0,0,0
490239606,NODE_20500DE71C38,child,4,B4:BF:E9:32:FE:91,-80,0,1909,1909,1,1,0,0,0
490339603,NODE_20500DE71C38,child,4,B4:BF:E9:32:FE:91,-80,0,1910,1910,1,1,0,0,0
490439600,NODE_20500DE71C38,child,4,B4:BF:E9:32:FE:91,-80,0,1910,1910,1,1,0,0,0
490539599,NODE_20500DE71C38,child,4,B4:BF:E9:32:FE:91,-80,0,1910,1910,1,1,0,0,0
490639611,NODE_20500DE71C38,child,4,B4:BF:E9:32:FE:91,-79,0,1911,1911,1,1,0,0,0
490739600,NODE_20500DE71C38,child,4,B4:BF:E9:32:FE:91,-79,0,1911,1911,1,1,0,0,0
490839607,NODE_20500DE71C38,child,4,B4:BF:E9:32:FE:91,-79,0,1912,1912,1,1,0,0,0
490939603,NODE_20500DE71C38,child,4,B4:BF:E9:32:FE:91,-79,0,1912,1912,1,1,0,0,0
491039600,NODE_20500DE71C38,child,4,B4:BF:E9:32:FE:91,-79,0,1912,1912,1,1,0,0,0
491139603,NODE_20500DE71C38,child,4,B4:BF:E9:32:FE:91,-79,0,1913,1913,1,1,0,0,0
491239603,NODE_20500DE71C38,child,4,B4:BF:E9:32:FE:91,-79,0,1913,1913,1,1,0,0,0
491339608,NODE_20500DE71C38,child,4,B4:BF:E9:32:FE:91,-79,0,1914,1914,1,1,0,0,0
491439599,NODE_20500DE71C38,child,4,B4:BF:E9:32:FE:91,-79,0,1914,1914,1,1,0,0,0
491539599,NODE_20500DE71C38,child,4,B4:BF:E9:32:FE:91,-79,0,1914,1914,1,1,0,0,0
491639615,NODE_20500DE71C38,child,4,B4:BF:E9:32:FE:91,-80,0,1915,1915,1,1,0,0,0
491739599,NODE_20500DE71C38,child,4,B4:BF:E9:32:FE:91,-80,0,1915,1915,1,1,0,0,0
491839607,NODE_20500DE71C38,child,4,B4:BF:E9:32:FE:91,-80,0,1916,1916,1,1,0,0,0
491939604,NODE_20500DE71C38,child,4,B4:BF:E9:32:FE:91,-80,0,1916,1916,1,1,0,0,0
492039607,NODE_20500DE71C38,child,4,B4:BF:E9:32:FE:91,-80,0,1916,1916,1,1,0,0,0
492139607,NODE_20500DE71C38,child,4,B4:BF:E9:32:FE:91,-80,0,1917,1917,1,1,0,0,0
492239600,NODE_20500DE71C38,child,4,B4:BF:E9:32:FE:91,-80,0,1917,1917,1,1,0,0,0
492339603,NODE_20500DE71C38,child,4,B4:BF:E9:32:FE:91,-80,0,1918,1918,1,1,0,0,0
492439599,NODE_20500DE71C38,child,4,B4:BF:E9:32:FE:91,-80,0,1918,1918,1,1,0,0,0
492539600,NODE_20500DE71C38,child,4,B4:BF:E9:32:FE:91,-80,0,1918,1918,1,1,0,0,0
492639613,NODE_20500DE71C38,child,4,B4:BF:E9:32:FE:91,-80,0,1919,1919,1,1,0,0,0
492739599,NODE_20500DE71C38,child,4,B4:BF:E9:32:FE:91,-80,0,1919,1919,1,1,0,0,0
492839608,NODE_20500DE71C38,child,4,B4:BF:E9:32:FE:91,-80,0,1920,1920,1,1,0,0,0
492939603,NODE_20500DE71C38,child,4,B4:BF:E9:32:FE:91,-80,0,1920,1920,1,1,0,0,0
493039599,NODE_20500DE71C38,child,4,B4:BF:E9:32:FE:91,-80,0,1920,1920,1,1,0,0,0
493139604,NODE_20500DE71C38,child,4,B4:BF:E9:32:FE:91,-80,0,1921,1921,1,1,0,0,0
493239599,NODE_20500DE71C38,child,4,B4:BF:E9:32:FE:91,-80,0,1921,1921,1,1,0,0,0
493339607,NODE_20500DE71C38,child,4,B4:BF:E9:32:FE:91,-80,0,1922,1922,1,1,0,0,0
493439600,NODE_20500DE71C38,child,4,B4:BF:E9:32:FE:91,-80,0,1922,1922,1,1,0,0,0
493539599,NODE_20500DE71C38,child,4,B4:BF:E9:32:FE:91,-80,0,1922,1922,1,1,0,0,0
493639613,NODE_20500DE71C38,child,4,B4:BF:E9:32:FE:91,-80,0,1923,1923,1,1,0,0,0
493739604,NODE_20500DE71C38,child,4,B4:BF:E9:32:FE:91,-80,0,1923,1923,1,1,0,0,0
493839607,NODE_20500DE71C38,child,4,B4:BF:E9:32:FE:91,-80,0,1924,1924,1,1,0,0,0
493939607,NODE_20500DE71C38,child,4,B4:BF:E9:32:FE:91,-80,0,1924,1924,1,1,0,0,0
494039604,NODE_20500DE71C38,child,4,B4:BF:E9:32:FE:91,-80,0,1924,1924,1,1,0,0,0
494139603,NODE_20500DE71C38,child,4,B4:BF:E9:32:FE:91,-80,0,1925,1925,1,1,0,0,0
494239603,NODE_20500DE71C38,child,4,B4:BF:E9:32:FE:91,-80,0,1925,1925,1,1,0,0,0
494339604,NODE_20500DE71C38,child,4,B4:BF:E9:32:FE:91,-80,0,1926,1926,1,1,0,0,0
494439599,NODE_20500DE71C38,child,4,B4:BF:E9:32:FE:91,-80,0,1926,1926,1,1,0,0,0
494539599,NODE_20500DE71C38,child,4,B4:BF:E9:32:FE:91,-80,0,1926,1926,1,1,0,0,0
494639608,NODE_20500DE71C38,child,4,B4:BF:E9:32:FE:91,-80,0,1927,1927,1,1,0,0,0
494739613,NODE_20500DE71C38,child,4,B4:BF:E9:32:FE:91,-79,0,1927,1927,1,1,0,0,0
494839603,NODE_20500DE71C38,child,4,B4:BF:E9:32:FE:91,-79,0,1928,1928,1,1,0,0,0
494939600,NODE_20500DE71C38,child,4,B4:BF:E9:32:FE:91,-79,0,1928,1928,1,1,0,0,0
495039603,NODE_20500DE71C38,child,4,B4:BF:E9:32:FE:91,-79,0,1928,1928,1,1,0,0,0
495139603,NODE_20500DE71C38,child,4,B4:BF:E9:32:FE:91,-79,0,1929,1929,1,1,0,0,0
495239604,NODE_20500DE71C38,child,4,B4:BF:E9:32:FE:91,-79,0,1929,1929,1,1,0,0,0
495339607,NODE_20500DE71C38,child,4,B4:BF:E9:32:FE:91,-79,0,1930,1930,1,1,0,0,0
495439599,NODE_20500DE71C38,child,4,B4:BF:E9:32:FE:91,-79,0,1930,1930,1,1,0,0,0
495539600,NODE_20500DE71C38,child,4,B4:BF:E9:32:FE:91,-79,0,1930,1930,1,1,0,0,0
495639603,NODE_20500DE71C38,child,4,B4:BF:E9:32:FE:91,-79,0,1931,1931,1,1,0,0,0
495739613,NODE_20500DE71C38,child,4,B4:BF:E9:32:FE:91,-79,0,1931,1931,1,1,0,0,0
495839608,NODE_20500DE71C38,child,4,B4:BF:E9:32:FE:91,-79,0,1932,1932,1,1,0,0,0
495939599,NODE_20500DE71C38,child,4,B4:BF:E9:32:FE:91,-79,0,1932,1932,1,1,0,0,0
496039603,NODE_20500DE71C38,child,4,B4:BF:E9:32:FE:91,-79,0,1932,1932,1,1,0,0,0
496139604,NODE_20500DE71C38,child,4,B4:BF:E9:32:FE:91,-79,0,1933,1933,1,1,0,0,0
496239599,NODE_20500DE71C38,child,4,B4:BF:E9:32:FE:91,-79,0,1933,1933,1,1,0,0,0
496339603,NODE_20500DE71C38,child,4,B4:BF:E9:32:FE:91,-79,0,1934,1934,1,1,0,0,0
496439608,NODE_20500DE71C38,child,4,B4:BF:E9:32:FE:91,-79,0,1934,1934,1,1,0,0,0
496539603,NODE_20500DE71C38,child,4,B4:BF:E9:32:FE:91,-79,0,1934,1934,1,1,0,0,0
496639607,NODE_20500DE71C38,child,4,B4:BF:E9:32:FE:91,-79,0,1935,1935,1,1,0,0,0
496739615,NODE_20500DE71C38,child,4,B4:BF:E9:32:FE:91,-79,0,1935,1935,1,1,0,0,0
496839603,NODE_20500DE71C38,child,4,B4:BF:E9:32:FE:91,-79,0,1936,1936,1,1,0,0,0
496939599,NODE_20500DE71C38,child,4,B4:BF:E9:32:FE:91,-79,0,1936,1936,1,1,0,0,0
497039604,NODE_20500DE71C38,child,4,B4:BF:E9:32:FE:91,-79,0,1936,1936,1,1,0,0,0
497139603,NODE_20500DE71C38,child,4,B4:BF:E9:32:FE:91,-79,0,1937,1937,1,1,0,0,0
497239607,NODE_20500DE71C38,child,4,B4:BF:E9:32:FE:91,-79,0,1937,1937,1,1,0,0,0
497339604,NODE_20500DE71C38,child,4,B4:BF:E9:32:FE:91,-79,0,1938,1938,1,1,0,0,0
497439599,NODE_20500DE71C38,child,4,B4:BF:E9:32:FE:91,-79,0,1938,1938,1,1,0,0,0
497539599,NODE_20500DE71C38,child,4,B4:BF:E9:32:FE:91,-79,0,1938,1938,1,1,0,0,0
497639604,NODE_20500DE71C38,child,4,B4:BF:E9:32:FE:91,-79,0,1939,1939,1,1,0,0,0
497739611,NODE_20500DE71C38,child,4,B4:BF:E9:32:FE:91,-79,0,1939,1939,1,1,0,0,0
497839607,NODE_20500DE71C38,child,4,B4:BF:E9:32:FE:91,-79,0,1940,1940,1,1,0,0,0
497939600,NODE_20500DE71C38,child,4,B4:BF:E9:32:FE:91,-79,0,1940,1940,1,1,0,0,0
498039603,NODE_20500DE71C38,child,4,B4:BF:E9:32:FE:91,-79,0,1940,1940,1,1,0,0,0
498139603,NODE_20500DE71C38,child,4,B4:BF:E9:32:FE:91,-79,0,1941,1941,1,1,0,0,0
498239600,NODE_20500DE71C38,child,4,B4:BF:E9:32:FE:91,-79,0,1941,1941,1,1,0,0,0
498339603,NODE_20500DE71C38,child,4,B4:BF:E9:32:FE:91,-79,0,1942,1942,1,1,0,0,0
498439599,NODE_20500DE71C38,child,4,B4:BF:E9:32:FE:91,-79,0,1942,1942,1,1,0,0,0
498539604,NODE_20500DE71C38,child,4,B4:BF:E9:32:FE:91,-79,0,1942,1942,1,1,0,0,0
498639603,NODE_20500DE71C38,child,4,B4:BF:E9:32:FE:91,-79,0,1943,1943,1,1,0,0,0
498739602,NODE_20500DE71C38,child,4,B4:BF:E9:32:FE:91,-79,0,1943,1943,1,1,0,0,0
498839608,NODE_20500DE71C38,child,4,B4:BF:E9:32:FE:91,-80,0,1944,1944,1,1,0,0,0
498939599,NODE_20500DE71C38,child,4,B4:BF:E9:32:FE:91,-80,0,1944,1944,1,1,0,0,0
499039603,NODE_20500DE71C38,child,4,B4:BF:E9:32:FE:91,-80,0,1944,1944,1,1,0,0,0
499139608,NODE_20500DE71C38,child,4,B4:BF:E9:32:FE:91,-80,0,1945,1945,1,1,0,0,0
499239599,NODE_20500DE71C38,child,4,B4:BF:E9:32:FE:91,-80,0,1945,1945,1,1,0,0,0
499339603,NODE_20500DE71C38,child,4,B4:BF:E9:32:FE:91,-80,0,1946,1946,1,1,0,0,0
499439600,NODE_20500DE71C38,child,4,B4:BF:E9:32:FE:91,-80,0,1946,1946,1,1,0,0,0
499539599,NODE_20500DE71C38,child,4,B4:BF:E9:32:FE:91,-80,0,1946,1946,1,1,0,0,0
499639607,NODE_20500DE71C38,child,4,B4:BF:E9:32:FE:91,-80,0,1947,1947,1,1,0,0,0
499739600,NODE_20500DE71C38,child,4,B4:BF:E9:32:FE:91,-80,0,1947,1947,1,1,0,0,0
499839607,NODE_20500DE71C38,child,4,B4:BF:E9:32:FE:91,-80,0,1948,1948,1,1,0,0,0
499939599,NODE_20500DE71C38,child,4,B4:BF:E9:32:FE:91,-80,0,1948,1948,1,1,0,0,0
500039600,NODE_20500DE71C38,child,4,B4:BF:E9:32:FE:91,-80,0,1948,1948,1,1,0,0,0
500139607,NODE_20500DE71C38,child,4,B4:BF:E9:32:FE:91,-80,0,1949,1949,1,1,0,0,0
500239603,NODE_20500DE71C38,child,4,B4:BF:E9:32:FE:91,-80,0,1949,1949,1,1,0,0,0
500339608,NODE_20500DE71C38,child,4,B4:BF:E9:32:FE:91,-80,0,1950,1950,1,1,0,0,0
500439599,NODE_20500DE71C38,child,4,B4:BF:E9:32:FE:91,-80,0,1950,1950,1,1,0,0,0
500539599,NODE_20500DE71C38,child,4,B4:BF:E9:32:FE:91,-80,0,1950,1950,1,1,0,0,0
500639604,NODE_20500DE71C38,child,4,B4:BF:E9:32:FE:91,-80,0,1951,1951,1,1,0,0,0
500739599,NODE_20500DE71C38,child,4,B4:BF:E9:32:FE:91,-80,0,1951,1951,1,1,0,0,0
500839607,NODE_20500DE71C38,child,4,B4:BF:E9:32:FE:91,-80,0,1952,1952,1,1,0,0,0
500939600,NODE_20500DE71C38,child,4,B4:BF:E9:32:FE:91,-80,0,1952,1952,1,1,0,0,0
501039606,NODE_20500DE71C38,child,4,B4:BF:E9:32:FE:91,-80,0,1952,1952,1,1,0,0,0
501139607,NODE_20500DE71C38,child,4,B4:BF:E9:32:FE:91,-80,0,1953,1953,1,1,0,0,0
501239600,NODE_20500DE71C38,child,4,B4:BF:E9:32:FE:91,-80,0,1953,1953,1,1,0,0,0
501339603,NODE_20500DE71C38,child,4,B4:BF:E9:32:FE:91,-80,0,1954,1954,1,1,0,0,0
501439599,NODE_20500DE71C38,child,4,B4:BF:E9:32:FE:91,-80,0,1954,1954,1,1,0,0,0
501539600,NODE_20500DE71C38,child,4,B4:BF:E9:32:FE:91,-80,0,1954,1954,1,1,0,0,0
501639607,NODE_20500DE71C38,child,4,B4:BF:E9:32:FE:91,-80,0,1955,1955,1,1,0,0,0
501739599,NODE_20500DE71C38,child,4,B4:BF:E9:32:FE:91,-80,0,1955,1955,1,1,0,0,0
501839608,NODE_20500DE71C38,child,4,B4:BF:E9:32:FE:91,-80,0,1956,1956,1,1,0,0,0
501939599,NODE_20500DE71C38,child,4,B4:BF:E9:32:FE:91,-80,0,1956,1956,1,1,0,0,0
502039599,NODE_20500DE71C38,child,4,B4:BF:E9:32:FE:91,-80,0,1956,1956,1,1,0,0,0
502139608,NODE_20500DE71C38,child,4,B4:BF:E9:32:FE:91,-80,0,1957,1957,1,1,0,0,0
502239599,NODE_20500DE71C38,child,4,B4:BF:E9:32:FE:91,-80,0,1957,1957,1,1,0,0,0
502339607,NODE_20500DE71C38,child,4,B4:BF:E9:32:FE:91,-80,0,1958,1958,1,1,0,0,0
502439600,NODE_20500DE71C38,child,4,B4:BF:E9:32:FE:91,-80,0,1958,1958,1,1,0,0,0
502539599,NODE_20500DE71C38,child,4,B4:BF:E9:32:FE:91,-80,0,1958,1958,1,1,0,0,0
502639603,NODE_20500DE71C38,child,4,B4:BF:E9:32:FE:91,-80,0,1959,1959,1,1,0,0,0
502739600,NODE_20500DE71C38,child,4,B4:BF:E9:32:FE:91,-80,0,1959,1959,1,1,0,0,0
502839655,NODE_20500DE71C38,child,4,B4:BF:E9:32:FE:91,-80,0,1960,1960,1,1,0,0,0
502939607,NODE_20500DE71C38,child,4,B4:BF:E9:32:FE:91,-80,0,1960,1960,1,1,0,0,0
503039600,NODE_20500DE71C38,child,4,B4:BF:E9:32:FE:91,-80,0,1960,1960,1,1,0,0,0
503139607,NODE_20500DE71C38,child,4,B4:BF:E9:32:FE:91,-80,0,1961,1961,1,1,0,0,0
503239611,NODE_20500DE71C38,child,4,B4:BF:E9:32:FE:91,-80,0,1961,1961,1,1,0,0,0
503339604,NODE_20500DE71C38,child,4,B4:BF:E9:32:FE:91,-80,0,1962,1962,1,1,0,0,0
503439607,NODE_20500DE71C38,child,4,B4:BF:E9:32:FE:91,-80,0,1962,1962,1,1,0,0,0
503539606,NODE_20500DE71C38,child,4,B4:BF:E9:32:FE:91,-80,0,1962,1962,1,1,0,0,0
503639604,NODE_20500DE71C38,child,4,B4:BF:E9:32:FE:91,-80,0,1963,1963,1,1,0,0,0
503739599,NODE_20500DE71C38,child,4,B4:BF:E9:32:FE:91,-80,0,1963,1963,1,1,0,0,0
503839603,NODE_20500DE71C38,child,4,B4:BF:E9:32:FE:91,-80,0,1964,1964,1,1,0,0,0
503939612,NODE_20500DE71C38,child,4,B4:BF:E9:32:FE:91,-79,0,1964,1964,1,1,0,0,0
504039599,NODE_20500DE71C38,child,4,B4:BF:E9:32:FE:91,-79,0,1964,1964,1,1,0,0,0
504139603,NODE_20500DE71C38,child,4,B4:BF:E9:32:FE:91,-79,0,1965,1965,1,1,0,0,0
504239607,NODE_20500DE71C38,child,4,B4:BF:E9:32:FE:91,-79,0,1965,1965,1,1,0,0,0
504339603,NODE_20500DE71C38,child,4,B4:BF:E9:32:FE:91,-79,0,1966,1966,1,1,0,0,0
504439599,NODE_20500DE71C38,child,4,B4:BF:E9:32:FE:91,-79,0,1966,1966,1,1,0,0,0
504539600,NODE_20500DE71C38,child,4,B4:BF:E9:32:FE:91,-79,0,1966,1966,1,1,0,0,0
504639603,NODE_20500DE71C38,child,4,B4:BF:E9:32:FE:91,-79,0,1967,1967,1,1,0,0,0
504739599,NODE_20500DE71C38,child,4,B4:BF:E9:32:FE:91,-79,0,1967,1967,1,1,0,0,0
504839608,NODE_20500DE71C38,child,4,B4:BF:E9:32:FE:91,-79,0,1968,1968,1,1,0,0,0
504939611,NODE_20500DE71C38,child,4,B4:BF:E9:32:FE:91,-79,0,1968,1968,1,1,0,0,0
505039599,NODE_20500DE71C38,child,4,B4:BF:E9:32:FE:91,-79,0,1968,1968,1,1,0,0,0
505139608,NODE_20500DE71C38,child,4,B4:BF:E9:32:FE:91,-79,0,1969,1969,1,1,0,0,0
505239603,NODE_20500DE71C38,child,4,B4:BF:E9:32:FE:91,-79,0,1969,1969,1,1,0,0,0
505339599,NODE_20500DE71C38,child,4,B4:BF:E9:32:FE:91,-79,0,1970,1970,1,1,0,0,0
505439600,NODE_20500DE71C38,child,4,B4:BF:E9:32:FE:91,-79,0,1970,1970,1,1,0,0,0
505539606,NODE_20500DE71C38,child,4,B4:BF:E9:32:FE:91,-79,0,1970,1970,1,1,0,0,0
505639603,NODE_20500DE71C38,child,4,B4:BF:E9:32:FE:91,-79,0,1971,1971,1,1,0,0,0
505739600,NODE_20500DE71C38,child,4,B4:BF:E9:32:FE:91,-79,0,1971,1971,1,1,0,0,0
505839603,NODE_20500DE71C38,child,4,B4:BF:E9:32:FE:91,-79,0,1972,1972,1,1,0,0,0
505939611,NODE_20500DE71C38,child,4,B4:BF:E9:32:FE:91,-80,0,1972,1972,1,1,0,0,0
506039600,NODE_20500DE71C38,child,4,B4:BF:E9:32:FE:91,-80,0,1972,1972,1,1,0,0,0
506139607,NODE_20500DE71C38,child,4,B4:BF:E9:32:FE:91,-80,0,1973,1973,1,1,0,0,0
506239609,NODE_20500DE71C38,child,4,B4:BF:E9:32:FE:91,-80,0,1973,1973,1,1,0,0,0
506339604,NODE_20500DE71C38,child,4,B4:BF:E9:32:FE:91,-80,0,1974,1974,1,1,0,0,0
506439599,NODE_20500DE71C38,child,4,B4:BF:E9:32:FE:91,-80,0,1974,1974,1,1,0,0,0
506539599,NODE_20500DE71C38,child,4,B4:BF:E9:32:FE:91,-80,0,1974,1974,1,1,0,0,0
506639604,NODE_20500DE71C38,child,4,B4:BF:E9:32:FE:91,-80,0,1975,1975,1,1,0,0,0
506739599,NODE_20500DE71C38,child,4,B4:BF:E9:32:FE:91,-80,0,1975,1975,1,1,0,0,0
506839607,NODE_20500DE71C38,child,4,B4:BF:E9:32:FE:91,-80,0,1976,1976,1,1,0,0,0
506939612,NODE_20500DE71C38,child,4,B4:BF:E9:32:FE:91,-79,0,1976,1976,1,1,0,0,0
507039603,NODE_20500DE71C38,child,4,B4:BF:E9:32:FE:91,-79,0,1976,1976,1,1,0,0,0
507139607,NODE_20500DE71C38,child,4,B4:BF:E9:32:FE:91,-79,0,1977,1977,1,1,0,0,0
507239600,NODE_20500DE71C38,child,4,B4:BF:E9:32:FE:91,-79,0,1977,1977,1,1,0,0,0
507339607,NODE_20500DE71C38,child,4,B4:BF:E9:32:FE:91,-79,0,1978,1978,1,1,0,0,0
507439599,NODE_20500DE71C38,child,4,B4:BF:E9:32:FE:91,-79,0,1978,1978,1,1,0,0,0
507539600,NODE_20500DE71C38,child,4,B4:BF:E9:32:FE:91,-79,0,1978,1978,1,1,0,0,0
507639603,NODE_20500DE71C38,child,4,B4:BF:E9:32:FE:91,-79,0,1979,1979,1,1,0,0,0
507739599,NODE_20500DE71C38,child,4,B4:BF:E9:32:FE:91,-79,0,1979,1979,1,1,0,0,0
507839604,NODE_20500DE71C38,child,4,B4:BF:E9:32:FE:91,-79,0,1980,1980,1,1,0,0,0
507939599,NODE_20500DE71C38,child,4,B4:BF:E9:32:FE:91,-79,0,1980,1980,1,1,0,0,0
508039611,NODE_20500DE71C38,child,4,B4:BF:E9:32:FE:91,-79,0,1980,1980,1,1,0,0,0
508139608,NODE_20500DE71C38,child,4,B4:BF:E9:32:FE:91,-79,0,1981,1981,1,1,0,0,0
508239599,NODE_20500DE71C38,child,4,B4:BF:E9:32:FE:91,-79,0,1981,1981,1,1,0,0,0
508339603,NODE_20500DE71C38,child,4,B4:BF:E9:32:FE:91,-79,0,1982,1982,1,1,0,0,0
508439600,NODE_20500DE71C38,child,4,B4:BF:E9:32:FE:91,-79,0,1982,1982,1,1,0,0,0
508539599,NODE_20500DE71C38,child,4,B4:BF:E9:32:FE:91,-79,0,1982,1982,1,1,0,0,0
508639607,NODE_20500DE71C38,child,4,B4:BF:E9:32:FE:91,-79,0,1983,1983,1,1,0,0,0
508739600,NODE_20500DE71C38,child,4,B4:BF:E9:32:FE:91,-79,0,1983,1983,1,1,0,0,0
508839603,NODE_20500DE71C38,child,4,B4:BF:E9:32:FE:91,-79,0,1984,1984,1,1,0,0,0
508939599,NODE_20500DE71C38,child,4,B4:BF:E9:32:FE:91,-79,0,1984,1984,1,1,0,0,0
509039615,NODE_20500DE71C38,child,4,B4:BF:E9:32:FE:91,-79,0,1984,1984,1,1,0,0,0
509139603,NODE_20500DE71C38,child,4,B4:BF:E9:32:FE:91,-79,0,1985,1985,1,1,0,0,0
509239603,NODE_20500DE71C38,child,4,B4:BF:E9:32:FE:91,-79,0,1985,1985,1,1,0,0,0
509339608,NODE_20500DE71C38,child,4,B4:BF:E9:32:FE:91,-79,0,1986,1986,1,1,0,0,0
509439599,NODE_20500DE71C38,child,4,B4:BF:E9:32:FE:91,-79,0,1986,1986,1,1,0,0,0
509539599,NODE_20500DE71C38,child,4,B4:BF:E9:32:FE:91,-79,0,1986,1986,1,1,0,0,0
509639604,NODE_20500DE71C38,child,4,B4:BF:E9:32:FE:91,-79,0,1987,1987,1,1,0,0,0
509739599,NODE_20500DE71C38,child,4,B4:BF:E9:32:FE:91,-79,0,1987,1987,1,1,0,0,0
509839603,NODE_20500DE71C38,child,4,B4:BF:E9:32:FE:91,-79,0,1988,1988,1,1,0,0,0
509939600,NODE_20500DE71C38,child,4,B4:BF:E9:32:FE:91,-79,0,1988,1988,1,1,0,0,0
510039613,NODE_20500DE71C38,child,4,B4:BF:E9:32:FE:91,-79,0,1988,1988,1,1,0,0,0
510139603,NODE_20500DE71C38,child,4,B4:BF:E9:32:FE:91,-79,0,1989,1989,1,1,0,0,0
510239600,NODE_20500DE71C38,child,4,B4:BF:E9:32:FE:91,-79,0,1989,1989,1,1,0,0,0
510339607,NODE_20500DE71C38,child,4,B4:BF:E9:32:FE:91,-79,0,1990,1990,1,1,0,0,0
510439603,NODE_20500DE71C38,child,4,B4:BF:E9:32:FE:91,-79,0,1990,1990,1,1,0,0,0
510539600,NODE_20500DE71C38,child,4,B4:BF:E9:32:FE:91,-79,0,1990,1990,1,1,0,0,0
510639607,NODE_20500DE71C38,child,4,B4:BF:E9:32:FE:91,-79,0,1991,1991,1,1,0,0,0
510739599,NODE_20500DE71C38,child,4,B4:BF:E9:32:FE:91,-79,0,1991,1991,1,1,0,0,0
510839608,NODE_20500DE71C38,child,4,B4:BF:E9:32:FE:91,-79,0,1992,1992,1,1,0,0,0
510939599,NODE_20500DE71C38,child,4,B4:BF:E9:32:FE:91,-79,0,1992,1992,1,1,0,0,0
511039613,NODE_20500DE71C38,child,4,B4:BF:E9:32:FE:91,-79,0,1992,1992,1,1,0,0,0
511139604,NODE_20500DE71C38,child,4,B4:BF:E9:32:FE:91,-79,0,1993,1993,1,1,0,0,0
511239603,NODE_20500DE71C38,child,4,B4:BF:E9:32:FE:91,-79,0,1993,1993,1,1,0,0,0
511339611,NODE_20500DE71C38,child,4,B4:BF:E9:32:FE:91,-79,0,1994,1994,1,1,0,0,0
511439603,NODE_20500DE71C38,child,4,B4:BF:E9:32:FE:91,-79,0,1994,1994,1,1,0,0,0
511539599,NODE_20500DE71C38,child,4,B4:BF:E9:32:FE:91,-79,0,1994,1994,1,1,0,0,0
511639603,NODE_20500DE71C38,child,4,B4:BF:E9:32:FE:91,-79,0,1995,1995,1,1,0,0,0
511739600,NODE_20500DE71C38,child,4,B4:BF:E9:32:FE:91,-79,0,1995,1995,1,1,0,0,0
511839607,NODE_20500DE71C38,child,4,B4:BF:E9:32:FE:91,-79,0,1996,1996,1,1,0,0,0
511939599,NODE_20500DE71C38,child,4,B4:BF:E9:32:FE:91,-79,0,1996,1996,1,1,0,0,0
512039600,NODE_20500DE71C38,child,4,B4:BF:E9:32:FE:91,-79,0,1996,1996,1,1,0,0,0
512139607,NODE_20500DE71C38,child,4,B4:BF:E9:32:FE:91,-79,0,1997,1997,1,1,0,0,0
512239599,NODE_20500DE71C38,child,4,B4:BF:E9:32:FE:91,-79,0,1997,1997,1,1,0,0,0
512339604,NODE_20500DE71C38,child,4,B4:BF:E9:32:FE:91,-79,0,1998,1998,1,1,0,0,0
512439603,NODE_20500DE71C38,child,4,B4:BF:E9:32:FE:91,-79,0,1998,1998,1,1,0,0,0
512539603,NODE_20500DE71C38,child,4,B4:BF:E9:32:FE:91,-79,0,1998,1998,1,1,0,0,0
512639604,NODE_20500DE71C38,child,4,B4:BF:E9:32:FE:91,-79,0,1999,1999,1,1,0,0,0
512739599,NODE_20500DE71C38,child,4,B4:BF:E9:32:FE:91,-79,0,1999,1999,1,1,0,0,0
512839603,NODE_20500DE71C38,child,4,B4:BF:E9:32:FE:91,-79,0,2000,2000,1,1,0,0,0
512939600,NODE_20500DE71C38,child,4,B4:BF:E9:32:FE:91,-79,0,2000,2000,1,1,0,0,0
513039599,NODE_20500DE71C38,child,4,B4:BF:E9:32:FE:91,-79,0,2000,2000,1,1,0,0,0
513139607,NODE_20500DE71C38,child,4,B4:BF:E9:32:FE:91,-79,0,2001,2001,1,1,0,0,0
513239604,NODE_20500DE71C38,child,4,B4:BF:E9:32:FE:91,-79,0,2001,2001,1,1,0,0,0
513339607,NODE_20500DE71C38,child,4,B4:BF:E9:32:FE:91,-79,0,2002,2002,1,1,0,0,0
513439607,NODE_20500DE71C38,child,4,B4:BF:E9:32:FE:91,-79,0,2002,2002,1,1,0,0,0
513539600,NODE_20500DE71C38,child,4,B4:BF:E9:32:FE:91,-79,0,2002,2002,1,1,0,0,0
513639607,NODE_20500DE71C38,child,4,B4:BF:E9:32:FE:91,-79,0,2003,2003,1,1,0,0,0
513739599,NODE_20500DE71C38,child,4,B4:BF:E9:32:FE:91,-79,0,2003,2003,1,1,0,0,0
513839608,NODE_20500DE71C38,child,4,B4:BF:E9:32:FE:91,-79,0,2004,2004,1,1,0,0,0
513939599,NODE_20500DE71C38,child,4,B4:BF:E9:32:FE:91,-79,0,2004,2004,1,1,0,0,0
514039599,NODE_20500DE71C38,child,4,B4:BF:E9:32:FE:91,-79,0,2004,2004,1,1,0,0,0
514139615,NODE_20500DE71C38,child,4,B4:BF:E9:32:FE:91,-79,0,2005,2005,1,1,0,0,0
514239599,NODE_20500DE71C38,child,4,B4:BF:E9:32:FE:91,-79,0,2005,2005,1,1,0,0,0
514339607,NODE_20500DE71C38,child,4,B4:BF:E9:32:FE:91,-79,0,2006,2006,1,1,0,0,0
514439604,NODE_20500DE71C38,child,4,B4:BF:E9:32:FE:91,-79,0,2006,2006,1,1,0,0,0
514539603,NODE_20500DE71C38,child,4,B4:BF:E9:32:FE:91,-79,0,2006,2006,1,1,0,0,0
514639603,NODE_20500DE71C38,child,4,B4:BF:E9:32:FE:91,-79,0,2007,2007,1,1,0,0,0
514739600,NODE_20500DE71C38,child,4,B4:BF:E9:32:FE:91,-79,0,2007,2007,1,1,0,0,0
514839603,NODE_20500DE71C38,child,4,B4:BF:E9:32:FE:91,-79,0,2008,2008,1,1,0,0,0
514939599,NODE_20500DE71C38,child,4,B4:BF:E9:32:FE:91,-79,0,2008,2008,1,1,0,0,0
515039604,NODE_20500DE71C38,child,4,B4:BF:E9:32:FE:91,-79,0,2008,2008,1,1,0,0,0
515139613,NODE_20500DE71C38,child,4,B4:BF:E9:32:FE:91,-80,0,2009,2009,1,1,0,0,0
515239603,NODE_20500DE71C38,child,4,B4:BF:E9:32:FE:91,-80,0,2009,2009,1,1,0,0,0
515339608,NODE_20500DE71C38,child,4,B4:BF:E9:32:FE:91,-80,0,2010,2010,1,1,0,0,0
515439607,NODE_20500DE71C38,child,4,B4:BF:E9:32:FE:91,-80,0,2010,2010,1,1,0,0,0
515539599,NODE_20500DE71C38,child,4,B4:BF:E9:32:FE:91,-80,0,2010,2010,1,1,0,0,0
515639608,NODE_20500DE71C38,child,4,B4:BF:E9:32:FE:91,-80,0,2011,2011,1,1,0,0,0
515739599,NODE_20500DE71C38,child,4,B4:BF:E9:32:FE:91,-80,0,2011,2011,1,1,0,0,0
515839603,NODE_20500DE71C38,child,4,B4:BF:E9:32:FE:91,-80,0,2012,2012,1,1,0,0,0
515939600,NODE_20500DE71C38,child,4,B4:BF:E9:32:FE:91,-80,0,2012,2012,1,1,0,0,0
516039599,NODE_20500DE71C38,child,4,B4:BF:E9:32:FE:91,-80,0,2012,2012,1,1,0,0,0
516139603,NODE_20500DE71C38,child,4,B4:BF:E9:32:FE:91,-80,0,2013,2013,1,1,0,0,0
516239615,NODE_20500DE71C38,child,4,B4:BF:E9:32:FE:91,-79,0,2013,2013,1,1,0,0,0
516339607,NODE_20500DE71C38,child,4,B4:BF:E9:32:FE:91,-79,0,2014,2014,1,1,0,0,0
516439599,NODE_20500DE71C38,child,4,B4:BF:E9:32:FE:91,-79,0,2014,2014,1,1,0,0,0
516539604,NODE_20500DE71C38,child,4,B4:BF:E9:32:FE:91,-79,0,2014,2014,1,1,0,0,0
516639607,NODE_20500DE71C38,child,4,B4:BF:E9:32:FE:91,-79,0,2015,2015,1,1,0,0,0
516739599,NODE_20500DE71C38,child,4,B4:BF:E9:32:FE:91,-79,0,2015,2015,1,1,0,0,0
516839608,NODE_20500DE71C38,child,4,B4:BF:E9:32:FE:91,-79,0,2016,2016,1,1,0,0,0
516939599,NODE_20500DE71C38,child,4,B4:BF:E9:32:FE:91,-79,0,2016,2016,1,1,0,0,0
517039603,NODE_20500DE71C38,child,4,B4:BF:E9:32:FE:91,-79,0,2016,2016,1,1,0,0,0
517139608,NODE_20500DE71C38,child,4,B4:BF:E9:32:FE:91,-79,0,2017,2017,1,1,0,0,0
517239613,NODE_20500DE71C38,child,4,B4:BF:E9:32:FE:91,-79,0,2017,2017,1,1,0,0,0
517339607,NODE_20500DE71C38,child,4,B4:BF:E9:32:FE:91,-79,0,2018,2018,1,1,0,0,0
517439608,NODE_20500DE71C38,child,4,B4:BF:E9:32:FE:91,-79,0,2018,2018,1,1,0,0,0
517539603,NODE_20500DE71C38,child,4,B4:BF:E9:32:FE:91,-79,0,2018,2018,1,1,0,0,0
517639607,NODE_20500DE71C38,child,4,B4:BF:E9:32:FE:91,-79,0,2019,2019,1,1,0,0,0
517739600,NODE_20500DE71C38,child,4,B4:BF:E9:32:FE:91,-79,0,2019,2019,1,1,0,0,0
517839603,NODE_20500DE71C38,child,4,B4:BF:E9:32:FE:91,-79,0,2020,2020,1,1,0,0,0
517939599,NODE_20500DE71C38,child,4,B4:BF:E9:32:FE:91,-79,0,2020,2020,1,1,0,0,0
518039600,NODE_20500DE71C38,child,4,B4:BF:E9:32:FE:91,-79,0,2020,2020,1,1,0,0,0
518139603,NODE_20500DE71C38,child,4,B4:BF:E9:32:FE:91,-79,0,2021,2021,1,1,0,0,0
518239613,NODE_20500DE71C38,child,4,B4:BF:E9:32:FE:91,-80,0,2021,2021,1,1,0,0,0
518339608,NODE_20500DE71C38,child,4,B4:BF:E9:32:FE:91,-80,0,2022,2022,1,1,0,0,0
518439599,NODE_20500DE71C38,child,4,B4:BF:E9:32:FE:91,-80,0,2022,2022,1,1,0,0,0
518539603,NODE_20500DE71C38,child,4,B4:BF:E9:32:FE:91,-80,0,2022,2022,1,1,0,0,0
518639604,NODE_20500DE71C38,child,4,B4:BF:E9:32:FE:91,-80,0,2023,2023,1,1,0,0,0
518739599,NODE_20500DE71C38,child,4,B4:BF:E9:32:FE:91,-80,0,2023,2023,1,1,0,0,0
518839607,NODE_20500DE71C38,child,4,B4:BF:E9:32:FE:91,-80,0,2024,2024,1,1,0,0,0
518939600,NODE_20500DE71C38,child,4,B4:BF:E9:32:FE:91,-80,0,2024,2024,1,1,0,0,0
519039599,NODE_20500DE71C38,child,4,B4:BF:E9:32:FE:91,-80,0,2024,2024,1,1,0,0,0
519139603,NODE_20500DE71C38,child,4,B4:BF:E9:32:FE:91,-80,0,2025,2025,1,1,0,0,0
519239615,NODE_20500DE71C38,child,4,B4:BF:E9:32:FE:91,-79,0,2025,2025,1,1,0,0,0
519339603,NODE_20500DE71C38,child,4,B4:BF:E9:32:FE:91,-79,0,2026,2026,1,1,0,0,0
519439599,NODE_20500DE71C38,child,4,B4:BF:E9:32:FE:91,-79,0,2026,2026,1,1,0,0,0
519539608,NODE_20500DE71C38,child,4,B4:BF:E9:32:FE:91,-79,0,2026,2026,1,1,0,0,0
519639603,NODE_20500DE71C38,child,4,B4:BF:E9:32:FE:91,-79,0,2027,2027,1,1,0,0,0
519739599,NODE_20500DE71C38,child,4,B4:BF:E9:32:FE:91,-79,0,2027,2027,1,1,0,0,0
519839604,NODE_20500DE71C38,child,4,B4:BF:E9:32:FE:91,-79,0,2028,2028,1,1,0,0,0
519939599,NODE_20500DE71C38,child,4,B4:BF:E9:32:FE:91,-79,0,2028,2028,1,1,0,0,0
520039599,NODE_20500DE71C38,child,4,B4:BF:E9:32:FE:91,-79,0,2028,2028,1,1,0,0,0
520139604,NODE_20500DE71C38,child,4,B4:BF:E9:32:FE:91,-79,0,2029,2029,1,1,0,0,0
520239603,NODE_20500DE71C38,child,4,B4:BF:E9:32:FE:91,-79,0,2029,2029,1,1,0,0,0
520339607,NODE_20500DE71C38,child,4,B4:BF:E9:32:FE:91,-79,0,2030,2030,1,1,0,0,0
520439600,NODE_20500DE71C38,child,4,B4:BF:E9:32:FE:91,-79,0,2030,2030,1,1,0,0,0
520539599,NODE_20500DE71C38,child,4,B4:BF:E9:32:FE:91,-79,0,2030,2030,1,1,0,0,0
520639603,NODE_20500DE71C38,child,4,B4:BF:E9:32:FE:91,-79,0,2031,2031,1,1,0,0,0
520739600,NODE_20500DE71C38,child,4,B4:BF:E9:32:FE:91,-79,0,2031,2031,1,1,0,0,0
520839607,NODE_20500DE71C38,child,4,B4:BF:E9:32:FE:91,-79,0,2032,2032,1,1,0,0,0
520939599,NODE_20500DE71C38,child,4,B4:BF:E9:32:FE:91,-79,0,2032,2032,1,1,0,0,0
521039600,NODE_20500DE71C38,child,4,B4:BF:E9:32:FE:91,-79,0,2032,2032,1,1,0,0,0
521139603,NODE_20500DE71C38,child,4,B4:BF:E9:32:FE:91,-79,0,2033,2033,1,1,0,0,0
521239603,NODE_20500DE71C38,child,4,B4:BF:E9:32:FE:91,-79,0,2033,2033,1,1,0,0,0
521339608,NODE_20500DE71C38,child,4,B4:BF:E9:32:FE:91,-79,0,2034,2034,1,1,0,0,0
521439599,NODE_20500DE71C38,child,4,B4:BF:E9:32:FE:91,-79,0,2034,2034,1,1,0,0,0
521539609,NODE_20500DE71C38,child,4,B4:BF:E9:32:FE:91,-79,0,2034,2034,1,1,0,0,0
521639608,NODE_20500DE71C38,child,4,B4:BF:E9:32:FE:91,-79,0,2035,2035,1,1,0,0,0
521739599,NODE_20500DE71C38,child,4,B4:BF:E9:32:FE:91,-79,0,2035,2035,1,1,0,0,0
521839607,NODE_20500DE71C38,child,4,B4:BF:E9:32:FE:91,-79,0,2036,2036,1,1,0,0,0
521939600,NODE_20500DE71C38,child,4,B4:BF:E9:32:FE:91,-79,0,2036,2036,1,1,0,0,0
522039599,NODE_20500DE71C38,child,4,B4:BF:E9:32:FE:91,-79,0,2036,2036,1,1,0,0,0
522139603,NODE_20500DE71C38,child,4,B4:BF:E9:32:FE:91,-79,0,2037,2037,1,1,0,0,0
522239604,NODE_20500DE71C38,child,4,B4:BF:E9:32:FE:91,-79,0,2037,2037,1,1,0,0,0
522339607,NODE_20500DE71C38,child,4,B4:BF:E9:32:FE:91,-80,0,2038,2038,1,1,0,0,0
522439599,NODE_20500DE71C38,child,4,B4:BF:E9:32:FE:91,-80,0,2038,2038,1,1,0,0,0
522539600,NODE_20500DE71C38,child,4,B4:BF:E9:32:FE:91,-80,0,2038,2038,1,1,0,0,0
522639607,NODE_20500DE71C38,child,4,B4:BF:E9:32:FE:91,-80,0,2039,2039,1,1,0,0,0
522739599,NODE_20500DE71C38,child,4,B4:BF:E9:32:FE:91,-80,0,2039,2039,1,1,0,0,0
522839608,NODE_20500DE71C38,child,4,B4:BF:E9:32:FE:91,-80,0,2040,2040,1,1,0,0,0
522939599,NODE_20500DE71C38,child,4,B4:BF:E9:32:FE:91,-80,0,2040,2040,1,1,0,0,0
523039599,NODE_20500DE71C38,child,4,B4:BF:E9:32:FE:91,-80,0,2040,2040,1,1,0,0,0
523139604,NODE_20500DE71C38,child,4,B4:BF:E9:32:FE:91,-80,0,2041,2041,1,1,0,0,0
523239599,NODE_20500DE71C38,child,4,B4:BF:E9:32:FE:91,-80,0,2041,2041,1,1,0,0,0
523339607,NODE_20500DE71C38,child,4,B4:BF:E9:32:FE:91,-80,0,2042,2042,1,1,0,0,0
523439600,NODE_20500DE71C38,child,4,B4:BF:E9:32:FE:91,-80,0,2042,2042,1,1,0,0,0
523539603,NODE_20500DE71C38,child,4,B4:BF:E9:32:FE:91,-80,0,2042,2042,1,1,0,0,0
523639607,NODE_20500DE71C38,child,4,B4:BF:E9:32:FE:91,-80,0,2043,2043,1,1,0,0,0
523739600,NODE_20500DE71C38,child,4,B4:BF:E9:32:FE:91,-80,0,2043,2043,1,1,0,0,0
523839603,NODE_20500DE71C38,child,4,B4:BF:E9:32:FE:91,-80,0,2044,2044,1,1,0,0,0
523939599,NODE_20500DE71C38,child,4,B4:BF:E9:32:FE:91,-80,0,2044,2044,1,1,0,0,0
524039604,NODE_20500DE71C38,child,4,B4:BF:E9:32:FE:91,-80,0,2044,2044,1,1,0,0,0
524139603,NODE_20500DE71C38,child,4,B4:BF:E9:32:FE:91,-80,0,2045,2045,1,1,0,0,0
524239603,NODE_20500DE71C38,child,4,B4:BF:E9:32:FE:91,-80,0,2045,2045,1,1,0,0,0
524340376,NODE_20500DE71C38,child,4,B4:BF:E9:32:FE:91,-80,0,2045,2045,1,1,0,0,0
524439607,NODE_20500DE71C38,child,4,B4:BF:E9:32:FE:91,-80,0,2046,2046,1,1,0,0,0
524539599,NODE_20500DE71C38,child,4,B4:BF:E9:32:FE:91,-80,0,2046,2046,1,1,0,0,0
524639608,NODE_20500DE71C38,child,4,B4:BF:E9:32:FE:91,-80,0,2047,2047,1,1,0,0,0
524739607,NODE_20500DE71C38,child,4,B4:BF:E9:32:FE:91,-80,0,2047,2047,1,1,0,0,0
524840376,NODE_20500DE71C38,child,4,B4:BF:E9:32:FE:91,-80,0,2047,2047,1,1,0,0,0
524939604,NODE_20500DE71C38,child,4,B4:BF:E9:32:FE:91,-80,0,2048,2048,1,1,0,0,0
525039599,NODE_20500DE71C38,child,4,B4:BF:E9:32:FE:91,-80,0,2048,2048,1,1,0,0,0
525139603,NODE_20500DE71C38,child,4,B4:BF:E9:32:FE:91,-80,0,2049,2049,1,1,0,0,0
525239600,NODE_20500DE71C38,child,4,B4:BF:E9:32:FE:91,-80,0,2049,2049,1,1,0,0,0
525340377,NODE_20500DE71C38,child,4,B4:BF:E9:32:FE:91,-80,0,2049,2049,1,1,0,0,0
525439611,NODE_20500DE71C38,child,4,B4:BF:E9:32:FE:91,-80,0,2050,2050,1,1,0,0,0
525539600,NODE_20500DE71C38,child,4,B4:BF:E9:32:FE:91,-80,0,2050,2050,1,1,0,0,0
525639607,NODE_20500DE71C38,child,4,B4:BF:E9:32:FE:91,-80,0,2051,2051,1,1,0,0,0
525739603,NODE_20500DE71C38,child,4,B4:BF:E9:32:FE:91,-80,0,2051,2051,1,1,0,0,0
525839600,NODE_20500DE71C38,child,4,B4:BF:E9:32:FE:91,-80,0,2051,2051,1,1,0,0,0
525939603,NODE_20500DE71C38,child,4,B4:BF:E9:32:FE:91,-80,0,2052,2052,1,1,0,0,0
526039606,NODE_20500DE71C38,child,4,B4:BF:E9:32:FE:91,-80,0,2052,2052,1,1,0,0,0
526139604,NODE_20500DE71C38,child,4,B4:BF:E9:32:FE:91,-80,0,2053,2053,1,1,0,0,0
526239599,NODE_20500DE71C38,child,4,B4:BF:E9:32:FE:91,-80,0,2053,2053,1,1,0,0,0
526339599,NODE_20500DE71C38,child,4,B4:BF:E9:32:FE:91,-80,0,2053,2053,1,1,0,0,0
526439612,NODE_20500DE71C38,child,4,B4:BF:E9:32:FE:91,-79,0,2054,2054,1,1,0,0,0
526539599,NODE_20500DE71C38,child,4,B4:BF:E9:32:FE:91,-79,0,2054,2054,1,1,0,0,0
526639607,NODE_20500DE71C38,child,4,B4:BF:E9:32:FE:91,-79,0,2055,2055,1,1,0,0,0
526739604,NODE_20500DE71C38,child,4,B4:BF:E9:32:FE:91,-79,0,2055,2055,1,1,0,0,0
526839599,NODE_20500DE71C38,child,4,B4:BF:E9:32:FE:91,-79,0,2055,2055,1,1,0,0,0
526939603,NODE_20500DE71C38,child,4,B4:BF:E9:32:FE:91,-79,0,2056,2056,1,1,0,0,0
527039600,NODE_20500DE71C38,child,4,B4:BF:E9:32:FE:91,-79,0,2056,2056,1,1,0,0,0
527139603,NODE_20500DE71C38,child,4,B4:BF:E9:32:FE:91,-79,0,2057,2057,1,1,0,0,0
527239607,NODE_20500DE71C38,child,4,B4:BF:E9:32:FE:91,-79,0,2057,2057,1,1,0,0,0
527339600,NODE_20500DE71C38,child,4,B4:BF:E9:32:FE:91,-79,0,2057,2057,1,1,0,0,0
527439611,NODE_20500DE71C38,child,4,B4:BF:E9:32:FE:91,-80,0,2058,2058,1,1,0,0,0
527539599,NODE_20500DE71C38,child,4,B4:BF:E9:32:FE:91,-80,0,2058,2058,1,1,0,0,0
527639608,NODE_20500DE71C38,child,4,B4:BF:E9:32:FE:91,-80,0,2059,2059,1,1,0,0,0
527739603,NODE_20500DE71C38,child,4,B4:BF:E9:32:FE:91,-80,0,2059,2059,1,1,0,0,0
527839606,NODE_20500DE71C38,child,4,B4:BF:E9:32:FE:91,-80,0,2059,2059,1,1,0,0,0
527939608,NODE_20500DE71C38,child,4,B4:BF:E9:32:FE:91,-80,0,2060,2060,1,1,0,0,0
528039599,NODE_20500DE71C38,child,4,B4:BF:E9:32:FE:91,-80,0,2060,2060,1,1,0,0,0
528139603,NODE_20500DE71C38,child,4,B4:BF:E9:32:FE:91,-80,0,2061,2061,1,1,0,0,0
528239600,NODE_20500DE71C38,child,4,B4:BF:E9:32:FE:91,-80,0,2061,2061,1,1,0,0,0
528339599,NODE_20500DE71C38,child,4,B4:BF:E9:32:FE:91,-80,0,2061,2061,1,1,0,0,0
528439611,NODE_20500DE71C38,child,4,B4:BF:E9:32:FE:91,-79,0,2062,2062,1,1,0,0,0
528539607,NODE_20500DE71C38,child,4,B4:BF:E9:32:FE:91,-79,0,2062,2062,1,1,0,0,0
528639607,NODE_20500DE71C38,child,4,B4:BF:E9:32:FE:91,-79,0,2063,2063,1,1,0,0,0
528739599,NODE_20500DE71C38,child,4,B4:BF:E9:32:FE:91,-79,0,2063,2063,1,1,0,0,0
528839608,NODE_20500DE71C38,child,4,B4:BF:E9:32:FE:91,-79,0,2063,2063,1,1,0,0,0
528939603,NODE_20500DE71C38,child,4,B4:BF:E9:32:FE:91,-79,0,2064,2064,1,1,0,0,0
529039599,NODE_20500DE71C38,child,4,B4:BF:E9:32:FE:91,-79,0,2064,2064,1,1,0,0,0
529139604,NODE_20500DE71C38,child,4,B4:BF:E9:32:FE:91,-79,0,2065,2065,1,1,0,0,0
529239603,NODE_20500DE71C38,child,4,B4:BF:E9:32:FE:91,-79,0,2065,2065,1,1,0,0,0
529339599,NODE_20500DE71C38,child,4,B4:BF:E9:32:FE:91,-79,0,2065,2065,1,1,0,0,0
529439604,NODE_20500DE71C38,child,4,B4:BF:E9:32:FE:91,-79,0,2066,2066,1,1,0,0,0
529539607,NODE_20500DE71C38,child,4,B4:BF:E9:32:FE:91,-79,0,2066,2066,1,1,0,0,0
529639607,NODE_20500DE71C38,child,4,B4:BF:E9:32:FE:91,-79,0,2067,2067,1,1,0,0,0
529739600,NODE_20500DE71C38,child,4,B4:BF:E9:32:FE:91,-79,0,2067,2067,1,1,0,0,0
529839607,NODE_20500DE71C38,child,4,B4:BF:E9:32:FE:91,-79,0,2067,2067,1,1,0,0,0
529939603,NODE_20500DE71C38,child,4,B4:BF:E9:32:FE:91,-79,0,2068,2068,1,1,0,0,0
530039600,NODE_20500DE71C38,child,4,B4:BF:E9:32:FE:91,-79,0,2068,2068,1,1,0,0,0
530139607,NODE_20500DE71C38,child,4,B4:BF:E9:32:FE:91,-79,0,2069,2069,1,1,0,0,0
530239603,NODE_20500DE71C38,child,4,B4:BF:E9:32:FE:91,-79,0,2069,2069,1,1,0,0,0
530339600,NODE_20500DE71C38,child,4,B4:BF:E9:32:FE:91,-79,0,2069,2069,1,1,0,0,0
530439603,NODE_20500DE71C38,child,4,B4:BF:E9:32:FE:91,-79,0,2070,2070,1,1,0,0,0
530539611,NODE_20500DE71C38,child,4,B4:BF:E9:32:FE:91,-80,0,2070,2070,1,1,0,0,0
530639611,NODE_20500DE71C38,child,4,B4:BF:E9:32:FE:91,-80,0,2071,2071,1,1,0,0,0
530739599,NODE_20500DE71C38,child,4,B4:BF:E9:32:FE:91,-80,0,2071,2071,1,1,0,0,0
530839603,NODE_20500DE71C38,child,4,B4:BF:E9:32:FE:91,-80,0,2071,2071,1,1,0,0,0
530939600,NODE_20500DE71C38,child,4,B4:BF:E9:32:FE:91,-80,0,2072,2072,1,1,0,0,0
531039607,NODE_20500DE71C38,child,4,B4:BF:E9:32:FE:91,-80,0,2072,2072,1,1,0,0,0
531139603,NODE_20500DE71C38,child,4,B4:BF:E9:32:FE:91,-80,0,2073,2073,1,1,0,0,0
531239600,NODE_20500DE71C38,child,4,B4:BF:E9:32:FE:91,-80,0,2073,2073,1,1,0,0,0
531339599,NODE_20500DE71C38,child,4,B4:BF:E9:32:FE:91,-80,0,2073,2073,1,1,0,0,0
531439609,NODE_20500DE71C38,child,4,B4:BF:E9:32:FE:91,-80,0,2074,2074,1,1,0,0,0
531539612,NODE_20500DE71C38,child,4,B4:BF:E9:32:FE:91,-79,0,2074,2074,1,1,0,0,0
531639607,NODE_20500DE71C38,child,4,B4:BF:E9:32:FE:91,-79,0,2075,2075,1,1,0,0,0
531739599,NODE_20500DE71C38,child,4,B4:BF:E9:32:FE:91,-79,0,2075,2075,1,1,0,0,0
531839604,NODE_20500DE71C38,child,4,B4:BF:E9:32:FE:91,-79,0,2075,2075,1,1,0,0,0
531939603,NODE_20500DE71C38,child,4,B4:BF:E9:32:FE:91,-79,0,2076,2076,1,1,0,0,0
532039599,NODE_20500DE71C38,child,4,B4:BF:E9:32:FE:91,-79,0,2076,2076,1,1,0,0,0
532139604,NODE_20500DE71C38,child,4,B4:BF:E9:32:FE:91,-79,0,2077,2077,1,1,0,0,0
532239599,NODE_20500DE71C38,child,4,B4:BF:E9:32:FE:91,-79,0,2077,2077,1,1,0,0,0
532339603,NODE_20500DE71C38,child,4,B4:BF:E9:32:FE:91,-79,0,2077,2077,1,1,0,0,0
532439604,NODE_20500DE71C38,child,4,B4:BF:E9:32:FE:91,-79,0,2078,2078,1,1,0,0,0
532539611,NODE_20500DE71C38,child,4,B4:BF:E9:32:FE:91,-79,0,2078,2078,1,1,0,0,0
532639607,NODE_20500DE71C38,child,4,B4:BF:E9:32:FE:91,-79,0,2079,2079,1,1,0,0,0
532739600,NODE_20500DE71C38,child,4,B4:BF:E9:32:FE:91,-79,0,2079,2079,1,1,0,0,0
532839599,NODE_20500DE71C38,child,4,B4:BF:E9:32:FE:91,-79,0,2079,2079,1,1,0,0,0
532939607,NODE_20500DE71C38,child,4,B4:BF:E9:32:FE:91,-79,0,2080,2080,1,1,0,0,0
533039607,NODE_20500DE71C38,child,4,B4:BF:E9:32:FE:91,-79,0,2080,2080,1,1,0,0,0
533139603,NODE_20500DE71C38,child,4,B4:BF:E9:32:FE:91,-79,0,2081,2081,1,1,0,0,0
533239603,NODE_20500DE71C38,child,4,B4:BF:E9:32:FE:91,-79,0,2081,2081,1,1,0,0,0
533339600,NODE_20500DE71C38,child,4,B4:BF:E9:32:FE:91,-79,0,2081,2081,1,1,0,0,0
533439603,NODE_20500DE71C38,child,4,B4:BF:E9:32:FE:91,-79,0,2082,2082,1,1,0,0,0
533539599,NODE_20500DE71C38,child,4,B4:BF:E9:32:FE:91,-79,0,2082,2082,1,1,0,0,0
533639608,NODE_20500DE71C38,child,4,B4:BF:E9:32:FE:91,-80,0,2083,2083,1,1,0,0,0
533739599,NODE_20500DE71C38,child,4,B4:BF:E9:32:FE:91,-80,0,2083,2083,1,1,0,0,0
533839606,NODE_20500DE71C38,child,4,B4:BF:E9:32:FE:91,-80,0,2083,2083,1,1,0,0,0
533939608,NODE_20500DE71C38,child,4,B4:BF:E9:32:FE:91,-80,0,2084,2084,1,1,0,0,0
534039599,NODE_20500DE71C38,child,4,B4:BF:E9:32:FE:91,-80,0,2084,2084,1,1,0,0,0
534139603,NODE_20500DE71C38,child,4,B4:BF:E9:32:FE:91,-80,0,2085,2085,1,1,0,0,0
534239600,NODE_20500DE71C38,child,4,B4:BF:E9:32:FE:91,-80,0,2085,2085,1,1,0,0,0
534339603,NODE_20500DE71C38,child,4,B4:BF:E9:32:FE:91,-80,0,2085,2085,1,1,0,0,0
534439607,NODE_20500DE71C38,child,4,B4:BF:E9:32:FE:91,-80,0,2086,2086,1,1,0,0,0
534539600,NODE_20500DE71C38,child,4,B4:BF:E9:32:FE:91,-80,0,2086,2086,1,1,0,0,0
534639607,NODE_20500DE71C38,child,4,B4:BF:E9:32:FE:91,-80,0,2087,2087,1,1,0,0,0
534739599,NODE_20500DE71C38,child,4,B4:BF:E9:32:FE:91,-80,0,2087,2087,1,1,0,0,0
534839607,NODE_20500DE71C38,child,4,B4:BF:E9:32:FE:91,-80,0,2087,2087,1,1,0,0,0
534939611,NODE_20500DE71C38,child,4,B4:BF:E9:32:FE:91,-80,0,2088,2088,1,1,0,0,0
535039599,NODE_20500DE71C38,child,4,B4:BF:E9:32:FE:91,-80,0,2088,2088,1,1,0,0,0
535139604,NODE_20500DE71C38,child,4,B4:BF:E9:32:FE:91,-80,0,2089,2089,1,1,0,0,0
535239599,NODE_20500DE71C38,child,4,B4:BF:E9:32:FE:91,-80,0,2089,2089,1,1,0,0,0
535339599,NODE_20500DE71C38,child,4,B4:BF:E9:32:FE:91,-80,0,2089,2089,1,1,0,0,0
535439604,NODE_20500DE71C38,child,4,B4:BF:E9:32:FE:91,-80,0,2090,2090,1,1,0,0,0
535539603,NODE_20500DE71C38,child,4,B4:BF:E9:32:FE:91,-80,0,2090,2090,1,1,0,0,0
535639607,NODE_20500DE71C38,child,4,B4:BF:E9:32:FE:91,-80,0,2091,2091,1,1,0,0,0
535739600,NODE_20500DE71C38,child,4,B4:BF:E9:32:FE:91,-80,0,2091,2091,1,1,0,0,0
535839599,NODE_20500DE71C38,child,4,B4:BF:E9:32:FE:91,-80,0,2091,2091,1,1,0,0,0
535939611,NODE_20500DE71C38,child,4,B4:BF:E9:32:FE:91,-80,0,2092,2092,1,1,0,0,0
536039600,NODE_20500DE71C38,child,4,B4:BF:E9:32:FE:91,-80,0,2092,2092,1,1,0,0,0
536139603,NODE_20500DE71C38,child,4,B4:BF:E9:32:FE:91,-80,0,2093,2093,1,1,0,0,0
536239607,NODE_20500DE71C38,child,4,B4:BF:E9:32:FE:91,-80,0,2093,2093,1,1,0,0,0
536339600,NODE_20500DE71C38,child,4,B4:BF:E9:32:FE:91,-80,0,2093,2093,1,1,0,0,0
536439603,NODE_20500DE71C38,child,4,B4:BF:E9:32:FE:91,-80,0,2094,2094,1,1,0,0,0
536539599,NODE_20500DE71C38,child,4,B4:BF:E9:32:FE:91,-80,0,2094,2094,1,1,0,0,0
536639612,NODE_20500DE71C38,child,4,B4:BF:E9:32:FE:91,-79,0,2095,2095,1,1,0,0,0
536739603,NODE_20500DE71C38,child,4,B4:BF:E9:32:FE:91,-79,0,2095,2095,1,1,0,0,0
536839606,NODE_20500DE71C38,child,4,B4:BF:E9:32:FE:91,-79,0,2095,2095,1,1,0,0,0
536939612,NODE_20500DE71C38,child,4,B4:BF:E9:32:FE:91,-79,0,2096,2096,1,1,0,0,0
537039599,NODE_20500DE71C38,child,4,B4:BF:E9:32:FE:91,-79,0,2096,2096,1,1,0,0,0
537139603,NODE_20500DE71C38,child,4,B4:BF:E9:32:FE:91,-79,0,2097,2097,1,1,0,0,0
537239600,NODE_20500DE71C38,child,4,B4:BF:E9:32:FE:91,-79,0,2097,2097,1,1,0,0,0
537339599,NODE_20500DE71C38,child,4,B4:BF:E9:32:FE:91,-79,0,2097,2097,1,1,0,0,0
537439603,NODE_20500DE71C38,child,4,B4:BF:E9:32:FE:91,-79,0,2098,2098,1,1,0,0,0
537539604,NODE_20500DE71C38,child,4,B4:BF:E9:32:FE:91,-79,0,2098,2098,1,1,0,0,0
537639603,NODE_20500DE71C38,child,4,B4:BF:E9:32:FE:91,-79,0,2099,2099,1,1,0,0,0
537739611,NODE_20500DE71C38,child,4,B4:BF:E9:32:FE:91,-79,0,2099,2099,1,1,0,0,0
537839600,NODE_20500DE71C38,child,4,B4:BF:E9:32:FE:91,-79,0,2099,2099,1,1,0,0,0
537939607,NODE_20500DE71C38,child,4,B4:BF:E9:32:FE:91,-79,0,2100,2100,1,1,0,0,0
538039603,NODE_20500DE71C38,child,4,B4:BF:E9:32:FE:91,-79,0,2100,2100,1,1,0,0,0
538139604,NODE_20500DE71C38,child,4,B4:BF:E9:32:FE:91,-79,0,2101,2101,1,1,0,0,0
538239613,NODE_20500DE71C38,child,4,B4:BF:E9:32:FE:91,-79,0,2101,2101,1,1,0,0,0
538339599,NODE_20500DE71C38,child,4,B4:BF:E9:32:FE:91,-79,0,2101,2101,1,1,0,0,0
538439608,NODE_20500DE71C38,child,4,B4:BF:E9:32:FE:91,-79,0,2102,2102,1,1,0,0,0
538539599,NODE_20500DE71C38,child,4,B4:BF:E9:32:FE:91,-79,0,2102,2102,1,1,0,0,0
538639607,NODE_20500DE71C38,child,4,B4:BF:E9:32:FE:91,-79,0,2103,2103,1,1,0,0,0
538739612,NODE_20500DE71C38,child,4,B4:BF:E9:32:FE:91,-80,0,2103,2103,1,1,0,0,0
538839606,NODE_20500DE71C38,child,4,B4:BF:E9:32:FE:91,-80,0,2103,2103,1,1,0,0,0
538939607,NODE_20500DE71C38,child,4,B4:BF:E9:32:FE:91,-80,0,2104,2104,1,1,0,0,0
539039604,NODE_20500DE71C38,child,4,B4:BF:E9:32:FE:91,-80,0,2104,2104,1,1,0,0,0
539139603,NODE_20500DE71C38,child,4,B4:BF:E9:32:FE:91,-80,0,2105,2105,1,1,0,0,0
539239603,NODE_20500DE71C38,child,4,B4:BF:E9:32:FE:91,-80,0,2105,2105,1,1,0,0,0
539339604,NODE_20500DE71C38,child,4,B4:BF:E9:32:FE:91,-80,0,2105,2105,1,1,0,0,0
539439603,NODE_20500DE71C38,child,4,B4:BF:E9:32:FE:91,-80,0,2106,2106,1,1,0,0,0
539539599,NODE_20500DE71C38,child,4,B4:BF:E9:32:FE:91,-80,0,2106,2106,1,1,0,0,0
539639604,NODE_20500DE71C38,child,4,B4:BF:E9:32:FE:91,-80,0,2107,2107,1,1,0,0,0
539739611,NODE_20500DE71C38,child,4,B4:BF:E9:32:FE:91,-79,0,2107,2107,1,1,0,0,0
539839599,NODE_20500DE71C38,child,4,B4:BF:E9:32:FE:91,-79,0,2107,2107,1,1,0,0,0
539939608,NODE_20500DE71C38,child,4,B4:BF:E9:32:FE:91,-79,0,2108,2108,1,1,0,0,0
540039606,NODE_20500DE71C38,child,4,B4:BF:E9:32:FE:91,-79,0,2108,2108,1,1,0,0,0
540139603,NODE_20500DE71C38,child,4,B4:BF:E9:32:FE:91,-79,0,2109,2109,1,1,0,0,0
540239600,NODE_20500DE71C38,child,4,B4:BF:E9:32:FE:91,-79,0,2109,2109,1,1,0,0,0
540339599,NODE_20500DE71C38,child,4,B4:BF:E9:32:FE:91,-79,0,2109,2109,1,1,0,0,0
540439603,NODE_20500DE71C38,child,4,B4:BF:E9:32:FE:91,-79,0,2110,2110,1,1,0,0,0
540539600,NODE_20500DE71C38,child,4,B4:BF:E9:32:FE:91,-79,0,2110,2110,1,1,0,0,0
540639607,NODE_20500DE71C38,child,4,B4:BF:E9:32:FE:91,-79,0,2111,2111,1,1,0,0,0
540739611,NODE_20500DE71C38,child,4,B4:BF:E9:32:FE:91,-80,0,2111,2111,1,1,0,0,0
540839604,NODE_20500DE71C38,child,4,B4:BF:E9:32:FE:91,-80,0,2111,2111,1,1,0,0,0
540939607,NODE_20500DE71C38,child,4,B4:BF:E9:32:FE:91,-80,0,2112,2112,1,1,0,0,0
541039607,NODE_20500DE71C38,child,4,B4:BF:E9:32:FE:91,-80,0,2112,2112,1,1,0,0,0
541139604,NODE_20500DE71C38,child,4,B4:BF:E9:32:FE:91,-80,0,2113,2113,1,1,0,0,0
541239599,NODE_20500DE71C38,child,4,B4:BF:E9:32:FE:91,-80,0,2113,2113,1,1,0,0,0
541339606,NODE_20500DE71C38,child,4,B4:BF:E9:32:FE:91,-80,0,2113,2113,1,1,0,0,0
541439604,NODE_20500DE71C38,child,4,B4:BF:E9:32:FE:91,-80,0,2114,2114,1,1,0,0,0
541539599,NODE_20500DE71C38,child,4,B4:BF:E9:32:FE:91,-80,0,2114,2114,1,1,0,0,0
541639603,NODE_20500DE71C38,child,4,B4:BF:E9:32:FE:91,-80,0,2115,2115,1,1,0,0,0
541739600,NODE_20500DE71C38,child,4,B4:BF:E9:32:FE:91,-80,0,2115,2115,1,1,0,0,0
541839603,NODE_20500DE71C38,child,4,B4:BF:E9:32:FE:91,-80,0,2115,2115,1,1,0,0,0
541939607,NODE_20500DE71C38,child,4,B4:BF:E9:32:FE:91,-80,0,2116,2116,1,1,0,0,0
542039611,NODE_20500DE71C38,child,4,B4:BF:E9:32:FE:91,-80,0,2116,2116,1,1,0,0,0
542139607,NODE_20500DE71C38,child,4,B4:BF:E9:32:FE:91,-80,0,2117,2117,1,1,0,0,0
542239603,NODE_20500DE71C38,child,4,B4:BF:E9:32:FE:91,-80,0,2117,2117,1,1,0,0,0
542339600,NODE_20500DE71C38,child,4,B4:BF:E9:32:FE:91,-80,0,2117,2117,1,1,0,0,0
542439603,NODE_20500DE71C38,child,4,B4:BF:E9:32:FE:91,-80,0,2118,2118,1,1,0,0,0
542539599,NODE_20500DE71C38,child,4,B4:BF:E9:32:FE:91,-80,0,2118,2118,1,1,0,0,0
542639608,NODE_20500DE71C38,child,4,B4:BF:E9:32:FE:91,-80,0,2119,2119,1,1,0,0,0
542739599,NODE_20500DE71C38,child,4,B4:BF:E9:32:FE:91,-80,0,2119,2119,1,1,0,0,0
542839611,NODE_20500DE71C38,child,4,B4:BF:E9:32:FE:91,-80,0,2119,2119,1,1,0,0,0
542939608,NODE_20500DE71C38,child,4,B4:BF:E9:32:FE:91,-80,0,2120,2120,1,1,0,0,0
543039599,NODE_20500DE71C38,child,4,B4:BF:E9:32:FE:91,-80,0,2120,2120,1,1,0,0,0
543139603,NODE_20500DE71C38,child,4,B4:BF:E9:32:FE:91,-80,0,2121,2121,1,1,0,0,0
543239607,NODE_20500DE71C38,child,4,B4:BF:E9:32:FE:91,-80,0,2121,2121,1,1,0,0,0
543339599,NODE_20500DE71C38,child,4,B4:BF:E9:32:FE:91,-80,0,2121,2121,1,1,0,0,0
543439603,NODE_20500DE71C38,child,4,B4:BF:E9:32:FE:91,-80,0,2122,2122,1,1,0,0,0
543539600,NODE_20500DE71C38,child,4,B4:BF:E9:32:FE:91,-80,0,2122,2122,1,1,0,0,0
543639603,NODE_20500DE71C38,child,4,B4:BF:E9:32:FE:91,-80,0,2123,2123,1,1,0,0,0
543739599,NODE_20500DE71C38,child,4,B4:BF:E9:32:FE:91,-80,0,2123,2123,1,1,0,0,0
543839612,NODE_20500DE71C38,child,4,B4:BF:E9:32:FE:91,-80,0,2123,2123,1,1,0,0,0
543939603,NODE_20500DE71C38,child,4,B4:BF:E9:32:FE:91,-80,0,2124,2124,1,1,0,0,0
544039599,NODE_20500DE71C38,child,4,B4:BF:E9:32:FE:91,-80,0,2124,2124,1,1,0,0,0
544139608,NODE_20500DE71C38,child,4,B4:BF:E9:32:FE:91,-80,0,2125,2125,1,1,0,0,0
544239599,NODE_20500DE71C38,child,4,B4:BF:E9:32:FE:91,-80,0,2125,2125,1,1,0,0,0
544339599,NODE_20500DE71C38,child,4,B4:BF:E9:32:FE:91,-80,0,2125,2125,1,1,0,0,0
544439604,NODE_20500DE71C38,child,4,B4:BF:E9:32:FE:91,-80,0,2126,2126,1,1,0,0,0
544539606,NODE_20500DE71C38,child,4,B4:BF:E9:32:FE:91,-80,0,2126,2126,1,1,0,0,0
544639607,NODE_20500DE71C38,child,4,B4:BF:E9:32:FE:91,-80,0,2127,2127,1,1,0,0,0
544739600,NODE_20500DE71C38,child,4,B4:BF:E9:32:FE:91,-80,0,2127,2127,1,1,0,0,0
544839611,NODE_20500DE71C38,child,4,B4:BF:E9:32:FE:91,-80,0,2127,2127,1,1,0,0,0
544939607,NODE_20500DE71C38,child,4,B4:BF:E9:32:FE:91,-80,0,2128,2128,1,1,0,0,0
545039600,NODE_20500DE71C38,child,4,B4:BF:E9:32:FE:91,-80,0,2128,2128,1,1,0,0,0
545139607,NODE_20500DE71C38,child,4,B4:BF:E9:32:FE:91,-80,0,2129,2129,1,1,0,0,0
545239607,NODE_20500DE71C38,child,4,B4:BF:E9:32:FE:91,-80,0,2129,2129,1,1,0,0,0
545339600,NODE_20500DE71C38,child,4,B4:BF:E9:32:FE:91,-80,0,2129,2129,1,1,0,0,0
545439607,NODE_20500DE71C38,child,4,B4:BF:E9:32:FE:91,-80,0,2130,2130,1,1,0,0,0
545539599,NODE_20500DE71C38,child,4,B4:BF:E9:32:FE:91,-80,0,2130,2130,1,1,0,0,0
545639604,NODE_20500DE71C38,child,4,B4:BF:E9:32:FE:91,-80,0,2131,2131,1,1,0,0,0
545739599,NODE_20500DE71C38,child,4,B4:BF:E9:32:FE:91,-80,0,2131,2131,1,1,0,0,0
545839603,NODE_20500DE71C38,child,4,B4:BF:E9:32:FE:91,-80,0,2131,2131,1,1,0,0,0
545939608,NODE_20500DE71C38,child,4,B4:BF:E9:32:FE:91,-80,0,2132,2132,1,1,0,0,0
546039599,NODE_20500DE71C38,child,4,B4:BF:E9:32:FE:91,-80,0,2132,2132,1,1,0,0,0
546139603,NODE_20500DE71C38,child,4,B4:BF:E9:32:FE:91,-80,0,2133,2133,1,1,0,0,0
546239604,NODE_20500DE71C38,child,4,B4:BF:E9:32:FE:91,-80,0,2133,2133,1,1,0,0,0
546339599,NODE_20500DE71C38,child,4,B4:BF:E9:32:FE:91,-80,0,2133,2133,1,1,0,0,0
546439603,NODE_20500DE71C38,child,4,B4:BF:E9:32:FE:91,-80,0,2134,2134,1,1,0,0,0
546539607,NODE_20500DE71C38,child,4,B4:BF:E9:32:FE:91,-80,0,2134,2134,1,1,0,0,0
546639603,NODE_20500DE71C38,child,4,B4:BF:E9:32:FE:91,-80,0,2135,2135,1,1,0,0,0
546739599,NODE_20500DE71C38,child,4,B4:BF:E9:32:FE:91,-80,0,2135,2135,1,1,0,0,0
546839600,NODE_20500DE71C38,child,4,B4:BF:E9:32:FE:91,-80,0,2135,2135,1,1,0,0,0
546939611,NODE_20500DE71C38,child,4,B4:BF:E9:32:FE:91,-81,0,2136,2136,1,1,0,0,0
547039606,NODE_20500DE71C38,child,4,B4:BF:E9:32:FE:91,-81,0,2136,2136,1,1,0,0,0
547139608,NODE_20500DE71C38,child,4,B4:BF:E9:32:FE:91,-81,0,2137,2137,1,1,0,0,0
547239603,NODE_20500DE71C38,child,4,B4:BF:E9:32:FE:91,-81,0,2137,2137,1,1,0,0,0
547339599,NODE_20500DE71C38,child,4,B4:BF:E9:32:FE:91,-81,0,2137,2137,1,1,0,0,0
547439604,NODE_20500DE71C38,child,4,B4:BF:E9:32:FE:91,-81,0,2138,2138,1,1,0,0,0
547539599,NODE_20500DE71C38,child,4,B4:BF:E9:32:FE:91,-81,0,2138,2138,1,1,0,0,0
547639607,NODE_20500DE71C38,child,4,B4:BF:E9:32:FE:91,-81,0,2139,2139,1,1,0,0,0
547739600,NODE_20500DE71C38,child,4,B4:BF:E9:32:FE:91,-81,0,2139,2139,1,1,0,0,0
547839599,NODE_20500DE71C38,child,4,B4:BF:E9:32:FE:91,-81,0,2139,2139,1,1,0,0,0
547939611,NODE_20500DE71C38,child,4,B4:BF:E9:32:FE:91,-82,0,2140,2140,1,1,0,0,0
548039600,NODE_20500DE71C38,child,4,B4:BF:E9:32:FE:91,-82,0,2140,2140,1,1,0,0,0
548139603,NODE_20500DE71C38,child,4,B4:BF:E9:32:FE:91,-82,0,2141,2141,1,1,0,0,0
548239607,NODE_20500DE71C38,child,4,B4:BF:E9:32:FE:91,-82,0,2141,2141,1,1,0,0,0
548339607,NODE_20500DE71C38,child,4,B4:BF:E9:32:FE:91,-82,0,2141,2141,1,1,0,0,0
548439607,NODE_20500DE71C38,child,4,B4:BF:E9:32:FE:91,-82,0,2142,2142,1,1,0,0,0
548539599,NODE_20500DE71C38,child,4,B4:BF:E9:32:FE:91,-82,0,2142,2142,1,1,0,0,0
548639604,NODE_20500DE71C38,child,4,B4:BF:E9:32:FE:91,-82,0,2143,2143,1,1,0,0,0
548739599,NODE_20500DE71C38,child,4,B4:BF:E9:32:FE:91,-82,0,2143,2143,1,1,0,0,0
548839599,NODE_20500DE71C38,child,4,B4:BF:E9:32:FE:91,-82,0,2143,2143,1,1,0,0,0
548939612,NODE_20500DE71C38,child,4,B4:BF:E9:32:FE:91,-82,0,2144,2144,1,1,0,0,0
549039603,NODE_20500DE71C38,child,4,B4:BF:E9:32:FE:91,-82,0,2144,2144,1,1,0,0,0
549139607,NODE_20500DE71C38,child,4,B4:BF:E9:32:FE:91,-82,0,2145,2145,1,1,0,0,0
549239604,NODE_20500DE71C38,child,4,B4:BF:E9:32:FE:91,-82,0,2145,2145,1,1,0,0,0
549339599,NODE_20500DE71C38,child,4,B4:BF:E9:32:FE:91,-82,0,2145,2145,1,1,0,0,0
549439603,NODE_20500DE71C38,child,4,B4:BF:E9:32:FE:91,-82,0,2146,2146,1,1,0,0,0
549539600,NODE_20500DE71C38,child,4,B4:BF:E9:32:FE:91,-82,0,2146,2146,1,1,0,0,0
549639607,NODE_20500DE71C38,child,4,B4:BF:E9:32:FE:91,-82,0,2147,2147,1,1,0,0,0
549739599,NODE_20500DE71C38,child,4,B4:BF:E9:32:FE:91,-82,0,2147,2147,1,1,0,0,0
549839604,NODE_20500DE71C38,child,4,B4:BF:E9:32:FE:91,-82,0,2147,2147,1,1,0,0,0
549939603,NODE_20500DE71C38,child,4,B4:BF:E9:32:FE:91,-82,0,2148,2148,1,1,0,0,0
550039611,NODE_20500DE71C38,child,4,B4:BF:E9:32:FE:91,-80,0,2148,2148,1,1,0,0,0
550139608,NODE_20500DE71C38,child,4,B4:BF:E9:32:FE:91,-80,0,2149,2149,1,1,0,0,0
550239599,NODE_20500DE71C38,child,4,B4:BF:E9:32:FE:91,-80,0,2149,2149,1,1,0,0,0
550339606,NODE_20500DE71C38,child,4,B4:BF:E9:32:FE:91,-80,0,2149,2149,1,1,0,0,0
550439604,NODE_20500DE71C38,child,4,B4:BF:E9:32:FE:91,-80,0,2150,2150,1,1,0,0,0
550539599,NODE_20500DE71C38,child,4,B4:BF:E9:32:FE:91,-80,0,2150,2150,1,1,0,0,0
550639603,NODE_20500DE71C38,child,4,B4:BF:E9:32:FE:91,-80,0,2151,2151,1,1,0,0,0
550739600,NODE_20500DE71C38,child,4,B4:BF:E9:32:FE:91,-80,0,2151,2151,1,1,0,0,0
550839603,NODE_20500DE71C38,child,4,B4:BF:E9:32:FE:91,-80,0,2151,2151,1,1,0,0,0
550939603,NODE_20500DE71C38,child,4,B4:BF:E9:32:FE:91,-80,0,2152,2152,1,1,0,0,0
551039612,NODE_20500DE71C38,child,4,B4:BF:E9:32:FE:91,-80,0,2152,2152,1,1,0,0,0
551139607,NODE_20500DE71C38,child,4,B4:BF:E9:32:FE:91,-80,0,2153,2153,1,1,0,0,0
551239603,NODE_20500DE71C38,child,4,B4:BF:E9:32:FE:91,-80,0,2153,2153,1,1,0,0,0
551339604,NODE_20500DE71C38,child,4,B4:BF:E9:32:FE:91,-80,0,2153,2153,1,1,0,0,0
551439603,NODE_20500DE71C38,child,4,B4:BF:E9:32:FE:91,-80,0,2154,2154,1,1,0,0,0
551539607,NODE_20500DE71C38,child,4,B4:BF:E9:32:FE:91,-80,0,2154,2154,1,1,0,0,0
551639604,NODE_20500DE71C38,child,4,B4:BF:E9:32:FE:91,-80,0,2155,2155,1,1,0,0,0
551739599,NODE_20500DE71C38,child,4,B4:BF:E9:32:FE:91,-80,0,2155,2155,1,1,0,0,0
551839599,NODE_20500DE71C38,child,4,B4:BF:E9:32:FE:91,-80,0,2155,2155,1,1,0,0,0
551939604,NODE_20500DE71C38,child,4,B4:BF:E9:32:FE:91,-80,0,2156,2156,1,1,0,0,0
552039613,NODE_20500DE71C38,child,4,B4:BF:E9:32:FE:91,-80,0,2156,2156,1,1,0,0,0
552139607,NODE_20500DE71C38,child,4,B4:BF:E9:32:FE:91,-80,0,2157,2157,1,1,0,0,0
552239608,NODE_20500DE71C38,child,4,B4:BF:E9:32:FE:91,-80,0,2157,2157,1,1,0,0,0
552339603,NODE_20500DE71C38,child,4,B4:BF:E9:32:FE:91,-80,0,2157,2157,1,1,0,0,0
552439603,NODE_20500DE71C38,child,4,B4:BF:E9:32:FE:91,-80,0,2158,2158,1,1,0,0,0
552539600,NODE_20500DE71C38,child,4,B4:BF:E9:32:FE:91,-80,0,2158,2158,1,1,0,0,0
552639603,NODE_20500DE71C38,child,4,B4:BF:E9:32:FE:91,-80,0,2159,2159,1,1,0,0,0
552739599,NODE_20500DE71C38,child,4,B4:BF:E9:32:FE:91,-80,0,2159,2159,1,1,0,0,0
552839604,NODE_20500DE71C38,child,4,B4:BF:E9:32:FE:91,-80,0,2159,2159,1,1,0,0,0
552939603,NODE_20500DE71C38,child,4,B4:BF:E9:32:FE:91,-80,0,2160,2160,1,1,0,0,0
553039613,NODE_20500DE71C38,child,4,B4:BF:E9:32:FE:91,-80,0,2160,2160,1,1,0,0,0
553139604,NODE_20500DE71C38,child,4,B4:BF:E9:32:FE:91,-80,0,2161,2161,1,1,0,0,0
553239599,NODE_20500DE71C38,child,4,B4:BF:E9:32:FE:91,-80,0,2161,2161,1,1,0,0,0
553339603,NODE_20500DE71C38,child,4,B4:BF:E9:32:FE:91,-80,0,2161,2161,1,1,0,0,0
553439604,NODE_20500DE71C38,child,4,B4:BF:E9:32:FE:91,-80,0,2162,2162,1,1,0,0,0
553539603,NODE_20500DE71C38,child,4,B4:BF:E9:32:FE:91,-80,0,2162,2162,1,1,0,0,0
553639603,NODE_20500DE71C38,child,4,B4:BF:E9:32:FE:91,-80,0,2163,2163,1,1,0,0,0
553739600,NODE_20500DE71C38,child,4,B4:BF:E9:32:FE:91,-80,0,2163,2163,1,1,0,0,0
553839599,NODE_20500DE71C38,child,4,B4:BF:E9:32:FE:91,-80,0,2163,2163,1,1,0,0,0
553939603,NODE_20500DE71C38,child,4,B4:BF:E9:32:FE:91,-80,0,2164,2164,1,1,0,0,0
554039615,NODE_20500DE71C38,child,4,B4:BF:E9:32:FE:91,-80,0,2164,2164,1,1,0,0,0
554139607,NODE_20500DE71C38,child,4,B4:BF:E9:32:FE:91,-80,0,2165,2165,1,1,0,0,0
554239607,NODE_20500DE71C38,child,4,B4:BF:E9:32:FE:91,-80,0,2165,2165,1,1,0,0,0
554339600,NODE_20500DE71C38,child,4,B4:BF:E9:32:FE:91,-80,0,2165,2165,1,1,0,0,0
554439607,NODE_20500DE71C38,child,4,B4:BF:E9:32:FE:91,-80,0,2166,2166,1,1,0,0,0
554539599,NODE_20500DE71C38,child,4,B4:BF:E9:32:FE:91,-80,0,2166,2166,1,1,0,0,0
554639604,NODE_20500DE71C38,child,4,B4:BF:E9:32:FE:91,-80,0,2167,2167,1,1,0,0,0
554739599,NODE_20500DE71C38,child,4,B4:BF:E9:32:FE:91,-80,0,2167,2167,1,1,0,0,0
554839603,NODE_20500DE71C38,child,4,B4:BF:E9:32:FE:91,-80,0,2167,2167,1,1,0,0,0
554939608,NODE_20500DE71C38,child,4,B4:BF:E9:32:FE:91,-80,0,2168,2168,1,1,0,0,0
555039599,NODE_20500DE71C38,child,4,B4:BF:E9:32:FE:91,-80,0,2168,2168,1,1,0,0,0
555139607,NODE_20500DE71C38,child,4,B4:BF:E9:32:FE:91,-79,0,2169,2169,1,1,0,0,0
555239600,NODE_20500DE71C38,child,4,B4:BF:E9:32:FE:91,-79,0,2169,2169,1,1,0,0,0
555339603,NODE_20500DE71C38,child,4,B4:BF:E9:32:FE:91,-79,0,2169,2169,1,1,0,0,0
555439607,NODE_20500DE71C38,child,4,B4:BF:E9:32:FE:91,-79,0,2170,2170,1,1,0,0,0
555539600,NODE_20500DE71C38,child,4,B4:BF:E9:32:FE:91,-79,0,2170,2170,1,1,0,0,0
555639603,NODE_20500DE71C38,child,4,B4:BF:E9:32:FE:91,-79,0,2171,2171,1,1,0,0,0
555739599,NODE_20500DE71C38,child,4,B4:BF:E9:32:FE:91,-79,0,2171,2171,1,1,0,0,0
555839600,NODE_20500DE71C38,child,4,B4:BF:E9:32:FE:91,-79,0,2171,2171,1,1,0,0,0
555939603,NODE_20500DE71C38,child,4,B4:BF:E9:32:FE:91,-79,0,2172,2172,1,1,0,0,0
556039603,NODE_20500DE71C38,child,4,B4:BF:E9:32:FE:91,-79,0,2172,2172,1,1,0,0,0
556139608,NODE_20500DE71C38,child,4,B4:BF:E9:32:FE:91,-79,0,2173,2173,1,1,0,0,0
556239599,NODE_20500DE71C38,child,4,B4:BF:E9:32:FE:91,-79,0,2173,2173,1,1,0,0,0
556339599,NODE_20500DE71C38,child,4,B4:BF:E9:32:FE:91,-79,0,2173,2173,1,1,0,0,0
556439608,NODE_20500DE71C38,child,4,B4:BF:E9:32:FE:91,-79,0,2174,2174,1,1,0,0,0
556539603,NODE_20500DE71C38,child,4,B4:BF:E9:32:FE:91,-79,0,2174,2174,1,1,0,0,0
556639607,NODE_20500DE71C38,child,4,B4:BF:E9:32:FE:91,-79,0,2175,2175,1,1,0,0,0
556739600,NODE_20500DE71C38,child,4,B4:BF:E9:32:FE:91,-79,0,2175,2175,1,1,0,0,0
556839599,NODE_20500DE71C38,child,4,B4:BF:E9:32:FE:91,-79,0,2175,2175,1,1,0,0,0
556939603,NODE_20500DE71C38,child,4,B4:BF:E9:32:FE:91,-79,0,2176,2176,1,1,0,0,0
557039600,NODE_20500DE71C38,child,4,B4:BF:E9:32:FE:91,-79,0,2176,2176,1,1,0,0,0
557139607,NODE_20500DE71C38,child,4,B4:BF:E9:32:FE:91,-78,0,2177,2177,1,1,0,0,0
557239603,NODE_20500DE71C38,child,4,B4:BF:E9:32:FE:91,-78,0,2177,2177,1,1,0,0,0
557339604,NODE_20500DE71C38,child,4,B4:BF:E9:32:FE:91,-78,0,2177,2177,1,1,0,0,0
557439607,NODE_20500DE71C38,child,4,B4:BF:E9:32:FE:91,-78,0,2178,2178,1,1,0,0,0
557539599,NODE_20500DE71C38,child,4,B4:BF:E9:32:FE:91,-78,0,2178,2178,1,1,0,0,0
557639604,NODE_20500DE71C38,child,4,B4:BF:E9:32:FE:91,-78,0,2179,2179,1,1,0,0,0
557739599,NODE_20500DE71C38,child,4,B4:BF:E9:32:FE:91,-78,0,2179,2179,1,1,0,0,0
557839599,NODE_20500DE71C38,child,4,B4:BF:E9:32:FE:91,-78,0,2179,2179,1,1,0,0,0
557939604,NODE_20500DE71C38,child,4,B4:BF:E9:32:FE:91,-78,0,2180,2180,1,1,0,0,0
558039603,NODE_20500DE71C38,child,4,B4:BF:E9:32:FE:91,-78,0,2180,2180,1,1,0,0,0
558139603,NODE_20500DE71C38,child,4,B4:BF:E9:32:FE:91,-78,0,2181,2181,1,1,0,0,0
558239611,NODE_20500DE71C38,child,4,B4:BF:E9:32:FE:91,-78,0,2181,2181,1,1,0,0,0
558339599,NODE_20500DE71C38,child,4,B4:BF:E9:32:FE:91,-78,0,2181,2181,1,1,0,0,0
558439607,NODE_20500DE71C38,child,4,B4:BF:E9:32:FE:91,-78,0,2182,2182,1,1,0,0,0
558539604,NODE_20500DE71C38,child,4,B4:BF:E9:32:FE:91,-78,0,2182,2182,1,1,0,0,0
558639607,NODE_20500DE71C38,child,4,B4:BF:E9:32:FE:91,-78,0,2183,2183,1,1,0,0,0
558739599,NODE_20500DE71C38,child,4,B4:BF:E9:32:FE:91,-78,0,2183,2183,1,1,0,0,0
558839600,NODE_20500DE71C38,child,4,B4:BF:E9:32:FE:91,-78,0,2183,2183,1,1,0,0,0
558939603,NODE_20500DE71C38,child,4,B4:BF:E9:32:FE:91,-78,0,2184,2184,1,1,0,0,0
559039599,NODE_20500DE71C38,child,4,B4:BF:E9:32:FE:91,-78,0,2184,2184,1,1,0,0,0
559139604,NODE_20500DE71C38,child,4,B4:BF:E9:32:FE:91,-78,0,2185,2185,1,1,0,0,0
559239613,NODE_20500DE71C38,child,4,B4:BF:E9:32:FE:91,-80,0,2185,2185,1,1,0,0,0
559339599,NODE_20500DE71C38,child,4,B4:BF:E9:32:FE:91,-80,0,2185,2185,1,1,0,0,0
559439608,NODE_20500DE71C38,child,4,B4:BF:E9:32:FE:91,-80,0,2186,2186,1,1,0,0,0
559539603,NODE_20500DE71C38,child,4,B4:BF:E9:32:FE:91,-80,0,2186,2186,1,1,0,0,0
559639603,NODE_20500DE71C38,child,4,B4:BF:E9:32:FE:91,-80,0,2187,2187,1,1,0,0,0
559739600,NODE_20500DE71C38,child,4,B4:BF:E9:32:FE:91,-80,0,2187,2187,1,1,0,0,0
559839603,NODE_20500DE71C38,child,4,B4:BF:E9:32:FE:91,-80,0,2187,2187,1,1,0,0,0
559939603,NODE_20500DE71C38,child,4,B4:BF:E9:32:FE:91,-80,0,2188,2188,1,1,0,0,0
560039600,NODE_20500DE71C38,child,4,B4:BF:E9:32:FE:91,-80,0,2188,2188,1,1,0,0,0
560139603,NODE_20500DE71C38,child,4,B4:BF:E9:32:FE:91,-80,0,2189,2189,1,1,0,0,0
560239611,NODE_20500DE71C38,child,4,B4:BF:E9:32:FE:91,-80,0,2189,2189,1,1,0,0,0
560339600,NODE_20500DE71C38,child,4,B4:BF:E9:32:FE:91,-80,0,2189,2189,1,1,0,0,0
560439607,NODE_20500DE71C38,child,4,B4:BF:E9:32:FE:91,-80,0,2190,2190,1,1,0,0,0
560539603,NODE_20500DE71C38,child,4,B4:BF:E9:32:FE:91,-80,0,2190,2190,1,1,0,0,0
560639604,NODE_20500DE71C38,child,4,B4:BF:E9:32:FE:91,-80,0,2191,2191,1,1,0,0,0
560739599,NODE_20500DE71C38,child,4,B4:BF:E9:32:FE:91,-80,0,2191,2191,1,1,0,0,0
560839603,NODE_20500DE71C38,child,4,B4:BF:E9:32:FE:91,-80,0,2191,2191,1,1,0,0,0
560939608,NODE_20500DE71C38,child,4,B4:BF:E9:32:FE:91,-80,0,2192,2192,1,1,0,0,0
561039599,NODE_20500DE71C38,child,4,B4:BF:E9:32:FE:91,-80,0,2192,2192,1,1,0,0,0
561139603,NODE_20500DE71C38,child,4,B4:BF:E9:32:FE:91,-80,0,2193,2193,1,1,0,0,0
561239612,NODE_20500DE71C38,child,4,B4:BF:E9:32:FE:91,-80,0,2193,2193,1,1,0,0,0
561339599,NODE_20500DE71C38,child,4,B4:BF:E9:32:FE:91,-80,0,2193,2193,1,1,0,0,0
561439603,NODE_20500DE71C38,child,4,B4:BF:E9:32:FE:91,-80,0,2194,2194,1,1,0,0,0
561539611,NODE_20500DE71C38,child,4,B4:BF:E9:32:FE:91,-80,0,2194,2194,1,1,0,0,0
561639603,NODE_20500DE71C38,child,4,B4:BF:E9:32:FE:91,-80,0,2195,2195,1,1,0,0,0
561739599,NODE_20500DE71C38,child,4,B4:BF:E9:32:FE:91,-80,0,2195,2195,1,1,0,0,0
561839608,NODE_20500DE71C38,child,4,B4:BF:E9:32:FE:91,-80,0,2195,2195,1,1,0,0,0
561939603,NODE_20500DE71C38,child,4,B4:BF:E9:32:FE:91,-80,0,2196,2196,1,1,0,0,0
562039599,NODE_20500DE71C38,child,4,B4:BF:E9:32:FE:91,-80,0,2196,2196,1,1,0,0,0
562139604,NODE_20500DE71C38,child,4,B4:BF:E9:32:FE:91,-80,0,2197,2197,1,1,0,0,0
562239613,NODE_20500DE71C38,child,4,B4:BF:E9:32:FE:91,-80,0,2197,2197,1,1,0,0,0
562339603,NODE_20500DE71C38,child,4,B4:BF:E9:32:FE:91,-80,0,2197,2197,1,1,0,0,0
562439608,NODE_20500DE71C38,child,4,B4:BF:E9:32:FE:91,-80,0,2198,2198,1,1,0,0,0
562539607,NODE_20500DE71C38,child,4,B4:BF:E9:32:FE:91,-80,0,2198,2198,1,1,0,0,0
562639607,NODE_20500DE71C38,child,4,B4:BF:E9:32:FE:91,-80,0,2199,2199,1,1,0,0,0
562739603,NODE_20500DE71C38,child,4,B4:BF:E9:32:FE:91,-80,0,2199,2199,1,1,0,0,0
562839599,NODE_20500DE71C38,child,4,B4:BF:E9:32:FE:91,-80,0,2199,2199,1,1,0,0,0
562939603,NODE_20500DE71C38,child,4,B4:BF:E9:32:FE:91,-80,0,2200,2200,1,1,0,0,0
563039608,NODE_20500DE71C38,child,4,B4:BF:E9:32:FE:91,-80,0,2200,2200,1,1,0,0,0
563139603,NODE_20500DE71C38,child,4,B4:BF:E9:32:FE:91,-80,0,2201,2201,1,1,0,0,0
563239603,NODE_20500DE71C38,child,4,B4:BF:E9:32:FE:91,-80,0,2201,2201,1,1,0,0,0
563339615,NODE_20500DE71C38,child,4,B4:BF:E9:32:FE:91,-79,0,2201,2201,1,1,0,0,0
563439603,NODE_20500DE71C38,child,4,B4:BF:E9:32:FE:91,-79,0,2202,2202,1,1,0,0,0
563539599,NODE_20500DE71C38,child,4,B4:BF:E9:32:FE:91,-79,0,2202,2202,1,1,0,0,0
563639608,NODE_20500DE71C38,child,4,B4:BF:E9:32:FE:91,-79,0,2203,2203,1,1,0,0,0
563739599,NODE_20500DE71C38,child,4,B4:BF:E9:32:FE:91,-79,0,2203,2203,1,1,0,0,0
563839599,NODE_20500DE71C38,child,4,B4:BF:E9:32:FE:91,-79,0,2203,2203,1,1,0,0,0
563939604,NODE_20500DE71C38,child,4,B4:BF:E9:32:FE:91,-79,0,2204,2204,1,1,0,0,0
564039599,NODE_20500DE71C38,child,4,B4:BF:E9:32:FE:91,-79,0,2204,2204,1,1,0,0,0
564139603,NODE_20500DE71C38,child,4,B4:BF:E9:32:FE:91,-79,0,2205,2205,1,1,0,0,0
564239600,NODE_20500DE71C38,child,4,B4:BF:E9:32:FE:91,-79,0,2205,2205,1,1,0,0,0
564339613,NODE_20500DE71C38,child,4,B4:BF:E9:32:FE:91,-79,0,2205,2205,1,1,0,0,0
564439603,NODE_20500DE71C38,child,4,B4:BF:E9:32:FE:91,-79,0,2206,2206,1,1,0,0,0
564539600,NODE_20500DE71C38,child,4,B4:BF:E9:32:FE:91,-79,0,2206,2206,1,1,0,0,0
564639607,NODE_20500DE71C38,child,4,B4:BF:E9:32:FE:91,-79,0,2207,2207,1,1,0,0,0
564739599,NODE_20500DE71C38,child,4,B4:BF:E9:32:FE:91,-79,0,2207,2207,1,1,0,0,0
564839604,NODE_20500DE71C38,child,4,B4:BF:E9:32:FE:91,-79,0,2207,2207,1,1,0,0,0
564939603,NODE_20500DE71C38,child,4,B4:BF:E9:32:FE:91,-79,0,2208,2208,1,1,0,0,0
565039603,NODE_20500DE71C38,child,4,B4:BF:E9:32:FE:91,-79,0,2208,2208,1,1,0,0,0
565139604,NODE_20500DE71C38,child,4,B4:BF:E9:32:FE:91,-79,0,2209,2209,1,1,0,0,0
565239599,NODE_20500DE71C38,child,4,B4:BF:E9:32:FE:91,-79,0,2209,2209,1,1,0,0,0
565339613,NODE_20500DE71C38,child,4,B4:BF:E9:32:FE:91,-79,0,2209,2209,1,1,0,0,0
565439608,NODE_20500DE71C38,child,4,B4:BF:E9:32:FE:91,-79,0,2210,2210,1,1,0,0,0
565539599,NODE_20500DE71C38,child,4,B4:BF:E9:32:FE:91,-79,0,2210,2210,1,1,0,0,0
565639607,NODE_20500DE71C38,child,4,B4:BF:E9:32:FE:91,-79,0,2211,2211,1,1,0,0,0
565739600,NODE_20500DE71C38,child,4,B4:BF:E9:32:FE:91,-79,0,2211,2211,1,1,0,0,0
565839599,NODE_20500DE71C38,child,4,B4:BF:E9:32:FE:91,-79,0,2211,2211,1,1,0,0,0
565939603,NODE_20500DE71C38,child,4,B4:BF:E9:32:FE:91,-79,0,2212,2212,1,1,0,0,0
566039600,NODE_20500DE71C38,child,4,B4:BF:E9:32:FE:91,-79,0,2212,2212,1,1,0,0,0
566139603,NODE_20500DE71C38,child,4,B4:BF:E9:32:FE:91,-79,0,2213,2213,1,1,0,0,0
566239603,NODE_20500DE71C38,child,4,B4:BF:E9:32:FE:91,-79,0,2213,2213,1,1,0,0,0
566339615,NODE_20500DE71C38,child,4,B4:BF:E9:32:FE:91,-80,0,2213,2213,1,1,0,0,0
566439607,NODE_20500DE71C38,child,4,B4:BF:E9:32:FE:91,-80,0,2214,2214,1,1,0,0,0
566539599,NODE_20500DE71C38,child,4,B4:BF:E9:32:FE:91,-80,0,2214,2214,1,1,0,0,0
566639612,NODE_20500DE71C38,child,4,B4:BF:E9:32:FE:91,-80,0,2215,2215,1,1,0,0,0
566739599,NODE_20500DE71C38,child,4,B4:BF:E9:32:FE:91,-80,0,2215,2215,1,1,0,0,0
566839603,NODE_20500DE71C38,child,4,B4:BF:E9:32:FE:91,-80,0,2215,2215,1,1,0,0,0
566939608,NODE_20500DE71C38,child,4,B4:BF:E9:32:FE:91,-80,0,2216,2216,1,1,0,0,0
567039599,NODE_20500DE71C38,child,4,B4:BF:E9:32:FE:91,-80,0,2216,2216,1,1,0,0,0
567139603,NODE_20500DE71C38,child,4,B4:BF:E9:32:FE:91,-80,0,2217,2217,1,1,0,0,0
567239600,NODE_20500DE71C38,child,4,B4:BF:E9:32:FE:91,-80,0,2217,2217,1,1,0,0,0
567339599,NODE_20500DE71C38,child,4,B4:BF:E9:32:FE:91,-80,0,2217,2217,1,1,0,0,0
567439607,NODE_20500DE71C38,child,4,B4:BF:E9:32:FE:91,-80,0,2218,2218,1,1,0,0,0
567539604,NODE_20500DE71C38,child,4,B4:BF:E9:32:FE:91,-80,0,2218,2218,1,1,0,0,0
567640376,NODE_20500DE71C38,child,4,B4:BF:E9:32:FE:91,-80,0,2218,2218,1,1,0,0,0
567739611,NODE_20500DE71C38,child,4,B4:BF:E9:32:FE:91,-80,0,2219,2219,1,1,0,0,0
567839600,NODE_20500DE71C38,child,4,B4:BF:E9:32:FE:91,-80,0,2219,2219,1,1,0,0,0
567939603,NODE_20500DE71C38,child,4,B4:BF:E9:32:FE:91,-80,0,2220,2220,1,1,0,0,0
568039599,NODE_20500DE71C38,child,4,B4:BF:E9:32:FE:91,-80,0,2220,2220,1,1,0,0,0
568140371,NODE_20500DE71C38,child,4,B4:BF:E9:32:FE:91,-80,0,2220,2220,1,1,0,0,0
568239603,NODE_20500DE71C38,child,4,B4:BF:E9:32:FE:91,-80,0,2221,2221,1,1,0,0,0
568339599,NODE_20500DE71C38,child,4,B4:BF:E9:32:FE:91,-80,0,2221,2221,1,1,0,0,0
568439608,NODE_20500DE71C38,child,4,B4:BF:E9:32:FE:91,-80,0,2222,2222,1,1,0,0,0
568539599,NODE_20500DE71C38,child,4,B4:BF:E9:32:FE:91,-80,0,2222,2222,1,1,0,0,0
568640376,NODE_20500DE71C38,child,4,B4:BF:E9:32:FE:91,-80,0,2222,2222,1,1,0,0,0
568739608,NODE_20500DE71C38,child,4,B4:BF:E9:32:FE:91,-80,0,2223,2223,1,1,0,0,0
568839603,NODE_20500DE71C38,child,4,B4:BF:E9:32:FE:91,-80,0,2223,2223,1,1,0,0,0
568939603,NODE_20500DE71C38,child,4,B4:BF:E9:32:FE:91,-80,0,2224,2224,1,1,0,0,0
569039600,NODE_20500DE71C38,child,4,B4:BF:E9:32:FE:91,-80,0,2224,2224,1,1,0,0,0
569140371,NODE_20500DE71C38,child,4,B4:BF:E9:32:FE:91,-80,0,2224,2224,1,1,0,0,0
569239607,NODE_20500DE71C38,child,4,B4:BF:E9:32:FE:91,-80,0,2225,2225,1,1,0,0,0
569339600,NODE_20500DE71C38,child,4,B4:BF:E9:32:FE:91,-80,0,2225,2225,1,1,0,0,0
569439613,NODE_20500DE71C38,child,4,B4:BF:E9:32:FE:91,-80,0,2226,2226,1,1,0,0,0
569539603,NODE_20500DE71C38,child,4,B4:BF:E9:32:FE:91,-80,0,2226,2226,1,1,0,0,0
569640375,NODE_20500DE71C38,child,4,B4:BF:E9:32:FE:91,-80,0,2226,2226,1,1,0,0,0
569739607,NODE_20500DE71C38,child,4,B4:BF:E9:32:FE:91,-80,0,2227,2227,1,1,0,0,0
569839599,NODE_20500DE71C38,child,4,B4:BF:E9:32:FE:91,-80,0,2227,2227,1,1,0,0,0
569939604,NODE_20500DE71C38,child,4,B4:BF:E9:32:FE:91,-80,0,2228,2228,1,1,0,0,0
570039599,NODE_20500DE71C38,child,4,B4:BF:E9:32:FE:91,-80,0,2228,2228,1,1,0,0,0
570140371,NODE_20500DE71C38,child,4,B4:BF:E9:32:FE:91,-80,0,2228,2228,1,1,0,0,0
570239608,NODE_20500DE71C38,child,4,B4:BF:E9:32:FE:91,-80,0,2229,2229,1,1,0,0,0
570339599,NODE_20500DE71C38,child,4,B4:BF:E9:32:FE:91,-80,0,2229,2229,1,1,0,0,0
570439613,NODE_20500DE71C38,child,4,B4:BF:E9:32:FE:91,-80,0,2230,2230,1,1,0,0,0
570539604,NODE_20500DE71C38,child,4,B4:BF:E9:32:FE:91,-80,0,2230,2230,1,1,0,0,0
570640382,NODE_20500DE71C38,child,4,B4:BF:E9:32:FE:91,-80,0,2230,2230,1,1,0,0,0
570739611,NODE_20500DE71C38,child,4,B4:BF:E9:32:FE:91,-80,0,2231,2231,1,1,0,0,0
570839604,NODE_20500DE71C38,child,4,B4:BF:E9:32:FE:91,-80,0,2231,2231,1,1,0,0,0
570939603,NODE_20500DE71C38,child,4,B4:BF:E9:32:FE:91,-80,0,2232,2232,1,1,0,0,0
571039599,NODE_20500DE71C38,child,4,B4:BF:E9:32:FE:91,-80,0,2232,2232,1,1,0,0,0
571140378,NODE_20500DE71C38,child,4,B4:BF:E9:32:FE:91,-80,0,2232,2232,1,1,0,0,0
571239607,NODE_20500DE71C38,child,4,B4:BF:E9:32:FE:91,-80,0,2233,2233,1,1,0,0,0
571339603,NODE_20500DE71C38,child,4,B4:BF:E9:32:FE:91,-80,0,2233,2233,1,1,0,0,0
571439604,NODE_20500DE71C38,child,4,B4:BF:E9:32:FE:91,-80,0,2234,2234,1,1,0,0,0
571539609,NODE_20500DE71C38,child,4,B4:BF:E9:32:FE:91,-79,0,2234,2234,1,1,0,0,0
571640375,NODE_20500DE71C38,child,4,B4:BF:E9:32:FE:91,-79,0,2234,2234,1,1,0,0,0
571739600,NODE_20500DE71C38,child,4,B4:BF:E9:32:FE:91,-79,0,2235,2235,1,1,0,0,0
571839603,NODE_20500DE71C38,child,4,B4:BF:E9:32:FE:91,-79,0,2235,2235,1,1,0,0,0
571939603,NODE_20500DE71C38,child,4,B4:BF:E9:32:FE:91,-79,0,2236,2236,1,1,0,0,0
572039608,NODE_20500DE71C38,child,4,B4:BF:E9:32:FE:91,-79,0,2236,2236,1,1,0,0,0
572140376,NODE_20500DE71C38,child,4,B4:BF:E9:32:FE:91,-79,0,2236,2236,1,1,0,0,0
572239603,NODE_20500DE71C38,child,4,B4:BF:E9:32:FE:91,-79,0,2237,2237,1,1,0,0,0
572339600,NODE_20500DE71C38,child,4,B4:BF:E9:32:FE:91,-79,0,2237,2237,1,1,0,0,0
572439603,NODE_20500DE71C38,child,4,B4:BF:E9:32:FE:91,-79,0,2238,2238,1,1,0,0,0
572539613,NODE_20500DE71C38,child,4,B4:BF:E9:32:FE:91,-80,0,2238,2238,1,1,0,0,0
572640375,NODE_20500DE71C38,child,4,B4:BF:E9:32:FE:91,-80,0,2238,2238,1,1,0,0,0
572739607,NODE_20500DE71C38,child,4,B4:BF:E9:32:FE:91,-80,0,2239,2239,1,1,0,0,0
572839603,NODE_20500DE71C38,child,4,B4:BF:E9:32:FE:91,-80,0,2239,2239,1,1,0,0,0
572939608,NODE_20500DE71C38,child,4,B4:BF:E9:32:FE:91,-80,0,2240,2240,1,1,0,0,0
573039599,NODE_20500DE71C38,child,4,B4:BF:E9:32:FE:91,-80,0,2240,2240,1,1,0,0,0
573140376,NODE_20500DE71C38,child,4,B4:BF:E9:32:FE:91,-80,0,2240,2240,1,1,0,0,0
573239608,NODE_20500DE71C38,child,4,B4:BF:E9:32:FE:91,-80,0,2241,2241,1,1,0,0,0
573339603,NODE_20500DE71C38,child,4,B4:BF:E9:32:FE:91,-80,0,2241,2241,1,1,0,0,0
573439603,NODE_20500DE71C38,child,4,B4:BF:E9:32:FE:91,-80,0,2242,2242,1,1,0,0,0
573539612,NODE_20500DE71C38,child,4,B4:BF:E9:32:FE:91,-80,0,2242,2242,1,1,0,0,0
573640376,NODE_20500DE71C38,child,4,B4:BF:E9:32:FE:91,-80,0,2242,2242,1,1,0,0,0
573739603,NODE_20500DE71C38,child,4,B4:BF:E9:32:FE:91,-80,0,2243,2243,1,1,0,0,0
573839604,NODE_20500DE71C38,child,4,B4:BF:E9:32:FE:91,-80,0,2243,2243,1,1,0,0,0
573939603,NODE_20500DE71C38,child,4,B4:BF:E9:32:FE:91,-80,0,2244,2244,1,1,0,0,0
574039603,NODE_20500DE71C38,child,4,B4:BF:E9:32:FE:91,-80,0,2244,2244,1,1,0,0,0
574140379,NODE_20500DE71C38,child,4,B4:BF:E9:32:FE:91,-80,0,2244,2244,1,1,0,0,0
574239611,NODE_20500DE71C38,child,4,B4:BF:E9:32:FE:91,-80,0,2245,2245,1,1,0,0,0
574339599,NODE_20500DE71C38,child,4,B4:BF:E9:32:FE:91,-80,0,2245,2245,1,1,0,0,0
574439604,NODE_20500DE71C38,child,4,B4:BF:E9:32:FE:91,-80,0,2246,2246,1,1,0,0,0
574539834,NODE_20500DE71C38,child,4,B4:BF:E9:32:FE:91,-79,0,2246,2246,1,1,0,0,0
574639603,NODE_20500DE71C38,child,4,B4:BF:E9:32:FE:91,-79,0,2246,2246,1,1,0,0,0
574739608,NODE_20500DE71C38,child,4,B4:BF:E9:32:FE:91,-79,0,2247,2247,1,1,0,0,0
574839603,NODE_20500DE71C38,child,4,B4:BF:E9:32:FE:91,-79,0,2247,2247,1,1,0,0,0
574939603,NODE_20500DE71C38,child,4,B4:BF:E9:32:FE:91,-79,0,2248,2248,1,1,0,0,0
575039600,NODE_20500DE71C38,child,4,B4:BF:E9:32:FE:91,-79,0,2248,2248,1,1,0,0,0
575139599,NODE_20500DE71C38,child,4,B4:BF:E9:32:FE:91,-79,0,2248,2248,1,1,0,0,0
575239607,NODE_20500DE71C38,child,4,B4:BF:E9:32:FE:91,-79,0,2249,2249,1,1,0,0,0
575339600,NODE_20500DE71C38,child,4,B4:BF:E9:32:FE:91,-79,0,2249,2249,1,1,0,0,0
575439603,NODE_20500DE71C38,child,4,B4:BF:E9:32:FE:91,-79,0,2250,2250,1,1,0,0,0
575539599,NODE_20500DE71C38,child,4,B4:BF:E9:32:FE:91,-79,0,2250,2250,1,1,0,0,0
575639612,NODE_20500DE71C38,child,4,B4:BF:E9:32:FE:91,-79,0,2250,2250,1,1,0,0,0
575739607,NODE_20500DE71C38,child,4,B4:BF:E9:32:FE:91,-79,0,2251,2251,1,1,0,0,0
575839603,NODE_20500DE71C38,child,4,B4:BF:E9:32:FE:91,-79,0,2251,2251,1,1,0,0,0
575939608,NODE_20500DE71C38,child,4,B4:BF:E9:32:FE:91,-79,0,2252,2252,1,1,0,0,0
576039599,NODE_20500DE71C38,child,4,B4:BF:E9:32:FE:91,-79,0,2252,2252,1,1,0,0,0
576139599,NODE_20500DE71C38,child,4,B4:BF:E9:32:FE:91,-79,0,2252,2252,1,1,0,0,0
576239604,NODE_20500DE71C38,child,4,B4:BF:E9:32:FE:91,-79,0,2253,2253,1,1,0,0,0
576339599,NODE_20500DE71C38,child,4,B4:BF:E9:32:FE:91,-79,0,2253,2253,1,1,0,0,0
576439603,NODE_20500DE71C38,child,4,B4:BF:E9:32:FE:91,-79,0,2254,2254,1,1,0,0,0
576539604,NODE_20500DE71C38,child,4,B4:BF:E9:32:FE:91,-79,0,2254,2254,1,1,0,0,0
576639611,NODE_20500DE71C38,child,4,B4:BF:E9:32:FE:91,-79,0,2254,2254,1,1,0,0,0
576739603,NODE_20500DE71C38,child,4,B4:BF:E9:32:FE:91,-79,0,2255,2255,1,1,0,0,0
576839600,NODE_20500DE71C38,child,4,B4:BF:E9:32:FE:91,-79,0,2255,2255,1,1,0,0,0
576939607,NODE_20500DE71C38,child,4,B4:BF:E9:32:FE:91,-79,0,2256,2256,1,1,0,0,0
577039599,NODE_20500DE71C38,child,4,B4:BF:E9:32:FE:91,-79,0,2256,2256,1,1,0,0,0
577139600,NODE_20500DE71C38,child,4,B4:BF:E9:32:FE:91,-79,0,2256,2256,1,1,0,0,0
577239607,NODE_20500DE71C38,child,4,B4:BF:E9:32:FE:91,-79,0,2257,2257,1,1,0,0,0
577339602,NODE_20500DE71C38,child,4,B4:BF:E9:32:FE:91,-79,0,2257,2257,1,1,0,0,0
577439604,NODE_20500DE71C38,child,4,B4:BF:E9:32:FE:91,-79,0,2258,2258,1,1,0,0,0
577539599,NODE_20500DE71C38,child,4,B4:BF:E9:32:FE:91,-79,0,2258,2258,1,1,0,0,0
577639611,NODE_20500DE71C38,child,4,B4:BF:E9:32:FE:91,-80,0,2258,2258,1,1,0,0,0
577739608,NODE_20500DE71C38,child,4,B4:BF:E9:32:FE:91,-80,0,2259,2259,1,1,0,0,0
577839609,NODE_20500DE71C38,child,4,B4:BF:E9:32:FE:91,-80,0,2259,2259,1,1,0,0,0
577939607,NODE_20500DE71C38,child,4,B4:BF:E9:32:FE:91,-80,0,2260,2260,1,1,0,0,0
578039600,NODE_20500DE71C38,child,4,B4:BF:E9:32:FE:91,-80,0,2260,2260,1,1,0,0,0
578139599,NODE_20500DE71C38,child,4,B4:BF:E9:32:FE:91,-80,0,2260,2260,1,1,0,0,0
578239603,NODE_20500DE71C38,child,4,B4:BF:E9:32:FE:91,-80,0,2261,2261,1,1,0,0,0
578339600,NODE_20500DE71C38,child,4,B4:BF:E9:32:FE:91,-80,0,2261,2261,1,1,0,0,0
578439603,NODE_20500DE71C38,child,4,B4:BF:E9:32:FE:91,-80,0,2261,2261,1,1,0,0,0
578539603,NODE_20500DE71C38,child,4,B4:BF:E9:32:FE:91,-80,0,2262,2262,1,1,0,0,0
578639612,NODE_20500DE71C38,child,4,B4:BF:E9:32:FE:91,-80,0,2262,2262,1,1,0,0,0
578739607,NODE_20500DE71C38,child,4,B4:BF:E9:32:FE:91,-80,0,2263,2263,1,1,0,0,0
578839606,NODE_20500DE71C38,child,4,B4:BF:E9:32:FE:91,-80,0,2263,2263,1,1,0,0,0
578939604,NODE_20500DE71C38,child,4,B4:BF:E9:32:FE:91,-80,0,2263,2263,1,1,0,0,0
579039607,NODE_20500DE71C38,child,4,B4:BF:E9:32:FE:91,-80,0,2264,2264,1,1,0,0,0
579139599,NODE_20500DE71C38,child,4,B4:BF:E9:32:FE:91,-80,0,2264,2264,1,1,0,0,0
579239604,NODE_20500DE71C38,child,4,B4:BF:E9:32:FE:91,-80,0,2265,2265,1,1,0,0,0
579339599,NODE_20500DE71C38,child,4,B4:BF:E9:32:FE:91,-80,0,2265,2265,1,1,0,0,0
579439599,NODE_20500DE71C38,child,4,B4:BF:E9:32:FE:91,-80,0,2265,2265,1,1,0,0,0
579539604,NODE_20500DE71C38,child,4,B4:BF:E9:32:FE:91,-80,0,2266,2266,1,1,0,0,0
579639611,NODE_20500DE71C38,child,4,B4:BF:E9:32:FE:91,-80,0,2266,2266,1,1,0,0,0
579739607,NODE_20500DE71C38,child,4,B4:BF:E9:32:FE:91,-80,0,2267,2267,1,1,0,0,0
579839600,NODE_20500DE71C38,child,4,B4:BF:E9:32:FE:91,-80,0,2267,2267,1,1,0,0,0
579939599,NODE_20500DE71C38,child,4,B4:BF:E9:32:FE:91,-80,0,2267,2267,1,1,0,0,0
580039603,NODE_20500DE71C38,child,4,B4:BF:E9:32:FE:91,-80,0,2268,2268,1,1,0,0,0
580139600,NODE_20500DE71C38,child,4,B4:BF:E9:32:FE:91,-80,0,2268,2268,1,1,0,0,0
580239603,NODE_20500DE71C38,child,4,B4:BF:E9:32:FE:91,-80,0,2269,2269,1,1,0,0,0
580339606,NODE_20500DE71C38,child,4,B4:BF:E9:32:FE:91,-80,0,2269,2269,1,1,0,0,0
580439608,NODE_20500DE71C38,child,4,B4:BF:E9:32:FE:91,-80,0,2269,2269,1,1,0,0,0
580539603,NODE_20500DE71C38,child,4,B4:BF:E9:32:FE:91,-80,0,2270,2270,1,1,0,0,0
580639599,NODE_20500DE71C38,child,4,B4:BF:E9:32:FE:91,-80,0,2270,2270,1,1,0,0,0
580739608,NODE_20500DE71C38,child,4,B4:BF:E9:32:FE:91,-80,0,2271,2271,1,1,0,0,0
580839599,NODE_20500DE71C38,child,4,B4:BF:E9:32:FE:91,-80,0,2271,2271,1,1,0,0,0
580939599,NODE_20500DE71C38,child,4,B4:BF:E9:32:FE:91,-80,0,2271,2271,1,1,0,0,0
581039612,NODE_20500DE71C38,child,4,B4:BF:E9:32:FE:91,-80,0,2272,2272,1,1,0,0,0
581139599,NODE_20500DE71C38,child,4,B4:BF:E9:32:FE:91,-80,0,2272,2272,1,1,0,0,0
581239603,NODE_20500DE71C38,child,4,B4:BF:E9:32:FE:91,-80,0,2273,2273,1,1,0,0,0
581339600,NODE_20500DE71C38,child,4,B4:BF:E9:32:FE:91,-80,0,2273,2273,1,1,0,0,0
581439599,NODE_20500DE71C38,child,4,B4:BF:E9:32:FE:91,-80,0,2273,2273,1,1,0,0,0
581539603,NODE_20500DE71C38,child,4,B4:BF:E9:32:FE:91,-80,0,2274,2274,1,1,0,0,0
581639611,NODE_20500DE71C38,child,4,B4:BF:E9:32:FE:91,-80,0,2274,2274,1,1,0,0,0
581739607,NODE_20500DE71C38,child,4,B4:BF:E9:32:FE:91,-80,0,2275,2275,1,1,0,0,0
581839599,NODE_20500DE71C38,child,4,B4:BF:E9:32:FE:91,-80,0,2275,2275,1,1,0,0,0
581939600,NODE_20500DE71C38,child,4,B4:BF:E9:32:FE:91,-80,0,2275,2275,1,1,0,0,0
582039607,NODE_20500DE71C38,child,4,B4:BF:E9:32:FE:91,-80,0,2276,2276,1,1,0,0,0
582139599,NODE_20500DE71C38,child,4,B4:BF:E9:32:FE:91,-80,0,2276,2276,1,1,0,0,0
582239608,NODE_20500DE71C38,child,4,B4:BF:E9:32:FE:91,-80,0,2277,2277,1,1,0,0,0
582339606,NODE_20500DE71C38,child,4,B4:BF:E9:32:FE:91,-80,0,2277,2277,1,1,0,0,0
582439599,NODE_20500DE71C38,child,4,B4:BF:E9:32:FE:91,-80,0,2277,2277,1,1,0,0,0
582539604,NODE_20500DE71C38,child,4,B4:BF:E9:32:FE:91,-80,0,2278,2278,1,1,0,0,0
582639599,NODE_20500DE71C38,child,4,B4:BF:E9:32:FE:91,-80,0,2278,2278,1,1,0,0,0
582739607,NODE_20500DE71C38,child,4,B4:BF:E9:32:FE:91,-81,0,2279,2279,1,1,0,0,0
582839607,NODE_20500DE71C38,child,4,B4:BF:E9:32:FE:91,-81,0,2279,2279,1,1,0,0,0
582939599,NODE_20500DE71C38,child,4,B4:BF:E9:32:FE:91,-81,0,2279,2279,1,1,0,0,0
583039611,NODE_20500DE71C38,child,4,B4:BF:E9:32:FE:91,-81,0,2280,2280,1,1,0,0,0
583139600,NODE_20500DE71C38,child,4,B4:BF:E9:32:FE:91,-81,0,2280,2280,1,1,0,0,0
583239603,NODE_20500DE71C38,child,4,B4:BF:E9:32:FE:91,-81,0,2281,2281,1,1,0,0,0
583339599,NODE_20500DE71C38,child,4,B4:BF:E9:32:FE:91,-81,0,2281,2281,1,1,0,0,0
583439600,NODE_20500DE71C38,child,4,B4:BF:E9:32:FE:91,-81,0,2281,2281,1,1,0,0,0
583539607,NODE_20500DE71C38,child,4,B4:BF:E9:32:FE:91,-81,0,2282,2282,1,1,0,0,0
583639599,NODE_20500DE71C38,child,4,B4:BF:E9:32:FE:91,-81,0,2282,2282,1,1,0,0,0
583739604,NODE_20500DE71C38,child,4,B4:BF:E9:32:FE:91,-81,0,2283,2283,1,1,0,0,0
583839603,NODE_20500DE71C38,child,4,B4:BF:E9:32:FE:91,-81,0,2283,2283,1,1,0,0,0
583939599,NODE_20500DE71C38,child,4,B4:BF:E9:32:FE:91,-81,0,2283,2283,1,1,0,0,0
584039608,NODE_20500DE71C38,child,4,B4:BF:E9:32:FE:91,-81,0,2284,2284,1,1,0,0,0
584139607,NODE_20500DE71C38,child,4,B4:BF:E9:32:FE:91,-81,0,2284,2284,1,1,0,0,0
584239607,NODE_20500DE71C38,child,4,B4:BF:E9:32:FE:91,-81,0,2285,2285,1,1,0,0,0
584339600,NODE_20500DE71C38,child,4,B4:BF:E9:32:FE:91,-81,0,2285,2285,1,1,0,0,0
584439599,NODE_20500DE71C38,child,4,B4:BF:E9:32:FE:91,-81,0,2285,2285,1,1,0,0,0
584539603,NODE_20500DE71C38,child,4,B4:BF:E9:32:FE:91,-81,0,2286,2286,1,1,0,0,0
584639600,NODE_20500DE71C38,child,4,B4:BF:E9:32:FE:91,-81,0,2286,2286,1,1,0,0,0
584739603,NODE_20500DE71C38,child,4,B4:BF:E9:32:FE:91,-81,0,2287,2287,1,1,0,0,0
584839611,NODE_20500DE71C38,child,4,B4:BF:E9:32:FE:91,-81,0,2287,2287,1,1,0,0,0
584939600,NODE_20500DE71C38,child,4,B4:BF:E9:32:FE:91,-81,0,2287,2287,1,1,0,0,0
585039607,NODE_20500DE71C38,child,4,B4:BF:E9:32:FE:91,-81,0,2288,2288,1,1,0,0,0
585139603,NODE_20500DE71C38,child,4,B4:BF:E9:32:FE:91,-81,0,2288,2288,1,1,0,0,0
585239600,NODE_20500DE71C38,child,4,B4:BF:E9:32:FE:91,-81,0,2289,2289,1,1,0,0,0
585339599,NODE_20500DE71C38,child,4,B4:BF:E9:32:FE:91,-81,0,2289,2289,1,1,0,0,0
585439599,NODE_20500DE71C38,child,4,B4:BF:E9:32:FE:91,-81,0,2289,2289,1,1,0,0,0
585539608,NODE_20500DE71C38,child,4,B4:BF:E9:32:FE:91,-81,0,2290,2290,1,1,0,0,0
585639599,NODE_20500DE71C38,child,4,B4:BF:E9:32:FE:91,-81,0,2290,2290,1,1,0,0,0
585739603,NODE_20500DE71C38,child,4,B4:BF:E9:32:FE:91,-81,0,2291,2291,1,1,0,0,0
585839612,NODE_20500DE71C38,child,4,B4:BF:E9:32:FE:91,-80,0,2291,2291,1,1,0,0,0
585939599,NODE_20500DE71C38,child,4,B4:BF:E9:32:FE:91,-80,0,2291,2291,1,1,0,0,0
586039603,NODE_20500DE71C38,child,4,B4:BF:E9:32:FE:91,-80,0,2292,2292,1,1,0,0,0
586139604,NODE_20500DE71C38,child,4,B4:BF:E9:32:FE:91,-80,0,2292,2292,1,1,0,0,0
586239607,NODE_20500DE71C38,child,4,B4:BF:E9:32:FE:91,-80,0,2293,2293,1,1,0,0,0
586339599,NODE_20500DE71C38,child,4,B4:BF:E9:32:FE:91,-80,0,2293,2293,1,1,0,0,0
586439600,NODE_20500DE71C38,child,4,B4:BF:E9:32:FE:91,-80,0,2293,2293,1,1,0,0,0
586539603,NODE_20500DE71C38,child,4,B4:BF:E9:32:FE:91,-80,0,2294,2294,1,1,0,0,0
586639599,NODE_20500DE71C38,child,4,B4:BF:E9:32:FE:91,-80,0,2294,2294,1,1,0,0,0
586739604,NODE_20500DE71C38,child,4,B4:BF:E9:32:FE:91,-80,0,2295,2295,1,1,0,0,0
586839611,NODE_20500DE71C38,child,4,B4:BF:E9:32:FE:91,-81,0,2295,2295,1,1,0,0,0
586939599,NODE_20500DE71C38,child,4,B4:BF:E9:32:FE:91,-81,0,2295,2295,1,1,0,0,0
587039604,NODE_20500DE71C38,child,4,B4:BF:E9:32:FE:91,-81,0,2296,2296,1,1,0,0,0
587139603,NODE_20500DE71C38,child,4,B4:BF:E9:32:FE:91,-81,0,2296,2296,1,1,0,0,0
587240398,NODE_20500DE71C38,child,4,B4:BF:E9:32:FE:91,-81,0,2297,2297,1,1,0,0,0
587339607,NODE_20500DE71C38,child,4,B4:BF:E9:32:FE:91,-81,0,2297,2297,1,1,0,0,0
587439607,NODE_20500DE71C38,child,4,B4:BF:E9:32:FE:91,-81,0,2297,2297,1,1,0,0,0
587539603,NODE_20500DE71C38,child,4,B4:BF:E9:32:FE:91,-81,0,2298,2298,1,1,0,0,0
587639600,NODE_20500DE71C38,child,4,B4:BF:E9:32:FE:91,-81,0,2298,2298,1,1,0,0,0
587739603,NODE_20500DE71C38,child,4,B4:BF:E9:32:FE:91,-81,0,2299,2299,1,1,0,0,0
587839611,NODE_20500DE71C38,child,4,B4:BF:E9:32:FE:91,-80,0,2299,2299,1,1,0,0,0
587939604,NODE_20500DE71C38,child,4,B4:BF:E9:32:FE:91,-80,0,2299,2299,1,1,0,0,0
588039607,NODE_20500DE71C38,child,4,B4:BF:E9:32:FE:91,-80,0,2300,2300,1,1,0,0,0
588139607,NODE_20500DE71C38,child,4,B4:BF:E9:32:FE:91,-80,0,2300,2300,1,1,0,0,0
588239604,NODE_20500DE71C38,child,4,B4:BF:E9:32:FE:91,-80,0,2301,2301,1,1,0,0,0
588339599,NODE_20500DE71C38,child,4,B4:BF:E9:32:FE:91,-80,0,2301,2301,1,1,0,0,0
588439599,NODE_20500DE71C38,child,4,B4:BF:E9:32:FE:91,-80,0,2301,2301,1,1,0,0,0
588539604,NODE_20500DE71C38,child,4,B4:BF:E9:32:FE:91,-80,0,2302,2302,1,1,0,0,0
588639603,NODE_20500DE71C38,child,4,B4:BF:E9:32:FE:91,-80,0,2302,2302,1,1,0,0,0
588739603,NODE_20500DE71C38,child,4,B4:BF:E9:32:FE:91,-80,0,2303,2303,1,1,0,0,0
588839600,NODE_20500DE71C38,child,4,B4:BF:E9:32:FE:91,-80,0,2303,2303,1,1,0,0,0
588939611,NODE_20500DE71C38,child,4,B4:BF:E9:32:FE:91,-80,0,2303,2303,1,1,0,0,0
589039603,NODE_20500DE71C38,child,4,B4:BF:E9:32:FE:91,-80,0,2304,2304,1,1,0,0,0
589139600,NODE_20500DE71C38,child,4,B4:BF:E9:32:FE:91,-80,0,2304,2304,1,1,0,0,0
589239607,NODE_20500DE71C38,child,4,B4:BF:E9:32:FE:91,-80,0,2305,2305,1,1,0,0,0
589339606,NODE_20500DE71C38,child,4,B4:BF:E9:32:FE:91,-80,0,2305,2305,1,1,0,0,0
589439600,NODE_20500DE71C38,child,4,B4:BF:E9:32:FE:91,-80,0,2305,2305,1,1,0,0,0
589539607,NODE_20500DE71C38,child,4,B4:BF:E9:32:FE:91,-80,0,2306,2306,1,1,0,0,0
589639599,NODE_20500DE71C38,child,4,B4:BF:E9:32:FE:91,-80,0,2306,2306,1,1,0,0,0
589739604,NODE_20500DE71C38,child,4,B4:BF:E9:32:FE:91,-80,0,2307,2307,1,1,0,0,0
589839603,NODE_20500DE71C38,child,4,B4:BF:E9:32:FE:91,-80,0,2307,2307,1,1,0,0,0
589939611,NODE_20500DE71C38,child,4,B4:BF:E9:32:FE:91,-80,0,2307,2307,1,1,0,0,0
590039608,NODE_20500DE71C38,child,4,B4:BF:E9:32:FE:91,-80,0,2308,2308,1,1,0,0,0
590139599,NODE_20500DE71C38,child,4,B4:BF:E9:32:FE:91,-80,0,2308,2308,1,1,0,0,0
590239607,NODE_20500DE71C38,child,4,B4:BF:E9:32:FE:91,-80,0,2309,2309,1,1,0,0,0
590339604,NODE_20500DE71C38,child,4,B4:BF:E9:32:FE:91,-80,0,2309,2309,1,1,0,0,0
590439599,NODE_20500DE71C38,child,4,B4:BF:E9:32:FE:91,-80,0,2309,2309,1,1,0,0,0
590539603,NODE_20500DE71C38,child,4,B4:BF:E9:32:FE:91,-80,0,2310,2310,1,1,0,0,0
590639607,NODE_20500DE71C38,child,4,B4:BF:E9:32:FE:91,-80,0,2310,2310,1,1,0,0,0
590739603,NODE_20500DE71C38,child,4,B4:BF:E9:32:FE:91,-80,0,2311,2311,1,1,0,0,0
590839599,NODE_20500DE71C38,child,4,B4:BF:E9:32:FE:91,-80,0,2311,2311,1,1,0,0,0
590939612,NODE_20500DE71C38,child,4,B4:BF:E9:32:FE:91,-80,0,2311,2311,1,1,0,0,0
591039607,NODE_20500DE71C38,child,4,B4:BF:E9:32:FE:91,-80,0,2312,2312,1,1,0,0,0
591139599,NODE_20500DE71C38,child,4,B4:BF:E9:32:FE:91,-80,0,2312,2312,1,1,0,0,0
591239608,NODE_20500DE71C38,child,4,B4:BF:E9:32:FE:91,-80,0,2313,2313,1,1,0,0,0
591339599,NODE_20500DE71C38,child,4,B4:BF:E9:32:FE:91,-80,0,2313,2313,1,1,0,0,0
591439599,NODE_20500DE71C38,child,4,B4:BF:E9:32:FE:91,-80,0,2313,2313,1,1,0,0,0
591539604,NODE_20500DE71C38,child,4,B4:BF:E9:32:FE:91,-80,0,2314,2314,1,1,0,0,0
591639599,NODE_20500DE71C38,child,4,B4:BF:E9:32:FE:91,-80,0,2314,2314,1,1,0,0,0
591739603,NODE_20500DE71C38,child,4,B4:BF:E9:32:FE:91,-80,0,2315,2315,1,1,0,0,0
591839611,NODE_20500DE71C38,child,4,B4:BF:E9:32:FE:91,-80,0,2315,2315,1,1,0,0,0
591939611,NODE_20500DE71C38,child,4,B4:BF:E9:32:FE:91,-80,0,2315,2315,1,1,0,0,0
592039607,NODE_20500DE71C38,child,4,B4:BF:E9:32:FE:91,-80,0,2316,2316,1,1,0,0,0
592139600,NODE_20500DE71C38,child,4,B4:BF:E9:32:FE:91,-80,0,2316,2316,1,1,0,0,0
592239607,NODE_20500DE71C38,child,4,B4:BF:E9:32:FE:91,-80,0,2317,2317,1,1,0,0,0
592339599,NODE_20500DE71C38,child,4,B4:BF:E9:32:FE:91,-80,0,2317,2317,1,1,0,0,0
592439600,NODE_20500DE71C38,child,4,B4:BF:E9:32:FE:91,-80,0,2317,2317,1,1,0,0,0
592539607,NODE_20500DE71C38,child,4,B4:BF:E9:32:FE:91,-80,0,2318,2318,1,1,0,0,0
592639599,NODE_20500DE71C38,child,4,B4:BF:E9:32:FE:91,-80,0,2318,2318,1,1,0,0,0
592739604,NODE_20500DE71C38,child,4,B4:BF:E9:32:FE:91,-80,0,2319,2319,1,1,0,0,0
592839599,NODE_20500DE71C38,child,4,B4:BF:E9:32:FE:91,-80,0,2319,2319,1,1,0,0,0
592939599,NODE_20500DE71C38,child,4,B4:BF:E9:32:FE:91,-80,0,2319,2319,1,1,0,0,0
593039608,NODE_20500DE71C38,child,4,B4:BF:E9:32:FE:91,-80,0,2320,2320,1,1,0,0,0
593139599,NODE_20500DE71C38,child,4,B4:BF:E9:32:FE:91,-80,0,2320,2320,1,1,0,0,0
593239607,NODE_20500DE71C38,child,4,B4:BF:E9:32:FE:91,-80,0,2321,2321,1,1,0,0,0
593339604,NODE_20500DE71C38,child,4,B4:BF:E9:32:FE:91,-80,0,2321,2321,1,1,0,0,0
593439599,NODE_20500DE71C38,child,4,B4:BF:E9:32:FE:91,-80,0,2321,2321,1,1,0,0,0
593539603,NODE_20500DE71C38,child,4,B4:BF:E9:32:FE:91,-80,0,2322,2322,1,1,0,0,0
593639600,NODE_20500DE71C38,child,4,B4:BF:E9:32:FE:91,-80,0,2322,2322,1,1,0,0,0
593739603,NODE_20500DE71C38,child,4,B4:BF:E9:32:FE:91,-80,0,2322,2322,1,1,0,0,0
593839603,NODE_20500DE71C38,child,4,B4:BF:E9:32:FE:91,-80,0,2323,2323,1,1,0,0,0
593939600,NODE_20500DE71C38,child,4,B4:BF:E9:32:FE:91,-80,0,2323,2323,1,1,0,0,0
594039607,NODE_20500DE71C38,child,4,B4:BF:E9:32:FE:91,-80,0,2324,2324,1,1,0,0,0
594139599,NODE_20500DE71C38,child,4,B4:BF:E9:32:FE:91,-80,0,2324,2324,1,1,0,0,0
594239600,NODE_20500DE71C38,child,4,B4:BF:E9:32:FE:91,-80,0,2324,2324,1,1,0,0,0
594339607,NODE_20500DE71C38,child,4,B4:BF:E9:32:FE:91,-80,0,2325,2325,1,1,0,0,0
594439607,NODE_20500DE71C38,child,4,B4:BF:E9:32:FE:91,-80,0,2325,2325,1,1,0,0,0
594539608,NODE_20500DE71C38,child,4,B4:BF:E9:32:FE:91,-80,0,2326,2326,1,1,0,0,0
594639599,NODE_20500DE71C38,child,4,B4:BF:E9:32:FE:91,-80,0,2326,2326,1,1,0,0,0
594739599,NODE_20500DE71C38,child,4,B4:BF:E9:32:FE:91,-80,0,2326,2326,1,1,0,0,0
594839604,NODE_20500DE71C38,child,4,B4:BF:E9:32:FE:91,-80,0,2327,2327,1,1,0,0,0
594939599,NODE_20500DE71C38,child,4,B4:BF:E9:32:FE:91,-80,0,2327,2327,1,1,0,0,0
595039607,NODE_20500DE71C38,child,4,B4:BF:E9:32:FE:91,-78,0,2328,2328,1,1,0,0,0
595139600,NODE_20500DE71C38,child,4,B4:BF:E9:32:FE:91,-78,0,2328,2328,1,1,0,0,0
595239599,NODE_20500DE71C38,child,4,B4:BF:E9:32:FE:91,-78,0,2328,2328,1,1,0,0,0
595339607,NODE_20500DE71C38,child,4,B4:BF:E9:32:FE:91,-78,0,2329,2329,1,1,0,0,0
595439600,NODE_20500DE71C38,child,4,B4:BF:E9:32:FE:91,-78,0,2329,2329,1,1,0,0,0
595539603,NODE_20500DE71C38,child,4,B4:BF:E9:32:FE:91,-78,0,2330,2330,1,1,0,0,0
595639606,NODE_20500DE71C38,child,4,B4:BF:E9:32:FE:91,-78,0,2330,2330,1,1,0,0,0
595739600,NODE_20500DE71C38,child,4,B4:BF:E9:32:FE:91,-78,0,2330,2330,1,1,0,0,0
595839603,NODE_20500DE71C38,child,4,B4:BF:E9:32:FE:91,-78,0,2331,2331,1,1,0,0,0
595939599,NODE_20500DE71C38,child,4,B4:BF:E9:32:FE:91,-78,0,2331,2331,1,1,0,0,0
596039612,NODE_20500DE71C38,child,4,B4:BF:E9:32:FE:91,-80,0,2332,2332,1,1,0,0,0
596139603,NODE_20500DE71C38,child,4,B4:BF:E9:32:FE:91,-80,0,2332,2332,1,1,0,0,0
596239599,NODE_20500DE71C38,child,4,B4:BF:E9:32:FE:91,-80,0,2332,2332,1,1,0,0,0
596339612,NODE_20500DE71C38,child,4,B4:BF:E9:32:FE:91,-80,0,2333,2333,1,1,0,0,0
596439599,NODE_20500DE71C38,child,4,B4:BF:E9:32:FE:91,-80,0,2333,2333,1,1,0,0,0
596539603,NODE_20500DE71C38,child,4,B4:BF:E9:32:FE:91,-80,0,2334,2334,1,1,0,0,0
596639600,NODE_20500DE71C38,child,4,B4:BF:E9:32:FE:91,-80,0,2334,2334,1,1,0,0,0
596739599,NODE_20500DE71C38,child,4,B4:BF:E9:32:FE:91,-80,0,2334,2334,1,1,0,0,0
596839607,NODE_20500DE71C38,child,4,B4:BF:E9:32:FE:91,-80,0,2335,2335,1,1,0,0,0
596939600,NODE_20500DE71C38,child,4,B4:BF:E9:32:FE:91,-80,0,2335,2335,1,1,0,0,0
597039607,NODE_20500DE71C38,child,4,B4:BF:E9:32:FE:91,-80,0,2336,2336,1,1,0,0,0
597139611,NODE_20500DE71C38,child,4,B4:BF:E9:32:FE:91,-80,0,2336,2336,1,1,0,0,0
597239600,NODE_20500DE71C38,child,4,B4:BF:E9:32:FE:91,-80,0,2336,2336,1,1,0,0,0
597339603,NODE_20500DE71C38,child,4,B4:BF:E9:32:FE:91,-80,0,2337,2337,1,1,0,0,0
597439603,NODE_20500DE71C38,child,4,B4:BF:E9:32:FE:91,-80,0,2337,2337,1,1,0,0,0
597539604,NODE_20500DE71C38,child,4,B4:BF:E9:32:FE:91,-80,0,2338,2338,1,1,0,0,0
597639606,NODE_20500DE71C38,child,4,B4:BF:E9:32:FE:91,-80,0,2338,2338,1,1,0,0,0
597739599,NODE_20500DE71C38,child,4,B4:BF:E9:32:FE:91,-80,0,2338,2338,1,1,0,0,0
597839604,NODE_20500DE71C38,child,4,B4:BF:E9:32:FE:91,-80,0,2339,2339,1,1,0,0,0
597939599,NODE_20500DE71C38,child,4,B4:BF:E9:32:FE:91,-80,0,2339,2339,1,1,0,0,0
598039603,NODE_20500DE71C38,child,4,B4:BF:E9:32:FE:91,-80,0,2340,2340,1,1,0,0,0
598139612,NODE_20500DE71C38,child,4,B4:BF:E9:32:FE:91,-80,0,2340,2340,1,1,0,0,0
598239599,NODE_20500DE71C38,child,4,B4:BF:E9:32:FE:91,-80,0,2340,2340,1,1,0,0,0
598339607,NODE_20500DE71C38,child,4,B4:BF:E9:32:FE:91,-80,0,2341,2341,1,1,0,0,0
598439604,NODE_20500DE71C38,child,4,B4:BF:E9:32:FE:91,-80,0,2341,2341,1,1,0,0,0
598539603,NODE_20500DE71C38,child,4,B4:BF:E9:32:FE:91,-80,0,2342,2342,1,1,0,0,0
598639599,NODE_20500DE71C38,child,4,B4:BF:E9:32:FE:91,-80,0,2342,2342,1,1,0,0,0
598739600,NODE_20500DE71C38,child,4,B4:BF:E9:32:FE:91,-80,0,2342,2342,1,1,0,0,0
598839607,NODE_20500DE71C38,child,4,B4:BF:E9:32:FE:91,-80,0,2343,2343,1,1,0,0,0
598939599,NODE_20500DE71C38,child,4,B4:BF:E9:32:FE:91,-80,0,2343,2343,1,1,0,0,0
599039604,NODE_20500DE71C38,child,4,B4:BF:E9:32:FE:91,-80,0,2344,2344,1,1,0,0,0
599139611,NODE_20500DE71C38,child,4,B4:BF:E9:32:FE:91,-81,0,2344,2344,1,1,0,0,0
599239599,NODE_20500DE71C38,child,4,B4:BF:E9:32:FE:91,-81,0,2344,2344,1,1,0,0,0
599339608,NODE_20500DE71C38,child,4,B4:BF:E9:32:FE:91,-81,0,2345,2345,1,1,0,0,0
599439603,NODE_20500DE71C38,child,4,B4:BF:E9:32:FE:91,-81,0,2345,2345,1,1,0,0,0
599539607,NODE_20500DE71C38,child,4,B4:BF:E9:32:FE:91,-81,0,2346,2346,1,1,0,0,0
599639600,NODE_20500DE71C38,child,4,B4:BF:E9:32:FE:91,-81,0,2346,2346,1,1,0,0,0
599739599,NODE_20500DE71C38,child,4,B4:BF:E9:32:FE:91,-81,0,2346,2346,1,1,0,0,0
599839603,NODE_20500DE71C38,child,4,B4:BF:E9:32:FE:91,-81,0,2347,2347,1,1,0,0,0
599939600,NODE_20500DE71C38,child,4,B4:BF:E9:32:FE:91,-81,0,2347,2347,1,1,0,0,0
600039603,NODE_20500DE71C38,child,4,B4:BF:E9:32:FE:91,-81,0,2348,2348,1,1,0,0,0
600139611,NODE_20500DE71C38,child,4,B4:BF:E9:32:FE:91,-79,0,2348,2348,1,1,0,0,0
600239607,NODE_20500DE71C38,child,4,B4:BF:E9:32:FE:91,-79,0,2348,2348,1,1,0,0,0
600339607,NODE_20500DE71C38,child,4,B4:BF:E9:32:FE:91,-79,0,2349,2349,1,1,0,0,0
600439607,NODE_20500DE71C38,child,4,B4:BF:E9:32:FE:91,-79,0,2349,2349,1,1,0,0,0
600539604,NODE_20500DE71C38,child,4,B4:BF:E9:32:FE:91,-79,0,2350,2350,1,1,0,0,0
600639599,NODE_20500DE71C38,child,4,B4:BF:E9:32:FE:91,-79,0,2350,2350,1,1,0,0,0
600739599,NODE_20500DE71C38,child,4,B4:BF:E9:32:FE:91,-79,0,2350,2350,1,1,0,0,0
600839608,NODE_20500DE71C38,child,4,B4:BF:E9:32:FE:91,-79,0,2351,2351,1,1,0,0,0
600939607,NODE_20500DE71C38,child,4,B4:BF:E9:32:FE:91,-79,0,2351,2351,3,0,0,0,0
601039603,NODE_20500DE71C38,child,4,B4:BF:E9:32:FE:91,-79,0,2352,2352,3,0,0,0,0
601139600,NODE_20500DE71C38,child,4,B4:BF:E9:32:FE:91,-79,0,2352,2352,3,0,0,0,0
601239609,NODE_20500DE71C38,child,4,B4:BF:E9:32:FE:91,-81,0,2352,2352,3,0,0,0,0
601339607,NODE_20500DE71C38,child,4,B4:BF:E9:32:FE:91,-81,0,2353,2353,3,0,0,0,0
601439604,NODE_20500DE71C38,child,4,B4:BF:E9:32:FE:91,-81,0,2353,2353,3,0,0,0,0
601539609,NODE_20500DE71C38,child,4,B4:BF:E9:32:FE:91,-81,0,2354,2354,3,0,0,0,0
601639599,NODE_20500DE71C38,child,4,B4:BF:E9:32:FE:91,-81,0,2354,2354,3,0,0,0,0
601739600,NODE_20500DE71C38,child,4,B4:BF:E9:32:FE:91,-81,0,2354,2354,3,0,0,0,0
601839603,NODE_20500DE71C38,child,4,B4:BF:E9:32:FE:91,-81,0,2355,2355,3,0,0,0,0
601939599,NODE_20500DE71C38,child,4,B4:BF:E9:32:FE:91,-81,0,2355,2355,3,0,0,0,0
602039604,NODE_20500DE71C38,child,4,B4:BF:E9:32:FE:91,-81,0,2356,2356,3,0,0,0,0
602139599,NODE_20500DE71C38,child,4,B4:BF:E9:32:FE:91,-81,0,2356,2356,3,0,0,0,0
602239617,NODE_20500DE71C38,child,4,B4:BF:E9:32:FE:91,-80,0,2356,2356,3,0,0,0,0
602339604,NODE_20500DE71C38,child,4,B4:BF:E9:32:FE:91,-80,0,2357,2357,3,0,0,0,0
602439599,NODE_20500DE71C38,child,4,B4:BF:E9:32:FE:91,-80,0,2357,2357,3,0,0,0,0
602539607,NODE_20500DE71C38,child,4,B4:BF:E9:32:FE:91,-80,0,2358,2358,3,0,0,0,0
602639600,NODE_20500DE71C38,child,4,B4:BF:E9:32:FE:91,-80,0,2358,2358,3,0,0,0,0
602739599,NODE_20500DE71C38,child,4,B4:BF:E9:32:FE:91,-80,0,2358,2358,3,0,0,0,0
602839607,NODE_20500DE71C38,child,4,B4:BF:E9:32:FE:91,-80,0,2359,2359,3,0,0,0,0
602939600,NODE_20500DE71C38,child,4,B4:BF:E9:32:FE:91,-80,0,2359,2359,3,0,0,0,0
603039603,NODE_20500DE71C38,child,4,B4:BF:E9:32:FE:91,-80,0,2360,2360,3,0,0,0,0
603139599,NODE_20500DE71C38,child,4,B4:BF:E9:32:FE:91,-80,0,2360,2360,3,0,0,0,0
603239615,NODE_20500DE71C38,child,4,B4:BF:E9:32:FE:91,-79,0,2360,2360,3,0,0,0,0
603339607,NODE_20500DE71C38,child,4,B4:BF:E9:32:FE:91,-79,0,2361,2361,3,0,0,0,0
603439599,NODE_20500DE71C38,child,4,B4:BF:E9:32:FE:91,-79,0,2361,2361,3,0,0,0,0
603539608,NODE_20500DE71C38,child,4,B4:BF:E9:32:FE:91,-79,0,2362,2362,3,0,0,0,0
603639599,NODE_20500DE71C38,child,4,B4:BF:E9:32:FE:91,-79,0,2362,2362,3,0,0,0,0
603739599,NODE_20500DE71C38,child,4,B4:BF:E9:32:FE:91,-79,0,2362,2362,3,0,0,0,0
603839604,NODE_20500DE71C38,child,4,B4:BF:E9:32:FE:91,-79,0,2363,2363,3,0,0,0,0
603939599,NODE_20500DE71C38,child,4,B4:BF:E9:32:FE:91,-79,0,2363,2363,3,0,0,0,0
604039607,NODE_20500DE71C38,child,4,B4:BF:E9:32:FE:91,-79,0,2364,2364,3,0,0,0,0
604139600,NODE_20500DE71C38,child,4,B4:BF:E9:32:FE:91,-79,0,2364,2364,3,0,0,0,0
604239607,NODE_20500DE71C38,child,4,B4:BF:E9:32:FE:91,-79,0,2364,2364,3,0,0,0,0
604339607,NODE_20500DE71C38,child,4,B4:BF:E9:32:FE:91,-79,0,2365,2365,3,0,0,0,0
604439600,NODE_20500DE71C38,child,4,B4:BF:E9:32:FE:91,-79,0,2365,2365,3,0,0,0,0
604539607,NODE_20500DE71C38,child,4,B4:BF:E9:32:FE:91,-79,0,2366,2366,3,0,0,0,0
604639603,NODE_20500DE71C38,child,4,B4:BF:E9:32:FE:91,-79,0,2366,2366,3,0,0,0,0
604739600,NODE_20500DE71C38,child,4,B4:BF:E9:32:FE:91,-79,0,2366,2366,3,0,0,0,0
604839607,NODE_20500DE71C38,child,4,B4:BF:E9:32:FE:91,-79,0,2367,2367,3,0,0,0,0
604939599,NODE_20500DE71C38,child,4,B4:BF:E9:32:FE:91,-79,0,2367,2367,3,0,0,0,0
605039604,NODE_20500DE71C38,child,4,B4:BF:E9:32:FE:91,-79,0,2368,2368,3,0,0,0,0
605139599,NODE_20500DE71C38,child,4,B4:BF:E9:32:FE:91,-79,0,2368,2368,3,0,0,0,0
605239859,NODE_20500DE71C38,child,4,B4:BF:E9:32:FE:91,-80,0,2368,2368,3,0,0,0,0
605339608,NODE_20500DE71C38,child,4,B4:BF:E9:32:FE:91,-80,0,2369,2369,3,0,0,0,0
605439599,NODE_20500DE71C38,child,4,B4:BF:E9:32:FE:91,-80,0,2369,2369,3,0,0,0,0
605539599,NODE_20500DE71C38,child,4,B4:BF:E9:32:FE:91,-80,0,2370,2370,3,0,0,0,0
605639608,NODE_20500DE71C38,child,4,B4:BF:E9:32:FE:91,-80,0,2370,2370,3,0,0,0,0
605739599,NODE_20500DE71C38,child,4,B4:BF:E9:32:FE:91,-80,0,2370,2370,3,0,0,0,0
605839603,NODE_20500DE71C38,child,4,B4:BF:E9:32:FE:91,-80,0,2371,2371,3,0,0,0,0
605939600,NODE_20500DE71C38,child,4,B4:BF:E9:32:FE:91,-80,0,2371,2371,3,0,0,0,0
606039607,NODE_20500DE71C38,child,4,B4:BF:E9:32:FE:91,-80,0,2372,2372,3,0,0,0,0
606139599,NODE_20500DE71C38,child,4,B4:BF:E9:32:FE:91,-80,0,2372,2372,3,0,0,0,0
606239600,NODE_20500DE71C38,child,4,B4:BF:E9:32:FE:91,-80,0,2372,2372,3,0,0,0,0
606339607,NODE_20500DE71C38,child,4,B4:BF:E9:32:FE:91,-80,0,2373,2373,3,0,0,0,0
606439599,NODE_20500DE71C38,child,4,B4:BF:E9:32:FE:91,-80,0,2373,2373,3,0,0,0,0
606539608,NODE_20500DE71C38,child,4,B4:BF:E9:32:FE:91,-80,0,2374,2374,3,0,0,0,0
606639607,NODE_20500DE71C38,child,4,B4:BF:E9:32:FE:91,-80,0,2374,2374,3,0,0,0,0
606739599,NODE_20500DE71C38,child,4,B4:BF:E9:32:FE:91,-80,0,2374,2374,3,0,0,0,0
606839608,NODE_20500DE71C38,child,4,B4:BF:E9:32:FE:91,-80,0,2375,2375,3,0,0,0,0
606939599,NODE_20500DE71C38,child,4,B4:BF:E9:32:FE:91,-80,0,2375,2375,3,0,0,0,0
607039603,NODE_20500DE71C38,child,4,B4:BF:E9:32:FE:91,-80,0,2376,2376,3,0,0,0,0
607139600,NODE_20500DE71C38,child,4,B4:BF:E9:32:FE:91,-80,0,2376,2376,3,0,0,0,0
607239603,NODE_20500DE71C38,child,4,B4:BF:E9:32:FE:91,-80,0,2376,2376,3,0,0,0,0
607339613,NODE_20500DE71C38,child,4,B4:BF:E9:32:FE:91,-80,0,2377,2377,3,0,0,0,0
607439600,NODE_20500DE71C38,child,4,B4:BF:E9:32:FE:91,-80,0,2377,2377,3,0,0,0,0
607539607,NODE_20500DE71C38,child,4,B4:BF:E9:32:FE:91,-80,0,2378,2378,3,0,0,0,0
607639603,NODE_20500DE71C38,child,4,B4:BF:E9:32:FE:91,-80,0,2378,2378,3,0,0,0,0
607739600,NODE_20500DE71C38,child,4,B4:BF:E9:32:FE:91,-80,0,2378,2378,3,0,0,0,0
607839607,NODE_20500DE71C38,child,4,B4:BF:E9:32:FE:91,-80,0,2379,2379,3,0,0,0,0
607939599,NODE_20500DE71C38,child,4,B4:BF:E9:32:FE:91,-80,0,2379,2379,3,0,0,0,0
608039604,NODE_20500DE71C38,child,4,B4:BF:E9:32:FE:91,-80,0,2380,2380,3,0,0,0,0
608139599,NODE_20500DE71C38,child,4,B4:BF:E9:32:FE:91,-80,0,2380,2380,3,0,0,0,0
608239599,NODE_20500DE71C38,child,4,B4:BF:E9:32:FE:91,-80,0,2380,2380,3,0,0,0,0
608339615,NODE_20500DE71C38,child,4,B4:BF:E9:32:FE:91,-79,0,2381,2381,3,0,0,0,0
608439607,NODE_20500DE71C38,child,4,B4:BF:E9:32:FE:91,-79,0,2381,2381,3,0,0,0,0
608539607,NODE_20500DE71C38,child,4,B4:BF:E9:32:FE:91,-79,0,2382,2382,3,0,0,0,0
608639604,NODE_20500DE71C38,child,4,B4:BF:E9:32:FE:91,-79,0,2382,2382,3,0,0,0,0
608739599,NODE_20500DE71C38,child,4,B4:BF:E9:32:FE:91,-79,0,2382,2382,3,0,0,0,0
608839603,NODE_20500DE71C38,child,4,B4:BF:E9:32:FE:91,-79,0,2383,2383,3,0,0,0,0
608939600,NODE_20500DE71C38,child,4,B4:BF:E9:32:FE:91,-79,0,2383,2383,3,0,0,0,0
609039603,NODE_20500DE71C38,child,4,B4:BF:E9:32:FE:91,-79,0,2384,2384,3,0,0,0,0
609139599,NODE_20500DE71C38,child,4,B4:BF:E9:32:FE:91,-79,0,2384,2384,3,0,0,0,0
609239604,NODE_20500DE71C38,child,4,B4:BF:E9:32:FE:91,-79,0,2384,2384,3,0,0,0,0
609339613,NODE_20500DE71C38,child,4,B4:BF:E9:32:FE:91,-80,0,2385,2385,3,0,0,0,0
609439607,NODE_20500DE71C38,child,4,B4:BF:E9:32:FE:91,-80,0,2385,2385,3,0,0,0,0
609539608,NODE_20500DE71C38,child,4,B4:BF:E9:32:FE:91,-80,0,2386,2386,3,0,0,0,0
609639599,NODE_20500DE71C38,child,4,B4:BF:E9:32:FE:91,-80,0,2386,2386,3,0,0,0,0
609739607,NODE_20500DE71C38,child,4,B4:BF:E9:32:FE:91,-80,0,2386,2386,3,0,0,0,0
609839608,NODE_20500DE71C38,child,4,B4:BF:E9:32:FE:91,-80,0,2387,2387,3,0,0,0,0
609939599,NODE_20500DE71C38,child,4,B4:BF:E9:32:FE:91,-80,0,2387,2387,3,0,0,0,0
610039603,NODE_20500DE71C38,child,4,B4:BF:E9:32:FE:91,-80,0,2388,2388,3,0,0,0,0
610139600,NODE_20500DE71C38,child,4,B4:BF:E9:32:FE:91,-80,0,2388,2388,3,0,0,0,0
610239599,NODE_20500DE71C38,child,4,B4:BF:E9:32:FE:91,-80,0,2388,2388,3,0,0,0,0
610339603,NODE_20500DE71C38,child,4,B4:BF:E9:32:FE:91,-80,0,2389,2389,3,0,0,0,0
610439615,NODE_20500DE71C38,child,4,B4:BF:E9:32:FE:91,-80,0,2389,2389,3,0,0,0,0
610539607,NODE_20500DE71C38,child,4,B4:BF:E9:32:FE:91,-80,0,2390,2390,3,0,0,0,0
610639599,NODE_20500DE71C38,child,4,B4:BF:E9:32:FE:91,-80,0,2390,2390,3,0,0,0,0
610739604,NODE_20500DE71C38,child,4,B4:BF:E9:32:FE:91,-80,0,2390,2390,3,0,0,0,0
610839603,NODE_20500DE71C38,child,4,B4:BF:E9:32:FE:91,-80,0,2391,2391,3,0,0,0,0
610939599,NODE_20500DE71C38,child,4,B4:BF:E9:32:FE:91,-80,0,2391,2391,3,0,0,0,0
611039608,NODE_20500DE71C38,child,4,B4:BF:E9:32:FE:91,-80,0,2392,2392,3,0,0,0,0
611139599,NODE_20500DE71C38,child,4,B4:BF:E9:32:FE:91,-80,0,2392,2392,3,0,0,0,0
611239599,NODE_20500DE71C38,child,4,B4:BF:E9:32:FE:91,-80,0,2392,2392,3,0,0,0,0
611339604,NODE_20500DE71C38,child,4,B4:BF:E9:32:FE:91,-80,0,2393,2393,3,0,0,0,0
611439613,NODE_20500DE71C38,child,4,B4:BF:E9:32:FE:91,-80,0,2393,2393,3,0,0,0,0
611539607,NODE_20500DE71C38,child,4,B4:BF:E9:32:FE:91,-80,0,2394,2394,3,0,0,0,0
611639611,NODE_20500DE71C38,child,4,B4:BF:E9:32:FE:91,-80,0,2394,2394,3,0,0,0,0
611739603,NODE_20500DE71C38,child,4,B4:BF:E9:32:FE:91,-80,0,2394,2394,3,0,0,0,0
611839607,NODE_20500DE71C38,child,4,B4:BF:E9:32:FE:91,-80,0,2395,2395,3,0,0,0,0
611939600,NODE_20500DE71C38,child,4,B4:BF:E9:32:FE:91,-80,0,2395,2395,3,0,0,0,0
612039603,NODE_20500DE71C38,child,4,B4:BF:E9:32:FE:91,-80,0,2396,2396,3,0,0,0,0
612139599,NODE_20500DE71C38,child,4,B4:BF:E9:32:FE:91,-80,0,2396,2396,3,0,0,0,0
612239600,NODE_20500DE71C38,child,4,B4:BF:E9:32:FE:91,-80,0,2396,2396,3,0,0,0,0
612339607,NODE_20500DE71C38,child,4,B4:BF:E9:32:FE:91,-80,0,2397,2397,3,0,0,0,0
612439611,NODE_20500DE71C38,child,4,B4:BF:E9:32:FE:91,-80,0,2397,2397,3,0,0,0,0
612539608,NODE_20500DE71C38,child,4,B4:BF:E9:32:FE:91,-80,0,2398,2398,3,0,0,0,0
612639599,NODE_20500DE71C38,child,4,B4:BF:E9:32:FE:91,-80,0,2398,2398,3,0,0,0,0
612739603,NODE_20500DE71C38,child,4,B4:BF:E9:32:FE:91,-80,0,2398,2398,3,0,0,0,0
612839608,NODE_20500DE71C38,child,4,B4:BF:E9:32:FE:91,-80,0,2399,2399,3,0,0,0,0
612939599,NODE_20500DE71C38,child,4,B4:BF:E9:32:FE:91,-80,0,2399,2399,3,0,0,0,0
613039607,NODE_20500DE71C38,child,4,B4:BF:E9:32:FE:91,-80,0,2400,2400,3,0,0,0,0
613139600,NODE_20500DE71C38,child,4,B4:BF:E9:32:FE:91,-80,0,2400,2400,3,0,0,0,0
613239599,NODE_20500DE71C38,child,4,B4:BF:E9:32:FE:91,-80,0,2400,2400,3,0,0,0,0
613339603,NODE_20500DE71C38,child,4,B4:BF:E9:32:FE:91,-80,0,2401,2401,3,0,0,0,0
613439612,NODE_20500DE71C38,child,4,B4:BF:E9:32:FE:91,-80,0,2401,2401,3,0,0,0,0
613539607,NODE_20500DE71C38,child,4,B4:BF:E9:32:FE:91,-80,0,2402,2402,3,0,0,0,0
613639606,NODE_20500DE71C38,child,4,B4:BF:E9:32:FE:91,-80,0,2402,2402,3,0,0,0,0
613739608,NODE_20500DE71C38,child,4,B4:BF:E9:32:FE:91,-80,0,2402,2402,3,0,0,0,0
613839607,NODE_20500DE71C38,child,4,B4:BF:E9:32:FE:91,-80,0,2403,2403,3,0,0,0,0
613939599,NODE_20500DE71C38,child,4,B4:BF:E9:32:FE:91,-80,0,2403,2403,3,0,0,0,0
614039604,NODE_20500DE71C38,child,4,B4:BF:E9:32:FE:91,-80,0,2404,2404,3,0,0,0,0
614139599,NODE_20500DE71C38,child,4,B4:BF:E9:32:FE:91,-80,0,2404,2404,3,0,0,0,0
614239599,NODE_20500DE71C38,child,4,B4:BF:E9:32:FE:91,-80,0,2404,2404,3,0,0,0,0
614339608,NODE_20500DE71C38,child,4,B4:BF:E9:32:FE:91,-80,0,2405,2405,3,0,0,0,0
614439599,NODE_20500DE71C38,child,4,B4:BF:E9:32:FE:91,-80,0,2405,2405,3,0,0,0,0
614539607,NODE_20500DE71C38,child,4,B4:BF:E9:32:FE:91,-80,0,2406,2406,3,0,0,0,0
614639600,NODE_20500DE71C38,child,4,B4:BF:E9:32:FE:91,-80,0,2406,2406,3,0,0,0,0
614739599,NODE_20500DE71C38,child,4,B4:BF:E9:32:FE:91,-80,0,2406,2406,3,0,0,0,0
614839607,NODE_20500DE71C38,child,4,B4:BF:E9:32:FE:91,-80,0,2407,2407,3,0,0,0,0
614939600,NODE_20500DE71C38,child,4,B4:BF:E9:32:FE:91,-80,0,2407,2407,3,0,0,0,0
615039603,NODE_20500DE71C38,child,4,B4:BF:E9:32:FE:91,-80,0,2408,2408,3,0,0,0,0
615139599,NODE_20500DE71C38,child,4,B4:BF:E9:32:FE:91,-80,0,2408,2408,3,0,0,0,0
615239600,NODE_20500DE71C38,child,4,B4:BF:E9:32:FE:91,-80,0,2408,2408,3,0,0,0,0
615339603,NODE_20500DE71C38,child,4,B4:BF:E9:32:FE:91,-80,0,2409,2409,3,0,0,0,0
615439603,NODE_20500DE71C38,child,4,B4:BF:E9:32:FE:91,-80,0,2409,2409,3,0,0,0,0
615539608,NODE_20500DE71C38,child,4,B4:BF:E9:32:FE:91,-80,0,2410,2410,3,0,0,0,0
615639599,NODE_20500DE71C38,child,4,B4:BF:E9:32:FE:91,-80,0,2410,2410,3,0,0,0,0
615739599,NODE_20500DE71C38,child,4,B4:BF:E9:32:FE:91,-80,0,2410,2410,3,0,0,0,0
615839612,NODE_20500DE71C38,child,4,B4:BF:E9:32:FE:91,-80,0,2411,2411,3,0,0,0,0
615939599,NODE_20500DE71C38,child,4,B4:BF:E9:32:FE:91,-80,0,2411,2411,3,0,0,0,0
616039603,NODE_20500DE71C38,child,4,B4:BF:E9:32:FE:91,-80,0,2412,2412,3,0,0,0,0
616139600,NODE_20500DE71C38,child,4,B4:BF:E9:32:FE:91,-80,0,2412,2412,3,0,0,0,0
616239603,NODE_20500DE71C38,child,4,B4:BF:E9:32:FE:91,-80,0,2412,2412,3,0,0,0,0
616339603,NODE_20500DE71C38,child,4,B4:BF:E9:32:FE:91,-80,0,2413,2413,3,0,0,0,0
616439600,NODE_20500DE71C38,child,4,B4:BF:E9:32:FE:91,-80,0,2413,2413,3,0,0,0,0
616539607,NODE_20500DE71C38,child,4,B4:BF:E9:32:FE:91,-80,0,2414,2414,3,0,0,0,0
616639599,NODE_20500DE71C38,child,4,B4:BF:E9:32:FE:91,-80,0,2414,2414,3,0,0,0,0
616739600,NODE_20500DE71C38,child,4,B4:BF:E9:32:FE:91,-80,0,2414,2414,3,0,0,0,0
616839611,NODE_20500DE71C38,child,4,B4:BF:E9:32:FE:91,-80,0,2415,2415,3,0,0,0,0
616939599,NODE_20500DE71C38,child,4,B4:BF:E9:32:FE:91,-80,0,2415,2415,3,0,0,0,0
617039608,NODE_20500DE71C38,child,4,B4:BF:E9:32:FE:91,-80,0,2416,2416,3,0,0,0,0
617139599,NODE_20500DE71C38,child,4,B4:BF:E9:32:FE:91,-80,0,2416,2416,3,0,0,0,0
617239599,NODE_20500DE71C38,child,4,B4:BF:E9:32:FE:91,-80,0,2416,2416,3,0,0,0,0
617339604,NODE_20500DE71C38,child,4,B4:BF:E9:32:FE:91,-80,0,2417,2417,3,0,0,0,0
617439599,NODE_20500DE71C38,child,4,B4:BF:E9:32:FE:91,-80,0,2417,2417,3,0,0,0,0
617539611,NODE_20500DE71C38,child,4,B4:BF:E9:32:FE:91,-79,0,2418,2418,3,0,0,0,0
617639604,NODE_20500DE71C38,child,4,B4:BF:E9:32:FE:91,-79,0,2418,2418,3,0,0,0,0
617739599,NODE_20500DE71C38,child,4,B4:BF:E9:32:FE:91,-79,0,2418,2418,3,0,0,0,0
617839611,NODE_20500DE71C38,child,4,B4:BF:E9:32:FE:91,-79,0,2419,2419,3,0,0,0,0
617939600,NODE_20500DE71C38,child,4,B4:BF:E9:32:FE:91,-79,0,2419,2419,3,0,0,0,0
618039603,NODE_20500DE71C38,child,4,B4:BF:E9:32:FE:91,-79,0,2420,2420,3,0,0,0,0
618139599,NODE_20500DE71C38,child,4,B4:BF:E9:32:FE:91,-79,0,2420,2420,3,0,0,0,0
618239604,NODE_20500DE71C38,child,4,B4:BF:E9:32:FE:91,-79,0,2420,2420,3,0,0,0,0
618339607,NODE_20500DE71C38,child,4,B4:BF:E9:32:FE:91,-79,0,2421,2421,3,0,0,0,0
618439599,NODE_20500DE71C38,child,4,B4:BF:E9:32:FE:91,-79,0,2421,2421,3,0,0,0,0
618539604,NODE_20500DE71C38,child,4,B4:BF:E9:32:FE:91,-79,0,2422,2422,3,0,0,0,0
618639611,NODE_20500DE71C38,child,4,B4:BF:E9:32:FE:91,-80,0,2422,2422,3,0,0,0,0
618739599,NODE_20500DE71C38,child,4,B4:BF:E9:32:FE:91,-80,0,2422,2422,3,0,0,0,0
618839608,NODE_20500DE71C38,child,4,B4:BF:E9:32:FE:91,-80,0,2423,2423,3,0,0,0,0
618939603,NODE_20500DE71C38,child,4,B4:BF:E9:32:FE:91,-80,0,2423,2423,3,0,0,0,0
619039603,NODE_20500DE71C38,child,4,B4:BF:E9:32:FE:91,-80,0,2424,2424,3,0,0,0,0
619139600,NODE_20500DE71C38,child,4,B4:BF:E9:32:FE:91,-80,0,2424,2424,3,0,0,0,0
619239599,NODE_20500DE71C38,child,4,B4:BF:E9:32:FE:91,-80,0,2424,2424,3,0,0,0,0
619339607,NODE_20500DE71C38,child,4,B4:BF:E9:32:FE:91,-80,0,2425,2425,3,0,0,0,0
619439600,NODE_20500DE71C38,child,4,B4:BF:E9:32:FE:91,-80,0,2425,2425,3,0,0,0,0
619539603,NODE_20500DE71C38,child,4,B4:BF:E9:32:FE:91,-80,0,2426,2426,3,0,0,0,0
619639611,NODE_20500DE71C38,child,4,B4:BF:E9:32:FE:91,-80,0,2426,2426,3,0,0,0,0
619739600,NODE_20500DE71C38,child,4,B4:BF:E9:32:FE:91,-80,0,2426,2426,3,0,0,0,0
619839607,NODE_20500DE71C38,child,4,B4:BF:E9:32:FE:91,-80,0,2427,2427,3,0,0,0,0
619939603,NODE_20500DE71C38,child,4,B4:BF:E9:32:FE:91,-80,0,2427,2427,3,0,0,0,0
620039608,NODE_20500DE71C38,child,4,B4:BF:E9:32:FE:91,-80,0,2428,2428,3,0,0,0,0
620139599,NODE_20500DE71C38,child,4,B4:BF:E9:32:FE:91,-80,0,2428,2428,3,0,0,0,0
620239599,NODE_20500DE71C38,child,4,B4:BF:E9:32:FE:91,-80,0,2428,2428,3,0,0,0,0
620339604,NODE_20500DE71C38,child,4,B4:BF:E9:32:FE:91,-80,0,2429,2429,3,0,0,0,0
620439599,NODE_20500DE71C38,child,4,B4:BF:E9:32:FE:91,-80,0,2429,2429,3,0,0,0,0
620539603,NODE_20500DE71C38,child,4,B4:BF:E9:32:FE:91,-80,0,2430,2430,3,0,0,0,0
620639612,NODE_20500DE71C38,child,4,B4:BF:E9:32:FE:91,-80,0,2430,2430,3,0,0,0,0
620739599,NODE_20500DE71C38,child,4,B4:BF:E9:32:FE:91,-80,0,2430,2430,3,0,0,0,0
620839603,NODE_20500DE71C38,child,4,B4:BF:E9:32:FE:91,-80,0,2431,2431,3,0,0,0,0
620939604,NODE_20500DE71C38,child,4,B4:BF:E9:32:FE:91,-80,0,2431,2431,3,0,0,0,0
621039603,NODE_20500DE71C38,child,4,B4:BF:E9:32:FE:91,-80,0,2432,2432,3,0,0,0,0
621139599,NODE_20500DE71C38,child,4,B4:BF:E9:32:FE:91,-80,0,2432,2432,3,0,0,0,0
621239600,NODE_20500DE71C38,child,4,B4:BF:E9:32:FE:91,-80,0,2432,2432,3,0,0,0,0
621339607,NODE_20500DE71C38,child,4,B4:BF:E9:32:FE:91,-80,0,2433,2433,3,0,0,0,0
621439599,NODE_20500DE71C38,child,4,B4:BF:E9:32:FE:91,-80,0,2433,2433,3,0,0,0,0
621539604,NODE_20500DE71C38,child,4,B4:BF:E9:32:FE:91,-80,0,2434,2434,3,0,0,0,0
621639613,NODE_20500DE71C38,child,4,B4:BF:E9:32:FE:91,-81,0,2434,2434,3,0,0,0,0
621739603,NODE_20500DE71C38,child,4,B4:BF:E9:32:FE:91,-81,0,2434,2434,3,0,0,0,0
621839604,NODE_20500DE71C38,child,4,B4:BF:E9:32:FE:91,-81,0,2435,2435,3,0,0,0,0
621939607,NODE_20500DE71C38,child,4,B4:BF:E9:32:FE:91,-81,0,2435,2435,3,0,0,0,0
622039607,NODE_20500DE71C38,child,4,B4:BF:E9:32:FE:91,-81,0,2436,2436,3,0,0,0,0
622139600,NODE_20500DE71C38,child,4,B4:BF:E9:32:FE:91,-81,0,2436,2436,3,0,0,0,0
622239599,NODE_20500DE71C38,child,4,B4:BF:E9:32:FE:91,-81,0,2436,2436,3,0,0,0,0
622339603,NODE_20500DE71C38,child,4,B4:BF:E9:32:FE:91,-81,0,2437,2437,3,0,0,0,0
622439608,NODE_20500DE71C38,child,4,B4:BF:E9:32:FE:91,-81,0,2437,2437,3,0,0,0,0
622539603,NODE_20500DE71C38,child,4,B4:BF:E9:32:FE:91,-81,0,2438,2438,3,0,0,0,0
622639603,NODE_20500DE71C38,child,4,B4:BF:E9:32:FE:91,-81,0,2438,2438,3,0,0,0,0
622739608,NODE_20500DE71C38,child,4,B4:BF:E9:32:FE:91,-81,0,2438,2438,3,0,0,0,0
622839607,NODE_20500DE71C38,child,4,B4:BF:E9:32:FE:91,-81,0,2439,2439,3,0,0,0,0
622939599,NODE_20500DE71C38,child,4,B4:BF:E9:32:FE:91,-81,0,2439,2439,3,0,0,0,0
623039608,NODE_20500DE71C38,child,4,B4:BF:E9:32:FE:91,-81,0,2440,2440,3,0,0,0,0
623139599,NODE_20500DE71C38,child,4,B4:BF:E9:32:FE:91,-81,0,2440,2440,3,0,0,0,0
623239603,NODE_20500DE71C38,child,4,B4:BF:E9:32:FE:91,-81,0,2440,2440,3,0,0,0,0
623339604,NODE_20500DE71C38,child,4,B4:BF:E9:32:FE:91,-81,0,2441,2441,3,0,0,0,0
623439599,NODE_20500DE71C38,child,4,B4:BF:E9:32:FE:91,-81,0,2441,2441,3,0,0,0,0
623539603,NODE_20500DE71C38,child,4,B4:BF:E9:32:FE:91,-81,0,2442,2442,3,0,0,0,0
623639600,NODE_20500DE71C38,child,4,B4:BF:E9:32:FE:91,-81,0,2442,2442,3,0,0,0,0
623739613,NODE_20500DE71C38,child,4,B4:BF:E9:32:FE:91,-80,0,2442,2442,3,0,0,0,0
623839607,NODE_20500DE71C38,child,4,B4:BF:E9:32:FE:91,-80,0,2443,2443,3,0,0,0,0
623939600,NODE_20500DE71C38,child,4,B4:BF:E9:32:FE:91,-80,0,2443,2443,3,0,0,0,0
624039607,NODE_20500DE71C38,child,4,B4:BF:E9:32:FE:91,-80,0,2444,2444,3,0,0,0,0
624139599,NODE_20500DE71C38,child,4,B4:BF:E9:32:FE:91,-80,0,2444,2444,3,0,0,0,0
624239600,NODE_20500DE71C38,child,4,B4:BF:E9:32:FE:91,-80,0,2444,2444,3,0,0,0,0
624339607,NODE_20500DE71C38,child,4,B4:BF:E9:32:FE:91,-80,0,2445,2445,3,0,0,0,0
624439599,NODE_20500DE71C38,child,4,B4:BF:E9:32:FE:91,-80,0,2445,2445,3,0,0,0,0
624539608,NODE_20500DE71C38,child,4,B4:BF:E9:32:FE:91,-80,0,2446,2446,3,0,0,0,0
624639599,NODE_20500DE71C38,child,4,B4:BF:E9:32:FE:91,-80,0,2446,2446,3,0,0,0,0
624739613,NODE_20500DE71C38,child,4,B4:BF:E9:32:FE:91,-80,0,2446,2446,3,0,0,0,0
624839604,NODE_20500DE71C38,child,4,B4:BF:E9:32:FE:91,-80,0,2447,2447,3,0,0,0,0
624939599,NODE_20500DE71C38,child,4,B4:BF:E9:32:FE:91,-80,0,2447,2447,3,0,0,0,0
625039607,NODE_20500DE71C38,child,4,B4:BF:E9:32:FE:91,-80,0,2448,2448,3,0,0,0,0
625139600,NODE_20500DE71C38,child,4,B4:BF:E9:32:FE:91,-80,0,2448,2448,3,0,0,0,0
625239603,NODE_20500DE71C38,child,4,B4:BF:E9:32:FE:91,-80,0,2448,2448,3,0,0,0,0
625339603,NODE_20500DE71C38,child,4,B4:BF:E9:32:FE:91,-80,0,2449,2449,3,0,0,0,0
625439600,NODE_20500DE71C38,child,4,B4:BF:E9:32:FE:91,-80,0,2449,2449,3,0,0,0,0
625539603,NODE_20500DE71C38,child,4,B4:BF:E9:32:FE:91,-80,0,2450,2450,3,0,0,0,0
625639599,NODE_20500DE71C38,child,4,B4:BF:E9:32:FE:91,-80,0,2450,2450,3,0,0,0,0
625739612,NODE_20500DE71C38,child,4,B4:BF:E9:32:FE:91,-80,0,2450,2450,3,0,0,0,0
625839607,NODE_20500DE71C38,child,4,B4:BF:E9:32:FE:91,-80,0,2451,2451,3,0,0,0,0
625939599,NODE_20500DE71C38,child,4,B4:BF:E9:32:FE:91,-80,0,2451,2451,3,0,0,0,0
626039608,NODE_20500DE71C38,child,4,B4:BF:E9:32:FE:91,-80,0,2452,2452,3,0,0,0,0
626139599,NODE_20500DE71C38,child,4,B4:BF:E9:32:FE:91,-80,0,2452,2452,3,0,0,0,0
626239599,NODE_20500DE71C38,child,4,B4:BF:E9:32:FE:91,-80,0,2452,2452,3,0,0,0,0
626339604,NODE_20500DE71C38,child,4,B4:BF:E9:32:FE:91,-80,0,2453,2453,3,0,0,0,0
626439599,NODE_20500DE71C38,child,4,B4:BF:E9:32:FE:91,-80,0,2453,2453,3,0,0,0,0
626539607,NODE_20500DE71C38,child,4,B4:BF:E9:32:FE:91,-80,0,2454,2454,3,0,0,0,0
626639600,NODE_20500DE71C38,child,4,B4:BF:E9:32:FE:91,-80,0,2454,2454,3,0,0,0,0
626739599,NODE_20500DE71C38,child,4,B4:BF:E9:32:FE:91,-80,0,2454,2454,3,0,0,0,0
626839607,NODE_20500DE71C38,child,4,B4:BF:E9:32:FE:91,-80,0,2455,2455,3,0,0,0,0
626939600,NODE_20500DE71C38,child,4,B4:BF:E9:32:FE:91,-80,0,2455,2455,3,0,0,0,0
627039607,NODE_20500DE71C38,child,4,B4:BF:E9:32:FE:91,-80,0,2456,2456,3,0,0,0,0
627139603,NODE_20500DE71C38,child,4,B4:BF:E9:32:FE:91,-80,0,2456,2456,3,0,0,0,0
627239600,NODE_20500DE71C38,child,4,B4:BF:E9:32:FE:91,-80,0,2456,2456,3,0,0,0,0
627339603,NODE_20500DE71C38,child,4,B4:BF:E9:32:FE:91,-80,0,2457,2457,3,0,0,0,0
627439599,NODE_20500DE71C38,child,4,B4:BF:E9:32:FE:91,-80,0,2457,2457,3,0,0,0,0
627539604,NODE_20500DE71C38,child,4,B4:BF:E9:32:FE:91,-80,0,2458,2458,3,0,0,0,0
627639603,NODE_20500DE71C38,child,4,B4:BF:E9:32:FE:91,-80,0,2458,2458,3,0,0,0,0
627739599,NODE_20500DE71C38,child,4,B4:BF:E9:32:FE:91,-80,0,2458,2458,3,0,0,0,0
627839608,NODE_20500DE71C38,child,4,B4:BF:E9:32:FE:91,-80,0,2459,2459,3,0,0,0,0
627939599,NODE_20500DE71C38,child,4,B4:BF:E9:32:FE:91,-80,0,2459,2459,3,0,0,0,0
628039607,NODE_20500DE71C38,child,4,B4:BF:E9:32:FE:91,-80,0,2460,2460,3,0,0,0,0
628139608,NODE_20500DE71C38,child,4,B4:BF:E9:32:FE:91,-80,0,2460,2460,3,0,0,0,0
628239599,NODE_20500DE71C38,child,4,B4:BF:E9:32:FE:91,-80,0,2460,2460,3,0,0,0,0
628339607,NODE_20500DE71C38,child,4,B4:BF:E9:32:FE:91,-80,0,2461,2461,3,0,0,0,0
628439600,NODE_20500DE71C38,child,4,B4:BF:E9:32:FE:91,-80,0,2461,2461,3,0,0,0,0
628539603,NODE_20500DE71C38,child,4,B4:BF:E9:32:FE:91,-80,0,2462,2462,3,0,0,0,0
628639599,NODE_20500DE71C38,child,4,B4:BF:E9:32:FE:91,-80,0,2462,2462,3,0,0,0,0
628739600,NODE_20500DE71C38,child,4,B4:BF:E9:32:FE:91,-80,0,2462,2462,3,0,0,0,0
628839611,NODE_20500DE71C38,child,4,B4:BF:E9:32:FE:91,-80,0,2463,2463,3,0,0,0,0
628939599,NODE_20500DE71C38,child,4,B4:BF:E9:32:FE:91,-80,0,2463,2463,3,0,0,0,0
629039608,NODE_20500DE71C38,child,4,B4:BF:E9:32:FE:91,-80,0,2464,2464,3,0,0,0,0
629139603,NODE_20500DE71C38,child,4,B4:BF:E9:32:FE:91,-80,0,2464,2464,3,0,0,0,0
629239599,NODE_20500DE71C38,child,4,B4:BF:E9:32:FE:91,-80,0,2464,2464,3,0,0,0,0
629339604,NODE_20500DE71C38,child,4,B4:BF:E9:32:FE:91,-80,0,2465,2465,3,0,0,0,0
629439607,NODE_20500DE71C38,child,4,B4:BF:E9:32:FE:91,-80,0,2465,2465,3,0,0,0,0
629539603,NODE_20500DE71C38,child,4,B4:BF:E9:32:FE:91,-80,0,2466,2466,3,0,0,0,0
629639604,NODE_20500DE71C38,child,4,B4:BF:E9:32:FE:91,-80,0,2466,2466,3,0,0,0,0
629739599,NODE_20500DE71C38,child,4,B4:BF:E9:32:FE:91,-80,0,2466,2466,3,0,0,0,0
629839611,NODE_20500DE71C38,child,4,B4:BF:E9:32:FE:91,-80,0,2467,2467,3,0,0,0,0
629939600,NODE_20500DE71C38,child,4,B4:BF:E9:32:FE:91,-80,0,2467,2467,3,0,0,0,0
630039607,NODE_20500DE71C38,child,4,B4:BF:E9:32:FE:91,-80,0,2468,2468,3,0,0,0,0
630139603,NODE_20500DE71C38,child,4,B4:BF:E9:32:FE:91,-80,0,2468,2468,3,0,0,0,0
630239600,NODE_20500DE71C38,child,4,B4:BF:E9:32:FE:91,-80,0,2468,2468,3,0,0,0,0
630339607,NODE_20500DE71C38,child,4,B4:BF:E9:32:FE:91,-80,0,2469,2469,3,0,0,0,0
630439599,NODE_20500DE71C38,child,4,B4:BF:E9:32:FE:91,-80,0,2469,2469,3,0,0,0,0
630539604,NODE_20500DE71C38,child,4,B4:BF:E9:32:FE:91,-80,0,2470,2470,3,0,0,0,0
630639599,NODE_20500DE71C38,child,4,B4:BF:E9:32:FE:91,-80,0,2470,2470,3,0,0,0,0
630739599,NODE_20500DE71C38,child,4,B4:BF:E9:32:FE:91,-80,0,2470,2470,3,0,0,0,0
630839608,NODE_20500DE71C38,child,4,B4:BF:E9:32:FE:91,-80,0,2471,2471,3,0,0,0,0
630939607,NODE_20500DE71C38,child,4,B4:BF:E9:32:FE:91,-80,0,2471,2471,3,0,0,0,0
631039607,NODE_20500DE71C38,child,4,B4:BF:E9:32:FE:91,-80,0,2472,2472,3,0,0,0,0
631139600,NODE_20500DE71C38,child,4,B4:BF:E9:32:FE:91,-80,0,2472,2472,3,0,0,0,0
631239603,NODE_20500DE71C38,child,4,B4:BF:E9:32:FE:91,-80,0,2472,2472,3,0,0,0,0
631339603,NODE_20500DE71C38,child,4,B4:BF:E9:32:FE:91,-80,0,2473,2473,3,0,0,0,0
631439600,NODE_20500DE71C38,child,4,B4:BF:E9:32:FE:91,-80,0,2473,2473,3,0,0,0,0
631539607,NODE_20500DE71C38,child,4,B4:BF:E9:32:FE:91,-80,0,2474,2474,3,0,0,0,0
631639599,NODE_20500DE71C38,child,4,B4:BF:E9:32:FE:91,-80,0,2474,2474,3,0,0,0,0
631739600,NODE_20500DE71C38,child,4,B4:BF:E9:32:FE:91,-80,0,2474,2474,3,0,0,0,0
631839603,NODE_20500DE71C38,child,4,B4:BF:E9:32:FE:91,-80,0,2475,2475,3,0,0,0,0
631939611,NODE_20500DE71C38,child,4,B4:BF:E9:32:FE:91,-80,0,2475,2475,3,0,0,0,0
632039608,NODE_20500DE71C38,child,4,B4:BF:E9:32:FE:91,-80,0,2476,2476,3,0,0,0,0
632139599,NODE_20500DE71C38,child,4,B4:BF:E9:32:FE:91,-80,0,2476,2476,3,0,0,0,0
632239609,NODE_20500DE71C38,child,4,B4:BF:E9:32:FE:91,-80,0,2476,2476,3,0,0,0,0
632339604,NODE_20500DE71C38,child,4,B4:BF:E9:32:FE:91,-80,0,2477,2477,3,0,0,0,0
632439599,NODE_20500DE71C38,child,4,B4:BF:E9:32:FE:91,-80,0,2477,2477,3,0,0,0,0
632539603,NODE_20500DE71C38,child,4,B4:BF:E9:32:FE:91,-80,0,2478,2478,3,0,0,0,0
632639600,NODE_20500DE71C38,child,4,B4:BF:E9:32:FE:91,-80,0,2478,2478,3,0,0,0,0
632739599,NODE_20500DE71C38,child,4,B4:BF:E9:32:FE:91,-80,0,2478,2478,3,0,0,0,0
632839607,NODE_20500DE71C38,child,4,B4:BF:E9:32:FE:91,-80,0,2479,2479,3,0,0,0,0
632939612,NODE_20500DE71C38,child,4,B4:BF:E9:32:FE:91,-80,0,2479,2479,3,0,0,0,0
633039607,NODE_20500DE71C38,child,4,B4:BF:E9:32:FE:91,-80,0,2480,2480,3,0,0,0,0
633139599,NODE_20500DE71C38,child,4,B4:BF:E9:32:FE:91,-80,0,2480,2480,3,0,0,0,0
633239604,NODE_20500DE71C38,child,4,B4:BF:E9:32:FE:91,-80,0,2480,2480,3,0,0,0,0
633339603,NODE_20500DE71C38,child,4,B4:BF:E9:32:FE:91,-80,0,2481,2481,3,0,0,0,0
633439599,NODE_20500DE71C38,child,4,B4:BF:E9:32:FE:91,-80,0,2481,2481,3,0,0,0,0
633539608,NODE_20500DE71C38,child,4,B4:BF:E9:32:FE:91,-80,0,2482,2482,3,0,0,0,0
633639599,NODE_20500DE71C38,child,4,B4:BF:E9:32:FE:91,-80,0,2482,2482,3,0,0,0,0
633739599,NODE_20500DE71C38,child,4,B4:BF:E9:32:FE:91,-80,0,2482,2482,3,0,0,0,0
633839608,NODE_20500DE71C38,child,4,B4:BF:E9:32:FE:91,-80,0,2483,2483,3,0,0,0,0
633939611,NODE_20500DE71C38,child,4,B4:BF:E9:32:FE:91,-80,0,2483,2483,3,0,0,0,0
634039603,NODE_20500DE71C38,child,4,B4:BF:E9:32:FE:91,-80,0,2484,2484,3,0,0,0,0
634139600,NODE_20500DE71C38,child,4,B4:BF:E9:32:FE:91,-80,0,2484,2484,3,0,0,0,0
634239606,NODE_20500DE71C38,child,4,B4:BF:E9:32:FE:91,-80,0,2484,2484,3,0,0,0,0
634339603,NODE_20500DE71C38,child,4,B4:BF:E9:32:FE:91,-80,0,2485,2485,3,0,0,0,0
634439600,NODE_20500DE71C38,child,4,B4:BF:E9:32:FE:91,-80,0,2485,2485,3,0,0,0,0
634539603,NODE_20500DE71C38,child,4,B4:BF:E9:32:FE:91,-80,0,2486,2486,3,0,0,0,0
634639599,NODE_20500DE71C38,child,4,B4:BF:E9:32:FE:91,-80,0,2486,2486,3,0,0,0,0
634739600,NODE_20500DE71C38,child,4,B4:BF:E9:32:FE:91,-80,0,2486,2486,3,0,0,0,0
634839607,NODE_20500DE71C38,child,4,B4:BF:E9:32:FE:91,-80,0,2487,2487,3,0,0,0,0
634939599,NODE_20500DE71C38,child,4,B4:BF:E9:32:FE:91,-80,0,2487,2487,3,0,0,0,0
635039608,NODE_20500DE71C38,child,4,B4:BF:E9:32:FE:91,-80,0,2488,2488,3,0,0,0,0
635139599,NODE_20500DE71C38,child,4,B4:BF:E9:32:FE:91,-80,0,2488,2488,3,0,0,0,0
635239599,NODE_20500DE71C38,child,4,B4:BF:E9:32:FE:91,-80,0,2488,2488,3,0,0,0,0
635339608,NODE_20500DE71C38,child,4,B4:BF:E9:32:FE:91,-80,0,2489,2489,3,0,0,0,0
635439599,NODE_20500DE71C38,child,4,B4:BF:E9:32:FE:91,-80,0,2489,2489,3,0,0,0,0
635539603,NODE_20500DE71C38,child,4,B4:BF:E9:32:FE:91,-80,0,2490,2490,3,0,0,0,0
635639600,NODE_20500DE71C38,child,4,B4:BF:E9:32:FE:91,-80,0,2490,2490,3,0,0,0,0
635739599,NODE_20500DE71C38,child,4,B4:BF:E9:32:FE:91,-80,0,2490,2490,3,0,0,0,0
635839603,NODE_20500DE71C38,child,4,B4:BF:E9:32:FE:91,-80,0,2491,2491,3,0,0,0,0
635939600,NODE_20500DE71C38,child,4,B4:BF:E9:32:FE:91,-80,0,2491,2491,3,0,0,0,0
636039607,NODE_20500DE71C38,child,4,B4:BF:E9:32:FE:91,-80,0,2492,2492,3,0,0,0,0
636139599,NODE_20500DE71C38,child,4,B4:BF:E9:32:FE:91,-80,0,2492,2492,3,0,0,0,0
636239600,NODE_20500DE71C38,child,4,B4:BF:E9:32:FE:91,-80,0,2492,2492,3,0,0,0,0
636339607,NODE_20500DE71C38,child,4,B4:BF:E9:32:FE:91,-80,0,2493,2493,3,0,0,0,0
636439607,NODE_20500DE71C38,child,4,B4:BF:E9:32:FE:91,-80,0,2493,2493,3,0,0,0,0
636539604,NODE_20500DE71C38,child,4,B4:BF:E9:32:FE:91,-80,0,2494,2494,3,0,0,0,0
636639606,NODE_20500DE71C38,child,4,B4:BF:E9:32:FE:91,-80,0,2494,2494,3,0,0,0,0
636739599,NODE_20500DE71C38,child,4,B4:BF:E9:32:FE:91,-80,0,2494,2494,3,0,0,0,0
636839604,NODE_20500DE71C38,child,4,B4:BF:E9:32:FE:91,-80,0,2495,2495,3,0,0,0,0
636939599,NODE_20500DE71C38,child,4,B4:BF:E9:32:FE:91,-80,0,2495,2495,3,0,0,0,0
637039607,NODE_20500DE71C38,child,4,B4:BF:E9:32:FE:91,-80,0,2496,2496,3,0,0,0,0
637139600,NODE_20500DE71C38,child,4,B4:BF:E9:32:FE:91,-80,0,2496,2496,3,0,0,0,0
637239599,NODE_20500DE71C38,child,4,B4:BF:E9:32:FE:91,-80,0,2496,2496,3,0,0,0,0
637339607,NODE_20500DE71C38,child,4,B4:BF:E9:32:FE:91,-80,0,2497,2497,3,0,0,0,0
637439600,NODE_20500DE71C38,child,4,B4:BF:E9:32:FE:91,-80,0,2497,2497,3,0,0,0,0
637539603,NODE_20500DE71C38,child,4,B4:BF:E9:32:FE:91,-80,0,2498,2498,3,0,0,0,0
637639599,NODE_20500DE71C38,child,4,B4:BF:E9:32:FE:91,-80,0,2498,2498,3,0,0,0,0
637739600,NODE_20500DE71C38,child,4,B4:BF:E9:32:FE:91,-80,0,2498,2498,3,0,0,0,0
637839607,NODE_20500DE71C38,child,4,B4:BF:E9:32:FE:91,-80,0,2499,2499,3,0,0,0,0
637939599,NODE_20500DE71C38,child,4,B4:BF:E9:32:FE:91,-80,0,2499,2499,3,0,0,0,0
638039608,NODE_20500DE71C38,child,4,B4:BF:E9:32:FE:91,-80,0,2500,2500,3,0,0,0,0
638139599,NODE_20500DE71C38,child,4,B4:BF:E9:32:FE:91,-80,0,2500,2500,3,0,0,0,0
638239599,NODE_20500DE71C38,child,4,B4:BF:E9:32:FE:91,-80,0,2500,2500,3,0,0,0,0
638339608,NODE_20500DE71C38,child,4,B4:BF:E9:32:FE:91,-80,0,2501,2501,3,0,0,0,0
638439599,NODE_20500DE71C38,child,4,B4:BF:E9:32:FE:91,-80,0,2501,2501,3,0,0,0,0
638539603,NODE_20500DE71C38,child,4,B4:BF:E9:32:FE:91,-80,0,2502,2502,3,0,0,0,0
638639604,NODE_20500DE71C38,child,4,B4:BF:E9:32:FE:91,-80,0,2502,2502,3,0,0,0,0
638739599,NODE_20500DE71C38,child,4,B4:BF:E9:32:FE:91,-80,0,2502,2502,3,0,0,0,0
638839603,NODE_20500DE71C38,child,4,B4:BF:E9:32:FE:91,-80,0,2503,2503,3,0,0,0,0
638939600,NODE_20500DE71C38,child,4,B4:BF:E9:32:FE:91,-80,0,2503,2503,3,0,0,0,0
639039611,NODE_20500DE71C38,child,4,B4:BF:E9:32:FE:91,-80,0,2504,2504,3,0,0,0,0
639139603,NODE_20500DE71C38,child,4,B4:BF:E9:32:FE:91,-80,0,2504,2504,3,0,0,0,0
639239607,NODE_20500DE71C38,child,4,B4:BF:E9:32:FE:91,-80,0,2504,2504,3,0,0,0,0
639339611,NODE_20500DE71C38,child,4,B4:BF:E9:32:FE:91,-80,0,2505,2505,3,0,0,0,0
639439599,NODE_20500DE71C38,child,4,B4:BF:E9:32:FE:91,-80,0,2505,2505,3,0,0,0,0
639539604,NODE_20500DE71C38,child,4,B4:BF:E9:32:FE:91,-80,0,2506,2506,3,0,0,0,0
639639599,NODE_20500DE71C38,child,4,B4:BF:E9:32:FE:91,-80,0,2506,2506,3,0,0,0,0
639739599,NODE_20500DE71C38,child,4,B4:BF:E9:32:FE:91,-80,0,2506,2506,3,0,0,0,0
639839608,NODE_20500DE71C38,child,4,B4:BF:E9:32:FE:91,-80,0,2507,2507,3,0,0,0,0
639939599,NODE_20500DE71C38,child,4,B4:BF:E9:32:FE:91,-80,0,2507,2507,3,0,0,0,0
640039603,NODE_20500DE71C38,child,4,B4:BF:E9:32:FE:91,-80,0,2508,2508,3,0,0,0,0
640139612,NODE_20500DE71C38,child,4,B4:BF:E9:32:FE:91,-80,0,2508,2508,3,0,0,0,0
640239599,NODE_20500DE71C38,child,4,B4:BF:E9:32:FE:91,-80,0,2508,2508,3,0,0,0,0
640339603,NODE_20500DE71C38,child,4,B4:BF:E9:32:FE:91,-80,0,2509,2509,3,0,0,0,0
640439604,NODE_20500DE71C38,child,4,B4:BF:E9:32:FE:91,-80,0,2509,2509,3,0,0,0,0
640539607,NODE_20500DE71C38,child,4,B4:BF:E9:32:FE:91,-80,0,2510,2510,3,0,0,0,0
640639599,NODE_20500DE71C38,child,4,B4:BF:E9:32:FE:91,-80,0,2510,2510,3,0,0,0,0
640739600,NODE_20500DE71C38,child,4,B4:BF:E9:32:FE:91,-80,0,2510,2510,3,0,0,0,0
640839603,NODE_20500DE71C38,child,4,B4:BF:E9:32:FE:91,-80,0,2511,2511,3,0,0,0,0
640939599,NODE_20500DE71C38,child,4,B4:BF:E9:32:FE:91,-80,0,2511,2511,3,0,0,0,0
641039604,NODE_20500DE71C38,child,4,B4:BF:E9:32:FE:91,-80,0,2512,2512,3,0,0,0,0
641139611,NODE_20500DE71C38,child,4,B4:BF:E9:32:FE:91,-80,0,2512,2512,3,0,0,0,0
641339608,NODE_20500DE71C38,child,4,B4:BF:E9:32:FE:91,-80,0,2513,2513,3,0,0,0,0
641439603,NODE_20500DE71C38,child,4,B4:BF:E9:32:FE:91,-80,0,2513,2513,3,0,0,0,0
641539603,NODE_20500DE71C38,child,4,B4:BF:E9:32:FE:91,-80,0,2514,2514,3,0,0,0,0
641639600,NODE_20500DE71C38,child,4,B4:BF:E9:32:FE:91,-80,0,2514,2514,3,0,0,0,0
641739599,NODE_20500DE71C38,child,4,B4:BF:E9:32:FE:91,-80,0,2514,2514,3,0,0,0,0
641839607,NODE_20500DE71C38,child,4,B4:BF:E9:32:FE:91,-80,0,2515,2515,3,0,0,0,0
641939600,NODE_20500DE71C38,child,4,B4:BF:E9:32:FE:91,-80,0,2515,2515,3,0,0,0,0
642039603,NODE_20500DE71C38,child,4,B4:BF:E9:32:FE:91,-80,0,2516,2516,3,0,0,0,0
642139611,NODE_20500DE71C38,child,4,B4:BF:E9:32:FE:91,-80,0,2516,2516,3,0,0,0,0
642239600,NODE_20500DE71C38,child,4,B4:BF:E9:32:FE:91,-80,0,2516,2516,3,0,0,0,0
642339603,NODE_20500DE71C38,child,4,B4:BF:E9:32:FE:91,-80,0,2517,2517,3,0,0,0,0
642439603,NODE_20500DE71C38,child,4,B4:BF:E9:32:FE:91,-80,0,2517,2517,3,0,0,0,0
642539608,NODE_20500DE71C38,child,4,B4:BF:E9:32:FE:91,-80,0,2518,2518,3,0,0,0,0
642639599,NODE_20500DE71C38,child,4,B4:BF:E9:32:FE:91,-80,0,2518,2518,3,0,0,0,0
642739599,NODE_20500DE71C38,child,4,B4:BF:E9:32:FE:91,-80,0,2518,2518,3,0,0,0,0
642839604,NODE_20500DE71C38,child,4,B4:BF:E9:32:FE:91,-80,0,2519,2519,3,0,0,0,0
642939599,NODE_20500DE71C38,child,4,B4:BF:E9:32:FE:91,-80,0,2519,2519,3,0,0,0,0
643039607,NODE_20500DE71C38,child,4,B4:BF:E9:32:FE:91,-80,0,2520,2520,3,0,0,0,0
643139612,NODE_20500DE71C38,child,4,B4:BF:E9:32:FE:91,-80,0,2520,2520,3,0,0,0,0
643239603,NODE_20500DE71C38,child,4,B4:BF:E9:32:FE:91,-80,0,2520,2520,3,0,0,0,0
643339607,NODE_20500DE71C38,child,4,B4:BF:E9:32:FE:91,-80,0,2521,2521,3,0,0,0,0
643439608,NODE_20500DE71C38,child,4,B4:BF:E9:32:FE:91,-80,0,2521,2521,3,0,0,0,0
643539603,NODE_20500DE71C38,child,4,B4:BF:E9:32:FE:91,-80,0,2522,2522,3,0,0,0,0
643639603,NODE_20500DE71C38,child,4,B4:BF:E9:32:FE:91,-80,0,2522,2522,3,0,0,0,0
643739600,NODE_20500DE71C38,child,4,B4:BF:E9:32:FE:91,-80,0,2522,2522,3,0,0,0,0
643839603,NODE_20500DE71C38,child,4,B4:BF:E9:32:FE:91,-80,0,2523,2523,3,0,0,0,0
643939599,NODE_20500DE71C38,child,4,B4:BF:E9:32:FE:91,-80,0,2523,2523,3,0,0,0,0
644039604,NODE_20500DE71C38,child,4,B4:BF:E9:32:FE:91,-80,0,2524,2524,3,0,0,0,0
644139599,NODE_20500DE71C38,child,4,B4:BF:E9:32:FE:91,-80,0,2524,2524,3,0,0,0,0
644239611,NODE_20500DE71C38,child,4,B4:BF:E9:32:FE:91,-80,0,2524,2524,3,0,0,0,0
644339608,NODE_20500DE71C38,child,4,B4:BF:E9:32:FE:91,-80,0,2525,2525,3,0,0,0,0
644439599,NODE_20500DE71C38,child,4,B4:BF:E9:32:FE:91,-80,0,2525,2525,3,0,0,0,0
644539607,NODE_20500DE71C38,child,4,B4:BF:E9:32:FE:91,-80,0,2526,2526,3,0,0,0,0
644639600,NODE_20500DE71C38,child,4,B4:BF:E9:32:FE:91,-80,0,2526,2526,3,0,0,0,0
644739599,NODE_20500DE71C38,child,4,B4:BF:E9:32:FE:91,-80,0,2526,2526,3,0,0,0,0
644839603,NODE_20500DE71C38,child,4,B4:BF:E9:32:FE:91,-80,0,2527,2527,3,0,0,0,0
644939600,NODE_20500DE71C38,child,4,B4:BF:E9:32:FE:91,-80,0,2527,2527,3,0,0,0,0
645039607,NODE_20500DE71C38,child,4,B4:BF:E9:32:FE:91,-80,0,2528,2528,3,0,0,0,0
645139599,NODE_20500DE71C38,child,4,B4:BF:E9:32:FE:91,-80,0,2528,2528,3,0,0,0,0
645239612,NODE_20500DE71C38,child,4,B4:BF:E9:32:FE:91,-80,0,2528,2528,3,0,0,0,0
645339603,NODE_20500DE71C38,child,4,B4:BF:E9:32:FE:91,-80,0,2529,2529,3,0,0,0,0
645439599,NODE_20500DE71C38,child,4,B4:BF:E9:32:FE:91,-80,0,2529,2529,3,0,0,0,0
645539608,NODE_20500DE71C38,child,4,B4:BF:E9:32:FE:91,-80,0,2530,2530,3,0,0,0,0
645639606,NODE_20500DE71C38,child,4,B4:BF:E9:32:FE:91,-80,0,2530,2530,3,0,0,0,0
645739599,NODE_20500DE71C38,child,4,B4:BF:E9:32:FE:91,-80,0,2530,2530,3,0,0,0,0
645839608,NODE_20500DE71C38,child,4,B4:BF:E9:32:FE:91,-80,0,2531,2531,3,0,0,0,0
645939599,NODE_20500DE71C38,child,4,B4:BF:E9:32:FE:91,-80,0,2531,2531,3,0,0,0,0
646039607,NODE_20500DE71C38,child,4,B4:BF:E9:32:FE:91,-80,0,2532,2532,3,0,0,0,0
646139600,NODE_20500DE71C38,child,4,B4:BF:E9:32:FE:91,-80,0,2532,2532,3,0,0,0,0
646239611,NODE_20500DE71C38,child,4,B4:BF:E9:32:FE:91,-80,0,2532,2532,3,0,0,0,0
646339607,NODE_20500DE71C38,child,4,B4:BF:E9:32:FE:91,-80,0,2533,2533,3,0,0,0,0
646439600,NODE_20500DE71C38,child,4,B4:BF:E9:32:FE:91,-80,0,2533,2533,3,0,0,0,0
646539607,NODE_20500DE71C38,child,4,B4:BF:E9:32:FE:91,-80,0,2534,2534,3,0,0,0,0
646639599,NODE_20500DE71C38,child,4,B4:BF:E9:32:FE:91,-80,0,2534,2534,3,0,0,0,0
646739600,NODE_20500DE71C38,child,4,B4:BF:E9:32:FE:91,-80,0,2534,2534,3,0,0,0,0
646839607,NODE_20500DE71C38,child,4,B4:BF:E9:32:FE:91,-80,0,2535,2535,3,0,0,0,0
646939599,NODE_20500DE71C38,child,4,B4:BF:E9:32:FE:91,-80,0,2535,2535,3,0,0,0,0
647039604,NODE_20500DE71C38,child,4,B4:BF:E9:32:FE:91,-80,0,2536,2536,3,0,0,0,0
647139599,NODE_20500DE71C38,child,4,B4:BF:E9:32:FE:91,-80,0,2536,2536,3,0,0,0,0
647239611,NODE_20500DE71C38,child,4,B4:BF:E9:32:FE:91,-78,0,2536,2536,3,0,0,0,0
647339608,NODE_20500DE71C38,child,4,B4:BF:E9:32:FE:91,-78,0,2537,2537,3,0,0,0,0
647439599,NODE_20500DE71C38,child,4,B4:BF:E9:32:FE:91,-78,0,2537,2537,3,0,0,0,0
647539611,NODE_20500DE71C38,child,4,B4:BF:E9:32:FE:91,-78,0,2538,2538,3,0,0,0,0
647639600,NODE_20500DE71C38,child,4,B4:BF:E9:32:FE:91,-78,0,2538,2538,3,0,0,0,0
647739599,NODE_20500DE71C38,child,4,B4:BF:E9:32:FE:91,-78,0,2538,2538,3,0,0,0,0
647839603,NODE_20500DE71C38,child,4,B4:BF:E9:32:FE:91,-78,0,2539,2539,3,0,0,0,0
647939600,NODE_20500DE71C38,child,4,B4:BF:E9:32:FE:91,-78,0,2539,2539,3,0,0,0,0
648039603,NODE_20500DE71C38,child,4,B4:BF:E9:32:FE:91,-78,0,2540,2540,3,0,0,0,0
648139599,NODE_20500DE71C38,child,4,B4:BF:E9:32:FE:91,-78,0,2540,2540,3,0,0,0,0
648239604,NODE_20500DE71C38,child,4,B4:BF:E9:32:FE:91,-78,0,2540,2540,3,0,0,0,0
648339607,NODE_20500DE71C38,child,4,B4:BF:E9:32:FE:91,-80,0,2541,2541,3,0,0,0,0
648439599,NODE_20500DE71C38,child,4,B4:BF:E9:32:FE:91,-80,0,2541,2541,3,0,0,0,0
648539604,NODE_20500DE71C38,child,4,B4:BF:E9:32:FE:91,-80,0,2542,2542,3,0,0,0,0
648639603,NODE_20500DE71C38,child,4,B4:BF:E9:32:FE:91,-80,0,2542,2542,3,0,0,0,0
648739599,NODE_20500DE71C38,child,4,B4:BF:E9:32:FE:91,-80,0,2542,2542,3,0,0,0,0
648839608,NODE_20500DE71C38,child,4,B4:BF:E9:32:FE:91,-80,0,2543,2543,3,0,0,0,0
648939599,NODE_20500DE71C38,child,4,B4:BF:E9:32:FE:91,-80,0,2543,2543,3,0,0,0,0
649039603,NODE_20500DE71C38,child,4,B4:BF:E9:32:FE:91,-80,0,2544,2544,3,0,0,0,0
649139600,NODE_20500DE71C38,child,4,B4:BF:E9:32:FE:91,-80,0,2544,2544,3,0,0,0,0
649239599,NODE_20500DE71C38,child,4,B4:BF:E9:32:FE:91,-80,0,2544,2544,3,0,0,0,0
649339607,NODE_20500DE71C38,child,4,B4:BF:E9:32:FE:91,-80,0,2545,2545,3,0,0,0,0
649439600,NODE_20500DE71C38,child,4,B4:BF:E9:32:FE:91,-80,0,2545,2545,3,0,0,0,0
649539607,NODE_20500DE71C38,child,4,B4:BF:E9:32:FE:91,-80,0,2546,2546,3,0,0,0,0
649639607,NODE_20500DE71C38,child,4,B4:BF:E9:32:FE:91,-80,0,2546,2546,3,0,0,0,0
649739600,NODE_20500DE71C38,child,4,B4:BF:E9:32:FE:91,-80,0,2546,2546,3,0,0,0,0
649839603,NODE_20500DE71C38,child,4,B4:BF:E9:32:FE:91,-80,0,2547,2547,3,0,0,0,0
649939599,NODE_20500DE71C38,child,4,B4:BF:E9:32:FE:91,-80,0,2547,2547,3,0,0,0,0
650039604,NODE_20500DE71C38,child,4,B4:BF:E9:32:FE:91,-80,0,2548,2548,3,0,0,0,0
650139599,NODE_20500DE71C38,child,4,B4:BF:E9:32:FE:91,-80,0,2548,2548,3,0,0,0,0
650239603,NODE_20500DE71C38,child,4,B4:BF:E9:32:FE:91,-80,0,2548,2548,3,0,0,0,0
650339608,NODE_20500DE71C38,child,4,B4:BF:E9:32:FE:91,-80,0,2549,2549,3,0,0,0,0
650439607,NODE_20500DE71C38,child,4,B4:BF:E9:32:FE:91,-80,0,2549,2549,3,0,0,0,0
650539603,NODE_20500DE71C38,child,4,B4:BF:E9:32:FE:91,-80,0,2550,2550,3,0,0,0,0
650639608,NODE_20500DE71C38,child,4,B4:BF:E9:32:FE:91,-80,0,2550,2550,3,0,0,0,0
650739599,NODE_20500DE71C38,child,4,B4:BF:E9:32:FE:91,-80,0,2550,2550,3,0,0,0,0
650839607,NODE_20500DE71C38,child,4,B4:BF:E9:32:FE:91,-80,0,2551,2551,3,0,0,0,0
650939600,NODE_20500DE71C38,child,4,B4:BF:E9:32:FE:91,-80,0,2551,2551,3,0,0,0,0
651039603,NODE_20500DE71C38,child,4,B4:BF:E9:32:FE:91,-80,0,2552,2552,3,0,0,0,0
651139599,NODE_20500DE71C38,child,4,B4:BF:E9:32:FE:91,-80,0,2552,2552,3,0,0,0,0
651239600,NODE_20500DE71C38,child,4,B4:BF:E9:32:FE:91,-80,0,2552,2552,3,0,0,0,0
651339607,NODE_20500DE71C38,child,4,B4:BF:E9:32:FE:91,-80,0,2553,2553,3,0,0,0,0
651439603,NODE_20500DE71C38,child,4,B4:BF:E9:32:FE:91,-80,0,2553,2553,3,0,0,0,0
651539608,NODE_20500DE71C38,child,4,B4:BF:E9:32:FE:91,-80,0,2553,2553,3,0,0,0,0
651639607,NODE_20500DE71C38,child,4,B4:BF:E9:32:FE:91,-80,0,2554,2554,3,0,0,0,0
651739599,NODE_20500DE71C38,child,4,B4:BF:E9:32:FE:91,-80,0,2554,2554,3,0,0,0,0
651839600,NODE_20500DE71C38,child,4,B4:BF:E9:32:FE:91,-80,0,2555,2555,3,0,0,0,0
651939599,NODE_20500DE71C38,child,4,B4:BF:E9:32:FE:91,-80,0,2555,2555,3,0,0,0,0
652040392,NODE_20500DE71C38,child,4,B4:BF:E9:32:FE:91,-80,0,2555,2555,3,0,0,0,0
652139608,NODE_20500DE71C38,child,4,B4:BF:E9:32:FE:91,-80,0,2556,2556,3,0,0,0,0
652239599,NODE_20500DE71C38,child,4,B4:BF:E9:32:FE:91,-80,0,2556,2556,3,0,0,0,0
652339603,NODE_20500DE71C38,child,4,B4:BF:E9:32:FE:91,-80,0,2557,2557,3,0,0,0,0
652439612,NODE_20500DE71C38,child,4,B4:BF:E9:32:FE:91,-80,0,2557,2557,3,0,0,0,0
652540375,NODE_20500DE71C38,child,4,B4:BF:E9:32:FE:91,-80,0,2557,2557,3,0,0,0,0
652639606,NODE_20500DE71C38,child,4,B4:BF:E9:32:FE:91,-80,0,2558,2558,3,0,0,0,0
652739604,NODE_20500DE71C38,child,4,B4:BF:E9:32:FE:91,-80,0,2558,2558,3,0,0,0,0
652839603,NODE_20500DE71C38,child,4,B4:BF:E9:32:FE:91,-80,0,2559,2559,3,0,0,0,0
652939599,NODE_20500DE71C38,child,4,B4:BF:E9:32:FE:91,-80,0,2559,2559,3,0,0,0,0
653040376,NODE_20500DE71C38,child,4,B4:BF:E9:32:FE:91,-80,0,2559,2559,3,0,0,0,0
653139607,NODE_20500DE71C38,child,4,B4:BF:E9:32:FE:91,-80,0,2560,2560,3,0,0,0,0
653239599,NODE_20500DE71C38,child,4,B4:BF:E9:32:FE:91,-80,0,2560,2560,3,0,0,0,0
653339608,NODE_20500DE71C38,child,4,B4:BF:E9:32:FE:91,-80,0,2561,2561,3,0,0,0,0
653439611,NODE_20500DE71C38,child,4,B4:BF:E9:32:FE:91,-80,0,2561,2561,3,0,0,0,0
653540379,NODE_20500DE71C38,child,4,B4:BF:E9:32:FE:91,-80,0,2561,2561,3,0,0,0,0
653639604,NODE_20500DE71C38,child,4,B4:BF:E9:32:FE:91,-80,0,2562,2562,3,0,0,0,0
653739609,NODE_20500DE71C38,child,4,B4:BF:E9:32:FE:91,-80,0,2562,2562,3,0,0,0,0
653839603,NODE_20500DE71C38,child,4,B4:BF:E9:32:FE:91,-80,0,2563,2563,3,0,0,0,0
653939600,NODE_20500DE71C38,child,4,B4:BF:E9:32:FE:91,-80,0,2563,2563,3,0,0,0,0
654040371,NODE_20500DE71C38,child,4,B4:BF:E9:32:FE:91,-80,0,2563,2563,3,0,0,0,0
654139607,NODE_20500DE71C38,child,4,B4:BF:E9:32:FE:91,-80,0,2564,2564,3,0,0,0,0
654239600,NODE_20500DE71C38,child,4,B4:BF:E9:32:FE:91,-80,0,2564,2564,3,0,0,0,0
654339603,NODE_20500DE71C38,child,4,B4:BF:E9:32:FE:91,-80,0,2565,2565,3,0,0,0,0
654439613,NODE_20500DE71C38,child,4,B4:BF:E9:32:FE:91,-81,0,2565,2565,3,0,0,0,0
654540377,NODE_20500DE71C38,child,4,B4:BF:E9:32:FE:91,-81,0,2565,2565,3,0,0,0,0
654639603,NODE_20500DE71C38,child,4,B4:BF:E9:32:FE:91,-81,0,2566,2566,3,0,0,0,0
654739603,NODE_20500DE71C38,child,4,B4:BF:E9:32:FE:91,-81,0,2566,2566,3,0,0,0,0
654839608,NODE_20500DE71C38,child,4,B4:BF:E9:32:FE:91,-81,0,2567,2567,3,0,0,0,0
654939599,NODE_20500DE71C38,child,4,B4:BF:E9:32:FE:91,-81,0,2567,2567,3,0,0,0,0
655040384,NODE_20500DE71C38,child,4,B4:BF:E9:32:FE:91,-81,0,2567,2567,3,0,0,0,0
655139607,NODE_20500DE71C38,child,4,B4:BF:E9:32:FE:91,-81,0,2568,2568,3,0,0,0,0
655239607,NODE_20500DE71C38,child,4,B4:BF:E9:32:FE:91,-81,0,2568,2568,3,0,0,0,0
655339607,NODE_20500DE71C38,child,4,B4:BF:E9:32:FE:91,-81,0,2569,2569,3,0,0,0,0
655439615,NODE_20500DE71C38,child,4,B4:BF:E9:32:FE:91,-80,0,2569,2569,3,0,0,0,0
655540373,NODE_20500DE71C38,child,4,B4:BF:E9:32:FE:91,-80,0,2569,2569,3,0,0,0,0
655639603,NODE_20500DE71C38,child,4,B4:BF:E9:32:FE:91,-80,0,2570,2570,3,0,0,0,0
655739608,NODE_20500DE71C38,child,4,B4:BF:E9:32:FE:91,-80,0,2570,2570,3,0,0,0,0
655839607,NODE_20500DE71C38,child,4,B4:BF:E9:32:FE:91,-80,0,2571,2571,3,0,0,0,0
655939599,NODE_20500DE71C38,child,4,B4:BF:E9:32:FE:91,-80,0,2571,2571,3,0,0,0,0
656040382,NODE_20500DE71C38,child,4,B4:BF:E9:32:FE:91,-80,0,2571,2571,3,0,0,0,0
656139607,NODE_20500DE71C38,child,4,B4:BF:E9:32:FE:91,-80,0,2572,2572,3,0,0,0,0
656239599,NODE_20500DE71C38,child,4,B4:BF:E9:32:FE:91,-80,0,2572,2572,3,0,0,0,0
656339608,NODE_20500DE71C38,child,4,B4:BF:E9:32:FE:91,-80,0,2573,2573,3,0,0,0,0
656439611,NODE_20500DE71C38,child,4,B4:BF:E9:32:FE:91,-80,0,2573,2573,3,0,0,0,0
656540375,NODE_20500DE71C38,child,4,B4:BF:E9:32:FE:91,-80,0,2573,2573,3,0,0,0,0
656639604,NODE_20500DE71C38,child,4,B4:BF:E9:32:FE:91,-80,0,2574,2574,3,0,0,0,0
656739599,NODE_20500DE71C38,child,4,B4:BF:E9:32:FE:91,-80,0,2574,2574,3,0,0,0,0
656839603,NODE_20500DE71C38,child,4,B4:BF:E9:32:FE:91,-80,0,2575,2575,3,0,0,0,0
656939600,NODE_20500DE71C38,child,4,B4:BF:E9:32:FE:91,-80,0,2575,2575,3,0,0,0,0
657040376,NODE_20500DE71C38,child,4,B4:BF:E9:32:FE:91,-80,0,2575,2575,3,0,0,0,0
657139603,NODE_20500DE71C38,child,4,B4:BF:E9:32:FE:91,-80,0,2576,2576,3,0,0,0,0
657239604,NODE_20500DE71C38,child,4,B4:BF:E9:32:FE:91,-80,0,2576,2576,3,0,0,0,0
657339603,NODE_20500DE71C38,child,4,B4:BF:E9:32:FE:91,-80,0,2577,2577,3,0,0,0,0
657439607,NODE_20500DE71C38,child,4,B4:BF:E9:32:FE:91,-80,0,2577,2577,3,0,0,0,0
657540382,NODE_20500DE71C38,child,4,B4:BF:E9:32:FE:91,-80,0,2577,2577,3,0,0,0,0
657639603,NODE_20500DE71C38,child,4,B4:BF:E9:32:FE:91,-80,0,2578,2578,3,0,0,0,0
657739599,NODE_20500DE71C38,child,4,B4:BF:E9:32:FE:91,-80,0,2578,2578,3,0,0,0,0
657839608,NODE_20500DE71C38,child,4,B4:BF:E9:32:FE:91,-80,0,2579,2579,3,0,0,0,0
657939599,NODE_20500DE71C38,child,4,B4:BF:E9:32:FE:91,-80,0,2579,2579,3,0,0,0,0
658040376,NODE_20500DE71C38,child,4,B4:BF:E9:32:FE:91,-80,0,2579,2579,3,0,0,0,0
658139604,NODE_20500DE71C38,child,4,B4:BF:E9:32:FE:91,-80,0,2580,2580,3,0,0,0,0
658239599,NODE_20500DE71C38,child,4,B4:BF:E9:32:FE:91,-80,0,2580,2580,3,0,0,0,0
658339603,NODE_20500DE71C38,child,4,B4:BF:E9:32:FE:91,-80,0,2581,2581,3,0,0,0,0
658439600,NODE_20500DE71C38,child,4,B4:BF:E9:32:FE:91,-80,0,2581,2581,3,0,0,0,0
658540378,NODE_20500DE71C38,child,4,B4:BF:E9:32:FE:91,-80,0,2581,2581,3,0,0,0,0
658639607,NODE_20500DE71C38,child,4,B4:BF:E9:32:FE:91,-80,0,2582,2582,3,0,0,0,0
658739600,NODE_20500DE71C38,child,4,B4:BF:E9:32:FE:91,-80,0,2582,2582,3,0,0,0,0
658839607,NODE_20500DE71C38,child,4,B4:BF:E9:32:FE:91,-80,0,2583,2583,3,0,0,0,0
658939599,NODE_20500DE71C38,child,4,B4:BF:E9:32:FE:91,-80,0,2583,2583,3,0,0,0,0
659040373,NODE_20500DE71C38,child,4,B4:BF:E9:32:FE:91,-80,0,2583,2583,3,0,0,0,0
659139607,NODE_20500DE71C38,child,4,B4:BF:E9:32:FE:91,-80,0,2584,2584,3,0,0,0,0
659239599,NODE_20500DE71C38,child,4,B4:BF:E9:32:FE:91,-80,0,2584,2584,3,0,0,0,0
659339604,NODE_20500DE71C38,child,4,B4:BF:E9:32:FE:91,-80,0,2585,2585,3,0,0,0,0
659439599,NODE_20500DE71C38,child,4,B4:BF:E9:32:FE:91,-80,0,2585,2585,3,0,0,0,0
659540374,NODE_20500DE71C38,child,4,B4:BF:E9:32:FE:91,-80,0,2585,2585,3,0,0,0,0
659639607,NODE_20500DE71C38,child,4,B4:BF:E9:32:FE:91,-80,0,2586,2586,3,0,0,0,0
659739599,NODE_20500DE71C38,child,4,B4:BF:E9:32:FE:91,-80,0,2586,2586,3,0,0,0,0
659839607,NODE_20500DE71C38,child,4,B4:BF:E9:32:FE:91,-80,0,2587,2587,3,0,0,0,0
659939600,NODE_20500DE71C38,child,4,B4:BF:E9:32:FE:91,-80,0,2587,2587,3,0,0,0,0
660040377,NODE_20500DE71C38,child,4,B4:BF:E9:32:FE:91,-80,0,2587,2587,3,0,0,0,0
660139603,NODE_20500DE71C38,child,4,B4:BF:E9:32:FE:91,-80,0,2588,2588,3,0,0,0,0
660239600,NODE_20500DE71C38,child,4,B4:BF:E9:32:FE:91,-80,0,2588,2588,3,0,0,0,0
660339607,NODE_20500DE71C38,child,4,B4:BF:E9:32:FE:91,-80,0,2589,2589,3,0,0,0,0
660439599,NODE_20500DE71C38,child,4,B4:BF:E9:32:FE:91,-80,0,2589,2589,3,0,0,0,0
660540383,NODE_20500DE71C38,child,4,B4:BF:E9:32:FE:91,-80,0,2589,2589,3,0,0,0,0
660639603,NODE_20500DE71C38,child,4,B4:BF:E9:32:FE:91,-80,0,2590,2590,3,0,0,0,0
660739599,NODE_20500DE71C38,child,4,B4:BF:E9:32:FE:91,-80,0,2590,2590,3,0,0,0,0
660839608,NODE_20500DE71C38,child,4,B4:BF:E9:32:FE:91,-80,0,2591,2591,3,0,0,0,0
660939607,NODE_20500DE71C38,child,4,B4:BF:E9:32:FE:91,-80,0,2591,2591,3,0,0,0,0
661039606,NODE_20500DE71C38,child,4,B4:BF:E9:32:FE:91,-80,0,2591,2591,3,0,0,0,0
661139604,NODE_20500DE71C38,child,4,B4:BF:E9:32:FE:91,-80,0,2592,2592,3,0,0,0,0
661239599,NODE_20500DE71C38,child,4,B4:BF:E9:32:FE:91,-80,0,2592,2592,3,0,0,0,0
661339603,NODE_20500DE71C38,child,4,B4:BF:E9:32:FE:91,-80,0,2593,2593,3,0,0,0,0
661439600,NODE_20500DE71C38,child,4,B4:BF:E9:32:FE:91,-80,0,2593,2593,3,0,0,0,0
661539599,NODE_20500DE71C38,child,4,B4:BF:E9:32:FE:91,-80,0,2593,2593,3,0,0,0,0
661639607,NODE_20500DE71C38,child,4,B4:BF:E9:32:FE:91,-80,0,2594,2594,3,0,0,0,0
661739600,NODE_20500DE71C38,child,4,B4:BF:E9:32:FE:91,-80,0,2594,2594,3,0,0,0,0
661839607,NODE_20500DE71C38,child,4,B4:BF:E9:32:FE:91,-80,0,2595,2595,3,0,0,0,0
661939607,NODE_20500DE71C38,child,4,B4:BF:E9:32:FE:91,-80,0,2595,2595,3,0,0,0,0
662039600,NODE_20500DE71C38,child,4,B4:BF:E9:32:FE:91,-80,0,2595,2595,3,0,0,0,0
662139607,NODE_20500DE71C38,child,4,B4:BF:E9:32:FE:91,-80,0,2596,2596,3,0,0,0,0
662239599,NODE_20500DE71C38,child,4,B4:BF:E9:32:FE:91,-80,0,2596,2596,3,0,0,0,0
662339608,NODE_20500DE71C38,child,4,B4:BF:E9:32:FE:91,-80,0,2597,2597,3,0,0,0,0
662439599,NODE_20500DE71C38,child,4,B4:BF:E9:32:FE:91,-80,0,2597,2597,3,0,0,0,0
662539599,NODE_20500DE71C38,child,4,B4:BF:E9:32:FE:91,-80,0,2597,2597,3,0,0,0,0
662639612,NODE_20500DE71C38,child,4,B4:BF:E9:32:FE:91,-80,0,2598,2598,3,0,0,0,0
662739599,NODE_20500DE71C38,child,4,B4:BF:E9:32:FE:91,-80,0,2598,2598,3,0,0,0,0
662839607,NODE_20500DE71C38,child,4,B4:BF:E9:32:FE:91,-80,0,2599,2599,3,0,0,0,0
662939604,NODE_20500DE71C38,child,4,B4:BF:E9:32:FE:91,-80,0,2599,2599,3,0,0,0,0
663039599,NODE_20500DE71C38,child,4,B4:BF:E9:32:FE:91,-80,0,2599,2599,3,0,0,0,0
663139603,NODE_20500DE71C38,child,4,B4:BF:E9:32:FE:91,-80,0,2600,2600,3,0,0,0,0
663239600,NODE_20500DE71C38,child,4,B4:BF:E9:32:FE:91,-80,0,2600,2600,3,0,0,0,0
663339603,NODE_20500DE71C38,child,4,B4:BF:E9:32:FE:91,-80,0,2601,2601,3,0,0,0,0
663439599,NODE_20500DE71C38,child,4,B4:BF:E9:32:FE:91,-80,0,2601,2601,3,0,0,0,0
663539604,NODE_20500DE71C38,child,4,B4:BF:E9:32:FE:91,-80,0,2601,2601,3,0,0,0,0
663639611,NODE_20500DE71C38,child,4,B4:BF:E9:32:FE:91,-80,0,2602,2602,3,0,0,0,0
663739599,NODE_20500DE71C38,child,4,B4:BF:E9:32:FE:91,-80,0,2602,2602,3,0,0,0,0
663839608,NODE_20500DE71C38,child,4,B4:BF:E9:32:FE:91,-80,0,2603,2603,3,0,0,0,0
663939603,NODE_20500DE71C38,child,4,B4:BF:E9:32:FE:91,-80,0,2603,2603,3,0,0,0,0
664039599,NODE_20500DE71C38,child,4,B4:BF:E9:32:FE:91,-80,0,2603,2603,3,0,0,0,0
664139604,NODE_20500DE71C38,child,4,B4:BF:E9:32:FE:91,-80,0,2604,2604,3,0,0,0,0
664239606,NODE_20500DE71C38,child,4,B4:BF:E9:32:FE:91,-80,0,2604,2604,3,0,0,0,0
664339603,NODE_20500DE71C38,child,4,B4:BF:E9:32:FE:91,-80,0,2605,2605,3,0,0,0,0
664439608,NODE_20500DE71C38,child,4,B4:BF:E9:32:FE:91,-80,0,2605,2605,3,0,0,0,0
664539599,NODE_20500DE71C38,child,4,B4:BF:E9:32:FE:91,-80,0,2605,2605,3,0,0,0,0
664639603,NODE_20500DE71C38,child,4,B4:BF:E9:32:FE:91,-80,0,2606,2606,3,0,0,0,0
664739608,NODE_20500DE71C38,child,4,B4:BF:E9:32:FE:91,-80,0,2606,2606,3,0,0,0,0
664839607,NODE_20500DE71C38,child,4,B4:BF:E9:32:FE:91,-80,0,2607,2607,3,0,0,0,0
664939603,NODE_20500DE71C38,child,4,B4:BF:E9:32:FE:91,-80,0,2607,2607,3,0,0,0,0
665039600,NODE_20500DE71C38,child,4,B4:BF:E9:32:FE:91,-80,0,2607,2607,3,0,0,0,0
665139603,NODE_20500DE71C38,child,4,B4:BF:E9:32:FE:91,-80,0,2608,2608,3,0,0,0,0
665239599,NODE_20500DE71C38,child,4,B4:BF:E9:32:FE:91,-80,0,2608,2608,3,0,0,0,0
665339604,NODE_20500DE71C38,child,4,B4:BF:E9:32:FE:91,-80,0,2609,2609,3,0,0,0,0
665439599,NODE_20500DE71C38,child,4,B4:BF:E9:32:FE:91,-80,0,2609,2609,3,0,0,0,0
665539603,NODE_20500DE71C38,child,4,B4:BF:E9:32:FE:91,-80,0,2609,2609,3,0,0,0,0
665639604,NODE_20500DE71C38,child,4,B4:BF:E9:32:FE:91,-80,0,2610,2610,3,0,0,0,0
665739607,NODE_20500DE71C38,child,4,B4:BF:E9:32:FE:91,-80,0,2610,2610,3,0,0,0,0
665839603,NODE_20500DE71C38,child,4,B4:BF:E9:32:FE:91,-80,0,2611,2611,3,0,0,0,0
665939600,NODE_20500DE71C38,child,4,B4:BF:E9:32:FE:91,-80,0,2611,2611,3,0,0,0,0
666039603,NODE_20500DE71C38,child,4,B4:BF:E9:32:FE:91,-80,0,2611,2611,3,0,0,0,0
666139603,NODE_20500DE71C38,child,4,B4:BF:E9:32:FE:91,-80,0,2612,2612,3,0,0,0,0
666239604,NODE_20500DE71C38,child,4,B4:BF:E9:32:FE:91,-80,0,2612,2612,3,0,0,0,0
666339607,NODE_20500DE71C38,child,4,B4:BF:E9:32:FE:91,-80,0,2613,2613,3,0,0,0,0
666439599,NODE_20500DE71C38,child,4,B4:BF:E9:32:FE:91,-80,0,2613,2613,3,0,0,0,0
666539600,NODE_20500DE71C38,child,4,B4:BF:E9:32:FE:91,-80,0,2613,2613,3,0,0,0,0
666639603,NODE_20500DE71C38,child,4,B4:BF:E9:32:FE:91,-80,0,2614,2614,3,0,0,0,0
666739611,NODE_20500DE71C38,child,4,B4:BF:E9:32:FE:91,-80,0,2614,2614,3,0,0,0,0
666839608,NODE_20500DE71C38,child,4,B4:BF:E9:32:FE:91,-80,0,2615,2615,3,0,0,0,0
666939599,NODE_20500DE71C38,child,4,B4:BF:E9:32:FE:91,-80,0,2615,2615,3,0,0,0,0
667039603,NODE_20500DE71C38,child,4,B4:BF:E9:32:FE:91,-80,0,2615,2615,3,0,0,0,0
667139604,NODE_20500DE71C38,child,4,B4:BF:E9:32:FE:91,-80,0,2616,2616,3,0,0,0,0
667239599,NODE_20500DE71C38,child,4,B4:BF:E9:32:FE:91,-80,0,2616,2616,3,0,0,0,0
667339607,NODE_20500DE71C38,child,4,B4:BF:E9:32:FE:91,-80,0,2617,2617,3,0,0,0,0
667439600,NODE_20500DE71C38,child,4,B4:BF:E9:32:FE:91,-80,0,2617,2617,3,0,0,0,0
667539599,NODE_20500DE71C38,child,4,B4:BF:E9:32:FE:91,-80,0,2617,2617,3,0,0,0,0
667639603,NODE_20500DE71C38,child,4,B4:BF:E9:32:FE:91,-80,0,2618,2618,3,0,0,0,0
667739612,NODE_20500DE71C38,child,4,B4:BF:E9:32:FE:91,-80,0,2618,2618,3,0,0,0,0
667839603,NODE_20500DE71C38,child,4,B4:BF:E9:32:FE:91,-80,0,2619,2619,3,0,0,0,0
667939599,NODE_20500DE71C38,child,4,B4:BF:E9:32:FE:91,-80,0,2619,2619,3,0,0,0,0
668039607,NODE_20500DE71C38,child,4,B4:BF:E9:32:FE:91,-80,0,2619,2619,3,0,0,0,0
668139603,NODE_20500DE71C38,child,4,B4:BF:E9:32:FE:91,-80,0,2620,2620,3,0,0,0,0
668239599,NODE_20500DE71C38,child,4,B4:BF:E9:32:FE:91,-80,0,2620,2620,3,0,0,0,0
668339604,NODE_20500DE71C38,child,4,B4:BF:E9:32:FE:91,-80,0,2621,2621,3,0,0,0,0
668439599,NODE_20500DE71C38,child,4,B4:BF:E9:32:FE:91,-80,0,2621,2621,3,0,0,0,0
668539599,NODE_20500DE71C38,child,4,B4:BF:E9:32:FE:91,-80,0,2621,2621,3,0,0,0,0
668639608,NODE_20500DE71C38,child,4,B4:BF:E9:32:FE:91,-80,0,2622,2622,3,0,0,0,0
668739607,NODE_20500DE71C38,child,4,B4:BF:E9:32:FE:91,-80,0,2622,2622,3,0,0,0,0
668839607,NODE_20500DE71C38,child,4,B4:BF:E9:32:FE:91,-80,0,2623,2623,3,0,0,0,0
668939600,NODE_20500DE71C38,child,4,B4:BF:E9:32:FE:91,-80,0,2623,2623,3,0,0,0,0
669039603,NODE_20500DE71C38,child,4,B4:BF:E9:32:FE:91,-80,0,2623,2623,3,0,0,0,0
669139603,NODE_20500DE71C38,child,4,B4:BF:E9:32:FE:91,-80,0,2624,2624,3,0,0,0,0
669239600,NODE_20500DE71C38,child,4,B4:BF:E9:32:FE:91,-80,0,2624,2624,3,0,0,0,0
669339607,NODE_20500DE71C38,child,4,B4:BF:E9:32:FE:91,-80,0,2625,2625,3,0,0,0,0
669439599,NODE_20500DE71C38,child,4,B4:BF:E9:32:FE:91,-80,0,2625,2625,3,0,0,0,0
669539600,NODE_20500DE71C38,child,4,B4:BF:E9:32:FE:91,-80,0,2625,2625,3,0,0,0,0
669639603,NODE_20500DE71C38,child,4,B4:BF:E9:32:FE:91,-80,0,2626,2626,3,0,0,0,0
669739599,NODE_20500DE71C38,child,4,B4:BF:E9:32:FE:91,-80,0,2626,2626,3,0,0,0,0
669839608,NODE_20500DE71C38,child,4,B4:BF:E9:32:FE:91,-80,0,2627,2627,3,0,0,0,0
669939599,NODE_20500DE71C38,child,4,B4:BF:E9:32:FE:91,-80,0,2627,2627,3,0,0,0,0
670039606,NODE_20500DE71C38,child,4,B4:BF:E9:32:FE:91,-80,0,2627,2627,3,0,0,0,0
670139608,NODE_20500DE71C38,child,4,B4:BF:E9:32:FE:91,-80,0,2628,2628,3,0,0,0,0
670239599,NODE_20500DE71C38,child,4,B4:BF:E9:32:FE:91,-80,0,2628,2628,3,0,0,0,0
670339603,NODE_20500DE71C38,child,4,B4:BF:E9:32:FE:91,-80,0,2629,2629,3,0,0,0,0
670439600,NODE_20500DE71C38,child,4,B4:BF:E9:32:FE:91,-80,0,2629,2629,3,0,0,0,0
670539599,NODE_20500DE71C38,child,4,B4:BF:E9:32:FE:91,-80,0,2629,2629,3,0,0,0,0
670639607,NODE_20500DE71C38,child,4,B4:BF:E9:32:FE:91,-80,0,2630,2630,3,0,0,0,0
670739600,NODE_20500DE71C38,child,4,B4:BF:E9:32:FE:91,-80,0,2630,2630,3,0,0,0,0
670839607,NODE_20500DE71C38,child,4,B4:BF:E9:32:FE:91,-80,0,2631,2631,3,0,0,0,0
670939599,NODE_20500DE71C38,child,4,B4:BF:E9:32:FE:91,-80,0,2631,2631,3,0,0,0,0
671039600,NODE_20500DE71C38,child,4,B4:BF:E9:32:FE:91,-80,0,2631,2631,3,0,0,0,0
671139607,NODE_20500DE71C38,child,4,B4:BF:E9:32:FE:91,-80,0,2632,2632,3,0,0,0,0
671239603,NODE_20500DE71C38,child,4,B4:BF:E9:32:FE:91,-80,0,2632,2632,3,0,0,0,0
671339608,NODE_20500DE71C38,child,4,B4:BF:E9:32:FE:91,-80,0,2633,2633,3,0,0,0,0
671439607,NODE_20500DE71C38,child,4,B4:BF:E9:32:FE:91,-80,0,2633,2633,3,0,0,0,0
671539599,NODE_20500DE71C38,child,4,B4:BF:E9:32:FE:91,-80,0,2633,2633,3,0,0,0,0
671639604,NODE_20500DE71C38,child,4,B4:BF:E9:32:FE:91,-80,0,2634,2634,3,0,0,0,0
671739599,NODE_20500DE71C38,child,4,B4:BF:E9:32:FE:91,-80,0,2634,2634,3,0,0,0,0
671839607,NODE_20500DE71C38,child,4,B4:BF:E9:32:FE:91,-80,0,2635,2635,3,0,0,0,0
671939600,NODE_20500DE71C38,child,4,B4:BF:E9:32:FE:91,-80,0,2635,2635,3,0,0,0,0
672039599,NODE_20500DE71C38,child,4,B4:BF:E9:32:FE:91,-80,0,2635,2635,3,0,0,0,0
672139611,NODE_20500DE71C38,child,4,B4:BF:E9:32:FE:91,-80,0,2636,2636,3,0,0,0,0
672239600,NODE_20500DE71C38,child,4,B4:BF:E9:32:FE:91,-80,0,2636,2636,3,0,0,0,0
672339603,NODE_20500DE71C38,child,4,B4:BF:E9:32:FE:91,-80,0,2637,2637,3,0,0,0,0
672439599,NODE_20500DE71C38,child,4,B4:BF:E9:32:FE:91,-80,0,2637,2637,3,0,0,0,0
672539604,NODE_20500DE71C38,child,4,B4:BF:E9:32:FE:91,-80,0,2637,2637,3,0,0,0,0
672639603,NODE_20500DE71C38,child,4,B4:BF:E9:32:FE:91,-80,0,2638,2638,3,0,0,0,0
672739599,NODE_20500DE71C38,child,4,B4:BF:E9:32:FE:91,-80,0,2638,2638,3,0,0,0,0
672839615,NODE_20500DE71C38,child,4,B4:BF:E9:32:FE:91,-80,0,2639,2639,3,0,0,0,0
672939603,NODE_20500DE71C38,child,4,B4:BF:E9:32:FE:91,-80,0,2639,2639,3,0,0,0,0
673039599,NODE_20500DE71C38,child,4,B4:BF:E9:32:FE:91,-80,0,2639,2639,3,0,0,0,0
673139608,NODE_20500DE71C38,child,4,B4:BF:E9:32:FE:91,-80,0,2640,2640,3,0,0,0,0
673239603,NODE_20500DE71C38,child,4,B4:BF:E9:32:FE:91,-80,0,2640,2640,3,0,0,0,0
673339603,NODE_20500DE71C38,child,4,B4:BF:E9:32:FE:91,-80,0,2641,2641,3,0,0,0,0
673439600,NODE_20500DE71C38,child,4,B4:BF:E9:32:FE:91,-80,0,2641,2641,3,0,0,0,0
673539599,NODE_20500DE71C38,child,4,B4:BF:E9:32:FE:91,-80,0,2641,2641,3,0,0,0,0
673639603,NODE_20500DE71C38,child,4,B4:BF:E9:32:FE:91,-80,0,2642,2642,3,0,0,0,0
673739600,NODE_20500DE71C38,child,4,B4:BF:E9:32:FE:91,-80,0,2642,2642,3,0,0,0,0
673839607,NODE_20500DE71C38,child,4,B4:BF:E9:32:FE:91,-80,0,2643,2643,3,0,0,0,0
673939613,NODE_20500DE71C38,child,4,B4:BF:E9:32:FE:91,-80,0,2643,2643,3,0,0,0,0
674039600,NODE_20500DE71C38,child,4,B4:BF:E9:32:FE:91,-80,0,2643,2643,3,0,0,0,0
674139603,NODE_20500DE71C38,child,4,B4:BF:E9:32:FE:91,-80,0,2644,2644,3,0,0,0,0
674239603,NODE_20500DE71C38,child,4,B4:BF:E9:32:FE:91,-80,0,2644,2644,3,0,0,0,0
674339604,NODE_20500DE71C38,child,4,B4:BF:E9:32:FE:91,-80,0,2645,2645,3,0,0,0,0
674439599,NODE_20500DE71C38,child,4,B4:BF:E9:32:FE:91,-80,0,2645,2645,3,0,0,0,0
674539603,NODE_20500DE71C38,child,4,B4:BF:E9:32:FE:91,-80,0,2645,2645,3,0,0,0,0
674639604,NODE_20500DE71C38,child,4,B4:BF:E9:32:FE:91,-80,0,2646,2646,3,0,0,0,0
674739599,NODE_20500DE71C38,child,4,B4:BF:E9:32:FE:91,-80,0,2646,2646,3,0,0,0,0
674839603,NODE_20500DE71C38,child,4,B4:BF:E9:32:FE:91,-80,0,2647,2647,3,0,0,0,0
674939615,NODE_20500DE71C38,child,4,B4:BF:E9:32:FE:91,-82,0,2647,2647,3,0,0,0,0
675039603,NODE_20500DE71C38,child,4,B4:BF:E9:32:FE:91,-82,0,2647,2647,3,0,0,0,0
675139607,NODE_20500DE71C38,child,4,B4:BF:E9:32:FE:91,-82,0,2648,2648,3,0,0,0,0
675239604,NODE_20500DE71C38,child,4,B4:BF:E9:32:FE:91,-82,0,2648,2648,3,0,0,0,0
675339603,NODE_20500DE71C38,child,4,B4:BF:E9:32:FE:91,-82,0,2649,2649,3,0,0,0,0
675439599,NODE_20500DE71C38,child,4,B4:BF:E9:32:FE:91,-82,0,2649,2649,3,0,0,0,0
675539600,NODE_20500DE71C38,child,4,B4:BF:E9:32:FE:91,-82,0,2649,2649,3,0,0,0,0
675639607,NODE_20500DE71C38,child,4,B4:BF:E9:32:FE:91,-82,0,2650,2650,3,0,0,0,0
675739599,NODE_20500DE71C38,child,4,B4:BF:E9:32:FE:91,-82,0,2650,2650,3,0,0,0,0
675839604,NODE_20500DE71C38,child,4,B4:BF:E9:32:FE:91,-82,0,2651,2651,3,0,0,0,0
675939613,NODE_20500DE71C38,child,4,B4:BF:E9:32:FE:91,-80,0,2651,2651,3,0,0,0,0
676039599,NODE_20500DE71C38,child,4,B4:BF:E9:32:FE:91,-80,0,2651,2651,3,0,0,0,0
676139604,NODE_20500DE71C38,child,4,B4:BF:E9:32:FE:91,-80,0,2652,2652,3,0,0,0,0
676239603,NODE_20500DE71C38,child,4,B4:BF:E9:32:FE:91,-80,0,2652,2652,3,0,0,0,0
676339607,NODE_20500DE71C38,child,4,B4:BF:E9:32:FE:91,-80,0,2653,2653,3,0,0,0,0
676439600,NODE_20500DE71C38,child,4,B4:BF:E9:32:FE:91,-80,0,2653,2653,3,0,0,0,0
676539599,NODE_20500DE71C38,child,4,B4:BF:E9:32:FE:91,-80,0,2653,2653,3,0,0,0,0
676639603,NODE_20500DE71C38,child,4,B4:BF:E9:32:FE:91,-80,0,2654,2654,3,0,0,0,0
676739600,NODE_20500DE71C38,child,4,B4:BF:E9:32:FE:91,-80,0,2654,2654,3,0,0,0,0
676839603,NODE_20500DE71C38,child,4,B4:BF:E9:32:FE:91,-80,0,2655,2655,3,0,0,0,0
676939613,NODE_20500DE71C38,child,4,B4:BF:E9:32:FE:91,-80,0,2655,2655,3,0,0,0,0
677039604,NODE_20500DE71C38,child,4,B4:BF:E9:32:FE:91,-80,0,2655,2655,3,0,0,0,0
677139607,NODE_20500DE71C38,child,4,B4:BF:E9:32:FE:91,-80,0,2656,2656,3,0,0,0,0
677239607,NODE_20500DE71C38,child,4,B4:BF:E9:32:FE:91,-80,0,2656,2656,3,0,0,0,0
677339604,NODE_20500DE71C38,child,4,B4:BF:E9:32:FE:91,-80,0,2657,2657,3,0,0,0,0
677439599,NODE_20500DE71C38,child,4,B4:BF:E9:32:FE:91,-80,0,2657,2657,3,0,0,0,0
677539599,NODE_20500DE71C38,child,4,B4:BF:E9:32:FE:91,-80,0,2657,2657,3,0,0,0,0
677639608,NODE_20500DE71C38,child,4,B4:BF:E9:32:FE:91,-80,0,2658,2658,3,0,0,0,0
677739599,NODE_20500DE71C38,child,4,B4:BF:E9:32:FE:91,-80,0,2658,2658,3,0,0,0,0
677839607,NODE_20500DE71C38,child,4,B4:BF:E9:32:FE:91,-80,0,2659,2659,3,0,0,0,0
677939600,NODE_20500DE71C38,child,4,B4:BF:E9:32:FE:91,-80,0,2659,2659,3,0,0,0,0
678039613,NODE_20500DE71C38,child,4,B4:BF:E9:32:FE:91,-79,0,2659,2659,3,0,0,0,0
678139603,NODE_20500DE71C38,child,4,B4:BF:E9:32:FE:91,-79,0,2660,2660,3,0,0,0,0
678239600,NODE_20500DE71C38,child,4,B4:BF:E9:32:FE:91,-79,0,2660,2660,3,0,0,0,0
678339607,NODE_20500DE71C38,child,4,B4:BF:E9:32:FE:91,-79,0,2661,2661,3,0,0,0,0
678439650,NODE_20500DE71C38,child,4,B4:BF:E9:32:FE:91,-79,0,2661,2661,3,0,0,0,0
678539600,NODE_20500DE71C38,child,4,B4:BF:E9:32:FE:91,-79,0,2661,2661,3,0,0,0,0
678639603,NODE_20500DE71C38,child,4,B4:BF:E9:32:FE:91,-79,0,2662,2662,3,0,0,0,0
678739599,NODE_20500DE71C38,child,4,B4:BF:E9:32:FE:91,-79,0,2662,2662,3,0,0,0,0
678839608,NODE_20500DE71C38,child,4,B4:BF:E9:32:FE:91,-79,0,2663,2663,3,0,0,0,0
678939599,NODE_20500DE71C38,child,4,B4:BF:E9:32:FE:91,-79,0,2663,2663,3,0,0,0,0
679039613,NODE_20500DE71C38,child,4,B4:BF:E9:32:FE:91,-80,0,2663,2663,3,0,0,0,0
679139608,NODE_20500DE71C38,child,4,B4:BF:E9:32:FE:91,-80,0,2664,2664,3,0,0,0,0
679239599,NODE_20500DE71C38,child,4,B4:BF:E9:32:FE:91,-80,0,2664,2664,3,0,0,0,0
679339607,NODE_20500DE71C38,child,4,B4:BF:E9:32:FE:91,-80,0,2665,2665,3,0,0,0,0
679439600,NODE_20500DE71C38,child,4,B4:BF:E9:32:FE:91,-80,0,2665,2665,3,0,0,0,0
679539603,NODE_20500DE71C38,child,4,B4:BF:E9:32:FE:91,-80,0,2665,2665,3,0,0,0,0
679639603,NODE_20500DE71C38,child,4,B4:BF:E9:32:FE:91,-80,0,2666,2666,3,0,0,0,0
679739600,NODE_20500DE71C38,child,4,B4:BF:E9:32:FE:91,-80,0,2666,2666,3,0,0,0,0
679839603,NODE_20500DE71C38,child,4,B4:BF:E9:32:FE:91,-80,0,2667,2667,3,0,0,0,0
679939599,NODE_20500DE71C38,child,4,B4:BF:E9:32:FE:91,-80,0,2667,2667,3,0,0,0,0
680039615,NODE_20500DE71C38,child,4,B4:BF:E9:32:FE:91,-80,0,2667,2667,3,0,0,0,0
680139603,NODE_20500DE71C38,child,4,B4:BF:E9:32:FE:91,-80,0,2668,2668,3,0,0,0,0
680239603,NODE_20500DE71C38,child,4,B4:BF:E9:32:FE:91,-80,0,2668,2668,3,0,0,0,0
680339608,NODE_20500DE71C38,child,4,B4:BF:E9:32:FE:91,-80,0,2669,2669,3,0,0,0,0
680439599,NODE_20500DE71C38,child,4,B4:BF:E9:32:FE:91,-80,0,2669,2669,3,0,0,0,0
680539599,NODE_20500DE71C38,child,4,B4:BF:E9:32:FE:91,-80,0,2669,2669,3,0,0,0,0
680639604,NODE_20500DE71C38,child,4,B4:BF:E9:32:FE:91,-80,0,2670,2670,3,0,0,0,0
680739599,NODE_20500DE71C38,child,4,B4:BF:E9:32:FE:91,-80,0,2670,2670,3,0,0,0,0
680839607,NODE_20500DE71C38,child,4,B4:BF:E9:32:FE:91,-80,0,2671,2671,3,0,0,0,0
680939600,NODE_20500DE71C38,child,4,B4:BF:E9:32:FE:91,-80,0,2671,2671,3,0,0,0,0
681039613,NODE_20500DE71C38,child,4,B4:BF:E9:32:FE:91,-81,0,2671,2671,3,0,0,0,0
681139607,NODE_20500DE71C38,child,4,B4:BF:E9:32:FE:91,-81,0,2672,2672,3,0,0,0,0
681239600,NODE_20500DE71C38,child,4,B4:BF:E9:32:FE:91,-81,0,2672,2672,3,0,0,0,0
681339611,NODE_20500DE71C38,child,4,B4:BF:E9:32:FE:91,-81,0,2673,2673,3,0,0,0,0
681439599,NODE_20500DE71C38,child,4,B4:BF:E9:32:FE:91,-81,0,2673,2673,3,0,0,0,0
681539604,NODE_20500DE71C38,child,4,B4:BF:E9:32:FE:91,-81,0,2673,2673,3,0,0,0,0
681639606,NODE_20500DE71C38,child,4,B4:BF:E9:32:FE:91,-81,0,2674,2674,3,0,0,0,0
681739599,NODE_20500DE71C38,child,4,B4:BF:E9:32:FE:91,-81,0,2674,2674,3,0,0,0,0
681839604,NODE_20500DE71C38,child,4,B4:BF:E9:32:FE:91,-81,0,2675,2675,3,0,0,0,0
681939599,NODE_20500DE71C38,child,4,B4:BF:E9:32:FE:91,-81,0,2675,2675,3,0,0,0,0
682039611,NODE_20500DE71C38,child,4,B4:BF:E9:32:FE:91,-80,0,2675,2675,3,0,0,0,0
682139608,NODE_20500DE71C38,child,4,B4:BF:E9:32:FE:91,-80,0,2676,2676,3,0,0,0,0
682239609,NODE_20500DE71C38,child,4,B4:BF:E9:32:FE:91,-80,0,2676,2676,3,0,0,0,0
682339607,NODE_20500DE71C38,child,4,B4:BF:E9:32:FE:91,-80,0,2677,2677,3,0,0,0,0
682439608,NODE_20500DE71C38,child,4,B4:BF:E9:32:FE:91,-80,0,2677,2677,3,0,0,0,0
682539599,NODE_20500DE71C38,child,4,B4:BF:E9:32:FE:91,-80,0,2677,2677,3,0,0,0,0
682639603,NODE_20500DE71C38,child,4,B4:BF:E9:32:FE:91,-80,0,2678,2678,3,0,0,0,0
682739600,NODE_20500DE71C38,child,4,B4:BF:E9:32:FE:91,-80,0,2678,2678,3,0,0,0,0
682839607,NODE_20500DE71C38,child,4,B4:BF:E9:32:FE:91,-80,0,2679,2679,3,0,0,0,0
682939599,NODE_20500DE71C38,child,4,B4:BF:E9:32:FE:91,-80,0,2679,2679,3,0,0,0,0
683039600,NODE_20500DE71C38,child,4,B4:BF:E9:32:FE:91,-80,0,2679,2679,3,0,0,0,0
683139607,NODE_20500DE71C38,child,4,B4:BF:E9:32:FE:91,-80,0,2680,2680,3,0,0,0,0
683239599,NODE_20500DE71C38,child,4,B4:BF:E9:32:FE:91,-80,0,2680,2680,3,0,0,0,0
683339608,NODE_20500DE71C38,child,4,B4:BF:E9:32:FE:91,-80,0,2681,2681,3,0,0,0,0
683439607,NODE_20500DE71C38,child,4,B4:BF:E9:32:FE:91,-80,0,2681,2681,3,0,0,0,0
683539599,NODE_20500DE71C38,child,4,B4:BF:E9:32:FE:91,-80,0,2681,2681,3,0,0,0,0
683639604,NODE_20500DE71C38,child,4,B4:BF:E9:32:FE:91,-80,0,2682,2682,3,0,0,0,0
683739599,NODE_20500DE71C38,child,4,B4:BF:E9:32:FE:91,-80,0,2682,2682,3,0,0,0,0
683839603,NODE_20500DE71C38,child,4,B4:BF:E9:32:FE:91,-80,0,2683,2683,3,0,0,0,0
683939600,NODE_20500DE71C38,child,4,B4:BF:E9:32:FE:91,-80,0,2683,2683,3,0,0,0,0
684039603,NODE_20500DE71C38,child,4,B4:BF:E9:32:FE:91,-80,0,2683,2683,3,0,0,0,0
684139611,NODE_20500DE71C38,child,4,B4:BF:E9:32:FE:91,-80,0,2684,2684,3,0,0,0,0
684239600,NODE_20500DE71C38,child,4,B4:BF:E9:32:FE:91,-80,0,2684,2684,3,0,0,0,0
684339607,NODE_20500DE71C38,child,4,B4:BF:E9:32:FE:91,-80,0,2685,2685,3,0,0,0,0
684439603,NODE_20500DE71C38,child,4,B4:BF:E9:32:FE:91,-80,0,2685,2685,3,0,0,0,0
684539600,NODE_20500DE71C38,child,4,B4:BF:E9:32:FE:91,-80,0,2685,2685,3,0,0,0,0
684639607,NODE_20500DE71C38,child,4,B4:BF:E9:32:FE:91,-80,0,2686,2686,3,0,0,0,0
684739599,NODE_20500DE71C38,child,4,B4:BF:E9:32:FE:91,-80,0,2686,2686,3,0,0,0,0
684839604,NODE_20500DE71C38,child,4,B4:BF:E9:32:FE:91,-80,0,2687,2687,3,0,0,0,0
684939599,NODE_20500DE71C38,child,4,B4:BF:E9:32:FE:91,-80,0,2687,2687,3,0,0,0,0
685039599,NODE_20500DE71C38,child,4,B4:BF:E9:32:FE:91,-80,0,2687,2687,3,0,0,0,0
685139612,NODE_20500DE71C38,child,4,B4:BF:E9:32:FE:91,-80,0,2688,2688,3,0,0,0,0
685239599,NODE_20500DE71C38,child,4,B4:BF:E9:32:FE:91,-80,0,2688,2688,3,0,0,0,0
685339607,NODE_20500DE71C38,child,4,B4:BF:E9:32:FE:91,-80,0,2689,2689,3,0,0,0,0
685439605,NODE_20500DE71C38,child,4,B4:BF:E9:32:FE:91,-80,0,2689,2689,3,0,0,0,0
685539603,NODE_20500DE71C38,child,4,B4:BF:E9:32:FE:91,-80,0,2689,2689,3,0,0,0,0
685639603,NODE_20500DE71C38,child,4,B4:BF:E9:32:FE:91,-80,0,2690,2690,3,0,0,0,0
685739600,NODE_20500DE71C38,child,4,B4:BF:E9:32:FE:91,-80,0,2690,2690,3,0,0,0,0
685839603,NODE_20500DE71C38,child,4,B4:BF:E9:32:FE:91,-80,0,2691,2691,3,0,0,0,0
685939599,NODE_20500DE71C38,child,4,B4:BF:E9:32:FE:91,-80,0,2691,2691,3,0,0,0,0
686039604,NODE_20500DE71C38,child,4,B4:BF:E9:32:FE:91,-80,0,2691,2691,3,0,0,0,0
686139611,NODE_20500DE71C38,child,4,B4:BF:E9:32:FE:91,-80,0,2692,2692,3,0,0,0,0
686239607,NODE_20500DE71C38,child,4,B4:BF:E9:32:FE:91,-80,0,2692,2692,3,0,0,0,0
686339608,NODE_20500DE71C38,child,4,B4:BF:E9:32:FE:91,-80,0,2693,2693,3,0,0,0,0
686439599,NODE_20500DE71C38,child,4,B4:BF:E9:32:FE:91,-80,0,2693,2693,3,0,0,0,0
686539607,NODE_20500DE71C38,child,4,B4:BF:E9:32:FE:91,-80,0,2693,2693,3,0,0,0,0
686639608,NODE_20500DE71C38,child,4,B4:BF:E9:32:FE:91,-80,0,2694,2694,3,0,0,0,0
686739599,NODE_20500DE71C38,child,4,B4:BF:E9:32:FE:91,-80,0,2694,2694,3,0,0,0,0
686839603,NODE_20500DE71C38,child,4,B4:BF:E9:32:FE:91,-80,0,2695,2695,3,0,0,0,0
686939600,NODE_20500DE71C38,child,4,B4:BF:E9:32:FE:91,-80,0,2695,2695,3,0,0,0,0
687039599,NODE_20500DE71C38,child,4,B4:BF:E9:32:FE:91,-80,0,2695,2695,3,0,0,0,0
687139603,NODE_20500DE71C38,child,4,B4:BF:E9:32:FE:91,-80,0,2696,2696,3,0,0,0,0
687239612,NODE_20500DE71C38,child,4,B4:BF:E9:32:FE:91,-80,0,2696,2696,3,0,0,0,0
687339607,NODE_20500DE71C38,child,4,B4:BF:E9:32:FE:91,-80,0,2697,2697,3,0,0,0,0
687439599,NODE_20500DE71C38,child,4,B4:BF:E9:32:FE:91,-80,0,2697,2697,3,0,0,0,0
687539604,NODE_20500DE71C38,child,4,B4:BF:E9:32:FE:91,-80,0,2697,2697,3,0,0,0,0
687639603,NODE_20500DE71C38,child,4,B4:BF:E9:32:FE:91,-80,0,2698,2698,3,0,0,0,0
687739599,NODE_20500DE71C38,child,4,B4:BF:E9:32:FE:91,-80,0,2698,2698,3,0,0,0,0
687839608,NODE_20500DE71C38,child,4,B4:BF:E9:32:FE:91,-80,0,2699,2699,3,0,0,0,0
687939599,NODE_20500DE71C38,child,4,B4:BF:E9:32:FE:91,-80,0,2699,2699,3,0,0,0,0
688039599,NODE_20500DE71C38,child,4,B4:BF:E9:32:FE:91,-80,0,2699,2699,3,0,0,0,0
688139604,NODE_20500DE71C38,child,4,B4:BF:E9:32:FE:91,-80,0,2700,2700,3,0,0,0,0
688239611,NODE_20500DE71C38,child,4,B4:BF:E9:32:FE:91,-80,0,2700,2700,3,0,0,0,0
688339607,NODE_20500DE71C38,child,4,B4:BF:E9:32:FE:91,-80,0,2701,2701,3,0,0,0,0
688439600,NODE_20500DE71C38,child,4,B4:BF:E9:32:FE:91,-80,0,2701,2701,3,0,0,0,0
688539606,NODE_20500DE71C38,child,4,B4:BF:E9:32:FE:91,-80,0,2701,2701,3,0,0,0,0
688639603,NODE_20500DE71C38,child,4,B4:BF:E9:32:FE:91,-80,0,2702,2702,3,0,0,0,0
688739600,NODE_20500DE71C38,child,4,B4:BF:E9:32:FE:91,-80,0,2702,2702,3,0,0,0,0
688839603,NODE_20500DE71C38,child,4,B4:BF:E9:32:FE:91,-80,0,2703,2703,3,0,0,0,0
688939599,NODE_20500DE71C38,child,4,B4:BF:E9:32:FE:91,-80,0,2703,2703,3,0,0,0,0
689039600,NODE_20500DE71C38,child,4,B4:BF:E9:32:FE:91,-80,0,2703,2703,3,0,0,0,0
689139603,NODE_20500DE71C38,child,4,B4:BF:E9:32:FE:91,-80,0,2704,2704,3,0,0,0,0
689239611,NODE_20500DE71C38,child,4,B4:BF:E9:32:FE:91,-80,0,2704,2704,3,0,0,0,0
689339608,NODE_20500DE71C38,child,4,B4:BF:E9:32:FE:91,-80,0,2705,2705,3,0,0,0,0
689439599,NODE_20500DE71C38,child,4,B4:BF:E9:32:FE:91,-80,0,2705,2705,3,0,0,0,0
689539603,NODE_20500DE71C38,child,4,B4:BF:E9:32:FE:91,-80,0,2705,2705,3,0,0,0,0
689639604,NODE_20500DE71C38,child,4,B4:BF:E9:32:FE:91,-80,0,2706,2706,3,0,0,0,0
689739599,NODE_20500DE71C38,child,4,B4:BF:E9:32:FE:91,-80,0,2706,2706,3,0,0,0,0
689839607,NODE_20500DE71C38,child,4,B4:BF:E9:32:FE:91,-80,0,2707,2707,3,0,0,0,0
689939600,NODE_20500DE71C38,child,4,B4:BF:E9:32:FE:91,-80,0,2707,2707,3,0,0,0,0
690039599,NODE_20500DE71C38,child,4,B4:BF:E9:32:FE:91,-80,0,2707,2707,3,0,0,0,0
690139603,NODE_20500DE71C38,child,4,B4:BF:E9:32:FE:91,-80,0,2708,2708,3,0,0,0,0
690239612,NODE_20500DE71C38,child,4,B4:BF:E9:32:FE:91,-80,0,2708,2708,3,0,0,0,0
690339607,NODE_20500DE71C38,child,4,B4:BF:E9:32:FE:91,-80,0,2709,2709,3,0,0,0,0
690439599,NODE_20500DE71C38,child,4,B4:BF:E9:32:FE:91,-80,0,2709,2709,3,0,0,0,0
690539611,NODE_20500DE71C38,child,4,B4:BF:E9:32:FE:91,-80,0,2709,2709,3,0,0,0,0
690639607,NODE_20500DE71C38,child,4,B4:BF:E9:32:FE:91,-80,0,2710,2710,3,0,0,0,0
690739599,NODE_20500DE71C38,child,4,B4:BF:E9:32:FE:91,-80,0,2710,2710,3,0,0,0,0
690839604,NODE_20500DE71C38,child,4,B4:BF:E9:32:FE:91,-80,0,2711,2711,3,0,0,0,0
690939599,NODE_20500DE71C38,child,4,B4:BF:E9:32:FE:91,-80,0,2711,2711,3,0,0,0,0
691039603,NODE_20500DE71C38,child,4,B4:BF:E9:32:FE:91,-80,0,2711,2711,3,0,0,0,0
691139604,NODE_20500DE71C38,child,4,B4:BF:E9:32:FE:91,-80,0,2712,2712,3,0,0,0,0
691239599,NODE_20500DE71C38,child,4,B4:BF:E9:32:FE:91,-80,0,2712,2712,3,0,0,0,0
691339607,NODE_20500DE71C38,child,4,B4:BF:E9:32:FE:91,-80,0,2713,2713,3,0,0,0,0
691439600,NODE_20500DE71C38,child,4,B4:BF:E9:32:FE:91,-80,0,2713,2713,3,0,0,0,0
691539599,NODE_20500DE71C38,child,4,B4:BF:E9:32:FE:91,-80,0,2713,2713,3,0,0,0,0
691639607,NODE_20500DE71C38,child,4,B4:BF:E9:32:FE:91,-80,0,2714,2714,3,0,0,0,0
691739600,NODE_20500DE71C38,child,4,B4:BF:E9:32:FE:91,-80,0,2714,2714,3,0,0,0,0
691839607,NODE_20500DE71C38,child,4,B4:BF:E9:32:FE:91,-80,0,2715,2715,3,0,0,0,0
691939599,NODE_20500DE71C38,child,4,B4:BF:E9:32:FE:91,-80,0,2715,2715,3,0,0,0,0
692039600,NODE_20500DE71C38,child,4,B4:BF:E9:32:FE:91,-80,0,2715,2715,3,0,0,0,0
692139603,NODE_20500DE71C38,child,4,B4:BF:E9:32:FE:91,-80,0,2716,2716,3,0,0,0,0
692239599,NODE_20500DE71C38,child,4,B4:BF:E9:32:FE:91,-80,0,2716,2716,3,0,0,0,0
692339608,NODE_20500DE71C38,child,4,B4:BF:E9:32:FE:91,-80,0,2717,2717,3,0,0,0,0
692439600,NODE_20500DE71C38,child,4,B4:BF:E9:32:FE:91,-80,0,2717,2717,3,0,0,0,0
692539603,NODE_20500DE71C38,child,4,B4:BF:E9:32:FE:91,-80,0,2717,2717,3,0,0,0,0
692639608,NODE_20500DE71C38,child,4,B4:BF:E9:32:FE:91,-80,0,2718,2718,3,0,0,0,0
692739599,NODE_20500DE71C38,child,4,B4:BF:E9:32:FE:91,-80,0,2718,2718,3,0,0,0,0
692839603,NODE_20500DE71C38,child,4,B4:BF:E9:32:FE:91,-80,0,2719,2719,3,0,0,0,0
692939600,NODE_20500DE71C38,child,4,B4:BF:E9:32:FE:91,-80,0,2719,2719,3,0,0,0,0
693039603,NODE_20500DE71C38,child,4,B4:BF:E9:32:FE:91,-80,0,2719,2719,3,0,0,0,0
693139603,NODE_20500DE71C38,child,4,B4:BF:E9:32:FE:91,-80,0,2720,2720,3,0,0,0,0
693239600,NODE_20500DE71C38,child,4,B4:BF:E9:32:FE:91,-80,0,2720,2720,3,0,0,0,0
693339607,NODE_20500DE71C38,child,4,B4:BF:E9:32:FE:91,-80,0,2721,2721,3,0,0,0,0
693439599,NODE_20500DE71C38,child,4,B4:BF:E9:32:FE:91,-80,0,2721,2721,3,0,0,0,0
693539600,NODE_20500DE71C38,child,4,B4:BF:E9:32:FE:91,-80,0,2721,2721,3,0,0,0,0
693639611,NODE_20500DE71C38,child,4,B4:BF:E9:32:FE:91,-80,0,2722,2722,3,0,0,0,0
693739599,NODE_20500DE71C38,child,4,B4:BF:E9:32:FE:91,-80,0,2722,2722,3,0,0,0,0
693839608,NODE_20500DE71C38,child,4,B4:BF:E9:32:FE:91,-80,0,2723,2723,3,0,0,0,0
693939599,NODE_20500DE71C38,child,4,B4:BF:E9:32:FE:91,-80,0,2723,2723,3,0,0,0,0
694039599,NODE_20500DE71C38,child,4,B4:BF:E9:32:FE:91,-80,0,2723,2723,3,0,0,0,0
694139604,NODE_20500DE71C38,child,4,B4:BF:E9:32:FE:91,-80,0,2724,2724,3,0,0,0,0
694239599,NODE_20500DE71C38,child,4,B4:BF:E9:32:FE:91,-80,0,2724,2724,3,0,0,0,0
694339613,NODE_20500DE71C38,child,4,B4:BF:E9:32:FE:91,-80,0,2725,2725,3,0,0,0,0
694439604,NODE_20500DE71C38,child,4,B4:BF:E9:32:FE:91,-80,0,2725,2725,3,0,0,0,0
694539599,NODE_20500DE71C38,child,4,B4:BF:E9:32:FE:91,-80,0,2725,2725,3,0,0,0,0
694639611,NODE_20500DE71C38,child,4,B4:BF:E9:32:FE:91,-80,0,2726,2726,3,0,0,0,0
694739600,NODE_20500DE71C38,child,4,B4:BF:E9:32:FE:91,-80,0,2726,2726,3,0,0,0,0
694839607,NODE_20500DE71C38,child,4,B4:BF:E9:32:FE:91,-80,0,2727,2727,3,0,0,0,0
694939599,NODE_20500DE71C38,child,4,B4:BF:E9:32:FE:91,-80,0,2727,2727,3,0,0,0,0
695039600,NODE_20500DE71C38,child,4,B4:BF:E9:32:FE:91,-80,0,2727,2727,3,0,0,0,0
695139603,NODE_20500DE71C38,child,4,B4:BF:E9:32:FE:91,-80,0,2728,2728,3,0,0,0,0
695239599,NODE_20500DE71C38,child,4,B4:BF:E9:32:FE:91,-80,0,2728,2728,3,0,0,0,0
695339604,NODE_20500DE71C38,child,4,B4:BF:E9:32:FE:91,-80,0,2729,2729,3,0,0,0,0
695439603,NODE_20500DE71C38,child,4,B4:BF:E9:32:FE:91,-80,0,2729,2729,3,0,0,0,0
695539603,NODE_20500DE71C38,child,4,B4:BF:E9:32:FE:91,-80,0,2729,2729,3,0,0,0,0
695639608,NODE_20500DE71C38,child,4,B4:BF:E9:32:FE:91,-80,0,2730,2730,3,0,0,0,0
695739607,NODE_20500DE71C38,child,4,B4:BF:E9:32:FE:91,-80,0,2730,2730,3,0,0,0,0
695839603,NODE_20500DE71C38,child,4,B4:BF:E9:32:FE:91,-80,0,2731,2731,3,0,0,0,0
695939600,NODE_20500DE71C38,child,4,B4:BF:E9:32:FE:91,-80,0,2731,2731,3,0,0,0,0
696039599,NODE_20500DE71C38,child,4,B4:BF:E9:32:FE:91,-80,0,2731,2731,3,0,0,0,0
696139603,NODE_20500DE71C38,child,4,B4:BF:E9:32:FE:91,-80,0,2732,2732,3,0,0,0,0
696239604,NODE_20500DE71C38,child,4,B4:BF:E9:32:FE:91,-80,0,2732,2732,3,0,0,0,0
696339603,NODE_20500DE71C38,child,4,B4:BF:E9:32:FE:91,-80,0,2733,2733,3,0,0,0,0
696439613,NODE_20500DE71C38,child,4,B4:BF:E9:32:FE:91,-79,0,2733,2733,3,0,0,0,0
696539600,NODE_20500DE71C38,child,4,B4:BF:E9:32:FE:91,-79,0,2733,2733,3,0,0,0,0
696639607,NODE_20500DE71C38,child,4,B4:BF:E9:32:FE:91,-79,0,2734,2734,3,0,0,0,0
696739603,NODE_20500DE71C38,child,4,B4:BF:E9:32:FE:91,-79,0,2734,2734,3,0,0,0,0
696839608,NODE_20500DE71C38,child,4,B4:BF:E9:32:FE:91,-79,0,2735,2735,3,0,0,0,0
696939599,NODE_20500DE71C38,child,4,B4:BF:E9:32:FE:91,-79,0,2735,2735,3,0,0,0,0
697039599,NODE_20500DE71C38,child,4,B4:BF:E9:32:FE:91,-79,0,2735,2735,3,0,0,0,0
697139604,NODE_20500DE71C38,child,4,B4:BF:E9:32:FE:91,-79,0,2736,2736,3,0,0,0,0
697239599,NODE_20500DE71C38,child,4,B4:BF:E9:32:FE:91,-79,0,2736,2736,3,0,0,0,0
697339603,NODE_20500DE71C38,child,4,B4:BF:E9:32:FE:91,-79,0,2737,2737,3,0,0,0,0
697439608,NODE_20500DE71C38,child,4,B4:BF:E9:32:FE:91,-79,0,2737,2737,3,0,0,0,0
697539603,NODE_20500DE71C38,child,4,B4:BF:E9:32:FE:91,-79,0,2737,2737,3,0,0,0,0
697639607,NODE_20500DE71C38,child,4,B4:BF:E9:32:FE:91,-79,0,2738,2738,3,0,0,0,0
697739604,NODE_20500DE71C38,child,4,B4:BF:E9:32:FE:91,-79,0,2738,2738,3,0,0,0,0
697839603,NODE_20500DE71C38,child,4,B4:BF:E9:32:FE:91,-79,0,2739,2739,3,0,0,0,0
697939599,NODE_20500DE71C38,child,4,B4:BF:E9:32:FE:91,-79,0,2739,2739,3,0,0,0,0
698039600,NODE_20500DE71C38,child,4,B4:BF:E9:32:FE:91,-79,0,2739,2739,3,0,0,0,0
698139603,NODE_20500DE71C38,child,4,B4:BF:E9:32:FE:91,-79,0,2740,2740,3,0,0,0,0
698239603,NODE_20500DE71C38,child,4,B4:BF:E9:32:FE:91,-79,0,2740,2740,3,0,0,0,0
698339604,NODE_20500DE71C38,child,4,B4:BF:E9:32:FE:91,-79,0,2741,2741,3,0,0,0,0
698439607,NODE_20500DE71C38,child,4,B4:BF:E9:32:FE:91,-79,0,2741,2741,3,0,0,0,0
698539603,NODE_20500DE71C38,child,4,B4:BF:E9:32:FE:91,-79,0,2741,2741,3,0,0,0,0
698639608,NODE_20500DE71C38,child,4,B4:BF:E9:32:FE:91,-79,0,2742,2742,3,0,0,0,0
698739603,NODE_20500DE71C38,child,4,B4:BF:E9:32:FE:91,-79,0,2742,2742,3,0,0,0,0
698839607,NODE_20500DE71C38,child,4,B4:BF:E9:32:FE:91,-79,0,2743,2743,3,0,0,0,0
698939600,NODE_20500DE71C38,child,4,B4:BF:E9:32:FE:91,-79,0,2743,2743,3,0,0,0,0
699039599,NODE_20500DE71C38,child,4,B4:BF:E9:32:FE:91,-79,0,2743,2743,3,0,0,0,0
699139603,NODE_20500DE71C38,child,4,B4:BF:E9:32:FE:91,-79,0,2744,2744,3,0,0,0,0
699239600,NODE_20500DE71C38,child,4,B4:BF:E9:32:FE:91,-79,0,2744,2744,3,0,0,0,0
699339607,NODE_20500DE71C38,child,4,B4:BF:E9:32:FE:91,-79,0,2745,2745,3,0,0,0,0
699439600,NODE_20500DE71C38,child,4,B4:BF:E9:32:FE:91,-79,0,2745,2745,3,0,0,0,0
699539615,NODE_20500DE71C38,child,4,B4:BF:E9:32:FE:91,-79,0,2745,2745,3,0,0,0,0
699639607,NODE_20500DE71C38,child,4,B4:BF:E9:32:FE:91,-79,0,2746,2746,3,0,0,0,0
699739599,NODE_20500DE71C38,child,4,B4:BF:E9:32:FE:91,-79,0,2746,2746,3,0,0,0,0
699839608,NODE_20500DE71C38,child,4,B4:BF:E9:32:FE:91,-79,0,2747,2747,3,0,0,0,0
699939599,NODE_20500DE71C38,child,4,B4:BF:E9:32:FE:91,-79,0,2747,2747,3,0,0,0,0
700039603,NODE_20500DE71C38,child,4,B4:BF:E9:32:FE:91,-79,0,2747,2747,3,0,0,0,0
700139604,NODE_20500DE71C38,child,4,B4:BF:E9:32:FE:91,-79,0,2748,2748,3,0,0,0,0
700239599,NODE_20500DE71C38,child,4,B4:BF:E9:32:FE:91,-79,0,2748,2748,3,0,0,0,0
700339603,NODE_20500DE71C38,child,4,B4:BF:E9:32:FE:91,-79,0,2749,2749,3,0,0,0,0
700439600,NODE_20500DE71C38,child,4,B4:BF:E9:32:FE:91,-79,0,2749,2749,3,0,0,0,0
700539607,NODE_20500DE71C38,child,4,B4:BF:E9:32:FE:91,-79,0,2749,2749,3,0,0,0,0
700639607,NODE_20500DE71C38,child,4,B4:BF:E9:32:FE:91,-79,0,2750,2750,3,0,0,0,0
700739600,NODE_20500DE71C38,child,4,B4:BF:E9:32:FE:91,-79,0,2750,2750,3,0,0,0,0
700839607,NODE_20500DE71C38,child,4,B4:BF:E9:32:FE:91,-79,0,2751,2751,3,0,0,0,0
700939599,NODE_20500DE71C38,child,4,B4:BF:E9:32:FE:91,-79,0,2751,2751,3,0,0,0,0
701039600,NODE_20500DE71C38,child,4,B4:BF:E9:32:FE:91,-79,0,2751,2751,3,0,0,0,0
701139603,NODE_20500DE71C38,child,4,B4:BF:E9:32:FE:91,-79,0,2752,2752,3,0,0,0,0
701239599,NODE_20500DE71C38,child,4,B4:BF:E9:32:FE:91,-79,0,2752,2752,3,0,0,0,0
701339608,NODE_20500DE71C38,child,4,B4:BF:E9:32:FE:91,-79,0,2753,2753,3,0,0,0,0
701439599,NODE_20500DE71C38,child,4,B4:BF:E9:32:FE:91,-79,0,2753,2753,3,0,0,0,0
701539611,NODE_20500DE71C38,child,4,B4:BF:E9:32:FE:91,-79,0,2753,2753,3,0,0,0,0
701639608,NODE_20500DE71C38,child,4,B4:BF:E9:32:FE:91,-79,0,2754,2754,3,0,0,0,0
701739602,NODE_20500DE71C38,child,4,B4:BF:E9:32:FE:91,-79,0,2754,2754,3,0,0,0,0
701839607,NODE_20500DE71C38,child,4,B4:BF:E9:32:FE:91,-79,0,2755,2755,3,0,0,0,0
701939600,NODE_20500DE71C38,child,4,B4:BF:E9:32:FE:91,-79,0,2755,2755,3,0,0,0,0
702039607,NODE_20500DE71C38,child,4,B4:BF:E9:32:FE:91,-79,0,2755,2755,3,0,0,0,0
702139603,NODE_20500DE71C38,child,4,B4:BF:E9:32:FE:91,-79,0,2756,2756,3,0,0,0,0
702239600,NODE_20500DE71C38,child,4,B4:BF:E9:32:FE:91,-79,0,2756,2756,3,0,0,0,0
702339603,NODE_20500DE71C38,child,4,B4:BF:E9:32:FE:91,-79,0,2757,2757,3,0,0,0,0
702439599,NODE_20500DE71C38,child,4,B4:BF:E9:32:FE:91,-79,0,2757,2757,3,0,0,0,0
702539608,NODE_20500DE71C38,child,4,B4:BF:E9:32:FE:91,-79,0,2757,2757,3,0,0,0,0
702639607,NODE_20500DE71C38,child,4,B4:BF:E9:32:FE:91,-79,0,2758,2758,3,0,0,0,0
702739599,NODE_20500DE71C38,child,4,B4:BF:E9:32:FE:91,-79,0,2758,2758,3,0,0,0,0
702839608,NODE_20500DE71C38,child,4,B4:BF:E9:32:FE:91,-79,0,2759,2759,3,0,0,0,0
702939602,NODE_20500DE71C38,child,4,B4:BF:E9:32:FE:91,-79,0,2759,2759,3,0,0,0,0
703039599,NODE_20500DE71C38,child,4,B4:BF:E9:32:FE:91,-79,0,2759,2759,3,0,0,0,0
703139604,NODE_20500DE71C38,child,4,B4:BF:E9:32:FE:91,-79,0,2760,2760,3,0,0,0,0
703239607,NODE_20500DE71C38,child,4,B4:BF:E9:32:FE:91,-79,0,2760,2760,3,0,0,0,0
703339603,NODE_20500DE71C38,child,4,B4:BF:E9:32:FE:91,-79,0,2761,2761,3,0,0,0,0
703439600,NODE_20500DE71C38,child,4,B4:BF:E9:32:FE:91,-79,0,2761,2761,3,0,0,0,0
703539599,NODE_20500DE71C38,child,4,B4:BF:E9:32:FE:91,-79,0,2761,2761,3,0,0,0,0
703639607,NODE_20500DE71C38,child,4,B4:BF:E9:32:FE:91,-79,0,2762,2762,3,0,0,0,0
703739600,NODE_20500DE71C38,child,4,B4:BF:E9:32:FE:91,-79,0,2762,2762,3,0,0,0,0
703839607,NODE_20500DE71C38,child,4,B4:BF:E9:32:FE:91,-79,0,2762,2762,3,0,0,0,0
703939603,NODE_20500DE71C38,child,4,B4:BF:E9:32:FE:91,-79,0,2763,2763,3,0,0,0,0
704039600,NODE_20500DE71C38,child,4,B4:BF:E9:32:FE:91,-79,0,2763,2763,3,0,0,0,0
704139603,NODE_20500DE71C38,child,4,B4:BF:E9:32:FE:91,-79,0,2764,2764,3,0,0,0,0
704239599,NODE_20500DE71C38,child,4,B4:BF:E9:32:FE:91,-79,0,2764,2764,3,0,0,0,0
704340378,NODE_20500DE71C38,child,4,B4:BF:E9:32:FE:91,-79,0,2764,2764,3,0,0,0,0
704439603,NODE_20500DE71C38,child,4,B4:BF:E9:32:FE:91,-79,0,2765,2765,3,0,0,0,0
704539603,NODE_20500DE71C38,child,4,B4:BF:E9:32:FE:91,-79,0,2765,2765,3,0,0,0,0
704639608,NODE_20500DE71C38,child,4,B4:BF:E9:32:FE:91,-78,0,2766,2766,3,0,0,0,0
704739599,NODE_20500DE71C38,child,4,B4:BF:E9:32:FE:91,-78,0,2766,2766,3,0,0,0,0
704840378,NODE_20500DE71C38,child,4,B4:BF:E9:32:FE:91,-78,0,2766,2766,3,0,0,0,0
704939608,NODE_20500DE71C38,child,4,B4:BF:E9:32:FE:91,-78,0,2767,2767,3,0,0,0,0
705039599,NODE_20500DE71C38,child,4,B4:BF:E9:32:FE:91,-78,0,2767,2767,3,0,0,0,0
705139603,NODE_20500DE71C38,child,4,B4:BF:E9:32:FE:91,-78,0,2768,2768,3,0,0,0,0
705239604,NODE_20500DE71C38,child,4,B4:BF:E9:32:FE:91,-78,0,2768,2768,3,0,0,0,0
705340377,NODE_20500DE71C38,child,4,B4:BF:E9:32:FE:91,-78,0,2768,2768,3,0,0,0,0
705439603,NODE_20500DE71C38,child,4,B4:BF:E9:32:FE:91,-78,0,2769,2769,3,0,0,0,0
705539600,NODE_20500DE71C38,child,4,B4:BF:E9:32:FE:91,-78,0,2769,2769,3,0,0,0,0
705639607,NODE_20500DE71C38,child,4,B4:BF:E9:32:FE:91,-78,0,2770,2770,3,0,0,0,0
705739599,NODE_20500DE71C38,child,4,B4:BF:E9:32:FE:91,-78,0,2770,2770,3,0,0,0,0
705840376,NODE_20500DE71C38,child,4,B4:BF:E9:32:FE:91,-78,0,2770,2770,3,0,0,0,0
705939611,NODE_20500DE71C38,child,4,B4:BF:E9:32:FE:91,-78,0,2771,2771,3,0,0,0,0
706039599,NODE_20500DE71C38,child,4,B4:BF:E9:32:FE:91,-78,0,2771,2771,3,0,0,0,0
706139604,NODE_20500DE71C38,child,4,B4:BF:E9:32:FE:91,-78,0,2772,2772,3,0,0,0,0
706239599,NODE_20500DE71C38,child,4,B4:BF:E9:32:FE:91,-78,0,2772,2772,3,0,0,0,0
706340375,NODE_20500DE71C38,child,4,B4:BF:E9:32:FE:91,-78,0,2772,2772,3,0,0,0,0
706439604,NODE_20500DE71C38,child,4,B4:BF:E9:32:FE:91,-78,0,2773,2773,3,0,0,0,0
706539607,NODE_20500DE71C38,child,4,B4:BF:E9:32:FE:91,-78,0,2773,2773,3,0,0,0,0
706639675,NODE_20500DE71C38,child,4,B4:BF:E9:32:FE:91,-80,0,2774,2774,3,0,0,0,0
706739604,NODE_20500DE71C38,child,4,B4:BF:E9:32:FE:91,-80,0,2774,2774,3,0,0,0,0
706840375,NODE_20500DE71C38,child,4,B4:BF:E9:32:FE:91,-80,0,2774,2774,3,0,0,0,0
706939611,NODE_20500DE71C38,child,4,B4:BF:E9:32:FE:91,-80,0,2775,2775,3,0,0,0,0
707039604,NODE_20500DE71C38,child,4,B4:BF:E9:32:FE:91,-80,0,2775,2775,3,0,0,0,0
707139603,NODE_20500DE71C38,child,4,B4:BF:E9:32:FE:91,-80,0,2776,2776,3,0,0,0,0
707239599,NODE_20500DE71C38,child,4,B4:BF:E9:32:FE:91,-80,0,2776,2776,3,0,0,0,0
707340378,NODE_20500DE71C38,child,4,B4:BF:E9:32:FE:91,-80,0,2776,2776,3,0,0,0,0
707439603,NODE_20500DE71C38,child,4,B4:BF:E9:32:FE:91,-80,0,2777,2777,3,0,0,0,0
707539599,NODE_20500DE71C38,child,4,B4:BF:E9:32:FE:91,-80,0,2777,2777,3,0,0,0,0
707639615,NODE_20500DE71C38,child,4,B4:BF:E9:32:FE:91,-80,0,2778,2778,3,0,0,0,0
707739607,NODE_20500DE71C38,child,4,B4:BF:E9:32:FE:91,-80,0,2778,2778,3,0,0,0,0
707840374,NODE_20500DE71C38,child,4,B4:BF:E9:32:FE:91,-80,0,2778,2778,3,0,0,0,0
707939600,NODE_20500DE71C38,child,4,B4:BF:E9:32:FE:91,-80,0,2779,2779,3,0,0,0,0
708039607,NODE_20500DE71C38,child,4,B4:BF:E9:32:FE:91,-80,0,2779,2779,3,0,0,0,0
708139603,NODE_20500DE71C38,child,4,B4:BF:E9:32:FE:91,-80,0,2780,2780,3,0,0,0,0
708239600,NODE_20500DE71C38,child,4,B4:BF:E9:32:FE:91,-80,0,2780,2780,3,0,0,0,0
708340388,NODE_20500DE71C38,child,4,B4:BF:E9:32:FE:91,-80,0,2780,2780,3,0,0,0,0
708439603,NODE_20500DE71C38,child,4,B4:BF:E9:32:FE:91,-80,0,2781,2781,3,0,0,0,0
708539600,NODE_20500DE71C38,child,4,B4:BF:E9:32:FE:91,-80,0,2781,2781,3,0,0,0,0
708639603,NODE_20500DE71C38,child,4,B4:BF:E9:32:FE:91,-80,0,2782,2782,3,0,0,0,0
708739613,NODE_20500DE71C38,child,4,B4:BF:E9:32:FE:91,-80,0,2782,2782,3,0,0,0,0
708840377,NODE_20500DE71C38,child,4,B4:BF:E9:32:FE:91,-80,0,2782,2782,3,0,0,0,0
708939607,NODE_20500DE71C38,child,4,B4:BF:E9:32:FE:91,-80,0,2783,2783,3,0,0,0,0
709039613,NODE_20500DE71C38,child,4,B4:BF:E9:32:FE:91,-80,0,2783,2783,3,0,0,0,0
709139604,NODE_20500DE71C38,child,4,B4:BF:E9:32:FE:91,-80,0,2784,2784,3,0,0,0,0
709239599,NODE_20500DE71C38,child,4,B4:BF:E9:32:FE:91,-80,0,2784,2784,3,0,0,0,0
709340376,NODE_20500DE71C38,child,4,B4:BF:E9:32:FE:91,-80,0,2784,2784,3,0,0,0,0
709439604,NODE_20500DE71C38,child,4,B4:BF:E9:32:FE:91,-80,0,2785,2785,3,0,0,0,0
709539599,NODE_20500DE71C38,child,4,B4:BF:E9:32:FE:91,-80,0,2785,2785,3,0,0,0,0
709639607,NODE_20500DE71C38,child,4,B4:BF:E9:32:FE:91,-80,0,2786,2786,3,0,0,0,0
709739615,NODE_20500DE71C38,child,4,B4:BF:E9:32:FE:91,-79,0,2786,2786,3,0,0,0,0
709840373,NODE_20500DE71C38,child,4,B4:BF:E9:32:FE:91,-79,0,2786,2786,3,0,0,0,0
709939603,NODE_20500DE71C38,child,4,B4:BF:E9:32:FE:91,-79,0,2787,2787,3,0,0,0,0
710039604,NODE_20500DE71C38,child,4,B4:BF:E9:32:FE:91,-79,0,2787,2787,3,0,0,0,0
710139603,NODE_20500DE71C38,child,4,B4:BF:E9:32:FE:91,-79,0,2788,2788,3,0,0,0,0
710239599,NODE_20500DE71C38,child,4,B4:BF:E9:32:FE:91,-79,0,2788,2788,3,0,0,0,0
710340393,NODE_20500DE71C38,child,4,B4:BF:E9:32:FE:91,-79,0,2788,2788,3,0,0,0,0
710439603,NODE_20500DE71C38,child,4,B4:BF:E9:32:FE:91,-79,0,2789,2789,3,0,0,0,0
710539599,NODE_20500DE71C38,child,4,B4:BF:E9:32:FE:91,-79,0,2789,2789,3,0,0,0,0
710639604,NODE_20500DE71C38,child,4,B4:BF:E9:32:FE:91,-79,0,2790,2790,3,0,0,0,0
710739613,NODE_20500DE71C38,child,4,B4:BF:E9:32:FE:91,-79,0,2790,2790,3,0,0,0,0
710840373,NODE_20500DE71C38,child,4,B4:BF:E9:32:FE:91,-79,0,2790,2790,3,0,0,0,0
710939608,NODE_20500DE71C38,child,4,B4:BF:E9:32:FE:91,-79,0,2791,2791,3,0,0,0,0
711039603,NODE_20500DE71C38,child,4,B4:BF:E9:32:FE:91,-79,0,2791,2791,3,0,0,0,0
711139603,NODE_20500DE71C38,child,4,B4:BF:E9:32:FE:91,-79,0,2792,2792,3,0,0,0,0
711239600,NODE_20500DE71C38,child,4,B4:BF:E9:32:FE:91,-79,0,2792,2792,3,0,0,0,0
711340378,NODE_20500DE71C38,child,4,B4:BF:E9:32:FE:91,-79,0,2792,2792,3,0,0,0,0
711439603,NODE_20500DE71C38,child,4,B4:BF:E9:32:FE:91,-79,0,2793,2793,3,0,0,0,0
711539604,NODE_20500DE71C38,child,4,B4:BF:E9:32:FE:91,-79,0,2793,2793,3,0,0,0,0
711639603,NODE_20500DE71C38,child,4,B4:BF:E9:32:FE:91,-79,0,2794,2794,3,0,0,0,0
711739602,NODE_20500DE71C38,child,4,B4:BF:E9:32:FE:91,-79,0,2794,2794,3,0,0,0,0
711840377,NODE_20500DE71C38,child,4,B4:BF:E9:32:FE:91,-79,0,2794,2794,3,0,0,0,0
711939607,NODE_20500DE71C38,child,4,B4:BF:E9:32:FE:91,-79,0,2795,2795,3,0,0,0,0
712039599,NODE_20500DE71C38,child,4,B4:BF:E9:32:FE:91,-79,0,2795,2795,3,0,0,0,0
712139608,NODE_20500DE71C38,child,4,B4:BF:E9:32:FE:91,-79,0,2796,2796,3,0,0,0,0
712239607,NODE_20500DE71C38,child,4,B4:BF:E9:32:FE:91,-79,0,2796,2796,3,0,0,0,0
712340375,NODE_20500DE71C38,child,4,B4:BF:E9:32:FE:91,-79,0,2796,2796,3,0,0,0,0
712439604,NODE_20500DE71C38,child,4,B4:BF:E9:32:FE:91,-79,0,2797,2797,3,0,0,0,0
712539599,NODE_20500DE71C38,child,4,B4:BF:E9:32:FE:91,-79,0,2797,2797,3,0,0,0,0
712639603,NODE_20500DE71C38,child,4,B4:BF:E9:32:FE:91,-79,0,2798,2798,3,0,0,0,0
712739600,NODE_20500DE71C38,child,4,B4:BF:E9:32:FE:91,-79,0,2798,2798,3,0,0,0,0
712840374,NODE_20500DE71C38,child,4,B4:BF:E9:32:FE:91,-80,0,2798,2798,3,0,0,0,0
712939607,NODE_20500DE71C38,child,4,B4:BF:E9:32:FE:91,-80,0,2799,2799,3,0,0,0,0
713039600,NODE_20500DE71C38,child,4,B4:BF:E9:32:FE:91,-80,0,2799,2799,3,0,0,0,0
713139607,NODE_20500DE71C38,child,4,B4:BF:E9:32:FE:91,-80,0,2800,2800,3,0,0,0,0
713239599,NODE_20500DE71C38,child,4,B4:BF:E9:32:FE:91,-80,0,2800,2800,3,0,0,0,0
713340378,NODE_20500DE71C38,child,4,B4:BF:E9:32:FE:91,-80,0,2800,2800,3,0,0,0,0
713439603,NODE_20500DE71C38,child,4,B4:BF:E9:32:FE:91,-80,0,2801,2801,3,0,0,0,0
713539607,NODE_20500DE71C38,child,4,B4:BF:E9:32:FE:91,-80,0,2801,2801,3,0,0,0,0
713639604,NODE_20500DE71C38,child,4,B4:BF:E9:32:FE:91,-80,0,2802,2802,3,0,0,0,0
713739599,NODE_20500DE71C38,child,4,B4:BF:E9:32:FE:91,-80,0,2802,2802,3,0,0,0,0
713840375,NODE_20500DE71C38,child,4,B4:BF:E9:32:FE:91,-79,0,2802,2802,3,0,0,0,0
713939608,NODE_20500DE71C38,child,4,B4:BF:E9:32:FE:91,-79,0,2803,2803,3,0,0,0,0
714039599,NODE_20500DE71C38,child,4,B4:BF:E9:32:FE:91,-79,0,2803,2803,3,0,0,0,0
714139603,NODE_20500DE71C38,child,4,B4:BF:E9:32:FE:91,-79,0,2804,2804,3,0,0,0,0
714239604,NODE_20500DE71C38,child,4,B4:BF:E9:32:FE:91,-79,0,2804,2804,3,0,0,0,0
714340377,NODE_20500DE71C38,child,4,B4:BF:E9:32:FE:91,-79,0,2804,2804,3,0,0,0,0
714439603,NODE_20500DE71C38,child,4,B4:BF:E9:32:FE:91,-79,0,2805,2805,3,0,0,0,0
714539600,NODE_20500DE71C38,child,4,B4:BF:E9:32:FE:91,-79,0,2805,2805,3,0,0,0,0
714639603,NODE_20500DE71C38,child,4,B4:BF:E9:32:FE:91,-79,0,2806,2806,3,0,0,0,0
714739599,NODE_20500DE71C38,child,4,B4:BF:E9:32:FE:91,-79,0,2806,2806,3,0,0,0,0
714840377,NODE_20500DE71C38,child,4,B4:BF:E9:32:FE:91,-79,0,2806,2806,3,0,0,0,0
714939607,NODE_20500DE71C38,child,4,B4:BF:E9:32:FE:91,-79,0,2807,2807,3,0,0,0,0
715039599,NODE_20500DE71C38,child,4,B4:BF:E9:32:FE:91,-79,0,2807,2807,3,0,0,0,0
715139604,NODE_20500DE71C38,child,4,B4:BF:E9:32:FE:91,-79,0,2808,2808,3,0,0,0,0
715239599,NODE_20500DE71C38,child,4,B4:BF:E9:32:FE:91,-79,0,2808,2808,3,0,0,0,0
715340376,NODE_20500DE71C38,child,4,B4:BF:E9:32:FE:91,-79,0,2808,2808,3,0,0,0,0
715439608,NODE_20500DE71C38,child,4,B4:BF:E9:32:FE:91,-79,0,2809,2809,3,0,0,0,0
715539599,NODE_20500DE71C38,child,4,B4:BF:E9:32:FE:91,-79,0,2809,2809,3,0,0,0,0
715639603,NODE_20500DE71C38,child,4,B4:BF:E9:32:FE:91,-79,0,2810,2810,3,0,0,0,0
715739600,NODE_20500DE71C38,child,4,B4:BF:E9:32:FE:91,-79,0,2810,2810,3,0,0,0,0
715840378,NODE_20500DE71C38,child,4,B4:BF:E9:32:FE:91,-78,0,2810,2810,3,0,0,0,0
715939607,NODE_20500DE71C38,child,4,B4:BF:E9:32:FE:91,-78,0,2811,2811,3,0,0,0,0
716039604,NODE_20500DE71C38,child,4,B4:BF:E9:32:FE:91,-78,0,2811,2811,3,0,0,0,0
716139611,NODE_20500DE71C38,child,4,B4:BF:E9:32:FE:91,-78,0,2812,2812,3,0,0,0,0
716239599,NODE_20500DE71C38,child,4,B4:BF:E9:32:FE:91,-78,0,2812,2812,3,0,0,0,0
716339604,NODE_20500DE71C38,child,4,B4:BF:E9:32:FE:91,-78,0,2812,2812,3,0,0,0,0
716439603,NODE_20500DE71C38,child,4,B4:BF:E9:32:FE:91,-78,0,2813,2813,3,0,0,0,0
716539599,NODE_20500DE71C38,child,4,B4:BF:E9:32:FE:91,-78,0,2813,2813,3,0,0,0,0
716639608,NODE_20500DE71C38,child,4,B4:BF:E9:32:FE:91,-78,0,2814,2814,3,0,0,0,0
716739599,NODE_20500DE71C38,child,4,B4:BF:E9:32:FE:91,-78,0,2814,2814,3,0,0,0,0
716839599,NODE_20500DE71C38,child,4,B4:BF:E9:32:FE:91,-78,0,2814,2814,3,0,0,0,0
716939615,NODE_20500DE71C38,child,4,B4:BF:E9:32:FE:91,-79,0,2815,2815,3,0,0,0,0
717039599,NODE_20500DE71C38,child,4,B4:BF:E9:32:FE:91,-79,0,2815,2815,3,0,0,0,0
717139603,NODE_20500DE71C38,child,4,B4:BF:E9:32:FE:91,-79,0,2816,2816,3,0,0,0,0
717239604,NODE_20500DE71C38,child,4,B4:BF:E9:32:FE:91,-79,0,2816,2816,3,0,0,0,0
717339603,NODE_20500DE71C38,child,4,B4:BF:E9:32:FE:91,-79,0,2816,2816,3,0,0,0,0
717439603,NODE_20500DE71C38,child,4,B4:BF:E9:32:FE:91,-79,0,2817,2817,3,0,0,0,0
717539600,NODE_20500DE71C38,child,4,B4:BF:E9:32:FE:91,-79,0,2817,2817,3,0,0,0,0
717639603,NODE_20500DE71C38,child,4,B4:BF:E9:32:FE:91,-79,0,2818,2818,3,0,0,0,0
717739599,NODE_20500DE71C38,child,4,B4:BF:E9:32:FE:91,-79,0,2818,2818,3,0,0,0,0
717839600,NODE_20500DE71C38,child,4,B4:BF:E9:32:FE:91,-79,0,2818,2818,3,0,0,0,0
717939613,NODE_20500DE71C38,child,4,B4:BF:E9:32:FE:91,-80,0,2819,2819,3,0,0,0,0
718039603,NODE_20500DE71C38,child,4,B4:BF:E9:32:FE:91,-80,0,2819,2819,3,0,0,0,0
718139608,NODE_20500DE71C38,child,4,B4:BF:E9:32:FE:91,-80,0,2820,2820,3,0,0,0,0
718239603,NODE_20500DE71C38,child,4,B4:BF:E9:32:FE:91,-80,0,2820,2820,3,0,0,0,0
718339599,NODE_20500DE71C38,child,4,B4:BF:E9:32:FE:91,-80,0,2820,2820,3,0,0,0,0
718439604,NODE_20500DE71C38,child,4,B4:BF:E9:32:FE:91,-80,0,2821,2821,3,0,0,0,0
718539599,NODE_20500DE71C38,child,4,B4:BF:E9:32:FE:91,-80,0,2821,2821,3,0,0,0,0
718639607,NODE_20500DE71C38,child,4,B4:BF:E9:32:FE:91,-80,0,2822,2822,3,0,0,0,0
718739600,NODE_20500DE71C38,child,4,B4:BF:E9:32:FE:91,-80,0,2822,2822,3,0,0,0,0
718839599,NODE_20500DE71C38,child,4,B4:BF:E9:32:FE:91,-80,0,2822,2822,3,0,0,0,0
718939613,NODE_20500DE71C38,child,4,B4:BF:E9:32:FE:91,-79,0,2823,2823,3,0,0,0,0
719039600,NODE_20500DE71C38,child,4,B4:BF:E9:32:FE:91,-79,0,2823,2823,3,0,0,0,0
719139607,NODE_20500DE71C38,child,4,B4:BF:E9:32:FE:91,-79,0,2824,2824,3,0,0,0,0
719239603,NODE_20500DE71C38,child,4,B4:BF:E9:32:FE:91,-79,0,2824,2824,3,0,0,0,0
719339604,NODE_20500DE71C38,child,4,B4:BF:E9:32:FE:91,-79,0,2824,2824,3,0,0,0,0
719439603,NODE_20500DE71C38,child,4,B4:BF:E9:32:FE:91,-79,0,2825,2825,3,0,0,0,0
719539599,NODE_20500DE71C38,child,4,B4:BF:E9:32:FE:91,-79,0,2825,2825,3,0,0,0,0
719639604,NODE_20500DE71C38,child,4,B4:BF:E9:32:FE:91,-79,0,2826,2826,3,0,0,0,0
719739599,NODE_20500DE71C38,child,4,B4:BF:E9:32:FE:91,-79,0,2826,2826,3,0,0,0,0
719839603,NODE_20500DE71C38,child,4,B4:BF:E9:32:FE:91,-79,0,2826,2826,3,0,0,0,0
719939758,NODE_20500DE71C38,child,4,B4:BF:E9:32:FE:91,-79,0,2827,2827,3,0,0,0,0
720039603,NODE_20500DE71C38,child,4,B4:BF:E9:32:FE:91,-79,0,2827,2827,3,0,0,0,0
720139603,NODE_20500DE71C38,child,4,B4:BF:E9:32:FE:91,-79,0,2828,2828,3,0,0,0,0
720239608,NODE_20500DE71C38,child,4,B4:BF:E9:32:FE:91,-79,0,2828,2828,3,0,0,0,0
720339599,NODE_20500DE71C38,child,4,B4:BF:E9:32:FE:91,-79,0,2828,2828,3,0,0,0,0
720439603,NODE_20500DE71C38,child,4,B4:BF:E9:32:FE:91,-79,0,2829,2829,3,0,0,0,0
720539608,NODE_20500DE71C38,child,4,B4:BF:E9:32:FE:91,-79,0,2829,2829,3,0,0,0,0
720639603,NODE_20500DE71C38,child,4,B4:BF:E9:32:FE:91,-79,0,2830,2830,3,0,0,0,0
720739599,NODE_20500DE71C38,child,4,B4:BF:E9:32:FE:91,-79,0,2830,2830,3,0,0,0,0
720839600,NODE_20500DE71C38,child,4,B4:BF:E9:32:FE:91,-79,0,2830,2830,3,0,0,0,0
720939603,NODE_20500DE71C38,child,4,B4:BF:E9:32:FE:91,-79,0,2831,2831,3,0,0,0,0
721039613,NODE_20500DE71C38,child,4,B4:BF:E9:32:FE:91,-79,0,2831,2831,3,0,0,0,0
721139608,NODE_20500DE71C38,child,4,B4:BF:E9:32:FE:91,-79,0,2832,2832,3,0,0,0,0
721239603,NODE_20500DE71C38,child,4,B4:BF:E9:32:FE:91,-79,0,2832,2832,3,0,0,0,0
721339603,NODE_20500DE71C38,child,4,B4:BF:E9:32:FE:91,-79,0,2832,2832,3,0,0,0,0
