timestamp_us,node_id,role,layer,parent_mac,rssi_dbm,retry_count,tx_count,probes_count,phase_id,gt_label,recv_count,forward_count,drop_count
151609788,NODE_B4BFE934ED80,child,8,F4:2D:C9:73:E6:19,-85,88,2,2,255,255,0,0,0
151709636,NODE_B4BFE934ED80,child,8,F4:2D:C9:73:E6:19,-81,88,2,2,255,255,0,0,0
151809632,NODE_B4BFE934ED80,child,8,F4:2D:C9:73:E6:19,-81,88,3,3,255,255,0,0,0
151909633,NODE_B4BFE934ED80,child,8,F4:2D:C9:73:E6:19,-81,88,3,3,255,255,0,0,0
152009640,NODE_B4BFE934ED80,child,8,F4:2D:C9:73:E6:19,-85,88,3,3,255,255,0,0,0
152109636,NODE_B4BFE934ED80,child,8,F4:2D:C9:73:E6:19,-85,88,3,3,255,255,0,0,0
152209629,NODE_B4BFE934ED80,child,8,F4:2D:C9:73:E6:19,-85,88,3,3,255,255,0,0,0
152309632,NODE_B4BFE934ED80,child,8,F4:2D:C9:73:E6:19,-73,88,3,3,255,255,0,0,0
152409628,NODE_B4BFE934ED80,child,8,F4:2D:C9:73:E6:19,-73,88,3,3,255,255,0,0,0
152509633,NODE_B4BFE934ED80,child,8,F4:2D:C9:73:E6:19,-73,88,3,3,255,255,0,0,0
152609644,NODE_B4BFE934ED80,child,8,F4:2D:C9:73:E6:19,-89,88,3,3,255,255,0,0,0
152709636,NODE_B4BFE934ED80,child,8,F4:2D:C9:73:E6:19,-89,88,3,3,255,255,0,0,0
152809634,NODE_B4BFE934ED80,child,8,F4:2D:C9:73:E6:19,-89,88,4,4,255,255,0,0,0
152909632,NODE_B4BFE934ED80,child,8,F4:2D:C9:73:E6:19,-89,88,4,4,255,255,0,0,0
153009640,NODE_B4BFE934ED80,child,8,F4:2D:C9:73:E6:19,-89,88,4,4,255,255,0,0,0
153109637,NODE_B4BFE934ED80,child,8,F4:2D:C9:73:E6:19,-89,88,4,4,255,255,0,0,0
153209628,NODE_B4BFE934ED80,child,8,F4:2D:C9:73:E6:19,-93,88,4,4,255,255,0,0,0
153309632,NODE_B4BFE934ED80,child,8,F4:2D:C9:73:E6:19,-93,88,4,4,255,255,0,0,0
153409633,NODE_B4BFE934ED80,child,8,F4:2D:C9:73:E6:19,-93,88,4,4,255,255,0,0,0
153509640,NODE_B4BFE934ED80,child,8,F4:2D:C9:73:E6:19,-90,88,4,4,255,255,0,0,0
153609632,NODE_B4BFE934ED80,child,8,F4:2D:C9:73:E6:19,-90,88,4,4,255,255,0,0,0
153709633,NODE_B4BFE934ED80,child,8,F4:2D:C9:73:E6:19,-90,88,4,4,255,255,0,0,0
153809636,NODE_B4BFE934ED80,child,8,F4:2D:C9:73:E6:19,-91,88,5,5,255,255,0,0,0
153909632,NODE_B4BFE934ED80,child,8,F4:2D:C9:73:E6:19,-91,88,5,5,255,255,0,0,0
154009637,NODE_B4BFE934ED80,child,8,F4:2D:C9:73:E6:19,-91,88,5,5,255,255,0,0,0
154109632,NODE_B4BFE934ED80,child,8,F4:2D:C9:73:E6:19,-91,88,5,5,255,255,0,0,0
154209624,NODE_B4BFE934ED80,child,8,F4:2D:C9:73:E6:19,-91,88,5,5,255,255,0,0,0
154309633,NODE_B4BFE934ED80,child,8,F4:2D:C9:73:E6:19,-91,88,5,5,255,255,0,0,0
154409632,NODE_B4BFE934ED80,child,8,F4:2D:C9:73:E6:19,-91,88,5,5,255,255,0,0,0
154509636,NODE_B4BFE934ED80,child,8,F4:2D:C9:73:E6:19,-91,88,5,5,255,255,0,0,0
154609633,NODE_B4BFE934ED80,child,8,F4:2D:C9:73:E6:19,-91,88,5,5,255,255,0,0,0
154709783,NODE_B4BFE934ED80,child,8,F4:2D:C9:73:E6:19,-91,88,5,5,255,255,0,0,0
154809632,NODE_B4BFE934ED80,child,8,F4:2D:C9:73:E6:19,-91,88,6,6,255,255,0,0,0
154909633,NODE_B4BFE934ED80,child,8,F4:2D:C9:73:E6:19,-91,88,6,6,255,255,0,0,0
155009632,NODE_B4BFE934ED80,child,8,F4:2D:C9:73:E6:19,-91,88,6,6,255,255,0,0,0
155109628,NODE_B4BFE934ED80,child,8,F4:2D:C9:73:E6:19,-91,88,6,6,255,255,0,0,0
155209633,NODE_B4BFE934ED80,child,8,F4:2D:C9:73:E6:19,-91,88,6,6,255,255,0,0,0
155309628,NODE_B4BFE934ED80,child,8,F4:2D:C9:73:E6:19,-91,88,6,6,255,255,0,0,0
155409624,NODE_B4BFE934ED80,child,8,F4:2D:C9:73:E6:19,-91,88,6,6,255,255,0,0,0
155509641,NODE_B4BFE934ED80,child,8,F4:2D:C9:73:E6:19,-91,88,6,6,255,255,0,0,0
155609632,NODE_B4BFE934ED80,child,8,F4:2D:C9:73:E6:19,-91,88,6,6,255,255,0,0,0
155709628,NODE_B4BFE934ED80,child,8,F4:2D:C9:73:E6:19,-89,88,6,6,255,255,0,0,0
155809633,NODE_B4BFE934ED80,child,8,F4:2D:C9:73:E6:19,-89,88,7,7,255,255,0,0,0
155909632,NODE_B4BFE934ED80,child,8,F4:2D:C9:73:E6:19,-89,88,7,7,255,255,0,0,0
156009636,NODE_B4BFE934ED80,child,8,F4:2D:C9:73:E6:19,-93,88,7,7,255,255,0,0,0
156109641,NODE_B4BFE934ED80,child,8,F4:2D:C9:73:E6:19,-93,88,7,7,255,255,0,0,0
156209632,NODE_B4BFE934ED80,child,8,F4:2D:C9:73:E6:19,-93,88,7,7,255,255,0,0,0
156309632,NODE_B4BFE934ED80,child,8,F4:2D:C9:73:E6:19,-91,88,7,7,255,255,0,0,0
156409633,NODE_B4BFE934ED80,child,8,F4:2D:C9:73:E6:19,-91,88,7,7,255,255,0,0,0
156509628,NODE_B4BFE934ED80,child,8,F4:2D:C9:73:E6:19,-91,88,7,7,255,255,0,0,0
156609636,NODE_B4BFE934ED80,child,8,F4:2D:C9:73:E6:19,-94,88,7,7,255,255,0,0,0
156709629,NODE_B4BFE934ED80,child,8,F4:2D:C9:73:E6:19,-94,88,7,7,0,0,0,0,0
156809632,NODE_B4BFE934ED80,child,8,F4:2D:C9:73:E6:19,-94,88,7,7,0,0,0,0,0
156909632,NODE_B4BFE934ED80,child,8,F4:2D:C9:73:E6:19,-93,88,8,8,0,0,0,0,0
157009637,NODE_B4BFE934ED80,child,8,F4:2D:C9:73:E6:19,-93,88,8,8,0,0,0,0,0
157109640,NODE_B4BFE934ED80,child,8,F4:2D:C9:73:E6:19,-93,88,8,8,0,0,0,0,0
157209632,NODE_B4BFE934ED80,child,8,F4:2D:C9:73:E6:19,-91,88,8,8,0,0,0,0,0
157309633,NODE_B4BFE934ED80,child,8,F4:2D:C9:73:E6:19,-91,88,8,8,0,0,0,0,0
157409632,NODE_B4BFE934ED80,child,8,F4:2D:C9:73:E6:19,-91,88,8,8,0,0,0,0,0
157509640,NODE_B4BFE934ED80,child,8,F4:2D:C9:73:E6:19,-95,88,8,8,0,0,0,0,0
157609633,NODE_B4BFE934ED80,child,8,F4:2D:C9:73:E6:19,-95,88,8,8,0,0,0,0,0
157709640,NODE_B4BFE934ED80,child,8,F4:2D:C9:73:E6:19,-95,88,8,8,0,0,0,0,0
157809636,NODE_B4BFE934ED80,child,8,F4:2D:C9:73:E6:19,-94,88,8,8,0,0,0,0,0
157909637,NODE_B4BFE934ED80,child,8,F4:2D:C9:73:E6:19,-94,88,9,9,0,0,0,0,0
158009632,NODE_B4BFE934ED80,child,8,F4:2D:C9:73:E6:19,-94,88,9,9,0,0,0,0,0
158109628,NODE_B4BFE934ED80,child,8,F4:2D:C9:73:E6:19,-94,88,9,9,0,0,0,0,0
158209641,NODE_B4BFE934ED80,child,8,F4:2D:C9:73:E6:19,-94,88,9,9,0,0,0,0,0
158309807,NODE_B4BFE934ED80,child,8,F4:2D:C9:73:E6:19,-94,88,9,9,0,0,0,0,0
158409632,NODE_B4BFE934ED80,child,8,F4:2D:C9:73:E6:19,-89,88,9,9,0,0,0,0,0
158509633,NODE_B4BFE934ED80,child,8,F4:2D:C9:73:E6:19,-89,88,9,9,0,0,0,0,0
158609632,NODE_B4BFE934ED80,child,8,F4:2D:C9:73:E6:19,-89,88,9,9,0,0,0,0,0
158710409,NODE_B4BFE934ED80,child,8,F4:2D:C9:73:E6:19,-91,88,9,9,0,0,0,0,0
158809641,NODE_B4BFE934ED80,child,8,F4:2D:C9:73:E6:19,-91,88,9,9,0,0,0,0,0
158909636,NODE_B4BFE934ED80,child,8,F4:2D:C9:73:E6:19,-91,88,10,10,0,0,0,0,0
159009632,NODE_B4BFE934ED80,child,8,F4:2D:C9:73:E6:19,-91,88,10,10,0,0,0,0,0
159109629,NODE_B4BFE934ED80,child,8,F4:2D:C9:73:E6:19,-93,88,10,10,0,0,0,0,0
159209632,NODE_B4BFE934ED80,child,8,F4:2D:C9:73:E6:19,-93,88,10,10,0,0,0,0,0
159309628,NODE_B4BFE934ED80,child,8,F4:2D:C9:73:E6:19,-93,88,10,10,0,0,0,0,0
159409629,NODE_B4BFE934ED80,child,8,F4:2D:C9:73:E6:19,-90,88,10,10,0,0,0,0,0
159509640,NODE_B4BFE934ED80,child,8,F4:2D:C9:73:E6:19,-90,88,10,10,0,0,0,0,0
159609632,NODE_B4BFE934ED80,child,8,F4:2D:C9:73:E6:19,-90,88,10,10,0,0,0,0,0
159709633,NODE_B4BFE934ED80,child,8,F4:2D:C9:73:E6:19,-93,88,10,10,0,0,0,0,0
159809633,NODE_B4BFE934ED80,child,8,F4:2D:C9:73:E6:19,-93,88,10,10,0,0,0,0,0
159909632,NODE_B4BFE934ED80,child,8,F4:2D:C9:73:E6:19,-93,88,10,10,0,0,0,0,0
160009641,NODE_B4BFE934ED80,child,8,F4:2D:C9:73:E6:19,-96,88,11,11,0,0,0,0,0
160109640,NODE_B4BFE934ED80,child,8,F4:2D:C9:73:E6:19,-96,88,11,11,0,0,0,0,0
160209628,NODE_B4BFE934ED80,child,8,F4:2D:C9:73:E6:19,-96,88,11,11,0,0,0,0,0
160309629,NODE_B4BFE934ED80,child,8,F4:2D:C9:73:E6:19,-96,88,11,11,0,0,0,0,0
160409632,NODE_B4BFE934ED80,child,8,F4:2D:C9:73:E6:19,-96,88,11,11,0,0,0,0,0
160509628,NODE_B4BFE934ED80,child,8,F4:2D:C9:73:E6:19,-96,88,11,11,0,0,0,0,0
160609637,NODE_B4BFE934ED80,child,8,F4:2D:C9:73:E6:19,-95,88,11,11,0,0,0,0,0
160709632,NODE_B4BFE934ED80,child,8,F4:2D:C9:73:E6:19,-95,88,11,11,0,0,0,0,0
160809632,NODE_B4BFE934ED80,child,8,F4:2D:C9:73:E6:19,-95,88,11,11,0,0,0,0,0
160910386,NODE_B4BFE934ED80,child,8,F4:2D:C9:73:E6:19,-94,88,11,11,0,0,0,0,0
161009636,NODE_B4BFE934ED80,child,8,F4:2D:C9:73:E6:19,-94,88,12,12,0,0,0,0,0
161109632,NODE_B4BFE934ED80,child,8,F4:2D:C9:73:E6:19,-94,88,12,12,0,0,0,0,0
161209629,NODE_B4BFE934ED80,child,8,F4:2D:C9:73:E6:19,-93,88,12,12,0,0,0,0,0
161309636,NODE_B4BFE934ED80,child,8,F4:2D:C9:73:E6:19,-93,88,12,12,0,0,0,0,0
161409632,NODE_B4BFE934ED80,child,8,F4:2D:C9:73:E6:19,-93,88,12,12,0,0,0,0,0
161509637,NODE_B4BFE934ED80,child,8,F4:2D:C9:73:E6:19,-95,88,12,12,0,0,0,0,0
161609632,NODE_B4BFE934ED80,child,8,F4:2D:C9:73:E6:19,-95,88,12,12,0,0,0,0,0
161709632,NODE_B4BFE934ED80,child,8,F4:2D:C9:73:E6:19,-95,88,12,12,0,0,0,0,0
161809629,NODE_B4BFE934ED80,child,8,F4:2D:C9:73:E6:19,-93,88,12,12,0,0,0,0,0
161910393,NODE_B4BFE934ED80,child,8,F4:2D:C9:73:E6:19,-93,88,12,12,0,0,0,0,0
162009632,NODE_B4BFE934ED80,child,8,F4:2D:C9:73:E6:19,-93,88,13,13,0,0,0,0,0
162109637,NODE_B4BFE934ED80,child,8,F4:2D:C9:73:E6:19,-93,88,13,13,0,0,0,0,0
162209628,NODE_B4BFE934ED80,child,8,F4:2D:C9:73:E6:19,-93,88,13,13,0,0,0,0,0
162309628,NODE_B4BFE934ED80,child,8,F4:2D:C9:73:E6:19,-93,88,13,13,0,0,0,0,0
162409629,NODE_B4BFE934ED80,child,8,F4:2D:C9:73:E6:19,-92,88,13,13,0,0,0,0,0
162509675,NODE_B4BFE934ED80,child,8,F4:2D:C9:73:E6:19,-92,88,13,13,0,0,0,0,0
162609628,NODE_B4BFE934ED80,child,8,F4:2D:C9:73:E6:19,-92,88,13,13,0,0,0,0,0
162709629,NODE_B4BFE934ED80,child,8,F4:2D:C9:73:E6:19,-93,88,13,13,0,0,0,0,0
162809636,NODE_B4BFE934ED80,child,8,F4:2D:C9:73:E6:19,-93,88,13,13,0,0,0,0,0
162910390,NODE_B4BFE934ED80,child,8,F4:2D:C9:73:E6:19,-93,88,13,13,0,0,0,0,0
163010394,NODE_B4BFE934ED80,child,8,F4:2D:C9:73:E6:19,-92,88,14,14,0,0,0,0,0
163109636,NODE_B4BFE934ED80,child,8,F4:2D:C9:73:E6:19,-92,88,14,14,0,0,0,0,0
163209624,NODE_B4BFE934ED80,child,8,F4:2D:C9:73:E6:19,-92,88,14,14,0,0,0,0,0
163309629,NODE_B4BFE934ED80,child,8,F4:2D:C9:73:E6:19,-92,88,14,14,0,0,0,0,0
163409632,NODE_B4BFE934ED80,child,8,F4:2D:C9:73:E6:19,-92,88,14,14,0,0,0,0,0
163509640,NODE_B4BFE934ED80,child,8,F4:2D:C9:73:E6:19,-92,88,14,14,0,0,0,0,0
163609633,NODE_B4BFE934ED80,child,8,F4:2D:C9:73:E6:19,-92,88,14,14,0,0,0,0,0
163709632,NODE_B4BFE934ED80,child,8,F4:2D:C9:73:E6:19,-95,88,14,14,0,0,0,0,0
163809636,NODE_B4BFE934ED80,child,8,F4:2D:C9:73:E6:19,-95,88,14,14,0,0,0,0,0
163910391,NODE_B4BFE934ED80,child,8,F4:2D:C9:73:E6:19,-95,88,14,14,0,0,0,0,0
164009636,NODE_B4BFE934ED80,child,8,F4:2D:C9:73:E6:19,-93,88,15,15,0,0,0,0,0
164109636,NODE_B4BFE934ED80,child,8,F4:2D:C9:73:E6:19,-93,88,15,15,0,0,0,0,0
164209633,NODE_B4BFE934ED80,child,8,F4:2D:C9:73:E6:19,-93,88,15,15,0,0,0,0,0
164309628,NODE_B4BFE934ED80,child,8,F4:2D:C9:73:E6:19,-93,88,15,15,0,0,0,0,0
164409712,NODE_B4BFE934ED80,child,8,F4:2D:C9:73:E6:19,-93,88,15,15,0,0,0,0,0
164509633,NODE_B4BFE934ED80,child,8,F4:2D:C9:73:E6:19,-93,88,15,15,0,0,0,0,0
164609628,NODE_B4BFE934ED80,child,8,F4:2D:C9:73:E6:19,-93,88,15,15,0,0,0,0,0
164709632,NODE_B4BFE934ED80,child,8,F4:2D:C9:73:E6:19,-93,88,15,15,0,0,0,0,0
164809637,NODE_B4BFE934ED80,child,8,F4:2D:C9:73:E6:19,-93,88,15,15,0,0,0,0,0
164910399,NODE_B4BFE934ED80,child,8,F4:2D:C9:73:E6:19,-95,88,15,15,0,0,0,0,0
165009636,NODE_B4BFE934ED80,child,8,F4:2D:C9:73:E6:19,-95,88,16,16,0,0,0,0,0
165109629,NODE_B4BFE934ED80,child,8,F4:2D:C9:73:E6:19,-95,88,16,16,0,0,0,0,0
165209624,NODE_B4BFE934ED80,child,8,F4:2D:C9:73:E6:19,-95,88,16,16,0,0,0,0,0
165309632,NODE_B4BFE934ED80,child,8,F4:2D:C9:73:E6:19,-95,88,16,16,0,0,0,0,0
165409633,NODE_B4BFE934ED80,child,8,F4:2D:C9:73:E6:19,-95,88,16,16,0,0,0,0,0
165509632,NODE_B4BFE934ED80,child,8,F4:2D:C9:73:E6:19,-95,88,16,16,0,0,0,0,0
165609632,NODE_B4BFE934ED80,child,8,F4:2D:C9:73:E6:19,-95,88,16,16,0,0,0,0,0
165709633,NODE_B4BFE934ED80,child,8,F4:2D:C9:73:E6:19,-95,88,16,16,0,0,0,0,0
165809628,NODE_B4BFE934ED80,child,8,F4:2D:C9:73:E6:19,-95,88,16,16,0,0,0,0,0
165910391,NODE_B4BFE934ED80,child,8,F4:2D:C9:73:E6:19,-95,88,16,16,0,0,0,0,0
166009633,NODE_B4BFE934ED80,child,8,F4:2D:C9:73:E6:19,-95,88,17,17,0,0,0,0,0
166109632,NODE_B4BFE934ED80,child,8,F4:2D:C9:73:E6:19,-95,88,17,17,0,0,0,0,0
166209632,NODE_B4BFE934ED80,child,8,F4:2D:C9:73:E6:19,-95,88,17,17,0,0,0,0,0
166309629,NODE_B4BFE934ED80,child,8,F4:2D:C9:73:E6:19,-95,88,17,17,0,0,0,0,0
166409624,NODE_B4BFE934ED80,child,8,F4:2D:C9:73:E6:19,-95,88,17,17,0,0,0,0,0
166509644,NODE_B4BFE934ED80,child,8,F4:2D:C9:73:E6:19,-95,88,17,17,0,0,0,0,0
166609629,NODE_B4BFE934ED80,child,8,F4:2D:C9:73:E6:19,-95,88,17,17,0,0,0,0,0
166709628,NODE_B4BFE934ED80,child,8,F4:2D:C9:73:E6:19,-96,88,17,17,0,0,0,0,0
166809632,NODE_B4BFE934ED80,child,8,F4:2D:C9:73:E6:19,-96,88,17,17,0,0,0,0,0
166910392,NODE_B4BFE934ED80,child,8,F4:2D:C9:73:E6:19,-96,88,17,17,0,0,0,0,0
167009636,NODE_B4BFE934ED80,child,8,F4:2D:C9:73:E6:19,-95,88,18,18,0,0,0,0,0
167109632,NODE_B4BFE934ED80,child,8,F4:2D:C9:73:E6:19,-95,88,18,18,0,0,0,0,0
167209625,NODE_B4BFE934ED80,child,8,F4:2D:C9:73:E6:19,-95,88,18,18,0,0,0,0,0
167309628,NODE_B4BFE934ED80,child,8,F4:2D:C9:73:E6:19,-95,88,18,18,0,0,0,0,0
167409632,NODE_B4BFE934ED80,child,8,F4:2D:C9:73:E6:19,-93,88,18,18,0,0,0,0,0
167509633,NODE_B4BFE934ED80,child,8,F4:2D:C9:73:E6:19,-93,88,18,18,0,0,0,0,0
167609628,NODE_B4BFE934ED80,child,8,F4:2D:C9:73:E6:19,-93,88,18,18,0,0,0,0,0
167709632,NODE_B4BFE934ED80,child,8,F4:2D:C9:73:E6:19,-94,88,18,18,0,0,0,0,0
167809633,NODE_B4BFE934ED80,child,8,F4:2D:C9:73:E6:19,-94,88,18,18,0,0,0,0,0
167910395,NODE_B4BFE934ED80,child,8,F4:2D:C9:73:E6:19,-94,88,18,18,0,0,0,0,0
168009632,NODE_B4BFE934ED80,child,8,F4:2D:C9:73:E6:19,-92,88,18,18,0,0,0,0,0
168109641,NODE_B4BFE934ED80,child,8,F4:2D:C9:73:E6:19,-92,88,18,18,0,0,0,0,0
168209636,NODE_B4BFE934ED80,child,8,F4:2D:C9:73:E6:19,-92,88,19,19,0,0,0,0,0
168309632,NODE_B4BFE934ED80,child,8,F4:2D:C9:73:E6:19,-91,88,19,19,0,0,0,0,0
168409633,NODE_B4BFE934ED80,child,8,F4:2D:C9:73:E6:19,-91,88,19,19,0,0,0,0,0
168509628,NODE_B4BFE934ED80,child,8,F4:2D:C9:73:E6:19,-91,88,19,19,0,0,0,0,0
168609632,NODE_B4BFE934ED80,child,8,F4:2D:C9:73:E6:19,-94,88,19,19,0,0,0,0,0
168709629,NODE_B4BFE934ED80,child,8,F4:2D:C9:73:E6:19,-94,88,19,19,0,0,0,0,0
168809632,NODE_B4BFE934ED80,child,8,F4:2D:C9:73:E6:19,-94,88,19,19,0,0,0,0,0
168909628,NODE_B4BFE934ED80,child,8,F4:2D:C9:73:E6:19,-92,88,19,19,0,0,0,0,0
169009637,NODE_B4BFE934ED80,child,8,F4:2D:C9:73:E6:19,-92,88,19,19,0,0,0,0,0
169109628,NODE_B4BFE934ED80,child,8,F4:2D:C9:73:E6:19,-92,88,19,19,0,0,0,0,0
169209636,NODE_B4BFE934ED80,child,8,F4:2D:C9:73:E6:19,-94,88,20,20,0,0,0,0,0
169309633,NODE_B4BFE934ED80,child,8,F4:2D:C9:73:E6:19,-94,88,20,20,0,0,0,0,0
169409636,NODE_B4BFE934ED80,child,8,F4:2D:C9:73:E6:19,-94,88,20,20,0,0,0,0,0
169509644,NODE_B4BFE934ED80,child,8,F4:2D:C9:73:E6:19,-99,88,20,20,0,0,0,0,0
169609645,NODE_B4BFE934ED80,child,8,F4:2D:C9:73:E6:19,-99,88,20,20,0,0,0,0,0
169709636,NODE_B4BFE934ED80,child,8,F4:2D:C9:73:E6:19,-99,88,20,20,0,0,0,0,0
169809632,NODE_B4BFE934ED80,child,8,F4:2D:C9:73:E6:19,-92,88,20,20,0,0,0,0,0
169909629,NODE_B4BFE934ED80,child,8,F4:2D:C9:73:E6:19,-92,88,20,20,0,0,0,0,0
170009632,NODE_B4BFE934ED80,child,8,F4:2D:C9:73:E6:19,-92,88,20,20,0,0,0,0,0
170109640,NODE_B4BFE934ED80,child,8,F4:2D:C9:73:E6:19,-94,88,20,20,0,0,0,0,0
170209637,NODE_B4BFE934ED80,child,8,F4:2D:C9:73:E6:19,-94,88,21,21,0,0,0,0,0
170309628,NODE_B4BFE934ED80,child,8,F4:2D:C9:73:E6:19,-94,88,21,21,0,0,0,0,0
170409628,NODE_B4BFE934ED80,child,8,F4:2D:C9:73:E6:19,-93,88,21,21,0,0,0,0,0
170509633,NODE_B4BFE934ED80,child,8,F4:2D:C9:73:E6:19,-93,88,21,21,0,0,0,0,0
170609628,NODE_B4BFE934ED80,child,8,F4:2D:C9:73:E6:19,-93,88,21,21,0,0,0,0,0
170709628,NODE_B4BFE934ED80,child,8,F4:2D:C9:73:E6:19,-93,88,21,21,0,0,0,0,0
170809637,NODE_B4BFE934ED80,child,8,F4:2D:C9:73:E6:19,-93,88,21,21,0,0,0,0,0
170909632,NODE_B4BFE934ED80,child,8,F4:2D:C9:73:E6:19,-93,88,21,21,0,0,0,0,0
171009636,NODE_B4BFE934ED80,child,8,F4:2D:C9:73:E6:19,-92,88,21,21,0,0,0,0,0
171109629,NODE_B4BFE934ED80,child,8,F4:2D:C9:73:E6:19,-92,88,21,21,0,0,0,0,0
171209636,NODE_B4BFE934ED80,child,8,F4:2D:C9:73:E6:19,-92,88,22,22,0,0,0,0,0
171309628,NODE_B4BFE934ED80,child,8,F4:2D:C9:73:E6:19,-92,88,22,22,0,0,0,0,0
171409629,NODE_B4BFE934ED80,child,8,F4:2D:C9:73:E6:19,-92,88,22,22,0,0,0,0,0
171509636,NODE_B4BFE934ED80,child,8,F4:2D:C9:73:E6:19,-92,88,22,22,0,0,0,0,0
171609632,NODE_B4BFE934ED80,child,8,F4:2D:C9:73:E6:19,-92,88,22,22,0,0,0,0,0
171709633,NODE_B4BFE934ED80,child,8,F4:2D:C9:73:E6:19,-93,88,22,22,0,0,0,0,0
171809628,NODE_B4BFE934ED80,child,8,F4:2D:C9:73:E6:19,-93,88,22,22,0,0,0,0,0
171909632,NODE_B4BFE934ED80,child,8,F4:2D:C9:73:E6:19,-93,88,22,22,0,0,0,0,0
172009637,NODE_B4BFE934ED80,child,8,F4:2D:C9:73:E6:19,-94,88,22,22,0,0,0,0,0
172109636,NODE_B4BFE934ED80,child,8,F4:2D:C9:73:E6:19,-94,88,22,22,0,0,0,0,0
172209632,NODE_B4BFE934ED80,child,8,F4:2D:C9:73:E6:19,-94,88,23,23,0,0,0,0,0
172309633,NODE_B4BFE934ED80,child,8,F4:2D:C9:73:E6:19,-93,88,23,23,0,0,0,0,0
172409632,NODE_B4BFE934ED80,child,8,F4:2D:C9:73:E6:19,-93,88,23,23,0,0,0,0,0
172509628,NODE_B4BFE934ED80,child,8,F4:2D:C9:73:E6:19,-93,88,23,23,0,0,0,0,0
172609633,NODE_B4BFE934ED80,child,8,F4:2D:C9:73:E6:19,-92,88,23,23,0,0,0,0,0
172709632,NODE_B4BFE934ED80,child,8,F4:2D:C9:73:E6:19,-92,88,23,23,0,0,0,0,0
172809632,NODE_B4BFE934ED80,child,8,F4:2D:C9:73:E6:19,-92,88,23,23,0,0,0,0,0
172909633,NODE_B4BFE934ED80,child,8,F4:2D:C9:73:E6:19,-95,88,23,23,0,0,0,0,0
173009636,NODE_B4BFE934ED80,child,8,F4:2D:C9:73:E6:19,-95,88,23,23,0,0,0,0,0
173109628,NODE_B4BFE934ED80,child,8,F4:2D:C9:73:E6:19,-95,88,23,23,0,0,0,0,0
173209637,NODE_B4BFE934ED80,child,8,F4:2D:C9:73:E6:19,-94,88,24,24,0,0,0,0,0
173309632,NODE_B4BFE934ED80,child,8,F4:2D:C9:73:E6:19,-94,88,24,24,0,0,0,0,0
173409632,NODE_B4BFE934ED80,child,8,F4:2D:C9:73:E6:19,-94,88,24,24,0,0,0,0,0
173509641,NODE_B4BFE934ED80,child,8,F4:2D:C9:73:E6:19,-92,88,24,24,0,0,0,0,0
173609632,NODE_B4BFE934ED80,child,8,F4:2D:C9:73:E6:19,-92,88,24,24,0,0,0,0,0
173709632,NODE_B4BFE934ED80,child,8,F4:2D:C9:73:E6:19,-92,88,24,24,0,0,0,0,0
173809633,NODE_B4BFE934ED80,child,8,F4:2D:C9:73:E6:19,-94,88,24,24,0,0,0,0,0
173909628,NODE_B4BFE934ED80,child,8,F4:2D:C9:73:E6:19,-94,88,24,24,0,0,0,0,0
174009632,NODE_B4BFE934ED80,child,8,F4:2D:C9:73:E6:19,-94,88,24,24,0,0,0,0,0
174109637,NODE_B4BFE934ED80,child,8,F4:2D:C9:73:E6:19,-94,88,24,24,0,0,0,0,0
174209636,NODE_B4BFE934ED80,child,8,F4:2D:C9:73:E6:19,-94,88,25,25,0,0,0,0,0
174309628,NODE_B4BFE934ED80,child,8,F4:2D:C9:73:E6:19,-94,88,25,25,0,0,0,0,0
174409629,NODE_B4BFE934ED80,child,8,F4:2D:C9:73:E6:19,-94,88,25,25,0,0,0,0,0
174509636,NODE_B4BFE934ED80,child,8,F4:2D:C9:73:E6:19,-94,88,25,25,0,0,0,0,0
174609632,NODE_B4BFE934ED80,child,8,F4:2D:C9:73:E6:19,-94,88,25,25,0,0,0,0,0
174709625,NODE_B4BFE934ED80,child,8,F4:2D:C9:73:E6:19,-94,88,25,25,0,0,0,0,0
174809640,NODE_B4BFE934ED80,child,8,F4:2D:C9:73:E6:19,-94,88,25,25,0,0,0,0,0
174909632,NODE_B4BFE934ED80,child,8,F4:2D:C9:73:E6:19,-94,88,25,25,0,0,0,0,0
175009633,NODE_B4BFE934ED80,child,8,F4:2D:C9:73:E6:19,-94,88,25,25,0,0,0,0,0
175109632,NODE_B4BFE934ED80,child,8,F4:2D:C9:73:E6:19,-94,88,25,25,0,0,0,0,0
175209632,NODE_B4BFE934ED80,child,8,F4:2D:C9:73:E6:19,-94,88,26,26,0,0,0,0,0
175309633,NODE_B4BFE934ED80,child,8,F4:2D:C9:73:E6:19,-94,88,26,26,0,0,0,0,0
175409628,NODE_B4BFE934ED80,child,8,F4:2D:C9:73:E6:19,-94,88,26,26,0,0,0,0,0
175509640,NODE_B4BFE934ED80,child,8,F4:2D:C9:73:E6:19,-94,88,26,26,0,0,0,0,0
175609633,NODE_B4BFE934ED80,child,8,F4:2D:C9:73:E6:19,-94,88,26,26,0,0,0,0,0
175709624,NODE_B4BFE934ED80,child,8,F4:2D:C9:73:E6:19,-94,88,26,26,0,0,0,0,0
175809632,NODE_B4BFE934ED80,child,8,F4:2D:C9:73:E6:19,-94,88,26,26,0,0,0,0,0
175909633,NODE_B4BFE934ED80,child,8,F4:2D:C9:73:E6:19,-94,88,26,26,0,0,0,0,0
176009632,NODE_B4BFE934ED80,child,8,F4:2D:C9:73:E6:19,-94,88,26,26,0,0,0,0,0
176109640,NODE_B4BFE934ED80,child,8,F4:2D:C9:73:E6:19,-94,88,26,26,0,0,0,0,0
176209633,NODE_B4BFE934ED80,child,8,F4:2D:C9:73:E6:19,-94,88,27,27,0,0,0,0,0
176309636,NODE_B4BFE934ED80,child,8,F4:2D:C9:73:E6:19,-95,88,27,27,0,0,0,0,0
176409636,NODE_B4BFE934ED80,child,8,F4:2D:C9:73:E6:19,-95,88,27,27,0,0,0,0,0
176509629,NODE_B4BFE934ED80,child,8,F4:2D:C9:73:E6:19,-95,88,27,27,0,0,0,0,0
176609632,NODE_B4BFE934ED80,child,8,F4:2D:C9:73:E6:19,-93,88,27,27,0,0,0,0,0
176709632,NODE_B4BFE934ED80,child,8,F4:2D:C9:73:E6:19,-93,88,27,27,0,0,0,0,0
176809637,NODE_B4BFE934ED80,child,8,F4:2D:C9:73:E6:19,-93,88,27,27,0,0,0,0,0
176909628,NODE_B4BFE934ED80,child,8,F4:2D:C9:73:E6:19,-94,88,27,27,0,0,0,0,0
177009636,NODE_B4BFE934ED80,child,8,F4:2D:C9:73:E6:19,-94,88,27,27,0,0,0,0,0
177109766,NODE_B4BFE934ED80,child,8,F4:2D:C9:73:E6:19,-94,88,27,27,0,0,0,0,0
177209673,NODE_B4BFE934ED80,child,8,F4:2D:C9:73:E6:19,-93,88,28,28,0,0,0,0,0
177309640,NODE_B4BFE934ED80,child,8,F4:2D:C9:73:E6:19,-93,88,28,28,0,0,0,0,0
177409637,NODE_B4BFE934ED80,child,8,F4:2D:C9:73:E6:19,-93,88,28,28,0,0,0,0,0
177509636,NODE_B4BFE934ED80,child,8,F4:2D:C9:73:E6:19,-93,88,28,28,0,0,0,0,0
177609632,NODE_B4BFE934ED80,child,8,F4:2D:C9:73:E6:19,-93,88,28,28,0,0,0,0,0
177709633,NODE_B4BFE934ED80,child,8,F4:2D:C9:73:E6:19,-93,88,28,28,0,0,0,0,0
177809632,NODE_B4BFE934ED80,child,8,F4:2D:C9:73:E6:19,-94,88,28,28,0,0,0,0,0
177909628,NODE_B4BFE934ED80,child,8,F4:2D:C9:73:E6:19,-94,88,28,28,0,0,0,0,0
178009633,NODE_B4BFE934ED80,child,8,F4:2D:C9:73:E6:19,-94,88,28,28,0,0,0,0,0
178109636,NODE_B4BFE934ED80,child,8,F4:2D:C9:73:E6:19,-93,88,28,28,0,0,0,0,0
178209640,NODE_B4BFE934ED80,child,8,F4:2D:C9:73:E6:19,-93,88,29,29,0,0,0,0,0
178309629,NODE_B4BFE934ED80,child,8,F4:2D:C9:73:E6:19,-93,88,29,29,0,0,0,0,0
178409628,NODE_B4BFE934ED80,child,8,F4:2D:C9:73:E6:19,-92,88,29,29,0,0,0,0,0
178509636,NODE_B4BFE934ED80,child,8,F4:2D:C9:73:E6:19,-92,88,29,29,0,0,0,0,0
178609633,NODE_B4BFE934ED80,child,8,F4:2D:C9:73:E6:19,-92,88,29,29,0,0,0,0,0
178709628,NODE_B4BFE934ED80,child,8,F4:2D:C9:73:E6:19,-93,88,29,29,0,0,0,0,0
178809636,NODE_B4BFE934ED80,child,8,F4:2D:C9:73:E6:19,-93,88,29,29,0,0,0,0,0
178909633,NODE_B4BFE934ED80,child,8,F4:2D:C9:73:E6:19,-93,88,29,29,0,0,0,0,0
179009636,NODE_B4BFE934ED80,child,8,F4:2D:C9:73:E6:19,-93,88,29,29,0,0,0,0,0
179109632,NODE_B4BFE934ED80,child,8,F4:2D:C9:73:E6:19,-93,88,29,29,0,0,0,0,0
179209633,NODE_B4BFE934ED80,child,8,F4:2D:C9:73:E6:19,-93,88,30,30,0,0,0,0,0
179309632,NODE_B4BFE934ED80,child,8,F4:2D:C9:73:E6:19,-92,88,30,30,0,0,0,0,0
179409628,NODE_B4BFE934ED80,child,8,F4:2D:C9:73:E6:19,-92,88,30,30,0,0,0,0,0
179509637,NODE_B4BFE934ED80,child,8,F4:2D:C9:73:E6:19,-92,88,30,30,0,0,0,0,0
179609636,NODE_B4BFE934ED80,child,8,F4:2D:C9:73:E6:19,-94,88,30,30,0,0,0,0,0
179709628,NODE_B4BFE934ED80,child,8,F4:2D:C9:73:E6:19,-94,88,30,30,0,0,0,0,0
179809629,NODE_B4BFE934ED80,child,8,F4:2D:C9:73:E6:19,-94,88,30,30,0,0,0,0,0
179909628,NODE_B4BFE934ED80,child,8,F4:2D:C9:73:E6:19,-91,88,30,30,0,0,0,0,0
180009636,NODE_B4BFE934ED80,child,8,F4:2D:C9:73:E6:19,-91,88,30,30,0,0,0,0,0
180109633,NODE_B4BFE934ED80,child,8,F4:2D:C9:73:E6:19,-91,88,30,30,0,0,0,0,0
180209632,NODE_B4BFE934ED80,child,8,F4:2D:C9:73:E6:19,-91,88,31,31,0,0,0,0,0
180309632,NODE_B4BFE934ED80,child,8,F4:2D:C9:73:E6:19,-93,88,31,31,0,0,0,0,0
180409625,NODE_B4BFE934ED80,child,8,F4:2D:C9:73:E6:19,-93,88,31,31,0,0,0,0,0
180509632,NODE_B4BFE934ED80,child,8,F4:2D:C9:73:E6:19,-93,88,31,31,0,0,0,0,0
180609636,NODE_B4BFE934ED80,child,8,F4:2D:C9:73:E6:19,-96,88,31,31,0,0,0,0,0
180709633,NODE_B4BFE934ED80,child,8,F4:2D:C9:73:E6:19,-96,88,31,31,0,0,0,0,0
180809628,NODE_B4BFE934ED80,child,8,F4:2D:C9:73:E6:19,-96,88,31,31,0,0,0,0,0
180909628,NODE_B4BFE934ED80,child,8,F4:2D:C9:73:E6:19,-96,88,31,31,0,0,0,0,0
181009637,NODE_B4BFE934ED80,child,8,F4:2D:C9:73:E6:19,-96,88,31,31,0,0,0,0,0
181109628,NODE_B4BFE934ED80,child,8,F4:2D:C9:73:E6:19,-96,88,31,31,0,0,0,0,0
181209632,NODE_B4BFE934ED80,child,8,F4:2D:C9:73:E6:19,-95,88,32,32,0,0,0,0,0
181309641,NODE_B4BFE934ED80,child,8,F4:2D:C9:73:E6:19,-95,88,32,32,0,0,0,0,0
181409632,NODE_B4BFE934ED80,child,8,F4:2D:C9:73:E6:19,-95,88,32,32,0,0,0,0,0
181509640,NODE_B4BFE934ED80,child,8,F4:2D:C9:73:E6:19,-93,88,32,32,0,0,0,0,0
181609633,NODE_B4BFE934ED80,child,8,F4:2D:C9:73:E6:19,-93,88,32,32,0,0,0,0,0
181709640,NODE_B4BFE934ED80,child,8,F4:2D:C9:73:E6:19,-93,88,32,32,0,0,0,0,0
181809628,NODE_B4BFE934ED80,child,8,F4:2D:C9:73:E6:19,-89,88,32,32,0,0,0,0,0
181909637,NODE_B4BFE934ED80,child,8,F4:2D:C9:73:E6:19,-89,88,32,32,0,0,0,0,0
182009636,NODE_B4BFE934ED80,child,8,F4:2D:C9:73:E6:19,-89,88,32,32,0,0,0,0,0
182109636,NODE_B4BFE934ED80,child,8,F4:2D:C9:73:E6:19,-94,88,32,32,0,0,0,0,0
182209637,NODE_B4BFE934ED80,child,8,F4:2D:C9:73:E6:19,-94,88,33,33,0,0,0,0,0
182309632,NODE_B4BFE934ED80,child,8,F4:2D:C9:73:E6:19,-94,88,33,33,0,0,0,0,0
182409632,NODE_B4BFE934ED80,child,8,F4:2D:C9:73:E6:19,-95,88,33,33,0,0,0,0,0
182509633,NODE_B4BFE934ED80,child,8,F4:2D:C9:73:E6:19,-95,88,33,33,0,0,0,0,0
182609632,NODE_B4BFE934ED80,child,8,F4:2D:C9:73:E6:19,-95,88,33,33,0,0,0,0,0
182709628,NODE_B4BFE934ED80,child,8,F4:2D:C9:73:E6:19,-93,88,33,33,0,0,0,0,0
182809633,NODE_B4BFE934ED80,child,8,F4:2D:C9:73:E6:19,-93,88,33,33,0,0,0,0,0
182909632,NODE_B4BFE934ED80,child,8,F4:2D:C9:73:E6:19,-93,88,33,33,0,0,0,0,0
183009640,NODE_B4BFE934ED80,child,8,F4:2D:C9:73:E6:19,-92,88,33,33,0,0,0,0,0
183109633,NODE_B4BFE934ED80,child,8,F4:2D:C9:73:E6:19,-92,88,33,33,0,0,0,0,0
183209628,NODE_B4BFE934ED80,child,8,F4:2D:C9:73:E6:19,-92,88,34,34,0,0,0,0,0
183309632,NODE_B4BFE934ED80,child,8,F4:2D:C9:73:E6:19,-92,88,34,34,0,0,0,0,0
183409629,NODE_B4BFE934ED80,child,8,F4:2D:C9:73:E6:19,-92,88,34,34,0,0,0,0,0
183509628,NODE_B4BFE934ED80,child,8,F4:2D:C9:73:E6:19,-92,88,34,34,0,0,0,0,0
183609632,NODE_B4BFE934ED80,child,8,F4:2D:C9:73:E6:19,-93,88,34,34,0,0,0,0,0
183709629,NODE_B4BFE934ED80,child,8,F4:2D:C9:73:E6:19,-93,88,34,34,0,0,0,0,0
183809628,NODE_B4BFE934ED80,child,8,F4:2D:C9:73:E6:19,-93,88,34,34,0,0,0,0,0
183909628,NODE_B4BFE934ED80,child,8,F4:2D:C9:73:E6:19,-93,88,34,34,0,0,0,0,0
184009637,NODE_B4BFE934ED80,child,8,F4:2D:C9:73:E6:19,-93,88,34,34,0,0,0,0,0
184109628,NODE_B4BFE934ED80,child,8,F4:2D:C9:73:E6:19,-93,88,34,34,0,0,0,0,0
184209632,NODE_B4BFE934ED80,child,8,F4:2D:C9:73:E6:19,-92,88,35,35,0,0,0,0,0
184309641,NODE_B4BFE934ED80,child,8,F4:2D:C9:73:E6:19,-92,88,35,35,0,0,0,0,0
184409624,NODE_B4BFE934ED80,child,8,F4:2D:C9:73:E6:19,-92,88,35,35,0,0,0,0,0
184509633,NODE_B4BFE934ED80,child,8,F4:2D:C9:73:E6:19,-92,88,35,35,0,0,0,0,0
184610151,NODE_B4BFE934ED80,child,8,F4:2D:C9:73:E6:19,-93,88,35,35,0,0,0,0,0
184709628,NODE_B4BFE934ED80,child,8,F4:2D:C9:73:E6:19,-93,88,35,35,0,0,0,0,0
184809636,NODE_B4BFE934ED80,child,8,F4:2D:C9:73:E6:19,-93,88,35,35,0,0,0,0,0
184909633,NODE_B4BFE934ED80,child,8,F4:2D:C9:73:E6:19,-92,88,35,35,0,0,0,0,0
185009636,NODE_B4BFE934ED80,child,8,F4:2D:C9:73:E6:19,-92,88,35,35,0,0,0,0,0
185109628,NODE_B4BFE934ED80,child,8,F4:2D:C9:73:E6:19,-92,88,35,35,0,0,0,0,0
185209633,NODE_B4BFE934ED80,child,8,F4:2D:C9:73:E6:19,-94,88,36,36,0,0,0,0,0
185309640,NODE_B4BFE934ED80,child,8,F4:2D:C9:73:E6:19,-94,88,36,36,0,0,0,0,0
185409632,NODE_B4BFE934ED80,child,8,F4:2D:C9:73:E6:19,-94,88,36,36,0,0,0,0,0
185509629,NODE_B4BFE934ED80,child,8,F4:2D:C9:73:E6:19,-93,88,36,36,0,0,0,0,0
185609636,NODE_B4BFE934ED80,child,8,F4:2D:C9:73:E6:19,-93,88,36,36,0,0,0,0,0
185709632,NODE_B4BFE934ED80,child,8,F4:2D:C9:73:E6:19,-93,88,36,36,0,0,0,0,0
185809629,NODE_B4BFE934ED80,child,8,F4:2D:C9:73:E6:19,-93,88,36,36,0,0,0,0,0
185909628,NODE_B4BFE934ED80,child,8,F4:2D:C9:73:E6:19,-93,88,36,36,0,0,0,0,0
186009632,NODE_B4BFE934ED80,child,8,F4:2D:C9:73:E6:19,-93,88,36,36,0,0,0,0,0
186109629,NODE_B4BFE934ED80,child,8,F4:2D:C9:73:E6:19,-92,88,36,36,0,0,0,0,0
186209640,NODE_B4BFE934ED80,child,8,F4:2D:C9:73:E6:19,-92,88,37,37,0,0,0,0,0
186309632,NODE_B4BFE934ED80,child,8,F4:2D:C9:73:E6:19,-92,88,37,37,0,0,0,0,0
186409629,NODE_B4BFE934ED80,child,8,F4:2D:C9:73:E6:19,-92,88,37,37,0,0,0,0,0
186509636,NODE_B4BFE934ED80,child,8,F4:2D:C9:73:E6:19,-92,88,37,37,0,0,0,0,0
186609632,NODE_B4BFE934ED80,child,8,F4:2D:C9:73:E6:19,-92,88,37,37,0,0,0,0,0
186709637,NODE_B4BFE934ED80,child,8,F4:2D:C9:73:E6:19,-94,88,37,37,0,0,0,0,0
186809628,NODE_B4BFE934ED80,child,8,F4:2D:C9:73:E6:19,-94,88,37,37,0,0,0,0,0
186909632,NODE_B4BFE934ED80,child,8,F4:2D:C9:73:E6:19,-94,88,37,37,0,0,0,0,0
187009633,NODE_B4BFE934ED80,child,8,F4:2D:C9:73:E6:19,-92,88,37,37,0,0,0,0,0
187109632,NODE_B4BFE934ED80,child,8,F4:2D:C9:73:E6:19,-92,88,37,37,0,0,0,0,0
187209632,NODE_B4BFE934ED80,child,8,F4:2D:C9:73:E6:19,-92,88,38,38,0,0,0,0,0
187309637,NODE_B4BFE934ED80,child,8,F4:2D:C9:73:E6:19,-92,88,38,38,0,0,0,0,0
187409628,NODE_B4BFE934ED80,child,8,F4:2D:C9:73:E6:19,-92,88,38,38,0,0,0,0,0
187509628,NODE_B4BFE934ED80,child,8,F4:2D:C9:73:E6:19,-92,88,38,38,0,0,0,0,0
187609629,NODE_B4BFE934ED80,child,8,F4:2D:C9:73:E6:19,-91,88,38,38,0,0,0,0,0
187709632,NODE_B4BFE934ED80,child,8,F4:2D:C9:73:E6:19,-91,88,38,38,0,0,0,0,0
187809636,NODE_B4BFE934ED80,child,8,F4:2D:C9:73:E6:19,-91,88,38,38,0,0,0,0,0
187909629,NODE_B4BFE934ED80,child,8,F4:2D:C9:73:E6:19,-92,88,38,38,0,0,0,0,0
188009640,NODE_B4BFE934ED80,child,8,F4:2D:C9:73:E6:19,-92,88,38,38,0,0,0,0,0
188109632,NODE_B4BFE934ED80,child,8,F4:2D:C9:73:E6:19,-92,88,38,38,0,0,0,0,0
188209633,NODE_B4BFE934ED80,child,8,F4:2D:C9:73:E6:19,-94,88,39,39,0,0,0,0,0
188309632,NODE_B4BFE934ED80,child,8,F4:2D:C9:73:E6:19,-94,88,39,39,0,0,0,0,0
188409914,NODE_B4BFE934ED80,child,8,F4:2D:C9:73:E6:19,-94,88,39,39,0,0,0,0,0
188509629,NODE_B4BFE934ED80,child,8,F4:2D:C9:73:E6:19,-91,88,39,39,0,0,0,0,0
188609640,NODE_B4BFE934ED80,child,8,F4:2D:C9:73:E6:19,-91,88,39,39,0,0,0,0,0
188709624,NODE_B4BFE934ED80,child,8,F4:2D:C9:73:E6:19,-91,88,39,39,0,0,0,0,0
188809629,NODE_B4BFE934ED80,child,8,F4:2D:C9:73:E6:19,-91,88,39,39,0,0,0,0,0
188909632,NODE_B4BFE934ED80,child,8,F4:2D:C9:73:E6:19,-94,88,39,39,0,0,0,0,0
189009636,NODE_B4BFE934ED80,child,8,F4:2D:C9:73:E6:19,-94,88,39,39,0,0,0,0,0
189109629,NODE_B4BFE934ED80,child,8,F4:2D:C9:73:E6:19,-94,88,39,39,0,0,0,0,0
189209632,NODE_B4BFE934ED80,child,8,F4:2D:C9:73:E6:19,-92,88,40,40,0,0,0,0,0
189309636,NODE_B4BFE934ED80,child,8,F4:2D:C9:73:E6:19,-92,88,40,40,0,0,0,0,0
189409633,NODE_B4BFE934ED80,child,8,F4:2D:C9:73:E6:19,-92,88,40,40,0,0,0,0,0
189509628,NODE_B4BFE934ED80,child,8,F4:2D:C9:73:E6:19,-95,88,40,40,0,0,0,0,0
189609640,NODE_B4BFE934ED80,child,8,F4:2D:C9:73:E6:19,-95,88,40,40,0,0,0,0,0
189709637,NODE_B4BFE934ED80,child,8,F4:2D:C9:73:E6:19,-95,88,40,40,0,0,0,0,0
189809628,NODE_B4BFE934ED80,child,8,F4:2D:C9:73:E6:19,-92,88,40,40,0,0,0,0,0
189909632,NODE_B4BFE934ED80,child,8,F4:2D:C9:73:E6:19,-92,88,40,40,0,0,0,0,0
190009637,NODE_B4BFE934ED80,child,8,F4:2D:C9:73:E6:19,-92,88,40,40,0,0,0,0,0
190109628,NODE_B4BFE934ED80,child,8,F4:2D:C9:73:E6:19,-95,88,40,40,0,0,0,0,0
190209632,NODE_B4BFE934ED80,child,8,F4:2D:C9:73:E6:19,-95,88,41,41,0,0,0,0,0
190309629,NODE_B4BFE934ED80,child,8,F4:2D:C9:73:E6:19,-95,88,41,41,0,0,0,0,0
190409628,NODE_B4BFE934ED80,child,8,F4:2D:C9:73:E6:19,-93,88,41,41,0,0,0,0,0
190509632,NODE_B4BFE934ED80,child,8,F4:2D:C9:73:E6:19,-93,88,41,41,0,0,0,0,0
190609633,NODE_B4BFE934ED80,child,8,F4:2D:C9:73:E6:19,-93,88,41,41,0,0,0,0,0
190709628,NODE_B4BFE934ED80,child,8,F4:2D:C9:73:E6:19,-95,88,41,41,0,0,0,0,0
190809632,NODE_B4BFE934ED80,child,8,F4:2D:C9:73:E6:19,-95,88,41,41,0,0,0,0,0
190909633,NODE_B4BFE934ED80,child,8,F4:2D:C9:73:E6:19,-95,88,41,41,0,0,0,0,0
191009632,NODE_B4BFE934ED80,child,8,F4:2D:C9:73:E6:19,-92,88,41,41,0,0,0,0,0
191109632,NODE_B4BFE934ED80,child,8,F4:2D:C9:73:E6:19,-92,88,41,41,0,0,0,0,0
191209633,NODE_B4BFE934ED80,child,8,F4:2D:C9:73:E6:19,-92,88,42,42,0,0,0,0,0
191309636,NODE_B4BFE934ED80,child,8,F4:2D:C9:73:E6:19,-92,88,42,42,0,0,0,0,0
191409632,NODE_B4BFE934ED80,child,8,F4:2D:C9:73:E6:19,-92,88,42,42,0,0,0,0,0
191509629,NODE_B4BFE934ED80,child,8,F4:2D:C9:73:E6:19,-92,88,42,42,0,0,0,0,0
191609628,NODE_B4BFE934ED80,child,8,F4:2D:C9:73:E6:19,-93,88,42,42,0,0,0,0,0
191709632,NODE_B4BFE934ED80,child,8,F4:2D:C9:73:E6:19,-93,88,42,42,0,0,0,0,0
191809633,NODE_B4BFE934ED80,child,8,F4:2D:C9:73:E6:19,-93,88,42,42,0,0,0,0,0
191909643,NODE_B4BFE934ED80,child,8,F4:2D:C9:73:E6:19,-93,88,42,42,0,0,0,0,0
192009640,NODE_B4BFE934ED80,child,8,F4:2D:C9:73:E6:19,-93,88,42,42,0,0,0,0,0
192109629,NODE_B4BFE934ED80,child,8,F4:2D:C9:73:E6:19,-93,88,42,42,0,0,0,0,0
192209632,NODE_B4BFE934ED80,child,8,F4:2D:C9:73:E6:19,-96,88,43,43,0,0,0,0,0
192309636,NODE_B4BFE934ED80,child,8,F4:2D:C9:73:E6:19,-96,88,43,43,0,0,0,0,0
192409633,NODE_B4BFE934ED80,child,8,F4:2D:C9:73:E6:19,-96,88,43,43,0,0,0,0,0
192509624,NODE_B4BFE934ED80,child,8,F4:2D:C9:73:E6:19,-96,88,43,43,0,0,0,0,0
192609640,NODE_B4BFE934ED80,child,8,F4:2D:C9:73:E6:19,-96,88,43,43,0,0,0,0,0
192709633,NODE_B4BFE934ED80,child,8,F4:2D:C9:73:E6:19,-96,88,43,43,0,0,0,0,0
192809632,NODE_B4BFE934ED80,child,8,F4:2D:C9:73:E6:19,-95,88,43,43,0,0,0,0,0
192909632,NODE_B4BFE934ED80,child,8,F4:2D:C9:73:E6:19,-95,88,43,43,0,0,0,0,0
193009629,NODE_B4BFE934ED80,child,8,F4:2D:C9:73:E6:19,-95,88,43,43,0,0,0,0,0
193109632,NODE_B4BFE934ED80,child,8,F4:2D:C9:73:E6:19,-95,88,43,43,0,0,0,0,0
193209632,NODE_B4BFE934ED80,child,8,F4:2D:C9:73:E6:19,-93,88,44,44,0,0,0,0,0
193309641,NODE_B4BFE934ED80,child,8,F4:2D:C9:73:E6:19,-93,88,44,44,0,0,0,0,0
193409632,NODE_B4BFE934ED80,child,8,F4:2D:C9:73:E6:19,-93,88,44,44,0,0,0,0,0
193509640,NODE_B4BFE934ED80,child,8,F4:2D:C9:73:E6:19,-93,88,44,44,0,0,0,0,0
193609633,NODE_B4BFE934ED80,child,8,F4:2D:C9:73:E6:19,-93,88,44,44,0,0,0,0,0
193709636,NODE_B4BFE934ED80,child,8,F4:2D:C9:73:E6:19,-93,88,44,44,0,0,0,0,0
193809636,NODE_B4BFE934ED80,child,8,F4:2D:C9:73:E6:19,-95,88,44,44,0,0,0,0,0
193909633,NODE_B4BFE934ED80,child,8,F4:2D:C9:73:E6:19,-95,88,44,44,0,0,0,0,0
194009636,NODE_B4BFE934ED80,child,8,F4:2D:C9:73:E6:19,-95,88,44,44,0,0,0,0,0
194109632,NODE_B4BFE934ED80,child,8,F4:2D:C9:73:E6:19,-92,88,44,44,0,0,0,0,0
194209633,NODE_B4BFE934ED80,child,8,F4:2D:C9:73:E6:19,-92,88,45,45,0,0,0,0,0
194309624,NODE_B4BFE934ED80,child,8,F4:2D:C9:73:E6:19,-92,88,45,45,0,0,0,0,0
194409636,NODE_B4BFE934ED80,child,8,F4:2D:C9:73:E6:19,-95,88,45,45,0,0,0,0,0
194509633,NODE_B4BFE934ED80,child,8,F4:2D:C9:73:E6:19,-95,88,45,45,0,0,0,0,0
194609636,NODE_B4BFE934ED80,child,8,F4:2D:C9:73:E6:19,-95,88,45,45,0,0,0,0,0
194709636,NODE_B4BFE934ED80,child,8,F4:2D:C9:73:E6:19,-93,88,45,45,0,0,0,0,0
194809637,NODE_B4BFE934ED80,child,8,F4:2D:C9:73:E6:19,-93,88,45,45,0,0,0,0,0
194909632,NODE_B4BFE934ED80,child,8,F4:2D:C9:73:E6:19,-93,88,45,45,0,0,0,0,0
195009628,NODE_B4BFE934ED80,child,8,F4:2D:C9:73:E6:19,-93,88,45,45,0,0,0,0,0
195109633,NODE_B4BFE934ED80,child,8,F4:2D:C9:73:E6:19,-93,88,45,45,0,0,0,0,0
195209632,NODE_B4BFE934ED80,child,8,F4:2D:C9:73:E6:19,-93,88,46,46,0,0,0,0,0
195309640,NODE_B4BFE934ED80,child,8,F4:2D:C9:73:E6:19,-93,88,46,46,0,0,0,0,0
195409629,NODE_B4BFE934ED80,child,8,F4:2D:C9:73:E6:19,-93,88,46,46,0,0,0,0,0
195509628,NODE_B4BFE934ED80,child,8,F4:2D:C9:73:E6:19,-93,88,46,46,0,0,0,0,0
195609628,NODE_B4BFE934ED80,child,8,F4:2D:C9:73:E6:19,-94,88,46,46,0,0,0,0,0
195709633,NODE_B4BFE934ED80,child,8,F4:2D:C9:73:E6:19,-94,88,46,46,0,0,0,0,0
195809628,NODE_B4BFE934ED80,child,8,F4:2D:C9:73:E6:19,-94,88,46,46,0,0,0,0,0
195909628,NODE_B4BFE934ED80,child,8,F4:2D:C9:73:E6:19,-97,88,46,46,0,0,0,0,0
196009637,NODE_B4BFE934ED80,child,8,F4:2D:C9:73:E6:19,-97,88,46,46,0,0,0,0,0
196109628,NODE_B4BFE934ED80,child,8,F4:2D:C9:73:E6:19,-97,88,46,46,0,0,0,0,0
196209636,NODE_B4BFE934ED80,child,8,F4:2D:C9:73:E6:19,-96,88,47,47,0,0,0,0,0
196309633,NODE_B4BFE934ED80,child,8,F4:2D:C9:73:E6:19,-96,88,47,47,0,0,0,0,0
196409636,NODE_B4BFE934ED80,child,8,F4:2D:C9:73:E6:19,-96,88,47,47,0,0,0,0,0
196509640,NODE_B4BFE934ED80,child,8,F4:2D:C9:73:E6:19,-95,88,47,47,0,0,0,0,0
196609641,NODE_B4BFE934ED80,child,8,F4:2D:C9:73:E6:19,-95,88,47,47,0,0,0,0,0
196709632,NODE_B4BFE934ED80,child,8,F4:2D:C9:73:E6:19,-95,88,47,47,0,0,0,0,0
196809628,NODE_B4BFE934ED80,child,8,F4:2D:C9:73:E6:19,-94,88,47,47,0,0,0,0,0
196909637,NODE_B4BFE934ED80,child,8,F4:2D:C9:73:E6:19,-94,88,47,47,0,0,0,0,0
197009632,NODE_B4BFE934ED80,child,8,F4:2D:C9:73:E6:19,-94,88,47,47,0,0,0,0,0
197109667,NODE_B4BFE934ED80,child,8,F4:2D:C9:73:E6:19,-94,88,47,47,0,0,0,0,0
197209633,NODE_B4BFE934ED80,child,8,F4:2D:C9:73:E6:19,-94,88,48,48,0,0,0,0,0
197309636,NODE_B4BFE934ED80,child,8,F4:2D:C9:73:E6:19,-94,88,48,48,0,0,0,0,0
197409632,NODE_B4BFE934ED80,child,8,F4:2D:C9:73:E6:19,-94,88,48,48,0,0,0,0,0
197509629,NODE_B4BFE934ED80,child,8,F4:2D:C9:73:E6:19,-93,88,48,48,0,0,0,0,0
197609636,NODE_B4BFE934ED80,child,8,F4:2D:C9:73:E6:19,-93,88,48,48,0,0,0,0,0
197709632,NODE_B4BFE934ED80,child,8,F4:2D:C9:73:E6:19,-93,88,48,48,0,0,0,0,0
197809629,NODE_B4BFE934ED80,child,8,F4:2D:C9:73:E6:19,-93,88,48,48,0,0,0,0,0
197909632,NODE_B4BFE934ED80,child,8,F4:2D:C9:73:E6:19,-93,88,48,48,0,0,0,0,0
198009632,NODE_B4BFE934ED80,child,8,F4:2D:C9:73:E6:19,-93,88,48,48,0,0,0,0,0
198109637,NODE_B4BFE934ED80,child,8,F4:2D:C9:73:E6:19,-97,88,48,48,0,0,0,0,0
198209636,NODE_B4BFE934ED80,child,8,F4:2D:C9:73:E6:19,-97,88,49,49,0,0,0,0,0
198309632,NODE_B4BFE934ED80,child,8,F4:2D:C9:73:E6:19,-97,88,49,49,0,0,0,0,0
198409629,NODE_B4BFE934ED80,child,8,F4:2D:C9:73:E6:19,-95,88,49,49,0,0,0,0,0
198509632,NODE_B4BFE934ED80,child,8,F4:2D:C9:73:E6:19,-95,88,49,49,0,0,0,0,0
198609632,NODE_B4BFE934ED80,child,8,F4:2D:C9:73:E6:19,-95,88,49,49,0,0,0,0,0
198709629,NODE_B4BFE934ED80,child,8,F4:2D:C9:73:E6:19,-96,88,49,49,0,0,0,0,0
198809632,NODE_B4BFE934ED80,child,8,F4:2D:C9:73:E6:19,-96,88,49,49,0,0,0,0,0
198909632,NODE_B4BFE934ED80,child,8,F4:2D:C9:73:E6:19,-96,88,49,49,0,0,0,0,0
199009629,NODE_B4BFE934ED80,child,8,F4:2D:C9:73:E6:19,-94,88,49,49,0,0,0,0,0
199109636,NODE_B4BFE934ED80,child,8,F4:2D:C9:73:E6:19,-94,88,49,49,0,0,0,0,0
199209632,NODE_B4BFE934ED80,child,8,F4:2D:C9:73:E6:19,-94,88,50,50,0,0,0,0,0
199309637,NODE_B4BFE934ED80,child,8,F4:2D:C9:73:E6:19,-94,88,50,50,0,0,0,0,0
199409628,NODE_B4BFE934ED80,child,8,F4:2D:C9:73:E6:19,-94,88,50,50,0,0,0,0,0
199509632,NODE_B4BFE934ED80,child,8,F4:2D:C9:73:E6:19,-94,88,50,50,0,0,0,0,0
199609629,NODE_B4BFE934ED80,child,8,F4:2D:C9:73:E6:19,-94,88,50,50,0,0,0,0,0
199709640,NODE_B4BFE934ED80,child,8,F4:2D:C9:73:E6:19,-94,88,50,50,0,0,0,0,0
199809632,NODE_B4BFE934ED80,child,8,F4:2D:C9:73:E6:19,-94,88,50,50,0,0,0,0,0
199909629,NODE_B4BFE934ED80,child,8,F4:2D:C9:73:E6:19,-91,88,50,50,0,0,0,0,0
200009636,NODE_B4BFE934ED80,child,8,F4:2D:C9:73:E6:19,-91,88,50,50,0,0,0,0,0
200109636,NODE_B4BFE934ED80,child,8,F4:2D:C9:73:E6:19,-91,88,50,50,0,0,0,0,0
200209637,NODE_B4BFE934ED80,child,8,F4:2D:C9:73:E6:19,-94,88,51,51,0,0,0,0,0
200309636,NODE_B4BFE934ED80,child,8,F4:2D:C9:73:E6:19,-94,88,51,51,0,0,0,0,0
200409636,NODE_B4BFE934ED80,child,8,F4:2D:C9:73:E6:19,-94,88,51,51,0,0,0,0,0
200509629,NODE_B4BFE934ED80,child,8,F4:2D:C9:73:E6:19,-96,88,51,51,0,0,0,0,0
200609636,NODE_B4BFE934ED80,child,8,F4:2D:C9:73:E6:19,-96,88,51,51,0,0,0,0,0
200709632,NODE_B4BFE934ED80,child,8,F4:2D:C9:73:E6:19,-96,88,51,51,0,0,0,0,0
200809629,NODE_B4BFE934ED80,child,8,F4:2D:C9:73:E6:19,-94,88,51,51,0,0,0,0,0
200909632,NODE_B4BFE934ED80,child,8,F4:2D:C9:73:E6:19,-94,88,51,51,0,0,0,0,0
201009632,NODE_B4BFE934ED80,child,8,F4:2D:C9:73:E6:19,-94,88,51,51,0,0,0,0,0
201109629,NODE_B4BFE934ED80,child,8,F4:2D:C9:73:E6:19,-97,88,51,51,0,0,0,0,0
201209632,NODE_B4BFE934ED80,child,8,F4:2D:C9:73:E6:19,-97,88,52,52,0,0,0,0,0
201309632,NODE_B4BFE934ED80,child,8,F4:2D:C9:73:E6:19,-97,88,52,52,0,0,0,0,0
201409625,NODE_B4BFE934ED80,child,8,F4:2D:C9:73:E6:19,-97,88,52,52,0,0,0,0,0
201509640,NODE_B4BFE934ED80,child,8,F4:2D:C9:73:E6:19,-94,88,52,52,0,0,0,0,0
201609632,NODE_B4BFE934ED80,child,8,F4:2D:C9:73:E6:19,-94,88,52,52,0,0,0,0,0
201709633,NODE_B4BFE934ED80,child,8,F4:2D:C9:73:E6:19,-94,88,52,52,0,0,0,0,0
201809624,NODE_B4BFE934ED80,child,8,F4:2D:C9:73:E6:19,-96,88,52,52,0,0,0,0,0
201909632,NODE_B4BFE934ED80,child,8,F4:2D:C9:73:E6:19,-96,88,52,52,0,0,0,0,0
202009633,NODE_B4BFE934ED80,child,8,F4:2D:C9:73:E6:19,-96,88,52,52,0,0,0,0,0
202109628,NODE_B4BFE934ED80,child,8,F4:2D:C9:73:E6:19,-94,88,52,52,0,0,0,0,0
202209628,NODE_B4BFE934ED80,child,8,F4:2D:C9:73:E6:19,-94,88,53,53,0,0,0,0,0
202309629,NODE_B4BFE934ED80,child,8,F4:2D:C9:73:E6:19,-94,88,53,53,0,0,0,0,0
202409628,NODE_B4BFE934ED80,child,8,F4:2D:C9:73:E6:19,-94,88,53,53,0,0,0,0,0
202509636,NODE_B4BFE934ED80,child,8,F4:2D:C9:73:E6:19,-94,88,53,53,0,0,0,0,0
202609633,NODE_B4BFE934ED80,child,8,F4:2D:C9:73:E6:19,-94,88,53,53,0,0,0,0,0
202709628,NODE_B4BFE934ED80,child,8,F4:2D:C9:73:E6:19,-93,88,53,53,0,0,0,0,0
202809628,NODE_B4BFE934ED80,child,8,F4:2D:C9:73:E6:19,-93,88,53,53,0,0,0,0,0
202909633,NODE_B4BFE934ED80,child,8,F4:2D:C9:73:E6:19,-93,88,53,53,0,0,0,0,0
203009632,NODE_B4BFE934ED80,child,8,F4:2D:C9:73:E6:19,-95,88,53,53,0,0,0,0,0
203109632,NODE_B4BFE934ED80,child,8,F4:2D:C9:73:E6:19,-95,88,53,53,0,0,0,0,0
203209633,NODE_B4BFE934ED80,child,8,F4:2D:C9:73:E6:19,-95,88,54,54,0,0,0,0,0
203309636,NODE_B4BFE934ED80,child,8,F4:2D:C9:73:E6:19,-96,88,54,54,0,0,0,0,0
203409628,NODE_B4BFE934ED80,child,8,F4:2D:C9:73:E6:19,-96,88,54,54,0,0,0,0,0
203509629,NODE_B4BFE934ED80,child,8,F4:2D:C9:73:E6:19,-96,88,54,54,0,0,0,0,0
203609628,NODE_B4BFE934ED80,child,8,F4:2D:C9:73:E6:19,-93,88,54,54,0,0,0,0,0
203709632,NODE_B4BFE934ED80,child,8,F4:2D:C9:73:E6:19,-93,88,54,54,0,0,0,0,0
203809629,NODE_B4BFE934ED80,child,8,F4:2D:C9:73:E6:19,-93,88,54,54,0,0,0,0,0
203909628,NODE_B4BFE934ED80,child,8,F4:2D:C9:73:E6:19,-96,88,54,54,0,0,0,0,0
204009636,NODE_B4BFE934ED80,child,8,F4:2D:C9:73:E6:19,-96,88,54,54,0,0,0,0,0
204109629,NODE_B4BFE934ED80,child,8,F4:2D:C9:73:E6:19,-96,88,54,54,0,0,0,0,0
204209636,NODE_B4BFE934ED80,child,8,F4:2D:C9:73:E6:19,-94,88,55,55,0,0,0,0,0
204309632,NODE_B4BFE934ED80,child,8,F4:2D:C9:73:E6:19,-94,88,55,55,0,0,0,0,0
204409633,NODE_B4BFE934ED80,child,8,F4:2D:C9:73:E6:19,-94,88,55,55,0,0,0,0,0
204509628,NODE_B4BFE934ED80,child,8,F4:2D:C9:73:E6:19,-92,88,55,55,0,0,0,0,0
204609636,NODE_B4BFE934ED80,child,8,F4:2D:C9:73:E6:19,-92,88,55,55,0,0,0,0,0
204709641,NODE_B4BFE934ED80,child,8,F4:2D:C9:73:E6:19,-92,88,55,55,0,0,0,0,0
204809628,NODE_B4BFE934ED80,child,8,F4:2D:C9:73:E6:19,-93,88,55,55,0,0,0,0,0
204909636,NODE_B4BFE934ED80,child,8,F4:2D:C9:73:E6:19,-93,88,55,55,0,0,0,0,0
205009633,NODE_B4BFE934ED80,child,8,F4:2D:C9:73:E6:19,-93,88,55,55,0,0,0,0,0
205109628,NODE_B4BFE934ED80,child,8,F4:2D:C9:73:E6:19,-93,88,55,55,0,0,0,0,0
205209632,NODE_B4BFE934ED80,child,8,F4:2D:C9:73:E6:19,-93,88,56,56,0,0,0,0,0
205309633,NODE_B4BFE934ED80,child,8,F4:2D:C9:73:E6:19,-93,88,56,56,0,0,0,0,0
205409628,NODE_B4BFE934ED80,child,8,F4:2D:C9:73:E6:19,-96,88,56,56,0,0,0,0,0
205509636,NODE_B4BFE934ED80,child,8,F4:2D:C9:73:E6:19,-96,88,56,56,0,0,0,0,0
205609625,NODE_B4BFE934ED80,child,8,F4:2D:C9:73:E6:19,-96,88,56,56,0,0,0,0,0
205709632,NODE_B4BFE934ED80,child,8,F4:2D:C9:73:E6:19,-96,88,56,56,0,0,0,0,0
205809636,NODE_B4BFE934ED80,child,8,F4:2D:C9:73:E6:19,-92,88,56,56,0,0,0,0,0
205909625,NODE_B4BFE934ED80,child,8,F4:2D:C9:73:E6:19,-92,88,56,56,0,0,0,0,0
206009632,NODE_B4BFE934ED80,child,8,F4:2D:C9:73:E6:19,-92,88,56,56,0,0,0,0,0
206109628,NODE_B4BFE934ED80,child,8,F4:2D:C9:73:E6:19,-95,88,56,56,0,0,0,0,0
206209629,NODE_B4BFE934ED80,child,8,F4:2D:C9:73:E6:19,-95,88,57,57,0,0,0,0,0
206309628,NODE_B4BFE934ED80,child,8,F4:2D:C9:73:E6:19,-95,88,57,57,0,0,0,0,0
206409636,NODE_B4BFE934ED80,child,8,F4:2D:C9:73:E6:19,-90,88,57,57,0,0,0,0,0
206509637,NODE_B4BFE934ED80,child,8,F4:2D:C9:73:E6:19,-90,88,57,57,0,0,0,0,0
206609632,NODE_B4BFE934ED80,child,8,F4:2D:C9:73:E6:19,-90,88,57,57,0,0,0,0,0
206709632,NODE_B4BFE934ED80,child,8,F4:2D:C9:73:E6:19,-93,88,57,57,0,0,0,0,0
206809633,NODE_B4BFE934ED80,child,8,F4:2D:C9:73:E6:19,-93,88,57,57,0,0,0,0,0
206909632,NODE_B4BFE934ED80,child,8,F4:2D:C9:73:E6:19,-93,88,57,57,0,0,0,0,0
207009636,NODE_B4BFE934ED80,child,8,F4:2D:C9:73:E6:19,-93,88,57,57,0,0,0,0,0
207109629,NODE_B4BFE934ED80,child,8,F4:2D:C9:73:E6:19,-93,88,57,57,0,0,0,0,0
207209632,NODE_B4BFE934ED80,child,8,F4:2D:C9:73:E6:19,-93,88,58,58,0,0,0,0,0
207309636,NODE_B4BFE934ED80,child,8,F4:2D:C9:73:E6:19,-94,88,58,58,0,0,0,0,0
207409629,NODE_B4BFE934ED80,child,8,F4:2D:C9:73:E6:19,-94,88,58,58,0,0,0,0,0
207509628,NODE_B4BFE934ED80,child,8,F4:2D:C9:73:E6:19,-94,88,58,58,0,0,0,0,0
207609628,NODE_B4BFE934ED80,child,8,F4:2D:C9:73:E6:19,-94,88,58,58,0,0,0,0,0
207709633,NODE_B4BFE934ED80,child,8,F4:2D:C9:73:E6:19,-94,88,58,58,0,0,0,0,0
207809628,NODE_B4BFE934ED80,child,8,F4:2D:C9:73:E6:19,-94,88,58,58,0,0,0,0,0
207909624,NODE_B4BFE934ED80,child,8,F4:2D:C9:73:E6:19,-92,88,58,58,0,0,0,0,0
208009637,NODE_B4BFE934ED80,child,8,F4:2D:C9:73:E6:19,-92,88,58,58,0,0,0,0,0
208109632,NODE_B4BFE934ED80,child,8,F4:2D:C9:73:E6:19,-92,88,58,58,0,0,0,0,0
208209640,NODE_B4BFE934ED80,child,8,F4:2D:C9:73:E6:19,-93,88,59,59,0,0,0,0,0
208309633,NODE_B4BFE934ED80,child,8,F4:2D:C9:73:E6:19,-93,88,59,59,0,0,0,0,0
208409632,NODE_B4BFE934ED80,child,8,F4:2D:C9:73:E6:19,-93,88,59,59,0,0,0,0,0
208509636,NODE_B4BFE934ED80,child,8,F4:2D:C9:73:E6:19,-93,88,59,59,0,0,0,0,0
208609641,NODE_B4BFE934ED80,child,8,F4:2D:C9:73:E6:19,-93,88,59,59,0,0,0,0,0
208709632,NODE_B4BFE934ED80,child,8,F4:2D:C9:73:E6:19,-93,88,59,59,0,0,0,0,0
208809628,NODE_B4BFE934ED80,child,8,F4:2D:C9:73:E6:19,-94,88,59,59,0,0,0,0,0
208909633,NODE_B4BFE934ED80,child,8,F4:2D:C9:73:E6:19,-94,88,59,59,0,0,0,0,0
209009632,NODE_B4BFE934ED80,child,8,F4:2D:C9:73:E6:19,-94,88,59,59,0,0,0,0,0
209109628,NODE_B4BFE934ED80,child,8,F4:2D:C9:73:E6:19,-94,88,59,59,0,0,0,0,0
209209633,NODE_B4BFE934ED80,child,8,F4:2D:C9:73:E6:19,-94,88,60,60,0,0,0,0,0
209309632,NODE_B4BFE934ED80,child,8,F4:2D:C9:73:E6:19,-94,88,60,60,0,0,0,0,0
209409676,NODE_B4BFE934ED80,child,8,F4:2D:C9:73:E6:19,-94,88,60,60,0,0,0,0,0
209509633,NODE_B4BFE934ED80,child,8,F4:2D:C9:73:E6:19,-94,88,60,60,0,0,0,0,0
209609628,NODE_B4BFE934ED80,child,8,F4:2D:C9:73:E6:19,-94,88,60,60,0,0,0,0,0
209709628,NODE_B4BFE934ED80,child,8,F4:2D:C9:73:E6:19,-94,88,60,60,0,0,0,0,0
209809637,NODE_B4BFE934ED80,child,8,F4:2D:C9:73:E6:19,-94,88,60,60,0,0,0,0,0
209909628,NODE_B4BFE934ED80,child,8,F4:2D:C9:73:E6:19,-94,88,60,60,0,0,0,0,0
210009636,NODE_B4BFE934ED80,child,8,F4:2D:C9:73:E6:19,-94,88,60,60,0,0,0,0,0
210109629,NODE_B4BFE934ED80,child,8,F4:2D:C9:73:E6:19,-98,88,60,60,0,0,0,0,0
210209632,NODE_B4BFE934ED80,child,8,F4:2D:C9:73:E6:19,-98,88,61,61,0,0,0,0,0
210309624,NODE_B4BFE934ED80,child,8,F4:2D:C9:73:E6:19,-98,88,61,61,0,0,0,0,0
210409629,NODE_B4BFE934ED80,child,8,F4:2D:C9:73:E6:19,-96,88,61,61,0,0,0,0,0
210509632,NODE_B4BFE934ED80,child,8,F4:2D:C9:73:E6:19,-96,88,61,61,0,0,0,0,0
210609632,NODE_B4BFE934ED80,child,8,F4:2D:C9:73:E6:19,-96,88,61,61,0,0,0,0,0
210709629,NODE_B4BFE934ED80,child,8,F4:2D:C9:73:E6:19,-92,88,61,61,0,0,0,0,0
210809632,NODE_B4BFE934ED80,child,8,F4:2D:C9:73:E6:19,-92,88,61,61,0,0,0,0,0
210909632,NODE_B4BFE934ED80,child,8,F4:2D:C9:73:E6:19,-92,88,61,61,0,0,0,0,0
211009633,NODE_B4BFE934ED80,child,8,F4:2D:C9:73:E6:19,-93,88,61,61,0,0,0,0,0
211109636,NODE_B4BFE934ED80,child,8,F4:2D:C9:73:E6:19,-93,88,61,61,0,0,0,0,0
211209632,NODE_B4BFE934ED80,child,8,F4:2D:C9:73:E6:19,-93,88,62,62,0,0,0,0,0
211309641,NODE_B4BFE934ED80,child,8,F4:2D:C9:73:E6:19,-96,88,62,62,0,0,0,0,0
211409628,NODE_B4BFE934ED80,child,8,F4:2D:C9:73:E6:19,-96,88,62,62,0,0,0,0,0
211509636,NODE_B4BFE934ED80,child,8,F4:2D:C9:73:E6:19,-96,88,62,62,0,0,0,0,0
211609633,NODE_B4BFE934ED80,child,8,F4:2D:C9:73:E6:19,-93,88,62,62,0,0,0,0,0
211709628,NODE_B4BFE934ED80,child,8,F4:2D:C9:73:E6:19,-93,88,62,62,0,0,0,0,0
211809628,NODE_B4BFE934ED80,child,8,F4:2D:C9:73:E6:19,-93,88,62,62,0,0,0,0,0
211909629,NODE_B4BFE934ED80,child,8,F4:2D:C9:73:E6:19,-94,88,62,62,0,0,0,0,0
212009636,NODE_B4BFE934ED80,child,8,F4:2D:C9:73:E6:19,-94,88,62,62,0,0,0,0,0
212109632,NODE_B4BFE934ED80,child,8,F4:2D:C9:73:E6:19,-94,88,62,62,0,0,0,0,0
212209637,NODE_B4BFE934ED80,child,8,F4:2D:C9:73:E6:19,-94,88,63,63,0,0,0,0,0
212309632,NODE_B4BFE934ED80,child,8,F4:2D:C9:73:E6:19,-94,88,63,63,0,0,0,0,0
212409632,NODE_B4BFE934ED80,child,8,F4:2D:C9:73:E6:19,-94,88,63,63,0,0,0,0,0
212509625,NODE_B4BFE934ED80,child,8,F4:2D:C9:73:E6:19,-94,88,63,63,0,0,0,0,0
212609636,NODE_B4BFE934ED80,child,8,F4:2D:C9:73:E6:19,-94,88,63,63,0,0,0,0,0
212709632,NODE_B4BFE934ED80,child,8,F4:2D:C9:73:E6:19,-94,88,63,63,0,0,0,0,0
212809629,NODE_B4BFE934ED80,child,8,F4:2D:C9:73:E6:19,-93,88,63,63,0,0,0,0,0
212909632,NODE_B4BFE934ED80,child,8,F4:2D:C9:73:E6:19,-93,88,63,63,0,0,0,0,0
213009632,NODE_B4BFE934ED80,child,8,F4:2D:C9:73:E6:19,-93,88,63,63,0,0,0,0,0
213109629,NODE_B4BFE934ED80,child,8,F4:2D:C9:73:E6:19,-94,88,63,63,0,0,0,0,0
213209636,NODE_B4BFE934ED80,child,8,F4:2D:C9:73:E6:19,-94,88,64,64,0,0,0,0,0
213309632,NODE_B4BFE934ED80,child,8,F4:2D:C9:73:E6:19,-94,88,64,64,0,0,0,0,0
213409629,NODE_B4BFE934ED80,child,8,F4:2D:C9:73:E6:19,-94,88,64,64,0,0,0,0,0
213509632,NODE_B4BFE934ED80,child,8,F4:2D:C9:73:E6:19,-94,88,64,64,0,0,0,0,0
213609628,NODE_B4BFE934ED80,child,8,F4:2D:C9:73:E6:19,-94,88,64,64,0,0,0,0,0
213709740,NODE_B4BFE934ED80,child,8,F4:2D:C9:73:E6:19,-94,88,64,64,0,0,0,0,0
213809628,NODE_B4BFE934ED80,child,8,F4:2D:C9:73:E6:19,-94,88,64,64,0,0,0,0,0
213909636,NODE_B4BFE934ED80,child,8,F4:2D:C9:73:E6:19,-94,88,64,64,0,0,0,0,0
214009637,NODE_B4BFE934ED80,child,8,F4:2D:C9:73:E6:19,-93,88,64,64,0,0,0,0,0
214109628,NODE_B4BFE934ED80,child,8,F4:2D:C9:73:E6:19,-93,88,64,64,0,0,0,0,0
214209632,NODE_B4BFE934ED80,child,8,F4:2D:C9:73:E6:19,-93,88,65,65,0,0,0,0,0
214309633,NODE_B4BFE934ED80,child,8,F4:2D:C9:73:E6:19,-93,88,65,65,0,0,0,0,0
214409632,NODE_B4BFE934ED80,child,8,F4:2D:C9:73:E6:19,-96,88,65,65,0,0,0,0,0
214509632,NODE_B4BFE934ED80,child,8,F4:2D:C9:73:E6:19,-96,88,65,65,0,0,0,0,0
214609637,NODE_B4BFE934ED80,child,8,F4:2D:C9:73:E6:19,-96,88,65,65,0,0,0,0,0
214709632,NODE_B4BFE934ED80,child,8,F4:2D:C9:73:E6:19,-95,88,65,65,0,0,0,0,0
214809632,NODE_B4BFE934ED80,child,8,F4:2D:C9:73:E6:19,-95,88,65,65,0,0,0,0,0
214909633,NODE_B4BFE934ED80,child,8,F4:2D:C9:73:E6:19,-95,88,65,65,0,0,0,0,0
215009632,NODE_B4BFE934ED80,child,8,F4:2D:C9:73:E6:19,-92,88,65,65,0,0,0,0,0
215109632,NODE_B4BFE934ED80,child,8,F4:2D:C9:73:E6:19,-92,88,65,65,0,0,0,0,0
215209633,NODE_B4BFE934ED80,child,8,F4:2D:C9:73:E6:19,-92,88,66,66,0,0,0,0,0
215309640,NODE_B4BFE934ED80,child,8,F4:2D:C9:73:E6:19,-94,88,66,66,0,0,0,0,0
215409632,NODE_B4BFE934ED80,child,8,F4:2D:C9:73:E6:19,-94,88,66,66,0,0,0,0,0
215509826,NODE_B4BFE934ED80,child,8,F4:2D:C9:73:E6:19,-94,88,66,66,0,0,0,0,0
215609628,NODE_B4BFE934ED80,child,8,F4:2D:C9:73:E6:19,-94,88,66,66,0,0,0,0,0
215709628,NODE_B4BFE934ED80,child,8,F4:2D:C9:73:E6:19,-94,88,66,66,0,0,0,0,0
215809633,NODE_B4BFE934ED80,child,8,F4:2D:C9:73:E6:19,-94,88,66,66,0,0,0,0,0
215909632,NODE_B4BFE934ED80,child,8,F4:2D:C9:73:E6:19,-95,88,66,66,0,0,0,0,0
216009636,NODE_B4BFE934ED80,child,8,F4:2D:C9:73:E6:19,-95,88,66,66,0,0,0,0,0
216109629,NODE_B4BFE934ED80,child,8,F4:2D:C9:73:E6:19,-95,88,66,66,0,0,0,0,0
216209632,NODE_B4BFE934ED80,child,8,F4:2D:C9:73:E6:19,-97,88,67,67,0,0,0,0,0
216309632,NODE_B4BFE934ED80,child,8,F4:2D:C9:73:E6:19,-97,88,67,67,0,0,0,0,0
216409633,NODE_B4BFE934ED80,child,8,F4:2D:C9:73:E6:19,-97,88,67,67,0,0,0,0,0
216509628,NODE_B4BFE934ED80,child,8,F4:2D:C9:73:E6:19,-96,88,67,67,0,0,0,0,0
216609636,NODE_B4BFE934ED80,child,8,F4:2D:C9:73:E6:19,-96,88,67,67,0,0,0,0,0
216709633,NODE_B4BFE934ED80,child,8,F4:2D:C9:73:E6:19,-96,88,67,67,0,0,0,0,0
216809624,NODE_B4BFE934ED80,child,8,F4:2D:C9:73:E6:19,-96,88,67,67,0,0,0,0,0
216909632,NODE_B4BFE934ED80,child,8,F4:2D:C9:73:E6:19,-96,88,67,67,0,0,0,0,0
217009633,NODE_B4BFE934ED80,child,8,F4:2D:C9:73:E6:19,-96,88,67,67,0,0,0,0,0
217109628,NODE_B4BFE934ED80,child,8,F4:2D:C9:73:E6:19,-93,88,67,67,0,0,0,0,0
217209628,NODE_B4BFE934ED80,child,8,F4:2D:C9:73:E6:19,-93,88,68,68,0,0,0,0,0
217309637,NODE_B4BFE934ED80,child,8,F4:2D:C9:73:E6:19,-93,88,68,68,0,0,0,0,0
217409628,NODE_B4BFE934ED80,child,8,F4:2D:C9:73:E6:19,-92,88,68,68,0,0,0,0,0
217509632,NODE_B4BFE934ED80,child,8,F4:2D:C9:73:E6:19,-92,88,68,68,0,0,0,0,0
217609633,NODE_B4BFE934ED80,child,8,F4:2D:C9:73:E6:19,-92,88,68,68,0,0,0,0,0
217709628,NODE_B4BFE934ED80,child,8,F4:2D:C9:73:E6:19,-94,88,68,68,0,0,0,0,0
217809632,NODE_B4BFE934ED80,child,8,F4:2D:C9:73:E6:19,-94,88,68,68,0,0,0,0,0
217909633,NODE_B4BFE934ED80,child,8,F4:2D:C9:73:E6:19,-94,88,68,68,0,0,0,0,0
218009632,NODE_B4BFE934ED80,child,8,F4:2D:C9:73:E6:19,-94,88,68,68,0,0,0,0,0
218109632,NODE_B4BFE934ED80,child,8,F4:2D:C9:73:E6:19,-94,88,68,68,0,0,0,0,0
218209633,NODE_B4BFE934ED80,child,8,F4:2D:C9:73:E6:19,-94,88,69,69,0,0,0,0,0
218309624,NODE_B4BFE934ED80,child,8,F4:2D:C9:73:E6:19,-94,88,69,69,0,0,0,0,0
218409628,NODE_B4BFE934ED80,child,8,F4:2D:C9:73:E6:19,-94,88,69,69,0,0,0,0,0
218509629,NODE_B4BFE934ED80,child,8,F4:2D:C9:73:E6:19,-94,88,69,69,0,0,0,0,0
218609636,NODE_B4BFE934ED80,child,8,F4:2D:C9:73:E6:19,-94,88,69,69,0,0,0,0,0
218709632,NODE_B4BFE934ED80,child,8,F4:2D:C9:73:E6:19,-93,88,69,69,0,0,0,0,0
218809629,NODE_B4BFE934ED80,child,8,F4:2D:C9:73:E6:19,-93,88,69,69,0,0,0,0,0
218909632,NODE_B4BFE934ED80,child,8,F4:2D:C9:73:E6:19,-93,88,69,69,0,0,0,0,0
219009632,NODE_B4BFE934ED80,child,8,F4:2D:C9:73:E6:19,-93,88,69,69,0,0,0,0,0
219109633,NODE_B4BFE934ED80,child,8,F4:2D:C9:73:E6:19,-93,88,69,69,0,0,0,0,0
219209632,NODE_B4BFE934ED80,child,8,F4:2D:C9:73:E6:19,-93,88,70,70,0,0,0,0,0
219309636,NODE_B4BFE934ED80,child,8,F4:2D:C9:73:E6:19,-95,88,70,70,0,0,0,0,0
219409633,NODE_B4BFE934ED80,child,8,F4:2D:C9:73:E6:19,-95,88,70,70,0,0,0,0,0
219509628,NODE_B4BFE934ED80,child,8,F4:2D:C9:73:E6:19,-95,88,70,70,0,0,0,0,0
219609632,NODE_B4BFE934ED80,child,8,F4:2D:C9:73:E6:19,-93,88,70,70,0,0,0,0,0
219709637,NODE_B4BFE934ED80,child,8,F4:2D:C9:73:E6:19,-93,88,70,70,0,0,0,0,0
219809628,NODE_B4BFE934ED80,child,8,F4:2D:C9:73:E6:19,-93,88,70,70,0,0,0,0,0
219909632,NODE_B4BFE934ED80,child,8,F4:2D:C9:73:E6:19,-93,88,70,70,0,0,0,0,0
220009641,NODE_B4BFE934ED80,child,8,F4:2D:C9:73:E6:19,-93,88,70,70,0,0,0,0,0
220109636,NODE_B4BFE934ED80,child,8,F4:2D:C9:73:E6:19,-93,88,70,70,0,0,0,0,0
220209636,NODE_B4BFE934ED80,child,8,F4:2D:C9:73:E6:19,-93,88,71,71,0,0,0,0,0
220309633,NODE_B4BFE934ED80,child,8,F4:2D:C9:73:E6:19,-93,88,71,71,0,0,0,0,0
220409632,NODE_B4BFE934ED80,child,8,F4:2D:C9:73:E6:19,-93,88,71,71,0,0,0,0,0
220509632,NODE_B4BFE934ED80,child,8,F4:2D:C9:73:E6:19,-94,88,71,71,0,0,0,0,0
220609645,NODE_B4BFE934ED80,child,8,F4:2D:C9:73:E6:19,-94,88,71,71,0,0,0,0,0
220709628,NODE_B4BFE934ED80,child,8,F4:2D:C9:73:E6:19,-94,88,71,71,0,0,0,0,0
220809632,NODE_B4BFE934ED80,child,8,F4:2D:C9:73:E6:19,-94,88,71,71,0,0,0,0,0
220909629,NODE_B4BFE934ED80,child,8,F4:2D:C9:73:E6:19,-94,88,71,71,0,0,0,0,0
221009632,NODE_B4BFE934ED80,child,8,F4:2D:C9:73:E6:19,-94,88,71,71,0,0,0,0,0
221109628,NODE_B4BFE934ED80,child,8,F4:2D:C9:73:E6:19,-95,88,71,71,0,0,0,0,0
221209629,NODE_B4BFE934ED80,child,8,F4:2D:C9:73:E6:19,-95,88,72,72,0,0,0,0,0
221309632,NODE_B4BFE934ED80,child,8,F4:2D:C9:73:E6:19,-95,88,72,72,0,0,0,0,0
221409628,NODE_B4BFE934ED80,child,8,F4:2D:C9:73:E6:19,-95,88,72,72,0,0,0,0,0
221509633,NODE_B4BFE934ED80,child,8,F4:2D:C9:73:E6:19,-95,88,72,72,0,0,0,0,0
221609628,NODE_B4BFE934ED80,child,8,F4:2D:C9:73:E6:19,-95,88,72,72,0,0,0,0,0
221709632,NODE_B4BFE934ED80,child,8,F4:2D:C9:73:E6:19,-97,88,72,72,0,0,0,0,0
221809629,NODE_B4BFE934ED80,child,8,F4:2D:C9:73:E6:19,-97,88,72,72,0,0,0,0,0
221909632,NODE_B4BFE934ED80,child,8,F4:2D:C9:73:E6:19,-97,88,72,72,0,0,0,0,0
222009640,NODE_B4BFE934ED80,child,8,F4:2D:C9:73:E6:19,-94,88,72,72,0,0,0,0,0
222109629,NODE_B4BFE934ED80,child,8,F4:2D:C9:73:E6:19,-94,88,72,72,0,0,0,0,0
222209632,NODE_B4BFE934ED80,child,8,F4:2D:C9:73:E6:19,-94,88,73,73,0,0,0,0,0
222309628,NODE_B4BFE934ED80,child,8,F4:2D:C9:73:E6:19,-94,88,73,73,0,0,0,0,0
222409633,NODE_B4BFE934ED80,child,8,F4:2D:C9:73:E6:19,-94,88,73,73,0,0,0,0,0
222509628,NODE_B4BFE934ED80,child,8,F4:2D:C9:73:E6:19,-94,88,73,73,0,0,0,0,0
222609636,NODE_B4BFE934ED80,child,8,F4:2D:C9:73:E6:19,-93,88,73,73,0,0,0,0,0
222709629,NODE_B4BFE934ED80,child,8,F4:2D:C9:73:E6:19,-93,88,73,73,0,0,0,0,0
222809624,NODE_B4BFE934ED80,child,8,F4:2D:C9:73:E6:19,-93,88,73,73,0,0,0,0,0
222909632,NODE_B4BFE934ED80,child,8,F4:2D:C9:73:E6:19,-93,88,73,73,0,0,0,0,0
223009637,NODE_B4BFE934ED80,child,8,F4:2D:C9:73:E6:19,-97,88,73,73,0,0,0,0,0
223109632,NODE_B4BFE934ED80,child,8,F4:2D:C9:73:E6:19,-97,88,73,73,0,0,0,0,0
223209636,NODE_B4BFE934ED80,child,8,F4:2D:C9:73:E6:19,-97,88,74,74,0,0,0,0,0
223309641,NODE_B4BFE934ED80,child,8,F4:2D:C9:73:E6:19,-94,88,74,74,0,0,0,0,0
223409636,NODE_B4BFE934ED80,child,8,F4:2D:C9:73:E6:19,-94,88,74,74,0,0,0,0,0
223509628,NODE_B4BFE934ED80,child,8,F4:2D:C9:73:E6:19,-94,88,74,74,0,0,0,0,0
223609641,NODE_B4BFE934ED80,child,8,F4:2D:C9:73:E6:19,-93,88,74,74,0,0,0,0,0
223709628,NODE_B4BFE934ED80,child,8,F4:2D:C9:73:E6:19,-93,88,74,74,0,0,0,0,0
223809628,NODE_B4BFE934ED80,child,8,F4:2D:C9:73:E6:19,-93,88,74,74,0,0,0,0,0
223909629,NODE_B4BFE934ED80,child,8,F4:2D:C9:73:E6:19,-93,88,74,74,0,0,0,0,0
224009640,NODE_B4BFE934ED80,child,8,F4:2D:C9:73:E6:19,-93,88,74,74,0,0,0,0,0
224109628,NODE_B4BFE934ED80,child,8,F4:2D:C9:73:E6:19,-93,88,74,74,0,0,0,0,0
224209629,NODE_B4BFE934ED80,child,8,F4:2D:C9:73:E6:19,-92,88,75,75,0,0,0,0,0
224309632,NODE_B4BFE934ED80,child,8,F4:2D:C9:73:E6:19,-92,88,75,75,0,0,0,0,0
224409632,NODE_B4BFE934ED80,child,8,F4:2D:C9:73:E6:19,-92,88,75,75,0,0,0,0,0
224509629,NODE_B4BFE934ED80,child,8,F4:2D:C9:73:E6:19,-93,88,75,75,0,0,0,0,0
224609640,NODE_B4BFE934ED80,child,8,F4:2D:C9:73:E6:19,-93,88,75,75,0,0,0,0,0
224709632,NODE_B4BFE934ED80,child,8,F4:2D:C9:73:E6:19,-93,88,75,75,0,0,0,0,0
224809629,NODE_B4BFE934ED80,child,8,F4:2D:C9:73:E6:19,-93,88,75,75,0,0,0,0,0
224909636,NODE_B4BFE934ED80,child,8,F4:2D:C9:73:E6:19,-93,88,75,75,0,0,0,0,0
225009632,NODE_B4BFE934ED80,child,8,F4:2D:C9:73:E6:19,-93,88,75,75,0,0,0,0,0
225109625,NODE_B4BFE934ED80,child,8,F4:2D:C9:73:E6:19,-94,88,75,75,0,0,0,0,0
225209632,NODE_B4BFE934ED80,child,8,F4:2D:C9:73:E6:19,-94,88,75,75,0,0,0,0,0
225309640,NODE_B4BFE934ED80,child,8,F4:2D:C9:73:E6:19,-94,88,76,76,0,0,0,0,0
225409633,NODE_B4BFE934ED80,child,8,F4:2D:C9:73:E6:19,-98,88,76,76,0,0,0,0,0
225509628,NODE_B4BFE934ED80,child,8,F4:2D:C9:73:E6:19,-98,88,76,76,0,0,0,0,0
225609628,NODE_B4BFE934ED80,child,8,F4:2D:C9:73:E6:19,-98,88,76,76,0,0,0,0,0
225709629,NODE_B4BFE934ED80,child,8,F4:2D:C9:73:E6:19,-95,88,76,76,0,0,0,0,0
225809632,NODE_B4BFE934ED80,child,8,F4:2D:C9:73:E6:19,-95,88,76,76,0,0,0,0,0
225909632,NODE_B4BFE934ED80,child,8,F4:2D:C9:73:E6:19,-95,88,76,76,0,0,0,0,0
226009637,NODE_B4BFE934ED80,child,8,F4:2D:C9:73:E6:19,-94,88,76,76,0,0,0,0,0
226109628,NODE_B4BFE934ED80,child,8,F4:2D:C9:73:E6:19,-94,88,76,76,0,0,0,0,0
226209632,NODE_B4BFE934ED80,child,8,F4:2D:C9:73:E6:19,-94,88,76,76,0,0,0,0,0
226309633,NODE_B4BFE934ED80,child,8,F4:2D:C9:73:E6:19,-93,88,77,77,0,0,0,0,0
226409632,NODE_B4BFE934ED80,child,8,F4:2D:C9:73:E6:19,-93,88,77,77,0,0,0,0,0
226509628,NODE_B4BFE934ED80,child,8,F4:2D:C9:73:E6:19,-93,88,77,77,0,0,0,0,0
226609637,NODE_B4BFE934ED80,child,8,F4:2D:C9:73:E6:19,-94,88,77,77,0,0,0,0,0
226709632,NODE_B4BFE934ED80,child,8,F4:2D:C9:73:E6:19,-94,88,77,77,0,0,0,0,0
226809632,NODE_B4BFE934ED80,child,8,F4:2D:C9:73:E6:19,-94,88,77,77,0,0,0,0,0
226909629,NODE_B4BFE934ED80,child,8,F4:2D:C9:73:E6:19,-92,88,77,77,0,0,0,0,0
227009636,NODE_B4BFE934ED80,child,8,F4:2D:C9:73:E6:19,-92,88,77,77,0,0,0,0,0
227109628,NODE_B4BFE934ED80,child,8,F4:2D:C9:73:E6:19,-92,88,77,77,0,0,0,0,0
227209633,NODE_B4BFE934ED80,child,8,F4:2D:C9:73:E6:19,-92,88,77,77,0,0,0,0,0
227309628,NODE_B4BFE934ED80,child,8,F4:2D:C9:73:E6:19,-93,88,78,78,0,0,0,0,0
227409632,NODE_B4BFE934ED80,child,8,F4:2D:C9:73:E6:19,-93,88,78,78,0,0,0,0,0
227509629,NODE_B4BFE934ED80,child,8,F4:2D:C9:73:E6:19,-93,88,78,78,0,0,0,0,0
227609632,NODE_B4BFE934ED80,child,8,F4:2D:C9:73:E6:19,-93,88,78,78,0,0,0,0,0
227709632,NODE_B4BFE934ED80,child,8,F4:2D:C9:73:E6:19,-93,88,78,78,0,0,0,0,0
227809629,NODE_B4BFE934ED80,child,8,F4:2D:C9:73:E6:19,-93,88,78,78,0,0,0,0,0
227909628,NODE_B4BFE934ED80,child,8,F4:2D:C9:73:E6:19,-93,88,78,78,0,0,0,0,0
228009722,NODE_B4BFE934ED80,child,8,F4:2D:C9:73:E6:19,-93,88,78,78,0,0,0,0,0
228109637,NODE_B4BFE934ED80,child,8,F4:2D:C9:73:E6:19,-93,88,78,78,0,0,0,0,0
228209632,NODE_B4BFE934ED80,child,8,F4:2D:C9:73:E6:19,-94,88,78,78,0,0,0,0,0
228309632,NODE_B4BFE934ED80,child,8,F4:2D:C9:73:E6:19,-94,88,79,79,0,0,0,0,0
228409712,NODE_B4BFE934ED80,child,8,F4:2D:C9:73:E6:19,-94,88,79,79,0,0,0,0,0
228509628,NODE_B4BFE934ED80,child,8,F4:2D:C9:73:E6:19,-96,88,79,79,0,0,0,0,0
228609636,NODE_B4BFE934ED80,child,8,F4:2D:C9:73:E6:19,-96,88,79,79,0,0,0,0,0
228709633,NODE_B4BFE934ED80,child,8,F4:2D:C9:73:E6:19,-96,88,79,79,0,0,0,0,0
228809628,NODE_B4BFE934ED80,child,8,F4:2D:C9:73:E6:19,-95,88,79,79,0,0,0,0,0
228909632,NODE_B4BFE934ED80,child,8,F4:2D:C9:73:E6:19,-95,88,79,79,0,0,0,0,0
229009633,NODE_B4BFE934ED80,child,8,F4:2D:C9:73:E6:19,-95,88,79,79,0,0,0,0,0
229109628,NODE_B4BFE934ED80,child,8,F4:2D:C9:73:E6:19,-95,88,79,79,0,0,0,0,0
229209632,NODE_B4BFE934ED80,child,8,F4:2D:C9:73:E6:19,-95,88,79,79,0,0,0,0,0
229309629,NODE_B4BFE934ED80,child,8,F4:2D:C9:73:E6:19,-95,88,80,80,0,0,0,0,0
229409628,NODE_B4BFE934ED80,child,8,F4:2D:C9:73:E6:19,-94,88,80,80,0,0,0,0,0
229509632,NODE_B4BFE934ED80,child,8,F4:2D:C9:73:E6:19,-94,88,80,80,0,0,0,0,0
229609629,NODE_B4BFE934ED80,child,8,F4:2D:C9:73:E6:19,-94,88,80,80,0,0,0,0,0
229709628,NODE_B4BFE934ED80,child,8,F4:2D:C9:73:E6:19,-93,88,80,80,0,0,0,0,0
229809632,NODE_B4BFE934ED80,child,8,F4:2D:C9:73:E6:19,-93,88,80,80,0,0,0,0,0
229909633,NODE_B4BFE934ED80,child,8,F4:2D:C9:73:E6:19,-93,88,80,80,0,0,0,0,0
230009640,NODE_B4BFE934ED80,child,8,F4:2D:C9:73:E6:19,-94,88,80,80,0,0,0,0,0
230109632,NODE_B4BFE934ED80,child,8,F4:2D:C9:73:E6:19,-94,88,80,80,0,0,0,0,0
230209633,NODE_B4BFE934ED80,child,8,F4:2D:C9:73:E6:19,-94,88,80,80,0,0,0,0,0
230309632,NODE_B4BFE934ED80,child,8,F4:2D:C9:73:E6:19,-94,88,81,81,0,0,0,0,0
230409632,NODE_B4BFE934ED80,child,8,F4:2D:C9:73:E6:19,-94,88,81,81,0,0,0,0,0
230509629,NODE_B4BFE934ED80,child,8,F4:2D:C9:73:E6:19,-94,88,81,81,0,0,0,0,0
230609636,NODE_B4BFE934ED80,child,8,F4:2D:C9:73:E6:19,-95,88,81,81,0,0,0,0,0
230709628,NODE_B4BFE934ED80,child,8,F4:2D:C9:73:E6:19,-95,88,81,81,0,0,0,0,0
230809629,NODE_B4BFE934ED80,child,8,F4:2D:C9:73:E6:19,-95,88,81,81,0,0,0,0,0
230909628,NODE_B4BFE934ED80,child,8,F4:2D:C9:73:E6:19,-96,88,81,81,0,0,0,0,0
231009647,NODE_B4BFE934ED80,child,8,F4:2D:C9:73:E6:19,-96,88,81,81,0,0,0,0,0
231109629,NODE_B4BFE934ED80,child,8,F4:2D:C9:73:E6:19,-96,88,81,81,0,0,0,0,0
231209636,NODE_B4BFE934ED80,child,8,F4:2D:C9:73:E6:19,-93,88,81,81,0,0,0,0,0
231309632,NODE_B4BFE934ED80,child,8,F4:2D:C9:73:E6:19,-93,88,82,82,0,0,0,0,0
231409625,NODE_B4BFE934ED80,child,8,F4:2D:C9:73:E6:19,-93,88,82,82,0,0,0,0,0
231509749,NODE_B4BFE934ED80,child,8,F4:2D:C9:73:E6:19,-93,88,82,82,0,0,0,0,0
231609628,NODE_B4BFE934ED80,child,8,F4:2D:C9:73:E6:19,-95,88,82,82,0,0,0,0,0
231709633,NODE_B4BFE934ED80,child,8,F4:2D:C9:73:E6:19,-95,88,82,82,0,0,0,0,0
231809640,NODE_B4BFE934ED80,child,8,F4:2D:C9:73:E6:19,-95,88,82,82,0,0,0,0,0
231909636,NODE_B4BFE934ED80,child,8,F4:2D:C9:73:E6:19,-93,88,82,82,0,0,0,0,0
232009637,NODE_B4BFE934ED80,child,8,F4:2D:C9:73:E6:19,-93,88,82,82,0,0,0,0,0
232109628,NODE_B4BFE934ED80,child,8,F4:2D:C9:73:E6:19,-93,88,82,82,0,0,0,0,0
232209628,NODE_B4BFE934ED80,child,8,F4:2D:C9:73:E6:19,-93,88,82,82,0,0,0,0,0
232309637,NODE_B4BFE934ED80,child,8,F4:2D:C9:73:E6:19,-93,88,83,83,0,0,0,0,0
232409632,NODE_B4BFE934ED80,child,8,F4:2D:C9:73:E6:19,-93,88,83,83,0,0,0,0,0
232509636,NODE_B4BFE934ED80,child,8,F4:2D:C9:73:E6:19,-94,88,83,83,0,0,0,0,0
232609641,NODE_B4BFE934ED80,child,8,F4:2D:C9:73:E6:19,-94,88,83,83,0,0,0,0,0
232709632,NODE_B4BFE934ED80,child,8,F4:2D:C9:73:E6:19,-94,88,83,83,0,0,0,0,0
232809632,NODE_B4BFE934ED80,child,8,F4:2D:C9:73:E6:19,-95,88,83,83,0,0,0,0,0
232909633,NODE_B4BFE934ED80,child,8,F4:2D:C9:73:E6:19,-95,88,83,83,0,0,0,0,0
233009632,NODE_B4BFE934ED80,child,8,F4:2D:C9:73:E6:19,-95,88,83,83,0,0,0,0,0
233109628,NODE_B4BFE934ED80,child,8,F4:2D:C9:73:E6:19,-95,88,83,83,0,0,0,0,0
233209633,NODE_B4BFE934ED80,child,8,F4:2D:C9:73:E6:19,-95,88,83,83,0,0,0,0,0
233309628,NODE_B4BFE934ED80,child,8,F4:2D:C9:73:E6:19,-95,88,84,84,0,0,0,0,0
233409628,NODE_B4BFE934ED80,child,8,F4:2D:C9:73:E6:19,-94,88,84,84,0,0,0,0,0
233509645,NODE_B4BFE934ED80,child,8,F4:2D:C9:73:E6:19,-94,88,84,84,0,0,0,0,0
233609636,NODE_B4BFE934ED80,child,8,F4:2D:C9:73:E6:19,-94,88,84,84,0,0,0,0,0
233709628,NODE_B4BFE934ED80,child,8,F4:2D:C9:73:E6:19,-93,88,84,84,0,0,0,0,0
233809633,NODE_B4BFE934ED80,child,8,F4:2D:C9:73:E6:19,-93,88,84,84,0,0,0,0,0
233909632,NODE_B4BFE934ED80,child,8,F4:2D:C9:73:E6:19,-93,88,84,84,0,0,0,0,0
234009636,NODE_B4BFE934ED80,child,8,F4:2D:C9:73:E6:19,-91,88,84,84,0,0,0,0,0
234109629,NODE_B4BFE934ED80,child,8,F4:2D:C9:73:E6:19,-91,88,84,84,0,0,0,0,0
234209632,NODE_B4BFE934ED80,child,8,F4:2D:C9:73:E6:19,-91,88,84,84,0,0,0,0,0
234309632,NODE_B4BFE934ED80,child,8,F4:2D:C9:73:E6:19,-95,88,85,85,0,0,0,0,0
234409633,NODE_B4BFE934ED80,child,8,F4:2D:C9:73:E6:19,-95,88,85,85,0,0,0,0,0
234509628,NODE_B4BFE934ED80,child,8,F4:2D:C9:73:E6:19,-95,88,85,85,0,0,0,0,0
234609636,NODE_B4BFE934ED80,child,8,F4:2D:C9:73:E6:19,-95,88,85,85,0,0,0,0,0
234709629,NODE_B4BFE934ED80,child,8,F4:2D:C9:73:E6:19,-95,88,85,85,0,0,0,0,0
234809628,NODE_B4BFE934ED80,child,8,F4:2D:C9:73:E6:19,-95,88,85,85,0,0,0,0,0
234909628,NODE_B4BFE934ED80,child,8,F4:2D:C9:73:E6:19,-92,88,85,85,0,0,0,0,0
235009637,NODE_B4BFE934ED80,child,8,F4:2D:C9:73:E6:19,-92,88,85,85,0,0,0,0,0
235109640,NODE_B4BFE934ED80,child,8,F4:2D:C9:73:E6:19,-92,88,85,85,0,0,0,0,0
235209628,NODE_B4BFE934ED80,child,8,F4:2D:C9:73:E6:19,-97,88,85,85,0,0,0,0,0
235309629,NODE_B4BFE934ED80,child,8,F4:2D:C9:73:E6:19,-97,88,86,86,0,0,0,0,0
235409632,NODE_B4BFE934ED80,child,8,F4:2D:C9:73:E6:19,-97,88,86,86,0,0,0,0,0
235509632,NODE_B4BFE934ED80,child,8,F4:2D:C9:73:E6:19,-97,88,86,86,0,0,0,0,0
235609637,NODE_B4BFE934ED80,child,8,F4:2D:C9:73:E6:19,-93,88,86,86,0,0,0,0,0
235709624,NODE_B4BFE934ED80,child,8,F4:2D:C9:73:E6:19,-93,88,86,86,0,0,0,0,0
235809628,NODE_B4BFE934ED80,child,8,F4:2D:C9:73:E6:19,-93,88,86,86,0,0,0,0,0
235909633,NODE_B4BFE934ED80,child,8,F4:2D:C9:73:E6:19,-93,88,86,86,0,0,0,0,0
236009636,NODE_B4BFE934ED80,child,8,F4:2D:C9:73:E6:19,-93,88,86,86,0,0,0,0,0
236109628,NODE_B4BFE934ED80,child,8,F4:2D:C9:73:E6:19,-93,88,86,86,0,0,0,0,0
236209629,NODE_B4BFE934ED80,child,8,F4:2D:C9:73:E6:19,-95,88,86,86,0,0,0,0,0
236309628,NODE_B4BFE934ED80,child,8,F4:2D:C9:73:E6:19,-95,88,87,87,0,0,0,0,0
236409628,NODE_B4BFE934ED80,child,8,F4:2D:C9:73:E6:19,-95,88,87,87,0,0,0,0,0
236509629,NODE_B4BFE934ED80,child,8,F4:2D:C9:73:E6:19,-94,88,87,87,0,0,0,0,0
236609636,NODE_B4BFE934ED80,child,8,F4:2D:C9:73:E6:19,-94,88,87,87,0,0,0,0,0
236709640,NODE_B4BFE934ED80,child,8,F4:2D:C9:73:E6:19,-94,88,87,87,0,0,0,0,0
236809629,NODE_B4BFE934ED80,child,8,F4:2D:C9:73:E6:19,-95,88,87,87,0,0,0,0,0
236909636,NODE_B4BFE934ED80,child,8,F4:2D:C9:73:E6:19,-95,88,87,87,0,0,0,0,0
237009628,NODE_B4BFE934ED80,child,8,F4:2D:C9:73:E6:19,-95,88,87,87,0,0,0,0,0
237109637,NODE_B4BFE934ED80,child,8,F4:2D:C9:73:E6:19,-96,88,87,87,0,0,0,0,0
237209628,NODE_B4BFE934ED80,child,8,F4:2D:C9:73:E6:19,-96,88,87,87,0,0,0,0,0
237309628,NODE_B4BFE934ED80,child,8,F4:2D:C9:73:E6:19,-96,88,88,88,0,0,0,0,0
237409629,NODE_B4BFE934ED80,child,8,F4:2D:C9:73:E6:19,-95,88,88,88,0,0,0,0,0
237509636,NODE_B4BFE934ED80,child,8,F4:2D:C9:73:E6:19,-95,88,88,88,0,0,0,0,0
237609628,NODE_B4BFE934ED80,child,8,F4:2D:C9:73:E6:19,-95,88,88,88,0,0,0,0,0
237709629,NODE_B4BFE934ED80,child,8,F4:2D:C9:73:E6:19,-96,88,88,88,0,0,0,0,0
237809632,NODE_B4BFE934ED80,child,8,F4:2D:C9:73:E6:19,-96,88,88,88,0,0,0,0,0
237909632,NODE_B4BFE934ED80,child,8,F4:2D:C9:73:E6:19,-96,88,88,88,0,0,0,0,0
238009637,NODE_B4BFE934ED80,child,8,F4:2D:C9:73:E6:19,-94,88,88,88,0,0,0,0,0
238109640,NODE_B4BFE934ED80,child,8,F4:2D:C9:73:E6:19,-94,88,88,88,0,0,0,0,0
238209632,NODE_B4BFE934ED80,child,8,F4:2D:C9:73:E6:19,-94,88,88,88,0,0,0,0,0
238309637,NODE_B4BFE934ED80,child,8,F4:2D:C9:73:E6:19,-95,88,89,89,0,0,0,0,0
238409632,NODE_B4BFE934ED80,child,8,F4:2D:C9:73:E6:19,-95,88,89,89,0,0,0,0,0
238509632,NODE_B4BFE934ED80,child,8,F4:2D:C9:73:E6:19,-95,88,89,89,0,0,0,0,0
238609641,NODE_B4BFE934ED80,child,8,F4:2D:C9:73:E6:19,-92,88,89,89,0,0,0,0,0
238709628,NODE_B4BFE934ED80,child,8,F4:2D:C9:73:E6:19,-92,88,89,89,0,0,0,0,0
238809628,NODE_B4BFE934ED80,child,8,F4:2D:C9:73:E6:19,-92,88,89,89,0,0,0,0,0
238909629,NODE_B4BFE934ED80,child,8,F4:2D:C9:73:E6:19,-94,88,89,89,0,0,0,0,0
239009636,NODE_B4BFE934ED80,child,8,F4:2D:C9:73:E6:19,-94,88,89,89,0,0,0,0,0
239109628,NODE_B4BFE934ED80,child,8,F4:2D:C9:73:E6:19,-94,88,89,89,0,0,0,0,0
239209629,NODE_B4BFE934ED80,child,8,F4:2D:C9:73:E6:19,-94,88,89,89,0,0,0,0,0
239309628,NODE_B4BFE934ED80,child,8,F4:2D:C9:73:E6:19,-94,88,90,90,0,0,0,0,0
239409628,NODE_B4BFE934ED80,child,8,F4:2D:C9:73:E6:19,-94,88,90,90,0,0,0,0,0
239509629,NODE_B4BFE934ED80,child,8,F4:2D:C9:73:E6:19,-93,88,90,90,0,0,0,0,0
239609636,NODE_B4BFE934ED80,child,8,F4:2D:C9:73:E6:19,-93,88,90,90,0,0,0,0,0
239709995,NODE_B4BFE934ED80,child,8,F4:2D:C9:73:E6:19,-93,88,90,90,0,0,0,0,0
239809629,NODE_B4BFE934ED80,child,8,F4:2D:C9:73:E6:19,-93,88,90,90,0,0,0,0,0
239909636,NODE_B4BFE934ED80,child,8,F4:2D:C9:73:E6:19,-94,88,90,90,0,0,0,0,0
240009632,NODE_B4BFE934ED80,child,8,F4:2D:C9:73:E6:19,-94,88,90,90,0,0,0,0,0
240109633,NODE_B4BFE934ED80,child,8,F4:2D:C9:73:E6:19,-94,88,90,90,0,0,0,0,0
240209636,NODE_B4BFE934ED80,child,8,F4:2D:C9:73:E6:19,-97,88,90,90,0,0,0,0,0
240309636,NODE_B4BFE934ED80,child,8,F4:2D:C9:73:E6:19,-97,88,91,91,0,0,0,0,0
240409633,NODE_B4BFE934ED80,child,8,F4:2D:C9:73:E6:19,-97,88,91,91,0,0,0,0,0
240509628,NODE_B4BFE934ED80,child,8,F4:2D:C9:73:E6:19,-94,88,91,91,0,0,0,0,0
240609644,NODE_B4BFE934ED80,child,8,F4:2D:C9:73:E6:19,-94,88,91,91,0,0,0,0,0
240709633,NODE_B4BFE934ED80,child,8,F4:2D:C9:73:E6:19,-94,88,91,91,0,0,0,0,0
240809632,NODE_B4BFE934ED80,child,8,F4:2D:C9:73:E6:19,-95,88,91,91,0,0,0,0,0
240909632,NODE_B4BFE934ED80,child,8,F4:2D:C9:73:E6:19,-95,88,91,91,0,0,0,0,0
241009633,NODE_B4BFE934ED80,child,8,F4:2D:C9:73:E6:19,-95,88,91,91,0,0,0,0,0
241109632,NODE_B4BFE934ED80,child,8,F4:2D:C9:73:E6:19,-93,88,91,91,0,0,0,0,0
241209806,NODE_B4BFE934ED80,child,8,F4:2D:C9:73:E6:19,-93,88,91,91,0,0,0,0,0
241309629,NODE_B4BFE934ED80,child,8,F4:2D:C9:73:E6:19,-93,88,92,92,0,0,0,0,0
241409628,NODE_B4BFE934ED80,child,8,F4:2D:C9:73:E6:19,-94,88,92,92,0,0,0,0,0
241509632,NODE_B4BFE934ED80,child,8,F4:2D:C9:73:E6:19,-94,88,92,92,0,0,0,0,0
241609633,NODE_B4BFE934ED80,child,8,F4:2D:C9:73:E6:19,-94,88,92,92,0,0,0,0,0
241709636,NODE_B4BFE934ED80,child,8,F4:2D:C9:73:E6:19,-94,88,92,92,0,0,0,0,0
241809628,NODE_B4BFE934ED80,child,8,F4:2D:C9:73:E6:19,-94,88,92,92,0,0,0,0,0
241909637,NODE_B4BFE934ED80,child,8,F4:2D:C9:73:E6:19,-94,88,92,92,0,0,0,0,0
242009640,NODE_B4BFE934ED80,child,8,F4:2D:C9:73:E6:19,-94,88,92,92,0,0,0,0,0
242109628,NODE_B4BFE934ED80,child,8,F4:2D:C9:73:E6:19,-94,88,92,92,0,0,0,0,0
242209633,NODE_B4BFE934ED80,child,8,F4:2D:C9:73:E6:19,-94,88,92,92,0,0,0,0,0
242309636,NODE_B4BFE934ED80,child,8,F4:2D:C9:73:E6:19,-95,88,93,93,0,0,0,0,0
242409632,NODE_B4BFE934ED80,child,8,F4:2D:C9:73:E6:19,-95,88,93,93,0,0,0,0,0
242509629,NODE_B4BFE934ED80,child,8,F4:2D:C9:73:E6:19,-95,88,93,93,0,0,0,0,0
242609636,NODE_B4BFE934ED80,child,8,F4:2D:C9:73:E6:19,-97,88,93,93,0,0,0,0,0
242709628,NODE_B4BFE934ED80,child,8,F4:2D:C9:73:E6:19,-97,88,93,93,0,0,0,0,0
242809629,NODE_B4BFE934ED80,child,8,F4:2D:C9:73:E6:19,-97,88,93,93,0,0,0,0,0
242909628,NODE_B4BFE934ED80,child,8,F4:2D:C9:73:E6:19,-94,88,93,93,0,0,0,0,0
243009636,NODE_B4BFE934ED80,child,8,F4:2D:C9:73:E6:19,-94,88,93,93,0,0,0,0,0
243109629,NODE_B4BFE934ED80,child,8,F4:2D:C9:73:E6:19,-94,88,93,93,0,0,0,0,0
243209624,NODE_B4BFE934ED80,child,8,F4:2D:C9:73:E6:19,-94,88,93,93,0,0,0,0,0
243309632,NODE_B4BFE934ED80,child,8,F4:2D:C9:73:E6:19,-94,88,94,94,0,0,0,0,0
243409629,NODE_B4BFE934ED80,child,8,F4:2D:C9:73:E6:19,-94,88,94,94,0,0,0,0,0
243509679,NODE_B4BFE934ED80,child,8,F4:2D:C9:73:E6:19,-95,88,94,94,0,0,0,0,0
243609628,NODE_B4BFE934ED80,child,8,F4:2D:C9:73:E6:19,-95,88,94,94,0,0,0,0,0
243709637,NODE_B4BFE934ED80,child,8,F4:2D:C9:73:E6:19,-95,88,94,94,0,0,0,0,0
243809624,NODE_B4BFE934ED80,child,8,F4:2D:C9:73:E6:19,-96,88,94,94,0,0,0,0,0
243909632,NODE_B4BFE934ED80,child,8,F4:2D:C9:73:E6:19,-96,88,94,94,0,0,0,0,0
244009637,NODE_B4BFE934ED80,child,8,F4:2D:C9:73:E6:19,-96,88,94,94,0,0,0,0,0
244109628,NODE_B4BFE934ED80,child,8,F4:2D:C9:73:E6:19,-96,88,94,94,0,0,0,0,0
244209628,NODE_B4BFE934ED80,child,8,F4:2D:C9:73:E6:19,-96,88,94,94,0,0,0,0,0
244309633,NODE_B4BFE934ED80,child,8,F4:2D:C9:73:E6:19,-96,88,95,95,0,0,0,0,0
244409632,NODE_B4BFE934ED80,child,8,F4:2D:C9:73:E6:19,-96,88,95,95,0,0,0,0,0
244509636,NODE_B4BFE934ED80,child,8,F4:2D:C9:73:E6:19,-95,88,95,95,0,0,0,0,0
244609637,NODE_B4BFE934ED80,child,8,F4:2D:C9:73:E6:19,-95,88,95,95,0,0,0,0,0
244709632,NODE_B4BFE934ED80,child,8,F4:2D:C9:73:E6:19,-95,88,95,95,0,0,0,0,0
244809632,NODE_B4BFE934ED80,child,8,F4:2D:C9:73:E6:19,-96,88,95,95,0,0,0,0,0
244909633,NODE_B4BFE934ED80,child,8,F4:2D:C9:73:E6:19,-96,88,95,95,0,0,0,0,0
245009632,NODE_B4BFE934ED80,child,8,F4:2D:C9:73:E6:19,-96,88,95,95,0,0,0,0,0
245109628,NODE_B4BFE934ED80,child,8,F4:2D:C9:73:E6:19,-95,88,95,95,0,0,0,0,0
245209633,NODE_B4BFE934ED80,child,8,F4:2D:C9:73:E6:19,-95,88,95,95,0,0,0,0,0
245309628,NODE_B4BFE934ED80,child,8,F4:2D:C9:73:E6:19,-95,88,96,96,0,0,0,0,0
245409628,NODE_B4BFE934ED80,child,8,F4:2D:C9:73:E6:19,-97,88,96,96,0,0,0,0,0
245509629,NODE_B4BFE934ED80,child,8,F4:2D:C9:73:E6:19,-97,88,96,96,0,0,0,0,0
245609632,NODE_B4BFE934ED80,child,8,F4:2D:C9:73:E6:19,-97,88,96,96,0,0,0,0,0
245709632,NODE_B4BFE934ED80,child,8,F4:2D:C9:73:E6:19,-95,88,96,96,0,0,0,0,0
245809637,NODE_B4BFE934ED80,child,8,F4:2D:C9:73:E6:19,-95,88,96,96,0,0,0,0,0
245909632,NODE_B4BFE934ED80,child,8,F4:2D:C9:73:E6:19,-95,88,96,96,0,0,0,0,0
246009632,NODE_B4BFE934ED80,child,8,F4:2D:C9:73:E6:19,-93,88,96,96,0,0,0,0,0
246109633,NODE_B4BFE934ED80,child,8,F4:2D:C9:73:E6:19,-93,88,96,96,0,0,0,0,0
246209632,NODE_B4BFE934ED80,child,8,F4:2D:C9:73:E6:19,-93,88,96,96,0,0,0,0,0
246309636,NODE_B4BFE934ED80,child,8,F4:2D:C9:73:E6:19,-96,88,97,97,0,0,0,0,0
246409633,NODE_B4BFE934ED80,child,8,F4:2D:C9:73:E6:19,-96,88,97,97,0,0,0,0,0
246509632,NODE_B4BFE934ED80,child,8,F4:2D:C9:73:E6:19,-96,88,97,97,0,0,0,0,0
246609628,NODE_B4BFE934ED80,child,8,F4:2D:C9:73:E6:19,-96,88,97,97,0,0,0,0,0
246709633,NODE_B4BFE934ED80,child,8,F4:2D:C9:73:E6:19,-96,88,97,97,0,0,0,0,0
246809632,NODE_B4BFE934ED80,child,8,F4:2D:C9:73:E6:19,-96,88,97,97,0,0,0,0,0
246909632,NODE_B4BFE934ED80,child,8,F4:2D:C9:73:E6:19,-96,88,97,97,0,0,0,0,0
247009637,NODE_B4BFE934ED80,child,8,F4:2D:C9:73:E6:19,-96,88,97,97,0,0,0,0,0
247109636,NODE_B4BFE934ED80,child,8,F4:2D:C9:73:E6:19,-96,88,97,97,0,0,0,0,0
247209628,NODE_B4BFE934ED80,child,8,F4:2D:C9:73:E6:19,-95,88,97,97,0,0,0,0,0
247309637,NODE_B4BFE934ED80,child,8,F4:2D:C9:73:E6:19,-95,88,98,98,0,0,0,0,0
247409632,NODE_B4BFE934ED80,child,8,F4:2D:C9:73:E6:19,-95,88,98,98,0,0,0,0,0
247509636,NODE_B4BFE934ED80,child,8,F4:2D:C9:73:E6:19,-94,88,98,98,0,0,0,0,0
247609633,NODE_B4BFE934ED80,child,8,F4:2D:C9:73:E6:19,-94,88,98,98,0,0,0,0,0
247709632,NODE_B4BFE934ED80,child,8,F4:2D:C9:73:E6:19,-94,88,98,98,0,0,0,0,0
247809632,NODE_B4BFE934ED80,child,8,F4:2D:C9:73:E6:19,-93,88,98,98,0,0,0,0,0
247909629,NODE_B4BFE934ED80,child,8,F4:2D:C9:73:E6:19,-93,88,98,98,0,0,0,0,0
248009636,NODE_B4BFE934ED80,child,8,F4:2D:C9:73:E6:19,-93,88,98,98,0,0,0,0,0
248109632,NODE_B4BFE934ED80,child,8,F4:2D:C9:73:E6:19,-94,88,98,98,0,0,0,0,0
248209633,NODE_B4BFE934ED80,child,8,F4:2D:C9:73:E6:19,-94,88,98,98,0,0,0,0,0
248309632,NODE_B4BFE934ED80,child,8,F4:2D:C9:73:E6:19,-94,88,99,99,0,0,0,0,0
248409632,NODE_B4BFE934ED80,child,8,F4:2D:C9:73:E6:19,-94,88,99,99,0,0,0,0,0
248509641,NODE_B4BFE934ED80,child,8,F4:2D:C9:73:E6:19,-92,88,99,99,0,0,0,0,0
248609628,NODE_B4BFE934ED80,child,8,F4:2D:C9:73:E6:19,-92,88,99,99,0,0,0,0,0
248709632,NODE_B4BFE934ED80,child,8,F4:2D:C9:73:E6:19,-92,88,99,99,0,0,0,0,0
248809629,NODE_B4BFE934ED80,child,8,F4:2D:C9:73:E6:19,-94,88,99,99,0,0,0,0,0
248909632,NODE_B4BFE934ED80,child,8,F4:2D:C9:73:E6:19,-94,88,99,99,0,0,0,0,0
249009632,NODE_B4BFE934ED80,child,8,F4:2D:C9:73:E6:19,-94,88,99,99,0,0,0,0,0
249109641,NODE_B4BFE934ED80,child,8,F4:2D:C9:73:E6:19,-94,88,99,99,0,0,0,0,0
249209632,NODE_B4BFE934ED80,child,8,F4:2D:C9:73:E6:19,-94,88,99,99,0,0,0,0,0
249309632,NODE_B4BFE934ED80,child,8,F4:2D:C9:73:E6:19,-94,88,100,100,0,0,0,0,0
249409633,NODE_B4BFE934ED80,child,8,F4:2D:C9:73:E6:19,-94,88,100,100,0,0,0,0,0
249509632,NODE_B4BFE934ED80,child,8,F4:2D:C9:73:E6:19,-94,88,100,100,0,0,0,0,0
249609628,NODE_B4BFE934ED80,child,8,F4:2D:C9:73:E6:19,-94,88,100,100,0,0,0,0,0
249709629,NODE_B4BFE934ED80,child,8,F4:2D:C9:73:E6:19,-92,88,100,100,0,0,0,0,0
249809636,NODE_B4BFE934ED80,child,8,F4:2D:C9:73:E6:19,-92,88,100,100,0,0,0,0,0
249909632,NODE_B4BFE934ED80,child,8,F4:2D:C9:73:E6:19,-92,88,100,100,0,0,0,0,0
250009637,NODE_B4BFE934ED80,child,8,F4:2D:C9:73:E6:19,-95,88,100,100,0,0,0,0,0
250109636,NODE_B4BFE934ED80,child,8,F4:2D:C9:73:E6:19,-95,88,100,100,0,0,0,0,0
250209632,NODE_B4BFE934ED80,child,8,F4:2D:C9:73:E6:19,-95,88,100,100,0,0,0,0,0
250309633,NODE_B4BFE934ED80,child,8,F4:2D:C9:73:E6:19,-97,88,101,101,0,0,0,0,0
250409632,NODE_B4BFE934ED80,child,8,F4:2D:C9:73:E6:19,-97,88,101,101,0,0,0,0,0
250509636,NODE_B4BFE934ED80,child,8,F4:2D:C9:73:E6:19,-97,88,101,101,0,0,0,0,0
250609637,NODE_B4BFE934ED80,child,8,F4:2D:C9:73:E6:19,-93,88,101,101,0,0,0,0,0
250709628,NODE_B4BFE934ED80,child,8,F4:2D:C9:73:E6:19,-93,88,101,101,0,0,0,0,0
250809628,NODE_B4BFE934ED80,child,8,F4:2D:C9:73:E6:19,-93,88,101,101,0,0,0,0,0
250909629,NODE_B4BFE934ED80,child,8,F4:2D:C9:73:E6:19,-95,88,101,101,0,0,0,0,0
251009636,NODE_B4BFE934ED80,child,8,F4:2D:C9:73:E6:19,-95,88,101,101,0,0,0,0,0
251109632,NODE_B4BFE934ED80,child,8,F4:2D:C9:73:E6:19,-95,88,101,101,0,0,0,0,0
251209629,NODE_B4BFE934ED80,child,8,F4:2D:C9:73:E6:19,-99,88,101,101,0,0,0,0,0
251309632,NODE_B4BFE934ED80,child,8,F4:2D:C9:73:E6:19,-99,88,102,102,0,0,0,0,0
251409632,NODE_B4BFE934ED80,child,8,F4:2D:C9:73:E6:19,-99,88,102,102,0,0,0,0,0
251509629,NODE_B4BFE934ED80,child,8,F4:2D:C9:73:E6:19,-95,88,102,102,0,0,0,0,0
251609632,NODE_B4BFE934ED80,child,8,F4:2D:C9:73:E6:19,-95,88,102,102,0,0,0,0,0
251709632,NODE_B4BFE934ED80,child,8,F4:2D:C9:73:E6:19,-95,88,102,102,0,0,0,0,0
251809637,NODE_B4BFE934ED80,child,8,F4:2D:C9:73:E6:19,-96,88,102,102,0,0,0,0,0
251909628,NODE_B4BFE934ED80,child,8,F4:2D:C9:73:E6:19,-96,88,102,102,0,0,0,0,0
252009632,NODE_B4BFE934ED80,child,8,F4:2D:C9:73:E6:19,-96,88,102,102,0,0,0,0,0
252109633,NODE_B4BFE934ED80,child,8,F4:2D:C9:73:E6:19,-94,88,102,102,0,0,0,0,0
252209628,NODE_B4BFE934ED80,child,8,F4:2D:C9:73:E6:19,-94,88,102,102,0,0,0,0,0
252309632,NODE_B4BFE934ED80,child,8,F4:2D:C9:73:E6:19,-94,88,103,103,0,0,0,0,0
252409633,NODE_B4BFE934ED80,child,8,F4:2D:C9:73:E6:19,-96,88,103,103,0,0,0,0,0
252509640,NODE_B4BFE934ED80,child,8,F4:2D:C9:73:E6:19,-96,88,103,103,0,0,0,0,0
252609624,NODE_B4BFE934ED80,child,8,F4:2D:C9:73:E6:19,-96,88,103,103,0,0,0,0,0
252709633,NODE_B4BFE934ED80,child,8,F4:2D:C9:73:E6:19,-96,88,103,103,0,0,0,0,0
252809636,NODE_B4BFE934ED80,child,8,F4:2D:C9:73:E6:19,-94,88,103,103,0,0,0,0,0
252909628,NODE_B4BFE934ED80,child,8,F4:2D:C9:73:E6:19,-94,88,103,103,0,0,0,0,0
253009633,NODE_B4BFE934ED80,child,8,F4:2D:C9:73:E6:19,-94,88,103,103,0,0,0,0,0
253109797,NODE_B4BFE934ED80,child,8,F4:2D:C9:73:E6:19,-93,88,103,103,0,0,0,0,0
253209632,NODE_B4BFE934ED80,child,8,F4:2D:C9:73:E6:19,-93,88,103,103,0,0,0,0,0
253309629,NODE_B4BFE934ED80,child,8,F4:2D:C9:73:E6:19,-93,88,104,104,0,0,0,0,0
253409628,NODE_B4BFE934ED80,child,8,F4:2D:C9:73:E6:19,-94,88,104,104,0,0,0,0,0
253509640,NODE_B4BFE934ED80,child,8,F4:2D:C9:73:E6:19,-94,88,104,104,0,0,0,0,0
253609629,NODE_B4BFE934ED80,child,8,F4:2D:C9:73:E6:19,-94,88,104,104,0,0,0,0,0
253709636,NODE_B4BFE934ED80,child,8,F4:2D:C9:73:E6:19,-98,88,104,104,0,0,0,0,0
253809640,NODE_B4BFE934ED80,child,8,F4:2D:C9:73:E6:19,-98,88,104,104,0,0,0,0,0
253909633,NODE_B4BFE934ED80,child,8,F4:2D:C9:73:E6:19,-98,88,104,104,0,0,0,0,0
254009632,NODE_B4BFE934ED80,child,8,F4:2D:C9:73:E6:19,-92,88,104,104,0,0,0,0,0
254109636,NODE_B4BFE934ED80,child,8,F4:2D:C9:73:E6:19,-92,88,104,104,0,0,0,0,0
254209629,NODE_B4BFE934ED80,child,8,F4:2D:C9:73:E6:19,-92,88,104,104,0,0,0,0,0
254309632,NODE_B4BFE934ED80,child,8,F4:2D:C9:73:E6:19,-94,88,105,105,0,0,0,0,0
254409632,NODE_B4BFE934ED80,child,8,F4:2D:C9:73:E6:19,-94,88,105,105,0,0,0,0,0
254509633,NODE_B4BFE934ED80,child,8,F4:2D:C9:73:E6:19,-94,88,105,105,0,0,0,0,0
254609628,NODE_B4BFE934ED80,child,8,F4:2D:C9:73:E6:19,-97,88,105,105,0,0,0,0,0
254709632,NODE_B4BFE934ED80,child,8,F4:2D:C9:73:E6:19,-97,88,105,105,0,0,0,0,0
254809629,NODE_B4BFE934ED80,child,8,F4:2D:C9:73:E6:19,-97,88,105,105,0,0,0,0,0
254909632,NODE_B4BFE934ED80,child,8,F4:2D:C9:73:E6:19,-95,88,105,105,0,0,0,0,0
255009636,NODE_B4BFE934ED80,child,8,F4:2D:C9:73:E6:19,-95,88,105,105,0,0,0,0,0
255109637,NODE_B4BFE934ED80,child,8,F4:2D:C9:73:E6:19,-95,88,105,105,0,0,0,0,0
255209632,NODE_B4BFE934ED80,child,8,F4:2D:C9:73:E6:19,-94,88,105,105,0,0,0,0,0
255309628,NODE_B4BFE934ED80,child,8,F4:2D:C9:73:E6:19,-94,88,106,106,0,0,0,0,0
255409629,NODE_B4BFE934ED80,child,8,F4:2D:C9:73:E6:19,-94,88,106,106,0,0,0,0,0
255509628,NODE_B4BFE934ED80,child,8,F4:2D:C9:73:E6:19,-95,88,106,106,0,0,0,0,0
255609640,NODE_B4BFE934ED80,child,8,F4:2D:C9:73:E6:19,-95,88,106,106,0,0,0,0,0
255709633,NODE_B4BFE934ED80,child,8,F4:2D:C9:73:E6:19,-95,88,106,106,0,0,0,0,0
255809628,NODE_B4BFE934ED80,child,8,F4:2D:C9:73:E6:19,-95,88,106,106,0,0,0,0,0
255909636,NODE_B4BFE934ED80,child,8,F4:2D:C9:73:E6:19,-95,88,106,106,0,0,0,0,0
256009633,NODE_B4BFE934ED80,child,8,F4:2D:C9:73:E6:19,-95,88,106,106,0,0,0,0,0
256109628,NODE_B4BFE934ED80,child,8,F4:2D:C9:73:E6:19,-95,88,106,106,0,0,0,0,0
256209636,NODE_B4BFE934ED80,child,8,F4:2D:C9:73:E6:19,-95,88,106,106,0,0,0,0,0
256309890,NODE_B4BFE934ED80,child,8,F4:2D:C9:73:E6:19,-95,88,107,107,0,0,0,0,0
256409628,NODE_B4BFE934ED80,child,8,F4:2D:C9:73:E6:19,-96,88,107,107,0,0,0,0,0
256509636,NODE_B4BFE934ED80,child,8,F4:2D:C9:73:E6:19,-96,88,107,107,0,0,0,0,0
256609633,NODE_B4BFE934ED80,child,8,F4:2D:C9:73:E6:19,-96,88,107,107,0,0,0,0,0
256709632,NODE_B4BFE934ED80,child,8,F4:2D:C9:73:E6:19,-95,88,107,107,0,0,0,0,0
256809640,NODE_B4BFE934ED80,child,8,F4:2D:C9:73:E6:19,-95,88,107,107,0,0,0,0,0
256909629,NODE_B4BFE934ED80,child,8,F4:2D:C9:73:E6:19,-95,88,107,107,0,0,0,0,0
257009636,NODE_B4BFE934ED80,child,8,F4:2D:C9:73:E6:19,-95,88,107,107,0,0,0,0,0
257109628,NODE_B4BFE934ED80,child,8,F4:2D:C9:73:E6:19,-93,88,107,107,0,0,0,0,0
257209633,NODE_B4BFE934ED80,child,8,F4:2D:C9:73:E6:19,-93,88,107,107,0,0,0,0,0
257309628,NODE_B4BFE934ED80,child,8,F4:2D:C9:73:E6:19,-93,88,108,108,0,0,0,0,0
257409636,NODE_B4BFE934ED80,child,8,F4:2D:C9:73:E6:19,-95,88,108,108,0,0,0,0,0
257509637,NODE_B4BFE934ED80,child,8,F4:2D:C9:73:E6:19,-94,88,108,108,0,0,0,0,0
257609640,NODE_B4BFE934ED80,child,8,F4:2D:C9:73:E6:19,-94,88,108,108,0,0,0,0,0
257709636,NODE_B4BFE934ED80,child,8,F4:2D:C9:73:E6:19,-93,88,108,108,0,0,0,0,0
257809633,NODE_B4BFE934ED80,child,8,F4:2D:C9:73:E6:19,-97,88,108,108,0,0,0,0,0
257909636,NODE_B4BFE934ED80,child,8,F4:2D:C9:73:E6:19,-94,88,108,108,0,0,0,0,0
258009636,NODE_B4BFE934ED80,child,8,F4:2D:C9:73:E6:19,-93,88,108,108,0,0,0,0,0
258109633,NODE_B4BFE934ED80,child,8,F4:2D:C9:73:E6:19,-94,88,108,108,0,0,0,0,0
258209636,NODE_B4BFE934ED80,child,8,F4:2D:C9:73:E6:19,-96,88,108,108,0,0,0,0,0
258309628,NODE_B4BFE934ED80,child,8,F4:2D:C9:73:E6:19,-96,88,109,109,0,0,0,0,0
258409625,NODE_B4BFE934ED80,child,8,F4:2D:C9:73:E6:19,-96,88,109,109,0,0,0,0,0
258509628,NODE_B4BFE934ED80,child,8,F4:2D:C9:73:E6:19,-96,88,109,109,0,0,0,0,0
258609624,NODE_B4BFE934ED80,child,8,F4:2D:C9:73:E6:19,-96,88,109,109,0,0,0,0,0
258709633,NODE_B4BFE934ED80,child,8,F4:2D:C9:73:E6:19,-96,88,109,109,0,0,0,0,0
258809632,NODE_B4BFE934ED80,child,8,F4:2D:C9:73:E6:19,-96,88,109,109,0,0,0,0,0
258909624,NODE_B4BFE934ED80,child,8,F4:2D:C9:73:E6:19,-96,88,109,109,0,0,0,0,0
259009633,NODE_B4BFE934ED80,child,8,F4:2D:C9:73:E6:19,-96,88,109,109,0,0,0,0,0
259109628,NODE_B4BFE934ED80,child,8,F4:2D:C9:73:E6:19,-96,88,109,109,0,0,0,0,0
259209633,NODE_B4BFE934ED80,child,8,F4:2D:C9:73:E6:19,-95,88,109,109,0,0,0,0,0
259309629,NODE_B4BFE934ED80,child,8,F4:2D:C9:73:E6:19,-95,88,110,110,0,0,0,0,0
259409624,NODE_B4BFE934ED80,child,8,F4:2D:C9:73:E6:19,-95,88,110,110,0,0,0,0,0
259509624,NODE_B4BFE934ED80,child,8,F4:2D:C9:73:E6:19,-95,88,110,110,0,0,0,0,0
259609633,NODE_B4BFE934ED80,child,8,F4:2D:C9:73:E6:19,-95,88,110,110,0,0,0,0,0
259709624,NODE_B4BFE934ED80,child,8,F4:2D:C9:73:E6:19,-95,88,110,110,0,0,0,0,0
259809628,NODE_B4BFE934ED80,child,8,F4:2D:C9:73:E6:19,-95,88,110,110,0,0,0,0,0
259909633,NODE_B4BFE934ED80,child,8,F4:2D:C9:73:E6:19,-95,88,110,110,0,0,0,0,0
260009628,NODE_B4BFE934ED80,child,8,F4:2D:C9:73:E6:19,-95,88,110,110,0,0,0,0,0
260109632,NODE_B4BFE934ED80,child,8,F4:2D:C9:73:E6:19,-95,88,110,110,0,0,0,0,0
260209633,NODE_B4BFE934ED80,child,8,F4:2D:C9:73:E6:19,-95,88,110,110,0,0,0,0,0
260309628,NODE_B4BFE934ED80,child,8,F4:2D:C9:73:E6:19,-95,88,111,111,0,0,0,0,0
260409632,NODE_B4BFE934ED80,child,8,F4:2D:C9:73:E6:19,-95,88,111,111,0,0,0,0,0
260509625,NODE_B4BFE934ED80,child,8,F4:2D:C9:73:E6:19,-95,88,111,111,0,0,0,0,0
260609624,NODE_B4BFE934ED80,child,8,F4:2D:C9:73:E6:19,-95,88,111,111,0,0,0,0,0
260709624,NODE_B4BFE934ED80,child,8,F4:2D:C9:73:E6:19,-95,88,111,111,0,0,0,0,0
260809637,NODE_B4BFE934ED80,child,8,F4:2D:C9:73:E6:19,-95,88,111,111,0,0,0,0,0
260909624,NODE_B4BFE934ED80,child,8,F4:2D:C9:73:E6:19,-95,88,111,111,0,0,0,0,0
261009628,NODE_B4BFE934ED80,child,8,F4:2D:C9:73:E6:19,-95,88,111,111,0,0,0,0,0
261109625,NODE_B4BFE934ED80,child,8,F4:2D:C9:73:E6:19,-95,88,111,111,0,0,0,0,0
261209624,NODE_B4BFE934ED80,child,8,F4:2D:C9:73:E6:19,-95,88,111,111,0,0,0,0,0
261309628,NODE_B4BFE934ED80,child,8,F4:2D:C9:73:E6:19,-95,88,112,112,0,0,0,0,0
261409625,NODE_B4BFE934ED80,child,8,F4:2D:C9:73:E6:19,-95,88,112,112,0,0,0,0,0
261509632,NODE_B4BFE934ED80,child,8,F4:2D:C9:73:E6:19,-95,88,112,112,0,0,0,0,0
261609632,NODE_B4BFE934ED80,child,8,F4:2D:C9:73:E6:19,-95,88,112,112,0,0,0,0,0
261709625,NODE_B4BFE934ED80,child,8,F4:2D:C9:73:E6:19,-95,88,112,112,0,0,0,0,0
261809624,NODE_B4BFE934ED80,child,8,F4:2D:C9:73:E6:19,-95,88,112,112,0,0,0,0,0
261909636,NODE_B4BFE934ED80,child,8,F4:2D:C9:73:E6:19,-95,88,112,112,0,0,0,0,0
262009629,NODE_B4BFE934ED80,child,8,F4:2D:C9:73:E6:19,-95,88,112,112,0,0,0,0,0
262109632,NODE_B4BFE934ED80,child,8,F4:2D:C9:73:E6:19,-95,88,112,112,0,0,0,0,0
262209624,NODE_B4BFE934ED80,child,8,F4:2D:C9:73:E6:19,-95,88,112,112,0,0,0,0,0
262309629,NODE_B4BFE934ED80,child,8,F4:2D:C9:73:E6:19,-94,88,113,113,0,0,0,0,0
262409624,NODE_B4BFE934ED80,child,8,F4:2D:C9:73:E6:19,-94,88,113,113,0,0,0,0,0
262509624,NODE_B4BFE934ED80,child,8,F4:2D:C9:73:E6:19,-94,88,113,113,0,0,0,0,0
262609625,NODE_B4BFE934ED80,child,8,F4:2D:C9:73:E6:19,-94,88,113,113,0,0,0,0,0
262709624,NODE_B4BFE934ED80,child,8,F4:2D:C9:73:E6:19,-94,88,113,113,0,0,0,0,0
262809632,NODE_B4BFE934ED80,child,8,F4:2D:C9:73:E6:19,-94,88,113,113,0,0,0,0,0
262909629,NODE_B4BFE934ED80,child,8,F4:2D:C9:73:E6:19,-94,88,113,113,0,0,0,0,0
263009628,NODE_B4BFE934ED80,child,8,F4:2D:C9:73:E6:19,-94,88,113,113,0,0,0,0,0
263109632,NODE_B4BFE934ED80,child,8,F4:2D:C9:73:E6:19,-94,88,113,113,0,0,0,0,0
263209629,NODE_B4BFE934ED80,child,8,F4:2D:C9:73:E6:19,-94,88,113,113,0,0,0,0,0
263309628,NODE_B4BFE934ED80,child,8,F4:2D:C9:73:E6:19,-95,88,113,113,0,0,0,0,0
263409624,NODE_B4BFE934ED80,child,8,F4:2D:C9:73:E6:19,-95,88,114,114,0,0,0,0,0
263509633,NODE_B4BFE934ED80,child,8,F4:2D:C9:73:E6:19,-95,88,114,114,0,0,0,0,0
263609632,NODE_B4BFE934ED80,child,8,F4:2D:C9:73:E6:19,-95,88,114,114,0,0,0,0,0
263709628,NODE_B4BFE934ED80,child,8,F4:2D:C9:73:E6:19,-95,88,114,114,0,0,0,0,0
263809625,NODE_B4BFE934ED80,child,8,F4:2D:C9:73:E6:19,-95,88,114,114,0,0,0,0,0
263909628,NODE_B4BFE934ED80,child,8,F4:2D:C9:73:E6:19,-95,88,114,114,0,0,0,0,0
264009628,NODE_B4BFE934ED80,child,8,F4:2D:C9:73:E6:19,-95,88,114,114,0,0,0,0,0
264109633,NODE_B4BFE934ED80,child,8,F4:2D:C9:73:E6:19,-95,88,114,114,0,0,0,0,0
264209624,NODE_B4BFE934ED80,child,8,F4:2D:C9:73:E6:19,-95,88,114,114,0,0,0,0,0
264310397,NODE_B4BFE934ED80,child,8,F4:2D:C9:73:E6:19,-93,88,114,114,0,0,0,0,0
264409633,NODE_B4BFE934ED80,child,8,F4:2D:C9:73:E6:19,-93,88,115,115,0,0,0,0,0
264509624,NODE_B4BFE934ED80,child,8,F4:2D:C9:73:E6:19,-93,88,115,115,0,0,0,0,0
264609624,NODE_B4BFE934ED80,child,8,F4:2D:C9:73:E6:19,-93,88,115,115,0,0,0,0,0
264709625,NODE_B4BFE934ED80,child,8,F4:2D:C9:73:E6:19,-93,88,115,115,0,0,0,0,0
264809768,NODE_B4BFE934ED80,child,8,F4:2D:C9:73:E6:19,-93,88,115,115,0,0,0,0,0
264909628,NODE_B4BFE934ED80,child,8,F4:2D:C9:73:E6:19,-93,88,115,115,0,0,0,0,0
265009633,NODE_B4BFE934ED80,child,8,F4:2D:C9:73:E6:19,-93,88,115,115,0,0,0,0,0
265109624,NODE_B4BFE934ED80,child,8,F4:2D:C9:73:E6:19,-93,88,115,115,0,0,0,0,0
265209628,NODE_B4BFE934ED80,child,8,F4:2D:C9:73:E6:19,-93,88,115,115,0,0,0,0,0
265309641,NODE_B4BFE934ED80,child,8,F4:2D:C9:73:E6:19,-94,88,115,115,0,0,0,0,0
265409632,NODE_B4BFE934ED80,child,8,F4:2D:C9:73:E6:19,-94,88,116,116,0,0,0,0,0
265509636,NODE_B4BFE934ED80,child,8,F4:2D:C9:73:E6:19,-94,88,116,116,0,0,0,0,0
265609625,NODE_B4BFE934ED80,child,8,F4:2D:C9:73:E6:19,-94,88,116,116,0,0,0,0,0
265709624,NODE_B4BFE934ED80,child,8,F4:2D:C9:73:E6:19,-94,88,116,116,0,0,0,0,0
265809624,NODE_B4BFE934ED80,child,8,F4:2D:C9:73:E6:19,-94,88,116,116,0,0,0,0,0
265909625,NODE_B4BFE934ED80,child,8,F4:2D:C9:73:E6:19,-94,88,116,116,0,0,0,0,0
266009632,NODE_B4BFE934ED80,child,8,F4:2D:C9:73:E6:19,-94,88,116,116,0,0,0,0,0
266109632,NODE_B4BFE934ED80,child,8,F4:2D:C9:73:E6:19,-94,88,116,116,0,0,0,0,0
266209627,NODE_B4BFE934ED80,child,8,F4:2D:C9:73:E6:19,-94,88,116,116,0,0,0,0,0
266309628,NODE_B4BFE934ED80,child,8,F4:2D:C9:73:E6:19,-94,88,116,116,0,0,0,0,0
266409636,NODE_B4BFE934ED80,child,8,F4:2D:C9:73:E6:19,-93,88,117,117,0,0,0,0,0
266509625,NODE_B4BFE934ED80,child,8,F4:2D:C9:73:E6:19,-93,88,117,117,0,0,0,0,0
266609632,NODE_B4BFE934ED80,child,8,F4:2D:C9:73:E6:19,-93,88,117,117,0,0,0,0,0
266709624,NODE_B4BFE934ED80,child,8,F4:2D:C9:73:E6:19,-93,88,117,117,0,0,0,0,0
266809625,NODE_B4BFE934ED80,child,8,F4:2D:C9:73:E6:19,-93,88,117,117,0,0,0,0,0
266909632,NODE_B4BFE934ED80,child,8,F4:2D:C9:73:E6:19,-93,88,117,117,0,0,0,0,0
267009632,NODE_B4BFE934ED80,child,8,F4:2D:C9:73:E6:19,-93,88,117,117,0,0,0,0,0
267109629,NODE_B4BFE934ED80,child,8,F4:2D:C9:73:E6:19,-93,88,117,117,0,0,0,0,0
267209624,NODE_B4BFE934ED80,child,8,F4:2D:C9:73:E6:19,-93,88,117,117,0,0,0,0,0
267309632,NODE_B4BFE934ED80,child,8,F4:2D:C9:73:E6:19,-93,88,117,117,0,0,0,0,0
267409637,NODE_B4BFE934ED80,child,8,F4:2D:C9:73:E6:19,-95,88,118,118,0,0,0,0,0
267509624,NODE_B4BFE934ED80,child,8,F4:2D:C9:73:E6:19,-95,88,118,118,0,0,0,0,0
267609632,NODE_B4BFE934ED80,child,8,F4:2D:C9:73:E6:19,-95,88,118,118,0,0,0,0,0
267709625,NODE_B4BFE934ED80,child,8,F4:2D:C9:73:E6:19,-95,88,118,118,0,0,0,0,0
267809632,NODE_B4BFE934ED80,child,8,F4:2D:C9:73:E6:19,-95,88,118,118,0,0,0,0,0
267909628,NODE_B4BFE934ED80,child,8,F4:2D:C9:73:E6:19,-95,88,118,118,0,0,0,0,0
268009637,NODE_B4BFE934ED80,child,8,F4:2D:C9:73:E6:19,-95,88,118,118,0,0,0,0,0
268109632,NODE_B4BFE934ED80,child,8,F4:2D:C9:73:E6:19,-95,88,118,118,0,0,0,0,0
268209624,NODE_B4BFE934ED80,child,8,F4:2D:C9:73:E6:19,-95,88,118,118,0,0,0,0,0
268309625,NODE_B4BFE934ED80,child,8,F4:2D:C9:73:E6:19,-95,88,118,118,0,0,0,0,0
268409636,NODE_B4BFE934ED80,child,8,F4:2D:C9:73:E6:19,-96,88,119,119,0,0,0,0,0
268509624,NODE_B4BFE934ED80,child,8,F4:2D:C9:73:E6:19,-96,88,119,119,0,0,0,0,0
268609637,NODE_B4BFE934ED80,child,8,F4:2D:C9:73:E6:19,-96,88,119,119,0,0,0,0,0
268709628,NODE_B4BFE934ED80,child,8,F4:2D:C9:73:E6:19,-96,88,119,119,0,0,0,0,0
268809628,NODE_B4BFE934ED80,child,8,F4:2D:C9:73:E6:19,-96,88,119,119,0,0,0,0,0
268909629,NODE_B4BFE934ED80,child,8,F4:2D:C9:73:E6:19,-96,88,119,119,0,0,0,0,0
269009632,NODE_B4BFE934ED80,child,8,F4:2D:C9:73:E6:19,-96,88,119,119,0,0,0,0,0
269109754,NODE_B4BFE934ED80,child,8,F4:2D:C9:73:E6:19,-96,88,119,119,0,0,0,0,0
269209625,NODE_B4BFE934ED80,child,8,F4:2D:C9:73:E6:19,-96,88,119,119,0,0,0,0,0
269309632,NODE_B4BFE934ED80,child,8,F4:2D:C9:73:E6:19,-96,88,119,119,0,0,0,0,0
269409636,NODE_B4BFE934ED80,child,8,F4:2D:C9:73:E6:19,-93,88,120,120,0,0,0,0,0
269509625,NODE_B4BFE934ED80,child,8,F4:2D:C9:73:E6:19,-93,88,120,120,0,0,0,0,0
269609628,NODE_B4BFE934ED80,child,8,F4:2D:C9:73:E6:19,-93,88,120,120,0,0,0,0,0
269709624,NODE_B4BFE934ED80,child,8,F4:2D:C9:73:E6:19,-93,88,120,120,0,0,0,0,0
269809625,NODE_B4BFE934ED80,child,8,F4:2D:C9:73:E6:19,-93,88,120,120,0,0,0,0,0
269909624,NODE_B4BFE934ED80,child,8,F4:2D:C9:73:E6:19,-93,88,120,120,0,0,0,0,0
270009632,NODE_B4BFE934ED80,child,8,F4:2D:C9:73:E6:19,-93,88,120,120,0,0,0,0,0
270109633,NODE_B4BFE934ED80,child,8,F4:2D:C9:73:E6:19,-93,88,120,120,0,0,0,0,0
270209624,NODE_B4BFE934ED80,child,8,F4:2D:C9:73:E6:19,-93,88,120,120,0,0,0,0,0
270309636,NODE_B4BFE934ED80,child,8,F4:2D:C9:73:E6:19,-93,88,120,120,0,0,0,0,0
270409633,NODE_B4BFE934ED80,child,8,F4:2D:C9:73:E6:19,-93,88,121,121,0,0,0,0,0
270509632,NODE_B4BFE934ED80,child,8,F4:2D:C9:73:E6:19,-93,88,121,121,0,0,0,0,0
270609632,NODE_B4BFE934ED80,child,8,F4:2D:C9:73:E6:19,-93,88,121,121,0,0,0,0,0
270709625,NODE_B4BFE934ED80,child,8,F4:2D:C9:73:E6:19,-93,88,121,121,0,0,0,0,0
270809624,NODE_B4BFE934ED80,child,8,F4:2D:C9:73:E6:19,-93,88,121,121,0,0,0,0,0
270909624,NODE_B4BFE934ED80,child,8,F4:2D:C9:73:E6:19,-93,88,121,121,0,0,0,0,0
271009629,NODE_B4BFE934ED80,child,8,F4:2D:C9:73:E6:19,-93,88,121,121,0,0,0,0,0
271109628,NODE_B4BFE934ED80,child,8,F4:2D:C9:73:E6:19,-93,88,121,121,0,0,0,0,0
271209624,NODE_B4BFE934ED80,child,8,F4:2D:C9:73:E6:19,-93,88,121,121,0,0,0,0,0
271309633,NODE_B4BFE934ED80,child,8,F4:2D:C9:73:E6:19,-93,88,121,121,0,0,0,0,0
271409632,NODE_B4BFE934ED80,child,8,F4:2D:C9:73:E6:19,-93,88,122,122,0,0,0,0,0
271509636,NODE_B4BFE934ED80,child,8,F4:2D:C9:73:E6:19,-96,88,122,122,0,0,0,0,0
271609625,NODE_B4BFE934ED80,child,8,F4:2D:C9:73:E6:19,-96,88,122,122,0,0,0,0,0
271709624,NODE_B4BFE934ED80,child,8,F4:2D:C9:73:E6:19,-96,88,122,122,0,0,0,0,0
271809624,NODE_B4BFE934ED80,child,8,F4:2D:C9:73:E6:19,-96,88,122,122,0,0,0,0,0
271909625,NODE_B4BFE934ED80,child,8,F4:2D:C9:73:E6:19,-96,88,122,122,0,0,0,0,0
272009636,NODE_B4BFE934ED80,child,8,F4:2D:C9:73:E6:19,-96,88,122,122,0,0,0,0,0
272109632,NODE_B4BFE934ED80,child,8,F4:2D:C9:73:E6:19,-96,88,122,122,0,0,0,0,0
272209625,NODE_B4BFE934ED80,child,8,F4:2D:C9:73:E6:19,-96,88,122,122,0,0,0,0,0
272309628,NODE_B4BFE934ED80,child,8,F4:2D:C9:73:E6:19,-96,88,122,122,0,0,0,0,0
272409632,NODE_B4BFE934ED80,child,8,F4:2D:C9:73:E6:19,-96,88,123,123,0,0,0,0,0
272509633,NODE_B4BFE934ED80,child,8,F4:2D:C9:73:E6:19,-94,88,123,123,0,0,0,0,0
272609632,NODE_B4BFE934ED80,child,8,F4:2D:C9:73:E6:19,-94,88,123,123,0,0,0,0,0
272709624,NODE_B4BFE934ED80,child,8,F4:2D:C9:73:E6:19,-94,88,123,123,0,0,0,0,0
272809625,NODE_B4BFE934ED80,child,8,F4:2D:C9:73:E6:19,-94,88,123,123,0,0,0,0,0
272909624,NODE_B4BFE934ED80,child,8,F4:2D:C9:73:E6:19,-94,88,123,123,0,0,0,0,0
273009628,NODE_B4BFE934ED80,child,8,F4:2D:C9:73:E6:19,-94,88,123,123,0,0,0,0,0
273109637,NODE_B4BFE934ED80,child,8,F4:2D:C9:73:E6:19,-94,88,123,123,0,0,0,0,0
273209625,NODE_B4BFE934ED80,child,8,F4:2D:C9:73:E6:19,-94,88,123,123,0,0,0,0,0
273309624,NODE_B4BFE934ED80,child,8,F4:2D:C9:73:E6:19,-94,88,123,123,0,0,0,0,0
273409637,NODE_B4BFE934ED80,child,8,F4:2D:C9:73:E6:19,-94,88,124,124,0,0,0,0,0
273509636,NODE_B4BFE934ED80,child,8,F4:2D:C9:73:E6:19,-95,88,124,124,0,0,0,0,0
273609628,NODE_B4BFE934ED80,child,8,F4:2D:C9:73:E6:19,-95,88,124,124,0,0,0,0,0
273709625,NODE_B4BFE934ED80,child,8,F4:2D:C9:73:E6:19,-95,88,124,124,0,0,0,0,0
273809636,NODE_B4BFE934ED80,child,8,F4:2D:C9:73:E6:19,-95,88,124,124,0,0,0,0,0
273909628,NODE_B4BFE934ED80,child,8,F4:2D:C9:73:E6:19,-95,88,124,124,0,0,0,0,0
274009629,NODE_B4BFE934ED80,child,8,F4:2D:C9:73:E6:19,-95,88,124,124,0,0,0,0,0
274109628,NODE_B4BFE934ED80,child,8,F4:2D:C9:73:E6:19,-95,88,124,124,0,0,0,0,0
274209624,NODE_B4BFE934ED80,child,8,F4:2D:C9:73:E6:19,-95,88,124,124,0,0,0,0,0
274309625,NODE_B4BFE934ED80,child,8,F4:2D:C9:73:E6:19,-95,88,124,124,0,0,0,0,0
274409632,NODE_B4BFE934ED80,child,8,F4:2D:C9:73:E6:19,-95,88,125,125,0,0,0,0,0
274509632,NODE_B4BFE934ED80,child,8,F4:2D:C9:73:E6:19,-95,88,125,125,0,0,0,0,0
274609637,NODE_B4BFE934ED80,child,8,F4:2D:C9:73:E6:19,-94,88,125,125,0,0,0,0,0
274709624,NODE_B4BFE934ED80,child,8,F4:2D:C9:73:E6:19,-94,88,125,125,0,0,0,0,0
274809624,NODE_B4BFE934ED80,child,8,F4:2D:C9:73:E6:19,-94,88,125,125,0,0,0,0,0
274909625,NODE_B4BFE934ED80,child,8,F4:2D:C9:73:E6:19,-94,88,125,125,0,0,0,0,0
275009628,NODE_B4BFE934ED80,child,8,F4:2D:C9:73:E6:19,-94,88,125,125,0,0,0,0,0
275109632,NODE_B4BFE934ED80,child,8,F4:2D:C9:73:E6:19,-94,88,125,125,0,0,0,0,0
275209629,NODE_B4BFE934ED80,child,8,F4:2D:C9:73:E6:19,-94,88,125,125,0,0,0,0,0
275309624,NODE_B4BFE934ED80,child,8,F4:2D:C9:73:E6:19,-94,88,125,125,0,0,0,0,0
275409632,NODE_B4BFE934ED80,child,8,F4:2D:C9:73:E6:19,-94,88,126,126,0,0,0,0,0
275509637,NODE_B4BFE934ED80,child,8,F4:2D:C9:73:E6:19,-94,88,126,126,0,0,0,0,0
275609636,NODE_B4BFE934ED80,child,8,F4:2D:C9:73:E6:19,-93,88,126,126,0,0,0,0,0
275709624,NODE_B4BFE934ED80,child,8,F4:2D:C9:73:E6:19,-93,88,126,126,0,0,0,0,0
275809633,NODE_B4BFE934ED80,child,8,F4:2D:C9:73:E6:19,-93,88,126,126,0,0,0,0,0
275909624,NODE_B4BFE934ED80,child,8,F4:2D:C9:73:E6:19,-93,88,126,126,0,0,0,0,0
276009628,NODE_B4BFE934ED80,child,8,F4:2D:C9:73:E6:19,-93,88,126,126,0,0,0,0,0
276109625,NODE_B4BFE934ED80,child,8,F4:2D:C9:73:E6:19,-93,88,126,126,0,0,0,0,0
276209628,NODE_B4BFE934ED80,child,8,F4:2D:C9:73:E6:19,-93,88,126,126,0,0,0,0,0
276309624,NODE_B4BFE934ED80,child,8,F4:2D:C9:73:E6:19,-93,88,126,126,0,0,0,0,0
276409633,NODE_B4BFE934ED80,child,8,F4:2D:C9:73:E6:19,-93,88,127,127,0,0,0,0,0
276509632,NODE_B4BFE934ED80,child,8,F4:2D:C9:73:E6:19,-93,88,127,127,0,0,0,0,0
276609632,NODE_B4BFE934ED80,child,8,F4:2D:C9:73:E6:19,-93,88,127,127,0,0,0,0,0
276709625,NODE_B4BFE934ED80,child,8,F4:2D:C9:73:E6:19,-93,88,127,127,0,0,0,0,0
276809624,NODE_B4BFE934ED80,child,8,F4:2D:C9:73:E6:19,-93,88,127,127,0,0,0,0,0
276909624,NODE_B4BFE934ED80,child,8,F4:2D:C9:73:E6:19,-93,88,127,127,0,0,0,0,0
277009629,NODE_B4BFE934ED80,child,8,F4:2D:C9:73:E6:19,-93,88,127,127,0,0,0,0,0
277109636,NODE_B4BFE934ED80,child,8,F4:2D:C9:73:E6:19,-93,88,127,127,0,0,0,0,0
277209632,NODE_B4BFE934ED80,child,8,F4:2D:C9:73:E6:19,-93,88,127,127,0,0,0,0,0
277309625,NODE_B4BFE934ED80,child,8,F4:2D:C9:73:E6:19,-93,88,127,127,0,0,0,0,0
277409632,NODE_B4BFE934ED80,child,8,F4:2D:C9:73:E6:19,-93,88,128,128,0,0,0,0,0
277509628,NODE_B4BFE934ED80,child,8,F4:2D:C9:73:E6:19,-93,88,128,128,0,0,0,0,0
277609737,NODE_B4BFE934ED80,child,8,F4:2D:C9:73:E6:19,-94,88,128,128,0,0,0,0,0
277709624,NODE_B4BFE934ED80,child,8,F4:2D:C9:73:E6:19,-94,88,128,128,0,0,0,0,0
277809632,NODE_B4BFE934ED80,child,8,F4:2D:C9:73:E6:19,-94,88,128,128,0,0,0,0,0
277909625,NODE_B4BFE934ED80,child,8,F4:2D:C9:73:E6:19,-94,88,128,128,0,0,0,0,0
278009628,NODE_B4BFE934ED80,child,8,F4:2D:C9:73:E6:19,-94,88,128,128,0,0,0,0,0
278109632,NODE_B4BFE934ED80,child,8,F4:2D:C9:73:E6:19,-94,88,128,128,0,0,0,0,0
278209629,NODE_B4BFE934ED80,child,8,F4:2D:C9:73:E6:19,-94,88,128,128,0,0,0,0,0
278309624,NODE_B4BFE934ED80,child,8,F4:2D:C9:73:E6:19,-94,88,128,128,0,0,0,0,0
278409632,NODE_B4BFE934ED80,child,8,F4:2D:C9:73:E6:19,-94,88,129,129,0,0,0,0,0
278509633,NODE_B4BFE934ED80,child,8,F4:2D:C9:73:E6:19,-94,88,129,129,0,0,0,0,0
278609624,NODE_B4BFE934ED80,child,8,F4:2D:C9:73:E6:19,-94,88,129,129,0,0,0,0,0
278709632,NODE_B4BFE934ED80,child,8,F4:2D:C9:73:E6:19,-95,88,129,129,0,0,0,0,0
278809625,NODE_B4BFE934ED80,child,8,F4:2D:C9:73:E6:19,-95,88,129,129,0,0,0,0,0
278909632,NODE_B4BFE934ED80,child,8,F4:2D:C9:73:E6:19,-95,88,129,129,0,0,0,0,0
279009632,NODE_B4BFE934ED80,child,8,F4:2D:C9:73:E6:19,-95,88,129,129,0,0,0,0,0
279109625,NODE_B4BFE934ED80,child,8,F4:2D:C9:73:E6:19,-95,88,129,129,0,0,0,0,0
279209624,NODE_B4BFE934ED80,child,8,F4:2D:C9:73:E6:19,-95,88,129,129,0,0,0,0,0
279309632,NODE_B4BFE934ED80,child,8,F4:2D:C9:73:E6:19,-95,88,129,129,0,0,0,0,0
279409633,NODE_B4BFE934ED80,child,8,F4:2D:C9:73:E6:19,-95,88,130,130,0,0,0,0,0
279509624,NODE_B4BFE934ED80,child,8,F4:2D:C9:73:E6:19,-95,88,130,130,0,0,0,0,0
279609636,NODE_B4BFE934ED80,child,8,F4:2D:C9:73:E6:19,-95,88,130,130,0,0,0,0,0
279709645,NODE_B4BFE934ED80,child,8,F4:2D:C9:73:E6:19,-96,88,130,130,0,0,0,0,0
279809624,NODE_B4BFE934ED80,child,8,F4:2D:C9:73:E6:19,-96,88,130,130,0,0,0,0,0
279909624,NODE_B4BFE934ED80,child,8,F4:2D:C9:73:E6:19,-96,88,130,130,0,0,0,0,0
280009629,NODE_B4BFE934ED80,child,8,F4:2D:C9:73:E6:19,-96,88,130,130,0,0,0,0,0
280109624,NODE_B4BFE934ED80,child,8,F4:2D:C9:73:E6:19,-96,88,130,130,0,0,0,0,0
280209624,NODE_B4BFE934ED80,child,8,F4:2D:C9:73:E6:19,-96,88,130,130,0,0,0,0,0
280309633,NODE_B4BFE934ED80,child,8,F4:2D:C9:73:E6:19,-96,88,130,130,0,0,0,0,0
280409624,NODE_B4BFE934ED80,child,8,F4:2D:C9:73:E6:19,-96,88,131,131,0,0,0,0,0
280509632,NODE_B4BFE934ED80,child,8,F4:2D:C9:73:E6:19,-96,88,131,131,0,0,0,0,0
280609633,NODE_B4BFE934ED80,child,8,F4:2D:C9:73:E6:19,-96,88,131,131,0,0,0,0,0
280709632,NODE_B4BFE934ED80,child,8,F4:2D:C9:73:E6:19,-96,88,131,131,0,0,0,0,0
280809624,NODE_B4BFE934ED80,child,8,F4:2D:C9:73:E6:19,-96,88,131,131,0,0,0,0,0
280909625,NODE_B4BFE934ED80,child,8,F4:2D:C9:73:E6:19,-96,88,131,131,0,0,0,0,0
281009632,NODE_B4BFE934ED80,child,8,F4:2D:C9:73:E6:19,-96,88,131,131,0,0,0,0,0
281109624,NODE_B4BFE934ED80,child,8,F4:2D:C9:73:E6:19,-96,88,131,131,0,0,0,0,0
281209625,NODE_B4BFE934ED80,child,8,F4:2D:C9:73:E6:19,-96,88,131,131,0,0,0,0,0
281309628,NODE_B4BFE934ED80,child,8,F4:2D:C9:73:E6:19,-96,88,131,131,0,0,0,0,0
281409632,NODE_B4BFE934ED80,child,8,F4:2D:C9:73:E6:19,-96,88,132,132,0,0,0,0,0
281509625,NODE_B4BFE934ED80,child,8,F4:2D:C9:73:E6:19,-96,88,132,132,0,0,0,0,0
281609636,NODE_B4BFE934ED80,child,8,F4:2D:C9:73:E6:19,-96,88,132,132,0,0,0,0,0
281709632,NODE_B4BFE934ED80,child,8,F4:2D:C9:73:E6:19,-94,88,132,132,0,0,0,0,0
281809625,NODE_B4BFE934ED80,child,8,F4:2D:C9:73:E6:19,-94,88,132,132,0,0,0,0,0
281909624,NODE_B4BFE934ED80,child,8,F4:2D:C9:73:E6:19,-94,88,132,132,0,0,0,0,0
282009628,NODE_B4BFE934ED80,child,8,F4:2D:C9:73:E6:19,-94,88,132,132,0,0,0,0,0
282109633,NODE_B4BFE934ED80,child,8,F4:2D:C9:73:E6:19,-94,88,132,132,0,0,0,0,0
282209628,NODE_B4BFE934ED80,child,8,F4:2D:C9:73:E6:19,-94,88,132,132,0,0,0,0,0
282309636,NODE_B4BFE934ED80,child,8,F4:2D:C9:73:E6:19,-94,88,132,132,0,0,0,0,0
282409629,NODE_B4BFE934ED80,child,8,F4:2D:C9:73:E6:19,-94,88,133,133,0,0,0,0,0
282509624,NODE_B4BFE934ED80,child,8,F4:2D:C9:73:E6:19,-94,88,133,133,0,0,0,0,0
282609632,NODE_B4BFE934ED80,child,8,F4:2D:C9:73:E6:19,-94,88,133,133,0,0,0,0,0
282709625,NODE_B4BFE934ED80,child,8,F4:2D:C9:73:E6:19,-94,88,133,133,0,0,0,0,0
282809628,NODE_B4BFE934ED80,child,8,F4:2D:C9:73:E6:19,-94,88,133,133,0,0,0,0,0
282909632,NODE_B4BFE934ED80,child,8,F4:2D:C9:73:E6:19,-94,88,133,133,0,0,0,0,0
283009633,NODE_B4BFE934ED80,child,8,F4:2D:C9:73:E6:19,-94,88,133,133,0,0,0,0,0
283109624,NODE_B4BFE934ED80,child,8,F4:2D:C9:73:E6:19,-94,88,133,133,0,0,0,0,0
283209624,NODE_B4BFE934ED80,child,8,F4:2D:C9:73:E6:19,-94,88,133,133,0,0,0,0,0
283309625,NODE_B4BFE934ED80,child,8,F4:2D:C9:73:E6:19,-94,88,133,133,0,0,0,0,0
283409791,NODE_B4BFE934ED80,child,8,F4:2D:C9:73:E6:19,-94,88,134,134,0,0,0,0,0
283509626,NODE_B4BFE934ED80,child,8,F4:2D:C9:73:E6:19,-94,88,134,134,0,0,0,0,0
283609633,NODE_B4BFE934ED80,child,8,F4:2D:C9:73:E6:19,-94,88,134,134,0,0,0,0,0
283709624,NODE_B4BFE934ED80,child,8,F4:2D:C9:73:E6:19,-94,88,134,134,0,0,0,0,0
283809632,NODE_B4BFE934ED80,child,8,F4:2D:C9:73:E6:19,-94,88,134,134,0,0,0,0,0
283909633,NODE_B4BFE934ED80,child,8,F4:2D:C9:73:E6:19,-94,88,134,134,0,0,0,0,0
284009628,NODE_B4BFE934ED80,child,8,F4:2D:C9:73:E6:19,-94,88,134,134,0,0,0,0,0
284109624,NODE_B4BFE934ED80,child,8,F4:2D:C9:73:E6:19,-94,88,134,134,0,0,0,0,0
284209625,NODE_B4BFE934ED80,child,8,F4:2D:C9:73:E6:19,-94,88,134,134,0,0,0,0,0
284309632,NODE_B4BFE934ED80,child,8,F4:2D:C9:73:E6:19,-94,88,134,134,0,0,0,0,0
284409636,NODE_B4BFE934ED80,child,8,F4:2D:C9:73:E6:19,-94,88,135,135,0,0,0,0,0
284509625,NODE_B4BFE934ED80,child,8,F4:2D:C9:73:E6:19,-94,88,135,135,0,0,0,0,0
284609624,NODE_B4BFE934ED80,child,8,F4:2D:C9:73:E6:19,-94,88,135,135,0,0,0,0,0
284709624,NODE_B4BFE934ED80,child,8,F4:2D:C9:73:E6:19,-94,88,135,135,0,0,0,0,0
284809641,NODE_B4BFE934ED80,child,8,F4:2D:C9:73:E6:19,-92,88,135,135,0,0,0,0,0
284909624,NODE_B4BFE934ED80,child,8,F4:2D:C9:73:E6:19,-92,88,135,135,0,0,0,0,0
285009628,NODE_B4BFE934ED80,child,8,F4:2D:C9:73:E6:19,-92,88,135,135,0,0,0,0,0
285109625,NODE_B4BFE934ED80,child,8,F4:2D:C9:73:E6:19,-92,88,135,135,0,0,0,0,0
285209624,NODE_B4BFE934ED80,child,8,F4:2D:C9:73:E6:19,-92,88,135,135,0,0,0,0,0
285309624,NODE_B4BFE934ED80,child,8,F4:2D:C9:73:E6:19,-92,88,135,135,0,0,0,0,0
285409641,NODE_B4BFE934ED80,child,8,F4:2D:C9:73:E6:19,-92,88,136,136,0,0,0,0,0
285509636,NODE_B4BFE934ED80,child,8,F4:2D:C9:73:E6:19,-92,88,136,136,0,0,0,0,0
285609628,NODE_B4BFE934ED80,child,8,F4:2D:C9:73:E6:19,-92,88,136,136,0,0,0,0,0
285709625,NODE_B4BFE934ED80,child,8,F4:2D:C9:73:E6:19,-92,88,136,136,0,0,0,0,0
285809636,NODE_B4BFE934ED80,child,8,F4:2D:C9:73:E6:19,-92,88,136,136,0,0,0,0,0
285909624,NODE_B4BFE934ED80,child,8,F4:2D:C9:73:E6:19,-92,88,136,136,0,0,0,0,0
286009629,NODE_B4BFE934ED80,child,8,F4:2D:C9:73:E6:19,-92,88,136,136,0,0,0,0,0
286109632,NODE_B4BFE934ED80,child,8,F4:2D:C9:73:E6:19,-92,88,136,136,0,0,0,0,0
286209624,NODE_B4BFE934ED80,child,8,F4:2D:C9:73:E6:19,-92,88,136,136,0,0,0,0,0
286309629,NODE_B4BFE934ED80,child,8,F4:2D:C9:73:E6:19,-92,88,136,136,0,0,0,0,0
286409636,NODE_B4BFE934ED80,child,8,F4:2D:C9:73:E6:19,-92,88,137,137,0,0,0,0,0
286509624,NODE_B4BFE934ED80,child,8,F4:2D:C9:73:E6:19,-92,88,137,137,0,0,0,0,0
286609637,NODE_B4BFE934ED80,child,8,F4:2D:C9:73:E6:19,-92,88,137,137,0,0,0,0,0
286709632,NODE_B4BFE934ED80,child,8,F4:2D:C9:73:E6:19,-92,88,137,137,0,0,0,0,0
286809636,NODE_B4BFE934ED80,child,8,F4:2D:C9:73:E6:19,-94,88,137,137,0,0,0,0,0
286909625,NODE_B4BFE934ED80,child,8,F4:2D:C9:73:E6:19,-94,88,137,137,0,0,0,0,0
287009632,NODE_B4BFE934ED80,child,8,F4:2D:C9:73:E6:19,-94,88,137,137,0,0,0,0,0
287109628,NODE_B4BFE934ED80,child,8,F4:2D:C9:73:E6:19,-94,88,137,137,0,0,0,0,0
287209625,NODE_B4BFE934ED80,child,8,F4:2D:C9:73:E6:19,-94,88,137,137,0,0,0,0,0
287309624,NODE_B4BFE934ED80,child,8,F4:2D:C9:73:E6:19,-94,88,137,137,0,0,0,0,0
287409632,NODE_B4BFE934ED80,child,8,F4:2D:C9:73:E6:19,-94,88,138,138,0,0,0,0,0
287509641,NODE_B4BFE934ED80,child,8,F4:2D:C9:73:E6:19,-94,88,138,138,0,0,0,0,0
287609632,NODE_B4BFE934ED80,child,8,F4:2D:C9:73:E6:19,-94,88,138,138,0,0,0,0,0
287709624,NODE_B4BFE934ED80,child,8,F4:2D:C9:73:E6:19,-94,88,138,138,0,0,0,0,0
287809625,NODE_B4BFE934ED80,child,8,F4:2D:C9:73:E6:19,-94,88,138,138,0,0,0,0,0
287909636,NODE_B4BFE934ED80,child,8,F4:2D:C9:73:E6:19,-94,88,138,138,0,0,0,0,0
288009628,NODE_B4BFE934ED80,child,8,F4:2D:C9:73:E6:19,-94,88,138,138,0,0,0,0,0
288109637,NODE_B4BFE934ED80,child,8,F4:2D:C9:73:E6:19,-94,88,138,138,0,0,0,0,0
288209624,NODE_B4BFE934ED80,child,8,F4:2D:C9:73:E6:19,-94,88,138,138,0,0,0,0,0
288309624,NODE_B4BFE934ED80,child,8,F4:2D:C9:73:E6:19,-94,88,138,138,0,0,0,0,0
288409629,NODE_B4BFE934ED80,child,8,F4:2D:C9:73:E6:19,-94,88,139,139,0,0,0,0,0
288509632,NODE_B4BFE934ED80,child,8,F4:2D:C9:73:E6:19,-94,88,139,139,0,0,0,0,0
288609624,NODE_B4BFE934ED80,child,8,F4:2D:C9:73:E6:19,-94,88,139,139,0,0,0,0,0
288709625,NODE_B4BFE934ED80,child,8,F4:2D:C9:73:E6:19,-94,88,139,139,0,0,0,0,0
288809640,NODE_B4BFE934ED80,child,8,F4:2D:C9:73:E6:19,-94,88,139,139,0,0,0,0,0
288909636,NODE_B4BFE934ED80,child,8,F4:2D:C9:73:E6:19,-95,88,139,139,0,0,0,0,0
289009629,NODE_B4BFE934ED80,child,8,F4:2D:C9:73:E6:19,-95,88,139,139,0,0,0,0,0
289109624,NODE_B4BFE934ED80,child,8,F4:2D:C9:73:E6:19,-95,88,139,139,0,0,0,0,0
289209624,NODE_B4BFE934ED80,child,8,F4:2D:C9:73:E6:19,-95,88,139,139,0,0,0,0,0
289309625,NODE_B4BFE934ED80,child,8,F4:2D:C9:73:E6:19,-95,88,139,139,0,0,0,0,0
289409628,NODE_B4BFE934ED80,child,8,F4:2D:C9:73:E6:19,-95,88,140,140,0,0,0,0,0
289509636,NODE_B4BFE934ED80,child,8,F4:2D:C9:73:E6:19,-95,88,140,140,0,0,0,0,0
289609633,NODE_B4BFE934ED80,child,8,F4:2D:C9:73:E6:19,-95,88,140,140,0,0,0,0,0
289709624,NODE_B4BFE934ED80,child,8,F4:2D:C9:73:E6:19,-95,88,140,140,0,0,0,0,0
289809624,NODE_B4BFE934ED80,child,8,F4:2D:C9:73:E6:19,-95,88,140,140,0,0,0,0,0
289909637,NODE_B4BFE934ED80,child,8,F4:2D:C9:73:E6:19,-94,88,140,140,0,0,0,0,0
290009628,NODE_B4BFE934ED80,child,8,F4:2D:C9:73:E6:19,-94,88,140,140,0,0,0,0,0
290109632,NODE_B4BFE934ED80,child,8,F4:2D:C9:73:E6:19,-94,88,140,140,0,0,0,0,0
290209625,NODE_B4BFE934ED80,child,8,F4:2D:C9:73:E6:19,-94,88,140,140,0,0,0,0,0
290309624,NODE_B4BFE934ED80,child,8,F4:2D:C9:73:E6:19,-94,88,140,140,0,0,0,0,0
290409628,NODE_B4BFE934ED80,child,8,F4:2D:C9:73:E6:19,-94,88,141,141,0,0,0,0,0
290509641,NODE_B4BFE934ED80,child,8,F4:2D:C9:73:E6:19,-94,88,141,141,0,0,0,0,0
290609636,NODE_B4BFE934ED80,child,8,F4:2D:C9:73:E6:19,-94,88,141,141,0,0,0,0,0
290709624,NODE_B4BFE934ED80,child,8,F4:2D:C9:73:E6:19,-94,88,141,141,0,0,0,0,0
290809625,NODE_B4BFE934ED80,child,8,F4:2D:C9:73:E6:19,-94,88,141,141,0,0,0,0,0
290909636,NODE_B4BFE934ED80,child,8,F4:2D:C9:73:E6:19,-97,88,141,141,0,0,0,0,0
291009628,NODE_B4BFE934ED80,child,8,F4:2D:C9:73:E6:19,-97,88,141,141,0,0,0,0,0
291109625,NODE_B4BFE934ED80,child,8,F4:2D:C9:73:E6:19,-97,88,141,141,0,0,0,0,0
291209624,NODE_B4BFE934ED80,child,8,F4:2D:C9:73:E6:19,-97,88,141,141,0,0,0,0,0
291309632,NODE_B4BFE934ED80,child,8,F4:2D:C9:73:E6:19,-97,88,141,141,0,0,0,0,0
291409629,NODE_B4BFE934ED80,child,8,F4:2D:C9:73:E6:19,-97,88,142,142,0,0,0,0,0
291509624,NODE_B4BFE934ED80,child,8,F4:2D:C9:73:E6:19,-97,88,142,142,0,0,0,0,0
291609632,NODE_B4BFE934ED80,child,8,F4:2D:C9:73:E6:19,-97,88,142,142,0,0,0,0,0
291709625,NODE_B4BFE934ED80,child,8,F4:2D:C9:73:E6:19,-97,88,142,142,0,0,0,0,0
291809624,NODE_B4BFE934ED80,child,8,F4:2D:C9:73:E6:19,-97,88,142,142,0,0,0,0,0
291909624,NODE_B4BFE934ED80,child,8,F4:2D:C9:73:E6:19,-97,88,142,142,0,0,0,0,0
292009645,NODE_B4BFE934ED80,child,8,F4:2D:C9:73:E6:19,-93,88,142,142,0,0,0,0,0
292109628,NODE_B4BFE934ED80,child,8,F4:2D:C9:73:E6:19,-93,88,142,142,0,0,0,0,0
292209624,NODE_B4BFE934ED80,child,8,F4:2D:C9:73:E6:19,-93,88,142,142,0,0,0,0,0
292309629,NODE_B4BFE934ED80,child,8,F4:2D:C9:73:E6:19,-93,88,142,142,0,0,0,0,0
292409628,NODE_B4BFE934ED80,child,8,F4:2D:C9:73:E6:19,-93,88,143,143,0,0,0,0,0
292509628,NODE_B4BFE934ED80,child,8,F4:2D:C9:73:E6:19,-93,88,143,143,0,0,0,0,0
292609641,NODE_B4BFE934ED80,child,8,F4:2D:C9:73:E6:19,-93,88,143,143,0,0,0,0,0
292709624,NODE_B4BFE934ED80,child,8,F4:2D:C9:73:E6:19,-93,88,143,143,0,0,0,0,0
292809624,NODE_B4BFE934ED80,child,8,F4:2D:C9:73:E6:19,-93,88,143,143,0,0,0,0,0
292909625,NODE_B4BFE934ED80,child,8,F4:2D:C9:73:E6:19,-93,88,143,143,0,0,0,0,0
293009640,NODE_B4BFE934ED80,child,8,F4:2D:C9:73:E6:19,-96,88,143,143,0,0,0,0,0
293109624,NODE_B4BFE934ED80,child,8,F4:2D:C9:73:E6:19,-96,88,143,143,0,0,0,0,0
293209625,NODE_B4BFE934ED80,child,8,F4:2D:C9:73:E6:19,-96,88,143,143,0,0,0,0,0
293309632,NODE_B4BFE934ED80,child,8,F4:2D:C9:73:E6:19,-96,88,143,143,0,0,0,0,0
293409628,NODE_B4BFE934ED80,child,8,F4:2D:C9:73:E6:19,-96,88,144,144,0,0,0,0,0
293509625,NODE_B4BFE934ED80,child,8,F4:2D:C9:73:E6:19,-96,88,144,144,0,0,0,0,0
293609632,NODE_B4BFE934ED80,child,8,F4:2D:C9:73:E6:19,-96,88,144,144,0,0,0,0,0
293709624,NODE_B4BFE934ED80,child,8,F4:2D:C9:73:E6:19,-96,88,144,144,0,0,0,0,0
293809625,NODE_B4BFE934ED80,child,8,F4:2D:C9:73:E6:19,-96,88,144,144,0,0,0,0,0
293909632,NODE_B4BFE934ED80,child,8,F4:2D:C9:73:E6:19,-96,88,144,144,0,0,0,0,0
294009644,NODE_B4BFE934ED80,child,8,F4:2D:C9:73:E6:19,-95,88,144,144,0,0,0,0,0
294109625,NODE_B4BFE934ED80,child,8,F4:2D:C9:73:E6:19,-95,88,144,144,0,0,0,0,0
294209624,NODE_B4BFE934ED80,child,8,F4:2D:C9:73:E6:19,-95,88,144,144,0,0,0,0,0
294309624,NODE_B4BFE934ED80,child,8,F4:2D:C9:73:E6:19,-95,88,144,144,0,0,0,0,0
294409625,NODE_B4BFE934ED80,child,8,F4:2D:C9:73:E6:19,-95,88,145,145,0,0,0,0,0
294509624,NODE_B4BFE934ED80,child,8,F4:2D:C9:73:E6:19,-95,88,145,145,0,0,0,0,0
294609636,NODE_B4BFE934ED80,child,8,F4:2D:C9:73:E6:19,-95,88,145,145,0,0,0,0,0
294709625,NODE_B4BFE934ED80,child,8,F4:2D:C9:73:E6:19,-95,88,145,145,0,0,0,0,0
294809628,NODE_B4BFE934ED80,child,8,F4:2D:C9:73:E6:19,-95,88,145,145,0,0,0,0,0
294909624,NODE_B4BFE934ED80,child,8,F4:2D:C9:73:E6:19,-95,88,145,145,0,0,0,0,0
295009641,NODE_B4BFE934ED80,child,8,F4:2D:C9:73:E6:19,-96,88,145,145,0,0,0,0,0
295109624,NODE_B4BFE934ED80,child,8,F4:2D:C9:73:E6:19,-96,88,145,145,0,0,0,0,0
295209624,NODE_B4BFE934ED80,child,8,F4:2D:C9:73:E6:19,-96,88,145,145,0,0,0,0,0
295309633,NODE_B4BFE934ED80,child,8,F4:2D:C9:73:E6:19,-96,88,145,145,0,0,0,0,0
295409628,NODE_B4BFE934ED80,child,8,F4:2D:C9:73:E6:19,-96,88,146,146,0,0,0,0,0
295509886,NODE_B4BFE934ED80,child,8,F4:2D:C9:73:E6:19,-96,88,146,146,0,0,0,0,0
295609633,NODE_B4BFE934ED80,child,8,F4:2D:C9:73:E6:19,-96,88,146,146,0,0,0,0,0
295709636,NODE_B4BFE934ED80,child,8,F4:2D:C9:73:E6:19,-96,88,146,146,0,0,0,0,0
295809632,NODE_B4BFE934ED80,child,8,F4:2D:C9:73:E6:19,-96,88,146,146,0,0,0,0,0
295909625,NODE_B4BFE934ED80,child,8,F4:2D:C9:73:E6:19,-96,88,146,146,0,0,0,0,0
296009656,NODE_B4BFE934ED80,child,8,F4:2D:C9:73:E6:19,-96,88,146,146,0,0,0,0,0
296109636,NODE_B4BFE934ED80,child,8,F4:2D:C9:73:E6:19,-93,88,146,146,0,0,0,0,0
296209625,NODE_B4BFE934ED80,child,8,F4:2D:C9:73:E6:19,-93,88,146,146,0,0,0,0,0
296309624,NODE_B4BFE934ED80,child,8,F4:2D:C9:73:E6:19,-93,88,146,146,0,0,0,0,0
296409628,NODE_B4BFE934ED80,child,8,F4:2D:C9:73:E6:19,-93,88,147,147,0,0,0,0,0
296509633,NODE_B4BFE934ED80,child,8,F4:2D:C9:73:E6:19,-93,88,147,147,0,0,0,0,0
296609624,NODE_B4BFE934ED80,child,8,F4:2D:C9:73:E6:19,-93,88,147,147,0,0,0,0,0
296709628,NODE_B4BFE934ED80,child,8,F4:2D:C9:73:E6:19,-93,88,147,147,0,0,0,0,0
296809629,NODE_B4BFE934ED80,child,8,F4:2D:C9:73:E6:19,-93,88,147,147,0,0,0,0,0
296909624,NODE_B4BFE934ED80,child,8,F4:2D:C9:73:E6:19,-93,88,147,147,0,0,0,0,0
297009632,NODE_B4BFE934ED80,child,8,F4:2D:C9:73:E6:19,-93,88,147,147,0,0,0,0,0
297109641,NODE_B4BFE934ED80,child,8,F4:2D:C9:73:E6:19,-95,88,147,147,0,0,0,0,0
297209632,NODE_B4BFE934ED80,child,8,F4:2D:C9:73:E6:19,-95,88,147,147,0,0,0,0,0
297309624,NODE_B4BFE934ED80,child,8,F4:2D:C9:73:E6:19,-95,88,147,147,0,0,0,0,0
297409629,NODE_B4BFE934ED80,child,8,F4:2D:C9:73:E6:19,-95,88,148,148,0,0,0,0,0
297509624,NODE_B4BFE934ED80,child,8,F4:2D:C9:73:E6:19,-95,88,148,148,0,0,0,0,0
297609624,NODE_B4BFE934ED80,child,8,F4:2D:C9:73:E6:19,-95,88,148,148,0,0,0,0,0
297709629,NODE_B4BFE934ED80,child,8,F4:2D:C9:73:E6:19,-95,88,148,148,0,0,0,0,0
297809632,NODE_B4BFE934ED80,child,8,F4:2D:C9:73:E6:19,-95,88,148,148,0,0,0,0,0
297909632,NODE_B4BFE934ED80,child,8,F4:2D:C9:73:E6:19,-95,88,148,148,0,0,0,0,0
298009629,NODE_B4BFE934ED80,child,8,F4:2D:C9:73:E6:19,-95,88,148,148,0,0,0,0,0
298109636,NODE_B4BFE934ED80,child,8,F4:2D:C9:73:E6:19,-94,88,148,148,0,0,0,0,0
298209632,NODE_B4BFE934ED80,child,8,F4:2D:C9:73:E6:19,-94,88,148,148,0,0,0,0,0
298309625,NODE_B4BFE934ED80,child,8,F4:2D:C9:73:E6:19,-94,88,148,148,0,0,0,0,0
298409628,NODE_B4BFE934ED80,child,8,F4:2D:C9:73:E6:19,-94,88,149,149,0,0,0,0,0
298509632,NODE_B4BFE934ED80,child,8,F4:2D:C9:73:E6:19,-94,88,149,149,0,0,0,0,0
298609633,NODE_B4BFE934ED80,child,8,F4:2D:C9:73:E6:19,-94,88,149,149,0,0,0,0,0
298709632,NODE_B4BFE934ED80,child,8,F4:2D:C9:73:E6:19,-94,88,149,149,0,0,0,0,0
298809624,NODE_B4BFE934ED80,child,8,F4:2D:C9:73:E6:19,-94,88,149,149,0,0,0,0,0
298909625,NODE_B4BFE934ED80,child,8,F4:2D:C9:73:E6:19,-94,88,149,149,0,0,0,0,0
299009628,NODE_B4BFE934ED80,child,8,F4:2D:C9:73:E6:19,-94,88,149,149,0,0,0,0,0
299109640,NODE_B4BFE934ED80,child,8,F4:2D:C9:73:E6:19,-93,88,149,149,0,0,0,0,0
299209625,NODE_B4BFE934ED80,child,8,F4:2D:C9:73:E6:19,-93,88,149,149,0,0,0,0,0
299309624,NODE_B4BFE934ED80,child,8,F4:2D:C9:73:E6:19,-93,88,149,149,0,0,0,0,0
299409628,NODE_B4BFE934ED80,child,8,F4:2D:C9:73:E6:19,-93,88,150,150,0,0,0,0,0
299509629,NODE_B4BFE934ED80,child,8,F4:2D:C9:73:E6:19,-93,88,150,150,0,0,0,0,0
299609624,NODE_B4BFE934ED80,child,8,F4:2D:C9:73:E6:19,-93,88,150,150,0,0,0,0,0
299709628,NODE_B4BFE934ED80,child,8,F4:2D:C9:73:E6:19,-93,88,150,150,0,0,0,0,0
299809633,NODE_B4BFE934ED80,child,8,F4:2D:C9:73:E6:19,-93,88,150,150,0,0,0,0,0
299909624,NODE_B4BFE934ED80,child,8,F4:2D:C9:73:E6:19,-93,88,150,150,0,0,0,0,0
300009628,NODE_B4BFE934ED80,child,8,F4:2D:C9:73:E6:19,-93,88,150,150,0,0,0,0,0
300109625,NODE_B4BFE934ED80,child,8,F4:2D:C9:73:E6:19,-93,88,150,150,0,0,0,0,0
300209636,NODE_B4BFE934ED80,child,8,F4:2D:C9:73:E6:19,-95,88,150,150,0,0,0,0,0
300309624,NODE_B4BFE934ED80,child,8,F4:2D:C9:73:E6:19,-95,88,150,150,0,0,0,0,0
300409629,NODE_B4BFE934ED80,child,8,F4:2D:C9:73:E6:19,-95,88,151,151,0,0,0,0,0
300509632,NODE_B4BFE934ED80,child,8,F4:2D:C9:73:E6:19,-95,88,151,151,0,0,0,0,0
300609628,NODE_B4BFE934ED80,child,8,F4:2D:C9:73:E6:19,-95,88,151,151,0,0,0,0,0
300709633,NODE_B4BFE934ED80,child,8,F4:2D:C9:73:E6:19,-95,88,151,151,0,0,0,0,0
300809632,NODE_B4BFE934ED80,child,8,F4:2D:C9:73:E6:19,-95,88,151,151,0,0,0,0,0
300909624,NODE_B4BFE934ED80,child,8,F4:2D:C9:73:E6:19,-95,88,151,151,0,0,0,0,0
301009629,NODE_B4BFE934ED80,child,8,F4:2D:C9:73:E6:19,-95,88,151,151,0,0,0,0,0
301109632,NODE_B4BFE934ED80,child,8,F4:2D:C9:73:E6:19,-95,88,151,151,0,0,0,0,0
301209632,NODE_B4BFE934ED80,child,8,F4:2D:C9:73:E6:19,-95,88,151,151,0,0,0,0,0
301309629,NODE_B4BFE934ED80,child,8,F4:2D:C9:73:E6:19,-95,88,151,151,0,0,0,0,0
301409628,NODE_B4BFE934ED80,child,8,F4:2D:C9:73:E6:19,-95,88,152,152,0,0,0,0,0
301509624,NODE_B4BFE934ED80,child,8,F4:2D:C9:73:E6:19,-95,88,152,152,0,0,0,0,0
301609633,NODE_B4BFE934ED80,child,8,F4:2D:C9:73:E6:19,-95,88,152,152,0,0,0,0,0
301709624,NODE_B4BFE934ED80,child,8,F4:2D:C9:73:E6:19,-95,88,152,152,0,0,0,0,0
301809624,NODE_B4BFE934ED80,child,8,F4:2D:C9:73:E6:19,-95,88,152,152,0,0,0,0,0
301909625,NODE_B4BFE934ED80,child,8,F4:2D:C9:73:E6:19,-95,88,152,152,0,0,0,0,0
302009628,NODE_B4BFE934ED80,child,8,F4:2D:C9:73:E6:19,-95,88,152,152,0,0,0,0,0
302109628,NODE_B4BFE934ED80,child,8,F4:2D:C9:73:E6:19,-95,88,152,152,0,0,0,0,0
302209633,NODE_B4BFE934ED80,child,8,F4:2D:C9:73:E6:19,-94,88,152,152,0,0,0,0,0
302309632,NODE_B4BFE934ED80,child,8,F4:2D:C9:73:E6:19,-94,88,152,152,0,0,0,0,0
302409636,NODE_B4BFE934ED80,child,8,F4:2D:C9:73:E6:19,-94,88,153,153,0,0,0,0,0
302509625,NODE_B4BFE934ED80,child,8,F4:2D:C9:73:E6:19,-94,88,153,153,0,0,0,0,0
302609624,NODE_B4BFE934ED80,child,8,F4:2D:C9:73:E6:19,-94,88,153,153,0,0,0,0,0
302709624,NODE_B4BFE934ED80,child,8,F4:2D:C9:73:E6:19,-94,88,153,153,0,0,0,0,0
302809633,NODE_B4BFE934ED80,child,8,F4:2D:C9:73:E6:19,-94,88,153,153,0,0,0,0,0
302909624,NODE_B4BFE934ED80,child,8,F4:2D:C9:73:E6:19,-94,88,153,153,0,0,0,0,0
303009632,NODE_B4BFE934ED80,child,8,F4:2D:C9:73:E6:19,-94,88,153,153,0,0,0,0,0
303109625,NODE_B4BFE934ED80,child,8,F4:2D:C9:73:E6:19,-94,88,153,153,0,0,0,0,0
303209636,NODE_B4BFE934ED80,child,8,F4:2D:C9:73:E6:19,-97,88,153,153,0,0,0,0,0
303309624,NODE_B4BFE934ED80,child,8,F4:2D:C9:73:E6:19,-97,88,153,153,0,0,0,0,0
303409629,NODE_B4BFE934ED80,child,8,F4:2D:C9:73:E6:19,-97,88,154,154,0,0,0,0,0
303509624,NODE_B4BFE934ED80,child,8,F4:2D:C9:73:E6:19,-97,88,154,154,0,0,0,0,0
303609632,NODE_B4BFE934ED80,child,8,F4:2D:C9:73:E6:19,-97,88,154,154,0,0,0,0,0
303709625,NODE_B4BFE934ED80,child,8,F4:2D:C9:73:E6:19,-97,88,154,154,0,0,0,0,0
303809632,NODE_B4BFE934ED80,child,8,F4:2D:C9:73:E6:19,-97,88,154,154,0,0,0,0,0
303909624,NODE_B4BFE934ED80,child,8,F4:2D:C9:73:E6:19,-97,88,154,154,0,0,0,0,0
304009629,NODE_B4BFE934ED80,child,8,F4:2D:C9:73:E6:19,-97,88,154,154,0,0,0,0,0
304109636,NODE_B4BFE934ED80,child,8,F4:2D:C9:73:E6:19,-97,88,154,154,0,0,0,0,0
304209628,NODE_B4BFE934ED80,child,8,F4:2D:C9:73:E6:19,-97,88,154,154,0,0,0,0,0
304309633,NODE_B4BFE934ED80,child,8,F4:2D:C9:73:E6:19,-97,88,154,154,0,0,0,0,0
304409628,NODE_B4BFE934ED80,child,8,F4:2D:C9:73:E6:19,-97,88,155,155,0,0,0,0,0
304509624,NODE_B4BFE934ED80,child,8,F4:2D:C9:73:E6:19,-97,88,155,155,0,0,0,0,0
304609625,NODE_B4BFE934ED80,child,8,F4:2D:C9:73:E6:19,-97,88,155,155,0,0,0,0,0
304709627,NODE_B4BFE934ED80,child,8,F4:2D:C9:73:E6:19,-97,88,155,155,0,0,0,0,0
304809624,NODE_B4BFE934ED80,child,8,F4:2D:C9:73:E6:19,-97,88,155,155,0,0,0,0,0
304909633,NODE_B4BFE934ED80,child,8,F4:2D:C9:73:E6:19,-97,88,155,155,0,0,0,0,0
305009632,NODE_B4BFE934ED80,child,8,F4:2D:C9:73:E6:19,-97,88,155,155,0,0,0,0,0
305109624,NODE_B4BFE934ED80,child,8,F4:2D:C9:73:E6:19,-97,88,155,155,0,0,0,0,0
305209625,NODE_B4BFE934ED80,child,8,F4:2D:C9:73:E6:19,-97,88,155,155,0,0,0,0,0
305309636,NODE_B4BFE934ED80,child,8,F4:2D:C9:73:E6:19,-94,88,155,155,0,0,0,0,0
305409628,NODE_B4BFE934ED80,child,8,F4:2D:C9:73:E6:19,-94,88,156,156,0,0,0,0,0
305509625,NODE_B4BFE934ED80,child,8,F4:2D:C9:73:E6:19,-94,88,156,156,0,0,0,0,0
305609632,NODE_B4BFE934ED80,child,8,F4:2D:C9:73:E6:19,-94,88,156,156,0,0,0,0,0
305709624,NODE_B4BFE934ED80,child,8,F4:2D:C9:73:E6:19,-94,88,156,156,0,0,0,0,0
305809633,NODE_B4BFE934ED80,child,8,F4:2D:C9:73:E6:19,-94,88,156,156,0,0,0,0,0
305909628,NODE_B4BFE934ED80,child,8,F4:2D:C9:73:E6:19,-94,88,156,156,0,0,0,0,0
306009628,NODE_B4BFE934ED80,child,8,F4:2D:C9:73:E6:19,-94,88,156,156,0,0,0,0,0
306109625,NODE_B4BFE934ED80,child,8,F4:2D:C9:73:E6:19,-94,88,156,156,0,0,0,0,0
306209628,NODE_B4BFE934ED80,child,8,F4:2D:C9:73:E6:19,-94,88,156,156,0,0,0,0,0
306309640,NODE_B4BFE934ED80,child,8,F4:2D:C9:73:E6:19,-92,88,156,156,0,0,0,0,0
306409629,NODE_B4BFE934ED80,child,8,F4:2D:C9:73:E6:19,-92,88,157,157,0,0,0,0,0
306509624,NODE_B4BFE934ED80,child,8,F4:2D:C9:73:E6:19,-92,88,157,157,0,0,0,0,0
306609624,NODE_B4BFE934ED80,child,8,F4:2D:C9:73:E6:19,-92,88,157,157,0,0,0,0,0
306709625,NODE_B4BFE934ED80,child,8,F4:2D:C9:73:E6:19,-92,88,157,157,0,0,0,0,0
306809624,NODE_B4BFE934ED80,child,8,F4:2D:C9:73:E6:19,-92,88,157,157,0,0,0,0,0
306909628,NODE_B4BFE934ED80,child,8,F4:2D:C9:73:E6:19,-92,88,157,157,0,0,0,0,0
307009633,NODE_B4BFE934ED80,child,8,F4:2D:C9:73:E6:19,-92,88,157,157,0,0,0,0,0
307109624,NODE_B4BFE934ED80,child,8,F4:2D:C9:73:E6:19,-92,88,157,157,0,0,0,0,0
307209624,NODE_B4BFE934ED80,child,8,F4:2D:C9:73:E6:19,-92,88,157,157,0,0,0,0,0
307309645,NODE_B4BFE934ED80,child,8,F4:2D:C9:73:E6:19,-96,88,157,157,0,0,0,0,0
307409632,NODE_B4BFE934ED80,child,8,F4:2D:C9:73:E6:19,-96,88,158,158,0,0,0,0,0
307509624,NODE_B4BFE934ED80,child,8,F4:2D:C9:73:E6:19,-96,88,158,158,0,0,0,0,0
307609637,NODE_B4BFE934ED80,child,8,F4:2D:C9:73:E6:19,-96,88,158,158,0,0,0,0,0
307709624,NODE_B4BFE934ED80,child,8,F4:2D:C9:73:E6:19,-96,88,158,158,0,0,0,0,0
307809624,NODE_B4BFE934ED80,child,8,F4:2D:C9:73:E6:19,-96,88,158,158,0,0,0,0,0
307909629,NODE_B4BFE934ED80,child,8,F4:2D:C9:73:E6:19,-96,88,158,158,0,0,0,0,0
308009628,NODE_B4BFE934ED80,child,8,F4:2D:C9:73:E6:19,-96,88,158,158,0,0,0,0,0
308109636,NODE_B4BFE934ED80,child,8,F4:2D:C9:73:E6:19,-96,88,158,158,0,0,0,0,0
308209625,NODE_B4BFE934ED80,child,8,F4:2D:C9:73:E6:19,-96,88,158,158,0,0,0,0,0
308309632,NODE_B4BFE934ED80,child,8,F4:2D:C9:73:E6:19,-96,88,158,158,0,0,0,0,0
308409632,NODE_B4BFE934ED80,child,8,F4:2D:C9:73:E6:19,-94,88,159,159,0,0,0,0,0
308509625,NODE_B4BFE934ED80,child,8,F4:2D:C9:73:E6:19,-94,88,159,159,0,0,0,0,0
308609624,NODE_B4BFE934ED80,child,8,F4:2D:C9:73:E6:19,-94,88,159,159,0,0,0,0,0
308709624,NODE_B4BFE934ED80,child,8,F4:2D:C9:73:E6:19,-94,88,159,159,0,0,0,0,0
308809633,NODE_B4BFE934ED80,child,8,F4:2D:C9:73:E6:19,-94,88,159,159,0,0,0,0,0
308909624,NODE_B4BFE934ED80,child,8,F4:2D:C9:73:E6:19,-94,88,159,159,0,0,0,0,0
309009632,NODE_B4BFE934ED80,child,8,F4:2D:C9:73:E6:19,-94,88,159,159,0,0,0,0,0
309109633,NODE_B4BFE934ED80,child,8,F4:2D:C9:73:E6:19,-94,88,159,159,0,0,0,0,0
309209624,NODE_B4BFE934ED80,child,8,F4:2D:C9:73:E6:19,-94,88,159,159,0,0,0,0,0
309309628,NODE_B4BFE934ED80,child,8,F4:2D:C9:73:E6:19,-94,88,159,159,0,0,0,0,0
309409629,NODE_B4BFE934ED80,child,8,F4:2D:C9:73:E6:19,-94,88,160,160,0,0,0,0,0
309509636,NODE_B4BFE934ED80,child,8,F4:2D:C9:73:E6:19,-94,88,160,160,0,0,0,0,0
309609624,NODE_B4BFE934ED80,child,8,F4:2D:C9:73:E6:19,-94,88,160,160,0,0,0,0,0
309709625,NODE_B4BFE934ED80,child,8,F4:2D:C9:73:E6:19,-94,88,160,160,0,0,0,0,0
309809624,NODE_B4BFE934ED80,child,8,F4:2D:C9:73:E6:19,-94,88,160,160,0,0,0,0,0
309909624,NODE_B4BFE934ED80,child,8,F4:2D:C9:73:E6:19,-94,88,160,160,0,0,0,0,0
310009633,NODE_B4BFE934ED80,child,8,F4:2D:C9:73:E6:19,-94,88,160,160,0,0,0,0,0
310109632,NODE_B4BFE934ED80,child,8,F4:2D:C9:73:E6:19,-94,88,160,160,0,0,0,0,0
310209624,NODE_B4BFE934ED80,child,8,F4:2D:C9:73:E6:19,-94,88,160,160,0,0,0,0,0
310309625,NODE_B4BFE934ED80,child,8,F4:2D:C9:73:E6:19,-94,88,160,160,0,0,0,0,0
310409636,NODE_B4BFE934ED80,child,8,F4:2D:C9:73:E6:19,-95,88,161,161,0,0,0,0,0
310509624,NODE_B4BFE934ED80,child,8,F4:2D:C9:73:E6:19,-95,88,161,161,0,0,0,0,0
310609625,NODE_B4BFE934ED80,child,8,F4:2D:C9:73:E6:19,-95,88,161,161,0,0,0,0,0
310709624,NODE_B4BFE934ED80,child,8,F4:2D:C9:73:E6:19,-95,88,161,161,0,0,0,0,0
310809636,NODE_B4BFE934ED80,child,8,F4:2D:C9:73:E6:19,-95,88,161,161,0,0,0,0,0
310909625,NODE_B4BFE934ED80,child,8,F4:2D:C9:73:E6:19,-95,88,161,161,0,0,0,0,0
311009632,NODE_B4BFE934ED80,child,8,F4:2D:C9:73:E6:19,-95,88,161,161,0,0,0,0,0
311109624,NODE_B4BFE934ED80,child,8,F4:2D:C9:73:E6:19,-95,88,161,161,0,0,0,0,0
311209625,NODE_B4BFE934ED80,child,8,F4:2D:C9:73:E6:19,-95,88,161,161,0,0,0,0,0
311309628,NODE_B4BFE934ED80,child,8,F4:2D:C9:73:E6:19,-95,88,161,161,0,0,0,0,0
311409636,NODE_B4BFE934ED80,child,8,F4:2D:C9:73:E6:19,-97,88,162,162,0,0,0,0,0
311509633,NODE_B4BFE934ED80,child,8,F4:2D:C9:73:E6:19,-97,88,162,162,0,0,0,0,0
311609624,NODE_B4BFE934ED80,child,8,F4:2D:C9:73:E6:19,-97,88,162,162,0,0,0,0,0
311709691,NODE_B4BFE934ED80,child,8,F4:2D:C9:73:E6:19,-97,88,162,162,0,0,0,0,0
311809625,NODE_B4BFE934ED80,child,8,F4:2D:C9:73:E6:19,-97,88,162,162,0,0,0,0,0
311909624,NODE_B4BFE934ED80,child,8,F4:2D:C9:73:E6:19,-97,88,162,162,0,0,0,0,0
312009632,NODE_B4BFE934ED80,child,8,F4:2D:C9:73:E6:19,-97,88,162,162,0,0,0,0,0
312109633,NODE_B4BFE934ED80,child,8,F4:2D:C9:73:E6:19,-97,88,162,162,0,0,0,0,0
312209624,NODE_B4BFE934ED80,child,8,F4:2D:C9:73:E6:19,-97,88,162,162,0,0,0,0,0
312309624,NODE_B4BFE934ED80,child,8,F4:2D:C9:73:E6:19,-97,88,162,162,0,0,0,0,0
312410339,NODE_B4BFE934ED80,child,8,F4:2D:C9:73:E6:19,-94,88,163,163,0,0,0,0,0
312509624,NODE_B4BFE934ED80,child,8,F4:2D:C9:73:E6:19,-94,88,163,163,0,0,0,0,0
312609624,NODE_B4BFE934ED80,child,8,F4:2D:C9:73:E6:19,-94,88,163,163,0,0,0,0,0
312709625,NODE_B4BFE934ED80,child,8,F4:2D:C9:73:E6:19,-94,88,163,163,0,0,0,0,0
312809632,NODE_B4BFE934ED80,child,8,F4:2D:C9:73:E6:19,-94,88,163,163,0,0,0,0,0
312909624,NODE_B4BFE934ED80,child,8,F4:2D:C9:73:E6:19,-94,88,163,163,0,0,0,0,0
313009629,NODE_B4BFE934ED80,child,8,F4:2D:C9:73:E6:19,-94,88,163,163,0,0,0,0,0
313109632,NODE_B4BFE934ED80,child,8,F4:2D:C9:73:E6:19,-94,88,163,163,0,0,0,0,0
313209624,NODE_B4BFE934ED80,child,8,F4:2D:C9:73:E6:19,-94,88,163,163,0,0,0,0,0
313309629,NODE_B4BFE934ED80,child,8,F4:2D:C9:73:E6:19,-94,88,163,163,0,0,0,0,0
313409632,NODE_B4BFE934ED80,child,8,F4:2D:C9:73:E6:19,-94,88,164,164,0,0,0,0,0
313509640,NODE_B4BFE934ED80,child,8,F4:2D:C9:73:E6:19,-95,88,164,164,0,0,0,0,0
313609637,NODE_B4BFE934ED80,child,8,F4:2D:C9:73:E6:19,-95,88,164,164,0,0,0,0,0
313709624,NODE_B4BFE934ED80,child,8,F4:2D:C9:73:E6:19,-95,88,164,164,0,0,0,0,0
313809624,NODE_B4BFE934ED80,child,8,F4:2D:C9:73:E6:19,-95,88,164,164,0,0,0,0,0
313909625,NODE_B4BFE934ED80,child,8,F4:2D:C9:73:E6:19,-95,88,164,164,0,0,0,0,0
314009636,NODE_B4BFE934ED80,child,8,F4:2D:C9:73:E6:19,-95,88,164,164,0,0,0,0,0
314109628,NODE_B4BFE934ED80,child,8,F4:2D:C9:73:E6:19,-95,88,164,164,0,0,0,0,0
314209629,NODE_B4BFE934ED80,child,8,F4:2D:C9:73:E6:19,-95,88,164,164,0,0,0,0,0
314309628,NODE_B4BFE934ED80,child,8,F4:2D:C9:73:E6:19,-95,88,164,164,0,0,0,0,0
314409632,NODE_B4BFE934ED80,child,8,F4:2D:C9:73:E6:19,-95,88,164,164,0,0,0,0,0
314509637,NODE_B4BFE934ED80,child,8,F4:2D:C9:73:E6:19,-96,88,165,165,0,0,0,0,0
314609632,NODE_B4BFE934ED80,child,8,F4:2D:C9:73:E6:19,-96,88,165,165,0,0,0,0,0
314709624,NODE_B4BFE934ED80,child,8,F4:2D:C9:73:E6:19,-96,88,165,165,0,0,0,0,0
314809625,NODE_B4BFE934ED80,child,8,F4:2D:C9:73:E6:19,-96,88,165,165,0,0,0,0,0
314909624,NODE_B4BFE934ED80,child,8,F4:2D:C9:73:E6:19,-96,88,165,165,0,0,0,0,0
315009628,NODE_B4BFE934ED80,child,8,F4:2D:C9:73:E6:19,-96,88,165,165,0,0,0,0,0
315109629,NODE_B4BFE934ED80,child,8,F4:2D:C9:73:E6:19,-96,88,165,165,0,0,0,0,0
315209624,NODE_B4BFE934ED80,child,8,F4:2D:C9:73:E6:19,-96,88,165,165,0,0,0,0,0
315309628,NODE_B4BFE934ED80,child,8,F4:2D:C9:73:E6:19,-96,88,165,165,0,0,0,0,0
315409625,NODE_B4BFE934ED80,child,8,F4:2D:C9:73:E6:19,-96,88,165,165,0,0,0,0,0
315509636,NODE_B4BFE934ED80,child,8,F4:2D:C9:73:E6:19,-95,88,166,166,0,0,0,0,0
315609624,NODE_B4BFE934ED80,child,8,F4:2D:C9:73:E6:19,-95,88,166,166,0,0,0,0,0
315709633,NODE_B4BFE934ED80,child,8,F4:2D:C9:73:E6:19,-95,88,166,166,0,0,0,0,0
315809624,NODE_B4BFE934ED80,child,8,F4:2D:C9:73:E6:19,-95,88,166,166,0,0,0,0,0
315909628,NODE_B4BFE934ED80,child,8,F4:2D:C9:73:E6:19,-95,88,166,166,0,0,0,0,0
316009637,NODE_B4BFE934ED80,child,8,F4:2D:C9:73:E6:19,-95,88,166,166,0,0,0,0,0
316109628,NODE_B4BFE934ED80,child,8,F4:2D:C9:73:E6:19,-95,88,166,166,0,0,0,0,0
316209628,NODE_B4BFE934ED80,child,8,F4:2D:C9:73:E6:19,-95,88,166,166,0,0,0,0,0
316309625,NODE_B4BFE934ED80,child,8,F4:2D:C9:73:E6:19,-95,88,166,166,0,0,0,0,0
316409628,NODE_B4BFE934ED80,child,8,F4:2D:C9:73:E6:19,-95,88,166,166,0,0,0,0,0
316509632,NODE_B4BFE934ED80,child,8,F4:2D:C9:73:E6:19,-95,88,167,167,0,0,0,0,0
316609633,NODE_B4BFE934ED80,child,8,F4:2D:C9:73:E6:19,-95,88,167,167,0,0,0,0,0
316709624,NODE_B4BFE934ED80,child,8,F4:2D:C9:73:E6:19,-95,88,167,167,0,0,0,0,0
316809624,NODE_B4BFE934ED80,child,8,F4:2D:C9:73:E6:19,-95,88,167,167,0,0,0,0,0
316909633,NODE_B4BFE934ED80,child,8,F4:2D:C9:73:E6:19,-95,88,167,167,0,0,0,0,0
317009628,NODE_B4BFE934ED80,child,8,F4:2D:C9:73:E6:19,-95,88,167,167,0,0,0,0,0
317109624,NODE_B4BFE934ED80,child,8,F4:2D:C9:73:E6:19,-95,88,167,167,0,0,0,0,0
317209629,NODE_B4BFE934ED80,child,8,F4:2D:C9:73:E6:19,-95,88,167,167,0,0,0,0,0
317309632,NODE_B4BFE934ED80,child,8,F4:2D:C9:73:E6:19,-95,88,167,167,0,0,0,0,0
317409632,NODE_B4BFE934ED80,child,8,F4:2D:C9:73:E6:19,-95,88,167,167,0,0,0,0,0
317509637,NODE_B4BFE934ED80,child,8,F4:2D:C9:73:E6:19,-95,88,168,168,0,0,0,0,0
317609636,NODE_B4BFE934ED80,child,8,F4:2D:C9:73:E6:19,-95,88,168,168,0,0,0,0,0
317709624,NODE_B4BFE934ED80,child,8,F4:2D:C9:73:E6:19,-95,88,168,168,0,0,0,0,0
317809625,NODE_B4BFE934ED80,child,8,F4:2D:C9:73:E6:19,-95,88,168,168,0,0,0,0,0
317909624,NODE_B4BFE934ED80,child,8,F4:2D:C9:73:E6:19,-95,88,168,168,0,0,0,0,0
318009632,NODE_B4BFE934ED80,child,8,F4:2D:C9:73:E6:19,-95,88,168,168,0,0,0,0,0
318109633,NODE_B4BFE934ED80,child,8,F4:2D:C9:73:E6:19,-95,88,168,168,0,0,0,0,0
318209628,NODE_B4BFE934ED80,child,8,F4:2D:C9:73:E6:19,-95,88,168,168,0,0,0,0,0
318309624,NODE_B4BFE934ED80,child,8,F4:2D:C9:73:E6:19,-95,88,168,168,0,0,0,0,0
318409625,NODE_B4BFE934ED80,child,8,F4:2D:C9:73:E6:19,-95,88,168,168,0,0,0,0,0
318509632,NODE_B4BFE934ED80,child,8,F4:2D:C9:73:E6:19,-95,88,169,169,0,0,0,0,0
318609640,NODE_B4BFE934ED80,child,8,F4:2D:C9:73:E6:19,-94,88,169,169,0,0,0,0,0
318709625,NODE_B4BFE934ED80,child,8,F4:2D:C9:73:E6:19,-94,88,169,169,0,0,0,0,0
318809624,NODE_B4BFE934ED80,child,8,F4:2D:C9:73:E6:19,-94,88,169,169,0,0,0,0,0
318909624,NODE_B4BFE934ED80,child,8,F4:2D:C9:73:E6:19,-94,88,169,169,0,0,0,0,0
319009629,NODE_B4BFE934ED80,child,8,F4:2D:C9:73:E6:19,-94,88,169,169,0,0,0,0,0
319109624,NODE_B4BFE934ED80,child,8,F4:2D:C9:73:E6:19,-94,88,169,169,0,0,0,0,0
319209636,NODE_B4BFE934ED80,child,8,F4:2D:C9:73:E6:19,-94,88,169,169,0,0,0,0,0
319309633,NODE_B4BFE934ED80,child,8,F4:2D:C9:73:E6:19,-94,88,169,169,0,0,0,0,0
319409624,NODE_B4BFE934ED80,child,8,F4:2D:C9:73:E6:19,-94,88,169,169,0,0,0,0,0
319509628,NODE_B4BFE934ED80,child,8,F4:2D:C9:73:E6:19,-94,88,170,170,0,0,0,0,0
319609637,NODE_B4BFE934ED80,child,8,F4:2D:C9:73:E6:19,-97,88,170,170,0,0,0,0,0
319709624,NODE_B4BFE934ED80,child,8,F4:2D:C9:73:E6:19,-97,88,170,170,0,0,0,0,0
319809632,NODE_B4BFE934ED80,child,8,F4:2D:C9:73:E6:19,-97,88,170,170,0,0,0,0,0
319909625,NODE_B4BFE934ED80,child,8,F4:2D:C9:73:E6:19,-97,88,170,170,0,0,0,0,0
320009628,NODE_B4BFE934ED80,child,8,F4:2D:C9:73:E6:19,-97,88,170,170,0,0,0,0,0
320109624,NODE_B4BFE934ED80,child,8,F4:2D:C9:73:E6:19,-97,88,170,170,0,0,0,0,0
320209629,NODE_B4BFE934ED80,child,8,F4:2D:C9:73:E6:19,-97,88,170,170,0,0,0,0,0
320309624,NODE_B4BFE934ED80,child,8,F4:2D:C9:73:E6:19,-97,88,170,170,0,0,0,0,0
320409624,NODE_B4BFE934ED80,child,8,F4:2D:C9:73:E6:19,-97,88,170,170,0,0,0,0,0
320509633,NODE_B4BFE934ED80,child,8,F4:2D:C9:73:E6:19,-97,88,171,171,0,0,0,0,0
320609632,NODE_B4BFE934ED80,child,8,F4:2D:C9:73:E6:19,-98,88,171,171,0,0,0,0,0
320709624,NODE_B4BFE934ED80,child,8,F4:2D:C9:73:E6:19,-98,88,171,171,0,0,0,0,0
320809633,NODE_B4BFE934ED80,child,8,F4:2D:C9:73:E6:19,-98,88,171,171,0,0,0,0,0
320909628,NODE_B4BFE934ED80,child,8,F4:2D:C9:73:E6:19,-98,88,171,171,0,0,0,0,0
321009628,NODE_B4BFE934ED80,child,8,F4:2D:C9:73:E6:19,-98,88,171,171,0,0,0,0,0
321109633,NODE_B4BFE934ED80,child,8,F4:2D:C9:73:E6:19,-98,88,171,171,0,0,0,0,0
321209624,NODE_B4BFE934ED80,child,8,F4:2D:C9:73:E6:19,-98,88,171,171,0,0,0,0,0
321309632,NODE_B4BFE934ED80,child,8,F4:2D:C9:73:E6:19,-98,88,171,171,0,0,0,0,0
321409625,NODE_B4BFE934ED80,child,8,F4:2D:C9:73:E6:19,-98,88,171,171,0,0,0,0,0
321509628,NODE_B4BFE934ED80,child,8,F4:2D:C9:73:E6:19,-98,88,172,172,0,0,0,0,0
321609624,NODE_B4BFE934ED80,child,8,F4:2D:C9:73:E6:19,-98,88,172,172,0,0,0,0,0
321709633,NODE_B4BFE934ED80,child,8,F4:2D:C9:73:E6:19,-94,88,172,172,0,0,0,0,0
321809632,NODE_B4BFE934ED80,child,8,F4:2D:C9:73:E6:19,-94,88,172,172,0,0,0,0,0
321909624,NODE_B4BFE934ED80,child,8,F4:2D:C9:73:E6:19,-94,88,172,172,0,0,0,0,0
322009629,NODE_B4BFE934ED80,child,8,F4:2D:C9:73:E6:19,-94,88,172,172,0,0,0,0,0
322109632,NODE_B4BFE934ED80,child,8,F4:2D:C9:73:E6:19,-94,88,172,172,0,0,0,0,0
322209628,NODE_B4BFE934ED80,child,8,F4:2D:C9:73:E6:19,-94,88,172,172,0,0,0,0,0
322309633,NODE_B4BFE934ED80,child,8,F4:2D:C9:73:E6:19,-94,88,172,172,0,0,0,0,0
322409624,NODE_B4BFE934ED80,child,8,F4:2D:C9:73:E6:19,-94,88,172,172,0,0,0,0,0
322509628,NODE_B4BFE934ED80,child,8,F4:2D:C9:73:E6:19,-94,88,173,173,0,0,0,0,0
322609637,NODE_B4BFE934ED80,child,8,F4:2D:C9:73:E6:19,-94,88,173,173,0,0,0,0,0
322709636,NODE_B4BFE934ED80,child,8,F4:2D:C9:73:E6:19,-96,88,173,173,0,0,0,0,0
322809624,NODE_B4BFE934ED80,child,8,F4:2D:C9:73:E6:19,-96,88,173,173,0,0,0,0,0
322909625,NODE_B4BFE934ED80,child,8,F4:2D:C9:73:E6:19,-96,88,173,173,0,0,0,0,0
323009628,NODE_B4BFE934ED80,child,8,F4:2D:C9:73:E6:19,-96,88,173,173,0,0,0,0,0
323109632,NODE_B4BFE934ED80,child,8,F4:2D:C9:73:E6:19,-96,88,173,173,0,0,0,0,0
323209625,NODE_B4BFE934ED80,child,8,F4:2D:C9:73:E6:19,-96,88,173,173,0,0,0,0,0
323309636,NODE_B4BFE934ED80,child,8,F4:2D:C9:73:E6:19,-96,88,173,173,0,0,0,0,0
323409624,NODE_B4BFE934ED80,child,8,F4:2D:C9:73:E6:19,-96,88,173,173,0,0,0,0,0
323509629,NODE_B4BFE934ED80,child,8,F4:2D:C9:73:E6:19,-96,88,174,174,0,0,0,0,0
323609636,NODE_B4BFE934ED80,child,8,F4:2D:C9:73:E6:19,-96,88,174,174,0,0,0,0,0
323709632,NODE_B4BFE934ED80,child,8,F4:2D:C9:73:E6:19,-95,88,174,174,0,0,0,0,0
323809633,NODE_B4BFE934ED80,child,8,F4:2D:C9:73:E6:19,-95,88,174,174,0,0,0,0,0
323909624,NODE_B4BFE934ED80,child,8,F4:2D:C9:73:E6:19,-95,88,174,174,0,0,0,0,0
324009628,NODE_B4BFE934ED80,child,8,F4:2D:C9:73:E6:19,-95,88,174,174,0,0,0,0,0
324109625,NODE_B4BFE934ED80,child,8,F4:2D:C9:73:E6:19,-95,88,174,174,0,0,0,0,0
324209624,NODE_B4BFE934ED80,child,8,F4:2D:C9:73:E6:19,-95,88,174,174,0,0,0,0,0
324309636,NODE_B4BFE934ED80,child,8,F4:2D:C9:73:E6:19,-95,88,174,174,0,0,0,0,0
324409625,NODE_B4BFE934ED80,child,8,F4:2D:C9:73:E6:19,-95,88,174,174,0,0,0,0,0
324509632,NODE_B4BFE934ED80,child,8,F4:2D:C9:73:E6:19,-95,88,175,175,0,0,0,0,0
324609624,NODE_B4BFE934ED80,child,8,F4:2D:C9:73:E6:19,-95,88,175,175,0,0,0,0,0
324709637,NODE_B4BFE934ED80,child,8,F4:2D:C9:73:E6:19,-95,88,175,175,0,0,0,0,0
324809624,NODE_B4BFE934ED80,child,8,F4:2D:C9:73:E6:19,-95,88,175,175,0,0,0,0,0
324909624,NODE_B4BFE934ED80,child,8,F4:2D:C9:73:E6:19,-95,88,175,175,0,0,0,0,0
325009633,NODE_B4BFE934ED80,child,8,F4:2D:C9:73:E6:19,-95,88,175,175,0,0,0,0,0
325109628,NODE_B4BFE934ED80,child,8,F4:2D:C9:73:E6:19,-95,88,175,175,0,0,0,0,0
325209624,NODE_B4BFE934ED80,child,8,F4:2D:C9:73:E6:19,-95,88,175,175,0,0,0,0,0
325309629,NODE_B4BFE934ED80,child,8,F4:2D:C9:73:E6:19,-95,88,175,175,0,0,0,0,0
325409624,NODE_B4BFE934ED80,child,8,F4:2D:C9:73:E6:19,-95,88,175,175,0,0,0,0,0
325509628,NODE_B4BFE934ED80,child,8,F4:2D:C9:73:E6:19,-95,88,176,176,0,0,0,0,0
325609633,NODE_B4BFE934ED80,child,8,F4:2D:C9:73:E6:19,-95,88,176,176,0,0,0,0,0
325709818,NODE_B4BFE934ED80,child,8,F4:2D:C9:73:E6:19,-95,88,176,176,0,0,0,0,0
325809636,NODE_B4BFE934ED80,child,8,F4:2D:C9:73:E6:19,-96,88,176,176,0,0,0,0,0
325909625,NODE_B4BFE934ED80,child,8,F4:2D:C9:73:E6:19,-96,88,176,176,0,0,0,0,0
326009628,NODE_B4BFE934ED80,child,8,F4:2D:C9:73:E6:19,-96,88,176,176,0,0,0,0,0
326109624,NODE_B4BFE934ED80,child,8,F4:2D:C9:73:E6:19,-96,88,176,176,0,0,0,0,0
326209625,NODE_B4BFE934ED80,child,8,F4:2D:C9:73:E6:19,-96,88,176,176,0,0,0,0,0
326309632,NODE_B4BFE934ED80,child,8,F4:2D:C9:73:E6:19,-96,88,176,176,0,0,0,0,0
326409628,NODE_B4BFE934ED80,child,8,F4:2D:C9:73:E6:19,-96,88,176,176,0,0,0,0,0
326509629,NODE_B4BFE934ED80,child,8,F4:2D:C9:73:E6:19,-96,88,177,177,0,0,0,0,0
326609624,NODE_B4BFE934ED80,child,8,F4:2D:C9:73:E6:19,-96,88,177,177,0,0,0,0,0
326709624,NODE_B4BFE934ED80,child,8,F4:2D:C9:73:E6:19,-96,88,177,177,0,0,0,0,0
326809633,NODE_B4BFE934ED80,child,8,F4:2D:C9:73:E6:19,-95,88,177,177,0,0,0,0,0
326909624,NODE_B4BFE934ED80,child,8,F4:2D:C9:73:E6:19,-95,88,177,177,0,0,0,0,0
327009632,NODE_B4BFE934ED80,child,8,F4:2D:C9:73:E6:19,-95,88,177,177,0,0,0,0,0
327109625,NODE_B4BFE934ED80,child,8,F4:2D:C9:73:E6:19,-95,88,177,177,0,0,0,0,0
327209624,NODE_B4BFE934ED80,child,8,F4:2D:C9:73:E6:19,-95,88,177,177,0,0,0,0,0
327309624,NODE_B4BFE934ED80,child,8,F4:2D:C9:73:E6:19,-95,88,177,177,0,0,0,0,0
327409629,NODE_B4BFE934ED80,child,8,F4:2D:C9:73:E6:19,-95,88,177,177,0,0,0,0,0
327509628,NODE_B4BFE934ED80,child,8,F4:2D:C9:73:E6:19,-95,88,178,178,0,0,0,0,0
327609636,NODE_B4BFE934ED80,child,8,F4:2D:C9:73:E6:19,-95,88,178,178,0,0,0,0,0
327709625,NODE_B4BFE934ED80,child,8,F4:2D:C9:73:E6:19,-95,88,178,178,0,0,0,0,0
327809636,NODE_B4BFE934ED80,child,8,F4:2D:C9:73:E6:19,-96,88,178,178,0,0,0,0,0
327909624,NODE_B4BFE934ED80,child,8,F4:2D:C9:73:E6:19,-96,88,178,178,0,0,0,0,0
328009629,NODE_B4BFE934ED80,child,8,F4:2D:C9:73:E6:19,-96,88,178,178,0,0,0,0,0
328109624,NODE_B4BFE934ED80,child,8,F4:2D:C9:73:E6:19,-96,88,178,178,0,0,0,0,0
328209628,NODE_B4BFE934ED80,child,8,F4:2D:C9:73:E6:19,-96,88,178,178,0,0,0,0,0
328309637,NODE_B4BFE934ED80,child,8,F4:2D:C9:73:E6:19,-96,88,178,178,0,0,0,0,0
328409628,NODE_B4BFE934ED80,child,8,F4:2D:C9:73:E6:19,-96,88,178,178,0,0,0,0,0
328509632,NODE_B4BFE934ED80,child,8,F4:2D:C9:73:E6:19,-96,88,179,179,0,0,0,0,0
328609629,NODE_B4BFE934ED80,child,8,F4:2D:C9:73:E6:19,-96,88,179,179,0,0,0,0,0
328709624,NODE_B4BFE934ED80,child,8,F4:2D:C9:73:E6:19,-96,88,179,179,0,0,0,0,0
328809636,NODE_B4BFE934ED80,child,8,F4:2D:C9:73:E6:19,-94,88,179,179,0,0,0,0,0
328909625,NODE_B4BFE934ED80,child,8,F4:2D:C9:73:E6:19,-94,88,179,179,0,0,0,0,0
329009632,NODE_B4BFE934ED80,child,8,F4:2D:C9:73:E6:19,-94,88,179,179,0,0,0,0,0
329109624,NODE_B4BFE934ED80,child,8,F4:2D:C9:73:E6:19,-94,88,179,179,0,0,0,0,0
329209625,NODE_B4BFE934ED80,child,8,F4:2D:C9:73:E6:19,-94,88,179,179,0,0,0,0,0
329309628,NODE_B4BFE934ED80,child,8,F4:2D:C9:73:E6:19,-94,88,179,179,0,0,0,0,0
329409632,NODE_B4BFE934ED80,child,8,F4:2D:C9:73:E6:19,-94,88,179,179,0,0,0,0,0
329509625,NODE_B4BFE934ED80,child,8,F4:2D:C9:73:E6:19,-94,88,180,180,0,0,0,0,0
329609636,NODE_B4BFE934ED80,child,8,F4:2D:C9:73:E6:19,-94,88,180,180,0,0,0,0,0
329709624,NODE_B4BFE934ED80,child,8,F4:2D:C9:73:E6:19,-94,88,180,180,0,0,0,0,0
329809625,NODE_B4BFE934ED80,child,8,F4:2D:C9:73:E6:19,-94,88,180,180,0,0,0,0,0
329909636,NODE_B4BFE934ED80,child,8,F4:2D:C9:73:E6:19,-96,88,180,180,0,0,0,0,0
330009628,NODE_B4BFE934ED80,child,8,F4:2D:C9:73:E6:19,-96,88,180,180,0,0,0,0,0
330109625,NODE_B4BFE934ED80,child,8,F4:2D:C9:73:E6:19,-96,88,180,180,0,0,0,0,0
330209624,NODE_B4BFE934ED80,child,8,F4:2D:C9:73:E6:19,-96,88,180,180,0,0,0,0,0
330309632,NODE_B4BFE934ED80,child,8,F4:2D:C9:73:E6:19,-96,88,180,180,0,0,0,0,0
330409625,NODE_B4BFE934ED80,child,8,F4:2D:C9:73:E6:19,-96,88,180,180,0,0,0,0,0
330509632,NODE_B4BFE934ED80,child,8,F4:2D:C9:73:E6:19,-96,88,181,181,0,0,0,0,0
330609624,NODE_B4BFE934ED80,child,8,F4:2D:C9:73:E6:19,-96,88,181,181,0,0,0,0,0
330709625,NODE_B4BFE934ED80,child,8,F4:2D:C9:73:E6:19,-96,88,181,181,0,0,0,0,0
330809632,NODE_B4BFE934ED80,child,8,F4:2D:C9:73:E6:19,-96,88,181,181,0,0,0,0,0
330909628,NODE_B4BFE934ED80,child,8,F4:2D:C9:73:E6:19,-96,88,181,181,0,0,0,0,0
331009629,NODE_B4BFE934ED80,child,8,F4:2D:C9:73:E6:19,-96,88,181,181,0,0,0,0,0
331109624,NODE_B4BFE934ED80,child,8,F4:2D:C9:73:E6:19,-96,88,181,181,0,0,0,0,0
331209624,NODE_B4BFE934ED80,child,8,F4:2D:C9:73:E6:19,-96,88,181,181,0,0,0,0,0
331309625,NODE_B4BFE934ED80,child,8,F4:2D:C9:73:E6:19,-96,88,181,181,0,0,0,0,0
331409624,NODE_B4BFE934ED80,child,8,F4:2D:C9:73:E6:19,-96,88,181,181,0,0,0,0,0
331509628,NODE_B4BFE934ED80,child,8,F4:2D:C9:73:E6:19,-96,88,182,182,0,0,0,0,0
331609625,NODE_B4BFE934ED80,child,8,F4:2D:C9:73:E6:19,-96,88,182,182,0,0,0,0,0
331709624,NODE_B4BFE934ED80,child,8,F4:2D:C9:73:E6:19,-96,88,182,182,0,0,0,0,0
331809624,NODE_B4BFE934ED80,child,8,F4:2D:C9:73:E6:19,-96,88,182,182,0,0,0,0,0
331909637,NODE_B4BFE934ED80,child,8,F4:2D:C9:73:E6:19,-95,88,182,182,0,0,0,0,0
332009628,NODE_B4BFE934ED80,child,8,F4:2D:C9:73:E6:19,-95,88,182,182,0,0,0,0,0
332109632,NODE_B4BFE934ED80,child,8,F4:2D:C9:73:E6:19,-95,88,182,182,0,0,0,0,0
332209625,NODE_B4BFE934ED80,child,8,F4:2D:C9:73:E6:19,-95,88,182,182,0,0,0,0,0
332309624,NODE_B4BFE934ED80,child,8,F4:2D:C9:73:E6:19,-95,88,182,182,0,0,0,0,0
332409624,NODE_B4BFE934ED80,child,8,F4:2D:C9:73:E6:19,-95,88,182,182,0,0,0,0,0
332509633,NODE_B4BFE934ED80,child,8,F4:2D:C9:73:E6:19,-95,88,183,183,0,0,0,0,0
332609624,NODE_B4BFE934ED80,child,8,F4:2D:C9:73:E6:19,-95,88,183,183,0,0,0,0,0
332709628,NODE_B4BFE934ED80,child,8,F4:2D:C9:73:E6:19,-95,88,183,183,0,0,0,0,0
332809637,NODE_B4BFE934ED80,child,8,F4:2D:C9:73:E6:19,-95,88,183,183,0,0,0,0,0
332909632,NODE_B4BFE934ED80,child,8,F4:2D:C9:73:E6:19,-96,88,183,183,0,0,0,0,0
333009628,NODE_B4BFE934ED80,child,8,F4:2D:C9:73:E6:19,-96,88,183,183,0,0,0,0,0
333109625,NODE_B4BFE934ED80,child,8,F4:2D:C9:73:E6:19,-96,88,183,183,0,0,0,0,0
333209624,NODE_B4BFE934ED80,child,8,F4:2D:C9:73:E6:19,-96,88,183,183,0,0,0,0,0
333309624,NODE_B4BFE934ED80,child,8,F4:2D:C9:73:E6:19,-96,88,183,183,0,0,0,0,0
333409625,NODE_B4BFE934ED80,child,8,F4:2D:C9:73:E6:19,-96,88,183,183,0,0,0,0,0
333509636,NODE_B4BFE934ED80,child,8,F4:2D:C9:73:E6:19,-96,88,184,184,0,0,0,0,0
333609624,NODE_B4BFE934ED80,child,8,F4:2D:C9:73:E6:19,-96,88,184,184,0,0,0,0,0
333709625,NODE_B4BFE934ED80,child,8,F4:2D:C9:73:E6:19,-96,88,184,184,0,0,0,0,0
333809624,NODE_B4BFE934ED80,child,8,F4:2D:C9:73:E6:19,-96,88,184,184,0,0,0,0,0
333909624,NODE_B4BFE934ED80,child,8,F4:2D:C9:73:E6:19,-96,88,184,184,0,0,0,0,0
334009633,NODE_B4BFE934ED80,child,8,F4:2D:C9:73:E6:19,-96,88,184,184,0,0,0,0,0
334109636,NODE_B4BFE934ED80,child,8,F4:2D:C9:73:E6:19,-96,88,184,184,0,0,0,0,0
334209628,NODE_B4BFE934ED80,child,8,F4:2D:C9:73:E6:19,-96,88,184,184,0,0,0,0,0
334309629,NODE_B4BFE934ED80,child,8,F4:2D:C9:73:E6:19,-96,88,184,184,0,0,0,0,0
334409624,NODE_B4BFE934ED80,child,8,F4:2D:C9:73:E6:19,-96,88,184,184,0,0,0,0,0
334509624,NODE_B4BFE934ED80,child,8,F4:2D:C9:73:E6:19,-96,88,185,185,0,0,0,0,0
334609633,NODE_B4BFE934ED80,child,8,F4:2D:C9:73:E6:19,-96,88,185,185,0,0,0,0,0
334709624,NODE_B4BFE934ED80,child,8,F4:2D:C9:73:E6:19,-96,88,185,185,0,0,0,0,0
334809636,NODE_B4BFE934ED80,child,8,F4:2D:C9:73:E6:19,-96,88,185,185,0,0,0,0,0
334909625,NODE_B4BFE934ED80,child,8,F4:2D:C9:73:E6:19,-96,88,185,185,0,0,0,0,0
335009636,NODE_B4BFE934ED80,child,8,F4:2D:C9:73:E6:19,-97,88,185,185,0,0,0,0,0
335109624,NODE_B4BFE934ED80,child,8,F4:2D:C9:73:E6:19,-97,88,185,185,0,0,0,0,0
335209625,NODE_B4BFE934ED80,child,8,F4:2D:C9:73:E6:19,-97,88,185,185,0,0,0,0,0
335309624,NODE_B4BFE934ED80,child,8,F4:2D:C9:73:E6:19,-97,88,185,185,0,0,0,0,0
335409624,NODE_B4BFE934ED80,child,8,F4:2D:C9:73:E6:19,-97,88,185,185,0,0,0,0,0
335509629,NODE_B4BFE934ED80,child,8,F4:2D:C9:73:E6:19,-97,88,186,186,0,0,0,0,0
335609636,NODE_B4BFE934ED80,child,8,F4:2D:C9:73:E6:19,-97,88,186,186,0,0,0,0,0
335709624,NODE_B4BFE934ED80,child,8,F4:2D:C9:73:E6:19,-97,88,186,186,0,0,0,0,0
335809625,NODE_B4BFE934ED80,child,8,F4:2D:C9:73:E6:19,-97,88,186,186,0,0,0,0,0
335909624,NODE_B4BFE934ED80,child,8,F4:2D:C9:73:E6:19,-97,88,186,186,0,0,0,0,0
336009640,NODE_B4BFE934ED80,child,8,F4:2D:C9:73:E6:19,-98,88,186,186,0,0,0,0,0
336109637,NODE_B4BFE934ED80,child,8,F4:2D:C9:73:E6:19,-98,88,186,186,0,0,0,0,0
336209628,NODE_B4BFE934ED80,child,8,F4:2D:C9:73:E6:19,-98,88,186,186,0,0,0,0,0
336309628,NODE_B4BFE934ED80,child,8,F4:2D:C9:73:E6:19,-98,88,186,186,0,0,0,0,0
336409625,NODE_B4BFE934ED80,child,8,F4:2D:C9:73:E6:19,-98,88,186,186,0,0,0,0,0
336509628,NODE_B4BFE934ED80,child,8,F4:2D:C9:73:E6:19,-98,88,187,187,0,0,0,0,0
336609636,NODE_B4BFE934ED80,child,8,F4:2D:C9:73:E6:19,-98,88,187,187,0,0,0,0,0
336709629,NODE_B4BFE934ED80,child,8,F4:2D:C9:73:E6:19,-98,88,187,187,0,0,0,0,0
336809624,NODE_B4BFE934ED80,child,8,F4:2D:C9:73:E6:19,-98,88,187,187,0,0,0,0,0
336909624,NODE_B4BFE934ED80,child,8,F4:2D:C9:73:E6:19,-98,88,187,187,0,0,0,0,0
337009637,NODE_B4BFE934ED80,child,8,F4:2D:C9:73:E6:19,-94,88,187,187,0,0,0,0,0
337109628,NODE_B4BFE934ED80,child,8,F4:2D:C9:73:E6:19,-94,88,187,187,0,0,0,0,0
337209624,NODE_B4BFE934ED80,child,8,F4:2D:C9:73:E6:19,-94,88,187,187,0,0,0,0,0
337309629,NODE_B4BFE934ED80,child,8,F4:2D:C9:73:E6:19,-94,88,187,187,0,0,0,0,0
337409628,NODE_B4BFE934ED80,child,8,F4:2D:C9:73:E6:19,-94,88,187,187,0,0,0,0,0
337509628,NODE_B4BFE934ED80,child,8,F4:2D:C9:73:E6:19,-94,88,188,188,0,0,0,0,0
337609633,NODE_B4BFE934ED80,child,8,F4:2D:C9:73:E6:19,-94,88,188,188,0,0,0,0,0
337709624,NODE_B4BFE934ED80,child,8,F4:2D:C9:73:E6:19,-94,88,188,188,0,0,0,0,0
337809628,NODE_B4BFE934ED80,child,8,F4:2D:C9:73:E6:19,-94,88,188,188,0,0,0,0,0
337909625,NODE_B4BFE934ED80,child,8,F4:2D:C9:73:E6:19,-94,88,188,188,0,0,0,0,0
338009636,NODE_B4BFE934ED80,child,8,F4:2D:C9:73:E6:19,-94,88,188,188,0,0,0,0,0
338109628,NODE_B4BFE934ED80,child,8,F4:2D:C9:73:E6:19,-94,88,188,188,0,0,0,0,0
338209633,NODE_B4BFE934ED80,child,8,F4:2D:C9:73:E6:19,-94,88,188,188,0,0,0,0,0
338309624,NODE_B4BFE934ED80,child,8,F4:2D:C9:73:E6:19,-94,88,188,188,0,0,0,0,0
338409624,NODE_B4BFE934ED80,child,8,F4:2D:C9:73:E6:19,-94,88,188,188,0,0,0,0,0
338509625,NODE_B4BFE934ED80,child,8,F4:2D:C9:73:E6:19,-94,88,189,189,0,0,0,0,0
338609632,NODE_B4BFE934ED80,child,8,F4:2D:C9:73:E6:19,-94,88,189,189,0,0,0,0,0
338709628,NODE_B4BFE934ED80,child,8,F4:2D:C9:73:E6:19,-94,88,189,189,0,0,0,0,0
338809633,NODE_B4BFE934ED80,child,8,F4:2D:C9:73:E6:19,-94,88,189,189,0,0,0,0,0
338909632,NODE_B4BFE934ED80,child,8,F4:2D:C9:73:E6:19,-94,88,189,189,0,0,0,0,0
339009632,NODE_B4BFE934ED80,child,8,F4:2D:C9:73:E6:19,-94,88,189,189,0,0,0,0,0
339109637,NODE_B4BFE934ED80,child,8,F4:2D:C9:73:E6:19,-93,88,189,189,0,0,0,0,0
339209628,NODE_B4BFE934ED80,child,8,F4:2D:C9:73:E6:19,-93,88,189,189,0,0,0,0,0
339309636,NODE_B4BFE934ED80,child,8,F4:2D:C9:73:E6:19,-93,88,189,189,0,0,0,0,0
339409625,NODE_B4BFE934ED80,child,8,F4:2D:C9:73:E6:19,-93,88,189,189,0,0,0,0,0
339509624,NODE_B4BFE934ED80,child,8,F4:2D:C9:73:E6:19,-93,88,190,190,0,0,0,0,0
339609624,NODE_B4BFE934ED80,child,8,F4:2D:C9:73:E6:19,-93,88,190,190,0,0,0,0,0
339709637,NODE_B4BFE934ED80,child,8,F4:2D:C9:73:E6:19,-93,88,190,190,0,0,0,0,0
339809624,NODE_B4BFE934ED80,child,8,F4:2D:C9:73:E6:19,-93,88,190,190,0,0,0,0,0
339909624,NODE_B4BFE934ED80,child,8,F4:2D:C9:73:E6:19,-93,88,190,190,0,0,0,0,0
340009633,NODE_B4BFE934ED80,child,8,F4:2D:C9:73:E6:19,-93,88,190,190,0,0,0,0,0
340109632,NODE_B4BFE934ED80,child,8,F4:2D:C9:73:E6:19,-93,88,190,190,0,0,0,0,0
340209624,NODE_B4BFE934ED80,child,8,F4:2D:C9:73:E6:19,-93,88,190,190,0,0,0,0,0
340309625,NODE_B4BFE934ED80,child,8,F4:2D:C9:73:E6:19,-93,88,190,190,0,0,0,0,0
340409624,NODE_B4BFE934ED80,child,8,F4:2D:C9:73:E6:19,-93,88,190,190,0,0,0,0,0
340509624,NODE_B4BFE934ED80,child,8,F4:2D:C9:73:E6:19,-93,88,191,191,0,0,0,0,0
340609633,NODE_B4BFE934ED80,child,8,F4:2D:C9:73:E6:19,-93,88,191,191,0,0,0,0,0
340709628,NODE_B4BFE934ED80,child,8,F4:2D:C9:73:E6:19,-93,88,191,191,0,0,0,0,0
340809624,NODE_B4BFE934ED80,child,8,F4:2D:C9:73:E6:19,-93,88,191,191,0,0,0,0,0
340909625,NODE_B4BFE934ED80,child,8,F4:2D:C9:73:E6:19,-93,88,191,191,0,0,0,0,0
341009632,NODE_B4BFE934ED80,child,8,F4:2D:C9:73:E6:19,-93,88,191,191,0,0,0,0,0
341109640,NODE_B4BFE934ED80,child,8,F4:2D:C9:73:E6:19,-93,88,191,191,0,0,0,0,0
341209625,NODE_B4BFE934ED80,child,8,F4:2D:C9:73:E6:19,-93,88,191,191,0,0,0,0,0
341309632,NODE_B4BFE934ED80,child,8,F4:2D:C9:73:E6:19,-93,88,191,191,0,0,0,0,0
341409624,NODE_B4BFE934ED80,child,8,F4:2D:C9:73:E6:19,-93,88,191,191,0,0,0,0,0
341509696,NODE_B4BFE934ED80,child,8,F4:2D:C9:73:E6:19,-93,88,192,192,0,0,0,0,0
341609632,NODE_B4BFE934ED80,child,8,F4:2D:C9:73:E6:19,-93,88,192,192,0,0,0,0,0
341709628,NODE_B4BFE934ED80,child,8,F4:2D:C9:73:E6:19,-93,88,192,192,0,0,0,0,0
341809629,NODE_B4BFE934ED80,child,8,F4:2D:C9:73:E6:19,-93,88,192,192,0,0,0,0,0
341909624,NODE_B4BFE934ED80,child,8,F4:2D:C9:73:E6:19,-93,88,192,192,0,0,0,0,0
342009632,NODE_B4BFE934ED80,child,8,F4:2D:C9:73:E6:19,-93,88,192,192,0,0,0,0,0
342109807,NODE_B4BFE934ED80,child,8,F4:2D:C9:73:E6:19,-97,88,192,192,0,0,0,0,0
342209624,NODE_B4BFE934ED80,child,8,F4:2D:C9:73:E6:19,-97,88,192,192,0,0,0,0,0
342309624,NODE_B4BFE934ED80,child,8,F4:2D:C9:73:E6:19,-97,88,192,192,0,0,0,0,0
342409625,NODE_B4BFE934ED80,child,8,F4:2D:C9:73:E6:19,-97,88,192,192,0,0,0,0,0
342509624,NODE_B4BFE934ED80,child,8,F4:2D:C9:73:E6:19,-97,88,193,193,0,0,0,0,0
342609632,NODE_B4BFE934ED80,child,8,F4:2D:C9:73:E6:19,-97,88,193,193,0,0,0,0,0
342709625,NODE_B4BFE934ED80,child,8,F4:2D:C9:73:E6:19,-97,88,193,193,0,0,0,0,0
342809636,NODE_B4BFE934ED80,child,8,F4:2D:C9:73:E6:19,-97,88,193,193,0,0,0,0,0
342909624,NODE_B4BFE934ED80,child,8,F4:2D:C9:73:E6:19,-97,88,193,193,0,0,0,0,0
343009633,NODE_B4BFE934ED80,child,8,F4:2D:C9:73:E6:19,-97,88,193,193,0,0,0,0,0
343109632,NODE_B4BFE934ED80,child,8,F4:2D:C9:73:E6:19,-97,88,193,193,0,0,0,0,0
343209632,NODE_B4BFE934ED80,child,8,F4:2D:C9:73:E6:19,-95,88,193,193,0,0,0,0,0
343309627,NODE_B4BFE934ED80,child,8,F4:2D:C9:73:E6:19,-95,88,193,193,0,0,0,0,0
343409628,NODE_B4BFE934ED80,child,8,F4:2D:C9:73:E6:19,-95,88,193,193,0,0,0,0,0
343509624,NODE_B4BFE934ED80,child,8,F4:2D:C9:73:E6:19,-95,88,194,194,0,0,0,0,0
343609629,NODE_B4BFE934ED80,child,8,F4:2D:C9:73:E6:19,-95,88,194,194,0,0,0,0,0
343709624,NODE_B4BFE934ED80,child,8,F4:2D:C9:73:E6:19,-95,88,194,194,0,0,0,0,0
343809636,NODE_B4BFE934ED80,child,8,F4:2D:C9:73:E6:19,-95,88,194,194,0,0,0,0,0
343909625,NODE_B4BFE934ED80,child,8,F4:2D:C9:73:E6:19,-95,88,194,194,0,0,0,0,0
344009628,NODE_B4BFE934ED80,child,8,F4:2D:C9:73:E6:19,-95,88,194,194,0,0,0,0,0
344109624,NODE_B4BFE934ED80,child,8,F4:2D:C9:73:E6:19,-95,88,194,194,0,0,0,0,0
344209637,NODE_B4BFE934ED80,child,8,F4:2D:C9:73:E6:19,-95,88,194,194,0,0,0,0,0
344309624,NODE_B4BFE934ED80,child,8,F4:2D:C9:73:E6:19,-95,88,194,194,0,0,0,0,0
344409632,NODE_B4BFE934ED80,child,8,F4:2D:C9:73:E6:19,-95,88,194,194,0,0,0,0,0
344509629,NODE_B4BFE934ED80,child,8,F4:2D:C9:73:E6:19,-95,88,195,195,0,0,0,0,0
344609624,NODE_B4BFE934ED80,child,8,F4:2D:C9:73:E6:19,-95,88,195,195,0,0,0,0,0
344709624,NODE_B4BFE934ED80,child,8,F4:2D:C9:73:E6:19,-95,88,195,195,0,0,0,0,0
344809629,NODE_B4BFE934ED80,child,8,F4:2D:C9:73:E6:19,-95,88,195,195,0,0,0,0,0
344909624,NODE_B4BFE934ED80,child,8,F4:2D:C9:73:E6:19,-95,88,195,195,0,0,0,0,0
345009628,NODE_B4BFE934ED80,child,8,F4:2D:C9:73:E6:19,-95,88,195,195,0,0,0,0,0
345109633,NODE_B4BFE934ED80,child,8,F4:2D:C9:73:E6:19,-95,88,195,195,0,0,0,0,0
345209632,NODE_B4BFE934ED80,child,8,F4:2D:C9:73:E6:19,-95,88,195,195,0,0,0,0,0
345309624,NODE_B4BFE934ED80,child,8,F4:2D:C9:73:E6:19,-95,88,195,195,0,0,0,0,0
345409625,NODE_B4BFE934ED80,child,8,F4:2D:C9:73:E6:19,-95,88,195,195,0,0,0,0,0
345509624,NODE_B4BFE934ED80,child,8,F4:2D:C9:73:E6:19,-95,88,196,196,0,0,0,0,0
345609624,NODE_B4BFE934ED80,child,8,F4:2D:C9:73:E6:19,-95,88,196,196,0,0,0,0,0
345709625,NODE_B4BFE934ED80,child,8,F4:2D:C9:73:E6:19,-95,88,196,196,0,0,0,0,0
345809765,NODE_B4BFE934ED80,child,8,F4:2D:C9:73:E6:19,-95,88,196,196,0,0,0,0,0
345909624,NODE_B4BFE934ED80,child,8,F4:2D:C9:73:E6:19,-95,88,196,196,0,0,0,0,0
346009637,NODE_B4BFE934ED80,child,8,F4:2D:C9:73:E6:19,-95,88,196,196,0,0,0,0,0
346109628,NODE_B4BFE934ED80,child,8,F4:2D:C9:73:E6:19,-95,88,196,196,0,0,0,0,0
346209636,NODE_B4BFE934ED80,child,8,F4:2D:C9:73:E6:19,-94,88,196,196,0,0,0,0,0
346309625,NODE_B4BFE934ED80,child,8,F4:2D:C9:73:E6:19,-94,88,196,196,0,0,0,0,0
346409624,NODE_B4BFE934ED80,child,8,F4:2D:C9:73:E6:19,-94,88,196,196,0,0,0,0,0
346509628,NODE_B4BFE934ED80,child,8,F4:2D:C9:73:E6:19,-94,88,197,197,0,0,0,0,0
346609637,NODE_B4BFE934ED80,child,8,F4:2D:C9:73:E6:19,-94,88,197,197,0,0,0,0,0
346709624,NODE_B4BFE934ED80,child,8,F4:2D:C9:73:E6:19,-94,88,197,197,0,0,0,0,0
346809624,NODE_B4BFE934ED80,child,8,F4:2D:C9:73:E6:19,-94,88,197,197,0,0,0,0,0
346909629,NODE_B4BFE934ED80,child,8,F4:2D:C9:73:E6:19,-94,88,197,197,0,0,0,0,0
347009628,NODE_B4BFE934ED80,child,8,F4:2D:C9:73:E6:19,-94,88,197,197,0,0,0,0,0
347109632,NODE_B4BFE934ED80,child,8,F4:2D:C9:73:E6:19,-94,88,197,197,0,0,0,0,0
347209625,NODE_B4BFE934ED80,child,8,F4:2D:C9:73:E6:19,-94,88,197,197,0,0,0,0,0
347309632,NODE_B4BFE934ED80,child,8,F4:2D:C9:73:E6:19,-92,88,197,197,0,0,0,0,0
347409624,NODE_B4BFE934ED80,child,8,F4:2D:C9:73:E6:19,-92,88,197,197,0,0,0,0,0
347509629,NODE_B4BFE934ED80,child,8,F4:2D:C9:73:E6:19,-92,88,198,198,0,0,0,0,0
347609624,NODE_B4BFE934ED80,child,8,F4:2D:C9:73:E6:19,-92,88,198,198,0,0,0,0,0
347709632,NODE_B4BFE934ED80,child,8,F4:2D:C9:73:E6:19,-92,88,198,198,0,0,0,0,0
347809637,NODE_B4BFE934ED80,child,8,F4:2D:C9:73:E6:19,-92,88,198,198,0,0,0,0,0
347909628,NODE_B4BFE934ED80,child,8,F4:2D:C9:73:E6:19,-92,88,198,198,0,0,0,0,0
348009628,NODE_B4BFE934ED80,child,8,F4:2D:C9:73:E6:19,-92,88,198,198,0,0,0,0,0
348109625,NODE_B4BFE934ED80,child,8,F4:2D:C9:73:E6:19,-92,88,198,198,0,0,0,0,0
348209632,NODE_B4BFE934ED80,child,8,F4:2D:C9:73:E6:19,-92,88,198,198,0,0,0,0,0
348309632,NODE_B4BFE934ED80,child,8,F4:2D:C9:73:E6:19,-97,88,198,198,0,0,0,0,0
348409625,NODE_B4BFE934ED80,child,8,F4:2D:C9:73:E6:19,-97,88,198,198,0,0,0,0,0
348509628,NODE_B4BFE934ED80,child,8,F4:2D:C9:73:E6:19,-97,88,199,199,0,0,0,0,0
348609624,NODE_B4BFE934ED80,child,8,F4:2D:C9:73:E6:19,-97,88,199,199,0,0,0,0,0
348709625,NODE_B4BFE934ED80,child,8,F4:2D:C9:73:E6:19,-97,88,199,199,0,0,0,0,0
348809624,NODE_B4BFE934ED80,child,8,F4:2D:C9:73:E6:19,-97,88,199,199,0,0,0,0,0
348909628,NODE_B4BFE934ED80,child,8,F4:2D:C9:73:E6:19,-97,88,199,199,0,0,0,0,0
349009633,NODE_B4BFE934ED80,child,8,F4:2D:C9:73:E6:19,-97,88,199,199,0,0,0,0,0
349109624,NODE_B4BFE934ED80,child,8,F4:2D:C9:73:E6:19,-97,88,199,199,0,0,0,0,0
349209624,NODE_B4BFE934ED80,child,8,F4:2D:C9:73:E6:19,-97,88,199,199,0,0,0,0,0
349309629,NODE_B4BFE934ED80,child,8,F4:2D:C9:73:E6:19,-97,88,199,199,0,0,0,0,0
349409624,NODE_B4BFE934ED80,child,8,F4:2D:C9:73:E6:19,-97,88,199,199,0,0,0,0,0
349509628,NODE_B4BFE934ED80,child,8,F4:2D:C9:73:E6:19,-97,88,200,200,0,0,0,0,0
349609637,NODE_B4BFE934ED80,child,8,F4:2D:C9:73:E6:19,-97,88,200,200,0,0,0,0,0
349709624,NODE_B4BFE934ED80,child,8,F4:2D:C9:73:E6:19,-97,88,200,200,0,0,0,0,0
349809624,NODE_B4BFE934ED80,child,8,F4:2D:C9:73:E6:19,-97,88,200,200,0,0,0,0,0
349909629,NODE_B4BFE934ED80,child,8,F4:2D:C9:73:E6:19,-97,88,200,200,0,0,0,0,0
350009628,NODE_B4BFE934ED80,child,8,F4:2D:C9:73:E6:19,-97,88,200,200,0,0,0,0,0
350109624,NODE_B4BFE934ED80,child,8,F4:2D:C9:73:E6:19,-97,88,200,200,0,0,0,0,0
350209629,NODE_B4BFE934ED80,child,8,F4:2D:C9:73:E6:19,-97,88,200,200,0,0,0,0,0
350309641,NODE_B4BFE934ED80,child,8,F4:2D:C9:73:E6:19,-95,88,200,200,0,0,0,0,0
350409628,NODE_B4BFE934ED80,child,8,F4:2D:C9:73:E6:19,-95,88,200,200,0,0,0,0,0
350509625,NODE_B4BFE934ED80,child,8,F4:2D:C9:73:E6:19,-95,88,201,201,0,0,0,0,0
350609628,NODE_B4BFE934ED80,child,8,F4:2D:C9:73:E6:19,-95,88,201,201,0,0,0,0,0
350709624,NODE_B4BFE934ED80,child,8,F4:2D:C9:73:E6:19,-95,88,201,201,0,0,0,0,0
350809625,NODE_B4BFE934ED80,child,8,F4:2D:C9:73:E6:19,-95,88,201,201,0,0,0,0,0
350909628,NODE_B4BFE934ED80,child,8,F4:2D:C9:73:E6:19,-95,88,201,201,0,0,0,0,0
351009632,NODE_B4BFE934ED80,child,8,F4:2D:C9:73:E6:19,-95,88,201,201,0,0,0,0,0
351109629,NODE_B4BFE934ED80,child,8,F4:2D:C9:73:E6:19,-95,88,201,201,0,0,0,0,0
351209628,NODE_B4BFE934ED80,child,8,F4:2D:C9:73:E6:19,-95,88,201,201,0,0,0,0,0
351309624,NODE_B4BFE934ED80,child,8,F4:2D:C9:73:E6:19,-95,88,201,201,0,0,0,0,0
351409637,NODE_B4BFE934ED80,child,8,F4:2D:C9:73:E6:19,-95,88,201,201,0,0,0,0,0
351509624,NODE_B4BFE934ED80,child,8,F4:2D:C9:73:E6:19,-95,88,202,202,0,0,0,0,0
351609636,NODE_B4BFE934ED80,child,8,F4:2D:C9:73:E6:19,-95,88,202,202,0,0,0,0,0
351709625,NODE_B4BFE934ED80,child,8,F4:2D:C9:73:E6:19,-95,88,202,202,0,0,0,0,0
351809624,NODE_B4BFE934ED80,child,8,F4:2D:C9:73:E6:19,-95,88,202,202,0,0,0,0,0
351909624,NODE_B4BFE934ED80,child,8,F4:2D:C9:73:E6:19,-95,88,202,202,0,0,0,0,0
352009633,NODE_B4BFE934ED80,child,8,F4:2D:C9:73:E6:19,-95,88,202,202,0,0,0,0,0
352109624,NODE_B4BFE934ED80,child,8,F4:2D:C9:73:E6:19,-95,88,202,202,0,0,0,0,0
352209624,NODE_B4BFE934ED80,child,8,F4:2D:C9:73:E6:19,-95,88,202,202,0,0,0,0,0
352309637,NODE_B4BFE934ED80,child,8,F4:2D:C9:73:E6:19,-95,88,202,202,0,0,0,0,0
352409636,NODE_B4BFE934ED80,child,8,F4:2D:C9:73:E6:19,-96,88,202,202,0,0,0,0,0
352509624,NODE_B4BFE934ED80,child,8,F4:2D:C9:73:E6:19,-96,88,203,203,0,0,0,0,0
352609625,NODE_B4BFE934ED80,child,8,F4:2D:C9:73:E6:19,-96,88,203,203,0,0,0,0,0
352709624,NODE_B4BFE934ED80,child,8,F4:2D:C9:73:E6:19,-96,88,203,203,0,0,0,0,0
352809628,NODE_B4BFE934ED80,child,8,F4:2D:C9:73:E6:19,-96,88,203,203,0,0,0,0,0
352909625,NODE_B4BFE934ED80,child,8,F4:2D:C9:73:E6:19,-96,88,203,203,0,0,0,0,0
353009640,NODE_B4BFE934ED80,child,8,F4:2D:C9:73:E6:19,-96,88,203,203,0,0,0,0,0
353109624,NODE_B4BFE934ED80,child,8,F4:2D:C9:73:E6:19,-96,88,203,203,0,0,0,0,0
353209625,NODE_B4BFE934ED80,child,8,F4:2D:C9:73:E6:19,-96,88,203,203,0,0,0,0,0
353309624,NODE_B4BFE934ED80,child,8,F4:2D:C9:73:E6:19,-96,88,203,203,0,0,0,0,0
353409636,NODE_B4BFE934ED80,child,8,F4:2D:C9:73:E6:19,-96,88,203,203,0,0,0,0,0
353509625,NODE_B4BFE934ED80,child,8,F4:2D:C9:73:E6:19,-96,88,204,204,0,0,0,0,0
353609632,NODE_B4BFE934ED80,child,8,F4:2D:C9:73:E6:19,-96,88,204,204,0,0,0,0,0
353709624,NODE_B4BFE934ED80,child,8,F4:2D:C9:73:E6:19,-96,88,204,204,0,0,0,0,0
353809625,NODE_B4BFE934ED80,child,8,F4:2D:C9:73:E6:19,-96,88,204,204,0,0,0,0,0
353909624,NODE_B4BFE934ED80,child,8,F4:2D:C9:73:E6:19,-96,88,204,204,0,0,0,0,0
354009632,NODE_B4BFE934ED80,child,8,F4:2D:C9:73:E6:19,-96,88,204,204,0,0,0,0,0
354109625,NODE_B4BFE934ED80,child,8,F4:2D:C9:73:E6:19,-96,88,204,204,0,0,0,0,0
354209628,NODE_B4BFE934ED80,child,8,F4:2D:C9:73:E6:19,-96,88,204,204,0,0,0,0,0
354309663,NODE_B4BFE934ED80,child,8,F4:2D:C9:73:E6:19,-96,88,204,204,0,0,0,0,0
354409633,NODE_B4BFE934ED80,child,8,F4:2D:C9:73:E6:19,-95,88,204,204,0,0,0,0,0
354509624,NODE_B4BFE934ED80,child,8,F4:2D:C9:73:E6:19,-95,88,205,205,0,0,0,0,0
354609628,NODE_B4BFE934ED80,child,8,F4:2D:C9:73:E6:19,-95,88,205,205,0,0,0,0,0
354709625,NODE_B4BFE934ED80,child,8,F4:2D:C9:73:E6:19,-95,88,205,205,0,0,0,0,0
354809636,NODE_B4BFE934ED80,child,8,F4:2D:C9:73:E6:19,-95,88,205,205,0,0,0,0,0
354909624,NODE_B4BFE934ED80,child,8,F4:2D:C9:73:E6:19,-95,88,205,205,0,0,0,0,0
355009633,NODE_B4BFE934ED80,child,8,F4:2D:C9:73:E6:19,-95,88,205,205,0,0,0,0,0
355109624,NODE_B4BFE934ED80,child,8,F4:2D:C9:73:E6:19,-95,88,205,205,0,0,0,0,0
355209624,NODE_B4BFE934ED80,child,8,F4:2D:C9:73:E6:19,-95,88,205,205,0,0,0,0,0
355309629,NODE_B4BFE934ED80,child,8,F4:2D:C9:73:E6:19,-95,88,205,205,0,0,0,0,0
355409624,NODE_B4BFE934ED80,child,8,F4:2D:C9:73:E6:19,-95,88,205,205,0,0,0,0,0
355509628,NODE_B4BFE934ED80,child,8,F4:2D:C9:73:E6:19,-95,88,206,206,0,0,0,0,0
355609629,NODE_B4BFE934ED80,child,8,F4:2D:C9:73:E6:19,-95,88,206,206,0,0,0,0,0
355709624,NODE_B4BFE934ED80,child,8,F4:2D:C9:73:E6:19,-95,88,206,206,0,0,0,0,0
355809624,NODE_B4BFE934ED80,child,8,F4:2D:C9:73:E6:19,-95,88,206,206,0,0,0,0,0
355909625,NODE_B4BFE934ED80,child,8,F4:2D:C9:73:E6:19,-95,88,206,206,0,0,0,0,0
356009628,NODE_B4BFE934ED80,child,8,F4:2D:C9:73:E6:19,-95,88,206,206,0,0,0,0,0
356109636,NODE_B4BFE934ED80,child,8,F4:2D:C9:73:E6:19,-95,88,206,206,0,0,0,0,0
356209629,NODE_B4BFE934ED80,child,8,F4:2D:C9:73:E6:19,-95,88,206,206,0,0,0,0,0
356309624,NODE_B4BFE934ED80,child,8,F4:2D:C9:73:E6:19,-95,88,206,206,0,0,0,0,0
356409624,NODE_B4BFE934ED80,child,8,F4:2D:C9:73:E6:19,-95,88,206,206,0,0,0,0,0
356509633,NODE_B4BFE934ED80,child,8,F4:2D:C9:73:E6:19,-95,88,207,207,0,0,0,0,0
356609628,NODE_B4BFE934ED80,child,8,F4:2D:C9:73:E6:19,-95,88,207,207,0,0,0,0,0
356709624,NODE_B4BFE934ED80,child,8,F4:2D:C9:73:E6:19,-95,88,207,207,0,0,0,0,0
356809637,NODE_B4BFE934ED80,child,8,F4:2D:C9:73:E6:19,-95,88,207,207,0,0,0,0,0
356909624,NODE_B4BFE934ED80,child,8,F4:2D:C9:73:E6:19,-95,88,207,207,0,0,0,0,0
357009628,NODE_B4BFE934ED80,child,8,F4:2D:C9:73:E6:19,-95,88,207,207,0,0,0,0,0
357109629,NODE_B4BFE934ED80,child,8,F4:2D:C9:73:E6:19,-95,88,207,207,0,0,0,0,0
357209624,NODE_B4BFE934ED80,child,8,F4:2D:C9:73:E6:19,-95,88,207,207,0,0,0,0,0
357309624,NODE_B4BFE934ED80,child,8,F4:2D:C9:73:E6:19,-95,88,207,207,0,0,0,0,0
357409633,NODE_B4BFE934ED80,child,8,F4:2D:C9:73:E6:19,-95,88,207,207,0,0,0,0,0
357509632,NODE_B4BFE934ED80,child,8,F4:2D:C9:73:E6:19,-93,88,208,208,0,0,0,0,0
357609636,NODE_B4BFE934ED80,child,8,F4:2D:C9:73:E6:19,-93,88,208,208,0,0,0,0,0
357709625,NODE_B4BFE934ED80,child,8,F4:2D:C9:73:E6:19,-93,88,208,208,0,0,0,0,0
357809628,NODE_B4BFE934ED80,child,8,F4:2D:C9:73:E6:19,-93,88,208,208,0,0,0,0,0
357909628,NODE_B4BFE934ED80,child,8,F4:2D:C9:73:E6:19,-93,88,208,208,0,0,0,0,0
358009629,NODE_B4BFE934ED80,child,8,F4:2D:C9:73:E6:19,-93,88,208,208,0,0,0,0,0
358109640,NODE_B4BFE934ED80,child,8,F4:2D:C9:73:E6:19,-93,88,208,208,0,0,0,0,0
358209628,NODE_B4BFE934ED80,child,8,F4:2D:C9:73:E6:19,-93,88,208,208,0,0,0,0,0
358309625,NODE_B4BFE934ED80,child,8,F4:2D:C9:73:E6:19,-93,88,208,208,0,0,0,0,0
358409624,NODE_B4BFE934ED80,child,8,F4:2D:C9:73:E6:19,-93,88,208,208,0,0,0,0,0
358509628,NODE_B4BFE934ED80,child,8,F4:2D:C9:73:E6:19,-93,88,209,209,0,0,0,0,0
358609633,NODE_B4BFE934ED80,child,8,F4:2D:C9:73:E6:19,-93,88,209,209,0,0,0,0,0
358709624,NODE_B4BFE934ED80,child,8,F4:2D:C9:73:E6:19,-93,88,209,209,0,0,0,0,0
358809636,NODE_B4BFE934ED80,child,8,F4:2D:C9:73:E6:19,-93,88,209,209,0,0,0,0,0
358909625,NODE_B4BFE934ED80,child,8,F4:2D:C9:73:E6:19,-93,88,209,209,0,0,0,0,0
359009628,NODE_B4BFE934ED80,child,8,F4:2D:C9:73:E6:19,-93,88,209,209,0,0,0,0,0
359109632,NODE_B4BFE934ED80,child,8,F4:2D:C9:73:E6:19,-93,88,209,209,0,0,0,0,0
359209625,NODE_B4BFE934ED80,child,8,F4:2D:C9:73:E6:19,-93,88,209,209,0,0,0,0,0
359309624,NODE_B4BFE934ED80,child,8,F4:2D:C9:73:E6:19,-93,88,209,209,0,0,0,0,0
359409628,NODE_B4BFE934ED80,child,8,F4:2D:C9:73:E6:19,-93,88,209,209,0,0,0,0,0
359509633,NODE_B4BFE934ED80,child,8,F4:2D:C9:73:E6:19,-93,88,210,210,0,0,0,0,0
359609640,NODE_B4BFE934ED80,child,8,F4:2D:C9:73:E6:19,-95,88,210,210,0,0,0,0,0
359709624,NODE_B4BFE934ED80,child,8,F4:2D:C9:73:E6:19,-95,88,210,210,0,0,0,0,0
359809625,NODE_B4BFE934ED80,child,8,F4:2D:C9:73:E6:19,-95,88,210,210,0,0,0,0,0
359909624,NODE_B4BFE934ED80,child,8,F4:2D:C9:73:E6:19,-95,88,210,210,0,0,0,0,0
360009632,NODE_B4BFE934ED80,child,8,F4:2D:C9:73:E6:19,-95,88,210,210,0,0,0,0,0
360109719,NODE_B4BFE934ED80,child,8,F4:2D:C9:73:E6:19,-95,88,210,210,0,0,0,0,0
360209628,NODE_B4BFE934ED80,child,8,F4:2D:C9:73:E6:19,-95,88,210,210,0,0,0,0,0
360309624,NODE_B4BFE934ED80,child,8,F4:2D:C9:73:E6:19,-95,88,210,210,0,0,0,0,0
360409629,NODE_B4BFE934ED80,child,8,F4:2D:C9:73:E6:19,-95,88,210,210,0,0,0,0,0
360509628,NODE_B4BFE934ED80,child,8,F4:2D:C9:73:E6:19,-95,88,210,210,0,0,0,0,0
360609636,NODE_B4BFE934ED80,child,8,F4:2D:C9:73:E6:19,-95,88,211,211,0,0,0,0,0
360709625,NODE_B4BFE934ED80,child,8,F4:2D:C9:73:E6:19,-95,88,211,211,0,0,0,0,0
360809624,NODE_B4BFE934ED80,child,8,F4:2D:C9:73:E6:19,-95,88,211,211,0,0,0,0,0
360909624,NODE_B4BFE934ED80,child,8,F4:2D:C9:73:E6:19,-95,88,211,211,0,0,0,0,0
361009629,NODE_B4BFE934ED80,child,8,F4:2D:C9:73:E6:19,-95,88,211,211,0,0,0,0,0
361109632,NODE_B4BFE934ED80,child,8,F4:2D:C9:73:E6:19,-95,88,211,211,0,0,0,0,0
361209628,NODE_B4BFE934ED80,child,8,F4:2D:C9:73:E6:19,-95,88,211,211,0,0,0,0,0
361309633,NODE_B4BFE934ED80,child,8,F4:2D:C9:73:E6:19,-95,88,211,211,0,0,0,0,0
361409632,NODE_B4BFE934ED80,child,8,F4:2D:C9:73:E6:19,-95,88,211,211,0,0,0,0,0
361509624,NODE_B4BFE934ED80,child,8,F4:2D:C9:73:E6:19,-95,88,211,211,0,0,0,0,0
361609633,NODE_B4BFE934ED80,child,8,F4:2D:C9:73:E6:19,-95,88,212,212,0,0,0,0,0
361709624,NODE_B4BFE934ED80,child,8,F4:2D:C9:73:E6:19,-95,88,212,212,0,0,0,0,0
361809624,NODE_B4BFE934ED80,child,8,F4:2D:C9:73:E6:19,-95,88,212,212,0,0,0,0,0
361909625,NODE_B4BFE934ED80,child,8,F4:2D:C9:73:E6:19,-95,88,212,212,0,0,0,0,0
362009632,NODE_B4BFE934ED80,child,8,F4:2D:C9:73:E6:19,-95,88,212,212,0,0,0,0,0
362109624,NODE_B4BFE934ED80,child,8,F4:2D:C9:73:E6:19,-95,88,212,212,0,0,0,0,0
362209629,NODE_B4BFE934ED80,child,8,F4:2D:C9:73:E6:19,-95,88,212,212,0,0,0,0,0
362309624,NODE_B4BFE934ED80,child,8,F4:2D:C9:73:E6:19,-95,88,212,212,0,0,0,0,0
362409624,NODE_B4BFE934ED80,child,8,F4:2D:C9:73:E6:19,-95,88,212,212,0,0,0,0,0
362509625,NODE_B4BFE934ED80,child,8,F4:2D:C9:73:E6:19,-95,88,212,212,0,0,0,0,0
362609636,NODE_B4BFE934ED80,child,8,F4:2D:C9:73:E6:19,-92,88,213,213,0,0,0,0,0
362709624,NODE_B4BFE934ED80,child,8,F4:2D:C9:73:E6:19,-92,88,213,213,0,0,0,0,0
362809691,NODE_B4BFE934ED80,child,8,F4:2D:C9:73:E6:19,-92,88,213,213,0,0,0,0,0
362909632,NODE_B4BFE934ED80,child,8,F4:2D:C9:73:E6:19,-92,88,213,213,0,0,0,0,0
363009632,NODE_B4BFE934ED80,child,8,F4:2D:C9:73:E6:19,-92,88,213,213,0,0,0,0,0
363109625,NODE_B4BFE934ED80,child,8,F4:2D:C9:73:E6:19,-92,88,213,213,0,0,0,0,0
363209628,NODE_B4BFE934ED80,child,8,F4:2D:C9:73:E6:19,-92,88,213,213,0,0,0,0,0
363309632,NODE_B4BFE934ED80,child,8,F4:2D:C9:73:E6:19,-92,88,213,213,0,0,0,0,0
363409625,NODE_B4BFE934ED80,child,8,F4:2D:C9:73:E6:19,-92,88,213,213,0,0,0,0,0
363509624,NODE_B4BFE934ED80,child,8,F4:2D:C9:73:E6:19,-92,88,213,213,0,0,0,0,0
363610325,NODE_B4BFE934ED80,child,8,F4:2D:C9:73:E6:19,-94,88,214,214,0,0,0,0,0
363709625,NODE_B4BFE934ED80,child,8,F4:2D:C9:73:E6:19,-94,88,214,214,0,0,0,0,0
363809624,NODE_B4BFE934ED80,child,8,F4:2D:C9:73:E6:19,-94,88,214,214,0,0,0,0,0
363909624,NODE_B4BFE934ED80,child,8,F4:2D:C9:73:E6:19,-94,88,214,214,0,0,0,0,0
364009633,NODE_B4BFE934ED80,child,8,F4:2D:C9:73:E6:19,-94,88,214,214,0,0,0,0,0
364109624,NODE_B4BFE934ED80,child,8,F4:2D:C9:73:E6:19,-94,88,214,214,0,0,0,0,0
364209624,NODE_B4BFE934ED80,child,8,F4:2D:C9:73:E6:19,-94,88,214,214,0,0,0,0,0
364309629,NODE_B4BFE934ED80,child,8,F4:2D:C9:73:E6:19,-94,88,214,214,0,0,0,0,0
364409632,NODE_B4BFE934ED80,child,8,F4:2D:C9:73:E6:19,-94,88,214,214,0,0,0,0,0
364509624,NODE_B4BFE934ED80,child,8,F4:2D:C9:73:E6:19,-94,88,214,214,0,0,0,0,0
364609633,NODE_B4BFE934ED80,child,8,F4:2D:C9:73:E6:19,-94,88,215,215,0,0,0,0,0
364709636,NODE_B4BFE934ED80,child,8,F4:2D:C9:73:E6:19,-95,88,215,215,0,0,0,0,0
364809624,NODE_B4BFE934ED80,child,8,F4:2D:C9:73:E6:19,-95,88,215,215,0,0,0,0,0
364909625,NODE_B4BFE934ED80,child,8,F4:2D:C9:73:E6:19,-95,88,215,215,0,0,0,0,0
365009624,NODE_B4BFE934ED80,child,8,F4:2D:C9:73:E6:19,-95,88,215,215,0,0,0,0,0
365109628,NODE_B4BFE934ED80,child,8,F4:2D:C9:73:E6:19,-95,88,215,215,0,0,0,0,0
365209625,NODE_B4BFE934ED80,child,8,F4:2D:C9:73:E6:19,-95,88,215,215,0,0,0,0,0
365309632,NODE_B4BFE934ED80,child,8,F4:2D:C9:73:E6:19,-95,88,215,215,0,0,0,0,0
365409628,NODE_B4BFE934ED80,child,8,F4:2D:C9:73:E6:19,-95,88,215,215,0,0,0,0,0
365509625,NODE_B4BFE934ED80,child,8,F4:2D:C9:73:E6:19,-95,88,215,215,0,0,0,0,0
365609628,NODE_B4BFE934ED80,child,8,F4:2D:C9:73:E6:19,-95,88,216,216,0,0,0,0,0
365709628,NODE_B4BFE934ED80,child,8,F4:2D:C9:73:E6:19,-95,88,216,216,0,0,0,0,0
365809629,NODE_B4BFE934ED80,child,8,F4:2D:C9:73:E6:19,-95,88,216,216,0,0,0,0,0
365909628,NODE_B4BFE934ED80,child,8,F4:2D:C9:73:E6:19,-95,88,216,216,0,0,0,0,0
366009624,NODE_B4BFE934ED80,child,8,F4:2D:C9:73:E6:19,-95,88,216,216,0,0,0,0,0
366109629,NODE_B4BFE934ED80,child,8,F4:2D:C9:73:E6:19,-95,88,216,216,0,0,0,0,0
366209628,NODE_B4BFE934ED80,child,8,F4:2D:C9:73:E6:19,-95,88,216,216,0,0,0,0,0
366309632,NODE_B4BFE934ED80,child,8,F4:2D:C9:73:E6:19,-95,88,216,216,0,0,0,0,0
366409625,NODE_B4BFE934ED80,child,8,F4:2D:C9:73:E6:19,-95,88,216,216,0,0,0,0,0
366509628,NODE_B4BFE934ED80,child,8,F4:2D:C9:73:E6:19,-95,88,216,216,0,0,0,0,0
366609628,NODE_B4BFE934ED80,child,8,F4:2D:C9:73:E6:19,-95,88,217,217,0,0,0,0,0
366709637,NODE_B4BFE934ED80,child,8,F4:2D:C9:73:E6:19,-95,88,217,217,0,0,0,0,0
366809624,NODE_B4BFE934ED80,child,8,F4:2D:C9:73:E6:19,-95,88,217,217,0,0,0,0,0
366909624,NODE_B4BFE934ED80,child,8,F4:2D:C9:73:E6:19,-95,88,217,217,0,0,0,0,0
367009625,NODE_B4BFE934ED80,child,8,F4:2D:C9:73:E6:19,-95,88,217,217,0,0,0,0,0
367109779,NODE_B4BFE934ED80,child,8,F4:2D:C9:73:E6:19,-95,88,217,217,0,0,0,0,0
367209624,NODE_B4BFE934ED80,child,8,F4:2D:C9:73:E6:19,-95,88,217,217,0,0,0,0,0
367309633,NODE_B4BFE934ED80,child,8,F4:2D:C9:73:E6:19,-95,88,217,217,0,0,0,0,0
367409624,NODE_B4BFE934ED80,child,8,F4:2D:C9:73:E6:19,-95,88,217,217,0,0,0,0,0
367509624,NODE_B4BFE934ED80,child,8,F4:2D:C9:73:E6:19,-95,88,217,217,0,0,0,0,0
367609629,NODE_B4BFE934ED80,child,8,F4:2D:C9:73:E6:19,-95,88,218,218,0,0,0,0,0
367709632,NODE_B4BFE934ED80,child,8,F4:2D:C9:73:E6:19,-94,88,218,218,0,0,0,0,0
367809632,NODE_B4BFE934ED80,child,8,F4:2D:C9:73:E6:19,-94,88,218,218,0,0,0,0,0
367909625,NODE_B4BFE934ED80,child,8,F4:2D:C9:73:E6:19,-94,88,218,218,0,0,0,0,0
368009632,NODE_B4BFE934ED80,child,8,F4:2D:C9:73:E6:19,-94,88,218,218,0,0,0,0,0
368109624,NODE_B4BFE934ED80,child,8,F4:2D:C9:73:E6:19,-94,88,218,218,0,0,0,0,0
368209629,NODE_B4BFE934ED80,child,8,F4:2D:C9:73:E6:19,-94,88,218,218,0,0,0,0,0
368309624,NODE_B4BFE934ED80,child,8,F4:2D:C9:73:E6:19,-94,88,218,218,0,0,0,0,0
368409628,NODE_B4BFE934ED80,child,8,F4:2D:C9:73:E6:19,-94,88,218,218,0,0,0,0,0
368509637,NODE_B4BFE934ED80,child,8,F4:2D:C9:73:E6:19,-94,88,218,218,0,0,0,0,0
368609628,NODE_B4BFE934ED80,child,8,F4:2D:C9:73:E6:19,-94,88,219,219,0,0,0,0,0
368709624,NODE_B4BFE934ED80,child,8,F4:2D:C9:73:E6:19,-94,88,219,219,0,0,0,0,0
368809633,NODE_B4BFE934ED80,child,8,F4:2D:C9:73:E6:19,-94,88,219,219,0,0,0,0,0
368909624,NODE_B4BFE934ED80,child,8,F4:2D:C9:73:E6:19,-94,88,219,219,0,0,0,0,0
369009628,NODE_B4BFE934ED80,child,8,F4:2D:C9:73:E6:19,-94,88,219,219,0,0,0,0,0
369109633,NODE_B4BFE934ED80,child,8,F4:2D:C9:73:E6:19,-94,88,219,219,0,0,0,0,0
369209624,NODE_B4BFE934ED80,child,8,F4:2D:C9:73:E6:19,-94,88,219,219,0,0,0,0,0
369309624,NODE_B4BFE934ED80,child,8,F4:2D:C9:73:E6:19,-94,88,219,219,0,0,0,0,0
369409629,NODE_B4BFE934ED80,child,8,F4:2D:C9:73:E6:19,-94,88,219,219,0,0,0,0,0
369509628,NODE_B4BFE934ED80,child,8,F4:2D:C9:73:E6:19,-94,88,219,219,0,0,0,0,0
369609632,NODE_B4BFE934ED80,child,8,F4:2D:C9:73:E6:19,-94,88,220,220,0,0,0,0,0
369709625,NODE_B4BFE934ED80,child,8,F4:2D:C9:73:E6:19,-94,88,220,220,0,0,0,0,0
369809632,NODE_B4BFE934ED80,child,8,F4:2D:C9:73:E6:19,-94,88,220,220,0,0,0,0,0
369909624,NODE_B4BFE934ED80,child,8,F4:2D:C9:73:E6:19,-94,88,220,220,0,0,0,0,0
370009629,NODE_B4BFE934ED80,child,8,F4:2D:C9:73:E6:19,-94,88,220,220,0,0,0,0,0
370109624,NODE_B4BFE934ED80,child,8,F4:2D:C9:73:E6:19,-94,88,220,220,0,0,0,0,0
370209624,NODE_B4BFE934ED80,child,8,F4:2D:C9:73:E6:19,-94,88,220,220,0,0,0,0,0
370309625,NODE_B4BFE934ED80,child,8,F4:2D:C9:73:E6:19,-94,88,220,220,0,0,0,0,0
370409628,NODE_B4BFE934ED80,child,8,F4:2D:C9:73:E6:19,-94,88,220,220,0,0,0,0,0
370509632,NODE_B4BFE934ED80,child,8,F4:2D:C9:73:E6:19,-94,88,220,220,0,0,0,0,0
370609629,NODE_B4BFE934ED80,child,8,F4:2D:C9:73:E6:19,-94,88,221,221,0,0,0,0,0
370709628,NODE_B4BFE934ED80,child,8,F4:2D:C9:73:E6:19,-94,88,221,221,0,0,0,0,0
370809624,NODE_B4BFE934ED80,child,8,F4:2D:C9:73:E6:19,-94,88,221,221,0,0,0,0,0
370909625,NODE_B4BFE934ED80,child,8,F4:2D:C9:73:E6:19,-94,88,221,221,0,0,0,0,0
371009628,NODE_B4BFE934ED80,child,8,F4:2D:C9:73:E6:19,-94,88,221,221,0,0,0,0,0
371109632,NODE_B4BFE934ED80,child,8,F4:2D:C9:73:E6:19,-94,88,221,221,0,0,0,0,0
371209629,NODE_B4BFE934ED80,child,8,F4:2D:C9:73:E6:19,-94,88,221,221,0,0,0,0,0
371309628,NODE_B4BFE934ED80,child,8,F4:2D:C9:73:E6:19,-94,88,221,221,0,0,0,0,0
371409636,NODE_B4BFE934ED80,child,8,F4:2D:C9:73:E6:19,-94,88,221,221,0,0,0,0,0
371509629,NODE_B4BFE934ED80,child,8,F4:2D:C9:73:E6:19,-94,88,221,221,0,0,0,0,0
371609632,NODE_B4BFE934ED80,child,8,F4:2D:C9:73:E6:19,-94,88,221,221,0,0,0,0,0
371709628,NODE_B4BFE934ED80,child,8,F4:2D:C9:73:E6:19,-94,88,222,222,0,0,0,0,0
371809637,NODE_B4BFE934ED80,child,8,F4:2D:C9:73:E6:19,-94,88,222,222,0,0,0,0,0
371909624,NODE_B4BFE934ED80,child,8,F4:2D:C9:73:E6:19,-94,88,222,222,0,0,0,0,0
372009628,NODE_B4BFE934ED80,child,8,F4:2D:C9:73:E6:19,-94,88,222,222,0,0,0,0,0
372109625,NODE_B4BFE934ED80,child,8,F4:2D:C9:73:E6:19,-94,88,222,222,0,0,0,0,0
372209624,NODE_B4BFE934ED80,child,8,F4:2D:C9:73:E6:19,-94,88,222,222,0,0,0,0,0
372309632,NODE_B4BFE934ED80,child,8,F4:2D:C9:73:E6:19,-94,88,222,222,0,0,0,0,0
372409625,NODE_B4BFE934ED80,child,8,F4:2D:C9:73:E6:19,-94,88,222,222,0,0,0,0,0
372509628,NODE_B4BFE934ED80,child,8,F4:2D:C9:73:E6:19,-94,88,222,222,0,0,0,0,0
372610399,NODE_B4BFE934ED80,child,8,F4:2D:C9:73:E6:19,-94,88,222,222,0,0,0,0,0
372709633,NODE_B4BFE934ED80,child,8,F4:2D:C9:73:E6:19,-94,88,223,223,0,0,0,0,0
372809624,NODE_B4BFE934ED80,child,8,F4:2D:C9:73:E6:19,-94,88,223,223,0,0,0,0,0
372909628,NODE_B4BFE934ED80,child,8,F4:2D:C9:73:E6:19,-94,88,223,223,0,0,0,0,0
373009633,NODE_B4BFE934ED80,child,8,F4:2D:C9:73:E6:19,-94,88,223,223,0,0,0,0,0
373109624,NODE_B4BFE934ED80,child,8,F4:2D:C9:73:E6:19,-94,88,223,223,0,0,0,0,0
373209624,NODE_B4BFE934ED80,child,8,F4:2D:C9:73:E6:19,-94,88,223,223,0,0,0,0,0
373309625,NODE_B4BFE934ED80,child,8,F4:2D:C9:73:E6:19,-94,88,223,223,0,0,0,0,0
373409624,NODE_B4BFE934ED80,child,8,F4:2D:C9:73:E6:19,-94,88,223,223,0,0,0,0,0
373509632,NODE_B4BFE934ED80,child,8,F4:2D:C9:73:E6:19,-94,88,223,223,0,0,0,0,0
373609641,NODE_B4BFE934ED80,child,8,F4:2D:C9:73:E6:19,-94,88,223,223,0,0,0,0,0
373709628,NODE_B4BFE934ED80,child,8,F4:2D:C9:73:E6:19,-94,88,224,224,0,0,0,0,0
373809624,NODE_B4BFE934ED80,child,8,F4:2D:C9:73:E6:19,-94,88,224,224,0,0,0,0,0
373909637,NODE_B4BFE934ED80,child,8,F4:2D:C9:73:E6:19,-94,88,224,224,0,0,0,0,0
374009628,NODE_B4BFE934ED80,child,8,F4:2D:C9:73:E6:19,-94,88,224,224,0,0,0,0,0
374109624,NODE_B4BFE934ED80,child,8,F4:2D:C9:73:E6:19,-94,88,224,224,0,0,0,0,0
374209625,NODE_B4BFE934ED80,child,8,F4:2D:C9:73:E6:19,-94,88,224,224,0,0,0,0,0
374309632,NODE_B4BFE934ED80,child,8,F4:2D:C9:73:E6:19,-94,88,224,224,0,0,0,0,0
374409624,NODE_B4BFE934ED80,child,8,F4:2D:C9:73:E6:19,-94,88,224,224,0,0,0,0,0
374509629,NODE_B4BFE934ED80,child,8,F4:2D:C9:73:E6:19,-94,88,224,224,0,0,0,0,0
374609628,NODE_B4BFE934ED80,child,8,F4:2D:C9:73:E6:19,-94,88,224,224,0,0,0,0,0
374709632,NODE_B4BFE934ED80,child,8,F4:2D:C9:73:E6:19,-94,88,225,225,0,0,0,0,0
374809625,NODE_B4BFE934ED80,child,8,F4:2D:C9:73:E6:19,-94,88,225,225,0,0,0,0,0
374909636,NODE_B4BFE934ED80,child,8,F4:2D:C9:73:E6:19,-95,88,225,225,0,0,0,0,0
375009636,NODE_B4BFE934ED80,child,8,F4:2D:C9:73:E6:19,-95,88,225,225,0,0,0,0,0
375109625,NODE_B4BFE934ED80,child,8,F4:2D:C9:73:E6:19,-95,88,225,225,0,0,0,0,0
375209628,NODE_B4BFE934ED80,child,8,F4:2D:C9:73:E6:19,-95,88,225,225,0,0,0,0,0
375309624,NODE_B4BFE934ED80,child,8,F4:2D:C9:73:E6:19,-95,88,225,225,0,0,0,0,0
375409625,NODE_B4BFE934ED80,child,8,F4:2D:C9:73:E6:19,-95,88,225,225,0,0,0,0,0
375509628,NODE_B4BFE934ED80,child,8,F4:2D:C9:73:E6:19,-95,88,225,225,0,0,0,0,0
375609636,NODE_B4BFE934ED80,child,8,F4:2D:C9:73:E6:19,-95,88,225,225,0,0,0,0,0
375709629,NODE_B4BFE934ED80,child,8,F4:2D:C9:73:E6:19,-95,88,226,226,0,0,0,0,0
375809628,NODE_B4BFE934ED80,child,8,F4:2D:C9:73:E6:19,-95,88,226,226,0,0,0,0,0
375909636,NODE_B4BFE934ED80,child,8,F4:2D:C9:73:E6:19,-97,88,226,226,0,0,0,0,0
376009629,NODE_B4BFE934ED80,child,8,F4:2D:C9:73:E6:19,-97,88,226,226,0,0,0,0,0
376109624,NODE_B4BFE934ED80,child,8,F4:2D:C9:73:E6:19,-97,88,226,226,0,0,0,0,0
376209624,NODE_B4BFE934ED80,child,8,F4:2D:C9:73:E6:19,-97,88,226,226,0,0,0,0,0
376309633,NODE_B4BFE934ED80,child,8,F4:2D:C9:73:E6:19,-97,88,226,226,0,0,0,0,0
376409628,NODE_B4BFE934ED80,child,8,F4:2D:C9:73:E6:19,-97,88,226,226,0,0,0,0,0
376509628,NODE_B4BFE934ED80,child,8,F4:2D:C9:73:E6:19,-97,88,226,226,0,0,0,0,0
376609629,NODE_B4BFE934ED80,child,8,F4:2D:C9:73:E6:19,-97,88,226,226,0,0,0,0,0
376709624,NODE_B4BFE934ED80,child,8,F4:2D:C9:73:E6:19,-97,88,227,227,0,0,0,0,0
376809624,NODE_B4BFE934ED80,child,8,F4:2D:C9:73:E6:19,-97,88,227,227,0,0,0,0,0
376909625,NODE_B4BFE934ED80,child,8,F4:2D:C9:73:E6:19,-97,88,227,227,0,0,0,0,0
377009644,NODE_B4BFE934ED80,child,8,F4:2D:C9:73:E6:19,-96,88,227,227,0,0,0,0,0
377109624,NODE_B4BFE934ED80,child,8,F4:2D:C9:73:E6:19,-96,88,227,227,0,0,0,0,0
377209625,NODE_B4BFE934ED80,child,8,F4:2D:C9:73:E6:19,-96,88,227,227,0,0,0,0,0
377309624,NODE_B4BFE934ED80,child,8,F4:2D:C9:73:E6:19,-96,88,227,227,0,0,0,0,0
377409624,NODE_B4BFE934ED80,child,8,F4:2D:C9:73:E6:19,-96,88,227,227,0,0,0,0,0
377509625,NODE_B4BFE934ED80,child,8,F4:2D:C9:73:E6:19,-96,88,227,227,0,0,0,0,0
377609636,NODE_B4BFE934ED80,child,8,F4:2D:C9:73:E6:19,-96,88,227,227,0,0,0,0,0
377709628,NODE_B4BFE934ED80,child,8,F4:2D:C9:73:E6:19,-96,88,228,228,0,0,0,0,0
377809625,NODE_B4BFE934ED80,child,8,F4:2D:C9:73:E6:19,-96,88,228,228,0,0,0,0,0
377909628,NODE_B4BFE934ED80,child,8,F4:2D:C9:73:E6:19,-96,88,228,228,0,0,0,0,0
378009636,NODE_B4BFE934ED80,child,8,F4:2D:C9:73:E6:19,-94,88,228,228,0,0,0,0,0
378109633,NODE_B4BFE934ED80,child,8,F4:2D:C9:73:E6:19,-94,88,228,228,0,0,0,0,0
378209628,NODE_B4BFE934ED80,child,8,F4:2D:C9:73:E6:19,-94,88,228,228,0,0,0,0,0
378309624,NODE_B4BFE934ED80,child,8,F4:2D:C9:73:E6:19,-94,88,228,228,0,0,0,0,0
378409625,NODE_B4BFE934ED80,child,8,F4:2D:C9:73:E6:19,-94,88,228,228,0,0,0,0,0
378509628,NODE_B4BFE934ED80,child,8,F4:2D:C9:73:E6:19,-94,88,228,228,0,0,0,0,0
378609632,NODE_B4BFE934ED80,child,8,F4:2D:C9:73:E6:19,-94,88,228,228,0,0,0,0,0
378709629,NODE_B4BFE934ED80,child,8,F4:2D:C9:73:E6:19,-94,88,229,229,0,0,0,0,0
378809636,NODE_B4BFE934ED80,child,8,F4:2D:C9:73:E6:19,-94,88,229,229,0,0,0,0,0
378909624,NODE_B4BFE934ED80,child,8,F4:2D:C9:73:E6:19,-94,88,229,229,0,0,0,0,0
379009641,NODE_B4BFE934ED80,child,8,F4:2D:C9:73:E6:19,-95,88,229,229,0,0,0,0,0
379109624,NODE_B4BFE934ED80,child,8,F4:2D:C9:73:E6:19,-95,88,229,229,0,0,0,0,0
379209624,NODE_B4BFE934ED80,child,8,F4:2D:C9:73:E6:19,-95,88,229,229,0,0,0,0,0
379309625,NODE_B4BFE934ED80,child,8,F4:2D:C9:73:E6:19,-95,88,229,229,0,0,0,0,0
379409624,NODE_B4BFE934ED80,child,8,F4:2D:C9:73:E6:19,-95,88,229,229,0,0,0,0,0
379509632,NODE_B4BFE934ED80,child,8,F4:2D:C9:73:E6:19,-95,88,229,229,0,0,0,0,0
379609641,NODE_B4BFE934ED80,child,8,F4:2D:C9:73:E6:19,-95,88,229,229,0,0,0,0,0
379709632,NODE_B4BFE934ED80,child,8,F4:2D:C9:73:E6:19,-95,88,230,230,0,0,0,0,0
379809624,NODE_B4BFE934ED80,child,8,F4:2D:C9:73:E6:19,-95,88,230,230,0,0,0,0,0
379909633,NODE_B4BFE934ED80,child,8,F4:2D:C9:73:E6:19,-95,88,230,230,0,0,0,0,0
380009632,NODE_B4BFE934ED80,child,8,F4:2D:C9:73:E6:19,-95,88,230,230,0,0,0,0,0
380109636,NODE_B4BFE934ED80,child,8,F4:2D:C9:73:E6:19,-95,88,230,230,0,0,0,0,0
380209625,NODE_B4BFE934ED80,child,8,F4:2D:C9:73:E6:19,-95,88,230,230,0,0,0,0,0
380309624,NODE_B4BFE934ED80,child,8,F4:2D:C9:73:E6:19,-95,88,230,230,0,0,0,0,0
380409624,NODE_B4BFE934ED80,child,8,F4:2D:C9:73:E6:19,-95,88,230,230,0,0,0,0,0
380509629,NODE_B4BFE934ED80,child,8,F4:2D:C9:73:E6:19,-95,88,230,230,0,0,0,0,0
380609628,NODE_B4BFE934ED80,child,8,F4:2D:C9:73:E6:19,-95,88,230,230,0,0,0,0,0
380709632,NODE_B4BFE934ED80,child,8,F4:2D:C9:73:E6:19,-95,88,230,230,0,0,0,0,0
380809633,NODE_B4BFE934ED80,child,8,F4:2D:C9:73:E6:19,-95,88,231,231,0,0,0,0,0
380909628,NODE_B4BFE934ED80,child,8,F4:2D:C9:73:E6:19,-95,88,231,231,0,0,0,0,0
381009628,NODE_B4BFE934ED80,child,8,F4:2D:C9:73:E6:19,-95,88,231,231,0,0,0,0,0
381109637,NODE_B4BFE934ED80,child,8,F4:2D:C9:73:E6:19,-95,88,231,231,0,0,0,0,0
381209624,NODE_B4BFE934ED80,child,8,F4:2D:C9:73:E6:19,-95,88,231,231,0,0,0,0,0
381309628,NODE_B4BFE934ED80,child,8,F4:2D:C9:73:E6:19,-95,88,231,231,0,0,0,0,0
381409629,NODE_B4BFE934ED80,child,8,F4:2D:C9:73:E6:19,-95,88,231,231,0,0,0,0,0
381509636,NODE_B4BFE934ED80,child,8,F4:2D:C9:73:E6:19,-95,88,231,231,0,0,0,0,0
381609632,NODE_B4BFE934ED80,child,8,F4:2D:C9:73:E6:19,-95,88,231,231,0,0,0,0,0
381710399,NODE_B4BFE934ED80,child,8,F4:2D:C9:73:E6:19,-95,88,231,231,0,0,0,0,0
381809632,NODE_B4BFE934ED80,child,8,F4:2D:C9:73:E6:19,-95,88,232,232,0,0,0,0,0
381909624,NODE_B4BFE934ED80,child,8,F4:2D:C9:73:E6:19,-95,88,232,232,0,0,0,0,0
382009629,NODE_B4BFE934ED80,child,8,F4:2D:C9:73:E6:19,-95,88,232,232,0,0,0,0,0
382109632,NODE_B4BFE934ED80,child,8,F4:2D:C9:73:E6:19,-95,88,232,232,0,0,0,0,0
382209624,NODE_B4BFE934ED80,child,8,F4:2D:C9:73:E6:19,-95,88,232,232,0,0,0,0,0
382309625,NODE_B4BFE934ED80,child,8,F4:2D:C9:73:E6:19,-95,88,232,232,0,0,0,0,0
382409624,NODE_B4BFE934ED80,child,8,F4:2D:C9:73:E6:19,-95,88,232,232,0,0,0,0,0
382509624,NODE_B4BFE934ED80,child,8,F4:2D:C9:73:E6:19,-95,88,232,232,0,0,0,0,0
382609625,NODE_B4BFE934ED80,child,8,F4:2D:C9:73:E6:19,-95,88,232,232,0,0,0,0,0
382709628,NODE_B4BFE934ED80,child,8,F4:2D:C9:73:E6:19,-95,88,232,232,0,0,0,0,0
382809628,NODE_B4BFE934ED80,child,8,F4:2D:C9:73:E6:19,-95,88,233,233,0,0,0,0,0
382909629,NODE_B4BFE934ED80,child,8,F4:2D:C9:73:E6:19,-95,88,233,233,0,0,0,0,0
383009628,NODE_B4BFE934ED80,child,8,F4:2D:C9:73:E6:19,-95,88,233,233,0,0,0,0,0
383109632,NODE_B4BFE934ED80,child,8,F4:2D:C9:73:E6:19,-95,88,233,233,0,0,0,0,0
383209629,NODE_B4BFE934ED80,child,8,F4:2D:C9:73:E6:19,-95,88,233,233,0,0,0,0,0
383309624,NODE_B4BFE934ED80,child,8,F4:2D:C9:73:E6:19,-95,88,233,233,0,0,0,0,0
383409624,NODE_B4BFE934ED80,child,8,F4:2D:C9:73:E6:19,-95,88,233,233,0,0,0,0,0
383509637,NODE_B4BFE934ED80,child,8,F4:2D:C9:73:E6:19,-95,88,233,233,0,0,0,0,0
383609624,NODE_B4BFE934ED80,child,8,F4:2D:C9:73:E6:19,-95,88,233,233,0,0,0,0,0
383709628,NODE_B4BFE934ED80,child,8,F4:2D:C9:73:E6:19,-95,88,233,233,0,0,0,0,0
383809633,NODE_B4BFE934ED80,child,8,F4:2D:C9:73:E6:19,-95,88,234,234,0,0,0,0,0
383909624,NODE_B4BFE934ED80,child,8,F4:2D:C9:73:E6:19,-95,88,234,234,0,0,0,0,0
384009632,NODE_B4BFE934ED80,child,8,F4:2D:C9:73:E6:19,-95,88,234,234,0,0,0,0,0
384109625,NODE_B4BFE934ED80,child,8,F4:2D:C9:73:E6:19,-95,88,234,234,0,0,0,0,0
384209624,NODE_B4BFE934ED80,child,8,F4:2D:C9:73:E6:19,-95,88,234,234,0,0,0,0,0
384309624,NODE_B4BFE934ED80,child,8,F4:2D:C9:73:E6:19,-95,88,234,234,0,0,0,0,0
384409625,NODE_B4BFE934ED80,child,8,F4:2D:C9:73:E6:19,-95,88,234,234,0,0,0,0,0
384509624,NODE_B4BFE934ED80,child,8,F4:2D:C9:73:E6:19,-95,88,234,234,0,0,0,0,0
384609632,NODE_B4BFE934ED80,child,8,F4:2D:C9:73:E6:19,-95,88,234,234,0,0,0,0,0
384709633,NODE_B4BFE934ED80,child,8,F4:2D:C9:73:E6:19,-95,88,234,234,0,0,0,0,0
384809636,NODE_B4BFE934ED80,child,8,F4:2D:C9:73:E6:19,-95,88,235,235,0,0,0,0,0
384909624,NODE_B4BFE934ED80,child,8,F4:2D:C9:73:E6:19,-95,88,235,235,0,0,0,0,0
385009629,NODE_B4BFE934ED80,child,8,F4:2D:C9:73:E6:19,-95,88,235,235,0,0,0,0,0
385109624,NODE_B4BFE934ED80,child,8,F4:2D:C9:73:E6:19,-95,88,235,235,0,0,0,0,0
385209636,NODE_B4BFE934ED80,child,8,F4:2D:C9:73:E6:19,-96,88,235,235,0,0,0,0,0
385309637,NODE_B4BFE934ED80,child,8,F4:2D:C9:73:E6:19,-96,88,235,235,0,0,0,0,0
385409624,NODE_B4BFE934ED80,child,8,F4:2D:C9:73:E6:19,-96,88,235,235,0,0,0,0,0
385509624,NODE_B4BFE934ED80,child,8,F4:2D:C9:73:E6:19,-96,88,235,235,0,0,0,0,0
385609629,NODE_B4BFE934ED80,child,8,F4:2D:C9:73:E6:19,-96,88,235,235,0,0,0,0,0
385709624,NODE_B4BFE934ED80,child,8,F4:2D:C9:73:E6:19,-96,88,235,235,0,0,0,0,0
385809636,NODE_B4BFE934ED80,child,8,F4:2D:C9:73:E6:19,-96,88,236,236,0,0,0,0,0
385909625,NODE_B4BFE934ED80,child,8,F4:2D:C9:73:E6:19,-96,88,236,236,0,0,0,0,0
386009636,NODE_B4BFE934ED80,child,8,F4:2D:C9:73:E6:19,-96,88,236,236,0,0,0,0,0
386109624,NODE_B4BFE934ED80,child,8,F4:2D:C9:73:E6:19,-96,88,236,236,0,0,0,0,0
386209633,NODE_B4BFE934ED80,child,8,F4:2D:C9:73:E6:19,-94,88,236,236,0,0,0,0,0
386309624,NODE_B4BFE934ED80,child,8,F4:2D:C9:73:E6:19,-94,88,236,236,0,0,0,0,0
386409628,NODE_B4BFE934ED80,child,8,F4:2D:C9:73:E6:19,-94,88,236,236,0,0,0,0,0
386509629,NODE_B4BFE934ED80,child,8,F4:2D:C9:73:E6:19,-94,88,236,236,0,0,0,0,0
386609636,NODE_B4BFE934ED80,child,8,F4:2D:C9:73:E6:19,-94,88,236,236,0,0,0,0,0
386709624,NODE_B4BFE934ED80,child,8,F4:2D:C9:73:E6:19,-94,88,236,236,0,0,0,0,0
386809633,NODE_B4BFE934ED80,child,8,F4:2D:C9:73:E6:19,-94,88,237,237,0,0,0,0,0
386909624,NODE_B4BFE934ED80,child,8,F4:2D:C9:73:E6:19,-94,88,237,237,0,0,0,0,0
387009628,NODE_B4BFE934ED80,child,8,F4:2D:C9:73:E6:19,-94,88,237,237,0,0,0,0,0
387109625,NODE_B4BFE934ED80,child,8,F4:2D:C9:73:E6:19,-94,88,237,237,0,0,0,0,0
387209636,NODE_B4BFE934ED80,child,8,F4:2D:C9:73:E6:19,-98,88,237,237,0,0,0,0,0
387309632,NODE_B4BFE934ED80,child,8,F4:2D:C9:73:E6:19,-98,88,237,237,0,0,0,0,0
387409625,NODE_B4BFE934ED80,child,8,F4:2D:C9:73:E6:19,-98,88,237,237,0,0,0,0,0
387509624,NODE_B4BFE934ED80,child,8,F4:2D:C9:73:E6:19,-98,88,237,237,0,0,0,0,0
387609624,NODE_B4BFE934ED80,child,8,F4:2D:C9:73:E6:19,-98,88,237,237,0,0,0,0,0
387709625,NODE_B4BFE934ED80,child,8,F4:2D:C9:73:E6:19,-98,88,237,237,0,0,0,0,0
387809636,NODE_B4BFE934ED80,child,8,F4:2D:C9:73:E6:19,-98,88,238,238,0,0,0,0,0
387909624,NODE_B4BFE934ED80,child,8,F4:2D:C9:73:E6:19,-98,88,238,238,0,0,0,0,0
388009637,NODE_B4BFE934ED80,child,8,F4:2D:C9:73:E6:19,-98,88,238,238,0,0,0,0,0
388109624,NODE_B4BFE934ED80,child,8,F4:2D:C9:73:E6:19,-98,88,238,238,0,0,0,0,0
388209640,NODE_B4BFE934ED80,child,8,F4:2D:C9:73:E6:19,-98,88,238,238,0,0,0,0,0
388309629,NODE_B4BFE934ED80,child,8,F4:2D:C9:73:E6:19,-98,88,238,238,0,0,0,0,0
388409625,NODE_B4BFE934ED80,child,8,F4:2D:C9:73:E6:19,-98,88,238,238,0,0,0,0,0
388509624,NODE_B4BFE934ED80,child,8,F4:2D:C9:73:E6:19,-98,88,238,238,0,0,0,0,0
388609641,NODE_B4BFE934ED80,child,8,F4:2D:C9:73:E6:19,-98,88,238,238,0,0,0,0,0
388709624,NODE_B4BFE934ED80,child,8,F4:2D:C9:73:E6:19,-98,88,238,238,0,0,0,0,0
388809632,NODE_B4BFE934ED80,child,8,F4:2D:C9:73:E6:19,-98,88,239,239,0,0,0,0,0
388909625,NODE_B4BFE934ED80,child,8,F4:2D:C9:73:E6:19,-98,88,239,239,0,0,0,0,0
389009628,NODE_B4BFE934ED80,child,8,F4:2D:C9:73:E6:19,-98,88,239,239,0,0,0,0,0
389109636,NODE_B4BFE934ED80,child,8,F4:2D:C9:73:E6:19,-98,88,239,239,0,0,0,0,0
389209625,NODE_B4BFE934ED80,child,8,F4:2D:C9:73:E6:19,-98,88,239,239,0,0,0,0,0
389309632,NODE_B4BFE934ED80,child,8,F4:2D:C9:73:E6:19,-94,88,239,239,0,0,0,0,0
389409624,NODE_B4BFE934ED80,child,8,F4:2D:C9:73:E6:19,-94,88,239,239,0,0,0,0,0
389509625,NODE_B4BFE934ED80,child,8,F4:2D:C9:73:E6:19,-94,88,239,239,0,0,0,0,0
389609624,NODE_B4BFE934ED80,child,8,F4:2D:C9:73:E6:19,-94,88,239,239,0,0,0,0,0
389709628,NODE_B4BFE934ED80,child,8,F4:2D:C9:73:E6:19,-94,88,239,239,0,0,0,0,0
389809629,NODE_B4BFE934ED80,child,8,F4:2D:C9:73:E6:19,-94,88,240,240,0,0,0,0,0
389909632,NODE_B4BFE934ED80,child,8,F4:2D:C9:73:E6:19,-94,88,240,240,0,0,0,0,0
390009628,NODE_B4BFE934ED80,child,8,F4:2D:C9:73:E6:19,-94,88,240,240,0,0,0,0,0
390109629,NODE_B4BFE934ED80,child,8,F4:2D:C9:73:E6:19,-94,88,240,240,0,0,0,0,0
390209624,NODE_B4BFE934ED80,child,8,F4:2D:C9:73:E6:19,-94,88,240,240,0,0,0,0,0
390309628,NODE_B4BFE934ED80,child,8,F4:2D:C9:73:E6:19,-94,88,240,240,0,0,0,0,0
390409625,NODE_B4BFE934ED80,child,8,F4:2D:C9:73:E6:19,-94,88,240,240,0,0,0,0,0
390509636,NODE_B4BFE934ED80,child,8,F4:2D:C9:73:E6:19,-94,88,240,240,0,0,0,0,0
390609624,NODE_B4BFE934ED80,child,8,F4:2D:C9:73:E6:19,-94,88,240,240,0,0,0,0,0
390709625,NODE_B4BFE934ED80,child,8,F4:2D:C9:73:E6:19,-94,88,240,240,0,0,0,0,0
390809628,NODE_B4BFE934ED80,child,8,F4:2D:C9:73:E6:19,-94,88,241,241,0,0,0,0,0
390909632,NODE_B4BFE934ED80,child,8,F4:2D:C9:73:E6:19,-94,88,241,241,0,0,0,0,0
391009629,NODE_B4BFE934ED80,child,8,F4:2D:C9:73:E6:19,-94,88,241,241,0,0,0,0,0
391109632,NODE_B4BFE934ED80,child,8,F4:2D:C9:73:E6:19,-94,88,241,241,0,0,0,0,0
391209624,NODE_B4BFE934ED80,child,8,F4:2D:C9:73:E6:19,-94,88,241,241,0,0,0,0,0
391309637,NODE_B4BFE934ED80,child,8,F4:2D:C9:73:E6:19,-95,88,241,241,0,0,0,0,0
391409628,NODE_B4BFE934ED80,child,8,F4:2D:C9:73:E6:19,-95,88,241,241,0,0,0,0,0
391509628,NODE_B4BFE934ED80,child,8,F4:2D:C9:73:E6:19,-95,88,241,241,0,0,0,0,0
391609641,NODE_B4BFE934ED80,child,8,F4:2D:C9:73:E6:19,-95,88,241,241,0,0,0,0,0
391709624,NODE_B4BFE934ED80,child,8,F4:2D:C9:73:E6:19,-95,88,241,241,0,0,0,0,0
391809628,NODE_B4BFE934ED80,child,8,F4:2D:C9:73:E6:19,-95,88,242,242,0,0,0,0,0
391909629,NODE_B4BFE934ED80,child,8,F4:2D:C9:73:E6:19,-95,88,242,242,0,0,0,0,0
392009628,NODE_B4BFE934ED80,child,8,F4:2D:C9:73:E6:19,-95,88,242,242,0,0,0,0,0
392109624,NODE_B4BFE934ED80,child,8,F4:2D:C9:73:E6:19,-95,88,242,242,0,0,0,0,0
392209629,NODE_B4BFE934ED80,child,8,F4:2D:C9:73:E6:19,-95,88,242,242,0,0,0,0,0
392309632,NODE_B4BFE934ED80,child,8,F4:2D:C9:73:E6:19,-94,88,242,242,0,0,0,0,0
392409624,NODE_B4BFE934ED80,child,8,F4:2D:C9:73:E6:19,-94,88,242,242,0,0,0,0,0
392509629,NODE_B4BFE934ED80,child,8,F4:2D:C9:73:E6:19,-94,88,242,242,0,0,0,0,0
392609624,NODE_B4BFE934ED80,child,8,F4:2D:C9:73:E6:19,-94,88,242,242,0,0,0,0,0
392709624,NODE_B4BFE934ED80,child,8,F4:2D:C9:73:E6:19,-94,88,242,242,0,0,0,0,0
392809625,NODE_B4BFE934ED80,child,8,F4:2D:C9:73:E6:19,-94,88,243,243,0,0,0,0,0
392909628,NODE_B4BFE934ED80,child,8,F4:2D:C9:73:E6:19,-94,88,243,243,0,0,0,0,0
393009628,NODE_B4BFE934ED80,child,8,F4:2D:C9:73:E6:19,-94,88,243,243,0,0,0,0,0
393109633,NODE_B4BFE934ED80,child,8,F4:2D:C9:73:E6:19,-94,88,243,243,0,0,0,0,0
393209628,NODE_B4BFE934ED80,child,8,F4:2D:C9:73:E6:19,-94,88,243,243,0,0,0,0,0
393309928,NODE_B4BFE934ED80,child,8,F4:2D:C9:73:E6:19,-94,88,243,243,0,0,0,0,0
393409625,NODE_B4BFE934ED80,child,8,F4:2D:C9:73:E6:19,-94,88,243,243,0,0,0,0,0
393509624,NODE_B4BFE934ED80,child,8,F4:2D:C9:73:E6:19,-94,88,243,243,0,0,0,0,0
393609624,NODE_B4BFE934ED80,child,8,F4:2D:C9:73:E6:19,-94,88,243,243,0,0,0,0,0
393709625,NODE_B4BFE934ED80,child,8,F4:2D:C9:73:E6:19,-94,88,243,243,0,0,0,0,0
393809632,NODE_B4BFE934ED80,child,8,F4:2D:C9:73:E6:19,-94,88,244,244,0,0,0,0,0
393909624,NODE_B4BFE934ED80,child,8,F4:2D:C9:73:E6:19,-94,88,244,244,0,0,0,0,0
394009633,NODE_B4BFE934ED80,child,8,F4:2D:C9:73:E6:19,-94,88,244,244,0,0,0,0,0
394109624,NODE_B4BFE934ED80,child,8,F4:2D:C9:73:E6:19,-94,88,244,244,0,0,0,0,0
394209628,NODE_B4BFE934ED80,child,8,F4:2D:C9:73:E6:19,-94,88,244,244,0,0,0,0,0
394309625,NODE_B4BFE934ED80,child,8,F4:2D:C9:73:E6:19,-94,88,244,244,0,0,0,0,0
394409632,NODE_B4BFE934ED80,child,8,F4:2D:C9:73:E6:19,-95,88,244,244,0,0,0,0,0
394509632,NODE_B4BFE934ED80,child,8,F4:2D:C9:73:E6:19,-95,88,244,244,0,0,0,0,0
394609629,NODE_B4BFE934ED80,child,8,F4:2D:C9:73:E6:19,-95,88,244,244,0,0,0,0,0
394709624,NODE_B4BFE934ED80,child,8,F4:2D:C9:73:E6:19,-95,88,244,244,0,0,0,0,0
394809628,NODE_B4BFE934ED80,child,8,F4:2D:C9:73:E6:19,-95,88,245,245,0,0,0,0,0
394909629,NODE_B4BFE934ED80,child,8,F4:2D:C9:73:E6:19,-95,88,245,245,0,0,0,0,0
395009640,NODE_B4BFE934ED80,child,8,F4:2D:C9:73:E6:19,-95,88,245,245,0,0,0,0,0
395109624,NODE_B4BFE934ED80,child,8,F4:2D:C9:73:E6:19,-95,88,245,245,0,0,0,0,0
395209625,NODE_B4BFE934ED80,child,8,F4:2D:C9:73:E6:19,-95,88,245,245,0,0,0,0,0
395309624,NODE_B4BFE934ED80,child,8,F4:2D:C9:73:E6:19,-95,88,245,245,0,0,0,0,0
395409636,NODE_B4BFE934ED80,child,8,F4:2D:C9:73:E6:19,-98,88,245,245,0,0,0,0,0
395509625,NODE_B4BFE934ED80,child,8,F4:2D:C9:73:E6:19,-98,88,245,245,0,0,0,0,0
395609632,NODE_B4BFE934ED80,child,8,F4:2D:C9:73:E6:19,-98,88,245,245,0,0,0,0,0
395709624,NODE_B4BFE934ED80,child,8,F4:2D:C9:73:E6:19,-98,88,245,245,0,0,0,0,0
395809629,NODE_B4BFE934ED80,child,8,F4:2D:C9:73:E6:19,-98,88,246,246,0,0,0,0,0
395909624,NODE_B4BFE934ED80,child,8,F4:2D:C9:73:E6:19,-98,88,246,246,0,0,0,0,0
396009636,NODE_B4BFE934ED80,child,8,F4:2D:C9:73:E6:19,-98,88,246,246,0,0,0,0,0
396109625,NODE_B4BFE934ED80,child,8,F4:2D:C9:73:E6:19,-98,88,246,246,0,0,0,0,0
396209624,NODE_B4BFE934ED80,child,8,F4:2D:C9:73:E6:19,-98,88,246,246,0,0,0,0,0
396309632,NODE_B4BFE934ED80,child,8,F4:2D:C9:73:E6:19,-98,88,246,246,0,0,0,0,0
396409633,NODE_B4BFE934ED80,child,8,F4:2D:C9:73:E6:19,-98,88,246,246,0,0,0,0,0
396509624,NODE_B4BFE934ED80,child,8,F4:2D:C9:73:E6:19,-98,88,246,246,0,0,0,0,0
396609628,NODE_B4BFE934ED80,child,8,F4:2D:C9:73:E6:19,-98,88,246,246,0,0,0,0,0
396709625,NODE_B4BFE934ED80,child,8,F4:2D:C9:73:E6:19,-98,88,246,246,0,0,0,0,0
396809628,NODE_B4BFE934ED80,child,8,F4:2D:C9:73:E6:19,-98,88,247,247,0,0,0,0,0
396909772,NODE_B4BFE934ED80,child,8,F4:2D:C9:73:E6:19,-98,88,247,247,0,0,0,0,0
397009641,NODE_B4BFE934ED80,child,8,F4:2D:C9:73:E6:19,-98,88,247,247,0,0,0,0,0
397109628,NODE_B4BFE934ED80,child,8,F4:2D:C9:73:E6:19,-98,88,247,247,0,0,0,0,0
397209624,NODE_B4BFE934ED80,child,8,F4:2D:C9:73:E6:19,-98,88,247,247,0,0,0,0,0
397309629,NODE_B4BFE934ED80,child,8,F4:2D:C9:73:E6:19,-98,88,247,247,0,0,0,0,0
397409636,NODE_B4BFE934ED80,child,8,F4:2D:C9:73:E6:19,-95,88,247,247,0,0,0,0,0
397509624,NODE_B4BFE934ED80,child,8,F4:2D:C9:73:E6:19,-95,88,247,247,0,0,0,0,0
397609637,NODE_B4BFE934ED80,child,8,F4:2D:C9:73:E6:19,-95,88,247,247,0,0,0,0,0
397709624,NODE_B4BFE934ED80,child,8,F4:2D:C9:73:E6:19,-95,88,247,247,0,0,0,0,0
397809624,NODE_B4BFE934ED80,child,8,F4:2D:C9:73:E6:19,-95,88,248,248,0,0,0,0,0
397909625,NODE_B4BFE934ED80,child,8,F4:2D:C9:73:E6:19,-95,88,248,248,0,0,0,0,0
398009628,NODE_B4BFE934ED80,child,8,F4:2D:C9:73:E6:19,-95,88,248,248,0,0,0,0,0
398109636,NODE_B4BFE934ED80,child,8,F4:2D:C9:73:E6:19,-95,88,248,248,0,0,0,0,0
398209633,NODE_B4BFE934ED80,child,8,F4:2D:C9:73:E6:19,-95,88,248,248,0,0,0,0,0
398309632,NODE_B4BFE934ED80,child,8,F4:2D:C9:73:E6:19,-95,88,248,248,0,0,0,0,0
398409624,NODE_B4BFE934ED80,child,8,F4:2D:C9:73:E6:19,-95,88,248,248,0,0,0,0,0
398509629,NODE_B4BFE934ED80,child,8,F4:2D:C9:73:E6:19,-95,88,248,248,0,0,0,0,0
398609624,NODE_B4BFE934ED80,child,8,F4:2D:C9:73:E6:19,-95,88,248,248,0,0,0,0,0
398709624,NODE_B4BFE934ED80,child,8,F4:2D:C9:73:E6:19,-95,88,248,248,0,0,0,0,0
398809629,NODE_B4BFE934ED80,child,8,F4:2D:C9:73:E6:19,-95,88,249,249,0,0,0,0,0
398909624,NODE_B4BFE934ED80,child,8,F4:2D:C9:73:E6:19,-95,88,249,249,0,0,0,0,0
399009632,NODE_B4BFE934ED80,child,8,F4:2D:C9:73:E6:19,-95,88,249,249,0,0,0,0,0
399109629,NODE_B4BFE934ED80,child,8,F4:2D:C9:73:E6:19,-95,88,249,249,0,0,0,0,0
399209624,NODE_B4BFE934ED80,child,8,F4:2D:C9:73:E6:19,-95,88,249,249,0,0,0,0,0
399309624,NODE_B4BFE934ED80,child,8,F4:2D:C9:73:E6:19,-95,88,249,249,0,0,0,0,0
399409629,NODE_B4BFE934ED80,child,8,F4:2D:C9:73:E6:19,-95,88,249,249,0,0,0,0,0
399509632,NODE_B4BFE934ED80,child,8,F4:2D:C9:73:E6:19,-96,88,249,249,0,0,0,0,0
399609632,NODE_B4BFE934ED80,child,8,F4:2D:C9:73:E6:19,-96,88,249,249,0,0,0,0,0
399709633,NODE_B4BFE934ED80,child,8,F4:2D:C9:73:E6:19,-96,88,249,249,0,0,0,0,0
399809628,NODE_B4BFE934ED80,child,8,F4:2D:C9:73:E6:19,-96,88,250,250,0,0,0,0,0
399909628,NODE_B4BFE934ED80,child,8,F4:2D:C9:73:E6:19,-96,88,250,250,0,0,0,0,0
400009629,NODE_B4BFE934ED80,child,8,F4:2D:C9:73:E6:19,-96,88,250,250,0,0,0,0,0
400109632,NODE_B4BFE934ED80,child,8,F4:2D:C9:73:E6:19,-96,88,250,250,0,0,0,0,0
400209624,NODE_B4BFE934ED80,child,8,F4:2D:C9:73:E6:19,-96,88,250,250,0,0,0,0,0
400309633,NODE_B4BFE934ED80,child,8,F4:2D:C9:73:E6:19,-96,88,250,250,0,0,0,0,0
400409624,NODE_B4BFE934ED80,child,8,F4:2D:C9:73:E6:19,-96,88,250,250,0,0,0,0,0
400509636,NODE_B4BFE934ED80,child,8,F4:2D:C9:73:E6:19,-95,88,250,250,0,0,0,0,0
400609629,NODE_B4BFE934ED80,child,8,F4:2D:C9:73:E6:19,-95,88,250,250,0,0,0,0,0
400709624,NODE_B4BFE934ED80,child,8,F4:2D:C9:73:E6:19,-95,88,250,250,0,0,0,0,0
400809628,NODE_B4BFE934ED80,child,8,F4:2D:C9:73:E6:19,-95,88,251,251,0,0,0,0,0
400909625,NODE_B4BFE934ED80,child,8,F4:2D:C9:73:E6:19,-95,88,251,251,0,0,0,0,0
401009628,NODE_B4BFE934ED80,child,8,F4:2D:C9:73:E6:19,-95,88,251,251,0,0,0,0,0
401109632,NODE_B4BFE934ED80,child,8,F4:2D:C9:73:E6:19,-95,88,251,251,0,0,0,0,0
401209766,NODE_B4BFE934ED80,child,8,F4:2D:C9:73:E6:19,-95,88,251,251,0,0,0,0,0
401309624,NODE_B4BFE934ED80,child,8,F4:2D:C9:73:E6:19,-95,88,251,251,0,0,0,0,0
401409628,NODE_B4BFE934ED80,child,8,F4:2D:C9:73:E6:19,-95,88,251,251,0,0,0,0,0
401509645,NODE_B4BFE934ED80,child,8,F4:2D:C9:73:E6:19,-95,88,251,251,0,0,0,0,0
401609632,NODE_B4BFE934ED80,child,8,F4:2D:C9:73:E6:19,-95,88,251,251,0,0,0,0,0
401709624,NODE_B4BFE934ED80,child,8,F4:2D:C9:73:E6:19,-95,88,251,251,0,0,0,0,0
401809629,NODE_B4BFE934ED80,child,8,F4:2D:C9:73:E6:19,-95,88,252,252,0,0,0,0,0
401909624,NODE_B4BFE934ED80,child,8,F4:2D:C9:73:E6:19,-95,88,252,252,0,0,0,0,0
402009628,NODE_B4BFE934ED80,child,8,F4:2D:C9:73:E6:19,-95,88,252,252,0,0,0,0,0
402109637,NODE_B4BFE934ED80,child,8,F4:2D:C9:73:E6:19,-95,88,252,252,0,0,0,0,0
402209624,NODE_B4BFE934ED80,child,8,F4:2D:C9:73:E6:19,-95,88,252,252,0,0,0,0,0
402309632,NODE_B4BFE934ED80,child,8,F4:2D:C9:73:E6:19,-95,88,252,252,0,0,0,0,0
402409629,NODE_B4BFE934ED80,child,8,F4:2D:C9:73:E6:19,-95,88,252,252,0,0,0,0,0
402509628,NODE_B4BFE934ED80,child,8,F4:2D:C9:73:E6:19,-95,88,252,252,0,0,0,0,0
402609632,NODE_B4BFE934ED80,child,8,F4:2D:C9:73:E6:19,-95,88,252,252,0,0,0,0,0
402709625,NODE_B4BFE934ED80,child,8,F4:2D:C9:73:E6:19,-95,88,252,252,0,0,0,0,0
402809632,NODE_B4BFE934ED80,child,8,F4:2D:C9:73:E6:19,-95,88,252,252,0,0,0,0,0
402909628,NODE_B4BFE934ED80,child,8,F4:2D:C9:73:E6:19,-95,88,253,253,0,0,0,0,0
403009629,NODE_B4BFE934ED80,child,8,F4:2D:C9:73:E6:19,-95,88,253,253,0,0,0,0,0
403109624,NODE_B4BFE934ED80,child,8,F4:2D:C9:73:E6:19,-95,88,253,253,0,0,0,0,0
403209628,NODE_B4BFE934ED80,child,8,F4:2D:C9:73:E6:19,-95,88,253,253,0,0,0,0,0
403309637,NODE_B4BFE934ED80,child,8,F4:2D:C9:73:E6:19,-95,88,253,253,0,0,0,0,0
403409624,NODE_B4BFE934ED80,child,8,F4:2D:C9:73:E6:19,-95,88,253,253,0,0,0,0,0
403509818,NODE_B4BFE934ED80,child,8,F4:2D:C9:73:E6:19,-95,88,253,253,0,0,0,0,0
403609633,NODE_B4BFE934ED80,child,8,F4:2D:C9:73:E6:19,-95,88,253,253,0,0,0,0,0
403709624,NODE_B4BFE934ED80,child,8,F4:2D:C9:73:E6:19,-95,88,253,253,0,0,0,0,0
403809632,NODE_B4BFE934ED80,child,8,F4:2D:C9:73:E6:19,-95,88,253,253,0,0,0,0,0
403909629,NODE_B4BFE934ED80,child,8,F4:2D:C9:73:E6:19,-95,88,254,254,0,0,0,0,0
404009628,NODE_B4BFE934ED80,child,8,F4:2D:C9:73:E6:19,-95,88,254,254,0,0,0,0,0
404109632,NODE_B4BFE934ED80,child,8,F4:2D:C9:73:E6:19,-95,88,254,254,0,0,0,0,0
404209629,NODE_B4BFE934ED80,child,8,F4:2D:C9:73:E6:19,-95,88,254,254,0,0,0,0,0
404309624,NODE_B4BFE934ED80,child,8,F4:2D:C9:73:E6:19,-95,88,254,254,0,0,0,0,0
404409624,NODE_B4BFE934ED80,child,8,F4:2D:C9:73:E6:19,-95,88,254,254,0,0,0,0,0
404509629,NODE_B4BFE934ED80,child,8,F4:2D:C9:73:E6:19,-95,88,254,254,0,0,0,0,0
404609632,NODE_B4BFE934ED80,child,8,F4:2D:C9:73:E6:19,-93,88,254,254,0,0,0,0,0
404709624,NODE_B4BFE934ED80,child,8,F4:2D:C9:73:E6:19,-93,88,254,254,0,0,0,0,0
404809637,NODE_B4BFE934ED80,child,8,F4:2D:C9:73:E6:19,-93,88,254,254,0,0,0,0,0
404909628,NODE_B4BFE934ED80,child,8,F4:2D:C9:73:E6:19,-93,88,255,255,0,0,0,0,0
405009628,NODE_B4BFE934ED80,child,8,F4:2D:C9:73:E6:19,-93,88,255,255,0,0,0,0,0
405109625,NODE_B4BFE934ED80,child,8,F4:2D:C9:73:E6:19,-93,88,255,255,0,0,0,0,0
405209632,NODE_B4BFE934ED80,child,8,F4:2D:C9:73:E6:19,-93,88,255,255,0,0,0,0,0
405309624,NODE_B4BFE934ED80,child,8,F4:2D:C9:73:E6:19,-93,88,255,255,0,0,0,0,0
405409625,NODE_B4BFE934ED80,child,8,F4:2D:C9:73:E6:19,-93,88,255,255,0,0,0,0,0
405509632,NODE_B4BFE934ED80,child,8,F4:2D:C9:73:E6:19,-93,88,255,255,0,0,0,0,0
405609632,NODE_B4BFE934ED80,child,8,F4:2D:C9:73:E6:19,-97,88,255,255,0,0,0,0,0
405709625,NODE_B4BFE934ED80,child,8,F4:2D:C9:73:E6:19,-97,88,255,255,0,0,0,0,0
405809624,NODE_B4BFE934ED80,child,8,F4:2D:C9:73:E6:19,-97,88,255,255,0,0,0,0,0
405909628,NODE_B4BFE934ED80,child,8,F4:2D:C9:73:E6:19,-97,88,256,256,0,0,0,0,0
406009629,NODE_B4BFE934ED80,child,8,F4:2D:C9:73:E6:19,-97,88,256,256,0,0,0,0,0
406109632,NODE_B4BFE934ED80,child,8,F4:2D:C9:73:E6:19,-97,88,256,256,0,0,0,0,0
406209628,NODE_B4BFE934ED80,child,8,F4:2D:C9:73:E6:19,-97,88,256,256,0,0,0,0,0
406309625,NODE_B4BFE934ED80,child,8,F4:2D:C9:73:E6:19,-97,88,256,256,0,0,0,0,0
406409624,NODE_B4BFE934ED80,child,8,F4:2D:C9:73:E6:19,-97,88,256,256,0,0,0,0,0
406509632,NODE_B4BFE934ED80,child,8,F4:2D:C9:73:E6:19,-97,88,256,256,0,0,0,0,0
406609637,NODE_B4BFE934ED80,child,8,F4:2D:C9:73:E6:19,-97,88,256,256,0,0,0,0,0
406709636,NODE_B4BFE934ED80,child,8,F4:2D:C9:73:E6:19,-97,88,256,256,0,0,0,0,0
406809628,NODE_B4BFE934ED80,child,8,F4:2D:C9:73:E6:19,-97,88,256,256,0,0,0,0,0
406909629,NODE_B4BFE934ED80,child,8,F4:2D:C9:73:E6:19,-97,88,257,257,0,0,0,0,0
407009628,NODE_B4BFE934ED80,child,8,F4:2D:C9:73:E6:19,-97,88,257,257,0,0,0,0,0
407109624,NODE_B4BFE934ED80,child,8,F4:2D:C9:73:E6:19,-97,88,257,257,0,0,0,0,0
407209625,NODE_B4BFE934ED80,child,8,F4:2D:C9:73:E6:19,-97,88,257,257,0,0,0,0,0
407309644,NODE_B4BFE934ED80,child,8,F4:2D:C9:73:E6:19,-97,88,257,257,0,0,0,0,0
407409624,NODE_B4BFE934ED80,child,8,F4:2D:C9:73:E6:19,-97,88,257,257,0,0,0,0,0
407509629,NODE_B4BFE934ED80,child,8,F4:2D:C9:73:E6:19,-97,88,257,257,0,0,0,0,0
407609624,NODE_B4BFE934ED80,child,8,F4:2D:C9:73:E6:19,-97,88,257,257,0,0,0,0,0
407709632,NODE_B4BFE934ED80,child,8,F4:2D:C9:73:E6:19,-97,88,257,257,0,0,0,0,0
407809625,NODE_B4BFE934ED80,child,8,F4:2D:C9:73:E6:19,-97,88,257,257,0,0,0,0,0
407909628,NODE_B4BFE934ED80,child,8,F4:2D:C9:73:E6:19,-97,88,258,258,0,0,0,0,0
408009632,NODE_B4BFE934ED80,child,8,F4:2D:C9:73:E6:19,-97,88,258,258,0,0,0,0,0
408109625,NODE_B4BFE934ED80,child,8,F4:2D:C9:73:E6:19,-97,88,258,258,0,0,0,0,0
408209632,NODE_B4BFE934ED80,child,8,F4:2D:C9:73:E6:19,-97,88,258,258,0,0,0,0,0
408309632,NODE_B4BFE934ED80,child,8,F4:2D:C9:73:E6:19,-97,88,258,258,0,0,0,0,0
408409625,NODE_B4BFE934ED80,child,8,F4:2D:C9:73:E6:19,-97,88,258,258,0,0,0,0,0
408509624,NODE_B4BFE934ED80,child,8,F4:2D:C9:73:E6:19,-97,88,258,258,0,0,0,0,0
408609636,NODE_B4BFE934ED80,child,8,F4:2D:C9:73:E6:19,-97,88,258,258,0,0,0,0,0
408709629,NODE_B4BFE934ED80,child,8,F4:2D:C9:73:E6:19,-97,88,258,258,0,0,0,0,0
408809624,NODE_B4BFE934ED80,child,8,F4:2D:C9:73:E6:19,-97,88,258,258,0,0,0,0,0
408909628,NODE_B4BFE934ED80,child,8,F4:2D:C9:73:E6:19,-97,88,259,259,0,0,0,0,0
409009629,NODE_B4BFE934ED80,child,8,F4:2D:C9:73:E6:19,-97,88,259,259,0,0,0,0,0
409109624,NODE_B4BFE934ED80,child,8,F4:2D:C9:73:E6:19,-97,88,259,259,0,0,0,0,0
409209624,NODE_B4BFE934ED80,child,8,F4:2D:C9:73:E6:19,-97,88,259,259,0,0,0,0,0
409309637,NODE_B4BFE934ED80,child,8,F4:2D:C9:73:E6:19,-97,88,259,259,0,0,0,0,0
409409624,NODE_B4BFE934ED80,child,8,F4:2D:C9:73:E6:19,-97,88,259,259,0,0,0,0,0
409509624,NODE_B4BFE934ED80,child,8,F4:2D:C9:73:E6:19,-97,88,259,259,0,0,0,0,0
409609633,NODE_B4BFE934ED80,child,8,F4:2D:C9:73:E6:19,-97,88,259,259,0,0,0,0,0
409709745,NODE_B4BFE934ED80,child,8,F4:2D:C9:73:E6:19,-96,88,259,259,0,0,0,0,0
409809624,NODE_B4BFE934ED80,child,8,F4:2D:C9:73:E6:19,-96,88,259,259,0,0,0,0,0
409909629,NODE_B4BFE934ED80,child,8,F4:2D:C9:73:E6:19,-96,88,260,260,0,0,0,0,0
410009636,NODE_B4BFE934ED80,child,8,F4:2D:C9:73:E6:19,-96,88,260,260,0,0,0,0,0
410109624,NODE_B4BFE934ED80,child,8,F4:2D:C9:73:E6:19,-96,88,260,260,0,0,0,0,0
410209625,NODE_B4BFE934ED80,child,8,F4:2D:C9:73:E6:19,-96,88,260,260,0,0,0,0,0
410309628,NODE_B4BFE934ED80,child,8,F4:2D:C9:73:E6:19,-96,88,260,260,0,0,0,0,0
410409624,NODE_B4BFE934ED80,child,8,F4:2D:C9:73:E6:19,-96,88,260,260,0,0,0,0,0
410509625,NODE_B4BFE934ED80,child,8,F4:2D:C9:73:E6:19,-96,88,260,260,0,0,0,0,0
410609636,NODE_B4BFE934ED80,child,8,F4:2D:C9:73:E6:19,-96,88,260,260,0,0,0,0,0
410709624,NODE_B4BFE934ED80,child,8,F4:2D:C9:73:E6:19,-96,88,260,260,0,0,0,0,0
410809625,NODE_B4BFE934ED80,child,8,F4:2D:C9:73:E6:19,-96,88,260,260,0,0,0,0,0
410909628,NODE_B4BFE934ED80,child,8,F4:2D:C9:73:E6:19,-96,88,260,260,0,0,0,0,0
411009632,NODE_B4BFE934ED80,child,8,F4:2D:C9:73:E6:19,-96,88,261,261,0,0,0,0,0
411109625,NODE_B4BFE934ED80,child,8,F4:2D:C9:73:E6:19,-96,88,261,261,0,0,0,0,0
411209624,NODE_B4BFE934ED80,child,8,F4:2D:C9:73:E6:19,-96,88,261,261,0,0,0,0,0
411309632,NODE_B4BFE934ED80,child,8,F4:2D:C9:73:E6:19,-96,88,261,261,0,0,0,0,0
411409629,NODE_B4BFE934ED80,child,8,F4:2D:C9:73:E6:19,-96,88,261,261,0,0,0,0,0
411509624,NODE_B4BFE934ED80,child,8,F4:2D:C9:73:E6:19,-96,88,261,261,0,0,0,0,0
411609632,NODE_B4BFE934ED80,child,8,F4:2D:C9:73:E6:19,-96,88,261,261,0,0,0,0,0
411709629,NODE_B4BFE934ED80,child,8,F4:2D:C9:73:E6:19,-96,88,261,261,0,0,0,0,0
411809628,NODE_B4BFE934ED80,child,8,F4:2D:C9:73:E6:19,-95,88,261,261,0,0,0,0,0
411909624,NODE_B4BFE934ED80,child,8,F4:2D:C9:73:E6:19,-95,88,261,261,0,0,0,0,0
412009633,NODE_B4BFE934ED80,child,8,F4:2D:C9:73:E6:19,-95,88,262,262,0,0,0,0,0
412109628,NODE_B4BFE934ED80,child,8,F4:2D:C9:73:E6:19,-95,88,262,262,0,0,0,0,0
412209624,NODE_B4BFE934ED80,child,8,F4:2D:C9:73:E6:19,-95,88,262,262,0,0,0,0,0
412309625,NODE_B4BFE934ED80,child,8,F4:2D:C9:73:E6:19,-95,88,262,262,0,0,0,0,0
412409628,NODE_B4BFE934ED80,child,8,F4:2D:C9:73:E6:19,-95,88,262,262,0,0,0,0,0
412509624,NODE_B4BFE934ED80,child,8,F4:2D:C9:73:E6:19,-95,88,262,262,0,0,0,0,0
412609629,NODE_B4BFE934ED80,child,8,F4:2D:C9:73:E6:19,-95,88,262,262,0,0,0,0,0
412709628,NODE_B4BFE934ED80,child,8,F4:2D:C9:73:E6:19,-95,88,262,262,0,0,0,0,0
412809636,NODE_B4BFE934ED80,child,8,F4:2D:C9:73:E6:19,-94,88,262,262,0,0,0,0,0
412909625,NODE_B4BFE934ED80,child,8,F4:2D:C9:73:E6:19,-94,88,262,262,0,0,0,0,0
413009624,NODE_B4BFE934ED80,child,8,F4:2D:C9:73:E6:19,-94,88,263,263,0,0,0,0,0
413109632,NODE_B4BFE934ED80,child,8,F4:2D:C9:73:E6:19,-94,88,263,263,0,0,0,0,0
413209625,NODE_B4BFE934ED80,child,8,F4:2D:C9:73:E6:19,-94,88,263,263,0,0,0,0,0
413309628,NODE_B4BFE934ED80,child,8,F4:2D:C9:73:E6:19,-94,88,263,263,0,0,0,0,0
413409632,NODE_B4BFE934ED80,child,8,F4:2D:C9:73:E6:19,-94,88,263,263,0,0,0,0,0
413509625,NODE_B4BFE934ED80,child,8,F4:2D:C9:73:E6:19,-94,88,263,263,0,0,0,0,0
413609628,NODE_B4BFE934ED80,child,8,F4:2D:C9:73:E6:19,-94,88,263,263,0,0,0,0,0
413709624,NODE_B4BFE934ED80,child,8,F4:2D:C9:73:E6:19,-94,88,263,263,0,0,0,0,0
413809645,NODE_B4BFE934ED80,child,8,F4:2D:C9:73:E6:19,-93,88,263,263,0,0,0,0,0
413909624,NODE_B4BFE934ED80,child,8,F4:2D:C9:73:E6:19,-93,88,263,263,0,0,0,0,0
414009628,NODE_B4BFE934ED80,child,8,F4:2D:C9:73:E6:19,-93,88,264,264,0,0,0,0,0
414109625,NODE_B4BFE934ED80,child,8,F4:2D:C9:73:E6:19,-93,88,264,264,0,0,0,0,0
414209624,NODE_B4BFE934ED80,child,8,F4:2D:C9:73:E6:19,-93,88,264,264,0,0,0,0,0
414309624,NODE_B4BFE934ED80,child,8,F4:2D:C9:73:E6:19,-93,88,264,264,0,0,0,0,0
414409629,NODE_B4BFE934ED80,child,8,F4:2D:C9:73:E6:19,-93,88,264,264,0,0,0,0,0
414509632,NODE_B4BFE934ED80,child,8,F4:2D:C9:73:E6:19,-93,88,264,264,0,0,0,0,0
414609632,NODE_B4BFE934ED80,child,8,F4:2D:C9:73:E6:19,-93,88,264,264,0,0,0,0,0
414709625,NODE_B4BFE934ED80,child,8,F4:2D:C9:73:E6:19,-93,88,264,264,0,0,0,0,0
414809721,NODE_B4BFE934ED80,child,8,F4:2D:C9:73:E6:19,-95,88,264,264,0,0,0,0,0
414909628,NODE_B4BFE934ED80,child,8,F4:2D:C9:73:E6:19,-95,88,264,264,0,0,0,0,0
415009633,NODE_B4BFE934ED80,child,8,F4:2D:C9:73:E6:19,-95,88,265,265,0,0,0,0,0
415109636,NODE_B4BFE934ED80,child,8,F4:2D:C9:73:E6:19,-95,88,265,265,0,0,0,0,0
415209628,NODE_B4BFE934ED80,child,8,F4:2D:C9:73:E6:19,-95,88,265,265,0,0,0,0,0
415309625,NODE_B4BFE934ED80,child,8,F4:2D:C9:73:E6:19,-95,88,265,265,0,0,0,0,0
415409624,NODE_B4BFE934ED80,child,8,F4:2D:C9:73:E6:19,-95,88,265,265,0,0,0,0,0
415509785,NODE_B4BFE934ED80,child,8,F4:2D:C9:73:E6:19,-95,88,265,265,0,0,0,0,0
415609633,NODE_B4BFE934ED80,child,8,F4:2D:C9:73:E6:19,-95,88,265,265,0,0,0,0,0
415709624,NODE_B4BFE934ED80,child,8,F4:2D:C9:73:E6:19,-95,88,265,265,0,0,0,0,0
415809636,NODE_B4BFE934ED80,child,8,F4:2D:C9:73:E6:19,-95,88,265,265,0,0,0,0,0
415909633,NODE_B4BFE934ED80,child,8,F4:2D:C9:73:E6:19,-95,88,265,265,0,0,0,0,0
416009628,NODE_B4BFE934ED80,child,8,F4:2D:C9:73:E6:19,-95,88,266,266,0,0,0,0,0
416109628,NODE_B4BFE934ED80,child,8,F4:2D:C9:73:E6:19,-95,88,266,266,0,0,0,0,0
416209629,NODE_B4BFE934ED80,child,8,F4:2D:C9:73:E6:19,-95,88,266,266,0,0,0,0,0
416309624,NODE_B4BFE934ED80,child,8,F4:2D:C9:73:E6:19,-95,88,266,266,0,0,0,0,0
416409624,NODE_B4BFE934ED80,child,8,F4:2D:C9:73:E6:19,-95,88,266,266,0,0,0,0,0
416509641,NODE_B4BFE934ED80,child,8,F4:2D:C9:73:E6:19,-95,88,266,266,0,0,0,0,0
416609628,NODE_B4BFE934ED80,child,8,F4:2D:C9:73:E6:19,-95,88,266,266,0,0,0,0,0
416709628,NODE_B4BFE934ED80,child,8,F4:2D:C9:73:E6:19,-95,88,266,266,0,0,0,0,0
416809625,NODE_B4BFE934ED80,child,8,F4:2D:C9:73:E6:19,-95,88,266,266,0,0,0,0,0
416909640,NODE_B4BFE934ED80,child,8,F4:2D:C9:73:E6:19,-95,88,266,266,0,0,0,0,0
417009624,NODE_B4BFE934ED80,child,8,F4:2D:C9:73:E6:19,-95,88,267,267,0,0,0,0,0
417109637,NODE_B4BFE934ED80,child,8,F4:2D:C9:73:E6:19,-95,88,267,267,0,0,0,0,0
417209624,NODE_B4BFE934ED80,child,8,F4:2D:C9:73:E6:19,-95,88,267,267,0,0,0,0,0
417309624,NODE_B4BFE934ED80,child,8,F4:2D:C9:73:E6:19,-95,88,267,267,0,0,0,0,0
417409625,NODE_B4BFE934ED80,child,8,F4:2D:C9:73:E6:19,-95,88,267,267,0,0,0,0,0
417509628,NODE_B4BFE934ED80,child,8,F4:2D:C9:73:E6:19,-95,88,267,267,0,0,0,0,0
417609624,NODE_B4BFE934ED80,child,8,F4:2D:C9:73:E6:19,-95,88,267,267,0,0,0,0,0
417709625,NODE_B4BFE934ED80,child,8,F4:2D:C9:73:E6:19,-95,88,267,267,0,0,0,0,0
417809632,NODE_B4BFE934ED80,child,8,F4:2D:C9:73:E6:19,-95,88,267,267,0,0,0,0,0
417909632,NODE_B4BFE934ED80,child,8,F4:2D:C9:73:E6:19,-94,88,267,267,0,0,0,0,0
418009625,NODE_B4BFE934ED80,child,8,F4:2D:C9:73:E6:19,-94,88,268,268,0,0,0,0,0
418109624,NODE_B4BFE934ED80,child,8,F4:2D:C9:73:E6:19,-94,88,268,268,0,0,0,0,0
418209631,NODE_B4BFE934ED80,child,8,F4:2D:C9:73:E6:19,-94,88,268,268,0,0,0,0,0
418309625,NODE_B4BFE934ED80,child,8,F4:2D:C9:73:E6:19,-94,88,268,268,0,0,0,0,0
418409632,NODE_B4BFE934ED80,child,8,F4:2D:C9:73:E6:19,-94,88,268,268,0,0,0,0,0
418509636,NODE_B4BFE934ED80,child,8,F4:2D:C9:73:E6:19,-94,88,268,268,0,0,0,0,0
418609633,NODE_B4BFE934ED80,child,8,F4:2D:C9:73:E6:19,-94,88,268,268,0,0,0,0,0
418709628,NODE_B4BFE934ED80,child,8,F4:2D:C9:73:E6:19,-94,88,268,268,0,0,0,0,0
418809628,NODE_B4BFE934ED80,child,8,F4:2D:C9:73:E6:19,-94,88,268,268,0,0,0,0,0
418909633,NODE_B4BFE934ED80,child,8,F4:2D:C9:73:E6:19,-96,88,268,268,0,0,0,0,0
419009632,NODE_B4BFE934ED80,child,8,F4:2D:C9:73:E6:19,-96,88,269,269,0,0,0,0,0
419109624,NODE_B4BFE934ED80,child,8,F4:2D:C9:73:E6:19,-96,88,269,269,0,0,0,0,0
419209625,NODE_B4BFE934ED80,child,8,F4:2D:C9:73:E6:19,-96,88,269,269,0,0,0,0,0
419309624,NODE_B4BFE934ED80,child,8,F4:2D:C9:73:E6:19,-96,88,269,269,0,0,0,0,0
419409624,NODE_B4BFE934ED80,child,8,F4:2D:C9:73:E6:19,-96,88,269,269,0,0,0,0,0
419509625,NODE_B4BFE934ED80,child,8,F4:2D:C9:73:E6:19,-96,88,269,269,0,0,0,0,0
419609636,NODE_B4BFE934ED80,child,8,F4:2D:C9:73:E6:19,-96,88,269,269,0,0,0,0,0
419709624,NODE_B4BFE934ED80,child,8,F4:2D:C9:73:E6:19,-96,88,269,269,0,0,0,0,0
419809625,NODE_B4BFE934ED80,child,8,F4:2D:C9:73:E6:19,-96,88,269,269,0,0,0,0,0
419909624,NODE_B4BFE934ED80,child,8,F4:2D:C9:73:E6:19,-96,88,269,269,0,0,0,0,0
420009632,NODE_B4BFE934ED80,child,8,F4:2D:C9:73:E6:19,-93,88,270,270,0,0,0,0,0
420109633,NODE_B4BFE934ED80,child,8,F4:2D:C9:73:E6:19,-93,88,270,270,0,0,0,0,0
420209624,NODE_B4BFE934ED80,child,8,F4:2D:C9:73:E6:19,-93,88,270,270,0,0,0,0,0
420309632,NODE_B4BFE934ED80,child,8,F4:2D:C9:73:E6:19,-93,88,270,270,0,0,0,0,0
420409625,NODE_B4BFE934ED80,child,8,F4:2D:C9:73:E6:19,-93,88,270,270,0,0,0,0,0
420509624,NODE_B4BFE934ED80,child,8,F4:2D:C9:73:E6:19,-93,88,270,270,0,0,0,0,0
420609691,NODE_B4BFE934ED80,child,8,F4:2D:C9:73:E6:19,-93,88,270,270,0,0,0,0,0
420709629,NODE_B4BFE934ED80,child,8,F4:2D:C9:73:E6:19,-93,88,270,270,0,0,0,0,0
420809624,NODE_B4BFE934ED80,child,8,F4:2D:C9:73:E6:19,-93,88,270,270,0,0,0,0,0
420909624,NODE_B4BFE934ED80,child,8,F4:2D:C9:73:E6:19,-93,88,270,270,0,0,0,0,0
421009637,NODE_B4BFE934ED80,child,8,F4:2D:C9:73:E6:19,-94,88,271,271,0,0,0,0,0
421109624,NODE_B4BFE934ED80,child,8,F4:2D:C9:73:E6:19,-94,88,271,271,0,0,0,0,0
421209624,NODE_B4BFE934ED80,child,8,F4:2D:C9:73:E6:19,-94,88,271,271,0,0,0,0,0
421309625,NODE_B4BFE934ED80,child,8,F4:2D:C9:73:E6:19,-94,88,271,271,0,0,0,0,0
421409624,NODE_B4BFE934ED80,child,8,F4:2D:C9:73:E6:19,-94,88,271,271,0,0,0,0,0
421509624,NODE_B4BFE934ED80,child,8,F4:2D:C9:73:E6:19,-94,88,271,271,0,0,0,0,0
421609637,NODE_B4BFE934ED80,child,8,F4:2D:C9:73:E6:19,-94,88,271,271,0,0,0,0,0
421709624,NODE_B4BFE934ED80,child,8,F4:2D:C9:73:E6:19,-94,88,271,271,0,0,0,0,0
421809632,NODE_B4BFE934ED80,child,8,F4:2D:C9:73:E6:19,-94,88,271,271,0,0,0,0,0
421909625,NODE_B4BFE934ED80,child,8,F4:2D:C9:73:E6:19,-94,88,271,271,0,0,0,0,0
422009636,NODE_B4BFE934ED80,child,8,F4:2D:C9:73:E6:19,-95,88,272,272,0,0,0,0,0
422109624,NODE_B4BFE934ED80,child,8,F4:2D:C9:73:E6:19,-95,88,272,272,0,0,0,0,0
422209625,NODE_B4BFE934ED80,child,8,F4:2D:C9:73:E6:19,-95,88,272,272,0,0,0,0,0
422309632,NODE_B4BFE934ED80,child,8,F4:2D:C9:73:E6:19,-95,88,272,272,0,0,0,0,0
422409624,NODE_B4BFE934ED80,child,8,F4:2D:C9:73:E6:19,-95,88,272,272,0,0,0,0,0
422509625,NODE_B4BFE934ED80,child,8,F4:2D:C9:73:E6:19,-95,88,272,272,0,0,0,0,0
422609628,NODE_B4BFE934ED80,child,8,F4:2D:C9:73:E6:19,-95,88,272,272,0,0,0,0,0
422709624,NODE_B4BFE934ED80,child,8,F4:2D:C9:73:E6:19,-95,88,272,272,0,0,0,0,0
422809625,NODE_B4BFE934ED80,child,8,F4:2D:C9:73:E6:19,-95,88,272,272,0,0,0,0,0
422909628,NODE_B4BFE934ED80,child,8,F4:2D:C9:73:E6:19,-95,88,272,272,0,0,0,0,0
423009628,NODE_B4BFE934ED80,child,8,F4:2D:C9:73:E6:19,-95,88,273,273,0,0,0,0,0
423109629,NODE_B4BFE934ED80,child,8,F4:2D:C9:73:E6:19,-95,88,273,273,0,0,0,0,0
423209624,NODE_B4BFE934ED80,child,8,F4:2D:C9:73:E6:19,-95,88,273,273,0,0,0,0,0
423309632,NODE_B4BFE934ED80,child,8,F4:2D:C9:73:E6:19,-95,88,273,273,0,0,0,0,0
423409625,NODE_B4BFE934ED80,child,8,F4:2D:C9:73:E6:19,-95,88,273,273,0,0,0,0,0
423509628,NODE_B4BFE934ED80,child,8,F4:2D:C9:73:E6:19,-95,88,273,273,0,0,0,0,0
423609636,NODE_B4BFE934ED80,child,8,F4:2D:C9:73:E6:19,-95,88,273,273,0,0,0,0,0
423709629,NODE_B4BFE934ED80,child,8,F4:2D:C9:73:E6:19,-95,88,273,273,0,0,0,0,0
423809624,NODE_B4BFE934ED80,child,8,F4:2D:C9:73:E6:19,-95,88,273,273,0,0,0,0,0
423909628,NODE_B4BFE934ED80,child,8,F4:2D:C9:73:E6:19,-95,88,273,273,0,0,0,0,0
424009629,NODE_B4BFE934ED80,child,8,F4:2D:C9:73:E6:19,-95,88,274,274,0,0,0,0,0
424109632,NODE_B4BFE934ED80,child,8,F4:2D:C9:73:E6:19,-95,88,274,274,0,0,0,0,0
424209624,NODE_B4BFE934ED80,child,8,F4:2D:C9:73:E6:19,-95,88,274,274,0,0,0,0,0
424309625,NODE_B4BFE934ED80,child,8,F4:2D:C9:73:E6:19,-95,88,274,274,0,0,0,0,0
424409632,NODE_B4BFE934ED80,child,8,F4:2D:C9:73:E6:19,-95,88,274,274,0,0,0,0,0
424509624,NODE_B4BFE934ED80,child,8,F4:2D:C9:73:E6:19,-95,88,274,274,0,0,0,0,0
424609629,NODE_B4BFE934ED80,child,8,F4:2D:C9:73:E6:19,-95,88,274,274,0,0,0,0,0
424709628,NODE_B4BFE934ED80,child,8,F4:2D:C9:73:E6:19,-95,88,274,274,0,0,0,0,0
424809632,NODE_B4BFE934ED80,child,8,F4:2D:C9:73:E6:19,-95,88,274,274,0,0,0,0,0
424909625,NODE_B4BFE934ED80,child,8,F4:2D:C9:73:E6:19,-95,88,274,274,0,0,0,0,0
425009632,NODE_B4BFE934ED80,child,8,F4:2D:C9:73:E6:19,-95,88,275,275,0,0,0,0,0
425109640,NODE_B4BFE934ED80,child,8,F4:2D:C9:73:E6:19,-94,88,275,275,0,0,0,0,0
425209629,NODE_B4BFE934ED80,child,8,F4:2D:C9:73:E6:19,-94,88,275,275,0,0,0,0,0
425309624,NODE_B4BFE934ED80,child,8,F4:2D:C9:73:E6:19,-94,88,275,275,0,0,0,0,0
425409624,NODE_B4BFE934ED80,child,8,F4:2D:C9:73:E6:19,-94,88,275,275,0,0,0,0,0
425509633,NODE_B4BFE934ED80,child,8,F4:2D:C9:73:E6:19,-94,88,275,275,0,0,0,0,0
425609632,NODE_B4BFE934ED80,child,8,F4:2D:C9:73:E6:19,-94,88,275,275,0,0,0,0,0
425709628,NODE_B4BFE934ED80,child,8,F4:2D:C9:73:E6:19,-94,88,275,275,0,0,0,0,0
425809625,NODE_B4BFE934ED80,child,8,F4:2D:C9:73:E6:19,-94,88,275,275,0,0,0,0,0
425909624,NODE_B4BFE934ED80,child,8,F4:2D:C9:73:E6:19,-94,88,275,275,0,0,0,0,0
426009632,NODE_B4BFE934ED80,child,8,F4:2D:C9:73:E6:19,-94,88,276,276,0,0,0,0,0
426109641,NODE_B4BFE934ED80,child,8,F4:2D:C9:73:E6:19,-94,88,276,276,0,0,0,0,0
426209624,NODE_B4BFE934ED80,child,8,F4:2D:C9:73:E6:19,-94,88,276,276,0,0,0,0,0
426309624,NODE_B4BFE934ED80,child,8,F4:2D:C9:73:E6:19,-94,88,276,276,0,0,0,0,0
426409625,NODE_B4BFE934ED80,child,8,F4:2D:C9:73:E6:19,-94,88,276,276,0,0,0,0,0
426509624,NODE_B4BFE934ED80,child,8,F4:2D:C9:73:E6:19,-94,88,276,276,0,0,0,0,0
426609624,NODE_B4BFE934ED80,child,8,F4:2D:C9:73:E6:19,-94,88,276,276,0,0,0,0,0
426709637,NODE_B4BFE934ED80,child,8,F4:2D:C9:73:E6:19,-94,88,276,276,0,0,0,0,0
426809636,NODE_B4BFE934ED80,child,8,F4:2D:C9:73:E6:19,-94,88,276,276,0,0,0,0,0
426909624,NODE_B4BFE934ED80,child,8,F4:2D:C9:73:E6:19,-94,88,276,276,0,0,0,0,0
427009633,NODE_B4BFE934ED80,child,8,F4:2D:C9:73:E6:19,-94,88,277,277,0,0,0,0,0
427109632,NODE_B4BFE934ED80,child,8,F4:2D:C9:73:E6:19,-95,88,277,277,0,0,0,0,0
427209624,NODE_B4BFE934ED80,child,8,F4:2D:C9:73:E6:19,-95,88,277,277,0,0,0,0,0
427309625,NODE_B4BFE934ED80,child,8,F4:2D:C9:73:E6:19,-95,88,277,277,0,0,0,0,0
427409624,NODE_B4BFE934ED80,child,8,F4:2D:C9:73:E6:19,-95,88,277,277,0,0,0,0,0
427509632,NODE_B4BFE934ED80,child,8,F4:2D:C9:73:E6:19,-95,88,277,277,0,0,0,0,0
427609630,NODE_B4BFE934ED80,child,8,F4:2D:C9:73:E6:19,-95,88,277,277,0,0,0,0,0
427709636,NODE_B4BFE934ED80,child,8,F4:2D:C9:73:E6:19,-95,88,277,277,0,0,0,0,0
427809624,NODE_B4BFE934ED80,child,8,F4:2D:C9:73:E6:19,-95,88,277,277,0,0,0,0,0
427909625,NODE_B4BFE934ED80,child,8,F4:2D:C9:73:E6:19,-95,88,277,277,0,0,0,0,0
428009628,NODE_B4BFE934ED80,child,8,F4:2D:C9:73:E6:19,-95,88,278,278,0,0,0,0,0
428109632,NODE_B4BFE934ED80,child,8,F4:2D:C9:73:E6:19,-95,88,278,278,0,0,0,0,0
428209637,NODE_B4BFE934ED80,child,8,F4:2D:C9:73:E6:19,-95,88,278,278,0,0,0,0,0
428309624,NODE_B4BFE934ED80,child,8,F4:2D:C9:73:E6:19,-95,88,278,278,0,0,0,0,0
428409628,NODE_B4BFE934ED80,child,8,F4:2D:C9:73:E6:19,-95,88,278,278,0,0,0,0,0
428509629,NODE_B4BFE934ED80,child,8,F4:2D:C9:73:E6:19,-95,88,278,278,0,0,0,0,0
428609628,NODE_B4BFE934ED80,child,8,F4:2D:C9:73:E6:19,-95,88,278,278,0,0,0,0,0
428709624,NODE_B4BFE934ED80,child,8,F4:2D:C9:73:E6:19,-95,88,278,278,0,0,0,0,0
428809641,NODE_B4BFE934ED80,child,8,F4:2D:C9:73:E6:19,-95,88,278,278,0,0,0,0,0
428909624,NODE_B4BFE934ED80,child,8,F4:2D:C9:73:E6:19,-95,88,278,278,0,0,0,0,0
429009628,NODE_B4BFE934ED80,child,8,F4:2D:C9:73:E6:19,-95,88,279,279,0,0,0,0,0
429109844,NODE_B4BFE934ED80,child,8,F4:2D:C9:73:E6:19,-95,88,279,279,0,0,0,0,0
429209632,NODE_B4BFE934ED80,child,8,F4:2D:C9:73:E6:19,-95,88,279,279,0,0,0,0,0
429309628,NODE_B4BFE934ED80,child,8,F4:2D:C9:73:E6:19,-95,88,279,279,0,0,0,0,0
429409625,NODE_B4BFE934ED80,child,8,F4:2D:C9:73:E6:19,-95,88,279,279,0,0,0,0,0
429509636,NODE_B4BFE934ED80,child,8,F4:2D:C9:73:E6:19,-95,88,279,279,0,0,0,0,0
429609624,NODE_B4BFE934ED80,child,8,F4:2D:C9:73:E6:19,-95,88,279,279,0,0,0,0,0
429709625,NODE_B4BFE934ED80,child,8,F4:2D:C9:73:E6:19,-95,88,279,279,0,0,0,0,0
429809628,NODE_B4BFE934ED80,child,8,F4:2D:C9:73:E6:19,-95,88,279,279,0,0,0,0,0
429909624,NODE_B4BFE934ED80,child,8,F4:2D:C9:73:E6:19,-95,88,279,279,0,0,0,0,0
430009629,NODE_B4BFE934ED80,child,8,F4:2D:C9:73:E6:19,-95,88,280,280,0,0,0,0,0
430109628,NODE_B4BFE934ED80,child,8,F4:2D:C9:73:E6:19,-95,88,280,280,0,0,0,0,0
430209640,NODE_B4BFE934ED80,child,8,F4:2D:C9:73:E6:19,-93,88,280,280,0,0,0,0,0
430309625,NODE_B4BFE934ED80,child,8,F4:2D:C9:73:E6:19,-93,88,280,280,0,0,0,0,0
430409624,NODE_B4BFE934ED80,child,8,F4:2D:C9:73:E6:19,-93,88,280,280,0,0,0,0,0
430509624,NODE_B4BFE934ED80,child,8,F4:2D:C9:73:E6:19,-93,88,280,280,0,0,0,0,0
430609637,NODE_B4BFE934ED80,child,8,F4:2D:C9:73:E6:19,-93,88,280,280,0,0,0,0,0
430709624,NODE_B4BFE934ED80,child,8,F4:2D:C9:73:E6:19,-93,88,280,280,0,0,0,0,0
430809628,NODE_B4BFE934ED80,child,8,F4:2D:C9:73:E6:19,-93,88,280,280,0,0,0,0,0
430909625,NODE_B4BFE934ED80,child,8,F4:2D:C9:73:E6:19,-93,88,280,280,0,0,0,0,0
431009632,NODE_B4BFE934ED80,child,8,F4:2D:C9:73:E6:19,-93,88,280,280,0,0,0,0,0
431109628,NODE_B4BFE934ED80,child,8,F4:2D:C9:73:E6:19,-93,88,281,281,0,0,0,0,0
431209637,NODE_B4BFE934ED80,child,8,F4:2D:C9:73:E6:19,-94,88,281,281,0,0,0,0,0
431309632,NODE_B4BFE934ED80,child,8,F4:2D:C9:73:E6:19,-94,88,281,281,0,0,0,0,0
431409624,NODE_B4BFE934ED80,child,8,F4:2D:C9:73:E6:19,-94,88,281,281,0,0,0,0,0
431509625,NODE_B4BFE934ED80,child,8,F4:2D:C9:73:E6:19,-94,88,281,281,0,0,0,0,0
431609628,NODE_B4BFE934ED80,child,8,F4:2D:C9:73:E6:19,-94,88,281,281,0,0,0,0,0
431709624,NODE_B4BFE934ED80,child,8,F4:2D:C9:73:E6:19,-94,88,281,281,0,0,0,0,0
431809629,NODE_B4BFE934ED80,child,8,F4:2D:C9:73:E6:19,-94,88,281,281,0,0,0,0,0
431909628,NODE_B4BFE934ED80,child,8,F4:2D:C9:73:E6:19,-94,88,281,281,0,0,0,0,0
432009636,NODE_B4BFE934ED80,child,8,F4:2D:C9:73:E6:19,-94,88,281,281,0,0,0,0,0
432109629,NODE_B4BFE934ED80,child,8,F4:2D:C9:73:E6:19,-94,88,282,282,0,0,0,0,0
432209624,NODE_B4BFE934ED80,child,8,F4:2D:C9:73:E6:19,-94,88,282,282,0,0,0,0,0
432309632,NODE_B4BFE934ED80,child,8,F4:2D:C9:73:E6:19,-96,88,282,282,0,0,0,0,0
432409625,NODE_B4BFE934ED80,child,8,F4:2D:C9:73:E6:19,-96,88,282,282,0,0,0,0,0
432509624,NODE_B4BFE934ED80,child,8,F4:2D:C9:73:E6:19,-96,88,282,282,0,0,0,0,0
432609632,NODE_B4BFE934ED80,child,8,F4:2D:C9:73:E6:19,-96,88,282,282,0,0,0,0,0
432709625,NODE_B4BFE934ED80,child,8,F4:2D:C9:73:E6:19,-96,88,282,282,0,0,0,0,0
432809624,NODE_B4BFE934ED80,child,8,F4:2D:C9:73:E6:19,-96,88,282,282,0,0,0,0,0
432909628,NODE_B4BFE934ED80,child,8,F4:2D:C9:73:E6:19,-96,88,282,282,0,0,0,0,0
433009629,NODE_B4BFE934ED80,child,8,F4:2D:C9:73:E6:19,-96,88,282,282,0,0,0,0,0
433109632,NODE_B4BFE934ED80,child,8,F4:2D:C9:73:E6:19,-96,88,283,283,0,0,0,0,0
433209624,NODE_B4BFE934ED80,child,8,F4:2D:C9:73:E6:19,-96,88,283,283,0,0,0,0,0
433309641,NODE_B4BFE934ED80,child,8,F4:2D:C9:73:E6:19,-94,88,283,283,0,0,0,0,0
433409628,NODE_B4BFE934ED80,child,8,F4:2D:C9:73:E6:19,-94,88,283,283,0,0,0,0,0
433509624,NODE_B4BFE934ED80,child,8,F4:2D:C9:73:E6:19,-94,88,283,283,0,0,0,0,0
433609633,NODE_B4BFE934ED80,child,8,F4:2D:C9:73:E6:19,-94,88,283,283,0,0,0,0,0
433709624,NODE_B4BFE934ED80,child,8,F4:2D:C9:73:E6:19,-94,88,283,283,0,0,0,0,0
433809624,NODE_B4BFE934ED80,child,8,F4:2D:C9:73:E6:19,-94,88,283,283,0,0,0,0,0
433909629,NODE_B4BFE934ED80,child,8,F4:2D:C9:73:E6:19,-94,88,283,283,0,0,0,0,0
434009636,NODE_B4BFE934ED80,child,8,F4:2D:C9:73:E6:19,-94,88,283,283,0,0,0,0,0
434109628,NODE_B4BFE934ED80,child,8,F4:2D:C9:73:E6:19,-94,88,284,284,0,0,0,0,0
434209629,NODE_B4BFE934ED80,child,8,F4:2D:C9:73:E6:19,-94,88,284,284,0,0,0,0,0
434309632,NODE_B4BFE934ED80,child,8,F4:2D:C9:73:E6:19,-96,88,284,284,0,0,0,0,0
434409624,NODE_B4BFE934ED80,child,8,F4:2D:C9:73:E6:19,-96,88,284,284,0,0,0,0,0
434509625,NODE_B4BFE934ED80,child,8,F4:2D:C9:73:E6:19,-96,88,284,284,0,0,0,0,0
434609633,NODE_B4BFE934ED80,child,8,F4:2D:C9:73:E6:19,-96,88,284,284,0,0,0,0,0
434709628,NODE_B4BFE934ED80,child,8,F4:2D:C9:73:E6:19,-96,88,284,284,0,0,0,0,0
434809625,NODE_B4BFE934ED80,child,8,F4:2D:C9:73:E6:19,-96,88,284,284,0,0,0,0,0
434909632,NODE_B4BFE934ED80,child,8,F4:2D:C9:73:E6:19,-96,88,284,284,0,0,0,0,0
435009628,NODE_B4BFE934ED80,child,8,F4:2D:C9:73:E6:19,-96,88,284,284,0,0,0,0,0
435109633,NODE_B4BFE934ED80,child,8,F4:2D:C9:73:E6:19,-96,88,285,285,0,0,0,0,0
435209632,NODE_B4BFE934ED80,child,8,F4:2D:C9:73:E6:19,-96,88,285,285,0,0,0,0,0
435309644,NODE_B4BFE934ED80,child,8,F4:2D:C9:73:E6:19,-95,88,285,285,0,0,0,0,0
435409625,NODE_B4BFE934ED80,child,8,F4:2D:C9:73:E6:19,-95,88,285,285,0,0,0,0,0
435509624,NODE_B4BFE934ED80,child,8,F4:2D:C9:73:E6:19,-95,88,285,285,0,0,0,0,0
435609624,NODE_B4BFE934ED80,child,8,F4:2D:C9:73:E6:19,-95,88,285,285,0,0,0,0,0
435709625,NODE_B4BFE934ED80,child,8,F4:2D:C9:73:E6:19,-95,88,285,285,0,0,0,0,0
435809632,NODE_B4BFE934ED80,child,8,F4:2D:C9:73:E6:19,-95,88,285,285,0,0,0,0,0
435909628,NODE_B4BFE934ED80,child,8,F4:2D:C9:73:E6:19,-95,88,285,285,0,0,0,0,0
436009629,NODE_B4BFE934ED80,child,8,F4:2D:C9:73:E6:19,-95,88,285,285,0,0,0,0,0
436109632,NODE_B4BFE934ED80,child,8,F4:2D:C9:73:E6:19,-95,88,286,286,0,0,0,0,0
436209624,NODE_B4BFE934ED80,child,8,F4:2D:C9:73:E6:19,-95,88,286,286,0,0,0,0,0
436309625,NODE_B4BFE934ED80,child,8,F4:2D:C9:73:E6:19,-95,88,286,286,0,0,0,0,0
436409636,NODE_B4BFE934ED80,child,8,F4:2D:C9:73:E6:19,-94,88,286,286,0,0,0,0,0
436509632,NODE_B4BFE934ED80,child,8,F4:2D:C9:73:E6:19,-94,88,286,286,0,0,0,0,0
436609633,NODE_B4BFE934ED80,child,8,F4:2D:C9:73:E6:19,-94,88,286,286,0,0,0,0,0
436709624,NODE_B4BFE934ED80,child,8,F4:2D:C9:73:E6:19,-94,88,286,286,0,0,0,0,0
436809668,NODE_B4BFE934ED80,child,8,F4:2D:C9:73:E6:19,-94,88,286,286,0,0,0,0,0
436909629,NODE_B4BFE934ED80,child,8,F4:2D:C9:73:E6:19,-94,88,286,286,0,0,0,0,0
437009632,NODE_B4BFE934ED80,child,8,F4:2D:C9:73:E6:19,-94,88,286,286,0,0,0,0,0
437109628,NODE_B4BFE934ED80,child,8,F4:2D:C9:73:E6:19,-94,88,287,287,0,0,0,0,0
437209625,NODE_B4BFE934ED80,child,8,F4:2D:C9:73:E6:19,-94,88,287,287,0,0,0,0,0
437309624,NODE_B4BFE934ED80,child,8,F4:2D:C9:73:E6:19,-94,88,287,287,0,0,0,0,0
437409636,NODE_B4BFE934ED80,child,8,F4:2D:C9:73:E6:19,-96,88,287,287,0,0,0,0,0
437509625,NODE_B4BFE934ED80,child,8,F4:2D:C9:73:E6:19,-96,88,287,287,0,0,0,0,0
437609624,NODE_B4BFE934ED80,child,8,F4:2D:C9:73:E6:19,-96,88,287,287,0,0,0,0,0
437709624,NODE_B4BFE934ED80,child,8,F4:2D:C9:73:E6:19,-96,88,287,287,0,0,0,0,0
437809633,NODE_B4BFE934ED80,child,8,F4:2D:C9:73:E6:19,-96,88,287,287,0,0,0,0,0
437909624,NODE_B4BFE934ED80,child,8,F4:2D:C9:73:E6:19,-96,88,287,287,0,0,0,0,0
438009632,NODE_B4BFE934ED80,child,8,F4:2D:C9:73:E6:19,-96,88,287,287,0,0,0,0,0
438109633,NODE_B4BFE934ED80,child,8,F4:2D:C9:73:E6:19,-96,88,288,288,0,0,0,0,0
438209624,NODE_B4BFE934ED80,child,8,F4:2D:C9:73:E6:19,-96,88,288,288,0,0,0,0,0
438309628,NODE_B4BFE934ED80,child,8,F4:2D:C9:73:E6:19,-96,88,288,288,0,0,0,0,0
438409637,NODE_B4BFE934ED80,child,8,F4:2D:C9:73:E6:19,-95,88,288,288,0,0,0,0,0
438509636,NODE_B4BFE934ED80,child,8,F4:2D:C9:73:E6:19,-95,88,288,288,0,0,0,0,0
438609628,NODE_B4BFE934ED80,child,8,F4:2D:C9:73:E6:19,-95,88,288,288,0,0,0,0,0
438709625,NODE_B4BFE934ED80,child,8,F4:2D:C9:73:E6:19,-95,88,288,288,0,0,0,0,0
438809624,NODE_B4BFE934ED80,child,8,F4:2D:C9:73:E6:19,-95,88,288,288,0,0,0,0,0
438909624,NODE_B4BFE934ED80,child,8,F4:2D:C9:73:E6:19,-95,88,288,288,0,0,0,0,0
439009633,NODE_B4BFE934ED80,child,8,F4:2D:C9:73:E6:19,-95,88,288,288,0,0,0,0,0
439109632,NODE_B4BFE934ED80,child,8,F4:2D:C9:73:E6:19,-95,88,289,289,0,0,0,0,0
439209624,NODE_B4BFE934ED80,child,8,F4:2D:C9:73:E6:19,-95,88,289,289,0,0,0,0,0
439309625,NODE_B4BFE934ED80,child,8,F4:2D:C9:73:E6:19,-95,88,289,289,0,0,0,0,0
439409636,NODE_B4BFE934ED80,child,8,F4:2D:C9:73:E6:19,-94,88,289,289,0,0,0,0,0
439509624,NODE_B4BFE934ED80,child,8,F4:2D:C9:73:E6:19,-94,88,289,289,0,0,0,0,0
439609625,NODE_B4BFE934ED80,child,8,F4:2D:C9:73:E6:19,-94,88,289,289,0,0,0,0,0
439709624,NODE_B4BFE934ED80,child,8,F4:2D:C9:73:E6:19,-94,88,289,289,0,0,0,0,0
439809632,NODE_B4BFE934ED80,child,8,F4:2D:C9:73:E6:19,-94,88,289,289,0,0,0,0,0
439909625,NODE_B4BFE934ED80,child,8,F4:2D:C9:73:E6:19,-94,88,289,289,0,0,0,0,0
440009636,NODE_B4BFE934ED80,child,8,F4:2D:C9:73:E6:19,-94,88,289,289,0,0,0,0,0
440109632,NODE_B4BFE934ED80,child,8,F4:2D:C9:73:E6:19,-94,88,289,289,0,0,0,0,0
440209629,NODE_B4BFE934ED80,child,8,F4:2D:C9:73:E6:19,-94,88,289,289,0,0,0,0,0
440309628,NODE_B4BFE934ED80,child,8,F4:2D:C9:73:E6:19,-94,88,289,289,0,0,0,0,0
440409766,NODE_B4BFE934ED80,child,8,F4:2D:C9:73:E6:19,-96,88,289,289,0,0,0,0,0
440509633,NODE_B4BFE934ED80,child,8,F4:2D:C9:73:E6:19,-96,88,289,289,0,0,0,0,0
440609624,NODE_B4BFE934ED80,child,8,F4:2D:C9:73:E6:19,-96,88,289,289,0,0,0,0,0
440709624,NODE_B4BFE934ED80,child,8,F4:2D:C9:73:E6:19,-96,88,289,289,0,0,0,0,0
440809625,NODE_B4BFE934ED80,child,8,F4:2D:C9:73:E6:19,-96,88,289,289,0,0,0,0,0
440909624,NODE_B4BFE934ED80,child,8,F4:2D:C9:73:E6:19,-96,88,289,289,0,0,0,0,0
441009628,NODE_B4BFE934ED80,child,8,F4:2D:C9:73:E6:19,-96,88,289,289,0,0,0,0,0
441109637,NODE_B4BFE934ED80,child,8,F4:2D:C9:73:E6:19,-96,88,289,289,0,0,0,0,0
441209624,NODE_B4BFE934ED80,child,8,F4:2D:C9:73:E6:19,-96,88,289,289,0,0,0,0,0
441309722,NODE_B4BFE934ED80,child,8,F4:2D:C9:73:E6:19,-96,88,289,289,0,0,0,0,0
441409625,NODE_B4BFE934ED80,child,8,F4:2D:C9:73:E6:19,-96,88,290,290,0,0,0,0,0
441509624,NODE_B4BFE934ED80,child,8,F4:2D:C9:73:E6:19,-96,88,290,290,0,0,0,0,0
441609632,NODE_B4BFE934ED80,child,8,F4:2D:C9:73:E6:19,-96,88,290,290,0,0,0,0,0
441709629,NODE_B4BFE934ED80,child,8,F4:2D:C9:73:E6:19,-96,88,290,290,0,0,0,0,0
441809632,NODE_B4BFE934ED80,child,8,F4:2D:C9:73:E6:19,-96,88,290,290,0,0,0,0,0
441909624,NODE_B4BFE934ED80,child,8,F4:2D:C9:73:E6:19,-96,88,290,290,0,0,0,0,0
442009629,NODE_B4BFE934ED80,child,8,F4:2D:C9:73:E6:19,-96,88,290,290,0,0,0,0,0
442109632,NODE_B4BFE934ED80,child,8,F4:2D:C9:73:E6:19,-96,88,290,290,0,0,0,0,0
442209624,NODE_B4BFE934ED80,child,8,F4:2D:C9:73:E6:19,-96,88,290,290,0,0,0,0,0
442310392,NODE_B4BFE934ED80,child,8,F4:2D:C9:73:E6:19,-96,88,290,290,0,0,0,0,0
442409632,NODE_B4BFE934ED80,child,8,F4:2D:C9:73:E6:19,-96,88,291,291,0,0,0,0,0
442509636,NODE_B4BFE934ED80,child,8,F4:2D:C9:73:E6:19,-96,88,291,291,0,0,0,0,0
442609629,NODE_B4BFE934ED80,child,8,F4:2D:C9:73:E6:19,-96,88,291,291,0,0,0,0,0
442709624,NODE_B4BFE934ED80,child,8,F4:2D:C9:73:E6:19,-96,88,291,291,0,0,0,0,0
442809624,NODE_B4BFE934ED80,child,8,F4:2D:C9:73:E6:19,-96,88,291,291,0,0,0,0,0
442909625,NODE_B4BFE934ED80,child,8,F4:2D:C9:73:E6:19,-96,88,291,291,0,0,0,0,0
443009632,NODE_B4BFE934ED80,child,8,F4:2D:C9:73:E6:19,-96,88,291,291,0,0,0,0,0
443109628,NODE_B4BFE934ED80,child,8,F4:2D:C9:73:E6:19,-96,88,291,291,0,0,0,0,0
443209625,NODE_B4BFE934ED80,child,8,F4:2D:C9:73:E6:19,-96,88,291,291,0,0,0,0,0
443309624,NODE_B4BFE934ED80,child,8,F4:2D:C9:73:E6:19,-96,88,291,291,0,0,0,0,0
443409632,NODE_B4BFE934ED80,child,8,F4:2D:C9:73:E6:19,-96,88,292,292,0,0,0,0,0
443509633,NODE_B4BFE934ED80,child,8,F4:2D:C9:73:E6:19,-96,88,292,292,0,0,0,0,0
443609636,NODE_B4BFE934ED80,child,8,F4:2D:C9:73:E6:19,-96,88,292,292,0,0,0,0,0
443709624,NODE_B4BFE934ED80,child,8,F4:2D:C9:73:E6:19,-96,88,292,292,0,0,0,0,0
443809706,NODE_B4BFE934ED80,child,8,F4:2D:C9:73:E6:19,-96,88,292,292,0,0,0,0,0
443909624,NODE_B4BFE934ED80,child,8,F4:2D:C9:73:E6:19,-96,88,292,292,0,0,0,0,0
444009628,NODE_B4BFE934ED80,child,8,F4:2D:C9:73:E6:19,-96,88,292,292,0,0,0,0,0
444109629,NODE_B4BFE934ED80,child,8,F4:2D:C9:73:E6:19,-96,88,292,292,0,0,0,0,0
444209624,NODE_B4BFE934ED80,child,8,F4:2D:C9:73:E6:19,-96,88,292,292,0,0,0,0,0
444309632,NODE_B4BFE934ED80,child,8,F4:2D:C9:73:E6:19,-96,88,292,292,0,0,0,0,0
444409633,NODE_B4BFE934ED80,child,8,F4:2D:C9:73:E6:19,-96,88,293,293,0,0,0,0,0
444509632,NODE_B4BFE934ED80,child,8,F4:2D:C9:73:E6:19,-95,88,293,293,0,0,0,0,0
444609628,NODE_B4BFE934ED80,child,8,F4:2D:C9:73:E6:19,-95,88,293,293,0,0,0,0,0
444709625,NODE_B4BFE934ED80,child,8,F4:2D:C9:73:E6:19,-95,88,293,293,0,0,0,0,0
444809624,NODE_B4BFE934ED80,child,8,F4:2D:C9:73:E6:19,-95,88,293,293,0,0,0,0,0
444909624,NODE_B4BFE934ED80,child,8,F4:2D:C9:73:E6:19,-95,88,293,293,0,0,0,0,0
445009633,NODE_B4BFE934ED80,child,8,F4:2D:C9:73:E6:19,-95,88,293,293,0,0,0,0,0
445109624,NODE_B4BFE934ED80,child,8,F4:2D:C9:73:E6:19,-95,88,293,293,0,0,0,0,0
445209628,NODE_B4BFE934ED80,child,8,F4:2D:C9:73:E6:19,-95,88,293,293,0,0,0,0,0
445309633,NODE_B4BFE934ED80,child,8,F4:2D:C9:73:E6:19,-95,88,293,293,0,0,0,0,0
445409632,NODE_B4BFE934ED80,child,8,F4:2D:C9:73:E6:19,-95,88,294,294,0,0,0,0,0
445509628,NODE_B4BFE934ED80,child,8,F4:2D:C9:73:E6:19,-95,88,294,294,0,0,0,0,0
445609723,NODE_B4BFE934ED80,child,8,F4:2D:C9:73:E6:19,-95,88,294,294,0,0,0,0,0
445709624,NODE_B4BFE934ED80,child,8,F4:2D:C9:73:E6:19,-95,88,294,294,0,0,0,0,0
445809624,NODE_B4BFE934ED80,child,8,F4:2D:C9:73:E6:19,-95,88,294,294,0,0,0,0,0
445909625,NODE_B4BFE934ED80,child,8,F4:2D:C9:73:E6:19,-95,88,294,294,0,0,0,0,0
446009628,NODE_B4BFE934ED80,child,8,F4:2D:C9:73:E6:19,-95,88,294,294,0,0,0,0,0
446109624,NODE_B4BFE934ED80,child,8,F4:2D:C9:73:E6:19,-95,88,294,294,0,0,0,0,0
446209629,NODE_B4BFE934ED80,child,8,F4:2D:C9:73:E6:19,-95,88,294,294,0,0,0,0,0
446309636,NODE_B4BFE934ED80,child,8,F4:2D:C9:73:E6:19,-95,88,294,294,0,0,0,0,0
446409628,NODE_B4BFE934ED80,child,8,F4:2D:C9:73:E6:19,-95,88,295,295,0,0,0,0,0
446509629,NODE_B4BFE934ED80,child,8,F4:2D:C9:73:E6:19,-95,88,295,295,0,0,0,0,0
446609640,NODE_B4BFE934ED80,child,8,F4:2D:C9:73:E6:19,-97,88,295,295,0,0,0,0,0
446709624,NODE_B4BFE934ED80,child,8,F4:2D:C9:73:E6:19,-97,88,295,295,0,0,0,0,0
446809625,NODE_B4BFE934ED80,child,8,F4:2D:C9:73:E6:19,-97,88,295,295,0,0,0,0,0
446909624,NODE_B4BFE934ED80,child,8,F4:2D:C9:73:E6:19,-97,88,295,295,0,0,0,0,0
447009636,NODE_B4BFE934ED80,child,8,F4:2D:C9:73:E6:19,-97,88,295,295,0,0,0,0,0
447109625,NODE_B4BFE934ED80,child,8,F4:2D:C9:73:E6:19,-97,88,295,295,0,0,0,0,0
447209628,NODE_B4BFE934ED80,child,8,F4:2D:C9:73:E6:19,-97,88,295,295,0,0,0,0,0
447309624,NODE_B4BFE934ED80,child,8,F4:2D:C9:73:E6:19,-97,88,295,295,0,0,0,0,0
447409633,NODE_B4BFE934ED80,child,8,F4:2D:C9:73:E6:19,-97,88,296,296,0,0,0,0,0
447509624,NODE_B4BFE934ED80,child,8,F4:2D:C9:73:E6:19,-97,88,296,296,0,0,0,0,0
447609640,NODE_B4BFE934ED80,child,8,F4:2D:C9:73:E6:19,-95,88,296,296,0,0,0,0,0
447709625,NODE_B4BFE934ED80,child,8,F4:2D:C9:73:E6:19,-95,88,296,296,0,0,0,0,0
447809624,NODE_B4BFE934ED80,child,8,F4:2D:C9:73:E6:19,-95,88,296,296,0,0,0,0,0
447909624,NODE_B4BFE934ED80,child,8,F4:2D:C9:73:E6:19,-95,88,296,296,0,0,0,0,0
448009629,NODE_B4BFE934ED80,child,8,F4:2D:C9:73:E6:19,-95,88,296,296,0,0,0,0,0
448109632,NODE_B4BFE934ED80,child,8,F4:2D:C9:73:E6:19,-95,88,296,296,0,0,0,0,0
448209628,NODE_B4BFE934ED80,child,8,F4:2D:C9:73:E6:19,-95,88,296,296,0,0,0,0,0
448309637,NODE_B4BFE934ED80,child,8,F4:2D:C9:73:E6:19,-95,88,296,296,0,0,0,0,0
448409632,NODE_B4BFE934ED80,child,8,F4:2D:C9:73:E6:19,-95,88,297,297,0,0,0,0,0
448509624,NODE_B4BFE934ED80,child,8,F4:2D:C9:73:E6:19,-95,88,297,297,0,0,0,0,0
448609637,NODE_B4BFE934ED80,child,8,F4:2D:C9:73:E6:19,-97,88,297,297,0,0,0,0,0
448709628,NODE_B4BFE934ED80,child,8,F4:2D:C9:73:E6:19,-97,88,297,297,0,0,0,0,0
448809636,NODE_B4BFE934ED80,child,8,F4:2D:C9:73:E6:19,-97,88,297,297,0,0,0,0,0
448909629,NODE_B4BFE934ED80,child,8,F4:2D:C9:73:E6:19,-97,88,297,297,0,0,0,0,0
449009628,NODE_B4BFE934ED80,child,8,F4:2D:C9:73:E6:19,-97,88,297,297,0,0,0,0,0
449109628,NODE_B4BFE934ED80,child,8,F4:2D:C9:73:E6:19,-97,88,297,297,0,0,0,0,0
449209625,NODE_B4BFE934ED80,child,8,F4:2D:C9:73:E6:19,-97,88,297,297,0,0,0,0,0
449309628,NODE_B4BFE934ED80,child,8,F4:2D:C9:73:E6:19,-97,88,297,297,0,0,0,0,0
449409632,NODE_B4BFE934ED80,child,8,F4:2D:C9:73:E6:19,-97,88,298,298,0,0,0,0,0
449509637,NODE_B4BFE934ED80,child,8,F4:2D:C9:73:E6:19,-97,88,298,298,0,0,0,0,0
449609624,NODE_B4BFE934ED80,child,8,F4:2D:C9:73:E6:19,-97,88,298,298,0,0,0,0,0
449709632,NODE_B4BFE934ED80,child,8,F4:2D:C9:73:E6:19,-97,88,298,298,0,0,0,0,0
449809629,NODE_B4BFE934ED80,child,8,F4:2D:C9:73:E6:19,-97,88,298,298,0,0,0,0,0
449909624,NODE_B4BFE934ED80,child,8,F4:2D:C9:73:E6:19,-97,88,298,298,0,0,0,0,0
450009628,NODE_B4BFE934ED80,child,8,F4:2D:C9:73:E6:19,-97,88,298,298,0,0,0,0,0
450109633,NODE_B4BFE934ED80,child,8,F4:2D:C9:73:E6:19,-97,88,298,298,0,0,0,0,0
450209624,NODE_B4BFE934ED80,child,8,F4:2D:C9:73:E6:19,-97,88,298,298,0,0,0,0,0
450309636,NODE_B4BFE934ED80,child,8,F4:2D:C9:73:E6:19,-97,88,298,298,0,0,0,0,0
450409633,NODE_B4BFE934ED80,child,8,F4:2D:C9:73:E6:19,-97,88,299,299,0,0,0,0,0
450509624,NODE_B4BFE934ED80,child,8,F4:2D:C9:73:E6:19,-97,88,299,299,0,0,0,0,0
450609624,NODE_B4BFE934ED80,child,8,F4:2D:C9:73:E6:19,-97,88,299,299,0,0,0,0,0
450709637,NODE_B4BFE934ED80,child,8,F4:2D:C9:73:E6:19,-96,88,299,299,0,0,0,0,0
450809636,NODE_B4BFE934ED80,child,8,F4:2D:C9:73:E6:19,-96,88,299,299,0,0,0,0,0
450909624,NODE_B4BFE934ED80,child,8,F4:2D:C9:73:E6:19,-96,88,299,299,0,0,0,0,0
451009629,NODE_B4BFE934ED80,child,8,F4:2D:C9:73:E6:19,-96,88,299,299,0,0,0,0,0
451109624,NODE_B4BFE934ED80,child,8,F4:2D:C9:73:E6:19,-96,88,299,299,0,0,0,0,0
451209624,NODE_B4BFE934ED80,child,8,F4:2D:C9:73:E6:19,-96,88,299,299,0,0,0,0,0
451309629,NODE_B4BFE934ED80,child,8,F4:2D:C9:73:E6:19,-96,88,299,299,0,0,0,0,0
451409632,NODE_B4BFE934ED80,child,8,F4:2D:C9:73:E6:19,-96,88,300,300,0,0,0,0,0
451509632,NODE_B4BFE934ED80,child,8,F4:2D:C9:73:E6:19,-96,88,300,300,0,0,0,0,0
451609629,NODE_B4BFE934ED80,child,8,F4:2D:C9:73:E6:19,-96,88,300,300,0,0,0,0,0
451709636,NODE_B4BFE934ED80,child,8,F4:2D:C9:73:E6:19,-94,88,300,300,0,0,0,0,0
451809624,NODE_B4BFE934ED80,child,8,F4:2D:C9:73:E6:19,-94,88,300,300,0,0,0,0,0
451909629,NODE_B4BFE934ED80,child,8,F4:2D:C9:73:E6:19,-94,88,300,300,0,0,0,0,0
452009628,NODE_B4BFE934ED80,child,8,F4:2D:C9:73:E6:19,-94,88,300,300,0,0,0,0,0
452109636,NODE_B4BFE934ED80,child,8,F4:2D:C9:73:E6:19,-94,88,300,300,0,0,0,0,0
452209629,NODE_B4BFE934ED80,child,8,F4:2D:C9:73:E6:19,-94,88,300,300,0,0,0,0,0
452309628,NODE_B4BFE934ED80,child,8,F4:2D:C9:73:E6:19,-94,88,300,300,0,0,0,0,0
452409632,NODE_B4BFE934ED80,child,8,F4:2D:C9:73:E6:19,-94,88,301,301,0,0,0,0,0
452509629,NODE_B4BFE934ED80,child,8,F4:2D:C9:73:E6:19,-94,88,301,301,0,0,0,0,0
452609636,NODE_B4BFE934ED80,child,8,F4:2D:C9:73:E6:19,-94,88,301,301,0,0,0,0,0
452709632,NODE_B4BFE934ED80,child,8,F4:2D:C9:73:E6:19,-97,88,301,301,0,0,0,0,0
452809625,NODE_B4BFE934ED80,child,8,F4:2D:C9:73:E6:19,-97,88,301,301,0,0,0,0,0
452909624,NODE_B4BFE934ED80,child,8,F4:2D:C9:73:E6:19,-97,88,301,301,0,0,0,0,0
453009628,NODE_B4BFE934ED80,child,8,F4:2D:C9:73:E6:19,-97,88,301,301,0,0,0,0,0
453109625,NODE_B4BFE934ED80,child,8,F4:2D:C9:73:E6:19,-97,88,301,301,0,0,0,0,0
453209624,NODE_B4BFE934ED80,child,8,F4:2D:C9:73:E6:19,-97,88,301,301,0,0,0,0,0
453309640,NODE_B4BFE934ED80,child,8,F4:2D:C9:73:E6:19,-97,88,301,301,0,0,0,0,0
453409629,NODE_B4BFE934ED80,child,8,F4:2D:C9:73:E6:19,-97,88,302,302,0,0,0,0,0
453509624,NODE_B4BFE934ED80,child,8,F4:2D:C9:73:E6:19,-97,88,302,302,0,0,0,0,0
453609632,NODE_B4BFE934ED80,child,8,F4:2D:C9:73:E6:19,-97,88,302,302,0,0,0,0,0
453709629,NODE_B4BFE934ED80,child,8,F4:2D:C9:73:E6:19,-97,88,302,302,0,0,0,0,0
453809628,NODE_B4BFE934ED80,child,8,F4:2D:C9:73:E6:19,-96,88,302,302,0,0,0,0,0
453909628,NODE_B4BFE934ED80,child,8,F4:2D:C9:73:E6:19,-96,88,302,302,0,0,0,0,0
454009637,NODE_B4BFE934ED80,child,8,F4:2D:C9:73:E6:19,-96,88,302,302,0,0,0,0,0
454109624,NODE_B4BFE934ED80,child,8,F4:2D:C9:73:E6:19,-96,88,302,302,0,0,0,0,0
454209624,NODE_B4BFE934ED80,child,8,F4:2D:C9:73:E6:19,-96,88,302,302,0,0,0,0,0
454309625,NODE_B4BFE934ED80,child,8,F4:2D:C9:73:E6:19,-96,88,302,302,0,0,0,0,0
454409632,NODE_B4BFE934ED80,child,8,F4:2D:C9:73:E6:19,-96,88,303,303,0,0,0,0,0
454509624,NODE_B4BFE934ED80,child,8,F4:2D:C9:73:E6:19,-96,88,303,303,0,0,0,0,0
454609633,NODE_B4BFE934ED80,child,8,F4:2D:C9:73:E6:19,-96,88,303,303,0,0,0,0,0
454709624,NODE_B4BFE934ED80,child,8,F4:2D:C9:73:E6:19,-96,88,303,303,0,0,0,0,0
454809636,NODE_B4BFE934ED80,child,8,F4:2D:C9:73:E6:19,-96,88,303,303,0,0,0,0,0
454909625,NODE_B4BFE934ED80,child,8,F4:2D:C9:73:E6:19,-96,88,303,303,0,0,0,0,0
455009628,NODE_B4BFE934ED80,child,8,F4:2D:C9:73:E6:19,-96,88,303,303,0,0,0,0,0
455109624,NODE_B4BFE934ED80,child,8,F4:2D:C9:73:E6:19,-96,88,303,303,0,0,0,0,0
455209625,NODE_B4BFE934ED80,child,8,F4:2D:C9:73:E6:19,-96,88,303,303,0,0,0,0,0
455309632,NODE_B4BFE934ED80,child,8,F4:2D:C9:73:E6:19,-96,88,303,303,0,0,0,0,0
455409632,NODE_B4BFE934ED80,child,8,F4:2D:C9:73:E6:19,-96,88,304,304,0,0,0,0,0
455509629,NODE_B4BFE934ED80,child,8,F4:2D:C9:73:E6:19,-96,88,304,304,0,0,0,0,0
455609624,NODE_B4BFE934ED80,child,8,F4:2D:C9:73:E6:19,-96,88,304,304,0,0,0,0,0
455709632,NODE_B4BFE934ED80,child,8,F4:2D:C9:73:E6:19,-96,88,304,304,0,0,0,0,0
455809637,NODE_B4BFE934ED80,child,8,F4:2D:C9:73:E6:19,-94,88,304,304,0,0,0,0,0
455909624,NODE_B4BFE934ED80,child,8,F4:2D:C9:73:E6:19,-94,88,304,304,0,0,0,0,0
456009636,NODE_B4BFE934ED80,child,8,F4:2D:C9:73:E6:19,-94,88,304,304,0,0,0,0,0
456109625,NODE_B4BFE934ED80,child,8,F4:2D:C9:73:E6:19,-94,88,304,304,0,0,0,0,0
456209624,NODE_B4BFE934ED80,child,8,F4:2D:C9:73:E6:19,-94,88,304,304,0,0,0,0,0
456309624,NODE_B4BFE934ED80,child,8,F4:2D:C9:73:E6:19,-94,88,304,304,0,0,0,0,0
456409633,NODE_B4BFE934ED80,child,8,F4:2D:C9:73:E6:19,-94,88,305,305,0,0,0,0,0
456509624,NODE_B4BFE934ED80,child,8,F4:2D:C9:73:E6:19,-94,88,305,305,0,0,0,0,0
456609632,NODE_B4BFE934ED80,child,8,F4:2D:C9:73:E6:19,-94,88,305,305,0,0,0,0,0
456709625,NODE_B4BFE934ED80,child,8,F4:2D:C9:73:E6:19,-94,88,305,305,0,0,0,0,0
456809636,NODE_B4BFE934ED80,child,8,F4:2D:C9:73:E6:19,-94,88,305,305,0,0,0,0,0
456909624,NODE_B4BFE934ED80,child,8,F4:2D:C9:73:E6:19,-94,88,305,305,0,0,0,0,0
457009629,NODE_B4BFE934ED80,child,8,F4:2D:C9:73:E6:19,-94,88,305,305,0,0,0,0,0
457109632,NODE_B4BFE934ED80,child,8,F4:2D:C9:73:E6:19,-94,88,305,305,0,0,0,0,0
457209628,NODE_B4BFE934ED80,child,8,F4:2D:C9:73:E6:19,-94,88,305,305,0,0,0,0,0
457309637,NODE_B4BFE934ED80,child,8,F4:2D:C9:73:E6:19,-94,88,305,305,0,0,0,0,0
457409636,NODE_B4BFE934ED80,child,8,F4:2D:C9:73:E6:19,-94,88,306,306,0,0,0,0,0
457509624,NODE_B4BFE934ED80,child,8,F4:2D:C9:73:E6:19,-94,88,306,306,0,0,0,0,0
457609629,NODE_B4BFE934ED80,child,8,F4:2D:C9:73:E6:19,-94,88,306,306,0,0,0,0,0
457709628,NODE_B4BFE934ED80,child,8,F4:2D:C9:73:E6:19,-94,88,306,306,0,0,0,0,0
457809624,NODE_B4BFE934ED80,child,8,F4:2D:C9:73:E6:19,-94,88,306,306,0,0,0,0,0
457909633,NODE_B4BFE934ED80,child,8,F4:2D:C9:73:E6:19,-95,88,306,306,0,0,0,0,0
458009632,NODE_B4BFE934ED80,child,8,F4:2D:C9:73:E6:19,-95,88,306,306,0,0,0,0,0
458109624,NODE_B4BFE934ED80,child,8,F4:2D:C9:73:E6:19,-95,88,306,306,0,0,0,0,0
458209625,NODE_B4BFE934ED80,child,8,F4:2D:C9:73:E6:19,-95,88,306,306,0,0,0,0,0
458309628,NODE_B4BFE934ED80,child,8,F4:2D:C9:73:E6:19,-95,88,306,306,0,0,0,0,0
458409628,NODE_B4BFE934ED80,child,8,F4:2D:C9:73:E6:19,-95,88,307,307,0,0,0,0,0
458509633,NODE_B4BFE934ED80,child,8,F4:2D:C9:73:E6:19,-95,88,307,307,0,0,0,0,0
458609636,NODE_B4BFE934ED80,child,8,F4:2D:C9:73:E6:19,-95,88,307,307,0,0,0,0,0
458709627,NODE_B4BFE934ED80,child,8,F4:2D:C9:73:E6:19,-95,88,307,307,0,0,0,0,0
458809629,NODE_B4BFE934ED80,child,8,F4:2D:C9:73:E6:19,-95,88,307,307,0,0,0,0,0
458909636,NODE_B4BFE934ED80,child,8,F4:2D:C9:73:E6:19,-93,88,307,307,0,0,0,0,0
459009628,NODE_B4BFE934ED80,child,8,F4:2D:C9:73:E6:19,-93,88,307,307,0,0,0,0,0
459109637,NODE_B4BFE934ED80,child,8,F4:2D:C9:73:E6:19,-93,88,307,307,0,0,0,0,0
459209624,NODE_B4BFE934ED80,child,8,F4:2D:C9:73:E6:19,-93,88,307,307,0,0,0,0,0
459309624,NODE_B4BFE934ED80,child,8,F4:2D:C9:73:E6:19,-93,88,307,307,0,0,0,0,0
459409649,NODE_B4BFE934ED80,child,8,F4:2D:C9:73:E6:19,-93,88,308,308,0,0,0,0,0
459509636,NODE_B4BFE934ED80,child,8,F4:2D:C9:73:E6:19,-93,88,308,308,0,0,0,0,0
459609624,NODE_B4BFE934ED80,child,8,F4:2D:C9:73:E6:19,-93,88,308,308,0,0,0,0,0
459709629,NODE_B4BFE934ED80,child,8,F4:2D:C9:73:E6:19,-93,88,308,308,0,0,0,0,0
459809636,NODE_B4BFE934ED80,child,8,F4:2D:C9:73:E6:19,-93,88,308,308,0,0,0,0,0
459909632,NODE_B4BFE934ED80,child,8,F4:2D:C9:73:E6:19,-95,88,308,308,0,0,0,0,0
460009629,NODE_B4BFE934ED80,child,8,F4:2D:C9:73:E6:19,-95,88,308,308,0,0,0,0,0
460109624,NODE_B4BFE934ED80,child,8,F4:2D:C9:73:E6:19,-95,88,308,308,0,0,0,0,0
460209624,NODE_B4BFE934ED80,child,8,F4:2D:C9:73:E6:19,-95,88,308,308,0,0,0,0,0
460309629,NODE_B4BFE934ED80,child,8,F4:2D:C9:73:E6:19,-95,88,308,308,0,0,0,0,0
460410386,NODE_B4BFE934ED80,child,8,F4:2D:C9:73:E6:19,-95,88,308,308,0,0,0,0,0
460509640,NODE_B4BFE934ED80,child,8,F4:2D:C9:73:E6:19,-95,88,309,309,0,0,0,0,0
460609629,NODE_B4BFE934ED80,child,8,F4:2D:C9:73:E6:19,-95,88,309,309,0,0,0,0,0
460709624,NODE_B4BFE934ED80,child,8,F4:2D:C9:73:E6:19,-95,88,309,309,0,0,0,0,0
460809624,NODE_B4BFE934ED80,child,8,F4:2D:C9:73:E6:19,-95,88,309,309,0,0,0,0,0
460909633,NODE_B4BFE934ED80,child,8,F4:2D:C9:73:E6:19,-95,88,309,309,0,0,0,0,0
461009628,NODE_B4BFE934ED80,child,8,F4:2D:C9:73:E6:19,-95,88,309,309,0,0,0,0,0
461109636,NODE_B4BFE934ED80,child,8,F4:2D:C9:73:E6:19,-95,88,309,309,0,0,0,0,0
461209625,NODE_B4BFE934ED80,child,8,F4:2D:C9:73:E6:19,-95,88,309,309,0,0,0,0,0
461309624,NODE_B4BFE934ED80,child,8,F4:2D:C9:73:E6:19,-95,88,309,309,0,0,0,0,0
461410401,NODE_B4BFE934ED80,child,8,F4:2D:C9:73:E6:19,-95,88,309,309,0,0,0,0,0
461509633,NODE_B4BFE934ED80,child,8,F4:2D:C9:73:E6:19,-95,88,310,310,0,0,0,0,0
461609624,NODE_B4BFE934ED80,child,8,F4:2D:C9:73:E6:19,-95,88,310,310,0,0,0,0,0
461709624,NODE_B4BFE934ED80,child,8,F4:2D:C9:73:E6:19,-95,88,310,310,0,0,0,0,0
461809633,NODE_B4BFE934ED80,child,8,F4:2D:C9:73:E6:19,-95,88,310,310,0,0,0,0,0
461909624,NODE_B4BFE934ED80,child,8,F4:2D:C9:73:E6:19,-95,88,310,310,0,0,0,0,0
462009628,NODE_B4BFE934ED80,child,8,F4:2D:C9:73:E6:19,-95,88,310,310,0,0,0,0,0
462109629,NODE_B4BFE934ED80,child,8,F4:2D:C9:73:E6:19,-95,88,310,310,0,0,0,0,0
462209624,NODE_B4BFE934ED80,child,8,F4:2D:C9:73:E6:19,-95,88,310,310,0,0,0,0,0
462309624,NODE_B4BFE934ED80,child,8,F4:2D:C9:73:E6:19,-95,88,310,310,0,0,0,0,0
462410397,NODE_B4BFE934ED80,child,8,F4:2D:C9:73:E6:19,-95,88,310,310,0,0,0,0,0
462509636,NODE_B4BFE934ED80,child,8,F4:2D:C9:73:E6:19,-95,88,311,311,0,0,0,0,0
462609628,NODE_B4BFE934ED80,child,8,F4:2D:C9:73:E6:19,-95,88,311,311,0,0,0,0,0
462709633,NODE_B4BFE934ED80,child,8,F4:2D:C9:73:E6:19,-95,88,311,311,0,0,0,0,0
462809628,NODE_B4BFE934ED80,child,8,F4:2D:C9:73:E6:19,-95,88,311,311,0,0,0,0,0
462909624,NODE_B4BFE934ED80,child,8,F4:2D:C9:73:E6:19,-95,88,311,311,0,0,0,0,0
463009633,NODE_B4BFE934ED80,child,8,F4:2D:C9:73:E6:19,-95,88,311,311,0,0,0,0,0
463109636,NODE_B4BFE934ED80,child,8,F4:2D:C9:73:E6:19,-95,88,311,311,0,0,0,0,0
463209624,NODE_B4BFE934ED80,child,8,F4:2D:C9:73:E6:19,-95,88,311,311,0,0,0,0,0
463309625,NODE_B4BFE934ED80,child,8,F4:2D:C9:73:E6:19,-95,88,311,311,0,0,0,0,0
463410390,NODE_B4BFE934ED80,child,8,F4:2D:C9:73:E6:19,-95,88,311,311,0,0,0,0,0
463509624,NODE_B4BFE934ED80,child,8,F4:2D:C9:73:E6:19,-95,88,312,312,0,0,0,0,0
463609637,NODE_B4BFE934ED80,child,8,F4:2D:C9:73:E6:19,-95,88,312,312,0,0,0,0,0
463709628,NODE_B4BFE934ED80,child,8,F4:2D:C9:73:E6:19,-95,88,312,312,0,0,0,0,0
463809636,NODE_B4BFE934ED80,child,8,F4:2D:C9:73:E6:19,-95,88,312,312,0,0,0,0,0
463909625,NODE_B4BFE934ED80,child,8,F4:2D:C9:73:E6:19,-95,88,312,312,0,0,0,0,0
464009632,NODE_B4BFE934ED80,child,8,F4:2D:C9:73:E6:19,-95,88,312,312,0,0,0,0,0
464109624,NODE_B4BFE934ED80,child,8,F4:2D:C9:73:E6:19,-95,88,312,312,0,0,0,0,0
464209625,NODE_B4BFE934ED80,child,8,F4:2D:C9:73:E6:19,-95,88,312,312,0,0,0,0,0
464309624,NODE_B4BFE934ED80,child,8,F4:2D:C9:73:E6:19,-95,88,312,312,0,0,0,0,0
464410394,NODE_B4BFE934ED80,child,8,F4:2D:C9:73:E6:19,-95,88,312,312,0,0,0,0,0
464509633,NODE_B4BFE934ED80,child,8,F4:2D:C9:73:E6:19,-95,88,313,313,0,0,0,0,0
464609636,NODE_B4BFE934ED80,child,8,F4:2D:C9:73:E6:19,-95,88,313,313,0,0,0,0,0
464709624,NODE_B4BFE934ED80,child,8,F4:2D:C9:73:E6:19,-95,88,313,313,0,0,0,0,0
464809625,NODE_B4BFE934ED80,child,8,F4:2D:C9:73:E6:19,-95,88,313,313,0,0,0,0,0
464909624,NODE_B4BFE934ED80,child,8,F4:2D:C9:73:E6:19,-95,88,313,313,0,0,0,0,0
465009640,NODE_B4BFE934ED80,child,8,F4:2D:C9:73:E6:19,-96,88,313,313,0,0,0,0,0
465109625,NODE_B4BFE934ED80,child,8,F4:2D:C9:73:E6:19,-96,88,313,313,0,0,0,0,0
465209624,NODE_B4BFE934ED80,child,8,F4:2D:C9:73:E6:19,-96,88,313,313,0,0,0,0,0
465309624,NODE_B4BFE934ED80,child,8,F4:2D:C9:73:E6:19,-96,88,313,313,0,0,0,0,0
465410400,NODE_B4BFE934ED80,child,8,F4:2D:C9:73:E6:19,-96,88,313,313,0,0,0,0,0
465509632,NODE_B4BFE934ED80,child,8,F4:2D:C9:73:E6:19,-96,88,314,314,0,0,0,0,0
465609640,NODE_B4BFE934ED80,child,8,F4:2D:C9:73:E6:19,-96,88,314,314,0,0,0,0,0
465709625,NODE_B4BFE934ED80,child,8,F4:2D:C9:73:E6:19,-96,88,314,314,0,0,0,0,0
465809624,NODE_B4BFE934ED80,child,8,F4:2D:C9:73:E6:19,-96,88,314,314,0,0,0,0,0
465909624,NODE_B4BFE934ED80,child,8,F4:2D:C9:73:E6:19,-96,88,314,314,0,0,0,0,0
466009629,NODE_B4BFE934ED80,child,8,F4:2D:C9:73:E6:19,-96,88,314,314,0,0,0,0,0
466109636,NODE_B4BFE934ED80,child,8,F4:2D:C9:73:E6:19,-94,88,314,314,0,0,0,0,0
466209624,NODE_B4BFE934ED80,child,8,F4:2D:C9:73:E6:19,-94,88,314,314,0,0,0,0,0
466309633,NODE_B4BFE934ED80,child,8,F4:2D:C9:73:E6:19,-94,88,314,314,0,0,0,0,0
466409624,NODE_B4BFE934ED80,child,8,F4:2D:C9:73:E6:19,-94,88,314,314,0,0,0,0,0
466509624,NODE_B4BFE934ED80,child,8,F4:2D:C9:73:E6:19,-94,88,315,315,0,0,0,0,0
466609625,NODE_B4BFE934ED80,child,8,F4:2D:C9:73:E6:19,-94,88,315,315,0,0,0,0,0
466709632,NODE_B4BFE934ED80,child,8,F4:2D:C9:73:E6:19,-94,88,315,315,0,0,0,0,0
466809624,NODE_B4BFE934ED80,child,8,F4:2D:C9:73:E6:19,-94,88,315,315,0,0,0,0,0
466909625,NODE_B4BFE934ED80,child,8,F4:2D:C9:73:E6:19,-94,88,315,315,0,0,0,0,0
467009632,NODE_B4BFE934ED80,child,8,F4:2D:C9:73:E6:19,-94,88,315,315,0,0,0,0,0
467109636,NODE_B4BFE934ED80,child,8,F4:2D:C9:73:E6:19,-95,88,315,315,0,0,0,0,0
467209629,NODE_B4BFE934ED80,child,8,F4:2D:C9:73:E6:19,-95,88,315,315,0,0,0,0,0
467309624,NODE_B4BFE934ED80,child,8,F4:2D:C9:73:E6:19,-95,88,315,315,0,0,0,0,0
467409624,NODE_B4BFE934ED80,child,8,F4:2D:C9:73:E6:19,-95,88,315,315,0,0,0,0,0
467509625,NODE_B4BFE934ED80,child,8,F4:2D:C9:73:E6:19,-95,88,316,316,0,0,0,0,0
467609636,NODE_B4BFE934ED80,child,8,F4:2D:C9:73:E6:19,-95,88,316,316,0,0,0,0,0
467709628,NODE_B4BFE934ED80,child,8,F4:2D:C9:73:E6:19,-95,88,316,316,0,0,0,0,0
467809625,NODE_B4BFE934ED80,child,8,F4:2D:C9:73:E6:19,-95,88,316,316,0,0,0,0,0
467909624,NODE_B4BFE934ED80,child,8,F4:2D:C9:73:E6:19,-95,88,316,316,0,0,0,0,0
468009628,NODE_B4BFE934ED80,child,8,F4:2D:C9:73:E6:19,-95,88,316,316,0,0,0,0,0
468109637,NODE_B4BFE934ED80,child,8,F4:2D:C9:73:E6:19,-96,88,316,316,0,0,0,0,0
468209624,NODE_B4BFE934ED80,child,8,F4:2D:C9:73:E6:19,-96,88,316,316,0,0,0,0,0
468309632,NODE_B4BFE934ED80,child,8,F4:2D:C9:73:E6:19,-96,88,316,316,0,0,0,0,0
468409625,NODE_B4BFE934ED80,child,8,F4:2D:C9:73:E6:19,-96,88,316,316,0,0,0,0,0
468509628,NODE_B4BFE934ED80,child,8,F4:2D:C9:73:E6:19,-96,88,317,317,0,0,0,0,0
468609624,NODE_B4BFE934ED80,child,8,F4:2D:C9:73:E6:19,-96,88,317,317,0,0,0,0,0
468709633,NODE_B4BFE934ED80,child,8,F4:2D:C9:73:E6:19,-96,88,317,317,0,0,0,0,0
468809624,NODE_B4BFE934ED80,child,8,F4:2D:C9:73:E6:19,-96,88,317,317,0,0,0,0,0
468909632,NODE_B4BFE934ED80,child,8,F4:2D:C9:73:E6:19,-96,88,317,317,0,0,0,0,0
469009633,NODE_B4BFE934ED80,child,8,F4:2D:C9:73:E6:19,-96,88,317,317,0,0,0,0,0
469109632,NODE_B4BFE934ED80,child,8,F4:2D:C9:73:E6:19,-96,88,317,317,0,0,0,0,0
469209624,NODE_B4BFE934ED80,child,8,F4:2D:C9:73:E6:19,-96,88,317,317,0,0,0,0,0
469309625,NODE_B4BFE934ED80,child,8,F4:2D:C9:73:E6:19,-96,88,317,317,0,0,0,0,0
469409624,NODE_B4BFE934ED80,child,8,F4:2D:C9:73:E6:19,-96,88,317,317,0,0,0,0,0
469509628,NODE_B4BFE934ED80,child,8,F4:2D:C9:73:E6:19,-96,88,318,318,0,0,0,0,0
469609637,NODE_B4BFE934ED80,child,8,F4:2D:C9:73:E6:19,-96,88,318,318,0,0,0,0,0
469709632,NODE_B4BFE934ED80,child,8,F4:2D:C9:73:E6:19,-96,88,318,318,0,0,0,0,0
469809624,NODE_B4BFE934ED80,child,8,F4:2D:C9:73:E6:19,-96,88,318,318,0,0,0,0,0
469909625,NODE_B4BFE934ED80,child,8,F4:2D:C9:73:E6:19,-96,88,318,318,0,0,0,0,0
470009632,NODE_B4BFE934ED80,child,8,F4:2D:C9:73:E6:19,-96,88,318,318,0,0,0,0,0
470109669,NODE_B4BFE934ED80,child,8,F4:2D:C9:73:E6:19,-96,88,318,318,0,0,0,0,0
470209625,NODE_B4BFE934ED80,child,8,F4:2D:C9:73:E6:19,-96,88,318,318,0,0,0,0,0
470309632,NODE_B4BFE934ED80,child,8,F4:2D:C9:73:E6:19,-96,88,318,318,0,0,0,0,0
470409632,NODE_B4BFE934ED80,child,8,F4:2D:C9:73:E6:19,-96,88,318,318,0,0,0,0,0
470509629,NODE_B4BFE934ED80,child,8,F4:2D:C9:73:E6:19,-96,88,318,318,0,0,0,0,0
470609636,NODE_B4BFE934ED80,child,8,F4:2D:C9:73:E6:19,-96,88,318,318,0,0,0,0,0
470709628,NODE_B4BFE934ED80,child,8,F4:2D:C9:73:E6:19,-96,88,319,319,0,0,0,0,0
470809637,NODE_B4BFE934ED80,child,8,F4:2D:C9:73:E6:19,-96,88,319,319,0,0,0,0,0
470909624,NODE_B4BFE934ED80,child,8,F4:2D:C9:73:E6:19,-96,88,319,319,0,0,0,0,0
471009628,NODE_B4BFE934ED80,child,8,F4:2D:C9:73:E6:19,-96,88,319,319,0,0,0,0,0
471109629,NODE_B4BFE934ED80,child,8,F4:2D:C9:73:E6:19,-96,88,319,319,0,0,0,0,0
471209636,NODE_B4BFE934ED80,child,8,F4:2D:C9:73:E6:19,-95,88,319,319,0,0,0,0,0
471309624,NODE_B4BFE934ED80,child,8,F4:2D:C9:73:E6:19,-95,88,319,319,0,0,0,0,0
471409625,NODE_B4BFE934ED80,child,8,F4:2D:C9:73:E6:19,-95,88,319,319,0,0,0,0,0
471509632,NODE_B4BFE934ED80,child,8,F4:2D:C9:73:E6:19,-95,88,319,319,0,0,0,0,0
471609628,NODE_B4BFE934ED80,child,8,F4:2D:C9:73:E6:19,-95,88,319,319,0,0,0,0,0
471709629,NODE_B4BFE934ED80,child,8,F4:2D:C9:73:E6:19,-95,88,320,320,0,0,0,0,0
471809628,NODE_B4BFE934ED80,child,8,F4:2D:C9:73:E6:19,-95,88,320,320,0,0,0,0,0
471909624,NODE_B4BFE934ED80,child,8,F4:2D:C9:73:E6:19,-95,88,320,320,0,0,0,0,0
472009629,NODE_B4BFE934ED80,child,8,F4:2D:C9:73:E6:19,-95,88,320,320,0,0,0,0,0
472109636,NODE_B4BFE934ED80,child,8,F4:2D:C9:73:E6:19,-95,88,320,320,0,0,0,0,0
472209636,NODE_B4BFE934ED80,child,8,F4:2D:C9:73:E6:19,-94,88,320,320,0,0,0,0,0
472309625,NODE_B4BFE934ED80,child,8,F4:2D:C9:73:E6:19,-94,88,320,320,0,0,0,0,0
472409624,NODE_B4BFE934ED80,child,8,F4:2D:C9:73:E6:19,-94,88,320,320,0,0,0,0,0
472509624,NODE_B4BFE934ED80,child,8,F4:2D:C9:73:E6:19,-94,88,320,320,0,0,0,0,0
472609625,NODE_B4BFE934ED80,child,8,F4:2D:C9:73:E6:19,-94,88,320,320,0,0,0,0,0
472709624,NODE_B4BFE934ED80,child,8,F4:2D:C9:73:E6:19,-94,88,321,321,0,0,0,0,0
472809640,NODE_B4BFE934ED80,child,8,F4:2D:C9:73:E6:19,-94,88,321,321,0,0,0,0,0
472909625,NODE_B4BFE934ED80,child,8,F4:2D:C9:73:E6:19,-94,88,321,321,0,0,0,0,0
473009628,NODE_B4BFE934ED80,child,8,F4:2D:C9:73:E6:19,-94,88,321,321,0,0,0,0,0
473109624,NODE_B4BFE934ED80,child,8,F4:2D:C9:73:E6:19,-94,88,321,321,0,0,0,0,0
473209637,NODE_B4BFE934ED80,child,8,F4:2D:C9:73:E6:19,-96,88,321,321,0,0,0,0,0
473309624,NODE_B4BFE934ED80,child,8,F4:2D:C9:73:E6:19,-96,88,321,321,0,0,0,0,0
473409624,NODE_B4BFE934ED80,child,8,F4:2D:C9:73:E6:19,-96,88,321,321,0,0,0,0,0
473509633,NODE_B4BFE934ED80,child,8,F4:2D:C9:73:E6:19,-96,88,321,321,0,0,0,0,0
473609698,NODE_B4BFE934ED80,child,8,F4:2D:C9:73:E6:19,-96,88,321,321,0,0,0,0,0
473709628,NODE_B4BFE934ED80,child,8,F4:2D:C9:73:E6:19,-96,88,322,322,0,0,0,0,0
473809633,NODE_B4BFE934ED80,child,8,F4:2D:C9:73:E6:19,-96,88,322,322,0,0,0,0,0
473909632,NODE_B4BFE934ED80,child,8,F4:2D:C9:73:E6:19,-96,88,322,322,0,0,0,0,0
474009628,NODE_B4BFE934ED80,child,8,F4:2D:C9:73:E6:19,-96,88,322,322,0,0,0,0,0
474109633,NODE_B4BFE934ED80,child,8,F4:2D:C9:73:E6:19,-96,88,322,322,0,0,0,0,0
474209628,NODE_B4BFE934ED80,child,8,F4:2D:C9:73:E6:19,-96,88,322,322,0,0,0,0,0
474309624,NODE_B4BFE934ED80,child,8,F4:2D:C9:73:E6:19,-96,88,322,322,0,0,0,0,0
474409625,NODE_B4BFE934ED80,child,8,F4:2D:C9:73:E6:19,-96,88,322,322,0,0,0,0,0
474509624,NODE_B4BFE934ED80,child,8,F4:2D:C9:73:E6:19,-96,88,322,322,0,0,0,0,0
474609624,NODE_B4BFE934ED80,child,8,F4:2D:C9:73:E6:19,-96,88,322,322,0,0,0,0,0
474709629,NODE_B4BFE934ED80,child,8,F4:2D:C9:73:E6:19,-96,88,323,323,0,0,0,0,0
474809632,NODE_B4BFE934ED80,child,8,F4:2D:C9:73:E6:19,-96,88,323,323,0,0,0,0,0
474909628,NODE_B4BFE934ED80,child,8,F4:2D:C9:73:E6:19,-96,88,323,323,0,0,0,0,0
475009629,NODE_B4BFE934ED80,child,8,F4:2D:C9:73:E6:19,-96,88,323,323,0,0,0,0,0
475109628,NODE_B4BFE934ED80,child,8,F4:2D:C9:73:E6:19,-96,88,323,323,0,0,0,0,0
475209624,NODE_B4BFE934ED80,child,8,F4:2D:C9:73:E6:19,-96,88,323,323,0,0,0,0,0
475309633,NODE_B4BFE934ED80,child,8,F4:2D:C9:73:E6:19,-94,88,323,323,0,0,0,0,0
475409624,NODE_B4BFE934ED80,child,8,F4:2D:C9:73:E6:19,-94,88,323,323,0,0,0,0,0
475509636,NODE_B4BFE934ED80,child,8,F4:2D:C9:73:E6:19,-94,88,323,323,0,0,0,0,0
475610399,NODE_B4BFE934ED80,child,8,F4:2D:C9:73:E6:19,-94,88,323,323,0,0,0,0,0
475709628,NODE_B4BFE934ED80,child,8,F4:2D:C9:73:E6:19,-94,88,324,324,0,0,0,0,0
475809624,NODE_B4BFE934ED80,child,8,F4:2D:C9:73:E6:19,-94,88,324,324,0,0,0,0,0
475909633,NODE_B4BFE934ED80,child,8,F4:2D:C9:73:E6:19,-94,88,324,324,0,0,0,0,0
476009628,NODE_B4BFE934ED80,child,8,F4:2D:C9:73:E6:19,-94,88,324,324,0,0,0,0,0
476109632,NODE_B4BFE934ED80,child,8,F4:2D:C9:73:E6:19,-94,88,324,324,0,0,0,0,0
476209625,NODE_B4BFE934ED80,child,8,F4:2D:C9:73:E6:19,-94,88,324,324,0,0,0,0,0
476309636,NODE_B4BFE934ED80,child,8,F4:2D:C9:73:E6:19,-97,88,324,324,0,0,0,0,0
476409624,NODE_B4BFE934ED80,child,8,F4:2D:C9:73:E6:19,-97,88,324,324,0,0,0,0,0
476509625,NODE_B4BFE934ED80,child,8,F4:2D:C9:73:E6:19,-97,88,324,324,0,0,0,0,0
476609632,NODE_B4BFE934ED80,child,8,F4:2D:C9:73:E6:19,-97,88,324,324,0,0,0,0,0
476709628,NODE_B4BFE934ED80,child,8,F4:2D:C9:73:E6:19,-97,88,325,325,0,0,0,0,0
476809625,NODE_B4BFE934ED80,child,8,F4:2D:C9:73:E6:19,-97,88,325,325,0,0,0,0,0
476909632,NODE_B4BFE934ED80,child,8,F4:2D:C9:73:E6:19,-97,88,325,325,0,0,0,0,0
477009628,NODE_B4BFE934ED80,child,8,F4:2D:C9:73:E6:19,-97,88,325,325,0,0,0,0,0
477109625,NODE_B4BFE934ED80,child,8,F4:2D:C9:73:E6:19,-97,88,325,325,0,0,0,0,0
477209624,NODE_B4BFE934ED80,child,8,F4:2D:C9:73:E6:19,-97,88,325,325,0,0,0,0,0
477309644,NODE_B4BFE934ED80,child,8,F4:2D:C9:73:E6:19,-94,88,325,325,0,0,0,0,0
477409625,NODE_B4BFE934ED80,child,8,F4:2D:C9:73:E6:19,-94,88,325,325,0,0,0,0,0
477509624,NODE_B4BFE934ED80,child,8,F4:2D:C9:73:E6:19,-94,88,325,325,0,0,0,0,0
477609624,NODE_B4BFE934ED80,child,8,F4:2D:C9:73:E6:19,-94,88,325,325,0,0,0,0,0
477709629,NODE_B4BFE934ED80,child,8,F4:2D:C9:73:E6:19,-94,88,326,326,0,0,0,0,0
477809628,NODE_B4BFE934ED80,child,8,F4:2D:C9:73:E6:19,-94,88,326,326,0,0,0,0,0
477909628,NODE_B4BFE934ED80,child,8,F4:2D:C9:73:E6:19,-94,88,326,326,0,0,0,0,0
478009633,NODE_B4BFE934ED80,child,8,F4:2D:C9:73:E6:19,-94,88,326,326,0,0,0,0,0
478109628,NODE_B4BFE934ED80,child,8,F4:2D:C9:73:E6:19,-94,88,326,326,0,0,0,0,0
478209624,NODE_B4BFE934ED80,child,8,F4:2D:C9:73:E6:19,-94,88,326,326,0,0,0,0,0
478309637,NODE_B4BFE934ED80,child,8,F4:2D:C9:73:E6:19,-94,88,326,326,0,0,0,0,0
478409624,NODE_B4BFE934ED80,child,8,F4:2D:C9:73:E6:19,-94,88,326,326,0,0,0,0,0
478509624,NODE_B4BFE934ED80,child,8,F4:2D:C9:73:E6:19,-94,88,326,326,0,0,0,0,0
478609637,NODE_B4BFE934ED80,child,8,F4:2D:C9:73:E6:19,-94,88,326,326,0,0,0,0,0
478709628,NODE_B4BFE934ED80,child,8,F4:2D:C9:73:E6:19,-94,88,326,326,0,0,0,0,0
478809632,NODE_B4BFE934ED80,child,8,F4:2D:C9:73:E6:19,-94,88,327,327,0,0,0,0,0
478909633,NODE_B4BFE934ED80,child,8,F4:2D:C9:73:E6:19,-94,88,327,327,0,0,0,0,0
479009628,NODE_B4BFE934ED80,child,8,F4:2D:C9:73:E6:19,-94,88,327,327,0,0,0,0,0
479109624,NODE_B4BFE934ED80,child,8,F4:2D:C9:73:E6:19,-94,88,327,327,0,0,0,0,0
479209629,NODE_B4BFE934ED80,child,8,F4:2D:C9:73:E6:19,-94,88,327,327,0,0,0,0,0
479309632,NODE_B4BFE934ED80,child,8,F4:2D:C9:73:E6:19,-94,88,327,327,0,0,0,0,0
479409632,NODE_B4BFE934ED80,child,8,F4:2D:C9:73:E6:19,-94,88,327,327,0,0,0,0,0
479509629,NODE_B4BFE934ED80,child,8,F4:2D:C9:73:E6:19,-94,88,327,327,0,0,0,0,0
479609624,NODE_B4BFE934ED80,child,8,F4:2D:C9:73:E6:19,-94,88,327,327,0,0,0,0,0
479709624,NODE_B4BFE934ED80,child,8,F4:2D:C9:73:E6:19,-94,88,327,327,0,0,0,0,0
479809629,NODE_B4BFE934ED80,child,8,F4:2D:C9:73:E6:19,-94,88,328,328,0,0,0,0,0
479909624,NODE_B4BFE934ED80,child,8,F4:2D:C9:73:E6:19,-94,88,328,328,0,0,0,0,0
480009636,NODE_B4BFE934ED80,child,8,F4:2D:C9:73:E6:19,-94,88,328,328,0,0,0,0,0
480109625,NODE_B4BFE934ED80,child,8,F4:2D:C9:73:E6:19,-94,88,328,328,0,0,0,0,0
480209624,NODE_B4BFE934ED80,child,8,F4:2D:C9:73:E6:19,-94,88,328,328,0,0,0,0,0
480309624,NODE_B4BFE934ED80,child,8,F4:2D:C9:73:E6:19,-94,88,328,328,0,0,0,0,0
480409637,NODE_B4BFE934ED80,child,8,F4:2D:C9:73:E6:19,-95,88,328,328,0,0,0,0,0
480509632,NODE_B4BFE934ED80,child,8,F4:2D:C9:73:E6:19,-95,88,328,328,0,0,0,0,0
480609636,NODE_B4BFE934ED80,child,8,F4:2D:C9:73:E6:19,-95,88,328,328,0,0,0,0,0
480709625,NODE_B4BFE934ED80,child,8,F4:2D:C9:73:E6:19,-95,88,328,328,0,0,0,0,0
480809624,NODE_B4BFE934ED80,child,8,F4:2D:C9:73:E6:19,-95,88,329,329,0,0,0,0,0
480909624,NODE_B4BFE934ED80,child,8,F4:2D:C9:73:E6:19,-95,88,329,329,0,0,0,0,0
481009637,NODE_B4BFE934ED80,child,8,F4:2D:C9:73:E6:19,-95,88,329,329,0,0,0,0,0
481109624,NODE_B4BFE934ED80,child,8,F4:2D:C9:73:E6:19,-95,88,329,329,0,0,0,0,0
481209624,NODE_B4BFE934ED80,child,8,F4:2D:C9:73:E6:19,-95,88,329,329,0,0,0,0,0
481309633,NODE_B4BFE934ED80,child,8,F4:2D:C9:73:E6:19,-95,88,329,329,0,0,0,0,0
481409632,NODE_B4BFE934ED80,child,8,F4:2D:C9:73:E6:19,-98,88,329,329,0,0,0,0,0
481509624,NODE_B4BFE934ED80,child,8,F4:2D:C9:73:E6:19,-98,88,329,329,0,0,0,0,0
481609625,NODE_B4BFE934ED80,child,8,F4:2D:C9:73:E6:19,-98,88,329,329,0,0,0,0,0
481709628,NODE_B4BFE934ED80,child,8,F4:2D:C9:73:E6:19,-98,88,329,329,0,0,0,0,0
481809624,NODE_B4BFE934ED80,child,8,F4:2D:C9:73:E6:19,-98,88,330,330,0,0,0,0,0
481909625,NODE_B4BFE934ED80,child,8,F4:2D:C9:73:E6:19,-98,88,330,330,0,0,0,0,0
482009636,NODE_B4BFE934ED80,child,8,F4:2D:C9:73:E6:19,-98,88,330,330,0,0,0,0,0
482109624,NODE_B4BFE934ED80,child,8,F4:2D:C9:73:E6:19,-98,88,330,330,0,0,0,0,0
482209625,NODE_B4BFE934ED80,child,8,F4:2D:C9:73:E6:19,-98,88,330,330,0,0,0,0,0
482309636,NODE_B4BFE934ED80,child,8,F4:2D:C9:73:E6:19,-98,88,330,330,0,0,0,0,0
482409636,NODE_B4BFE934ED80,child,8,F4:2D:C9:73:E6:19,-96,88,330,330,0,0,0,0,0
482509625,NODE_B4BFE934ED80,child,8,F4:2D:C9:73:E6:19,-96,88,330,330,0,0,0,0,0
482609632,NODE_B4BFE934ED80,child,8,F4:2D:C9:73:E6:19,-96,88,330,330,0,0,0,0,0
482709624,NODE_B4BFE934ED80,child,8,F4:2D:C9:73:E6:19,-96,88,330,330,0,0,0,0,0
482809625,NODE_B4BFE934ED80,child,8,F4:2D:C9:73:E6:19,-96,88,331,331,0,0,0,0,0
482909624,NODE_B4BFE934ED80,child,8,F4:2D:C9:73:E6:19,-96,88,331,331,0,0,0,0,0
483009636,NODE_B4BFE934ED80,child,8,F4:2D:C9:73:E6:19,-96,88,331,331,0,0,0,0,0
483109633,NODE_B4BFE934ED80,child,8,F4:2D:C9:73:E6:19,-96,88,331,331,0,0,0,0,0
483209624,NODE_B4BFE934ED80,child,8,F4:2D:C9:73:E6:19,-96,88,331,331,0,0,0,0,0
483309624,NODE_B4BFE934ED80,child,8,F4:2D:C9:73:E6:19,-96,88,331,331,0,0,0,0,0
483409625,NODE_B4BFE934ED80,child,8,F4:2D:C9:73:E6:19,-96,88,331,331,0,0,0,0,0
483509636,NODE_B4BFE934ED80,child,8,F4:2D:C9:73:E6:19,-93,88,331,331,0,0,0,0,0
483609624,NODE_B4BFE934ED80,child,8,F4:2D:C9:73:E6:19,-93,88,331,331,0,0,0,0,0
483709629,NODE_B4BFE934ED80,child,8,F4:2D:C9:73:E6:19,-93,88,331,331,0,0,0,0,0
483809632,NODE_B4BFE934ED80,child,8,F4:2D:C9:73:E6:19,-93,88,332,332,0,0,0,0,0
483909632,NODE_B4BFE934ED80,child,8,F4:2D:C9:73:E6:19,-93,88,332,332,0,0,0,0,0
484009629,NODE_B4BFE934ED80,child,8,F4:2D:C9:73:E6:19,-93,88,332,332,0,0,0,0,0
484109628,NODE_B4BFE934ED80,child,8,F4:2D:C9:73:E6:19,-93,88,332,332,0,0,0,0,0
484209624,NODE_B4BFE934ED80,child,8,F4:2D:C9:73:E6:19,-93,88,332,332,0,0,0,0,0
484309629,NODE_B4BFE934ED80,child,8,F4:2D:C9:73:E6:19,-93,88,332,332,0,0,0,0,0
484409624,NODE_B4BFE934ED80,child,8,F4:2D:C9:73:E6:19,-93,88,332,332,0,0,0,0,0
484509640,NODE_B4BFE934ED80,child,8,F4:2D:C9:73:E6:19,-95,88,332,332,0,0,0,0,0
484609625,NODE_B4BFE934ED80,child,8,F4:2D:C9:73:E6:19,-95,88,332,332,0,0,0,0,0
484709628,NODE_B4BFE934ED80,child,8,F4:2D:C9:73:E6:19,-95,88,332,332,0,0,0,0,0
484809624,NODE_B4BFE934ED80,child,8,F4:2D:C9:73:E6:19,-95,88,333,333,0,0,0,0,0
484909625,NODE_B4BFE934ED80,child,8,F4:2D:C9:73:E6:19,-95,88,333,333,0,0,0,0,0
485009628,NODE_B4BFE934ED80,child,8,F4:2D:C9:73:E6:19,-95,88,333,333,0,0,0,0,0
485109636,NODE_B4BFE934ED80,child,8,F4:2D:C9:73:E6:19,-95,88,333,333,0,0,0,0,0
485209625,NODE_B4BFE934ED80,child,8,F4:2D:C9:73:E6:19,-95,88,333,333,0,0,0,0,0
485309624,NODE_B4BFE934ED80,child,8,F4:2D:C9:73:E6:19,-95,88,333,333,0,0,0,0,0
485409624,NODE_B4BFE934ED80,child,8,F4:2D:C9:73:E6:19,-95,88,333,333,0,0,0,0,0
485509637,NODE_B4BFE934ED80,child,8,F4:2D:C9:73:E6:19,-94,88,333,333,0,0,0,0,0
485609636,NODE_B4BFE934ED80,child,8,F4:2D:C9:73:E6:19,-94,88,333,333,0,0,0,0,0
485709628,NODE_B4BFE934ED80,child,8,F4:2D:C9:73:E6:19,-94,88,333,333,0,0,0,0,0
485809629,NODE_B4BFE934ED80,child,8,F4:2D:C9:73:E6:19,-94,88,334,334,0,0,0,0,0
485909624,NODE_B4BFE934ED80,child,8,F4:2D:C9:73:E6:19,-94,88,334,334,0,0,0,0,0
486009628,NODE_B4BFE934ED80,child,8,F4:2D:C9:73:E6:19,-94,88,334,334,0,0,0,0,0
486109637,NODE_B4BFE934ED80,child,8,F4:2D:C9:73:E6:19,-94,88,334,334,0,0,0,0,0
486209624,NODE_B4BFE934ED80,child,8,F4:2D:C9:73:E6:19,-94,88,334,334,0,0,0,0,0
486309624,NODE_B4BFE934ED80,child,8,F4:2D:C9:73:E6:19,-94,88,334,334,0,0,0,0,0
486409663,NODE_B4BFE934ED80,child,8,F4:2D:C9:73:E6:19,-94,88,334,334,0,0,0,0,0
486509640,NODE_B4BFE934ED80,child,8,F4:2D:C9:73:E6:19,-94,88,334,334,0,0,0,0,0
486609624,NODE_B4BFE934ED80,child,8,F4:2D:C9:73:E6:19,-94,88,334,334,0,0,0,0,0
486709625,NODE_B4BFE934ED80,child,8,F4:2D:C9:73:E6:19,-94,88,334,334,0,0,0,0,0
486809624,NODE_B4BFE934ED80,child,8,F4:2D:C9:73:E6:19,-94,88,335,335,0,0,0,0,0
486909624,NODE_B4BFE934ED80,child,8,F4:2D:C9:73:E6:19,-94,88,335,335,0,0,0,0,0
487009629,NODE_B4BFE934ED80,child,8,F4:2D:C9:73:E6:19,-94,88,335,335,0,0,0,0,0
487109636,NODE_B4BFE934ED80,child,8,F4:2D:C9:73:E6:19,-94,88,335,335,0,0,0,0,0
487209624,NODE_B4BFE934ED80,child,8,F4:2D:C9:73:E6:19,-94,88,335,335,0,0,0,0,0
487309625,NODE_B4BFE934ED80,child,8,F4:2D:C9:73:E6:19,-94,88,335,335,0,0,0,0,0
487409624,NODE_B4BFE934ED80,child,8,F4:2D:C9:73:E6:19,-94,88,335,335,0,0,0,0,0
487509632,NODE_B4BFE934ED80,child,8,F4:2D:C9:73:E6:19,-94,88,335,335,0,0,0,0,0
487609637,NODE_B4BFE934ED80,child,8,F4:2D:C9:73:E6:19,-93,88,335,335,0,0,0,0,0
487709628,NODE_B4BFE934ED80,child,8,F4:2D:C9:73:E6:19,-93,88,335,335,0,0,0,0,0
487809624,NODE_B4BFE934ED80,child,8,F4:2D:C9:73:E6:19,-93,88,336,336,0,0,0,0,0
487909625,NODE_B4BFE934ED80,child,8,F4:2D:C9:73:E6:19,-93,88,336,336,0,0,0,0,0
488009628,NODE_B4BFE934ED80,child,8,F4:2D:C9:73:E6:19,-93,88,336,336,0,0,0,0,0
488109624,NODE_B4BFE934ED80,child,8,F4:2D:C9:73:E6:19,-93,88,336,336,0,0,0,0,0
488209637,NODE_B4BFE934ED80,child,8,F4:2D:C9:73:E6:19,-93,88,336,336,1,1,0,0,0
488309636,NODE_B4BFE934ED80,child,8,F4:2D:C9:73:E6:19,-93,88,336,336,1,1,0,0,0
488409624,NODE_B4BFE934ED80,child,8,F4:2D:C9:73:E6:19,-93,88,336,336,1,1,0,0,0
488509629,NODE_B4BFE934ED80,child,8,F4:2D:C9:73:E6:19,-93,88,336,336,1,1,0,0,0
488609628,NODE_B4BFE934ED80,child,8,F4:2D:C9:73:E6:19,-93,88,336,336,1,1,0,0,0
488709628,NODE_B4BFE934ED80,child,8,F4:2D:C9:73:E6:19,-93,88,336,336,1,1,0,0,0
488809625,NODE_B4BFE934ED80,child,8,F4:2D:C9:73:E6:19,-93,88,337,337,1,1,0,0,0
488909628,NODE_B4BFE934ED80,child,8,F4:2D:C9:73:E6:19,-93,88,337,337,1,1,0,0,0
489009636,NODE_B4BFE934ED80,child,8,F4:2D:C9:73:E6:19,-93,88,337,337,1,1,0,0,0
489109629,NODE_B4BFE934ED80,child,8,F4:2D:C9:73:E6:19,-93,88,337,337,1,1,0,0,0
489209628,NODE_B4BFE934ED80,child,8,F4:2D:C9:73:E6:19,-93,88,337,337,1,1,0,0,0
489309624,NODE_B4BFE934ED80,child,8,F4:2D:C9:73:E6:19,-93,88,337,337,1,1,0,0,0
489409625,NODE_B4BFE934ED80,child,8,F4:2D:C9:73:E6:19,-93,88,337,337,1,1,0,0,0
489509628,NODE_B4BFE934ED80,child,8,F4:2D:C9:73:E6:19,-93,88,337,337,1,1,0,0,0
489609644,NODE_B4BFE934ED80,child,8,F4:2D:C9:73:E6:19,-91,88,337,337,1,1,0,0,0
489709625,NODE_B4BFE934ED80,child,8,F4:2D:C9:73:E6:19,-91,88,337,337,1,1,0,0,0
489809624,NODE_B4BFE934ED80,child,8,F4:2D:C9:73:E6:19,-91,88,338,338,1,1,0,0,0
489909624,NODE_B4BFE934ED80,child,8,F4:2D:C9:73:E6:19,-91,88,338,338,1,1,0,0,0
490009629,NODE_B4BFE934ED80,child,8,F4:2D:C9:73:E6:19,-91,88,338,338,1,1,0,0,0
490109624,NODE_B4BFE934ED80,child,8,F4:2D:C9:73:E6:19,-91,88,338,338,1,1,0,0,0
490209628,NODE_B4BFE934ED80,child,8,F4:2D:C9:73:E6:19,-91,88,338,338,1,1,0,0,0
490309633,NODE_B4BFE934ED80,child,8,F4:2D:C9:73:E6:19,-91,88,338,338,1,1,0,0,0
490409624,NODE_B4BFE934ED80,child,8,F4:2D:C9:73:E6:19,-91,88,338,338,1,1,0,0,0
490509624,NODE_B4BFE934ED80,child,8,F4:2D:C9:73:E6:19,-91,88,338,338,1,1,0,0,0
490609641,NODE_B4BFE934ED80,child,8,F4:2D:C9:73:E6:19,-96,88,338,338,1,1,0,0,0
490709628,NODE_B4BFE934ED80,child,8,F4:2D:C9:73:E6:19,-96,88,338,338,1,1,0,0,0
490809624,NODE_B4BFE934ED80,child,8,F4:2D:C9:73:E6:19,-96,88,339,339,1,1,0,0,0
490909626,NODE_B4BFE934ED80,child,8,F4:2D:C9:73:E6:19,-96,88,339,339,1,1,0,0,0
491009636,NODE_B4BFE934ED80,child,8,F4:2D:C9:73:E6:19,-96,88,339,339,1,1,0,0,0
491109632,NODE_B4BFE934ED80,child,8,F4:2D:C9:73:E6:19,-96,88,339,339,1,1,0,0,0
491209625,NODE_B4BFE934ED80,child,8,F4:2D:C9:73:E6:19,-96,88,339,339,1,1,0,0,0
491309628,NODE_B4BFE934ED80,child,8,F4:2D:C9:73:E6:19,-96,88,339,339,1,1,0,0,0
491409624,NODE_B4BFE934ED80,child,8,F4:2D:C9:73:E6:19,-96,88,339,339,1,1,0,0,0
491509629,NODE_B4BFE934ED80,child,8,F4:2D:C9:73:E6:19,-96,88,339,339,1,1,0,0,0
491610003,NODE_B4BFE934ED80,child,8,F4:2D:C9:73:E6:19,-95,88,339,339,1,1,0,0,0
491709632,NODE_B4BFE934ED80,child,8,F4:2D:C9:73:E6:19,-95,88,339,339,1,1,0,0,0
491809625,NODE_B4BFE934ED80,child,8,F4:2D:C9:73:E6:19,-95,88,340,340,1,1,0,0,0
491909624,NODE_B4BFE934ED80,child,8,F4:2D:C9:73:E6:19,-95,88,340,340,1,1,0,0,0
492009628,NODE_B4BFE934ED80,child,8,F4:2D:C9:73:E6:19,-95,88,340,340,1,1,0,0,0
492109629,NODE_B4BFE934ED80,child,8,F4:2D:C9:73:E6:19,-95,88,340,340,1,1,0,0,0
492209712,NODE_B4BFE934ED80,child,8,F4:2D:C9:73:E6:19,-95,88,340,340,1,1,0,0,0
492309640,NODE_B4BFE934ED80,child,8,F4:2D:C9:73:E6:19,-95,88,340,340,1,1,0,0,0
492409629,NODE_B4BFE934ED80,child,8,F4:2D:C9:73:E6:19,-95,88,340,340,1,1,0,0,0
492509624,NODE_B4BFE934ED80,child,8,F4:2D:C9:73:E6:19,-95,88,340,340,1,1,0,0,0
492609624,NODE_B4BFE934ED80,child,8,F4:2D:C9:73:E6:19,-95,88,340,340,1,1,0,0,0
492709637,NODE_B4BFE934ED80,child,8,F4:2D:C9:73:E6:19,-93,88,340,340,1,1,0,0,0
492809628,NODE_B4BFE934ED80,child,8,F4:2D:C9:73:E6:19,-93,88,341,341,1,1,0,0,0
492909624,NODE_B4BFE934ED80,child,8,F4:2D:C9:73:E6:19,-93,88,341,341,1,1,0,0,0
493009637,NODE_B4BFE934ED80,child,8,F4:2D:C9:73:E6:19,-93,88,341,341,1,1,0,0,0
493109624,NODE_B4BFE934ED80,child,8,F4:2D:C9:73:E6:19,-93,88,341,341,1,1,0,0,0
493209624,NODE_B4BFE934ED80,child,8,F4:2D:C9:73:E6:19,-93,88,341,341,1,1,0,0,0
493309629,NODE_B4BFE934ED80,child,8,F4:2D:C9:73:E6:19,-93,88,341,341,1,1,0,0,0
493409624,NODE_B4BFE934ED80,child,8,F4:2D:C9:73:E6:19,-93,88,341,341,1,1,0,0,0
493509624,NODE_B4BFE934ED80,child,8,F4:2D:C9:73:E6:19,-93,88,341,341,1,1,0,0,0
493609633,NODE_B4BFE934ED80,child,8,F4:2D:C9:73:E6:19,-93,88,341,341,1,1,0,0,0
493709636,NODE_B4BFE934ED80,child,8,F4:2D:C9:73:E6:19,-94,88,341,341,1,1,0,0,0
493809624,NODE_B4BFE934ED80,child,8,F4:2D:C9:73:E6:19,-94,88,342,342,1,1,0,0,0
493909625,NODE_B4BFE934ED80,child,8,F4:2D:C9:73:E6:19,-94,88,342,342,1,1,0,0,0
494009628,NODE_B4BFE934ED80,child,8,F4:2D:C9:73:E6:19,-94,88,342,342,1,1,0,0,0
494109636,NODE_B4BFE934ED80,child,8,F4:2D:C9:73:E6:19,-94,88,342,342,1,1,0,0,0
494209625,NODE_B4BFE934ED80,child,8,F4:2D:C9:73:E6:19,-94,88,342,342,1,1,0,0,0
494309628,NODE_B4BFE934ED80,child,8,F4:2D:C9:73:E6:19,-94,88,342,342,1,1,0,0,0
494409624,NODE_B4BFE934ED80,child,8,F4:2D:C9:73:E6:19,-94,88,342,342,1,1,0,0,0
494509629,NODE_B4BFE934ED80,child,8,F4:2D:C9:73:E6:19,-94,88,342,342,1,1,0,0,0
494609628,NODE_B4BFE934ED80,child,8,F4:2D:C9:73:E6:19,-94,88,342,342,1,1,0,0,0
494709628,NODE_B4BFE934ED80,child,8,F4:2D:C9:73:E6:19,-91,88,342,342,1,1,0,0,0
494809629,NODE_B4BFE934ED80,child,8,F4:2D:C9:73:E6:19,-91,88,343,343,1,1,0,0,0
494909624,NODE_B4BFE934ED80,child,8,F4:2D:C9:73:E6:19,-91,88,343,343,1,1,0,0,0
495009628,NODE_B4BFE934ED80,child,8,F4:2D:C9:73:E6:19,-91,88,343,343,1,1,0,0,0
495109625,NODE_B4BFE934ED80,child,8,F4:2D:C9:73:E6:19,-91,88,343,343,1,1,0,0,0
495209624,NODE_B4BFE934ED80,child,8,F4:2D:C9:73:E6:19,-91,88,343,343,1,1,0,0,0
495309624,NODE_B4BFE934ED80,child,8,F4:2D:C9:73:E6:19,-91,88,343,343,1,1,0,0,0
495409629,NODE_B4BFE934ED80,child,8,F4:2D:C9:73:E6:19,-91,88,343,343,1,1,0,0,0
495509632,NODE_B4BFE934ED80,child,8,F4:2D:C9:73:E6:19,-91,88,343,343,1,1,0,0,0
495609624,NODE_B4BFE934ED80,child,8,F4:2D:C9:73:E6:19,-91,88,343,343,1,1,0,0,0
495709637,NODE_B4BFE934ED80,child,8,F4:2D:C9:73:E6:19,-94,88,343,343,1,1,0,0,0
495809628,NODE_B4BFE934ED80,child,8,F4:2D:C9:73:E6:19,-94,88,343,343,1,1,0,0,0
495909628,NODE_B4BFE934ED80,child,8,F4:2D:C9:73:E6:19,-94,88,344,344,1,1,0,0,0
496009629,NODE_B4BFE934ED80,child,8,F4:2D:C9:73:E6:19,-94,88,344,344,1,1,0,0,0
496109636,NODE_B4BFE934ED80,child,8,F4:2D:C9:73:E6:19,-94,88,344,344,1,1,0,0,0
496209628,NODE_B4BFE934ED80,child,8,F4:2D:C9:73:E6:19,-94,88,344,344,1,1,0,0,0
496309629,NODE_B4BFE934ED80,child,8,F4:2D:C9:73:E6:19,-94,88,344,344,1,1,0,0,0
496409628,NODE_B4BFE934ED80,child,8,F4:2D:C9:73:E6:19,-94,88,344,344,1,1,0,0,0
496509624,NODE_B4BFE934ED80,child,8,F4:2D:C9:73:E6:19,-94,88,344,344,1,1,0,0,0
496609633,NODE_B4BFE934ED80,child,8,F4:2D:C9:73:E6:19,-94,88,344,344,1,1,0,0,0
496709636,NODE_B4BFE934ED80,child,8,F4:2D:C9:73:E6:19,-94,88,344,344,1,1,0,0,0
496810413,NODE_B4BFE934ED80,child,8,F4:2D:C9:73:E6:19,-95,88,344,344,1,1,0,0,0
496909637,NODE_B4BFE934ED80,child,8,F4:2D:C9:73:E6:19,-95,88,345,345,1,1,0,0,0
497009628,NODE_B4BFE934ED80,child,8,F4:2D:C9:73:E6:19,-95,88,345,345,1,1,0,0,0
497109624,NODE_B4BFE934ED80,child,8,F4:2D:C9:73:E6:19,-95,88,345,345,1,1,0,0,0
497209625,NODE_B4BFE934ED80,child,8,F4:2D:C9:73:E6:19,-95,88,345,345,1,1,0,0,0
497309624,NODE_B4BFE934ED80,child,8,F4:2D:C9:73:E6:19,-95,88,345,345,1,1,0,0,0
497409628,NODE_B4BFE934ED80,child,8,F4:2D:C9:73:E6:19,-95,88,345,345,1,1,0,0,0
497509637,NODE_B4BFE934ED80,child,8,F4:2D:C9:73:E6:19,-95,88,345,345,1,1,0,0,0
497609624,NODE_B4BFE934ED80,child,8,F4:2D:C9:73:E6:19,-95,88,345,345,1,1,0,0,0
497709821,NODE_B4BFE934ED80,child,8,F4:2D:C9:73:E6:19,-95,88,345,345,1,1,0,0,0
497810390,NODE_B4BFE934ED80,child,8,F4:2D:C9:73:E6:19,-93,88,345,345,1,1,0,0,0
497909632,NODE_B4BFE934ED80,child,8,F4:2D:C9:73:E6:19,-93,88,346,346,1,1,0,0,0
498009628,NODE_B4BFE934ED80,child,8,F4:2D:C9:73:E6:19,-93,88,346,346,1,1,0,0,0
498109633,NODE_B4BFE934ED80,child,8,F4:2D:C9:73:E6:19,-93,88,346,346,1,1,0,0,0
498209624,NODE_B4BFE934ED80,child,8,F4:2D:C9:73:E6:19,-93,88,346,346,1,1,0,0,0
498309624,NODE_B4BFE934ED80,child,8,F4:2D:C9:73:E6:19,-93,88,346,346,1,1,0,0,0
498409633,NODE_B4BFE934ED80,child,8,F4:2D:C9:73:E6:19,-93,88,346,346,1,1,0,0,0
498509624,NODE_B4BFE934ED80,child,8,F4:2D:C9:73:E6:19,-93,88,346,346,1,1,0,0,0
498609624,NODE_B4BFE934ED80,child,8,F4:2D:C9:73:E6:19,-93,88,346,346,1,1,0,0,0
498709629,NODE_B4BFE934ED80,child,8,F4:2D:C9:73:E6:19,-93,88,346,346,1,1,0,0,0
498810386,NODE_B4BFE934ED80,child,8,F4:2D:C9:73:E6:19,-95,88,346,346,1,1,0,0,0
498909632,NODE_B4BFE934ED80,child,8,F4:2D:C9:73:E6:19,-95,88,347,347,1,1,0,0,0
499009629,NODE_B4BFE934ED80,child,8,F4:2D:C9:73:E6:19,-95,88,347,347,1,1,0,0,0
499109628,NODE_B4BFE934ED80,child,8,F4:2D:C9:73:E6:19,-95,88,347,347,1,1,0,0,0
499209778,NODE_B4BFE934ED80,child,8,F4:2D:C9:73:E6:19,-95,88,347,347,1,1,0,0,0
499309633,NODE_B4BFE934ED80,child,8,F4:2D:C9:73:E6:19,-95,88,347,347,1,1,0,0,0
499409624,NODE_B4BFE934ED80,child,8,F4:2D:C9:73:E6:19,-95,88,347,347,1,1,0,0,0
499509640,NODE_B4BFE934ED80,child,8,F4:2D:C9:73:E6:19,-95,88,347,347,1,1,0,0,0
499609633,NODE_B4BFE934ED80,child,8,F4:2D:C9:73:E6:19,-95,88,347,347,1,1,0,0,0
499709632,NODE_B4BFE934ED80,child,8,F4:2D:C9:73:E6:19,-95,88,347,347,1,1,0,0,0
499810386,NODE_B4BFE934ED80,child,8,F4:2D:C9:73:E6:19,-95,88,347,347,1,1,0,0,0
499909633,NODE_B4BFE934ED80,child,8,F4:2D:C9:73:E6:19,-95,88,348,348,1,1,0,0,0
500009632,NODE_B4BFE934ED80,child,8,F4:2D:C9:73:E6:19,-95,88,348,348,1,1,0,0,0
500109624,NODE_B4BFE934ED80,child,8,F4:2D:C9:73:E6:19,-95,88,348,348,1,1,0,0,0
500209625,NODE_B4BFE934ED80,child,8,F4:2D:C9:73:E6:19,-95,88,348,348,1,1,0,0,0
500309624,NODE_B4BFE934ED80,child,8,F4:2D:C9:73:E6:19,-95,88,348,348,1,1,0,0,0
500409624,NODE_B4BFE934ED80,child,8,F4:2D:C9:73:E6:19,-95,88,348,348,1,1,0,0,0
500509629,NODE_B4BFE934ED80,child,8,F4:2D:C9:73:E6:19,-95,88,348,348,1,1,0,0,0
500609632,NODE_B4BFE934ED80,child,8,F4:2D:C9:73:E6:19,-95,88,348,348,1,1,0,0,0
500709624,NODE_B4BFE934ED80,child,8,F4:2D:C9:73:E6:19,-95,88,348,348,1,1,0,0,0
500810386,NODE_B4BFE934ED80,child,8,F4:2D:C9:73:E6:19,-95,88,348,348,1,1,0,0,0
500909632,NODE_B4BFE934ED80,child,8,F4:2D:C9:73:E6:19,-97,88,349,349,1,1,0,0,0
501009636,NODE_B4BFE934ED80,child,8,F4:2D:C9:73:E6:19,-97,88,349,349,1,1,0,0,0
501109625,NODE_B4BFE934ED80,child,8,F4:2D:C9:73:E6:19,-97,88,349,349,1,1,0,0,0
501209624,NODE_B4BFE934ED80,child,8,F4:2D:C9:73:E6:19,-97,88,349,349,1,1,0,0,0
501309632,NODE_B4BFE934ED80,child,8,F4:2D:C9:73:E6:19,-97,88,349,349,1,1,0,0,0
501409625,NODE_B4BFE934ED80,child,8,F4:2D:C9:73:E6:19,-97,88,349,349,1,1,0,0,0
501509624,NODE_B4BFE934ED80,child,8,F4:2D:C9:73:E6:19,-97,88,349,349,1,1,0,0,0
501609628,NODE_B4BFE934ED80,child,8,F4:2D:C9:73:E6:19,-97,88,349,349,1,1,0,0,0
501709625,NODE_B4BFE934ED80,child,8,F4:2D:C9:73:E6:19,-97,88,349,349,1,1,0,0,0
501810389,NODE_B4BFE934ED80,child,8,F4:2D:C9:73:E6:19,-97,88,349,349,1,1,0,0,0
501909632,NODE_B4BFE934ED80,child,8,F4:2D:C9:73:E6:19,-93,88,350,350,1,1,0,0,0
502009637,NODE_B4BFE934ED80,child,8,F4:2D:C9:73:E6:19,-93,88,350,350,1,1,0,0,0
502109624,NODE_B4BFE934ED80,child,8,F4:2D:C9:73:E6:19,-93,88,350,350,1,1,0,0,0
502209624,NODE_B4BFE934ED80,child,8,F4:2D:C9:73:E6:19,-93,88,350,350,1,1,0,0,0
502309625,NODE_B4BFE934ED80,child,8,F4:2D:C9:73:E6:19,-93,88,350,350,1,1,0,0,0
502409624,NODE_B4BFE934ED80,child,8,F4:2D:C9:73:E6:19,-93,88,350,350,1,1,0,0,0
502509632,NODE_B4BFE934ED80,child,8,F4:2D:C9:73:E6:19,-93,88,350,350,1,1,0,0,0
502609637,NODE_B4BFE934ED80,child,8,F4:2D:C9:73:E6:19,-93,88,350,350,1,1,0,0,0
502709628,NODE_B4BFE934ED80,child,8,F4:2D:C9:73:E6:19,-93,88,350,350,1,1,0,0,0
502810386,NODE_B4BFE934ED80,child,8,F4:2D:C9:73:E6:19,-93,88,350,350,1,1,0,0,0
502909637,NODE_B4BFE934ED80,child,8,F4:2D:C9:73:E6:19,-91,88,351,351,1,1,0,0,0
503009628,NODE_B4BFE934ED80,child,8,F4:2D:C9:73:E6:19,-91,88,351,351,1,1,0,0,0
503109624,NODE_B4BFE934ED80,child,8,F4:2D:C9:73:E6:19,-91,88,351,351,1,1,0,0,0
503209625,NODE_B4BFE934ED80,child,8,F4:2D:C9:73:E6:19,-91,88,351,351,1,1,0,0,0
503309632,NODE_B4BFE934ED80,child,8,F4:2D:C9:73:E6:19,-91,88,351,351,1,1,0,0,0
503409624,NODE_B4BFE934ED80,child,8,F4:2D:C9:73:E6:19,-91,88,351,351,1,1,0,0,0
503509625,NODE_B4BFE934ED80,child,8,F4:2D:C9:73:E6:19,-91,88,351,351,1,1,0,0,0
503609628,NODE_B4BFE934ED80,child,8,F4:2D:C9:73:E6:19,-91,88,351,351,1,1,0,0,0
503709628,NODE_B4BFE934ED80,child,8,F4:2D:C9:73:E6:19,-91,88,351,351,1,1,0,0,0
503810386,NODE_B4BFE934ED80,child,8,F4:2D:C9:73:E6:19,-91,88,351,351,1,1,0,0,0
503909632,NODE_B4BFE934ED80,child,8,F4:2D:C9:73:E6:19,-91,88,352,352,1,1,0,0,0
504009640,NODE_B4BFE934ED80,child,8,F4:2D:C9:73:E6:19,-91,88,352,352,1,1,0,0,0
504109629,NODE_B4BFE934ED80,child,8,F4:2D:C9:73:E6:19,-91,88,352,352,1,1,0,0,0
504209628,NODE_B4BFE934ED80,child,8,F4:2D:C9:73:E6:19,-91,88,352,352,1,1,0,0,0
504309628,NODE_B4BFE934ED80,child,8,F4:2D:C9:73:E6:19,-91,88,352,352,1,1,0,0,0
504409625,NODE_B4BFE934ED80,child,8,F4:2D:C9:73:E6:19,-91,88,352,352,1,1,0,0,0
504509624,NODE_B4BFE934ED80,child,8,F4:2D:C9:73:E6:19,-91,88,352,352,1,1,0,0,0
504609640,NODE_B4BFE934ED80,child,8,F4:2D:C9:73:E6:19,-91,88,352,352,1,1,0,0,0
504709627,NODE_B4BFE934ED80,child,8,F4:2D:C9:73:E6:19,-91,88,352,352,1,1,0,0,0
504810386,NODE_B4BFE934ED80,child,8,F4:2D:C9:73:E6:19,-91,88,352,352,1,1,0,0,0
504909628,NODE_B4BFE934ED80,child,8,F4:2D:C9:73:E6:19,-91,88,353,353,1,1,0,0,0
505009633,NODE_B4BFE934ED80,child,8,F4:2D:C9:73:E6:19,-94,88,353,353,1,1,0,0,0
505109624,NODE_B4BFE934ED80,child,8,F4:2D:C9:73:E6:19,-94,88,353,353,1,1,0,0,0
505209624,NODE_B4BFE934ED80,child,8,F4:2D:C9:73:E6:19,-94,88,353,353,1,1,0,0,0
505309633,NODE_B4BFE934ED80,child,8,F4:2D:C9:73:E6:19,-94,88,353,353,1,1,0,0,0
505409624,NODE_B4BFE934ED80,child,8,F4:2D:C9:73:E6:19,-94,88,353,353,1,1,0,0,0
505509624,NODE_B4BFE934ED80,child,8,F4:2D:C9:73:E6:19,-94,88,353,353,1,1,0,0,0
505609637,NODE_B4BFE934ED80,child,8,F4:2D:C9:73:E6:19,-94,88,353,353,1,1,0,0,0
505709632,NODE_B4BFE934ED80,child,8,F4:2D:C9:73:E6:19,-94,88,353,353,1,1,0,0,0
505810397,NODE_B4BFE934ED80,child,8,F4:2D:C9:73:E6:19,-94,88,353,353,1,1,0,0,0
505909629,NODE_B4BFE934ED80,child,8,F4:2D:C9:73:E6:19,-94,88,354,354,1,1,0,0,0
506009636,NODE_B4BFE934ED80,child,8,F4:2D:C9:73:E6:19,-95,88,354,354,1,1,0,0,0
506109624,NODE_B4BFE934ED80,child,8,F4:2D:C9:73:E6:19,-95,88,354,354,1,1,0,0,0
506209625,NODE_B4BFE934ED80,child,8,F4:2D:C9:73:E6:19,-95,88,354,354,1,1,0,0,0
506309624,NODE_B4BFE934ED80,child,8,F4:2D:C9:73:E6:19,-95,88,354,354,1,1,0,0,0
506409624,NODE_B4BFE934ED80,child,8,F4:2D:C9:73:E6:19,-95,88,354,354,1,1,0,0,0
506509637,NODE_B4BFE934ED80,child,8,F4:2D:C9:73:E6:19,-95,88,354,354,1,1,0,0,0
506609628,NODE_B4BFE934ED80,child,8,F4:2D:C9:73:E6:19,-95,88,354,354,1,1,0,0,0
506709628,NODE_B4BFE934ED80,child,8,F4:2D:C9:73:E6:19,-95,88,354,354,1,1,0,0,0
506810394,NODE_B4BFE934ED80,child,8,F4:2D:C9:73:E6:19,-95,88,354,354,1,1,0,0,0
506909628,NODE_B4BFE934ED80,child,8,F4:2D:C9:73:E6:19,-95,88,355,355,1,1,0,0,0
507009636,NODE_B4BFE934ED80,child,8,F4:2D:C9:73:E6:19,-93,88,355,355,1,1,0,0,0
507109637,NODE_B4BFE934ED80,child,8,F4:2D:C9:73:E6:19,-93,88,355,355,1,1,0,0,0
507209624,NODE_B4BFE934ED80,child,8,F4:2D:C9:73:E6:19,-93,88,355,355,1,1,0,0,0
507309624,NODE_B4BFE934ED80,child,8,F4:2D:C9:73:E6:19,-93,88,355,355,1,1,0,0,0
507409629,NODE_B4BFE934ED80,child,8,F4:2D:C9:73:E6:19,-93,88,355,355,1,1,0,0,0
507509628,NODE_B4BFE934ED80,child,8,F4:2D:C9:73:E6:19,-93,88,355,355,1,1,0,0,0
507609628,NODE_B4BFE934ED80,child,8,F4:2D:C9:73:E6:19,-93,88,355,355,1,1,0,0,0
507709629,NODE_B4BFE934ED80,child,8,F4:2D:C9:73:E6:19,-93,88,355,355,1,1,0,0,0
507810386,NODE_B4BFE934ED80,child,8,F4:2D:C9:73:E6:19,-93,88,355,355,1,1,0,0,0
507909628,NODE_B4BFE934ED80,child,8,F4:2D:C9:73:E6:19,-93,88,356,356,1,1,0,0,0
508009633,NODE_B4BFE934ED80,child,8,F4:2D:C9:73:E6:19,-93,88,356,356,1,1,0,0,0
508109628,NODE_B4BFE934ED80,child,8,F4:2D:C9:73:E6:19,-93,88,356,356,1,1,0,0,0
508209624,NODE_B4BFE934ED80,child,8,F4:2D:C9:73:E6:19,-93,88,356,356,1,1,0,0,0
508309633,NODE_B4BFE934ED80,child,8,F4:2D:C9:73:E6:19,-93,88,356,356,1,1,0,0,0
508409624,NODE_B4BFE934ED80,child,8,F4:2D:C9:73:E6:19,-93,88,356,356,1,1,0,0,0
508509636,NODE_B4BFE934ED80,child,8,F4:2D:C9:73:E6:19,-93,88,356,356,1,1,0,0,0
508609625,NODE_B4BFE934ED80,child,8,F4:2D:C9:73:E6:19,-93,88,356,356,1,1,0,0,0
508709636,NODE_B4BFE934ED80,child,8,F4:2D:C9:73:E6:19,-93,88,356,356,1,1,0,0,0
508810386,NODE_B4BFE934ED80,child,8,F4:2D:C9:73:E6:19,-93,88,356,356,1,1,0,0,0
508909625,NODE_B4BFE934ED80,child,8,F4:2D:C9:73:E6:19,-93,88,357,357,1,1,0,0,0
509009628,NODE_B4BFE934ED80,child,8,F4:2D:C9:73:E6:19,-93,88,357,357,1,1,0,0,0
509109636,NODE_B4BFE934ED80,child,8,F4:2D:C9:73:E6:19,-95,88,357,357,1,1,0,0,0
509209629,NODE_B4BFE934ED80,child,8,F4:2D:C9:73:E6:19,-95,88,357,357,1,1,0,0,0
509309624,NODE_B4BFE934ED80,child,8,F4:2D:C9:73:E6:19,-95,88,357,357,1,1,0,0,0
509409624,NODE_B4BFE934ED80,child,8,F4:2D:C9:73:E6:19,-95,88,357,357,1,1,0,0,0
509509625,NODE_B4BFE934ED80,child,8,F4:2D:C9:73:E6:19,-95,88,357,357,1,1,0,0,0
509609628,NODE_B4BFE934ED80,child,8,F4:2D:C9:73:E6:19,-95,88,357,357,1,1,0,0,0
509709628,NODE_B4BFE934ED80,child,8,F4:2D:C9:73:E6:19,-95,88,357,357,1,1,0,0,0
509810391,NODE_B4BFE934ED80,child,8,F4:2D:C9:73:E6:19,-95,88,357,357,1,1,0,0,0
509909628,NODE_B4BFE934ED80,child,8,F4:2D:C9:73:E6:19,-95,88,358,358,1,1,0,0,0
510009628,NODE_B4BFE934ED80,child,8,F4:2D:C9:73:E6:19,-95,88,358,358,1,1,0,0,0
510109633,NODE_B4BFE934ED80,child,8,F4:2D:C9:73:E6:19,-93,88,358,358,1,1,0,0,0
510209624,NODE_B4BFE934ED80,child,8,F4:2D:C9:73:E6:19,-93,88,358,358,1,1,0,0,0
510309624,NODE_B4BFE934ED80,child,8,F4:2D:C9:73:E6:19,-93,88,358,358,1,1,0,0,0
510409625,NODE_B4BFE934ED80,child,8,F4:2D:C9:73:E6:19,-93,88,358,358,1,1,0,0,0
510509632,NODE_B4BFE934ED80,child,8,F4:2D:C9:73:E6:19,-93,88,358,358,1,1,0,0,0
510609624,NODE_B4BFE934ED80,child,8,F4:2D:C9:73:E6:19,-93,88,358,358,1,1,0,0,0
510709629,NODE_B4BFE934ED80,child,8,F4:2D:C9:73:E6:19,-93,88,358,358,1,1,0,0,0
510810392,NODE_B4BFE934ED80,child,8,F4:2D:C9:73:E6:19,-93,88,358,358,1,1,0,0,0
510909628,NODE_B4BFE934ED80,child,8,F4:2D:C9:73:E6:19,-93,88,359,359,1,1,0,0,0
511009629,NODE_B4BFE934ED80,child,8,F4:2D:C9:73:E6:19,-93,88,359,359,1,1,0,0,0
511109640,NODE_B4BFE934ED80,child,8,F4:2D:C9:73:E6:19,-93,88,359,359,1,1,0,0,0
511209628,NODE_B4BFE934ED80,child,8,F4:2D:C9:73:E6:19,-93,88,359,359,1,1,0,0,0
511309625,NODE_B4BFE934ED80,child,8,F4:2D:C9:73:E6:19,-93,88,359,359,1,1,0,0,0
511409624,NODE_B4BFE934ED80,child,8,F4:2D:C9:73:E6:19,-93,88,359,359,1,1,0,0,0
511509624,NODE_B4BFE934ED80,child,8,F4:2D:C9:73:E6:19,-93,88,359,359,1,1,0,0,0
511609633,NODE_B4BFE934ED80,child,8,F4:2D:C9:73:E6:19,-93,88,359,359,1,1,0,0,0
511709637,NODE_B4BFE934ED80,child,8,F4:2D:C9:73:E6:19,-93,88,359,359,1,1,0,0,0
511810386,NODE_B4BFE934ED80,child,8,F4:2D:C9:73:E6:19,-93,88,359,359,1,1,0,0,0
511909625,NODE_B4BFE934ED80,child,8,F4:2D:C9:73:E6:19,-93,88,360,360,1,1,0,0,0
512009632,NODE_B4BFE934ED80,child,8,F4:2D:C9:73:E6:19,-93,88,360,360,1,1,0,0,0
512109632,NODE_B4BFE934ED80,child,8,F4:2D:C9:73:E6:19,-92,88,360,360,1,1,0,0,0
512209629,NODE_B4BFE934ED80,child,8,F4:2D:C9:73:E6:19,-92,88,360,360,1,1,0,0,0
512309636,NODE_B4BFE934ED80,child,8,F4:2D:C9:73:E6:19,-92,88,360,360,1,1,0,0,0
512409624,NODE_B4BFE934ED80,child,8,F4:2D:C9:73:E6:19,-92,88,360,360,1,1,0,0,0
512509629,NODE_B4BFE934ED80,child,8,F4:2D:C9:73:E6:19,-92,88,360,360,1,1,0,0,0
512609632,NODE_B4BFE934ED80,child,8,F4:2D:C9:73:E6:19,-92,88,360,360,1,1,0,0,0
512709624,NODE_B4BFE934ED80,child,8,F4:2D:C9:73:E6:19,-92,88,360,360,1,1,0,0,0
512810386,NODE_B4BFE934ED80,child,8,F4:2D:C9:73:E6:19,-92,88,360,360,1,1,0,0,0
512909628,NODE_B4BFE934ED80,child,8,F4:2D:C9:73:E6:19,-92,88,361,361,1,1,0,0,0
513009636,NODE_B4BFE934ED80,child,8,F4:2D:C9:73:E6:19,-92,88,361,361,1,1,0,0,0
513109625,NODE_B4BFE934ED80,child,8,F4:2D:C9:73:E6:19,-92,88,361,361,1,1,0,0,0
513209632,NODE_B4BFE934ED80,child,8,F4:2D:C9:73:E6:19,-94,88,361,361,1,1,0,0,0
513309624,NODE_B4BFE934ED80,child,8,F4:2D:C9:73:E6:19,-94,88,361,361,1,1,0,0,0
513409625,NODE_B4BFE934ED80,child,8,F4:2D:C9:73:E6:19,-94,88,361,361,1,1,0,0,0
513509624,NODE_B4BFE934ED80,child,8,F4:2D:C9:73:E6:19,-94,88,361,361,1,1,0,0,0
513609632,NODE_B4BFE934ED80,child,8,F4:2D:C9:73:E6:19,-94,88,361,361,1,1,0,0,0
513709625,NODE_B4BFE934ED80,child,8,F4:2D:C9:73:E6:19,-94,88,361,361,1,1,0,0,0
513810386,NODE_B4BFE934ED80,child,8,F4:2D:C9:73:E6:19,-94,88,361,361,1,1,0,0,0
513909628,NODE_B4BFE934ED80,child,8,F4:2D:C9:73:E6:19,-94,88,362,362,1,1,0,0,0
514009629,NODE_B4BFE934ED80,child,8,F4:2D:C9:73:E6:19,-94,88,362,362,1,1,0,0,0
514109628,NODE_B4BFE934ED80,child,8,F4:2D:C9:73:E6:19,-94,88,362,362,1,1,0,0,0
514209636,NODE_B4BFE934ED80,child,8,F4:2D:C9:73:E6:19,-93,88,362,362,1,1,0,0,0
514309637,NODE_B4BFE934ED80,child,8,F4:2D:C9:73:E6:19,-93,88,362,362,1,1,0,0,0
514409628,NODE_B4BFE934ED80,child,8,F4:2D:C9:73:E6:19,-93,88,362,362,1,1,0,0,0
514509624,NODE_B4BFE934ED80,child,8,F4:2D:C9:73:E6:19,-93,88,362,362,1,1,0,0,0
514609625,NODE_B4BFE934ED80,child,8,F4:2D:C9:73:E6:19,-93,88,362,362,1,1,0,0,0
514709628,NODE_B4BFE934ED80,child,8,F4:2D:C9:73:E6:19,-93,88,362,362,1,1,0,0,0
514810386,NODE_B4BFE934ED80,child,8,F4:2D:C9:73:E6:19,-93,88,362,362,1,1,0,0,0
514909633,NODE_B4BFE934ED80,child,8,F4:2D:C9:73:E6:19,-93,88,363,363,1,1,0,0,0
515009636,NODE_B4BFE934ED80,child,8,F4:2D:C9:73:E6:19,-93,88,363,363,1,1,0,0,0
515109624,NODE_B4BFE934ED80,child,8,F4:2D:C9:73:E6:19,-93,88,363,363,1,1,0,0,0
515209637,NODE_B4BFE934ED80,child,8,F4:2D:C9:73:E6:19,-94,88,363,363,1,1,0,0,0
515309624,NODE_B4BFE934ED80,child,8,F4:2D:C9:73:E6:19,-94,88,363,363,1,1,0,0,0
515409624,NODE_B4BFE934ED80,child,8,F4:2D:C9:73:E6:19,-94,88,363,363,1,1,0,0,0
515509625,NODE_B4BFE934ED80,child,8,F4:2D:C9:73:E6:19,-94,88,363,363,1,1,0,0,0
515609632,NODE_B4BFE934ED80,child,8,F4:2D:C9:73:E6:19,-94,88,363,363,1,1,0,0,0
515709624,NODE_B4BFE934ED80,child,8,F4:2D:C9:73:E6:19,-94,88,363,363,1,1,0,0,0
515810386,NODE_B4BFE934ED80,child,8,F4:2D:C9:73:E6:19,-94,88,363,363,1,1,0,0,0
515909628,NODE_B4BFE934ED80,child,8,F4:2D:C9:73:E6:19,-94,88,364,364,1,1,0,0,0
516009628,NODE_B4BFE934ED80,child,8,F4:2D:C9:73:E6:19,-94,88,364,364,1,1,0,0,0
516109625,NODE_B4BFE934ED80,child,8,F4:2D:C9:73:E6:19,-94,88,364,364,1,1,0,0,0
516209636,NODE_B4BFE934ED80,child,8,F4:2D:C9:73:E6:19,-92,88,364,364,1,1,0,0,0
516309636,NODE_B4BFE934ED80,child,8,F4:2D:C9:73:E6:19,-92,88,364,364,1,1,0,0,0
516409625,NODE_B4BFE934ED80,child,8,F4:2D:C9:73:E6:19,-92,88,364,364,1,1,0,0,0
516509624,NODE_B4BFE934ED80,child,8,F4:2D:C9:73:E6:19,-92,88,364,364,1,1,0,0,0
516609628,NODE_B4BFE934ED80,child,8,F4:2D:C9:73:E6:19,-92,88,364,364,1,1,0,0,0
516709625,NODE_B4BFE934ED80,child,8,F4:2D:C9:73:E6:19,-92,88,364,364,1,1,0,0,0
516810386,NODE_B4BFE934ED80,child,8,F4:2D:C9:73:E6:19,-92,88,364,364,1,1,0,0,0
516909632,NODE_B4BFE934ED80,child,8,F4:2D:C9:73:E6:19,-92,88,365,365,1,1,0,0,0
517009629,NODE_B4BFE934ED80,child,8,F4:2D:C9:73:E6:19,-92,88,365,365,1,1,0,0,0
517109624,NODE_B4BFE934ED80,child,8,F4:2D:C9:73:E6:19,-92,88,365,365,1,1,0,0,0
517209624,NODE_B4BFE934ED80,child,8,F4:2D:C9:73:E6:19,-92,88,365,365,1,1,0,0,0
517309637,NODE_B4BFE934ED80,child,8,F4:2D:C9:73:E6:19,-93,88,365,365,1,1,0,0,0
517409624,NODE_B4BFE934ED80,child,8,F4:2D:C9:73:E6:19,-93,88,365,365,1,1,0,0,0
517509632,NODE_B4BFE934ED80,child,8,F4:2D:C9:73:E6:19,-93,88,365,365,1,1,0,0,0
517609637,NODE_B4BFE934ED80,child,8,F4:2D:C9:73:E6:19,-93,88,365,365,1,1,0,0,0
517709628,NODE_B4BFE934ED80,child,8,F4:2D:C9:73:E6:19,-93,88,365,365,1,1,0,0,0
517810392,NODE_B4BFE934ED80,child,8,F4:2D:C9:73:E6:19,-93,88,365,365,1,1,0,0,0
517909637,NODE_B4BFE934ED80,child,8,F4:2D:C9:73:E6:19,-93,88,366,366,1,1,0,0,0
518009628,NODE_B4BFE934ED80,child,8,F4:2D:C9:73:E6:19,-93,88,366,366,1,1,0,0,0
518109632,NODE_B4BFE934ED80,child,8,F4:2D:C9:73:E6:19,-93,88,366,366,1,1,0,0,0
518209625,NODE_B4BFE934ED80,child,8,F4:2D:C9:73:E6:19,-93,88,366,366,1,1,0,0,0
518309636,NODE_B4BFE934ED80,child,8,F4:2D:C9:73:E6:19,-94,88,366,366,1,1,0,0,0
518409632,NODE_B4BFE934ED80,child,8,F4:2D:C9:73:E6:19,-94,88,366,366,1,1,0,0,0
518509625,NODE_B4BFE934ED80,child,8,F4:2D:C9:73:E6:19,-94,88,366,366,1,1,0,0,0
518609624,NODE_B4BFE934ED80,child,8,F4:2D:C9:73:E6:19,-94,88,366,366,1,1,0,0,0
518709625,NODE_B4BFE934ED80,child,8,F4:2D:C9:73:E6:19,-94,88,366,366,1,1,0,0,0
518809637,NODE_B4BFE934ED80,child,8,F4:2D:C9:73:E6:19,-94,88,366,366,1,1,0,0,0
518909636,NODE_B4BFE934ED80,child,8,F4:2D:C9:73:E6:19,-94,88,367,367,1,1,0,0,0
519009628,NODE_B4BFE934ED80,child,8,F4:2D:C9:73:E6:19,-94,88,367,367,1,1,0,0,0
519109625,NODE_B4BFE934ED80,child,8,F4:2D:C9:73:E6:19,-94,88,367,367,1,1,0,0,0
519209624,NODE_B4BFE934ED80,child,8,F4:2D:C9:73:E6:19,-94,88,367,367,1,1,0,0,0
519309644,NODE_B4BFE934ED80,child,8,F4:2D:C9:73:E6:19,-97,88,367,367,1,1,0,0,0
519409629,NODE_B4BFE934ED80,child,8,F4:2D:C9:73:E6:19,-97,88,367,367,1,1,0,0,0
519509632,NODE_B4BFE934ED80,child,8,F4:2D:C9:73:E6:19,-97,88,367,367,1,1,0,0,0
519609624,NODE_B4BFE934ED80,child,8,F4:2D:C9:73:E6:19,-97,88,367,367,1,1,0,0,0
519709625,NODE_B4BFE934ED80,child,8,F4:2D:C9:73:E6:19,-97,88,367,367,1,1,0,0,0
519809624,NODE_B4BFE934ED80,child,8,F4:2D:C9:73:E6:19,-97,88,367,367,1,1,0,0,0
519909636,NODE_B4BFE934ED80,child,8,F4:2D:C9:73:E6:19,-97,88,367,367,1,1,0,0,0
520009629,NODE_B4BFE934ED80,child,8,F4:2D:C9:73:E6:19,-97,88,367,367,1,1,0,0,0
520109632,NODE_B4BFE934ED80,child,8,F4:2D:C9:73:E6:19,-97,88,367,367,1,1,0,0,0
520209624,NODE_B4BFE934ED80,child,8,F4:2D:C9:73:E6:19,-97,88,367,367,1,1,0,0,0
520309637,NODE_B4BFE934ED80,child,8,F4:2D:C9:73:E6:19,-94,88,367,367,1,1,0,0,0
520409624,NODE_B4BFE934ED80,child,8,F4:2D:C9:73:E6:19,-94,88,367,367,1,1,0,0,0
520509704,NODE_B4BFE934ED80,child,8,F4:2D:C9:73:E6:19,-94,88,367,367,1,1,0,0,0
520609625,NODE_B4BFE934ED80,child,8,F4:2D:C9:73:E6:19,-94,88,367,367,1,1,0,0,0
520709628,NODE_B4BFE934ED80,child,8,F4:2D:C9:73:E6:19,-94,88,367,367,1,1,0,0,0
520809632,NODE_B4BFE934ED80,child,8,F4:2D:C9:73:E6:19,-94,88,367,367,1,1,0,0,0
520909633,NODE_B4BFE934ED80,child,8,F4:2D:C9:73:E6:19,-94,88,367,367,1,1,0,0,0
521009632,NODE_B4BFE934ED80,child,8,F4:2D:C9:73:E6:19,-94,88,367,367,1,1,0,0,0
521109636,NODE_B4BFE934ED80,child,8,F4:2D:C9:73:E6:19,-94,88,367,367,1,1,0,0,0
521209625,NODE_B4BFE934ED80,child,8,F4:2D:C9:73:E6:19,-94,88,367,367,1,1,0,0,0
521309863,NODE_B4BFE934ED80,child,8,F4:2D:C9:73:E6:19,-94,88,367,367,1,1,0,0,0
521409624,NODE_B4BFE934ED80,child,8,F4:2D:C9:73:E6:19,-94,88,367,367,1,1,0,0,0
521509633,NODE_B4BFE934ED80,child,8,F4:2D:C9:73:E6:19,-94,88,367,367,1,1,0,0,0
521609624,NODE_B4BFE934ED80,child,8,F4:2D:C9:73:E6:19,-94,88,367,367,1,1,0,0,0
521709624,NODE_B4BFE934ED80,child,8,F4:2D:C9:73:E6:19,-94,88,367,367,1,1,0,0,0
521809625,NODE_B4BFE934ED80,child,8,F4:2D:C9:73:E6:19,-94,88,367,367,1,1,0,0,0
521909628,NODE_B4BFE934ED80,child,8,F4:2D:C9:73:E6:19,-94,88,367,367,1,1,0,0,0
522009636,NODE_B4BFE934ED80,child,8,F4:2D:C9:73:E6:19,-94,88,367,367,1,1,0,0,0
522109637,NODE_B4BFE934ED80,child,8,F4:2D:C9:73:E6:19,-94,88,367,367,1,1,0,0,0
522209628,NODE_B4BFE934ED80,child,8,F4:2D:C9:73:E6:19,-94,88,367,367,1,1,0,0,0
522309636,NODE_B4BFE934ED80,child,8,F4:2D:C9:73:E6:19,-94,88,367,367,1,1,0,0,0
522409633,NODE_B4BFE934ED80,child,8,F4:2D:C9:73:E6:19,-94,88,367,367,1,1,0,0,0
522509624,NODE_B4BFE934ED80,child,8,F4:2D:C9:73:E6:19,-94,88,367,367,1,1,0,0,0
522609636,NODE_B4BFE934ED80,child,8,F4:2D:C9:73:E6:19,-94,88,367,367,1,1,0,0,0
522709629,NODE_B4BFE934ED80,child,8,F4:2D:C9:73:E6:19,-94,88,367,367,1,1,0,0,0
522809624,NODE_B4BFE934ED80,child,8,F4:2D:C9:73:E6:19,-94,88,367,367,1,1,0,0,0
522909624,NODE_B4BFE934ED80,child,8,F4:2D:C9:73:E6:19,-94,88,367,367,1,1,0,0,0
523009633,NODE_B4BFE934ED80,child,8,F4:2D:C9:73:E6:19,-94,88,367,367,1,1,0,0,0
523109624,NODE_B4BFE934ED80,child,8,F4:2D:C9:73:E6:19,-94,88,367,367,1,1,0,0,0
523209624,NODE_B4BFE934ED80,child,8,F4:2D:C9:73:E6:19,-94,88,367,367,1,1,0,0,0
523309633,NODE_B4BFE934ED80,child,8,F4:2D:C9:73:E6:19,-94,88,367,367,1,1,0,0,0
523409628,NODE_B4BFE934ED80,child,8,F4:2D:C9:73:E6:19,-94,88,367,367,1,1,0,0,0
523509632,NODE_B4BFE934ED80,child,8,F4:2D:C9:73:E6:19,-94,88,367,367,1,1,0,0,0
523609625,NODE_B4BFE934ED80,child,8,F4:2D:C9:73:E6:19,-94,88,367,367,1,1,0,0,0
523709628,NODE_B4BFE934ED80,child,8,F4:2D:C9:73:E6:19,-94,88,367,367,1,1,0,0,0
523809624,NODE_B4BFE934ED80,child,8,F4:2D:C9:73:E6:19,-94,88,367,367,1,1,0,0,0
523909625,NODE_B4BFE934ED80,child,8,F4:2D:C9:73:E6:19,-94,88,367,367,1,1,0,0,0
524009636,NODE_B4BFE934ED80,child,8,F4:2D:C9:73:E6:19,-94,88,367,367,1,1,0,0,0
524109624,NODE_B4BFE934ED80,child,8,F4:2D:C9:73:E6:19,-94,88,367,367,1,1,0,0,0
524209637,NODE_B4BFE934ED80,child,8,F4:2D:C9:73:E6:19,-94,88,367,367,1,1,0,0,0
524309628,NODE_B4BFE934ED80,child,8,F4:2D:C9:73:E6:19,-94,88,367,367,1,1,0,0,0
524409632,NODE_B4BFE934ED80,child,8,F4:2D:C9:73:E6:19,-94,88,367,367,1,1,0,0,0
524509625,NODE_B4BFE934ED80,child,8,F4:2D:C9:73:E6:19,-94,88,367,367,1,1,0,0,0
524609636,NODE_B4BFE934ED80,child,8,F4:2D:C9:73:E6:19,-94,88,367,367,1,1,0,0,0
524709632,NODE_B4BFE934ED80,child,8,F4:2D:C9:73:E6:19,-94,88,367,367,1,1,0,0,0
524809625,NODE_B4BFE934ED80,child,8,F4:2D:C9:73:E6:19,-94,88,367,367,1,1,0,0,0
524909628,NODE_B4BFE934ED80,child,8,F4:2D:C9:73:E6:19,-94,88,367,367,1,1,0,0,0
525009636,NODE_B4BFE934ED80,child,8,F4:2D:C9:73:E6:19,-94,88,367,367,1,1,0,0,0
525109629,NODE_B4BFE934ED80,child,8,F4:2D:C9:73:E6:19,-94,88,367,367,1,1,0,0,0
525209628,NODE_B4BFE934ED80,child,8,F4:2D:C9:73:E6:19,-94,88,367,367,1,1,0,0,0
525309636,NODE_B4BFE934ED80,child,8,F4:2D:C9:73:E6:19,-94,88,367,367,1,1,0,0,0
525409629,NODE_B4BFE934ED80,child,8,F4:2D:C9:73:E6:19,-94,88,367,367,1,1,0,0,0
525509624,NODE_B4BFE934ED80,child,8,F4:2D:C9:73:E6:19,-94,88,367,367,1,1,0,0,0
525609624,NODE_B4BFE934ED80,child,8,F4:2D:C9:73:E6:19,-94,88,367,367,1,1,0,0,0
525709627,NODE_B4BFE934ED80,child,8,F4:2D:C9:73:E6:19,-94,88,367,367,1,1,0,0,0
525809624,NODE_B4BFE934ED80,child,8,F4:2D:C9:73:E6:19,-94,88,367,367,1,1,0,0,0
525909632,NODE_B4BFE934ED80,child,8,F4:2D:C9:73:E6:19,-94,88,367,367,1,1,0,0,0
526009633,NODE_B4BFE934ED80,child,8,F4:2D:C9:73:E6:19,-94,88,367,367,1,1,0,0,0
526109632,NODE_B4BFE934ED80,child,8,F4:2D:C9:73:E6:19,-94,88,367,367,1,1,0,0,0
526209628,NODE_B4BFE934ED80,child,8,F4:2D:C9:73:E6:19,-94,88,367,367,1,1,0,0,0
526309629,NODE_B4BFE934ED80,child,8,F4:2D:C9:73:E6:19,-94,88,367,367,1,1,0,0,0
526409624,NODE_B4BFE934ED80,child,8,F4:2D:C9:73:E6:19,-94,88,367,367,1,1,0,0,0
526509628,NODE_B4BFE934ED80,child,8,F4:2D:C9:73:E6:19,-94,88,367,367,1,1,0,0,0
526609637,NODE_B4BFE934ED80,child,8,F4:2D:C9:73:E6:19,-94,88,367,367,1,1,0,0,0
526709628,NODE_B4BFE934ED80,child,8,F4:2D:C9:73:E6:19,-94,88,367,367,1,1,0,0,0
526809624,NODE_B4BFE934ED80,child,8,F4:2D:C9:73:E6:19,-94,88,367,367,1,1,0,0,0
526909625,NODE_B4BFE934ED80,child,8,F4:2D:C9:73:E6:19,-94,88,367,367,1,1,0,0,0
527009628,NODE_B4BFE934ED80,child,8,F4:2D:C9:73:E6:19,-94,88,367,367,1,1,0,0,0
527109636,NODE_B4BFE934ED80,child,8,F4:2D:C9:73:E6:19,-94,88,368,368,1,1,0,0,0
527209625,NODE_B4BFE934ED80,child,8,F4:2D:C9:73:E6:19,-94,88,368,368,1,1,0,0,0
527309632,NODE_B4BFE934ED80,child,8,F4:2D:C9:73:E6:19,-94,88,368,368,1,1,0,0,0
527409624,NODE_B4BFE934ED80,child,8,F4:2D:C9:73:E6:19,-94,88,368,368,1,1,0,0,0
527509629,NODE_B4BFE934ED80,child,8,F4:2D:C9:73:E6:19,-94,88,368,368,1,1,0,0,0
527609632,NODE_B4BFE934ED80,child,8,F4:2D:C9:73:E6:19,-94,88,368,368,1,1,0,0,0
527709628,NODE_B4BFE934ED80,child,8,F4:2D:C9:73:E6:19,-94,88,368,368,1,1,0,0,0
527809629,NODE_B4BFE934ED80,child,8,F4:2D:C9:73:E6:19,-94,88,368,368,1,1,0,0,0
527909624,NODE_B4BFE934ED80,child,8,F4:2D:C9:73:E6:19,-94,88,368,368,1,1,0,0,0
528009636,NODE_B4BFE934ED80,child,8,F4:2D:C9:73:E6:19,-94,88,368,368,1,1,0,0,0
528109633,NODE_B4BFE934ED80,child,8,F4:2D:C9:73:E6:19,-94,88,369,369,1,1,0,0,0
528209628,NODE_B4BFE934ED80,child,8,F4:2D:C9:73:E6:19,-94,88,369,369,1,1,0,0,0
528309624,NODE_B4BFE934ED80,child,8,F4:2D:C9:73:E6:19,-94,88,369,369,1,1,0,0,0
528409629,NODE_B4BFE934ED80,child,8,F4:2D:C9:73:E6:19,-94,88,369,369,1,1,0,0,0
528509628,NODE_B4BFE934ED80,child,8,F4:2D:C9:73:E6:19,-94,88,369,369,1,1,0,0,0
528609636,NODE_B4BFE934ED80,child,8,F4:2D:C9:73:E6:19,-94,88,369,369,1,1,0,0,0
528709625,NODE_B4BFE934ED80,child,8,F4:2D:C9:73:E6:19,-94,88,369,369,1,1,0,0,0
528809624,NODE_B4BFE934ED80,child,8,F4:2D:C9:73:E6:19,-94,88,369,369,1,1,0,0,0
528909624,NODE_B4BFE934ED80,child,8,F4:2D:C9:73:E6:19,-94,88,369,369,1,1,0,0,0
529009629,NODE_B4BFE934ED80,child,8,F4:2D:C9:73:E6:19,-94,88,369,369,1,1,0,0,0
529109632,NODE_B4BFE934ED80,child,8,F4:2D:C9:73:E6:19,-94,88,370,370,1,1,0,0,0
529209628,NODE_B4BFE934ED80,child,8,F4:2D:C9:73:E6:19,-94,88,370,370,1,1,0,0,0
529309629,NODE_B4BFE934ED80,child,8,F4:2D:C9:73:E6:19,-94,88,370,370,1,1,0,0,0
529409628,NODE_B4BFE934ED80,child,8,F4:2D:C9:73:E6:19,-94,88,370,370,1,1,0,0,0
529509632,NODE_B4BFE934ED80,child,8,F4:2D:C9:73:E6:19,-95,88,370,370,1,1,0,0,0
529609629,NODE_B4BFE934ED80,child,8,F4:2D:C9:73:E6:19,-95,88,370,370,1,1,0,0,0
529709628,NODE_B4BFE934ED80,child,8,F4:2D:C9:73:E6:19,-95,88,370,370,1,1,0,0,0
529809636,NODE_B4BFE934ED80,child,8,F4:2D:C9:73:E6:19,-95,88,370,370,1,1,0,0,0
529909625,NODE_B4BFE934ED80,child,8,F4:2D:C9:73:E6:19,-95,88,370,370,1,1,0,0,0
530009628,NODE_B4BFE934ED80,child,8,F4:2D:C9:73:E6:19,-95,88,370,370,1,1,0,0,0
530109681,NODE_B4BFE934ED80,child,8,F4:2D:C9:73:E6:19,-95,88,371,371,1,1,0,0,0
530209629,NODE_B4BFE934ED80,child,8,F4:2D:C9:73:E6:19,-95,88,371,371,1,1,0,0,0
530309628,NODE_B4BFE934ED80,child,8,F4:2D:C9:73:E6:19,-95,88,371,371,1,1,0,0,0
530409628,NODE_B4BFE934ED80,child,8,F4:2D:C9:73:E6:19,-95,88,371,371,1,1,0,0,0
530509637,NODE_B4BFE934ED80,child,8,F4:2D:C9:73:E6:19,-95,88,371,371,1,1,0,0,0
530609628,NODE_B4BFE934ED80,child,8,F4:2D:C9:73:E6:19,-95,88,371,371,1,1,0,0,0
530709624,NODE_B4BFE934ED80,child,8,F4:2D:C9:73:E6:19,-95,88,371,371,1,1,0,0,0
530809625,NODE_B4BFE934ED80,child,8,F4:2D:C9:73:E6:19,-95,88,371,371,1,1,0,0,0
530909624,NODE_B4BFE934ED80,child,8,F4:2D:C9:73:E6:19,-95,88,371,371,1,1,0,0,0
531009628,NODE_B4BFE934ED80,child,8,F4:2D:C9:73:E6:19,-95,88,371,371,1,1,0,0,0
531109633,NODE_B4BFE934ED80,child,8,F4:2D:C9:73:E6:19,-95,88,371,371,1,1,0,0,0
531209632,NODE_B4BFE934ED80,child,8,F4:2D:C9:73:E6:19,-95,88,372,372,1,1,0,0,0
531309624,NODE_B4BFE934ED80,child,8,F4:2D:C9:73:E6:19,-95,88,372,372,1,1,0,0,0
531409625,NODE_B4BFE934ED80,child,8,F4:2D:C9:73:E6:19,-95,88,372,372,1,1,0,0,0
531509628,NODE_B4BFE934ED80,child,8,F4:2D:C9:73:E6:19,-95,88,372,372,1,1,0,0,0
531609624,NODE_B4BFE934ED80,child,8,F4:2D:C9:73:E6:19,-95,88,372,372,1,1,0,0,0
531709625,NODE_B4BFE934ED80,child,8,F4:2D:C9:73:E6:19,-95,88,372,372,1,1,0,0,0
531809636,NODE_B4BFE934ED80,child,8,F4:2D:C9:73:E6:19,-95,88,372,372,1,1,0,0,0
531909624,NODE_B4BFE934ED80,child,8,F4:2D:C9:73:E6:19,-95,88,372,372,1,1,0,0,0
532009629,NODE_B4BFE934ED80,child,8,F4:2D:C9:73:E6:19,-95,88,372,372,1,1,0,0,0
532110397,NODE_B4BFE934ED80,child,8,F4:2D:C9:73:E6:19,-95,88,372,372,1,1,0,0,0
532209632,NODE_B4BFE934ED80,child,8,F4:2D:C9:73:E6:19,-95,88,373,373,1,1,0,0,0
532309625,NODE_B4BFE934ED80,child,8,F4:2D:C9:73:E6:19,-95,88,373,373,1,1,0,0,0
532409624,NODE_B4BFE934ED80,child,8,F4:2D:C9:73:E6:19,-95,88,373,373,1,1,0,0,0
532509632,NODE_B4BFE934ED80,child,8,F4:2D:C9:73:E6:19,-95,88,373,373,1,1,0,0,0
532609629,NODE_B4BFE934ED80,child,8,F4:2D:C9:73:E6:19,-95,88,373,373,1,1,0,0,0
532709624,NODE_B4BFE934ED80,child,8,F4:2D:C9:73:E6:19,-95,88,373,373,1,1,0,0,0
532809628,NODE_B4BFE934ED80,child,8,F4:2D:C9:73:E6:19,-95,88,373,373,1,1,0,0,0
532909625,NODE_B4BFE934ED80,child,8,F4:2D:C9:73:E6:19,-95,88,373,373,1,1,0,0,0
533009628,NODE_B4BFE934ED80,child,8,F4:2D:C9:73:E6:19,-95,88,373,373,1,1,0,0,0
533110390,NODE_B4BFE934ED80,child,8,F4:2D:C9:73:E6:19,-95,88,373,373,1,1,0,0,0
533209671,NODE_B4BFE934ED80,child,8,F4:2D:C9:73:E6:19,-95,88,374,374,1,1,0,0,0
533309770,NODE_B4BFE934ED80,child,8,F4:2D:C9:73:E6:19,-95,88,374,374,1,1,0,0,0
533409624,NODE_B4BFE934ED80,child,8,F4:2D:C9:73:E6:19,-95,88,374,374,1,1,0,0,0
533509629,NODE_B4BFE934ED80,child,8,F4:2D:C9:73:E6:19,-95,88,374,374,1,1,0,0,0
533609636,NODE_B4BFE934ED80,child,8,F4:2D:C9:73:E6:19,-95,88,374,374,1,1,0,0,0
533709624,NODE_B4BFE934ED80,child,8,F4:2D:C9:73:E6:19,-95,88,374,374,1,1,0,0,0
533809633,NODE_B4BFE934ED80,child,8,F4:2D:C9:73:E6:19,-95,88,374,374,1,1,0,0,0
533909624,NODE_B4BFE934ED80,child,8,F4:2D:C9:73:E6:19,-95,88,374,374,1,1,0,0,0
534009628,NODE_B4BFE934ED80,child,8,F4:2D:C9:73:E6:19,-95,88,374,374,1,1,0,0,0
534110390,NODE_B4BFE934ED80,child,8,F4:2D:C9:73:E6:19,-95,88,374,374,1,1,0,0,0
534209632,NODE_B4BFE934ED80,child,8,F4:2D:C9:73:E6:19,-95,88,375,375,1,1,0,0,0
534309632,NODE_B4BFE934ED80,child,8,F4:2D:C9:73:E6:19,-95,88,375,375,1,1,0,0,0
534409629,NODE_B4BFE934ED80,child,8,F4:2D:C9:73:E6:19,-95,88,375,375,1,1,0,0,0
534509636,NODE_B4BFE934ED80,child,8,F4:2D:C9:73:E6:19,-95,88,375,375,1,1,0,0,0
534609628,NODE_B4BFE934ED80,child,8,F4:2D:C9:73:E6:19,-95,88,375,375,1,1,0,0,0
534709633,NODE_B4BFE934ED80,child,8,F4:2D:C9:73:E6:19,-95,88,375,375,1,1,0,0,0
534809624,NODE_B4BFE934ED80,child,8,F4:2D:C9:73:E6:19,-95,88,375,375,1,1,0,0,0
534909636,NODE_B4BFE934ED80,child,8,F4:2D:C9:73:E6:19,-95,88,375,375,1,1,0,0,0
535009633,NODE_B4BFE934ED80,child,8,F4:2D:C9:73:E6:19,-95,88,375,375,1,1,0,0,0
535109624,NODE_B4BFE934ED80,child,8,F4:2D:C9:73:E6:19,-95,88,375,375,1,1,0,0,0
535209628,NODE_B4BFE934ED80,child,8,F4:2D:C9:73:E6:19,-95,88,376,376,1,1,0,0,0
535309633,NODE_B4BFE934ED80,child,8,F4:2D:C9:73:E6:19,-95,88,376,376,1,1,0,0,0
535409624,NODE_B4BFE934ED80,child,8,F4:2D:C9:73:E6:19,-95,88,376,376,1,1,0,0,0
535509975,NODE_B4BFE934ED80,child,8,F4:2D:C9:73:E6:19,-95,88,376,376,1,1,0,0,0
535609633,NODE_B4BFE934ED80,child,8,F4:2D:C9:73:E6:19,-95,88,376,376,1,1,0,0,0
535709632,NODE_B4BFE934ED80,child,8,F4:2D:C9:73:E6:19,-93,88,376,376,1,1,0,0,0
535809624,NODE_B4BFE934ED80,child,8,F4:2D:C9:73:E6:19,-93,88,376,376,1,1,0,0,0
535909625,NODE_B4BFE934ED80,child,8,F4:2D:C9:73:E6:19,-93,88,376,376,1,1,0,0,0
536009628,NODE_B4BFE934ED80,child,8,F4:2D:C9:73:E6:19,-93,88,376,376,1,1,0,0,0
536109632,NODE_B4BFE934ED80,child,8,F4:2D:C9:73:E6:19,-93,88,376,376,1,1,0,0,0
536209629,NODE_B4BFE934ED80,child,8,F4:2D:C9:73:E6:19,-93,88,377,377,1,1,0,0,0
536309644,NODE_B4BFE934ED80,child,8,F4:2D:C9:73:E6:19,-93,88,377,377,1,1,0,0,0
536409624,NODE_B4BFE934ED80,child,8,F4:2D:C9:73:E6:19,-93,88,377,377,1,1,0,0,0
536509625,NODE_B4BFE934ED80,child,8,F4:2D:C9:73:E6:19,-93,88,377,377,1,1,0,0,0
536609624,NODE_B4BFE934ED80,child,8,F4:2D:C9:73:E6:19,-93,88,377,377,1,1,0,0,0
536709636,NODE_B4BFE934ED80,child,8,F4:2D:C9:73:E6:19,-98,88,377,377,1,1,0,0,0
536809625,NODE_B4BFE934ED80,child,8,F4:2D:C9:73:E6:19,-98,88,377,377,1,1,0,0,0
536909624,NODE_B4BFE934ED80,child,8,F4:2D:C9:73:E6:19,-98,88,377,377,1,1,0,0,0
537009632,NODE_B4BFE934ED80,child,8,F4:2D:C9:73:E6:19,-98,88,377,377,1,1,0,0,0
537109625,NODE_B4BFE934ED80,child,8,F4:2D:C9:73:E6:19,-98,88,377,377,1,1,0,0,0
537209628,NODE_B4BFE934ED80,child,8,F4:2D:C9:73:E6:19,-98,88,378,378,1,1,0,0,0
537309632,NODE_B4BFE934ED80,child,8,F4:2D:C9:73:E6:19,-98,88,378,378,1,1,0,0,0
537409625,NODE_B4BFE934ED80,child,8,F4:2D:C9:73:E6:19,-98,88,378,378,1,1,0,0,0
537509624,NODE_B4BFE934ED80,child,8,F4:2D:C9:73:E6:19,-98,88,378,378,1,1,0,0,0
537609632,NODE_B4BFE934ED80,child,8,F4:2D:C9:73:E6:19,-98,88,378,378,1,1,0,0,0
537709629,NODE_B4BFE934ED80,child,8,F4:2D:C9:73:E6:19,-92,88,378,378,1,1,0,0,0
537809628,NODE_B4BFE934ED80,child,8,F4:2D:C9:73:E6:19,-92,88,378,378,1,1,0,0,0
537909624,NODE_B4BFE934ED80,child,8,F4:2D:C9:73:E6:19,-92,88,378,378,1,1,0,0,0
538009633,NODE_B4BFE934ED80,child,8,F4:2D:C9:73:E6:19,-92,88,378,378,1,1,0,0,0
538109632,NODE_B4BFE934ED80,child,8,F4:2D:C9:73:E6:19,-92,88,378,378,1,1,0,0,0
538209632,NODE_B4BFE934ED80,child,8,F4:2D:C9:73:E6:19,-92,88,379,379,1,1,0,0,0
538309633,NODE_B4BFE934ED80,child,8,F4:2D:C9:73:E6:19,-92,88,379,379,1,1,0,0,0
538409632,NODE_B4BFE934ED80,child,8,F4:2D:C9:73:E6:19,-92,88,379,379,1,1,0,0,0
538509624,NODE_B4BFE934ED80,child,8,F4:2D:C9:73:E6:19,-92,88,379,379,1,1,0,0,0
538609625,NODE_B4BFE934ED80,child,8,F4:2D:C9:73:E6:19,-92,88,379,379,1,1,0,0,0
538709632,NODE_B4BFE934ED80,child,8,F4:2D:C9:73:E6:19,-92,88,379,379,1,1,0,0,0
538809636,NODE_B4BFE934ED80,child,8,F4:2D:C9:73:E6:19,-95,88,379,379,1,1,0,0,0
538909625,NODE_B4BFE934ED80,child,8,F4:2D:C9:73:E6:19,-95,88,379,379,1,1,0,0,0
539009632,NODE_B4BFE934ED80,child,8,F4:2D:C9:73:E6:19,-95,88,379,379,1,1,0,0,0
539109624,NODE_B4BFE934ED80,child,8,F4:2D:C9:73:E6:19,-95,88,379,379,1,1,0,0,0
539209629,NODE_B4BFE934ED80,child,8,F4:2D:C9:73:E6:19,-95,88,380,380,1,1,0,0,0
539309624,NODE_B4BFE934ED80,child,8,F4:2D:C9:73:E6:19,-95,88,380,380,1,1,0,0,0
539409640,NODE_B4BFE934ED80,child,8,F4:2D:C9:73:E6:19,-95,88,380,380,1,1,0,0,0
539509629,NODE_B4BFE934ED80,child,8,F4:2D:C9:73:E6:19,-95,88,380,380,1,1,0,0,0
539609632,NODE_B4BFE934ED80,child,8,F4:2D:C9:73:E6:19,-95,88,380,380,1,1,0,0,0
539709836,NODE_B4BFE934ED80,child,8,F4:2D:C9:73:E6:19,-95,88,380,380,1,1,0,0,0
539809633,NODE_B4BFE934ED80,child,8,F4:2D:C9:73:E6:19,-93,88,380,380,1,1,0,0,0
539909624,NODE_B4BFE934ED80,child,8,F4:2D:C9:73:E6:19,-93,88,380,380,1,1,0,0,0
540009628,NODE_B4BFE934ED80,child,8,F4:2D:C9:73:E6:19,-93,88,380,380,1,1,0,0,0
540109625,NODE_B4BFE934ED80,child,8,F4:2D:C9:73:E6:19,-93,88,380,380,1,1,0,0,0
540209628,NODE_B4BFE934ED80,child,8,F4:2D:C9:73:E6:19,-93,88,381,381,1,1,0,0,0
540309632,NODE_B4BFE934ED80,child,8,F4:2D:C9:73:E6:19,-93,88,381,381,1,1,0,0,0
540409629,NODE_B4BFE934ED80,child,8,F4:2D:C9:73:E6:19,-93,88,381,381,1,1,0,0,0
540509624,NODE_B4BFE934ED80,child,8,F4:2D:C9:73:E6:19,-93,88,381,381,1,1,0,0,0
540609624,NODE_B4BFE934ED80,child,8,F4:2D:C9:73:E6:19,-93,88,381,381,1,1,0,0,0
540709629,NODE_B4BFE934ED80,child,8,F4:2D:C9:73:E6:19,-93,88,381,381,1,1,0,0,0
540809640,NODE_B4BFE934ED80,child,8,F4:2D:C9:73:E6:19,-95,88,381,381,1,1,0,0,0
540909624,NODE_B4BFE934ED80,child,8,F4:2D:C9:73:E6:19,-95,88,381,381,1,1,0,0,0
541009629,NODE_B4BFE934ED80,child,8,F4:2D:C9:73:E6:19,-95,88,381,381,1,1,0,0,0
541109628,NODE_B4BFE934ED80,child,8,F4:2D:C9:73:E6:19,-95,88,381,381,1,1,0,0,0
541209628,NODE_B4BFE934ED80,child,8,F4:2D:C9:73:E6:19,-95,88,381,381,1,1,0,0,0
541309629,NODE_B4BFE934ED80,child,8,F4:2D:C9:73:E6:19,-95,88,381,381,1,1,0,0,0
541409632,NODE_B4BFE934ED80,child,8,F4:2D:C9:73:E6:19,-95,88,382,382,1,1,0,0,0
541509636,NODE_B4BFE934ED80,child,8,F4:2D:C9:73:E6:19,-95,88,382,382,1,1,0,0,0
541609625,NODE_B4BFE934ED80,child,8,F4:2D:C9:73:E6:19,-95,88,382,382,1,1,0,0,0
541709632,NODE_B4BFE934ED80,child,8,F4:2D:C9:73:E6:19,-95,88,382,382,1,1,0,0,0
541809746,NODE_B4BFE934ED80,child,8,F4:2D:C9:73:E6:19,-95,88,382,382,1,1,0,0,0
541909625,NODE_B4BFE934ED80,child,8,F4:2D:C9:73:E6:19,-95,88,382,382,1,1,0,0,0
542009632,NODE_B4BFE934ED80,child,8,F4:2D:C9:73:E6:19,-95,88,382,382,1,1,0,0,0
542109632,NODE_B4BFE934ED80,child,8,F4:2D:C9:73:E6:19,-95,88,382,382,1,1,0,0,0
542209625,NODE_B4BFE934ED80,child,8,F4:2D:C9:73:E6:19,-95,88,382,382,1,1,0,0,0
542309624,NODE_B4BFE934ED80,child,8,F4:2D:C9:73:E6:19,-95,88,382,382,1,1,0,0,0
542409632,NODE_B4BFE934ED80,child,8,F4:2D:C9:73:E6:19,-95,88,383,383,1,1,0,0,0
542509629,NODE_B4BFE934ED80,child,8,F4:2D:C9:73:E6:19,-95,88,383,383,1,1,0,0,0
542609624,NODE_B4BFE934ED80,child,8,F4:2D:C9:73:E6:19,-95,88,383,383,1,1,0,0,0
542709632,NODE_B4BFE934ED80,child,8,F4:2D:C9:73:E6:19,-95,88,383,383,1,1,0,0,0
542809633,NODE_B4BFE934ED80,child,8,F4:2D:C9:73:E6:19,-95,88,383,383,1,1,0,0,0
542909636,NODE_B4BFE934ED80,child,8,F4:2D:C9:73:E6:19,-95,88,383,383,1,1,0,0,0
543009628,NODE_B4BFE934ED80,child,8,F4:2D:C9:73:E6:19,-95,88,383,383,1,1,0,0,0
543109625,NODE_B4BFE934ED80,child,8,F4:2D:C9:73:E6:19,-95,88,383,383,1,1,0,0,0
543209624,NODE_B4BFE934ED80,child,8,F4:2D:C9:73:E6:19,-95,88,383,383,1,1,0,0,0
543309624,NODE_B4BFE934ED80,child,8,F4:2D:C9:73:E6:19,-95,88,383,383,1,1,0,0,0
543409629,NODE_B4BFE934ED80,child,8,F4:2D:C9:73:E6:19,-95,88,384,384,1,1,0,0,0
543509636,NODE_B4BFE934ED80,child,8,F4:2D:C9:73:E6:19,-95,88,384,384,1,1,0,0,0
543609624,NODE_B4BFE934ED80,child,8,F4:2D:C9:73:E6:19,-95,88,384,384,1,1,0,0,0
543709625,NODE_B4BFE934ED80,child,8,F4:2D:C9:73:E6:19,-95,88,384,384,1,1,0,0,0
543809624,NODE_B4BFE934ED80,child,8,F4:2D:C9:73:E6:19,-95,88,384,384,1,1,0,0,0
543909632,NODE_B4BFE934ED80,child,8,F4:2D:C9:73:E6:19,-95,88,384,384,1,1,0,0,0
544009629,NODE_B4BFE934ED80,child,8,F4:2D:C9:73:E6:19,-95,88,384,384,1,1,0,0,0
544109636,NODE_B4BFE934ED80,child,8,F4:2D:C9:73:E6:19,-95,88,384,384,1,1,0,0,0
544209624,NODE_B4BFE934ED80,child,8,F4:2D:C9:73:E6:19,-95,88,384,384,1,1,0,0,0
544309625,NODE_B4BFE934ED80,child,8,F4:2D:C9:73:E6:19,-95,88,384,384,1,1,0,0,0
544409628,NODE_B4BFE934ED80,child,8,F4:2D:C9:73:E6:19,-95,88,385,385,1,1,0,0,0
544509640,NODE_B4BFE934ED80,child,8,F4:2D:C9:73:E6:19,-95,88,385,385,1,1,0,0,0
544609625,NODE_B4BFE934ED80,child,8,F4:2D:C9:73:E6:19,-95,88,385,385,1,1,0,0,0
544709628,NODE_B4BFE934ED80,child,8,F4:2D:C9:73:E6:19,-95,88,385,385,1,1,0,0,0
544809632,NODE_B4BFE934ED80,child,8,F4:2D:C9:73:E6:19,-95,88,385,385,1,1,0,0,0
544909633,NODE_B4BFE934ED80,child,8,F4:2D:C9:73:E6:19,-96,88,385,385,1,1,0,0,0
545009628,NODE_B4BFE934ED80,child,8,F4:2D:C9:73:E6:19,-96,88,385,385,1,1,0,0,0
545109624,NODE_B4BFE934ED80,child,8,F4:2D:C9:73:E6:19,-96,88,385,385,1,1,0,0,0
545209625,NODE_B4BFE934ED80,child,8,F4:2D:C9:73:E6:19,-96,88,385,385,1,1,0,0,0
545309624,NODE_B4BFE934ED80,child,8,F4:2D:C9:73:E6:19,-96,88,385,385,1,1,0,0,0
545409628,NODE_B4BFE934ED80,child,8,F4:2D:C9:73:E6:19,-96,88,386,386,1,1,0,0,0
545509637,NODE_B4BFE934ED80,child,8,F4:2D:C9:73:E6:19,-96,88,386,386,1,1,0,0,0
545609632,NODE_B4BFE934ED80,child,8,F4:2D:C9:73:E6:19,-96,88,386,386,1,1,0,0,0
545709624,NODE_B4BFE934ED80,child,8,F4:2D:C9:73:E6:19,-96,88,386,386,1,1,0,0,0
545809633,NODE_B4BFE934ED80,child,8,F4:2D:C9:73:E6:19,-96,88,386,386,1,1,0,0,0
545909636,NODE_B4BFE934ED80,child,8,F4:2D:C9:73:E6:19,-95,88,386,386,1,1,0,0,0
546009628,NODE_B4BFE934ED80,child,8,F4:2D:C9:73:E6:19,-95,88,386,386,1,1,0,0,0
546109633,NODE_B4BFE934ED80,child,8,F4:2D:C9:73:E6:19,-95,88,386,386,1,1,0,0,0
546209632,NODE_B4BFE934ED80,child,8,F4:2D:C9:73:E6:19,-95,88,386,386,1,1,0,0,0
546309628,NODE_B4BFE934ED80,child,8,F4:2D:C9:73:E6:19,-95,88,386,386,1,1,0,0,0
546409629,NODE_B4BFE934ED80,child,8,F4:2D:C9:73:E6:19,-95,88,387,387,1,1,0,0,0
546509628,NODE_B4BFE934ED80,child,8,F4:2D:C9:73:E6:19,-95,88,387,387,1,1,0,0,0
546609636,NODE_B4BFE934ED80,child,8,F4:2D:C9:73:E6:19,-95,88,387,387,1,1,0,0,0
546709625,NODE_B4BFE934ED80,child,8,F4:2D:C9:73:E6:19,-95,88,387,387,1,1,0,0,0
546809624,NODE_B4BFE934ED80,child,8,F4:2D:C9:73:E6:19,-95,88,387,387,1,1,0,0,0
546909632,NODE_B4BFE934ED80,child,8,F4:2D:C9:73:E6:19,-95,88,387,387,1,1,0,0,0
547009629,NODE_B4BFE934ED80,child,8,F4:2D:C9:73:E6:19,-95,88,387,387,1,1,0,0,0
547109624,NODE_B4BFE934ED80,child,8,F4:2D:C9:73:E6:19,-95,88,387,387,1,1,0,0,0
547209624,NODE_B4BFE934ED80,child,8,F4:2D:C9:73:E6:19,-95,88,387,387,1,1,0,0,0
547309633,NODE_B4BFE934ED80,child,8,F4:2D:C9:73:E6:19,-95,88,387,387,1,1,0,0,0
547409628,NODE_B4BFE934ED80,child,8,F4:2D:C9:73:E6:19,-95,88,388,388,1,1,0,0,0
547509624,NODE_B4BFE934ED80,child,8,F4:2D:C9:73:E6:19,-95,88,388,388,1,1,0,0,0
547609802,NODE_B4BFE934ED80,child,8,F4:2D:C9:73:E6:19,-95,88,388,388,1,1,0,0,0
547709628,NODE_B4BFE934ED80,child,8,F4:2D:C9:73:E6:19,-95,88,388,388,1,1,0,0,0
547809636,NODE_B4BFE934ED80,child,8,F4:2D:C9:73:E6:19,-95,88,388,388,1,1,0,0,0
547909629,NODE_B4BFE934ED80,child,8,F4:2D:C9:73:E6:19,-95,88,388,388,1,1,0,0,0
548009640,NODE_B4BFE934ED80,child,8,F4:2D:C9:73:E6:19,-95,88,388,388,1,1,0,0,0
548109625,NODE_B4BFE934ED80,child,8,F4:2D:C9:73:E6:19,-95,88,388,388,1,1,0,0,0
548209637,NODE_B4BFE934ED80,child,8,F4:2D:C9:73:E6:19,-95,88,388,388,1,1,0,0,0
548309628,NODE_B4BFE934ED80,child,8,F4:2D:C9:73:E6:19,-95,88,388,388,1,1,0,0,0
548409632,NODE_B4BFE934ED80,child,8,F4:2D:C9:73:E6:19,-95,88,389,389,1,1,0,0,0
548509625,NODE_B4BFE934ED80,child,8,F4:2D:C9:73:E6:19,-95,88,389,389,1,1,0,0,0
548609636,NODE_B4BFE934ED80,child,8,F4:2D:C9:73:E6:19,-95,88,389,389,1,1,0,0,0
548709628,NODE_B4BFE934ED80,child,8,F4:2D:C9:73:E6:19,-95,88,389,389,1,1,0,0,0
548809625,NODE_B4BFE934ED80,child,8,F4:2D:C9:73:E6:19,-95,88,389,389,1,1,0,0,0
548909624,NODE_B4BFE934ED80,child,8,F4:2D:C9:73:E6:19,-95,88,389,389,1,1,0,0,0
549009640,NODE_B4BFE934ED80,child,8,F4:2D:C9:73:E6:19,-95,88,389,389,1,1,0,0,0
549109625,NODE_B4BFE934ED80,child,8,F4:2D:C9:73:E6:19,-95,88,389,389,1,1,0,0,0
549209624,NODE_B4BFE934ED80,child,8,F4:2D:C9:73:E6:19,-95,88,389,389,1,1,0,0,0
549309636,NODE_B4BFE934ED80,child,8,F4:2D:C9:73:E6:19,-95,88,389,389,1,1,0,0,0
549409629,NODE_B4BFE934ED80,child,8,F4:2D:C9:73:E6:19,-95,88,390,390,1,1,0,0,0
549509628,NODE_B4BFE934ED80,child,8,F4:2D:C9:73:E6:19,-95,88,390,390,1,1,0,0,0
549609636,NODE_B4BFE934ED80,child,8,F4:2D:C9:73:E6:19,-95,88,390,390,1,1,0,0,0
549709625,NODE_B4BFE934ED80,child,8,F4:2D:C9:73:E6:19,-95,88,390,390,1,1,0,0,0
549809624,NODE_B4BFE934ED80,child,8,F4:2D:C9:73:E6:19,-95,88,390,390,1,1,0,0,0
549909624,NODE_B4BFE934ED80,child,8,F4:2D:C9:73:E6:19,-95,88,390,390,1,1,0,0,0
550009645,NODE_B4BFE934ED80,child,8,F4:2D:C9:73:E6:19,-95,88,390,390,1,1,0,0,0
550109624,NODE_B4BFE934ED80,child,8,F4:2D:C9:73:E6:19,-95,88,390,390,1,1,0,0,0
550209624,NODE_B4BFE934ED80,child,8,F4:2D:C9:73:E6:19,-95,88,390,390,1,1,0,0,0
550309633,NODE_B4BFE934ED80,child,8,F4:2D:C9:73:E6:19,-95,88,390,390,1,1,0,0,0
550409628,NODE_B4BFE934ED80,child,8,F4:2D:C9:73:E6:19,-95,88,391,391,1,1,0,0,0
550509624,NODE_B4BFE934ED80,child,8,F4:2D:C9:73:E6:19,-95,88,391,391,1,1,0,0,0
550609633,NODE_B4BFE934ED80,child,8,F4:2D:C9:73:E6:19,-95,88,391,391,1,1,0,0,0
550709632,NODE_B4BFE934ED80,child,8,F4:2D:C9:73:E6:19,-95,88,391,391,1,1,0,0,0
550809624,NODE_B4BFE934ED80,child,8,F4:2D:C9:73:E6:19,-95,88,391,391,1,1,0,0,0
550909629,NODE_B4BFE934ED80,child,8,F4:2D:C9:73:E6:19,-95,88,391,391,1,1,0,0,0
551009632,NODE_B4BFE934ED80,child,8,F4:2D:C9:73:E6:19,-93,88,391,391,1,1,0,0,0
551109628,NODE_B4BFE934ED80,child,8,F4:2D:C9:73:E6:19,-93,88,391,391,1,1,0,0,0
551209625,NODE_B4BFE934ED80,child,8,F4:2D:C9:73:E6:19,-93,88,391,391,1,1,0,0,0
551309632,NODE_B4BFE934ED80,child,8,F4:2D:C9:73:E6:19,-93,88,391,391,1,1,0,0,0
551409632,NODE_B4BFE934ED80,child,8,F4:2D:C9:73:E6:19,-93,88,392,392,1,1,0,0,0
551509625,NODE_B4BFE934ED80,child,8,F4:2D:C9:73:E6:19,-93,88,392,392,1,1,0,0,0
551609624,NODE_B4BFE934ED80,child,8,F4:2D:C9:73:E6:19,-93,88,392,392,1,1,0,0,0
551709632,NODE_B4BFE934ED80,child,8,F4:2D:C9:73:E6:19,-93,88,392,392,1,1,0,0,0
551809637,NODE_B4BFE934ED80,child,8,F4:2D:C9:73:E6:19,-93,88,392,392,1,1,0,0,0
551909624,NODE_B4BFE934ED80,child,8,F4:2D:C9:73:E6:19,-93,88,392,392,1,1,0,0,0
552009628,NODE_B4BFE934ED80,child,8,F4:2D:C9:73:E6:19,-93,88,392,392,1,1,0,0,0
552109637,NODE_B4BFE934ED80,child,8,F4:2D:C9:73:E6:19,-96,88,392,392,1,1,0,0,0
552209624,NODE_B4BFE934ED80,child,8,F4:2D:C9:73:E6:19,-96,88,392,392,1,1,0,0,0
552309624,NODE_B4BFE934ED80,child,8,F4:2D:C9:73:E6:19,-96,88,392,392,1,1,0,0,0
552409629,NODE_B4BFE934ED80,child,8,F4:2D:C9:73:E6:19,-96,88,393,393,1,1,0,0,0
552509632,NODE_B4BFE934ED80,child,8,F4:2D:C9:73:E6:19,-96,88,393,393,1,1,0,0,0
552609628,NODE_B4BFE934ED80,child,8,F4:2D:C9:73:E6:19,-96,88,393,393,1,1,0,0,0
552709629,NODE_B4BFE934ED80,child,8,F4:2D:C9:73:E6:19,-96,88,393,393,1,1,0,0,0
552809624,NODE_B4BFE934ED80,child,8,F4:2D:C9:73:E6:19,-96,88,393,393,1,1,0,0,0
552909624,NODE_B4BFE934ED80,child,8,F4:2D:C9:73:E6:19,-96,88,393,393,1,1,0,0,0
553009633,NODE_B4BFE934ED80,child,8,F4:2D:C9:73:E6:19,-96,88,393,393,1,1,0,0,0
553109636,NODE_B4BFE934ED80,child,8,F4:2D:C9:73:E6:19,-96,88,393,393,1,1,0,0,0
553209624,NODE_B4BFE934ED80,child,8,F4:2D:C9:73:E6:19,-96,88,393,393,1,1,0,0,0
553309625,NODE_B4BFE934ED80,child,8,F4:2D:C9:73:E6:19,-96,88,393,393,1,1,0,0,0
553409632,NODE_B4BFE934ED80,child,8,F4:2D:C9:73:E6:19,-96,88,394,394,1,1,0,0,0
553509624,NODE_B4BFE934ED80,child,8,F4:2D:C9:73:E6:19,-96,88,394,394,1,1,0,0,0
553609625,NODE_B4BFE934ED80,child,8,F4:2D:C9:73:E6:19,-96,88,394,394,1,1,0,0,0
553709636,NODE_B4BFE934ED80,child,8,F4:2D:C9:73:E6:19,-96,88,394,394,1,1,0,0,0
553809636,NODE_B4BFE934ED80,child,8,F4:2D:C9:73:E6:19,-96,88,394,394,1,1,0,0,0
553909629,NODE_B4BFE934ED80,child,8,F4:2D:C9:73:E6:19,-96,88,394,394,1,1,0,0,0
554009628,NODE_B4BFE934ED80,child,8,F4:2D:C9:73:E6:19,-96,88,394,394,1,1,0,0,0
554109636,NODE_B4BFE934ED80,child,8,F4:2D:C9:73:E6:19,-93,88,394,394,1,1,0,0,0
554209625,NODE_B4BFE934ED80,child,8,F4:2D:C9:73:E6:19,-93,88,394,394,1,1,0,0,0
554309624,NODE_B4BFE934ED80,child,8,F4:2D:C9:73:E6:19,-93,88,394,394,1,1,0,0,0
554409628,NODE_B4BFE934ED80,child,8,F4:2D:C9:73:E6:19,-93,88,395,395,1,1,0,0,0
554509637,NODE_B4BFE934ED80,child,8,F4:2D:C9:73:E6:19,-93,88,395,395,1,1,0,0,0
554609636,NODE_B4BFE934ED80,child,8,F4:2D:C9:73:E6:19,-93,88,395,395,1,1,0,0,0
554709624,NODE_B4BFE934ED80,child,8,F4:2D:C9:73:E6:19,-93,88,395,395,1,1,0,0,0
554809629,NODE_B4BFE934ED80,child,8,F4:2D:C9:73:E6:19,-93,88,395,395,1,1,0,0,0
554909624,NODE_B4BFE934ED80,child,8,F4:2D:C9:73:E6:19,-93,88,395,395,1,1,0,0,0
555009632,NODE_B4BFE934ED80,child,8,F4:2D:C9:73:E6:19,-93,88,395,395,1,1,0,0,0
555109634,NODE_B4BFE934ED80,child,8,F4:2D:C9:73:E6:19,-94,88,395,395,1,1,0,0,0
555209632,NODE_B4BFE934ED80,child,8,F4:2D:C9:73:E6:19,-94,88,395,395,1,1,0,0,0
555309624,NODE_B4BFE934ED80,child,8,F4:2D:C9:73:E6:19,-94,88,395,395,1,1,0,0,0
555409629,NODE_B4BFE934ED80,child,8,F4:2D:C9:73:E6:19,-94,88,396,396,1,1,0,0,0
555509624,NODE_B4BFE934ED80,child,8,F4:2D:C9:73:E6:19,-94,88,396,396,1,1,0,0,0
555609632,NODE_B4BFE934ED80,child,8,F4:2D:C9:73:E6:19,-94,88,396,396,1,1,0,0,0
555709741,NODE_B4BFE934ED80,child,8,F4:2D:C9:73:E6:19,-94,88,396,396,1,1,0,0,0
555809636,NODE_B4BFE934ED80,child,8,F4:2D:C9:73:E6:19,-94,88,396,396,1,1,0,0,0
555909624,NODE_B4BFE934ED80,child,8,F4:2D:C9:73:E6:19,-94,88,396,396,1,1,0,0,0
556009629,NODE_B4BFE934ED80,child,8,F4:2D:C9:73:E6:19,-94,88,396,396,1,1,0,0,0
556109624,NODE_B4BFE934ED80,child,8,F4:2D:C9:73:E6:19,-94,88,396,396,1,1,0,0,0
556209640,NODE_B4BFE934ED80,child,8,F4:2D:C9:73:E6:19,-93,88,396,396,1,1,0,0,0
556309629,NODE_B4BFE934ED80,child,8,F4:2D:C9:73:E6:19,-93,88,396,396,1,1,0,0,0
556409632,NODE_B4BFE934ED80,child,8,F4:2D:C9:73:E6:19,-93,88,397,397,1,1,0,0,0
556509636,NODE_B4BFE934ED80,child,8,F4:2D:C9:73:E6:19,-93,88,397,397,1,1,0,0,0
556609629,NODE_B4BFE934ED80,child,8,F4:2D:C9:73:E6:19,-93,88,397,397,1,1,0,0,0
556709628,NODE_B4BFE934ED80,child,8,F4:2D:C9:73:E6:19,-93,88,397,397,1,1,0,0,0
556809628,NODE_B4BFE934ED80,child,8,F4:2D:C9:73:E6:19,-93,88,397,397,1,1,0,0,0
556909629,NODE_B4BFE934ED80,child,8,F4:2D:C9:73:E6:19,-93,88,397,397,1,1,0,0,0
557009628,NODE_B4BFE934ED80,child,8,F4:2D:C9:73:E6:19,-93,88,397,397,1,1,0,0,0
557109636,NODE_B4BFE934ED80,child,8,F4:2D:C9:73:E6:19,-93,88,397,397,1,1,0,0,0
557209629,NODE_B4BFE934ED80,child,8,F4:2D:C9:73:E6:19,-93,88,397,397,1,1,0,0,0
557309624,NODE_B4BFE934ED80,child,8,F4:2D:C9:73:E6:19,-93,88,397,397,1,1,0,0,0
557409669,NODE_B4BFE934ED80,child,8,F4:2D:C9:73:E6:19,-93,88,397,397,1,1,0,0,0
557509629,NODE_B4BFE934ED80,child,8,F4:2D:C9:73:E6:19,-93,88,398,398,1,1,0,0,0
557609632,NODE_B4BFE934ED80,child,8,F4:2D:C9:73:E6:19,-93,88,398,398,1,1,0,0,0
557709624,NODE_B4BFE934ED80,child,8,F4:2D:C9:73:E6:19,-93,88,398,398,1,1,0,0,0
557809629,NODE_B4BFE934ED80,child,8,F4:2D:C9:73:E6:19,-93,88,398,398,1,1,0,0,0
557909624,NODE_B4BFE934ED80,child,8,F4:2D:C9:73:E6:19,-93,88,398,398,1,1,0,0,0
558009628,NODE_B4BFE934ED80,child,8,F4:2D:C9:73:E6:19,-93,88,398,398,1,1,0,0,0
558109629,NODE_B4BFE934ED80,child,8,F4:2D:C9:73:E6:19,-93,88,398,398,1,1,0,0,0
558209632,NODE_B4BFE934ED80,child,8,F4:2D:C9:73:E6:19,-93,88,398,398,1,1,0,0,0
558309636,NODE_B4BFE934ED80,child,8,F4:2D:C9:73:E6:19,-93,88,398,398,1,1,0,0,0
558409629,NODE_B4BFE934ED80,child,8,F4:2D:C9:73:E6:19,-93,88,398,398,1,1,0,0,0
558509624,NODE_B4BFE934ED80,child,8,F4:2D:C9:73:E6:19,-93,88,399,399,1,1,0,0,0
558609624,NODE_B4BFE934ED80,child,8,F4:2D:C9:73:E6:19,-93,88,399,399,1,1,0,0,0
558709625,NODE_B4BFE934ED80,child,8,F4:2D:C9:73:E6:19,-93,88,399,399,1,1,0,0,0
558809632,NODE_B4BFE934ED80,child,8,F4:2D:C9:73:E6:19,-93,88,399,399,1,1,0,0,0
558909624,NODE_B4BFE934ED80,child,8,F4:2D:C9:73:E6:19,-93,88,399,399,1,1,0,0,0
559009637,NODE_B4BFE934ED80,child,8,F4:2D:C9:73:E6:19,-93,88,399,399,1,1,0,0,0
559109624,NODE_B4BFE934ED80,child,8,F4:2D:C9:73:E6:19,-93,88,399,399,1,1,0,0,0
559209632,NODE_B4BFE934ED80,child,8,F4:2D:C9:73:E6:19,-94,88,399,399,1,1,0,0,0
559309629,NODE_B4BFE934ED80,child,8,F4:2D:C9:73:E6:19,-94,88,399,399,1,1,0,0,0
559409624,NODE_B4BFE934ED80,child,8,F4:2D:C9:73:E6:19,-94,88,399,399,1,1,0,0,0
559509624,NODE_B4BFE934ED80,child,8,F4:2D:C9:73:E6:19,-94,88,400,400,1,1,0,0,0
559609633,NODE_B4BFE934ED80,child,8,F4:2D:C9:73:E6:19,-94,88,400,400,1,1,0,0,0
559709632,NODE_B4BFE934ED80,child,8,F4:2D:C9:73:E6:19,-94,88,400,400,1,1,0,0,0
559809628,NODE_B4BFE934ED80,child,8,F4:2D:C9:73:E6:19,-94,88,400,400,1,1,0,0,0
559909629,NODE_B4BFE934ED80,child,8,F4:2D:C9:73:E6:19,-94,88,400,400,1,1,0,0,0
560009628,NODE_B4BFE934ED80,child,8,F4:2D:C9:73:E6:19,-94,88,400,400,1,1,0,0,0
560109624,NODE_B4BFE934ED80,child,8,F4:2D:C9:73:E6:19,-94,88,400,400,1,1,0,0,0
560209625,NODE_B4BFE934ED80,child,8,F4:2D:C9:73:E6:19,-94,88,400,400,1,1,0,0,0
560309640,NODE_B4BFE934ED80,child,8,F4:2D:C9:73:E6:19,-96,88,400,400,1,1,0,0,0
560409624,NODE_B4BFE934ED80,child,8,F4:2D:C9:73:E6:19,-96,88,400,400,1,1,0,0,0
560509625,NODE_B4BFE934ED80,child,8,F4:2D:C9:73:E6:19,-96,88,401,401,1,1,0,0,0
560609632,NODE_B4BFE934ED80,child,8,F4:2D:C9:73:E6:19,-96,88,401,401,1,1,0,0,0
560709624,NODE_B4BFE934ED80,child,8,F4:2D:C9:73:E6:19,-96,88,401,401,1,1,0,0,0
560809625,NODE_B4BFE934ED80,child,8,F4:2D:C9:73:E6:19,-96,88,401,401,1,1,0,0,0
560909628,NODE_B4BFE934ED80,child,8,F4:2D:C9:73:E6:19,-96,88,401,401,1,1,0,0,0
561009632,NODE_B4BFE934ED80,child,8,F4:2D:C9:73:E6:19,-96,88,401,401,1,1,0,0,0
561109990,NODE_B4BFE934ED80,child,8,F4:2D:C9:73:E6:19,-96,88,401,401,1,1,0,0,0
561209628,NODE_B4BFE934ED80,child,8,F4:2D:C9:73:E6:19,-96,88,401,401,1,1,0,0,0
561309636,NODE_B4BFE934ED80,child,8,F4:2D:C9:73:E6:19,-95,88,401,401,1,1,0,0,0
561409629,NODE_B4BFE934ED80,child,8,F4:2D:C9:73:E6:19,-95,88,401,401,1,1,0,0,0
561509624,NODE_B4BFE934ED80,child,8,F4:2D:C9:73:E6:19,-95,88,402,402,1,1,0,0,0
561609636,NODE_B4BFE934ED80,child,8,F4:2D:C9:73:E6:19,-95,88,402,402,1,1,0,0,0
561709625,NODE_B4BFE934ED80,child,8,F4:2D:C9:73:E6:19,-95,88,402,402,1,1,0,0,0
561809624,NODE_B4BFE934ED80,child,8,F4:2D:C9:73:E6:19,-95,88,402,402,1,1,0,0,0
561909628,NODE_B4BFE934ED80,child,8,F4:2D:C9:73:E6:19,-95,88,402,402,1,1,0,0,0
562009629,NODE_B4BFE934ED80,child,8,F4:2D:C9:73:E6:19,-95,88,402,402,1,1,0,0,0
562109625,NODE_B4BFE934ED80,child,8,F4:2D:C9:73:E6:19,-95,88,402,402,1,1,0,0,0
562209632,NODE_B4BFE934ED80,child,8,F4:2D:C9:73:E6:19,-95,88,402,402,1,1,0,0,0
562309641,NODE_B4BFE934ED80,child,8,F4:2D:C9:73:E6:19,-95,88,402,402,1,1,0,0,0
562409624,NODE_B4BFE934ED80,child,8,F4:2D:C9:73:E6:19,-95,88,402,402,1,1,0,0,0
562509624,NODE_B4BFE934ED80,child,8,F4:2D:C9:73:E6:19,-95,88,403,403,1,1,0,0,0
562609625,NODE_B4BFE934ED80,child,8,F4:2D:C9:73:E6:19,-95,88,403,403,1,1,0,0,0
562709628,NODE_B4BFE934ED80,child,8,F4:2D:C9:73:E6:19,-95,88,403,403,1,1,0,0,0
562809624,NODE_B4BFE934ED80,child,8,F4:2D:C9:73:E6:19,-95,88,403,403,1,1,0,0,0
562909629,NODE_B4BFE934ED80,child,8,F4:2D:C9:73:E6:19,-95,88,403,403,1,1,0,0,0
563009632,NODE_B4BFE934ED80,child,8,F4:2D:C9:73:E6:19,-95,88,403,403,1,1,0,0,0
563109624,NODE_B4BFE934ED80,child,8,F4:2D:C9:73:E6:19,-95,88,403,403,1,1,0,0,0
563209629,NODE_B4BFE934ED80,child,8,F4:2D:C9:73:E6:19,-95,88,403,403,1,1,0,0,0
563309632,NODE_B4BFE934ED80,child,8,F4:2D:C9:73:E6:19,-93,88,403,403,1,1,0,0,0
563409628,NODE_B4BFE934ED80,child,8,F4:2D:C9:73:E6:19,-93,88,403,403,1,1,0,0,0
563509625,NODE_B4BFE934ED80,child,8,F4:2D:C9:73:E6:19,-93,88,404,404,1,1,0,0,0
563609640,NODE_B4BFE934ED80,child,8,F4:2D:C9:73:E6:19,-93,88,404,404,1,1,0,0,0
563709624,NODE_B4BFE934ED80,child,8,F4:2D:C9:73:E6:19,-93,88,404,404,1,1,0,0,0
563809625,NODE_B4BFE934ED80,child,8,F4:2D:C9:73:E6:19,-93,88,404,404,1,1,0,0,0
563909624,NODE_B4BFE934ED80,child,8,F4:2D:C9:73:E6:19,-93,88,404,404,1,1,0,0,0
564009632,NODE_B4BFE934ED80,child,8,F4:2D:C9:73:E6:19,-93,88,404,404,1,1,0,0,0
564109633,NODE_B4BFE934ED80,child,8,F4:2D:C9:73:E6:19,-93,88,404,404,1,1,0,0,0
564209624,NODE_B4BFE934ED80,child,8,F4:2D:C9:73:E6:19,-93,88,404,404,1,1,0,0,0
564309624,NODE_B4BFE934ED80,child,8,F4:2D:C9:73:E6:19,-93,88,404,404,1,1,0,0,0
564409637,NODE_B4BFE934ED80,child,8,F4:2D:C9:73:E6:19,-95,88,404,404,1,1,0,0,0
564509628,NODE_B4BFE934ED80,child,8,F4:2D:C9:73:E6:19,-95,88,404,404,1,1,0,0,0
564609628,NODE_B4BFE934ED80,child,8,F4:2D:C9:73:E6:19,-95,88,405,405,1,1,0,0,0
564709629,NODE_B4BFE934ED80,child,8,F4:2D:C9:73:E6:19,-95,88,405,405,1,1,0,0,0
564809636,NODE_B4BFE934ED80,child,8,F4:2D:C9:73:E6:19,-95,88,405,405,1,1,0,0,0
564909624,NODE_B4BFE934ED80,child,8,F4:2D:C9:73:E6:19,-95,88,405,405,1,1,0,0,0
565009633,NODE_B4BFE934ED80,child,8,F4:2D:C9:73:E6:19,-95,88,405,405,1,1,0,0,0
565109624,NODE_B4BFE934ED80,child,8,F4:2D:C9:73:E6:19,-95,88,405,405,1,1,0,0,0
565209628,NODE_B4BFE934ED80,child,8,F4:2D:C9:73:E6:19,-95,88,405,405,1,1,0,0,0
565309625,NODE_B4BFE934ED80,child,8,F4:2D:C9:73:E6:19,-95,88,405,405,1,1,0,0,0
565409632,NODE_B4BFE934ED80,child,8,F4:2D:C9:73:E6:19,-97,88,405,405,1,1,0,0,0
565510392,NODE_B4BFE934ED80,child,8,F4:2D:C9:73:E6:19,-97,88,405,405,1,1,0,0,0
565609633,NODE_B4BFE934ED80,child,8,F4:2D:C9:73:E6:19,-97,88,406,406,1,1,0,0,0
565709628,NODE_B4BFE934ED80,child,8,F4:2D:C9:73:E6:19,-97,88,406,406,1,1,0,0,0
565809624,NODE_B4BFE934ED80,child,8,F4:2D:C9:73:E6:19,-97,88,406,406,1,1,0,0,0
565909625,NODE_B4BFE934ED80,child,8,F4:2D:C9:73:E6:19,-97,88,406,406,1,1,0,0,0
566009632,NODE_B4BFE934ED80,child,8,F4:2D:C9:73:E6:19,-97,88,406,406,1,1,0,0,0
566109632,NODE_B4BFE934ED80,child,8,F4:2D:C9:73:E6:19,-97,88,406,406,1,1,0,0,0
566209625,NODE_B4BFE934ED80,child,8,F4:2D:C9:73:E6:19,-97,88,406,406,1,1,0,0,0
566309624,NODE_B4BFE934ED80,child,8,F4:2D:C9:73:E6:19,-97,88,406,406,1,1,0,0,0
566409640,NODE_B4BFE934ED80,child,8,F4:2D:C9:73:E6:19,-96,88,406,406,1,1,0,0,0
566509625,NODE_B4BFE934ED80,child,8,F4:2D:C9:73:E6:19,-96,88,406,406,1,1,0,0,0
566609636,NODE_B4BFE934ED80,child,8,F4:2D:C9:73:E6:19,-96,88,407,407,1,1,0,0,0
566709624,NODE_B4BFE934ED80,child,8,F4:2D:C9:73:E6:19,-96,88,407,407,1,1,0,0,0
566809633,NODE_B4BFE934ED80,child,8,F4:2D:C9:73:E6:19,-96,88,407,407,1,1,0,0,0
566909624,NODE_B4BFE934ED80,child,8,F4:2D:C9:73:E6:19,-96,88,407,407,1,1,0,0,0
567009632,NODE_B4BFE934ED80,child,8,F4:2D:C9:73:E6:19,-96,88,407,407,1,1,0,0,0
567109625,NODE_B4BFE934ED80,child,8,F4:2D:C9:73:E6:19,-96,88,407,407,1,1,0,0,0
567209624,NODE_B4BFE934ED80,child,8,F4:2D:C9:73:E6:19,-96,88,407,407,1,1,0,0,0
567309628,NODE_B4BFE934ED80,child,8,F4:2D:C9:73:E6:19,-96,88,407,407,1,1,0,0,0
567409629,NODE_B4BFE934ED80,child,8,F4:2D:C9:73:E6:19,-93,88,407,407,1,1,0,0,0
567509636,NODE_B4BFE934ED80,child,8,F4:2D:C9:73:E6:19,-93,88,407,407,1,1,0,0,0
567609628,NODE_B4BFE934ED80,child,8,F4:2D:C9:73:E6:19,-93,88,408,408,1,1,0,0,0
567709625,NODE_B4BFE934ED80,child,8,F4:2D:C9:73:E6:19,-93,88,408,408,1,1,0,0,0
567809624,NODE_B4BFE934ED80,child,8,F4:2D:C9:73:E6:19,-93,88,408,408,1,1,0,0,0
567909624,NODE_B4BFE934ED80,child,8,F4:2D:C9:73:E6:19,-93,88,408,408,1,1,0,0,0
568009633,NODE_B4BFE934ED80,child,8,F4:2D:C9:73:E6:19,-93,88,408,408,1,1,0,0,0
568109640,NODE_B4BFE934ED80,child,8,F4:2D:C9:73:E6:19,-93,88,408,408,1,1,0,0,0
568209624,NODE_B4BFE934ED80,child,8,F4:2D:C9:73:E6:19,-93,88,408,408,1,1,0,0,0
568309625,NODE_B4BFE934ED80,child,8,F4:2D:C9:73:E6:19,-93,88,408,408,1,1,0,0,0
568409632,NODE_B4BFE934ED80,child,8,F4:2D:C9:73:E6:19,-95,88,408,408,1,1,0,0,0
568509636,NODE_B4BFE934ED80,child,8,F4:2D:C9:73:E6:19,-95,88,408,408,1,1,0,0,0
568609625,NODE_B4BFE934ED80,child,8,F4:2D:C9:73:E6:19,-95,88,409,409,1,1,0,0,0
568709624,NODE_B4BFE934ED80,child,8,F4:2D:C9:73:E6:19,-95,88,409,409,1,1,0,0,0
568809636,NODE_B4BFE934ED80,child,8,F4:2D:C9:73:E6:19,-95,88,409,409,1,1,0,0,0
568909716,NODE_B4BFE934ED80,child,8,F4:2D:C9:73:E6:19,-95,88,409,409,1,1,0,0,0
569009628,NODE_B4BFE934ED80,child,8,F4:2D:C9:73:E6:19,-95,88,409,409,1,1,0,0,0
569109628,NODE_B4BFE934ED80,child,8,F4:2D:C9:73:E6:19,-95,88,409,409,1,1,0,0,0
569209633,NODE_B4BFE934ED80,child,8,F4:2D:C9:73:E6:19,-95,88,409,409,1,1,0,0,0
569309624,NODE_B4BFE934ED80,child,8,F4:2D:C9:73:E6:19,-95,88,409,409,1,1,0,0,0
569409624,NODE_B4BFE934ED80,child,8,F4:2D:C9:73:E6:19,-95,88,409,409,1,1,0,0,0
569509633,NODE_B4BFE934ED80,child,8,F4:2D:C9:73:E6:19,-95,88,409,409,1,1,0,0,0
569609628,NODE_B4BFE934ED80,child,8,F4:2D:C9:73:E6:19,-95,88,410,410,1,1,0,0,0
569709624,NODE_B4BFE934ED80,child,8,F4:2D:C9:73:E6:19,-95,88,410,410,1,1,0,0,0
569809629,NODE_B4BFE934ED80,child,8,F4:2D:C9:73:E6:19,-95,88,410,410,1,1,0,0,0
569909628,NODE_B4BFE934ED80,child,8,F4:2D:C9:73:E6:19,-95,88,410,410,1,1,0,0,0
570009636,NODE_B4BFE934ED80,child,8,F4:2D:C9:73:E6:19,-95,88,410,410,1,1,0,0,0
570109633,NODE_B4BFE934ED80,child,8,F4:2D:C9:73:E6:19,-95,88,410,410,1,1,0,0,0
570209628,NODE_B4BFE934ED80,child,8,F4:2D:C9:73:E6:19,-95,88,410,410,1,1,0,0,0
570309624,NODE_B4BFE934ED80,child,8,F4:2D:C9:73:E6:19,-95,88,410,410,1,1,0,0,0
570409629,NODE_B4BFE934ED80,child,8,F4:2D:C9:73:E6:19,-95,88,410,410,1,1,0,0,0
570509632,NODE_B4BFE934ED80,child,8,F4:2D:C9:73:E6:19,-95,88,410,410,1,1,0,0,0
570609628,NODE_B4BFE934ED80,child,8,F4:2D:C9:73:E6:19,-95,88,411,411,1,1,0,0,0
570709629,NODE_B4BFE934ED80,child,8,F4:2D:C9:73:E6:19,-95,88,411,411,1,1,0,0,0
570809628,NODE_B4BFE934ED80,child,8,F4:2D:C9:73:E6:19,-95,88,411,411,1,1,0,0,0
570909624,NODE_B4BFE934ED80,child,8,F4:2D:C9:73:E6:19,-95,88,411,411,1,1,0,0,0
571009629,NODE_B4BFE934ED80,child,8,F4:2D:C9:73:E6:19,-95,88,411,411,1,1,0,0,0
571109628,NODE_B4BFE934ED80,child,8,F4:2D:C9:73:E6:19,-95,88,411,411,1,1,0,0,0
571209624,NODE_B4BFE934ED80,child,8,F4:2D:C9:73:E6:19,-95,88,411,411,1,1,0,0,0
571309637,NODE_B4BFE934ED80,child,8,F4:2D:C9:73:E6:19,-95,88,411,411,1,1,0,0,0
571409628,NODE_B4BFE934ED80,child,8,F4:2D:C9:73:E6:19,-95,88,411,411,1,1,0,0,0
571509628,NODE_B4BFE934ED80,child,8,F4:2D:C9:73:E6:19,-95,88,411,411,1,1,0,0,0
571609629,NODE_B4BFE934ED80,child,8,F4:2D:C9:73:E6:19,-95,88,412,412,1,1,0,0,0
571709628,NODE_B4BFE934ED80,child,8,F4:2D:C9:73:E6:19,-95,88,412,412,1,1,0,0,0
571809624,NODE_B4BFE934ED80,child,8,F4:2D:C9:73:E6:19,-95,88,412,412,1,1,0,0,0
571909625,NODE_B4BFE934ED80,child,8,F4:2D:C9:73:E6:19,-95,88,412,412,1,1,0,0,0
572009636,NODE_B4BFE934ED80,child,8,F4:2D:C9:73:E6:19,-95,88,412,412,1,1,0,0,0
572109624,NODE_B4BFE934ED80,child,8,F4:2D:C9:73:E6:19,-95,88,412,412,1,1,0,0,0
572209629,NODE_B4BFE934ED80,child,8,F4:2D:C9:73:E6:19,-95,88,412,412,1,1,0,0,0
572309624,NODE_B4BFE934ED80,child,8,F4:2D:C9:73:E6:19,-95,88,412,412,1,1,0,0,0
572409628,NODE_B4BFE934ED80,child,8,F4:2D:C9:73:E6:19,-95,88,412,412,1,1,0,0,0
572509629,NODE_B4BFE934ED80,child,8,F4:2D:C9:73:E6:19,-96,88,412,412,1,1,0,0,0
572609632,NODE_B4BFE934ED80,child,8,F4:2D:C9:73:E6:19,-96,88,413,413,1,1,0,0,0
572709624,NODE_B4BFE934ED80,child,8,F4:2D:C9:73:E6:19,-96,88,413,413,1,1,0,0,0
572809625,NODE_B4BFE934ED80,child,8,F4:2D:C9:73:E6:19,-96,88,413,413,1,1,0,0,0
572909624,NODE_B4BFE934ED80,child,8,F4:2D:C9:73:E6:19,-96,88,413,413,1,1,0,0,0
573009628,NODE_B4BFE934ED80,child,8,F4:2D:C9:73:E6:19,-96,88,413,413,1,1,0,0,0
573110061,NODE_B4BFE934ED80,child,8,F4:2D:C9:73:E6:19,-96,88,413,413,1,1,0,0,0
573209632,NODE_B4BFE934ED80,child,8,F4:2D:C9:73:E6:19,-96,88,413,413,1,1,0,0,0
573309636,NODE_B4BFE934ED80,child,8,F4:2D:C9:73:E6:19,-96,88,413,413,1,1,0,0,0
573409625,NODE_B4BFE934ED80,child,8,F4:2D:C9:73:E6:19,-96,88,413,413,1,1,0,0,0
573509624,NODE_B4BFE934ED80,child,8,F4:2D:C9:73:E6:19,-96,88,413,413,1,1,0,0,0
573609636,NODE_B4BFE934ED80,child,8,F4:2D:C9:73:E6:19,-95,88,414,414,1,1,0,0,0
573709625,NODE_B4BFE934ED80,child,8,F4:2D:C9:73:E6:19,-95,88,414,414,1,1,0,0,0
573809624,NODE_B4BFE934ED80,child,8,F4:2D:C9:73:E6:19,-95,88,414,414,1,1,0,0,0
573909624,NODE_B4BFE934ED80,child,8,F4:2D:C9:73:E6:19,-95,88,414,414,1,1,0,0,0
574009633,NODE_B4BFE934ED80,child,8,F4:2D:C9:73:E6:19,-95,88,414,414,1,1,0,0,0
574109624,NODE_B4BFE934ED80,child,8,F4:2D:C9:73:E6:19,-95,88,414,414,1,1,0,0,0
574209628,NODE_B4BFE934ED80,child,8,F4:2D:C9:73:E6:19,-95,88,414,414,1,1,0,0,0
574309625,NODE_B4BFE934ED80,child,8,F4:2D:C9:73:E6:19,-95,88,414,414,1,1,0,0,0
574409624,NODE_B4BFE934ED80,child,8,F4:2D:C9:73:E6:19,-95,88,414,414,1,1,0,0,0
574509628,NODE_B4BFE934ED80,child,8,F4:2D:C9:73:E6:19,-95,88,414,414,1,1,0,0,0
574609637,NODE_B4BFE934ED80,child,8,F4:2D:C9:73:E6:19,-95,88,415,415,1,1,0,0,0
574709628,NODE_B4BFE934ED80,child,8,F4:2D:C9:73:E6:19,-95,88,415,415,1,1,0,0,0
574809628,NODE_B4BFE934ED80,child,8,F4:2D:C9:73:E6:19,-95,88,415,415,1,1,0,0,0
574909625,NODE_B4BFE934ED80,child,8,F4:2D:C9:73:E6:19,-95,88,415,415,1,1,0,0,0
575009628,NODE_B4BFE934ED80,child,8,F4:2D:C9:73:E6:19,-95,88,415,415,1,1,0,0,0
575109624,NODE_B4BFE934ED80,child,8,F4:2D:C9:73:E6:19,-95,88,415,415,1,1,0,0,0
575209629,NODE_B4BFE934ED80,child,8,F4:2D:C9:73:E6:19,-95,88,415,415,1,1,0,0,0
575309636,NODE_B4BFE934ED80,child,8,F4:2D:C9:73:E6:19,-95,88,415,415,1,1,0,0,0
575409624,NODE_B4BFE934ED80,child,8,F4:2D:C9:73:E6:19,-95,88,415,415,1,1,0,0,0
575509625,NODE_B4BFE934ED80,child,8,F4:2D:C9:73:E6:19,-95,88,415,415,1,1,0,0,0
575609636,NODE_B4BFE934ED80,child,8,F4:2D:C9:73:E6:19,-99,88,416,416,1,1,0,0,0
575709624,NODE_B4BFE934ED80,child,8,F4:2D:C9:73:E6:19,-99,88,416,416,1,1,0,0,0
575809633,NODE_B4BFE934ED80,child,8,F4:2D:C9:73:E6:19,-99,88,416,416,1,1,0,0,0
575909704,NODE_B4BFE934ED80,child,8,F4:2D:C9:73:E6:19,-99,88,416,416,1,1,0,0,0
576009628,NODE_B4BFE934ED80,child,8,F4:2D:C9:73:E6:19,-99,88,416,416,1,1,0,0,0
576109625,NODE_B4BFE934ED80,child,8,F4:2D:C9:73:E6:19,-99,88,416,416,1,1,0,0,0
576209632,NODE_B4BFE934ED80,child,8,F4:2D:C9:73:E6:19,-99,88,416,416,1,1,0,0,0
576309628,NODE_B4BFE934ED80,child,8,F4:2D:C9:73:E6:19,-99,88,416,416,1,1,0,0,0
576409629,NODE_B4BFE934ED80,child,8,F4:2D:C9:73:E6:19,-99,88,416,416,1,1,0,0,0
576509636,NODE_B4BFE934ED80,child,8,F4:2D:C9:73:E6:19,-99,88,416,416,1,1,0,0,0
576609632,NODE_B4BFE934ED80,child,8,F4:2D:C9:73:E6:19,-95,88,417,417,1,1,0,0,0
576709629,NODE_B4BFE934ED80,child,8,F4:2D:C9:73:E6:19,-95,88,417,417,1,1,0,0,0
576809624,NODE_B4BFE934ED80,child,8,F4:2D:C9:73:E6:19,-95,88,417,417,1,1,0,0,0
576909624,NODE_B4BFE934ED80,child,8,F4:2D:C9:73:E6:19,-95,88,417,417,1,1,0,0,0
577009629,NODE_B4BFE934ED80,child,8,F4:2D:C9:73:E6:19,-95,88,417,417,1,1,0,0,0
577109632,NODE_B4BFE934ED80,child,8,F4:2D:C9:73:E6:19,-95,88,417,417,1,1,0,0,0
577209624,NODE_B4BFE934ED80,child,8,F4:2D:C9:73:E6:19,-95,88,417,417,1,1,0,0,0
577309629,NODE_B4BFE934ED80,child,8,F4:2D:C9:73:E6:19,-95,88,417,417,1,1,0,0,0
577409624,NODE_B4BFE934ED80,child,8,F4:2D:C9:73:E6:19,-95,88,417,417,1,1,0,0,0
577509628,NODE_B4BFE934ED80,child,8,F4:2D:C9:73:E6:19,-95,88,417,417,1,1,0,0,0
577609633,NODE_B4BFE934ED80,child,8,F4:2D:C9:73:E6:19,-95,88,418,418,1,1,0,0,0
577709632,NODE_B4BFE934ED80,child,8,F4:2D:C9:73:E6:19,-94,88,418,418,1,1,0,0,0
577809632,NODE_B4BFE934ED80,child,8,F4:2D:C9:73:E6:19,-94,88,418,418,1,1,0,0,0
577909625,NODE_B4BFE934ED80,child,8,F4:2D:C9:73:E6:19,-94,88,418,418,1,1,0,0,0
578009628,NODE_B4BFE934ED80,child,8,F4:2D:C9:73:E6:19,-94,88,418,418,1,1,0,0,0
578109624,NODE_B4BFE934ED80,child,8,F4:2D:C9:73:E6:19,-94,88,418,418,1,1,0,0,0
578209629,NODE_B4BFE934ED80,child,8,F4:2D:C9:73:E6:19,-94,88,418,418,1,1,0,0,0
578309632,NODE_B4BFE934ED80,child,8,F4:2D:C9:73:E6:19,-94,88,418,418,1,1,0,0,0
578409632,NODE_B4BFE934ED80,child,8,F4:2D:C9:73:E6:19,-94,88,418,418,1,1,0,0,0
578509633,NODE_B4BFE934ED80,child,8,F4:2D:C9:73:E6:19,-94,88,418,418,1,1,0,0,0
578609628,NODE_B4BFE934ED80,child,8,F4:2D:C9:73:E6:19,-94,88,419,419,1,1,0,0,0
578709632,NODE_B4BFE934ED80,child,8,F4:2D:C9:73:E6:19,-94,88,419,419,1,1,0,0,0
578809625,NODE_B4BFE934ED80,child,8,F4:2D:C9:73:E6:19,-94,88,419,419,1,1,0,0,0
578909624,NODE_B4BFE934ED80,child,8,F4:2D:C9:73:E6:19,-94,88,419,419,1,1,0,0,0
579009628,NODE_B4BFE934ED80,child,8,F4:2D:C9:73:E6:19,-94,88,419,419,1,1,0,0,0
579109633,NODE_B4BFE934ED80,child,8,F4:2D:C9:73:E6:19,-94,88,419,419,1,1,0,0,0
579209624,NODE_B4BFE934ED80,child,8,F4:2D:C9:73:E6:19,-94,88,419,419,1,1,0,0,0
579309628,NODE_B4BFE934ED80,child,8,F4:2D:C9:73:E6:19,-94,88,419,419,1,1,0,0,0
579409625,NODE_B4BFE934ED80,child,8,F4:2D:C9:73:E6:19,-94,88,419,419,1,1,0,0,0
579509624,NODE_B4BFE934ED80,child,8,F4:2D:C9:73:E6:19,-94,88,419,419,1,1,0,0,0
579609632,NODE_B4BFE934ED80,child,8,F4:2D:C9:73:E6:19,-94,88,420,420,1,1,0,0,0
579709641,NODE_B4BFE934ED80,child,8,F4:2D:C9:73:E6:19,-94,88,420,420,1,1,0,0,0
579809632,NODE_B4BFE934ED80,child,8,F4:2D:C9:73:E6:19,-94,88,420,420,1,1,0,0,0
579909632,NODE_B4BFE934ED80,child,8,F4:2D:C9:73:E6:19,-94,88,420,420,1,1,0,0,0
580009629,NODE_B4BFE934ED80,child,8,F4:2D:C9:73:E6:19,-94,88,420,420,1,1,0,0,0
580109624,NODE_B4BFE934ED80,child,8,F4:2D:C9:73:E6:19,-94,88,420,420,1,1,0,0,0
580209624,NODE_B4BFE934ED80,child,8,F4:2D:C9:73:E6:19,-94,88,420,420,1,1,0,0,0
580309625,NODE_B4BFE934ED80,child,8,F4:2D:C9:73:E6:19,-94,88,420,420,1,1,0,0,0
580409628,NODE_B4BFE934ED80,child,8,F4:2D:C9:73:E6:19,-94,88,420,420,1,1,0,0,0
580509632,NODE_B4BFE934ED80,child,8,F4:2D:C9:73:E6:19,-94,88,420,420,1,1,0,0,0
580609625,NODE_B4BFE934ED80,child,8,F4:2D:C9:73:E6:19,-94,88,421,421,1,1,0,0,0
580709632,NODE_B4BFE934ED80,child,8,F4:2D:C9:73:E6:19,-93,88,421,421,1,1,0,0,0
580809632,NODE_B4BFE934ED80,child,8,F4:2D:C9:73:E6:19,-93,88,421,421,1,1,0,0,0
580909625,NODE_B4BFE934ED80,child,8,F4:2D:C9:73:E6:19,-93,88,421,421,1,1,0,0,0
581009632,NODE_B4BFE934ED80,child,8,F4:2D:C9:73:E6:19,-93,88,421,421,1,1,0,0,0
581109624,NODE_B4BFE934ED80,child,8,F4:2D:C9:73:E6:19,-93,88,421,421,1,1,0,0,0
581209625,NODE_B4BFE934ED80,child,8,F4:2D:C9:73:E6:19,-93,88,421,421,1,1,0,0,0
581309624,NODE_B4BFE934ED80,child,8,F4:2D:C9:73:E6:19,-93,88,421,421,1,1,0,0,0
581409636,NODE_B4BFE934ED80,child,8,F4:2D:C9:73:E6:19,-93,88,421,421,1,1,0,0,0
581509629,NODE_B4BFE934ED80,child,8,F4:2D:C9:73:E6:19,-93,88,421,421,1,1,0,0,0
581609628,NODE_B4BFE934ED80,child,8,F4:2D:C9:73:E6:19,-93,88,422,422,1,1,0,0,0
581709632,NODE_B4BFE934ED80,child,8,F4:2D:C9:73:E6:19,-93,88,422,422,1,1,0,0,0
581809625,NODE_B4BFE934ED80,child,8,F4:2D:C9:73:E6:19,-93,88,422,422,1,1,0,0,0
581909624,NODE_B4BFE934ED80,child,8,F4:2D:C9:73:E6:19,-93,88,422,422,1,1,0,0,0
582009628,NODE_B4BFE934ED80,child,8,F4:2D:C9:73:E6:19,-93,88,422,422,1,1,0,0,0
582109625,NODE_B4BFE934ED80,child,8,F4:2D:C9:73:E6:19,-93,88,422,422,1,1,0,0,0
582209624,NODE_B4BFE934ED80,child,8,F4:2D:C9:73:E6:19,-93,88,422,422,1,1,0,0,0
582309632,NODE_B4BFE934ED80,child,8,F4:2D:C9:73:E6:19,-93,88,422,422,1,1,0,0,0
582409629,NODE_B4BFE934ED80,child,8,F4:2D:C9:73:E6:19,-93,88,422,422,1,1,0,0,0
582509624,NODE_B4BFE934ED80,child,8,F4:2D:C9:73:E6:19,-93,88,422,422,1,1,0,0,0
582609632,NODE_B4BFE934ED80,child,8,F4:2D:C9:73:E6:19,-93,88,423,423,1,1,0,0,0
582709625,NODE_B4BFE934ED80,child,8,F4:2D:C9:73:E6:19,-93,88,423,423,1,1,0,0,0
582809636,NODE_B4BFE934ED80,child,8,F4:2D:C9:73:E6:19,-94,88,423,423,1,1,0,0,0
582909624,NODE_B4BFE934ED80,child,8,F4:2D:C9:73:E6:19,-94,88,423,423,1,1,0,0,0
583009633,NODE_B4BFE934ED80,child,8,F4:2D:C9:73:E6:19,-94,88,423,423,1,1,0,0,0
583109624,NODE_B4BFE934ED80,child,8,F4:2D:C9:73:E6:19,-94,88,423,423,1,1,0,0,0
583209636,NODE_B4BFE934ED80,child,8,F4:2D:C9:73:E6:19,-94,88,423,423,1,1,0,0,0
583309625,NODE_B4BFE934ED80,child,8,F4:2D:C9:73:E6:19,-94,88,423,423,1,1,0,0,0
583409632,NODE_B4BFE934ED80,child,8,F4:2D:C9:73:E6:19,-94,88,423,423,1,1,0,0,0
583509624,NODE_B4BFE934ED80,child,8,F4:2D:C9:73:E6:19,-94,88,423,423,1,1,0,0,0
583609633,NODE_B4BFE934ED80,child,8,F4:2D:C9:73:E6:19,-94,88,424,424,1,1,0,0,0
583709632,NODE_B4BFE934ED80,child,8,F4:2D:C9:73:E6:19,-94,88,424,424,1,1,0,0,0
583809636,NODE_B4BFE934ED80,child,8,F4:2D:C9:73:E6:19,-95,88,424,424,1,1,0,0,0
583909625,NODE_B4BFE934ED80,child,8,F4:2D:C9:73:E6:19,-95,88,424,424,1,1,0,0,0
584009628,NODE_B4BFE934ED80,child,8,F4:2D:C9:73:E6:19,-95,88,424,424,1,1,0,0,0
584109624,NODE_B4BFE934ED80,child,8,F4:2D:C9:73:E6:19,-95,88,424,424,1,1,0,0,0
584209625,NODE_B4BFE934ED80,child,8,F4:2D:C9:73:E6:19,-95,88,424,424,1,1,0,0,0
584309632,NODE_B4BFE934ED80,child,8,F4:2D:C9:73:E6:19,-95,88,424,424,1,1,0,0,0
584409628,NODE_B4BFE934ED80,child,8,F4:2D:C9:73:E6:19,-95,88,424,424,1,1,0,0,0
584509625,NODE_B4BFE934ED80,child,8,F4:2D:C9:73:E6:19,-95,88,424,424,1,1,0,0,0
584609632,NODE_B4BFE934ED80,child,8,F4:2D:C9:73:E6:19,-95,88,425,425,1,1,0,0,0
585109625,NODE_B4BFE934ED80,child,8,F4:2D:C9:73:E6:19,-95,88,425,425,1,1,0,0,0
585209624,NODE_B4BFE934ED80,child,8,F4:2D:C9:73:E6:19,-95,88,425,425,1,1,0,0,0
585309624,NODE_B4BFE934ED80,child,8,F4:2D:C9:73:E6:19,-95,88,425,425,1,1,0,0,0
585409625,NODE_B4BFE934ED80,child,8,F4:2D:C9:73:E6:19,-95,88,425,425,1,1,0,0,0
585509628,NODE_B4BFE934ED80,child,8,F4:2D:C9:73:E6:19,-95,88,425,425,1,1,0,0,0
585609628,NODE_B4BFE934ED80,child,8,F4:2D:C9:73:E6:19,-95,88,426,426,1,1,0,0,0
585709625,NODE_B4BFE934ED80,child,8,F4:2D:C9:73:E6:19,-95,88,426,426,1,1,0,0,0
585809624,NODE_B4BFE934ED80,child,8,F4:2D:C9:73:E6:19,-95,88,426,426,1,1,0,0,0
585909636,NODE_B4BFE934ED80,child,8,F4:2D:C9:73:E6:19,-94,88,426,426,1,1,0,0,0
586009629,NODE_B4BFE934ED80,child,8,F4:2D:C9:73:E6:19,-94,88,426,426,1,1,0,0,0
586109624,NODE_B4BFE934ED80,child,8,F4:2D:C9:73:E6:19,-94,88,426,426,1,1,0,0,0
586209624,NODE_B4BFE934ED80,child,8,F4:2D:C9:73:E6:19,-94,88,426,426,1,1,0,0,0
586309633,NODE_B4BFE934ED80,child,8,F4:2D:C9:73:E6:19,-94,88,426,426,1,1,0,0,0
586409624,NODE_B4BFE934ED80,child,8,F4:2D:C9:73:E6:19,-94,88,426,426,1,1,0,0,0
586509640,NODE_B4BFE934ED80,child,8,F4:2D:C9:73:E6:19,-94,88,426,426,1,1,0,0,0
586609629,NODE_B4BFE934ED80,child,8,F4:2D:C9:73:E6:19,-94,88,427,427,1,1,0,0,0
586709628,NODE_B4BFE934ED80,child,8,F4:2D:C9:73:E6:19,-94,88,427,427,1,1,0,0,0
586809636,NODE_B4BFE934ED80,child,8,F4:2D:C9:73:E6:19,-94,88,427,427,1,1,0,0,0
586909633,NODE_B4BFE934ED80,child,8,F4:2D:C9:73:E6:19,-95,88,427,427,1,1,0,0,0
587009628,NODE_B4BFE934ED80,child,8,F4:2D:C9:73:E6:19,-95,88,427,427,1,1,0,0,0
587109624,NODE_B4BFE934ED80,child,8,F4:2D:C9:73:E6:19,-95,88,427,427,1,1,0,0,0
587209625,NODE_B4BFE934ED80,child,8,F4:2D:C9:73:E6:19,-95,88,427,427,1,1,0,0,0
587309624,NODE_B4BFE934ED80,child,8,F4:2D:C9:73:E6:19,-95,88,427,427,1,1,0,0,0
587409624,NODE_B4BFE934ED80,child,8,F4:2D:C9:73:E6:19,-95,88,427,427,1,1,0,0,0
587509637,NODE_B4BFE934ED80,child,8,F4:2D:C9:73:E6:19,-95,88,427,427,1,1,0,0,0
587609624,NODE_B4BFE934ED80,child,8,F4:2D:C9:73:E6:19,-95,88,428,428,1,1,0,0,0
587709624,NODE_B4BFE934ED80,child,8,F4:2D:C9:73:E6:19,-95,88,428,428,1,1,0,0,0
587809629,NODE_B4BFE934ED80,child,8,F4:2D:C9:73:E6:19,-95,88,428,428,1,1,0,0,0
587909632,NODE_B4BFE934ED80,child,8,F4:2D:C9:73:E6:19,-96,88,428,428,1,1,0,0,0
588009628,NODE_B4BFE934ED80,child,8,F4:2D:C9:73:E6:19,-96,88,428,428,1,1,0,0,0
588109637,NODE_B4BFE934ED80,child,8,F4:2D:C9:73:E6:19,-96,88,428,428,1,1,0,0,0
588209624,NODE_B4BFE934ED80,child,8,F4:2D:C9:73:E6:19,-96,88,428,428,1,1,0,0,0
588309632,NODE_B4BFE934ED80,child,8,F4:2D:C9:73:E6:19,-96,88,428,428,1,1,0,0,0
588409629,NODE_B4BFE934ED80,child,8,F4:2D:C9:73:E6:19,-96,88,428,428,1,1,0,0,0
588509624,NODE_B4BFE934ED80,child,8,F4:2D:C9:73:E6:19,-96,88,428,428,1,1,0,0,0
588609628,NODE_B4BFE934ED80,child,8,F4:2D:C9:73:E6:19,-96,88,429,429,1,1,0,0,0
588709625,NODE_B4BFE934ED80,child,8,F4:2D:C9:73:E6:19,-96,88,429,429,1,1,0,0,0
588809632,NODE_B4BFE934ED80,child,8,F4:2D:C9:73:E6:19,-96,88,429,429,1,1,0,0,0
588909628,NODE_B4BFE934ED80,child,8,F4:2D:C9:73:E6:19,-95,88,429,429,1,1,0,0,0
589009633,NODE_B4BFE934ED80,child,8,F4:2D:C9:73:E6:19,-95,88,429,429,1,1,0,0,0
589109624,NODE_B4BFE934ED80,child,8,F4:2D:C9:73:E6:19,-95,88,429,429,1,1,0,0,0
589209624,NODE_B4BFE934ED80,child,8,F4:2D:C9:73:E6:19,-95,88,429,429,1,1,0,0,0
589309629,NODE_B4BFE934ED80,child,8,F4:2D:C9:73:E6:19,-95,88,429,429,1,1,0,0,0
589409624,NODE_B4BFE934ED80,child,8,F4:2D:C9:73:E6:19,-95,88,429,429,1,1,0,0,0
589509632,NODE_B4BFE934ED80,child,8,F4:2D:C9:73:E6:19,-95,88,429,429,1,1,0,0,0
589609629,NODE_B4BFE934ED80,child,8,F4:2D:C9:73:E6:19,-95,88,430,430,1,1,0,0,0
589709628,NODE_B4BFE934ED80,child,8,F4:2D:C9:73:E6:19,-95,88,430,430,1,1,0,0,0
589809628,NODE_B4BFE934ED80,child,8,F4:2D:C9:73:E6:19,-95,88,430,430,1,1,0,0,0
589909629,NODE_B4BFE934ED80,child,8,F4:2D:C9:73:E6:19,-95,88,430,430,1,1,0,0,0
590009628,NODE_B4BFE934ED80,child,8,F4:2D:C9:73:E6:19,-95,88,430,430,1,1,0,0,0
590109636,NODE_B4BFE934ED80,child,8,F4:2D:C9:73:E6:19,-95,88,430,430,1,1,0,0,0
590209734,NODE_B4BFE934ED80,child,8,F4:2D:C9:73:E6:19,-95,88,430,430,1,1,0,0,0
590309624,NODE_B4BFE934ED80,child,8,F4:2D:C9:73:E6:19,-95,88,430,430,1,1,0,0,0
590409624,NODE_B4BFE934ED80,child,8,F4:2D:C9:73:E6:19,-95,88,430,430,1,1,0,0,0
590509625,NODE_B4BFE934ED80,child,8,F4:2D:C9:73:E6:19,-95,88,430,430,1,1,0,0,0
590609632,NODE_B4BFE934ED80,child,8,F4:2D:C9:73:E6:19,-95,88,431,431,1,1,0,0,0
590709624,NODE_B4BFE934ED80,child,8,F4:2D:C9:73:E6:19,-95,88,431,431,1,1,0,0,0
590809633,NODE_B4BFE934ED80,child,8,F4:2D:C9:73:E6:19,-95,88,431,431,1,1,0,0,0
590909778,NODE_B4BFE934ED80,child,8,F4:2D:C9:73:E6:19,-95,88,431,431,1,1,0,0,0
591009632,NODE_B4BFE934ED80,child,8,F4:2D:C9:73:E6:19,-95,88,431,431,1,1,0,0,0
591109625,NODE_B4BFE934ED80,child,8,F4:2D:C9:73:E6:19,-95,88,431,431,1,1,0,0,0
591209624,NODE_B4BFE934ED80,child,8,F4:2D:C9:73:E6:19,-95,88,431,431,1,1,0,0,0
591309624,NODE_B4BFE934ED80,child,8,F4:2D:C9:73:E6:19,-95,88,431,431,1,1,0,0,0
591409625,NODE_B4BFE934ED80,child,8,F4:2D:C9:73:E6:19,-95,88,431,431,1,1,0,0,0
591509632,NODE_B4BFE934ED80,child,8,F4:2D:C9:73:E6:19,-95,88,431,431,1,1,0,0,0
591609632,NODE_B4BFE934ED80,child,8,F4:2D:C9:73:E6:19,-95,88,432,432,1,1,0,0,0
591709625,NODE_B4BFE934ED80,child,8,F4:2D:C9:73:E6:19,-95,88,432,432,1,1,0,0,0
591809624,NODE_B4BFE934ED80,child,8,F4:2D:C9:73:E6:19,-95,88,432,432,1,1,0,0,0
591909624,NODE_B4BFE934ED80,child,8,F4:2D:C9:73:E6:19,-95,88,432,432,1,1,0,0,0
592009641,NODE_B4BFE934ED80,child,8,F4:2D:C9:73:E6:19,-94,88,432,432,1,1,0,0,0
592109636,NODE_B4BFE934ED80,child,8,F4:2D:C9:73:E6:19,-94,88,432,432,1,1,0,0,0
592209624,NODE_B4BFE934ED80,child,8,F4:2D:C9:73:E6:19,-94,88,432,432,1,1,0,0,0
592309625,NODE_B4BFE934ED80,child,8,F4:2D:C9:73:E6:19,-94,88,432,432,1,1,0,0,0
592409624,NODE_B4BFE934ED80,child,8,F4:2D:C9:73:E6:19,-94,88,432,432,1,1,0,0,0
592509624,NODE_B4BFE934ED80,child,8,F4:2D:C9:73:E6:19,-94,88,432,432,1,1,0,0,0
592609633,NODE_B4BFE934ED80,child,8,F4:2D:C9:73:E6:19,-94,88,433,433,1,1,0,0,0
592709628,NODE_B4BFE934ED80,child,8,F4:2D:C9:73:E6:19,-94,88,433,433,1,1,0,0,0
592809624,NODE_B4BFE934ED80,child,8,F4:2D:C9:73:E6:19,-94,88,433,433,1,1,0,0,0
592909625,NODE_B4BFE934ED80,child,8,F4:2D:C9:73:E6:19,-94,88,433,433,1,1,0,0,0
593009636,NODE_B4BFE934ED80,child,8,F4:2D:C9:73:E6:19,-97,88,433,433,1,1,0,0,0
593109628,NODE_B4BFE934ED80,child,8,F4:2D:C9:73:E6:19,-97,88,433,433,1,1,0,0,0
593209629,NODE_B4BFE934ED80,child,8,F4:2D:C9:73:E6:19,-97,88,433,433,1,1,0,0,0
593309636,NODE_B4BFE934ED80,child,8,F4:2D:C9:73:E6:19,-97,88,433,433,1,1,0,0,0
593409624,NODE_B4BFE934ED80,child,8,F4:2D:C9:73:E6:19,-97,88,433,433,1,1,0,0,0
593509625,NODE_B4BFE934ED80,child,8,F4:2D:C9:73:E6:19,-97,88,433,433,1,1,0,0,0
593609632,NODE_B4BFE934ED80,child,8,F4:2D:C9:73:E6:19,-97,88,434,434,1,1,0,0,0
593709628,NODE_B4BFE934ED80,child,8,F4:2D:C9:73:E6:19,-97,88,434,434,1,1,0,0,0
593809625,NODE_B4BFE934ED80,child,8,F4:2D:C9:73:E6:19,-97,88,434,434,1,1,0,0,0
593909624,NODE_B4BFE934ED80,child,8,F4:2D:C9:73:E6:19,-97,88,434,434,1,1,0,0,0
594009632,NODE_B4BFE934ED80,child,8,F4:2D:C9:73:E6:19,-97,88,434,434,1,1,0,0,0
594109629,NODE_B4BFE934ED80,child,8,F4:2D:C9:73:E6:19,-97,88,434,434,1,1,0,0,0
594209624,NODE_B4BFE934ED80,child,8,F4:2D:C9:73:E6:19,-97,88,434,434,1,1,0,0,0
594309624,NODE_B4BFE934ED80,child,8,F4:2D:C9:73:E6:19,-97,88,434,434,1,1,0,0,0
594409625,NODE_B4BFE934ED80,child,8,F4:2D:C9:73:E6:19,-97,88,434,434,1,1,0,0,0
594509624,NODE_B4BFE934ED80,child,8,F4:2D:C9:73:E6:19,-97,88,434,434,1,1,0,0,0
594609628,NODE_B4BFE934ED80,child,8,F4:2D:C9:73:E6:19,-97,88,435,435,1,1,0,0,0
594709629,NODE_B4BFE934ED80,child,8,F4:2D:C9:73:E6:19,-97,88,435,435,1,1,0,0,0
594809624,NODE_B4BFE934ED80,child,8,F4:2D:C9:73:E6:19,-97,88,435,435,1,1,0,0,0
594909628,NODE_B4BFE934ED80,child,8,F4:2D:C9:73:E6:19,-97,88,435,435,1,1,0,0,0
595009629,NODE_B4BFE934ED80,child,8,F4:2D:C9:73:E6:19,-97,88,435,435,1,1,0,0,0
595109632,NODE_B4BFE934ED80,child,8,F4:2D:C9:73:E6:19,-95,88,435,435,1,1,0,0,0
595209624,NODE_B4BFE934ED80,child,8,F4:2D:C9:73:E6:19,-95,88,435,435,1,1,0,0,0
595309637,NODE_B4BFE934ED80,child,8,F4:2D:C9:73:E6:19,-95,88,435,435,1,1,0,0,0
595409624,NODE_B4BFE934ED80,child,8,F4:2D:C9:73:E6:19,-95,88,435,435,1,1,0,0,0
595509624,NODE_B4BFE934ED80,child,8,F4:2D:C9:73:E6:19,-95,88,435,435,1,1,0,0,0
595609625,NODE_B4BFE934ED80,child,8,F4:2D:C9:73:E6:19,-95,88,436,436,1,1,0,0,0
595709636,NODE_B4BFE934ED80,child,8,F4:2D:C9:73:E6:19,-95,88,436,436,1,1,0,0,0
595809624,NODE_B4BFE934ED80,child,8,F4:2D:C9:73:E6:19,-95,88,436,436,1,1,0,0,0
595909625,NODE_B4BFE934ED80,child,8,F4:2D:C9:73:E6:19,-95,88,436,436,1,1,0,0,0
596009632,NODE_B4BFE934ED80,child,8,F4:2D:C9:73:E6:19,-95,88,436,436,1,1,0,0,0
596109624,NODE_B4BFE934ED80,child,8,F4:2D:C9:73:E6:19,-95,88,436,436,1,1,0,0,0
596209625,NODE_B4BFE934ED80,child,8,F4:2D:C9:73:E6:19,-95,88,436,436,1,1,0,0,0
596309624,NODE_B4BFE934ED80,child,8,F4:2D:C9:73:E6:19,-95,88,436,436,1,1,0,0,0
596409624,NODE_B4BFE934ED80,child,8,F4:2D:C9:73:E6:19,-95,88,436,436,1,1,0,0,0
596509625,NODE_B4BFE934ED80,child,8,F4:2D:C9:73:E6:19,-95,88,436,436,1,1,0,0,0
596609628,NODE_B4BFE934ED80,child,8,F4:2D:C9:73:E6:19,-95,88,437,437,1,1,0,0,0
596709632,NODE_B4BFE934ED80,child,8,F4:2D:C9:73:E6:19,-95,88,437,437,1,1,0,0,0
596809625,NODE_B4BFE934ED80,child,8,F4:2D:C9:73:E6:19,-95,88,437,437,1,1,0,0,0
596909624,NODE_B4BFE934ED80,child,8,F4:2D:C9:73:E6:19,-95,88,437,437,1,1,0,0,0
597009632,NODE_B4BFE934ED80,child,8,F4:2D:C9:73:E6:19,-95,88,437,437,1,1,0,0,0
597109633,NODE_B4BFE934ED80,child,8,F4:2D:C9:73:E6:19,-93,88,437,437,1,1,0,0,0
597209628,NODE_B4BFE934ED80,child,8,F4:2D:C9:73:E6:19,-93,88,437,437,1,1,0,0,0
597309636,NODE_B4BFE934ED80,child,8,F4:2D:C9:73:E6:19,-93,88,437,437,1,1,0,0,0
597409625,NODE_B4BFE934ED80,child,8,F4:2D:C9:73:E6:19,-93,88,437,437,1,1,0,0,0
597509624,NODE_B4BFE934ED80,child,8,F4:2D:C9:73:E6:19,-93,88,437,437,1,1,0,0,0
597609628,NODE_B4BFE934ED80,child,8,F4:2D:C9:73:E6:19,-93,88,437,437,1,1,0,0,0
597709629,NODE_B4BFE934ED80,child,8,F4:2D:C9:73:E6:19,-93,88,438,438,1,1,0,0,0
597809628,NODE_B4BFE934ED80,child,8,F4:2D:C9:73:E6:19,-93,88,438,438,1,1,0,0,0
597909624,NODE_B4BFE934ED80,child,8,F4:2D:C9:73:E6:19,-93,88,438,438,1,1,0,0,0
598009633,NODE_B4BFE934ED80,child,8,F4:2D:C9:73:E6:19,-93,88,438,438,1,1,0,0,0
598109628,NODE_B4BFE934ED80,child,8,F4:2D:C9:73:E6:19,-94,88,438,438,1,1,0,0,0
598209628,NODE_B4BFE934ED80,child,8,F4:2D:C9:73:E6:19,-94,88,438,438,1,1,0,0,0
598309625,NODE_B4BFE934ED80,child,8,F4:2D:C9:73:E6:19,-94,88,438,438,1,1,0,0,0
598409632,NODE_B4BFE934ED80,child,8,F4:2D:C9:73:E6:19,-94,88,438,438,1,1,0,0,0
598509624,NODE_B4BFE934ED80,child,8,F4:2D:C9:73:E6:19,-94,88,438,438,1,1,0,0,0
598610391,NODE_B4BFE934ED80,child,8,F4:2D:C9:73:E6:19,-94,88,438,438,1,1,0,0,0
598710119,NODE_B4BFE934ED80,child,8,F4:2D:C9:73:E6:19,-94,88,439,439,1,1,0,0,0
598809632,NODE_B4BFE934ED80,child,8,F4:2D:C9:73:E6:19,-94,88,439,439,1,1,0,0,0
598909625,NODE_B4BFE934ED80,child,8,F4:2D:C9:73:E6:19,-94,88,439,439,1,1,0,0,0
599009624,NODE_B4BFE934ED80,child,8,F4:2D:C9:73:E6:19,-94,88,439,439,1,1,0,0,0
599109632,NODE_B4BFE934ED80,child,8,F4:2D:C9:73:E6:19,-94,88,439,439,1,1,0,0,0
599209633,NODE_B4BFE934ED80,child,8,F4:2D:C9:73:E6:19,-94,88,439,439,1,1,0,0,0
599309624,NODE_B4BFE934ED80,child,8,F4:2D:C9:73:E6:19,-94,88,439,439,1,1,0,0,0
599409624,NODE_B4BFE934ED80,child,8,F4:2D:C9:73:E6:19,-94,88,439,439,1,1,0,0,0
599509625,NODE_B4BFE934ED80,child,8,F4:2D:C9:73:E6:19,-94,88,439,439,1,1,0,0,0
599610394,NODE_B4BFE934ED80,child,8,F4:2D:C9:73:E6:19,-94,88,439,439,1,1,0,0,0
599709632,NODE_B4BFE934ED80,child,8,F4:2D:C9:73:E6:19,-94,88,440,440,1,1,0,0,0
599809637,NODE_B4BFE934ED80,child,8,F4:2D:C9:73:E6:19,-94,88,440,440,1,1,0,0,0
599909632,NODE_B4BFE934ED80,child,8,F4:2D:C9:73:E6:19,-94,88,440,440,1,1,0,0,0
600009628,NODE_B4BFE934ED80,child,8,F4:2D:C9:73:E6:19,-94,88,440,440,1,1,0,0,0
600109625,NODE_B4BFE934ED80,child,8,F4:2D:C9:73:E6:19,-94,88,440,440,1,1,0,0,0
600209636,NODE_B4BFE934ED80,child,8,F4:2D:C9:73:E6:19,-93,88,440,440,1,1,0,0,0
600309624,NODE_B4BFE934ED80,child,8,F4:2D:C9:73:E6:19,-93,88,440,440,1,1,0,0,0
600409625,NODE_B4BFE934ED80,child,8,F4:2D:C9:73:E6:19,-93,88,440,440,1,1,0,0,0
600509632,NODE_B4BFE934ED80,child,8,F4:2D:C9:73:E6:19,-93,88,440,440,1,1,0,0,0
600610386,NODE_B4BFE934ED80,child,8,F4:2D:C9:73:E6:19,-93,88,440,440,1,1,0,0,0
600709629,NODE_B4BFE934ED80,child,8,F4:2D:C9:73:E6:19,-93,88,441,441,1,1,0,0,0
600809632,NODE_B4BFE934ED80,child,8,F4:2D:C9:73:E6:19,-93,88,441,441,1,1,0,0,0
600909624,NODE_B4BFE934ED80,child,8,F4:2D:C9:73:E6:19,-93,88,441,441,1,1,0,0,0
601009629,NODE_B4BFE934ED80,child,8,F4:2D:C9:73:E6:19,-93,88,441,441,1,1,0,0,0
601109632,NODE_B4BFE934ED80,child,8,F4:2D:C9:73:E6:19,-93,88,441,441,1,1,0,0,0
601209632,NODE_B4BFE934ED80,child,8,F4:2D:C9:73:E6:19,-94,88,441,441,1,1,0,0,0
601309625,NODE_B4BFE934ED80,child,8,F4:2D:C9:73:E6:19,-94,88,441,441,1,1,0,0,0
601409624,NODE_B4BFE934ED80,child,8,F4:2D:C9:73:E6:19,-94,88,441,441,1,1,0,0,0
601509624,NODE_B4BFE934ED80,child,8,F4:2D:C9:73:E6:19,-94,88,441,441,1,1,0,0,0
601609625,NODE_B4BFE934ED80,child,8,F4:2D:C9:73:E6:19,-94,88,441,441,1,1,0,0,0
601709636,NODE_B4BFE934ED80,child,8,F4:2D:C9:73:E6:19,-94,88,442,442,1,1,0,0,0
601809636,NODE_B4BFE934ED80,child,8,F4:2D:C9:73:E6:19,-94,88,442,442,1,1,0,0,0
601909629,NODE_B4BFE934ED80,child,8,F4:2D:C9:73:E6:19,-94,88,442,442,1,1,0,0,0
602009628,NODE_B4BFE934ED80,child,8,F4:2D:C9:73:E6:19,-94,88,442,442,1,1,0,0,0
602109624,NODE_B4BFE934ED80,child,8,F4:2D:C9:73:E6:19,-94,88,442,442,1,1,0,0,0
602209633,NODE_B4BFE934ED80,child,8,F4:2D:C9:73:E6:19,-95,88,442,442,1,1,0,0,0
602309628,NODE_B4BFE934ED80,child,8,F4:2D:C9:73:E6:19,-95,88,442,442,1,1,0,0,0
602409624,NODE_B4BFE934ED80,child,8,F4:2D:C9:73:E6:19,-95,88,442,442,1,1,0,0,0
602509633,NODE_B4BFE934ED80,child,8,F4:2D:C9:73:E6:19,-95,88,442,442,1,1,0,0,0
602609624,NODE_B4BFE934ED80,child,8,F4:2D:C9:73:E6:19,-95,88,442,442,1,1,0,0,0
602709628,NODE_B4BFE934ED80,child,8,F4:2D:C9:73:E6:19,-95,88,443,443,1,1,0,0,0
602809629,NODE_B4BFE934ED80,child,8,F4:2D:C9:73:E6:19,-95,88,443,443,1,1,0,0,0
602909628,NODE_B4BFE934ED80,child,8,F4:2D:C9:73:E6:19,-95,88,443,443,1,1,0,0,0
603009628,NODE_B4BFE934ED80,child,8,F4:2D:C9:73:E6:19,-95,88,443,443,1,1,0,0,0
603109633,NODE_B4BFE934ED80,child,8,F4:2D:C9:73:E6:19,-95,88,443,443,1,1,0,0,0
603209624,NODE_B4BFE934ED80,child,8,F4:2D:C9:73:E6:19,-95,88,443,443,1,1,0,0,0
603309636,NODE_B4BFE934ED80,child,8,F4:2D:C9:73:E6:19,-93,88,443,443,1,1,0,0,0
603409629,NODE_B4BFE934ED80,child,8,F4:2D:C9:73:E6:19,-93,88,443,443,1,1,0,0,0
603509624,NODE_B4BFE934ED80,child,8,F4:2D:C9:73:E6:19,-93,88,443,443,1,1,0,0,0
603609624,NODE_B4BFE934ED80,child,8,F4:2D:C9:73:E6:19,-93,88,443,443,1,1,0,0,0
603709633,NODE_B4BFE934ED80,child,8,F4:2D:C9:73:E6:19,-93,88,444,444,1,1,0,0,0
603809636,NODE_B4BFE934ED80,child,8,F4:2D:C9:73:E6:19,-93,88,444,444,1,1,0,0,0
603909628,NODE_B4BFE934ED80,child,8,F4:2D:C9:73:E6:19,-93,88,444,444,1,1,0,0,0
604009629,NODE_B4BFE934ED80,child,8,F4:2D:C9:73:E6:19,-93,88,444,444,1,1,0,0,0
604109628,NODE_B4BFE934ED80,child,8,F4:2D:C9:73:E6:19,-93,88,444,444,1,1,0,0,0
604209632,NODE_B4BFE934ED80,child,8,F4:2D:C9:73:E6:19,-93,88,444,444,1,1,0,0,0
604309637,NODE_B4BFE934ED80,child,8,F4:2D:C9:73:E6:19,-94,88,444,444,1,1,0,0,0
604409624,NODE_B4BFE934ED80,child,8,F4:2D:C9:73:E6:19,-94,88,444,444,1,1,0,0,0
604509632,NODE_B4BFE934ED80,child,8,F4:2D:C9:73:E6:19,-94,88,444,444,1,1,0,0,0
604609633,NODE_B4BFE934ED80,child,8,F4:2D:C9:73:E6:19,-94,88,444,444,1,1,0,0,0
604709628,NODE_B4BFE934ED80,child,8,F4:2D:C9:73:E6:19,-94,88,445,445,1,1,0,0,0
604809624,NODE_B4BFE934ED80,child,8,F4:2D:C9:73:E6:19,-94,88,445,445,1,1,0,0,0
604909633,NODE_B4BFE934ED80,child,8,F4:2D:C9:73:E6:19,-94,88,445,445,1,1,0,0,0
605009632,NODE_B4BFE934ED80,child,8,F4:2D:C9:73:E6:19,-94,88,445,445,1,1,0,0,0
605109632,NODE_B4BFE934ED80,child,8,F4:2D:C9:73:E6:19,-94,88,445,445,1,1,0,0,0
605209625,NODE_B4BFE934ED80,child,8,F4:2D:C9:73:E6:19,-94,88,445,445,1,1,0,0,0
605309636,NODE_B4BFE934ED80,child,8,F4:2D:C9:73:E6:19,-94,88,445,445,1,1,0,0,0
605409624,NODE_B4BFE934ED80,child,8,F4:2D:C9:73:E6:19,-94,88,445,445,1,1,0,0,0
605509625,NODE_B4BFE934ED80,child,8,F4:2D:C9:73:E6:19,-94,88,445,445,1,1,0,0,0
605609632,NODE_B4BFE934ED80,child,8,F4:2D:C9:73:E6:19,-94,88,445,445,1,1,0,0,0
605709706,NODE_B4BFE934ED80,child,8,F4:2D:C9:73:E6:19,-94,88,446,446,1,1,0,0,0
605809625,NODE_B4BFE934ED80,child,8,F4:2D:C9:73:E6:19,-94,88,446,446,1,1,0,0,0
605909628,NODE_B4BFE934ED80,child,8,F4:2D:C9:73:E6:19,-94,88,446,446,1,1,0,0,0
606009632,NODE_B4BFE934ED80,child,8,F4:2D:C9:73:E6:19,-94,88,446,446,1,1,0,0,0
606109625,NODE_B4BFE934ED80,child,8,F4:2D:C9:73:E6:19,-94,88,446,446,1,1,0,0,0
606209624,NODE_B4BFE934ED80,child,8,F4:2D:C9:73:E6:19,-94,88,446,446,1,1,0,0,0
606309636,NODE_B4BFE934ED80,child,8,F4:2D:C9:73:E6:19,-95,88,446,446,1,1,0,0,0
606409629,NODE_B4BFE934ED80,child,8,F4:2D:C9:73:E6:19,-95,88,446,446,1,1,0,0,0
606509624,NODE_B4BFE934ED80,child,8,F4:2D:C9:73:E6:19,-95,88,446,446,1,1,0,0,0
606609632,NODE_B4BFE934ED80,child,8,F4:2D:C9:73:E6:19,-95,88,446,446,1,1,0,0,0
606709629,NODE_B4BFE934ED80,child,8,F4:2D:C9:73:E6:19,-95,88,447,447,1,1,0,0,0
606809628,NODE_B4BFE934ED80,child,8,F4:2D:C9:73:E6:19,-95,88,447,447,1,1,0,0,0
606909624,NODE_B4BFE934ED80,child,8,F4:2D:C9:73:E6:19,-95,88,447,447,1,1,0,0,0
607009637,NODE_B4BFE934ED80,child,8,F4:2D:C9:73:E6:19,-95,88,447,447,1,1,0,0,0
607109624,NODE_B4BFE934ED80,child,8,F4:2D:C9:73:E6:19,-95,88,447,447,1,1,0,0,0
607209624,NODE_B4BFE934ED80,child,8,F4:2D:C9:73:E6:19,-95,88,447,447,1,1,0,0,0
607309625,NODE_B4BFE934ED80,child,8,F4:2D:C9:73:E6:19,-95,88,447,447,1,1,0,0,0
607409636,NODE_B4BFE934ED80,child,8,F4:2D:C9:73:E6:19,-96,88,447,447,1,1,0,0,0
607509628,NODE_B4BFE934ED80,child,8,F4:2D:C9:73:E6:19,-96,88,447,447,1,1,0,0,0
607609633,NODE_B4BFE934ED80,child,8,F4:2D:C9:73:E6:19,-96,88,447,447,1,1,0,0,0
607709628,NODE_B4BFE934ED80,child,8,F4:2D:C9:73:E6:19,-96,88,448,448,1,1,0,0,0
607809628,NODE_B4BFE934ED80,child,8,F4:2D:C9:73:E6:19,-96,88,448,448,1,1,0,0,0
607909625,NODE_B4BFE934ED80,child,8,F4:2D:C9:73:E6:19,-96,88,448,448,1,1,0,0,0
608009636,NODE_B4BFE934ED80,child,8,F4:2D:C9:73:E6:19,-96,88,448,448,1,1,0,0,0
608109624,NODE_B4BFE934ED80,child,8,F4:2D:C9:73:E6:19,-96,88,448,448,1,1,0,0,0
608209625,NODE_B4BFE934ED80,child,8,F4:2D:C9:73:E6:19,-96,88,448,448,1,1,0,0,0
608309632,NODE_B4BFE934ED80,child,8,F4:2D:C9:73:E6:19,-96,88,448,448,1,1,0,0,0
608409636,NODE_B4BFE934ED80,child,8,F4:2D:C9:73:E6:19,-95,88,448,448,1,1,0,0,0
608509625,NODE_B4BFE934ED80,child,8,F4:2D:C9:73:E6:19,-95,88,448,448,1,1,0,0,0
608609628,NODE_B4BFE934ED80,child,8,F4:2D:C9:73:E6:19,-95,88,448,448,1,1,0,0,0
608709628,NODE_B4BFE934ED80,child,8,F4:2D:C9:73:E6:19,-95,88,449,449,1,1,0,0,0
608809625,NODE_B4BFE934ED80,child,8,F4:2D:C9:73:E6:19,-95,88,449,449,1,1,0,0,0
608909624,NODE_B4BFE934ED80,child,8,F4:2D:C9:73:E6:19,-95,88,449,449,1,1,0,0,0
609009636,NODE_B4BFE934ED80,child,8,F4:2D:C9:73:E6:19,-95,88,449,449,1,1,0,0,0
609109625,NODE_B4BFE934ED80,child,8,F4:2D:C9:73:E6:19,-95,88,449,449,1,1,0,0,0
609209624,NODE_B4BFE934ED80,child,8,F4:2D:C9:73:E6:19,-95,88,449,449,1,1,0,0,0
609309624,NODE_B4BFE934ED80,child,8,F4:2D:C9:73:E6:19,-95,88,449,449,1,1,0,0,0
609409637,NODE_B4BFE934ED80,child,8,F4:2D:C9:73:E6:19,-95,88,449,449,1,1,0,0,0
609509624,NODE_B4BFE934ED80,child,8,F4:2D:C9:73:E6:19,-95,88,449,449,1,1,0,0,0
609609632,NODE_B4BFE934ED80,child,8,F4:2D:C9:73:E6:19,-95,88,449,449,1,1,0,0,0
609709629,NODE_B4BFE934ED80,child,8,F4:2D:C9:73:E6:19,-95,88,450,450,1,1,0,0,0
609809624,NODE_B4BFE934ED80,child,8,F4:2D:C9:73:E6:19,-95,88,450,450,1,1,0,0,0
609909624,NODE_B4BFE934ED80,child,8,F4:2D:C9:73:E6:19,-95,88,450,450,1,1,0,0,0
610009931,NODE_B4BFE934ED80,child,8,F4:2D:C9:73:E6:19,-95,88,450,450,1,1,0,0,0
610109632,NODE_B4BFE934ED80,child,8,F4:2D:C9:73:E6:19,-95,88,450,450,1,1,0,0,0
610209628,NODE_B4BFE934ED80,child,8,F4:2D:C9:73:E6:19,-95,88,450,450,1,1,0,0,0
610309633,NODE_B4BFE934ED80,child,8,F4:2D:C9:73:E6:19,-95,88,450,450,1,1,0,0,0
610409628,NODE_B4BFE934ED80,child,8,F4:2D:C9:73:E6:19,-95,88,450,450,1,1,0,0,0
610509628,NODE_B4BFE934ED80,child,8,F4:2D:C9:73:E6:19,-95,88,450,450,1,1,0,0,0
610609625,NODE_B4BFE934ED80,child,8,F4:2D:C9:73:E6:19,-95,88,450,450,1,1,0,0,0
610709628,NODE_B4BFE934ED80,child,8,F4:2D:C9:73:E6:19,-95,88,451,451,1,1,0,0,0
610809636,NODE_B4BFE934ED80,child,8,F4:2D:C9:73:E6:19,-95,88,451,451,1,1,0,0,0
610909625,NODE_B4BFE934ED80,child,8,F4:2D:C9:73:E6:19,-95,88,451,451,1,1,0,0,0
611009628,NODE_B4BFE934ED80,child,8,F4:2D:C9:73:E6:19,-95,88,451,451,1,1,0,0,0
611109628,NODE_B4BFE934ED80,child,8,F4:2D:C9:73:E6:19,-95,88,451,451,1,1,0,0,0
611209633,NODE_B4BFE934ED80,child,8,F4:2D:C9:73:E6:19,-95,88,451,451,1,1,0,0,0
611309624,NODE_B4BFE934ED80,child,8,F4:2D:C9:73:E6:19,-95,88,451,451,1,1,0,0,0
611410389,NODE_B4BFE934ED80,child,8,F4:2D:C9:73:E6:19,-94,88,451,451,1,1,0,0,0
611509637,NODE_B4BFE934ED80,child,8,F4:2D:C9:73:E6:19,-94,88,451,451,1,1,0,0,0
611609624,NODE_B4BFE934ED80,child,8,F4:2D:C9:73:E6:19,-94,88,451,451,1,1,0,0,0
611709628,NODE_B4BFE934ED80,child,8,F4:2D:C9:73:E6:19,-94,88,452,452,1,1,0,0,0
611809629,NODE_B4BFE934ED80,child,8,F4:2D:C9:73:E6:19,-94,88,452,452,1,1,0,0,0
611909624,NODE_B4BFE934ED80,child,8,F4:2D:C9:73:E6:19,-94,88,452,452,1,1,0,0,0
612009628,NODE_B4BFE934ED80,child,8,F4:2D:C9:73:E6:19,-94,88,452,452,1,1,0,0,0
612109637,NODE_B4BFE934ED80,child,8,F4:2D:C9:73:E6:19,-94,88,452,452,1,1,0,0,0
612209624,NODE_B4BFE934ED80,child,8,F4:2D:C9:73:E6:19,-94,88,452,452,1,1,0,0,0
612309624,NODE_B4BFE934ED80,child,8,F4:2D:C9:73:E6:19,-94,88,452,452,1,1,0,0,0
612409625,NODE_B4BFE934ED80,child,8,F4:2D:C9:73:E6:19,-94,88,452,452,1,1,0,0,0
612509636,NODE_B4BFE934ED80,child,8,F4:2D:C9:73:E6:19,-93,88,452,452,1,1,0,0,0
612609624,NODE_B4BFE934ED80,child,8,F4:2D:C9:73:E6:19,-93,88,452,452,1,1,0,0,0
612709629,NODE_B4BFE934ED80,child,8,F4:2D:C9:73:E6:19,-93,88,453,453,1,1,0,0,0
612809632,NODE_B4BFE934ED80,child,8,F4:2D:C9:73:E6:19,-93,88,453,453,1,1,0,0,0
612909624,NODE_B4BFE934ED80,child,8,F4:2D:C9:73:E6:19,-93,88,453,453,1,1,0,0,0
613009629,NODE_B4BFE934ED80,child,8,F4:2D:C9:73:E6:19,-93,88,453,453,1,1,0,0,0
613109628,NODE_B4BFE934ED80,child,8,F4:2D:C9:73:E6:19,-93,88,453,453,1,1,0,0,0
613209624,NODE_B4BFE934ED80,child,8,F4:2D:C9:73:E6:19,-93,88,453,453,1,1,0,0,0
613309625,NODE_B4BFE934ED80,child,8,F4:2D:C9:73:E6:19,-93,88,453,453,1,1,0,0,0
613409628,NODE_B4BFE934ED80,child,8,F4:2D:C9:73:E6:19,-93,88,453,453,1,1,0,0,0
613509644,NODE_B4BFE934ED80,child,8,F4:2D:C9:73:E6:19,-93,88,453,453,1,1,0,0,0
613609629,NODE_B4BFE934ED80,child,8,F4:2D:C9:73:E6:19,-93,88,453,453,1,1,0,0,0
613709628,NODE_B4BFE934ED80,child,8,F4:2D:C9:73:E6:19,-93,88,454,454,1,1,0,0,0
613809624,NODE_B4BFE934ED80,child,8,F4:2D:C9:73:E6:19,-93,88,454,454,1,1,0,0,0
613909625,NODE_B4BFE934ED80,child,8,F4:2D:C9:73:E6:19,-93,88,454,454,1,1,0,0,0
614009628,NODE_B4BFE934ED80,child,8,F4:2D:C9:73:E6:19,-93,88,454,454,1,1,0,0,0
614109636,NODE_B4BFE934ED80,child,8,F4:2D:C9:73:E6:19,-93,88,454,454,1,1,0,0,0
614209625,NODE_B4BFE934ED80,child,8,F4:2D:C9:73:E6:19,-93,88,454,454,1,1,0,0,0
614309624,NODE_B4BFE934ED80,child,8,F4:2D:C9:73:E6:19,-93,88,454,454,1,1,0,0,0
614409624,NODE_B4BFE934ED80,child,8,F4:2D:C9:73:E6:19,-93,88,454,454,1,1,0,0,0
614509633,NODE_B4BFE934ED80,child,8,F4:2D:C9:73:E6:19,-95,88,454,454,1,1,0,0,0
614609628,NODE_B4BFE934ED80,child,8,F4:2D:C9:73:E6:19,-95,88,454,454,1,1,0,0,0
614709628,NODE_B4BFE934ED80,child,8,F4:2D:C9:73:E6:19,-95,88,455,455,1,1,0,0,0
614809633,NODE_B4BFE934ED80,child,8,F4:2D:C9:73:E6:19,-95,88,455,455,1,1,0,0,0
614909624,NODE_B4BFE934ED80,child,8,F4:2D:C9:73:E6:19,-95,88,455,455,1,1,0,0,0
615009632,NODE_B4BFE934ED80,child,8,F4:2D:C9:73:E6:19,-95,88,455,455,1,1,0,0,0
615109625,NODE_B4BFE934ED80,child,8,F4:2D:C9:73:E6:19,-95,88,455,455,1,1,0,0,0
615209632,NODE_B4BFE934ED80,child,8,F4:2D:C9:73:E6:19,-95,88,455,455,1,1,0,0,0
615309628,NODE_B4BFE934ED80,child,8,F4:2D:C9:73:E6:19,-95,88,455,455,1,1,0,0,0
615409629,NODE_B4BFE934ED80,child,8,F4:2D:C9:73:E6:19,-95,88,455,455,1,1,0,0,0
615509632,NODE_B4BFE934ED80,child,8,F4:2D:C9:73:E6:19,-95,88,455,455,1,1,0,0,0
615609636,NODE_B4BFE934ED80,child,8,F4:2D:C9:73:E6:19,-95,88,455,455,1,1,0,0,0
615709637,NODE_B4BFE934ED80,child,8,F4:2D:C9:73:E6:19,-95,88,456,456,1,1,0,0,0
615809624,NODE_B4BFE934ED80,child,8,F4:2D:C9:73:E6:19,-95,88,456,456,1,1,0,0,0
615909624,NODE_B4BFE934ED80,child,8,F4:2D:C9:73:E6:19,-95,88,456,456,1,1,0,0,0
616009633,NODE_B4BFE934ED80,child,8,F4:2D:C9:73:E6:19,-95,88,456,456,1,1,0,0,0
616109624,NODE_B4BFE934ED80,child,8,F4:2D:C9:73:E6:19,-95,88,456,456,1,1,0,0,0
616209628,NODE_B4BFE934ED80,child,8,F4:2D:C9:73:E6:19,-95,88,456,456,1,1,0,0,0
616309629,NODE_B4BFE934ED80,child,8,F4:2D:C9:73:E6:19,-95,88,456,456,1,1,0,0,0
616409628,NODE_B4BFE934ED80,child,8,F4:2D:C9:73:E6:19,-95,88,456,456,1,1,0,0,0
616509624,NODE_B4BFE934ED80,child,8,F4:2D:C9:73:E6:19,-95,88,456,456,1,1,0,0,0
616609641,NODE_B4BFE934ED80,child,8,F4:2D:C9:73:E6:19,-94,88,456,456,1,1,0,0,0
616709628,NODE_B4BFE934ED80,child,8,F4:2D:C9:73:E6:19,-94,88,457,457,1,1,0,0,0
616809632,NODE_B4BFE934ED80,child,8,F4:2D:C9:73:E6:19,-94,88,457,457,1,1,0,0,0
616909625,NODE_B4BFE934ED80,child,8,F4:2D:C9:73:E6:19,-94,88,457,457,1,1,0,0,0
617009628,NODE_B4BFE934ED80,child,8,F4:2D:C9:73:E6:19,-94,88,457,457,1,1,0,0,0
617109624,NODE_B4BFE934ED80,child,8,F4:2D:C9:73:E6:19,-94,88,457,457,1,1,0,0,0
617209629,NODE_B4BFE934ED80,child,8,F4:2D:C9:73:E6:19,-94,88,457,457,1,1,0,0,0
617309632,NODE_B4BFE934ED80,child,8,F4:2D:C9:73:E6:19,-94,88,457,457,1,1,0,0,0
617409624,NODE_B4BFE934ED80,child,8,F4:2D:C9:73:E6:19,-94,88,457,457,1,1,0,0,0
617509625,NODE_B4BFE934ED80,child,8,F4:2D:C9:73:E6:19,-94,88,457,457,1,1,0,0,0
617609636,NODE_B4BFE934ED80,child,8,F4:2D:C9:73:E6:19,-96,88,457,457,1,1,0,0,0
617709628,NODE_B4BFE934ED80,child,8,F4:2D:C9:73:E6:19,-96,88,458,458,1,1,0,0,0
617809625,NODE_B4BFE934ED80,child,8,F4:2D:C9:73:E6:19,-96,88,458,458,1,1,0,0,0
617909624,NODE_B4BFE934ED80,child,8,F4:2D:C9:73:E6:19,-96,88,458,458,1,1,0,0,0
618009632,NODE_B4BFE934ED80,child,8,F4:2D:C9:73:E6:19,-96,88,458,458,1,1,0,0,0
618109625,NODE_B4BFE934ED80,child,8,F4:2D:C9:73:E6:19,-96,88,458,458,1,1,0,0,0
618209733,NODE_B4BFE934ED80,child,8,F4:2D:C9:73:E6:19,-96,88,458,458,1,1,0,0,0
618309628,NODE_B4BFE934ED80,child,8,F4:2D:C9:73:E6:19,-96,88,458,458,1,1,0,0,0
618409633,NODE_B4BFE934ED80,child,8,F4:2D:C9:73:E6:19,-96,88,458,458,1,1,0,0,0
618509664,NODE_B4BFE934ED80,child,8,F4:2D:C9:73:E6:19,-96,88,458,458,1,1,0,0,0
618609640,NODE_B4BFE934ED80,child,8,F4:2D:C9:73:E6:19,-95,88,458,458,1,1,0,0,0
618709629,NODE_B4BFE934ED80,child,8,F4:2D:C9:73:E6:19,-95,88,459,459,1,1,0,0,0
618809624,NODE_B4BFE934ED80,child,8,F4:2D:C9:73:E6:19,-95,88,459,459,1,1,0,0,0
618909624,NODE_B4BFE934ED80,child,8,F4:2D:C9:73:E6:19,-95,88,459,459,1,1,0,0,0
619009629,NODE_B4BFE934ED80,child,8,F4:2D:C9:73:E6:19,-95,88,459,459,1,1,0,0,0
619109624,NODE_B4BFE934ED80,child,8,F4:2D:C9:73:E6:19,-95,88,459,459,1,1,0,0,0
619209628,NODE_B4BFE934ED80,child,8,F4:2D:C9:73:E6:19,-95,88,459,459,1,1,0,0,0
619309641,NODE_B4BFE934ED80,child,8,F4:2D:C9:73:E6:19,-95,88,459,459,1,1,0,0,0
619409624,NODE_B4BFE934ED80,child,8,F4:2D:C9:73:E6:19,-95,88,459,459,1,1,0,0,0
619509624,NODE_B4BFE934ED80,child,8,F4:2D:C9:73:E6:19,-95,88,459,459,1,1,0,0,0
619609625,NODE_B4BFE934ED80,child,8,F4:2D:C9:73:E6:19,-96,88,459,459,1,1,0,0,0
619709632,NODE_B4BFE934ED80,child,8,F4:2D:C9:73:E6:19,-96,88,460,460,1,1,0,0,0
619809624,NODE_B4BFE934ED80,child,8,F4:2D:C9:73:E6:19,-96,88,460,460,1,1,0,0,0
619909625,NODE_B4BFE934ED80,child,8,F4:2D:C9:73:E6:19,-96,88,460,460,1,1,0,0,0
620009632,NODE_B4BFE934ED80,child,8,F4:2D:C9:73:E6:19,-96,88,460,460,1,1,0,0,0
620109624,NODE_B4BFE934ED80,child,8,F4:2D:C9:73:E6:19,-96,88,460,460,1,1,0,0,0
620209629,NODE_B4BFE934ED80,child,8,F4:2D:C9:73:E6:19,-96,88,460,460,1,1,0,0,0
620309628,NODE_B4BFE934ED80,child,8,F4:2D:C9:73:E6:19,-96,88,460,460,1,1,0,0,0
620409624,NODE_B4BFE934ED80,child,8,F4:2D:C9:73:E6:19,-96,88,460,460,1,1,0,0,0
620509629,NODE_B4BFE934ED80,child,8,F4:2D:C9:73:E6:19,-96,88,460,460,1,1,0,0,0
620609636,NODE_B4BFE934ED80,child,8,F4:2D:C9:73:E6:19,-96,88,460,460,1,1,0,0,0
620709628,NODE_B4BFE934ED80,child,8,F4:2D:C9:73:E6:19,-96,88,461,461,1,1,0,0,0
620809625,NODE_B4BFE934ED80,child,8,F4:2D:C9:73:E6:19,-96,88,461,461,1,1,0,0,0
620909624,NODE_B4BFE934ED80,child,8,F4:2D:C9:73:E6:19,-96,88,461,461,1,1,0,0,0
621009628,NODE_B4BFE934ED80,child,8,F4:2D:C9:73:E6:19,-96,88,461,461,1,1,0,0,0
621109625,NODE_B4BFE934ED80,child,8,F4:2D:C9:73:E6:19,-96,88,461,461,1,1,0,0,0
621209624,NODE_B4BFE934ED80,child,8,F4:2D:C9:73:E6:19,-96,88,461,461,1,1,0,0,0
621309636,NODE_B4BFE934ED80,child,8,F4:2D:C9:73:E6:19,-96,88,461,461,1,1,0,0,0
621409625,NODE_B4BFE934ED80,child,8,F4:2D:C9:73:E6:19,-96,88,461,461,1,1,0,0,0
621509624,NODE_B4BFE934ED80,child,8,F4:2D:C9:73:E6:19,-96,88,461,461,1,1,0,0,0
621609624,NODE_B4BFE934ED80,child,8,F4:2D:C9:73:E6:19,-96,88,461,461,1,1,0,0,0
621709637,NODE_B4BFE934ED80,child,8,F4:2D:C9:73:E6:19,-95,88,462,462,1,1,0,0,0
621809632,NODE_B4BFE934ED80,child,8,F4:2D:C9:73:E6:19,-95,88,462,462,1,1,0,0,0
621909628,NODE_B4BFE934ED80,child,8,F4:2D:C9:73:E6:19,-95,88,462,462,1,1,0,0,0
622009629,NODE_B4BFE934ED80,child,8,F4:2D:C9:73:E6:19,-95,88,462,462,1,1,0,0,0
622109624,NODE_B4BFE934ED80,child,8,F4:2D:C9:73:E6:19,-95,88,462,462,1,1,0,0,0
622209624,NODE_B4BFE934ED80,child,8,F4:2D:C9:73:E6:19,-95,88,462,462,1,1,0,0,0
622309629,NODE_B4BFE934ED80,child,8,F4:2D:C9:73:E6:19,-95,88,462,462,1,1,0,0,0
622409624,NODE_B4BFE934ED80,child,8,F4:2D:C9:73:E6:19,-95,88,462,462,1,1,0,0,0
622509636,NODE_B4BFE934ED80,child,8,F4:2D:C9:73:E6:19,-95,88,462,462,1,1,0,0,0
622609625,NODE_B4BFE934ED80,child,8,F4:2D:C9:73:E6:19,-95,88,462,462,1,1,0,0,0
622709677,NODE_B4BFE934ED80,child,8,F4:2D:C9:73:E6:19,-95,88,463,463,1,1,0,0,0
622809624,NODE_B4BFE934ED80,child,8,F4:2D:C9:73:E6:19,-95,88,463,463,1,1,0,0,0
622909625,NODE_B4BFE934ED80,child,8,F4:2D:C9:73:E6:19,-95,88,463,463,1,1,0,0,0
623009632,NODE_B4BFE934ED80,child,8,F4:2D:C9:73:E6:19,-95,88,463,463,1,1,0,0,0
623109632,NODE_B4BFE934ED80,child,8,F4:2D:C9:73:E6:19,-95,88,463,463,1,1,0,0,0
623209625,NODE_B4BFE934ED80,child,8,F4:2D:C9:73:E6:19,-95,88,463,463,1,1,0,0,0
623309628,NODE_B4BFE934ED80,child,8,F4:2D:C9:73:E6:19,-95,88,463,463,1,1,0,0,0
623409628,NODE_B4BFE934ED80,child,8,F4:2D:C9:73:E6:19,-95,88,463,463,1,1,0,0,0
623509633,NODE_B4BFE934ED80,child,8,F4:2D:C9:73:E6:19,-95,88,463,463,1,1,0,0,0
623609632,NODE_B4BFE934ED80,child,8,F4:2D:C9:73:E6:19,-95,88,463,463,1,1,0,0,0
623709628,NODE_B4BFE934ED80,child,8,F4:2D:C9:73:E6:19,-95,88,464,464,1,1,0,0,0
623809637,NODE_B4BFE934ED80,child,8,F4:2D:C9:73:E6:19,-95,88,464,464,1,1,0,0,0
623909624,NODE_B4BFE934ED80,child,8,F4:2D:C9:73:E6:19,-95,88,464,464,1,1,0,0,0
624009628,NODE_B4BFE934ED80,child,8,F4:2D:C9:73:E6:19,-95,88,464,464,1,1,0,0,0
624109625,NODE_B4BFE934ED80,child,8,F4:2D:C9:73:E6:19,-95,88,464,464,1,1,0,0,0
624209624,NODE_B4BFE934ED80,child,8,F4:2D:C9:73:E6:19,-95,88,464,464,1,1,0,0,0
624310207,NODE_B4BFE934ED80,child,8,F4:2D:C9:73:E6:19,-95,88,464,464,1,1,0,0,0
624409629,NODE_B4BFE934ED80,child,8,F4:2D:C9:73:E6:19,-95,88,464,464,1,1,0,0,0
624509632,NODE_B4BFE934ED80,child,8,F4:2D:C9:73:E6:19,-95,88,464,464,1,1,0,0,0
624609628,NODE_B4BFE934ED80,child,8,F4:2D:C9:73:E6:19,-95,88,464,464,1,1,0,0,0
624709633,NODE_B4BFE934ED80,child,8,F4:2D:C9:73:E6:19,-95,88,465,465,1,1,0,0,0
624809636,NODE_B4BFE934ED80,child,8,F4:2D:C9:73:E6:19,-93,88,465,465,1,1,0,0,0
624909628,NODE_B4BFE934ED80,child,8,F4:2D:C9:73:E6:19,-93,88,465,465,1,1,0,0,0
625009629,NODE_B4BFE934ED80,child,8,F4:2D:C9:73:E6:19,-93,88,465,465,1,1,0,0,0
625109636,NODE_B4BFE934ED80,child,8,F4:2D:C9:73:E6:19,-93,88,465,465,1,1,0,0,0
625209625,NODE_B4BFE934ED80,child,8,F4:2D:C9:73:E6:19,-93,88,465,465,1,1,0,0,0
625309633,NODE_B4BFE934ED80,child,8,F4:2D:C9:73:E6:19,-93,88,465,465,1,1,0,0,0
625409636,NODE_B4BFE934ED80,child,8,F4:2D:C9:73:E6:19,-93,88,465,465,1,1,0,0,0
625509624,NODE_B4BFE934ED80,child,8,F4:2D:C9:73:E6:19,-93,88,465,465,1,1,0,0,0
625609625,NODE_B4BFE934ED80,child,8,F4:2D:C9:73:E6:19,-93,88,465,465,1,1,0,0,0
625710304,NODE_B4BFE934ED80,child,8,F4:2D:C9:73:E6:19,-93,88,466,466,1,1,0,0,0
625809636,NODE_B4BFE934ED80,child,8,F4:2D:C9:73:E6:19,-93,88,466,466,1,1,0,0,0
625909625,NODE_B4BFE934ED80,child,8,F4:2D:C9:73:E6:19,-93,88,466,466,1,1,0,0,0
626009628,NODE_B4BFE934ED80,child,8,F4:2D:C9:73:E6:19,-93,88,466,466,1,1,0,0,0
626109624,NODE_B4BFE934ED80,child,8,F4:2D:C9:73:E6:19,-93,88,466,466,1,1,0,0,0
626209625,NODE_B4BFE934ED80,child,8,F4:2D:C9:73:E6:19,-93,88,466,466,1,1,0,0,0
626309624,NODE_B4BFE934ED80,child,8,F4:2D:C9:73:E6:19,-93,88,466,466,1,1,0,0,0
626409628,NODE_B4BFE934ED80,child,8,F4:2D:C9:73:E6:19,-93,88,466,466,1,1,0,0,0
626509633,NODE_B4BFE934ED80,child,8,F4:2D:C9:73:E6:19,-93,88,466,466,1,1,0,0,0
626609636,NODE_B4BFE934ED80,child,8,F4:2D:C9:73:E6:19,-93,88,466,466,1,1,0,0,0
626709632,NODE_B4BFE934ED80,child,8,F4:2D:C9:73:E6:19,-93,88,467,467,1,1,0,0,0
626809641,NODE_B4BFE934ED80,child,8,F4:2D:C9:73:E6:19,-93,88,467,467,1,1,0,0,0
626909628,NODE_B4BFE934ED80,child,8,F4:2D:C9:73:E6:19,-93,88,467,467,1,1,0,0,0
627009628,NODE_B4BFE934ED80,child,8,F4:2D:C9:73:E6:19,-93,88,467,467,1,1,0,0,0
627109637,NODE_B4BFE934ED80,child,8,F4:2D:C9:73:E6:19,-93,88,467,467,1,1,0,0,0
627209624,NODE_B4BFE934ED80,child,8,F4:2D:C9:73:E6:19,-93,88,467,467,1,1,0,0,0
627309624,NODE_B4BFE934ED80,child,8,F4:2D:C9:73:E6:19,-93,88,467,467,1,1,0,0,0
627409625,NODE_B4BFE934ED80,child,8,F4:2D:C9:73:E6:19,-93,88,467,467,1,1,0,0,0
627509628,NODE_B4BFE934ED80,child,8,F4:2D:C9:73:E6:19,-93,88,467,467,1,1,0,0,0
627609632,NODE_B4BFE934ED80,child,8,F4:2D:C9:73:E6:19,-93,88,467,467,1,1,0,0,0
627709642,NODE_B4BFE934ED80,child,8,F4:2D:C9:73:E6:19,-93,88,467,467,1,1,0,0,0
627809636,NODE_B4BFE934ED80,child,8,F4:2D:C9:73:E6:19,-95,88,468,468,1,1,0,0,0
627909624,NODE_B4BFE934ED80,child,8,F4:2D:C9:73:E6:19,-95,88,468,468,1,1,0,0,0
628009629,NODE_B4BFE934ED80,child,8,F4:2D:C9:73:E6:19,-95,88,468,468,1,1,0,0,0
628109624,NODE_B4BFE934ED80,child,8,F4:2D:C9:73:E6:19,-95,88,468,468,1,1,0,0,0
628209624,NODE_B4BFE934ED80,child,8,F4:2D:C9:73:E6:19,-95,88,468,468,1,1,0,0,0
628309633,NODE_B4BFE934ED80,child,8,F4:2D:C9:73:E6:19,-95,88,468,468,1,1,0,0,0
628409628,NODE_B4BFE934ED80,child,8,F4:2D:C9:73:E6:19,-95,88,468,468,1,1,0,0,0
628509636,NODE_B4BFE934ED80,child,8,F4:2D:C9:73:E6:19,-95,88,468,468,1,1,0,0,0
628609629,NODE_B4BFE934ED80,child,8,F4:2D:C9:73:E6:19,-95,88,468,468,1,1,0,0,0
628709632,NODE_B4BFE934ED80,child,8,F4:2D:C9:73:E6:19,-95,88,468,468,1,1,0,0,0
628809624,NODE_B4BFE934ED80,child,8,F4:2D:C9:73:E6:19,-95,88,469,469,1,1,0,0,0
628909637,NODE_B4BFE934ED80,child,8,F4:2D:C9:73:E6:19,-97,88,469,469,1,1,0,0,0
629009632,NODE_B4BFE934ED80,child,8,F4:2D:C9:73:E6:19,-97,88,469,469,1,1,0,0,0
629109624,NODE_B4BFE934ED80,child,8,F4:2D:C9:73:E6:19,-97,88,469,469,1,1,0,0,0
629209625,NODE_B4BFE934ED80,child,8,F4:2D:C9:73:E6:19,-97,88,469,469,1,1,0,0,0
629309624,NODE_B4BFE934ED80,child,8,F4:2D:C9:73:E6:19,-97,88,469,469,1,1,0,0,0
629409624,NODE_B4BFE934ED80,child,8,F4:2D:C9:73:E6:19,-97,88,469,469,1,1,0,0,0
629509629,NODE_B4BFE934ED80,child,8,F4:2D:C9:73:E6:19,-97,88,469,469,1,1,0,0,0
629609636,NODE_B4BFE934ED80,child,8,F4:2D:C9:73:E6:19,-97,88,469,469,1,1,0,0,0
629709624,NODE_B4BFE934ED80,child,8,F4:2D:C9:73:E6:19,-97,88,469,469,1,1,0,0,0
629809633,NODE_B4BFE934ED80,child,8,F4:2D:C9:73:E6:19,-97,88,470,470,1,1,0,0,0
629909636,NODE_B4BFE934ED80,child,8,F4:2D:C9:73:E6:19,-97,88,470,470,1,1,0,0,0
630009628,NODE_B4BFE934ED80,child,8,F4:2D:C9:73:E6:19,-97,88,470,470,1,1,0,0,0
630109625,NODE_B4BFE934ED80,child,8,F4:2D:C9:73:E6:19,-97,88,470,470,1,1,0,0,0
630209624,NODE_B4BFE934ED80,child,8,F4:2D:C9:73:E6:19,-97,88,470,470,1,1,0,0,0
630309636,NODE_B4BFE934ED80,child,8,F4:2D:C9:73:E6:19,-97,88,470,470,1,1,0,0,0
630409625,NODE_B4BFE934ED80,child,8,F4:2D:C9:73:E6:19,-97,88,470,470,1,1,0,0,0
630509628,NODE_B4BFE934ED80,child,8,F4:2D:C9:73:E6:19,-97,88,470,470,1,1,0,0,0
630609624,NODE_B4BFE934ED80,child,8,F4:2D:C9:73:E6:19,-97,88,470,470,1,1,0,0,0
630709625,NODE_B4BFE934ED80,child,8,F4:2D:C9:73:E6:19,-97,88,470,470,1,1,0,0,0
630809628,NODE_B4BFE934ED80,child,8,F4:2D:C9:73:E6:19,-97,88,471,471,1,1,0,0,0
630909632,NODE_B4BFE934ED80,child,8,F4:2D:C9:73:E6:19,-96,88,471,471,1,1,0,0,0
631009633,NODE_B4BFE934ED80,child,8,F4:2D:C9:73:E6:19,-96,88,471,471,1,1,0,0,0
631109624,NODE_B4BFE934ED80,child,8,F4:2D:C9:73:E6:19,-96,88,471,471,1,1,0,0,0
631209624,NODE_B4BFE934ED80,child,8,F4:2D:C9:73:E6:19,-96,88,471,471,1,1,0,0,0
631309625,NODE_B4BFE934ED80,child,8,F4:2D:C9:73:E6:19,-96,88,471,471,1,1,0,0,0
631409624,NODE_B4BFE934ED80,child,8,F4:2D:C9:73:E6:19,-96,88,471,471,1,1,0,0,0
631509628,NODE_B4BFE934ED80,child,8,F4:2D:C9:73:E6:19,-96,88,471,471,1,1,0,0,0
631609633,NODE_B4BFE934ED80,child,8,F4:2D:C9:73:E6:19,-96,88,471,471,1,1,0,0,0
631709628,NODE_B4BFE934ED80,child,8,F4:2D:C9:73:E6:19,-96,88,471,471,1,1,0,0,0
631809632,NODE_B4BFE934ED80,child,8,F4:2D:C9:73:E6:19,-96,88,472,472,1,1,0,0,0
631909641,NODE_B4BFE934ED80,child,8,F4:2D:C9:73:E6:19,-97,88,472,472,1,1,0,0,0
632009628,NODE_B4BFE934ED80,child,8,F4:2D:C9:73:E6:19,-97,88,472,472,1,1,0,0,0
632109628,NODE_B4BFE934ED80,child,8,F4:2D:C9:73:E6:19,-97,88,472,472,1,1,0,0,0
632209625,NODE_B4BFE934ED80,child,8,F4:2D:C9:73:E6:19,-97,88,472,472,1,1,0,0,0
632309632,NODE_B4BFE934ED80,child,8,F4:2D:C9:73:E6:19,-97,88,472,472,1,1,0,0,0
632409624,NODE_B4BFE934ED80,child,8,F4:2D:C9:73:E6:19,-97,88,472,472,1,1,0,0,0
632509629,NODE_B4BFE934ED80,child,8,F4:2D:C9:73:E6:19,-97,88,472,472,1,1,0,0,0
632609624,NODE_B4BFE934ED80,child,8,F4:2D:C9:73:E6:19,-97,88,472,472,1,1,0,0,0
632709624,NODE_B4BFE934ED80,child,8,F4:2D:C9:73:E6:19,-97,88,472,472,1,1,0,0,0
632809633,NODE_B4BFE934ED80,child,8,F4:2D:C9:73:E6:19,-97,88,472,472,1,1,0,0,0
632909632,NODE_B4BFE934ED80,child,8,F4:2D:C9:73:E6:19,-97,88,472,472,1,1,0,0,0
633009628,NODE_B4BFE934ED80,child,8,F4:2D:C9:73:E6:19,-97,88,473,473,1,1,0,0,0
633109625,NODE_B4BFE934ED80,child,8,F4:2D:C9:73:E6:19,-97,88,473,473,1,1,0,0,0
633209624,NODE_B4BFE934ED80,child,8,F4:2D:C9:73:E6:19,-97,88,473,473,1,1,0,0,0
633309624,NODE_B4BFE934ED80,child,8,F4:2D:C9:73:E6:19,-97,88,473,473,1,1,0,0,0
633409625,NODE_B4BFE934ED80,child,8,F4:2D:C9:73:E6:19,-97,88,473,473,1,1,0,0,0
633509632,NODE_B4BFE934ED80,child,8,F4:2D:C9:73:E6:19,-97,88,473,473,1,1,0,0,0
633609636,NODE_B4BFE934ED80,child,8,F4:2D:C9:73:E6:19,-97,88,473,473,1,1,0,0,0
633709633,NODE_B4BFE934ED80,child,8,F4:2D:C9:73:E6:19,-97,88,473,473,1,1,0,0,0
633809628,NODE_B4BFE934ED80,child,8,F4:2D:C9:73:E6:19,-97,88,473,473,1,1,0,0,0
633909624,NODE_B4BFE934ED80,child,8,F4:2D:C9:73:E6:19,-97,88,473,473,1,1,0,0,0
634009633,NODE_B4BFE934ED80,child,8,F4:2D:C9:73:E6:19,-97,88,474,474,1,1,0,0,0
634109632,NODE_B4BFE934ED80,child,8,F4:2D:C9:73:E6:19,-97,88,474,474,1,1,0,0,0
634209624,NODE_B4BFE934ED80,child,8,F4:2D:C9:73:E6:19,-97,88,474,474,1,1,0,0,0
634309625,NODE_B4BFE934ED80,child,8,F4:2D:C9:73:E6:19,-97,88,474,474,1,1,0,0,0
634409624,NODE_B4BFE934ED80,child,8,F4:2D:C9:73:E6:19,-97,88,474,474,1,1,0,0,0
634509624,NODE_B4BFE934ED80,child,8,F4:2D:C9:73:E6:19,-97,88,474,474,1,1,0,0,0
634609629,NODE_B4BFE934ED80,child,8,F4:2D:C9:73:E6:19,-97,88,474,474,1,1,0,0,0
634709632,NODE_B4BFE934ED80,child,8,F4:2D:C9:73:E6:19,-97,88,474,474,1,1,0,0,0
634809632,NODE_B4BFE934ED80,child,8,F4:2D:C9:73:E6:19,-97,88,474,474,1,1,0,0,0
634909625,NODE_B4BFE934ED80,child,8,F4:2D:C9:73:E6:19,-97,88,474,474,1,1,0,0,0
635009632,NODE_B4BFE934ED80,child,8,F4:2D:C9:73:E6:19,-97,88,475,475,1,1,0,0,0
635109624,NODE_B4BFE934ED80,child,8,F4:2D:C9:73:E6:19,-97,88,475,475,1,1,0,0,0
635209633,NODE_B4BFE934ED80,child,8,F4:2D:C9:73:E6:19,-97,88,475,475,1,1,0,0,0
635309628,NODE_B4BFE934ED80,child,8,F4:2D:C9:73:E6:19,-97,88,475,475,1,1,0,0,0
635409624,NODE_B4BFE934ED80,child,8,F4:2D:C9:73:E6:19,-97,88,475,475,1,1,0,0,0
635509633,NODE_B4BFE934ED80,child,8,F4:2D:C9:73:E6:19,-97,88,475,475,1,1,0,0,0
635609628,NODE_B4BFE934ED80,child,8,F4:2D:C9:73:E6:19,-97,88,475,475,1,1,0,0,0
635709624,NODE_B4BFE934ED80,child,8,F4:2D:C9:73:E6:19,-97,88,475,475,1,1,0,0,0
635809625,NODE_B4BFE934ED80,child,8,F4:2D:C9:73:E6:19,-97,88,475,475,1,1,0,0,0
635909628,NODE_B4BFE934ED80,child,8,F4:2D:C9:73:E6:19,-97,88,475,475,1,1,0,0,0
636009632,NODE_B4BFE934ED80,child,8,F4:2D:C9:73:E6:19,-95,88,476,476,1,1,0,0,0
636109637,NODE_B4BFE934ED80,child,8,F4:2D:C9:73:E6:19,-95,88,476,476,1,1,0,0,0
636209624,NODE_B4BFE934ED80,child,8,F4:2D:C9:73:E6:19,-95,88,476,476,1,1,0,0,0
636309624,NODE_B4BFE934ED80,child,8,F4:2D:C9:73:E6:19,-95,88,476,476,1,1,0,0,0
636409625,NODE_B4BFE934ED80,child,8,F4:2D:C9:73:E6:19,-95,88,476,476,1,1,0,0,0
636509624,NODE_B4BFE934ED80,child,8,F4:2D:C9:73:E6:19,-95,88,476,476,1,1,0,0,0
636609628,NODE_B4BFE934ED80,child,8,F4:2D:C9:73:E6:19,-95,88,476,476,1,1,0,0,0
636709625,NODE_B4BFE934ED80,child,8,F4:2D:C9:73:E6:19,-95,88,476,476,1,1,0,0,0
636809632,NODE_B4BFE934ED80,child,8,F4:2D:C9:73:E6:19,-95,88,476,476,1,1,0,0,0
636909624,NODE_B4BFE934ED80,child,8,F4:2D:C9:73:E6:19,-95,88,476,476,1,1,0,0,0
637010401,NODE_B4BFE934ED80,child,8,F4:2D:C9:73:E6:19,-94,88,477,477,1,1,0,0,0
637109640,NODE_B4BFE934ED80,child,8,F4:2D:C9:73:E6:19,-94,88,477,477,1,1,0,0,0
637209628,NODE_B4BFE934ED80,child,8,F4:2D:C9:73:E6:19,-94,88,477,477,1,1,0,0,0
637309629,NODE_B4BFE934ED80,child,8,F4:2D:C9:73:E6:19,-94,88,477,477,1,1,0,0,0
637409624,NODE_B4BFE934ED80,child,8,F4:2D:C9:73:E6:19,-94,88,477,477,1,1,0,0,0
637509628,NODE_B4BFE934ED80,child,8,F4:2D:C9:73:E6:19,-94,88,477,477,1,1,0,0,0
637609633,NODE_B4BFE934ED80,child,8,F4:2D:C9:73:E6:19,-94,88,477,477,1,1,0,0,0
637709636,NODE_B4BFE934ED80,child,8,F4:2D:C9:73:E6:19,-94,88,477,477,1,1,0,0,0
637809624,NODE_B4BFE934ED80,child,8,F4:2D:C9:73:E6:19,-94,88,477,477,1,1,0,0,0
637909625,NODE_B4BFE934ED80,child,8,F4:2D:C9:73:E6:19,-94,88,477,477,1,1,0,0,0
638009632,NODE_B4BFE934ED80,child,8,F4:2D:C9:73:E6:19,-94,88,477,477,1,1,0,0,0
638109636,NODE_B4BFE934ED80,child,8,F4:2D:C9:73:E6:19,-94,88,478,478,1,1,0,0,0
638209625,NODE_B4BFE934ED80,child,8,F4:2D:C9:73:E6:19,-94,88,478,478,1,1,0,0,0
638309624,NODE_B4BFE934ED80,child,8,F4:2D:C9:73:E6:19,-94,88,478,478,1,1,0,0,0
638409632,NODE_B4BFE934ED80,child,8,F4:2D:C9:73:E6:19,-94,88,478,478,1,1,0,0,0
638509625,NODE_B4BFE934ED80,child,8,F4:2D:C9:73:E6:19,-94,88,478,478,1,1,0,0,0
638609628,NODE_B4BFE934ED80,child,8,F4:2D:C9:73:E6:19,-94,88,478,478,1,1,0,0,0
638709632,NODE_B4BFE934ED80,child,8,F4:2D:C9:73:E6:19,-94,88,478,478,1,1,0,0,0
638809637,NODE_B4BFE934ED80,child,8,F4:2D:C9:73:E6:19,-94,88,478,478,1,1,0,0,0
638909624,NODE_B4BFE934ED80,child,8,F4:2D:C9:73:E6:19,-94,88,478,478,1,1,0,0,0
639009628,NODE_B4BFE934ED80,child,8,F4:2D:C9:73:E6:19,-94,88,478,478,1,1,0,0,0
639109637,NODE_B4BFE934ED80,child,8,F4:2D:C9:73:E6:19,-94,88,479,479,1,1,0,0,0
639209624,NODE_B4BFE934ED80,child,8,F4:2D:C9:73:E6:19,-94,88,479,479,1,1,0,0,0
639309624,NODE_B4BFE934ED80,child,8,F4:2D:C9:73:E6:19,-94,88,479,479,1,1,0,0,0
639409625,NODE_B4BFE934ED80,child,8,F4:2D:C9:73:E6:19,-94,88,479,479,1,1,0,0,0
639509632,NODE_B4BFE934ED80,child,8,F4:2D:C9:73:E6:19,-94,88,479,479,1,1,0,0,0
639609624,NODE_B4BFE934ED80,child,8,F4:2D:C9:73:E6:19,-94,88,479,479,1,1,0,0,0
639709633,NODE_B4BFE934ED80,child,8,F4:2D:C9:73:E6:19,-94,88,479,479,1,1,0,0,0
639809624,NODE_B4BFE934ED80,child,8,F4:2D:C9:73:E6:19,-94,88,479,479,1,1,0,0,0
639909624,NODE_B4BFE934ED80,child,8,F4:2D:C9:73:E6:19,-94,88,479,479,1,1,0,0,0
640009637,NODE_B4BFE934ED80,child,8,F4:2D:C9:73:E6:19,-94,88,479,479,1,1,0,0,0
640109636,NODE_B4BFE934ED80,child,8,F4:2D:C9:73:E6:19,-92,88,480,480,1,1,0,0,0
640209624,NODE_B4BFE934ED80,child,8,F4:2D:C9:73:E6:19,-92,88,480,480,1,1,0,0,0
640309629,NODE_B4BFE934ED80,child,8,F4:2D:C9:73:E6:19,-92,88,480,480,1,1,0,0,0
640409628,NODE_B4BFE934ED80,child,8,F4:2D:C9:73:E6:19,-92,88,480,480,1,1,0,0,0
640509624,NODE_B4BFE934ED80,child,8,F4:2D:C9:73:E6:19,-92,88,480,480,1,1,0,0,0
640609637,NODE_B4BFE934ED80,child,8,F4:2D:C9:73:E6:19,-92,88,480,480,1,1,0,0,0
640709636,NODE_B4BFE934ED80,child,8,F4:2D:C9:73:E6:19,-92,88,480,480,1,1,0,0,0
640809624,NODE_B4BFE934ED80,child,8,F4:2D:C9:73:E6:19,-92,88,480,480,1,1,0,0,0
640909625,NODE_B4BFE934ED80,child,8,F4:2D:C9:73:E6:19,-92,88,480,480,1,1,0,0,0
641009628,NODE_B4BFE934ED80,child,8,F4:2D:C9:73:E6:19,-92,88,480,480,1,1,0,0,0
641109636,NODE_B4BFE934ED80,child,8,F4:2D:C9:73:E6:19,-93,88,481,481,1,1,0,0,0
641209629,NODE_B4BFE934ED80,child,8,F4:2D:C9:73:E6:19,-93,88,481,481,1,1,0,0,0
641309632,NODE_B4BFE934ED80,child,8,F4:2D:C9:73:E6:19,-93,88,481,481,1,1,0,0,0
641409624,NODE_B4BFE934ED80,child,8,F4:2D:C9:73:E6:19,-93,88,481,481,1,1,0,0,0
641509629,NODE_B4BFE934ED80,child,8,F4:2D:C9:73:E6:19,-93,88,481,481,1,1,0,0,0
641609624,NODE_B4BFE934ED80,child,8,F4:2D:C9:73:E6:19,-93,88,481,481,1,1,0,0,0
641709624,NODE_B4BFE934ED80,child,8,F4:2D:C9:73:E6:19,-93,88,481,481,1,1,0,0,0
641809625,NODE_B4BFE934ED80,child,8,F4:2D:C9:73:E6:19,-93,88,481,481,1,1,0,0,0
641909624,NODE_B4BFE934ED80,child,8,F4:2D:C9:73:E6:19,-93,88,481,481,1,1,0,0,0
642009632,NODE_B4BFE934ED80,child,8,F4:2D:C9:73:E6:19,-93,88,481,481,1,1,0,0,0
642109828,NODE_B4BFE934ED80,child,8,F4:2D:C9:73:E6:19,-93,88,482,482,1,1,0,0,0
642209632,NODE_B4BFE934ED80,child,8,F4:2D:C9:73:E6:19,-93,88,482,482,1,1,0,0,0
642309624,NODE_B4BFE934ED80,child,8,F4:2D:C9:73:E6:19,-93,88,482,482,1,1,0,0,0
642409625,NODE_B4BFE934ED80,child,8,F4:2D:C9:73:E6:19,-93,88,482,482,1,1,0,0,0
642509624,NODE_B4BFE934ED80,child,8,F4:2D:C9:73:E6:19,-93,88,482,482,1,1,0,0,0
642609636,NODE_B4BFE934ED80,child,8,F4:2D:C9:73:E6:19,-93,88,482,482,1,1,0,0,0
642709625,NODE_B4BFE934ED80,child,8,F4:2D:C9:73:E6:19,-93,88,482,482,1,1,0,0,0
642809628,NODE_B4BFE934ED80,child,8,F4:2D:C9:73:E6:19,-93,88,482,482,1,1,0,0,0
642909624,NODE_B4BFE934ED80,child,8,F4:2D:C9:73:E6:19,-93,88,482,482,1,1,0,0,0
643009629,NODE_B4BFE934ED80,child,8,F4:2D:C9:73:E6:19,-93,88,482,482,1,1,0,0,0
643109632,NODE_B4BFE934ED80,child,8,F4:2D:C9:73:E6:19,-93,88,483,483,1,1,0,0,0
643209636,NODE_B4BFE934ED80,child,8,F4:2D:C9:73:E6:19,-97,88,483,483,1,1,0,0,0
643309633,NODE_B4BFE934ED80,child,8,F4:2D:C9:73:E6:19,-97,88,483,483,1,1,0,0,0
643409624,NODE_B4BFE934ED80,child,8,F4:2D:C9:73:E6:19,-97,88,483,483,1,1,0,0,0
643509624,NODE_B4BFE934ED80,child,8,F4:2D:C9:73:E6:19,-97,88,483,483,1,1,0,0,0
643609629,NODE_B4BFE934ED80,child,8,F4:2D:C9:73:E6:19,-97,88,483,483,1,1,0,0,0
643709628,NODE_B4BFE934ED80,child,8,F4:2D:C9:73:E6:19,-97,88,483,483,1,1,0,0,0
643809636,NODE_B4BFE934ED80,child,8,F4:2D:C9:73:E6:19,-97,88,483,483,1,1,0,0,0
643909625,NODE_B4BFE934ED80,child,8,F4:2D:C9:73:E6:19,-97,88,483,483,1,1,0,0,0
644009636,NODE_B4BFE934ED80,child,8,F4:2D:C9:73:E6:19,-97,88,483,483,1,1,0,0,0
644109628,NODE_B4BFE934ED80,child,8,F4:2D:C9:73:E6:19,-97,88,484,484,1,1,0,0,0
644209637,NODE_B4BFE934ED80,child,8,F4:2D:C9:73:E6:19,-97,88,484,484,1,1,0,0,0
644309628,NODE_B4BFE934ED80,child,8,F4:2D:C9:73:E6:19,-97,88,484,484,1,1,0,0,0
644409628,NODE_B4BFE934ED80,child,8,F4:2D:C9:73:E6:19,-97,88,484,484,1,1,0,0,0
644509625,NODE_B4BFE934ED80,child,8,F4:2D:C9:73:E6:19,-97,88,484,484,1,1,0,0,0
644609640,NODE_B4BFE934ED80,child,8,F4:2D:C9:73:E6:19,-97,88,484,484,1,1,0,0,0
644709624,NODE_B4BFE934ED80,child,8,F4:2D:C9:73:E6:19,-97,88,484,484,1,1,0,0,0
644809629,NODE_B4BFE934ED80,child,8,F4:2D:C9:73:E6:19,-97,88,484,484,1,1,0,0,0
644909624,NODE_B4BFE934ED80,child,8,F4:2D:C9:73:E6:19,-97,88,484,484,1,1,0,0,0
645009628,NODE_B4BFE934ED80,child,8,F4:2D:C9:73:E6:19,-97,88,484,484,1,1,0,0,0
645109737,NODE_B4BFE934ED80,child,8,F4:2D:C9:73:E6:19,-97,88,484,484,1,1,0,0,0
645209632,NODE_B4BFE934ED80,child,8,F4:2D:C9:73:E6:19,-97,88,485,485,1,1,0,0,0
645309628,NODE_B4BFE934ED80,child,8,F4:2D:C9:73:E6:19,-97,88,485,485,1,1,0,0,0
645409629,NODE_B4BFE934ED80,child,8,F4:2D:C9:73:E6:19,-97,88,485,485,1,1,0,0,0
645509624,NODE_B4BFE934ED80,child,8,F4:2D:C9:73:E6:19,-97,88,485,485,1,1,0,0,0
645609624,NODE_B4BFE934ED80,child,8,F4:2D:C9:73:E6:19,-97,88,485,485,1,1,0,0,0
645709625,NODE_B4BFE934ED80,child,8,F4:2D:C9:73:E6:19,-97,88,485,485,1,1,0,0,0
645809636,NODE_B4BFE934ED80,child,8,F4:2D:C9:73:E6:19,-97,88,485,485,1,1,0,0,0
645909628,NODE_B4BFE934ED80,child,8,F4:2D:C9:73:E6:19,-97,88,485,485,1,1,0,0,0
646009629,NODE_B4BFE934ED80,child,8,F4:2D:C9:73:E6:19,-97,88,485,485,1,1,0,0,0
646109628,NODE_B4BFE934ED80,child,8,F4:2D:C9:73:E6:19,-97,88,485,485,1,1,0,0,0
646209632,NODE_B4BFE934ED80,child,8,F4:2D:C9:73:E6:19,-97,88,486,486,1,1,0,0,0
646309629,NODE_B4BFE934ED80,child,8,F4:2D:C9:73:E6:19,-96,88,486,486,1,1,0,0,0
646409624,NODE_B4BFE934ED80,child,8,F4:2D:C9:73:E6:19,-96,88,486,486,1,1,0,0,0
646509632,NODE_B4BFE934ED80,child,8,F4:2D:C9:73:E6:19,-96,88,486,486,1,1,0,0,0
646609625,NODE_B4BFE934ED80,child,8,F4:2D:C9:73:E6:19,-96,88,486,486,1,1,0,0,0
646709628,NODE_B4BFE934ED80,child,8,F4:2D:C9:73:E6:19,-96,88,486,486,1,1,0,0,0
646809624,NODE_B4BFE934ED80,child,8,F4:2D:C9:73:E6:19,-96,88,486,486,1,1,0,0,0
646909633,NODE_B4BFE934ED80,child,8,F4:2D:C9:73:E6:19,-96,88,486,486,1,1,0,0,0
647009628,NODE_B4BFE934ED80,child,8,F4:2D:C9:73:E6:19,-96,88,486,486,1,1,0,0,0
647109632,NODE_B4BFE934ED80,child,8,F4:2D:C9:73:E6:19,-96,88,486,486,1,1,0,0,0
647209633,NODE_B4BFE934ED80,child,8,F4:2D:C9:73:E6:19,-96,88,487,487,1,1,0,0,0
647309628,NODE_B4BFE934ED80,child,8,F4:2D:C9:73:E6:19,-96,88,487,487,1,1,0,0,0
647409624,NODE_B4BFE934ED80,child,8,F4:2D:C9:73:E6:19,-96,88,487,487,1,1,0,0,0
647509625,NODE_B4BFE934ED80,child,8,F4:2D:C9:73:E6:19,-96,88,487,487,1,1,0,0,0
647609624,NODE_B4BFE934ED80,child,8,F4:2D:C9:73:E6:19,-96,88,487,487,1,1,0,0,0
647709628,NODE_B4BFE934ED80,child,8,F4:2D:C9:73:E6:19,-96,88,487,487,1,1,0,0,0
647809637,NODE_B4BFE934ED80,child,8,F4:2D:C9:73:E6:19,-96,88,487,487,1,1,0,0,0
647909628,NODE_B4BFE934ED80,child,8,F4:2D:C9:73:E6:19,-96,88,487,487,1,1,0,0,0
648009628,NODE_B4BFE934ED80,child,8,F4:2D:C9:73:E6:19,-96,88,487,487,1,1,0,0,0
648109625,NODE_B4BFE934ED80,child,8,F4:2D:C9:73:E6:19,-96,88,487,487,1,1,0,0,0
648209632,NODE_B4BFE934ED80,child,8,F4:2D:C9:73:E6:19,-96,88,487,487,1,1,0,0,0
648309636,NODE_B4BFE934ED80,child,8,F4:2D:C9:73:E6:19,-94,88,488,488,1,1,0,0,0
648409625,NODE_B4BFE934ED80,child,8,F4:2D:C9:73:E6:19,-94,88,488,488,1,1,0,0,0
648509636,NODE_B4BFE934ED80,child,8,F4:2D:C9:73:E6:19,-94,88,488,488,1,1,0,0,0
648609632,NODE_B4BFE934ED80,child,8,F4:2D:C9:73:E6:19,-94,88,488,488,1,1,0,0,0
648709625,NODE_B4BFE934ED80,child,8,F4:2D:C9:73:E6:19,-94,88,488,488,1,1,0,0,0
648809632,NODE_B4BFE934ED80,child,8,F4:2D:C9:73:E6:19,-94,88,488,488,1,1,0,0,0
648909632,NODE_B4BFE934ED80,child,8,F4:2D:C9:73:E6:19,-94,88,488,488,1,1,0,0,0
649009629,NODE_B4BFE934ED80,child,8,F4:2D:C9:73:E6:19,-94,88,488,488,1,1,0,0,0
649109632,NODE_B4BFE934ED80,child,8,F4:2D:C9:73:E6:19,-94,88,488,488,1,1,0,0,0
649209624,NODE_B4BFE934ED80,child,8,F4:2D:C9:73:E6:19,-94,88,488,488,1,1,0,0,0
649309637,NODE_B4BFE934ED80,child,8,F4:2D:C9:73:E6:19,-95,88,489,489,1,1,0,0,0
649409624,NODE_B4BFE934ED80,child,8,F4:2D:C9:73:E6:19,-95,88,489,489,1,1,0,0,0
649509624,NODE_B4BFE934ED80,child,8,F4:2D:C9:73:E6:19,-95,88,489,489,1,1,0,0,0
649609625,NODE_B4BFE934ED80,child,8,F4:2D:C9:73:E6:19,-95,88,489,489,1,1,0,0,0
649709628,NODE_B4BFE934ED80,child,8,F4:2D:C9:73:E6:19,-95,88,489,489,1,1,0,0,0
649809632,NODE_B4BFE934ED80,child,8,F4:2D:C9:73:E6:19,-95,88,489,489,1,1,0,0,0
649909625,NODE_B4BFE934ED80,child,8,F4:2D:C9:73:E6:19,-95,88,489,489,1,1,0,0,0
650009632,NODE_B4BFE934ED80,child,8,F4:2D:C9:73:E6:19,-95,88,489,489,1,1,0,0,0
650109628,NODE_B4BFE934ED80,child,8,F4:2D:C9:73:E6:19,-95,88,489,489,1,1,0,0,0
650209629,NODE_B4BFE934ED80,child,8,F4:2D:C9:73:E6:19,-95,88,489,489,1,1,0,0,0
650309632,NODE_B4BFE934ED80,child,8,F4:2D:C9:73:E6:19,-95,88,489,489,1,1,0,0,0
650409632,NODE_B4BFE934ED80,child,8,F4:2D:C9:73:E6:19,-94,88,489,489,1,1,0,0,0
650509637,NODE_B4BFE934ED80,child,8,F4:2D:C9:73:E6:19,-94,88,489,489,1,1,0,0,0
650609632,NODE_B4BFE934ED80,child,8,F4:2D:C9:73:E6:19,-94,88,489,489,1,1,0,0,0
650709624,NODE_B4BFE934ED80,child,8,F4:2D:C9:73:E6:19,-94,88,489,489,1,1,0,0,0
650809625,NODE_B4BFE934ED80,child,8,F4:2D:C9:73:E6:19,-94,88,489,489,1,1,0,0,0
650909624,NODE_B4BFE934ED80,child,8,F4:2D:C9:73:E6:19,-94,88,489,489,1,1,0,0,0
651009636,NODE_B4BFE934ED80,child,8,F4:2D:C9:73:E6:19,-94,88,489,489,1,1,0,0,0
651109625,NODE_B4BFE934ED80,child,8,F4:2D:C9:73:E6:19,-94,88,489,489,1,1,0,0,0
651209624,NODE_B4BFE934ED80,child,8,F4:2D:C9:73:E6:19,-94,88,489,489,1,1,0,0,0
651309781,NODE_B4BFE934ED80,child,8,F4:2D:C9:73:E6:19,-94,88,489,489,1,1,0,0,0
651409637,NODE_B4BFE934ED80,child,8,F4:2D:C9:73:E6:19,-96,88,489,489,1,1,0,0,0
651509632,NODE_B4BFE934ED80,child,8,F4:2D:C9:73:E6:19,-96,88,489,489,1,1,0,0,0
651609632,NODE_B4BFE934ED80,child,8,F4:2D:C9:73:E6:19,-96,88,489,489,1,1,0,0,0
651709625,NODE_B4BFE934ED80,child,8,F4:2D:C9:73:E6:19,-96,88,489,489,1,1,0,0,0
651809624,NODE_B4BFE934ED80,child,8,F4:2D:C9:73:E6:19,-96,88,489,489,1,1,0,0,0
651909624,NODE_B4BFE934ED80,child,8,F4:2D:C9:73:E6:19,-96,88,489,489,1,1,0,0,0
652009633,NODE_B4BFE934ED80,child,8,F4:2D:C9:73:E6:19,-96,88,489,489,1,1,0,0,0
652109624,NODE_B4BFE934ED80,child,8,F4:2D:C9:73:E6:19,-96,88,489,489,1,1,0,0,0
652209632,NODE_B4BFE934ED80,child,8,F4:2D:C9:73:E6:19,-96,88,489,489,1,1,0,0,0
652309633,NODE_B4BFE934ED80,child,8,F4:2D:C9:73:E6:19,-96,88,489,489,1,1,0,0,0
652409636,NODE_B4BFE934ED80,child,8,F4:2D:C9:73:E6:19,-94,88,489,489,1,1,0,0,0
652509624,NODE_B4BFE934ED80,child,8,F4:2D:C9:73:E6:19,-94,88,489,489,1,1,0,0,0
652609625,NODE_B4BFE934ED80,child,8,F4:2D:C9:73:E6:19,-94,88,489,489,1,1,0,0,0
652709636,NODE_B4BFE934ED80,child,8,F4:2D:C9:73:E6:19,-94,88,489,489,1,1,0,0,0
652809628,NODE_B4BFE934ED80,child,8,F4:2D:C9:73:E6:19,-94,88,489,489,1,1,0,0,0
652909625,NODE_B4BFE934ED80,child,8,F4:2D:C9:73:E6:19,-94,88,489,489,1,1,0,0,0
653009636,NODE_B4BFE934ED80,child,8,F4:2D:C9:73:E6:19,-94,88,489,489,1,1,0,0,0
653109628,NODE_B4BFE934ED80,child,8,F4:2D:C9:73:E6:19,-94,88,489,489,1,1,0,0,0
653209625,NODE_B4BFE934ED80,child,8,F4:2D:C9:73:E6:19,-94,88,489,489,1,1,0,0,0
653309624,NODE_B4BFE934ED80,child,8,F4:2D:C9:73:E6:19,-94,88,489,489,1,1,0,0,0
653409632,NODE_B4BFE934ED80,child,8,F4:2D:C9:73:E6:19,-94,88,489,489,1,1,0,0,0
653509625,NODE_B4BFE934ED80,child,8,F4:2D:C9:73:E6:19,-94,88,489,489,1,1,0,0,0
653609632,NODE_B4BFE934ED80,child,8,F4:2D:C9:73:E6:19,-94,88,489,489,1,1,0,0,0
653709632,NODE_B4BFE934ED80,child,8,F4:2D:C9:73:E6:19,-94,88,489,489,1,1,0,0,0
653809629,NODE_B4BFE934ED80,child,8,F4:2D:C9:73:E6:19,-94,88,489,489,1,1,0,0,0
653909632,NODE_B4BFE934ED80,child,8,F4:2D:C9:73:E6:19,-94,88,490,490,1,1,0,0,0
654009636,NODE_B4BFE934ED80,child,8,F4:2D:C9:73:E6:19,-94,88,490,490,1,1,0,0,0
654109625,NODE_B4BFE934ED80,child,8,F4:2D:C9:73:E6:19,-94,88,490,490,1,1,0,0,0
654209624,NODE_B4BFE934ED80,child,8,F4:2D:C9:73:E6:19,-94,88,490,490,1,1,0,0,0
654309632,NODE_B4BFE934ED80,child,8,F4:2D:C9:73:E6:19,-94,88,490,490,1,1,0,0,0
654409625,NODE_B4BFE934ED80,child,8,F4:2D:C9:73:E6:19,-94,88,490,490,1,1,0,0,0
654509628,NODE_B4BFE934ED80,child,8,F4:2D:C9:73:E6:19,-94,88,490,490,1,1,0,0,0
654648279,NODE_B4BFE934ED80,child,8,F4:2D:C9:73:E6:19,-94,88,490,490,1,1,0,0,0
654709625,NODE_B4BFE934ED80,child,8,F4:2D:C9:73:E6:19,-94,88,490,490,1,1,0,0,0
654809624,NODE_B4BFE934ED80,child,8,F4:2D:C9:73:E6:19,-94,88,490,490,1,1,0,0,0
654909628,NODE_B4BFE934ED80,child,8,F4:2D:C9:73:E6:19,-94,88,491,491,1,1,0,0,0
655009633,NODE_B4BFE934ED80,child,8,F4:2D:C9:73:E6:19,-94,88,491,491,1,1,0,0,0
655109628,NODE_B4BFE934ED80,child,8,F4:2D:C9:73:E6:19,-94,88,491,491,1,1,0,0,0
655209624,NODE_B4BFE934ED80,child,8,F4:2D:C9:73:E6:19,-94,88,491,491,1,1,0,0,0
655309625,NODE_B4BFE934ED80,child,8,F4:2D:C9:73:E6:19,-94,88,491,491,1,1,0,0,0
655409636,NODE_B4BFE934ED80,child,8,F4:2D:C9:73:E6:19,-94,88,491,491,1,1,0,0,0
655509636,NODE_B4BFE934ED80,child,8,F4:2D:C9:73:E6:19,-94,88,491,491,1,1,0,0,0
655609633,NODE_B4BFE934ED80,child,8,F4:2D:C9:73:E6:19,-94,88,491,491,1,1,0,0,0
655709628,NODE_B4BFE934ED80,child,8,F4:2D:C9:73:E6:19,-94,88,491,491,1,1,0,0,0
655809624,NODE_B4BFE934ED80,child,8,F4:2D:C9:73:E6:19,-94,88,491,491,1,1,0,0,0
655909629,NODE_B4BFE934ED80,child,8,F4:2D:C9:73:E6:19,-94,88,492,492,1,1,0,0,0
656009628,NODE_B4BFE934ED80,child,8,F4:2D:C9:73:E6:19,-94,88,492,492,1,1,0,0,0
656109632,NODE_B4BFE934ED80,child,8,F4:2D:C9:73:E6:19,-94,88,492,492,1,1,0,0,0
656209625,NODE_B4BFE934ED80,child,8,F4:2D:C9:73:E6:19,-94,88,492,492,1,1,0,0,0
656309632,NODE_B4BFE934ED80,child,8,F4:2D:C9:73:E6:19,-94,88,492,492,1,1,0,0,0
656409624,NODE_B4BFE934ED80,child,8,F4:2D:C9:73:E6:19,-94,88,492,492,1,1,0,0,0
656509637,NODE_B4BFE934ED80,child,8,F4:2D:C9:73:E6:19,-97,88,492,492,1,1,0,0,0
656609624,NODE_B4BFE934ED80,child,8,F4:2D:C9:73:E6:19,-97,88,492,492,1,1,0,0,0
656709624,NODE_B4BFE934ED80,child,8,F4:2D:C9:73:E6:19,-97,88,492,492,1,1,0,0,0
656809633,NODE_B4BFE934ED80,child,8,F4:2D:C9:73:E6:19,-97,88,492,492,1,1,0,0,0
656909628,NODE_B4BFE934ED80,child,8,F4:2D:C9:73:E6:19,-97,88,493,493,1,1,0,0,0
657009628,NODE_B4BFE934ED80,child,8,F4:2D:C9:73:E6:19,-97,88,493,493,1,1,0,0,0
657109637,NODE_B4BFE934ED80,child,8,F4:2D:C9:73:E6:19,-97,88,493,493,1,1,0,0,0
657209632,NODE_B4BFE934ED80,child,8,F4:2D:C9:73:E6:19,-97,88,493,493,1,1,0,0,0
657309624,NODE_B4BFE934ED80,child,8,F4:2D:C9:73:E6:19,-97,88,493,493,1,1,0,0,0
657409625,NODE_B4BFE934ED80,child,8,F4:2D:C9:73:E6:19,-97,88,493,493,1,1,0,0,0
657509632,NODE_B4BFE934ED80,child,8,F4:2D:C9:73:E6:19,-97,88,493,493,1,1,0,0,0
657609628,NODE_B4BFE934ED80,child,8,F4:2D:C9:73:E6:19,-97,88,493,493,1,1,0,0,0
657709625,NODE_B4BFE934ED80,child,8,F4:2D:C9:73:E6:19,-97,88,493,493,1,1,0,0,0
657809624,NODE_B4BFE934ED80,child,8,F4:2D:C9:73:E6:19,-97,88,493,493,1,1,0,0,0
657909638,NODE_B4BFE934ED80,child,8,F4:2D:C9:73:E6:19,-97,88,493,493,1,1,0,0,0
658009633,NODE_B4BFE934ED80,child,8,F4:2D:C9:73:E6:19,-97,88,494,494,1,1,0,0,0
658109640,NODE_B4BFE934ED80,child,8,F4:2D:C9:73:E6:19,-97,88,494,494,1,1,0,0,0
658209624,NODE_B4BFE934ED80,child,8,F4:2D:C9:73:E6:19,-97,88,494,494,1,1,0,0,0
658309625,NODE_B4BFE934ED80,child,8,F4:2D:C9:73:E6:19,-97,88,494,494,1,1,0,0,0
658409624,NODE_B4BFE934ED80,child,8,F4:2D:C9:73:E6:19,-97,88,494,494,1,1,0,0,0
658509628,NODE_B4BFE934ED80,child,8,F4:2D:C9:73:E6:19,-97,88,494,494,1,1,0,0,0
658609637,NODE_B4BFE934ED80,child,8,F4:2D:C9:73:E6:19,-95,88,494,494,1,1,0,0,0
658709636,NODE_B4BFE934ED80,child,8,F4:2D:C9:73:E6:19,-95,88,494,494,1,1,0,0,0
658809636,NODE_B4BFE934ED80,child,8,F4:2D:C9:73:E6:19,-95,88,494,494,1,1,0,0,0
658909629,NODE_B4BFE934ED80,child,8,F4:2D:C9:73:E6:19,-95,88,494,494,1,1,0,0,0
659009628,NODE_B4BFE934ED80,child,8,F4:2D:C9:73:E6:19,-95,88,495,495,1,1,0,0,0
659109624,NODE_B4BFE934ED80,child,8,F4:2D:C9:73:E6:19,-95,88,495,495,1,1,0,0,0
659209633,NODE_B4BFE934ED80,child,8,F4:2D:C9:73:E6:19,-95,88,495,495,1,1,0,0,0
659309624,NODE_B4BFE934ED80,child,8,F4:2D:C9:73:E6:19,-95,88,495,495,1,1,0,0,0
659409624,NODE_B4BFE934ED80,child,8,F4:2D:C9:73:E6:19,-95,88,495,495,1,1,0,0,0
659509633,NODE_B4BFE934ED80,child,8,F4:2D:C9:73:E6:19,-95,88,495,495,1,1,0,0,0
659609628,NODE_B4BFE934ED80,child,8,F4:2D:C9:73:E6:19,-95,88,495,495,1,1,0,0,0
659709624,NODE_B4BFE934ED80,child,8,F4:2D:C9:73:E6:19,-95,88,495,495,1,1,0,0,0
659809625,NODE_B4BFE934ED80,child,8,F4:2D:C9:73:E6:19,-95,88,495,495,1,1,0,0,0
659909624,NODE_B4BFE934ED80,child,8,F4:2D:C9:73:E6:19,-95,88,495,495,1,1,0,0,0
660009628,NODE_B4BFE934ED80,child,8,F4:2D:C9:73:E6:19,-95,88,495,495,1,1,0,0,0
660109633,NODE_B4BFE934ED80,child,8,F4:2D:C9:73:E6:19,-95,88,496,496,1,1,0,0,0
660209628,NODE_B4BFE934ED80,child,8,F4:2D:C9:73:E6:19,-95,88,496,496,1,1,0,0,0
660309624,NODE_B4BFE934ED80,child,8,F4:2D:C9:73:E6:19,-95,88,496,496,1,1,0,0,0
660409625,NODE_B4BFE934ED80,child,8,F4:2D:C9:73:E6:19,-95,88,496,496,1,1,0,0,0
660509628,NODE_B4BFE934ED80,child,8,F4:2D:C9:73:E6:19,-95,88,496,496,1,1,0,0,0
660609644,NODE_B4BFE934ED80,child,8,F4:2D:C9:73:E6:19,-94,88,496,496,1,1,0,0,0
660709625,NODE_B4BFE934ED80,child,8,F4:2D:C9:73:E6:19,-94,88,496,496,1,1,0,0,0
660809632,NODE_B4BFE934ED80,child,8,F4:2D:C9:73:E6:19,-94,88,496,496,1,1,0,0,0
660909628,NODE_B4BFE934ED80,child,8,F4:2D:C9:73:E6:19,-94,88,496,496,1,1,0,0,0
661009629,NODE_B4BFE934ED80,child,8,F4:2D:C9:73:E6:19,-94,88,496,496,1,1,0,0,0
661109782,NODE_B4BFE934ED80,child,8,F4:2D:C9:73:E6:19,-94,88,497,497,1,1,0,0,0
661209632,NODE_B4BFE934ED80,child,8,F4:2D:C9:73:E6:19,-94,88,497,497,1,1,0,0,0
661309625,NODE_B4BFE934ED80,child,8,F4:2D:C9:73:E6:19,-94,88,497,497,1,1,0,0,0
661409624,NODE_B4BFE934ED80,child,8,F4:2D:C9:73:E6:19,-94,88,497,497,1,1,0,0,0
661509636,NODE_B4BFE934ED80,child,8,F4:2D:C9:73:E6:19,-94,88,497,497,1,1,0,0,0
661609625,NODE_B4BFE934ED80,child,8,F4:2D:C9:73:E6:19,-94,88,497,497,1,1,0,0,0
661709628,NODE_B4BFE934ED80,child,8,F4:2D:C9:73:E6:19,-94,88,497,497,1,1,0,0,0
661809624,NODE_B4BFE934ED80,child,8,F4:2D:C9:73:E6:19,-94,88,497,497,1,1,0,0,0
661909625,NODE_B4BFE934ED80,child,8,F4:2D:C9:73:E6:19,-94,88,497,497,1,1,0,0,0
662009628,NODE_B4BFE934ED80,child,8,F4:2D:C9:73:E6:19,-94,88,497,497,1,1,0,0,0
662109636,NODE_B4BFE934ED80,child,8,F4:2D:C9:73:E6:19,-94,88,498,498,1,1,0,0,0
662209633,NODE_B4BFE934ED80,child,8,F4:2D:C9:73:E6:19,-94,88,498,498,1,1,0,0,0
662309628,NODE_B4BFE934ED80,child,8,F4:2D:C9:73:E6:19,-94,88,498,498,1,1,0,0,0
662409624,NODE_B4BFE934ED80,child,8,F4:2D:C9:73:E6:19,-94,88,498,498,1,1,0,0,0
662509629,NODE_B4BFE934ED80,child,8,F4:2D:C9:73:E6:19,-94,88,498,498,1,1,0,0,0
662610402,NODE_B4BFE934ED80,child,8,F4:2D:C9:73:E6:19,-95,88,498,498,1,1,0,0,0
662709644,NODE_B4BFE934ED80,child,8,F4:2D:C9:73:E6:19,-95,88,498,498,1,1,0,0,0
662809625,NODE_B4BFE934ED80,child,8,F4:2D:C9:73:E6:19,-95,88,498,498,1,1,0,0,0
662909624,NODE_B4BFE934ED80,child,8,F4:2D:C9:73:E6:19,-95,88,498,498,1,1,0,0,0
663009628,NODE_B4BFE934ED80,child,8,F4:2D:C9:73:E6:19,-95,88,498,498,1,1,0,0,0
663109625,NODE_B4BFE934ED80,child,8,F4:2D:C9:73:E6:19,-95,88,499,499,1,1,0,0,0
663209624,NODE_B4BFE934ED80,child,8,F4:2D:C9:73:E6:19,-95,88,499,499,1,1,0,0,0
663309636,NODE_B4BFE934ED80,child,8,F4:2D:C9:73:E6:19,-95,88,499,499,1,1,0,0,0
663409625,NODE_B4BFE934ED80,child,8,F4:2D:C9:73:E6:19,-95,88,499,499,1,1,0,0,0
663509624,NODE_B4BFE934ED80,child,8,F4:2D:C9:73:E6:19,-95,88,499,499,1,1,0,0,0
663609624,NODE_B4BFE934ED80,child,8,F4:2D:C9:73:E6:19,-95,88,499,499,1,1,0,0,0
663709637,NODE_B4BFE934ED80,child,8,F4:2D:C9:73:E6:19,-95,88,499,499,1,1,0,0,0
663809624,NODE_B4BFE934ED80,child,8,F4:2D:C9:73:E6:19,-95,88,499,499,1,1,0,0,0
663909624,NODE_B4BFE934ED80,child,8,F4:2D:C9:73:E6:19,-95,88,499,499,1,1,0,0,0
664009633,NODE_B4BFE934ED80,child,8,F4:2D:C9:73:E6:19,-95,88,499,499,1,1,0,0,0
664109628,NODE_B4BFE934ED80,child,8,F4:2D:C9:73:E6:19,-95,88,500,500,1,1,0,0,0
664209624,NODE_B4BFE934ED80,child,8,F4:2D:C9:73:E6:19,-95,88,500,500,1,1,0,0,0
664309633,NODE_B4BFE934ED80,child,8,F4:2D:C9:73:E6:19,-95,88,500,500,1,1,0,0,0
664409624,NODE_B4BFE934ED80,child,8,F4:2D:C9:73:E6:19,-95,88,500,500,1,1,0,0,0
664509624,NODE_B4BFE934ED80,child,8,F4:2D:C9:73:E6:19,-95,88,500,500,1,1,0,0,0
664609633,NODE_B4BFE934ED80,child,8,F4:2D:C9:73:E6:19,-95,88,500,500,1,1,0,0,0
664709628,NODE_B4BFE934ED80,child,8,F4:2D:C9:73:E6:19,-95,88,500,500,1,1,0,0,0
664809624,NODE_B4BFE934ED80,child,8,F4:2D:C9:73:E6:19,-95,88,500,500,1,1,0,0,0
664909625,NODE_B4BFE934ED80,child,8,F4:2D:C9:73:E6:19,-95,88,500,500,1,1,0,0,0
665009628,NODE_B4BFE934ED80,child,8,F4:2D:C9:73:E6:19,-95,88,500,500,1,1,0,0,0
665109687,NODE_B4BFE934ED80,child,8,F4:2D:C9:73:E6:19,-95,88,500,500,1,1,0,0,0
665209629,NODE_B4BFE934ED80,child,8,F4:2D:C9:73:E6:19,-95,88,501,501,1,1,0,0,0
665309636,NODE_B4BFE934ED80,child,8,F4:2D:C9:73:E6:19,-95,88,501,501,1,1,0,0,0
665409766,NODE_B4BFE934ED80,child,8,F4:2D:C9:73:E6:19,-95,88,501,501,1,1,0,0,0
665509625,NODE_B4BFE934ED80,child,8,F4:2D:C9:73:E6:19,-95,88,501,501,1,1,0,0,0
665609636,NODE_B4BFE934ED80,child,8,F4:2D:C9:73:E6:19,-95,88,501,501,1,1,0,0,0
665709632,NODE_B4BFE934ED80,child,8,F4:2D:C9:73:E6:19,-95,88,501,501,1,1,0,0,0
665809625,NODE_B4BFE934ED80,child,8,F4:2D:C9:73:E6:19,-95,88,501,501,1,1,0,0,0
665909624,NODE_B4BFE934ED80,child,8,F4:2D:C9:73:E6:19,-95,88,501,501,1,1,0,0,0
666009632,NODE_B4BFE934ED80,child,8,F4:2D:C9:73:E6:19,-95,88,501,501,1,1,0,0,0
666110404,NODE_B4BFE934ED80,child,8,F4:2D:C9:73:E6:19,-95,88,501,501,1,1,0,0,0
666209628,NODE_B4BFE934ED80,child,8,F4:2D:C9:73:E6:19,-95,88,501,501,1,1,0,0,0
666309636,NODE_B4BFE934ED80,child,8,F4:2D:C9:73:E6:19,-95,88,502,502,1,1,0,0,0
666409625,NODE_B4BFE934ED80,child,8,F4:2D:C9:73:E6:19,-95,88,502,502,1,1,0,0,0
666509624,NODE_B4BFE934ED80,child,8,F4:2D:C9:73:E6:19,-95,88,502,502,1,1,0,0,0
666609632,NODE_B4BFE934ED80,child,8,F4:2D:C9:73:E6:19,-95,88,502,502,1,1,0,0,0
666709625,NODE_B4BFE934ED80,child,8,F4:2D:C9:73:E6:19,-95,88,502,502,1,1,0,0,0
666809624,NODE_B4BFE934ED80,child,8,F4:2D:C9:73:E6:19,-95,88,502,502,1,1,0,0,0
666909624,NODE_B4BFE934ED80,child,8,F4:2D:C9:73:E6:19,-95,88,502,502,1,1,0,0,0
667009629,NODE_B4BFE934ED80,child,8,F4:2D:C9:73:E6:19,-95,88,502,502,1,1,0,0,0
667109624,NODE_B4BFE934ED80,child,8,F4:2D:C9:73:E6:19,-95,88,502,502,1,1,0,0,0
667209632,NODE_B4BFE934ED80,child,8,F4:2D:C9:73:E6:19,-95,88,502,502,1,1,0,0,0
667309641,NODE_B4BFE934ED80,child,8,F4:2D:C9:73:E6:19,-95,88,503,503,1,1,0,0,0
667409628,NODE_B4BFE934ED80,child,8,F4:2D:C9:73:E6:19,-95,88,503,503,1,1,0,0,0
667509628,NODE_B4BFE934ED80,child,8,F4:2D:C9:73:E6:19,-95,88,503,503,1,1,0,0,0
667609629,NODE_B4BFE934ED80,child,8,F4:2D:C9:73:E6:19,-95,88,503,503,1,1,0,0,0
667709632,NODE_B4BFE934ED80,child,8,F4:2D:C9:73:E6:19,-95,88,503,503,1,1,0,0,0
667809632,NODE_B4BFE934ED80,child,8,F4:2D:C9:73:E6:19,-95,88,503,503,1,1,0,0,0
667909629,NODE_B4BFE934ED80,child,8,F4:2D:C9:73:E6:19,-95,88,503,503,1,1,0,0,0
668009632,NODE_B4BFE934ED80,child,8,F4:2D:C9:73:E6:19,-95,88,503,503,1,1,0,0,0
668109624,NODE_B4BFE934ED80,child,8,F4:2D:C9:73:E6:19,-95,88,503,503,1,1,0,0,0
668209625,NODE_B4BFE934ED80,child,8,F4:2D:C9:73:E6:19,-95,88,503,503,1,1,0,0,0
668309628,NODE_B4BFE934ED80,child,8,F4:2D:C9:73:E6:19,-95,88,503,503,1,1,0,0,0
668409636,NODE_B4BFE934ED80,child,8,F4:2D:C9:73:E6:19,-95,88,504,504,1,1,0,0,0
668509625,NODE_B4BFE934ED80,child,8,F4:2D:C9:73:E6:19,-95,88,504,504,1,1,0,0,0
668609632,NODE_B4BFE934ED80,child,8,F4:2D:C9:73:E6:19,-95,88,504,504,1,1,0,0,0
668709624,NODE_B4BFE934ED80,child,8,F4:2D:C9:73:E6:19,-95,88,504,504,1,1,0,0,0
668809629,NODE_B4BFE934ED80,child,8,F4:2D:C9:73:E6:19,-95,88,504,504,1,1,0,0,0
668909632,NODE_B4BFE934ED80,child,8,F4:2D:C9:73:E6:19,-95,88,504,504,1,1,0,0,0
669009628,NODE_B4BFE934ED80,child,8,F4:2D:C9:73:E6:19,-95,88,504,504,1,1,0,0,0
669109637,NODE_B4BFE934ED80,child,8,F4:2D:C9:73:E6:19,-95,88,504,504,1,1,0,0,0
669209624,NODE_B4BFE934ED80,child,8,F4:2D:C9:73:E6:19,-95,88,504,504,1,1,0,0,0
669309624,NODE_B4BFE934ED80,child,8,F4:2D:C9:73:E6:19,-95,88,504,504,1,1,0,0,0
669409637,NODE_B4BFE934ED80,child,8,F4:2D:C9:73:E6:19,-95,88,504,504,1,1,0,0,0
669509628,NODE_B4BFE934ED80,child,8,F4:2D:C9:73:E6:19,-95,88,505,505,1,1,0,0,0
669609624,NODE_B4BFE934ED80,child,8,F4:2D:C9:73:E6:19,-95,88,505,505,1,1,0,0,0
669709629,NODE_B4BFE934ED80,child,8,F4:2D:C9:73:E6:19,-95,88,505,505,1,1,0,0,0
669809636,NODE_B4BFE934ED80,child,8,F4:2D:C9:73:E6:19,-95,88,505,505,1,1,0,0,0
669909624,NODE_B4BFE934ED80,child,8,F4:2D:C9:73:E6:19,-95,88,505,505,1,1,0,0,0
670009629,NODE_B4BFE934ED80,child,8,F4:2D:C9:73:E6:19,-95,88,505,505,1,1,0,0,0
670109624,NODE_B4BFE934ED80,child,8,F4:2D:C9:73:E6:19,-95,88,505,505,1,1,0,0,0
670209624,NODE_B4BFE934ED80,child,8,F4:2D:C9:73:E6:19,-95,88,505,505,1,1,0,0,0
670309625,NODE_B4BFE934ED80,child,8,F4:2D:C9:73:E6:19,-95,88,505,505,1,1,0,0,0
670409628,NODE_B4BFE934ED80,child,8,F4:2D:C9:73:E6:19,-95,88,505,505,1,1,0,0,0
670509628,NODE_B4BFE934ED80,child,8,F4:2D:C9:73:E6:19,-95,88,506,506,1,1,0,0,0
670609633,NODE_B4BFE934ED80,child,8,F4:2D:C9:73:E6:19,-95,88,506,506,1,1,0,0,0
670709640,NODE_B4BFE934ED80,child,8,F4:2D:C9:73:E6:19,-95,88,506,506,1,1,0,0,0
670809632,NODE_B4BFE934ED80,child,8,F4:2D:C9:73:E6:19,-94,88,506,506,1,1,0,0,0
670909629,NODE_B4BFE934ED80,child,8,F4:2D:C9:73:E6:19,-94,88,506,506,1,1,0,0,0
671009624,NODE_B4BFE934ED80,child,8,F4:2D:C9:73:E6:19,-94,88,506,506,1,1,0,0,0
671109632,NODE_B4BFE934ED80,child,8,F4:2D:C9:73:E6:19,-94,88,506,506,1,1,0,0,0
671209625,NODE_B4BFE934ED80,child,8,F4:2D:C9:73:E6:19,-94,88,506,506,1,1,0,0,0
671309624,NODE_B4BFE934ED80,child,8,F4:2D:C9:73:E6:19,-94,88,506,506,1,1,0,0,0
671409624,NODE_B4BFE934ED80,child,8,F4:2D:C9:73:E6:19,-94,88,506,506,1,1,0,0,0
671509629,NODE_B4BFE934ED80,child,8,F4:2D:C9:73:E6:19,-94,88,506,506,1,1,0,0,0
671609628,NODE_B4BFE934ED80,child,8,F4:2D:C9:73:E6:19,-94,88,506,506,1,1,0,0,0
671709624,NODE_B4BFE934ED80,child,8,F4:2D:C9:73:E6:19,-94,88,506,506,1,1,0,0,0
671809633,NODE_B4BFE934ED80,child,8,F4:2D:C9:73:E6:19,-94,88,506,506,1,1,0,0,0
671909632,NODE_B4BFE934ED80,child,8,F4:2D:C9:73:E6:19,-94,88,506,506,1,1,0,0,0
672009628,NODE_B4BFE934ED80,child,8,F4:2D:C9:73:E6:19,-94,88,506,506,1,1,0,0,0
672109625,NODE_B4BFE934ED80,child,8,F4:2D:C9:73:E6:19,-94,88,506,506,1,1,0,0,0
672209632,NODE_B4BFE934ED80,child,8,F4:2D:C9:73:E6:19,-94,88,506,506,1,1,0,0,0
672309628,NODE_B4BFE934ED80,child,8,F4:2D:C9:73:E6:19,-94,88,506,506,1,1,0,0,0
672409625,NODE_B4BFE934ED80,child,8,F4:2D:C9:73:E6:19,-94,88,506,506,1,1,0,0,0
672509636,NODE_B4BFE934ED80,child,8,F4:2D:C9:73:E6:19,-94,88,506,506,1,1,0,0,0
672609624,NODE_B4BFE934ED80,child,8,F4:2D:C9:73:E6:19,-94,88,506,506,1,1,0,0,0
672709682,NODE_B4BFE934ED80,child,8,F4:2D:C9:73:E6:19,-94,88,506,506,1,1,0,0,0
672809636,NODE_B4BFE934ED80,child,8,F4:2D:C9:73:E6:19,-94,88,506,506,1,1,0,0,0
672909628,NODE_B4BFE934ED80,child,8,F4:2D:C9:73:E6:19,-94,88,506,506,1,1,0,0,0
673009629,NODE_B4BFE934ED80,child,8,F4:2D:C9:73:E6:19,-94,88,506,506,1,1,0,0,0
673109632,NODE_B4BFE934ED80,child,8,F4:2D:C9:73:E6:19,-94,88,506,506,1,1,0,0,0
673209624,NODE_B4BFE934ED80,child,8,F4:2D:C9:73:E6:19,-94,88,506,506,1,1,0,0,0
673309625,NODE_B4BFE934ED80,child,8,F4:2D:C9:73:E6:19,-94,88,506,506,1,1,0,0,0
673409624,NODE_B4BFE934ED80,child,8,F4:2D:C9:73:E6:19,-94,88,506,506,1,1,0,0,0
673509628,NODE_B4BFE934ED80,child,8,F4:2D:C9:73:E6:19,-94,88,506,506,1,1,0,0,0
673609625,NODE_B4BFE934ED80,child,8,F4:2D:C9:73:E6:19,-94,88,506,506,1,1,0,0,0
673709632,NODE_B4BFE934ED80,child,8,F4:2D:C9:73:E6:19,-94,88,506,506,1,1,0,0,0
673809636,NODE_B4BFE934ED80,child,8,F4:2D:C9:73:E6:19,-94,88,506,506,1,1,0,0,0
673909629,NODE_B4BFE934ED80,child,8,F4:2D:C9:73:E6:19,-94,88,506,506,1,1,0,0,0
674009636,NODE_B4BFE934ED80,child,8,F4:2D:C9:73:E6:19,-94,88,506,506,1,1,0,0,0
674109624,NODE_B4BFE934ED80,child,8,F4:2D:C9:73:E6:19,-94,88,506,506,1,1,0,0,0
674209625,NODE_B4BFE934ED80,child,8,F4:2D:C9:73:E6:19,-94,88,506,506,1,1,0,0,0
674309624,NODE_B4BFE934ED80,child,8,F4:2D:C9:73:E6:19,-94,88,506,506,1,1,0,0,0
674409624,NODE_B4BFE934ED80,child,8,F4:2D:C9:73:E6:19,-94,88,506,506,1,1,0,0,0
674509637,NODE_B4BFE934ED80,child,8,F4:2D:C9:73:E6:19,-94,88,506,506,1,1,0,0,0
674609624,NODE_B4BFE934ED80,child,8,F4:2D:C9:73:E6:19,-94,88,506,506,1,1,0,0,0
674709624,NODE_B4BFE934ED80,child,8,F4:2D:C9:73:E6:19,-94,88,506,506,1,1,0,0,0
674809625,NODE_B4BFE934ED80,child,8,F4:2D:C9:73:E6:19,-94,88,506,506,1,1,0,0,0
674909633,NODE_B4BFE934ED80,child,8,F4:2D:C9:73:E6:19,-94,88,506,506,1,1,0,0,0
675009628,NODE_B4BFE934ED80,child,8,F4:2D:C9:73:E6:19,-94,88,506,506,1,1,0,0,0
675109637,NODE_B4BFE934ED80,child,8,F4:2D:C9:73:E6:19,-94,88,506,506,1,1,0,0,0
675209624,NODE_B4BFE934ED80,child,8,F4:2D:C9:73:E6:19,-94,88,506,506,1,1,0,0,0
675309624,NODE_B4BFE934ED80,child,8,F4:2D:C9:73:E6:19,-94,88,506,506,1,1,0,0,0
675409625,NODE_B4BFE934ED80,child,8,F4:2D:C9:73:E6:19,-94,88,506,506,1,1,0,0,0
675509624,NODE_B4BFE934ED80,child,8,F4:2D:C9:73:E6:19,-94,88,506,506,1,1,0,0,0
675609640,NODE_B4BFE934ED80,child,8,F4:2D:C9:73:E6:19,-94,88,506,506,1,1,0,0,0
675709629,NODE_B4BFE934ED80,child,8,F4:2D:C9:73:E6:19,-94,88,506,506,1,1,0,0,0
675809628,NODE_B4BFE934ED80,child,8,F4:2D:C9:73:E6:19,-94,88,506,506,1,1,0,0,0
675909624,NODE_B4BFE934ED80,child,8,F4:2D:C9:73:E6:19,-94,88,506,506,1,1,0,0,0
676009641,NODE_B4BFE934ED80,child,8,F4:2D:C9:73:E6:19,-94,88,506,506,1,1,0,0,0
676109624,NODE_B4BFE934ED80,child,8,F4:2D:C9:73:E6:19,-94,88,506,506,1,1,0,0,0
676209624,NODE_B4BFE934ED80,child,8,F4:2D:C9:73:E6:19,-94,88,506,506,1,1,0,0,0
676309641,NODE_B4BFE934ED80,child,8,F4:2D:C9:73:E6:19,-94,88,506,506,1,1,0,0,0
676409632,NODE_B4BFE934ED80,child,8,F4:2D:C9:73:E6:19,-94,88,507,507,1,1,0,0,0
676509624,NODE_B4BFE934ED80,child,8,F4:2D:C9:73:E6:19,-94,88,507,507,1,1,0,0,0
676609629,NODE_B4BFE934ED80,child,8,F4:2D:C9:73:E6:19,-94,88,507,507,1,1,0,0,0
676709718,NODE_B4BFE934ED80,child,8,F4:2D:C9:73:E6:19,-94,88,507,507,1,1,0,0,0
676809624,NODE_B4BFE934ED80,child,8,F4:2D:C9:73:E6:19,-94,88,507,507,1,1,0,0,0
676909625,NODE_B4BFE934ED80,child,8,F4:2D:C9:73:E6:19,-94,88,507,507,1,1,0,0,0
677009640,NODE_B4BFE934ED80,child,8,F4:2D:C9:73:E6:19,-96,88,507,507,1,1,0,0,0
677109624,NODE_B4BFE934ED80,child,8,F4:2D:C9:73:E6:19,-96,88,507,507,1,1,0,0,0
677209625,NODE_B4BFE934ED80,child,8,F4:2D:C9:73:E6:19,-96,88,507,507,1,1,0,0,0
677309624,NODE_B4BFE934ED80,child,8,F4:2D:C9:73:E6:19,-96,88,507,507,1,1,0,0,0
677409636,NODE_B4BFE934ED80,child,8,F4:2D:C9:73:E6:19,-96,88,508,508,1,1,0,0,0
677509625,NODE_B4BFE934ED80,child,8,F4:2D:C9:73:E6:19,-96,88,508,508,1,1,0,0,0
677609636,NODE_B4BFE934ED80,child,8,F4:2D:C9:73:E6:19,-96,88,508,508,1,1,0,0,0
677709624,NODE_B4BFE934ED80,child,8,F4:2D:C9:73:E6:19,-96,88,508,508,1,1,0,0,0
677809625,NODE_B4BFE934ED80,child,8,F4:2D:C9:73:E6:19,-96,88,508,508,1,1,0,0,0
677909624,NODE_B4BFE934ED80,child,8,F4:2D:C9:73:E6:19,-96,88,508,508,1,1,0,0,0
678009640,NODE_B4BFE934ED80,child,8,F4:2D:C9:73:E6:19,-95,88,508,508,1,1,0,0,0
678109625,NODE_B4BFE934ED80,child,8,F4:2D:C9:73:E6:19,-95,88,508,508,1,1,0,0,0
678209624,NODE_B4BFE934ED80,child,8,F4:2D:C9:73:E6:19,-95,88,508,508,1,1,0,0,0
678309636,NODE_B4BFE934ED80,child,8,F4:2D:C9:73:E6:19,-95,88,508,508,1,1,0,0,0
678409633,NODE_B4BFE934ED80,child,8,F4:2D:C9:73:E6:19,-95,88,509,509,1,1,0,0,0
678509628,NODE_B4BFE934ED80,child,8,F4:2D:C9:73:E6:19,-95,88,509,509,1,1,0,0,0
678609632,NODE_B4BFE934ED80,child,8,F4:2D:C9:73:E6:19,-95,88,509,509,1,1,0,0,0
678709625,NODE_B4BFE934ED80,child,8,F4:2D:C9:73:E6:19,-95,88,509,509,1,1,0,0,0
678809624,NODE_B4BFE934ED80,child,8,F4:2D:C9:73:E6:19,-95,88,509,509,1,1,0,0,0
678909624,NODE_B4BFE934ED80,child,8,F4:2D:C9:73:E6:19,-95,88,509,509,1,1,0,0,0
679009645,NODE_B4BFE934ED80,child,8,F4:2D:C9:73:E6:19,-95,88,509,509,1,1,0,0,0
679109628,NODE_B4BFE934ED80,child,8,F4:2D:C9:73:E6:19,-95,88,509,509,1,1,0,0,0
679209624,NODE_B4BFE934ED80,child,8,F4:2D:C9:73:E6:19,-95,88,509,509,1,1,0,0,0
679309625,NODE_B4BFE934ED80,child,8,F4:2D:C9:73:E6:19,-95,88,509,509,1,1,0,0,0
679409628,NODE_B4BFE934ED80,child,8,F4:2D:C9:73:E6:19,-95,88,510,510,1,1,0,0,0
679509624,NODE_B4BFE934ED80,child,8,F4:2D:C9:73:E6:19,-95,88,510,510,1,1,0,0,0
679609641,NODE_B4BFE934ED80,child,8,F4:2D:C9:73:E6:19,-95,88,510,510,1,1,0,0,0
679709628,NODE_B4BFE934ED80,child,8,F4:2D:C9:73:E6:19,-95,88,510,510,1,1,0,0,0
679809624,NODE_B4BFE934ED80,child,8,F4:2D:C9:73:E6:19,-95,88,510,510,1,1,0,0,0
679909629,NODE_B4BFE934ED80,child,8,F4:2D:C9:73:E6:19,-95,88,510,510,1,1,0,0,0
680009628,NODE_B4BFE934ED80,child,8,F4:2D:C9:73:E6:19,-95,88,510,510,1,1,0,0,0
680109636,NODE_B4BFE934ED80,child,8,F4:2D:C9:73:E6:19,-95,88,510,510,1,1,0,0,0
680209625,NODE_B4BFE934ED80,child,8,F4:2D:C9:73:E6:19,-95,88,510,510,1,1,0,0,0
680309624,NODE_B4BFE934ED80,child,8,F4:2D:C9:73:E6:19,-95,88,510,510,1,1,0,0,0
680409628,NODE_B4BFE934ED80,child,8,F4:2D:C9:73:E6:19,-95,88,511,511,1,1,0,0,0
680509625,NODE_B4BFE934ED80,child,8,F4:2D:C9:73:E6:19,-95,88,511,511,1,1,0,0,0
680609628,NODE_B4BFE934ED80,child,8,F4:2D:C9:73:E6:19,-95,88,511,511,1,1,0,0,0
680709636,NODE_B4BFE934ED80,child,8,F4:2D:C9:73:E6:19,-95,88,511,511,1,1,0,0,0
680809637,NODE_B4BFE934ED80,child,8,F4:2D:C9:73:E6:19,-95,88,511,511,1,1,0,0,0
680909624,NODE_B4BFE934ED80,child,8,F4:2D:C9:73:E6:19,-95,88,511,511,1,1,0,0,0
681009628,NODE_B4BFE934ED80,child,8,F4:2D:C9:73:E6:19,-95,88,511,511,1,1,0,0,0
681109633,NODE_B4BFE934ED80,child,8,F4:2D:C9:73:E6:19,-95,88,511,511,1,1,0,0,0
681209624,NODE_B4BFE934ED80,child,8,F4:2D:C9:73:E6:19,-95,88,511,511,1,1,0,0,0
681309624,NODE_B4BFE934ED80,child,8,F4:2D:C9:73:E6:19,-95,88,511,511,1,1,0,0,0
681409629,NODE_B4BFE934ED80,child,8,F4:2D:C9:73:E6:19,-95,88,512,512,1,1,0,0,0
681509632,NODE_B4BFE934ED80,child,8,F4:2D:C9:73:E6:19,-95,88,512,512,1,1,0,0,0
681609636,NODE_B4BFE934ED80,child,8,F4:2D:C9:73:E6:19,-95,88,512,512,1,1,0,0,0
681709629,NODE_B4BFE934ED80,child,8,F4:2D:C9:73:E6:19,-95,88,512,512,1,1,0,0,0
681809624,NODE_B4BFE934ED80,child,8,F4:2D:C9:73:E6:19,-95,88,512,512,1,1,0,0,0
681909624,NODE_B4BFE934ED80,child,8,F4:2D:C9:73:E6:19,-95,88,512,512,1,1,0,0,0
682009633,NODE_B4BFE934ED80,child,8,F4:2D:C9:73:E6:19,-95,88,512,512,1,1,0,0,0
682109640,NODE_B4BFE934ED80,child,8,F4:2D:C9:73:E6:19,-96,88,512,512,1,1,0,0,0
682209624,NODE_B4BFE934ED80,child,8,F4:2D:C9:73:E6:19,-96,88,512,512,1,1,0,0,0
682309625,NODE_B4BFE934ED80,child,8,F4:2D:C9:73:E6:19,-96,88,512,512,1,1,0,0,0
682409632,NODE_B4BFE934ED80,child,8,F4:2D:C9:73:E6:19,-96,88,513,513,1,1,0,0,0
682509624,NODE_B4BFE934ED80,child,8,F4:2D:C9:73:E6:19,-96,88,513,513,1,1,0,0,0
682609625,NODE_B4BFE934ED80,child,8,F4:2D:C9:73:E6:19,-96,88,513,513,1,1,0,0,0
682709636,NODE_B4BFE934ED80,child,8,F4:2D:C9:73:E6:19,-96,88,513,513,1,1,0,0,0
682809636,NODE_B4BFE934ED80,child,8,F4:2D:C9:73:E6:19,-96,88,513,513,1,1,0,0,0
682909625,NODE_B4BFE934ED80,child,8,F4:2D:C9:73:E6:19,-96,88,513,513,1,1,0,0,0
683009628,NODE_B4BFE934ED80,child,8,F4:2D:C9:73:E6:19,-96,88,513,513,1,1,0,0,0
683109636,NODE_B4BFE934ED80,child,8,F4:2D:C9:73:E6:19,-94,88,513,513,1,1,0,0,0
683209625,NODE_B4BFE934ED80,child,8,F4:2D:C9:73:E6:19,-94,88,513,513,1,1,0,0,0
683309625,NODE_B4BFE934ED80,child,8,F4:2D:C9:73:E6:19,-94,88,513,513,1,1,0,0,0
683409628,NODE_B4BFE934ED80,child,8,F4:2D:C9:73:E6:19,-94,88,513,513,1,1,0,0,0
683509633,NODE_B4BFE934ED80,child,8,F4:2D:C9:73:E6:19,-94,88,514,514,1,1,0,0,0
683609624,NODE_B4BFE934ED80,child,8,F4:2D:C9:73:E6:19,-94,88,514,514,1,1,0,0,0
683709628,NODE_B4BFE934ED80,child,8,F4:2D:C9:73:E6:19,-94,88,514,514,1,1,0,0,0
683809625,NODE_B4BFE934ED80,child,8,F4:2D:C9:73:E6:19,-94,88,514,514,1,1,0,0,0
683909624,NODE_B4BFE934ED80,child,8,F4:2D:C9:73:E6:19,-94,88,514,514,1,1,0,0,0
684009632,NODE_B4BFE934ED80,child,8,F4:2D:C9:73:E6:19,-94,88,514,514,1,1,0,0,0
684109637,NODE_B4BFE934ED80,child,8,F4:2D:C9:73:E6:19,-94,88,514,514,1,1,0,0,0
684209632,NODE_B4BFE934ED80,child,8,F4:2D:C9:73:E6:19,-92,88,514,514,1,1,0,0,0
684309624,NODE_B4BFE934ED80,child,8,F4:2D:C9:73:E6:19,-92,88,514,514,1,1,0,0,0
684409625,NODE_B4BFE934ED80,child,8,F4:2D:C9:73:E6:19,-92,88,514,514,1,1,0,0,0
684509624,NODE_B4BFE934ED80,child,8,F4:2D:C9:73:E6:19,-92,88,514,514,1,1,0,0,0
684609624,NODE_B4BFE934ED80,child,8,F4:2D:C9:73:E6:19,-92,88,514,514,1,1,0,0,0
684709625,NODE_B4BFE934ED80,child,8,F4:2D:C9:73:E6:19,-92,88,514,514,1,1,0,0,0
684809636,NODE_B4BFE934ED80,child,8,F4:2D:C9:73:E6:19,-92,88,514,514,1,1,0,0,0
684909624,NODE_B4BFE934ED80,child,8,F4:2D:C9:73:E6:19,-92,88,514,514,1,1,0,0,0
685009629,NODE_B4BFE934ED80,child,8,F4:2D:C9:73:E6:19,-92,88,514,514,1,1,0,0,0
685109628,NODE_B4BFE934ED80,child,8,F4:2D:C9:73:E6:19,-92,88,514,514,1,1,0,0,0
685209636,NODE_B4BFE934ED80,child,8,F4:2D:C9:73:E6:19,-96,88,514,514,1,1,0,0,0
685309625,NODE_B4BFE934ED80,child,8,F4:2D:C9:73:E6:19,-96,88,514,514,1,1,0,0,0
685409624,NODE_B4BFE934ED80,child,8,F4:2D:C9:73:E6:19,-96,88,514,514,1,1,0,0,0
685509636,NODE_B4BFE934ED80,child,8,F4:2D:C9:73:E6:19,-96,88,514,514,1,1,0,0,0
685609625,NODE_B4BFE934ED80,child,8,F4:2D:C9:73:E6:19,-96,88,514,514,1,1,0,0,0
685709647,NODE_B4BFE934ED80,child,8,F4:2D:C9:73:E6:19,-96,88,515,515,1,1,0,0,0
685809636,NODE_B4BFE934ED80,child,8,F4:2D:C9:73:E6:19,-96,88,515,515,1,1,0,0,0
685909625,NODE_B4BFE934ED80,child,8,F4:2D:C9:73:E6:19,-96,88,515,515,1,1,0,0,0
686009636,NODE_B4BFE934ED80,child,8,F4:2D:C9:73:E6:19,-96,88,515,515,1,1,0,0,0
686109624,NODE_B4BFE934ED80,child,8,F4:2D:C9:73:E6:19,-96,88,515,515,1,1,0,0,0
686209637,NODE_B4BFE934ED80,child,8,F4:2D:C9:73:E6:19,-95,88,515,515,1,1,0,0,0
686309624,NODE_B4BFE934ED80,child,8,F4:2D:C9:73:E6:19,-95,88,515,515,1,1,0,0,0
686409624,NODE_B4BFE934ED80,child,8,F4:2D:C9:73:E6:19,-95,88,515,515,1,1,0,0,0
686509625,NODE_B4BFE934ED80,child,8,F4:2D:C9:73:E6:19,-95,88,515,515,1,1,0,0,0
686609632,NODE_B4BFE934ED80,child,8,F4:2D:C9:73:E6:19,-95,88,515,515,1,1,0,0,0
686709628,NODE_B4BFE934ED80,child,8,F4:2D:C9:73:E6:19,-95,88,516,516,1,1,0,0,0
686809629,NODE_B4BFE934ED80,child,8,F4:2D:C9:73:E6:19,-95,88,516,516,1,1,0,0,0
686909624,NODE_B4BFE934ED80,child,8,F4:2D:C9:73:E6:19,-95,88,516,516,1,1,0,0,0
687009628,NODE_B4BFE934ED80,child,8,F4:2D:C9:73:E6:19,-95,88,516,516,1,1,0,0,0
687109625,NODE_B4BFE934ED80,child,8,F4:2D:C9:73:E6:19,-95,88,516,516,1,1,0,0,0
687209636,NODE_B4BFE934ED80,child,8,F4:2D:C9:73:E6:19,-92,88,516,516,1,1,0,0,0
687309632,NODE_B4BFE934ED80,child,8,F4:2D:C9:73:E6:19,-92,88,516,516,1,1,0,0,0
687409625,NODE_B4BFE934ED80,child,8,F4:2D:C9:73:E6:19,-92,88,516,516,1,1,0,0,0
687509628,NODE_B4BFE934ED80,child,8,F4:2D:C9:73:E6:19,-92,88,516,516,1,1,0,0,0
687609624,NODE_B4BFE934ED80,child,8,F4:2D:C9:73:E6:19,-92,88,516,516,1,1,0,0,0
687709629,NODE_B4BFE934ED80,child,8,F4:2D:C9:73:E6:19,-92,88,517,517,1,1,0,0,0
687809632,NODE_B4BFE934ED80,child,8,F4:2D:C9:73:E6:19,-92,88,517,517,1,1,0,0,0
687909624,NODE_B4BFE934ED80,child,8,F4:2D:C9:73:E6:19,-92,88,517,517,1,1,0,0,0
688009637,NODE_B4BFE934ED80,child,8,F4:2D:C9:73:E6:19,-92,88,517,517,1,1,0,0,0
688109624,NODE_B4BFE934ED80,child,8,F4:2D:C9:73:E6:19,-92,88,517,517,1,1,0,0,0
688209624,NODE_B4BFE934ED80,child,8,F4:2D:C9:73:E6:19,-92,88,517,517,1,1,0,0,0
688309633,NODE_B4BFE934ED80,child,8,F4:2D:C9:73:E6:19,-97,88,517,517,1,1,0,0,0
688409624,NODE_B4BFE934ED80,child,8,F4:2D:C9:73:E6:19,-97,88,517,517,1,1,0,0,0
688509628,NODE_B4BFE934ED80,child,8,F4:2D:C9:73:E6:19,-97,88,517,517,1,1,0,0,0
688609637,NODE_B4BFE934ED80,child,8,F4:2D:C9:73:E6:19,-97,88,517,517,1,1,0,0,0
688709628,NODE_B4BFE934ED80,child,8,F4:2D:C9:73:E6:19,-97,88,518,518,1,1,0,0,0
688809628,NODE_B4BFE934ED80,child,8,F4:2D:C9:73:E6:19,-97,88,518,518,1,1,0,0,0
688909633,NODE_B4BFE934ED80,child,8,F4:2D:C9:73:E6:19,-97,88,518,518,1,1,0,0,0
689009628,NODE_B4BFE934ED80,child,8,F4:2D:C9:73:E6:19,-97,88,518,518,1,1,0,0,0
689109624,NODE_B4BFE934ED80,child,8,F4:2D:C9:73:E6:19,-97,88,518,518,1,1,0,0,0
689209629,NODE_B4BFE934ED80,child,8,F4:2D:C9:73:E6:19,-97,88,518,518,1,1,0,0,0
689309644,NODE_B4BFE934ED80,child,8,F4:2D:C9:73:E6:19,-97,88,518,518,1,1,0,0,0
689409624,NODE_B4BFE934ED80,child,8,F4:2D:C9:73:E6:19,-97,88,518,518,1,1,0,0,0
689509625,NODE_B4BFE934ED80,child,8,F4:2D:C9:73:E6:19,-97,88,518,518,1,1,0,0,0
689609624,NODE_B4BFE934ED80,child,8,F4:2D:C9:73:E6:19,-97,88,518,518,1,1,0,0,0
689709628,NODE_B4BFE934ED80,child,8,F4:2D:C9:73:E6:19,-97,88,519,519,1,1,0,0,0
689809625,NODE_B4BFE934ED80,child,8,F4:2D:C9:73:E6:19,-97,88,519,519,1,1,0,0,0
689909628,NODE_B4BFE934ED80,child,8,F4:2D:C9:73:E6:19,-97,88,519,519,1,1,0,0,0
690009632,NODE_B4BFE934ED80,child,8,F4:2D:C9:73:E6:19,-97,88,519,519,1,1,0,0,0
690109625,NODE_B4BFE934ED80,child,8,F4:2D:C9:73:E6:19,-97,88,519,519,1,1,0,0,0
690209624,NODE_B4BFE934ED80,child,8,F4:2D:C9:73:E6:19,-97,88,519,519,1,1,0,0,0
690309636,NODE_B4BFE934ED80,child,8,F4:2D:C9:73:E6:19,-95,88,519,519,1,1,0,0,0
690409629,NODE_B4BFE934ED80,child,8,F4:2D:C9:73:E6:19,-95,88,519,519,1,1,0,0,0
690509624,NODE_B4BFE934ED80,child,8,F4:2D:C9:73:E6:19,-95,88,519,519,1,1,0,0,0
690609636,NODE_B4BFE934ED80,child,8,F4:2D:C9:73:E6:19,-95,88,519,519,1,1,0,0,0
690709629,NODE_B4BFE934ED80,child,8,F4:2D:C9:73:E6:19,-95,88,520,520,1,1,0,0,0
690809628,NODE_B4BFE934ED80,child,8,F4:2D:C9:73:E6:19,-95,88,520,520,1,1,0,0,0
690909636,NODE_B4BFE934ED80,child,8,F4:2D:C9:73:E6:19,-95,88,520,520,1,1,0,0,0
691009629,NODE_B4BFE934ED80,child,8,F4:2D:C9:73:E6:19,-95,88,520,520,1,1,0,0,0
691109624,NODE_B4BFE934ED80,child,8,F4:2D:C9:73:E6:19,-95,88,520,520,1,1,0,0,0
691209624,NODE_B4BFE934ED80,child,8,F4:2D:C9:73:E6:19,-95,88,520,520,1,1,0,0,0
691309645,NODE_B4BFE934ED80,child,8,F4:2D:C9:73:E6:19,-95,88,520,520,1,1,0,0,0
691409624,NODE_B4BFE934ED80,child,8,F4:2D:C9:73:E6:19,-95,88,520,520,1,1,0,0,0
691509628,NODE_B4BFE934ED80,child,8,F4:2D:C9:73:E6:19,-95,88,520,520,1,1,0,0,0
691609633,NODE_B4BFE934ED80,child,8,F4:2D:C9:73:E6:19,-95,88,520,520,1,1,0,0,0
691709632,NODE_B4BFE934ED80,child,8,F4:2D:C9:73:E6:19,-95,88,521,521,1,1,0,0,0
691809636,NODE_B4BFE934ED80,child,8,F4:2D:C9:73:E6:19,-95,88,521,521,1,1,0,0,0
691909629,NODE_B4BFE934ED80,child,8,F4:2D:C9:73:E6:19,-95,88,521,521,1,1,0,0,0
692009628,NODE_B4BFE934ED80,child,8,F4:2D:C9:73:E6:19,-95,88,521,521,1,1,0,0,0
692109624,NODE_B4BFE934ED80,child,8,F4:2D:C9:73:E6:19,-95,88,521,521,1,1,0,0,0
692209629,NODE_B4BFE934ED80,child,8,F4:2D:C9:73:E6:19,-95,88,521,521,1,1,0,0,0
692309628,NODE_B4BFE934ED80,child,8,F4:2D:C9:73:E6:19,-94,88,521,521,1,1,0,0,0
692409628,NODE_B4BFE934ED80,child,8,F4:2D:C9:73:E6:19,-94,88,521,521,1,1,0,0,0
692509637,NODE_B4BFE934ED80,child,8,F4:2D:C9:73:E6:19,-94,88,521,521,1,1,0,0,0
692609632,NODE_B4BFE934ED80,child,8,F4:2D:C9:73:E6:19,-94,88,521,521,1,1,0,0,0
692709628,NODE_B4BFE934ED80,child,8,F4:2D:C9:73:E6:19,-94,88,522,522,1,1,0,0,0
692809625,NODE_B4BFE934ED80,child,8,F4:2D:C9:73:E6:19,-94,88,522,522,1,1,0,0,0
692909624,NODE_B4BFE934ED80,child,8,F4:2D:C9:73:E6:19,-94,88,522,522,1,1,0,0,0
693009636,NODE_B4BFE934ED80,child,8,F4:2D:C9:73:E6:19,-94,88,522,522,1,1,0,0,0
693109637,NODE_B4BFE934ED80,child,8,F4:2D:C9:73:E6:19,-94,88,522,522,1,1,0,0,0
693209624,NODE_B4BFE934ED80,child,8,F4:2D:C9:73:E6:19,-94,88,522,522,1,1,0,0,0
693309624,NODE_B4BFE934ED80,child,8,F4:2D:C9:73:E6:19,-94,88,522,522,1,1,0,0,0
693409633,NODE_B4BFE934ED80,child,8,F4:2D:C9:73:E6:19,-94,88,522,522,1,1,0,0,0
693509624,NODE_B4BFE934ED80,child,8,F4:2D:C9:73:E6:19,-94,88,522,522,1,1,0,0,0
693609624,NODE_B4BFE934ED80,child,8,F4:2D:C9:73:E6:19,-94,88,522,522,1,1,0,0,0
693709629,NODE_B4BFE934ED80,child,8,F4:2D:C9:73:E6:19,-94,88,523,523,1,1,0,0,0
693809632,NODE_B4BFE934ED80,child,8,F4:2D:C9:73:E6:19,-94,88,523,523,1,1,0,0,0
693909624,NODE_B4BFE934ED80,child,8,F4:2D:C9:73:E6:19,-94,88,523,523,1,1,0,0,0
694009633,NODE_B4BFE934ED80,child,8,F4:2D:C9:73:E6:19,-94,88,523,523,1,1,0,0,0
694109624,NODE_B4BFE934ED80,child,8,F4:2D:C9:73:E6:19,-94,88,523,523,1,1,0,0,0
694209628,NODE_B4BFE934ED80,child,8,F4:2D:C9:73:E6:19,-94,88,523,523,1,1,0,0,0
694309629,NODE_B4BFE934ED80,child,8,F4:2D:C9:73:E6:19,-94,88,523,523,1,1,0,0,0
694409636,NODE_B4BFE934ED80,child,8,F4:2D:C9:73:E6:19,-96,88,523,523,1,1,0,0,0
694509636,NODE_B4BFE934ED80,child,8,F4:2D:C9:73:E6:19,-96,88,523,523,1,1,0,0,0
694609625,NODE_B4BFE934ED80,child,8,F4:2D:C9:73:E6:19,-96,88,523,523,1,1,0,0,0
694709628,NODE_B4BFE934ED80,child,8,F4:2D:C9:73:E6:19,-96,88,524,524,1,1,0,0,0
694809636,NODE_B4BFE934ED80,child,8,F4:2D:C9:73:E6:19,-96,88,524,524,3,0,0,0,0
694909629,NODE_B4BFE934ED80,child,8,F4:2D:C9:73:E6:19,-96,88,524,524,3,0,0,0,0
695009636,NODE_B4BFE934ED80,child,8,F4:2D:C9:73:E6:19,-96,88,524,524,3,0,0,0,0
695109636,NODE_B4BFE934ED80,child,8,F4:2D:C9:73:E6:19,-96,88,524,524,3,0,0,0,0
695209629,NODE_B4BFE934ED80,child,8,F4:2D:C9:73:E6:19,-96,88,524,524,3,0,0,0,0
695309628,NODE_B4BFE934ED80,child,8,F4:2D:C9:73:E6:19,-96,88,524,524,3,0,0,0,0
695409632,NODE_B4BFE934ED80,child,8,F4:2D:C9:73:E6:19,-96,88,524,524,3,0,0,0,0
695509625,NODE_B4BFE934ED80,child,8,F4:2D:C9:73:E6:19,-96,88,524,524,3,0,0,0,0
695609624,NODE_B4BFE934ED80,child,8,F4:2D:C9:73:E6:19,-96,88,524,524,3,0,0,0,0
695709628,NODE_B4BFE934ED80,child,8,F4:2D:C9:73:E6:19,-96,88,525,525,3,0,0,0,0
695809637,NODE_B4BFE934ED80,child,8,F4:2D:C9:73:E6:19,-96,88,525,525,3,0,0,0,0
695909628,NODE_B4BFE934ED80,child,8,F4:2D:C9:73:E6:19,-96,88,525,525,3,0,0,0,0
696009632,NODE_B4BFE934ED80,child,8,F4:2D:C9:73:E6:19,-96,88,525,525,3,0,0,0,0
696109625,NODE_B4BFE934ED80,child,8,F4:2D:C9:73:E6:19,-96,88,525,525,3,0,0,0,0
696209628,NODE_B4BFE934ED80,child,8,F4:2D:C9:73:E6:19,-96,88,525,525,3,0,0,0,0
696309628,NODE_B4BFE934ED80,child,8,F4:2D:C9:73:E6:19,-96,88,525,525,3,0,0,0,0
696409633,NODE_B4BFE934ED80,child,8,F4:2D:C9:73:E6:19,-100,88,525,525,3,0,0,0,0
696509636,NODE_B4BFE934ED80,child,8,F4:2D:C9:73:E6:19,-100,88,525,525,3,0,0,0,0
696609624,NODE_B4BFE934ED80,child,8,F4:2D:C9:73:E6:19,-100,88,525,525,3,0,0,0,0
696709629,NODE_B4BFE934ED80,child,8,F4:2D:C9:73:E6:19,-100,88,526,526,3,0,0,0,0
696809624,NODE_B4BFE934ED80,child,8,F4:2D:C9:73:E6:19,-100,88,526,526,3,0,0,0,0
696909628,NODE_B4BFE934ED80,child,8,F4:2D:C9:73:E6:19,-100,88,526,526,3,0,0,0,0
697009629,NODE_B4BFE934ED80,child,8,F4:2D:C9:73:E6:19,-100,88,526,526,3,0,0,0,0
697109640,NODE_B4BFE934ED80,child,8,F4:2D:C9:73:E6:19,-100,88,526,526,3,0,0,0,0
697209624,NODE_B4BFE934ED80,child,8,F4:2D:C9:73:E6:19,-100,88,526,526,3,0,0,0,0
697309625,NODE_B4BFE934ED80,child,8,F4:2D:C9:73:E6:19,-100,88,526,526,3,0,0,0,0
697409632,NODE_B4BFE934ED80,child,8,F4:2D:C9:73:E6:19,-100,88,526,526,3,0,0,0,0
697509636,NODE_B4BFE934ED80,child,8,F4:2D:C9:73:E6:19,-94,88,526,526,3,0,0,0,0
697617627,NODE_B4BFE934ED80,child,8,F4:2D:C9:73:E6:19,-94,88,526,526,3,0,0,0,0
697709628,NODE_B4BFE934ED80,child,8,F4:2D:C9:73:E6:19,-94,88,527,527,3,0,0,0,0
697809628,NODE_B4BFE934ED80,child,8,F4:2D:C9:73:E6:19,-94,88,527,527,3,0,0,0,0
697909625,NODE_B4BFE934ED80,child,8,F4:2D:C9:73:E6:19,-94,88,527,527,3,0,0,0,0
698009628,NODE_B4BFE934ED80,child,8,F4:2D:C9:73:E6:19,-94,88,527,527,3,0,0,0,0
698109632,NODE_B4BFE934ED80,child,8,F4:2D:C9:73:E6:19,-94,88,527,527,3,0,0,0,0
698209625,NODE_B4BFE934ED80,child,8,F4:2D:C9:73:E6:19,-94,88,527,527,3,0,0,0,0
698309632,NODE_B4BFE934ED80,child,8,F4:2D:C9:73:E6:19,-94,88,527,527,3,0,0,0,0
698409624,NODE_B4BFE934ED80,child,8,F4:2D:C9:73:E6:19,-94,88,527,527,3,0,0,0,0
698509637,NODE_B4BFE934ED80,child,8,F4:2D:C9:73:E6:19,-94,88,527,527,3,0,0,0,0
698609624,NODE_B4BFE934ED80,child,8,F4:2D:C9:73:E6:19,-94,88,527,527,3,0,0,0,0
698709628,NODE_B4BFE934ED80,child,8,F4:2D:C9:73:E6:19,-94,88,528,528,3,0,0,0,0
698809625,NODE_B4BFE934ED80,child,8,F4:2D:C9:73:E6:19,-94,88,528,528,3,0,0,0,0
698909624,NODE_B4BFE934ED80,child,8,F4:2D:C9:73:E6:19,-94,88,528,528,3,0,0,0,0
699009636,NODE_B4BFE934ED80,child,8,F4:2D:C9:73:E6:19,-94,88,528,528,3,0,0,0,0
699109633,NODE_B4BFE934ED80,child,8,F4:2D:C9:73:E6:19,-94,88,528,528,3,0,0,0,0
699209628,NODE_B4BFE934ED80,child,8,F4:2D:C9:73:E6:19,-94,88,528,528,3,0,0,0,0
699309624,NODE_B4BFE934ED80,child,8,F4:2D:C9:73:E6:19,-94,88,528,528,3,0,0,0,0
699409629,NODE_B4BFE934ED80,child,8,F4:2D:C9:73:E6:19,-94,88,528,528,3,0,0,0,0
699509632,NODE_B4BFE934ED80,child,8,F4:2D:C9:73:E6:19,-94,88,528,528,3,0,0,0,0
699609636,NODE_B4BFE934ED80,child,8,F4:2D:C9:73:E6:19,-94,88,528,528,3,0,0,0,0
699709629,NODE_B4BFE934ED80,child,8,F4:2D:C9:73:E6:19,-94,88,529,529,3,0,0,0,0
699809628,NODE_B4BFE934ED80,child,8,F4:2D:C9:73:E6:19,-94,88,529,529,3,0,0,0,0
699909624,NODE_B4BFE934ED80,child,8,F4:2D:C9:73:E6:19,-94,88,529,529,3,0,0,0,0
700009629,NODE_B4BFE934ED80,child,8,F4:2D:C9:73:E6:19,-94,88,529,529,3,0,0,0,0
700109636,NODE_B4BFE934ED80,child,8,F4:2D:C9:73:E6:19,-94,88,529,529,3,0,0,0,0
700209624,NODE_B4BFE934ED80,child,8,F4:2D:C9:73:E6:19,-94,88,529,529,3,0,0,0,0
700309637,NODE_B4BFE934ED80,child,8,F4:2D:C9:73:E6:19,-94,88,529,529,3,0,0,0,0
700409624,NODE_B4BFE934ED80,child,8,F4:2D:C9:73:E6:19,-94,88,529,529,3,0,0,0,0
700509949,NODE_B4BFE934ED80,child,8,F4:2D:C9:73:E6:19,-94,88,529,529,3,0,0,0,0
700609625,NODE_B4BFE934ED80,child,8,F4:2D:C9:73:E6:19,-94,88,529,529,3,0,0,0,0
700709628,NODE_B4BFE934ED80,child,8,F4:2D:C9:73:E6:19,-94,88,530,530,3,0,0,0,0
700809628,NODE_B4BFE934ED80,child,8,F4:2D:C9:73:E6:19,-94,88,530,530,3,0,0,0,0
700909629,NODE_B4BFE934ED80,child,8,F4:2D:C9:73:E6:19,-94,88,530,530,3,0,0,0,0
701009645,NODE_B4BFE934ED80,child,8,F4:2D:C9:73:E6:19,-94,88,530,530,3,0,0,0,0
701109624,NODE_B4BFE934ED80,child,8,F4:2D:C9:73:E6:19,-94,88,530,530,3,0,0,0,0
701209629,NODE_B4BFE934ED80,child,8,F4:2D:C9:73:E6:19,-94,88,530,530,3,0,0,0,0
701309624,NODE_B4BFE934ED80,child,8,F4:2D:C9:73:E6:19,-94,88,530,530,3,0,0,0,0
701409628,NODE_B4BFE934ED80,child,8,F4:2D:C9:73:E6:19,-94,88,530,530,3,0,0,0,0
701509625,NODE_B4BFE934ED80,child,8,F4:2D:C9:73:E6:19,-94,88,530,530,3,0,0,0,0
701609632,NODE_B4BFE934ED80,child,8,F4:2D:C9:73:E6:19,-94,88,530,530,3,0,0,0,0
701709628,NODE_B4BFE934ED80,child,8,F4:2D:C9:73:E6:19,-94,88,531,531,3,0,0,0,0
701809625,NODE_B4BFE934ED80,child,8,F4:2D:C9:73:E6:19,-94,88,531,531,3,0,0,0,0
701909624,NODE_B4BFE934ED80,child,8,F4:2D:C9:73:E6:19,-94,88,531,531,3,0,0,0,0
702009628,NODE_B4BFE934ED80,child,8,F4:2D:C9:73:E6:19,-94,88,531,531,3,0,0,0,0
702109625,NODE_B4BFE934ED80,child,8,F4:2D:C9:73:E6:19,-94,88,531,531,3,0,0,0,0
702209636,NODE_B4BFE934ED80,child,8,F4:2D:C9:73:E6:19,-94,88,531,531,3,0,0,0,0
702309636,NODE_B4BFE934ED80,child,8,F4:2D:C9:73:E6:19,-94,88,531,531,3,0,0,0,0
702409625,NODE_B4BFE934ED80,child,8,F4:2D:C9:73:E6:19,-94,88,531,531,3,0,0,0,0
702509628,NODE_B4BFE934ED80,child,8,F4:2D:C9:73:E6:19,-94,88,531,531,3,0,0,0,0
702609640,NODE_B4BFE934ED80,child,8,F4:2D:C9:73:E6:19,-95,88,531,531,3,0,0,0,0
702709629,NODE_B4BFE934ED80,child,8,F4:2D:C9:73:E6:19,-95,88,532,532,3,0,0,0,0
702809636,NODE_B4BFE934ED80,child,8,F4:2D:C9:73:E6:19,-95,88,532,532,3,0,0,0,0
702909624,NODE_B4BFE934ED80,child,8,F4:2D:C9:73:E6:19,-95,88,532,532,3,0,0,0,0
703009629,NODE_B4BFE934ED80,child,8,F4:2D:C9:73:E6:19,-95,88,532,532,3,0,0,0,0
703109624,NODE_B4BFE934ED80,child,8,F4:2D:C9:73:E6:19,-95,88,532,532,3,0,0,0,0
703209628,NODE_B4BFE934ED80,child,8,F4:2D:C9:73:E6:19,-95,88,532,532,3,0,0,0,0
703309625,NODE_B4BFE934ED80,child,8,F4:2D:C9:73:E6:19,-95,88,532,532,3,0,0,0,0
703409624,NODE_B4BFE934ED80,child,8,F4:2D:C9:73:E6:19,-95,88,532,532,3,0,0,0,0
703509632,NODE_B4BFE934ED80,child,8,F4:2D:C9:73:E6:19,-95,88,532,532,3,0,0,0,0
703609637,NODE_B4BFE934ED80,child,8,F4:2D:C9:73:E6:19,-96,88,532,532,3,0,0,0,0
703709628,NODE_B4BFE934ED80,child,8,F4:2D:C9:73:E6:19,-96,88,533,533,3,0,0,0,0
703809624,NODE_B4BFE934ED80,child,8,F4:2D:C9:73:E6:19,-96,88,533,533,3,0,0,0,0
703909625,NODE_B4BFE934ED80,child,8,F4:2D:C9:73:E6:19,-96,88,533,533,3,0,0,0,0
704009628,NODE_B4BFE934ED80,child,8,F4:2D:C9:73:E6:19,-96,88,533,533,3,0,0,0,0
704109632,NODE_B4BFE934ED80,child,8,F4:2D:C9:73:E6:19,-96,88,533,533,3,0,0,0,0
704209629,NODE_B4BFE934ED80,child,8,F4:2D:C9:73:E6:19,-96,88,533,533,3,0,0,0,0
704309632,NODE_B4BFE934ED80,child,8,F4:2D:C9:73:E6:19,-96,88,533,533,3,0,0,0,0
704409632,NODE_B4BFE934ED80,child,8,F4:2D:C9:73:E6:19,-96,88,533,533,3,0,0,0,0
704509625,NODE_B4BFE934ED80,child,8,F4:2D:C9:73:E6:19,-96,88,533,533,3,0,0,0,0
704609636,NODE_B4BFE934ED80,child,8,F4:2D:C9:73:E6:19,-95,88,533,533,3,0,0,0,0
704709628,NODE_B4BFE934ED80,child,8,F4:2D:C9:73:E6:19,-95,88,534,534,3,0,0,0,0
704809637,NODE_B4BFE934ED80,child,8,F4:2D:C9:73:E6:19,-95,88,534,534,3,0,0,0,0
704909624,NODE_B4BFE934ED80,child,8,F4:2D:C9:73:E6:19,-95,88,534,534,3,0,0,0,0
705009628,NODE_B4BFE934ED80,child,8,F4:2D:C9:73:E6:19,-95,88,534,534,3,0,0,0,0
705109625,NODE_B4BFE934ED80,child,8,F4:2D:C9:73:E6:19,-95,88,534,534,3,0,0,0,0
705209628,NODE_B4BFE934ED80,child,8,F4:2D:C9:73:E6:19,-95,88,534,534,3,0,0,0,0
705309624,NODE_B4BFE934ED80,child,8,F4:2D:C9:73:E6:19,-95,88,534,534,3,0,0,0,0
705409625,NODE_B4BFE934ED80,child,8,F4:2D:C9:73:E6:19,-95,88,534,534,3,0,0,0,0
705509632,NODE_B4BFE934ED80,child,8,F4:2D:C9:73:E6:19,-95,88,534,534,3,0,0,0,0
705609628,NODE_B4BFE934ED80,child,8,F4:2D:C9:73:E6:19,-95,88,534,534,3,0,0,0,0
705709629,NODE_B4BFE934ED80,child,8,F4:2D:C9:73:E6:19,-96,88,535,535,3,0,0,0,0
705809624,NODE_B4BFE934ED80,child,8,F4:2D:C9:73:E6:19,-96,88,535,535,3,0,0,0,0
705909628,NODE_B4BFE934ED80,child,8,F4:2D:C9:73:E6:19,-96,88,535,535,3,0,0,0,0
706009629,NODE_B4BFE934ED80,child,8,F4:2D:C9:73:E6:19,-96,88,535,535,3,0,0,0,0
706109636,NODE_B4BFE934ED80,child,8,F4:2D:C9:73:E6:19,-96,88,535,535,3,0,0,0,0
706209624,NODE_B4BFE934ED80,child,8,F4:2D:C9:73:E6:19,-96,88,535,535,3,0,0,0,0
706309629,NODE_B4BFE934ED80,child,8,F4:2D:C9:73:E6:19,-96,88,535,535,3,0,0,0,0
706409624,NODE_B4BFE934ED80,child,8,F4:2D:C9:73:E6:19,-96,88,535,535,3,0,0,0,0
706509624,NODE_B4BFE934ED80,child,8,F4:2D:C9:73:E6:19,-96,88,535,535,3,0,0,0,0
706609629,NODE_B4BFE934ED80,child,8,F4:2D:C9:73:E6:19,-96,88,535,535,3,0,0,0,0
706709628,NODE_B4BFE934ED80,child,8,F4:2D:C9:73:E6:19,-94,88,536,536,3,0,0,0,0
706809632,NODE_B4BFE934ED80,child,8,F4:2D:C9:73:E6:19,-94,88,536,536,3,0,0,0,0
706909625,NODE_B4BFE934ED80,child,8,F4:2D:C9:73:E6:19,-94,88,536,536,3,0,0,0,0
707009628,NODE_B4BFE934ED80,child,8,F4:2D:C9:73:E6:19,-94,88,536,536,3,0,0,0,0
707109624,NODE_B4BFE934ED80,child,8,F4:2D:C9:73:E6:19,-94,88,536,536,3,0,0,0,0
707209625,NODE_B4BFE934ED80,child,8,F4:2D:C9:73:E6:19,-94,88,536,536,3,0,0,0,0
707309628,NODE_B4BFE934ED80,child,8,F4:2D:C9:73:E6:19,-94,88,536,536,3,0,0,0,0
707409624,NODE_B4BFE934ED80,child,8,F4:2D:C9:73:E6:19,-94,88,536,536,3,0,0,0,0
707509633,NODE_B4BFE934ED80,child,8,F4:2D:C9:73:E6:19,-94,88,536,536,3,0,0,0,0
707609624,NODE_B4BFE934ED80,child,8,F4:2D:C9:73:E6:19,-94,88,536,536,3,0,0,0,0
707709632,NODE_B4BFE934ED80,child,8,F4:2D:C9:73:E6:19,-97,88,537,537,3,0,0,0,0
707809625,NODE_B4BFE934ED80,child,8,F4:2D:C9:73:E6:19,-97,88,537,537,3,0,0,0,0
707909624,NODE_B4BFE934ED80,child,8,F4:2D:C9:73:E6:19,-97,88,537,537,3,0,0,0,0
708009628,NODE_B4BFE934ED80,child,8,F4:2D:C9:73:E6:19,-97,88,537,537,3,0,0,0,0
708109637,NODE_B4BFE934ED80,child,8,F4:2D:C9:73:E6:19,-97,88,537,537,3,0,0,0,0
708209624,NODE_B4BFE934ED80,child,8,F4:2D:C9:73:E6:19,-97,88,537,537,3,0,0,0,0
708309628,NODE_B4BFE934ED80,child,8,F4:2D:C9:73:E6:19,-97,88,537,537,3,0,0,0,0
708409625,NODE_B4BFE934ED80,child,8,F4:2D:C9:73:E6:19,-97,88,537,537,3,0,0,0,0
708509628,NODE_B4BFE934ED80,child,8,F4:2D:C9:73:E6:19,-97,88,537,537,3,0,0,0,0
708609636,NODE_B4BFE934ED80,child,8,F4:2D:C9:73:E6:19,-97,88,537,537,3,0,0,0,0
708709637,NODE_B4BFE934ED80,child,8,F4:2D:C9:73:E6:19,-96,88,538,538,3,0,0,0,0
708809624,NODE_B4BFE934ED80,child,8,F4:2D:C9:73:E6:19,-96,88,538,538,3,0,0,0,0
708909624,NODE_B4BFE934ED80,child,8,F4:2D:C9:73:E6:19,-96,88,538,538,3,0,0,0,0
709009629,NODE_B4BFE934ED80,child,8,F4:2D:C9:73:E6:19,-96,88,538,538,3,0,0,0,0
709109628,NODE_B4BFE934ED80,child,8,F4:2D:C9:73:E6:19,-96,88,538,538,3,0,0,0,0
709209628,NODE_B4BFE934ED80,child,8,F4:2D:C9:73:E6:19,-96,88,538,538,3,0,0,0,0
709309641,NODE_B4BFE934ED80,child,8,F4:2D:C9:73:E6:19,-96,88,538,538,3,0,0,0,0
709409624,NODE_B4BFE934ED80,child,8,F4:2D:C9:73:E6:19,-96,88,538,538,3,0,0,0,0
709509628,NODE_B4BFE934ED80,child,8,F4:2D:C9:73:E6:19,-96,88,538,538,3,0,0,0,0
709609629,NODE_B4BFE934ED80,child,8,F4:2D:C9:73:E6:19,-96,88,538,538,3,0,0,0,0
709709636,NODE_B4BFE934ED80,child,8,F4:2D:C9:73:E6:19,-96,88,539,539,3,0,0,0,0
709809636,NODE_B4BFE934ED80,child,8,F4:2D:C9:73:E6:19,-93,88,539,539,3,0,0,0,0
709909625,NODE_B4BFE934ED80,child,8,F4:2D:C9:73:E6:19,-93,88,539,539,3,0,0,0,0
710009636,NODE_B4BFE934ED80,child,8,F4:2D:C9:73:E6:19,-93,88,539,539,3,0,0,0,0
710109624,NODE_B4BFE934ED80,child,8,F4:2D:C9:73:E6:19,-93,88,539,539,3,0,0,0,0
710209625,NODE_B4BFE934ED80,child,8,F4:2D:C9:73:E6:19,-93,88,539,539,3,0,0,0,0
710309624,NODE_B4BFE934ED80,child,8,F4:2D:C9:73:E6:19,-93,88,539,539,3,0,0,0,0
710409628,NODE_B4BFE934ED80,child,8,F4:2D:C9:73:E6:19,-93,88,539,539,3,0,0,0,0
710509625,NODE_B4BFE934ED80,child,8,F4:2D:C9:73:E6:19,-93,88,539,539,3,0,0,0,0
710609632,NODE_B4BFE934ED80,child,8,F4:2D:C9:73:E6:19,-93,88,539,539,3,0,0,0,0
710709628,NODE_B4BFE934ED80,child,8,F4:2D:C9:73:E6:19,-93,88,539,539,3,0,0,0,0
710809633,NODE_B4BFE934ED80,child,8,F4:2D:C9:73:E6:19,-93,88,539,539,3,0,0,0,0
710909633,NODE_B4BFE934ED80,child,8,F4:2D:C9:73:E6:19,-93,88,539,539,3,0,0,0,0
711009632,NODE_B4BFE934ED80,child,8,F4:2D:C9:73:E6:19,-93,88,539,539,3,0,0,0,0
711109629,NODE_B4BFE934ED80,child,8,F4:2D:C9:73:E6:19,-93,88,540,540,3,0,0,0,0
711209628,NODE_B4BFE934ED80,child,8,F4:2D:C9:73:E6:19,-93,88,540,540,3,0,0,0,0
711309636,NODE_B4BFE934ED80,child,8,F4:2D:C9:73:E6:19,-93,88,540,540,3,0,0,0,0
711409637,NODE_B4BFE934ED80,child,8,F4:2D:C9:73:E6:19,-93,88,540,540,3,0,0,0,0
711509624,NODE_B4BFE934ED80,child,8,F4:2D:C9:73:E6:19,-93,88,540,540,3,0,0,0,0
711609624,NODE_B4BFE934ED80,child,8,F4:2D:C9:73:E6:19,-93,88,540,540,3,0,0,0,0
711709625,NODE_B4BFE934ED80,child,8,F4:2D:C9:73:E6:19,-93,88,540,540,3,0,0,0,0
711809632,NODE_B4BFE934ED80,child,8,F4:2D:C9:73:E6:19,-95,88,540,540,3,0,0,0,0
711909624,NODE_B4BFE934ED80,child,8,F4:2D:C9:73:E6:19,-95,88,540,540,3,0,0,0,0
712009633,NODE_B4BFE934ED80,child,8,F4:2D:C9:73:E6:19,-95,88,540,540,3,0,0,0,0
712109628,NODE_B4BFE934ED80,child,8,F4:2D:C9:73:E6:19,-95,88,540,540,3,0,0,0,0
712209624,NODE_B4BFE934ED80,child,8,F4:2D:C9:73:E6:19,-95,88,540,540,3,0,0,0,0
712309625,NODE_B4BFE934ED80,child,8,F4:2D:C9:73:E6:19,-95,88,540,540,3,0,0,0,0
712409632,NODE_B4BFE934ED80,child,8,F4:2D:C9:73:E6:19,-95,88,540,540,3,0,0,0,0
712509624,NODE_B4BFE934ED80,child,8,F4:2D:C9:73:E6:19,-95,88,540,540,3,0,0,0,0
712609633,NODE_B4BFE934ED80,child,8,F4:2D:C9:73:E6:19,-95,88,540,540,3,0,0,0,0
712709628,NODE_B4BFE934ED80,child,8,F4:2D:C9:73:E6:19,-95,88,540,540,3,0,0,0,0
712809636,NODE_B4BFE934ED80,child,8,F4:2D:C9:73:E6:19,-95,88,540,540,3,0,0,0,0
712909625,NODE_B4BFE934ED80,child,8,F4:2D:C9:73:E6:19,-95,88,540,540,3,0,0,0,0
713009628,NODE_B4BFE934ED80,child,8,F4:2D:C9:73:E6:19,-95,88,540,540,3,0,0,0,0
713109624,NODE_B4BFE934ED80,child,8,F4:2D:C9:73:E6:19,-95,88,540,540,3,0,0,0,0
713209625,NODE_B4BFE934ED80,child,8,F4:2D:C9:73:E6:19,-95,88,540,540,3,0,0,0,0
713309640,NODE_B4BFE934ED80,child,8,F4:2D:C9:73:E6:19,-95,88,541,541,3,0,0,0,0
713409628,NODE_B4BFE934ED80,child,8,F4:2D:C9:73:E6:19,-95,88,541,541,3,0,0,0,0
713509625,NODE_B4BFE934ED80,child,8,F4:2D:C9:73:E6:19,-95,88,541,541,3,0,0,0,0
713609624,NODE_B4BFE934ED80,child,8,F4:2D:C9:73:E6:19,-95,88,541,541,3,0,0,0,0
713709628,NODE_B4BFE934ED80,child,8,F4:2D:C9:73:E6:19,-95,88,541,541,3,0,0,0,0
713810404,NODE_B4BFE934ED80,child,8,F4:2D:C9:73:E6:19,-98,88,541,541,3,0,0,0,0
713909632,NODE_B4BFE934ED80,child,8,F4:2D:C9:73:E6:19,-98,88,541,541,3,0,0,0,0
714009632,NODE_B4BFE934ED80,child,8,F4:2D:C9:73:E6:19,-98,88,541,541,3,0,0,0,0
714109625,NODE_B4BFE934ED80,child,8,F4:2D:C9:73:E6:19,-98,88,541,541,3,0,0,0,0
714209624,NODE_B4BFE934ED80,child,8,F4:2D:C9:73:E6:19,-98,88,541,541,3,0,0,0,0
714309656,NODE_B4BFE934ED80,child,8,F4:2D:C9:73:E6:19,-98,88,541,541,3,0,0,0,0
714409633,NODE_B4BFE934ED80,child,8,F4:2D:C9:73:E6:19,-98,88,542,542,3,0,0,0,0
714509632,NODE_B4BFE934ED80,child,8,F4:2D:C9:73:E6:19,-98,88,542,542,3,0,0,0,0
714609636,NODE_B4BFE934ED80,child,8,F4:2D:C9:73:E6:19,-98,88,542,542,3,0,0,0,0
714709625,NODE_B4BFE934ED80,child,8,F4:2D:C9:73:E6:19,-98,88,542,542,3,0,0,0,0
714809628,NODE_B4BFE934ED80,child,8,F4:2D:C9:73:E6:19,-98,88,542,542,3,0,0,0,0
714909636,NODE_B4BFE934ED80,child,8,F4:2D:C9:73:E6:19,-92,88,542,542,3,0,0,0,0
715009629,NODE_B4BFE934ED80,child,8,F4:2D:C9:73:E6:19,-92,88,542,542,3,0,0,0,0
715109632,NODE_B4BFE934ED80,child,8,F4:2D:C9:73:E6:19,-92,88,542,542,3,0,0,0,0
715209624,NODE_B4BFE934ED80,child,8,F4:2D:C9:73:E6:19,-92,88,542,542,3,0,0,0,0
715309625,NODE_B4BFE934ED80,child,8,F4:2D:C9:73:E6:19,-92,88,542,542,3,0,0,0,0
715409628,NODE_B4BFE934ED80,child,8,F4:2D:C9:73:E6:19,-92,88,543,543,3,0,0,0,0
715509632,NODE_B4BFE934ED80,child,8,F4:2D:C9:73:E6:19,-92,88,543,543,3,0,0,0,0
715609625,NODE_B4BFE934ED80,child,8,F4:2D:C9:73:E6:19,-92,88,543,543,3,0,0,0,0
715709624,NODE_B4BFE934ED80,child,8,F4:2D:C9:73:E6:19,-92,88,543,543,3,0,0,0,0
715809636,NODE_B4BFE934ED80,child,8,F4:2D:C9:73:E6:19,-92,88,543,543,3,0,0,0,0
715909633,NODE_B4BFE934ED80,child,8,F4:2D:C9:73:E6:19,-94,88,543,543,3,0,0,0,0
716009628,NODE_B4BFE934ED80,child,8,F4:2D:C9:73:E6:19,-94,88,543,543,3,0,0,0,0
716109628,NODE_B4BFE934ED80,child,8,F4:2D:C9:73:E6:19,-94,88,543,543,3,0,0,0,0
716209625,NODE_B4BFE934ED80,child,8,F4:2D:C9:73:E6:19,-94,88,543,543,3,0,0,0,0
716309624,NODE_B4BFE934ED80,child,8,F4:2D:C9:73:E6:19,-94,88,543,543,3,0,0,0,0
716409628,NODE_B4BFE934ED80,child,8,F4:2D:C9:73:E6:19,-94,88,544,544,3,0,0,0,0
716509641,NODE_B4BFE934ED80,child,8,F4:2D:C9:73:E6:19,-94,88,544,544,3,0,0,0,0
716609624,NODE_B4BFE934ED80,child,8,F4:2D:C9:73:E6:19,-94,88,544,544,3,0,0,0,0
716709624,NODE_B4BFE934ED80,child,8,F4:2D:C9:73:E6:19,-94,88,544,544,3,0,0,0,0
716809625,NODE_B4BFE934ED80,child,8,F4:2D:C9:73:E6:19,-94,88,544,544,3,0,0,0,0
716909636,NODE_B4BFE934ED80,child,8,F4:2D:C9:73:E6:19,-94,88,544,544,3,0,0,0,0
717009628,NODE_B4BFE934ED80,child,8,F4:2D:C9:73:E6:19,-94,88,544,544,3,0,0,0,0
717109637,NODE_B4BFE934ED80,child,8,F4:2D:C9:73:E6:19,-94,88,544,544,3,0,0,0,0
717209624,NODE_B4BFE934ED80,child,8,F4:2D:C9:73:E6:19,-94,88,544,544,3,0,0,0,0
717309624,NODE_B4BFE934ED80,child,8,F4:2D:C9:73:E6:19,-94,88,544,544,3,0,0,0,0
717409629,NODE_B4BFE934ED80,child,8,F4:2D:C9:73:E6:19,-94,88,545,545,3,0,0,0,0
717509632,NODE_B4BFE934ED80,child,8,F4:2D:C9:73:E6:19,-94,88,545,545,3,0,0,0,0
717609624,NODE_B4BFE934ED80,child,8,F4:2D:C9:73:E6:19,-94,88,545,545,3,0,0,0,0
717709629,NODE_B4BFE934ED80,child,8,F4:2D:C9:73:E6:19,-94,88,545,545,3,0,0,0,0
717809636,NODE_B4BFE934ED80,child,8,F4:2D:C9:73:E6:19,-94,88,545,545,3,0,0,0,0
717909628,NODE_B4BFE934ED80,child,8,F4:2D:C9:73:E6:19,-94,88,545,545,3,0,0,0,0
718009629,NODE_B4BFE934ED80,child,8,F4:2D:C9:73:E6:19,-94,88,545,545,3,0,0,0,0
718109624,NODE_B4BFE934ED80,child,8,F4:2D:C9:73:E6:19,-94,88,545,545,3,0,0,0,0
718209624,NODE_B4BFE934ED80,child,8,F4:2D:C9:73:E6:19,-94,88,545,545,3,0,0,0,0
718309625,NODE_B4BFE934ED80,child,8,F4:2D:C9:73:E6:19,-94,88,545,545,3,0,0,0,0
718409628,NODE_B4BFE934ED80,child,8,F4:2D:C9:73:E6:19,-94,88,546,546,3,0,0,0,0
718509636,NODE_B4BFE934ED80,child,8,F4:2D:C9:73:E6:19,-94,88,546,546,3,0,0,0,0
718609629,NODE_B4BFE934ED80,child,8,F4:2D:C9:73:E6:19,-94,88,546,546,3,0,0,0,0
718709628,NODE_B4BFE934ED80,child,8,F4:2D:C9:73:E6:19,-94,88,546,546,3,0,0,0,0
718809632,NODE_B4BFE934ED80,child,8,F4:2D:C9:73:E6:19,-94,88,546,546,3,0,0,0,0
718909625,NODE_B4BFE934ED80,child,8,F4:2D:C9:73:E6:19,-94,88,546,546,3,0,0,0,0
719009636,NODE_B4BFE934ED80,child,8,F4:2D:C9:73:E6:19,-99,88,546,546,3,0,0,0,0
719109636,NODE_B4BFE934ED80,child,8,F4:2D:C9:73:E6:19,-99,88,546,546,3,0,0,0,0
719209625,NODE_B4BFE934ED80,child,8,F4:2D:C9:73:E6:19,-99,88,546,546,3,0,0,0,0
719309624,NODE_B4BFE934ED80,child,8,F4:2D:C9:73:E6:19,-99,88,546,546,3,0,0,0,0
719409632,NODE_B4BFE934ED80,child,8,F4:2D:C9:73:E6:19,-99,88,547,547,3,0,0,0,0
719509625,NODE_B4BFE934ED80,child,8,F4:2D:C9:73:E6:19,-99,88,547,547,3,0,0,0,0
719609632,NODE_B4BFE934ED80,child,8,F4:2D:C9:73:E6:19,-99,88,547,547,3,0,0,0,0
719709628,NODE_B4BFE934ED80,child,8,F4:2D:C9:73:E6:19,-99,88,547,547,3,0,0,0,0
719809637,NODE_B4BFE934ED80,child,8,F4:2D:C9:73:E6:19,-99,88,547,547,3,0,0,0,0
719909624,NODE_B4BFE934ED80,child,8,F4:2D:C9:73:E6:19,-99,88,547,547,3,0,0,0,0
720009632,NODE_B4BFE934ED80,child,8,F4:2D:C9:73:E6:19,-99,88,547,547,3,0,0,0,0
720109625,NODE_B4BFE934ED80,child,8,F4:2D:C9:73:E6:19,-99,88,547,547,3,0,0,0,0
720209624,NODE_B4BFE934ED80,child,8,F4:2D:C9:73:E6:19,-99,88,547,547,3,0,0,0,0
720309624,NODE_B4BFE934ED80,child,8,F4:2D:C9:73:E6:19,-99,88,547,547,3,0,0,0,0
720409629,NODE_B4BFE934ED80,child,8,F4:2D:C9:73:E6:19,-99,88,547,547,3,0,0,0,0
720509632,NODE_B4BFE934ED80,child,8,F4:2D:C9:73:E6:19,-99,88,548,548,3,0,0,0,0
720609636,NODE_B4BFE934ED80,child,8,F4:2D:C9:73:E6:19,-99,88,548,548,3,0,0,0,0
720709625,NODE_B4BFE934ED80,child,8,F4:2D:C9:73:E6:19,-99,88,548,548,3,0,0,0,0
720809628,NODE_B4BFE934ED80,child,8,F4:2D:C9:73:E6:19,-99,88,548,548,3,0,0,0,0
720909624,NODE_B4BFE934ED80,child,8,F4:2D:C9:73:E6:19,-99,88,548,548,3,0,0,0,0
721009637,NODE_B4BFE934ED80,child,8,F4:2D:C9:73:E6:19,-99,88,548,548,3,0,0,0,0
721109628,NODE_B4BFE934ED80,child,8,F4:2D:C9:73:E6:19,-99,88,548,548,3,0,0,0,0
721209624,NODE_B4BFE934ED80,child,8,F4:2D:C9:73:E6:19,-99,88,548,548,3,0,0,0,0
721309625,NODE_B4BFE934ED80,child,8,F4:2D:C9:73:E6:19,-99,88,548,548,3,0,0,0,0
721410402,NODE_B4BFE934ED80,child,8,F4:2D:C9:73:E6:19,-99,88,548,548,3,0,0,0,0
721509624,NODE_B4BFE934ED80,child,8,F4:2D:C9:73:E6:19,-99,88,549,549,3,0,0,0,0
721609641,NODE_B4BFE934ED80,child,8,F4:2D:C9:73:E6:19,-99,88,549,549,3,0,0,0,0
721709624,NODE_B4BFE934ED80,child,8,F4:2D:C9:73:E6:19,-99,88,549,549,3,0,0,0,0
721809628,NODE_B4BFE934ED80,child,8,F4:2D:C9:73:E6:19,-99,88,549,549,3,0,0,0,0
721909633,NODE_B4BFE934ED80,child,8,F4:2D:C9:73:E6:19,-99,88,549,549,3,0,0,0,0
722009628,NODE_B4BFE934ED80,child,8,F4:2D:C9:73:E6:19,-99,88,549,549,3,0,0,0,0
722109628,NODE_B4BFE934ED80,child,8,F4:2D:C9:73:E6:19,-99,88,549,549,3,0,0,0,0
722209625,NODE_B4BFE934ED80,child,8,F4:2D:C9:73:E6:19,-99,88,549,549,3,0,0,0,0
722309636,NODE_B4BFE934ED80,child,8,F4:2D:C9:73:E6:19,-99,88,549,549,3,0,0,0,0
722409624,NODE_B4BFE934ED80,child,8,F4:2D:C9:73:E6:19,-99,88,549,549,3,0,0,0,0
722509629,NODE_B4BFE934ED80,child,8,F4:2D:C9:73:E6:19,-99,88,550,550,3,0,0,0,0
722609624,NODE_B4BFE934ED80,child,8,F4:2D:C9:73:E6:19,-99,88,550,550,3,0,0,0,0
722709632,NODE_B4BFE934ED80,child,8,F4:2D:C9:73:E6:19,-99,88,550,550,3,0,0,0,0
722809629,NODE_B4BFE934ED80,child,8,F4:2D:C9:73:E6:19,-99,88,550,550,3,0,0,0,0
722909624,NODE_B4BFE934ED80,child,8,F4:2D:C9:73:E6:19,-99,88,550,550,3,0,0,0,0
723009636,NODE_B4BFE934ED80,child,8,F4:2D:C9:73:E6:19,-99,88,550,550,3,0,0,0,0
723109629,NODE_B4BFE934ED80,child,8,F4:2D:C9:73:E6:19,-99,88,550,550,3,0,0,0,0
723209624,NODE_B4BFE934ED80,child,8,F4:2D:C9:73:E6:19,-99,88,550,550,3,0,0,0,0
723309624,NODE_B4BFE934ED80,child,8,F4:2D:C9:73:E6:19,-99,88,550,550,3,0,0,0,0
723409625,NODE_B4BFE934ED80,child,8,F4:2D:C9:73:E6:19,-99,88,550,550,3,0,0,0,0
723509628,NODE_B4BFE934ED80,child,8,F4:2D:C9:73:E6:19,-99,88,551,551,3,0,0,0,0
723609632,NODE_B4BFE934ED80,child,8,F4:2D:C9:73:E6:19,-99,88,551,551,3,0,0,0,0
723709629,NODE_B4BFE934ED80,child,8,F4:2D:C9:73:E6:19,-99,88,551,551,3,0,0,0,0
723809624,NODE_B4BFE934ED80,child,8,F4:2D:C9:73:E6:19,-99,88,551,551,3,0,0,0,0
723909624,NODE_B4BFE934ED80,child,8,F4:2D:C9:73:E6:19,-99,88,551,551,3,0,0,0,0
724009633,NODE_B4BFE934ED80,child,8,F4:2D:C9:73:E6:19,-99,88,551,551,3,0,0,0,0
724109632,NODE_B4BFE934ED80,child,8,F4:2D:C9:73:E6:19,-96,88,551,551,3,0,0,0,0
724209624,NODE_B4BFE934ED80,child,8,F4:2D:C9:73:E6:19,-96,88,551,551,3,0,0,0,0
724309633,NODE_B4BFE934ED80,child,8,F4:2D:C9:73:E6:19,-96,88,551,551,3,0,0,0,0
724409624,NODE_B4BFE934ED80,child,8,F4:2D:C9:73:E6:19,-96,88,551,551,3,0,0,0,0
724509624,NODE_B4BFE934ED80,child,8,F4:2D:C9:73:E6:19,-96,88,552,552,3,0,0,0,0
724609629,NODE_B4BFE934ED80,child,8,F4:2D:C9:73:E6:19,-96,88,552,552,3,0,0,0,0
724709632,NODE_B4BFE934ED80,child,8,F4:2D:C9:73:E6:19,-96,88,552,552,3,0,0,0,0
724809628,NODE_B4BFE934ED80,child,8,F4:2D:C9:73:E6:19,-96,88,552,552,3,0,0,0,0
724909625,NODE_B4BFE934ED80,child,8,F4:2D:C9:73:E6:19,-96,88,552,552,3,0,0,0,0
725009636,NODE_B4BFE934ED80,child,8,F4:2D:C9:73:E6:19,-96,88,552,552,3,0,0,0,0
725109628,NODE_B4BFE934ED80,child,8,F4:2D:C9:73:E6:19,-96,88,552,552,3,0,0,0,0
725209625,NODE_B4BFE934ED80,child,8,F4:2D:C9:73:E6:19,-96,88,552,552,3,0,0,0,0
725309624,NODE_B4BFE934ED80,child,8,F4:2D:C9:73:E6:19,-96,88,552,552,3,0,0,0,0
725409641,NODE_B4BFE934ED80,child,8,F4:2D:C9:73:E6:19,-96,88,552,552,3,0,0,0,0
725509629,NODE_B4BFE934ED80,child,8,F4:2D:C9:73:E6:19,-96,88,553,553,3,0,0,0,0
725609636,NODE_B4BFE934ED80,child,8,F4:2D:C9:73:E6:19,-96,88,553,553,3,0,0,0,0
725709628,NODE_B4BFE934ED80,child,8,F4:2D:C9:73:E6:19,-96,88,553,553,3,0,0,0,0
725809625,NODE_B4BFE934ED80,child,8,F4:2D:C9:73:E6:19,-96,88,553,553,3,0,0,0,0
725909624,NODE_B4BFE934ED80,child,8,F4:2D:C9:73:E6:19,-96,88,553,553,3,0,0,0,0
726009632,NODE_B4BFE934ED80,child,8,F4:2D:C9:73:E6:19,-96,88,553,553,3,0,0,0,0
726109641,NODE_B4BFE934ED80,child,8,F4:2D:C9:73:E6:19,-98,88,553,553,3,0,0,0,0
726209624,NODE_B4BFE934ED80,child,8,F4:2D:C9:73:E6:19,-98,88,553,553,3,0,0,0,0
726309628,NODE_B4BFE934ED80,child,8,F4:2D:C9:73:E6:19,-98,88,553,553,3,0,0,0,0
726409625,NODE_B4BFE934ED80,child,8,F4:2D:C9:73:E6:19,-98,88,553,553,3,0,0,0,0
726509624,NODE_B4BFE934ED80,child,8,F4:2D:C9:73:E6:19,-98,88,554,554,3,0,0,0,0
726609624,NODE_B4BFE934ED80,child,8,F4:2D:C9:73:E6:19,-98,88,554,554,3,0,0,0,0
726709625,NODE_B4BFE934ED80,child,8,F4:2D:C9:73:E6:19,-98,88,554,554,3,0,0,0,0
726809636,NODE_B4BFE934ED80,child,8,F4:2D:C9:73:E6:19,-98,88,554,554,3,0,0,0,0
726909624,NODE_B4BFE934ED80,child,8,F4:2D:C9:73:E6:19,-98,88,554,554,3,0,0,0,0
727009629,NODE_B4BFE934ED80,child,8,F4:2D:C9:73:E6:19,-98,88,554,554,3,0,0,0,0
727109628,NODE_B4BFE934ED80,child,8,F4:2D:C9:73:E6:19,-98,88,554,554,3,0,0,0,0
727209632,NODE_B4BFE934ED80,child,8,F4:2D:C9:73:E6:19,-98,88,554,554,3,0,0,0,0
727309625,NODE_B4BFE934ED80,child,8,F4:2D:C9:73:E6:19,-98,88,554,554,3,0,0,0,0
727409624,NODE_B4BFE934ED80,child,8,F4:2D:C9:73:E6:19,-98,88,554,554,3,0,0,0,0
727509632,NODE_B4BFE934ED80,child,8,F4:2D:C9:73:E6:19,-98,88,554,554,3,0,0,0,0
727609625,NODE_B4BFE934ED80,child,8,F4:2D:C9:73:E6:19,-98,88,555,555,3,0,0,0,0
727709628,NODE_B4BFE934ED80,child,8,F4:2D:C9:73:E6:19,-98,88,555,555,3,0,0,0,0
727809636,NODE_B4BFE934ED80,child,8,F4:2D:C9:73:E6:19,-98,88,555,555,3,0,0,0,0
727909625,NODE_B4BFE934ED80,child,8,F4:2D:C9:73:E6:19,-98,88,555,555,3,0,0,0,0
728009628,NODE_B4BFE934ED80,child,8,F4:2D:C9:73:E6:19,-98,88,555,555,3,0,0,0,0
728109636,NODE_B4BFE934ED80,child,8,F4:2D:C9:73:E6:19,-98,88,555,555,3,0,0,0,0
728209633,NODE_B4BFE934ED80,child,8,F4:2D:C9:73:E6:19,-93,88,555,555,3,0,0,0,0
728309624,NODE_B4BFE934ED80,child,8,F4:2D:C9:73:E6:19,-93,88,555,555,3,0,0,0,0
728409624,NODE_B4BFE934ED80,child,8,F4:2D:C9:73:E6:19,-93,88,555,555,3,0,0,0,0
728510390,NODE_B4BFE934ED80,child,8,F4:2D:C9:73:E6:19,-93,88,555,555,3,0,0,0,0
728609628,NODE_B4BFE934ED80,child,8,F4:2D:C9:73:E6:19,-93,88,556,556,3,0,0,0,0
728709624,NODE_B4BFE934ED80,child,8,F4:2D:C9:73:E6:19,-93,88,556,556,3,0,0,0,0
728809641,NODE_B4BFE934ED80,child,8,F4:2D:C9:73:E6:19,-93,88,556,556,3,0,0,0,0
728909624,NODE_B4BFE934ED80,child,8,F4:2D:C9:73:E6:19,-93,88,556,556,3,0,0,0,0
729009628,NODE_B4BFE934ED80,child,8,F4:2D:C9:73:E6:19,-93,88,556,556,3,0,0,0,0
729109625,NODE_B4BFE934ED80,child,8,F4:2D:C9:73:E6:19,-93,88,556,556,3,0,0,0,0
729209636,NODE_B4BFE934ED80,child,8,F4:2D:C9:73:E6:19,-97,88,556,556,3,0,0,0,0
729309628,NODE_B4BFE934ED80,child,8,F4:2D:C9:73:E6:19,-97,88,556,556,3,0,0,0,0
729409629,NODE_B4BFE934ED80,child,8,F4:2D:C9:73:E6:19,-97,88,556,556,3,0,0,0,0
729509636,NODE_B4BFE934ED80,child,8,F4:2D:C9:73:E6:19,-97,88,556,556,3,0,0,0,0
729609624,NODE_B4BFE934ED80,child,8,F4:2D:C9:73:E6:19,-97,88,557,557,3,0,0,0,0
729709625,NODE_B4BFE934ED80,child,8,F4:2D:C9:73:E6:19,-97,88,557,557,3,0,0,0,0
729809632,NODE_B4BFE934ED80,child,8,F4:2D:C9:73:E6:19,-97,88,557,557,3,0,0,0,0
729909624,NODE_B4BFE934ED80,child,8,F4:2D:C9:73:E6:19,-97,88,557,557,3,0,0,0,0
730009629,NODE_B4BFE934ED80,child,8,F4:2D:C9:73:E6:19,-97,88,557,557,3,0,0,0,0
730109632,NODE_B4BFE934ED80,child,8,F4:2D:C9:73:E6:19,-97,88,557,557,3,0,0,0,0
730209628,NODE_B4BFE934ED80,child,8,F4:2D:C9:73:E6:19,-92,88,557,557,3,0,0,0,0
730309629,NODE_B4BFE934ED80,child,8,F4:2D:C9:73:E6:19,-92,88,557,557,3,0,0,0,0
730409624,NODE_B4BFE934ED80,child,8,F4:2D:C9:73:E6:19,-92,88,557,557,3,0,0,0,0
730509624,NODE_B4BFE934ED80,child,8,F4:2D:C9:73:E6:19,-92,88,557,557,3,0,0,0,0
730609629,NODE_B4BFE934ED80,child,8,F4:2D:C9:73:E6:19,-92,88,558,558,3,0,0,0,0
730709624,NODE_B4BFE934ED80,child,8,F4:2D:C9:73:E6:19,-92,88,558,558,3,0,0,0,0
730809640,NODE_B4BFE934ED80,child,8,F4:2D:C9:73:E6:19,-92,88,558,558,3,0,0,0,0
730909625,NODE_B4BFE934ED80,child,8,F4:2D:C9:73:E6:19,-92,88,558,558,3,0,0,0,0
731009632,NODE_B4BFE934ED80,child,8,F4:2D:C9:73:E6:19,-92,88,558,558,3,0,0,0,0
731109628,NODE_B4BFE934ED80,child,8,F4:2D:C9:73:E6:19,-92,88,558,558,3,0,0,0,0
731209629,NODE_B4BFE934ED80,child,8,F4:2D:C9:73:E6:19,-92,88,558,558,3,0,0,0,0
731309640,NODE_B4BFE934ED80,child,8,F4:2D:C9:73:E6:19,-94,88,558,558,3,0,0,0,0
731409624,NODE_B4BFE934ED80,child,8,F4:2D:C9:73:E6:19,-94,88,558,558,3,0,0,0,0
731509637,NODE_B4BFE934ED80,child,8,F4:2D:C9:73:E6:19,-94,88,558,558,3,0,0,0,0
731609624,NODE_B4BFE934ED80,child,8,F4:2D:C9:73:E6:19,-94,88,559,559,3,0,0,0,0
731709624,NODE_B4BFE934ED80,child,8,F4:2D:C9:73:E6:19,-94,88,559,559,3,0,0,0,0
731809625,NODE_B4BFE934ED80,child,8,F4:2D:C9:73:E6:19,-94,88,559,559,3,0,0,0,0
731909632,NODE_B4BFE934ED80,child,8,F4:2D:C9:73:E6:19,-94,88,559,559,3,0,0,0,0
732009632,NODE_B4BFE934ED80,child,8,F4:2D:C9:73:E6:19,-94,88,559,559,3,0,0,0,0
732109625,NODE_B4BFE934ED80,child,8,F4:2D:C9:73:E6:19,-94,88,559,559,3,0,0,0,0
732209624,NODE_B4BFE934ED80,child,8,F4:2D:C9:73:E6:19,-94,88,559,559,3,0,0,0,0
732309628,NODE_B4BFE934ED80,child,8,F4:2D:C9:73:E6:19,-94,88,559,559,3,0,0,0,0
732409625,NODE_B4BFE934ED80,child,8,F4:2D:C9:73:E6:19,-94,88,559,559,3,0,0,0,0
732509628,NODE_B4BFE934ED80,child,8,F4:2D:C9:73:E6:19,-94,88,559,559,3,0,0,0,0
732609632,NODE_B4BFE934ED80,child,8,F4:2D:C9:73:E6:19,-94,88,559,559,3,0,0,0,0
732709629,NODE_B4BFE934ED80,child,8,F4:2D:C9:73:E6:19,-94,88,560,560,3,0,0,0,0
732809628,NODE_B4BFE934ED80,child,8,F4:2D:C9:73:E6:19,-94,88,560,560,3,0,0,0,0
732909628,NODE_B4BFE934ED80,child,8,F4:2D:C9:73:E6:19,-94,88,560,560,3,0,0,0,0
733009629,NODE_B4BFE934ED80,child,8,F4:2D:C9:73:E6:19,-94,88,560,560,3,0,0,0,0
733109624,NODE_B4BFE934ED80,child,8,F4:2D:C9:73:E6:19,-94,88,560,560,3,0,0,0,0
733209628,NODE_B4BFE934ED80,child,8,F4:2D:C9:73:E6:19,-94,88,560,560,3,0,0,0,0
733309637,NODE_B4BFE934ED80,child,8,F4:2D:C9:73:E6:19,-94,88,560,560,3,0,0,0,0
733409624,NODE_B4BFE934ED80,child,8,F4:2D:C9:73:E6:19,-94,88,560,560,3,0,0,0,0
733509624,NODE_B4BFE934ED80,child,8,F4:2D:C9:73:E6:19,-94,88,560,560,3,0,0,0,0
733609625,NODE_B4BFE934ED80,child,8,F4:2D:C9:73:E6:19,-94,88,560,560,3,0,0,0,0
733709799,NODE_B4BFE934ED80,child,8,F4:2D:C9:73:E6:19,-94,88,561,561,3,0,0,0,0
733809628,NODE_B4BFE934ED80,child,8,F4:2D:C9:73:E6:19,-94,88,561,561,3,0,0,0,0
733909629,NODE_B4BFE934ED80,child,8,F4:2D:C9:73:E6:19,-94,88,561,561,3,0,0,0,0
734009632,NODE_B4BFE934ED80,child,8,F4:2D:C9:73:E6:19,-94,88,561,561,3,0,0,0,0
734109628,NODE_B4BFE934ED80,child,8,F4:2D:C9:73:E6:19,-94,88,561,561,3,0,0,0,0
734209625,NODE_B4BFE934ED80,child,8,F4:2D:C9:73:E6:19,-94,88,561,561,3,0,0,0,0
734309636,NODE_B4BFE934ED80,child,8,F4:2D:C9:73:E6:19,-94,88,561,561,3,0,0,0,0
734409624,NODE_B4BFE934ED80,child,8,F4:2D:C9:73:E6:19,-94,88,561,561,3,0,0,0,0
734509625,NODE_B4BFE934ED80,child,8,F4:2D:C9:73:E6:19,-94,88,561,561,3,0,0,0,0
734609636,NODE_B4BFE934ED80,child,8,F4:2D:C9:73:E6:19,-94,88,561,561,3,0,0,0,0
734710397,NODE_B4BFE934ED80,child,8,F4:2D:C9:73:E6:19,-94,88,561,561,3,0,0,0,0
734809629,NODE_B4BFE934ED80,child,8,F4:2D:C9:73:E6:19,-94,88,562,562,3,0,0,0,0
734909632,NODE_B4BFE934ED80,child,8,F4:2D:C9:73:E6:19,-94,88,562,562,3,0,0,0,0
735009628,NODE_B4BFE934ED80,child,8,F4:2D:C9:73:E6:19,-94,88,562,562,3,0,0,0,0
735109625,NODE_B4BFE934ED80,child,8,F4:2D:C9:73:E6:19,-94,88,562,562,3,0,0,0,0
735209624,NODE_B4BFE934ED80,child,8,F4:2D:C9:73:E6:19,-94,88,562,562,3,0,0,0,0
735309632,NODE_B4BFE934ED80,child,8,F4:2D:C9:73:E6:19,-94,88,562,562,3,0,0,0,0
735409629,NODE_B4BFE934ED80,child,8,F4:2D:C9:73:E6:19,-94,88,562,562,3,0,0,0,0
735509624,NODE_B4BFE934ED80,child,8,F4:2D:C9:73:E6:19,-94,88,562,562,3,0,0,0,0
735609624,NODE_B4BFE934ED80,child,8,F4:2D:C9:73:E6:19,-94,88,562,562,3,0,0,0,0
735710386,NODE_B4BFE934ED80,child,8,F4:2D:C9:73:E6:19,-94,88,562,562,3,0,0,0,0
735809628,NODE_B4BFE934ED80,child,8,F4:2D:C9:73:E6:19,-94,88,563,563,3,0,0,0,0
735909624,NODE_B4BFE934ED80,child,8,F4:2D:C9:73:E6:19,-94,88,563,563,3,0,0,0,0
736009637,NODE_B4BFE934ED80,child,8,F4:2D:C9:73:E6:19,-94,88,563,563,3,0,0,0,0
736109628,NODE_B4BFE934ED80,child,8,F4:2D:C9:73:E6:19,-94,88,563,563,3,0,0,0,0
736209628,NODE_B4BFE934ED80,child,8,F4:2D:C9:73:E6:19,-94,88,563,563,3,0,0,0,0
736309625,NODE_B4BFE934ED80,child,8,F4:2D:C9:73:E6:19,-94,88,563,563,3,0,0,0,0
736409636,NODE_B4BFE934ED80,child,8,F4:2D:C9:73:E6:19,-94,88,563,563,3,0,0,0,0
736509624,NODE_B4BFE934ED80,child,8,F4:2D:C9:73:E6:19,-94,88,563,563,3,0,0,0,0
736609637,NODE_B4BFE934ED80,child,8,F4:2D:C9:73:E6:19,-94,88,563,563,3,0,0,0,0
736709624,NODE_B4BFE934ED80,child,8,F4:2D:C9:73:E6:19,-94,88,563,563,3,0,0,0,0
736809628,NODE_B4BFE934ED80,child,8,F4:2D:C9:73:E6:19,-94,88,564,564,3,0,0,0,0
736909625,NODE_B4BFE934ED80,child,8,F4:2D:C9:73:E6:19,-94,88,564,564,3,0,0,0,0
737009636,NODE_B4BFE934ED80,child,8,F4:2D:C9:73:E6:19,-94,88,564,564,3,0,0,0,0
737109624,NODE_B4BFE934ED80,child,8,F4:2D:C9:73:E6:19,-94,88,564,564,3,0,0,0,0
737209625,NODE_B4BFE934ED80,child,8,F4:2D:C9:73:E6:19,-94,88,564,564,3,0,0,0,0
737309632,NODE_B4BFE934ED80,child,8,F4:2D:C9:73:E6:19,-94,88,564,564,3,0,0,0,0
737409636,NODE_B4BFE934ED80,child,8,F4:2D:C9:73:E6:19,-100,88,564,564,3,0,0,0,0
737509625,NODE_B4BFE934ED80,child,8,F4:2D:C9:73:E6:19,-100,88,564,564,3,0,0,0,0
737609624,NODE_B4BFE934ED80,child,8,F4:2D:C9:73:E6:19,-100,88,564,564,3,0,0,0,0
737709624,NODE_B4BFE934ED80,child,8,F4:2D:C9:73:E6:19,-100,88,564,564,3,0,0,0,0
737809633,NODE_B4BFE934ED80,child,8,F4:2D:C9:73:E6:19,-100,88,564,564,3,0,0,0,0
737909632,NODE_B4BFE934ED80,child,8,F4:2D:C9:73:E6:19,-100,88,565,565,3,0,0,0,0
738009632,NODE_B4BFE934ED80,child,8,F4:2D:C9:73:E6:19,-100,88,565,565,3,0,0,0,0
738109629,NODE_B4BFE934ED80,child,8,F4:2D:C9:73:E6:19,-100,88,565,565,3,0,0,0,0
738209624,NODE_B4BFE934ED80,child,8,F4:2D:C9:73:E6:19,-100,88,565,565,3,0,0,0,0
738309628,NODE_B4BFE934ED80,child,8,F4:2D:C9:73:E6:19,-100,88,565,565,3,0,0,0,0
738409645,NODE_B4BFE934ED80,child,8,F4:2D:C9:73:E6:19,-95,88,565,565,3,0,0,0,0
738509628,NODE_B4BFE934ED80,child,8,F4:2D:C9:73:E6:19,-95,88,565,565,3,0,0,0,0
738609636,NODE_B4BFE934ED80,child,8,F4:2D:C9:73:E6:19,-95,88,565,565,3,0,0,0,0
738709625,NODE_B4BFE934ED80,child,8,F4:2D:C9:73:E6:19,-95,88,565,565,3,0,0,0,0
738809624,NODE_B4BFE934ED80,child,8,F4:2D:C9:73:E6:19,-95,88,565,565,3,0,0,0,0
738909628,NODE_B4BFE934ED80,child,8,F4:2D:C9:73:E6:19,-95,88,566,566,3,0,0,0,0
739009633,NODE_B4BFE934ED80,child,8,F4:2D:C9:73:E6:19,-95,88,566,566,3,0,0,0,0
739109632,NODE_B4BFE934ED80,child,8,F4:2D:C9:73:E6:19,-95,88,566,566,3,0,0,0,0
739209624,NODE_B4BFE934ED80,child,8,F4:2D:C9:73:E6:19,-95,88,566,566,3,0,0,0,0
739309625,NODE_B4BFE934ED80,child,8,F4:2D:C9:73:E6:19,-95,88,566,566,3,0,0,0,0
739409624,NODE_B4BFE934ED80,child,8,F4:2D:C9:73:E6:19,-95,88,566,566,3,0,0,0,0
739509632,NODE_B4BFE934ED80,child,8,F4:2D:C9:73:E6:19,-95,88,566,566,3,0,0,0,0
739609633,NODE_B4BFE934ED80,child,8,F4:2D:C9:73:E6:19,-95,88,566,566,3,0,0,0,0
739709624,NODE_B4BFE934ED80,child,8,F4:2D:C9:73:E6:19,-95,88,566,566,3,0,0,0,0
739809636,NODE_B4BFE934ED80,child,8,F4:2D:C9:73:E6:19,-95,88,566,566,3,0,0,0,0
739909629,NODE_B4BFE934ED80,child,8,F4:2D:C9:73:E6:19,-95,88,567,567,3,0,0,0,0
740009628,NODE_B4BFE934ED80,child,8,F4:2D:C9:73:E6:19,-95,88,567,567,3,0,0,0,0
740109628,NODE_B4BFE934ED80,child,8,F4:2D:C9:73:E6:19,-95,88,567,567,3,0,0,0,0
740209625,NODE_B4BFE934ED80,child,8,F4:2D:C9:73:E6:19,-95,88,567,567,3,0,0,0,0
740309624,NODE_B4BFE934ED80,child,8,F4:2D:C9:73:E6:19,-95,88,567,567,3,0,0,0,0
740409628,NODE_B4BFE934ED80,child,8,F4:2D:C9:73:E6:19,-95,88,567,567,3,0,0,0,0
740509641,NODE_B4BFE934ED80,child,8,F4:2D:C9:73:E6:19,-94,88,567,567,3,0,0,0,0
740609624,NODE_B4BFE934ED80,child,8,F4:2D:C9:73:E6:19,-94,88,567,567,3,0,0,0,0
740709624,NODE_B4BFE934ED80,child,8,F4:2D:C9:73:E6:19,-94,88,567,567,3,0,0,0,0
740809625,NODE_B4BFE934ED80,child,8,F4:2D:C9:73:E6:19,-94,88,567,567,3,0,0,0,0
740909628,NODE_B4BFE934ED80,child,8,F4:2D:C9:73:E6:19,-94,88,567,567,3,0,0,0,0
741009632,NODE_B4BFE934ED80,child,8,F4:2D:C9:73:E6:19,-94,88,568,568,3,0,0,0,0
741109637,NODE_B4BFE934ED80,child,8,F4:2D:C9:73:E6:19,-94,88,568,568,3,0,0,0,0
741209624,NODE_B4BFE934ED80,child,8,F4:2D:C9:73:E6:19,-94,88,568,568,3,0,0,0,0
741309624,NODE_B4BFE934ED80,child,8,F4:2D:C9:73:E6:19,-94,88,568,568,3,0,0,0,0
741409625,NODE_B4BFE934ED80,child,8,F4:2D:C9:73:E6:19,-94,88,568,568,3,0,0,0,0
741509636,NODE_B4BFE934ED80,child,8,F4:2D:C9:73:E6:19,-94,88,568,568,3,0,0,0,0
741609624,NODE_B4BFE934ED80,child,8,F4:2D:C9:73:E6:19,-94,88,568,568,3,0,0,0,0
741709625,NODE_B4BFE934ED80,child,8,F4:2D:C9:73:E6:19,-94,88,568,568,3,0,0,0,0
741809636,NODE_B4BFE934ED80,child,8,F4:2D:C9:73:E6:19,-94,88,568,568,3,0,0,0,0
741910398,NODE_B4BFE934ED80,child,8,F4:2D:C9:73:E6:19,-94,88,568,568,3,0,0,0,0
742009633,NODE_B4BFE934ED80,child,8,F4:2D:C9:73:E6:19,-94,88,569,569,3,0,0,0,0
742109697,NODE_B4BFE934ED80,child,8,F4:2D:C9:73:E6:19,-94,88,569,569,3,0,0,0,0
742209624,NODE_B4BFE934ED80,child,8,F4:2D:C9:73:E6:19,-94,88,569,569,3,0,0,0,0
742309625,NODE_B4BFE934ED80,child,8,F4:2D:C9:73:E6:19,-94,88,569,569,3,0,0,0,0
742409624,NODE_B4BFE934ED80,child,8,F4:2D:C9:73:E6:19,-94,88,569,569,3,0,0,0,0
742509640,NODE_B4BFE934ED80,child,8,F4:2D:C9:73:E6:19,-95,88,569,569,3,0,0,0,0
742609633,NODE_B4BFE934ED80,child,8,F4:2D:C9:73:E6:19,-95,88,569,569,3,0,0,0,0
742709624,NODE_B4BFE934ED80,child,8,F4:2D:C9:73:E6:19,-95,88,569,569,3,0,0,0,0
742809628,NODE_B4BFE934ED80,child,8,F4:2D:C9:73:E6:19,-95,88,569,569,3,0,0,0,0
742909625,NODE_B4BFE934ED80,child,8,F4:2D:C9:73:E6:19,-95,88,569,569,3,0,0,0,0
743009628,NODE_B4BFE934ED80,child,8,F4:2D:C9:73:E6:19,-95,88,570,570,3,0,0,0,0
743109632,NODE_B4BFE934ED80,child,8,F4:2D:C9:73:E6:19,-95,88,570,570,3,0,0,0,0
743209625,NODE_B4BFE934ED80,child,8,F4:2D:C9:73:E6:19,-95,88,570,570,3,0,0,0,0
743309624,NODE_B4BFE934ED80,child,8,F4:2D:C9:73:E6:19,-95,88,570,570,3,0,0,0,0
743409628,NODE_B4BFE934ED80,child,8,F4:2D:C9:73:E6:19,-95,88,570,570,3,0,0,0,0
743509629,NODE_B4BFE934ED80,child,8,F4:2D:C9:73:E6:19,-94,88,570,570,3,0,0,0,0
743609628,NODE_B4BFE934ED80,child,8,F4:2D:C9:73:E6:19,-94,88,570,570,3,0,0,0,0
743709628,NODE_B4BFE934ED80,child,8,F4:2D:C9:73:E6:19,-94,88,570,570,3,0,0,0,0
743809625,NODE_B4BFE934ED80,child,8,F4:2D:C9:73:E6:19,-94,88,570,570,3,0,0,0,0
743909624,NODE_B4BFE934ED80,child,8,F4:2D:C9:73:E6:19,-94,88,570,570,3,0,0,0,0
744009628,NODE_B4BFE934ED80,child,8,F4:2D:C9:73:E6:19,-94,88,571,571,3,0,0,0,0
744109629,NODE_B4BFE934ED80,child,8,F4:2D:C9:73:E6:19,-94,88,571,571,3,0,0,0,0
744209632,NODE_B4BFE934ED80,child,8,F4:2D:C9:73:E6:19,-94,88,571,571,3,0,0,0,0
744309628,NODE_B4BFE934ED80,child,8,F4:2D:C9:73:E6:19,-94,88,571,571,3,0,0,0,0
744409629,NODE_B4BFE934ED80,child,8,F4:2D:C9:73:E6:19,-94,88,571,571,3,0,0,0,0
744509624,NODE_B4BFE934ED80,child,8,F4:2D:C9:73:E6:19,-94,88,571,571,3,0,0,0,0
744609640,NODE_B4BFE934ED80,child,8,F4:2D:C9:73:E6:19,-94,88,571,571,3,0,0,0,0
744709629,NODE_B4BFE934ED80,child,8,F4:2D:C9:73:E6:19,-94,88,571,571,3,0,0,0,0
744809624,NODE_B4BFE934ED80,child,8,F4:2D:C9:73:E6:19,-94,88,571,571,3,0,0,0,0
744909628,NODE_B4BFE934ED80,child,8,F4:2D:C9:73:E6:19,-94,88,571,571,3,0,0,0,0
745009633,NODE_B4BFE934ED80,child,8,F4:2D:C9:73:E6:19,-94,88,572,572,3,0,0,0,0
745109624,NODE_B4BFE934ED80,child,8,F4:2D:C9:73:E6:19,-94,88,572,572,3,0,0,0,0
745209628,NODE_B4BFE934ED80,child,8,F4:2D:C9:73:E6:19,-94,88,572,572,3,0,0,0,0
745309625,NODE_B4BFE934ED80,child,8,F4:2D:C9:73:E6:19,-94,88,572,572,3,0,0,0,0
745409624,NODE_B4BFE934ED80,child,8,F4:2D:C9:73:E6:19,-94,88,572,572,3,0,0,0,0
745509628,NODE_B4BFE934ED80,child,8,F4:2D:C9:73:E6:19,-94,88,572,572,3,0,0,0,0
745609641,NODE_B4BFE934ED80,child,8,F4:2D:C9:73:E6:19,-96,88,572,572,3,0,0,0,0
745709624,NODE_B4BFE934ED80,child,8,F4:2D:C9:73:E6:19,-96,88,572,572,3,0,0,0,0
745809628,NODE_B4BFE934ED80,child,8,F4:2D:C9:73:E6:19,-96,88,572,572,3,0,0,0,0
745909625,NODE_B4BFE934ED80,child,8,F4:2D:C9:73:E6:19,-96,88,572,572,3,0,0,0,0
746009628,NODE_B4BFE934ED80,child,8,F4:2D:C9:73:E6:19,-96,88,573,573,3,0,0,0,0
746109624,NODE_B4BFE934ED80,child,8,F4:2D:C9:73:E6:19,-96,88,573,573,3,0,0,0,0
746209629,NODE_B4BFE934ED80,child,8,F4:2D:C9:73:E6:19,-96,88,573,573,3,0,0,0,0
746309636,NODE_B4BFE934ED80,child,8,F4:2D:C9:73:E6:19,-96,88,573,573,3,0,0,0,0
746409624,NODE_B4BFE934ED80,child,8,F4:2D:C9:73:E6:19,-96,88,573,573,3,0,0,0,0
746509633,NODE_B4BFE934ED80,child,8,F4:2D:C9:73:E6:19,-96,88,573,573,3,0,0,0,0
746609632,NODE_B4BFE934ED80,child,8,F4:2D:C9:73:E6:19,-96,88,573,573,3,0,0,0,0
746709624,NODE_B4BFE934ED80,child,8,F4:2D:C9:73:E6:19,-96,88,573,573,3,0,0,0,0
746809625,NODE_B4BFE934ED80,child,8,F4:2D:C9:73:E6:19,-96,88,573,573,3,0,0,0,0
746909624,NODE_B4BFE934ED80,child,8,F4:2D:C9:73:E6:19,-96,88,573,573,3,0,0,0,0
747009632,NODE_B4BFE934ED80,child,8,F4:2D:C9:73:E6:19,-96,88,574,574,3,0,0,0,0
747109629,NODE_B4BFE934ED80,child,8,F4:2D:C9:73:E6:19,-96,88,574,574,3,0,0,0,0
747209628,NODE_B4BFE934ED80,child,8,F4:2D:C9:73:E6:19,-96,88,574,574,3,0,0,0,0
747309624,NODE_B4BFE934ED80,child,8,F4:2D:C9:73:E6:19,-96,88,574,574,3,0,0,0,0
747409625,NODE_B4BFE934ED80,child,8,F4:2D:C9:73:E6:19,-96,88,574,574,3,0,0,0,0
747509628,NODE_B4BFE934ED80,child,8,F4:2D:C9:73:E6:19,-96,88,574,574,3,0,0,0,0
747609628,NODE_B4BFE934ED80,child,8,F4:2D:C9:73:E6:19,-96,88,574,574,3,0,0,0,0
747709637,NODE_B4BFE934ED80,child,8,F4:2D:C9:73:E6:19,-96,88,574,574,3,0,0,0,0
747809628,NODE_B4BFE934ED80,child,8,F4:2D:C9:73:E6:19,-96,88,574,574,3,0,0,0,0
747909628,NODE_B4BFE934ED80,child,8,F4:2D:C9:73:E6:19,-96,88,574,574,3,0,0,0,0
748009629,NODE_B4BFE934ED80,child,8,F4:2D:C9:73:E6:19,-96,88,575,575,3,0,0,0,0
748109628,NODE_B4BFE934ED80,child,8,F4:2D:C9:73:E6:19,-96,88,575,575,3,0,0,0,0
748209624,NODE_B4BFE934ED80,child,8,F4:2D:C9:73:E6:19,-96,88,575,575,3,0,0,0,0
748309637,NODE_B4BFE934ED80,child,8,F4:2D:C9:73:E6:19,-96,88,575,575,3,0,0,0,0
748409632,NODE_B4BFE934ED80,child,8,F4:2D:C9:73:E6:19,-96,88,575,575,3,0,0,0,0
748509624,NODE_B4BFE934ED80,child,8,F4:2D:C9:73:E6:19,-96,88,575,575,3,0,0,0,0
748609637,NODE_B4BFE934ED80,child,8,F4:2D:C9:73:E6:19,-96,88,575,575,3,0,0,0,0
748709632,NODE_B4BFE934ED80,child,8,F4:2D:C9:73:E6:19,-97,88,575,575,3,0,0,0,0
748809636,NODE_B4BFE934ED80,child,8,F4:2D:C9:73:E6:19,-97,88,575,575,3,0,0,0,0
748909625,NODE_B4BFE934ED80,child,8,F4:2D:C9:73:E6:19,-97,88,575,575,3,0,0,0,0
749009628,NODE_B4BFE934ED80,child,8,F4:2D:C9:73:E6:19,-97,88,575,575,3,0,0,0,0
749109628,NODE_B4BFE934ED80,child,8,F4:2D:C9:73:E6:19,-97,88,576,576,3,0,0,0,0
749209625,NODE_B4BFE934ED80,child,8,F4:2D:C9:73:E6:19,-97,88,576,576,3,0,0,0,0
749309628,NODE_B4BFE934ED80,child,8,F4:2D:C9:73:E6:19,-97,88,576,576,3,0,0,0,0
749409624,NODE_B4BFE934ED80,child,8,F4:2D:C9:73:E6:19,-97,88,576,576,3,0,0,0,0
749509633,NODE_B4BFE934ED80,child,8,F4:2D:C9:73:E6:19,-97,88,576,576,3,0,0,0,0
749609624,NODE_B4BFE934ED80,child,8,F4:2D:C9:73:E6:19,-97,88,576,576,3,0,0,0,0
749709640,NODE_B4BFE934ED80,child,8,F4:2D:C9:73:E6:19,-97,88,576,576,3,0,0,0,0
749809625,NODE_B4BFE934ED80,child,8,F4:2D:C9:73:E6:19,-97,88,576,576,3,0,0,0,0
749909624,NODE_B4BFE934ED80,child,8,F4:2D:C9:73:E6:19,-97,88,576,576,3,0,0,0,0
750010398,NODE_B4BFE934ED80,child,8,F4:2D:C9:73:E6:19,-97,88,576,576,3,0,0,0,0
750109629,NODE_B4BFE934ED80,child,8,F4:2D:C9:73:E6:19,-97,88,577,577,3,0,0,0,0
750209628,NODE_B4BFE934ED80,child,8,F4:2D:C9:73:E6:19,-97,88,577,577,3,0,0,0,0
750309628,NODE_B4BFE934ED80,child,8,F4:2D:C9:73:E6:19,-97,88,577,577,3,0,0,0,0
750409625,NODE_B4BFE934ED80,child,8,F4:2D:C9:73:E6:19,-97,88,577,577,3,0,0,0,0
750509624,NODE_B4BFE934ED80,child,8,F4:2D:C9:73:E6:19,-97,88,577,577,3,0,0,0,0
750609658,NODE_B4BFE934ED80,child,8,F4:2D:C9:73:E6:19,-97,88,577,577,3,0,0,0,0
750709633,NODE_B4BFE934ED80,child,8,F4:2D:C9:73:E6:19,-95,88,577,577,3,0,0,0,0
750809628,NODE_B4BFE934ED80,child,8,F4:2D:C9:73:E6:19,-95,88,577,577,3,0,0,0,0
750909628,NODE_B4BFE934ED80,child,8,F4:2D:C9:73:E6:19,-95,88,577,577,3,0,0,0,0
751009625,NODE_B4BFE934ED80,child,8,F4:2D:C9:73:E6:19,-95,88,577,577,3,0,0,0,0
751109624,NODE_B4BFE934ED80,child,8,F4:2D:C9:73:E6:19,-95,88,578,578,3,0,0,0,0
751209624,NODE_B4BFE934ED80,child,8,F4:2D:C9:73:E6:19,-95,88,578,578,3,0,0,0,0
751309637,NODE_B4BFE934ED80,child,8,F4:2D:C9:73:E6:19,-95,88,578,578,3,0,0,0,0
751409628,NODE_B4BFE934ED80,child,8,F4:2D:C9:73:E6:19,-95,88,578,578,3,0,0,0,0
751509628,NODE_B4BFE934ED80,child,8,F4:2D:C9:73:E6:19,-95,88,578,578,3,0,0,0,0
751609629,NODE_B4BFE934ED80,child,8,F4:2D:C9:73:E6:19,-95,88,578,578,3,0,0,0,0
751709632,NODE_B4BFE934ED80,child,8,F4:2D:C9:73:E6:19,-95,88,578,578,3,0,0,0,0
751809628,NODE_B4BFE934ED80,child,8,F4:2D:C9:73:E6:19,-95,88,578,578,3,0,0,0,0
751909625,NODE_B4BFE934ED80,child,8,F4:2D:C9:73:E6:19,-95,88,578,578,3,0,0,0,0
752009624,NODE_B4BFE934ED80,child,8,F4:2D:C9:73:E6:19,-95,88,578,578,3,0,0,0,0
752109628,NODE_B4BFE934ED80,child,8,F4:2D:C9:73:E6:19,-95,88,579,579,3,0,0,0,0
752209625,NODE_B4BFE934ED80,child,8,F4:2D:C9:73:E6:19,-95,88,579,579,3,0,0,0,0
752309624,NODE_B4BFE934ED80,child,8,F4:2D:C9:73:E6:19,-95,88,579,579,3,0,0,0,0
752409632,NODE_B4BFE934ED80,child,8,F4:2D:C9:73:E6:19,-95,88,579,579,3,0,0,0,0
752509625,NODE_B4BFE934ED80,child,8,F4:2D:C9:73:E6:19,-95,88,579,579,3,0,0,0,0
752609636,NODE_B4BFE934ED80,child,8,F4:2D:C9:73:E6:19,-95,88,579,579,3,0,0,0,0
752709624,NODE_B4BFE934ED80,child,8,F4:2D:C9:73:E6:19,-95,88,579,579,3,0,0,0,0
752809641,NODE_B4BFE934ED80,child,8,F4:2D:C9:73:E6:19,-97,88,579,579,3,0,0,0,0
752909624,NODE_B4BFE934ED80,child,8,F4:2D:C9:73:E6:19,-97,88,579,579,3,0,0,0,0
753009628,NODE_B4BFE934ED80,child,8,F4:2D:C9:73:E6:19,-97,88,579,579,3,0,0,0,0
753109629,NODE_B4BFE934ED80,child,8,F4:2D:C9:73:E6:19,-97,88,580,580,3,0,0,0,0
753209628,NODE_B4BFE934ED80,child,8,F4:2D:C9:73:E6:19,-97,88,580,580,3,0,0,0,0
753309624,NODE_B4BFE934ED80,child,8,F4:2D:C9:73:E6:19,-97,88,580,580,3,0,0,0,0
753409629,NODE_B4BFE934ED80,child,8,F4:2D:C9:73:E6:19,-97,88,580,580,3,0,0,0,0
753509632,NODE_B4BFE934ED80,child,8,F4:2D:C9:73:E6:19,-97,88,580,580,3,0,0,0,0
753609628,NODE_B4BFE934ED80,child,8,F4:2D:C9:73:E6:19,-97,88,580,580,3,0,0,0,0
753709643,NODE_B4BFE934ED80,child,8,F4:2D:C9:73:E6:19,-97,88,580,580,3,0,0,0,0
753809636,NODE_B4BFE934ED80,child,8,F4:2D:C9:73:E6:19,-94,88,580,580,3,0,0,0,0
753909624,NODE_B4BFE934ED80,child,8,F4:2D:C9:73:E6:19,-94,88,580,580,3,0,0,0,0
754009629,NODE_B4BFE934ED80,child,8,F4:2D:C9:73:E6:19,-94,88,580,580,3,0,0,0,0
754109632,NODE_B4BFE934ED80,child,8,F4:2D:C9:73:E6:19,-94,88,580,580,3,0,0,0,0
754209643,NODE_B4BFE934ED80,child,8,F4:2D:C9:73:E6:19,-94,88,580,580,3,0,0,0,0
754309629,NODE_B4BFE934ED80,child,8,F4:2D:C9:73:E6:19,-94,88,581,581,3,0,0,0,0
754409628,NODE_B4BFE934ED80,child,8,F4:2D:C9:73:E6:19,-94,88,581,581,3,0,0,0,0
754509624,NODE_B4BFE934ED80,child,8,F4:2D:C9:73:E6:19,-94,88,581,581,3,0,0,0,0
754609637,NODE_B4BFE934ED80,child,8,F4:2D:C9:73:E6:19,-94,88,581,581,3,0,0,0,0
754709628,NODE_B4BFE934ED80,child,8,F4:2D:C9:73:E6:19,-94,88,581,581,3,0,0,0,0
754809636,NODE_B4BFE934ED80,child,8,F4:2D:C9:73:E6:19,-97,88,581,581,3,0,0,0,0
754909629,NODE_B4BFE934ED80,child,8,F4:2D:C9:73:E6:19,-97,88,581,581,3,0,0,0,0
755009628,NODE_B4BFE934ED80,child,8,F4:2D:C9:73:E6:19,-97,88,581,581,3,0,0,0,0
755109624,NODE_B4BFE934ED80,child,8,F4:2D:C9:73:E6:19,-97,88,581,581,3,0,0,0,0
755209625,NODE_B4BFE934ED80,child,8,F4:2D:C9:73:E6:19,-97,88,581,581,3,0,0,0,0
755309632,NODE_B4BFE934ED80,child,8,F4:2D:C9:73:E6:19,-97,88,581,581,3,0,0,0,0
755409636,NODE_B4BFE934ED80,child,8,F4:2D:C9:73:E6:19,-97,88,581,581,3,0,0,0,0
755509629,NODE_B4BFE934ED80,child,8,F4:2D:C9:73:E6:19,-97,88,581,581,3,0,0,0,0
755609628,NODE_B4BFE934ED80,child,8,F4:2D:C9:73:E6:19,-97,88,582,582,3,0,0,0,0
755709624,NODE_B4BFE934ED80,child,8,F4:2D:C9:73:E6:19,-97,88,582,582,3,0,0,0,0
755809629,NODE_B4BFE934ED80,child,8,F4:2D:C9:73:E6:19,-97,88,582,582,3,0,0,0,0
755909624,NODE_B4BFE934ED80,child,8,F4:2D:C9:73:E6:19,-97,88,582,582,3,0,0,0,0
756009632,NODE_B4BFE934ED80,child,8,F4:2D:C9:73:E6:19,-97,88,582,582,3,0,0,0,0
756109625,NODE_B4BFE934ED80,child,8,F4:2D:C9:73:E6:19,-97,88,582,582,3,0,0,0,0
756209624,NODE_B4BFE934ED80,child,8,F4:2D:C9:73:E6:19,-97,88,582,582,3,0,0,0,0
756309632,NODE_B4BFE934ED80,child,8,F4:2D:C9:73:E6:19,-97,88,582,582,3,0,0,0,0
756409788,NODE_B4BFE934ED80,child,8,F4:2D:C9:73:E6:19,-97,88,582,582,3,0,0,0,0
756509624,NODE_B4BFE934ED80,child,8,F4:2D:C9:73:E6:19,-97,88,582,582,3,0,0,0,0
756609632,NODE_B4BFE934ED80,child,8,F4:2D:C9:73:E6:19,-97,88,583,583,3,0,0,0,0
756709625,NODE_B4BFE934ED80,child,8,F4:2D:C9:73:E6:19,-97,88,583,583,3,0,0,0,0
756809624,NODE_B4BFE934ED80,child,8,F4:2D:C9:73:E6:19,-97,88,583,583,3,0,0,0,0
756909632,NODE_B4BFE934ED80,child,8,F4:2D:C9:73:E6:19,-97,88,583,583,3,0,0,0,0
757009629,NODE_B4BFE934ED80,child,8,F4:2D:C9:73:E6:19,-97,88,583,583,3,0,0,0,0
757109624,NODE_B4BFE934ED80,child,8,F4:2D:C9:73:E6:19,-97,88,583,583,3,0,0,0,0
757209624,NODE_B4BFE934ED80,child,8,F4:2D:C9:73:E6:19,-97,88,583,583,3,0,0,0,0
757309633,NODE_B4BFE934ED80,child,8,F4:2D:C9:73:E6:19,-97,88,583,583,3,0,0,0,0
757409624,NODE_B4BFE934ED80,child,8,F4:2D:C9:73:E6:19,-97,88,583,583,3,0,0,0,0
757509628,NODE_B4BFE934ED80,child,8,F4:2D:C9:73:E6:19,-97,88,583,583,3,0,0,0,0
757609633,NODE_B4BFE934ED80,child,8,F4:2D:C9:73:E6:19,-97,88,584,584,3,0,0,0,0
757709624,NODE_B4BFE934ED80,child,8,F4:2D:C9:73:E6:19,-97,88,584,584,3,0,0,0,0
757809640,NODE_B4BFE934ED80,child,8,F4:2D:C9:73:E6:19,-97,88,584,584,3,0,0,0,0
757909637,NODE_B4BFE934ED80,child,8,F4:2D:C9:73:E6:19,-95,88,584,584,3,0,0,0,0
758009636,NODE_B4BFE934ED80,child,8,F4:2D:C9:73:E6:19,-95,88,584,584,3,0,0,0,0
758109628,NODE_B4BFE934ED80,child,8,F4:2D:C9:73:E6:19,-95,88,584,584,3,0,0,0,0
758209625,NODE_B4BFE934ED80,child,8,F4:2D:C9:73:E6:19,-95,88,584,584,3,0,0,0,0
758309624,NODE_B4BFE934ED80,child,8,F4:2D:C9:73:E6:19,-95,88,584,584,3,0,0,0,0
758409624,NODE_B4BFE934ED80,child,8,F4:2D:C9:73:E6:19,-95,88,584,584,3,0,0,0,0
758509629,NODE_B4BFE934ED80,child,8,F4:2D:C9:73:E6:19,-95,88,584,584,3,0,0,0,0
758609632,NODE_B4BFE934ED80,child,8,F4:2D:C9:73:E6:19,-95,88,584,584,3,0,0,0,0
758709632,NODE_B4BFE934ED80,child,8,F4:2D:C9:73:E6:19,-95,88,584,584,3,0,0,0,0
758809629,NODE_B4BFE934ED80,child,8,F4:2D:C9:73:E6:19,-95,88,584,584,3,0,0,0,0
758909632,NODE_B4BFE934ED80,child,8,F4:2D:C9:73:E6:19,-95,88,584,584,3,0,0,0,0
759009628,NODE_B4BFE934ED80,child,8,F4:2D:C9:73:E6:19,-95,88,584,584,3,0,0,0,0
759109625,NODE_B4BFE934ED80,child,8,F4:2D:C9:73:E6:19,-95,88,584,584,3,0,0,0,0
759209628,NODE_B4BFE934ED80,child,8,F4:2D:C9:73:E6:19,-95,88,584,584,3,0,0,0,0
759309636,NODE_B4BFE934ED80,child,8,F4:2D:C9:73:E6:19,-95,88,584,584,3,0,0,0,0
759409625,NODE_B4BFE934ED80,child,8,F4:2D:C9:73:E6:19,-95,88,584,584,3,0,0,0,0
759509628,NODE_B4BFE934ED80,child,8,F4:2D:C9:73:E6:19,-95,88,584,584,3,0,0,0,0
759609624,NODE_B4BFE934ED80,child,8,F4:2D:C9:73:E6:19,-95,88,584,584,3,0,0,0,0
759709629,NODE_B4BFE934ED80,child,8,F4:2D:C9:73:E6:19,-95,88,584,584,3,0,0,0,0
759809640,NODE_B4BFE934ED80,child,8,F4:2D:C9:73:E6:19,-95,88,584,584,3,0,0,0,0
759909632,NODE_B4BFE934ED80,child,8,F4:2D:C9:73:E6:19,-95,88,585,585,3,0,0,0,0
760009637,NODE_B4BFE934ED80,child,8,F4:2D:C9:73:E6:19,-95,88,585,585,3,0,0,0,0
760109624,NODE_B4BFE934ED80,child,8,F4:2D:C9:73:E6:19,-95,88,585,585,3,0,0,0,0
760209624,NODE_B4BFE934ED80,child,8,F4:2D:C9:73:E6:19,-95,88,585,585,3,0,0,0,0
760309625,NODE_B4BFE934ED80,child,8,F4:2D:C9:73:E6:19,-95,88,585,585,3,0,0,0,0
760409624,NODE_B4BFE934ED80,child,8,F4:2D:C9:73:E6:19,-95,88,585,585,3,0,0,0,0
760509628,NODE_B4BFE934ED80,child,8,F4:2D:C9:73:E6:19,-95,88,585,585,3,0,0,0,0
760609633,NODE_B4BFE934ED80,child,8,F4:2D:C9:73:E6:19,-95,88,585,585,3,0,0,0,0
760709624,NODE_B4BFE934ED80,child,8,F4:2D:C9:73:E6:19,-95,88,585,585,3,0,0,0,0
760809632,NODE_B4BFE934ED80,child,8,F4:2D:C9:73:E6:19,-95,88,585,585,3,0,0,0,0
760909633,NODE_B4BFE934ED80,child,8,F4:2D:C9:73:E6:19,-95,88,586,586,3,0,0,0,0
761009632,NODE_B4BFE934ED80,child,8,F4:2D:C9:73:E6:19,-97,88,586,586,3,0,0,0,0
761109632,NODE_B4BFE934ED80,child,8,F4:2D:C9:73:E6:19,-97,88,586,586,3,0,0,0,0
761209629,NODE_B4BFE934ED80,child,8,F4:2D:C9:73:E6:19,-97,88,586,586,3,0,0,0,0
761309628,NODE_B4BFE934ED80,child,8,F4:2D:C9:73:E6:19,-97,88,586,586,3,0,0,0,0
761409624,NODE_B4BFE934ED80,child,8,F4:2D:C9:73:E6:19,-97,88,586,586,3,0,0,0,0
761509629,NODE_B4BFE934ED80,child,8,F4:2D:C9:73:E6:19,-97,88,586,586,3,0,0,0,0
761609632,NODE_B4BFE934ED80,child,8,F4:2D:C9:73:E6:19,-97,88,586,586,3,0,0,0,0
761709624,NODE_B4BFE934ED80,child,8,F4:2D:C9:73:E6:19,-97,88,586,586,3,0,0,0,0
761809637,NODE_B4BFE934ED80,child,8,F4:2D:C9:73:E6:19,-97,88,586,586,3,0,0,0,0
761909632,NODE_B4BFE934ED80,child,8,F4:2D:C9:73:E6:19,-97,88,587,587,3,0,0,0,0
762009632,NODE_B4BFE934ED80,child,8,F4:2D:C9:73:E6:19,-97,88,587,587,3,0,0,0,0
762109625,NODE_B4BFE934ED80,child,8,F4:2D:C9:73:E6:19,-97,88,587,587,3,0,0,0,0
762209624,NODE_B4BFE934ED80,child,8,F4:2D:C9:73:E6:19,-97,88,587,587,3,0,0,0,0
762309624,NODE_B4BFE934ED80,child,8,F4:2D:C9:73:E6:19,-97,88,587,587,3,0,0,0,0
762409625,NODE_B4BFE934ED80,child,8,F4:2D:C9:73:E6:19,-97,88,587,587,3,0,0,0,0
762509632,NODE_B4BFE934ED80,child,8,F4:2D:C9:73:E6:19,-97,88,587,587,3,0,0,0,0
762609628,NODE_B4BFE934ED80,child,8,F4:2D:C9:73:E6:19,-97,88,587,587,3,0,0,0,0
762709625,NODE_B4BFE934ED80,child,8,F4:2D:C9:73:E6:19,-97,88,587,587,3,0,0,0,0
762809628,NODE_B4BFE934ED80,child,8,F4:2D:C9:73:E6:19,-97,88,587,587,3,0,0,0,0
762909632,NODE_B4BFE934ED80,child,8,F4:2D:C9:73:E6:19,-97,88,588,588,3,0,0,0,0
763009641,NODE_B4BFE934ED80,child,8,F4:2D:C9:73:E6:19,-94,88,588,588,3,0,0,0,0
763117468,NODE_B4BFE934ED80,child,8,F4:2D:C9:73:E6:19,-94,88,588,588,3,0,0,0,0
763209628,NODE_B4BFE934ED80,child,8,F4:2D:C9:73:E6:19,-94,88,588,588,3,0,0,0,0
763309625,NODE_B4BFE934ED80,child,8,F4:2D:C9:73:E6:19,-94,88,588,588,3,0,0,0,0
763409779,NODE_B4BFE934ED80,child,8,F4:2D:C9:73:E6:19,-94,88,588,588,3,0,0,0,0
763509624,NODE_B4BFE934ED80,child,8,F4:2D:C9:73:E6:19,-94,88,588,588,3,0,0,0,0
763609629,NODE_B4BFE934ED80,child,8,F4:2D:C9:73:E6:19,-94,88,588,588,3,0,0,0,0
763709624,NODE_B4BFE934ED80,child,8,F4:2D:C9:73:E6:19,-94,88,588,588,3,0,0,0,0
763809640,NODE_B4BFE934ED80,child,8,F4:2D:C9:73:E6:19,-94,88,588,588,3,0,0,0,0
763909633,NODE_B4BFE934ED80,child,8,F4:2D:C9:73:E6:19,-94,88,589,589,3,0,0,0,0
764009640,NODE_B4BFE934ED80,child,8,F4:2D:C9:73:E6:19,-97,88,589,589,3,0,0,0,0
764109624,NODE_B4BFE934ED80,child,8,F4:2D:C9:73:E6:19,-97,88,589,589,3,0,0,0,0
764209625,NODE_B4BFE934ED80,child,8,F4:2D:C9:73:E6:19,-97,88,589,589,3,0,0,0,0
764309624,NODE_B4BFE934ED80,child,8,F4:2D:C9:73:E6:19,-97,88,589,589,3,0,0,0,0
764409624,NODE_B4BFE934ED80,child,8,F4:2D:C9:73:E6:19,-97,88,589,589,3,0,0,0,0
764509633,NODE_B4BFE934ED80,child,8,F4:2D:C9:73:E6:19,-97,88,589,589,3,0,0,0,0
764609628,NODE_B4BFE934ED80,child,8,F4:2D:C9:73:E6:19,-97,88,589,589,3,0,0,0,0
764709628,NODE_B4BFE934ED80,child,8,F4:2D:C9:73:E6:19,-97,88,589,589,3,0,0,0,0
764809629,NODE_B4BFE934ED80,child,8,F4:2D:C9:73:E6:19,-97,88,589,589,3,0,0,0,0
764909636,NODE_B4BFE934ED80,child,8,F4:2D:C9:73:E6:19,-97,88,590,590,3,0,0,0,0
765010401,NODE_B4BFE934ED80,child,8,F4:2D:C9:73:E6:19,-97,88,590,590,3,0,0,0,0
765109641,NODE_B4BFE934ED80,child,8,F4:2D:C9:73:E6:19,-97,88,590,590,3,0,0,0,0
765209624,NODE_B4BFE934ED80,child,8,F4:2D:C9:73:E6:19,-97,88,590,590,3,0,0,0,0
765309624,NODE_B4BFE934ED80,child,8,F4:2D:C9:73:E6:19,-97,88,590,590,3,0,0,0,0
765409625,NODE_B4BFE934ED80,child,8,F4:2D:C9:73:E6:19,-97,88,590,590,3,0,0,0,0
765509624,NODE_B4BFE934ED80,child,8,F4:2D:C9:73:E6:19,-97,88,590,590,3,0,0,0,0
765609632,NODE_B4BFE934ED80,child,8,F4:2D:C9:73:E6:19,-97,88,590,590,3,0,0,0,0
765709629,NODE_B4BFE934ED80,child,8,F4:2D:C9:73:E6:19,-97,88,590,590,3,0,0,0,0
765809632,NODE_B4BFE934ED80,child,8,F4:2D:C9:73:E6:19,-97,88,590,590,3,0,0,0,0
765909628,NODE_B4BFE934ED80,child,8,F4:2D:C9:73:E6:19,-97,88,591,591,3,0,0,0,0
766009633,NODE_B4BFE934ED80,child,8,F4:2D:C9:73:E6:19,-97,88,591,591,3,0,0,0,0
766109632,NODE_B4BFE934ED80,child,8,F4:2D:C9:73:E6:19,-97,88,591,591,3,0,0,0,0
766209624,NODE_B4BFE934ED80,child,8,F4:2D:C9:73:E6:19,-97,88,591,591,3,0,0,0,0
766309625,NODE_B4BFE934ED80,child,8,F4:2D:C9:73:E6:19,-97,88,591,591,3,0,0,0,0
766409628,NODE_B4BFE934ED80,child,8,F4:2D:C9:73:E6:19,-97,88,591,591,3,0,0,0,0
766509636,NODE_B4BFE934ED80,child,8,F4:2D:C9:73:E6:19,-97,88,591,591,3,0,0,0,0
766609625,NODE_B4BFE934ED80,child,8,F4:2D:C9:73:E6:19,-97,88,591,591,3,0,0,0,0
766709628,NODE_B4BFE934ED80,child,8,F4:2D:C9:73:E6:19,-97,88,591,591,3,0,0,0,0
766809632,NODE_B4BFE934ED80,child,8,F4:2D:C9:73:E6:19,-97,88,591,591,3,0,0,0,0
766909629,NODE_B4BFE934ED80,child,8,F4:2D:C9:73:E6:19,-97,88,591,591,3,0,0,0,0
767009632,NODE_B4BFE934ED80,child,8,F4:2D:C9:73:E6:19,-97,88,591,591,3,0,0,0,0
767109636,NODE_B4BFE934ED80,child,8,F4:2D:C9:73:E6:19,-95,88,592,592,3,0,0,0,0
767209625,NODE_B4BFE934ED80,child,8,F4:2D:C9:73:E6:19,-95,88,592,592,3,0,0,0,0
767309624,NODE_B4BFE934ED80,child,8,F4:2D:C9:73:E6:19,-95,88,592,592,3,0,0,0,0
767409624,NODE_B4BFE934ED80,child,8,F4:2D:C9:73:E6:19,-95,88,592,592,3,0,0,0,0
767509625,NODE_B4BFE934ED80,child,8,F4:2D:C9:73:E6:19,-95,88,592,592,3,0,0,0,0
767609632,NODE_B4BFE934ED80,child,8,F4:2D:C9:73:E6:19,-95,88,592,592,3,0,0,0,0
767709628,NODE_B4BFE934ED80,child,8,F4:2D:C9:73:E6:19,-95,88,592,592,3,0,0,0,0
767809633,NODE_B4BFE934ED80,child,8,F4:2D:C9:73:E6:19,-95,88,592,592,3,0,0,0,0
767909624,NODE_B4BFE934ED80,child,8,F4:2D:C9:73:E6:19,-95,88,592,592,3,0,0,0,0
768009628,NODE_B4BFE934ED80,child,8,F4:2D:C9:73:E6:19,-95,88,592,592,3,0,0,0,0
768109633,NODE_B4BFE934ED80,child,8,F4:2D:C9:73:E6:19,-95,88,593,593,3,0,0,0,0
768209628,NODE_B4BFE934ED80,child,8,F4:2D:C9:73:E6:19,-95,88,593,593,3,0,0,0,0
768309636,NODE_B4BFE934ED80,child,8,F4:2D:C9:73:E6:19,-95,88,593,593,3,0,0,0,0
768409625,NODE_B4BFE934ED80,child,8,F4:2D:C9:73:E6:19,-95,88,593,593,3,0,0,0,0
768509624,NODE_B4BFE934ED80,child,8,F4:2D:C9:73:E6:19,-95,88,593,593,3,0,0,0,0
768609624,NODE_B4BFE934ED80,child,8,F4:2D:C9:73:E6:19,-95,88,593,593,3,0,0,0,0
768709629,NODE_B4BFE934ED80,child,8,F4:2D:C9:73:E6:19,-95,88,593,593,3,0,0,0,0
768809624,NODE_B4BFE934ED80,child,8,F4:2D:C9:73:E6:19,-95,88,593,593,3,0,0,0,0
768909624,NODE_B4BFE934ED80,child,8,F4:2D:C9:73:E6:19,-95,88,593,593,3,0,0,0,0
769009633,NODE_B4BFE934ED80,child,8,F4:2D:C9:73:E6:19,-95,88,593,593,3,0,0,0,0
769109636,NODE_B4BFE934ED80,child,8,F4:2D:C9:73:E6:19,-95,88,593,593,3,0,0,0,0
769209628,NODE_B4BFE934ED80,child,8,F4:2D:C9:73:E6:19,-95,88,594,594,3,0,0,0,0
769309625,NODE_B4BFE934ED80,child,8,F4:2D:C9:73:E6:19,-95,88,594,594,3,0,0,0,0
769409624,NODE_B4BFE934ED80,child,8,F4:2D:C9:73:E6:19,-95,88,594,594,3,0,0,0,0
769509624,NODE_B4BFE934ED80,child,8,F4:2D:C9:73:E6:19,-95,88,594,594,3,0,0,0,0
769609633,NODE_B4BFE934ED80,child,8,F4:2D:C9:73:E6:19,-95,88,594,594,3,0,0,0,0
769709628,NODE_B4BFE934ED80,child,8,F4:2D:C9:73:E6:19,-95,88,594,594,3,0,0,0,0
769809636,NODE_B4BFE934ED80,child,8,F4:2D:C9:73:E6:19,-95,88,594,594,3,0,0,0,0
769909629,NODE_B4BFE934ED80,child,8,F4:2D:C9:73:E6:19,-95,88,594,594,3,0,0,0,0
770009628,NODE_B4BFE934ED80,child,8,F4:2D:C9:73:E6:19,-95,88,594,594,3,0,0,0,0
770109624,NODE_B4BFE934ED80,child,8,F4:2D:C9:73:E6:19,-95,88,594,594,3,0,0,0,0
770209637,NODE_B4BFE934ED80,child,8,F4:2D:C9:73:E6:19,-94,88,595,595,3,0,0,0,0
770309636,NODE_B4BFE934ED80,child,8,F4:2D:C9:73:E6:19,-94,88,595,595,3,0,0,0,0
770409624,NODE_B4BFE934ED80,child,8,F4:2D:C9:73:E6:19,-94,88,595,595,3,0,0,0,0
770509625,NODE_B4BFE934ED80,child,8,F4:2D:C9:73:E6:19,-94,88,595,595,3,0,0,0,0
770609632,NODE_B4BFE934ED80,child,8,F4:2D:C9:73:E6:19,-94,88,595,595,3,0,0,0,0
770709624,NODE_B4BFE934ED80,child,8,F4:2D:C9:73:E6:19,-94,88,595,595,3,0,0,0,0
770809629,NODE_B4BFE934ED80,child,8,F4:2D:C9:73:E6:19,-94,88,595,595,3,0,0,0,0
770909624,NODE_B4BFE934ED80,child,8,F4:2D:C9:73:E6:19,-94,88,595,595,3,0,0,0,0
771009636,NODE_B4BFE934ED80,child,8,F4:2D:C9:73:E6:19,-94,88,595,595,3,0,0,0,0
771109625,NODE_B4BFE934ED80,child,8,F4:2D:C9:73:E6:19,-94,88,595,595,3,0,0,0,0
771209632,NODE_B4BFE934ED80,child,8,F4:2D:C9:73:E6:19,-94,88,595,595,3,0,0,0,0
771309628,NODE_B4BFE934ED80,child,8,F4:2D:C9:73:E6:19,-94,88,596,596,3,0,0,0,0
771409625,NODE_B4BFE934ED80,child,8,F4:2D:C9:73:E6:19,-94,88,596,596,3,0,0,0,0
771509624,NODE_B4BFE934ED80,child,8,F4:2D:C9:73:E6:19,-94,88,596,596,3,0,0,0,0
771609636,NODE_B4BFE934ED80,child,8,F4:2D:C9:73:E6:19,-94,88,596,596,3,0,0,0,0
771709625,NODE_B4BFE934ED80,child,8,F4:2D:C9:73:E6:19,-94,88,596,596,3,0,0,0,0
771809624,NODE_B4BFE934ED80,child,8,F4:2D:C9:73:E6:19,-94,88,596,596,3,0,0,0,0
771909624,NODE_B4BFE934ED80,child,8,F4:2D:C9:73:E6:19,-94,88,596,596,3,0,0,0,0
772009629,NODE_B4BFE934ED80,child,8,F4:2D:C9:73:E6:19,-94,88,596,596,3,0,0,0,0
772109632,NODE_B4BFE934ED80,child,8,F4:2D:C9:73:E6:19,-94,88,596,596,3,0,0,0,0
772209632,NODE_B4BFE934ED80,child,8,F4:2D:C9:73:E6:19,-98,88,596,596,3,0,0,0,0
772309629,NODE_B4BFE934ED80,child,8,F4:2D:C9:73:E6:19,-98,88,597,597,3,0,0,0,0
772409624,NODE_B4BFE934ED80,child,8,F4:2D:C9:73:E6:19,-98,88,597,597,3,0,0,0,0
772509628,NODE_B4BFE934ED80,child,8,F4:2D:C9:73:E6:19,-98,88,597,597,3,0,0,0,0
772609625,NODE_B4BFE934ED80,child,8,F4:2D:C9:73:E6:19,-98,88,597,597,3,0,0,0,0
772709624,NODE_B4BFE934ED80,child,8,F4:2D:C9:73:E6:19,-98,88,597,597,3,0,0,0,0
772809636,NODE_B4BFE934ED80,child,8,F4:2D:C9:73:E6:19,-98,88,597,597,3,0,0,0,0
772909625,NODE_B4BFE934ED80,child,8,F4:2D:C9:73:E6:19,-98,88,597,597,3,0,0,0,0
773009628,NODE_B4BFE934ED80,child,8,F4:2D:C9:73:E6:19,-98,88,597,597,3,0,0,0,0
773109624,NODE_B4BFE934ED80,child,8,F4:2D:C9:73:E6:19,-98,88,597,597,3,0,0,0,0
773209637,NODE_B4BFE934ED80,child,8,F4:2D:C9:73:E6:19,-94,88,597,597,3,0,0,0,0
773309632,NODE_B4BFE934ED80,child,8,F4:2D:C9:73:E6:19,-94,88,598,598,3,0,0,0,0
773409628,NODE_B4BFE934ED80,child,8,F4:2D:C9:73:E6:19,-94,88,598,598,3,0,0,0,0
773509637,NODE_B4BFE934ED80,child,8,F4:2D:C9:73:E6:19,-94,88,598,598,3,0,0,0,0
773609628,NODE_B4BFE934ED80,child,8,F4:2D:C9:73:E6:19,-94,88,598,598,3,0,0,0,0
773709624,NODE_B4BFE934ED80,child,8,F4:2D:C9:73:E6:19,-94,88,598,598,3,0,0,0,0
773809625,NODE_B4BFE934ED80,child,8,F4:2D:C9:73:E6:19,-94,88,598,598,3,0,0,0,0
773909628,NODE_B4BFE934ED80,child,8,F4:2D:C9:73:E6:19,-94,88,598,598,3,0,0,0,0
774009628,NODE_B4BFE934ED80,child,8,F4:2D:C9:73:E6:19,-94,88,598,598,3,0,0,0,0
774109633,NODE_B4BFE934ED80,child,8,F4:2D:C9:73:E6:19,-94,88,598,598,3,0,0,0,0
774209624,NODE_B4BFE934ED80,child,8,F4:2D:C9:73:E6:19,-94,88,598,598,3,0,0,0,0
774309628,NODE_B4BFE934ED80,child,8,F4:2D:C9:73:E6:19,-93,88,599,599,3,0,0,0,0
774409625,NODE_B4BFE934ED80,child,8,F4:2D:C9:73:E6:19,-93,88,599,599,3,0,0,0,0
774509624,NODE_B4BFE934ED80,child,8,F4:2D:C9:73:E6:19,-93,88,599,599,3,0,0,0,0
774609624,NODE_B4BFE934ED80,child,8,F4:2D:C9:73:E6:19,-93,88,599,599,3,0,0,0,0
774709625,NODE_B4BFE934ED80,child,8,F4:2D:C9:73:E6:19,-93,88,599,599,3,0,0,0,0
774809628,NODE_B4BFE934ED80,child,8,F4:2D:C9:73:E6:19,-93,88,599,599,3,0,0,0,0
774909632,NODE_B4BFE934ED80,child,8,F4:2D:C9:73:E6:19,-93,88,599,599,3,0,0,0,0
775009629,NODE_B4BFE934ED80,child,8,F4:2D:C9:73:E6:19,-93,88,599,599,3,0,0,0,0
775109624,NODE_B4BFE934ED80,child,8,F4:2D:C9:73:E6:19,-93,88,599,599,3,0,0,0,0
775209628,NODE_B4BFE934ED80,child,8,F4:2D:C9:73:E6:19,-93,88,599,599,3,0,0,0,0
775309629,NODE_B4BFE934ED80,child,8,F4:2D:C9:73:E6:19,-93,88,600,600,3,0,0,0,0
775409624,NODE_B4BFE934ED80,child,8,F4:2D:C9:73:E6:19,-93,88,600,600,3,0,0,0,0
775509636,NODE_B4BFE934ED80,child,8,F4:2D:C9:73:E6:19,-93,88,600,600,3,0,0,0,0
775609625,NODE_B4BFE934ED80,child,8,F4:2D:C9:73:E6:19,-93,88,600,600,3,0,0,0,0
775709624,NODE_B4BFE934ED80,child,8,F4:2D:C9:73:E6:19,-93,88,600,600,3,0,0,0,0
775809624,NODE_B4BFE934ED80,child,8,F4:2D:C9:73:E6:19,-93,88,600,600,3,0,0,0,0
775909633,NODE_B4BFE934ED80,child,8,F4:2D:C9:73:E6:19,-93,88,600,600,3,0,0,0,0
776009628,NODE_B4BFE934ED80,child,8,F4:2D:C9:73:E6:19,-93,88,600,600,3,0,0,0,0
776109632,NODE_B4BFE934ED80,child,8,F4:2D:C9:73:E6:19,-93,88,600,600,3,0,0,0,0
776209625,NODE_B4BFE934ED80,child,8,F4:2D:C9:73:E6:19,-93,88,600,600,3,0,0,0,0
776309636,NODE_B4BFE934ED80,child,8,F4:2D:C9:73:E6:19,-96,88,601,601,3,0,0,0,0
776409624,NODE_B4BFE934ED80,child,8,F4:2D:C9:73:E6:19,-96,88,601,601,3,0,0,0,0
776509625,NODE_B4BFE934ED80,child,8,F4:2D:C9:73:E6:19,-96,88,601,601,3,0,0,0,0
776609632,NODE_B4BFE934ED80,child,8,F4:2D:C9:73:E6:19,-96,88,601,601,3,0,0,0,0
776709624,NODE_B4BFE934ED80,child,8,F4:2D:C9:73:E6:19,-96,88,601,601,3,0,0,0,0
776809637,NODE_B4BFE934ED80,child,8,F4:2D:C9:73:E6:19,-96,88,601,601,3,0,0,0,0
776909628,NODE_B4BFE934ED80,child,8,F4:2D:C9:73:E6:19,-96,88,601,601,3,0,0,0,0
777009628,NODE_B4BFE934ED80,child,8,F4:2D:C9:73:E6:19,-96,88,601,601,3,0,0,0,0
777109625,NODE_B4BFE934ED80,child,8,F4:2D:C9:73:E6:19,-96,88,601,601,3,0,0,0,0
777209628,NODE_B4BFE934ED80,child,8,F4:2D:C9:73:E6:19,-96,88,601,601,3,0,0,0,0
777309636,NODE_B4BFE934ED80,child,8,F4:2D:C9:73:E6:19,-95,88,602,602,3,0,0,0,0
777409625,NODE_B4BFE934ED80,child,8,F4:2D:C9:73:E6:19,-95,88,602,602,3,0,0,0,0
777509632,NODE_B4BFE934ED80,child,8,F4:2D:C9:73:E6:19,-95,88,602,602,3,0,0,0,0
777609624,NODE_B4BFE934ED80,child,8,F4:2D:C9:73:E6:19,-95,88,602,602,3,0,0,0,0
777709625,NODE_B4BFE934ED80,child,8,F4:2D:C9:73:E6:19,-95,88,602,602,3,0,0,0,0
777809628,NODE_B4BFE934ED80,child,8,F4:2D:C9:73:E6:19,-95,88,602,602,3,0,0,0,0
777909624,NODE_B4BFE934ED80,child,8,F4:2D:C9:73:E6:19,-95,88,602,602,3,0,0,0,0
778009641,NODE_B4BFE934ED80,child,8,F4:2D:C9:73:E6:19,-95,88,602,602,3,0,0,0,0
778109624,NODE_B4BFE934ED80,child,8,F4:2D:C9:73:E6:19,-95,88,602,602,3,0,0,0,0
778209628,NODE_B4BFE934ED80,child,8,F4:2D:C9:73:E6:19,-95,88,602,602,3,0,0,0,0
778309633,NODE_B4BFE934ED80,child,8,F4:2D:C9:73:E6:19,-95,88,603,603,3,0,0,0,0
778409636,NODE_B4BFE934ED80,child,8,F4:2D:C9:73:E6:19,-96,88,603,603,3,0,0,0,0
778509628,NODE_B4BFE934ED80,child,8,F4:2D:C9:73:E6:19,-96,88,603,603,3,0,0,0,0
778609637,NODE_B4BFE934ED80,child,8,F4:2D:C9:73:E6:19,-96,88,603,603,3,0,0,0,0
778709632,NODE_B4BFE934ED80,child,8,F4:2D:C9:73:E6:19,-96,88,603,603,3,0,0,0,0
778809624,NODE_B4BFE934ED80,child,8,F4:2D:C9:73:E6:19,-96,88,603,603,3,0,0,0,0
778909625,NODE_B4BFE934ED80,child,8,F4:2D:C9:73:E6:19,-96,88,603,603,3,0,0,0,0
779009636,NODE_B4BFE934ED80,child,8,F4:2D:C9:73:E6:19,-96,88,603,603,3,0,0,0,0
779109624,NODE_B4BFE934ED80,child,8,F4:2D:C9:73:E6:19,-96,88,603,603,3,0,0,0,0
779209625,NODE_B4BFE934ED80,child,8,F4:2D:C9:73:E6:19,-96,88,603,603,3,0,0,0,0
779309628,NODE_B4BFE934ED80,child,8,F4:2D:C9:73:E6:19,-96,88,604,604,3,0,0,0,0
779409636,NODE_B4BFE934ED80,child,8,F4:2D:C9:73:E6:19,-97,88,604,604,3,0,0,0,0
779509625,NODE_B4BFE934ED80,child,8,F4:2D:C9:73:E6:19,-97,88,604,604,3,0,0,0,0
779609624,NODE_B4BFE934ED80,child,8,F4:2D:C9:73:E6:19,-97,88,604,604,3,0,0,0,0
779709624,NODE_B4BFE934ED80,child,8,F4:2D:C9:73:E6:19,-97,88,604,604,3,0,0,0,0
779809633,NODE_B4BFE934ED80,child,8,F4:2D:C9:73:E6:19,-97,88,604,604,3,0,0,0,0
779909624,NODE_B4BFE934ED80,child,8,F4:2D:C9:73:E6:19,-97,88,604,604,3,0,0,0,0
780009640,NODE_B4BFE934ED80,child,8,F4:2D:C9:73:E6:19,-97,88,604,604,3,0,0,0,0
780109625,NODE_B4BFE934ED80,child,8,F4:2D:C9:73:E6:19,-97,88,604,604,3,0,0,0,0
780209624,NODE_B4BFE934ED80,child,8,F4:2D:C9:73:E6:19,-97,88,604,604,3,0,0,0,0
780309628,NODE_B4BFE934ED80,child,8,F4:2D:C9:73:E6:19,-97,88,605,605,3,0,0,0,0
780409633,NODE_B4BFE934ED80,child,8,F4:2D:C9:73:E6:19,-95,88,605,605,3,0,0,0,0
780509624,NODE_B4BFE934ED80,child,8,F4:2D:C9:73:E6:19,-95,88,605,605,3,0,0,0,0
780609632,NODE_B4BFE934ED80,child,8,F4:2D:C9:73:E6:19,-95,88,605,605,3,0,0,0,0
780709625,NODE_B4BFE934ED80,child,8,F4:2D:C9:73:E6:19,-95,88,605,605,3,0,0,0,0
780809624,NODE_B4BFE934ED80,child,8,F4:2D:C9:73:E6:19,-95,88,605,605,3,0,0,0,0
780909624,NODE_B4BFE934ED80,child,8,F4:2D:C9:73:E6:19,-95,88,605,605,3,0,0,0,0
781009633,NODE_B4BFE934ED80,child,8,F4:2D:C9:73:E6:19,-95,88,605,605,3,0,0,0,0
781109624,NODE_B4BFE934ED80,child,8,F4:2D:C9:73:E6:19,-95,88,605,605,3,0,0,0,0
781209624,NODE_B4BFE934ED80,child,8,F4:2D:C9:73:E6:19,-95,88,605,605,3,0,0,0,0
781309629,NODE_B4BFE934ED80,child,8,F4:2D:C9:73:E6:19,-95,88,606,606,3,0,0,0,0
781409632,NODE_B4BFE934ED80,child,8,F4:2D:C9:73:E6:19,-93,88,606,606,3,0,0,0,0
781509624,NODE_B4BFE934ED80,child,8,F4:2D:C9:73:E6:19,-93,88,606,606,3,0,0,0,0
781609633,NODE_B4BFE934ED80,child,8,F4:2D:C9:73:E6:19,-93,88,606,606,3,0,0,0,0
781709624,NODE_B4BFE934ED80,child,8,F4:2D:C9:73:E6:19,-93,88,606,606,3,0,0,0,0
781809624,NODE_B4BFE934ED80,child,8,F4:2D:C9:73:E6:19,-93,88,606,606,3,0,0,0,0
781909625,NODE_B4BFE934ED80,child,8,F4:2D:C9:73:E6:19,-93,88,606,606,3,0,0,0,0
782009632,NODE_B4BFE934ED80,child,8,F4:2D:C9:73:E6:19,-93,88,606,606,3,0,0,0,0
782109628,NODE_B4BFE934ED80,child,8,F4:2D:C9:73:E6:19,-93,88,606,606,3,0,0,0,0
782209625,NODE_B4BFE934ED80,child,8,F4:2D:C9:73:E6:19,-93,88,606,606,3,0,0,0,0
782309632,NODE_B4BFE934ED80,child,8,F4:2D:C9:73:E6:19,-93,88,607,607,3,0,0,0,0
782409624,NODE_B4BFE934ED80,child,8,F4:2D:C9:73:E6:19,-93,88,607,607,3,0,0,0,0
782509629,NODE_B4BFE934ED80,child,8,F4:2D:C9:73:E6:19,-93,88,607,607,3,0,0,0,0
782609632,NODE_B4BFE934ED80,child,8,F4:2D:C9:73:E6:19,-93,88,607,607,3,0,0,0,0
782709632,NODE_B4BFE934ED80,child,8,F4:2D:C9:73:E6:19,-93,88,607,607,3,0,0,0,0
782809629,NODE_B4BFE934ED80,child,8,F4:2D:C9:73:E6:19,-93,88,607,607,3,0,0,0,0
782909624,NODE_B4BFE934ED80,child,8,F4:2D:C9:73:E6:19,-93,88,607,607,3,0,0,0,0
783009628,NODE_B4BFE934ED80,child,8,F4:2D:C9:73:E6:19,-93,88,607,607,3,0,0,0,0
783109629,NODE_B4BFE934ED80,child,8,F4:2D:C9:73:E6:19,-93,88,607,607,3,0,0,0,0
783209624,NODE_B4BFE934ED80,child,8,F4:2D:C9:73:E6:19,-93,88,607,607,3,0,0,0,0
783309636,NODE_B4BFE934ED80,child,8,F4:2D:C9:73:E6:19,-93,88,608,608,3,0,0,0,0
783409629,NODE_B4BFE934ED80,child,8,F4:2D:C9:73:E6:19,-93,88,608,608,3,0,0,0,0
783509636,NODE_B4BFE934ED80,child,8,F4:2D:C9:73:E6:19,-96,88,608,608,3,0,0,0,0
783609624,NODE_B4BFE934ED80,child,8,F4:2D:C9:73:E6:19,-96,88,608,608,3,0,0,0,0
783709625,NODE_B4BFE934ED80,child,8,F4:2D:C9:73:E6:19,-96,88,608,608,3,0,0,0,0
783809628,NODE_B4BFE934ED80,child,8,F4:2D:C9:73:E6:19,-96,88,608,608,3,0,0,0,0
783909628,NODE_B4BFE934ED80,child,8,F4:2D:C9:73:E6:19,-96,88,608,608,3,0,0,0,0
784009625,NODE_B4BFE934ED80,child,8,F4:2D:C9:73:E6:19,-96,88,608,608,3,0,0,0,0
784109632,NODE_B4BFE934ED80,child,8,F4:2D:C9:73:E6:19,-96,88,608,608,3,0,0,0,0
784209624,NODE_B4BFE934ED80,child,8,F4:2D:C9:73:E6:19,-96,88,608,608,3,0,0,0,0
784309633,NODE_B4BFE934ED80,child,8,F4:2D:C9:73:E6:19,-96,88,609,609,3,0,0,0,0
784409624,NODE_B4BFE934ED80,child,8,F4:2D:C9:73:E6:19,-96,88,609,609,3,0,0,0,0
784509636,NODE_B4BFE934ED80,child,8,F4:2D:C9:73:E6:19,-95,88,609,609,3,0,0,0,0
784609629,NODE_B4BFE934ED80,child,8,F4:2D:C9:73:E6:19,-95,88,609,609,3,0,0,0,0
784709640,NODE_B4BFE934ED80,child,8,F4:2D:C9:73:E6:19,-95,88,609,609,3,0,0,0,0
784809628,NODE_B4BFE934ED80,child,8,F4:2D:C9:73:E6:19,-95,88,609,609,3,0,0,0,0
784909629,NODE_B4BFE934ED80,child,8,F4:2D:C9:73:E6:19,-95,88,609,609,3,0,0,0,0
785009628,NODE_B4BFE934ED80,child,8,F4:2D:C9:73:E6:19,-95,88,609,609,3,0,0,0,0
785109640,NODE_B4BFE934ED80,child,8,F4:2D:C9:73:E6:19,-95,88,609,609,3,0,0,0,0
785209625,NODE_B4BFE934ED80,child,8,F4:2D:C9:73:E6:19,-95,88,609,609,3,0,0,0,0
785309628,NODE_B4BFE934ED80,child,8,F4:2D:C9:73:E6:19,-95,88,610,610,3,0,0,0,0
785409628,NODE_B4BFE934ED80,child,8,F4:2D:C9:73:E6:19,-95,88,610,610,3,0,0,0,0
785509633,NODE_B4BFE934ED80,child,8,F4:2D:C9:73:E6:19,-93,88,610,610,3,0,0,0,0
785609624,NODE_B4BFE934ED80,child,8,F4:2D:C9:73:E6:19,-93,88,610,610,3,0,0,0,0
785709624,NODE_B4BFE934ED80,child,8,F4:2D:C9:73:E6:19,-93,88,610,610,3,0,0,0,0
785809633,NODE_B4BFE934ED80,child,8,F4:2D:C9:73:E6:19,-93,88,610,610,3,0,0,0,0
785909624,NODE_B4BFE934ED80,child,8,F4:2D:C9:73:E6:19,-93,88,610,610,3,0,0,0,0
786009628,NODE_B4BFE934ED80,child,8,F4:2D:C9:73:E6:19,-93,88,610,610,3,0,0,0,0
786109629,NODE_B4BFE934ED80,child,8,F4:2D:C9:73:E6:19,-93,88,610,610,3,0,0,0,0
786209624,NODE_B4BFE934ED80,child,8,F4:2D:C9:73:E6:19,-93,88,610,610,3,0,0,0,0
786309636,NODE_B4BFE934ED80,child,8,F4:2D:C9:73:E6:19,-93,88,611,611,3,0,0,0,0
786409625,NODE_B4BFE934ED80,child,8,F4:2D:C9:73:E6:19,-93,88,611,611,3,0,0,0,0
786509632,NODE_B4BFE934ED80,child,8,F4:2D:C9:73:E6:19,-93,88,611,611,3,0,0,0,0
786609632,NODE_B4BFE934ED80,child,8,F4:2D:C9:73:E6:19,-95,88,611,611,3,0,0,0,0
786709633,NODE_B4BFE934ED80,child,8,F4:2D:C9:73:E6:19,-95,88,611,611,3,0,0,0,0
786809624,NODE_B4BFE934ED80,child,8,F4:2D:C9:73:E6:19,-95,88,611,611,3,0,0,0,0
786909624,NODE_B4BFE934ED80,child,8,F4:2D:C9:73:E6:19,-95,88,611,611,3,0,0,0,0
787009629,NODE_B4BFE934ED80,child,8,F4:2D:C9:73:E6:19,-95,88,611,611,3,0,0,0,0
787109632,NODE_B4BFE934ED80,child,8,F4:2D:C9:73:E6:19,-95,88,611,611,3,0,0,0,0
787209628,NODE_B4BFE934ED80,child,8,F4:2D:C9:73:E6:19,-95,88,611,611,3,0,0,0,0
787309629,NODE_B4BFE934ED80,child,8,F4:2D:C9:73:E6:19,-95,88,612,612,3,0,0,0,0
787409624,NODE_B4BFE934ED80,child,8,F4:2D:C9:73:E6:19,-95,88,612,612,3,0,0,0,0
787509624,NODE_B4BFE934ED80,child,8,F4:2D:C9:73:E6:19,-95,88,612,612,3,0,0,0,0
787609633,NODE_B4BFE934ED80,child,8,F4:2D:C9:73:E6:19,-95,88,612,612,3,0,0,0,0
787709624,NODE_B4BFE934ED80,child,8,F4:2D:C9:73:E6:19,-95,88,612,612,3,0,0,0,0
787809632,NODE_B4BFE934ED80,child,8,F4:2D:C9:73:E6:19,-95,88,612,612,3,0,0,0,0
787909625,NODE_B4BFE934ED80,child,8,F4:2D:C9:73:E6:19,-95,88,612,612,3,0,0,0,0
788009628,NODE_B4BFE934ED80,child,8,F4:2D:C9:73:E6:19,-95,88,612,612,3,0,0,0,0
788109624,NODE_B4BFE934ED80,child,8,F4:2D:C9:73:E6:19,-95,88,612,612,3,0,0,0,0
788209637,NODE_B4BFE934ED80,child,8,F4:2D:C9:73:E6:19,-95,88,612,612,3,0,0,0,0
788309628,NODE_B4BFE934ED80,child,8,F4:2D:C9:73:E6:19,-95,88,613,613,3,0,0,0,0
788409628,NODE_B4BFE934ED80,child,8,F4:2D:C9:73:E6:19,-95,88,613,613,3,0,0,0,0
788509637,NODE_B4BFE934ED80,child,8,F4:2D:C9:73:E6:19,-95,88,613,613,3,0,0,0,0
788609640,NODE_B4BFE934ED80,child,8,F4:2D:C9:73:E6:19,-96,88,613,613,3,0,0,0,0
788709632,NODE_B4BFE934ED80,child,8,F4:2D:C9:73:E6:19,-96,88,613,613,3,0,0,0,0
788809625,NODE_B4BFE934ED80,child,8,F4:2D:C9:73:E6:19,-96,88,613,613,3,0,0,0,0
788909624,NODE_B4BFE934ED80,child,8,F4:2D:C9:73:E6:19,-96,88,613,613,3,0,0,0,0
789009628,NODE_B4BFE934ED80,child,8,F4:2D:C9:73:E6:19,-96,88,613,613,3,0,0,0,0
789109633,NODE_B4BFE934ED80,child,8,F4:2D:C9:73:E6:19,-96,88,613,613,3,0,0,0,0
789209628,NODE_B4BFE934ED80,child,8,F4:2D:C9:73:E6:19,-96,88,613,613,3,0,0,0,0
789309632,NODE_B4BFE934ED80,child,8,F4:2D:C9:73:E6:19,-96,88,614,614,3,0,0,0,0
789409625,NODE_B4BFE934ED80,child,8,F4:2D:C9:73:E6:19,-96,88,614,614,3,0,0,0,0
789509624,NODE_B4BFE934ED80,child,8,F4:2D:C9:73:E6:19,-96,88,614,614,3,0,0,0,0
789609640,NODE_B4BFE934ED80,child,8,F4:2D:C9:73:E6:19,-95,88,614,614,3,0,0,0,0
789709625,NODE_B4BFE934ED80,child,8,F4:2D:C9:73:E6:19,-95,88,614,614,3,0,0,0,0
789809624,NODE_B4BFE934ED80,child,8,F4:2D:C9:73:E6:19,-95,88,614,614,3,0,0,0,0
789909632,NODE_B4BFE934ED80,child,8,F4:2D:C9:73:E6:19,-95,88,614,614,3,0,0,0,0
790009629,NODE_B4BFE934ED80,child,8,F4:2D:C9:73:E6:19,-95,88,614,614,3,0,0,0,0
790109624,NODE_B4BFE934ED80,child,8,F4:2D:C9:73:E6:19,-95,88,614,614,3,0,0,0,0
790209628,NODE_B4BFE934ED80,child,8,F4:2D:C9:73:E6:19,-95,88,614,614,3,0,0,0,0
790309629,NODE_B4BFE934ED80,child,8,F4:2D:C9:73:E6:19,-95,88,615,615,3,0,0,0,0
790409624,NODE_B4BFE934ED80,child,8,F4:2D:C9:73:E6:19,-95,88,615,615,3,0,0,0,0
790509624,NODE_B4BFE934ED80,child,8,F4:2D:C9:73:E6:19,-95,88,615,615,3,0,0,0,0
790609625,NODE_B4BFE934ED80,child,8,F4:2D:C9:73:E6:19,-95,88,615,615,3,0,0,0,0
790709636,NODE_B4BFE934ED80,child,8,F4:2D:C9:73:E6:19,-94,88,615,615,3,0,0,0,0
790809628,NODE_B4BFE934ED80,child,8,F4:2D:C9:73:E6:19,-94,88,615,615,3,0,0,0,0
790909625,NODE_B4BFE934ED80,child,8,F4:2D:C9:73:E6:19,-94,88,615,615,3,0,0,0,0
791009632,NODE_B4BFE934ED80,child,8,F4:2D:C9:73:E6:19,-94,88,615,615,3,0,0,0,0
791109624,NODE_B4BFE934ED80,child,8,F4:2D:C9:73:E6:19,-94,88,615,615,3,0,0,0,0
791209625,NODE_B4BFE934ED80,child,8,F4:2D:C9:73:E6:19,-94,88,615,615,3,0,0,0,0
791309632,NODE_B4BFE934ED80,child,8,F4:2D:C9:73:E6:19,-94,88,616,616,3,0,0,0,0
791409624,NODE_B4BFE934ED80,child,8,F4:2D:C9:73:E6:19,-94,88,616,616,3,0,0,0,0
791509633,NODE_B4BFE934ED80,child,8,F4:2D:C9:73:E6:19,-94,88,616,616,3,0,0,0,0
791609636,NODE_B4BFE934ED80,child,8,F4:2D:C9:73:E6:19,-94,88,616,616,3,0,0,0,0
791709636,NODE_B4BFE934ED80,child,8,F4:2D:C9:73:E6:19,-95,88,616,616,3,0,0,0,0
791809625,NODE_B4BFE934ED80,child,8,F4:2D:C9:73:E6:19,-95,88,616,616,3,0,0,0,0
791909624,NODE_B4BFE934ED80,child,8,F4:2D:C9:73:E6:19,-95,88,616,616,3,0,0,0,0
792009628,NODE_B4BFE934ED80,child,8,F4:2D:C9:73:E6:19,-95,88,616,616,3,0,0,0,0
792109625,NODE_B4BFE934ED80,child,8,F4:2D:C9:73:E6:19,-95,88,616,616,3,0,0,0,0
792209624,NODE_B4BFE934ED80,child,8,F4:2D:C9:73:E6:19,-95,88,616,616,3,0,0,0,0
792309632,NODE_B4BFE934ED80,child,8,F4:2D:C9:73:E6:19,-95,88,617,617,3,0,0,0,0
792409625,NODE_B4BFE934ED80,child,8,F4:2D:C9:73:E6:19,-95,88,617,617,3,0,0,0,0
792509624,NODE_B4BFE934ED80,child,8,F4:2D:C9:73:E6:19,-95,88,617,617,3,0,0,0,0
792609624,NODE_B4BFE934ED80,child,8,F4:2D:C9:73:E6:19,-95,88,617,617,3,0,0,0,0
792709633,NODE_B4BFE934ED80,child,8,F4:2D:C9:73:E6:19,-95,88,617,617,3,0,0,0,0
792809624,NODE_B4BFE934ED80,child,8,F4:2D:C9:73:E6:19,-95,88,617,617,3,0,0,0,0
792909624,NODE_B4BFE934ED80,child,8,F4:2D:C9:73:E6:19,-95,88,617,617,3,0,0,0,0
793009633,NODE_B4BFE934ED80,child,8,F4:2D:C9:73:E6:19,-95,88,617,617,3,0,0,0,0
793109624,NODE_B4BFE934ED80,child,8,F4:2D:C9:73:E6:19,-95,88,617,617,3,0,0,0,0
793209779,NODE_B4BFE934ED80,child,8,F4:2D:C9:73:E6:19,-95,88,617,617,3,0,0,0,0
793309637,NODE_B4BFE934ED80,child,8,F4:2D:C9:73:E6:19,-95,88,618,618,3,0,0,0,0
793409632,NODE_B4BFE934ED80,child,8,F4:2D:C9:73:E6:19,-95,88,618,618,3,0,0,0,0
793509624,NODE_B4BFE934ED80,child,8,F4:2D:C9:73:E6:19,-95,88,618,618,3,0,0,0,0
793609633,NODE_B4BFE934ED80,child,8,F4:2D:C9:73:E6:19,-95,88,618,618,3,0,0,0,0
793709632,NODE_B4BFE934ED80,child,8,F4:2D:C9:73:E6:19,-94,88,618,618,3,0,0,0,0
793809624,NODE_B4BFE934ED80,child,8,F4:2D:C9:73:E6:19,-94,88,618,618,3,0,0,0,0
793909625,NODE_B4BFE934ED80,child,8,F4:2D:C9:73:E6:19,-94,88,618,618,3,0,0,0,0
794009628,NODE_B4BFE934ED80,child,8,F4:2D:C9:73:E6:19,-94,88,618,618,3,0,0,0,0
794109624,NODE_B4BFE934ED80,child,8,F4:2D:C9:73:E6:19,-94,88,618,618,3,0,0,0,0
794209625,NODE_B4BFE934ED80,child,8,F4:2D:C9:73:E6:19,-94,88,618,618,3,0,0,0,0
794309636,NODE_B4BFE934ED80,child,8,F4:2D:C9:73:E6:19,-94,88,619,619,3,0,0,0,0
794409624,NODE_B4BFE934ED80,child,8,F4:2D:C9:73:E6:19,-94,88,619,619,3,0,0,0,0
794509625,NODE_B4BFE934ED80,child,8,F4:2D:C9:73:E6:19,-94,88,619,619,3,0,0,0,0
794609624,NODE_B4BFE934ED80,child,8,F4:2D:C9:73:E6:19,-94,88,619,619,3,0,0,0,0
794709632,NODE_B4BFE934ED80,child,8,F4:2D:C9:73:E6:19,-98,88,619,619,3,0,0,0,0
794809629,NODE_B4BFE934ED80,child,8,F4:2D:C9:73:E6:19,-98,88,619,619,3,0,0,0,0
794909624,NODE_B4BFE934ED80,child,8,F4:2D:C9:73:E6:19,-98,88,619,619,3,0,0,0,0
795009636,NODE_B4BFE934ED80,child,8,F4:2D:C9:73:E6:19,-98,88,619,619,3,0,0,0,0
795109629,NODE_B4BFE934ED80,child,8,F4:2D:C9:73:E6:19,-98,88,619,619,3,0,0,0,0
795209624,NODE_B4BFE934ED80,child,8,F4:2D:C9:73:E6:19,-98,88,619,619,3,0,0,0,0
795309624,NODE_B4BFE934ED80,child,8,F4:2D:C9:73:E6:19,-98,88,620,620,3,0,0,0,0
795409633,NODE_B4BFE934ED80,child,8,F4:2D:C9:73:E6:19,-98,88,620,620,3,0,0,0,0
795509624,NODE_B4BFE934ED80,child,8,F4:2D:C9:73:E6:19,-98,88,620,620,3,0,0,0,0
795609632,NODE_B4BFE934ED80,child,8,F4:2D:C9:73:E6:19,-98,88,620,620,3,0,0,0,0
795709625,NODE_B4BFE934ED80,child,8,F4:2D:C9:73:E6:19,-98,88,620,620,3,0,0,0,0
795809632,NODE_B4BFE934ED80,child,8,F4:2D:C9:73:E6:19,-97,88,620,620,3,0,0,0,0
795909632,NODE_B4BFE934ED80,child,8,F4:2D:C9:73:E6:19,-97,88,620,620,3,0,0,0,0
796009629,NODE_B4BFE934ED80,child,8,F4:2D:C9:73:E6:19,-97,88,620,620,3,0,0,0,0
796109632,NODE_B4BFE934ED80,child,8,F4:2D:C9:73:E6:19,-97,88,620,620,3,0,0,0,0
796209624,NODE_B4BFE934ED80,child,8,F4:2D:C9:73:E6:19,-97,88,620,620,3,0,0,0,0
796309629,NODE_B4BFE934ED80,child,8,F4:2D:C9:73:E6:19,-97,88,621,621,3,0,0,0,0
796409632,NODE_B4BFE934ED80,child,8,F4:2D:C9:73:E6:19,-97,88,621,621,3,0,0,0,0
796509624,NODE_B4BFE934ED80,child,8,F4:2D:C9:73:E6:19,-97,88,621,621,3,0,0,0,0
796609625,NODE_B4BFE934ED80,child,8,F4:2D:C9:73:E6:19,-97,88,621,621,3,0,0,0,0
796709628,NODE_B4BFE934ED80,child,8,F4:2D:C9:73:E6:19,-97,88,621,621,3,0,0,0,0
796809640,NODE_B4BFE934ED80,child,8,F4:2D:C9:73:E6:19,-93,88,621,621,3,0,0,0,0
796909625,NODE_B4BFE934ED80,child,8,F4:2D:C9:73:E6:19,-93,88,621,621,3,0,0,0,0
797009628,NODE_B4BFE934ED80,child,8,F4:2D:C9:73:E6:19,-93,88,621,621,3,0,0,0,0
797109624,NODE_B4BFE934ED80,child,8,F4:2D:C9:73:E6:19,-93,88,621,621,3,0,0,0,0
797209625,NODE_B4BFE934ED80,child,8,F4:2D:C9:73:E6:19,-93,88,621,621,3,0,0,0,0
797309628,NODE_B4BFE934ED80,child,8,F4:2D:C9:73:E6:19,-93,88,622,622,3,0,0,0,0
797409628,NODE_B4BFE934ED80,child,8,F4:2D:C9:73:E6:19,-93,88,622,622,3,0,0,0,0
797509774,NODE_B4BFE934ED80,child,8,F4:2D:C9:73:E6:19,-93,88,622,622,3,0,0,0,0
797609624,NODE_B4BFE934ED80,child,8,F4:2D:C9:73:E6:19,-93,88,622,622,3,0,0,0,0
797709624,NODE_B4BFE934ED80,child,8,F4:2D:C9:73:E6:19,-93,88,622,622,3,0,0,0,0
797809637,NODE_B4BFE934ED80,child,8,F4:2D:C9:73:E6:19,-95,88,622,622,3,0,0,0,0
797909624,NODE_B4BFE934ED80,child,8,F4:2D:C9:73:E6:19,-95,88,622,622,3,0,0,0,0
798009628,NODE_B4BFE934ED80,child,8,F4:2D:C9:73:E6:19,-95,88,622,622,3,0,0,0,0
798109633,NODE_B4BFE934ED80,child,8,F4:2D:C9:73:E6:19,-95,88,622,622,3,0,0,0,0
798209624,NODE_B4BFE934ED80,child,8,F4:2D:C9:73:E6:19,-95,88,622,622,3,0,0,0,0
798309632,NODE_B4BFE934ED80,child,8,F4:2D:C9:73:E6:19,-95,88,623,623,3,0,0,0,0
798409633,NODE_B4BFE934ED80,child,8,F4:2D:C9:73:E6:19,-95,88,623,623,3,0,0,0,0
798509628,NODE_B4BFE934ED80,child,8,F4:2D:C9:73:E6:19,-95,88,623,623,3,0,0,0,0
798609636,NODE_B4BFE934ED80,child,8,F4:2D:C9:73:E6:19,-95,88,623,623,3,0,0,0,0
798709625,NODE_B4BFE934ED80,child,8,F4:2D:C9:73:E6:19,-95,88,623,623,3,0,0,0,0
798809640,NODE_B4BFE934ED80,child,8,F4:2D:C9:73:E6:19,-94,88,623,623,3,0,0,0,0
798909624,NODE_B4BFE934ED80,child,8,F4:2D:C9:73:E6:19,-94,88,623,623,3,0,0,0,0
799009629,NODE_B4BFE934ED80,child,8,F4:2D:C9:73:E6:19,-94,88,623,623,3,0,0,0,0
799109624,NODE_B4BFE934ED80,child,8,F4:2D:C9:73:E6:19,-94,88,623,623,3,0,0,0,0
799209624,NODE_B4BFE934ED80,child,8,F4:2D:C9:73:E6:19,-94,88,623,623,3,0,0,0,0
799309625,NODE_B4BFE934ED80,child,8,F4:2D:C9:73:E6:19,-94,88,624,624,3,0,0,0,0
799409624,NODE_B4BFE934ED80,child,8,F4:2D:C9:73:E6:19,-94,88,624,624,3,0,0,0,0
799509640,NODE_B4BFE934ED80,child,8,F4:2D:C9:73:E6:19,-94,88,624,624,3,0,0,0,0
799609629,NODE_B4BFE934ED80,child,8,F4:2D:C9:73:E6:19,-94,88,624,624,3,0,0,0,0
799709624,NODE_B4BFE934ED80,child,8,F4:2D:C9:73:E6:19,-94,88,624,624,3,0,0,0,0
799809632,NODE_B4BFE934ED80,child,8,F4:2D:C9:73:E6:19,-94,88,624,624,3,0,0,0,0
799909637,NODE_B4BFE934ED80,child,8,F4:2D:C9:73:E6:19,-97,88,624,624,3,0,0,0,0
800009628,NODE_B4BFE934ED80,child,8,F4:2D:C9:73:E6:19,-97,88,624,624,3,0,0,0,0
800109636,NODE_B4BFE934ED80,child,8,F4:2D:C9:73:E6:19,-97,88,624,624,3,0,0,0,0
800209625,NODE_B4BFE934ED80,child,8,F4:2D:C9:73:E6:19,-97,88,624,624,3,0,0,0,0
800309624,NODE_B4BFE934ED80,child,8,F4:2D:C9:73:E6:19,-97,88,625,625,3,0,0,0,0
800409624,NODE_B4BFE934ED80,child,8,F4:2D:C9:73:E6:19,-97,88,625,625,3,0,0,0,0
800509637,NODE_B4BFE934ED80,child,8,F4:2D:C9:73:E6:19,-97,88,625,625,3,0,0,0,0
800609628,NODE_B4BFE934ED80,child,8,F4:2D:C9:73:E6:19,-97,88,625,625,3,0,0,0,0
800709624,NODE_B4BFE934ED80,child,8,F4:2D:C9:73:E6:19,-97,88,625,625,3,0,0,0,0
800809637,NODE_B4BFE934ED80,child,8,F4:2D:C9:73:E6:19,-97,88,625,625,3,0,0,0,0
800909632,NODE_B4BFE934ED80,child,8,F4:2D:C9:73:E6:19,-93,88,625,625,3,0,0,0,0
801009628,NODE_B4BFE934ED80,child,8,F4:2D:C9:73:E6:19,-93,88,625,625,3,0,0,0,0
801109625,NODE_B4BFE934ED80,child,8,F4:2D:C9:73:E6:19,-93,88,625,625,3,0,0,0,0
801209624,NODE_B4BFE934ED80,child,8,F4:2D:C9:73:E6:19,-93,88,625,625,3,0,0,0,0
801309628,NODE_B4BFE934ED80,child,8,F4:2D:C9:73:E6:19,-93,88,626,626,3,0,0,0,0
801409625,NODE_B4BFE934ED80,child,8,F4:2D:C9:73:E6:19,-93,88,626,626,3,0,0,0,0
801509636,NODE_B4BFE934ED80,child,8,F4:2D:C9:73:E6:19,-93,88,626,626,3,0,0,0,0
801609624,NODE_B4BFE934ED80,child,8,F4:2D:C9:73:E6:19,-93,88,626,626,3,0,0,0,0
801709629,NODE_B4BFE934ED80,child,8,F4:2D:C9:73:E6:19,-93,88,626,626,3,0,0,0,0
801809632,NODE_B4BFE934ED80,child,8,F4:2D:C9:73:E6:19,-93,88,626,626,3,0,0,0,0
801909640,NODE_B4BFE934ED80,child,8,F4:2D:C9:73:E6:19,-96,88,626,626,3,0,0,0,0
802009637,NODE_B4BFE934ED80,child,8,F4:2D:C9:73:E6:19,-96,88,626,626,3,0,0,0,0
802109624,NODE_B4BFE934ED80,child,8,F4:2D:C9:73:E6:19,-96,88,626,626,3,0,0,0,0
802209624,NODE_B4BFE934ED80,child,8,F4:2D:C9:73:E6:19,-96,88,626,626,3,0,0,0,0
802309629,NODE_B4BFE934ED80,child,8,F4:2D:C9:73:E6:19,-96,88,626,626,3,0,0,0,0
802409628,NODE_B4BFE934ED80,child,8,F4:2D:C9:73:E6:19,-96,88,627,627,3,0,0,0,0
802509632,NODE_B4BFE934ED80,child,8,F4:2D:C9:73:E6:19,-96,88,627,627,3,0,0,0,0
802609633,NODE_B4BFE934ED80,child,8,F4:2D:C9:73:E6:19,-96,88,627,627,3,0,0,0,0
802709624,NODE_B4BFE934ED80,child,8,F4:2D:C9:73:E6:19,-96,88,627,627,3,0,0,0,0
802809632,NODE_B4BFE934ED80,child,8,F4:2D:C9:73:E6:19,-96,88,627,627,3,0,0,0,0
802909633,NODE_B4BFE934ED80,child,8,F4:2D:C9:73:E6:19,-96,88,627,627,3,0,0,0,0
803009628,NODE_B4BFE934ED80,child,8,F4:2D:C9:73:E6:19,-96,88,627,627,3,0,0,0,0
803109624,NODE_B4BFE934ED80,child,8,F4:2D:C9:73:E6:19,-96,88,627,627,3,0,0,0,0
803209625,NODE_B4BFE934ED80,child,8,F4:2D:C9:73:E6:19,-96,88,627,627,3,0,0,0,0
803309632,NODE_B4BFE934ED80,child,8,F4:2D:C9:73:E6:19,-96,88,627,627,3,0,0,0,0
803409628,NODE_B4BFE934ED80,child,8,F4:2D:C9:73:E6:19,-96,88,628,628,3,0,0,0,0
803509629,NODE_B4BFE934ED80,child,8,F4:2D:C9:73:E6:19,-96,88,628,628,3,0,0,0,0
803609640,NODE_B4BFE934ED80,child,8,F4:2D:C9:73:E6:19,-96,88,628,628,3,0,0,0,0
803709624,NODE_B4BFE934ED80,child,8,F4:2D:C9:73:E6:19,-96,88,628,628,3,0,0,0,0
803809625,NODE_B4BFE934ED80,child,8,F4:2D:C9:73:E6:19,-96,88,628,628,3,0,0,0,0
803909624,NODE_B4BFE934ED80,child,8,F4:2D:C9:73:E6:19,-96,88,628,628,3,0,0,0,0
804009640,NODE_B4BFE934ED80,child,8,F4:2D:C9:73:E6:19,-98,88,628,628,3,0,0,0,0
804109625,NODE_B4BFE934ED80,child,8,F4:2D:C9:73:E6:19,-98,88,628,628,3,0,0,0,0
804209624,NODE_B4BFE934ED80,child,8,F4:2D:C9:73:E6:19,-98,88,628,628,3,0,0,0,0
804309624,NODE_B4BFE934ED80,child,8,F4:2D:C9:73:E6:19,-98,88,628,628,3,0,0,0,0
804409629,NODE_B4BFE934ED80,child,8,F4:2D:C9:73:E6:19,-98,88,629,629,3,0,0,0,0
804509624,NODE_B4BFE934ED80,child,8,F4:2D:C9:73:E6:19,-98,88,629,629,3,0,0,0,0
804609636,NODE_B4BFE934ED80,child,8,F4:2D:C9:73:E6:19,-98,88,629,629,3,0,0,0,0
804709625,NODE_B4BFE934ED80,child,8,F4:2D:C9:73:E6:19,-98,88,629,629,3,0,0,0,0
804809624,NODE_B4BFE934ED80,child,8,F4:2D:C9:73:E6:19,-98,88,629,629,3,0,0,0,0
804909624,NODE_B4BFE934ED80,child,8,F4:2D:C9:73:E6:19,-98,88,629,629,3,0,0,0,0
805009641,NODE_B4BFE934ED80,child,8,F4:2D:C9:73:E6:19,-94,88,629,629,3,0,0,0,0
805109624,NODE_B4BFE934ED80,child,8,F4:2D:C9:73:E6:19,-94,88,629,629,3,0,0,0,0
805209628,NODE_B4BFE934ED80,child,8,F4:2D:C9:73:E6:19,-94,88,629,629,3,0,0,0,0
805309637,NODE_B4BFE934ED80,child,8,F4:2D:C9:73:E6:19,-94,88,629,629,3,0,0,0,0
805409628,NODE_B4BFE934ED80,child,8,F4:2D:C9:73:E6:19,-94,88,630,630,3,0,0,0,0
805509624,NODE_B4BFE934ED80,child,8,F4:2D:C9:73:E6:19,-94,88,630,630,3,0,0,0,0
805609633,NODE_B4BFE934ED80,child,8,F4:2D:C9:73:E6:19,-94,88,630,630,3,0,0,0,0
805709628,NODE_B4BFE934ED80,child,8,F4:2D:C9:73:E6:19,-94,88,630,630,3,0,0,0,0
805809624,NODE_B4BFE934ED80,child,8,F4:2D:C9:73:E6:19,-94,88,630,630,3,0,0,0,0
805909629,NODE_B4BFE934ED80,child,8,F4:2D:C9:73:E6:19,-94,88,630,630,3,0,0,0,0
806009902,NODE_B4BFE934ED80,child,8,F4:2D:C9:73:E6:19,-94,88,630,630,3,0,0,0,0
806109624,NODE_B4BFE934ED80,child,8,F4:2D:C9:73:E6:19,-94,88,630,630,3,0,0,0,0
806209625,NODE_B4BFE934ED80,child,8,F4:2D:C9:73:E6:19,-94,88,630,630,3,0,0,0,0
806309624,NODE_B4BFE934ED80,child,8,F4:2D:C9:73:E6:19,-94,88,630,630,3,0,0,0,0
806409628,NODE_B4BFE934ED80,child,8,F4:2D:C9:73:E6:19,-94,88,630,630,3,0,0,0,0
806509633,NODE_B4BFE934ED80,child,8,F4:2D:C9:73:E6:19,-94,88,630,630,3,0,0,0,0
806609644,NODE_B4BFE934ED80,child,8,F4:2D:C9:73:E6:19,-94,88,630,630,3,0,0,0,0
806709632,NODE_B4BFE934ED80,child,8,F4:2D:C9:73:E6:19,-94,88,631,631,3,0,0,0,0
806809625,NODE_B4BFE934ED80,child,8,F4:2D:C9:73:E6:19,-94,88,631,631,3,0,0,0,0
806909632,NODE_B4BFE934ED80,child,8,F4:2D:C9:73:E6:19,-94,88,631,631,3,0,0,0,0
807009628,NODE_B4BFE934ED80,child,8,F4:2D:C9:73:E6:19,-94,88,631,631,3,0,0,0,0
807109637,NODE_B4BFE934ED80,child,8,F4:2D:C9:73:E6:19,-94,88,631,631,3,0,0,0,0
807209624,NODE_B4BFE934ED80,child,8,F4:2D:C9:73:E6:19,-94,88,631,631,3,0,0,0,0
807309624,NODE_B4BFE934ED80,child,8,F4:2D:C9:73:E6:19,-94,88,631,631,3,0,0,0,0
807409625,NODE_B4BFE934ED80,child,8,F4:2D:C9:73:E6:19,-94,88,631,631,3,0,0,0,0
807509624,NODE_B4BFE934ED80,child,8,F4:2D:C9:73:E6:19,-94,88,631,631,3,0,0,0,0
807609624,NODE_B4BFE934ED80,child,8,F4:2D:C9:73:E6:19,-94,88,631,631,3,0,0,0,0
807709633,NODE_B4BFE934ED80,child,8,F4:2D:C9:73:E6:19,-94,88,631,631,3,0,0,0,0
807809632,NODE_B4BFE934ED80,child,8,F4:2D:C9:73:E6:19,-94,88,632,632,3,0,0,0,0
807909624,NODE_B4BFE934ED80,child,8,F4:2D:C9:73:E6:19,-94,88,632,632,3,0,0,0,0
808009629,NODE_B4BFE934ED80,child,8,F4:2D:C9:73:E6:19,-94,88,632,632,3,0,0,0,0
808109636,NODE_B4BFE934ED80,child,8,F4:2D:C9:73:E6:19,-94,88,632,632,3,0,0,0,0
808209624,NODE_B4BFE934ED80,child,8,F4:2D:C9:73:E6:19,-94,88,632,632,3,0,0,0,0
808309625,NODE_B4BFE934ED80,child,8,F4:2D:C9:73:E6:19,-94,88,632,632,3,0,0,0,0
808409628,NODE_B4BFE934ED80,child,8,F4:2D:C9:73:E6:19,-94,88,632,632,3,0,0,0,0
808509636,NODE_B4BFE934ED80,child,8,F4:2D:C9:73:E6:19,-94,88,632,632,3,0,0,0,0
808609625,NODE_B4BFE934ED80,child,8,F4:2D:C9:73:E6:19,-94,88,632,632,3,0,0,0,0
808709628,NODE_B4BFE934ED80,child,8,F4:2D:C9:73:E6:19,-94,88,632,632,3,0,0,0,0
808809636,NODE_B4BFE934ED80,child,8,F4:2D:C9:73:E6:19,-94,88,633,633,3,0,0,0,0
808909625,NODE_B4BFE934ED80,child,8,F4:2D:C9:73:E6:19,-94,88,633,633,3,0,0,0,0
809009628,NODE_B4BFE934ED80,child,8,F4:2D:C9:73:E6:19,-94,88,633,633,3,0,0,0,0
809109640,NODE_B4BFE934ED80,child,8,F4:2D:C9:73:E6:19,-94,88,633,633,3,0,0,0,0
809209625,NODE_B4BFE934ED80,child,8,F4:2D:C9:73:E6:19,-94,88,633,633,3,0,0,0,0
809309624,NODE_B4BFE934ED80,child,8,F4:2D:C9:73:E6:19,-94,88,633,633,3,0,0,0,0
809409624,NODE_B4BFE934ED80,child,8,F4:2D:C9:73:E6:19,-94,88,633,633,3,0,0,0,0
809509625,NODE_B4BFE934ED80,child,8,F4:2D:C9:73:E6:19,-94,88,633,633,3,0,0,0,0
809609632,NODE_B4BFE934ED80,child,8,F4:2D:C9:73:E6:19,-94,88,633,633,3,0,0,0,0
809709628,NODE_B4BFE934ED80,child,8,F4:2D:C9:73:E6:19,-94,88,633,633,3,0,0,0,0
809809633,NODE_B4BFE934ED80,child,8,F4:2D:C9:73:E6:19,-94,88,634,634,3,0,0,0,0
809909624,NODE_B4BFE934ED80,child,8,F4:2D:C9:73:E6:19,-94,88,634,634,3,0,0,0,0
810009628,NODE_B4BFE934ED80,child,8,F4:2D:C9:73:E6:19,-94,88,634,634,3,0,0,0,0
810109633,NODE_B4BFE934ED80,child,8,F4:2D:C9:73:E6:19,-94,88,634,634,3,0,0,0,0
810209628,NODE_B4BFE934ED80,child,8,F4:2D:C9:73:E6:19,-94,88,634,634,3,0,0,0,0
810309628,NODE_B4BFE934ED80,child,8,F4:2D:C9:73:E6:19,-94,88,634,634,3,0,0,0,0
810409625,NODE_B4BFE934ED80,child,8,F4:2D:C9:73:E6:19,-94,88,634,634,3,0,0,0,0
810509636,NODE_B4BFE934ED80,child,8,F4:2D:C9:73:E6:19,-94,88,634,634,3,0,0,0,0
810609624,NODE_B4BFE934ED80,child,8,F4:2D:C9:73:E6:19,-94,88,634,634,3,0,0,0,0
810709629,NODE_B4BFE934ED80,child,8,F4:2D:C9:73:E6:19,-94,88,634,634,3,0,0,0,0
810809632,NODE_B4BFE934ED80,child,8,F4:2D:C9:73:E6:19,-94,88,635,635,3,0,0,0,0
810909624,NODE_B4BFE934ED80,child,8,F4:2D:C9:73:E6:19,-94,88,635,635,3,0,0,0,0
811009629,NODE_B4BFE934ED80,child,8,F4:2D:C9:73:E6:19,-94,88,635,635,3,0,0,0,0
811109640,NODE_B4BFE934ED80,child,8,F4:2D:C9:73:E6:19,-96,88,635,635,3,0,0,0,0
811209628,NODE_B4BFE934ED80,child,8,F4:2D:C9:73:E6:19,-96,88,635,635,3,0,0,0,0
811309633,NODE_B4BFE934ED80,child,8,F4:2D:C9:73:E6:19,-96,88,635,635,3,0,0,0,0
811409624,NODE_B4BFE934ED80,child,8,F4:2D:C9:73:E6:19,-96,88,635,635,3,0,0,0,0
811509624,NODE_B4BFE934ED80,child,8,F4:2D:C9:73:E6:19,-96,88,635,635,3,0,0,0,0
811609625,NODE_B4BFE934ED80,child,8,F4:2D:C9:73:E6:19,-96,88,635,635,3,0,0,0,0
811709628,NODE_B4BFE934ED80,child,8,F4:2D:C9:73:E6:19,-96,88,635,635,3,0,0,0,0
811809988,NODE_B4BFE934ED80,child,8,F4:2D:C9:73:E6:19,-96,88,636,636,3,0,0,0,0
811909629,NODE_B4BFE934ED80,child,8,F4:2D:C9:73:E6:19,-96,88,636,636,3,0,0,0,0
812009632,NODE_B4BFE934ED80,child,8,F4:2D:C9:73:E6:19,-96,88,636,636,3,0,0,0,0
812109624,NODE_B4BFE934ED80,child,8,F4:2D:C9:73:E6:19,-96,88,636,636,3,0,0,0,0
812209637,NODE_B4BFE934ED80,child,8,F4:2D:C9:73:E6:19,-96,88,636,636,3,0,0,0,0
812309624,NODE_B4BFE934ED80,child,8,F4:2D:C9:73:E6:19,-96,88,636,636,3,0,0,0,0
812409624,NODE_B4BFE934ED80,child,8,F4:2D:C9:73:E6:19,-96,88,636,636,3,0,0,0,0
812509637,NODE_B4BFE934ED80,child,8,F4:2D:C9:73:E6:19,-96,88,636,636,3,0,0,0,0
812609624,NODE_B4BFE934ED80,child,8,F4:2D:C9:73:E6:19,-96,88,636,636,3,0,0,0,0
812709624,NODE_B4BFE934ED80,child,8,F4:2D:C9:73:E6:19,-96,88,636,636,3,0,0,0,0
812809633,NODE_B4BFE934ED80,child,8,F4:2D:C9:73:E6:19,-96,88,637,637,3,0,0,0,0
812909624,NODE_B4BFE934ED80,child,8,F4:2D:C9:73:E6:19,-96,88,637,637,3,0,0,0,0
813009632,NODE_B4BFE934ED80,child,8,F4:2D:C9:73:E6:19,-96,88,637,637,3,0,0,0,0
813109625,NODE_B4BFE934ED80,child,8,F4:2D:C9:73:E6:19,-96,88,637,637,3,0,0,0,0
813209636,NODE_B4BFE934ED80,child,8,F4:2D:C9:73:E6:19,-95,88,637,637,3,0,0,0,0
813309624,NODE_B4BFE934ED80,child,8,F4:2D:C9:73:E6:19,-95,88,637,637,3,0,0,0,0
813409625,NODE_B4BFE934ED80,child,8,F4:2D:C9:73:E6:19,-95,88,637,637,3,0,0,0,0
813509628,NODE_B4BFE934ED80,child,8,F4:2D:C9:73:E6:19,-95,88,637,637,3,0,0,0,0
813609636,NODE_B4BFE934ED80,child,8,F4:2D:C9:73:E6:19,-95,88,637,637,3,0,0,0,0
813709629,NODE_B4BFE934ED80,child,8,F4:2D:C9:73:E6:19,-95,88,637,637,3,0,0,0,0
813809632,NODE_B4BFE934ED80,child,8,F4:2D:C9:73:E6:19,-95,88,637,637,3,0,0,0,0
813909628,NODE_B4BFE934ED80,child,8,F4:2D:C9:73:E6:19,-95,88,638,638,3,0,0,0,0
814009629,NODE_B4BFE934ED80,child,8,F4:2D:C9:73:E6:19,-95,88,638,638,3,0,0,0,0
814109624,NODE_B4BFE934ED80,child,8,F4:2D:C9:73:E6:19,-95,88,638,638,3,0,0,0,0
814209632,NODE_B4BFE934ED80,child,8,F4:2D:C9:73:E6:19,-95,88,638,638,3,0,0,0,0
814309637,NODE_B4BFE934ED80,child,8,F4:2D:C9:73:E6:19,-95,88,638,638,3,0,0,0,0
814409624,NODE_B4BFE934ED80,child,8,F4:2D:C9:73:E6:19,-95,88,638,638,3,0,0,0,0
814509624,NODE_B4BFE934ED80,child,8,F4:2D:C9:73:E6:19,-95,88,638,638,3,0,0,0,0
814609633,NODE_B4BFE934ED80,child,8,F4:2D:C9:73:E6:19,-95,88,638,638,3,0,0,0,0
814709624,NODE_B4BFE934ED80,child,8,F4:2D:C9:73:E6:19,-95,88,638,638,3,0,0,0,0
814809636,NODE_B4BFE934ED80,child,8,F4:2D:C9:73:E6:19,-95,88,638,638,3,0,0,0,0
814909629,NODE_B4BFE934ED80,child,8,F4:2D:C9:73:E6:19,-95,88,639,639,3,0,0,0,0
815009632,NODE_B4BFE934ED80,child,8,F4:2D:C9:73:E6:19,-95,88,639,639,3,0,0,0,0
815109624,NODE_B4BFE934ED80,child,8,F4:2D:C9:73:E6:19,-95,88,639,639,3,0,0,0,0
815209637,NODE_B4BFE934ED80,child,8,F4:2D:C9:73:E6:19,-97,88,639,639,3,0,0,0,0
815309628,NODE_B4BFE934ED80,child,8,F4:2D:C9:73:E6:19,-97,88,639,639,3,0,0,0,0
