timestamp_us,node_id,role,layer,parent_mac,rssi_dbm,retry_count,tx_count,probes_count,phase_id,gt_label,recv_count,forward_count,drop_count
5559637,NODE_704BCA25B768,child,5,20:50:0D:E7:1C:39,-67,0,3,3,0,0,0,0,0
5659640,NODE_704BCA25B768,child,5,20:50:0D:E7:1C:39,-67,0,3,3,0,0,0,0,0
5760391,NODE_704BCA25B768,child,5,20:50:0D:E7:1C:39,-67,0,3,3,0,0,0,0,0
5859633,NODE_704BCA25B768,child,5,20:50:0D:E7:1C:39,-67,0,4,4,0,0,0,0,0
5959632,NODE_704BCA25B768,child,5,20:50:0D:E7:1C:39,-67,0,4,4,0,0,0,0,0
6059640,NODE_704BCA25B768,child,5,20:50:0D:E7:1C:39,-67,0,4,4,0,0,0,0,0
6159637,NODE_704BCA25B768,child,5,20:50:0D:E7:1C:39,-67,0,4,4,0,0,0,0,0
6259624,NODE_704BCA25B768,child,5,20:50:0D:E7:1C:39,-67,0,4,4,0,0,0,0,0
6359632,NODE_704BCA25B768,child,5,20:50:0D:E7:1C:39,-67,0,4,4,0,0,0,0,0
6459633,NODE_704BCA25B768,child,5,20:50:0D:E7:1C:39,-67,0,4,4,0,0,0,0,0
6559632,NODE_704BCA25B768,child,5,20:50:0D:E7:1C:39,-67,0,4,4,0,0,0,0,0
6659624,NODE_704BCA25B768,child,5,20:50:0D:E7:1C:39,-67,0,4,4,0,0,0,0,0
6760398,NODE_704BCA25B768,child,5,20:50:0D:E7:1C:39,-67,0,4,4,0,0,0,0,0
6859628,NODE_704BCA25B768,child,5,20:50:0D:E7:1C:39,-67,0,5,5,0,0,0,0,0
6959632,NODE_704BCA25B768,child,5,20:50:0D:E7:1C:39,-67,0,5,5,0,0,0,0,0
7059637,NODE_704BCA25B768,child,5,20:50:0D:E7:1C:39,-67,0,5,5,0,0,0,0,0
7159624,NODE_704BCA25B768,child,5,20:50:0D:E7:1C:39,-67,0,5,5,0,0,0,0,0
7259628,NODE_704BCA25B768,child,5,20:50:0D:E7:1C:39,-67,0,5,5,0,0,0,0,0
7359637,NODE_704BCA25B768,child,5,20:50:0D:E7:1C:39,-67,0,5,5,0,0,0,0,0
7459632,NODE_704BCA25B768,child,5,20:50:0D:E7:1C:39,-67,0,5,5,0,0,0,0,0
7559636,NODE_704BCA25B768,child,5,20:50:0D:E7:1C:39,-67,0,5,5,0,0,0,0,0
7659637,NODE_704BCA25B768,child,5,20:50:0D:E7:1C:39,-67,0,5,5,0,0,0,0,0
7760386,NODE_704BCA25B768,child,5,20:50:0D:E7:1C:39,-67,0,5,5,0,0,0,0,0
7859628,NODE_704BCA25B768,child,5,20:50:0D:E7:1C:39,-67,0,6,6,0,0,0,0,0
7959641,NODE_704BCA25B768,child,5,20:50:0D:E7:1C:39,-67,0,6,6,0,0,0,0,0
8059624,NODE_704BCA25B768,child,5,20:50:0D:E7:1C:39,-67,0,6,6,0,0,0,0,0
8159628,NODE_704BCA25B768,child,5,20:50:0D:E7:1C:39,-67,0,6,6,0,0,0,0,0
8259637,NODE_704BCA25B768,child,5,20:50:0D:E7:1C:39,-67,0,6,6,0,0,0,0,0
8359636,NODE_704BCA25B768,child,5,20:50:0D:E7:1C:39,-67,0,6,6,0,0,0,0,0
8459632,NODE_704BCA25B768,child,5,20:50:0D:E7:1C:39,-67,0,6,6,0,0,0,0,0
8559637,NODE_704BCA25B768,child,5,20:50:0D:E7:1C:39,-67,0,6,6,0,0,0,0,0
8659624,NODE_704BCA25B768,child,5,20:50:0D:E7:1C:39,-67,0,6,6,0,0,0,0,0
8760386,NODE_704BCA25B768,child,5,20:50:0D:E7:1C:39,-67,0,6,6,0,0,0,0,0
8859641,NODE_704BCA25B768,child,5,20:50:0D:E7:1C:39,-67,0,7,7,0,0,0,0,0
8959632,NODE_704BCA25B768,child,5,20:50:0D:E7:1C:39,-67,0,7,7,0,0,0,0,0
9059624,NODE_704BCA25B768,child,5,20:50:0D:E7:1C:39,-67,0,7,7,0,0,0,0,0
9159645,NODE_704BCA25B768,child,5,20:50:0D:E7:1C:39,-67,0,7,7,0,0,0,0,0
9259624,NODE_704BCA25B768,child,5,20:50:0D:E7:1C:39,-67,0,7,7,0,0,0,0,0
9359632,NODE_704BCA25B768,child,5,20:50:0D:E7:1C:39,-67,0,7,7,0,0,0,0,0
9459637,NODE_704BCA25B768,child,5,20:50:0D:E7:1C:39,-67,0,7,7,0,0,0,0,0
9559636,NODE_704BCA25B768,child,5,20:50:0D:E7:1C:39,-67,0,7,7,0,0,0,0,0
9659624,NODE_704BCA25B768,child,5,20:50:0D:E7:1C:39,-67,0,7,7,0,0,0,0,0
9760386,NODE_704BCA25B768,child,5,20:50:0D:E7:1C:39,-66,0,7,7,0,0,0,0,0
9859659,NODE_704BCA25B768,child,5,20:50:0D:E7:1C:39,-66,0,8,8,0,0,0,0,0
9959632,NODE_704BCA25B768,child,5,20:50:0D:E7:1C:39,-66,0,8,8,0,0,0,0,0
10059637,NODE_704BCA25B768,child,5,20:50:0D:E7:1C:39,-67,0,8,8,0,0,0,0,0
10159628,NODE_704BCA25B768,child,5,20:50:0D:E7:1C:39,-67,0,8,8,0,0,0,0,0
10259632,NODE_704BCA25B768,child,5,20:50:0D:E7:1C:39,-67,0,8,8,0,0,0,0,0
10359637,NODE_704BCA25B768,child,5,20:50:0D:E7:1C:39,-73,0,8,8,0,0,0,0,0
10459636,NODE_704BCA25B768,child,5,20:50:0D:E7:1C:39,-73,0,8,8,0,0,0,0,0
10559628,NODE_704BCA25B768,child,5,20:50:0D:E7:1C:39,-73,0,8,8,0,0,0,0,0
10659629,NODE_704BCA25B768,child,5,20:50:0D:E7:1C:39,-73,0,8,8,0,0,0,0,0
10760399,NODE_704BCA25B768,child,5,20:50:0D:E7:1C:39,-70,0,8,8,0,0,0,0,0
10859628,NODE_704BCA25B768,child,5,20:50:0D:E7:1C:39,-70,0,9,9,0,0,0,0,0
10959633,NODE_704BCA25B768,child,5,20:50:0D:E7:1C:39,-70,0,9,9,0,0,0,0,0
11059640,NODE_704BCA25B768,child,5,20:50:0D:E7:1C:39,-68,0,9,9,0,0,0,0,0
11159636,NODE_704BCA25B768,child,5,20:50:0D:E7:1C:39,-68,0,9,9,0,0,0,0,0
11259625,NODE_704BCA25B768,child,5,20:50:0D:E7:1C:39,-68,0,9,9,0,0,0,0,0
11359636,NODE_704BCA25B768,child,5,20:50:0D:E7:1C:39,-67,0,9,9,0,0,0,0,0
11459628,NODE_704BCA25B768,child,5,20:50:0D:E7:1C:39,-67,0,9,9,0,0,0,0,0
11559633,NODE_704BCA25B768,child,5,20:50:0D:E7:1C:39,-67,0,9,9,0,0,0,0,0
11659636,NODE_704BCA25B768,child,5,20:50:0D:E7:1C:39,-67,0,9,9,0,0,0,0,0
11760393,NODE_704BCA25B768,child,5,20:50:0D:E7:1C:39,-67,0,9,9,0,0,0,0,0
11859633,NODE_704BCA25B768,child,5,20:50:0D:E7:1C:39,-67,0,10,10,0,0,0,0,0
11959644,NODE_704BCA25B768,child,5,20:50:0D:E7:1C:39,-67,0,10,10,0,0,0,0,0
12059624,NODE_704BCA25B768,child,5,20:50:0D:E7:1C:39,-67,0,10,10,0,0,0,0,0
12159629,NODE_704BCA25B768,child,5,20:50:0D:E7:1C:39,-67,0,10,10,0,0,0,0,0
12259636,NODE_704BCA25B768,child,5,20:50:0D:E7:1C:39,-67,0,10,10,0,0,0,0,0
12359624,NODE_704BCA25B768,child,5,20:50:0D:E7:1C:39,-67,0,10,10,0,0,0,0,0
12459633,NODE_704BCA25B768,child,5,20:50:0D:E7:1C:39,-67,0,10,10,0,0,0,0,0
12559644,NODE_704BCA25B768,child,5,20:50:0D:E7:1C:39,-67,0,10,10,0,0,0,0,0
12659628,NODE_704BCA25B768,child,5,20:50:0D:E7:1C:39,-67,0,10,10,0,0,0,0,0
12760386,NODE_704BCA25B768,child,5,20:50:0D:E7:1C:39,-67,0,10,10,0,0,0,0,0
12859636,NODE_704BCA25B768,child,5,20:50:0D:E7:1C:39,-67,0,11,11,0,0,0,0,0
12959632,NODE_704BCA25B768,child,5,20:50:0D:E7:1C:39,-67,0,11,11,0,0,0,0,0
13059625,NODE_704BCA25B768,child,5,20:50:0D:E7:1C:39,-67,0,11,11,0,0,0,0,0
13159888,NODE_704BCA25B768,child,5,20:50:0D:E7:1C:39,-67,0,11,11,0,0,0,0,0
13259636,NODE_704BCA25B768,child,5,20:50:0D:E7:1C:39,-67,0,11,11,0,0,0,0,0
13359625,NODE_704BCA25B768,child,5,20:50:0D:E7:1C:39,-67,0,11,11,0,0,0,0,0
13459636,NODE_704BCA25B768,child,5,20:50:0D:E7:1C:39,-67,0,11,11,0,0,0,0,0
13559628,NODE_704BCA25B768,child,5,20:50:0D:E7:1C:39,-67,0,11,11,0,0,0,0,0
13659625,NODE_704BCA25B768,child,5,20:50:0D:E7:1C:39,-67,0,11,11,0,0,0,0,0
13760399,NODE_704BCA25B768,child,5,20:50:0D:E7:1C:39,-67,0,11,11,0,0,0,0,0
13859632,NODE_704BCA25B768,child,5,20:50:0D:E7:1C:39,-67,0,12,12,0,0,0,0,0
13959641,NODE_704BCA25B768,child,5,20:50:0D:E7:1C:39,-67,0,12,12,0,0,0,0,0
14059636,NODE_704BCA25B768,child,5,20:50:0D:E7:1C:39,-67,0,12,12,0,0,0,0,0
14159628,NODE_704BCA25B768,child,5,20:50:0D:E7:1C:39,-67,0,12,12,0,0,0,0,0
14259633,NODE_704BCA25B768,child,5,20:50:0D:E7:1C:39,-67,0,12,12,0,0,0,0,0
14359640,NODE_704BCA25B768,child,5,20:50:0D:E7:1C:39,-67,0,12,12,0,0,0,0,0
14459628,NODE_704BCA25B768,child,5,20:50:0D:E7:1C:39,-67,0,12,12,0,0,0,0,0
14559637,NODE_704BCA25B768,child,5,20:50:0D:E7:1C:39,-67,0,12,12,0,0,0,0,0
14659636,NODE_704BCA25B768,child,5,20:50:0D:E7:1C:39,-67,0,12,12,0,0,0,0,0
14760408,NODE_704BCA25B768,child,5,20:50:0D:E7:1C:39,-67,0,12,12,0,0,0,0,0
14859633,NODE_704BCA25B768,child,5,20:50:0D:E7:1C:39,-67,0,13,13,0,0,0,0,0
14959640,NODE_704BCA25B768,child,5,20:50:0D:E7:1C:39,-67,0,13,13,0,0,0,0,0
15059640,NODE_704BCA25B768,child,5,20:50:0D:E7:1C:39,-67,0,13,13,0,0,0,0,0
15159629,NODE_704BCA25B768,child,5,20:50:0D:E7:1C:39,-67,0,13,13,0,0,0,0,0
15259636,NODE_704BCA25B768,child,5,20:50:0D:E7:1C:39,-67,0,13,13,0,0,0,0,0
15359640,NODE_704BCA25B768,child,5,20:50:0D:E7:1C:39,-66,0,13,13,0,0,0,0,0
15459801,NODE_704BCA25B768,child,5,20:50:0D:E7:1C:39,-66,0,13,13,0,0,0,0,0
15559640,NODE_704BCA25B768,child,5,20:50:0D:E7:1C:39,-66,0,13,13,0,0,0,0,0
15659636,NODE_704BCA25B768,child,5,20:50:0D:E7:1C:39,-67,0,13,13,0,0,0,0,0
15760386,NODE_704BCA25B768,child,5,20:50:0D:E7:1C:39,-67,0,13,13,0,0,0,0,0
15859628,NODE_704BCA25B768,child,5,20:50:0D:E7:1C:39,-67,0,14,14,0,0,0,0,0
15959644,NODE_704BCA25B768,child,5,20:50:0D:E7:1C:39,-67,0,14,14,0,0,0,0,0
16059629,NODE_704BCA25B768,child,5,20:50:0D:E7:1C:39,-67,0,14,14,0,0,0,0,0
16159640,NODE_704BCA25B768,child,5,20:50:0D:E7:1C:39,-67,0,14,14,0,0,0,0,0
16259636,NODE_704BCA25B768,child,5,20:50:0D:E7:1C:39,-66,0,14,14,0,0,0,0,0
16359625,NODE_704BCA25B768,child,5,20:50:0D:E7:1C:39,-66,0,14,14,0,0,0,0,0
16459628,NODE_704BCA25B768,child,5,20:50:0D:E7:1C:39,-66,0,14,14,0,0,0,0,0
16559644,NODE_704BCA25B768,child,5,20:50:0D:E7:1C:39,-67,0,14,14,0,0,0,0,0
16659625,NODE_704BCA25B768,child,5,20:50:0D:E7:1C:39,-67,0,14,14,0,0,0,0,0
16760391,NODE_704BCA25B768,child,5,20:50:0D:E7:1C:39,-67,0,14,14,0,0,0,0,0
16859640,NODE_704BCA25B768,child,5,20:50:0D:E7:1C:39,-67,0,15,15,0,0,0,0,0
16959633,NODE_704BCA25B768,child,5,20:50:0D:E7:1C:39,-67,0,15,15,0,0,0,0,0
17059624,NODE_704BCA25B768,child,5,20:50:0D:E7:1C:39,-67,0,15,15,0,0,0,0,0
17159636,NODE_704BCA25B768,child,5,20:50:0D:E7:1C:39,-67,0,15,15,0,0,0,0,0
17259637,NODE_704BCA25B768,child,5,20:50:0D:E7:1C:39,-67,0,15,15,0,0,0,0,0
17359624,NODE_704BCA25B768,child,5,20:50:0D:E7:1C:39,-67,0,15,15,0,0,0,0,0
17459636,NODE_704BCA25B768,child,5,20:50:0D:E7:1C:39,-66,0,15,15,0,0,0,0,0
17559633,NODE_704BCA25B768,child,5,20:50:0D:E7:1C:39,-66,0,15,15,0,0,0,0,0
17659624,NODE_704BCA25B768,child,5,20:50:0D:E7:1C:39,-66,0,15,15,0,0,0,0,0
17760390,NODE_704BCA25B768,child,5,20:50:0D:E7:1C:39,-67,0,15,15,0,0,0,0,0
17859637,NODE_704BCA25B768,child,5,20:50:0D:E7:1C:39,-67,0,16,16,0,0,0,0,0
17959636,NODE_704BCA25B768,child,5,20:50:0D:E7:1C:39,-67,0,16,16,0,0,0,0,0
18059636,NODE_704BCA25B768,child,5,20:50:0D:E7:1C:39,-67,0,16,16,0,0,0,0,0
18159629,NODE_704BCA25B768,child,5,20:50:0D:E7:1C:39,-67,0,16,16,0,0,0,0,0
18259636,NODE_704BCA25B768,child,5,20:50:0D:E7:1C:39,-67,0,16,16,0,0,0,0,0
18359730,NODE_704BCA25B768,child,5,20:50:0D:E7:1C:39,-67,0,16,16,0,0,0,0,0
18459629,NODE_704BCA25B768,child,5,20:50:0D:E7:1C:39,-67,0,16,16,0,0,0,0,0
18559628,NODE_704BCA25B768,child,5,20:50:0D:E7:1C:39,-67,0,16,16,0,0,0,0,0
18659636,NODE_704BCA25B768,child,5,20:50:0D:E7:1C:39,-67,0,16,16,0,0,0,0,0
18760397,NODE_704BCA25B768,child,5,20:50:0D:E7:1C:39,-67,0,16,16,0,0,0,0,0
18859632,NODE_704BCA25B768,child,5,20:50:0D:E7:1C:39,-67,0,17,17,0,0,0,0,0
18959640,NODE_704BCA25B768,child,5,20:50:0D:E7:1C:39,-66,0,17,17,0,0,0,0,0
19059633,NODE_704BCA25B768,child,5,20:50:0D:E7:1C:39,-66,0,17,17,0,0,0,0,0
19159632,NODE_704BCA25B768,child,5,20:50:0D:E7:1C:39,-66,0,17,17,0,0,0,0,0
19259636,NODE_704BCA25B768,child,5,20:50:0D:E7:1C:39,-66,0,17,17,0,0,0,0,0
19359637,NODE_704BCA25B768,child,5,20:50:0D:E7:1C:39,-67,0,17,17,0,0,0,0,0
19459636,NODE_704BCA25B768,child,5,20:50:0D:E7:1C:39,-67,0,17,17,0,0,0,0,0
19559628,NODE_704BCA25B768,child,5,20:50:0D:E7:1C:39,-67,0,17,17,0,0,0,0,0
19659637,NODE_704BCA25B768,child,5,20:50:0D:E7:1C:39,-66,0,17,17,0,0,0,0,0
19760395,NODE_704BCA25B768,child,5,20:50:0D:E7:1C:39,-66,0,17,17,0,0,0,0,0
19859823,NODE_704BCA25B768,child,5,20:50:0D:E7:1C:39,-66,0,18,18,0,0,0,0,0
19959641,NODE_704BCA25B768,child,5,20:50:0D:E7:1C:39,-66,0,18,18,0,0,0,0,0
20059624,NODE_704BCA25B768,child,5,20:50:0D:E7:1C:39,-66,0,18,18,0,0,0,0,0
20159636,NODE_704BCA25B768,child,5,20:50:0D:E7:1C:39,-66,0,18,18,0,0,0,0,0
20259637,NODE_704BCA25B768,child,5,20:50:0D:E7:1C:39,-66,0,18,18,0,0,0,0,0
20359624,NODE_704BCA25B768,child,5,20:50:0D:E7:1C:39,-66,0,18,18,0,0,0,0,0
20459632,NODE_704BCA25B768,child,5,20:50:0D:E7:1C:39,-66,0,18,18,0,0,0,0,0
20559637,NODE_704BCA25B768,child,5,20:50:0D:E7:1C:39,-67,0,18,18,0,0,0,0,0
20659624,NODE_704BCA25B768,child,5,20:50:0D:E7:1C:39,-67,0,18,18,0,0,0,0,0
20760386,NODE_704BCA25B768,child,5,20:50:0D:E7:1C:39,-67,0,18,18,0,0,0,0,0
20859637,NODE_704BCA25B768,child,5,20:50:0D:E7:1C:39,-67,0,19,19,0,0,0,0,0
20959632,NODE_704BCA25B768,child,5,20:50:0D:E7:1C:39,-67,0,19,19,0,0,0,0,0
21059624,NODE_704BCA25B768,child,5,20:50:0D:E7:1C:39,-67,0,19,19,0,0,0,0,0
21159641,NODE_704BCA25B768,child,5,20:50:0D:E7:1C:39,-67,0,19,19,0,0,0,0,0
21259636,NODE_704BCA25B768,child,5,20:50:0D:E7:1C:39,-67,0,19,19,0,0,0,0,0
21359624,NODE_704BCA25B768,child,5,20:50:0D:E7:1C:39,-67,0,19,19,0,0,0,0,0
21459645,NODE_704BCA25B768,child,5,20:50:0D:E7:1C:39,-67,0,19,19,0,0,0,0,0
21559628,NODE_704BCA25B768,child,5,20:50:0D:E7:1C:39,-67,0,19,19,0,0,0,0,0
21659624,NODE_704BCA25B768,child,5,20:50:0D:E7:1C:39,-67,0,19,19,0,0,0,0,0
21761379,NODE_704BCA25B768,child,5,20:50:0D:E7:1C:39,-66,0,19,19,0,0,0,0,0
21859644,NODE_704BCA25B768,child,5,20:50:0D:E7:1C:39,-66,0,20,20,0,0,0,0,0
21959636,NODE_704BCA25B768,child,5,20:50:0D:E7:1C:39,-66,0,20,20,0,0,0,0,0
22059645,NODE_704BCA25B768,child,5,20:50:0D:E7:1C:39,-66,0,20,20,0,0,0,0,0
22159640,NODE_704BCA25B768,child,5,20:50:0D:E7:1C:39,-66,0,20,20,0,0,1,1,0
22259628,NODE_704BCA25B768,child,5,20:50:0D:E7:1C:39,-66,0,20,20,0,0,1,1,0
22359645,NODE_704BCA25B768,child,5,20:50:0D:E7:1C:39,-66,0,20,20,0,0,1,1,0
22459704,NODE_704BCA25B768,child,5,20:50:0D:E7:1C:39,-66,0,20,20,0,0,1,1,0
22559636,NODE_704BCA25B768,child,5,20:50:0D:E7:1C:39,-66,0,20,20,0,0,1,1,0
22659641,NODE_704BCA25B768,child,5,20:50:0D:E7:1C:39,-66,0,20,20,0,0,1,1,0
22760390,NODE_704BCA25B768,child,5,20:50:0D:E7:1C:39,-66,0,20,20,0,0,1,1,0
22859636,NODE_704BCA25B768,child,5,20:50:0D:E7:1C:39,-66,0,21,21,0,0,1,1,0
22959641,NODE_704BCA25B768,child,5,20:50:0D:E7:1C:39,-66,0,21,21,0,0,1,1,0
23059624,NODE_704BCA25B768,child,5,20:50:0D:E7:1C:39,-66,0,21,21,0,0,1,1,0
23159632,NODE_704BCA25B768,child,5,20:50:0D:E7:1C:39,-66,0,21,21,0,0,2,2,0
23260394,NODE_704BCA25B768,child,5,20:50:0D:E7:1C:39,-66,0,21,21,0,0,2,2,0
23359644,NODE_704BCA25B768,child,5,20:50:0D:E7:1C:39,-66,0,21,21,0,0,2,2,0
23459632,NODE_704BCA25B768,child,5,20:50:0D:E7:1C:39,-66,0,21,21,0,0,2,2,0
23559629,NODE_704BCA25B768,child,5,20:50:0D:E7:1C:39,-66,0,21,21,0,0,2,2,0
23659636,NODE_704BCA25B768,child,5,20:50:0D:E7:1C:39,-67,0,21,21,0,0,2,2,0
23760386,NODE_704BCA25B768,child,5,20:50:0D:E7:1C:39,-67,0,21,21,0,0,2,2,0
23859633,NODE_704BCA25B768,child,5,20:50:0D:E7:1C:39,-67,0,22,22,0,0,2,2,0
23959644,NODE_704BCA25B768,child,5,20:50:0D:E7:1C:39,-67,0,22,22,0,0,2,2,0
24059624,NODE_704BCA25B768,child,5,20:50:0D:E7:1C:39,-67,0,22,22,0,0,2,2,0
24159629,NODE_704BCA25B768,child,5,20:50:0D:E7:1C:39,-67,0,22,22,0,0,3,3,0
24259644,NODE_704BCA25B768,child,5,20:50:0D:E7:1C:39,-67,0,22,22,0,0,3,3,0
24359636,NODE_704BCA25B768,child,5,20:50:0D:E7:1C:39,-67,0,22,22,0,0,3,3,0
24459629,NODE_704BCA25B768,child,5,20:50:0D:E7:1C:39,-67,0,22,22,0,0,3,3,0
24559644,NODE_704BCA25B768,child,5,20:50:0D:E7:1C:39,-67,0,22,22,0,0,3,3,0
24659632,NODE_704BCA25B768,child,5,20:50:0D:E7:1C:39,-67,0,22,22,0,0,3,3,0
24760391,NODE_704BCA25B768,child,5,20:50:0D:E7:1C:39,-67,0,22,22,0,0,3,3,0
24859644,NODE_704BCA25B768,child,5,20:50:0D:E7:1C:39,-67,0,23,23,0,0,3,3,0
24959632,NODE_704BCA25B768,child,5,20:50:0D:E7:1C:39,-67,0,23,23,0,0,3,3,0
25059625,NODE_704BCA25B768,child,5,20:50:0D:E7:1C:39,-67,0,23,23,0,0,3,3,0
25159640,NODE_704BCA25B768,child,5,20:50:0D:E7:1C:39,-67,0,23,23,0,0,4,4,0
25259632,NODE_704BCA25B768,child,5,20:50:0D:E7:1C:39,-67,0,23,23,0,0,4,4,0
25359645,NODE_704BCA25B768,child,5,20:50:0D:E7:1C:39,-67,0,23,23,0,0,4,4,0
25459644,NODE_704BCA25B768,child,5,20:50:0D:E7:1C:39,-67,0,23,23,0,0,4,4,0
25559636,NODE_704BCA25B768,child,5,20:50:0D:E7:1C:39,-67,0,23,23,0,0,4,4,0
25659629,NODE_704BCA25B768,child,5,20:50:0D:E7:1C:39,-67,0,23,23,0,0,4,4,0
25760394,NODE_704BCA25B768,child,5,20:50:0D:E7:1C:39,-66,0,23,23,0,0,4,4,0
25859640,NODE_704BCA25B768,child,5,20:50:0D:E7:1C:39,-66,0,24,24,0,0,4,4,0
25959633,NODE_704BCA25B768,child,5,20:50:0D:E7:1C:39,-66,0,24,24,0,0,4,4,0
26059640,NODE_704BCA25B768,child,5,20:50:0D:E7:1C:39,-66,0,24,24,0,0,4,4,0
26159632,NODE_704BCA25B768,child,5,20:50:0D:E7:1C:39,-66,0,24,24,0,0,5,5,0
26259633,NODE_704BCA25B768,child,5,20:50:0D:E7:1C:39,-66,0,24,24,0,0,5,5,0
26359644,NODE_704BCA25B768,child,5,20:50:0D:E7:1C:39,-66,0,24,24,0,0,5,5,0
26459628,NODE_704BCA25B768,child,5,20:50:0D:E7:1C:39,-66,0,24,24,0,0,5,5,0
26559629,NODE_704BCA25B768,child,5,20:50:0D:E7:1C:39,-66,0,24,24,0,0,5,5,0
26659636,NODE_704BCA25B768,child,5,20:50:0D:E7:1C:39,-66,0,24,24,0,0,5,5,0
26760386,NODE_704BCA25B768,child,5,20:50:0D:E7:1C:39,-66,0,24,24,0,0,5,5,0
26859641,NODE_704BCA25B768,child,5,20:50:0D:E7:1C:39,-66,0,25,25,0,0,5,5,0
26959640,NODE_704BCA25B768,child,5,20:50:0D:E7:1C:39,-67,0,25,25,0,0,5,5,0
27059624,NODE_704BCA25B768,child,5,20:50:0D:E7:1C:39,-67,0,25,25,0,0,5,5,0
27159629,NODE_704BCA25B768,child,5,20:50:0D:E7:1C:39,-67,0,25,25,0,0,6,6,0
27259640,NODE_704BCA25B768,child,5,20:50:0D:E7:1C:39,-67,0,25,25,0,0,6,6,0
27359640,NODE_704BCA25B768,child,5,20:50:0D:E7:1C:39,-67,0,25,25,0,0,6,6,0
27459633,NODE_704BCA25B768,child,5,20:50:0D:E7:1C:39,-67,0,25,25,0,0,6,6,0
27559640,NODE_704BCA25B768,child,5,20:50:0D:E7:1C:39,-68,0,25,25,0,0,6,6,0
27659636,NODE_704BCA25B768,child,5,20:50:0D:E7:1C:39,-68,0,25,25,0,0,6,6,0
27760390,NODE_704BCA25B768,child,5,20:50:0D:E7:1C:39,-68,0,25,25,0,0,6,6,0
27859640,NODE_704BCA25B768,child,5,20:50:0D:E7:1C:39,-68,0,26,26,0,0,6,6,0
27959640,NODE_704BCA25B768,child,5,20:50:0D:E7:1C:39,-70,0,26,26,0,0,6,6,0
28059625,NODE_704BCA25B768,child,5,20:50:0D:E7:1C:39,-70,0,26,26,0,0,6,6,0
28159632,NODE_704BCA25B768,child,5,20:50:0D:E7:1C:39,-70,0,26,26,0,0,7,7,0
28259640,NODE_704BCA25B768,child,5,20:50:0D:E7:1C:39,-69,0,26,26,0,0,7,7,0
28359625,NODE_704BCA25B768,child,5,20:50:0D:E7:1C:39,-69,0,26,26,0,0,7,7,0
28459636,NODE_704BCA25B768,child,5,20:50:0D:E7:1C:39,-69,0,26,26,0,0,7,7,0
28559636,NODE_704BCA25B768,child,5,20:50:0D:E7:1C:39,-66,0,26,26,0,0,7,7,0
28659625,NODE_704BCA25B768,child,5,20:50:0D:E7:1C:39,-66,0,26,26,0,0,7,7,0
28760386,NODE_704BCA25B768,child,5,20:50:0D:E7:1C:39,-66,0,26,26,0,0,7,7,0
28859636,NODE_704BCA25B768,child,5,20:50:0D:E7:1C:39,-67,0,27,27,0,0,7,7,0
28959633,NODE_704BCA25B768,child,5,20:50:0D:E7:1C:39,-67,0,27,27,0,0,7,7,0
29059636,NODE_704BCA25B768,child,5,20:50:0D:E7:1C:39,-67,0,27,27,0,0,7,7,0
29159640,NODE_704BCA25B768,child,5,20:50:0D:E7:1C:39,-66,0,27,27,0,0,9,9,0
29259637,NODE_704BCA25B768,child,5,20:50:0D:E7:1C:39,-66,0,27,27,0,0,9,9,0
29359628,NODE_704BCA25B768,child,5,20:50:0D:E7:1C:39,-66,0,27,27,0,0,9,9,0
29459644,NODE_704BCA25B768,child,5,20:50:0D:E7:1C:39,-67,0,27,27,0,0,9,9,0
29559633,NODE_704BCA25B768,child,5,20:50:0D:E7:1C:39,-67,0,27,27,0,0,9,9,0
29659624,NODE_704BCA25B768,child,5,20:50:0D:E7:1C:39,-67,0,27,27,0,0,9,9,0
29760409,NODE_704BCA25B768,child,5,20:50:0D:E7:1C:39,-66,0,27,27,0,0,9,9,0
29859629,NODE_704BCA25B768,child,5,20:50:0D:E7:1C:39,-66,0,28,28,0,0,9,9,0
29959632,NODE_704BCA25B768,child,5,20:50:0D:E7:1C:39,-66,0,28,28,0,0,9,9,0
30059636,NODE_704BCA25B768,child,5,20:50:0D:E7:1C:39,-67,0,28,28,0,0,9,9,0
30159641,NODE_704BCA25B768,child,5,20:50:0D:E7:1C:39,-67,0,28,28,0,0,11,11,0
30259636,NODE_704BCA25B768,child,5,20:50:0D:E7:1C:39,-67,0,28,28,0,0,11,11,0
30359636,NODE_704BCA25B768,child,5,20:50:0D:E7:1C:39,-67,0,28,28,0,0,11,11,0
30459637,NODE_704BCA25B768,child,5,20:50:0D:E7:1C:39,-67,0,28,28,0,0,11,11,0
30559628,NODE_704BCA25B768,child,5,20:50:0D:E7:1C:39,-67,0,28,28,0,0,11,11,0
30659644,NODE_704BCA25B768,child,5,20:50:0D:E7:1C:39,-66,0,28,28,0,0,11,11,0
30760392,NODE_704BCA25B768,child,5,20:50:0D:E7:1C:39,-66,0,28,28,0,0,11,11,0
30859628,NODE_704BCA25B768,child,5,20:50:0D:E7:1C:39,-66,0,29,29,0,0,11,11,0
30959640,NODE_704BCA25B768,child,5,20:50:0D:E7:1C:39,-66,0,29,29,0,0,11,11,0
31059637,NODE_704BCA25B768,child,5,20:50:0D:E7:1C:39,-66,0,29,29,0,0,11,11,0
31159758,NODE_704BCA25B768,child,5,20:50:0D:E7:1C:39,-66,0,29,29,0,0,13,13,0
31259644,NODE_704BCA25B768,child,5,20:50:0D:E7:1C:39,-67,0,29,29,0,0,13,13,0
31359625,NODE_704BCA25B768,child,5,20:50:0D:E7:1C:39,-67,0,29,29,0,0,13,13,0
31459628,NODE_704BCA25B768,child,5,20:50:0D:E7:1C:39,-67,0,29,29,0,0,13,13,0
31559640,NODE_704BCA25B768,child,5,20:50:0D:E7:1C:39,-66,0,29,29,0,0,13,13,0
31659625,NODE_704BCA25B768,child,5,20:50:0D:E7:1C:39,-66,0,29,29,0,0,13,13,0
31760407,NODE_704BCA25B768,child,5,20:50:0D:E7:1C:39,-66,0,29,29,0,0,13,13,0
31860044,NODE_704BCA25B768,child,5,20:50:0D:E7:1C:39,-67,0,30,30,0,0,13,13,0
31959641,NODE_704BCA25B768,child,5,20:50:0D:E7:1C:39,-67,0,30,30,0,0,13,13,0
32059628,NODE_704BCA25B768,child,5,20:50:0D:E7:1C:39,-67,0,30,30,0,0,13,13,0
32159632,NODE_704BCA25B768,child,5,20:50:0D:E7:1C:39,-67,0,30,30,0,0,15,15,0
32259641,NODE_704BCA25B768,child,5,20:50:0D:E7:1C:39,-67,0,30,30,0,0,15,15,0
32359636,NODE_704BCA25B768,child,5,20:50:0D:E7:1C:39,-67,0,30,30,0,0,15,15,0
32459632,NODE_704BCA25B768,child,5,20:50:0D:E7:1C:39,-67,0,30,30,0,0,15,15,0
32559633,NODE_704BCA25B768,child,5,20:50:0D:E7:1C:39,-67,0,30,30,0,0,15,15,0
32659624,NODE_704BCA25B768,child,5,20:50:0D:E7:1C:39,-67,0,30,30,0,0,15,15,0
32760406,NODE_704BCA25B768,child,5,20:50:0D:E7:1C:39,-67,0,30,30,0,0,15,15,0
32859645,NODE_704BCA25B768,child,5,20:50:0D:E7:1C:39,-67,0,31,31,0,0,15,15,0
32959632,NODE_704BCA25B768,child,5,20:50:0D:E7:1C:39,-67,0,31,31,0,0,15,15,0
33059628,NODE_704BCA25B768,child,5,20:50:0D:E7:1C:39,-67,0,31,31,0,0,15,15,0
33159637,NODE_704BCA25B768,child,5,20:50:0D:E7:1C:39,-67,0,31,31,0,0,15,15,0
33259628,NODE_704BCA25B768,child,5,20:50:0D:E7:1C:39,-67,0,31,31,0,0,17,15,0
33359632,NODE_704BCA25B768,child,5,20:50:0D:E7:1C:39,-67,0,31,31,0,0,17,16,0
33459645,NODE_704BCA25B768,child,5,20:50:0D:E7:1C:39,-66,0,31,31,0,0,17,17,0
33559632,NODE_704BCA25B768,child,5,20:50:0D:E7:1C:39,-66,0,31,31,0,0,17,17,0
33659624,NODE_704BCA25B768,child,5,20:50:0D:E7:1C:39,-66,0,31,31,0,0,17,17,0
33760386,NODE_704BCA25B768,child,5,20:50:0D:E7:1C:39,-66,0,31,31,0,0,17,17,0
33859644,NODE_704BCA25B768,child,5,20:50:0D:E7:1C:39,-65,0,31,31,0,0,17,17,0
33959632,NODE_704BCA25B768,child,5,20:50:0D:E7:1C:39,-65,0,32,32,0,0,17,17,0
34059633,NODE_704BCA25B768,child,5,20:50:0D:E7:1C:39,-65,0,32,32,0,0,17,17,0
34159624,NODE_704BCA25B768,child,5,20:50:0D:E7:1C:39,-65,0,32,32,0,0,17,17,0
34259636,NODE_704BCA25B768,child,5,20:50:0D:E7:1C:39,-65,0,32,32,0,0,17,17,0
34359645,NODE_704BCA25B768,child,5,20:50:0D:E7:1C:39,-71,0,32,32,0,0,17,17,0
34459636,NODE_704BCA25B768,child,5,20:50:0D:E7:1C:39,-71,0,32,32,0,0,17,17,0
34559628,NODE_704BCA25B768,child,5,20:50:0D:E7:1C:39,-71,0,32,32,0,0,17,17,0
34659637,NODE_704BCA25B768,child,5,20:50:0D:E7:1C:39,-70,0,32,32,0,0,17,17,0
34759628,NODE_704BCA25B768,child,5,20:50:0D:E7:1C:39,-70,0,32,32,0,0,18,18,0
34860386,NODE_704BCA25B768,child,5,20:50:0D:E7:1C:39,-70,0,32,32,0,0,19,18,0
34959641,NODE_704BCA25B768,child,5,20:50:0D:E7:1C:39,-70,0,32,32,0,0,19,19,0
35059632,NODE_704BCA25B768,child,5,20:50:0D:E7:1C:39,-69,0,33,33,0,0,19,19,0
35159624,NODE_704BCA25B768,child,5,20:50:0D:E7:1C:39,-69,0,33,33,0,0,19,19,0
35259637,NODE_704BCA25B768,child,5,20:50:0D:E7:1C:39,-68,0,33,33,0,0,19,19,0
35359628,NODE_704BCA25B768,child,5,20:50:0D:E7:1C:39,-68,0,33,33,0,0,20,19,0
35459632,NODE_704BCA25B768,child,5,20:50:0D:E7:1C:39,-68,0,33,33,0,0,20,19,0
35559641,NODE_704BCA25B768,child,5,20:50:0D:E7:1C:39,-68,0,33,33,0,0,20,19,0
35659640,NODE_704BCA25B768,child,5,20:50:0D:E7:1C:39,-67,0,33,33,0,0,20,20,0
35759628,NODE_704BCA25B768,child,5,20:50:0D:E7:1C:39,-67,0,33,33,0,0,20,20,0
35859637,NODE_704BCA25B768,child,5,20:50:0D:E7:1C:39,-67,0,33,33,0,0,20,20,0
35959636,NODE_704BCA25B768,child,5,20:50:0D:E7:1C:39,-69,0,33,33,0,0,21,20,0
36059636,NODE_704BCA25B768,child,5,20:50:0D:E7:1C:39,-69,0,34,34,0,0,21,21,0
36159629,NODE_704BCA25B768,child,5,20:50:0D:E7:1C:39,-69,0,34,34,0,0,21,21,0
36259632,NODE_704BCA25B768,child,5,20:50:0D:E7:1C:39,-69,0,34,34,0,0,21,21,0
36359632,NODE_704BCA25B768,child,5,20:50:0D:E7:1C:39,-66,0,34,34,0,0,22,21,0
36459633,NODE_704BCA25B768,child,5,20:50:0D:E7:1C:39,-66,0,34,34,0,0,22,21,0
36559632,NODE_704BCA25B768,child,5,20:50:0D:E7:1C:39,-66,0,34,34,0,0,22,21,0
36659628,NODE_704BCA25B768,child,5,20:50:0D:E7:1C:39,-66,0,34,34,0,0,22,22,0
36759629,NODE_704BCA25B768,child,5,20:50:0D:E7:1C:39,-66,0,34,34,0,0,22,22,0
36859636,NODE_704BCA25B768,child,5,20:50:0D:E7:1C:39,-67,0,34,34,0,0,22,22,0
36959636,NODE_704BCA25B768,child,5,20:50:0D:E7:1C:39,-67,0,34,34,0,0,22,22,0
37059633,NODE_704BCA25B768,child,5,20:50:0D:E7:1C:39,-67,0,34,34,0,0,23,23,0
37159885,NODE_704BCA25B768,child,5,20:50:0D:E7:1C:39,-67,0,35,35,0,0,23,23,0
37259624,NODE_704BCA25B768,child,5,20:50:0D:E7:1C:39,-67,0,35,35,0,0,23,23,0
37359641,NODE_704BCA25B768,child,5,20:50:0D:E7:1C:39,-67,0,35,35,0,0,23,23,0
37459636,NODE_704BCA25B768,child,5,20:50:0D:E7:1C:39,-67,0,35,35,0,0,24,24,0
37559636,NODE_704BCA25B768,child,5,20:50:0D:E7:1C:39,-67,0,35,35,0,0,24,24,0
37659625,NODE_704BCA25B768,child,5,20:50:0D:E7:1C:39,-67,0,35,35,0,0,24,24,0
37759645,NODE_704BCA25B768,child,5,20:50:0D:E7:1C:39,-67,0,35,35,0,0,24,24,0
37859632,NODE_704BCA25B768,child,5,20:50:0D:E7:1C:39,-67,0,35,35,0,0,24,24,0
37959633,NODE_704BCA25B768,child,5,20:50:0D:E7:1C:39,-67,0,35,35,0,0,24,24,0
38060393,NODE_704BCA25B768,child,5,20:50:0D:E7:1C:39,-67,0,35,35,0,0,24,24,0
38159628,NODE_704BCA25B768,child,5,20:50:0D:E7:1C:39,-67,0,35,35,0,0,25,24,0
38259641,NODE_704BCA25B768,child,5,20:50:0D:E7:1C:39,-67,0,35,35,0,0,25,25,0
38359636,NODE_704BCA25B768,child,5,20:50:0D:E7:1C:39,-67,0,35,35,0,0,25,25,0
38459624,NODE_704BCA25B768,child,5,20:50:0D:E7:1C:39,-67,0,36,36,0,0,25,25,0
38559633,NODE_704BCA25B768,child,5,20:50:0D:E7:1C:39,-67,0,36,36,0,0,26,26,0
38659640,NODE_704BCA25B768,child,5,20:50:0D:E7:1C:39,-67,0,36,36,0,0,26,26,0
38759624,NODE_704BCA25B768,child,5,20:50:0D:E7:1C:39,-67,0,36,36,0,0,26,26,0
38859629,NODE_704BCA25B768,child,5,20:50:0D:E7:1C:39,-67,0,36,36,0,0,26,26,0
38959644,NODE_704BCA25B768,child,5,20:50:0D:E7:1C:39,-67,0,36,36,0,0,26,26,0
39059624,NODE_704BCA25B768,child,5,20:50:0D:E7:1C:39,-67,0,36,36,0,0,26,26,0
39159633,NODE_704BCA25B768,child,5,20:50:0D:E7:1C:39,-67,0,36,36,0,0,27,27,0
39259644,NODE_704BCA25B768,child,5,20:50:0D:E7:1C:39,-66,0,36,36,0,0,27,27,0
39360390,NODE_704BCA25B768,child,5,20:50:0D:E7:1C:39,-66,0,36,36,0,0,27,27,0
39459629,NODE_704BCA25B768,child,5,20:50:0D:E7:1C:39,-66,0,37,37,0,0,27,27,0
39559644,NODE_704BCA25B768,child,5,20:50:0D:E7:1C:39,-66,0,37,37,0,0,28,27,0
39659632,NODE_704BCA25B768,child,5,20:50:0D:E7:1C:39,-66,0,37,37,0,0,28,27,0
39759637,NODE_704BCA25B768,child,5,20:50:0D:E7:1C:39,-66,0,37,37,0,0,28,28,0
39859640,NODE_704BCA25B768,child,5,20:50:0D:E7:1C:39,-66,0,37,37,0,0,28,28,0
39959632,NODE_704BCA25B768,child,5,20:50:0D:E7:1C:39,-66,0,37,37,0,0,28,28,0
40059629,NODE_704BCA25B768,child,5,20:50:0D:E7:1C:39,-66,0,37,37,0,0,28,28,0
40159636,NODE_704BCA25B768,child,5,20:50:0D:E7:1C:39,-66,0,37,37,0,0,28,28,0
40259632,NODE_704BCA25B768,child,5,20:50:0D:E7:1C:39,-66,0,37,37,0,0,28,28,0
40360406,NODE_704BCA25B768,child,5,20:50:0D:E7:1C:39,-66,0,37,37,0,0,28,28,0
40459636,NODE_704BCA25B768,child,5,20:50:0D:E7:1C:39,-66,0,38,38,0,0,28,28,0
40559632,NODE_704BCA25B768,child,5,20:50:0D:E7:1C:39,-66,0,38,38,0,0,30,29,0
40659633,NODE_704BCA25B768,child,5,20:50:0D:E7:1C:39,-66,0,38,38,0,0,30,29,0
40759624,NODE_704BCA25B768,child,5,20:50:0D:E7:1C:39,-66,0,38,38,0,0,30,30,0
40859636,NODE_704BCA25B768,child,5,20:50:0D:E7:1C:39,-67,0,38,38,0,0,30,30,0
40959637,NODE_704BCA25B768,child,5,20:50:0D:E7:1C:39,-67,0,38,38,0,0,30,30,0
41059624,NODE_704BCA25B768,child,5,20:50:0D:E7:1C:39,-67,0,38,38,0,0,30,30,0
41159644,NODE_704BCA25B768,child,5,20:50:0D:E7:1C:39,-67,0,38,38,0,0,30,30,0
41259650,NODE_704BCA25B768,child,5,20:50:0D:E7:1C:39,-67,0,38,38,0,0,30,30,0
41359624,NODE_704BCA25B768,child,5,20:50:0D:E7:1C:39,-67,0,38,38,0,0,30,30,0
41459632,NODE_704BCA25B768,child,5,20:50:0D:E7:1C:39,-67,0,38,38,0,0,30,30,0
41559633,NODE_704BCA25B768,child,5,20:50:0D:E7:1C:39,-67,0,38,38,0,0,30,30,0
41659628,NODE_704BCA25B768,child,5,20:50:0D:E7:1C:39,-67,0,38,38,0,0,31,31,0
41759628,NODE_704BCA25B768,child,5,20:50:0D:E7:1C:39,-67,0,38,38,0,0,32,31,0
41859633,NODE_704BCA25B768,child,5,20:50:0D:E7:1C:39,-67,0,38,38,0,0,32,32,0
41959628,NODE_704BCA25B768,child,5,20:50:0D:E7:1C:39,-67,0,39,39,0,0,32,32,0
42059640,NODE_704BCA25B768,child,5,20:50:0D:E7:1C:39,-66,0,39,39,0,0,32,32,0
42159625,NODE_704BCA25B768,child,5,20:50:0D:E7:1C:39,-66,0,39,39,0,0,32,32,0
42259632,NODE_704BCA25B768,child,5,20:50:0D:E7:1C:39,-66,0,39,39,0,0,32,32,0
42359640,NODE_704BCA25B768,child,5,20:50:0D:E7:1C:39,-67,0,39,39,0,0,32,32,0
42459625,NODE_704BCA25B768,child,5,20:50:0D:E7:1C:39,-67,0,39,39,0,0,32,32,0
42559632,NODE_704BCA25B768,child,5,20:50:0D:E7:1C:39,-67,0,39,39,0,0,33,32,0
42659644,NODE_704BCA25B768,child,5,20:50:0D:E7:1C:39,-66,0,39,39,0,0,33,32,0
42759630,NODE_704BCA25B768,child,5,20:50:0D:E7:1C:39,-66,0,39,39,0,0,33,33,0
42860386,NODE_704BCA25B768,child,5,20:50:0D:E7:1C:39,-66,0,39,39,0,0,33,33,0
42959640,NODE_704BCA25B768,child,5,20:50:0D:E7:1C:39,-67,0,39,39,0,0,33,33,0
43059625,NODE_704BCA25B768,child,5,20:50:0D:E7:1C:39,-67,0,39,39,0,0,34,33,0
43159628,NODE_704BCA25B768,child,5,20:50:0D:E7:1C:39,-67,0,39,39,0,0,34,33,0
43259632,NODE_704BCA25B768,child,5,20:50:0D:E7:1C:39,-67,0,39,39,0,0,34,33,0
43359637,NODE_704BCA25B768,child,5,20:50:0D:E7:1C:39,-67,0,39,39,0,0,34,34,0
43459644,NODE_704BCA25B768,child,5,20:50:0D:E7:1C:39,-67,0,40,40,0,0,34,34,0
43559644,NODE_704BCA25B768,child,5,20:50:0D:E7:1C:39,-65,0,40,40,0,0,34,34,0
43659633,NODE_704BCA25B768,child,5,20:50:0D:E7:1C:39,-65,0,40,40,0,0,34,34,0
43759640,NODE_704BCA25B768,child,5,20:50:0D:E7:1C:39,-65,0,40,40,0,0,34,34,0
43859636,NODE_704BCA25B768,child,5,20:50:0D:E7:1C:39,-65,0,40,40,0,0,34,34,0
43959637,NODE_704BCA25B768,child,5,20:50:0D:E7:1C:39,-66,0,40,40,0,0,34,34,0
44059636,NODE_704BCA25B768,child,5,20:50:0D:E7:1C:39,-66,0,40,40,0,0,35,34,0
44159640,NODE_704BCA25B768,child,5,20:50:0D:E7:1C:39,-66,0,40,40,0,0,36,34,0
44259633,NODE_704BCA25B768,child,5,20:50:0D:E7:1C:39,-66,0,40,40,0,0,36,34,0
44359640,NODE_704BCA25B768,child,5,20:50:0D:E7:1C:39,-66,0,40,40,0,0,36,34,0
44459632,NODE_704BCA25B768,child,5,20:50:0D:E7:1C:39,-66,0,40,40,0,0,36,35,0
44559893,NODE_704BCA25B768,child,5,20:50:0D:E7:1C:39,-67,0,40,40,0,0,36,35,0
44659636,NODE_704BCA25B768,child,5,20:50:0D:E7:1C:39,-67,0,41,41,0,0,37,37,0
44759636,NODE_704BCA25B768,child,5,20:50:0D:E7:1C:39,-67,0,41,41,0,0,37,37,0
44859634,NODE_704BCA25B768,child,5,20:50:0D:E7:1C:39,-67,0,41,41,0,0,37,37,0
44959636,NODE_704BCA25B768,child,5,20:50:0D:E7:1C:39,-67,0,41,41,0,0,37,37,0
45059624,NODE_704BCA25B768,child,5,20:50:0D:E7:1C:39,-67,0,41,41,0,0,37,37,0
45159633,NODE_704BCA25B768,child,5,20:50:0D:E7:1C:39,-66,0,41,41,0,0,38,38,0
45259628,NODE_704BCA25B768,child,5,20:50:0D:E7:1C:39,-66,0,41,41,0,0,38,38,0
45359624,NODE_704BCA25B768,child,5,20:50:0D:E7:1C:39,-66,0,41,41,0,0,38,38,0
45459637,NODE_704BCA25B768,child,5,20:50:0D:E7:1C:39,-67,0,41,41,0,0,38,38,0
45560990,NODE_704BCA25B768,child,5,20:50:0D:E7:1C:39,-67,0,41,41,0,0,39,38,0
45659628,NODE_704BCA25B768,child,5,20:50:0D:E7:1C:39,-67,0,42,42,0,0,39,39,0
45759683,NODE_704BCA25B768,child,5,20:50:0D:E7:1C:39,-66,0,42,42,0,0,39,39,0
45859624,NODE_704BCA25B768,child,5,20:50:0D:E7:1C:39,-66,0,42,42,0,0,39,39,0
45959628,NODE_704BCA25B768,child,5,20:50:0D:E7:1C:39,-66,0,42,42,0,0,39,39,0
46059637,NODE_704BCA25B768,child,5,20:50:0D:E7:1C:39,-66,0,42,42,0,0,39,39,0
46159632,NODE_704BCA25B768,child,5,20:50:0D:E7:1C:39,-66,0,42,42,0,0,40,40,0
46259636,NODE_704BCA25B768,child,5,20:50:0D:E7:1C:39,-66,0,42,42,0,0,40,40,0
46359641,NODE_704BCA25B768,child,5,20:50:0D:E7:1C:39,-66,0,42,42,0,0,40,40,0
46459624,NODE_704BCA25B768,child,5,20:50:0D:E7:1C:39,-66,0,42,42,0,0,40,40,0
46560386,NODE_704BCA25B768,child,5,20:50:0D:E7:1C:39,-66,0,42,42,0,0,40,40,0
46659645,NODE_704BCA25B768,child,5,20:50:0D:E7:1C:39,-66,0,43,43,0,0,41,41,0
46759636,NODE_704BCA25B768,child,5,20:50:0D:E7:1C:39,-66,0,43,43,0,0,41,41,0
46859624,NODE_704BCA25B768,child,5,20:50:0D:E7:1C:39,-66,0,43,43,0,0,41,41,0
46959946,NODE_704BCA25B768,child,5,20:50:0D:E7:1C:39,-66,0,43,43,0,0,41,41,0
47059624,NODE_704BCA25B768,child,5,20:50:0D:E7:1C:39,-66,0,43,43,0,0,41,41,0
47159636,NODE_704BCA25B768,child,5,20:50:0D:E7:1C:39,-66,0,43,43,0,0,42,42,0
47259641,NODE_704BCA25B768,child,5,20:50:0D:E7:1C:39,-66,0,43,43,0,0,42,42,0
47359624,NODE_704BCA25B768,child,5,20:50:0D:E7:1C:39,-66,0,43,43,0,0,42,42,0
47459624,NODE_704BCA25B768,child,5,20:50:0D:E7:1C:39,-66,0,43,43,0,0,42,42,0
47560429,NODE_704BCA25B768,child,5,20:50:0D:E7:1C:39,-66,0,43,43,0,0,43,42,0
47659632,NODE_704BCA25B768,child,5,20:50:0D:E7:1C:39,-66,0,44,44,0,0,43,43,0
47759637,NODE_704BCA25B768,child,5,20:50:0D:E7:1C:39,-66,0,44,44,0,0,43,43,0
47859641,NODE_704BCA25B768,child,5,20:50:0D:E7:1C:39,-67,0,44,44,0,0,43,43,0
47959628,NODE_704BCA25B768,child,5,20:50:0D:E7:1C:39,-67,0,44,44,0,0,43,43,0
48059628,NODE_704BCA25B768,child,5,20:50:0D:E7:1C:39,-67,0,44,44,0,0,43,43,0
48159796,NODE_704BCA25B768,child,5,20:50:0D:E7:1C:39,-67,0,44,44,0,0,44,44,0
48259636,NODE_704BCA25B768,child,5,20:50:0D:E7:1C:39,-67,0,44,44,0,0,44,44,0
48359624,NODE_704BCA25B768,child,5,20:50:0D:E7:1C:39,-67,0,44,44,0,0,44,44,0
48459641,NODE_704BCA25B768,child,5,20:50:0D:E7:1C:39,-67,0,44,44,0,0,44,44,0
48559963,NODE_704BCA25B768,child,5,20:50:0D:E7:1C:39,-67,0,44,44,0,0,44,44,0
48659636,NODE_704BCA25B768,child,5,20:50:0D:E7:1C:39,-67,0,45,45,0,0,45,45,0
48759646,NODE_704BCA25B768,child,5,20:50:0D:E7:1C:39,-66,0,45,45,0,0,45,45,0
48859624,NODE_704BCA25B768,child,5,20:50:0D:E7:1C:39,-66,0,45,45,0,0,45,45,0
48959636,NODE_704BCA25B768,child,5,20:50:0D:E7:1C:39,-66,0,45,45,0,0,45,45,0
49059633,NODE_704BCA25B768,child,5,20:50:0D:E7:1C:39,-66,0,45,45,0,0,45,45,0
49159644,NODE_704BCA25B768,child,5,20:50:0D:E7:1C:39,-67,0,45,45,0,0,46,46,0
49259632,NODE_704BCA25B768,child,5,20:50:0D:E7:1C:39,-67,0,45,45,0,0,46,46,0
49359625,NODE_704BCA25B768,child,5,20:50:0D:E7:1C:39,-67,0,45,45,0,0,46,46,0
49459636,NODE_704BCA25B768,child,5,20:50:0D:E7:1C:39,-66,0,45,45,0,0,46,46,0
49560386,NODE_704BCA25B768,child,5,20:50:0D:E7:1C:39,-66,0,45,45,0,0,46,46,0
49659641,NODE_704BCA25B768,child,5,20:50:0D:E7:1C:39,-66,0,46,46,0,0,47,47,0
49759644,NODE_704BCA25B768,child,5,20:50:0D:E7:1C:39,-66,0,46,46,0,0,47,47,0
49859628,NODE_704BCA25B768,child,5,20:50:0D:E7:1C:39,-66,0,46,46,0,0,47,47,0
49959633,NODE_704BCA25B768,child,5,20:50:0D:E7:1C:39,-66,0,46,46,0,0,47,47,0
50059640,NODE_704BCA25B768,child,5,20:50:0D:E7:1C:39,-66,0,46,46,0,0,47,47,0
50159632,NODE_704BCA25B768,child,5,20:50:0D:E7:1C:39,-66,0,46,46,0,0,48,48,0
50259637,NODE_704BCA25B768,child,5,20:50:0D:E7:1C:39,-66,0,46,46,0,0,48,48,0
50359636,NODE_704BCA25B768,child,5,20:50:0D:E7:1C:39,-66,0,46,46,0,0,48,48,0
50459640,NODE_704BCA25B768,child,5,20:50:0D:E7:1C:39,-66,0,46,46,0,0,48,48,0
50559869,NODE_704BCA25B768,child,5,20:50:0D:E7:1C:39,-66,0,46,46,0,0,48,48,0
50659644,NODE_704BCA25B768,child,5,20:50:0D:E7:1C:39,-66,0,47,47,0,0,49,49,0
50759624,NODE_704BCA25B768,child,5,20:50:0D:E7:1C:39,-66,0,47,47,0,0,49,49,0
50859625,NODE_704BCA25B768,child,5,20:50:0D:E7:1C:39,-66,0,47,47,0,0,49,49,0
50959640,NODE_704BCA25B768,child,5,20:50:0D:E7:1C:39,-66,0,47,47,0,0,49,49,0
51059632,NODE_704BCA25B768,child,5,20:50:0D:E7:1C:39,-66,0,47,47,0,0,49,49,0
51159641,NODE_704BCA25B768,child,5,20:50:0D:E7:1C:39,-66,0,47,47,0,0,50,50,0
51259636,NODE_704BCA25B768,child,5,20:50:0D:E7:1C:39,-66,0,47,47,0,0,50,50,0
51359632,NODE_704BCA25B768,child,5,20:50:0D:E7:1C:39,-66,0,47,47,0,0,50,50,0
51459629,NODE_704BCA25B768,child,5,20:50:0D:E7:1C:39,-66,0,47,47,0,0,50,50,0
51560285,NODE_704BCA25B768,child,5,20:50:0D:E7:1C:39,-66,0,47,47,0,0,51,50,0
51659632,NODE_704BCA25B768,child,5,20:50:0D:E7:1C:39,-66,0,48,48,0,0,51,51,0
51759625,NODE_704BCA25B768,child,5,20:50:0D:E7:1C:39,-66,0,48,48,0,0,51,51,0
51859633,NODE_704BCA25B768,child,5,20:50:0D:E7:1C:39,-66,0,48,48,0,0,51,51,0
51959628,NODE_704BCA25B768,child,5,20:50:0D:E7:1C:39,-66,0,48,48,0,0,51,51,0
52059629,NODE_704BCA25B768,child,5,20:50:0D:E7:1C:39,-66,0,48,48,0,0,51,51,0
52159636,NODE_704BCA25B768,child,5,20:50:0D:E7:1C:39,-66,0,48,48,0,0,52,52,0
52259675,NODE_704BCA25B768,child,5,20:50:0D:E7:1C:39,-66,0,48,48,0,0,52,52,0
52359625,NODE_704BCA25B768,child,5,20:50:0D:E7:1C:39,-66,0,48,48,0,0,52,52,0
52459640,NODE_704BCA25B768,child,5,20:50:0D:E7:1C:39,-67,0,48,48,0,0,52,52,0
52560342,NODE_704BCA25B768,child,5,20:50:0D:E7:1C:39,-67,0,48,48,0,0,53,52,0
52659637,NODE_704BCA25B768,child,5,20:50:0D:E7:1C:39,-67,0,49,49,0,0,53,53,0
52759645,NODE_704BCA25B768,child,5,20:50:0D:E7:1C:39,-66,0,49,49,0,0,53,53,0
52859624,NODE_704BCA25B768,child,5,20:50:0D:E7:1C:39,-66,0,49,49,0,0,53,53,0
52959633,NODE_704BCA25B768,child,5,20:50:0D:E7:1C:39,-66,0,49,49,0,0,53,53,0
53059636,NODE_704BCA25B768,child,5,20:50:0D:E7:1C:39,-66,0,49,49,0,0,53,53,0
53159624,NODE_704BCA25B768,child,5,20:50:0D:E7:1C:39,-66,0,49,49,0,0,54,54,0
53259629,NODE_704BCA25B768,child,5,20:50:0D:E7:1C:39,-66,0,49,49,0,0,54,54,0
53359632,NODE_704BCA25B768,child,5,20:50:0D:E7:1C:39,-66,0,49,49,0,0,54,54,0
53459636,NODE_704BCA25B768,child,5,20:50:0D:E7:1C:39,-66,0,49,49,0,0,54,54,0
53560386,NODE_704BCA25B768,child,5,20:50:0D:E7:1C:39,-66,0,49,49,0,0,54,54,0
53659640,NODE_704BCA25B768,child,5,20:50:0D:E7:1C:39,-66,0,50,50,0,0,55,55,0
53759640,NODE_704BCA25B768,child,5,20:50:0D:E7:1C:39,-67,0,50,50,0,0,55,55,0
53859629,NODE_704BCA25B768,child,5,20:50:0D:E7:1C:39,-67,0,50,50,0,0,55,55,0
53959636,NODE_704BCA25B768,child,5,20:50:0D:E7:1C:39,-67,0,50,50,0,0,55,55,0
54059640,NODE_704BCA25B768,child,5,20:50:0D:E7:1C:39,-66,0,50,50,0,0,55,55,0
54159633,NODE_704BCA25B768,child,5,20:50:0D:E7:1C:39,-66,0,50,50,0,0,56,56,0
54259636,NODE_704BCA25B768,child,5,20:50:0D:E7:1C:39,-66,0,50,50,0,0,56,56,0
54359636,NODE_704BCA25B768,child,5,20:50:0D:E7:1C:39,-66,0,50,50,0,0,56,56,0
54459629,NODE_704BCA25B768,child,5,20:50:0D:E7:1C:39,-66,0,50,50,0,0,56,56,0
54559628,NODE_704BCA25B768,child,5,20:50:0D:E7:1C:39,-66,0,50,50,0,0,56,56,0
54659636,NODE_704BCA25B768,child,5,20:50:0D:E7:1C:39,-66,0,51,51,0,0,57,57,0
54759633,NODE_704BCA25B768,child,5,20:50:0D:E7:1C:39,-66,0,51,51,0,0,57,57,0
54859640,NODE_704BCA25B768,child,5,20:50:0D:E7:1C:39,-66,0,51,51,0,0,57,57,0
54959640,NODE_704BCA25B768,child,5,20:50:0D:E7:1C:39,-66,0,51,51,0,0,57,57,0
55059625,NODE_704BCA25B768,child,5,20:50:0D:E7:1C:39,-66,0,51,51,0,0,57,57,0
55159632,NODE_704BCA25B768,child,5,20:50:0D:E7:1C:39,-66,0,51,51,0,0,58,58,0
55259644,NODE_704BCA25B768,child,5,20:50:0D:E7:1C:39,-66,0,51,51,0,0,58,58,0
55359625,NODE_704BCA25B768,child,5,20:50:0D:E7:1C:39,-66,0,51,51,0,0,58,58,0
55459624,NODE_704BCA25B768,child,5,20:50:0D:E7:1C:39,-66,0,51,51,0,0,58,58,0
55559644,NODE_704BCA25B768,child,5,20:50:0D:E7:1C:39,-66,0,51,51,0,0,58,58,0
55659629,NODE_704BCA25B768,child,5,20:50:0D:E7:1C:39,-66,0,52,52,0,0,59,59,0
55759636,NODE_704BCA25B768,child,5,20:50:0D:E7:1C:39,-66,0,52,52,0,0,59,59,0
55859636,NODE_704BCA25B768,child,5,20:50:0D:E7:1C:39,-66,0,52,52,0,0,59,59,0
55959629,NODE_704BCA25B768,child,5,20:50:0D:E7:1C:39,-66,0,52,52,0,0,59,59,0
56059624,NODE_704BCA25B768,child,5,20:50:0D:E7:1C:39,-66,0,52,52,0,0,59,59,0
56159644,NODE_704BCA25B768,child,5,20:50:0D:E7:1C:39,-66,0,52,52,0,0,60,60,0
56259641,NODE_704BCA25B768,child,5,20:50:0D:E7:1C:39,-66,0,52,52,0,0,60,60,0
56359624,NODE_704BCA25B768,child,5,20:50:0D:E7:1C:39,-66,0,52,52,0,0,60,60,0
56459640,NODE_704BCA25B768,child,5,20:50:0D:E7:1C:39,-66,0,52,52,0,0,60,60,0
56559886,NODE_704BCA25B768,child,5,20:50:0D:E7:1C:39,-66,0,52,52,0,0,60,60,0
56659632,NODE_704BCA25B768,child,5,20:50:0D:E7:1C:39,-66,0,53,53,0,0,61,61,0
56759640,NODE_704BCA25B768,child,5,20:50:0D:E7:1C:39,-67,0,53,53,0,0,61,61,0
56859625,NODE_704BCA25B768,child,5,20:50:0D:E7:1C:39,-67,0,53,53,0,0,61,61,0
56959640,NODE_704BCA25B768,child,5,20:50:0D:E7:1C:39,-67,0,53,53,0,0,61,61,0
57059636,NODE_704BCA25B768,child,5,20:50:0D:E7:1C:39,-67,0,53,53,0,0,61,61,0
57159633,NODE_704BCA25B768,child,5,20:50:0D:E7:1C:39,-67,0,53,53,0,0,62,62,0
57259632,NODE_704BCA25B768,child,5,20:50:0D:E7:1C:39,-67,0,53,53,0,0,62,62,0
57359636,NODE_704BCA25B768,child,5,20:50:0D:E7:1C:39,-66,0,53,53,0,0,62,62,0
57459641,NODE_704BCA25B768,child,5,20:50:0D:E7:1C:39,-66,0,53,53,0,0,62,62,0
57559738,NODE_704BCA25B768,child,5,20:50:0D:E7:1C:39,-66,0,53,53,0,0,63,62,0
57659636,NODE_704BCA25B768,child,5,20:50:0D:E7:1C:39,-66,0,54,54,0,0,63,63,0
57759638,NODE_704BCA25B768,child,5,20:50:0D:E7:1C:39,-66,0,54,54,0,0,63,63,0
57859636,NODE_704BCA25B768,child,5,20:50:0D:E7:1C:39,-66,0,54,54,0,0,63,63,0
57959628,NODE_704BCA25B768,child,5,20:50:0D:E7:1C:39,-66,0,54,54,0,0,63,63,0
58059637,NODE_704BCA25B768,child,5,20:50:0D:E7:1C:39,-66,0,54,54,0,0,63,63,0
58159640,NODE_704BCA25B768,child,5,20:50:0D:E7:1C:39,-66,0,54,54,0,0,64,64,0
58259636,NODE_704BCA25B768,child,5,20:50:0D:E7:1C:39,-66,0,54,54,0,0,64,64,0
58359637,NODE_704BCA25B768,child,5,20:50:0D:E7:1C:39,-66,0,54,54,0,0,64,64,0
58459632,NODE_704BCA25B768,child,5,20:50:0D:E7:1C:39,-66,0,54,54,0,0,64,64,0
58559676,NODE_704BCA25B768,child,5,20:50:0D:E7:1C:39,-66,0,54,54,0,0,64,64,0
58659637,NODE_704BCA25B768,child,5,20:50:0D:E7:1C:39,-67,0,55,55,0,0,65,65,0
58759632,NODE_704BCA25B768,child,5,20:50:0D:E7:1C:39,-67,0,55,55,0,0,65,65,0
58859625,NODE_704BCA25B768,child,5,20:50:0D:E7:1C:39,-67,0,55,55,0,0,65,65,0
58959637,NODE_704BCA25B768,child,5,20:50:0D:E7:1C:39,-65,0,55,55,0,0,65,65,0
59059628,NODE_704BCA25B768,child,5,20:50:0D:E7:1C:39,-65,0,55,55,0,0,65,65,0
59159640,NODE_704BCA25B768,child,5,20:50:0D:E7:1C:39,-65,0,55,55,0,0,66,66,0
59259641,NODE_704BCA25B768,child,5,20:50:0D:E7:1C:39,-66,0,55,55,0,0,66,66,0
59359624,NODE_704BCA25B768,child,5,20:50:0D:E7:1C:39,-66,0,55,55,0,0,66,66,0
59459624,NODE_704BCA25B768,child,5,20:50:0D:E7:1C:39,-66,0,55,55,0,0,66,66,0
59559860,NODE_704BCA25B768,child,5,20:50:0D:E7:1C:39,-66,0,55,55,0,0,66,66,0
59659628,NODE_704BCA25B768,child,5,20:50:0D:E7:1C:39,-66,0,56,56,0,0,67,67,0
59759628,NODE_704BCA25B768,child,5,20:50:0D:E7:1C:39,-66,0,56,56,0,0,67,67,0
59859641,NODE_704BCA25B768,child,5,20:50:0D:E7:1C:39,-66,0,56,56,0,0,67,67,0
59959628,NODE_704BCA25B768,child,5,20:50:0D:E7:1C:39,-66,0,56,56,0,0,67,67,0
60059624,NODE_704BCA25B768,child,5,20:50:0D:E7:1C:39,-66,0,56,56,0,0,67,67,0
60159641,NODE_704BCA25B768,child,5,20:50:0D:E7:1C:39,-66,0,56,56,0,0,68,68,0
60259632,NODE_704BCA25B768,child,5,20:50:0D:E7:1C:39,-66,0,56,56,0,0,68,68,0
60359624,NODE_704BCA25B768,child,5,20:50:0D:E7:1C:39,-66,0,56,56,0,0,68,68,0
60459637,NODE_704BCA25B768,child,5,20:50:0D:E7:1C:39,-67,0,56,56,0,0,68,68,0
60559959,NODE_704BCA25B768,child,5,20:50:0D:E7:1C:39,-67,0,56,56,0,0,68,68,0
60659636,NODE_704BCA25B768,child,5,20:50:0D:E7:1C:39,-67,0,57,57,0,0,69,69,0
60759681,NODE_704BCA25B768,child,5,20:50:0D:E7:1C:39,-66,0,57,57,0,0,69,69,0
60859628,NODE_704BCA25B768,child,5,20:50:0D:E7:1C:39,-66,0,57,57,0,0,69,69,0
60959638,NODE_704BCA25B768,child,5,20:50:0D:E7:1C:39,-66,0,57,57,0,0,69,69,0
61059637,NODE_704BCA25B768,child,5,20:50:0D:E7:1C:39,-66,0,57,57,0,0,69,69,0
61159632,NODE_704BCA25B768,child,5,20:50:0D:E7:1C:39,-66,0,57,57,0,0,70,70,0
61260415,NODE_704BCA25B768,child,5,20:50:0D:E7:1C:39,-66,0,57,57,0,0,70,70,0
61359641,NODE_704BCA25B768,child,5,20:50:0D:E7:1C:39,-66,0,57,57,0,0,70,70,0
61459632,NODE_704BCA25B768,child,5,20:50:0D:E7:1C:39,-66,0,57,57,0,0,70,70,0
61559700,NODE_704BCA25B768,child,5,20:50:0D:E7:1C:39,-66,0,57,57,0,0,71,70,0
61659637,NODE_704BCA25B768,child,5,20:50:0D:E7:1C:39,-66,0,58,58,0,0,71,71,0
61759640,NODE_704BCA25B768,child,5,20:50:0D:E7:1C:39,-66,0,58,58,0,0,71,71,0
61859632,NODE_704BCA25B768,child,5,20:50:0D:E7:1C:39,-66,0,58,58,0,0,71,71,0
61959633,NODE_704BCA25B768,child,5,20:50:0D:E7:1C:39,-66,0,58,58,0,0,71,71,0
62059636,NODE_704BCA25B768,child,5,20:50:0D:E7:1C:39,-66,0,58,58,0,0,71,71,0
62159628,NODE_704BCA25B768,child,5,20:50:0D:E7:1C:39,-66,0,58,58,0,0,72,72,0
62259641,NODE_704BCA25B768,child,5,20:50:0D:E7:1C:39,-66,0,58,58,0,0,72,72,0
62359636,NODE_704BCA25B768,child,5,20:50:0D:E7:1C:39,-66,0,58,58,0,0,72,72,0
62459628,NODE_704BCA25B768,child,5,20:50:0D:E7:1C:39,-66,0,58,58,0,0,72,72,0
62559802,NODE_704BCA25B768,child,5,20:50:0D:E7:1C:39,-66,0,58,58,0,0,73,72,0
62659636,NODE_704BCA25B768,child,5,20:50:0D:E7:1C:39,-66,0,59,59,0,0,73,73,0
62759625,NODE_704BCA25B768,child,5,20:50:0D:E7:1C:39,-66,0,59,59,0,0,73,73,0
62859633,NODE_704BCA25B768,child,5,20:50:0D:E7:1C:39,-66,0,59,59,0,0,73,73,0
62959644,NODE_704BCA25B768,child,5,20:50:0D:E7:1C:39,-66,0,59,59,0,0,73,73,0
63059624,NODE_704BCA25B768,child,5,20:50:0D:E7:1C:39,-66,0,59,59,0,0,73,73,0
63159637,NODE_704BCA25B768,child,5,20:50:0D:E7:1C:39,-66,0,59,59,0,0,74,74,0
63259640,NODE_704BCA25B768,child,5,20:50:0D:E7:1C:39,-66,0,59,59,0,0,74,74,0
63359624,NODE_704BCA25B768,child,5,20:50:0D:E7:1C:39,-66,0,59,59,0,0,74,74,0
63459625,NODE_704BCA25B768,child,5,20:50:0D:E7:1C:39,-66,0,59,59,0,0,74,74,0
63559644,NODE_704BCA25B768,child,5,20:50:0D:E7:1C:39,-66,0,59,59,0,0,74,74,0
63659632,NODE_704BCA25B768,child,5,20:50:0D:E7:1C:39,-66,0,60,60,0,0,75,75,0
63759629,NODE_704BCA25B768,child,5,20:50:0D:E7:1C:39,-66,0,60,60,0,0,75,75,0
63859636,NODE_704BCA25B768,child,5,20:50:0D:E7:1C:39,-66,0,60,60,0,0,75,75,0
63959624,NODE_704BCA25B768,child,5,20:50:0D:E7:1C:39,-66,0,60,60,0,0,75,75,0
64059629,NODE_704BCA25B768,child,5,20:50:0D:E7:1C:39,-66,0,60,60,0,0,75,75,0
64159636,NODE_704BCA25B768,child,5,20:50:0D:E7:1C:39,-66,0,60,60,0,0,76,76,0
64259647,NODE_704BCA25B768,child,5,20:50:0D:E7:1C:39,-66,0,60,60,0,0,76,76,0
64359629,NODE_704BCA25B768,child,5,20:50:0D:E7:1C:39,-66,0,60,60,0,0,76,76,0
64459644,NODE_704BCA25B768,child,5,20:50:0D:E7:1C:39,-66,0,60,60,0,0,76,76,0
64559628,NODE_704BCA25B768,child,5,20:50:0D:E7:1C:39,-66,0,60,60,0,0,77,76,0
64659633,NODE_704BCA25B768,child,5,20:50:0D:E7:1C:39,-66,0,61,61,0,0,77,77,0
64759640,NODE_704BCA25B768,child,5,20:50:0D:E7:1C:39,-66,0,61,61,0,0,77,77,0
64859785,NODE_704BCA25B768,child,5,20:50:0D:E7:1C:39,-66,0,61,61,0,0,77,77,0
64959984,NODE_704BCA25B768,child,5,20:50:0D:E7:1C:39,-66,0,61,61,0,0,77,77,0
65059716,NODE_704BCA25B768,child,5,20:50:0D:E7:1C:39,-66,0,61,61,0,0,77,77,0
65159632,NODE_704BCA25B768,child,5,20:50:0D:E7:1C:39,-66,0,61,61,0,0,78,78,0
65259633,NODE_704BCA25B768,child,5,20:50:0D:E7:1C:39,-66,0,61,61,0,0,78,78,0
65359636,NODE_704BCA25B768,child,5,20:50:0D:E7:1C:39,-67,0,61,61,0,0,78,78,0
65459628,NODE_704BCA25B768,child,5,20:50:0D:E7:1C:39,-67,0,61,61,0,0,78,78,0
65559637,NODE_704BCA25B768,child,5,20:50:0D:E7:1C:39,-67,0,61,61,0,0,78,78,0
65659636,NODE_704BCA25B768,child,5,20:50:0D:E7:1C:39,-66,0,62,62,0,0,79,79,0
65759636,NODE_704BCA25B768,child,5,20:50:0D:E7:1C:39,-66,0,62,62,0,0,79,79,0
65859634,NODE_704BCA25B768,child,5,20:50:0D:E7:1C:39,-66,0,62,62,0,0,79,79,0
65959640,NODE_704BCA25B768,child,5,20:50:0D:E7:1C:39,-67,0,62,62,0,0,79,79,0
66059628,NODE_704BCA25B768,child,5,20:50:0D:E7:1C:39,-67,0,62,62,0,0,79,79,0
66159637,NODE_704BCA25B768,child,5,20:50:0D:E7:1C:39,-67,0,62,62,0,0,80,80,0
66259640,NODE_704BCA25B768,child,5,20:50:0D:E7:1C:39,-67,0,62,62,0,0,80,80,0
66359640,NODE_704BCA25B768,child,5,20:50:0D:E7:1C:39,-67,0,62,62,0,0,80,80,0
66459633,NODE_704BCA25B768,child,5,20:50:0D:E7:1C:39,-67,0,62,62,0,0,80,80,0
66560134,NODE_704BCA25B768,child,5,20:50:0D:E7:1C:39,-67,0,62,62,0,0,80,80,0
66659636,NODE_704BCA25B768,child,5,20:50:0D:E7:1C:39,-66,0,63,63,0,0,81,81,0
66759625,NODE_704BCA25B768,child,5,20:50:0D:E7:1C:39,-66,0,63,63,0,0,81,81,0
66859632,NODE_704BCA25B768,child,5,20:50:0D:E7:1C:39,-66,0,63,63,0,0,81,81,0
66959640,NODE_704BCA25B768,child,5,20:50:0D:E7:1C:39,-66,0,63,63,0,0,81,81,0
67059625,NODE_704BCA25B768,child,5,20:50:0D:E7:1C:39,-66,0,63,63,0,0,81,81,0
67159644,NODE_704BCA25B768,child,5,20:50:0D:E7:1C:39,-66,0,63,63,0,0,82,82,0
67259640,NODE_704BCA25B768,child,5,20:50:0D:E7:1C:39,-66,0,63,63,0,0,82,82,0
67359629,NODE_704BCA25B768,child,5,20:50:0D:E7:1C:39,-66,0,63,63,0,0,82,82,0
67459624,NODE_704BCA25B768,child,5,20:50:0D:E7:1C:39,-66,0,63,63,0,0,82,82,0
67559644,NODE_704BCA25B768,child,5,20:50:0D:E7:1C:39,-66,0,63,63,0,0,82,82,0
67659629,NODE_704BCA25B768,child,5,20:50:0D:E7:1C:39,-66,0,64,64,0,0,83,83,0
67759637,NODE_704BCA25B768,child,5,20:50:0D:E7:1C:39,-66,0,64,64,0,0,83,83,0
67859640,NODE_704BCA25B768,child,5,20:50:0D:E7:1C:39,-66,0,64,64,0,0,83,83,0
67959629,NODE_704BCA25B768,child,5,20:50:0D:E7:1C:39,-66,0,64,64,0,0,83,83,0
68059628,NODE_704BCA25B768,child,5,20:50:0D:E7:1C:39,-66,0,64,64,0,0,83,83,0
68159644,NODE_704BCA25B768,child,5,20:50:0D:E7:1C:39,-67,0,64,64,0,0,84,84,0
68259637,NODE_704BCA25B768,child,5,20:50:0D:E7:1C:39,-67,0,64,64,0,0,84,84,0
68359624,NODE_704BCA25B768,child,5,20:50:0D:E7:1C:39,-67,0,64,64,0,0,84,84,0
68459636,NODE_704BCA25B768,child,5,20:50:0D:E7:1C:39,-66,0,64,64,0,0,84,84,0
68559855,NODE_704BCA25B768,child,5,20:50:0D:E7:1C:39,-66,0,64,64,0,0,84,84,0
68659636,NODE_704BCA25B768,child,5,20:50:0D:E7:1C:39,-66,0,65,65,0,0,85,85,0
68759640,NODE_704BCA25B768,child,5,20:50:0D:E7:1C:39,-65,0,65,65,0,0,85,85,0
68859625,NODE_704BCA25B768,child,5,20:50:0D:E7:1C:39,-65,0,65,65,0,0,85,85,0
68959632,NODE_704BCA25B768,child,5,20:50:0D:E7:1C:39,-65,0,65,65,0,0,85,85,0
69059644,NODE_704BCA25B768,child,5,20:50:0D:E7:1C:39,-66,0,65,65,0,0,85,85,0
69159633,NODE_704BCA25B768,child,5,20:50:0D:E7:1C:39,-66,0,65,65,0,0,86,86,0
69259628,NODE_704BCA25B768,child,5,20:50:0D:E7:1C:39,-66,0,65,65,0,0,86,86,0
69359636,NODE_704BCA25B768,child,5,20:50:0D:E7:1C:39,-66,0,65,65,0,0,86,86,0
69459625,NODE_704BCA25B768,child,5,20:50:0D:E7:1C:39,-66,0,65,65,0,0,86,86,0
69559636,NODE_704BCA25B768,child,5,20:50:0D:E7:1C:39,-66,0,65,65,0,0,86,86,0
69659644,NODE_704BCA25B768,child,5,20:50:0D:E7:1C:39,-66,0,66,66,0,0,87,87,0
69759629,NODE_704BCA25B768,child,5,20:50:0D:E7:1C:39,-66,0,66,66,0,0,87,87,0
69859636,NODE_704BCA25B768,child,5,20:50:0D:E7:1C:39,-66,0,66,66,0,0,87,87,0
69959640,NODE_704BCA25B768,child,5,20:50:0D:E7:1C:39,-66,0,66,66,0,0,87,87,0
70059625,NODE_704BCA25B768,child,5,20:50:0D:E7:1C:39,-66,0,66,66,0,0,87,87,0
70159632,NODE_704BCA25B768,child,5,20:50:0D:E7:1C:39,-66,0,66,66,0,0,88,88,0
70259640,NODE_704BCA25B768,child,5,20:50:0D:E7:1C:39,-66,0,66,66,0,0,88,88,0
70359633,NODE_704BCA25B768,child,5,20:50:0D:E7:1C:39,-66,0,66,66,0,0,88,88,0
70459808,NODE_704BCA25B768,child,5,20:50:0D:E7:1C:39,-66,0,66,66,0,0,88,88,0
70559657,NODE_704BCA25B768,child,5,20:50:0D:E7:1C:39,-66,0,66,66,0,0,88,88,0
70659637,NODE_704BCA25B768,child,5,20:50:0D:E7:1C:39,-66,0,67,67,0,0,89,89,0
70759628,NODE_704BCA25B768,child,5,20:50:0D:E7:1C:39,-66,0,67,67,0,0,89,89,0
70859632,NODE_704BCA25B768,child,5,20:50:0D:E7:1C:39,-66,0,67,67,0,0,89,89,0
70959645,NODE_704BCA25B768,child,5,20:50:0D:E7:1C:39,-66,0,67,67,0,0,89,89,0
71059624,NODE_704BCA25B768,child,5,20:50:0D:E7:1C:39,-66,0,67,67,0,0,89,89,0
71159880,NODE_704BCA25B768,child,5,20:50:0D:E7:1C:39,-66,0,67,67,0,0,90,90,0
71259641,NODE_704BCA25B768,child,5,20:50:0D:E7:1C:39,-66,0,67,67,0,0,90,90,0
71359628,NODE_704BCA25B768,child,5,20:50:0D:E7:1C:39,-66,0,67,67,0,0,90,90,0
71459640,NODE_704BCA25B768,child,5,20:50:0D:E7:1C:39,-66,0,67,67,0,0,90,90,0
71559641,NODE_704BCA25B768,child,5,20:50:0D:E7:1C:39,-66,0,67,67,0,0,90,90,0
71659636,NODE_704BCA25B768,child,5,20:50:0D:E7:1C:39,-66,0,68,68,0,0,91,91,0
71759628,NODE_704BCA25B768,child,5,20:50:0D:E7:1C:39,-66,0,68,68,0,0,91,91,0
71859637,NODE_704BCA25B768,child,5,20:50:0D:E7:1C:39,-66,0,68,68,0,0,91,91,0
71959628,NODE_704BCA25B768,child,5,20:50:0D:E7:1C:39,-66,0,68,68,0,0,91,91,0
72059628,NODE_704BCA25B768,child,5,20:50:0D:E7:1C:39,-66,0,68,68,0,0,91,91,0
72159637,NODE_704BCA25B768,child,5,20:50:0D:E7:1C:39,-66,0,68,68,0,0,92,92,0
72259632,NODE_704BCA25B768,child,5,20:50:0D:E7:1C:39,-66,0,68,68,0,0,92,92,0
72359624,NODE_704BCA25B768,child,5,20:50:0D:E7:1C:39,-66,0,68,68,0,0,92,92,0
72459645,NODE_704BCA25B768,child,5,20:50:0D:E7:1C:39,-66,0,68,68,0,0,92,92,0
72559632,NODE_704BCA25B768,child,5,20:50:0D:E7:1C:39,-66,0,68,68,0,0,92,92,0
72659628,NODE_704BCA25B768,child,5,20:50:0D:E7:1C:39,-66,0,69,69,0,0,93,93,0
72759642,NODE_704BCA25B768,child,5,20:50:0D:E7:1C:39,-66,0,69,69,0,0,93,93,0
72859629,NODE_704BCA25B768,child,5,20:50:0D:E7:1C:39,-66,0,69,69,0,0,93,93,0
72959628,NODE_704BCA25B768,child,5,20:50:0D:E7:1C:39,-66,0,69,69,0,0,93,93,0
73059641,NODE_704BCA25B768,child,5,20:50:0D:E7:1C:39,-66,0,69,69,0,0,93,93,0
73159628,NODE_704BCA25B768,child,5,20:50:0D:E7:1C:39,-66,0,69,69,0,0,94,94,0
73259628,NODE_704BCA25B768,child,5,20:50:0D:E7:1C:39,-66,0,69,69,0,0,94,94,0
73359645,NODE_704BCA25B768,child,5,20:50:0D:E7:1C:39,-67,0,69,69,0,0,94,94,0
73459624,NODE_704BCA25B768,child,5,20:50:0D:E7:1C:39,-67,0,69,69,0,0,94,94,0
73559790,NODE_704BCA25B768,child,5,20:50:0D:E7:1C:39,-67,0,69,69,0,0,94,94,0
73659637,NODE_704BCA25B768,child,5,20:50:0D:E7:1C:39,-66,0,70,70,0,0,95,95,0
73759636,NODE_704BCA25B768,child,5,20:50:0D:E7:1C:39,-66,0,70,70,0,0,95,95,0
73859628,NODE_704BCA25B768,child,5,20:50:0D:E7:1C:39,-66,0,70,70,0,0,95,95,0
73959641,NODE_704BCA25B768,child,5,20:50:0D:E7:1C:39,-66,0,70,70,0,0,95,95,0
74059624,NODE_704BCA25B768,child,5,20:50:0D:E7:1C:39,-66,0,70,70,0,0,95,95,0
74159640,NODE_704BCA25B768,child,5,20:50:0D:E7:1C:39,-66,0,70,70,0,0,96,96,0
74259641,NODE_704BCA25B768,child,5,20:50:0D:E7:1C:39,-66,0,70,70,0,0,96,96,0
74359624,NODE_704BCA25B768,child,5,20:50:0D:E7:1C:39,-66,0,70,70,0,0,96,96,0
74459624,NODE_704BCA25B768,child,5,20:50:0D:E7:1C:39,-66,0,70,70,0,0,96,96,0
74560411,NODE_704BCA25B768,child,5,20:50:0D:E7:1C:39,-67,0,70,70,0,0,96,96,0
74659632,NODE_704BCA25B768,child,5,20:50:0D:E7:1C:39,-67,0,71,71,0,0,97,97,0
74759624,NODE_704BCA25B768,child,5,20:50:0D:E7:1C:39,-67,0,71,71,0,0,97,97,0
74859637,NODE_704BCA25B768,child,5,20:50:0D:E7:1C:39,-67,0,71,71,0,0,97,97,0
74959640,NODE_704BCA25B768,child,5,20:50:0D:E7:1C:39,-66,0,71,71,0,0,97,97,0
75059656,NODE_704BCA25B768,child,5,20:50:0D:E7:1C:39,-66,0,71,71,0,0,97,97,0
75159633,NODE_704BCA25B768,child,5,20:50:0D:E7:1C:39,-66,0,71,71,0,0,98,98,0
75259644,NODE_704BCA25B768,child,5,20:50:0D:E7:1C:39,-66,0,71,71,0,0,98,98,0
75359624,NODE_704BCA25B768,child,5,20:50:0D:E7:1C:39,-66,0,71,71,0,0,98,98,0
75459629,NODE_704BCA25B768,child,5,20:50:0D:E7:1C:39,-66,0,71,71,0,0,98,98,0
75559663,NODE_704BCA25B768,child,5,20:50:0D:E7:1C:39,-66,0,71,71,0,0,98,98,0
75659628,NODE_704BCA25B768,child,5,20:50:0D:E7:1C:39,-66,0,72,72,0,0,99,99,0
75759625,NODE_704BCA25B768,child,5,20:50:0D:E7:1C:39,-66,0,72,72,0,0,99,99,0
75859640,NODE_704BCA25B768,child,5,20:50:0D:E7:1C:39,-66,0,72,72,0,0,99,99,0
75959628,NODE_704BCA25B768,child,5,20:50:0D:E7:1C:39,-66,0,72,72,0,0,99,99,0
76059633,NODE_704BCA25B768,child,5,20:50:0D:E7:1C:39,-66,0,72,72,0,0,99,99,0
76159632,NODE_704BCA25B768,child,5,20:50:0D:E7:1C:39,-66,0,72,72,0,0,100,100,0
76259632,NODE_704BCA25B768,child,5,20:50:0D:E7:1C:39,-66,0,72,72,0,0,100,100,0
76359633,NODE_704BCA25B768,child,5,20:50:0D:E7:1C:39,-66,0,72,72,0,0,100,100,0
76459644,NODE_704BCA25B768,child,5,20:50:0D:E7:1C:39,-66,0,72,72,0,0,100,100,0
76559795,NODE_704BCA25B768,child,5,20:50:0D:E7:1C:39,-66,0,72,72,0,0,100,100,0
76659629,NODE_704BCA25B768,child,5,20:50:0D:E7:1C:39,-66,0,73,73,0,0,101,101,0
76759644,NODE_704BCA25B768,child,5,20:50:0D:E7:1C:39,-66,0,73,73,0,0,101,101,0
76859624,NODE_704BCA25B768,child,5,20:50:0D:E7:1C:39,-66,0,73,73,0,0,101,101,0
76959629,NODE_704BCA25B768,child,5,20:50:0D:E7:1C:39,-66,0,73,73,0,0,101,101,0
77059636,NODE_704BCA25B768,child,5,20:50:0D:E7:1C:39,-66,0,73,73,0,0,101,101,0
77159628,NODE_704BCA25B768,child,5,20:50:0D:E7:1C:39,-66,0,73,73,0,0,102,102,0
77259629,NODE_704BCA25B768,child,5,20:50:0D:E7:1C:39,-66,0,73,73,0,0,102,102,0
77359636,NODE_704BCA25B768,child,5,20:50:0D:E7:1C:39,-67,0,73,73,0,0,102,102,0
77459632,NODE_704BCA25B768,child,5,20:50:0D:E7:1C:39,-67,0,73,73,0,0,102,102,0
77559704,NODE_704BCA25B768,child,5,20:50:0D:E7:1C:39,-67,0,73,73,0,0,103,102,0
77659636,NODE_704BCA25B768,child,5,20:50:0D:E7:1C:39,-66,0,74,74,0,0,103,103,0
77759625,NODE_704BCA25B768,child,5,20:50:0D:E7:1C:39,-66,0,74,74,0,0,103,103,0
77859633,NODE_704BCA25B768,child,5,20:50:0D:E7:1C:39,-66,0,74,74,0,0,103,103,0
77959640,NODE_704BCA25B768,child,5,20:50:0D:E7:1C:39,-66,0,74,74,0,0,103,103,0
78059632,NODE_704BCA25B768,child,5,20:50:0D:E7:1C:39,-66,0,74,74,0,0,103,103,0
78159711,NODE_704BCA25B768,child,5,20:50:0D:E7:1C:39,-66,0,74,74,0,0,104,104,0
78259640,NODE_704BCA25B768,child,5,20:50:0D:E7:1C:39,-66,0,74,74,0,0,104,104,0
78359628,NODE_704BCA25B768,child,5,20:50:0D:E7:1C:39,-66,0,74,74,0,0,104,104,0
78459641,NODE_704BCA25B768,child,5,20:50:0D:E7:1C:39,-66,0,74,74,0,0,104,104,0
78559636,NODE_704BCA25B768,child,5,20:50:0D:E7:1C:39,-67,0,74,74,0,0,104,104,0
78659628,NODE_704BCA25B768,child,5,20:50:0D:E7:1C:39,-67,0,75,75,0,0,105,105,0
78759633,NODE_704BCA25B768,child,5,20:50:0D:E7:1C:39,-67,0,75,75,0,0,105,105,0
78859853,NODE_704BCA25B768,child,5,20:50:0D:E7:1C:39,-67,0,75,75,0,0,105,105,0
78959628,NODE_704BCA25B768,child,5,20:50:0D:E7:1C:39,-67,0,75,75,0,0,105,105,0
79059629,NODE_704BCA25B768,child,5,20:50:0D:E7:1C:39,-67,0,75,75,0,0,105,105,0
79159640,NODE_704BCA25B768,child,5,20:50:0D:E7:1C:39,-67,0,75,75,0,0,106,106,0
79259636,NODE_704BCA25B768,child,5,20:50:0D:E7:1C:39,-66,0,75,75,0,0,106,106,0
79359633,NODE_704BCA25B768,child,5,20:50:0D:E7:1C:39,-66,0,75,75,0,0,106,106,0
79459636,NODE_704BCA25B768,child,5,20:50:0D:E7:1C:39,-66,0,75,75,0,0,106,106,0
79559692,NODE_704BCA25B768,child,5,20:50:0D:E7:1C:39,-66,0,75,75,0,0,106,106,0
79659637,NODE_704BCA25B768,child,5,20:50:0D:E7:1C:39,-66,0,76,76,0,0,107,107,0
79759632,NODE_704BCA25B768,child,5,20:50:0D:E7:1C:39,-66,0,76,76,0,0,107,107,0
79859636,NODE_704BCA25B768,child,5,20:50:0D:E7:1C:39,-66,0,76,76,0,0,107,107,0
79959633,NODE_704BCA25B768,child,5,20:50:0D:E7:1C:39,-66,0,76,76,0,0,107,107,0
80059636,NODE_704BCA25B768,child,5,20:50:0D:E7:1C:39,-66,0,76,76,0,0,107,107,0
80159636,NODE_704BCA25B768,child,5,20:50:0D:E7:1C:39,-66,0,76,76,0,0,108,108,0
80259629,NODE_704BCA25B768,child,5,20:50:0D:E7:1C:39,-66,0,76,76,0,0,108,108,0
80359624,NODE_704BCA25B768,child,5,20:50:0D:E7:1C:39,-66,0,76,76,0,0,108,108,0
80459636,NODE_704BCA25B768,child,5,20:50:0D:E7:1C:39,-66,0,76,76,0,0,108,108,0
80559812,NODE_704BCA25B768,child,5,20:50:0D:E7:1C:39,-66,0,76,76,0,0,108,108,0
80659628,NODE_704BCA25B768,child,5,20:50:0D:E7:1C:39,-66,0,77,77,0,0,109,109,0
80759644,NODE_704BCA25B768,child,5,20:50:0D:E7:1C:39,-66,0,77,77,0,0,109,109,0
80859625,NODE_704BCA25B768,child,5,20:50:0D:E7:1C:39,-66,0,77,77,0,0,109,109,0
80959628,NODE_704BCA25B768,child,5,20:50:0D:E7:1C:39,-66,0,77,77,0,0,109,109,0
81059636,NODE_704BCA25B768,child,5,20:50:0D:E7:1C:39,-66,0,77,77,0,0,109,109,0
81159633,NODE_704BCA25B768,child,5,20:50:0D:E7:1C:39,-66,0,77,77,0,0,110,110,0
81259628,NODE_704BCA25B768,child,5,20:50:0D:E7:1C:39,-66,0,77,77,0,0,110,110,0
81359636,NODE_704BCA25B768,child,5,20:50:0D:E7:1C:39,-66,0,77,77,0,0,110,110,0
81459637,NODE_704BCA25B768,child,5,20:50:0D:E7:1C:39,-66,0,77,77,0,0,110,110,0
81559628,NODE_704BCA25B768,child,5,20:50:0D:E7:1C:39,-66,0,77,77,0,0,110,110,0
81659636,NODE_704BCA25B768,child,5,20:50:0D:E7:1C:39,-66,0,78,78,0,0,111,111,0
81759633,NODE_704BCA25B768,child,5,20:50:0D:E7:1C:39,-66,0,78,78,0,0,111,111,0
81859628,NODE_704BCA25B768,child,5,20:50:0D:E7:1C:39,-66,0,78,78,0,0,111,111,0
81959640,NODE_704BCA25B768,child,5,20:50:0D:E7:1C:39,-66,0,78,78,0,0,111,111,0
82059788,NODE_704BCA25B768,child,5,20:50:0D:E7:1C:39,-66,0,78,78,0,0,111,111,0
82159632,NODE_704BCA25B768,child,5,20:50:0D:E7:1C:39,-66,0,78,78,0,0,112,112,0
82259775,NODE_704BCA25B768,child,5,20:50:0D:E7:1C:39,-67,0,78,78,0,0,112,112,0
82359629,NODE_704BCA25B768,child,5,20:50:0D:E7:1C:39,-67,0,78,78,0,0,112,112,0
82459624,NODE_704BCA25B768,child,5,20:50:0D:E7:1C:39,-67,0,78,78,0,0,112,112,0
82559644,NODE_704BCA25B768,child,5,20:50:0D:E7:1C:39,-66,0,78,78,0,0,112,112,0
82659637,NODE_704BCA25B768,child,5,20:50:0D:E7:1C:39,-66,0,79,79,0,0,113,113,0
82759633,NODE_704BCA25B768,child,5,20:50:0D:E7:1C:39,-66,0,79,79,0,0,113,113,0
82859636,NODE_704BCA25B768,child,5,20:50:0D:E7:1C:39,-66,0,79,79,0,0,113,113,0
82959633,NODE_704BCA25B768,child,5,20:50:0D:E7:1C:39,-66,0,79,79,0,0,113,113,0
83059628,NODE_704BCA25B768,child,5,20:50:0D:E7:1C:39,-66,0,79,79,0,0,113,113,0
83159636,NODE_704BCA25B768,child,5,20:50:0D:E7:1C:39,-66,0,79,79,0,0,114,114,0
83259641,NODE_704BCA25B768,child,5,20:50:0D:E7:1C:39,-66,0,79,79,0,0,114,114,0
83359628,NODE_704BCA25B768,child,5,20:50:0D:E7:1C:39,-66,0,79,79,0,0,114,114,0
83459628,NODE_704BCA25B768,child,5,20:50:0D:E7:1C:39,-66,0,79,79,0,0,114,114,0
83559654,NODE_704BCA25B768,child,5,20:50:0D:E7:1C:39,-66,0,79,79,0,0,114,114,0
83659628,NODE_704BCA25B768,child,5,20:50:0D:E7:1C:39,-66,0,80,80,0,0,115,115,0
83759624,NODE_704BCA25B768,child,5,20:50:0D:E7:1C:39,-66,0,80,80,0,0,115,115,0
83859637,NODE_704BCA25B768,child,5,20:50:0D:E7:1C:39,-66,0,80,80,0,0,115,115,0
83959640,NODE_704BCA25B768,child,5,20:50:0D:E7:1C:39,-66,0,80,80,0,0,115,115,0
84059624,NODE_704BCA25B768,child,5,20:50:0D:E7:1C:39,-66,0,80,80,0,0,115,115,0
84159633,NODE_704BCA25B768,child,5,20:50:0D:E7:1C:39,-66,0,80,80,0,0,116,116,0
84259628,NODE_704BCA25B768,child,5,20:50:0D:E7:1C:39,-66,0,80,80,0,0,116,116,0
84359628,NODE_704BCA25B768,child,5,20:50:0D:E7:1C:39,-66,0,80,80,0,0,116,116,0
84459641,NODE_704BCA25B768,child,5,20:50:0D:E7:1C:39,-66,0,80,80,0,0,116,116,0
84559698,NODE_704BCA25B768,child,5,20:50:0D:E7:1C:39,-66,0,80,80,0,0,116,116,0
84659632,NODE_704BCA25B768,child,5,20:50:0D:E7:1C:39,-66,0,81,81,0,0,117,117,0
84759641,NODE_704BCA25B768,child,5,20:50:0D:E7:1C:39,-66,0,81,81,0,0,117,117,0
84859632,NODE_704BCA25B768,child,5,20:50:0D:E7:1C:39,-66,0,81,81,0,0,117,117,0
84959628,NODE_704BCA25B768,child,5,20:50:0D:E7:1C:39,-66,0,81,81,0,0,117,117,0
85059637,NODE_704BCA25B768,child,5,20:50:0D:E7:1C:39,-66,0,81,81,0,0,117,117,0
85159636,NODE_704BCA25B768,child,5,20:50:0D:E7:1C:39,-66,0,81,81,0,0,118,118,0
85259632,NODE_704BCA25B768,child,5,20:50:0D:E7:1C:39,-66,0,81,81,0,0,118,118,0
85359645,NODE_704BCA25B768,child,5,20:50:0D:E7:1C:39,-66,0,81,81,0,0,118,118,0
85459636,NODE_704BCA25B768,child,5,20:50:0D:E7:1C:39,-66,0,81,81,0,0,118,118,0
85560017,NODE_704BCA25B768,child,5,20:50:0D:E7:1C:39,-66,0,81,81,0,0,119,118,0
85659637,NODE_704BCA25B768,child,5,20:50:0D:E7:1C:39,-66,0,82,82,0,0,119,119,0
85759632,NODE_704BCA25B768,child,5,20:50:0D:E7:1C:39,-66,0,82,82,0,0,119,119,0
85859624,NODE_704BCA25B768,child,5,20:50:0D:E7:1C:39,-66,0,82,82,0,0,119,119,0
85959641,NODE_704BCA25B768,child,5,20:50:0D:E7:1C:39,-66,0,82,82,0,0,119,119,0
86059632,NODE_704BCA25B768,child,5,20:50:0D:E7:1C:39,-66,0,82,82,0,0,119,119,0
86159632,NODE_704BCA25B768,child,5,20:50:0D:E7:1C:39,-66,0,82,82,0,0,120,120,0
86259641,NODE_704BCA25B768,child,5,20:50:0D:E7:1C:39,-66,0,82,82,0,0,120,120,0
86359624,NODE_704BCA25B768,child,5,20:50:0D:E7:1C:39,-66,0,82,82,0,0,120,120,0
86459628,NODE_704BCA25B768,child,5,20:50:0D:E7:1C:39,-66,0,82,82,0,0,120,120,0
86559645,NODE_704BCA25B768,child,5,20:50:0D:E7:1C:39,-66,0,82,82,0,0,120,120,0
86659628,NODE_704BCA25B768,child,5,20:50:0D:E7:1C:39,-66,0,83,83,0,0,121,121,0
86759628,NODE_704BCA25B768,child,5,20:50:0D:E7:1C:39,-66,0,83,83,0,0,121,121,0
86859641,NODE_704BCA25B768,child,5,20:50:0D:E7:1C:39,-66,0,83,83,0,0,121,121,0
86959624,NODE_704BCA25B768,child,5,20:50:0D:E7:1C:39,-66,0,83,83,0,0,121,121,0
87059628,NODE_704BCA25B768,child,5,20:50:0D:E7:1C:39,-66,0,83,83,0,0,121,121,0
87160393,NODE_704BCA25B768,child,5,20:50:0D:E7:1C:39,-65,0,83,83,0,0,122,121,0
87259960,NODE_704BCA25B768,child,5,20:50:0D:E7:1C:39,-65,0,83,83,0,0,122,121,0
87359970,NODE_704BCA25B768,child,5,20:50:0D:E7:1C:39,-65,0,83,83,0,0,122,121,0
87460002,NODE_704BCA25B768,child,5,20:50:0D:E7:1C:39,-65,0,83,83,0,0,122,121,0
87561064,NODE_704BCA25B768,child,5,20:50:0D:E7:1C:39,-66,0,83,83,0,0,123,121,0
87659632,NODE_704BCA25B768,child,5,20:50:0D:E7:1C:39,-66,0,83,83,0,0,123,121,0
87760110,NODE_704BCA25B768,child,5,20:50:0D:E7:1C:39,-66,0,83,83,0,0,123,121,0
87859636,NODE_704BCA25B768,child,5,20:50:0D:E7:1C:39,-66,0,83,83,0,0,123,121,0
87960233,NODE_704BCA25B768,child,5,20:50:0D:E7:1C:39,-66,0,83,83,0,0,123,121,0
88059633,NODE_704BCA25B768,child,5,20:50:0D:E7:1C:39,-66,0,83,83,0,0,123,121,0
88160130,NODE_704BCA25B768,child,5,20:50:0D:E7:1C:39,-66,0,83,83,0,0,124,121,0
88259624,NODE_704BCA25B768,child,5,20:50:0D:E7:1C:39,-66,0,83,83,0,0,124,121,0
88359633,NODE_704BCA25B768,child,5,20:50:0D:E7:1C:39,-66,0,83,83,0,0,124,121,0
88459644,NODE_704BCA25B768,child,5,20:50:0D:E7:1C:39,-66,0,83,83,0,0,124,121,0
88559706,NODE_704BCA25B768,child,5,20:50:0D:E7:1C:39,-66,0,83,83,0,0,124,121,0
88659633,NODE_704BCA25B768,child,5,20:50:0D:E7:1C:39,-66,0,83,83,0,0,125,121,0
88759644,NODE_704BCA25B768,child,5,20:50:0D:E7:1C:39,-66,0,83,83,0,0,125,121,0
88859624,NODE_704BCA25B768,child,5,20:50:0D:E7:1C:39,-66,0,83,83,0,0,125,121,0
88959629,NODE_704BCA25B768,child,5,20:50:0D:E7:1C:39,-66,0,83,83,0,0,125,121,0
89059644,NODE_704BCA25B768,child,5,20:50:0D:E7:1C:39,-66,0,83,83,0,0,125,121,0
89160221,NODE_704BCA25B768,child,5,20:50:0D:E7:1C:39,-66,0,83,83,0,0,126,121,0
89259629,NODE_704BCA25B768,child,5,20:50:0D:E7:1C:39,-66,0,83,83,0,0,126,121,0
89359640,NODE_704BCA25B768,child,5,20:50:0D:E7:1C:39,-66,0,83,83,0,0,126,121,0
89459624,NODE_704BCA25B768,child,5,20:50:0D:E7:1C:39,-66,0,83,83,0,0,126,121,0
89559945,NODE_704BCA25B768,child,5,20:50:0D:E7:1C:39,-66,0,83,83,0,0,126,121,0
89659636,NODE_704BCA25B768,child,5,20:50:0D:E7:1C:39,-66,0,83,83,0,0,127,121,0
89759636,NODE_704BCA25B768,child,5,20:50:0D:E7:1C:39,-66,0,83,83,0,0,127,121,0
89859629,NODE_704BCA25B768,child,5,20:50:0D:E7:1C:39,-66,0,83,83,0,0,127,121,0
89959640,NODE_704BCA25B768,child,5,20:50:0D:E7:1C:39,-66,0,83,83,0,0,127,121,0
90059624,NODE_704BCA25B768,child,5,20:50:0D:E7:1C:39,-66,0,83,83,0,0,127,121,0
90160200,NODE_704BCA25B768,child,5,20:50:0D:E7:1C:39,-66,0,83,83,0,0,128,121,0
90259640,NODE_704BCA25B768,child,5,20:50:0D:E7:1C:39,-66,0,83,83,0,0,128,121,0
90359624,NODE_704BCA25B768,child,5,20:50:0D:E7:1C:39,-66,0,83,83,0,0,128,121,0
90459637,NODE_704BCA25B768,child,5,20:50:0D:E7:1C:39,-66,0,83,83,0,0,128,121,0
90559636,NODE_704BCA25B768,child,5,20:50:0D:E7:1C:39,-66,0,83,83,0,0,128,121,0
90659632,NODE_704BCA25B768,child,5,20:50:0D:E7:1C:39,-66,0,83,83,0,0,129,121,0
90759625,NODE_704BCA25B768,child,5,20:50:0D:E7:1C:39,-66,0,83,83,0,0,129,121,0
90859636,NODE_704BCA25B768,child,5,20:50:0D:E7:1C:39,-66,0,83,83,0,0,129,121,0
90959628,NODE_704BCA25B768,child,5,20:50:0D:E7:1C:39,-66,0,83,83,0,0,129,121,0
91059637,NODE_704BCA25B768,child,5,20:50:0D:E7:1C:39,-66,0,83,83,0,0,129,121,0
91160273,NODE_704BCA25B768,child,5,20:50:0D:E7:1C:39,-66,0,83,83,0,0,130,121,0
91259624,NODE_704BCA25B768,child,5,20:50:0D:E7:1C:39,-66,0,83,83,0,0,130,121,0
91359633,NODE_704BCA25B768,child,5,20:50:0D:E7:1C:39,-66,0,83,83,0,0,130,121,0
91459644,NODE_704BCA25B768,child,5,20:50:0D:E7:1C:39,-66,0,83,83,0,0,130,121,0
91559959,NODE_704BCA25B768,child,5,20:50:0D:E7:1C:39,-66,0,83,83,0,0,130,121,0
91659625,NODE_704BCA25B768,child,5,20:50:0D:E7:1C:39,-66,0,83,83,0,0,131,121,0
91759640,NODE_704BCA25B768,child,5,20:50:0D:E7:1C:39,-66,0,83,83,0,0,131,121,0
91859636,NODE_704BCA25B768,child,5,20:50:0D:E7:1C:39,-66,0,83,83,0,0,131,121,0
91959629,NODE_704BCA25B768,child,5,20:50:0D:E7:1C:39,-66,0,83,83,0,0,131,121,0
92059624,NODE_704BCA25B768,child,5,20:50:0D:E7:1C:39,-66,0,83,83,0,0,131,121,0
92160217,NODE_704BCA25B768,child,5,20:50:0D:E7:1C:39,-66,0,83,83,0,0,132,121,0
92259629,NODE_704BCA25B768,child,5,20:50:0D:E7:1C:39,-66,0,83,83,0,0,132,121,0
92359628,NODE_704BCA25B768,child,5,20:50:0D:E7:1C:39,-66,0,83,83,0,0,132,121,0
92459640,NODE_704BCA25B768,child,5,20:50:0D:E7:1C:39,-66,0,83,83,0,0,132,121,0
92559625,NODE_704BCA25B768,child,5,20:50:0D:E7:1C:39,-66,0,83,83,0,0,133,121,0
92659632,NODE_704BCA25B768,child,5,20:50:0D:E7:1C:39,-66,0,83,83,0,0,133,121,0
92759637,NODE_704BCA25B768,child,5,20:50:0D:E7:1C:39,-67,0,83,83,0,0,133,121,0
92859625,NODE_704BCA25B768,child,5,20:50:0D:E7:1C:39,-67,0,83,83,0,0,133,121,0
92959628,NODE_704BCA25B768,child,5,20:50:0D:E7:1C:39,-67,0,83,83,0,0,133,121,0
93059640,NODE_704BCA25B768,child,5,20:50:0D:E7:1C:39,-66,0,83,83,0,0,133,121,0
93160227,NODE_704BCA25B768,child,5,20:50:0D:E7:1C:39,-66,0,83,83,0,0,134,121,0
93259636,NODE_704BCA25B768,child,5,20:50:0D:E7:1C:39,-66,0,83,83,0,0,134,121,0
93359636,NODE_704BCA25B768,child,5,20:50:0D:E7:1C:39,-66,0,83,83,0,0,134,121,0
93459625,NODE_704BCA25B768,child,5,20:50:0D:E7:1C:39,-66,0,83,83,0,0,134,121,0
93559636,NODE_704BCA25B768,child,5,20:50:0D:E7:1C:39,-66,0,83,83,0,0,134,121,0
93659636,NODE_704BCA25B768,child,5,20:50:0D:E7:1C:39,-66,0,83,83,0,0,135,121,0
93759629,NODE_704BCA25B768,child,5,20:50:0D:E7:1C:39,-66,0,83,83,0,0,135,121,0
93859632,NODE_704BCA25B768,child,5,20:50:0D:E7:1C:39,-66,0,83,83,0,0,135,121,0
93959636,NODE_704BCA25B768,child,5,20:50:0D:E7:1C:39,-66,0,83,83,0,0,135,121,0
94059637,NODE_704BCA25B768,child,5,20:50:0D:E7:1C:39,-66,0,83,83,0,0,135,121,0
94160187,NODE_704BCA25B768,child,5,20:50:0D:E7:1C:39,-66,0,83,83,0,0,136,121,0
94259644,NODE_704BCA25B768,child,5,20:50:0D:E7:1C:39,-67,0,83,83,0,0,136,121,0
94359637,NODE_704BCA25B768,child,5,20:50:0D:E7:1C:39,-67,0,83,83,0,0,136,121,0
94459624,NODE_704BCA25B768,child,5,20:50:0D:E7:1C:39,-67,0,83,83,0,0,136,121,0
94560222,NODE_704BCA25B768,child,5,20:50:0D:E7:1C:39,-66,0,83,83,0,0,136,121,0
94659625,NODE_704BCA25B768,child,5,20:50:0D:E7:1C:39,-66,0,83,83,0,0,137,121,0
94759640,NODE_704BCA25B768,child,5,20:50:0D:E7:1C:39,-66,0,83,83,0,0,137,121,0
94859644,NODE_704BCA25B768,child,5,20:50:0D:E7:1C:39,-66,0,83,83,0,0,137,121,0
94959637,NODE_704BCA25B768,child,5,20:50:0D:E7:1C:39,-66,0,83,83,0,0,137,121,0
95059628,NODE_704BCA25B768,child,5,20:50:0D:E7:1C:39,-66,0,83,83,0,0,137,121,0
95160271,NODE_704BCA25B768,child,5,20:50:0D:E7:1C:39,-65,0,83,83,0,0,138,121,0
95259629,NODE_704BCA25B768,child,5,20:50:0D:E7:1C:39,-65,0,84,84,0,0,138,138,0
95359628,NODE_704BCA25B768,child,5,20:50:0D:E7:1C:39,-65,0,84,84,0,0,138,138,0
95459636,NODE_704BCA25B768,child,5,20:50:0D:E7:1C:39,-66,0,84,84,0,0,138,138,0
95560178,NODE_704BCA25B768,child,5,20:50:0D:E7:1C:39,-66,0,84,84,0,0,138,138,0
95659636,NODE_704BCA25B768,child,5,20:50:0D:E7:1C:39,-66,0,84,84,0,0,139,139,0
95759636,NODE_704BCA25B768,child,5,20:50:0D:E7:1C:39,-66,0,84,84,0,0,139,139,0
95859633,NODE_704BCA25B768,child,5,20:50:0D:E7:1C:39,-66,0,84,84,0,0,139,139,0
95959689,NODE_704BCA25B768,child,5,20:50:0D:E7:1C:39,-66,0,84,84,0,0,139,139,0
96059636,NODE_704BCA25B768,child,5,20:50:0D:E7:1C:39,-66,0,84,84,0,0,139,139,0
96159633,NODE_704BCA25B768,child,5,20:50:0D:E7:1C:39,-66,0,84,84,0,0,140,140,0
96259628,NODE_704BCA25B768,child,5,20:50:0D:E7:1C:39,-66,0,85,85,0,0,140,140,0
96359624,NODE_704BCA25B768,child,5,20:50:0D:E7:1C:39,-66,0,85,85,0,0,140,140,0
96459637,NODE_704BCA25B768,child,5,20:50:0D:E7:1C:39,-66,0,85,85,0,0,140,140,0
96560214,NODE_704BCA25B768,child,5,20:50:0D:E7:1C:39,-66,0,85,85,0,0,140,140,0
96659640,NODE_704BCA25B768,child,5,20:50:0D:E7:1C:39,-66,0,85,85,0,0,141,141,0
96759637,NODE_704BCA25B768,child,5,20:50:0D:E7:1C:39,-66,0,85,85,0,0,141,141,0
96859632,NODE_704BCA25B768,child,5,20:50:0D:E7:1C:39,-66,0,85,85,0,0,141,141,0
96959636,NODE_704BCA25B768,child,5,20:50:0D:E7:1C:39,-66,0,85,85,0,0,141,141,0
97059637,NODE_704BCA25B768,child,5,20:50:0D:E7:1C:39,-66,0,85,85,0,0,141,141,0
97159632,NODE_704BCA25B768,child,5,20:50:0D:E7:1C:39,-66,0,85,85,0,0,142,142,0
97259628,NODE_704BCA25B768,child,5,20:50:0D:E7:1C:39,-66,0,86,86,0,0,142,142,0
97359645,NODE_704BCA25B768,child,5,20:50:0D:E7:1C:39,-66,0,86,86,0,0,142,142,0
97459624,NODE_704BCA25B768,child,5,20:50:0D:E7:1C:39,-66,0,86,86,0,0,142,142,0
97559632,NODE_704BCA25B768,child,5,20:50:0D:E7:1C:39,-66,0,86,86,0,0,142,142,0
97660403,NODE_704BCA25B768,child,5,20:50:0D:E7:1C:39,-66,0,86,86,255,255,143,143,0
97759645,NODE_704BCA25B768,child,5,20:50:0D:E7:1C:39,-66,0,86,86,255,255,143,143,0
97859624,NODE_704BCA25B768,child,5,20:50:0D:E7:1C:39,-66,0,86,86,255,255,143,143,0
97959641,NODE_704BCA25B768,child,5,20:50:0D:E7:1C:39,-66,0,86,86,255,255,143,143,0
98059624,NODE_704BCA25B768,child,5,20:50:0D:E7:1C:39,-66,0,86,86,255,255,143,143,0
98159632,NODE_704BCA25B768,child,5,20:50:0D:E7:1C:39,-66,0,86,86,255,255,144,144,0
98259637,NODE_704BCA25B768,child,5,20:50:0D:E7:1C:39,-66,0,87,87,255,255,144,144,0
98359628,NODE_704BCA25B768,child,5,20:50:0D:E7:1C:39,-66,0,87,87,255,255,144,144,0
98459628,NODE_704BCA25B768,child,5,20:50:0D:E7:1C:39,-66,0,87,87,255,255,144,144,0
98559637,NODE_704BCA25B768,child,5,20:50:0D:E7:1C:39,-67,0,87,87,255,255,144,144,0
98659628,NODE_704BCA25B768,child,5,20:50:0D:E7:1C:39,-67,0,87,87,255,255,145,145,0
98759636,NODE_704BCA25B768,child,5,20:50:0D:E7:1C:39,-67,0,87,87,255,255,145,145,0
98859637,NODE_704BCA25B768,child,5,20:50:0D:E7:1C:39,-66,0,87,87,255,255,145,145,0
98959628,NODE_704BCA25B768,child,5,20:50:0D:E7:1C:39,-66,0,87,87,255,255,145,145,0
99059624,NODE_704BCA25B768,child,5,20:50:0D:E7:1C:39,-66,0,87,87,255,255,145,145,0
99159637,NODE_704BCA25B768,child,5,20:50:0D:E7:1C:39,-67,0,87,87,255,255,146,146,0
99259624,NODE_704BCA25B768,child,5,20:50:0D:E7:1C:39,-67,0,88,88,255,255,146,146,0
99359632,NODE_704BCA25B768,child,5,20:50:0D:E7:1C:39,-67,0,88,88,255,255,146,146,0
99460279,NODE_704BCA25B768,child,5,20:50:0D:E7:1C:39,-66,0,88,88,255,255,146,146,0
99559632,NODE_704BCA25B768,child,5,20:50:0D:E7:1C:39,-66,0,88,88,255,255,146,146,0
99659628,NODE_704BCA25B768,child,5,20:50:0D:E7:1C:39,-66,0,88,88,255,255,147,147,0
99759641,NODE_704BCA25B768,child,5,20:50:0D:E7:1C:39,-67,0,88,88,255,255,147,147,0
99859636,NODE_704BCA25B768,child,5,20:50:0D:E7:1C:39,-67,0,88,88,255,255,147,147,0
99959628,NODE_704BCA25B768,child,5,20:50:0D:E7:1C:39,-67,0,88,88,255,255,147,147,0
100060193,NODE_704BCA25B768,child,5,20:50:0D:E7:1C:39,-66,0,88,88,255,255,147,147,0
100159632,NODE_704BCA25B768,child,5,20:50:0D:E7:1C:39,-66,0,88,88,255,255,148,148,0
100259632,NODE_704BCA25B768,child,5,20:50:0D:E7:1C:39,-66,0,89,89,255,255,148,148,0
100359637,NODE_704BCA25B768,child,5,20:50:0D:E7:1C:39,-66,0,89,89,255,255,148,148,0
100459636,NODE_704BCA25B768,child,5,20:50:0D:E7:1C:39,-66,0,89,89,255,255,148,148,0
100559640,NODE_704BCA25B768,child,5,20:50:0D:E7:1C:39,-66,0,89,89,255,255,148,148,0
100659637,NODE_704BCA25B768,child,5,20:50:0D:E7:1C:39,-66,0,89,89,255,255,149,149,0
100759644,NODE_704BCA25B768,child,5,20:50:0D:E7:1C:39,-67,0,89,89,255,255,149,149,0
100859624,NODE_704BCA25B768,child,5,20:50:0D:E7:1C:39,-67,0,89,89,255,255,149,149,0
100959629,NODE_704BCA25B768,child,5,20:50:0D:E7:1C:39,-67,0,89,89,255,255,149,149,0
101059636,NODE_704BCA25B768,child,5,20:50:0D:E7:1C:39,-66,0,89,89,255,255,149,149,0
101159632,NODE_704BCA25B768,child,5,20:50:0D:E7:1C:39,-66,0,89,89,255,255,150,150,0
101259633,NODE_704BCA25B768,child,5,20:50:0D:E7:1C:39,-66,0,90,90,255,255,150,150,0
101359640,NODE_704BCA25B768,child,5,20:50:0D:E7:1C:39,-66,0,90,90,255,255,150,150,0
101459624,NODE_704BCA25B768,child,5,20:50:0D:E7:1C:39,-66,0,90,90,255,255,150,150,0
101559625,NODE_704BCA25B768,child,5,20:50:0D:E7:1C:39,-66,0,90,90,255,255,150,150,0
101659644,NODE_704BCA25B768,child,5,20:50:0D:E7:1C:39,-67,0,90,90,255,255,151,151,0
101759624,NODE_704BCA25B768,child,5,20:50:0D:E7:1C:39,-67,0,90,90,255,255,151,151,0
101859629,NODE_704BCA25B768,child,5,20:50:0D:E7:1C:39,-67,0,90,90,255,255,151,151,0
101959640,NODE_704BCA25B768,child,5,20:50:0D:E7:1C:39,-67,0,90,90,255,255,151,151,0
102059636,NODE_704BCA25B768,child,5,20:50:0D:E7:1C:39,-67,0,90,90,255,255,151,151,0
102159637,NODE_704BCA25B768,child,5,20:50:0D:E7:1C:39,-67,0,90,90,255,255,152,152,0
102259636,NODE_704BCA25B768,child,5,20:50:0D:E7:1C:39,-66,0,91,91,255,255,152,152,0
102359624,NODE_704BCA25B768,child,5,20:50:0D:E7:1C:39,-66,0,91,91,255,255,152,152,0
102459625,NODE_704BCA25B768,child,5,20:50:0D:E7:1C:39,-66,0,91,91,255,255,152,152,0
102559636,NODE_704BCA25B768,child,5,20:50:0D:E7:1C:39,-65,0,91,91,255,255,152,152,0
102659628,NODE_704BCA25B768,child,5,20:50:0D:E7:1C:39,-65,0,91,91,255,255,153,153,0
102759638,NODE_704BCA25B768,child,5,20:50:0D:E7:1C:39,-65,0,91,91,255,255,153,153,0
102859636,NODE_704BCA25B768,child,5,20:50:0D:E7:1C:39,-66,0,91,91,255,255,153,153,0
102959628,NODE_704BCA25B768,child,5,20:50:0D:E7:1C:39,-66,0,91,91,255,255,153,153,0
103059633,NODE_704BCA25B768,child,5,20:50:0D:E7:1C:39,-66,0,91,91,255,255,153,153,0
103159636,NODE_704BCA25B768,child,5,20:50:0D:E7:1C:39,-66,0,91,91,255,255,154,154,0
103259748,NODE_704BCA25B768,child,5,20:50:0D:E7:1C:39,-66,0,92,92,255,255,154,154,0
103359637,NODE_704BCA25B768,child,5,20:50:0D:E7:1C:39,-66,0,92,92,255,255,154,154,0
103459640,NODE_704BCA25B768,child,5,20:50:0D:E7:1C:39,-66,0,92,92,255,255,154,154,0
103559789,NODE_704BCA25B768,child,5,20:50:0D:E7:1C:39,-66,0,92,92,255,255,154,154,0
103659633,NODE_704BCA25B768,child,5,20:50:0D:E7:1C:39,-66,0,92,92,255,255,155,155,0
103759644,NODE_704BCA25B768,child,5,20:50:0D:E7:1C:39,-66,0,92,92,255,255,155,155,0
103859624,NODE_704BCA25B768,child,5,20:50:0D:E7:1C:39,-66,0,92,92,255,255,155,155,0
103959629,NODE_704BCA25B768,child,5,20:50:0D:E7:1C:39,-66,0,92,92,255,255,155,155,0
104059636,NODE_704BCA25B768,child,5,20:50:0D:E7:1C:39,-66,0,92,92,255,255,155,155,0
104159628,NODE_704BCA25B768,child,5,20:50:0D:E7:1C:39,-66,0,92,92,255,255,156,156,0
104259641,NODE_704BCA25B768,child,5,20:50:0D:E7:1C:39,-66,0,93,93,255,255,156,156,0
104359636,NODE_704BCA25B768,child,5,20:50:0D:E7:1C:39,-66,0,93,93,255,255,156,156,0
104459628,NODE_704BCA25B768,child,5,20:50:0D:E7:1C:39,-66,0,93,93,255,255,156,156,0
104559625,NODE_704BCA25B768,child,5,20:50:0D:E7:1C:39,-66,0,93,93,255,255,156,156,0
104659636,NODE_704BCA25B768,child,5,20:50:0D:E7:1C:39,-66,0,93,93,255,255,157,157,0
104759644,NODE_704BCA25B768,child,5,20:50:0D:E7:1C:39,-67,0,93,93,255,255,157,157,0
104859629,NODE_704BCA25B768,child,5,20:50:0D:E7:1C:39,-67,0,93,93,255,255,157,157,0
104959640,NODE_704BCA25B768,child,5,20:50:0D:E7:1C:39,-67,0,93,93,255,255,157,157,0
105059640,NODE_704BCA25B768,child,5,20:50:0D:E7:1C:39,-66,0,93,93,255,255,157,157,0
105159633,NODE_704BCA25B768,child,5,20:50:0D:E7:1C:39,-66,0,93,93,255,255,158,158,0
105259636,NODE_704BCA25B768,child,5,20:50:0D:E7:1C:39,-66,0,94,94,255,255,158,158,0
105359640,NODE_704BCA25B768,child,5,20:50:0D:E7:1C:39,-66,0,94,94,255,255,158,158,0
105459625,NODE_704BCA25B768,child,5,20:50:0D:E7:1C:39,-66,0,94,94,255,255,158,158,0
105559628,NODE_704BCA25B768,child,5,20:50:0D:E7:1C:39,-66,0,94,94,255,255,158,158,0
105659644,NODE_704BCA25B768,child,5,20:50:0D:E7:1C:39,-67,0,94,94,255,255,159,159,0
105759633,NODE_704BCA25B768,child,5,20:50:0D:E7:1C:39,-67,0,94,94,255,255,159,159,0
105859632,NODE_704BCA25B768,child,5,20:50:0D:E7:1C:39,-67,0,94,94,255,255,159,159,0
105959640,NODE_704BCA25B768,child,5,20:50:0D:E7:1C:39,-66,0,94,94,255,255,159,159,0
106059625,NODE_704BCA25B768,child,5,20:50:0D:E7:1C:39,-66,0,94,94,255,255,159,159,0
106159636,NODE_704BCA25B768,child,5,20:50:0D:E7:1C:39,-66,0,94,94,255,255,160,160,0
106259636,NODE_704BCA25B768,child,5,20:50:0D:E7:1C:39,-67,0,95,95,255,255,160,160,0
106359641,NODE_704BCA25B768,child,5,20:50:0D:E7:1C:39,-67,0,95,95,255,255,160,160,0
106459632,NODE_704BCA25B768,child,5,20:50:0D:E7:1C:39,-67,0,95,95,255,255,160,160,0
106560296,NODE_704BCA25B768,child,5,20:50:0D:E7:1C:39,-66,0,95,95,255,255,160,160,0
106659637,NODE_704BCA25B768,child,5,20:50:0D:E7:1C:39,-66,0,95,95,255,255,161,161,0
106760251,NODE_704BCA25B768,child,5,20:50:0D:E7:1C:39,-66,0,95,95,255,255,161,161,0
106859636,NODE_704BCA25B768,child,5,20:50:0D:E7:1C:39,-66,0,95,95,255,255,161,161,0
106959629,NODE_704BCA25B768,child,5,20:50:0D:E7:1C:39,-66,0,95,95,255,255,161,161,0
107059624,NODE_704BCA25B768,child,5,20:50:0D:E7:1C:39,-66,0,95,95,255,255,161,161,0
107159636,NODE_704BCA25B768,child,5,20:50:0D:E7:1C:39,-66,0,95,95,255,255,162,162,0
107259625,NODE_704BCA25B768,child,5,20:50:0D:E7:1C:39,-66,0,96,96,255,255,162,162,0
107359632,NODE_704BCA25B768,child,5,20:50:0D:E7:1C:39,-66,0,96,96,255,255,162,162,0
107459640,NODE_704BCA25B768,child,5,20:50:0D:E7:1C:39,-66,0,96,96,255,255,162,162,0
107559625,NODE_704BCA25B768,child,5,20:50:0D:E7:1C:39,-66,0,96,96,255,255,162,162,0
107659632,NODE_704BCA25B768,child,5,20:50:0D:E7:1C:39,-66,0,96,96,255,255,163,163,0
107759641,NODE_704BCA25B768,child,5,20:50:0D:E7:1C:39,-66,0,96,96,255,255,163,163,0
107859625,NODE_704BCA25B768,child,5,20:50:0D:E7:1C:39,-66,0,96,96,255,255,163,163,0
107959636,NODE_704BCA25B768,child,5,20:50:0D:E7:1C:39,-66,0,96,96,255,255,163,163,0
108059636,NODE_704BCA25B768,child,5,20:50:0D:E7:1C:39,-67,0,96,96,255,255,163,163,0
108159629,NODE_704BCA25B768,child,5,20:50:0D:E7:1C:39,-67,0,96,96,255,255,164,164,0
108259632,NODE_704BCA25B768,child,5,20:50:0D:E7:1C:39,-67,0,97,97,255,255,164,164,0
108359640,NODE_704BCA25B768,child,5,20:50:0D:E7:1C:39,-66,0,97,97,255,255,164,164,0
108459625,NODE_704BCA25B768,child,5,20:50:0D:E7:1C:39,-66,0,97,97,255,255,164,164,0
108559632,NODE_704BCA25B768,child,5,20:50:0D:E7:1C:39,-66,0,97,97,255,255,164,164,0
108659644,NODE_704BCA25B768,child,5,20:50:0D:E7:1C:39,-66,0,97,97,255,255,165,165,0
108759629,NODE_704BCA25B768,child,5,20:50:0D:E7:1C:39,-66,0,97,97,255,255,165,165,0
108859632,NODE_704BCA25B768,child,5,20:50:0D:E7:1C:39,-66,0,97,97,255,255,165,165,0
108959636,NODE_704BCA25B768,child,5,20:50:0D:E7:1C:39,-66,0,97,97,255,255,165,165,0
109059637,NODE_704BCA25B768,child,5,20:50:0D:E7:1C:39,-66,0,97,97,255,255,165,165,0
109159632,NODE_704BCA25B768,child,5,20:50:0D:E7:1C:39,-66,0,97,97,255,255,166,166,0
109259628,NODE_704BCA25B768,child,5,20:50:0D:E7:1C:39,-66,0,98,98,255,255,166,166,0
109359645,NODE_704BCA25B768,child,5,20:50:0D:E7:1C:39,-66,0,98,98,255,255,166,166,0
109459624,NODE_704BCA25B768,child,5,20:50:0D:E7:1C:39,-66,0,98,98,255,255,166,166,0
109559624,NODE_704BCA25B768,child,5,20:50:0D:E7:1C:39,-66,0,98,98,255,255,166,166,0
109659637,NODE_704BCA25B768,child,5,20:50:0D:E7:1C:39,-66,0,98,98,255,255,167,167,0
109760351,NODE_704BCA25B768,child,5,20:50:0D:E7:1C:39,-66,0,98,98,255,255,167,167,0
109859632,NODE_704BCA25B768,child,5,20:50:0D:E7:1C:39,-66,0,98,98,255,255,167,167,0
109959641,NODE_704BCA25B768,child,5,20:50:0D:E7:1C:39,-66,0,98,98,255,255,167,167,0
110059632,NODE_704BCA25B768,child,5,20:50:0D:E7:1C:39,-66,0,98,98,255,255,167,167,0
110159632,NODE_704BCA25B768,child,5,20:50:0D:E7:1C:39,-66,0,98,98,255,255,168,168,0
110259641,NODE_704BCA25B768,child,5,20:50:0D:E7:1C:39,-66,0,99,99,255,255,168,168,0
110359632,NODE_704BCA25B768,child,5,20:50:0D:E7:1C:39,-66,0,99,99,255,255,168,168,0
110459624,NODE_704BCA25B768,child,5,20:50:0D:E7:1C:39,-66,0,99,99,255,255,168,168,0
110560085,NODE_704BCA25B768,child,5,20:50:0D:E7:1C:39,-66,0,99,99,255,255,168,168,0
110659636,NODE_704BCA25B768,child,5,20:50:0D:E7:1C:39,-66,0,99,99,255,255,169,169,0
110759628,NODE_704BCA25B768,child,5,20:50:0D:E7:1C:39,-66,0,99,99,255,255,169,169,0
110859637,NODE_704BCA25B768,child,5,20:50:0D:E7:1C:39,-66,0,99,99,255,255,169,169,0
110959628,NODE_704BCA25B768,child,5,20:50:0D:E7:1C:39,-66,0,99,99,255,255,169,169,0
111059632,NODE_704BCA25B768,child,5,20:50:0D:E7:1C:39,-66,0,99,99,255,255,169,169,0
111159637,NODE_704BCA25B768,child,5,20:50:0D:E7:1C:39,-66,0,99,99,255,255,170,170,0
111259628,NODE_704BCA25B768,child,5,20:50:0D:E7:1C:39,-66,0,100,100,255,255,170,170,0
111359632,NODE_704BCA25B768,child,5,20:50:0D:E7:1C:39,-66,0,100,100,255,255,170,170,0
111459641,NODE_704BCA25B768,child,5,20:50:0D:E7:1C:39,-65,0,100,100,255,255,170,170,0
111559628,NODE_704BCA25B768,child,5,20:50:0D:E7:1C:39,-65,0,100,100,255,255,170,170,0
111659640,NODE_704BCA25B768,child,5,20:50:0D:E7:1C:39,-65,0,100,100,255,255,171,171,0
111759641,NODE_704BCA25B768,child,5,20:50:0D:E7:1C:39,-67,0,100,100,255,255,171,171,0
111859628,NODE_704BCA25B768,child,5,20:50:0D:E7:1C:39,-67,0,100,100,255,255,171,171,0
111959628,NODE_704BCA25B768,child,5,20:50:0D:E7:1C:39,-67,0,100,100,255,255,171,171,0
112059641,NODE_704BCA25B768,child,5,20:50:0D:E7:1C:39,-66,0,100,100,255,255,171,171,0
112159628,NODE_704BCA25B768,child,5,20:50:0D:E7:1C:39,-66,0,100,100,255,255,172,172,0
112259628,NODE_704BCA25B768,child,5,20:50:0D:E7:1C:39,-66,0,101,101,255,255,172,172,0
112359645,NODE_704BCA25B768,child,5,20:50:0D:E7:1C:39,-66,0,101,101,255,255,172,172,0
112459624,NODE_704BCA25B768,child,5,20:50:0D:E7:1C:39,-66,0,101,101,255,255,172,172,0
112559624,NODE_704BCA25B768,child,5,20:50:0D:E7:1C:39,-66,0,101,101,255,255,172,172,0
112659637,NODE_704BCA25B768,child,5,20:50:0D:E7:1C:39,-67,0,101,101,255,255,173,173,0
112759641,NODE_704BCA25B768,child,5,20:50:0D:E7:1C:39,-67,0,101,101,255,255,173,173,0
112859632,NODE_704BCA25B768,child,5,20:50:0D:E7:1C:39,-67,0,101,101,255,255,173,173,0
112959641,NODE_704BCA25B768,child,5,20:50:0D:E7:1C:39,-66,0,101,101,255,255,173,173,0
113059632,NODE_704BCA25B768,child,5,20:50:0D:E7:1C:39,-66,0,101,101,255,255,173,173,0
113159628,NODE_704BCA25B768,child,5,20:50:0D:E7:1C:39,-66,0,101,101,255,255,174,174,0
113259637,NODE_704BCA25B768,child,5,20:50:0D:E7:1C:39,-66,0,102,102,255,255,174,174,0
113359636,NODE_704BCA25B768,child,5,20:50:0D:E7:1C:39,-66,0,102,102,255,255,174,174,0
113459766,NODE_704BCA25B768,child,5,20:50:0D:E7:1C:39,-66,0,102,102,255,255,174,174,0
113559641,NODE_704BCA25B768,child,5,20:50:0D:E7:1C:39,-66,0,102,102,255,255,174,174,0
113659640,NODE_704BCA25B768,child,5,20:50:0D:E7:1C:39,-67,0,102,102,255,255,175,175,0
113759628,NODE_704BCA25B768,child,5,20:50:0D:E7:1C:39,-67,0,102,102,255,255,175,175,0
113859625,NODE_704BCA25B768,child,5,20:50:0D:E7:1C:39,-67,0,102,102,255,255,175,175,0
113959636,NODE_704BCA25B768,child,5,20:50:0D:E7:1C:39,-66,0,102,102,255,255,175,175,0
114059636,NODE_704BCA25B768,child,5,20:50:0D:E7:1C:39,-66,0,102,102,255,255,175,175,0
114159637,NODE_704BCA25B768,child,5,20:50:0D:E7:1C:39,-66,0,102,102,255,255,176,176,0
114259632,NODE_704BCA25B768,child,5,20:50:0D:E7:1C:39,-66,0,103,103,255,255,176,176,0
114359624,NODE_704BCA25B768,child,5,20:50:0D:E7:1C:39,-66,0,103,103,255,255,176,176,0
114459625,NODE_704BCA25B768,child,5,20:50:0D:E7:1C:39,-66,0,103,103,255,255,176,176,0
114559644,NODE_704BCA25B768,child,5,20:50:0D:E7:1C:39,-67,0,103,103,255,255,176,176,0
114659628,NODE_704BCA25B768,child,5,20:50:0D:E7:1C:39,-67,0,103,103,255,255,177,177,0
114759629,NODE_704BCA25B768,child,5,20:50:0D:E7:1C:39,-67,0,103,103,255,255,177,177,0
114859636,NODE_704BCA25B768,child,5,20:50:0D:E7:1C:39,-67,0,103,103,255,255,177,177,0
114959636,NODE_704BCA25B768,child,5,20:50:0D:E7:1C:39,-67,0,103,103,255,255,177,177,0
115059629,NODE_704BCA25B768,child,5,20:50:0D:E7:1C:39,-67,0,103,103,255,255,177,177,0
115159632,NODE_704BCA25B768,child,5,20:50:0D:E7:1C:39,-66,0,103,103,255,255,178,178,0
115259632,NODE_704BCA25B768,child,5,20:50:0D:E7:1C:39,-66,0,104,104,255,255,178,178,0
115359637,NODE_704BCA25B768,child,5,20:50:0D:E7:1C:39,-66,0,104,104,255,255,178,178,0
115459636,NODE_704BCA25B768,child,5,20:50:0D:E7:1C:39,-66,0,104,104,255,255,178,178,0
115560258,NODE_704BCA25B768,child,5,20:50:0D:E7:1C:39,-66,0,104,104,255,255,178,178,0
115659645,NODE_704BCA25B768,child,5,20:50:0D:E7:1C:39,-66,0,104,104,255,255,179,179,0
115759640,NODE_704BCA25B768,child,5,20:50:0D:E7:1C:39,-66,0,104,104,255,255,179,179,0
115859636,NODE_704BCA25B768,child,5,20:50:0D:E7:1C:39,-66,0,104,104,255,255,179,179,0
115959629,NODE_704BCA25B768,child,5,20:50:0D:E7:1C:39,-66,0,104,104,255,255,179,179,0
116059636,NODE_704BCA25B768,child,5,20:50:0D:E7:1C:39,-66,0,104,104,255,255,179,179,0
116159628,NODE_704BCA25B768,child,5,20:50:0D:E7:1C:39,-66,0,104,104,255,255,180,180,0
116259633,NODE_704BCA25B768,child,5,20:50:0D:E7:1C:39,-66,0,105,105,255,255,180,180,0
116359640,NODE_704BCA25B768,child,5,20:50:0D:E7:1C:39,-66,0,105,105,255,255,180,180,0
116459632,NODE_704BCA25B768,child,5,20:50:0D:E7:1C:39,-66,0,105,105,255,255,180,180,0
116559629,NODE_704BCA25B768,child,5,20:50:0D:E7:1C:39,-66,0,105,105,255,255,180,180,0
116659644,NODE_704BCA25B768,child,5,20:50:0D:E7:1C:39,-66,0,105,105,255,255,181,181,0
116759632,NODE_704BCA25B768,child,5,20:50:0D:E7:1C:39,-66,0,105,105,255,255,181,181,0
116859633,NODE_704BCA25B768,child,5,20:50:0D:E7:1C:39,-66,0,105,105,255,255,181,181,0
116959640,NODE_704BCA25B768,child,5,20:50:0D:E7:1C:39,-67,0,105,105,255,255,181,181,0
117059636,NODE_704BCA25B768,child,5,20:50:0D:E7:1C:39,-67,0,105,105,255,255,181,181,0
117159633,NODE_704BCA25B768,child,5,20:50:0D:E7:1C:39,-67,0,105,105,255,255,182,182,0
117259636,NODE_704BCA25B768,child,5,20:50:0D:E7:1C:39,-66,0,106,106,255,255,182,182,0
117359628,NODE_704BCA25B768,child,5,20:50:0D:E7:1C:39,-66,0,106,106,255,255,182,182,0
117459625,NODE_704BCA25B768,child,5,20:50:0D:E7:1C:39,-66,0,106,106,255,255,182,182,0
117559632,NODE_704BCA25B768,child,5,20:50:0D:E7:1C:39,-66,0,106,106,255,255,182,182,0
117659632,NODE_704BCA25B768,child,5,20:50:0D:E7:1C:39,-66,0,106,106,255,255,183,183,0
117759630,NODE_704BCA25B768,child,5,20:50:0D:E7:1C:39,-66,0,106,106,255,255,183,183,0
117859636,NODE_704BCA25B768,child,5,20:50:0D:E7:1C:39,-66,0,106,106,255,255,183,183,0
117959640,NODE_704BCA25B768,child,5,20:50:0D:E7:1C:39,-66,0,106,106,255,255,183,183,0
118059625,NODE_704BCA25B768,child,5,20:50:0D:E7:1C:39,-66,0,106,106,255,255,183,183,0
118159632,NODE_704BCA25B768,child,5,20:50:0D:E7:1C:39,-66,0,106,106,255,255,184,184,0
118259632,NODE_704BCA25B768,child,5,20:50:0D:E7:1C:39,-66,0,107,107,255,255,184,184,0
118359637,NODE_704BCA25B768,child,5,20:50:0D:E7:1C:39,-66,0,107,107,255,255,184,184,0
118459628,NODE_704BCA25B768,child,5,20:50:0D:E7:1C:39,-66,0,107,107,255,255,184,184,0
118559636,NODE_704BCA25B768,child,5,20:50:0D:E7:1C:39,-67,0,107,107,255,255,184,184,0
118659637,NODE_704BCA25B768,child,5,20:50:0D:E7:1C:39,-67,0,107,107,255,255,185,185,0
118759636,NODE_704BCA25B768,child,5,20:50:0D:E7:1C:39,-67,0,107,107,255,255,185,185,0
118859644,NODE_704BCA25B768,child,5,20:50:0D:E7:1C:39,-66,0,107,107,255,255,185,185,0
118959629,NODE_704BCA25B768,child,5,20:50:0D:E7:1C:39,-66,0,107,107,255,255,185,185,0
119059624,NODE_704BCA25B768,child,5,20:50:0D:E7:1C:39,-66,0,107,107,255,255,185,185,0
119159632,NODE_704BCA25B768,child,5,20:50:0D:E7:1C:39,-66,0,107,107,255,255,186,186,0
119259633,NODE_704BCA25B768,child,5,20:50:0D:E7:1C:39,-66,0,108,108,255,255,186,186,0
119359640,NODE_704BCA25B768,child,5,20:50:0D:E7:1C:39,-66,0,108,108,255,255,186,186,0
119459636,NODE_704BCA25B768,child,5,20:50:0D:E7:1C:39,-66,0,108,108,255,255,186,186,0
119559625,NODE_704BCA25B768,child,5,20:50:0D:E7:1C:39,-66,0,108,108,255,255,186,186,0
119659636,NODE_704BCA25B768,child,5,20:50:0D:E7:1C:39,-66,0,108,108,255,255,187,187,0
119759640,NODE_704BCA25B768,child,5,20:50:0D:E7:1C:39,-67,0,108,108,255,255,187,187,0
119859629,NODE_704BCA25B768,child,5,20:50:0D:E7:1C:39,-67,0,108,108,255,255,187,187,0
119959628,NODE_704BCA25B768,child,5,20:50:0D:E7:1C:39,-67,0,108,108,255,255,187,187,0
120059644,NODE_704BCA25B768,child,5,20:50:0D:E7:1C:39,-66,0,108,108,255,255,187,187,0
120159633,NODE_704BCA25B768,child,5,20:50:0D:E7:1C:39,-66,0,108,108,255,255,188,188,0
120259624,NODE_704BCA25B768,child,5,20:50:0D:E7:1C:39,-66,0,109,109,255,255,188,188,0
120359636,NODE_704BCA25B768,child,5,20:50:0D:E7:1C:39,-66,0,109,109,255,255,188,188,0
120459629,NODE_704BCA25B768,child,5,20:50:0D:E7:1C:39,-66,0,109,109,255,255,188,188,0
120559640,NODE_704BCA25B768,child,5,20:50:0D:E7:1C:39,-66,0,109,109,255,255,188,188,0
120659636,NODE_704BCA25B768,child,5,20:50:0D:E7:1C:39,-66,0,109,109,255,255,189,189,0
120759637,NODE_704BCA25B768,child,5,20:50:0D:E7:1C:39,-66,0,109,109,255,255,189,189,0
120859628,NODE_704BCA25B768,child,5,20:50:0D:E7:1C:39,-66,0,109,109,255,255,189,189,0
120959640,NODE_704BCA25B768,child,5,20:50:0D:E7:1C:39,-66,0,109,109,255,255,189,189,0
121059625,NODE_704BCA25B768,child,5,20:50:0D:E7:1C:39,-66,0,109,109,255,255,189,189,0
121159628,NODE_704BCA25B768,child,5,20:50:0D:E7:1C:39,-66,0,109,109,255,255,190,190,0
121259636,NODE_704BCA25B768,child,5,20:50:0D:E7:1C:39,-66,0,110,110,255,255,190,190,0
121359637,NODE_704BCA25B768,child,5,20:50:0D:E7:1C:39,-66,0,110,110,255,255,190,190,0
121459624,NODE_704BCA25B768,child,5,20:50:0D:E7:1C:39,-66,0,110,110,255,255,190,190,0
121560400,NODE_704BCA25B768,child,5,20:50:0D:E7:1C:39,-67,0,110,110,255,255,190,190,0
121659633,NODE_704BCA25B768,child,5,20:50:0D:E7:1C:39,-67,0,110,110,255,255,191,191,0
121759636,NODE_704BCA25B768,child,5,20:50:0D:E7:1C:39,-67,0,110,110,255,255,191,191,0
121859640,NODE_704BCA25B768,child,5,20:50:0D:E7:1C:39,-67,0,110,110,255,255,191,191,0
121959641,NODE_704BCA25B768,child,5,20:50:0D:E7:1C:39,-66,0,110,110,255,255,191,191,0
122059842,NODE_704BCA25B768,child,5,20:50:0D:E7:1C:39,-66,0,110,110,255,255,191,191,0
122159632,NODE_704BCA25B768,child,5,20:50:0D:E7:1C:39,-66,0,110,110,255,255,192,192,0
122259633,NODE_704BCA25B768,child,5,20:50:0D:E7:1C:39,-67,0,111,111,255,255,192,192,0
122359632,NODE_704BCA25B768,child,5,20:50:0D:E7:1C:39,-67,0,111,111,255,255,192,192,0
122459628,NODE_704BCA25B768,child,5,20:50:0D:E7:1C:39,-67,0,111,111,255,255,192,192,0
122559637,NODE_704BCA25B768,child,5,20:50:0D:E7:1C:39,-67,0,111,111,255,255,192,192,0
122659640,NODE_704BCA25B768,child,5,20:50:0D:E7:1C:39,-67,0,111,111,255,255,193,193,0
122759625,NODE_704BCA25B768,child,5,20:50:0D:E7:1C:39,-67,0,111,111,255,255,193,193,0
122859641,NODE_704BCA25B768,child,5,20:50:0D:E7:1C:39,-67,0,111,111,255,255,193,193,0
122959628,NODE_704BCA25B768,child,5,20:50:0D:E7:1C:39,-67,0,111,111,255,255,193,193,0
123059624,NODE_704BCA25B768,child,5,20:50:0D:E7:1C:39,-67,0,111,111,255,255,193,193,0
123159633,NODE_704BCA25B768,child,5,20:50:0D:E7:1C:39,-66,0,111,111,255,255,194,194,0
123259628,NODE_704BCA25B768,child,5,20:50:0D:E7:1C:39,-66,0,112,112,255,255,194,194,0
123359632,NODE_704BCA25B768,child,5,20:50:0D:E7:1C:39,-66,0,112,112,255,255,194,194,0
123459645,NODE_704BCA25B768,child,5,20:50:0D:E7:1C:39,-66,0,112,112,255,255,194,194,0
123559628,NODE_704BCA25B768,child,5,20:50:0D:E7:1C:39,-66,0,112,112,255,255,194,194,0
123659636,NODE_704BCA25B768,child,5,20:50:0D:E7:1C:39,-66,0,112,112,255,255,195,195,0
123759641,NODE_704BCA25B768,child,5,20:50:0D:E7:1C:39,-66,0,112,112,255,255,195,195,0
123859632,NODE_704BCA25B768,child,5,20:50:0D:E7:1C:39,-66,0,112,112,255,255,195,195,0
123959624,NODE_704BCA25B768,child,5,20:50:0D:E7:1C:39,-66,0,112,112,255,255,195,195,0
124059641,NODE_704BCA25B768,child,5,20:50:0D:E7:1C:39,-67,0,112,112,255,255,195,195,0
124159632,NODE_704BCA25B768,child,5,20:50:0D:E7:1C:39,-67,0,112,112,255,255,196,196,0
124259632,NODE_704BCA25B768,child,5,20:50:0D:E7:1C:39,-67,0,113,113,255,255,196,196,0
124359641,NODE_704BCA25B768,child,5,20:50:0D:E7:1C:39,-66,0,113,113,255,255,196,196,0
124459632,NODE_704BCA25B768,child,5,20:50:0D:E7:1C:39,-66,0,113,113,255,255,196,196,0
124559624,NODE_704BCA25B768,child,5,20:50:0D:E7:1C:39,-66,0,113,113,255,255,196,196,0
124659641,NODE_704BCA25B768,child,5,20:50:0D:E7:1C:39,-67,0,113,113,255,255,197,197,0
124759636,NODE_704BCA25B768,child,5,20:50:0D:E7:1C:39,-67,0,113,113,255,255,197,197,0
124859632,NODE_704BCA25B768,child,5,20:50:0D:E7:1C:39,-67,0,113,113,255,255,197,197,0
124959645,NODE_704BCA25B768,child,5,20:50:0D:E7:1C:39,-67,0,113,113,255,255,197,197,0
125059628,NODE_704BCA25B768,child,5,20:50:0D:E7:1C:39,-67,0,113,113,255,255,197,197,0
125159640,NODE_704BCA25B768,child,5,20:50:0D:E7:1C:39,-67,0,113,113,255,255,198,198,0
125259637,NODE_704BCA25B768,child,5,20:50:0D:E7:1C:39,-66,0,114,114,255,255,198,198,0
125359632,NODE_704BCA25B768,child,5,20:50:0D:E7:1C:39,-66,0,114,114,255,255,198,198,0
125459624,NODE_704BCA25B768,child,5,20:50:0D:E7:1C:39,-66,0,114,114,255,255,198,198,0
125559778,NODE_704BCA25B768,child,5,20:50:0D:E7:1C:39,-66,0,114,114,255,255,198,198,0
125659640,NODE_704BCA25B768,child,5,20:50:0D:E7:1C:39,-66,0,114,114,255,255,199,199,0
125759624,NODE_704BCA25B768,child,5,20:50:0D:E7:1C:39,-66,0,114,114,255,255,199,199,0
125860389,NODE_704BCA25B768,child,5,20:50:0D:E7:1C:39,-66,0,114,114,255,255,199,199,0
125959640,NODE_704BCA25B768,child,5,20:50:0D:E7:1C:39,-66,0,114,114,255,255,199,199,0
126059624,NODE_704BCA25B768,child,5,20:50:0D:E7:1C:39,-66,0,114,114,255,255,199,199,0
126159629,NODE_704BCA25B768,child,5,20:50:0D:E7:1C:39,-66,0,114,114,255,255,200,200,0
126259632,NODE_704BCA25B768,child,5,20:50:0D:E7:1C:39,-67,0,115,115,255,255,200,200,0
126359624,NODE_704BCA25B768,child,5,20:50:0D:E7:1C:39,-67,0,115,115,255,255,200,200,0
126459641,NODE_704BCA25B768,child,5,20:50:0D:E7:1C:39,-67,0,115,115,255,255,200,200,0
126559636,NODE_704BCA25B768,child,5,20:50:0D:E7:1C:39,-67,0,115,115,255,255,200,200,0
126659632,NODE_704BCA25B768,child,5,20:50:0D:E7:1C:39,-67,0,115,115,255,255,201,201,0
126759633,NODE_704BCA25B768,child,5,20:50:0D:E7:1C:39,-67,0,115,115,255,255,201,201,0
126859640,NODE_704BCA25B768,child,5,20:50:0D:E7:1C:39,-66,0,115,115,255,255,201,201,0
126959628,NODE_704BCA25B768,child,5,20:50:0D:E7:1C:39,-66,0,115,115,255,255,201,201,0
127059633,NODE_704BCA25B768,child,5,20:50:0D:E7:1C:39,-66,0,115,115,255,255,201,201,0
127159632,NODE_704BCA25B768,child,5,20:50:0D:E7:1C:39,-66,0,115,115,255,255,202,202,0
127259632,NODE_704BCA25B768,child,5,20:50:0D:E7:1C:39,-66,0,116,116,255,255,202,202,0
127359641,NODE_704BCA25B768,child,5,20:50:0D:E7:1C:39,-66,0,116,116,255,255,202,202,0
127459640,NODE_704BCA25B768,child,5,20:50:0D:E7:1C:39,-67,0,116,116,255,255,202,202,0
127559636,NODE_704BCA25B768,child,5,20:50:0D:E7:1C:39,-67,0,116,116,255,255,202,202,0
127659633,NODE_704BCA25B768,child,5,20:50:0D:E7:1C:39,-67,0,116,116,255,255,203,203,0
127759645,NODE_704BCA25B768,child,5,20:50:0D:E7:1C:39,-66,0,116,116,255,255,203,203,0
127859640,NODE_704BCA25B768,child,5,20:50:0D:E7:1C:39,-66,0,116,116,255,255,203,203,0
127959629,NODE_704BCA25B768,child,5,20:50:0D:E7:1C:39,-66,0,116,116,255,255,203,203,0
128059636,NODE_704BCA25B768,child,5,20:50:0D:E7:1C:39,-66,0,116,116,255,255,203,203,0
128159628,NODE_704BCA25B768,child,5,20:50:0D:E7:1C:39,-66,0,116,116,255,255,204,204,0
128259629,NODE_704BCA25B768,child,5,20:50:0D:E7:1C:39,-66,0,117,117,255,255,204,204,0
128359640,NODE_704BCA25B768,child,5,20:50:0D:E7:1C:39,-67,0,117,117,255,255,204,204,0
128459628,NODE_704BCA25B768,child,5,20:50:0D:E7:1C:39,-67,0,117,117,255,255,204,204,0
128559625,NODE_704BCA25B768,child,5,20:50:0D:E7:1C:39,-67,0,117,117,255,255,204,204,0
128659636,NODE_704BCA25B768,child,5,20:50:0D:E7:1C:39,-67,0,117,117,255,255,205,205,0
128759632,NODE_704BCA25B768,child,5,20:50:0D:E7:1C:39,-67,0,117,117,255,255,205,205,0
128859633,NODE_704BCA25B768,child,5,20:50:0D:E7:1C:39,-67,0,117,117,255,255,205,205,0
128959640,NODE_704BCA25B768,child,5,20:50:0D:E7:1C:39,-66,0,117,117,255,255,205,205,0
129059632,NODE_704BCA25B768,child,5,20:50:0D:E7:1C:39,-66,0,117,117,255,255,205,205,0
129159637,NODE_704BCA25B768,child,5,20:50:0D:E7:1C:39,-66,0,117,117,255,255,206,206,0
129259636,NODE_704BCA25B768,child,5,20:50:0D:E7:1C:39,-66,0,118,118,255,255,206,206,0
129359628,NODE_704BCA25B768,child,5,20:50:0D:E7:1C:39,-66,0,118,118,255,255,206,206,0
129459637,NODE_704BCA25B768,child,5,20:50:0D:E7:1C:39,-66,0,118,118,255,255,206,206,0
129559636,NODE_704BCA25B768,child,5,20:50:0D:E7:1C:39,-66,0,118,118,255,255,206,206,0
129659636,NODE_704BCA25B768,child,5,20:50:0D:E7:1C:39,-66,0,118,118,255,255,207,207,0
129759625,NODE_704BCA25B768,child,5,20:50:0D:E7:1C:39,-66,0,118,118,255,255,207,207,0
129859636,NODE_704BCA25B768,child,5,20:50:0D:E7:1C:39,-66,0,118,118,255,255,207,207,0
129959628,NODE_704BCA25B768,child,5,20:50:0D:E7:1C:39,-66,0,118,118,255,255,207,207,0
130059641,NODE_704BCA25B768,child,5,20:50:0D:E7:1C:39,-66,0,118,118,255,255,207,207,0
130159636,NODE_704BCA25B768,child,5,20:50:0D:E7:1C:39,-66,0,118,118,255,255,208,208,0
130259632,NODE_704BCA25B768,child,5,20:50:0D:E7:1C:39,-67,0,119,119,255,255,208,208,0
130359633,NODE_704BCA25B768,child,5,20:50:0D:E7:1C:39,-67,0,119,119,255,255,208,208,0
130459710,NODE_704BCA25B768,child,5,20:50:0D:E7:1C:39,-67,0,119,119,255,255,208,208,0
130559640,NODE_704BCA25B768,child,5,20:50:0D:E7:1C:39,-66,0,119,119,255,255,208,208,0
130659633,NODE_704BCA25B768,child,5,20:50:0D:E7:1C:39,-66,0,119,119,255,255,209,209,0
130759824,NODE_704BCA25B768,child,5,20:50:0D:E7:1C:39,-66,0,119,119,255,255,209,209,0
130859640,NODE_704BCA25B768,child,5,20:50:0D:E7:1C:39,-66,0,119,119,255,255,209,209,0
130959629,NODE_704BCA25B768,child,5,20:50:0D:E7:1C:39,-66,0,119,119,255,255,209,209,0
131059624,NODE_704BCA25B768,child,5,20:50:0D:E7:1C:39,-66,0,119,119,255,255,209,209,0
131159632,NODE_704BCA25B768,child,5,20:50:0D:E7:1C:39,-67,0,119,119,255,255,210,210,0
131259633,NODE_704BCA25B768,child,5,20:50:0D:E7:1C:39,-67,0,120,120,255,255,210,210,0
131359628,NODE_704BCA25B768,child,5,20:50:0D:E7:1C:39,-67,0,120,120,255,255,210,210,0
131459636,NODE_704BCA25B768,child,5,20:50:0D:E7:1C:39,-66,0,120,120,255,255,210,210,0
131559641,NODE_704BCA25B768,child,5,20:50:0D:E7:1C:39,-66,0,120,120,255,255,210,210,0
131659636,NODE_704BCA25B768,child,5,20:50:0D:E7:1C:39,-66,0,120,120,255,255,211,211,0
131759640,NODE_704BCA25B768,child,5,20:50:0D:E7:1C:39,-67,0,120,120,255,255,211,211,0
131859629,NODE_704BCA25B768,child,5,20:50:0D:E7:1C:39,-67,0,120,120,255,255,211,211,0
131959632,NODE_704BCA25B768,child,5,20:50:0D:E7:1C:39,-67,0,120,120,255,255,211,211,0
132059640,NODE_704BCA25B768,child,5,20:50:0D:E7:1C:39,-66,0,120,120,255,255,211,211,0
132159637,NODE_704BCA25B768,child,5,20:50:0D:E7:1C:39,-66,0,120,120,255,255,212,212,0
132259632,NODE_704BCA25B768,child,5,20:50:0D:E7:1C:39,-66,0,121,121,255,255,212,212,0
132359636,NODE_704BCA25B768,child,5,20:50:0D:E7:1C:39,-67,0,121,121,255,255,212,212,0
132459637,NODE_704BCA25B768,child,5,20:50:0D:E7:1C:39,-67,0,121,121,255,255,212,212,0
132559624,NODE_704BCA25B768,child,5,20:50:0D:E7:1C:39,-67,0,121,121,255,255,212,212,0
132659632,NODE_704BCA25B768,child,5,20:50:0D:E7:1C:39,-66,0,121,121,255,255,213,213,0
132759630,NODE_704BCA25B768,child,5,20:50:0D:E7:1C:39,-66,0,121,121,255,255,213,213,0
132859628,NODE_704BCA25B768,child,5,20:50:0D:E7:1C:39,-66,0,121,121,255,255,213,213,0
132959644,NODE_704BCA25B768,child,5,20:50:0D:E7:1C:39,-66,0,121,121,255,255,213,213,0
133059633,NODE_704BCA25B768,child,5,20:50:0D:E7:1C:39,-66,0,121,121,255,255,213,213,0
133159632,NODE_704BCA25B768,child,5,20:50:0D:E7:1C:39,-66,0,121,121,255,255,214,214,0
133259636,NODE_704BCA25B768,child,5,20:50:0D:E7:1C:39,-67,0,122,122,255,255,214,214,0
133359674,NODE_704BCA25B768,child,5,20:50:0D:E7:1C:39,-67,0,122,122,255,255,214,214,0
133459632,NODE_704BCA25B768,child,5,20:50:0D:E7:1C:39,-67,0,122,122,255,255,214,214,0
133559644,NODE_704BCA25B768,child,5,20:50:0D:E7:1C:39,-67,0,122,122,255,255,214,214,0
133659629,NODE_704BCA25B768,child,5,20:50:0D:E7:1C:39,-67,0,122,122,255,255,215,215,0
133759636,NODE_704BCA25B768,child,5,20:50:0D:E7:1C:39,-67,0,122,122,255,255,215,215,0
133859644,NODE_704BCA25B768,child,5,20:50:0D:E7:1C:39,-66,0,122,122,255,255,215,215,0
133959629,NODE_704BCA25B768,child,5,20:50:0D:E7:1C:39,-66,0,122,122,255,255,215,215,0
134059624,NODE_704BCA25B768,child,5,20:50:0D:E7:1C:39,-66,0,122,122,255,255,215,215,0
134159636,NODE_704BCA25B768,child,5,20:50:0D:E7:1C:39,-66,0,122,122,255,255,216,216,0
134259629,NODE_704BCA25B768,child,5,20:50:0D:E7:1C:39,-66,0,123,123,255,255,216,216,0
134359624,NODE_704BCA25B768,child,5,20:50:0D:E7:1C:39,-66,0,123,123,255,255,216,216,0
134459636,NODE_704BCA25B768,child,5,20:50:0D:E7:1C:39,-66,0,123,123,255,255,216,216,0
134559645,NODE_704BCA25B768,child,5,20:50:0D:E7:1C:39,-67,0,123,123,255,255,216,216,0
134659632,NODE_704BCA25B768,child,5,20:50:0D:E7:1C:39,-67,0,123,123,255,255,217,217,0
134759628,NODE_704BCA25B768,child,5,20:50:0D:E7:1C:39,-67,0,123,123,255,255,217,217,0
134859637,NODE_704BCA25B768,child,5,20:50:0D:E7:1C:39,-66,0,123,123,255,255,217,217,0
134959628,NODE_704BCA25B768,child,5,20:50:0D:E7:1C:39,-66,0,123,123,255,255,217,217,0
135059624,NODE_704BCA25B768,child,5,20:50:0D:E7:1C:39,-66,0,123,123,255,255,217,217,0
135159645,NODE_704BCA25B768,child,5,20:50:0D:E7:1C:39,-66,0,123,123,255,255,218,218,0
135259636,NODE_704BCA25B768,child,5,20:50:0D:E7:1C:39,-66,0,124,124,255,255,218,218,0
135359624,NODE_704BCA25B768,child,5,20:50:0D:E7:1C:39,-66,0,124,124,255,255,218,218,0
135459641,NODE_704BCA25B768,child,5,20:50:0D:E7:1C:39,-66,0,124,124,255,255,218,218,0
135559624,NODE_704BCA25B768,child,5,20:50:0D:E7:1C:39,-66,0,124,124,255,255,218,218,0
135659632,NODE_704BCA25B768,child,5,20:50:0D:E7:1C:39,-66,0,124,124,255,255,219,219,0
135759641,NODE_704BCA25B768,child,5,20:50:0D:E7:1C:39,-66,0,124,124,255,255,219,219,0
135859632,NODE_704BCA25B768,child,5,20:50:0D:E7:1C:39,-66,0,124,124,255,255,219,219,0
135959632,NODE_704BCA25B768,child,5,20:50:0D:E7:1C:39,-66,0,124,124,255,255,219,219,0
136059641,NODE_704BCA25B768,child,5,20:50:0D:E7:1C:39,-66,0,124,124,255,255,219,219,0
136159628,NODE_704BCA25B768,child,5,20:50:0D:E7:1C:39,-66,0,124,124,255,255,220,220,0
136259636,NODE_704BCA25B768,child,5,20:50:0D:E7:1C:39,-66,0,125,125,255,255,220,220,0
136359641,NODE_704BCA25B768,child,5,20:50:0D:E7:1C:39,-67,0,125,125,255,255,220,220,0
136459624,NODE_704BCA25B768,child,5,20:50:0D:E7:1C:39,-67,0,125,125,255,255,220,220,0
136559636,NODE_704BCA25B768,child,5,20:50:0D:E7:1C:39,-67,0,125,125,255,255,220,220,0
136659645,NODE_704BCA25B768,child,5,20:50:0D:E7:1C:39,-67,0,125,125,255,255,221,221,0
136759624,NODE_704BCA25B768,child,5,20:50:0D:E7:1C:39,-67,0,125,125,255,255,221,221,0
136859632,NODE_704BCA25B768,child,5,20:50:0D:E7:1C:39,-67,0,125,125,255,255,221,221,0
136959645,NODE_704BCA25B768,child,5,20:50:0D:E7:1C:39,-66,0,125,125,255,255,221,221,0
137059628,NODE_704BCA25B768,child,5,20:50:0D:E7:1C:39,-66,0,125,125,255,255,221,221,0
137159628,NODE_704BCA25B768,child,5,20:50:0D:E7:1C:39,-66,0,125,125,255,255,222,222,0
137259637,NODE_704BCA25B768,child,5,20:50:0D:E7:1C:39,-67,0,126,126,255,255,222,222,0
137359624,NODE_704BCA25B768,child,5,20:50:0D:E7:1C:39,-67,0,126,126,255,255,222,222,0
137459624,NODE_704BCA25B768,child,5,20:50:0D:E7:1C:39,-67,0,126,126,255,255,222,222,0
137559637,NODE_704BCA25B768,child,5,20:50:0D:E7:1C:39,-67,0,126,126,255,255,222,222,0
137659636,NODE_704BCA25B768,child,5,20:50:0D:E7:1C:39,-67,0,126,126,255,255,223,223,0
137759633,NODE_704BCA25B768,child,5,20:50:0D:E7:1C:39,-67,0,126,126,255,255,223,223,0
137859637,NODE_704BCA25B768,child,5,20:50:0D:E7:1C:39,-67,0,126,126,255,255,223,223,0
137959628,NODE_704BCA25B768,child,5,20:50:0D:E7:1C:39,-67,0,126,126,255,255,223,223,0
138059636,NODE_704BCA25B768,child,5,20:50:0D:E7:1C:39,-67,0,126,126,255,255,223,223,0
138159645,NODE_704BCA25B768,child,5,20:50:0D:E7:1C:39,-66,0,126,126,255,255,224,224,0
138259628,NODE_704BCA25B768,child,5,20:50:0D:E7:1C:39,-66,0,127,127,255,255,224,224,0
138359632,NODE_704BCA25B768,child,5,20:50:0D:E7:1C:39,-66,0,127,127,255,255,224,224,0
138460190,NODE_704BCA25B768,child,5,20:50:0D:E7:1C:39,-66,0,127,127,255,255,224,224,0
138559636,NODE_704BCA25B768,child,5,20:50:0D:E7:1C:39,-66,0,127,127,255,255,224,224,0
138659640,NODE_704BCA25B768,child,5,20:50:0D:E7:1C:39,-66,0,127,127,255,255,225,225,0
138759641,NODE_704BCA25B768,child,5,20:50:0D:E7:1C:39,-66,0,127,127,255,255,225,225,0
138859636,NODE_704BCA25B768,child,5,20:50:0D:E7:1C:39,-66,0,127,127,255,255,225,225,0
138959628,NODE_704BCA25B768,child,5,20:50:0D:E7:1C:39,-66,0,127,127,255,255,225,225,0
139059633,NODE_704BCA25B768,child,5,20:50:0D:E7:1C:39,-66,0,127,127,255,255,225,225,0
139159628,NODE_704BCA25B768,child,5,20:50:0D:E7:1C:39,-66,0,127,127,255,255,226,226,0
139259628,NODE_704BCA25B768,child,5,20:50:0D:E7:1C:39,-66,0,128,128,255,255,226,226,0
139359641,NODE_704BCA25B768,child,5,20:50:0D:E7:1C:39,-66,0,128,128,255,255,226,226,0
139459636,NODE_704BCA25B768,child,5,20:50:0D:E7:1C:39,-66,0,128,128,255,255,226,226,0
139559632,NODE_704BCA25B768,child,5,20:50:0D:E7:1C:39,-66,0,128,128,255,255,226,226,0
139659633,NODE_704BCA25B768,child,5,20:50:0D:E7:1C:39,-66,0,128,128,255,255,227,227,0
139759640,NODE_704BCA25B768,child,5,20:50:0D:E7:1C:39,-67,0,128,128,255,255,227,227,0
139859636,NODE_704BCA25B768,child,5,20:50:0D:E7:1C:39,-67,0,128,128,255,255,227,227,0
139959629,NODE_704BCA25B768,child,5,20:50:0D:E7:1C:39,-67,0,128,128,255,255,227,227,0
140059640,NODE_704BCA25B768,child,5,20:50:0D:E7:1C:39,-67,0,128,128,255,255,227,227,0
140159632,NODE_704BCA25B768,child,5,20:50:0D:E7:1C:39,-67,0,128,128,255,255,228,228,0
140259633,NODE_704BCA25B768,child,5,20:50:0D:E7:1C:39,-67,0,129,129,255,255,228,228,0
140359636,NODE_704BCA25B768,child,5,20:50:0D:E7:1C:39,-66,0,129,129,255,255,228,228,0
140459624,NODE_704BCA25B768,child,5,20:50:0D:E7:1C:39,-66,0,129,129,255,255,228,228,0
140559629,NODE_704BCA25B768,child,5,20:50:0D:E7:1C:39,-66,0,129,129,255,255,228,228,0
140659640,NODE_704BCA25B768,child,5,20:50:0D:E7:1C:39,-66,0,129,129,255,255,229,229,0
140759636,NODE_704BCA25B768,child,5,20:50:0D:E7:1C:39,-66,0,129,129,255,255,229,229,0
140859629,NODE_704BCA25B768,child,5,20:50:0D:E7:1C:39,-66,0,129,129,255,255,229,229,0
140959640,NODE_704BCA25B768,child,5,20:50:0D:E7:1C:39,-67,0,129,129,255,255,229,229,0
141059624,NODE_704BCA25B768,child,5,20:50:0D:E7:1C:39,-67,0,129,129,255,255,229,229,0
141159637,NODE_704BCA25B768,child,5,20:50:0D:E7:1C:39,-67,0,129,129,255,255,230,230,0
141259636,NODE_704BCA25B768,child,5,20:50:0D:E7:1C:39,-66,0,130,130,255,255,230,230,0
141359628,NODE_704BCA25B768,child,5,20:50:0D:E7:1C:39,-66,0,130,130,255,255,230,230,0
141459629,NODE_704BCA25B768,child,5,20:50:0D:E7:1C:39,-66,0,130,130,255,255,230,230,0
141559644,NODE_704BCA25B768,child,5,20:50:0D:E7:1C:39,-67,0,130,130,255,255,230,230,0
141659632,NODE_704BCA25B768,child,5,20:50:0D:E7:1C:39,-67,0,130,130,255,255,231,231,0
141759629,NODE_704BCA25B768,child,5,20:50:0D:E7:1C:39,-67,0,130,130,255,255,231,231,0
141859650,NODE_704BCA25B768,child,5,20:50:0D:E7:1C:39,-67,0,130,130,255,255,231,231,0
141959628,NODE_704BCA25B768,child,5,20:50:0D:E7:1C:39,-67,0,130,130,255,255,231,231,0
142059633,NODE_704BCA25B768,child,5,20:50:0D:E7:1C:39,-67,0,130,130,255,255,231,231,0
142159644,NODE_704BCA25B768,child,5,20:50:0D:E7:1C:39,-67,0,130,130,255,255,232,232,0
142259636,NODE_704BCA25B768,child,5,20:50:0D:E7:1C:39,-67,0,131,131,255,255,232,232,0
142359633,NODE_704BCA25B768,child,5,20:50:0D:E7:1C:39,-67,0,131,131,255,255,232,232,0
142459636,NODE_704BCA25B768,child,5,20:50:0D:E7:1C:39,-69,0,131,131,255,255,232,232,0
142559636,NODE_704BCA25B768,child,5,20:50:0D:E7:1C:39,-69,0,131,131,255,255,232,232,0
142659641,NODE_704BCA25B768,child,5,20:50:0D:E7:1C:39,-69,0,131,131,255,255,233,233,0
142759633,NODE_704BCA25B768,child,5,20:50:0D:E7:1C:39,-67,0,131,131,255,255,233,233,0
142859640,NODE_704BCA25B768,child,5,20:50:0D:E7:1C:39,-67,0,131,131,255,255,233,233,0
142959633,NODE_704BCA25B768,child,5,20:50:0D:E7:1C:39,-67,0,131,131,255,255,233,233,0
143059628,NODE_704BCA25B768,child,5,20:50:0D:E7:1C:39,-67,0,131,131,255,255,233,233,0
143159628,NODE_704BCA25B768,child,5,20:50:0D:E7:1C:39,-67,0,131,131,255,255,234,234,0
143259633,NODE_704BCA25B768,child,5,20:50:0D:E7:1C:39,-67,0,132,132,255,255,234,234,0
143359624,NODE_704BCA25B768,child,5,20:50:0D:E7:1C:39,-67,0,132,132,255,255,234,234,0
143459636,NODE_704BCA25B768,child,5,20:50:0D:E7:1C:39,-67,0,132,132,255,255,234,234,0
143559629,NODE_704BCA25B768,child,5,20:50:0D:E7:1C:39,-67,0,132,132,255,255,234,234,0
143659640,NODE_704BCA25B768,child,5,20:50:0D:E7:1C:39,-67,0,132,132,255,255,235,235,0
143759644,NODE_704BCA25B768,child,5,20:50:0D:E7:1C:39,-67,0,132,132,255,255,235,235,0
143859629,NODE_704BCA25B768,child,5,20:50:0D:E7:1C:39,-67,0,132,132,255,255,235,235,0
143959628,NODE_704BCA25B768,child,5,20:50:0D:E7:1C:39,-67,0,132,132,255,255,235,235,0
144059636,NODE_704BCA25B768,child,5,20:50:0D:E7:1C:39,-66,0,132,132,255,255,235,235,0
144159633,NODE_704BCA25B768,child,5,20:50:0D:E7:1C:39,-66,0,132,132,255,255,236,236,0
144259632,NODE_704BCA25B768,child,5,20:50:0D:E7:1C:39,-66,0,133,133,255,255,236,236,0
144359640,NODE_704BCA25B768,child,5,20:50:0D:E7:1C:39,-66,0,133,133,255,255,236,236,0
144459633,NODE_704BCA25B768,child,5,20:50:0D:E7:1C:39,-66,0,133,133,255,255,236,236,0
144559624,NODE_704BCA25B768,child,5,20:50:0D:E7:1C:39,-66,0,133,133,255,255,236,236,0
144659636,NODE_704BCA25B768,child,5,20:50:0D:E7:1C:39,-66,0,133,133,255,255,237,237,0
144759629,NODE_704BCA25B768,child,5,20:50:0D:E7:1C:39,-66,0,133,133,255,255,237,237,0
144859632,NODE_704BCA25B768,child,5,20:50:0D:E7:1C:39,-66,0,133,133,255,255,237,237,0
144959640,NODE_704BCA25B768,child,5,20:50:0D:E7:1C:39,-67,0,133,133,255,255,237,237,0
145059625,NODE_704BCA25B768,child,5,20:50:0D:E7:1C:39,-67,0,133,133,255,255,237,237,0
145159644,NODE_704BCA25B768,child,5,20:50:0D:E7:1C:39,-67,0,133,133,255,255,238,238,0
145259636,NODE_704BCA25B768,child,5,20:50:0D:E7:1C:39,-66,0,134,134,255,255,238,238,0
145359633,NODE_704BCA25B768,child,5,20:50:0D:E7:1C:39,-66,0,134,134,255,255,238,238,0
145459636,NODE_704BCA25B768,child,5,20:50:0D:E7:1C:39,-66,0,134,134,255,255,238,238,0
145559636,NODE_704BCA25B768,child,5,20:50:0D:E7:1C:39,-66,0,134,134,255,255,238,238,0
145659633,NODE_704BCA25B768,child,5,20:50:0D:E7:1C:39,-66,0,134,134,255,255,239,239,0
145759628,NODE_704BCA25B768,child,5,20:50:0D:E7:1C:39,-66,0,134,134,255,255,239,239,0
145859644,NODE_704BCA25B768,child,5,20:50:0D:E7:1C:39,-66,0,134,134,255,255,239,239,0
145959681,NODE_704BCA25B768,child,5,20:50:0D:E7:1C:39,-66,0,134,134,255,255,239,239,0
146059624,NODE_704BCA25B768,child,5,20:50:0D:E7:1C:39,-66,0,134,134,255,255,239,239,0
146159685,NODE_704BCA25B768,child,5,20:50:0D:E7:1C:39,-68,0,134,134,255,255,240,240,0
146259633,NODE_704BCA25B768,child,5,20:50:0D:E7:1C:39,-68,0,135,135,255,255,240,240,0
146359628,NODE_704BCA25B768,child,5,20:50:0D:E7:1C:39,-68,0,135,135,255,255,240,240,0
146459636,NODE_704BCA25B768,child,5,20:50:0D:E7:1C:39,-71,0,135,135,255,255,240,240,0
146559629,NODE_704BCA25B768,child,5,20:50:0D:E7:1C:39,-71,0,135,135,255,255,240,240,0
146659644,NODE_704BCA25B768,child,5,20:50:0D:E7:1C:39,-71,0,135,135,255,255,241,241,0
146759833,NODE_704BCA25B768,child,5,20:50:0D:E7:1C:39,-69,0,135,135,255,255,241,241,0
146859625,NODE_704BCA25B768,child,5,20:50:0D:E7:1C:39,-69,0,135,135,255,255,241,241,0
146959632,NODE_704BCA25B768,child,5,20:50:0D:E7:1C:39,-69,0,135,135,255,255,241,241,0
147059636,NODE_704BCA25B768,child,5,20:50:0D:E7:1C:39,-67,0,135,135,255,255,241,241,0
147159633,NODE_704BCA25B768,child,5,20:50:0D:E7:1C:39,-67,0,135,135,255,255,242,242,0
147259628,NODE_704BCA25B768,child,5,20:50:0D:E7:1C:39,-67,0,136,136,255,255,242,242,0
147359640,NODE_704BCA25B768,child,5,20:50:0D:E7:1C:39,-67,0,136,136,255,255,242,242,0
147459633,NODE_704BCA25B768,child,5,20:50:0D:E7:1C:39,-65,0,136,136,255,255,242,242,0
147559632,NODE_704BCA25B768,child,5,20:50:0D:E7:1C:39,-65,0,136,136,255,255,242,242,0
147659632,NODE_704BCA25B768,child,5,20:50:0D:E7:1C:39,-65,0,136,136,255,255,243,243,0
147759642,NODE_704BCA25B768,child,5,20:50:0D:E7:1C:39,-68,0,136,136,255,255,243,243,0
147859636,NODE_704BCA25B768,child,5,20:50:0D:E7:1C:39,-68,0,136,136,255,255,243,243,0
147959628,NODE_704BCA25B768,child,5,20:50:0D:E7:1C:39,-68,0,136,136,255,255,243,243,0
148059641,NODE_704BCA25B768,child,5,20:50:0D:E7:1C:39,-67,0,136,136,255,255,243,243,0
148159628,NODE_704BCA25B768,child,5,20:50:0D:E7:1C:39,-67,0,136,136,255,255,244,244,0
148259628,NODE_704BCA25B768,child,5,20:50:0D:E7:1C:39,-67,0,137,137,255,255,244,244,0
148359645,NODE_704BCA25B768,child,5,20:50:0D:E7:1C:39,-69,0,137,137,255,255,244,244,0
148459632,NODE_704BCA25B768,child,5,20:50:0D:E7:1C:39,-69,0,137,137,255,255,244,244,0
148559640,NODE_704BCA25B768,child,5,20:50:0D:E7:1C:39,-69,0,137,137,255,255,244,244,0
148659637,NODE_704BCA25B768,child,5,20:50:0D:E7:1C:39,-86,0,137,137,255,255,245,245,0
148759632,NODE_704BCA25B768,child,5,20:50:0D:E7:1C:39,-86,0,137,137,255,255,245,245,0
148859640,NODE_704BCA25B768,child,5,20:50:0D:E7:1C:39,-86,0,137,137,255,255,245,245,0
148959645,NODE_704BCA25B768,child,5,20:50:0D:E7:1C:39,-72,0,137,137,255,255,245,245,0
149059624,NODE_704BCA25B768,child,5,20:50:0D:E7:1C:39,-72,0,137,137,255,255,245,245,0
149159628,NODE_704BCA25B768,child,5,20:50:0D:E7:1C:39,-72,0,137,137,255,255,246,246,0
149259641,NODE_704BCA25B768,child,5,20:50:0D:E7:1C:39,-69,0,138,138,255,255,246,246,0
149359628,NODE_704BCA25B768,child,5,20:50:0D:E7:1C:39,-69,0,138,138,255,255,246,246,0
149459624,NODE_704BCA25B768,child,5,20:50:0D:E7:1C:39,-69,0,138,138,255,255,246,246,0
149559637,NODE_704BCA25B768,child,5,20:50:0D:E7:1C:39,-70,0,138,138,255,255,246,246,0
149659632,NODE_704BCA25B768,child,5,20:50:0D:E7:1C:39,-70,0,138,138,255,255,247,247,0
149759632,NODE_704BCA25B768,child,5,20:50:0D:E7:1C:39,-70,0,138,138,255,255,247,247,0
149859637,NODE_704BCA25B768,child,5,20:50:0D:E7:1C:39,-65,0,138,138,255,255,247,247,0
149959628,NODE_704BCA25B768,child,5,20:50:0D:E7:1C:39,-65,0,138,138,255,255,247,247,0
150059624,NODE_704BCA25B768,child,5,20:50:0D:E7:1C:39,-65,0,138,138,255,255,247,247,0
150159637,NODE_704BCA25B768,child,5,20:50:0D:E7:1C:39,-66,0,138,138,255,255,248,248,0
150259636,NODE_704BCA25B768,child,5,20:50:0D:E7:1C:39,-66,0,139,139,255,255,248,248,0
150359632,NODE_704BCA25B768,child,5,20:50:0D:E7:1C:39,-66,0,139,139,255,255,248,248,0
150459645,NODE_704BCA25B768,child,5,20:50:0D:E7:1C:39,-68,0,139,139,255,255,248,248,0
150559624,NODE_704BCA25B768,child,5,20:50:0D:E7:1C:39,-68,0,139,139,255,255,248,248,0
150659640,NODE_704BCA25B768,child,5,20:50:0D:E7:1C:39,-68,0,139,139,255,255,249,249,0
150759637,NODE_704BCA25B768,child,5,20:50:0D:E7:1C:39,-67,0,139,139,255,255,249,249,0
150859632,NODE_704BCA25B768,child,5,20:50:0D:E7:1C:39,-67,0,139,139,255,255,249,249,0
150959636,NODE_704BCA25B768,child,5,20:50:0D:E7:1C:39,-67,0,139,139,255,255,249,249,0
151059637,NODE_704BCA25B768,child,5,20:50:0D:E7:1C:39,-66,0,139,139,255,255,249,249,0
151159628,NODE_704BCA25B768,child,5,20:50:0D:E7:1C:39,-66,0,139,139,255,255,250,250,0
151259628,NODE_704BCA25B768,child,5,20:50:0D:E7:1C:39,-66,0,140,140,255,255,250,250,0
151359645,NODE_704BCA25B768,child,5,20:50:0D:E7:1C:39,-66,0,140,140,255,255,250,250,0
151459632,NODE_704BCA25B768,child,5,20:50:0D:E7:1C:39,-66,0,140,140,255,255,250,250,0
151559624,NODE_704BCA25B768,child,5,20:50:0D:E7:1C:39,-66,0,140,140,255,255,250,250,0
151659637,NODE_704BCA25B768,child,5,20:50:0D:E7:1C:39,-66,0,140,140,255,255,251,251,0
151759808,NODE_704BCA25B768,child,5,20:50:0D:E7:1C:39,-66,0,140,140,255,255,251,251,0
151859632,NODE_704BCA25B768,child,5,20:50:0D:E7:1C:39,-66,0,140,140,255,255,251,251,0
151959629,NODE_704BCA25B768,child,5,20:50:0D:E7:1C:39,-66,0,140,140,255,255,251,251,0
152059640,NODE_704BCA25B768,child,5,20:50:0D:E7:1C:39,-67,0,140,140,255,255,251,251,0
152159628,NODE_704BCA25B768,child,5,20:50:0D:E7:1C:39,-67,0,140,140,255,255,252,252,0
152259629,NODE_704BCA25B768,child,5,20:50:0D:E7:1C:39,-67,0,141,141,255,255,252,252,0
152359640,NODE_704BCA25B768,child,5,20:50:0D:E7:1C:39,-67,0,141,141,255,255,252,252,0
152459624,NODE_704BCA25B768,child,5,20:50:0D:E7:1C:39,-67,0,141,141,255,255,252,252,0
152559637,NODE_704BCA25B768,child,5,20:50:0D:E7:1C:39,-67,0,141,141,255,255,252,252,0
152659632,NODE_704BCA25B768,child,5,20:50:0D:E7:1C:39,-67,0,141,141,255,255,253,253,0
152759637,NODE_704BCA25B768,child,5,20:50:0D:E7:1C:39,-67,0,141,141,255,255,253,253,0
152859625,NODE_704BCA25B768,child,5,20:50:0D:E7:1C:39,-67,0,141,141,255,255,253,253,0
152959640,NODE_704BCA25B768,child,5,20:50:0D:E7:1C:39,-66,0,141,141,255,255,253,253,0
153059624,NODE_704BCA25B768,child,5,20:50:0D:E7:1C:39,-66,0,141,141,255,255,253,253,0
153159633,NODE_704BCA25B768,child,5,20:50:0D:E7:1C:39,-66,0,141,141,255,255,254,254,0
153259640,NODE_704BCA25B768,child,5,20:50:0D:E7:1C:39,-65,0,142,142,255,255,254,254,0
153359632,NODE_704BCA25B768,child,5,20:50:0D:E7:1C:39,-65,0,142,142,255,255,254,254,0
153459629,NODE_704BCA25B768,child,5,20:50:0D:E7:1C:39,-65,0,142,142,255,255,254,254,0
153559636,NODE_704BCA25B768,child,5,20:50:0D:E7:1C:39,-67,0,142,142,255,255,254,254,0
153659640,NODE_704BCA25B768,child,5,20:50:0D:E7:1C:39,-67,0,142,142,255,255,255,255,0
153759633,NODE_704BCA25B768,child,5,20:50:0D:E7:1C:39,-67,0,142,142,255,255,255,255,0
153859640,NODE_704BCA25B768,child,5,20:50:0D:E7:1C:39,-67,0,142,142,255,255,255,255,0
153959628,NODE_704BCA25B768,child,5,20:50:0D:E7:1C:39,-67,0,142,142,255,255,255,255,0
154059633,NODE_704BCA25B768,child,5,20:50:0D:E7:1C:39,-67,0,142,142,255,255,255,255,0
154159636,NODE_704BCA25B768,child,5,20:50:0D:E7:1C:39,-67,0,142,142,255,255,256,256,0
154259632,NODE_704BCA25B768,child,5,20:50:0D:E7:1C:39,-67,0,143,143,255,255,256,256,0
154359637,NODE_704BCA25B768,child,5,20:50:0D:E7:1C:39,-67,0,143,143,255,255,256,256,0
154459688,NODE_704BCA25B768,child,5,20:50:0D:E7:1C:39,-67,0,143,143,255,255,256,256,0
154559624,NODE_704BCA25B768,child,5,20:50:0D:E7:1C:39,-67,0,143,143,255,255,256,256,0
154659736,NODE_704BCA25B768,child,5,20:50:0D:E7:1C:39,-67,0,143,143,255,255,257,257,0
154759640,NODE_704BCA25B768,child,5,20:50:0D:E7:1C:39,-66,0,143,143,255,255,257,257,0
154859636,NODE_704BCA25B768,child,5,20:50:0D:E7:1C:39,-66,0,143,143,255,255,257,257,0
154959629,NODE_704BCA25B768,child,5,20:50:0D:E7:1C:39,-66,0,143,143,255,255,257,257,0
155059644,NODE_704BCA25B768,child,5,20:50:0D:E7:1C:39,-68,0,143,143,255,255,257,257,0
155159624,NODE_704BCA25B768,child,5,20:50:0D:E7:1C:39,-68,0,143,143,255,255,258,258,0
155259629,NODE_704BCA25B768,child,5,20:50:0D:E7:1C:39,-68,0,144,144,255,255,258,258,0
155359640,NODE_704BCA25B768,child,5,20:50:0D:E7:1C:39,-68,0,144,144,255,255,258,258,0
155459628,NODE_704BCA25B768,child,5,20:50:0D:E7:1C:39,-68,0,144,144,255,255,258,258,0
155559641,NODE_704BCA25B768,child,5,20:50:0D:E7:1C:39,-68,0,144,144,255,255,258,258,0
155659755,NODE_704BCA25B768,child,5,20:50:0D:E7:1C:39,-68,0,144,144,255,255,259,259,0
155759628,NODE_704BCA25B768,child,5,20:50:0D:E7:1C:39,-68,0,144,144,255,255,259,259,0
155859625,NODE_704BCA25B768,child,5,20:50:0D:E7:1C:39,-68,0,144,144,255,255,259,259,0
155959640,NODE_704BCA25B768,child,5,20:50:0D:E7:1C:39,-68,0,144,144,255,255,260,260,0
156059644,NODE_704BCA25B768,child,5,20:50:0D:E7:1C:39,-67,0,144,144,255,255,260,260,0
156159629,NODE_704BCA25B768,child,5,20:50:0D:E7:1C:39,-67,0,144,144,255,255,261,261,0
156259628,NODE_704BCA25B768,child,5,20:50:0D:E7:1C:39,-67,0,145,145,255,255,261,261,0
156359636,NODE_704BCA25B768,child,5,20:50:0D:E7:1C:39,-66,0,145,145,255,255,261,261,0
156459625,NODE_704BCA25B768,child,5,20:50:0D:E7:1C:39,-66,0,145,145,255,255,261,261,0
156559640,NODE_704BCA25B768,child,5,20:50:0D:E7:1C:39,-66,0,145,145,255,255,261,261,0
156659636,NODE_704BCA25B768,child,5,20:50:0D:E7:1C:39,-66,0,145,145,255,255,262,262,0
156759629,NODE_704BCA25B768,child,5,20:50:0D:E7:1C:39,-66,0,145,145,255,255,262,262,0
156859632,NODE_704BCA25B768,child,5,20:50:0D:E7:1C:39,-66,0,145,145,255,255,262,262,0
156959636,NODE_704BCA25B768,child,5,20:50:0D:E7:1C:39,-67,0,145,145,255,255,263,263,0
157059641,NODE_704BCA25B768,child,5,20:50:0D:E7:1C:39,-67,0,145,145,255,255,263,263,0
157159628,NODE_704BCA25B768,child,5,20:50:0D:E7:1C:39,-67,0,145,145,255,255,264,264,0
157259632,NODE_704BCA25B768,child,5,20:50:0D:E7:1C:39,-67,0,146,146,255,255,264,264,0
157359629,NODE_704BCA25B768,child,5,20:50:0D:E7:1C:39,-67,0,146,146,255,255,264,264,0
157459632,NODE_704BCA25B768,child,5,20:50:0D:E7:1C:39,-67,0,146,146,255,255,264,264,0
157559644,NODE_704BCA25B768,child,5,20:50:0D:E7:1C:39,-66,0,146,146,255,255,264,264,0
157659633,NODE_704BCA25B768,child,5,20:50:0D:E7:1C:39,-66,0,146,146,255,255,265,265,0
157759629,NODE_704BCA25B768,child,5,20:50:0D:E7:1C:39,-66,0,146,146,255,255,265,265,0
157859644,NODE_704BCA25B768,child,5,20:50:0D:E7:1C:39,-67,0,146,146,255,255,265,265,0
157959633,NODE_704BCA25B768,child,5,20:50:0D:E7:1C:39,-67,0,146,146,255,255,266,266,0
158059640,NODE_704BCA25B768,child,5,20:50:0D:E7:1C:39,-67,0,146,146,255,255,266,266,0
158159632,NODE_704BCA25B768,child,5,20:50:0D:E7:1C:39,-67,0,146,146,255,255,267,267,0
158259633,NODE_704BCA25B768,child,5,20:50:0D:E7:1C:39,-67,0,147,147,255,255,267,267,0
158359624,NODE_704BCA25B768,child,5,20:50:0D:E7:1C:39,-67,0,147,147,255,255,267,267,0
158459640,NODE_704BCA25B768,child,5,20:50:0D:E7:1C:39,-68,0,147,147,255,255,267,267,0
158559637,NODE_704BCA25B768,child,5,20:50:0D:E7:1C:39,-68,0,147,147,255,255,267,267,0
158659632,NODE_704BCA25B768,child,5,20:50:0D:E7:1C:39,-68,0,147,147,255,255,268,268,0
158759716,NODE_704BCA25B768,child,5,20:50:0D:E7:1C:39,-66,0,147,147,255,255,268,268,0
158859629,NODE_704BCA25B768,child,5,20:50:0D:E7:1C:39,-66,0,147,147,255,255,268,268,0
158959640,NODE_704BCA25B768,child,5,20:50:0D:E7:1C:39,-66,0,147,147,255,255,269,269,0
159059644,NODE_704BCA25B768,child,5,20:50:0D:E7:1C:39,-66,0,147,147,255,255,269,269,0
159159633,NODE_704BCA25B768,child,5,20:50:0D:E7:1C:39,-66,0,147,147,255,255,270,270,0
159259632,NODE_704BCA25B768,child,5,20:50:0D:E7:1C:39,-66,0,148,148,255,255,270,270,0
159359636,NODE_704BCA25B768,child,5,20:50:0D:E7:1C:39,-67,0,148,148,255,255,270,270,0
159459625,NODE_704BCA25B768,child,5,20:50:0D:E7:1C:39,-67,0,148,148,255,255,270,270,0
159559640,NODE_704BCA25B768,child,5,20:50:0D:E7:1C:39,-67,0,148,148,255,255,270,270,0
159659820,NODE_704BCA25B768,child,5,20:50:0D:E7:1C:39,-67,0,148,148,255,255,271,271,0
159759629,NODE_704BCA25B768,child,5,20:50:0D:E7:1C:39,-67,0,148,148,255,255,271,271,0
159859632,NODE_704BCA25B768,child,5,20:50:0D:E7:1C:39,-67,0,148,148,255,255,271,271,0
159960362,NODE_704BCA25B768,child,5,20:50:0D:E7:1C:39,-66,0,148,148,255,255,272,272,0
160059641,NODE_704BCA25B768,child,5,20:50:0D:E7:1C:39,-66,0,148,148,255,255,272,272,0
160159628,NODE_704BCA25B768,child,5,20:50:0D:E7:1C:39,-66,0,148,148,255,255,273,273,0
160259739,NODE_704BCA25B768,child,5,20:50:0D:E7:1C:39,-66,0,149,149,255,255,273,273,0
160359641,NODE_704BCA25B768,child,5,20:50:0D:E7:1C:39,-68,0,149,149,255,255,273,273,0
160459632,NODE_704BCA25B768,child,5,20:50:0D:E7:1C:39,-68,0,149,149,255,255,273,273,0
160559636,NODE_704BCA25B768,child,5,20:50:0D:E7:1C:39,-68,0,149,149,255,255,273,273,0
160659645,NODE_704BCA25B768,child,5,20:50:0D:E7:1C:39,-67,0,149,149,255,255,274,274,0
160759628,NODE_704BCA25B768,child,5,20:50:0D:E7:1C:39,-67,0,149,149,255,255,274,274,0
160859632,NODE_704BCA25B768,child,5,20:50:0D:E7:1C:39,-67,0,149,149,255,255,274,274,0
160959637,NODE_704BCA25B768,child,5,20:50:0D:E7:1C:39,-67,0,149,149,255,255,275,275,0
161059640,NODE_704BCA25B768,child,5,20:50:0D:E7:1C:39,-67,0,149,149,255,255,275,275,0
161159624,NODE_704BCA25B768,child,5,20:50:0D:E7:1C:39,-67,0,149,149,255,255,276,276,0
161259633,NODE_704BCA25B768,child,5,20:50:0D:E7:1C:39,-66,0,150,150,255,255,276,276,0
161359624,NODE_704BCA25B768,child,5,20:50:0D:E7:1C:39,-66,0,150,150,255,255,276,276,0
161459624,NODE_704BCA25B768,child,5,20:50:0D:E7:1C:39,-66,0,150,150,255,255,276,276,0
161559641,NODE_704BCA25B768,child,5,20:50:0D:E7:1C:39,-67,0,150,150,255,255,276,276,0
161659628,NODE_704BCA25B768,child,5,20:50:0D:E7:1C:39,-67,0,150,150,255,255,277,277,0
161759628,NODE_704BCA25B768,child,5,20:50:0D:E7:1C:39,-67,0,150,150,255,255,277,277,0
161859637,NODE_704BCA25B768,child,5,20:50:0D:E7:1C:39,-69,0,150,150,255,255,277,277,0
161959632,NODE_704BCA25B768,child,5,20:50:0D:E7:1C:39,-69,0,150,150,255,255,278,278,0
162059632,NODE_704BCA25B768,child,5,20:50:0D:E7:1C:39,-69,0,150,150,255,255,278,278,0
162159641,NODE_704BCA25B768,child,5,20:50:0D:E7:1C:39,-67,0,150,150,255,255,279,279,0
162259632,NODE_704BCA25B768,child,5,20:50:0D:E7:1C:39,-67,0,151,151,255,255,279,279,0
162359624,NODE_704BCA25B768,child,5,20:50:0D:E7:1C:39,-67,0,151,151,255,255,279,279,0
162459641,NODE_704BCA25B768,child,5,20:50:0D:E7:1C:39,-68,0,151,151,255,255,279,279,0
162559640,NODE_704BCA25B768,child,5,20:50:0D:E7:1C:39,-68,0,151,151,255,255,279,279,0
162659636,NODE_704BCA25B768,child,5,20:50:0D:E7:1C:39,-68,0,151,151,255,255,280,280,0
162759646,NODE_704BCA25B768,child,5,20:50:0D:E7:1C:39,-68,0,151,151,0,0,280,280,0
162859640,NODE_704BCA25B768,child,5,20:50:0D:E7:1C:39,-68,0,151,151,0,0,280,280,0
162959636,NODE_704BCA25B768,child,5,20:50:0D:E7:1C:39,-68,0,151,151,0,0,281,281,0
163059641,NODE_704BCA25B768,child,5,20:50:0D:E7:1C:39,-67,0,151,151,0,0,281,281,0
163159749,NODE_704BCA25B768,child,5,20:50:0D:E7:1C:39,-67,0,151,151,0,0,282,282,0
163259624,NODE_704BCA25B768,child,5,20:50:0D:E7:1C:39,-67,0,152,152,0,0,282,282,0
163359641,NODE_704BCA25B768,child,5,20:50:0D:E7:1C:39,-66,0,152,152,0,0,282,282,0
163459624,NODE_704BCA25B768,child,5,20:50:0D:E7:1C:39,-66,0,152,152,0,0,282,282,0
163559640,NODE_704BCA25B768,child,5,20:50:0D:E7:1C:39,-66,0,152,152,0,0,282,282,0
163659637,NODE_704BCA25B768,child,5,20:50:0D:E7:1C:39,-66,0,152,152,0,0,283,283,0
163759632,NODE_704BCA25B768,child,5,20:50:0D:E7:1C:39,-66,0,152,152,0,0,283,283,0
163859640,NODE_704BCA25B768,child,5,20:50:0D:E7:1C:39,-66,0,152,152,0,0,283,283,0
163959911,NODE_704BCA25B768,child,5,20:50:0D:E7:1C:39,-67,0,152,152,0,0,284,284,0
164059636,NODE_704BCA25B768,child,5,20:50:0D:E7:1C:39,-67,0,152,152,0,0,284,284,0
164159636,NODE_704BCA25B768,child,5,20:50:0D:E7:1C:39,-67,0,152,152,0,0,285,285,0
164259785,NODE_704BCA25B768,child,5,20:50:0D:E7:1C:39,-67,0,153,153,0,0,285,285,0
164359628,NODE_704BCA25B768,child,5,20:50:0D:E7:1C:39,-67,0,153,153,0,0,285,285,0
164459624,NODE_704BCA25B768,child,5,20:50:0D:E7:1C:39,-67,0,153,153,0,0,285,285,0
164559629,NODE_704BCA25B768,child,5,20:50:0D:E7:1C:39,-67,0,153,153,0,0,285,285,0
164659644,NODE_704BCA25B768,child,5,20:50:0D:E7:1C:39,-69,0,153,153,0,0,286,286,0
164759679,NODE_704BCA25B768,child,5,20:50:0D:E7:1C:39,-69,0,153,153,0,0,286,286,0
164859633,NODE_704BCA25B768,child,5,20:50:0D:E7:1C:39,-69,0,153,153,0,0,286,286,0
164959640,NODE_704BCA25B768,child,5,20:50:0D:E7:1C:39,-67,0,153,153,0,0,287,287,0
165059628,NODE_704BCA25B768,child,5,20:50:0D:E7:1C:39,-67,0,153,153,0,0,287,287,0
165159637,NODE_704BCA25B768,child,5,20:50:0D:E7:1C:39,-67,0,153,153,0,0,288,288,0
165259632,NODE_704BCA25B768,child,5,20:50:0D:E7:1C:39,-67,0,154,154,0,0,288,288,0
165359628,NODE_704BCA25B768,child,5,20:50:0D:E7:1C:39,-67,0,154,154,0,0,288,288,0
165459629,NODE_704BCA25B768,child,5,20:50:0D:E7:1C:39,-67,0,154,154,0,0,288,288,0
165559640,NODE_704BCA25B768,child,5,20:50:0D:E7:1C:39,-68,0,154,154,0,0,288,288,0
165659640,NODE_704BCA25B768,child,5,20:50:0D:E7:1C:39,-68,0,154,154,0,0,289,289,0
165759629,NODE_704BCA25B768,child,5,20:50:0D:E7:1C:39,-68,0,154,154,0,0,289,289,0
165859636,NODE_704BCA25B768,child,5,20:50:0D:E7:1C:39,-67,0,154,154,0,0,289,289,0
165959632,NODE_704BCA25B768,child,5,20:50:0D:E7:1C:39,-67,0,154,154,0,0,289,289,0
166059637,NODE_704BCA25B768,child,5,20:50:0D:E7:1C:39,-67,0,154,154,0,0,290,290,0
166159632,NODE_704BCA25B768,child,5,20:50:0D:E7:1C:39,-67,0,154,154,0,0,291,291,0
166259628,NODE_704BCA25B768,child,5,20:50:0D:E7:1C:39,-67,0,155,155,0,0,291,291,0
166359625,NODE_704BCA25B768,child,5,20:50:0D:E7:1C:39,-67,0,155,155,0,0,291,291,0
166459636,NODE_704BCA25B768,child,5,20:50:0D:E7:1C:39,-67,0,155,155,0,0,291,291,0
166559636,NODE_704BCA25B768,child,5,20:50:0D:E7:1C:39,-67,0,155,155,0,0,291,291,0
166659625,NODE_704BCA25B768,child,5,20:50:0D:E7:1C:39,-67,0,155,155,0,0,292,292,0
166759640,NODE_704BCA25B768,child,5,20:50:0D:E7:1C:39,-68,0,155,155,0,0,292,292,0
166859636,NODE_704BCA25B768,child,5,20:50:0D:E7:1C:39,-68,0,155,155,0,0,292,292,0
166959629,NODE_704BCA25B768,child,5,20:50:0D:E7:1C:39,-68,0,155,155,0,0,292,292,0
167059636,NODE_704BCA25B768,child,5,20:50:0D:E7:1C:39,-67,0,155,155,0,0,293,293,0
167159756,NODE_704BCA25B768,child,5,20:50:0D:E7:1C:39,-67,0,155,155,0,0,294,294,0
167259779,NODE_704BCA25B768,child,5,20:50:0D:E7:1C:39,-67,0,156,156,0,0,294,294,0
167359636,NODE_704BCA25B768,child,5,20:50:0D:E7:1C:39,-68,0,156,156,0,0,294,294,0
167459737,NODE_704BCA25B768,child,5,20:50:0D:E7:1C:39,-68,0,156,156,0,0,294,294,0
167559625,NODE_704BCA25B768,child,5,20:50:0D:E7:1C:39,-68,0,156,156,0,0,294,294,0
167659640,NODE_704BCA25B768,child,5,20:50:0D:E7:1C:39,-67,0,156,156,0,0,295,295,0
167759633,NODE_704BCA25B768,child,5,20:50:0D:E7:1C:39,-67,0,156,156,0,0,295,295,0
167859625,NODE_704BCA25B768,child,5,20:50:0D:E7:1C:39,-67,0,156,156,0,0,295,295,0
167959640,NODE_704BCA25B768,child,5,20:50:0D:E7:1C:39,-67,0,156,156,0,0,295,295,0
168059628,NODE_704BCA25B768,child,5,20:50:0D:E7:1C:39,-67,0,156,156,0,0,296,296,0
168159633,NODE_704BCA25B768,child,5,20:50:0D:E7:1C:39,-67,0,156,156,0,0,297,297,0
168259636,NODE_704BCA25B768,child,5,20:50:0D:E7:1C:39,-67,0,157,157,0,0,297,297,0
168359632,NODE_704BCA25B768,child,5,20:50:0D:E7:1C:39,-67,0,157,157,0,0,297,297,0
168459629,NODE_704BCA25B768,child,5,20:50:0D:E7:1C:39,-67,0,157,157,0,0,297,297,0
168560410,NODE_704BCA25B768,child,5,20:50:0D:E7:1C:39,-68,0,157,157,0,0,297,297,0
168659632,NODE_704BCA25B768,child,5,20:50:0D:E7:1C:39,-68,0,157,157,0,0,298,298,0
168759629,NODE_704BCA25B768,child,5,20:50:0D:E7:1C:39,-68,0,157,157,0,0,298,298,0
168859636,NODE_704BCA25B768,child,5,20:50:0D:E7:1C:39,-68,0,157,157,0,0,298,298,0
168959640,NODE_704BCA25B768,child,5,20:50:0D:E7:1C:39,-68,0,157,157,0,0,298,298,0
169059629,NODE_704BCA25B768,child,5,20:50:0D:E7:1C:39,-68,0,157,157,0,0,299,299,0
169159628,NODE_704BCA25B768,child,5,20:50:0D:E7:1C:39,-68,0,157,157,0,0,300,300,0
169259632,NODE_704BCA25B768,child,5,20:50:0D:E7:1C:39,-67,0,158,158,0,0,300,300,0
169359625,NODE_704BCA25B768,child,5,20:50:0D:E7:1C:39,-67,0,158,158,0,0,300,300,0
169459624,NODE_704BCA25B768,child,5,20:50:0D:E7:1C:39,-67,0,158,158,0,0,300,300,0
169559644,NODE_704BCA25B768,child,5,20:50:0D:E7:1C:39,-68,0,158,158,0,0,300,300,0
169659629,NODE_704BCA25B768,child,5,20:50:0D:E7:1C:39,-68,0,158,158,0,0,301,301,0
169759636,NODE_704BCA25B768,child,5,20:50:0D:E7:1C:39,-68,0,158,158,0,0,301,301,0
169859644,NODE_704BCA25B768,child,5,20:50:0D:E7:1C:39,-68,0,158,158,0,0,301,301,0
169959629,NODE_704BCA25B768,child,5,20:50:0D:E7:1C:39,-68,0,158,158,0,0,301,301,0
170059640,NODE_704BCA25B768,child,5,20:50:0D:E7:1C:39,-68,0,158,158,0,0,302,302,0
170159632,NODE_704BCA25B768,child,5,20:50:0D:E7:1C:39,-67,0,158,158,0,0,303,303,0
170259629,NODE_704BCA25B768,child,5,20:50:0D:E7:1C:39,-67,0,159,159,0,0,303,303,0
170359632,NODE_704BCA25B768,child,5,20:50:0D:E7:1C:39,-67,0,159,159,0,0,303,303,0
170459640,NODE_704BCA25B768,child,5,20:50:0D:E7:1C:39,-67,0,159,159,0,0,303,303,0
170559625,NODE_704BCA25B768,child,5,20:50:0D:E7:1C:39,-67,0,159,159,0,0,303,303,0
170659632,NODE_704BCA25B768,child,5,20:50:0D:E7:1C:39,-67,0,159,159,0,0,304,304,0
170759644,NODE_704BCA25B768,child,5,20:50:0D:E7:1C:39,-68,0,159,159,0,0,304,304,0
170859629,NODE_704BCA25B768,child,5,20:50:0D:E7:1C:39,-68,0,159,159,0,0,304,304,0
170959632,NODE_704BCA25B768,child,5,20:50:0D:E7:1C:39,-68,0,159,159,0,0,304,304,0
171059636,NODE_704BCA25B768,child,5,20:50:0D:E7:1C:39,-67,0,159,159,0,0,305,305,0
171159633,NODE_704BCA25B768,child,5,20:50:0D:E7:1C:39,-67,0,159,159,0,0,306,306,0
171259624,NODE_704BCA25B768,child,5,20:50:0D:E7:1C:39,-67,0,160,160,0,0,306,306,0
171359636,NODE_704BCA25B768,child,5,20:50:0D:E7:1C:39,-68,0,160,160,0,0,306,306,0
171459625,NODE_704BCA25B768,child,5,20:50:0D:E7:1C:39,-68,0,160,160,0,0,306,306,0
171559632,NODE_704BCA25B768,child,5,20:50:0D:E7:1C:39,-68,0,160,160,0,0,306,306,0
171659636,NODE_704BCA25B768,child,5,20:50:0D:E7:1C:39,-68,0,160,160,0,0,307,307,0
171759633,NODE_704BCA25B768,child,5,20:50:0D:E7:1C:39,-68,0,160,160,0,0,307,307,0
171859632,NODE_704BCA25B768,child,5,20:50:0D:E7:1C:39,-68,0,160,160,0,0,307,307,0
171959636,NODE_704BCA25B768,child,5,20:50:0D:E7:1C:39,-67,0,160,160,0,0,307,307,0
172059629,NODE_704BCA25B768,child,5,20:50:0D:E7:1C:39,-67,0,160,160,0,0,308,308,0
172159632,NODE_704BCA25B768,child,5,20:50:0D:E7:1C:39,-67,0,160,160,0,0,309,309,0
172259636,NODE_704BCA25B768,child,5,20:50:0D:E7:1C:39,-68,0,161,161,0,0,309,309,0
172359629,NODE_704BCA25B768,child,5,20:50:0D:E7:1C:39,-68,0,161,161,0,0,309,309,0
172459624,NODE_704BCA25B768,child,5,20:50:0D:E7:1C:39,-68,0,161,161,0,0,309,309,0
172559644,NODE_704BCA25B768,child,5,20:50:0D:E7:1C:39,-68,0,161,161,0,0,309,309,0
172659629,NODE_704BCA25B768,child,5,20:50:0D:E7:1C:39,-68,0,161,161,0,0,310,310,0
172759865,NODE_704BCA25B768,child,5,20:50:0D:E7:1C:39,-68,0,161,161,0,0,310,310,0
172859644,NODE_704BCA25B768,child,5,20:50:0D:E7:1C:39,-68,0,161,161,0,0,310,310,0
172959637,NODE_704BCA25B768,child,5,20:50:0D:E7:1C:39,-68,0,161,161,0,0,310,310,0
173059640,NODE_704BCA25B768,child,5,20:50:0D:E7:1C:39,-68,0,161,161,0,0,311,311,0
173159632,NODE_704BCA25B768,child,5,20:50:0D:E7:1C:39,-68,0,161,161,0,0,312,312,0
173259633,NODE_704BCA25B768,child,5,20:50:0D:E7:1C:39,-67,0,162,162,0,0,312,312,0
173359638,NODE_704BCA25B768,child,5,20:50:0D:E7:1C:39,-67,0,162,162,0,0,312,312,0
173459628,NODE_704BCA25B768,child,5,20:50:0D:E7:1C:39,-67,0,162,162,0,0,312,312,0
173559637,NODE_704BCA25B768,child,5,20:50:0D:E7:1C:39,-68,0,162,162,0,0,312,312,0
173659632,NODE_704BCA25B768,child,5,20:50:0D:E7:1C:39,-68,0,162,162,0,0,313,313,0
173759628,NODE_704BCA25B768,child,5,20:50:0D:E7:1C:39,-68,0,162,162,0,0,313,313,0
173859637,NODE_704BCA25B768,child,5,20:50:0D:E7:1C:39,-67,0,162,162,0,0,313,313,0
173959632,NODE_704BCA25B768,child,5,20:50:0D:E7:1C:39,-67,0,162,162,0,0,313,313,0
174059640,NODE_704BCA25B768,child,5,20:50:0D:E7:1C:39,-67,0,162,162,0,0,313,313,0
174159645,NODE_704BCA25B768,child,5,20:50:0D:E7:1C:39,-67,0,162,162,0,0,314,314,0
174259632,NODE_704BCA25B768,child,5,20:50:0D:E7:1C:39,-67,0,163,163,0,0,315,315,0
174359628,NODE_704BCA25B768,child,5,20:50:0D:E7:1C:39,-67,0,163,163,0,0,315,315,0
174459637,NODE_704BCA25B768,child,5,20:50:0D:E7:1C:39,-67,0,163,163,0,0,315,315,0
174559624,NODE_704BCA25B768,child,5,20:50:0D:E7:1C:39,-67,0,163,163,0,0,315,315,0
174659632,NODE_704BCA25B768,child,5,20:50:0D:E7:1C:39,-67,0,163,163,0,0,316,316,0
174759645,NODE_704BCA25B768,child,5,20:50:0D:E7:1C:39,-67,0,163,163,0,0,316,316,0
174859632,NODE_704BCA25B768,child,5,20:50:0D:E7:1C:39,-67,0,163,163,0,0,316,316,0
174959628,NODE_704BCA25B768,child,5,20:50:0D:E7:1C:39,-67,0,163,163,0,0,316,316,0
175059637,NODE_704BCA25B768,child,5,20:50:0D:E7:1C:39,-68,0,163,163,0,0,316,316,0
175159632,NODE_704BCA25B768,child,5,20:50:0D:E7:1C:39,-68,0,163,163,0,0,317,317,0
175259632,NODE_704BCA25B768,child,5,20:50:0D:E7:1C:39,-68,0,164,164,0,0,318,318,0
175359645,NODE_704BCA25B768,child,5,20:50:0D:E7:1C:39,-68,0,164,164,0,0,318,318,0
175459624,NODE_704BCA25B768,child,5,20:50:0D:E7:1C:39,-68,0,164,164,0,0,318,318,0
175559636,NODE_704BCA25B768,child,5,20:50:0D:E7:1C:39,-68,0,164,164,0,0,318,318,0
175659645,NODE_704BCA25B768,child,5,20:50:0D:E7:1C:39,-67,0,164,164,0,0,319,319,0
175759783,NODE_704BCA25B768,child,5,20:50:0D:E7:1C:39,-67,0,164,164,0,0,319,319,0
175859640,NODE_704BCA25B768,child,5,20:50:0D:E7:1C:39,-67,0,164,164,0,0,319,319,0
175959795,NODE_704BCA25B768,child,5,20:50:0D:E7:1C:39,-67,0,164,164,0,0,319,319,0
176059632,NODE_704BCA25B768,child,5,20:50:0D:E7:1C:39,-67,0,164,164,0,0,319,319,0
176159632,NODE_704BCA25B768,child,5,20:50:0D:E7:1C:39,-67,0,164,164,0,0,320,320,0
176259637,NODE_704BCA25B768,child,5,20:50:0D:E7:1C:39,-67,0,165,165,0,0,321,321,0
176359632,NODE_704BCA25B768,child,5,20:50:0D:E7:1C:39,-67,0,165,165,0,0,321,321,0
176459793,NODE_704BCA25B768,child,5,20:50:0D:E7:1C:39,-67,0,165,165,0,0,321,321,0
176559645,NODE_704BCA25B768,child,5,20:50:0D:E7:1C:39,-67,0,165,165,0,0,321,321,0
176659628,NODE_704BCA25B768,child,5,20:50:0D:E7:1C:39,-67,0,165,165,0,0,322,322,0
176759628,NODE_704BCA25B768,child,5,20:50:0D:E7:1C:39,-67,0,165,165,0,0,322,322,0
176859637,NODE_704BCA25B768,child,5,20:50:0D:E7:1C:39,-68,0,165,165,0,0,322,322,0
176959624,NODE_704BCA25B768,child,5,20:50:0D:E7:1C:39,-68,0,165,165,0,0,322,322,0
177059628,NODE_704BCA25B768,child,5,20:50:0D:E7:1C:39,-68,0,165,165,0,0,322,322,0
177159637,NODE_704BCA25B768,child,5,20:50:0D:E7:1C:39,-68,0,165,165,0,0,323,323,0
177259628,NODE_704BCA25B768,child,5,20:50:0D:E7:1C:39,-67,0,166,166,0,0,324,324,0
177359632,NODE_704BCA25B768,child,5,20:50:0D:E7:1C:39,-67,0,166,166,0,0,324,324,0
177459629,NODE_704BCA25B768,child,5,20:50:0D:E7:1C:39,-67,0,166,166,0,0,324,324,0
177559636,NODE_704BCA25B768,child,5,20:50:0D:E7:1C:39,-67,0,166,166,0,0,324,324,0
177659632,NODE_704BCA25B768,child,5,20:50:0D:E7:1C:39,-67,0,166,166,0,0,325,325,0
177759634,NODE_704BCA25B768,child,5,20:50:0D:E7:1C:39,-67,0,166,166,0,0,325,325,0
177859636,NODE_704BCA25B768,child,5,20:50:0D:E7:1C:39,-67,0,166,166,0,0,325,325,0
177959628,NODE_704BCA25B768,child,5,20:50:0D:E7:1C:39,-67,0,166,166,0,0,325,325,0
178059625,NODE_704BCA25B768,child,5,20:50:0D:E7:1C:39,-67,0,166,166,0,0,325,325,0
178159632,NODE_704BCA25B768,child,5,20:50:0D:E7:1C:39,-68,0,166,166,0,0,326,326,0
178259632,NODE_704BCA25B768,child,5,20:50:0D:E7:1C:39,-68,0,167,167,0,0,327,327,0
178359637,NODE_704BCA25B768,child,5,20:50:0D:E7:1C:39,-68,0,167,167,0,0,327,327,0
178459636,NODE_704BCA25B768,child,5,20:50:0D:E7:1C:39,-67,0,167,167,0,0,327,327,0
178559636,NODE_704BCA25B768,child,5,20:50:0D:E7:1C:39,-67,0,167,167,0,0,327,327,0
178659625,NODE_704BCA25B768,child,5,20:50:0D:E7:1C:39,-67,0,167,167,0,0,328,328,0
178759640,NODE_704BCA25B768,child,5,20:50:0D:E7:1C:39,-67,0,167,167,0,0,328,328,0
178859640,NODE_704BCA25B768,child,5,20:50:0D:E7:1C:39,-67,0,167,167,0,0,328,328,0
178959629,NODE_704BCA25B768,child,5,20:50:0D:E7:1C:39,-67,0,167,167,0,0,328,328,0
179059644,NODE_704BCA25B768,child,5,20:50:0D:E7:1C:39,-67,0,167,167,0,0,328,328,0
179159632,NODE_704BCA25B768,child,5,20:50:0D:E7:1C:39,-67,0,167,167,0,0,329,329,0
179259637,NODE_704BCA25B768,child,5,20:50:0D:E7:1C:39,-67,0,168,168,0,0,330,330,0
179359640,NODE_704BCA25B768,child,5,20:50:0D:E7:1C:39,-68,0,168,168,0,0,330,330,0
179459624,NODE_704BCA25B768,child,5,20:50:0D:E7:1C:39,-68,0,168,168,0,0,330,330,0
179559629,NODE_704BCA25B768,child,5,20:50:0D:E7:1C:39,-68,0,168,168,0,0,330,330,0
179659636,NODE_704BCA25B768,child,5,20:50:0D:E7:1C:39,-68,0,168,168,0,0,331,331,0
179759628,NODE_704BCA25B768,child,5,20:50:0D:E7:1C:39,-68,0,168,168,0,0,331,331,0
179859625,NODE_704BCA25B768,child,5,20:50:0D:E7:1C:39,-68,0,168,168,0,0,331,331,0
179959636,NODE_704BCA25B768,child,5,20:50:0D:E7:1C:39,-67,0,168,168,0,0,331,331,0
180059793,NODE_704BCA25B768,child,5,20:50:0D:E7:1C:39,-67,0,168,168,0,0,331,331,0
180159633,NODE_704BCA25B768,child,5,20:50:0D:E7:1C:39,-67,0,168,168,0,0,332,332,0
180259632,NODE_704BCA25B768,child,5,20:50:0D:E7:1C:39,-67,0,169,169,0,0,333,333,0
180359628,NODE_704BCA25B768,child,5,20:50:0D:E7:1C:39,-67,0,169,169,0,0,333,333,0
180459625,NODE_704BCA25B768,child,5,20:50:0D:E7:1C:39,-67,0,169,169,0,0,333,333,0
180559640,NODE_704BCA25B768,child,5,20:50:0D:E7:1C:39,-67,0,169,169,0,0,333,333,0
180659636,NODE_704BCA25B768,child,5,20:50:0D:E7:1C:39,-67,0,169,169,0,0,334,334,0
180759625,NODE_704BCA25B768,child,5,20:50:0D:E7:1C:39,-67,0,169,169,0,0,334,334,0
180859636,NODE_704BCA25B768,child,5,20:50:0D:E7:1C:39,-67,0,169,169,0,0,334,334,0
180959636,NODE_704BCA25B768,child,5,20:50:0D:E7:1C:39,-67,0,169,169,0,0,334,334,0
181059625,NODE_704BCA25B768,child,5,20:50:0D:E7:1C:39,-67,0,169,169,0,0,334,334,0
181159640,NODE_704BCA25B768,child,5,20:50:0D:E7:1C:39,-68,0,169,169,0,0,335,335,0
181259640,NODE_704BCA25B768,child,5,20:50:0D:E7:1C:39,-68,0,170,170,0,0,336,336,0
181359629,NODE_704BCA25B768,child,5,20:50:0D:E7:1C:39,-68,0,170,170,0,0,336,336,0
181459632,NODE_704BCA25B768,child,5,20:50:0D:E7:1C:39,-68,0,170,170,0,0,336,336,0
181559689,NODE_704BCA25B768,child,5,20:50:0D:E7:1C:39,-67,0,170,170,0,0,336,336,0
181659625,NODE_704BCA25B768,child,5,20:50:0D:E7:1C:39,-67,0,170,170,0,0,337,337,0
181759628,NODE_704BCA25B768,child,5,20:50:0D:E7:1C:39,-67,0,170,170,0,0,337,337,0
181859644,NODE_704BCA25B768,child,5,20:50:0D:E7:1C:39,-67,0,170,170,0,0,337,337,0
181959629,NODE_704BCA25B768,child,5,20:50:0D:E7:1C:39,-67,0,170,170,0,0,337,337,0
182059636,NODE_704BCA25B768,child,5,20:50:0D:E7:1C:39,-67,0,170,170,0,0,337,337,0
182159632,NODE_704BCA25B768,child,5,20:50:0D:E7:1C:39,-67,0,170,170,0,0,338,338,0
182259629,NODE_704BCA25B768,child,5,20:50:0D:E7:1C:39,-67,0,171,171,0,0,339,339,0
182359632,NODE_704BCA25B768,child,5,20:50:0D:E7:1C:39,-67,0,171,171,0,0,339,339,0
182459636,NODE_704BCA25B768,child,5,20:50:0D:E7:1C:39,-67,0,171,171,0,0,339,339,0
182559629,NODE_704BCA25B768,child,5,20:50:0D:E7:1C:39,-67,0,171,171,0,0,339,339,0
182659636,NODE_704BCA25B768,child,5,20:50:0D:E7:1C:39,-67,0,171,171,0,0,340,340,0
182759641,NODE_704BCA25B768,child,5,20:50:0D:E7:1C:39,-67,0,171,171,0,0,340,340,0
182859625,NODE_704BCA25B768,child,5,20:50:0D:E7:1C:39,-67,0,171,171,0,0,340,340,0
182959628,NODE_704BCA25B768,child,5,20:50:0D:E7:1C:39,-67,0,171,171,0,0,340,340,0
183059636,NODE_704BCA25B768,child,5,20:50:0D:E7:1C:39,-68,0,171,171,0,0,340,340,0
183159633,NODE_704BCA25B768,child,5,20:50:0D:E7:1C:39,-68,0,171,171,0,0,341,341,0
183259632,NODE_704BCA25B768,child,5,20:50:0D:E7:1C:39,-68,0,172,172,0,0,342,342,0
183359644,NODE_704BCA25B768,child,5,20:50:0D:E7:1C:39,-67,0,172,172,0,0,342,342,0
183459629,NODE_704BCA25B768,child,5,20:50:0D:E7:1C:39,-67,0,172,172,0,0,342,342,0
183559640,NODE_704BCA25B768,child,5,20:50:0D:E7:1C:39,-67,0,172,172,0,0,342,342,0
183659640,NODE_704BCA25B768,child,5,20:50:0D:E7:1C:39,-67,0,172,172,0,0,343,343,0
183759629,NODE_704BCA25B768,child,5,20:50:0D:E7:1C:39,-67,0,172,172,0,0,343,343,0
183859632,NODE_704BCA25B768,child,5,20:50:0D:E7:1C:39,-67,0,172,172,0,0,343,343,0
183959640,NODE_704BCA25B768,child,5,20:50:0D:E7:1C:39,-68,0,172,172,0,0,343,343,0
184059637,NODE_704BCA25B768,child,5,20:50:0D:E7:1C:39,-68,0,172,172,0,0,343,343,0
184159628,NODE_704BCA25B768,child,5,20:50:0D:E7:1C:39,-68,0,172,172,0,0,344,344,0
184259632,NODE_704BCA25B768,child,5,20:50:0D:E7:1C:39,-67,0,173,173,0,0,345,345,0
184359633,NODE_704BCA25B768,child,5,20:50:0D:E7:1C:39,-67,0,173,173,0,0,345,345,0
184459754,NODE_704BCA25B768,child,5,20:50:0D:E7:1C:39,-67,0,173,173,0,0,345,345,0
184559644,NODE_704BCA25B768,child,5,20:50:0D:E7:1C:39,-67,0,173,173,0,0,345,345,0
184659629,NODE_704BCA25B768,child,5,20:50:0D:E7:1C:39,-67,0,173,173,0,0,346,346,0
184759632,NODE_704BCA25B768,child,5,20:50:0D:E7:1C:39,-67,0,173,173,0,0,346,346,0
184859640,NODE_704BCA25B768,child,5,20:50:0D:E7:1C:39,-67,0,173,173,0,0,346,346,0
184959629,NODE_704BCA25B768,child,5,20:50:0D:E7:1C:39,-67,0,173,173,0,0,346,346,0
185059640,NODE_704BCA25B768,child,5,20:50:0D:E7:1C:39,-67,0,173,173,0,0,346,346,0
185159640,NODE_704BCA25B768,child,5,20:50:0D:E7:1C:39,-67,0,173,173,0,0,347,347,0
185259633,NODE_704BCA25B768,child,5,20:50:0D:E7:1C:39,-67,0,174,174,0,0,348,348,0
185359628,NODE_704BCA25B768,child,5,20:50:0D:E7:1C:39,-67,0,174,174,0,0,348,348,0
185459640,NODE_704BCA25B768,child,5,20:50:0D:E7:1C:39,-68,0,174,174,0,0,348,348,0
185559633,NODE_704BCA25B768,child,5,20:50:0D:E7:1C:39,-68,0,174,174,0,0,348,348,0
185659632,NODE_704BCA25B768,child,5,20:50:0D:E7:1C:39,-68,0,174,174,0,0,349,349,0
185759636,NODE_704BCA25B768,child,5,20:50:0D:E7:1C:39,-68,0,174,174,0,0,349,349,0
185859641,NODE_704BCA25B768,child,5,20:50:0D:E7:1C:39,-68,0,174,174,0,0,349,349,0
185959632,NODE_704BCA25B768,child,5,20:50:0D:E7:1C:39,-68,0,174,174,0,0,349,349,0
186059624,NODE_704BCA25B768,child,5,20:50:0D:E7:1C:39,-68,0,174,174,0,0,349,349,0
186159633,NODE_704BCA25B768,child,5,20:50:0D:E7:1C:39,-67,0,174,174,0,0,350,350,0
186259624,NODE_704BCA25B768,child,5,20:50:0D:E7:1C:39,-67,0,175,175,0,0,351,351,0
186359636,NODE_704BCA25B768,child,5,20:50:0D:E7:1C:39,-67,0,175,175,0,0,351,351,0
186459637,NODE_704BCA25B768,child,5,20:50:0D:E7:1C:39,-67,0,175,175,0,0,351,351,0
186559632,NODE_704BCA25B768,child,5,20:50:0D:E7:1C:39,-67,0,175,175,0,0,351,351,0
186659632,NODE_704BCA25B768,child,5,20:50:0D:E7:1C:39,-67,0,175,175,0,0,352,352,0
186759641,NODE_704BCA25B768,child,5,20:50:0D:E7:1C:39,-68,0,175,175,0,0,352,352,0
186859632,NODE_704BCA25B768,child,5,20:50:0D:E7:1C:39,-68,0,175,175,0,0,352,352,0
186959624,NODE_704BCA25B768,child,5,20:50:0D:E7:1C:39,-68,0,175,175,0,0,352,352,0
187059641,NODE_704BCA25B768,child,5,20:50:0D:E7:1C:39,-67,0,175,175,0,0,352,352,0
187159632,NODE_704BCA25B768,child,5,20:50:0D:E7:1C:39,-67,0,175,175,0,0,353,353,0
187259640,NODE_704BCA25B768,child,5,20:50:0D:E7:1C:39,-67,0,176,176,0,0,354,354,0
187359637,NODE_704BCA25B768,child,5,20:50:0D:E7:1C:39,-67,0,176,176,0,0,354,354,0
187459628,NODE_704BCA25B768,child,5,20:50:0D:E7:1C:39,-67,0,176,176,0,0,354,354,0
187559632,NODE_704BCA25B768,child,5,20:50:0D:E7:1C:39,-67,0,176,176,0,0,354,354,0
187659637,NODE_704BCA25B768,child,5,20:50:0D:E7:1C:39,-68,0,176,176,0,0,355,355,0
187759637,NODE_704BCA25B768,child,5,20:50:0D:E7:1C:39,-68,0,176,176,0,0,355,355,0
187859640,NODE_704BCA25B768,child,5,20:50:0D:E7:1C:39,-68,0,176,176,0,0,355,355,0
187959641,NODE_704BCA25B768,child,5,20:50:0D:E7:1C:39,-67,0,176,176,0,0,355,355,0
188059640,NODE_704BCA25B768,child,5,20:50:0D:E7:1C:39,-67,0,176,176,0,0,355,355,0
188159640,NODE_704BCA25B768,child,5,20:50:0D:E7:1C:39,-67,0,176,176,0,0,356,356,0
188259641,NODE_704BCA25B768,child,5,20:50:0D:E7:1C:39,-68,0,177,177,0,0,357,357,0
188359632,NODE_704BCA25B768,child,5,20:50:0D:E7:1C:39,-68,0,177,177,0,0,357,357,0
188459632,NODE_704BCA25B768,child,5,20:50:0D:E7:1C:39,-68,0,177,177,0,0,357,357,0
188559637,NODE_704BCA25B768,child,5,20:50:0D:E7:1C:39,-67,0,177,177,0,0,357,357,0
188659632,NODE_704BCA25B768,child,5,20:50:0D:E7:1C:39,-67,0,177,177,0,0,358,358,0
188759628,NODE_704BCA25B768,child,5,20:50:0D:E7:1C:39,-67,0,177,177,0,0,358,358,0
188859637,NODE_704BCA25B768,child,5,20:50:0D:E7:1C:39,-67,0,177,177,0,0,358,358,0
188959632,NODE_704BCA25B768,child,5,20:50:0D:E7:1C:39,-67,0,177,177,0,0,358,358,0
189059636,NODE_704BCA25B768,child,5,20:50:0D:E7:1C:39,-67,0,177,177,0,0,358,358,0
189159645,NODE_704BCA25B768,child,5,20:50:0D:E7:1C:39,-67,0,177,177,0,0,359,359,0
189259628,NODE_704BCA25B768,child,5,20:50:0D:E7:1C:39,-67,0,178,178,0,0,360,360,0
189359632,NODE_704BCA25B768,child,5,20:50:0D:E7:1C:39,-67,0,178,178,0,0,360,360,0
189459637,NODE_704BCA25B768,child,5,20:50:0D:E7:1C:39,-68,0,178,178,0,0,360,360,0
189559632,NODE_704BCA25B768,child,5,20:50:0D:E7:1C:39,-68,0,178,178,0,0,360,360,0
189659632,NODE_704BCA25B768,child,5,20:50:0D:E7:1C:39,-68,0,178,178,0,0,361,361,0
189759637,NODE_704BCA25B768,child,5,20:50:0D:E7:1C:39,-68,0,178,178,0,0,361,361,0
189859632,NODE_704BCA25B768,child,5,20:50:0D:E7:1C:39,-68,0,178,178,0,0,361,361,0
189959624,NODE_704BCA25B768,child,5,20:50:0D:E7:1C:39,-68,0,178,178,0,0,361,361,0
190059633,NODE_704BCA25B768,child,5,20:50:0D:E7:1C:39,-68,0,178,178,0,0,361,361,0
190159632,NODE_704BCA25B768,child,5,20:50:0D:E7:1C:39,-68,0,178,178,0,0,362,362,0
190259628,NODE_704BCA25B768,child,5,20:50:0D:E7:1C:39,-68,0,179,179,0,0,363,363,0
190359633,NODE_704BCA25B768,child,5,20:50:0D:E7:1C:39,-68,0,179,179,0,0,363,363,0
190459636,NODE_704BCA25B768,child,5,20:50:0D:E7:1C:39,-67,0,179,179,0,0,363,363,0
190559640,NODE_704BCA25B768,child,5,20:50:0D:E7:1C:39,-67,0,179,179,0,0,363,363,0
190659641,NODE_704BCA25B768,child,5,20:50:0D:E7:1C:39,-67,0,179,179,0,0,364,364,0
190759640,NODE_704BCA25B768,child,5,20:50:0D:E7:1C:39,-67,0,179,179,0,0,364,364,0
190859636,NODE_704BCA25B768,child,5,20:50:0D:E7:1C:39,-67,0,179,179,0,0,364,364,0
190959840,NODE_704BCA25B768,child,5,20:50:0D:E7:1C:39,-67,0,179,179,0,0,364,364,0
191059640,NODE_704BCA25B768,child,5,20:50:0D:E7:1C:39,-68,0,179,179,0,0,364,364,0
191159636,NODE_704BCA25B768,child,5,20:50:0D:E7:1C:39,-68,0,179,179,0,0,365,365,0
191259629,NODE_704BCA25B768,child,5,20:50:0D:E7:1C:39,-68,0,180,180,0,0,366,366,0
191359640,NODE_704BCA25B768,child,5,20:50:0D:E7:1C:39,-68,0,180,180,0,0,366,366,0
191459624,NODE_704BCA25B768,child,5,20:50:0D:E7:1C:39,-68,0,180,180,0,0,366,366,0
191559633,NODE_704BCA25B768,child,5,20:50:0D:E7:1C:39,-68,0,180,180,0,0,366,366,0
191659636,NODE_704BCA25B768,child,5,20:50:0D:E7:1C:39,-67,0,180,180,0,0,367,367,0
191759628,NODE_704BCA25B768,child,5,20:50:0D:E7:1C:39,-67,0,180,180,0,0,367,367,0
191859625,NODE_704BCA25B768,child,5,20:50:0D:E7:1C:39,-67,0,180,180,0,0,367,367,0
191959636,NODE_704BCA25B768,child,5,20:50:0D:E7:1C:39,-68,0,180,180,0,0,367,367,0
192059628,NODE_704BCA25B768,child,5,20:50:0D:E7:1C:39,-68,0,180,180,0,0,367,367,0
192159633,NODE_704BCA25B768,child,5,20:50:0D:E7:1C:39,-68,0,180,180,0,0,368,368,0
192259632,NODE_704BCA25B768,child,5,20:50:0D:E7:1C:39,-68,0,181,181,0,0,369,369,0
192359632,NODE_704BCA25B768,child,5,20:50:0D:E7:1C:39,-68,0,181,181,0,0,369,369,0
192459629,NODE_704BCA25B768,child,5,20:50:0D:E7:1C:39,-68,0,181,181,0,0,369,369,0
192559640,NODE_704BCA25B768,child,5,20:50:0D:E7:1C:39,-68,0,181,181,0,0,369,369,0
192659632,NODE_704BCA25B768,child,5,20:50:0D:E7:1C:39,-68,0,181,181,0,0,370,370,0
192759638,NODE_704BCA25B768,child,5,20:50:0D:E7:1C:39,-68,0,181,181,0,0,370,370,0
192859636,NODE_704BCA25B768,child,5,20:50:0D:E7:1C:39,-68,0,181,181,0,0,370,370,0
192959628,NODE_704BCA25B768,child,5,20:50:0D:E7:1C:39,-68,0,181,181,0,0,370,370,0
193059629,NODE_704BCA25B768,child,5,20:50:0D:E7:1C:39,-68,0,181,181,0,0,370,370,0
193159636,NODE_704BCA25B768,child,5,20:50:0D:E7:1C:39,-68,0,181,181,0,0,371,371,0
193259632,NODE_704BCA25B768,child,5,20:50:0D:E7:1C:39,-68,0,182,182,0,0,372,372,0
193359641,NODE_704BCA25B768,child,5,20:50:0D:E7:1C:39,-68,0,182,182,0,0,372,372,0
193459636,NODE_704BCA25B768,child,5,20:50:0D:E7:1C:39,-68,0,182,182,0,0,372,372,0
193559640,NODE_704BCA25B768,child,5,20:50:0D:E7:1C:39,-68,0,182,182,0,0,372,372,0
193659633,NODE_704BCA25B768,child,5,20:50:0D:E7:1C:39,-68,0,182,182,0,0,373,373,0
193759640,NODE_704BCA25B768,child,5,20:50:0D:E7:1C:39,-68,0,182,182,0,0,373,373,0
193859636,NODE_704BCA25B768,child,5,20:50:0D:E7:1C:39,-68,0,182,182,0,0,373,373,0
193959629,NODE_704BCA25B768,child,5,20:50:0D:E7:1C:39,-68,0,182,182,0,0,373,373,0
194059644,NODE_704BCA25B768,child,5,20:50:0D:E7:1C:39,-68,0,182,182,0,0,373,373,0
194159632,NODE_704BCA25B768,child,5,20:50:0D:E7:1C:39,-68,0,182,182,0,0,374,374,0
194259633,NODE_704BCA25B768,child,5,20:50:0D:E7:1C:39,-68,0,183,183,0,0,375,375,0
194359636,NODE_704BCA25B768,child,5,20:50:0D:E7:1C:39,-68,0,183,183,0,0,375,375,0
194459636,NODE_704BCA25B768,child,5,20:50:0D:E7:1C:39,-68,0,183,183,0,0,375,375,0
194559633,NODE_704BCA25B768,child,5,20:50:0D:E7:1C:39,-68,0,183,183,0,0,375,375,0
194659632,NODE_704BCA25B768,child,5,20:50:0D:E7:1C:39,-68,0,183,183,0,0,376,376,0
194759640,NODE_704BCA25B768,child,5,20:50:0D:E7:1C:39,-68,0,183,183,0,0,376,376,0
194859625,NODE_704BCA25B768,child,5,20:50:0D:E7:1C:39,-68,0,183,183,0,0,376,376,0
194959624,NODE_704BCA25B768,child,5,20:50:0D:E7:1C:39,-68,0,183,183,0,0,376,376,0
195059640,NODE_704BCA25B768,child,5,20:50:0D:E7:1C:39,-68,0,183,183,0,0,376,376,0
195159633,NODE_704BCA25B768,child,5,20:50:0D:E7:1C:39,-68,0,183,183,0,0,377,377,0
195259640,NODE_704BCA25B768,child,5,20:50:0D:E7:1C:39,-68,0,184,184,0,0,378,378,0
195359636,NODE_704BCA25B768,child,5,20:50:0D:E7:1C:39,-68,0,184,184,0,0,378,378,0
195459625,NODE_704BCA25B768,child,5,20:50:0D:E7:1C:39,-68,0,184,184,0,0,378,378,0
195559624,NODE_704BCA25B768,child,5,20:50:0D:E7:1C:39,-68,0,184,184,0,0,378,378,0
195659636,NODE_704BCA25B768,child,5,20:50:0D:E7:1C:39,-68,0,184,184,0,0,379,379,0
195759629,NODE_704BCA25B768,child,5,20:50:0D:E7:1C:39,-68,0,184,184,0,0,379,379,0
195859636,NODE_704BCA25B768,child,5,20:50:0D:E7:1C:39,-68,0,184,184,0,0,379,379,0
195959640,NODE_704BCA25B768,child,5,20:50:0D:E7:1C:39,-67,0,184,184,0,0,379,379,0
196059625,NODE_704BCA25B768,child,5,20:50:0D:E7:1C:39,-67,0,184,184,0,0,379,379,0
196159640,NODE_704BCA25B768,child,5,20:50:0D:E7:1C:39,-67,0,184,184,0,0,380,380,0
196259636,NODE_704BCA25B768,child,5,20:50:0D:E7:1C:39,-68,0,185,185,0,0,381,381,0
196359629,NODE_704BCA25B768,child,5,20:50:0D:E7:1C:39,-68,0,185,185,0,0,381,381,0
196459624,NODE_704BCA25B768,child,5,20:50:0D:E7:1C:39,-68,0,185,185,0,0,381,381,0
196559644,NODE_704BCA25B768,child,5,20:50:0D:E7:1C:39,-69,0,185,185,0,0,381,381,0
196659629,NODE_704BCA25B768,child,5,20:50:0D:E7:1C:39,-69,0,185,185,0,0,382,382,0
196759628,NODE_704BCA25B768,child,5,20:50:0D:E7:1C:39,-69,0,185,185,0,0,382,382,0
196859644,NODE_704BCA25B768,child,5,20:50:0D:E7:1C:39,-68,0,185,185,0,0,382,382,0
196959629,NODE_704BCA25B768,child,5,20:50:0D:E7:1C:39,-68,0,185,185,0,0,382,382,0
197059636,NODE_704BCA25B768,child,5,20:50:0D:E7:1C:39,-68,0,185,185,0,0,382,382,0
197159632,NODE_704BCA25B768,child,5,20:50:0D:E7:1C:39,-68,0,185,185,0,0,383,383,0
197259633,NODE_704BCA25B768,child,5,20:50:0D:E7:1C:39,-68,0,186,186,0,0,384,384,0
197359632,NODE_704BCA25B768,child,5,20:50:0D:E7:1C:39,-68,0,186,186,0,0,384,384,0
197459640,NODE_704BCA25B768,child,5,20:50:0D:E7:1C:39,-68,0,186,186,0,0,384,384,0
197559641,NODE_704BCA25B768,child,5,20:50:0D:E7:1C:39,-68,0,186,186,0,0,384,384,0
197659640,NODE_704BCA25B768,child,5,20:50:0D:E7:1C:39,-68,0,186,186,0,0,385,385,0
197759645,NODE_704BCA25B768,child,5,20:50:0D:E7:1C:39,-68,0,186,186,0,0,385,385,0
197859625,NODE_704BCA25B768,child,5,20:50:0D:E7:1C:39,-68,0,186,186,0,0,385,385,0
197959628,NODE_704BCA25B768,child,5,20:50:0D:E7:1C:39,-68,0,186,186,0,0,385,385,0
198059636,NODE_704BCA25B768,child,5,20:50:0D:E7:1C:39,-68,0,186,186,0,0,385,385,0
198159637,NODE_704BCA25B768,child,5,20:50:0D:E7:1C:39,-68,0,186,186,0,0,386,386,0
198259640,NODE_704BCA25B768,child,5,20:50:0D:E7:1C:39,-68,0,187,187,0,0,387,387,0
198359640,NODE_704BCA25B768,child,5,20:50:0D:E7:1C:39,-68,0,187,187,0,0,387,387,0
198459629,NODE_704BCA25B768,child,5,20:50:0D:E7:1C:39,-68,0,187,187,0,0,387,387,0
198559624,NODE_704BCA25B768,child,5,20:50:0D:E7:1C:39,-68,0,187,187,0,0,387,387,0
198659640,NODE_704BCA25B768,child,5,20:50:0D:E7:1C:39,-68,0,187,187,0,0,388,388,0
198759641,NODE_704BCA25B768,child,5,20:50:0D:E7:1C:39,-68,0,187,187,0,0,388,388,0
198859632,NODE_704BCA25B768,child,5,20:50:0D:E7:1C:39,-68,0,187,187,0,0,388,388,0
198959624,NODE_704BCA25B768,child,5,20:50:0D:E7:1C:39,-68,0,187,187,0,0,388,388,0
199059641,NODE_704BCA25B768,child,5,20:50:0D:E7:1C:39,-69,0,187,187,0,0,388,388,0
199159636,NODE_704BCA25B768,child,5,20:50:0D:E7:1C:39,-69,0,187,187,0,0,389,389,0
199259628,NODE_704BCA25B768,child,5,20:50:0D:E7:1C:39,-69,0,188,188,0,0,390,390,0
199359641,NODE_704BCA25B768,child,5,20:50:0D:E7:1C:39,-68,0,188,188,0,0,390,390,0
199459628,NODE_704BCA25B768,child,5,20:50:0D:E7:1C:39,-68,0,188,188,0,0,390,390,0
199559636,NODE_704BCA25B768,child,5,20:50:0D:E7:1C:39,-68,0,188,188,0,0,390,390,0
199659645,NODE_704BCA25B768,child,5,20:50:0D:E7:1C:39,-68,0,188,188,0,0,391,391,0
199759628,NODE_704BCA25B768,child,5,20:50:0D:E7:1C:39,-68,0,188,188,0,0,391,391,0
199859640,NODE_704BCA25B768,child,5,20:50:0D:E7:1C:39,-68,0,188,188,0,0,391,391,0
199959641,NODE_704BCA25B768,child,5,20:50:0D:E7:1C:39,-68,0,188,188,0,0,391,391,0
200059636,NODE_704BCA25B768,child,5,20:50:0D:E7:1C:39,-68,0,188,188,0,0,391,391,0
200159632,NODE_704BCA25B768,child,5,20:50:0D:E7:1C:39,-68,0,188,188,0,0,392,392,0
200259633,NODE_704BCA25B768,child,5,20:50:0D:E7:1C:39,-69,0,189,189,0,0,393,393,0
200359628,NODE_704BCA25B768,child,5,20:50:0D:E7:1C:39,-69,0,189,189,0,0,393,393,0
200459624,NODE_704BCA25B768,child,5,20:50:0D:E7:1C:39,-69,0,189,189,0,0,393,393,0
200559637,NODE_704BCA25B768,child,5,20:50:0D:E7:1C:39,-68,0,189,189,0,0,393,393,0
200659640,NODE_704BCA25B768,child,5,20:50:0D:E7:1C:39,-68,0,189,189,0,0,394,394,0
200759628,NODE_704BCA25B768,child,5,20:50:0D:E7:1C:39,-68,0,189,189,0,0,394,394,0
200859641,NODE_704BCA25B768,child,5,20:50:0D:E7:1C:39,-68,0,189,189,0,0,394,394,0
200959632,NODE_704BCA25B768,child,5,20:50:0D:E7:1C:39,-68,0,189,189,0,0,394,394,0
201059624,NODE_704BCA25B768,child,5,20:50:0D:E7:1C:39,-68,0,189,189,0,0,394,394,0
201159633,NODE_704BCA25B768,child,5,20:50:0D:E7:1C:39,-68,0,189,189,0,0,395,395,0
201259640,NODE_704BCA25B768,child,5,20:50:0D:E7:1C:39,-68,0,190,190,0,0,396,396,0
201359624,NODE_704BCA25B768,child,5,20:50:0D:E7:1C:39,-68,0,190,190,0,0,396,396,0
201459637,NODE_704BCA25B768,child,5,20:50:0D:E7:1C:39,-68,0,190,190,0,0,396,396,0
201559632,NODE_704BCA25B768,child,5,20:50:0D:E7:1C:39,-68,0,190,190,0,0,396,396,0
201659632,NODE_704BCA25B768,child,5,20:50:0D:E7:1C:39,-68,0,190,190,0,0,397,397,0
201759641,NODE_704BCA25B768,child,5,20:50:0D:E7:1C:39,-69,0,190,190,0,0,397,397,0
201859632,NODE_704BCA25B768,child,5,20:50:0D:E7:1C:39,-69,0,190,190,0,0,397,397,0
201959624,NODE_704BCA25B768,child,5,20:50:0D:E7:1C:39,-69,0,190,190,0,0,397,397,0
202059641,NODE_704BCA25B768,child,5,20:50:0D:E7:1C:39,-67,0,190,190,0,0,397,397,0
202159640,NODE_704BCA25B768,child,5,20:50:0D:E7:1C:39,-67,0,190,190,0,0,398,398,0
202259628,NODE_704BCA25B768,child,5,20:50:0D:E7:1C:39,-67,0,191,191,0,0,398,398,0
202359645,NODE_704BCA25B768,child,5,20:50:0D:E7:1C:39,-68,0,191,191,0,0,399,399,0
202459628,NODE_704BCA25B768,child,5,20:50:0D:E7:1C:39,-68,0,191,191,0,0,399,399,0
202559636,NODE_704BCA25B768,child,5,20:50:0D:E7:1C:39,-68,0,191,191,0,0,399,399,0
202659979,NODE_704BCA25B768,child,5,20:50:0D:E7:1C:39,-68,0,191,191,0,0,400,400,0
202759637,NODE_704BCA25B768,child,5,20:50:0D:E7:1C:39,-68,0,191,191,0,0,400,400,0
202859636,NODE_704BCA25B768,child,5,20:50:0D:E7:1C:39,-68,0,191,191,0,0,400,400,0
202959637,NODE_704BCA25B768,child,5,20:50:0D:E7:1C:39,-68,0,191,191,0,0,400,400,0
203059640,NODE_704BCA25B768,child,5,20:50:0D:E7:1C:39,-69,0,191,191,0,0,400,400,0
203159632,NODE_704BCA25B768,child,5,20:50:0D:E7:1C:39,-69,0,191,191,0,0,401,401,0
203259629,NODE_704BCA25B768,child,5,20:50:0D:E7:1C:39,-69,0,192,192,0,0,402,402,0
203359644,NODE_704BCA25B768,child,5,20:50:0D:E7:1C:39,-69,0,192,192,0,0,402,402,0
203459624,NODE_704BCA25B768,child,5,20:50:0D:E7:1C:39,-69,0,192,192,0,0,402,402,0
203559629,NODE_704BCA25B768,child,5,20:50:0D:E7:1C:39,-69,0,192,192,0,0,402,402,0
203659636,NODE_704BCA25B768,child,5,20:50:0D:E7:1C:39,-69,0,192,192,0,0,403,403,0
203759632,NODE_704BCA25B768,child,5,20:50:0D:E7:1C:39,-69,0,192,192,0,0,403,403,0
203859625,NODE_704BCA25B768,child,5,20:50:0D:E7:1C:39,-69,0,192,192,0,0,403,403,0
203959636,NODE_704BCA25B768,child,5,20:50:0D:E7:1C:39,-70,0,192,192,0,0,403,403,0
204059640,NODE_704BCA25B768,child,5,20:50:0D:E7:1C:39,-70,0,192,192,0,0,403,403,0
204159633,NODE_704BCA25B768,child,5,20:50:0D:E7:1C:39,-70,0,192,192,0,0,404,404,0
204259640,NODE_704BCA25B768,child,5,20:50:0D:E7:1C:39,-69,0,193,193,0,0,405,405,0
204359624,NODE_704BCA25B768,child,5,20:50:0D:E7:1C:39,-69,0,193,193,0,0,405,405,0
204459629,NODE_704BCA25B768,child,5,20:50:0D:E7:1C:39,-69,0,193,193,0,0,405,405,0
204559644,NODE_704BCA25B768,child,5,20:50:0D:E7:1C:39,-69,0,193,193,0,0,405,405,0
204659632,NODE_704BCA25B768,child,5,20:50:0D:E7:1C:39,-69,0,193,193,0,0,406,406,0
204759629,NODE_704BCA25B768,child,5,20:50:0D:E7:1C:39,-69,0,193,193,0,0,406,406,0
204859636,NODE_704BCA25B768,child,5,20:50:0D:E7:1C:39,-68,0,193,193,0,0,406,406,0
204959624,NODE_704BCA25B768,child,5,20:50:0D:E7:1C:39,-68,0,193,193,0,0,406,406,0
205059629,NODE_704BCA25B768,child,5,20:50:0D:E7:1C:39,-68,0,193,193,0,0,406,406,0
205159632,NODE_704BCA25B768,child,5,20:50:0D:E7:1C:39,-67,0,193,193,0,0,407,407,0
205259628,NODE_704BCA25B768,child,5,20:50:0D:E7:1C:39,-67,0,194,194,0,0,408,407,0
205359629,NODE_704BCA25B768,child,5,20:50:0D:E7:1C:39,-67,0,194,194,0,0,408,408,0
205459636,NODE_704BCA25B768,child,5,20:50:0D:E7:1C:39,-68,0,194,194,0,0,408,408,0
205559624,NODE_704BCA25B768,child,5,20:50:0D:E7:1C:39,-68,0,194,194,0,0,408,408,0
205659633,NODE_704BCA25B768,child,5,20:50:0D:E7:1C:39,-68,0,194,194,0,0,409,409,0
205759799,NODE_704BCA25B768,child,5,20:50:0D:E7:1C:39,-68,0,194,194,0,0,409,409,0
205859636,NODE_704BCA25B768,child,5,20:50:0D:E7:1C:39,-68,0,194,194,0,0,409,409,0
205959633,NODE_704BCA25B768,child,5,20:50:0D:E7:1C:39,-68,0,194,194,0,0,409,409,0
206059644,NODE_704BCA25B768,child,5,20:50:0D:E7:1C:39,-68,0,194,194,0,0,409,409,0
206159632,NODE_704BCA25B768,child,5,20:50:0D:E7:1C:39,-68,0,194,194,0,0,410,410,0
206259629,NODE_704BCA25B768,child,5,20:50:0D:E7:1C:39,-68,0,195,195,0,0,410,410,0
206359636,NODE_704BCA25B768,child,5,20:50:0D:E7:1C:39,-68,0,195,195,0,0,411,411,0
206459632,NODE_704BCA25B768,child,5,20:50:0D:E7:1C:39,-68,0,195,195,0,0,411,411,0
206559633,NODE_704BCA25B768,child,5,20:50:0D:E7:1C:39,-68,0,195,195,0,0,411,411,0
206659636,NODE_704BCA25B768,child,5,20:50:0D:E7:1C:39,-68,0,195,195,0,0,412,412,0
206759628,NODE_704BCA25B768,child,5,20:50:0D:E7:1C:39,-68,0,195,195,0,0,412,412,0
206859625,NODE_704BCA25B768,child,5,20:50:0D:E7:1C:39,-68,0,195,195,0,0,412,412,0
206960411,NODE_704BCA25B768,child,5,20:50:0D:E7:1C:39,-68,0,195,195,0,0,412,412,0
207059636,NODE_704BCA25B768,child,5,20:50:0D:E7:1C:39,-68,0,195,195,0,0,412,412,0
207159633,NODE_704BCA25B768,child,5,20:50:0D:E7:1C:39,-68,0,195,195,0,0,413,413,0
207260755,NODE_704BCA25B768,child,5,20:50:0D:E7:1C:39,-68,0,196,196,0,0,414,413,0
207359636,NODE_704BCA25B768,child,5,20:50:0D:E7:1C:39,-68,0,196,196,0,0,414,414,0
207459629,NODE_704BCA25B768,child,5,20:50:0D:E7:1C:39,-68,0,196,196,0,0,414,414,0
207559636,NODE_704BCA25B768,child,5,20:50:0D:E7:1C:39,-68,0,196,196,0,0,414,414,0
207659636,NODE_704BCA25B768,child,5,20:50:0D:E7:1C:39,-68,0,196,196,0,0,415,415,0
207759638,NODE_704BCA25B768,child,5,20:50:0D:E7:1C:39,-68,0,196,196,0,0,415,415,0
207859628,NODE_704BCA25B768,child,5,20:50:0D:E7:1C:39,-68,0,196,196,0,0,415,415,0
207959640,NODE_704BCA25B768,child,5,20:50:0D:E7:1C:39,-69,0,196,196,0,0,415,415,0
208059625,NODE_704BCA25B768,child,5,20:50:0D:E7:1C:39,-69,0,196,196,0,0,415,415,0
208159632,NODE_704BCA25B768,child,5,20:50:0D:E7:1C:39,-69,0,196,196,0,0,416,416,0
208259632,NODE_704BCA25B768,child,5,20:50:0D:E7:1C:39,-68,0,197,197,0,0,417,417,0
208359637,NODE_704BCA25B768,child,5,20:50:0D:E7:1C:39,-68,0,197,197,0,0,417,417,0
208459624,NODE_704BCA25B768,child,5,20:50:0D:E7:1C:39,-68,0,197,197,0,0,417,417,0
208559636,NODE_704BCA25B768,child,5,20:50:0D:E7:1C:39,-67,0,197,197,0,0,417,417,0
208659629,NODE_704BCA25B768,child,5,20:50:0D:E7:1C:39,-67,0,197,197,0,0,418,418,0
208759628,NODE_704BCA25B768,child,5,20:50:0D:E7:1C:39,-67,0,197,197,0,0,418,418,0
208859644,NODE_704BCA25B768,child,5,20:50:0D:E7:1C:39,-68,0,197,197,0,0,418,418,0
208959629,NODE_704BCA25B768,child,5,20:50:0D:E7:1C:39,-68,0,197,197,0,0,418,418,0
209059636,NODE_704BCA25B768,child,5,20:50:0D:E7:1C:39,-68,0,197,197,0,0,418,418,0
209159632,NODE_704BCA25B768,child,5,20:50:0D:E7:1C:39,-68,0,197,197,0,0,419,419,0
209259641,NODE_704BCA25B768,child,5,20:50:0D:E7:1C:39,-68,0,198,198,0,0,420,419,0
209359636,NODE_704BCA25B768,child,5,20:50:0D:E7:1C:39,-68,0,198,198,0,0,420,420,0
209459636,NODE_704BCA25B768,child,5,20:50:0D:E7:1C:39,-69,0,198,198,0,0,420,420,0
209559637,NODE_704BCA25B768,child,5,20:50:0D:E7:1C:39,-69,0,198,198,0,0,420,420,0
209659636,NODE_704BCA25B768,child,5,20:50:0D:E7:1C:39,-69,0,198,198,0,0,421,421,0
209759640,NODE_704BCA25B768,child,5,20:50:0D:E7:1C:39,-68,0,198,198,0,0,421,421,0
209859706,NODE_704BCA25B768,child,5,20:50:0D:E7:1C:39,-68,0,198,198,0,0,421,421,0
209959624,NODE_704BCA25B768,child,5,20:50:0D:E7:1C:39,-68,0,198,198,0,0,421,421,0
210059640,NODE_704BCA25B768,child,5,20:50:0D:E7:1C:39,-68,0,198,198,0,0,421,421,0
210159633,NODE_704BCA25B768,child,5,20:50:0D:E7:1C:39,-68,0,198,198,0,0,422,422,0
210259632,NODE_704BCA25B768,child,5,20:50:0D:E7:1C:39,-68,0,199,199,0,0,423,423,0
210359640,NODE_704BCA25B768,child,5,20:50:0D:E7:1C:39,-69,0,199,199,0,0,423,423,0
210459625,NODE_704BCA25B768,child,5,20:50:0D:E7:1C:39,-69,0,199,199,0,0,423,423,0
210559624,NODE_704BCA25B768,child,5,20:50:0D:E7:1C:39,-69,0,199,199,0,0,423,423,0
210659636,NODE_704BCA25B768,child,5,20:50:0D:E7:1C:39,-69,0,199,199,0,0,424,424,0
210759629,NODE_704BCA25B768,child,5,20:50:0D:E7:1C:39,-69,0,199,199,0,0,424,424,0
210859632,NODE_704BCA25B768,child,5,20:50:0D:E7:1C:39,-69,0,199,199,0,0,424,424,0
210959644,NODE_704BCA25B768,child,5,20:50:0D:E7:1C:39,-68,0,199,199,0,0,424,424,0
211059625,NODE_704BCA25B768,child,5,20:50:0D:E7:1C:39,-68,0,199,199,0,0,424,424,0
211159636,NODE_704BCA25B768,child,5,20:50:0D:E7:1C:39,-68,0,199,199,0,0,425,425,0
211260402,NODE_704BCA25B768,child,5,20:50:0D:E7:1C:39,-69,0,200,200,0,0,426,426,0
211359637,NODE_704BCA25B768,child,5,20:50:0D:E7:1C:39,-69,0,200,200,0,0,426,426,0
211459628,NODE_704BCA25B768,child,5,20:50:0D:E7:1C:39,-69,0,200,200,0,0,426,426,0
211559636,NODE_704BCA25B768,child,5,20:50:0D:E7:1C:39,-69,0,200,200,0,0,426,426,0
211659633,NODE_704BCA25B768,child,5,20:50:0D:E7:1C:39,-68,0,200,200,0,0,427,427,0
211759628,NODE_704BCA25B768,child,5,20:50:0D:E7:1C:39,-68,0,200,200,0,0,427,427,0
211859636,NODE_704BCA25B768,child,5,20:50:0D:E7:1C:39,-68,0,200,200,0,0,427,427,0
211959641,NODE_704BCA25B768,child,5,20:50:0D:E7:1C:39,-68,0,200,200,0,0,427,427,0
212059636,NODE_704BCA25B768,child,5,20:50:0D:E7:1C:39,-68,0,200,200,0,0,427,427,0
212159632,NODE_704BCA25B768,child,5,20:50:0D:E7:1C:39,-68,0,200,200,0,0,428,428,0
212259633,NODE_704BCA25B768,child,5,20:50:0D:E7:1C:39,-68,0,201,201,0,0,429,429,0
212359628,NODE_704BCA25B768,child,5,20:50:0D:E7:1C:39,-68,0,201,201,0,0,429,429,0
212459624,NODE_704BCA25B768,child,5,20:50:0D:E7:1C:39,-68,0,201,201,0,0,429,429,0
212559641,NODE_704BCA25B768,child,5,20:50:0D:E7:1C:39,-68,0,201,201,0,0,429,429,0
212659636,NODE_704BCA25B768,child,5,20:50:0D:E7:1C:39,-68,0,201,201,0,0,430,430,0
212759633,NODE_704BCA25B768,child,5,20:50:0D:E7:1C:39,-68,0,201,201,0,0,430,430,0
212859637,NODE_704BCA25B768,child,5,20:50:0D:E7:1C:39,-68,0,201,201,0,0,430,430,0
212959628,NODE_704BCA25B768,child,5,20:50:0D:E7:1C:39,-68,0,201,201,0,0,430,430,0
213059632,NODE_704BCA25B768,child,5,20:50:0D:E7:1C:39,-68,0,201,201,0,0,430,430,0
213159637,NODE_704BCA25B768,child,5,20:50:0D:E7:1C:39,-68,0,201,201,0,0,431,431,0
213259628,NODE_704BCA25B768,child,5,20:50:0D:E7:1C:39,-68,0,202,202,0,0,432,432,0
213359636,NODE_704BCA25B768,child,5,20:50:0D:E7:1C:39,-68,0,202,202,0,0,432,432,0
213459637,NODE_704BCA25B768,child,5,20:50:0D:E7:1C:39,-68,0,202,202,0,0,432,432,0
213559632,NODE_704BCA25B768,child,5,20:50:0D:E7:1C:39,-68,0,202,202,0,0,432,432,0
213659632,NODE_704BCA25B768,child,5,20:50:0D:E7:1C:39,-68,0,202,202,0,0,433,433,0
213759641,NODE_704BCA25B768,child,5,20:50:0D:E7:1C:39,-68,0,202,202,0,0,433,433,0
213859632,NODE_704BCA25B768,child,5,20:50:0D:E7:1C:39,-68,0,202,202,0,0,433,433,0
213959624,NODE_704BCA25B768,child,5,20:50:0D:E7:1C:39,-68,0,202,202,0,0,433,433,0
214059768,NODE_704BCA25B768,child,5,20:50:0D:E7:1C:39,-68,0,202,202,0,0,433,433,0
214159640,NODE_704BCA25B768,child,5,20:50:0D:E7:1C:39,-68,0,202,202,0,0,434,434,0
214259632,NODE_704BCA25B768,child,5,20:50:0D:E7:1C:39,-68,0,203,203,0,0,435,435,0
214359641,NODE_704BCA25B768,child,5,20:50:0D:E7:1C:39,-68,0,203,203,0,0,435,435,0
214459624,NODE_704BCA25B768,child,5,20:50:0D:E7:1C:39,-68,0,203,203,0,0,435,435,0
214559636,NODE_704BCA25B768,child,5,20:50:0D:E7:1C:39,-68,0,203,203,0,0,435,435,0
214659637,NODE_704BCA25B768,child,5,20:50:0D:E7:1C:39,-68,0,203,203,0,0,436,436,0
214759628,NODE_704BCA25B768,child,5,20:50:0D:E7:1C:39,-68,0,203,203,0,0,436,436,0
214859640,NODE_704BCA25B768,child,5,20:50:0D:E7:1C:39,-68,0,203,203,0,0,436,436,0
214959641,NODE_704BCA25B768,child,5,20:50:0D:E7:1C:39,-68,0,203,203,0,0,436,436,0
215059632,NODE_704BCA25B768,child,5,20:50:0D:E7:1C:39,-68,0,203,203,0,0,436,436,0
215159632,NODE_704BCA25B768,child,5,20:50:0D:E7:1C:39,-68,0,203,203,0,0,437,437,0
215259652,NODE_704BCA25B768,child,5,20:50:0D:E7:1C:39,-68,0,204,204,0,0,437,437,0
215359632,NODE_704BCA25B768,child,5,20:50:0D:E7:1C:39,-68,0,204,204,0,0,438,438,0
215459628,NODE_704BCA25B768,child,5,20:50:0D:E7:1C:39,-68,0,204,204,0,0,438,438,0
215559629,NODE_704BCA25B768,child,5,20:50:0D:E7:1C:39,-68,0,204,204,0,0,438,438,0
215659632,NODE_704BCA25B768,child,5,20:50:0D:E7:1C:39,-68,0,204,204,0,0,439,439,0
215759628,NODE_704BCA25B768,child,5,20:50:0D:E7:1C:39,-68,0,204,204,0,0,439,439,0
215859629,NODE_704BCA25B768,child,5,20:50:0D:E7:1C:39,-68,0,204,204,0,0,439,439,0
215959644,NODE_704BCA25B768,child,5,20:50:0D:E7:1C:39,-67,0,204,204,0,0,439,439,0
216059624,NODE_704BCA25B768,child,5,20:50:0D:E7:1C:39,-67,0,204,204,0,0,439,439,0
216159637,NODE_704BCA25B768,child,5,20:50:0D:E7:1C:39,-67,0,204,204,0,0,440,440,0
216259636,NODE_704BCA25B768,child,5,20:50:0D:E7:1C:39,-69,0,205,205,0,0,441,441,0
216359636,NODE_704BCA25B768,child,5,20:50:0D:E7:1C:39,-69,0,205,205,0,0,441,441,0
216459625,NODE_704BCA25B768,child,5,20:50:0D:E7:1C:39,-69,0,205,205,0,0,441,441,0
216559640,NODE_704BCA25B768,child,5,20:50:0D:E7:1C:39,-68,0,205,205,0,0,441,441,0
216659632,NODE_704BCA25B768,child,5,20:50:0D:E7:1C:39,-68,0,205,205,0,0,442,442,0
216759629,NODE_704BCA25B768,child,5,20:50:0D:E7:1C:39,-68,0,205,205,0,0,442,442,0
216859636,NODE_704BCA25B768,child,5,20:50:0D:E7:1C:39,-68,0,205,205,0,0,442,442,0
216959624,NODE_704BCA25B768,child,5,20:50:0D:E7:1C:39,-68,0,205,205,0,0,442,442,0
217059637,NODE_704BCA25B768,child,5,20:50:0D:E7:1C:39,-68,0,205,205,0,0,442,442,0
217159636,NODE_704BCA25B768,child,5,20:50:0D:E7:1C:39,-68,0,205,205,0,0,443,443,0
217259628,NODE_704BCA25B768,child,5,20:50:0D:E7:1C:39,-68,0,206,206,0,0,444,444,0
217359629,NODE_704BCA25B768,child,5,20:50:0D:E7:1C:39,-68,0,206,206,0,0,444,444,0
217459636,NODE_704BCA25B768,child,5,20:50:0D:E7:1C:39,-68,0,206,206,0,0,444,444,0
217559628,NODE_704BCA25B768,child,5,20:50:0D:E7:1C:39,-68,0,206,206,0,0,444,444,0
217659641,NODE_704BCA25B768,child,5,20:50:0D:E7:1C:39,-68,0,206,206,0,0,445,445,0
217759641,NODE_704BCA25B768,child,5,20:50:0D:E7:1C:39,-68,0,206,206,0,0,445,445,0
217859640,NODE_704BCA25B768,child,5,20:50:0D:E7:1C:39,-68,0,206,206,0,0,445,445,0
217959629,NODE_704BCA25B768,child,5,20:50:0D:E7:1C:39,-68,0,206,206,0,0,445,445,0
218059644,NODE_704BCA25B768,child,5,20:50:0D:E7:1C:39,-68,0,206,206,0,0,445,445,0
218159632,NODE_704BCA25B768,child,5,20:50:0D:E7:1C:39,-68,0,206,206,0,0,446,446,0
218259695,NODE_704BCA25B768,child,5,20:50:0D:E7:1C:39,-68,0,207,207,0,0,447,447,0
218359793,NODE_704BCA25B768,child,5,20:50:0D:E7:1C:39,-68,0,207,207,0,0,447,447,0
218459624,NODE_704BCA25B768,child,5,20:50:0D:E7:1C:39,-68,0,207,207,0,0,447,447,0
218559637,NODE_704BCA25B768,child,5,20:50:0D:E7:1C:39,-68,0,207,207,0,0,447,447,0
218659636,NODE_704BCA25B768,child,5,20:50:0D:E7:1C:39,-68,0,207,207,0,0,448,448,0
218759628,NODE_704BCA25B768,child,5,20:50:0D:E7:1C:39,-68,0,207,207,0,0,448,448,0
218859625,NODE_704BCA25B768,child,5,20:50:0D:E7:1C:39,-68,0,207,207,0,0,448,448,0
218959636,NODE_704BCA25B768,child,5,20:50:0D:E7:1C:39,-68,0,207,207,0,0,448,448,0
219059636,NODE_704BCA25B768,child,5,20:50:0D:E7:1C:39,-68,0,207,207,0,0,448,448,0
219159629,NODE_704BCA25B768,child,5,20:50:0D:E7:1C:39,-68,0,207,207,0,0,449,449,0
219259636,NODE_704BCA25B768,child,5,20:50:0D:E7:1C:39,-68,0,208,208,0,0,449,449,0
219359624,NODE_704BCA25B768,child,5,20:50:0D:E7:1C:39,-68,0,208,208,0,0,450,450,0
219459633,NODE_704BCA25B768,child,5,20:50:0D:E7:1C:39,-68,0,208,208,0,0,450,450,0
219559636,NODE_704BCA25B768,child,5,20:50:0D:E7:1C:39,-68,0,208,208,0,0,450,450,0
219659632,NODE_704BCA25B768,child,5,20:50:0D:E7:1C:39,-68,0,208,208,0,0,451,451,0
219759629,NODE_704BCA25B768,child,5,20:50:0D:E7:1C:39,-68,0,208,208,0,0,451,451,0
219859636,NODE_704BCA25B768,child,5,20:50:0D:E7:1C:39,-68,0,208,208,0,0,451,451,0
219959636,NODE_704BCA25B768,child,5,20:50:0D:E7:1C:39,-68,0,208,208,0,0,451,451,0
220059629,NODE_704BCA25B768,child,5,20:50:0D:E7:1C:39,-68,0,208,208,0,0,451,451,0
220159632,NODE_704BCA25B768,child,5,20:50:0D:E7:1C:39,-68,0,208,208,0,0,452,452,0
220259639,NODE_704BCA25B768,child,5,20:50:0D:E7:1C:39,-68,0,209,209,0,0,452,452,0
220359625,NODE_704BCA25B768,child,5,20:50:0D:E7:1C:39,-68,0,209,209,0,0,453,453,0
220459628,NODE_704BCA25B768,child,5,20:50:0D:E7:1C:39,-68,0,209,209,0,0,453,453,0
220559636,NODE_704BCA25B768,child,5,20:50:0D:E7:1C:39,-69,0,209,209,0,0,453,453,0
220659633,NODE_704BCA25B768,child,5,20:50:0D:E7:1C:39,-69,0,209,209,0,0,454,454,0
220759628,NODE_704BCA25B768,child,5,20:50:0D:E7:1C:39,-69,0,209,209,0,0,454,454,0
220859644,NODE_704BCA25B768,child,5,20:50:0D:E7:1C:39,-68,0,209,209,0,0,454,454,0
220959633,NODE_704BCA25B768,child,5,20:50:0D:E7:1C:39,-68,0,209,209,0,0,454,454,0
221059632,NODE_704BCA25B768,child,5,20:50:0D:E7:1C:39,-68,0,209,209,0,0,454,454,0
221160062,NODE_704BCA25B768,child,5,20:50:0D:E7:1C:39,-69,0,209,209,0,0,454,454,0
221259633,NODE_704BCA25B768,child,5,20:50:0D:E7:1C:39,-69,0,210,210,0,0,455,455,0
221359628,NODE_704BCA25B768,child,5,20:50:0D:E7:1C:39,-69,0,210,210,0,0,456,456,0
221459640,NODE_704BCA25B768,child,5,20:50:0D:E7:1C:39,-68,0,210,210,0,0,456,456,0
221559633,NODE_704BCA25B768,child,5,20:50:0D:E7:1C:39,-68,0,210,210,0,0,456,456,0
221659632,NODE_704BCA25B768,child,5,20:50:0D:E7:1C:39,-68,0,210,210,0,0,457,457,0
221759640,NODE_704BCA25B768,child,5,20:50:0D:E7:1C:39,-69,0,210,210,0,0,457,457,0
221859625,NODE_704BCA25B768,child,5,20:50:0D:E7:1C:39,-69,0,210,210,0,0,457,457,0
221959624,NODE_704BCA25B768,child,5,20:50:0D:E7:1C:39,-69,0,210,210,0,0,457,457,0
222059644,NODE_704BCA25B768,child,5,20:50:0D:E7:1C:39,-68,0,210,210,0,0,457,457,0
222159625,NODE_704BCA25B768,child,5,20:50:0D:E7:1C:39,-68,0,210,210,0,0,457,457,0
222259628,NODE_704BCA25B768,child,5,20:50:0D:E7:1C:39,-68,0,211,211,0,0,459,459,0
222359640,NODE_704BCA25B768,child,5,20:50:0D:E7:1C:39,-68,0,211,211,0,0,459,459,0
222459625,NODE_704BCA25B768,child,5,20:50:0D:E7:1C:39,-68,0,211,211,0,0,459,459,0
222559750,NODE_704BCA25B768,child,5,20:50:0D:E7:1C:39,-68,0,211,211,0,0,459,459,0
222659640,NODE_704BCA25B768,child,5,20:50:0D:E7:1C:39,-69,0,211,211,0,0,460,460,0
222759638,NODE_704BCA25B768,child,5,20:50:0D:E7:1C:39,-69,0,211,211,0,0,460,460,0
222859632,NODE_704BCA25B768,child,5,20:50:0D:E7:1C:39,-69,0,211,211,0,0,460,460,0
222959640,NODE_704BCA25B768,child,5,20:50:0D:E7:1C:39,-68,0,211,211,0,0,460,460,0
223059625,NODE_704BCA25B768,child,5,20:50:0D:E7:1C:39,-68,0,211,211,0,0,460,460,0
223159624,NODE_704BCA25B768,child,5,20:50:0D:E7:1C:39,-68,0,211,211,0,0,460,460,0
223259632,NODE_704BCA25B768,child,5,20:50:0D:E7:1C:39,-69,0,212,212,0,0,462,462,0
223359637,NODE_704BCA25B768,child,5,20:50:0D:E7:1C:39,-69,0,212,212,0,0,462,462,0
223459624,NODE_704BCA25B768,child,5,20:50:0D:E7:1C:39,-69,0,212,212,0,0,462,462,0
223559640,NODE_704BCA25B768,child,5,20:50:0D:E7:1C:39,-68,0,212,212,0,0,462,462,0
223659629,NODE_704BCA25B768,child,5,20:50:0D:E7:1C:39,-68,0,212,212,0,0,463,463,0
223759628,NODE_704BCA25B768,child,5,20:50:0D:E7:1C:39,-68,0,212,212,0,0,463,463,0
223859644,NODE_704BCA25B768,child,5,20:50:0D:E7:1C:39,-68,0,212,212,0,0,463,463,0
223959637,NODE_704BCA25B768,child,5,20:50:0D:E7:1C:39,-68,0,212,212,0,0,463,463,0
224059636,NODE_704BCA25B768,child,5,20:50:0D:E7:1C:39,-68,0,212,212,0,0,463,463,0
224159636,NODE_704BCA25B768,child,5,20:50:0D:E7:1C:39,-68,0,212,212,0,0,463,463,0
224259633,NODE_704BCA25B768,child,5,20:50:0D:E7:1C:39,-68,0,213,213,0,0,465,465,0
224359628,NODE_704BCA25B768,child,5,20:50:0D:E7:1C:39,-68,0,213,213,0,0,465,465,0
224459624,NODE_704BCA25B768,child,5,20:50:0D:E7:1C:39,-68,0,213,213,0,0,465,465,0
224559641,NODE_704BCA25B768,child,5,20:50:0D:E7:1C:39,-68,0,213,213,0,0,465,465,0
224659636,NODE_704BCA25B768,child,5,20:50:0D:E7:1C:39,-68,0,213,213,0,0,466,466,0
224759628,NODE_704BCA25B768,child,5,20:50:0D:E7:1C:39,-68,0,213,213,0,0,466,466,0
224859637,NODE_704BCA25B768,child,5,20:50:0D:E7:1C:39,-69,0,213,213,0,0,466,466,0
224959628,NODE_704BCA25B768,child,5,20:50:0D:E7:1C:39,-69,0,213,213,0,0,466,466,0
225059628,NODE_704BCA25B768,child,5,20:50:0D:E7:1C:39,-69,0,213,213,0,0,466,466,0
225159637,NODE_704BCA25B768,child,5,20:50:0D:E7:1C:39,-68,0,213,213,0,0,466,466,0
225259632,NODE_704BCA25B768,child,5,20:50:0D:E7:1C:39,-68,0,214,214,0,0,468,468,0
225359628,NODE_704BCA25B768,child,5,20:50:0D:E7:1C:39,-68,0,214,214,0,0,468,468,0
225459637,NODE_704BCA25B768,child,5,20:50:0D:E7:1C:39,-69,0,214,214,0,0,468,468,0
225559636,NODE_704BCA25B768,child,5,20:50:0D:E7:1C:39,-69,0,214,214,0,0,468,468,0
225659624,NODE_704BCA25B768,child,5,20:50:0D:E7:1C:39,-69,0,214,214,0,0,469,469,0
225759645,NODE_704BCA25B768,child,5,20:50:0D:E7:1C:39,-69,0,214,214,0,0,469,469,0
225859632,NODE_704BCA25B768,child,5,20:50:0D:E7:1C:39,-69,0,214,214,0,0,469,469,0
225959636,NODE_704BCA25B768,child,5,20:50:0D:E7:1C:39,-69,0,214,214,0,0,469,469,0
226059641,NODE_704BCA25B768,child,5,20:50:0D:E7:1C:39,-69,0,214,214,0,0,469,469,0
226159624,NODE_704BCA25B768,child,5,20:50:0D:E7:1C:39,-69,0,214,214,0,0,469,469,0
226259628,NODE_704BCA25B768,child,5,20:50:0D:E7:1C:39,-69,0,215,215,0,0,470,470,0
226359645,NODE_704BCA25B768,child,5,20:50:0D:E7:1C:39,-68,0,215,215,0,0,471,471,0
226459624,NODE_704BCA25B768,child,5,20:50:0D:E7:1C:39,-68,0,215,215,0,0,471,471,0
226559632,NODE_704BCA25B768,child,5,20:50:0D:E7:1C:39,-68,0,215,215,0,0,471,471,0
226659637,NODE_704BCA25B768,child,5,20:50:0D:E7:1C:39,-68,0,215,215,0,0,472,472,0
226759628,NODE_704BCA25B768,child,5,20:50:0D:E7:1C:39,-68,0,215,215,0,0,472,472,0
226859640,NODE_704BCA25B768,child,5,20:50:0D:E7:1C:39,-68,0,215,215,0,0,472,472,0
226959641,NODE_704BCA25B768,child,5,20:50:0D:E7:1C:39,-68,0,215,215,0,0,472,472,0
227059636,NODE_704BCA25B768,child,5,20:50:0D:E7:1C:39,-68,0,215,215,0,0,472,472,0
227159624,NODE_704BCA25B768,child,5,20:50:0D:E7:1C:39,-68,0,215,215,0,0,472,472,0
227259637,NODE_704BCA25B768,child,5,20:50:0D:E7:1C:39,-69,0,216,216,0,0,473,473,0
227359632,NODE_704BCA25B768,child,5,20:50:0D:E7:1C:39,-69,0,216,216,0,0,474,474,0
227459624,NODE_704BCA25B768,child,5,20:50:0D:E7:1C:39,-69,0,216,216,0,0,474,474,0
227559637,NODE_704BCA25B768,child,5,20:50:0D:E7:1C:39,-69,0,216,216,0,0,474,474,0
227659628,NODE_704BCA25B768,child,5,20:50:0D:E7:1C:39,-69,0,216,216,0,0,475,475,0
227759637,NODE_704BCA25B768,child,5,20:50:0D:E7:1C:39,-69,0,216,216,0,0,475,475,0
227859637,NODE_704BCA25B768,child,5,20:50:0D:E7:1C:39,-69,0,216,216,0,0,475,475,0
227959628,NODE_704BCA25B768,child,5,20:50:0D:E7:1C:39,-69,0,216,216,0,0,475,475,0
228059624,NODE_704BCA25B768,child,5,20:50:0D:E7:1C:39,-69,0,216,216,0,0,475,475,0
228159637,NODE_704BCA25B768,child,5,20:50:0D:E7:1C:39,-69,0,216,216,0,0,475,475,0
228259632,NODE_704BCA25B768,child,5,20:50:0D:E7:1C:39,-69,0,217,217,0,0,476,476,0
228359632,NODE_704BCA25B768,child,5,20:50:0D:E7:1C:39,-69,0,217,217,0,0,477,477,0
228459633,NODE_704BCA25B768,child,5,20:50:0D:E7:1C:39,-69,0,217,217,0,0,477,477,0
228559636,NODE_704BCA25B768,child,5,20:50:0D:E7:1C:39,-68,0,217,217,0,0,477,477,0
228659628,NODE_704BCA25B768,child,5,20:50:0D:E7:1C:39,-68,0,217,217,0,0,478,478,0
228759629,NODE_704BCA25B768,child,5,20:50:0D:E7:1C:39,-68,0,217,217,0,0,478,478,0
228859636,NODE_704BCA25B768,child,5,20:50:0D:E7:1C:39,-68,0,217,217,0,0,478,478,0
228959624,NODE_704BCA25B768,child,5,20:50:0D:E7:1C:39,-68,0,217,217,0,0,478,478,0
229059641,NODE_704BCA25B768,child,5,20:50:0D:E7:1C:39,-68,0,217,217,0,0,478,478,0
229159636,NODE_704BCA25B768,child,5,20:50:0D:E7:1C:39,-68,0,217,217,0,0,478,478,0
229259628,NODE_704BCA25B768,child,5,20:50:0D:E7:1C:39,-68,0,218,218,0,0,479,479,0
229359629,NODE_704BCA25B768,child,5,20:50:0D:E7:1C:39,-68,0,218,218,0,0,480,480,0
229459644,NODE_704BCA25B768,child,5,20:50:0D:E7:1C:39,-68,0,218,218,0,0,480,480,0
229559632,NODE_704BCA25B768,child,5,20:50:0D:E7:1C:39,-68,0,218,218,0,0,480,480,0
229659641,NODE_704BCA25B768,child,5,20:50:0D:E7:1C:39,-68,0,218,218,0,0,481,481,0
229759636,NODE_704BCA25B768,child,5,20:50:0D:E7:1C:39,-69,0,218,218,0,0,481,481,0
229859640,NODE_704BCA25B768,child,5,20:50:0D:E7:1C:39,-69,0,218,218,0,0,481,481,0
229959629,NODE_704BCA25B768,child,5,20:50:0D:E7:1C:39,-69,0,218,218,0,0,481,481,0
230059644,NODE_704BCA25B768,child,5,20:50:0D:E7:1C:39,-68,0,218,218,0,0,481,481,0
230159624,NODE_704BCA25B768,child,5,20:50:0D:E7:1C:39,-68,0,218,218,0,0,481,481,0
230259633,NODE_704BCA25B768,child,5,20:50:0D:E7:1C:39,-68,0,219,219,0,0,482,482,0
230359644,NODE_704BCA25B768,child,5,20:50:0D:E7:1C:39,-68,0,219,219,0,0,483,483,0
230459624,NODE_704BCA25B768,child,5,20:50:0D:E7:1C:39,-68,0,219,219,0,0,483,483,0
230559625,NODE_704BCA25B768,child,5,20:50:0D:E7:1C:39,-68,0,219,219,0,0,483,483,0
230659636,NODE_704BCA25B768,child,5,20:50:0D:E7:1C:39,-69,0,219,219,0,0,484,484,0
230759628,NODE_704BCA25B768,child,5,20:50:0D:E7:1C:39,-69,0,219,219,0,0,484,484,0
230859629,NODE_704BCA25B768,child,5,20:50:0D:E7:1C:39,-69,0,219,219,0,0,484,484,0
230959640,NODE_704BCA25B768,child,5,20:50:0D:E7:1C:39,-69,0,219,219,0,0,484,484,0
231059632,NODE_704BCA25B768,child,5,20:50:0D:E7:1C:39,-69,0,219,219,0,0,484,484,0
231159629,NODE_704BCA25B768,child,5,20:50:0D:E7:1C:39,-69,0,219,219,0,0,484,484,0
231259636,NODE_704BCA25B768,child,5,20:50:0D:E7:1C:39,-68,0,220,220,0,0,485,485,0
231359632,NODE_704BCA25B768,child,5,20:50:0D:E7:1C:39,-68,0,220,220,0,0,486,486,0
231459625,NODE_704BCA25B768,child,5,20:50:0D:E7:1C:39,-68,0,220,220,0,0,486,486,0
231559640,NODE_704BCA25B768,child,5,20:50:0D:E7:1C:39,-69,0,220,220,0,0,486,486,0
231659628,NODE_704BCA25B768,child,5,20:50:0D:E7:1C:39,-69,0,220,220,0,0,487,487,0
231759629,NODE_704BCA25B768,child,5,20:50:0D:E7:1C:39,-69,0,220,220,0,0,487,487,0
231859636,NODE_704BCA25B768,child,5,20:50:0D:E7:1C:39,-68,0,220,220,0,0,487,487,0
231959624,NODE_704BCA25B768,child,5,20:50:0D:E7:1C:39,-68,0,220,220,0,0,487,487,0
232059637,NODE_704BCA25B768,child,5,20:50:0D:E7:1C:39,-68,0,220,220,0,0,487,487,0
232159636,NODE_704BCA25B768,child,5,20:50:0D:E7:1C:39,-69,0,220,220,0,0,487,487,0
232259628,NODE_704BCA25B768,child,5,20:50:0D:E7:1C:39,-69,0,221,221,0,0,488,488,0
232359629,NODE_704BCA25B768,child,5,20:50:0D:E7:1C:39,-69,0,221,221,0,0,489,489,0
232459636,NODE_704BCA25B768,child,5,20:50:0D:E7:1C:39,-68,0,221,221,0,0,489,489,0
232559640,NODE_704BCA25B768,child,5,20:50:0D:E7:1C:39,-68,0,221,221,0,0,489,489,0
232659629,NODE_704BCA25B768,child,5,20:50:0D:E7:1C:39,-68,0,221,221,0,0,490,490,0
232759637,NODE_704BCA25B768,child,5,20:50:0D:E7:1C:39,-68,0,221,221,0,0,490,490,0
232859644,NODE_704BCA25B768,child,5,20:50:0D:E7:1C:39,-68,0,221,221,0,0,490,490,0
232959629,NODE_704BCA25B768,child,5,20:50:0D:E7:1C:39,-68,0,221,221,0,0,490,490,0
233059757,NODE_704BCA25B768,child,5,20:50:0D:E7:1C:39,-68,0,221,221,0,0,490,490,0
233159636,NODE_704BCA25B768,child,5,20:50:0D:E7:1C:39,-69,0,221,221,0,0,490,490,0
233259633,NODE_704BCA25B768,child,5,20:50:0D:E7:1C:39,-69,0,222,222,0,0,491,491,0
233359628,NODE_704BCA25B768,child,5,20:50:0D:E7:1C:39,-69,0,222,222,0,0,492,492,0
233459640,NODE_704BCA25B768,child,5,20:50:0D:E7:1C:39,-68,0,222,222,0,0,492,492,0
233559625,NODE_704BCA25B768,child,5,20:50:0D:E7:1C:39,-68,0,222,222,0,0,492,492,0
233659632,NODE_704BCA25B768,child,5,20:50:0D:E7:1C:39,-68,0,222,222,0,0,493,493,0
233759640,NODE_704BCA25B768,child,5,20:50:0D:E7:1C:39,-69,0,222,222,0,0,493,493,0
233859625,NODE_704BCA25B768,child,5,20:50:0D:E7:1C:39,-69,0,222,222,0,0,493,493,0
233959624,NODE_704BCA25B768,child,5,20:50:0D:E7:1C:39,-69,0,222,222,0,0,493,493,0
234059644,NODE_704BCA25B768,child,5,20:50:0D:E7:1C:39,-68,0,222,222,0,0,493,493,0
234159637,NODE_704BCA25B768,child,5,20:50:0D:E7:1C:39,-68,0,222,222,0,0,493,493,0
234259632,NODE_704BCA25B768,child,5,20:50:0D:E7:1C:39,-68,0,223,223,0,0,494,494,0
234359644,NODE_704BCA25B768,child,5,20:50:0D:E7:1C:39,-68,0,223,223,0,0,495,495,0
234459629,NODE_704BCA25B768,child,5,20:50:0D:E7:1C:39,-68,0,223,223,0,0,495,495,0
234559636,NODE_704BCA25B768,child,5,20:50:0D:E7:1C:39,-68,0,223,223,0,0,495,495,0
234659636,NODE_704BCA25B768,child,5,20:50:0D:E7:1C:39,-68,0,223,223,0,0,496,496,0
234759633,NODE_704BCA25B768,child,5,20:50:0D:E7:1C:39,-68,0,223,223,0,0,496,496,0
234859632,NODE_704BCA25B768,child,5,20:50:0D:E7:1C:39,-68,0,223,223,0,0,496,496,0
234959640,NODE_704BCA25B768,child,5,20:50:0D:E7:1C:39,-69,0,223,223,0,0,496,496,0
235059625,NODE_704BCA25B768,child,5,20:50:0D:E7:1C:39,-69,0,223,223,0,0,496,496,0
235159624,NODE_704BCA25B768,child,5,20:50:0D:E7:1C:39,-69,0,223,223,0,0,496,496,0
235259632,NODE_704BCA25B768,child,5,20:50:0D:E7:1C:39,-69,0,224,224,0,0,497,497,0
235359629,NODE_704BCA25B768,child,5,20:50:0D:E7:1C:39,-69,0,224,224,0,0,498,498,0
235459628,NODE_704BCA25B768,child,5,20:50:0D:E7:1C:39,-69,0,224,224,0,0,498,498,0
235559640,NODE_704BCA25B768,child,5,20:50:0D:E7:1C:39,-68,0,224,224,0,0,498,498,0
235659633,NODE_704BCA25B768,child,5,20:50:0D:E7:1C:39,-68,0,224,224,0,0,499,499,0
235759628,NODE_704BCA25B768,child,5,20:50:0D:E7:1C:39,-68,0,224,224,0,0,499,499,0
235859644,NODE_704BCA25B768,child,5,20:50:0D:E7:1C:39,-69,0,224,224,0,0,499,499,0
235959633,NODE_704BCA25B768,child,5,20:50:0D:E7:1C:39,-69,0,224,224,0,0,499,499,0
236059636,NODE_704BCA25B768,child,5,20:50:0D:E7:1C:39,-69,0,224,224,0,0,499,499,0
236159640,NODE_704BCA25B768,child,5,20:50:0D:E7:1C:39,-69,0,224,224,0,0,499,499,0
236259629,NODE_704BCA25B768,child,5,20:50:0D:E7:1C:39,-69,0,225,225,0,0,500,500,0
236359628,NODE_704BCA25B768,child,5,20:50:0D:E7:1C:39,-69,0,225,225,0,0,501,501,0
236459640,NODE_704BCA25B768,child,5,20:50:0D:E7:1C:39,-68,0,225,225,0,0,501,501,0
236559633,NODE_704BCA25B768,child,5,20:50:0D:E7:1C:39,-68,0,225,225,0,0,501,501,0
236659632,NODE_704BCA25B768,child,5,20:50:0D:E7:1C:39,-68,0,225,225,0,0,502,502,0
236759636,NODE_704BCA25B768,child,5,20:50:0D:E7:1C:39,-69,0,225,225,0,0,502,502,0
236859629,NODE_704BCA25B768,child,5,20:50:0D:E7:1C:39,-69,0,225,225,0,0,502,502,0
236959624,NODE_704BCA25B768,child,5,20:50:0D:E7:1C:39,-69,0,225,225,0,0,502,502,0
237059640,NODE_704BCA25B768,child,5,20:50:0D:E7:1C:39,-69,0,225,225,0,0,502,502,0
237159637,NODE_704BCA25B768,child,5,20:50:0D:E7:1C:39,-68,0,225,225,0,0,502,502,0
237259632,NODE_704BCA25B768,child,5,20:50:0D:E7:1C:39,-68,0,226,226,0,0,503,503,0
237359632,NODE_704BCA25B768,child,5,20:50:0D:E7:1C:39,-68,0,226,226,0,0,504,504,0
237459641,NODE_704BCA25B768,child,5,20:50:0D:E7:1C:39,-69,0,226,226,0,0,504,504,0
237559624,NODE_704BCA25B768,child,5,20:50:0D:E7:1C:39,-69,0,226,226,0,0,504,504,0
237659632,NODE_704BCA25B768,child,5,20:50:0D:E7:1C:39,-69,0,226,226,0,0,505,505,0
237759646,NODE_704BCA25B768,child,5,20:50:0D:E7:1C:39,-69,0,226,226,0,0,505,505,0
237859636,NODE_704BCA25B768,child,5,20:50:0D:E7:1C:39,-69,0,226,226,0,0,505,505,0
237959628,NODE_704BCA25B768,child,5,20:50:0D:E7:1C:39,-69,0,226,226,0,0,505,505,0
238059641,NODE_704BCA25B768,child,5,20:50:0D:E7:1C:39,-68,0,226,226,0,0,505,505,0
238159624,NODE_704BCA25B768,child,5,20:50:0D:E7:1C:39,-68,0,226,226,0,0,505,505,0
238259632,NODE_704BCA25B768,child,5,20:50:0D:E7:1C:39,-68,0,227,227,0,0,506,506,0
238359633,NODE_704BCA25B768,child,5,20:50:0D:E7:1C:39,-68,0,227,227,0,0,507,507,0
238459628,NODE_704BCA25B768,child,5,20:50:0D:E7:1C:39,-68,0,227,227,0,0,507,507,0
238559624,NODE_704BCA25B768,child,5,20:50:0D:E7:1C:39,-68,0,227,227,0,0,507,507,0
238659645,NODE_704BCA25B768,child,5,20:50:0D:E7:1C:39,-69,0,227,227,0,0,508,508,0
238759624,NODE_704BCA25B768,child,5,20:50:0D:E7:1C:39,-69,0,227,227,0,0,508,508,0
238859640,NODE_704BCA25B768,child,5,20:50:0D:E7:1C:39,-69,0,227,227,0,0,508,508,0
238959641,NODE_704BCA25B768,child,5,20:50:0D:E7:1C:39,-69,0,227,227,0,0,508,508,0
239059640,NODE_704BCA25B768,child,5,20:50:0D:E7:1C:39,-69,0,227,227,0,0,508,508,0
239159624,NODE_704BCA25B768,child,5,20:50:0D:E7:1C:39,-69,0,227,227,0,0,508,508,0
239259637,NODE_704BCA25B768,child,5,20:50:0D:E7:1C:39,-68,0,228,228,0,0,509,509,0
239359632,NODE_704BCA25B768,child,5,20:50:0D:E7:1C:39,-68,0,228,228,0,0,510,510,0
239459628,NODE_704BCA25B768,child,5,20:50:0D:E7:1C:39,-68,0,228,228,0,0,510,510,0
239559645,NODE_704BCA25B768,child,5,20:50:0D:E7:1C:39,-69,0,228,228,0,0,510,510,0
239659642,NODE_704BCA25B768,child,5,20:50:0D:E7:1C:39,-69,0,228,228,0,0,511,511,0
239759628,NODE_704BCA25B768,child,5,20:50:0D:E7:1C:39,-69,0,228,228,0,0,511,511,0
239859721,NODE_704BCA25B768,child,5,20:50:0D:E7:1C:39,-69,0,228,228,0,0,511,511,0
239959628,NODE_704BCA25B768,child,5,20:50:0D:E7:1C:39,-69,0,228,228,0,0,511,511,0
240059624,NODE_704BCA25B768,child,5,20:50:0D:E7:1C:39,-69,0,228,228,0,0,511,511,0
240159637,NODE_704BCA25B768,child,5,20:50:0D:E7:1C:39,-68,0,228,228,0,0,511,511,0
240259632,NODE_704BCA25B768,child,5,20:50:0D:E7:1C:39,-68,0,229,229,0,0,512,512,0
240359632,NODE_704BCA25B768,child,5,20:50:0D:E7:1C:39,-68,0,229,229,0,0,513,513,0
240459641,NODE_704BCA25B768,child,5,20:50:0D:E7:1C:39,-68,0,229,229,0,0,513,513,0
240559624,NODE_704BCA25B768,child,5,20:50:0D:E7:1C:39,-68,0,229,229,0,0,513,513,0
240659632,NODE_704BCA25B768,child,5,20:50:0D:E7:1C:39,-68,0,229,229,0,0,514,514,0
240759641,NODE_704BCA25B768,child,5,20:50:0D:E7:1C:39,-68,0,229,229,0,0,514,514,0
240860400,NODE_704BCA25B768,child,5,20:50:0D:E7:1C:39,-68,0,229,229,0,0,514,514,0
240959636,NODE_704BCA25B768,child,5,20:50:0D:E7:1C:39,-68,0,229,229,0,0,514,514,0
241059968,NODE_704BCA25B768,child,5,20:50:0D:E7:1C:39,-69,0,229,229,0,0,514,514,0
241159628,NODE_704BCA25B768,child,5,20:50:0D:E7:1C:39,-69,0,229,229,0,0,514,514,0
241259632,NODE_704BCA25B768,child,5,20:50:0D:E7:1C:39,-69,0,230,230,0,0,515,515,0
241359637,NODE_704BCA25B768,child,5,20:50:0D:E7:1C:39,-69,0,230,230,0,0,516,516,0
241459640,NODE_704BCA25B768,child,5,20:50:0D:E7:1C:39,-68,0,230,230,0,0,516,516,0
241559632,NODE_704BCA25B768,child,5,20:50:0D:E7:1C:39,-68,0,230,230,0,0,516,516,0
241659641,NODE_704BCA25B768,child,5,20:50:0D:E7:1C:39,-68,0,230,230,0,0,517,517,0
241759632,NODE_704BCA25B768,child,5,20:50:0D:E7:1C:39,-68,0,230,230,0,0,517,517,0
241859636,NODE_704BCA25B768,child,5,20:50:0D:E7:1C:39,-68,0,230,230,0,0,517,517,0
241959629,NODE_704BCA25B768,child,5,20:50:0D:E7:1C:39,-68,0,230,230,0,0,517,517,0
242059644,NODE_704BCA25B768,child,5,20:50:0D:E7:1C:39,-69,0,230,230,0,0,517,517,0
242159624,NODE_704BCA25B768,child,5,20:50:0D:E7:1C:39,-69,0,230,230,0,0,517,517,0
242259633,NODE_704BCA25B768,child,5,20:50:0D:E7:1C:39,-69,0,231,231,0,0,518,518,0
242359632,NODE_704BCA25B768,child,5,20:50:0D:E7:1C:39,-69,0,231,231,0,0,519,519,0
242459628,NODE_704BCA25B768,child,5,20:50:0D:E7:1C:39,-69,0,231,231,0,0,519,519,0
242559625,NODE_704BCA25B768,child,5,20:50:0D:E7:1C:39,-69,0,231,231,0,0,519,519,0
242659636,NODE_704BCA25B768,child,5,20:50:0D:E7:1C:39,-68,0,231,231,0,0,520,520,0
242759637,NODE_704BCA25B768,child,5,20:50:0D:E7:1C:39,-68,0,231,231,0,0,520,520,0
242859629,NODE_704BCA25B768,child,5,20:50:0D:E7:1C:39,-68,0,231,231,0,0,520,520,0
242959640,NODE_704BCA25B768,child,5,20:50:0D:E7:1C:39,-69,0,231,231,0,0,520,520,0
243059624,NODE_704BCA25B768,child,5,20:50:0D:E7:1C:39,-69,0,231,231,0,0,520,520,0
243159629,NODE_704BCA25B768,child,5,20:50:0D:E7:1C:39,-69,0,231,231,0,0,520,520,0
243259632,NODE_704BCA25B768,child,5,20:50:0D:E7:1C:39,-68,0,232,232,0,0,521,521,0
243359628,NODE_704BCA25B768,child,5,20:50:0D:E7:1C:39,-68,0,232,232,0,0,522,522,0
243459629,NODE_704BCA25B768,child,5,20:50:0D:E7:1C:39,-68,0,232,232,0,0,522,522,0
243559636,NODE_704BCA25B768,child,5,20:50:0D:E7:1C:39,-68,0,232,232,0,0,522,522,0
243659628,NODE_704BCA25B768,child,5,20:50:0D:E7:1C:39,-68,0,232,232,0,0,523,523,0
243759629,NODE_704BCA25B768,child,5,20:50:0D:E7:1C:39,-68,0,232,232,0,0,523,523,0
243859636,NODE_704BCA25B768,child,5,20:50:0D:E7:1C:39,-69,0,232,232,0,0,523,523,0
243959636,NODE_704BCA25B768,child,5,20:50:0D:E7:1C:39,-69,0,232,232,0,0,523,523,0
244059625,NODE_704BCA25B768,child,5,20:50:0D:E7:1C:39,-69,0,232,232,0,0,523,523,0
244159636,NODE_704BCA25B768,child,5,20:50:0D:E7:1C:39,-69,0,232,232,0,0,523,523,0
244259632,NODE_704BCA25B768,child,5,20:50:0D:E7:1C:39,-69,0,233,233,0,0,524,524,0
244359633,NODE_704BCA25B768,child,5,20:50:0D:E7:1C:39,-69,0,233,233,0,0,525,525,0
244459644,NODE_704BCA25B768,child,5,20:50:0D:E7:1C:39,-69,0,233,233,0,0,525,525,0
244559636,NODE_704BCA25B768,child,5,20:50:0D:E7:1C:39,-69,0,233,233,0,0,525,525,0
244659641,NODE_704BCA25B768,child,5,20:50:0D:E7:1C:39,-69,0,233,233,0,0,526,526,0
244759640,NODE_704BCA25B768,child,5,20:50:0D:E7:1C:39,-69,0,233,233,0,0,526,526,0
244859640,NODE_704BCA25B768,child,5,20:50:0D:E7:1C:39,-69,0,233,233,0,0,526,526,0
244959629,NODE_704BCA25B768,child,5,20:50:0D:E7:1C:39,-69,0,233,233,0,0,526,526,0
245059644,NODE_704BCA25B768,child,5,20:50:0D:E7:1C:39,-69,0,233,233,0,0,526,526,0
245159624,NODE_704BCA25B768,child,5,20:50:0D:E7:1C:39,-69,0,233,233,0,0,526,526,0
245259633,NODE_704BCA25B768,child,5,20:50:0D:E7:1C:39,-69,0,234,234,0,0,527,527,0
245360003,NODE_704BCA25B768,child,5,20:50:0D:E7:1C:39,-69,0,234,234,0,0,528,528,0
245459777,NODE_704BCA25B768,child,5,20:50:0D:E7:1C:39,-69,0,234,234,0,0,528,528,0
245559629,NODE_704BCA25B768,child,5,20:50:0D:E7:1C:39,-69,0,234,234,0,0,528,528,0
245659636,NODE_704BCA25B768,child,5,20:50:0D:E7:1C:39,-69,0,234,234,0,0,529,529,0
245759636,NODE_704BCA25B768,child,5,20:50:0D:E7:1C:39,-69,0,234,234,0,0,529,529,0
245859625,NODE_704BCA25B768,child,5,20:50:0D:E7:1C:39,-69,0,234,234,0,0,529,529,0
245959632,NODE_704BCA25B768,child,5,20:50:0D:E7:1C:39,-69,0,234,234,0,0,529,529,0
246059632,NODE_704BCA25B768,child,5,20:50:0D:E7:1C:39,-69,0,234,234,0,0,529,529,0
246159633,NODE_704BCA25B768,child,5,20:50:0D:E7:1C:39,-69,0,234,234,0,0,529,529,0
246259632,NODE_704BCA25B768,child,5,20:50:0D:E7:1C:39,-69,0,235,235,0,0,530,530,0
246359640,NODE_704BCA25B768,child,5,20:50:0D:E7:1C:39,-69,0,235,235,0,0,531,531,0
246459625,NODE_704BCA25B768,child,5,20:50:0D:E7:1C:39,-69,0,235,235,0,0,531,531,0
246559997,NODE_704BCA25B768,child,5,20:50:0D:E7:1C:39,-69,0,235,235,0,0,531,531,0
246659636,NODE_704BCA25B768,child,5,20:50:0D:E7:1C:39,-69,0,235,235,0,0,532,532,0
246759629,NODE_704BCA25B768,child,5,20:50:0D:E7:1C:39,-69,0,235,235,0,0,532,532,0
246859624,NODE_704BCA25B768,child,5,20:50:0D:E7:1C:39,-69,0,235,235,0,0,532,532,0
246959636,NODE_704BCA25B768,child,5,20:50:0D:E7:1C:39,-68,0,235,235,0,0,532,532,0
247059637,NODE_704BCA25B768,child,5,20:50:0D:E7:1C:39,-68,0,235,235,0,0,532,532,0
247159624,NODE_704BCA25B768,child,5,20:50:0D:E7:1C:39,-68,0,235,235,0,0,532,532,0
247259632,NODE_704BCA25B768,child,5,20:50:0D:E7:1C:39,-69,0,236,236,0,0,533,533,0
247359629,NODE_704BCA25B768,child,5,20:50:0D:E7:1C:39,-69,0,236,236,0,0,534,534,0
247459628,NODE_704BCA25B768,child,5,20:50:0D:E7:1C:39,-69,0,236,236,0,0,534,534,0
247559640,NODE_704BCA25B768,child,5,20:50:0D:E7:1C:39,-69,0,236,236,0,0,534,534,0
247659637,NODE_704BCA25B768,child,5,20:50:0D:E7:1C:39,-69,0,236,236,0,0,535,535,0
247759633,NODE_704BCA25B768,child,5,20:50:0D:E7:1C:39,-69,0,236,236,0,0,535,535,0
247859644,NODE_704BCA25B768,child,5,20:50:0D:E7:1C:39,-69,0,236,236,0,0,535,535,0
247959629,NODE_704BCA25B768,child,5,20:50:0D:E7:1C:39,-69,0,236,236,0,0,535,535,0
248059636,NODE_704BCA25B768,child,5,20:50:0D:E7:1C:39,-69,0,236,236,0,0,535,535,0
248159640,NODE_704BCA25B768,child,5,20:50:0D:E7:1C:39,-69,0,236,236,0,0,535,535,0
248259633,NODE_704BCA25B768,child,5,20:50:0D:E7:1C:39,-69,0,237,237,0,0,536,536,0
248359628,NODE_704BCA25B768,child,5,20:50:0D:E7:1C:39,-69,0,237,237,0,0,537,537,0
248459640,NODE_704BCA25B768,child,5,20:50:0D:E7:1C:39,-69,0,237,237,0,0,537,537,0
248559625,NODE_704BCA25B768,child,5,20:50:0D:E7:1C:39,-69,0,237,237,0,0,537,537,0
248659632,NODE_704BCA25B768,child,5,20:50:0D:E7:1C:39,-69,0,237,237,0,0,538,538,0
248759640,NODE_704BCA25B768,child,5,20:50:0D:E7:1C:39,-69,0,237,237,0,0,538,538,0
248859625,NODE_704BCA25B768,child,5,20:50:0D:E7:1C:39,-69,0,237,237,0,0,538,538,0
248959636,NODE_704BCA25B768,child,5,20:50:0D:E7:1C:39,-69,0,237,237,0,0,538,538,0
249059636,NODE_704BCA25B768,child,5,20:50:0D:E7:1C:39,-68,0,237,237,0,0,538,538,0
249159625,NODE_704BCA25B768,child,5,20:50:0D:E7:1C:39,-68,0,237,237,0,0,538,538,0
249259632,NODE_704BCA25B768,child,5,20:50:0D:E7:1C:39,-68,0,238,238,0,0,539,539,0
249359636,NODE_704BCA25B768,child,5,20:50:0D:E7:1C:39,-69,0,238,238,0,0,540,540,0
249459629,NODE_704BCA25B768,child,5,20:50:0D:E7:1C:39,-69,0,238,238,0,0,540,540,0
249559636,NODE_704BCA25B768,child,5,20:50:0D:E7:1C:39,-69,0,238,238,0,0,540,540,0
249660400,NODE_704BCA25B768,child,5,20:50:0D:E7:1C:39,-69,0,238,238,0,0,541,541,0
249759641,NODE_704BCA25B768,child,5,20:50:0D:E7:1C:39,-69,0,238,238,0,0,541,541,0
249859624,NODE_704BCA25B768,child,5,20:50:0D:E7:1C:39,-69,0,238,238,0,0,541,541,0
249959636,NODE_704BCA25B768,child,5,20:50:0D:E7:1C:39,-69,0,238,238,0,0,541,541,0
250059633,NODE_704BCA25B768,child,5,20:50:0D:E7:1C:39,-69,0,238,238,0,0,541,541,0
250159624,NODE_704BCA25B768,child,5,20:50:0D:E7:1C:39,-69,0,238,238,0,0,541,541,0
250259632,NODE_704BCA25B768,child,5,20:50:0D:E7:1C:39,-69,0,239,239,0,0,542,542,0
250359633,NODE_704BCA25B768,child,5,20:50:0D:E7:1C:39,-68,0,239,239,0,0,543,543,0
250459628,NODE_704BCA25B768,child,5,20:50:0D:E7:1C:39,-68,0,239,239,0,0,543,543,0
250559628,NODE_704BCA25B768,child,5,20:50:0D:E7:1C:39,-68,0,239,239,0,0,543,543,0
250659645,NODE_704BCA25B768,child,5,20:50:0D:E7:1C:39,-69,0,239,239,0,0,544,544,0
250759624,NODE_704BCA25B768,child,5,20:50:0D:E7:1C:39,-69,0,239,239,0,0,544,544,0
250859640,NODE_704BCA25B768,child,5,20:50:0D:E7:1C:39,-69,0,239,239,0,0,544,544,0
250959645,NODE_704BCA25B768,child,5,20:50:0D:E7:1C:39,-69,0,239,239,0,0,544,544,0
251059632,NODE_704BCA25B768,child,5,20:50:0D:E7:1C:39,-69,0,239,239,0,0,544,544,0
251159632,NODE_704BCA25B768,child,5,20:50:0D:E7:1C:39,-69,0,239,239,0,0,544,544,0
251259633,NODE_704BCA25B768,child,5,20:50:0D:E7:1C:39,-68,0,240,240,0,0,545,545,0
251359632,NODE_704BCA25B768,child,5,20:50:0D:E7:1C:39,-68,0,240,240,0,0,546,546,0
251459628,NODE_704BCA25B768,child,5,20:50:0D:E7:1C:39,-68,0,240,240,0,0,546,546,0
251559641,NODE_704BCA25B768,child,5,20:50:0D:E7:1C:39,-68,0,240,240,0,0,546,546,0
251659628,NODE_704BCA25B768,child,5,20:50:0D:E7:1C:39,-68,0,240,240,0,0,547,547,0
251759628,NODE_704BCA25B768,child,5,20:50:0D:E7:1C:39,-68,0,240,240,0,0,547,547,0
251859637,NODE_704BCA25B768,child,5,20:50:0D:E7:1C:39,-68,0,240,240,0,0,547,547,0
251959624,NODE_704BCA25B768,child,5,20:50:0D:E7:1C:39,-68,0,240,240,0,0,547,547,0
252059636,NODE_704BCA25B768,child,5,20:50:0D:E7:1C:39,-68,0,240,240,0,0,547,547,0
252159637,NODE_704BCA25B768,child,5,20:50:0D:E7:1C:39,-69,0,240,240,0,0,547,547,0
252259632,NODE_704BCA25B768,child,5,20:50:0D:E7:1C:39,-69,0,241,241,0,0,548,548,0
252359628,NODE_704BCA25B768,child,5,20:50:0D:E7:1C:39,-69,0,241,241,0,0,549,549,0
252459664,NODE_704BCA25B768,child,5,20:50:0D:E7:1C:39,-68,0,241,241,0,0,549,549,0
252559632,NODE_704BCA25B768,child,5,20:50:0D:E7:1C:39,-68,0,241,241,0,0,549,549,0
252659632,NODE_704BCA25B768,child,5,20:50:0D:E7:1C:39,-68,0,241,241,0,0,550,550,0
252759646,NODE_704BCA25B768,child,5,20:50:0D:E7:1C:39,-68,0,241,241,0,0,550,550,0
252859624,NODE_704BCA25B768,child,5,20:50:0D:E7:1C:39,-68,0,241,241,0,0,550,550,0
252959632,NODE_704BCA25B768,child,5,20:50:0D:E7:1C:39,-68,0,241,241,0,0,550,550,0
253059637,NODE_704BCA25B768,child,5,20:50:0D:E7:1C:39,-68,0,241,241,0,0,550,550,0
253159624,NODE_704BCA25B768,child,5,20:50:0D:E7:1C:39,-68,0,241,241,0,0,550,550,0
253259632,NODE_704BCA25B768,child,5,20:50:0D:E7:1C:39,-68,0,242,242,0,0,551,551,0
253359633,NODE_704BCA25B768,child,5,20:50:0D:E7:1C:39,-68,0,242,242,0,0,552,552,0
253459628,NODE_704BCA25B768,child,5,20:50:0D:E7:1C:39,-68,0,242,242,0,0,552,552,0
253559640,NODE_704BCA25B768,child,5,20:50:0D:E7:1C:39,-68,0,242,242,0,0,552,552,0
253659733,NODE_704BCA25B768,child,5,20:50:0D:E7:1C:39,-68,0,242,242,0,0,553,553,0
253759624,NODE_704BCA25B768,child,5,20:50:0D:E7:1C:39,-68,0,242,242,0,0,553,553,0
253859640,NODE_704BCA25B768,child,5,20:50:0D:E7:1C:39,-68,0,242,242,0,0,553,553,0
253960411,NODE_704BCA25B768,child,5,20:50:0D:E7:1C:39,-68,0,242,242,0,0,553,553,0
254059640,NODE_704BCA25B768,child,5,20:50:0D:E7:1C:39,-68,0,242,242,0,0,553,553,0
254159632,NODE_704BCA25B768,child,5,20:50:0D:E7:1C:39,-68,0,242,242,0,0,553,553,0
254259629,NODE_704BCA25B768,child,5,20:50:0D:E7:1C:39,-68,0,243,243,0,0,554,554,0
254359628,NODE_704BCA25B768,child,5,20:50:0D:E7:1C:39,-69,0,243,243,0,0,555,555,0
254459628,NODE_704BCA25B768,child,5,20:50:0D:E7:1C:39,-69,0,243,243,0,0,555,555,0
254559633,NODE_704BCA25B768,child,5,20:50:0D:E7:1C:39,-69,0,243,243,0,0,555,555,0
254659644,NODE_704BCA25B768,child,5,20:50:0D:E7:1C:39,-69,0,243,243,0,0,556,556,0
254759628,NODE_704BCA25B768,child,5,20:50:0D:E7:1C:39,-69,0,243,243,0,0,556,556,0
254859625,NODE_704BCA25B768,child,5,20:50:0D:E7:1C:39,-69,0,243,243,0,0,556,556,0
254959640,NODE_704BCA25B768,child,5,20:50:0D:E7:1C:39,-69,0,243,243,0,0,556,556,0
255059624,NODE_704BCA25B768,child,5,20:50:0D:E7:1C:39,-69,0,243,243,0,0,556,556,0
255159625,NODE_704BCA25B768,child,5,20:50:0D:E7:1C:39,-69,0,243,243,0,0,556,556,0
255259632,NODE_704BCA25B768,child,5,20:50:0D:E7:1C:39,-69,0,244,244,0,0,557,557,0
255359628,NODE_704BCA25B768,child,5,20:50:0D:E7:1C:39,-69,0,244,244,0,0,558,557,0
255459629,NODE_704BCA25B768,child,5,20:50:0D:E7:1C:39,-69,0,244,244,0,0,558,558,0
255559636,NODE_704BCA25B768,child,5,20:50:0D:E7:1C:39,-69,0,244,244,0,0,558,558,0
255659628,NODE_704BCA25B768,child,5,20:50:0D:E7:1C:39,-69,0,244,244,0,0,559,559,0
255759629,NODE_704BCA25B768,child,5,20:50:0D:E7:1C:39,-69,0,244,244,0,0,559,559,0
255859636,NODE_704BCA25B768,child,5,20:50:0D:E7:1C:39,-68,0,244,244,0,0,559,559,0
255959636,NODE_704BCA25B768,child,5,20:50:0D:E7:1C:39,-68,0,244,244,0,0,559,559,0
256059625,NODE_704BCA25B768,child,5,20:50:0D:E7:1C:39,-68,0,244,244,0,0,559,559,0
256159636,NODE_704BCA25B768,child,5,20:50:0D:E7:1C:39,-68,0,244,244,0,0,559,559,0
256260164,NODE_704BCA25B768,child,5,20:50:0D:E7:1C:39,-68,0,245,245,0,0,560,560,0
256359625,NODE_704BCA25B768,child,5,20:50:0D:E7:1C:39,-68,0,245,245,0,0,560,560,0
256459640,NODE_704BCA25B768,child,5,20:50:0D:E7:1C:39,-69,0,245,245,0,0,561,561,0
256559636,NODE_704BCA25B768,child,5,20:50:0D:E7:1C:39,-69,0,245,245,0,0,561,561,0
256659641,NODE_704BCA25B768,child,5,20:50:0D:E7:1C:39,-69,0,245,245,0,0,562,562,0
256759636,NODE_704BCA25B768,child,5,20:50:0D:E7:1C:39,-69,0,245,245,0,0,562,562,0
256859640,NODE_704BCA25B768,child,5,20:50:0D:E7:1C:39,-69,0,245,245,0,0,562,562,0
256959633,NODE_704BCA25B768,child,5,20:50:0D:E7:1C:39,-69,0,245,245,0,0,562,562,0
257059644,NODE_704BCA25B768,child,5,20:50:0D:E7:1C:39,-69,0,245,245,0,0,562,562,0
257159624,NODE_704BCA25B768,child,5,20:50:0D:E7:1C:39,-69,0,245,245,0,0,562,562,0
257259742,NODE_704BCA25B768,child,5,20:50:0D:E7:1C:39,-69,0,246,246,0,0,563,563,0
257359640,NODE_704BCA25B768,child,5,20:50:0D:E7:1C:39,-68,0,246,246,0,0,563,563,0
257459628,NODE_704BCA25B768,child,5,20:50:0D:E7:1C:39,-68,0,246,246,0,0,564,564,0
257559629,NODE_704BCA25B768,child,5,20:50:0D:E7:1C:39,-68,0,246,246,0,0,564,564,0
257659636,NODE_704BCA25B768,child,5,20:50:0D:E7:1C:39,-67,0,246,246,0,0,565,565,0
257759637,NODE_704BCA25B768,child,5,20:50:0D:E7:1C:39,-67,0,246,246,0,0,565,565,0
257859625,NODE_704BCA25B768,child,5,20:50:0D:E7:1C:39,-67,0,246,246,0,0,565,565,0
257959636,NODE_704BCA25B768,child,5,20:50:0D:E7:1C:39,-69,0,246,246,0,0,565,565,0
258059628,NODE_704BCA25B768,child,5,20:50:0D:E7:1C:39,-69,0,246,246,0,0,565,565,0
258159629,NODE_704BCA25B768,child,5,20:50:0D:E7:1C:39,-69,0,246,246,0,0,565,565,0
258260418,NODE_704BCA25B768,child,5,20:50:0D:E7:1C:39,-68,0,247,247,0,0,566,566,0
258359644,NODE_704BCA25B768,child,5,20:50:0D:E7:1C:39,-68,0,247,247,0,0,566,566,0
258459633,NODE_704BCA25B768,child,5,20:50:0D:E7:1C:39,-68,0,247,247,0,0,567,567,0
258559636,NODE_704BCA25B768,child,5,20:50:0D:E7:1C:39,-68,0,247,247,0,0,567,567,0
258659644,NODE_704BCA25B768,child,5,20:50:0D:E7:1C:39,-69,0,247,247,0,0,568,568,0
258759625,NODE_704BCA25B768,child,5,20:50:0D:E7:1C:39,-69,0,247,247,0,0,568,568,0
258859624,NODE_704BCA25B768,child,5,20:50:0D:E7:1C:39,-69,0,247,247,0,0,568,568,0
258959640,NODE_704BCA25B768,child,5,20:50:0D:E7:1C:39,-69,0,247,247,0,0,568,568,0
259059629,NODE_704BCA25B768,child,5,20:50:0D:E7:1C:39,-69,0,247,247,0,0,568,568,0
259159624,NODE_704BCA25B768,child,5,20:50:0D:E7:1C:39,-69,0,247,247,0,0,568,568,0
259259632,NODE_704BCA25B768,child,5,20:50:0D:E7:1C:39,-68,0,248,248,0,0,569,569,0
259359629,NODE_704BCA25B768,child,5,20:50:0D:E7:1C:39,-68,0,248,248,0,0,569,569,0
259459632,NODE_704BCA25B768,child,5,20:50:0D:E7:1C:39,-68,0,248,248,0,0,570,570,0
259559644,NODE_704BCA25B768,child,5,20:50:0D:E7:1C:39,-68,0,248,248,0,0,570,570,0
259659637,NODE_704BCA25B768,child,5,20:50:0D:E7:1C:39,-68,0,248,248,0,0,571,571,0
259759628,NODE_704BCA25B768,child,5,20:50:0D:E7:1C:39,-68,0,248,248,0,0,571,571,0
259859644,NODE_704BCA25B768,child,5,20:50:0D:E7:1C:39,-68,0,248,248,0,0,571,571,0
259959629,NODE_704BCA25B768,child,5,20:50:0D:E7:1C:39,-68,0,248,248,0,0,571,571,0
260059632,NODE_704BCA25B768,child,5,20:50:0D:E7:1C:39,-68,0,248,248,0,0,571,571,0
260159636,NODE_704BCA25B768,child,5,20:50:0D:E7:1C:39,-68,0,248,248,0,0,571,571,0
260259633,NODE_704BCA25B768,child,5,20:50:0D:E7:1C:39,-68,0,249,249,0,0,572,572,0
260359632,NODE_704BCA25B768,child,5,20:50:0D:E7:1C:39,-68,0,249,249,0,0,572,572,0
260459636,NODE_704BCA25B768,child,5,20:50:0D:E7:1C:39,-68,0,249,249,0,0,573,573,0
260559645,NODE_704BCA25B768,child,5,20:50:0D:E7:1C:39,-68,0,249,249,0,0,573,573,0
260659636,NODE_704BCA25B768,child,5,20:50:0D:E7:1C:39,-68,0,249,249,0,0,574,574,0
260759640,NODE_704BCA25B768,child,5,20:50:0D:E7:1C:39,-69,0,249,249,0,0,574,574,0
260859637,NODE_704BCA25B768,child,5,20:50:0D:E7:1C:39,-68,0,249,249,0,0,574,574,0
260959732,NODE_704BCA25B768,child,5,20:50:0D:E7:1C:39,-69,0,249,249,0,0,574,574,0
261059640,NODE_704BCA25B768,child,5,20:50:0D:E7:1C:39,-68,0,249,249,0,0,574,574,0
261159745,NODE_704BCA25B768,child,5,20:50:0D:E7:1C:39,-68,0,249,249,0,0,574,574,0
261259640,NODE_704BCA25B768,child,5,20:50:0D:E7:1C:39,-68,0,250,250,0,0,575,575,0
261359632,NODE_704BCA25B768,child,5,20:50:0D:E7:1C:39,-68,0,250,250,0,0,575,575,0
261459629,NODE_704BCA25B768,child,5,20:50:0D:E7:1C:39,-68,0,250,250,0,0,576,576,0
261559632,NODE_704BCA25B768,child,5,20:50:0D:E7:1C:39,-68,0,250,250,0,0,576,576,0
261659640,NODE_704BCA25B768,child,5,20:50:0D:E7:1C:39,-68,0,250,250,0,0,577,577,0
261759633,NODE_704BCA25B768,child,5,20:50:0D:E7:1C:39,-68,0,250,250,0,0,577,577,0
261859628,NODE_704BCA25B768,child,5,20:50:0D:E7:1C:39,-68,0,250,250,0,0,577,577,0
261959632,NODE_704BCA25B768,child,5,20:50:0D:E7:1C:39,-68,0,250,250,0,0,577,577,0
262059803,NODE_704BCA25B768,child,5,20:50:0D:E7:1C:39,-68,0,250,250,0,0,577,577,0
262159797,NODE_704BCA25B768,child,5,20:50:0D:E7:1C:39,-68,0,250,250,0,0,577,577,0
262259632,NODE_704BCA25B768,child,5,20:50:0D:E7:1C:39,-68,0,251,251,0,0,578,578,0
262359625,NODE_704BCA25B768,child,5,20:50:0D:E7:1C:39,-68,0,251,251,0,0,578,578,0
262459628,NODE_704BCA25B768,child,5,20:50:0D:E7:1C:39,-68,0,251,251,0,0,579,579,0
262559632,NODE_704BCA25B768,child,5,20:50:0D:E7:1C:39,-68,0,251,251,0,0,579,579,0
262659641,NODE_704BCA25B768,child,5,20:50:0D:E7:1C:39,-68,0,251,251,0,0,580,580,0
262759637,NODE_704BCA25B768,child,5,20:50:0D:E7:1C:39,-68,0,251,251,0,0,580,580,0
262859640,NODE_704BCA25B768,child,5,20:50:0D:E7:1C:39,-68,0,251,251,0,0,580,580,0
262959633,NODE_704BCA25B768,child,5,20:50:0D:E7:1C:39,-68,0,251,251,0,0,580,580,0
263059636,NODE_704BCA25B768,child,5,20:50:0D:E7:1C:39,-68,0,251,251,0,0,580,580,0
263159624,NODE_704BCA25B768,child,5,20:50:0D:E7:1C:39,-68,0,251,251,0,0,580,580,0
263259634,NODE_704BCA25B768,child,5,20:50:0D:E7:1C:39,-69,0,252,252,0,0,581,581,0
263359636,NODE_704BCA25B768,child,5,20:50:0D:E7:1C:39,-69,0,252,252,0,0,581,581,0
263459636,NODE_704BCA25B768,child,5,20:50:0D:E7:1C:39,-69,0,252,252,0,0,582,582,0
263559633,NODE_704BCA25B768,child,5,20:50:0D:E7:1C:39,-69,0,252,252,0,0,582,582,0
263659632,NODE_704BCA25B768,child,5,20:50:0D:E7:1C:39,-69,0,252,252,0,0,583,583,0
263759628,NODE_704BCA25B768,child,5,20:50:0D:E7:1C:39,-69,0,252,252,0,0,583,583,0
263859633,NODE_704BCA25B768,child,5,20:50:0D:E7:1C:39,-69,0,252,252,0,0,583,583,0
263959636,NODE_704BCA25B768,child,5,20:50:0D:E7:1C:39,-69,0,252,252,0,0,583,583,0
264059624,NODE_704BCA25B768,child,5,20:50:0D:E7:1C:39,-69,0,252,252,0,0,583,583,0
264159637,NODE_704BCA25B768,child,5,20:50:0D:E7:1C:39,-69,0,252,252,0,0,583,583,0
264259632,NODE_704BCA25B768,child,5,20:50:0D:E7:1C:39,-68,0,253,253,0,0,584,584,0
264359624,NODE_704BCA25B768,child,5,20:50:0D:E7:1C:39,-68,0,253,253,0,0,584,584,0
264459629,NODE_704BCA25B768,child,5,20:50:0D:E7:1C:39,-68,0,253,253,0,0,585,585,0
264559636,NODE_704BCA25B768,child,5,20:50:0D:E7:1C:39,-68,0,253,253,0,0,585,585,0
264659640,NODE_704BCA25B768,child,5,20:50:0D:E7:1C:39,-68,0,253,253,0,0,586,586,0
264759629,NODE_704BCA25B768,child,5,20:50:0D:E7:1C:39,-68,0,253,253,0,0,586,586,0
264859636,NODE_704BCA25B768,child,5,20:50:0D:E7:1C:39,-68,0,253,253,0,0,586,586,0
264959636,NODE_704BCA25B768,child,5,20:50:0D:E7:1C:39,-68,0,253,253,0,0,586,586,0
265059629,NODE_704BCA25B768,child,5,20:50:0D:E7:1C:39,-68,0,253,253,0,0,586,586,0
265159624,NODE_704BCA25B768,child,5,20:50:0D:E7:1C:39,-68,0,253,253,0,0,586,586,0
265259632,NODE_704BCA25B768,child,5,20:50:0D:E7:1C:39,-69,0,254,254,0,0,587,587,0
265359633,NODE_704BCA25B768,child,5,20:50:0D:E7:1C:39,-69,0,254,254,0,0,587,587,0
265459624,NODE_704BCA25B768,child,5,20:50:0D:E7:1C:39,-69,0,254,254,0,0,588,588,0
265559632,NODE_704BCA25B768,child,5,20:50:0D:E7:1C:39,-69,0,254,254,0,0,588,588,0
265659637,NODE_704BCA25B768,child,5,20:50:0D:E7:1C:39,-69,0,254,254,0,0,589,589,0
265759624,NODE_704BCA25B768,child,5,20:50:0D:E7:1C:39,-69,0,254,254,0,0,589,589,0
265859644,NODE_704BCA25B768,child,5,20:50:0D:E7:1C:39,-69,0,254,254,0,0,589,589,0
265959633,NODE_704BCA25B768,child,5,20:50:0D:E7:1C:39,-69,0,254,254,0,0,589,589,0
266059632,NODE_704BCA25B768,child,5,20:50:0D:E7:1C:39,-69,0,254,254,0,0,589,589,0
266159628,NODE_704BCA25B768,child,5,20:50:0D:E7:1C:39,-69,0,254,254,0,0,589,589,0
266259645,NODE_704BCA25B768,child,5,20:50:0D:E7:1C:39,-69,0,255,255,0,0,590,590,0
266359624,NODE_704BCA25B768,child,5,20:50:0D:E7:1C:39,-69,0,255,255,0,0,590,590,0
266459636,NODE_704BCA25B768,child,5,20:50:0D:E7:1C:39,-69,0,255,255,0,0,591,591,0
266559633,NODE_704BCA25B768,child,5,20:50:0D:E7:1C:39,-69,0,255,255,0,0,591,591,0
266659636,NODE_704BCA25B768,child,5,20:50:0D:E7:1C:39,-69,0,255,255,0,0,592,592,0
266759624,NODE_704BCA25B768,child,5,20:50:0D:E7:1C:39,-69,0,255,255,0,0,592,592,0
266859625,NODE_704BCA25B768,child,5,20:50:0D:E7:1C:39,-69,0,255,255,0,0,592,592,0
266959636,NODE_704BCA25B768,child,5,20:50:0D:E7:1C:39,-69,0,255,255,0,0,592,592,0
267059632,NODE_704BCA25B768,child,5,20:50:0D:E7:1C:39,-69,0,255,255,0,0,592,592,0
267159909,NODE_704BCA25B768,child,5,20:50:0D:E7:1C:39,-69,0,255,255,0,0,592,592,0
267259628,NODE_704BCA25B768,child,5,20:50:0D:E7:1C:39,-69,0,256,256,0,0,593,593,0
267359640,NODE_704BCA25B768,child,5,20:50:0D:E7:1C:39,-68,0,256,256,0,0,593,593,0
267459629,NODE_704BCA25B768,child,5,20:50:0D:E7:1C:39,-68,0,256,256,0,0,594,594,0
267559632,NODE_704BCA25B768,child,5,20:50:0D:E7:1C:39,-68,0,256,256,0,0,594,594,0
267659640,NODE_704BCA25B768,child,5,20:50:0D:E7:1C:39,-68,0,256,256,0,0,595,595,0
267759634,NODE_704BCA25B768,child,5,20:50:0D:E7:1C:39,-68,0,256,256,0,0,595,595,0
267859624,NODE_704BCA25B768,child,5,20:50:0D:E7:1C:39,-68,0,256,256,0,0,595,595,0
267959636,NODE_704BCA25B768,child,5,20:50:0D:E7:1C:39,-68,0,256,256,0,0,595,595,0
268059637,NODE_704BCA25B768,child,5,20:50:0D:E7:1C:39,-68,0,256,256,0,0,595,595,0
268159628,NODE_704BCA25B768,child,5,20:50:0D:E7:1C:39,-68,0,256,256,0,0,595,595,0
268259628,NODE_704BCA25B768,child,5,20:50:0D:E7:1C:39,-68,0,257,257,0,0,596,596,0
268359645,NODE_704BCA25B768,child,5,20:50:0D:E7:1C:39,-69,0,257,257,0,0,596,596,0
268459632,NODE_704BCA25B768,child,5,20:50:0D:E7:1C:39,-69,0,257,257,0,0,597,597,0
268559628,NODE_704BCA25B768,child,5,20:50:0D:E7:1C:39,-69,0,257,257,0,0,597,597,0
268659637,NODE_704BCA25B768,child,5,20:50:0D:E7:1C:39,-69,0,257,257,0,0,598,598,0
268759624,NODE_704BCA25B768,child,5,20:50:0D:E7:1C:39,-69,0,257,257,0,0,598,598,0
268859636,NODE_704BCA25B768,child,5,20:50:0D:E7:1C:39,-69,0,257,257,0,0,598,598,0
268959641,NODE_704BCA25B768,child,5,20:50:0D:E7:1C:39,-69,0,257,257,0,0,598,598,0
269059628,NODE_704BCA25B768,child,5,20:50:0D:E7:1C:39,-69,0,257,257,0,0,598,598,0
269159632,NODE_704BCA25B768,child,5,20:50:0D:E7:1C:39,-69,0,257,257,0,0,598,598,0
269259629,NODE_704BCA25B768,child,5,20:50:0D:E7:1C:39,-69,0,258,258,0,0,599,599,0
269359640,NODE_704BCA25B768,child,5,20:50:0D:E7:1C:39,-70,0,258,258,0,0,599,599,0
269459706,NODE_704BCA25B768,child,5,20:50:0D:E7:1C:39,-70,0,258,258,0,0,600,600,0
269559637,NODE_704BCA25B768,child,5,20:50:0D:E7:1C:39,-70,0,258,258,0,0,600,600,0
269659636,NODE_704BCA25B768,child,5,20:50:0D:E7:1C:39,-70,0,258,258,0,0,601,601,0
269759624,NODE_704BCA25B768,child,5,20:50:0D:E7:1C:39,-70,0,258,258,0,0,601,601,0
269859629,NODE_704BCA25B768,child,5,20:50:0D:E7:1C:39,-70,0,258,258,0,0,601,601,0
269959636,NODE_704BCA25B768,child,5,20:50:0D:E7:1C:39,-70,0,258,258,0,0,601,601,0
270059632,NODE_704BCA25B768,child,5,20:50:0D:E7:1C:39,-70,0,258,258,0,0,601,601,0
270159625,NODE_704BCA25B768,child,5,20:50:0D:E7:1C:39,-70,0,258,258,0,0,601,601,0
270259629,NODE_704BCA25B768,child,5,20:50:0D:E7:1C:39,-70,0,259,259,0,0,602,602,0
270359640,NODE_704BCA25B768,child,5,20:50:0D:E7:1C:39,-69,0,259,259,0,0,602,602,0
270459629,NODE_704BCA25B768,child,5,20:50:0D:E7:1C:39,-69,0,259,259,0,0,603,603,0
270559628,NODE_704BCA25B768,child,5,20:50:0D:E7:1C:39,-69,0,259,259,0,0,603,603,0
270659632,NODE_704BCA25B768,child,5,20:50:0D:E7:1C:39,-69,0,259,259,0,0,604,604,0
270759629,NODE_704BCA25B768,child,5,20:50:0D:E7:1C:39,-69,0,259,259,0,0,604,604,0
270859624,NODE_704BCA25B768,child,5,20:50:0D:E7:1C:39,-69,0,259,259,0,0,604,604,0
270959636,NODE_704BCA25B768,child,5,20:50:0D:E7:1C:39,-69,0,259,259,0,0,604,604,0
271059629,NODE_704BCA25B768,child,5,20:50:0D:E7:1C:39,-69,0,259,259,0,0,604,604,0
271159624,NODE_704BCA25B768,child,5,20:50:0D:E7:1C:39,-69,0,259,259,0,0,604,604,0
271259628,NODE_704BCA25B768,child,5,20:50:0D:E7:1C:39,-69,0,260,260,0,0,605,605,0
271359629,NODE_704BCA25B768,child,5,20:50:0D:E7:1C:39,-69,0,260,260,0,0,605,605,0
271459640,NODE_704BCA25B768,child,5,20:50:0D:E7:1C:39,-68,0,260,260,0,0,606,606,0
271559632,NODE_704BCA25B768,child,5,20:50:0D:E7:1C:39,-68,0,260,260,0,0,606,606,0
271659637,NODE_704BCA25B768,child,5,20:50:0D:E7:1C:39,-68,0,260,260,0,0,607,607,0
271759628,NODE_704BCA25B768,child,5,20:50:0D:E7:1C:39,-68,0,260,260,0,0,607,607,0
271859636,NODE_704BCA25B768,child,5,20:50:0D:E7:1C:39,-68,0,260,260,0,0,607,607,0
271959629,NODE_704BCA25B768,child,5,20:50:0D:E7:1C:39,-68,0,260,260,0,0,607,607,0
272059640,NODE_704BCA25B768,child,5,20:50:0D:E7:1C:39,-68,0,260,260,0,0,607,607,0
272159624,NODE_704BCA25B768,child,5,20:50:0D:E7:1C:39,-68,0,260,260,0,0,607,607,0
272259625,NODE_704BCA25B768,child,5,20:50:0D:E7:1C:39,-68,0,261,261,0,0,608,608,0
272359636,NODE_704BCA25B768,child,5,20:50:0D:E7:1C:39,-68,0,261,261,0,0,608,608,0
272459632,NODE_704BCA25B768,child,5,20:50:0D:E7:1C:39,-69,0,261,261,0,0,609,609,0
272559629,NODE_704BCA25B768,child,5,20:50:0D:E7:1C:39,-69,0,261,261,0,0,609,609,0
272659628,NODE_704BCA25B768,child,5,20:50:0D:E7:1C:39,-69,0,261,261,0,0,610,610,0
272759637,NODE_704BCA25B768,child,5,20:50:0D:E7:1C:39,-69,0,261,261,0,0,610,610,0
272859625,NODE_704BCA25B768,child,5,20:50:0D:E7:1C:39,-69,0,261,261,0,0,610,610,0
272959628,NODE_704BCA25B768,child,5,20:50:0D:E7:1C:39,-69,0,261,261,0,0,610,610,0
273059628,NODE_704BCA25B768,child,5,20:50:0D:E7:1C:39,-69,0,261,261,0,0,610,610,0
273159629,NODE_704BCA25B768,child,5,20:50:0D:E7:1C:39,-69,0,261,261,0,0,610,610,0
273259636,NODE_704BCA25B768,child,5,20:50:0D:E7:1C:39,-69,0,262,262,0,0,611,611,0
273359632,NODE_704BCA25B768,child,5,20:50:0D:E7:1C:39,-69,0,262,262,0,0,611,611,0
273459637,NODE_704BCA25B768,child,5,20:50:0D:E7:1C:39,-69,0,262,262,0,0,612,612,0
273559628,NODE_704BCA25B768,child,5,20:50:0D:E7:1C:39,-69,0,262,262,0,0,612,612,0
273659632,NODE_704BCA25B768,child,5,20:50:0D:E7:1C:39,-69,0,262,262,0,0,613,613,0
273759745,NODE_704BCA25B768,child,5,20:50:0D:E7:1C:39,-69,0,262,262,0,0,613,613,0
273859628,NODE_704BCA25B768,child,5,20:50:0D:E7:1C:39,-69,0,262,262,0,0,613,613,0
273959636,NODE_704BCA25B768,child,5,20:50:0D:E7:1C:39,-69,0,262,262,0,0,613,613,0
274059633,NODE_704BCA25B768,child,5,20:50:0D:E7:1C:39,-69,0,262,262,0,0,613,613,0
274159632,NODE_704BCA25B768,child,5,20:50:0D:E7:1C:39,-69,0,262,262,0,0,613,613,0
274259628,NODE_704BCA25B768,child,5,20:50:0D:E7:1C:39,-69,0,263,263,0,0,614,614,0
274359629,NODE_704BCA25B768,child,5,20:50:0D:E7:1C:39,-69,0,263,263,0,0,614,614,0
274459636,NODE_704BCA25B768,child,5,20:50:0D:E7:1C:39,-69,0,263,263,0,0,615,615,0
274559636,NODE_704BCA25B768,child,5,20:50:0D:E7:1C:39,-69,0,263,263,0,0,615,615,0
274659633,NODE_704BCA25B768,child,5,20:50:0D:E7:1C:39,-69,0,263,263,0,0,616,616,0
274759628,NODE_704BCA25B768,child,5,20:50:0D:E7:1C:39,-69,0,263,263,0,0,616,616,0
274859636,NODE_704BCA25B768,child,5,20:50:0D:E7:1C:39,-69,0,263,263,0,0,616,616,0
274959629,NODE_704BCA25B768,child,5,20:50:0D:E7:1C:39,-69,0,263,263,0,0,616,616,0
275059700,NODE_704BCA25B768,child,5,20:50:0D:E7:1C:39,-69,0,263,263,0,0,616,616,0
275159640,NODE_704BCA25B768,child,5,20:50:0D:E7:1C:39,-69,0,263,263,0,0,616,616,0
275259629,NODE_704BCA25B768,child,5,20:50:0D:E7:1C:39,-69,0,264,264,0,0,617,617,0
275359628,NODE_704BCA25B768,child,5,20:50:0D:E7:1C:39,-69,0,264,264,0,0,617,617,0
275459632,NODE_704BCA25B768,child,5,20:50:0D:E7:1C:39,-69,0,264,264,0,0,618,618,0
275559641,NODE_704BCA25B768,child,5,20:50:0D:E7:1C:39,-69,0,264,264,0,0,618,618,0
275659628,NODE_704BCA25B768,child,5,20:50:0D:E7:1C:39,-69,0,264,264,0,0,619,619,0
275759636,NODE_704BCA25B768,child,5,20:50:0D:E7:1C:39,-69,0,264,264,0,0,619,619,0
275859625,NODE_704BCA25B768,child,5,20:50:0D:E7:1C:39,-69,0,264,264,0,0,619,619,0
275959628,NODE_704BCA25B768,child,5,20:50:0D:E7:1C:39,-69,0,264,264,0,0,619,619,0
276059624,NODE_704BCA25B768,child,5,20:50:0D:E7:1C:39,-69,0,264,264,0,0,619,619,0
276159629,NODE_704BCA25B768,child,5,20:50:0D:E7:1C:39,-69,0,264,264,0,0,619,619,0
276259628,NODE_704BCA25B768,child,5,20:50:0D:E7:1C:39,-69,0,265,265,0,0,620,620,0
276359636,NODE_704BCA25B768,child,5,20:50:0D:E7:1C:39,-69,0,265,265,0,0,620,620,0
276459641,NODE_704BCA25B768,child,5,20:50:0D:E7:1C:39,-69,0,265,265,0,0,621,621,0
276559640,NODE_704BCA25B768,child,5,20:50:0D:E7:1C:39,-68,0,265,265,0,0,621,621,0
276659628,NODE_704BCA25B768,child,5,20:50:0D:E7:1C:39,-68,0,265,265,0,0,622,622,0
276759633,NODE_704BCA25B768,child,5,20:50:0D:E7:1C:39,-68,0,265,265,0,0,622,622,0
276859624,NODE_704BCA25B768,child,5,20:50:0D:E7:1C:39,-68,0,265,265,0,0,622,622,0
276959628,NODE_704BCA25B768,child,5,20:50:0D:E7:1C:39,-68,0,265,265,0,0,622,622,0
277059633,NODE_704BCA25B768,child,5,20:50:0D:E7:1C:39,-68,0,265,265,0,0,622,622,0
277159628,NODE_704BCA25B768,child,5,20:50:0D:E7:1C:39,-68,0,265,265,0,0,622,622,0
277259633,NODE_704BCA25B768,child,5,20:50:0D:E7:1C:39,-68,0,266,266,0,0,623,623,0
277359629,NODE_704BCA25B768,child,5,20:50:0D:E7:1C:39,-68,0,266,266,0,0,623,623,0
277459632,NODE_704BCA25B768,child,5,20:50:0D:E7:1C:39,-68,0,266,266,0,0,624,624,0
277559640,NODE_704BCA25B768,child,5,20:50:0D:E7:1C:39,-68,0,266,266,0,0,624,624,0
277659637,NODE_704BCA25B768,child,5,20:50:0D:E7:1C:39,-68,0,266,266,0,0,625,625,0
277759633,NODE_704BCA25B768,child,5,20:50:0D:E7:1C:39,-68,0,266,266,0,0,625,625,0
277859636,NODE_704BCA25B768,child,5,20:50:0D:E7:1C:39,-68,0,266,266,0,0,625,625,0
277959629,NODE_704BCA25B768,child,5,20:50:0D:E7:1C:39,-68,0,266,266,0,0,625,625,0
278060408,NODE_704BCA25B768,child,5,20:50:0D:E7:1C:39,-68,0,266,266,0,0,625,625,0
278159640,NODE_704BCA25B768,child,5,20:50:0D:E7:1C:39,-68,0,266,266,0,0,625,625,0
278259625,NODE_704BCA25B768,child,5,20:50:0D:E7:1C:39,-68,0,267,267,0,0,626,626,0
278359636,NODE_704BCA25B768,child,5,20:50:0D:E7:1C:39,-68,0,267,267,0,0,626,626,0
278459640,NODE_704BCA25B768,child,5,20:50:0D:E7:1C:39,-68,0,267,267,0,0,627,627,0
278559637,NODE_704BCA25B768,child,5,20:50:0D:E7:1C:39,-69,0,267,267,0,0,627,627,0
278659632,NODE_704BCA25B768,child,5,20:50:0D:E7:1C:39,-69,0,267,267,0,0,628,628,0
278759628,NODE_704BCA25B768,child,5,20:50:0D:E7:1C:39,-69,0,267,267,0,0,628,628,0
278859625,NODE_704BCA25B768,child,5,20:50:0D:E7:1C:39,-69,0,267,267,0,0,628,628,0
278959636,NODE_704BCA25B768,child,5,20:50:0D:E7:1C:39,-69,0,267,267,0,0,628,628,0
279059624,NODE_704BCA25B768,child,5,20:50:0D:E7:1C:39,-69,0,267,267,0,0,628,628,0
279159629,NODE_704BCA25B768,child,5,20:50:0D:E7:1C:39,-69,0,267,267,0,0,628,628,0
279259632,NODE_704BCA25B768,child,5,20:50:0D:E7:1C:39,-69,0,268,268,0,0,629,629,0
279359632,NODE_704BCA25B768,child,5,20:50:0D:E7:1C:39,-69,0,268,268,0,0,629,629,0
279459641,NODE_704BCA25B768,child,5,20:50:0D:E7:1C:39,-69,0,268,268,0,0,630,630,0
279559636,NODE_704BCA25B768,child,5,20:50:0D:E7:1C:39,-69,0,268,268,0,0,630,630,0
279659636,NODE_704BCA25B768,child,5,20:50:0D:E7:1C:39,-69,0,268,268,0,0,631,631,0
279759629,NODE_704BCA25B768,child,5,20:50:0D:E7:1C:39,-69,0,268,268,0,0,631,631,0
279859628,NODE_704BCA25B768,child,5,20:50:0D:E7:1C:39,-69,0,268,268,0,0,631,631,0
279959632,NODE_704BCA25B768,child,5,20:50:0D:E7:1C:39,-69,0,268,268,0,0,631,631,0
280059633,NODE_704BCA25B768,child,5,20:50:0D:E7:1C:39,-69,0,268,268,0,0,631,631,0
280159628,NODE_704BCA25B768,child,5,20:50:0D:E7:1C:39,-69,0,268,268,0,0,631,631,0
280259632,NODE_704BCA25B768,child,5,20:50:0D:E7:1C:39,-69,0,269,269,0,0,632,632,0
280359629,NODE_704BCA25B768,child,5,20:50:0D:E7:1C:39,-69,0,269,269,0,0,632,632,0
280459628,NODE_704BCA25B768,child,5,20:50:0D:E7:1C:39,-69,0,269,269,0,0,633,633,0
280559636,NODE_704BCA25B768,child,5,20:50:0D:E7:1C:39,-69,0,269,269,0,0,633,633,0
280659645,NODE_704BCA25B768,child,5,20:50:0D:E7:1C:39,-69,0,269,269,0,0,634,634,0
280759632,NODE_704BCA25B768,child,5,20:50:0D:E7:1C:39,-69,0,269,269,0,0,634,634,0
280859636,NODE_704BCA25B768,child,5,20:50:0D:E7:1C:39,-69,0,269,269,0,0,634,634,0
280959629,NODE_704BCA25B768,child,5,20:50:0D:E7:1C:39,-69,0,269,269,0,0,634,634,0
281059624,NODE_704BCA25B768,child,5,20:50:0D:E7:1C:39,-69,0,269,269,0,0,634,634,0
281159636,NODE_704BCA25B768,child,5,20:50:0D:E7:1C:39,-69,0,269,269,0,0,634,634,0
281259629,NODE_704BCA25B768,child,5,20:50:0D:E7:1C:39,-69,0,270,270,0,0,635,635,0
281359636,NODE_704BCA25B768,child,5,20:50:0D:E7:1C:39,-69,0,270,270,0,0,635,635,0
281459628,NODE_704BCA25B768,child,5,20:50:0D:E7:1C:39,-69,0,270,270,0,0,636,636,0
281559641,NODE_704BCA25B768,child,5,20:50:0D:E7:1C:39,-69,0,270,270,0,0,636,636,0
281659644,NODE_704BCA25B768,child,5,20:50:0D:E7:1C:39,-69,0,270,270,0,0,637,637,0
281759624,NODE_704BCA25B768,child,5,20:50:0D:E7:1C:39,-69,0,270,270,0,0,637,637,0
281859629,NODE_704BCA25B768,child,5,20:50:0D:E7:1C:39,-69,0,270,270,0,0,637,637,0
281959628,NODE_704BCA25B768,child,5,20:50:0D:E7:1C:39,-69,0,270,270,0,0,637,637,0
282059636,NODE_704BCA25B768,child,5,20:50:0D:E7:1C:39,-69,0,270,270,0,0,637,637,0
282159625,NODE_704BCA25B768,child,5,20:50:0D:E7:1C:39,-69,0,270,270,0,0,637,637,0
282259632,NODE_704BCA25B768,child,5,20:50:0D:E7:1C:39,-69,0,271,271,0,0,638,638,0
282359628,NODE_704BCA25B768,child,5,20:50:0D:E7:1C:39,-69,0,271,271,0,0,638,638,0
282459783,NODE_704BCA25B768,child,5,20:50:0D:E7:1C:39,-69,0,271,271,0,0,639,639,0
282559628,NODE_704BCA25B768,child,5,20:50:0D:E7:1C:39,-69,0,271,271,0,0,639,639,0
282659636,NODE_704BCA25B768,child,5,20:50:0D:E7:1C:39,-68,0,271,271,0,0,640,640,0
282759638,NODE_704BCA25B768,child,5,20:50:0D:E7:1C:39,-68,0,271,271,0,0,640,640,0
282859624,NODE_704BCA25B768,child,5,20:50:0D:E7:1C:39,-68,0,271,271,0,0,640,640,0
282959628,NODE_704BCA25B768,child,5,20:50:0D:E7:1C:39,-68,0,271,271,0,0,640,640,0
283059625,NODE_704BCA25B768,child,5,20:50:0D:E7:1C:39,-68,0,271,271,0,0,640,640,0
283159628,NODE_704BCA25B768,child,5,20:50:0D:E7:1C:39,-68,0,271,271,0,0,640,640,0
283259632,NODE_704BCA25B768,child,5,20:50:0D:E7:1C:39,-68,0,272,272,0,0,641,641,0
283359637,NODE_704BCA25B768,child,5,20:50:0D:E7:1C:39,-68,0,272,272,0,0,641,641,0
283459632,NODE_704BCA25B768,child,5,20:50:0D:E7:1C:39,-68,0,272,272,0,0,642,642,0
283559632,NODE_704BCA25B768,child,5,20:50:0D:E7:1C:39,-68,0,272,272,0,0,642,642,0
283659641,NODE_704BCA25B768,child,5,20:50:0D:E7:1C:39,-68,0,272,272,0,0,643,643,0
283759636,NODE_704BCA25B768,child,5,20:50:0D:E7:1C:39,-68,0,272,272,0,0,643,643,0
283859635,NODE_704BCA25B768,child,5,20:50:0D:E7:1C:39,-68,0,272,272,0,0,643,643,0
283959633,NODE_704BCA25B768,child,5,20:50:0D:E7:1C:39,-68,0,272,272,0,0,643,643,0
284059624,NODE_704BCA25B768,child,5,20:50:0D:E7:1C:39,-68,0,272,272,0,0,643,643,0
284159636,NODE_704BCA25B768,child,5,20:50:0D:E7:1C:39,-68,0,272,272,0,0,643,643,0
284259630,NODE_704BCA25B768,child,5,20:50:0D:E7:1C:39,-68,0,273,273,0,0,644,644,0
284359640,NODE_704BCA25B768,child,5,20:50:0D:E7:1C:39,-68,0,273,273,0,0,644,644,0
284459628,NODE_704BCA25B768,child,5,20:50:0D:E7:1C:39,-68,0,273,273,0,0,645,645,0
284559637,NODE_704BCA25B768,child,5,20:50:0D:E7:1C:39,-68,0,273,273,0,0,645,645,0
284659632,NODE_704BCA25B768,child,5,20:50:0D:E7:1C:39,-68,0,273,273,0,0,646,646,0
284759640,NODE_704BCA25B768,child,5,20:50:0D:E7:1C:39,-68,0,273,273,0,0,646,646,0
284859625,NODE_704BCA25B768,child,5,20:50:0D:E7:1C:39,-68,0,273,273,0,0,646,646,0
284959632,NODE_704BCA25B768,child,5,20:50:0D:E7:1C:39,-68,0,273,273,0,0,646,646,0
285059628,NODE_704BCA25B768,child,5,20:50:0D:E7:1C:39,-68,0,273,273,0,0,646,646,0
285159629,NODE_704BCA25B768,child,5,20:50:0D:E7:1C:39,-68,0,273,273,0,0,646,646,0
285259628,NODE_704BCA25B768,child,5,20:50:0D:E7:1C:39,-68,0,274,274,0,0,647,647,0
285359632,NODE_704BCA25B768,child,5,20:50:0D:E7:1C:39,-68,0,274,274,0,0,647,647,0
285459633,NODE_704BCA25B768,child,5,20:50:0D:E7:1C:39,-68,0,274,274,0,0,648,648,0
285559636,NODE_704BCA25B768,child,5,20:50:0D:E7:1C:39,-68,0,274,274,0,0,648,648,0
285659632,NODE_704BCA25B768,child,5,20:50:0D:E7:1C:39,-68,0,274,274,0,0,649,649,0
285759645,NODE_704BCA25B768,child,5,20:50:0D:E7:1C:39,-69,0,274,274,0,0,649,649,0
285859624,NODE_704BCA25B768,child,5,20:50:0D:E7:1C:39,-69,0,274,274,0,0,649,649,0
285959628,NODE_704BCA25B768,child,5,20:50:0D:E7:1C:39,-69,0,274,274,0,0,649,649,0
286059625,NODE_704BCA25B768,child,5,20:50:0D:E7:1C:39,-69,0,274,274,0,0,649,649,0
286159624,NODE_704BCA25B768,child,5,20:50:0D:E7:1C:39,-69,0,274,274,0,0,649,649,0
286259624,NODE_704BCA25B768,child,5,20:50:0D:E7:1C:39,-69,0,275,275,0,0,650,650,0
286359641,NODE_704BCA25B768,child,5,20:50:0D:E7:1C:39,-69,0,275,275,0,0,650,650,0
286459624,NODE_704BCA25B768,child,5,20:50:0D:E7:1C:39,-69,0,275,275,0,0,651,651,0
286559628,NODE_704BCA25B768,child,5,20:50:0D:E7:1C:39,-69,0,275,275,0,0,651,651,0
286659637,NODE_704BCA25B768,child,5,20:50:0D:E7:1C:39,-69,0,275,275,0,0,652,652,0
286759640,NODE_704BCA25B768,child,5,20:50:0D:E7:1C:39,-68,0,275,275,0,0,652,652,0
286859624,NODE_704BCA25B768,child,5,20:50:0D:E7:1C:39,-68,0,275,275,0,0,652,652,0
286959637,NODE_704BCA25B768,child,5,20:50:0D:E7:1C:39,-68,0,275,275,0,0,652,652,0
287059632,NODE_704BCA25B768,child,5,20:50:0D:E7:1C:39,-68,0,275,275,0,0,652,652,0
287159636,NODE_704BCA25B768,child,5,20:50:0D:E7:1C:39,-68,0,275,275,0,0,652,652,0
287259629,NODE_704BCA25B768,child,5,20:50:0D:E7:1C:39,-68,0,276,276,0,0,653,653,0
287359636,NODE_704BCA25B768,child,5,20:50:0D:E7:1C:39,-68,0,276,276,0,0,653,653,0
287459628,NODE_704BCA25B768,child,5,20:50:0D:E7:1C:39,-68,0,276,276,0,0,654,654,0
287559629,NODE_704BCA25B768,child,5,20:50:0D:E7:1C:39,-68,0,276,276,0,0,654,654,0
287659640,NODE_704BCA25B768,child,5,20:50:0D:E7:1C:39,-68,0,276,276,0,0,655,655,0
287759816,NODE_704BCA25B768,child,5,20:50:0D:E7:1C:39,-68,0,276,276,0,0,655,655,0
287859629,NODE_704BCA25B768,child,5,20:50:0D:E7:1C:39,-68,0,276,276,0,0,655,655,0
287959628,NODE_704BCA25B768,child,5,20:50:0D:E7:1C:39,-68,0,276,276,0,0,655,655,0
288059624,NODE_704BCA25B768,child,5,20:50:0D:E7:1C:39,-68,0,276,276,0,0,655,655,0
288159633,NODE_704BCA25B768,child,5,20:50:0D:E7:1C:39,-68,0,276,276,0,0,655,655,0
288259632,NODE_704BCA25B768,child,5,20:50:0D:E7:1C:39,-68,0,277,277,0,0,656,656,0
288359636,NODE_704BCA25B768,child,5,20:50:0D:E7:1C:39,-68,0,277,277,0,0,656,656,0
288459633,NODE_704BCA25B768,child,5,20:50:0D:E7:1C:39,-68,0,277,277,0,0,657,657,0
288559628,NODE_704BCA25B768,child,5,20:50:0D:E7:1C:39,-68,0,277,277,0,0,657,657,0
288659632,NODE_704BCA25B768,child,5,20:50:0D:E7:1C:39,-68,0,277,277,0,0,658,658,0
288759629,NODE_704BCA25B768,child,5,20:50:0D:E7:1C:39,-68,0,277,277,0,0,658,658,0
288859636,NODE_704BCA25B768,child,5,20:50:0D:E7:1C:39,-68,0,277,277,0,0,658,658,0
288959632,NODE_704BCA25B768,child,5,20:50:0D:E7:1C:39,-68,0,277,277,0,0,658,658,0
289059633,NODE_704BCA25B768,child,5,20:50:0D:E7:1C:39,-68,0,277,277,0,0,658,658,0
289159624,NODE_704BCA25B768,child,5,20:50:0D:E7:1C:39,-68,0,277,277,0,0,658,658,0
289259624,NODE_704BCA25B768,child,5,20:50:0D:E7:1C:39,-68,0,278,278,0,0,659,659,0
289359629,NODE_704BCA25B768,child,5,20:50:0D:E7:1C:39,-68,0,278,278,0,0,659,659,0
289459632,NODE_704BCA25B768,child,5,20:50:0D:E7:1C:39,-68,0,278,278,0,0,660,660,0
289559636,NODE_704BCA25B768,child,5,20:50:0D:E7:1C:39,-68,0,278,278,0,0,660,660,0
289659637,NODE_704BCA25B768,child,5,20:50:0D:E7:1C:39,-68,0,278,278,0,0,661,661,0
289759628,NODE_704BCA25B768,child,5,20:50:0D:E7:1C:39,-68,0,278,278,0,0,661,661,0
289859640,NODE_704BCA25B768,child,5,20:50:0D:E7:1C:39,-68,0,278,278,0,0,661,661,0
289959637,NODE_704BCA25B768,child,5,20:50:0D:E7:1C:39,-68,0,278,278,0,0,661,661,0
290059624,NODE_704BCA25B768,child,5,20:50:0D:E7:1C:39,-68,0,278,278,0,0,661,661,0
290159636,NODE_704BCA25B768,child,5,20:50:0D:E7:1C:39,-68,0,278,278,0,0,661,661,0
290259629,NODE_704BCA25B768,child,5,20:50:0D:E7:1C:39,-68,0,279,279,0,0,662,662,0
290359628,NODE_704BCA25B768,child,5,20:50:0D:E7:1C:39,-68,0,279,279,0,0,662,662,0
290459632,NODE_704BCA25B768,child,5,20:50:0D:E7:1C:39,-68,0,279,279,0,0,663,663,0
290559637,NODE_704BCA25B768,child,5,20:50:0D:E7:1C:39,-68,0,279,279,0,0,663,663,0
290659628,NODE_704BCA25B768,child,5,20:50:0D:E7:1C:39,-68,0,279,279,0,0,664,664,0
290759798,NODE_704BCA25B768,child,5,20:50:0D:E7:1C:39,-68,0,279,279,0,0,664,664,0
290859637,NODE_704BCA25B768,child,5,20:50:0D:E7:1C:39,-67,0,279,279,0,0,664,664,0
290959632,NODE_704BCA25B768,child,5,20:50:0D:E7:1C:39,-67,0,279,279,0,0,664,664,0
291059624,NODE_704BCA25B768,child,5,20:50:0D:E7:1C:39,-67,0,279,279,0,0,664,664,0
291159625,NODE_704BCA25B768,child,5,20:50:0D:E7:1C:39,-67,0,279,279,0,0,664,664,0
291259633,NODE_704BCA25B768,child,5,20:50:0D:E7:1C:39,-67,0,280,280,0,0,665,665,0
291359628,NODE_704BCA25B768,child,5,20:50:0D:E7:1C:39,-67,0,280,280,0,0,665,665,0
291459637,NODE_704BCA25B768,child,5,20:50:0D:E7:1C:39,-67,0,280,280,0,0,666,666,0
291559632,NODE_704BCA25B768,child,5,20:50:0D:E7:1C:39,-67,0,280,280,0,0,666,666,0
291659636,NODE_704BCA25B768,child,5,20:50:0D:E7:1C:39,-67,0,280,280,0,0,667,667,0
291759633,NODE_704BCA25B768,child,5,20:50:0D:E7:1C:39,-67,0,280,280,0,0,667,667,0
291859632,NODE_704BCA25B768,child,5,20:50:0D:E7:1C:39,-68,0,280,280,0,0,667,667,0
291959636,NODE_704BCA25B768,child,5,20:50:0D:E7:1C:39,-68,0,280,280,0,0,667,667,0
292059633,NODE_704BCA25B768,child,5,20:50:0D:E7:1C:39,-68,0,280,280,0,0,667,667,0
292159624,NODE_704BCA25B768,child,5,20:50:0D:E7:1C:39,-68,0,280,280,0,0,667,667,0
292259624,NODE_704BCA25B768,child,5,20:50:0D:E7:1C:39,-68,0,281,281,0,0,668,668,0
292359629,NODE_704BCA25B768,child,5,20:50:0D:E7:1C:39,-68,0,281,281,0,0,668,668,0
292459628,NODE_704BCA25B768,child,5,20:50:0D:E7:1C:39,-68,0,281,281,0,0,669,669,0
292559640,NODE_704BCA25B768,child,5,20:50:0D:E7:1C:39,-68,0,281,281,0,0,669,669,0
292659637,NODE_704BCA25B768,child,5,20:50:0D:E7:1C:39,-68,0,281,281,0,0,670,670,0
292759637,NODE_704BCA25B768,child,5,20:50:0D:E7:1C:39,-68,0,281,281,0,0,670,670,0
292859628,NODE_704BCA25B768,child,5,20:50:0D:E7:1C:39,-68,0,281,281,0,0,670,670,0
292959641,NODE_704BCA25B768,child,5,20:50:0D:E7:1C:39,-68,0,281,281,0,0,670,670,0
293059624,NODE_704BCA25B768,child,5,20:50:0D:E7:1C:39,-68,0,281,281,0,0,670,670,0
293159636,NODE_704BCA25B768,child,5,20:50:0D:E7:1C:39,-68,0,281,281,0,0,670,670,0
293259625,NODE_704BCA25B768,child,5,20:50:0D:E7:1C:39,-68,0,282,282,0,0,671,671,0
293359640,NODE_704BCA25B768,child,5,20:50:0D:E7:1C:39,-68,0,282,282,0,0,671,671,0
293459636,NODE_704BCA25B768,child,5,20:50:0D:E7:1C:39,-68,0,282,282,0,0,672,672,0
293559633,NODE_704BCA25B768,child,5,20:50:0D:E7:1C:39,-68,0,282,282,0,0,672,672,0
293659640,NODE_704BCA25B768,child,5,20:50:0D:E7:1C:39,-68,0,282,282,0,0,673,673,0
293759624,NODE_704BCA25B768,child,5,20:50:0D:E7:1C:39,-68,0,282,282,0,0,673,673,0
293859625,NODE_704BCA25B768,child,5,20:50:0D:E7:1C:39,-68,0,282,282,0,0,673,673,0
293959640,NODE_704BCA25B768,child,5,20:50:0D:E7:1C:39,-69,0,282,282,0,0,673,673,0
294059624,NODE_704BCA25B768,child,5,20:50:0D:E7:1C:39,-69,0,282,282,0,0,673,673,0
294159637,NODE_704BCA25B768,child,5,20:50:0D:E7:1C:39,-69,0,282,282,0,0,673,673,0
294259632,NODE_704BCA25B768,child,5,20:50:0D:E7:1C:39,-69,0,283,283,0,0,674,674,0
294359628,NODE_704BCA25B768,child,5,20:50:0D:E7:1C:39,-69,0,283,283,0,0,674,674,0
294459629,NODE_704BCA25B768,child,5,20:50:0D:E7:1C:39,-69,0,283,283,0,0,675,675,0
294559640,NODE_704BCA25B768,child,5,20:50:0D:E7:1C:39,-69,0,283,283,0,0,675,675,0
294659628,NODE_704BCA25B768,child,5,20:50:0D:E7:1C:39,-69,0,283,283,0,0,676,676,0
294759629,NODE_704BCA25B768,child,5,20:50:0D:E7:1C:39,-69,0,283,283,0,0,676,676,0
294859628,NODE_704BCA25B768,child,5,20:50:0D:E7:1C:39,-69,0,283,283,0,0,676,676,0
294959672,NODE_704BCA25B768,child,5,20:50:0D:E7:1C:39,-68,0,283,283,0,0,676,676,0
295059633,NODE_704BCA25B768,child,5,20:50:0D:E7:1C:39,-68,0,283,283,0,0,676,676,0
295159624,NODE_704BCA25B768,child,5,20:50:0D:E7:1C:39,-68,0,283,283,0,0,676,676,0
295259628,NODE_704BCA25B768,child,5,20:50:0D:E7:1C:39,-68,0,284,284,0,0,677,677,0
295359625,NODE_704BCA25B768,child,5,20:50:0D:E7:1C:39,-68,0,284,284,0,0,677,677,0
295459628,NODE_704BCA25B768,child,5,20:50:0D:E7:1C:39,-68,0,284,284,0,0,678,678,0
295559636,NODE_704BCA25B768,child,5,20:50:0D:E7:1C:39,-68,0,284,284,0,0,678,678,0
295659641,NODE_704BCA25B768,child,5,20:50:0D:E7:1C:39,-68,0,284,284,0,0,679,679,0
295759632,NODE_704BCA25B768,child,5,20:50:0D:E7:1C:39,-68,0,284,284,0,0,679,679,0
295859624,NODE_704BCA25B768,child,5,20:50:0D:E7:1C:39,-68,0,284,284,0,0,679,679,0
295959645,NODE_704BCA25B768,child,5,20:50:0D:E7:1C:39,-68,0,284,284,0,0,679,679,0
296059624,NODE_704BCA25B768,child,5,20:50:0D:E7:1C:39,-68,0,284,284,0,0,679,679,0
296159640,NODE_704BCA25B768,child,5,20:50:0D:E7:1C:39,-68,0,284,284,0,0,679,679,0
296259629,NODE_704BCA25B768,child,5,20:50:0D:E7:1C:39,-68,0,285,285,0,0,680,680,0
296359636,NODE_704BCA25B768,child,5,20:50:0D:E7:1C:39,-68,0,285,285,0,0,680,680,0
296459628,NODE_704BCA25B768,child,5,20:50:0D:E7:1C:39,-68,0,285,285,0,0,681,681,0
296559637,NODE_704BCA25B768,child,5,20:50:0D:E7:1C:39,-68,0,285,285,0,0,681,681,0
296659632,NODE_704BCA25B768,child,5,20:50:0D:E7:1C:39,-68,0,285,285,0,0,682,682,0
296759632,NODE_704BCA25B768,child,5,20:50:0D:E7:1C:39,-68,0,285,285,0,0,682,682,0
296859625,NODE_704BCA25B768,child,5,20:50:0D:E7:1C:39,-68,0,285,285,0,0,682,682,0
296959628,NODE_704BCA25B768,child,5,20:50:0D:E7:1C:39,-68,0,285,285,0,0,682,682,0
297059640,NODE_704BCA25B768,child,5,20:50:0D:E7:1C:39,-69,0,285,285,0,0,682,682,0
297159625,NODE_704BCA25B768,child,5,20:50:0D:E7:1C:39,-69,0,285,285,0,0,682,682,0
297259628,NODE_704BCA25B768,child,5,20:50:0D:E7:1C:39,-69,0,286,286,0,0,683,683,0
297359628,NODE_704BCA25B768,child,5,20:50:0D:E7:1C:39,-69,0,286,286,0,0,683,683,0
297459629,NODE_704BCA25B768,child,5,20:50:0D:E7:1C:39,-69,0,286,286,0,0,684,684,0
297559628,NODE_704BCA25B768,child,5,20:50:0D:E7:1C:39,-69,0,286,286,0,0,684,684,0
297659632,NODE_704BCA25B768,child,5,20:50:0D:E7:1C:39,-69,0,286,286,0,0,685,685,0
297759638,NODE_704BCA25B768,child,5,20:50:0D:E7:1C:39,-69,0,286,286,0,0,685,685,0
297859624,NODE_704BCA25B768,child,5,20:50:0D:E7:1C:39,-69,0,286,286,0,0,685,685,0
297959636,NODE_704BCA25B768,child,5,20:50:0D:E7:1C:39,-69,0,286,286,0,0,685,685,0
298059637,NODE_704BCA25B768,child,5,20:50:0D:E7:1C:39,-68,0,286,286,0,0,685,685,0
298159628,NODE_704BCA25B768,child,5,20:50:0D:E7:1C:39,-68,0,286,286,0,0,685,685,0
298259629,NODE_704BCA25B768,child,5,20:50:0D:E7:1C:39,-68,0,287,287,0,0,686,686,0
298359629,NODE_704BCA25B768,child,5,20:50:0D:E7:1C:39,-68,0,287,287,0,0,686,686,0
298459628,NODE_704BCA25B768,child,5,20:50:0D:E7:1C:39,-68,0,287,287,0,0,687,687,0
298559632,NODE_704BCA25B768,child,5,20:50:0D:E7:1C:39,-68,0,287,287,0,0,687,687,0
298659641,NODE_704BCA25B768,child,5,20:50:0D:E7:1C:39,-68,0,287,287,0,0,688,688,0
298759624,NODE_704BCA25B768,child,5,20:50:0D:E7:1C:39,-68,0,287,287,0,0,688,688,0
298859624,NODE_704BCA25B768,child,5,20:50:0D:E7:1C:39,-68,0,287,287,0,0,688,688,0
298959641,NODE_704BCA25B768,child,5,20:50:0D:E7:1C:39,-68,0,287,287,0,0,688,688,0
299059636,NODE_704BCA25B768,child,5,20:50:0D:E7:1C:39,-69,0,287,287,0,0,688,688,0
299159725,NODE_704BCA25B768,child,5,20:50:0D:E7:1C:39,-69,0,287,287,0,0,688,688,0
299259625,NODE_704BCA25B768,child,5,20:50:0D:E7:1C:39,-69,0,288,288,0,0,689,689,0
299359632,NODE_704BCA25B768,child,5,20:50:0D:E7:1C:39,-69,0,288,288,0,0,689,689,0
299459632,NODE_704BCA25B768,child,5,20:50:0D:E7:1C:39,-69,0,288,288,0,0,690,690,0
299559637,NODE_704BCA25B768,child,5,20:50:0D:E7:1C:39,-69,0,288,288,0,0,690,690,0
299659640,NODE_704BCA25B768,child,5,20:50:0D:E7:1C:39,-69,0,288,288,0,0,691,691,0
299759628,NODE_704BCA25B768,child,5,20:50:0D:E7:1C:39,-69,0,288,288,0,0,691,691,0
299859625,NODE_704BCA25B768,child,5,20:50:0D:E7:1C:39,-69,0,288,288,0,0,691,691,0
299959624,NODE_704BCA25B768,child,5,20:50:0D:E7:1C:39,-69,0,288,288,0,0,691,691,0
300059640,NODE_704BCA25B768,child,5,20:50:0D:E7:1C:39,-68,0,288,288,0,0,691,691,0
300159629,NODE_704BCA25B768,child,5,20:50:0D:E7:1C:39,-68,0,288,288,0,0,691,691,0
300259632,NODE_704BCA25B768,child,5,20:50:0D:E7:1C:39,-68,0,289,289,0,0,692,692,0
300359632,NODE_704BCA25B768,child,5,20:50:0D:E7:1C:39,-68,0,289,289,0,0,692,692,0
300459625,NODE_704BCA25B768,child,5,20:50:0D:E7:1C:39,-68,0,289,289,0,0,693,693,0
300559628,NODE_704BCA25B768,child,5,20:50:0D:E7:1C:39,-68,0,289,289,0,0,693,693,0
300659636,NODE_704BCA25B768,child,5,20:50:0D:E7:1C:39,-68,0,289,289,0,0,694,694,0
300759637,NODE_704BCA25B768,child,5,20:50:0D:E7:1C:39,-68,0,289,289,0,0,694,694,0
300859624,NODE_704BCA25B768,child,5,20:50:0D:E7:1C:39,-68,0,289,289,0,0,694,694,0
300959636,NODE_704BCA25B768,child,5,20:50:0D:E7:1C:39,-68,0,289,289,0,0,694,694,0
301059629,NODE_704BCA25B768,child,5,20:50:0D:E7:1C:39,-68,0,289,289,0,0,694,694,0
301159636,NODE_704BCA25B768,child,5,20:50:0D:E7:1C:39,-69,0,289,289,0,0,694,694,0
301259628,NODE_704BCA25B768,child,5,20:50:0D:E7:1C:39,-69,0,290,290,0,0,695,695,0
301359637,NODE_704BCA25B768,child,5,20:50:0D:E7:1C:39,-69,0,290,290,0,0,695,695,0
301459628,NODE_704BCA25B768,child,5,20:50:0D:E7:1C:39,-69,0,290,290,0,0,696,696,0
301559636,NODE_704BCA25B768,child,5,20:50:0D:E7:1C:39,-69,0,290,290,0,0,696,696,0
301659637,NODE_704BCA25B768,child,5,20:50:0D:E7:1C:39,-69,0,290,290,0,0,697,697,0
301759636,NODE_704BCA25B768,child,5,20:50:0D:E7:1C:39,-69,0,290,290,0,0,697,697,0
301859628,NODE_704BCA25B768,child,5,20:50:0D:E7:1C:39,-69,0,290,290,0,0,697,697,0
301959633,NODE_704BCA25B768,child,5,20:50:0D:E7:1C:39,-69,0,290,290,0,0,697,697,0
302059632,NODE_704BCA25B768,child,5,20:50:0D:E7:1C:39,-69,0,290,290,0,0,697,697,0
302159644,NODE_704BCA25B768,child,5,20:50:0D:E7:1C:39,-68,0,290,290,0,0,697,697,0
302259637,NODE_704BCA25B768,child,5,20:50:0D:E7:1C:39,-68,0,291,291,0,0,698,698,0
302359624,NODE_704BCA25B768,child,5,20:50:0D:E7:1C:39,-68,0,291,291,0,0,698,698,0
302459632,NODE_704BCA25B768,child,5,20:50:0D:E7:1C:39,-68,0,291,291,0,0,699,699,0
302559629,NODE_704BCA25B768,child,5,20:50:0D:E7:1C:39,-68,0,291,291,0,0,699,699,0
302659640,NODE_704BCA25B768,child,5,20:50:0D:E7:1C:39,-68,0,291,291,0,0,700,700,0
302759637,NODE_704BCA25B768,child,5,20:50:0D:E7:1C:39,-68,0,291,291,0,0,700,700,0
302859625,NODE_704BCA25B768,child,5,20:50:0D:E7:1C:39,-68,0,291,291,0,0,700,700,0
302959628,NODE_704BCA25B768,child,5,20:50:0D:E7:1C:39,-68,0,291,291,0,0,700,700,0
303059624,NODE_704BCA25B768,child,5,20:50:0D:E7:1C:39,-68,0,291,291,0,0,700,700,0
303159637,NODE_704BCA25B768,child,5,20:50:0D:E7:1C:39,-69,0,291,291,0,0,700,700,0
303259624,NODE_704BCA25B768,child,5,20:50:0D:E7:1C:39,-69,0,292,292,0,0,701,701,0
303359632,NODE_704BCA25B768,child,5,20:50:0D:E7:1C:39,-69,0,292,292,0,0,701,701,0
303459629,NODE_704BCA25B768,child,5,20:50:0D:E7:1C:39,-69,0,292,292,0,0,702,702,0
303559655,NODE_704BCA25B768,child,5,20:50:0D:E7:1C:39,-69,0,292,292,0,0,702,702,0
303659636,NODE_704BCA25B768,child,5,20:50:0D:E7:1C:39,-69,0,292,292,0,0,703,703,0
303759834,NODE_704BCA25B768,child,5,20:50:0D:E7:1C:39,-69,0,292,292,0,0,703,703,0
303859624,NODE_704BCA25B768,child,5,20:50:0D:E7:1C:39,-69,0,292,292,0,0,703,703,0
303959636,NODE_704BCA25B768,child,5,20:50:0D:E7:1C:39,-69,0,292,292,0,0,703,703,0
304059625,NODE_704BCA25B768,child,5,20:50:0D:E7:1C:39,-69,0,292,292,0,0,703,703,0
304159636,NODE_704BCA25B768,child,5,20:50:0D:E7:1C:39,-68,0,292,292,0,0,703,703,0
304259632,NODE_704BCA25B768,child,5,20:50:0D:E7:1C:39,-68,0,293,293,0,0,704,704,0
304359633,NODE_704BCA25B768,child,5,20:50:0D:E7:1C:39,-68,0,293,293,0,0,704,704,0
304459632,NODE_704BCA25B768,child,5,20:50:0D:E7:1C:39,-68,0,293,293,0,0,705,705,0
304559636,NODE_704BCA25B768,child,5,20:50:0D:E7:1C:39,-68,0,293,293,0,0,705,705,0
304659637,NODE_704BCA25B768,child,5,20:50:0D:E7:1C:39,-68,0,293,293,0,0,706,706,0
304759636,NODE_704BCA25B768,child,5,20:50:0D:E7:1C:39,-68,0,293,293,0,0,706,706,0
304859624,NODE_704BCA25B768,child,5,20:50:0D:E7:1C:39,-68,0,293,293,0,0,706,706,0
304959637,NODE_704BCA25B768,child,5,20:50:0D:E7:1C:39,-68,0,293,293,0,0,706,706,0
305059628,NODE_704BCA25B768,child,5,20:50:0D:E7:1C:39,-68,0,293,293,0,0,706,706,0
305159640,NODE_704BCA25B768,child,5,20:50:0D:E7:1C:39,-68,0,293,293,0,0,706,706,0
305259634,NODE_704BCA25B768,child,5,20:50:0D:E7:1C:39,-69,0,294,294,0,0,707,707,0
305359628,NODE_704BCA25B768,child,5,20:50:0D:E7:1C:39,-69,0,294,294,0,0,707,707,0
305459636,NODE_704BCA25B768,child,5,20:50:0D:E7:1C:39,-69,0,294,294,0,0,708,708,0
305559625,NODE_704BCA25B768,child,5,20:50:0D:E7:1C:39,-69,0,294,294,0,0,708,708,0
305659632,NODE_704BCA25B768,child,5,20:50:0D:E7:1C:39,-69,0,294,294,0,0,709,709,0
305759640,NODE_704BCA25B768,child,5,20:50:0D:E7:1C:39,-69,0,294,294,0,0,709,709,0
305859629,NODE_704BCA25B768,child,5,20:50:0D:E7:1C:39,-69,0,294,294,0,0,709,709,0
305959628,NODE_704BCA25B768,child,5,20:50:0D:E7:1C:39,-69,0,294,294,0,0,709,709,0
306059624,NODE_704BCA25B768,child,5,20:50:0D:E7:1C:39,-69,0,294,294,0,0,709,709,0
306159629,NODE_704BCA25B768,child,5,20:50:0D:E7:1C:39,-69,0,294,294,0,0,709,709,0
306259632,NODE_704BCA25B768,child,5,20:50:0D:E7:1C:39,-68,0,295,295,0,0,710,710,0
306359636,NODE_704BCA25B768,child,5,20:50:0D:E7:1C:39,-68,0,295,295,0,0,710,710,0
306459629,NODE_704BCA25B768,child,5,20:50:0D:E7:1C:39,-68,0,295,295,0,0,711,711,0
306559628,NODE_704BCA25B768,child,5,20:50:0D:E7:1C:39,-68,0,295,295,0,0,711,711,0
306659628,NODE_704BCA25B768,child,5,20:50:0D:E7:1C:39,-68,0,295,295,0,0,712,712,0
306759629,NODE_704BCA25B768,child,5,20:50:0D:E7:1C:39,-68,0,295,295,0,0,712,712,0
306859636,NODE_704BCA25B768,child,5,20:50:0D:E7:1C:39,-68,0,295,295,0,0,712,712,0
306959628,NODE_704BCA25B768,child,5,20:50:0D:E7:1C:39,-68,0,295,295,0,0,712,712,0
307059633,NODE_704BCA25B768,child,5,20:50:0D:E7:1C:39,-68,0,295,295,0,0,712,712,0
307159624,NODE_704BCA25B768,child,5,20:50:0D:E7:1C:39,-68,0,295,295,0,0,712,712,0
307259632,NODE_704BCA25B768,child,5,20:50:0D:E7:1C:39,-68,0,296,296,0,0,713,713,0
307359633,NODE_704BCA25B768,child,5,20:50:0D:E7:1C:39,-68,0,296,296,0,0,713,713,0
307459628,NODE_704BCA25B768,child,5,20:50:0D:E7:1C:39,-68,0,296,296,0,0,714,714,0
307559636,NODE_704BCA25B768,child,5,20:50:0D:E7:1C:39,-68,0,296,296,0,0,714,714,0
307659637,NODE_704BCA25B768,child,5,20:50:0D:E7:1C:39,-68,0,296,296,0,0,715,715,0
307759625,NODE_704BCA25B768,child,5,20:50:0D:E7:1C:39,-68,0,296,296,0,0,715,715,0
307859632,NODE_704BCA25B768,child,5,20:50:0D:E7:1C:39,-68,0,296,296,0,0,715,715,0
307959637,NODE_704BCA25B768,child,5,20:50:0D:E7:1C:39,-68,0,296,296,0,0,715,715,0
308059628,NODE_704BCA25B768,child,5,20:50:0D:E7:1C:39,-68,0,296,296,0,0,715,715,0
308159640,NODE_704BCA25B768,child,5,20:50:0D:E7:1C:39,-68,0,296,296,0,0,715,715,0
308259637,NODE_704BCA25B768,child,5,20:50:0D:E7:1C:39,-68,0,297,297,0,0,716,716,0
308359628,NODE_704BCA25B768,child,5,20:50:0D:E7:1C:39,-68,0,297,297,0,0,716,716,0
308459636,NODE_704BCA25B768,child,5,20:50:0D:E7:1C:39,-68,0,297,297,0,0,717,717,0
308559629,NODE_704BCA25B768,child,5,20:50:0D:E7:1C:39,-68,0,297,297,0,0,717,717,0
308659632,NODE_704BCA25B768,child,5,20:50:0D:E7:1C:39,-68,0,297,297,0,0,718,718,0
308759632,NODE_704BCA25B768,child,5,20:50:0D:E7:1C:39,-68,0,297,297,0,0,718,718,0
308859629,NODE_704BCA25B768,child,5,20:50:0D:E7:1C:39,-68,0,297,297,0,0,718,718,0
308959632,NODE_704BCA25B768,child,5,20:50:0D:E7:1C:39,-68,0,297,297,0,0,718,718,0
309059624,NODE_704BCA25B768,child,5,20:50:0D:E7:1C:39,-68,0,297,297,0,0,718,718,0
309159625,NODE_704BCA25B768,child,5,20:50:0D:E7:1C:39,-68,0,297,297,0,0,718,718,0
309260409,NODE_704BCA25B768,child,5,20:50:0D:E7:1C:39,-68,0,298,298,0,0,719,719,0
309359636,NODE_704BCA25B768,child,5,20:50:0D:E7:1C:39,-68,0,298,298,0,0,719,719,0
309459629,NODE_704BCA25B768,child,5,20:50:0D:E7:1C:39,-68,0,298,298,0,0,720,720,0
309559636,NODE_704BCA25B768,child,5,20:50:0D:E7:1C:39,-68,0,298,298,0,0,720,720,0
309659636,NODE_704BCA25B768,child,5,20:50:0D:E7:1C:39,-68,0,298,298,0,0,721,721,0
309759625,NODE_704BCA25B768,child,5,20:50:0D:E7:1C:39,-68,0,298,298,0,0,721,721,0
309859624,NODE_704BCA25B768,child,5,20:50:0D:E7:1C:39,-68,0,298,298,0,0,721,721,0
309959636,NODE_704BCA25B768,child,5,20:50:0D:E7:1C:39,-68,0,298,298,0,0,721,721,0
310059629,NODE_704BCA25B768,child,5,20:50:0D:E7:1C:39,-68,0,298,298,0,0,721,721,0
310159628,NODE_704BCA25B768,child,5,20:50:0D:E7:1C:39,-68,0,298,298,0,0,721,721,0
310259628,NODE_704BCA25B768,child,5,20:50:0D:E7:1C:39,-68,0,299,299,0,0,722,722,0
310359641,NODE_704BCA25B768,child,5,20:50:0D:E7:1C:39,-68,0,299,299,0,0,722,722,0
310459632,NODE_704BCA25B768,child,5,20:50:0D:E7:1C:39,-68,0,299,299,0,0,723,723,0
310559628,NODE_704BCA25B768,child,5,20:50:0D:E7:1C:39,-68,0,299,299,0,0,723,723,0
310659637,NODE_704BCA25B768,child,5,20:50:0D:E7:1C:39,-68,0,299,299,0,0,724,724,0
310759632,NODE_704BCA25B768,child,5,20:50:0D:E7:1C:39,-68,0,299,299,0,0,724,724,0
310859624,NODE_704BCA25B768,child,5,20:50:0D:E7:1C:39,-68,0,299,299,0,0,724,724,0
310959641,NODE_704BCA25B768,child,5,20:50:0D:E7:1C:39,-68,0,299,299,0,0,724,724,0
311059624,NODE_704BCA25B768,child,5,20:50:0D:E7:1C:39,-68,0,299,299,0,0,724,724,0
311159636,NODE_704BCA25B768,child,5,20:50:0D:E7:1C:39,-68,0,299,299,0,0,724,724,0
311259633,NODE_704BCA25B768,child,5,20:50:0D:E7:1C:39,-68,0,300,300,0,0,725,725,0
311359644,NODE_704BCA25B768,child,5,20:50:0D:E7:1C:39,-69,0,300,300,0,0,725,725,0
311459632,NODE_704BCA25B768,child,5,20:50:0D:E7:1C:39,-69,0,300,300,0,0,726,726,0
311559629,NODE_704BCA25B768,child,5,20:50:0D:E7:1C:39,-69,0,300,300,0,0,726,726,0
311659628,NODE_704BCA25B768,child,5,20:50:0D:E7:1C:39,-69,0,300,300,0,0,727,727,0
311759628,NODE_704BCA25B768,child,5,20:50:0D:E7:1C:39,-69,0,300,300,0,0,727,727,0
311859629,NODE_704BCA25B768,child,5,20:50:0D:E7:1C:39,-69,0,300,300,0,0,727,727,0
311959632,NODE_704BCA25B768,child,5,20:50:0D:E7:1C:39,-69,0,300,300,0,0,727,727,0
312059636,NODE_704BCA25B768,child,5,20:50:0D:E7:1C:39,-69,0,300,300,0,0,727,727,0
312159625,NODE_704BCA25B768,child,5,20:50:0D:E7:1C:39,-69,0,300,300,0,0,727,727,0
312259628,NODE_704BCA25B768,child,5,20:50:0D:E7:1C:39,-69,0,301,301,0,0,728,728,0
312359636,NODE_704BCA25B768,child,5,20:50:0D:E7:1C:39,-69,0,301,301,0,0,728,728,0
312459629,NODE_704BCA25B768,child,5,20:50:0D:E7:1C:39,-69,0,301,301,0,0,729,729,0
312559636,NODE_704BCA25B768,child,5,20:50:0D:E7:1C:39,-69,0,301,301,0,0,729,729,0
312659628,NODE_704BCA25B768,child,5,20:50:0D:E7:1C:39,-69,0,301,301,0,0,730,730,0
312759630,NODE_704BCA25B768,child,5,20:50:0D:E7:1C:39,-69,0,301,301,0,0,730,730,0
312859624,NODE_704BCA25B768,child,5,20:50:0D:E7:1C:39,-69,0,301,301,0,0,730,730,0
312959632,NODE_704BCA25B768,child,5,20:50:0D:E7:1C:39,-69,0,301,301,0,0,730,730,0
313059629,NODE_704BCA25B768,child,5,20:50:0D:E7:1C:39,-69,0,301,301,0,0,730,730,0
313159624,NODE_704BCA25B768,child,5,20:50:0D:E7:1C:39,-69,0,301,301,0,0,730,730,0
313259628,NODE_704BCA25B768,child,5,20:50:0D:E7:1C:39,-69,0,302,302,0,0,731,731,0
313359716,NODE_704BCA25B768,child,5,20:50:0D:E7:1C:39,-69,0,302,302,0,0,731,731,0
313459632,NODE_704BCA25B768,child,5,20:50:0D:E7:1C:39,-69,0,302,302,0,0,732,732,0
313559632,NODE_704BCA25B768,child,5,20:50:0D:E7:1C:39,-69,0,302,302,0,0,732,732,0
313659637,NODE_704BCA25B768,child,5,20:50:0D:E7:1C:39,-69,0,302,302,0,0,733,733,0
313759628,NODE_704BCA25B768,child,5,20:50:0D:E7:1C:39,-69,0,302,302,0,0,733,733,0
313859624,NODE_704BCA25B768,child,5,20:50:0D:E7:1C:39,-69,0,302,302,0,0,733,733,0
313959641,NODE_704BCA25B768,child,5,20:50:0D:E7:1C:39,-69,0,302,302,0,0,733,733,0
314059628,NODE_704BCA25B768,child,5,20:50:0D:E7:1C:39,-69,0,302,302,0,0,733,733,0
314159640,NODE_704BCA25B768,child,5,20:50:0D:E7:1C:39,-69,0,302,302,0,0,733,733,0
314259629,NODE_704BCA25B768,child,5,20:50:0D:E7:1C:39,-69,0,303,303,0,0,734,734,0
314359628,NODE_704BCA25B768,child,5,20:50:0D:E7:1C:39,-69,0,303,303,0,0,734,734,0
314459632,NODE_704BCA25B768,child,5,20:50:0D:E7:1C:39,-69,0,303,303,0,0,735,735,0
314559637,NODE_704BCA25B768,child,5,20:50:0D:E7:1C:39,-69,0,303,303,0,0,735,735,0
314659628,NODE_704BCA25B768,child,5,20:50:0D:E7:1C:39,-69,0,303,303,0,0,736,736,0
314759628,NODE_704BCA25B768,child,5,20:50:0D:E7:1C:39,-69,0,303,303,0,0,736,736,0
314859625,NODE_704BCA25B768,child,5,20:50:0D:E7:1C:39,-69,0,303,303,0,0,736,736,0
314959624,NODE_704BCA25B768,child,5,20:50:0D:E7:1C:39,-69,0,303,303,0,0,736,736,0
315059640,NODE_704BCA25B768,child,5,20:50:0D:E7:1C:39,-69,0,303,303,0,0,736,736,0
315159625,NODE_704BCA25B768,child,5,20:50:0D:E7:1C:39,-69,0,303,303,0,0,736,736,0
315259632,NODE_704BCA25B768,child,5,20:50:0D:E7:1C:39,-69,0,304,304,0,0,737,737,0
315359628,NODE_704BCA25B768,child,5,20:50:0D:E7:1C:39,-69,0,304,304,0,0,737,737,0
315459633,NODE_704BCA25B768,child,5,20:50:0D:E7:1C:39,-68,0,304,304,0,0,738,738,0
315559628,NODE_704BCA25B768,child,5,20:50:0D:E7:1C:39,-68,0,304,304,0,0,738,738,0
315659628,NODE_704BCA25B768,child,5,20:50:0D:E7:1C:39,-68,0,304,304,0,0,739,739,0
315759637,NODE_704BCA25B768,child,5,20:50:0D:E7:1C:39,-68,0,304,304,0,0,739,739,0
315859624,NODE_704BCA25B768,child,5,20:50:0D:E7:1C:39,-68,0,304,304,0,0,739,739,0
315959628,NODE_704BCA25B768,child,5,20:50:0D:E7:1C:39,-68,0,304,304,0,0,739,739,0
316059633,NODE_704BCA25B768,child,5,20:50:0D:E7:1C:39,-68,0,304,304,0,0,739,739,0
316159624,NODE_704BCA25B768,child,5,20:50:0D:E7:1C:39,-68,0,304,304,0,0,739,739,0
316259729,NODE_704BCA25B768,child,5,20:50:0D:E7:1C:39,-68,0,305,305,0,0,740,740,0
316359637,NODE_704BCA25B768,child,5,20:50:0D:E7:1C:39,-68,0,305,305,0,0,740,740,0
316459636,NODE_704BCA25B768,child,5,20:50:0D:E7:1C:39,-68,0,305,305,0,0,740,740,0
316559628,NODE_704BCA25B768,child,5,20:50:0D:E7:1C:39,-68,0,305,305,0,0,741,741,0
316659637,NODE_704BCA25B768,child,5,20:50:0D:E7:1C:39,-68,0,305,305,0,0,742,742,0
316759628,NODE_704BCA25B768,child,5,20:50:0D:E7:1C:39,-68,0,305,305,0,0,742,742,0
316859628,NODE_704BCA25B768,child,5,20:50:0D:E7:1C:39,-68,0,305,305,0,0,742,742,0
316959637,NODE_704BCA25B768,child,5,20:50:0D:E7:1C:39,-68,0,305,305,0,0,742,742,0
317059636,NODE_704BCA25B768,child,5,20:50:0D:E7:1C:39,-68,0,305,305,0,0,742,742,0
317159636,NODE_704BCA25B768,child,5,20:50:0D:E7:1C:39,-68,0,305,305,0,0,742,742,0
317259633,NODE_704BCA25B768,child,5,20:50:0D:E7:1C:39,-68,0,306,306,0,0,743,743,0
317359628,NODE_704BCA25B768,child,5,20:50:0D:E7:1C:39,-68,0,306,306,0,0,743,743,0
317459636,NODE_704BCA25B768,child,5,20:50:0D:E7:1C:39,-69,0,306,306,0,0,743,743,0
317559633,NODE_704BCA25B768,child,5,20:50:0D:E7:1C:39,-69,0,306,306,0,0,744,744,0
317659628,NODE_704BCA25B768,child,5,20:50:0D:E7:1C:39,-69,0,306,306,0,0,745,745,0
317759629,NODE_704BCA25B768,child,5,20:50:0D:E7:1C:39,-69,0,306,306,0,0,745,745,0
317859625,NODE_704BCA25B768,child,5,20:50:0D:E7:1C:39,-69,0,306,306,0,0,745,745,0
317959624,NODE_704BCA25B768,child,5,20:50:0D:E7:1C:39,-69,0,306,306,0,0,745,745,0
318059628,NODE_704BCA25B768,child,5,20:50:0D:E7:1C:39,-69,0,306,306,0,0,745,745,0
318159629,NODE_704BCA25B768,child,5,20:50:0D:E7:1C:39,-69,0,306,306,0,0,745,745,0
318259628,NODE_704BCA25B768,child,5,20:50:0D:E7:1C:39,-69,0,307,307,0,0,746,746,0
318359628,NODE_704BCA25B768,child,5,20:50:0D:E7:1C:39,-69,0,307,307,0,0,746,746,0
318459625,NODE_704BCA25B768,child,5,20:50:0D:E7:1C:39,-69,0,307,307,0,0,746,746,0
318559644,NODE_704BCA25B768,child,5,20:50:0D:E7:1C:39,-68,0,307,307,0,0,747,747,0
318659636,NODE_704BCA25B768,child,5,20:50:0D:E7:1C:39,-68,0,307,307,0,0,748,748,0
318759625,NODE_704BCA25B768,child,5,20:50:0D:E7:1C:39,-68,0,307,307,0,0,748,748,0
318859628,NODE_704BCA25B768,child,5,20:50:0D:E7:1C:39,-68,0,307,307,0,0,748,748,0
318959632,NODE_704BCA25B768,child,5,20:50:0D:E7:1C:39,-68,0,307,307,0,0,748,748,0
319059625,NODE_704BCA25B768,child,5,20:50:0D:E7:1C:39,-68,0,307,307,0,0,748,748,0
319159628,NODE_704BCA25B768,child,5,20:50:0D:E7:1C:39,-68,0,307,307,0,0,748,748,0
319259632,NODE_704BCA25B768,child,5,20:50:0D:E7:1C:39,-68,0,308,308,0,0,749,749,0
319359629,NODE_704BCA25B768,child,5,20:50:0D:E7:1C:39,-68,0,308,308,0,0,749,749,0
319459624,NODE_704BCA25B768,child,5,20:50:0D:E7:1C:39,-68,0,308,308,0,0,749,749,0
319559644,NODE_704BCA25B768,child,5,20:50:0D:E7:1C:39,-69,0,308,308,0,0,750,750,0
319659637,NODE_704BCA25B768,child,5,20:50:0D:E7:1C:39,-69,0,308,308,0,0,751,751,0
319759624,NODE_704BCA25B768,child,5,20:50:0D:E7:1C:39,-69,0,308,308,0,0,751,751,0
319859624,NODE_704BCA25B768,child,5,20:50:0D:E7:1C:39,-69,0,308,308,0,0,751,751,0
319959633,NODE_704BCA25B768,child,5,20:50:0D:E7:1C:39,-69,0,308,308,0,0,751,751,0
320059624,NODE_704BCA25B768,child,5,20:50:0D:E7:1C:39,-69,0,308,308,0,0,751,751,0
320159644,NODE_704BCA25B768,child,5,20:50:0D:E7:1C:39,-69,0,308,308,0,0,751,751,0
320259633,NODE_704BCA25B768,child,5,20:50:0D:E7:1C:39,-69,0,309,309,0,0,752,752,0
320359628,NODE_704BCA25B768,child,5,20:50:0D:E7:1C:39,-69,0,309,309,0,0,752,752,0
320459624,NODE_704BCA25B768,child,5,20:50:0D:E7:1C:39,-69,0,309,309,0,0,752,752,0
320559637,NODE_704BCA25B768,child,5,20:50:0D:E7:1C:39,-68,0,309,309,0,0,753,753,0
320659628,NODE_704BCA25B768,child,5,20:50:0D:E7:1C:39,-68,0,309,309,0,0,754,754,0
320759636,NODE_704BCA25B768,child,5,20:50:0D:E7:1C:39,-68,0,309,309,0,0,754,754,0
320859625,NODE_704BCA25B768,child,5,20:50:0D:E7:1C:39,-68,0,309,309,0,0,754,754,0
320959632,NODE_704BCA25B768,child,5,20:50:0D:E7:1C:39,-68,0,309,309,0,0,754,754,0
321059624,NODE_704BCA25B768,child,5,20:50:0D:E7:1C:39,-68,0,309,309,0,0,754,754,0
321159629,NODE_704BCA25B768,child,5,20:50:0D:E7:1C:39,-68,0,309,309,0,0,754,754,0
321259628,NODE_704BCA25B768,child,5,20:50:0D:E7:1C:39,-68,0,310,310,0,0,755,755,0
321359636,NODE_704BCA25B768,child,5,20:50:0D:E7:1C:39,-68,0,310,310,0,0,755,755,0
321459641,NODE_704BCA25B768,child,5,20:50:0D:E7:1C:39,-68,0,310,310,0,0,755,755,0
321560061,NODE_704BCA25B768,child,5,20:50:0D:E7:1C:39,-69,0,310,310,0,0,756,756,0
321659628,NODE_704BCA25B768,child,5,20:50:0D:E7:1C:39,-69,0,310,310,0,0,757,757,0
321759629,NODE_704BCA25B768,child,5,20:50:0D:E7:1C:39,-69,0,310,310,0,0,757,757,0
321859624,NODE_704BCA25B768,child,5,20:50:0D:E7:1C:39,-69,0,310,310,0,0,757,757,0
321959632,NODE_704BCA25B768,child,5,20:50:0D:E7:1C:39,-69,0,310,310,0,0,757,757,0
322059633,NODE_704BCA25B768,child,5,20:50:0D:E7:1C:39,-69,0,310,310,0,0,757,757,0
322159624,NODE_704BCA25B768,child,5,20:50:0D:E7:1C:39,-69,0,310,310,0,0,757,757,0
322259628,NODE_704BCA25B768,child,5,20:50:0D:E7:1C:39,-69,0,311,311,0,0,758,758,0
322359629,NODE_704BCA25B768,child,5,20:50:0D:E7:1C:39,-69,0,311,311,0,0,758,758,0
322459624,NODE_704BCA25B768,child,5,20:50:0D:E7:1C:39,-69,0,311,311,0,0,758,758,0
322559632,NODE_704BCA25B768,child,5,20:50:0D:E7:1C:39,-69,0,311,311,0,0,759,759,0
322659641,NODE_704BCA25B768,child,5,20:50:0D:E7:1C:39,-68,0,311,311,0,0,760,760,0
322759625,NODE_704BCA25B768,child,5,20:50:0D:E7:1C:39,-68,0,311,311,0,0,760,760,0
322859624,NODE_704BCA25B768,child,5,20:50:0D:E7:1C:39,-68,0,311,311,0,0,760,760,0
322959633,NODE_704BCA25B768,child,5,20:50:0D:E7:1C:39,-68,0,311,311,0,0,760,760,0
323059624,NODE_704BCA25B768,child,5,20:50:0D:E7:1C:39,-68,0,311,311,0,0,760,760,0
323159636,NODE_704BCA25B768,child,5,20:50:0D:E7:1C:39,-68,0,311,311,0,0,760,760,0
323259629,NODE_704BCA25B768,child,5,20:50:0D:E7:1C:39,-68,0,312,312,0,0,761,761,0
323359628,NODE_704BCA25B768,child,5,20:50:0D:E7:1C:39,-68,0,312,312,0,0,761,761,0
323459628,NODE_704BCA25B768,child,5,20:50:0D:E7:1C:39,-68,0,312,312,0,0,761,761,0
323559633,NODE_704BCA25B768,child,5,20:50:0D:E7:1C:39,-68,0,312,312,0,0,762,762,0
323659644,NODE_704BCA25B768,child,5,20:50:0D:E7:1C:39,-68,0,312,312,0,0,763,763,0
323759624,NODE_704BCA25B768,child,5,20:50:0D:E7:1C:39,-68,0,312,312,0,0,763,763,0
323859629,NODE_704BCA25B768,child,5,20:50:0D:E7:1C:39,-68,0,312,312,0,0,763,763,0
323959636,NODE_704BCA25B768,child,5,20:50:0D:E7:1C:39,-68,0,312,312,0,0,763,763,0
324059624,NODE_704BCA25B768,child,5,20:50:0D:E7:1C:39,-68,0,312,312,0,0,763,763,0
324159625,NODE_704BCA25B768,child,5,20:50:0D:E7:1C:39,-68,0,312,312,0,0,763,763,0
324259632,NODE_704BCA25B768,child,5,20:50:0D:E7:1C:39,-68,0,313,313,0,0,764,764,0
324359628,NODE_704BCA25B768,child,5,20:50:0D:E7:1C:39,-68,0,313,313,0,0,764,764,0
324459625,NODE_704BCA25B768,child,5,20:50:0D:E7:1C:39,-68,0,313,313,0,0,764,764,0
324559777,NODE_704BCA25B768,child,5,20:50:0D:E7:1C:39,-68,0,313,313,0,0,765,764,0
324659636,NODE_704BCA25B768,child,5,20:50:0D:E7:1C:39,-69,0,313,313,0,0,766,766,0
324759629,NODE_704BCA25B768,child,5,20:50:0D:E7:1C:39,-69,0,313,313,0,0,766,766,0
324859723,NODE_704BCA25B768,child,5,20:50:0D:E7:1C:39,-69,0,313,313,0,0,766,766,0
324959628,NODE_704BCA25B768,child,5,20:50:0D:E7:1C:39,-69,0,313,313,0,0,766,766,0
325059634,NODE_704BCA25B768,child,5,20:50:0D:E7:1C:39,-69,0,313,313,0,0,766,766,0
325159624,NODE_704BCA25B768,child,5,20:50:0D:E7:1C:39,-69,0,313,313,0,0,766,766,0
325259640,NODE_704BCA25B768,child,5,20:50:0D:E7:1C:39,-69,0,314,314,0,0,767,767,0
325359629,NODE_704BCA25B768,child,5,20:50:0D:E7:1C:39,-69,0,314,314,0,0,767,767,0
325459628,NODE_704BCA25B768,child,5,20:50:0D:E7:1C:39,-69,0,314,314,0,0,767,767,0
325559632,NODE_704BCA25B768,child,5,20:50:0D:E7:1C:39,-69,0,314,314,0,0,768,768,0
325659645,NODE_704BCA25B768,child,5,20:50:0D:E7:1C:39,-68,0,314,314,0,0,769,769,0
325759632,NODE_704BCA25B768,child,5,20:50:0D:E7:1C:39,-68,0,314,314,0,0,769,769,0
325859624,NODE_704BCA25B768,child,5,20:50:0D:E7:1C:39,-68,0,314,314,0,0,769,769,0
325959637,NODE_704BCA25B768,child,5,20:50:0D:E7:1C:39,-68,0,314,314,0,0,769,769,0
326059624,NODE_704BCA25B768,child,5,20:50:0D:E7:1C:39,-68,0,314,314,0,0,769,769,0
326159636,NODE_704BCA25B768,child,5,20:50:0D:E7:1C:39,-68,0,314,314,0,0,769,769,0
326259637,NODE_704BCA25B768,child,5,20:50:0D:E7:1C:39,-68,0,315,315,0,0,770,770,0
326359632,NODE_704BCA25B768,child,5,20:50:0D:E7:1C:39,-68,0,315,315,0,0,770,770,0
326459624,NODE_704BCA25B768,child,5,20:50:0D:E7:1C:39,-68,0,315,315,0,0,770,770,0
326559629,NODE_704BCA25B768,child,5,20:50:0D:E7:1C:39,-68,0,315,315,0,0,771,771,0
326659624,NODE_704BCA25B768,child,5,20:50:0D:E7:1C:39,-68,0,315,315,0,0,772,772,0
326759640,NODE_704BCA25B768,child,5,20:50:0D:E7:1C:39,-69,0,315,315,0,0,772,772,0
326859629,NODE_704BCA25B768,child,5,20:50:0D:E7:1C:39,-69,0,315,315,0,0,772,772,0
326959632,NODE_704BCA25B768,child,5,20:50:0D:E7:1C:39,-69,0,315,315,0,0,772,772,0
327059632,NODE_704BCA25B768,child,5,20:50:0D:E7:1C:39,-69,0,315,315,0,0,772,772,0
327159633,NODE_704BCA25B768,child,5,20:50:0D:E7:1C:39,-69,0,315,315,0,0,772,772,0
327259628,NODE_704BCA25B768,child,5,20:50:0D:E7:1C:39,-69,0,316,316,0,0,773,773,0
327359636,NODE_704BCA25B768,child,5,20:50:0D:E7:1C:39,-69,0,316,316,0,0,773,773,0
327459625,NODE_704BCA25B768,child,5,20:50:0D:E7:1C:39,-69,0,316,316,0,0,773,773,0
327559628,NODE_704BCA25B768,child,5,20:50:0D:E7:1C:39,-69,0,316,316,0,0,774,774,0
327659628,NODE_704BCA25B768,child,5,20:50:0D:E7:1C:39,-69,0,316,316,0,0,775,775,0
327759642,NODE_704BCA25B768,child,5,20:50:0D:E7:1C:39,-68,0,316,316,0,0,775,775,0
327859624,NODE_704BCA25B768,child,5,20:50:0D:E7:1C:39,-68,0,316,316,0,0,775,775,0
327959624,NODE_704BCA25B768,child,5,20:50:0D:E7:1C:39,-68,0,316,316,0,0,775,775,0
328059629,NODE_704BCA25B768,child,5,20:50:0D:E7:1C:39,-68,0,316,316,0,0,775,775,0
328159624,NODE_704BCA25B768,child,5,20:50:0D:E7:1C:39,-68,0,316,316,0,0,775,775,0
328259628,NODE_704BCA25B768,child,5,20:50:0D:E7:1C:39,-68,0,317,317,0,0,776,776,0
328359629,NODE_704BCA25B768,child,5,20:50:0D:E7:1C:39,-68,0,317,317,0,0,776,776,0
328459636,NODE_704BCA25B768,child,5,20:50:0D:E7:1C:39,-68,0,317,317,0,0,776,776,0
328559628,NODE_704BCA25B768,child,5,20:50:0D:E7:1C:39,-68,0,317,317,0,0,777,777,0
328659637,NODE_704BCA25B768,child,5,20:50:0D:E7:1C:39,-68,0,317,317,0,0,778,778,0
328759636,NODE_704BCA25B768,child,5,20:50:0D:E7:1C:39,-69,0,317,317,0,0,778,778,0
328859624,NODE_704BCA25B768,child,5,20:50:0D:E7:1C:39,-69,0,317,317,0,0,778,778,0
328959637,NODE_704BCA25B768,child,5,20:50:0D:E7:1C:39,-69,0,317,317,0,0,778,778,0
329059624,NODE_704BCA25B768,child,5,20:50:0D:E7:1C:39,-69,0,317,317,0,0,778,778,0
329159632,NODE_704BCA25B768,child,5,20:50:0D:E7:1C:39,-69,0,317,317,0,0,778,778,0
329259633,NODE_704BCA25B768,child,5,20:50:0D:E7:1C:39,-69,0,318,318,0,0,779,779,0
329359636,NODE_704BCA25B768,child,5,20:50:0D:E7:1C:39,-69,0,318,318,0,0,779,779,0
329459624,NODE_704BCA25B768,child,5,20:50:0D:E7:1C:39,-69,0,318,318,0,0,779,779,0
329559633,NODE_704BCA25B768,child,5,20:50:0D:E7:1C:39,-69,0,318,318,0,0,780,780,0
329659628,NODE_704BCA25B768,child,5,20:50:0D:E7:1C:39,-69,0,318,318,0,0,781,781,0
329759640,NODE_704BCA25B768,child,5,20:50:0D:E7:1C:39,-68,0,318,318,0,0,781,781,0
329859625,NODE_704BCA25B768,child,5,20:50:0D:E7:1C:39,-68,0,318,318,0,0,781,781,0
329959624,NODE_704BCA25B768,child,5,20:50:0D:E7:1C:39,-68,0,318,318,0,0,781,781,0
330059628,NODE_704BCA25B768,child,5,20:50:0D:E7:1C:39,-68,0,318,318,0,0,781,781,0
330159625,NODE_704BCA25B768,child,5,20:50:0D:E7:1C:39,-68,0,318,318,0,0,781,781,0
330259628,NODE_704BCA25B768,child,5,20:50:0D:E7:1C:39,-68,0,319,319,0,0,782,782,0
330359636,NODE_704BCA25B768,child,5,20:50:0D:E7:1C:39,-68,0,319,319,0,0,782,782,0
330459629,NODE_704BCA25B768,child,5,20:50:0D:E7:1C:39,-68,0,319,319,0,0,782,782,0
330559632,NODE_704BCA25B768,child,5,20:50:0D:E7:1C:39,-68,0,319,319,0,0,783,783,0
330659632,NODE_704BCA25B768,child,5,20:50:0D:E7:1C:39,-68,0,319,319,0,0,784,784,0
330759633,NODE_704BCA25B768,child,5,20:50:0D:E7:1C:39,-68,0,319,319,0,0,784,784,0
330859636,NODE_704BCA25B768,child,5,20:50:0D:E7:1C:39,-68,0,319,319,0,0,784,784,0
330959628,NODE_704BCA25B768,child,5,20:50:0D:E7:1C:39,-68,0,319,319,0,0,784,784,0
331059625,NODE_704BCA25B768,child,5,20:50:0D:E7:1C:39,-68,0,319,319,0,0,784,784,0
331159624,NODE_704BCA25B768,child,5,20:50:0D:E7:1C:39,-68,0,319,319,0,0,784,784,0
331259628,NODE_704BCA25B768,child,5,20:50:0D:E7:1C:39,-68,0,320,320,0,0,785,785,0
331359633,NODE_704BCA25B768,child,5,20:50:0D:E7:1C:39,-68,0,320,320,0,0,785,785,0
331459628,NODE_704BCA25B768,child,5,20:50:0D:E7:1C:39,-68,0,320,320,0,0,785,785,0
331559624,NODE_704BCA25B768,child,5,20:50:0D:E7:1C:39,-68,0,320,320,0,0,785,785,0
331659641,NODE_704BCA25B768,child,5,20:50:0D:E7:1C:39,-68,0,320,320,0,0,787,787,0
331759628,NODE_704BCA25B768,child,5,20:50:0D:E7:1C:39,-68,0,320,320,0,0,787,787,0
331859636,NODE_704BCA25B768,child,5,20:50:0D:E7:1C:39,-68,0,320,320,0,0,787,787,0
331959633,NODE_704BCA25B768,child,5,20:50:0D:E7:1C:39,-68,0,320,320,0,0,787,787,0
332059636,NODE_704BCA25B768,child,5,20:50:0D:E7:1C:39,-68,0,320,320,0,0,787,787,0
332159632,NODE_704BCA25B768,child,5,20:50:0D:E7:1C:39,-68,0,320,320,0,0,787,787,0
332259629,NODE_704BCA25B768,child,5,20:50:0D:E7:1C:39,-68,0,321,321,0,0,788,788,0
332359624,NODE_704BCA25B768,child,5,20:50:0D:E7:1C:39,-68,0,321,321,0,0,788,788,0
332459632,NODE_704BCA25B768,child,5,20:50:0D:E7:1C:39,-68,0,321,321,0,0,788,788,0
332559633,NODE_704BCA25B768,child,5,20:50:0D:E7:1C:39,-68,0,321,321,0,0,788,788,0
332659628,NODE_704BCA25B768,child,5,20:50:0D:E7:1C:39,-68,0,321,321,0,0,790,790,0
332759633,NODE_704BCA25B768,child,5,20:50:0D:E7:1C:39,-68,0,321,321,0,0,790,790,0
332859637,NODE_704BCA25B768,child,5,20:50:0D:E7:1C:39,-68,0,321,321,0,0,790,790,0
332959624,NODE_704BCA25B768,child,5,20:50:0D:E7:1C:39,-68,0,321,321,0,0,790,790,0
333059628,NODE_704BCA25B768,child,5,20:50:0D:E7:1C:39,-68,0,321,321,0,0,790,790,0
333159625,NODE_704BCA25B768,child,5,20:50:0D:E7:1C:39,-68,0,321,321,0,0,790,790,0
333259628,NODE_704BCA25B768,child,5,20:50:0D:E7:1C:39,-68,0,322,322,0,0,791,791,0
333359772,NODE_704BCA25B768,child,5,20:50:0D:E7:1C:39,-68,0,322,322,0,0,791,791,0
333459629,NODE_704BCA25B768,child,5,20:50:0D:E7:1C:39,-68,0,322,322,0,0,791,791,0
333559683,NODE_704BCA25B768,child,5,20:50:0D:E7:1C:39,-68,0,322,322,0,0,791,791,0
333659640,NODE_704BCA25B768,child,5,20:50:0D:E7:1C:39,-68,0,322,322,0,0,793,793,0
333759633,NODE_704BCA25B768,child,5,20:50:0D:E7:1C:39,-68,0,322,322,0,0,793,793,0
333859636,NODE_704BCA25B768,child,5,20:50:0D:E7:1C:39,-69,0,322,322,0,0,793,793,0
333959636,NODE_704BCA25B768,child,5,20:50:0D:E7:1C:39,-69,0,322,322,0,0,793,793,0
334059625,NODE_704BCA25B768,child,5,20:50:0D:E7:1C:39,-69,0,322,322,0,0,793,793,0
334159624,NODE_704BCA25B768,child,5,20:50:0D:E7:1C:39,-69,0,322,322,0,0,793,793,0
334259624,NODE_704BCA25B768,child,5,20:50:0D:E7:1C:39,-69,0,323,323,0,0,794,794,0
334359629,NODE_704BCA25B768,child,5,20:50:0D:E7:1C:39,-69,0,323,323,0,0,794,794,0
334459628,NODE_704BCA25B768,child,5,20:50:0D:E7:1C:39,-69,0,323,323,0,0,794,794,0
334559636,NODE_704BCA25B768,child,5,20:50:0D:E7:1C:39,-69,0,323,323,0,0,794,794,0
334659637,NODE_704BCA25B768,child,5,20:50:0D:E7:1C:39,-69,0,323,323,0,0,796,796,0
334759628,NODE_704BCA25B768,child,5,20:50:0D:E7:1C:39,-69,0,323,323,0,0,796,796,0
334860400,NODE_704BCA25B768,child,5,20:50:0D:E7:1C:39,-68,0,323,323,0,0,796,796,0
334959645,NODE_704BCA25B768,child,5,20:50:0D:E7:1C:39,-68,0,323,323,0,0,796,796,0
335059624,NODE_704BCA25B768,child,5,20:50:0D:E7:1C:39,-68,0,323,323,0,0,796,796,0
335159636,NODE_704BCA25B768,child,5,20:50:0D:E7:1C:39,-68,0,323,323,0,0,796,796,0
335259633,NODE_704BCA25B768,child,5,20:50:0D:E7:1C:39,-68,0,324,324,0,0,797,797,0
335359628,NODE_704BCA25B768,child,5,20:50:0D:E7:1C:39,-68,0,324,324,0,0,797,797,0
335459632,NODE_704BCA25B768,child,5,20:50:0D:E7:1C:39,-68,0,324,324,0,0,797,797,0
335559633,NODE_704BCA25B768,child,5,20:50:0D:E7:1C:39,-68,0,324,324,0,0,797,797,0
335659636,NODE_704BCA25B768,child,5,20:50:0D:E7:1C:39,-68,0,324,324,0,0,799,799,0
335759632,NODE_704BCA25B768,child,5,20:50:0D:E7:1C:39,-68,0,324,324,0,0,799,799,0
335859625,NODE_704BCA25B768,child,5,20:50:0D:E7:1C:39,-68,0,324,324,0,0,799,799,0
335959640,NODE_704BCA25B768,child,5,20:50:0D:E7:1C:39,-68,0,324,324,0,0,799,799,0
336059624,NODE_704BCA25B768,child,5,20:50:0D:E7:1C:39,-68,0,324,324,0,0,799,799,0
336159625,NODE_704BCA25B768,child,5,20:50:0D:E7:1C:39,-68,0,324,324,0,0,799,799,0
336259624,NODE_704BCA25B768,child,5,20:50:0D:E7:1C:39,-68,0,325,325,0,0,800,800,0
336359636,NODE_704BCA25B768,child,5,20:50:0D:E7:1C:39,-68,0,325,325,0,0,800,800,0
336459625,NODE_704BCA25B768,child,5,20:50:0D:E7:1C:39,-68,0,325,325,0,0,800,800,0
336559628,NODE_704BCA25B768,child,5,20:50:0D:E7:1C:39,-68,0,325,325,0,0,800,800,0
336659640,NODE_704BCA25B768,child,5,20:50:0D:E7:1C:39,-68,0,325,325,0,0,802,802,0
336759625,NODE_704BCA25B768,child,5,20:50:0D:E7:1C:39,-68,0,325,325,0,0,802,802,0
336859624,NODE_704BCA25B768,child,5,20:50:0D:E7:1C:39,-68,0,325,325,0,0,802,802,0
336959640,NODE_704BCA25B768,child,5,20:50:0D:E7:1C:39,-69,0,325,325,0,0,802,802,0
337059637,NODE_704BCA25B768,child,5,20:50:0D:E7:1C:39,-69,0,325,325,0,0,802,802,0
337159624,NODE_704BCA25B768,child,5,20:50:0D:E7:1C:39,-69,0,325,325,0,0,802,802,0
337259628,NODE_704BCA25B768,child,5,20:50:0D:E7:1C:39,-69,0,326,326,0,0,803,803,0
337359629,NODE_704BCA25B768,child,5,20:50:0D:E7:1C:39,-69,0,326,326,0,0,803,803,0
337459624,NODE_704BCA25B768,child,5,20:50:0D:E7:1C:39,-69,0,326,326,0,0,803,803,0
337559632,NODE_704BCA25B768,child,5,20:50:0D:E7:1C:39,-69,0,326,326,0,0,803,803,0
337659641,NODE_704BCA25B768,child,5,20:50:0D:E7:1C:39,-69,0,326,326,0,0,805,805,0
337759625,NODE_704BCA25B768,child,5,20:50:0D:E7:1C:39,-69,0,326,326,0,0,805,805,0
337859624,NODE_704BCA25B768,child,5,20:50:0D:E7:1C:39,-69,0,326,326,0,0,805,805,0
337959645,NODE_704BCA25B768,child,5,20:50:0D:E7:1C:39,-69,0,326,326,0,0,805,805,0
338059628,NODE_704BCA25B768,child,5,20:50:0D:E7:1C:39,-69,0,326,326,0,0,805,805,0
338159636,NODE_704BCA25B768,child,5,20:50:0D:E7:1C:39,-69,0,326,326,0,0,805,805,0
338259629,NODE_704BCA25B768,child,5,20:50:0D:E7:1C:39,-69,0,327,327,0,0,806,806,0
338359628,NODE_704BCA25B768,child,5,20:50:0D:E7:1C:39,-69,0,327,327,0,0,806,806,0
338459624,NODE_704BCA25B768,child,5,20:50:0D:E7:1C:39,-69,0,327,327,0,0,806,806,0
338559633,NODE_704BCA25B768,child,5,20:50:0D:E7:1C:39,-69,0,327,327,0,0,806,806,0
338659640,NODE_704BCA25B768,child,5,20:50:0D:E7:1C:39,-69,0,327,327,0,0,808,808,0
338759628,NODE_704BCA25B768,child,5,20:50:0D:E7:1C:39,-69,0,327,327,0,0,808,808,0
338859625,NODE_704BCA25B768,child,5,20:50:0D:E7:1C:39,-69,0,327,327,0,0,808,808,0
338959644,NODE_704BCA25B768,child,5,20:50:0D:E7:1C:39,-68,0,327,327,0,0,808,808,0
339059628,NODE_704BCA25B768,child,5,20:50:0D:E7:1C:39,-68,0,327,327,0,0,808,808,0
339159665,NODE_704BCA25B768,child,5,20:50:0D:E7:1C:39,-68,0,327,327,0,0,808,808,0
339259628,NODE_704BCA25B768,child,5,20:50:0D:E7:1C:39,-68,0,328,328,0,0,809,809,0
339359628,NODE_704BCA25B768,child,5,20:50:0D:E7:1C:39,-68,0,328,328,0,0,809,809,0
339459625,NODE_704BCA25B768,child,5,20:50:0D:E7:1C:39,-68,0,328,328,0,0,809,809,0
339559632,NODE_704BCA25B768,child,5,20:50:0D:E7:1C:39,-68,0,328,328,0,0,809,809,0
339659640,NODE_704BCA25B768,child,5,20:50:0D:E7:1C:39,-68,0,328,328,0,0,811,811,0
339759629,NODE_704BCA25B768,child,5,20:50:0D:E7:1C:39,-68,0,328,328,0,0,811,811,0
339859624,NODE_704BCA25B768,child,5,20:50:0D:E7:1C:39,-68,0,328,328,0,0,811,811,0
339959632,NODE_704BCA25B768,child,5,20:50:0D:E7:1C:39,-68,0,328,328,0,0,811,811,0
340059641,NODE_704BCA25B768,child,5,20:50:0D:E7:1C:39,-69,0,328,328,0,0,811,811,0
340159632,NODE_704BCA25B768,child,5,20:50:0D:E7:1C:39,-69,0,328,328,0,0,811,811,0
340259624,NODE_704BCA25B768,child,5,20:50:0D:E7:1C:39,-69,0,329,329,0,0,812,812,0
340359625,NODE_704BCA25B768,child,5,20:50:0D:E7:1C:39,-69,0,329,329,0,0,812,812,0
340459624,NODE_704BCA25B768,child,5,20:50:0D:E7:1C:39,-69,0,329,329,0,0,812,812,0
340559636,NODE_704BCA25B768,child,5,20:50:0D:E7:1C:39,-69,0,329,329,0,0,812,812,0
340659645,NODE_704BCA25B768,child,5,20:50:0D:E7:1C:39,-69,0,329,329,0,0,814,814,0
340759632,NODE_704BCA25B768,child,5,20:50:0D:E7:1C:39,-69,0,329,329,0,0,814,814,0
340859624,NODE_704BCA25B768,child,5,20:50:0D:E7:1C:39,-69,0,329,329,0,0,814,814,0
340959641,NODE_704BCA25B768,child,5,20:50:0D:E7:1C:39,-69,0,329,329,0,0,814,814,0
341059636,NODE_704BCA25B768,child,5,20:50:0D:E7:1C:39,-69,0,329,329,0,0,814,814,0
341159636,NODE_704BCA25B768,child,5,20:50:0D:E7:1C:39,-69,0,329,329,0,0,814,814,0
341259625,NODE_704BCA25B768,child,5,20:50:0D:E7:1C:39,-69,0,330,330,0,0,815,815,0
341359636,NODE_704BCA25B768,child,5,20:50:0D:E7:1C:39,-69,0,330,330,0,0,815,815,0
341459624,NODE_704BCA25B768,child,5,20:50:0D:E7:1C:39,-69,0,330,330,0,0,815,815,0
341559625,NODE_704BCA25B768,child,5,20:50:0D:E7:1C:39,-69,0,330,330,0,0,815,815,0
341659644,NODE_704BCA25B768,child,5,20:50:0D:E7:1C:39,-69,0,330,330,0,0,817,817,0
341759624,NODE_704BCA25B768,child,5,20:50:0D:E7:1C:39,-69,0,330,330,0,0,817,817,0
341859625,NODE_704BCA25B768,child,5,20:50:0D:E7:1C:39,-69,0,330,330,0,0,817,817,0
341959628,NODE_704BCA25B768,child,5,20:50:0D:E7:1C:39,-69,0,330,330,0,0,817,817,0
342059667,NODE_704BCA25B768,child,5,20:50:0D:E7:1C:39,-68,0,330,330,0,0,817,817,0
342159633,NODE_704BCA25B768,child,5,20:50:0D:E7:1C:39,-68,0,330,330,0,0,817,817,0
342259628,NODE_704BCA25B768,child,5,20:50:0D:E7:1C:39,-68,0,331,331,0,0,818,818,0
342359632,NODE_704BCA25B768,child,5,20:50:0D:E7:1C:39,-68,0,331,331,0,0,818,818,0
342459637,NODE_704BCA25B768,child,5,20:50:0D:E7:1C:39,-68,0,331,331,0,0,818,818,0
342559632,NODE_704BCA25B768,child,5,20:50:0D:E7:1C:39,-68,0,331,331,0,0,818,818,0
342659636,NODE_704BCA25B768,child,5,20:50:0D:E7:1C:39,-68,0,331,331,0,0,820,820,0
342759630,NODE_704BCA25B768,child,5,20:50:0D:E7:1C:39,-68,0,331,331,0,0,820,820,0
342859624,NODE_704BCA25B768,child,5,20:50:0D:E7:1C:39,-68,0,331,331,0,0,820,820,0
342959628,NODE_704BCA25B768,child,5,20:50:0D:E7:1C:39,-68,0,331,331,0,0,820,820,0
343059637,NODE_704BCA25B768,child,5,20:50:0D:E7:1C:39,-68,0,331,331,0,0,820,820,0
343159628,NODE_704BCA25B768,child,5,20:50:0D:E7:1C:39,-68,0,331,331,0,0,820,820,0
343259628,NODE_704BCA25B768,child,5,20:50:0D:E7:1C:39,-68,0,332,332,0,0,821,821,0
343359629,NODE_704BCA25B768,child,5,20:50:0D:E7:1C:39,-68,0,332,332,0,0,821,821,0
343459624,NODE_704BCA25B768,child,5,20:50:0D:E7:1C:39,-68,0,332,332,0,0,821,821,0
343559624,NODE_704BCA25B768,child,5,20:50:0D:E7:1C:39,-68,0,332,332,0,0,821,821,0
343659641,NODE_704BCA25B768,child,5,20:50:0D:E7:1C:39,-68,0,332,332,0,0,823,823,0
343759632,NODE_704BCA25B768,child,5,20:50:0D:E7:1C:39,-68,0,332,332,0,0,823,823,0
343859624,NODE_704BCA25B768,child,5,20:50:0D:E7:1C:39,-68,0,332,332,0,0,823,823,0
343959641,NODE_704BCA25B768,child,5,20:50:0D:E7:1C:39,-68,0,332,332,0,0,823,823,0
344059628,NODE_704BCA25B768,child,5,20:50:0D:E7:1C:39,-68,0,332,332,0,0,823,823,0
344159644,NODE_704BCA25B768,child,5,20:50:0D:E7:1C:39,-69,0,332,332,0,0,823,823,0
344259625,NODE_704BCA25B768,child,5,20:50:0D:E7:1C:39,-69,0,333,333,0,0,824,824,0
344359624,NODE_704BCA25B768,child,5,20:50:0D:E7:1C:39,-69,0,333,333,0,0,824,824,0
344459624,NODE_704BCA25B768,child,5,20:50:0D:E7:1C:39,-69,0,333,333,0,0,824,824,0
344559633,NODE_704BCA25B768,child,5,20:50:0D:E7:1C:39,-69,0,333,333,0,0,824,824,0
344659636,NODE_704BCA25B768,child,5,20:50:0D:E7:1C:39,-69,0,333,333,0,0,826,826,0
344759632,NODE_704BCA25B768,child,5,20:50:0D:E7:1C:39,-69,0,333,333,0,0,826,826,0
344859625,NODE_704BCA25B768,child,5,20:50:0D:E7:1C:39,-69,0,333,333,0,0,826,826,0
344959628,NODE_704BCA25B768,child,5,20:50:0D:E7:1C:39,-69,0,333,333,0,0,826,826,0
345059636,NODE_704BCA25B768,child,5,20:50:0D:E7:1C:39,-69,0,333,333,0,0,826,826,0
345159637,NODE_704BCA25B768,child,5,20:50:0D:E7:1C:39,-68,0,333,333,0,0,826,826,0
345259624,NODE_704BCA25B768,child,5,20:50:0D:E7:1C:39,-68,0,334,334,0,0,827,827,0
345359628,NODE_704BCA25B768,child,5,20:50:0D:E7:1C:39,-68,0,334,334,0,0,827,827,0
345459629,NODE_704BCA25B768,child,5,20:50:0D:E7:1C:39,-68,0,334,334,0,0,827,827,0
345559636,NODE_704BCA25B768,child,5,20:50:0D:E7:1C:39,-68,0,334,334,0,0,827,827,0
345659628,NODE_704BCA25B768,child,5,20:50:0D:E7:1C:39,-68,0,334,334,0,0,829,829,0
345759641,NODE_704BCA25B768,child,5,20:50:0D:E7:1C:39,-68,0,334,334,0,0,829,829,0
345859624,NODE_704BCA25B768,child,5,20:50:0D:E7:1C:39,-68,0,334,334,0,0,829,829,0
345959628,NODE_704BCA25B768,child,5,20:50:0D:E7:1C:39,-68,0,334,334,0,0,829,829,0
346059629,NODE_704BCA25B768,child,5,20:50:0D:E7:1C:39,-68,0,334,334,0,0,829,829,0
346159679,NODE_704BCA25B768,child,5,20:50:0D:E7:1C:39,-68,0,334,334,0,0,829,829,0
346259624,NODE_704BCA25B768,child,5,20:50:0D:E7:1C:39,-68,0,335,335,0,0,830,830,0
346359684,NODE_704BCA25B768,child,5,20:50:0D:E7:1C:39,-68,0,335,335,0,0,830,830,0
346459624,NODE_704BCA25B768,child,5,20:50:0D:E7:1C:39,-68,0,335,335,0,0,830,830,0
346559624,NODE_704BCA25B768,child,5,20:50:0D:E7:1C:39,-68,0,335,335,0,0,830,830,0
346659641,NODE_704BCA25B768,child,5,20:50:0D:E7:1C:39,-68,0,335,335,0,0,832,832,0
346759632,NODE_704BCA25B768,child,5,20:50:0D:E7:1C:39,-68,0,335,335,0,0,832,832,0
346859624,NODE_704BCA25B768,child,5,20:50:0D:E7:1C:39,-68,0,335,335,0,0,832,832,0
346959637,NODE_704BCA25B768,child,5,20:50:0D:E7:1C:39,-68,0,335,335,0,0,832,832,0
347059632,NODE_704BCA25B768,child,5,20:50:0D:E7:1C:39,-68,0,335,335,0,0,832,832,0
347160016,NODE_704BCA25B768,child,5,20:50:0D:E7:1C:39,-68,0,335,335,0,0,832,832,0
347259625,NODE_704BCA25B768,child,5,20:50:0D:E7:1C:39,-68,0,336,336,0,0,833,833,0
347359628,NODE_704BCA25B768,child,5,20:50:0D:E7:1C:39,-68,0,336,336,0,0,833,833,0
347459628,NODE_704BCA25B768,child,5,20:50:0D:E7:1C:39,-68,0,336,336,0,0,833,833,0
347559633,NODE_704BCA25B768,child,5,20:50:0D:E7:1C:39,-68,0,336,336,0,0,833,833,0
347659636,NODE_704BCA25B768,child,5,20:50:0D:E7:1C:39,-68,0,336,336,0,0,835,835,0
347759691,NODE_704BCA25B768,child,5,20:50:0D:E7:1C:39,-68,0,336,336,0,0,835,835,0
347859625,NODE_704BCA25B768,child,5,20:50:0D:E7:1C:39,-68,0,336,336,0,0,835,835,0
347959628,NODE_704BCA25B768,child,5,20:50:0D:E7:1C:39,-68,0,336,336,0,0,835,835,0
348059624,NODE_704BCA25B768,child,5,20:50:0D:E7:1C:39,-68,0,336,336,0,0,835,835,0
348159625,NODE_704BCA25B768,child,5,20:50:0D:E7:1C:39,-68,0,336,336,0,0,835,835,0
348259632,NODE_704BCA25B768,child,5,20:50:0D:E7:1C:39,-69,0,337,337,0,0,836,836,0
348359628,NODE_704BCA25B768,child,5,20:50:0D:E7:1C:39,-69,0,337,337,0,0,836,836,0
348459625,NODE_704BCA25B768,child,5,20:50:0D:E7:1C:39,-69,0,337,337,0,0,836,836,0
348559624,NODE_704BCA25B768,child,5,20:50:0D:E7:1C:39,-69,0,337,337,0,0,836,836,0
348659636,NODE_704BCA25B768,child,5,20:50:0D:E7:1C:39,-69,0,337,337,0,0,838,838,0
348759629,NODE_704BCA25B768,child,5,20:50:0D:E7:1C:39,-69,0,337,337,0,0,838,838,0
348859632,NODE_704BCA25B768,child,5,20:50:0D:E7:1C:39,-69,0,337,337,0,0,838,838,0
348959636,NODE_704BCA25B768,child,5,20:50:0D:E7:1C:39,-69,0,337,337,0,0,838,838,0
349059629,NODE_704BCA25B768,child,5,20:50:0D:E7:1C:39,-69,0,337,337,0,0,838,838,0
349159624,NODE_704BCA25B768,child,5,20:50:0D:E7:1C:39,-69,0,337,337,0,0,838,838,0
349259632,NODE_704BCA25B768,child,5,20:50:0D:E7:1C:39,-68,0,338,338,0,0,839,839,0
349359629,NODE_704BCA25B768,child,5,20:50:0D:E7:1C:39,-68,0,338,338,0,0,839,839,0
349459636,NODE_704BCA25B768,child,5,20:50:0D:E7:1C:39,-68,0,338,338,0,0,839,839,0
349559632,NODE_704BCA25B768,child,5,20:50:0D:E7:1C:39,-68,0,338,338,0,0,839,839,0
349659641,NODE_704BCA25B768,child,5,20:50:0D:E7:1C:39,-68,0,338,338,0,0,841,841,0
349759624,NODE_704BCA25B768,child,5,20:50:0D:E7:1C:39,-68,0,338,338,0,0,841,841,0
349859628,NODE_704BCA25B768,child,5,20:50:0D:E7:1C:39,-68,0,338,338,0,0,841,841,0
349959641,NODE_704BCA25B768,child,5,20:50:0D:E7:1C:39,-68,0,338,338,0,0,841,841,0
350059632,NODE_704BCA25B768,child,5,20:50:0D:E7:1C:39,-68,0,338,338,0,0,841,841,0
350159640,NODE_704BCA25B768,child,5,20:50:0D:E7:1C:39,-68,0,338,338,0,0,841,841,0
350259633,NODE_704BCA25B768,child,5,20:50:0D:E7:1C:39,-68,0,339,339,0,0,842,842,0
350359706,NODE_704BCA25B768,child,5,20:50:0D:E7:1C:39,-68,0,339,339,0,0,842,842,0
350459628,NODE_704BCA25B768,child,5,20:50:0D:E7:1C:39,-68,0,339,339,0,0,842,842,0
350559637,NODE_704BCA25B768,child,5,20:50:0D:E7:1C:39,-68,0,339,339,0,0,842,842,0
350659636,NODE_704BCA25B768,child,5,20:50:0D:E7:1C:39,-68,0,339,339,0,0,844,844,0
350759632,NODE_704BCA25B768,child,5,20:50:0D:E7:1C:39,-68,0,339,339,0,0,844,844,0
350859629,NODE_704BCA25B768,child,5,20:50:0D:E7:1C:39,-68,0,339,339,0,0,844,844,0
350959628,NODE_704BCA25B768,child,5,20:50:0D:E7:1C:39,-68,0,339,339,0,0,844,844,0
351059624,NODE_704BCA25B768,child,5,20:50:0D:E7:1C:39,-68,0,339,339,0,0,844,844,0
351159629,NODE_704BCA25B768,child,5,20:50:0D:E7:1C:39,-68,0,339,339,0,0,844,844,0
351259636,NODE_704BCA25B768,child,5,20:50:0D:E7:1C:39,-69,0,340,340,0,0,845,845,0
351359636,NODE_704BCA25B768,child,5,20:50:0D:E7:1C:39,-69,0,340,340,0,0,845,845,0
351459625,NODE_704BCA25B768,child,5,20:50:0D:E7:1C:39,-69,0,340,340,0,0,845,845,0
351559624,NODE_704BCA25B768,child,5,20:50:0D:E7:1C:39,-69,0,340,340,0,0,845,845,0
351659636,NODE_704BCA25B768,child,5,20:50:0D:E7:1C:39,-69,0,340,340,0,0,847,847,0
351759625,NODE_704BCA25B768,child,5,20:50:0D:E7:1C:39,-69,0,340,340,0,0,847,847,0
351859632,NODE_704BCA25B768,child,5,20:50:0D:E7:1C:39,-69,0,340,340,0,0,847,847,0
351959628,NODE_704BCA25B768,child,5,20:50:0D:E7:1C:39,-69,0,340,340,0,0,847,847,0
352059637,NODE_704BCA25B768,child,5,20:50:0D:E7:1C:39,-69,0,340,340,0,0,847,847,0
352159624,NODE_704BCA25B768,child,5,20:50:0D:E7:1C:39,-69,0,340,340,0,0,847,847,0
352259632,NODE_704BCA25B768,child,5,20:50:0D:E7:1C:39,-69,0,341,341,0,0,848,848,0
352359641,NODE_704BCA25B768,child,5,20:50:0D:E7:1C:39,-68,0,341,341,0,0,848,848,0
352459628,NODE_704BCA25B768,child,5,20:50:0D:E7:1C:39,-68,0,341,341,0,0,848,848,0
352559632,NODE_704BCA25B768,child,5,20:50:0D:E7:1C:39,-68,0,341,341,0,0,848,848,0
352659637,NODE_704BCA25B768,child,5,20:50:0D:E7:1C:39,-68,0,341,341,0,0,850,850,0
352759625,NODE_704BCA25B768,child,5,20:50:0D:E7:1C:39,-68,0,341,341,0,0,850,850,0
352859624,NODE_704BCA25B768,child,5,20:50:0D:E7:1C:39,-68,0,341,341,0,0,850,850,0
352959641,NODE_704BCA25B768,child,5,20:50:0D:E7:1C:39,-68,0,341,341,0,0,850,850,0
353059624,NODE_704BCA25B768,child,5,20:50:0D:E7:1C:39,-68,0,341,341,0,0,850,850,0
353159636,NODE_704BCA25B768,child,5,20:50:0D:E7:1C:39,-68,0,341,341,0,0,850,850,0
353259629,NODE_704BCA25B768,child,5,20:50:0D:E7:1C:39,-68,0,342,342,0,0,851,851,0
353359640,NODE_704BCA25B768,child,5,20:50:0D:E7:1C:39,-69,0,342,342,0,0,851,851,0
353459624,NODE_704BCA25B768,child,5,20:50:0D:E7:1C:39,-69,0,342,342,0,0,851,851,0
353559625,NODE_704BCA25B768,child,5,20:50:0D:E7:1C:39,-69,0,342,342,0,0,851,851,0
353659628,NODE_704BCA25B768,child,5,20:50:0D:E7:1C:39,-69,0,342,342,0,0,853,853,0
353759632,NODE_704BCA25B768,child,5,20:50:0D:E7:1C:39,-69,0,342,342,0,0,853,853,0
353859629,NODE_704BCA25B768,child,5,20:50:0D:E7:1C:39,-69,0,342,342,0,0,853,853,0
353959636,NODE_704BCA25B768,child,5,20:50:0D:E7:1C:39,-69,0,342,342,0,0,853,853,0
354059624,NODE_704BCA25B768,child,5,20:50:0D:E7:1C:39,-69,0,342,342,0,0,853,853,0
354159633,NODE_704BCA25B768,child,5,20:50:0D:E7:1C:39,-69,0,342,342,0,0,853,853,0
354259628,NODE_704BCA25B768,child,5,20:50:0D:E7:1C:39,-69,0,343,343,0,0,854,854,0
354359636,NODE_704BCA25B768,child,5,20:50:0D:E7:1C:39,-68,0,343,343,0,0,854,854,0
354459625,NODE_704BCA25B768,child,5,20:50:0D:E7:1C:39,-68,0,343,343,0,0,854,854,0
354559632,NODE_704BCA25B768,child,5,20:50:0D:E7:1C:39,-68,0,343,343,0,0,854,854,0
354659731,NODE_704BCA25B768,child,5,20:50:0D:E7:1C:39,-68,0,343,343,0,0,856,856,0
354759625,NODE_704BCA25B768,child,5,20:50:0D:E7:1C:39,-68,0,343,343,0,0,856,856,0
354859727,NODE_704BCA25B768,child,5,20:50:0D:E7:1C:39,-68,0,343,343,0,0,856,856,0
354959636,NODE_704BCA25B768,child,5,20:50:0D:E7:1C:39,-68,0,343,343,0,0,856,856,0
355059633,NODE_704BCA25B768,child,5,20:50:0D:E7:1C:39,-68,0,343,343,0,0,856,856,0
355159624,NODE_704BCA25B768,child,5,20:50:0D:E7:1C:39,-68,0,343,343,0,0,856,856,0
355259628,NODE_704BCA25B768,child,5,20:50:0D:E7:1C:39,-68,0,344,344,0,0,857,857,0
355359641,NODE_704BCA25B768,child,5,20:50:0D:E7:1C:39,-69,0,344,344,0,0,857,857,0
355459628,NODE_704BCA25B768,child,5,20:50:0D:E7:1C:39,-69,0,344,344,0,0,857,857,0
355559628,NODE_704BCA25B768,child,5,20:50:0D:E7:1C:39,-69,0,344,344,0,0,857,857,0
355659645,NODE_704BCA25B768,child,5,20:50:0D:E7:1C:39,-69,0,344,344,0,0,859,859,0
355759632,NODE_704BCA25B768,child,5,20:50:0D:E7:1C:39,-69,0,344,344,0,0,859,859,0
355859632,NODE_704BCA25B768,child,5,20:50:0D:E7:1C:39,-69,0,344,344,0,0,859,859,0
355959637,NODE_704BCA25B768,child,5,20:50:0D:E7:1C:39,-69,0,344,344,0,0,859,859,0
356059624,NODE_704BCA25B768,child,5,20:50:0D:E7:1C:39,-69,0,344,344,0,0,859,859,0
356159636,NODE_704BCA25B768,child,5,20:50:0D:E7:1C:39,-69,0,344,344,0,0,859,859,0
356259629,NODE_704BCA25B768,child,5,20:50:0D:E7:1C:39,-69,0,345,345,0,0,860,860,0
356359632,NODE_704BCA25B768,child,5,20:50:0D:E7:1C:39,-69,0,345,345,0,0,860,860,0
356459644,NODE_704BCA25B768,child,5,20:50:0D:E7:1C:39,-68,0,345,345,0,0,860,860,0
356559633,NODE_704BCA25B768,child,5,20:50:0D:E7:1C:39,-68,0,345,345,0,0,860,860,0
356659636,NODE_704BCA25B768,child,5,20:50:0D:E7:1C:39,-68,0,345,345,0,0,862,862,0
356759624,NODE_704BCA25B768,child,5,20:50:0D:E7:1C:39,-68,0,345,345,0,0,862,862,0
356859625,NODE_704BCA25B768,child,5,20:50:0D:E7:1C:39,-68,0,345,345,0,0,862,862,0
356959628,NODE_704BCA25B768,child,5,20:50:0D:E7:1C:39,-68,0,345,345,0,0,862,862,0
357059636,NODE_704BCA25B768,child,5,20:50:0D:E7:1C:39,-68,0,345,345,0,0,862,862,0
357159633,NODE_704BCA25B768,child,5,20:50:0D:E7:1C:39,-68,0,345,345,0,0,862,862,0
357259628,NODE_704BCA25B768,child,5,20:50:0D:E7:1C:39,-68,0,346,346,0,0,863,863,0
357359632,NODE_704BCA25B768,child,5,20:50:0D:E7:1C:39,-68,0,346,346,0,0,863,863,0
357459641,NODE_704BCA25B768,child,5,20:50:0D:E7:1C:39,-68,0,346,346,0,0,863,863,0
357559632,NODE_704BCA25B768,child,5,20:50:0D:E7:1C:39,-68,0,346,346,0,0,863,863,0
357659628,NODE_704BCA25B768,child,5,20:50:0D:E7:1C:39,-68,0,346,346,0,0,865,865,0
357759630,NODE_704BCA25B768,child,5,20:50:0D:E7:1C:39,-68,0,346,346,0,0,865,865,0
357859624,NODE_704BCA25B768,child,5,20:50:0D:E7:1C:39,-68,0,346,346,0,0,865,865,0
357959624,NODE_704BCA25B768,child,5,20:50:0D:E7:1C:39,-68,0,346,346,0,0,865,865,0
358059637,NODE_704BCA25B768,child,5,20:50:0D:E7:1C:39,-68,0,346,346,0,0,865,865,0
358159624,NODE_704BCA25B768,child,5,20:50:0D:E7:1C:39,-68,0,346,346,0,0,865,865,0
358259628,NODE_704BCA25B768,child,5,20:50:0D:E7:1C:39,-68,0,347,347,0,0,866,866,0
358359629,NODE_704BCA25B768,child,5,20:50:0D:E7:1C:39,-68,0,347,347,0,0,866,866,0
358459636,NODE_704BCA25B768,child,5,20:50:0D:E7:1C:39,-69,0,347,347,0,0,866,866,0
358559624,NODE_704BCA25B768,child,5,20:50:0D:E7:1C:39,-69,0,347,347,0,0,866,866,0
358659641,NODE_704BCA25B768,child,5,20:50:0D:E7:1C:39,-69,0,347,347,0,0,868,868,0
358759624,NODE_704BCA25B768,child,5,20:50:0D:E7:1C:39,-69,0,347,347,0,0,868,868,0
358859624,NODE_704BCA25B768,child,5,20:50:0D:E7:1C:39,-69,0,347,347,0,0,868,868,0
358959637,NODE_704BCA25B768,child,5,20:50:0D:E7:1C:39,-69,0,347,347,0,0,868,868,0
359059628,NODE_704BCA25B768,child,5,20:50:0D:E7:1C:39,-69,0,347,347,0,0,868,868,0
359159640,NODE_704BCA25B768,child,5,20:50:0D:E7:1C:39,-69,0,347,347,0,0,868,868,0
359259625,NODE_704BCA25B768,child,5,20:50:0D:E7:1C:39,-69,0,348,348,0,0,869,869,0
359359628,NODE_704BCA25B768,child,5,20:50:0D:E7:1C:39,-69,0,348,348,0,0,869,869,0
359459636,NODE_704BCA25B768,child,5,20:50:0D:E7:1C:39,-68,0,348,348,0,0,869,869,0
359559637,NODE_704BCA25B768,child,5,20:50:0D:E7:1C:39,-68,0,348,348,0,0,869,869,0
359659628,NODE_704BCA25B768,child,5,20:50:0D:E7:1C:39,-68,0,348,348,0,0,871,871,0
359759628,NODE_704BCA25B768,child,5,20:50:0D:E7:1C:39,-68,0,348,348,0,0,871,871,0
359859625,NODE_704BCA25B768,child,5,20:50:0D:E7:1C:39,-68,0,348,348,0,0,871,871,0
359959624,NODE_704BCA25B768,child,5,20:50:0D:E7:1C:39,-68,0,348,348,0,0,871,871,0
360059640,NODE_704BCA25B768,child,5,20:50:0D:E7:1C:39,-68,0,348,348,0,0,871,871,0
360159625,NODE_704BCA25B768,child,5,20:50:0D:E7:1C:39,-68,0,348,348,0,0,871,871,0
360259624,NODE_704BCA25B768,child,5,20:50:0D:E7:1C:39,-68,0,349,349,0,0,872,872,0
360359628,NODE_704BCA25B768,child,5,20:50:0D:E7:1C:39,-68,0,349,349,0,0,872,872,0
360459625,NODE_704BCA25B768,child,5,20:50:0D:E7:1C:39,-68,0,349,349,0,0,872,872,0
360559632,NODE_704BCA25B768,child,5,20:50:0D:E7:1C:39,-69,0,349,349,0,0,872,872,0
360659628,NODE_704BCA25B768,child,5,20:50:0D:E7:1C:39,-69,0,349,349,0,0,874,874,0
360759637,NODE_704BCA25B768,child,5,20:50:0D:E7:1C:39,-69,0,349,349,0,0,874,874,0
360859628,NODE_704BCA25B768,child,5,20:50:0D:E7:1C:39,-69,0,349,349,0,0,874,874,0
360959628,NODE_704BCA25B768,child,5,20:50:0D:E7:1C:39,-69,0,349,349,0,0,874,874,0
361059625,NODE_704BCA25B768,child,5,20:50:0D:E7:1C:39,-69,0,349,349,0,0,874,874,0
361159632,NODE_704BCA25B768,child,5,20:50:0D:E7:1C:39,-69,0,349,349,0,0,874,874,0
361259632,NODE_704BCA25B768,child,5,20:50:0D:E7:1C:39,-69,0,350,350,0,0,875,875,0
361359633,NODE_704BCA25B768,child,5,20:50:0D:E7:1C:39,-69,0,350,350,0,0,875,875,0
361459624,NODE_704BCA25B768,child,5,20:50:0D:E7:1C:39,-69,0,350,350,0,0,875,875,0
361559640,NODE_704BCA25B768,child,5,20:50:0D:E7:1C:39,-68,0,350,350,0,0,875,875,0
361659637,NODE_704BCA25B768,child,5,20:50:0D:E7:1C:39,-68,0,350,350,0,0,877,877,0
361759624,NODE_704BCA25B768,child,5,20:50:0D:E7:1C:39,-68,0,350,350,0,0,877,877,0
361859624,NODE_704BCA25B768,child,5,20:50:0D:E7:1C:39,-68,0,350,350,0,0,877,877,0
361959633,NODE_704BCA25B768,child,5,20:50:0D:E7:1C:39,-68,0,350,350,0,0,877,877,0
362059632,NODE_704BCA25B768,child,5,20:50:0D:E7:1C:39,-68,0,350,350,0,0,877,877,0
362159644,NODE_704BCA25B768,child,5,20:50:0D:E7:1C:39,-68,0,350,350,0,0,877,877,0
362259637,NODE_704BCA25B768,child,5,20:50:0D:E7:1C:39,-68,0,351,351,0,0,878,878,0
362359624,NODE_704BCA25B768,child,5,20:50:0D:E7:1C:39,-68,0,351,351,0,0,878,878,0
362459624,NODE_704BCA25B768,child,5,20:50:0D:E7:1C:39,-68,0,351,351,0,0,878,878,0
362559645,NODE_704BCA25B768,child,5,20:50:0D:E7:1C:39,-68,0,351,351,0,0,878,878,0
362659628,NODE_704BCA25B768,child,5,20:50:0D:E7:1C:39,-68,0,351,351,0,0,880,880,0
362759629,NODE_704BCA25B768,child,5,20:50:0D:E7:1C:39,-68,0,351,351,0,0,880,880,0
362859625,NODE_704BCA25B768,child,5,20:50:0D:E7:1C:39,-68,0,351,351,0,0,880,880,0
362959624,NODE_704BCA25B768,child,5,20:50:0D:E7:1C:39,-68,0,351,351,0,0,880,880,0
363059628,NODE_704BCA25B768,child,5,20:50:0D:E7:1C:39,-68,0,351,351,0,0,880,880,0
363159629,NODE_704BCA25B768,child,5,20:50:0D:E7:1C:39,-68,0,351,351,0,0,880,880,0
363259628,NODE_704BCA25B768,child,5,20:50:0D:E7:1C:39,-68,0,352,352,0,0,881,881,0
363359701,NODE_704BCA25B768,child,5,20:50:0D:E7:1C:39,-68,0,352,352,0,0,881,881,0
363459641,NODE_704BCA25B768,child,5,20:50:0D:E7:1C:39,-68,0,352,352,0,0,881,881,0
363559640,NODE_704BCA25B768,child,5,20:50:0D:E7:1C:39,-68,0,352,352,0,0,881,881,0
363659636,NODE_704BCA25B768,child,5,20:50:0D:E7:1C:39,-68,0,352,352,0,0,883,883,0
363759625,NODE_704BCA25B768,child,5,20:50:0D:E7:1C:39,-68,0,352,352,0,0,883,883,0
363859628,NODE_704BCA25B768,child,5,20:50:0D:E7:1C:39,-68,0,352,352,0,0,883,883,0
363959636,NODE_704BCA25B768,child,5,20:50:0D:E7:1C:39,-68,0,352,352,0,0,883,883,0
364059625,NODE_704BCA25B768,child,5,20:50:0D:E7:1C:39,-68,0,352,352,0,0,883,883,0
364159628,NODE_704BCA25B768,child,5,20:50:0D:E7:1C:39,-68,0,352,352,0,0,883,883,0
364259632,NODE_704BCA25B768,child,5,20:50:0D:E7:1C:39,-68,0,353,353,0,0,884,884,0
364359625,NODE_704BCA25B768,child,5,20:50:0D:E7:1C:39,-68,0,353,353,0,0,884,884,0
364459624,NODE_704BCA25B768,child,5,20:50:0D:E7:1C:39,-68,0,353,353,0,0,884,884,0
364559640,NODE_704BCA25B768,child,5,20:50:0D:E7:1C:39,-69,0,353,353,0,0,884,884,0
364659641,NODE_704BCA25B768,child,5,20:50:0D:E7:1C:39,-69,0,353,353,0,0,886,886,0
364759628,NODE_704BCA25B768,child,5,20:50:0D:E7:1C:39,-69,0,353,353,0,0,886,886,0
364859624,NODE_704BCA25B768,child,5,20:50:0D:E7:1C:39,-69,0,353,353,0,0,886,886,0
364959633,NODE_704BCA25B768,child,5,20:50:0D:E7:1C:39,-69,0,353,353,0,0,886,886,0
365059636,NODE_704BCA25B768,child,5,20:50:0D:E7:1C:39,-69,0,353,353,0,0,886,886,0
365159636,NODE_704BCA25B768,child,5,20:50:0D:E7:1C:39,-69,0,353,353,0,0,886,886,0
365259633,NODE_704BCA25B768,child,5,20:50:0D:E7:1C:39,-69,0,354,354,0,0,887,887,0
365359628,NODE_704BCA25B768,child,5,20:50:0D:E7:1C:39,-69,0,354,354,0,0,887,887,0
365459624,NODE_704BCA25B768,child,5,20:50:0D:E7:1C:39,-69,0,354,354,0,0,887,887,0
365559629,NODE_704BCA25B768,child,5,20:50:0D:E7:1C:39,-69,0,354,354,0,0,887,887,0
365659640,NODE_704BCA25B768,child,5,20:50:0D:E7:1C:39,-68,0,354,354,0,0,889,889,0
365759632,NODE_704BCA25B768,child,5,20:50:0D:E7:1C:39,-68,0,354,354,0,0,889,889,0
365859625,NODE_704BCA25B768,child,5,20:50:0D:E7:1C:39,-68,0,354,354,0,0,889,889,0
365959628,NODE_704BCA25B768,child,5,20:50:0D:E7:1C:39,-68,0,354,354,0,0,889,889,0
366059624,NODE_704BCA25B768,child,5,20:50:0D:E7:1C:39,-68,0,354,354,0,0,889,889,0
366159625,NODE_704BCA25B768,child,5,20:50:0D:E7:1C:39,-68,0,354,354,0,0,889,889,0
366259628,NODE_704BCA25B768,child,5,20:50:0D:E7:1C:39,-68,0,355,355,0,0,890,890,0
366359636,NODE_704BCA25B768,child,5,20:50:0D:E7:1C:39,-68,0,355,355,0,0,890,890,0
366459625,NODE_704BCA25B768,child,5,20:50:0D:E7:1C:39,-68,0,355,355,0,0,890,890,0
366559624,NODE_704BCA25B768,child,5,20:50:0D:E7:1C:39,-68,0,355,355,0,0,890,890,0
366659632,NODE_704BCA25B768,child,5,20:50:0D:E7:1C:39,-69,0,355,355,0,0,892,892,0
366759629,NODE_704BCA25B768,child,5,20:50:0D:E7:1C:39,-69,0,355,355,0,0,892,892,0
366859624,NODE_704BCA25B768,child,5,20:50:0D:E7:1C:39,-69,0,355,355,0,0,892,892,0
366959624,NODE_704BCA25B768,child,5,20:50:0D:E7:1C:39,-69,0,355,355,0,0,892,892,0
367059637,NODE_704BCA25B768,child,5,20:50:0D:E7:1C:39,-69,0,355,355,0,0,892,892,0
367159624,NODE_704BCA25B768,child,5,20:50:0D:E7:1C:39,-69,0,355,355,0,0,892,892,0
367259628,NODE_704BCA25B768,child,5,20:50:0D:E7:1C:39,-69,0,356,356,0,0,893,893,0
367359633,NODE_704BCA25B768,child,5,20:50:0D:E7:1C:39,-69,0,356,356,0,0,893,893,0
367459652,NODE_704BCA25B768,child,5,20:50:0D:E7:1C:39,-69,0,356,356,0,0,893,893,0
367559636,NODE_704BCA25B768,child,5,20:50:0D:E7:1C:39,-69,0,356,356,0,0,893,893,0
367659633,NODE_704BCA25B768,child,5,20:50:0D:E7:1C:39,-68,0,356,356,0,0,895,894,0
367759633,NODE_704BCA25B768,child,5,20:50:0D:E7:1C:39,-68,0,356,356,0,0,895,895,0
367859624,NODE_704BCA25B768,child,5,20:50:0D:E7:1C:39,-68,0,356,356,0,0,895,895,0
367959637,NODE_704BCA25B768,child,5,20:50:0D:E7:1C:39,-68,0,356,356,0,0,895,895,0
368059624,NODE_704BCA25B768,child,5,20:50:0D:E7:1C:39,-68,0,356,356,0,0,895,895,0
368159636,NODE_704BCA25B768,child,5,20:50:0D:E7:1C:39,-68,0,356,356,0,0,895,895,0
368259629,NODE_704BCA25B768,child,5,20:50:0D:E7:1C:39,-68,0,357,357,0,0,896,896,0
368359624,NODE_704BCA25B768,child,5,20:50:0D:E7:1C:39,-68,0,357,357,0,0,896,896,0
368459624,NODE_704BCA25B768,child,5,20:50:0D:E7:1C:39,-68,0,357,357,0,0,896,896,0
368559629,NODE_704BCA25B768,child,5,20:50:0D:E7:1C:39,-68,0,357,357,0,0,896,896,0
368659636,NODE_704BCA25B768,child,5,20:50:0D:E7:1C:39,-68,0,357,357,0,0,898,898,0
368759628,NODE_704BCA25B768,child,5,20:50:0D:E7:1C:39,-68,0,357,357,0,0,898,898,0
368859629,NODE_704BCA25B768,child,5,20:50:0D:E7:1C:39,-68,0,357,357,0,0,898,898,0
368959632,NODE_704BCA25B768,child,5,20:50:0D:E7:1C:39,-68,0,357,357,0,0,898,898,0
369059632,NODE_704BCA25B768,child,5,20:50:0D:E7:1C:39,-68,0,357,357,0,0,898,898,0
369159629,NODE_704BCA25B768,child,5,20:50:0D:E7:1C:39,-68,0,357,357,0,0,898,898,0
369259624,NODE_704BCA25B768,child,5,20:50:0D:E7:1C:39,-68,0,358,358,0,0,899,899,0
369359636,NODE_704BCA25B768,child,5,20:50:0D:E7:1C:39,-68,0,358,358,0,0,899,899,0
369459625,NODE_704BCA25B768,child,5,20:50:0D:E7:1C:39,-68,0,358,358,0,0,899,899,0
369559632,NODE_704BCA25B768,child,5,20:50:0D:E7:1C:39,-68,0,358,358,0,0,899,899,0
369659632,NODE_704BCA25B768,child,5,20:50:0D:E7:1C:39,-68,0,358,358,0,0,901,901,0
369759641,NODE_704BCA25B768,child,5,20:50:0D:E7:1C:39,-68,0,358,358,0,0,901,901,0
369859628,NODE_704BCA25B768,child,5,20:50:0D:E7:1C:39,-68,0,358,358,0,0,901,901,0
369959628,NODE_704BCA25B768,child,5,20:50:0D:E7:1C:39,-68,0,358,358,0,0,901,901,0
370059633,NODE_704BCA25B768,child,5,20:50:0D:E7:1C:39,-68,0,358,358,0,0,901,901,0
370159624,NODE_704BCA25B768,child,5,20:50:0D:E7:1C:39,-68,0,358,358,0,0,901,901,0
370259632,NODE_704BCA25B768,child,5,20:50:0D:E7:1C:39,-68,0,359,359,0,0,902,902,0
370359633,NODE_704BCA25B768,child,5,20:50:0D:E7:1C:39,-68,0,359,359,0,0,902,902,0
370459640,NODE_704BCA25B768,child,5,20:50:0D:E7:1C:39,-68,0,359,359,0,0,902,902,0
370559624,NODE_704BCA25B768,child,5,20:50:0D:E7:1C:39,-68,0,359,359,0,0,902,902,0
370659641,NODE_704BCA25B768,child,5,20:50:0D:E7:1C:39,-68,0,359,359,0,0,904,904,0
370759640,NODE_704BCA25B768,child,5,20:50:0D:E7:1C:39,-69,0,359,359,0,0,904,904,0
370859624,NODE_704BCA25B768,child,5,20:50:0D:E7:1C:39,-69,0,359,359,0,0,904,904,0
370959637,NODE_704BCA25B768,child,5,20:50:0D:E7:1C:39,-69,0,359,359,0,0,904,904,0
371059624,NODE_704BCA25B768,child,5,20:50:0D:E7:1C:39,-69,0,359,359,0,0,904,904,0
371159636,NODE_704BCA25B768,child,5,20:50:0D:E7:1C:39,-69,0,359,359,0,0,904,904,0
371259625,NODE_704BCA25B768,child,5,20:50:0D:E7:1C:39,-69,0,360,360,0,0,905,905,0
371359640,NODE_704BCA25B768,child,5,20:50:0D:E7:1C:39,-69,0,360,360,0,0,905,905,0
371459624,NODE_704BCA25B768,child,5,20:50:0D:E7:1C:39,-69,0,360,360,0,0,905,905,0
371559625,NODE_704BCA25B768,child,5,20:50:0D:E7:1C:39,-69,0,360,360,0,0,905,905,0
371659632,NODE_704BCA25B768,child,5,20:50:0D:E7:1C:39,-69,0,360,360,0,0,907,907,0
371759640,NODE_704BCA25B768,child,5,20:50:0D:E7:1C:39,-68,0,360,360,0,0,907,907,0
371859625,NODE_704BCA25B768,child,5,20:50:0D:E7:1C:39,-68,0,360,360,0,0,907,907,0
371959636,NODE_704BCA25B768,child,5,20:50:0D:E7:1C:39,-68,0,360,360,0,0,907,907,0
372059624,NODE_704BCA25B768,child,5,20:50:0D:E7:1C:39,-68,0,360,360,0,0,907,907,0
372159625,NODE_704BCA25B768,child,5,20:50:0D:E7:1C:39,-68,0,360,360,0,0,907,907,0
372259628,NODE_704BCA25B768,child,5,20:50:0D:E7:1C:39,-68,0,361,361,0,0,908,908,0
372359636,NODE_704BCA25B768,child,5,20:50:0D:E7:1C:39,-68,0,361,361,0,0,908,908,0
372459625,NODE_704BCA25B768,child,5,20:50:0D:E7:1C:39,-68,0,361,361,0,0,908,908,0
372559632,NODE_704BCA25B768,child,5,20:50:0D:E7:1C:39,-68,0,361,361,0,0,908,908,0
372659632,NODE_704BCA25B768,child,5,20:50:0D:E7:1C:39,-68,0,361,361,0,0,910,910,0
372759642,NODE_704BCA25B768,child,5,20:50:0D:E7:1C:39,-69,0,361,361,0,0,910,910,0
372859624,NODE_704BCA25B768,child,5,20:50:0D:E7:1C:39,-69,0,361,361,0,0,910,910,0
372959628,NODE_704BCA25B768,child,5,20:50:0D:E7:1C:39,-69,0,361,361,0,0,910,910,0
373059625,NODE_704BCA25B768,child,5,20:50:0D:E7:1C:39,-69,0,361,361,0,0,910,910,0
373159624,NODE_704BCA25B768,child,5,20:50:0D:E7:1C:39,-69,0,361,361,0,0,910,910,0
373259628,NODE_704BCA25B768,child,5,20:50:0D:E7:1C:39,-69,0,362,362,0,0,911,911,0
373359633,NODE_704BCA25B768,child,5,20:50:0D:E7:1C:39,-69,0,362,362,0,0,911,911,0
373459624,NODE_704BCA25B768,child,5,20:50:0D:E7:1C:39,-69,0,362,362,0,0,911,911,0
373559624,NODE_704BCA25B768,child,5,20:50:0D:E7:1C:39,-69,0,362,362,0,0,911,911,0
373659641,NODE_704BCA25B768,child,5,20:50:0D:E7:1C:39,-69,0,362,362,0,0,913,913,0
373759628,NODE_704BCA25B768,child,5,20:50:0D:E7:1C:39,-69,0,362,362,0,0,913,913,0
373859636,NODE_704BCA25B768,child,5,20:50:0D:E7:1C:39,-69,0,362,362,0,0,913,913,0
373959637,NODE_704BCA25B768,child,5,20:50:0D:E7:1C:39,-69,0,362,362,0,0,913,913,0
374059628,NODE_704BCA25B768,child,5,20:50:0D:E7:1C:39,-69,0,362,362,0,0,913,913,0
374159636,NODE_704BCA25B768,child,5,20:50:0D:E7:1C:39,-69,0,362,362,0,0,913,913,0
374259625,NODE_704BCA25B768,child,5,20:50:0D:E7:1C:39,-69,0,363,363,0,0,914,914,0
374359632,NODE_704BCA25B768,child,5,20:50:0D:E7:1C:39,-69,0,363,363,0,0,914,914,0
374459628,NODE_704BCA25B768,child,5,20:50:0D:E7:1C:39,-69,0,363,363,0,0,914,914,0
374559633,NODE_704BCA25B768,child,5,20:50:0D:E7:1C:39,-69,0,363,363,0,0,914,914,0
374659628,NODE_704BCA25B768,child,5,20:50:0D:E7:1C:39,-69,0,363,363,0,0,916,916,0
374759632,NODE_704BCA25B768,child,5,20:50:0D:E7:1C:39,-69,0,363,363,0,0,916,916,0
374859637,NODE_704BCA25B768,child,5,20:50:0D:E7:1C:39,-68,0,363,363,0,0,916,916,0
374959624,NODE_704BCA25B768,child,5,20:50:0D:E7:1C:39,-68,0,363,363,0,0,916,916,0
375059636,NODE_704BCA25B768,child,5,20:50:0D:E7:1C:39,-68,0,363,363,0,0,916,916,0
375159625,NODE_704BCA25B768,child,5,20:50:0D:E7:1C:39,-68,0,363,363,0,0,916,916,0
375259841,NODE_704BCA25B768,child,5,20:50:0D:E7:1C:39,-68,0,363,363,0,0,917,917,0
375359624,NODE_704BCA25B768,child,5,20:50:0D:E7:1C:39,-68,0,364,364,0,0,917,917,0
375459637,NODE_704BCA25B768,child,5,20:50:0D:E7:1C:39,-68,0,364,364,0,0,917,917,0
375559624,NODE_704BCA25B768,child,5,20:50:0D:E7:1C:39,-68,0,364,364,0,0,917,917,0
375659628,NODE_704BCA25B768,child,5,20:50:0D:E7:1C:39,-68,0,364,364,0,0,918,918,0
375759637,NODE_704BCA25B768,child,5,20:50:0D:E7:1C:39,-68,0,364,364,0,0,919,919,0
375859636,NODE_704BCA25B768,child,5,20:50:0D:E7:1C:39,-68,0,364,364,0,0,919,919,0
375959727,NODE_704BCA25B768,child,5,20:50:0D:E7:1C:39,-68,0,364,364,0,0,919,919,0
376059629,NODE_704BCA25B768,child,5,20:50:0D:E7:1C:39,-68,0,364,364,0,0,919,919,0
376159771,NODE_704BCA25B768,child,5,20:50:0D:E7:1C:39,-68,0,364,364,0,0,919,919,0
376260391,NODE_704BCA25B768,child,5,20:50:0D:E7:1C:39,-68,0,364,364,0,0,920,920,0
376359637,NODE_704BCA25B768,child,5,20:50:0D:E7:1C:39,-68,0,365,365,0,0,920,920,0
376459628,NODE_704BCA25B768,child,5,20:50:0D:E7:1C:39,-68,0,365,365,0,0,920,920,0
376559628,NODE_704BCA25B768,child,5,20:50:0D:E7:1C:39,-68,0,365,365,0,0,920,920,0
376659641,NODE_704BCA25B768,child,5,20:50:0D:E7:1C:39,-68,0,365,365,0,0,921,921,0
376759624,NODE_704BCA25B768,child,5,20:50:0D:E7:1C:39,-68,0,365,365,0,0,922,922,0
376859640,NODE_704BCA25B768,child,5,20:50:0D:E7:1C:39,-69,0,365,365,0,0,922,922,0
376959637,NODE_704BCA25B768,child,5,20:50:0D:E7:1C:39,-69,0,365,365,0,0,922,922,0
377059624,NODE_704BCA25B768,child,5,20:50:0D:E7:1C:39,-69,0,365,365,0,0,922,922,0
377159636,NODE_704BCA25B768,child,5,20:50:0D:E7:1C:39,-69,0,365,365,0,0,922,922,0
377260388,NODE_704BCA25B768,child,5,20:50:0D:E7:1C:39,-69,0,365,365,0,0,923,923,0
377359624,NODE_704BCA25B768,child,5,20:50:0D:E7:1C:39,-69,0,366,366,0,0,923,923,0
377459636,NODE_704BCA25B768,child,5,20:50:0D:E7:1C:39,-69,0,366,366,0,0,923,923,0
377559641,NODE_704BCA25B768,child,5,20:50:0D:E7:1C:39,-69,0,366,366,0,0,923,923,0
377659636,NODE_704BCA25B768,child,5,20:50:0D:E7:1C:39,-69,0,366,366,0,0,924,924,0
377759633,NODE_704BCA25B768,child,5,20:50:0D:E7:1C:39,-69,0,366,366,0,0,925,925,0
377859629,NODE_704BCA25B768,child,5,20:50:0D:E7:1C:39,-69,0,366,366,0,0,925,925,0
377959636,NODE_704BCA25B768,child,5,20:50:0D:E7:1C:39,-69,0,366,366,0,0,925,925,0
378059628,NODE_704BCA25B768,child,5,20:50:0D:E7:1C:39,-69,0,366,366,0,0,925,925,0
378159625,NODE_704BCA25B768,child,5,20:50:0D:E7:1C:39,-69,0,366,366,0,0,925,925,0
378260392,NODE_704BCA25B768,child,5,20:50:0D:E7:1C:39,-69,0,366,366,0,0,926,926,0
378359628,NODE_704BCA25B768,child,5,20:50:0D:E7:1C:39,-69,0,367,367,0,0,926,926,0
378459629,NODE_704BCA25B768,child,5,20:50:0D:E7:1C:39,-69,0,367,367,0,0,926,926,0
378559636,NODE_704BCA25B768,child,5,20:50:0D:E7:1C:39,-69,0,367,367,0,0,926,926,0
378659628,NODE_704BCA25B768,child,5,20:50:0D:E7:1C:39,-69,0,367,367,0,0,927,927,0
378759641,NODE_704BCA25B768,child,5,20:50:0D:E7:1C:39,-69,0,367,367,0,0,928,928,0
378859624,NODE_704BCA25B768,child,5,20:50:0D:E7:1C:39,-69,0,367,367,0,0,928,928,0
378959640,NODE_704BCA25B768,child,5,20:50:0D:E7:1C:39,-69,0,367,367,0,0,928,928,0
379059625,NODE_704BCA25B768,child,5,20:50:0D:E7:1C:39,-69,0,367,367,0,0,928,928,0
379159632,NODE_704BCA25B768,child,5,20:50:0D:E7:1C:39,-69,0,367,367,0,0,928,928,0
379260391,NODE_704BCA25B768,child,5,20:50:0D:E7:1C:39,-69,0,367,367,0,0,929,929,0
379359629,NODE_704BCA25B768,child,5,20:50:0D:E7:1C:39,-69,0,368,368,0,0,929,929,0
379459624,NODE_704BCA25B768,child,5,20:50:0D:E7:1C:39,-69,0,368,368,0,0,929,929,0
379559640,NODE_704BCA25B768,child,5,20:50:0D:E7:1C:39,-69,0,368,368,0,0,929,929,0
379659637,NODE_704BCA25B768,child,5,20:50:0D:E7:1C:39,-69,0,368,368,0,0,930,930,0
379759624,NODE_704BCA25B768,child,5,20:50:0D:E7:1C:39,-69,0,368,368,0,0,931,930,0
379859632,NODE_704BCA25B768,child,5,20:50:0D:E7:1C:39,-69,0,368,368,0,0,931,931,0
379959645,NODE_704BCA25B768,child,5,20:50:0D:E7:1C:39,-69,0,368,368,0,0,931,931,0
380059632,NODE_704BCA25B768,child,5,20:50:0D:E7:1C:39,-69,0,368,368,0,0,931,931,0
380159636,NODE_704BCA25B768,child,5,20:50:0D:E7:1C:39,-69,0,368,368,0,0,931,931,0
380260243,NODE_704BCA25B768,child,5,20:50:0D:E7:1C:39,-69,0,368,368,0,0,932,932,0
380359624,NODE_704BCA25B768,child,5,20:50:0D:E7:1C:39,-69,0,369,369,0,0,932,932,0
380459628,NODE_704BCA25B768,child,5,20:50:0D:E7:1C:39,-69,0,369,369,0,0,932,932,0
380559633,NODE_704BCA25B768,child,5,20:50:0D:E7:1C:39,-69,0,369,369,0,0,932,932,0
380659628,NODE_704BCA25B768,child,5,20:50:0D:E7:1C:39,-69,0,369,369,0,0,933,933,0
380759628,NODE_704BCA25B768,child,5,20:50:0D:E7:1C:39,-69,0,369,369,0,0,934,934,0
380859629,NODE_704BCA25B768,child,5,20:50:0D:E7:1C:39,-69,0,369,369,0,0,934,934,0
380959636,NODE_704BCA25B768,child,5,20:50:0D:E7:1C:39,-69,0,369,369,0,0,934,934,0
381059636,NODE_704BCA25B768,child,5,20:50:0D:E7:1C:39,-69,0,369,369,0,0,934,934,0
381159625,NODE_704BCA25B768,child,5,20:50:0D:E7:1C:39,-69,0,369,369,0,0,934,934,0
381260390,NODE_704BCA25B768,child,5,20:50:0D:E7:1C:39,-69,0,369,369,0,0,935,935,0
381359628,NODE_704BCA25B768,child,5,20:50:0D:E7:1C:39,-69,0,370,370,0,0,935,935,0
381459629,NODE_704BCA25B768,child,5,20:50:0D:E7:1C:39,-69,0,370,370,0,0,935,935,0
381559628,NODE_704BCA25B768,child,5,20:50:0D:E7:1C:39,-69,0,370,370,0,0,935,935,0
381659632,NODE_704BCA25B768,child,5,20:50:0D:E7:1C:39,-69,0,370,370,0,0,936,936,0
381759629,NODE_704BCA25B768,child,5,20:50:0D:E7:1C:39,-69,0,370,370,0,0,937,937,0
381859628,NODE_704BCA25B768,child,5,20:50:0D:E7:1C:39,-69,0,370,370,0,0,937,937,0
381959640,NODE_704BCA25B768,child,5,20:50:0D:E7:1C:39,-69,0,370,370,0,0,937,937,0
382059633,NODE_704BCA25B768,child,5,20:50:0D:E7:1C:39,-69,0,370,370,0,0,937,937,0
382159624,NODE_704BCA25B768,child,5,20:50:0D:E7:1C:39,-69,0,370,370,0,0,937,937,0
382260399,NODE_704BCA25B768,child,5,20:50:0D:E7:1C:39,-69,0,370,370,0,0,938,938,0
382359629,NODE_704BCA25B768,child,5,20:50:0D:E7:1C:39,-69,0,371,371,0,0,938,938,0
382459628,NODE_704BCA25B768,child,5,20:50:0D:E7:1C:39,-69,0,371,371,0,0,938,938,0
382559636,NODE_704BCA25B768,child,5,20:50:0D:E7:1C:39,-69,0,371,371,0,0,938,938,0
382659641,NODE_704BCA25B768,child,5,20:50:0D:E7:1C:39,-69,0,371,371,0,0,939,939,0
382759629,NODE_704BCA25B768,child,5,20:50:0D:E7:1C:39,-69,0,371,371,0,0,940,940,0
382859628,NODE_704BCA25B768,child,5,20:50:0D:E7:1C:39,-69,0,371,371,0,0,940,940,0
382959637,NODE_704BCA25B768,child,5,20:50:0D:E7:1C:39,-69,0,371,371,0,0,940,940,0
383059636,NODE_704BCA25B768,child,5,20:50:0D:E7:1C:39,-68,0,371,371,0,0,940,940,0
383159636,NODE_704BCA25B768,child,5,20:50:0D:E7:1C:39,-68,0,371,371,0,0,940,940,0
383260387,NODE_704BCA25B768,child,5,20:50:0D:E7:1C:39,-68,0,371,371,0,0,941,941,0
383359628,NODE_704BCA25B768,child,5,20:50:0D:E7:1C:39,-68,0,372,372,0,0,941,941,0
383459628,NODE_704BCA25B768,child,5,20:50:0D:E7:1C:39,-68,0,372,372,0,0,941,941,0
383559633,NODE_704BCA25B768,child,5,20:50:0D:E7:1C:39,-68,0,372,372,0,0,941,941,0
383659636,NODE_704BCA25B768,child,5,20:50:0D:E7:1C:39,-68,0,372,372,0,0,942,942,0
383759624,NODE_704BCA25B768,child,5,20:50:0D:E7:1C:39,-68,0,372,372,0,0,943,943,0
383859629,NODE_704BCA25B768,child,5,20:50:0D:E7:1C:39,-68,0,372,372,0,0,943,943,0
383959636,NODE_704BCA25B768,child,5,20:50:0D:E7:1C:39,-68,0,372,372,0,0,943,943,0
384059640,NODE_704BCA25B768,child,5,20:50:0D:E7:1C:39,-69,0,372,372,0,0,943,943,0
384159625,NODE_704BCA25B768,child,5,20:50:0D:E7:1C:39,-69,0,372,372,0,0,943,943,0
384260386,NODE_704BCA25B768,child,5,20:50:0D:E7:1C:39,-69,0,372,372,0,0,944,944,0
384359624,NODE_704BCA25B768,child,5,20:50:0D:E7:1C:39,-69,0,373,373,0,0,944,944,0
384459625,NODE_704BCA25B768,child,5,20:50:0D:E7:1C:39,-69,0,373,373,0,0,944,944,0
384559632,NODE_704BCA25B768,child,5,20:50:0D:E7:1C:39,-69,0,373,373,0,0,944,944,0
384659754,NODE_704BCA25B768,child,5,20:50:0D:E7:1C:39,-69,0,373,373,0,0,945,945,0
384759625,NODE_704BCA25B768,child,5,20:50:0D:E7:1C:39,-69,0,373,373,0,0,946,945,0
384859628,NODE_704BCA25B768,child,5,20:50:0D:E7:1C:39,-69,0,373,373,0,0,946,946,0
384959632,NODE_704BCA25B768,child,5,20:50:0D:E7:1C:39,-69,0,373,373,0,0,946,946,0
385059645,NODE_704BCA25B768,child,5,20:50:0D:E7:1C:39,-68,0,373,373,0,0,946,946,0
385159624,NODE_704BCA25B768,child,5,20:50:0D:E7:1C:39,-68,0,373,373,0,0,946,946,0
385260397,NODE_704BCA25B768,child,5,20:50:0D:E7:1C:39,-68,0,373,373,0,0,947,947,0
385359629,NODE_704BCA25B768,child,5,20:50:0D:E7:1C:39,-68,0,374,374,0,0,947,947,0
385459628,NODE_704BCA25B768,child,5,20:50:0D:E7:1C:39,-68,0,374,374,0,0,947,947,0
385559624,NODE_704BCA25B768,child,5,20:50:0D:E7:1C:39,-68,0,374,374,0,0,947,947,0
385660220,NODE_704BCA25B768,child,5,20:50:0D:E7:1C:39,-68,0,374,374,0,0,948,948,0
385759640,NODE_704BCA25B768,child,5,20:50:0D:E7:1C:39,-68,0,374,374,0,0,948,948,0
385859632,NODE_704BCA25B768,child,5,20:50:0D:E7:1C:39,-68,0,374,374,0,0,949,949,0
385959637,NODE_704BCA25B768,child,5,20:50:0D:E7:1C:39,-68,0,374,374,0,0,949,949,0
386059628,NODE_704BCA25B768,child,5,20:50:0D:E7:1C:39,-68,0,374,374,0,0,949,949,0
386159644,NODE_704BCA25B768,child,5,20:50:0D:E7:1C:39,-69,0,374,374,0,0,949,949,0
386260391,NODE_704BCA25B768,child,5,20:50:0D:E7:1C:39,-69,0,374,374,0,0,950,950,0
386359636,NODE_704BCA25B768,child,5,20:50:0D:E7:1C:39,-69,0,375,375,0,0,950,950,0
386459624,NODE_704BCA25B768,child,5,20:50:0D:E7:1C:39,-69,0,375,375,0,0,950,950,0
386559625,NODE_704BCA25B768,child,5,20:50:0D:E7:1C:39,-69,0,375,375,0,0,950,950,0
386659636,NODE_704BCA25B768,child,5,20:50:0D:E7:1C:39,-69,0,375,375,0,0,951,951,0
386759632,NODE_704BCA25B768,child,5,20:50:0D:E7:1C:39,-69,0,375,375,0,0,951,951,0
386859629,NODE_704BCA25B768,child,5,20:50:0D:E7:1C:39,-69,0,375,375,0,0,952,952,0
386959636,NODE_704BCA25B768,child,5,20:50:0D:E7:1C:39,-69,0,375,375,0,0,952,952,0
387059624,NODE_704BCA25B768,child,5,20:50:0D:E7:1C:39,-69,0,375,375,0,0,952,952,0
387159637,NODE_704BCA25B768,child,5,20:50:0D:E7:1C:39,-68,0,375,375,0,0,952,952,0
387260399,NODE_704BCA25B768,child,5,20:50:0D:E7:1C:39,-68,0,375,375,0,0,953,953,0
387359640,NODE_704BCA25B768,child,5,20:50:0D:E7:1C:39,-68,0,376,376,0,0,953,953,0
387459625,NODE_704BCA25B768,child,5,20:50:0D:E7:1C:39,-68,0,376,376,0,0,953,953,0
387559636,NODE_704BCA25B768,child,5,20:50:0D:E7:1C:39,-68,0,376,376,0,0,953,953,0
387659632,NODE_704BCA25B768,child,5,20:50:0D:E7:1C:39,-68,0,376,376,0,0,954,954,0
387759638,NODE_704BCA25B768,child,5,20:50:0D:E7:1C:39,-68,0,376,376,0,0,954,954,0
387859628,NODE_704BCA25B768,child,5,20:50:0D:E7:1C:39,-68,0,376,376,0,0,955,955,0
387959632,NODE_704BCA25B768,child,5,20:50:0D:E7:1C:39,-68,0,376,376,0,0,955,955,0
388059629,NODE_704BCA25B768,child,5,20:50:0D:E7:1C:39,-68,0,376,376,0,0,955,955,0
388159636,NODE_704BCA25B768,child,5,20:50:0D:E7:1C:39,-69,0,376,376,0,0,955,955,0
388260386,NODE_704BCA25B768,child,5,20:50:0D:E7:1C:39,-69,0,376,376,0,0,956,956,0
388359633,NODE_704BCA25B768,child,5,20:50:0D:E7:1C:39,-69,0,377,377,0,0,956,956,0
388459628,NODE_704BCA25B768,child,5,20:50:0D:E7:1C:39,-69,0,377,377,0,0,956,956,0
388559632,NODE_704BCA25B768,child,5,20:50:0D:E7:1C:39,-69,0,377,377,0,0,956,956,0
388659637,NODE_704BCA25B768,child,5,20:50:0D:E7:1C:39,-69,0,377,377,0,0,957,957,0
388759748,NODE_704BCA25B768,child,5,20:50:0D:E7:1C:39,-69,0,377,377,0,0,957,957,0
388859628,NODE_704BCA25B768,child,5,20:50:0D:E7:1C:39,-69,0,377,377,0,0,958,958,0
388959813,NODE_704BCA25B768,child,5,20:50:0D:E7:1C:39,-69,0,377,377,0,0,958,958,0
389059624,NODE_704BCA25B768,child,5,20:50:0D:E7:1C:39,-69,0,377,377,0,0,958,958,0
389159644,NODE_704BCA25B768,child,5,20:50:0D:E7:1C:39,-69,0,377,377,0,0,958,958,0
389260396,NODE_704BCA25B768,child,5,20:50:0D:E7:1C:39,-69,0,377,377,0,0,959,959,0
389359628,NODE_704BCA25B768,child,5,20:50:0D:E7:1C:39,-69,0,378,378,0,0,959,959,0
389459632,NODE_704BCA25B768,child,5,20:50:0D:E7:1C:39,-69,0,378,378,0,0,959,959,0
389559633,NODE_704BCA25B768,child,5,20:50:0D:E7:1C:39,-69,0,378,378,0,0,959,959,0
389659628,NODE_704BCA25B768,child,5,20:50:0D:E7:1C:39,-69,0,378,378,0,0,960,960,0
389759636,NODE_704BCA25B768,child,5,20:50:0D:E7:1C:39,-69,0,378,378,0,0,960,960,0
389859629,NODE_704BCA25B768,child,5,20:50:0D:E7:1C:39,-69,0,378,378,0,0,961,961,0
389959628,NODE_704BCA25B768,child,5,20:50:0D:E7:1C:39,-69,0,378,378,0,0,961,961,0
390059636,NODE_704BCA25B768,child,5,20:50:0D:E7:1C:39,-69,0,378,378,0,0,961,961,0
390159633,NODE_704BCA25B768,child,5,20:50:0D:E7:1C:39,-69,0,378,378,0,0,961,961,0
390260390,NODE_704BCA25B768,child,5,20:50:0D:E7:1C:39,-69,0,378,378,0,0,962,962,0
390359628,NODE_704BCA25B768,child,5,20:50:0D:E7:1C:39,-69,0,379,379,0,0,962,962,0
390459629,NODE_704BCA25B768,child,5,20:50:0D:E7:1C:39,-69,0,379,379,0,0,962,962,0
390559624,NODE_704BCA25B768,child,5,20:50:0D:E7:1C:39,-69,0,379,379,0,0,962,962,0
390659632,NODE_704BCA25B768,child,5,20:50:0D:E7:1C:39,-69,0,379,379,0,0,963,963,0
390759637,NODE_704BCA25B768,child,5,20:50:0D:E7:1C:39,-69,0,379,379,0,0,963,963,0
390859640,NODE_704BCA25B768,child,5,20:50:0D:E7:1C:39,-69,0,379,379,0,0,964,964,0
390959628,NODE_704BCA25B768,child,5,20:50:0D:E7:1C:39,-69,0,379,379,0,0,964,964,0
391059625,NODE_704BCA25B768,child,5,20:50:0D:E7:1C:39,-69,0,379,379,0,0,964,964,0
391159628,NODE_704BCA25B768,child,5,20:50:0D:E7:1C:39,-69,0,379,379,0,0,964,964,0
391260391,NODE_704BCA25B768,child,5,20:50:0D:E7:1C:39,-68,0,379,379,0,0,965,965,0
391359633,NODE_704BCA25B768,child,5,20:50:0D:E7:1C:39,-68,0,380,380,0,0,965,965,0
391459624,NODE_704BCA25B768,child,5,20:50:0D:E7:1C:39,-68,0,380,380,0,0,965,965,0
391559624,NODE_704BCA25B768,child,5,20:50:0D:E7:1C:39,-68,0,380,380,0,0,965,965,0
391659637,NODE_704BCA25B768,child,5,20:50:0D:E7:1C:39,-68,0,380,380,0,0,966,966,0
391759628,NODE_704BCA25B768,child,5,20:50:0D:E7:1C:39,-68,0,380,380,0,0,966,966,0
391859632,NODE_704BCA25B768,child,5,20:50:0D:E7:1C:39,-68,0,380,380,0,0,967,967,0
391959637,NODE_704BCA25B768,child,5,20:50:0D:E7:1C:39,-68,0,380,380,0,0,967,967,0
392059624,NODE_704BCA25B768,child,5,20:50:0D:E7:1C:39,-68,0,380,380,0,0,967,967,0
392159640,NODE_704BCA25B768,child,5,20:50:0D:E7:1C:39,-68,0,380,380,0,0,967,967,0
392260411,NODE_704BCA25B768,child,5,20:50:0D:E7:1C:39,-69,0,380,380,0,0,968,968,0
392359628,NODE_704BCA25B768,child,5,20:50:0D:E7:1C:39,-69,0,381,381,0,0,968,968,0
392459628,NODE_704BCA25B768,child,5,20:50:0D:E7:1C:39,-69,0,381,381,0,0,968,968,0
392559637,NODE_704BCA25B768,child,5,20:50:0D:E7:1C:39,-69,0,381,381,0,0,968,968,0
392659628,NODE_704BCA25B768,child,5,20:50:0D:E7:1C:39,-69,0,381,381,0,0,969,969,0
392759629,NODE_704BCA25B768,child,5,20:50:0D:E7:1C:39,-69,0,381,381,0,0,969,969,0
392859633,NODE_704BCA25B768,child,5,20:50:0D:E7:1C:39,-69,0,381,381,0,0,970,970,0
392959628,NODE_704BCA25B768,child,5,20:50:0D:E7:1C:39,-69,0,381,381,0,0,970,970,0
393059624,NODE_704BCA25B768,child,5,20:50:0D:E7:1C:39,-69,0,381,381,0,0,970,970,0
393159625,NODE_704BCA25B768,child,5,20:50:0D:E7:1C:39,-69,0,381,381,0,0,970,970,0
393260405,NODE_704BCA25B768,child,5,20:50:0D:E7:1C:39,-69,0,381,381,0,0,971,971,0
393359628,NODE_704BCA25B768,child,5,20:50:0D:E7:1C:39,-69,0,382,382,0,0,971,971,0
393459633,NODE_704BCA25B768,child,5,20:50:0D:E7:1C:39,-69,0,382,382,0,0,971,971,0
393559628,NODE_704BCA25B768,child,5,20:50:0D:E7:1C:39,-69,0,382,382,0,0,971,971,0
393659640,NODE_704BCA25B768,child,5,20:50:0D:E7:1C:39,-69,0,382,382,0,0,972,972,0
393759625,NODE_704BCA25B768,child,5,20:50:0D:E7:1C:39,-69,0,382,382,0,0,972,972,0
393859636,NODE_704BCA25B768,child,5,20:50:0D:E7:1C:39,-69,0,382,382,0,0,973,973,0
393959640,NODE_704BCA25B768,child,5,20:50:0D:E7:1C:39,-69,0,382,382,0,0,973,973,0
394059625,NODE_704BCA25B768,child,5,20:50:0D:E7:1C:39,-69,0,382,382,0,0,973,973,0
394159628,NODE_704BCA25B768,child,5,20:50:0D:E7:1C:39,-69,0,382,382,0,0,973,973,0
394260386,NODE_704BCA25B768,child,5,20:50:0D:E7:1C:39,-68,0,382,382,0,0,974,974,0
394359641,NODE_704BCA25B768,child,5,20:50:0D:E7:1C:39,-68,0,383,383,0,0,974,974,0
394459624,NODE_704BCA25B768,child,5,20:50:0D:E7:1C:39,-68,0,383,383,0,0,974,974,0
394559632,NODE_704BCA25B768,child,5,20:50:0D:E7:1C:39,-68,0,383,383,0,0,974,974,0
394659629,NODE_704BCA25B768,child,5,20:50:0D:E7:1C:39,-68,0,383,383,0,0,975,975,0
394759632,NODE_704BCA25B768,child,5,20:50:0D:E7:1C:39,-68,0,383,383,0,0,975,975,0
394859628,NODE_704BCA25B768,child,5,20:50:0D:E7:1C:39,-68,0,383,383,0,0,976,976,0
394959645,NODE_704BCA25B768,child,5,20:50:0D:E7:1C:39,-68,0,383,383,0,0,976,976,0
395059636,NODE_704BCA25B768,child,5,20:50:0D:E7:1C:39,-68,0,383,383,0,0,976,976,0
395159632,NODE_704BCA25B768,child,5,20:50:0D:E7:1C:39,-68,0,383,383,0,0,976,976,0
395259629,NODE_704BCA25B768,child,5,20:50:0D:E7:1C:39,-68,0,383,383,0,0,977,977,0
395359636,NODE_704BCA25B768,child,5,20:50:0D:E7:1C:39,-69,0,384,384,0,0,977,977,0
395459628,NODE_704BCA25B768,child,5,20:50:0D:E7:1C:39,-69,0,384,384,0,0,977,977,0
395559629,NODE_704BCA25B768,child,5,20:50:0D:E7:1C:39,-69,0,384,384,0,0,977,977,0
395659632,NODE_704BCA25B768,child,5,20:50:0D:E7:1C:39,-69,0,384,384,0,0,978,978,0
395759632,NODE_704BCA25B768,child,5,20:50:0D:E7:1C:39,-69,0,384,384,0,0,978,978,0
395859629,NODE_704BCA25B768,child,5,20:50:0D:E7:1C:39,-69,0,384,384,0,0,979,979,0
395959640,NODE_704BCA25B768,child,5,20:50:0D:E7:1C:39,-69,0,384,384,0,0,979,979,0
396059628,NODE_704BCA25B768,child,5,20:50:0D:E7:1C:39,-69,0,384,384,0,0,979,979,0
396159629,NODE_704BCA25B768,child,5,20:50:0D:E7:1C:39,-69,0,384,384,0,0,979,979,0
396259632,NODE_704BCA25B768,child,5,20:50:0D:E7:1C:39,-69,0,384,384,0,0,980,980,0
396359632,NODE_704BCA25B768,child,5,20:50:0D:E7:1C:39,-69,0,385,385,0,0,980,980,0
396459625,NODE_704BCA25B768,child,5,20:50:0D:E7:1C:39,-69,0,385,385,0,0,980,980,0
396559624,NODE_704BCA25B768,child,5,20:50:0D:E7:1C:39,-69,0,385,385,0,0,980,980,0
396659628,NODE_704BCA25B768,child,5,20:50:0D:E7:1C:39,-69,0,385,385,0,0,981,981,0
396759629,NODE_704BCA25B768,child,5,20:50:0D:E7:1C:39,-69,0,385,385,0,0,981,981,0
396859628,NODE_704BCA25B768,child,5,20:50:0D:E7:1C:39,-69,0,385,385,0,0,982,982,0
396959640,NODE_704BCA25B768,child,5,20:50:0D:E7:1C:39,-69,0,385,385,0,0,982,982,0
397059625,NODE_704BCA25B768,child,5,20:50:0D:E7:1C:39,-69,0,385,385,0,0,982,982,0
397159624,NODE_704BCA25B768,child,5,20:50:0D:E7:1C:39,-69,0,385,385,0,0,982,982,0
397259632,NODE_704BCA25B768,child,5,20:50:0D:E7:1C:39,-69,0,385,385,0,0,983,983,0
397359637,NODE_704BCA25B768,child,5,20:50:0D:E7:1C:39,-68,0,386,386,0,0,983,983,0
397459628,NODE_704BCA25B768,child,5,20:50:0D:E7:1C:39,-68,0,386,386,0,0,983,983,0
397559632,NODE_704BCA25B768,child,5,20:50:0D:E7:1C:39,-68,0,386,386,0,0,983,983,0
397659774,NODE_704BCA25B768,child,5,20:50:0D:E7:1C:39,-68,0,386,386,0,0,984,984,0
397759625,NODE_704BCA25B768,child,5,20:50:0D:E7:1C:39,-68,0,386,386,0,0,984,984,0
397859628,NODE_704BCA25B768,child,5,20:50:0D:E7:1C:39,-68,0,386,386,0,0,985,985,0
397959645,NODE_704BCA25B768,child,5,20:50:0D:E7:1C:39,-68,0,386,386,0,0,985,985,0
398059624,NODE_704BCA25B768,child,5,20:50:0D:E7:1C:39,-68,0,386,386,0,0,985,985,0
398159636,NODE_704BCA25B768,child,5,20:50:0D:E7:1C:39,-68,0,386,386,0,0,985,985,0
398259629,NODE_704BCA25B768,child,5,20:50:0D:E7:1C:39,-68,0,386,386,0,0,986,986,0
398359636,NODE_704BCA25B768,child,5,20:50:0D:E7:1C:39,-68,0,387,387,0,0,986,986,0
398459624,NODE_704BCA25B768,child,5,20:50:0D:E7:1C:39,-68,0,387,387,0,0,986,986,0
398559625,NODE_704BCA25B768,child,5,20:50:0D:E7:1C:39,-68,0,387,387,0,0,986,986,0
398659636,NODE_704BCA25B768,child,5,20:50:0D:E7:1C:39,-68,0,387,387,0,0,987,987,0
398759624,NODE_704BCA25B768,child,5,20:50:0D:E7:1C:39,-68,0,387,387,0,0,987,987,0
398859629,NODE_704BCA25B768,child,5,20:50:0D:E7:1C:39,-68,0,387,387,0,0,988,988,0
398959636,NODE_704BCA25B768,child,5,20:50:0D:E7:1C:39,-68,0,387,387,0,0,988,988,0
399059628,NODE_704BCA25B768,child,5,20:50:0D:E7:1C:39,-68,0,387,387,0,0,988,988,0
399159629,NODE_704BCA25B768,child,5,20:50:0D:E7:1C:39,-68,0,387,387,0,0,988,988,0
399259640,NODE_704BCA25B768,child,5,20:50:0D:E7:1C:39,-68,0,387,387,0,0,989,989,0
399359632,NODE_704BCA25B768,child,5,20:50:0D:E7:1C:39,-68,0,388,388,0,0,989,989,0
399459641,NODE_704BCA25B768,child,5,20:50:0D:E7:1C:39,-69,0,388,388,0,0,989,989,0
399559636,NODE_704BCA25B768,child,5,20:50:0D:E7:1C:39,-69,0,388,388,0,0,989,989,0
399659632,NODE_704BCA25B768,child,5,20:50:0D:E7:1C:39,-69,0,388,388,0,0,990,990,0
399759629,NODE_704BCA25B768,child,5,20:50:0D:E7:1C:39,-69,0,388,388,0,0,990,990,0
399859628,NODE_704BCA25B768,child,5,20:50:0D:E7:1C:39,-69,0,388,388,0,0,991,991,0
399959628,NODE_704BCA25B768,child,5,20:50:0D:E7:1C:39,-69,0,388,388,0,0,991,991,0
400059641,NODE_704BCA25B768,child,5,20:50:0D:E7:1C:39,-69,0,388,388,0,0,991,991,0
400159624,NODE_704BCA25B768,child,5,20:50:0D:E7:1C:39,-69,0,388,388,0,0,991,991,0
400259624,NODE_704BCA25B768,child,5,20:50:0D:E7:1C:39,-69,0,388,388,0,0,992,992,0
400359633,NODE_704BCA25B768,child,5,20:50:0D:E7:1C:39,-69,0,389,389,0,0,992,992,0
400459636,NODE_704BCA25B768,child,5,20:50:0D:E7:1C:39,-69,0,389,389,0,0,992,992,0
400559624,NODE_704BCA25B768,child,5,20:50:0D:E7:1C:39,-69,0,389,389,0,0,992,992,0
400659637,NODE_704BCA25B768,child,5,20:50:0D:E7:1C:39,-69,0,389,389,0,0,993,993,0
400759640,NODE_704BCA25B768,child,5,20:50:0D:E7:1C:39,-69,0,389,389,0,0,993,993,0
400859628,NODE_704BCA25B768,child,5,20:50:0D:E7:1C:39,-69,0,389,389,0,0,994,994,0
400959633,NODE_704BCA25B768,child,5,20:50:0D:E7:1C:39,-69,0,389,389,0,0,994,994,0
401059632,NODE_704BCA25B768,child,5,20:50:0D:E7:1C:39,-69,0,389,389,0,0,994,994,0
401159640,NODE_704BCA25B768,child,5,20:50:0D:E7:1C:39,-69,0,389,389,0,0,994,994,0
401259629,NODE_704BCA25B768,child,5,20:50:0D:E7:1C:39,-69,0,389,389,0,0,995,995,0
401359632,NODE_704BCA25B768,child,5,20:50:0D:E7:1C:39,-69,0,390,390,0,0,995,995,0
401459636,NODE_704BCA25B768,child,5,20:50:0D:E7:1C:39,-68,0,390,390,0,0,995,995,0
401559625,NODE_704BCA25B768,child,5,20:50:0D:E7:1C:39,-68,0,390,390,0,0,995,995,0
401659628,NODE_704BCA25B768,child,5,20:50:0D:E7:1C:39,-68,0,390,390,0,0,996,996,0
401759632,NODE_704BCA25B768,child,5,20:50:0D:E7:1C:39,-68,0,390,390,0,0,996,996,0
401859633,NODE_704BCA25B768,child,5,20:50:0D:E7:1C:39,-68,0,390,390,0,0,997,996,0
401959636,NODE_704BCA25B768,child,5,20:50:0D:E7:1C:39,-68,0,390,390,0,0,997,997,0
402059628,NODE_704BCA25B768,child,5,20:50:0D:E7:1C:39,-68,0,390,390,0,0,997,997,0
402159625,NODE_704BCA25B768,child,5,20:50:0D:E7:1C:39,-68,0,390,390,0,0,997,997,0
402259632,NODE_704BCA25B768,child,5,20:50:0D:E7:1C:39,-68,0,390,390,0,0,998,998,0
402359632,NODE_704BCA25B768,child,5,20:50:0D:E7:1C:39,-68,0,391,391,0,0,998,998,0
402459641,NODE_704BCA25B768,child,5,20:50:0D:E7:1C:39,-68,0,391,391,0,0,998,998,0
402559632,NODE_704BCA25B768,child,5,20:50:0D:E7:1C:39,-68,0,391,391,0,0,998,998,0
402659636,NODE_704BCA25B768,child,5,20:50:0D:E7:1C:39,-68,0,391,391,0,0,999,999,0
402759630,NODE_704BCA25B768,child,5,20:50:0D:E7:1C:39,-68,0,391,391,0,0,999,999,0
402859632,NODE_704BCA25B768,child,5,20:50:0D:E7:1C:39,-68,0,391,391,0,0,1000,1000,0
402959628,NODE_704BCA25B768,child,5,20:50:0D:E7:1C:39,-68,0,391,391,0,0,1000,1000,0
403059629,NODE_704BCA25B768,child,5,20:50:0D:E7:1C:39,-68,0,391,391,0,0,1000,1000,0
403159628,NODE_704BCA25B768,child,5,20:50:0D:E7:1C:39,-68,0,391,391,0,0,1000,1000,0
403259628,NODE_704BCA25B768,child,5,20:50:0D:E7:1C:39,-68,0,391,391,0,0,1001,1001,0
403359633,NODE_704BCA25B768,child,5,20:50:0D:E7:1C:39,-68,0,392,392,0,0,1001,1001,0
403459628,NODE_704BCA25B768,child,5,20:50:0D:E7:1C:39,-68,0,392,392,0,0,1001,1001,0
403559636,NODE_704BCA25B768,child,5,20:50:0D:E7:1C:39,-69,0,392,392,0,0,1001,1001,0
403659633,NODE_704BCA25B768,child,5,20:50:0D:E7:1C:39,-69,0,392,392,0,0,1002,1002,0
403759636,NODE_704BCA25B768,child,5,20:50:0D:E7:1C:39,-69,0,392,392,0,0,1002,1002,0
403859628,NODE_704BCA25B768,child,5,20:50:0D:E7:1C:39,-69,0,392,392,0,0,1003,1003,0
403959637,NODE_704BCA25B768,child,5,20:50:0D:E7:1C:39,-69,0,392,392,0,0,1003,1003,0
404059624,NODE_704BCA25B768,child,5,20:50:0D:E7:1C:39,-69,0,392,392,0,0,1003,1003,0
404159644,NODE_704BCA25B768,child,5,20:50:0D:E7:1C:39,-69,0,392,392,0,0,1003,1003,0
404259629,NODE_704BCA25B768,child,5,20:50:0D:E7:1C:39,-69,0,392,392,0,0,1004,1004,0
404359628,NODE_704BCA25B768,child,5,20:50:0D:E7:1C:39,-69,0,393,393,0,0,1004,1004,0
404459628,NODE_704BCA25B768,child,5,20:50:0D:E7:1C:39,-69,0,393,393,0,0,1004,1004,0
404559637,NODE_704BCA25B768,child,5,20:50:0D:E7:1C:39,-68,0,393,393,0,0,1004,1004,0
404659628,NODE_704BCA25B768,child,5,20:50:0D:E7:1C:39,-68,0,393,393,0,0,1005,1005,0
404759628,NODE_704BCA25B768,child,5,20:50:0D:E7:1C:39,-68,0,393,393,0,0,1005,1005,0
404859629,NODE_704BCA25B768,child,5,20:50:0D:E7:1C:39,-68,0,393,393,0,0,1006,1006,0
404959628,NODE_704BCA25B768,child,5,20:50:0D:E7:1C:39,-68,0,393,393,0,0,1006,1006,0
405059636,NODE_704BCA25B768,child,5,20:50:0D:E7:1C:39,-68,0,393,393,0,0,1006,1006,0
405159629,NODE_704BCA25B768,child,5,20:50:0D:E7:1C:39,-68,0,393,393,0,0,1006,1006,0
405259632,NODE_704BCA25B768,child,5,20:50:0D:E7:1C:39,-68,0,393,393,0,0,1007,1007,0
405359624,NODE_704BCA25B768,child,5,20:50:0D:E7:1C:39,-68,0,394,394,0,0,1007,1007,0
405459629,NODE_704BCA25B768,child,5,20:50:0D:E7:1C:39,-68,0,394,394,0,0,1007,1007,0
405559640,NODE_704BCA25B768,child,5,20:50:0D:E7:1C:39,-69,0,394,394,0,0,1007,1007,0
405659636,NODE_704BCA25B768,child,5,20:50:0D:E7:1C:39,-69,0,394,394,0,0,1008,1008,0
405759791,NODE_704BCA25B768,child,5,20:50:0D:E7:1C:39,-69,0,394,394,0,0,1008,1008,0
405859628,NODE_704BCA25B768,child,5,20:50:0D:E7:1C:39,-69,0,394,394,0,0,1009,1008,0
405959802,NODE_704BCA25B768,child,5,20:50:0D:E7:1C:39,-69,0,394,394,0,0,1009,1009,0
406059637,NODE_704BCA25B768,child,5,20:50:0D:E7:1C:39,-69,0,394,394,0,0,1009,1009,0
406159632,NODE_704BCA25B768,child,5,20:50:0D:E7:1C:39,-69,0,394,394,0,0,1009,1009,0
406259628,NODE_704BCA25B768,child,5,20:50:0D:E7:1C:39,-69,0,394,394,0,0,1010,1010,0
406359625,NODE_704BCA25B768,child,5,20:50:0D:E7:1C:39,-69,0,395,395,0,0,1010,1010,0
406459624,NODE_704BCA25B768,child,5,20:50:0D:E7:1C:39,-69,0,395,395,0,0,1010,1010,0
406559636,NODE_704BCA25B768,child,5,20:50:0D:E7:1C:39,-69,0,395,395,0,0,1010,1010,0
406659629,NODE_704BCA25B768,child,5,20:50:0D:E7:1C:39,-69,0,395,395,0,0,1011,1011,0
406759632,NODE_704BCA25B768,child,5,20:50:0D:E7:1C:39,-69,0,395,395,0,0,1011,1011,0
406859624,NODE_704BCA25B768,child,5,20:50:0D:E7:1C:39,-69,0,395,395,0,0,1012,1012,0
406959637,NODE_704BCA25B768,child,5,20:50:0D:E7:1C:39,-69,0,395,395,0,0,1012,1012,0
407059628,NODE_704BCA25B768,child,5,20:50:0D:E7:1C:39,-69,0,395,395,0,0,1012,1012,0
407159640,NODE_704BCA25B768,child,5,20:50:0D:E7:1C:39,-69,0,395,395,0,0,1012,1012,0
407259629,NODE_704BCA25B768,child,5,20:50:0D:E7:1C:39,-69,0,395,395,0,0,1013,1013,0
407359624,NODE_704BCA25B768,child,5,20:50:0D:E7:1C:39,-69,0,396,396,0,0,1013,1013,0
407459624,NODE_704BCA25B768,child,5,20:50:0D:E7:1C:39,-69,0,396,396,0,0,1013,1013,0
407559633,NODE_704BCA25B768,child,5,20:50:0D:E7:1C:39,-69,0,396,396,0,0,1013,1013,0
407659640,NODE_704BCA25B768,child,5,20:50:0D:E7:1C:39,-69,0,396,396,0,0,1014,1014,0
407759625,NODE_704BCA25B768,child,5,20:50:0D:E7:1C:39,-69,0,396,396,0,0,1014,1014,0
407859629,NODE_704BCA25B768,child,5,20:50:0D:E7:1C:39,-69,0,396,396,0,0,1015,1015,0
407959632,NODE_704BCA25B768,child,5,20:50:0D:E7:1C:39,-69,0,396,396,0,0,1015,1015,0
408059632,NODE_704BCA25B768,child,5,20:50:0D:E7:1C:39,-69,0,396,396,0,0,1015,1015,0
408159625,NODE_704BCA25B768,child,5,20:50:0D:E7:1C:39,-69,0,396,396,0,0,1015,1015,0
408259632,NODE_704BCA25B768,child,5,20:50:0D:E7:1C:39,-69,0,396,396,0,0,1016,1016,0
408359624,NODE_704BCA25B768,child,5,20:50:0D:E7:1C:39,-69,0,397,397,0,0,1016,1016,0
408459629,NODE_704BCA25B768,child,5,20:50:0D:E7:1C:39,-69,0,397,397,0,0,1016,1016,0
408559632,NODE_704BCA25B768,child,5,20:50:0D:E7:1C:39,-69,0,397,397,0,0,1016,1016,0
408659640,NODE_704BCA25B768,child,5,20:50:0D:E7:1C:39,-69,0,397,397,0,0,1017,1017,0
408759633,NODE_704BCA25B768,child,5,20:50:0D:E7:1C:39,-69,0,397,397,0,0,1017,1017,0
408859628,NODE_704BCA25B768,child,5,20:50:0D:E7:1C:39,-69,0,397,397,0,0,1018,1017,0
408959632,NODE_704BCA25B768,child,5,20:50:0D:E7:1C:39,-69,0,397,397,0,0,1018,1018,0
409059625,NODE_704BCA25B768,child,5,20:50:0D:E7:1C:39,-69,0,397,397,0,0,1018,1018,0
409159624,NODE_704BCA25B768,child,5,20:50:0D:E7:1C:39,-69,0,397,397,0,0,1018,1018,0
409259632,NODE_704BCA25B768,child,5,20:50:0D:E7:1C:39,-69,0,397,397,0,0,1019,1019,0
409359633,NODE_704BCA25B768,child,5,20:50:0D:E7:1C:39,-69,0,398,398,0,0,1019,1019,0
409459628,NODE_704BCA25B768,child,5,20:50:0D:E7:1C:39,-69,0,398,398,0,0,1019,1019,0
409559624,NODE_704BCA25B768,child,5,20:50:0D:E7:1C:39,-69,0,398,398,0,0,1019,1019,0
409659641,NODE_704BCA25B768,child,5,20:50:0D:E7:1C:39,-68,0,398,398,0,0,1020,1020,0
409759632,NODE_704BCA25B768,child,5,20:50:0D:E7:1C:39,-68,0,398,398,0,0,1020,1020,0
409859628,NODE_704BCA25B768,child,5,20:50:0D:E7:1C:39,-68,0,398,398,0,0,1020,1020,0
409959637,NODE_704BCA25B768,child,5,20:50:0D:E7:1C:39,-68,0,398,398,0,0,1020,1020,0
410059624,NODE_704BCA25B768,child,5,20:50:0D:E7:1C:39,-68,0,398,398,0,0,1021,1021,0
410159632,NODE_704BCA25B768,child,5,20:50:0D:E7:1C:39,-68,0,398,398,0,0,1021,1021,0
410259683,NODE_704BCA25B768,child,5,20:50:0D:E7:1C:39,-68,0,398,398,0,0,1022,1022,0
410359628,NODE_704BCA25B768,child,5,20:50:0D:E7:1C:39,-68,0,399,399,0,0,1022,1022,0
410459624,NODE_704BCA25B768,child,5,20:50:0D:E7:1C:39,-68,0,399,399,0,0,1022,1022,0
410559637,NODE_704BCA25B768,child,5,20:50:0D:E7:1C:39,-68,0,399,399,0,0,1022,1022,0
410659636,NODE_704BCA25B768,child,5,20:50:0D:E7:1C:39,-68,0,399,399,0,0,1023,1023,0
410759628,NODE_704BCA25B768,child,5,20:50:0D:E7:1C:39,-68,0,399,399,0,0,1023,1023,0
410859625,NODE_704BCA25B768,child,5,20:50:0D:E7:1C:39,-68,0,399,399,0,0,1023,1023,0
410959624,NODE_704BCA25B768,child,5,20:50:0D:E7:1C:39,-68,0,399,399,0,0,1023,1023,0
411059640,NODE_704BCA25B768,child,5,20:50:0D:E7:1C:39,-68,0,399,399,0,0,1024,1024,0
411159625,NODE_704BCA25B768,child,5,20:50:0D:E7:1C:39,-68,0,399,399,0,0,1024,1024,0
411259636,NODE_704BCA25B768,child,5,20:50:0D:E7:1C:39,-68,0,399,399,0,0,1025,1025,0
411359624,NODE_704BCA25B768,child,5,20:50:0D:E7:1C:39,-68,0,400,400,0,0,1025,1025,0
411459625,NODE_704BCA25B768,child,5,20:50:0D:E7:1C:39,-68,0,400,400,0,0,1025,1025,0
411559628,NODE_704BCA25B768,child,5,20:50:0D:E7:1C:39,-68,0,400,400,0,0,1025,1025,0
411659632,NODE_704BCA25B768,child,5,20:50:0D:E7:1C:39,-69,0,400,400,0,0,1026,1026,0
411759641,NODE_704BCA25B768,child,5,20:50:0D:E7:1C:39,-69,0,400,400,0,0,1026,1026,0
411859624,NODE_704BCA25B768,child,5,20:50:0D:E7:1C:39,-69,0,400,400,0,0,1026,1026,0
411959628,NODE_704BCA25B768,child,5,20:50:0D:E7:1C:39,-69,0,400,400,0,0,1026,1026,0
412059625,NODE_704BCA25B768,child,5,20:50:0D:E7:1C:39,-69,0,400,400,0,0,1027,1027,0
412159628,NODE_704BCA25B768,child,5,20:50:0D:E7:1C:39,-69,0,400,400,0,0,1027,1027,0
412259624,NODE_704BCA25B768,child,5,20:50:0D:E7:1C:39,-69,0,400,400,0,0,1028,1028,0
412359629,NODE_704BCA25B768,child,5,20:50:0D:E7:1C:39,-69,0,401,401,0,0,1028,1028,0
412459624,NODE_704BCA25B768,child,5,20:50:0D:E7:1C:39,-69,0,401,401,0,0,1028,1028,0
412559624,NODE_704BCA25B768,child,5,20:50:0D:E7:1C:39,-69,0,401,401,0,0,1028,1028,0
412659641,NODE_704BCA25B768,child,5,20:50:0D:E7:1C:39,-69,0,401,401,0,0,1029,1029,0
412759645,NODE_704BCA25B768,child,5,20:50:0D:E7:1C:39,-69,0,401,401,0,0,1029,1029,0
412859628,NODE_704BCA25B768,child,5,20:50:0D:E7:1C:39,-69,0,401,401,0,0,1029,1029,0
412959637,NODE_704BCA25B768,child,5,20:50:0D:E7:1C:39,-69,0,401,401,0,0,1029,1029,0
413059628,NODE_704BCA25B768,child,5,20:50:0D:E7:1C:39,-69,0,401,401,0,0,1030,1030,0
413159632,NODE_704BCA25B768,child,5,20:50:0D:E7:1C:39,-69,0,401,401,0,0,1030,1030,0
413259625,NODE_704BCA25B768,child,5,20:50:0D:E7:1C:39,-69,0,401,401,0,0,1031,1031,0
413359632,NODE_704BCA25B768,child,5,20:50:0D:E7:1C:39,-69,0,402,402,0,0,1031,1031,0
413459628,NODE_704BCA25B768,child,5,20:50:0D:E7:1C:39,-69,0,402,402,0,0,1031,1031,0
413559629,NODE_704BCA25B768,child,5,20:50:0D:E7:1C:39,-69,0,402,402,0,0,1031,1031,0
413659632,NODE_704BCA25B768,child,5,20:50:0D:E7:1C:39,-69,0,402,402,0,0,1032,1032,0
413759640,NODE_704BCA25B768,child,5,20:50:0D:E7:1C:39,-69,0,402,402,0,0,1032,1032,0
413859625,NODE_704BCA25B768,child,5,20:50:0D:E7:1C:39,-69,0,402,402,0,0,1032,1032,0
413959624,NODE_704BCA25B768,child,5,20:50:0D:E7:1C:39,-69,0,402,402,0,0,1032,1032,0
414059632,NODE_704BCA25B768,child,5,20:50:0D:E7:1C:39,-69,0,402,402,0,0,1033,1033,0
414159629,NODE_704BCA25B768,child,5,20:50:0D:E7:1C:39,-69,0,402,402,0,0,1033,1033,0
414259632,NODE_704BCA25B768,child,5,20:50:0D:E7:1C:39,-69,0,402,402,0,0,1034,1034,0
414359632,NODE_704BCA25B768,child,5,20:50:0D:E7:1C:39,-69,0,403,403,0,0,1034,1034,0
414459629,NODE_704BCA25B768,child,5,20:50:0D:E7:1C:39,-69,0,403,403,0,0,1034,1034,0
414559628,NODE_704BCA25B768,child,5,20:50:0D:E7:1C:39,-69,0,403,403,0,0,1034,1034,0
414659640,NODE_704BCA25B768,child,5,20:50:0D:E7:1C:39,-69,0,403,403,0,0,1035,1035,0
414759641,NODE_704BCA25B768,child,5,20:50:0D:E7:1C:39,-69,0,403,403,0,0,1035,1035,0
414859624,NODE_704BCA25B768,child,5,20:50:0D:E7:1C:39,-69,0,403,403,0,0,1035,1035,0
414959628,NODE_704BCA25B768,child,5,20:50:0D:E7:1C:39,-69,0,403,403,0,0,1035,1035,0
415059629,NODE_704BCA25B768,child,5,20:50:0D:E7:1C:39,-69,0,403,403,0,0,1036,1036,0
415159628,NODE_704BCA25B768,child,5,20:50:0D:E7:1C:39,-69,0,403,403,0,0,1036,1036,0
415259624,NODE_704BCA25B768,child,5,20:50:0D:E7:1C:39,-69,0,403,403,0,0,1037,1037,0
415359637,NODE_704BCA25B768,child,5,20:50:0D:E7:1C:39,-69,0,404,404,0,0,1037,1037,0
415459624,NODE_704BCA25B768,child,5,20:50:0D:E7:1C:39,-69,0,404,404,0,0,1037,1037,0
415559624,NODE_704BCA25B768,child,5,20:50:0D:E7:1C:39,-69,0,404,404,0,0,1037,1037,0
415659633,NODE_704BCA25B768,child,5,20:50:0D:E7:1C:39,-69,0,404,404,0,0,1038,1038,0
415759644,NODE_704BCA25B768,child,5,20:50:0D:E7:1C:39,-69,0,404,404,0,0,1038,1038,0
415859624,NODE_704BCA25B768,child,5,20:50:0D:E7:1C:39,-69,0,404,404,0,0,1038,1038,0
415959637,NODE_704BCA25B768,child,5,20:50:0D:E7:1C:39,-69,0,404,404,0,0,1038,1038,0
416059636,NODE_704BCA25B768,child,5,20:50:0D:E7:1C:39,-69,0,404,404,0,0,1039,1039,0
416159632,NODE_704BCA25B768,child,5,20:50:0D:E7:1C:39,-69,0,404,404,0,0,1039,1039,0
416259625,NODE_704BCA25B768,child,5,20:50:0D:E7:1C:39,-69,0,404,404,0,0,1040,1040,0
416359624,NODE_704BCA25B768,child,5,20:50:0D:E7:1C:39,-69,0,405,405,0,0,1040,1040,0
416459628,NODE_704BCA25B768,child,5,20:50:0D:E7:1C:39,-69,0,405,405,0,0,1040,1040,0
416559633,NODE_704BCA25B768,child,5,20:50:0D:E7:1C:39,-69,0,405,405,0,0,1040,1040,0
416659632,NODE_704BCA25B768,child,5,20:50:0D:E7:1C:39,-69,0,405,405,0,0,1041,1041,0
416759628,NODE_704BCA25B768,child,5,20:50:0D:E7:1C:39,-69,0,405,405,0,0,1041,1041,0
416859637,NODE_704BCA25B768,child,5,20:50:0D:E7:1C:39,-68,0,405,405,0,0,1041,1041,0
416959624,NODE_704BCA25B768,child,5,20:50:0D:E7:1C:39,-68,0,405,405,0,0,1041,1041,0
417059632,NODE_704BCA25B768,child,5,20:50:0D:E7:1C:39,-68,0,405,405,0,0,1042,1042,0
417159625,NODE_704BCA25B768,child,5,20:50:0D:E7:1C:39,-68,0,405,405,0,0,1042,1042,0
417259628,NODE_704BCA25B768,child,5,20:50:0D:E7:1C:39,-68,0,405,405,0,0,1043,1043,0
417359624,NODE_704BCA25B768,child,5,20:50:0D:E7:1C:39,-68,0,406,406,0,0,1043,1043,0
417459629,NODE_704BCA25B768,child,5,20:50:0D:E7:1C:39,-68,0,406,406,0,0,1043,1043,0
417559632,NODE_704BCA25B768,child,5,20:50:0D:E7:1C:39,-68,0,406,406,0,0,1043,1043,0
417659628,NODE_704BCA25B768,child,5,20:50:0D:E7:1C:39,-68,0,406,406,0,0,1044,1044,0
417759638,NODE_704BCA25B768,child,5,20:50:0D:E7:1C:39,-68,0,406,406,0,0,1044,1044,0
417859636,NODE_704BCA25B768,child,5,20:50:0D:E7:1C:39,-68,0,406,406,0,0,1044,1044,0
417959632,NODE_704BCA25B768,child,5,20:50:0D:E7:1C:39,-68,0,406,406,0,0,1044,1044,0
418059633,NODE_704BCA25B768,child,5,20:50:0D:E7:1C:39,-68,0,406,406,0,0,1045,1045,0
418159624,NODE_704BCA25B768,child,5,20:50:0D:E7:1C:39,-68,0,406,406,0,0,1045,1045,0
418259628,NODE_704BCA25B768,child,5,20:50:0D:E7:1C:39,-68,0,406,406,0,0,1046,1046,0
418359625,NODE_704BCA25B768,child,5,20:50:0D:E7:1C:39,-68,0,407,407,0,0,1046,1046,0
418459628,NODE_704BCA25B768,child,5,20:50:0D:E7:1C:39,-68,0,407,407,0,0,1046,1046,0
418559630,NODE_704BCA25B768,child,5,20:50:0D:E7:1C:39,-68,0,407,407,0,0,1046,1046,0
418659629,NODE_704BCA25B768,child,5,20:50:0D:E7:1C:39,-68,0,407,407,0,0,1047,1047,0
418759640,NODE_704BCA25B768,child,5,20:50:0D:E7:1C:39,-68,0,407,407,0,0,1047,1047,0
418859636,NODE_704BCA25B768,child,5,20:50:0D:E7:1C:39,-68,0,407,407,0,0,1047,1047,0
418959637,NODE_704BCA25B768,child,5,20:50:0D:E7:1C:39,-68,0,407,407,0,0,1047,1047,0
419059628,NODE_704BCA25B768,child,5,20:50:0D:E7:1C:39,-68,0,407,407,0,0,1048,1048,0
419159632,NODE_704BCA25B768,child,5,20:50:0D:E7:1C:39,-68,0,407,407,0,0,1048,1048,0
419259625,NODE_704BCA25B768,child,5,20:50:0D:E7:1C:39,-68,0,407,407,0,0,1049,1049,0
419359632,NODE_704BCA25B768,child,5,20:50:0D:E7:1C:39,-68,0,408,408,0,0,1049,1049,0
419459632,NODE_704BCA25B768,child,5,20:50:0D:E7:1C:39,-68,0,408,408,0,0,1049,1049,0
419559637,NODE_704BCA25B768,child,5,20:50:0D:E7:1C:39,-68,0,408,408,0,0,1049,1049,0
419659632,NODE_704BCA25B768,child,5,20:50:0D:E7:1C:39,-68,0,408,408,0,0,1050,1050,0
419759640,NODE_704BCA25B768,child,5,20:50:0D:E7:1C:39,-68,0,408,408,0,0,1050,1050,0
419859633,NODE_704BCA25B768,child,5,20:50:0D:E7:1C:39,-69,0,408,408,0,0,1050,1050,0
419959632,NODE_704BCA25B768,child,5,20:50:0D:E7:1C:39,-69,0,408,408,0,0,1050,1050,0
420059624,NODE_704BCA25B768,child,5,20:50:0D:E7:1C:39,-69,0,408,408,0,0,1051,1051,0
420159629,NODE_704BCA25B768,child,5,20:50:0D:E7:1C:39,-69,0,408,408,0,0,1051,1051,0
420259628,NODE_704BCA25B768,child,5,20:50:0D:E7:1C:39,-69,0,408,408,0,0,1052,1052,0
420359624,NODE_704BCA25B768,child,5,20:50:0D:E7:1C:39,-69,0,409,409,0,0,1052,1052,0
420459629,NODE_704BCA25B768,child,5,20:50:0D:E7:1C:39,-69,0,409,409,0,0,1052,1052,0
420559632,NODE_704BCA25B768,child,5,20:50:0D:E7:1C:39,-69,0,409,409,0,0,1052,1052,0
420659636,NODE_704BCA25B768,child,5,20:50:0D:E7:1C:39,-69,0,409,409,0,0,1053,1053,0
420759629,NODE_704BCA25B768,child,5,20:50:0D:E7:1C:39,-69,0,409,409,0,0,1053,1053,0
420859624,NODE_704BCA25B768,child,5,20:50:0D:E7:1C:39,-69,0,409,409,0,0,1053,1053,0
420959640,NODE_704BCA25B768,child,5,20:50:0D:E7:1C:39,-68,0,409,409,0,0,1053,1053,0
421059625,NODE_704BCA25B768,child,5,20:50:0D:E7:1C:39,-68,0,409,409,0,0,1054,1054,0
421159632,NODE_704BCA25B768,child,5,20:50:0D:E7:1C:39,-68,0,409,409,0,0,1054,1054,0
421259628,NODE_704BCA25B768,child,5,20:50:0D:E7:1C:39,-68,0,409,409,0,0,1055,1055,0
421359629,NODE_704BCA25B768,child,5,20:50:0D:E7:1C:39,-68,0,410,410,0,0,1055,1055,0
421459628,NODE_704BCA25B768,child,5,20:50:0D:E7:1C:39,-68,0,410,410,0,0,1055,1055,0
421559636,NODE_704BCA25B768,child,5,20:50:0D:E7:1C:39,-68,0,410,410,0,0,1055,1055,0
421659637,NODE_704BCA25B768,child,5,20:50:0D:E7:1C:39,-68,0,410,410,0,0,1056,1056,0
421759632,NODE_704BCA25B768,child,5,20:50:0D:E7:1C:39,-68,0,410,410,0,0,1056,1056,0
421859628,NODE_704BCA25B768,child,5,20:50:0D:E7:1C:39,-68,0,410,410,0,0,1056,1056,0
421959645,NODE_704BCA25B768,child,5,20:50:0D:E7:1C:39,-69,0,410,410,0,0,1056,1056,0
422059636,NODE_704BCA25B768,child,5,20:50:0D:E7:1C:39,-69,0,410,410,0,0,1057,1057,0
422159636,NODE_704BCA25B768,child,5,20:50:0D:E7:1C:39,-69,0,410,410,0,0,1057,1057,0
422259633,NODE_704BCA25B768,child,5,20:50:0D:E7:1C:39,-69,0,410,410,0,0,1058,1058,0
422359624,NODE_704BCA25B768,child,5,20:50:0D:E7:1C:39,-69,0,411,411,0,0,1058,1058,0
422459624,NODE_704BCA25B768,child,5,20:50:0D:E7:1C:39,-69,0,411,411,0,0,1058,1058,0
422559629,NODE_704BCA25B768,child,5,20:50:0D:E7:1C:39,-69,0,411,411,0,0,1058,1058,0
422659636,NODE_704BCA25B768,child,5,20:50:0D:E7:1C:39,-69,0,411,411,0,0,1059,1059,0
422759637,NODE_704BCA25B768,child,5,20:50:0D:E7:1C:39,-69,0,411,411,0,0,1059,1059,0
422859629,NODE_704BCA25B768,child,5,20:50:0D:E7:1C:39,-69,0,411,411,0,0,1059,1059,0
422959640,NODE_704BCA25B768,child,5,20:50:0D:E7:1C:39,-69,0,411,411,0,0,1059,1059,0
423059628,NODE_704BCA25B768,child,5,20:50:0D:E7:1C:39,-69,0,411,411,0,0,1060,1060,0
423159629,NODE_704BCA25B768,child,5,20:50:0D:E7:1C:39,-69,0,411,411,0,0,1060,1060,0
423259624,NODE_704BCA25B768,child,5,20:50:0D:E7:1C:39,-69,0,411,411,0,0,1061,1061,0
423359628,NODE_704BCA25B768,child,5,20:50:0D:E7:1C:39,-69,0,412,412,0,0,1061,1061,0
423459625,NODE_704BCA25B768,child,5,20:50:0D:E7:1C:39,-69,0,412,412,0,0,1061,1061,0
423559636,NODE_704BCA25B768,child,5,20:50:0D:E7:1C:39,-69,0,412,412,0,0,1061,1061,0
423659628,NODE_704BCA25B768,child,5,20:50:0D:E7:1C:39,-69,0,412,412,0,0,1062,1062,0
423759629,NODE_704BCA25B768,child,5,20:50:0D:E7:1C:39,-69,0,412,412,0,0,1062,1062,0
423859628,NODE_704BCA25B768,child,5,20:50:0D:E7:1C:39,-69,0,412,412,0,0,1062,1062,0
423959644,NODE_704BCA25B768,child,5,20:50:0D:E7:1C:39,-68,0,412,412,0,0,1062,1062,0
424059629,NODE_704BCA25B768,child,5,20:50:0D:E7:1C:39,-68,0,412,412,0,0,1063,1063,0
424159628,NODE_704BCA25B768,child,5,20:50:0D:E7:1C:39,-68,0,412,412,0,0,1063,1063,0
424259624,NODE_704BCA25B768,child,5,20:50:0D:E7:1C:39,-68,0,412,412,0,0,1064,1064,0
424359629,NODE_704BCA25B768,child,5,20:50:0D:E7:1C:39,-68,0,413,413,0,0,1064,1064,0
424459624,NODE_704BCA25B768,child,5,20:50:0D:E7:1C:39,-68,0,413,413,0,0,1064,1064,0
424559636,NODE_704BCA25B768,child,5,20:50:0D:E7:1C:39,-68,0,413,413,0,0,1064,1064,0
424659637,NODE_704BCA25B768,child,5,20:50:0D:E7:1C:39,-68,0,413,413,0,0,1065,1065,0
424759632,NODE_704BCA25B768,child,5,20:50:0D:E7:1C:39,-68,0,413,413,0,0,1065,1065,0
424859628,NODE_704BCA25B768,child,5,20:50:0D:E7:1C:39,-68,0,413,413,0,0,1065,1065,0
424959633,NODE_704BCA25B768,child,5,20:50:0D:E7:1C:39,-68,0,413,413,0,0,1065,1065,0
425059632,NODE_704BCA25B768,child,5,20:50:0D:E7:1C:39,-69,0,413,413,0,0,1066,1066,0
425159636,NODE_704BCA25B768,child,5,20:50:0D:E7:1C:39,-69,0,413,413,0,0,1066,1066,0
425259629,NODE_704BCA25B768,child,5,20:50:0D:E7:1C:39,-69,0,413,413,0,0,1067,1067,0
425359624,NODE_704BCA25B768,child,5,20:50:0D:E7:1C:39,-69,0,414,414,0,0,1067,1067,0
425459628,NODE_704BCA25B768,child,5,20:50:0D:E7:1C:39,-69,0,414,414,0,0,1067,1067,0
425559629,NODE_704BCA25B768,child,5,20:50:0D:E7:1C:39,-69,0,414,414,0,0,1067,1067,0
425659632,NODE_704BCA25B768,child,5,20:50:0D:E7:1C:39,-69,0,414,414,0,0,1068,1068,0
425759636,NODE_704BCA25B768,child,5,20:50:0D:E7:1C:39,-69,0,414,414,0,0,1068,1068,0
425859625,NODE_704BCA25B768,child,5,20:50:0D:E7:1C:39,-69,0,414,414,0,0,1068,1068,0
425959628,NODE_704BCA25B768,child,5,20:50:0D:E7:1C:39,-69,0,414,414,0,0,1068,1068,0
426059632,NODE_704BCA25B768,child,5,20:50:0D:E7:1C:39,-69,0,414,414,0,0,1069,1069,0
426159633,NODE_704BCA25B768,child,5,20:50:0D:E7:1C:39,-69,0,414,414,0,0,1069,1069,0
426259628,NODE_704BCA25B768,child,5,20:50:0D:E7:1C:39,-69,0,414,414,0,0,1070,1070,0
426359628,NODE_704BCA25B768,child,5,20:50:0D:E7:1C:39,-69,0,415,415,0,0,1070,1070,0
426459629,NODE_704BCA25B768,child,5,20:50:0D:E7:1C:39,-69,0,415,415,0,0,1070,1070,0
426559624,NODE_704BCA25B768,child,5,20:50:0D:E7:1C:39,-69,0,415,415,0,0,1070,1070,0
426659636,NODE_704BCA25B768,child,5,20:50:0D:E7:1C:39,-69,0,415,415,0,0,1071,1071,0
426759637,NODE_704BCA25B768,child,5,20:50:0D:E7:1C:39,-69,0,415,415,0,0,1071,1071,0
426859624,NODE_704BCA25B768,child,5,20:50:0D:E7:1C:39,-69,0,415,415,0,0,1071,1071,0
426959632,NODE_704BCA25B768,child,5,20:50:0D:E7:1C:39,-69,0,415,415,0,0,1071,1071,0
427059633,NODE_704BCA25B768,child,5,20:50:0D:E7:1C:39,-69,0,415,415,0,0,1072,1072,0
427159628,NODE_704BCA25B768,child,5,20:50:0D:E7:1C:39,-69,0,415,415,0,0,1072,1072,0
427259628,NODE_704BCA25B768,child,5,20:50:0D:E7:1C:39,-69,0,415,415,0,0,1073,1073,0
427359625,NODE_704BCA25B768,child,5,20:50:0D:E7:1C:39,-69,0,416,416,0,0,1073,1073,0
427459624,NODE_704BCA25B768,child,5,20:50:0D:E7:1C:39,-69,0,416,416,0,0,1073,1073,0
427559636,NODE_704BCA25B768,child,5,20:50:0D:E7:1C:39,-69,0,416,416,0,0,1073,1073,0
427659637,NODE_704BCA25B768,child,5,20:50:0D:E7:1C:39,-69,0,416,416,0,0,1074,1074,0
427759633,NODE_704BCA25B768,child,5,20:50:0D:E7:1C:39,-69,0,416,416,0,0,1074,1074,0
427859628,NODE_704BCA25B768,child,5,20:50:0D:E7:1C:39,-69,0,416,416,0,0,1074,1074,0
427959637,NODE_704BCA25B768,child,5,20:50:0D:E7:1C:39,-69,0,416,416,0,0,1074,1074,0
428059632,NODE_704BCA25B768,child,5,20:50:0D:E7:1C:39,-68,0,416,416,0,0,1075,1075,0
428159636,NODE_704BCA25B768,child,5,20:50:0D:E7:1C:39,-68,0,416,416,0,0,1075,1075,0
428259629,NODE_704BCA25B768,child,5,20:50:0D:E7:1C:39,-68,0,416,416,0,0,1076,1076,0
428359624,NODE_704BCA25B768,child,5,20:50:0D:E7:1C:39,-68,0,417,417,0,0,1076,1076,0
428459624,NODE_704BCA25B768,child,5,20:50:0D:E7:1C:39,-68,0,417,417,0,0,1076,1076,0
428559625,NODE_704BCA25B768,child,5,20:50:0D:E7:1C:39,-68,0,417,417,0,0,1076,1076,0
428659640,NODE_704BCA25B768,child,5,20:50:0D:E7:1C:39,-68,0,417,417,0,0,1077,1077,0
428759636,NODE_704BCA25B768,child,5,20:50:0D:E7:1C:39,-68,0,417,417,0,0,1077,1077,0
428859625,NODE_704BCA25B768,child,5,20:50:0D:E7:1C:39,-68,0,417,417,0,0,1077,1077,0
428959628,NODE_704BCA25B768,child,5,20:50:0D:E7:1C:39,-68,0,417,417,0,0,1077,1077,0
429059628,NODE_704BCA25B768,child,5,20:50:0D:E7:1C:39,-68,0,417,417,0,0,1078,1078,0
429159641,NODE_704BCA25B768,child,5,20:50:0D:E7:1C:39,-69,0,417,417,0,0,1078,1078,0
429259624,NODE_704BCA25B768,child,5,20:50:0D:E7:1C:39,-69,0,417,417,0,0,1079,1079,0
429359628,NODE_704BCA25B768,child,5,20:50:0D:E7:1C:39,-69,0,418,418,0,0,1079,1079,0
429459629,NODE_704BCA25B768,child,5,20:50:0D:E7:1C:39,-69,0,418,418,0,0,1079,1079,0
429559636,NODE_704BCA25B768,child,5,20:50:0D:E7:1C:39,-69,0,418,418,0,0,1079,1079,0
429659628,NODE_704BCA25B768,child,5,20:50:0D:E7:1C:39,-69,0,418,418,0,0,1080,1080,0
429759641,NODE_704BCA25B768,child,5,20:50:0D:E7:1C:39,-69,0,418,418,0,0,1080,1080,0
429859624,NODE_704BCA25B768,child,5,20:50:0D:E7:1C:39,-69,0,418,418,0,0,1080,1080,0
429959628,NODE_704BCA25B768,child,5,20:50:0D:E7:1C:39,-69,0,418,418,0,0,1080,1080,0
430059629,NODE_704BCA25B768,child,5,20:50:0D:E7:1C:39,-69,0,418,418,0,0,1081,1081,0
430159640,NODE_704BCA25B768,child,5,20:50:0D:E7:1C:39,-69,0,418,418,0,0,1081,1081,0
430259624,NODE_704BCA25B768,child,5,20:50:0D:E7:1C:39,-69,0,418,418,0,0,1082,1082,0
430359629,NODE_704BCA25B768,child,5,20:50:0D:E7:1C:39,-69,0,419,419,0,0,1082,1082,0
430459628,NODE_704BCA25B768,child,5,20:50:0D:E7:1C:39,-69,0,419,419,0,0,1082,1082,0
430559636,NODE_704BCA25B768,child,5,20:50:0D:E7:1C:39,-69,0,419,419,0,0,1082,1082,0
430659633,NODE_704BCA25B768,child,5,20:50:0D:E7:1C:39,-69,0,419,419,0,0,1083,1083,0
430759640,NODE_704BCA25B768,child,5,20:50:0D:E7:1C:39,-69,0,419,419,0,0,1083,1083,0
430859624,NODE_704BCA25B768,child,5,20:50:0D:E7:1C:39,-69,0,419,419,0,0,1083,1083,0
430959633,NODE_704BCA25B768,child,5,20:50:0D:E7:1C:39,-69,0,419,419,0,0,1083,1083,0
431059628,NODE_704BCA25B768,child,5,20:50:0D:E7:1C:39,-69,0,419,419,0,0,1084,1084,0
431159644,NODE_704BCA25B768,child,5,20:50:0D:E7:1C:39,-68,0,419,419,0,0,1084,1084,0
431259633,NODE_704BCA25B768,child,5,20:50:0D:E7:1C:39,-68,0,419,419,0,0,1085,1085,0
431359624,NODE_704BCA25B768,child,5,20:50:0D:E7:1C:39,-68,0,420,420,0,0,1085,1085,0
431459624,NODE_704BCA25B768,child,5,20:50:0D:E7:1C:39,-68,0,420,420,0,0,1085,1085,0
431559629,NODE_704BCA25B768,child,5,20:50:0D:E7:1C:39,-68,0,420,420,0,0,1085,1085,0
431659628,NODE_704BCA25B768,child,5,20:50:0D:E7:1C:39,-68,0,420,420,0,0,1086,1086,0
431759636,NODE_704BCA25B768,child,5,20:50:0D:E7:1C:39,-68,0,420,420,0,0,1086,1086,0
431859625,NODE_704BCA25B768,child,5,20:50:0D:E7:1C:39,-68,0,420,420,0,0,1086,1086,0
431959632,NODE_704BCA25B768,child,5,20:50:0D:E7:1C:39,-68,0,420,420,0,0,1086,1086,0
432059628,NODE_704BCA25B768,child,5,20:50:0D:E7:1C:39,-68,0,420,420,0,0,1087,1087,0
432159641,NODE_704BCA25B768,child,5,20:50:0D:E7:1C:39,-69,0,420,420,0,0,1087,1087,0
432259628,NODE_704BCA25B768,child,5,20:50:0D:E7:1C:39,-69,0,420,420,0,0,1088,1088,0
432359624,NODE_704BCA25B768,child,5,20:50:0D:E7:1C:39,-69,0,421,421,0,0,1088,1088,0
432459625,NODE_704BCA25B768,child,5,20:50:0D:E7:1C:39,-69,0,421,421,0,0,1088,1088,0
432559632,NODE_704BCA25B768,child,5,20:50:0D:E7:1C:39,-69,0,421,421,0,0,1088,1088,0
432659628,NODE_704BCA25B768,child,5,20:50:0D:E7:1C:39,-69,0,421,421,0,0,1089,1089,0
432759638,NODE_704BCA25B768,child,5,20:50:0D:E7:1C:39,-69,0,421,421,0,0,1089,1089,0
432859624,NODE_704BCA25B768,child,5,20:50:0D:E7:1C:39,-69,0,421,421,0,0,1089,1089,0
432960479,NODE_704BCA25B768,child,5,20:50:0D:E7:1C:39,-69,0,421,421,0,0,1089,1089,0
433059629,NODE_704BCA25B768,child,5,20:50:0D:E7:1C:39,-69,0,421,421,0,0,1090,1089,0
433159632,NODE_704BCA25B768,child,5,20:50:0D:E7:1C:39,-69,0,421,421,0,0,1090,1090,0
433259636,NODE_704BCA25B768,child,5,20:50:0D:E7:1C:39,-69,0,421,421,0,0,1091,1091,0
433359625,NODE_704BCA25B768,child,5,20:50:0D:E7:1C:39,-69,0,422,422,0,0,1091,1091,0
433459624,NODE_704BCA25B768,child,5,20:50:0D:E7:1C:39,-69,0,422,422,0,0,1091,1091,0
433559624,NODE_704BCA25B768,child,5,20:50:0D:E7:1C:39,-69,0,422,422,0,0,1091,1091,0
433659629,NODE_704BCA25B768,child,5,20:50:0D:E7:1C:39,-69,0,422,422,0,0,1092,1092,0
433759640,NODE_704BCA25B768,child,5,20:50:0D:E7:1C:39,-69,0,422,422,0,0,1092,1092,0
433859628,NODE_704BCA25B768,child,5,20:50:0D:E7:1C:39,-69,0,422,422,0,0,1092,1092,0
433959637,NODE_704BCA25B768,child,5,20:50:0D:E7:1C:39,-69,0,422,422,0,0,1092,1092,0
434059624,NODE_704BCA25B768,child,5,20:50:0D:E7:1C:39,-69,0,422,422,0,0,1092,1092,0
434159640,NODE_704BCA25B768,child,5,20:50:0D:E7:1C:39,-69,0,422,422,0,0,1093,1093,0
434259633,NODE_704BCA25B768,child,5,20:50:0D:E7:1C:39,-68,0,422,422,0,0,1094,1094,0
434359632,NODE_704BCA25B768,child,5,20:50:0D:E7:1C:39,-68,0,423,423,0,0,1094,1094,0
434459624,NODE_704BCA25B768,child,5,20:50:0D:E7:1C:39,-68,0,423,423,0,0,1094,1094,0
434559638,NODE_704BCA25B768,child,5,20:50:0D:E7:1C:39,-68,0,423,423,0,0,1094,1094,0
434659628,NODE_704BCA25B768,child,5,20:50:0D:E7:1C:39,-68,0,423,423,0,0,1095,1095,0
434759628,NODE_704BCA25B768,child,5,20:50:0D:E7:1C:39,-68,0,423,423,0,0,1095,1095,0
434859637,NODE_704BCA25B768,child,5,20:50:0D:E7:1C:39,-68,0,423,423,0,0,1095,1095,0
434959632,NODE_704BCA25B768,child,5,20:50:0D:E7:1C:39,-68,0,423,423,0,0,1095,1095,0
435059624,NODE_704BCA25B768,child,5,20:50:0D:E7:1C:39,-68,0,423,423,0,0,1095,1095,0
435159633,NODE_704BCA25B768,child,5,20:50:0D:E7:1C:39,-68,0,423,423,0,0,1096,1096,0
435259644,NODE_704BCA25B768,child,5,20:50:0D:E7:1C:39,-69,0,423,423,0,0,1097,1097,0
435359628,NODE_704BCA25B768,child,5,20:50:0D:E7:1C:39,-69,0,424,424,0,0,1097,1097,0
435459625,NODE_704BCA25B768,child,5,20:50:0D:E7:1C:39,-69,0,424,424,0,0,1097,1097,0
435559636,NODE_704BCA25B768,child,5,20:50:0D:E7:1C:39,-69,0,424,424,0,0,1097,1097,0
435659636,NODE_704BCA25B768,child,5,20:50:0D:E7:1C:39,-69,0,424,424,0,0,1098,1098,0
435759629,NODE_704BCA25B768,child,5,20:50:0D:E7:1C:39,-69,0,424,424,0,0,1098,1098,0
435859632,NODE_704BCA25B768,child,5,20:50:0D:E7:1C:39,-69,0,424,424,0,0,1098,1098,0
435959632,NODE_704BCA25B768,child,5,20:50:0D:E7:1C:39,-69,0,424,424,0,0,1098,1098,0
436059637,NODE_704BCA25B768,child,5,20:50:0D:E7:1C:39,-69,0,424,424,0,0,1098,1098,0
436159632,NODE_704BCA25B768,child,5,20:50:0D:E7:1C:39,-69,0,424,424,0,0,1099,1099,0
436259644,NODE_704BCA25B768,child,5,20:50:0D:E7:1C:39,-69,0,424,424,0,0,1100,1100,0
436359629,NODE_704BCA25B768,child,5,20:50:0D:E7:1C:39,-69,0,425,425,0,0,1100,1100,0
436459628,NODE_704BCA25B768,child,5,20:50:0D:E7:1C:39,-69,0,425,425,0,0,1100,1100,0
436559628,NODE_704BCA25B768,child,5,20:50:0D:E7:1C:39,-69,0,425,425,0,0,1100,1100,0
436659633,NODE_704BCA25B768,child,5,20:50:0D:E7:1C:39,-69,0,425,425,0,0,1101,1101,0
436759636,NODE_704BCA25B768,child,5,20:50:0D:E7:1C:39,-69,0,425,425,0,0,1101,1101,0
436859628,NODE_704BCA25B768,child,5,20:50:0D:E7:1C:39,-69,0,425,425,0,0,1101,1101,0
436959637,NODE_704BCA25B768,child,5,20:50:0D:E7:1C:39,-69,0,425,425,0,0,1101,1101,0
437059624,NODE_704BCA25B768,child,5,20:50:0D:E7:1C:39,-69,0,425,425,0,0,1101,1101,0
437159640,NODE_704BCA25B768,child,5,20:50:0D:E7:1C:39,-69,0,425,425,0,0,1102,1102,0
437259637,NODE_704BCA25B768,child,5,20:50:0D:E7:1C:39,-69,0,425,425,0,0,1103,1103,0
437359632,NODE_704BCA25B768,child,5,20:50:0D:E7:1C:39,-69,0,426,426,0,0,1103,1103,0
437459624,NODE_704BCA25B768,child,5,20:50:0D:E7:1C:39,-69,0,426,426,0,0,1103,1103,0
437559625,NODE_704BCA25B768,child,5,20:50:0D:E7:1C:39,-69,0,426,426,0,0,1103,1103,0
437659628,NODE_704BCA25B768,child,5,20:50:0D:E7:1C:39,-69,0,426,426,0,0,1104,1104,0
437759629,NODE_704BCA25B768,child,5,20:50:0D:E7:1C:39,-69,0,426,426,0,0,1104,1104,0
437859625,NODE_704BCA25B768,child,5,20:50:0D:E7:1C:39,-69,0,426,426,0,0,1104,1104,0
437959640,NODE_704BCA25B768,child,5,20:50:0D:E7:1C:39,-69,0,426,426,0,0,1104,1104,0
438059624,NODE_704BCA25B768,child,5,20:50:0D:E7:1C:39,-69,0,426,426,0,0,1104,1104,0
438159633,NODE_704BCA25B768,child,5,20:50:0D:E7:1C:39,-69,0,426,426,0,0,1105,1105,0
438259628,NODE_704BCA25B768,child,5,20:50:0D:E7:1C:39,-69,0,426,426,0,0,1106,1106,0
438359632,NODE_704BCA25B768,child,5,20:50:0D:E7:1C:39,-68,0,427,427,0,0,1106,1106,0
438459625,NODE_704BCA25B768,child,5,20:50:0D:E7:1C:39,-68,0,427,427,0,0,1106,1106,0
438559632,NODE_704BCA25B768,child,5,20:50:0D:E7:1C:39,-68,0,427,427,0,0,1106,1106,0
438659628,NODE_704BCA25B768,child,5,20:50:0D:E7:1C:39,-68,0,427,427,0,0,1107,1107,0
438759629,NODE_704BCA25B768,child,5,20:50:0D:E7:1C:39,-68,0,427,427,0,0,1107,1107,0
438859624,NODE_704BCA25B768,child,5,20:50:0D:E7:1C:39,-68,0,427,427,0,0,1107,1107,0
438959632,NODE_704BCA25B768,child,5,20:50:0D:E7:1C:39,-68,0,427,427,0,0,1107,1107,0
439059629,NODE_704BCA25B768,child,5,20:50:0D:E7:1C:39,-68,0,427,427,0,0,1107,1107,0
439159628,NODE_704BCA25B768,child,5,20:50:0D:E7:1C:39,-68,0,427,427,0,0,1108,1108,0
439259628,NODE_704BCA25B768,child,5,20:50:0D:E7:1C:39,-68,0,427,427,0,0,1109,1109,0
439359637,NODE_704BCA25B768,child,5,20:50:0D:E7:1C:39,-69,0,428,428,0,0,1109,1109,0
439459624,NODE_704BCA25B768,child,5,20:50:0D:E7:1C:39,-69,0,428,428,0,0,1109,1109,0
439559624,NODE_704BCA25B768,child,5,20:50:0D:E7:1C:39,-69,0,428,428,0,0,1109,1109,0
439659637,NODE_704BCA25B768,child,5,20:50:0D:E7:1C:39,-69,0,428,428,0,0,1110,1110,0
439759640,NODE_704BCA25B768,child,5,20:50:0D:E7:1C:39,-69,0,428,428,0,0,1110,1110,0
439859719,NODE_704BCA25B768,child,5,20:50:0D:E7:1C:39,-69,0,428,428,0,0,1110,1110,0
439959641,NODE_704BCA25B768,child,5,20:50:0D:E7:1C:39,-69,0,428,428,0,0,1110,1110,0
440059648,NODE_704BCA25B768,child,5,20:50:0D:E7:1C:39,-69,0,428,428,0,0,1110,1110,0
440159636,NODE_704BCA25B768,child,5,20:50:0D:E7:1C:39,-69,0,428,428,0,0,1111,1111,0
440259633,NODE_704BCA25B768,child,5,20:50:0D:E7:1C:39,-69,0,428,428,0,0,1112,1112,0
440359636,NODE_704BCA25B768,child,5,20:50:0D:E7:1C:39,-69,0,429,429,0,0,1112,1112,0
440459624,NODE_704BCA25B768,child,5,20:50:0D:E7:1C:39,-69,0,429,429,0,0,1112,1112,0
440559633,NODE_704BCA25B768,child,5,20:50:0D:E7:1C:39,-69,0,429,429,0,0,1112,1112,0
440659628,NODE_704BCA25B768,child,5,20:50:0D:E7:1C:39,-69,0,429,429,0,0,1113,1113,0
440759632,NODE_704BCA25B768,child,5,20:50:0D:E7:1C:39,-69,0,429,429,0,0,1113,1113,0
440859625,NODE_704BCA25B768,child,5,20:50:0D:E7:1C:39,-69,0,429,429,0,0,1113,1113,0
440959636,NODE_704BCA25B768,child,5,20:50:0D:E7:1C:39,-69,0,429,429,0,0,1113,1113,0
441059632,NODE_704BCA25B768,child,5,20:50:0D:E7:1C:39,-69,0,429,429,0,0,1113,1113,0
441159629,NODE_704BCA25B768,child,5,20:50:0D:E7:1C:39,-69,0,429,429,0,0,1114,1114,0
441259632,NODE_704BCA25B768,child,5,20:50:0D:E7:1C:39,-69,0,429,429,0,0,1115,1115,0
441359807,NODE_704BCA25B768,child,5,20:50:0D:E7:1C:39,-68,0,430,430,0,0,1115,1115,0
441459625,NODE_704BCA25B768,child,5,20:50:0D:E7:1C:39,-68,0,430,430,0,0,1115,1115,0
441559636,NODE_704BCA25B768,child,5,20:50:0D:E7:1C:39,-68,0,430,430,0,0,1115,1115,0
441659632,NODE_704BCA25B768,child,5,20:50:0D:E7:1C:39,-68,0,430,430,0,0,1116,1116,0
441759629,NODE_704BCA25B768,child,5,20:50:0D:E7:1C:39,-68,0,430,430,0,0,1116,1116,0
441859624,NODE_704BCA25B768,child,5,20:50:0D:E7:1C:39,-68,0,430,430,0,0,1116,1116,0
441959624,NODE_704BCA25B768,child,5,20:50:0D:E7:1C:39,-68,0,430,430,0,0,1116,1116,0
442059637,NODE_704BCA25B768,child,5,20:50:0D:E7:1C:39,-68,0,430,430,0,0,1116,1116,0
442159628,NODE_704BCA25B768,child,5,20:50:0D:E7:1C:39,-68,0,430,430,0,0,1117,1117,0
442259628,NODE_704BCA25B768,child,5,20:50:0D:E7:1C:39,-68,0,430,430,0,0,1118,1118,0
442359633,NODE_704BCA25B768,child,5,20:50:0D:E7:1C:39,-68,0,431,431,0,0,1118,1118,0
442459636,NODE_704BCA25B768,child,5,20:50:0D:E7:1C:39,-69,0,431,431,0,0,1118,1118,0
442559624,NODE_704BCA25B768,child,5,20:50:0D:E7:1C:39,-69,0,431,431,0,0,1118,1118,0
442659641,NODE_704BCA25B768,child,5,20:50:0D:E7:1C:39,-69,0,431,431,0,0,1119,1119,0
442759641,NODE_704BCA25B768,child,5,20:50:0D:E7:1C:39,-69,0,431,431,0,0,1119,1119,0
442859628,NODE_704BCA25B768,child,5,20:50:0D:E7:1C:39,-69,0,431,431,0,0,1119,1119,0
442959633,NODE_704BCA25B768,child,5,20:50:0D:E7:1C:39,-69,0,431,431,0,0,1119,1119,0
443059632,NODE_704BCA25B768,child,5,20:50:0D:E7:1C:39,-69,0,431,431,0,0,1119,1119,0
443159640,NODE_704BCA25B768,child,5,20:50:0D:E7:1C:39,-69,0,431,431,0,0,1120,1120,0
443259629,NODE_704BCA25B768,child,5,20:50:0D:E7:1C:39,-69,0,431,431,0,0,1121,1121,0
443359628,NODE_704BCA25B768,child,5,20:50:0D:E7:1C:39,-69,0,432,432,0,0,1121,1121,0
443459636,NODE_704BCA25B768,child,5,20:50:0D:E7:1C:39,-69,0,432,432,0,0,1121,1121,0
443559625,NODE_704BCA25B768,child,5,20:50:0D:E7:1C:39,-69,0,432,432,0,0,1121,1121,0
443659628,NODE_704BCA25B768,child,5,20:50:0D:E7:1C:39,-69,0,432,432,0,0,1122,1122,0
443759628,NODE_704BCA25B768,child,5,20:50:0D:E7:1C:39,-69,0,432,432,0,0,1122,1122,0
443859625,NODE_704BCA25B768,child,5,20:50:0D:E7:1C:39,-69,0,432,432,0,0,1122,1122,0
443959624,NODE_704BCA25B768,child,5,20:50:0D:E7:1C:39,-69,0,432,432,0,0,1122,1122,0
444059640,NODE_704BCA25B768,child,5,20:50:0D:E7:1C:39,-69,0,432,432,0,0,1122,1122,0
444159629,NODE_704BCA25B768,child,5,20:50:0D:E7:1C:39,-69,0,432,432,0,0,1123,1123,0
444259636,NODE_704BCA25B768,child,5,20:50:0D:E7:1C:39,-69,0,432,432,0,0,1124,1124,0
444359632,NODE_704BCA25B768,child,5,20:50:0D:E7:1C:39,-69,0,433,433,0,0,1124,1124,0
444459637,NODE_704BCA25B768,child,5,20:50:0D:E7:1C:39,-69,0,433,433,0,0,1124,1124,0
444559636,NODE_704BCA25B768,child,5,20:50:0D:E7:1C:39,-69,0,433,433,0,0,1124,1124,0
444659636,NODE_704BCA25B768,child,5,20:50:0D:E7:1C:39,-69,0,433,433,0,0,1125,1125,0
444759625,NODE_704BCA25B768,child,5,20:50:0D:E7:1C:39,-69,0,433,433,0,0,1125,1125,0
444859624,NODE_704BCA25B768,child,5,20:50:0D:E7:1C:39,-69,0,433,433,0,0,1125,1125,0
444959628,NODE_704BCA25B768,child,5,20:50:0D:E7:1C:39,-69,0,433,433,0,0,1125,1125,0
445059633,NODE_704BCA25B768,child,5,20:50:0D:E7:1C:39,-69,0,433,433,0,0,1125,1125,0
445159632,NODE_704BCA25B768,child,5,20:50:0D:E7:1C:39,-69,0,433,433,0,0,1126,1126,0
445259628,NODE_704BCA25B768,child,5,20:50:0D:E7:1C:39,-69,0,433,433,0,0,1127,1127,0
445359629,NODE_704BCA25B768,child,5,20:50:0D:E7:1C:39,-69,0,434,434,0,0,1127,1127,0
445459636,NODE_704BCA25B768,child,5,20:50:0D:E7:1C:39,-69,0,434,434,0,0,1127,1127,0
445559632,NODE_704BCA25B768,child,5,20:50:0D:E7:1C:39,-69,0,434,434,0,0,1127,1127,0
445659629,NODE_704BCA25B768,child,5,20:50:0D:E7:1C:39,-69,0,434,434,0,0,1128,1128,0
445759636,NODE_704BCA25B768,child,5,20:50:0D:E7:1C:39,-69,0,434,434,0,0,1128,1128,0
445859624,NODE_704BCA25B768,child,5,20:50:0D:E7:1C:39,-69,0,434,434,0,0,1128,1128,0
445959641,NODE_704BCA25B768,child,5,20:50:0D:E7:1C:39,-69,0,434,434,0,0,1128,1128,0
446059628,NODE_704BCA25B768,child,5,20:50:0D:E7:1C:39,-69,0,434,434,0,0,1128,1128,0
446159644,NODE_704BCA25B768,child,5,20:50:0D:E7:1C:39,-69,0,434,434,0,0,1128,1128,0
446259633,NODE_704BCA25B768,child,5,20:50:0D:E7:1C:39,-69,0,434,434,0,0,1129,1129,0
446359628,NODE_704BCA25B768,child,5,20:50:0D:E7:1C:39,-69,0,435,435,0,0,1129,1129,0
446459628,NODE_704BCA25B768,child,5,20:50:0D:E7:1C:39,-69,0,435,435,0,0,1129,1129,0
446559637,NODE_704BCA25B768,child,5,20:50:0D:E7:1C:39,-69,0,435,435,0,0,1129,1129,0
446659628,NODE_704BCA25B768,child,5,20:50:0D:E7:1C:39,-69,0,435,435,0,0,1130,1130,0
446759628,NODE_704BCA25B768,child,5,20:50:0D:E7:1C:39,-69,0,435,435,0,0,1130,1130,0
446859625,NODE_704BCA25B768,child,5,20:50:0D:E7:1C:39,-69,0,435,435,0,0,1130,1130,0
446959624,NODE_704BCA25B768,child,5,20:50:0D:E7:1C:39,-69,0,435,435,0,0,1130,1130,0
447059636,NODE_704BCA25B768,child,5,20:50:0D:E7:1C:39,-69,0,435,435,0,0,1130,1130,0
447159629,NODE_704BCA25B768,child,5,20:50:0D:E7:1C:39,-69,0,435,435,0,0,1130,1130,0
447259628,NODE_704BCA25B768,child,5,20:50:0D:E7:1C:39,-69,0,435,435,0,0,1131,1131,0
447359628,NODE_704BCA25B768,child,5,20:50:0D:E7:1C:39,-69,0,436,436,0,0,1132,1132,0
447459629,NODE_704BCA25B768,child,5,20:50:0D:E7:1C:39,-69,0,436,436,0,0,1132,1132,0
447559636,NODE_704BCA25B768,child,5,20:50:0D:E7:1C:39,-68,0,436,436,0,0,1132,1132,0
447659628,NODE_704BCA25B768,child,5,20:50:0D:E7:1C:39,-68,0,436,436,0,0,1133,1133,0
447760040,NODE_704BCA25B768,child,5,20:50:0D:E7:1C:39,-68,0,436,436,0,0,1133,1133,0
447859628,NODE_704BCA25B768,child,5,20:50:0D:E7:1C:39,-68,0,436,436,0,0,1133,1133,0
447959628,NODE_704BCA25B768,child,5,20:50:0D:E7:1C:39,-68,0,436,436,0,0,1133,1133,0
448059629,NODE_704BCA25B768,child,5,20:50:0D:E7:1C:39,-68,0,436,436,0,0,1133,1133,0
448159636,NODE_704BCA25B768,child,5,20:50:0D:E7:1C:39,-68,0,436,436,0,0,1133,1133,0
448259636,NODE_704BCA25B768,child,5,20:50:0D:E7:1C:39,-68,0,436,436,0,0,1134,1134,0
448359629,NODE_704BCA25B768,child,5,20:50:0D:E7:1C:39,-68,0,437,437,0,0,1134,1134,0
448459628,NODE_704BCA25B768,child,5,20:50:0D:E7:1C:39,-68,0,437,437,0,0,1135,1135,0
448559820,NODE_704BCA25B768,child,5,20:50:0D:E7:1C:39,-69,0,437,437,0,0,1135,1135,0
448659633,NODE_704BCA25B768,child,5,20:50:0D:E7:1C:39,-69,0,437,437,0,0,1136,1136,0
448759632,NODE_704BCA25B768,child,5,20:50:0D:E7:1C:39,-69,0,437,437,0,0,1136,1136,0
448859624,NODE_704BCA25B768,child,5,20:50:0D:E7:1C:39,-69,0,437,437,0,0,1136,1136,0
448959637,NODE_704BCA25B768,child,5,20:50:0D:E7:1C:39,-69,0,437,437,0,0,1136,1136,0
449059624,NODE_704BCA25B768,child,5,20:50:0D:E7:1C:39,-69,0,437,437,0,0,1136,1136,0
449159644,NODE_704BCA25B768,child,5,20:50:0D:E7:1C:39,-69,0,437,437,0,0,1136,1136,0
449259629,NODE_704BCA25B768,child,5,20:50:0D:E7:1C:39,-69,0,437,437,0,0,1137,1137,0
449359624,NODE_704BCA25B768,child,5,20:50:0D:E7:1C:39,-69,0,438,438,0,0,1137,1137,0
449459632,NODE_704BCA25B768,child,5,20:50:0D:E7:1C:39,-69,0,438,438,0,0,1138,1138,0
449559645,NODE_704BCA25B768,child,5,20:50:0D:E7:1C:39,-68,0,438,438,0,0,1138,1138,0
449659640,NODE_704BCA25B768,child,5,20:50:0D:E7:1C:39,-68,0,438,438,0,0,1139,1139,0
449759628,NODE_704BCA25B768,child,5,20:50:0D:E7:1C:39,-68,0,438,438,0,0,1139,1139,0
449859625,NODE_704BCA25B768,child,5,20:50:0D:E7:1C:39,-68,0,438,438,0,0,1139,1139,0
449959628,NODE_704BCA25B768,child,5,20:50:0D:E7:1C:39,-68,0,438,438,0,0,1139,1139,0
450059624,NODE_704BCA25B768,child,5,20:50:0D:E7:1C:39,-68,0,438,438,0,0,1139,1139,0
450159629,NODE_704BCA25B768,child,5,20:50:0D:E7:1C:39,-68,0,438,438,0,0,1139,1139,0
450259628,NODE_704BCA25B768,child,5,20:50:0D:E7:1C:39,-68,0,438,438,0,0,1140,1140,0
450359624,NODE_704BCA25B768,child,5,20:50:0D:E7:1C:39,-68,0,439,439,0,0,1140,1140,0
450459625,NODE_704BCA25B768,child,5,20:50:0D:E7:1C:39,-68,0,439,439,0,0,1141,1141,0
450559628,NODE_704BCA25B768,child,5,20:50:0D:E7:1C:39,-68,0,439,439,0,0,1141,1141,0
450659632,NODE_704BCA25B768,child,5,20:50:0D:E7:1C:39,-69,0,439,439,0,0,1142,1142,0
450759637,NODE_704BCA25B768,child,5,20:50:0D:E7:1C:39,-69,0,439,439,0,0,1142,1142,0
450859624,NODE_704BCA25B768,child,5,20:50:0D:E7:1C:39,-69,0,439,439,0,0,1142,1142,0
450959628,NODE_704BCA25B768,child,5,20:50:0D:E7:1C:39,-69,0,439,439,0,0,1142,1142,0
451059625,NODE_704BCA25B768,child,5,20:50:0D:E7:1C:39,-69,0,439,439,0,0,1142,1142,0
451159624,NODE_704BCA25B768,child,5,20:50:0D:E7:1C:39,-69,0,439,439,0,0,1142,1142,0
451259628,NODE_704BCA25B768,child,5,20:50:0D:E7:1C:39,-69,0,439,439,0,0,1143,1143,0
451359629,NODE_704BCA25B768,child,5,20:50:0D:E7:1C:39,-69,0,440,440,0,0,1143,1143,0
451459624,NODE_704BCA25B768,child,5,20:50:0D:E7:1C:39,-69,0,440,440,0,0,1144,1144,0
451559636,NODE_704BCA25B768,child,5,20:50:0D:E7:1C:39,-69,0,440,440,0,0,1144,1144,0
451659637,NODE_704BCA25B768,child,5,20:50:0D:E7:1C:39,-68,0,440,440,0,0,1145,1145,0
451759636,NODE_704BCA25B768,child,5,20:50:0D:E7:1C:39,-68,0,440,440,0,0,1145,1145,0
451859624,NODE_704BCA25B768,child,5,20:50:0D:E7:1C:39,-68,0,440,440,0,0,1145,1145,0
451959637,NODE_704BCA25B768,child,5,20:50:0D:E7:1C:39,-68,0,440,440,0,0,1145,1145,0
452059624,NODE_704BCA25B768,child,5,20:50:0D:E7:1C:39,-68,0,440,440,0,0,1145,1145,0
452159624,NODE_704BCA25B768,child,5,20:50:0D:E7:1C:39,-68,0,440,440,0,0,1145,1145,0
452259633,NODE_704BCA25B768,child,5,20:50:0D:E7:1C:39,-68,0,440,440,0,0,1146,1146,0
452359628,NODE_704BCA25B768,child,5,20:50:0D:E7:1C:39,-68,0,441,441,0,0,1146,1146,0
452459628,NODE_704BCA25B768,child,5,20:50:0D:E7:1C:39,-68,0,441,441,0,0,1147,1147,0
452559637,NODE_704BCA25B768,child,5,20:50:0D:E7:1C:39,-68,0,441,441,0,0,1147,1147,0
452659636,NODE_704BCA25B768,child,5,20:50:0D:E7:1C:39,-69,0,441,441,0,0,1148,1148,0
452759629,NODE_704BCA25B768,child,5,20:50:0D:E7:1C:39,-69,0,441,441,0,0,1148,1148,0
452859625,NODE_704BCA25B768,child,5,20:50:0D:E7:1C:39,-69,0,441,441,0,0,1148,1148,0
452959632,NODE_704BCA25B768,child,5,20:50:0D:E7:1C:39,-69,0,441,441,0,0,1148,1148,0
453059628,NODE_704BCA25B768,child,5,20:50:0D:E7:1C:39,-69,0,441,441,0,0,1148,1148,0
453159625,NODE_704BCA25B768,child,5,20:50:0D:E7:1C:39,-69,0,441,441,0,0,1148,1148,0
453259640,NODE_704BCA25B768,child,5,20:50:0D:E7:1C:39,-69,0,441,441,0,0,1149,1149,0
453359628,NODE_704BCA25B768,child,5,20:50:0D:E7:1C:39,-69,0,442,442,0,0,1149,1149,0
453460128,NODE_704BCA25B768,child,5,20:50:0D:E7:1C:39,-69,0,442,442,0,0,1149,1149,0
453559632,NODE_704BCA25B768,child,5,20:50:0D:E7:1C:39,-69,0,442,442,0,0,1150,1150,0
453659636,NODE_704BCA25B768,child,5,20:50:0D:E7:1C:39,-68,0,442,442,0,0,1151,1151,0
453759637,NODE_704BCA25B768,child,5,20:50:0D:E7:1C:39,-68,0,442,442,0,0,1151,1151,0
453859624,NODE_704BCA25B768,child,5,20:50:0D:E7:1C:39,-68,0,442,442,0,0,1151,1151,0
453959628,NODE_704BCA25B768,child,5,20:50:0D:E7:1C:39,-68,0,442,442,0,0,1151,1151,0
454059629,NODE_704BCA25B768,child,5,20:50:0D:E7:1C:39,-68,0,442,442,0,0,1151,1151,0
454159624,NODE_704BCA25B768,child,5,20:50:0D:E7:1C:39,-68,0,442,442,0,0,1151,1151,0
454259632,NODE_704BCA25B768,child,5,20:50:0D:E7:1C:39,-68,0,442,442,0,0,1152,1152,0
454359633,NODE_704BCA25B768,child,5,20:50:0D:E7:1C:39,-68,0,443,443,0,0,1152,1152,0
454459624,NODE_704BCA25B768,child,5,20:50:0D:E7:1C:39,-68,0,443,443,0,0,1152,1152,0
454559624,NODE_704BCA25B768,child,5,20:50:0D:E7:1C:39,-68,0,443,443,0,0,1153,1153,0
454659629,NODE_704BCA25B768,child,5,20:50:0D:E7:1C:39,-68,0,443,443,0,0,1154,1154,0
454759644,NODE_704BCA25B768,child,5,20:50:0D:E7:1C:39,-68,0,443,443,0,0,1154,1154,0
454859636,NODE_704BCA25B768,child,5,20:50:0D:E7:1C:39,-68,0,443,443,0,0,1154,1154,0
454959633,NODE_704BCA25B768,child,5,20:50:0D:E7:1C:39,-68,0,443,443,0,0,1154,1154,0
455059636,NODE_704BCA25B768,child,5,20:50:0D:E7:1C:39,-68,0,443,443,0,0,1154,1154,0
455159632,NODE_704BCA25B768,child,5,20:50:0D:E7:1C:39,-68,0,443,443,0,0,1154,1154,0
455259633,NODE_704BCA25B768,child,5,20:50:0D:E7:1C:39,-68,0,443,443,0,0,1155,1155,0
455359628,NODE_704BCA25B768,child,5,20:50:0D:E7:1C:39,-68,0,444,444,0,0,1155,1155,0
455459624,NODE_704BCA25B768,child,5,20:50:0D:E7:1C:39,-68,0,444,444,0,0,1155,1155,0
455559629,NODE_704BCA25B768,child,5,20:50:0D:E7:1C:39,-68,0,444,444,0,0,1156,1156,0
455659628,NODE_704BCA25B768,child,5,20:50:0D:E7:1C:39,-68,0,444,444,0,0,1157,1157,0
455759640,NODE_704BCA25B768,child,5,20:50:0D:E7:1C:39,-69,0,444,444,0,0,1157,1157,0
455859625,NODE_704BCA25B768,child,5,20:50:0D:E7:1C:39,-69,0,444,444,0,0,1157,1157,0
455959624,NODE_704BCA25B768,child,5,20:50:0D:E7:1C:39,-69,0,444,444,0,0,1157,1157,0
456059628,NODE_704BCA25B768,child,5,20:50:0D:E7:1C:39,-69,0,444,444,0,0,1157,1157,0
456159625,NODE_704BCA25B768,child,5,20:50:0D:E7:1C:39,-69,0,444,444,0,0,1157,1157,0
456259628,NODE_704BCA25B768,child,5,20:50:0D:E7:1C:39,-69,0,444,444,0,0,1158,1158,0
456359632,NODE_704BCA25B768,child,5,20:50:0D:E7:1C:39,-69,0,445,445,0,0,1158,1158,0
456459629,NODE_704BCA25B768,child,5,20:50:0D:E7:1C:39,-69,0,445,445,0,0,1158,1158,0
456559636,NODE_704BCA25B768,child,5,20:50:0D:E7:1C:39,-69,0,445,445,0,0,1159,1159,0
456659640,NODE_704BCA25B768,child,5,20:50:0D:E7:1C:39,-69,0,445,445,0,0,1160,1160,0
456759641,NODE_704BCA25B768,child,5,20:50:0D:E7:1C:39,-68,0,445,445,0,0,1160,1160,0
456859624,NODE_704BCA25B768,child,5,20:50:0D:E7:1C:39,-68,0,445,445,0,0,1160,1160,0
456959636,NODE_704BCA25B768,child,5,20:50:0D:E7:1C:39,-68,0,445,445,0,0,1160,1160,0
457059629,NODE_704BCA25B768,child,5,20:50:0D:E7:1C:39,-68,0,445,445,0,0,1160,1160,0
457159624,NODE_704BCA25B768,child,5,20:50:0D:E7:1C:39,-68,0,445,445,0,0,1160,1160,0
457259624,NODE_704BCA25B768,child,5,20:50:0D:E7:1C:39,-68,0,445,445,0,0,1161,1161,0
457359637,NODE_704BCA25B768,child,5,20:50:0D:E7:1C:39,-68,0,446,446,0,0,1161,1161,0
457459624,NODE_704BCA25B768,child,5,20:50:0D:E7:1C:39,-68,0,446,446,0,0,1161,1161,0
457559628,NODE_704BCA25B768,child,5,20:50:0D:E7:1C:39,-68,0,446,446,0,0,1162,1162,0
457659633,NODE_704BCA25B768,child,5,20:50:0D:E7:1C:39,-68,0,446,446,0,0,1163,1163,0
457759645,NODE_704BCA25B768,child,5,20:50:0D:E7:1C:39,-69,0,446,446,0,0,1163,1163,0
457859624,NODE_704BCA25B768,child,5,20:50:0D:E7:1C:39,-69,0,446,446,0,0,1163,1163,0
457959633,NODE_704BCA25B768,child,5,20:50:0D:E7:1C:39,-69,0,446,446,0,0,1163,1163,0
458059636,NODE_704BCA25B768,child,5,20:50:0D:E7:1C:39,-69,0,446,446,0,0,1163,1163,0
458159632,NODE_704BCA25B768,child,5,20:50:0D:E7:1C:39,-69,0,446,446,0,0,1163,1163,0
458259625,NODE_704BCA25B768,child,5,20:50:0D:E7:1C:39,-69,0,446,446,0,0,1164,1164,0
458359640,NODE_704BCA25B768,child,5,20:50:0D:E7:1C:39,-69,0,447,447,0,0,1164,1164,0
458459628,NODE_704BCA25B768,child,5,20:50:0D:E7:1C:39,-69,0,447,447,0,0,1164,1164,0
458559637,NODE_704BCA25B768,child,5,20:50:0D:E7:1C:39,-69,0,447,447,0,0,1165,1165,0
458659628,NODE_704BCA25B768,child,5,20:50:0D:E7:1C:39,-69,0,447,447,0,0,1166,1166,0
458759628,NODE_704BCA25B768,child,5,20:50:0D:E7:1C:39,-69,0,447,447,0,0,1166,1166,0
458859637,NODE_704BCA25B768,child,5,20:50:0D:E7:1C:39,-68,0,447,447,0,0,1166,1166,0
458959624,NODE_704BCA25B768,child,5,20:50:0D:E7:1C:39,-68,0,447,447,0,0,1166,1166,0
459059632,NODE_704BCA25B768,child,5,20:50:0D:E7:1C:39,-68,0,447,447,0,0,1166,1166,0
459159629,NODE_704BCA25B768,child,5,20:50:0D:E7:1C:39,-68,0,447,447,0,0,1166,1166,0
459259628,NODE_704BCA25B768,child,5,20:50:0D:E7:1C:39,-68,0,447,447,0,0,1167,1167,0
459359624,NODE_704BCA25B768,child,5,20:50:0D:E7:1C:39,-68,0,448,448,0,0,1167,1167,0
459459629,NODE_704BCA25B768,child,5,20:50:0D:E7:1C:39,-68,0,448,448,0,0,1167,1167,0
459559628,NODE_704BCA25B768,child,5,20:50:0D:E7:1C:39,-68,0,448,448,0,0,1168,1168,0
459659624,NODE_704BCA25B768,child,5,20:50:0D:E7:1C:39,-68,0,448,448,0,0,1169,1169,0
459759633,NODE_704BCA25B768,child,5,20:50:0D:E7:1C:39,-68,0,448,448,0,0,1169,1169,0
459859640,NODE_704BCA25B768,child,5,20:50:0D:E7:1C:39,-68,0,448,448,0,0,1169,1169,0
459959636,NODE_704BCA25B768,child,5,20:50:0D:E7:1C:39,-68,0,448,448,0,0,1169,1169,0
460059633,NODE_704BCA25B768,child,5,20:50:0D:E7:1C:39,-68,0,448,448,0,0,1169,1169,0
460159628,NODE_704BCA25B768,child,5,20:50:0D:E7:1C:39,-68,0,448,448,0,0,1169,1169,0
460259632,NODE_704BCA25B768,child,5,20:50:0D:E7:1C:39,-68,0,448,448,0,0,1170,1170,0
460359629,NODE_704BCA25B768,child,5,20:50:0D:E7:1C:39,-68,0,449,449,0,0,1170,1170,0
460459632,NODE_704BCA25B768,child,5,20:50:0D:E7:1C:39,-68,0,449,449,0,0,1170,1170,0
460559628,NODE_704BCA25B768,child,5,20:50:0D:E7:1C:39,-68,0,449,449,0,0,1171,1171,0
460659629,NODE_704BCA25B768,child,5,20:50:0D:E7:1C:39,-68,0,449,449,0,0,1172,1172,0
460759632,NODE_704BCA25B768,child,5,20:50:0D:E7:1C:39,-68,0,449,449,0,0,1172,1172,0
460859636,NODE_704BCA25B768,child,5,20:50:0D:E7:1C:39,-69,0,449,449,0,0,1172,1172,0
460959633,NODE_704BCA25B768,child,5,20:50:0D:E7:1C:39,-69,0,449,449,0,0,1172,1172,0
461059632,NODE_704BCA25B768,child,5,20:50:0D:E7:1C:39,-69,0,449,449,0,0,1172,1172,0
461159966,NODE_704BCA25B768,child,5,20:50:0D:E7:1C:39,-69,0,449,449,0,0,1172,1172,0
461259633,NODE_704BCA25B768,child,5,20:50:0D:E7:1C:39,-69,0,449,449,0,0,1173,1173,0
461359624,NODE_704BCA25B768,child,5,20:50:0D:E7:1C:39,-69,0,450,450,0,0,1173,1173,0
461459632,NODE_704BCA25B768,child,5,20:50:0D:E7:1C:39,-69,0,450,450,0,0,1173,1173,0
461559629,NODE_704BCA25B768,child,5,20:50:0D:E7:1C:39,-69,0,450,450,0,0,1174,1174,0
461659628,NODE_704BCA25B768,child,5,20:50:0D:E7:1C:39,-69,0,450,450,0,0,1175,1175,0
461759636,NODE_704BCA25B768,child,5,20:50:0D:E7:1C:39,-69,0,450,450,0,0,1175,1175,0
461859641,NODE_704BCA25B768,child,5,20:50:0D:E7:1C:39,-69,0,450,450,0,0,1175,1175,0
461959628,NODE_704BCA25B768,child,5,20:50:0D:E7:1C:39,-69,0,450,450,0,0,1175,1175,0
462059624,NODE_704BCA25B768,child,5,20:50:0D:E7:1C:39,-69,0,450,450,0,0,1175,1175,0
462159625,NODE_704BCA25B768,child,5,20:50:0D:E7:1C:39,-69,0,450,450,0,0,1175,1175,0
462259628,NODE_704BCA25B768,child,5,20:50:0D:E7:1C:39,-69,0,450,450,0,0,1176,1176,0
462359632,NODE_704BCA25B768,child,5,20:50:0D:E7:1C:39,-69,0,451,451,0,0,1176,1176,0
462459629,NODE_704BCA25B768,child,5,20:50:0D:E7:1C:39,-69,0,451,451,0,0,1176,1176,0
462559628,NODE_704BCA25B768,child,5,20:50:0D:E7:1C:39,-69,0,451,451,0,0,1177,1177,0
462659624,NODE_704BCA25B768,child,5,20:50:0D:E7:1C:39,-69,0,451,451,0,0,1178,1178,0
462759630,NODE_704BCA25B768,child,5,20:50:0D:E7:1C:39,-69,0,451,451,0,0,1178,1178,0
462859632,NODE_704BCA25B768,child,5,20:50:0D:E7:1C:39,-69,0,451,451,0,0,1178,1178,0
462959636,NODE_704BCA25B768,child,5,20:50:0D:E7:1C:39,-69,0,451,451,0,0,1178,1178,0
463059633,NODE_704BCA25B768,child,5,20:50:0D:E7:1C:39,-69,0,451,451,0,0,1178,1178,0
463159628,NODE_704BCA25B768,child,5,20:50:0D:E7:1C:39,-69,0,451,451,0,0,1178,1178,0
463259628,NODE_704BCA25B768,child,5,20:50:0D:E7:1C:39,-69,0,451,451,0,0,1179,1179,0
463359629,NODE_704BCA25B768,child,5,20:50:0D:E7:1C:39,-69,0,452,452,0,0,1179,1179,0
463459624,NODE_704BCA25B768,child,5,20:50:0D:E7:1C:39,-69,0,452,452,0,0,1179,1179,0
463559632,NODE_704BCA25B768,child,5,20:50:0D:E7:1C:39,-69,0,452,452,0,0,1180,1180,0
463659641,NODE_704BCA25B768,child,5,20:50:0D:E7:1C:39,-69,0,452,452,0,0,1181,1181,0
463759632,NODE_704BCA25B768,child,5,20:50:0D:E7:1C:39,-69,0,452,452,0,0,1181,1181,0
463859624,NODE_704BCA25B768,child,5,20:50:0D:E7:1C:39,-69,0,452,452,0,0,1181,1181,0
463959645,NODE_704BCA25B768,child,5,20:50:0D:E7:1C:39,-68,0,452,452,0,0,1181,1181,0
464059624,NODE_704BCA25B768,child,5,20:50:0D:E7:1C:39,-68,0,452,452,0,0,1181,1181,0
464159624,NODE_704BCA25B768,child,5,20:50:0D:E7:1C:39,-68,0,452,452,0,0,1181,1181,0
464259633,NODE_704BCA25B768,child,5,20:50:0D:E7:1C:39,-68,0,452,452,0,0,1182,1182,0
464359628,NODE_704BCA25B768,child,5,20:50:0D:E7:1C:39,-68,0,453,453,0,0,1182,1182,0
464459628,NODE_704BCA25B768,child,5,20:50:0D:E7:1C:39,-68,0,453,453,0,0,1182,1182,0
464559641,NODE_704BCA25B768,child,5,20:50:0D:E7:1C:39,-68,0,453,453,0,0,1183,1183,0
464659624,NODE_704BCA25B768,child,5,20:50:0D:E7:1C:39,-68,0,453,453,0,0,1184,1184,0
464759636,NODE_704BCA25B768,child,5,20:50:0D:E7:1C:39,-68,0,453,453,0,0,1184,1184,0
464859629,NODE_704BCA25B768,child,5,20:50:0D:E7:1C:39,-68,0,453,453,0,0,1184,1184,0
464959640,NODE_704BCA25B768,child,5,20:50:0D:E7:1C:39,-68,0,453,453,0,0,1184,1184,0
465059624,NODE_704BCA25B768,child,5,20:50:0D:E7:1C:39,-68,0,453,453,0,0,1184,1184,0
465159629,NODE_704BCA25B768,child,5,20:50:0D:E7:1C:39,-68,0,453,453,0,0,1184,1184,0
465259628,NODE_704BCA25B768,child,5,20:50:0D:E7:1C:39,-68,0,453,453,0,0,1185,1185,0
465359632,NODE_704BCA25B768,child,5,20:50:0D:E7:1C:39,-68,0,454,454,0,0,1185,1185,0
465459625,NODE_704BCA25B768,child,5,20:50:0D:E7:1C:39,-68,0,454,454,0,0,1185,1185,0
465559632,NODE_704BCA25B768,child,5,20:50:0D:E7:1C:39,-68,0,454,454,0,0,1186,1186,0
465659632,NODE_704BCA25B768,child,5,20:50:0D:E7:1C:39,-68,0,454,454,0,0,1187,1187,0
465759633,NODE_704BCA25B768,child,5,20:50:0D:E7:1C:39,-68,0,454,454,0,0,1187,1187,0
465859624,NODE_704BCA25B768,child,5,20:50:0D:E7:1C:39,-68,0,454,454,0,0,1187,1187,0
465959636,NODE_704BCA25B768,child,5,20:50:0D:E7:1C:39,-68,0,454,454,0,0,1187,1187,0
466059637,NODE_704BCA25B768,child,5,20:50:0D:E7:1C:39,-68,0,454,454,0,0,1187,1187,0
466159624,NODE_704BCA25B768,child,5,20:50:0D:E7:1C:39,-68,0,454,454,0,0,1187,1187,0
466259624,NODE_704BCA25B768,child,5,20:50:0D:E7:1C:39,-68,0,454,454,0,0,1188,1188,0
466359625,NODE_704BCA25B768,child,5,20:50:0D:E7:1C:39,-68,0,455,455,0,0,1188,1188,0
466459624,NODE_704BCA25B768,child,5,20:50:0D:E7:1C:39,-68,0,455,455,0,0,1188,1188,0
466559644,NODE_704BCA25B768,child,5,20:50:0D:E7:1C:39,-68,0,455,455,0,0,1189,1189,0
466659641,NODE_704BCA25B768,child,5,20:50:0D:E7:1C:39,-68,0,455,455,0,0,1190,1190,0
466759632,NODE_704BCA25B768,child,5,20:50:0D:E7:1C:39,-68,0,455,455,0,0,1190,1190,0
466859628,NODE_704BCA25B768,child,5,20:50:0D:E7:1C:39,-68,0,455,455,0,0,1190,1190,0
466959641,NODE_704BCA25B768,child,5,20:50:0D:E7:1C:39,-67,0,455,455,0,0,1190,1190,0
467059636,NODE_704BCA25B768,child,5,20:50:0D:E7:1C:39,-67,0,455,455,0,0,1190,1190,0
467159624,NODE_704BCA25B768,child,5,20:50:0D:E7:1C:39,-67,0,455,455,0,0,1190,1190,0
467259633,NODE_704BCA25B768,child,5,20:50:0D:E7:1C:39,-67,0,455,455,0,0,1191,1191,0
467359624,NODE_704BCA25B768,child,5,20:50:0D:E7:1C:39,-67,0,456,456,0,0,1191,1191,0
467459624,NODE_704BCA25B768,child,5,20:50:0D:E7:1C:39,-67,0,456,456,0,0,1191,1191,0
467559629,NODE_704BCA25B768,child,5,20:50:0D:E7:1C:39,-67,0,456,456,0,0,1192,1192,0
467659632,NODE_704BCA25B768,child,5,20:50:0D:E7:1C:39,-67,0,456,456,0,0,1193,1193,0
467759637,NODE_704BCA25B768,child,5,20:50:0D:E7:1C:39,-67,0,456,456,0,0,1193,1193,0
467859625,NODE_704BCA25B768,child,5,20:50:0D:E7:1C:39,-67,0,456,456,0,0,1193,1193,0
467959628,NODE_704BCA25B768,child,5,20:50:0D:E7:1C:39,-67,0,456,456,0,0,1193,1193,0
468059636,NODE_704BCA25B768,child,5,20:50:0D:E7:1C:39,-70,0,456,456,0,0,1193,1193,0
468159629,NODE_704BCA25B768,child,5,20:50:0D:E7:1C:39,-70,0,456,456,0,0,1193,1193,0
468259624,NODE_704BCA25B768,child,5,20:50:0D:E7:1C:39,-70,0,456,456,0,0,1194,1194,0
468359632,NODE_704BCA25B768,child,5,20:50:0D:E7:1C:39,-70,0,457,457,0,0,1194,1194,0
468459629,NODE_704BCA25B768,child,5,20:50:0D:E7:1C:39,-70,0,457,457,0,0,1194,1194,0
468559628,NODE_704BCA25B768,child,5,20:50:0D:E7:1C:39,-70,0,457,457,0,0,1195,1195,0
468659632,NODE_704BCA25B768,child,5,20:50:0D:E7:1C:39,-70,0,457,457,0,0,1196,1196,0
468759629,NODE_704BCA25B768,child,5,20:50:0D:E7:1C:39,-70,0,457,457,0,0,1196,1196,0
468859640,NODE_704BCA25B768,child,5,20:50:0D:E7:1C:39,-70,0,457,457,0,0,1196,1196,0
468959628,NODE_704BCA25B768,child,5,20:50:0D:E7:1C:39,-70,0,457,457,0,0,1196,1196,0
469059645,NODE_704BCA25B768,child,5,20:50:0D:E7:1C:39,-70,0,457,457,0,0,1196,1196,0
469159624,NODE_704BCA25B768,child,5,20:50:0D:E7:1C:39,-70,0,457,457,0,0,1196,1196,0
469259628,NODE_704BCA25B768,child,5,20:50:0D:E7:1C:39,-70,0,457,457,0,0,1197,1197,0
469359629,NODE_704BCA25B768,child,5,20:50:0D:E7:1C:39,-70,0,458,458,0,0,1197,1197,0
469459624,NODE_704BCA25B768,child,5,20:50:0D:E7:1C:39,-70,0,458,458,0,0,1197,1197,0
469559628,NODE_704BCA25B768,child,5,20:50:0D:E7:1C:39,-70,0,458,458,0,0,1198,1198,0
469659637,NODE_704BCA25B768,child,5,20:50:0D:E7:1C:39,-70,0,458,458,0,0,1199,1199,0
469759636,NODE_704BCA25B768,child,5,20:50:0D:E7:1C:39,-70,0,458,458,0,0,1199,1199,0
469859624,NODE_704BCA25B768,child,5,20:50:0D:E7:1C:39,-70,0,458,458,0,0,1199,1199,0
469959637,NODE_704BCA25B768,child,5,20:50:0D:E7:1C:39,-70,0,458,458,0,0,1199,1199,0
470059636,NODE_704BCA25B768,child,5,20:50:0D:E7:1C:39,-69,0,458,458,0,0,1199,1199,0
470159628,NODE_704BCA25B768,child,5,20:50:0D:E7:1C:39,-69,0,458,458,0,0,1199,1199,0
470259633,NODE_704BCA25B768,child,5,20:50:0D:E7:1C:39,-69,0,458,458,0,0,1200,1200,0
470359624,NODE_704BCA25B768,child,5,20:50:0D:E7:1C:39,-69,0,459,459,0,0,1200,1200,0
470459624,NODE_704BCA25B768,child,5,20:50:0D:E7:1C:39,-69,0,459,459,0,0,1200,1200,0
470559625,NODE_704BCA25B768,child,5,20:50:0D:E7:1C:39,-69,0,459,459,0,0,1201,1201,0
470659644,NODE_704BCA25B768,child,5,20:50:0D:E7:1C:39,-69,0,459,459,0,0,1202,1202,0
470759624,NODE_704BCA25B768,child,5,20:50:0D:E7:1C:39,-69,0,459,459,0,0,1202,1202,0
470859625,NODE_704BCA25B768,child,5,20:50:0D:E7:1C:39,-69,0,459,459,0,0,1202,1202,0
470959632,NODE_704BCA25B768,child,5,20:50:0D:E7:1C:39,-69,0,459,459,0,0,1202,1202,0
471059632,NODE_704BCA25B768,child,5,20:50:0D:E7:1C:39,-69,0,459,459,0,0,1202,1202,0
471159625,NODE_704BCA25B768,child,5,20:50:0D:E7:1C:39,-69,0,459,459,0,0,1202,1202,0
471259624,NODE_704BCA25B768,child,5,20:50:0D:E7:1C:39,-69,0,459,459,0,0,1203,1203,0
471359624,NODE_704BCA25B768,child,5,20:50:0D:E7:1C:39,-69,0,460,460,0,0,1203,1203,0
471459629,NODE_704BCA25B768,child,5,20:50:0D:E7:1C:39,-69,0,460,460,0,0,1203,1203,0
471559636,NODE_704BCA25B768,child,5,20:50:0D:E7:1C:39,-69,0,460,460,0,0,1204,1204,0
471659628,NODE_704BCA25B768,child,5,20:50:0D:E7:1C:39,-69,0,460,460,0,0,1205,1205,0
471759633,NODE_704BCA25B768,child,5,20:50:0D:E7:1C:39,-69,0,460,460,0,0,1205,1205,0
471859628,NODE_704BCA25B768,child,5,20:50:0D:E7:1C:39,-69,0,460,460,0,0,1205,1205,0
471959628,NODE_704BCA25B768,child,5,20:50:0D:E7:1C:39,-69,0,460,460,0,0,1205,1205,0
472059637,NODE_704BCA25B768,child,5,20:50:0D:E7:1C:39,-69,0,460,460,0,0,1205,1205,0
472159632,NODE_704BCA25B768,child,5,20:50:0D:E7:1C:39,-69,0,460,460,0,0,1205,1205,0
472259624,NODE_704BCA25B768,child,5,20:50:0D:E7:1C:39,-69,0,460,460,0,0,1206,1206,0
472359625,NODE_704BCA25B768,child,5,20:50:0D:E7:1C:39,-69,0,461,461,0,0,1206,1206,0
472459632,NODE_704BCA25B768,child,5,20:50:0D:E7:1C:39,-69,0,461,461,0,0,1206,1206,0
472559632,NODE_704BCA25B768,child,5,20:50:0D:E7:1C:39,-69,0,461,461,0,0,1207,1207,0
472659629,NODE_704BCA25B768,child,5,20:50:0D:E7:1C:39,-69,0,461,461,0,0,1208,1208,0
472759641,NODE_704BCA25B768,child,5,20:50:0D:E7:1C:39,-69,0,461,461,0,0,1208,1208,0
472859624,NODE_704BCA25B768,child,5,20:50:0D:E7:1C:39,-69,0,461,461,0,0,1208,1208,0
472959633,NODE_704BCA25B768,child,5,20:50:0D:E7:1C:39,-69,0,461,461,0,0,1208,1208,0
473059624,NODE_704BCA25B768,child,5,20:50:0D:E7:1C:39,-69,0,461,461,0,0,1208,1208,0
473159640,NODE_704BCA25B768,child,5,20:50:0D:E7:1C:39,-69,0,461,461,0,0,1208,1208,0
473259625,NODE_704BCA25B768,child,5,20:50:0D:E7:1C:39,-69,0,461,461,0,0,1209,1209,0
473359628,NODE_704BCA25B768,child,5,20:50:0D:E7:1C:39,-69,0,462,462,0,0,1209,1209,0
473459624,NODE_704BCA25B768,child,5,20:50:0D:E7:1C:39,-69,0,462,462,0,0,1209,1209,0
473559625,NODE_704BCA25B768,child,5,20:50:0D:E7:1C:39,-69,0,462,462,0,0,1210,1210,0
473659624,NODE_704BCA25B768,child,5,20:50:0D:E7:1C:39,-69,0,462,462,0,0,1211,1211,0
473759632,NODE_704BCA25B768,child,5,20:50:0D:E7:1C:39,-69,0,462,462,0,0,1211,1211,0
473859625,NODE_704BCA25B768,child,5,20:50:0D:E7:1C:39,-69,0,462,462,0,0,1211,1211,0
473959636,NODE_704BCA25B768,child,5,20:50:0D:E7:1C:39,-69,0,462,462,0,0,1211,1211,0
474059624,NODE_704BCA25B768,child,5,20:50:0D:E7:1C:39,-69,0,462,462,0,0,1211,1211,0
474159637,NODE_704BCA25B768,child,5,20:50:0D:E7:1C:39,-69,0,462,462,0,0,1211,1211,0
474259624,NODE_704BCA25B768,child,5,20:50:0D:E7:1C:39,-69,0,462,462,0,0,1212,1212,0
474359628,NODE_704BCA25B768,child,5,20:50:0D:E7:1C:39,-69,0,463,463,0,0,1212,1212,0
474459629,NODE_704BCA25B768,child,5,20:50:0D:E7:1C:39,-69,0,463,463,0,0,1212,1212,0
474559628,NODE_704BCA25B768,child,5,20:50:0D:E7:1C:39,-69,0,463,463,0,0,1213,1213,0
474659624,NODE_704BCA25B768,child,5,20:50:0D:E7:1C:39,-69,0,463,463,0,0,1214,1214,0
474759637,NODE_704BCA25B768,child,5,20:50:0D:E7:1C:39,-69,0,463,463,0,0,1214,1214,0
474859624,NODE_704BCA25B768,child,5,20:50:0D:E7:1C:39,-69,0,463,463,0,0,1214,1214,0
474959632,NODE_704BCA25B768,child,5,20:50:0D:E7:1C:39,-69,0,463,463,0,0,1214,1214,0
475059637,NODE_704BCA25B768,child,5,20:50:0D:E7:1C:39,-69,0,463,463,0,0,1214,1214,0
475159636,NODE_704BCA25B768,child,5,20:50:0D:E7:1C:39,-68,0,463,463,0,0,1214,1214,0
475259632,NODE_704BCA25B768,child,5,20:50:0D:E7:1C:39,-68,0,463,463,0,0,1215,1215,0
475359625,NODE_704BCA25B768,child,5,20:50:0D:E7:1C:39,-68,0,464,464,0,0,1215,1215,0
475459743,NODE_704BCA25B768,child,5,20:50:0D:E7:1C:39,-68,0,464,464,0,0,1215,1215,0
475559624,NODE_704BCA25B768,child,5,20:50:0D:E7:1C:39,-68,0,464,464,0,0,1215,1215,0
475659633,NODE_704BCA25B768,child,5,20:50:0D:E7:1C:39,-68,0,464,464,0,0,1217,1217,0
475759640,NODE_704BCA25B768,child,5,20:50:0D:E7:1C:39,-68,0,464,464,0,0,1217,1217,0
475859632,NODE_704BCA25B768,child,5,20:50:0D:E7:1C:39,-68,0,464,464,0,0,1217,1217,0
475959904,NODE_704BCA25B768,child,5,20:50:0D:E7:1C:39,-68,0,464,464,0,0,1217,1217,0
476059628,NODE_704BCA25B768,child,5,20:50:0D:E7:1C:39,-68,0,464,464,0,0,1217,1217,0
476159624,NODE_704BCA25B768,child,5,20:50:0D:E7:1C:39,-68,0,464,464,0,0,1217,1217,0
476259633,NODE_704BCA25B768,child,5,20:50:0D:E7:1C:39,-68,0,464,464,0,0,1218,1218,0
476359628,NODE_704BCA25B768,child,5,20:50:0D:E7:1C:39,-68,0,465,465,0,0,1218,1218,0
476459624,NODE_704BCA25B768,child,5,20:50:0D:E7:1C:39,-68,0,465,465,0,0,1218,1218,0
476559625,NODE_704BCA25B768,child,5,20:50:0D:E7:1C:39,-68,0,465,465,0,0,1218,1218,0
476659628,NODE_704BCA25B768,child,5,20:50:0D:E7:1C:39,-68,0,465,465,0,0,1220,1220,0
476759628,NODE_704BCA25B768,child,5,20:50:0D:E7:1C:39,-68,0,465,465,0,0,1220,1220,0
476859633,NODE_704BCA25B768,child,5,20:50:0D:E7:1C:39,-68,0,465,465,0,0,1220,1220,0
476959632,NODE_704BCA25B768,child,5,20:50:0D:E7:1C:39,-68,0,465,465,0,0,1220,1220,0
477059624,NODE_704BCA25B768,child,5,20:50:0D:E7:1C:39,-68,0,465,465,0,0,1220,1220,0
477159625,NODE_704BCA25B768,child,5,20:50:0D:E7:1C:39,-68,0,465,465,0,0,1220,1220,0
477259632,NODE_704BCA25B768,child,5,20:50:0D:E7:1C:39,-68,0,465,465,0,0,1221,1221,0
477359624,NODE_704BCA25B768,child,5,20:50:0D:E7:1C:39,-68,0,466,466,0,0,1221,1221,0
477459625,NODE_704BCA25B768,child,5,20:50:0D:E7:1C:39,-68,0,466,466,0,0,1221,1221,0
477559632,NODE_704BCA25B768,child,5,20:50:0D:E7:1C:39,-68,0,466,466,0,0,1221,1221,0
477659636,NODE_704BCA25B768,child,5,20:50:0D:E7:1C:39,-68,0,466,466,0,0,1222,1222,0
477759626,NODE_704BCA25B768,child,5,20:50:0D:E7:1C:39,-68,0,466,466,0,0,1222,1222,0
477859636,NODE_704BCA25B768,child,5,20:50:0D:E7:1C:39,-68,0,466,466,0,0,1223,1223,0
477959628,NODE_704BCA25B768,child,5,20:50:0D:E7:1C:39,-68,0,466,466,0,0,1223,1223,0
478059625,NODE_704BCA25B768,child,5,20:50:0D:E7:1C:39,-68,0,466,466,0,0,1223,1223,0
478159636,NODE_704BCA25B768,child,5,20:50:0D:E7:1C:39,-68,0,466,466,0,0,1223,1223,0
478259632,NODE_704BCA25B768,child,5,20:50:0D:E7:1C:39,-69,0,466,466,0,0,1224,1224,0
478359625,NODE_704BCA25B768,child,5,20:50:0D:E7:1C:39,-69,0,467,467,0,0,1224,1224,0
478459624,NODE_704BCA25B768,child,5,20:50:0D:E7:1C:39,-69,0,467,467,0,0,1224,1224,0
478559628,NODE_704BCA25B768,child,5,20:50:0D:E7:1C:39,-69,0,467,467,0,0,1224,1224,0
478659633,NODE_704BCA25B768,child,5,20:50:0D:E7:1C:39,-69,0,467,467,0,0,1225,1225,0
478759636,NODE_704BCA25B768,child,5,20:50:0D:E7:1C:39,-69,0,467,467,0,0,1225,1225,0
478859628,NODE_704BCA25B768,child,5,20:50:0D:E7:1C:39,-69,0,467,467,0,0,1226,1226,0
478960274,NODE_704BCA25B768,child,5,20:50:0D:E7:1C:39,-69,0,467,467,0,0,1226,1226,0
479059628,NODE_704BCA25B768,child,5,20:50:0D:E7:1C:39,-69,0,467,467,0,0,1226,1226,0
479159624,NODE_704BCA25B768,child,5,20:50:0D:E7:1C:39,-69,0,467,467,0,0,1226,1226,0
479259633,NODE_704BCA25B768,child,5,20:50:0D:E7:1C:39,-69,0,467,467,0,0,1227,1227,0
479359628,NODE_704BCA25B768,child,5,20:50:0D:E7:1C:39,-69,0,468,468,0,0,1227,1227,0
479459624,NODE_704BCA25B768,child,5,20:50:0D:E7:1C:39,-69,0,468,468,0,0,1227,1227,0
479559625,NODE_704BCA25B768,child,5,20:50:0D:E7:1C:39,-69,0,468,468,0,0,1227,1227,0
479659628,NODE_704BCA25B768,child,5,20:50:0D:E7:1C:39,-69,0,468,468,0,0,1228,1228,0
479759628,NODE_704BCA25B768,child,5,20:50:0D:E7:1C:39,-69,0,468,468,0,0,1228,1228,0
479859641,NODE_704BCA25B768,child,5,20:50:0D:E7:1C:39,-69,0,468,468,0,0,1229,1229,0
479959628,NODE_704BCA25B768,child,5,20:50:0D:E7:1C:39,-69,0,468,468,0,0,1229,1229,0
480059632,NODE_704BCA25B768,child,5,20:50:0D:E7:1C:39,-69,0,468,468,0,0,1229,1229,0
480159629,NODE_704BCA25B768,child,5,20:50:0D:E7:1C:39,-69,0,468,468,0,0,1229,1229,0
480259636,NODE_704BCA25B768,child,5,20:50:0D:E7:1C:39,-69,0,468,468,0,0,1230,1230,0
480359632,NODE_704BCA25B768,child,5,20:50:0D:E7:1C:39,-69,0,469,469,0,0,1230,1230,0
480459625,NODE_704BCA25B768,child,5,20:50:0D:E7:1C:39,-69,0,469,469,0,0,1230,1230,0
480559628,NODE_704BCA25B768,child,5,20:50:0D:E7:1C:39,-69,0,469,469,0,0,1230,1230,0
480659628,NODE_704BCA25B768,child,5,20:50:0D:E7:1C:39,-69,0,469,469,0,0,1231,1231,0
480759629,NODE_704BCA25B768,child,5,20:50:0D:E7:1C:39,-69,0,469,469,0,0,1231,1231,0
480859628,NODE_704BCA25B768,child,5,20:50:0D:E7:1C:39,-69,0,469,469,0,0,1232,1232,0
480959636,NODE_704BCA25B768,child,5,20:50:0D:E7:1C:39,-69,0,469,469,0,0,1232,1232,0
481059625,NODE_704BCA25B768,child,5,20:50:0D:E7:1C:39,-69,0,469,469,0,0,1232,1232,0
481159624,NODE_704BCA25B768,child,5,20:50:0D:E7:1C:39,-69,0,469,469,0,0,1232,1232,0
481259628,NODE_704BCA25B768,child,5,20:50:0D:E7:1C:39,-69,0,469,469,0,0,1233,1233,0
481359633,NODE_704BCA25B768,child,5,20:50:0D:E7:1C:39,-69,0,470,470,0,0,1233,1233,0
481459624,NODE_704BCA25B768,child,5,20:50:0D:E7:1C:39,-69,0,470,470,0,0,1233,1233,0
481559624,NODE_704BCA25B768,child,5,20:50:0D:E7:1C:39,-69,0,470,470,0,0,1233,1233,0
481659641,NODE_704BCA25B768,child,5,20:50:0D:E7:1C:39,-69,0,470,470,0,0,1234,1234,0
481759628,NODE_704BCA25B768,child,5,20:50:0D:E7:1C:39,-69,0,470,470,0,0,1234,1234,0
481859624,NODE_704BCA25B768,child,5,20:50:0D:E7:1C:39,-69,0,470,470,0,0,1235,1235,0
481959641,NODE_704BCA25B768,child,5,20:50:0D:E7:1C:39,-69,0,470,470,0,0,1235,1235,0
482059632,NODE_704BCA25B768,child,5,20:50:0D:E7:1C:39,-69,0,470,470,0,0,1235,1235,0
482159624,NODE_704BCA25B768,child,5,20:50:0D:E7:1C:39,-69,0,470,470,0,0,1235,1235,0
482259637,NODE_704BCA25B768,child,5,20:50:0D:E7:1C:39,-69,0,470,470,0,0,1236,1236,0
482359636,NODE_704BCA25B768,child,5,20:50:0D:E7:1C:39,-68,0,471,471,0,0,1236,1236,0
482459634,NODE_704BCA25B768,child,5,20:50:0D:E7:1C:39,-68,0,471,471,0,0,1236,1236,0
482559633,NODE_704BCA25B768,child,5,20:50:0D:E7:1C:39,-68,0,471,471,0,0,1236,1236,0
482659736,NODE_704BCA25B768,child,5,20:50:0D:E7:1C:39,-68,0,471,471,0,0,1237,1237,0
482759629,NODE_704BCA25B768,child,5,20:50:0D:E7:1C:39,-68,0,471,471,0,0,1237,1237,0
482859637,NODE_704BCA25B768,child,5,20:50:0D:E7:1C:39,-68,0,471,471,0,0,1238,1238,0
482959640,NODE_704BCA25B768,child,5,20:50:0D:E7:1C:39,-68,0,471,471,0,0,1238,1238,0
483059632,NODE_704BCA25B768,child,5,20:50:0D:E7:1C:39,-68,0,471,471,0,0,1238,1238,0
483159625,NODE_704BCA25B768,child,5,20:50:0D:E7:1C:39,-68,0,471,471,0,0,1238,1238,0
483259632,NODE_704BCA25B768,child,5,20:50:0D:E7:1C:39,-68,0,471,471,0,0,1239,1239,0
483359640,NODE_704BCA25B768,child,5,20:50:0D:E7:1C:39,-68,0,472,472,0,0,1239,1239,0
483459629,NODE_704BCA25B768,child,5,20:50:0D:E7:1C:39,-68,0,472,472,0,0,1239,1239,0
483559628,NODE_704BCA25B768,child,5,20:50:0D:E7:1C:39,-68,0,472,472,0,0,1239,1239,0
483659628,NODE_704BCA25B768,child,5,20:50:0D:E7:1C:39,-68,0,472,472,0,0,1240,1240,0
483759629,NODE_704BCA25B768,child,5,20:50:0D:E7:1C:39,-68,0,472,472,0,0,1240,1240,0
483859636,NODE_704BCA25B768,child,5,20:50:0D:E7:1C:39,-68,0,472,472,0,0,1241,1241,0
483959776,NODE_704BCA25B768,child,5,20:50:0D:E7:1C:39,-68,0,472,472,0,0,1241,1241,0
484059625,NODE_704BCA25B768,child,5,20:50:0D:E7:1C:39,-68,0,472,472,0,0,1241,1241,0
484159624,NODE_704BCA25B768,child,5,20:50:0D:E7:1C:39,-68,0,472,472,0,0,1241,1241,0
484259628,NODE_704BCA25B768,child,5,20:50:0D:E7:1C:39,-68,0,472,472,0,0,1242,1242,0
484359633,NODE_704BCA25B768,child,5,20:50:0D:E7:1C:39,-68,0,473,473,0,0,1242,1242,0
484459640,NODE_704BCA25B768,child,5,20:50:0D:E7:1C:39,-69,0,473,473,0,0,1242,1242,0
484559624,NODE_704BCA25B768,child,5,20:50:0D:E7:1C:39,-69,0,473,473,0,0,1242,1242,0
484659641,NODE_704BCA25B768,child,5,20:50:0D:E7:1C:39,-69,0,473,473,0,0,1243,1243,0
484759632,NODE_704BCA25B768,child,5,20:50:0D:E7:1C:39,-69,0,473,473,0,0,1243,1243,0
484859628,NODE_704BCA25B768,child,5,20:50:0D:E7:1C:39,-69,0,473,473,0,0,1244,1244,0
484959637,NODE_704BCA25B768,child,5,20:50:0D:E7:1C:39,-69,0,473,473,0,0,1244,1244,0
485059640,NODE_704BCA25B768,child,5,20:50:0D:E7:1C:39,-69,0,473,473,0,0,1244,1244,0
485159624,NODE_704BCA25B768,child,5,20:50:0D:E7:1C:39,-69,0,473,473,0,0,1244,1244,0
485259633,NODE_704BCA25B768,child,5,20:50:0D:E7:1C:39,-69,0,473,473,0,0,1245,1245,0
485359628,NODE_704BCA25B768,child,5,20:50:0D:E7:1C:39,-69,0,474,474,0,0,1245,1245,0
485459632,NODE_704BCA25B768,child,5,20:50:0D:E7:1C:39,-69,0,474,474,0,0,1245,1245,0
485559633,NODE_704BCA25B768,child,5,20:50:0D:E7:1C:39,-69,0,474,474,0,0,1245,1245,0
485659636,NODE_704BCA25B768,child,5,20:50:0D:E7:1C:39,-69,0,474,474,0,0,1246,1246,0
485759624,NODE_704BCA25B768,child,5,20:50:0D:E7:1C:39,-69,0,474,474,0,0,1246,1246,0
485859629,NODE_704BCA25B768,child,5,20:50:0D:E7:1C:39,-69,0,474,474,0,0,1247,1247,0
485959628,NODE_704BCA25B768,child,5,20:50:0D:E7:1C:39,-69,0,474,474,0,0,1247,1247,0
486059640,NODE_704BCA25B768,child,5,20:50:0D:E7:1C:39,-69,0,474,474,0,0,1247,1247,0
486159625,NODE_704BCA25B768,child,5,20:50:0D:E7:1C:39,-69,0,474,474,0,0,1247,1247,0
486259628,NODE_704BCA25B768,child,5,20:50:0D:E7:1C:39,-69,0,474,474,0,0,1248,1248,0
486359636,NODE_704BCA25B768,child,5,20:50:0D:E7:1C:39,-69,0,475,475,0,0,1248,1248,0
486459641,NODE_704BCA25B768,child,5,20:50:0D:E7:1C:39,-67,0,475,475,0,0,1248,1248,0
486559628,NODE_704BCA25B768,child,5,20:50:0D:E7:1C:39,-67,0,475,475,0,0,1248,1248,0
486659628,NODE_704BCA25B768,child,5,20:50:0D:E7:1C:39,-67,0,475,475,0,0,1249,1249,0
486759637,NODE_704BCA25B768,child,5,20:50:0D:E7:1C:39,-67,0,475,475,0,0,1249,1249,0
486859632,NODE_704BCA25B768,child,5,20:50:0D:E7:1C:39,-67,0,475,475,0,0,1250,1250,0
486959632,NODE_704BCA25B768,child,5,20:50:0D:E7:1C:39,-67,0,475,475,0,0,1250,1250,0
487059633,NODE_704BCA25B768,child,5,20:50:0D:E7:1C:39,-67,0,475,475,0,0,1250,1250,0
487159624,NODE_704BCA25B768,child,5,20:50:0D:E7:1C:39,-67,0,475,475,0,0,1250,1250,0
487259632,NODE_704BCA25B768,child,5,20:50:0D:E7:1C:39,-67,0,475,475,0,0,1251,1251,0
487359633,NODE_704BCA25B768,child,5,20:50:0D:E7:1C:39,-67,0,476,476,0,0,1251,1251,0
487459636,NODE_704BCA25B768,child,5,20:50:0D:E7:1C:39,-69,0,476,476,0,0,1251,1251,0
487559624,NODE_704BCA25B768,child,5,20:50:0D:E7:1C:39,-69,0,476,476,0,0,1251,1251,0
487659629,NODE_704BCA25B768,child,5,20:50:0D:E7:1C:39,-69,0,476,476,0,0,1252,1252,0
487759633,NODE_704BCA25B768,child,5,20:50:0D:E7:1C:39,-69,0,476,476,0,0,1252,1252,0
487859624,NODE_704BCA25B768,child,5,20:50:0D:E7:1C:39,-69,0,476,476,0,0,1253,1253,0
487959637,NODE_704BCA25B768,child,5,20:50:0D:E7:1C:39,-69,0,476,476,0,0,1253,1253,0
488059640,NODE_704BCA25B768,child,5,20:50:0D:E7:1C:39,-69,0,476,476,0,0,1253,1253,0
488159624,NODE_704BCA25B768,child,5,20:50:0D:E7:1C:39,-69,0,476,476,0,0,1253,1253,0
488259633,NODE_704BCA25B768,child,5,20:50:0D:E7:1C:39,-69,0,476,476,0,0,1254,1254,0
488359628,NODE_704BCA25B768,child,5,20:50:0D:E7:1C:39,-69,0,477,477,0,0,1254,1254,0
488459636,NODE_704BCA25B768,child,5,20:50:0D:E7:1C:39,-67,0,477,477,0,0,1254,1254,0
488559637,NODE_704BCA25B768,child,5,20:50:0D:E7:1C:39,-67,0,477,477,0,0,1254,1254,0
488659636,NODE_704BCA25B768,child,5,20:50:0D:E7:1C:39,-67,0,477,477,0,0,1255,1255,0
488759624,NODE_704BCA25B768,child,5,20:50:0D:E7:1C:39,-67,0,477,477,0,0,1255,1255,0
488859633,NODE_704BCA25B768,child,5,20:50:0D:E7:1C:39,-67,0,477,477,0,0,1256,1256,0
488959628,NODE_704BCA25B768,child,5,20:50:0D:E7:1C:39,-67,0,477,477,0,0,1256,1256,0
489059624,NODE_704BCA25B768,child,5,20:50:0D:E7:1C:39,-67,0,477,477,0,0,1256,1256,0
489159633,NODE_704BCA25B768,child,5,20:50:0D:E7:1C:39,-67,0,477,477,0,0,1256,1256,0
489259628,NODE_704BCA25B768,child,5,20:50:0D:E7:1C:39,-67,0,477,477,0,0,1257,1257,0
489359624,NODE_704BCA25B768,child,5,20:50:0D:E7:1C:39,-67,0,478,478,0,0,1257,1257,0
489459625,NODE_704BCA25B768,child,5,20:50:0D:E7:1C:39,-67,0,478,478,0,0,1257,1257,0
489559636,NODE_704BCA25B768,child,5,20:50:0D:E7:1C:39,-68,0,478,478,0,0,1257,1257,0
489659628,NODE_704BCA25B768,child,5,20:50:0D:E7:1C:39,-68,0,478,478,0,0,1258,1258,0
489759637,NODE_704BCA25B768,child,5,20:50:0D:E7:1C:39,-68,0,478,478,0,0,1258,1258,0
489859628,NODE_704BCA25B768,child,5,20:50:0D:E7:1C:39,-68,0,478,478,0,0,1259,1259,0
489959628,NODE_704BCA25B768,child,5,20:50:0D:E7:1C:39,-68,0,478,478,0,0,1259,1259,0
490059633,NODE_704BCA25B768,child,5,20:50:0D:E7:1C:39,-68,0,478,478,0,0,1259,1259,0
490159632,NODE_704BCA25B768,child,5,20:50:0D:E7:1C:39,-68,0,478,478,0,0,1259,1259,0
490259632,NODE_704BCA25B768,child,5,20:50:0D:E7:1C:39,-68,0,478,478,0,0,1260,1260,0
490359629,NODE_704BCA25B768,child,5,20:50:0D:E7:1C:39,-68,0,479,479,0,0,1260,1260,0
490459624,NODE_704BCA25B768,child,5,20:50:0D:E7:1C:39,-68,0,479,479,0,0,1260,1260,0
490559636,NODE_704BCA25B768,child,5,20:50:0D:E7:1C:39,-70,0,479,479,0,0,1260,1260,0
490659633,NODE_704BCA25B768,child,5,20:50:0D:E7:1C:39,-70,0,479,479,0,0,1261,1261,0
490759636,NODE_704BCA25B768,child,5,20:50:0D:E7:1C:39,-70,0,479,479,0,0,1261,1261,0
490859624,NODE_704BCA25B768,child,5,20:50:0D:E7:1C:39,-70,0,479,479,0,0,1261,1261,0
490959714,NODE_704BCA25B768,child,5,20:50:0D:E7:1C:39,-70,0,479,479,0,0,1262,1262,0
491059632,NODE_704BCA25B768,child,5,20:50:0D:E7:1C:39,-70,0,479,479,0,0,1262,1262,0
491159628,NODE_704BCA25B768,child,5,20:50:0D:E7:1C:39,-70,0,479,479,0,0,1262,1262,0
491259629,NODE_704BCA25B768,child,5,20:50:0D:E7:1C:39,-70,0,479,479,0,0,1263,1263,0
491359624,NODE_704BCA25B768,child,5,20:50:0D:E7:1C:39,-70,0,480,480,0,0,1263,1263,0
491459624,NODE_704BCA25B768,child,5,20:50:0D:E7:1C:39,-70,0,480,480,0,0,1263,1263,0
491559641,NODE_704BCA25B768,child,5,20:50:0D:E7:1C:39,-69,0,480,480,0,0,1263,1263,0
491659955,NODE_704BCA25B768,child,5,20:50:0D:E7:1C:39,-69,0,480,480,0,0,1264,1264,0
491759632,NODE_704BCA25B768,child,5,20:50:0D:E7:1C:39,-69,0,480,480,0,0,1264,1264,0
491859629,NODE_704BCA25B768,child,5,20:50:0D:E7:1C:39,-69,0,480,480,0,0,1264,1264,0
491959628,NODE_704BCA25B768,child,5,20:50:0D:E7:1C:39,-69,0,480,480,0,0,1265,1265,0
492059624,NODE_704BCA25B768,child,5,20:50:0D:E7:1C:39,-69,0,480,480,0,0,1265,1265,0
492159629,NODE_704BCA25B768,child,5,20:50:0D:E7:1C:39,-69,0,480,480,0,0,1265,1265,0
492259628,NODE_704BCA25B768,child,5,20:50:0D:E7:1C:39,-69,0,480,480,0,0,1266,1266,0
492359624,NODE_704BCA25B768,child,5,20:50:0D:E7:1C:39,-69,0,481,481,0,0,1266,1266,0
492459625,NODE_704BCA25B768,child,5,20:50:0D:E7:1C:39,-69,0,481,481,0,0,1266,1266,0
492559640,NODE_704BCA25B768,child,5,20:50:0D:E7:1C:39,-69,0,481,481,0,0,1266,1266,0
492659632,NODE_704BCA25B768,child,5,20:50:0D:E7:1C:39,-69,0,481,481,0,0,1267,1267,0
492759638,NODE_704BCA25B768,child,5,20:50:0D:E7:1C:39,-69,0,481,481,0,0,1267,1267,0
492859628,NODE_704BCA25B768,child,5,20:50:0D:E7:1C:39,-69,0,481,481,0,0,1267,1267,0
492959636,NODE_704BCA25B768,child,5,20:50:0D:E7:1C:39,-69,0,481,481,0,0,1268,1268,0
493059625,NODE_704BCA25B768,child,5,20:50:0D:E7:1C:39,-69,0,481,481,0,0,1268,1268,0
493159624,NODE_704BCA25B768,child,5,20:50:0D:E7:1C:39,-69,0,481,481,0,0,1268,1268,0
493259628,NODE_704BCA25B768,child,5,20:50:0D:E7:1C:39,-69,0,481,481,0,0,1269,1269,0
493359629,NODE_704BCA25B768,child,5,20:50:0D:E7:1C:39,-69,0,482,482,0,0,1269,1269,0
493459628,NODE_704BCA25B768,child,5,20:50:0D:E7:1C:39,-69,0,482,482,0,0,1269,1269,0
493559624,NODE_704BCA25B768,child,5,20:50:0D:E7:1C:39,-69,0,482,482,0,0,1269,1269,0
493659641,NODE_704BCA25B768,child,5,20:50:0D:E7:1C:39,-67,0,482,482,0,0,1270,1270,0
493759628,NODE_704BCA25B768,child,5,20:50:0D:E7:1C:39,-67,0,482,482,0,0,1270,1270,0
493859624,NODE_704BCA25B768,child,5,20:50:0D:E7:1C:39,-67,0,482,482,0,0,1270,1270,0
493959629,NODE_704BCA25B768,child,5,20:50:0D:E7:1C:39,-67,0,482,482,0,0,1271,1271,0
494059636,NODE_704BCA25B768,child,5,20:50:0D:E7:1C:39,-67,0,482,482,0,0,1271,1271,0
494159624,NODE_704BCA25B768,child,5,20:50:0D:E7:1C:39,-67,0,482,482,0,0,1271,1271,0
494259629,NODE_704BCA25B768,child,5,20:50:0D:E7:1C:39,-67,0,482,482,0,0,1272,1272,0
494360404,NODE_704BCA25B768,child,5,20:50:0D:E7:1C:39,-67,0,483,483,1,1,1272,1272,0
494459628,NODE_704BCA25B768,child,5,20:50:0D:E7:1C:39,-67,0,483,483,1,1,1272,1272,0
494559641,NODE_704BCA25B768,child,5,20:50:0D:E7:1C:39,-67,0,483,483,1,1,1272,1272,0
494659644,NODE_704BCA25B768,child,5,20:50:0D:E7:1C:39,-69,0,483,483,1,1,1273,1273,0
494759628,NODE_704BCA25B768,child,5,20:50:0D:E7:1C:39,-69,0,483,483,1,1,1273,1273,0
494859625,NODE_704BCA25B768,child,5,20:50:0D:E7:1C:39,-69,0,483,483,1,1,1273,1273,0
494959628,NODE_704BCA25B768,child,5,20:50:0D:E7:1C:39,-69,0,483,483,1,1,1274,1274,0
495059632,NODE_704BCA25B768,child,5,20:50:0D:E7:1C:39,-69,0,483,483,1,1,1274,1274,0
495159629,NODE_704BCA25B768,child,5,20:50:0D:E7:1C:39,-69,0,483,483,1,1,1274,1274,0
495259628,NODE_704BCA25B768,child,5,20:50:0D:E7:1C:39,-69,0,483,483,1,1,1275,1275,0
495359632,NODE_704BCA25B768,child,5,20:50:0D:E7:1C:39,-69,0,484,484,1,1,1275,1275,0
495459629,NODE_704BCA25B768,child,5,20:50:0D:E7:1C:39,-69,0,484,484,1,1,1275,1275,0
495559624,NODE_704BCA25B768,child,5,20:50:0D:E7:1C:39,-69,0,484,484,1,1,1275,1275,0
495659640,NODE_704BCA25B768,child,5,20:50:0D:E7:1C:39,-74,0,484,484,1,1,1276,1276,0
495759633,NODE_704BCA25B768,child,5,20:50:0D:E7:1C:39,-74,0,484,484,1,1,1276,1276,0
495859624,NODE_704BCA25B768,child,5,20:50:0D:E7:1C:39,-74,0,484,484,1,1,1276,1276,0
495959636,NODE_704BCA25B768,child,5,20:50:0D:E7:1C:39,-74,0,484,484,1,1,1277,1277,0
496059629,NODE_704BCA25B768,child,5,20:50:0D:E7:1C:39,-74,0,484,484,1,1,1277,1277,0
496159624,NODE_704BCA25B768,child,5,20:50:0D:E7:1C:39,-74,0,484,484,1,1,1277,1277,0
496259716,NODE_704BCA25B768,child,5,20:50:0D:E7:1C:39,-74,0,484,484,1,1,1278,1277,0
496359629,NODE_704BCA25B768,child,5,20:50:0D:E7:1C:39,-74,0,485,485,1,1,1278,1278,0
496459624,NODE_704BCA25B768,child,5,20:50:0D:E7:1C:39,-74,0,485,485,1,1,1278,1278,0
496559632,NODE_704BCA25B768,child,5,20:50:0D:E7:1C:39,-74,0,485,485,1,1,1278,1278,0
496659645,NODE_704BCA25B768,child,5,20:50:0D:E7:1C:39,-75,0,485,485,1,1,1279,1279,0
496759632,NODE_704BCA25B768,child,5,20:50:0D:E7:1C:39,-75,0,485,485,1,1,1279,1279,0
496859636,NODE_704BCA25B768,child,5,20:50:0D:E7:1C:39,-75,0,485,485,1,1,1279,1279,0
496959633,NODE_704BCA25B768,child,5,20:50:0D:E7:1C:39,-75,0,485,485,1,1,1280,1280,0
497059636,NODE_704BCA25B768,child,5,20:50:0D:E7:1C:39,-75,0,485,485,1,1,1280,1280,0
497159628,NODE_704BCA25B768,child,5,20:50:0D:E7:1C:39,-75,0,485,485,1,1,1280,1280,0
497259625,NODE_704BCA25B768,child,5,20:50:0D:E7:1C:39,-75,0,485,485,1,1,1281,1281,0
497359632,NODE_704BCA25B768,child,5,20:50:0D:E7:1C:39,-75,0,486,486,1,1,1281,1281,0
497459624,NODE_704BCA25B768,child,5,20:50:0D:E7:1C:39,-75,0,486,486,1,1,1281,1281,0
497559625,NODE_704BCA25B768,child,5,20:50:0D:E7:1C:39,-75,0,486,486,1,1,1281,1281,0
497659632,NODE_704BCA25B768,child,5,20:50:0D:E7:1C:39,-75,0,486,486,1,1,1282,1282,0
497759645,NODE_704BCA25B768,child,5,20:50:0D:E7:1C:39,-69,0,486,486,1,1,1282,1282,0
497859625,NODE_704BCA25B768,child,5,20:50:0D:E7:1C:39,-69,0,486,486,1,1,1282,1282,0
497959628,NODE_704BCA25B768,child,5,20:50:0D:E7:1C:39,-69,0,486,486,1,1,1283,1283,0
498059624,NODE_704BCA25B768,child,5,20:50:0D:E7:1C:39,-69,0,486,486,1,1,1283,1283,0
498159633,NODE_704BCA25B768,child,5,20:50:0D:E7:1C:39,-69,0,486,486,1,1,1283,1283,0
498259628,NODE_704BCA25B768,child,5,20:50:0D:E7:1C:39,-69,0,486,486,1,1,1284,1284,0
498359636,NODE_704BCA25B768,child,5,20:50:0D:E7:1C:39,-69,0,487,487,1,1,1284,1284,0
498459629,NODE_704BCA25B768,child,5,20:50:0D:E7:1C:39,-69,0,487,487,1,1,1284,1284,0
498559628,NODE_704BCA25B768,child,5,20:50:0D:E7:1C:39,-69,0,487,487,1,1,1284,1284,0
498659640,NODE_704BCA25B768,child,5,20:50:0D:E7:1C:39,-69,0,487,487,1,1,1285,1285,0
498759641,NODE_704BCA25B768,child,5,20:50:0D:E7:1C:39,-69,0,487,487,1,1,1285,1285,0
498859624,NODE_704BCA25B768,child,5,20:50:0D:E7:1C:39,-69,0,487,487,1,1,1285,1285,0
498959632,NODE_704BCA25B768,child,5,20:50:0D:E7:1C:39,-69,0,487,487,1,1,1286,1286,0
499059625,NODE_704BCA25B768,child,5,20:50:0D:E7:1C:39,-69,0,487,487,1,1,1286,1286,0
499159624,NODE_704BCA25B768,child,5,20:50:0D:E7:1C:39,-69,0,487,487,1,1,1286,1286,0
499259624,NODE_704BCA25B768,child,5,20:50:0D:E7:1C:39,-69,0,487,487,1,1,1287,1287,0
499359629,NODE_704BCA25B768,child,5,20:50:0D:E7:1C:39,-69,0,488,488,1,1,1287,1287,0
499459707,NODE_704BCA25B768,child,5,20:50:0D:E7:1C:39,-69,0,488,488,1,1,1287,1287,0
499559632,NODE_704BCA25B768,child,5,20:50:0D:E7:1C:39,-69,0,488,488,1,1,1287,1287,0
499659633,NODE_704BCA25B768,child,5,20:50:0D:E7:1C:39,-69,0,488,488,1,1,1288,1288,0
499759644,NODE_704BCA25B768,child,5,20:50:0D:E7:1C:39,-68,0,488,488,1,1,1288,1288,0
499859624,NODE_704BCA25B768,child,5,20:50:0D:E7:1C:39,-68,0,488,488,1,1,1288,1288,0
499959629,NODE_704BCA25B768,child,5,20:50:0D:E7:1C:39,-68,0,488,488,1,1,1289,1289,0
500059640,NODE_704BCA25B768,child,5,20:50:0D:E7:1C:39,-68,0,488,488,1,1,1289,1289,0
500159628,NODE_704BCA25B768,child,5,20:50:0D:E7:1C:39,-68,0,488,488,1,1,1289,1289,0
500259629,NODE_704BCA25B768,child,5,20:50:0D:E7:1C:39,-68,0,488,488,1,1,1290,1290,0
500359632,NODE_704BCA25B768,child,5,20:50:0D:E7:1C:39,-68,0,489,489,1,1,1290,1290,0
500459628,NODE_704BCA25B768,child,5,20:50:0D:E7:1C:39,-68,0,489,489,1,1,1290,1290,0
500559726,NODE_704BCA25B768,child,5,20:50:0D:E7:1C:39,-68,0,489,489,1,1,1290,1290,0
500659636,NODE_704BCA25B768,child,5,20:50:0D:E7:1C:39,-68,0,489,489,1,1,1291,1291,0
500759640,NODE_704BCA25B768,child,5,20:50:0D:E7:1C:39,-68,0,489,489,1,1,1291,1291,0
500859625,NODE_704BCA25B768,child,5,20:50:0D:E7:1C:39,-68,0,489,489,1,1,1291,1291,0
500959632,NODE_704BCA25B768,child,5,20:50:0D:E7:1C:39,-68,0,489,489,1,1,1292,1292,0
501059624,NODE_704BCA25B768,child,5,20:50:0D:E7:1C:39,-68,0,489,489,1,1,1292,1292,0
501159625,NODE_704BCA25B768,child,5,20:50:0D:E7:1C:39,-68,0,489,489,1,1,1292,1292,0
501259624,NODE_704BCA25B768,child,5,20:50:0D:E7:1C:39,-68,0,489,489,1,1,1293,1293,0
501359633,NODE_704BCA25B768,child,5,20:50:0D:E7:1C:39,-68,0,490,490,1,1,1293,1293,0
501459633,NODE_704BCA25B768,child,5,20:50:0D:E7:1C:39,-68,0,490,490,1,1,1293,1293,0
501559628,NODE_704BCA25B768,child,5,20:50:0D:E7:1C:39,-68,0,490,490,1,1,1293,1293,0
501660111,NODE_704BCA25B768,child,5,20:50:0D:E7:1C:39,-68,0,490,490,1,1,1294,1294,0
501759629,NODE_704BCA25B768,child,5,20:50:0D:E7:1C:39,-68,0,490,490,1,1,1294,1294,0
501859640,NODE_704BCA25B768,child,5,20:50:0D:E7:1C:39,-69,0,490,490,1,1,1294,1294,0
501959636,NODE_704BCA25B768,child,5,20:50:0D:E7:1C:39,-69,0,490,490,1,1,1295,1295,0
502059625,NODE_704BCA25B768,child,5,20:50:0D:E7:1C:39,-69,0,490,490,1,1,1295,1295,0
502159632,NODE_704BCA25B768,child,5,20:50:0D:E7:1C:39,-69,0,490,490,1,1,1295,1295,0
502259632,NODE_704BCA25B768,child,5,20:50:0D:E7:1C:39,-69,0,490,490,1,1,1296,1296,0
502359625,NODE_704BCA25B768,child,5,20:50:0D:E7:1C:39,-69,0,491,491,1,1,1296,1296,0
502459632,NODE_704BCA25B768,child,5,20:50:0D:E7:1C:39,-69,0,491,491,1,1,1296,1296,0
502559636,NODE_704BCA25B768,child,5,20:50:0D:E7:1C:39,-69,0,491,491,1,1,1296,1296,0
502659629,NODE_704BCA25B768,child,5,20:50:0D:E7:1C:39,-69,0,491,491,1,1,1297,1297,0
502759637,NODE_704BCA25B768,child,5,20:50:0D:E7:1C:39,-69,0,491,491,1,1,1297,1297,0
502859636,NODE_704BCA25B768,child,5,20:50:0D:E7:1C:39,-68,0,491,491,1,1,1297,1297,0
502959629,NODE_704BCA25B768,child,5,20:50:0D:E7:1C:39,-68,0,491,491,1,1,1298,1298,0
503059632,NODE_704BCA25B768,child,5,20:50:0D:E7:1C:39,-68,0,491,491,1,1,1298,1298,0
503159624,NODE_704BCA25B768,child,5,20:50:0D:E7:1C:39,-68,0,491,491,1,1,1298,1298,0
503259633,NODE_704BCA25B768,child,5,20:50:0D:E7:1C:39,-68,0,491,491,1,1,1299,1299,0
503359628,NODE_704BCA25B768,child,5,20:50:0D:E7:1C:39,-68,0,492,492,1,1,1299,1299,0
503459628,NODE_704BCA25B768,child,5,20:50:0D:E7:1C:39,-68,0,492,492,1,1,1299,1299,0
503559637,NODE_704BCA25B768,child,5,20:50:0D:E7:1C:39,-68,0,492,492,1,1,1299,1299,0
503659632,NODE_704BCA25B768,child,5,20:50:0D:E7:1C:39,-68,0,492,492,1,1,1300,1300,0
503759731,NODE_704BCA25B768,child,5,20:50:0D:E7:1C:39,-68,0,492,492,1,1,1300,1300,0
503859645,NODE_704BCA25B768,child,5,20:50:0D:E7:1C:39,-72,0,492,492,1,1,1300,1300,0
503959632,NODE_704BCA25B768,child,5,20:50:0D:E7:1C:39,-72,0,492,492,1,1,1301,1301,0
504059624,NODE_704BCA25B768,child,5,20:50:0D:E7:1C:39,-72,0,492,492,1,1,1301,1301,0
504159625,NODE_704BCA25B768,child,5,20:50:0D:E7:1C:39,-72,0,492,492,1,1,1301,1301,0
504259628,NODE_704BCA25B768,child,5,20:50:0D:E7:1C:39,-72,0,492,492,1,1,1302,1302,0
504359632,NODE_704BCA25B768,child,5,20:50:0D:E7:1C:39,-72,0,493,493,1,1,1302,1302,0
504459633,NODE_704BCA25B768,child,5,20:50:0D:E7:1C:39,-72,0,493,493,1,1,1302,1302,0
504559632,NODE_704BCA25B768,child,5,20:50:0D:E7:1C:39,-72,0,493,493,1,1,1302,1302,0
504659632,NODE_704BCA25B768,child,5,20:50:0D:E7:1C:39,-72,0,493,493,1,1,1303,1303,0
504759629,NODE_704BCA25B768,child,5,20:50:0D:E7:1C:39,-72,0,493,493,1,1,1303,1303,0
504859636,NODE_704BCA25B768,child,5,20:50:0D:E7:1C:39,-68,0,493,493,1,1,1303,1303,0
504959636,NODE_704BCA25B768,child,5,20:50:0D:E7:1C:39,-68,0,493,493,1,1,1304,1304,0
505059637,NODE_704BCA25B768,child,5,20:50:0D:E7:1C:39,-68,0,493,493,1,1,1304,1304,0
505159628,NODE_704BCA25B768,child,5,20:50:0D:E7:1C:39,-68,0,493,493,1,1,1304,1304,0
505259637,NODE_704BCA25B768,child,5,20:50:0D:E7:1C:39,-68,0,493,493,1,1,1305,1305,0
505359625,NODE_704BCA25B768,child,5,20:50:0D:E7:1C:39,-68,0,494,494,1,1,1305,1305,0
505459628,NODE_704BCA25B768,child,5,20:50:0D:E7:1C:39,-68,0,494,494,1,1,1305,1305,0
505559636,NODE_704BCA25B768,child,5,20:50:0D:E7:1C:39,-68,0,494,494,1,1,1305,1305,0
505659637,NODE_704BCA25B768,child,5,20:50:0D:E7:1C:39,-68,0,494,494,1,1,1306,1306,0
505759640,NODE_704BCA25B768,child,5,20:50:0D:E7:1C:39,-68,0,494,494,1,1,1306,1306,0
505859624,NODE_704BCA25B768,child,5,20:50:0D:E7:1C:39,-68,0,494,494,1,1,1306,1306,0
505959637,NODE_704BCA25B768,child,5,20:50:0D:E7:1C:39,-68,0,494,494,1,1,1307,1307,0
506059632,NODE_704BCA25B768,child,5,20:50:0D:E7:1C:39,-68,0,494,494,1,1,1307,1307,0
506159624,NODE_704BCA25B768,child,5,20:50:0D:E7:1C:39,-68,0,494,494,1,1,1307,1307,0
506259633,NODE_704BCA25B768,child,5,20:50:0D:E7:1C:39,-68,0,494,494,1,1,1308,1308,0
506359628,NODE_704BCA25B768,child,5,20:50:0D:E7:1C:39,-68,0,495,495,1,1,1308,1308,0
506459624,NODE_704BCA25B768,child,5,20:50:0D:E7:1C:39,-68,0,495,495,1,1,1308,1308,0
506559629,NODE_704BCA25B768,child,5,20:50:0D:E7:1C:39,-68,0,495,495,1,1,1308,1308,0
506659632,NODE_704BCA25B768,child,5,20:50:0D:E7:1C:39,-68,0,495,495,1,1,1309,1309,0
506759636,NODE_704BCA25B768,child,5,20:50:0D:E7:1C:39,-68,0,495,495,1,1,1309,1309,0
506859625,NODE_704BCA25B768,child,5,20:50:0D:E7:1C:39,-68,0,495,495,1,1,1309,1309,0
506959640,NODE_704BCA25B768,child,5,20:50:0D:E7:1C:39,-68,0,495,495,1,1,1310,1310,0
507059624,NODE_704BCA25B768,child,5,20:50:0D:E7:1C:39,-68,0,495,495,1,1,1310,1310,0
507159629,NODE_704BCA25B768,child,5,20:50:0D:E7:1C:39,-68,0,495,495,1,1,1310,1310,0
507259624,NODE_704BCA25B768,child,5,20:50:0D:E7:1C:39,-68,0,495,495,1,1,1311,1311,0
507359628,NODE_704BCA25B768,child,5,20:50:0D:E7:1C:39,-68,0,496,496,1,1,1311,1311,0
507459625,NODE_704BCA25B768,child,5,20:50:0D:E7:1C:39,-68,0,496,496,1,1,1311,1311,0
507559628,NODE_704BCA25B768,child,5,20:50:0D:E7:1C:39,-68,0,496,496,1,1,1311,1311,0
507659632,NODE_704BCA25B768,child,5,20:50:0D:E7:1C:39,-68,0,496,496,1,1,1312,1312,0
507759630,NODE_704BCA25B768,child,5,20:50:0D:E7:1C:39,-68,0,496,496,1,1,1312,1312,0
507859624,NODE_704BCA25B768,child,5,20:50:0D:E7:1C:39,-68,0,496,496,1,1,1312,1312,0
507959644,NODE_704BCA25B768,child,5,20:50:0D:E7:1C:39,-68,0,496,496,1,1,1313,1313,0
508059633,NODE_704BCA25B768,child,5,20:50:0D:E7:1C:39,-68,0,496,496,1,1,1313,1313,0
508159624,NODE_704BCA25B768,child,5,20:50:0D:E7:1C:39,-68,0,496,496,1,1,1313,1313,0
508259628,NODE_704BCA25B768,child,5,20:50:0D:E7:1C:39,-68,0,496,496,1,1,1314,1314,0
508359626,NODE_704BCA25B768,child,5,20:50:0D:E7:1C:39,-68,0,497,497,1,1,1314,1314,0
508459624,NODE_704BCA25B768,child,5,20:50:0D:E7:1C:39,-68,0,497,497,1,1,1314,1314,0
508559640,NODE_704BCA25B768,child,5,20:50:0D:E7:1C:39,-68,0,497,497,1,1,1314,1314,0
508659633,NODE_704BCA25B768,child,5,20:50:0D:E7:1C:39,-68,0,497,497,1,1,1315,1315,0
508759636,NODE_704BCA25B768,child,5,20:50:0D:E7:1C:39,-68,0,497,497,1,1,1315,1315,0
508859628,NODE_704BCA25B768,child,5,20:50:0D:E7:1C:39,-68,0,497,497,1,1,1315,1315,0
508959641,NODE_704BCA25B768,child,5,20:50:0D:E7:1C:39,-69,0,497,497,1,1,1316,1316,0
509059632,NODE_704BCA25B768,child,5,20:50:0D:E7:1C:39,-69,0,497,497,1,1,1316,1316,0
509159624,NODE_704BCA25B768,child,5,20:50:0D:E7:1C:39,-69,0,497,497,1,1,1316,1316,0
509259633,NODE_704BCA25B768,child,5,20:50:0D:E7:1C:39,-69,0,497,497,1,1,1317,1317,0
509359624,NODE_704BCA25B768,child,5,20:50:0D:E7:1C:39,-69,0,498,498,1,1,1317,1317,0
509459624,NODE_704BCA25B768,child,5,20:50:0D:E7:1C:39,-69,0,498,498,1,1,1317,1317,0
509559633,NODE_704BCA25B768,child,5,20:50:0D:E7:1C:39,-69,0,498,498,1,1,1317,1317,0
509659628,NODE_704BCA25B768,child,5,20:50:0D:E7:1C:39,-69,0,498,498,1,1,1318,1318,0
509759632,NODE_704BCA25B768,child,5,20:50:0D:E7:1C:39,-69,0,498,498,1,1,1318,1318,0
509859629,NODE_704BCA25B768,child,5,20:50:0D:E7:1C:39,-69,0,498,498,1,1,1318,1318,0
509959632,NODE_704BCA25B768,child,5,20:50:0D:E7:1C:39,-69,0,498,498,1,1,1319,1319,0
510059636,NODE_704BCA25B768,child,5,20:50:0D:E7:1C:39,-68,0,498,498,1,1,1319,1319,0
510159633,NODE_704BCA25B768,child,5,20:50:0D:E7:1C:39,-68,0,498,498,1,1,1319,1319,0
510259632,NODE_704BCA25B768,child,5,20:50:0D:E7:1C:39,-68,0,498,498,1,1,1320,1320,0
510359624,NODE_704BCA25B768,child,5,20:50:0D:E7:1C:39,-68,0,499,499,1,1,1320,1320,0
510459629,NODE_704BCA25B768,child,5,20:50:0D:E7:1C:39,-68,0,499,499,1,1,1320,1320,0
510559632,NODE_704BCA25B768,child,5,20:50:0D:E7:1C:39,-68,0,499,499,1,1,1320,1320,0
510659632,NODE_704BCA25B768,child,5,20:50:0D:E7:1C:39,-68,0,499,499,1,1,1321,1321,0
510759629,NODE_704BCA25B768,child,5,20:50:0D:E7:1C:39,-68,0,499,499,1,1,1321,1321,0
510859640,NODE_704BCA25B768,child,5,20:50:0D:E7:1C:39,-68,0,499,499,1,1,1321,1321,0
510959632,NODE_704BCA25B768,child,5,20:50:0D:E7:1C:39,-68,0,499,499,1,1,1322,1322,0
511059645,NODE_704BCA25B768,child,5,20:50:0D:E7:1C:39,-67,0,499,499,1,1,1322,1322,0
511159624,NODE_704BCA25B768,child,5,20:50:0D:E7:1C:39,-67,0,499,499,1,1,1322,1322,0
511259624,NODE_704BCA25B768,child,5,20:50:0D:E7:1C:39,-67,0,499,499,1,1,1323,1323,0
511359625,NODE_704BCA25B768,child,5,20:50:0D:E7:1C:39,-67,0,500,500,1,1,1323,1323,0
511459624,NODE_704BCA25B768,child,5,20:50:0D:E7:1C:39,-67,0,500,500,1,1,1323,1323,0
511559624,NODE_704BCA25B768,child,5,20:50:0D:E7:1C:39,-67,0,500,500,1,1,1323,1323,0
511659637,NODE_704BCA25B768,child,5,20:50:0D:E7:1C:39,-67,0,500,500,1,1,1324,1324,0
511759640,NODE_704BCA25B768,child,5,20:50:0D:E7:1C:39,-67,0,500,500,1,1,1324,1324,0
511859624,NODE_704BCA25B768,child,5,20:50:0D:E7:1C:39,-67,0,500,500,1,1,1324,1324,0
511959637,NODE_704BCA25B768,child,5,20:50:0D:E7:1C:39,-67,0,500,500,1,1,1325,1325,0
512059640,NODE_704BCA25B768,child,5,20:50:0D:E7:1C:39,-67,0,500,500,1,1,1325,1325,0
512159624,NODE_704BCA25B768,child,5,20:50:0D:E7:1C:39,-67,0,500,500,1,1,1325,1325,0
512259790,NODE_704BCA25B768,child,5,20:50:0D:E7:1C:39,-67,0,500,500,1,1,1326,1326,0
512359628,NODE_704BCA25B768,child,5,20:50:0D:E7:1C:39,-67,0,501,501,1,1,1326,1326,0
512459624,NODE_704BCA25B768,child,5,20:50:0D:E7:1C:39,-67,0,501,501,1,1,1326,1326,0
512559629,NODE_704BCA25B768,child,5,20:50:0D:E7:1C:39,-67,0,501,501,1,1,1326,1326,0
512659644,NODE_704BCA25B768,child,5,20:50:0D:E7:1C:39,-67,0,501,501,1,1,1327,1327,0
512759637,NODE_704BCA25B768,child,5,20:50:0D:E7:1C:39,-67,0,501,501,1,1,1327,1327,0
512859629,NODE_704BCA25B768,child,5,20:50:0D:E7:1C:39,-67,0,501,501,1,1,1327,1327,0
512959632,NODE_704BCA25B768,child,5,20:50:0D:E7:1C:39,-67,0,501,501,1,1,1328,1328,0
513059664,NODE_704BCA25B768,child,5,20:50:0D:E7:1C:39,-67,0,501,501,1,1,1328,1328,0
513159625,NODE_704BCA25B768,child,5,20:50:0D:E7:1C:39,-67,0,501,501,1,1,1328,1328,0
513259632,NODE_704BCA25B768,child,5,20:50:0D:E7:1C:39,-67,0,501,501,1,1,1329,1329,0
513359624,NODE_704BCA25B768,child,5,20:50:0D:E7:1C:39,-67,0,502,502,1,1,1329,1329,0
513459625,NODE_704BCA25B768,child,5,20:50:0D:E7:1C:39,-67,0,502,502,1,1,1329,1329,0
513559632,NODE_704BCA25B768,child,5,20:50:0D:E7:1C:39,-67,0,502,502,1,1,1329,1329,0
513659636,NODE_704BCA25B768,child,5,20:50:0D:E7:1C:39,-67,0,502,502,1,1,1330,1330,0
513759633,NODE_704BCA25B768,child,5,20:50:0D:E7:1C:39,-67,0,502,502,1,1,1330,1330,0
513859628,NODE_704BCA25B768,child,5,20:50:0D:E7:1C:39,-67,0,502,502,1,1,1330,1330,0
513959640,NODE_704BCA25B768,child,5,20:50:0D:E7:1C:39,-67,0,502,502,1,1,1331,1331,0
514059633,NODE_704BCA25B768,child,5,20:50:0D:E7:1C:39,-68,0,502,502,1,1,1331,1331,0
514159628,NODE_704BCA25B768,child,5,20:50:0D:E7:1C:39,-68,0,502,502,1,1,1331,1331,0
514259628,NODE_704BCA25B768,child,5,20:50:0D:E7:1C:39,-68,0,502,502,1,1,1332,1332,0
514359629,NODE_704BCA25B768,child,5,20:50:0D:E7:1C:39,-68,0,503,503,1,1,1332,1332,0
514459628,NODE_704BCA25B768,child,5,20:50:0D:E7:1C:39,-68,0,503,503,1,1,1332,1332,0
514559628,NODE_704BCA25B768,child,5,20:50:0D:E7:1C:39,-68,0,503,503,1,1,1332,1332,0
514659629,NODE_704BCA25B768,child,5,20:50:0D:E7:1C:39,-68,0,503,503,1,1,1333,1333,0
514759640,NODE_704BCA25B768,child,5,20:50:0D:E7:1C:39,-68,0,503,503,1,1,1333,1333,0
514859624,NODE_704BCA25B768,child,5,20:50:0D:E7:1C:39,-68,0,503,503,1,1,1333,1333,0
514959629,NODE_704BCA25B768,child,5,20:50:0D:E7:1C:39,-68,0,503,503,1,1,1334,1334,0
515059640,NODE_704BCA25B768,child,5,20:50:0D:E7:1C:39,-68,0,503,503,1,1,1334,1334,0
515159636,NODE_704BCA25B768,child,5,20:50:0D:E7:1C:39,-67,0,503,503,1,1,1334,1334,0
515259629,NODE_704BCA25B768,child,5,20:50:0D:E7:1C:39,-67,0,503,503,1,1,1335,1335,0
515359629,NODE_704BCA25B768,child,5,20:50:0D:E7:1C:39,-67,0,504,504,1,1,1335,1335,0
515459624,NODE_704BCA25B768,child,5,20:50:0D:E7:1C:39,-67,0,504,504,1,1,1335,1335,0
515559633,NODE_704BCA25B768,child,5,20:50:0D:E7:1C:39,-67,0,504,504,1,1,1335,1335,0
515659628,NODE_704BCA25B768,child,5,20:50:0D:E7:1C:39,-67,0,504,504,1,1,1336,1336,0
515759636,NODE_704BCA25B768,child,5,20:50:0D:E7:1C:39,-67,0,504,504,1,1,1336,1336,0
515859625,NODE_704BCA25B768,child,5,20:50:0D:E7:1C:39,-67,0,504,504,1,1,1336,1336,0
515959636,NODE_704BCA25B768,child,5,20:50:0D:E7:1C:39,-67,0,504,504,1,1,1337,1337,0
516059624,NODE_704BCA25B768,child,5,20:50:0D:E7:1C:39,-67,0,504,504,1,1,1337,1337,0
516159637,NODE_704BCA25B768,child,5,20:50:0D:E7:1C:39,-67,0,504,504,1,1,1337,1337,0
516259624,NODE_704BCA25B768,child,5,20:50:0D:E7:1C:39,-67,0,504,504,1,1,1338,1338,0
516359624,NODE_704BCA25B768,child,5,20:50:0D:E7:1C:39,-67,0,505,505,1,1,1338,1338,0
516459625,NODE_704BCA25B768,child,5,20:50:0D:E7:1C:39,-67,0,505,505,1,1,1338,1338,0
516559632,NODE_704BCA25B768,child,5,20:50:0D:E7:1C:39,-67,0,505,505,1,1,1338,1338,0
516659632,NODE_704BCA25B768,child,5,20:50:0D:E7:1C:39,-67,0,505,505,1,1,1339,1339,0
516759637,NODE_704BCA25B768,child,5,20:50:0D:E7:1C:39,-67,0,505,505,1,1,1339,1339,0
516859624,NODE_704BCA25B768,child,5,20:50:0D:E7:1C:39,-67,0,505,505,1,1,1339,1339,0
516959640,NODE_704BCA25B768,child,5,20:50:0D:E7:1C:39,-67,0,505,505,1,1,1340,1340,0
517059633,NODE_704BCA25B768,child,5,20:50:0D:E7:1C:39,-67,0,505,505,1,1,1340,1340,0
517159640,NODE_704BCA25B768,child,5,20:50:0D:E7:1C:39,-68,0,505,505,1,1,1340,1340,0
517259628,NODE_704BCA25B768,child,5,20:50:0D:E7:1C:39,-68,0,505,505,1,1,1341,1341,0
517359629,NODE_704BCA25B768,child,5,20:50:0D:E7:1C:39,-68,0,506,506,1,1,1341,1341,0
517459624,NODE_704BCA25B768,child,5,20:50:0D:E7:1C:39,-68,0,506,506,1,1,1341,1341,0
517559624,NODE_704BCA25B768,child,5,20:50:0D:E7:1C:39,-68,0,506,506,1,1,1341,1341,0
517659629,NODE_704BCA25B768,child,5,20:50:0D:E7:1C:39,-68,0,506,506,1,1,1342,1342,0
517759641,NODE_704BCA25B768,child,5,20:50:0D:E7:1C:39,-68,0,506,506,1,1,1342,1342,0
517859632,NODE_704BCA25B768,child,5,20:50:0D:E7:1C:39,-68,0,506,506,1,1,1342,1342,0
517959629,NODE_704BCA25B768,child,5,20:50:0D:E7:1C:39,-68,0,506,506,1,1,1343,1343,0
518059636,NODE_704BCA25B768,child,5,20:50:0D:E7:1C:39,-68,0,506,506,1,1,1343,1343,0
518159628,NODE_704BCA25B768,child,5,20:50:0D:E7:1C:39,-68,0,506,506,1,1,1343,1343,0
518259633,NODE_704BCA25B768,child,5,20:50:0D:E7:1C:39,-68,0,506,506,1,1,1344,1344,0
518359632,NODE_704BCA25B768,child,5,20:50:0D:E7:1C:39,-68,0,507,507,1,1,1344,1344,0
518459624,NODE_704BCA25B768,child,5,20:50:0D:E7:1C:39,-68,0,507,507,1,1,1344,1344,0
518559629,NODE_704BCA25B768,child,5,20:50:0D:E7:1C:39,-68,0,507,507,1,1,1344,1344,0
518659636,NODE_704BCA25B768,child,5,20:50:0D:E7:1C:39,-68,0,507,507,1,1,1345,1345,0
518759624,NODE_704BCA25B768,child,5,20:50:0D:E7:1C:39,-68,0,507,507,1,1,1345,1345,0
518859633,NODE_704BCA25B768,child,5,20:50:0D:E7:1C:39,-68,0,507,507,1,1,1345,1345,0
518959636,NODE_704BCA25B768,child,5,20:50:0D:E7:1C:39,-68,0,507,507,1,1,1346,1346,0
519059632,NODE_704BCA25B768,child,5,20:50:0D:E7:1C:39,-68,0,507,507,1,1,1346,1346,0
519159625,NODE_704BCA25B768,child,5,20:50:0D:E7:1C:39,-68,0,507,507,1,1,1346,1346,0
519259632,NODE_704BCA25B768,child,5,20:50:0D:E7:1C:39,-68,0,507,507,1,1,1347,1347,0
519359624,NODE_704BCA25B768,child,5,20:50:0D:E7:1C:39,-68,0,508,508,1,1,1347,1347,0
519459625,NODE_704BCA25B768,child,5,20:50:0D:E7:1C:39,-68,0,508,508,1,1,1347,1347,0
519559632,NODE_704BCA25B768,child,5,20:50:0D:E7:1C:39,-68,0,508,508,1,1,1347,1347,0
519660302,NODE_704BCA25B768,child,5,20:50:0D:E7:1C:39,-68,0,508,508,1,1,1348,1348,0
519759637,NODE_704BCA25B768,child,5,20:50:0D:E7:1C:39,-68,0,508,508,1,1,1348,1348,0
519859632,NODE_704BCA25B768,child,5,20:50:0D:E7:1C:39,-68,0,508,508,1,1,1348,1348,0
519959628,NODE_704BCA25B768,child,5,20:50:0D:E7:1C:39,-68,0,508,508,1,1,1349,1349,0
520059629,NODE_704BCA25B768,child,5,20:50:0D:E7:1C:39,-68,0,508,508,1,1,1349,1349,0
520159636,NODE_704BCA25B768,child,5,20:50:0D:E7:1C:39,-68,0,508,508,1,1,1349,1349,0
520259632,NODE_704BCA25B768,child,5,20:50:0D:E7:1C:39,-67,0,508,508,1,1,1350,1350,0
520359629,NODE_704BCA25B768,child,5,20:50:0D:E7:1C:39,-67,0,509,509,1,1,1350,1350,0
520459628,NODE_704BCA25B768,child,5,20:50:0D:E7:1C:39,-67,0,509,509,1,1,1350,1350,0
520559624,NODE_704BCA25B768,child,5,20:50:0D:E7:1C:39,-67,0,509,509,1,1,1350,1350,0
520659633,NODE_704BCA25B768,child,5,20:50:0D:E7:1C:39,-67,0,509,509,1,1,1351,1351,0
520759784,NODE_704BCA25B768,child,5,20:50:0D:E7:1C:39,-67,0,509,509,1,1,1351,1351,0
520859628,NODE_704BCA25B768,child,5,20:50:0D:E7:1C:39,-67,0,509,509,1,1,1351,1351,0
520959633,NODE_704BCA25B768,child,5,20:50:0D:E7:1C:39,-67,0,509,509,1,1,1352,1352,0
521059636,NODE_704BCA25B768,child,5,20:50:0D:E7:1C:39,-67,0,509,509,1,1,1352,1352,0
521159624,NODE_704BCA25B768,child,5,20:50:0D:E7:1C:39,-67,0,509,509,1,1,1352,1352,0
521259633,NODE_704BCA25B768,child,5,20:50:0D:E7:1C:39,-68,0,509,509,1,1,1353,1353,0
521359624,NODE_704BCA25B768,child,5,20:50:0D:E7:1C:39,-68,0,510,510,1,1,1353,1353,0
521459624,NODE_704BCA25B768,child,5,20:50:0D:E7:1C:39,-68,0,510,510,1,1,1353,1353,0
521559633,NODE_704BCA25B768,child,5,20:50:0D:E7:1C:39,-68,0,510,510,1,1,1353,1353,0
521659628,NODE_704BCA25B768,child,5,20:50:0D:E7:1C:39,-68,0,510,510,1,1,1354,1354,0
521759628,NODE_704BCA25B768,child,5,20:50:0D:E7:1C:39,-68,0,510,510,1,1,1354,1354,0
521859633,NODE_704BCA25B768,child,5,20:50:0D:E7:1C:39,-68,0,510,510,1,1,1354,1354,0
521959628,NODE_704BCA25B768,child,5,20:50:0D:E7:1C:39,-68,0,510,510,1,1,1355,1355,0
522059636,NODE_704BCA25B768,child,5,20:50:0D:E7:1C:39,-68,0,510,510,1,1,1355,1355,0
522159629,NODE_704BCA25B768,child,5,20:50:0D:E7:1C:39,-68,0,510,510,1,1,1355,1355,0
522259632,NODE_704BCA25B768,child,5,20:50:0D:E7:1C:39,-67,0,510,510,1,1,1356,1356,0
522359633,NODE_704BCA25B768,child,5,20:50:0D:E7:1C:39,-67,0,511,511,1,1,1356,1356,0
522459629,NODE_704BCA25B768,child,5,20:50:0D:E7:1C:39,-67,0,511,511,1,1,1356,1356,0
522559632,NODE_704BCA25B768,child,5,20:50:0D:E7:1C:39,-67,0,511,511,1,1,1356,1356,0
522659628,NODE_704BCA25B768,child,5,20:50:0D:E7:1C:39,-67,0,511,511,1,1,1357,1357,0
522759630,NODE_704BCA25B768,child,5,20:50:0D:E7:1C:39,-67,0,511,511,1,1,1357,1357,0
522859624,NODE_704BCA25B768,child,5,20:50:0D:E7:1C:39,-67,0,511,511,1,1,1357,1357,0
522959632,NODE_704BCA25B768,child,5,20:50:0D:E7:1C:39,-67,0,511,511,1,1,1358,1358,0
523059625,NODE_704BCA25B768,child,5,20:50:0D:E7:1C:39,-67,0,511,511,1,1,1358,1358,0
523159624,NODE_704BCA25B768,child,5,20:50:0D:E7:1C:39,-67,0,511,511,1,1,1358,1358,0
523259628,NODE_704BCA25B768,child,5,20:50:0D:E7:1C:39,-67,0,511,511,1,1,1359,1359,0
523359633,NODE_704BCA25B768,child,5,20:50:0D:E7:1C:39,-67,0,512,512,1,1,1359,1359,0
523459624,NODE_704BCA25B768,child,5,20:50:0D:E7:1C:39,-67,0,512,512,1,1,1359,1359,0
523559624,NODE_704BCA25B768,child,5,20:50:0D:E7:1C:39,-67,0,512,512,1,1,1359,1359,0
523659629,NODE_704BCA25B768,child,5,20:50:0D:E7:1C:39,-67,0,512,512,1,1,1360,1360,0
523759628,NODE_704BCA25B768,child,5,20:50:0D:E7:1C:39,-67,0,512,512,1,1,1360,1360,0
523859624,NODE_704BCA25B768,child,5,20:50:0D:E7:1C:39,-67,0,512,512,1,1,1360,1360,0
523959629,NODE_704BCA25B768,child,5,20:50:0D:E7:1C:39,-67,0,512,512,1,1,1361,1361,0
524059636,NODE_704BCA25B768,child,5,20:50:0D:E7:1C:39,-67,0,512,512,1,1,1361,1361,0
524159624,NODE_704BCA25B768,child,5,20:50:0D:E7:1C:39,-67,0,512,512,1,1,1361,1361,0
524259629,NODE_704BCA25B768,child,5,20:50:0D:E7:1C:39,-67,0,512,512,1,1,1362,1362,0
524359632,NODE_704BCA25B768,child,5,20:50:0D:E7:1C:39,-68,0,513,513,1,1,1362,1362,0
524459636,NODE_704BCA25B768,child,5,20:50:0D:E7:1C:39,-68,0,513,513,1,1,1362,1362,0
524559633,NODE_704BCA25B768,child,5,20:50:0D:E7:1C:39,-68,0,513,513,1,1,1362,1362,0
524659636,NODE_704BCA25B768,child,5,20:50:0D:E7:1C:39,-68,0,513,513,1,1,1363,1363,0
524759624,NODE_704BCA25B768,child,5,20:50:0D:E7:1C:39,-68,0,513,513,1,1,1363,1363,0
524859637,NODE_704BCA25B768,child,5,20:50:0D:E7:1C:39,-68,0,513,513,1,1,1363,1363,0
524959628,NODE_704BCA25B768,child,5,20:50:0D:E7:1C:39,-68,0,513,513,1,1,1364,1364,0
525059802,NODE_704BCA25B768,child,5,20:50:0D:E7:1C:39,-68,0,513,513,1,1,1364,1364,0
525159625,NODE_704BCA25B768,child,5,20:50:0D:E7:1C:39,-68,0,513,513,1,1,1364,1364,0
525260294,NODE_704BCA25B768,child,5,20:50:0D:E7:1C:39,-68,0,513,513,1,1,1365,1364,0
525359636,NODE_704BCA25B768,child,5,20:50:0D:E7:1C:39,-67,0,514,514,1,1,1365,1365,0
525459629,NODE_704BCA25B768,child,5,20:50:0D:E7:1C:39,-67,0,514,514,1,1,1365,1365,0
525559632,NODE_704BCA25B768,child,5,20:50:0D:E7:1C:39,-67,0,514,514,1,1,1365,1365,0
525659628,NODE_704BCA25B768,child,5,20:50:0D:E7:1C:39,-67,0,514,514,1,1,1366,1366,0
525759637,NODE_704BCA25B768,child,5,20:50:0D:E7:1C:39,-67,0,514,514,1,1,1366,1366,0
525859624,NODE_704BCA25B768,child,5,20:50:0D:E7:1C:39,-67,0,514,514,1,1,1366,1366,0
525959632,NODE_704BCA25B768,child,5,20:50:0D:E7:1C:39,-67,0,514,514,1,1,1366,1366,0
526059633,NODE_704BCA25B768,child,5,20:50:0D:E7:1C:39,-67,0,514,514,1,1,1366,1366,0
526159624,NODE_704BCA25B768,child,5,20:50:0D:E7:1C:39,-67,0,514,514,1,1,1366,1366,0
526259628,NODE_704BCA25B768,child,5,20:50:0D:E7:1C:39,-67,0,514,514,1,1,1367,1367,0
526359637,NODE_704BCA25B768,child,5,20:50:0D:E7:1C:39,-69,0,515,515,1,1,1367,1367,0
526459624,NODE_704BCA25B768,child,5,20:50:0D:E7:1C:39,-69,0,515,515,1,1,1367,1367,0
526559624,NODE_704BCA25B768,child,5,20:50:0D:E7:1C:39,-69,0,515,515,1,1,1367,1367,0
526659629,NODE_704BCA25B768,child,5,20:50:0D:E7:1C:39,-69,0,515,515,1,1,1368,1368,0
526759636,NODE_704BCA25B768,child,5,20:50:0D:E7:1C:39,-69,0,515,515,1,1,1368,1368,0
526859624,NODE_704BCA25B768,child,5,20:50:0D:E7:1C:39,-69,0,515,515,1,1,1368,1368,0
526959641,NODE_704BCA25B768,child,5,20:50:0D:E7:1C:39,-69,0,515,515,1,1,1368,1368,0
527059632,NODE_704BCA25B768,child,5,20:50:0D:E7:1C:39,-69,0,515,515,1,1,1368,1368,0
527159624,NODE_704BCA25B768,child,5,20:50:0D:E7:1C:39,-69,0,515,515,1,1,1368,1368,0
527259625,NODE_704BCA25B768,child,5,20:50:0D:E7:1C:39,-69,0,515,515,1,1,1369,1369,0
527359632,NODE_704BCA25B768,child,5,20:50:0D:E7:1C:39,-69,0,516,516,1,1,1369,1369,0
527459636,NODE_704BCA25B768,child,5,20:50:0D:E7:1C:39,-69,0,516,516,1,1,1369,1369,0
527559633,NODE_704BCA25B768,child,5,20:50:0D:E7:1C:39,-69,0,516,516,1,1,1369,1369,0
527659628,NODE_704BCA25B768,child,5,20:50:0D:E7:1C:39,-69,0,516,516,1,1,1370,1370,0
527759629,NODE_704BCA25B768,child,5,20:50:0D:E7:1C:39,-69,0,516,516,1,1,1370,1370,0
527859625,NODE_704BCA25B768,child,5,20:50:0D:E7:1C:39,-69,0,516,516,1,1,1370,1370,0
527959624,NODE_704BCA25B768,child,5,20:50:0D:E7:1C:39,-69,0,516,516,1,1,1370,1370,0
528059636,NODE_704BCA25B768,child,5,20:50:0D:E7:1C:39,-69,0,516,516,1,1,1370,1370,0
528159625,NODE_704BCA25B768,child,5,20:50:0D:E7:1C:39,-69,0,516,516,1,1,1370,1370,0
528259628,NODE_704BCA25B768,child,5,20:50:0D:E7:1C:39,-69,0,516,516,1,1,1371,1371,0
528359632,NODE_704BCA25B768,child,5,20:50:0D:E7:1C:39,-69,0,517,517,1,1,1371,1371,0
528459637,NODE_704BCA25B768,child,5,20:50:0D:E7:1C:39,-68,0,517,517,1,1,1371,1371,0
528559624,NODE_704BCA25B768,child,5,20:50:0D:E7:1C:39,-68,0,517,517,1,1,1371,1371,0
528659628,NODE_704BCA25B768,child,5,20:50:0D:E7:1C:39,-68,0,517,517,1,1,1372,1372,0
528759637,NODE_704BCA25B768,child,5,20:50:0D:E7:1C:39,-68,0,517,517,1,1,1372,1372,0
528859624,NODE_704BCA25B768,child,5,20:50:0D:E7:1C:39,-68,0,517,517,1,1,1372,1372,0
528959628,NODE_704BCA25B768,child,5,20:50:0D:E7:1C:39,-68,0,517,517,1,1,1372,1372,0
529059637,NODE_704BCA25B768,child,5,20:50:0D:E7:1C:39,-68,0,517,517,1,1,1372,1372,0
529159624,NODE_704BCA25B768,child,5,20:50:0D:E7:1C:39,-68,0,517,517,1,1,1372,1372,0
529260026,NODE_704BCA25B768,child,5,20:50:0D:E7:1C:39,-68,0,517,517,1,1,1372,1372,0
529359630,NODE_704BCA25B768,child,5,20:50:0D:E7:1C:39,-68,0,518,518,1,1,1373,1373,0
529459636,NODE_704BCA25B768,child,5,20:50:0D:E7:1C:39,-69,0,518,518,1,1,1373,1373,0
529559624,NODE_704BCA25B768,child,5,20:50:0D:E7:1C:39,-69,0,518,518,1,1,1373,1373,0
529659629,NODE_704BCA25B768,child,5,20:50:0D:E7:1C:39,-69,0,518,518,1,1,1374,1374,0
529759636,NODE_704BCA25B768,child,5,20:50:0D:E7:1C:39,-69,0,518,518,1,1,1374,1374,0
529859624,NODE_704BCA25B768,child,5,20:50:0D:E7:1C:39,-69,0,518,518,1,1,1374,1374,0
529959629,NODE_704BCA25B768,child,5,20:50:0D:E7:1C:39,-69,0,518,518,1,1,1374,1374,0
530059644,NODE_704BCA25B768,child,5,20:50:0D:E7:1C:39,-69,0,518,518,1,1,1374,1374,0
530159624,NODE_704BCA25B768,child,5,20:50:0D:E7:1C:39,-69,0,518,518,1,1,1374,1374,0
530259637,NODE_704BCA25B768,child,5,20:50:0D:E7:1C:39,-69,0,518,518,1,1,1374,1374,0
530359632,NODE_704BCA25B768,child,5,20:50:0D:E7:1C:39,-69,0,519,519,1,1,1375,1375,0
530459640,NODE_704BCA25B768,child,5,20:50:0D:E7:1C:39,-70,0,519,519,1,1,1375,1375,0
530559637,NODE_704BCA25B768,child,5,20:50:0D:E7:1C:39,-70,0,519,519,1,1,1375,1375,0
530659636,NODE_704BCA25B768,child,5,20:50:0D:E7:1C:39,-70,0,519,519,1,1,1376,1376,0
530759624,NODE_704BCA25B768,child,5,20:50:0D:E7:1C:39,-70,0,519,519,1,1,1376,1376,0
530859625,NODE_704BCA25B768,child,5,20:50:0D:E7:1C:39,-70,0,519,519,1,1,1376,1376,0
530959632,NODE_704BCA25B768,child,5,20:50:0D:E7:1C:39,-70,0,519,519,1,1,1376,1376,0
531059632,NODE_704BCA25B768,child,5,20:50:0D:E7:1C:39,-70,0,519,519,1,1,1376,1376,0
531159625,NODE_704BCA25B768,child,5,20:50:0D:E7:1C:39,-70,0,519,519,1,1,1376,1376,0
531259636,NODE_704BCA25B768,child,5,20:50:0D:E7:1C:39,-70,0,519,519,1,1,1376,1376,0
531359632,NODE_704BCA25B768,child,5,20:50:0D:E7:1C:39,-70,0,520,520,1,1,1377,1377,0
531459672,NODE_704BCA25B768,child,5,20:50:0D:E7:1C:39,-70,0,520,520,1,1,1377,1377,0
531559636,NODE_704BCA25B768,child,5,20:50:0D:E7:1C:39,-69,0,520,520,1,1,1377,1377,0
531659628,NODE_704BCA25B768,child,5,20:50:0D:E7:1C:39,-69,0,520,520,1,1,1378,1378,0
531759637,NODE_704BCA25B768,child,5,20:50:0D:E7:1C:39,-69,0,520,520,1,1,1378,1378,0
531859624,NODE_704BCA25B768,child,5,20:50:0D:E7:1C:39,-69,0,520,520,1,1,1378,1378,0
531959628,NODE_704BCA25B768,child,5,20:50:0D:E7:1C:39,-69,0,520,520,1,1,1378,1378,0
532059633,NODE_704BCA25B768,child,5,20:50:0D:E7:1C:39,-69,0,520,520,1,1,1378,1378,0
532159636,NODE_704BCA25B768,child,5,20:50:0D:E7:1C:39,-69,0,520,520,1,1,1378,1378,0
532259628,NODE_704BCA25B768,child,5,20:50:0D:E7:1C:39,-69,0,520,520,1,1,1378,1378,0
532359633,NODE_704BCA25B768,child,5,20:50:0D:E7:1C:39,-69,0,521,521,1,1,1379,1379,0
532459624,NODE_704BCA25B768,child,5,20:50:0D:E7:1C:39,-69,0,521,521,1,1,1379,1379,0
532559636,NODE_704BCA25B768,child,5,20:50:0D:E7:1C:39,-69,0,521,521,1,1,1379,1379,0
532659629,NODE_704BCA25B768,child,5,20:50:0D:E7:1C:39,-69,0,521,521,1,1,1380,1380,0
532759637,NODE_704BCA25B768,child,5,20:50:0D:E7:1C:39,-69,0,521,521,1,1,1380,1380,0
532859624,NODE_704BCA25B768,child,5,20:50:0D:E7:1C:39,-69,0,521,521,1,1,1380,1380,0
532959629,NODE_704BCA25B768,child,5,20:50:0D:E7:1C:39,-69,0,521,521,1,1,1380,1380,0
533059640,NODE_704BCA25B768,child,5,20:50:0D:E7:1C:39,-69,0,521,521,1,1,1380,1380,0
533159628,NODE_704BCA25B768,child,5,20:50:0D:E7:1C:39,-69,0,521,521,1,1,1380,1380,0
533259641,NODE_704BCA25B768,child,5,20:50:0D:E7:1C:39,-69,0,521,521,1,1,1381,1381,0
533359628,NODE_704BCA25B768,child,5,20:50:0D:E7:1C:39,-69,0,522,522,1,1,1382,1382,0
533459628,NODE_704BCA25B768,child,5,20:50:0D:E7:1C:39,-69,0,522,522,1,1,1382,1382,0
533559641,NODE_704BCA25B768,child,5,20:50:0D:E7:1C:39,-69,0,522,522,1,1,1382,1382,0
533659636,NODE_704BCA25B768,child,5,20:50:0D:E7:1C:39,-69,0,522,522,1,1,1383,1383,0
533759640,NODE_704BCA25B768,child,5,20:50:0D:E7:1C:39,-69,0,522,522,1,1,1383,1383,0
533859629,NODE_704BCA25B768,child,5,20:50:0D:E7:1C:39,-69,0,522,522,1,1,1383,1383,0
533959632,NODE_704BCA25B768,child,5,20:50:0D:E7:1C:39,-69,0,522,522,1,1,1383,1383,0
534059632,NODE_704BCA25B768,child,5,20:50:0D:E7:1C:39,-69,0,522,522,1,1,1383,1383,0
534159629,NODE_704BCA25B768,child,5,20:50:0D:E7:1C:39,-69,0,522,522,1,1,1383,1383,0
534259628,NODE_704BCA25B768,child,5,20:50:0D:E7:1C:39,-69,0,522,522,1,1,1384,1384,0
534359628,NODE_704BCA25B768,child,5,20:50:0D:E7:1C:39,-69,0,523,523,1,1,1385,1385,0
534459633,NODE_704BCA25B768,child,5,20:50:0D:E7:1C:39,-69,0,523,523,1,1,1385,1385,0
534559636,NODE_704BCA25B768,child,5,20:50:0D:E7:1C:39,-69,0,523,523,1,1,1385,1385,0
534659632,NODE_704BCA25B768,child,5,20:50:0D:E7:1C:39,-69,0,523,523,1,1,1386,1386,0
534759629,NODE_704BCA25B768,child,5,20:50:0D:E7:1C:39,-69,0,523,523,1,1,1386,1386,0
534859624,NODE_704BCA25B768,child,5,20:50:0D:E7:1C:39,-69,0,523,523,1,1,1386,1386,0
534959636,NODE_704BCA25B768,child,5,20:50:0D:E7:1C:39,-69,0,523,523,1,1,1386,1386,0
535059629,NODE_704BCA25B768,child,5,20:50:0D:E7:1C:39,-69,0,523,523,1,1,1386,1386,0
535159632,NODE_704BCA25B768,child,5,20:50:0D:E7:1C:39,-69,0,523,523,1,1,1386,1386,0
535259624,NODE_704BCA25B768,child,5,20:50:0D:E7:1C:39,-69,0,523,523,1,1,1387,1387,0
535359629,NODE_704BCA25B768,child,5,20:50:0D:E7:1C:39,-69,0,524,524,1,1,1388,1388,0
535459636,NODE_704BCA25B768,child,5,20:50:0D:E7:1C:39,-69,0,524,524,1,1,1388,1388,0
535559632,NODE_704BCA25B768,child,5,20:50:0D:E7:1C:39,-69,0,524,524,1,1,1388,1388,0
535659633,NODE_704BCA25B768,child,5,20:50:0D:E7:1C:39,-69,0,524,524,1,1,1389,1389,0
535759632,NODE_704BCA25B768,child,5,20:50:0D:E7:1C:39,-69,0,524,524,1,1,1389,1389,0
535859624,NODE_704BCA25B768,child,5,20:50:0D:E7:1C:39,-69,0,524,524,1,1,1389,1389,0
535959629,NODE_704BCA25B768,child,5,20:50:0D:E7:1C:39,-69,0,524,524,1,1,1389,1389,0
536059636,NODE_704BCA25B768,child,5,20:50:0D:E7:1C:39,-69,0,524,524,1,1,1389,1389,0
536159624,NODE_704BCA25B768,child,5,20:50:0D:E7:1C:39,-69,0,524,524,1,1,1389,1389,0
536259641,NODE_704BCA25B768,child,5,20:50:0D:E7:1C:39,-69,0,524,524,1,1,1390,1390,0
536359633,NODE_704BCA25B768,child,5,20:50:0D:E7:1C:39,-69,0,525,525,1,1,1391,1391,0
536459632,NODE_704BCA25B768,child,5,20:50:0D:E7:1C:39,-69,0,525,525,1,1,1391,1391,0
536559629,NODE_704BCA25B768,child,5,20:50:0D:E7:1C:39,-69,0,525,525,1,1,1391,1391,0
536659636,NODE_704BCA25B768,child,5,20:50:0D:E7:1C:39,-69,0,525,525,1,1,1392,1392,0
536759632,NODE_704BCA25B768,child,5,20:50:0D:E7:1C:39,-69,0,525,525,1,1,1392,1392,0
536859625,NODE_704BCA25B768,child,5,20:50:0D:E7:1C:39,-69,0,525,525,1,1,1392,1392,0
536959628,NODE_704BCA25B768,child,5,20:50:0D:E7:1C:39,-69,0,525,525,1,1,1392,1392,0
537059632,NODE_704BCA25B768,child,5,20:50:0D:E7:1C:39,-69,0,525,525,1,1,1392,1392,0
537159629,NODE_704BCA25B768,child,5,20:50:0D:E7:1C:39,-69,0,525,525,1,1,1392,1392,0
537259636,NODE_704BCA25B768,child,5,20:50:0D:E7:1C:39,-69,0,525,525,1,1,1393,1393,0
537359628,NODE_704BCA25B768,child,5,20:50:0D:E7:1C:39,-69,0,526,526,1,1,1394,1394,0
537459629,NODE_704BCA25B768,child,5,20:50:0D:E7:1C:39,-69,0,526,526,1,1,1394,1394,0
537559624,NODE_704BCA25B768,child,5,20:50:0D:E7:1C:39,-69,0,526,526,1,1,1394,1394,0
537659632,NODE_704BCA25B768,child,5,20:50:0D:E7:1C:39,-69,0,526,526,1,1,1395,1395,0
537759630,NODE_704BCA25B768,child,5,20:50:0D:E7:1C:39,-69,0,526,526,1,1,1395,1395,0
537859624,NODE_704BCA25B768,child,5,20:50:0D:E7:1C:39,-69,0,526,526,1,1,1395,1395,0
537959636,NODE_704BCA25B768,child,5,20:50:0D:E7:1C:39,-69,0,526,526,1,1,1395,1395,0
538059629,NODE_704BCA25B768,child,5,20:50:0D:E7:1C:39,-69,0,526,526,1,1,1395,1395,0
538159624,NODE_704BCA25B768,child,5,20:50:0D:E7:1C:39,-69,0,526,526,1,1,1395,1395,0
538259632,NODE_704BCA25B768,child,5,20:50:0D:E7:1C:39,-69,0,526,526,1,1,1396,1396,0
538359625,NODE_704BCA25B768,child,5,20:50:0D:E7:1C:39,-69,0,527,527,1,1,1397,1397,0
538459628,NODE_704BCA25B768,child,5,20:50:0D:E7:1C:39,-69,0,527,527,1,1,1397,1397,0
538559632,NODE_704BCA25B768,child,5,20:50:0D:E7:1C:39,-69,0,527,527,1,1,1397,1397,0
538659637,NODE_704BCA25B768,child,5,20:50:0D:E7:1C:39,-70,0,527,527,1,1,1398,1398,0
538759632,NODE_704BCA25B768,child,5,20:50:0D:E7:1C:39,-70,0,527,527,1,1,1398,1398,0
538859628,NODE_704BCA25B768,child,5,20:50:0D:E7:1C:39,-70,0,527,527,1,1,1398,1398,0
538959629,NODE_704BCA25B768,child,5,20:50:0D:E7:1C:39,-70,0,527,527,1,1,1398,1398,0
539059636,NODE_704BCA25B768,child,5,20:50:0D:E7:1C:39,-70,0,527,527,1,1,1398,1398,0
539159624,NODE_704BCA25B768,child,5,20:50:0D:E7:1C:39,-70,0,527,527,1,1,1398,1398,0
539259629,NODE_704BCA25B768,child,5,20:50:0D:E7:1C:39,-70,0,527,527,1,1,1399,1399,0
539359628,NODE_704BCA25B768,child,5,20:50:0D:E7:1C:39,-70,0,528,528,1,1,1400,1400,0
539459628,NODE_704BCA25B768,child,5,20:50:0D:E7:1C:39,-70,0,528,528,1,1,1400,1400,0
539559625,NODE_704BCA25B768,child,5,20:50:0D:E7:1C:39,-70,0,528,528,1,1,1400,1400,0
539659738,NODE_704BCA25B768,child,5,20:50:0D:E7:1C:39,-70,0,528,528,1,1,1401,1401,0
539759636,NODE_704BCA25B768,child,5,20:50:0D:E7:1C:39,-70,0,528,528,1,1,1401,1401,0
539859625,NODE_704BCA25B768,child,5,20:50:0D:E7:1C:39,-70,0,528,528,1,1,1401,1401,0
539959628,NODE_704BCA25B768,child,5,20:50:0D:E7:1C:39,-70,0,528,528,1,1,1401,1401,0
540059624,NODE_704BCA25B768,child,5,20:50:0D:E7:1C:39,-70,0,528,528,1,1,1401,1401,0
540159625,NODE_704BCA25B768,child,5,20:50:0D:E7:1C:39,-70,0,528,528,1,1,1401,1401,0
540259624,NODE_704BCA25B768,child,5,20:50:0D:E7:1C:39,-70,0,528,528,1,1,1402,1402,0
540359628,NODE_704BCA25B768,child,5,20:50:0D:E7:1C:39,-70,0,529,529,1,1,1403,1403,0
540459625,NODE_704BCA25B768,child,5,20:50:0D:E7:1C:39,-70,0,529,529,1,1,1403,1403,0
540559628,NODE_704BCA25B768,child,5,20:50:0D:E7:1C:39,-70,0,529,529,1,1,1403,1403,0
540659632,NODE_704BCA25B768,child,5,20:50:0D:E7:1C:39,-70,0,529,529,1,1,1404,1404,0
540759645,NODE_704BCA25B768,child,5,20:50:0D:E7:1C:39,-67,0,529,529,1,1,1404,1404,0
540859624,NODE_704BCA25B768,child,5,20:50:0D:E7:1C:39,-67,0,529,529,1,1,1404,1404,0
540959632,NODE_704BCA25B768,child,5,20:50:0D:E7:1C:39,-67,0,529,529,1,1,1404,1404,0
541059629,NODE_704BCA25B768,child,5,20:50:0D:E7:1C:39,-67,0,529,529,1,1,1404,1404,0
541159624,NODE_704BCA25B768,child,5,20:50:0D:E7:1C:39,-67,0,529,529,1,1,1404,1404,0
541259624,NODE_704BCA25B768,child,5,20:50:0D:E7:1C:39,-67,0,529,529,1,1,1405,1405,0
541359633,NODE_704BCA25B768,child,5,20:50:0D:E7:1C:39,-67,0,530,530,1,1,1406,1406,0
541459628,NODE_704BCA25B768,child,5,20:50:0D:E7:1C:39,-67,0,530,530,1,1,1406,1406,0
541559632,NODE_704BCA25B768,child,5,20:50:0D:E7:1C:39,-67,0,530,530,1,1,1406,1406,0
541659633,NODE_704BCA25B768,child,5,20:50:0D:E7:1C:39,-67,0,530,530,1,1,1407,1407,0
541759644,NODE_704BCA25B768,child,5,20:50:0D:E7:1C:39,-72,0,530,530,1,1,1407,1407,0
541859624,NODE_704BCA25B768,child,5,20:50:0D:E7:1C:39,-72,0,530,530,1,1,1407,1407,0
541959629,NODE_704BCA25B768,child,5,20:50:0D:E7:1C:39,-72,0,530,530,1,1,1407,1407,0
542059632,NODE_704BCA25B768,child,5,20:50:0D:E7:1C:39,-72,0,530,530,1,1,1407,1407,0
542159624,NODE_704BCA25B768,child,5,20:50:0D:E7:1C:39,-72,0,530,530,1,1,1407,1407,0
542259629,NODE_704BCA25B768,child,5,20:50:0D:E7:1C:39,-72,0,530,530,1,1,1408,1408,0
542359628,NODE_704BCA25B768,child,5,20:50:0D:E7:1C:39,-72,0,531,531,1,1,1409,1409,0
542459628,NODE_704BCA25B768,child,5,20:50:0D:E7:1C:39,-72,0,531,531,1,1,1409,1409,0
542559625,NODE_704BCA25B768,child,5,20:50:0D:E7:1C:39,-72,0,531,531,1,1,1409,1409,0
542659636,NODE_704BCA25B768,child,5,20:50:0D:E7:1C:39,-72,0,531,531,1,1,1410,1410,0
542759641,NODE_704BCA25B768,child,5,20:50:0D:E7:1C:39,-68,0,531,531,1,1,1410,1410,0
542859625,NODE_704BCA25B768,child,5,20:50:0D:E7:1C:39,-68,0,531,531,1,1,1410,1410,0
542959628,NODE_704BCA25B768,child,5,20:50:0D:E7:1C:39,-68,0,531,531,1,1,1410,1410,0
543059624,NODE_704BCA25B768,child,5,20:50:0D:E7:1C:39,-68,0,531,531,1,1,1410,1410,0
543159625,NODE_704BCA25B768,child,5,20:50:0D:E7:1C:39,-68,0,531,531,1,1,1410,1410,0
543259624,NODE_704BCA25B768,child,5,20:50:0D:E7:1C:39,-68,0,531,531,1,1,1411,1411,0
543359633,NODE_704BCA25B768,child,5,20:50:0D:E7:1C:39,-68,0,532,532,1,1,1412,1412,0
543459625,NODE_704BCA25B768,child,5,20:50:0D:E7:1C:39,-68,0,532,532,1,1,1412,1412,0
543559624,NODE_704BCA25B768,child,5,20:50:0D:E7:1C:39,-68,0,532,532,1,1,1412,1412,0
543659632,NODE_704BCA25B768,child,5,20:50:0D:E7:1C:39,-68,0,532,532,1,1,1413,1413,0
543759641,NODE_704BCA25B768,child,5,20:50:0D:E7:1C:39,-68,0,532,532,1,1,1413,1413,0
543859628,NODE_704BCA25B768,child,5,20:50:0D:E7:1C:39,-68,0,532,532,1,1,1413,1413,0
543959628,NODE_704BCA25B768,child,5,20:50:0D:E7:1C:39,-68,0,532,532,1,1,1413,1413,0
544059633,NODE_704BCA25B768,child,5,20:50:0D:E7:1C:39,-68,0,532,532,1,1,1413,1413,0
544159632,NODE_704BCA25B768,child,5,20:50:0D:E7:1C:39,-68,0,532,532,1,1,1413,1413,0
544259632,NODE_704BCA25B768,child,5,20:50:0D:E7:1C:39,-68,0,532,532,1,1,1414,1414,0
544359629,NODE_704BCA25B768,child,5,20:50:0D:E7:1C:39,-68,0,533,533,1,1,1415,1415,0
544459640,NODE_704BCA25B768,child,5,20:50:0D:E7:1C:39,-68,0,533,533,1,1,1415,1415,0
544559636,NODE_704BCA25B768,child,5,20:50:0D:E7:1C:39,-68,0,533,533,1,1,1415,1415,0
544659637,NODE_704BCA25B768,child,5,20:50:0D:E7:1C:39,-68,0,533,533,1,1,1416,1416,0
544759636,NODE_704BCA25B768,child,5,20:50:0D:E7:1C:39,-68,0,533,533,1,1,1416,1416,0
544859636,NODE_704BCA25B768,child,5,20:50:0D:E7:1C:39,-68,0,533,533,1,1,1416,1416,0
544959629,NODE_704BCA25B768,child,5,20:50:0D:E7:1C:39,-68,0,533,533,1,1,1416,1416,0
545059632,NODE_704BCA25B768,child,5,20:50:0D:E7:1C:39,-68,0,533,533,1,1,1416,1416,0
545159624,NODE_704BCA25B768,child,5,20:50:0D:E7:1C:39,-68,0,533,533,1,1,1416,1416,0
545259633,NODE_704BCA25B768,child,5,20:50:0D:E7:1C:39,-68,0,533,533,1,1,1417,1417,0
545359624,NODE_704BCA25B768,child,5,20:50:0D:E7:1C:39,-68,0,534,534,1,1,1418,1418,0
545459636,NODE_704BCA25B768,child,5,20:50:0D:E7:1C:39,-68,0,534,534,1,1,1418,1418,0
545559629,NODE_704BCA25B768,child,5,20:50:0D:E7:1C:39,-68,0,534,534,1,1,1418,1418,0
545659632,NODE_704BCA25B768,child,5,20:50:0D:E7:1C:39,-68,0,534,534,1,1,1419,1419,0
545759632,NODE_704BCA25B768,child,5,20:50:0D:E7:1C:39,-68,0,534,534,1,1,1419,1419,0
545859637,NODE_704BCA25B768,child,5,20:50:0D:E7:1C:39,-68,0,534,534,1,1,1419,1419,0
545959636,NODE_704BCA25B768,child,5,20:50:0D:E7:1C:39,-68,0,534,534,1,1,1419,1419,0
546059624,NODE_704BCA25B768,child,5,20:50:0D:E7:1C:39,-68,0,534,534,1,1,1419,1419,0
546159625,NODE_704BCA25B768,child,5,20:50:0D:E7:1C:39,-68,0,534,534,1,1,1419,1419,0
546259624,NODE_704BCA25B768,child,5,20:50:0D:E7:1C:39,-68,0,534,534,1,1,1420,1420,0
546359624,NODE_704BCA25B768,child,5,20:50:0D:E7:1C:39,-68,0,535,535,1,1,1421,1421,0
546459637,NODE_704BCA25B768,child,5,20:50:0D:E7:1C:39,-68,0,535,535,1,1,1421,1421,0
546559633,NODE_704BCA25B768,child,5,20:50:0D:E7:1C:39,-68,0,535,535,1,1,1421,1421,0
546659628,NODE_704BCA25B768,child,5,20:50:0D:E7:1C:39,-68,0,535,535,1,1,1422,1422,0
546759633,NODE_704BCA25B768,child,5,20:50:0D:E7:1C:39,-68,0,535,535,1,1,1422,1422,0
546859636,NODE_704BCA25B768,child,5,20:50:0D:E7:1C:39,-68,0,535,535,1,1,1422,1422,0
546959624,NODE_704BCA25B768,child,5,20:50:0D:E7:1C:39,-68,0,535,535,1,1,1422,1422,0
547059637,NODE_704BCA25B768,child,5,20:50:0D:E7:1C:39,-68,0,535,535,1,1,1422,1422,0
547159624,NODE_704BCA25B768,child,5,20:50:0D:E7:1C:39,-68,0,535,535,1,1,1422,1422,0
547259628,NODE_704BCA25B768,child,5,20:50:0D:E7:1C:39,-68,0,535,535,1,1,1423,1423,0
547359625,NODE_704BCA25B768,child,5,20:50:0D:E7:1C:39,-68,0,536,536,1,1,1424,1424,0
547459632,NODE_704BCA25B768,child,5,20:50:0D:E7:1C:39,-68,0,536,536,1,1,1424,1424,0
547559636,NODE_704BCA25B768,child,5,20:50:0D:E7:1C:39,-68,0,536,536,1,1,1424,1424,0
547659629,NODE_704BCA25B768,child,5,20:50:0D:E7:1C:39,-68,0,536,536,1,1,1425,1425,0
547759641,NODE_704BCA25B768,child,5,20:50:0D:E7:1C:39,-68,0,536,536,1,1,1425,1425,0
547859704,NODE_704BCA25B768,child,5,20:50:0D:E7:1C:39,-68,0,536,536,1,1,1425,1425,0
547959629,NODE_704BCA25B768,child,5,20:50:0D:E7:1C:39,-68,0,536,536,1,1,1425,1425,0
548059636,NODE_704BCA25B768,child,5,20:50:0D:E7:1C:39,-68,0,536,536,1,1,1425,1425,0
548159624,NODE_704BCA25B768,child,5,20:50:0D:E7:1C:39,-68,0,536,536,1,1,1425,1425,0
548259637,NODE_704BCA25B768,child,5,20:50:0D:E7:1C:39,-68,0,536,536,1,1,1425,1425,0
548359624,NODE_704BCA25B768,child,5,20:50:0D:E7:1C:39,-68,0,537,537,1,1,1426,1426,0
548460021,NODE_704BCA25B768,child,5,20:50:0D:E7:1C:39,-68,0,537,537,1,1,1427,1427,0
548559629,NODE_704BCA25B768,child,5,20:50:0D:E7:1C:39,-68,0,537,537,1,1,1427,1427,0
548659632,NODE_704BCA25B768,child,5,20:50:0D:E7:1C:39,-68,0,537,537,1,1,1428,1428,0
548759628,NODE_704BCA25B768,child,5,20:50:0D:E7:1C:39,-68,0,537,537,1,1,1428,1428,0
548859625,NODE_704BCA25B768,child,5,20:50:0D:E7:1C:39,-68,0,537,537,1,1,1428,1428,0
548959640,NODE_704BCA25B768,child,5,20:50:0D:E7:1C:39,-69,0,537,537,1,1,1428,1428,0
549059628,NODE_704BCA25B768,child,5,20:50:0D:E7:1C:39,-69,0,537,537,1,1,1428,1428,0
549159625,NODE_704BCA25B768,child,5,20:50:0D:E7:1C:39,-69,0,537,537,1,1,1428,1428,0
549259624,NODE_704BCA25B768,child,5,20:50:0D:E7:1C:39,-69,0,537,537,1,1,1428,1428,0
549359624,NODE_704BCA25B768,child,5,20:50:0D:E7:1C:39,-69,0,538,538,1,1,1429,1429,0
549459637,NODE_704BCA25B768,child,5,20:50:0D:E7:1C:39,-69,0,538,538,1,1,1430,1430,0
549559636,NODE_704BCA25B768,child,5,20:50:0D:E7:1C:39,-69,0,538,538,1,1,1430,1430,0
549659628,NODE_704BCA25B768,child,5,20:50:0D:E7:1C:39,-69,0,538,538,1,1,1431,1431,0
549759629,NODE_704BCA25B768,child,5,20:50:0D:E7:1C:39,-69,0,538,538,1,1,1431,1431,0
549859628,NODE_704BCA25B768,child,5,20:50:0D:E7:1C:39,-69,0,538,538,1,1,1431,1431,0
549959636,NODE_704BCA25B768,child,5,20:50:0D:E7:1C:39,-70,0,538,538,1,1,1431,1431,0
550059637,NODE_704BCA25B768,child,5,20:50:0D:E7:1C:39,-70,0,538,538,1,1,1431,1431,0
550159628,NODE_704BCA25B768,child,5,20:50:0D:E7:1C:39,-70,0,538,538,1,1,1431,1431,0
550259624,NODE_704BCA25B768,child,5,20:50:0D:E7:1C:39,-70,0,538,538,1,1,1431,1431,0
550359630,NODE_704BCA25B768,child,5,20:50:0D:E7:1C:39,-70,0,539,539,1,1,1432,1432,0
550459628,NODE_704BCA25B768,child,5,20:50:0D:E7:1C:39,-70,0,539,539,1,1,1433,1433,0
550559640,NODE_704BCA25B768,child,5,20:50:0D:E7:1C:39,-70,0,539,539,1,1,1433,1433,0
550659633,NODE_704BCA25B768,child,5,20:50:0D:E7:1C:39,-70,0,539,539,1,1,1434,1434,0
550759636,NODE_704BCA25B768,child,5,20:50:0D:E7:1C:39,-70,0,539,539,1,1,1434,1434,0
550859628,NODE_704BCA25B768,child,5,20:50:0D:E7:1C:39,-70,0,539,539,1,1,1434,1434,0
550959641,NODE_704BCA25B768,child,5,20:50:0D:E7:1C:39,-68,0,539,539,1,1,1434,1434,0
551059632,NODE_704BCA25B768,child,5,20:50:0D:E7:1C:39,-68,0,539,539,1,1,1434,1434,0
551159624,NODE_704BCA25B768,child,5,20:50:0D:E7:1C:39,-68,0,539,539,1,1,1434,1434,0
551259633,NODE_704BCA25B768,child,5,20:50:0D:E7:1C:39,-68,0,539,539,1,1,1434,1434,0
551359628,NODE_704BCA25B768,child,5,20:50:0D:E7:1C:39,-68,0,540,540,1,1,1435,1435,0
551459624,NODE_704BCA25B768,child,5,20:50:0D:E7:1C:39,-68,0,540,540,1,1,1436,1436,0
551559633,NODE_704BCA25B768,child,5,20:50:0D:E7:1C:39,-68,0,540,540,1,1,1436,1436,0
551659632,NODE_704BCA25B768,child,5,20:50:0D:E7:1C:39,-68,0,540,540,1,1,1437,1437,0
551759628,NODE_704BCA25B768,child,5,20:50:0D:E7:1C:39,-68,0,540,540,1,1,1437,1437,0
551859629,NODE_704BCA25B768,child,5,20:50:0D:E7:1C:39,-68,0,540,540,1,1,1437,1437,0
551959644,NODE_704BCA25B768,child,5,20:50:0D:E7:1C:39,-68,0,540,540,1,1,1437,1437,0
552059628,NODE_704BCA25B768,child,5,20:50:0D:E7:1C:39,-68,0,540,540,1,1,1437,1437,0
552159629,NODE_704BCA25B768,child,5,20:50:0D:E7:1C:39,-68,0,540,540,1,1,1437,1437,0
552259624,NODE_704BCA25B768,child,5,20:50:0D:E7:1C:39,-68,0,540,540,1,1,1437,1437,0
552359632,NODE_704BCA25B768,child,5,20:50:0D:E7:1C:39,-68,0,541,541,1,1,1438,1438,0
552459629,NODE_704BCA25B768,child,5,20:50:0D:E7:1C:39,-68,0,541,541,1,1,1439,1439,0
552559640,NODE_704BCA25B768,child,5,20:50:0D:E7:1C:39,-68,0,541,541,1,1,1439,1439,0
552659632,NODE_704BCA25B768,child,5,20:50:0D:E7:1C:39,-68,0,541,541,1,1,1440,1440,0
552759630,NODE_704BCA25B768,child,5,20:50:0D:E7:1C:39,-68,0,541,541,1,1,1440,1440,0
552859624,NODE_704BCA25B768,child,5,20:50:0D:E7:1C:39,-68,0,541,541,1,1,1440,1440,0
552959628,NODE_704BCA25B768,child,5,20:50:0D:E7:1C:39,-68,0,541,541,1,1,1440,1440,0
553059641,NODE_704BCA25B768,child,5,20:50:0D:E7:1C:39,-68,0,541,541,1,1,1440,1440,0
553159624,NODE_704BCA25B768,child,5,20:50:0D:E7:1C:39,-68,0,541,541,1,1,1440,1440,0
553259628,NODE_704BCA25B768,child,5,20:50:0D:E7:1C:39,-68,0,541,541,1,1,1440,1440,0
553359625,NODE_704BCA25B768,child,5,20:50:0D:E7:1C:39,-68,0,542,542,1,1,1441,1441,0
553459624,NODE_704BCA25B768,child,5,20:50:0D:E7:1C:39,-68,0,542,542,1,1,1442,1442,0
553559628,NODE_704BCA25B768,child,5,20:50:0D:E7:1C:39,-68,0,542,542,1,1,1442,1442,0
553659633,NODE_704BCA25B768,child,5,20:50:0D:E7:1C:39,-68,0,542,542,1,1,1443,1443,0
553759636,NODE_704BCA25B768,child,5,20:50:0D:E7:1C:39,-68,0,542,542,1,1,1443,1443,0
553859624,NODE_704BCA25B768,child,5,20:50:0D:E7:1C:39,-68,0,542,542,1,1,1443,1443,0
553959629,NODE_704BCA25B768,child,5,20:50:0D:E7:1C:39,-68,0,542,542,1,1,1443,1443,0
554059644,NODE_704BCA25B768,child,5,20:50:0D:E7:1C:39,-68,0,542,542,1,1,1443,1443,0
554159624,NODE_704BCA25B768,child,5,20:50:0D:E7:1C:39,-68,0,542,542,1,1,1443,1443,0
554259641,NODE_704BCA25B768,child,5,20:50:0D:E7:1C:39,-68,0,542,542,1,1,1443,1443,0
554359628,NODE_704BCA25B768,child,5,20:50:0D:E7:1C:39,-68,0,543,543,1,1,1444,1444,0
554459636,NODE_704BCA25B768,child,5,20:50:0D:E7:1C:39,-68,0,543,543,1,1,1445,1445,0
554559625,NODE_704BCA25B768,child,5,20:50:0D:E7:1C:39,-68,0,543,543,1,1,1445,1445,0
554659632,NODE_704BCA25B768,child,5,20:50:0D:E7:1C:39,-68,0,543,543,1,1,1446,1446,0
554759632,NODE_704BCA25B768,child,5,20:50:0D:E7:1C:39,-68,0,543,543,1,1,1446,1446,0
554859699,NODE_704BCA25B768,child,5,20:50:0D:E7:1C:39,-68,0,543,543,1,1,1446,1446,0
554959632,NODE_704BCA25B768,child,5,20:50:0D:E7:1C:39,-68,0,543,543,1,1,1446,1446,0
555059797,NODE_704BCA25B768,child,5,20:50:0D:E7:1C:39,-69,0,543,543,1,1,1446,1446,0
555159633,NODE_704BCA25B768,child,5,20:50:0D:E7:1C:39,-69,0,543,543,1,1,1446,1446,0
555259624,NODE_704BCA25B768,child,5,20:50:0D:E7:1C:39,-69,0,543,543,1,1,1446,1446,0
555359624,NODE_704BCA25B768,child,5,20:50:0D:E7:1C:39,-69,0,544,544,1,1,1447,1447,0
555459625,NODE_704BCA25B768,child,5,20:50:0D:E7:1C:39,-69,0,544,544,1,1,1448,1448,0
555559636,NODE_704BCA25B768,child,5,20:50:0D:E7:1C:39,-69,0,544,544,1,1,1448,1448,0
555659644,NODE_704BCA25B768,child,5,20:50:0D:E7:1C:39,-69,0,544,544,1,1,1449,1449,0
555759629,NODE_704BCA25B768,child,5,20:50:0D:E7:1C:39,-69,0,544,544,1,1,1449,1449,0
555859624,NODE_704BCA25B768,child,5,20:50:0D:E7:1C:39,-69,0,544,544,1,1,1449,1449,0
555959628,NODE_704BCA25B768,child,5,20:50:0D:E7:1C:39,-69,0,544,544,1,1,1449,1449,0
556059637,NODE_704BCA25B768,child,5,20:50:0D:E7:1C:39,-67,0,544,544,1,1,1449,1449,0
556159624,NODE_704BCA25B768,child,5,20:50:0D:E7:1C:39,-67,0,544,544,1,1,1449,1449,0
556259632,NODE_704BCA25B768,child,5,20:50:0D:E7:1C:39,-67,0,544,544,1,1,1449,1449,0
556359629,NODE_704BCA25B768,child,5,20:50:0D:E7:1C:39,-67,0,545,545,1,1,1450,1450,0
556459976,NODE_704BCA25B768,child,5,20:50:0D:E7:1C:39,-67,0,545,545,1,1,1450,1450,0
556559632,NODE_704BCA25B768,child,5,20:50:0D:E7:1C:39,-67,0,545,545,1,1,1451,1451,0
556659637,NODE_704BCA25B768,child,5,20:50:0D:E7:1C:39,-67,0,545,545,1,1,1452,1452,0
556759636,NODE_704BCA25B768,child,5,20:50:0D:E7:1C:39,-67,0,545,545,1,1,1452,1452,0
556859624,NODE_704BCA25B768,child,5,20:50:0D:E7:1C:39,-67,0,545,545,1,1,1452,1452,0
556959629,NODE_704BCA25B768,child,5,20:50:0D:E7:1C:39,-67,0,545,545,1,1,1452,1452,0
557059636,NODE_704BCA25B768,child,5,20:50:0D:E7:1C:39,-67,0,545,545,1,1,1452,1452,0
557159636,NODE_704BCA25B768,child,5,20:50:0D:E7:1C:39,-68,0,545,545,1,1,1452,1452,0
557259633,NODE_704BCA25B768,child,5,20:50:0D:E7:1C:39,-68,0,545,545,1,1,1452,1452,0
557359628,NODE_704BCA25B768,child,5,20:50:0D:E7:1C:39,-68,0,546,546,1,1,1453,1453,0
557459632,NODE_704BCA25B768,child,5,20:50:0D:E7:1C:39,-68,0,546,546,1,1,1454,1453,0
557559633,NODE_704BCA25B768,child,5,20:50:0D:E7:1C:39,-68,0,546,546,1,1,1454,1454,0
557659628,NODE_704BCA25B768,child,5,20:50:0D:E7:1C:39,-68,0,546,546,1,1,1455,1455,0
557759633,NODE_704BCA25B768,child,5,20:50:0D:E7:1C:39,-68,0,546,546,1,1,1455,1455,0
557859625,NODE_704BCA25B768,child,5,20:50:0D:E7:1C:39,-68,0,546,546,1,1,1455,1455,0
557959624,NODE_704BCA25B768,child,5,20:50:0D:E7:1C:39,-68,0,546,546,1,1,1455,1455,0
558059636,NODE_704BCA25B768,child,5,20:50:0D:E7:1C:39,-68,0,546,546,1,1,1455,1455,0
558159637,NODE_704BCA25B768,child,5,20:50:0D:E7:1C:39,-69,0,546,546,1,1,1455,1455,0
558259624,NODE_704BCA25B768,child,5,20:50:0D:E7:1C:39,-69,0,546,546,1,1,1455,1455,0
558359628,NODE_704BCA25B768,child,5,20:50:0D:E7:1C:39,-69,0,547,547,1,1,1456,1456,0
558459629,NODE_704BCA25B768,child,5,20:50:0D:E7:1C:39,-69,0,547,547,1,1,1457,1457,0
558559636,NODE_704BCA25B768,child,5,20:50:0D:E7:1C:39,-69,0,547,547,1,1,1457,1457,0
558659628,NODE_704BCA25B768,child,5,20:50:0D:E7:1C:39,-69,0,547,547,1,1,1458,1458,0
558759637,NODE_704BCA25B768,child,5,20:50:0D:E7:1C:39,-69,0,547,547,1,1,1458,1458,0
558859624,NODE_704BCA25B768,child,5,20:50:0D:E7:1C:39,-69,0,547,547,1,1,1458,1458,0
558959632,NODE_704BCA25B768,child,5,20:50:0D:E7:1C:39,-69,0,547,547,1,1,1458,1458,0
559059633,NODE_704BCA25B768,child,5,20:50:0D:E7:1C:39,-69,0,547,547,1,1,1458,1458,0
559159640,NODE_704BCA25B768,child,5,20:50:0D:E7:1C:39,-67,0,547,547,1,1,1458,1458,0
559259636,NODE_704BCA25B768,child,5,20:50:0D:E7:1C:39,-67,0,547,547,1,1,1458,1458,0
559359629,NODE_704BCA25B768,child,5,20:50:0D:E7:1C:39,-67,0,548,548,1,1,1459,1459,0
559459628,NODE_704BCA25B768,child,5,20:50:0D:E7:1C:39,-67,0,548,548,1,1,1459,1459,0
559559628,NODE_704BCA25B768,child,5,20:50:0D:E7:1C:39,-67,0,548,548,1,1,1460,1460,0
559659633,NODE_704BCA25B768,child,5,20:50:0D:E7:1C:39,-67,0,548,548,1,1,1461,1461,0
559759640,NODE_704BCA25B768,child,5,20:50:0D:E7:1C:39,-67,0,548,548,1,1,1461,1461,0
559859624,NODE_704BCA25B768,child,5,20:50:0D:E7:1C:39,-67,0,548,548,1,1,1461,1461,0
559959637,NODE_704BCA25B768,child,5,20:50:0D:E7:1C:39,-67,0,548,548,1,1,1461,1461,0
560059636,NODE_704BCA25B768,child,5,20:50:0D:E7:1C:39,-67,0,548,548,1,1,1461,1461,0
560159640,NODE_704BCA25B768,child,5,20:50:0D:E7:1C:39,-68,0,548,548,1,1,1461,1461,0
560259633,NODE_704BCA25B768,child,5,20:50:0D:E7:1C:39,-68,0,548,548,1,1,1461,1461,0
560359628,NODE_704BCA25B768,child,5,20:50:0D:E7:1C:39,-68,0,549,549,1,1,1462,1462,0
560459628,NODE_704BCA25B768,child,5,20:50:0D:E7:1C:39,-68,0,549,549,1,1,1463,1463,0
560559637,NODE_704BCA25B768,child,5,20:50:0D:E7:1C:39,-68,0,549,549,1,1,1463,1463,0
560659632,NODE_704BCA25B768,child,5,20:50:0D:E7:1C:39,-68,0,549,549,1,1,1464,1464,0
560759636,NODE_704BCA25B768,child,5,20:50:0D:E7:1C:39,-68,0,549,549,1,1,1464,1464,0
560859625,NODE_704BCA25B768,child,5,20:50:0D:E7:1C:39,-68,0,549,549,1,1,1464,1464,0
560959628,NODE_704BCA25B768,child,5,20:50:0D:E7:1C:39,-68,0,549,549,1,1,1464,1464,0
561059636,NODE_704BCA25B768,child,5,20:50:0D:E7:1C:39,-68,0,549,549,1,1,1464,1464,0
561160402,NODE_704BCA25B768,child,5,20:50:0D:E7:1C:39,-69,0,549,549,1,1,1464,1464,0
561259644,NODE_704BCA25B768,child,5,20:50:0D:E7:1C:39,-69,0,549,549,1,1,1464,1464,0
561359628,NODE_704BCA25B768,child,5,20:50:0D:E7:1C:39,-69,0,550,550,1,1,1465,1465,0
561459629,NODE_704BCA25B768,child,5,20:50:0D:E7:1C:39,-69,0,550,550,1,1,1466,1466,0
561559636,NODE_704BCA25B768,child,5,20:50:0D:E7:1C:39,-69,0,550,550,1,1,1466,1466,0
561659628,NODE_704BCA25B768,child,5,20:50:0D:E7:1C:39,-69,0,550,550,1,1,1467,1467,0
561759637,NODE_704BCA25B768,child,5,20:50:0D:E7:1C:39,-69,0,550,550,1,1,1467,1467,0
561859632,NODE_704BCA25B768,child,5,20:50:0D:E7:1C:39,-69,0,550,550,1,1,1467,1467,0
561959628,NODE_704BCA25B768,child,5,20:50:0D:E7:1C:39,-69,0,550,550,1,1,1467,1467,0
562059629,NODE_704BCA25B768,child,5,20:50:0D:E7:1C:39,-69,0,550,550,1,1,1467,1467,0
562159628,NODE_704BCA25B768,child,5,20:50:0D:E7:1C:39,-69,0,550,550,1,1,1467,1467,0
562259636,NODE_704BCA25B768,child,5,20:50:0D:E7:1C:39,-74,0,550,550,1,1,1467,1467,0
562359633,NODE_704BCA25B768,child,5,20:50:0D:E7:1C:39,-74,0,551,551,1,1,1468,1468,0
562460072,NODE_704BCA25B768,child,5,20:50:0D:E7:1C:39,-74,0,551,551,1,1,1468,1468,0
562559628,NODE_704BCA25B768,child,5,20:50:0D:E7:1C:39,-74,0,551,551,1,1,1469,1469,0
562659637,NODE_704BCA25B768,child,5,20:50:0D:E7:1C:39,-74,0,551,551,1,1,1470,1470,0
562759629,NODE_704BCA25B768,child,5,20:50:0D:E7:1C:39,-74,0,551,551,1,1,1470,1470,0
562859628,NODE_704BCA25B768,child,5,20:50:0D:E7:1C:39,-74,0,551,551,1,1,1470,1470,0
562959637,NODE_704BCA25B768,child,5,20:50:0D:E7:1C:39,-74,0,551,551,1,1,1470,1470,0
563059632,NODE_704BCA25B768,child,5,20:50:0D:E7:1C:39,-74,0,551,551,1,1,1470,1470,0
563159628,NODE_704BCA25B768,child,5,20:50:0D:E7:1C:39,-74,0,551,551,1,1,1470,1470,0
563259645,NODE_704BCA25B768,child,5,20:50:0D:E7:1C:39,-68,0,551,551,1,1,1470,1470,0
563359624,NODE_704BCA25B768,child,5,20:50:0D:E7:1C:39,-68,0,552,552,1,1,1471,1471,0
563459628,NODE_704BCA25B768,child,5,20:50:0D:E7:1C:39,-68,0,552,552,1,1,1471,1471,0
563559633,NODE_704BCA25B768,child,5,20:50:0D:E7:1C:39,-68,0,552,552,1,1,1472,1472,0
563659628,NODE_704BCA25B768,child,5,20:50:0D:E7:1C:39,-68,0,552,552,1,1,1473,1473,0
563759632,NODE_704BCA25B768,child,5,20:50:0D:E7:1C:39,-68,0,552,552,1,1,1473,1473,0
563859629,NODE_704BCA25B768,child,5,20:50:0D:E7:1C:39,-68,0,552,552,1,1,1473,1473,0
563959636,NODE_704BCA25B768,child,5,20:50:0D:E7:1C:39,-68,0,552,552,1,1,1473,1473,0
564059636,NODE_704BCA25B768,child,5,20:50:0D:E7:1C:39,-68,0,552,552,1,1,1473,1473,0
564159625,NODE_704BCA25B768,child,5,20:50:0D:E7:1C:39,-68,0,552,552,1,1,1473,1473,0
564259640,NODE_704BCA25B768,child,5,20:50:0D:E7:1C:39,-68,0,552,552,1,1,1473,1473,0
564359628,NODE_704BCA25B768,child,5,20:50:0D:E7:1C:39,-68,0,553,553,1,1,1474,1474,0
564459633,NODE_704BCA25B768,child,5,20:50:0D:E7:1C:39,-68,0,553,553,1,1,1474,1474,0
564559624,NODE_704BCA25B768,child,5,20:50:0D:E7:1C:39,-68,0,553,553,1,1,1474,1474,0
564659628,NODE_704BCA25B768,child,5,20:50:0D:E7:1C:39,-68,0,553,553,1,1,1476,1476,0
564759637,NODE_704BCA25B768,child,5,20:50:0D:E7:1C:39,-68,0,553,553,1,1,1476,1476,0
564859628,NODE_704BCA25B768,child,5,20:50:0D:E7:1C:39,-68,0,553,553,1,1,1476,1476,0
564959628,NODE_704BCA25B768,child,5,20:50:0D:E7:1C:39,-68,0,553,553,1,1,1476,1476,0
565059629,NODE_704BCA25B768,child,5,20:50:0D:E7:1C:39,-68,0,553,553,1,1,1476,1476,0
565159624,NODE_704BCA25B768,child,5,20:50:0D:E7:1C:39,-68,0,553,553,1,1,1476,1476,0
565260037,NODE_704BCA25B768,child,5,20:50:0D:E7:1C:39,-69,0,553,553,1,1,1476,1476,0
565359629,NODE_704BCA25B768,child,5,20:50:0D:E7:1C:39,-69,0,554,554,1,1,1477,1477,0
565459624,NODE_704BCA25B768,child,5,20:50:0D:E7:1C:39,-69,0,554,554,1,1,1477,1477,0
565559624,NODE_704BCA25B768,child,5,20:50:0D:E7:1C:39,-69,0,554,554,1,1,1477,1477,0
565659633,NODE_704BCA25B768,child,5,20:50:0D:E7:1C:39,-69,0,554,554,1,1,1479,1479,0
565759636,NODE_704BCA25B768,child,5,20:50:0D:E7:1C:39,-69,0,554,554,1,1,1479,1479,0
565859628,NODE_704BCA25B768,child,5,20:50:0D:E7:1C:39,-69,0,554,554,1,1,1479,1479,0
565959641,NODE_704BCA25B768,child,5,20:50:0D:E7:1C:39,-69,0,554,554,1,1,1479,1479,0
566059632,NODE_704BCA25B768,child,5,20:50:0D:E7:1C:39,-69,0,554,554,1,1,1479,1479,0
566159624,NODE_704BCA25B768,child,5,20:50:0D:E7:1C:39,-69,0,554,554,1,1,1479,1479,0
566259637,NODE_704BCA25B768,child,5,20:50:0D:E7:1C:39,-69,0,554,554,1,1,1479,1479,0
566359632,NODE_704BCA25B768,child,5,20:50:0D:E7:1C:39,-68,0,555,555,1,1,1480,1480,0
566459628,NODE_704BCA25B768,child,5,20:50:0D:E7:1C:39,-68,0,555,555,1,1,1480,1480,0
566559633,NODE_704BCA25B768,child,5,20:50:0D:E7:1C:39,-68,0,555,555,1,1,1480,1480,0
566659628,NODE_704BCA25B768,child,5,20:50:0D:E7:1C:39,-68,0,555,555,1,1,1482,1482,0
566759628,NODE_704BCA25B768,child,5,20:50:0D:E7:1C:39,-68,0,555,555,1,1,1482,1482,0
566859625,NODE_704BCA25B768,child,5,20:50:0D:E7:1C:39,-68,0,555,555,1,1,1482,1482,0
566959632,NODE_704BCA25B768,child,5,20:50:0D:E7:1C:39,-68,0,555,555,1,1,1482,1482,0
567059628,NODE_704BCA25B768,child,5,20:50:0D:E7:1C:39,-68,0,555,555,1,1,1482,1482,0
567159625,NODE_704BCA25B768,child,5,20:50:0D:E7:1C:39,-68,0,555,555,1,1,1482,1482,0
567259632,NODE_704BCA25B768,child,5,20:50:0D:E7:1C:39,-68,0,555,555,1,1,1482,1482,0
567359632,NODE_704BCA25B768,child,5,20:50:0D:E7:1C:39,-68,0,556,556,1,1,1483,1483,0
567459633,NODE_704BCA25B768,child,5,20:50:0D:E7:1C:39,-68,0,556,556,1,1,1483,1483,0
567559636,NODE_704BCA25B768,child,5,20:50:0D:E7:1C:39,-68,0,556,556,1,1,1483,1483,0
567659636,NODE_704BCA25B768,child,5,20:50:0D:E7:1C:39,-68,0,556,556,1,1,1485,1485,0
567759634,NODE_704BCA25B768,child,5,20:50:0D:E7:1C:39,-68,0,556,556,1,1,1485,1485,0
567859661,NODE_704BCA25B768,child,5,20:50:0D:E7:1C:39,-68,0,556,556,1,1,1485,1485,0
567959632,NODE_704BCA25B768,child,5,20:50:0D:E7:1C:39,-68,0,556,556,1,1,1485,1485,0
568059633,NODE_704BCA25B768,child,5,20:50:0D:E7:1C:39,-68,0,556,556,1,1,1485,1485,0
568159624,NODE_704BCA25B768,child,5,20:50:0D:E7:1C:39,-68,0,556,556,1,1,1485,1485,0
568259636,NODE_704BCA25B768,child,5,20:50:0D:E7:1C:39,-68,0,556,556,1,1,1485,1485,0
568359637,NODE_704BCA25B768,child,5,20:50:0D:E7:1C:39,-68,0,557,557,1,1,1486,1486,0
568459628,NODE_704BCA25B768,child,5,20:50:0D:E7:1C:39,-68,0,557,557,1,1,1486,1486,0
568559624,NODE_704BCA25B768,child,5,20:50:0D:E7:1C:39,-68,0,557,557,1,1,1486,1486,0
568659633,NODE_704BCA25B768,child,5,20:50:0D:E7:1C:39,-68,0,557,557,1,1,1488,1488,0
568759636,NODE_704BCA25B768,child,5,20:50:0D:E7:1C:39,-68,0,557,557,1,1,1488,1488,0
568859624,NODE_704BCA25B768,child,5,20:50:0D:E7:1C:39,-68,0,557,557,1,1,1488,1488,0
568959633,NODE_704BCA25B768,child,5,20:50:0D:E7:1C:39,-68,0,557,557,1,1,1488,1488,0
569059640,NODE_704BCA25B768,child,5,20:50:0D:E7:1C:39,-68,0,557,557,1,1,1488,1488,0
569159643,NODE_704BCA25B768,child,5,20:50:0D:E7:1C:39,-68,0,557,557,1,1,1488,1488,0
569259633,NODE_704BCA25B768,child,5,20:50:0D:E7:1C:39,-68,0,557,557,1,1,1488,1488,0
569359644,NODE_704BCA25B768,child,5,20:50:0D:E7:1C:39,-68,0,558,558,1,1,1489,1489,0
569459624,NODE_704BCA25B768,child,5,20:50:0D:E7:1C:39,-68,0,558,558,1,1,1489,1489,0
569559633,NODE_704BCA25B768,child,5,20:50:0D:E7:1C:39,-68,0,558,558,1,1,1489,1489,0
569659628,NODE_704BCA25B768,child,5,20:50:0D:E7:1C:39,-68,0,558,558,1,1,1491,1491,0
569759628,NODE_704BCA25B768,child,5,20:50:0D:E7:1C:39,-68,0,558,558,1,1,1491,1491,0
569859625,NODE_704BCA25B768,child,5,20:50:0D:E7:1C:39,-68,0,558,558,1,1,1491,1491,0
569959624,NODE_704BCA25B768,child,5,20:50:0D:E7:1C:39,-68,0,558,558,1,1,1491,1491,0
570059640,NODE_704BCA25B768,child,5,20:50:0D:E7:1C:39,-68,0,558,558,1,1,1491,1491,0
570159625,NODE_704BCA25B768,child,5,20:50:0D:E7:1C:39,-68,0,558,558,1,1,1491,1491,0
570259632,NODE_704BCA25B768,child,5,20:50:0D:E7:1C:39,-68,0,558,558,1,1,1491,1491,0
570359632,NODE_704BCA25B768,child,5,20:50:0D:E7:1C:39,-68,0,559,559,1,1,1492,1492,0
570459641,NODE_704BCA25B768,child,5,20:50:0D:E7:1C:39,-68,0,559,559,1,1,1492,1492,0
570559624,NODE_704BCA25B768,child,5,20:50:0D:E7:1C:39,-68,0,559,559,1,1,1492,1492,0
570659636,NODE_704BCA25B768,child,5,20:50:0D:E7:1C:39,-68,0,559,559,1,1,1494,1494,0
570759633,NODE_704BCA25B768,child,5,20:50:0D:E7:1C:39,-68,0,559,559,1,1,1494,1494,0
570859632,NODE_704BCA25B768,child,5,20:50:0D:E7:1C:39,-68,0,559,559,1,1,1494,1494,0
570959628,NODE_704BCA25B768,child,5,20:50:0D:E7:1C:39,-68,0,559,559,1,1,1494,1494,0
571059641,NODE_704BCA25B768,child,5,20:50:0D:E7:1C:39,-68,0,559,559,1,1,1494,1494,0
571159624,NODE_704BCA25B768,child,5,20:50:0D:E7:1C:39,-68,0,559,559,1,1,1494,1494,0
571259624,NODE_704BCA25B768,child,5,20:50:0D:E7:1C:39,-68,0,559,559,1,1,1494,1494,0
571359633,NODE_704BCA25B768,child,5,20:50:0D:E7:1C:39,-68,0,560,560,1,1,1495,1495,0
571459636,NODE_704BCA25B768,child,5,20:50:0D:E7:1C:39,-68,0,560,560,1,1,1495,1495,0
571559624,NODE_704BCA25B768,child,5,20:50:0D:E7:1C:39,-68,0,560,560,1,1,1495,1495,0
571659637,NODE_704BCA25B768,child,5,20:50:0D:E7:1C:39,-68,0,560,560,1,1,1497,1497,0
571759636,NODE_704BCA25B768,child,5,20:50:0D:E7:1C:39,-68,0,560,560,1,1,1497,1497,0
571859624,NODE_704BCA25B768,child,5,20:50:0D:E7:1C:39,-68,0,560,560,1,1,1497,1497,0
571959629,NODE_704BCA25B768,child,5,20:50:0D:E7:1C:39,-68,0,560,560,1,1,1497,1497,0
572059644,NODE_704BCA25B768,child,5,20:50:0D:E7:1C:39,-68,0,560,560,1,1,1497,1497,0
572159624,NODE_704BCA25B768,child,5,20:50:0D:E7:1C:39,-68,0,560,560,1,1,1497,1497,0
572259633,NODE_704BCA25B768,child,5,20:50:0D:E7:1C:39,-68,0,560,560,1,1,1497,1497,0
572359632,NODE_704BCA25B768,child,5,20:50:0D:E7:1C:39,-68,0,561,561,1,1,1498,1498,0
572459644,NODE_704BCA25B768,child,5,20:50:0D:E7:1C:39,-69,0,561,561,1,1,1498,1498,0
572559633,NODE_704BCA25B768,child,5,20:50:0D:E7:1C:39,-69,0,561,561,1,1,1498,1498,0
572659628,NODE_704BCA25B768,child,5,20:50:0D:E7:1C:39,-69,0,561,561,1,1,1500,1500,0
572759640,NODE_704BCA25B768,child,5,20:50:0D:E7:1C:39,-69,0,561,561,1,1,1500,1500,0
572859625,NODE_704BCA25B768,child,5,20:50:0D:E7:1C:39,-69,0,561,561,1,1,1500,1500,0
572959624,NODE_704BCA25B768,child,5,20:50:0D:E7:1C:39,-69,0,561,561,1,1,1500,1500,0
573059636,NODE_704BCA25B768,child,5,20:50:0D:E7:1C:39,-69,0,561,561,1,1,1500,1500,0
573159625,NODE_704BCA25B768,child,5,20:50:0D:E7:1C:39,-69,0,561,561,1,1,1500,1500,0
573259632,NODE_704BCA25B768,child,5,20:50:0D:E7:1C:39,-69,0,561,561,1,1,1500,1500,0
573359628,NODE_704BCA25B768,child,5,20:50:0D:E7:1C:39,-69,0,562,562,1,1,1501,1501,0
573460123,NODE_704BCA25B768,child,5,20:50:0D:E7:1C:39,-68,0,562,562,1,1,1501,1501,0
573559624,NODE_704BCA25B768,child,5,20:50:0D:E7:1C:39,-68,0,562,562,1,1,1501,1501,0
573659628,NODE_704BCA25B768,child,5,20:50:0D:E7:1C:39,-68,0,562,562,1,1,1503,1503,0
573759629,NODE_704BCA25B768,child,5,20:50:0D:E7:1C:39,-68,0,562,562,1,1,1503,1503,0
573859624,NODE_704BCA25B768,child,5,20:50:0D:E7:1C:39,-68,0,562,562,1,1,1503,1503,0
573959636,NODE_704BCA25B768,child,5,20:50:0D:E7:1C:39,-68,0,562,562,1,1,1503,1503,0
574059633,NODE_704BCA25B768,child,5,20:50:0D:E7:1C:39,-68,0,562,562,1,1,1503,1503,0
574159628,NODE_704BCA25B768,child,5,20:50:0D:E7:1C:39,-68,0,562,562,1,1,1503,1503,0
574259628,NODE_704BCA25B768,child,5,20:50:0D:E7:1C:39,-68,0,562,562,1,1,1503,1503,0
574359625,NODE_704BCA25B768,child,5,20:50:0D:E7:1C:39,-68,0,563,563,1,1,1504,1504,0
574459640,NODE_704BCA25B768,child,5,20:50:0D:E7:1C:39,-68,0,563,563,1,1,1504,1504,0
574559640,NODE_704BCA25B768,child,5,20:50:0D:E7:1C:39,-68,0,563,563,1,1,1504,1504,0
574659633,NODE_704BCA25B768,child,5,20:50:0D:E7:1C:39,-68,0,563,563,1,1,1506,1506,0
574759636,NODE_704BCA25B768,child,5,20:50:0D:E7:1C:39,-68,0,563,563,1,1,1506,1506,0
574859624,NODE_704BCA25B768,child,5,20:50:0D:E7:1C:39,-68,0,563,563,1,1,1506,1506,0
574959629,NODE_704BCA25B768,child,5,20:50:0D:E7:1C:39,-68,0,563,563,1,1,1506,1506,0
575059636,NODE_704BCA25B768,child,5,20:50:0D:E7:1C:39,-68,0,563,563,1,1,1506,1506,0
575159628,NODE_704BCA25B768,child,5,20:50:0D:E7:1C:39,-68,0,563,563,1,1,1506,1506,0
575259641,NODE_704BCA25B768,child,5,20:50:0D:E7:1C:39,-68,0,563,563,1,1,1506,1506,0
575359624,NODE_704BCA25B768,child,5,20:50:0D:E7:1C:39,-68,0,564,564,1,1,1507,1507,0
575459628,NODE_704BCA25B768,child,5,20:50:0D:E7:1C:39,-68,0,564,564,1,1,1507,1507,0
575559641,NODE_704BCA25B768,child,5,20:50:0D:E7:1C:39,-68,0,564,564,1,1,1507,1507,0
575659628,NODE_704BCA25B768,child,5,20:50:0D:E7:1C:39,-68,0,564,564,1,1,1509,1509,0
575759640,NODE_704BCA25B768,child,5,20:50:0D:E7:1C:39,-68,0,564,564,1,1,1509,1509,0
575859629,NODE_704BCA25B768,child,5,20:50:0D:E7:1C:39,-68,0,564,564,1,1,1509,1509,0
575959628,NODE_704BCA25B768,child,5,20:50:0D:E7:1C:39,-68,0,564,564,1,1,1509,1509,0
576059624,NODE_704BCA25B768,child,5,20:50:0D:E7:1C:39,-68,0,564,564,1,1,1509,1509,0
576159785,NODE_704BCA25B768,child,5,20:50:0D:E7:1C:39,-68,0,564,564,1,1,1509,1509,0
576259628,NODE_704BCA25B768,child,5,20:50:0D:E7:1C:39,-68,0,564,564,1,1,1509,1509,0
576359717,NODE_704BCA25B768,child,5,20:50:0D:E7:1C:39,-68,0,565,565,1,1,1510,1510,0
576459629,NODE_704BCA25B768,child,5,20:50:0D:E7:1C:39,-68,0,565,565,1,1,1510,1510,0
576559636,NODE_704BCA25B768,child,5,20:50:0D:E7:1C:39,-68,0,565,565,1,1,1510,1510,0
576659632,NODE_704BCA25B768,child,5,20:50:0D:E7:1C:39,-68,0,565,565,1,1,1512,1512,0
576759629,NODE_704BCA25B768,child,5,20:50:0D:E7:1C:39,-68,0,565,565,1,1,1512,1512,0
576859628,NODE_704BCA25B768,child,5,20:50:0D:E7:1C:39,-68,0,565,565,1,1,1512,1512,0
576959632,NODE_704BCA25B768,child,5,20:50:0D:E7:1C:39,-68,0,565,565,1,1,1512,1512,0
577059625,NODE_704BCA25B768,child,5,20:50:0D:E7:1C:39,-68,0,565,565,1,1,1512,1512,0
577159632,NODE_704BCA25B768,child,5,20:50:0D:E7:1C:39,-68,0,565,565,1,1,1512,1512,0
577259624,NODE_704BCA25B768,child,5,20:50:0D:E7:1C:39,-68,0,565,565,1,1,1512,1512,0
577359625,NODE_704BCA25B768,child,5,20:50:0D:E7:1C:39,-68,0,566,566,1,1,1513,1513,0
577459636,NODE_704BCA25B768,child,5,20:50:0D:E7:1C:39,-68,0,566,566,1,1,1513,1513,0
577559644,NODE_704BCA25B768,child,5,20:50:0D:E7:1C:39,-69,0,566,566,1,1,1513,1513,0
577659633,NODE_704BCA25B768,child,5,20:50:0D:E7:1C:39,-69,0,566,566,1,1,1515,1515,0
577759633,NODE_704BCA25B768,child,5,20:50:0D:E7:1C:39,-69,0,566,566,1,1,1515,1515,0
577859624,NODE_704BCA25B768,child,5,20:50:0D:E7:1C:39,-69,0,566,566,1,1,1515,1515,0
577959629,NODE_704BCA25B768,child,5,20:50:0D:E7:1C:39,-69,0,566,566,1,1,1515,1515,0
578059632,NODE_704BCA25B768,child,5,20:50:0D:E7:1C:39,-69,0,566,566,1,1,1515,1515,0
578159628,NODE_704BCA25B768,child,5,20:50:0D:E7:1C:39,-69,0,566,566,1,1,1515,1515,0
578259637,NODE_704BCA25B768,child,5,20:50:0D:E7:1C:39,-69,0,566,566,1,1,1515,1515,0
578359628,NODE_704BCA25B768,child,5,20:50:0D:E7:1C:39,-69,0,567,567,1,1,1516,1516,0
578459628,NODE_704BCA25B768,child,5,20:50:0D:E7:1C:39,-69,0,567,567,1,1,1516,1516,0
578559633,NODE_704BCA25B768,child,5,20:50:0D:E7:1C:39,-69,0,567,567,1,1,1516,1516,0
578659632,NODE_704BCA25B768,child,5,20:50:0D:E7:1C:39,-68,0,567,567,1,1,1518,1518,0
578759636,NODE_704BCA25B768,child,5,20:50:0D:E7:1C:39,-68,0,567,567,1,1,1518,1518,0
578859625,NODE_704BCA25B768,child,5,20:50:0D:E7:1C:39,-68,0,567,567,1,1,1518,1518,0
578959628,NODE_704BCA25B768,child,5,20:50:0D:E7:1C:39,-68,0,567,567,1,1,1518,1518,0
579059624,NODE_704BCA25B768,child,5,20:50:0D:E7:1C:39,-68,0,567,567,1,1,1518,1518,0
579159625,NODE_704BCA25B768,child,5,20:50:0D:E7:1C:39,-68,0,567,567,1,1,1518,1518,0
579259632,NODE_704BCA25B768,child,5,20:50:0D:E7:1C:39,-68,0,567,567,1,1,1518,1518,0
579359628,NODE_704BCA25B768,child,5,20:50:0D:E7:1C:39,-68,0,568,568,1,1,1519,1519,0
579459629,NODE_704BCA25B768,child,5,20:50:0D:E7:1C:39,-68,0,568,568,1,1,1519,1519,0
579559624,NODE_704BCA25B768,child,5,20:50:0D:E7:1C:39,-68,0,568,568,1,1,1519,1519,0
579659632,NODE_704BCA25B768,child,5,20:50:0D:E7:1C:39,-68,0,568,568,1,1,1521,1521,0
579759629,NODE_704BCA25B768,child,5,20:50:0D:E7:1C:39,-68,0,568,568,1,1,1521,1521,0
579859624,NODE_704BCA25B768,child,5,20:50:0D:E7:1C:39,-68,0,568,568,1,1,1521,1521,0
579959636,NODE_704BCA25B768,child,5,20:50:0D:E7:1C:39,-68,0,568,568,1,1,1521,1521,0
580059625,NODE_704BCA25B768,child,5,20:50:0D:E7:1C:39,-68,0,568,568,1,1,1521,1521,0
580159624,NODE_704BCA25B768,child,5,20:50:0D:E7:1C:39,-68,0,568,568,1,1,1521,1521,0
580259632,NODE_704BCA25B768,child,5,20:50:0D:E7:1C:39,-68,0,568,568,1,1,1521,1521,0
580359633,NODE_704BCA25B768,child,5,20:50:0D:E7:1C:39,-68,0,569,569,1,1,1522,1522,0
580459624,NODE_704BCA25B768,child,5,20:50:0D:E7:1C:39,-68,0,569,569,1,1,1522,1522,0
580559632,NODE_704BCA25B768,child,5,20:50:0D:E7:1C:39,-68,0,569,569,1,1,1522,1522,0
580659633,NODE_704BCA25B768,child,5,20:50:0D:E7:1C:39,-68,0,569,569,1,1,1524,1524,0
580759632,NODE_704BCA25B768,child,5,20:50:0D:E7:1C:39,-68,0,569,569,1,1,1524,1524,0
580859628,NODE_704BCA25B768,child,5,20:50:0D:E7:1C:39,-68,0,569,569,1,1,1524,1524,0
580959629,NODE_704BCA25B768,child,5,20:50:0D:E7:1C:39,-68,0,569,569,1,1,1524,1524,0
581059632,NODE_704BCA25B768,child,5,20:50:0D:E7:1C:39,-68,0,569,569,1,1,1524,1524,0
581159628,NODE_704BCA25B768,child,5,20:50:0D:E7:1C:39,-68,0,569,569,1,1,1524,1524,0
581259641,NODE_704BCA25B768,child,5,20:50:0D:E7:1C:39,-68,0,569,569,1,1,1524,1524,0
581359628,NODE_704BCA25B768,child,5,20:50:0D:E7:1C:39,-68,0,570,570,1,1,1525,1525,0
581459628,NODE_704BCA25B768,child,5,20:50:0D:E7:1C:39,-68,0,570,570,1,1,1525,1525,0
581559629,NODE_704BCA25B768,child,5,20:50:0D:E7:1C:39,-68,0,570,570,1,1,1525,1525,0
581659636,NODE_704BCA25B768,child,5,20:50:0D:E7:1C:39,-67,0,570,570,1,1,1526,1526,0
581759628,NODE_704BCA25B768,child,5,20:50:0D:E7:1C:39,-67,0,570,570,1,1,1527,1527,0
581859629,NODE_704BCA25B768,child,5,20:50:0D:E7:1C:39,-67,0,570,570,1,1,1527,1527,0
581959624,NODE_704BCA25B768,child,5,20:50:0D:E7:1C:39,-67,0,570,570,1,1,1527,1527,0
582059628,NODE_704BCA25B768,child,5,20:50:0D:E7:1C:39,-67,0,570,570,1,1,1527,1527,0
582159625,NODE_704BCA25B768,child,5,20:50:0D:E7:1C:39,-67,0,570,570,1,1,1527,1527,0
582259640,NODE_704BCA25B768,child,5,20:50:0D:E7:1C:39,-67,0,570,570,1,1,1527,1527,0
582359628,NODE_704BCA25B768,child,5,20:50:0D:E7:1C:39,-67,0,571,571,1,1,1528,1528,0
582459629,NODE_704BCA25B768,child,5,20:50:0D:E7:1C:39,-67,0,571,571,1,1,1528,1528,0
582559628,NODE_704BCA25B768,child,5,20:50:0D:E7:1C:39,-67,0,571,571,1,1,1528,1528,0
582659632,NODE_704BCA25B768,child,5,20:50:0D:E7:1C:39,-67,0,571,571,1,1,1529,1529,0
582759646,NODE_704BCA25B768,child,5,20:50:0D:E7:1C:39,-68,0,571,571,1,1,1530,1530,0
582859628,NODE_704BCA25B768,child,5,20:50:0D:E7:1C:39,-68,0,571,571,1,1,1530,1530,0
582959628,NODE_704BCA25B768,child,5,20:50:0D:E7:1C:39,-68,0,571,571,1,1,1530,1530,0
583059641,NODE_704BCA25B768,child,5,20:50:0D:E7:1C:39,-68,0,571,571,1,1,1530,1530,0
583159624,NODE_704BCA25B768,child,5,20:50:0D:E7:1C:39,-68,0,571,571,1,1,1530,1530,0
583259624,NODE_704BCA25B768,child,5,20:50:0D:E7:1C:39,-68,0,571,571,1,1,1530,1530,0
583359633,NODE_704BCA25B768,child,5,20:50:0D:E7:1C:39,-68,0,572,572,1,1,1531,1531,0
583459628,NODE_704BCA25B768,child,5,20:50:0D:E7:1C:39,-68,0,572,572,1,1,1531,1531,0
583559632,NODE_704BCA25B768,child,5,20:50:0D:E7:1C:39,-68,0,572,572,1,1,1531,1531,0
583659633,NODE_704BCA25B768,child,5,20:50:0D:E7:1C:39,-68,0,572,572,1,1,1532,1532,0
583759644,NODE_704BCA25B768,child,5,20:50:0D:E7:1C:39,-68,0,572,572,1,1,1533,1533,0
583859624,NODE_704BCA25B768,child,5,20:50:0D:E7:1C:39,-68,0,572,572,1,1,1533,1533,0
583959629,NODE_704BCA25B768,child,5,20:50:0D:E7:1C:39,-68,0,572,572,1,1,1533,1533,0
584059636,NODE_704BCA25B768,child,5,20:50:0D:E7:1C:39,-68,0,572,572,1,1,1533,1533,0
584159624,NODE_704BCA25B768,child,5,20:50:0D:E7:1C:39,-68,0,572,572,1,1,1533,1533,0
584259637,NODE_704BCA25B768,child,5,20:50:0D:E7:1C:39,-68,0,572,572,1,1,1533,1533,0
584359632,NODE_704BCA25B768,child,5,20:50:0D:E7:1C:39,-68,0,573,573,1,1,1534,1534,0
584459632,NODE_704BCA25B768,child,5,20:50:0D:E7:1C:39,-68,0,573,573,1,1,1534,1534,0
584559637,NODE_704BCA25B768,child,5,20:50:0D:E7:1C:39,-68,0,573,573,1,1,1534,1534,0
584659640,NODE_704BCA25B768,child,5,20:50:0D:E7:1C:39,-68,0,573,573,1,1,1535,1535,0
584759636,NODE_704BCA25B768,child,5,20:50:0D:E7:1C:39,-68,0,573,573,1,1,1536,1536,0
584859629,NODE_704BCA25B768,child,5,20:50:0D:E7:1C:39,-68,0,573,573,1,1,1536,1536,0
584959636,NODE_704BCA25B768,child,5,20:50:0D:E7:1C:39,-68,0,573,573,1,1,1536,1536,0
585059624,NODE_704BCA25B768,child,5,20:50:0D:E7:1C:39,-68,0,573,573,1,1,1536,1536,0
585159625,NODE_704BCA25B768,child,5,20:50:0D:E7:1C:39,-68,0,573,573,1,1,1536,1536,0
585259624,NODE_704BCA25B768,child,5,20:50:0D:E7:1C:39,-68,0,573,573,1,1,1536,1536,0
585359632,NODE_704BCA25B768,child,5,20:50:0D:E7:1C:39,-68,0,574,574,1,1,1537,1537,0
585459629,NODE_704BCA25B768,child,5,20:50:0D:E7:1C:39,-68,0,574,574,1,1,1537,1537,0
585559632,NODE_704BCA25B768,child,5,20:50:0D:E7:1C:39,-68,0,574,574,1,1,1537,1537,0
585659632,NODE_704BCA25B768,child,5,20:50:0D:E7:1C:39,-68,0,574,574,1,1,1538,1538,0
585759645,NODE_704BCA25B768,child,5,20:50:0D:E7:1C:39,-68,0,574,574,1,1,1539,1539,0
585859624,NODE_704BCA25B768,child,5,20:50:0D:E7:1C:39,-68,0,574,574,1,1,1539,1539,0
585959628,NODE_704BCA25B768,child,5,20:50:0D:E7:1C:39,-68,0,574,574,1,1,1539,1539,0
586059633,NODE_704BCA25B768,child,5,20:50:0D:E7:1C:39,-68,0,574,574,1,1,1539,1539,0
586159632,NODE_704BCA25B768,child,5,20:50:0D:E7:1C:39,-68,0,574,574,1,1,1539,1539,0
586259624,NODE_704BCA25B768,child,5,20:50:0D:E7:1C:39,-68,0,574,574,1,1,1539,1539,0
586359633,NODE_704BCA25B768,child,5,20:50:0D:E7:1C:39,-68,0,575,575,1,1,1540,1540,0
586459628,NODE_704BCA25B768,child,5,20:50:0D:E7:1C:39,-68,0,575,575,1,1,1540,1540,0
586559628,NODE_704BCA25B768,child,5,20:50:0D:E7:1C:39,-68,0,575,575,1,1,1540,1540,0
586659629,NODE_704BCA25B768,child,5,20:50:0D:E7:1C:39,-68,0,575,575,1,1,1541,1541,0
586760402,NODE_704BCA25B768,child,5,20:50:0D:E7:1C:39,-68,0,575,575,1,1,1542,1542,0
586859644,NODE_704BCA25B768,child,5,20:50:0D:E7:1C:39,-68,0,575,575,1,1,1542,1542,0
586959629,NODE_704BCA25B768,child,5,20:50:0D:E7:1C:39,-68,0,575,575,1,1,1542,1542,0
587059632,NODE_704BCA25B768,child,5,20:50:0D:E7:1C:39,-68,0,575,575,1,1,1542,1542,0
587159624,NODE_704BCA25B768,child,5,20:50:0D:E7:1C:39,-68,0,575,575,1,1,1542,1542,0
587259637,NODE_704BCA25B768,child,5,20:50:0D:E7:1C:39,-68,0,575,575,1,1,1542,1542,0
587359624,NODE_704BCA25B768,child,5,20:50:0D:E7:1C:39,-68,0,576,576,1,1,1543,1543,0
587459632,NODE_704BCA25B768,child,5,20:50:0D:E7:1C:39,-68,0,576,576,1,1,1543,1543,0
587559625,NODE_704BCA25B768,child,5,20:50:0D:E7:1C:39,-68,0,576,576,1,1,1543,1543,0
587659632,NODE_704BCA25B768,child,5,20:50:0D:E7:1C:39,-68,0,576,576,1,1,1544,1544,0
587759633,NODE_704BCA25B768,child,5,20:50:0D:E7:1C:39,-68,0,576,576,1,1,1545,1545,0
587859645,NODE_704BCA25B768,child,5,20:50:0D:E7:1C:39,-68,0,576,576,1,1,1545,1545,0
587959632,NODE_704BCA25B768,child,5,20:50:0D:E7:1C:39,-68,0,576,576,1,1,1545,1545,0
588059624,NODE_704BCA25B768,child,5,20:50:0D:E7:1C:39,-68,0,576,576,1,1,1545,1545,0
588159625,NODE_704BCA25B768,child,5,20:50:0D:E7:1C:39,-68,0,576,576,1,1,1545,1545,0
588259624,NODE_704BCA25B768,child,5,20:50:0D:E7:1C:39,-68,0,576,576,1,1,1545,1545,0
588359628,NODE_704BCA25B768,child,5,20:50:0D:E7:1C:39,-68,0,577,577,1,1,1546,1546,0
588459637,NODE_704BCA25B768,child,5,20:50:0D:E7:1C:39,-68,0,577,577,1,1,1546,1546,0
588559632,NODE_704BCA25B768,child,5,20:50:0D:E7:1C:39,-68,0,577,577,1,1,1546,1546,0
588659636,NODE_704BCA25B768,child,5,20:50:0D:E7:1C:39,-68,0,577,577,1,1,1547,1547,0
588759629,NODE_704BCA25B768,child,5,20:50:0D:E7:1C:39,-68,0,577,577,1,1,1548,1548,0
588859640,NODE_704BCA25B768,child,5,20:50:0D:E7:1C:39,-68,0,577,577,1,1,1548,1548,0
588959624,NODE_704BCA25B768,child,5,20:50:0D:E7:1C:39,-68,0,577,577,1,1,1548,1548,0
589059641,NODE_704BCA25B768,child,5,20:50:0D:E7:1C:39,-68,0,577,577,1,1,1548,1548,0
589159724,NODE_704BCA25B768,child,5,20:50:0D:E7:1C:39,-68,0,577,577,1,1,1548,1548,0
589259640,NODE_704BCA25B768,child,5,20:50:0D:E7:1C:39,-68,0,577,577,1,1,1548,1548,0
589359629,NODE_704BCA25B768,child,5,20:50:0D:E7:1C:39,-68,0,578,578,1,1,1549,1549,0
589459632,NODE_704BCA25B768,child,5,20:50:0D:E7:1C:39,-68,0,578,578,1,1,1549,1549,0
589559628,NODE_704BCA25B768,child,5,20:50:0D:E7:1C:39,-68,0,578,578,1,1,1549,1549,0
589659637,NODE_704BCA25B768,child,5,20:50:0D:E7:1C:39,-68,0,578,578,1,1,1550,1550,0
589759640,NODE_704BCA25B768,child,5,20:50:0D:E7:1C:39,-68,0,578,578,1,1,1551,1551,0
589859636,NODE_704BCA25B768,child,5,20:50:0D:E7:1C:39,-68,0,578,578,1,1,1551,1551,0
589959629,NODE_704BCA25B768,child,5,20:50:0D:E7:1C:39,-68,0,578,578,1,1,1551,1551,0
590059632,NODE_704BCA25B768,child,5,20:50:0D:E7:1C:39,-68,0,578,578,1,1,1551,1551,0
590159624,NODE_704BCA25B768,child,5,20:50:0D:E7:1C:39,-68,0,578,578,1,1,1551,1551,0
590259633,NODE_704BCA25B768,child,5,20:50:0D:E7:1C:39,-68,0,578,578,1,1,1551,1551,0
590359632,NODE_704BCA25B768,child,5,20:50:0D:E7:1C:39,-68,0,579,579,1,1,1552,1552,0
590459778,NODE_704BCA25B768,child,5,20:50:0D:E7:1C:39,-68,0,579,579,1,1,1552,1552,0
590559633,NODE_704BCA25B768,child,5,20:50:0D:E7:1C:39,-68,0,579,579,1,1,1552,1552,0
590659628,NODE_704BCA25B768,child,5,20:50:0D:E7:1C:39,-68,0,579,579,1,1,1553,1553,0
590759632,NODE_704BCA25B768,child,5,20:50:0D:E7:1C:39,-68,0,579,579,1,1,1554,1554,0
590860271,NODE_704BCA25B768,child,5,20:50:0D:E7:1C:39,-68,0,579,579,1,1,1554,1554,0
590959636,NODE_704BCA25B768,child,5,20:50:0D:E7:1C:39,-68,0,579,579,1,1,1554,1554,0
591059624,NODE_704BCA25B768,child,5,20:50:0D:E7:1C:39,-68,0,579,579,1,1,1554,1554,0
591159625,NODE_704BCA25B768,child,5,20:50:0D:E7:1C:39,-68,0,579,579,1,1,1554,1554,0
591259628,NODE_704BCA25B768,child,5,20:50:0D:E7:1C:39,-68,0,579,579,1,1,1554,1554,0
591359628,NODE_704BCA25B768,child,5,20:50:0D:E7:1C:39,-68,0,580,580,1,1,1555,1555,0
591459629,NODE_704BCA25B768,child,5,20:50:0D:E7:1C:39,-68,0,580,580,1,1,1555,1555,0
591559632,NODE_704BCA25B768,child,5,20:50:0D:E7:1C:39,-68,0,580,580,1,1,1555,1555,0
591659632,NODE_704BCA25B768,child,5,20:50:0D:E7:1C:39,-68,0,580,580,1,1,1556,1556,0
591759629,NODE_704BCA25B768,child,5,20:50:0D:E7:1C:39,-68,0,580,580,1,1,1557,1557,0
591859632,NODE_704BCA25B768,child,5,20:50:0D:E7:1C:39,-68,0,580,580,1,1,1557,1557,0
591959636,NODE_704BCA25B768,child,5,20:50:0D:E7:1C:39,-68,0,580,580,1,1,1557,1557,0
592059629,NODE_704BCA25B768,child,5,20:50:0D:E7:1C:39,-68,0,580,580,1,1,1557,1557,0
592159624,NODE_704BCA25B768,child,5,20:50:0D:E7:1C:39,-68,0,580,580,1,1,1557,1557,0
592259632,NODE_704BCA25B768,child,5,20:50:0D:E7:1C:39,-68,0,580,580,1,1,1557,1557,0
592359629,NODE_704BCA25B768,child,5,20:50:0D:E7:1C:39,-68,0,581,581,1,1,1558,1558,0
592459628,NODE_704BCA25B768,child,5,20:50:0D:E7:1C:39,-68,0,581,581,1,1,1558,1558,0
592559632,NODE_704BCA25B768,child,5,20:50:0D:E7:1C:39,-68,0,581,581,1,1,1558,1558,0
592659637,NODE_704BCA25B768,child,5,20:50:0D:E7:1C:39,-68,0,581,581,1,1,1559,1559,0
592759629,NODE_704BCA25B768,child,5,20:50:0D:E7:1C:39,-68,0,581,581,1,1,1560,1560,0
592859632,NODE_704BCA25B768,child,5,20:50:0D:E7:1C:39,-68,0,581,581,1,1,1560,1560,0
592959641,NODE_704BCA25B768,child,5,20:50:0D:E7:1C:39,-68,0,581,581,1,1,1560,1560,0
593059632,NODE_704BCA25B768,child,5,20:50:0D:E7:1C:39,-68,0,581,581,1,1,1560,1560,0
593159624,NODE_704BCA25B768,child,5,20:50:0D:E7:1C:39,-68,0,581,581,1,1,1560,1560,0
593259637,NODE_704BCA25B768,child,5,20:50:0D:E7:1C:39,-68,0,581,581,1,1,1560,1560,0
593359632,NODE_704BCA25B768,child,5,20:50:0D:E7:1C:39,-68,0,582,582,1,1,1561,1561,0
593459624,NODE_704BCA25B768,child,5,20:50:0D:E7:1C:39,-68,0,582,582,1,1,1561,1561,0
593559629,NODE_704BCA25B768,child,5,20:50:0D:E7:1C:39,-68,0,582,582,1,1,1561,1561,0
593659632,NODE_704BCA25B768,child,5,20:50:0D:E7:1C:39,-68,0,582,582,1,1,1562,1562,0
593759624,NODE_704BCA25B768,child,5,20:50:0D:E7:1C:39,-68,0,582,582,1,1,1563,1563,0
593859629,NODE_704BCA25B768,child,5,20:50:0D:E7:1C:39,-68,0,582,582,1,1,1563,1563,0
593959636,NODE_704BCA25B768,child,5,20:50:0D:E7:1C:39,-69,0,582,582,1,1,1563,1563,0
594059636,NODE_704BCA25B768,child,5,20:50:0D:E7:1C:39,-69,0,582,582,1,1,1563,1563,0
594159625,NODE_704BCA25B768,child,5,20:50:0D:E7:1C:39,-69,0,582,582,1,1,1563,1563,0
594259624,NODE_704BCA25B768,child,5,20:50:0D:E7:1C:39,-69,0,582,582,1,1,1563,1563,0
594359628,NODE_704BCA25B768,child,5,20:50:0D:E7:1C:39,-69,0,583,583,1,1,1564,1564,0
594459633,NODE_704BCA25B768,child,5,20:50:0D:E7:1C:39,-69,0,583,583,1,1,1564,1564,0
594559640,NODE_704BCA25B768,child,5,20:50:0D:E7:1C:39,-69,0,583,583,1,1,1564,1564,0
594659632,NODE_704BCA25B768,child,5,20:50:0D:E7:1C:39,-69,0,583,583,1,1,1565,1565,0
594759633,NODE_704BCA25B768,child,5,20:50:0D:E7:1C:39,-69,0,583,583,1,1,1566,1566,0
594859628,NODE_704BCA25B768,child,5,20:50:0D:E7:1C:39,-69,0,583,583,1,1,1566,1566,0
594959636,NODE_704BCA25B768,child,5,20:50:0D:E7:1C:39,-69,0,583,583,1,1,1566,1566,0
595059633,NODE_704BCA25B768,child,5,20:50:0D:E7:1C:39,-69,0,583,583,1,1,1566,1566,0
595159624,NODE_704BCA25B768,child,5,20:50:0D:E7:1C:39,-69,0,583,583,1,1,1566,1566,0
595259632,NODE_704BCA25B768,child,5,20:50:0D:E7:1C:39,-69,0,583,583,1,1,1566,1566,0
595359629,NODE_704BCA25B768,child,5,20:50:0D:E7:1C:39,-69,0,584,584,1,1,1567,1567,0
595459628,NODE_704BCA25B768,child,5,20:50:0D:E7:1C:39,-69,0,584,584,1,1,1567,1567,0
595559624,NODE_704BCA25B768,child,5,20:50:0D:E7:1C:39,-69,0,584,584,1,1,1567,1567,0
595659633,NODE_704BCA25B768,child,5,20:50:0D:E7:1C:39,-69,0,584,584,1,1,1568,1568,0
595759786,NODE_704BCA25B768,child,5,20:50:0D:E7:1C:39,-69,0,584,584,1,1,1569,1569,0
595859624,NODE_704BCA25B768,child,5,20:50:0D:E7:1C:39,-69,0,584,584,1,1,1569,1569,0
595959629,NODE_704BCA25B768,child,5,20:50:0D:E7:1C:39,-69,0,584,584,1,1,1569,1569,0
596059644,NODE_704BCA25B768,child,5,20:50:0D:E7:1C:39,-68,0,584,584,1,1,1569,1569,0
596159624,NODE_704BCA25B768,child,5,20:50:0D:E7:1C:39,-68,0,584,584,1,1,1569,1569,0
596259633,NODE_704BCA25B768,child,5,20:50:0D:E7:1C:39,-68,0,584,584,1,1,1569,1569,0
596359632,NODE_704BCA25B768,child,5,20:50:0D:E7:1C:39,-68,0,585,585,1,1,1570,1570,0
596459624,NODE_704BCA25B768,child,5,20:50:0D:E7:1C:39,-68,0,585,585,1,1,1570,1570,0
596559633,NODE_704BCA25B768,child,5,20:50:0D:E7:1C:39,-68,0,585,585,1,1,1570,1570,0
596659632,NODE_704BCA25B768,child,5,20:50:0D:E7:1C:39,-68,0,585,585,1,1,1571,1571,0
596759636,NODE_704BCA25B768,child,5,20:50:0D:E7:1C:39,-68,0,585,585,1,1,1572,1572,0
596859625,NODE_704BCA25B768,child,5,20:50:0D:E7:1C:39,-68,0,585,585,1,1,1572,1572,0
596959628,NODE_704BCA25B768,child,5,20:50:0D:E7:1C:39,-68,0,585,585,1,1,1572,1572,0
597059640,NODE_704BCA25B768,child,5,20:50:0D:E7:1C:39,-68,0,585,585,1,1,1572,1572,0
597159625,NODE_704BCA25B768,child,5,20:50:0D:E7:1C:39,-68,0,585,585,1,1,1572,1572,0
597259624,NODE_704BCA25B768,child,5,20:50:0D:E7:1C:39,-68,0,585,585,1,1,1572,1572,0
597359632,NODE_704BCA25B768,child,5,20:50:0D:E7:1C:39,-68,0,586,586,1,1,1573,1573,0
597459632,NODE_704BCA25B768,child,5,20:50:0D:E7:1C:39,-68,0,586,586,1,1,1573,1573,0
597559636,NODE_704BCA25B768,child,5,20:50:0D:E7:1C:39,-68,0,586,586,1,1,1573,1573,0
597659770,NODE_704BCA25B768,child,5,20:50:0D:E7:1C:39,-68,0,586,586,1,1,1574,1574,0
597759626,NODE_704BCA25B768,child,5,20:50:0D:E7:1C:39,-68,0,586,586,1,1,1575,1575,0
597859632,NODE_704BCA25B768,child,5,20:50:0D:E7:1C:39,-68,0,586,586,1,1,1575,1575,0
597959628,NODE_704BCA25B768,child,5,20:50:0D:E7:1C:39,-68,0,586,586,1,1,1575,1575,0
598059637,NODE_704BCA25B768,child,5,20:50:0D:E7:1C:39,-68,0,586,586,1,1,1575,1575,0
598159624,NODE_704BCA25B768,child,5,20:50:0D:E7:1C:39,-68,0,586,586,1,1,1575,1575,0
598259632,NODE_704BCA25B768,child,5,20:50:0D:E7:1C:39,-68,0,586,586,1,1,1575,1575,0
598359629,NODE_704BCA25B768,child,5,20:50:0D:E7:1C:39,-68,0,587,587,1,1,1576,1576,0
598459628,NODE_704BCA25B768,child,5,20:50:0D:E7:1C:39,-68,0,587,587,1,1,1576,1576,0
598559624,NODE_704BCA25B768,child,5,20:50:0D:E7:1C:39,-68,0,587,587,1,1,1576,1576,0
598659637,NODE_704BCA25B768,child,5,20:50:0D:E7:1C:39,-68,0,587,587,1,1,1577,1577,0
598759624,NODE_704BCA25B768,child,5,20:50:0D:E7:1C:39,-68,0,587,587,1,1,1578,1578,0
598859636,NODE_704BCA25B768,child,5,20:50:0D:E7:1C:39,-68,0,587,587,1,1,1578,1578,0
598959633,NODE_704BCA25B768,child,5,20:50:0D:E7:1C:39,-68,0,587,587,1,1,1578,1578,0
599059664,NODE_704BCA25B768,child,5,20:50:0D:E7:1C:39,-68,0,587,587,1,1,1578,1578,0
599159624,NODE_704BCA25B768,child,5,20:50:0D:E7:1C:39,-68,0,587,587,1,1,1578,1578,0
599259633,NODE_704BCA25B768,child,5,20:50:0D:E7:1C:39,-68,0,587,587,1,1,1578,1578,0
599359624,NODE_704BCA25B768,child,5,20:50:0D:E7:1C:39,-68,0,588,588,1,1,1579,1579,0
599459624,NODE_704BCA25B768,child,5,20:50:0D:E7:1C:39,-68,0,588,588,1,1,1579,1579,0
599559637,NODE_704BCA25B768,child,5,20:50:0D:E7:1C:39,-68,0,588,588,1,1,1579,1579,0
599659636,NODE_704BCA25B768,child,5,20:50:0D:E7:1C:39,-68,0,588,588,1,1,1580,1580,0
599759624,NODE_704BCA25B768,child,5,20:50:0D:E7:1C:39,-68,0,588,588,1,1,1581,1581,0
599859629,NODE_704BCA25B768,child,5,20:50:0D:E7:1C:39,-68,0,588,588,1,1,1581,1581,0
599959624,NODE_704BCA25B768,child,5,20:50:0D:E7:1C:39,-68,0,588,588,1,1,1581,1581,0
600059636,NODE_704BCA25B768,child,5,20:50:0D:E7:1C:39,-68,0,588,588,1,1,1581,1581,0
600159637,NODE_704BCA25B768,child,5,20:50:0D:E7:1C:39,-68,0,588,588,1,1,1581,1581,0
600259624,NODE_704BCA25B768,child,5,20:50:0D:E7:1C:39,-68,0,588,588,1,1,1581,1581,0
600359624,NODE_704BCA25B768,child,5,20:50:0D:E7:1C:39,-68,0,589,589,1,1,1582,1582,0
600459629,NODE_704BCA25B768,child,5,20:50:0D:E7:1C:39,-68,0,589,589,1,1,1582,1582,0
600559624,NODE_704BCA25B768,child,5,20:50:0D:E7:1C:39,-68,0,589,589,1,1,1582,1582,0
600659632,NODE_704BCA25B768,child,5,20:50:0D:E7:1C:39,-68,0,589,589,1,1,1583,1583,0
600759629,NODE_704BCA25B768,child,5,20:50:0D:E7:1C:39,-68,0,589,589,1,1,1584,1584,0
600859628,NODE_704BCA25B768,child,5,20:50:0D:E7:1C:39,-68,0,589,589,1,1,1584,1584,0
600959624,NODE_704BCA25B768,child,5,20:50:0D:E7:1C:39,-68,0,589,589,1,1,1584,1584,0
601059637,NODE_704BCA25B768,child,5,20:50:0D:E7:1C:39,-68,0,589,589,1,1,1584,1584,0
601159636,NODE_704BCA25B768,child,5,20:50:0D:E7:1C:39,-68,0,589,589,1,1,1584,1584,0
601259624,NODE_704BCA25B768,child,5,20:50:0D:E7:1C:39,-68,0,589,589,1,1,1584,1584,0
601359629,NODE_704BCA25B768,child,5,20:50:0D:E7:1C:39,-68,0,590,590,1,1,1585,1585,0
601459624,NODE_704BCA25B768,child,5,20:50:0D:E7:1C:39,-68,0,590,590,1,1,1585,1585,0
601559632,NODE_704BCA25B768,child,5,20:50:0D:E7:1C:39,-68,0,590,590,1,1,1585,1585,0
601659629,NODE_704BCA25B768,child,5,20:50:0D:E7:1C:39,-68,0,590,590,1,1,1586,1586,0
601759632,NODE_704BCA25B768,child,5,20:50:0D:E7:1C:39,-68,0,590,590,1,1,1587,1587,0
601859632,NODE_704BCA25B768,child,5,20:50:0D:E7:1C:39,-68,0,590,590,1,1,1587,1587,0
601959633,NODE_704BCA25B768,child,5,20:50:0D:E7:1C:39,-68,0,590,590,1,1,1587,1587,0
602059636,NODE_704BCA25B768,child,5,20:50:0D:E7:1C:39,-68,0,590,590,1,1,1587,1587,0
602159636,NODE_704BCA25B768,child,5,20:50:0D:E7:1C:39,-68,0,590,590,1,1,1587,1587,0
602259637,NODE_704BCA25B768,child,5,20:50:0D:E7:1C:39,-68,0,590,590,1,1,1587,1587,0
602359624,NODE_704BCA25B768,child,5,20:50:0D:E7:1C:39,-68,0,591,591,1,1,1588,1588,0
602459628,NODE_704BCA25B768,child,5,20:50:0D:E7:1C:39,-68,0,591,591,1,1,1588,1588,0
602559637,NODE_704BCA25B768,child,5,20:50:0D:E7:1C:39,-68,0,591,591,1,1,1588,1588,0
602659628,NODE_704BCA25B768,child,5,20:50:0D:E7:1C:39,-68,0,591,591,1,1,1589,1589,0
602759641,NODE_704BCA25B768,child,5,20:50:0D:E7:1C:39,-68,0,591,591,1,1,1590,1590,0
602859629,NODE_704BCA25B768,child,5,20:50:0D:E7:1C:39,-68,0,591,591,1,1,1590,1590,0
602959628,NODE_704BCA25B768,child,5,20:50:0D:E7:1C:39,-68,0,591,591,1,1,1590,1590,0
603059632,NODE_704BCA25B768,child,5,20:50:0D:E7:1C:39,-68,0,591,591,1,1,1590,1590,0
603159637,NODE_704BCA25B768,child,5,20:50:0D:E7:1C:39,-68,0,591,591,1,1,1590,1590,0
603259624,NODE_704BCA25B768,child,5,20:50:0D:E7:1C:39,-68,0,591,591,1,1,1590,1590,0
603359628,NODE_704BCA25B768,child,5,20:50:0D:E7:1C:39,-68,0,592,592,1,1,1591,1591,0
603459625,NODE_704BCA25B768,child,5,20:50:0D:E7:1C:39,-68,0,592,592,1,1,1591,1591,0
603559628,NODE_704BCA25B768,child,5,20:50:0D:E7:1C:39,-68,0,592,592,1,1,1591,1591,0
603659632,NODE_704BCA25B768,child,5,20:50:0D:E7:1C:39,-68,0,592,592,1,1,1592,1592,0
603759645,NODE_704BCA25B768,child,5,20:50:0D:E7:1C:39,-68,0,592,592,1,1,1593,1593,0
603859624,NODE_704BCA25B768,child,5,20:50:0D:E7:1C:39,-68,0,592,592,1,1,1593,1593,0
603959628,NODE_704BCA25B768,child,5,20:50:0D:E7:1C:39,-68,0,592,592,1,1,1593,1593,0
604059625,NODE_704BCA25B768,child,5,20:50:0D:E7:1C:39,-68,0,592,592,1,1,1593,1593,0
604159628,NODE_704BCA25B768,child,5,20:50:0D:E7:1C:39,-68,0,592,592,1,1,1593,1593,0
604259636,NODE_704BCA25B768,child,5,20:50:0D:E7:1C:39,-68,0,592,592,1,1,1593,1593,0
604359633,NODE_704BCA25B768,child,5,20:50:0D:E7:1C:39,-68,0,593,593,1,1,1594,1594,0
604459632,NODE_704BCA25B768,child,5,20:50:0D:E7:1C:39,-68,0,593,593,1,1,1594,1594,0
604559632,NODE_704BCA25B768,child,5,20:50:0D:E7:1C:39,-68,0,593,593,1,1,1594,1594,0
604659637,NODE_704BCA25B768,child,5,20:50:0D:E7:1C:39,-68,0,593,593,1,1,1595,1595,0
604759632,NODE_704BCA25B768,child,5,20:50:0D:E7:1C:39,-68,0,593,593,1,1,1596,1596,0
604859632,NODE_704BCA25B768,child,5,20:50:0D:E7:1C:39,-68,0,593,593,1,1,1596,1596,0
604959637,NODE_704BCA25B768,child,5,20:50:0D:E7:1C:39,-68,0,593,593,1,1,1596,1596,0
605059632,NODE_704BCA25B768,child,5,20:50:0D:E7:1C:39,-68,0,593,593,1,1,1596,1596,0
605159628,NODE_704BCA25B768,child,5,20:50:0D:E7:1C:39,-68,0,593,593,1,1,1596,1596,0
605259645,NODE_704BCA25B768,child,5,20:50:0D:E7:1C:39,-68,0,593,593,1,1,1596,1596,0
605359628,NODE_704BCA25B768,child,5,20:50:0D:E7:1C:39,-68,0,594,594,1,1,1597,1597,0
605459628,NODE_704BCA25B768,child,5,20:50:0D:E7:1C:39,-68,0,594,594,1,1,1597,1597,0
605559641,NODE_704BCA25B768,child,5,20:50:0D:E7:1C:39,-68,0,594,594,1,1,1597,1597,0
605659632,NODE_704BCA25B768,child,5,20:50:0D:E7:1C:39,-68,0,594,594,1,1,1598,1598,0
605759624,NODE_704BCA25B768,child,5,20:50:0D:E7:1C:39,-68,0,594,594,1,1,1599,1599,0
605859637,NODE_704BCA25B768,child,5,20:50:0D:E7:1C:39,-68,0,594,594,1,1,1599,1599,0
605959697,NODE_704BCA25B768,child,5,20:50:0D:E7:1C:39,-68,0,594,594,1,1,1599,1599,0
606059624,NODE_704BCA25B768,child,5,20:50:0D:E7:1C:39,-68,0,594,594,1,1,1599,1599,0
606159733,NODE_704BCA25B768,child,5,20:50:0D:E7:1C:39,-68,0,594,594,1,1,1599,1599,0
606259640,NODE_704BCA25B768,child,5,20:50:0D:E7:1C:39,-68,0,594,594,1,1,1599,1599,0
606359632,NODE_704BCA25B768,child,5,20:50:0D:E7:1C:39,-68,0,595,595,1,1,1600,1600,0
606459629,NODE_704BCA25B768,child,5,20:50:0D:E7:1C:39,-68,0,595,595,1,1,1600,1600,0
606559628,NODE_704BCA25B768,child,5,20:50:0D:E7:1C:39,-68,0,595,595,1,1,1600,1600,0
606659632,NODE_704BCA25B768,child,5,20:50:0D:E7:1C:39,-68,0,595,595,1,1,1601,1601,0
606759629,NODE_704BCA25B768,child,5,20:50:0D:E7:1C:39,-68,0,595,595,1,1,1602,1602,0
606859632,NODE_704BCA25B768,child,5,20:50:0D:E7:1C:39,-68,0,595,595,1,1,1602,1602,0
606959624,NODE_704BCA25B768,child,5,20:50:0D:E7:1C:39,-68,0,595,595,1,1,1602,1602,0
607059633,NODE_704BCA25B768,child,5,20:50:0D:E7:1C:39,-68,0,595,595,1,1,1602,1602,0
607159624,NODE_704BCA25B768,child,5,20:50:0D:E7:1C:39,-68,0,595,595,1,1,1602,1602,0
607259636,NODE_704BCA25B768,child,5,20:50:0D:E7:1C:39,-66,0,595,595,1,1,1602,1602,0
607359633,NODE_704BCA25B768,child,5,20:50:0D:E7:1C:39,-66,0,596,596,1,1,1603,1603,0
607459624,NODE_704BCA25B768,child,5,20:50:0D:E7:1C:39,-66,0,596,596,1,1,1603,1603,0
607559632,NODE_704BCA25B768,child,5,20:50:0D:E7:1C:39,-66,0,596,596,1,1,1603,1603,0
607659629,NODE_704BCA25B768,child,5,20:50:0D:E7:1C:39,-66,0,596,596,1,1,1604,1604,0
607759629,NODE_704BCA25B768,child,5,20:50:0D:E7:1C:39,-66,0,596,596,1,1,1605,1605,0
607859644,NODE_704BCA25B768,child,5,20:50:0D:E7:1C:39,-66,0,596,596,1,1,1605,1605,0
607959629,NODE_704BCA25B768,child,5,20:50:0D:E7:1C:39,-66,0,596,596,1,1,1605,1605,0
608059636,NODE_704BCA25B768,child,5,20:50:0D:E7:1C:39,-66,0,596,596,1,1,1605,1605,0
608159624,NODE_704BCA25B768,child,5,20:50:0D:E7:1C:39,-66,0,596,596,1,1,1605,1605,0
608259637,NODE_704BCA25B768,child,5,20:50:0D:E7:1C:39,-66,0,596,596,1,1,1605,1605,0
608359632,NODE_704BCA25B768,child,5,20:50:0D:E7:1C:39,-68,0,597,597,1,1,1606,1606,0
608459628,NODE_704BCA25B768,child,5,20:50:0D:E7:1C:39,-68,0,597,597,1,1,1606,1606,0
608559633,NODE_704BCA25B768,child,5,20:50:0D:E7:1C:39,-68,0,597,597,1,1,1606,1606,0
608659636,NODE_704BCA25B768,child,5,20:50:0D:E7:1C:39,-68,0,597,597,1,1,1607,1607,0
608759624,NODE_704BCA25B768,child,5,20:50:0D:E7:1C:39,-68,0,597,597,1,1,1608,1608,0
608859629,NODE_704BCA25B768,child,5,20:50:0D:E7:1C:39,-68,0,597,597,1,1,1608,1608,0
608959632,NODE_704BCA25B768,child,5,20:50:0D:E7:1C:39,-68,0,597,597,1,1,1608,1608,0
609059628,NODE_704BCA25B768,child,5,20:50:0D:E7:1C:39,-68,0,597,597,1,1,1608,1608,0
609159625,NODE_704BCA25B768,child,5,20:50:0D:E7:1C:39,-68,0,597,597,1,1,1608,1608,0
609259632,NODE_704BCA25B768,child,5,20:50:0D:E7:1C:39,-68,0,597,597,1,1,1608,1608,0
609359632,NODE_704BCA25B768,child,5,20:50:0D:E7:1C:39,-68,0,598,598,1,1,1609,1609,0
609459633,NODE_704BCA25B768,child,5,20:50:0D:E7:1C:39,-68,0,598,598,1,1,1609,1609,0
609559624,NODE_704BCA25B768,child,5,20:50:0D:E7:1C:39,-68,0,598,598,1,1,1609,1609,0
609659632,NODE_704BCA25B768,child,5,20:50:0D:E7:1C:39,-68,0,598,598,1,1,1610,1610,0
609759625,NODE_704BCA25B768,child,5,20:50:0D:E7:1C:39,-68,0,598,598,1,1,1611,1611,0
609859632,NODE_704BCA25B768,child,5,20:50:0D:E7:1C:39,-68,0,598,598,1,1,1611,1611,0
609959636,NODE_704BCA25B768,child,5,20:50:0D:E7:1C:39,-68,0,598,598,1,1,1611,1611,0
610059629,NODE_704BCA25B768,child,5,20:50:0D:E7:1C:39,-68,0,598,598,1,1,1611,1611,0
610159709,NODE_704BCA25B768,child,5,20:50:0D:E7:1C:39,-68,0,598,598,1,1,1611,1611,0
610259636,NODE_704BCA25B768,child,5,20:50:0D:E7:1C:39,-68,0,598,598,1,1,1611,1611,0
610359633,NODE_704BCA25B768,child,5,20:50:0D:E7:1C:39,-69,0,599,599,1,1,1612,1612,0
610459753,NODE_704BCA25B768,child,5,20:50:0D:E7:1C:39,-69,0,599,599,1,1,1612,1612,0
610559632,NODE_704BCA25B768,child,5,20:50:0D:E7:1C:39,-69,0,599,599,1,1,1612,1612,0
610659629,NODE_704BCA25B768,child,5,20:50:0D:E7:1C:39,-69,0,599,599,1,1,1613,1613,0
610759636,NODE_704BCA25B768,child,5,20:50:0D:E7:1C:39,-69,0,599,599,1,1,1614,1614,0
610859636,NODE_704BCA25B768,child,5,20:50:0D:E7:1C:39,-69,0,599,599,1,1,1614,1614,0
610959637,NODE_704BCA25B768,child,5,20:50:0D:E7:1C:39,-69,0,599,599,1,1,1614,1614,0
611059636,NODE_704BCA25B768,child,5,20:50:0D:E7:1C:39,-69,0,599,599,1,1,1614,1614,0
611159628,NODE_704BCA25B768,child,5,20:50:0D:E7:1C:39,-69,0,599,599,1,1,1614,1614,0
611259637,NODE_704BCA25B768,child,5,20:50:0D:E7:1C:39,-69,0,599,599,1,1,1614,1614,0
611359636,NODE_704BCA25B768,child,5,20:50:0D:E7:1C:39,-68,0,600,600,1,1,1615,1615,0
611459628,NODE_704BCA25B768,child,5,20:50:0D:E7:1C:39,-68,0,600,600,1,1,1615,1615,0
611559633,NODE_704BCA25B768,child,5,20:50:0D:E7:1C:39,-68,0,600,600,1,1,1615,1615,0
611659628,NODE_704BCA25B768,child,5,20:50:0D:E7:1C:39,-68,0,600,600,1,1,1616,1616,0
611759632,NODE_704BCA25B768,child,5,20:50:0D:E7:1C:39,-68,0,600,600,1,1,1617,1617,0
611859629,NODE_704BCA25B768,child,5,20:50:0D:E7:1C:39,-68,0,600,600,1,1,1617,1617,0
611959628,NODE_704BCA25B768,child,5,20:50:0D:E7:1C:39,-68,0,600,600,1,1,1617,1617,0
612059628,NODE_704BCA25B768,child,5,20:50:0D:E7:1C:39,-68,0,600,600,1,1,1617,1617,0
612159625,NODE_704BCA25B768,child,5,20:50:0D:E7:1C:39,-68,0,600,600,1,1,1617,1617,0
612259632,NODE_704BCA25B768,child,5,20:50:0D:E7:1C:39,-68,0,600,600,1,1,1617,1617,0
612360408,NODE_704BCA25B768,child,5,20:50:0D:E7:1C:39,-68,0,601,601,1,1,1618,1618,0
612459637,NODE_704BCA25B768,child,5,20:50:0D:E7:1C:39,-68,0,601,601,1,1,1618,1618,0
612559628,NODE_704BCA25B768,child,5,20:50:0D:E7:1C:39,-68,0,601,601,1,1,1618,1618,0
612659628,NODE_704BCA25B768,child,5,20:50:0D:E7:1C:39,-68,0,601,601,1,1,1619,1619,0
612759626,NODE_704BCA25B768,child,5,20:50:0D:E7:1C:39,-68,0,601,601,1,1,1620,1620,0
612859632,NODE_704BCA25B768,child,5,20:50:0D:E7:1C:39,-68,0,601,601,1,1,1620,1620,0
612959632,NODE_704BCA25B768,child,5,20:50:0D:E7:1C:39,-68,0,601,601,1,1,1620,1620,0
613059641,NODE_704BCA25B768,child,5,20:50:0D:E7:1C:39,-68,0,601,601,1,1,1620,1620,0
613159624,NODE_704BCA25B768,child,5,20:50:0D:E7:1C:39,-68,0,601,601,1,1,1620,1620,0
613259624,NODE_704BCA25B768,child,5,20:50:0D:E7:1C:39,-68,0,601,601,1,1,1620,1620,0
613359629,NODE_704BCA25B768,child,5,20:50:0D:E7:1C:39,-68,0,602,602,1,1,1621,1621,0
613459632,NODE_704BCA25B768,child,5,20:50:0D:E7:1C:39,-69,0,602,602,1,1,1621,1621,0
613559628,NODE_704BCA25B768,child,5,20:50:0D:E7:1C:39,-69,0,602,602,1,1,1621,1621,0
613659629,NODE_704BCA25B768,child,5,20:50:0D:E7:1C:39,-69,0,602,602,1,1,1622,1622,0
613759624,NODE_704BCA25B768,child,5,20:50:0D:E7:1C:39,-69,0,602,602,1,1,1623,1623,0
613859636,NODE_704BCA25B768,child,5,20:50:0D:E7:1C:39,-69,0,602,602,1,1,1623,1623,0
613959629,NODE_704BCA25B768,child,5,20:50:0D:E7:1C:39,-69,0,602,602,1,1,1623,1623,0
614059644,NODE_704BCA25B768,child,5,20:50:0D:E7:1C:39,-69,0,602,602,1,1,1623,1623,0
614159624,NODE_704BCA25B768,child,5,20:50:0D:E7:1C:39,-69,0,602,602,1,1,1623,1623,0
614259633,NODE_704BCA25B768,child,5,20:50:0D:E7:1C:39,-69,0,602,602,1,1,1623,1623,0
614359628,NODE_704BCA25B768,child,5,20:50:0D:E7:1C:39,-69,0,603,603,1,1,1624,1624,0
614459644,NODE_704BCA25B768,child,5,20:50:0D:E7:1C:39,-69,0,603,603,1,1,1624,1624,0
614559625,NODE_704BCA25B768,child,5,20:50:0D:E7:1C:39,-69,0,603,603,1,1,1624,1624,0
614659632,NODE_704BCA25B768,child,5,20:50:0D:E7:1C:39,-69,0,603,603,1,1,1625,1625,0
614759628,NODE_704BCA25B768,child,5,20:50:0D:E7:1C:39,-69,0,603,603,1,1,1626,1626,0
614859629,NODE_704BCA25B768,child,5,20:50:0D:E7:1C:39,-69,0,603,603,1,1,1626,1626,0
614959624,NODE_704BCA25B768,child,5,20:50:0D:E7:1C:39,-69,0,603,603,1,1,1626,1626,0
615059636,NODE_704BCA25B768,child,5,20:50:0D:E7:1C:39,-69,0,603,603,1,1,1626,1626,0
615159625,NODE_704BCA25B768,child,5,20:50:0D:E7:1C:39,-69,0,603,603,1,1,1626,1626,0
615259624,NODE_704BCA25B768,child,5,20:50:0D:E7:1C:39,-69,0,603,603,1,1,1626,1626,0
615359632,NODE_704BCA25B768,child,5,20:50:0D:E7:1C:39,-69,0,604,604,1,1,1627,1627,0
615459641,NODE_704BCA25B768,child,5,20:50:0D:E7:1C:39,-68,0,604,604,1,1,1627,1627,0
615559628,NODE_704BCA25B768,child,5,20:50:0D:E7:1C:39,-68,0,604,604,1,1,1627,1627,0
615659632,NODE_704BCA25B768,child,5,20:50:0D:E7:1C:39,-68,0,604,604,1,1,1628,1628,0
615759625,NODE_704BCA25B768,child,5,20:50:0D:E7:1C:39,-68,0,604,604,1,1,1629,1629,0
615859628,NODE_704BCA25B768,child,5,20:50:0D:E7:1C:39,-68,0,604,604,1,1,1629,1629,0
615959636,NODE_704BCA25B768,child,5,20:50:0D:E7:1C:39,-68,0,604,604,1,1,1629,1629,0
616060483,NODE_704BCA25B768,child,5,20:50:0D:E7:1C:39,-68,0,604,604,1,1,1629,1629,0
616159624,NODE_704BCA25B768,child,5,20:50:0D:E7:1C:39,-68,0,604,604,1,1,1629,1629,0
616259628,NODE_704BCA25B768,child,5,20:50:0D:E7:1C:39,-68,0,604,604,1,1,1629,1629,0
616359625,NODE_704BCA25B768,child,5,20:50:0D:E7:1C:39,-68,0,605,605,1,1,1630,1630,0
616459887,NODE_704BCA25B768,child,5,20:50:0D:E7:1C:39,-68,0,605,605,1,1,1630,1630,0
616559632,NODE_704BCA25B768,child,5,20:50:0D:E7:1C:39,-68,0,605,605,1,1,1630,1630,0
616659629,NODE_704BCA25B768,child,5,20:50:0D:E7:1C:39,-68,0,605,605,1,1,1631,1631,0
616759624,NODE_704BCA25B768,child,5,20:50:0D:E7:1C:39,-68,0,605,605,1,1,1632,1632,0
616859632,NODE_704BCA25B768,child,5,20:50:0D:E7:1C:39,-68,0,605,605,1,1,1632,1632,0
616959629,NODE_704BCA25B768,child,5,20:50:0D:E7:1C:39,-68,0,605,605,1,1,1632,1632,0
617059636,NODE_704BCA25B768,child,5,20:50:0D:E7:1C:39,-68,0,605,605,1,1,1632,1632,0
617159632,NODE_704BCA25B768,child,5,20:50:0D:E7:1C:39,-68,0,605,605,1,1,1632,1632,0
617259637,NODE_704BCA25B768,child,5,20:50:0D:E7:1C:39,-68,0,605,605,1,1,1632,1632,0
617359624,NODE_704BCA25B768,child,5,20:50:0D:E7:1C:39,-68,0,606,606,1,1,1633,1633,0
617459624,NODE_704BCA25B768,child,5,20:50:0D:E7:1C:39,-68,0,606,606,1,1,1633,1633,0
617559637,NODE_704BCA25B768,child,5,20:50:0D:E7:1C:39,-68,0,606,606,1,1,1633,1633,0
617659628,NODE_704BCA25B768,child,5,20:50:0D:E7:1C:39,-68,0,606,606,1,1,1634,1634,0
617759633,NODE_704BCA25B768,child,5,20:50:0D:E7:1C:39,-68,0,606,606,1,1,1635,1635,0
617859633,NODE_704BCA25B768,child,5,20:50:0D:E7:1C:39,-68,0,606,606,1,1,1635,1635,0
617959628,NODE_704BCA25B768,child,5,20:50:0D:E7:1C:39,-68,0,606,606,1,1,1635,1635,0
618059628,NODE_704BCA25B768,child,5,20:50:0D:E7:1C:39,-68,0,606,606,1,1,1635,1635,0
618159633,NODE_704BCA25B768,child,5,20:50:0D:E7:1C:39,-68,0,606,606,1,1,1635,1635,0
618259624,NODE_704BCA25B768,child,5,20:50:0D:E7:1C:39,-68,0,606,606,1,1,1635,1635,0
618359632,NODE_704BCA25B768,child,5,20:50:0D:E7:1C:39,-68,0,607,607,1,1,1636,1636,0
618459629,NODE_704BCA25B768,child,5,20:50:0D:E7:1C:39,-68,0,607,607,1,1,1636,1636,0
618559636,NODE_704BCA25B768,child,5,20:50:0D:E7:1C:39,-68,0,607,607,1,1,1636,1636,0
618659628,NODE_704BCA25B768,child,5,20:50:0D:E7:1C:39,-68,0,607,607,1,1,1637,1637,0
618759706,NODE_704BCA25B768,child,5,20:50:0D:E7:1C:39,-68,0,607,607,1,1,1638,1638,0
618859628,NODE_704BCA25B768,child,5,20:50:0D:E7:1C:39,-68,0,607,607,1,1,1638,1638,0
618959636,NODE_704BCA25B768,child,5,20:50:0D:E7:1C:39,-68,0,607,607,1,1,1638,1638,0
619059625,NODE_704BCA25B768,child,5,20:50:0D:E7:1C:39,-68,0,607,607,1,1,1638,1638,0
619159636,NODE_704BCA25B768,child,5,20:50:0D:E7:1C:39,-68,0,607,607,1,1,1638,1638,0
619259628,NODE_704BCA25B768,child,5,20:50:0D:E7:1C:39,-68,0,607,607,1,1,1638,1638,0
619359625,NODE_704BCA25B768,child,5,20:50:0D:E7:1C:39,-68,0,608,608,1,1,1639,1639,0
619459636,NODE_704BCA25B768,child,5,20:50:0D:E7:1C:39,-68,0,608,608,1,1,1639,1639,0
619559644,NODE_704BCA25B768,child,5,20:50:0D:E7:1C:39,-68,0,608,608,1,1,1639,1639,0
619659633,NODE_704BCA25B768,child,5,20:50:0D:E7:1C:39,-68,0,608,608,1,1,1640,1640,0
619759628,NODE_704BCA25B768,child,5,20:50:0D:E7:1C:39,-68,0,608,608,1,1,1641,1641,0
619859636,NODE_704BCA25B768,child,5,20:50:0D:E7:1C:39,-68,0,608,608,1,1,1641,1641,0
619959629,NODE_704BCA25B768,child,5,20:50:0D:E7:1C:39,-68,0,608,608,1,1,1641,1641,0
620059632,NODE_704BCA25B768,child,5,20:50:0D:E7:1C:39,-68,0,608,608,1,1,1641,1641,0
620159628,NODE_704BCA25B768,child,5,20:50:0D:E7:1C:39,-68,0,608,608,1,1,1641,1641,0
620259640,NODE_704BCA25B768,child,5,20:50:0D:E7:1C:39,-68,0,608,608,1,1,1641,1641,0
620359624,NODE_704BCA25B768,child,5,20:50:0D:E7:1C:39,-68,0,609,609,1,1,1642,1642,0
620459628,NODE_704BCA25B768,child,5,20:50:0D:E7:1C:39,-68,0,609,609,1,1,1642,1642,0
620559637,NODE_704BCA25B768,child,5,20:50:0D:E7:1C:39,-69,0,609,609,1,1,1642,1642,0
620659632,NODE_704BCA25B768,child,5,20:50:0D:E7:1C:39,-69,0,609,609,1,1,1643,1643,0
620759814,NODE_704BCA25B768,child,5,20:50:0D:E7:1C:39,-69,0,609,609,1,1,1644,1644,0
620859629,NODE_704BCA25B768,child,5,20:50:0D:E7:1C:39,-69,0,609,609,1,1,1644,1644,0
620959624,NODE_704BCA25B768,child,5,20:50:0D:E7:1C:39,-69,0,609,609,1,1,1644,1644,0
621059628,NODE_704BCA25B768,child,5,20:50:0D:E7:1C:39,-69,0,609,609,1,1,1644,1644,0
621159629,NODE_704BCA25B768,child,5,20:50:0D:E7:1C:39,-69,0,609,609,1,1,1644,1644,0
621259632,NODE_704BCA25B768,child,5,20:50:0D:E7:1C:39,-69,0,609,609,1,1,1644,1644,0
621359632,NODE_704BCA25B768,child,5,20:50:0D:E7:1C:39,-69,0,610,610,1,1,1645,1645,0
621459633,NODE_704BCA25B768,child,5,20:50:0D:E7:1C:39,-69,0,610,610,1,1,1645,1645,0
621559624,NODE_704BCA25B768,child,5,20:50:0D:E7:1C:39,-69,0,610,610,1,1,1645,1645,0
621659636,NODE_704BCA25B768,child,5,20:50:0D:E7:1C:39,-68,0,610,610,1,1,1646,1646,0
621759629,NODE_704BCA25B768,child,5,20:50:0D:E7:1C:39,-68,0,610,610,1,1,1646,1646,0
621859628,NODE_704BCA25B768,child,5,20:50:0D:E7:1C:39,-68,0,610,610,1,1,1647,1647,0
621959628,NODE_704BCA25B768,child,5,20:50:0D:E7:1C:39,-68,0,610,610,1,1,1647,1647,0
622059637,NODE_704BCA25B768,child,5,20:50:0D:E7:1C:39,-68,0,610,610,1,1,1647,1647,0
622159628,NODE_704BCA25B768,child,5,20:50:0D:E7:1C:39,-68,0,610,610,1,1,1647,1647,0
622259632,NODE_704BCA25B768,child,5,20:50:0D:E7:1C:39,-68,0,610,610,1,1,1647,1647,0
622359625,NODE_704BCA25B768,child,5,20:50:0D:E7:1C:39,-68,0,611,611,1,1,1648,1648,0
622459628,NODE_704BCA25B768,child,5,20:50:0D:E7:1C:39,-68,0,611,611,1,1,1648,1648,0
622559632,NODE_704BCA25B768,child,5,20:50:0D:E7:1C:39,-68,0,611,611,1,1,1648,1648,0
622659633,NODE_704BCA25B768,child,5,20:50:0D:E7:1C:39,-68,0,611,611,1,1,1649,1649,0
622759629,NODE_704BCA25B768,child,5,20:50:0D:E7:1C:39,-68,0,611,611,1,1,1649,1649,0
622859636,NODE_704BCA25B768,child,5,20:50:0D:E7:1C:39,-68,0,611,611,1,1,1650,1650,0
622959629,NODE_704BCA25B768,child,5,20:50:0D:E7:1C:39,-68,0,611,611,1,1,1650,1650,0
623059632,NODE_704BCA25B768,child,5,20:50:0D:E7:1C:39,-68,0,611,611,1,1,1650,1650,0
623159628,NODE_704BCA25B768,child,5,20:50:0D:E7:1C:39,-68,0,611,611,1,1,1650,1650,0
623259641,NODE_704BCA25B768,child,5,20:50:0D:E7:1C:39,-68,0,611,611,1,1,1650,1650,0
623359624,NODE_704BCA25B768,child,5,20:50:0D:E7:1C:39,-68,0,612,612,1,1,1651,1651,0
623459628,NODE_704BCA25B768,child,5,20:50:0D:E7:1C:39,-68,0,612,612,1,1,1651,1651,0
623559629,NODE_704BCA25B768,child,5,20:50:0D:E7:1C:39,-68,0,612,612,1,1,1651,1651,0
623659636,NODE_704BCA25B768,child,5,20:50:0D:E7:1C:39,-68,0,612,612,1,1,1652,1652,0
623759628,NODE_704BCA25B768,child,5,20:50:0D:E7:1C:39,-68,0,612,612,1,1,1652,1652,0
623859629,NODE_704BCA25B768,child,5,20:50:0D:E7:1C:39,-68,0,612,612,1,1,1653,1653,0
623959636,NODE_704BCA25B768,child,5,20:50:0D:E7:1C:39,-68,0,612,612,1,1,1653,1653,0
624059624,NODE_704BCA25B768,child,5,20:50:0D:E7:1C:39,-68,0,612,612,1,1,1653,1653,0
624159625,NODE_704BCA25B768,child,5,20:50:0D:E7:1C:39,-68,0,612,612,1,1,1653,1653,0
624259628,NODE_704BCA25B768,child,5,20:50:0D:E7:1C:39,-68,0,612,612,1,1,1653,1653,0
624359632,NODE_704BCA25B768,child,5,20:50:0D:E7:1C:39,-68,0,613,613,1,1,1654,1654,0
624459637,NODE_704BCA25B768,child,5,20:50:0D:E7:1C:39,-68,0,613,613,1,1,1654,1654,0
624559632,NODE_704BCA25B768,child,5,20:50:0D:E7:1C:39,-68,0,613,613,1,1,1654,1654,0
624659636,NODE_704BCA25B768,child,5,20:50:0D:E7:1C:39,-69,0,613,613,1,1,1655,1655,0
624759637,NODE_704BCA25B768,child,5,20:50:0D:E7:1C:39,-69,0,613,613,1,1,1655,1655,0
624859636,NODE_704BCA25B768,child,5,20:50:0D:E7:1C:39,-69,0,613,613,1,1,1656,1656,0
624959628,NODE_704BCA25B768,child,5,20:50:0D:E7:1C:39,-69,0,613,613,1,1,1656,1656,0
625059633,NODE_704BCA25B768,child,5,20:50:0D:E7:1C:39,-69,0,613,613,1,1,1656,1656,0
625159628,NODE_704BCA25B768,child,5,20:50:0D:E7:1C:39,-69,0,613,613,1,1,1656,1656,0
625259632,NODE_704BCA25B768,child,5,20:50:0D:E7:1C:39,-69,0,613,613,1,1,1656,1656,0
625359629,NODE_704BCA25B768,child,5,20:50:0D:E7:1C:39,-69,0,614,614,1,1,1657,1657,0
625459624,NODE_704BCA25B768,child,5,20:50:0D:E7:1C:39,-69,0,614,614,1,1,1657,1657,0
625559632,NODE_704BCA25B768,child,5,20:50:0D:E7:1C:39,-69,0,614,614,1,1,1657,1657,0
625659633,NODE_704BCA25B768,child,5,20:50:0D:E7:1C:39,-69,0,614,614,1,1,1658,1658,0
625759640,NODE_704BCA25B768,child,5,20:50:0D:E7:1C:39,-68,0,614,614,1,1,1658,1658,0
625859636,NODE_704BCA25B768,child,5,20:50:0D:E7:1C:39,-68,0,614,614,1,1,1659,1659,0
625959629,NODE_704BCA25B768,child,5,20:50:0D:E7:1C:39,-68,0,614,614,1,1,1659,1659,0
626059632,NODE_704BCA25B768,child,5,20:50:0D:E7:1C:39,-68,0,614,614,1,1,1659,1659,0
626159628,NODE_704BCA25B768,child,5,20:50:0D:E7:1C:39,-68,0,614,614,1,1,1659,1659,0
626259633,NODE_704BCA25B768,child,5,20:50:0D:E7:1C:39,-68,0,614,614,1,1,1659,1659,0
626359628,NODE_704BCA25B768,child,5,20:50:0D:E7:1C:39,-68,0,615,615,1,1,1660,1660,0
626459632,NODE_704BCA25B768,child,5,20:50:0D:E7:1C:39,-68,0,615,615,1,1,1660,1660,0
626559629,NODE_704BCA25B768,child,5,20:50:0D:E7:1C:39,-68,0,615,615,1,1,1660,1660,0
626659632,NODE_704BCA25B768,child,5,20:50:0D:E7:1C:39,-68,0,615,615,1,1,1661,1661,0
626759640,NODE_704BCA25B768,child,5,20:50:0D:E7:1C:39,-69,0,615,615,1,1,1661,1661,0
626859629,NODE_704BCA25B768,child,5,20:50:0D:E7:1C:39,-69,0,615,615,1,1,1662,1662,0
626959636,NODE_704BCA25B768,child,5,20:50:0D:E7:1C:39,-69,0,615,615,1,1,1662,1662,0
627059624,NODE_704BCA25B768,child,5,20:50:0D:E7:1C:39,-69,0,615,615,1,1,1662,1662,0
627159625,NODE_704BCA25B768,child,5,20:50:0D:E7:1C:39,-69,0,615,615,1,1,1662,1662,0
627259773,NODE_704BCA25B768,child,5,20:50:0D:E7:1C:39,-69,0,615,615,1,1,1662,1662,0
627359632,NODE_704BCA25B768,child,5,20:50:0D:E7:1C:39,-69,0,616,616,1,1,1663,1663,0
627459775,NODE_704BCA25B768,child,5,20:50:0D:E7:1C:39,-69,0,616,616,1,1,1663,1663,0
627559632,NODE_704BCA25B768,child,5,20:50:0D:E7:1C:39,-69,0,616,616,1,1,1663,1663,0
627659632,NODE_704BCA25B768,child,5,20:50:0D:E7:1C:39,-69,0,616,616,1,1,1664,1664,0
627759642,NODE_704BCA25B768,child,5,20:50:0D:E7:1C:39,-68,0,616,616,1,1,1664,1664,0
627859628,NODE_704BCA25B768,child,5,20:50:0D:E7:1C:39,-68,0,616,616,1,1,1665,1665,0
627959632,NODE_704BCA25B768,child,5,20:50:0D:E7:1C:39,-68,0,616,616,1,1,1665,1665,0
628059633,NODE_704BCA25B768,child,5,20:50:0D:E7:1C:39,-68,0,616,616,1,1,1665,1665,0
628159628,NODE_704BCA25B768,child,5,20:50:0D:E7:1C:39,-68,0,616,616,1,1,1665,1665,0
628259632,NODE_704BCA25B768,child,5,20:50:0D:E7:1C:39,-68,0,616,616,1,1,1665,1665,0
628359629,NODE_704BCA25B768,child,5,20:50:0D:E7:1C:39,-68,0,617,617,1,1,1666,1666,0
628459628,NODE_704BCA25B768,child,5,20:50:0D:E7:1C:39,-68,0,617,617,1,1,1666,1666,0
628559624,NODE_704BCA25B768,child,5,20:50:0D:E7:1C:39,-68,0,617,617,1,1,1666,1666,0
628659633,NODE_704BCA25B768,child,5,20:50:0D:E7:1C:39,-68,0,617,617,1,1,1667,1667,0
628759644,NODE_704BCA25B768,child,5,20:50:0D:E7:1C:39,-68,0,617,617,1,1,1667,1667,0
628859632,NODE_704BCA25B768,child,5,20:50:0D:E7:1C:39,-68,0,617,617,1,1,1668,1668,0
628959629,NODE_704BCA25B768,child,5,20:50:0D:E7:1C:39,-68,0,617,617,1,1,1668,1668,0
629059632,NODE_704BCA25B768,child,5,20:50:0D:E7:1C:39,-68,0,617,617,1,1,1668,1668,0
629159624,NODE_704BCA25B768,child,5,20:50:0D:E7:1C:39,-68,0,617,617,1,1,1668,1668,0
629259633,NODE_704BCA25B768,child,5,20:50:0D:E7:1C:39,-68,0,617,617,1,1,1668,1668,0
629359636,NODE_704BCA25B768,child,5,20:50:0D:E7:1C:39,-68,0,618,618,1,1,1669,1669,0
629459628,NODE_704BCA25B768,child,5,20:50:0D:E7:1C:39,-68,0,618,618,1,1,1669,1669,0
629559625,NODE_704BCA25B768,child,5,20:50:0D:E7:1C:39,-68,0,618,618,1,1,1669,1669,0
629659636,NODE_704BCA25B768,child,5,20:50:0D:E7:1C:39,-68,0,618,618,1,1,1670,1670,0
629759632,NODE_704BCA25B768,child,5,20:50:0D:E7:1C:39,-68,0,618,618,1,1,1670,1670,0
629859633,NODE_704BCA25B768,child,5,20:50:0D:E7:1C:39,-67,0,618,618,1,1,1671,1671,0
629959636,NODE_704BCA25B768,child,5,20:50:0D:E7:1C:39,-67,0,618,618,1,1,1671,1671,0
630059624,NODE_704BCA25B768,child,5,20:50:0D:E7:1C:39,-67,0,618,618,1,1,1671,1671,0
630159625,NODE_704BCA25B768,child,5,20:50:0D:E7:1C:39,-67,0,618,618,1,1,1671,1671,0
630259624,NODE_704BCA25B768,child,5,20:50:0D:E7:1C:39,-67,0,618,618,1,1,1671,1671,0
630359628,NODE_704BCA25B768,child,5,20:50:0D:E7:1C:39,-67,0,619,619,1,1,1672,1672,0
630459637,NODE_704BCA25B768,child,5,20:50:0D:E7:1C:39,-67,0,619,619,1,1,1672,1672,0
630559632,NODE_704BCA25B768,child,5,20:50:0D:E7:1C:39,-67,0,619,619,1,1,1672,1672,0
630659628,NODE_704BCA25B768,child,5,20:50:0D:E7:1C:39,-67,0,619,619,1,1,1673,1673,0
630759633,NODE_704BCA25B768,child,5,20:50:0D:E7:1C:39,-67,0,619,619,1,1,1673,1673,0
630859632,NODE_704BCA25B768,child,5,20:50:0D:E7:1C:39,-68,0,619,619,1,1,1674,1674,0
630959628,NODE_704BCA25B768,child,5,20:50:0D:E7:1C:39,-68,0,619,619,1,1,1674,1674,0
631059633,NODE_704BCA25B768,child,5,20:50:0D:E7:1C:39,-68,0,619,619,1,1,1674,1674,0
631159628,NODE_704BCA25B768,child,5,20:50:0D:E7:1C:39,-68,0,619,619,1,1,1674,1674,0
631259636,NODE_704BCA25B768,child,5,20:50:0D:E7:1C:39,-68,0,619,619,1,1,1674,1674,0
631359629,NODE_704BCA25B768,child,5,20:50:0D:E7:1C:39,-68,0,620,620,1,1,1675,1675,0
631459632,NODE_704BCA25B768,child,5,20:50:0D:E7:1C:39,-68,0,620,620,1,1,1675,1675,0
631559628,NODE_704BCA25B768,child,5,20:50:0D:E7:1C:39,-68,0,620,620,1,1,1675,1675,0
631659629,NODE_704BCA25B768,child,5,20:50:0D:E7:1C:39,-68,0,620,620,1,1,1676,1676,0
631760149,NODE_704BCA25B768,child,5,20:50:0D:E7:1C:39,-68,0,620,620,1,1,1676,1676,0
631859636,NODE_704BCA25B768,child,5,20:50:0D:E7:1C:39,-68,0,620,620,1,1,1677,1677,0
631959633,NODE_704BCA25B768,child,5,20:50:0D:E7:1C:39,-68,0,620,620,1,1,1677,1677,0
632059636,NODE_704BCA25B768,child,5,20:50:0D:E7:1C:39,-68,0,620,620,1,1,1677,1677,0
632159624,NODE_704BCA25B768,child,5,20:50:0D:E7:1C:39,-68,0,620,620,1,1,1677,1677,0
632259637,NODE_704BCA25B768,child,5,20:50:0D:E7:1C:39,-68,0,620,620,1,1,1677,1677,0
632359632,NODE_704BCA25B768,child,5,20:50:0D:E7:1C:39,-68,0,621,621,1,1,1678,1678,0
632459632,NODE_704BCA25B768,child,5,20:50:0D:E7:1C:39,-68,0,621,621,1,1,1678,1678,0
632559629,NODE_704BCA25B768,child,5,20:50:0D:E7:1C:39,-68,0,621,621,1,1,1678,1678,0
632659636,NODE_704BCA25B768,child,5,20:50:0D:E7:1C:39,-68,0,621,621,1,1,1679,1679,0
632759629,NODE_704BCA25B768,child,5,20:50:0D:E7:1C:39,-68,0,621,621,1,1,1679,1679,0
632859637,NODE_704BCA25B768,child,5,20:50:0D:E7:1C:39,-68,0,621,621,1,1,1680,1680,0
632959628,NODE_704BCA25B768,child,5,20:50:0D:E7:1C:39,-68,0,621,621,1,1,1680,1680,0
633059636,NODE_704BCA25B768,child,5,20:50:0D:E7:1C:39,-68,0,621,621,1,1,1680,1680,0
633159625,NODE_704BCA25B768,child,5,20:50:0D:E7:1C:39,-68,0,621,621,1,1,1680,1680,0
633259628,NODE_704BCA25B768,child,5,20:50:0D:E7:1C:39,-68,0,621,621,1,1,1680,1680,0
633359624,NODE_704BCA25B768,child,5,20:50:0D:E7:1C:39,-68,0,622,622,1,1,1681,1681,0
633459637,NODE_704BCA25B768,child,5,20:50:0D:E7:1C:39,-68,0,622,622,1,1,1681,1681,0
633559628,NODE_704BCA25B768,child,5,20:50:0D:E7:1C:39,-68,0,622,622,1,1,1681,1681,0
633659628,NODE_704BCA25B768,child,5,20:50:0D:E7:1C:39,-68,0,622,622,1,1,1682,1682,0
633759633,NODE_704BCA25B768,child,5,20:50:0D:E7:1C:39,-68,0,622,622,1,1,1682,1682,0
633859632,NODE_704BCA25B768,child,5,20:50:0D:E7:1C:39,-68,0,622,622,1,1,1683,1683,0
633959640,NODE_704BCA25B768,child,5,20:50:0D:E7:1C:39,-68,0,622,622,1,1,1683,1683,0
634059625,NODE_704BCA25B768,child,5,20:50:0D:E7:1C:39,-68,0,622,622,1,1,1683,1683,0
634159628,NODE_704BCA25B768,child,5,20:50:0D:E7:1C:39,-68,0,622,622,1,1,1683,1683,0
634259636,NODE_704BCA25B768,child,5,20:50:0D:E7:1C:39,-68,0,622,622,1,1,1683,1683,0
634359625,NODE_704BCA25B768,child,5,20:50:0D:E7:1C:39,-68,0,623,623,1,1,1684,1684,0
634459628,NODE_704BCA25B768,child,5,20:50:0D:E7:1C:39,-68,0,623,623,1,1,1684,1684,0
634559636,NODE_704BCA25B768,child,5,20:50:0D:E7:1C:39,-68,0,623,623,1,1,1684,1684,0
634659629,NODE_704BCA25B768,child,5,20:50:0D:E7:1C:39,-68,0,623,623,1,1,1685,1685,0
634759636,NODE_704BCA25B768,child,5,20:50:0D:E7:1C:39,-68,0,623,623,1,1,1685,1685,0
634859632,NODE_704BCA25B768,child,5,20:50:0D:E7:1C:39,-68,0,623,623,1,1,1686,1686,0
634959645,NODE_704BCA25B768,child,5,20:50:0D:E7:1C:39,-69,0,623,623,1,1,1686,1686,0
635059628,NODE_704BCA25B768,child,5,20:50:0D:E7:1C:39,-69,0,623,623,1,1,1686,1686,0
635159624,NODE_704BCA25B768,child,5,20:50:0D:E7:1C:39,-69,0,623,623,1,1,1686,1686,0
635259633,NODE_704BCA25B768,child,5,20:50:0D:E7:1C:39,-69,0,623,623,1,1,1686,1686,0
635359632,NODE_704BCA25B768,child,5,20:50:0D:E7:1C:39,-69,0,624,624,1,1,1687,1687,0
635459628,NODE_704BCA25B768,child,5,20:50:0D:E7:1C:39,-69,0,624,624,1,1,1687,1687,0
635559629,NODE_704BCA25B768,child,5,20:50:0D:E7:1C:39,-69,0,624,624,1,1,1687,1687,0
635659640,NODE_704BCA25B768,child,5,20:50:0D:E7:1C:39,-69,0,624,624,1,1,1688,1688,0
635759761,NODE_704BCA25B768,child,5,20:50:0D:E7:1C:39,-69,0,624,624,1,1,1688,1688,0
635859637,NODE_704BCA25B768,child,5,20:50:0D:E7:1C:39,-69,0,624,624,1,1,1689,1689,0
635959640,NODE_704BCA25B768,child,5,20:50:0D:E7:1C:39,-68,0,624,624,1,1,1689,1689,0
636059636,NODE_704BCA25B768,child,5,20:50:0D:E7:1C:39,-68,0,624,624,1,1,1689,1689,0
636159625,NODE_704BCA25B768,child,5,20:50:0D:E7:1C:39,-68,0,624,624,1,1,1689,1689,0
636259624,NODE_704BCA25B768,child,5,20:50:0D:E7:1C:39,-68,0,624,624,1,1,1689,1689,0
636359632,NODE_704BCA25B768,child,5,20:50:0D:E7:1C:39,-68,0,625,625,1,1,1690,1690,0
636459625,NODE_704BCA25B768,child,5,20:50:0D:E7:1C:39,-68,0,625,625,1,1,1690,1690,0
636559636,NODE_704BCA25B768,child,5,20:50:0D:E7:1C:39,-68,0,625,625,1,1,1690,1690,0
636659628,NODE_704BCA25B768,child,5,20:50:0D:E7:1C:39,-68,0,625,625,1,1,1691,1691,0
636759629,NODE_704BCA25B768,child,5,20:50:0D:E7:1C:39,-68,0,625,625,1,1,1691,1691,0
636859632,NODE_704BCA25B768,child,5,20:50:0D:E7:1C:39,-68,0,625,625,1,1,1692,1692,0
636959640,NODE_704BCA25B768,child,5,20:50:0D:E7:1C:39,-68,0,625,625,1,1,1692,1692,0
637059625,NODE_704BCA25B768,child,5,20:50:0D:E7:1C:39,-68,0,625,625,1,1,1692,1692,0
637159628,NODE_704BCA25B768,child,5,20:50:0D:E7:1C:39,-68,0,625,625,1,1,1692,1692,0
637259636,NODE_704BCA25B768,child,5,20:50:0D:E7:1C:39,-68,0,625,625,1,1,1692,1692,0
637359629,NODE_704BCA25B768,child,5,20:50:0D:E7:1C:39,-68,0,626,626,1,1,1693,1693,0
637459628,NODE_704BCA25B768,child,5,20:50:0D:E7:1C:39,-68,0,626,626,1,1,1693,1693,0
637559636,NODE_704BCA25B768,child,5,20:50:0D:E7:1C:39,-68,0,626,626,1,1,1693,1693,0
637659629,NODE_704BCA25B768,child,5,20:50:0D:E7:1C:39,-68,0,626,626,1,1,1694,1694,0
637759629,NODE_704BCA25B768,child,5,20:50:0D:E7:1C:39,-68,0,626,626,1,1,1694,1694,0
637859632,NODE_704BCA25B768,child,5,20:50:0D:E7:1C:39,-68,0,626,626,1,1,1695,1695,0
637959641,NODE_704BCA25B768,child,5,20:50:0D:E7:1C:39,-68,0,626,626,1,1,1695,1695,0
638059640,NODE_704BCA25B768,child,5,20:50:0D:E7:1C:39,-68,0,626,626,1,1,1695,1695,0
638159628,NODE_704BCA25B768,child,5,20:50:0D:E7:1C:39,-68,0,626,626,1,1,1695,1695,0
638259633,NODE_704BCA25B768,child,5,20:50:0D:E7:1C:39,-68,0,626,626,1,1,1695,1695,0
638359636,NODE_704BCA25B768,child,5,20:50:0D:E7:1C:39,-68,0,627,627,1,1,1696,1696,0
638459624,NODE_704BCA25B768,child,5,20:50:0D:E7:1C:39,-68,0,627,627,1,1,1696,1696,0
638559633,NODE_704BCA25B768,child,5,20:50:0D:E7:1C:39,-68,0,627,627,1,1,1696,1696,0
638659632,NODE_704BCA25B768,child,5,20:50:0D:E7:1C:39,-68,0,627,627,1,1,1697,1697,0
638759636,NODE_704BCA25B768,child,5,20:50:0D:E7:1C:39,-68,0,627,627,1,1,1697,1697,0
638859629,NODE_704BCA25B768,child,5,20:50:0D:E7:1C:39,-68,0,627,627,1,1,1698,1697,0
638959632,NODE_704BCA25B768,child,5,20:50:0D:E7:1C:39,-68,0,627,627,1,1,1698,1698,0
639059644,NODE_704BCA25B768,child,5,20:50:0D:E7:1C:39,-68,0,627,627,1,1,1698,1698,0
639159625,NODE_704BCA25B768,child,5,20:50:0D:E7:1C:39,-68,0,627,627,1,1,1698,1698,0
639259624,NODE_704BCA25B768,child,5,20:50:0D:E7:1C:39,-68,0,627,627,1,1,1698,1698,0
639359628,NODE_704BCA25B768,child,5,20:50:0D:E7:1C:39,-68,0,628,628,1,1,1699,1699,0
639459629,NODE_704BCA25B768,child,5,20:50:0D:E7:1C:39,-68,0,628,628,1,1,1699,1699,0
639559624,NODE_704BCA25B768,child,5,20:50:0D:E7:1C:39,-68,0,628,628,1,1,1699,1699,0
639659632,NODE_704BCA25B768,child,5,20:50:0D:E7:1C:39,-68,0,628,628,1,1,1700,1700,0
639759637,NODE_704BCA25B768,child,5,20:50:0D:E7:1C:39,-68,0,628,628,1,1,1700,1700,0
639859624,NODE_704BCA25B768,child,5,20:50:0D:E7:1C:39,-68,0,628,628,1,1,1700,1700,0
639959628,NODE_704BCA25B768,child,5,20:50:0D:E7:1C:39,-68,0,628,628,1,1,1700,1700,0
640060080,NODE_704BCA25B768,child,5,20:50:0D:E7:1C:39,-69,0,628,628,1,1,1701,1701,0
640159632,NODE_704BCA25B768,child,5,20:50:0D:E7:1C:39,-69,0,628,628,1,1,1701,1701,0
640259628,NODE_704BCA25B768,child,5,20:50:0D:E7:1C:39,-69,0,628,628,1,1,1701,1701,0
640359629,NODE_704BCA25B768,child,5,20:50:0D:E7:1C:39,-69,0,629,629,1,1,1702,1702,0
640459628,NODE_704BCA25B768,child,5,20:50:0D:E7:1C:39,-69,0,629,629,1,1,1702,1702,0
640559628,NODE_704BCA25B768,child,5,20:50:0D:E7:1C:39,-69,0,629,629,1,1,1702,1702,0
640659637,NODE_704BCA25B768,child,5,20:50:0D:E7:1C:39,-69,0,629,629,1,1,1703,1703,0
640759628,NODE_704BCA25B768,child,5,20:50:0D:E7:1C:39,-69,0,629,629,1,1,1703,1703,0
640859636,NODE_704BCA25B768,child,5,20:50:0D:E7:1C:39,-69,0,629,629,1,1,1703,1703,0
640959633,NODE_704BCA25B768,child,5,20:50:0D:E7:1C:39,-69,0,629,629,1,1,1703,1703,0
641059632,NODE_704BCA25B768,child,5,20:50:0D:E7:1C:39,-68,0,629,629,1,1,1704,1703,0
641159632,NODE_704BCA25B768,child,5,20:50:0D:E7:1C:39,-68,0,629,629,1,1,1704,1704,0
641259641,NODE_704BCA25B768,child,5,20:50:0D:E7:1C:39,-68,0,629,629,1,1,1704,1704,0
641359632,NODE_704BCA25B768,child,5,20:50:0D:E7:1C:39,-68,0,630,630,1,1,1705,1705,0
641459628,NODE_704BCA25B768,child,5,20:50:0D:E7:1C:39,-68,0,630,630,1,1,1705,1705,0
641559633,NODE_704BCA25B768,child,5,20:50:0D:E7:1C:39,-68,0,630,630,1,1,1705,1705,0
641659644,NODE_704BCA25B768,child,5,20:50:0D:E7:1C:39,-68,0,630,630,1,1,1706,1706,0
641759624,NODE_704BCA25B768,child,5,20:50:0D:E7:1C:39,-68,0,630,630,1,1,1706,1706,0
641859625,NODE_704BCA25B768,child,5,20:50:0D:E7:1C:39,-68,0,630,630,1,1,1706,1706,0
641959628,NODE_704BCA25B768,child,5,20:50:0D:E7:1C:39,-68,0,630,630,1,1,1706,1706,0
642059636,NODE_704BCA25B768,child,5,20:50:0D:E7:1C:39,-68,0,630,630,1,1,1706,1706,0
642159633,NODE_704BCA25B768,child,5,20:50:0D:E7:1C:39,-68,0,630,630,1,1,1707,1707,0
642259632,NODE_704BCA25B768,child,5,20:50:0D:E7:1C:39,-68,0,630,630,1,1,1707,1707,0
642359628,NODE_704BCA25B768,child,5,20:50:0D:E7:1C:39,-68,0,631,631,1,1,1708,1708,0
642459629,NODE_704BCA25B768,child,5,20:50:0D:E7:1C:39,-68,0,631,631,1,1,1708,1708,0
642559632,NODE_704BCA25B768,child,5,20:50:0D:E7:1C:39,-68,0,631,631,1,1,1708,1708,0
642659628,NODE_704BCA25B768,child,5,20:50:0D:E7:1C:39,-68,0,631,631,1,1,1709,1709,0
642759642,NODE_704BCA25B768,child,5,20:50:0D:E7:1C:39,-68,0,631,631,1,1,1709,1709,0
642859624,NODE_704BCA25B768,child,5,20:50:0D:E7:1C:39,-68,0,631,631,1,1,1709,1709,0
642959628,NODE_704BCA25B768,child,5,20:50:0D:E7:1C:39,-68,0,631,631,1,1,1709,1709,0
643059625,NODE_704BCA25B768,child,5,20:50:0D:E7:1C:39,-68,0,631,631,1,1,1709,1709,0
643159644,NODE_704BCA25B768,child,5,20:50:0D:E7:1C:39,-68,0,631,631,1,1,1710,1710,0
643259628,NODE_704BCA25B768,child,5,20:50:0D:E7:1C:39,-68,0,631,631,1,1,1710,1710,0
643359633,NODE_704BCA25B768,child,5,20:50:0D:E7:1C:39,-68,0,632,632,1,1,1711,1711,0
643459624,NODE_704BCA25B768,child,5,20:50:0D:E7:1C:39,-68,0,632,632,1,1,1711,1711,0
643559624,NODE_704BCA25B768,child,5,20:50:0D:E7:1C:39,-68,0,632,632,1,1,1711,1711,0
643659633,NODE_704BCA25B768,child,5,20:50:0D:E7:1C:39,-68,0,632,632,1,1,1712,1712,0
643759632,NODE_704BCA25B768,child,5,20:50:0D:E7:1C:39,-68,0,632,632,1,1,1712,1712,0
643859640,NODE_704BCA25B768,child,5,20:50:0D:E7:1C:39,-68,0,632,632,1,1,1712,1712,0
643959633,NODE_704BCA25B768,child,5,20:50:0D:E7:1C:39,-68,0,632,632,1,1,1712,1712,0
644059640,NODE_704BCA25B768,child,5,20:50:0D:E7:1C:39,-68,0,632,632,1,1,1712,1712,0
644159632,NODE_704BCA25B768,child,5,20:50:0D:E7:1C:39,-67,0,632,632,1,1,1713,1713,0
644259637,NODE_704BCA25B768,child,5,20:50:0D:E7:1C:39,-67,0,632,632,1,1,1713,1713,0
644359628,NODE_704BCA25B768,child,5,20:50:0D:E7:1C:39,-67,0,633,633,1,1,1714,1714,0
644459628,NODE_704BCA25B768,child,5,20:50:0D:E7:1C:39,-67,0,633,633,1,1,1714,1714,0
644559641,NODE_704BCA25B768,child,5,20:50:0D:E7:1C:39,-67,0,633,633,1,1,1714,1714,0
644659640,NODE_704BCA25B768,child,5,20:50:0D:E7:1C:39,-67,0,633,633,1,1,1715,1715,0
644759632,NODE_704BCA25B768,child,5,20:50:0D:E7:1C:39,-67,0,633,633,1,1,1715,1715,0
644859625,NODE_704BCA25B768,child,5,20:50:0D:E7:1C:39,-67,0,633,633,1,1,1715,1715,0
644959628,NODE_704BCA25B768,child,5,20:50:0D:E7:1C:39,-67,0,633,633,1,1,1715,1715,0
645059632,NODE_704BCA25B768,child,5,20:50:0D:E7:1C:39,-67,0,633,633,1,1,1715,1715,0
645159637,NODE_704BCA25B768,child,5,20:50:0D:E7:1C:39,-68,0,633,633,1,1,1716,1716,0
645259632,NODE_704BCA25B768,child,5,20:50:0D:E7:1C:39,-68,0,633,633,1,1,1716,1716,0
645359636,NODE_704BCA25B768,child,5,20:50:0D:E7:1C:39,-68,0,634,634,1,1,1717,1717,0
645459625,NODE_704BCA25B768,child,5,20:50:0D:E7:1C:39,-68,0,634,634,1,1,1717,1717,0
645559624,NODE_704BCA25B768,child,5,20:50:0D:E7:1C:39,-68,0,634,634,1,1,1717,1717,0
645659628,NODE_704BCA25B768,child,5,20:50:0D:E7:1C:39,-68,0,634,634,1,1,1718,1718,0
645759645,NODE_704BCA25B768,child,5,20:50:0D:E7:1C:39,-68,0,634,634,1,1,1718,1718,0
645859624,NODE_704BCA25B768,child,5,20:50:0D:E7:1C:39,-68,0,634,634,1,1,1718,1718,0
645959628,NODE_704BCA25B768,child,5,20:50:0D:E7:1C:39,-68,0,634,634,1,1,1718,1718,0
646059625,NODE_704BCA25B768,child,5,20:50:0D:E7:1C:39,-68,0,634,634,1,1,1718,1718,0
646159636,NODE_704BCA25B768,child,5,20:50:0D:E7:1C:39,-68,0,634,634,1,1,1719,1719,0
646259628,NODE_704BCA25B768,child,5,20:50:0D:E7:1C:39,-68,0,634,634,1,1,1719,1719,0
646359629,NODE_704BCA25B768,child,5,20:50:0D:E7:1C:39,-68,0,635,635,1,1,1720,1720,0
646459628,NODE_704BCA25B768,child,5,20:50:0D:E7:1C:39,-68,0,635,635,1,1,1720,1720,0
646559624,NODE_704BCA25B768,child,5,20:50:0D:E7:1C:39,-68,0,635,635,1,1,1720,1720,0
646659633,NODE_704BCA25B768,child,5,20:50:0D:E7:1C:39,-68,0,635,635,1,1,1721,1721,0
646759628,NODE_704BCA25B768,child,5,20:50:0D:E7:1C:39,-68,0,635,635,1,1,1721,1721,0
646859644,NODE_704BCA25B768,child,5,20:50:0D:E7:1C:39,-68,0,635,635,1,1,1721,1721,0
646959629,NODE_704BCA25B768,child,5,20:50:0D:E7:1C:39,-68,0,635,635,1,1,1721,1721,0
647059636,NODE_704BCA25B768,child,5,20:50:0D:E7:1C:39,-68,0,635,635,1,1,1721,1721,0
647159632,NODE_704BCA25B768,child,5,20:50:0D:E7:1C:39,-68,0,635,635,1,1,1722,1722,0
647259650,NODE_704BCA25B768,child,5,20:50:0D:E7:1C:39,-68,0,635,635,1,1,1722,1722,0
647359628,NODE_704BCA25B768,child,5,20:50:0D:E7:1C:39,-68,0,636,636,1,1,1723,1723,0
647459628,NODE_704BCA25B768,child,5,20:50:0D:E7:1C:39,-68,0,636,636,1,1,1723,1723,0
647559633,NODE_704BCA25B768,child,5,20:50:0D:E7:1C:39,-68,0,636,636,1,1,1723,1723,0
647659628,NODE_704BCA25B768,child,5,20:50:0D:E7:1C:39,-68,0,636,636,1,1,1724,1724,0
647759629,NODE_704BCA25B768,child,5,20:50:0D:E7:1C:39,-68,0,636,636,1,1,1724,1724,0
647859633,NODE_704BCA25B768,child,5,20:50:0D:E7:1C:39,-68,0,636,636,1,1,1724,1724,0
647959624,NODE_704BCA25B768,child,5,20:50:0D:E7:1C:39,-68,0,636,636,1,1,1724,1724,0
648059628,NODE_704BCA25B768,child,5,20:50:0D:E7:1C:39,-68,0,636,636,1,1,1724,1724,0
648159633,NODE_704BCA25B768,child,5,20:50:0D:E7:1C:39,-68,0,636,636,1,1,1725,1725,0
648259644,NODE_704BCA25B768,child,5,20:50:0D:E7:1C:39,-68,0,636,636,1,1,1725,1725,0
648359628,NODE_704BCA25B768,child,5,20:50:0D:E7:1C:39,-68,0,637,637,1,1,1726,1726,0
648459629,NODE_704BCA25B768,child,5,20:50:0D:E7:1C:39,-68,0,637,637,1,1,1726,1726,0
648559624,NODE_704BCA25B768,child,5,20:50:0D:E7:1C:39,-68,0,637,637,1,1,1726,1726,0
648659632,NODE_704BCA25B768,child,5,20:50:0D:E7:1C:39,-68,0,637,637,1,1,1727,1727,0
648759629,NODE_704BCA25B768,child,5,20:50:0D:E7:1C:39,-68,0,637,637,1,1,1727,1727,0
648859628,NODE_704BCA25B768,child,5,20:50:0D:E7:1C:39,-68,0,637,637,1,1,1727,1727,0
648959632,NODE_704BCA25B768,child,5,20:50:0D:E7:1C:39,-68,0,637,637,1,1,1727,1727,0
649059629,NODE_704BCA25B768,child,5,20:50:0D:E7:1C:39,-68,0,637,637,1,1,1727,1727,0
649159632,NODE_704BCA25B768,child,5,20:50:0D:E7:1C:39,-68,0,637,637,1,1,1728,1728,0
649259640,NODE_704BCA25B768,child,5,20:50:0D:E7:1C:39,-68,0,637,637,1,1,1728,1728,0
649359629,NODE_704BCA25B768,child,5,20:50:0D:E7:1C:39,-68,0,638,638,1,1,1729,1729,0
649459628,NODE_704BCA25B768,child,5,20:50:0D:E7:1C:39,-68,0,638,638,1,1,1729,1729,0
649559632,NODE_704BCA25B768,child,5,20:50:0D:E7:1C:39,-68,0,638,638,1,1,1729,1729,0
649659629,NODE_704BCA25B768,child,5,20:50:0D:E7:1C:39,-68,0,638,638,1,1,1730,1730,0
649759628,NODE_704BCA25B768,child,5,20:50:0D:E7:1C:39,-68,0,638,638,1,1,1730,1730,0
649859644,NODE_704BCA25B768,child,5,20:50:0D:E7:1C:39,-68,0,638,638,1,1,1730,1730,0
649959629,NODE_704BCA25B768,child,5,20:50:0D:E7:1C:39,-68,0,638,638,1,1,1730,1730,0
650059636,NODE_704BCA25B768,child,5,20:50:0D:E7:1C:39,-68,0,638,638,1,1,1730,1730,0
650159628,NODE_704BCA25B768,child,5,20:50:0D:E7:1C:39,-68,0,638,638,1,1,1731,1731,0
650259645,NODE_704BCA25B768,child,5,20:50:0D:E7:1C:39,-67,0,638,638,1,1,1731,1731,0
650359632,NODE_704BCA25B768,child,5,20:50:0D:E7:1C:39,-67,0,639,639,1,1,1732,1732,0
650459628,NODE_704BCA25B768,child,5,20:50:0D:E7:1C:39,-67,0,639,639,1,1,1732,1732,0
650559633,NODE_704BCA25B768,child,5,20:50:0D:E7:1C:39,-67,0,639,639,1,1,1732,1732,0
650659628,NODE_704BCA25B768,child,5,20:50:0D:E7:1C:39,-67,0,639,639,1,1,1733,1733,0
650759628,NODE_704BCA25B768,child,5,20:50:0D:E7:1C:39,-67,0,639,639,1,1,1733,1733,0
650859633,NODE_704BCA25B768,child,5,20:50:0D:E7:1C:39,-67,0,639,639,1,1,1733,1733,0
650959624,NODE_704BCA25B768,child,5,20:50:0D:E7:1C:39,-67,0,639,639,1,1,1733,1733,0
651059628,NODE_704BCA25B768,child,5,20:50:0D:E7:1C:39,-67,0,639,639,1,1,1733,1733,0
651159625,NODE_704BCA25B768,child,5,20:50:0D:E7:1C:39,-67,0,639,639,1,1,1733,1733,0
651259628,NODE_704BCA25B768,child,5,20:50:0D:E7:1C:39,-67,0,639,639,1,1,1734,1734,0
651359632,NODE_704BCA25B768,child,5,20:50:0D:E7:1C:39,-68,0,640,640,1,1,1735,1735,0
651459633,NODE_704BCA25B768,child,5,20:50:0D:E7:1C:39,-68,0,640,640,1,1,1735,1735,0
651559628,NODE_704BCA25B768,child,5,20:50:0D:E7:1C:39,-68,0,640,640,1,1,1735,1735,0
651659632,NODE_704BCA25B768,child,5,20:50:0D:E7:1C:39,-68,0,640,640,1,1,1736,1736,0
651759629,NODE_704BCA25B768,child,5,20:50:0D:E7:1C:39,-68,0,640,640,1,1,1736,1736,0
651859624,NODE_704BCA25B768,child,5,20:50:0D:E7:1C:39,-68,0,640,640,1,1,1736,1736,0
651959636,NODE_704BCA25B768,child,5,20:50:0D:E7:1C:39,-68,0,640,640,1,1,1736,1736,0
652059625,NODE_704BCA25B768,child,5,20:50:0D:E7:1C:39,-68,0,640,640,1,1,1736,1736,0
652159628,NODE_704BCA25B768,child,5,20:50:0D:E7:1C:39,-68,0,640,640,1,1,1736,1736,0
652259628,NODE_704BCA25B768,child,5,20:50:0D:E7:1C:39,-68,0,640,640,1,1,1736,1736,0
652359845,NODE_704BCA25B768,child,5,20:50:0D:E7:1C:39,-71,0,641,641,1,1,1738,1738,0
652459628,NODE_704BCA25B768,child,5,20:50:0D:E7:1C:39,-71,0,641,641,1,1,1738,1738,0
652559632,NODE_704BCA25B768,child,5,20:50:0D:E7:1C:39,-71,0,641,641,1,1,1738,1738,0
652659629,NODE_704BCA25B768,child,5,20:50:0D:E7:1C:39,-71,0,641,641,1,1,1739,1739,0
652759637,NODE_704BCA25B768,child,5,20:50:0D:E7:1C:39,-71,0,641,641,1,1,1739,1739,0
652859640,NODE_704BCA25B768,child,5,20:50:0D:E7:1C:39,-71,0,641,641,1,1,1739,1739,0
652959633,NODE_704BCA25B768,child,5,20:50:0D:E7:1C:39,-71,0,641,641,1,1,1739,1739,0
653059640,NODE_704BCA25B768,child,5,20:50:0D:E7:1C:39,-71,0,641,641,1,1,1739,1739,0
653159628,NODE_704BCA25B768,child,5,20:50:0D:E7:1C:39,-71,0,641,641,1,1,1739,1739,0
653259629,NODE_704BCA25B768,child,5,20:50:0D:E7:1C:39,-71,0,641,641,1,1,1739,1739,0
653359632,NODE_704BCA25B768,child,5,20:50:0D:E7:1C:39,-69,0,641,641,1,1,1741,1741,0
653459624,NODE_704BCA25B768,child,5,20:50:0D:E7:1C:39,-69,0,642,642,1,1,1741,1741,0
653559633,NODE_704BCA25B768,child,5,20:50:0D:E7:1C:39,-69,0,642,642,1,1,1741,1741,0
653659628,NODE_704BCA25B768,child,5,20:50:0D:E7:1C:39,-69,0,642,642,1,1,1742,1742,0
653759636,NODE_704BCA25B768,child,5,20:50:0D:E7:1C:39,-69,0,642,642,1,1,1742,1742,0
653859629,NODE_704BCA25B768,child,5,20:50:0D:E7:1C:39,-69,0,642,642,1,1,1742,1742,0
653959632,NODE_704BCA25B768,child,5,20:50:0D:E7:1C:39,-69,0,642,642,1,1,1742,1742,0
654059624,NODE_704BCA25B768,child,5,20:50:0D:E7:1C:39,-69,0,642,642,1,1,1742,1742,0
654159625,NODE_704BCA25B768,child,5,20:50:0D:E7:1C:39,-69,0,642,642,1,1,1742,1742,0
654259632,NODE_704BCA25B768,child,5,20:50:0D:E7:1C:39,-69,0,642,642,1,1,1742,1742,0
654360405,NODE_704BCA25B768,child,5,20:50:0D:E7:1C:39,-67,0,642,642,1,1,1743,1743,0
654459641,NODE_704BCA25B768,child,5,20:50:0D:E7:1C:39,-67,0,643,643,1,1,1744,1744,0
654559628,NODE_704BCA25B768,child,5,20:50:0D:E7:1C:39,-67,0,643,643,1,1,1744,1744,0
654659632,NODE_704BCA25B768,child,5,20:50:0D:E7:1C:39,-67,0,643,643,1,1,1745,1745,0
654759625,NODE_704BCA25B768,child,5,20:50:0D:E7:1C:39,-67,0,643,643,1,1,1745,1745,0
654859628,NODE_704BCA25B768,child,5,20:50:0D:E7:1C:39,-67,0,643,643,1,1,1745,1745,0
654959640,NODE_704BCA25B768,child,5,20:50:0D:E7:1C:39,-67,0,643,643,1,1,1745,1745,0
655059625,NODE_704BCA25B768,child,5,20:50:0D:E7:1C:39,-67,0,643,643,1,1,1745,1745,0
655159628,NODE_704BCA25B768,child,5,20:50:0D:E7:1C:39,-67,0,643,643,1,1,1745,1745,0
655259624,NODE_704BCA25B768,child,5,20:50:0D:E7:1C:39,-67,0,643,643,1,1,1745,1745,0
655359629,NODE_704BCA25B768,child,5,20:50:0D:E7:1C:39,-67,0,643,643,1,1,1746,1746,0
655459632,NODE_704BCA25B768,child,5,20:50:0D:E7:1C:39,-68,0,644,644,1,1,1747,1747,0
655559632,NODE_704BCA25B768,child,5,20:50:0D:E7:1C:39,-68,0,644,644,1,1,1747,1747,0
655659629,NODE_704BCA25B768,child,5,20:50:0D:E7:1C:39,-68,0,644,644,1,1,1748,1748,0
655759628,NODE_704BCA25B768,child,5,20:50:0D:E7:1C:39,-68,0,644,644,1,1,1748,1748,0
655859636,NODE_704BCA25B768,child,5,20:50:0D:E7:1C:39,-68,0,644,644,1,1,1748,1748,0
655959629,NODE_704BCA25B768,child,5,20:50:0D:E7:1C:39,-68,0,644,644,1,1,1748,1748,0
656059644,NODE_704BCA25B768,child,5,20:50:0D:E7:1C:39,-68,0,644,644,1,1,1748,1748,0
656159624,NODE_704BCA25B768,child,5,20:50:0D:E7:1C:39,-68,0,644,644,1,1,1748,1748,0
656259633,NODE_704BCA25B768,child,5,20:50:0D:E7:1C:39,-68,0,644,644,1,1,1748,1748,0
656359632,NODE_704BCA25B768,child,5,20:50:0D:E7:1C:39,-68,0,644,644,1,1,1749,1749,0
656459632,NODE_704BCA25B768,child,5,20:50:0D:E7:1C:39,-68,0,645,645,1,1,1749,1749,0
656559629,NODE_704BCA25B768,child,5,20:50:0D:E7:1C:39,-68,0,645,645,1,1,1749,1749,0
656659636,NODE_704BCA25B768,child,5,20:50:0D:E7:1C:39,-68,0,645,645,1,1,1750,1750,0
656759632,NODE_704BCA25B768,child,5,20:50:0D:E7:1C:39,-68,0,645,645,1,1,1750,1750,0
656859633,NODE_704BCA25B768,child,5,20:50:0D:E7:1C:39,-68,0,645,645,1,1,1750,1750,0
656959628,NODE_704BCA25B768,child,5,20:50:0D:E7:1C:39,-68,0,645,645,1,1,1750,1750,0
657059628,NODE_704BCA25B768,child,5,20:50:0D:E7:1C:39,-68,0,645,645,1,1,1750,1750,0
657159625,NODE_704BCA25B768,child,5,20:50:0D:E7:1C:39,-68,0,645,645,1,1,1750,1750,0
657259624,NODE_704BCA25B768,child,5,20:50:0D:E7:1C:39,-68,0,645,645,1,1,1750,1750,0
657359628,NODE_704BCA25B768,child,5,20:50:0D:E7:1C:39,-68,0,645,645,1,1,1751,1751,0
657459637,NODE_704BCA25B768,child,5,20:50:0D:E7:1C:39,-68,0,646,646,1,1,1751,1751,0
657559624,NODE_704BCA25B768,child,5,20:50:0D:E7:1C:39,-68,0,646,646,1,1,1751,1751,0
657659628,NODE_704BCA25B768,child,5,20:50:0D:E7:1C:39,-68,0,646,646,1,1,1752,1752,0
657759630,NODE_704BCA25B768,child,5,20:50:0D:E7:1C:39,-68,0,646,646,1,1,1752,1752,0
657859624,NODE_704BCA25B768,child,5,20:50:0D:E7:1C:39,-68,0,646,646,1,1,1752,1752,0
657959624,NODE_704BCA25B768,child,5,20:50:0D:E7:1C:39,-68,0,646,646,1,1,1752,1752,0
658059641,NODE_704BCA25B768,child,5,20:50:0D:E7:1C:39,-68,0,646,646,1,1,1752,1752,0
658159628,NODE_704BCA25B768,child,5,20:50:0D:E7:1C:39,-68,0,646,646,1,1,1752,1752,0
658259628,NODE_704BCA25B768,child,5,20:50:0D:E7:1C:39,-68,0,646,646,1,1,1752,1752,0
658359637,NODE_704BCA25B768,child,5,20:50:0D:E7:1C:39,-68,0,646,646,1,1,1753,1753,0
658459636,NODE_704BCA25B768,child,5,20:50:0D:E7:1C:39,-68,0,647,647,1,1,1753,1753,0
658559632,NODE_704BCA25B768,child,5,20:50:0D:E7:1C:39,-68,0,647,647,1,1,1753,1753,0
658659629,NODE_704BCA25B768,child,5,20:50:0D:E7:1C:39,-68,0,647,647,1,1,1754,1754,0
658759628,NODE_704BCA25B768,child,5,20:50:0D:E7:1C:39,-68,0,647,647,1,1,1754,1754,0
658859636,NODE_704BCA25B768,child,5,20:50:0D:E7:1C:39,-68,0,647,647,1,1,1754,1754,0
658959629,NODE_704BCA25B768,child,5,20:50:0D:E7:1C:39,-68,0,647,647,1,1,1754,1754,0
659059640,NODE_704BCA25B768,child,5,20:50:0D:E7:1C:39,-68,0,647,647,1,1,1754,1754,0
659159624,NODE_704BCA25B768,child,5,20:50:0D:E7:1C:39,-68,0,647,647,1,1,1754,1754,0
659259633,NODE_704BCA25B768,child,5,20:50:0D:E7:1C:39,-68,0,647,647,1,1,1754,1754,0
659359632,NODE_704BCA25B768,child,5,20:50:0D:E7:1C:39,-68,0,647,647,1,1,1755,1755,0
659459632,NODE_704BCA25B768,child,5,20:50:0D:E7:1C:39,-68,0,648,648,1,1,1755,1755,0
659559637,NODE_704BCA25B768,child,5,20:50:0D:E7:1C:39,-68,0,648,648,1,1,1755,1755,0
659659628,NODE_704BCA25B768,child,5,20:50:0D:E7:1C:39,-68,0,648,648,1,1,1756,1756,0
659759640,NODE_704BCA25B768,child,5,20:50:0D:E7:1C:39,-68,0,648,648,1,1,1756,1756,0
659859625,NODE_704BCA25B768,child,5,20:50:0D:E7:1C:39,-68,0,648,648,1,1,1756,1756,0
659959628,NODE_704BCA25B768,child,5,20:50:0D:E7:1C:39,-68,0,648,648,1,1,1756,1756,0
660059640,NODE_704BCA25B768,child,5,20:50:0D:E7:1C:39,-68,0,648,648,1,1,1757,1757,0
660159633,NODE_704BCA25B768,child,5,20:50:0D:E7:1C:39,-68,0,648,648,1,1,1757,1757,0
660259624,NODE_704BCA25B768,child,5,20:50:0D:E7:1C:39,-68,0,648,648,1,1,1757,1757,0
660359628,NODE_704BCA25B768,child,5,20:50:0D:E7:1C:39,-68,0,648,648,1,1,1758,1758,0
660459633,NODE_704BCA25B768,child,5,20:50:0D:E7:1C:39,-68,0,649,649,1,1,1758,1758,0
660559636,NODE_704BCA25B768,child,5,20:50:0D:E7:1C:39,-68,0,649,649,1,1,1758,1758,0
660659628,NODE_704BCA25B768,child,5,20:50:0D:E7:1C:39,-68,0,649,649,1,1,1759,1759,0
660759629,NODE_704BCA25B768,child,5,20:50:0D:E7:1C:39,-68,0,649,649,1,1,1759,1759,0
660859624,NODE_704BCA25B768,child,5,20:50:0D:E7:1C:39,-68,0,649,649,1,1,1759,1759,0
660959624,NODE_704BCA25B768,child,5,20:50:0D:E7:1C:39,-68,0,649,649,1,1,1759,1759,0
661059637,NODE_704BCA25B768,child,5,20:50:0D:E7:1C:39,-68,0,649,649,1,1,1760,1760,0
661159636,NODE_704BCA25B768,child,5,20:50:0D:E7:1C:39,-68,0,649,649,1,1,1760,1760,0
661259624,NODE_704BCA25B768,child,5,20:50:0D:E7:1C:39,-68,0,649,649,1,1,1760,1760,0
661359625,NODE_704BCA25B768,child,5,20:50:0D:E7:1C:39,-68,0,649,649,1,1,1761,1761,0
661459632,NODE_704BCA25B768,child,5,20:50:0D:E7:1C:39,-68,0,650,650,1,1,1761,1761,0
661559641,NODE_704BCA25B768,child,5,20:50:0D:E7:1C:39,-68,0,650,650,1,1,1761,1761,0
661659629,NODE_704BCA25B768,child,5,20:50:0D:E7:1C:39,-68,0,650,650,1,1,1762,1762,0
661759632,NODE_704BCA25B768,child,5,20:50:0D:E7:1C:39,-68,0,650,650,1,1,1762,1762,0
661859636,NODE_704BCA25B768,child,5,20:50:0D:E7:1C:39,-68,0,650,650,1,1,1762,1762,0
661959633,NODE_704BCA25B768,child,5,20:50:0D:E7:1C:39,-68,0,650,650,1,1,1762,1762,0
662060177,NODE_704BCA25B768,child,5,20:50:0D:E7:1C:39,-68,0,650,650,1,1,1763,1763,0
662159628,NODE_704BCA25B768,child,5,20:50:0D:E7:1C:39,-68,0,650,650,1,1,1763,1763,0
662259633,NODE_704BCA25B768,child,5,20:50:0D:E7:1C:39,-68,0,650,650,1,1,1763,1763,0
662359624,NODE_704BCA25B768,child,5,20:50:0D:E7:1C:39,-68,0,650,650,1,1,1764,1764,0
662459632,NODE_704BCA25B768,child,5,20:50:0D:E7:1C:39,-68,0,651,651,1,1,1764,1764,0
662559637,NODE_704BCA25B768,child,5,20:50:0D:E7:1C:39,-68,0,651,651,1,1,1764,1764,0
662659628,NODE_704BCA25B768,child,5,20:50:0D:E7:1C:39,-68,0,651,651,1,1,1765,1765,0
662759629,NODE_704BCA25B768,child,5,20:50:0D:E7:1C:39,-68,0,651,651,1,1,1765,1765,0
662859625,NODE_704BCA25B768,child,5,20:50:0D:E7:1C:39,-68,0,651,651,1,1,1765,1765,0
662959636,NODE_704BCA25B768,child,5,20:50:0D:E7:1C:39,-68,0,651,651,1,1,1765,1765,0
663059632,NODE_704BCA25B768,child,5,20:50:0D:E7:1C:39,-68,0,651,651,1,1,1766,1766,0
663159633,NODE_704BCA25B768,child,5,20:50:0D:E7:1C:39,-68,0,651,651,1,1,1766,1766,0
663259628,NODE_704BCA25B768,child,5,20:50:0D:E7:1C:39,-68,0,651,651,1,1,1766,1766,0
663359632,NODE_704BCA25B768,child,5,20:50:0D:E7:1C:39,-68,0,651,651,1,1,1767,1767,0
663459625,NODE_704BCA25B768,child,5,20:50:0D:E7:1C:39,-68,0,652,652,1,1,1767,1767,0
663559640,NODE_704BCA25B768,child,5,20:50:0D:E7:1C:39,-68,0,652,652,1,1,1767,1767,0
663659628,NODE_704BCA25B768,child,5,20:50:0D:E7:1C:39,-68,0,652,652,1,1,1768,1768,0
663759629,NODE_704BCA25B768,child,5,20:50:0D:E7:1C:39,-68,0,652,652,1,1,1768,1768,0
663859624,NODE_704BCA25B768,child,5,20:50:0D:E7:1C:39,-68,0,652,652,1,1,1768,1768,0
663959624,NODE_704BCA25B768,child,5,20:50:0D:E7:1C:39,-68,0,652,652,1,1,1768,1768,0
664059629,NODE_704BCA25B768,child,5,20:50:0D:E7:1C:39,-68,0,652,652,1,1,1769,1769,0
664159632,NODE_704BCA25B768,child,5,20:50:0D:E7:1C:39,-68,0,652,652,1,1,1769,1769,0
664259628,NODE_704BCA25B768,child,5,20:50:0D:E7:1C:39,-68,0,652,652,1,1,1769,1769,0
664359637,NODE_704BCA25B768,child,5,20:50:0D:E7:1C:39,-68,0,652,652,1,1,1770,1770,0
664459628,NODE_704BCA25B768,child,5,20:50:0D:E7:1C:39,-68,0,653,653,1,1,1770,1770,0
664559628,NODE_704BCA25B768,child,5,20:50:0D:E7:1C:39,-68,0,653,653,1,1,1770,1770,0
664659645,NODE_704BCA25B768,child,5,20:50:0D:E7:1C:39,-68,0,653,653,1,1,1771,1771,0
664759636,NODE_704BCA25B768,child,5,20:50:0D:E7:1C:39,-68,0,653,653,1,1,1771,1771,0
664859632,NODE_704BCA25B768,child,5,20:50:0D:E7:1C:39,-68,0,653,653,1,1,1771,1771,0
664959633,NODE_704BCA25B768,child,5,20:50:0D:E7:1C:39,-68,0,653,653,1,1,1771,1771,0
665059628,NODE_704BCA25B768,child,5,20:50:0D:E7:1C:39,-68,0,653,653,1,1,1771,1771,0
665159624,NODE_704BCA25B768,child,5,20:50:0D:E7:1C:39,-68,0,653,653,1,1,1772,1772,0
665259641,NODE_704BCA25B768,child,5,20:50:0D:E7:1C:39,-68,0,653,653,1,1,1772,1772,0
665359632,NODE_704BCA25B768,child,5,20:50:0D:E7:1C:39,-68,0,653,653,1,1,1773,1773,0
665459628,NODE_704BCA25B768,child,5,20:50:0D:E7:1C:39,-68,0,654,654,1,1,1773,1773,0
665559637,NODE_704BCA25B768,child,5,20:50:0D:E7:1C:39,-68,0,654,654,1,1,1773,1773,0
665659632,NODE_704BCA25B768,child,5,20:50:0D:E7:1C:39,-68,0,654,654,1,1,1774,1774,0
665759628,NODE_704BCA25B768,child,5,20:50:0D:E7:1C:39,-68,0,654,654,1,1,1774,1774,0
665859625,NODE_704BCA25B768,child,5,20:50:0D:E7:1C:39,-68,0,654,654,1,1,1774,1774,0
665959636,NODE_704BCA25B768,child,5,20:50:0D:E7:1C:39,-68,0,654,654,1,1,1774,1774,0
666059624,NODE_704BCA25B768,child,5,20:50:0D:E7:1C:39,-68,0,654,654,1,1,1774,1774,0
666159629,NODE_704BCA25B768,child,5,20:50:0D:E7:1C:39,-68,0,654,654,1,1,1775,1775,0
666259636,NODE_704BCA25B768,child,5,20:50:0D:E7:1C:39,-68,0,654,654,1,1,1775,1775,0
666359632,NODE_704BCA25B768,child,5,20:50:0D:E7:1C:39,-68,0,654,654,1,1,1776,1776,0
666459629,NODE_704BCA25B768,child,5,20:50:0D:E7:1C:39,-68,0,655,655,1,1,1776,1776,0
666559632,NODE_704BCA25B768,child,5,20:50:0D:E7:1C:39,-68,0,655,655,1,1,1776,1776,0
666659632,NODE_704BCA25B768,child,5,20:50:0D:E7:1C:39,-68,0,655,655,1,1,1777,1777,0
666759637,NODE_704BCA25B768,child,5,20:50:0D:E7:1C:39,-68,0,655,655,1,1,1777,1777,0
666859628,NODE_704BCA25B768,child,5,20:50:0D:E7:1C:39,-68,0,655,655,1,1,1777,1777,0
666959628,NODE_704BCA25B768,child,5,20:50:0D:E7:1C:39,-68,0,655,655,1,1,1777,1777,0
667059637,NODE_704BCA25B768,child,5,20:50:0D:E7:1C:39,-68,0,655,655,1,1,1777,1777,0
667159628,NODE_704BCA25B768,child,5,20:50:0D:E7:1C:39,-68,0,655,655,1,1,1778,1778,0
667259632,NODE_704BCA25B768,child,5,20:50:0D:E7:1C:39,-68,0,655,655,1,1,1778,1778,0
667359629,NODE_704BCA25B768,child,5,20:50:0D:E7:1C:39,-68,0,655,655,1,1,1779,1779,0
667459628,NODE_704BCA25B768,child,5,20:50:0D:E7:1C:39,-68,0,656,656,1,1,1779,1779,0
667559624,NODE_704BCA25B768,child,5,20:50:0D:E7:1C:39,-68,0,656,656,1,1,1779,1779,0
667659641,NODE_704BCA25B768,child,5,20:50:0D:E7:1C:39,-68,0,656,656,1,1,1779,1779,0
667759641,NODE_704BCA25B768,child,5,20:50:0D:E7:1C:39,-68,0,656,656,1,1,1780,1780,0
667859636,NODE_704BCA25B768,child,5,20:50:0D:E7:1C:39,-68,0,656,656,1,1,1780,1780,0
667959629,NODE_704BCA25B768,child,5,20:50:0D:E7:1C:39,-68,0,656,656,1,1,1780,1780,0
668059624,NODE_704BCA25B768,child,5,20:50:0D:E7:1C:39,-68,0,656,656,1,1,1780,1780,0
668159636,NODE_704BCA25B768,child,5,20:50:0D:E7:1C:39,-68,0,656,656,1,1,1780,1780,0
668259625,NODE_704BCA25B768,child,5,20:50:0D:E7:1C:39,-68,0,656,656,1,1,1781,1781,0
668359632,NODE_704BCA25B768,child,5,20:50:0D:E7:1C:39,-68,0,656,656,1,1,1782,1782,0
668459628,NODE_704BCA25B768,child,5,20:50:0D:E7:1C:39,-68,0,657,657,1,1,1782,1782,0
668559625,NODE_704BCA25B768,child,5,20:50:0D:E7:1C:39,-68,0,657,657,1,1,1782,1782,0
668660399,NODE_704BCA25B768,child,5,20:50:0D:E7:1C:39,-68,0,657,657,1,1,1782,1782,0
668759632,NODE_704BCA25B768,child,5,20:50:0D:E7:1C:39,-64,0,657,657,1,1,1783,1783,0
668859629,NODE_704BCA25B768,child,5,20:50:0D:E7:1C:39,-64,0,657,657,1,1,1783,1783,0
668959636,NODE_704BCA25B768,child,5,20:50:0D:E7:1C:39,-64,0,657,657,1,1,1783,1783,0
669059624,NODE_704BCA25B768,child,5,20:50:0D:E7:1C:39,-64,0,657,657,1,1,1783,1783,0
669159625,NODE_704BCA25B768,child,5,20:50:0D:E7:1C:39,-64,0,657,657,1,1,1783,1783,0
669259628,NODE_704BCA25B768,child,5,20:50:0D:E7:1C:39,-64,0,657,657,1,1,1784,1784,0
669359628,NODE_704BCA25B768,child,5,20:50:0D:E7:1C:39,-64,0,657,657,1,1,1785,1785,0
669459629,NODE_704BCA25B768,child,5,20:50:0D:E7:1C:39,-64,0,658,658,1,1,1785,1785,0
669559632,NODE_704BCA25B768,child,5,20:50:0D:E7:1C:39,-64,0,658,658,1,1,1785,1785,0
669659628,NODE_704BCA25B768,child,5,20:50:0D:E7:1C:39,-64,0,658,658,1,1,1785,1785,0
669759637,NODE_704BCA25B768,child,5,20:50:0D:E7:1C:39,-68,0,658,658,1,1,1786,1786,0
669859628,NODE_704BCA25B768,child,5,20:50:0D:E7:1C:39,-68,0,658,658,1,1,1786,1786,0
669959624,NODE_704BCA25B768,child,5,20:50:0D:E7:1C:39,-68,0,658,658,1,1,1786,1786,0
670059629,NODE_704BCA25B768,child,5,20:50:0D:E7:1C:39,-68,0,658,658,1,1,1786,1786,0
670159628,NODE_704BCA25B768,child,5,20:50:0D:E7:1C:39,-68,0,658,658,1,1,1786,1786,0
670259628,NODE_704BCA25B768,child,5,20:50:0D:E7:1C:39,-68,0,658,658,1,1,1787,1787,0
670359633,NODE_704BCA25B768,child,5,20:50:0D:E7:1C:39,-68,0,658,658,1,1,1788,1788,0
670459628,NODE_704BCA25B768,child,5,20:50:0D:E7:1C:39,-68,0,659,659,1,1,1788,1788,0
670559628,NODE_704BCA25B768,child,5,20:50:0D:E7:1C:39,-68,0,659,659,1,1,1788,1788,0
670659764,NODE_704BCA25B768,child,5,20:50:0D:E7:1C:39,-68,0,659,659,1,1,1789,1788,0
670759644,NODE_704BCA25B768,child,5,20:50:0D:E7:1C:39,-68,0,659,659,1,1,1789,1789,0
670859636,NODE_704BCA25B768,child,5,20:50:0D:E7:1C:39,-68,0,659,659,1,1,1789,1789,0
670959629,NODE_704BCA25B768,child,5,20:50:0D:E7:1C:39,-68,0,659,659,1,1,1789,1789,0
671059624,NODE_704BCA25B768,child,5,20:50:0D:E7:1C:39,-68,0,659,659,1,1,1789,1789,0
671159636,NODE_704BCA25B768,child,5,20:50:0D:E7:1C:39,-68,0,659,659,1,1,1789,1789,0
671259625,NODE_704BCA25B768,child,5,20:50:0D:E7:1C:39,-68,0,659,659,1,1,1790,1790,0
671359632,NODE_704BCA25B768,child,5,20:50:0D:E7:1C:39,-68,0,659,659,1,1,1791,1791,0
671459624,NODE_704BCA25B768,child,5,20:50:0D:E7:1C:39,-68,0,660,660,1,1,1791,1791,0
671559633,NODE_704BCA25B768,child,5,20:50:0D:E7:1C:39,-68,0,660,660,1,1,1791,1791,0
671660430,NODE_704BCA25B768,child,5,20:50:0D:E7:1C:39,-68,0,660,660,1,1,1792,1791,0
671759644,NODE_704BCA25B768,child,5,20:50:0D:E7:1C:39,-68,0,660,660,1,1,1792,1792,0
671859629,NODE_704BCA25B768,child,5,20:50:0D:E7:1C:39,-68,0,660,660,1,1,1792,1792,0
671959628,NODE_704BCA25B768,child,5,20:50:0D:E7:1C:39,-68,0,660,660,1,1,1792,1792,0
672059636,NODE_704BCA25B768,child,5,20:50:0D:E7:1C:39,-68,0,660,660,1,1,1792,1792,0
672159625,NODE_704BCA25B768,child,5,20:50:0D:E7:1C:39,-68,0,660,660,1,1,1792,1792,0
672259632,NODE_704BCA25B768,child,5,20:50:0D:E7:1C:39,-68,0,660,660,1,1,1793,1793,0
672359624,NODE_704BCA25B768,child,5,20:50:0D:E7:1C:39,-68,0,660,660,1,1,1794,1794,0
672459629,NODE_704BCA25B768,child,5,20:50:0D:E7:1C:39,-68,0,661,661,1,1,1794,1794,0
672559632,NODE_704BCA25B768,child,5,20:50:0D:E7:1C:39,-68,0,661,661,1,1,1794,1794,0
672659628,NODE_704BCA25B768,child,5,20:50:0D:E7:1C:39,-68,0,661,661,1,1,1794,1794,0
672759630,NODE_704BCA25B768,child,5,20:50:0D:E7:1C:39,-68,0,661,661,1,1,1795,1795,0
672859640,NODE_704BCA25B768,child,5,20:50:0D:E7:1C:39,-68,0,661,661,1,1,1795,1795,0
672959624,NODE_704BCA25B768,child,5,20:50:0D:E7:1C:39,-68,0,661,661,1,1,1795,1795,0
673059629,NODE_704BCA25B768,child,5,20:50:0D:E7:1C:39,-68,0,661,661,1,1,1795,1795,0
673159628,NODE_704BCA25B768,child,5,20:50:0D:E7:1C:39,-68,0,661,661,1,1,1795,1795,0
673259636,NODE_704BCA25B768,child,5,20:50:0D:E7:1C:39,-68,0,661,661,1,1,1795,1795,0
673359633,NODE_704BCA25B768,child,5,20:50:0D:E7:1C:39,-68,0,661,661,1,1,1797,1797,0
673459628,NODE_704BCA25B768,child,5,20:50:0D:E7:1C:39,-68,0,662,662,1,1,1797,1797,0
673559624,NODE_704BCA25B768,child,5,20:50:0D:E7:1C:39,-68,0,662,662,1,1,1797,1797,0
673659855,NODE_704BCA25B768,child,5,20:50:0D:E7:1C:39,-68,0,662,662,1,1,1798,1797,0
673759769,NODE_704BCA25B768,child,5,20:50:0D:E7:1C:39,-68,0,662,662,1,1,1798,1798,0
673859644,NODE_704BCA25B768,child,5,20:50:0D:E7:1C:39,-68,0,662,662,1,1,1798,1798,0
673959633,NODE_704BCA25B768,child,5,20:50:0D:E7:1C:39,-68,0,662,662,1,1,1798,1798,0
674059632,NODE_704BCA25B768,child,5,20:50:0D:E7:1C:39,-68,0,662,662,1,1,1798,1798,0
674159632,NODE_704BCA25B768,child,5,20:50:0D:E7:1C:39,-68,0,662,662,1,1,1798,1798,0
674259625,NODE_704BCA25B768,child,5,20:50:0D:E7:1C:39,-68,0,662,662,1,1,1798,1798,0
674359636,NODE_704BCA25B768,child,5,20:50:0D:E7:1C:39,-68,0,662,662,1,1,1798,1798,0
674459636,NODE_704BCA25B768,child,5,20:50:0D:E7:1C:39,-68,0,663,663,1,1,1800,1800,0
674559637,NODE_704BCA25B768,child,5,20:50:0D:E7:1C:39,-68,0,663,663,1,1,1800,1800,0
674659624,NODE_704BCA25B768,child,5,20:50:0D:E7:1C:39,-68,0,663,663,1,1,1801,1801,0
674759624,NODE_704BCA25B768,child,5,20:50:0D:E7:1C:39,-68,0,663,663,1,1,1801,1801,0
674859641,NODE_704BCA25B768,child,5,20:50:0D:E7:1C:39,-68,0,663,663,1,1,1801,1801,0
674959632,NODE_704BCA25B768,child,5,20:50:0D:E7:1C:39,-68,0,663,663,1,1,1801,1801,0
675059636,NODE_704BCA25B768,child,5,20:50:0D:E7:1C:39,-68,0,663,663,1,1,1801,1801,0
675159625,NODE_704BCA25B768,child,5,20:50:0D:E7:1C:39,-68,0,663,663,1,1,1801,1801,0
675259624,NODE_704BCA25B768,child,5,20:50:0D:E7:1C:39,-68,0,663,663,1,1,1801,1801,0
675359624,NODE_704BCA25B768,child,5,20:50:0D:E7:1C:39,-68,0,663,663,1,1,1801,1801,0
675459633,NODE_704BCA25B768,child,5,20:50:0D:E7:1C:39,-68,0,664,664,1,1,1803,1802,0
675559640,NODE_704BCA25B768,child,5,20:50:0D:E7:1C:39,-68,0,664,664,1,1,1803,1803,0
675659679,NODE_704BCA25B768,child,5,20:50:0D:E7:1C:39,-68,0,664,664,1,1,1804,1804,0
675759633,NODE_704BCA25B768,child,5,20:50:0D:E7:1C:39,-68,0,664,664,1,1,1804,1804,0
675859632,NODE_704BCA25B768,child,5,20:50:0D:E7:1C:39,-68,0,664,664,1,1,1804,1804,0
675959628,NODE_704BCA25B768,child,5,20:50:0D:E7:1C:39,-68,0,664,664,1,1,1804,1804,0
676059629,NODE_704BCA25B768,child,5,20:50:0D:E7:1C:39,-68,0,664,664,1,1,1804,1804,0
676159628,NODE_704BCA25B768,child,5,20:50:0D:E7:1C:39,-68,0,664,664,1,1,1804,1804,0
676259632,NODE_704BCA25B768,child,5,20:50:0D:E7:1C:39,-68,0,664,664,1,1,1804,1804,0
676359629,NODE_704BCA25B768,child,5,20:50:0D:E7:1C:39,-68,0,664,664,1,1,1804,1804,0
676459632,NODE_704BCA25B768,child,5,20:50:0D:E7:1C:39,-68,0,665,665,1,1,1805,1805,0
676559640,NODE_704BCA25B768,child,5,20:50:0D:E7:1C:39,-68,0,665,665,1,1,1805,1805,0
676659644,NODE_704BCA25B768,child,5,20:50:0D:E7:1C:39,-68,0,665,665,1,1,1806,1806,0
676759632,NODE_704BCA25B768,child,5,20:50:0D:E7:1C:39,-68,0,665,665,1,1,1807,1807,0
676859636,NODE_704BCA25B768,child,5,20:50:0D:E7:1C:39,-68,0,665,665,1,1,1807,1807,0
676959645,NODE_704BCA25B768,child,5,20:50:0D:E7:1C:39,-68,0,665,665,1,1,1807,1807,0
677059624,NODE_704BCA25B768,child,5,20:50:0D:E7:1C:39,-68,0,665,665,1,1,1807,1807,0
677159632,NODE_704BCA25B768,child,5,20:50:0D:E7:1C:39,-68,0,665,665,1,1,1807,1807,0
677259625,NODE_704BCA25B768,child,5,20:50:0D:E7:1C:39,-68,0,665,665,1,1,1807,1807,0
677359632,NODE_704BCA25B768,child,5,20:50:0D:E7:1C:39,-68,0,665,665,1,1,1807,1807,0
677459628,NODE_704BCA25B768,child,5,20:50:0D:E7:1C:39,-68,0,666,666,1,1,1808,1808,0
677559637,NODE_704BCA25B768,child,5,20:50:0D:E7:1C:39,-68,0,666,666,1,1,1808,1808,0
677659628,NODE_704BCA25B768,child,5,20:50:0D:E7:1C:39,-68,0,666,666,1,1,1809,1809,0
677759629,NODE_704BCA25B768,child,5,20:50:0D:E7:1C:39,-68,0,666,666,1,1,1809,1809,0
677859629,NODE_704BCA25B768,child,5,20:50:0D:E7:1C:39,-68,0,666,666,1,1,1809,1809,0
677959636,NODE_704BCA25B768,child,5,20:50:0D:E7:1C:39,-69,0,666,666,1,1,1809,1809,0
678059636,NODE_704BCA25B768,child,5,20:50:0D:E7:1C:39,-69,0,666,666,1,1,1809,1809,0
678159625,NODE_704BCA25B768,child,5,20:50:0D:E7:1C:39,-69,0,666,666,1,1,1809,1809,0
678259624,NODE_704BCA25B768,child,5,20:50:0D:E7:1C:39,-69,0,666,666,1,1,1809,1809,0
678359624,NODE_704BCA25B768,child,5,20:50:0D:E7:1C:39,-69,0,666,666,1,1,1809,1809,0
678459633,NODE_704BCA25B768,child,5,20:50:0D:E7:1C:39,-69,0,667,667,1,1,1810,1810,0
678559636,NODE_704BCA25B768,child,5,20:50:0D:E7:1C:39,-69,0,667,667,1,1,1810,1810,0
678659865,NODE_704BCA25B768,child,5,20:50:0D:E7:1C:39,-69,0,667,667,1,1,1811,1810,0
678759637,NODE_704BCA25B768,child,5,20:50:0D:E7:1C:39,-69,0,667,667,1,1,1811,1811,0
678859628,NODE_704BCA25B768,child,5,20:50:0D:E7:1C:39,-69,0,667,667,1,1,1811,1811,0
678959640,NODE_704BCA25B768,child,5,20:50:0D:E7:1C:39,-69,0,667,667,1,1,1811,1811,0
679059625,NODE_704BCA25B768,child,5,20:50:0D:E7:1C:39,-69,0,667,667,1,1,1811,1811,0
679159628,NODE_704BCA25B768,child,5,20:50:0D:E7:1C:39,-69,0,667,667,1,1,1811,1811,0
679259624,NODE_704BCA25B768,child,5,20:50:0D:E7:1C:39,-69,0,667,667,1,1,1811,1811,0
679359633,NODE_704BCA25B768,child,5,20:50:0D:E7:1C:39,-69,0,667,667,1,1,1811,1811,0
679459628,NODE_704BCA25B768,child,5,20:50:0D:E7:1C:39,-69,0,668,668,1,1,1812,1812,0
679559636,NODE_704BCA25B768,child,5,20:50:0D:E7:1C:39,-69,0,668,668,1,1,1812,1812,0
679659672,NODE_704BCA25B768,child,5,20:50:0D:E7:1C:39,-69,0,668,668,1,1,1813,1812,0
679759624,NODE_704BCA25B768,child,5,20:50:0D:E7:1C:39,-69,0,668,668,1,1,1813,1813,0
679859640,NODE_704BCA25B768,child,5,20:50:0D:E7:1C:39,-69,0,668,668,1,1,1813,1813,0
679959641,NODE_704BCA25B768,child,5,20:50:0D:E7:1C:39,-69,0,668,668,1,1,1813,1813,0
680059624,NODE_704BCA25B768,child,5,20:50:0D:E7:1C:39,-69,0,668,668,1,1,1813,1813,0
680159640,NODE_704BCA25B768,child,5,20:50:0D:E7:1C:39,-69,0,668,668,1,1,1813,1813,0
680259625,NODE_704BCA25B768,child,5,20:50:0D:E7:1C:39,-69,0,668,668,1,1,1813,1813,0
680359632,NODE_704BCA25B768,child,5,20:50:0D:E7:1C:39,-69,0,668,668,1,1,1813,1813,0
680459624,NODE_704BCA25B768,child,5,20:50:0D:E7:1C:39,-69,0,669,669,1,1,1814,1814,0
680559637,NODE_704BCA25B768,child,5,20:50:0D:E7:1C:39,-69,0,669,669,1,1,1814,1814,0
680659628,NODE_704BCA25B768,child,5,20:50:0D:E7:1C:39,-69,0,669,669,1,1,1815,1815,0
680759870,NODE_704BCA25B768,child,5,20:50:0D:E7:1C:39,-69,0,669,669,1,1,1815,1815,0
680859625,NODE_704BCA25B768,child,5,20:50:0D:E7:1C:39,-69,0,669,669,1,1,1815,1815,0
680959636,NODE_704BCA25B768,child,5,20:50:0D:E7:1C:39,-69,0,669,669,1,1,1815,1815,0
681059632,NODE_704BCA25B768,child,5,20:50:0D:E7:1C:39,-68,0,669,669,1,1,1815,1815,0
681159625,NODE_704BCA25B768,child,5,20:50:0D:E7:1C:39,-68,0,669,669,1,1,1815,1815,0
681259632,NODE_704BCA25B768,child,5,20:50:0D:E7:1C:39,-68,0,669,669,1,1,1815,1815,0
681359624,NODE_704BCA25B768,child,5,20:50:0D:E7:1C:39,-68,0,669,669,1,1,1815,1815,0
681459629,NODE_704BCA25B768,child,5,20:50:0D:E7:1C:39,-68,0,670,670,1,1,1816,1815,0
681559628,NODE_704BCA25B768,child,5,20:50:0D:E7:1C:39,-68,0,670,670,1,1,1816,1816,0
681659628,NODE_704BCA25B768,child,5,20:50:0D:E7:1C:39,-68,0,670,670,1,1,1817,1817,0
681759637,NODE_704BCA25B768,child,5,20:50:0D:E7:1C:39,-68,0,670,670,1,1,1817,1817,0
681859624,NODE_704BCA25B768,child,5,20:50:0D:E7:1C:39,-68,0,670,670,1,1,1817,1817,0
681959628,NODE_704BCA25B768,child,5,20:50:0D:E7:1C:39,-68,0,670,670,1,1,1817,1817,0
682059641,NODE_704BCA25B768,child,5,20:50:0D:E7:1C:39,-68,0,670,670,1,1,1817,1817,0
682159628,NODE_704BCA25B768,child,5,20:50:0D:E7:1C:39,-68,0,670,670,1,1,1817,1817,0
682259624,NODE_704BCA25B768,child,5,20:50:0D:E7:1C:39,-68,0,670,670,1,1,1817,1817,0
682359633,NODE_704BCA25B768,child,5,20:50:0D:E7:1C:39,-68,0,670,670,1,1,1817,1817,0
682459632,NODE_704BCA25B768,child,5,20:50:0D:E7:1C:39,-68,0,671,671,1,1,1819,1819,0
682559636,NODE_704BCA25B768,child,5,20:50:0D:E7:1C:39,-68,0,671,671,1,1,1819,1819,0
682659724,NODE_704BCA25B768,child,5,20:50:0D:E7:1C:39,-68,0,671,671,1,1,1820,1820,0
682759629,NODE_704BCA25B768,child,5,20:50:0D:E7:1C:39,-68,0,671,671,1,1,1820,1820,0
682859685,NODE_704BCA25B768,child,5,20:50:0D:E7:1C:39,-68,0,671,671,1,1,1820,1820,0
682959633,NODE_704BCA25B768,child,5,20:50:0D:E7:1C:39,-68,0,671,671,1,1,1820,1820,0
683059636,NODE_704BCA25B768,child,5,20:50:0D:E7:1C:39,-69,0,671,671,1,1,1820,1820,0
683159636,NODE_704BCA25B768,child,5,20:50:0D:E7:1C:39,-69,0,671,671,1,1,1820,1820,0
683259629,NODE_704BCA25B768,child,5,20:50:0D:E7:1C:39,-69,0,671,671,1,1,1820,1820,0
683359636,NODE_704BCA25B768,child,5,20:50:0D:E7:1C:39,-69,0,671,671,1,1,1820,1820,0
683459636,NODE_704BCA25B768,child,5,20:50:0D:E7:1C:39,-69,0,672,672,1,1,1822,1822,0
683559637,NODE_704BCA25B768,child,5,20:50:0D:E7:1C:39,-69,0,672,672,1,1,1822,1822,0
683659636,NODE_704BCA25B768,child,5,20:50:0D:E7:1C:39,-69,0,672,672,1,1,1823,1823,0
683759628,NODE_704BCA25B768,child,5,20:50:0D:E7:1C:39,-69,0,672,672,1,1,1823,1823,0
683859625,NODE_704BCA25B768,child,5,20:50:0D:E7:1C:39,-69,0,672,672,1,1,1823,1823,0
683959628,NODE_704BCA25B768,child,5,20:50:0D:E7:1C:39,-69,0,672,672,1,1,1823,1823,0
684059636,NODE_704BCA25B768,child,5,20:50:0D:E7:1C:39,-69,0,672,672,1,1,1823,1823,0
684159628,NODE_704BCA25B768,child,5,20:50:0D:E7:1C:39,-69,0,672,672,1,1,1823,1823,0
684259636,NODE_704BCA25B768,child,5,20:50:0D:E7:1C:39,-69,0,672,672,1,1,1823,1823,0
684359624,NODE_704BCA25B768,child,5,20:50:0D:E7:1C:39,-69,0,672,672,1,1,1823,1823,0
684459629,NODE_704BCA25B768,child,5,20:50:0D:E7:1C:39,-69,0,673,673,1,1,1825,1825,0
684559632,NODE_704BCA25B768,child,5,20:50:0D:E7:1C:39,-69,0,673,673,1,1,1825,1825,0
684659628,NODE_704BCA25B768,child,5,20:50:0D:E7:1C:39,-69,0,673,673,1,1,1826,1826,0
684759641,NODE_704BCA25B768,child,5,20:50:0D:E7:1C:39,-69,0,673,673,1,1,1826,1826,0
684859624,NODE_704BCA25B768,child,5,20:50:0D:E7:1C:39,-69,0,673,673,1,1,1826,1826,0
684959628,NODE_704BCA25B768,child,5,20:50:0D:E7:1C:39,-69,0,673,673,1,1,1826,1826,0
685059629,NODE_704BCA25B768,child,5,20:50:0D:E7:1C:39,-69,0,673,673,1,1,1826,1826,0
685159640,NODE_704BCA25B768,child,5,20:50:0D:E7:1C:39,-68,0,673,673,1,1,1826,1826,0
685259624,NODE_704BCA25B768,child,5,20:50:0D:E7:1C:39,-68,0,673,673,1,1,1826,1826,0
685359637,NODE_704BCA25B768,child,5,20:50:0D:E7:1C:39,-68,0,673,673,1,1,1826,1826,0
685459640,NODE_704BCA25B768,child,5,20:50:0D:E7:1C:39,-68,0,674,674,1,1,1828,1828,0
685559624,NODE_704BCA25B768,child,5,20:50:0D:E7:1C:39,-68,0,674,674,1,1,1828,1828,0
685659629,NODE_704BCA25B768,child,5,20:50:0D:E7:1C:39,-68,0,674,674,1,1,1829,1829,0
685759636,NODE_704BCA25B768,child,5,20:50:0D:E7:1C:39,-68,0,674,674,1,1,1829,1829,0
685859636,NODE_704BCA25B768,child,5,20:50:0D:E7:1C:39,-68,0,674,674,1,1,1829,1829,0
685959629,NODE_704BCA25B768,child,5,20:50:0D:E7:1C:39,-68,0,674,674,1,1,1829,1829,0
686059632,NODE_704BCA25B768,child,5,20:50:0D:E7:1C:39,-68,0,674,674,1,1,1829,1829,0
686159644,NODE_704BCA25B768,child,5,20:50:0D:E7:1C:39,-69,0,674,674,1,1,1829,1829,0
686259625,NODE_704BCA25B768,child,5,20:50:0D:E7:1C:39,-69,0,674,674,1,1,1829,1829,0
686359632,NODE_704BCA25B768,child,5,20:50:0D:E7:1C:39,-69,0,674,674,1,1,1829,1829,0
686459632,NODE_704BCA25B768,child,5,20:50:0D:E7:1C:39,-69,0,675,675,1,1,1831,1831,0
686559633,NODE_704BCA25B768,child,5,20:50:0D:E7:1C:39,-69,0,675,675,1,1,1831,1831,0
686659628,NODE_704BCA25B768,child,5,20:50:0D:E7:1C:39,-69,0,675,675,1,1,1832,1832,0
686759640,NODE_704BCA25B768,child,5,20:50:0D:E7:1C:39,-69,0,675,675,1,1,1832,1832,0
686859629,NODE_704BCA25B768,child,5,20:50:0D:E7:1C:39,-69,0,675,675,1,1,1832,1832,0
686959628,NODE_704BCA25B768,child,5,20:50:0D:E7:1C:39,-69,0,675,675,1,1,1832,1832,0
687059628,NODE_704BCA25B768,child,5,20:50:0D:E7:1C:39,-69,0,675,675,1,1,1832,1832,0
687159637,NODE_704BCA25B768,child,5,20:50:0D:E7:1C:39,-69,0,675,675,1,1,1832,1832,0
687259632,NODE_704BCA25B768,child,5,20:50:0D:E7:1C:39,-69,0,675,675,1,1,1832,1832,0
687359624,NODE_704BCA25B768,child,5,20:50:0D:E7:1C:39,-69,0,675,675,1,1,1832,1832,0
687459629,NODE_704BCA25B768,child,5,20:50:0D:E7:1C:39,-69,0,676,676,1,1,1832,1832,0
687559636,NODE_704BCA25B768,child,5,20:50:0D:E7:1C:39,-69,0,676,676,1,1,1834,1834,0
687659632,NODE_704BCA25B768,child,5,20:50:0D:E7:1C:39,-69,0,676,676,1,1,1835,1835,0
687759792,NODE_704BCA25B768,child,5,20:50:0D:E7:1C:39,-69,0,676,676,1,1,1835,1835,0
687859640,NODE_704BCA25B768,child,5,20:50:0D:E7:1C:39,-69,0,676,676,1,1,1835,1835,0
687959632,NODE_704BCA25B768,child,5,20:50:0D:E7:1C:39,-69,0,676,676,1,1,1835,1835,0
688059625,NODE_704BCA25B768,child,5,20:50:0D:E7:1C:39,-69,0,676,676,1,1,1835,1835,0
688159636,NODE_704BCA25B768,child,5,20:50:0D:E7:1C:39,-68,0,676,676,1,1,1835,1835,0
688259624,NODE_704BCA25B768,child,5,20:50:0D:E7:1C:39,-68,0,676,676,1,1,1835,1835,0
688359625,NODE_704BCA25B768,child,5,20:50:0D:E7:1C:39,-68,0,676,676,1,1,1835,1835,0
688459632,NODE_704BCA25B768,child,5,20:50:0D:E7:1C:39,-68,0,677,677,1,1,1836,1835,0
688559640,NODE_704BCA25B768,child,5,20:50:0D:E7:1C:39,-68,0,677,677,1,1,1837,1837,0
688659629,NODE_704BCA25B768,child,5,20:50:0D:E7:1C:39,-68,0,677,677,1,1,1838,1838,0
688759632,NODE_704BCA25B768,child,5,20:50:0D:E7:1C:39,-68,0,677,677,1,1,1838,1838,0
688859640,NODE_704BCA25B768,child,5,20:50:0D:E7:1C:39,-68,0,677,677,1,1,1838,1838,0
688959629,NODE_704BCA25B768,child,5,20:50:0D:E7:1C:39,-68,0,677,677,1,1,1838,1838,0
689059636,NODE_704BCA25B768,child,5,20:50:0D:E7:1C:39,-68,0,677,677,1,1,1838,1838,0
689159910,NODE_704BCA25B768,child,5,20:50:0D:E7:1C:39,-69,0,677,677,1,1,1838,1838,0
689259633,NODE_704BCA25B768,child,5,20:50:0D:E7:1C:39,-69,0,677,677,1,1,1838,1838,0
689359632,NODE_704BCA25B768,child,5,20:50:0D:E7:1C:39,-69,0,677,677,1,1,1838,1838,0
689459628,NODE_704BCA25B768,child,5,20:50:0D:E7:1C:39,-69,0,678,678,1,1,1839,1839,0
689559633,NODE_704BCA25B768,child,5,20:50:0D:E7:1C:39,-69,0,678,678,1,1,1840,1840,0
689659628,NODE_704BCA25B768,child,5,20:50:0D:E7:1C:39,-69,0,678,678,1,1,1841,1841,0
689759632,NODE_704BCA25B768,child,5,20:50:0D:E7:1C:39,-69,0,678,678,1,1,1841,1841,0
689859629,NODE_704BCA25B768,child,5,20:50:0D:E7:1C:39,-69,0,678,678,1,1,1841,1841,0
689959628,NODE_704BCA25B768,child,5,20:50:0D:E7:1C:39,-69,0,678,678,1,1,1841,1841,0
690059632,NODE_704BCA25B768,child,5,20:50:0D:E7:1C:39,-69,0,678,678,1,1,1841,1841,0
690159633,NODE_704BCA25B768,child,5,20:50:0D:E7:1C:39,-69,0,678,678,1,1,1841,1841,0
690259636,NODE_704BCA25B768,child,5,20:50:0D:E7:1C:39,-69,0,678,678,1,1,1841,1841,0
690359632,NODE_704BCA25B768,child,5,20:50:0D:E7:1C:39,-69,0,678,678,1,1,1841,1841,0
690459719,NODE_704BCA25B768,child,5,20:50:0D:E7:1C:39,-69,0,679,679,1,1,1842,1841,0
690559624,NODE_704BCA25B768,child,5,20:50:0D:E7:1C:39,-69,0,679,679,1,1,1842,1842,0
690659628,NODE_704BCA25B768,child,5,20:50:0D:E7:1C:39,-69,0,679,679,1,1,1843,1843,0
690759629,NODE_704BCA25B768,child,5,20:50:0D:E7:1C:39,-69,0,679,679,1,1,1843,1843,0
690859632,NODE_704BCA25B768,child,5,20:50:0D:E7:1C:39,-69,0,679,679,1,1,1843,1843,0
690959636,NODE_704BCA25B768,child,5,20:50:0D:E7:1C:39,-69,0,679,679,1,1,1843,1843,0
691059625,NODE_704BCA25B768,child,5,20:50:0D:E7:1C:39,-69,0,679,679,1,1,1843,1843,0
691159780,NODE_704BCA25B768,child,5,20:50:0D:E7:1C:39,-69,0,679,679,1,1,1843,1843,0
691259636,NODE_704BCA25B768,child,5,20:50:0D:E7:1C:39,-69,0,679,679,1,1,1843,1843,0
691359629,NODE_704BCA25B768,child,5,20:50:0D:E7:1C:39,-69,0,679,679,1,1,1843,1843,0
691459640,NODE_704BCA25B768,child,5,20:50:0D:E7:1C:39,-69,0,680,680,1,1,1843,1843,0
691559636,NODE_704BCA25B768,child,5,20:50:0D:E7:1C:39,-69,0,680,680,1,1,1844,1844,0
691659896,NODE_704BCA25B768,child,5,20:50:0D:E7:1C:39,-69,0,680,680,1,1,1845,1844,0
691759628,NODE_704BCA25B768,child,5,20:50:0D:E7:1C:39,-69,0,680,680,1,1,1846,1846,0
691859644,NODE_704BCA25B768,child,5,20:50:0D:E7:1C:39,-69,0,680,680,1,1,1846,1846,0
691959629,NODE_704BCA25B768,child,5,20:50:0D:E7:1C:39,-69,0,680,680,1,1,1846,1846,0
692059636,NODE_704BCA25B768,child,5,20:50:0D:E7:1C:39,-69,0,680,680,1,1,1846,1846,0
692159640,NODE_704BCA25B768,child,5,20:50:0D:E7:1C:39,-69,0,680,680,1,1,1846,1846,0
692259637,NODE_704BCA25B768,child,5,20:50:0D:E7:1C:39,-69,0,680,680,1,1,1846,1846,0
692359632,NODE_704BCA25B768,child,5,20:50:0D:E7:1C:39,-69,0,680,680,1,1,1846,1846,0
692459787,NODE_704BCA25B768,child,5,20:50:0D:E7:1C:39,-69,0,681,681,1,1,1847,1847,0
692559629,NODE_704BCA25B768,child,5,20:50:0D:E7:1C:39,-69,0,681,681,1,1,1847,1847,0
692659998,NODE_704BCA25B768,child,5,20:50:0D:E7:1C:39,-69,0,681,681,1,1,1848,1847,0
692759633,NODE_704BCA25B768,child,5,20:50:0D:E7:1C:39,-69,0,681,681,1,1,1849,1849,0
692859629,NODE_704BCA25B768,child,5,20:50:0D:E7:1C:39,-69,0,681,681,1,1,1849,1849,0
692959628,NODE_704BCA25B768,child,5,20:50:0D:E7:1C:39,-69,0,681,681,1,1,1849,1849,0
693059628,NODE_704BCA25B768,child,5,20:50:0D:E7:1C:39,-69,0,681,681,1,1,1849,1849,0
693159629,NODE_704BCA25B768,child,5,20:50:0D:E7:1C:39,-69,0,681,681,1,1,1849,1849,0
693259808,NODE_704BCA25B768,child,5,20:50:0D:E7:1C:39,-67,0,681,681,1,1,1849,1849,0
693359636,NODE_704BCA25B768,child,5,20:50:0D:E7:1C:39,-67,0,681,681,1,1,1849,1849,0
693459629,NODE_704BCA25B768,child,5,20:50:0D:E7:1C:39,-67,0,682,682,1,1,1850,1850,0
693559632,NODE_704BCA25B768,child,5,20:50:0D:E7:1C:39,-67,0,682,682,1,1,1850,1850,0
693659632,NODE_704BCA25B768,child,5,20:50:0D:E7:1C:39,-67,0,682,682,1,1,1851,1851,0
693759625,NODE_704BCA25B768,child,5,20:50:0D:E7:1C:39,-67,0,682,682,1,1,1852,1852,0
693859632,NODE_704BCA25B768,child,5,20:50:0D:E7:1C:39,-67,0,682,682,1,1,1852,1852,0
693959636,NODE_704BCA25B768,child,5,20:50:0D:E7:1C:39,-67,0,682,682,1,1,1852,1852,0
694059625,NODE_704BCA25B768,child,5,20:50:0D:E7:1C:39,-67,0,682,682,1,1,1852,1852,0
694159628,NODE_704BCA25B768,child,5,20:50:0D:E7:1C:39,-67,0,682,682,1,1,1852,1852,0
694259628,NODE_704BCA25B768,child,5,20:50:0D:E7:1C:39,-67,0,682,682,1,1,1852,1852,0
694359637,NODE_704BCA25B768,child,5,20:50:0D:E7:1C:39,-69,0,682,682,1,1,1852,1852,0
694459746,NODE_704BCA25B768,child,5,20:50:0D:E7:1C:39,-69,0,683,683,1,1,1853,1853,0
694559646,NODE_704BCA25B768,child,5,20:50:0D:E7:1C:39,-69,0,683,683,1,1,1853,1853,0
694660104,NODE_704BCA25B768,child,5,20:50:0D:E7:1C:39,-69,0,683,683,1,1,1853,1853,0
694759628,NODE_704BCA25B768,child,5,20:50:0D:E7:1C:39,-69,0,683,683,1,1,1855,1855,0
694859632,NODE_704BCA25B768,child,5,20:50:0D:E7:1C:39,-69,0,683,683,1,1,1855,1855,0
694959633,NODE_704BCA25B768,child,5,20:50:0D:E7:1C:39,-69,0,683,683,1,1,1855,1855,0
695059624,NODE_704BCA25B768,child,5,20:50:0D:E7:1C:39,-69,0,683,683,1,1,1855,1855,0
695159640,NODE_704BCA25B768,child,5,20:50:0D:E7:1C:39,-69,0,683,683,1,1,1855,1855,0
695259637,NODE_704BCA25B768,child,5,20:50:0D:E7:1C:39,-69,0,683,683,1,1,1855,1855,0
695359644,NODE_704BCA25B768,child,5,20:50:0D:E7:1C:39,-69,0,683,683,1,1,1855,1855,0
695459632,NODE_704BCA25B768,child,5,20:50:0D:E7:1C:39,-69,0,684,684,1,1,1856,1855,0
695559629,NODE_704BCA25B768,child,5,20:50:0D:E7:1C:39,-69,0,684,684,1,1,1856,1856,0
695659634,NODE_704BCA25B768,child,5,20:50:0D:E7:1C:39,-69,0,684,684,1,1,1857,1856,0
695759624,NODE_704BCA25B768,child,5,20:50:0D:E7:1C:39,-69,0,684,684,1,1,1858,1858,0
695859629,NODE_704BCA25B768,child,5,20:50:0D:E7:1C:39,-69,0,684,684,1,1,1858,1858,0
695959628,NODE_704BCA25B768,child,5,20:50:0D:E7:1C:39,-69,0,684,684,1,1,1858,1858,0
696059636,NODE_704BCA25B768,child,5,20:50:0D:E7:1C:39,-69,0,684,684,1,1,1858,1858,0
696159625,NODE_704BCA25B768,child,5,20:50:0D:E7:1C:39,-69,0,684,684,1,1,1858,1858,0
696259628,NODE_704BCA25B768,child,5,20:50:0D:E7:1C:39,-69,0,684,684,1,1,1858,1858,0
696359640,NODE_704BCA25B768,child,5,20:50:0D:E7:1C:39,-68,0,684,684,1,1,1858,1858,0
696459629,NODE_704BCA25B768,child,5,20:50:0D:E7:1C:39,-68,0,685,685,1,1,1859,1859,0
696559628,NODE_704BCA25B768,child,5,20:50:0D:E7:1C:39,-68,0,685,685,1,1,1859,1859,0
696659834,NODE_704BCA25B768,child,5,20:50:0D:E7:1C:39,-68,0,685,685,1,1,1860,1860,0
696759789,NODE_704BCA25B768,child,5,20:50:0D:E7:1C:39,-68,0,685,685,1,1,1860,1860,0
696859640,NODE_704BCA25B768,child,5,20:50:0D:E7:1C:39,-68,0,685,685,1,1,1861,1861,0
696959628,NODE_704BCA25B768,child,5,20:50:0D:E7:1C:39,-68,0,685,685,1,1,1861,1861,0
697059641,NODE_704BCA25B768,child,5,20:50:0D:E7:1C:39,-68,0,685,685,1,1,1861,1861,0
697159632,NODE_704BCA25B768,child,5,20:50:0D:E7:1C:39,-68,0,685,685,1,1,1861,1861,0
697259628,NODE_704BCA25B768,child,5,20:50:0D:E7:1C:39,-68,0,685,685,1,1,1861,1861,0
697359633,NODE_704BCA25B768,child,5,20:50:0D:E7:1C:39,-68,0,685,685,1,1,1861,1861,0
697459820,NODE_704BCA25B768,child,5,20:50:0D:E7:1C:39,-68,0,686,686,1,1,1862,1862,0
697559636,NODE_704BCA25B768,child,5,20:50:0D:E7:1C:39,-68,0,686,686,1,1,1862,1862,0
697659629,NODE_704BCA25B768,child,5,20:50:0D:E7:1C:39,-68,0,686,686,1,1,1863,1862,0
697759853,NODE_704BCA25B768,child,5,20:50:0D:E7:1C:39,-68,0,686,686,1,1,1864,1864,0
697859632,NODE_704BCA25B768,child,5,20:50:0D:E7:1C:39,-68,0,686,686,1,1,1864,1864,0
697959629,NODE_704BCA25B768,child,5,20:50:0D:E7:1C:39,-68,0,686,686,1,1,1864,1864,0
698059636,NODE_704BCA25B768,child,5,20:50:0D:E7:1C:39,-68,0,686,686,1,1,1864,1864,0
698159636,NODE_704BCA25B768,child,5,20:50:0D:E7:1C:39,-68,0,686,686,1,1,1864,1864,0
698259633,NODE_704BCA25B768,child,5,20:50:0D:E7:1C:39,-68,0,686,686,1,1,1864,1864,0
698359640,NODE_704BCA25B768,child,5,20:50:0D:E7:1C:39,-68,0,686,686,1,1,1864,1864,0
698459648,NODE_704BCA25B768,child,5,20:50:0D:E7:1C:39,-68,0,687,687,1,1,1865,1864,0
698559629,NODE_704BCA25B768,child,5,20:50:0D:E7:1C:39,-68,0,687,687,1,1,1865,1865,0
698659628,NODE_704BCA25B768,child,5,20:50:0D:E7:1C:39,-68,0,687,687,1,1,1866,1866,0
698759628,NODE_704BCA25B768,child,5,20:50:0D:E7:1C:39,-68,0,687,687,1,1,1867,1867,0
698859633,NODE_704BCA25B768,child,5,20:50:0D:E7:1C:39,-68,0,687,687,1,1,1867,1867,0
698959628,NODE_704BCA25B768,child,5,20:50:0D:E7:1C:39,-68,0,687,687,1,1,1867,1867,0
699059628,NODE_704BCA25B768,child,5,20:50:0D:E7:1C:39,-68,0,687,687,1,1,1867,1867,0
699159625,NODE_704BCA25B768,child,5,20:50:0D:E7:1C:39,-68,0,687,687,1,1,1867,1867,0
699259624,NODE_704BCA25B768,child,5,20:50:0D:E7:1C:39,-68,0,687,687,1,1,1867,1867,0
699359632,NODE_704BCA25B768,child,5,20:50:0D:E7:1C:39,-68,0,687,687,1,1,1867,1867,0
699459633,NODE_704BCA25B768,child,5,20:50:0D:E7:1C:39,-69,0,688,688,1,1,1867,1867,0
699559624,NODE_704BCA25B768,child,5,20:50:0D:E7:1C:39,-69,0,688,688,1,1,1868,1868,0
699660408,NODE_704BCA25B768,child,5,20:50:0D:E7:1C:39,-69,0,688,688,1,1,1869,1868,0
699759629,NODE_704BCA25B768,child,5,20:50:0D:E7:1C:39,-69,0,688,688,1,1,1869,1869,0
699859628,NODE_704BCA25B768,child,5,20:50:0D:E7:1C:39,-69,0,688,688,1,1,1870,1870,0
699959628,NODE_704BCA25B768,child,5,20:50:0D:E7:1C:39,-69,0,688,688,1,1,1870,1870,0
700059641,NODE_704BCA25B768,child,5,20:50:0D:E7:1C:39,-69,0,688,688,1,1,1870,1870,0
700159628,NODE_704BCA25B768,child,5,20:50:0D:E7:1C:39,-69,0,688,688,1,1,1870,1870,0
700259632,NODE_704BCA25B768,child,5,20:50:0D:E7:1C:39,-69,0,688,688,1,1,1870,1870,0
700359625,NODE_704BCA25B768,child,5,20:50:0D:E7:1C:39,-69,0,688,688,1,1,1870,1870,0
700459640,NODE_704BCA25B768,child,5,20:50:0D:E7:1C:39,-68,0,689,689,1,1,1870,1870,0
700559636,NODE_704BCA25B768,child,5,20:50:0D:E7:1C:39,-68,0,689,689,1,1,1871,1871,0
700660012,NODE_704BCA25B768,child,5,20:50:0D:E7:1C:39,-68,0,689,689,1,1,1872,1872,0
700759628,NODE_704BCA25B768,child,5,20:50:0D:E7:1C:39,-68,0,689,689,1,1,1872,1872,0
700859636,NODE_704BCA25B768,child,5,20:50:0D:E7:1C:39,-68,0,689,689,1,1,1873,1873,0
700959637,NODE_704BCA25B768,child,5,20:50:0D:E7:1C:39,-68,0,689,689,3,0,1873,1873,0
701059640,NODE_704BCA25B768,child,5,20:50:0D:E7:1C:39,-68,0,689,689,3,0,1873,1873,0
701159636,NODE_704BCA25B768,child,5,20:50:0D:E7:1C:39,-68,0,689,689,3,0,1873,1873,0
701259641,NODE_704BCA25B768,child,5,20:50:0D:E7:1C:39,-68,0,689,689,3,0,1873,1873,0
701359632,NODE_704BCA25B768,child,5,20:50:0D:E7:1C:39,-68,0,689,689,3,0,1873,1873,0
701459752,NODE_704BCA25B768,child,5,20:50:0D:E7:1C:39,-69,0,690,690,3,0,1874,1873,0
701559629,NODE_704BCA25B768,child,5,20:50:0D:E7:1C:39,-69,0,690,690,3,0,1874,1874,0
701659805,NODE_704BCA25B768,child,5,20:50:0D:E7:1C:39,-69,0,690,690,3,0,1875,1875,0
701759628,NODE_704BCA25B768,child,5,20:50:0D:E7:1C:39,-69,0,690,690,3,0,1875,1875,0
701859637,NODE_704BCA25B768,child,5,20:50:0D:E7:1C:39,-69,0,690,690,3,0,1876,1876,0
701959636,NODE_704BCA25B768,child,5,20:50:0D:E7:1C:39,-69,0,690,690,3,0,1876,1876,0
702059624,NODE_704BCA25B768,child,5,20:50:0D:E7:1C:39,-69,0,690,690,3,0,1876,1876,0
702159629,NODE_704BCA25B768,child,5,20:50:0D:E7:1C:39,-69,0,690,690,3,0,1876,1876,0
702259628,NODE_704BCA25B768,child,5,20:50:0D:E7:1C:39,-69,0,690,690,3,0,1876,1876,0
702359624,NODE_704BCA25B768,child,5,20:50:0D:E7:1C:39,-69,0,690,690,3,0,1876,1876,0
702459895,NODE_704BCA25B768,child,5,20:50:0D:E7:1C:39,-69,0,691,691,3,0,1877,1877,0
702559640,NODE_704BCA25B768,child,5,20:50:0D:E7:1C:39,-68,0,691,691,3,0,1877,1877,0
702659858,NODE_704BCA25B768,child,5,20:50:0D:E7:1C:39,-68,0,691,691,3,0,1878,1878,0
702759630,NODE_704BCA25B768,child,5,20:50:0D:E7:1C:39,-68,0,691,691,3,0,1878,1878,0
702859632,NODE_704BCA25B768,child,5,20:50:0D:E7:1C:39,-68,0,691,691,3,0,1879,1879,0
702959628,NODE_704BCA25B768,child,5,20:50:0D:E7:1C:39,-68,0,691,691,3,0,1879,1879,0
703059637,NODE_704BCA25B768,child,5,20:50:0D:E7:1C:39,-68,0,691,691,3,0,1879,1879,0
703159636,NODE_704BCA25B768,child,5,20:50:0D:E7:1C:39,-68,0,691,691,3,0,1879,1879,0
703259624,NODE_704BCA25B768,child,5,20:50:0D:E7:1C:39,-68,0,691,691,3,0,1879,1879,0
703359625,NODE_704BCA25B768,child,5,20:50:0D:E7:1C:39,-68,0,691,691,3,0,1879,1879,0
703459632,NODE_704BCA25B768,child,5,20:50:0D:E7:1C:39,-68,0,692,692,3,0,1880,1880,0
703559640,NODE_704BCA25B768,child,5,20:50:0D:E7:1C:39,-68,0,692,692,3,0,1880,1880,0
703659747,NODE_704BCA25B768,child,5,20:50:0D:E7:1C:39,-68,0,692,692,3,0,1881,1880,0
703759636,NODE_704BCA25B768,child,5,20:50:0D:E7:1C:39,-68,0,692,692,3,0,1881,1881,0
703859636,NODE_704BCA25B768,child,5,20:50:0D:E7:1C:39,-68,0,692,692,3,0,1882,1882,0
703959629,NODE_704BCA25B768,child,5,20:50:0D:E7:1C:39,-68,0,692,692,3,0,1882,1882,0
704059624,NODE_704BCA25B768,child,5,20:50:0D:E7:1C:39,-68,0,692,692,3,0,1882,1882,0
704159736,NODE_704BCA25B768,child,5,20:50:0D:E7:1C:39,-68,0,692,692,3,0,1882,1882,0
704259625,NODE_704BCA25B768,child,5,20:50:0D:E7:1C:39,-68,0,692,692,3,0,1882,1882,0
704359636,NODE_704BCA25B768,child,5,20:50:0D:E7:1C:39,-68,0,692,692,3,0,1882,1882,0
704459637,NODE_704BCA25B768,child,5,20:50:0D:E7:1C:39,-68,0,693,693,3,0,1883,1882,0
704559641,NODE_704BCA25B768,child,5,20:50:0D:E7:1C:39,-68,0,693,693,3,0,1883,1883,0
704659628,NODE_704BCA25B768,child,5,20:50:0D:E7:1C:39,-68,0,693,693,3,0,1884,1884,0
704759628,NODE_704BCA25B768,child,5,20:50:0D:E7:1C:39,-68,0,693,693,3,0,1884,1884,0
704859629,NODE_704BCA25B768,child,5,20:50:0D:E7:1C:39,-68,0,693,693,3,0,1885,1885,0
704959636,NODE_704BCA25B768,child,5,20:50:0D:E7:1C:39,-68,0,693,693,3,0,1885,1885,0
705059624,NODE_704BCA25B768,child,5,20:50:0D:E7:1C:39,-68,0,693,693,3,0,1885,1885,0
705159629,NODE_704BCA25B768,child,5,20:50:0D:E7:1C:39,-68,0,693,693,3,0,1885,1885,0
705259624,NODE_704BCA25B768,child,5,20:50:0D:E7:1C:39,-68,0,693,693,3,0,1885,1885,0
705359628,NODE_704BCA25B768,child,5,20:50:0D:E7:1C:39,-68,0,693,693,3,0,1885,1885,0
705459699,NODE_704BCA25B768,child,5,20:50:0D:E7:1C:39,-68,0,694,694,3,0,1886,1885,0
705559644,NODE_704BCA25B768,child,5,20:50:0D:E7:1C:39,-68,0,694,694,3,0,1886,1886,0
705659856,NODE_704BCA25B768,child,5,20:50:0D:E7:1C:39,-68,0,694,694,3,0,1887,1887,0
705759637,NODE_704BCA25B768,child,5,20:50:0D:E7:1C:39,-68,0,694,694,3,0,1887,1887,0
705859640,NODE_704BCA25B768,child,5,20:50:0D:E7:1C:39,-68,0,694,694,3,0,1888,1888,0
705959628,NODE_704BCA25B768,child,5,20:50:0D:E7:1C:39,-68,0,694,694,3,0,1888,1888,0
706059625,NODE_704BCA25B768,child,5,20:50:0D:E7:1C:39,-68,0,694,694,3,0,1888,1888,0
706159628,NODE_704BCA25B768,child,5,20:50:0D:E7:1C:39,-68,0,694,694,3,0,1888,1888,0
706259636,NODE_704BCA25B768,child,5,20:50:0D:E7:1C:39,-68,0,694,694,3,0,1888,1888,0
706359625,NODE_704BCA25B768,child,5,20:50:0D:E7:1C:39,-68,0,694,694,3,0,1888,1888,0
706459688,NODE_704BCA25B768,child,5,20:50:0D:E7:1C:39,-68,0,695,695,3,0,1889,1888,0
706559636,NODE_704BCA25B768,child,5,20:50:0D:E7:1C:39,-68,0,695,695,3,0,1889,1889,0
706659633,NODE_704BCA25B768,child,5,20:50:0D:E7:1C:39,-68,0,695,695,3,0,1890,1890,0
706759636,NODE_704BCA25B768,child,5,20:50:0D:E7:1C:39,-68,0,695,695,3,0,1890,1890,0
706859636,NODE_704BCA25B768,child,5,20:50:0D:E7:1C:39,-68,0,695,695,3,0,1891,1891,0
706959629,NODE_704BCA25B768,child,5,20:50:0D:E7:1C:39,-68,0,695,695,3,0,1891,1891,0
707059628,NODE_704BCA25B768,child,5,20:50:0D:E7:1C:39,-68,0,695,695,3,0,1891,1891,0
707159636,NODE_704BCA25B768,child,5,20:50:0D:E7:1C:39,-68,0,695,695,3,0,1891,1891,0
707259637,NODE_704BCA25B768,child,5,20:50:0D:E7:1C:39,-68,0,695,695,3,0,1891,1891,0
707359640,NODE_704BCA25B768,child,5,20:50:0D:E7:1C:39,-68,0,695,695,3,0,1891,1891,0
707459845,NODE_704BCA25B768,child,5,20:50:0D:E7:1C:39,-68,0,696,696,3,0,1892,1892,0
707559629,NODE_704BCA25B768,child,5,20:50:0D:E7:1C:39,-68,0,696,696,3,0,1892,1892,0
707659634,NODE_704BCA25B768,child,5,20:50:0D:E7:1C:39,-68,0,696,696,3,0,1893,1893,0
707759625,NODE_704BCA25B768,child,5,20:50:0D:E7:1C:39,-68,0,696,696,3,0,1893,1893,0
707859629,NODE_704BCA25B768,child,5,20:50:0D:E7:1C:39,-68,0,696,696,3,0,1894,1894,0
707959636,NODE_704BCA25B768,child,5,20:50:0D:E7:1C:39,-68,0,696,696,3,0,1894,1894,0
708059624,NODE_704BCA25B768,child,5,20:50:0D:E7:1C:39,-68,0,696,696,3,0,1894,1894,0
708159625,NODE_704BCA25B768,child,5,20:50:0D:E7:1C:39,-68,0,696,696,3,0,1894,1894,0
708259628,NODE_704BCA25B768,child,5,20:50:0D:E7:1C:39,-68,0,696,696,3,0,1894,1894,0
708359632,NODE_704BCA25B768,child,5,20:50:0D:E7:1C:39,-68,0,696,696,3,0,1894,1894,0
708460226,NODE_704BCA25B768,child,5,20:50:0D:E7:1C:39,-68,0,697,697,3,0,1895,1894,0
708559636,NODE_704BCA25B768,child,5,20:50:0D:E7:1C:39,-68,0,697,697,3,0,1895,1895,0
708659632,NODE_704BCA25B768,child,5,20:50:0D:E7:1C:39,-69,0,697,697,3,0,1896,1896,0
708759625,NODE_704BCA25B768,child,5,20:50:0D:E7:1C:39,-69,0,697,697,3,0,1896,1896,0
708859640,NODE_704BCA25B768,child,5,20:50:0D:E7:1C:39,-69,0,697,697,3,0,1897,1897,0
708959628,NODE_704BCA25B768,child,5,20:50:0D:E7:1C:39,-69,0,697,697,3,0,1897,1897,0
709059625,NODE_704BCA25B768,child,5,20:50:0D:E7:1C:39,-69,0,697,697,3,0,1897,1897,0
709159628,NODE_704BCA25B768,child,5,20:50:0D:E7:1C:39,-69,0,697,697,3,0,1897,1897,0
709259636,NODE_704BCA25B768,child,5,20:50:0D:E7:1C:39,-69,0,697,697,3,0,1897,1897,0
709359625,NODE_704BCA25B768,child,5,20:50:0D:E7:1C:39,-69,0,697,697,3,0,1897,1897,0
709459628,NODE_704BCA25B768,child,5,20:50:0D:E7:1C:39,-69,0,698,698,3,0,1898,1898,0
709559628,NODE_704BCA25B768,child,5,20:50:0D:E7:1C:39,-69,0,698,698,3,0,1898,1898,0
709659848,NODE_704BCA25B768,child,5,20:50:0D:E7:1C:39,-69,0,698,698,3,0,1899,1898,0
709759636,NODE_704BCA25B768,child,5,20:50:0D:E7:1C:39,-69,0,698,698,3,0,1899,1899,0
709859636,NODE_704BCA25B768,child,5,20:50:0D:E7:1C:39,-69,0,698,698,3,0,1900,1900,0
709959633,NODE_704BCA25B768,child,5,20:50:0D:E7:1C:39,-69,0,698,698,3,0,1900,1900,0
710059624,NODE_704BCA25B768,child,5,20:50:0D:E7:1C:39,-69,0,698,698,3,0,1900,1900,0
710159636,NODE_704BCA25B768,child,5,20:50:0D:E7:1C:39,-69,0,698,698,3,0,1900,1900,0
710259629,NODE_704BCA25B768,child,5,20:50:0D:E7:1C:39,-69,0,698,698,3,0,1900,1900,0
710359640,NODE_704BCA25B768,child,5,20:50:0D:E7:1C:39,-69,0,698,698,3,0,1900,1900,0
710459628,NODE_704BCA25B768,child,5,20:50:0D:E7:1C:39,-69,0,699,699,3,0,1901,1901,0
710559629,NODE_704BCA25B768,child,5,20:50:0D:E7:1C:39,-69,0,699,699,3,0,1901,1901,0
710659701,NODE_704BCA25B768,child,5,20:50:0D:E7:1C:39,-69,0,699,699,3,0,1902,1901,0
710759640,NODE_704BCA25B768,child,5,20:50:0D:E7:1C:39,-68,0,699,699,3,0,1902,1902,0
710859629,NODE_704BCA25B768,child,5,20:50:0D:E7:1C:39,-68,0,699,699,3,0,1903,1903,0
710959628,NODE_704BCA25B768,child,5,20:50:0D:E7:1C:39,-68,0,699,699,3,0,1903,1903,0
711059636,NODE_704BCA25B768,child,5,20:50:0D:E7:1C:39,-68,0,699,699,3,0,1903,1903,0
711159625,NODE_704BCA25B768,child,5,20:50:0D:E7:1C:39,-68,0,699,699,3,0,1903,1903,0
711259624,NODE_704BCA25B768,child,5,20:50:0D:E7:1C:39,-68,0,699,699,3,0,1903,1903,0
711359628,NODE_704BCA25B768,child,5,20:50:0D:E7:1C:39,-68,0,699,699,3,0,1903,1903,0
711459633,NODE_704BCA25B768,child,5,20:50:0D:E7:1C:39,-68,0,700,700,3,0,1904,1904,0
711559636,NODE_704BCA25B768,child,5,20:50:0D:E7:1C:39,-68,0,700,700,3,0,1904,1904,0
711659640,NODE_704BCA25B768,child,5,20:50:0D:E7:1C:39,-68,0,700,700,3,0,1904,1904,0
711759637,NODE_704BCA25B768,child,5,20:50:0D:E7:1C:39,-69,0,700,700,3,0,1905,1905,0
711859628,NODE_704BCA25B768,child,5,20:50:0D:E7:1C:39,-69,0,700,700,3,0,1906,1906,0
711959628,NODE_704BCA25B768,child,5,20:50:0D:E7:1C:39,-69,0,700,700,3,0,1906,1906,0
712059633,NODE_704BCA25B768,child,5,20:50:0D:E7:1C:39,-69,0,700,700,3,0,1906,1906,0
712159628,NODE_704BCA25B768,child,5,20:50:0D:E7:1C:39,-69,0,700,700,3,0,1906,1906,0
712259632,NODE_704BCA25B768,child,5,20:50:0D:E7:1C:39,-69,0,700,700,3,0,1906,1906,0
712359637,NODE_704BCA25B768,child,5,20:50:0D:E7:1C:39,-69,0,700,700,3,0,1906,1906,0
712460531,NODE_704BCA25B768,child,5,20:50:0D:E7:1C:39,-69,0,701,701,3,0,1907,1906,0
712559636,NODE_704BCA25B768,child,5,20:50:0D:E7:1C:39,-69,0,701,701,3,0,1907,1907,0
712659723,NODE_704BCA25B768,child,5,20:50:0D:E7:1C:39,-69,0,701,701,3,0,1908,1907,0
712759637,NODE_704BCA25B768,child,5,20:50:0D:E7:1C:39,-68,0,701,701,3,0,1908,1908,0
712859636,NODE_704BCA25B768,child,5,20:50:0D:E7:1C:39,-68,0,701,701,3,0,1909,1909,0
712959633,NODE_704BCA25B768,child,5,20:50:0D:E7:1C:39,-68,0,701,701,3,0,1909,1909,0
713059628,NODE_704BCA25B768,child,5,20:50:0D:E7:1C:39,-68,0,701,701,3,0,1909,1909,0
713159636,NODE_704BCA25B768,child,5,20:50:0D:E7:1C:39,-68,0,701,701,3,0,1909,1909,0
713259625,NODE_704BCA25B768,child,5,20:50:0D:E7:1C:39,-68,0,701,701,3,0,1909,1909,0
713359640,NODE_704BCA25B768,child,5,20:50:0D:E7:1C:39,-68,0,701,701,3,0,1909,1909,0
713459816,NODE_704BCA25B768,child,5,20:50:0D:E7:1C:39,-68,0,702,702,3,0,1910,1910,0
713559637,NODE_704BCA25B768,child,5,20:50:0D:E7:1C:39,-68,0,702,702,3,0,1910,1910,0
713659643,NODE_704BCA25B768,child,5,20:50:0D:E7:1C:39,-68,0,702,702,3,0,1911,1911,0
713759644,NODE_704BCA25B768,child,5,20:50:0D:E7:1C:39,-68,0,702,702,3,0,1911,1911,0
713859641,NODE_704BCA25B768,child,5,20:50:0D:E7:1C:39,-68,0,702,702,3,0,1912,1912,0
713959628,NODE_704BCA25B768,child,5,20:50:0D:E7:1C:39,-68,0,702,702,3,0,1912,1912,0
714059632,NODE_704BCA25B768,child,5,20:50:0D:E7:1C:39,-68,0,702,702,3,0,1912,1912,0
714159625,NODE_704BCA25B768,child,5,20:50:0D:E7:1C:39,-68,0,702,702,3,0,1912,1912,0
714259624,NODE_704BCA25B768,child,5,20:50:0D:E7:1C:39,-68,0,702,702,3,0,1912,1912,0
714359624,NODE_704BCA25B768,child,5,20:50:0D:E7:1C:39,-68,0,702,702,3,0,1912,1912,0
714459633,NODE_704BCA25B768,child,5,20:50:0D:E7:1C:39,-68,0,703,703,3,0,1913,1913,0
714559636,NODE_704BCA25B768,child,5,20:50:0D:E7:1C:39,-68,0,703,703,3,0,1913,1913,0
714659837,NODE_704BCA25B768,child,5,20:50:0D:E7:1C:39,-68,0,703,703,3,0,1914,1913,0
714759633,NODE_704BCA25B768,child,5,20:50:0D:E7:1C:39,-68,0,703,703,3,0,1914,1914,0
714859632,NODE_704BCA25B768,child,5,20:50:0D:E7:1C:39,-68,0,703,703,3,0,1915,1915,0
714959628,NODE_704BCA25B768,child,5,20:50:0D:E7:1C:39,-68,0,703,703,3,0,1915,1915,0
715059625,NODE_704BCA25B768,child,5,20:50:0D:E7:1C:39,-68,0,703,703,3,0,1915,1915,0
715159628,NODE_704BCA25B768,child,5,20:50:0D:E7:1C:39,-68,0,703,703,3,0,1915,1915,0
715259636,NODE_704BCA25B768,child,5,20:50:0D:E7:1C:39,-68,0,703,703,3,0,1915,1915,0
715359625,NODE_704BCA25B768,child,5,20:50:0D:E7:1C:39,-68,0,703,703,3,0,1915,1915,0
715459641,NODE_704BCA25B768,child,5,20:50:0D:E7:1C:39,-68,0,704,704,3,0,1916,1916,0
715559628,NODE_704BCA25B768,child,5,20:50:0D:E7:1C:39,-68,0,704,704,3,0,1916,1916,0
715659660,NODE_704BCA25B768,child,5,20:50:0D:E7:1C:39,-68,0,704,704,3,0,1917,1917,0
715759628,NODE_704BCA25B768,child,5,20:50:0D:E7:1C:39,-68,0,704,704,3,0,1917,1917,0
715859644,NODE_704BCA25B768,child,5,20:50:0D:E7:1C:39,-68,0,704,704,3,0,1918,1918,0
715959633,NODE_704BCA25B768,child,5,20:50:0D:E7:1C:39,-68,0,704,704,3,0,1918,1918,0
716059624,NODE_704BCA25B768,child,5,20:50:0D:E7:1C:39,-68,0,704,704,3,0,1918,1918,0
716159636,NODE_704BCA25B768,child,5,20:50:0D:E7:1C:39,-68,0,704,704,3,0,1918,1918,0
716259625,NODE_704BCA25B768,child,5,20:50:0D:E7:1C:39,-68,0,704,704,3,0,1918,1918,0
716359632,NODE_704BCA25B768,child,5,20:50:0D:E7:1C:39,-68,0,704,704,3,0,1918,1918,0
716459632,NODE_704BCA25B768,child,5,20:50:0D:E7:1C:39,-68,0,705,705,3,0,1919,1919,0
716559637,NODE_704BCA25B768,child,5,20:50:0D:E7:1C:39,-68,0,705,705,3,0,1919,1919,0
716660061,NODE_704BCA25B768,child,5,20:50:0D:E7:1C:39,-68,0,705,705,3,0,1920,1919,0
716759628,NODE_704BCA25B768,child,5,20:50:0D:E7:1C:39,-68,0,705,705,3,0,1920,1920,0
716859637,NODE_704BCA25B768,child,5,20:50:0D:E7:1C:39,-68,0,705,705,3,0,1920,1920,0
716959632,NODE_704BCA25B768,child,5,20:50:0D:E7:1C:39,-68,0,705,705,3,0,1921,1920,0
717059640,NODE_704BCA25B768,child,5,20:50:0D:E7:1C:39,-68,0,705,705,3,0,1921,1921,0
717159629,NODE_704BCA25B768,child,5,20:50:0D:E7:1C:39,-68,0,705,705,3,0,1921,1921,0
717259628,NODE_704BCA25B768,child,5,20:50:0D:E7:1C:39,-68,0,705,705,3,0,1921,1921,0
717359628,NODE_704BCA25B768,child,5,20:50:0D:E7:1C:39,-68,0,705,705,3,0,1921,1921,0
717459658,NODE_704BCA25B768,child,5,20:50:0D:E7:1C:39,-68,0,706,706,3,0,1921,1921,0
717559636,NODE_704BCA25B768,child,5,20:50:0D:E7:1C:39,-68,0,706,706,3,0,1922,1922,0
717659857,NODE_704BCA25B768,child,5,20:50:0D:E7:1C:39,-68,0,706,706,3,0,1923,1922,0
717759638,NODE_704BCA25B768,child,5,20:50:0D:E7:1C:39,-68,0,706,706,3,0,1923,1923,0
717859636,NODE_704BCA25B768,child,5,20:50:0D:E7:1C:39,-69,0,706,706,3,0,1923,1923,0
717959632,NODE_704BCA25B768,child,5,20:50:0D:E7:1C:39,-69,0,706,706,3,0,1923,1923,0
718059625,NODE_704BCA25B768,child,5,20:50:0D:E7:1C:39,-69,0,706,706,3,0,1923,1923,0
718159628,NODE_704BCA25B768,child,5,20:50:0D:E7:1C:39,-69,0,706,706,3,0,1923,1923,0
718259624,NODE_704BCA25B768,child,5,20:50:0D:E7:1C:39,-69,0,706,706,3,0,1923,1923,0
718359633,NODE_704BCA25B768,child,5,20:50:0D:E7:1C:39,-69,0,706,706,3,0,1923,1923,0
718459988,NODE_704BCA25B768,child,5,20:50:0D:E7:1C:39,-69,0,707,707,3,0,1924,1923,0
718559628,NODE_704BCA25B768,child,5,20:50:0D:E7:1C:39,-69,0,707,707,3,0,1924,1924,0
718659625,NODE_704BCA25B768,child,5,20:50:0D:E7:1C:39,-69,0,707,707,3,0,1925,1924,0
718759636,NODE_704BCA25B768,child,5,20:50:0D:E7:1C:39,-69,0,707,707,3,0,1925,1925,0
718859708,NODE_704BCA25B768,child,5,20:50:0D:E7:1C:39,-69,0,707,707,3,0,1925,1925,0
718959637,NODE_704BCA25B768,child,5,20:50:0D:E7:1C:39,-69,0,707,707,3,0,1925,1925,0
719059628,NODE_704BCA25B768,child,5,20:50:0D:E7:1C:39,-69,0,707,707,3,0,1925,1925,0
719159636,NODE_704BCA25B768,child,5,20:50:0D:E7:1C:39,-69,0,707,707,3,0,1925,1925,0
719259625,NODE_704BCA25B768,child,5,20:50:0D:E7:1C:39,-69,0,707,707,3,0,1925,1925,0
719359636,NODE_704BCA25B768,child,5,20:50:0D:E7:1C:39,-69,0,707,707,3,0,1925,1925,0
719459678,NODE_704BCA25B768,child,5,20:50:0D:E7:1C:39,-69,0,708,708,3,0,1927,1927,0
719559641,NODE_704BCA25B768,child,5,20:50:0D:E7:1C:39,-69,0,708,708,3,0,1927,1927,0
719659624,NODE_704BCA25B768,child,5,20:50:0D:E7:1C:39,-69,0,708,708,3,0,1927,1927,0
719759624,NODE_704BCA25B768,child,5,20:50:0D:E7:1C:39,-69,0,708,708,3,0,1928,1928,0
719859633,NODE_704BCA25B768,child,5,20:50:0D:E7:1C:39,-69,0,708,708,3,0,1928,1928,0
719959636,NODE_704BCA25B768,child,5,20:50:0D:E7:1C:39,-68,0,708,708,3,0,1928,1928,0
720059628,NODE_704BCA25B768,child,5,20:50:0D:E7:1C:39,-68,0,708,708,3,0,1928,1928,0
720159625,NODE_704BCA25B768,child,5,20:50:0D:E7:1C:39,-68,0,708,708,3,0,1928,1928,0
720259632,NODE_704BCA25B768,child,5,20:50:0D:E7:1C:39,-68,0,708,708,3,0,1928,1928,0
720359628,NODE_704BCA25B768,child,5,20:50:0D:E7:1C:39,-68,0,708,708,3,0,1928,1928,0
720459679,NODE_704BCA25B768,child,5,20:50:0D:E7:1C:39,-68,0,709,709,3,0,1930,1930,0
720559640,NODE_704BCA25B768,child,5,20:50:0D:E7:1C:39,-68,0,709,709,3,0,1930,1930,0
720659654,NODE_704BCA25B768,child,5,20:50:0D:E7:1C:39,-68,0,709,709,3,0,1931,1930,0
720759637,NODE_704BCA25B768,child,5,20:50:0D:E7:1C:39,-68,0,709,709,3,0,1931,1931,0
720859624,NODE_704BCA25B768,child,5,20:50:0D:E7:1C:39,-68,0,709,709,3,0,1931,1931,0
720959686,NODE_704BCA25B768,child,5,20:50:0D:E7:1C:39,-67,0,709,709,3,0,1931,1931,0
721059625,NODE_704BCA25B768,child,5,20:50:0D:E7:1C:39,-67,0,709,709,3,0,1931,1931,0
721159628,NODE_704BCA25B768,child,5,20:50:0D:E7:1C:39,-67,0,709,709,3,0,1931,1931,0
721259624,NODE_704BCA25B768,child,5,20:50:0D:E7:1C:39,-67,0,709,709,3,0,1931,1931,0
721359633,NODE_704BCA25B768,child,5,20:50:0D:E7:1C:39,-67,0,709,709,3,0,1931,1931,0
721459632,NODE_704BCA25B768,child,5,20:50:0D:E7:1C:39,-67,0,710,710,3,0,1933,1932,0
721559636,NODE_704BCA25B768,child,5,20:50:0D:E7:1C:39,-67,0,710,710,3,0,1933,1933,0
721659744,NODE_704BCA25B768,child,5,20:50:0D:E7:1C:39,-67,0,710,710,3,0,1934,1933,0
721759632,NODE_704BCA25B768,child,5,20:50:0D:E7:1C:39,-67,0,710,710,3,0,1934,1934,0
721859636,NODE_704BCA25B768,child,5,20:50:0D:E7:1C:39,-67,0,710,710,3,0,1934,1934,0
721959641,NODE_704BCA25B768,child,5,20:50:0D:E7:1C:39,-67,0,710,710,3,0,1934,1934,0
722059632,NODE_704BCA25B768,child,5,20:50:0D:E7:1C:39,-67,0,710,710,3,0,1934,1934,0
722159636,NODE_704BCA25B768,child,5,20:50:0D:E7:1C:39,-67,0,710,710,3,0,1934,1934,0
722259625,NODE_704BCA25B768,child,5,20:50:0D:E7:1C:39,-67,0,710,710,3,0,1934,1934,0
722359636,NODE_704BCA25B768,child,5,20:50:0D:E7:1C:39,-67,0,710,710,3,0,1934,1934,0
722459673,NODE_704BCA25B768,child,5,20:50:0D:E7:1C:39,-67,0,711,711,3,0,1935,1934,0
722559637,NODE_704BCA25B768,child,5,20:50:0D:E7:1C:39,-67,0,711,711,3,0,1936,1936,0
722659803,NODE_704BCA25B768,child,5,20:50:0D:E7:1C:39,-67,0,711,711,3,0,1937,1937,0
722759625,NODE_704BCA25B768,child,5,20:50:0D:E7:1C:39,-67,0,711,711,3,0,1937,1937,0
722859641,NODE_704BCA25B768,child,5,20:50:0D:E7:1C:39,-67,0,711,711,3,0,1937,1937,0
722959636,NODE_704BCA25B768,child,5,20:50:0D:E7:1C:39,-69,0,711,711,3,0,1937,1937,0
723059628,NODE_704BCA25B768,child,5,20:50:0D:E7:1C:39,-69,0,711,711,3,0,1937,1937,0
723159629,NODE_704BCA25B768,child,5,20:50:0D:E7:1C:39,-69,0,711,711,3,0,1937,1937,0
723259636,NODE_704BCA25B768,child,5,20:50:0D:E7:1C:39,-69,0,711,711,3,0,1937,1937,0
723359624,NODE_704BCA25B768,child,5,20:50:0D:E7:1C:39,-69,0,711,711,3,0,1937,1937,0
723459999,NODE_704BCA25B768,child,5,20:50:0D:E7:1C:39,-69,0,712,712,3,0,1938,1937,0
723559628,NODE_704BCA25B768,child,5,20:50:0D:E7:1C:39,-69,0,712,712,3,0,1939,1939,0
723659636,NODE_704BCA25B768,child,5,20:50:0D:E7:1C:39,-69,0,712,712,3,0,1939,1939,0
723759633,NODE_704BCA25B768,child,5,20:50:0D:E7:1C:39,-69,0,712,712,3,0,1940,1940,0
723859632,NODE_704BCA25B768,child,5,20:50:0D:E7:1C:39,-69,0,712,712,3,0,1940,1940,0
723959628,NODE_704BCA25B768,child,5,20:50:0D:E7:1C:39,-69,0,712,712,3,0,1940,1940,0
724059641,NODE_704BCA25B768,child,5,20:50:0D:E7:1C:39,-69,0,712,712,3,0,1940,1940,0
724159628,NODE_704BCA25B768,child,5,20:50:0D:E7:1C:39,-69,0,712,712,3,0,1940,1940,0
724259624,NODE_704BCA25B768,child,5,20:50:0D:E7:1C:39,-69,0,712,712,3,0,1940,1940,0
724359633,NODE_704BCA25B768,child,5,20:50:0D:E7:1C:39,-69,0,712,712,3,0,1940,1940,0
724459628,NODE_704BCA25B768,child,5,20:50:0D:E7:1C:39,-69,0,713,713,3,0,1940,1940,0
724559624,NODE_704BCA25B768,child,5,20:50:0D:E7:1C:39,-69,0,713,713,3,0,1942,1942,0
724660023,NODE_704BCA25B768,child,5,20:50:0D:E7:1C:39,-69,0,713,713,3,0,1943,1943,0
724759624,NODE_704BCA25B768,child,5,20:50:0D:E7:1C:39,-69,0,713,713,3,0,1943,1943,0
724859636,NODE_704BCA25B768,child,5,20:50:0D:E7:1C:39,-69,0,713,713,3,0,1943,1943,0
724959633,NODE_704BCA25B768,child,5,20:50:0D:E7:1C:39,-69,0,713,713,3,0,1943,1943,0
725059640,NODE_704BCA25B768,child,5,20:50:0D:E7:1C:39,-68,0,713,713,3,0,1943,1943,0
725159636,NODE_704BCA25B768,child,5,20:50:0D:E7:1C:39,-68,0,713,713,3,0,1943,1943,0
725259625,NODE_704BCA25B768,child,5,20:50:0D:E7:1C:39,-68,0,713,713,3,0,1943,1943,0
725359636,NODE_704BCA25B768,child,5,20:50:0D:E7:1C:39,-68,0,713,713,3,0,1943,1943,0
725460054,NODE_704BCA25B768,child,5,20:50:0D:E7:1C:39,-68,0,714,714,3,0,1943,1943,0
725559641,NODE_704BCA25B768,child,5,20:50:0D:E7:1C:39,-68,0,714,714,3,0,1945,1945,0
725659649,NODE_704BCA25B768,child,5,20:50:0D:E7:1C:39,-68,0,714,714,3,0,1946,1945,0
725759636,NODE_704BCA25B768,child,5,20:50:0D:E7:1C:39,-68,0,714,714,3,0,1946,1946,0
725859625,NODE_704BCA25B768,child,5,20:50:0D:E7:1C:39,-68,0,714,714,3,0,1946,1946,0
725959628,NODE_704BCA25B768,child,5,20:50:0D:E7:1C:39,-68,0,714,714,3,0,1946,1946,0
726059636,NODE_704BCA25B768,child,5,20:50:0D:E7:1C:39,-68,0,714,714,3,0,1946,1946,0
726159625,NODE_704BCA25B768,child,5,20:50:0D:E7:1C:39,-68,0,714,714,3,0,1946,1946,0
726259632,NODE_704BCA25B768,child,5,20:50:0D:E7:1C:39,-68,0,714,714,3,0,1946,1946,0
726359624,NODE_704BCA25B768,child,5,20:50:0D:E7:1C:39,-68,0,714,714,3,0,1946,1946,0
726459629,NODE_704BCA25B768,child,5,20:50:0D:E7:1C:39,-68,0,715,715,3,0,1946,1946,0
726559628,NODE_704BCA25B768,child,5,20:50:0D:E7:1C:39,-68,0,715,715,3,0,1948,1948,0
726659659,NODE_704BCA25B768,child,5,20:50:0D:E7:1C:39,-68,0,715,715,3,0,1948,1948,0
726759783,NODE_704BCA25B768,child,5,20:50:0D:E7:1C:39,-68,0,715,715,3,0,1949,1949,0
726859628,NODE_704BCA25B768,child,5,20:50:0D:E7:1C:39,-68,0,715,715,3,0,1949,1949,0
726959636,NODE_704BCA25B768,child,5,20:50:0D:E7:1C:39,-68,0,715,715,3,0,1949,1949,0
727059637,NODE_704BCA25B768,child,5,20:50:0D:E7:1C:39,-68,0,715,715,3,0,1949,1949,0
727159636,NODE_704BCA25B768,child,5,20:50:0D:E7:1C:39,-68,0,715,715,3,0,1949,1949,0
727259624,NODE_704BCA25B768,child,5,20:50:0D:E7:1C:39,-68,0,715,715,3,0,1949,1949,0
727359625,NODE_704BCA25B768,child,5,20:50:0D:E7:1C:39,-68,0,715,715,3,0,1949,1949,0
727459628,NODE_704BCA25B768,child,5,20:50:0D:E7:1C:39,-68,0,716,716,3,0,1949,1949,0
727559628,NODE_704BCA25B768,child,5,20:50:0D:E7:1C:39,-68,0,716,716,3,0,1951,1951,0
727659629,NODE_704BCA25B768,child,5,20:50:0D:E7:1C:39,-68,0,716,716,3,0,1952,1951,0
727759637,NODE_704BCA25B768,child,5,20:50:0D:E7:1C:39,-68,0,716,716,3,0,1952,1952,0
727859636,NODE_704BCA25B768,child,5,20:50:0D:E7:1C:39,-68,0,716,716,3,0,1952,1952,0
727959629,NODE_704BCA25B768,child,5,20:50:0D:E7:1C:39,-68,0,716,716,3,0,1952,1952,0
728059636,NODE_704BCA25B768,child,5,20:50:0D:E7:1C:39,-68,0,716,716,3,0,1952,1952,0
728159640,NODE_704BCA25B768,child,5,20:50:0D:E7:1C:39,-68,0,716,716,3,0,1952,1952,0
728259625,NODE_704BCA25B768,child,5,20:50:0D:E7:1C:39,-68,0,716,716,3,0,1952,1952,0
728359632,NODE_704BCA25B768,child,5,20:50:0D:E7:1C:39,-68,0,716,716,3,0,1952,1952,0
728459624,NODE_704BCA25B768,child,5,20:50:0D:E7:1C:39,-68,0,717,717,3,0,1952,1952,0
728559633,NODE_704BCA25B768,child,5,20:50:0D:E7:1C:39,-68,0,717,717,3,0,1954,1954,0
728659628,NODE_704BCA25B768,child,5,20:50:0D:E7:1C:39,-68,0,717,717,3,0,1954,1954,0
728759640,NODE_704BCA25B768,child,5,20:50:0D:E7:1C:39,-68,0,717,717,3,0,1955,1955,0
728859629,NODE_704BCA25B768,child,5,20:50:0D:E7:1C:39,-68,0,717,717,3,0,1955,1955,0
728959628,NODE_704BCA25B768,child,5,20:50:0D:E7:1C:39,-68,0,717,717,3,0,1955,1955,0
729059624,NODE_704BCA25B768,child,5,20:50:0D:E7:1C:39,-68,0,717,717,3,0,1955,1955,0
729159641,NODE_704BCA25B768,child,5,20:50:0D:E7:1C:39,-68,0,717,717,3,0,1955,1955,0
729259624,NODE_704BCA25B768,child,5,20:50:0D:E7:1C:39,-68,0,717,717,3,0,1955,1955,0
729359636,NODE_704BCA25B768,child,5,20:50:0D:E7:1C:39,-68,0,717,717,3,0,1955,1955,0
729459659,NODE_704BCA25B768,child,5,20:50:0D:E7:1C:39,-68,0,718,718,3,0,1955,1955,0
729559624,NODE_704BCA25B768,child,5,20:50:0D:E7:1C:39,-68,0,718,718,3,0,1957,1956,0
729659628,NODE_704BCA25B768,child,5,20:50:0D:E7:1C:39,-68,0,718,718,3,0,1957,1957,0
729759633,NODE_704BCA25B768,child,5,20:50:0D:E7:1C:39,-68,0,718,718,3,0,1958,1958,0
729859640,NODE_704BCA25B768,child,5,20:50:0D:E7:1C:39,-68,0,718,718,3,0,1958,1958,0
729959632,NODE_704BCA25B768,child,5,20:50:0D:E7:1C:39,-68,0,718,718,3,0,1958,1958,0
730059629,NODE_704BCA25B768,child,5,20:50:0D:E7:1C:39,-68,0,718,718,3,0,1958,1958,0
730159636,NODE_704BCA25B768,child,5,20:50:0D:E7:1C:39,-68,0,718,718,3,0,1958,1958,0
730259624,NODE_704BCA25B768,child,5,20:50:0D:E7:1C:39,-68,0,718,718,3,0,1958,1958,0
730359625,NODE_704BCA25B768,child,5,20:50:0D:E7:1C:39,-68,0,718,718,3,0,1958,1958,0
730459628,NODE_704BCA25B768,child,5,20:50:0D:E7:1C:39,-68,0,719,719,3,0,1958,1958,0
730559636,NODE_704BCA25B768,child,5,20:50:0D:E7:1C:39,-68,0,719,719,3,0,1959,1959,0
730659625,NODE_704BCA25B768,child,5,20:50:0D:E7:1C:39,-68,0,719,719,3,0,1961,1961,0
730759632,NODE_704BCA25B768,child,5,20:50:0D:E7:1C:39,-68,0,719,719,3,0,1961,1961,0
730859640,NODE_704BCA25B768,child,5,20:50:0D:E7:1C:39,-68,0,719,719,3,0,1961,1961,0
730959629,NODE_704BCA25B768,child,5,20:50:0D:E7:1C:39,-68,0,719,719,3,0,1961,1961,0
731059632,NODE_704BCA25B768,child,5,20:50:0D:E7:1C:39,-68,0,719,719,3,0,1961,1961,0
731159644,NODE_704BCA25B768,child,5,20:50:0D:E7:1C:39,-67,0,719,719,3,0,1961,1961,0
731259625,NODE_704BCA25B768,child,5,20:50:0D:E7:1C:39,-67,0,719,719,3,0,1961,1961,0
731359632,NODE_704BCA25B768,child,5,20:50:0D:E7:1C:39,-67,0,719,719,3,0,1961,1961,0
731459624,NODE_704BCA25B768,child,5,20:50:0D:E7:1C:39,-67,0,720,720,3,0,1961,1961,0
731559637,NODE_704BCA25B768,child,5,20:50:0D:E7:1C:39,-67,0,720,720,3,0,1961,1961,0
731659628,NODE_704BCA25B768,child,5,20:50:0D:E7:1C:39,-67,0,720,720,3,0,1964,1964,0
731759636,NODE_704BCA25B768,child,5,20:50:0D:E7:1C:39,-67,0,720,720,3,0,1964,1964,0
731859629,NODE_704BCA25B768,child,5,20:50:0D:E7:1C:39,-67,0,720,720,3,0,1964,1964,0
731959628,NODE_704BCA25B768,child,5,20:50:0D:E7:1C:39,-67,0,720,720,3,0,1964,1964,0
732059624,NODE_704BCA25B768,child,5,20:50:0D:E7:1C:39,-67,0,720,720,3,0,1964,1964,0
732159629,NODE_704BCA25B768,child,5,20:50:0D:E7:1C:39,-67,0,720,720,3,0,1964,1964,0
732259636,NODE_704BCA25B768,child,5,20:50:0D:E7:1C:39,-68,0,720,720,3,0,1964,1964,0
732359632,NODE_704BCA25B768,child,5,20:50:0D:E7:1C:39,-68,0,720,720,3,0,1964,1964,0
732459630,NODE_704BCA25B768,child,5,20:50:0D:E7:1C:39,-68,0,721,721,3,0,1964,1964,0
732559628,NODE_704BCA25B768,child,5,20:50:0D:E7:1C:39,-68,0,721,721,3,0,1964,1964,0
732659632,NODE_704BCA25B768,child,5,20:50:0D:E7:1C:39,-68,0,721,721,3,0,1966,1966,0
732759630,NODE_704BCA25B768,child,5,20:50:0D:E7:1C:39,-68,0,721,721,3,0,1967,1967,0
732859632,NODE_704BCA25B768,child,5,20:50:0D:E7:1C:39,-68,0,721,721,3,0,1967,1967,0
732959636,NODE_704BCA25B768,child,5,20:50:0D:E7:1C:39,-68,0,721,721,3,0,1967,1967,0
733059625,NODE_704BCA25B768,child,5,20:50:0D:E7:1C:39,-68,0,721,721,3,0,1967,1967,0
733159632,NODE_704BCA25B768,child,5,20:50:0D:E7:1C:39,-68,0,721,721,3,0,1967,1967,0
733259636,NODE_704BCA25B768,child,5,20:50:0D:E7:1C:39,-68,0,721,721,3,0,1967,1967,0
733359625,NODE_704BCA25B768,child,5,20:50:0D:E7:1C:39,-68,0,721,721,3,0,1967,1967,0
733459628,NODE_704BCA25B768,child,5,20:50:0D:E7:1C:39,-68,0,722,722,3,0,1967,1967,0
733559632,NODE_704BCA25B768,child,5,20:50:0D:E7:1C:39,-68,0,722,722,3,0,1967,1967,0
733659629,NODE_704BCA25B768,child,5,20:50:0D:E7:1C:39,-68,0,722,722,3,0,1970,1970,0
733759716,NODE_704BCA25B768,child,5,20:50:0D:E7:1C:39,-68,0,722,722,3,0,1970,1970,0
733859640,NODE_704BCA25B768,child,5,20:50:0D:E7:1C:39,-68,0,722,722,3,0,1970,1970,0
733959633,NODE_704BCA25B768,child,5,20:50:0D:E7:1C:39,-68,0,722,722,3,0,1970,1970,0
734059624,NODE_704BCA25B768,child,5,20:50:0D:E7:1C:39,-68,0,722,722,3,0,1970,1970,0
734159640,NODE_704BCA25B768,child,5,20:50:0D:E7:1C:39,-68,0,722,722,3,0,1970,1970,0
734259641,NODE_704BCA25B768,child,5,20:50:0D:E7:1C:39,-69,0,722,722,3,0,1970,1970,0
734359632,NODE_704BCA25B768,child,5,20:50:0D:E7:1C:39,-69,0,722,722,3,0,1970,1970,0
734459624,NODE_704BCA25B768,child,5,20:50:0D:E7:1C:39,-69,0,723,723,3,0,1970,1970,0
734559633,NODE_704BCA25B768,child,5,20:50:0D:E7:1C:39,-69,0,723,723,3,0,1970,1970,0
734659628,NODE_704BCA25B768,child,5,20:50:0D:E7:1C:39,-69,0,723,723,3,0,1972,1972,0
734759632,NODE_704BCA25B768,child,5,20:50:0D:E7:1C:39,-69,0,723,723,3,0,1973,1973,0
734859633,NODE_704BCA25B768,child,5,20:50:0D:E7:1C:39,-69,0,723,723,3,0,1973,1973,0
734959624,NODE_704BCA25B768,child,5,20:50:0D:E7:1C:39,-69,0,723,723,3,0,1973,1973,0
735059628,NODE_704BCA25B768,child,5,20:50:0D:E7:1C:39,-69,0,723,723,3,0,1973,1973,0
735159629,NODE_704BCA25B768,child,5,20:50:0D:E7:1C:39,-69,0,723,723,3,0,1973,1973,0
735259636,NODE_704BCA25B768,child,5,20:50:0D:E7:1C:39,-69,0,723,723,3,0,1973,1973,0
735359632,NODE_704BCA25B768,child,5,20:50:0D:E7:1C:39,-69,0,723,723,3,0,1973,1973,0
735459629,NODE_704BCA25B768,child,5,20:50:0D:E7:1C:39,-69,0,724,724,3,0,1973,1973,0
735559628,NODE_704BCA25B768,child,5,20:50:0D:E7:1C:39,-69,0,724,724,3,0,1973,1973,0
735659628,NODE_704BCA25B768,child,5,20:50:0D:E7:1C:39,-69,0,724,724,3,0,1974,1974,0
735759641,NODE_704BCA25B768,child,5,20:50:0D:E7:1C:39,-69,0,724,724,3,0,1976,1976,0
735859628,NODE_704BCA25B768,child,5,20:50:0D:E7:1C:39,-69,0,724,724,3,0,1976,1976,0
735959632,NODE_704BCA25B768,child,5,20:50:0D:E7:1C:39,-69,0,724,724,3,0,1976,1976,0
736059637,NODE_704BCA25B768,child,5,20:50:0D:E7:1C:39,-69,0,724,724,3,0,1976,1976,0
736159936,NODE_704BCA25B768,child,5,20:50:0D:E7:1C:39,-69,0,724,724,3,0,1976,1976,0
736260403,NODE_704BCA25B768,child,5,20:50:0D:E7:1C:39,-67,0,724,724,3,0,1976,1976,0
736359633,NODE_704BCA25B768,child,5,20:50:0D:E7:1C:39,-67,0,724,724,3,0,1976,1976,0
736459628,NODE_704BCA25B768,child,5,20:50:0D:E7:1C:39,-67,0,725,725,3,0,1976,1976,0
736559632,NODE_704BCA25B768,child,5,20:50:0D:E7:1C:39,-67,0,725,725,3,0,1976,1976,0
736659739,NODE_704BCA25B768,child,5,20:50:0D:E7:1C:39,-67,0,725,725,3,0,1978,1977,0
736759624,NODE_704BCA25B768,child,5,20:50:0D:E7:1C:39,-67,0,725,725,3,0,1979,1979,0
736859636,NODE_704BCA25B768,child,5,20:50:0D:E7:1C:39,-67,0,725,725,3,0,1979,1979,0
736959637,NODE_704BCA25B768,child,5,20:50:0D:E7:1C:39,-67,0,725,725,3,0,1979,1979,0
737059624,NODE_704BCA25B768,child,5,20:50:0D:E7:1C:39,-67,0,725,725,3,0,1979,1979,0
737159636,NODE_704BCA25B768,child,5,20:50:0D:E7:1C:39,-67,0,725,725,3,0,1979,1979,0
737259637,NODE_704BCA25B768,child,5,20:50:0D:E7:1C:39,-67,0,725,725,3,0,1979,1979,0
737359640,NODE_704BCA25B768,child,5,20:50:0D:E7:1C:39,-69,0,725,725,3,0,1979,1979,0
737459628,NODE_704BCA25B768,child,5,20:50:0D:E7:1C:39,-69,0,726,726,3,0,1979,1979,0
737559625,NODE_704BCA25B768,child,5,20:50:0D:E7:1C:39,-69,0,726,726,3,0,1979,1979,0
737659632,NODE_704BCA25B768,child,5,20:50:0D:E7:1C:39,-69,0,726,726,3,0,1980,1980,0
737759625,NODE_704BCA25B768,child,5,20:50:0D:E7:1C:39,-69,0,726,726,3,0,1982,1982,0
737859629,NODE_704BCA25B768,child,5,20:50:0D:E7:1C:39,-69,0,726,726,3,0,1982,1982,0
737959640,NODE_704BCA25B768,child,5,20:50:0D:E7:1C:39,-69,0,726,726,3,0,1982,1982,0
738059624,NODE_704BCA25B768,child,5,20:50:0D:E7:1C:39,-69,0,726,726,3,0,1982,1982,0
738159625,NODE_704BCA25B768,child,5,20:50:0D:E7:1C:39,-69,0,726,726,3,0,1982,1982,0
738259628,NODE_704BCA25B768,child,5,20:50:0D:E7:1C:39,-69,0,726,726,3,0,1982,1982,0
738359636,NODE_704BCA25B768,child,5,20:50:0D:E7:1C:39,-69,0,726,726,3,0,1982,1982,0
738459629,NODE_704BCA25B768,child,5,20:50:0D:E7:1C:39,-69,0,727,727,3,0,1982,1982,0
738559636,NODE_704BCA25B768,child,5,20:50:0D:E7:1C:39,-69,0,727,727,3,0,1982,1982,0
738659632,NODE_704BCA25B768,child,5,20:50:0D:E7:1C:39,-69,0,727,727,3,0,1984,1984,0
738759625,NODE_704BCA25B768,child,5,20:50:0D:E7:1C:39,-69,0,727,727,3,0,1985,1985,0
738859632,NODE_704BCA25B768,child,5,20:50:0D:E7:1C:39,-69,0,727,727,3,0,1985,1985,0
738959636,NODE_704BCA25B768,child,5,20:50:0D:E7:1C:39,-69,0,727,727,3,0,1985,1985,0
739059633,NODE_704BCA25B768,child,5,20:50:0D:E7:1C:39,-69,0,727,727,3,0,1985,1985,0
739159628,NODE_704BCA25B768,child,5,20:50:0D:E7:1C:39,-69,0,727,727,3,0,1985,1985,0
739259628,NODE_704BCA25B768,child,5,20:50:0D:E7:1C:39,-69,0,727,727,3,0,1985,1985,0
739359637,NODE_704BCA25B768,child,5,20:50:0D:E7:1C:39,-69,0,727,727,3,0,1985,1985,0
739459629,NODE_704BCA25B768,child,5,20:50:0D:E7:1C:39,-69,0,728,728,3,0,1985,1985,0
739559632,NODE_704BCA25B768,child,5,20:50:0D:E7:1C:39,-69,0,728,728,3,0,1985,1985,0
739659682,NODE_704BCA25B768,child,5,20:50:0D:E7:1C:39,-69,0,728,728,3,0,1987,1987,0
739759632,NODE_704BCA25B768,child,5,20:50:0D:E7:1C:39,-69,0,728,728,3,0,1987,1987,0
739859636,NODE_704BCA25B768,child,5,20:50:0D:E7:1C:39,-69,0,728,728,3,0,1988,1988,0
739959629,NODE_704BCA25B768,child,5,20:50:0D:E7:1C:39,-69,0,728,728,3,0,1988,1988,0
740059628,NODE_704BCA25B768,child,5,20:50:0D:E7:1C:39,-69,0,728,728,3,0,1988,1988,0
740159640,NODE_704BCA25B768,child,5,20:50:0D:E7:1C:39,-69,0,728,728,3,0,1988,1988,0
740259633,NODE_704BCA25B768,child,5,20:50:0D:E7:1C:39,-69,0,728,728,3,0,1988,1988,0
740359640,NODE_704BCA25B768,child,5,20:50:0D:E7:1C:39,-69,0,728,728,3,0,1988,1988,0
740459632,NODE_704BCA25B768,child,5,20:50:0D:E7:1C:39,-69,0,729,729,3,0,1988,1988,0
740559633,NODE_704BCA25B768,child,5,20:50:0D:E7:1C:39,-69,0,729,729,3,0,1988,1988,0
740659628,NODE_704BCA25B768,child,5,20:50:0D:E7:1C:39,-69,0,729,729,3,0,1990,1990,0
740759628,NODE_704BCA25B768,child,5,20:50:0D:E7:1C:39,-69,0,729,729,3,0,1990,1990,0
740859629,NODE_704BCA25B768,child,5,20:50:0D:E7:1C:39,-69,0,729,729,3,0,1991,1991,0
740959636,NODE_704BCA25B768,child,5,20:50:0D:E7:1C:39,-69,0,729,729,3,0,1991,1991,0
741059628,NODE_704BCA25B768,child,5,20:50:0D:E7:1C:39,-69,0,729,729,3,0,1991,1991,0
741159625,NODE_704BCA25B768,child,5,20:50:0D:E7:1C:39,-69,0,729,729,3,0,1991,1991,0
741259624,NODE_704BCA25B768,child,5,20:50:0D:E7:1C:39,-69,0,729,729,3,0,1991,1991,0
741359628,NODE_704BCA25B768,child,5,20:50:0D:E7:1C:39,-69,0,729,729,3,0,1991,1991,0
741459633,NODE_704BCA25B768,child,5,20:50:0D:E7:1C:39,-69,0,730,730,3,0,1991,1991,0
741559632,NODE_704BCA25B768,child,5,20:50:0D:E7:1C:39,-69,0,730,730,3,0,1991,1991,0
741659640,NODE_704BCA25B768,child,5,20:50:0D:E7:1C:39,-69,0,730,730,3,0,1992,1992,0
741759629,NODE_704BCA25B768,child,5,20:50:0D:E7:1C:39,-69,0,730,730,3,0,1993,1993,0
741859628,NODE_704BCA25B768,child,5,20:50:0D:E7:1C:39,-69,0,730,730,3,0,1994,1994,0
741959628,NODE_704BCA25B768,child,5,20:50:0D:E7:1C:39,-69,0,730,730,3,0,1994,1994,0
742059641,NODE_704BCA25B768,child,5,20:50:0D:E7:1C:39,-69,0,730,730,3,0,1994,1994,0
742159628,NODE_704BCA25B768,child,5,20:50:0D:E7:1C:39,-69,0,730,730,3,0,1994,1994,0
742259758,NODE_704BCA25B768,child,5,20:50:0D:E7:1C:39,-69,0,730,730,3,0,1994,1994,0
742359633,NODE_704BCA25B768,child,5,20:50:0D:E7:1C:39,-69,0,730,730,3,0,1994,1994,0
742459632,NODE_704BCA25B768,child,5,20:50:0D:E7:1C:39,-69,0,731,731,3,0,1994,1994,0
742559628,NODE_704BCA25B768,child,5,20:50:0D:E7:1C:39,-69,0,731,731,3,0,1994,1994,0
742659752,NODE_704BCA25B768,child,5,20:50:0D:E7:1C:39,-69,0,731,731,3,0,1996,1995,0
742759637,NODE_704BCA25B768,child,5,20:50:0D:E7:1C:39,-69,0,731,731,3,0,1996,1996,0
742859636,NODE_704BCA25B768,child,5,20:50:0D:E7:1C:39,-69,0,731,731,3,0,1996,1996,0
742959629,NODE_704BCA25B768,child,5,20:50:0D:E7:1C:39,-69,0,731,731,3,0,1997,1997,0
743059632,NODE_704BCA25B768,child,5,20:50:0D:E7:1C:39,-69,0,731,731,3,0,1997,1997,0
743159636,NODE_704BCA25B768,child,5,20:50:0D:E7:1C:39,-69,0,731,731,3,0,1997,1997,0
743259625,NODE_704BCA25B768,child,5,20:50:0D:E7:1C:39,-69,0,731,731,3,0,1997,1997,0
743359636,NODE_704BCA25B768,child,5,20:50:0D:E7:1C:39,-69,0,731,731,3,0,1997,1997,0
743459632,NODE_704BCA25B768,child,5,20:50:0D:E7:1C:39,-69,0,732,732,3,0,1997,1997,0
743559625,NODE_704BCA25B768,child,5,20:50:0D:E7:1C:39,-69,0,732,732,3,0,1997,1997,0
743659735,NODE_704BCA25B768,child,5,20:50:0D:E7:1C:39,-69,0,732,732,3,0,1999,1999,0
743759624,NODE_704BCA25B768,child,5,20:50:0D:E7:1C:39,-69,0,732,732,3,0,1999,1999,0
743859637,NODE_704BCA25B768,child,5,20:50:0D:E7:1C:39,-69,0,732,732,3,0,1999,1999,0
743959636,NODE_704BCA25B768,child,5,20:50:0D:E7:1C:39,-69,0,732,732,3,0,2000,2000,0
744059636,NODE_704BCA25B768,child,5,20:50:0D:E7:1C:39,-69,0,732,732,3,0,2000,2000,0
744159629,NODE_704BCA25B768,child,5,20:50:0D:E7:1C:39,-69,0,732,732,3,0,2000,2000,0
744259624,NODE_704BCA25B768,child,5,20:50:0D:E7:1C:39,-69,0,732,732,3,0,2000,2000,0
744359743,NODE_704BCA25B768,child,5,20:50:0D:E7:1C:39,-69,0,732,732,3,0,2000,2000,0
744459637,NODE_704BCA25B768,child,5,20:50:0D:E7:1C:39,-68,0,733,733,3,0,2000,2000,0
744559640,NODE_704BCA25B768,child,5,20:50:0D:E7:1C:39,-68,0,733,733,3,0,2000,2000,0
744659632,NODE_704BCA25B768,child,5,20:50:0D:E7:1C:39,-68,0,733,733,3,0,2002,2002,0
744759629,NODE_704BCA25B768,child,5,20:50:0D:E7:1C:39,-68,0,733,733,3,0,2002,2002,0
744859624,NODE_704BCA25B768,child,5,20:50:0D:E7:1C:39,-68,0,733,733,3,0,2002,2002,0
744959929,NODE_704BCA25B768,child,5,20:50:0D:E7:1C:39,-68,0,733,733,3,0,2002,2002,0
745059629,NODE_704BCA25B768,child,5,20:50:0D:E7:1C:39,-68,0,733,733,3,0,2003,2003,0
745159636,NODE_704BCA25B768,child,5,20:50:0D:E7:1C:39,-68,0,733,733,3,0,2003,2003,0
745259632,NODE_704BCA25B768,child,5,20:50:0D:E7:1C:39,-68,0,733,733,3,0,2003,2003,0
745359629,NODE_704BCA25B768,child,5,20:50:0D:E7:1C:39,-68,0,733,733,3,0,2003,2003,0
745459632,NODE_704BCA25B768,child,5,20:50:0D:E7:1C:39,-68,0,734,734,3,0,2003,2003,0
745559636,NODE_704BCA25B768,child,5,20:50:0D:E7:1C:39,-68,0,734,734,3,0,2003,2003,0
745659629,NODE_704BCA25B768,child,5,20:50:0D:E7:1C:39,-68,0,734,734,3,0,2005,2004,0
745759636,NODE_704BCA25B768,child,5,20:50:0D:E7:1C:39,-68,0,734,734,3,0,2005,2005,0
745859636,NODE_704BCA25B768,child,5,20:50:0D:E7:1C:39,-68,0,734,734,3,0,2005,2005,0
745959629,NODE_704BCA25B768,child,5,20:50:0D:E7:1C:39,-68,0,734,734,3,0,2005,2005,0
746059624,NODE_704BCA25B768,child,5,20:50:0D:E7:1C:39,-68,0,734,734,3,0,2006,2006,0
746159640,NODE_704BCA25B768,child,5,20:50:0D:E7:1C:39,-68,0,734,734,3,0,2006,2006,0
746259625,NODE_704BCA25B768,child,5,20:50:0D:E7:1C:39,-68,0,734,734,3,0,2006,2006,0
746359636,NODE_704BCA25B768,child,5,20:50:0D:E7:1C:39,-68,0,734,734,3,0,2006,2006,0
746459629,NODE_704BCA25B768,child,5,20:50:0D:E7:1C:39,-68,0,735,735,3,0,2006,2006,0
746559641,NODE_704BCA25B768,child,5,20:50:0D:E7:1C:39,-68,0,735,735,3,0,2006,2006,0
746659777,NODE_704BCA25B768,child,5,20:50:0D:E7:1C:39,-68,0,735,735,3,0,2008,2007,0
746759796,NODE_704BCA25B768,child,5,20:50:0D:E7:1C:39,-68,0,735,735,3,0,2008,2008,0
746859625,NODE_704BCA25B768,child,5,20:50:0D:E7:1C:39,-68,0,735,735,3,0,2008,2008,0
746959636,NODE_704BCA25B768,child,5,20:50:0D:E7:1C:39,-68,0,735,735,3,0,2008,2008,0
747059628,NODE_704BCA25B768,child,5,20:50:0D:E7:1C:39,-68,0,735,735,3,0,2009,2009,0
747159637,NODE_704BCA25B768,child,5,20:50:0D:E7:1C:39,-68,0,735,735,3,0,2009,2009,0
747259628,NODE_704BCA25B768,child,5,20:50:0D:E7:1C:39,-68,0,735,735,3,0,2009,2009,0
747359632,NODE_704BCA25B768,child,5,20:50:0D:E7:1C:39,-68,0,735,735,3,0,2009,2009,0
747459633,NODE_704BCA25B768,child,5,20:50:0D:E7:1C:39,-68,0,736,736,3,0,2009,2009,0
747559636,NODE_704BCA25B768,child,5,20:50:0D:E7:1C:39,-69,0,736,736,3,0,2009,2009,0
747659668,NODE_704BCA25B768,child,5,20:50:0D:E7:1C:39,-69,0,736,736,3,0,2011,2010,0
747759634,NODE_704BCA25B768,child,5,20:50:0D:E7:1C:39,-69,0,736,736,3,0,2011,2011,0
747859628,NODE_704BCA25B768,child,5,20:50:0D:E7:1C:39,-69,0,736,736,3,0,2011,2011,0
747959632,NODE_704BCA25B768,child,5,20:50:0D:E7:1C:39,-69,0,736,736,3,0,2011,2011,0
748059629,NODE_704BCA25B768,child,5,20:50:0D:E7:1C:39,-69,0,736,736,3,0,2012,2012,0
748159628,NODE_704BCA25B768,child,5,20:50:0D:E7:1C:39,-69,0,736,736,3,0,2012,2012,0
748259632,NODE_704BCA25B768,child,5,20:50:0D:E7:1C:39,-69,0,736,736,3,0,2012,2012,0
748359629,NODE_704BCA25B768,child,5,20:50:0D:E7:1C:39,-69,0,736,736,3,0,2012,2012,0
748459628,NODE_704BCA25B768,child,5,20:50:0D:E7:1C:39,-69,0,737,737,3,0,2012,2012,0
748559636,NODE_704BCA25B768,child,5,20:50:0D:E7:1C:39,-69,0,737,737,3,0,2012,2012,0
748659882,NODE_704BCA25B768,child,5,20:50:0D:E7:1C:39,-69,0,737,737,3,0,2014,2013,0
748759636,NODE_704BCA25B768,child,5,20:50:0D:E7:1C:39,-69,0,737,737,3,0,2014,2014,0
748859636,NODE_704BCA25B768,child,5,20:50:0D:E7:1C:39,-69,0,737,737,3,0,2014,2014,0
748959629,NODE_704BCA25B768,child,5,20:50:0D:E7:1C:39,-69,0,737,737,3,0,2014,2014,0
749059624,NODE_704BCA25B768,child,5,20:50:0D:E7:1C:39,-69,0,737,737,3,0,2015,2015,0
749159632,NODE_704BCA25B768,child,5,20:50:0D:E7:1C:39,-69,0,737,737,3,0,2015,2015,0
749259637,NODE_704BCA25B768,child,5,20:50:0D:E7:1C:39,-69,0,737,737,3,0,2015,2015,0
749359640,NODE_704BCA25B768,child,5,20:50:0D:E7:1C:39,-69,0,737,737,3,0,2015,2015,0
749459624,NODE_704BCA25B768,child,5,20:50:0D:E7:1C:39,-69,0,738,738,3,0,2015,2015,0
749559629,NODE_704BCA25B768,child,5,20:50:0D:E7:1C:39,-69,0,738,738,3,0,2015,2015,0
749660392,NODE_704BCA25B768,child,5,20:50:0D:E7:1C:39,-69,0,738,738,3,0,2016,2016,0
749759628,NODE_704BCA25B768,child,5,20:50:0D:E7:1C:39,-69,0,738,738,3,0,2017,2017,0
749859625,NODE_704BCA25B768,child,5,20:50:0D:E7:1C:39,-69,0,738,738,3,0,2017,2017,0
749959624,NODE_704BCA25B768,child,5,20:50:0D:E7:1C:39,-69,0,738,738,3,0,2017,2017,0
750059628,NODE_704BCA25B768,child,5,20:50:0D:E7:1C:39,-69,0,738,738,3,0,2018,2018,0
750159629,NODE_704BCA25B768,child,5,20:50:0D:E7:1C:39,-69,0,738,738,3,0,2018,2018,0
750259628,NODE_704BCA25B768,child,5,20:50:0D:E7:1C:39,-69,0,738,738,3,0,2018,2018,0
750359624,NODE_704BCA25B768,child,5,20:50:0D:E7:1C:39,-69,0,738,738,3,0,2018,2018,0
750459633,NODE_704BCA25B768,child,5,20:50:0D:E7:1C:39,-69,0,739,739,3,0,2018,2018,0
750559632,NODE_704BCA25B768,child,5,20:50:0D:E7:1C:39,-69,0,739,739,3,0,2018,2018,0
750659769,NODE_704BCA25B768,child,5,20:50:0D:E7:1C:39,-68,0,739,739,3,0,2019,2019,0
750759764,NODE_704BCA25B768,child,5,20:50:0D:E7:1C:39,-68,0,739,739,3,0,2020,2020,0
750859636,NODE_704BCA25B768,child,5,20:50:0D:E7:1C:39,-68,0,739,739,3,0,2020,2020,0
750959628,NODE_704BCA25B768,child,5,20:50:0D:E7:1C:39,-68,0,739,739,3,0,2020,2020,0
751059633,NODE_704BCA25B768,child,5,20:50:0D:E7:1C:39,-68,0,739,739,3,0,2021,2021,0
751159632,NODE_704BCA25B768,child,5,20:50:0D:E7:1C:39,-68,0,739,739,3,0,2021,2021,0
751259632,NODE_704BCA25B768,child,5,20:50:0D:E7:1C:39,-68,0,739,739,3,0,2021,2021,0
751359629,NODE_704BCA25B768,child,5,20:50:0D:E7:1C:39,-68,0,739,739,3,0,2021,2021,0
751459628,NODE_704BCA25B768,child,5,20:50:0D:E7:1C:39,-68,0,740,740,3,0,2021,2021,0
751559628,NODE_704BCA25B768,child,5,20:50:0D:E7:1C:39,-68,0,740,740,3,0,2021,2021,0
751659806,NODE_704BCA25B768,child,5,20:50:0D:E7:1C:39,-68,0,740,740,3,0,2023,2022,0
751759628,NODE_704BCA25B768,child,5,20:50:0D:E7:1C:39,-68,0,740,740,3,0,2023,2023,0
751859636,NODE_704BCA25B768,child,5,20:50:0D:E7:1C:39,-68,0,740,740,3,0,2023,2023,0
751959633,NODE_704BCA25B768,child,5,20:50:0D:E7:1C:39,-68,0,740,740,3,0,2023,2023,0
752059624,NODE_704BCA25B768,child,5,20:50:0D:E7:1C:39,-68,0,740,740,3,0,2024,2024,0
752159632,NODE_704BCA25B768,child,5,20:50:0D:E7:1C:39,-68,0,740,740,3,0,2024,2024,0
752259633,NODE_704BCA25B768,child,5,20:50:0D:E7:1C:39,-68,0,740,740,3,0,2024,2024,0
752359632,NODE_704BCA25B768,child,5,20:50:0D:E7:1C:39,-68,0,740,740,3,0,2024,2024,0
752459624,NODE_704BCA25B768,child,5,20:50:0D:E7:1C:39,-68,0,741,741,3,0,2024,2024,0
752559637,NODE_704BCA25B768,child,5,20:50:0D:E7:1C:39,-68,0,741,741,3,0,2024,2024,0
752659640,NODE_704BCA25B768,child,5,20:50:0D:E7:1C:39,-69,0,741,741,3,0,2025,2025,0
752759629,NODE_704BCA25B768,child,5,20:50:0D:E7:1C:39,-69,0,741,741,3,0,2026,2026,0
752859629,NODE_704BCA25B768,child,5,20:50:0D:E7:1C:39,-69,0,741,741,3,0,2026,2026,0
752959624,NODE_704BCA25B768,child,5,20:50:0D:E7:1C:39,-69,0,741,741,3,0,2026,2026,0
753059632,NODE_704BCA25B768,child,5,20:50:0D:E7:1C:39,-69,0,741,741,3,0,2027,2027,0
753159629,NODE_704BCA25B768,child,5,20:50:0D:E7:1C:39,-69,0,741,741,3,0,2027,2027,0
753259624,NODE_704BCA25B768,child,5,20:50:0D:E7:1C:39,-69,0,741,741,3,0,2027,2027,0
753359628,NODE_704BCA25B768,child,5,20:50:0D:E7:1C:39,-69,0,741,741,3,0,2027,2027,0
753459634,NODE_704BCA25B768,child,5,20:50:0D:E7:1C:39,-69,0,742,742,3,0,2027,2027,0
753559624,NODE_704BCA25B768,child,5,20:50:0D:E7:1C:39,-69,0,742,742,3,0,2027,2027,0
753659628,NODE_704BCA25B768,child,5,20:50:0D:E7:1C:39,-69,0,742,742,3,0,2028,2028,0
753759637,NODE_704BCA25B768,child,5,20:50:0D:E7:1C:39,-68,0,742,742,3,0,2029,2029,0
753859632,NODE_704BCA25B768,child,5,20:50:0D:E7:1C:39,-68,0,742,742,3,0,2029,2029,0
753959628,NODE_704BCA25B768,child,5,20:50:0D:E7:1C:39,-68,0,742,742,3,0,2029,2029,0
754059629,NODE_704BCA25B768,child,5,20:50:0D:E7:1C:39,-68,0,742,742,3,0,2030,2030,0
754159628,NODE_704BCA25B768,child,5,20:50:0D:E7:1C:39,-68,0,742,742,3,0,2030,2030,0
754259624,NODE_704BCA25B768,child,5,20:50:0D:E7:1C:39,-68,0,742,742,3,0,2030,2030,0
754359641,NODE_704BCA25B768,child,5,20:50:0D:E7:1C:39,-68,0,742,742,3,0,2030,2030,0
754459628,NODE_704BCA25B768,child,5,20:50:0D:E7:1C:39,-68,0,743,743,3,0,2030,2030,0
754559628,NODE_704BCA25B768,child,5,20:50:0D:E7:1C:39,-68,0,743,743,3,0,2030,2030,0
754659633,NODE_704BCA25B768,child,5,20:50:0D:E7:1C:39,-68,0,743,743,3,0,2031,2031,0
754759636,NODE_704BCA25B768,child,5,20:50:0D:E7:1C:39,-69,0,743,743,3,0,2032,2032,0
754859636,NODE_704BCA25B768,child,5,20:50:0D:E7:1C:39,-69,0,743,743,3,0,2032,2032,0
754959633,NODE_704BCA25B768,child,5,20:50:0D:E7:1C:39,-69,0,743,743,3,0,2032,2032,0
755059770,NODE_704BCA25B768,child,5,20:50:0D:E7:1C:39,-69,0,743,743,3,0,2032,2032,0
755159628,NODE_704BCA25B768,child,5,20:50:0D:E7:1C:39,-69,0,743,743,3,0,2033,2033,0
755259625,NODE_704BCA25B768,child,5,20:50:0D:E7:1C:39,-69,0,743,743,3,0,2033,2033,0
755359632,NODE_704BCA25B768,child,5,20:50:0D:E7:1C:39,-69,0,743,743,3,0,2033,2033,0
755459628,NODE_704BCA25B768,child,5,20:50:0D:E7:1C:39,-69,0,744,744,3,0,2033,2033,0
755559633,NODE_704BCA25B768,child,5,20:50:0D:E7:1C:39,-69,0,744,744,3,0,2033,2033,0
755659632,NODE_704BCA25B768,child,5,20:50:0D:E7:1C:39,-69,0,744,744,3,0,2034,2034,0
755759644,NODE_704BCA25B768,child,5,20:50:0D:E7:1C:39,-67,0,744,744,3,0,2035,2035,0
755859625,NODE_704BCA25B768,child,5,20:50:0D:E7:1C:39,-67,0,744,744,3,0,2035,2035,0
755959628,NODE_704BCA25B768,child,5,20:50:0D:E7:1C:39,-67,0,744,744,3,0,2035,2035,0
756059636,NODE_704BCA25B768,child,5,20:50:0D:E7:1C:39,-67,0,744,744,3,0,2035,2035,0
756159633,NODE_704BCA25B768,child,5,20:50:0D:E7:1C:39,-67,0,744,744,3,0,2036,2036,0
756259628,NODE_704BCA25B768,child,5,20:50:0D:E7:1C:39,-67,0,744,744,3,0,2036,2036,0
756359632,NODE_704BCA25B768,child,5,20:50:0D:E7:1C:39,-67,0,744,744,3,0,2036,2036,0
756459629,NODE_704BCA25B768,child,5,20:50:0D:E7:1C:39,-67,0,745,745,3,0,2036,2036,0
756559624,NODE_704BCA25B768,child,5,20:50:0D:E7:1C:39,-67,0,745,745,3,0,2036,2036,0
756659632,NODE_704BCA25B768,child,5,20:50:0D:E7:1C:39,-67,0,745,745,3,0,2037,2037,0
756759637,NODE_704BCA25B768,child,5,20:50:0D:E7:1C:39,-69,0,745,745,3,0,2038,2038,0
756859628,NODE_704BCA25B768,child,5,20:50:0D:E7:1C:39,-69,0,745,745,3,0,2038,2038,0
756959624,NODE_704BCA25B768,child,5,20:50:0D:E7:1C:39,-69,0,745,745,3,0,2038,2038,0
757059629,NODE_704BCA25B768,child,5,20:50:0D:E7:1C:39,-69,0,745,745,3,0,2038,2038,0
757159752,NODE_704BCA25B768,child,5,20:50:0D:E7:1C:39,-69,0,745,745,3,0,2039,2038,0
757259624,NODE_704BCA25B768,child,5,20:50:0D:E7:1C:39,-69,0,745,745,3,0,2039,2039,0
757359637,NODE_704BCA25B768,child,5,20:50:0D:E7:1C:39,-69,0,745,745,3,0,2039,2039,0
757459628,NODE_704BCA25B768,child,5,20:50:0D:E7:1C:39,-69,0,746,746,3,0,2039,2039,0
757559636,NODE_704BCA25B768,child,5,20:50:0D:E7:1C:39,-69,0,746,746,3,0,2039,2039,0
757659633,NODE_704BCA25B768,child,5,20:50:0D:E7:1C:39,-69,0,746,746,3,0,2040,2040,0
757759633,NODE_704BCA25B768,child,5,20:50:0D:E7:1C:39,-69,0,746,746,3,0,2041,2041,0
757859644,NODE_704BCA25B768,child,5,20:50:0D:E7:1C:39,-68,0,746,746,3,0,2041,2041,0
757959633,NODE_704BCA25B768,child,5,20:50:0D:E7:1C:39,-68,0,746,746,3,0,2041,2041,0
758059624,NODE_704BCA25B768,child,5,20:50:0D:E7:1C:39,-68,0,746,746,3,0,2041,2041,0
758159633,NODE_704BCA25B768,child,5,20:50:0D:E7:1C:39,-68,0,746,746,3,0,2042,2041,0
758259629,NODE_704BCA25B768,child,5,20:50:0D:E7:1C:39,-68,0,746,746,3,0,2042,2042,0
758359632,NODE_704BCA25B768,child,5,20:50:0D:E7:1C:39,-68,0,746,746,3,0,2042,2042,0
758459628,NODE_704BCA25B768,child,5,20:50:0D:E7:1C:39,-68,0,747,747,3,0,2042,2042,0
758559633,NODE_704BCA25B768,child,5,20:50:0D:E7:1C:39,-68,0,747,747,3,0,2042,2042,0
758659636,NODE_704BCA25B768,child,5,20:50:0D:E7:1C:39,-68,0,747,747,3,0,2043,2043,0
758759636,NODE_704BCA25B768,child,5,20:50:0D:E7:1C:39,-68,0,747,747,3,0,2044,2044,0
758859637,NODE_704BCA25B768,child,5,20:50:0D:E7:1C:39,-69,0,747,747,3,0,2044,2044,0
758959628,NODE_704BCA25B768,child,5,20:50:0D:E7:1C:39,-69,0,747,747,3,0,2044,2044,0
759059624,NODE_704BCA25B768,child,5,20:50:0D:E7:1C:39,-69,0,747,747,3,0,2044,2044,0
759159784,NODE_704BCA25B768,child,5,20:50:0D:E7:1C:39,-69,0,747,747,3,0,2044,2044,0
759259640,NODE_704BCA25B768,child,5,20:50:0D:E7:1C:39,-69,0,747,747,3,0,2045,2045,0
759359624,NODE_704BCA25B768,child,5,20:50:0D:E7:1C:39,-69,0,747,747,3,0,2045,2045,0
759459633,NODE_704BCA25B768,child,5,20:50:0D:E7:1C:39,-69,0,748,748,3,0,2045,2045,0
759559628,NODE_704BCA25B768,child,5,20:50:0D:E7:1C:39,-69,0,748,748,3,0,2045,2045,0
759659632,NODE_704BCA25B768,child,5,20:50:0D:E7:1C:39,-69,0,748,748,3,0,2046,2046,0
759759641,NODE_704BCA25B768,child,5,20:50:0D:E7:1C:39,-69,0,748,748,3,0,2047,2047,0
759859636,NODE_704BCA25B768,child,5,20:50:0D:E7:1C:39,-68,0,748,748,3,0,2047,2047,0
759959628,NODE_704BCA25B768,child,5,20:50:0D:E7:1C:39,-68,0,748,748,3,0,2047,2047,0
760059625,NODE_704BCA25B768,child,5,20:50:0D:E7:1C:39,-68,0,748,748,3,0,2047,2047,0
760159628,NODE_704BCA25B768,child,5,20:50:0D:E7:1C:39,-68,0,748,748,3,0,2047,2047,0
760259624,NODE_704BCA25B768,child,5,20:50:0D:E7:1C:39,-68,0,748,748,3,0,2048,2048,0
760359637,NODE_704BCA25B768,child,5,20:50:0D:E7:1C:39,-68,0,748,748,3,0,2048,2048,0
760459636,NODE_704BCA25B768,child,5,20:50:0D:E7:1C:39,-68,0,749,749,3,0,2048,2048,0
760559628,NODE_704BCA25B768,child,5,20:50:0D:E7:1C:39,-68,0,749,749,3,0,2048,2048,0
760659629,NODE_704BCA25B768,child,5,20:50:0D:E7:1C:39,-68,0,749,749,3,0,2049,2049,0
760759628,NODE_704BCA25B768,child,5,20:50:0D:E7:1C:39,-68,0,749,749,3,0,2050,2050,0
760859644,NODE_704BCA25B768,child,5,20:50:0D:E7:1C:39,-68,0,749,749,3,0,2050,2050,0
760959629,NODE_704BCA25B768,child,5,20:50:0D:E7:1C:39,-68,0,749,749,3,0,2050,2050,0
761059636,NODE_704BCA25B768,child,5,20:50:0D:E7:1C:39,-68,0,749,749,3,0,2050,2050,0
761159632,NODE_704BCA25B768,child,5,20:50:0D:E7:1C:39,-68,0,749,749,3,0,2050,2050,0
761259625,NODE_704BCA25B768,child,5,20:50:0D:E7:1C:39,-68,0,749,749,3,0,2050,2050,0
761359636,NODE_704BCA25B768,child,5,20:50:0D:E7:1C:39,-68,0,749,749,3,0,2050,2050,0
761459632,NODE_704BCA25B768,child,5,20:50:0D:E7:1C:39,-68,0,749,749,3,0,2051,2051,0
761559637,NODE_704BCA25B768,child,5,20:50:0D:E7:1C:39,-68,0,750,750,3,0,2051,2051,0
761659628,NODE_704BCA25B768,child,5,20:50:0D:E7:1C:39,-68,0,750,750,3,0,2052,2052,0
761759719,NODE_704BCA25B768,child,5,20:50:0D:E7:1C:39,-68,0,750,750,3,0,2053,2053,0
761860375,NODE_704BCA25B768,child,5,20:50:0D:E7:1C:39,-68,0,750,750,3,0,2053,2053,0
761959632,NODE_704BCA25B768,child,5,20:50:0D:E7:1C:39,-68,0,750,750,3,0,2053,2053,0
762059628,NODE_704BCA25B768,child,5,20:50:0D:E7:1C:39,-68,0,750,750,3,0,2053,2053,0
762159625,NODE_704BCA25B768,child,5,20:50:0D:E7:1C:39,-68,0,750,750,3,0,2053,2053,0
762259632,NODE_704BCA25B768,child,5,20:50:0D:E7:1C:39,-68,0,750,750,3,0,2053,2053,0
762359628,NODE_704BCA25B768,child,5,20:50:0D:E7:1C:39,-68,0,750,750,3,0,2053,2053,0
762459625,NODE_704BCA25B768,child,5,20:50:0D:E7:1C:39,-68,0,750,750,3,0,2053,2053,0
762559628,NODE_704BCA25B768,child,5,20:50:0D:E7:1C:39,-68,0,751,751,3,0,2053,2053,0
762659632,NODE_704BCA25B768,child,5,20:50:0D:E7:1C:39,-68,0,751,751,3,0,2054,2054,0
762759642,NODE_704BCA25B768,child,5,20:50:0D:E7:1C:39,-68,0,751,751,3,0,2056,2056,0
762859624,NODE_704BCA25B768,child,5,20:50:0D:E7:1C:39,-68,0,751,751,3,0,2056,2056,0
762959640,NODE_704BCA25B768,child,5,20:50:0D:E7:1C:39,-68,0,751,751,3,0,2056,2056,0
763059625,NODE_704BCA25B768,child,5,20:50:0D:E7:1C:39,-68,0,751,751,3,0,2056,2056,0
763159628,NODE_704BCA25B768,child,5,20:50:0D:E7:1C:39,-68,0,751,751,3,0,2056,2056,0
763259624,NODE_704BCA25B768,child,5,20:50:0D:E7:1C:39,-68,0,751,751,3,0,2056,2056,0
763359633,NODE_704BCA25B768,child,5,20:50:0D:E7:1C:39,-68,0,751,751,3,0,2056,2056,0
763459624,NODE_704BCA25B768,child,5,20:50:0D:E7:1C:39,-68,0,751,751,3,0,2056,2056,0
763559632,NODE_704BCA25B768,child,5,20:50:0D:E7:1C:39,-68,0,752,752,3,0,2056,2056,0
763659625,NODE_704BCA25B768,child,5,20:50:0D:E7:1C:39,-68,0,752,752,3,0,2057,2057,0
763759632,NODE_704BCA25B768,child,5,20:50:0D:E7:1C:39,-68,0,752,752,3,0,2059,2059,0
763859636,NODE_704BCA25B768,child,5,20:50:0D:E7:1C:39,-68,0,752,752,3,0,2059,2059,0
763959641,NODE_704BCA25B768,child,5,20:50:0D:E7:1C:39,-68,0,752,752,3,0,2059,2059,0
764059636,NODE_704BCA25B768,child,5,20:50:0D:E7:1C:39,-68,0,752,752,3,0,2059,2059,0
764159636,NODE_704BCA25B768,child,5,20:50:0D:E7:1C:39,-68,0,752,752,3,0,2059,2059,0
764259625,NODE_704BCA25B768,child,5,20:50:0D:E7:1C:39,-68,0,752,752,3,0,2059,2059,0
764359636,NODE_704BCA25B768,child,5,20:50:0D:E7:1C:39,-68,0,752,752,3,0,2059,2059,0
764459624,NODE_704BCA25B768,child,5,20:50:0D:E7:1C:39,-68,0,752,752,3,0,2059,2059,0
764559637,NODE_704BCA25B768,child,5,20:50:0D:E7:1C:39,-68,0,753,753,3,0,2059,2059,0
764659628,NODE_704BCA25B768,child,5,20:50:0D:E7:1C:39,-68,0,753,753,3,0,2060,2060,0
764759624,NODE_704BCA25B768,child,5,20:50:0D:E7:1C:39,-68,0,753,753,3,0,2061,2061,0
764859641,NODE_704BCA25B768,child,5,20:50:0D:E7:1C:39,-68,0,753,753,3,0,2061,2061,0
764959640,NODE_704BCA25B768,child,5,20:50:0D:E7:1C:39,-68,0,753,753,3,0,2061,2061,0
765059624,NODE_704BCA25B768,child,5,20:50:0D:E7:1C:39,-68,0,753,753,3,0,2061,2061,0
765159625,NODE_704BCA25B768,child,5,20:50:0D:E7:1C:39,-68,0,753,753,3,0,2061,2061,0
765259636,NODE_704BCA25B768,child,5,20:50:0D:E7:1C:39,-68,0,753,753,3,0,2061,2061,0
765359628,NODE_704BCA25B768,child,5,20:50:0D:E7:1C:39,-68,0,753,753,3,0,2061,2061,0
765459625,NODE_704BCA25B768,child,5,20:50:0D:E7:1C:39,-68,0,753,753,3,0,2061,2061,0
765559632,NODE_704BCA25B768,child,5,20:50:0D:E7:1C:39,-68,0,754,754,3,0,2061,2061,0
765659632,NODE_704BCA25B768,child,5,20:50:0D:E7:1C:39,-68,0,754,754,3,0,2062,2062,0
765759633,NODE_704BCA25B768,child,5,20:50:0D:E7:1C:39,-68,0,754,754,3,0,2063,2063,0
765859632,NODE_704BCA25B768,child,5,20:50:0D:E7:1C:39,-68,0,754,754,3,0,2063,2063,0
765959640,NODE_704BCA25B768,child,5,20:50:0D:E7:1C:39,-68,0,754,754,3,0,2064,2064,0
766059633,NODE_704BCA25B768,child,5,20:50:0D:E7:1C:39,-68,0,754,754,3,0,2064,2064,0
766159632,NODE_704BCA25B768,child,5,20:50:0D:E7:1C:39,-68,0,754,754,3,0,2064,2064,0
766259624,NODE_704BCA25B768,child,5,20:50:0D:E7:1C:39,-68,0,754,754,3,0,2064,2064,0
766359625,NODE_704BCA25B768,child,5,20:50:0D:E7:1C:39,-68,0,754,754,3,0,2064,2064,0
766459624,NODE_704BCA25B768,child,5,20:50:0D:E7:1C:39,-68,0,754,754,3,0,2064,2064,0
766559628,NODE_704BCA25B768,child,5,20:50:0D:E7:1C:39,-68,0,755,755,3,0,2064,2064,0
766659629,NODE_704BCA25B768,child,5,20:50:0D:E7:1C:39,-68,0,755,755,3,0,2065,2065,0
766759624,NODE_704BCA25B768,child,5,20:50:0D:E7:1C:39,-68,0,755,755,3,0,2066,2066,0
766859636,NODE_704BCA25B768,child,5,20:50:0D:E7:1C:39,-68,0,755,755,3,0,2066,2066,0
766959629,NODE_704BCA25B768,child,5,20:50:0D:E7:1C:39,-68,0,755,755,3,0,2066,2066,0
767059636,NODE_704BCA25B768,child,5,20:50:0D:E7:1C:39,-68,0,755,755,3,0,2067,2067,0
767159636,NODE_704BCA25B768,child,5,20:50:0D:E7:1C:39,-68,0,755,755,3,0,2067,2067,0
767259625,NODE_704BCA25B768,child,5,20:50:0D:E7:1C:39,-68,0,755,755,3,0,2067,2067,0
767359632,NODE_704BCA25B768,child,5,20:50:0D:E7:1C:39,-68,0,755,755,3,0,2067,2067,0
767459624,NODE_704BCA25B768,child,5,20:50:0D:E7:1C:39,-68,0,755,755,3,0,2067,2067,0
767559625,NODE_704BCA25B768,child,5,20:50:0D:E7:1C:39,-68,0,756,756,3,0,2067,2067,0
767659644,NODE_704BCA25B768,child,5,20:50:0D:E7:1C:39,-68,0,756,756,3,0,2068,2068,0
767759637,NODE_704BCA25B768,child,5,20:50:0D:E7:1C:39,-68,0,756,756,3,0,2069,2069,0
767859625,NODE_704BCA25B768,child,5,20:50:0D:E7:1C:39,-68,0,756,756,3,0,2069,2069,0
767959628,NODE_704BCA25B768,child,5,20:50:0D:E7:1C:39,-68,0,756,756,3,0,2069,2069,0
768059640,NODE_704BCA25B768,child,5,20:50:0D:E7:1C:39,-69,0,756,756,3,0,2070,2070,0
768159629,NODE_704BCA25B768,child,5,20:50:0D:E7:1C:39,-69,0,756,756,3,0,2070,2070,0
768259628,NODE_704BCA25B768,child,5,20:50:0D:E7:1C:39,-69,0,756,756,3,0,2070,2070,0
768359628,NODE_704BCA25B768,child,5,20:50:0D:E7:1C:39,-69,0,756,756,3,0,2070,2070,0
768459629,NODE_704BCA25B768,child,5,20:50:0D:E7:1C:39,-69,0,756,756,3,0,2070,2070,0
768559628,NODE_704BCA25B768,child,5,20:50:0D:E7:1C:39,-69,0,757,757,3,0,2070,2070,0
768659636,NODE_704BCA25B768,child,5,20:50:0D:E7:1C:39,-69,0,757,757,3,0,2071,2071,0
768759625,NODE_704BCA25B768,child,5,20:50:0D:E7:1C:39,-69,0,757,757,3,0,2072,2072,0
768859632,NODE_704BCA25B768,child,5,20:50:0D:E7:1C:39,-69,0,757,757,3,0,2072,2072,0
768959636,NODE_704BCA25B768,child,5,20:50:0D:E7:1C:39,-69,0,757,757,3,0,2072,2072,0
769059641,NODE_704BCA25B768,child,5,20:50:0D:E7:1C:39,-69,0,757,757,3,0,2073,2073,0
769159628,NODE_704BCA25B768,child,5,20:50:0D:E7:1C:39,-69,0,757,757,3,0,2073,2073,0
769259632,NODE_704BCA25B768,child,5,20:50:0D:E7:1C:39,-69,0,757,757,3,0,2073,2073,0
769359629,NODE_704BCA25B768,child,5,20:50:0D:E7:1C:39,-69,0,757,757,3,0,2073,2073,0
769459628,NODE_704BCA25B768,child,5,20:50:0D:E7:1C:39,-69,0,757,757,3,0,2073,2073,0
769559628,NODE_704BCA25B768,child,5,20:50:0D:E7:1C:39,-69,0,758,758,3,0,2073,2073,0
769659625,NODE_704BCA25B768,child,5,20:50:0D:E7:1C:39,-69,0,758,758,3,0,2074,2074,0
769759628,NODE_704BCA25B768,child,5,20:50:0D:E7:1C:39,-69,0,758,758,3,0,2075,2075,0
769859632,NODE_704BCA25B768,child,5,20:50:0D:E7:1C:39,-69,0,758,758,3,0,2075,2075,0
769959629,NODE_704BCA25B768,child,5,20:50:0D:E7:1C:39,-69,0,758,758,3,0,2075,2075,0
770059636,NODE_704BCA25B768,child,5,20:50:0D:E7:1C:39,-69,0,758,758,3,0,2076,2076,0
770159640,NODE_704BCA25B768,child,5,20:50:0D:E7:1C:39,-69,0,758,758,3,0,2076,2076,0
770259633,NODE_704BCA25B768,child,5,20:50:0D:E7:1C:39,-69,0,758,758,3,0,2076,2076,0
770359632,NODE_704BCA25B768,child,5,20:50:0D:E7:1C:39,-69,0,758,758,3,0,2076,2076,0
770459628,NODE_704BCA25B768,child,5,20:50:0D:E7:1C:39,-69,0,758,758,3,0,2076,2076,0
770559625,NODE_704BCA25B768,child,5,20:50:0D:E7:1C:39,-69,0,759,759,3,0,2076,2076,0
770659628,NODE_704BCA25B768,child,5,20:50:0D:E7:1C:39,-69,0,759,759,3,0,2077,2077,0
770759632,NODE_704BCA25B768,child,5,20:50:0D:E7:1C:39,-69,0,759,759,3,0,2078,2078,0
770859629,NODE_704BCA25B768,child,5,20:50:0D:E7:1C:39,-69,0,759,759,3,0,2078,2078,0
770959632,NODE_704BCA25B768,child,5,20:50:0D:E7:1C:39,-69,0,759,759,3,0,2078,2078,0
771059636,NODE_704BCA25B768,child,5,20:50:0D:E7:1C:39,-69,0,759,759,3,0,2079,2079,0
771159641,NODE_704BCA25B768,child,5,20:50:0D:E7:1C:39,-67,0,759,759,3,0,2079,2079,0
771259624,NODE_704BCA25B768,child,5,20:50:0D:E7:1C:39,-67,0,759,759,3,0,2079,2079,0
771359636,NODE_704BCA25B768,child,5,20:50:0D:E7:1C:39,-67,0,759,759,3,0,2079,2079,0
771459625,NODE_704BCA25B768,child,5,20:50:0D:E7:1C:39,-67,0,759,759,3,0,2079,2079,0
771559628,NODE_704BCA25B768,child,5,20:50:0D:E7:1C:39,-67,0,760,760,3,0,2079,2079,0
771659628,NODE_704BCA25B768,child,5,20:50:0D:E7:1C:39,-67,0,760,760,3,0,2080,2080,0
771759637,NODE_704BCA25B768,child,5,20:50:0D:E7:1C:39,-67,0,760,760,3,0,2081,2081,0
771859636,NODE_704BCA25B768,child,5,20:50:0D:E7:1C:39,-67,0,760,760,3,0,2081,2081,0
771959632,NODE_704BCA25B768,child,5,20:50:0D:E7:1C:39,-67,0,760,760,3,0,2081,2081,0
772059733,NODE_704BCA25B768,child,5,20:50:0D:E7:1C:39,-67,0,760,760,3,0,2082,2082,0
772159640,NODE_704BCA25B768,child,5,20:50:0D:E7:1C:39,-69,0,760,760,3,0,2082,2082,0
772259624,NODE_704BCA25B768,child,5,20:50:0D:E7:1C:39,-69,0,760,760,3,0,2082,2082,0
772359625,NODE_704BCA25B768,child,5,20:50:0D:E7:1C:39,-69,0,760,760,3,0,2082,2082,0
772459624,NODE_704BCA25B768,child,5,20:50:0D:E7:1C:39,-69,0,760,760,3,0,2082,2082,0
772559636,NODE_704BCA25B768,child,5,20:50:0D:E7:1C:39,-69,0,761,761,3,0,2082,2082,0
772659629,NODE_704BCA25B768,child,5,20:50:0D:E7:1C:39,-69,0,761,761,3,0,2083,2083,0
772759629,NODE_704BCA25B768,child,5,20:50:0D:E7:1C:39,-69,0,761,761,3,0,2084,2084,0
772859636,NODE_704BCA25B768,child,5,20:50:0D:E7:1C:39,-69,0,761,761,3,0,2084,2084,0
772959629,NODE_704BCA25B768,child,5,20:50:0D:E7:1C:39,-69,0,761,761,3,0,2084,2084,0
773059624,NODE_704BCA25B768,child,5,20:50:0D:E7:1C:39,-69,0,761,761,3,0,2085,2085,0
773159644,NODE_704BCA25B768,child,5,20:50:0D:E7:1C:39,-68,0,761,761,3,0,2085,2085,0
773259633,NODE_704BCA25B768,child,5,20:50:0D:E7:1C:39,-68,0,761,761,3,0,2085,2085,0
773359636,NODE_704BCA25B768,child,5,20:50:0D:E7:1C:39,-68,0,761,761,3,0,2085,2085,0
773459624,NODE_704BCA25B768,child,5,20:50:0D:E7:1C:39,-68,0,761,761,3,0,2085,2085,0
773559629,NODE_704BCA25B768,child,5,20:50:0D:E7:1C:39,-68,0,762,762,3,0,2085,2085,0
773659628,NODE_704BCA25B768,child,5,20:50:0D:E7:1C:39,-68,0,762,762,3,0,2086,2086,0
773759628,NODE_704BCA25B768,child,5,20:50:0D:E7:1C:39,-68,0,762,762,3,0,2087,2087,0
773859641,NODE_704BCA25B768,child,5,20:50:0D:E7:1C:39,-68,0,762,762,3,0,2087,2087,0
773959628,NODE_704BCA25B768,child,5,20:50:0D:E7:1C:39,-68,0,762,762,3,0,2087,2087,0
774059628,NODE_704BCA25B768,child,5,20:50:0D:E7:1C:39,-68,0,762,762,3,0,2087,2087,0
774159633,NODE_704BCA25B768,child,5,20:50:0D:E7:1C:39,-69,0,762,762,3,0,2087,2087,0
774259640,NODE_704BCA25B768,child,5,20:50:0D:E7:1C:39,-69,0,762,762,3,0,2088,2088,0
774359632,NODE_704BCA25B768,child,5,20:50:0D:E7:1C:39,-69,0,762,762,3,0,2088,2088,0
774459625,NODE_704BCA25B768,child,5,20:50:0D:E7:1C:39,-69,0,762,762,3,0,2088,2088,0
774559628,NODE_704BCA25B768,child,5,20:50:0D:E7:1C:39,-69,0,763,763,3,0,2088,2088,0
774659628,NODE_704BCA25B768,child,5,20:50:0D:E7:1C:39,-69,0,763,763,3,0,2089,2089,0
774759777,NODE_704BCA25B768,child,5,20:50:0D:E7:1C:39,-69,0,763,763,3,0,2090,2090,0
774859632,NODE_704BCA25B768,child,5,20:50:0D:E7:1C:39,-69,0,763,763,3,0,2090,2090,0
774959624,NODE_704BCA25B768,child,5,20:50:0D:E7:1C:39,-69,0,763,763,3,0,2090,2090,0
775059637,NODE_704BCA25B768,child,5,20:50:0D:E7:1C:39,-69,0,763,763,3,0,2090,2090,0
775159632,NODE_704BCA25B768,child,5,20:50:0D:E7:1C:39,-69,0,763,763,3,0,2090,2090,0
775259632,NODE_704BCA25B768,child,5,20:50:0D:E7:1C:39,-69,0,763,763,3,0,2091,2091,0
775359629,NODE_704BCA25B768,child,5,20:50:0D:E7:1C:39,-69,0,763,763,3,0,2091,2091,0
775459624,NODE_704BCA25B768,child,5,20:50:0D:E7:1C:39,-69,0,763,763,3,0,2091,2091,0
775559632,NODE_704BCA25B768,child,5,20:50:0D:E7:1C:39,-69,0,764,764,3,0,2091,2091,0
775659629,NODE_704BCA25B768,child,5,20:50:0D:E7:1C:39,-69,0,764,764,3,0,2092,2092,0
775759624,NODE_704BCA25B768,child,5,20:50:0D:E7:1C:39,-69,0,764,764,3,0,2093,2093,0
775859640,NODE_704BCA25B768,child,5,20:50:0D:E7:1C:39,-69,0,764,764,3,0,2093,2093,0
775959629,NODE_704BCA25B768,child,5,20:50:0D:E7:1C:39,-69,0,764,764,3,0,2093,2093,0
776059628,NODE_704BCA25B768,child,5,20:50:0D:E7:1C:39,-69,0,764,764,3,0,2093,2093,0
776159640,NODE_704BCA25B768,child,5,20:50:0D:E7:1C:39,-69,0,764,764,3,0,2093,2093,0
776259633,NODE_704BCA25B768,child,5,20:50:0D:E7:1C:39,-69,0,764,764,3,0,2094,2094,0
776359632,NODE_704BCA25B768,child,5,20:50:0D:E7:1C:39,-69,0,764,764,3,0,2094,2094,0
776459624,NODE_704BCA25B768,child,5,20:50:0D:E7:1C:39,-69,0,764,764,3,0,2094,2094,0
776559650,NODE_704BCA25B768,child,5,20:50:0D:E7:1C:39,-69,0,765,765,3,0,2094,2094,0
776659628,NODE_704BCA25B768,child,5,20:50:0D:E7:1C:39,-69,0,765,765,3,0,2095,2095,0
776759628,NODE_704BCA25B768,child,5,20:50:0D:E7:1C:39,-69,0,765,765,3,0,2096,2096,0
776859633,NODE_704BCA25B768,child,5,20:50:0D:E7:1C:39,-69,0,765,765,3,0,2096,2096,0
776959636,NODE_704BCA25B768,child,5,20:50:0D:E7:1C:39,-69,0,765,765,3,0,2096,2096,0
777059624,NODE_704BCA25B768,child,5,20:50:0D:E7:1C:39,-69,0,765,765,3,0,2096,2096,0
777159625,NODE_704BCA25B768,child,5,20:50:0D:E7:1C:39,-69,0,765,765,3,0,2096,2096,0
777259636,NODE_704BCA25B768,child,5,20:50:0D:E7:1C:39,-68,0,765,765,3,0,2096,2096,0
777359628,NODE_704BCA25B768,child,5,20:50:0D:E7:1C:39,-68,0,765,765,3,0,2097,2097,0
777459629,NODE_704BCA25B768,child,5,20:50:0D:E7:1C:39,-68,0,765,765,3,0,2097,2097,0
777559628,NODE_704BCA25B768,child,5,20:50:0D:E7:1C:39,-68,0,766,766,3,0,2097,2097,0
777659632,NODE_704BCA25B768,child,5,20:50:0D:E7:1C:39,-68,0,766,766,3,0,2098,2098,0
777759626,NODE_704BCA25B768,child,5,20:50:0D:E7:1C:39,-68,0,766,766,3,0,2099,2099,0
777859636,NODE_704BCA25B768,child,5,20:50:0D:E7:1C:39,-68,0,766,766,3,0,2099,2099,0
777959628,NODE_704BCA25B768,child,5,20:50:0D:E7:1C:39,-68,0,766,766,3,0,2099,2099,0
778059633,NODE_704BCA25B768,child,5,20:50:0D:E7:1C:39,-68,0,766,766,3,0,2099,2099,0
778159632,NODE_704BCA25B768,child,5,20:50:0D:E7:1C:39,-68,0,766,766,3,0,2099,2099,0
778259636,NODE_704BCA25B768,child,5,20:50:0D:E7:1C:39,-68,0,766,766,3,0,2099,2099,0
778359633,NODE_704BCA25B768,child,5,20:50:0D:E7:1C:39,-68,0,766,766,3,0,2100,2100,0
778459628,NODE_704BCA25B768,child,5,20:50:0D:E7:1C:39,-68,0,766,766,3,0,2100,2100,0
778559628,NODE_704BCA25B768,child,5,20:50:0D:E7:1C:39,-68,0,767,767,3,0,2100,2100,0
778659629,NODE_704BCA25B768,child,5,20:50:0D:E7:1C:39,-68,0,767,767,3,0,2101,2101,0
778759628,NODE_704BCA25B768,child,5,20:50:0D:E7:1C:39,-68,0,767,767,3,0,2102,2102,0
778859640,NODE_704BCA25B768,child,5,20:50:0D:E7:1C:39,-68,0,767,767,3,0,2102,2102,0
778959633,NODE_704BCA25B768,child,5,20:50:0D:E7:1C:39,-68,0,767,767,3,0,2102,2102,0
779059624,NODE_704BCA25B768,child,5,20:50:0D:E7:1C:39,-68,0,767,767,3,0,2102,2102,0
779159636,NODE_704BCA25B768,child,5,20:50:0D:E7:1C:39,-68,0,767,767,3,0,2102,2102,0
779259637,NODE_704BCA25B768,child,5,20:50:0D:E7:1C:39,-68,0,767,767,3,0,2102,2102,0
779359632,NODE_704BCA25B768,child,5,20:50:0D:E7:1C:39,-68,0,767,767,3,0,2103,2103,0
779459632,NODE_704BCA25B768,child,5,20:50:0D:E7:1C:39,-68,0,767,767,3,0,2103,2103,0
779559629,NODE_704BCA25B768,child,5,20:50:0D:E7:1C:39,-68,0,768,768,3,0,2103,2103,0
779659632,NODE_704BCA25B768,child,5,20:50:0D:E7:1C:39,-68,0,768,768,3,0,2104,2104,0
779759624,NODE_704BCA25B768,child,5,20:50:0D:E7:1C:39,-68,0,768,768,3,0,2105,2105,0
779859629,NODE_704BCA25B768,child,5,20:50:0D:E7:1C:39,-68,0,768,768,3,0,2105,2105,0
779959640,NODE_704BCA25B768,child,5,20:50:0D:E7:1C:39,-68,0,768,768,3,0,2105,2105,0
780059624,NODE_704BCA25B768,child,5,20:50:0D:E7:1C:39,-68,0,768,768,3,0,2105,2105,0
780159625,NODE_704BCA25B768,child,5,20:50:0D:E7:1C:39,-68,0,768,768,3,0,2105,2105,0
780259624,NODE_704BCA25B768,child,5,20:50:0D:E7:1C:39,-68,0,768,768,3,0,2105,2105,0
780359632,NODE_704BCA25B768,child,5,20:50:0D:E7:1C:39,-68,0,768,768,3,0,2106,2106,0
780459629,NODE_704BCA25B768,child,5,20:50:0D:E7:1C:39,-68,0,768,768,3,0,2106,2106,0
780559632,NODE_704BCA25B768,child,5,20:50:0D:E7:1C:39,-68,0,769,769,3,0,2106,2106,0
780659628,NODE_704BCA25B768,child,5,20:50:0D:E7:1C:39,-68,0,769,769,3,0,2107,2107,0
780759629,NODE_704BCA25B768,child,5,20:50:0D:E7:1C:39,-68,0,769,769,3,0,2108,2108,0
780859636,NODE_704BCA25B768,child,5,20:50:0D:E7:1C:39,-68,0,769,769,3,0,2108,2108,0
780959628,NODE_704BCA25B768,child,5,20:50:0D:E7:1C:39,-68,0,769,769,3,0,2108,2108,0
781059641,NODE_704BCA25B768,child,5,20:50:0D:E7:1C:39,-68,0,769,769,3,0,2108,2108,0
781159628,NODE_704BCA25B768,child,5,20:50:0D:E7:1C:39,-68,0,769,769,3,0,2108,2108,0
781259632,NODE_704BCA25B768,child,5,20:50:0D:E7:1C:39,-68,0,769,769,3,0,2108,2108,0
781359633,NODE_704BCA25B768,child,5,20:50:0D:E7:1C:39,-68,0,769,769,3,0,2109,2109,0
781459628,NODE_704BCA25B768,child,5,20:50:0D:E7:1C:39,-68,0,769,769,3,0,2109,2109,0
781559628,NODE_704BCA25B768,child,5,20:50:0D:E7:1C:39,-68,0,770,770,3,0,2109,2109,0
781659629,NODE_704BCA25B768,child,5,20:50:0D:E7:1C:39,-68,0,770,770,3,0,2110,2110,0
781759628,NODE_704BCA25B768,child,5,20:50:0D:E7:1C:39,-68,0,770,770,3,0,2111,2111,0
781859632,NODE_704BCA25B768,child,5,20:50:0D:E7:1C:39,-68,0,770,770,3,0,2111,2111,0
781959633,NODE_704BCA25B768,child,5,20:50:0D:E7:1C:39,-68,0,770,770,3,0,2111,2111,0
782059624,NODE_704BCA25B768,child,5,20:50:0D:E7:1C:39,-68,0,770,770,3,0,2111,2111,0
782159640,NODE_704BCA25B768,child,5,20:50:0D:E7:1C:39,-68,0,770,770,3,0,2111,2111,0
782259625,NODE_704BCA25B768,child,5,20:50:0D:E7:1C:39,-68,0,770,770,3,0,2111,2111,0
782359636,NODE_704BCA25B768,child,5,20:50:0D:E7:1C:39,-68,0,770,770,3,0,2112,2112,0
782459628,NODE_704BCA25B768,child,5,20:50:0D:E7:1C:39,-68,0,770,770,3,0,2112,2112,0
782559629,NODE_704BCA25B768,child,5,20:50:0D:E7:1C:39,-68,0,771,771,3,0,2112,2112,0
782659632,NODE_704BCA25B768,child,5,20:50:0D:E7:1C:39,-68,0,771,771,3,0,2113,2113,0
782759629,NODE_704BCA25B768,child,5,20:50:0D:E7:1C:39,-68,0,771,771,3,0,2114,2114,0
782859629,NODE_704BCA25B768,child,5,20:50:0D:E7:1C:39,-68,0,771,771,3,0,2114,2114,0
782959636,NODE_704BCA25B768,child,5,20:50:0D:E7:1C:39,-68,0,771,771,3,0,2114,2114,0
783059628,NODE_704BCA25B768,child,5,20:50:0D:E7:1C:39,-68,0,771,771,3,0,2114,2114,0
783159625,NODE_704BCA25B768,child,5,20:50:0D:E7:1C:39,-68,0,771,771,3,0,2114,2114,0
783259624,NODE_704BCA25B768,child,5,20:50:0D:E7:1C:39,-68,0,771,771,3,0,2114,2114,0
783359632,NODE_704BCA25B768,child,5,20:50:0D:E7:1C:39,-68,0,771,771,3,0,2115,2115,0
783459641,NODE_704BCA25B768,child,5,20:50:0D:E7:1C:39,-68,0,771,771,3,0,2115,2115,0
783559632,NODE_704BCA25B768,child,5,20:50:0D:E7:1C:39,-68,0,772,772,3,0,2115,2115,0
783659628,NODE_704BCA25B768,child,5,20:50:0D:E7:1C:39,-68,0,772,772,3,0,2116,2116,0
783759625,NODE_704BCA25B768,child,5,20:50:0D:E7:1C:39,-68,0,772,772,3,0,2117,2117,0
783859628,NODE_704BCA25B768,child,5,20:50:0D:E7:1C:39,-68,0,772,772,3,0,2117,2117,0
783959632,NODE_704BCA25B768,child,5,20:50:0D:E7:1C:39,-68,0,772,772,3,0,2117,2117,0
784059629,NODE_704BCA25B768,child,5,20:50:0D:E7:1C:39,-68,0,772,772,3,0,2117,2117,0
784159632,NODE_704BCA25B768,child,5,20:50:0D:E7:1C:39,-68,0,772,772,3,0,2117,2117,0
784259636,NODE_704BCA25B768,child,5,20:50:0D:E7:1C:39,-68,0,772,772,3,0,2117,2117,0
784359633,NODE_704BCA25B768,child,5,20:50:0D:E7:1C:39,-68,0,772,772,3,0,2118,2118,0
784459640,NODE_704BCA25B768,child,5,20:50:0D:E7:1C:39,-68,0,772,772,3,0,2118,2118,0
784559624,NODE_704BCA25B768,child,5,20:50:0D:E7:1C:39,-68,0,773,773,3,0,2118,2118,0
784659625,NODE_704BCA25B768,child,5,20:50:0D:E7:1C:39,-68,0,773,773,3,0,2119,2119,0
784759636,NODE_704BCA25B768,child,5,20:50:0D:E7:1C:39,-68,0,773,773,3,0,2120,2120,0
784859628,NODE_704BCA25B768,child,5,20:50:0D:E7:1C:39,-68,0,773,773,3,0,2120,2120,0
784959629,NODE_704BCA25B768,child,5,20:50:0D:E7:1C:39,-68,0,773,773,3,0,2120,2120,0
785059628,NODE_704BCA25B768,child,5,20:50:0D:E7:1C:39,-68,0,773,773,3,0,2120,2120,0
785159640,NODE_704BCA25B768,child,5,20:50:0D:E7:1C:39,-68,0,773,773,3,0,2120,2120,0
785259625,NODE_704BCA25B768,child,5,20:50:0D:E7:1C:39,-68,0,773,773,3,0,2120,2120,0
785359632,NODE_704BCA25B768,child,5,20:50:0D:E7:1C:39,-68,0,773,773,3,0,2121,2121,0
785459640,NODE_704BCA25B768,child,5,20:50:0D:E7:1C:39,-68,0,773,773,3,0,2121,2121,0
785559625,NODE_704BCA25B768,child,5,20:50:0D:E7:1C:39,-68,0,774,774,3,0,2121,2121,0
785659624,NODE_704BCA25B768,child,5,20:50:0D:E7:1C:39,-68,0,774,774,3,0,2122,2122,0
785759624,NODE_704BCA25B768,child,5,20:50:0D:E7:1C:39,-68,0,774,774,3,0,2123,2123,0
785859966,NODE_704BCA25B768,child,5,20:50:0D:E7:1C:39,-68,0,774,774,3,0,2123,2123,0
785959628,NODE_704BCA25B768,child,5,20:50:0D:E7:1C:39,-68,0,774,774,3,0,2123,2123,0
786059640,NODE_704BCA25B768,child,5,20:50:0D:E7:1C:39,-68,0,774,774,3,0,2123,2123,0
786159629,NODE_704BCA25B768,child,5,20:50:0D:E7:1C:39,-68,0,774,774,3,0,2123,2123,0
786259628,NODE_704BCA25B768,child,5,20:50:0D:E7:1C:39,-68,0,774,774,3,0,2123,2123,0
786359632,NODE_704BCA25B768,child,5,20:50:0D:E7:1C:39,-68,0,774,774,3,0,2124,2124,0
786459873,NODE_704BCA25B768,child,5,20:50:0D:E7:1C:39,-68,0,774,774,3,0,2124,2124,0
786559628,NODE_704BCA25B768,child,5,20:50:0D:E7:1C:39,-68,0,775,775,3,0,2124,2124,0
786659628,NODE_704BCA25B768,child,5,20:50:0D:E7:1C:39,-68,0,775,775,3,0,2125,2125,0
786759629,NODE_704BCA25B768,child,5,20:50:0D:E7:1C:39,-68,0,775,775,3,0,2126,2126,0
786859628,NODE_704BCA25B768,child,5,20:50:0D:E7:1C:39,-68,0,775,775,3,0,2126,2126,0
786959624,NODE_704BCA25B768,child,5,20:50:0D:E7:1C:39,-68,0,775,775,3,0,2126,2126,0
787059633,NODE_704BCA25B768,child,5,20:50:0D:E7:1C:39,-68,0,775,775,3,0,2126,2126,0
787159632,NODE_704BCA25B768,child,5,20:50:0D:E7:1C:39,-68,0,775,775,3,0,2126,2126,0
787259632,NODE_704BCA25B768,child,5,20:50:0D:E7:1C:39,-68,0,775,775,3,0,2126,2126,0
787359625,NODE_704BCA25B768,child,5,20:50:0D:E7:1C:39,-68,0,775,775,3,0,2127,2127,0
787460403,NODE_704BCA25B768,child,5,20:50:0D:E7:1C:39,-69,0,775,775,3,0,2127,2127,0
787559632,NODE_704BCA25B768,child,5,20:50:0D:E7:1C:39,-69,0,776,776,3,0,2127,2127,0
787659629,NODE_704BCA25B768,child,5,20:50:0D:E7:1C:39,-69,0,776,776,3,0,2128,2128,0
787759629,NODE_704BCA25B768,child,5,20:50:0D:E7:1C:39,-69,0,776,776,3,0,2129,2129,0
787859636,NODE_704BCA25B768,child,5,20:50:0D:E7:1C:39,-69,0,776,776,3,0,2129,2129,0
787959633,NODE_704BCA25B768,child,5,20:50:0D:E7:1C:39,-69,0,776,776,3,0,2129,2129,0
788059624,NODE_704BCA25B768,child,5,20:50:0D:E7:1C:39,-69,0,776,776,3,0,2129,2129,0
788159644,NODE_704BCA25B768,child,5,20:50:0D:E7:1C:39,-69,0,776,776,3,0,2129,2129,0
788259625,NODE_704BCA25B768,child,5,20:50:0D:E7:1C:39,-69,0,776,776,3,0,2129,2129,0
788359632,NODE_704BCA25B768,child,5,20:50:0D:E7:1C:39,-69,0,776,776,3,0,2130,2130,0
788459628,NODE_704BCA25B768,child,5,20:50:0D:E7:1C:39,-69,0,776,776,3,0,2130,2130,0
788559633,NODE_704BCA25B768,child,5,20:50:0D:E7:1C:39,-69,0,777,777,3,0,2130,2130,0
788659628,NODE_704BCA25B768,child,5,20:50:0D:E7:1C:39,-69,0,777,777,3,0,2131,2131,0
788759640,NODE_704BCA25B768,child,5,20:50:0D:E7:1C:39,-69,0,777,777,3,0,2132,2132,0
788859629,NODE_704BCA25B768,child,5,20:50:0D:E7:1C:39,-69,0,777,777,3,0,2132,2132,0
788959628,NODE_704BCA25B768,child,5,20:50:0D:E7:1C:39,-69,0,777,777,3,0,2132,2132,0
789059632,NODE_704BCA25B768,child,5,20:50:0D:E7:1C:39,-69,0,777,777,3,0,2132,2132,0
789159629,NODE_704BCA25B768,child,5,20:50:0D:E7:1C:39,-69,0,777,777,3,0,2132,2132,0
789259624,NODE_704BCA25B768,child,5,20:50:0D:E7:1C:39,-69,0,777,777,3,0,2132,2132,0
789360196,NODE_704BCA25B768,child,5,20:50:0D:E7:1C:39,-69,0,777,777,3,0,2133,2133,0
789459633,NODE_704BCA25B768,child,5,20:50:0D:E7:1C:39,-69,0,777,777,3,0,2133,2133,0
789559632,NODE_704BCA25B768,child,5,20:50:0D:E7:1C:39,-69,0,778,778,3,0,2133,2133,0
789659632,NODE_704BCA25B768,child,5,20:50:0D:E7:1C:39,-69,0,778,778,3,0,2134,2134,0
789759625,NODE_704BCA25B768,child,5,20:50:0D:E7:1C:39,-69,0,778,778,3,0,2135,2135,0
789859628,NODE_704BCA25B768,child,5,20:50:0D:E7:1C:39,-69,0,778,778,3,0,2135,2135,0
789959624,NODE_704BCA25B768,child,5,20:50:0D:E7:1C:39,-69,0,778,778,3,0,2135,2135,0
790059629,NODE_704BCA25B768,child,5,20:50:0D:E7:1C:39,-69,0,778,778,3,0,2135,2135,0
790159636,NODE_704BCA25B768,child,5,20:50:0D:E7:1C:39,-69,0,778,778,3,0,2135,2135,0
790259632,NODE_704BCA25B768,child,5,20:50:0D:E7:1C:39,-69,0,778,778,3,0,2135,2135,0
790359629,NODE_704BCA25B768,child,5,20:50:0D:E7:1C:39,-69,0,778,778,3,0,2136,2136,0
790459632,NODE_704BCA25B768,child,5,20:50:0D:E7:1C:39,-69,0,778,778,3,0,2136,2136,0
790559636,NODE_704BCA25B768,child,5,20:50:0D:E7:1C:39,-68,0,779,779,3,0,2136,2136,0
790659629,NODE_704BCA25B768,child,5,20:50:0D:E7:1C:39,-68,0,779,779,3,0,2137,2137,0
790759624,NODE_704BCA25B768,child,5,20:50:0D:E7:1C:39,-68,0,779,779,3,0,2138,2138,0
790859628,NODE_704BCA25B768,child,5,20:50:0D:E7:1C:39,-68,0,779,779,3,0,2138,2138,0
790959641,NODE_704BCA25B768,child,5,20:50:0D:E7:1C:39,-68,0,779,779,3,0,2138,2138,0
791059628,NODE_704BCA25B768,child,5,20:50:0D:E7:1C:39,-68,0,779,779,3,0,2138,2138,0
791159636,NODE_704BCA25B768,child,5,20:50:0D:E7:1C:39,-68,0,779,779,3,0,2138,2138,0
791259633,NODE_704BCA25B768,child,5,20:50:0D:E7:1C:39,-68,0,779,779,3,0,2138,2138,0
791359628,NODE_704BCA25B768,child,5,20:50:0D:E7:1C:39,-68,0,779,779,3,0,2139,2139,0
791459628,NODE_704BCA25B768,child,5,20:50:0D:E7:1C:39,-68,0,779,779,3,0,2139,2139,0
791559633,NODE_704BCA25B768,child,5,20:50:0D:E7:1C:39,-68,0,780,780,3,0,2139,2139,0
791659632,NODE_704BCA25B768,child,5,20:50:0D:E7:1C:39,-68,0,780,780,3,0,2140,2140,0
791759624,NODE_704BCA25B768,child,5,20:50:0D:E7:1C:39,-68,0,780,780,3,0,2141,2141,0
791859629,NODE_704BCA25B768,child,5,20:50:0D:E7:1C:39,-68,0,780,780,3,0,2141,2141,0
791959624,NODE_704BCA25B768,child,5,20:50:0D:E7:1C:39,-68,0,780,780,3,0,2141,2141,0
792059636,NODE_704BCA25B768,child,5,20:50:0D:E7:1C:39,-68,0,780,780,3,0,2141,2141,0
792159625,NODE_704BCA25B768,child,5,20:50:0D:E7:1C:39,-68,0,780,780,3,0,2141,2141,0
792259628,NODE_704BCA25B768,child,5,20:50:0D:E7:1C:39,-68,0,780,780,3,0,2141,2141,0
792359632,NODE_704BCA25B768,child,5,20:50:0D:E7:1C:39,-68,0,780,780,3,0,2142,2142,0
792459633,NODE_704BCA25B768,child,5,20:50:0D:E7:1C:39,-68,0,780,780,3,0,2142,2142,0
792559628,NODE_704BCA25B768,child,5,20:50:0D:E7:1C:39,-68,0,781,781,3,0,2142,2142,0
792659632,NODE_704BCA25B768,child,5,20:50:0D:E7:1C:39,-69,0,781,781,3,0,2143,2143,0
792759638,NODE_704BCA25B768,child,5,20:50:0D:E7:1C:39,-69,0,781,781,3,0,2144,2144,0
792859850,NODE_704BCA25B768,child,5,20:50:0D:E7:1C:39,-69,0,781,781,3,0,2144,2144,0
792959632,NODE_704BCA25B768,child,5,20:50:0D:E7:1C:39,-69,0,781,781,3,0,2144,2144,0
793059629,NODE_704BCA25B768,child,5,20:50:0D:E7:1C:39,-69,0,781,781,3,0,2144,2144,0
793159628,NODE_704BCA25B768,child,5,20:50:0D:E7:1C:39,-69,0,781,781,3,0,2144,2144,0
793259628,NODE_704BCA25B768,child,5,20:50:0D:E7:1C:39,-69,0,781,781,3,0,2144,2144,0
793359629,NODE_704BCA25B768,child,5,20:50:0D:E7:1C:39,-69,0,781,781,3,0,2145,2145,0
793459628,NODE_704BCA25B768,child,5,20:50:0D:E7:1C:39,-69,0,781,781,3,0,2145,2145,0
793559632,NODE_704BCA25B768,child,5,20:50:0D:E7:1C:39,-69,0,782,782,3,0,2145,2145,0
793659633,NODE_704BCA25B768,child,5,20:50:0D:E7:1C:39,-68,0,782,782,3,0,2146,2146,0
793759628,NODE_704BCA25B768,child,5,20:50:0D:E7:1C:39,-68,0,782,782,3,0,2147,2147,0
793860439,NODE_704BCA25B768,child,5,20:50:0D:E7:1C:39,-68,0,782,782,3,0,2147,2147,0
793959637,NODE_704BCA25B768,child,5,20:50:0D:E7:1C:39,-68,0,782,782,3,0,2147,2147,0
794059624,NODE_704BCA25B768,child,5,20:50:0D:E7:1C:39,-68,0,782,782,3,0,2147,2147,0
794159636,NODE_704BCA25B768,child,5,20:50:0D:E7:1C:39,-68,0,782,782,3,0,2147,2147,0
794259633,NODE_704BCA25B768,child,5,20:50:0D:E7:1C:39,-68,0,782,782,3,0,2147,2147,0
794359624,NODE_704BCA25B768,child,5,20:50:0D:E7:1C:39,-68,0,782,782,3,0,2148,2148,0
794459632,NODE_704BCA25B768,child,5,20:50:0D:E7:1C:39,-68,0,782,782,3,0,2148,2148,0
794559629,NODE_704BCA25B768,child,5,20:50:0D:E7:1C:39,-68,0,783,783,3,0,2148,2148,0
794659644,NODE_704BCA25B768,child,5,20:50:0D:E7:1C:39,-69,0,783,783,3,0,2149,2149,0
794759939,NODE_704BCA25B768,child,5,20:50:0D:E7:1C:39,-69,0,783,783,3,0,2150,2150,0
794859633,NODE_704BCA25B768,child,5,20:50:0D:E7:1C:39,-69,0,783,783,3,0,2150,2150,0
794959636,NODE_704BCA25B768,child,5,20:50:0D:E7:1C:39,-69,0,783,783,3,0,2150,2150,0
795059632,NODE_704BCA25B768,child,5,20:50:0D:E7:1C:39,-69,0,783,783,3,0,2150,2150,0
795159625,NODE_704BCA25B768,child,5,20:50:0D:E7:1C:39,-69,0,783,783,3,0,2150,2150,0
795259624,NODE_704BCA25B768,child,5,20:50:0D:E7:1C:39,-69,0,783,783,3,0,2150,2150,0
795359628,NODE_704BCA25B768,child,5,20:50:0D:E7:1C:39,-69,0,783,783,3,0,2151,2151,0
795459629,NODE_704BCA25B768,child,5,20:50:0D:E7:1C:39,-69,0,783,783,3,0,2151,2151,0
795559624,NODE_704BCA25B768,child,5,20:50:0D:E7:1C:39,-69,0,784,784,3,0,2151,2151,0
795659644,NODE_704BCA25B768,child,5,20:50:0D:E7:1C:39,-69,0,784,784,3,0,2152,2152,0
795759641,NODE_704BCA25B768,child,5,20:50:0D:E7:1C:39,-69,0,784,784,3,0,2153,2153,0
795859624,NODE_704BCA25B768,child,5,20:50:0D:E7:1C:39,-69,0,784,784,3,0,2153,2153,0
795959628,NODE_704BCA25B768,child,5,20:50:0D:E7:1C:39,-69,0,784,784,3,0,2153,2153,0
796059625,NODE_704BCA25B768,child,5,20:50:0D:E7:1C:39,-69,0,784,784,3,0,2153,2153,0
796159632,NODE_704BCA25B768,child,5,20:50:0D:E7:1C:39,-69,0,784,784,3,0,2153,2153,0
796259628,NODE_704BCA25B768,child,5,20:50:0D:E7:1C:39,-69,0,784,784,3,0,2153,2153,0
796359633,NODE_704BCA25B768,child,5,20:50:0D:E7:1C:39,-69,0,784,784,3,0,2154,2154,0
796459628,NODE_704BCA25B768,child,5,20:50:0D:E7:1C:39,-69,0,784,784,3,0,2154,2154,0
796559624,NODE_704BCA25B768,child,5,20:50:0D:E7:1C:39,-69,0,785,785,3,0,2154,2154,0
796659629,NODE_704BCA25B768,child,5,20:50:0D:E7:1C:39,-69,0,785,785,3,0,2155,2155,0
796759632,NODE_704BCA25B768,child,5,20:50:0D:E7:1C:39,-68,0,785,785,3,0,2156,2156,0
796859628,NODE_704BCA25B768,child,5,20:50:0D:E7:1C:39,-68,0,785,785,3,0,2156,2156,0
796959641,NODE_704BCA25B768,child,5,20:50:0D:E7:1C:39,-68,0,785,785,3,0,2156,2156,0
797059624,NODE_704BCA25B768,child,5,20:50:0D:E7:1C:39,-68,0,785,785,3,0,2156,2156,0
797159636,NODE_704BCA25B768,child,5,20:50:0D:E7:1C:39,-68,0,785,785,3,0,2156,2156,0
797259625,NODE_704BCA25B768,child,5,20:50:0D:E7:1C:39,-68,0,785,785,3,0,2156,2156,0
797359628,NODE_704BCA25B768,child,5,20:50:0D:E7:1C:39,-68,0,785,785,3,0,2157,2157,0
797459628,NODE_704BCA25B768,child,5,20:50:0D:E7:1C:39,-68,0,785,785,3,0,2157,2157,0
797559637,NODE_704BCA25B768,child,5,20:50:0D:E7:1C:39,-68,0,786,786,3,0,2157,2157,0
797659640,NODE_704BCA25B768,child,5,20:50:0D:E7:1C:39,-68,0,786,786,3,0,2158,2158,0
797759633,NODE_704BCA25B768,child,5,20:50:0D:E7:1C:39,-68,0,786,786,3,0,2159,2159,0
797859697,NODE_704BCA25B768,child,5,20:50:0D:E7:1C:39,-68,0,786,786,3,0,2159,2159,0
797959628,NODE_704BCA25B768,child,5,20:50:0D:E7:1C:39,-68,0,786,786,3,0,2159,2159,0
798059632,NODE_704BCA25B768,child,5,20:50:0D:E7:1C:39,-68,0,786,786,3,0,2159,2159,0
798159625,NODE_704BCA25B768,child,5,20:50:0D:E7:1C:39,-68,0,786,786,3,0,2159,2159,0
798259632,NODE_704BCA25B768,child,5,20:50:0D:E7:1C:39,-68,0,786,786,3,0,2159,2159,0
798359628,NODE_704BCA25B768,child,5,20:50:0D:E7:1C:39,-68,0,786,786,3,0,2160,2160,0
798459629,NODE_704BCA25B768,child,5,20:50:0D:E7:1C:39,-68,0,786,786,3,0,2160,2160,0
798559628,NODE_704BCA25B768,child,5,20:50:0D:E7:1C:39,-68,0,787,787,3,0,2160,2160,0
798659628,NODE_704BCA25B768,child,5,20:50:0D:E7:1C:39,-68,0,787,787,3,0,2161,2161,0
798759637,NODE_704BCA25B768,child,5,20:50:0D:E7:1C:39,-69,0,787,787,3,0,2162,2162,0
798859628,NODE_704BCA25B768,child,5,20:50:0D:E7:1C:39,-69,0,787,787,3,0,2162,2162,0
798959624,NODE_704BCA25B768,child,5,20:50:0D:E7:1C:39,-69,0,787,787,3,0,2162,2162,0
799059629,NODE_704BCA25B768,child,5,20:50:0D:E7:1C:39,-69,0,787,787,3,0,2162,2162,0
799159816,NODE_704BCA25B768,child,5,20:50:0D:E7:1C:39,-69,0,787,787,3,0,2162,2162,0
799259624,NODE_704BCA25B768,child,5,20:50:0D:E7:1C:39,-69,0,787,787,3,0,2162,2162,0
799359629,NODE_704BCA25B768,child,5,20:50:0D:E7:1C:39,-69,0,787,787,3,0,2163,2163,0
799459632,NODE_704BCA25B768,child,5,20:50:0D:E7:1C:39,-69,0,787,787,3,0,2163,2163,0
799559624,NODE_704BCA25B768,child,5,20:50:0D:E7:1C:39,-69,0,788,788,3,0,2163,2163,0
799659629,NODE_704BCA25B768,child,5,20:50:0D:E7:1C:39,-69,0,788,788,3,0,2164,2164,0
799759636,NODE_704BCA25B768,child,5,20:50:0D:E7:1C:39,-68,0,788,788,3,0,2165,2165,0
799860403,NODE_704BCA25B768,child,5,20:50:0D:E7:1C:39,-68,0,788,788,3,0,2165,2165,0
799959637,NODE_704BCA25B768,child,5,20:50:0D:E7:1C:39,-68,0,788,788,3,0,2165,2165,0
800059632,NODE_704BCA25B768,child,5,20:50:0D:E7:1C:39,-68,0,788,788,3,0,2165,2165,0
800159636,NODE_704BCA25B768,child,5,20:50:0D:E7:1C:39,-68,0,788,788,3,0,2165,2165,0
800259625,NODE_704BCA25B768,child,5,20:50:0D:E7:1C:39,-68,0,788,788,3,0,2165,2165,0
800359628,NODE_704BCA25B768,child,5,20:50:0D:E7:1C:39,-68,0,788,788,3,0,2166,2166,0
800459632,NODE_704BCA25B768,child,5,20:50:0D:E7:1C:39,-68,0,788,788,3,0,2166,2166,0
800559629,NODE_704BCA25B768,child,5,20:50:0D:E7:1C:39,-68,0,789,789,3,0,2166,2166,0
800659632,NODE_704BCA25B768,child,5,20:50:0D:E7:1C:39,-68,0,789,789,3,0,2167,2167,0
800759628,NODE_704BCA25B768,child,5,20:50:0D:E7:1C:39,-68,0,789,789,3,0,2168,2168,0
800859641,NODE_704BCA25B768,child,5,20:50:0D:E7:1C:39,-69,0,789,789,3,0,2168,2168,0
800959624,NODE_704BCA25B768,child,5,20:50:0D:E7:1C:39,-69,0,789,789,3,0,2168,2168,0
801059628,NODE_704BCA25B768,child,5,20:50:0D:E7:1C:39,-69,0,789,789,3,0,2168,2168,0
801159629,NODE_704BCA25B768,child,5,20:50:0D:E7:1C:39,-69,0,789,789,3,0,2168,2168,0
801259632,NODE_704BCA25B768,child,5,20:50:0D:E7:1C:39,-69,0,789,789,3,0,2168,2168,0
801359624,NODE_704BCA25B768,child,5,20:50:0D:E7:1C:39,-69,0,789,789,3,0,2169,2168,0
801459641,NODE_704BCA25B768,child,5,20:50:0D:E7:1C:39,-69,0,789,789,3,0,2169,2169,0
801559628,NODE_704BCA25B768,child,5,20:50:0D:E7:1C:39,-69,0,790,790,3,0,2169,2169,0
801659632,NODE_704BCA25B768,child,5,20:50:0D:E7:1C:39,-69,0,790,790,3,0,2170,2170,0
801759629,NODE_704BCA25B768,child,5,20:50:0D:E7:1C:39,-69,0,790,790,3,0,2171,2171,0
801859801,NODE_704BCA25B768,child,5,20:50:0D:E7:1C:39,-68,0,790,790,3,0,2171,2171,0
801959640,NODE_704BCA25B768,child,5,20:50:0D:E7:1C:39,-68,0,790,790,3,0,2171,2171,0
802059629,NODE_704BCA25B768,child,5,20:50:0D:E7:1C:39,-68,0,790,790,3,0,2171,2171,0
802159628,NODE_704BCA25B768,child,5,20:50:0D:E7:1C:39,-68,0,790,790,3,0,2171,2171,0
802259624,NODE_704BCA25B768,child,5,20:50:0D:E7:1C:39,-68,0,790,790,3,0,2171,2171,0
802359637,NODE_704BCA25B768,child,5,20:50:0D:E7:1C:39,-68,0,790,790,3,0,2172,2171,0
802459632,NODE_704BCA25B768,child,5,20:50:0D:E7:1C:39,-68,0,790,790,3,0,2172,2172,0
802599933,NODE_704BCA25B768,child,5,20:50:0D:E7:1C:39,-68,0,791,791,3,0,2172,2172,0
802659629,NODE_704BCA25B768,child,5,20:50:0D:E7:1C:39,-68,0,791,791,3,0,2173,2173,0
802759629,NODE_704BCA25B768,child,5,20:50:0D:E7:1C:39,-68,0,791,791,3,0,2174,2174,0
802859644,NODE_704BCA25B768,child,5,20:50:0D:E7:1C:39,-68,0,791,791,3,0,2174,2174,0
802959633,NODE_704BCA25B768,child,5,20:50:0D:E7:1C:39,-68,0,791,791,3,0,2174,2174,0
803059632,NODE_704BCA25B768,child,5,20:50:0D:E7:1C:39,-68,0,791,791,3,0,2174,2174,0
803159636,NODE_704BCA25B768,child,5,20:50:0D:E7:1C:39,-68,0,791,791,3,0,2174,2174,0
803259625,NODE_704BCA25B768,child,5,20:50:0D:E7:1C:39,-68,0,791,791,3,0,2174,2174,0
803359624,NODE_704BCA25B768,child,5,20:50:0D:E7:1C:39,-68,0,791,791,3,0,2175,2174,0
803459636,NODE_704BCA25B768,child,5,20:50:0D:E7:1C:39,-68,0,791,791,3,0,2175,2175,0
803559629,NODE_704BCA25B768,child,5,20:50:0D:E7:1C:39,-68,0,792,792,3,0,2175,2175,0
803659632,NODE_704BCA25B768,child,5,20:50:0D:E7:1C:39,-68,0,792,792,3,0,2176,2176,0
803759628,NODE_704BCA25B768,child,5,20:50:0D:E7:1C:39,-68,0,792,792,3,0,2177,2177,0
803859641,NODE_704BCA25B768,child,5,20:50:0D:E7:1C:39,-68,0,792,792,3,0,2177,2177,0
803959628,NODE_704BCA25B768,child,5,20:50:0D:E7:1C:39,-68,0,792,792,3,0,2177,2177,0
804059628,NODE_704BCA25B768,child,5,20:50:0D:E7:1C:39,-68,0,792,792,3,0,2177,2177,0
804159625,NODE_704BCA25B768,child,5,20:50:0D:E7:1C:39,-68,0,792,792,3,0,2177,2177,0
804259632,NODE_704BCA25B768,child,5,20:50:0D:E7:1C:39,-68,0,792,792,3,0,2177,2177,0
804359628,NODE_704BCA25B768,child,5,20:50:0D:E7:1C:39,-68,0,792,792,3,0,2177,2177,0
804459633,NODE_704BCA25B768,child,5,20:50:0D:E7:1C:39,-68,0,792,792,3,0,2178,2178,0
804559624,NODE_704BCA25B768,child,5,20:50:0D:E7:1C:39,-68,0,793,793,3,0,2178,2178,0
804659628,NODE_704BCA25B768,child,5,20:50:0D:E7:1C:39,-68,0,793,793,3,0,2179,2179,0
804759633,NODE_704BCA25B768,child,5,20:50:0D:E7:1C:39,-68,0,793,793,3,0,2180,2180,0
804859632,NODE_704BCA25B768,child,5,20:50:0D:E7:1C:39,-68,0,793,793,3,0,2180,2180,0
804959640,NODE_704BCA25B768,child,5,20:50:0D:E7:1C:39,-68,0,793,793,3,0,2180,2180,0
805059629,NODE_704BCA25B768,child,5,20:50:0D:E7:1C:39,-68,0,793,793,3,0,2180,2180,0
805160204,NODE_704BCA25B768,child,5,20:50:0D:E7:1C:39,-68,0,793,793,3,0,2180,2180,0
805259624,NODE_704BCA25B768,child,5,20:50:0D:E7:1C:39,-68,0,793,793,3,0,2180,2180,0
805359625,NODE_704BCA25B768,child,5,20:50:0D:E7:1C:39,-68,0,793,793,3,0,2180,2180,0
805459628,NODE_704BCA25B768,child,5,20:50:0D:E7:1C:39,-68,0,793,793,3,0,2181,2181,0
805559628,NODE_704BCA25B768,child,5,20:50:0D:E7:1C:39,-68,0,794,794,3,0,2181,2181,0
805659629,NODE_704BCA25B768,child,5,20:50:0D:E7:1C:39,-68,0,794,794,3,0,2182,2182,0
805759624,NODE_704BCA25B768,child,5,20:50:0D:E7:1C:39,-68,0,794,794,3,0,2183,2183,0
805859628,NODE_704BCA25B768,child,5,20:50:0D:E7:1C:39,-68,0,794,794,3,0,2183,2183,0
805959645,NODE_704BCA25B768,child,5,20:50:0D:E7:1C:39,-69,0,794,794,3,0,2183,2183,0
806059632,NODE_704BCA25B768,child,5,20:50:0D:E7:1C:39,-69,0,794,794,3,0,2183,2183,0
806159751,NODE_704BCA25B768,child,5,20:50:0D:E7:1C:39,-69,0,794,794,3,0,2183,2183,0
806259629,NODE_704BCA25B768,child,5,20:50:0D:E7:1C:39,-69,0,794,794,3,0,2183,2183,0
806359665,NODE_704BCA25B768,child,5,20:50:0D:E7:1C:39,-69,0,794,794,3,0,2183,2183,0
806459636,NODE_704BCA25B768,child,5,20:50:0D:E7:1C:39,-69,0,794,794,3,0,2184,2184,0
806559633,NODE_704BCA25B768,child,5,20:50:0D:E7:1C:39,-69,0,795,795,3,0,2184,2184,0
806659632,NODE_704BCA25B768,child,5,20:50:0D:E7:1C:39,-69,0,795,795,3,0,2185,2185,0
806759636,NODE_704BCA25B768,child,5,20:50:0D:E7:1C:39,-69,0,795,795,3,0,2186,2186,0
806859625,NODE_704BCA25B768,child,5,20:50:0D:E7:1C:39,-69,0,795,795,3,0,2186,2186,0
806959644,NODE_704BCA25B768,child,5,20:50:0D:E7:1C:39,-68,0,795,795,3,0,2186,2186,0
807059624,NODE_704BCA25B768,child,5,20:50:0D:E7:1C:39,-68,0,795,795,3,0,2186,2186,0
807159625,NODE_704BCA25B768,child,5,20:50:0D:E7:1C:39,-68,0,795,795,3,0,2186,2186,0
807259624,NODE_704BCA25B768,child,5,20:50:0D:E7:1C:39,-68,0,795,795,3,0,2186,2186,0
807359632,NODE_704BCA25B768,child,5,20:50:0D:E7:1C:39,-68,0,795,795,3,0,2186,2186,0
807459629,NODE_704BCA25B768,child,5,20:50:0D:E7:1C:39,-68,0,795,795,3,0,2187,2187,0
807559636,NODE_704BCA25B768,child,5,20:50:0D:E7:1C:39,-68,0,796,796,3,0,2187,2187,0
807659628,NODE_704BCA25B768,child,5,20:50:0D:E7:1C:39,-68,0,796,796,3,0,2188,2188,0
807759634,NODE_704BCA25B768,child,5,20:50:0D:E7:1C:39,-68,0,796,796,3,0,2189,2189,0
807859632,NODE_704BCA25B768,child,5,20:50:0D:E7:1C:39,-68,0,796,796,3,0,2189,2189,0
807959644,NODE_704BCA25B768,child,5,20:50:0D:E7:1C:39,-69,0,796,796,3,0,2189,2189,0
808059629,NODE_704BCA25B768,child,5,20:50:0D:E7:1C:39,-69,0,796,796,3,0,2189,2189,0
808159628,NODE_704BCA25B768,child,5,20:50:0D:E7:1C:39,-69,0,796,796,3,0,2189,2189,0
808259632,NODE_704BCA25B768,child,5,20:50:0D:E7:1C:39,-69,0,796,796,3,0,2189,2189,0
808359625,NODE_704BCA25B768,child,5,20:50:0D:E7:1C:39,-69,0,796,796,3,0,2189,2189,0
808459632,NODE_704BCA25B768,child,5,20:50:0D:E7:1C:39,-69,0,796,796,3,0,2190,2190,0
808559632,NODE_704BCA25B768,child,5,20:50:0D:E7:1C:39,-69,0,797,797,3,0,2190,2190,0
808659629,NODE_704BCA25B768,child,5,20:50:0D:E7:1C:39,-69,0,797,797,3,0,2191,2191,0
808759624,NODE_704BCA25B768,child,5,20:50:0D:E7:1C:39,-69,0,797,797,3,0,2192,2192,0
808859628,NODE_704BCA25B768,child,5,20:50:0D:E7:1C:39,-69,0,797,797,3,0,2192,2192,0
808959637,NODE_704BCA25B768,child,5,20:50:0D:E7:1C:39,-69,0,797,797,3,0,2192,2192,0
809059636,NODE_704BCA25B768,child,5,20:50:0D:E7:1C:39,-69,0,797,797,3,0,2192,2192,0
809159636,NODE_704BCA25B768,child,5,20:50:0D:E7:1C:39,-69,0,797,797,3,0,2192,2192,0
809259633,NODE_704BCA25B768,child,5,20:50:0D:E7:1C:39,-69,0,797,797,3,0,2192,2192,0
809359632,NODE_704BCA25B768,child,5,20:50:0D:E7:1C:39,-69,0,797,797,3,0,2192,2192,0
809459624,NODE_704BCA25B768,child,5,20:50:0D:E7:1C:39,-69,0,797,797,3,0,2192,2192,0
809559637,NODE_704BCA25B768,child,5,20:50:0D:E7:1C:39,-69,0,798,798,3,0,2193,2193,0
809659632,NODE_704BCA25B768,child,5,20:50:0D:E7:1C:39,-69,0,798,798,3,0,2194,2194,0
809759636,NODE_704BCA25B768,child,5,20:50:0D:E7:1C:39,-69,0,798,798,3,0,2195,2195,0
809859629,NODE_704BCA25B768,child,5,20:50:0D:E7:1C:39,-69,0,798,798,3,0,2195,2195,0
809959628,NODE_704BCA25B768,child,5,20:50:0D:E7:1C:39,-69,0,798,798,3,0,2195,2195,0
810059636,NODE_704BCA25B768,child,5,20:50:0D:E7:1C:39,-68,0,798,798,3,0,2195,2195,0
810159625,NODE_704BCA25B768,child,5,20:50:0D:E7:1C:39,-68,0,798,798,3,0,2195,2195,0
810259624,NODE_704BCA25B768,child,5,20:50:0D:E7:1C:39,-68,0,798,798,3,0,2195,2195,0
810359636,NODE_704BCA25B768,child,5,20:50:0D:E7:1C:39,-68,0,798,798,3,0,2195,2195,0
810459625,NODE_704BCA25B768,child,5,20:50:0D:E7:1C:39,-68,0,798,798,3,0,2195,2195,0
810559628,NODE_704BCA25B768,child,5,20:50:0D:E7:1C:39,-68,0,799,799,3,0,2196,2196,0
810659699,NODE_704BCA25B768,child,5,20:50:0D:E7:1C:39,-68,0,799,799,3,0,2197,2197,0
810759625,NODE_704BCA25B768,child,5,20:50:0D:E7:1C:39,-68,0,799,799,3,0,2198,2198,0
810859628,NODE_704BCA25B768,child,5,20:50:0D:E7:1C:39,-68,0,799,799,3,0,2198,2198,0
810959636,NODE_704BCA25B768,child,5,20:50:0D:E7:1C:39,-68,0,799,799,3,0,2198,2198,0
811059637,NODE_704BCA25B768,child,5,20:50:0D:E7:1C:39,-69,0,799,799,3,0,2198,2198,0
811159628,NODE_704BCA25B768,child,5,20:50:0D:E7:1C:39,-69,0,799,799,3,0,2198,2198,0
811259628,NODE_704BCA25B768,child,5,20:50:0D:E7:1C:39,-69,0,799,799,3,0,2198,2198,0
811359629,NODE_704BCA25B768,child,5,20:50:0D:E7:1C:39,-69,0,799,799,3,0,2198,2198,0
811459624,NODE_704BCA25B768,child,5,20:50:0D:E7:1C:39,-69,0,799,799,3,0,2198,2198,0
811559628,NODE_704BCA25B768,child,5,20:50:0D:E7:1C:39,-69,0,800,800,3,0,2199,2199,0
811659633,NODE_704BCA25B768,child,5,20:50:0D:E7:1C:39,-69,0,800,800,3,0,2200,2200,0
811759636,NODE_704BCA25B768,child,5,20:50:0D:E7:1C:39,-69,0,800,800,3,0,2201,2201,0
811859628,NODE_704BCA25B768,child,5,20:50:0D:E7:1C:39,-69,0,800,800,3,0,2201,2201,0
811959633,NODE_704BCA25B768,child,5,20:50:0D:E7:1C:39,-69,0,800,800,3,0,2201,2201,0
812059636,NODE_704BCA25B768,child,5,20:50:0D:E7:1C:39,-66,0,800,800,3,0,2201,2201,0
812159640,NODE_704BCA25B768,child,5,20:50:0D:E7:1C:39,-66,0,800,800,3,0,2201,2201,0
812259633,NODE_704BCA25B768,child,5,20:50:0D:E7:1C:39,-66,0,800,800,3,0,2201,2201,0
812359632,NODE_704BCA25B768,child,5,20:50:0D:E7:1C:39,-66,0,800,800,3,0,2201,2201,0
812459624,NODE_704BCA25B768,child,5,20:50:0D:E7:1C:39,-66,0,800,800,3,0,2201,2201,0
812559637,NODE_704BCA25B768,child,5,20:50:0D:E7:1C:39,-66,0,801,801,3,0,2202,2202,0
812659636,NODE_704BCA25B768,child,5,20:50:0D:E7:1C:39,-66,0,801,801,3,0,2202,2202,0
812759633,NODE_704BCA25B768,child,5,20:50:0D:E7:1C:39,-66,0,801,801,3,0,2204,2204,0
812859629,NODE_704BCA25B768,child,5,20:50:0D:E7:1C:39,-66,0,801,801,3,0,2204,2204,0
812959632,NODE_704BCA25B768,child,5,20:50:0D:E7:1C:39,-66,0,801,801,3,0,2204,2204,0
813060411,NODE_704BCA25B768,child,5,20:50:0D:E7:1C:39,-69,0,801,801,3,0,2204,2204,0
813159641,NODE_704BCA25B768,child,5,20:50:0D:E7:1C:39,-69,0,801,801,3,0,2204,2204,0
813259624,NODE_704BCA25B768,child,5,20:50:0D:E7:1C:39,-69,0,801,801,3,0,2204,2204,0
813359632,NODE_704BCA25B768,child,5,20:50:0D:E7:1C:39,-69,0,801,801,3,0,2204,2204,0
813459625,NODE_704BCA25B768,child,5,20:50:0D:E7:1C:39,-69,0,801,801,3,0,2204,2204,0
813559624,NODE_704BCA25B768,child,5,20:50:0D:E7:1C:39,-69,0,802,802,3,0,2204,2204,0
813659624,NODE_704BCA25B768,child,5,20:50:0D:E7:1C:39,-69,0,802,802,3,0,2204,2204,0
813759629,NODE_704BCA25B768,child,5,20:50:0D:E7:1C:39,-69,0,802,802,3,0,2206,2206,0
813859624,NODE_704BCA25B768,child,5,20:50:0D:E7:1C:39,-69,0,802,802,3,0,2207,2207,0
813959632,NODE_704BCA25B768,child,5,20:50:0D:E7:1C:39,-69,0,802,802,3,0,2207,2207,0
814059633,NODE_704BCA25B768,child,5,20:50:0D:E7:1C:39,-69,0,802,802,3,0,2207,2207,0
814159636,NODE_704BCA25B768,child,5,20:50:0D:E7:1C:39,-68,0,802,802,3,0,2207,2207,0
814259624,NODE_704BCA25B768,child,5,20:50:0D:E7:1C:39,-68,0,802,802,3,0,2207,2207,0
814359625,NODE_704BCA25B768,child,5,20:50:0D:E7:1C:39,-68,0,802,802,3,0,2207,2207,0
814459624,NODE_704BCA25B768,child,5,20:50:0D:E7:1C:39,-68,0,802,802,3,0,2207,2207,0
814559628,NODE_704BCA25B768,child,5,20:50:0D:E7:1C:39,-68,0,803,803,3,0,2207,2207,0
814659633,NODE_704BCA25B768,child,5,20:50:0D:E7:1C:39,-68,0,803,803,3,0,2207,2207,0
814759632,NODE_704BCA25B768,child,5,20:50:0D:E7:1C:39,-68,0,803,803,3,0,2209,2209,0
814859636,NODE_704BCA25B768,child,5,20:50:0D:E7:1C:39,-68,0,803,803,3,0,2210,2210,0
814959629,NODE_704BCA25B768,child,5,20:50:0D:E7:1C:39,-68,0,803,803,3,0,2210,2210,0
815059628,NODE_704BCA25B768,child,5,20:50:0D:E7:1C:39,-68,0,803,803,3,0,2210,2210,0
815159644,NODE_704BCA25B768,child,5,20:50:0D:E7:1C:39,-68,0,803,803,3,0,2210,2210,0
815259633,NODE_704BCA25B768,child,5,20:50:0D:E7:1C:39,-68,0,803,803,3,0,2210,2210,0
815359632,NODE_704BCA25B768,child,5,20:50:0D:E7:1C:39,-68,0,803,803,3,0,2210,2210,0
815459624,NODE_704BCA25B768,child,5,20:50:0D:E7:1C:39,-68,0,803,803,3,0,2210,2210,0
815559629,NODE_704BCA25B768,child,5,20:50:0D:E7:1C:39,-68,0,804,804,3,0,2210,2210,0
815659624,NODE_704BCA25B768,child,5,20:50:0D:E7:1C:39,-68,0,804,804,3,0,2210,2210,0
815759636,NODE_704BCA25B768,child,5,20:50:0D:E7:1C:39,-68,0,804,804,3,0,2212,2212,0
815859629,NODE_704BCA25B768,child,5,20:50:0D:E7:1C:39,-68,0,804,804,3,0,2213,2213,0
815959636,NODE_704BCA25B768,child,5,20:50:0D:E7:1C:39,-68,0,804,804,3,0,2213,2213,0
816059624,NODE_704BCA25B768,child,5,20:50:0D:E7:1C:39,-68,0,804,804,3,0,2213,2213,0
816159637,NODE_704BCA25B768,child,5,20:50:0D:E7:1C:39,-68,0,804,804,3,0,2213,2213,0
816259624,NODE_704BCA25B768,child,5,20:50:0D:E7:1C:39,-68,0,804,804,3,0,2213,2213,0
816359628,NODE_704BCA25B768,child,5,20:50:0D:E7:1C:39,-68,0,804,804,3,0,2213,2213,0
816459625,NODE_704BCA25B768,child,5,20:50:0D:E7:1C:39,-68,0,804,804,3,0,2213,2213,0
816559628,NODE_704BCA25B768,child,5,20:50:0D:E7:1C:39,-68,0,805,805,3,0,2213,2213,0
816659624,NODE_704BCA25B768,child,5,20:50:0D:E7:1C:39,-68,0,805,805,3,0,2213,2213,0
816759625,NODE_704BCA25B768,child,5,20:50:0D:E7:1C:39,-68,0,805,805,3,0,2215,2215,0
816859628,NODE_704BCA25B768,child,5,20:50:0D:E7:1C:39,-68,0,805,805,3,0,2216,2216,0
816959628,NODE_704BCA25B768,child,5,20:50:0D:E7:1C:39,-68,0,805,805,3,0,2216,2216,0
817059637,NODE_704BCA25B768,child,5,20:50:0D:E7:1C:39,-68,0,805,805,3,0,2216,2216,0
817159628,NODE_704BCA25B768,child,5,20:50:0D:E7:1C:39,-68,0,805,805,3,0,2216,2216,0
817259640,NODE_704BCA25B768,child,5,20:50:0D:E7:1C:39,-68,0,805,805,3,0,2216,2216,0
817359629,NODE_704BCA25B768,child,5,20:50:0D:E7:1C:39,-68,0,805,805,3,0,2216,2216,0
817459624,NODE_704BCA25B768,child,5,20:50:0D:E7:1C:39,-68,0,805,805,3,0,2216,2216,0
817559628,NODE_704BCA25B768,child,5,20:50:0D:E7:1C:39,-68,0,806,806,3,0,2216,2216,0
817659625,NODE_704BCA25B768,child,5,20:50:0D:E7:1C:39,-68,0,806,806,3,0,2216,2216,0
817759629,NODE_704BCA25B768,child,5,20:50:0D:E7:1C:39,-68,0,806,806,3,0,2218,2218,0
817859628,NODE_704BCA25B768,child,5,20:50:0D:E7:1C:39,-68,0,806,806,3,0,2219,2219,0
817959637,NODE_704BCA25B768,child,5,20:50:0D:E7:1C:39,-68,0,806,806,3,0,2219,2219,0
818059624,NODE_704BCA25B768,child,5,20:50:0D:E7:1C:39,-68,0,806,806,3,0,2219,2219,0
818159640,NODE_704BCA25B768,child,5,20:50:0D:E7:1C:39,-68,0,806,806,3,0,2219,2219,0
818259641,NODE_704BCA25B768,child,5,20:50:0D:E7:1C:39,-68,0,806,806,3,0,2219,2219,0
818359636,NODE_704BCA25B768,child,5,20:50:0D:E7:1C:39,-68,0,806,806,3,0,2219,2219,0
818459624,NODE_704BCA25B768,child,5,20:50:0D:E7:1C:39,-68,0,806,806,3,0,2219,2219,0
818559625,NODE_704BCA25B768,child,5,20:50:0D:E7:1C:39,-68,0,807,807,3,0,2219,2219,0
818659624,NODE_704BCA25B768,child,5,20:50:0D:E7:1C:39,-68,0,807,807,3,0,2219,2219,0
818759632,NODE_704BCA25B768,child,5,20:50:0D:E7:1C:39,-68,0,807,807,3,0,2221,2221,0
818859633,NODE_704BCA25B768,child,5,20:50:0D:E7:1C:39,-68,0,807,807,3,0,2221,2221,0
818959636,NODE_704BCA25B768,child,5,20:50:0D:E7:1C:39,-68,0,807,807,3,0,2222,2222,0
819059624,NODE_704BCA25B768,child,5,20:50:0D:E7:1C:39,-68,0,807,807,3,0,2222,2222,0
819159732,NODE_704BCA25B768,child,5,20:50:0D:E7:1C:39,-68,0,807,807,3,0,2222,2222,0
819259636,NODE_704BCA25B768,child,5,20:50:0D:E7:1C:39,-68,0,807,807,3,0,2222,2222,0
819359624,NODE_704BCA25B768,child,5,20:50:0D:E7:1C:39,-68,0,807,807,3,0,2222,2222,0
819459625,NODE_704BCA25B768,child,5,20:50:0D:E7:1C:39,-68,0,807,807,3,0,2222,2222,0
819559628,NODE_704BCA25B768,child,5,20:50:0D:E7:1C:39,-68,0,808,808,3,0,2222,2222,0
819659628,NODE_704BCA25B768,child,5,20:50:0D:E7:1C:39,-68,0,808,808,3,0,2222,2222,0
819759625,NODE_704BCA25B768,child,5,20:50:0D:E7:1C:39,-68,0,808,808,3,0,2224,2224,0
819859636,NODE_704BCA25B768,child,5,20:50:0D:E7:1C:39,-68,0,808,808,3,0,2224,2224,0
819959636,NODE_704BCA25B768,child,5,20:50:0D:E7:1C:39,-68,0,808,808,3,0,2225,2225,0
820059633,NODE_704BCA25B768,child,5,20:50:0D:E7:1C:39,-68,0,808,808,3,0,2225,2225,0
820159624,NODE_704BCA25B768,child,5,20:50:0D:E7:1C:39,-68,0,808,808,3,0,2225,2225,0
820259636,NODE_704BCA25B768,child,5,20:50:0D:E7:1C:39,-68,0,808,808,3,0,2225,2225,0
820359625,NODE_704BCA25B768,child,5,20:50:0D:E7:1C:39,-68,0,808,808,3,0,2225,2225,0
820459675,NODE_704BCA25B768,child,5,20:50:0D:E7:1C:39,-68,0,808,808,3,0,2225,2225,0
820559628,NODE_704BCA25B768,child,5,20:50:0D:E7:1C:39,-68,0,809,809,3,0,2225,2225,0
820659625,NODE_704BCA25B768,child,5,20:50:0D:E7:1C:39,-68,0,809,809,3,0,2225,2225,0
820759628,NODE_704BCA25B768,child,5,20:50:0D:E7:1C:39,-68,0,809,809,3,0,2227,2227,0
820859628,NODE_704BCA25B768,child,5,20:50:0D:E7:1C:39,-68,0,809,809,3,0,2227,2227,0
820959633,NODE_704BCA25B768,child,5,20:50:0D:E7:1C:39,-68,0,809,809,3,0,2228,2228,0
821059628,NODE_704BCA25B768,child,5,20:50:0D:E7:1C:39,-68,0,809,809,3,0,2228,2228,0
821159640,NODE_704BCA25B768,child,5,20:50:0D:E7:1C:39,-68,0,809,809,3,0,2228,2228,0
821259637,NODE_704BCA25B768,child,5,20:50:0D:E7:1C:39,-69,0,809,809,3,0,2228,2228,0
821359636,NODE_704BCA25B768,child,5,20:50:0D:E7:1C:39,-69,0,809,809,3,0,2228,2228,0
