timestamp_us,node_id,role,layer,parent_mac,rssi_dbm,retry_count,tx_count,probes_count,phase_id,gt_label
63618599,NODE_B0CBD8F33218,victim,-1,00:00:00:00:00:00,0,1,0,0,0,0
63717689,NODE_B0CBD8F33218,victim,-1,00:00:00:00:00:00,0,1,0,0,0,0
63817697,NODE_B0CBD8F33218,victim,-1,00:00:00:00:00:00,0,1,0,0,0,0
63917689,NODE_B0CBD8F33218,victim,-1,00:00:00:00:00:00,0,1,0,0,0,0
64027693,NODE_B0CBD8F33218,victim,-1,00:00:00:00:00:00,0,1,0,0,0,0
64127691,NODE_B0CBD8F33218,victim,-1,00:00:00:00:00:00,0,1,0,0,0,0
64237839,NODE_B0CBD8F33218,victim,-1,00:00:00:00:00:00,0,1,0,0,0,0
64337693,NODE_B0CBD8F33218,victim,-1,00:00:00:00:00:00,0,1,0,0,0,0
64447693,NODE_B0CBD8F33218,victim,-1,00:00:00:00:00:00,0,1,0,0,0,0
64547691,NODE_B0CBD8F33218,victim,-1,00:00:00:00:00:00,0,1,0,0,0,0
64657687,NODE_B0CBD8F33218,victim,-1,00:00:00:00:00:00,0,2,0,0,0,0
64757693,NODE_B0CBD8F33218,victim,-1,00:00:00:00:00:00,0,2,0,0,0,0
64867693,NODE_B0CBD8F33218,victim,-1,00:00:00:00:00:00,0,2,0,0,0,0
64967695,NODE_B0CBD8F33218,victim,-1,00:00:00:00:00:00,0,2,0,0,0,0
65077695,NODE_B0CBD8F33218,victim,-1,00:00:00:00:00:00,0,2,0,0,0,0
65177689,NODE_B0CBD8F33218,victim,-1,00:00:00:00:00:00,0,2,0,0,0,0
65287697,NODE_B0CBD8F33218,victim,-1,00:00:00:00:00:00,0,2,0,0,0,0
65387695,NODE_B0CBD8F33218,victim,-1,00:00:00:00:00:00,0,2,0,0,0,0
65497695,NODE_B0CBD8F33218,victim,-1,00:00:00:00:00:00,0,2,0,0,0,0
65597689,NODE_B0CBD8F33218,victim,-1,00:00:00:00:00:00,0,2,0,0,0,0
65707689,NODE_B0CBD8F33218,victim,-1,00:00:00:00:00:00,0,3,0,0,0,0
65807697,NODE_B0CBD8F33218,victim,-1,00:00:00:00:00:00,0,3,0,0,0,0
65917695,NODE_B0CBD8F33218,victim,-1,00:00:00:00:00:00,0,3,0,0,0,0
66017689,NODE_B0CBD8F33218,victim,-1,00:00:00:00:00:00,0,3,0,0,0,0
66127692,NODE_B0CBD8F33218,victim,-1,00:00:00:00:00:00,0,3,0,0,0,0
66227695,NODE_B0CBD8F33218,victim,-1,00:00:00:00:00:00,0,3,0,0,0,0
66337699,NODE_B0CBD8F33218,victim,-1,00:00:00:00:00:00,0,3,0,0,0,0
66437689,NODE_B0CBD8F33218,victim,-1,00:00:00:00:00:00,0,3,0,0,0,0
66547693,NODE_B0CBD8F33218,victim,-1,00:00:00:00:00:00,0,3,0,0,0,0
66647691,NODE_B0CBD8F33218,victim,-1,00:00:00:00:00:00,0,4,0,0,0,0
66757695,NODE_B0CBD8F33218,victim,-1,00:00:00:00:00:00,0,4,0,0,0,0
66857689,NODE_B0CBD8F33218,victim,-1,00:00:00:00:00:00,0,4,0,0,0,0
66967689,NODE_B0CBD8F33218,victim,-1,00:00:00:00:00:00,0,4,0,0,0,0
67067695,NODE_B0CBD8F33218,victim,-1,00:00:00:00:00:00,0,4,0,0,0,0
67177701,NODE_B0CBD8F33218,victim,-1,00:00:00:00:00:00,0,4,0,0,0,0
67277689,NODE_B0CBD8F33218,victim,-1,00:00:00:00:00:00,0,4,0,0,0,0
67387689,NODE_B0CBD8F33218,victim,-1,00:00:00:00:00:00,0,4,0,0,0,0
67487691,NODE_B0CBD8F33218,victim,-1,00:00:00:00:00:00,0,4,0,0,0,0
67597691,NODE_B0CBD8F33218,victim,-1,00:00:00:00:00:00,0,4,0,0,0,0
67697693,NODE_B0CBD8F33218,victim,-1,00:00:00:00:00:00,0,5,0,0,0,0
67807693,NODE_B0CBD8F33218,victim,-1,00:00:00:00:00:00,0,5,0,0,0,0
67907691,NODE_B0CBD8F33218,victim,-1,00:00:00:00:00:00,0,5,0,0,0,0
68017695,NODE_B0CBD8F33218,victim,-1,00:00:00:00:00:00,0,5,0,0,0,0
68117693,NODE_B0CBD8F33218,victim,-1,00:00:00:00:00:00,0,5,0,0,0,0
68227693,NODE_B0CBD8F33218,victim,-1,00:00:00:00:00:00,0,5,0,0,0,0
68327691,NODE_B0CBD8F33218,victim,-1,00:00:00:00:00:00,0,5,0,0,0,0
68437748,NODE_B0CBD8F33218,victim,-1,00:00:00:00:00:00,0,5,0,0,0,0
68537689,NODE_B0CBD8F33218,victim,-1,00:00:00:00:00:00,0,5,0,0,0,0
68647685,NODE_B0CBD8F33218,victim,-1,00:00:00:00:00:00,0,6,0,0,0,0
68747691,NODE_B0CBD8F33218,victim,-1,00:00:00:00:00:00,0,6,0,0,0,0
68857687,NODE_B0CBD8F33218,victim,-1,00:00:00:00:00:00,0,6,0,0,0,0
68957693,NODE_B0CBD8F33218,victim,-1,00:00:00:00:00:00,0,6,0,0,0,0
69067693,NODE_B0CBD8F33218,victim,-1,00:00:00:00:00:00,0,6,0,0,0,0
69167691,NODE_B0CBD8F33218,victim,-1,00:00:00:00:00:00,0,6,0,0,0,0
69277695,NODE_B0CBD8F33218,victim,-1,00:00:00:00:00:00,0,6,0,0,0,0
69377693,NODE_B0CBD8F33218,victim,-1,00:00:00:00:00:00,0,6,0,0,0,0
69487696,NODE_B0CBD8F33218,victim,-1,00:00:00:00:00:00,0,6,0,0,0,0
69587691,NODE_B0CBD8F33218,victim,-1,00:00:00:00:00:00,0,6,0,0,0,0
69697691,NODE_B0CBD8F33218,victim,-1,00:00:00:00:00:00,0,7,0,0,0,0
69797696,NODE_B0CBD8F33218,victim,-1,00:00:00:00:00:00,0,7,0,0,0,0
69907689,NODE_B0CBD8F33218,victim,-1,00:00:00:00:00:00,0,7,0,0,0,0
70007695,NODE_B0CBD8F33218,victim,-1,00:00:00:00:00:00,0,7,0,0,0,0
70117695,NODE_B0CBD8F33218,victim,-1,00:00:00:00:00:00,0,7,0,0,0,0
70217689,NODE_B0CBD8F33218,victim,-1,00:00:00:00:00:00,0,7,0,0,0,0
70327697,NODE_B0CBD8F33218,victim,-1,00:00:00:00:00:00,0,7,0,0,0,0
70427697,NODE_B0CBD8F33218,victim,-1,00:00:00:00:00:00,0,7,0,0,0,0
70537703,NODE_B0CBD8F33218,victim,-1,00:00:00:00:00:00,0,7,0,0,0,0
70637685,NODE_B0CBD8F33218,victim,-1,00:00:00:00:00:00,0,8,0,0,0,0
70747696,NODE_B0CBD8F33218,victim,-1,00:00:00:00:00:00,0,8,0,0,0,0
70847691,NODE_B0CBD8F33218,victim,-1,00:00:00:00:00:00,0,8,0,0,0,0
70957695,NODE_B0CBD8F33218,victim,-1,00:00:00:00:00:00,0,8,0,0,0,0
71057689,NODE_B0CBD8F33218,victim,-1,00:00:00:00:00:00,0,8,0,0,0,0
71167697,NODE_B0CBD8F33218,victim,-1,00:00:00:00:00:00,0,8,0,0,0,0
71267695,NODE_B0CBD8F33218,victim,-1,00:00:00:00:00:00,0,8,0,0,0,0
71377695,NODE_B0CBD8F33218,victim,-1,00:00:00:00:00:00,0,8,0,0,0,0
71477689,NODE_B0CBD8F33218,victim,-1,00:00:00:00:00:00,0,8,0,0,0,0
71587689,NODE_B0CBD8F33218,victim,-1,00:00:00:00:00:00,0,8,0,0,0,0
71687691,NODE_B0CBD8F33218,victim,-1,00:00:00:00:00:00,0,9,0,0,0,0
71797697,NODE_B0CBD8F33218,victim,-1,00:00:00:00:00:00,0,9,0,0,0,0
71897689,NODE_B0CBD8F33218,victim,-1,00:00:00:00:00:00,0,9,0,0,0,0
72007689,NODE_B0CBD8F33218,victim,-1,00:00:00:00:00:00,0,9,0,0,0,0
72107691,NODE_B0CBD8F33218,victim,-1,00:00:00:00:00:00,0,9,0,0,0,0
72217695,NODE_B0CBD8F33218,victim,-1,00:00:00:00:00:00,0,9,0,0,0,0
72317693,NODE_B0CBD8F33218,victim,-1,00:00:00:00:00:00,0,9,0,0,0,0
72427689,NODE_B0CBD8F33218,victim,-1,00:00:00:00:00:00,0,9,0,0,0,0
72527691,NODE_B0CBD8F33218,victim,-1,00:00:00:00:00:00,0,9,0,0,0,0
72637691,NODE_B0CBD8F33218,victim,-1,00:00:00:00:00:00,0,10,0,0,0,0
72737693,NODE_B0CBD8F33218,victim,-1,00:00:00:00:00:00,0,10,0,0,0,0
72847693,NODE_B0CBD8F33218,victim,-1,00:00:00:00:00:00,0,10,0,0,0,0
72947691,NODE_B0CBD8F33218,victim,-1,00:00:00:00:00:00,0,10,0,0,0,0
73057695,NODE_B0CBD8F33218,victim,-1,00:00:00:00:00:00,0,10,0,0,0,0
73157689,NODE_B0CBD8F33218,victim,-1,00:00:00:00:00:00,0,10,0,0,0,0
73267697,NODE_B0CBD8F33218,victim,-1,00:00:00:00:00:00,0,10,0,0,0,0
73367691,NODE_B0CBD8F33218,victim,-1,00:00:00:00:00:00,0,10,0,0,0,0
73477695,NODE_B0CBD8F33218,victim,-1,00:00:00:00:00:00,0,10,0,0,0,0
73577693,NODE_B0CBD8F33218,victim,-1,00:00:00:00:00:00,0,10,0,0,0,0
73687693,NODE_B0CBD8F33218,victim,-1,00:00:00:00:00:00,0,11,0,0,0,0
73787691,NODE_B0CBD8F33218,victim,-1,00:00:00:00:00:00,0,11,0,0,0,0
73897691,NODE_B0CBD8F33218,victim,-1,00:00:00:00:00:00,0,11,0,0,0,0
73997693,NODE_B0CBD8F33218,victim,-1,00:00:00:00:00:00,0,11,0,0,0,0
74107696,NODE_B0CBD8F33218,victim,-1,00:00:00:00:00:00,0,11,0,0,0,0
74207691,NODE_B0CBD8F33218,victim,-1,00:00:00:00:00:00,0,11,0,0,0,0
74317699,NODE_B0CBD8F33218,victim,-1,00:00:00:00:00:00,0,11,0,0,0,0
74417696,NODE_B0CBD8F33218,victim,-1,00:00:00:00:00:00,0,11,0,0,0,0
74527693,NODE_B0CBD8F33218,victim,-1,00:00:00:00:00:00,0,11,0,0,0,0
74627691,NODE_B0CBD8F33218,victim,-1,00:00:00:00:00:00,0,12,0,0,0,0
74737695,NODE_B0CBD8F33218,victim,-1,00:00:00:00:00:00,0,12,0,0,0,0
74837689,NODE_B0CBD8F33218,victim,-1,00:00:00:00:00:00,0,12,0,0,0,0
74947693,NODE_B0CBD8F33218,victim,-1,00:00:00:00:00:00,0,12,0,0,0,0
75047695,NODE_B0CBD8F33218,victim,-1,00:00:00:00:00:00,0,12,0,0,0,0
75157699,NODE_B0CBD8F33218,victim,-1,00:00:00:00:00:00,0,12,0,0,0,0
75257689,NODE_B0CBD8F33218,victim,-1,00:00:00:00:00:00,0,12,0,0,0,0
75368486,NODE_B0CBD8F33218,victim,-1,00:00:00:00:00:00,0,12,0,0,0,0
75467698,NODE_B0CBD8F33218,victim,-1,00:00:00:00:00:00,0,12,0,0,0,0
75577699,NODE_B0CBD8F33218,victim,-1,00:00:00:00:00:00,0,12,0,0,0,0
75677685,NODE_B0CBD8F33218,victim,-1,00:00:00:00:00:00,0,13,0,0,0,0
75787697,NODE_B0CBD8F33218,victim,-1,00:00:00:00:00:00,0,13,0,0,0,0
75887709,NODE_B0CBD8F33218,victim,2,28:05:A5:32:D7:B5,-68,13,0,0,0,0
75997703,NODE_B0CBD8F33218,victim,2,28:05:A5:32:D7:B5,-68,13,0,0,0,0
76097697,NODE_B0CBD8F33218,victim,2,28:05:A5:32:D7:B5,-68,13,0,0,0,0
76208409,NODE_B0CBD8F33218,victim,2,28:05:A5:32:D7:B5,-68,13,0,0,0,0
76307695,NODE_B0CBD8F33218,victim,2,28:05:A5:32:D7:B5,-68,13,0,0,0,0
76417699,NODE_B0CBD8F33218,victim,2,28:05:A5:32:D7:B5,-69,13,0,0,0,0
76517697,NODE_B0CBD8F33218,victim,2,28:05:A5:32:D7:B5,-68,13,0,0,0,0
76627701,NODE_B0CBD8F33218,victim,2,28:05:A5:32:D7:B5,-68,13,0,0,0,0
76727694,NODE_B0CBD8F33218,victim,2,28:05:A5:32:D7:B5,-69,13,1,1,0,0
76837703,NODE_B0CBD8F33218,victim,2,28:05:A5:32:D7:B5,-68,13,1,1,0,0
76937693,NODE_B0CBD8F33218,victim,2,28:05:A5:32:D7:B5,-69,13,1,1,0,0
77047705,NODE_B0CBD8F33218,victim,2,28:05:A5:32:D7:B5,-69,13,1,1,0,0
77147699,NODE_B0CBD8F33218,victim,2,28:05:A5:32:D7:B5,-68,13,1,1,0,0
77257699,NODE_B0CBD8F33218,victim,2,28:05:A5:32:D7:B5,-69,13,1,1,0,0
77357693,NODE_B0CBD8F33218,victim,2,28:05:A5:32:D7:B5,-68,13,1,1,0,0
77467697,NODE_B0CBD8F33218,victim,2,28:05:A5:32:D7:B5,-69,13,1,1,0,0
77567699,NODE_B0CBD8F33218,victim,2,28:05:A5:32:D7:B5,-69,13,1,1,0,0
77677703,NODE_B0CBD8F33218,victim,2,28:05:A5:32:D7:B5,-68,13,2,2,0,0
77777693,NODE_B0CBD8F33218,victim,2,28:05:A5:32:D7:B5,-69,13,2,2,0,0
77887697,NODE_B0CBD8F33218,victim,2,28:05:A5:32:D7:B5,-69,13,2,2,0,0
77988228,NODE_B0CBD8F33218,victim,2,28:05:A5:32:D7:B5,-69,13,2,2,0,0
78097707,NODE_B0CBD8F33218,victim,2,28:05:A5:32:D7:B5,-68,13,2,2,0,0
78197693,NODE_B0CBD8F33218,victim,2,28:05:A5:32:D7:B5,-68,13,2,2,0,0
78307697,NODE_B0CBD8F33218,victim,2,28:05:A5:32:D7:B5,-67,13,2,2,0,0
78407699,NODE_B0CBD8F33218,victim,2,28:05:A5:32:D7:B5,-69,13,2,2,0,0
78517703,NODE_B0CBD8F33218,victim,2,28:05:A5:32:D7:B5,-68,13,2,2,0,0
78617693,NODE_B0CBD8F33218,victim,2,28:05:A5:32:D7:B5,-69,13,2,2,0,0
78728030,NODE_B0CBD8F33218,victim,2,28:05:A5:32:D7:B5,-70,13,3,3,0,0
78827695,NODE_B0CBD8F33218,victim,2,28:05:A5:32:D7:B5,-71,13,3,3,0,0
78937703,NODE_B0CBD8F33218,victim,2,28:05:A5:32:D7:B5,-71,13,3,3,0,0
79038104,NODE_B0CBD8F33218,victim,2,28:05:A5:32:D7:B5,-70,13,3,3,0,0
79147697,NODE_B0CBD8F33218,victim,2,28:05:A5:32:D7:B5,-70,13,3,3,0,0
79247695,NODE_B0CBD8F33218,victim,2,28:05:A5:32:D7:B5,-70,13,3,3,0,0
79357699,NODE_B0CBD8F33218,victim,2,28:05:A5:32:D7:B5,-71,13,3,3,0,0
79457697,NODE_B0CBD8F33218,victim,2,28:05:A5:32:D7:B5,-70,13,3,3,0,0
79567701,NODE_B0CBD8F33218,victim,2,28:05:A5:32:D7:B5,-71,13,3,3,0,0
79667699,NODE_B0CBD8F33218,victim,2,28:05:A5:32:D7:B5,-70,13,4,4,0,0
79777699,NODE_B0CBD8F33218,victim,2,28:05:A5:32:D7:B5,-70,13,4,4,0,0
79877697,NODE_B0CBD8F33218,victim,2,28:05:A5:32:D7:B5,-70,13,4,4,0,0
79987701,NODE_B0CBD8F33218,victim,2,28:05:A5:32:D7:B5,-70,13,4,4,0,0
80087699,NODE_B0CBD8F33218,victim,2,28:05:A5:32:D7:B5,-71,13,4,4,0,0
80197703,NODE_B0CBD8F33218,victim,2,28:05:A5:32:D7:B5,-69,13,4,4,0,0
80297693,NODE_B0CBD8F33218,victim,2,28:05:A5:32:D7:B5,-69,13,4,4,0,0
80407697,NODE_B0CBD8F33218,victim,2,28:05:A5:32:D7:B5,-70,13,4,4,0,0
80507699,NODE_B0CBD8F33218,victim,2,28:05:A5:32:D7:B5,-69,13,4,4,0,0
80617707,NODE_B0CBD8F33218,victim,2,28:05:A5:32:D7:B5,-70,13,4,4,0,0
80717701,NODE_B0CBD8F33218,victim,2,28:05:A5:32:D7:B5,-70,13,5,5,0,0
80827697,NODE_B0CBD8F33218,victim,2,28:05:A5:32:D7:B5,-70,13,5,5,0,0
80927699,NODE_B0CBD8F33218,victim,2,28:05:A5:32:D7:B5,-69,13,5,5,0,0
81038125,NODE_B0CBD8F33218,victim,2,28:05:A5:32:D7:B5,-70,13,5,5,0,0
81137693,NODE_B0CBD8F33218,victim,2,28:05:A5:32:D7:B5,-70,13,5,5,0,0
81247697,NODE_B0CBD8F33218,victim,2,28:05:A5:32:D7:B5,-70,13,5,5,0,0
81347699,NODE_B0CBD8F33218,victim,2,28:05:A5:32:D7:B5,-70,13,5,5,0,0
81457703,NODE_B0CBD8F33218,victim,2,28:05:A5:32:D7:B5,-70,13,5,5,0,0
81558013,NODE_B0CBD8F33218,victim,2,28:05:A5:32:D7:B5,-70,13,5,5,0,0
81667701,NODE_B0CBD8F33218,victim,2,28:05:A5:32:D7:B5,-69,13,6,6,0,0
81767695,NODE_B0CBD8F33218,victim,2,28:05:A5:32:D7:B5,-69,13,6,6,0,0
81877703,NODE_B0CBD8F33218,victim,2,28:05:A5:32:D7:B5,-69,13,6,6,0,0
81977697,NODE_B0CBD8F33218,victim,2,28:05:A5:32:D7:B5,-69,13,6,6,0,0
82087701,NODE_B0CBD8F33218,victim,2,28:05:A5:32:D7:B5,-68,13,6,6,0,0
82187695,NODE_B0CBD8F33218,victim,2,28:05:A5:32:D7:B5,-68,13,6,6,0,0
82297699,NODE_B0CBD8F33218,victim,2,28:05:A5:32:D7:B5,-68,13,6,6,0,0
82397693,NODE_B0CBD8F33218,victim,2,28:05:A5:32:D7:B5,-68,13,6,6,0,0
82507701,NODE_B0CBD8F33218,victim,2,28:05:A5:32:D7:B5,-68,13,6,6,0,0
82607695,NODE_B0CBD8F33218,victim,2,28:05:A5:32:D7:B5,-68,13,6,6,0,0
82717703,NODE_B0CBD8F33218,victim,2,28:05:A5:32:D7:B5,-68,13,7,7,0,0
82817697,NODE_B0CBD8F33218,victim,2,28:05:A5:32:D7:B5,-68,13,7,7,0,0
82927701,NODE_B0CBD8F33218,victim,2,28:05:A5:32:D7:B5,-68,13,7,7,0,0
83027695,NODE_B0CBD8F33218,victim,2,28:05:A5:32:D7:B5,-68,13,7,7,0,0
83137703,NODE_B0CBD8F33218,victim,2,28:05:A5:32:D7:B5,-68,13,7,7,0,0
83237693,NODE_B0CBD8F33218,victim,2,28:05:A5:32:D7:B5,-68,13,7,7,0,0
83348408,NODE_B0CBD8F33218,victim,2,28:05:A5:32:D7:B5,-68,13,7,7,0,0
83447703,NODE_B0CBD8F33218,victim,2,28:05:A5:32:D7:B5,-68,13,7,7,0,0
83557699,NODE_B0CBD8F33218,victim,2,28:05:A5:32:D7:B5,-68,13,7,7,0,0
83657697,NODE_B0CBD8F33218,victim,2,28:05:A5:32:D7:B5,-68,13,8,8,0,0
83767701,NODE_B0CBD8F33218,victim,2,28:05:A5:32:D7:B5,-68,13,8,8,0,0
83867695,NODE_B0CBD8F33218,victim,2,28:05:A5:32:D7:B5,-68,13,8,8,0,0
83977703,NODE_B0CBD8F33218,victim,2,28:05:A5:32:D7:B5,-68,13,8,8,0,0
84077697,NODE_B0CBD8F33218,victim,2,28:05:A5:32:D7:B5,-69,13,8,8,0,0
84187697,NODE_B0CBD8F33218,victim,2,28:05:A5:32:D7:B5,-69,13,8,8,0,0
84287695,NODE_B0CBD8F33218,victim,2,28:05:A5:32:D7:B5,-69,13,8,8,0,0
84397703,NODE_B0CBD8F33218,victim,2,28:05:A5:32:D7:B5,-69,13,8,8,0,0
84497693,NODE_B0CBD8F33218,victim,2,28:05:A5:32:D7:B5,-69,13,8,8,0,0
84607701,NODE_B0CBD8F33218,victim,2,28:05:A5:32:D7:B5,-69,13,8,8,0,0
84707699,NODE_B0CBD8F33218,victim,2,28:05:A5:32:D7:B5,-69,13,9,9,0,0
84817699,NODE_B0CBD8F33218,victim,2,28:05:A5:32:D7:B5,-69,13,9,9,0,0
84917697,NODE_B0CBD8F33218,victim,2,28:05:A5:32:D7:B5,-69,13,9,9,0,0
85027697,NODE_B0CBD8F33218,victim,2,28:05:A5:32:D7:B5,-69,13,9,9,0,0
85127699,NODE_B0CBD8F33218,victim,2,28:05:A5:32:D7:B5,-69,13,9,9,0,0
85237699,NODE_B0CBD8F33218,victim,2,28:05:A5:32:D7:B5,-69,13,9,9,0,0
85337693,NODE_B0CBD8F33218,victim,2,28:05:A5:32:D7:B5,-70,13,9,9,0,0
85447697,NODE_B0CBD8F33218,victim,2,28:05:A5:32:D7:B5,-70,13,9,9,0,0
85547694,NODE_B0CBD8F33218,victim,2,28:05:A5:32:D7:B5,-70,13,9,9,0,0
85657710,NODE_B0CBD8F33218,victim,2,28:05:A5:32:D7:B5,-70,13,10,10,0,0
85757693,NODE_B0CBD8F33218,victim,2,28:05:A5:32:D7:B5,-70,13,10,10,0,0
85867693,NODE_B0CBD8F33218,victim,2,28:05:A5:32:D7:B5,-70,13,10,10,0,0
85967695,NODE_B0CBD8F33218,victim,2,28:05:A5:32:D7:B5,-70,13,10,10,0,0
86077703,NODE_B0CBD8F33218,victim,2,28:05:A5:32:D7:B5,-70,13,10,10,0,0
86177693,NODE_B0CBD8F33218,victim,2,28:05:A5:32:D7:B5,-71,13,10,10,0,0
86287697,NODE_B0CBD8F33218,victim,2,28:05:A5:32:D7:B5,-69,13,10,10,0,0
86387703,NODE_B0CBD8F33218,victim,2,28:05:A5:32:D7:B5,-70,13,10,10,0,0
86497699,NODE_B0CBD8F33218,victim,2,28:05:A5:32:D7:B5,-70,13,10,10,0,0
86597693,NODE_B0CBD8F33218,victim,2,28:05:A5:32:D7:B5,-70,13,10,10,0,0
86707701,NODE_B0CBD8F33218,victim,2,28:05:A5:32:D7:B5,-69,13,11,11,0,0
86807695,NODE_B0CBD8F33218,victim,2,28:05:A5:32:D7:B5,-70,13,11,11,0,0
86917699,NODE_B0CBD8F33218,victim,2,28:05:A5:32:D7:B5,-71,13,11,11,0,0
87017697,NODE_B0CBD8F33218,victim,2,28:05:A5:32:D7:B5,-70,13,11,11,0,0
87127697,NODE_B0CBD8F33218,victim,2,28:05:A5:32:D7:B5,-70,13,11,11,0,0
87227695,NODE_B0CBD8F33218,victim,2,28:05:A5:32:D7:B5,-70,13,11,11,0,0
87337699,NODE_B0CBD8F33218,victim,2,28:05:A5:32:D7:B5,-69,13,11,11,0,0
87437701,NODE_B0CBD8F33218,victim,2,28:05:A5:32:D7:B5,-69,13,11,11,0,0
87547701,NODE_B0CBD8F33218,victim,2,28:05:A5:32:D7:B5,-69,13,11,11,0,0
87647699,NODE_B0CBD8F33218,victim,2,28:05:A5:32:D7:B5,-69,13,12,12,0,0
87758489,NODE_B0CBD8F33218,victim,2,28:05:A5:32:D7:B5,-69,13,12,12,0,0
87857701,NODE_B0CBD8F33218,victim,2,28:05:A5:32:D7:B5,-69,13,12,12,0,0
87967697,NODE_B0CBD8F33218,victim,2,28:05:A5:32:D7:B5,-70,13,12,12,0,0
88067699,NODE_B0CBD8F33218,victim,2,28:05:A5:32:D7:B5,-70,13,12,12,0,0
88177699,NODE_B0CBD8F33218,victim,2,28:05:A5:32:D7:B5,-70,13,12,12,0,0
88277693,NODE_B0CBD8F33218,victim,2,28:05:A5:32:D7:B5,-70,13,12,12,0,0
88387697,NODE_B0CBD8F33218,victim,2,28:05:A5:32:D7:B5,-69,13,12,12,0,0
88487695,NODE_B0CBD8F33218,victim,2,28:05:A5:32:D7:B5,-69,13,12,12,0,0
88597699,NODE_B0CBD8F33218,victim,2,28:05:A5:32:D7:B5,-70,13,12,12,0,0
88697697,NODE_B0CBD8F33218,victim,2,28:05:A5:32:D7:B5,-70,13,13,13,0,0
88807697,NODE_B0CBD8F33218,victim,2,28:05:A5:32:D7:B5,-70,13,13,13,0,0
88907695,NODE_B0CBD8F33218,victim,2,28:05:A5:32:D7:B5,-70,13,13,13,0,0
89017699,NODE_B0CBD8F33218,victim,2,28:05:A5:32:D7:B5,-69,13,13,13,0,0
89117697,NODE_B0CBD8F33218,victim,2,28:05:A5:32:D7:B5,-69,13,13,13,0,0
89227697,NODE_B0CBD8F33218,victim,2,28:05:A5:32:D7:B5,-70,13,13,13,0,0
89327695,NODE_B0CBD8F33218,victim,2,28:05:A5:32:D7:B5,-70,13,13,13,0,0
89437699,NODE_B0CBD8F33218,victim,2,28:05:A5:32:D7:B5,-70,13,13,13,0,0
89537693,NODE_B0CBD8F33218,victim,2,28:05:A5:32:D7:B5,-70,13,13,13,0,0
89647719,NODE_B0CBD8F33218,victim,2,28:05:A5:32:D7:B5,-69,13,14,14,0,0
89747691,NODE_B0CBD8F33218,victim,2,28:05:A5:32:D7:B5,-68,13,14,14,0,0
89857699,NODE_B0CBD8F33218,victim,2,28:05:A5:32:D7:B5,-69,13,14,14,0,0
89958321,NODE_B0CBD8F33218,victim,2,28:05:A5:32:D7:B5,-69,13,14,14,0,0
90067701,NODE_B0CBD8F33218,victim,2,28:05:A5:32:D7:B5,-69,13,14,14,0,0
90167695,NODE_B0CBD8F33218,victim,2,28:05:A5:32:D7:B5,-69,13,14,14,0,0
90277699,NODE_B0CBD8F33218,victim,2,28:05:A5:32:D7:B5,-69,13,14,14,0,0
90377693,NODE_B0CBD8F33218,victim,2,28:05:A5:32:D7:B5,-70,13,14,14,0,0
90487697,NODE_B0CBD8F33218,victim,2,28:05:A5:32:D7:B5,-69,13,14,14,0,0
90587699,NODE_B0CBD8F33218,victim,2,28:05:A5:32:D7:B5,-69,13,14,14,0,0
90697703,NODE_B0CBD8F33218,victim,2,28:05:A5:32:D7:B5,-69,13,15,15,0,0
90797697,NODE_B0CBD8F33218,victim,2,28:05:A5:32:D7:B5,-69,13,15,15,0,0
90907701,NODE_B0CBD8F33218,victim,2,28:05:A5:32:D7:B5,-69,13,15,15,0,0
91007699,NODE_B0CBD8F33218,victim,2,28:05:A5:32:D7:B5,-69,13,15,15,0,0
91117703,NODE_B0CBD8F33218,victim,2,28:05:A5:32:D7:B5,-69,13,15,15,0,0
91217693,NODE_B0CBD8F33218,victim,2,28:05:A5:32:D7:B5,-69,13,15,15,0,0
91327697,NODE_B0CBD8F33218,victim,2,28:05:A5:32:D7:B5,-69,13,15,15,0,0
91427695,NODE_B0CBD8F33218,victim,2,28:05:A5:32:D7:B5,-69,13,15,15,0,0
91537703,NODE_B0CBD8F33218,victim,2,28:05:A5:32:D7:B5,-69,13,15,15,0,0
91638486,NODE_B0CBD8F33218,victim,2,28:05:A5:32:D7:B5,-69,13,15,15,0,0
91747701,NODE_B0CBD8F33218,victim,2,28:05:A5:32:D7:B5,-69,13,16,16,0,0
91847695,NODE_B0CBD8F33218,victim,2,28:05:A5:32:D7:B5,-69,13,16,16,0,0
91957699,NODE_B0CBD8F33218,victim,2,28:05:A5:32:D7:B5,-69,13,16,16,0,0
92057693,NODE_B0CBD8F33218,victim,2,28:05:A5:32:D7:B5,-69,13,16,16,0,0
92167705,NODE_B0CBD8F33218,victim,2,28:05:A5:32:D7:B5,-69,13,16,16,0,0
92267695,NODE_B0CBD8F33218,victim,2,28:05:A5:32:D7:B5,-70,13,16,16,0,0
92377699,NODE_B0CBD8F33218,victim,2,28:05:A5:32:D7:B5,-70,13,16,16,0,0
92477693,NODE_B0CBD8F33218,victim,2,28:05:A5:32:D7:B5,-70,13,16,16,0,0
92587697,NODE_B0CBD8F33218,victim,2,28:05:A5:32:D7:B5,-70,13,16,16,0,0
92687703,NODE_B0CBD8F33218,victim,2,28:05:A5:32:D7:B5,-70,13,17,17,0,0
92797699,NODE_B0CBD8F33218,victim,2,28:05:A5:32:D7:B5,-70,13,17,17,0,0
92897697,NODE_B0CBD8F33218,victim,2,28:05:A5:32:D7:B5,-70,13,17,17,0,0
93007697,NODE_B0CBD8F33218,victim,2,28:05:A5:32:D7:B5,-70,13,17,17,0,0
93107699,NODE_B0CBD8F33218,victim,2,28:05:A5:32:D7:B5,-69,13,17,17,0,0
93217699,NODE_B0CBD8F33218,victim,2,28:05:A5:32:D7:B5,-70,13,17,17,0,0
93317693,NODE_B0CBD8F33218,victim,2,28:05:A5:32:D7:B5,-70,13,17,17,0,0
93427697,NODE_B0CBD8F33218,victim,2,28:05:A5:32:D7:B5,-69,13,17,17,0,0
93527699,NODE_B0CBD8F33218,victim,2,28:05:A5:32:D7:B5,-69,13,17,17,0,0
93638475,NODE_B0CBD8F33218,victim,2,28:05:A5:32:D7:B5,-69,13,17,17,0,0
93737705,NODE_B0CBD8F33218,victim,2,28:05:A5:32:D7:B5,-69,13,18,18,0,0
93848480,NODE_B0CBD8F33218,victim,2,28:05:A5:32:D7:B5,-68,13,18,18,0,0
93947702,NODE_B0CBD8F33218,victim,2,28:05:A5:32:D7:B5,-68,13,18,18,0,0
94057703,NODE_B0CBD8F33218,victim,2,28:05:A5:32:D7:B5,-68,13,18,18,0,0
94157697,NODE_B0CBD8F33218,victim,2,28:05:A5:32:D7:B5,-68,13,18,18,0,0
94267697,NODE_B0CBD8F33218,victim,2,28:05:A5:32:D7:B5,-68,13,18,18,0,0
94367695,NODE_B0CBD8F33218,victim,2,28:05:A5:32:D7:B5,-69,13,18,18,0,0
94478147,NODE_B0CBD8F33218,victim,2,28:05:A5:32:D7:B5,-68,13,18,18,0,0
94577693,NODE_B0CBD8F33218,victim,2,28:05:A5:32:D7:B5,-68,13,18,18,0,0
94687705,NODE_B0CBD8F33218,victim,2,28:05:A5:32:D7:B5,-68,13,19,19,0,0
94787695,NODE_B0CBD8F33218,victim,2,28:05:A5:32:D7:B5,-68,13,19,19,0,0
94897699,NODE_B0CBD8F33218,victim,2,28:05:A5:32:D7:B5,-68,13,19,19,0,0
94997693,NODE_B0CBD8F33218,victim,2,28:05:A5:32:D7:B5,-68,13,19,19,0,0
95107705,NODE_B0CBD8F33218,victim,2,28:05:A5:32:D7:B5,-68,13,19,19,0,0
95207695,NODE_B0CBD8F33218,victim,2,28:05:A5:32:D7:B5,-68,13,19,19,0,0
95317699,NODE_B0CBD8F33218,victim,2,28:05:A5:32:D7:B5,-68,13,19,19,0,0
95417693,NODE_B0CBD8F33218,victim,2,28:05:A5:32:D7:B5,-68,13,19,19,0,0
95527697,NODE_B0CBD8F33218,victim,2,28:05:A5:32:D7:B5,-68,13,19,19,0,0
95627695,NODE_B0CBD8F33218,victim,2,28:05:A5:32:D7:B5,-68,13,19,19,0,0
95737703,NODE_B0CBD8F33218,victim,2,28:05:A5:32:D7:B5,-68,13,20,20,0,0
95837693,NODE_B0CBD8F33218,victim,2,28:05:A5:32:D7:B5,-68,13,20,20,0,0
95947697,NODE_B0CBD8F33218,victim,2,28:05:A5:32:D7:B5,-68,13,20,20,0,0
96047699,NODE_B0CBD8F33218,victim,2,28:05:A5:32:D7:B5,-68,13,20,20,0,0
96157699,NODE_B0CBD8F33218,victim,2,28:05:A5:32:D7:B5,-68,13,20,20,0,0
96257693,NODE_B0CBD8F33218,victim,2,28:05:A5:32:D7:B5,-68,13,20,20,0,0
96367718,NODE_B0CBD8F33218,victim,2,28:05:A5:32:D7:B5,-68,13,20,20,0,0
96467699,NODE_B0CBD8F33218,victim,2,28:05:A5:32:D7:B5,-68,13,20,20,0,0
96577699,NODE_B0CBD8F33218,victim,2,28:05:A5:32:D7:B5,-69,13,20,20,0,0
96677697,NODE_B0CBD8F33218,victim,2,28:05:A5:32:D7:B5,-69,13,21,21,0,0
96787919,NODE_B0CBD8F33218,victim,2,28:05:A5:32:D7:B5,-69,13,21,21,0,0
96887698,NODE_B0CBD8F33218,victim,2,28:05:A5:32:D7:B5,-69,13,21,21,0,0
96997703,NODE_B0CBD8F33218,victim,2,28:05:A5:32:D7:B5,-69,13,21,21,0,0
97097697,NODE_B0CBD8F33218,victim,2,28:05:A5:32:D7:B5,-69,13,21,21,0,0
97207871,NODE_B0CBD8F33218,victim,2,28:05:A5:32:D7:B5,-70,13,21,21,0,0
97307695,NODE_B0CBD8F33218,victim,2,28:05:A5:32:D7:B5,-70,13,21,21,0,0
97417699,NODE_B0CBD8F33218,victim,2,28:05:A5:32:D7:B5,-71,13,21,21,0,0
97517693,NODE_B0CBD8F33218,victim,2,28:05:A5:32:D7:B5,-71,13,21,21,0,0
97627697,NODE_B0CBD8F33218,victim,2,28:05:A5:32:D7:B5,-71,13,21,21,0,0
97727699,NODE_B0CBD8F33218,victim,2,28:05:A5:32:D7:B5,-71,13,22,22,0,0
97837699,NODE_B0CBD8F33218,victim,2,28:05:A5:32:D7:B5,-71,13,22,22,0,0
97937693,NODE_B0CBD8F33218,victim,2,28:05:A5:32:D7:B5,-71,13,22,22,0,0
98047701,NODE_B0CBD8F33218,victim,2,28:05:A5:32:D7:B5,-71,13,22,22,0,0
98147699,NODE_B0CBD8F33218,victim,2,28:05:A5:32:D7:B5,-71,13,22,22,0,0
98257703,NODE_B0CBD8F33218,victim,2,28:05:A5:32:D7:B5,-71,13,22,22,0,0
98357693,NODE_B0CBD8F33218,victim,2,28:05:A5:32:D7:B5,-71,13,22,22,0,0
98467697,NODE_B0CBD8F33218,victim,2,28:05:A5:32:D7:B5,-71,13,22,22,0,0
98567695,NODE_B0CBD8F33218,victim,2,28:05:A5:32:D7:B5,-72,13,22,22,0,0
98677707,NODE_B0CBD8F33218,victim,2,28:05:A5:32:D7:B5,-71,13,23,23,0,0
98777693,NODE_B0CBD8F33218,victim,2,28:05:A5:32:D7:B5,-71,13,23,23,0,0
98887697,NODE_B0CBD8F33218,victim,2,28:05:A5:32:D7:B5,-71,13,23,23,0,0
98987695,NODE_B0CBD8F33218,victim,2,28:05:A5:32:D7:B5,-71,13,23,23,0,0
99097703,NODE_B0CBD8F33218,victim,2,28:05:A5:32:D7:B5,-71,13,23,23,0,0
99197697,NODE_B0CBD8F33218,victim,2,28:05:A5:32:D7:B5,-71,13,23,23,0,0
99307697,NODE_B0CBD8F33218,victim,2,28:05:A5:32:D7:B5,-71,13,23,23,0,0
99407699,NODE_B0CBD8F33218,victim,2,28:05:A5:32:D7:B5,-71,13,23,23,0,0
99517703,NODE_B0CBD8F33218,victim,2,28:05:A5:32:D7:B5,-71,13,23,23,0,0
99617697,NODE_B0CBD8F33218,victim,2,28:05:A5:32:D7:B5,-71,13,23,23,0,0
99727701,NODE_B0CBD8F33218,victim,2,28:05:A5:32:D7:B5,-71,13,24,24,0,0
99827699,NODE_B0CBD8F33218,victim,2,28:05:A5:32:D7:B5,-71,13,24,24,0,0
99937699,NODE_B0CBD8F33218,victim,2,28:05:A5:32:D7:B5,-71,13,24,24,0,0
100038120,NODE_B0CBD8F33218,victim,2,28:05:A5:32:D7:B5,-71,13,24,24,0,0
100147697,NODE_B0CBD8F33218,victim,2,28:05:A5:32:D7:B5,-71,13,24,24,0,0
100257697,NODE_B0CBD8F33218,victim,2,28:05:A5:32:D7:B5,-71,13,24,24,0,0
100367699,NODE_B0CBD8F33218,victim,2,28:05:A5:32:D7:B5,-70,13,24,24,0,0
100467693,NODE_B0CBD8F33218,victim,2,28:05:A5:32:D7:B5,-70,13,24,24,0,0
100577697,NODE_B0CBD8F33218,victim,2,28:05:A5:32:D7:B5,-71,13,24,24,0,0
100677701,NODE_B0CBD8F33218,victim,2,28:05:A5:32:D7:B5,-71,13,25,25,0,0
100787698,NODE_B0CBD8F33218,victim,2,28:05:A5:32:D7:B5,-71,13,25,25,0,0
100887693,NODE_B0CBD8F33218,victim,2,28:05:A5:32:D7:B5,-71,13,25,25,0,0
100997697,NODE_B0CBD8F33218,victim,2,28:05:A5:32:D7:B5,-71,13,25,25,0,0
101097697,NODE_B0CBD8F33218,victim,2,28:05:A5:32:D7:B5,-71,13,25,25,0,0
101207703,NODE_B0CBD8F33218,victim,2,28:05:A5:32:D7:B5,-71,13,25,25,0,0
101317699,NODE_B0CBD8F33218,victim,2,28:05:A5:32:D7:B5,-70,13,25,25,0,0
101427697,NODE_B0CBD8F33218,victim,2,28:05:A5:32:D7:B5,-70,13,25,25,0,0
101528488,NODE_B0CBD8F33218,victim,2,28:05:A5:32:D7:B5,-70,13,25,25,0,0
101637697,NODE_B0CBD8F33218,victim,2,28:05:A5:32:D7:B5,-71,13,25,25,0,0
101737703,NODE_B0CBD8F33218,victim,2,28:05:A5:32:D7:B5,-71,13,26,26,0,0
101847697,NODE_B0CBD8F33218,victim,2,28:05:A5:32:D7:B5,-71,13,26,26,0,0
101947693,NODE_B0CBD8F33218,victim,2,28:05:A5:32:D7:B5,-68,13,26,26,0,0
102057701,NODE_B0CBD8F33218,victim,2,28:05:A5:32:D7:B5,-68,13,26,26,0,0
102157699,NODE_B0CBD8F33218,victim,2,28:05:A5:32:D7:B5,-68,13,26,26,0,0
102267701,NODE_B0CBD8F33218,victim,2,28:05:A5:32:D7:B5,-66,13,26,26,0,0
102377697,NODE_B0CBD8F33218,victim,2,28:05:A5:32:D7:B5,-68,13,26,26,0,0
102487697,NODE_B0CBD8F33218,victim,2,28:05:A5:32:D7:B5,-68,13,26,26,0,0
102587731,NODE_B0CBD8F33218,victim,2,28:05:A5:32:D7:B5,-68,13,26,26,0,0
102697699,NODE_B0CBD8F33218,victim,2,28:05:A5:32:D7:B5,-68,13,27,27,0,0
102797768,NODE_B0CBD8F33218,victim,2,28:05:A5:32:D7:B5,-67,13,27,27,0,0
102907701,NODE_B0CBD8F33218,victim,2,28:05:A5:32:D7:B5,-67,13,27,27,0,0
103007695,NODE_B0CBD8F33218,victim,2,28:05:A5:32:D7:B5,-67,13,27,27,0,0
103117703,NODE_B0CBD8F33218,victim,2,28:05:A5:32:D7:B5,-67,13,27,27,0,0
103217693,NODE_B0CBD8F33218,victim,2,28:05:A5:32:D7:B5,-67,13,27,27,0,0
103317697,NODE_B0CBD8F33218,victim,2,28:05:A5:32:D7:B5,-68,13,27,27,0,0
103427695,NODE_B0CBD8F33218,victim,2,28:05:A5:32:D7:B5,-69,13,27,27,0,0
103527697,NODE_B0CBD8F33218,victim,2,28:05:A5:32:D7:B5,-71,13,27,27,0,0
103627693,NODE_B0CBD8F33218,victim,2,28:05:A5:32:D7:B5,-69,13,27,27,0,0
103737701,NODE_B0CBD8F33218,victim,2,28:05:A5:32:D7:B5,-69,13,28,28,0,0
103837695,NODE_B0CBD8F33218,victim,2,28:05:A5:32:D7:B5,-69,13,28,28,0,0
103937697,NODE_B0CBD8F33218,victim,2,28:05:A5:32:D7:B5,-71,13,28,28,0,0
104038100,NODE_B0CBD8F33218,victim,2,28:05:A5:32:D7:B5,-71,13,28,28,0,0
104147703,NODE_B0CBD8F33218,victim,2,28:05:A5:32:D7:B5,-69,13,28,28,0,0
104247693,NODE_B0CBD8F33218,victim,2,28:05:A5:32:D7:B5,-71,13,28,28,0,0
104347697,NODE_B0CBD8F33218,victim,2,28:05:A5:32:D7:B5,-71,13,28,28,0,0
104457701,NODE_B0CBD8F33218,victim,2,28:05:A5:32:D7:B5,-70,13,28,28,0,0
104557699,NODE_B0CBD8F33218,victim,2,28:05:A5:32:D7:B5,-69,13,28,28,0,0
104657697,NODE_B0CBD8F33218,victim,2,28:05:A5:32:D7:B5,-69,13,28,28,0,0
104767701,NODE_B0CBD8F33218,victim,2,28:05:A5:32:D7:B5,-68,13,29,29,0,0
104867695,NODE_B0CBD8F33218,victim,2,28:05:A5:32:D7:B5,-69,13,29,29,0,0
104967697,NODE_B0CBD8F33218,victim,2,28:05:A5:32:D7:B5,-68,13,29,29,0,0
105067697,NODE_B0CBD8F33218,victim,2,28:05:A5:32:D7:B5,-67,13,29,29,0,0
105167703,NODE_B0CBD8F33218,victim,2,28:05:A5:32:D7:B5,-67,13,29,29,0,0
105267693,NODE_B0CBD8F33218,victim,2,28:05:A5:32:D7:B5,-66,13,29,29,0,0
105377697,NODE_B0CBD8F33218,victim,2,28:05:A5:32:D7:B5,-68,13,29,29,0,0
105477974,NODE_B0CBD8F33218,victim,2,28:05:A5:32:D7:B5,-70,13,29,29,0,0
105587699,NODE_B0CBD8F33218,victim,2,28:05:A5:32:D7:B5,-68,13,29,29,0,0
105687697,NODE_B0CBD8F33218,victim,2,28:05:A5:32:D7:B5,-68,13,30,30,0,0
105787697,NODE_B0CBD8F33218,victim,2,28:05:A5:32:D7:B5,-68,13,30,30,0,0
105887699,NODE_B0CBD8F33218,victim,2,28:05:A5:32:D7:B5,-68,13,30,30,0,0
105997699,NODE_B0CBD8F33218,victim,2,28:05:A5:32:D7:B5,-68,13,30,30,0,0
106097697,NODE_B0CBD8F33218,victim,2,28:05:A5:32:D7:B5,-68,13,30,30,0,0
106197697,NODE_B0CBD8F33218,victim,2,28:05:A5:32:D7:B5,-68,13,30,30,0,0
106297695,NODE_B0CBD8F33218,victim,2,28:05:A5:32:D7:B5,-68,13,30,30,0,0
106407697,NODE_B0CBD8F33218,victim,2,28:05:A5:32:D7:B5,-68,13,30,30,0,0
106507697,NODE_B0CBD8F33218,victim,2,28:05:A5:32:D7:B5,-68,13,30,30,0,0
106617697,NODE_B0CBD8F33218,victim,2,28:05:A5:32:D7:B5,-68,13,30,30,0,0
106717703,NODE_B0CBD8F33218,victim,2,28:05:A5:32:D7:B5,-68,13,31,31,0,0
106817697,NODE_B0CBD8F33218,victim,2,28:05:A5:32:D7:B5,-68,13,31,31,0,0
106917693,NODE_B0CBD8F33218,victim,2,28:05:A5:32:D7:B5,-68,13,31,31,0,0
107027699,NODE_B0CBD8F33218,victim,2,28:05:A5:32:D7:B5,-68,13,31,31,0,0
107127704,NODE_B0CBD8F33218,victim,2,28:05:A5:32:D7:B5,-68,13,31,31,0,0
107227697,NODE_B0CBD8F33218,victim,2,28:05:A5:32:D7:B5,-69,13,31,31,0,0
107327695,NODE_B0CBD8F33218,victim,2,28:05:A5:32:D7:B5,-68,13,31,31,0,0
107437699,NODE_B0CBD8F33218,victim,2,28:05:A5:32:D7:B5,-68,13,31,31,0,0
107537697,NODE_B0CBD8F33218,victim,2,28:05:A5:32:D7:B5,-68,13,31,31,0,0
107647697,NODE_B0CBD8F33218,victim,2,28:05:A5:32:D7:B5,-68,13,31,31,0,0
107747699,NODE_B0CBD8F33218,victim,2,28:05:A5:32:D7:B5,-68,13,32,32,0,0
107847697,NODE_B0CBD8F33218,victim,2,28:05:A5:32:D7:B5,-68,13,32,32,0,0
107947693,NODE_B0CBD8F33218,victim,2,28:05:A5:32:D7:B5,-68,13,32,32,0,0
108057701,NODE_B0CBD8F33218,victim,2,28:05:A5:32:D7:B5,-68,13,32,32,0,0
108157695,NODE_B0CBD8F33218,victim,2,28:05:A5:32:D7:B5,-69,13,32,32,0,0
108257697,NODE_B0CBD8F33218,victim,2,28:05:A5:32:D7:B5,-68,13,32,32,0,0
108357693,NODE_B0CBD8F33218,victim,2,28:05:A5:32:D7:B5,-68,13,32,32,0,0
108467698,NODE_B0CBD8F33218,victim,2,28:05:A5:32:D7:B5,-69,13,32,32,0,0
108567701,NODE_B0CBD8F33218,victim,2,28:05:A5:32:D7:B5,-71,13,32,32,0,0
108678490,NODE_B0CBD8F33218,victim,2,28:05:A5:32:D7:B5,-73,13,32,32,0,0
108777701,NODE_B0CBD8F33218,victim,2,28:05:A5:32:D7:B5,-73,13,33,33,0,0
108877703,NODE_B0CBD8F33218,victim,2,28:05:A5:32:D7:B5,-70,13,33,33,0,0
108977693,NODE_B0CBD8F33218,victim,2,28:05:A5:32:D7:B5,-67,13,33,33,0,0
109077701,NODE_B0CBD8F33218,victim,2,28:05:A5:32:D7:B5,-71,13,33,33,0,0
109177695,NODE_B0CBD8F33218,victim,2,28:05:A5:32:D7:B5,-73,13,33,33,0,0
109287697,NODE_B0CBD8F33218,victim,2,28:05:A5:32:D7:B5,-70,13,33,33,0,0
109387697,NODE_B0CBD8F33218,victim,2,28:05:A5:32:D7:B5,-68,13,33,33,0,0
109487699,NODE_B0CBD8F33218,victim,2,28:05:A5:32:D7:B5,-67,13,33,33,0,0
109597699,NODE_B0CBD8F33218,victim,2,28:05:A5:32:D7:B5,-67,13,33,33,0,0
109697697,NODE_B0CBD8F33218,victim,2,28:05:A5:32:D7:B5,-68,13,34,34,0,0
109797693,NODE_B0CBD8F33218,victim,2,28:05:A5:32:D7:B5,-68,13,34,34,0,0
109907698,NODE_B0CBD8F33218,victim,2,28:05:A5:32:D7:B5,-69,13,34,34,0,0
110007693,NODE_B0CBD8F33218,victim,2,28:05:A5:32:D7:B5,-70,13,34,34,0,0
110107701,NODE_B0CBD8F33218,victim,2,28:05:A5:32:D7:B5,-70,13,34,34,0,0
110207699,NODE_B0CBD8F33218,victim,2,28:05:A5:32:D7:B5,-70,13,34,34,0,0
110317699,NODE_B0CBD8F33218,victim,2,28:05:A5:32:D7:B5,-70,13,34,34,0,0
110417693,NODE_B0CBD8F33218,victim,2,28:05:A5:32:D7:B5,-70,13,34,34,0,0
110517697,NODE_B0CBD8F33218,victim,2,28:05:A5:32:D7:B5,-69,13,34,34,0,0
110627695,NODE_B0CBD8F33218,victim,2,28:05:A5:32:D7:B5,-70,13,34,34,0,0
110727697,NODE_B0CBD8F33218,victim,2,28:05:A5:32:D7:B5,-69,13,35,35,0,0
110827693,NODE_B0CBD8F33218,victim,2,28:05:A5:32:D7:B5,-70,13,35,35,0,0
110937697,NODE_B0CBD8F33218,victim,2,28:05:A5:32:D7:B5,-71,13,35,35,0,0
111038105,NODE_B0CBD8F33218,victim,2,28:05:A5:32:D7:B5,-70,13,35,35,0,0
111137701,NODE_B0CBD8F33218,victim,2,28:05:A5:32:D7:B5,-70,13,35,35,0,0
111237693,NODE_B0CBD8F33218,victim,2,28:05:A5:32:D7:B5,-73,13,35,35,0,0
111347699,NODE_B0CBD8F33218,victim,2,28:05:A5:32:D7:B5,-71,13,35,35,0,0
111447693,NODE_B0CBD8F33218,victim,2,28:05:A5:32:D7:B5,-69,13,35,35,0,0
111547782,NODE_B0CBD8F33218,victim,2,28:05:A5:32:D7:B5,-68,13,35,35,0,0
111657697,NODE_B0CBD8F33218,victim,2,28:05:A5:32:D7:B5,-68,13,35,35,0,0
111757699,NODE_B0CBD8F33218,victim,2,28:05:A5:32:D7:B5,-70,13,36,36,0,0
111857697,NODE_B0CBD8F33218,victim,2,28:05:A5:32:D7:B5,-73,13,36,36,0,0
111967693,NODE_B0CBD8F33218,victim,2,28:05:A5:32:D7:B5,-74,13,36,36,0,0
112067695,NODE_B0CBD8F33218,victim,2,28:05:A5:32:D7:B5,-72,13,36,36,0,0
112167701,NODE_B0CBD8F33218,victim,2,28:05:A5:32:D7:B5,-71,13,36,36,0,0
112267693,NODE_B0CBD8F33218,victim,2,28:05:A5:32:D7:B5,-70,13,36,36,0,0
112377697,NODE_B0CBD8F33218,victim,2,28:05:A5:32:D7:B5,-72,13,36,36,0,0
112477695,NODE_B0CBD8F33218,victim,2,28:05:A5:32:D7:B5,-70,13,36,36,0,0
112577697,NODE_B0CBD8F33218,victim,2,28:05:A5:32:D7:B5,-72,13,36,36,0,0
112687697,NODE_B0CBD8F33218,victim,2,28:05:A5:32:D7:B5,-72,13,37,37,0,0
112787691,NODE_B0CBD8F33218,victim,2,28:05:A5:32:D7:B5,-71,13,37,37,0,0
112887697,NODE_B0CBD8F33218,victim,2,28:05:A5:32:D7:B5,-70,13,37,37,0,0
112997807,NODE_B0CBD8F33218,victim,2,28:05:A5:32:D7:B5,-71,13,37,37,0,0
113097697,NODE_B0CBD8F33218,victim,2,28:05:A5:32:D7:B5,-71,13,37,37,0,0
113197695,NODE_B0CBD8F33218,victim,2,28:05:A5:32:D7:B5,-69,13,37,37,0,0
113297697,NODE_B0CBD8F33218,victim,2,28:05:A5:32:D7:B5,-69,13,37,37,0,0
113397697,NODE_B0CBD8F33218,victim,2,28:05:A5:32:D7:B5,-70,13,37,37,0,0
113497695,NODE_B0CBD8F33218,victim,2,28:05:A5:32:D7:B5,-71,13,37,37,0,0
113607693,NODE_B0CBD8F33218,victim,2,28:05:A5:32:D7:B5,-73,13,37,37,0,0
113707697,NODE_B0CBD8F33218,victim,2,28:05:A5:32:D7:B5,-71,13,38,38,0,0
113817697,NODE_B0CBD8F33218,victim,2,28:05:A5:32:D7:B5,-72,13,38,38,0,0
113918483,NODE_B0CBD8F33218,victim,2,28:05:A5:32:D7:B5,-71,13,38,38,0,0
114017693,NODE_B0CBD8F33218,victim,2,28:05:A5:32:D7:B5,-71,13,38,38,0,0
114117697,NODE_B0CBD8F33218,victim,2,28:05:A5:32:D7:B5,-70,13,38,38,0,0
114227703,NODE_B0CBD8F33218,victim,2,28:05:A5:32:D7:B5,-71,13,38,38,0,0
114327693,NODE_B0CBD8F33218,victim,2,28:05:A5:32:D7:B5,-71,13,38,38,0,0
114427693,NODE_B0CBD8F33218,victim,2,28:05:A5:32:D7:B5,-70,13,38,38,0,0
114527703,NODE_B0CBD8F33218,victim,2,28:05:A5:32:D7:B5,-69,13,38,38,0,0
114637699,NODE_B0CBD8F33218,victim,2,28:05:A5:32:D7:B5,-70,13,38,38,0,0
114738487,NODE_B0CBD8F33218,victim,2,28:05:A5:32:D7:B5,-70,13,39,39,0,0
114847705,NODE_B0CBD8F33218,victim,2,28:05:A5:32:D7:B5,-71,13,39,39,0,0
114947695,NODE_B0CBD8F33218,victim,2,28:05:A5:32:D7:B5,-70,13,39,39,0,0
115047701,NODE_B0CBD8F33218,victim,2,28:05:A5:32:D7:B5,-71,13,39,39,0,0
115148159,NODE_B0CBD8F33218,victim,2,28:05:A5:32:D7:B5,-71,13,39,39,0,0
115257697,NODE_B0CBD8F33218,victim,2,28:05:A5:32:D7:B5,-70,13,39,39,0,0
115357695,NODE_B0CBD8F33218,victim,2,28:05:A5:32:D7:B5,-73,13,39,39,0,0
115457697,NODE_B0CBD8F33218,victim,2,28:05:A5:32:D7:B5,-71,13,39,39,0,0
115558028,NODE_B0CBD8F33218,victim,2,28:05:A5:32:D7:B5,-70,13,39,39,0,0
115667699,NODE_B0CBD8F33218,victim,2,28:05:A5:32:D7:B5,-71,13,39,39,0,0
115767701,NODE_B0CBD8F33218,victim,2,28:05:A5:32:D7:B5,-71,13,40,40,0,0
115877693,NODE_B0CBD8F33218,victim,2,28:05:A5:32:D7:B5,-71,13,40,40,0,0
115977693,NODE_B0CBD8F33218,victim,2,28:05:A5:32:D7:B5,-71,13,40,40,0,0
116077703,NODE_B0CBD8F33218,victim,2,28:05:A5:32:D7:B5,-71,13,40,40,0,0
116177697,NODE_B0CBD8F33218,victim,2,28:05:A5:32:D7:B5,-71,13,40,40,0,0
116277697,NODE_B0CBD8F33218,victim,2,28:05:A5:32:D7:B5,-69,13,40,40,0,0
116377695,NODE_B0CBD8F33218,victim,2,28:05:A5:32:D7:B5,-69,13,40,40,0,0
116487697,NODE_B0CBD8F33218,victim,2,28:05:A5:32:D7:B5,-68,13,40,40,0,0
116587693,NODE_B0CBD8F33218,victim,2,28:05:A5:32:D7:B5,-69,13,40,40,0,0
116687707,NODE_B0CBD8F33218,victim,2,28:05:A5:32:D7:B5,-70,13,41,41,0,0
116797699,NODE_B0CBD8F33218,victim,2,28:05:A5:32:D7:B5,-70,13,41,41,0,0
116907697,NODE_B0CBD8F33218,victim,2,28:05:A5:32:D7:B5,-70,13,41,41,0,0
117007693,NODE_B0CBD8F33218,victim,2,28:05:A5:32:D7:B5,-70,13,41,41,0,0
117108082,NODE_B0CBD8F33218,victim,2,28:05:A5:32:D7:B5,-70,13,41,41,0,0
117207697,NODE_B0CBD8F33218,victim,2,28:05:A5:32:D7:B5,-69,13,41,41,0,0
117307697,NODE_B0CBD8F33218,victim,2,28:05:A5:32:D7:B5,-70,13,41,41,0,0
117407695,NODE_B0CBD8F33218,victim,2,28:05:A5:32:D7:B5,-70,13,41,41,0,0
117517703,NODE_B0CBD8F33218,victim,2,28:05:A5:32:D7:B5,-71,13,41,41,0,0
117617697,NODE_B0CBD8F33218,victim,2,28:05:A5:32:D7:B5,-71,13,41,41,0,0
117717701,NODE_B0CBD8F33218,victim,2,28:05:A5:32:D7:B5,-72,13,42,42,0,0
117827703,NODE_B0CBD8F33218,victim,2,28:05:A5:32:D7:B5,-72,13,42,42,0,0
117927697,NODE_B0CBD8F33218,victim,2,28:05:A5:32:D7:B5,-71,13,42,42,0,0
118027697,NODE_B0CBD8F33218,victim,2,28:05:A5:32:D7:B5,-69,13,42,42,0,0
118137701,NODE_B0CBD8F33218,victim,2,28:05:A5:32:D7:B5,-70,13,42,42,0,0
118237695,NODE_B0CBD8F33218,victim,2,28:05:A5:32:D7:B5,-71,13,42,42,0,0
118337697,NODE_B0CBD8F33218,victim,2,28:05:A5:32:D7:B5,-70,13,42,42,0,0
118437693,NODE_B0CBD8F33218,victim,2,28:05:A5:32:D7:B5,-68,13,42,42,0,0
118547699,NODE_B0CBD8F33218,victim,2,28:05:A5:32:D7:B5,-70,13,42,42,0,0
118647693,NODE_B0CBD8F33218,victim,2,28:05:A5:32:D7:B5,-69,13,42,42,0,0
118747701,NODE_B0CBD8F33218,victim,2,28:05:A5:32:D7:B5,-68,13,43,43,0,0
118857697,NODE_B0CBD8F33218,victim,2,28:05:A5:32:D7:B5,-68,13,43,43,0,0
118957699,NODE_B0CBD8F33218,victim,2,28:05:A5:32:D7:B5,-70,13,43,43,0,0
119057693,NODE_B0CBD8F33218,victim,2,28:05:A5:32:D7:B5,-71,13,43,43,0,0
119167701,NODE_B0CBD8F33218,victim,2,28:05:A5:32:D7:B5,-71,13,43,43,0,0
119267800,NODE_B0CBD8F33218,victim,2,28:05:A5:32:D7:B5,-72,13,43,43,0,0
119367697,NODE_B0CBD8F33218,victim,2,28:05:A5:32:D7:B5,-71,13,43,43,0,0
119467697,NODE_B0CBD8F33218,victim,2,28:05:A5:32:D7:B5,-71,13,43,43,0,0
119577701,NODE_B0CBD8F33218,victim,2,28:05:A5:32:D7:B5,-71,13,43,43,0,0
119677695,NODE_B0CBD8F33218,victim,2,28:05:A5:32:D7:B5,-70,13,43,43,0,0
119777701,NODE_B0CBD8F33218,victim,2,28:05:A5:32:D7:B5,-70,13,44,44,0,0
119887697,NODE_B0CBD8F33218,victim,2,28:05:A5:32:D7:B5,-71,13,44,44,0,0
119987699,NODE_B0CBD8F33218,victim,2,28:05:A5:32:D7:B5,-70,13,44,44,0,0
120087697,NODE_B0CBD8F33218,victim,2,28:05:A5:32:D7:B5,-71,13,44,44,0,0
120197701,NODE_B0CBD8F33218,victim,2,28:05:A5:32:D7:B5,-70,13,44,44,0,0
120297693,NODE_B0CBD8F33218,victim,2,28:05:A5:32:D7:B5,-70,13,44,44,0,0
120397699,NODE_B0CBD8F33218,victim,2,28:05:A5:32:D7:B5,-70,13,44,44,0,0
120497693,NODE_B0CBD8F33218,victim,2,28:05:A5:32:D7:B5,-70,13,44,44,0,0
120597701,NODE_B0CBD8F33218,victim,2,28:05:A5:32:D7:B5,-70,13,44,44,0,0
120698483,NODE_B0CBD8F33218,victim,2,28:05:A5:32:D7:B5,-71,13,44,44,0,0
120807705,NODE_B0CBD8F33218,victim,2,28:05:A5:32:D7:B5,-71,13,45,45,0,0
120907701,NODE_B0CBD8F33218,victim,2,28:05:A5:32:D7:B5,-70,13,45,45,0,0
121017697,NODE_B0CBD8F33218,victim,2,28:05:A5:32:D7:B5,-70,13,45,45,0,0
121117699,NODE_B0CBD8F33218,victim,2,28:05:A5:32:D7:B5,-70,13,45,45,0,0
121217697,NODE_B0CBD8F33218,victim,2,28:05:A5:32:D7:B5,-70,13,45,45,0,0
121317693,NODE_B0CBD8F33218,victim,2,28:05:A5:32:D7:B5,-70,13,45,45,0,0
121427699,NODE_B0CBD8F33218,victim,2,28:05:A5:32:D7:B5,-70,13,45,45,0,0
121527693,NODE_B0CBD8F33218,victim,2,28:05:A5:32:D7:B5,-70,13,45,45,0,0
121627693,NODE_B0CBD8F33218,victim,2,28:05:A5:32:D7:B5,-70,13,45,45,0,0
121727707,NODE_B0CBD8F33218,victim,2,28:05:A5:32:D7:B5,-70,13,46,46,0,0
121837699,NODE_B0CBD8F33218,victim,2,28:05:A5:32:D7:B5,-70,13,46,46,0,0
121937697,NODE_B0CBD8F33218,victim,2,28:05:A5:32:D7:B5,-71,13,46,46,0,0
122047701,NODE_B0CBD8F33218,victim,2,28:05:A5:32:D7:B5,-72,13,46,46,0,0
122147699,NODE_B0CBD8F33218,victim,2,28:05:A5:32:D7:B5,-72,13,46,46,0,0
122247697,NODE_B0CBD8F33218,victim,2,28:05:A5:32:D7:B5,-73,13,46,46,0,0
122347693,NODE_B0CBD8F33218,victim,2,28:05:A5:32:D7:B5,-71,13,46,46,0,0
122457697,NODE_B0CBD8F33218,victim,2,28:05:A5:32:D7:B5,-71,13,46,46,0,0
122557695,NODE_B0CBD8F33218,victim,2,28:05:A5:32:D7:B5,-71,13,46,46,0,0
122657697,NODE_B0CBD8F33218,victim,2,28:05:A5:32:D7:B5,-69,13,46,46,0,0
122757701,NODE_B0CBD8F33218,victim,2,28:05:A5:32:D7:B5,-69,13,47,47,0,0
122867699,NODE_B0CBD8F33218,victim,2,28:05:A5:32:D7:B5,-72,13,47,47,0,0
122967697,NODE_B0CBD8F33218,victim,2,28:05:A5:32:D7:B5,-72,13,47,47,0,0
123077701,NODE_B0CBD8F33218,victim,2,28:05:A5:32:D7:B5,-72,13,47,47,0,0
123177693,NODE_B0CBD8F33218,victim,2,28:05:A5:32:D7:B5,-73,13,47,47,0,0
123277699,NODE_B0CBD8F33218,victim,2,28:05:A5:32:D7:B5,-73,13,47,47,0,0
123377693,NODE_B0CBD8F33218,victim,2,28:05:A5:32:D7:B5,-73,13,47,47,0,0
123487697,NODE_B0CBD8F33218,victim,2,28:05:A5:32:D7:B5,-74,13,47,47,0,0
123587699,NODE_B0CBD8F33218,victim,2,28:05:A5:32:D7:B5,-71,13,47,47,0,0
123687697,NODE_B0CBD8F33218,victim,2,28:05:A5:32:D7:B5,-73,13,47,47,0,0
123787701,NODE_B0CBD8F33218,victim,2,28:05:A5:32:D7:B5,-74,13,48,48,0,0
123897701,NODE_B0CBD8F33218,victim,2,28:05:A5:32:D7:B5,-72,13,48,48,0,0
123997699,NODE_B0CBD8F33218,victim,2,28:05:A5:32:D7:B5,-70,13,48,48,0,0
124107701,NODE_B0CBD8F33218,victim,2,28:05:A5:32:D7:B5,-71,13,48,48,0,0
124207693,NODE_B0CBD8F33218,victim,2,28:05:A5:32:D7:B5,-73,13,48,48,0,0
124307699,NODE_B0CBD8F33218,victim,2,28:05:A5:32:D7:B5,-73,13,48,48,0,0
124407693,NODE_B0CBD8F33218,victim,2,28:05:A5:32:D7:B5,-72,13,48,48,0,0
124507697,NODE_B0CBD8F33218,victim,2,28:05:A5:32:D7:B5,-71,13,48,48,0,0
124607695,NODE_B0CBD8F33218,victim,2,28:05:A5:32:D7:B5,-69,13,48,48,0,0
124717700,NODE_B0CBD8F33218,victim,2,28:05:A5:32:D7:B5,-70,13,49,49,0,0
124817897,NODE_B0CBD8F33218,victim,2,28:05:A5:32:D7:B5,-71,13,49,49,0,0
124917693,NODE_B0CBD8F33218,victim,2,28:05:A5:32:D7:B5,-71,13,49,49,0,0
125027699,NODE_B0CBD8F33218,victim,2,28:05:A5:32:D7:B5,-73,13,49,49,0,0
125127705,NODE_B0CBD8F33218,victim,2,28:05:A5:32:D7:B5,-73,13,49,49,0,0
125227693,NODE_B0CBD8F33218,victim,2,28:05:A5:32:D7:B5,-73,13,49,49,0,0
125337697,NODE_B0CBD8F33218,victim,2,28:05:A5:32:D7:B5,-72,13,49,49,0,0
125437695,NODE_B0CBD8F33218,victim,2,28:05:A5:32:D7:B5,-72,13,49,49,0,0
125537697,NODE_B0CBD8F33218,victim,2,28:05:A5:32:D7:B5,-74,13,49,49,0,0
125637693,NODE_B0CBD8F33218,victim,2,28:05:A5:32:D7:B5,-74,13,49,49,0,0
125747699,NODE_B0CBD8F33218,victim,2,28:05:A5:32:D7:B5,-74,13,50,50,0,0
125847693,NODE_B0CBD8F33218,victim,2,28:05:A5:32:D7:B5,-73,13,50,50,0,0
125947697,NODE_B0CBD8F33218,victim,2,28:05:A5:32:D7:B5,-72,13,50,50,0,0
126057697,NODE_B0CBD8F33218,victim,2,28:05:A5:32:D7:B5,-72,13,50,50,0,0
126157699,NODE_B0CBD8F33218,victim,2,28:05:A5:32:D7:B5,-72,13,50,50,0,0
126257693,NODE_B0CBD8F33218,victim,2,28:05:A5:32:D7:B5,-71,13,50,50,0,0
126367697,NODE_B0CBD8F33218,victim,2,28:05:A5:32:D7:B5,-72,13,50,50,0,0
126467695,NODE_B0CBD8F33218,victim,2,28:05:A5:32:D7:B5,-71,13,50,50,0,0
126567701,NODE_B0CBD8F33218,victim,2,28:05:A5:32:D7:B5,-70,13,50,50,0,0
126667701,NODE_B0CBD8F33218,victim,2,28:05:A5:32:D7:B5,-70,13,50,50,0,0
126777705,NODE_B0CBD8F33218,victim,2,28:05:A5:32:D7:B5,-68,13,51,51,0,0
126877699,NODE_B0CBD8F33218,victim,2,28:05:A5:32:D7:B5,-69,13,51,51,0,0
126977697,NODE_B0CBD8F33218,victim,2,28:05:A5:32:D7:B5,-69,13,51,51,0,0
127087701,NODE_B0CBD8F33218,victim,2,28:05:A5:32:D7:B5,-69,13,51,51,0,0
127187699,NODE_B0CBD8F33218,victim,2,28:05:A5:32:D7:B5,-69,13,51,51,0,0
127287693,NODE_B0CBD8F33218,victim,2,28:05:A5:32:D7:B5,-68,13,51,51,0,0
127397697,NODE_B0CBD8F33218,victim,2,28:05:A5:32:D7:B5,-69,13,51,51,0,0
127497693,NODE_B0CBD8F33218,victim,2,28:05:A5:32:D7:B5,-69,13,51,51,0,0
127597699,NODE_B0CBD8F33218,victim,2,28:05:A5:32:D7:B5,-70,13,51,51,0,0
127697693,NODE_B0CBD8F33218,victim,2,28:05:A5:32:D7:B5,-69,13,51,51,0,0
127807701,NODE_B0CBD8F33218,victim,2,28:05:A5:32:D7:B5,-70,13,52,52,0,0
127907695,NODE_B0CBD8F33218,victim,2,28:05:A5:32:D7:B5,-71,13,52,52,0,0
128007697,NODE_B0CBD8F33218,victim,2,28:05:A5:32:D7:B5,-70,13,52,52,0,0
128117705,NODE_B0CBD8F33218,victim,2,28:05:A5:32:D7:B5,-70,13,52,52,0,0
128217697,NODE_B0CBD8F33218,victim,2,28:05:A5:32:D7:B5,-70,13,52,52,0,0
128317695,NODE_B0CBD8F33218,victim,2,28:05:A5:32:D7:B5,-69,13,52,52,0,0
128427697,NODE_B0CBD8F33218,victim,2,28:05:A5:32:D7:B5,-69,13,52,52,0,0
128527693,NODE_B0CBD8F33218,victim,2,28:05:A5:32:D7:B5,-70,13,52,52,0,0
128627699,NODE_B0CBD8F33218,victim,2,28:05:A5:32:D7:B5,-70,13,52,52,0,0
128727697,NODE_B0CBD8F33218,victim,2,28:05:A5:32:D7:B5,-71,13,53,53,0,0
128827697,NODE_B0CBD8F33218,victim,2,28:05:A5:32:D7:B5,-71,13,53,53,0,0
128927695,NODE_B0CBD8F33218,victim,2,28:05:A5:32:D7:B5,-71,13,53,53,0,0
129038109,NODE_B0CBD8F33218,victim,2,28:05:A5:32:D7:B5,-72,13,53,53,0,0
129137701,NODE_B0CBD8F33218,victim,2,28:05:A5:32:D7:B5,-72,13,53,53,0,0
129247697,NODE_B0CBD8F33218,victim,2,28:05:A5:32:D7:B5,-73,13,53,53,0,0
129347695,NODE_B0CBD8F33218,victim,2,28:05:A5:32:D7:B5,-73,13,53,53,0,0
129447697,NODE_B0CBD8F33218,victim,2,28:05:A5:32:D7:B5,-73,13,53,53,0,0
129547697,NODE_B0CBD8F33218,victim,2,28:05:A5:32:D7:B5,-73,13,53,53,0,0
129657697,NODE_B0CBD8F33218,victim,2,28:05:A5:32:D7:B5,-73,13,53,53,0,0
129757699,NODE_B0CBD8F33218,victim,2,28:05:A5:32:D7:B5,-73,13,54,54,0,0
129857701,NODE_B0CBD8F33218,victim,2,28:05:A5:32:D7:B5,-72,13,54,54,0,0
129957701,NODE_B0CBD8F33218,victim,2,28:05:A5:32:D7:B5,-70,13,54,54,0,0
130067703,NODE_B0CBD8F33218,victim,2,28:05:A5:32:D7:B5,-70,13,54,54,0,0
130167697,NODE_B0CBD8F33218,victim,2,28:05:A5:32:D7:B5,-71,13,54,54,0,0
130277697,NODE_B0CBD8F33218,victim,2,28:05:A5:32:D7:B5,-72,13,54,54,0,0
130377693,NODE_B0CBD8F33218,victim,2,28:05:A5:32:D7:B5,-73,13,54,54,0,0
130477703,NODE_B0CBD8F33218,victim,2,28:05:A5:32:D7:B5,-76,13,54,54,0,0
130577693,NODE_B0CBD8F33218,victim,2,28:05:A5:32:D7:B5,-75,13,54,54,0,0
130687995,NODE_B0CBD8F33218,victim,2,28:05:A5:32:D7:B5,-75,13,54,54,0,0
130787698,NODE_B0CBD8F33218,victim,2,28:05:A5:32:D7:B5,-74,13,55,55,0,0
130887697,NODE_B0CBD8F33218,victim,2,28:05:A5:32:D7:B5,-73,13,55,55,0,0
130987693,NODE_B0CBD8F33218,victim,2,28:05:A5:32:D7:B5,-72,13,55,55,0,0
131097705,NODE_B0CBD8F33218,victim,2,28:05:A5:32:D7:B5,-72,13,55,55,0,0
131197699,NODE_B0CBD8F33218,victim,2,28:05:A5:32:D7:B5,-73,13,55,55,0,0
131307697,NODE_B0CBD8F33218,victim,2,28:05:A5:32:D7:B5,-76,13,55,55,0,0
131407693,NODE_B0CBD8F33218,victim,2,28:05:A5:32:D7:B5,-77,13,55,55,0,0
131507698,NODE_B0CBD8F33218,victim,2,28:05:A5:32:D7:B5,-76,13,55,55,0,0
131607693,NODE_B0CBD8F33218,victim,2,28:05:A5:32:D7:B5,-73,13,55,55,0,0
131718479,NODE_B0CBD8F33218,victim,2,28:05:A5:32:D7:B5,-70,13,55,55,0,0
131817705,NODE_B0CBD8F33218,victim,2,28:05:A5:32:D7:B5,-71,13,56,56,0,0
131917699,NODE_B0CBD8F33218,victim,2,28:05:A5:32:D7:B5,-72,13,56,56,0,0
132017693,NODE_B0CBD8F33218,victim,2,28:05:A5:32:D7:B5,-72,13,56,56,0,0
132127705,NODE_B0CBD8F33218,victim,2,28:05:A5:32:D7:B5,-71,13,56,56,0,0
132227698,NODE_B0CBD8F33218,victim,2,28:05:A5:32:D7:B5,-71,13,56,56,0,0
132337699,NODE_B0CBD8F33218,victim,2,28:05:A5:32:D7:B5,-70,13,56,56,0,0
132437853,NODE_B0CBD8F33218,victim,2,28:05:A5:32:D7:B5,-71,13,56,56,0,0
132537701,NODE_B0CBD8F33218,victim,2,28:05:A5:32:D7:B5,-72,13,56,56,0,0
132637695,NODE_B0CBD8F33218,victim,2,28:05:A5:32:D7:B5,-71,13,56,56,0,0
132737697,NODE_B0CBD8F33218,victim,2,28:05:A5:32:D7:B5,-71,13,57,57,0,0
132837697,NODE_B0CBD8F33218,victim,2,28:05:A5:32:D7:B5,-70,13,57,57,0,0
132947703,NODE_B0CBD8F33218,victim,2,28:05:A5:32:D7:B5,-70,13,57,57,0,0
133047693,NODE_B0CBD8F33218,victim,2,28:05:A5:32:D7:B5,-70,13,57,57,0,0
133147693,NODE_B0CBD8F33218,victim,2,28:05:A5:32:D7:B5,-69,13,57,57,0,0
133257701,NODE_B0CBD8F33218,victim,2,28:05:A5:32:D7:B5,-69,13,57,57,0,0
133357695,NODE_B0CBD8F33218,victim,2,28:05:A5:32:D7:B5,-71,13,57,57,0,0
133457693,NODE_B0CBD8F33218,victim,2,28:05:A5:32:D7:B5,-72,13,57,57,0,0
133567697,NODE_B0CBD8F33218,victim,2,28:05:A5:32:D7:B5,-70,13,57,57,0,0
133667695,NODE_B0CBD8F33218,victim,2,28:05:A5:32:D7:B5,-71,13,57,57,0,0
133767697,NODE_B0CBD8F33218,victim,2,28:05:A5:32:D7:B5,-69,13,58,58,0,0
133867881,NODE_B0CBD8F33218,victim,2,28:05:A5:32:D7:B5,-70,13,58,58,0,0
133977697,NODE_B0CBD8F33218,victim,2,28:05:A5:32:D7:B5,-70,13,58,58,0,0
134077699,NODE_B0CBD8F33218,victim,2,28:05:A5:32:D7:B5,-71,13,58,58,0,0
134177701,NODE_B0CBD8F33218,victim,2,28:05:A5:32:D7:B5,-71,13,58,58,0,0
134287693,NODE_B0CBD8F33218,victim,2,28:05:A5:32:D7:B5,-71,13,58,58,0,0
134387699,NODE_B0CBD8F33218,victim,2,28:05:A5:32:D7:B5,-69,13,58,58,0,0
134488260,NODE_B0CBD8F33218,victim,2,28:05:A5:32:D7:B5,-71,13,58,58,0,0
134597693,NODE_B0CBD8F33218,victim,2,28:05:A5:32:D7:B5,-71,13,58,58,0,0
134697701,NODE_B0CBD8F33218,victim,2,28:05:A5:32:D7:B5,-71,13,58,58,0,0
134797699,NODE_B0CBD8F33218,victim,2,28:05:A5:32:D7:B5,-71,13,59,59,0,0
134897693,NODE_B0CBD8F33218,victim,2,28:05:A5:32:D7:B5,-69,13,59,59,0,0
135007697,NODE_B0CBD8F33218,victim,2,28:05:A5:32:D7:B5,-69,13,59,59,0,0
135107699,NODE_B0CBD8F33218,victim,2,28:05:A5:32:D7:B5,-69,13,59,59,0,0
135207701,NODE_B0CBD8F33218,victim,2,28:05:A5:32:D7:B5,-69,13,59,59,0,0
135317693,NODE_B0CBD8F33218,victim,2,28:05:A5:32:D7:B5,-69,13,59,59,0,0
135417697,NODE_B0CBD8F33218,victim,2,28:05:A5:32:D7:B5,-70,13,59,59,0,0
135517695,NODE_B0CBD8F33218,victim,2,28:05:A5:32:D7:B5,-71,13,59,59,0,0
135628221,NODE_B0CBD8F33218,victim,2,28:05:A5:32:D7:B5,-71,13,59,59,0,0
135727697,NODE_B0CBD8F33218,victim,2,28:05:A5:32:D7:B5,-71,13,60,60,0,0
135827699,NODE_B0CBD8F33218,victim,2,28:05:A5:32:D7:B5,-71,13,60,60,0,0
135927697,NODE_B0CBD8F33218,victim,2,28:05:A5:32:D7:B5,-71,13,60,60,0,0
136027697,NODE_B0CBD8F33218,victim,2,28:05:A5:32:D7:B5,-72,13,60,60,0,0
136127699,NODE_B0CBD8F33218,victim,2,28:05:A5:32:D7:B5,-72,13,60,60,0,0
136237699,NODE_B0CBD8F33218,victim,2,28:05:A5:32:D7:B5,-71,13,60,60,0,0
136347697,NODE_B0CBD8F33218,victim,2,28:05:A5:32:D7:B5,-71,13,60,60,0,0
136447697,NODE_B0CBD8F33218,victim,2,28:05:A5:32:D7:B5,-71,13,60,60,0,0
136547695,NODE_B0CBD8F33218,victim,2,28:05:A5:32:D7:B5,-71,13,60,60,0,0
136657699,NODE_B0CBD8F33218,victim,2,28:05:A5:32:D7:B5,-71,13,60,60,0,0
136757705,NODE_B0CBD8F33218,victim,2,28:05:A5:32:D7:B5,-71,13,61,61,0,0
136857697,NODE_B0CBD8F33218,victim,2,28:05:A5:32:D7:B5,-69,13,61,61,0,0
136957695,NODE_B0CBD8F33218,victim,2,28:05:A5:32:D7:B5,-69,13,61,61,0,0
137057693,NODE_B0CBD8F33218,victim,2,28:05:A5:32:D7:B5,-73,13,61,61,0,0
137157701,NODE_B0CBD8F33218,victim,2,28:05:A5:32:D7:B5,-72,13,61,61,0,0
137267699,NODE_B0CBD8F33218,victim,2,28:05:A5:32:D7:B5,-71,13,61,61,0,0
137367697,NODE_B0CBD8F33218,victim,2,28:05:A5:32:D7:B5,-71,13,61,61,0,0
137477693,NODE_B0CBD8F33218,victim,2,28:05:A5:32:D7:B5,-69,13,61,61,0,0
137577693,NODE_B0CBD8F33218,victim,2,28:05:A5:32:D7:B5,-70,13,61,61,0,0
137677699,NODE_B0CBD8F33218,victim,2,28:05:A5:32:D7:B5,-71,13,61,61,0,0
137778487,NODE_B0CBD8F33218,victim,2,28:05:A5:32:D7:B5,-71,13,62,62,0,0
137887701,NODE_B0CBD8F33218,victim,2,28:05:A5:32:D7:B5,-72,13,62,62,0,0
137987695,NODE_B0CBD8F33218,victim,2,28:05:A5:32:D7:B5,-72,13,62,62,0,0
138087701,NODE_B0CBD8F33218,victim,2,28:05:A5:32:D7:B5,-73,13,62,62,0,0
138188301,NODE_B0CBD8F33218,victim,2,28:05:A5:32:D7:B5,-72,13,62,62,0,0
138297697,NODE_B0CBD8F33218,victim,2,28:05:A5:32:D7:B5,-71,13,62,62,0,0
138397699,NODE_B0CBD8F33218,victim,2,28:05:A5:32:D7:B5,-71,13,62,62,0,0
138507697,NODE_B0CBD8F33218,victim,2,28:05:A5:32:D7:B5,-71,13,62,62,0,0
138607697,NODE_B0CBD8F33218,victim,2,28:05:A5:32:D7:B5,-71,13,62,62,0,0
138707703,NODE_B0CBD8F33218,victim,2,28:05:A5:32:D7:B5,-71,13,62,62,0,0
138808516,NODE_B0CBD8F33218,victim,2,28:05:A5:32:D7:B5,-71,13,63,63,0,0
138917697,NODE_B0CBD8F33218,victim,2,28:05:A5:32:D7:B5,-71,13,63,63,0,0
139017693,NODE_B0CBD8F33218,victim,2,28:05:A5:32:D7:B5,-72,13,63,63,0,0
139117703,NODE_B0CBD8F33218,victim,2,28:05:A5:32:D7:B5,-72,13,63,63,0,0
139217697,NODE_B0CBD8F33218,victim,2,28:05:A5:32:D7:B5,-72,13,63,63,0,0
139327701,NODE_B0CBD8F33218,victim,2,28:05:A5:32:D7:B5,-72,13,63,63,0,0
139427703,NODE_B0CBD8F33218,victim,2,28:05:A5:32:D7:B5,-72,13,63,63,0,0
139537703,NODE_B0CBD8F33218,victim,2,28:05:A5:32:D7:B5,-71,13,63,63,0,0
139637697,NODE_B0CBD8F33218,victim,2,28:05:A5:32:D7:B5,-72,13,63,63,0,0
139738194,NODE_B0CBD8F33218,victim,2,28:05:A5:32:D7:B5,-72,13,64,64,0,0
139837695,NODE_B0CBD8F33218,victim,2,28:05:A5:32:D7:B5,-73,13,64,64,0,0
139937697,NODE_B0CBD8F33218,victim,2,28:05:A5:32:D7:B5,-72,13,64,64,0,0
140038116,NODE_B0CBD8F33218,victim,2,28:05:A5:32:D7:B5,-69,13,64,64,0,0
140147703,NODE_B0CBD8F33218,victim,2,28:05:A5:32:D7:B5,-68,13,64,64,0,0
140247693,NODE_B0CBD8F33218,victim,2,28:05:A5:32:D7:B5,-68,13,64,64,0,0
140347697,NODE_B0CBD8F33218,victim,2,28:05:A5:32:D7:B5,-69,13,64,64,0,0
140457697,NODE_B0CBD8F33218,victim,2,28:05:A5:32:D7:B5,-70,13,64,64,0,0
140557699,NODE_B0CBD8F33218,victim,2,28:05:A5:32:D7:B5,-70,13,64,64,0,0
140657693,NODE_B0CBD8F33218,victim,2,28:05:A5:32:D7:B5,-71,13,64,64,0,0
140767701,NODE_B0CBD8F33218,victim,2,28:05:A5:32:D7:B5,-74,13,65,65,0,0
140867695,NODE_B0CBD8F33218,victim,2,28:05:A5:32:D7:B5,-74,13,65,65,0,0
140967697,NODE_B0CBD8F33218,victim,2,28:05:A5:32:D7:B5,-74,13,65,65,0,0
141067697,NODE_B0CBD8F33218,victim,2,28:05:A5:32:D7:B5,-72,13,65,65,0,0
141177701,NODE_B0CBD8F33218,victim,2,28:05:A5:32:D7:B5,-69,13,65,65,0,0
141277695,NODE_B0CBD8F33218,victim,2,28:05:A5:32:D7:B5,-71,13,65,65,0,0
141377697,NODE_B0CBD8F33218,victim,2,28:05:A5:32:D7:B5,-70,13,65,65,0,0
141487697,NODE_B0CBD8F33218,victim,2,28:05:A5:32:D7:B5,-69,13,65,65,0,0
141587703,NODE_B0CBD8F33218,victim,2,28:05:A5:32:D7:B5,-69,13,65,65,0,0
141687693,NODE_B0CBD8F33218,victim,2,28:05:A5:32:D7:B5,-69,13,65,65,0,0
141797705,NODE_B0CBD8F33218,victim,2,28:05:A5:32:D7:B5,-69,13,66,66,0,0
141897697,NODE_B0CBD8F33218,victim,2,28:05:A5:32:D7:B5,-69,13,66,66,0,0
141997699,NODE_B0CBD8F33218,victim,2,28:05:A5:32:D7:B5,-68,13,66,66,0,0
142097697,NODE_B0CBD8F33218,victim,2,28:05:A5:32:D7:B5,-68,13,66,66,0,0
142207697,NODE_B0CBD8F33218,victim,2,28:05:A5:32:D7:B5,-69,13,66,66,0,0
142307800,NODE_B0CBD8F33218,victim,2,28:05:A5:32:D7:B5,-69,13,66,66,0,0
142407697,NODE_B0CBD8F33218,victim,2,28:05:A5:32:D7:B5,-70,13,66,66,0,0
142517697,NODE_B0CBD8F33218,victim,2,28:05:A5:32:D7:B5,-73,13,66,66,0,0
142617697,NODE_B0CBD8F33218,victim,2,28:05:A5:32:D7:B5,-73,13,66,66,0,0
142718490,NODE_B0CBD8F33218,victim,2,28:05:A5:32:D7:B5,-72,13,66,66,0,0
142827701,NODE_B0CBD8F33218,victim,2,28:05:A5:32:D7:B5,-71,13,67,67,0,0
142927693,NODE_B0CBD8F33218,victim,2,28:05:A5:32:D7:B5,-72,13,67,67,0,0
143027699,NODE_B0CBD8F33218,victim,2,28:05:A5:32:D7:B5,-72,13,67,67,0,0
143127701,NODE_B0CBD8F33218,victim,2,28:05:A5:32:D7:B5,-73,13,67,67,0,0
143237697,NODE_B0CBD8F33218,victim,2,28:05:A5:32:D7:B5,-73,13,67,67,0,0
143337693,NODE_B0CBD8F33218,victim,2,28:05:A5:32:D7:B5,-73,13,67,67,0,0
143437699,NODE_B0CBD8F33218,victim,2,28:05:A5:32:D7:B5,-73,13,67,67,0,0
143547697,NODE_B0CBD8F33218,victim,2,28:05:A5:32:D7:B5,-73,13,67,67,0,0
143647697,NODE_B0CBD8F33218,victim,2,28:05:A5:32:D7:B5,-73,13,67,67,0,0
143747699,NODE_B0CBD8F33218,victim,2,28:05:A5:32:D7:B5,-75,13,68,68,0,0
143857699,NODE_B0CBD8F33218,victim,2,28:05:A5:32:D7:B5,-74,13,68,68,0,0
143957693,NODE_B0CBD8F33218,victim,2,28:05:A5:32:D7:B5,-71,13,68,68,0,0
144057701,NODE_B0CBD8F33218,victim,2,28:05:A5:32:D7:B5,-71,13,68,68,0,0
144157695,NODE_B0CBD8F33218,victim,2,28:05:A5:32:D7:B5,-71,13,68,68,0,0
144257697,NODE_B0CBD8F33218,victim,2,28:05:A5:32:D7:B5,-71,13,68,68,0,0
144357693,NODE_B0CBD8F33218,victim,2,28:05:A5:32:D7:B5,-71,13,68,68,0,0
144467699,NODE_B0CBD8F33218,victim,2,28:05:A5:32:D7:B5,-71,13,68,68,0,0
144567701,NODE_B0CBD8F33218,victim,2,28:05:A5:32:D7:B5,-70,13,68,68,0,0
144677697,NODE_B0CBD8F33218,victim,2,28:05:A5:32:D7:B5,-71,13,68,68,0,0
144777701,NODE_B0CBD8F33218,victim,2,28:05:A5:32:D7:B5,-72,13,69,69,0,0
144877707,NODE_B0CBD8F33218,victim,2,28:05:A5:32:D7:B5,-71,13,69,69,0,0
144977693,NODE_B0CBD8F33218,victim,2,28:05:A5:32:D7:B5,-71,13,69,69,0,0
145087693,NODE_B0CBD8F33218,victim,2,28:05:A5:32:D7:B5,-72,13,69,69,0,0
145187695,NODE_B0CBD8F33218,victim,2,28:05:A5:32:D7:B5,-71,13,69,69,0,0
145287701,NODE_B0CBD8F33218,victim,2,28:05:A5:32:D7:B5,-71,13,69,69,0,0
145387693,NODE_B0CBD8F33218,victim,2,28:05:A5:32:D7:B5,-70,13,69,69,0,0
145497697,NODE_B0CBD8F33218,victim,2,28:05:A5:32:D7:B5,-70,13,69,69,0,0
145597695,NODE_B0CBD8F33218,victim,2,28:05:A5:32:D7:B5,-71,13,69,69,0,0
145707697,NODE_B0CBD8F33218,victim,2,28:05:A5:32:D7:B5,-72,13,69,69,0,0
145807701,NODE_B0CBD8F33218,victim,2,28:05:A5:32:D7:B5,-72,13,70,70,0,0
145907699,NODE_B0CBD8F33218,victim,2,28:05:A5:32:D7:B5,-73,13,70,70,0,0
146007693,NODE_B0CBD8F33218,victim,2,28:05:A5:32:D7:B5,-74,13,70,70,0,0
146117705,NODE_B0CBD8F33218,victim,2,28:05:A5:32:D7:B5,-74,13,70,70,0,0
146217693,NODE_B0CBD8F33218,victim,2,28:05:A5:32:D7:B5,-74,13,70,70,0,0
146317699,NODE_B0CBD8F33218,victim,2,28:05:A5:32:D7:B5,-74,13,70,70,0,0
146417693,NODE_B0CBD8F33218,victim,2,28:05:A5:32:D7:B5,-77,13,70,70,0,0
146528128,NODE_B0CBD8F33218,victim,2,28:05:A5:32:D7:B5,-76,13,70,70,0,0
146627694,NODE_B0CBD8F33218,victim,2,28:05:A5:32:D7:B5,-74,13,70,70,0,0
146737703,NODE_B0CBD8F33218,victim,2,28:05:A5:32:D7:B5,-73,13,71,71,0,0
146837693,NODE_B0CBD8F33218,victim,2,28:05:A5:32:D7:B5,-73,13,71,71,0,0
146937697,NODE_B0CBD8F33218,victim,2,28:05:A5:32:D7:B5,-72,13,71,71,0,0
147038105,NODE_B0CBD8F33218,victim,2,28:05:A5:32:D7:B5,-71,13,71,71,0,0
147147701,NODE_B0CBD8F33218,victim,2,28:05:A5:32:D7:B5,-73,13,71,71,0,0
147247693,NODE_B0CBD8F33218,victim,2,28:05:A5:32:D7:B5,-73,13,71,71,0,0
147347699,NODE_B0CBD8F33218,victim,2,28:05:A5:32:D7:B5,-73,13,71,71,0,0
147447693,NODE_B0CBD8F33218,victim,2,28:05:A5:32:D7:B5,-73,13,71,71,0,0
147557701,NODE_B0CBD8F33218,victim,2,28:05:A5:32:D7:B5,-73,13,71,71,0,0
147657693,NODE_B0CBD8F33218,victim,2,28:05:A5:32:D7:B5,-73,13,71,71,0,0
147767698,NODE_B0CBD8F33218,victim,2,28:05:A5:32:D7:B5,-72,13,72,72,0,0
147867697,NODE_B0CBD8F33218,victim,2,28:05:A5:32:D7:B5,-72,13,72,72,0,0
147967697,NODE_B0CBD8F33218,victim,2,28:05:A5:32:D7:B5,-73,13,72,72,0,0
148067699,NODE_B0CBD8F33218,victim,2,28:05:A5:32:D7:B5,-72,13,72,72,0,0
148167697,NODE_B0CBD8F33218,victim,2,28:05:A5:32:D7:B5,-72,13,72,72,0,0
148267693,NODE_B0CBD8F33218,victim,2,28:05:A5:32:D7:B5,-72,13,72,72,0,0
148377697,NODE_B0CBD8F33218,victim,2,28:05:A5:32:D7:B5,-74,13,72,72,0,0
148477695,NODE_B0CBD8F33218,victim,2,28:05:A5:32:D7:B5,-72,13,72,72,0,0
148577697,NODE_B0CBD8F33218,victim,2,28:05:A5:32:D7:B5,-72,13,72,72,0,0
148687701,NODE_B0CBD8F33218,victim,2,28:05:A5:32:D7:B5,-73,13,72,72,0,0
148787703,NODE_B0CBD8F33218,victim,2,28:05:A5:32:D7:B5,-72,13,73,73,0,0
148887693,NODE_B0CBD8F33218,victim,2,28:05:A5:32:D7:B5,-72,13,73,73,0,0
148997697,NODE_B0CBD8F33218,victim,2,28:05:A5:32:D7:B5,-72,13,73,73,0,0
149097697,NODE_B0CBD8F33218,victim,2,28:05:A5:32:D7:B5,-72,13,73,73,0,0
149197703,NODE_B0CBD8F33218,victim,2,28:05:A5:32:D7:B5,-72,13,73,73,0,0
149297693,NODE_B0CBD8F33218,victim,2,28:05:A5:32:D7:B5,-72,13,73,73,0,0
149407697,NODE_B0CBD8F33218,victim,2,28:05:A5:32:D7:B5,-72,13,73,73,0,0
149507695,NODE_B0CBD8F33218,victim,2,28:05:A5:32:D7:B5,-72,13,73,73,0,0
149607701,NODE_B0CBD8F33218,victim,2,28:05:A5:32:D7:B5,-72,13,73,73,0,0
149718483,NODE_B0CBD8F33218,victim,2,28:05:A5:32:D7:B5,-72,13,73,73,0,0
149817701,NODE_B0CBD8F33218,victim,2,28:05:A5:32:D7:B5,-72,13,74,74,0,0
149917695,NODE_B0CBD8F33218,victim,2,28:05:A5:32:D7:B5,-72,13,74,74,0,0
150027697,NODE_B0CBD8F33218,victim,2,28:05:A5:32:D7:B5,-72,13,74,74,0,0
150128043,NODE_B0CBD8F33218,victim,2,28:05:A5:32:D7:B5,-72,13,74,74,0,0
150227699,NODE_B0CBD8F33218,victim,2,28:05:A5:32:D7:B5,-72,13,74,74,0,0
150327693,NODE_B0CBD8F33218,victim,2,28:05:A5:32:D7:B5,-72,13,74,74,0,0
150437697,NODE_B0CBD8F33218,victim,2,28:05:A5:32:D7:B5,-72,13,74,74,0,0
150537697,NODE_B0CBD8F33218,victim,2,28:05:A5:32:D7:B5,-72,13,74,74,0,0
150637699,NODE_B0CBD8F33218,victim,2,28:05:A5:32:D7:B5,-71,13,74,74,0,0
150747697,NODE_B0CBD8F33218,victim,2,28:05:A5:32:D7:B5,-71,13,75,75,0,0
150847701,NODE_B0CBD8F33218,victim,2,28:05:A5:32:D7:B5,-71,13,75,75,0,0
150947695,NODE_B0CBD8F33218,victim,2,28:05:A5:32:D7:B5,-71,13,75,75,0,0
151057703,NODE_B0CBD8F33218,victim,2,28:05:A5:32:D7:B5,-71,13,75,75,0,0
151157693,NODE_B0CBD8F33218,victim,2,28:05:A5:32:D7:B5,-71,13,75,75,0,0
151257697,NODE_B0CBD8F33218,victim,2,28:05:A5:32:D7:B5,-71,13,75,75,0,0
151357695,NODE_B0CBD8F33218,victim,2,28:05:A5:32:D7:B5,-72,13,75,75,0,0
151467697,NODE_B0CBD8F33218,victim,2,28:05:A5:32:D7:B5,-72,13,75,75,0,0
151567693,NODE_B0CBD8F33218,victim,2,28:05:A5:32:D7:B5,-71,13,75,75,0,0
151667699,NODE_B0CBD8F33218,victim,2,28:05:A5:32:D7:B5,-73,13,75,75,0,0
151777703,NODE_B0CBD8F33218,victim,2,28:05:A5:32:D7:B5,-72,13,76,76,0,0
151877697,NODE_B0CBD8F33218,victim,2,28:05:A5:32:D7:B5,-72,13,76,76,0,0
151977693,NODE_B0CBD8F33218,victim,2,28:05:A5:32:D7:B5,-72,13,76,76,0,0
152087703,NODE_B0CBD8F33218,victim,2,28:05:A5:32:D7:B5,-72,13,76,76,0,0
152187693,NODE_B0CBD8F33218,victim,2,28:05:A5:32:D7:B5,-72,13,76,76,0,0
152287697,NODE_B0CBD8F33218,victim,2,28:05:A5:32:D7:B5,-72,13,76,76,0,0
152387695,NODE_B0CBD8F33218,victim,2,28:05:A5:32:D7:B5,-72,13,76,76,0,0
152487697,NODE_B0CBD8F33218,victim,2,28:05:A5:32:D7:B5,-72,13,76,76,0,0
152587693,NODE_B0CBD8F33218,victim,2,28:05:A5:32:D7:B5,-72,13,76,76,0,0
152697701,NODE_B0CBD8F33218,victim,2,28:05:A5:32:D7:B5,-72,13,76,76,0,0
152797703,NODE_B0CBD8F33218,victim,2,28:05:A5:32:D7:B5,-72,13,77,77,0,0
152907697,NODE_B0CBD8F33218,victim,2,28:05:A5:32:D7:B5,-72,13,77,77,0,0
153007693,NODE_B0CBD8F33218,victim,2,28:05:A5:32:D7:B5,-72,13,77,77,0,0
153107703,NODE_B0CBD8F33218,victim,2,28:05:A5:32:D7:B5,-72,13,77,77,0,0
153207697,NODE_B0CBD8F33218,victim,2,28:05:A5:32:D7:B5,-72,13,77,77,0,0
153317697,NODE_B0CBD8F33218,victim,2,28:05:A5:32:D7:B5,-72,13,77,77,0,0
153417693,NODE_B0CBD8F33218,victim,2,28:05:A5:32:D7:B5,-73,13,77,77,0,0
153517699,NODE_B0CBD8F33218,victim,2,28:05:A5:32:D7:B5,-72,13,77,77,0,0
153617693,NODE_B0CBD8F33218,victim,2,28:05:A5:32:D7:B5,-72,13,77,77,0,0
153727697,NODE_B0CBD8F33218,victim,2,28:05:A5:32:D7:B5,-71,13,78,78,0,0
153827703,NODE_B0CBD8F33218,victim,2,28:05:A5:32:D7:B5,-72,13,78,78,0,0
153937703,NODE_B0CBD8F33218,victim,2,28:05:A5:32:D7:B5,-72,13,78,78,0,0
154038100,NODE_B0CBD8F33218,victim,2,28:05:A5:32:D7:B5,-72,13,78,78,0,0
154137697,NODE_B0CBD8F33218,victim,2,28:05:A5:32:D7:B5,-71,13,78,78,0,0
154237695,NODE_B0CBD8F33218,victim,2,28:05:A5:32:D7:B5,-72,13,78,78,0,0
154347693,NODE_B0CBD8F33218,victim,2,28:05:A5:32:D7:B5,-71,13,78,78,0,0
154447693,NODE_B0CBD8F33218,victim,2,28:05:A5:32:D7:B5,-71,13,78,78,0,0
154547702,NODE_B0CBD8F33218,victim,2,28:05:A5:32:D7:B5,-72,13,78,78,0,0
154647693,NODE_B0CBD8F33218,victim,2,28:05:A5:32:D7:B5,-71,13,78,78,0,0
154757943,NODE_B0CBD8F33218,victim,2,28:05:A5:32:D7:B5,-72,13,79,79,0,0
154857697,NODE_B0CBD8F33218,victim,2,28:05:A5:32:D7:B5,-73,13,79,79,0,0
154967699,NODE_B0CBD8F33218,victim,2,28:05:A5:32:D7:B5,-73,13,79,79,0,0
155067697,NODE_B0CBD8F33218,victim,2,28:05:A5:32:D7:B5,-71,13,79,79,0,0
155167701,NODE_B0CBD8F33218,victim,2,28:05:A5:32:D7:B5,-70,13,79,79,0,0
155267695,NODE_B0CBD8F33218,victim,2,28:05:A5:32:D7:B5,-70,13,79,79,0,0
155367697,NODE_B0CBD8F33218,victim,2,28:05:A5:32:D7:B5,-70,13,79,79,0,0
155467693,NODE_B0CBD8F33218,victim,2,28:05:A5:32:D7:B5,-70,13,79,79,0,0
155577697,NODE_B0CBD8F33218,victim,2,28:05:A5:32:D7:B5,-70,13,79,79,0,0
155677695,NODE_B0CBD8F33218,victim,2,28:05:A5:32:D7:B5,-69,13,79,79,0,0
155777697,NODE_B0CBD8F33218,victim,2,28:05:A5:32:D7:B5,-70,13,80,80,0,0
155887697,NODE_B0CBD8F33218,victim,2,28:05:A5:32:D7:B5,-70,13,80,80,0,0
155997693,NODE_B0CBD8F33218,victim,2,28:05:A5:32:D7:B5,-70,13,80,80,0,0
156097699,NODE_B0CBD8F33218,victim,2,28:05:A5:32:D7:B5,-70,13,80,80,0,0
156197701,NODE_B0CBD8F33218,victim,2,28:05:A5:32:D7:B5,-71,13,80,80,0,0
156297693,NODE_B0CBD8F33218,victim,2,28:05:A5:32:D7:B5,-70,13,80,80,0,0
156397699,NODE_B0CBD8F33218,victim,2,28:05:A5:32:D7:B5,-70,13,80,80,0,0
156497693,NODE_B0CBD8F33218,victim,2,28:05:A5:32:D7:B5,-71,13,80,80,0,0
156607697,NODE_B0CBD8F33218,victim,2,28:05:A5:32:D7:B5,-70,13,80,80,0,0
156707703,NODE_B0CBD8F33218,victim,2,28:05:A5:32:D7:B5,-70,13,80,80,0,0
156807701,NODE_B0CBD8F33218,victim,2,28:05:A5:32:D7:B5,-71,13,81,81,0,0
156917701,NODE_B0CBD8F33218,victim,2,28:05:A5:32:D7:B5,-71,13,81,81,0,0
157017697,NODE_B0CBD8F33218,victim,2,28:05:A5:32:D7:B5,-71,13,81,81,0,0
157117699,NODE_B0CBD8F33218,victim,2,28:05:A5:32:D7:B5,-70,13,81,81,0,0
157227697,NODE_B0CBD8F33218,victim,2,28:05:A5:32:D7:B5,-70,13,81,81,0,0
157327693,NODE_B0CBD8F33218,victim,2,28:05:A5:32:D7:B5,-71,13,81,81,0,0
157427699,NODE_B0CBD8F33218,victim,2,28:05:A5:32:D7:B5,-71,13,81,81,0,0
157527693,NODE_B0CBD8F33218,victim,2,28:05:A5:32:D7:B5,-70,13,81,81,0,0
157637697,NODE_B0CBD8F33218,victim,2,28:05:A5:32:D7:B5,-70,13,81,81,0,0
157737697,NODE_B0CBD8F33218,victim,2,28:05:A5:32:D7:B5,-70,13,82,82,0,0
157837699,NODE_B0CBD8F33218,victim,2,28:05:A5:32:D7:B5,-70,13,82,82,0,0
157947964,NODE_B0CBD8F33218,victim,2,28:05:A5:32:D7:B5,-71,13,82,82,0,0
158047697,NODE_B0CBD8F33218,victim,2,28:05:A5:32:D7:B5,-70,13,82,82,0,0
158147703,NODE_B0CBD8F33218,victim,2,28:05:A5:32:D7:B5,-70,13,82,82,0,0
158258489,NODE_B0CBD8F33218,victim,2,28:05:A5:32:D7:B5,-70,13,82,82,0,0
158357697,NODE_B0CBD8F33218,victim,2,28:05:A5:32:D7:B5,-70,13,82,82,0,0
158457693,NODE_B0CBD8F33218,victim,2,28:05:A5:32:D7:B5,-70,13,82,82,0,0
158557699,NODE_B0CBD8F33218,victim,2,28:05:A5:32:D7:B5,-69,13,82,82,0,0
158667697,NODE_B0CBD8F33218,victim,2,28:05:A5:32:D7:B5,-70,13,82,82,0,0
158767697,NODE_B0CBD8F33218,victim,2,28:05:A5:32:D7:B5,-70,13,83,83,0,0
158867695,NODE_B0CBD8F33218,victim,2,28:05:A5:32:D7:B5,-70,13,83,83,0,0
158977699,NODE_B0CBD8F33218,victim,2,28:05:A5:32:D7:B5,-69,13,83,83,0,0
159077701,NODE_B0CBD8F33218,victim,2,28:05:A5:32:D7:B5,-69,13,83,83,0,0
159177697,NODE_B0CBD8F33218,victim,2,28:05:A5:32:D7:B5,-70,13,83,83,0,0
159287699,NODE_B0CBD8F33218,victim,2,28:05:A5:32:D7:B5,-70,13,83,83,0,0
159387693,NODE_B0CBD8F33218,victim,2,28:05:A5:32:D7:B5,-69,13,83,83,0,0
159487697,NODE_B0CBD8F33218,victim,2,28:05:A5:32:D7:B5,-69,13,83,83,0,0
159587699,NODE_B0CBD8F33218,victim,2,28:05:A5:32:D7:B5,-69,13,83,83,0,0
159687689,NODE_B0CBD8F33218,victim,2,28:05:A5:32:D7:B5,-69,13,83,83,0,0
159787697,NODE_B0CBD8F33218,victim,2,28:05:A5:32:D7:B5,-70,13,84,84,0,0
159897705,NODE_B0CBD8F33218,victim,2,28:05:A5:32:D7:B5,-70,13,84,84,0,0
159998490,NODE_B0CBD8F33218,victim,2,28:05:A5:32:D7:B5,-70,13,84,84,0,0
160107701,NODE_B0CBD8F33218,victim,2,28:05:A5:32:D7:B5,-70,13,84,84,0,0
160207693,NODE_B0CBD8F33218,victim,2,28:05:A5:32:D7:B5,-70,13,84,84,0,0
160317697,NODE_B0CBD8F33218,victim,2,28:05:A5:32:D7:B5,-70,13,84,84,0,0
160417695,NODE_B0CBD8F33218,victim,2,28:05:A5:32:D7:B5,-70,13,84,84,0,0
160517697,NODE_B0CBD8F33218,victim,2,28:05:A5:32:D7:B5,-70,13,84,84,0,0
160617693,NODE_B0CBD8F33218,victim,2,28:05:A5:32:D7:B5,-70,13,84,84,0,0
160718479,NODE_B0CBD8F33218,victim,2,28:05:A5:32:D7:B5,-70,13,84,84,0,0
160817864,NODE_B0CBD8F33218,victim,2,28:05:A5:32:D7:B5,-70,13,85,85,0,0
160927697,NODE_B0CBD8F33218,victim,2,28:05:A5:32:D7:B5,-70,13,85,85,0,0
161027699,NODE_B0CBD8F33218,victim,2,28:05:A5:32:D7:B5,-70,13,85,85,0,0
161137703,NODE_B0CBD8F33218,victim,2,28:05:A5:32:D7:B5,-70,13,85,85,0,0
161237693,NODE_B0CBD8F33218,victim,2,28:05:A5:32:D7:B5,-70,13,85,85,0,0
161337697,NODE_B0CBD8F33218,victim,2,28:05:A5:32:D7:B5,-70,13,85,85,0,0
161437695,NODE_B0CBD8F33218,victim,2,28:05:A5:32:D7:B5,-70,13,85,85,0,0
161547702,NODE_B0CBD8F33218,victim,2,28:05:A5:32:D7:B5,-70,13,85,85,0,0
161647701,NODE_B0CBD8F33218,victim,2,28:05:A5:32:D7:B5,-70,13,85,85,0,0
161747703,NODE_B0CBD8F33218,victim,2,28:05:A5:32:D7:B5,-69,13,86,86,0,0
161847996,NODE_B0CBD8F33218,victim,2,28:05:A5:32:D7:B5,-69,13,86,86,0,0
161957697,NODE_B0CBD8F33218,victim,2,28:05:A5:32:D7:B5,-70,13,86,86,0,0
162057701,NODE_B0CBD8F33218,victim,2,28:05:A5:32:D7:B5,-70,13,86,86,0,0
162167703,NODE_B0CBD8F33218,victim,2,28:05:A5:32:D7:B5,-70,13,86,86,0,0
162267693,NODE_B0CBD8F33218,victim,2,28:05:A5:32:D7:B5,-69,13,86,86,0,0
162367697,NODE_B0CBD8F33218,victim,2,28:05:A5:32:D7:B5,-70,13,86,86,0,0
162467695,NODE_B0CBD8F33218,victim,2,28:05:A5:32:D7:B5,-69,13,86,86,0,0
162577703,NODE_B0CBD8F33218,victim,2,28:05:A5:32:D7:B5,-69,13,86,86,0,0
162677693,NODE_B0CBD8F33218,victim,2,28:05:A5:32:D7:B5,-69,13,86,86,0,0
162778083,NODE_B0CBD8F33218,victim,2,28:05:A5:32:D7:B5,-69,13,87,87,0,0
162877699,NODE_B0CBD8F33218,victim,2,28:05:A5:32:D7:B5,-70,13,87,87,0,0
162987697,NODE_B0CBD8F33218,victim,2,28:05:A5:32:D7:B5,-71,13,87,87,0,0
163087701,NODE_B0CBD8F33218,victim,2,28:05:A5:32:D7:B5,-70,13,87,87,0,0
163197697,NODE_B0CBD8F33218,victim,2,28:05:A5:32:D7:B5,-70,13,87,87,0,0
163297695,NODE_B0CBD8F33218,victim,2,28:05:A5:32:D7:B5,-69,13,87,87,0,0
163397697,NODE_B0CBD8F33218,victim,2,28:05:A5:32:D7:B5,-69,13,87,87,0,0
163497693,NODE_B0CBD8F33218,victim,2,28:05:A5:32:D7:B5,-68,13,87,87,0,0
163597699,NODE_B0CBD8F33218,victim,2,28:05:A5:32:D7:B5,-69,13,87,87,0,0
163697693,NODE_B0CBD8F33218,victim,2,28:05:A5:32:D7:B5,-70,13,87,87,0,0
163807701,NODE_B0CBD8F33218,victim,2,28:05:A5:32:D7:B5,-70,13,88,88,0,0
163907695,NODE_B0CBD8F33218,victim,2,28:05:A5:32:D7:B5,-73,13,88,88,0,0
164007693,NODE_B0CBD8F33218,victim,2,28:05:A5:32:D7:B5,-70,13,88,88,0,0
164117705,NODE_B0CBD8F33218,victim,2,28:05:A5:32:D7:B5,-71,13,88,88,0,0
164217697,NODE_B0CBD8F33218,victim,2,28:05:A5:32:D7:B5,-69,13,88,88,0,0
164317695,NODE_B0CBD8F33218,victim,2,28:05:A5:32:D7:B5,-70,13,88,88,0,0
164427697,NODE_B0CBD8F33218,victim,2,28:05:A5:32:D7:B5,-69,13,88,88,0,0
164527693,NODE_B0CBD8F33218,victim,2,28:05:A5:32:D7:B5,-68,13,88,88,0,0
164627702,NODE_B0CBD8F33218,victim,2,28:05:A5:32:D7:B5,-69,13,88,88,0,0
164727693,NODE_B0CBD8F33218,victim,2,28:05:A5:32:D7:B5,-69,13,89,89,0,0
164837701,NODE_B0CBD8F33218,victim,2,28:05:A5:32:D7:B5,-70,13,89,89,0,0
164937693,NODE_B0CBD8F33218,victim,2,28:05:A5:32:D7:B5,-70,13,89,89,0,0
165038101,NODE_B0CBD8F33218,victim,2,28:05:A5:32:D7:B5,-69,13,89,89,0,0
165147705,NODE_B0CBD8F33218,victim,2,28:05:A5:32:D7:B5,-70,13,89,89,0,0
165247697,NODE_B0CBD8F33218,victim,2,28:05:A5:32:D7:B5,-70,13,89,89,0,0
165347695,NODE_B0CBD8F33218,victim,2,28:05:A5:32:D7:B5,-69,13,89,89,0,0
165457699,NODE_B0CBD8F33218,victim,2,28:05:A5:32:D7:B5,-68,13,89,89,0,0
165557697,NODE_B0CBD8F33218,victim,2,28:05:A5:32:D7:B5,-68,13,89,89,0,0
165657697,NODE_B0CBD8F33218,victim,2,28:05:A5:32:D7:B5,-69,13,89,89,0,0
165757703,NODE_B0CBD8F33218,victim,2,28:05:A5:32:D7:B5,-69,13,90,90,0,0
165867701,NODE_B0CBD8F33218,victim,2,28:05:A5:32:D7:B5,-69,13,90,90,0,0
165967697,NODE_B0CBD8F33218,victim,2,28:05:A5:32:D7:B5,-69,13,90,90,0,0
166067703,NODE_B0CBD8F33218,victim,2,28:05:A5:32:D7:B5,-70,13,90,90,0,0
166177699,NODE_B0CBD8F33218,victim,2,28:05:A5:32:D7:B5,-71,13,90,90,0,0
166277697,NODE_B0CBD8F33218,victim,2,28:05:A5:32:D7:B5,-76,13,90,90,0,0
166377693,NODE_B0CBD8F33218,victim,2,28:05:A5:32:D7:B5,-74,13,90,90,0,0
166487699,NODE_B0CBD8F33218,victim,2,28:05:A5:32:D7:B5,-71,13,90,90,0,0
166587693,NODE_B0CBD8F33218,victim,2,28:05:A5:32:D7:B5,-70,13,90,90,0,0
166687697,NODE_B0CBD8F33218,victim,2,28:05:A5:32:D7:B5,-67,13,90,90,0,0
166787707,NODE_B0CBD8F33218,victim,2,28:05:A5:32:D7:B5,-67,13,91,91,0,0
166897699,NODE_B0CBD8F33218,victim,2,28:05:A5:32:D7:B5,-67,13,91,91,0,0
166997693,NODE_B0CBD8F33218,victim,2,28:05:A5:32:D7:B5,-69,13,91,91,0,0
167097701,NODE_B0CBD8F33218,victim,2,28:05:A5:32:D7:B5,-69,13,91,91,0,0
167207703,NODE_B0CBD8F33218,victim,2,28:05:A5:32:D7:B5,-70,13,91,91,0,0
167307697,NODE_B0CBD8F33218,victim,2,28:05:A5:32:D7:B5,-70,13,91,91,0,0
167407693,NODE_B0CBD8F33218,victim,2,28:05:A5:32:D7:B5,-71,13,91,91,0,0
167517693,NODE_B0CBD8F33218,victim,2,28:05:A5:32:D7:B5,-70,13,91,91,0,0
167617695,NODE_B0CBD8F33218,victim,2,28:05:A5:32:D7:B5,-69,13,91,91,0,0
167718161,NODE_B0CBD8F33218,victim,2,28:05:A5:32:D7:B5,-70,13,91,91,0,0
167817697,NODE_B0CBD8F33218,victim,2,28:05:A5:32:D7:B5,-68,13,92,92,0,0
167917699,NODE_B0CBD8F33218,victim,2,28:05:A5:32:D7:B5,-68,13,92,92,0,0
168017693,NODE_B0CBD8F33218,victim,2,28:05:A5:32:D7:B5,-68,13,92,92,0,0
168127701,NODE_B0CBD8F33218,victim,2,28:05:A5:32:D7:B5,-69,13,92,92,0,0
168227703,NODE_B0CBD8F33218,victim,2,28:05:A5:32:D7:B5,-68,13,92,92,0,0
168337699,NODE_B0CBD8F33218,victim,2,28:05:A5:32:D7:B5,-70,13,92,92,0,0
168437693,NODE_B0CBD8F33218,victim,2,28:05:A5:32:D7:B5,-71,13,92,92,0,0
168537697,NODE_B0CBD8F33218,victim,2,28:05:A5:32:D7:B5,-71,13,92,92,0,0
168637699,NODE_B0CBD8F33218,victim,2,28:05:A5:32:D7:B5,-71,13,92,92,0,0
168747697,NODE_B0CBD8F33218,victim,2,28:05:A5:32:D7:B5,-70,13,93,93,0,0
168847697,NODE_B0CBD8F33218,victim,2,28:05:A5:32:D7:B5,-70,13,93,93,0,0
168947699,NODE_B0CBD8F33218,victim,2,28:05:A5:32:D7:B5,-74,13,93,93,0,0
169047697,NODE_B0CBD8F33218,victim,2,28:05:A5:32:D7:B5,-74,13,93,93,0,0
169157697,NODE_B0CBD8F33218,victim,2,28:05:A5:32:D7:B5,-75,13,93,93,0,0
169257697,NODE_B0CBD8F33218,victim,2,28:05:A5:32:D7:B5,-73,13,93,93,0,0
169367699,NODE_B0CBD8F33218,victim,2,28:05:A5:32:D7:B5,-71,13,93,93,0,0
169467693,NODE_B0CBD8F33218,victim,2,28:05:A5:32:D7:B5,-72,13,93,93,0,0
169567701,NODE_B0CBD8F33218,victim,2,28:05:A5:32:D7:B5,-72,13,93,93,0,0
169667695,NODE_B0CBD8F33218,victim,2,28:05:A5:32:D7:B5,-71,13,93,93,0,0
169777703,NODE_B0CBD8F33218,victim,2,28:05:A5:32:D7:B5,-71,13,94,94,0,0
169877693,NODE_B0CBD8F33218,victim,2,28:05:A5:32:D7:B5,-72,13,94,94,0,0
169977697,NODE_B0CBD8F33218,victim,2,28:05:A5:32:D7:B5,-74,13,94,94,0,0
170077699,NODE_B0CBD8F33218,victim,2,28:05:A5:32:D7:B5,-74,13,94,94,0,0
170187697,NODE_B0CBD8F33218,victim,2,28:05:A5:32:D7:B5,-73,13,94,94,0,0
170287697,NODE_B0CBD8F33218,victim,2,28:05:A5:32:D7:B5,-73,13,94,94,0,0
170397697,NODE_B0CBD8F33218,victim,2,28:05:A5:32:D7:B5,-73,13,94,94,0,0
170497695,NODE_B0CBD8F33218,victim,2,28:05:A5:32:D7:B5,-71,13,94,94,0,0
170597697,NODE_B0CBD8F33218,victim,2,28:05:A5:32:D7:B5,-71,13,94,94,0,0
170697693,NODE_B0CBD8F33218,victim,2,28:05:A5:32:D7:B5,-72,13,94,94,0,0
170807702,NODE_B0CBD8F33218,victim,2,28:05:A5:32:D7:B5,-72,13,95,95,0,0
170907693,NODE_B0CBD8F33218,victim,2,28:05:A5:32:D7:B5,-73,13,95,95,0,0
171007697,NODE_B0CBD8F33218,victim,2,28:05:A5:32:D7:B5,-72,13,95,95,0,0
171107699,NODE_B0CBD8F33218,victim,2,28:05:A5:32:D7:B5,-72,13,95,95,0,0
171217703,NODE_B0CBD8F33218,victim,2,28:05:A5:32:D7:B5,-72,13,95,95,0,0
171317697,NODE_B0CBD8F33218,victim,2,28:05:A5:32:D7:B5,-72,13,95,95,0,0
171427697,NODE_B0CBD8F33218,victim,2,28:05:A5:32:D7:B5,-73,13,95,95,0,0
171527866,NODE_B0CBD8F33218,victim,2,28:05:A5:32:D7:B5,-74,13,95,95,0,0
171627701,NODE_B0CBD8F33218,victim,2,28:05:A5:32:D7:B5,-76,13,95,95,0,0
171727697,NODE_B0CBD8F33218,victim,2,28:05:A5:32:D7:B5,-76,13,96,96,0,0
171827917,NODE_B0CBD8F33218,victim,2,28:05:A5:32:D7:B5,-77,13,96,96,0,0
171927697,NODE_B0CBD8F33218,victim,2,28:05:A5:32:D7:B5,-76,13,96,96,0,0
172038104,NODE_B0CBD8F33218,victim,2,28:05:A5:32:D7:B5,-77,13,96,96,0,0
172137693,NODE_B0CBD8F33218,victim,2,28:05:A5:32:D7:B5,-76,13,96,96,0,0
172237699,NODE_B0CBD8F33218,victim,2,28:05:A5:32:D7:B5,-76,13,96,96,0,0
172347693,NODE_B0CBD8F33218,victim,2,28:05:A5:32:D7:B5,-77,13,96,96,0,0
172447697,NODE_B0CBD8F33218,victim,2,28:05:A5:32:D7:B5,-76,13,96,96,0,0
172547695,NODE_B0CBD8F33218,victim,2,28:05:A5:32:D7:B5,-72,13,96,96,0,0
172657699,NODE_B0CBD8F33218,victim,2,28:05:A5:32:D7:B5,-70,13,96,96,0,0
172757697,NODE_B0CBD8F33218,victim,2,28:05:A5:32:D7:B5,-68,13,97,97,0,0
172857697,NODE_B0CBD8F33218,victim,2,28:05:A5:32:D7:B5,-71,13,97,97,0,0
172957695,NODE_B0CBD8F33218,victim,2,28:05:A5:32:D7:B5,-72,13,97,97,0,0
173067701,NODE_B0CBD8F33218,victim,2,28:05:A5:32:D7:B5,-71,13,97,97,0,0
173167697,NODE_B0CBD8F33218,victim,2,28:05:A5:32:D7:B5,-68,13,97,97,0,0
173267699,NODE_B0CBD8F33218,victim,2,28:05:A5:32:D7:B5,-69,13,97,97,0,0
173377699,NODE_B0CBD8F33218,victim,2,28:05:A5:32:D7:B5,-69,13,97,97,0,0
173477697,NODE_B0CBD8F33218,victim,2,28:05:A5:32:D7:B5,-69,13,97,97,0,0
173577693,NODE_B0CBD8F33218,victim,2,28:05:A5:32:D7:B5,-69,13,97,97,0,0
173687699,NODE_B0CBD8F33218,victim,2,28:05:A5:32:D7:B5,-68,13,97,97,0,0
173787697,NODE_B0CBD8F33218,victim,2,28:05:A5:32:D7:B5,-68,13,98,98,0,0
173887697,NODE_B0CBD8F33218,victim,2,28:05:A5:32:D7:B5,-69,13,98,98,0,0
173987695,NODE_B0CBD8F33218,victim,2,28:05:A5:32:D7:B5,-71,13,98,98,0,0
174097703,NODE_B0CBD8F33218,victim,2,28:05:A5:32:D7:B5,-72,13,98,98,0,0
174197693,NODE_B0CBD8F33218,victim,2,28:05:A5:32:D7:B5,-72,13,98,98,0,0
174297697,NODE_B0CBD8F33218,victim,2,28:05:A5:32:D7:B5,-72,13,98,98,0,0
174407699,NODE_B0CBD8F33218,victim,2,28:05:A5:32:D7:B5,-72,13,98,98,0,0
174507697,NODE_B0CBD8F33218,victim,2,28:05:A5:32:D7:B5,-71,13,98,98,0,0
174607697,NODE_B0CBD8F33218,victim,2,28:05:A5:32:D7:B5,-74,13,98,98,0,0
174718489,NODE_B0CBD8F33218,victim,2,28:05:A5:32:D7:B5,-72,13,98,98,0,0
174817762,NODE_B0CBD8F33218,victim,2,28:05:A5:32:D7:B5,-71,13,99,99,0,0
174917697,NODE_B0CBD8F33218,victim,2,28:05:A5:32:D7:B5,-76,13,99,99,0,0
175017693,NODE_B0CBD8F33218,victim,2,28:05:A5:32:D7:B5,-72,13,99,99,0,0
175117703,NODE_B0CBD8F33218,victim,2,28:05:A5:32:D7:B5,-70,13,99,99,0,0
175217693,NODE_B0CBD8F33218,victim,2,28:05:A5:32:D7:B5,-70,13,99,99,0,0
175327697,NODE_B0CBD8F33218,victim,2,28:05:A5:32:D7:B5,-72,13,99,99,0,0
175437697,NODE_B0CBD8F33218,victim,2,28:05:A5:32:D7:B5,-73,13,99,99,0,0
175537699,NODE_B0CBD8F33218,victim,2,28:05:A5:32:D7:B5,-72,13,99,99,0,0
175637693,NODE_B0CBD8F33218,victim,2,28:05:A5:32:D7:B5,-74,13,99,99,0,0
175747697,NODE_B0CBD8F33218,victim,2,28:05:A5:32:D7:B5,-72,13,100,100,0,0
175847695,NODE_B0CBD8F33218,victim,2,28:05:A5:32:D7:B5,-72,13,100,100,0,0
175947697,NODE_B0CBD8F33218,victim,2,28:05:A5:32:D7:B5,-74,13,100,100,0,0
176047697,NODE_B0CBD8F33218,victim,2,28:05:A5:32:D7:B5,-74,13,100,100,0,0
176147703,NODE_B0CBD8F33218,victim,2,28:05:A5:32:D7:B5,-74,13,100,100,0,0
176257699,NODE_B0CBD8F33218,victim,2,28:05:A5:32:D7:B5,-72,13,100,100,0,0
176357693,NODE_B0CBD8F33218,victim,2,28:05:A5:32:D7:B5,-72,13,100,100,0,0
176457697,NODE_B0CBD8F33218,victim,2,28:05:A5:32:D7:B5,-74,13,100,100,0,0
176567698,NODE_B0CBD8F33218,victim,2,28:05:A5:32:D7:B5,-74,13,100,100,0,0
176667693,NODE_B0CBD8F33218,victim,2,28:05:A5:32:D7:B5,-74,13,100,100,0,0
176767701,NODE_B0CBD8F33218,victim,2,28:05:A5:32:D7:B5,-72,13,101,101,0,0
176867695,NODE_B0CBD8F33218,victim,2,28:05:A5:32:D7:B5,-72,13,101,101,0,0
176977699,NODE_B0CBD8F33218,victim,2,28:05:A5:32:D7:B5,-74,13,101,101,0,0
177077697,NODE_B0CBD8F33218,victim,2,28:05:A5:32:D7:B5,-74,13,101,101,0,0
177177701,NODE_B0CBD8F33218,victim,2,28:05:A5:32:D7:B5,-74,13,101,101,0,0
177287695,NODE_B0CBD8F33218,victim,2,28:05:A5:32:D7:B5,-73,13,101,101,0,0
177387693,NODE_B0CBD8F33218,victim,2,28:05:A5:32:D7:B5,-73,13,101,101,0,0
177487693,NODE_B0CBD8F33218,victim,2,28:05:A5:32:D7:B5,-73,13,101,101,0,0
177597701,NODE_B0CBD8F33218,victim,2,28:05:A5:32:D7:B5,-73,13,101,101,0,0
177697695,NODE_B0CBD8F33218,victim,2,28:05:A5:32:D7:B5,-75,13,101,101,0,0
177797697,NODE_B0CBD8F33218,victim,2,28:05:A5:32:D7:B5,-71,13,102,102,0,0
177897697,NODE_B0CBD8F33218,victim,2,28:05:A5:32:D7:B5,-74,13,102,102,0,0
178007699,NODE_B0CBD8F33218,victim,2,28:05:A5:32:D7:B5,-73,13,102,102,0,0
178107697,NODE_B0CBD8F33218,victim,2,28:05:A5:32:D7:B5,-72,13,102,102,0,0
178207700,NODE_B0CBD8F33218,victim,2,28:05:A5:32:D7:B5,-71,13,102,102,0,0
178317693,NODE_B0CBD8F33218,victim,2,28:05:A5:32:D7:B5,-72,13,102,102,0,0
178417695,NODE_B0CBD8F33218,victim,2,28:05:A5:32:D7:B5,-71,13,102,102,0,0
178517697,NODE_B0CBD8F33218,victim,2,28:05:A5:32:D7:B5,-72,13,102,102,0,0
178627693,NODE_B0CBD8F33218,victim,2,28:05:A5:32:D7:B5,-69,13,102,102,0,0
178728485,NODE_B0CBD8F33218,victim,2,28:05:A5:32:D7:B5,-70,13,102,102,0,0
178827701,NODE_B0CBD8F33218,victim,2,28:05:A5:32:D7:B5,-70,13,103,103,0,0
178927693,NODE_B0CBD8F33218,victim,2,28:05:A5:32:D7:B5,-70,13,103,103,0,0
179038108,NODE_B0CBD8F33218,victim,2,28:05:A5:32:D7:B5,-71,13,103,103,0,0
179137699,NODE_B0CBD8F33218,victim,2,28:05:A5:32:D7:B5,-71,13,103,103,0,0
179237697,NODE_B0CBD8F33218,victim,2,28:05:A5:32:D7:B5,-69,13,103,103,0,0
179347697,NODE_B0CBD8F33218,victim,2,28:05:A5:32:D7:B5,-69,13,103,103,0,0
179447695,NODE_B0CBD8F33218,victim,2,28:05:A5:32:D7:B5,-70,13,103,103,0,0
179547701,NODE_B0CBD8F33218,victim,2,28:05:A5:32:D7:B5,-70,13,103,103,0,0
179657697,NODE_B0CBD8F33218,victim,2,28:05:A5:32:D7:B5,-72,13,103,103,0,0
179757697,NODE_B0CBD8F33218,victim,2,28:05:A5:32:D7:B5,-71,13,104,104,0,0
179857699,NODE_B0CBD8F33218,victim,2,28:05:A5:32:D7:B5,-71,13,104,104,0,0
179957693,NODE_B0CBD8F33218,victim,2,28:05:A5:32:D7:B5,-71,13,104,104,0,0
180067701,NODE_B0CBD8F33218,victim,2,28:05:A5:32:D7:B5,-71,13,104,104,0,0
180167698,NODE_B0CBD8F33218,victim,2,28:05:A5:32:D7:B5,-70,13,104,104,0,0
180267693,NODE_B0CBD8F33218,victim,2,28:05:A5:32:D7:B5,-69,13,104,104,0,0
180377697,NODE_B0CBD8F33218,victim,2,28:05:A5:32:D7:B5,-70,13,104,104,0,0
180478487,NODE_B0CBD8F33218,victim,2,28:05:A5:32:D7:B5,-70,13,104,104,0,0
180577699,NODE_B0CBD8F33218,victim,2,28:05:A5:32:D7:B5,-70,13,104,104,0,0
180687697,NODE_B0CBD8F33218,victim,2,28:05:A5:32:D7:B5,-69,13,104,104,0,0
180787701,NODE_B0CBD8F33218,victim,2,28:05:A5:32:D7:B5,-69,13,105,105,0,0
180888490,NODE_B0CBD8F33218,victim,2,28:05:A5:32:D7:B5,-69,13,105,105,0,0
180987859,NODE_B0CBD8F33218,victim,2,28:05:A5:32:D7:B5,-69,13,105,105,0,0
181097701,NODE_B0CBD8F33218,victim,2,28:05:A5:32:D7:B5,-69,13,105,105,0,0
181197693,NODE_B0CBD8F33218,victim,2,28:05:A5:32:D7:B5,-70,13,105,105,0,0
181298184,NODE_B0CBD8F33218,victim,2,28:05:A5:32:D7:B5,-70,13,105,105,0,0
181407697,NODE_B0CBD8F33218,victim,2,28:05:A5:32:D7:B5,-70,13,105,105,0,0
181507693,NODE_B0CBD8F33218,victim,2,28:05:A5:32:D7:B5,-69,13,105,105,0,0
181607694,NODE_B0CBD8F33218,victim,2,28:05:A5:32:D7:B5,-69,13,105,105,0,0
181717699,NODE_B0CBD8F33218,victim,2,28:05:A5:32:D7:B5,-69,13,105,105,0,0
181817705,NODE_B0CBD8F33218,victim,2,28:05:A5:32:D7:B5,-70,13,106,106,0,0
181917697,NODE_B0CBD8F33218,victim,2,28:05:A5:32:D7:B5,-72,13,106,106,0,0
182017695,NODE_B0CBD8F33218,victim,2,28:05:A5:32:D7:B5,-71,13,106,106,0,0
182127705,NODE_B0CBD8F33218,victim,2,28:05:A5:32:D7:B5,-69,13,106,106,0,0
182227693,NODE_B0CBD8F33218,victim,2,28:05:A5:32:D7:B5,-69,13,106,106,0,0
182327699,NODE_B0CBD8F33218,victim,2,28:05:A5:32:D7:B5,-69,13,106,106,0,0
182437699,NODE_B0CBD8F33218,victim,2,28:05:A5:32:D7:B5,-69,13,106,106,0,0
182537693,NODE_B0CBD8F33218,victim,2,28:05:A5:32:D7:B5,-68,13,106,106,0,0
182637697,NODE_B0CBD8F33218,victim,2,28:05:A5:32:D7:B5,-69,13,106,106,0,0
182747699,NODE_B0CBD8F33218,victim,2,28:05:A5:32:D7:B5,-68,13,107,107,0,0
182847693,NODE_B0CBD8F33218,victim,2,28:05:A5:32:D7:B5,-68,13,107,107,0,0
182947701,NODE_B0CBD8F33218,victim,2,28:05:A5:32:D7:B5,-68,13,107,107,0,0
183047901,NODE_B0CBD8F33218,victim,2,28:05:A5:32:D7:B5,-69,13,107,107,0,0
183147788,NODE_B0CBD8F33218,victim,2,28:05:A5:32:D7:B5,-70,13,107,107,0,0
183247693,NODE_B0CBD8F33218,victim,2,28:05:A5:32:D7:B5,-69,13,107,107,0,0
183357697,NODE_B0CBD8F33218,victim,2,28:05:A5:32:D7:B5,-68,13,107,107,0,0
183457699,NODE_B0CBD8F33218,victim,2,28:05:A5:32:D7:B5,-68,13,107,107,0,0
183557697,NODE_B0CBD8F33218,victim,2,28:05:A5:32:D7:B5,-68,13,107,107,0,0
183668071,NODE_B0CBD8F33218,victim,2,28:05:A5:32:D7:B5,-69,13,107,107,0,0
183777701,NODE_B0CBD8F33218,victim,2,28:05:A5:32:D7:B5,-71,13,108,108,0,0
183877699,NODE_B0CBD8F33218,victim,2,28:05:A5:32:D7:B5,-71,13,108,108,0,0
183977701,NODE_B0CBD8F33218,victim,2,28:05:A5:32:D7:B5,-71,13,108,108,0,0
184077697,NODE_B0CBD8F33218,victim,2,28:05:A5:32:D7:B5,-71,13,108,108,0,0
184177699,NODE_B0CBD8F33218,victim,2,28:05:A5:32:D7:B5,-71,13,108,108,0,0
184277693,NODE_B0CBD8F33218,victim,2,28:05:A5:32:D7:B5,-71,13,108,108,0,0
184387697,NODE_B0CBD8F33218,victim,2,28:05:A5:32:D7:B5,-72,13,108,108,0,0
184487699,NODE_B0CBD8F33218,victim,2,28:05:A5:32:D7:B5,-70,13,108,108,0,0
184587697,NODE_B0CBD8F33218,victim,2,28:05:A5:32:D7:B5,-70,13,108,108,0,0
184697697,NODE_B0CBD8F33218,victim,2,28:05:A5:32:D7:B5,-69,13,108,108,0,0
184797701,NODE_B0CBD8F33218,victim,2,28:05:A5:32:D7:B5,-70,13,109,109,0,0
184897695,NODE_B0CBD8F33218,victim,2,28:05:A5:32:D7:B5,-71,13,109,109,0,0
185008010,NODE_B0CBD8F33218,victim,2,28:05:A5:32:D7:B5,-71,13,109,109,0,0
185107697,NODE_B0CBD8F33218,victim,2,28:05:A5:32:D7:B5,-71,13,109,109,0,0
185207703,NODE_B0CBD8F33218,victim,2,28:05:A5:32:D7:B5,-71,13,109,109,0,0
185307693,NODE_B0CBD8F33218,victim,2,28:05:A5:32:D7:B5,-70,13,109,109,0,0
185417697,NODE_B0CBD8F33218,victim,2,28:05:A5:32:D7:B5,-71,13,109,109,0,0
185517697,NODE_B0CBD8F33218,victim,2,28:05:A5:32:D7:B5,-71,13,109,109,0,0
185617695,NODE_B0CBD8F33218,victim,2,28:05:A5:32:D7:B5,-71,13,109,109,0,0
185728484,NODE_B0CBD8F33218,victim,2,28:05:A5:32:D7:B5,-71,13,109,109,0,0
185827701,NODE_B0CBD8F33218,victim,2,28:05:A5:32:D7:B5,-72,13,110,110,0,0
185927695,NODE_B0CBD8F33218,victim,2,28:05:A5:32:D7:B5,-72,13,110,110,0,0
186038105,NODE_B0CBD8F33218,victim,2,28:05:A5:32:D7:B5,-71,13,110,110,0,0
186137693,NODE_B0CBD8F33218,victim,2,28:05:A5:32:D7:B5,-72,13,110,110,0,0
186237701,NODE_B0CBD8F33218,victim,2,28:05:A5:32:D7:B5,-72,13,110,110,0,0
186337695,NODE_B0CBD8F33218,victim,2,28:05:A5:32:D7:B5,-70,13,110,110,0,0
186447697,NODE_B0CBD8F33218,victim,2,28:05:A5:32:D7:B5,-69,13,110,110,0,0
186548681,NODE_B0CBD8F33218,victim,2,28:05:A5:32:D7:B5,-70,13,110,110,0,0
186647702,NODE_B0CBD8F33218,victim,2,28:05:A5:32:D7:B5,-71,13,110,110,0,0
186757703,NODE_B0CBD8F33218,victim,2,28:05:A5:32:D7:B5,-71,13,111,111,0,0
186857697,NODE_B0CBD8F33218,victim,2,28:05:A5:32:D7:B5,-73,13,111,111,0,0
186957697,NODE_B0CBD8F33218,victim,2,28:05:A5:32:D7:B5,-73,13,111,111,0,0
187067703,NODE_B0CBD8F33218,victim,2,28:05:A5:32:D7:B5,-72,13,111,111,0,0
187167693,NODE_B0CBD8F33218,victim,2,28:05:A5:32:D7:B5,-71,13,111,111,0,0
187267697,NODE_B0CBD8F33218,victim,2,28:05:A5:32:D7:B5,-71,13,111,111,0,0
187367695,NODE_B0CBD8F33218,victim,2,28:05:A5:32:D7:B5,-71,13,111,111,0,0
187477699,NODE_B0CBD8F33218,victim,2,28:05:A5:32:D7:B5,-71,13,111,111,0,0
187577693,NODE_B0CBD8F33218,victim,2,28:05:A5:32:D7:B5,-72,13,111,111,0,0
187677693,NODE_B0CBD8F33218,victim,2,28:05:A5:32:D7:B5,-77,13,111,111,0,0
187787703,NODE_B0CBD8F33218,victim,2,28:05:A5:32:D7:B5,-78,13,112,112,0,0
187887697,NODE_B0CBD8F33218,victim,2,28:05:A5:32:D7:B5,-71,13,112,112,0,0
187987693,NODE_B0CBD8F33218,victim,2,28:05:A5:32:D7:B5,-72,13,112,112,0,0
188097701,NODE_B0CBD8F33218,victim,2,28:05:A5:32:D7:B5,-70,13,112,112,0,0
188197699,NODE_B0CBD8F33218,victim,2,28:05:A5:32:D7:B5,-70,13,112,112,0,0
188297697,NODE_B0CBD8F33218,victim,2,28:05:A5:32:D7:B5,-71,13,112,112,0,0
188397693,NODE_B0CBD8F33218,victim,2,28:05:A5:32:D7:B5,-71,13,112,112,0,0
188507699,NODE_B0CBD8F33218,victim,2,28:05:A5:32:D7:B5,-70,13,112,112,0,0
188607697,NODE_B0CBD8F33218,victim,2,28:05:A5:32:D7:B5,-71,13,112,112,0,0
188707693,NODE_B0CBD8F33218,victim,2,28:05:A5:32:D7:B5,-73,13,112,112,0,0
188817701,NODE_B0CBD8F33218,victim,2,28:05:A5:32:D7:B5,-73,13,113,113,0,0
188917725,NODE_B0CBD8F33218,victim,2,28:05:A5:32:D7:B5,-70,13,113,113,0,0
189018169,NODE_B0CBD8F33218,victim,2,28:05:A5:32:D7:B5,-70,13,113,113,0,0
189127701,NODE_B0CBD8F33218,victim,2,28:05:A5:32:D7:B5,-70,13,113,113,0,0
189227699,NODE_B0CBD8F33218,victim,2,28:05:A5:32:D7:B5,-77,13,113,113,0,0
189327697,NODE_B0CBD8F33218,victim,2,28:05:A5:32:D7:B5,-79,13,113,113,0,0
189427693,NODE_B0CBD8F33218,victim,2,28:05:A5:32:D7:B5,-74,13,113,113,0,0
189537697,NODE_B0CBD8F33218,victim,2,28:05:A5:32:D7:B5,-72,13,113,113,0,0
189637703,NODE_B0CBD8F33218,victim,2,28:05:A5:32:D7:B5,-71,13,113,113,0,0
189737697,NODE_B0CBD8F33218,victim,2,28:05:A5:32:D7:B5,-72,13,114,114,0,0
189847701,NODE_B0CBD8F33218,victim,2,28:05:A5:32:D7:B5,-71,13,114,114,0,0
189947703,NODE_B0CBD8F33218,victim,2,28:05:A5:32:D7:B5,-70,13,114,114,0,0
190047697,NODE_B0CBD8F33218,victim,2,28:05:A5:32:D7:B5,-70,13,114,114,0,0
190157697,NODE_B0CBD8F33218,victim,2,28:05:A5:32:D7:B5,-72,13,114,114,0,0
190257693,NODE_B0CBD8F33218,victim,2,28:05:A5:32:D7:B5,-73,13,114,114,0,0
190357699,NODE_B0CBD8F33218,victim,2,28:05:A5:32:D7:B5,-75,13,114,114,0,0
190457693,NODE_B0CBD8F33218,victim,2,28:05:A5:32:D7:B5,-75,13,114,114,0,0
190567697,NODE_B0CBD8F33218,victim,2,28:05:A5:32:D7:B5,-73,13,114,114,0,0
190667699,NODE_B0CBD8F33218,victim,2,28:05:A5:32:D7:B5,-72,13,114,114,0,0
190767697,NODE_B0CBD8F33218,victim,2,28:05:A5:32:D7:B5,-71,13,115,115,0,0
190877697,NODE_B0CBD8F33218,victim,2,28:05:A5:32:D7:B5,-70,13,115,115,0,0
190977697,NODE_B0CBD8F33218,victim,2,28:05:A5:32:D7:B5,-70,13,115,115,0,0
191077699,NODE_B0CBD8F33218,victim,2,28:05:A5:32:D7:B5,-71,13,115,115,0,0
191187701,NODE_B0CBD8F33218,victim,2,28:05:A5:32:D7:B5,-71,13,115,115,0,0
191287693,NODE_B0CBD8F33218,victim,2,28:05:A5:32:D7:B5,-71,13,115,115,0,0
191387699,NODE_B0CBD8F33218,victim,2,28:05:A5:32:D7:B5,-71,13,115,115,0,0
191487693,NODE_B0CBD8F33218,victim,2,28:05:A5:32:D7:B5,-69,13,115,115,0,0
191597697,NODE_B0CBD8F33218,victim,2,28:05:A5:32:D7:B5,-70,13,115,115,0,0
191697697,NODE_B0CBD8F33218,victim,2,28:05:A5:32:D7:B5,-71,13,115,115,0,0
191797703,NODE_B0CBD8F33218,victim,2,28:05:A5:32:D7:B5,-74,13,116,116,0,0
191907808,NODE_B0CBD8F33218,victim,2,28:05:A5:32:D7:B5,-74,13,116,116,0,0
192007693,NODE_B0CBD8F33218,victim,2,28:05:A5:32:D7:B5,-73,13,116,116,0,0
192107699,NODE_B0CBD8F33218,victim,2,28:05:A5:32:D7:B5,-72,13,116,116,0,0
192217699,NODE_B0CBD8F33218,victim,2,28:05:A5:32:D7:B5,-72,13,116,116,0,0
192317693,NODE_B0CBD8F33218,victim,2,28:05:A5:32:D7:B5,-72,13,116,116,0,0
192417697,NODE_B0CBD8F33218,victim,2,28:05:A5:32:D7:B5,-72,13,116,116,0,0
192517695,NODE_B0CBD8F33218,victim,2,28:05:A5:32:D7:B5,-72,13,116,116,0,0
192627697,NODE_B0CBD8F33218,victim,2,28:05:A5:32:D7:B5,-71,13,116,116,0,0
192728489,NODE_B0CBD8F33218,victim,2,28:05:A5:32:D7:B5,-71,13,116,116,0,0
192827702,NODE_B0CBD8F33218,victim,2,28:05:A5:32:D7:B5,-71,13,117,117,0,0
192937703,NODE_B0CBD8F33218,victim,2,28:05:A5:32:D7:B5,-71,13,117,117,0,0
193038116,NODE_B0CBD8F33218,victim,2,28:05:A5:32:D7:B5,-71,13,117,117,0,0
193137693,NODE_B0CBD8F33218,victim,2,28:05:A5:32:D7:B5,-71,13,117,117,0,0
193247699,NODE_B0CBD8F33218,victim,2,28:05:A5:32:D7:B5,-71,13,117,117,0,0
193347693,NODE_B0CBD8F33218,victim,2,28:05:A5:32:D7:B5,-71,13,117,117,0,0
193447697,NODE_B0CBD8F33218,victim,2,28:05:A5:32:D7:B5,-70,13,117,117,0,0
193547695,NODE_B0CBD8F33218,victim,2,28:05:A5:32:D7:B5,-71,13,117,117,0,0
193647693,NODE_B0CBD8F33218,victim,2,28:05:A5:32:D7:B5,-71,13,117,117,0,0
193757697,NODE_B0CBD8F33218,victim,2,28:05:A5:32:D7:B5,-72,13,118,118,0,0
193857693,NODE_B0CBD8F33218,victim,2,28:05:A5:32:D7:B5,-74,13,118,118,0,0
193957699,NODE_B0CBD8F33218,victim,2,28:05:A5:32:D7:B5,-75,13,118,118,0,0
194067697,NODE_B0CBD8F33218,victim,2,28:05:A5:32:D7:B5,-73,13,118,118,0,0
194167697,NODE_B0CBD8F33218,victim,2,28:05:A5:32:D7:B5,-72,13,118,118,0,0
194277697,NODE_B0CBD8F33218,victim,2,28:05:A5:32:D7:B5,-71,13,118,118,0,0
194377695,NODE_B0CBD8F33218,victim,2,28:05:A5:32:D7:B5,-71,13,118,118,0,0
194477697,NODE_B0CBD8F33218,victim,2,28:05:A5:32:D7:B5,-70,13,118,118,0,0
194577697,NODE_B0CBD8F33218,victim,2,28:05:A5:32:D7:B5,-70,13,118,118,0,0
194677699,NODE_B0CBD8F33218,victim,2,28:05:A5:32:D7:B5,-69,13,118,118,0,0
194787697,NODE_B0CBD8F33218,victim,2,28:05:A5:32:D7:B5,-70,13,119,119,0,0
194887693,NODE_B0CBD8F33218,victim,2,28:05:A5:32:D7:B5,-71,13,119,119,0,0
194987699,NODE_B0CBD8F33218,victim,2,28:05:A5:32:D7:B5,-73,13,119,119,0,0
195097699,NODE_B0CBD8F33218,victim,2,28:05:A5:32:D7:B5,-73,13,119,119,0,0
195197697,NODE_B0CBD8F33218,victim,2,28:05:A5:32:D7:B5,-71,13,119,119,0,0
195297697,NODE_B0CBD8F33218,victim,2,28:05:A5:32:D7:B5,-71,13,119,119,0,0
195397695,NODE_B0CBD8F33218,victim,2,28:05:A5:32:D7:B5,-72,13,119,119,0,0
195507697,NODE_B0CBD8F33218,victim,2,28:05:A5:32:D7:B5,-73,13,119,119,0,0
195607697,NODE_B0CBD8F33218,victim,2,28:05:A5:32:D7:B5,-73,13,119,119,0,0
195707748,NODE_B0CBD8F33218,victim,2,28:05:A5:32:D7:B5,-74,13,119,119,0,0
195817703,NODE_B0CBD8F33218,victim,2,28:05:A5:32:D7:B5,-74,13,120,120,0,0
195917697,NODE_B0CBD8F33218,victim,2,28:05:A5:32:D7:B5,-74,13,120,120,0,0
196017697,NODE_B0CBD8F33218,victim,2,28:05:A5:32:D7:B5,-74,13,120,120,0,0
196127702,NODE_B0CBD8F33218,victim,2,28:05:A5:32:D7:B5,-74,13,120,120,0,0
196227693,NODE_B0CBD8F33218,victim,2,28:05:A5:32:D7:B5,-74,13,120,120,0,0
196327697,NODE_B0CBD8F33218,victim,2,28:05:A5:32:D7:B5,-75,13,120,120,0,0
196427695,NODE_B0CBD8F33218,victim,2,28:05:A5:32:D7:B5,-74,13,120,120,0,0
196537699,NODE_B0CBD8F33218,victim,2,28:05:A5:32:D7:B5,-74,13,120,120,0,0
196637693,NODE_B0CBD8F33218,victim,2,28:05:A5:32:D7:B5,-74,13,120,120,0,0
196737701,NODE_B0CBD8F33218,victim,2,28:05:A5:32:D7:B5,-74,13,121,121,0,0
196847691,NODE_B0CBD8F33218,victim,2,28:05:A5:32:D7:B5,-74,13,121,121,0,0
196947701,NODE_B0CBD8F33218,victim,2,28:05:A5:32:D7:B5,-74,13,121,121,0,0
197047697,NODE_B0CBD8F33218,victim,2,28:05:A5:32:D7:B5,-74,13,121,121,0,0
197157697,NODE_B0CBD8F33218,victim,2,28:05:A5:32:D7:B5,-74,13,121,121,0,0
197257691,NODE_B0CBD8F33218,victim,2,28:05:A5:32:D7:B5,-74,13,121,121,0,0
197357689,NODE_B0CBD8F33218,victim,2,28:05:A5:32:D7:B5,-74,13,121,121,0,0
197457689,NODE_B0CBD8F33218,victim,2,28:05:A5:32:D7:B5,-74,13,121,121,0,0
197567695,NODE_B0CBD8F33218,victim,2,28:05:A5:32:D7:B5,-74,13,121,121,0,0
197667689,NODE_B0CBD8F33218,victim,2,28:05:A5:32:D7:B5,-74,13,121,121,0,0
197767701,NODE_B0CBD8F33218,victim,2,28:05:A5:32:D7:B5,-73,13,122,122,0,0
197877693,NODE_B0CBD8F33218,victim,2,28:05:A5:32:D7:B5,-73,13,122,122,0,0
197977699,NODE_B0CBD8F33218,victim,2,28:05:A5:32:D7:B5,-73,13,122,122,0,0
198077807,NODE_B0CBD8F33218,victim,2,28:05:A5:32:D7:B5,-73,13,122,122,0,0
198187697,NODE_B0CBD8F33218,victim,2,28:05:A5:32:D7:B5,-73,13,122,122,0,0
198287691,NODE_B0CBD8F33218,victim,2,28:05:A5:32:D7:B5,-73,13,122,122,0,0
198387693,NODE_B0CBD8F33218,victim,2,28:05:A5:32:D7:B5,-73,13,122,122,0,0
198487689,NODE_B0CBD8F33218,victim,2,28:05:A5:32:D7:B5,-73,13,122,122,0,0
198597697,NODE_B0CBD8F33218,victim,2,28:05:A5:32:D7:B5,-73,13,122,122,0,0
198697691,NODE_B0CBD8F33218,victim,2,28:05:A5:32:D7:B5,-73,13,122,122,0,0
198797697,NODE_B0CBD8F33218,victim,2,28:05:A5:32:D7:B5,-77,13,123,123,0,0
198908008,NODE_B0CBD8F33218,victim,2,28:05:A5:32:D7:B5,-77,13,123,123,0,0
199007695,NODE_B0CBD8F33218,victim,2,28:05:A5:32:D7:B5,-77,13,123,123,0,0
199107697,NODE_B0CBD8F33218,victim,2,28:05:A5:32:D7:B5,-77,13,123,123,0,0
199217693,NODE_B0CBD8F33218,victim,2,28:05:A5:32:D7:B5,-77,13,123,123,0,0
199317689,NODE_B0CBD8F33218,victim,2,28:05:A5:32:D7:B5,-77,13,123,123,0,0
199417695,NODE_B0CBD8F33218,victim,2,28:05:A5:32:D7:B5,-77,13,123,123,0,0
199517689,NODE_B0CBD8F33218,victim,2,28:05:A5:32:D7:B5,-77,13,123,123,0,0
199627697,NODE_B0CBD8F33218,victim,2,28:05:A5:32:D7:B5,-77,13,123,123,0,0
199728489,NODE_B0CBD8F33218,victim,2,28:05:A5:32:D7:B5,-77,13,123,123,0,0
199827697,NODE_B0CBD8F33218,victim,2,28:05:A5:32:D7:B5,-74,13,124,124,0,0
199937697,NODE_B0CBD8F33218,victim,2,28:05:A5:32:D7:B5,-74,13,124,124,0,0
200038096,NODE_B0CBD8F33218,victim,2,28:05:A5:32:D7:B5,-74,13,124,124,0,0
200137699,NODE_B0CBD8F33218,victim,2,28:05:A5:32:D7:B5,-74,13,124,124,0,0
200247693,NODE_B0CBD8F33218,victim,2,28:05:A5:32:D7:B5,-74,13,124,124,0,0
200347689,NODE_B0CBD8F33218,victim,2,28:05:A5:32:D7:B5,-74,13,124,124,0,0
200447695,NODE_B0CBD8F33218,victim,2,28:05:A5:32:D7:B5,-74,13,124,124,0,0
200547689,NODE_B0CBD8F33218,victim,2,28:05:A5:32:D7:B5,-74,13,124,124,0,0
200657693,NODE_B0CBD8F33218,victim,2,28:05:A5:32:D7:B5,-74,13,124,124,0,0
200757697,NODE_B0CBD8F33218,victim,2,28:05:A5:32:D7:B5,-68,13,125,125,0,0
200857691,NODE_B0CBD8F33218,victim,2,28:05:A5:32:D7:B5,-68,13,125,125,0,0
200967697,NODE_B0CBD8F33218,victim,2,28:05:A5:32:D7:B5,-68,13,125,125,0,0
201067693,NODE_B0CBD8F33218,victim,2,28:05:A5:32:D7:B5,-68,13,125,125,0,0
201167699,NODE_B0CBD8F33218,victim,2,28:05:A5:32:D7:B5,-68,13,125,125,0,0
201277695,NODE_B0CBD8F33218,victim,2,28:05:A5:32:D7:B5,-68,13,125,125,0,0
201377689,NODE_B0CBD8F33218,victim,2,28:05:A5:32:D7:B5,-68,13,125,125,0,0
201477693,NODE_B0CBD8F33218,victim,2,28:05:A5:32:D7:B5,-68,13,125,125,0,0
201577695,NODE_B0CBD8F33218,victim,2,28:05:A5:32:D7:B5,-68,13,125,125,0,0
201687693,NODE_B0CBD8F33218,victim,2,28:05:A5:32:D7:B5,-68,13,125,125,0,0
201787697,NODE_B0CBD8F33218,victim,2,28:05:A5:32:D7:B5,-69,13,126,126,0,0
201887702,NODE_B0CBD8F33218,victim,2,28:05:A5:32:D7:B5,-69,13,126,126,0,0
201997703,NODE_B0CBD8F33218,victim,2,28:05:A5:32:D7:B5,-69,13,126,126,0,0
202097693,NODE_B0CBD8F33218,victim,2,28:05:A5:32:D7:B5,-69,13,126,126,0,0
202197689,NODE_B0CBD8F33218,victim,2,28:05:A5:32:D7:B5,-69,13,126,126,0,0
202307691,NODE_B0CBD8F33218,victim,2,28:05:A5:32:D7:B5,-69,13,126,126,0,0
202407689,NODE_B0CBD8F33218,victim,2,28:05:A5:32:D7:B5,-69,13,126,126,0,0
202507689,NODE_B0CBD8F33218,victim,2,28:05:A5:32:D7:B5,-69,13,126,126,0,0
202607695,NODE_B0CBD8F33218,victim,2,28:05:A5:32:D7:B5,-69,13,126,126,0,0
202707932,NODE_B0CBD8F33218,victim,2,28:05:A5:32:D7:B5,-69,13,126,126,0,0
202807697,NODE_B0CBD8F33218,victim,2,28:05:A5:32:D7:B5,-68,13,127,127,0,0
202917693,NODE_B0CBD8F33218,victim,2,28:05:A5:32:D7:B5,-68,13,127,127,0,0
203027698,NODE_B0CBD8F33218,victim,2,28:05:A5:32:D7:B5,-68,13,127,127,0,0
203127861,NODE_B0CBD8F33218,victim,2,28:05:A5:32:D7:B5,-68,13,127,127,0,0
203227701,NODE_B0CBD8F33218,victim,2,28:05:A5:32:D7:B5,-68,13,127,127,0,0
203337693,NODE_B0CBD8F33218,victim,2,28:05:A5:32:D7:B5,-68,13,127,127,0,0
203437691,NODE_B0CBD8F33218,victim,2,28:05:A5:32:D7:B5,-68,13,127,127,0,0
203537693,NODE_B0CBD8F33218,victim,2,28:05:A5:32:D7:B5,-68,13,127,127,0,0
203637693,NODE_B0CBD8F33218,victim,2,28:05:A5:32:D7:B5,-68,13,127,127,0,0
203738481,NODE_B0CBD8F33218,victim,2,28:05:A5:32:D7:B5,-68,13,127,127,0,0
203837697,NODE_B0CBD8F33218,victim,2,28:05:A5:32:D7:B5,-69,13,128,128,0,0
203947693,NODE_B0CBD8F33218,victim,2,28:05:A5:32:D7:B5,-69,13,128,128,0,0
204047703,NODE_B0CBD8F33218,victim,2,28:05:A5:32:D7:B5,-69,13,128,128,0,0
204147689,NODE_B0CBD8F33218,victim,2,28:05:A5:32:D7:B5,-69,13,128,128,0,0
204257689,NODE_B0CBD8F33218,victim,2,28:05:A5:32:D7:B5,-69,13,128,128,0,0
204357689,NODE_B0CBD8F33218,victim,2,28:05:A5:32:D7:B5,-69,13,128,128,0,0
204457691,NODE_B0CBD8F33218,victim,2,28:05:A5:32:D7:B5,-69,13,128,128,0,0
204567697,NODE_B0CBD8F33218,victim,2,28:05:A5:32:D7:B5,-69,13,128,128,0,0
204667689,NODE_B0CBD8F33218,victim,2,28:05:A5:32:D7:B5,-69,13,128,128,0,0
204767699,NODE_B0CBD8F33218,victim,2,28:05:A5:32:D7:B5,-69,13,129,129,0,0
204867697,NODE_B0CBD8F33218,victim,2,28:05:A5:32:D7:B5,-70,13,129,129,0,0
204977697,NODE_B0CBD8F33218,victim,2,28:05:A5:32:D7:B5,-70,13,129,129,0,0
205077701,NODE_B0CBD8F33218,victim,2,28:05:A5:32:D7:B5,-70,13,129,129,0,0
205177691,NODE_B0CBD8F33218,victim,2,28:05:A5:32:D7:B5,-70,13,129,129,0,0
205287689,NODE_B0CBD8F33218,victim,2,28:05:A5:32:D7:B5,-70,13,129,129,0,0
205387689,NODE_B0CBD8F33218,victim,2,28:05:A5:32:D7:B5,-70,13,129,129,0,0
205487691,NODE_B0CBD8F33218,victim,2,28:05:A5:32:D7:B5,-70,13,129,129,0,0
205597695,NODE_B0CBD8F33218,victim,2,28:05:A5:32:D7:B5,-70,13,129,129,0,0
205697689,NODE_B0CBD8F33218,victim,2,28:05:A5:32:D7:B5,-70,13,129,129,0,0
205797697,NODE_B0CBD8F33218,victim,2,28:05:A5:32:D7:B5,-70,13,130,130,0,0
205897691,NODE_B0CBD8F33218,victim,2,28:05:A5:32:D7:B5,-70,13,130,130,0,0
206007693,NODE_B0CBD8F33218,victim,2,28:05:A5:32:D7:B5,-70,13,130,130,0,0
206107701,NODE_B0CBD8F33218,victim,2,28:05:A5:32:D7:B5,-70,13,130,130,0,0
206207699,NODE_B0CBD8F33218,victim,2,28:05:A5:32:D7:B5,-70,13,130,130,0,0
206317691,NODE_B0CBD8F33218,victim,2,28:05:A5:32:D7:B5,-70,13,130,130,0,0
206417689,NODE_B0CBD8F33218,victim,2,28:05:A5:32:D7:B5,-70,13,130,130,0,0
206517689,NODE_B0CBD8F33218,victim,2,28:05:A5:32:D7:B5,-70,13,130,130,0,0
206627695,NODE_B0CBD8F33218,victim,2,28:05:A5:32:D7:B5,-70,13,130,130,0,0
206727701,NODE_B0CBD8F33218,victim,2,28:05:A5:32:D7:B5,-70,13,130,130,0,0
206827697,NODE_B0CBD8F33218,victim,2,28:05:A5:32:D7:B5,-70,13,131,131,0,0
206927699,NODE_B0CBD8F33218,victim,2,28:05:A5:32:D7:B5,-69,13,131,131,0,0
207038321,NODE_B0CBD8F33218,victim,2,28:05:A5:32:D7:B5,-69,13,131,131,0,0
207137697,NODE_B0CBD8F33218,victim,2,28:05:A5:32:D7:B5,-69,13,131,131,0,0
207237697,NODE_B0CBD8F33218,victim,2,28:05:A5:32:D7:B5,-69,13,131,131,0,0
207347695,NODE_B0CBD8F33218,victim,2,28:05:A5:32:D7:B5,-69,13,131,131,0,0
207447776,NODE_B0CBD8F33218,victim,2,28:05:A5:32:D7:B5,-69,13,131,131,0,0
207548291,NODE_B0CBD8F33218,victim,2,28:05:A5:32:D7:B5,-69,13,131,131,0,0
207657697,NODE_B0CBD8F33218,victim,2,28:05:A5:32:D7:B5,-69,13,131,131,0,0
207757699,NODE_B0CBD8F33218,victim,2,28:05:A5:32:D7:B5,-69,13,132,132,0,0
207857697,NODE_B0CBD8F33218,victim,2,28:05:A5:32:D7:B5,-69,13,132,132,0,0
207957697,NODE_B0CBD8F33218,victim,2,28:05:A5:32:D7:B5,-68,13,132,132,0,0
208067695,NODE_B0CBD8F33218,victim,2,28:05:A5:32:D7:B5,-68,13,132,132,0,0
208167697,NODE_B0CBD8F33218,victim,2,28:05:A5:32:D7:B5,-68,13,132,132,0,0
208267689,NODE_B0CBD8F33218,victim,2,28:05:A5:32:D7:B5,-68,13,132,132,0,0
208377689,NODE_B0CBD8F33218,victim,2,28:05:A5:32:D7:B5,-68,13,132,132,0,0
208477691,NODE_B0CBD8F33218,victim,2,28:05:A5:32:D7:B5,-68,13,132,132,0,0
208577693,NODE_B0CBD8F33218,victim,2,28:05:A5:32:D7:B5,-68,13,132,132,0,0
208687693,NODE_B0CBD8F33218,victim,2,28:05:A5:32:D7:B5,-68,13,132,132,0,0
208787699,NODE_B0CBD8F33218,victim,2,28:05:A5:32:D7:B5,-68,13,133,133,0,0
208887693,NODE_B0CBD8F33218,victim,2,28:05:A5:32:D7:B5,-68,13,133,133,0,0
208987693,NODE_B0CBD8F33218,victim,2,28:05:A5:32:D7:B5,-68,13,133,133,0,0
209097697,NODE_B0CBD8F33218,victim,2,28:05:A5:32:D7:B5,-68,13,133,133,0,0
209197699,NODE_B0CBD8F33218,victim,2,28:05:A5:32:D7:B5,-68,13,133,133,0,0
209297689,NODE_B0CBD8F33218,victim,2,28:05:A5:32:D7:B5,-68,13,133,133,0,0
209407693,NODE_B0CBD8F33218,victim,2,28:05:A5:32:D7:B5,-68,13,133,133,0,0
209507695,NODE_B0CBD8F33218,victim,2,28:05:A5:32:D7:B5,-68,13,133,133,0,0
209607697,NODE_B0CBD8F33218,victim,2,28:05:A5:32:D7:B5,-68,13,133,133,0,0
209717693,NODE_B0CBD8F33218,victim,2,28:05:A5:32:D7:B5,-68,13,133,133,0,0
209817701,NODE_B0CBD8F33218,victim,2,28:05:A5:32:D7:B5,-68,13,134,134,0,0
209917695,NODE_B0CBD8F33218,victim,2,28:05:A5:32:D7:B5,-68,13,134,134,0,0
210017693,NODE_B0CBD8F33218,victim,2,28:05:A5:32:D7:B5,-69,13,134,134,0,0
210127697,NODE_B0CBD8F33218,victim,2,28:05:A5:32:D7:B5,-69,13,134,134,0,0
210227703,NODE_B0CBD8F33218,victim,2,28:05:A5:32:D7:B5,-69,13,134,134,0,0
210327689,NODE_B0CBD8F33218,victim,2,28:05:A5:32:D7:B5,-69,13,134,134,0,0
210437693,NODE_B0CBD8F33218,victim,2,28:05:A5:32:D7:B5,-69,13,134,134,0,0
210537693,NODE_B0CBD8F33218,victim,2,28:05:A5:32:D7:B5,-69,13,134,134,0,0
210637699,NODE_B0CBD8F33218,victim,2,28:05:A5:32:D7:B5,-69,13,134,134,0,0
210747697,NODE_B0CBD8F33218,victim,2,28:05:A5:32:D7:B5,-69,13,135,135,0,0
210847697,NODE_B0CBD8F33218,victim,2,28:05:A5:32:D7:B5,-69,13,135,135,0,0
210947699,NODE_B0CBD8F33218,victim,2,28:05:A5:32:D7:B5,-69,13,135,135,0,0
211047693,NODE_B0CBD8F33218,victim,2,28:05:A5:32:D7:B5,-67,13,135,135,0,0
211157689,NODE_B0CBD8F33218,victim,2,28:05:A5:32:D7:B5,-67,13,135,135,0,0
211257697,NODE_B0CBD8F33218,victim,2,28:05:A5:32:D7:B5,-67,13,135,135,0,0
211357691,NODE_B0CBD8F33218,victim,2,28:05:A5:32:D7:B5,-67,13,135,135,0,0
211467689,NODE_B0CBD8F33218,victim,2,28:05:A5:32:D7:B5,-67,13,135,135,0,0
211567689,NODE_B0CBD8F33218,victim,2,28:05:A5:32:D7:B5,-67,13,135,135,0,0
211667691,NODE_B0CBD8F33218,victim,2,28:05:A5:32:D7:B5,-67,13,135,135,0,0
211777699,NODE_B0CBD8F33218,victim,2,28:05:A5:32:D7:B5,-67,13,136,136,0,0
211877689,NODE_B0CBD8F33218,victim,2,28:05:A5:32:D7:B5,-67,13,136,136,0,0
211977693,NODE_B0CBD8F33218,victim,2,28:05:A5:32:D7:B5,-67,13,136,136,0,0
212077695,NODE_B0CBD8F33218,victim,2,28:05:A5:32:D7:B5,-72,13,136,136,0,0
212187705,NODE_B0CBD8F33218,victim,2,28:05:A5:32:D7:B5,-72,13,136,136,0,0
212287697,NODE_B0CBD8F33218,victim,2,28:05:A5:32:D7:B5,-72,13,136,136,0,0
212387691,NODE_B0CBD8F33218,victim,2,28:05:A5:32:D7:B5,-72,13,136,136,0,0
212497691,NODE_B0CBD8F33218,victim,2,28:05:A5:32:D7:B5,-72,13,136,136,0,0
212597689,NODE_B0CBD8F33218,victim,2,28:05:A5:32:D7:B5,-72,13,136,136,0,0
212697689,NODE_B0CBD8F33218,victim,2,28:05:A5:32:D7:B5,-72,13,136,136,0,0
212807698,NODE_B0CBD8F33218,victim,2,28:05:A5:32:D7:B5,-72,13,137,137,0,0
212907689,NODE_B0CBD8F33218,victim,2,28:05:A5:32:D7:B5,-72,13,137,137,0,0
213007693,NODE_B0CBD8F33218,victim,2,28:05:A5:32:D7:B5,-72,13,137,137,0,0
213107695,NODE_B0CBD8F33218,victim,2,28:05:A5:32:D7:B5,-72,13,137,137,0,0
213207697,NODE_B0CBD8F33218,victim,2,28:05:A5:32:D7:B5,-72,13,137,137,0,0
213317697,NODE_B0CBD8F33218,victim,2,28:05:A5:32:D7:B5,-72,13,137,137,0,0
213417689,NODE_B0CBD8F33218,victim,2,28:05:A5:32:D7:B5,-72,13,137,137,0,0
213517691,NODE_B0CBD8F33218,victim,2,28:05:A5:32:D7:B5,-72,13,137,137,0,0
213627697,NODE_B0CBD8F33218,victim,2,28:05:A5:32:D7:B5,-72,13,137,137,0,0
213727693,NODE_B0CBD8F33218,victim,2,28:05:A5:32:D7:B5,-72,13,137,137,0,0
213837697,NODE_B0CBD8F33218,victim,2,28:05:A5:32:D7:B5,-72,13,138,138,0,0
213937699,NODE_B0CBD8F33218,victim,2,28:05:A5:32:D7:B5,-72,13,138,138,0,0
214038104,NODE_B0CBD8F33218,victim,2,28:05:A5:32:D7:B5,-72,13,138,138,0,0
214137689,NODE_B0CBD8F33218,victim,2,28:05:A5:32:D7:B5,-72,13,138,138,0,0
214237695,NODE_B0CBD8F33218,victim,2,28:05:A5:32:D7:B5,-72,13,138,138,0,0
214347697,NODE_B0CBD8F33218,victim,2,28:05:A5:32:D7:B5,-72,13,138,138,0,0
214447689,NODE_B0CBD8F33218,victim,2,28:05:A5:32:D7:B5,-72,13,138,138,0,0
214547691,NODE_B0CBD8F33218,victim,2,28:05:A5:32:D7:B5,-72,13,138,138,0,0
214657691,NODE_B0CBD8F33218,victim,2,28:05:A5:32:D7:B5,-72,13,138,138,0,0
214757701,NODE_B0CBD8F33218,victim,2,28:05:A5:32:D7:B5,-72,13,139,139,0,0
214857689,NODE_B0CBD8F33218,victim,2,28:05:A5:32:D7:B5,-72,13,139,139,0,0
214957695,NODE_B0CBD8F33218,victim,2,28:05:A5:32:D7:B5,-72,13,139,139,0,0
215067697,NODE_B0CBD8F33218,victim,2,28:05:A5:32:D7:B5,-72,13,139,139,0,0
215167728,NODE_B0CBD8F33218,victim,2,28:05:A5:32:D7:B5,-74,13,139,139,0,0
215267690,NODE_B0CBD8F33218,victim,2,28:05:A5:32:D7:B5,-74,13,139,139,0,0
215377699,NODE_B0CBD8F33218,victim,2,28:05:A5:32:D7:B5,-74,13,139,139,0,0
215477689,NODE_B0CBD8F33218,victim,2,28:05:A5:32:D7:B5,-74,13,139,139,0,0
215577689,NODE_B0CBD8F33218,victim,2,28:05:A5:32:D7:B5,-74,13,139,139,0,0
215687690,NODE_B0CBD8F33218,victim,2,28:05:A5:32:D7:B5,-74,13,139,139,0,0
215787697,NODE_B0CBD8F33218,victim,2,28:05:A5:32:D7:B5,-74,13,140,140,0,0
215887693,NODE_B0CBD8F33218,victim,2,28:05:A5:32:D7:B5,-74,13,140,140,0,0
215987695,NODE_B0CBD8F33218,victim,2,28:05:A5:32:D7:B5,-74,13,140,140,0,0
216097699,NODE_B0CBD8F33218,victim,2,28:05:A5:32:D7:B5,-74,13,140,140,0,0
216197693,NODE_B0CBD8F33218,victim,2,28:05:A5:32:D7:B5,-70,13,140,140,0,0
216297689,NODE_B0CBD8F33218,victim,2,28:05:A5:32:D7:B5,-70,13,140,140,0,0
216407842,NODE_B0CBD8F33218,victim,2,28:05:A5:32:D7:B5,-70,13,140,140,0,0
216507689,NODE_B0CBD8F33218,victim,2,28:05:A5:32:D7:B5,-70,13,140,140,0,0
216607697,NODE_B0CBD8F33218,victim,2,28:05:A5:32:D7:B5,-70,13,140,140,0,0
216717693,NODE_B0CBD8F33218,victim,2,28:05:A5:32:D7:B5,-70,13,140,140,0,0
216817703,NODE_B0CBD8F33218,victim,2,28:05:A5:32:D7:B5,-70,13,141,141,0,0
216917697,NODE_B0CBD8F33218,victim,2,28:05:A5:32:D7:B5,-70,13,141,141,0,0
217017697,NODE_B0CBD8F33218,victim,2,28:05:A5:32:D7:B5,-70,13,141,141,0,0
217127695,NODE_B0CBD8F33218,victim,2,28:05:A5:32:D7:B5,-70,13,141,141,0,0
217227693,NODE_B0CBD8F33218,victim,2,28:05:A5:32:D7:B5,-70,13,141,141,0,0
217327693,NODE_B0CBD8F33218,victim,2,28:05:A5:32:D7:B5,-70,13,141,141,0,0
217437693,NODE_B0CBD8F33218,victim,2,28:05:A5:32:D7:B5,-70,13,141,141,0,0
217537691,NODE_B0CBD8F33218,victim,2,28:05:A5:32:D7:B5,-70,13,141,141,0,0
217637689,NODE_B0CBD8F33218,victim,2,28:05:A5:32:D7:B5,-70,13,141,141,0,0
217747697,NODE_B0CBD8F33218,victim,2,28:05:A5:32:D7:B5,-70,13,142,142,0,0
217847691,NODE_B0CBD8F33218,victim,2,28:05:A5:32:D7:B5,-70,13,142,142,0,0
217947693,NODE_B0CBD8F33218,victim,2,28:05:A5:32:D7:B5,-70,13,142,142,0,0
218047697,NODE_B0CBD8F33218,victim,2,28:05:A5:32:D7:B5,-70,13,142,142,0,0
218157701,NODE_B0CBD8F33218,victim,2,28:05:A5:32:D7:B5,-70,13,142,142,0,0
218257695,NODE_B0CBD8F33218,victim,2,28:05:A5:32:D7:B5,-71,13,142,142,0,0
218357693,NODE_B0CBD8F33218,victim,2,28:05:A5:32:D7:B5,-71,13,142,142,0,0
218467693,NODE_B0CBD8F33218,victim,2,28:05:A5:32:D7:B5,-71,13,142,142,0,0
218567691,NODE_B0CBD8F33218,victim,2,28:05:A5:32:D7:B5,-71,13,142,142,0,0
218667689,NODE_B0CBD8F33218,victim,2,28:05:A5:32:D7:B5,-71,13,142,142,0,0
218777697,NODE_B0CBD8F33218,victim,2,28:05:A5:32:D7:B5,-71,13,142,142,0,0
218877693,NODE_B0CBD8F33218,victim,2,28:05:A5:32:D7:B5,-71,13,143,143,0,0
218977695,NODE_B0CBD8F33218,victim,2,28:05:A5:32:D7:B5,-71,13,143,143,0,0
219077697,NODE_B0CBD8F33218,victim,2,28:05:A5:32:D7:B5,-71,13,143,143,0,0
219187693,NODE_B0CBD8F33218,victim,2,28:05:A5:32:D7:B5,-71,13,143,143,0,0
219287695,NODE_B0CBD8F33218,victim,2,28:05:A5:32:D7:B5,-71,13,143,143,0,0
219387869,NODE_B0CBD8F33218,victim,2,28:05:A5:32:D7:B5,-71,13,143,143,0,0
219497693,NODE_B0CBD8F33218,victim,2,28:05:A5:32:D7:B5,-71,13,143,143,0,0
219597697,NODE_B0CBD8F33218,victim,2,28:05:A5:32:D7:B5,-71,13,143,143,0,0
219697695,NODE_B0CBD8F33218,victim,2,28:05:A5:32:D7:B5,-71,13,143,143,0,0
219807704,NODE_B0CBD8F33218,victim,2,28:05:A5:32:D7:B5,-71,13,143,143,0,0
219908126,NODE_B0CBD8F33218,victim,2,28:05:A5:32:D7:B5,-71,13,144,144,0,0
220007695,NODE_B0CBD8F33218,victim,2,28:05:A5:32:D7:B5,-71,13,144,144,0,0
220107701,NODE_B0CBD8F33218,victim,2,28:05:A5:32:D7:B5,-71,13,144,144,0,0
220217693,NODE_B0CBD8F33218,victim,2,28:05:A5:32:D7:B5,-69,13,144,144,0,0
220317693,NODE_B0CBD8F33218,victim,2,28:05:A5:32:D7:B5,-69,13,144,144,0,0
220417699,NODE_B0CBD8F33218,victim,2,28:05:A5:32:D7:B5,-69,13,144,144,0,0
220527693,NODE_B0CBD8F33218,victim,2,28:05:A5:32:D7:B5,-69,13,144,144,0,0
220627689,NODE_B0CBD8F33218,victim,2,28:05:A5:32:D7:B5,-69,13,144,144,0,0
220727695,NODE_B0CBD8F33218,victim,2,28:05:A5:32:D7:B5,-69,13,144,144,0,0
220837699,NODE_B0CBD8F33218,victim,2,28:05:A5:32:D7:B5,-69,13,145,145,0,0
220937689,NODE_B0CBD8F33218,victim,2,28:05:A5:32:D7:B5,-69,13,145,145,0,0
221038100,NODE_B0CBD8F33218,victim,2,28:05:A5:32:D7:B5,-69,13,145,145,0,0
221137703,NODE_B0CBD8F33218,victim,2,28:05:A5:32:D7:B5,-69,13,145,145,0,0
221247697,NODE_B0CBD8F33218,victim,2,28:05:A5:32:D7:B5,-70,13,145,145,0,0
221347693,NODE_B0CBD8F33218,victim,2,28:05:A5:32:D7:B5,-70,13,145,145,0,0
221447699,NODE_B0CBD8F33218,victim,2,28:05:A5:32:D7:B5,-70,13,145,145,0,0
221557695,NODE_B0CBD8F33218,victim,2,28:05:A5:32:D7:B5,-70,13,145,145,0,0
221657689,NODE_B0CBD8F33218,victim,2,28:05:A5:32:D7:B5,-70,13,145,145,0,0
221757693,NODE_B0CBD8F33218,victim,2,28:05:A5:32:D7:B5,-70,13,145,145,0,0
221867699,NODE_B0CBD8F33218,victim,2,28:05:A5:32:D7:B5,-70,13,146,146,0,0
221967689,NODE_B0CBD8F33218,victim,2,28:05:A5:32:D7:B5,-70,13,146,146,0,0
222067697,NODE_B0CBD8F33218,victim,2,28:05:A5:32:D7:B5,-70,13,146,146,0,0
222167695,NODE_B0CBD8F33218,victim,2,28:05:A5:32:D7:B5,-70,13,146,146,0,0
222277699,NODE_B0CBD8F33218,victim,2,28:05:A5:32:D7:B5,-71,13,146,146,0,0
222377689,NODE_B0CBD8F33218,victim,2,28:05:A5:32:D7:B5,-71,13,146,146,0,0
222477697,NODE_B0CBD8F33218,victim,2,28:05:A5:32:D7:B5,-71,13,146,146,0,0
222587699,NODE_B0CBD8F33218,victim,2,28:05:A5:32:D7:B5,-71,13,146,146,0,0
222687689,NODE_B0CBD8F33218,victim,2,28:05:A5:32:D7:B5,-71,13,146,146,0,0
222787693,NODE_B0CBD8F33218,victim,2,28:05:A5:32:D7:B5,-71,13,146,146,0,0
222897701,NODE_B0CBD8F33218,victim,2,28:05:A5:32:D7:B5,-71,13,147,147,0,0
222997699,NODE_B0CBD8F33218,victim,2,28:05:A5:32:D7:B5,-71,13,147,147,0,0
223097701,NODE_B0CBD8F33218,victim,2,28:05:A5:32:D7:B5,-71,13,147,147,0,0
223197693,NODE_B0CBD8F33218,victim,2,28:05:A5:32:D7:B5,-71,13,147,147,0,0
223297695,NODE_B0CBD8F33218,victim,2,28:05:A5:32:D7:B5,-70,13,147,147,0,0
223397689,NODE_B0CBD8F33218,victim,2,28:05:A5:32:D7:B5,-70,13,147,147,0,0
223507697,NODE_B0CBD8F33218,victim,2,28:05:A5:32:D7:B5,-70,13,147,147,0,0
223607695,NODE_B0CBD8F33218,victim,2,28:05:A5:32:D7:B5,-70,13,147,147,0,0
223708032,NODE_B0CBD8F33218,victim,2,28:05:A5:32:D7:B5,-70,13,147,147,0,0
223817685,NODE_B0CBD8F33218,victim,2,28:05:A5:32:D7:B5,-70,13,147,147,0,0
223917697,NODE_B0CBD8F33218,victim,2,28:05:A5:32:D7:B5,-70,13,148,148,0,0
224017691,NODE_B0CBD8F33218,victim,2,28:05:A5:32:D7:B5,-70,13,148,148,0,0
224127697,NODE_B0CBD8F33218,victim,2,28:05:A5:32:D7:B5,-70,13,148,148,0,0
224227697,NODE_B0CBD8F33218,victim,2,28:05:A5:32:D7:B5,-70,13,148,148,0,0
224327695,NODE_B0CBD8F33218,victim,2,28:05:A5:32:D7:B5,-70,13,148,148,0,0
224427689,NODE_B0CBD8F33218,victim,2,28:05:A5:32:D7:B5,-70,13,148,148,0,0
224537697,NODE_B0CBD8F33218,victim,2,28:05:A5:32:D7:B5,-70,13,148,148,0,0
224637693,NODE_B0CBD8F33218,victim,2,28:05:A5:32:D7:B5,-70,13,148,148,0,0
224737695,NODE_B0CBD8F33218,victim,2,28:05:A5:32:D7:B5,-70,13,148,148,0,0
224847697,NODE_B0CBD8F33218,victim,2,28:05:A5:32:D7:B5,-70,13,149,149,0,0
224947689,NODE_B0CBD8F33218,victim,2,28:05:A5:32:D7:B5,-70,13,149,149,0,0
225047695,NODE_B0CBD8F33218,victim,2,28:05:A5:32:D7:B5,-70,13,149,149,0,0
225157707,NODE_B0CBD8F33218,victim,2,28:05:A5:32:D7:B5,-70,13,149,149,0,0
225257779,NODE_B0CBD8F33218,victim,2,28:05:A5:32:D7:B5,-70,13,149,149,0,0
225357697,NODE_B0CBD8F33218,victim,2,28:05:A5:32:D7:B5,-71,13,149,149,0,0
225457691,NODE_B0CBD8F33218,victim,2,28:05:A5:32:D7:B5,-71,13,149,149,0,0
225567701,NODE_B0CBD8F33218,victim,2,28:05:A5:32:D7:B5,-71,13,149,149,0,0
225667693,NODE_B0CBD8F33218,victim,2,28:05:A5:32:D7:B5,-71,13,149,149,0,0
225767695,NODE_B0CBD8F33218,victim,2,28:05:A5:32:D7:B5,-71,13,149,149,0,0
225877703,NODE_B0CBD8F33218,victim,2,28:05:A5:32:D7:B5,-71,13,150,150,0,0
225977697,NODE_B0CBD8F33218,victim,2,28:05:A5:32:D7:B5,-71,13,150,150,0,0
226077693,NODE_B0CBD8F33218,victim,2,28:05:A5:32:D7:B5,-71,13,150,150,0,0
226187695,NODE_B0CBD8F33218,victim,2,28:05:A5:32:D7:B5,-71,13,150,150,0,0
226287693,NODE_B0CBD8F33218,victim,2,28:05:A5:32:D7:B5,-71,13,150,150,0,0
226387918,NODE_B0CBD8F33218,victim,2,28:05:A5:32:D7:B5,-70,13,150,150,0,0
226487691,NODE_B0CBD8F33218,victim,2,28:05:A5:32:D7:B5,-70,13,150,150,0,0
226597699,NODE_B0CBD8F33218,victim,2,28:05:A5:32:D7:B5,-70,13,150,150,0,0
226697693,NODE_B0CBD8F33218,victim,2,28:05:A5:32:D7:B5,-70,13,150,150,0,0
226797693,NODE_B0CBD8F33218,victim,2,28:05:A5:32:D7:B5,-70,13,150,150,0,0
226907699,NODE_B0CBD8F33218,victim,2,28:05:A5:32:D7:B5,-70,13,151,151,0,0
227007693,NODE_B0CBD8F33218,victim,2,28:05:A5:32:D7:B5,-70,13,151,151,0,0
227107701,NODE_B0CBD8F33218,victim,2,28:05:A5:32:D7:B5,-70,13,151,151,0,0
227217697,NODE_B0CBD8F33218,victim,2,28:05:A5:32:D7:B5,-70,13,151,151,0,0
227317695,NODE_B0CBD8F33218,victim,2,28:05:A5:32:D7:B5,-70,13,151,151,0,0
227417693,NODE_B0CBD8F33218,victim,2,28:05:A5:32:D7:B5,-71,13,151,151,0,0
227517689,NODE_B0CBD8F33218,victim,2,28:05:A5:32:D7:B5,-71,13,151,151,0,0
227627699,NODE_B0CBD8F33218,victim,2,28:05:A5:32:D7:B5,-71,13,151,151,0,0
227727693,NODE_B0CBD8F33218,victim,2,28:05:A5:32:D7:B5,-71,13,151,151,0,0
227828484,NODE_B0CBD8F33218,victim,2,28:05:A5:32:D7:B5,-71,13,151,151,0,0
227937689,NODE_B0CBD8F33218,victim,2,28:05:A5:32:D7:B5,-71,13,152,152,0,0
228038101,NODE_B0CBD8F33218,victim,2,28:05:A5:32:D7:B5,-71,13,152,152,0,0
228137693,NODE_B0CBD8F33218,victim,2,28:05:A5:32:D7:B5,-71,13,152,152,0,0
228247697,NODE_B0CBD8F33218,victim,2,28:05:A5:32:D7:B5,-71,13,152,152,0,0
228347695,NODE_B0CBD8F33218,victim,2,28:05:A5:32:D7:B5,-71,13,152,152,0,0
228447693,NODE_B0CBD8F33218,victim,2,28:05:A5:32:D7:B5,-71,13,152,152,0,0
228547689,NODE_B0CBD8F33218,victim,2,28:05:A5:32:D7:B5,-71,13,152,152,0,0
228657701,NODE_B0CBD8F33218,victim,2,28:05:A5:32:D7:B5,-71,13,152,152,0,0
228757695,NODE_B0CBD8F33218,victim,2,28:05:A5:32:D7:B5,-71,13,152,152,0,0
228857701,NODE_B0CBD8F33218,victim,2,28:05:A5:32:D7:B5,-71,13,153,153,0,0
228967697,NODE_B0CBD8F33218,victim,2,28:05:A5:32:D7:B5,-71,13,153,153,0,0
229067822,NODE_B0CBD8F33218,victim,2,28:05:A5:32:D7:B5,-71,13,153,153,0,0
229167693,NODE_B0CBD8F33218,victim,2,28:05:A5:32:D7:B5,-71,13,153,153,0,0
229277693,NODE_B0CBD8F33218,victim,2,28:05:A5:32:D7:B5,-71,13,153,153,0,0
229377689,NODE_B0CBD8F33218,victim,2,28:05:A5:32:D7:B5,-71,13,153,153,0,0
229477691,NODE_B0CBD8F33218,victim,2,28:05:A5:32:D7:B5,-69,13,153,153,0,0
229577689,NODE_B0CBD8F33218,victim,2,28:05:A5:32:D7:B5,-69,13,153,153,0,0
229687697,NODE_B0CBD8F33218,victim,2,28:05:A5:32:D7:B5,-69,13,153,153,0,0
229787695,NODE_B0CBD8F33218,victim,2,28:05:A5:32:D7:B5,-69,13,153,153,0,0
229887697,NODE_B0CBD8F33218,victim,2,28:05:A5:32:D7:B5,-69,13,154,154,0,0
229997693,NODE_B0CBD8F33218,victim,2,28:05:A5:32:D7:B5,-69,13,154,154,0,0
230097701,NODE_B0CBD8F33218,victim,2,28:05:A5:32:D7:B5,-69,13,154,154,0,0
230197699,NODE_B0CBD8F33218,victim,2,28:05:A5:32:D7:B5,-69,13,154,154,0,0
230307693,NODE_B0CBD8F33218,victim,2,28:05:A5:32:D7:B5,-69,13,154,154,0,0
230407689,NODE_B0CBD8F33218,victim,2,28:05:A5:32:D7:B5,-69,13,154,154,0,0
230507695,NODE_B0CBD8F33218,victim,2,28:05:A5:32:D7:B5,-70,13,154,154,0,0
230607689,NODE_B0CBD8F33218,victim,2,28:05:A5:32:D7:B5,-70,13,154,154,0,0
230717697,NODE_B0CBD8F33218,victim,2,28:05:A5:32:D7:B5,-70,13,154,154,0,0
230817693,NODE_B0CBD8F33218,victim,2,28:05:A5:32:D7:B5,-70,13,154,154,0,0
230917703,NODE_B0CBD8F33218,victim,2,28:05:A5:32:D7:B5,-70,13,155,155,0,0
231027693,NODE_B0CBD8F33218,victim,2,28:05:A5:32:D7:B5,-70,13,155,155,0,0
231127701,NODE_B0CBD8F33218,victim,2,28:05:A5:32:D7:B5,-70,13,155,155,0,0
231227699,NODE_B0CBD8F33218,victim,2,28:05:A5:32:D7:B5,-70,13,155,155,0,0
231337695,NODE_B0CBD8F33218,victim,2,28:05:A5:32:D7:B5,-70,13,155,155,0,0
231437689,NODE_B0CBD8F33218,victim,2,28:05:A5:32:D7:B5,-70,13,155,155,0,0
231537693,NODE_B0CBD8F33218,victim,2,28:05:A5:32:D7:B5,-73,13,155,155,0,0
231637699,NODE_B0CBD8F33218,victim,2,28:05:A5:32:D7:B5,-73,13,155,155,0,0
231747697,NODE_B0CBD8F33218,victim,2,28:05:A5:32:D7:B5,-73,13,155,155,0,0
231847697,NODE_B0CBD8F33218,victim,2,28:05:A5:32:D7:B5,-73,13,156,156,0,0
231947695,NODE_B0CBD8F33218,victim,2,28:05:A5:32:D7:B5,-73,13,156,156,0,0
232057699,NODE_B0CBD8F33218,victim,2,28:05:A5:32:D7:B5,-73,13,156,156,0,0
232157693,NODE_B0CBD8F33218,victim,2,28:05:A5:32:D7:B5,-73,13,156,156,0,0
232257743,NODE_B0CBD8F33218,victim,2,28:05:A5:32:D7:B5,-73,13,156,156,0,0
232367695,NODE_B0CBD8F33218,victim,2,28:05:A5:32:D7:B5,-73,13,156,156,0,0
232467689,NODE_B0CBD8F33218,victim,2,28:05:A5:32:D7:B5,-73,13,156,156,0,0
232567689,NODE_B0CBD8F33218,victim,2,28:05:A5:32:D7:B5,-70,13,156,156,0,0
232667691,NODE_B0CBD8F33218,victim,2,28:05:A5:32:D7:B5,-70,13,156,156,0,0
232767697,NODE_B0CBD8F33218,victim,2,28:05:A5:32:D7:B5,-70,13,156,156,0,0
232877697,NODE_B0CBD8F33218,victim,2,28:05:A5:32:D7:B5,-70,13,157,157,0,0
232977689,NODE_B0CBD8F33218,victim,2,28:05:A5:32:D7:B5,-70,13,157,157,0,0
233087703,NODE_B0CBD8F33218,victim,2,28:05:A5:32:D7:B5,-70,13,157,157,0,0
233187697,NODE_B0CBD8F33218,victim,2,28:05:A5:32:D7:B5,-70,13,157,157,0,0
233287693,NODE_B0CBD8F33218,victim,2,28:05:A5:32:D7:B5,-70,13,157,157,0,0
233397693,NODE_B0CBD8F33218,victim,2,28:05:A5:32:D7:B5,-70,13,157,157,0,0
233497691,NODE_B0CBD8F33218,victim,2,28:05:A5:32:D7:B5,-70,13,157,157,0,0
233597693,NODE_B0CBD8F33218,victim,2,28:05:A5:32:D7:B5,-73,13,157,157,0,0
233697689,NODE_B0CBD8F33218,victim,2,28:05:A5:32:D7:B5,-73,13,157,157,0,0
233797699,NODE_B0CBD8F33218,victim,2,28:05:A5:32:D7:B5,-73,13,157,157,0,0
233907697,NODE_B0CBD8F33218,victim,2,28:05:A5:32:D7:B5,-73,13,158,158,0,0
234007689,NODE_B0CBD8F33218,victim,2,28:05:A5:32:D7:B5,-73,13,158,158,0,0
234107699,NODE_B0CBD8F33218,victim,2,28:05:A5:32:D7:B5,-73,13,158,158,0,0
234217699,NODE_B0CBD8F33218,victim,2,28:05:A5:32:D7:B5,-73,13,158,158,0,0
234317693,NODE_B0CBD8F33218,victim,2,28:05:A5:32:D7:B5,-73,13,158,158,0,0
234417693,NODE_B0CBD8F33218,victim,2,28:05:A5:32:D7:B5,-73,13,158,158,0,0
234517691,NODE_B0CBD8F33218,victim,2,28:05:A5:32:D7:B5,-73,13,158,158,0,0
234627697,NODE_B0CBD8F33218,victim,2,28:05:A5:32:D7:B5,-71,13,158,158,0,0
234727693,NODE_B0CBD8F33218,victim,2,28:05:A5:32:D7:B5,-71,13,158,158,0,0
234828483,NODE_B0CBD8F33218,victim,2,28:05:A5:32:D7:B5,-71,13,158,158,0,0
234937703,NODE_B0CBD8F33218,victim,2,28:05:A5:32:D7:B5,-71,13,159,159,0,0
235038096,NODE_B0CBD8F33218,victim,2,28:05:A5:32:D7:B5,-71,13,159,159,0,0
235137701,NODE_B0CBD8F33218,victim,2,28:05:A5:32:D7:B5,-71,13,159,159,0,0
235247695,NODE_B0CBD8F33218,victim,2,28:05:A5:32:D7:B5,-71,13,159,159,0,0
235347894,NODE_B0CBD8F33218,victim,2,28:05:A5:32:D7:B5,-71,13,159,159,0,0
235447693,NODE_B0CBD8F33218,victim,2,28:05:A5:32:D7:B5,-71,13,159,159,0,0
235547687,NODE_B0CBD8F33218,victim,2,28:05:A5:32:D7:B5,-71,13,159,159,0,0
235657695,NODE_B0CBD8F33218,victim,2,28:05:A5:32:D7:B5,-73,13,159,159,0,0
235757689,NODE_B0CBD8F33218,victim,2,28:05:A5:32:D7:B5,-73,13,159,159,0,0
235857697,NODE_B0CBD8F33218,victim,2,28:05:A5:32:D7:B5,-73,13,160,160,0,0
235967691,NODE_B0CBD8F33218,victim,2,28:05:A5:32:D7:B5,-73,13,160,160,0,0
236067693,NODE_B0CBD8F33218,victim,2,28:05:A5:32:D7:B5,-73,13,160,160,0,0
236167697,NODE_B0CBD8F33218,victim,2,28:05:A5:32:D7:B5,-73,13,160,160,0,0
236277693,NODE_B0CBD8F33218,victim,2,28:05:A5:32:D7:B5,-73,13,160,160,0,0
236377691,NODE_B0CBD8F33218,victim,2,28:05:A5:32:D7:B5,-73,13,160,160,0,0
236477693,NODE_B0CBD8F33218,victim,2,28:05:A5:32:D7:B5,-73,13,160,160,0,0
236577689,NODE_B0CBD8F33218,victim,2,28:05:A5:32:D7:B5,-73,13,160,160,0,0
236687695,NODE_B0CBD8F33218,victim,2,28:05:A5:32:D7:B5,-71,13,160,160,0,0
236787693,NODE_B0CBD8F33218,victim,2,28:05:A5:32:D7:B5,-71,13,160,160,0,0
236887697,NODE_B0CBD8F33218,victim,2,28:05:A5:32:D7:B5,-71,13,161,161,0,0
236997693,NODE_B0CBD8F33218,victim,2,28:05:A5:32:D7:B5,-71,13,161,161,0,0
237097703,NODE_B0CBD8F33218,victim,2,28:05:A5:32:D7:B5,-71,13,161,161,0,0
237197697,NODE_B0CBD8F33218,victim,2,28:05:A5:32:D7:B5,-71,13,161,161,0,0
237307705,NODE_B0CBD8F33218,victim,2,28:05:A5:32:D7:B5,-71,13,161,161,0,0
237407691,NODE_B0CBD8F33218,victim,2,28:05:A5:32:D7:B5,-71,13,161,161,0,0
237507701,NODE_B0CBD8F33218,victim,2,28:05:A5:32:D7:B5,-71,13,161,161,0,0
237607697,NODE_B0CBD8F33218,victim,2,28:05:A5:32:D7:B5,-71,13,161,161,0,0
237717689,NODE_B0CBD8F33218,victim,2,28:05:A5:32:D7:B5,-68,13,161,161,0,0
237817695,NODE_B0CBD8F33218,victim,2,28:05:A5:32:D7:B5,-68,13,161,161,0,0
237917697,NODE_B0CBD8F33218,victim,2,28:05:A5:32:D7:B5,-68,13,162,162,0,0
238027693,NODE_B0CBD8F33218,victim,2,28:05:A5:32:D7:B5,-68,13,162,162,0,0
238127695,NODE_B0CBD8F33218,victim,2,28:05:A5:32:D7:B5,-68,13,162,162,0,0
238227693,NODE_B0CBD8F33218,victim,2,28:05:A5:32:D7:B5,-68,13,162,162,0,0
238337689,NODE_B0CBD8F33218,victim,2,28:05:A5:32:D7:B5,-68,13,162,162,0,0
238437689,NODE_B0CBD8F33218,victim,2,28:05:A5:32:D7:B5,-68,13,162,162,0,0
238537695,NODE_B0CBD8F33218,victim,2,28:05:A5:32:D7:B5,-68,13,162,162,0,0
238637689,NODE_B0CBD8F33218,victim,2,28:05:A5:32:D7:B5,-68,13,162,162,0,0
238747693,NODE_B0CBD8F33218,victim,2,28:05:A5:32:D7:B5,-68,13,162,162,0,0
238847699,NODE_B0CBD8F33218,victim,2,28:05:A5:32:D7:B5,-68,13,163,163,0,0
238947693,NODE_B0CBD8F33218,victim,2,28:05:A5:32:D7:B5,-68,13,163,163,0,0
239057697,NODE_B0CBD8F33218,victim,2,28:05:A5:32:D7:B5,-68,13,163,163,0,0
239157701,NODE_B0CBD8F33218,victim,2,28:05:A5:32:D7:B5,-68,13,163,163,0,0
239257699,NODE_B0CBD8F33218,victim,2,28:05:A5:32:D7:B5,-68,13,163,163,0,0
239367693,NODE_B0CBD8F33218,victim,2,28:05:A5:32:D7:B5,-68,13,163,163,0,0
239467689,NODE_B0CBD8F33218,victim,2,28:05:A5:32:D7:B5,-68,13,163,163,0,0
239567695,NODE_B0CBD8F33218,victim,2,28:05:A5:32:D7:B5,-68,13,163,163,0,0
239667689,NODE_B0CBD8F33218,victim,2,28:05:A5:32:D7:B5,-68,13,163,163,0,0
239777693,NODE_B0CBD8F33218,victim,2,28:05:A5:32:D7:B5,-68,13,163,163,0,0
239877697,NODE_B0CBD8F33218,victim,2,28:05:A5:32:D7:B5,-68,13,164,164,0,0
239977695,NODE_B0CBD8F33218,victim,2,28:05:A5:32:D7:B5,-68,13,164,164,0,0
240087701,NODE_B0CBD8F33218,victim,2,28:05:A5:32:D7:B5,-68,13,164,164,0,0
240187697,NODE_B0CBD8F33218,victim,2,28:05:A5:32:D7:B5,-68,13,164,164,0,0
240287695,NODE_B0CBD8F33218,victim,2,28:05:A5:32:D7:B5,-68,13,164,164,0,0
240397687,NODE_B0CBD8F33218,victim,2,28:05:A5:32:D7:B5,-68,13,164,164,0,0
240497693,NODE_B0CBD8F33218,victim,2,28:05:A5:32:D7:B5,-68,13,164,164,0,0
240597697,NODE_B0CBD8F33218,victim,2,28:05:A5:32:D7:B5,-68,13,164,164,0,0
240697691,NODE_B0CBD8F33218,victim,2,28:05:A5:32:D7:B5,-67,13,164,164,0,0
240807693,NODE_B0CBD8F33218,victim,2,28:05:A5:32:D7:B5,-67,13,164,164,0,0
240907705,NODE_B0CBD8F33218,victim,2,28:05:A5:32:D7:B5,-67,13,165,165,0,0
241007703,NODE_B0CBD8F33218,victim,2,28:05:A5:32:D7:B5,-67,13,165,165,0,0
241117703,NODE_B0CBD8F33218,victim,2,28:05:A5:32:D7:B5,-67,13,165,165,0,0
241217693,NODE_B0CBD8F33218,victim,2,28:05:A5:32:D7:B5,-67,13,165,165,0,0
241317693,NODE_B0CBD8F33218,victim,2,28:05:A5:32:D7:B5,-67,13,165,165,0,0
241428062,NODE_B0CBD8F33218,victim,2,28:05:A5:32:D7:B5,-67,13,165,165,0,0
241527693,NODE_B0CBD8F33218,victim,2,28:05:A5:32:D7:B5,-67,13,165,165,0,0
241627693,NODE_B0CBD8F33218,victim,2,28:05:A5:32:D7:B5,-67,13,165,165,0,0
241728122,NODE_B0CBD8F33218,victim,2,28:05:A5:32:D7:B5,-68,13,165,165,0,0
241837695,NODE_B0CBD8F33218,victim,2,28:05:A5:32:D7:B5,-68,13,166,166,0,0
241937693,NODE_B0CBD8F33218,victim,2,28:05:A5:32:D7:B5,-68,13,166,166,0,0
242038108,NODE_B0CBD8F33218,victim,2,28:05:A5:32:D7:B5,-68,13,166,166,0,0
242147695,NODE_B0CBD8F33218,victim,2,28:05:A5:32:D7:B5,-68,13,166,166,0,0
242247697,NODE_B0CBD8F33218,victim,2,28:05:A5:32:D7:B5,-68,13,166,166,0,0
242347693,NODE_B0CBD8F33218,victim,2,28:05:A5:32:D7:B5,-68,13,166,166,0,0
242457697,NODE_B0CBD8F33218,victim,2,28:05:A5:32:D7:B5,-68,13,166,166,0,0
242557691,NODE_B0CBD8F33218,victim,2,28:05:A5:32:D7:B5,-68,13,166,166,0,0
242657689,NODE_B0CBD8F33218,victim,2,28:05:A5:32:D7:B5,-68,13,166,166,0,0
242757693,NODE_B0CBD8F33218,victim,2,28:05:A5:32:D7:B5,-68,13,166,166,0,0
242857699,NODE_B0CBD8F33218,victim,2,28:05:A5:32:D7:B5,-68,13,167,167,0,0
242957693,NODE_B0CBD8F33218,victim,2,28:05:A5:32:D7:B5,-68,13,167,167,0,0
243067701,NODE_B0CBD8F33218,victim,2,28:05:A5:32:D7:B5,-68,13,167,167,0,0
243167699,NODE_B0CBD8F33218,victim,2,28:05:A5:32:D7:B5,-68,13,167,167,0,0
243267697,NODE_B0CBD8F33218,victim,2,28:05:A5:32:D7:B5,-68,13,167,167,0,0
243377697,NODE_B0CBD8F33218,victim,2,28:05:A5:32:D7:B5,-68,13,167,167,0,0
243487693,NODE_B0CBD8F33218,victim,2,28:05:A5:32:D7:B5,-68,13,167,167,0,0
243587699,NODE_B0CBD8F33218,victim,2,28:05:A5:32:D7:B5,-68,13,167,167,0,0
243687689,NODE_B0CBD8F33218,victim,2,28:05:A5:32:D7:B5,-68,13,167,167,0,0
243787693,NODE_B0CBD8F33218,victim,2,28:05:A5:32:D7:B5,-69,13,167,167,0,0
243887702,NODE_B0CBD8F33218,victim,2,28:05:A5:32:D7:B5,-69,13,168,168,0,0
243987697,NODE_B0CBD8F33218,victim,2,28:05:A5:32:D7:B5,-69,13,168,168,0,0
244097701,NODE_B0CBD8F33218,victim,2,28:05:A5:32:D7:B5,-69,13,168,168,0,0
244197693,NODE_B0CBD8F33218,victim,2,28:05:A5:32:D7:B5,-69,13,168,168,0,0
244297691,NODE_B0CBD8F33218,victim,2,28:05:A5:32:D7:B5,-69,13,168,168,0,0
244407689,NODE_B0CBD8F33218,victim,2,28:05:A5:32:D7:B5,-69,13,168,168,0,0
244507693,NODE_B0CBD8F33218,victim,2,28:05:A5:32:D7:B5,-69,13,168,168,0,0
244607691,NODE_B0CBD8F33218,victim,2,28:05:A5:32:D7:B5,-69,13,168,168,0,0
244718144,NODE_B0CBD8F33218,victim,2,28:05:A5:32:D7:B5,-69,13,168,168,0,0
244817689,NODE_B0CBD8F33218,victim,2,28:05:A5:32:D7:B5,-68,13,168,168,0,0
244917697,NODE_B0CBD8F33218,victim,2,28:05:A5:32:D7:B5,-68,13,169,169,0,0
245017691,NODE_B0CBD8F33218,victim,2,28:05:A5:32:D7:B5,-68,13,169,169,0,0
245127705,NODE_B0CBD8F33218,victim,2,28:05:A5:32:D7:B5,-68,13,169,169,0,0
245227697,NODE_B0CBD8F33218,victim,2,28:05:A5:32:D7:B5,-68,13,169,169,0,0
245327691,NODE_B0CBD8F33218,victim,2,28:05:A5:32:D7:B5,-68,13,169,169,0,0
245437695,NODE_B0CBD8F33218,victim,2,28:05:A5:32:D7:B5,-68,13,169,169,0,0
245537689,NODE_B0CBD8F33218,victim,2,28:05:A5:32:D7:B5,-68,13,169,169,0,0
245637689,NODE_B0CBD8F33218,victim,2,28:05:A5:32:D7:B5,-68,13,169,169,0,0
245747695,NODE_B0CBD8F33218,victim,2,28:05:A5:32:D7:B5,-68,13,169,169,0,0
245847697,NODE_B0CBD8F33218,victim,2,28:05:A5:32:D7:B5,-74,13,170,170,0,0
245947689,NODE_B0CBD8F33218,victim,2,28:05:A5:32:D7:B5,-74,13,170,170,0,0
246047703,NODE_B0CBD8F33218,victim,2,28:05:A5:32:D7:B5,-74,13,170,170,0,0
246157695,NODE_B0CBD8F33218,victim,2,28:05:A5:32:D7:B5,-74,13,170,170,0,0
246257697,NODE_B0CBD8F33218,victim,2,28:05:A5:32:D7:B5,-74,13,170,170,0,0
246357689,NODE_B0CBD8F33218,victim,2,28:05:A5:32:D7:B5,-74,13,170,170,0,0
246467695,NODE_B0CBD8F33218,victim,2,28:05:A5:32:D7:B5,-74,13,170,170,0,0
246567689,NODE_B0CBD8F33218,victim,2,28:05:A5:32:D7:B5,-74,13,170,170,0,0
246667904,NODE_B0CBD8F33218,victim,2,28:05:A5:32:D7:B5,-74,13,170,170,0,0
246777693,NODE_B0CBD8F33218,victim,2,28:05:A5:32:D7:B5,-74,13,170,170,0,0
246877703,NODE_B0CBD8F33218,victim,2,28:05:A5:32:D7:B5,-75,13,171,171,0,0
246977697,NODE_B0CBD8F33218,victim,2,28:05:A5:32:D7:B5,-75,13,171,171,0,0
247077701,NODE_B0CBD8F33218,victim,2,28:05:A5:32:D7:B5,-75,13,171,171,0,0
247187702,NODE_B0CBD8F33218,victim,2,28:05:A5:32:D7:B5,-75,13,171,171,0,0
247287693,NODE_B0CBD8F33218,victim,2,28:05:A5:32:D7:B5,-75,13,171,171,0,0
247387689,NODE_B0CBD8F33218,victim,2,28:05:A5:32:D7:B5,-75,13,171,171,0,0
247497697,NODE_B0CBD8F33218,victim,2,28:05:A5:32:D7:B5,-75,13,171,171,0,0
247597695,NODE_B0CBD8F33218,victim,2,28:05:A5:32:D7:B5,-75,13,171,171,0,0
247697689,NODE_B0CBD8F33218,victim,2,28:05:A5:32:D7:B5,-75,13,171,171,0,0
247807693,NODE_B0CBD8F33218,victim,2,28:05:A5:32:D7:B5,-75,13,171,171,0,0
247907703,NODE_B0CBD8F33218,victim,2,28:05:A5:32:D7:B5,-75,13,172,172,0,0
248007693,NODE_B0CBD8F33218,victim,2,28:05:A5:32:D7:B5,-75,13,172,172,0,0
248107701,NODE_B0CBD8F33218,victim,2,28:05:A5:32:D7:B5,-75,13,172,172,0,0
248217697,NODE_B0CBD8F33218,victim,2,28:05:A5:32:D7:B5,-75,13,172,172,0,0
248317695,NODE_B0CBD8F33218,victim,2,28:05:A5:32:D7:B5,-75,13,172,172,0,0
248417689,NODE_B0CBD8F33218,victim,2,28:05:A5:32:D7:B5,-75,13,172,172,0,0
248527689,NODE_B0CBD8F33218,victim,2,28:05:A5:32:D7:B5,-75,13,172,172,0,0
248627691,NODE_B0CBD8F33218,victim,2,28:05:A5:32:D7:B5,-75,13,172,172,0,0
248727693,NODE_B0CBD8F33218,victim,2,28:05:A5:32:D7:B5,-75,13,172,172,0,0
248837697,NODE_B0CBD8F33218,victim,2,28:05:A5:32:D7:B5,-75,13,172,172,0,0
248937689,NODE_B0CBD8F33218,victim,2,28:05:A5:32:D7:B5,-75,13,173,173,0,0
249038093,NODE_B0CBD8F33218,victim,2,28:05:A5:32:D7:B5,-75,13,173,173,0,0
249137697,NODE_B0CBD8F33218,victim,2,28:05:A5:32:D7:B5,-75,13,173,173,0,0
249247697,NODE_B0CBD8F33218,victim,2,28:05:A5:32:D7:B5,-75,13,173,173,0,0
249347695,NODE_B0CBD8F33218,victim,2,28:05:A5:32:D7:B5,-75,13,173,173,0,0
249447693,NODE_B0CBD8F33218,victim,2,28:05:A5:32:D7:B5,-75,13,173,173,0,0
249557693,NODE_B0CBD8F33218,victim,2,28:05:A5:32:D7:B5,-75,13,173,173,0,0
249657697,NODE_B0CBD8F33218,victim,2,28:05:A5:32:D7:B5,-75,13,173,173,0,0
249757695,NODE_B0CBD8F33218,victim,2,28:05:A5:32:D7:B5,-75,13,173,173,0,0
249867701,NODE_B0CBD8F33218,victim,2,28:05:A5:32:D7:B5,-75,13,174,174,0,0
249967697,NODE_B0CBD8F33218,victim,2,28:05:A5:32:D7:B5,-73,13,174,174,0,0
250067703,NODE_B0CBD8F33218,victim,2,28:05:A5:32:D7:B5,-73,13,174,174,0,0
250167697,NODE_B0CBD8F33218,victim,2,28:05:A5:32:D7:B5,-73,13,174,174,0,0
250277697,NODE_B0CBD8F33218,victim,2,28:05:A5:32:D7:B5,-73,13,174,174,0,0
250377693,NODE_B0CBD8F33218,victim,2,28:05:A5:32:D7:B5,-73,13,174,174,0,0
250477695,NODE_B0CBD8F33218,victim,2,28:05:A5:32:D7:B5,-73,13,174,174,0,0
250587693,NODE_B0CBD8F33218,victim,2,28:05:A5:32:D7:B5,-73,13,174,174,0,0
250687693,NODE_B0CBD8F33218,victim,2,28:05:A5:32:D7:B5,-73,13,174,174,0,0
250787695,NODE_B0CBD8F33218,victim,2,28:05:A5:32:D7:B5,-73,13,174,174,0,0
250897699,NODE_B0CBD8F33218,victim,2,28:05:A5:32:D7:B5,-73,13,175,175,0,0
250997689,NODE_B0CBD8F33218,victim,2,28:05:A5:32:D7:B5,-73,13,175,175,0,0
251097693,NODE_B0CBD8F33218,victim,2,28:05:A5:32:D7:B5,-73,13,175,175,0,0
251197699,NODE_B0CBD8F33218,victim,2,28:05:A5:32:D7:B5,-73,13,175,175,0,0
251307697,NODE_B0CBD8F33218,victim,2,28:05:A5:32:D7:B5,-73,13,175,175,0,0
251407693,NODE_B0CBD8F33218,victim,2,28:05:A5:32:D7:B5,-73,13,175,175,0,0
251507695,NODE_B0CBD8F33218,victim,2,28:05:A5:32:D7:B5,-73,13,175,175,0,0
251617695,NODE_B0CBD8F33218,victim,2,28:05:A5:32:D7:B5,-73,13,175,175,0,0
251717693,NODE_B0CBD8F33218,victim,2,28:05:A5:32:D7:B5,-73,13,175,175,0,0
251817689,NODE_B0CBD8F33218,victim,2,28:05:A5:32:D7:B5,-73,13,175,175,0,0
251927699,NODE_B0CBD8F33218,victim,2,28:05:A5:32:D7:B5,-73,13,176,176,0,0
252027689,NODE_B0CBD8F33218,victim,2,28:05:A5:32:D7:B5,-69,13,176,176,0,0
252127697,NODE_B0CBD8F33218,victim,2,28:05:A5:32:D7:B5,-69,13,176,176,0,0
252227703,NODE_B0CBD8F33218,victim,2,28:05:A5:32:D7:B5,-69,13,176,176,0,0
252337695,NODE_B0CBD8F33218,victim,2,28:05:A5:32:D7:B5,-69,13,176,176,0,0
252437693,NODE_B0CBD8F33218,victim,2,28:05:A5:32:D7:B5,-69,13,176,176,0,0
252537689,NODE_B0CBD8F33218,victim,2,28:05:A5:32:D7:B5,-69,13,176,176,0,0
252647699,NODE_B0CBD8F33218,victim,2,28:05:A5:32:D7:B5,-69,13,176,176,0,0
252747693,NODE_B0CBD8F33218,victim,2,28:05:A5:32:D7:B5,-69,13,176,176,0,0
252847689,NODE_B0CBD8F33218,victim,2,28:05:A5:32:D7:B5,-69,13,176,176,0,0
252957705,NODE_B0CBD8F33218,victim,2,28:05:A5:32:D7:B5,-69,13,177,177,0,0
253057691,NODE_B0CBD8F33218,victim,2,28:05:A5:32:D7:B5,-72,13,177,177,0,0
253157701,NODE_B0CBD8F33218,victim,2,28:05:A5:32:D7:B5,-72,13,177,177,0,0
253257693,NODE_B0CBD8F33218,victim,2,28:05:A5:32:D7:B5,-72,13,177,177,0,0
253357699,NODE_B0CBD8F33218,victim,2,28:05:A5:32:D7:B5,-72,13,177,177,0,0
253467693,NODE_B0CBD8F33218,victim,2,28:05:A5:32:D7:B5,-72,13,177,177,0,0
253567689,NODE_B0CBD8F33218,victim,2,28:05:A5:32:D7:B5,-72,13,177,177,0,0
253667695,NODE_B0CBD8F33218,victim,2,28:05:A5:32:D7:B5,-72,13,177,177,0,0
253777695,NODE_B0CBD8F33218,victim,2,28:05:A5:32:D7:B5,-72,13,177,177,0,0
253877697,NODE_B0CBD8F33218,victim,2,28:05:A5:32:D7:B5,-72,13,178,178,0,0
253977693,NODE_B0CBD8F33218,victim,2,28:05:A5:32:D7:B5,-72,13,178,178,0,0
254077695,NODE_B0CBD8F33218,victim,2,28:05:A5:32:D7:B5,-70,13,178,178,0,0
254187697,NODE_B0CBD8F33218,victim,2,28:05:A5:32:D7:B5,-70,13,178,178,0,0
254287697,NODE_B0CBD8F33218,victim,2,28:05:A5:32:D7:B5,-70,13,178,178,0,0
254387695,NODE_B0CBD8F33218,victim,2,28:05:A5:32:D7:B5,-70,13,178,178,0,0
254497695,NODE_B0CBD8F33218,victim,2,28:05:A5:32:D7:B5,-70,13,178,178,0,0
254597689,NODE_B0CBD8F33218,victim,2,28:05:A5:32:D7:B5,-70,13,178,178,0,0
254697693,NODE_B0CBD8F33218,victim,2,28:05:A5:32:D7:B5,-70,13,178,178,0,0
254807695,NODE_B0CBD8F33218,victim,2,28:05:A5:32:D7:B5,-70,13,178,178,0,0
254907697,NODE_B0CBD8F33218,victim,2,28:05:A5:32:D7:B5,-70,13,179,179,0,0
255007689,NODE_B0CBD8F33218,victim,2,28:05:A5:32:D7:B5,-70,13,179,179,0,0
255108106,NODE_B0CBD8F33218,victim,2,28:05:A5:32:D7:B5,-72,13,179,179,0,0
255217707,NODE_B0CBD8F33218,victim,2,28:05:A5:32:D7:B5,-72,13,179,179,0,0
255317693,NODE_B0CBD8F33218,victim,2,28:05:A5:32:D7:B5,-72,13,179,179,0,0
255417697,NODE_B0CBD8F33218,victim,2,28:05:A5:32:D7:B5,-72,13,179,179,0,0
255527695,NODE_B0CBD8F33218,victim,2,28:05:A5:32:D7:B5,-72,13,179,179,0,0
255627697,NODE_B0CBD8F33218,victim,2,28:05:A5:32:D7:B5,-72,13,179,179,0,0
255727693,NODE_B0CBD8F33218,victim,2,28:05:A5:32:D7:B5,-72,13,179,179,0,0
255837689,NODE_B0CBD8F33218,victim,2,28:05:A5:32:D7:B5,-72,13,179,179,0,0
255937707,NODE_B0CBD8F33218,victim,2,28:05:A5:32:D7:B5,-72,13,180,180,0,0
256038092,NODE_B0CBD8F33218,victim,2,28:05:A5:32:D7:B5,-72,13,180,180,0,0
256137693,NODE_B0CBD8F33218,victim,2,28:05:A5:32:D7:B5,-72,13,180,180,0,0
256247695,NODE_B0CBD8F33218,victim,2,28:05:A5:32:D7:B5,-72,13,180,180,0,0
256347697,NODE_B0CBD8F33218,victim,2,28:05:A5:32:D7:B5,-72,13,180,180,0,0
256447693,NODE_B0CBD8F33218,victim,2,28:05:A5:32:D7:B5,-72,13,180,180,0,0
256557693,NODE_B0CBD8F33218,victim,2,28:05:A5:32:D7:B5,-72,13,180,180,0,0
256657695,NODE_B0CBD8F33218,victim,2,28:05:A5:32:D7:B5,-72,13,180,180,0,0
256757693,NODE_B0CBD8F33218,victim,2,28:05:A5:32:D7:B5,-72,13,180,180,0,0
256867697,NODE_B0CBD8F33218,victim,2,28:05:A5:32:D7:B5,-72,13,181,181,0,0
256967691,NODE_B0CBD8F33218,victim,2,28:05:A5:32:D7:B5,-72,13,181,181,0,0
257067693,NODE_B0CBD8F33218,victim,2,28:05:A5:32:D7:B5,-72,13,181,181,0,0
257167697,NODE_B0CBD8F33218,victim,2,28:05:A5:32:D7:B5,-71,13,181,181,0,0
257277701,NODE_B0CBD8F33218,victim,2,28:05:A5:32:D7:B5,-71,13,181,181,0,0
257377691,NODE_B0CBD8F33218,victim,2,28:05:A5:32:D7:B5,-71,13,181,181,0,0
257477689,NODE_B0CBD8F33218,victim,2,28:05:A5:32:D7:B5,-71,13,181,181,0,0
257587689,NODE_B0CBD8F33218,victim,2,28:05:A5:32:D7:B5,-71,13,181,181,0,0
257687699,NODE_B0CBD8F33218,victim,2,28:05:A5:32:D7:B5,-71,13,181,181,0,0
257787693,NODE_B0CBD8F33218,victim,2,28:05:A5:32:D7:B5,-71,13,181,181,0,0
257897697,NODE_B0CBD8F33218,victim,2,28:05:A5:32:D7:B5,-71,13,182,182,0,0
257997689,NODE_B0CBD8F33218,victim,2,28:05:A5:32:D7:B5,-71,13,182,182,0,0
258098271,NODE_B0CBD8F33218,victim,2,28:05:A5:32:D7:B5,-71,13,182,182,0,0
258197697,NODE_B0CBD8F33218,victim,2,28:05:A5:32:D7:B5,-71,13,182,182,0,0
258307697,NODE_B0CBD8F33218,victim,2,28:05:A5:32:D7:B5,-71,13,182,182,0,0
258407691,NODE_B0CBD8F33218,victim,2,28:05:A5:32:D7:B5,-71,13,182,182,0,0
258507689,NODE_B0CBD8F33218,victim,2,28:05:A5:32:D7:B5,-71,13,182,182,0,0
258617697,NODE_B0CBD8F33218,victim,2,28:05:A5:32:D7:B5,-71,13,182,182,0,0
258717701,NODE_B0CBD8F33218,victim,2,28:05:A5:32:D7:B5,-71,13,182,182,0,0
258817695,NODE_B0CBD8F33218,victim,2,28:05:A5:32:D7:B5,-71,13,182,182,0,0
258927701,NODE_B0CBD8F33218,victim,2,28:05:A5:32:D7:B5,-71,13,183,183,0,0
259027689,NODE_B0CBD8F33218,victim,2,28:05:A5:32:D7:B5,-71,13,183,183,0,0
259127988,NODE_B0CBD8F33218,victim,2,28:05:A5:32:D7:B5,-74,13,183,183,0,0
259227693,NODE_B0CBD8F33218,victim,2,28:05:A5:32:D7:B5,-74,13,183,183,0,0
259337697,NODE_B0CBD8F33218,victim,2,28:05:A5:32:D7:B5,-74,13,183,183,0,0
259437689,NODE_B0CBD8F33218,victim,2,28:05:A5:32:D7:B5,-74,13,183,183,0,0
259537691,NODE_B0CBD8F33218,victim,2,28:05:A5:32:D7:B5,-74,13,183,183,0,0
259647693,NODE_B0CBD8F33218,victim,2,28:05:A5:32:D7:B5,-74,13,183,183,0,0
259747693,NODE_B0CBD8F33218,victim,2,28:05:A5:32:D7:B5,-74,13,183,183,0,0
259847695,NODE_B0CBD8F33218,victim,2,28:05:A5:32:D7:B5,-74,13,183,183,0,0
259957703,NODE_B0CBD8F33218,victim,2,28:05:A5:32:D7:B5,-74,13,184,184,0,0
260057689,NODE_B0CBD8F33218,victim,2,28:05:A5:32:D7:B5,-74,13,184,184,0,0
260157701,NODE_B0CBD8F33218,victim,2,28:05:A5:32:D7:B5,-76,13,184,184,0,0
260257699,NODE_B0CBD8F33218,victim,2,28:05:A5:32:D7:B5,-76,13,184,184,0,0
260367697,NODE_B0CBD8F33218,victim,2,28:05:A5:32:D7:B5,-76,13,184,184,0,0
260467689,NODE_B0CBD8F33218,victim,2,28:05:A5:32:D7:B5,-76,13,184,184,0,0
260567691,NODE_B0CBD8F33218,victim,2,28:05:A5:32:D7:B5,-76,13,184,184,0,0
260677695,NODE_B0CBD8F33218,victim,2,28:05:A5:32:D7:B5,-76,13,184,184,0,0
260777693,NODE_B0CBD8F33218,victim,2,28:05:A5:32:D7:B5,-76,13,184,184,0,0
260877697,NODE_B0CBD8F33218,victim,2,28:05:A5:32:D7:B5,-76,13,185,185,0,0
260987694,NODE_B0CBD8F33218,victim,2,28:05:A5:32:D7:B5,-76,13,185,185,0,0
261087693,NODE_B0CBD8F33218,victim,2,28:05:A5:32:D7:B5,-76,13,185,185,0,0
261187701,NODE_B0CBD8F33218,victim,2,28:05:A5:32:D7:B5,-76,13,185,185,0,0
261287699,NODE_B0CBD8F33218,victim,2,28:05:A5:32:D7:B5,-76,13,185,185,0,0
261397699,NODE_B0CBD8F33218,victim,2,28:05:A5:32:D7:B5,-76,13,185,185,0,0
261497689,NODE_B0CBD8F33218,victim,2,28:05:A5:32:D7:B5,-76,13,185,185,0,0
261597697,NODE_B0CBD8F33218,victim,2,28:05:A5:32:D7:B5,-76,13,185,185,0,0
261707854,NODE_B0CBD8F33218,victim,2,28:05:A5:32:D7:B5,-76,13,185,185,0,0
261807689,NODE_B0CBD8F33218,victim,2,28:05:A5:32:D7:B5,-76,13,185,185,0,0
261907697,NODE_B0CBD8F33218,victim,2,28:05:A5:32:D7:B5,-76,13,186,186,0,0
262017697,NODE_B0CBD8F33218,victim,2,28:05:A5:32:D7:B5,-76,13,186,186,0,0
262117699,NODE_B0CBD8F33218,victim,2,28:05:A5:32:D7:B5,-76,13,186,186,0,0
262217693,NODE_B0CBD8F33218,victim,2,28:05:A5:32:D7:B5,-73,13,186,186,0,0
262317689,NODE_B0CBD8F33218,victim,2,28:05:A5:32:D7:B5,-73,13,186,186,0,0
262417699,NODE_B0CBD8F33218,victim,2,28:05:A5:32:D7:B5,-73,13,186,186,0,0
262517689,NODE_B0CBD8F33218,victim,2,28:05:A5:32:D7:B5,-73,13,186,186,0,0
262627689,NODE_B0CBD8F33218,victim,2,28:05:A5:32:D7:B5,-73,13,186,186,0,0
262737697,NODE_B0CBD8F33218,victim,2,28:05:A5:32:D7:B5,-73,13,186,186,0,0
262837691,NODE_B0CBD8F33218,victim,2,28:05:A5:32:D7:B5,-73,13,186,186,0,0
262937697,NODE_B0CBD8F33218,victim,2,28:05:A5:32:D7:B5,-73,13,187,187,0,0
263047754,NODE_B0CBD8F33218,victim,2,28:05:A5:32:D7:B5,-73,13,187,187,0,0
263147699,NODE_B0CBD8F33218,victim,2,28:05:A5:32:D7:B5,-73,13,187,187,0,0
263248005,NODE_B0CBD8F33218,victim,2,28:05:A5:32:D7:B5,-76,13,187,187,0,0
263347689,NODE_B0CBD8F33218,victim,2,28:05:A5:32:D7:B5,-76,13,187,187,0,0
263447699,NODE_B0CBD8F33218,victim,2,28:05:A5:32:D7:B5,-76,13,187,187,0,0
263547689,NODE_B0CBD8F33218,victim,2,28:05:A5:32:D7:B5,-76,13,187,187,0,0
263657693,NODE_B0CBD8F33218,victim,2,28:05:A5:32:D7:B5,-76,13,187,187,0,0
263757693,NODE_B0CBD8F33218,victim,2,28:05:A5:32:D7:B5,-76,13,187,187,0,0
263858483,NODE_B0CBD8F33218,victim,2,28:05:A5:32:D7:B5,-76,13,187,187,0,0
263967689,NODE_B0CBD8F33218,victim,2,28:05:A5:32:D7:B5,-76,13,188,188,0,0
264067697,NODE_B0CBD8F33218,victim,2,28:05:A5:32:D7:B5,-76,13,188,188,0,0
264167695,NODE_B0CBD8F33218,victim,2,28:05:A5:32:D7:B5,-76,13,188,188,0,0
264277699,NODE_B0CBD8F33218,victim,2,28:05:A5:32:D7:B5,-72,13,188,188,0,0
264377689,NODE_B0CBD8F33218,victim,2,28:05:A5:32:D7:B5,-72,13,188,188,0,0
264477693,NODE_B0CBD8F33218,victim,2,28:05:A5:32:D7:B5,-72,13,188,188,0,0
264577695,NODE_B0CBD8F33218,victim,2,28:05:A5:32:D7:B5,-72,13,188,188,0,0
264687697,NODE_B0CBD8F33218,victim,2,28:05:A5:32:D7:B5,-72,13,188,188,0,0
264787693,NODE_B0CBD8F33218,victim,2,28:05:A5:32:D7:B5,-72,13,188,188,0,0
264887702,NODE_B0CBD8F33218,victim,2,28:05:A5:32:D7:B5,-72,13,189,189,0,0
264997918,NODE_B0CBD8F33218,victim,2,28:05:A5:32:D7:B5,-72,13,189,189,0,0
265097697,NODE_B0CBD8F33218,victim,2,28:05:A5:32:D7:B5,-72,13,189,189,0,0
265197701,NODE_B0CBD8F33218,victim,2,28:05:A5:32:D7:B5,-72,13,189,189,0,0
265307695,NODE_B0CBD8F33218,victim,2,28:05:A5:32:D7:B5,-69,13,189,189,0,0
265407689,NODE_B0CBD8F33218,victim,2,28:05:A5:32:D7:B5,-69,13,189,189,0,0
265507697,NODE_B0CBD8F33218,victim,2,28:05:A5:32:D7:B5,-69,13,189,189,0,0
265607784,NODE_B0CBD8F33218,victim,2,28:05:A5:32:D7:B5,-69,13,189,189,0,0
265717695,NODE_B0CBD8F33218,victim,2,28:05:A5:32:D7:B5,-69,13,189,189,0,0
265817693,NODE_B0CBD8F33218,victim,2,28:05:A5:32:D7:B5,-69,13,189,189,0,0
265917701,NODE_B0CBD8F33218,victim,2,28:05:A5:32:D7:B5,-69,13,190,190,0,0
266027695,NODE_B0CBD8F33218,victim,2,28:05:A5:32:D7:B5,-69,13,190,190,0,0
266127697,NODE_B0CBD8F33218,victim,2,28:05:A5:32:D7:B5,-69,13,190,190,0,0
266227697,NODE_B0CBD8F33218,victim,2,28:05:A5:32:D7:B5,-69,13,190,190,0,0
266337693,NODE_B0CBD8F33218,victim,2,28:05:A5:32:D7:B5,-68,13,190,190,0,0
266437691,NODE_B0CBD8F33218,victim,2,28:05:A5:32:D7:B5,-68,13,190,190,0,0
266537697,NODE_B0CBD8F33218,victim,2,28:05:A5:32:D7:B5,-68,13,190,190,0,0
266637689,NODE_B0CBD8F33218,victim,2,28:05:A5:32:D7:B5,-68,13,190,190,0,0
266747695,NODE_B0CBD8F33218,victim,2,28:05:A5:32:D7:B5,-68,13,190,190,0,0
266847693,NODE_B0CBD8F33218,victim,2,28:05:A5:32:D7:B5,-68,13,190,190,0,0
266947701,NODE_B0CBD8F33218,victim,2,28:05:A5:32:D7:B5,-68,13,191,191,0,0
267057697,NODE_B0CBD8F33218,victim,2,28:05:A5:32:D7:B5,-68,13,191,191,0,0
267157703,NODE_B0CBD8F33218,victim,2,28:05:A5:32:D7:B5,-68,13,191,191,0,0
267257693,NODE_B0CBD8F33218,victim,2,28:05:A5:32:D7:B5,-68,13,191,191,0,0
267367693,NODE_B0CBD8F33218,victim,2,28:05:A5:32:D7:B5,-67,13,191,191,0,0
267467691,NODE_B0CBD8F33218,victim,2,28:05:A5:32:D7:B5,-67,13,191,191,0,0
267567697,NODE_B0CBD8F33218,victim,2,28:05:A5:32:D7:B5,-67,13,191,191,0,0
267667697,NODE_B0CBD8F33218,victim,2,28:05:A5:32:D7:B5,-67,13,191,191,0,0
267777693,NODE_B0CBD8F33218,victim,2,28:05:A5:32:D7:B5,-67,13,191,191,0,0
267877703,NODE_B0CBD8F33218,victim,2,28:05:A5:32:D7:B5,-67,13,192,192,0,0
267977697,NODE_B0CBD8F33218,victim,2,28:05:A5:32:D7:B5,-67,13,192,192,0,0
268087697,NODE_B0CBD8F33218,victim,2,28:05:A5:32:D7:B5,-67,13,192,192,0,0
268187695,NODE_B0CBD8F33218,victim,2,28:05:A5:32:D7:B5,-67,13,192,192,0,0
268287693,NODE_B0CBD8F33218,victim,2,28:05:A5:32:D7:B5,-67,13,192,192,0,0
268397693,NODE_B0CBD8F33218,victim,2,28:05:A5:32:D7:B5,-71,13,192,192,0,0
268497689,NODE_B0CBD8F33218,victim,2,28:05:A5:32:D7:B5,-71,13,192,192,0,0
268597699,NODE_B0CBD8F33218,victim,2,28:05:A5:32:D7:B5,-71,13,192,192,0,0
268697693,NODE_B0CBD8F33218,victim,2,28:05:A5:32:D7:B5,-71,13,192,192,0,0
268807693,NODE_B0CBD8F33218,victim,2,28:05:A5:32:D7:B5,-71,13,192,192,0,0
268907699,NODE_B0CBD8F33218,victim,2,28:05:A5:32:D7:B5,-71,13,193,193,0,0
269007689,NODE_B0CBD8F33218,victim,2,28:05:A5:32:D7:B5,-71,13,193,193,0,0
269117701,NODE_B0CBD8F33218,victim,2,28:05:A5:32:D7:B5,-71,13,193,193,0,0
269217697,NODE_B0CBD8F33218,victim,2,28:05:A5:32:D7:B5,-71,13,193,193,0,0
269317691,NODE_B0CBD8F33218,victim,2,28:05:A5:32:D7:B5,-71,13,193,193,0,0
269427689,NODE_B0CBD8F33218,victim,2,28:05:A5:32:D7:B5,-74,13,193,193,0,0
269527689,NODE_B0CBD8F33218,victim,2,28:05:A5:32:D7:B5,-74,13,193,193,0,0
269627699,NODE_B0CBD8F33218,victim,2,28:05:A5:32:D7:B5,-74,13,193,193,0,0
269727693,NODE_B0CBD8F33218,victim,2,28:05:A5:32:D7:B5,-74,13,193,193,0,0
269837693,NODE_B0CBD8F33218,victim,2,28:05:A5:32:D7:B5,-74,13,193,193,0,0
269937701,NODE_B0CBD8F33218,victim,2,28:05:A5:32:D7:B5,-74,13,194,194,0,0
270038097,NODE_B0CBD8F33218,victim,2,28:05:A5:32:D7:B5,-74,13,194,194,0,0
270147701,NODE_B0CBD8F33218,victim,2,28:05:A5:32:D7:B5,-74,13,194,194,0,0
270247693,NODE_B0CBD8F33218,victim,2,28:05:A5:32:D7:B5,-74,13,194,194,0,0
270347691,NODE_B0CBD8F33218,victim,2,28:05:A5:32:D7:B5,-74,13,194,194,0,0
270457695,NODE_B0CBD8F33218,victim,2,28:05:A5:32:D7:B5,-69,13,194,194,0,0
270557689,NODE_B0CBD8F33218,victim,2,28:05:A5:32:D7:B5,-69,13,194,194,0,0
270657697,NODE_B0CBD8F33218,victim,2,28:05:A5:32:D7:B5,-69,13,194,194,0,0
270757695,NODE_B0CBD8F33218,victim,2,28:05:A5:32:D7:B5,-69,13,194,194,0,0
270867697,NODE_B0CBD8F33218,victim,2,28:05:A5:32:D7:B5,-69,13,195,195,0,0
270967697,NODE_B0CBD8F33218,victim,2,28:05:A5:32:D7:B5,-69,13,195,195,0,0
271067695,NODE_B0CBD8F33218,victim,2,28:05:A5:32:D7:B5,-69,13,195,195,0,0
271177703,NODE_B0CBD8F33218,victim,2,28:05:A5:32:D7:B5,-69,13,195,195,0,0
271277693,NODE_B0CBD8F33218,victim,2,28:05:A5:32:D7:B5,-69,13,195,195,0,0
271377689,NODE_B0CBD8F33218,victim,2,28:05:A5:32:D7:B5,-69,13,195,195,0,0
271487695,NODE_B0CBD8F33218,victim,2,28:05:A5:32:D7:B5,-70,13,195,195,0,0
271587689,NODE_B0CBD8F33218,victim,2,28:05:A5:32:D7:B5,-70,13,195,195,0,0
271687697,NODE_B0CBD8F33218,victim,2,28:05:A5:32:D7:B5,-70,13,195,195,0,0
271787695,NODE_B0CBD8F33218,victim,2,28:05:A5:32:D7:B5,-70,13,195,195,0,0
271897699,NODE_B0CBD8F33218,victim,2,28:05:A5:32:D7:B5,-70,13,196,196,0,0
271997693,NODE_B0CBD8F33218,victim,2,28:05:A5:32:D7:B5,-70,13,196,196,0,0
272097693,NODE_B0CBD8F33218,victim,2,28:05:A5:32:D7:B5,-70,13,196,196,0,0
272207706,NODE_B0CBD8F33218,victim,2,28:05:A5:32:D7:B5,-70,13,196,196,0,0
272307693,NODE_B0CBD8F33218,victim,2,28:05:A5:32:D7:B5,-70,13,196,196,0,0
272407689,NODE_B0CBD8F33218,victim,2,28:05:A5:32:D7:B5,-70,13,196,196,0,0
272517693,NODE_B0CBD8F33218,victim,2,28:05:A5:32:D7:B5,-73,13,196,196,0,0
272617691,NODE_B0CBD8F33218,victim,2,28:05:A5:32:D7:B5,-73,13,196,196,0,0
272717701,NODE_B0CBD8F33218,victim,2,28:05:A5:32:D7:B5,-73,13,196,196,0,0
272817693,NODE_B0CBD8F33218,victim,2,28:05:A5:32:D7:B5,-73,13,196,196,0,0
272917699,NODE_B0CBD8F33218,victim,2,28:05:A5:32:D7:B5,-73,13,197,197,0,0
273027693,NODE_B0CBD8F33218,victim,2,28:05:A5:32:D7:B5,-73,13,197,197,0,0
273127701,NODE_B0CBD8F33218,victim,2,28:05:A5:32:D7:B5,-73,13,197,197,0,0
273227699,NODE_B0CBD8F33218,victim,2,28:05:A5:32:D7:B5,-73,13,197,197,0,0
273337691,NODE_B0CBD8F33218,victim,2,28:05:A5:32:D7:B5,-73,13,197,197,0,0
273437689,NODE_B0CBD8F33218,victim,2,28:05:A5:32:D7:B5,-73,13,197,197,0,0
273547689,NODE_B0CBD8F33218,victim,2,28:05:A5:32:D7:B5,-72,13,197,197,0,0
273647699,NODE_B0CBD8F33218,victim,2,28:05:A5:32:D7:B5,-72,13,197,197,0,0
273747697,NODE_B0CBD8F33218,victim,2,28:05:A5:32:D7:B5,-72,13,197,197,0,0
273847689,NODE_B0CBD8F33218,victim,2,28:05:A5:32:D7:B5,-72,13,197,197,0,0
273947703,NODE_B0CBD8F33218,victim,2,28:05:A5:32:D7:B5,-72,13,198,198,0,0
274057695,NODE_B0CBD8F33218,victim,2,28:05:A5:32:D7:B5,-72,13,198,198,0,0
274157693,NODE_B0CBD8F33218,victim,2,28:05:A5:32:D7:B5,-72,13,198,198,0,0
274257693,NODE_B0CBD8F33218,victim,2,28:05:A5:32:D7:B5,-72,13,198,198,0,0
274367691,NODE_B0CBD8F33218,victim,2,28:05:A5:32:D7:B5,-72,13,198,198,0,0
274467689,NODE_B0CBD8F33218,victim,2,28:05:A5:32:D7:B5,-72,13,198,198,0,0
274567693,NODE_B0CBD8F33218,victim,2,28:05:A5:32:D7:B5,-72,13,198,198,0,0
274667695,NODE_B0CBD8F33218,victim,2,28:05:A5:32:D7:B5,-72,13,198,198,0,0
274777699,NODE_B0CBD8F33218,victim,2,28:05:A5:32:D7:B5,-72,13,198,198,0,0
274877697,NODE_B0CBD8F33218,victim,2,28:05:A5:32:D7:B5,-72,13,199,199,0,0
274977689,NODE_B0CBD8F33218,victim,2,28:05:A5:32:D7:B5,-72,13,199,199,0,0
275087699,NODE_B0CBD8F33218,victim,2,28:05:A5:32:D7:B5,-72,13,199,199,0,0
275187701,NODE_B0CBD8F33218,victim,2,28:05:A5:32:D7:B5,-72,13,199,199,0,0
275287697,NODE_B0CBD8F33218,victim,2,28:05:A5:32:D7:B5,-72,13,199,199,0,0
275397693,NODE_B0CBD8F33218,victim,2,28:05:A5:32:D7:B5,-72,13,199,199,0,0
275497691,NODE_B0CBD8F33218,victim,2,28:05:A5:32:D7:B5,-72,13,199,199,0,0
275597693,NODE_B0CBD8F33218,victim,2,28:05:A5:32:D7:B5,-71,13,199,199,0,0
275697693,NODE_B0CBD8F33218,victim,2,28:05:A5:32:D7:B5,-71,13,199,199,0,0
275807699,NODE_B0CBD8F33218,victim,2,28:05:A5:32:D7:B5,-71,13,199,199,0,0
275907697,NODE_B0CBD8F33218,victim,2,28:05:A5:32:D7:B5,-71,13,200,200,0,0
276007693,NODE_B0CBD8F33218,victim,2,28:05:A5:32:D7:B5,-71,13,200,200,0,0
276117697,NODE_B0CBD8F33218,victim,2,28:05:A5:32:D7:B5,-71,13,200,200,0,0
276217699,NODE_B0CBD8F33218,victim,2,28:05:A5:32:D7:B5,-71,13,200,200,0,0
276317693,NODE_B0CBD8F33218,victim,2,28:05:A5:32:D7:B5,-71,13,200,200,0,0
276427693,NODE_B0CBD8F33218,victim,2,28:05:A5:32:D7:B5,-71,13,200,200,0,0
276527691,NODE_B0CBD8F33218,victim,2,28:05:A5:32:D7:B5,-71,13,200,200,0,0
276627697,NODE_B0CBD8F33218,victim,2,28:05:A5:32:D7:B5,-73,13,200,200,0,0
276727693,NODE_B0CBD8F33218,victim,2,28:05:A5:32:D7:B5,-73,13,200,200,0,0
276837693,NODE_B0CBD8F33218,victim,2,28:05:A5:32:D7:B5,-73,13,200,200,0,0
276937703,NODE_B0CBD8F33218,victim,2,28:05:A5:32:D7:B5,-73,13,201,201,0,0
277038104,NODE_B0CBD8F33218,victim,2,28:05:A5:32:D7:B5,-73,13,201,201,0,0
277147701,NODE_B0CBD8F33218,victim,2,28:05:A5:32:D7:B5,-73,13,201,201,0,0
277247695,NODE_B0CBD8F33218,victim,2,28:05:A5:32:D7:B5,-73,13,201,201,0,0
277347693,NODE_B0CBD8F33218,victim,2,28:05:A5:32:D7:B5,-73,13,201,201,0,0
277457693,NODE_B0CBD8F33218,victim,2,28:05:A5:32:D7:B5,-73,13,201,201,0,0
277557689,NODE_B0CBD8F33218,victim,2,28:05:A5:32:D7:B5,-72,13,201,201,0,0
277657699,NODE_B0CBD8F33218,victim,2,28:05:A5:32:D7:B5,-72,13,201,201,0,0
277757697,NODE_B0CBD8F33218,victim,2,28:05:A5:32:D7:B5,-72,13,201,201,0,0
277867697,NODE_B0CBD8F33218,victim,2,28:05:A5:32:D7:B5,-72,13,202,202,0,0
277967691,NODE_B0CBD8F33218,victim,2,28:05:A5:32:D7:B5,-72,13,202,202,0,0
278067693,NODE_B0CBD8F33218,victim,2,28:05:A5:32:D7:B5,-72,13,202,202,0,0
278177693,NODE_B0CBD8F33218,victim,2,28:05:A5:32:D7:B5,-72,13,202,202,0,0
278277697,NODE_B0CBD8F33218,victim,2,28:05:A5:32:D7:B5,-72,13,202,202,0,0
278377695,NODE_B0CBD8F33218,victim,2,28:05:A5:32:D7:B5,-72,13,202,202,0,0
278487693,NODE_B0CBD8F33218,victim,2,28:05:A5:32:D7:B5,-72,13,202,202,0,0
278587689,NODE_B0CBD8F33218,victim,2,28:05:A5:32:D7:B5,-73,13,202,202,0,0
278687694,NODE_B0CBD8F33218,victim,2,28:05:A5:32:D7:B5,-73,13,202,202,0,0
278787697,NODE_B0CBD8F33218,victim,2,28:05:A5:32:D7:B5,-73,13,202,202,0,0
278897697,NODE_B0CBD8F33218,victim,2,28:05:A5:32:D7:B5,-73,13,202,202,0,0
278997693,NODE_B0CBD8F33218,victim,2,28:05:A5:32:D7:B5,-73,13,203,203,0,0
279097699,NODE_B0CBD8F33218,victim,2,28:05:A5:32:D7:B5,-73,13,203,203,0,0
279207705,NODE_B0CBD8F33218,victim,2,28:05:A5:32:D7:B5,-73,13,203,203,0,0
279307689,NODE_B0CBD8F33218,victim,2,28:05:A5:32:D7:B5,-73,13,203,203,0,0
279407695,NODE_B0CBD8F33218,victim,2,28:05:A5:32:D7:B5,-73,13,203,203,0,0
279517695,NODE_B0CBD8F33218,victim,2,28:05:A5:32:D7:B5,-73,13,203,203,0,0
279617697,NODE_B0CBD8F33218,victim,2,28:05:A5:32:D7:B5,-69,13,203,203,0,0
279717693,NODE_B0CBD8F33218,victim,2,28:05:A5:32:D7:B5,-69,13,203,203,0,0
279817695,NODE_B0CBD8F33218,victim,2,28:05:A5:32:D7:B5,-69,13,203,203,0,0
279927697,NODE_B0CBD8F33218,victim,2,28:05:A5:32:D7:B5,-69,13,204,204,0,0
280027693,NODE_B0CBD8F33218,victim,2,28:05:A5:32:D7:B5,-69,13,204,204,0,0
280127790,NODE_B0CBD8F33218,victim,2,28:05:A5:32:D7:B5,-69,13,204,204,0,0
280237695,NODE_B0CBD8F33218,victim,2,28:05:A5:32:D7:B5,-69,13,204,204,0,0
280337689,NODE_B0CBD8F33218,victim,2,28:05:A5:32:D7:B5,-69,13,204,204,0,0
280437689,NODE_B0CBD8F33218,victim,2,28:05:A5:32:D7:B5,-69,13,204,204,0,0
280547691,NODE_B0CBD8F33218,victim,2,28:05:A5:32:D7:B5,-69,13,204,204,0,0
280647689,NODE_B0CBD8F33218,victim,2,28:05:A5:32:D7:B5,-71,13,204,204,0,0
280747693,NODE_B0CBD8F33218,victim,2,28:05:A5:32:D7:B5,-71,13,204,204,0,0
280847695,NODE_B0CBD8F33218,victim,2,28:05:A5:32:D7:B5,-71,13,204,204,0,0
280957699,NODE_B0CBD8F33218,victim,2,28:05:A5:32:D7:B5,-71,13,205,205,0,0
281057689,NODE_B0CBD8F33218,victim,2,28:05:A5:32:D7:B5,-71,13,205,205,0,0
281157701,NODE_B0CBD8F33218,victim,2,28:05:A5:32:D7:B5,-71,13,205,205,0,0
281267698,NODE_B0CBD8F33218,victim,2,28:05:A5:32:D7:B5,-71,13,205,205,0,0
281367689,NODE_B0CBD8F33218,victim,2,28:05:A5:32:D7:B5,-71,13,205,205,0,0
281467693,NODE_B0CBD8F33218,victim,2,28:05:A5:32:D7:B5,-71,13,205,205,0,0
281577693,NODE_B0CBD8F33218,victim,2,28:05:A5:32:D7:B5,-71,13,205,205,0,0
281677695,NODE_B0CBD8F33218,victim,2,28:05:A5:32:D7:B5,-72,13,205,205,0,0
281777693,NODE_B0CBD8F33218,victim,2,28:05:A5:32:D7:B5,-72,13,205,205,0,0
281877693,NODE_B0CBD8F33218,victim,2,28:05:A5:32:D7:B5,-72,13,205,205,0,0
281977699,NODE_B0CBD8F33218,victim,2,28:05:A5:32:D7:B5,-72,13,206,206,0,0
282077689,NODE_B0CBD8F33218,victim,2,28:05:A5:32:D7:B5,-72,13,206,206,0,0
282187697,NODE_B0CBD8F33218,victim,2,28:05:A5:32:D7:B5,-72,13,206,206,0,0
282297697,NODE_B0CBD8F33218,victim,2,28:05:A5:32:D7:B5,-72,13,206,206,0,0
282397691,NODE_B0CBD8F33218,victim,2,28:05:A5:32:D7:B5,-72,13,206,206,0,0
282497693,NODE_B0CBD8F33218,victim,2,28:05:A5:32:D7:B5,-72,13,206,206,0,0
282607697,NODE_B0CBD8F33218,victim,2,28:05:A5:32:D7:B5,-72,13,206,206,0,0
282707699,NODE_B0CBD8F33218,victim,2,28:05:A5:32:D7:B5,-73,13,206,206,0,0
282807693,NODE_B0CBD8F33218,victim,2,28:05:A5:32:D7:B5,-73,13,206,206,0,0
282907701,NODE_B0CBD8F33218,victim,2,28:05:A5:32:D7:B5,-73,13,206,206,0,0
283007703,NODE_B0CBD8F33218,victim,2,28:05:A5:32:D7:B5,-73,13,207,207,0,0
283107693,NODE_B0CBD8F33218,victim,2,28:05:A5:32:D7:B5,-73,13,207,207,0,0
283217701,NODE_B0CBD8F33218,victim,2,28:05:A5:32:D7:B5,-73,13,207,207,0,0
283317689,NODE_B0CBD8F33218,victim,2,28:05:A5:32:D7:B5,-73,13,207,207,0,0
283417691,NODE_B0CBD8F33218,victim,2,28:05:A5:32:D7:B5,-73,13,207,207,0,0
283527689,NODE_B0CBD8F33218,victim,2,28:05:A5:32:D7:B5,-73,13,207,207,0,0
283627693,NODE_B0CBD8F33218,victim,2,28:05:A5:32:D7:B5,-73,13,207,207,0,0
283727695,NODE_B0CBD8F33218,victim,2,28:05:A5:32:D7:B5,-72,13,207,207,0,0
283837691,NODE_B0CBD8F33218,victim,2,28:05:A5:32:D7:B5,-72,13,207,207,0,0
283938037,NODE_B0CBD8F33218,victim,2,28:05:A5:32:D7:B5,-72,13,208,208,0,0
284038104,NODE_B0CBD8F33218,victim,2,28:05:A5:32:D7:B5,-72,13,208,208,0,0
284138103,NODE_B0CBD8F33218,victim,2,28:05:A5:32:D7:B5,-72,13,208,208,0,0
284247693,NODE_B0CBD8F33218,victim,2,28:05:A5:32:D7:B5,-72,13,208,208,0,0
284347693,NODE_B0CBD8F33218,victim,2,28:05:A5:32:D7:B5,-72,13,208,208,0,0
284447687,NODE_B0CBD8F33218,victim,2,28:05:A5:32:D7:B5,-72,13,208,208,0,0
284557695,NODE_B0CBD8F33218,victim,2,28:05:A5:32:D7:B5,-72,13,208,208,0,0
284657693,NODE_B0CBD8F33218,victim,2,28:05:A5:32:D7:B5,-72,13,208,208,0,0
284757693,NODE_B0CBD8F33218,victim,2,28:05:A5:32:D7:B5,-80,13,208,208,0,0
284867695,NODE_B0CBD8F33218,victim,2,28:05:A5:32:D7:B5,-80,13,208,208,0,0
284967701,NODE_B0CBD8F33218,victim,2,28:05:A5:32:D7:B5,-80,13,209,209,0,0
285067697,NODE_B0CBD8F33218,victim,2,28:05:A5:32:D7:B5,-80,13,209,209,0,0
285167703,NODE_B0CBD8F33218,victim,2,28:05:A5:32:D7:B5,-80,13,209,209,0,0
285277703,NODE_B0CBD8F33218,victim,2,28:05:A5:32:D7:B5,-80,13,209,209,0,0
285377693,NODE_B0CBD8F33218,victim,2,28:05:A5:32:D7:B5,-80,13,209,209,0,0
285477689,NODE_B0CBD8F33218,victim,2,28:05:A5:32:D7:B5,-80,13,209,209,0,0
285587695,NODE_B0CBD8F33218,victim,2,28:05:A5:32:D7:B5,-80,13,209,209,0,0
285687697,NODE_B0CBD8F33218,victim,2,28:05:A5:32:D7:B5,-80,13,209,209,0,0
285787693,NODE_B0CBD8F33218,victim,2,28:05:A5:32:D7:B5,-71,13,209,209,0,0
285897693,NODE_B0CBD8F33218,victim,2,28:05:A5:32:D7:B5,-71,13,209,209,0,0
285997707,NODE_B0CBD8F33218,victim,2,28:05:A5:32:D7:B5,-71,13,210,210,0,0
286097697,NODE_B0CBD8F33218,victim,2,28:05:A5:32:D7:B5,-71,13,210,210,0,0
286197693,NODE_B0CBD8F33218,victim,2,28:05:A5:32:D7:B5,-71,13,210,210,0,0
286307691,NODE_B0CBD8F33218,victim,2,28:05:A5:32:D7:B5,-71,13,210,210,0,0
286407689,NODE_B0CBD8F33218,victim,2,28:05:A5:32:D7:B5,-71,13,210,210,0,0
286507689,NODE_B0CBD8F33218,victim,2,28:05:A5:32:D7:B5,-71,13,210,210,0,0
286617689,NODE_B0CBD8F33218,victim,2,28:05:A5:32:D7:B5,-71,13,210,210,0,0
286717695,NODE_B0CBD8F33218,victim,2,28:05:A5:32:D7:B5,-71,13,210,210,0,0
286817689,NODE_B0CBD8F33218,victim,2,28:05:A5:32:D7:B5,-72,13,210,210,0,0
286927697,NODE_B0CBD8F33218,victim,2,28:05:A5:32:D7:B5,-72,13,211,211,0,0
287027695,NODE_B0CBD8F33218,victim,2,28:05:A5:32:D7:B5,-72,13,211,211,0,0
287127701,NODE_B0CBD8F33218,victim,2,28:05:A5:32:D7:B5,-72,13,211,211,0,0
287227693,NODE_B0CBD8F33218,victim,2,28:05:A5:32:D7:B5,-72,13,211,211,0,0
287337701,NODE_B0CBD8F33218,victim,2,28:05:A5:32:D7:B5,-72,13,211,211,0,0
287437695,NODE_B0CBD8F33218,victim,2,28:05:A5:32:D7:B5,-72,13,211,211,0,0
287537689,NODE_B0CBD8F33218,victim,2,28:05:A5:32:D7:B5,-72,13,211,211,0,0
287647970,NODE_B0CBD8F33218,victim,2,28:05:A5:32:D7:B5,-72,13,211,211,0,0
287747694,NODE_B0CBD8F33218,victim,2,28:05:A5:32:D7:B5,-72,13,211,211,0,0
287847689,NODE_B0CBD8F33218,victim,2,28:05:A5:32:D7:B5,-76,13,211,211,0,0
287957697,NODE_B0CBD8F33218,victim,2,28:05:A5:32:D7:B5,-76,13,212,212,0,0
288057693,NODE_B0CBD8F33218,victim,2,28:05:A5:32:D7:B5,-76,13,212,212,0,0
288157703,NODE_B0CBD8F33218,victim,2,28:05:A5:32:D7:B5,-76,13,212,212,0,0
288257697,NODE_B0CBD8F33218,victim,2,28:05:A5:32:D7:B5,-76,13,212,212,0,0
288367693,NODE_B0CBD8F33218,victim,2,28:05:A5:32:D7:B5,-76,13,212,212,0,0
288467695,NODE_B0CBD8F33218,victim,2,28:05:A5:32:D7:B5,-76,13,212,212,0,0
288567689,NODE_B0CBD8F33218,victim,2,28:05:A5:32:D7:B5,-76,13,212,212,0,0
288677697,NODE_B0CBD8F33218,victim,2,28:05:A5:32:D7:B5,-76,13,212,212,0,0
288777693,NODE_B0CBD8F33218,victim,2,28:05:A5:32:D7:B5,-76,13,212,212,0,0
288877691,NODE_B0CBD8F33218,victim,2,28:05:A5:32:D7:B5,-82,13,212,212,0,0
288987701,NODE_B0CBD8F33218,victim,2,28:05:A5:32:D7:B5,-82,13,213,213,0,0
289087693,NODE_B0CBD8F33218,victim,2,28:05:A5:32:D7:B5,-82,13,213,213,0,0
289187703,NODE_B0CBD8F33218,victim,2,28:05:A5:32:D7:B5,-82,13,213,213,0,0
289287693,NODE_B0CBD8F33218,victim,2,28:05:A5:32:D7:B5,-82,13,213,213,0,0
289397693,NODE_B0CBD8F33218,victim,2,28:05:A5:32:D7:B5,-82,13,213,213,0,0
289497693,NODE_B0CBD8F33218,victim,2,28:05:A5:32:D7:B5,-82,13,213,213,0,0
289597691,NODE_B0CBD8F33218,victim,2,28:05:A5:32:D7:B5,-82,13,213,213,0,0
289707693,NODE_B0CBD8F33218,victim,2,28:05:A5:32:D7:B5,-82,13,213,213,0,0
289807693,NODE_B0CBD8F33218,victim,2,28:05:A5:32:D7:B5,-82,13,213,213,0,0
289907691,NODE_B0CBD8F33218,victim,2,28:05:A5:32:D7:B5,-76,13,213,213,0,0
290017703,NODE_B0CBD8F33218,victim,2,28:05:A5:32:D7:B5,-76,13,214,214,0,0
290117693,NODE_B0CBD8F33218,victim,2,28:05:A5:32:D7:B5,-76,13,214,214,0,0
290217705,NODE_B0CBD8F33218,victim,2,28:05:A5:32:D7:B5,-76,13,214,214,0,0
290317691,NODE_B0CBD8F33218,victim,2,28:05:A5:32:D7:B5,-76,13,214,214,0,0
290427689,NODE_B0CBD8F33218,victim,2,28:05:A5:32:D7:B5,-76,13,214,214,0,0
290527689,NODE_B0CBD8F33218,victim,2,28:05:A5:32:D7:B5,-76,13,214,214,0,0
290627691,NODE_B0CBD8F33218,victim,2,28:05:A5:32:D7:B5,-76,13,214,214,0,0
290737695,NODE_B0CBD8F33218,victim,2,28:05:A5:32:D7:B5,-76,13,214,214,0,0
290837693,NODE_B0CBD8F33218,victim,2,28:05:A5:32:D7:B5,-76,13,214,214,0,0
290937693,NODE_B0CBD8F33218,victim,2,28:05:A5:32:D7:B5,-74,13,215,215,0,0
291047695,NODE_B0CBD8F33218,victim,2,28:05:A5:32:D7:B5,-74,13,215,215,0,0
291147697,NODE_B0CBD8F33218,victim,2,28:05:A5:32:D7:B5,-74,13,215,215,0,0
291247701,NODE_B0CBD8F33218,victim,2,28:05:A5:32:D7:B5,-74,13,215,215,0,0
291347691,NODE_B0CBD8F33218,victim,2,28:05:A5:32:D7:B5,-74,13,215,215,0,0
291457691,NODE_B0CBD8F33218,victim,2,28:05:A5:32:D7:B5,-74,13,215,215,0,0
291557689,NODE_B0CBD8F33218,victim,2,28:05:A5:32:D7:B5,-74,13,215,215,0,0
291657850,NODE_B0CBD8F33218,victim,2,28:05:A5:32:D7:B5,-74,13,215,215,0,0
291767699,NODE_B0CBD8F33218,victim,2,28:05:A5:32:D7:B5,-74,13,215,215,0,0
291867693,NODE_B0CBD8F33218,victim,2,28:05:A5:32:D7:B5,-74,13,215,215,0,0
291967701,NODE_B0CBD8F33218,victim,2,28:05:A5:32:D7:B5,-76,13,216,216,0,0
292077693,NODE_B0CBD8F33218,victim,2,28:05:A5:32:D7:B5,-76,13,216,216,0,0
292177699,NODE_B0CBD8F33218,victim,2,28:05:A5:32:D7:B5,-76,13,216,216,0,0
292277693,NODE_B0CBD8F33218,victim,2,28:05:A5:32:D7:B5,-76,13,216,216,0,0
292377689,NODE_B0CBD8F33218,victim,2,28:05:A5:32:D7:B5,-76,13,216,216,0,0
292477691,NODE_B0CBD8F33218,victim,2,28:05:A5:32:D7:B5,-76,13,216,216,0,0
292587689,NODE_B0CBD8F33218,victim,2,28:05:A5:32:D7:B5,-76,13,216,216,0,0
292687697,NODE_B0CBD8F33218,victim,2,28:05:A5:32:D7:B5,-76,13,216,216,0,0
292797693,NODE_B0CBD8F33218,victim,2,28:05:A5:32:D7:B5,-76,13,216,216,0,0
292897723,NODE_B0CBD8F33218,victim,2,28:05:A5:32:D7:B5,-76,13,216,216,0,0
292997697,NODE_B0CBD8F33218,victim,2,28:05:A5:32:D7:B5,-77,13,217,217,0,0
293107697,NODE_B0CBD8F33218,victim,2,28:05:A5:32:D7:B5,-77,13,217,217,0,0
293207703,NODE_B0CBD8F33218,victim,2,28:05:A5:32:D7:B5,-77,13,217,217,0,0
293307693,NODE_B0CBD8F33218,victim,2,28:05:A5:32:D7:B5,-77,13,217,217,0,0
293407689,NODE_B0CBD8F33218,victim,2,28:05:A5:32:D7:B5,-77,13,217,217,0,0
293507694,NODE_B0CBD8F33218,victim,2,28:05:A5:32:D7:B5,-77,13,217,217,0,0
293617695,NODE_B0CBD8F33218,victim,2,28:05:A5:32:D7:B5,-77,13,217,217,0,0
293717693,NODE_B0CBD8F33218,victim,2,28:05:A5:32:D7:B5,-77,13,217,217,0,0
293817689,NODE_B0CBD8F33218,victim,2,28:05:A5:32:D7:B5,-77,13,217,217,0,0
293927699,NODE_B0CBD8F33218,victim,2,28:05:A5:32:D7:B5,-77,13,218,218,0,0
294027689,NODE_B0CBD8F33218,victim,2,28:05:A5:32:D7:B5,-73,13,218,218,0,0
294127693,NODE_B0CBD8F33218,victim,2,28:05:A5:32:D7:B5,-73,13,218,218,0,0
294227703,NODE_B0CBD8F33218,victim,2,28:05:A5:32:D7:B5,-73,13,218,218,0,0
294337695,NODE_B0CBD8F33218,victim,2,28:05:A5:32:D7:B5,-73,13,218,218,0,0
294437689,NODE_B0CBD8F33218,victim,2,28:05:A5:32:D7:B5,-73,13,218,218,0,0
294537693,NODE_B0CBD8F33218,victim,2,28:05:A5:32:D7:B5,-73,13,218,218,0,0
294647699,NODE_B0CBD8F33218,victim,2,28:05:A5:32:D7:B5,-73,13,218,218,0,0
294747693,NODE_B0CBD8F33218,victim,2,28:05:A5:32:D7:B5,-73,13,218,218,0,0
294847693,NODE_B0CBD8F33218,victim,2,28:05:A5:32:D7:B5,-73,13,218,218,0,0
294957701,NODE_B0CBD8F33218,victim,2,28:05:A5:32:D7:B5,-73,13,219,219,0,0
295057691,NODE_B0CBD8F33218,victim,2,28:05:A5:32:D7:B5,-72,13,219,219,0,0
295157705,NODE_B0CBD8F33218,victim,2,28:05:A5:32:D7:B5,-72,13,219,219,0,0
295257697,NODE_B0CBD8F33218,victim,2,28:05:A5:32:D7:B5,-72,13,219,219,0,0
295367699,NODE_B0CBD8F33218,victim,2,28:05:A5:32:D7:B5,-72,13,219,219,0,0
295467689,NODE_B0CBD8F33218,victim,2,28:05:A5:32:D7:B5,-72,13,219,219,0,0
295567693,NODE_B0CBD8F33218,victim,2,28:05:A5:32:D7:B5,-72,13,219,219,0,0
295677693,NODE_B0CBD8F33218,victim,2,28:05:A5:32:D7:B5,-72,13,219,219,0,0
295777695,NODE_B0CBD8F33218,victim,2,28:05:A5:32:D7:B5,-72,13,219,219,0,0
295877693,NODE_B0CBD8F33218,victim,2,28:05:A5:32:D7:B5,-72,13,219,219,0,0
295987701,NODE_B0CBD8F33218,victim,2,28:05:A5:32:D7:B5,-76,13,220,220,0,0
296087691,NODE_B0CBD8F33218,victim,2,28:05:A5:32:D7:B5,-76,13,220,220,0,0
296187705,NODE_B0CBD8F33218,victim,2,28:05:A5:32:D7:B5,-76,13,220,220,0,0
296287693,NODE_B0CBD8F33218,victim,2,28:05:A5:32:D7:B5,-76,13,220,220,0,0
296397693,NODE_B0CBD8F33218,victim,2,28:05:A5:32:D7:B5,-76,13,220,220,0,0
296497691,NODE_B0CBD8F33218,victim,2,28:05:A5:32:D7:B5,-76,13,220,220,0,0
296597693,NODE_B0CBD8F33218,victim,2,28:05:A5:32:D7:B5,-76,13,220,220,0,0
296707693,NODE_B0CBD8F33218,victim,2,28:05:A5:32:D7:B5,-76,13,220,220,0,0
296807695,NODE_B0CBD8F33218,victim,2,28:05:A5:32:D7:B5,-76,13,220,220,0,0
296907693,NODE_B0CBD8F33218,victim,2,28:05:A5:32:D7:B5,-76,13,220,220,0,0
297017701,NODE_B0CBD8F33218,victim,2,28:05:A5:32:D7:B5,-74,13,221,221,0,0
297117689,NODE_B0CBD8F33218,victim,2,28:05:A5:32:D7:B5,-74,13,221,221,0,0
297217707,NODE_B0CBD8F33218,victim,2,28:05:A5:32:D7:B5,-74,13,221,221,0,0
297317689,NODE_B0CBD8F33218,victim,2,28:05:A5:32:D7:B5,-74,13,221,221,0,0
297427689,NODE_B0CBD8F33218,victim,2,28:05:A5:32:D7:B5,-74,13,221,221,0,0
297527691,NODE_B0CBD8F33218,victim,2,28:05:A5:32:D7:B5,-74,13,221,221,0,0
297627697,NODE_B0CBD8F33218,victim,2,28:05:A5:32:D7:B5,-74,13,221,221,0,0
297737693,NODE_B0CBD8F33218,victim,2,28:05:A5:32:D7:B5,-74,13,221,221,0,0
297837689,NODE_B0CBD8F33218,victim,2,28:05:A5:32:D7:B5,-74,13,221,221,0,0
297937703,NODE_B0CBD8F33218,victim,2,28:05:A5:32:D7:B5,-74,13,222,222,0,0
298047693,NODE_B0CBD8F33218,victim,2,28:05:A5:32:D7:B5,-76,13,222,222,0,0
298147693,NODE_B0CBD8F33218,victim,2,28:05:A5:32:D7:B5,-76,13,222,222,0,0
298247699,NODE_B0CBD8F33218,victim,2,28:05:A5:32:D7:B5,-76,13,222,222,0,0
298347689,NODE_B0CBD8F33218,victim,2,28:05:A5:32:D7:B5,-76,13,222,222,0,0
298457689,NODE_B0CBD8F33218,victim,2,28:05:A5:32:D7:B5,-76,13,222,222,0,0
298557689,NODE_B0CBD8F33218,victim,2,28:05:A5:32:D7:B5,-76,13,222,222,0,0
298657793,NODE_B0CBD8F33218,victim,2,28:05:A5:32:D7:B5,-76,13,222,222,0,0
298767693,NODE_B0CBD8F33218,victim,2,28:05:A5:32:D7:B5,-76,13,222,222,0,0
298867689,NODE_B0CBD8F33218,victim,2,28:05:A5:32:D7:B5,-76,13,222,222,0,0
298967699,NODE_B0CBD8F33218,victim,2,28:05:A5:32:D7:B5,-76,13,223,223,0,0
299077699,NODE_B0CBD8F33218,victim,2,28:05:A5:32:D7:B5,-75,13,223,223,0,0
299178471,NODE_B0CBD8F33218,victim,2,28:05:A5:32:D7:B5,-75,13,223,223,0,0
299277701,NODE_B0CBD8F33218,victim,2,28:05:A5:32:D7:B5,-75,13,223,223,0,0
299377691,NODE_B0CBD8F33218,victim,2,28:05:A5:32:D7:B5,-75,13,223,223,0,0
299487689,NODE_B0CBD8F33218,victim,2,28:05:A5:32:D7:B5,-75,13,223,223,0,0
299587689,NODE_B0CBD8F33218,victim,2,28:05:A5:32:D7:B5,-75,13,223,223,0,0
299687695,NODE_B0CBD8F33218,victim,2,28:05:A5:32:D7:B5,-75,13,223,223,0,0
299797695,NODE_B0CBD8F33218,victim,2,28:05:A5:32:D7:B5,-75,13,223,223,0,0
299897689,NODE_B0CBD8F33218,victim,2,28:05:A5:32:D7:B5,-75,13,223,223,0,0
299997697,NODE_B0CBD8F33218,victim,2,28:05:A5:32:D7:B5,-75,13,224,224,0,0
300107695,NODE_B0CBD8F33218,victim,2,28:05:A5:32:D7:B5,-75,13,224,224,0,0
300207697,NODE_B0CBD8F33218,victim,2,28:05:A5:32:D7:B5,-75,13,224,224,0,0
300307697,NODE_B0CBD8F33218,victim,2,28:05:A5:32:D7:B5,-75,13,224,224,0,0
300407691,NODE_B0CBD8F33218,victim,2,28:05:A5:32:D7:B5,-75,13,224,224,0,0
300517691,NODE_B0CBD8F33218,victim,2,28:05:A5:32:D7:B5,-75,13,224,224,0,0
300617697,NODE_B0CBD8F33218,victim,2,28:05:A5:32:D7:B5,-75,13,224,224,0,0
300717693,NODE_B0CBD8F33218,victim,2,28:05:A5:32:D7:B5,-75,13,224,224,0,0
300827695,NODE_B0CBD8F33218,victim,2,28:05:A5:32:D7:B5,-75,13,224,224,0,0
300927701,NODE_B0CBD8F33218,victim,2,28:05:A5:32:D7:B5,-75,13,225,225,0,0
301027697,NODE_B0CBD8F33218,victim,2,28:05:A5:32:D7:B5,-75,13,225,225,0,0
301137701,NODE_B0CBD8F33218,victim,2,28:05:A5:32:D7:B5,-75,13,225,225,0,0
301237695,NODE_B0CBD8F33218,victim,2,28:05:A5:32:D7:B5,-75,13,225,225,0,0
301337697,NODE_B0CBD8F33218,victim,2,28:05:A5:32:D7:B5,-75,13,225,225,0,0
301437689,NODE_B0CBD8F33218,victim,2,28:05:A5:32:D7:B5,-75,13,225,225,0,0
301547690,NODE_B0CBD8F33218,victim,2,28:05:A5:32:D7:B5,-75,13,225,225,0,0
301647689,NODE_B0CBD8F33218,victim,2,28:05:A5:32:D7:B5,-75,13,225,225,0,0
301747693,NODE_B0CBD8F33218,victim,2,28:05:A5:32:D7:B5,-75,13,225,225,0,0
301857689,NODE_B0CBD8F33218,victim,2,28:05:A5:32:D7:B5,-75,13,225,225,0,0
301957699,NODE_B0CBD8F33218,victim,2,28:05:A5:32:D7:B5,-75,13,226,226,0,0
302057693,NODE_B0CBD8F33218,victim,2,28:05:A5:32:D7:B5,-75,13,226,226,0,0
302167693,NODE_B0CBD8F33218,victim,2,28:05:A5:32:D7:B5,-71,13,226,226,0,0
302267699,NODE_B0CBD8F33218,victim,2,28:05:A5:32:D7:B5,-71,13,226,226,0,0
302367697,NODE_B0CBD8F33218,victim,2,28:05:A5:32:D7:B5,-71,13,226,226,0,0
302467689,NODE_B0CBD8F33218,victim,2,28:05:A5:32:D7:B5,-71,13,226,226,0,0
302567694,NODE_B0CBD8F33218,victim,2,28:05:A5:32:D7:B5,-71,13,226,226,0,0
302667697,NODE_B0CBD8F33218,victim,2,28:05:A5:32:D7:B5,-71,13,226,226,0,0
302777693,NODE_B0CBD8F33218,victim,2,28:05:A5:32:D7:B5,-71,13,226,226,0,0
302877693,NODE_B0CBD8F33218,victim,2,28:05:A5:32:D7:B5,-71,13,226,226,0,0
302977699,NODE_B0CBD8F33218,victim,2,28:05:A5:32:D7:B5,-71,13,227,227,0,0
303087697,NODE_B0CBD8F33218,victim,2,28:05:A5:32:D7:B5,-71,13,227,227,0,0
303197701,NODE_B0CBD8F33218,victim,2,28:05:A5:32:D7:B5,-76,13,227,227,0,0
303297693,NODE_B0CBD8F33218,victim,2,28:05:A5:32:D7:B5,-76,13,227,227,0,0
303397699,NODE_B0CBD8F33218,victim,2,28:05:A5:32:D7:B5,-76,13,227,227,0,0
303497689,NODE_B0CBD8F33218,victim,2,28:05:A5:32:D7:B5,-76,13,227,227,0,0
303597689,NODE_B0CBD8F33218,victim,2,28:05:A5:32:D7:B5,-76,13,227,227,0,0
303697699,NODE_B0CBD8F33218,victim,2,28:05:A5:32:D7:B5,-76,13,227,227,0,0
303807693,NODE_B0CBD8F33218,victim,2,28:05:A5:32:D7:B5,-76,13,227,227,0,0
303907693,NODE_B0CBD8F33218,victim,2,28:05:A5:32:D7:B5,-76,13,227,227,0,0
304007703,NODE_B0CBD8F33218,victim,2,28:05:A5:32:D7:B5,-76,13,228,228,0,0
304117695,NODE_B0CBD8F33218,victim,2,28:05:A5:32:D7:B5,-76,13,228,228,0,0
304217697,NODE_B0CBD8F33218,victim,2,28:05:A5:32:D7:B5,-73,13,228,228,0,0
304317689,NODE_B0CBD8F33218,victim,2,28:05:A5:32:D7:B5,-73,13,228,228,0,0
304427699,NODE_B0CBD8F33218,victim,2,28:05:A5:32:D7:B5,-73,13,228,228,0,0
304527689,NODE_B0CBD8F33218,victim,2,28:05:A5:32:D7:B5,-73,13,228,228,0,0
304627689,NODE_B0CBD8F33218,victim,2,28:05:A5:32:D7:B5,-73,13,228,228,0,0
304727695,NODE_B0CBD8F33218,victim,2,28:05:A5:32:D7:B5,-73,13,228,228,0,0
304837695,NODE_B0CBD8F33218,victim,2,28:05:A5:32:D7:B5,-73,13,228,228,0,0
304937697,NODE_B0CBD8F33218,victim,2,28:05:A5:32:D7:B5,-73,13,229,229,0,0
305038092,NODE_B0CBD8F33218,victim,2,28:05:A5:32:D7:B5,-73,13,229,229,0,0
305147707,NODE_B0CBD8F33218,victim,2,28:05:A5:32:D7:B5,-73,13,229,229,0,0
305247697,NODE_B0CBD8F33218,victim,2,28:05:A5:32:D7:B5,-71,13,229,229,0,0
305347689,NODE_B0CBD8F33218,victim,2,28:05:A5:32:D7:B5,-71,13,229,229,0,0
305457697,NODE_B0CBD8F33218,victim,2,28:05:A5:32:D7:B5,-71,13,229,229,0,0
305557691,NODE_B0CBD8F33218,victim,2,28:05:A5:32:D7:B5,-71,13,229,229,0,0
305658480,NODE_B0CBD8F33218,victim,2,28:05:A5:32:D7:B5,-71,13,229,229,0,0
305757701,NODE_B0CBD8F33218,victim,2,28:05:A5:32:D7:B5,-71,13,229,229,0,0
305867695,NODE_B0CBD8F33218,victim,2,28:05:A5:32:D7:B5,-71,13,229,229,0,0
305967697,NODE_B0CBD8F33218,victim,2,28:05:A5:32:D7:B5,-71,13,230,230,0,0
306067689,NODE_B0CBD8F33218,victim,2,28:05:A5:32:D7:B5,-71,13,230,230,0,0
306177697,NODE_B0CBD8F33218,victim,2,28:05:A5:32:D7:B5,-71,13,230,230,0,0
306277699,NODE_B0CBD8F33218,victim,2,28:05:A5:32:D7:B5,-77,13,230,230,0,0
306377689,NODE_B0CBD8F33218,victim,2,28:05:A5:32:D7:B5,-77,13,230,230,0,0
306487697,NODE_B0CBD8F33218,victim,2,28:05:A5:32:D7:B5,-77,13,230,230,0,0
306587691,NODE_B0CBD8F33218,victim,2,28:05:A5:32:D7:B5,-77,13,230,230,0,0
306687697,NODE_B0CBD8F33218,victim,2,28:05:A5:32:D7:B5,-77,13,230,230,0,0
306787693,NODE_B0CBD8F33218,victim,2,28:05:A5:32:D7:B5,-77,13,230,230,0,0
306897697,NODE_B0CBD8F33218,victim,2,28:05:A5:32:D7:B5,-77,13,230,230,0,0
306997707,NODE_B0CBD8F33218,victim,2,28:05:A5:32:D7:B5,-77,13,231,231,0,0
307097689,NODE_B0CBD8F33218,victim,2,28:05:A5:32:D7:B5,-77,13,231,231,0,0
307207701,NODE_B0CBD8F33218,victim,2,28:05:A5:32:D7:B5,-77,13,231,231,0,0
307307695,NODE_B0CBD8F33218,victim,2,28:05:A5:32:D7:B5,-80,13,231,231,0,0
307407689,NODE_B0CBD8F33218,victim,2,28:05:A5:32:D7:B5,-80,13,231,231,0,0
307517697,NODE_B0CBD8F33218,victim,2,28:05:A5:32:D7:B5,-80,13,231,231,0,0
307617689,NODE_B0CBD8F33218,victim,2,28:05:A5:32:D7:B5,-80,13,231,231,0,0
307717706,NODE_B0CBD8F33218,victim,2,28:05:A5:32:D7:B5,-80,13,231,231,0,0
307817685,NODE_B0CBD8F33218,victim,2,28:05:A5:32:D7:B5,-80,13,231,231,0,0
307927697,NODE_B0CBD8F33218,victim,2,28:05:A5:32:D7:B5,-80,13,232,232,0,0
308027695,NODE_B0CBD8F33218,victim,2,28:05:A5:32:D7:B5,-80,13,232,232,0,0
308127693,NODE_B0CBD8F33218,victim,2,28:05:A5:32:D7:B5,-80,13,232,232,0,0
308237693,NODE_B0CBD8F33218,victim,2,28:05:A5:32:D7:B5,-80,13,232,232,0,0
308337693,NODE_B0CBD8F33218,victim,2,28:05:A5:32:D7:B5,-68,13,232,232,0,0
308437691,NODE_B0CBD8F33218,victim,2,28:05:A5:32:D7:B5,-68,13,232,232,0,0
308547697,NODE_B0CBD8F33218,victim,2,28:05:A5:32:D7:B5,-68,13,232,232,0,0
308647689,NODE_B0CBD8F33218,victim,2,28:05:A5:32:D7:B5,-68,13,232,232,0,0
308747695,NODE_B0CBD8F33218,victim,2,28:05:A5:32:D7:B5,-68,13,232,232,0,0
308847689,NODE_B0CBD8F33218,victim,2,28:05:A5:32:D7:B5,-68,13,232,232,0,0
308957697,NODE_B0CBD8F33218,victim,2,28:05:A5:32:D7:B5,-68,13,233,233,0,0
309057697,NODE_B0CBD8F33218,victim,2,28:05:A5:32:D7:B5,-68,13,233,233,0,0
309157699,NODE_B0CBD8F33218,victim,2,28:05:A5:32:D7:B5,-68,13,233,233,0,0
309267701,NODE_B0CBD8F33218,victim,2,28:05:A5:32:D7:B5,-68,13,233,233,0,0
309367693,NODE_B0CBD8F33218,victim,2,28:05:A5:32:D7:B5,-75,13,233,233,0,0
309467691,NODE_B0CBD8F33218,victim,2,28:05:A5:32:D7:B5,-75,13,233,233,0,0
309577699,NODE_B0CBD8F33218,victim,2,28:05:A5:32:D7:B5,-75,13,233,233,0,0
309677697,NODE_B0CBD8F33218,victim,2,28:05:A5:32:D7:B5,-75,13,233,233,0,0
309777693,NODE_B0CBD8F33218,victim,2,28:05:A5:32:D7:B5,-75,13,233,233,0,0
309877691,NODE_B0CBD8F33218,victim,2,28:05:A5:32:D7:B5,-75,13,233,233,0,0
309987701,NODE_B0CBD8F33218,victim,2,28:05:A5:32:D7:B5,-75,13,234,234,0,0
310087697,NODE_B0CBD8F33218,victim,2,28:05:A5:32:D7:B5,-75,13,234,234,0,0
310187699,NODE_B0CBD8F33218,victim,2,28:05:A5:32:D7:B5,-75,13,234,234,0,0
310297695,NODE_B0CBD8F33218,victim,2,28:05:A5:32:D7:B5,-75,13,234,234,0,0
310397693,NODE_B0CBD8F33218,victim,2,28:05:A5:32:D7:B5,-71,13,234,234,0,0
310497689,NODE_B0CBD8F33218,victim,2,28:05:A5:32:D7:B5,-71,13,234,234,0,0
310607699,NODE_B0CBD8F33218,victim,2,28:05:A5:32:D7:B5,-71,13,234,234,0,0
310707689,NODE_B0CBD8F33218,victim,2,28:05:A5:32:D7:B5,-71,13,234,234,0,0
310807693,NODE_B0CBD8F33218,victim,2,28:05:A5:32:D7:B5,-71,13,234,234,0,0
310907691,NODE_B0CBD8F33218,victim,2,28:05:A5:32:D7:B5,-71,13,234,234,0,0
311017699,NODE_B0CBD8F33218,victim,2,28:05:A5:32:D7:B5,-71,13,235,235,0,0
311117697,NODE_B0CBD8F33218,victim,2,28:05:A5:32:D7:B5,-71,13,235,235,0,0
311217697,NODE_B0CBD8F33218,victim,2,28:05:A5:32:D7:B5,-71,13,235,235,0,0
311327699,NODE_B0CBD8F33218,victim,2,28:05:A5:32:D7:B5,-71,13,235,235,0,0
311427693,NODE_B0CBD8F33218,victim,2,28:05:A5:32:D7:B5,-73,13,235,235,0,0
311527689,NODE_B0CBD8F33218,victim,2,28:05:A5:32:D7:B5,-73,13,235,235,0,0
311637697,NODE_B0CBD8F33218,victim,2,28:05:A5:32:D7:B5,-73,13,235,235,0,0
311737695,NODE_B0CBD8F33218,victim,2,28:05:A5:32:D7:B5,-73,13,235,235,0,0
311837689,NODE_B0CBD8F33218,victim,2,28:05:A5:32:D7:B5,-73,13,235,235,0,0
311938484,NODE_B0CBD8F33218,victim,2,28:05:A5:32:D7:B5,-73,13,235,235,0,0
312047698,NODE_B0CBD8F33218,victim,2,28:05:A5:32:D7:B5,-73,13,236,236,0,0
312147693,NODE_B0CBD8F33218,victim,2,28:05:A5:32:D7:B5,-73,13,236,236,0,0
312247701,NODE_B0CBD8F33218,victim,2,28:05:A5:32:D7:B5,-73,13,236,236,0,0
312357693,NODE_B0CBD8F33218,victim,2,28:05:A5:32:D7:B5,-73,13,236,236,0,0
312457695,NODE_B0CBD8F33218,victim,2,28:05:A5:32:D7:B5,-76,13,236,236,0,0
312557689,NODE_B0CBD8F33218,victim,2,28:05:A5:32:D7:B5,-76,13,236,236,0,0
312667701,NODE_B0CBD8F33218,victim,2,28:05:A5:32:D7:B5,-76,13,236,236,0,0
312767695,NODE_B0CBD8F33218,victim,2,28:05:A5:32:D7:B5,-76,13,236,236,0,0
312867689,NODE_B0CBD8F33218,victim,2,28:05:A5:32:D7:B5,-76,13,236,236,0,0
312967701,NODE_B0CBD8F33218,victim,2,28:05:A5:32:D7:B5,-76,13,237,237,0,0
313067695,NODE_B0CBD8F33218,victim,2,28:05:A5:32:D7:B5,-76,13,237,237,0,0
313177703,NODE_B0CBD8F33218,victim,2,28:05:A5:32:D7:B5,-76,13,237,237,0,0
313277693,NODE_B0CBD8F33218,victim,2,28:05:A5:32:D7:B5,-76,13,237,237,0,0
313377689,NODE_B0CBD8F33218,victim,2,28:05:A5:32:D7:B5,-76,13,237,237,0,0
313487695,NODE_B0CBD8F33218,victim,2,28:05:A5:32:D7:B5,-72,13,237,237,0,0
313587731,NODE_B0CBD8F33218,victim,2,28:05:A5:32:D7:B5,-72,13,237,237,0,0
313687697,NODE_B0CBD8F33218,victim,2,28:05:A5:32:D7:B5,-72,13,237,237,0,0
313787701,NODE_B0CBD8F33218,victim,2,28:05:A5:32:D7:B5,-72,13,237,237,0,0
313897695,NODE_B0CBD8F33218,victim,2,28:05:A5:32:D7:B5,-72,13,237,237,0,0
313997701,NODE_B0CBD8F33218,victim,2,28:05:A5:32:D7:B5,-72,13,238,238,0,0
314097697,NODE_B0CBD8F33218,victim,2,28:05:A5:32:D7:B5,-72,13,238,238,0,0
314207699,NODE_B0CBD8F33218,victim,2,28:05:A5:32:D7:B5,-72,13,238,238,0,0
314307693,NODE_B0CBD8F33218,victim,2,28:05:A5:32:D7:B5,-72,13,238,238,0,0
314407693,NODE_B0CBD8F33218,victim,2,28:05:A5:32:D7:B5,-72,13,238,238,0,0
314517693,NODE_B0CBD8F33218,victim,2,28:05:A5:32:D7:B5,-74,13,238,238,0,0
314617691,NODE_B0CBD8F33218,victim,2,28:05:A5:32:D7:B5,-74,13,238,238,0,0
314717697,NODE_B0CBD8F33218,victim,2,28:05:A5:32:D7:B5,-74,13,238,238,0,0
314817693,NODE_B0CBD8F33218,victim,2,28:05:A5:32:D7:B5,-74,13,238,238,0,0
314927695,NODE_B0CBD8F33218,victim,2,28:05:A5:32:D7:B5,-74,13,238,238,0,0
315027701,NODE_B0CBD8F33218,victim,2,28:05:A5:32:D7:B5,-74,13,239,239,0,0
315127697,NODE_B0CBD8F33218,victim,2,28:05:A5:32:D7:B5,-74,13,239,239,0,0
315237705,NODE_B0CBD8F33218,victim,2,28:05:A5:32:D7:B5,-74,13,239,239,0,0
315337691,NODE_B0CBD8F33218,victim,2,28:05:A5:32:D7:B5,-74,13,239,239,0,0
315437689,NODE_B0CBD8F33218,victim,2,28:05:A5:32:D7:B5,-74,13,239,239,0,0
315547689,NODE_B0CBD8F33218,victim,2,28:05:A5:32:D7:B5,-71,13,239,239,0,0
315647703,NODE_B0CBD8F33218,victim,2,28:05:A5:32:D7:B5,-71,13,239,239,0,0
315747693,NODE_B0CBD8F33218,victim,2,28:05:A5:32:D7:B5,-71,13,239,239,0,0
315847689,NODE_B0CBD8F33218,victim,2,28:05:A5:32:D7:B5,-71,13,239,239,0,0
315957701,NODE_B0CBD8F33218,victim,2,28:05:A5:32:D7:B5,-71,13,240,240,0,0
316057691,NODE_B0CBD8F33218,victim,2,28:05:A5:32:D7:B5,-71,13,240,240,0,0
316157697,NODE_B0CBD8F33218,victim,2,28:05:A5:32:D7:B5,-71,13,240,240,0,0
316267693,NODE_B0CBD8F33218,victim,2,28:05:A5:32:D7:B5,-71,13,240,240,0,0
316367691,NODE_B0CBD8F33218,victim,2,28:05:A5:32:D7:B5,-71,13,240,240,0,0
316467689,NODE_B0CBD8F33218,victim,2,28:05:A5:32:D7:B5,-72,13,240,240,0,0
316577689,NODE_B0CBD8F33218,victim,2,28:05:A5:32:D7:B5,-72,13,240,240,0,0
316677697,NODE_B0CBD8F33218,victim,2,28:05:A5:32:D7:B5,-72,13,240,240,0,0
316777695,NODE_B0CBD8F33218,victim,2,28:05:A5:32:D7:B5,-72,13,240,240,0,0
316877689,NODE_B0CBD8F33218,victim,2,28:05:A5:32:D7:B5,-72,13,240,240,0,0
316987697,NODE_B0CBD8F33218,victim,2,28:05:A5:32:D7:B5,-72,13,241,241,0,0
317087691,NODE_B0CBD8F33218,victim,2,28:05:A5:32:D7:B5,-72,13,241,241,0,0
317187757,NODE_B0CBD8F33218,victim,2,28:05:A5:32:D7:B5,-72,13,241,241,0,0
317297693,NODE_B0CBD8F33218,victim,2,28:05:A5:32:D7:B5,-72,13,241,241,0,0
317397689,NODE_B0CBD8F33218,victim,2,28:05:A5:32:D7:B5,-72,13,241,241,0,0
317497695,NODE_B0CBD8F33218,victim,2,28:05:A5:32:D7:B5,-71,13,241,241,0,0
317607693,NODE_B0CBD8F33218,victim,2,28:05:A5:32:D7:B5,-71,13,241,241,0,0
317708120,NODE_B0CBD8F33218,victim,2,28:05:A5:32:D7:B5,-71,13,241,241,0,0
317807694,NODE_B0CBD8F33218,victim,2,28:05:A5:32:D7:B5,-71,13,241,241,0,0
317907689,NODE_B0CBD8F33218,victim,2,28:05:A5:32:D7:B5,-71,13,241,241,0,0
318017697,NODE_B0CBD8F33218,victim,2,28:05:A5:32:D7:B5,-71,13,242,242,0,0
318117689,NODE_B0CBD8F33218,victim,2,28:05:A5:32:D7:B5,-71,13,242,242,0,0
318217703,NODE_B0CBD8F33218,victim,2,28:05:A5:32:D7:B5,-71,13,242,242,0,0
318327693,NODE_B0CBD8F33218,victim,2,28:05:A5:32:D7:B5,-71,13,242,242,0,0
318427689,NODE_B0CBD8F33218,victim,2,28:05:A5:32:D7:B5,-71,13,242,242,0,0
318527694,NODE_B0CBD8F33218,victim,2,28:05:A5:32:D7:B5,-72,13,242,242,0,0
318637699,NODE_B0CBD8F33218,victim,2,28:05:A5:32:D7:B5,-72,13,242,242,0,0
318737697,NODE_B0CBD8F33218,victim,2,28:05:A5:32:D7:B5,-72,13,242,242,0,0
318837693,NODE_B0CBD8F33218,victim,2,28:05:A5:32:D7:B5,-72,13,242,242,0,0
318938479,NODE_B0CBD8F33218,victim,2,28:05:A5:32:D7:B5,-72,13,242,242,0,0
319047701,NODE_B0CBD8F33218,victim,2,28:05:A5:32:D7:B5,-72,13,243,243,0,0
319147693,NODE_B0CBD8F33218,victim,2,28:05:A5:32:D7:B5,-72,13,243,243,0,0
319247699,NODE_B0CBD8F33218,victim,2,28:05:A5:32:D7:B5,-72,13,243,243,0,0
319357691,NODE_B0CBD8F33218,victim,2,28:05:A5:32:D7:B5,-72,13,243,243,0,0
319457689,NODE_B0CBD8F33218,victim,2,28:05:A5:32:D7:B5,-72,13,243,243,0,0
319557689,NODE_B0CBD8F33218,victim,2,28:05:A5:32:D7:B5,-73,13,243,243,0,0
319667691,NODE_B0CBD8F33218,victim,2,28:05:A5:32:D7:B5,-73,13,243,243,0,0
319767697,NODE_B0CBD8F33218,victim,2,28:05:A5:32:D7:B5,-73,13,243,243,0,0
319867693,NODE_B0CBD8F33218,victim,2,28:05:A5:32:D7:B5,-73,13,243,243,0,0
319967699,NODE_B0CBD8F33218,victim,2,28:05:A5:32:D7:B5,-73,13,244,244,0,0
320077699,NODE_B0CBD8F33218,victim,2,28:05:A5:32:D7:B5,-73,13,244,244,0,0
320177697,NODE_B0CBD8F33218,victim,2,28:05:A5:32:D7:B5,-73,13,244,244,0,0
320277697,NODE_B0CBD8F33218,victim,2,28:05:A5:32:D7:B5,-73,13,244,244,0,0
320387691,NODE_B0CBD8F33218,victim,2,28:05:A5:32:D7:B5,-73,13,244,244,0,0
320487689,NODE_B0CBD8F33218,victim,2,28:05:A5:32:D7:B5,-73,13,244,244,0,0
320587693,NODE_B0CBD8F33218,victim,2,28:05:A5:32:D7:B5,-73,13,244,244,0,0
320697693,NODE_B0CBD8F33218,victim,2,28:05:A5:32:D7:B5,-73,13,244,244,0,0
320797699,NODE_B0CBD8F33218,victim,2,28:05:A5:32:D7:B5,-73,13,244,244,0,0
320897689,NODE_B0CBD8F33218,victim,2,28:05:A5:32:D7:B5,-73,13,244,244,0,0
320997697,NODE_B0CBD8F33218,victim,2,28:05:A5:32:D7:B5,-73,13,245,245,0,0
321107699,NODE_B0CBD8F33218,victim,2,28:05:A5:32:D7:B5,-73,13,245,245,0,0
321207697,NODE_B0CBD8F33218,victim,2,28:05:A5:32:D7:B5,-73,13,245,245,0,0
321307701,NODE_B0CBD8F33218,victim,2,28:05:A5:32:D7:B5,-73,13,245,245,0,0
321417693,NODE_B0CBD8F33218,victim,2,28:05:A5:32:D7:B5,-73,13,245,245,0,0
321517691,NODE_B0CBD8F33218,victim,2,28:05:A5:32:D7:B5,-73,13,245,245,0,0
321617697,NODE_B0CBD8F33218,victim,2,28:05:A5:32:D7:B5,-72,13,245,245,0,0
321727693,NODE_B0CBD8F33218,victim,2,28:05:A5:32:D7:B5,-72,13,245,245,0,0
321827699,NODE_B0CBD8F33218,victim,2,28:05:A5:32:D7:B5,-72,13,245,245,0,0
321927693,NODE_B0CBD8F33218,victim,2,28:05:A5:32:D7:B5,-72,13,245,245,0,0
322027701,NODE_B0CBD8F33218,victim,2,28:05:A5:32:D7:B5,-72,13,246,246,0,0
322127698,NODE_B0CBD8F33218,victim,2,28:05:A5:32:D7:B5,-72,13,246,246,0,0
322227693,NODE_B0CBD8F33218,victim,2,28:05:A5:32:D7:B5,-72,13,246,246,0,0
322337693,NODE_B0CBD8F33218,victim,2,28:05:A5:32:D7:B5,-72,13,246,246,0,0
322437693,NODE_B0CBD8F33218,victim,2,28:05:A5:32:D7:B5,-72,13,246,246,0,0
322537691,NODE_B0CBD8F33218,victim,2,28:05:A5:32:D7:B5,-72,13,246,246,0,0
322647689,NODE_B0CBD8F33218,victim,2,28:05:A5:32:D7:B5,-77,13,246,246,0,0
322757697,NODE_B0CBD8F33218,victim,2,28:05:A5:32:D7:B5,-77,13,246,246,0,0
322857697,NODE_B0CBD8F33218,victim,2,28:05:A5:32:D7:B5,-77,13,246,246,0,0
322957714,NODE_B0CBD8F33218,victim,2,28:05:A5:32:D7:B5,-77,13,247,247,0,0
323057689,NODE_B0CBD8F33218,victim,2,28:05:A5:32:D7:B5,-77,13,247,247,0,0
323157999,NODE_B0CBD8F33218,victim,2,28:05:A5:32:D7:B5,-77,13,247,247,0,0
323257699,NODE_B0CBD8F33218,victim,2,28:05:A5:32:D7:B5,-77,13,247,247,0,0
323367689,NODE_B0CBD8F33218,victim,2,28:05:A5:32:D7:B5,-77,13,247,247,0,0
323467689,NODE_B0CBD8F33218,victim,2,28:05:A5:32:D7:B5,-77,13,247,247,0,0
323567691,NODE_B0CBD8F33218,victim,2,28:05:A5:32:D7:B5,-77,13,247,247,0,0
323677691,NODE_B0CBD8F33218,victim,2,28:05:A5:32:D7:B5,-75,13,247,247,0,0
323777693,NODE_B0CBD8F33218,victim,2,28:05:A5:32:D7:B5,-75,13,247,247,0,0
323877697,NODE_B0CBD8F33218,victim,2,28:05:A5:32:D7:B5,-75,13,247,247,0,0
323987699,NODE_B0CBD8F33218,victim,2,28:05:A5:32:D7:B5,-75,13,248,248,0,0
324087689,NODE_B0CBD8F33218,victim,2,28:05:A5:32:D7:B5,-75,13,248,248,0,0
324187697,NODE_B0CBD8F33218,victim,2,28:05:A5:32:D7:B5,-75,13,248,248,0,0
324287695,NODE_B0CBD8F33218,victim,2,28:05:A5:32:D7:B5,-75,13,248,248,0,0
324397691,NODE_B0CBD8F33218,victim,2,28:05:A5:32:D7:B5,-75,13,248,248,0,0
324497689,NODE_B0CBD8F33218,victim,2,28:05:A5:32:D7:B5,-75,13,248,248,0,0
324597689,NODE_B0CBD8F33218,victim,2,28:05:A5:32:D7:B5,-75,13,248,248,0,0
324707699,NODE_B0CBD8F33218,victim,2,28:05:A5:32:D7:B5,-73,13,248,248,0,0
324807693,NODE_B0CBD8F33218,victim,2,28:05:A5:32:D7:B5,-73,13,248,248,0,0
324907701,NODE_B0CBD8F33218,victim,2,28:05:A5:32:D7:B5,-73,13,248,248,0,0
325017705,NODE_B0CBD8F33218,victim,2,28:05:A5:32:D7:B5,-73,13,249,249,0,0
325117691,NODE_B0CBD8F33218,victim,2,28:05:A5:32:D7:B5,-73,13,249,249,0,0
325217705,NODE_B0CBD8F33218,victim,2,28:05:A5:32:D7:B5,-73,13,249,249,0,0
325317693,NODE_B0CBD8F33218,victim,2,28:05:A5:32:D7:B5,-73,13,249,249,0,0
325427695,NODE_B0CBD8F33218,victim,2,28:05:A5:32:D7:B5,-73,13,249,249,0,0
325527693,NODE_B0CBD8F33218,victim,2,28:05:A5:32:D7:B5,-73,13,249,249,0,0
325627689,NODE_B0CBD8F33218,victim,2,28:05:A5:32:D7:B5,-73,13,249,249,0,0
325737693,NODE_B0CBD8F33218,victim,2,28:05:A5:32:D7:B5,-71,13,249,249,0,0
325837695,NODE_B0CBD8F33218,victim,2,28:05:A5:32:D7:B5,-71,13,249,249,0,0
325938476,NODE_B0CBD8F33218,victim,2,28:05:A5:32:D7:B5,-71,13,249,249,0,0
326047693,NODE_B0CBD8F33218,victim,2,28:05:A5:32:D7:B5,-71,13,250,250,0,0
326147691,NODE_B0CBD8F33218,victim,2,28:05:A5:32:D7:B5,-71,13,250,250,0,0
326247693,NODE_B0CBD8F33218,victim,2,28:05:A5:32:D7:B5,-71,13,250,250,0,0
326347693,NODE_B0CBD8F33218,victim,2,28:05:A5:32:D7:B5,-71,13,250,250,0,0
326457689,NODE_B0CBD8F33218,victim,2,28:05:A5:32:D7:B5,-71,13,250,250,0,0
326557695,NODE_B0CBD8F33218,victim,2,28:05:A5:32:D7:B5,-71,13,250,250,0,0
326657689,NODE_B0CBD8F33218,victim,2,28:05:A5:32:D7:B5,-71,13,250,250,0,0
326767693,NODE_B0CBD8F33218,victim,2,28:05:A5:32:D7:B5,-71,13,250,250,0,0
326867695,NODE_B0CBD8F33218,victim,2,28:05:A5:32:D7:B5,-71,13,250,250,0,0
326967697,NODE_B0CBD8F33218,victim,2,28:05:A5:32:D7:B5,-71,13,251,251,0,0
327077697,NODE_B0CBD8F33218,victim,2,28:05:A5:32:D7:B5,-71,13,251,251,0,0
327177685,NODE_B0CBD8F33218,victim,2,28:05:A5:32:D7:B5,-71,13,251,251,0,0
327277706,NODE_B0CBD8F33218,victim,2,28:05:A5:32:D7:B5,-71,13,251,251,0,0
327377685,NODE_B0CBD8F33218,victim,2,28:05:A5:32:D7:B5,-71,13,251,251,0,0
327487689,NODE_B0CBD8F33218,victim,2,28:05:A5:32:D7:B5,-71,13,251,251,0,0
327587687,NODE_B0CBD8F33218,victim,2,28:05:A5:32:D7:B5,-71,13,251,251,0,0
327687697,NODE_B0CBD8F33218,victim,2,28:05:A5:32:D7:B5,-71,13,251,251,0,0
327797693,NODE_B0CBD8F33218,victim,2,28:05:A5:32:D7:B5,-69,13,251,251,0,0
327897693,NODE_B0CBD8F33218,victim,2,28:05:A5:32:D7:B5,-69,13,251,251,0,0
327997703,NODE_B0CBD8F33218,victim,2,28:05:A5:32:D7:B5,-69,13,252,252,0,0
328107697,NODE_B0CBD8F33218,victim,2,28:05:A5:32:D7:B5,-69,13,252,252,0,0
328207685,NODE_B0CBD8F33218,victim,2,28:05:A5:32:D7:B5,-69,13,252,252,0,0
328307695,NODE_B0CBD8F33218,victim,2,28:05:A5:32:D7:B5,-69,13,252,252,0,0
328407685,NODE_B0CBD8F33218,victim,2,28:05:A5:32:D7:B5,-69,13,252,252,0,0
328517689,NODE_B0CBD8F33218,victim,2,28:05:A5:32:D7:B5,-69,13,252,252,0,0
328617689,NODE_B0CBD8F33218,victim,2,28:05:A5:32:D7:B5,-69,13,252,252,0,0
328717691,NODE_B0CBD8F33218,victim,2,28:05:A5:32:D7:B5,-69,13,252,252,0,0
328827693,NODE_B0CBD8F33218,victim,2,28:05:A5:32:D7:B5,-71,13,252,252,0,0
328927693,NODE_B0CBD8F33218,victim,2,28:05:A5:32:D7:B5,-71,13,252,252,0,0
329027703,NODE_B0CBD8F33218,victim,2,28:05:A5:32:D7:B5,-71,13,253,253,0,0
329137699,NODE_B0CBD8F33218,victim,2,28:05:A5:32:D7:B5,-71,13,253,253,0,0
329237701,NODE_B0CBD8F33218,victim,2,28:05:A5:32:D7:B5,-71,13,253,253,0,0
329337697,NODE_B0CBD8F33218,victim,2,28:05:A5:32:D7:B5,-71,13,253,253,0,0
329437691,NODE_B0CBD8F33218,victim,2,28:05:A5:32:D7:B5,-71,13,253,253,0,0
329547693,NODE_B0CBD8F33218,victim,2,28:05:A5:32:D7:B5,-71,13,253,253,0,0
329647693,NODE_B0CBD8F33218,victim,2,28:05:A5:32:D7:B5,-71,13,253,253,0,0
329747691,NODE_B0CBD8F33218,victim,2,28:05:A5:32:D7:B5,-71,13,253,253,0,0
329857699,NODE_B0CBD8F33218,victim,2,28:05:A5:32:D7:B5,-76,13,253,253,0,0
329957697,NODE_B0CBD8F33218,victim,2,28:05:A5:32:D7:B5,-76,13,254,254,0,0
330057693,NODE_B0CBD8F33218,victim,2,28:05:A5:32:D7:B5,-76,13,254,254,0,0
330167699,NODE_B0CBD8F33218,victim,2,28:05:A5:32:D7:B5,-76,13,254,254,0,0
330267697,NODE_B0CBD8F33218,victim,2,28:05:A5:32:D7:B5,-76,13,254,254,0,0
330367693,NODE_B0CBD8F33218,victim,2,28:05:A5:32:D7:B5,-76,13,254,254,0,0
330467691,NODE_B0CBD8F33218,victim,2,28:05:A5:32:D7:B5,-76,13,254,254,0,0
330577695,NODE_B0CBD8F33218,victim,2,28:05:A5:32:D7:B5,-76,13,254,254,0,0
330677697,NODE_B0CBD8F33218,victim,2,28:05:A5:32:D7:B5,-76,13,254,254,0,0
330777693,NODE_B0CBD8F33218,victim,2,28:05:A5:32:D7:B5,-76,13,254,254,0,0
330887691,NODE_B0CBD8F33218,victim,2,28:05:A5:32:D7:B5,-72,13,254,254,0,0
330987701,NODE_B0CBD8F33218,victim,2,28:05:A5:32:D7:B5,-72,13,255,255,0,0
331087693,NODE_B0CBD8F33218,victim,2,28:05:A5:32:D7:B5,-72,13,255,255,0,0
331197701,NODE_B0CBD8F33218,victim,2,28:05:A5:32:D7:B5,-72,13,255,255,0,0
331297691,NODE_B0CBD8F33218,victim,2,28:05:A5:32:D7:B5,-72,13,255,255,0,0
331397697,NODE_B0CBD8F33218,victim,2,28:05:A5:32:D7:B5,-72,13,255,255,0,0
331497689,NODE_B0CBD8F33218,victim,2,28:05:A5:32:D7:B5,-72,13,255,255,0,0
331607690,NODE_B0CBD8F33218,victim,2,28:05:A5:32:D7:B5,-72,13,255,255,0,0
331707693,NODE_B0CBD8F33218,victim,2,28:05:A5:32:D7:B5,-72,13,255,255,0,0
331807693,NODE_B0CBD8F33218,victim,2,28:05:A5:32:D7:B5,-72,13,255,255,0,0
331917750,NODE_B0CBD8F33218,victim,2,28:05:A5:32:D7:B5,-71,13,255,255,0,0
332017703,NODE_B0CBD8F33218,victim,2,28:05:A5:32:D7:B5,-71,13,256,256,0,0
332117693,NODE_B0CBD8F33218,victim,2,28:05:A5:32:D7:B5,-71,13,256,256,0,0
332227705,NODE_B0CBD8F33218,victim,2,28:05:A5:32:D7:B5,-71,13,256,256,0,0
332327695,NODE_B0CBD8F33218,victim,2,28:05:A5:32:D7:B5,-71,13,256,256,0,0
332427693,NODE_B0CBD8F33218,victim,2,28:05:A5:32:D7:B5,-71,13,256,256,0,0
332527689,NODE_B0CBD8F33218,victim,2,28:05:A5:32:D7:B5,-71,13,256,256,0,0
332627695,NODE_B0CBD8F33218,victim,2,28:05:A5:32:D7:B5,-71,13,256,256,0,0
332737695,NODE_B0CBD8F33218,victim,2,28:05:A5:32:D7:B5,-71,13,256,256,0,0
332837697,NODE_B0CBD8F33218,victim,2,28:05:A5:32:D7:B5,-71,13,256,256,0,0
332938486,NODE_B0CBD8F33218,victim,2,28:05:A5:32:D7:B5,-69,13,256,256,0,0
333047695,NODE_B0CBD8F33218,victim,2,28:05:A5:32:D7:B5,-69,13,257,257,0,0
333147693,NODE_B0CBD8F33218,victim,2,28:05:A5:32:D7:B5,-69,13,257,257,0,0
333257705,NODE_B0CBD8F33218,victim,2,28:05:A5:32:D7:B5,-69,13,257,257,0,0
333357693,NODE_B0CBD8F33218,victim,2,28:05:A5:32:D7:B5,-69,13,257,257,0,0
333457695,NODE_B0CBD8F33218,victim,2,28:05:A5:32:D7:B5,-69,13,257,257,0,0
333557689,NODE_B0CBD8F33218,victim,2,28:05:A5:32:D7:B5,-69,13,257,257,0,0
333657697,NODE_B0CBD8F33218,victim,2,28:05:A5:32:D7:B5,-69,13,257,257,0,0
333767695,NODE_B0CBD8F33218,victim,2,28:05:A5:32:D7:B5,-69,13,257,257,0,0
333867689,NODE_B0CBD8F33218,victim,2,28:05:A5:32:D7:B5,-69,13,257,257,0,0
333967701,NODE_B0CBD8F33218,victim,2,28:05:A5:32:D7:B5,-69,13,258,258,0,0
334077701,NODE_B0CBD8F33218,victim,2,28:05:A5:32:D7:B5,-69,13,258,258,0,0
334177691,NODE_B0CBD8F33218,victim,2,28:05:A5:32:D7:B5,-69,13,258,258,0,0
334277693,NODE_B0CBD8F33218,victim,2,28:05:A5:32:D7:B5,-69,13,258,258,0,0
334377693,NODE_B0CBD8F33218,victim,2,28:05:A5:32:D7:B5,-69,13,258,258,0,0
334487695,NODE_B0CBD8F33218,victim,2,28:05:A5:32:D7:B5,-69,13,258,258,0,0
334587689,NODE_B0CBD8F33218,victim,2,28:05:A5:32:D7:B5,-69,13,258,258,0,0
334687693,NODE_B0CBD8F33218,victim,2,28:05:A5:32:D7:B5,-69,13,258,258,0,0
334797693,NODE_B0CBD8F33218,victim,2,28:05:A5:32:D7:B5,-69,13,258,258,0,0
334898423,NODE_B0CBD8F33218,victim,2,28:05:A5:32:D7:B5,-68,13,258,258,0,0
334997697,NODE_B0CBD8F33218,victim,2,28:05:A5:32:D7:B5,-68,13,259,259,0,0
335107701,NODE_B0CBD8F33218,victim,2,28:05:A5:32:D7:B5,-68,13,259,259,0,0
335207728,NODE_B0CBD8F33218,victim,2,28:05:A5:32:D7:B5,-68,13,259,259,0,0
335307701,NODE_B0CBD8F33218,victim,2,28:05:A5:32:D7:B5,-68,13,259,259,0,0
335407689,NODE_B0CBD8F33218,victim,2,28:05:A5:32:D7:B5,-68,13,259,259,0,0
335517693,NODE_B0CBD8F33218,victim,2,28:05:A5:32:D7:B5,-68,13,259,259,0,0
335617691,NODE_B0CBD8F33218,victim,2,28:05:A5:32:D7:B5,-68,13,259,259,0,0
335717689,NODE_B0CBD8F33218,victim,2,28:05:A5:32:D7:B5,-68,13,259,259,0,0
335827693,NODE_B0CBD8F33218,victim,2,28:05:A5:32:D7:B5,-68,13,259,259,0,0
335927786,NODE_B0CBD8F33218,victim,2,28:05:A5:32:D7:B5,-68,13,259,259,0,0
336027693,NODE_B0CBD8F33218,victim,2,28:05:A5:32:D7:B5,-68,13,260,260,0,0
336137701,NODE_B0CBD8F33218,victim,2,28:05:A5:32:D7:B5,-68,13,260,260,0,0
336237697,NODE_B0CBD8F33218,victim,2,28:05:A5:32:D7:B5,-68,13,260,260,0,0
336337695,NODE_B0CBD8F33218,victim,2,28:05:A5:32:D7:B5,-68,13,260,260,0,0
336437689,NODE_B0CBD8F33218,victim,2,28:05:A5:32:D7:B5,-68,13,260,260,0,0
336547689,NODE_B0CBD8F33218,victim,2,28:05:A5:32:D7:B5,-68,13,260,260,0,0
336647699,NODE_B0CBD8F33218,victim,2,28:05:A5:32:D7:B5,-68,13,260,260,0,0
336747693,NODE_B0CBD8F33218,victim,2,28:05:A5:32:D7:B5,-68,13,260,260,0,0
336857693,NODE_B0CBD8F33218,victim,2,28:05:A5:32:D7:B5,-68,13,260,260,0,0
336957701,NODE_B0CBD8F33218,victim,2,28:05:A5:32:D7:B5,-69,13,261,261,0,0
337057703,NODE_B0CBD8F33218,victim,2,28:05:A5:32:D7:B5,-69,13,261,261,0,0
337167697,NODE_B0CBD8F33218,victim,2,28:05:A5:32:D7:B5,-69,13,261,261,0,0
337267697,NODE_B0CBD8F33218,victim,2,28:05:A5:32:D7:B5,-69,13,261,261,0,0
337367699,NODE_B0CBD8F33218,victim,2,28:05:A5:32:D7:B5,-69,13,261,261,0,0
337467689,NODE_B0CBD8F33218,victim,2,28:05:A5:32:D7:B5,-69,13,261,261,0,0
337577693,NODE_B0CBD8F33218,victim,2,28:05:A5:32:D7:B5,-69,13,261,261,0,0
337677689,NODE_B0CBD8F33218,victim,2,28:05:A5:32:D7:B5,-69,13,261,261,0,0
337777699,NODE_B0CBD8F33218,victim,2,28:05:A5:32:D7:B5,-69,13,261,261,0,0
337887693,NODE_B0CBD8F33218,victim,2,28:05:A5:32:D7:B5,-69,13,261,261,0,0
337987697,NODE_B0CBD8F33218,victim,2,28:05:A5:32:D7:B5,-69,13,262,262,0,0
338087699,NODE_B0CBD8F33218,victim,2,28:05:A5:32:D7:B5,-69,13,262,262,0,0
338198514,NODE_B0CBD8F33218,victim,2,28:05:A5:32:D7:B5,-69,13,262,262,0,0
338297693,NODE_B0CBD8F33218,victim,2,28:05:A5:32:D7:B5,-69,13,262,262,0,0
338397701,NODE_B0CBD8F33218,victim,2,28:05:A5:32:D7:B5,-69,13,262,262,0,0
338497691,NODE_B0CBD8F33218,victim,2,28:05:A5:32:D7:B5,-69,13,262,262,0,0
338607693,NODE_B0CBD8F33218,victim,2,28:05:A5:32:D7:B5,-69,13,262,262,0,0
338707689,NODE_B0CBD8F33218,victim,2,28:05:A5:32:D7:B5,-69,13,262,262,0,0
338807695,NODE_B0CBD8F33218,victim,2,28:05:A5:32:D7:B5,-69,13,262,262,0,0
338917695,NODE_B0CBD8F33218,victim,2,28:05:A5:32:D7:B5,-69,13,262,262,0,0
339017697,NODE_B0CBD8F33218,victim,2,28:05:A5:32:D7:B5,-69,13,263,263,0,0
339117697,NODE_B0CBD8F33218,victim,2,28:05:A5:32:D7:B5,-69,13,263,263,0,0
339227707,NODE_B0CBD8F33218,victim,2,28:05:A5:32:D7:B5,-69,13,263,263,0,0
339327693,NODE_B0CBD8F33218,victim,2,28:05:A5:32:D7:B5,-69,13,263,263,0,0
339427693,NODE_B0CBD8F33218,victim,2,28:05:A5:32:D7:B5,-69,13,263,263,0,0
339527691,NODE_B0CBD8F33218,victim,2,28:05:A5:32:D7:B5,-69,13,263,263,0,0
339637699,NODE_B0CBD8F33218,victim,2,28:05:A5:32:D7:B5,-69,13,263,263,0,0
339737689,NODE_B0CBD8F33218,victim,2,28:05:A5:32:D7:B5,-69,13,263,263,0,0
339837693,NODE_B0CBD8F33218,victim,2,28:05:A5:32:D7:B5,-69,13,263,263,0,0
339947702,NODE_B0CBD8F33218,victim,2,28:05:A5:32:D7:B5,-69,13,264,264,0,0
340047697,NODE_B0CBD8F33218,victim,2,28:05:A5:32:D7:B5,-70,13,264,264,0,0
340147697,NODE_B0CBD8F33218,victim,2,28:05:A5:32:D7:B5,-70,13,264,264,0,0
340257701,NODE_B0CBD8F33218,victim,2,28:05:A5:32:D7:B5,-70,13,264,264,0,0
340357695,NODE_B0CBD8F33218,victim,2,28:05:A5:32:D7:B5,-70,13,264,264,0,0
340457693,NODE_B0CBD8F33218,victim,2,28:05:A5:32:D7:B5,-70,13,264,264,0,0
340557689,NODE_B0CBD8F33218,victim,2,28:05:A5:32:D7:B5,-70,13,264,264,0,0
340667695,NODE_B0CBD8F33218,victim,2,28:05:A5:32:D7:B5,-70,13,264,264,0,0
340767689,NODE_B0CBD8F33218,victim,2,28:05:A5:32:D7:B5,-70,13,264,264,0,0
340867693,NODE_B0CBD8F33218,victim,2,28:05:A5:32:D7:B5,-70,13,264,264,0,0
340977697,NODE_B0CBD8F33218,victim,2,28:05:A5:32:D7:B5,-70,13,265,265,0,0
341077940,NODE_B0CBD8F33218,victim,2,28:05:A5:32:D7:B5,-69,13,265,265,0,0
341177697,NODE_B0CBD8F33218,victim,2,28:05:A5:32:D7:B5,-69,13,265,265,0,0
341287768,NODE_B0CBD8F33218,victim,2,28:05:A5:32:D7:B5,-69,13,265,265,0,0
341387695,NODE_B0CBD8F33218,victim,2,28:05:A5:32:D7:B5,-69,13,265,265,0,0
341487693,NODE_B0CBD8F33218,victim,2,28:05:A5:32:D7:B5,-69,13,265,265,0,0
341587689,NODE_B0CBD8F33218,victim,2,28:05:A5:32:D7:B5,-69,13,265,265,0,0
341687691,NODE_B0CBD8F33218,victim,2,28:05:A5:32:D7:B5,-69,13,265,265,0,0
341787689,NODE_B0CBD8F33218,victim,2,28:05:A5:32:D7:B5,-69,13,265,265,0,0
341897693,NODE_B0CBD8F33218,victim,2,28:05:A5:32:D7:B5,-69,13,265,265,0,0
342007697,NODE_B0CBD8F33218,victim,2,28:05:A5:32:D7:B5,-69,13,266,266,0,0
342107691,NODE_B0CBD8F33218,victim,2,28:05:A5:32:D7:B5,-70,13,266,266,0,0
342207697,NODE_B0CBD8F33218,victim,2,28:05:A5:32:D7:B5,-70,13,266,266,0,0
342317697,NODE_B0CBD8F33218,victim,2,28:05:A5:32:D7:B5,-70,13,266,266,0,0
342417689,NODE_B0CBD8F33218,victim,2,28:05:A5:32:D7:B5,-70,13,266,266,0,0
342517699,NODE_B0CBD8F33218,victim,2,28:05:A5:32:D7:B5,-70,13,266,266,0,0
342617689,NODE_B0CBD8F33218,victim,2,28:05:A5:32:D7:B5,-70,13,266,266,0,0
342717697,NODE_B0CBD8F33218,victim,2,28:05:A5:32:D7:B5,-70,13,266,266,0,0
342817691,NODE_B0CBD8F33218,victim,2,28:05:A5:32:D7:B5,-70,13,266,266,0,0
342927697,NODE_B0CBD8F33218,victim,2,28:05:A5:32:D7:B5,-70,13,266,266,0,0
343027701,NODE_B0CBD8F33218,victim,2,28:05:A5:32:D7:B5,-70,13,267,267,0,0
343127690,NODE_B0CBD8F33218,victim,2,28:05:A5:32:D7:B5,-70,13,267,267,0,0
343237703,NODE_B0CBD8F33218,victim,2,28:05:A5:32:D7:B5,-70,13,267,267,0,0
343337697,NODE_B0CBD8F33218,victim,2,28:05:A5:32:D7:B5,-70,13,267,267,0,0
343437689,NODE_B0CBD8F33218,victim,2,28:05:A5:32:D7:B5,-70,13,267,267,0,0
343547695,NODE_B0CBD8F33218,victim,2,28:05:A5:32:D7:B5,-70,13,267,267,0,0
343647689,NODE_B0CBD8F33218,victim,2,28:05:A5:32:D7:B5,-70,13,267,267,0,0
343747693,NODE_B0CBD8F33218,victim,2,28:05:A5:32:D7:B5,-70,13,267,267,0,0
343848040,NODE_B0CBD8F33218,victim,2,28:05:A5:32:D7:B5,-70,13,267,267,0,0
343957699,NODE_B0CBD8F33218,victim,2,28:05:A5:32:D7:B5,-70,13,268,268,0,0
344057697,NODE_B0CBD8F33218,victim,2,28:05:A5:32:D7:B5,-70,13,268,268,0,0
344157689,NODE_B0CBD8F33218,victim,2,28:05:A5:32:D7:B5,-70,13,268,268,0,0
344267699,NODE_B0CBD8F33218,victim,2,28:05:A5:32:D7:B5,-70,13,268,268,0,0
344367697,NODE_B0CBD8F33218,victim,2,28:05:A5:32:D7:B5,-70,13,268,268,0,0
344467689,NODE_B0CBD8F33218,victim,2,28:05:A5:32:D7:B5,-70,13,268,268,0,0
344577689,NODE_B0CBD8F33218,victim,2,28:05:A5:32:D7:B5,-70,13,268,268,0,0
344677691,NODE_B0CBD8F33218,victim,2,28:05:A5:32:D7:B5,-70,13,268,268,0,0
344777689,NODE_B0CBD8F33218,victim,2,28:05:A5:32:D7:B5,-70,13,268,268,0,0
344877693,NODE_B0CBD8F33218,victim,2,28:05:A5:32:D7:B5,-70,13,268,268,0,0
344987699,NODE_B0CBD8F33218,victim,2,28:05:A5:32:D7:B5,-70,13,269,269,0,0
345087697,NODE_B0CBD8F33218,victim,2,28:05:A5:32:D7:B5,-70,13,269,269,0,0
345187689,NODE_B0CBD8F33218,victim,2,28:05:A5:32:D7:B5,-70,13,269,269,0,0
345297705,NODE_B0CBD8F33218,victim,2,28:05:A5:32:D7:B5,-70,13,269,269,0,0
345397699,NODE_B0CBD8F33218,victim,2,28:05:A5:32:D7:B5,-70,13,269,269,0,0
345497689,NODE_B0CBD8F33218,victim,2,28:05:A5:32:D7:B5,-70,13,269,269,0,0
345607689,NODE_B0CBD8F33218,victim,2,28:05:A5:32:D7:B5,-70,13,269,269,0,0
345707699,NODE_B0CBD8F33218,victim,2,28:05:A5:32:D7:B5,-70,13,269,269,0,0
345807693,NODE_B0CBD8F33218,victim,2,28:05:A5:32:D7:B5,-70,13,269,269,0,0
345907693,NODE_B0CBD8F33218,victim,2,28:05:A5:32:D7:B5,-70,13,269,269,0,0
346017701,NODE_B0CBD8F33218,victim,2,28:05:A5:32:D7:B5,-70,13,270,270,0,0
346117699,NODE_B0CBD8F33218,victim,2,28:05:A5:32:D7:B5,-70,13,270,270,0,0
346217689,NODE_B0CBD8F33218,victim,2,28:05:A5:32:D7:B5,-69,13,270,270,0,0
346327693,NODE_B0CBD8F33218,victim,2,28:05:A5:32:D7:B5,-69,13,270,270,0,0
346427699,NODE_B0CBD8F33218,victim,2,28:05:A5:32:D7:B5,-69,13,270,270,0,0
346527689,NODE_B0CBD8F33218,victim,2,28:05:A5:32:D7:B5,-69,13,270,270,0,0
346637689,NODE_B0CBD8F33218,victim,2,28:05:A5:32:D7:B5,-69,13,270,270,0,0
346737689,NODE_B0CBD8F33218,victim,2,28:05:A5:32:D7:B5,-69,13,270,270,0,0
346837695,NODE_B0CBD8F33218,victim,2,28:05:A5:32:D7:B5,-69,13,270,270,0,0
346937693,NODE_B0CBD8F33218,victim,2,28:05:A5:32:D7:B5,-69,13,270,270,0,0
347047701,NODE_B0CBD8F33218,victim,2,28:05:A5:32:D7:B5,-69,13,271,271,0,0
347147695,NODE_B0CBD8F33218,victim,2,28:05:A5:32:D7:B5,-69,13,271,271,0,0
347247705,NODE_B0CBD8F33218,victim,2,28:05:A5:32:D7:B5,-70,13,271,271,0,0
347357693,NODE_B0CBD8F33218,victim,2,28:05:A5:32:D7:B5,-70,13,271,271,0,0
347457697,NODE_B0CBD8F33218,victim,2,28:05:A5:32:D7:B5,-70,13,271,271,0,0
347557691,NODE_B0CBD8F33218,victim,2,28:05:A5:32:D7:B5,-70,13,271,271,0,0
347667689,NODE_B0CBD8F33218,victim,2,28:05:A5:32:D7:B5,-70,13,271,271,0,0
347767689,NODE_B0CBD8F33218,victim,2,28:05:A5:32:D7:B5,-70,13,271,271,0,0
347867699,NODE_B0CBD8F33218,victim,2,28:05:A5:32:D7:B5,-70,13,271,271,0,0
347967697,NODE_B0CBD8F33218,victim,2,28:05:A5:32:D7:B5,-70,13,272,272,0,0
348077697,NODE_B0CBD8F33218,victim,2,28:05:A5:32:D7:B5,-70,13,272,272,0,0
348177693,NODE_B0CBD8F33218,victim,2,28:05:A5:32:D7:B5,-70,13,272,272,0,0
348277699,NODE_B0CBD8F33218,victim,2,28:05:A5:32:D7:B5,-69,13,272,272,0,0
348387693,NODE_B0CBD8F33218,victim,2,28:05:A5:32:D7:B5,-69,13,272,272,0,0
348487697,NODE_B0CBD8F33218,victim,2,28:05:A5:32:D7:B5,-69,13,272,272,0,0
348587691,NODE_B0CBD8F33218,victim,2,28:05:A5:32:D7:B5,-69,13,272,272,0,0
348697699,NODE_B0CBD8F33218,victim,2,28:05:A5:32:D7:B5,-69,13,272,272,0,0
348797689,NODE_B0CBD8F33218,victim,2,28:05:A5:32:D7:B5,-69,13,272,272,0,0
348897693,NODE_B0CBD8F33218,victim,2,28:05:A5:32:D7:B5,-69,13,272,272,0,0
348997703,NODE_B0CBD8F33218,victim,2,28:05:A5:32:D7:B5,-69,13,273,273,0,0
349107697,NODE_B0CBD8F33218,victim,2,28:05:A5:32:D7:B5,-69,13,273,273,0,0
349207693,NODE_B0CBD8F33218,victim,2,28:05:A5:32:D7:B5,-69,13,273,273,0,0
349307703,NODE_B0CBD8F33218,victim,2,28:05:A5:32:D7:B5,-69,13,273,273,0,0
349417695,NODE_B0CBD8F33218,victim,2,28:05:A5:32:D7:B5,-69,13,273,273,0,0
349517697,NODE_B0CBD8F33218,victim,2,28:05:A5:32:D7:B5,-69,13,273,273,0,0
349617689,NODE_B0CBD8F33218,victim,2,28:05:A5:32:D7:B5,-69,13,273,273,0,0
349727691,NODE_B0CBD8F33218,victim,2,28:05:A5:32:D7:B5,-69,13,273,273,0,0
349827689,NODE_B0CBD8F33218,victim,2,28:05:A5:32:D7:B5,-69,13,273,273,0,0
349927693,NODE_B0CBD8F33218,victim,2,28:05:A5:32:D7:B5,-69,13,273,273,0,0
350027699,NODE_B0CBD8F33218,victim,2,28:05:A5:32:D7:B5,-69,13,274,274,0,0
350137699,NODE_B0CBD8F33218,victim,2,28:05:A5:32:D7:B5,-69,13,274,274,0,0
350237697,NODE_B0CBD8F33218,victim,2,28:05:A5:32:D7:B5,-69,13,274,274,0,0
350337693,NODE_B0CBD8F33218,victim,2,28:05:A5:32:D7:B5,-70,13,274,274,0,0
350447694,NODE_B0CBD8F33218,victim,2,28:05:A5:32:D7:B5,-70,13,274,274,0,0
350547697,NODE_B0CBD8F33218,victim,2,28:05:A5:32:D7:B5,-70,13,274,274,0,0
350647689,NODE_B0CBD8F33218,victim,2,28:05:A5:32:D7:B5,-70,13,274,274,0,0
350757693,NODE_B0CBD8F33218,victim,2,28:05:A5:32:D7:B5,-70,13,274,274,0,0
350857695,NODE_B0CBD8F33218,victim,2,28:05:A5:32:D7:B5,-70,13,274,274,0,0
350957697,NODE_B0CBD8F33218,victim,2,28:05:A5:32:D7:B5,-70,13,275,275,0,0
351057689,NODE_B0CBD8F33218,victim,2,28:05:A5:32:D7:B5,-70,13,275,275,0,0
351167695,NODE_B0CBD8F33218,victim,2,28:05:A5:32:D7:B5,-70,13,275,275,0,0
351267697,NODE_B0CBD8F33218,victim,2,28:05:A5:32:D7:B5,-70,13,275,275,0,0
351367693,NODE_B0CBD8F33218,victim,2,28:05:A5:32:D7:B5,-69,13,275,275,0,0
351477693,NODE_B0CBD8F33218,victim,2,28:05:A5:32:D7:B5,-69,13,275,275,0,0
351577699,NODE_B0CBD8F33218,victim,2,28:05:A5:32:D7:B5,-69,13,275,275,0,0
351677697,NODE_B0CBD8F33218,victim,2,28:05:A5:32:D7:B5,-69,13,275,275,0,0
351787689,NODE_B0CBD8F33218,victim,2,28:05:A5:32:D7:B5,-69,13,275,275,0,0
351887695,NODE_B0CBD8F33218,victim,2,28:05:A5:32:D7:B5,-69,13,275,275,0,0
351987701,NODE_B0CBD8F33218,victim,2,28:05:A5:32:D7:B5,-69,13,276,276,0,0
352087689,NODE_B0CBD8F33218,victim,2,28:05:A5:32:D7:B5,-69,13,276,276,0,0
352187698,NODE_B0CBD8F33218,victim,2,28:05:A5:32:D7:B5,-69,13,276,276,0,0
352297695,NODE_B0CBD8F33218,victim,2,28:05:A5:32:D7:B5,-69,13,276,276,0,0
352397693,NODE_B0CBD8F33218,victim,2,28:05:A5:32:D7:B5,-69,13,276,276,0,0
352507697,NODE_B0CBD8F33218,victim,2,28:05:A5:32:D7:B5,-69,13,276,276,0,0
352607695,NODE_B0CBD8F33218,victim,2,28:05:A5:32:D7:B5,-69,13,276,276,0,0
352707689,NODE_B0CBD8F33218,victim,2,28:05:A5:32:D7:B5,-69,13,276,276,0,0
352817693,NODE_B0CBD8F33218,victim,2,28:05:A5:32:D7:B5,-69,13,276,276,0,0
352917697,NODE_B0CBD8F33218,victim,2,28:05:A5:32:D7:B5,-69,13,276,276,0,0
353017703,NODE_B0CBD8F33218,victim,2,28:05:A5:32:D7:B5,-69,13,277,277,0,0
353117689,NODE_B0CBD8F33218,victim,2,28:05:A5:32:D7:B5,-69,13,277,277,0,0
353218035,NODE_B0CBD8F33218,victim,2,28:05:A5:32:D7:B5,-69,13,277,277,0,0
353327695,NODE_B0CBD8F33218,victim,2,28:05:A5:32:D7:B5,-69,13,277,277,0,0
353427689,NODE_B0CBD8F33218,victim,2,28:05:A5:32:D7:B5,-69,13,277,277,0,0
353527689,NODE_B0CBD8F33218,victim,2,28:05:A5:32:D7:B5,-69,13,277,277,0,0
353637693,NODE_B0CBD8F33218,victim,2,28:05:A5:32:D7:B5,-69,13,277,277,0,0
353737691,NODE_B0CBD8F33218,victim,2,28:05:A5:32:D7:B5,-69,13,277,277,0,0
353837689,NODE_B0CBD8F33218,victim,2,28:05:A5:32:D7:B5,-69,13,277,277,0,0
353937693,NODE_B0CBD8F33218,victim,2,28:05:A5:32:D7:B5,-69,13,277,277,0,0
354047698,NODE_B0CBD8F33218,victim,2,28:05:A5:32:D7:B5,-69,13,278,278,0,0
354147689,NODE_B0CBD8F33218,victim,2,28:05:A5:32:D7:B5,-69,13,278,278,0,0
354247697,NODE_B0CBD8F33218,victim,2,28:05:A5:32:D7:B5,-69,13,278,278,0,0
354357693,NODE_B0CBD8F33218,victim,2,28:05:A5:32:D7:B5,-69,13,278,278,0,0
354457691,NODE_B0CBD8F33218,victim,2,28:05:A5:32:D7:B5,-69,13,278,278,0,0
354557697,NODE_B0CBD8F33218,victim,2,28:05:A5:32:D7:B5,-69,13,278,278,0,0
354667697,NODE_B0CBD8F33218,victim,2,28:05:A5:32:D7:B5,-69,13,278,278,0,0
354767691,NODE_B0CBD8F33218,victim,2,28:05:A5:32:D7:B5,-69,13,278,278,0,0
354867693,NODE_B0CBD8F33218,victim,2,28:05:A5:32:D7:B5,-69,13,278,278,0,0
354967784,NODE_B0CBD8F33218,victim,2,28:05:A5:32:D7:B5,-69,13,279,279,0,0
355077697,NODE_B0CBD8F33218,victim,2,28:05:A5:32:D7:B5,-69,13,279,279,0,0
355177691,NODE_B0CBD8F33218,victim,2,28:05:A5:32:D7:B5,-69,13,279,279,0,0
355277705,NODE_B0CBD8F33218,victim,2,28:05:A5:32:D7:B5,-69,13,279,279,0,0
355387693,NODE_B0CBD8F33218,victim,2,28:05:A5:32:D7:B5,-70,13,279,279,0,0
355487691,NODE_B0CBD8F33218,victim,2,28:05:A5:32:D7:B5,-70,13,279,279,0,0
355587697,NODE_B0CBD8F33218,victim,2,28:05:A5:32:D7:B5,-70,13,279,279,0,0
355697693,NODE_B0CBD8F33218,victim,2,28:05:A5:32:D7:B5,-70,13,279,279,0,0
355797689,NODE_B0CBD8F33218,victim,2,28:05:A5:32:D7:B5,-70,13,279,279,0,0
355897695,NODE_B0CBD8F33218,victim,2,28:05:A5:32:D7:B5,-70,13,279,279,0,0
355997697,NODE_B0CBD8F33218,victim,2,28:05:A5:32:D7:B5,-70,13,280,280,0,0
356107697,NODE_B0CBD8F33218,victim,2,28:05:A5:32:D7:B5,-70,13,280,280,0,0
356207703,NODE_B0CBD8F33218,victim,2,28:05:A5:32:D7:B5,-70,13,280,280,0,0
356307693,NODE_B0CBD8F33218,victim,2,28:05:A5:32:D7:B5,-70,13,280,280,0,0
356417959,NODE_B0CBD8F33218,victim,2,28:05:A5:32:D7:B5,-69,13,280,280,0,0
356517689,NODE_B0CBD8F33218,victim,2,28:05:A5:32:D7:B5,-69,13,280,280,0,0
356617699,NODE_B0CBD8F33218,victim,2,28:05:A5:32:D7:B5,-69,13,280,280,0,0
356727693,NODE_B0CBD8F33218,victim,2,28:05:A5:32:D7:B5,-69,13,280,280,0,0
356827689,NODE_B0CBD8F33218,victim,2,28:05:A5:32:D7:B5,-69,13,280,280,0,0
356927695,NODE_B0CBD8F33218,victim,2,28:05:A5:32:D7:B5,-69,13,280,280,0,0
357027697,NODE_B0CBD8F33218,victim,2,28:05:A5:32:D7:B5,-69,13,281,281,0,0
357137697,NODE_B0CBD8F33218,victim,2,28:05:A5:32:D7:B5,-69,13,281,281,0,0
357237701,NODE_B0CBD8F33218,victim,2,28:05:A5:32:D7:B5,-69,13,281,281,0,0
357337699,NODE_B0CBD8F33218,victim,2,28:05:A5:32:D7:B5,-69,13,281,281,0,0
357447693,NODE_B0CBD8F33218,victim,2,28:05:A5:32:D7:B5,-69,13,281,281,0,0
357547689,NODE_B0CBD8F33218,victim,2,28:05:A5:32:D7:B5,-69,13,281,281,0,0
357647703,NODE_B0CBD8F33218,victim,2,28:05:A5:32:D7:B5,-69,13,281,281,0,0
357757695,NODE_B0CBD8F33218,victim,2,28:05:A5:32:D7:B5,-69,13,281,281,0,0
357857693,NODE_B0CBD8F33218,victim,2,28:05:A5:32:D7:B5,-69,13,281,281,0,0
357957701,NODE_B0CBD8F33218,victim,2,28:05:A5:32:D7:B5,-69,13,282,282,0,0
358057699,NODE_B0CBD8F33218,victim,2,28:05:A5:32:D7:B5,-69,13,282,282,0,0
358167697,NODE_B0CBD8F33218,victim,2,28:05:A5:32:D7:B5,-69,13,282,282,0,0
358267697,NODE_B0CBD8F33218,victim,2,28:05:A5:32:D7:B5,-69,13,282,282,0,0
358367695,NODE_B0CBD8F33218,victim,2,28:05:A5:32:D7:B5,-69,13,282,282,0,0
358477695,NODE_B0CBD8F33218,victim,2,28:05:A5:32:D7:B5,-69,13,282,282,0,0
358577693,NODE_B0CBD8F33218,victim,2,28:05:A5:32:D7:B5,-69,13,282,282,0,0
358677697,NODE_B0CBD8F33218,victim,2,28:05:A5:32:D7:B5,-69,13,282,282,0,0
358787695,NODE_B0CBD8F33218,victim,2,28:05:A5:32:D7:B5,-69,13,282,282,0,0
358887693,NODE_B0CBD8F33218,victim,2,28:05:A5:32:D7:B5,-69,13,282,282,0,0
358987697,NODE_B0CBD8F33218,victim,2,28:05:A5:32:D7:B5,-69,13,283,283,0,0
359087691,NODE_B0CBD8F33218,victim,2,28:05:A5:32:D7:B5,-69,13,283,283,0,0
359197695,NODE_B0CBD8F33218,victim,2,28:05:A5:32:D7:B5,-69,13,283,283,0,0
359297701,NODE_B0CBD8F33218,victim,2,28:05:A5:32:D7:B5,-69,13,283,283,0,0
359397689,NODE_B0CBD8F33218,victim,2,28:05:A5:32:D7:B5,-69,13,283,283,0,0
359507695,NODE_B0CBD8F33218,victim,2,28:05:A5:32:D7:B5,-69,13,283,283,0,0
359607693,NODE_B0CBD8F33218,victim,2,28:05:A5:32:D7:B5,-69,13,283,283,0,0
359707697,NODE_B0CBD8F33218,victim,2,28:05:A5:32:D7:B5,-69,13,283,283,0,0
359817689,NODE_B0CBD8F33218,victim,2,28:05:A5:32:D7:B5,-69,13,283,283,0,0
359917695,NODE_B0CBD8F33218,victim,2,28:05:A5:32:D7:B5,-69,13,283,283,0,0
360017697,NODE_B0CBD8F33218,victim,2,28:05:A5:32:D7:B5,-69,13,284,284,0,0
360117694,NODE_B0CBD8F33218,victim,2,28:05:A5:32:D7:B5,-69,13,284,284,0,0
360227698,NODE_B0CBD8F33218,victim,2,28:05:A5:32:D7:B5,-69,13,284,284,0,0
360327697,NODE_B0CBD8F33218,victim,2,28:05:A5:32:D7:B5,-69,13,284,284,0,0
360427693,NODE_B0CBD8F33218,victim,2,28:05:A5:32:D7:B5,-69,13,284,284,0,0
360537697,NODE_B0CBD8F33218,victim,2,28:05:A5:32:D7:B5,-69,13,284,284,0,0
360637699,NODE_B0CBD8F33218,victim,2,28:05:A5:32:D7:B5,-69,13,284,284,0,0
360737701,NODE_B0CBD8F33218,victim,2,28:05:A5:32:D7:B5,-69,13,284,284,0,0
360847689,NODE_B0CBD8F33218,victim,2,28:05:A5:32:D7:B5,-69,13,284,284,0,0
360948476,NODE_B0CBD8F33218,victim,2,28:05:A5:32:D7:B5,-69,13,284,284,0,0
361047701,NODE_B0CBD8F33218,victim,2,28:05:A5:32:D7:B5,-69,13,285,285,0,0
361147689,NODE_B0CBD8F33218,victim,2,28:05:A5:32:D7:B5,-69,13,285,285,0,0
361257693,NODE_B0CBD8F33218,victim,2,28:05:A5:32:D7:B5,-69,13,285,285,0,0
361357699,NODE_B0CBD8F33218,victim,2,28:05:A5:32:D7:B5,-69,13,285,285,0,0
361457689,NODE_B0CBD8F33218,victim,2,28:05:A5:32:D7:B5,-69,13,285,285,0,0
361567693,NODE_B0CBD8F33218,victim,2,28:05:A5:32:D7:B5,-69,13,285,285,0,0
361667691,NODE_B0CBD8F33218,victim,2,28:05:A5:32:D7:B5,-69,13,285,285,0,0
361767697,NODE_B0CBD8F33218,victim,2,28:05:A5:32:D7:B5,-69,13,285,285,0,0
361877693,NODE_B0CBD8F33218,victim,2,28:05:A5:32:D7:B5,-69,13,285,285,0,0
361977697,NODE_B0CBD8F33218,victim,2,28:05:A5:32:D7:B5,-69,13,286,286,0,0
362077699,NODE_B0CBD8F33218,victim,2,28:05:A5:32:D7:B5,-69,13,286,286,0,0
362177815,NODE_B0CBD8F33218,victim,2,28:05:A5:32:D7:B5,-69,13,286,286,0,0
362277701,NODE_B0CBD8F33218,victim,2,28:05:A5:32:D7:B5,-69,13,286,286,0,0
362377695,NODE_B0CBD8F33218,victim,2,28:05:A5:32:D7:B5,-69,13,286,286,0,0
362487693,NODE_B0CBD8F33218,victim,2,28:05:A5:32:D7:B5,-69,13,286,286,0,0
362587693,NODE_B0CBD8F33218,victim,2,28:05:A5:32:D7:B5,-70,13,286,286,0,0
362687691,NODE_B0CBD8F33218,victim,2,28:05:A5:32:D7:B5,-70,13,286,286,0,0
362797699,NODE_B0CBD8F33218,victim,2,28:05:A5:32:D7:B5,-70,13,286,286,0,0
362897697,NODE_B0CBD8F33218,victim,2,28:05:A5:32:D7:B5,-70,13,286,286,0,0
362997697,NODE_B0CBD8F33218,victim,2,28:05:A5:32:D7:B5,-70,13,287,287,0,0
363107699,NODE_B0CBD8F33218,victim,2,28:05:A5:32:D7:B5,-70,13,287,287,0,0
363207689,NODE_B0CBD8F33218,victim,2,28:05:A5:32:D7:B5,-70,13,287,287,0,0
363307701,NODE_B0CBD8F33218,victim,2,28:05:A5:32:D7:B5,-70,13,287,287,0,0
363407699,NODE_B0CBD8F33218,victim,2,28:05:A5:32:D7:B5,-70,13,287,287,0,0
363517699,NODE_B0CBD8F33218,victim,2,28:05:A5:32:D7:B5,-70,13,287,287,0,0
363617693,NODE_B0CBD8F33218,victim,2,28:05:A5:32:D7:B5,-69,13,287,287,0,0
363717697,NODE_B0CBD8F33218,victim,2,28:05:A5:32:D7:B5,-69,13,287,287,0,0
363827699,NODE_B0CBD8F33218,victim,2,28:05:A5:32:D7:B5,-69,13,287,287,0,0
363927697,NODE_B0CBD8F33218,victim,2,28:05:A5:32:D7:B5,-69,13,287,287,0,0
364027705,NODE_B0CBD8F33218,victim,2,28:05:A5:32:D7:B5,-69,13,288,288,0,0
364137697,NODE_B0CBD8F33218,victim,2,28:05:A5:32:D7:B5,-69,13,288,288,0,0
364237695,NODE_B0CBD8F33218,victim,2,28:05:A5:32:D7:B5,-69,13,288,288,0,0
364337693,NODE_B0CBD8F33218,victim,2,28:05:A5:32:D7:B5,-69,13,288,288,0,0
364437689,NODE_B0CBD8F33218,victim,2,28:05:A5:32:D7:B5,-69,13,288,288,0,0
364547695,NODE_B0CBD8F33218,victim,2,28:05:A5:32:D7:B5,-69,13,288,288,0,0
364647693,NODE_B0CBD8F33218,victim,2,28:05:A5:32:D7:B5,-69,13,288,288,0,0
364747689,NODE_B0CBD8F33218,victim,2,28:05:A5:32:D7:B5,-69,13,288,288,0,0
364858488,NODE_B0CBD8F33218,victim,2,28:05:A5:32:D7:B5,-69,13,288,288,0,0
364957699,NODE_B0CBD8F33218,victim,2,28:05:A5:32:D7:B5,-69,13,289,289,0,0
365057689,NODE_B0CBD8F33218,victim,2,28:05:A5:32:D7:B5,-69,13,289,289,0,0
365167693,NODE_B0CBD8F33218,victim,2,28:05:A5:32:D7:B5,-69,13,289,289,0,0
365267699,NODE_B0CBD8F33218,victim,2,28:05:A5:32:D7:B5,-69,13,289,289,0,0
365367701,NODE_B0CBD8F33218,victim,2,28:05:A5:32:D7:B5,-69,13,289,289,0,0
365467689,NODE_B0CBD8F33218,victim,2,28:05:A5:32:D7:B5,-69,13,289,289,0,0
365577697,NODE_B0CBD8F33218,victim,2,28:05:A5:32:D7:B5,-69,13,289,289,0,0
365677695,NODE_B0CBD8F33218,victim,2,28:05:A5:32:D7:B5,-70,13,289,289,0,0
365777689,NODE_B0CBD8F33218,victim,2,28:05:A5:32:D7:B5,-70,13,289,289,0,0
365887697,NODE_B0CBD8F33218,victim,2,28:05:A5:32:D7:B5,-70,13,289,289,0,0
365987699,NODE_B0CBD8F33218,victim,2,28:05:A5:32:D7:B5,-70,13,290,290,0,0
366087689,NODE_B0CBD8F33218,victim,2,28:05:A5:32:D7:B5,-70,13,290,290,0,0
366197693,NODE_B0CBD8F33218,victim,2,28:05:A5:32:D7:B5,-70,13,290,290,0,0
366297697,NODE_B0CBD8F33218,victim,2,28:05:A5:32:D7:B5,-70,13,290,290,0,0
366397695,NODE_B0CBD8F33218,victim,2,28:05:A5:32:D7:B5,-70,13,290,290,0,0
366497689,NODE_B0CBD8F33218,victim,2,28:05:A5:32:D7:B5,-70,13,290,290,0,0
366607693,NODE_B0CBD8F33218,victim,2,28:05:A5:32:D7:B5,-70,13,290,290,0,0
366707699,NODE_B0CBD8F33218,victim,2,28:05:A5:32:D7:B5,-70,13,290,290,0,0
366807689,NODE_B0CBD8F33218,victim,2,28:05:A5:32:D7:B5,-70,13,290,290,0,0
366917778,NODE_B0CBD8F33218,victim,2,28:05:A5:32:D7:B5,-70,13,290,290,0,0
367017701,NODE_B0CBD8F33218,victim,2,28:05:A5:32:D7:B5,-70,13,291,291,0,0
367117691,NODE_B0CBD8F33218,victim,2,28:05:A5:32:D7:B5,-70,13,291,291,0,0
367227697,NODE_B0CBD8F33218,victim,2,28:05:A5:32:D7:B5,-70,13,291,291,0,0
367327697,NODE_B0CBD8F33218,victim,2,28:05:A5:32:D7:B5,-70,13,291,291,0,0
367427699,NODE_B0CBD8F33218,victim,2,28:05:A5:32:D7:B5,-70,13,291,291,0,0
367527941,NODE_B0CBD8F33218,victim,2,28:05:A5:32:D7:B5,-70,13,291,291,0,0
367637689,NODE_B0CBD8F33218,victim,2,28:05:A5:32:D7:B5,-70,13,291,291,0,0
367737689,NODE_B0CBD8F33218,victim,2,28:05:A5:32:D7:B5,-70,13,291,291,0,0
367837691,NODE_B0CBD8F33218,victim,2,28:05:A5:32:D7:B5,-70,13,291,291,0,0
367948474,NODE_B0CBD8F33218,victim,2,28:05:A5:32:D7:B5,-70,13,291,291,0,0
368047701,NODE_B0CBD8F33218,victim,2,28:05:A5:32:D7:B5,-70,13,292,292,0,0
368147691,NODE_B0CBD8F33218,victim,2,28:05:A5:32:D7:B5,-70,13,292,292,0,0
368257695,NODE_B0CBD8F33218,victim,2,28:05:A5:32:D7:B5,-70,13,292,292,0,0
368357693,NODE_B0CBD8F33218,victim,2,28:05:A5:32:D7:B5,-70,13,292,292,0,0
368457689,NODE_B0CBD8F33218,victim,2,28:05:A5:32:D7:B5,-70,13,292,292,0,0
368557695,NODE_B0CBD8F33218,victim,2,28:05:A5:32:D7:B5,-70,13,292,292,0,0
368667693,NODE_B0CBD8F33218,victim,2,28:05:A5:32:D7:B5,-70,13,292,292,0,0
368767689,NODE_B0CBD8F33218,victim,2,28:05:A5:32:D7:B5,-70,13,292,292,0,0
368867695,NODE_B0CBD8F33218,victim,2,28:05:A5:32:D7:B5,-70,13,292,292,0,0
368977699,NODE_B0CBD8F33218,victim,2,28:05:A5:32:D7:B5,-70,13,293,293,0,0
369077697,NODE_B0CBD8F33218,victim,2,28:05:A5:32:D7:B5,-70,13,293,293,0,0
369177689,NODE_B0CBD8F33218,victim,2,28:05:A5:32:D7:B5,-70,13,293,293,0,0
369287699,NODE_B0CBD8F33218,victim,2,28:05:A5:32:D7:B5,-70,13,293,293,0,0
369387701,NODE_B0CBD8F33218,victim,2,28:05:A5:32:D7:B5,-70,13,293,293,0,0
369487693,NODE_B0CBD8F33218,victim,2,28:05:A5:32:D7:B5,-70,13,293,293,0,0
369587695,NODE_B0CBD8F33218,victim,2,28:05:A5:32:D7:B5,-70,13,293,293,0,0
369697699,NODE_B0CBD8F33218,victim,2,28:05:A5:32:D7:B5,-70,13,293,293,0,0
369797689,NODE_B0CBD8F33218,victim,2,28:05:A5:32:D7:B5,-70,13,293,293,0,0
369897693,NODE_B0CBD8F33218,victim,2,28:05:A5:32:D7:B5,-70,13,293,293,0,0
370007699,NODE_B0CBD8F33218,victim,2,28:05:A5:32:D7:B5,-70,13,294,294,0,0
370107701,NODE_B0CBD8F33218,victim,2,28:05:A5:32:D7:B5,-70,13,294,294,0,0
370207685,NODE_B0CBD8F33218,victim,2,28:05:A5:32:D7:B5,-70,13,294,294,0,0
370317693,NODE_B0CBD8F33218,victim,2,28:05:A5:32:D7:B5,-70,13,294,294,0,0
370417695,NODE_B0CBD8F33218,victim,2,28:05:A5:32:D7:B5,-70,13,294,294,0,0
370517693,NODE_B0CBD8F33218,victim,2,28:05:A5:32:D7:B5,-70,13,294,294,0,0
370617693,NODE_B0CBD8F33218,victim,2,28:05:A5:32:D7:B5,-70,13,294,294,0,0
370727695,NODE_B0CBD8F33218,victim,2,28:05:A5:32:D7:B5,-70,13,294,294,0,0
370827693,NODE_B0CBD8F33218,victim,2,28:05:A5:32:D7:B5,-70,13,294,294,0,0
370927898,NODE_B0CBD8F33218,victim,2,28:05:A5:32:D7:B5,-70,13,294,294,0,0
371038100,NODE_B0CBD8F33218,victim,2,28:05:A5:32:D7:B5,-70,13,295,295,0,0
371137882,NODE_B0CBD8F33218,victim,2,28:05:A5:32:D7:B5,-70,13,295,295,0,0
371237701,NODE_B0CBD8F33218,victim,2,28:05:A5:32:D7:B5,-70,13,295,295,0,0
371347701,NODE_B0CBD8F33218,victim,2,28:05:A5:32:D7:B5,-70,13,295,295,0,0
371447687,NODE_B0CBD8F33218,victim,2,28:05:A5:32:D7:B5,-70,13,295,295,0,0
371547693,NODE_B0CBD8F33218,victim,2,28:05:A5:32:D7:B5,-70,13,295,295,0,0
371647685,NODE_B0CBD8F33218,victim,2,28:05:A5:32:D7:B5,-70,13,295,295,0,0
371757689,NODE_B0CBD8F33218,victim,2,28:05:A5:32:D7:B5,-70,13,295,295,0,0
371857772,NODE_B0CBD8F33218,victim,2,28:05:A5:32:D7:B5,-70,13,295,295,0,0
371957697,NODE_B0CBD8F33218,victim,2,28:05:A5:32:D7:B5,-70,13,296,296,0,0
372067697,NODE_B0CBD8F33218,victim,2,28:05:A5:32:D7:B5,-70,13,296,296,0,0
372167691,NODE_B0CBD8F33218,victim,2,28:05:A5:32:D7:B5,-70,13,296,296,0,0
372267697,NODE_B0CBD8F33218,victim,2,28:05:A5:32:D7:B5,-70,13,296,296,0,0
372377693,NODE_B0CBD8F33218,victim,2,28:05:A5:32:D7:B5,-70,13,296,296,0,0
372477689,NODE_B0CBD8F33218,victim,2,28:05:A5:32:D7:B5,-70,13,296,296,0,0
372577695,NODE_B0CBD8F33218,victim,2,28:05:A5:32:D7:B5,-70,13,296,296,0,0
372677697,NODE_B0CBD8F33218,victim,2,28:05:A5:32:D7:B5,-70,13,296,296,0,0
372777693,NODE_B0CBD8F33218,victim,2,28:05:A5:32:D7:B5,-70,13,296,296,0,0
372887699,NODE_B0CBD8F33218,victim,2,28:05:A5:32:D7:B5,-69,13,296,296,0,0
372987701,NODE_B0CBD8F33218,victim,2,28:05:A5:32:D7:B5,-69,13,297,297,0,0
373087697,NODE_B0CBD8F33218,victim,2,28:05:A5:32:D7:B5,-69,13,297,297,0,0
373197693,NODE_B0CBD8F33218,victim,2,28:05:A5:32:D7:B5,-69,13,297,297,0,0
373297695,NODE_B0CBD8F33218,victim,2,28:05:A5:32:D7:B5,-69,13,297,297,0,0
373397701,NODE_B0CBD8F33218,victim,2,28:05:A5:32:D7:B5,-69,13,297,297,0,0
373497689,NODE_B0CBD8F33218,victim,2,28:05:A5:32:D7:B5,-69,13,297,297,0,0
373607695,NODE_B0CBD8F33218,victim,2,28:05:A5:32:D7:B5,-69,13,297,297,0,0
373707689,NODE_B0CBD8F33218,victim,2,28:05:A5:32:D7:B5,-69,13,297,297,0,0
373807693,NODE_B0CBD8F33218,victim,2,28:05:A5:32:D7:B5,-69,13,297,297,0,0
373917693,NODE_B0CBD8F33218,victim,2,28:05:A5:32:D7:B5,-70,13,297,297,0,0
374017703,NODE_B0CBD8F33218,victim,2,28:05:A5:32:D7:B5,-70,13,298,298,0,0
374117697,NODE_B0CBD8F33218,victim,2,28:05:A5:32:D7:B5,-70,13,298,298,0,0
374227697,NODE_B0CBD8F33218,victim,2,28:05:A5:32:D7:B5,-70,13,298,298,0,0
374327695,NODE_B0CBD8F33218,victim,2,28:05:A5:32:D7:B5,-70,13,298,298,0,0
374427693,NODE_B0CBD8F33218,victim,2,28:05:A5:32:D7:B5,-70,13,298,298,0,0
374527689,NODE_B0CBD8F33218,victim,2,28:05:A5:32:D7:B5,-70,13,298,298,0,0
374637689,NODE_B0CBD8F33218,victim,2,28:05:A5:32:D7:B5,-70,13,298,298,0,0
374737691,NODE_B0CBD8F33218,victim,2,28:05:A5:32:D7:B5,-70,13,298,298,0,0
374837689,NODE_B0CBD8F33218,victim,2,28:05:A5:32:D7:B5,-69,13,298,298,0,0
374948482,NODE_B0CBD8F33218,victim,2,28:05:A5:32:D7:B5,-69,13,298,298,0,0
375047698,NODE_B0CBD8F33218,victim,2,28:05:A5:32:D7:B5,-69,13,299,299,0,0
375147693,NODE_B0CBD8F33218,victim,2,28:05:A5:32:D7:B5,-69,13,299,299,0,0
375257697,NODE_B0CBD8F33218,victim,2,28:05:A5:32:D7:B5,-69,13,299,299,0,0
375357705,NODE_B0CBD8F33218,victim,2,28:05:A5:32:D7:B5,-69,13,299,299,0,0
375457695,NODE_B0CBD8F33218,victim,2,28:05:A5:32:D7:B5,-69,13,299,299,0,0
375557693,NODE_B0CBD8F33218,victim,2,28:05:A5:32:D7:B5,-69,13,299,299,0,0
375667697,NODE_B0CBD8F33218,victim,2,28:05:A5:32:D7:B5,-69,13,299,299,0,0
375767691,NODE_B0CBD8F33218,victim,2,28:05:A5:32:D7:B5,-69,13,299,299,0,0
375868089,NODE_B0CBD8F33218,victim,2,28:05:A5:32:D7:B5,-70,13,299,299,0,0
375977701,NODE_B0CBD8F33218,victim,2,28:05:A5:32:D7:B5,-70,13,300,300,0,0
376077693,NODE_B0CBD8F33218,victim,2,28:05:A5:32:D7:B5,-70,13,300,300,0,0
376177703,NODE_B0CBD8F33218,victim,2,28:05:A5:32:D7:B5,-70,13,300,300,0,0
376287693,NODE_B0CBD8F33218,victim,2,28:05:A5:32:D7:B5,-70,13,300,300,0,0
376387693,NODE_B0CBD8F33218,victim,2,28:05:A5:32:D7:B5,-70,13,300,300,0,0
376487695,NODE_B0CBD8F33218,victim,2,28:05:A5:32:D7:B5,-70,13,300,300,0,0
376587693,NODE_B0CBD8F33218,victim,2,28:05:A5:32:D7:B5,-70,13,300,300,0,0
376697693,NODE_B0CBD8F33218,victim,2,28:05:A5:32:D7:B5,-70,13,300,300,0,0
376797689,NODE_B0CBD8F33218,victim,2,28:05:A5:32:D7:B5,-70,13,300,300,0,0
376897695,NODE_B0CBD8F33218,victim,2,28:05:A5:32:D7:B5,-70,13,300,300,0,0
377007697,NODE_B0CBD8F33218,victim,2,28:05:A5:32:D7:B5,-70,13,301,301,0,0
377107693,NODE_B0CBD8F33218,victim,2,28:05:A5:32:D7:B5,-70,13,301,301,0,0
377207703,NODE_B0CBD8F33218,victim,2,28:05:A5:32:D7:B5,-70,13,301,301,0,0
377317699,NODE_B0CBD8F33218,victim,2,28:05:A5:32:D7:B5,-70,13,301,301,0,0
377417689,NODE_B0CBD8F33218,victim,2,28:05:A5:32:D7:B5,-70,13,301,301,0,0
377517693,NODE_B0CBD8F33218,victim,2,28:05:A5:32:D7:B5,-70,13,301,301,0,0
377617695,NODE_B0CBD8F33218,victim,2,28:05:A5:32:D7:B5,-70,13,301,301,0,0
377727693,NODE_B0CBD8F33218,victim,2,28:05:A5:32:D7:B5,-70,13,301,301,0,0
377827689,NODE_B0CBD8F33218,victim,2,28:05:A5:32:D7:B5,-70,13,301,301,0,0
377927699,NODE_B0CBD8F33218,victim,2,28:05:A5:32:D7:B5,-70,13,301,301,0,0
378038105,NODE_B0CBD8F33218,victim,2,28:05:A5:32:D7:B5,-70,13,302,302,0,0
378137693,NODE_B0CBD8F33218,victim,2,28:05:A5:32:D7:B5,-70,13,302,302,0,0
378237697,NODE_B0CBD8F33218,victim,2,28:05:A5:32:D7:B5,-70,13,302,302,0,0
378347694,NODE_B0CBD8F33218,victim,2,28:05:A5:32:D7:B5,-70,13,302,302,0,0
378447689,NODE_B0CBD8F33218,victim,2,28:05:A5:32:D7:B5,-70,13,302,302,0,0
378547693,NODE_B0CBD8F33218,victim,2,28:05:A5:32:D7:B5,-70,13,302,302,0,0
378647699,NODE_B0CBD8F33218,victim,2,28:05:A5:32:D7:B5,-70,13,302,302,0,0
378757695,NODE_B0CBD8F33218,victim,2,28:05:A5:32:D7:B5,-70,13,302,302,0,0
378857689,NODE_B0CBD8F33218,victim,2,28:05:A5:32:D7:B5,-70,13,302,302,0,0
378957697,NODE_B0CBD8F33218,victim,2,28:05:A5:32:D7:B5,-70,13,303,303,0,0
379067703,NODE_B0CBD8F33218,victim,2,28:05:A5:32:D7:B5,-70,13,303,303,0,0
379167697,NODE_B0CBD8F33218,victim,2,28:05:A5:32:D7:B5,-70,13,303,303,0,0
379267693,NODE_B0CBD8F33218,victim,2,28:05:A5:32:D7:B5,-70,13,303,303,0,0
379377701,NODE_B0CBD8F33218,victim,2,28:05:A5:32:D7:B5,-70,13,303,303,0,0
379477691,NODE_B0CBD8F33218,victim,2,28:05:A5:32:D7:B5,-70,13,303,303,0,0
379577693,NODE_B0CBD8F33218,victim,2,28:05:A5:32:D7:B5,-70,13,303,303,0,0
379677689,NODE_B0CBD8F33218,victim,2,28:05:A5:32:D7:B5,-70,13,303,303,0,0
379787690,NODE_B0CBD8F33218,victim,2,28:05:A5:32:D7:B5,-70,13,303,303,0,0
379887693,NODE_B0CBD8F33218,victim,2,28:05:A5:32:D7:B5,-70,13,303,303,0,0
379987697,NODE_B0CBD8F33218,victim,2,28:05:A5:32:D7:B5,-70,13,304,304,0,0
380097697,NODE_B0CBD8F33218,victim,2,28:05:A5:32:D7:B5,-70,13,304,304,0,0
380197699,NODE_B0CBD8F33218,victim,2,28:05:A5:32:D7:B5,-70,13,304,304,0,0
380297697,NODE_B0CBD8F33218,victim,2,28:05:A5:32:D7:B5,-70,13,304,304,0,0
380407697,NODE_B0CBD8F33218,victim,2,28:05:A5:32:D7:B5,-70,13,304,304,0,0
380507849,NODE_B0CBD8F33218,victim,2,28:05:A5:32:D7:B5,-70,13,304,304,0,0
380607693,NODE_B0CBD8F33218,victim,2,28:05:A5:32:D7:B5,-70,13,304,304,0,0
380707689,NODE_B0CBD8F33218,victim,2,28:05:A5:32:D7:B5,-70,13,304,304,0,0
380817693,NODE_B0CBD8F33218,victim,2,28:05:A5:32:D7:B5,-70,13,304,304,0,0
380917695,NODE_B0CBD8F33218,victim,2,28:05:A5:32:D7:B5,-70,13,304,304,0,0
381017701,NODE_B0CBD8F33218,victim,2,28:05:A5:32:D7:B5,-70,13,305,305,0,0
381127697,NODE_B0CBD8F33218,victim,2,28:05:A5:32:D7:B5,-70,13,305,305,0,0
381227699,NODE_B0CBD8F33218,victim,2,28:05:A5:32:D7:B5,-70,13,305,305,0,0
381327701,NODE_B0CBD8F33218,victim,2,28:05:A5:32:D7:B5,-70,13,305,305,0,0
381437693,NODE_B0CBD8F33218,victim,2,28:05:A5:32:D7:B5,-70,13,305,305,0,0
381537689,NODE_B0CBD8F33218,victim,2,28:05:A5:32:D7:B5,-70,13,305,305,0,0
381637695,NODE_B0CBD8F33218,victim,2,28:05:A5:32:D7:B5,-70,13,305,305,0,0
381737697,NODE_B0CBD8F33218,victim,2,28:05:A5:32:D7:B5,-70,13,305,305,0,0
381837693,NODE_B0CBD8F33218,victim,2,28:05:A5:32:D7:B5,-70,13,305,305,0,0
381937699,NODE_B0CBD8F33218,victim,2,28:05:A5:32:D7:B5,-70,13,305,305,0,0
382047701,NODE_B0CBD8F33218,victim,2,28:05:A5:32:D7:B5,-69,13,306,306,0,0
382147693,NODE_B0CBD8F33218,victim,2,28:05:A5:32:D7:B5,-69,13,306,306,0,0
382247699,NODE_B0CBD8F33218,victim,2,28:05:A5:32:D7:B5,-69,13,306,306,0,0
382357695,NODE_B0CBD8F33218,victim,2,28:05:A5:32:D7:B5,-69,13,306,306,0,0
382467693,NODE_B0CBD8F33218,victim,2,28:05:A5:32:D7:B5,-69,13,306,306,0,0
382567693,NODE_B0CBD8F33218,victim,2,28:05:A5:32:D7:B5,-69,13,306,306,0,0
382667695,NODE_B0CBD8F33218,victim,2,28:05:A5:32:D7:B5,-69,13,306,306,0,0
382767689,NODE_B0CBD8F33218,victim,2,28:05:A5:32:D7:B5,-69,13,306,306,0,0
382867697,NODE_B0CBD8F33218,victim,2,28:05:A5:32:D7:B5,-69,13,306,306,0,0
382967699,NODE_B0CBD8F33218,victim,2,28:05:A5:32:D7:B5,-69,13,307,307,0,0
383077699,NODE_B0CBD8F33218,victim,2,28:05:A5:32:D7:B5,-69,13,307,307,0,0
383177693,NODE_B0CBD8F33218,victim,2,28:05:A5:32:D7:B5,-69,13,307,307,0,0
383277701,NODE_B0CBD8F33218,victim,2,28:05:A5:32:D7:B5,-69,13,307,307,0,0
383387703,NODE_B0CBD8F33218,victim,2,28:05:A5:32:D7:B5,-69,13,307,307,0,0
383487693,NODE_B0CBD8F33218,victim,2,28:05:A5:32:D7:B5,-69,13,307,307,0,0
383587693,NODE_B0CBD8F33218,victim,2,28:05:A5:32:D7:B5,-69,13,307,307,0,0
383697693,NODE_B0CBD8F33218,victim,2,28:05:A5:32:D7:B5,-69,13,307,307,0,0
383797691,NODE_B0CBD8F33218,victim,2,28:05:A5:32:D7:B5,-69,13,307,307,0,0
383897693,NODE_B0CBD8F33218,victim,2,28:05:A5:32:D7:B5,-69,13,307,307,0,0
383997697,NODE_B0CBD8F33218,victim,2,28:05:A5:32:D7:B5,-69,13,308,308,0,0
384107699,NODE_B0CBD8F33218,victim,2,28:05:A5:32:D7:B5,-70,13,308,308,0,0
384207693,NODE_B0CBD8F33218,victim,2,28:05:A5:32:D7:B5,-70,13,308,308,0,0
384307701,NODE_B0CBD8F33218,victim,2,28:05:A5:32:D7:B5,-70,13,308,308,0,0
384417689,NODE_B0CBD8F33218,victim,2,28:05:A5:32:D7:B5,-70,13,308,308,0,0
384517691,NODE_B0CBD8F33218,victim,2,28:05:A5:32:D7:B5,-70,13,308,308,0,0
384617693,NODE_B0CBD8F33218,victim,2,28:05:A5:32:D7:B5,-70,13,308,308,0,0
384727697,NODE_B0CBD8F33218,victim,2,28:05:A5:32:D7:B5,-70,13,308,308,0,0
384827691,NODE_B0CBD8F33218,victim,2,28:05:A5:32:D7:B5,-70,13,308,308,0,0
384927697,NODE_B0CBD8F33218,victim,2,28:05:A5:32:D7:B5,-70,13,308,308,0,0
385027705,NODE_B0CBD8F33218,victim,2,28:05:A5:32:D7:B5,-70,13,309,309,0,0
385137697,NODE_B0CBD8F33218,victim,2,28:05:A5:32:D7:B5,-70,13,309,309,0,0
385237695,NODE_B0CBD8F33218,victim,2,28:05:A5:32:D7:B5,-70,13,309,309,0,0
385337705,NODE_B0CBD8F33218,victim,2,28:05:A5:32:D7:B5,-70,13,309,309,0,0
385447693,NODE_B0CBD8F33218,victim,2,28:05:A5:32:D7:B5,-70,13,309,309,0,0
385547695,NODE_B0CBD8F33218,victim,2,28:05:A5:32:D7:B5,-70,13,309,309,0,0
385647689,NODE_B0CBD8F33218,victim,2,28:05:A5:32:D7:B5,-70,13,309,309,0,0
385757689,NODE_B0CBD8F33218,victim,2,28:05:A5:32:D7:B5,-70,13,309,309,0,0
385857689,NODE_B0CBD8F33218,victim,2,28:05:A5:32:D7:B5,-70,13,309,309,0,0
385957699,NODE_B0CBD8F33218,victim,2,28:05:A5:32:D7:B5,-70,13,310,310,0,0
386057689,NODE_B0CBD8F33218,victim,2,28:05:A5:32:D7:B5,-70,13,310,310,0,0
386167693,NODE_B0CBD8F33218,victim,2,28:05:A5:32:D7:B5,-70,13,310,310,0,0
386267695,NODE_B0CBD8F33218,victim,2,28:05:A5:32:D7:B5,-70,13,310,310,0,0
386367697,NODE_B0CBD8F33218,victim,2,28:05:A5:32:D7:B5,-70,13,310,310,0,0
386477693,NODE_B0CBD8F33218,victim,2,28:05:A5:32:D7:B5,-70,13,310,310,0,0
386577693,NODE_B0CBD8F33218,victim,2,28:05:A5:32:D7:B5,-70,13,310,310,0,0
386677691,NODE_B0CBD8F33218,victim,2,28:05:A5:32:D7:B5,-70,13,310,310,0,0
386787689,NODE_B0CBD8F33218,victim,2,28:05:A5:32:D7:B5,-70,13,310,310,0,0
386887693,NODE_B0CBD8F33218,victim,2,28:05:A5:32:D7:B5,-70,13,310,310,0,0
386987699,NODE_B0CBD8F33218,victim,2,28:05:A5:32:D7:B5,-70,13,311,311,0,0
387087689,NODE_B0CBD8F33218,victim,2,28:05:A5:32:D7:B5,-70,13,311,311,0,0
387197693,NODE_B0CBD8F33218,victim,2,28:05:A5:32:D7:B5,-70,13,311,311,0,0
387297697,NODE_B0CBD8F33218,victim,2,28:05:A5:32:D7:B5,-70,13,311,311,0,0
387397699,NODE_B0CBD8F33218,victim,2,28:05:A5:32:D7:B5,-70,13,311,311,0,0
387507697,NODE_B0CBD8F33218,victim,2,28:05:A5:32:D7:B5,-70,13,311,311,0,0
387607693,NODE_B0CBD8F33218,victim,2,28:05:A5:32:D7:B5,-70,13,311,311,0,0
387707699,NODE_B0CBD8F33218,victim,2,28:05:A5:32:D7:B5,-70,13,311,311,0,0
387817695,NODE_B0CBD8F33218,victim,2,28:05:A5:32:D7:B5,-70,13,311,311,0,0
387917697,NODE_B0CBD8F33218,victim,2,28:05:A5:32:D7:B5,-70,13,311,311,0,0
388017701,NODE_B0CBD8F33218,victim,2,28:05:A5:32:D7:B5,-70,13,312,312,0,0
388117691,NODE_B0CBD8F33218,victim,2,28:05:A5:32:D7:B5,-70,13,312,312,0,0
388227697,NODE_B0CBD8F33218,victim,2,28:05:A5:32:D7:B5,-70,13,312,312,0,0
388327693,NODE_B0CBD8F33218,victim,2,28:05:A5:32:D7:B5,-70,13,312,312,0,0
388427699,NODE_B0CBD8F33218,victim,2,28:05:A5:32:D7:B5,-70,13,312,312,0,0
388537691,NODE_B0CBD8F33218,victim,2,28:05:A5:32:D7:B5,-70,13,312,312,0,0
388637693,NODE_B0CBD8F33218,victim,2,28:05:A5:32:D7:B5,-70,13,312,312,0,0
388737689,NODE_B0CBD8F33218,victim,2,28:05:A5:32:D7:B5,-70,13,312,312,0,0
388847691,NODE_B0CBD8F33218,victim,2,28:05:A5:32:D7:B5,-70,13,312,312,0,0
388948481,NODE_B0CBD8F33218,victim,2,28:05:A5:32:D7:B5,-70,13,312,312,0,0
389047697,NODE_B0CBD8F33218,victim,2,28:05:A5:32:D7:B5,-70,13,313,313,0,0
389147691,NODE_B0CBD8F33218,victim,2,28:05:A5:32:D7:B5,-70,13,313,313,0,0
389258172,NODE_B0CBD8F33218,victim,2,28:05:A5:32:D7:B5,-69,13,313,313,0,0
389357697,NODE_B0CBD8F33218,victim,2,28:05:A5:32:D7:B5,-69,13,313,313,0,0
389457693,NODE_B0CBD8F33218,victim,2,28:05:A5:32:D7:B5,-69,13,313,313,0,0
389567702,NODE_B0CBD8F33218,victim,2,28:05:A5:32:D7:B5,-69,13,313,313,0,0
389667693,NODE_B0CBD8F33218,victim,2,28:05:A5:32:D7:B5,-69,13,313,313,0,0
389767689,NODE_B0CBD8F33218,victim,2,28:05:A5:32:D7:B5,-69,13,313,313,0,0
389877693,NODE_B0CBD8F33218,victim,2,28:05:A5:32:D7:B5,-69,13,313,313,0,0
389977699,NODE_B0CBD8F33218,victim,2,28:05:A5:32:D7:B5,-69,13,314,314,0,0
390077693,NODE_B0CBD8F33218,victim,2,28:05:A5:32:D7:B5,-69,13,314,314,0,0
390177689,NODE_B0CBD8F33218,victim,2,28:05:A5:32:D7:B5,-69,13,314,314,0,0
390287699,NODE_B0CBD8F33218,victim,2,28:05:A5:32:D7:B5,-69,13,314,314,0,0
390387693,NODE_B0CBD8F33218,victim,2,28:05:A5:32:D7:B5,-69,13,314,314,0,0
390487697,NODE_B0CBD8F33218,victim,2,28:05:A5:32:D7:B5,-69,13,314,314,0,0
390597693,NODE_B0CBD8F33218,victim,2,28:05:A5:32:D7:B5,-69,13,314,314,0,0
390697699,NODE_B0CBD8F33218,victim,2,28:05:A5:32:D7:B5,-69,13,314,314,0,0
390797689,NODE_B0CBD8F33218,victim,2,28:05:A5:32:D7:B5,-69,13,314,314,0,0
390907693,NODE_B0CBD8F33218,victim,2,28:05:A5:32:D7:B5,-69,13,314,314,0,0
391007703,NODE_B0CBD8F33218,victim,2,28:05:A5:32:D7:B5,-69,13,315,315,0,0
391107697,NODE_B0CBD8F33218,victim,2,28:05:A5:32:D7:B5,-69,13,315,315,0,0
391207689,NODE_B0CBD8F33218,victim,2,28:05:A5:32:D7:B5,-69,13,315,315,0,0
391317693,NODE_B0CBD8F33218,victim,2,28:05:A5:32:D7:B5,-70,13,315,315,0,0
391417703,NODE_B0CBD8F33218,victim,2,28:05:A5:32:D7:B5,-70,13,315,315,0,0
391517693,NODE_B0CBD8F33218,victim,2,28:05:A5:32:D7:B5,-70,13,315,315,0,0
391627697,NODE_B0CBD8F33218,victim,2,28:05:A5:32:D7:B5,-70,13,315,315,0,0
391727695,NODE_B0CBD8F33218,victim,2,28:05:A5:32:D7:B5,-70,13,315,315,0,0
391827689,NODE_B0CBD8F33218,victim,2,28:05:A5:32:D7:B5,-70,13,315,315,0,0
391937693,NODE_B0CBD8F33218,victim,2,28:05:A5:32:D7:B5,-70,13,315,315,0,0
392038104,NODE_B0CBD8F33218,victim,2,28:05:A5:32:D7:B5,-70,13,316,316,0,0
392137695,NODE_B0CBD8F33218,victim,2,28:05:A5:32:D7:B5,-70,13,316,316,0,0
392237697,NODE_B0CBD8F33218,victim,2,28:05:A5:32:D7:B5,-70,13,316,316,0,0
392337693,NODE_B0CBD8F33218,victim,2,28:05:A5:32:D7:B5,-70,13,316,316,0,0
392447699,NODE_B0CBD8F33218,victim,2,28:05:A5:32:D7:B5,-70,13,316,316,0,0
392547693,NODE_B0CBD8F33218,victim,2,28:05:A5:32:D7:B5,-70,13,316,316,0,0
392647693,NODE_B0CBD8F33218,victim,2,28:05:A5:32:D7:B5,-70,13,316,316,0,0
392757693,NODE_B0CBD8F33218,victim,2,28:05:A5:32:D7:B5,-70,13,316,316,0,0
392857691,NODE_B0CBD8F33218,victim,2,28:05:A5:32:D7:B5,-70,13,316,316,0,0
392967701,NODE_B0CBD8F33218,victim,2,28:05:A5:32:D7:B5,-70,13,317,317,0,0
393067689,NODE_B0CBD8F33218,victim,2,28:05:A5:32:D7:B5,-70,13,317,317,0,0
393167695,NODE_B0CBD8F33218,victim,2,28:05:A5:32:D7:B5,-70,13,317,317,0,0
393267697,NODE_B0CBD8F33218,victim,2,28:05:A5:32:D7:B5,-70,13,317,317,0,0
393367697,NODE_B0CBD8F33218,victim,2,28:05:A5:32:D7:B5,-70,13,317,317,0,0
393477701,NODE_B0CBD8F33218,victim,2,28:05:A5:32:D7:B5,-70,13,317,317,0,0
393577695,NODE_B0CBD8F33218,victim,2,28:05:A5:32:D7:B5,-70,13,317,317,0,0
393677697,NODE_B0CBD8F33218,victim,2,28:05:A5:32:D7:B5,-70,13,317,317,0,0
393787693,NODE_B0CBD8F33218,victim,2,28:05:A5:32:D7:B5,-70,13,317,317,0,0
393887695,NODE_B0CBD8F33218,victim,2,28:05:A5:32:D7:B5,-70,13,317,317,0,0
393987701,NODE_B0CBD8F33218,victim,2,28:05:A5:32:D7:B5,-70,13,318,318,0,0
394087689,NODE_B0CBD8F33218,victim,2,28:05:A5:32:D7:B5,-70,13,318,318,0,0
394197693,NODE_B0CBD8F33218,victim,2,28:05:A5:32:D7:B5,-70,13,318,318,0,0
394297695,NODE_B0CBD8F33218,victim,2,28:05:A5:32:D7:B5,-70,13,318,318,0,0
394397693,NODE_B0CBD8F33218,victim,2,28:05:A5:32:D7:B5,-70,13,318,318,0,0
394507697,NODE_B0CBD8F33218,victim,2,28:05:A5:32:D7:B5,-70,13,318,318,0,0
394607695,NODE_B0CBD8F33218,victim,2,28:05:A5:32:D7:B5,-70,13,318,318,0,0
394707693,NODE_B0CBD8F33218,victim,2,28:05:A5:32:D7:B5,-70,13,318,318,0,0
394817693,NODE_B0CBD8F33218,victim,2,28:05:A5:32:D7:B5,-70,13,318,318,0,0
394917693,NODE_B0CBD8F33218,victim,2,28:05:A5:32:D7:B5,-70,13,318,318,0,0
395017699,NODE_B0CBD8F33218,victim,2,28:05:A5:32:D7:B5,-70,13,319,319,0,0
395117689,NODE_B0CBD8F33218,victim,2,28:05:A5:32:D7:B5,-70,13,319,319,0,0
395227701,NODE_B0CBD8F33218,victim,2,28:05:A5:32:D7:B5,-70,13,319,319,0,0
395328167,NODE_B0CBD8F33218,victim,2,28:05:A5:32:D7:B5,-70,13,319,319,0,0
395427697,NODE_B0CBD8F33218,victim,2,28:05:A5:32:D7:B5,-70,13,319,319,0,0
395537697,NODE_B0CBD8F33218,victim,2,28:05:A5:32:D7:B5,-70,13,319,319,0,0
395637693,NODE_B0CBD8F33218,victim,2,28:05:A5:32:D7:B5,-70,13,319,319,0,0
395737695,NODE_B0CBD8F33218,victim,2,28:05:A5:32:D7:B5,-70,13,319,319,0,0
395847693,NODE_B0CBD8F33218,victim,2,28:05:A5:32:D7:B5,-70,13,319,319,0,0
395948484,NODE_B0CBD8F33218,victim,2,28:05:A5:32:D7:B5,-70,13,319,319,0,0
396047698,NODE_B0CBD8F33218,victim,2,28:05:A5:32:D7:B5,-70,13,320,320,0,0
396147689,NODE_B0CBD8F33218,victim,2,28:05:A5:32:D7:B5,-70,13,320,320,0,0
396257701,NODE_B0CBD8F33218,victim,2,28:05:A5:32:D7:B5,-70,13,320,320,0,0
396357693,NODE_B0CBD8F33218,victim,2,28:05:A5:32:D7:B5,-70,13,320,320,0,0
396457695,NODE_B0CBD8F33218,victim,2,28:05:A5:32:D7:B5,-70,13,320,320,0,0
396567697,NODE_B0CBD8F33218,victim,2,28:05:A5:32:D7:B5,-70,13,320,320,0,0
396667697,NODE_B0CBD8F33218,victim,2,28:05:A5:32:D7:B5,-70,13,320,320,0,0
396767695,NODE_B0CBD8F33218,victim,2,28:05:A5:32:D7:B5,-70,13,320,320,0,0
396877695,NODE_B0CBD8F33218,victim,2,28:05:A5:32:D7:B5,-70,13,320,320,0,0
396977701,NODE_B0CBD8F33218,victim,2,28:05:A5:32:D7:B5,-70,13,321,321,0,0
397077697,NODE_B0CBD8F33218,victim,2,28:05:A5:32:D7:B5,-70,13,321,321,0,0
397177691,NODE_B0CBD8F33218,victim,2,28:05:A5:32:D7:B5,-70,13,321,321,0,0
397287693,NODE_B0CBD8F33218,victim,2,28:05:A5:32:D7:B5,-70,13,321,321,0,0
397387701,NODE_B0CBD8F33218,victim,2,28:05:A5:32:D7:B5,-70,13,321,321,0,0
397487695,NODE_B0CBD8F33218,victim,2,28:05:A5:32:D7:B5,-70,13,321,321,0,0
397597699,NODE_B0CBD8F33218,victim,2,28:05:A5:32:D7:B5,-70,13,321,321,0,0
397697689,NODE_B0CBD8F33218,victim,2,28:05:A5:32:D7:B5,-70,13,321,321,0,0
397797689,NODE_B0CBD8F33218,victim,2,28:05:A5:32:D7:B5,-70,13,321,321,0,0
397907698,NODE_B0CBD8F33218,victim,2,28:05:A5:32:D7:B5,-70,13,321,321,0,0
398007697,NODE_B0CBD8F33218,victim,2,28:05:A5:32:D7:B5,-70,13,322,322,0,0
398107697,NODE_B0CBD8F33218,victim,2,28:05:A5:32:D7:B5,-70,13,322,322,0,0
398207691,NODE_B0CBD8F33218,victim,2,28:05:A5:32:D7:B5,-70,13,322,322,0,0
398317699,NODE_B0CBD8F33218,victim,2,28:05:A5:32:D7:B5,-70,13,322,322,0,0
398417693,NODE_B0CBD8F33218,victim,2,28:05:A5:32:D7:B5,-70,13,322,322,0,0
398517693,NODE_B0CBD8F33218,victim,2,28:05:A5:32:D7:B5,-70,13,322,322,0,0
398627792,NODE_B0CBD8F33218,victim,2,28:05:A5:32:D7:B5,-70,13,322,322,0,0
398727689,NODE_B0CBD8F33218,victim,2,28:05:A5:32:D7:B5,-70,13,322,322,0,0
398827693,NODE_B0CBD8F33218,victim,2,28:05:A5:32:D7:B5,-70,13,322,322,0,0
398937693,NODE_B0CBD8F33218,victim,2,28:05:A5:32:D7:B5,-70,13,322,322,0,0
399038101,NODE_B0CBD8F33218,victim,2,28:05:A5:32:D7:B5,-70,13,323,323,0,0
399137689,NODE_B0CBD8F33218,victim,2,28:05:A5:32:D7:B5,-70,13,323,323,0,0
399237693,NODE_B0CBD8F33218,victim,2,28:05:A5:32:D7:B5,-70,13,323,323,0,0
399347707,NODE_B0CBD8F33218,victim,2,28:05:A5:32:D7:B5,-70,13,323,323,0,0
399447689,NODE_B0CBD8F33218,victim,2,28:05:A5:32:D7:B5,-70,13,323,323,0,0
399547693,NODE_B0CBD8F33218,victim,2,28:05:A5:32:D7:B5,-70,13,323,323,0,0
399657701,NODE_B0CBD8F33218,victim,2,28:05:A5:32:D7:B5,-70,13,323,323,0,0
399757691,NODE_B0CBD8F33218,victim,2,28:05:A5:32:D7:B5,-70,13,323,323,0,0
399857693,NODE_B0CBD8F33218,victim,2,28:05:A5:32:D7:B5,-70,13,323,323,0,0
399967701,NODE_B0CBD8F33218,victim,2,28:05:A5:32:D7:B5,-70,13,324,324,0,0
400067695,NODE_B0CBD8F33218,victim,2,28:05:A5:32:D7:B5,-70,13,324,324,0,0
400167697,NODE_B0CBD8F33218,victim,2,28:05:A5:32:D7:B5,-70,13,324,324,0,0
400267693,NODE_B0CBD8F33218,victim,2,28:05:A5:32:D7:B5,-70,13,324,324,0,0
400377697,NODE_B0CBD8F33218,victim,2,28:05:A5:32:D7:B5,-70,13,324,324,0,0
400477691,NODE_B0CBD8F33218,victim,2,28:05:A5:32:D7:B5,-70,13,324,324,0,0
400577693,NODE_B0CBD8F33218,victim,2,28:05:A5:32:D7:B5,-70,13,324,324,0,0
400687697,NODE_B0CBD8F33218,victim,2,28:05:A5:32:D7:B5,-70,13,324,324,0,0
400787691,NODE_B0CBD8F33218,victim,2,28:05:A5:32:D7:B5,-70,13,324,324,0,0
400887693,NODE_B0CBD8F33218,victim,2,28:05:A5:32:D7:B5,-70,13,324,324,0,0
400997697,NODE_B0CBD8F33218,victim,2,28:05:A5:32:D7:B5,-70,13,325,325,0,0
401097689,NODE_B0CBD8F33218,victim,2,28:05:A5:32:D7:B5,-70,13,325,325,0,0
401197695,NODE_B0CBD8F33218,victim,2,28:05:A5:32:D7:B5,-70,13,325,325,0,0
401297697,NODE_B0CBD8F33218,victim,2,28:05:A5:32:D7:B5,-70,13,325,325,0,0
401397697,NODE_B0CBD8F33218,victim,2,28:05:A5:32:D7:B5,-70,13,325,325,0,0
401497691,NODE_B0CBD8F33218,victim,2,28:05:A5:32:D7:B5,-70,13,325,325,0,0
401607697,NODE_B0CBD8F33218,victim,2,28:05:A5:32:D7:B5,-70,13,325,325,0,0
401717697,NODE_B0CBD8F33218,victim,2,28:05:A5:32:D7:B5,-70,13,325,325,0,0
401817689,NODE_B0CBD8F33218,victim,2,28:05:A5:32:D7:B5,-70,13,325,325,0,0
401917695,NODE_B0CBD8F33218,victim,2,28:05:A5:32:D7:B5,-70,13,325,325,0,0
402027701,NODE_B0CBD8F33218,victim,2,28:05:A5:32:D7:B5,-70,13,326,326,0,0
402127689,NODE_B0CBD8F33218,victim,2,28:05:A5:32:D7:B5,-70,13,326,326,0,0
402227699,NODE_B0CBD8F33218,victim,2,28:05:A5:32:D7:B5,-70,13,326,326,0,0
402327689,NODE_B0CBD8F33218,victim,2,28:05:A5:32:D7:B5,-70,13,326,326,0,0
402427693,NODE_B0CBD8F33218,victim,2,28:05:A5:32:D7:B5,-70,13,326,326,0,0
402527691,NODE_B0CBD8F33218,victim,2,28:05:A5:32:D7:B5,-69,13,326,326,0,0
402637695,NODE_B0CBD8F33218,victim,2,28:05:A5:32:D7:B5,-69,13,326,326,0,0
402737701,NODE_B0CBD8F33218,victim,2,28:05:A5:32:D7:B5,-69,13,326,326,0,0
402837689,NODE_B0CBD8F33218,victim,2,28:05:A5:32:D7:B5,-69,13,326,326,0,0
402948476,NODE_B0CBD8F33218,victim,2,28:05:A5:32:D7:B5,-69,13,326,326,0,0
403047701,NODE_B0CBD8F33218,victim,2,28:05:A5:32:D7:B5,-69,13,327,327,0,0
403147689,NODE_B0CBD8F33218,victim,2,28:05:A5:32:D7:B5,-69,13,327,327,0,0
403257693,NODE_B0CBD8F33218,victim,2,28:05:A5:32:D7:B5,-69,13,327,327,0,0
403357699,NODE_B0CBD8F33218,victim,2,28:05:A5:32:D7:B5,-69,13,327,327,0,0
403457697,NODE_B0CBD8F33218,victim,2,28:05:A5:32:D7:B5,-69,13,327,327,0,0
403557689,NODE_B0CBD8F33218,victim,2,28:05:A5:32:D7:B5,-69,13,327,327,0,0
403667691,NODE_B0CBD8F33218,victim,2,28:05:A5:32:D7:B5,-69,13,327,327,0,0
403767693,NODE_B0CBD8F33218,victim,2,28:05:A5:32:D7:B5,-69,13,327,327,0,0
403867693,NODE_B0CBD8F33218,victim,2,28:05:A5:32:D7:B5,-69,13,327,327,0,0
403977697,NODE_B0CBD8F33218,victim,2,28:05:A5:32:D7:B5,-69,13,328,328,0,0
404077699,NODE_B0CBD8F33218,victim,2,28:05:A5:32:D7:B5,-69,13,328,328,0,0
404177689,NODE_B0CBD8F33218,victim,2,28:05:A5:32:D7:B5,-69,13,328,328,0,0
404287697,NODE_B0CBD8F33218,victim,2,28:05:A5:32:D7:B5,-69,13,328,328,0,0
404387695,NODE_B0CBD8F33218,victim,2,28:05:A5:32:D7:B5,-69,13,328,328,0,0
404487693,NODE_B0CBD8F33218,victim,2,28:05:A5:32:D7:B5,-69,13,328,328,0,0
404587693,NODE_B0CBD8F33218,victim,2,28:05:A5:32:D7:B5,-68,13,328,328,0,0
404697693,NODE_B0CBD8F33218,victim,2,28:05:A5:32:D7:B5,-68,13,328,328,0,0
404797699,NODE_B0CBD8F33218,victim,2,28:05:A5:32:D7:B5,-68,13,328,328,0,0
404897693,NODE_B0CBD8F33218,victim,2,28:05:A5:32:D7:B5,-68,13,328,328,0,0
405007697,NODE_B0CBD8F33218,victim,2,28:05:A5:32:D7:B5,-68,13,329,329,0,0
405107699,NODE_B0CBD8F33218,victim,2,28:05:A5:32:D7:B5,-68,13,329,329,0,0
405207689,NODE_B0CBD8F33218,victim,2,28:05:A5:32:D7:B5,-68,13,329,329,0,0
405317693,NODE_B0CBD8F33218,victim,2,28:05:A5:32:D7:B5,-68,13,329,329,0,0
405417705,NODE_B0CBD8F33218,victim,2,28:05:A5:32:D7:B5,-68,13,329,329,0,0
405517695,NODE_B0CBD8F33218,victim,2,28:05:A5:32:D7:B5,-68,13,329,329,0,0
405617693,NODE_B0CBD8F33218,victim,2,28:05:A5:32:D7:B5,-78,13,329,329,0,0
405727697,NODE_B0CBD8F33218,victim,2,28:05:A5:32:D7:B5,-78,13,329,329,0,0
405827699,NODE_B0CBD8F33218,victim,2,28:05:A5:32:D7:B5,-78,13,329,329,0,0
405927693,NODE_B0CBD8F33218,victim,2,28:05:A5:32:D7:B5,-78,13,329,329,0,0
406038120,NODE_B0CBD8F33218,victim,2,28:05:A5:32:D7:B5,-78,13,330,330,0,0
406137693,NODE_B0CBD8F33218,victim,2,28:05:A5:32:D7:B5,-78,13,330,330,0,0
406237691,NODE_B0CBD8F33218,victim,2,28:05:A5:32:D7:B5,-78,13,330,330,0,0
406347693,NODE_B0CBD8F33218,victim,2,28:05:A5:32:D7:B5,-78,13,330,330,0,0
406447689,NODE_B0CBD8F33218,victim,2,28:05:A5:32:D7:B5,-78,13,330,330,0,0
406547691,NODE_B0CBD8F33218,victim,2,28:05:A5:32:D7:B5,-78,13,330,330,0,0
406647693,NODE_B0CBD8F33218,victim,2,28:05:A5:32:D7:B5,-73,13,330,330,0,0
406757693,NODE_B0CBD8F33218,victim,2,28:05:A5:32:D7:B5,-73,13,330,330,0,0
406857697,NODE_B0CBD8F33218,victim,2,28:05:A5:32:D7:B5,-73,13,330,330,0,0
406957699,NODE_B0CBD8F33218,victim,2,28:05:A5:32:D7:B5,-73,13,331,331,0,0
407067697,NODE_B0CBD8F33218,victim,2,28:05:A5:32:D7:B5,-73,13,331,331,0,0
407167693,NODE_B0CBD8F33218,victim,2,28:05:A5:32:D7:B5,-73,13,331,331,0,0
407267695,NODE_B0CBD8F33218,victim,2,28:05:A5:32:D7:B5,-73,13,331,331,0,0
407377703,NODE_B0CBD8F33218,victim,2,28:05:A5:32:D7:B5,-73,13,331,331,0,0
407477689,NODE_B0CBD8F33218,victim,2,28:05:A5:32:D7:B5,-73,13,331,331,0,0
407577693,NODE_B0CBD8F33218,victim,2,28:05:A5:32:D7:B5,-73,13,331,331,0,0
407677691,NODE_B0CBD8F33218,victim,2,28:05:A5:32:D7:B5,-78,13,331,331,0,0
407787689,NODE_B0CBD8F33218,victim,2,28:05:A5:32:D7:B5,-78,13,331,331,0,0
407887701,NODE_B0CBD8F33218,victim,2,28:05:A5:32:D7:B5,-78,13,331,331,0,0
407987699,NODE_B0CBD8F33218,victim,2,28:05:A5:32:D7:B5,-78,13,332,332,0,0
408097695,NODE_B0CBD8F33218,victim,2,28:05:A5:32:D7:B5,-78,13,332,332,0,0
408197693,NODE_B0CBD8F33218,victim,2,28:05:A5:32:D7:B5,-78,13,332,332,0,0
408297697,NODE_B0CBD8F33218,victim,2,28:05:A5:32:D7:B5,-78,13,332,332,0,0
408407695,NODE_B0CBD8F33218,victim,2,28:05:A5:32:D7:B5,-78,13,332,332,0,0
408507689,NODE_B0CBD8F33218,victim,2,28:05:A5:32:D7:B5,-78,13,332,332,0,0
408607693,NODE_B0CBD8F33218,victim,2,28:05:A5:32:D7:B5,-78,13,332,332,0,0
408707699,NODE_B0CBD8F33218,victim,2,28:05:A5:32:D7:B5,-73,13,332,332,0,0
408817695,NODE_B0CBD8F33218,victim,2,28:05:A5:32:D7:B5,-73,13,332,332,0,0
408917697,NODE_B0CBD8F33218,victim,2,28:05:A5:32:D7:B5,-73,13,332,332,0,0
409017701,NODE_B0CBD8F33218,victim,2,28:05:A5:32:D7:B5,-73,13,333,333,0,0
409127695,NODE_B0CBD8F33218,victim,2,28:05:A5:32:D7:B5,-73,13,333,333,0,0
409227693,NODE_B0CBD8F33218,victim,2,28:05:A5:32:D7:B5,-73,13,333,333,0,0
409327689,NODE_B0CBD8F33218,victim,2,28:05:A5:32:D7:B5,-73,13,333,333,0,0
409437701,NODE_B0CBD8F33218,victim,2,28:05:A5:32:D7:B5,-73,13,333,333,0,0
409537691,NODE_B0CBD8F33218,victim,2,28:05:A5:32:D7:B5,-73,13,333,333,0,0
409637693,NODE_B0CBD8F33218,victim,2,28:05:A5:32:D7:B5,-73,13,333,333,0,0
409737689,NODE_B0CBD8F33218,victim,2,28:05:A5:32:D7:B5,-70,13,333,333,0,0
409847695,NODE_B0CBD8F33218,victim,2,28:05:A5:32:D7:B5,-70,13,333,333,0,0
409948436,NODE_B0CBD8F33218,victim,2,28:05:A5:32:D7:B5,-70,13,333,333,0,0
410047693,NODE_B0CBD8F33218,victim,2,28:05:A5:32:D7:B5,-70,13,334,334,0,0
410157701,NODE_B0CBD8F33218,victim,2,28:05:A5:32:D7:B5,-70,13,334,334,0,0
410257699,NODE_B0CBD8F33218,victim,2,28:05:A5:32:D7:B5,-70,13,334,334,0,0
410357697,NODE_B0CBD8F33218,victim,2,28:05:A5:32:D7:B5,-70,13,334,334,0,0
410467693,NODE_B0CBD8F33218,victim,2,28:05:A5:32:D7:B5,-70,13,334,334,0,0
410567763,NODE_B0CBD8F33218,victim,2,28:05:A5:32:D7:B5,-70,13,334,334,0,0
410667689,NODE_B0CBD8F33218,victim,2,28:05:A5:32:D7:B5,-70,13,334,334,0,0
410767689,NODE_B0CBD8F33218,victim,2,28:05:A5:32:D7:B5,-69,13,334,334,0,0
410877693,NODE_B0CBD8F33218,victim,2,28:05:A5:32:D7:B5,-69,13,334,334,0,0
410977699,NODE_B0CBD8F33218,victim,2,28:05:A5:32:D7:B5,-69,13,335,335,0,0
411077689,NODE_B0CBD8F33218,victim,2,28:05:A5:32:D7:B5,-69,13,335,335,0,0
411187697,NODE_B0CBD8F33218,victim,2,28:05:A5:32:D7:B5,-69,13,335,335,0,0
411287699,NODE_B0CBD8F33218,victim,2,28:05:A5:32:D7:B5,-69,13,335,335,0,0
411387697,NODE_B0CBD8F33218,victim,2,28:05:A5:32:D7:B5,-69,13,335,335,0,0
411497697,NODE_B0CBD8F33218,victim,2,28:05:A5:32:D7:B5,-69,13,335,335,0,0
411597693,NODE_B0CBD8F33218,victim,2,28:05:A5:32:D7:B5,-69,13,335,335,0,0
411697699,NODE_B0CBD8F33218,victim,2,28:05:A5:32:D7:B5,-68,13,335,335,0,0
411797689,NODE_B0CBD8F33218,victim,2,28:05:A5:32:D7:B5,-68,13,335,335,0,0
411897693,NODE_B0CBD8F33218,victim,2,28:05:A5:32:D7:B5,-68,13,335,335,0,0
412007703,NODE_B0CBD8F33218,victim,2,28:05:A5:32:D7:B5,-68,13,336,336,0,0
412107689,NODE_B0CBD8F33218,victim,2,28:05:A5:32:D7:B5,-68,13,336,336,0,0
412217777,NODE_B0CBD8F33218,victim,2,28:05:A5:32:D7:B5,-68,13,336,336,0,0
412317697,NODE_B0CBD8F33218,victim,2,28:05:A5:32:D7:B5,-68,13,336,336,0,0
412417691,NODE_B0CBD8F33218,victim,2,28:05:A5:32:D7:B5,-68,13,336,336,0,0
412527689,NODE_B0CBD8F33218,victim,2,28:05:A5:32:D7:B5,-68,13,336,336,0,0
412627693,NODE_B0CBD8F33218,victim,2,28:05:A5:32:D7:B5,-68,13,336,336,0,0
412727695,NODE_B0CBD8F33218,victim,2,28:05:A5:32:D7:B5,-69,13,336,336,0,0
412827689,NODE_B0CBD8F33218,victim,2,28:05:A5:32:D7:B5,-69,13,336,336,0,0
412927701,NODE_B0CBD8F33218,victim,2,28:05:A5:32:D7:B5,-69,13,336,336,0,0
413038104,NODE_B0CBD8F33218,victim,2,28:05:A5:32:D7:B5,-69,13,337,337,0,0
413137691,NODE_B0CBD8F33218,victim,2,28:05:A5:32:D7:B5,-69,13,337,337,0,0
413237697,NODE_B0CBD8F33218,victim,2,28:05:A5:32:D7:B5,-69,13,337,337,0,0
413347701,NODE_B0CBD8F33218,victim,2,28:05:A5:32:D7:B5,-69,13,337,337,0,0
413447691,NODE_B0CBD8F33218,victim,2,28:05:A5:32:D7:B5,-69,13,337,337,0,0
413547689,NODE_B0CBD8F33218,victim,2,28:05:A5:32:D7:B5,-69,13,337,337,0,0
413647693,NODE_B0CBD8F33218,victim,2,28:05:A5:32:D7:B5,-69,13,337,337,0,0
413757693,NODE_B0CBD8F33218,victim,2,28:05:A5:32:D7:B5,-69,13,337,337,0,0
413857691,NODE_B0CBD8F33218,victim,2,28:05:A5:32:D7:B5,-69,13,337,337,0,0
413957697,NODE_B0CBD8F33218,victim,2,28:05:A5:32:D7:B5,-69,13,338,338,0,0
414067697,NODE_B0CBD8F33218,victim,2,28:05:A5:32:D7:B5,-69,13,338,338,0,0
414167691,NODE_B0CBD8F33218,victim,2,28:05:A5:32:D7:B5,-69,13,338,338,0,0
414267697,NODE_B0CBD8F33218,victim,2,28:05:A5:32:D7:B5,-69,13,338,338,0,0
414377693,NODE_B0CBD8F33218,victim,2,28:05:A5:32:D7:B5,-69,13,338,338,0,0
414477689,NODE_B0CBD8F33218,victim,2,28:05:A5:32:D7:B5,-69,13,338,338,0,0
414577815,NODE_B0CBD8F33218,victim,2,28:05:A5:32:D7:B5,-69,13,338,338,0,0
414677697,NODE_B0CBD8F33218,victim,2,28:05:A5:32:D7:B5,-69,13,338,338,0,0
414787693,NODE_B0CBD8F33218,victim,2,28:05:A5:32:D7:B5,-69,13,338,338,0,0
414887691,NODE_B0CBD8F33218,victim,2,28:05:A5:32:D7:B5,-69,13,338,338,0,0
414987701,NODE_B0CBD8F33218,victim,2,28:05:A5:32:D7:B5,-69,13,339,339,0,0
415097693,NODE_B0CBD8F33218,victim,2,28:05:A5:32:D7:B5,-69,13,339,339,0,0
415197689,NODE_B0CBD8F33218,victim,2,28:05:A5:32:D7:B5,-69,13,339,339,0,0
415297695,NODE_B0CBD8F33218,victim,2,28:05:A5:32:D7:B5,-69,13,339,339,0,0
415407705,NODE_B0CBD8F33218,victim,2,28:05:A5:32:D7:B5,-69,13,339,339,0,0
415507689,NODE_B0CBD8F33218,victim,2,28:05:A5:32:D7:B5,-69,13,339,339,0,0
415607695,NODE_B0CBD8F33218,victim,2,28:05:A5:32:D7:B5,-69,13,339,339,0,0
415707689,NODE_B0CBD8F33218,victim,2,28:05:A5:32:D7:B5,-69,13,339,339,0,0
415817689,NODE_B0CBD8F33218,victim,2,28:05:A5:32:D7:B5,-69,13,339,339,0,0
415917693,NODE_B0CBD8F33218,victim,2,28:05:A5:32:D7:B5,-69,13,339,339,0,0
416017699,NODE_B0CBD8F33218,victim,2,28:05:A5:32:D7:B5,-69,13,340,340,0,0
416127697,NODE_B0CBD8F33218,victim,2,28:05:A5:32:D7:B5,-69,13,340,340,0,0
416227689,NODE_B0CBD8F33218,victim,2,28:05:A5:32:D7:B5,-69,13,340,340,0,0
416327699,NODE_B0CBD8F33218,victim,2,28:05:A5:32:D7:B5,-69,13,340,340,0,0
416437691,NODE_B0CBD8F33218,victim,2,28:05:A5:32:D7:B5,-69,13,340,340,0,0
416537689,NODE_B0CBD8F33218,victim,2,28:05:A5:32:D7:B5,-69,13,340,340,0,0
416637693,NODE_B0CBD8F33218,victim,2,28:05:A5:32:D7:B5,-69,13,340,340,0,0
416737691,NODE_B0CBD8F33218,victim,2,28:05:A5:32:D7:B5,-69,13,340,340,0,0
416847693,NODE_B0CBD8F33218,victim,2,28:05:A5:32:D7:B5,-69,13,340,340,0,0
416948481,NODE_B0CBD8F33218,victim,2,28:05:A5:32:D7:B5,-69,13,340,340,0,0
417047698,NODE_B0CBD8F33218,victim,2,28:05:A5:32:D7:B5,-69,13,341,341,0,0
417157691,NODE_B0CBD8F33218,victim,2,28:05:A5:32:D7:B5,-69,13,341,341,0,0
417257693,NODE_B0CBD8F33218,victim,2,28:05:A5:32:D7:B5,-69,13,341,341,0,0
417357705,NODE_B0CBD8F33218,victim,2,28:05:A5:32:D7:B5,-69,13,341,341,0,0
417467695,NODE_B0CBD8F33218,victim,2,28:05:A5:32:D7:B5,-69,13,341,341,0,0
417567689,NODE_B0CBD8F33218,victim,2,28:05:A5:32:D7:B5,-69,13,341,341,0,0
417667697,NODE_B0CBD8F33218,victim,2,28:05:A5:32:D7:B5,-69,13,341,341,0,0
417767691,NODE_B0CBD8F33218,victim,2,28:05:A5:32:D7:B5,-69,13,341,341,0,0
417877699,NODE_B0CBD8F33218,victim,2,28:05:A5:32:D7:B5,-68,13,341,341,0,0
417977701,NODE_B0CBD8F33218,victim,2,28:05:A5:32:D7:B5,-68,13,342,342,0,0
418077705,NODE_B0CBD8F33218,victim,2,28:05:A5:32:D7:B5,-68,13,342,342,0,0
418187694,NODE_B0CBD8F33218,victim,2,28:05:A5:32:D7:B5,-68,13,342,342,0,0
418287693,NODE_B0CBD8F33218,victim,2,28:05:A5:32:D7:B5,-68,13,342,342,0,0
418387693,NODE_B0CBD8F33218,victim,2,28:05:A5:32:D7:B5,-68,13,342,342,0,0
418497689,NODE_B0CBD8F33218,victim,2,28:05:A5:32:D7:B5,-68,13,342,342,0,0
418597695,NODE_B0CBD8F33218,victim,2,28:05:A5:32:D7:B5,-68,13,342,342,0,0
418697693,NODE_B0CBD8F33218,victim,2,28:05:A5:32:D7:B5,-68,13,342,342,0,0
418797689,NODE_B0CBD8F33218,victim,2,28:05:A5:32:D7:B5,-68,13,342,342,0,0
418907695,NODE_B0CBD8F33218,victim,2,28:05:A5:32:D7:B5,-68,13,342,342,0,0
419007697,NODE_B0CBD8F33218,victim,2,28:05:A5:32:D7:B5,-68,13,343,343,0,0
419107701,NODE_B0CBD8F33218,victim,2,28:05:A5:32:D7:B5,-68,13,343,343,0,0
419218480,NODE_B0CBD8F33218,victim,2,28:05:A5:32:D7:B5,-68,13,343,343,0,0
419317703,NODE_B0CBD8F33218,victim,2,28:05:A5:32:D7:B5,-68,13,343,343,0,0
419417701,NODE_B0CBD8F33218,victim,2,28:05:A5:32:D7:B5,-68,13,343,343,0,0
419527693,NODE_B0CBD8F33218,victim,2,28:05:A5:32:D7:B5,-68,13,343,343,0,0
419627695,NODE_B0CBD8F33218,victim,2,28:05:A5:32:D7:B5,-68,13,343,343,0,0
419727693,NODE_B0CBD8F33218,victim,2,28:05:A5:32:D7:B5,-68,13,343,343,0,0
419827689,NODE_B0CBD8F33218,victim,2,28:05:A5:32:D7:B5,-68,13,343,343,0,0
419937693,NODE_B0CBD8F33218,victim,2,28:05:A5:32:D7:B5,-67,13,343,343,0,0
420038109,NODE_B0CBD8F33218,victim,2,28:05:A5:32:D7:B5,-67,13,344,344,0,0
420137697,NODE_B0CBD8F33218,victim,2,28:05:A5:32:D7:B5,-67,13,344,344,0,0
420247693,NODE_B0CBD8F33218,victim,2,28:05:A5:32:D7:B5,-67,13,344,344,0,0
420347699,NODE_B0CBD8F33218,victim,2,28:05:A5:32:D7:B5,-67,13,344,344,0,0
420447693,NODE_B0CBD8F33218,victim,2,28:05:A5:32:D7:B5,-67,13,344,344,0,0
420557693,NODE_B0CBD8F33218,victim,2,28:05:A5:32:D7:B5,-67,13,344,344,0,0
420657693,NODE_B0CBD8F33218,victim,2,28:05:A5:32:D7:B5,-67,13,344,344,0,0
420757699,NODE_B0CBD8F33218,victim,2,28:05:A5:32:D7:B5,-67,13,344,344,0,0
420857689,NODE_B0CBD8F33218,victim,2,28:05:A5:32:D7:B5,-67,13,344,344,0,0
420967701,NODE_B0CBD8F33218,victim,2,28:05:A5:32:D7:B5,-67,13,345,345,0,0
421067699,NODE_B0CBD8F33218,victim,2,28:05:A5:32:D7:B5,-67,13,345,345,0,0
421167701,NODE_B0CBD8F33218,victim,2,28:05:A5:32:D7:B5,-67,13,345,345,0,0
421277693,NODE_B0CBD8F33218,victim,2,28:05:A5:32:D7:B5,-67,13,345,345,0,0
421377697,NODE_B0CBD8F33218,victim,2,28:05:A5:32:D7:B5,-67,13,345,345,0,0
421477699,NODE_B0CBD8F33218,victim,2,28:05:A5:32:D7:B5,-67,13,345,345,0,0
421587693,NODE_B0CBD8F33218,victim,2,28:05:A5:32:D7:B5,-67,13,345,345,0,0
421687693,NODE_B0CBD8F33218,victim,2,28:05:A5:32:D7:B5,-67,13,345,345,0,0
421787695,NODE_B0CBD8F33218,victim,2,28:05:A5:32:D7:B5,-67,13,345,345,0,0
421887693,NODE_B0CBD8F33218,victim,2,28:05:A5:32:D7:B5,-67,13,345,345,0,0
421987697,NODE_B0CBD8F33218,victim,2,28:05:A5:32:D7:B5,-67,13,346,346,0,0
422087691,NODE_B0CBD8F33218,victim,2,28:05:A5:32:D7:B5,-67,13,346,346,0,0
422197703,NODE_B0CBD8F33218,victim,2,28:05:A5:32:D7:B5,-67,13,346,346,0,0
422297697,NODE_B0CBD8F33218,victim,2,28:05:A5:32:D7:B5,-67,13,346,346,0,0
422397693,NODE_B0CBD8F33218,victim,2,28:05:A5:32:D7:B5,-67,13,346,346,0,0
422507695,NODE_B0CBD8F33218,victim,2,28:05:A5:32:D7:B5,-67,13,346,346,0,0
422607697,NODE_B0CBD8F33218,victim,2,28:05:A5:32:D7:B5,-67,13,346,346,0,0
422707689,NODE_B0CBD8F33218,victim,2,28:05:A5:32:D7:B5,-67,13,346,346,0,0
422817689,NODE_B0CBD8F33218,victim,2,28:05:A5:32:D7:B5,-67,13,346,346,0,0
422917699,NODE_B0CBD8F33218,victim,2,28:05:A5:32:D7:B5,-67,13,346,346,0,0
423017701,NODE_B0CBD8F33218,victim,2,28:05:A5:32:D7:B5,-67,13,347,347,0,0
423117689,NODE_B0CBD8F33218,victim,2,28:05:A5:32:D7:B5,-67,13,347,347,0,0
423227703,NODE_B0CBD8F33218,victim,2,28:05:A5:32:D7:B5,-67,13,347,347,0,0
423327693,NODE_B0CBD8F33218,victim,2,28:05:A5:32:D7:B5,-67,13,347,347,0,0
423427697,NODE_B0CBD8F33218,victim,2,28:05:A5:32:D7:B5,-67,13,347,347,0,0
423537697,NODE_B0CBD8F33218,victim,2,28:05:A5:32:D7:B5,-67,13,347,347,0,0
423637695,NODE_B0CBD8F33218,victim,2,28:05:A5:32:D7:B5,-67,13,347,347,0,0
423737697,NODE_B0CBD8F33218,victim,2,28:05:A5:32:D7:B5,-67,13,347,347,0,0
423847693,NODE_B0CBD8F33218,victim,2,28:05:A5:32:D7:B5,-67,13,347,347,0,0
423948481,NODE_B0CBD8F33218,victim,2,28:05:A5:32:D7:B5,-67,13,347,347,0,0
424047705,NODE_B0CBD8F33218,victim,2,28:05:A5:32:D7:B5,-69,13,348,348,0,0
424147689,NODE_B0CBD8F33218,victim,2,28:05:A5:32:D7:B5,-69,13,348,348,0,0
424257697,NODE_B0CBD8F33218,victim,2,28:05:A5:32:D7:B5,-69,13,348,348,0,0
424357695,NODE_B0CBD8F33218,victim,2,28:05:A5:32:D7:B5,-69,13,348,348,0,0
424457689,NODE_B0CBD8F33218,victim,2,28:05:A5:32:D7:B5,-69,13,348,348,0,0
424567693,NODE_B0CBD8F33218,victim,2,28:05:A5:32:D7:B5,-69,13,348,348,0,0
424667695,NODE_B0CBD8F33218,victim,2,28:05:A5:32:D7:B5,-69,13,348,348,0,0
424767689,NODE_B0CBD8F33218,victim,2,28:05:A5:32:D7:B5,-69,13,348,348,0,0
424877693,NODE_B0CBD8F33218,victim,2,28:05:A5:32:D7:B5,-69,13,348,348,0,0
424977697,NODE_B0CBD8F33218,victim,2,28:05:A5:32:D7:B5,-69,13,349,349,0,0
425077699,NODE_B0CBD8F33218,victim,2,28:05:A5:32:D7:B5,-68,13,349,349,0,0
425177689,NODE_B0CBD8F33218,victim,2,28:05:A5:32:D7:B5,-68,13,349,349,0,0
425287701,NODE_B0CBD8F33218,victim,2,28:05:A5:32:D7:B5,-68,13,349,349,0,0
425387707,NODE_B0CBD8F33218,victim,2,28:05:A5:32:D7:B5,-68,13,349,349,0,0
425487689,NODE_B0CBD8F33218,victim,2,28:05:A5:32:D7:B5,-68,13,349,349,0,0
425597767,NODE_B0CBD8F33218,victim,2,28:05:A5:32:D7:B5,-68,13,349,349,0,0
425697693,NODE_B0CBD8F33218,victim,2,28:05:A5:32:D7:B5,-68,13,349,349,0,0
425797691,NODE_B0CBD8F33218,victim,2,28:05:A5:32:D7:B5,-68,13,349,349,0,0
425907693,NODE_B0CBD8F33218,victim,2,28:05:A5:32:D7:B5,-68,13,349,349,0,0
426007697,NODE_B0CBD8F33218,victim,2,28:05:A5:32:D7:B5,-68,13,350,350,0,0
426107699,NODE_B0CBD8F33218,victim,2,28:05:A5:32:D7:B5,-68,13,350,350,0,0
426207689,NODE_B0CBD8F33218,victim,2,28:05:A5:32:D7:B5,-68,13,350,350,0,0
426317701,NODE_B0CBD8F33218,victim,2,28:05:A5:32:D7:B5,-68,13,350,350,0,0
426417693,NODE_B0CBD8F33218,victim,2,28:05:A5:32:D7:B5,-68,13,350,350,0,0
426517691,NODE_B0CBD8F33218,victim,2,28:05:A5:32:D7:B5,-68,13,350,350,0,0
426627693,NODE_B0CBD8F33218,victim,2,28:05:A5:32:D7:B5,-68,13,350,350,0,0
426727697,NODE_B0CBD8F33218,victim,2,28:05:A5:32:D7:B5,-68,13,350,350,0,0
426827691,NODE_B0CBD8F33218,victim,2,28:05:A5:32:D7:B5,-68,13,350,350,0,0
426937695,NODE_B0CBD8F33218,victim,2,28:05:A5:32:D7:B5,-68,13,350,350,0,0
427038096,NODE_B0CBD8F33218,victim,2,28:05:A5:32:D7:B5,-68,13,351,351,0,0
427137693,NODE_B0CBD8F33218,victim,2,28:05:A5:32:D7:B5,-68,13,351,351,0,0
427237695,NODE_B0CBD8F33218,victim,2,28:05:A5:32:D7:B5,-68,13,351,351,0,0
427347701,NODE_B0CBD8F33218,victim,2,28:05:A5:32:D7:B5,-68,13,351,351,0,0
427447693,NODE_B0CBD8F33218,victim,2,28:05:A5:32:D7:B5,-68,13,351,351,0,0
427547691,NODE_B0CBD8F33218,victim,2,28:05:A5:32:D7:B5,-68,13,351,351,0,0
427657695,NODE_B0CBD8F33218,victim,2,28:05:A5:32:D7:B5,-68,13,351,351,0,0
427757689,NODE_B0CBD8F33218,victim,2,28:05:A5:32:D7:B5,-68,13,351,351,0,0
427857689,NODE_B0CBD8F33218,victim,2,28:05:A5:32:D7:B5,-68,13,351,351,0,0
427967702,NODE_B0CBD8F33218,victim,2,28:05:A5:32:D7:B5,-68,13,352,352,0,0
428067689,NODE_B0CBD8F33218,victim,2,28:05:A5:32:D7:B5,-68,13,352,352,0,0
428167693,NODE_B0CBD8F33218,victim,2,28:05:A5:32:D7:B5,-68,13,352,352,0,0
428267699,NODE_B0CBD8F33218,victim,2,28:05:A5:32:D7:B5,-68,13,352,352,0,0
428377699,NODE_B0CBD8F33218,victim,2,28:05:A5:32:D7:B5,-68,13,352,352,0,0
428477689,NODE_B0CBD8F33218,victim,2,28:05:A5:32:D7:B5,-68,13,352,352,0,0
428577689,NODE_B0CBD8F33218,victim,2,28:05:A5:32:D7:B5,-68,13,352,352,0,0
428687695,NODE_B0CBD8F33218,victim,2,28:05:A5:32:D7:B5,-68,13,352,352,0,0
428787689,NODE_B0CBD8F33218,victim,2,28:05:A5:32:D7:B5,-68,13,352,352,0,0
428887689,NODE_B0CBD8F33218,victim,2,28:05:A5:32:D7:B5,-68,13,352,352,0,0
428997697,NODE_B0CBD8F33218,victim,2,28:05:A5:32:D7:B5,-68,13,352,352,0,0
429097691,NODE_B0CBD8F33218,victim,2,28:05:A5:32:D7:B5,-68,13,353,353,0,0
429197697,NODE_B0CBD8F33218,victim,2,28:05:A5:32:D7:B5,-68,13,353,353,0,0
429297697,NODE_B0CBD8F33218,victim,2,28:05:A5:32:D7:B5,-68,13,353,353,0,0
429407699,NODE_B0CBD8F33218,victim,2,28:05:A5:32:D7:B5,-68,13,353,353,0,0
429507697,NODE_B0CBD8F33218,victim,2,28:05:A5:32:D7:B5,-68,13,353,353,0,0
429607689,NODE_B0CBD8F33218,victim,2,28:05:A5:32:D7:B5,-68,13,353,353,0,0
429717697,NODE_B0CBD8F33218,victim,2,28:05:A5:32:D7:B5,-68,13,353,353,0,0
429817695,NODE_B0CBD8F33218,victim,2,28:05:A5:32:D7:B5,-68,13,353,353,0,0
429917693,NODE_B0CBD8F33218,victim,2,28:05:A5:32:D7:B5,-68,13,353,353,0,0
430027701,NODE_B0CBD8F33218,victim,2,28:05:A5:32:D7:B5,-68,13,354,354,0,0
430128489,NODE_B0CBD8F33218,victim,2,28:05:A5:32:D7:B5,-68,13,354,354,0,0
430227693,NODE_B0CBD8F33218,victim,2,28:05:A5:32:D7:B5,-68,13,354,354,0,0
430327689,NODE_B0CBD8F33218,victim,2,28:05:A5:32:D7:B5,-68,13,354,354,0,0
430437705,NODE_B0CBD8F33218,victim,2,28:05:A5:32:D7:B5,-68,13,354,354,0,0
430537695,NODE_B0CBD8F33218,victim,2,28:05:A5:32:D7:B5,-68,13,354,354,0,0
430637693,NODE_B0CBD8F33218,victim,2,28:05:A5:32:D7:B5,-68,13,354,354,0,0
430747693,NODE_B0CBD8F33218,victim,2,28:05:A5:32:D7:B5,-68,13,354,354,0,0
430847695,NODE_B0CBD8F33218,victim,2,28:05:A5:32:D7:B5,-68,13,354,354,0,0
430947693,NODE_B0CBD8F33218,victim,2,28:05:A5:32:D7:B5,-68,13,354,354,0,0
431057697,NODE_B0CBD8F33218,victim,2,28:05:A5:32:D7:B5,-68,13,355,355,0,0
431157689,NODE_B0CBD8F33218,victim,2,28:05:A5:32:D7:B5,-68,13,355,355,0,0
431257699,NODE_B0CBD8F33218,victim,2,28:05:A5:32:D7:B5,-68,13,355,355,0,0
431357701,NODE_B0CBD8F33218,victim,2,28:05:A5:32:D7:B5,-68,13,355,355,0,0
431457693,NODE_B0CBD8F33218,victim,2,28:05:A5:32:D7:B5,-68,13,355,355,0,0
431567695,NODE_B0CBD8F33218,victim,2,28:05:A5:32:D7:B5,-68,13,355,355,0,0
431667693,NODE_B0CBD8F33218,victim,2,28:05:A5:32:D7:B5,-68,13,355,355,0,0
431777693,NODE_B0CBD8F33218,victim,2,28:05:A5:32:D7:B5,-68,13,355,355,0,0
431877693,NODE_B0CBD8F33218,victim,2,28:05:A5:32:D7:B5,-68,13,355,355,0,0
431977691,NODE_B0CBD8F33218,victim,2,28:05:A5:32:D7:B5,-68,13,355,355,0,0
432087701,NODE_B0CBD8F33218,victim,2,28:05:A5:32:D7:B5,-68,13,356,356,0,0
432187689,NODE_B0CBD8F33218,victim,2,28:05:A5:32:D7:B5,-68,13,356,356,0,0
432287699,NODE_B0CBD8F33218,victim,2,28:05:A5:32:D7:B5,-68,13,356,356,0,0
432387697,NODE_B0CBD8F33218,victim,2,28:05:A5:32:D7:B5,-68,13,356,356,0,0
432487693,NODE_B0CBD8F33218,victim,2,28:05:A5:32:D7:B5,-68,13,356,356,0,0
432597693,NODE_B0CBD8F33218,victim,2,28:05:A5:32:D7:B5,-68,13,356,356,0,0
432697699,NODE_B0CBD8F33218,victim,2,28:05:A5:32:D7:B5,-68,13,356,356,0,0
432797693,NODE_B0CBD8F33218,victim,2,28:05:A5:32:D7:B5,-68,13,356,356,0,0
432907697,NODE_B0CBD8F33218,victim,2,28:05:A5:32:D7:B5,-68,13,356,356,0,0
433007699,NODE_B0CBD8F33218,victim,2,28:05:A5:32:D7:B5,-68,13,357,357,0,0
433107697,NODE_B0CBD8F33218,victim,2,28:05:A5:32:D7:B5,-68,13,357,357,0,0
433207689,NODE_B0CBD8F33218,victim,2,28:05:A5:32:D7:B5,-68,13,357,357,0,0
433317693,NODE_B0CBD8F33218,victim,2,28:05:A5:32:D7:B5,-68,13,357,357,0,0
433417707,NODE_B0CBD8F33218,victim,2,28:05:A5:32:D7:B5,-68,13,357,357,0,0
433517693,NODE_B0CBD8F33218,victim,2,28:05:A5:32:D7:B5,-68,13,357,357,0,0
433627693,NODE_B0CBD8F33218,victim,2,28:05:A5:32:D7:B5,-68,13,357,357,0,0
433727691,NODE_B0CBD8F33218,victim,2,28:05:A5:32:D7:B5,-68,13,357,357,0,0
433827689,NODE_B0CBD8F33218,victim,2,28:05:A5:32:D7:B5,-68,13,357,357,0,0
433937693,NODE_B0CBD8F33218,victim,2,28:05:A5:32:D7:B5,-68,13,357,357,0,0
434038100,NODE_B0CBD8F33218,victim,2,28:05:A5:32:D7:B5,-68,13,358,358,0,0
434137695,NODE_B0CBD8F33218,victim,2,28:05:A5:32:D7:B5,-68,13,358,358,0,0
434237693,NODE_B0CBD8F33218,victim,2,28:05:A5:32:D7:B5,-68,13,358,358,0,0
434347697,NODE_B0CBD8F33218,victim,2,28:05:A5:32:D7:B5,-68,13,358,358,0,0
434447695,NODE_B0CBD8F33218,victim,2,28:05:A5:32:D7:B5,-68,13,358,358,0,0
434547689,NODE_B0CBD8F33218,victim,2,28:05:A5:32:D7:B5,-68,13,358,358,0,0
434657693,NODE_B0CBD8F33218,victim,2,28:05:A5:32:D7:B5,-68,13,358,358,0,0
434757689,NODE_B0CBD8F33218,victim,2,28:05:A5:32:D7:B5,-68,13,358,358,0,0
434857691,NODE_B0CBD8F33218,victim,2,28:05:A5:32:D7:B5,-68,13,358,358,0,0
434967693,NODE_B0CBD8F33218,victim,2,28:05:A5:32:D7:B5,-68,13,358,358,0,0
435067697,NODE_B0CBD8F33218,victim,2,28:05:A5:32:D7:B5,-68,13,359,359,0,0
435167695,NODE_B0CBD8F33218,victim,2,28:05:A5:32:D7:B5,-68,13,359,359,0,0
435267693,NODE_B0CBD8F33218,victim,2,28:05:A5:32:D7:B5,-68,13,359,359,0,0
435377705,NODE_B0CBD8F33218,victim,2,28:05:A5:32:D7:B5,-68,13,359,359,0,0
435477693,NODE_B0CBD8F33218,victim,2,28:05:A5:32:D7:B5,-68,13,359,359,0,0
435577699,NODE_B0CBD8F33218,victim,2,28:05:A5:32:D7:B5,-68,13,359,359,0,0
435687697,NODE_B0CBD8F33218,victim,2,28:05:A5:32:D7:B5,-68,13,359,359,0,0
435787689,NODE_B0CBD8F33218,victim,2,28:05:A5:32:D7:B5,-68,13,359,359,0,0
435887695,NODE_B0CBD8F33218,victim,2,28:05:A5:32:D7:B5,-68,13,359,359,0,0
435998488,NODE_B0CBD8F33218,victim,2,28:05:A5:32:D7:B5,-68,13,359,359,0,0
436097701,NODE_B0CBD8F33218,victim,2,28:05:A5:32:D7:B5,-68,13,360,360,0,0
436197693,NODE_B0CBD8F33218,victim,2,28:05:A5:32:D7:B5,-68,13,360,360,0,0
436297695,NODE_B0CBD8F33218,victim,2,28:05:A5:32:D7:B5,-68,13,360,360,0,0
436407693,NODE_B0CBD8F33218,victim,2,28:05:A5:32:D7:B5,-68,13,360,360,0,0
436507697,NODE_B0CBD8F33218,victim,2,28:05:A5:32:D7:B5,-68,13,360,360,0,0
436607797,NODE_B0CBD8F33218,victim,2,28:05:A5:32:D7:B5,-68,13,360,360,0,0
436717691,NODE_B0CBD8F33218,victim,2,28:05:A5:32:D7:B5,-68,13,360,360,0,0
436817689,NODE_B0CBD8F33218,victim,2,28:05:A5:32:D7:B5,-68,13,360,360,0,0
436917693,NODE_B0CBD8F33218,victim,2,28:05:A5:32:D7:B5,-68,13,360,360,0,0
437027699,NODE_B0CBD8F33218,victim,2,28:05:A5:32:D7:B5,-68,13,361,361,0,0
437127689,NODE_B0CBD8F33218,victim,2,28:05:A5:32:D7:B5,-68,13,361,361,0,0
437227697,NODE_B0CBD8F33218,victim,2,28:05:A5:32:D7:B5,-68,13,361,361,0,0
437327699,NODE_B0CBD8F33218,victim,2,28:05:A5:32:D7:B5,-69,13,361,361,0,0
437437699,NODE_B0CBD8F33218,victim,2,28:05:A5:32:D7:B5,-69,13,361,361,0,0
437537693,NODE_B0CBD8F33218,victim,2,28:05:A5:32:D7:B5,-69,13,361,361,0,0
437637701,NODE_B0CBD8F33218,victim,2,28:05:A5:32:D7:B5,-69,13,361,361,0,0
437747690,NODE_B0CBD8F33218,victim,2,28:05:A5:32:D7:B5,-69,13,361,361,0,0
437847689,NODE_B0CBD8F33218,victim,2,28:05:A5:32:D7:B5,-69,13,361,361,0,0
437947697,NODE_B0CBD8F33218,victim,2,28:05:A5:32:D7:B5,-69,13,361,361,0,0
438057697,NODE_B0CBD8F33218,victim,2,28:05:A5:32:D7:B5,-69,13,362,362,0,0
438157691,NODE_B0CBD8F33218,victim,2,28:05:A5:32:D7:B5,-69,13,362,362,0,0
438257693,NODE_B0CBD8F33218,victim,2,28:05:A5:32:D7:B5,-69,13,362,362,0,0
438357697,NODE_B0CBD8F33218,victim,2,28:05:A5:32:D7:B5,-68,13,362,362,0,0
438467695,NODE_B0CBD8F33218,victim,2,28:05:A5:32:D7:B5,-68,13,362,362,0,0
438567697,NODE_B0CBD8F33218,victim,2,28:05:A5:32:D7:B5,-68,13,362,362,0,0
438667693,NODE_B0CBD8F33218,victim,2,28:05:A5:32:D7:B5,-68,13,362,362,0,0
438777693,NODE_B0CBD8F33218,victim,2,28:05:A5:32:D7:B5,-68,13,362,362,0,0
438877695,NODE_B0CBD8F33218,victim,2,28:05:A5:32:D7:B5,-68,13,362,362,0,0
438977697,NODE_B0CBD8F33218,victim,2,28:05:A5:32:D7:B5,-68,13,362,362,0,0
439087701,NODE_B0CBD8F33218,victim,2,28:05:A5:32:D7:B5,-68,13,363,363,0,0
439187691,NODE_B0CBD8F33218,victim,2,28:05:A5:32:D7:B5,-68,13,363,363,0,0
439287693,NODE_B0CBD8F33218,victim,2,28:05:A5:32:D7:B5,-68,13,363,363,0,0
439387701,NODE_B0CBD8F33218,victim,2,28:05:A5:32:D7:B5,-69,13,363,363,0,0
439497689,NODE_B0CBD8F33218,victim,2,28:05:A5:32:D7:B5,-69,13,363,363,0,0
439597699,NODE_B0CBD8F33218,victim,2,28:05:A5:32:D7:B5,-69,13,363,363,0,0
439697693,NODE_B0CBD8F33218,victim,2,28:05:A5:32:D7:B5,-69,13,363,363,0,0
439807697,NODE_B0CBD8F33218,victim,2,28:05:A5:32:D7:B5,-69,13,363,363,3,0
439907703,NODE_B0CBD8F33218,victim,2,28:05:A5:32:D7:B5,-69,13,363,363,3,0
440007701,NODE_B0CBD8F33218,victim,2,28:05:A5:32:D7:B5,-69,13,364,364,3,0
440117697,NODE_B0CBD8F33218,victim,2,28:05:A5:32:D7:B5,-69,13,364,364,3,0
440217693,NODE_B0CBD8F33218,victim,2,28:05:A5:32:D7:B5,-69,13,364,364,3,0
440317695,NODE_B0CBD8F33218,victim,2,28:05:A5:32:D7:B5,-69,13,364,364,3,0
440417697,NODE_B0CBD8F33218,victim,2,28:05:A5:32:D7:B5,-69,13,364,364,3,0
440527693,NODE_B0CBD8F33218,victim,2,28:05:A5:32:D7:B5,-69,13,364,364,3,0
440627699,NODE_B0CBD8F33218,victim,2,28:05:A5:32:D7:B5,-69,13,364,364,3,0
440727693,NODE_B0CBD8F33218,victim,2,28:05:A5:32:D7:B5,-69,13,364,364,3,0
440837693,NODE_B0CBD8F33218,victim,2,28:05:A5:32:D7:B5,-69,13,364,364,3,0
440937693,NODE_B0CBD8F33218,victim,2,28:05:A5:32:D7:B5,-69,13,364,364,3,0
441038105,NODE_B0CBD8F33218,victim,2,28:05:A5:32:D7:B5,-69,13,365,365,3,0
441147693,NODE_B0CBD8F33218,victim,2,28:05:A5:32:D7:B5,-69,13,365,365,3,0
441247693,NODE_B0CBD8F33218,victim,2,28:05:A5:32:D7:B5,-69,13,365,365,3,0
441347707,NODE_B0CBD8F33218,victim,2,28:05:A5:32:D7:B5,-69,13,365,365,3,0
441447689,NODE_B0CBD8F33218,victim,2,28:05:A5:32:D7:B5,-69,13,365,365,3,0
441547689,NODE_B0CBD8F33218,victim,2,28:05:A5:32:D7:B5,-69,13,365,365,3,0
441647699,NODE_B0CBD8F33218,victim,2,28:05:A5:32:D7:B5,-69,13,365,365,3,0
441757699,NODE_B0CBD8F33218,victim,2,28:05:A5:32:D7:B5,-69,13,365,365,3,0
441857693,NODE_B0CBD8F33218,victim,2,28:05:A5:32:D7:B5,-69,13,365,365,3,0
441957697,NODE_B0CBD8F33218,victim,2,28:05:A5:32:D7:B5,-69,13,365,365,3,0
442067703,NODE_B0CBD8F33218,victim,2,28:05:A5:32:D7:B5,-69,13,366,366,3,0
442177695,NODE_B0CBD8F33218,victim,2,28:05:A5:32:D7:B5,-69,13,366,366,3,0
442277693,NODE_B0CBD8F33218,victim,2,28:05:A5:32:D7:B5,-69,13,366,366,3,0
442377693,NODE_B0CBD8F33218,victim,2,28:05:A5:32:D7:B5,-69,13,366,366,3,0
442477691,NODE_B0CBD8F33218,victim,2,28:05:A5:32:D7:B5,-69,13,366,366,3,0
442577689,NODE_B0CBD8F33218,victim,2,28:05:A5:32:D7:B5,-69,13,366,366,3,0
442677697,NODE_B0CBD8F33218,victim,2,28:05:A5:32:D7:B5,-69,13,366,366,3,0
442787695,NODE_B0CBD8F33218,victim,2,28:05:A5:32:D7:B5,-69,13,366,366,3,0
442887697,NODE_B0CBD8F33218,victim,2,28:05:A5:32:D7:B5,-69,13,366,366,3,0
442987689,NODE_B0CBD8F33218,victim,2,28:05:A5:32:D7:B5,-69,13,366,366,3,0
443097701,NODE_B0CBD8F33218,victim,2,28:05:A5:32:D7:B5,-69,13,367,367,3,0
443197695,NODE_B0CBD8F33218,victim,2,28:05:A5:32:D7:B5,-69,13,367,367,3,0
443297697,NODE_B0CBD8F33218,victim,2,28:05:A5:32:D7:B5,-69,13,367,367,3,0
443407701,NODE_B0CBD8F33218,victim,2,28:05:A5:32:D7:B5,-69,13,367,367,3,0
443507691,NODE_B0CBD8F33218,victim,2,28:05:A5:32:D7:B5,-69,13,367,367,3,0
443607689,NODE_B0CBD8F33218,victim,2,28:05:A5:32:D7:B5,-69,13,367,367,3,0
443707697,NODE_B0CBD8F33218,victim,2,28:05:A5:32:D7:B5,-69,13,367,367,3,0
443817693,NODE_B0CBD8F33218,victim,2,28:05:A5:32:D7:B5,-69,13,367,367,3,0
443917695,NODE_B0CBD8F33218,victim,2,28:05:A5:32:D7:B5,-69,13,367,367,3,0
444017697,NODE_B0CBD8F33218,victim,2,28:05:A5:32:D7:B5,-69,13,368,368,3,0
444127697,NODE_B0CBD8F33218,victim,2,28:05:A5:32:D7:B5,-69,13,368,368,3,0
444227695,NODE_B0CBD8F33218,victim,2,28:05:A5:32:D7:B5,-69,13,368,368,3,0
444328342,NODE_B0CBD8F33218,victim,2,28:05:A5:32:D7:B5,-69,13,368,368,3,0
444437693,NODE_B0CBD8F33218,victim,2,28:05:A5:32:D7:B5,-69,13,368,368,3,0
444537689,NODE_B0CBD8F33218,victim,2,28:05:A5:32:D7:B5,-69,13,368,368,3,0
444637695,NODE_B0CBD8F33218,victim,2,28:05:A5:32:D7:B5,-69,13,368,368,3,0
444737701,NODE_B0CBD8F33218,victim,2,28:05:A5:32:D7:B5,-69,13,368,368,3,0
444847693,NODE_B0CBD8F33218,victim,2,28:05:A5:32:D7:B5,-69,13,368,368,3,0
444947695,NODE_B0CBD8F33218,victim,2,28:05:A5:32:D7:B5,-69,13,368,368,3,0
445047701,NODE_B0CBD8F33218,victim,2,28:05:A5:32:D7:B5,-69,13,369,369,3,0
445157693,NODE_B0CBD8F33218,victim,2,28:05:A5:32:D7:B5,-69,13,369,369,3,0
445257693,NODE_B0CBD8F33218,victim,2,28:05:A5:32:D7:B5,-69,13,369,369,3,0
445357707,NODE_B0CBD8F33218,victim,2,28:05:A5:32:D7:B5,-69,13,369,369,3,0
445467689,NODE_B0CBD8F33218,victim,2,28:05:A5:32:D7:B5,-69,13,369,369,3,0
445567689,NODE_B0CBD8F33218,victim,2,28:05:A5:32:D7:B5,-69,13,369,369,3,0
445667695,NODE_B0CBD8F33218,victim,2,28:05:A5:32:D7:B5,-69,13,369,369,3,0
445767697,NODE_B0CBD8F33218,victim,2,28:05:A5:32:D7:B5,-69,13,369,369,3,0
445877693,NODE_B0CBD8F33218,victim,2,28:05:A5:32:D7:B5,-69,13,369,369,3,0
445977693,NODE_B0CBD8F33218,victim,2,28:05:A5:32:D7:B5,-69,13,369,369,3,0
446077699,NODE_B0CBD8F33218,victim,2,28:05:A5:32:D7:B5,-69,13,370,370,3,0
446187693,NODE_B0CBD8F33218,victim,2,28:05:A5:32:D7:B5,-69,13,370,370,3,0
446287697,NODE_B0CBD8F33218,victim,2,28:05:A5:32:D7:B5,-69,13,370,370,3,0
446387695,NODE_B0CBD8F33218,victim,2,28:05:A5:32:D7:B5,-69,13,370,370,3,0
446497691,NODE_B0CBD8F33218,victim,2,28:05:A5:32:D7:B5,-69,13,370,370,3,0
446597689,NODE_B0CBD8F33218,victim,2,28:05:A5:32:D7:B5,-69,13,370,370,3,0
446697693,NODE_B0CBD8F33218,victim,2,28:05:A5:32:D7:B5,-69,13,370,370,3,0
446797699,NODE_B0CBD8F33218,victim,2,28:05:A5:32:D7:B5,-69,13,370,370,3,0
446907693,NODE_B0CBD8F33218,victim,2,28:05:A5:32:D7:B5,-69,13,370,370,3,0
447007693,NODE_B0CBD8F33218,victim,2,28:05:A5:32:D7:B5,-69,13,371,371,3,0
447107695,NODE_B0CBD8F33218,victim,2,28:05:A5:32:D7:B5,-69,13,371,371,3,0
447217699,NODE_B0CBD8F33218,victim,2,28:05:A5:32:D7:B5,-69,13,371,371,3,0
447317697,NODE_B0CBD8F33218,victim,2,28:05:A5:32:D7:B5,-69,13,371,371,3,0
447417697,NODE_B0CBD8F33218,victim,2,28:05:A5:32:D7:B5,-69,13,371,371,3,0
447527699,NODE_B0CBD8F33218,victim,2,28:05:A5:32:D7:B5,-69,13,371,371,3,0
447627689,NODE_B0CBD8F33218,victim,2,28:05:A5:32:D7:B5,-69,13,371,371,3,0
447727697,NODE_B0CBD8F33218,victim,2,28:05:A5:32:D7:B5,-69,13,371,371,3,0
447827699,NODE_B0CBD8F33218,victim,2,28:05:A5:32:D7:B5,-69,13,371,371,3,0
447937699,NODE_B0CBD8F33218,victim,2,28:05:A5:32:D7:B5,-69,13,371,371,3,0
448038108,NODE_B0CBD8F33218,victim,2,28:05:A5:32:D7:B5,-69,13,372,372,3,0
448137689,NODE_B0CBD8F33218,victim,2,28:05:A5:32:D7:B5,-69,13,372,372,3,0
448247695,NODE_B0CBD8F33218,victim,2,28:05:A5:32:D7:B5,-69,13,372,372,3,0
448347693,NODE_B0CBD8F33218,victim,2,28:05:A5:32:D7:B5,-69,13,372,372,3,0
448447689,NODE_B0CBD8F33218,victim,2,28:05:A5:32:D7:B5,-69,13,372,372,3,0
448557689,NODE_B0CBD8F33218,victim,2,28:05:A5:32:D7:B5,-69,13,372,372,3,0
448657695,NODE_B0CBD8F33218,victim,2,28:05:A5:32:D7:B5,-68,13,372,372,3,0
448757693,NODE_B0CBD8F33218,victim,2,28:05:A5:32:D7:B5,-68,13,372,372,3,0
448857697,NODE_B0CBD8F33218,victim,2,28:05:A5:32:D7:B5,-68,13,372,372,3,0
448967695,NODE_B0CBD8F33218,victim,2,28:05:A5:32:D7:B5,-68,13,372,372,3,0
449067701,NODE_B0CBD8F33218,victim,2,28:05:A5:32:D7:B5,-68,13,373,373,3,0
449167689,NODE_B0CBD8F33218,victim,2,28:05:A5:32:D7:B5,-68,13,373,373,3,0
449277697,NODE_B0CBD8F33218,victim,2,28:05:A5:32:D7:B5,-68,13,373,373,3,0
449377703,NODE_B0CBD8F33218,victim,2,28:05:A5:32:D7:B5,-68,13,373,373,3,0
449477689,NODE_B0CBD8F33218,victim,2,28:05:A5:32:D7:B5,-68,13,373,373,3,0
449587689,NODE_B0CBD8F33218,victim,2,28:05:A5:32:D7:B5,-69,13,373,373,3,0
449687695,NODE_B0CBD8F33218,victim,2,28:05:A5:32:D7:B5,-69,13,373,373,3,0
449787697,NODE_B0CBD8F33218,victim,2,28:05:A5:32:D7:B5,-69,13,373,373,3,0
449887693,NODE_B0CBD8F33218,victim,2,28:05:A5:32:D7:B5,-69,13,373,373,3,0
449998492,NODE_B0CBD8F33218,victim,2,28:05:A5:32:D7:B5,-69,13,373,373,3,0
450097691,NODE_B0CBD8F33218,victim,2,28:05:A5:32:D7:B5,-69,13,374,374,3,0
450197689,NODE_B0CBD8F33218,victim,2,28:05:A5:32:D7:B5,-69,13,374,374,3,0
450307701,NODE_B0CBD8F33218,victim,2,28:05:A5:32:D7:B5,-69,13,374,374,3,0
450407695,NODE_B0CBD8F33218,victim,2,28:05:A5:32:D7:B5,-69,13,374,374,3,0
450507689,NODE_B0CBD8F33218,victim,2,28:05:A5:32:D7:B5,-69,13,374,374,3,0
450617693,NODE_B0CBD8F33218,victim,2,28:05:A5:32:D7:B5,-70,13,374,374,3,0
450717697,NODE_B0CBD8F33218,victim,2,28:05:A5:32:D7:B5,-70,13,374,374,3,0
450817699,NODE_B0CBD8F33218,victim,2,28:05:A5:32:D7:B5,-70,13,374,374,3,0
450917693,NODE_B0CBD8F33218,victim,2,28:05:A5:32:D7:B5,-70,13,374,374,3,0
451027701,NODE_B0CBD8F33218,victim,2,28:05:A5:32:D7:B5,-70,13,375,375,3,0
451127699,NODE_B0CBD8F33218,victim,2,28:05:A5:32:D7:B5,-70,13,375,375,3,0
451227689,NODE_B0CBD8F33218,victim,2,28:05:A5:32:D7:B5,-70,13,375,375,3,0
451337701,NODE_B0CBD8F33218,victim,2,28:05:A5:32:D7:B5,-70,13,375,375,3,0
451437693,NODE_B0CBD8F33218,victim,2,28:05:A5:32:D7:B5,-70,13,375,375,3,0
451537691,NODE_B0CBD8F33218,victim,2,28:05:A5:32:D7:B5,-70,13,375,375,3,0
451647693,NODE_B0CBD8F33218,victim,2,28:05:A5:32:D7:B5,-69,13,375,375,3,0
451747689,NODE_B0CBD8F33218,victim,2,28:05:A5:32:D7:B5,-69,13,375,375,3,0
451847699,NODE_B0CBD8F33218,victim,2,28:05:A5:32:D7:B5,-69,13,375,375,3,0
451947693,NODE_B0CBD8F33218,victim,2,28:05:A5:32:D7:B5,-69,13,375,375,3,0
452047697,NODE_B0CBD8F33218,victim,2,28:05:A5:32:D7:B5,-69,13,376,376,3,0
452157693,NODE_B0CBD8F33218,victim,2,28:05:A5:32:D7:B5,-69,13,376,376,3,0
452257699,NODE_B0CBD8F33218,victim,2,28:05:A5:32:D7:B5,-69,13,376,376,3,0
452357693,NODE_B0CBD8F33218,victim,2,28:05:A5:32:D7:B5,-69,13,376,376,3,0
452467693,NODE_B0CBD8F33218,victim,2,28:05:A5:32:D7:B5,-69,13,376,376,3,0
452567691,NODE_B0CBD8F33218,victim,2,28:05:A5:32:D7:B5,-69,13,376,376,3,0
452677695,NODE_B0CBD8F33218,victim,2,28:05:A5:32:D7:B5,-68,13,376,376,3,0
452777689,NODE_B0CBD8F33218,victim,2,28:05:A5:32:D7:B5,-68,13,376,376,3,0
452878239,NODE_B0CBD8F33218,victim,2,28:05:A5:32:D7:B5,-68,13,376,376,3,0
452977687,NODE_B0CBD8F33218,victim,2,28:05:A5:32:D7:B5,-68,13,376,376,3,0
453077697,NODE_B0CBD8F33218,victim,2,28:05:A5:32:D7:B5,-68,13,377,377,3,0
453187693,NODE_B0CBD8F33218,victim,2,28:05:A5:32:D7:B5,-68,13,377,377,3,0
453287694,NODE_B0CBD8F33218,victim,2,28:05:A5:32:D7:B5,-68,13,377,377,3,0
453387701,NODE_B0CBD8F33218,victim,2,28:05:A5:32:D7:B5,-68,13,377,377,3,0
453497689,NODE_B0CBD8F33218,victim,2,28:05:A5:32:D7:B5,-68,13,377,377,3,0
453597689,NODE_B0CBD8F33218,victim,2,28:05:A5:32:D7:B5,-68,13,377,377,3,0
453697966,NODE_B0CBD8F33218,victim,2,28:05:A5:32:D7:B5,-68,13,377,377,3,0
453797689,NODE_B0CBD8F33218,victim,2,28:05:A5:32:D7:B5,-68,13,377,377,3,0
453907697,NODE_B0CBD8F33218,victim,2,28:05:A5:32:D7:B5,-68,13,377,377,3,0
454007703,NODE_B0CBD8F33218,victim,2,28:05:A5:32:D7:B5,-68,13,378,378,3,0
454107697,NODE_B0CBD8F33218,victim,2,28:05:A5:32:D7:B5,-68,13,378,378,3,0
454217918,NODE_B0CBD8F33218,victim,2,28:05:A5:32:D7:B5,-68,13,378,378,3,0
454317693,NODE_B0CBD8F33218,victim,2,28:05:A5:32:D7:B5,-68,13,378,378,3,0
454417695,NODE_B0CBD8F33218,victim,2,28:05:A5:32:D7:B5,-68,13,378,378,3,0
454527689,NODE_B0CBD8F33218,victim,2,28:05:A5:32:D7:B5,-68,13,378,378,3,0
454627689,NODE_B0CBD8F33218,victim,2,28:05:A5:32:D7:B5,-68,13,378,378,3,0
454727695,NODE_B0CBD8F33218,victim,2,28:05:A5:32:D7:B5,-68,13,378,378,3,0
454827689,NODE_B0CBD8F33218,victim,2,28:05:A5:32:D7:B5,-68,13,378,378,3,0
454937697,NODE_B0CBD8F33218,victim,2,28:05:A5:32:D7:B5,-68,13,378,378,3,0
455038096,NODE_B0CBD8F33218,victim,2,28:05:A5:32:D7:B5,-68,13,379,379,3,0
455137695,NODE_B0CBD8F33218,victim,2,28:05:A5:32:D7:B5,-68,13,379,379,3,0
455247693,NODE_B0CBD8F33218,victim,2,28:05:A5:32:D7:B5,-68,13,379,379,3,0
455347705,NODE_B0CBD8F33218,victim,2,28:05:A5:32:D7:B5,-68,13,379,379,3,0
455447694,NODE_B0CBD8F33218,victim,2,28:05:A5:32:D7:B5,-68,13,379,379,3,0
455557695,NODE_B0CBD8F33218,victim,2,28:05:A5:32:D7:B5,-68,13,379,379,3,0
455657689,NODE_B0CBD8F33218,victim,2,28:05:A5:32:D7:B5,-68,13,379,379,3,0
455757693,NODE_B0CBD8F33218,victim,2,28:05:A5:32:D7:B5,-68,13,379,379,3,0
455857691,NODE_B0CBD8F33218,victim,2,28:05:A5:32:D7:B5,-68,13,379,379,3,0
455967697,NODE_B0CBD8F33218,victim,2,28:05:A5:32:D7:B5,-68,13,379,379,3,0
456067697,NODE_B0CBD8F33218,victim,2,28:05:A5:32:D7:B5,-68,13,380,380,3,0
456167695,NODE_B0CBD8F33218,victim,2,28:05:A5:32:D7:B5,-68,13,380,380,3,0
456277695,NODE_B0CBD8F33218,victim,2,28:05:A5:32:D7:B5,-68,13,380,380,3,0
456377701,NODE_B0CBD8F33218,victim,2,28:05:A5:32:D7:B5,-68,13,380,380,3,0
456477697,NODE_B0CBD8F33218,victim,2,28:05:A5:32:D7:B5,-68,13,380,380,3,0
456587695,NODE_B0CBD8F33218,victim,2,28:05:A5:32:D7:B5,-68,13,380,380,3,0
456687697,NODE_B0CBD8F33218,victim,2,28:05:A5:32:D7:B5,-68,13,380,380,3,0
456787693,NODE_B0CBD8F33218,victim,2,28:05:A5:32:D7:B5,-68,13,380,380,3,0
456887695,NODE_B0CBD8F33218,victim,2,28:05:A5:32:D7:B5,-68,13,380,380,3,0
456998472,NODE_B0CBD8F33218,victim,2,28:05:A5:32:D7:B5,-68,13,380,380,3,0
457097701,NODE_B0CBD8F33218,victim,2,28:05:A5:32:D7:B5,-68,13,381,381,3,0
457197689,NODE_B0CBD8F33218,victim,2,28:05:A5:32:D7:B5,-68,13,381,381,3,0
457307691,NODE_B0CBD8F33218,victim,2,28:05:A5:32:D7:B5,-68,13,381,381,3,0
457407701,NODE_B0CBD8F33218,victim,2,28:05:A5:32:D7:B5,-68,13,381,381,3,0
457507685,NODE_B0CBD8F33218,victim,2,28:05:A5:32:D7:B5,-68,13,381,381,3,0
457617693,NODE_B0CBD8F33218,victim,2,28:05:A5:32:D7:B5,-68,13,381,381,3,0
457717691,NODE_B0CBD8F33218,victim,2,28:05:A5:32:D7:B5,-68,13,381,381,3,0
457817693,NODE_B0CBD8F33218,victim,2,28:05:A5:32:D7:B5,-69,13,381,381,3,0
457917693,NODE_B0CBD8F33218,victim,2,28:05:A5:32:D7:B5,-69,13,381,381,3,0
458027699,NODE_B0CBD8F33218,victim,2,28:05:A5:32:D7:B5,-69,13,382,382,3,0
458127689,NODE_B0CBD8F33218,victim,2,28:05:A5:32:D7:B5,-69,13,382,382,3,0
458227693,NODE_B0CBD8F33218,victim,2,28:05:A5:32:D7:B5,-69,13,382,382,3,0
458337921,NODE_B0CBD8F33218,victim,2,28:05:A5:32:D7:B5,-69,13,382,382,3,0
458437699,NODE_B0CBD8F33218,victim,2,28:05:A5:32:D7:B5,-69,13,382,382,3,0
458537693,NODE_B0CBD8F33218,victim,2,28:05:A5:32:D7:B5,-69,13,382,382,3,0
458647693,NODE_B0CBD8F33218,victim,2,28:05:A5:32:D7:B5,-69,13,382,382,3,0
458747691,NODE_B0CBD8F33218,victim,2,28:05:A5:32:D7:B5,-69,13,382,382,3,0
458847693,NODE_B0CBD8F33218,victim,2,28:05:A5:32:D7:B5,-68,13,382,382,3,0
458947693,NODE_B0CBD8F33218,victim,2,28:05:A5:32:D7:B5,-68,13,382,382,3,0
459057701,NODE_B0CBD8F33218,victim,2,28:05:A5:32:D7:B5,-68,13,383,383,3,0
459157691,NODE_B0CBD8F33218,victim,2,28:05:A5:32:D7:B5,-68,13,383,383,3,0
459257693,NODE_B0CBD8F33218,victim,2,28:05:A5:32:D7:B5,-68,13,383,383,3,0
459367705,NODE_B0CBD8F33218,victim,2,28:05:A5:32:D7:B5,-68,13,383,383,3,0
459467691,NODE_B0CBD8F33218,victim,2,28:05:A5:32:D7:B5,-68,13,383,383,3,0
459567693,NODE_B0CBD8F33218,victim,2,28:05:A5:32:D7:B5,-68,13,383,383,3,0
459677693,NODE_B0CBD8F33218,victim,2,28:05:A5:32:D7:B5,-68,13,383,383,3,0
459777697,NODE_B0CBD8F33218,victim,2,28:05:A5:32:D7:B5,-68,13,383,383,3,0
459877695,NODE_B0CBD8F33218,victim,2,28:05:A5:32:D7:B5,-68,13,383,383,3,0
459977697,NODE_B0CBD8F33218,victim,2,28:05:A5:32:D7:B5,-68,13,383,383,3,0
460087701,NODE_B0CBD8F33218,victim,2,28:05:A5:32:D7:B5,-68,13,384,384,3,0
460187691,NODE_B0CBD8F33218,victim,2,28:05:A5:32:D7:B5,-68,13,384,384,3,0
460287693,NODE_B0CBD8F33218,victim,2,28:05:A5:32:D7:B5,-68,13,384,384,3,0
460397697,NODE_B0CBD8F33218,victim,2,28:05:A5:32:D7:B5,-68,13,384,384,3,0
460497689,NODE_B0CBD8F33218,victim,2,28:05:A5:32:D7:B5,-68,13,384,384,3,0
460597695,NODE_B0CBD8F33218,victim,2,28:05:A5:32:D7:B5,-68,13,384,384,3,0
460707693,NODE_B0CBD8F33218,victim,2,28:05:A5:32:D7:B5,-68,13,384,384,3,0
460807693,NODE_B0CBD8F33218,victim,2,28:05:A5:32:D7:B5,-68,13,384,384,3,0
460907695,NODE_B0CBD8F33218,victim,2,28:05:A5:32:D7:B5,-68,13,384,384,3,0
461007693,NODE_B0CBD8F33218,victim,2,28:05:A5:32:D7:B5,-68,13,384,384,3,0
461107701,NODE_B0CBD8F33218,victim,2,28:05:A5:32:D7:B5,-68,13,385,385,3,0
461207691,NODE_B0CBD8F33218,victim,2,28:05:A5:32:D7:B5,-68,13,385,385,3,0
461317703,NODE_B0CBD8F33218,victim,2,28:05:A5:32:D7:B5,-68,13,385,385,3,0
461427701,NODE_B0CBD8F33218,victim,2,28:05:A5:32:D7:B5,-68,13,385,385,3,0
461527689,NODE_B0CBD8F33218,victim,2,28:05:A5:32:D7:B5,-68,13,385,385,3,0
461627691,NODE_B0CBD8F33218,victim,2,28:05:A5:32:D7:B5,-68,13,385,385,3,0
461737691,NODE_B0CBD8F33218,victim,2,28:05:A5:32:D7:B5,-68,13,385,385,3,0
461837693,NODE_B0CBD8F33218,victim,2,28:05:A5:32:D7:B5,-68,13,385,385,3,0
461937693,NODE_B0CBD8F33218,victim,2,28:05:A5:32:D7:B5,-69,13,385,385,3,0
462038105,NODE_B0CBD8F33218,victim,2,28:05:A5:32:D7:B5,-69,13,386,386,3,0
462137697,NODE_B0CBD8F33218,victim,2,28:05:A5:32:D7:B5,-69,13,386,386,3,0
462237693,NODE_B0CBD8F33218,victim,2,28:05:A5:32:D7:B5,-69,13,386,386,3,0
462347699,NODE_B0CBD8F33218,victim,2,28:05:A5:32:D7:B5,-69,13,386,386,3,0
462447693,NODE_B0CBD8F33218,victim,2,28:05:A5:32:D7:B5,-69,13,386,386,3,0
462547689,NODE_B0CBD8F33218,victim,2,28:05:A5:32:D7:B5,-69,13,386,386,3,0
462657693,NODE_B0CBD8F33218,victim,2,28:05:A5:32:D7:B5,-69,13,386,386,3,0
462757695,NODE_B0CBD8F33218,victim,2,28:05:A5:32:D7:B5,-69,13,386,386,3,0
462857693,NODE_B0CBD8F33218,victim,2,28:05:A5:32:D7:B5,-69,13,386,386,3,0
462967697,NODE_B0CBD8F33218,victim,2,28:05:A5:32:D7:B5,-68,13,386,386,3,0
463067699,NODE_B0CBD8F33218,victim,2,28:05:A5:32:D7:B5,-68,13,387,387,3,0
463167697,NODE_B0CBD8F33218,victim,2,28:05:A5:32:D7:B5,-68,13,387,387,3,0
463267693,NODE_B0CBD8F33218,victim,2,28:05:A5:32:D7:B5,-68,13,387,387,3,0
463377701,NODE_B0CBD8F33218,victim,2,28:05:A5:32:D7:B5,-68,13,387,387,3,0
463477695,NODE_B0CBD8F33218,victim,2,28:05:A5:32:D7:B5,-68,13,387,387,3,0
463577689,NODE_B0CBD8F33218,victim,2,28:05:A5:32:D7:B5,-68,13,387,387,3,0
463687693,NODE_B0CBD8F33218,victim,2,28:05:A5:32:D7:B5,-68,13,387,387,3,0
463787695,NODE_B0CBD8F33218,victim,2,28:05:A5:32:D7:B5,-68,13,387,387,3,0
463887693,NODE_B0CBD8F33218,victim,2,28:05:A5:32:D7:B5,-68,13,387,387,3,0
463997693,NODE_B0CBD8F33218,victim,2,28:05:A5:32:D7:B5,-68,13,387,387,3,0
464097697,NODE_B0CBD8F33218,victim,2,28:05:A5:32:D7:B5,-68,13,388,388,3,0
464197699,NODE_B0CBD8F33218,victim,2,28:05:A5:32:D7:B5,-68,13,388,388,3,0
464297693,NODE_B0CBD8F33218,victim,2,28:05:A5:32:D7:B5,-68,13,388,388,3,0
464407693,NODE_B0CBD8F33218,victim,2,28:05:A5:32:D7:B5,-68,13,388,388,3,0
464507695,NODE_B0CBD8F33218,victim,2,28:05:A5:32:D7:B5,-68,13,388,388,3,0
464607689,NODE_B0CBD8F33218,victim,2,28:05:A5:32:D7:B5,-68,13,388,388,3,0
464717693,NODE_B0CBD8F33218,victim,2,28:05:A5:32:D7:B5,-68,13,388,388,3,0
464817693,NODE_B0CBD8F33218,victim,2,28:05:A5:32:D7:B5,-68,13,388,388,3,0
464917691,NODE_B0CBD8F33218,victim,2,28:05:A5:32:D7:B5,-68,13,388,388,3,0
465027697,NODE_B0CBD8F33218,victim,2,28:05:A5:32:D7:B5,-68,13,389,389,3,0
465127689,NODE_B0CBD8F33218,victim,2,28:05:A5:32:D7:B5,-68,13,389,389,3,0
465227703,NODE_B0CBD8F33218,victim,2,28:05:A5:32:D7:B5,-68,13,389,389,3,0
465327697,NODE_B0CBD8F33218,victim,2,28:05:A5:32:D7:B5,-68,13,389,389,3,0
465437701,NODE_B0CBD8F33218,victim,2,28:05:A5:32:D7:B5,-68,13,389,389,3,0
465537697,NODE_B0CBD8F33218,victim,2,28:05:A5:32:D7:B5,-68,13,389,389,3,0
465637691,NODE_B0CBD8F33218,victim,2,28:05:A5:32:D7:B5,-68,13,389,389,3,0
465747697,NODE_B0CBD8F33218,victim,2,28:05:A5:32:D7:B5,-68,13,389,389,3,0
465847693,NODE_B0CBD8F33218,victim,2,28:05:A5:32:D7:B5,-68,13,389,389,3,0
465947691,NODE_B0CBD8F33218,victim,2,28:05:A5:32:D7:B5,-68,13,389,389,3,0
466057703,NODE_B0CBD8F33218,victim,2,28:05:A5:32:D7:B5,-69,13,390,390,3,0
466157689,NODE_B0CBD8F33218,victim,2,28:05:A5:32:D7:B5,-69,13,390,390,3,0
466257697,NODE_B0CBD8F33218,victim,2,28:05:A5:32:D7:B5,-69,13,390,390,3,0
466357695,NODE_B0CBD8F33218,victim,2,28:05:A5:32:D7:B5,-69,13,390,390,3,0
466467689,NODE_B0CBD8F33218,victim,2,28:05:A5:32:D7:B5,-69,13,390,390,3,0
466567689,NODE_B0CBD8F33218,victim,2,28:05:A5:32:D7:B5,-69,13,390,390,3,0
466667691,NODE_B0CBD8F33218,victim,2,28:05:A5:32:D7:B5,-69,13,390,390,3,0
466777695,NODE_B0CBD8F33218,victim,2,28:05:A5:32:D7:B5,-69,13,390,390,3,0
466877693,NODE_B0CBD8F33218,victim,2,28:05:A5:32:D7:B5,-69,13,390,390,3,0
466977693,NODE_B0CBD8F33218,victim,2,28:05:A5:32:D7:B5,-69,13,390,390,3,0
467087699,NODE_B0CBD8F33218,victim,2,28:05:A5:32:D7:B5,-69,13,391,391,3,0
467187689,NODE_B0CBD8F33218,victim,2,28:05:A5:32:D7:B5,-69,13,391,391,3,0
467287701,NODE_B0CBD8F33218,victim,2,28:05:A5:32:D7:B5,-69,13,391,391,3,0
467387699,NODE_B0CBD8F33218,victim,2,28:05:A5:32:D7:B5,-69,13,391,391,3,0
467497699,NODE_B0CBD8F33218,victim,2,28:05:A5:32:D7:B5,-69,13,391,391,3,0
467597689,NODE_B0CBD8F33218,victim,2,28:05:A5:32:D7:B5,-69,13,391,391,3,0
467697689,NODE_B0CBD8F33218,victim,2,28:05:A5:32:D7:B5,-69,13,391,391,3,0
467807695,NODE_B0CBD8F33218,victim,2,28:05:A5:32:D7:B5,-69,13,391,391,3,0
467907693,NODE_B0CBD8F33218,victim,2,28:05:A5:32:D7:B5,-69,13,391,391,3,0
468007697,NODE_B0CBD8F33218,victim,2,28:05:A5:32:D7:B5,-69,13,391,391,3,0
468117697,NODE_B0CBD8F33218,victim,2,28:05:A5:32:D7:B5,-69,13,392,392,3,0
468218490,NODE_B0CBD8F33218,victim,2,28:05:A5:32:D7:B5,-69,13,392,392,3,0
468317782,NODE_B0CBD8F33218,victim,2,28:05:A5:32:D7:B5,-69,13,392,392,3,0
468417689,NODE_B0CBD8F33218,victim,2,28:05:A5:32:D7:B5,-69,13,392,392,3,0
468527695,NODE_B0CBD8F33218,victim,2,28:05:A5:32:D7:B5,-69,13,392,392,3,0
468627689,NODE_B0CBD8F33218,victim,2,28:05:A5:32:D7:B5,-69,13,392,392,3,0
468727697,NODE_B0CBD8F33218,victim,2,28:05:A5:32:D7:B5,-69,13,392,392,3,0
468837693,NODE_B0CBD8F33218,victim,2,28:05:A5:32:D7:B5,-69,13,392,392,3,0
468937695,NODE_B0CBD8F33218,victim,2,28:05:A5:32:D7:B5,-69,13,392,392,3,0
469038100,NODE_B0CBD8F33218,victim,2,28:05:A5:32:D7:B5,-69,13,393,393,3,0
469147693,NODE_B0CBD8F33218,victim,2,28:05:A5:32:D7:B5,-70,13,393,393,3,0
469247699,NODE_B0CBD8F33218,victim,2,28:05:A5:32:D7:B5,-70,13,393,393,3,0
469347956,NODE_B0CBD8F33218,victim,2,28:05:A5:32:D7:B5,-70,13,393,393,3,0
469447693,NODE_B0CBD8F33218,victim,2,28:05:A5:32:D7:B5,-70,13,393,393,3,0
469557693,NODE_B0CBD8F33218,victim,2,28:05:A5:32:D7:B5,-70,13,393,393,3,0
469657699,NODE_B0CBD8F33218,victim,2,28:05:A5:32:D7:B5,-70,13,393,393,3,0
469757689,NODE_B0CBD8F33218,victim,2,28:05:A5:32:D7:B5,-70,13,393,393,3,0
469867693,NODE_B0CBD8F33218,victim,2,28:05:A5:32:D7:B5,-70,13,393,393,3,0
469967695,NODE_B0CBD8F33218,victim,2,28:05:A5:32:D7:B5,-70,13,393,393,3,0
470067697,NODE_B0CBD8F33218,victim,2,28:05:A5:32:D7:B5,-69,13,394,394,3,0
470177689,NODE_B0CBD8F33218,victim,2,28:05:A5:32:D7:B5,-69,13,394,394,3,0
470277701,NODE_B0CBD8F33218,victim,2,28:05:A5:32:D7:B5,-69,13,394,394,3,0
470377699,NODE_B0CBD8F33218,victim,2,28:05:A5:32:D7:B5,-69,13,394,394,3,0
470477689,NODE_B0CBD8F33218,victim,2,28:05:A5:32:D7:B5,-69,13,394,394,3,0
470587693,NODE_B0CBD8F33218,victim,2,28:05:A5:32:D7:B5,-69,13,394,394,3,0
470687695,NODE_B0CBD8F33218,victim,2,28:05:A5:32:D7:B5,-69,13,394,394,3,0
470787689,NODE_B0CBD8F33218,victim,2,28:05:A5:32:D7:B5,-69,13,394,394,3,0
470897689,NODE_B0CBD8F33218,victim,2,28:05:A5:32:D7:B5,-69,13,394,394,3,0
470997693,NODE_B0CBD8F33218,victim,2,28:05:A5:32:D7:B5,-69,13,394,394,3,0
471097703,NODE_B0CBD8F33218,victim,2,28:05:A5:32:D7:B5,-69,13,395,395,3,0
471207693,NODE_B0CBD8F33218,victim,2,28:05:A5:32:D7:B5,-69,13,395,395,3,0
471307701,NODE_B0CBD8F33218,victim,2,28:05:A5:32:D7:B5,-69,13,395,395,3,0
471407703,NODE_B0CBD8F33218,victim,2,28:05:A5:32:D7:B5,-69,13,395,395,3,0
471507689,NODE_B0CBD8F33218,victim,2,28:05:A5:32:D7:B5,-69,13,395,395,3,0
471607693,NODE_B0CBD8F33218,victim,2,28:05:A5:32:D7:B5,-69,13,395,395,3,0
471717697,NODE_B0CBD8F33218,victim,2,28:05:A5:32:D7:B5,-69,13,395,395,3,0
471817695,NODE_B0CBD8F33218,victim,2,28:05:A5:32:D7:B5,-69,13,395,395,3,0
471917693,NODE_B0CBD8F33218,victim,2,28:05:A5:32:D7:B5,-69,13,395,395,3,0
472027701,NODE_B0CBD8F33218,victim,2,28:05:A5:32:D7:B5,-69,13,396,396,3,0
472128004,NODE_B0CBD8F33218,victim,2,28:05:A5:32:D7:B5,-69,13,396,396,3,0
472237699,NODE_B0CBD8F33218,victim,2,28:05:A5:32:D7:B5,-69,13,396,396,3,0
472337697,NODE_B0CBD8F33218,victim,2,28:05:A5:32:D7:B5,-69,13,396,396,3,0
472437693,NODE_B0CBD8F33218,victim,2,28:05:A5:32:D7:B5,-69,13,396,396,3,0
472537691,NODE_B0CBD8F33218,victim,2,28:05:A5:32:D7:B5,-69,13,396,396,3,0
472637693,NODE_B0CBD8F33218,victim,2,28:05:A5:32:D7:B5,-69,13,396,396,3,0
472747693,NODE_B0CBD8F33218,victim,2,28:05:A5:32:D7:B5,-69,13,396,396,3,0
472847695,NODE_B0CBD8F33218,victim,2,28:05:A5:32:D7:B5,-69,13,396,396,3,0
472947693,NODE_B0CBD8F33218,victim,2,28:05:A5:32:D7:B5,-69,13,396,396,3,0
473057701,NODE_B0CBD8F33218,victim,2,28:05:A5:32:D7:B5,-69,13,397,397,3,0
473157938,NODE_B0CBD8F33218,victim,2,28:05:A5:32:D7:B5,-69,13,397,397,3,0
473257695,NODE_B0CBD8F33218,victim,2,28:05:A5:32:D7:B5,-69,13,397,397,3,0
473357705,NODE_B0CBD8F33218,victim,2,28:05:A5:32:D7:B5,-69,13,397,397,3,0
473467693,NODE_B0CBD8F33218,victim,2,28:05:A5:32:D7:B5,-69,13,397,397,3,0
473567691,NODE_B0CBD8F33218,victim,2,28:05:A5:32:D7:B5,-69,13,397,397,3,0
473667693,NODE_B0CBD8F33218,victim,2,28:05:A5:32:D7:B5,-69,13,397,397,3,0
473777693,NODE_B0CBD8F33218,victim,2,28:05:A5:32:D7:B5,-69,13,397,397,3,0
473877693,NODE_B0CBD8F33218,victim,2,28:05:A5:32:D7:B5,-69,13,397,397,3,0
473977695,NODE_B0CBD8F33218,victim,2,28:05:A5:32:D7:B5,-69,13,397,397,3,0
474087697,NODE_B0CBD8F33218,victim,2,28:05:A5:32:D7:B5,-69,13,398,398,3,0
474187689,NODE_B0CBD8F33218,victim,2,28:05:A5:32:D7:B5,-70,13,398,398,3,0
474287695,NODE_B0CBD8F33218,victim,2,28:05:A5:32:D7:B5,-70,13,398,398,3,0
474387701,NODE_B0CBD8F33218,victim,2,28:05:A5:32:D7:B5,-70,13,398,398,3,0
474497693,NODE_B0CBD8F33218,victim,2,28:05:A5:32:D7:B5,-70,13,398,398,3,0
474597689,NODE_B0CBD8F33218,victim,2,28:05:A5:32:D7:B5,-70,13,398,398,3,0
474697699,NODE_B0CBD8F33218,victim,2,28:05:A5:32:D7:B5,-70,13,398,398,3,0
474807693,NODE_B0CBD8F33218,victim,2,28:05:A5:32:D7:B5,-70,13,398,398,3,0
474907689,NODE_B0CBD8F33218,victim,2,28:05:A5:32:D7:B5,-70,13,398,398,3,0
475007699,NODE_B0CBD8F33218,victim,2,28:05:A5:32:D7:B5,-70,13,398,398,3,0
475117703,NODE_B0CBD8F33218,victim,2,28:05:A5:32:D7:B5,-70,13,399,399,3,0
475217689,NODE_B0CBD8F33218,victim,2,28:05:A5:32:D7:B5,-70,13,399,399,3,0
475317693,NODE_B0CBD8F33218,victim,2,28:05:A5:32:D7:B5,-70,13,399,399,3,0
475417699,NODE_B0CBD8F33218,victim,2,28:05:A5:32:D7:B5,-70,13,399,399,3,0
475527701,NODE_B0CBD8F33218,victim,2,28:05:A5:32:D7:B5,-70,13,399,399,3,0
475627689,NODE_B0CBD8F33218,victim,2,28:05:A5:32:D7:B5,-70,13,399,399,3,0
475727695,NODE_B0CBD8F33218,victim,2,28:05:A5:32:D7:B5,-70,13,399,399,3,0
475837699,NODE_B0CBD8F33218,victim,2,28:05:A5:32:D7:B5,-70,13,399,399,3,0
475937689,NODE_B0CBD8F33218,victim,2,28:05:A5:32:D7:B5,-70,13,399,399,3,0
476038104,NODE_B0CBD8F33218,victim,2,28:05:A5:32:D7:B5,-70,13,400,400,3,0
476147694,NODE_B0CBD8F33218,victim,2,28:05:A5:32:D7:B5,-70,13,400,400,3,0
476247693,NODE_B0CBD8F33218,victim,2,28:05:A5:32:D7:B5,-69,13,400,400,3,0
476347701,NODE_B0CBD8F33218,victim,2,28:05:A5:32:D7:B5,-69,13,400,400,3,0
476447699,NODE_B0CBD8F33218,victim,2,28:05:A5:32:D7:B5,-69,13,400,400,3,0
476557691,NODE_B0CBD8F33218,victim,2,28:05:A5:32:D7:B5,-69,13,400,400,3,0
476657900,NODE_B0CBD8F33218,victim,2,28:05:A5:32:D7:B5,-69,13,400,400,3,0
476757693,NODE_B0CBD8F33218,victim,2,28:05:A5:32:D7:B5,-69,13,400,400,3,0
476867695,NODE_B0CBD8F33218,victim,2,28:05:A5:32:D7:B5,-69,13,400,400,3,0
476967693,NODE_B0CBD8F33218,victim,2,28:05:A5:32:D7:B5,-69,13,400,400,3,0
477067734,NODE_B0CBD8F33218,victim,2,28:05:A5:32:D7:B5,-69,13,401,401,3,0
477177693,NODE_B0CBD8F33218,victim,2,28:05:A5:32:D7:B5,-69,13,401,401,3,0
477277695,NODE_B0CBD8F33218,victim,2,28:05:A5:32:D7:B5,-70,13,401,401,3,0
477377705,NODE_B0CBD8F33218,victim,2,28:05:A5:32:D7:B5,-70,13,401,401,3,0
477477693,NODE_B0CBD8F33218,victim,2,28:05:A5:32:D7:B5,-70,13,401,401,3,0
477587699,NODE_B0CBD8F33218,victim,2,28:05:A5:32:D7:B5,-70,13,401,401,3,0
477688479,NODE_B0CBD8F33218,victim,2,28:05:A5:32:D7:B5,-70,13,401,401,3,0
477787697,NODE_B0CBD8F33218,victim,2,28:05:A5:32:D7:B5,-70,13,401,401,3,0
477897693,NODE_B0CBD8F33218,victim,2,28:05:A5:32:D7:B5,-70,13,401,401,3,0
477997699,NODE_B0CBD8F33218,victim,2,28:05:A5:32:D7:B5,-70,13,401,401,3,0
478097701,NODE_B0CBD8F33218,victim,2,28:05:A5:32:D7:B5,-70,13,402,402,3,0
478207693,NODE_B0CBD8F33218,victim,2,28:05:A5:32:D7:B5,-70,13,402,402,3,0
478307695,NODE_B0CBD8F33218,victim,2,28:05:A5:32:D7:B5,-71,13,402,402,3,0
478407693,NODE_B0CBD8F33218,victim,2,28:05:A5:32:D7:B5,-71,13,402,402,3,0
478507697,NODE_B0CBD8F33218,victim,2,28:05:A5:32:D7:B5,-71,13,402,402,3,0
478617693,NODE_B0CBD8F33218,victim,2,28:05:A5:32:D7:B5,-71,13,402,402,3,0
478717691,NODE_B0CBD8F33218,victim,2,28:05:A5:32:D7:B5,-71,13,402,402,3,0
478817693,NODE_B0CBD8F33218,victim,2,28:05:A5:32:D7:B5,-71,13,402,402,3,0
478927693,NODE_B0CBD8F33218,victim,2,28:05:A5:32:D7:B5,-71,13,402,402,3,0
479027699,NODE_B0CBD8F33218,victim,2,28:05:A5:32:D7:B5,-71,13,403,403,3,0
479127697,NODE_B0CBD8F33218,victim,2,28:05:A5:32:D7:B5,-71,13,403,403,3,0
479237693,NODE_B0CBD8F33218,victim,2,28:05:A5:32:D7:B5,-71,13,403,403,3,0
479337919,NODE_B0CBD8F33218,victim,2,28:05:A5:32:D7:B5,-71,13,403,403,3,0
479437699,NODE_B0CBD8F33218,victim,2,28:05:A5:32:D7:B5,-71,13,403,403,3,0
479537693,NODE_B0CBD8F33218,victim,2,28:05:A5:32:D7:B5,-71,13,403,403,3,0
479647697,NODE_B0CBD8F33218,victim,2,28:05:A5:32:D7:B5,-71,13,403,403,3,0
479747691,NODE_B0CBD8F33218,victim,2,28:05:A5:32:D7:B5,-71,13,403,403,3,0
479847693,NODE_B0CBD8F33218,victim,2,28:05:A5:32:D7:B5,-71,13,403,403,3,0
479957693,NODE_B0CBD8F33218,victim,2,28:05:A5:32:D7:B5,-71,13,403,403,3,0
480057697,NODE_B0CBD8F33218,victim,2,28:05:A5:32:D7:B5,-71,13,404,404,3,0
480157695,NODE_B0CBD8F33218,victim,2,28:05:A5:32:D7:B5,-71,13,404,404,3,0
480267693,NODE_B0CBD8F33218,victim,2,28:05:A5:32:D7:B5,-71,13,404,404,3,0
480367697,NODE_B0CBD8F33218,victim,2,28:05:A5:32:D7:B5,-71,13,404,404,3,0
480467695,NODE_B0CBD8F33218,victim,2,28:05:A5:32:D7:B5,-71,13,404,404,3,0
480567697,NODE_B0CBD8F33218,victim,2,28:05:A5:32:D7:B5,-71,13,404,404,3,0
480677693,NODE_B0CBD8F33218,victim,2,28:05:A5:32:D7:B5,-71,13,404,404,3,0
480777697,NODE_B0CBD8F33218,victim,2,28:05:A5:32:D7:B5,-71,13,404,404,3,0
480877695,NODE_B0CBD8F33218,victim,2,28:05:A5:32:D7:B5,-71,13,404,404,3,0
480987697,NODE_B0CBD8F33218,victim,2,28:05:A5:32:D7:B5,-71,13,404,404,3,0
481087701,NODE_B0CBD8F33218,victim,2,28:05:A5:32:D7:B5,-71,13,405,405,3,0
481187695,NODE_B0CBD8F33218,victim,2,28:05:A5:32:D7:B5,-71,13,405,405,3,0
481297695,NODE_B0CBD8F33218,victim,2,28:05:A5:32:D7:B5,-71,13,405,405,3,0
481397701,NODE_B0CBD8F33218,victim,2,28:05:A5:32:D7:B5,-71,13,405,405,3,0
481497693,NODE_B0CBD8F33218,victim,2,28:05:A5:32:D7:B5,-71,13,405,405,3,0
481597699,NODE_B0CBD8F33218,victim,2,28:05:A5:32:D7:B5,-71,13,405,405,3,0
481697693,NODE_B0CBD8F33218,victim,2,28:05:A5:32:D7:B5,-71,13,405,405,3,0
481797689,NODE_B0CBD8F33218,victim,2,28:05:A5:32:D7:B5,-71,13,405,405,3,0
481907694,NODE_B0CBD8F33218,victim,2,28:05:A5:32:D7:B5,-71,13,405,405,3,0
482007693,NODE_B0CBD8F33218,victim,2,28:05:A5:32:D7:B5,-71,13,405,405,3,0
482107701,NODE_B0CBD8F33218,victim,2,28:05:A5:32:D7:B5,-71,13,406,406,3,0
482217704,NODE_B0CBD8F33218,victim,2,28:05:A5:32:D7:B5,-71,13,406,406,3,0
482317707,NODE_B0CBD8F33218,victim,2,28:05:A5:32:D7:B5,-71,13,406,406,3,0
482417693,NODE_B0CBD8F33218,victim,2,28:05:A5:32:D7:B5,-71,13,406,406,3,0
482527693,NODE_B0CBD8F33218,victim,2,28:05:A5:32:D7:B5,-71,13,406,406,3,0
482627699,NODE_B0CBD8F33218,victim,2,28:05:A5:32:D7:B5,-71,13,406,406,3,0
482727693,NODE_B0CBD8F33218,victim,2,28:05:A5:32:D7:B5,-71,13,406,406,3,0
482827693,NODE_B0CBD8F33218,victim,2,28:05:A5:32:D7:B5,-71,13,406,406,3,0
482937693,NODE_B0CBD8F33218,victim,2,28:05:A5:32:D7:B5,-71,13,406,406,3,0
483038105,NODE_B0CBD8F33218,victim,2,28:05:A5:32:D7:B5,-71,13,407,407,3,0
483137689,NODE_B0CBD8F33218,victim,2,28:05:A5:32:D7:B5,-71,13,407,407,3,0
483247693,NODE_B0CBD8F33218,victim,2,28:05:A5:32:D7:B5,-71,13,407,407,3,0
483347703,NODE_B0CBD8F33218,victim,2,28:05:A5:32:D7:B5,-71,13,407,407,3,0
483447689,NODE_B0CBD8F33218,victim,2,28:05:A5:32:D7:B5,-70,13,407,407,3,0
483557689,NODE_B0CBD8F33218,victim,2,28:05:A5:32:D7:B5,-70,13,407,407,3,0
483657697,NODE_B0CBD8F33218,victim,2,28:05:A5:32:D7:B5,-70,13,407,407,3,0
483757699,NODE_B0CBD8F33218,victim,2,28:05:A5:32:D7:B5,-70,13,407,407,3,0
483857693,NODE_B0CBD8F33218,victim,2,28:05:A5:32:D7:B5,-70,13,407,407,3,0
483967697,NODE_B0CBD8F33218,victim,2,28:05:A5:32:D7:B5,-70,13,407,407,3,0
484067699,NODE_B0CBD8F33218,victim,2,28:05:A5:32:D7:B5,-70,13,408,408,3,0
484167689,NODE_B0CBD8F33218,victim,2,28:05:A5:32:D7:B5,-70,13,408,408,3,0
484277697,NODE_B0CBD8F33218,victim,2,28:05:A5:32:D7:B5,-70,13,408,408,3,0
484377693,NODE_B0CBD8F33218,victim,2,28:05:A5:32:D7:B5,-70,13,408,408,3,0
484477691,NODE_B0CBD8F33218,victim,2,28:05:A5:32:D7:B5,-70,13,408,408,3,0
484587689,NODE_B0CBD8F33218,victim,2,28:05:A5:32:D7:B5,-70,13,408,408,3,0
484687697,NODE_B0CBD8F33218,victim,2,28:05:A5:32:D7:B5,-70,13,408,408,3,0
484787691,NODE_B0CBD8F33218,victim,2,28:05:A5:32:D7:B5,-70,13,408,408,3,0
484887693,NODE_B0CBD8F33218,victim,2,28:05:A5:32:D7:B5,-70,13,408,408,3,0
484997693,NODE_B0CBD8F33218,victim,2,28:05:A5:32:D7:B5,-70,13,408,408,3,0
485097697,NODE_B0CBD8F33218,victim,2,28:05:A5:32:D7:B5,-70,13,409,409,3,0
485197691,NODE_B0CBD8F33218,victim,2,28:05:A5:32:D7:B5,-70,13,409,409,3,0
485307697,NODE_B0CBD8F33218,victim,2,28:05:A5:32:D7:B5,-70,13,409,409,3,0
485407705,NODE_B0CBD8F33218,victim,2,28:05:A5:32:D7:B5,-70,13,409,409,3,0
485507691,NODE_B0CBD8F33218,victim,2,28:05:A5:32:D7:B5,-70,13,409,409,3,0
485617896,NODE_B0CBD8F33218,victim,2,28:05:A5:32:D7:B5,-70,13,409,409,3,0
485717697,NODE_B0CBD8F33218,victim,2,28:05:A5:32:D7:B5,-70,13,409,409,3,0
485817693,NODE_B0CBD8F33218,victim,2,28:05:A5:32:D7:B5,-70,13,409,409,3,0
485917695,NODE_B0CBD8F33218,victim,2,28:05:A5:32:D7:B5,-70,13,409,409,3,0
486027864,NODE_B0CBD8F33218,victim,2,28:05:A5:32:D7:B5,-70,13,410,410,3,0
486127697,NODE_B0CBD8F33218,victim,2,28:05:A5:32:D7:B5,-70,13,410,410,3,0
486227695,NODE_B0CBD8F33218,victim,2,28:05:A5:32:D7:B5,-70,13,410,410,3,0
486337699,NODE_B0CBD8F33218,victim,2,28:05:A5:32:D7:B5,-70,13,410,410,3,0
486437693,NODE_B0CBD8F33218,victim,2,28:05:A5:32:D7:B5,-70,13,410,410,3,0
486537689,NODE_B0CBD8F33218,victim,2,28:05:A5:32:D7:B5,-70,13,410,410,3,0
486647695,NODE_B0CBD8F33218,victim,2,28:05:A5:32:D7:B5,-70,13,410,410,3,0
486747701,NODE_B0CBD8F33218,victim,2,28:05:A5:32:D7:B5,-70,13,410,410,3,0
486847693,NODE_B0CBD8F33218,victim,2,28:05:A5:32:D7:B5,-70,13,410,410,3,0
486947691,NODE_B0CBD8F33218,victim,2,28:05:A5:32:D7:B5,-70,13,410,410,3,0
487057703,NODE_B0CBD8F33218,victim,2,28:05:A5:32:D7:B5,-70,13,411,411,3,0
487157693,NODE_B0CBD8F33218,victim,2,28:05:A5:32:D7:B5,-70,13,411,411,3,0
487257693,NODE_B0CBD8F33218,victim,2,28:05:A5:32:D7:B5,-70,13,411,411,3,0
487367703,NODE_B0CBD8F33218,victim,2,28:05:A5:32:D7:B5,-70,13,411,411,3,0
487467693,NODE_B0CBD8F33218,victim,2,28:05:A5:32:D7:B5,-70,13,411,411,3,0
487567689,NODE_B0CBD8F33218,victim,2,28:05:A5:32:D7:B5,-70,13,411,411,3,0
487677697,NODE_B0CBD8F33218,victim,2,28:05:A5:32:D7:B5,-70,13,411,411,3,0
487777691,NODE_B0CBD8F33218,victim,2,28:05:A5:32:D7:B5,-70,13,411,411,3,0
487877693,NODE_B0CBD8F33218,victim,2,28:05:A5:32:D7:B5,-70,13,411,411,3,0
487977697,NODE_B0CBD8F33218,victim,2,28:05:A5:32:D7:B5,-70,13,411,411,3,0
488087699,NODE_B0CBD8F33218,victim,2,28:05:A5:32:D7:B5,-70,13,412,412,3,0
488187693,NODE_B0CBD8F33218,victim,2,28:05:A5:32:D7:B5,-70,13,412,412,3,0
488287697,NODE_B0CBD8F33218,victim,2,28:05:A5:32:D7:B5,-70,13,412,412,3,0
488397693,NODE_B0CBD8F33218,victim,2,28:05:A5:32:D7:B5,-70,13,412,412,3,0
488497695,NODE_B0CBD8F33218,victim,2,28:05:A5:32:D7:B5,-70,13,412,412,3,0
488597689,NODE_B0CBD8F33218,victim,2,28:05:A5:32:D7:B5,-70,13,412,412,3,0
488707697,NODE_B0CBD8F33218,victim,2,28:05:A5:32:D7:B5,-70,13,412,412,3,0
488807691,NODE_B0CBD8F33218,victim,2,28:05:A5:32:D7:B5,-70,13,412,412,3,0
488907689,NODE_B0CBD8F33218,victim,2,28:05:A5:32:D7:B5,-70,13,412,412,3,0
489007689,NODE_B0CBD8F33218,victim,2,28:05:A5:32:D7:B5,-70,13,412,412,3,0
489117701,NODE_B0CBD8F33218,victim,2,28:05:A5:32:D7:B5,-70,13,413,413,3,0
489217695,NODE_B0CBD8F33218,victim,2,28:05:A5:32:D7:B5,-70,13,413,413,3,0
489317697,NODE_B0CBD8F33218,victim,2,28:05:A5:32:D7:B5,-70,13,413,413,3,0
489427701,NODE_B0CBD8F33218,victim,2,28:05:A5:32:D7:B5,-70,13,413,413,3,0
489527695,NODE_B0CBD8F33218,victim,2,28:05:A5:32:D7:B5,-70,13,413,413,3,0
489627689,NODE_B0CBD8F33218,victim,2,28:05:A5:32:D7:B5,-70,13,413,413,3,0
489737701,NODE_B0CBD8F33218,victim,2,28:05:A5:32:D7:B5,-70,13,413,413,3,0
489837689,NODE_B0CBD8F33218,victim,2,28:05:A5:32:D7:B5,-70,13,413,413,3,0
489937691,NODE_B0CBD8F33218,victim,2,28:05:A5:32:D7:B5,-70,13,413,413,3,0
490038104,NODE_B0CBD8F33218,victim,2,28:05:A5:32:D7:B5,-70,13,414,414,3,0
490147693,NODE_B0CBD8F33218,victim,2,28:05:A5:32:D7:B5,-70,13,414,414,3,0
490247695,NODE_B0CBD8F33218,victim,2,28:05:A5:32:D7:B5,-70,13,414,414,3,0
490347697,NODE_B0CBD8F33218,victim,2,28:05:A5:32:D7:B5,-70,13,414,414,3,0
490457689,NODE_B0CBD8F33218,victim,2,28:05:A5:32:D7:B5,-70,13,414,414,3,0
490557689,NODE_B0CBD8F33218,victim,2,28:05:A5:32:D7:B5,-70,13,414,414,3,0
490657691,NODE_B0CBD8F33218,victim,2,28:05:A5:32:D7:B5,-70,13,414,414,3,0
490767697,NODE_B0CBD8F33218,victim,2,28:05:A5:32:D7:B5,-70,13,414,414,3,0
490867689,NODE_B0CBD8F33218,victim,2,28:05:A5:32:D7:B5,-70,13,414,414,3,0
490967691,NODE_B0CBD8F33218,victim,2,28:05:A5:32:D7:B5,-70,13,414,414,3,0
491067697,NODE_B0CBD8F33218,victim,2,28:05:A5:32:D7:B5,-70,13,415,415,3,0
491167693,NODE_B0CBD8F33218,victim,2,28:05:A5:32:D7:B5,-70,13,415,415,3,0
491277693,NODE_B0CBD8F33218,victim,2,28:05:A5:32:D7:B5,-70,13,415,415,3,0
491377703,NODE_B0CBD8F33218,victim,2,28:05:A5:32:D7:B5,-70,13,415,415,3,0
491487693,NODE_B0CBD8F33218,victim,2,28:05:A5:32:D7:B5,-70,13,415,415,3,0
491587693,NODE_B0CBD8F33218,victim,2,28:05:A5:32:D7:B5,-70,13,415,415,3,0
491687691,NODE_B0CBD8F33218,victim,2,28:05:A5:32:D7:B5,-70,13,415,415,3,0
491797699,NODE_B0CBD8F33218,victim,2,28:05:A5:32:D7:B5,-70,13,415,415,3,0
491897689,NODE_B0CBD8F33218,victim,2,28:05:A5:32:D7:B5,-70,13,415,415,3,0
491997689,NODE_B0CBD8F33218,victim,2,28:05:A5:32:D7:B5,-70,13,415,415,3,0
492097703,NODE_B0CBD8F33218,victim,2,28:05:A5:32:D7:B5,-70,13,416,416,3,0
492197693,NODE_B0CBD8F33218,victim,2,28:05:A5:32:D7:B5,-70,13,416,416,3,0
492307697,NODE_B0CBD8F33218,victim,2,28:05:A5:32:D7:B5,-70,13,416,416,3,0
492407695,NODE_B0CBD8F33218,victim,2,28:05:A5:32:D7:B5,-70,13,416,416,3,0
492507693,NODE_B0CBD8F33218,victim,2,28:05:A5:32:D7:B5,-70,13,416,416,3,0
492617693,NODE_B0CBD8F33218,victim,2,28:05:A5:32:D7:B5,-69,13,416,416,3,0
492717697,NODE_B0CBD8F33218,victim,2,28:05:A5:32:D7:B5,-69,13,416,416,3,0
492817699,NODE_B0CBD8F33218,victim,2,28:05:A5:32:D7:B5,-69,13,416,416,3,0
492917689,NODE_B0CBD8F33218,victim,2,28:05:A5:32:D7:B5,-69,13,416,416,3,0
493028476,NODE_B0CBD8F33218,victim,2,28:05:A5:32:D7:B5,-69,13,416,416,3,0
493127702,NODE_B0CBD8F33218,victim,2,28:05:A5:32:D7:B5,-69,13,417,417,3,0
493227701,NODE_B0CBD8F33218,victim,2,28:05:A5:32:D7:B5,-69,13,417,417,3,0
493337693,NODE_B0CBD8F33218,victim,2,28:05:A5:32:D7:B5,-69,13,417,417,3,0
493437701,NODE_B0CBD8F33218,victim,2,28:05:A5:32:D7:B5,-69,13,417,417,3,0
493537695,NODE_B0CBD8F33218,victim,2,28:05:A5:32:D7:B5,-69,13,417,417,3,0
493647693,NODE_B0CBD8F33218,victim,2,28:05:A5:32:D7:B5,-69,13,417,417,3,0
493747689,NODE_B0CBD8F33218,victim,2,28:05:A5:32:D7:B5,-69,13,417,417,3,0
493847699,NODE_B0CBD8F33218,victim,2,28:05:A5:32:D7:B5,-69,13,417,417,3,0
493947689,NODE_B0CBD8F33218,victim,2,28:05:A5:32:D7:B5,-69,13,417,417,3,0
494057697,NODE_B0CBD8F33218,victim,2,28:05:A5:32:D7:B5,-69,13,418,418,3,0
494157689,NODE_B0CBD8F33218,victim,2,28:05:A5:32:D7:B5,-69,13,418,418,3,0
494257695,NODE_B0CBD8F33218,victim,2,28:05:A5:32:D7:B5,-69,13,418,418,3,0
494367697,NODE_B0CBD8F33218,victim,2,28:05:A5:32:D7:B5,-69,13,418,418,3,0
494467689,NODE_B0CBD8F33218,victim,2,28:05:A5:32:D7:B5,-69,13,418,418,3,0
494567691,NODE_B0CBD8F33218,victim,2,28:05:A5:32:D7:B5,-69,13,418,418,3,0
494677691,NODE_B0CBD8F33218,victim,2,28:05:A5:32:D7:B5,-70,13,418,418,3,0
494777689,NODE_B0CBD8F33218,victim,2,28:05:A5:32:D7:B5,-70,13,418,418,3,0
494877697,NODE_B0CBD8F33218,victim,2,28:05:A5:32:D7:B5,-70,13,418,418,3,0
494977691,NODE_B0CBD8F33218,victim,2,28:05:A5:32:D7:B5,-70,13,418,418,3,0
495087697,NODE_B0CBD8F33218,victim,2,28:05:A5:32:D7:B5,-70,13,419,419,3,0
495187689,NODE_B0CBD8F33218,victim,2,28:05:A5:32:D7:B5,-70,13,419,419,3,0
495287695,NODE_B0CBD8F33218,victim,2,28:05:A5:32:D7:B5,-70,13,419,419,3,0
495397707,NODE_B0CBD8F33218,victim,2,28:05:A5:32:D7:B5,-70,13,419,419,3,0
495497689,NODE_B0CBD8F33218,victim,2,28:05:A5:32:D7:B5,-70,13,419,419,3,0
495597693,NODE_B0CBD8F33218,victim,2,28:05:A5:32:D7:B5,-70,13,419,419,3,0
495707698,NODE_B0CBD8F33218,victim,2,28:05:A5:32:D7:B5,-70,13,419,419,3,0
495807689,NODE_B0CBD8F33218,victim,2,28:05:A5:32:D7:B5,-70,13,419,419,3,0
495907697,NODE_B0CBD8F33218,victim,2,28:05:A5:32:D7:B5,-70,13,419,419,3,0
496007699,NODE_B0CBD8F33218,victim,2,28:05:A5:32:D7:B5,-70,13,419,419,3,0
496117699,NODE_B0CBD8F33218,victim,2,28:05:A5:32:D7:B5,-70,13,420,420,3,0
496217689,NODE_B0CBD8F33218,victim,2,28:05:A5:32:D7:B5,-70,13,420,420,3,0
496317693,NODE_B0CBD8F33218,victim,2,28:05:A5:32:D7:B5,-70,13,420,420,3,0
496427695,NODE_B0CBD8F33218,victim,2,28:05:A5:32:D7:B5,-70,13,420,420,3,0
496527689,NODE_B0CBD8F33218,victim,2,28:05:A5:32:D7:B5,-70,13,420,420,3,0
496627693,NODE_B0CBD8F33218,victim,2,28:05:A5:32:D7:B5,-70,13,420,420,3,0
496737693,NODE_B0CBD8F33218,victim,2,28:05:A5:32:D7:B5,-69,13,420,420,3,0
496837691,NODE_B0CBD8F33218,victim,2,28:05:A5:32:D7:B5,-69,13,420,420,3,0
496937697,NODE_B0CBD8F33218,victim,2,28:05:A5:32:D7:B5,-69,13,420,420,3,0
497038100,NODE_B0CBD8F33218,victim,2,28:05:A5:32:D7:B5,-69,13,421,421,3,0
497147695,NODE_B0CBD8F33218,victim,2,28:05:A5:32:D7:B5,-69,13,421,421,3,0
497247693,NODE_B0CBD8F33218,victim,2,28:05:A5:32:D7:B5,-69,13,421,421,3,0
497347705,NODE_B0CBD8F33218,victim,2,28:05:A5:32:D7:B5,-69,13,421,421,3,0
497457689,NODE_B0CBD8F33218,victim,2,28:05:A5:32:D7:B5,-69,13,421,421,3,0
497557691,NODE_B0CBD8F33218,victim,2,28:05:A5:32:D7:B5,-69,13,421,421,3,0
497657689,NODE_B0CBD8F33218,victim,2,28:05:A5:32:D7:B5,-69,13,421,421,3,0
497767689,NODE_B0CBD8F33218,victim,2,28:05:A5:32:D7:B5,-69,13,421,421,3,0
497867691,NODE_B0CBD8F33218,victim,2,28:05:A5:32:D7:B5,-69,13,421,421,3,0
497967697,NODE_B0CBD8F33218,victim,2,28:05:A5:32:D7:B5,-69,13,421,421,3,0
498067697,NODE_B0CBD8F33218,victim,2,28:05:A5:32:D7:B5,-69,13,422,422,3,0
498177697,NODE_B0CBD8F33218,victim,2,28:05:A5:32:D7:B5,-69,13,422,422,3,0
498277695,NODE_B0CBD8F33218,victim,2,28:05:A5:32:D7:B5,-69,13,422,422,3,0
498377697,NODE_B0CBD8F33218,victim,2,28:05:A5:32:D7:B5,-69,13,422,422,3,0
498487693,NODE_B0CBD8F33218,victim,2,28:05:A5:32:D7:B5,-69,13,422,422,3,0
498587691,NODE_B0CBD8F33218,victim,2,28:05:A5:32:D7:B5,-69,13,422,422,3,0
498687693,NODE_B0CBD8F33218,victim,2,28:05:A5:32:D7:B5,-69,13,422,422,3,0
498797693,NODE_B0CBD8F33218,victim,2,28:05:A5:32:D7:B5,-70,13,422,422,3,0
498897689,NODE_B0CBD8F33218,victim,2,28:05:A5:32:D7:B5,-70,13,422,422,3,0
498997699,NODE_B0CBD8F33218,victim,2,28:05:A5:32:D7:B5,-70,13,422,422,3,0
499097701,NODE_B0CBD8F33218,victim,2,28:05:A5:32:D7:B5,-70,13,423,423,3,0
499207693,NODE_B0CBD8F33218,victim,2,28:05:A5:32:D7:B5,-70,13,423,423,3,0
499307695,NODE_B0CBD8F33218,victim,2,28:05:A5:32:D7:B5,-70,13,423,423,3,0
499407701,NODE_B0CBD8F33218,victim,2,28:05:A5:32:D7:B5,-70,13,423,423,3,0
499517693,NODE_B0CBD8F33218,victim,2,28:05:A5:32:D7:B5,-70,13,423,423,3,0
499617689,NODE_B0CBD8F33218,victim,2,28:05:A5:32:D7:B5,-70,13,423,423,3,0
499717695,NODE_B0CBD8F33218,victim,2,28:05:A5:32:D7:B5,-70,13,423,423,3,0
499827693,NODE_B0CBD8F33218,victim,2,28:05:A5:32:D7:B5,-69,13,423,423,3,0
499927689,NODE_B0CBD8F33218,victim,2,28:05:A5:32:D7:B5,-69,13,423,423,3,0
500028483,NODE_B0CBD8F33218,victim,2,28:05:A5:32:D7:B5,-69,13,423,423,3,0
500127697,NODE_B0CBD8F33218,victim,2,28:05:A5:32:D7:B5,-69,13,424,424,3,0
500237693,NODE_B0CBD8F33218,victim,2,28:05:A5:32:D7:B5,-69,13,424,424,3,0
500337693,NODE_B0CBD8F33218,victim,2,28:05:A5:32:D7:B5,-69,13,424,424,3,0
500437695,NODE_B0CBD8F33218,victim,2,28:05:A5:32:D7:B5,-69,13,424,424,3,0
500547693,NODE_B0CBD8F33218,victim,2,28:05:A5:32:D7:B5,-69,13,424,424,3,0
500647689,NODE_B0CBD8F33218,victim,2,28:05:A5:32:D7:B5,-69,13,424,424,3,0
500747695,NODE_B0CBD8F33218,victim,2,28:05:A5:32:D7:B5,-69,13,424,424,3,0
500857695,NODE_B0CBD8F33218,victim,2,28:05:A5:32:D7:B5,-69,13,424,424,3,0
500957689,NODE_B0CBD8F33218,victim,2,28:05:A5:32:D7:B5,-69,13,424,424,3,0
501057697,NODE_B0CBD8F33218,victim,2,28:05:A5:32:D7:B5,-69,13,425,425,3,0
501157695,NODE_B0CBD8F33218,victim,2,28:05:A5:32:D7:B5,-69,13,425,425,3,0
501257689,NODE_B0CBD8F33218,victim,2,28:05:A5:32:D7:B5,-69,13,425,425,3,0
501357705,NODE_B0CBD8F33218,victim,2,28:05:A5:32:D7:B5,-69,13,425,425,3,0
501467691,NODE_B0CBD8F33218,victim,2,28:05:A5:32:D7:B5,-69,13,425,425,3,0
501567693,NODE_B0CBD8F33218,victim,2,28:05:A5:32:D7:B5,-69,13,425,425,3,0
501667685,NODE_B0CBD8F33218,victim,2,28:05:A5:32:D7:B5,-69,13,425,425,3,0
501777697,NODE_B0CBD8F33218,victim,2,28:05:A5:32:D7:B5,-69,13,425,425,3,0
501887691,NODE_B0CBD8F33218,victim,2,28:05:A5:32:D7:B5,-70,13,425,425,3,0
501987697,NODE_B0CBD8F33218,victim,2,28:05:A5:32:D7:B5,-70,13,425,425,3,0
502087697,NODE_B0CBD8F33218,victim,2,28:05:A5:32:D7:B5,-70,13,426,426,3,0
502187695,NODE_B0CBD8F33218,victim,2,28:05:A5:32:D7:B5,-70,13,426,426,3,0
502287689,NODE_B0CBD8F33218,victim,2,28:05:A5:32:D7:B5,-70,13,426,426,3,0
502387693,NODE_B0CBD8F33218,victim,2,28:05:A5:32:D7:B5,-70,13,426,426,3,0
502497693,NODE_B0CBD8F33218,victim,2,28:05:A5:32:D7:B5,-70,13,426,426,3,0
502597695,NODE_B0CBD8F33218,victim,2,28:05:A5:32:D7:B5,-70,13,426,426,3,0
502697689,NODE_B0CBD8F33218,victim,2,28:05:A5:32:D7:B5,-70,13,426,426,3,0
502807693,NODE_B0CBD8F33218,victim,2,28:05:A5:32:D7:B5,-70,13,426,426,3,0
502907695,NODE_B0CBD8F33218,victim,2,28:05:A5:32:D7:B5,-70,13,426,426,3,0
503007689,NODE_B0CBD8F33218,victim,2,28:05:A5:32:D7:B5,-70,13,426,426,3,0
503117705,NODE_B0CBD8F33218,victim,2,28:05:A5:32:D7:B5,-70,13,427,427,3,0
503217693,NODE_B0CBD8F33218,victim,2,28:05:A5:32:D7:B5,-70,13,427,427,3,0
503317699,NODE_B0CBD8F33218,victim,2,28:05:A5:32:D7:B5,-70,13,427,427,3,0
503417701,NODE_B0CBD8F33218,victim,2,28:05:A5:32:D7:B5,-70,13,427,427,3,0
503527693,NODE_B0CBD8F33218,victim,2,28:05:A5:32:D7:B5,-70,13,427,427,3,0
503627695,NODE_B0CBD8F33218,victim,2,28:05:A5:32:D7:B5,-70,13,427,427,3,0
503727689,NODE_B0CBD8F33218,victim,2,28:05:A5:32:D7:B5,-70,13,427,427,3,0
503837693,NODE_B0CBD8F33218,victim,2,28:05:A5:32:D7:B5,-70,13,427,427,3,0
503937693,NODE_B0CBD8F33218,victim,2,28:05:A5:32:D7:B5,-70,13,427,427,3,0
504038101,NODE_B0CBD8F33218,victim,2,28:05:A5:32:D7:B5,-70,13,428,428,3,0
504147697,NODE_B0CBD8F33218,victim,2,28:05:A5:32:D7:B5,-70,13,428,428,3,0
504247689,NODE_B0CBD8F33218,victim,2,28:05:A5:32:D7:B5,-70,13,428,428,3,0
504347699,NODE_B0CBD8F33218,victim,2,28:05:A5:32:D7:B5,-70,13,428,428,3,0
504447689,NODE_B0CBD8F33218,victim,2,28:05:A5:32:D7:B5,-70,13,428,428,3,0
504557689,NODE_B0CBD8F33218,victim,2,28:05:A5:32:D7:B5,-70,13,428,428,3,0
504657689,NODE_B0CBD8F33218,victim,2,28:05:A5:32:D7:B5,-70,13,428,428,3,0
504757699,NODE_B0CBD8F33218,victim,2,28:05:A5:32:D7:B5,-70,13,428,428,3,0
504867689,NODE_B0CBD8F33218,victim,2,28:05:A5:32:D7:B5,-70,13,428,428,3,0
504967689,NODE_B0CBD8F33218,victim,2,28:05:A5:32:D7:B5,-69,13,428,428,3,0
505067703,NODE_B0CBD8F33218,victim,2,28:05:A5:32:D7:B5,-69,13,429,429,3,0
505177834,NODE_B0CBD8F33218,victim,2,28:05:A5:32:D7:B5,-69,13,429,429,3,0
505277693,NODE_B0CBD8F33218,victim,2,28:05:A5:32:D7:B5,-69,13,429,429,3,0
505377705,NODE_B0CBD8F33218,victim,2,28:05:A5:32:D7:B5,-69,13,429,429,3,0
505477691,NODE_B0CBD8F33218,victim,2,28:05:A5:32:D7:B5,-69,13,429,429,3,0
505587693,NODE_B0CBD8F33218,victim,2,28:05:A5:32:D7:B5,-69,13,429,429,3,0
505687689,NODE_B0CBD8F33218,victim,2,28:05:A5:32:D7:B5,-69,13,429,429,3,0
505787691,NODE_B0CBD8F33218,victim,2,28:05:A5:32:D7:B5,-69,13,429,429,3,0
505897691,NODE_B0CBD8F33218,victim,2,28:05:A5:32:D7:B5,-69,13,429,429,3,0
505997689,NODE_B0CBD8F33218,victim,2,28:05:A5:32:D7:B5,-70,13,429,429,3,0
506097697,NODE_B0CBD8F33218,victim,2,28:05:A5:32:D7:B5,-70,13,430,430,3,0
506207691,NODE_B0CBD8F33218,victim,2,28:05:A5:32:D7:B5,-70,13,430,430,3,0
506307697,NODE_B0CBD8F33218,victim,2,28:05:A5:32:D7:B5,-70,13,430,430,3,0
506407697,NODE_B0CBD8F33218,victim,2,28:05:A5:32:D7:B5,-70,13,430,430,3,0
506507917,NODE_B0CBD8F33218,victim,2,28:05:A5:32:D7:B5,-70,13,430,430,3,0
506617691,NODE_B0CBD8F33218,victim,2,28:05:A5:32:D7:B5,-70,13,430,430,3,0
506717689,NODE_B0CBD8F33218,victim,2,28:05:A5:32:D7:B5,-70,13,430,430,3,0
506817689,NODE_B0CBD8F33218,victim,2,28:05:A5:32:D7:B5,-70,13,430,430,3,0
506928488,NODE_B0CBD8F33218,victim,2,28:05:A5:32:D7:B5,-69,13,430,430,3,0
507028463,NODE_B0CBD8F33218,victim,2,28:05:A5:32:D7:B5,-69,13,430,430,3,0
507127697,NODE_B0CBD8F33218,victim,2,28:05:A5:32:D7:B5,-69,13,431,431,3,0
507237697,NODE_B0CBD8F33218,victim,2,28:05:A5:32:D7:B5,-69,13,431,431,3,0
507337699,NODE_B0CBD8F33218,victim,2,28:05:A5:32:D7:B5,-69,13,431,431,3,0
507437701,NODE_B0CBD8F33218,victim,2,28:05:A5:32:D7:B5,-69,13,431,431,3,0
507537891,NODE_B0CBD8F33218,victim,2,28:05:A5:32:D7:B5,-69,13,431,431,3,0
507647695,NODE_B0CBD8F33218,victim,2,28:05:A5:32:D7:B5,-69,13,431,431,3,0
507747697,NODE_B0CBD8F33218,victim,2,28:05:A5:32:D7:B5,-69,13,431,431,3,0
507847689,NODE_B0CBD8F33218,victim,2,28:05:A5:32:D7:B5,-69,13,431,431,3,0
507957689,NODE_B0CBD8F33218,victim,2,28:05:A5:32:D7:B5,-70,13,431,431,3,0
508057703,NODE_B0CBD8F33218,victim,2,28:05:A5:32:D7:B5,-70,13,432,432,3,0
508157697,NODE_B0CBD8F33218,victim,2,28:05:A5:32:D7:B5,-70,13,432,432,3,0
508267697,NODE_B0CBD8F33218,victim,2,28:05:A5:32:D7:B5,-70,13,432,432,3,0
508367695,NODE_B0CBD8F33218,victim,2,28:05:A5:32:D7:B5,-70,13,432,432,3,0
508467693,NODE_B0CBD8F33218,victim,2,28:05:A5:32:D7:B5,-70,13,432,432,3,0
508567689,NODE_B0CBD8F33218,victim,2,28:05:A5:32:D7:B5,-70,13,432,432,3,0
508677693,NODE_B0CBD8F33218,victim,2,28:05:A5:32:D7:B5,-70,13,432,432,3,0
508777695,NODE_B0CBD8F33218,victim,2,28:05:A5:32:D7:B5,-70,13,432,432,3,0
508877689,NODE_B0CBD8F33218,victim,2,28:05:A5:32:D7:B5,-70,13,432,432,3,0
508987693,NODE_B0CBD8F33218,victim,2,28:05:A5:32:D7:B5,-70,13,432,432,3,0
509087698,NODE_B0CBD8F33218,victim,2,28:05:A5:32:D7:B5,-70,13,433,433,3,0
509187693,NODE_B0CBD8F33218,victim,2,28:05:A5:32:D7:B5,-70,13,433,433,3,0
509297701,NODE_B0CBD8F33218,victim,2,28:05:A5:32:D7:B5,-70,13,433,433,3,0
509397697,NODE_B0CBD8F33218,victim,2,28:05:A5:32:D7:B5,-70,13,433,433,3,0
509497699,NODE_B0CBD8F33218,victim,2,28:05:A5:32:D7:B5,-70,13,433,433,3,0
509597689,NODE_B0CBD8F33218,victim,2,28:05:A5:32:D7:B5,-70,13,433,433,3,0
509707693,NODE_B0CBD8F33218,victim,2,28:05:A5:32:D7:B5,-70,13,433,433,3,0
509807695,NODE_B0CBD8F33218,victim,2,28:05:A5:32:D7:B5,-70,13,433,433,3,0
509907689,NODE_B0CBD8F33218,victim,2,28:05:A5:32:D7:B5,-70,13,433,433,3,0
510017693,NODE_B0CBD8F33218,victim,2,28:05:A5:32:D7:B5,-70,13,433,433,3,0
510117697,NODE_B0CBD8F33218,victim,2,28:05:A5:32:D7:B5,-70,13,434,434,3,0
510217695,NODE_B0CBD8F33218,victim,2,28:05:A5:32:D7:B5,-70,13,434,434,3,0
510327701,NODE_B0CBD8F33218,victim,2,28:05:A5:32:D7:B5,-70,13,434,434,3,0
510427697,NODE_B0CBD8F33218,victim,2,28:05:A5:32:D7:B5,-70,13,434,434,3,0
510527695,NODE_B0CBD8F33218,victim,2,28:05:A5:32:D7:B5,-70,13,434,434,3,0
510627689,NODE_B0CBD8F33218,victim,2,28:05:A5:32:D7:B5,-70,13,434,434,3,0
510737697,NODE_B0CBD8F33218,victim,2,28:05:A5:32:D7:B5,-70,13,434,434,3,0
510837693,NODE_B0CBD8F33218,victim,2,28:05:A5:32:D7:B5,-70,13,434,434,3,0
510937691,NODE_B0CBD8F33218,victim,2,28:05:A5:32:D7:B5,-70,13,434,434,3,0
511047701,NODE_B0CBD8F33218,victim,2,28:05:A5:32:D7:B5,-70,13,435,435,3,0
511147693,NODE_B0CBD8F33218,victim,2,28:05:A5:32:D7:B5,-70,13,435,435,3,0
511247699,NODE_B0CBD8F33218,victim,2,28:05:A5:32:D7:B5,-70,13,435,435,3,0
511357703,NODE_B0CBD8F33218,victim,2,28:05:A5:32:D7:B5,-70,13,435,435,3,0
511457689,NODE_B0CBD8F33218,victim,2,28:05:A5:32:D7:B5,-70,13,435,435,3,0
511557689,NODE_B0CBD8F33218,victim,2,28:05:A5:32:D7:B5,-70,13,435,435,3,0
511657691,NODE_B0CBD8F33218,victim,2,28:05:A5:32:D7:B5,-70,13,435,435,3,0
511757689,NODE_B0CBD8F33218,victim,2,28:05:A5:32:D7:B5,-70,13,435,435,3,0
511867689,NODE_B0CBD8F33218,victim,2,28:05:A5:32:D7:B5,-70,13,435,435,3,0
511967691,NODE_B0CBD8F33218,victim,2,28:05:A5:32:D7:B5,-70,13,435,435,3,0
512067697,NODE_B0CBD8F33218,victim,2,28:05:A5:32:D7:B5,-70,13,436,436,3,0
512177693,NODE_B0CBD8F33218,victim,2,28:05:A5:32:D7:B5,-70,13,436,436,3,0
512277693,NODE_B0CBD8F33218,victim,2,28:05:A5:32:D7:B5,-70,13,436,436,3,0
512387703,NODE_B0CBD8F33218,victim,2,28:05:A5:32:D7:B5,-70,13,436,436,3,0
512487689,NODE_B0CBD8F33218,victim,2,28:05:A5:32:D7:B5,-70,13,436,436,3,0
512597689,NODE_B0CBD8F33218,victim,2,28:05:A5:32:D7:B5,-70,13,436,436,3,0
512697689,NODE_B0CBD8F33218,victim,2,28:05:A5:32:D7:B5,-70,13,436,436,3,0
512797691,NODE_B0CBD8F33218,victim,2,28:05:A5:32:D7:B5,-70,13,436,436,3,0
512907689,NODE_B0CBD8F33218,victim,2,28:05:A5:32:D7:B5,-70,13,436,436,3,0
513007689,NODE_B0CBD8F33218,victim,2,28:05:A5:32:D7:B5,-70,13,436,436,3,0
513107699,NODE_B0CBD8F33218,victim,2,28:05:A5:32:D7:B5,-71,13,437,437,3,0
513218040,NODE_B0CBD8F33218,victim,2,28:05:A5:32:D7:B5,-71,13,437,437,3,0
513318228,NODE_B0CBD8F33218,victim,2,28:05:A5:32:D7:B5,-71,13,437,437,3,0
513417701,NODE_B0CBD8F33218,victim,2,28:05:A5:32:D7:B5,-71,13,437,437,3,0
513517691,NODE_B0CBD8F33218,victim,2,28:05:A5:32:D7:B5,-71,13,437,437,3,0
513627689,NODE_B0CBD8F33218,victim,2,28:05:A5:32:D7:B5,-71,13,437,437,3,0
513727699,NODE_B0CBD8F33218,victim,2,28:05:A5:32:D7:B5,-71,13,437,437,3,0
513827695,NODE_B0CBD8F33218,victim,2,28:05:A5:32:D7:B5,-71,13,437,437,3,0
513937695,NODE_B0CBD8F33218,victim,2,28:05:A5:32:D7:B5,-71,13,437,437,3,0
514038164,NODE_B0CBD8F33218,victim,2,28:05:A5:32:D7:B5,-71,13,438,438,3,0
514137693,NODE_B0CBD8F33218,victim,2,28:05:A5:32:D7:B5,-71,13,438,438,3,0
514247699,NODE_B0CBD8F33218,victim,2,28:05:A5:32:D7:B5,-71,13,438,438,3,0
514347814,NODE_B0CBD8F33218,victim,2,28:05:A5:32:D7:B5,-71,13,438,438,3,0
514447693,NODE_B0CBD8F33218,victim,2,28:05:A5:32:D7:B5,-71,13,438,438,3,0
514547691,NODE_B0CBD8F33218,victim,2,28:05:A5:32:D7:B5,-71,13,438,438,3,0
514657695,NODE_B0CBD8F33218,victim,2,28:05:A5:32:D7:B5,-71,13,438,438,3,0
514757689,NODE_B0CBD8F33218,victim,2,28:05:A5:32:D7:B5,-71,13,438,438,3,0
514857693,NODE_B0CBD8F33218,victim,2,28:05:A5:32:D7:B5,-71,13,438,438,3,0
514967695,NODE_B0CBD8F33218,victim,2,28:05:A5:32:D7:B5,-71,13,438,438,3,0
515067697,NODE_B0CBD8F33218,victim,2,28:05:A5:32:D7:B5,-71,13,439,439,3,0
515167701,NODE_B0CBD8F33218,victim,2,28:05:A5:32:D7:B5,-71,13,439,439,3,0
515277693,NODE_B0CBD8F33218,victim,2,28:05:A5:32:D7:B5,-71,13,439,439,3,0
515377707,NODE_B0CBD8F33218,victim,2,28:05:A5:32:D7:B5,-71,13,439,439,3,0
515477693,NODE_B0CBD8F33218,victim,2,28:05:A5:32:D7:B5,-71,13,439,439,3,0
515577689,NODE_B0CBD8F33218,victim,2,28:05:A5:32:D7:B5,-71,13,439,439,3,0
515687695,NODE_B0CBD8F33218,victim,2,28:05:A5:32:D7:B5,-71,13,439,439,3,0
515787689,NODE_B0CBD8F33218,victim,2,28:05:A5:32:D7:B5,-71,13,439,439,3,0
515887693,NODE_B0CBD8F33218,victim,2,28:05:A5:32:D7:B5,-71,13,439,439,3,0
515997693,NODE_B0CBD8F33218,victim,2,28:05:A5:32:D7:B5,-71,13,439,439,3,0
516097703,NODE_B0CBD8F33218,victim,2,28:05:A5:32:D7:B5,-71,13,440,440,3,0
516197693,NODE_B0CBD8F33218,victim,2,28:05:A5:32:D7:B5,-70,13,440,440,3,0
516307693,NODE_B0CBD8F33218,victim,2,28:05:A5:32:D7:B5,-70,13,440,440,3,0
516407703,NODE_B0CBD8F33218,victim,2,28:05:A5:32:D7:B5,-70,13,440,440,3,0
516507693,NODE_B0CBD8F33218,victim,2,28:05:A5:32:D7:B5,-70,13,440,440,3,0
516607689,NODE_B0CBD8F33218,victim,2,28:05:A5:32:D7:B5,-70,13,440,440,3,0
516717697,NODE_B0CBD8F33218,victim,2,28:05:A5:32:D7:B5,-70,13,440,440,3,0
516817691,NODE_B0CBD8F33218,victim,2,28:05:A5:32:D7:B5,-70,13,440,440,3,0
516917689,NODE_B0CBD8F33218,victim,2,28:05:A5:32:D7:B5,-70,13,440,440,3,0
517028480,NODE_B0CBD8F33218,victim,2,28:05:A5:32:D7:B5,-70,13,440,440,3,0
517127703,NODE_B0CBD8F33218,victim,2,28:05:A5:32:D7:B5,-70,13,441,441,3,0
517227693,NODE_B0CBD8F33218,victim,2,28:05:A5:32:D7:B5,-71,13,441,441,3,0
517337693,NODE_B0CBD8F33218,victim,2,28:05:A5:32:D7:B5,-71,13,441,441,3,0
517437701,NODE_B0CBD8F33218,victim,2,28:05:A5:32:D7:B5,-71,13,441,441,3,0
517537695,NODE_B0CBD8F33218,victim,2,28:05:A5:32:D7:B5,-71,13,441,441,3,0
517637689,NODE_B0CBD8F33218,victim,2,28:05:A5:32:D7:B5,-71,13,441,441,3,0
517747693,NODE_B0CBD8F33218,victim,2,28:05:A5:32:D7:B5,-71,13,441,441,3,0
517847691,NODE_B0CBD8F33218,victim,2,28:05:A5:32:D7:B5,-71,13,441,441,3,0
517947693,NODE_B0CBD8F33218,victim,2,28:05:A5:32:D7:B5,-71,13,441,441,3,0
518057697,NODE_B0CBD8F33218,victim,2,28:05:A5:32:D7:B5,-71,13,442,442,3,0
518157697,NODE_B0CBD8F33218,victim,2,28:05:A5:32:D7:B5,-71,13,442,442,3,0
518257695,NODE_B0CBD8F33218,victim,2,28:05:A5:32:D7:B5,-70,13,442,442,3,0
518367697,NODE_B0CBD8F33218,victim,2,28:05:A5:32:D7:B5,-70,13,442,442,3,0
518467697,NODE_B0CBD8F33218,victim,2,28:05:A5:32:D7:B5,-70,13,442,442,3,0
518567695,NODE_B0CBD8F33218,victim,2,28:05:A5:32:D7:B5,-70,13,442,442,3,0
518667689,NODE_B0CBD8F33218,victim,2,28:05:A5:32:D7:B5,-70,13,442,442,3,0
518777693,NODE_B0CBD8F33218,victim,2,28:05:A5:32:D7:B5,-70,13,442,442,3,0
518877689,NODE_B0CBD8F33218,victim,2,28:05:A5:32:D7:B5,-70,13,442,442,3,0
518977695,NODE_B0CBD8F33218,victim,2,28:05:A5:32:D7:B5,-70,13,442,442,3,0
519087697,NODE_B0CBD8F33218,victim,2,28:05:A5:32:D7:B5,-70,13,443,443,3,0
519187693,NODE_B0CBD8F33218,victim,2,28:05:A5:32:D7:B5,-70,13,443,443,3,0
519287695,NODE_B0CBD8F33218,victim,2,28:05:A5:32:D7:B5,-70,13,443,443,3,0
519397707,NODE_B0CBD8F33218,victim,2,28:05:A5:32:D7:B5,-70,13,443,443,3,0
519497693,NODE_B0CBD8F33218,victim,2,28:05:A5:32:D7:B5,-70,13,443,443,3,0
519597697,NODE_B0CBD8F33218,victim,2,28:05:A5:32:D7:B5,-70,13,443,443,3,0
519697691,NODE_B0CBD8F33218,victim,2,28:05:A5:32:D7:B5,-70,13,443,443,3,0
519807693,NODE_B0CBD8F33218,victim,2,28:05:A5:32:D7:B5,-70,13,443,443,3,0
519907689,NODE_B0CBD8F33218,victim,2,28:05:A5:32:D7:B5,-70,13,443,443,3,0
520007699,NODE_B0CBD8F33218,victim,2,28:05:A5:32:D7:B5,-70,13,443,443,3,0
520117707,NODE_B0CBD8F33218,victim,2,28:05:A5:32:D7:B5,-70,13,444,444,3,0
520217693,NODE_B0CBD8F33218,victim,2,28:05:A5:32:D7:B5,-70,13,444,444,3,0
520317693,NODE_B0CBD8F33218,victim,2,28:05:A5:32:D7:B5,-70,13,444,444,3,0
520427699,NODE_B0CBD8F33218,victim,2,28:05:A5:32:D7:B5,-70,13,444,444,3,0
520527697,NODE_B0CBD8F33218,victim,2,28:05:A5:32:D7:B5,-70,13,444,444,3,0
520627693,NODE_B0CBD8F33218,victim,2,28:05:A5:32:D7:B5,-70,13,444,444,3,0
520727691,NODE_B0CBD8F33218,victim,2,28:05:A5:32:D7:B5,-70,13,444,444,3,0
520827693,NODE_B0CBD8F33218,victim,2,28:05:A5:32:D7:B5,-70,13,444,444,3,0
520927689,NODE_B0CBD8F33218,victim,2,28:05:A5:32:D7:B5,-70,13,444,444,3,0
521038100,NODE_B0CBD8F33218,victim,2,28:05:A5:32:D7:B5,-70,13,445,445,3,0
521147694,NODE_B0CBD8F33218,victim,2,28:05:A5:32:D7:B5,-70,13,445,445,3,0
521247693,NODE_B0CBD8F33218,victim,2,28:05:A5:32:D7:B5,-70,13,445,445,3,0
521347701,NODE_B0CBD8F33218,victim,2,28:05:A5:32:D7:B5,-69,13,445,445,3,0
521457701,NODE_B0CBD8F33218,victim,2,28:05:A5:32:D7:B5,-69,13,445,445,3,0
521557695,NODE_B0CBD8F33218,victim,2,28:05:A5:32:D7:B5,-69,13,445,445,3,0
521657697,NODE_B0CBD8F33218,victim,2,28:05:A5:32:D7:B5,-69,13,445,445,3,0
521757689,NODE_B0CBD8F33218,victim,2,28:05:A5:32:D7:B5,-69,13,445,445,3,0
521857695,NODE_B0CBD8F33218,victim,2,28:05:A5:32:D7:B5,-69,13,445,445,3,0
521957689,NODE_B0CBD8F33218,victim,2,28:05:A5:32:D7:B5,-69,13,445,445,3,0
522067697,NODE_B0CBD8F33218,victim,2,28:05:A5:32:D7:B5,-69,13,446,446,3,0
522167695,NODE_B0CBD8F33218,victim,2,28:05:A5:32:D7:B5,-69,13,446,446,3,0
522267693,NODE_B0CBD8F33218,victim,2,28:05:A5:32:D7:B5,-69,13,446,446,3,0
522377697,NODE_B0CBD8F33218,victim,2,28:05:A5:32:D7:B5,-70,13,446,446,3,0
522477693,NODE_B0CBD8F33218,victim,2,28:05:A5:32:D7:B5,-70,13,446,446,3,0
522577699,NODE_B0CBD8F33218,victim,2,28:05:A5:32:D7:B5,-70,13,446,446,3,0
522687693,NODE_B0CBD8F33218,victim,2,28:05:A5:32:D7:B5,-70,13,446,446,3,0
522787697,NODE_B0CBD8F33218,victim,2,28:05:A5:32:D7:B5,-70,13,446,446,3,0
522887691,NODE_B0CBD8F33218,victim,2,28:05:A5:32:D7:B5,-70,13,446,446,3,0
522987697,NODE_B0CBD8F33218,victim,2,28:05:A5:32:D7:B5,-70,13,446,446,3,0
523097701,NODE_B0CBD8F33218,victim,2,28:05:A5:32:D7:B5,-70,13,447,447,3,0
523197697,NODE_B0CBD8F33218,victim,2,28:05:A5:32:D7:B5,-70,13,447,447,3,0
523297695,NODE_B0CBD8F33218,victim,2,28:05:A5:32:D7:B5,-70,13,447,447,3,0
523407701,NODE_B0CBD8F33218,victim,2,28:05:A5:32:D7:B5,-70,13,447,447,3,0
523507689,NODE_B0CBD8F33218,victim,2,28:05:A5:32:D7:B5,-70,13,447,447,3,0
523607699,NODE_B0CBD8F33218,victim,2,28:05:A5:32:D7:B5,-70,13,447,447,3,0
523717695,NODE_B0CBD8F33218,victim,2,28:05:A5:32:D7:B5,-70,13,447,447,3,0
523817689,NODE_B0CBD8F33218,victim,2,28:05:A5:32:D7:B5,-70,13,447,447,3,0
523917689,NODE_B0CBD8F33218,victim,2,28:05:A5:32:D7:B5,-70,13,447,447,3,0
524017691,NODE_B0CBD8F33218,victim,2,28:05:A5:32:D7:B5,-70,13,447,447,3,0
524127697,NODE_B0CBD8F33218,victim,2,28:05:A5:32:D7:B5,-70,13,448,448,3,0
524227693,NODE_B0CBD8F33218,victim,2,28:05:A5:32:D7:B5,-70,13,448,448,3,0
524327699,NODE_B0CBD8F33218,victim,2,28:05:A5:32:D7:B5,-70,13,448,448,3,0
524437695,NODE_B0CBD8F33218,victim,2,28:05:A5:32:D7:B5,-70,13,448,448,3,0
524537693,NODE_B0CBD8F33218,victim,2,28:05:A5:32:D7:B5,-70,13,448,448,3,0
524637697,NODE_B0CBD8F33218,victim,2,28:05:A5:32:D7:B5,-70,13,448,448,3,0
524747695,NODE_B0CBD8F33218,victim,2,28:05:A5:32:D7:B5,-70,13,448,448,3,0
524847689,NODE_B0CBD8F33218,victim,2,28:05:A5:32:D7:B5,-70,13,448,448,3,0
524947693,NODE_B0CBD8F33218,victim,2,28:05:A5:32:D7:B5,-70,13,448,448,3,0
525047699,NODE_B0CBD8F33218,victim,2,28:05:A5:32:D7:B5,-70,13,449,449,3,0
525157695,NODE_B0CBD8F33218,victim,2,28:05:A5:32:D7:B5,-70,13,449,449,3,0
525257693,NODE_B0CBD8F33218,victim,2,28:05:A5:32:D7:B5,-70,13,449,449,3,0
525357697,NODE_B0CBD8F33218,victim,2,28:05:A5:32:D7:B5,-70,13,449,449,3,0
525467706,NODE_B0CBD8F33218,victim,2,28:05:A5:32:D7:B5,-70,13,449,449,3,0
525567697,NODE_B0CBD8F33218,victim,2,28:05:A5:32:D7:B5,-70,13,449,449,3,0
525667689,NODE_B0CBD8F33218,victim,2,28:05:A5:32:D7:B5,-70,13,449,449,3,0
525777697,NODE_B0CBD8F33218,victim,2,28:05:A5:32:D7:B5,-70,13,449,449,3,0
525877691,NODE_B0CBD8F33218,victim,2,28:05:A5:32:D7:B5,-70,13,449,449,3,0
525977693,NODE_B0CBD8F33218,victim,2,28:05:A5:32:D7:B5,-70,13,449,449,3,0
526077701,NODE_B0CBD8F33218,victim,2,28:05:A5:32:D7:B5,-70,13,450,450,3,0
526187695,NODE_B0CBD8F33218,victim,2,28:05:A5:32:D7:B5,-70,13,450,450,3,0
526287693,NODE_B0CBD8F33218,victim,2,28:05:A5:32:D7:B5,-70,13,450,450,3,0
526387693,NODE_B0CBD8F33218,victim,2,28:05:A5:32:D7:B5,-69,13,450,450,3,0
526497693,NODE_B0CBD8F33218,victim,2,28:05:A5:32:D7:B5,-69,13,450,450,3,0
526597699,NODE_B0CBD8F33218,victim,2,28:05:A5:32:D7:B5,-69,13,450,450,3,0
526697689,NODE_B0CBD8F33218,victim,2,28:05:A5:32:D7:B5,-69,13,450,450,3,0
526807689,NODE_B0CBD8F33218,victim,2,28:05:A5:32:D7:B5,-69,13,450,450,3,0
526907691,NODE_B0CBD8F33218,victim,2,28:05:A5:32:D7:B5,-69,13,450,450,3,0
527007689,NODE_B0CBD8F33218,victim,2,28:05:A5:32:D7:B5,-69,13,450,450,3,0
527107701,NODE_B0CBD8F33218,victim,2,28:05:A5:32:D7:B5,-69,13,451,451,3,0
527218218,NODE_B0CBD8F33218,victim,2,28:05:A5:32:D7:B5,-69,13,451,451,3,0
527317695,NODE_B0CBD8F33218,victim,2,28:05:A5:32:D7:B5,-69,13,451,451,3,0
527417701,NODE_B0CBD8F33218,victim,2,28:05:A5:32:D7:B5,-70,13,451,451,3,0
527527693,NODE_B0CBD8F33218,victim,2,28:05:A5:32:D7:B5,-70,13,451,451,3,0
527627699,NODE_B0CBD8F33218,victim,2,28:05:A5:32:D7:B5,-70,13,451,451,3,0
527727689,NODE_B0CBD8F33218,victim,2,28:05:A5:32:D7:B5,-70,13,451,451,3,0
527837689,NODE_B0CBD8F33218,victim,2,28:05:A5:32:D7:B5,-70,13,451,451,3,0
527937689,NODE_B0CBD8F33218,victim,2,28:05:A5:32:D7:B5,-70,13,451,451,3,0
528038101,NODE_B0CBD8F33218,victim,2,28:05:A5:32:D7:B5,-70,13,452,452,3,0
528137693,NODE_B0CBD8F33218,victim,2,28:05:A5:32:D7:B5,-70,13,452,452,3,0
528247697,NODE_B0CBD8F33218,victim,2,28:05:A5:32:D7:B5,-70,13,452,452,3,0
528347699,NODE_B0CBD8F33218,victim,2,28:05:A5:32:D7:B5,-70,13,452,452,3,0
528447693,NODE_B0CBD8F33218,victim,2,28:05:A5:32:D7:B5,-70,13,452,452,3,0
528557693,NODE_B0CBD8F33218,victim,2,28:05:A5:32:D7:B5,-70,13,452,452,3,0
528657697,NODE_B0CBD8F33218,victim,2,28:05:A5:32:D7:B5,-70,13,452,452,3,0
528757699,NODE_B0CBD8F33218,victim,2,28:05:A5:32:D7:B5,-70,13,452,452,3,0
528867693,NODE_B0CBD8F33218,victim,2,28:05:A5:32:D7:B5,-70,13,452,452,3,0
528967689,NODE_B0CBD8F33218,victim,2,28:05:A5:32:D7:B5,-70,13,452,452,3,0
529067703,NODE_B0CBD8F33218,victim,2,28:05:A5:32:D7:B5,-70,13,453,453,3,0
529167693,NODE_B0CBD8F33218,victim,2,28:05:A5:32:D7:B5,-70,13,453,453,3,0
529277693,NODE_B0CBD8F33218,victim,2,28:05:A5:32:D7:B5,-70,13,453,453,3,0
529377701,NODE_B0CBD8F33218,victim,2,28:05:A5:32:D7:B5,-70,13,453,453,3,0
529477691,NODE_B0CBD8F33218,victim,2,28:05:A5:32:D7:B5,-70,13,453,453,3,0
529587689,NODE_B0CBD8F33218,victim,2,28:05:A5:32:D7:B5,-70,13,453,453,3,0
529687697,NODE_B0CBD8F33218,victim,2,28:05:A5:32:D7:B5,-70,13,453,453,3,0
529787691,NODE_B0CBD8F33218,victim,2,28:05:A5:32:D7:B5,-70,13,453,453,3,0
529897691,NODE_B0CBD8F33218,victim,2,28:05:A5:32:D7:B5,-70,13,453,453,3,0
529997689,NODE_B0CBD8F33218,victim,2,28:05:A5:32:D7:B5,-70,13,453,453,3,0
530097697,NODE_B0CBD8F33218,victim,2,28:05:A5:32:D7:B5,-70,13,454,454,3,0
530197695,NODE_B0CBD8F33218,victim,2,28:05:A5:32:D7:B5,-70,13,454,454,3,0
530307697,NODE_B0CBD8F33218,victim,2,28:05:A5:32:D7:B5,-70,13,454,454,3,0
530407697,NODE_B0CBD8F33218,victim,2,28:05:A5:32:D7:B5,-70,13,454,454,3,0
530507691,NODE_B0CBD8F33218,victim,2,28:05:A5:32:D7:B5,-70,13,454,454,3,0
530617691,NODE_B0CBD8F33218,victim,2,28:05:A5:32:D7:B5,-70,13,454,454,3,0
530717697,NODE_B0CBD8F33218,victim,2,28:05:A5:32:D7:B5,-70,13,454,454,3,0
530817689,NODE_B0CBD8F33218,victim,2,28:05:A5:32:D7:B5,-70,13,454,454,3,0
530927690,NODE_B0CBD8F33218,victim,2,28:05:A5:32:D7:B5,-70,13,454,454,3,0
531028482,NODE_B0CBD8F33218,victim,2,28:05:A5:32:D7:B5,-70,13,454,454,3,0
531127697,NODE_B0CBD8F33218,victim,2,28:05:A5:32:D7:B5,-70,13,455,455,3,0
531227695,NODE_B0CBD8F33218,victim,2,28:05:A5:32:D7:B5,-70,13,455,455,3,0
531327697,NODE_B0CBD8F33218,victim,2,28:05:A5:32:D7:B5,-70,13,455,455,3,0
531437701,NODE_B0CBD8F33218,victim,2,28:05:A5:32:D7:B5,-70,13,455,455,3,0
531537689,NODE_B0CBD8F33218,victim,2,28:05:A5:32:D7:B5,-69,13,455,455,3,0
531637695,NODE_B0CBD8F33218,victim,2,28:05:A5:32:D7:B5,-69,13,455,455,3,0
531747701,NODE_B0CBD8F33218,victim,2,28:05:A5:32:D7:B5,-69,13,455,455,3,0
531847689,NODE_B0CBD8F33218,victim,2,28:05:A5:32:D7:B5,-69,13,455,455,3,0
531957689,NODE_B0CBD8F33218,victim,2,28:05:A5:32:D7:B5,-69,13,455,455,3,0
532057703,NODE_B0CBD8F33218,victim,2,28:05:A5:32:D7:B5,-69,13,456,456,3,0
532157693,NODE_B0CBD8F33218,victim,2,28:05:A5:32:D7:B5,-69,13,456,456,3,0
532257693,NODE_B0CBD8F33218,victim,2,28:05:A5:32:D7:B5,-69,13,456,456,3,0
532357691,NODE_B0CBD8F33218,victim,2,28:05:A5:32:D7:B5,-69,13,456,456,3,0
532467693,NODE_B0CBD8F33218,victim,2,28:05:A5:32:D7:B5,-69,13,456,456,3,0
532567689,NODE_B0CBD8F33218,victim,2,28:05:A5:32:D7:B5,-70,13,456,456,3,0
532667691,NODE_B0CBD8F33218,victim,2,28:05:A5:32:D7:B5,-70,13,456,456,3,0
532777699,NODE_B0CBD8F33218,victim,2,28:05:A5:32:D7:B5,-70,13,456,456,3,0
532877689,NODE_B0CBD8F33218,victim,2,28:05:A5:32:D7:B5,-70,13,456,456,3,0
532977689,NODE_B0CBD8F33218,victim,2,28:05:A5:32:D7:B5,-70,13,456,456,3,0
533077699,NODE_B0CBD8F33218,victim,2,28:05:A5:32:D7:B5,-70,13,457,457,3,0
533187697,NODE_B0CBD8F33218,victim,2,28:05:A5:32:D7:B5,-70,13,457,457,3,0
533287693,NODE_B0CBD8F33218,victim,2,28:05:A5:32:D7:B5,-70,13,457,457,3,0
533387703,NODE_B0CBD8F33218,victim,2,28:05:A5:32:D7:B5,-70,13,457,457,3,0
533497691,NODE_B0CBD8F33218,victim,2,28:05:A5:32:D7:B5,-70,13,457,457,3,0
533597689,NODE_B0CBD8F33218,victim,2,28:05:A5:32:D7:B5,-69,13,457,457,3,0
533697689,NODE_B0CBD8F33218,victim,2,28:05:A5:32:D7:B5,-69,13,457,457,3,0
533807699,NODE_B0CBD8F33218,victim,2,28:05:A5:32:D7:B5,-69,13,457,457,3,0
533907689,NODE_B0CBD8F33218,victim,2,28:05:A5:32:D7:B5,-69,13,457,457,3,0
534007689,NODE_B0CBD8F33218,victim,2,28:05:A5:32:D7:B5,-69,13,457,457,3,0
534107699,NODE_B0CBD8F33218,victim,2,28:05:A5:32:D7:B5,-69,13,458,458,3,0
534217762,NODE_B0CBD8F33218,victim,2,28:05:A5:32:D7:B5,-69,13,458,458,3,0
534317689,NODE_B0CBD8F33218,victim,2,28:05:A5:32:D7:B5,-69,13,458,458,3,0
534417697,NODE_B0CBD8F33218,victim,2,28:05:A5:32:D7:B5,-69,13,458,458,3,0
534527691,NODE_B0CBD8F33218,victim,2,28:05:A5:32:D7:B5,-69,13,458,458,3,0
534627689,NODE_B0CBD8F33218,victim,2,28:05:A5:32:D7:B5,-70,13,458,458,3,0
534727697,NODE_B0CBD8F33218,victim,2,28:05:A5:32:D7:B5,-70,13,458,458,3,0
534837697,NODE_B0CBD8F33218,victim,2,28:05:A5:32:D7:B5,-70,13,458,458,3,0
534937691,NODE_B0CBD8F33218,victim,2,28:05:A5:32:D7:B5,-70,13,458,458,3,0
535038104,NODE_B0CBD8F33218,victim,2,28:05:A5:32:D7:B5,-70,13,459,459,3,0
535137693,NODE_B0CBD8F33218,victim,2,28:05:A5:32:D7:B5,-70,13,459,459,3,0
535247694,NODE_B0CBD8F33218,victim,2,28:05:A5:32:D7:B5,-70,13,459,459,3,0
535347693,NODE_B0CBD8F33218,victim,2,28:05:A5:32:D7:B5,-70,13,459,459,3,0
535447705,NODE_B0CBD8F33218,victim,2,28:05:A5:32:D7:B5,-70,13,459,459,3,0
535557693,NODE_B0CBD8F33218,victim,2,28:05:A5:32:D7:B5,-70,13,459,459,3,0
535657691,NODE_B0CBD8F33218,victim,2,28:05:A5:32:D7:B5,-70,13,459,459,3,0
535757693,NODE_B0CBD8F33218,victim,2,28:05:A5:32:D7:B5,-70,13,459,459,3,0
535867697,NODE_B0CBD8F33218,victim,2,28:05:A5:32:D7:B5,-70,13,459,459,3,0
535967691,NODE_B0CBD8F33218,victim,2,28:05:A5:32:D7:B5,-70,13,459,459,3,0
536067697,NODE_B0CBD8F33218,victim,2,28:05:A5:32:D7:B5,-70,13,460,460,3,0
536167693,NODE_B0CBD8F33218,victim,2,28:05:A5:32:D7:B5,-70,13,460,460,3,0
536277693,NODE_B0CBD8F33218,victim,2,28:05:A5:32:D7:B5,-70,13,460,460,3,0
536377699,NODE_B0CBD8F33218,victim,2,28:05:A5:32:D7:B5,-70,13,460,460,3,0
536477693,NODE_B0CBD8F33218,victim,2,28:05:A5:32:D7:B5,-70,13,460,460,3,0
536587693,NODE_B0CBD8F33218,victim,2,28:05:A5:32:D7:B5,-70,13,460,460,3,0
536687691,NODE_B0CBD8F33218,victim,2,28:05:A5:32:D7:B5,-70,13,460,460,3,0
536787693,NODE_B0CBD8F33218,victim,2,28:05:A5:32:D7:B5,-70,13,460,460,3,0
536897697,NODE_B0CBD8F33218,victim,2,28:05:A5:32:D7:B5,-70,13,460,460,3,0
536997689,NODE_B0CBD8F33218,victim,2,28:05:A5:32:D7:B5,-70,13,460,460,3,0
537097699,NODE_B0CBD8F33218,victim,2,28:05:A5:32:D7:B5,-70,13,461,461,3,0
537197693,NODE_B0CBD8F33218,victim,2,28:05:A5:32:D7:B5,-70,13,461,461,3,0
537307693,NODE_B0CBD8F33218,victim,2,28:05:A5:32:D7:B5,-70,13,461,461,3,0
537407703,NODE_B0CBD8F33218,victim,2,28:05:A5:32:D7:B5,-70,13,461,461,3,0
537507693,NODE_B0CBD8F33218,victim,2,28:05:A5:32:D7:B5,-70,13,461,461,3,0
537617693,NODE_B0CBD8F33218,victim,2,28:05:A5:32:D7:B5,-70,13,461,461,3,0
537717698,NODE_B0CBD8F33218,victim,2,28:05:A5:32:D7:B5,-70,13,461,461,3,0
537817695,NODE_B0CBD8F33218,victim,2,28:05:A5:32:D7:B5,-70,13,461,461,3,0
537927697,NODE_B0CBD8F33218,victim,2,28:05:A5:32:D7:B5,-70,13,461,461,3,0
538028477,NODE_B0CBD8F33218,victim,2,28:05:A5:32:D7:B5,-70,13,461,461,3,0
538127702,NODE_B0CBD8F33218,victim,2,28:05:A5:32:D7:B5,-70,13,462,462,3,0
538227697,NODE_B0CBD8F33218,victim,2,28:05:A5:32:D7:B5,-70,13,462,462,3,0
538337693,NODE_B0CBD8F33218,victim,2,28:05:A5:32:D7:B5,-70,13,462,462,3,0
538437693,NODE_B0CBD8F33218,victim,2,28:05:A5:32:D7:B5,-70,13,462,462,3,0
538537695,NODE_B0CBD8F33218,victim,2,28:05:A5:32:D7:B5,-70,13,462,462,3,0
538647693,NODE_B0CBD8F33218,victim,2,28:05:A5:32:D7:B5,-70,13,462,462,3,0
538747689,NODE_B0CBD8F33218,victim,2,28:05:A5:32:D7:B5,-70,13,462,462,3,0
538847695,NODE_B0CBD8F33218,victim,2,28:05:A5:32:D7:B5,-70,13,462,462,3,0
538957699,NODE_B0CBD8F33218,victim,2,28:05:A5:32:D7:B5,-70,13,462,462,3,0
539057697,NODE_B0CBD8F33218,victim,2,28:05:A5:32:D7:B5,-70,13,463,463,3,0
539157693,NODE_B0CBD8F33218,victim,2,28:05:A5:32:D7:B5,-70,13,463,463,3,0
539257695,NODE_B0CBD8F33218,victim,2,28:05:A5:32:D7:B5,-70,13,463,463,3,0
539367705,NODE_B0CBD8F33218,victim,2,28:05:A5:32:D7:B5,-70,13,463,463,3,0
539467689,NODE_B0CBD8F33218,victim,2,28:05:A5:32:D7:B5,-70,13,463,463,3,0
539567691,NODE_B0CBD8F33218,victim,2,28:05:A5:32:D7:B5,-70,13,463,463,3,0
539677691,NODE_B0CBD8F33218,victim,2,28:05:A5:32:D7:B5,-70,13,463,463,3,0
539777689,NODE_B0CBD8F33218,victim,2,28:05:A5:32:D7:B5,-70,13,463,463,3,0
539877689,NODE_B0CBD8F33218,victim,2,28:05:A5:32:D7:B5,-70,13,463,463,3,0
539987699,NODE_B0CBD8F33218,victim,2,28:05:A5:32:D7:B5,-70,13,463,463,3,0
540087697,NODE_B0CBD8F33218,victim,2,28:05:A5:32:D7:B5,-70,13,464,464,3,0
540187693,NODE_B0CBD8F33218,victim,2,28:05:A5:32:D7:B5,-70,13,464,464,3,0
540287695,NODE_B0CBD8F33218,victim,2,28:05:A5:32:D7:B5,-70,13,464,464,3,0
540387697,NODE_B0CBD8F33218,victim,2,28:05:A5:32:D7:B5,-70,13,464,464,3,0
540487689,NODE_B0CBD8F33218,victim,2,28:05:A5:32:D7:B5,-70,13,464,464,3,0
540597689,NODE_B0CBD8F33218,victim,2,28:05:A5:32:D7:B5,-70,13,464,464,3,0
540707691,NODE_B0CBD8F33218,victim,2,28:05:A5:32:D7:B5,-70,13,464,464,3,0
540807697,NODE_B0CBD8F33218,victim,2,28:05:A5:32:D7:B5,-70,13,464,464,3,0
540907689,NODE_B0CBD8F33218,victim,2,28:05:A5:32:D7:B5,-70,13,464,464,3,0
541017701,NODE_B0CBD8F33218,victim,2,28:05:A5:32:D7:B5,-70,13,464,464,3,0
541117703,NODE_B0CBD8F33218,victim,2,28:05:A5:32:D7:B5,-70,13,465,465,3,0
541217693,NODE_B0CBD8F33218,victim,2,28:05:A5:32:D7:B5,-70,13,465,465,3,0
541317693,NODE_B0CBD8F33218,victim,2,28:05:A5:32:D7:B5,-70,13,465,465,3,0
541417703,NODE_B0CBD8F33218,victim,2,28:05:A5:32:D7:B5,-70,13,465,465,3,0
541517689,NODE_B0CBD8F33218,victim,2,28:05:A5:32:D7:B5,-70,13,465,465,3,0
541627693,NODE_B0CBD8F33218,victim,2,28:05:A5:32:D7:B5,-70,13,465,465,3,0
541727691,NODE_B0CBD8F33218,victim,2,28:05:A5:32:D7:B5,-70,13,465,465,3,0
541827689,NODE_B0CBD8F33218,victim,2,28:05:A5:32:D7:B5,-69,13,465,465,3,0
541937689,NODE_B0CBD8F33218,victim,2,28:05:A5:32:D7:B5,-69,13,465,465,3,0
542038100,NODE_B0CBD8F33218,victim,2,28:05:A5:32:D7:B5,-69,13,466,466,3,0
542137695,NODE_B0CBD8F33218,victim,2,28:05:A5:32:D7:B5,-69,13,466,466,3,0
542247693,NODE_B0CBD8F33218,victim,2,28:05:A5:32:D7:B5,-69,13,466,466,3,0
542347697,NODE_B0CBD8F33218,victim,2,28:05:A5:32:D7:B5,-69,13,466,466,3,0
542447694,NODE_B0CBD8F33218,victim,2,28:05:A5:32:D7:B5,-69,13,466,466,3,0
542547689,NODE_B0CBD8F33218,victim,2,28:05:A5:32:D7:B5,-69,13,466,466,3,0
542657689,NODE_B0CBD8F33218,victim,2,28:05:A5:32:D7:B5,-69,13,466,466,3,0
542757689,NODE_B0CBD8F33218,victim,2,28:05:A5:32:D7:B5,-69,13,466,466,3,0
542857691,NODE_B0CBD8F33218,victim,2,28:05:A5:32:D7:B5,-69,13,466,466,3,0
542967689,NODE_B0CBD8F33218,victim,2,28:05:A5:32:D7:B5,-69,13,466,466,3,0
543067697,NODE_B0CBD8F33218,victim,2,28:05:A5:32:D7:B5,-69,13,467,467,3,0
543167983,NODE_B0CBD8F33218,victim,2,28:05:A5:32:D7:B5,-69,13,467,467,3,0
543277695,NODE_B0CBD8F33218,victim,2,28:05:A5:32:D7:B5,-69,13,467,467,3,0
543377705,NODE_B0CBD8F33218,victim,2,28:05:A5:32:D7:B5,-69,13,467,467,3,0
543477693,NODE_B0CBD8F33218,victim,2,28:05:A5:32:D7:B5,-69,13,467,467,3,0
543577691,NODE_B0CBD8F33218,victim,2,28:05:A5:32:D7:B5,-69,13,467,467,3,0
543687693,NODE_B0CBD8F33218,victim,2,28:05:A5:32:D7:B5,-69,13,467,467,3,0
543787697,NODE_B0CBD8F33218,victim,2,28:05:A5:32:D7:B5,-69,13,467,467,3,0
543887691,NODE_B0CBD8F33218,victim,2,28:05:A5:32:D7:B5,-69,13,467,467,3,0
543997699,NODE_B0CBD8F33218,victim,2,28:05:A5:32:D7:B5,-69,13,467,467,3,0
544097705,NODE_B0CBD8F33218,victim,2,28:05:A5:32:D7:B5,-69,13,468,468,3,0
544197693,NODE_B0CBD8F33218,victim,2,28:05:A5:32:D7:B5,-69,13,468,468,3,0
544307695,NODE_B0CBD8F33218,victim,2,28:05:A5:32:D7:B5,-69,13,468,468,3,0
544407693,NODE_B0CBD8F33218,victim,2,28:05:A5:32:D7:B5,-69,13,468,468,3,0
544507693,NODE_B0CBD8F33218,victim,2,28:05:A5:32:D7:B5,-69,13,468,468,3,0
544607691,NODE_B0CBD8F33218,victim,2,28:05:A5:32:D7:B5,-69,13,468,468,3,0
544717695,NODE_B0CBD8F33218,victim,2,28:05:A5:32:D7:B5,-69,13,468,468,3,0
544817693,NODE_B0CBD8F33218,victim,2,28:05:A5:32:D7:B5,-69,13,468,468,3,0
544917689,NODE_B0CBD8F33218,victim,2,28:05:A5:32:D7:B5,-69,13,468,468,3,0
545028493,NODE_B0CBD8F33218,victim,2,28:05:A5:32:D7:B5,-69,13,468,468,3,0
545127697,NODE_B0CBD8F33218,victim,2,28:05:A5:32:D7:B5,-69,13,469,469,3,0
545227693,NODE_B0CBD8F33218,victim,2,28:05:A5:32:D7:B5,-69,13,469,469,3,0
545337693,NODE_B0CBD8F33218,victim,2,28:05:A5:32:D7:B5,-69,13,469,469,3,0
545437707,NODE_B0CBD8F33218,victim,2,28:05:A5:32:D7:B5,-69,13,469,469,3,0
545537689,NODE_B0CBD8F33218,victim,2,28:05:A5:32:D7:B5,-69,13,469,469,3,0
545637689,NODE_B0CBD8F33218,victim,2,28:05:A5:32:D7:B5,-69,13,469,469,3,0
545747691,NODE_B0CBD8F33218,victim,2,28:05:A5:32:D7:B5,-69,13,469,469,3,0
545848359,NODE_B0CBD8F33218,victim,2,28:05:A5:32:D7:B5,-69,13,469,469,3,0
545947685,NODE_B0CBD8F33218,victim,2,28:05:A5:32:D7:B5,-69,13,469,469,3,0
546057701,NODE_B0CBD8F33218,victim,2,28:05:A5:32:D7:B5,-69,13,470,470,3,0
546157695,NODE_B0CBD8F33218,victim,2,28:05:A5:32:D7:B5,-69,13,470,470,3,0
546257693,NODE_B0CBD8F33218,victim,2,28:05:A5:32:D7:B5,-69,13,470,470,3,0
546367697,NODE_B0CBD8F33218,victim,2,28:05:A5:32:D7:B5,-69,13,470,470,3,0
546467691,NODE_B0CBD8F33218,victim,2,28:05:A5:32:D7:B5,-69,13,470,470,3,0
546567689,NODE_B0CBD8F33218,victim,2,28:05:A5:32:D7:B5,-69,13,470,470,3,0
546667689,NODE_B0CBD8F33218,victim,2,28:05:A5:32:D7:B5,-69,13,470,470,3,0
546777697,NODE_B0CBD8F33218,victim,2,28:05:A5:32:D7:B5,-69,13,470,470,3,0
546877695,NODE_B0CBD8F33218,victim,2,28:05:A5:32:D7:B5,-69,13,470,470,3,0
546977689,NODE_B0CBD8F33218,victim,2,28:05:A5:32:D7:B5,-69,13,470,470,3,0
547087697,NODE_B0CBD8F33218,victim,2,28:05:A5:32:D7:B5,-69,13,471,471,3,0
547187695,NODE_B0CBD8F33218,victim,2,28:05:A5:32:D7:B5,-69,13,471,471,3,0
547287693,NODE_B0CBD8F33218,victim,2,28:05:A5:32:D7:B5,-69,13,471,471,3,0
547397701,NODE_B0CBD8F33218,victim,2,28:05:A5:32:D7:B5,-69,13,471,471,3,0
547497689,NODE_B0CBD8F33218,victim,2,28:05:A5:32:D7:B5,-69,13,471,471,3,0
547597691,NODE_B0CBD8F33218,victim,2,28:05:A5:32:D7:B5,-69,13,471,471,3,0
547697689,NODE_B0CBD8F33218,victim,2,28:05:A5:32:D7:B5,-69,13,471,471,3,0
547807689,NODE_B0CBD8F33218,victim,2,28:05:A5:32:D7:B5,-69,13,471,471,3,0
547907783,NODE_B0CBD8F33218,victim,2,28:05:A5:32:D7:B5,-69,13,471,471,3,0
548007689,NODE_B0CBD8F33218,victim,2,28:05:A5:32:D7:B5,-69,13,471,471,3,0
548117701,NODE_B0CBD8F33218,victim,2,28:05:A5:32:D7:B5,-69,13,472,472,3,0
548217697,NODE_B0CBD8F33218,victim,2,28:05:A5:32:D7:B5,-69,13,472,472,3,0
548317699,NODE_B0CBD8F33218,victim,2,28:05:A5:32:D7:B5,-69,13,472,472,3,0
548427693,NODE_B0CBD8F33218,victim,2,28:05:A5:32:D7:B5,-69,13,472,472,3,0
548527689,NODE_B0CBD8F33218,victim,2,28:05:A5:32:D7:B5,-69,13,472,472,3,0
548627695,NODE_B0CBD8F33218,victim,2,28:05:A5:32:D7:B5,-69,13,472,472,3,0
548727689,NODE_B0CBD8F33218,victim,2,28:05:A5:32:D7:B5,-69,13,472,472,3,0
548837693,NODE_B0CBD8F33218,victim,2,28:05:A5:32:D7:B5,-69,13,472,472,3,0
548937693,NODE_B0CBD8F33218,victim,2,28:05:A5:32:D7:B5,-68,13,472,472,3,0
549038097,NODE_B0CBD8F33218,victim,2,28:05:A5:32:D7:B5,-68,13,473,473,3,0
549147697,NODE_B0CBD8F33218,victim,2,28:05:A5:32:D7:B5,-68,13,473,473,3,0
549247693,NODE_B0CBD8F33218,victim,2,28:05:A5:32:D7:B5,-68,13,473,473,3,0
549347703,NODE_B0CBD8F33218,victim,2,28:05:A5:32:D7:B5,-68,13,473,473,3,0
549457703,NODE_B0CBD8F33218,victim,2,28:05:A5:32:D7:B5,-68,13,473,473,3,0
549557689,NODE_B0CBD8F33218,victim,2,28:05:A5:32:D7:B5,-68,13,473,473,3,0
549657689,NODE_B0CBD8F33218,victim,2,28:05:A5:32:D7:B5,-68,13,473,473,3,0
549757699,NODE_B0CBD8F33218,victim,2,28:05:A5:32:D7:B5,-68,13,473,473,3,0
549867689,NODE_B0CBD8F33218,victim,2,28:05:A5:32:D7:B5,-68,13,473,473,3,0
549967689,NODE_B0CBD8F33218,victim,2,28:05:A5:32:D7:B5,-69,13,473,473,3,0
550067703,NODE_B0CBD8F33218,victim,2,28:05:A5:32:D7:B5,-69,13,474,474,3,0
550177699,NODE_B0CBD8F33218,victim,2,28:05:A5:32:D7:B5,-69,13,474,474,3,0
550277693,NODE_B0CBD8F33218,victim,2,28:05:A5:32:D7:B5,-69,13,474,474,3,0
550377697,NODE_B0CBD8F33218,victim,2,28:05:A5:32:D7:B5,-69,13,474,474,3,0
550487691,NODE_B0CBD8F33218,victim,2,28:05:A5:32:D7:B5,-69,13,474,474,3,0
550587689,NODE_B0CBD8F33218,victim,2,28:05:A5:32:D7:B5,-69,13,474,474,3,0
550687689,NODE_B0CBD8F33218,victim,2,28:05:A5:32:D7:B5,-69,13,474,474,3,0
550787691,NODE_B0CBD8F33218,victim,2,28:05:A5:32:D7:B5,-69,13,474,474,3,0
550887689,NODE_B0CBD8F33218,victim,2,28:05:A5:32:D7:B5,-69,13,474,474,3,0
550997693,NODE_B0CBD8F33218,victim,2,28:05:A5:32:D7:B5,-69,13,474,474,3,0
551097697,NODE_B0CBD8F33218,victim,2,28:05:A5:32:D7:B5,-69,13,475,475,3,0
551207699,NODE_B0CBD8F33218,victim,2,28:05:A5:32:D7:B5,-69,13,475,475,3,0
551307697,NODE_B0CBD8F33218,victim,2,28:05:A5:32:D7:B5,-69,13,475,475,3,0
551407701,NODE_B0CBD8F33218,victim,2,28:05:A5:32:D7:B5,-69,13,475,475,3,0
551517689,NODE_B0CBD8F33218,victim,2,28:05:A5:32:D7:B5,-69,13,475,475,3,0
551617691,NODE_B0CBD8F33218,victim,2,28:05:A5:32:D7:B5,-69,13,475,475,3,0
551717689,NODE_B0CBD8F33218,victim,2,28:05:A5:32:D7:B5,-69,13,475,475,3,0
551817689,NODE_B0CBD8F33218,victim,2,28:05:A5:32:D7:B5,-69,13,475,475,3,0
551917695,NODE_B0CBD8F33218,victim,2,28:05:A5:32:D7:B5,-69,13,475,475,3,0
552027693,NODE_B0CBD8F33218,victim,2,28:05:A5:32:D7:B5,-69,13,475,475,3,0
552127697,NODE_B0CBD8F33218,victim,2,28:05:A5:32:D7:B5,-69,13,476,476,3,0
552227699,NODE_B0CBD8F33218,victim,2,28:05:A5:32:D7:B5,-69,13,476,476,3,0
552337691,NODE_B0CBD8F33218,victim,2,28:05:A5:32:D7:B5,-69,13,476,476,3,0
552437697,NODE_B0CBD8F33218,victim,2,28:05:A5:32:D7:B5,-69,13,476,476,3,0
552537693,NODE_B0CBD8F33218,victim,2,28:05:A5:32:D7:B5,-69,13,476,476,3,0
552637691,NODE_B0CBD8F33218,victim,2,28:05:A5:32:D7:B5,-69,13,476,476,3,0
552747697,NODE_B0CBD8F33218,victim,2,28:05:A5:32:D7:B5,-69,13,476,476,3,0
552847689,NODE_B0CBD8F33218,victim,2,28:05:A5:32:D7:B5,-69,13,476,476,3,0
552947691,NODE_B0CBD8F33218,victim,2,28:05:A5:32:D7:B5,-69,13,476,476,3,0
553058483,NODE_B0CBD8F33218,victim,2,28:05:A5:32:D7:B5,-69,13,476,476,3,0
553157701,NODE_B0CBD8F33218,victim,2,28:05:A5:32:D7:B5,-69,13,477,477,3,0
553257701,NODE_B0CBD8F33218,victim,2,28:05:A5:32:D7:B5,-69,13,477,477,3,0
553367695,NODE_B0CBD8F33218,victim,2,28:05:A5:32:D7:B5,-69,13,477,477,3,0
553467701,NODE_B0CBD8F33218,victim,2,28:05:A5:32:D7:B5,-69,13,477,477,3,0
553567693,NODE_B0CBD8F33218,victim,2,28:05:A5:32:D7:B5,-69,13,477,477,3,0
553667691,NODE_B0CBD8F33218,victim,2,28:05:A5:32:D7:B5,-69,13,477,477,3,0
553777695,NODE_B0CBD8F33218,victim,2,28:05:A5:32:D7:B5,-69,13,477,477,3,0
553877689,NODE_B0CBD8F33218,victim,2,28:05:A5:32:D7:B5,-69,13,477,477,3,0
553977693,NODE_B0CBD8F33218,victim,2,28:05:A5:32:D7:B5,-69,13,477,477,3,0
554087699,NODE_B0CBD8F33218,victim,2,28:05:A5:32:D7:B5,-69,13,478,478,3,0
554187689,NODE_B0CBD8F33218,victim,2,28:05:A5:32:D7:B5,-69,13,478,478,3,0
554287697,NODE_B0CBD8F33218,victim,2,28:05:A5:32:D7:B5,-69,13,478,478,3,0
554397697,NODE_B0CBD8F33218,victim,2,28:05:A5:32:D7:B5,-69,13,478,478,3,0
554497691,NODE_B0CBD8F33218,victim,2,28:05:A5:32:D7:B5,-69,13,478,478,3,0
554597689,NODE_B0CBD8F33218,victim,2,28:05:A5:32:D7:B5,-69,13,478,478,3,0
554697689,NODE_B0CBD8F33218,victim,2,28:05:A5:32:D7:B5,-69,13,478,478,3,0
554807691,NODE_B0CBD8F33218,victim,2,28:05:A5:32:D7:B5,-69,13,478,478,3,0
554907689,NODE_B0CBD8F33218,victim,2,28:05:A5:32:D7:B5,-69,13,478,478,3,0
555007689,NODE_B0CBD8F33218,victim,2,28:05:A5:32:D7:B5,-69,13,478,478,3,0
555117697,NODE_B0CBD8F33218,victim,2,28:05:A5:32:D7:B5,-70,13,479,479,3,0
555217695,NODE_B0CBD8F33218,victim,2,28:05:A5:32:D7:B5,-70,13,479,479,3,0
555317697,NODE_B0CBD8F33218,victim,2,28:05:A5:32:D7:B5,-70,13,479,479,3,0
555427705,NODE_B0CBD8F33218,victim,2,28:05:A5:32:D7:B5,-70,13,479,479,3,0
555527691,NODE_B0CBD8F33218,victim,2,28:05:A5:32:D7:B5,-70,13,479,479,3,0
555627693,NODE_B0CBD8F33218,victim,2,28:05:A5:32:D7:B5,-70,13,479,479,3,0
555727693,NODE_B0CBD8F33218,victim,2,28:05:A5:32:D7:B5,-70,13,479,479,3,0
555837689,NODE_B0CBD8F33218,victim,2,28:05:A5:32:D7:B5,-70,13,479,479,3,0
555937691,NODE_B0CBD8F33218,victim,2,28:05:A5:32:D7:B5,-70,13,479,479,3,0
556038116,NODE_B0CBD8F33218,victim,2,28:05:A5:32:D7:B5,-70,13,479,479,3,0
556147701,NODE_B0CBD8F33218,victim,2,28:05:A5:32:D7:B5,-69,13,480,480,3,0
556247695,NODE_B0CBD8F33218,victim,2,28:05:A5:32:D7:B5,-69,13,480,480,3,0
556347697,NODE_B0CBD8F33218,victim,2,28:05:A5:32:D7:B5,-69,13,480,480,3,0
556457693,NODE_B0CBD8F33218,victim,2,28:05:A5:32:D7:B5,-69,13,480,480,3,0
556557689,NODE_B0CBD8F33218,victim,2,28:05:A5:32:D7:B5,-69,13,480,480,3,0
556657695,NODE_B0CBD8F33218,victim,2,28:05:A5:32:D7:B5,-69,13,480,480,3,0
556757689,NODE_B0CBD8F33218,victim,2,28:05:A5:32:D7:B5,-69,13,480,480,3,0
556867693,NODE_B0CBD8F33218,victim,2,28:05:A5:32:D7:B5,-69,13,480,480,3,0
556967691,NODE_B0CBD8F33218,victim,2,28:05:A5:32:D7:B5,-69,13,480,480,3,0
557067697,NODE_B0CBD8F33218,victim,2,28:05:A5:32:D7:B5,-69,13,481,481,3,0
557177693,NODE_B0CBD8F33218,victim,2,28:05:A5:32:D7:B5,-69,13,481,481,3,0
557277693,NODE_B0CBD8F33218,victim,2,28:05:A5:32:D7:B5,-69,13,481,481,3,0
557377703,NODE_B0CBD8F33218,victim,2,28:05:A5:32:D7:B5,-69,13,481,481,3,0
557487693,NODE_B0CBD8F33218,victim,2,28:05:A5:32:D7:B5,-69,13,481,481,3,0
557587689,NODE_B0CBD8F33218,victim,2,28:05:A5:32:D7:B5,-69,13,481,481,3,0
557687695,NODE_B0CBD8F33218,victim,2,28:05:A5:32:D7:B5,-69,13,481,481,3,0
557787689,NODE_B0CBD8F33218,victim,2,28:05:A5:32:D7:B5,-69,13,481,481,3,0
557897693,NODE_B0CBD8F33218,victim,2,28:05:A5:32:D7:B5,-69,13,481,481,3,0
557997689,NODE_B0CBD8F33218,victim,2,28:05:A5:32:D7:B5,-69,13,481,481,3,0
558097699,NODE_B0CBD8F33218,victim,2,28:05:A5:32:D7:B5,-69,13,482,482,3,0
558207693,NODE_B0CBD8F33218,victim,2,28:05:A5:32:D7:B5,-69,13,482,482,3,0
558307697,NODE_B0CBD8F33218,victim,2,28:05:A5:32:D7:B5,-69,13,482,482,3,0
558407703,NODE_B0CBD8F33218,victim,2,28:05:A5:32:D7:B5,-69,13,482,482,3,0
558517695,NODE_B0CBD8F33218,victim,2,28:05:A5:32:D7:B5,-69,13,482,482,3,0
558617689,NODE_B0CBD8F33218,victim,2,28:05:A5:32:D7:B5,-69,13,482,482,3,0
558717693,NODE_B0CBD8F33218,victim,2,28:05:A5:32:D7:B5,-69,13,482,482,3,0
558817699,NODE_B0CBD8F33218,victim,2,28:05:A5:32:D7:B5,-69,13,482,482,3,0
558927693,NODE_B0CBD8F33218,victim,2,28:05:A5:32:D7:B5,-69,13,482,482,3,0
559027693,NODE_B0CBD8F33218,victim,2,28:05:A5:32:D7:B5,-69,13,482,482,3,0
559127703,NODE_B0CBD8F33218,victim,2,28:05:A5:32:D7:B5,-69,13,483,483,3,0
559237695,NODE_B0CBD8F33218,victim,2,28:05:A5:32:D7:B5,-69,13,483,483,3,0
559337689,NODE_B0CBD8F33218,victim,2,28:05:A5:32:D7:B5,-69,13,483,483,3,0
559437701,NODE_B0CBD8F33218,victim,2,28:05:A5:32:D7:B5,-69,13,483,483,3,0
559547694,NODE_B0CBD8F33218,victim,2,28:05:A5:32:D7:B5,-69,13,483,483,3,0
559647689,NODE_B0CBD8F33218,victim,2,28:05:A5:32:D7:B5,-69,13,483,483,3,0
559747693,NODE_B0CBD8F33218,victim,2,28:05:A5:32:D7:B5,-69,13,483,483,3,0
559847691,NODE_B0CBD8F33218,victim,2,28:05:A5:32:D7:B5,-69,13,483,483,3,0
559957695,NODE_B0CBD8F33218,victim,2,28:05:A5:32:D7:B5,-69,13,483,483,3,0
560058481,NODE_B0CBD8F33218,victim,2,28:05:A5:32:D7:B5,-69,13,483,483,3,0
560157701,NODE_B0CBD8F33218,victim,2,28:05:A5:32:D7:B5,-69,13,484,484,3,0
560267695,NODE_B0CBD8F33218,victim,2,28:05:A5:32:D7:B5,-69,13,484,484,3,0
61021347,NODE_B0CBD8F33218,victim,-1,00:00:00:00:00:00,0,1,0,0,0,0
61127681,NODE_B0CBD8F33218,victim,-1,00:00:00:00:00:00,0,1,0,0,0,0
61227831,NODE_B0CBD8F33218,victim,-1,00:00:00:00:00:00,0,1,0,0,0,0
61327680,NODE_B0CBD8F33218,victim,-1,00:00:00:00:00:00,0,1,0,0,0,0
61427688,NODE_B0CBD8F33218,victim,-1,00:00:00:00:00:00,0,1,0,0,0,0
61527688,NODE_B0CBD8F33218,victim,-1,00:00:00:00:00:00,0,1,0,0,0,0
61627688,NODE_B0CBD8F33218,victim,-1,00:00:00:00:00:00,0,1,0,0,0,0
61727685,NODE_B0CBD8F33218,victim,-1,00:00:00:00:00:00,0,1,0,0,0,0
61827688,NODE_B0CBD8F33218,victim,-1,00:00:00:00:00:00,0,1,0,0,0,0
61927688,NODE_B0CBD8F33218,victim,-1,00:00:00:00:00:00,0,1,0,0,0,0
62037685,NODE_B0CBD8F33218,victim,-1,00:00:00:00:00:00,0,2,0,0,0,0
62137688,NODE_B0CBD8F33218,victim,-1,00:00:00:00:00:00,0,2,0,0,0,0
62237688,NODE_B0CBD8F33218,victim,-1,00:00:00:00:00:00,0,2,0,0,0,0
62337688,NODE_B0CBD8F33218,victim,-1,00:00:00:00:00:00,0,2,0,0,0,0
62437688,NODE_B0CBD8F33218,victim,-1,00:00:00:00:00:00,0,2,0,0,0,0
62537688,NODE_B0CBD8F33218,victim,-1,00:00:00:00:00:00,0,2,0,0,0,0
62637688,NODE_B0CBD8F33218,victim,-1,00:00:00:00:00:00,0,2,0,0,0,0
62737685,NODE_B0CBD8F33218,victim,-1,00:00:00:00:00:00,0,2,0,0,0,0
62837688,NODE_B0CBD8F33218,victim,-1,00:00:00:00:00:00,0,2,0,0,0,0
62937688,NODE_B0CBD8F33218,victim,-1,00:00:00:00:00:00,0,2,0,0,0,0
63048050,NODE_B0CBD8F33218,victim,-1,00:00:00:00:00:00,0,3,0,0,0,0
63147685,NODE_B0CBD8F33218,victim,-1,00:00:00:00:00:00,0,3,0,0,0,0
63247688,NODE_B0CBD8F33218,victim,-1,00:00:00:00:00:00,0,3,0,0,0,0
63347688,NODE_B0CBD8F33218,victim,-1,00:00:00:00:00:00,0,3,0,0,0,0
63447688,NODE_B0CBD8F33218,victim,-1,00:00:00:00:00:00,0,3,0,0,0,0
63547726,NODE_B0CBD8F33218,victim,-1,00:00:00:00:00:00,0,3,0,0,0,0
63647693,NODE_B0CBD8F33218,victim,-1,00:00:00:00:00:00,0,3,0,0,0,0
63747681,NODE_B0CBD8F33218,victim,-1,00:00:00:00:00:00,0,3,0,0,0,0
63847775,NODE_B0CBD8F33218,victim,-1,00:00:00:00:00:00,0,3,0,0,0,0
63947685,NODE_B0CBD8F33218,victim,-1,00:00:00:00:00:00,0,3,0,0,0,0
64057688,NODE_B0CBD8F33218,victim,-1,00:00:00:00:00:00,0,4,0,0,0,0
64157685,NODE_B0CBD8F33218,victim,-1,00:00:00:00:00:00,0,4,0,0,0,0
64257688,NODE_B0CBD8F33218,victim,-1,00:00:00:00:00:00,0,4,0,0,0,0
64357685,NODE_B0CBD8F33218,victim,-1,00:00:00:00:00:00,0,4,0,0,0,0
64457715,NODE_B0CBD8F33218,victim,-1,00:00:00:00:00:00,0,4,0,0,0,0
64557684,NODE_B0CBD8F33218,victim,-1,00:00:00:00:00:00,0,4,0,0,0,0
64657688,NODE_B0CBD8F33218,victim,-1,00:00:00:00:00:00,0,4,0,0,0,0
64757685,NODE_B0CBD8F33218,victim,-1,00:00:00:00:00:00,0,4,0,0,0,0
64857688,NODE_B0CBD8F33218,victim,-1,00:00:00:00:00:00,0,4,0,0,0,0
64957688,NODE_B0CBD8F33218,victim,-1,00:00:00:00:00:00,0,4,0,0,0,0
65067693,NODE_B0CBD8F33218,victim,-1,00:00:00:00:00:00,0,5,0,0,0,0
65167685,NODE_B0CBD8F33218,victim,-1,00:00:00:00:00:00,0,5,0,0,0,0
65267688,NODE_B0CBD8F33218,victim,-1,00:00:00:00:00:00,0,5,0,0,0,0
65367688,NODE_B0CBD8F33218,victim,-1,00:00:00:00:00:00,0,5,0,0,0,0
65467802,NODE_B0CBD8F33218,victim,-1,00:00:00:00:00:00,0,5,0,0,0,0
65567684,NODE_B0CBD8F33218,victim,-1,00:00:00:00:00:00,0,5,0,0,0,0
65667688,NODE_B0CBD8F33218,victim,-1,00:00:00:00:00:00,0,5,0,0,0,0
65767685,NODE_B0CBD8F33218,victim,-1,00:00:00:00:00:00,0,5,0,0,0,0
65867719,NODE_B0CBD8F33218,victim,-1,00:00:00:00:00:00,0,5,0,0,0,0
65967688,NODE_B0CBD8F33218,victim,-1,00:00:00:00:00:00,0,5,0,0,0,0
66077688,NODE_B0CBD8F33218,victim,-1,00:00:00:00:00:00,0,6,0,0,0,0
66177685,NODE_B0CBD8F33218,victim,-1,00:00:00:00:00:00,0,6,0,0,0,0
66277688,NODE_B0CBD8F33218,victim,-1,00:00:00:00:00:00,0,6,0,0,0,0
66377688,NODE_B0CBD8F33218,victim,-1,00:00:00:00:00:00,0,6,0,0,0,0
66477688,NODE_B0CBD8F33218,victim,-1,00:00:00:00:00:00,0,6,0,0,0,0
66577685,NODE_B0CBD8F33218,victim,-1,00:00:00:00:00:00,0,6,0,0,0,0
66677741,NODE_B0CBD8F33218,victim,-1,00:00:00:00:00:00,0,6,0,0,0,0
66777688,NODE_B0CBD8F33218,victim,-1,00:00:00:00:00:00,0,6,0,0,0,0
66877688,NODE_B0CBD8F33218,victim,-1,00:00:00:00:00:00,0,6,0,0,0,0
66977685,NODE_B0CBD8F33218,victim,-1,00:00:00:00:00:00,0,6,0,0,0,0
67087688,NODE_B0CBD8F33218,victim,-1,00:00:00:00:00:00,0,7,0,0,0,0
67187686,NODE_B0CBD8F33218,victim,-1,00:00:00:00:00:00,0,7,0,0,0,0
67287688,NODE_B0CBD8F33218,victim,-1,00:00:00:00:00:00,0,7,0,0,0,0
67387685,NODE_B0CBD8F33218,victim,-1,00:00:00:00:00:00,0,7,0,0,0,0
67487688,NODE_B0CBD8F33218,victim,-1,00:00:00:00:00:00,0,7,0,0,0,0
67587688,NODE_B0CBD8F33218,victim,-1,00:00:00:00:00:00,0,7,0,0,0,0
67687699,NODE_B0CBD8F33218,victim,-1,00:00:00:00:00:00,0,7,0,0,0,0
67787685,NODE_B0CBD8F33218,victim,-1,00:00:00:00:00:00,0,7,0,0,0,0
67887757,NODE_B0CBD8F33218,victim,-1,00:00:00:00:00:00,0,7,0,0,0,0
67987684,NODE_B0CBD8F33218,victim,-1,00:00:00:00:00:00,0,7,0,0,0,0
68097692,NODE_B0CBD8F33218,victim,-1,00:00:00:00:00:00,0,8,0,0,0,0
68197685,NODE_B0CBD8F33218,victim,-1,00:00:00:00:00:00,0,8,0,0,0,0
68297688,NODE_B0CBD8F33218,victim,-1,00:00:00:00:00:00,0,8,0,0,0,0
68397688,NODE_B0CBD8F33218,victim,-1,00:00:00:00:00:00,0,8,0,0,0,0
68497688,NODE_B0CBD8F33218,victim,-1,00:00:00:00:00:00,0,8,0,0,0,0
68597690,NODE_B0CBD8F33218,victim,-1,00:00:00:00:00:00,0,8,0,0,0,0
68697688,NODE_B0CBD8F33218,victim,-1,00:00:00:00:00:00,0,8,0,0,0,0
68797685,NODE_B0CBD8F33218,victim,-1,00:00:00:00:00:00,0,8,0,0,0,0
68897688,NODE_B0CBD8F33218,victim,-1,00:00:00:00:00:00,0,8,0,0,0,0
68997688,NODE_B0CBD8F33218,victim,-1,00:00:00:00:00:00,0,8,0,0,0,0
69107692,NODE_B0CBD8F33218,victim,-1,00:00:00:00:00:00,0,9,0,0,0,0
69207685,NODE_B0CBD8F33218,victim,-1,00:00:00:00:00:00,0,9,0,0,0,0
69307730,NODE_B0CBD8F33218,victim,-1,00:00:00:00:00:00,0,9,0,0,0,0
69407688,NODE_B0CBD8F33218,victim,-1,00:00:00:00:00:00,0,9,0,0,0,0
69507688,NODE_B0CBD8F33218,victim,-1,00:00:00:00:00:00,0,9,0,0,0,0
69607685,NODE_B0CBD8F33218,victim,-1,00:00:00:00:00:00,0,9,0,0,0,0
69707688,NODE_B0CBD8F33218,victim,-1,00:00:00:00:00:00,0,9,0,0,0,0
69807693,NODE_B0CBD8F33218,victim,-1,00:00:00:00:00:00,0,9,0,0,0,0
69907770,NODE_B0CBD8F33218,victim,-1,00:00:00:00:00:00,0,9,0,0,0,0
70007686,NODE_B0CBD8F33218,victim,-1,00:00:00:00:00:00,0,9,0,0,0,0
70117857,NODE_B0CBD8F33218,victim,-1,00:00:00:00:00:00,0,10,0,0,0,0
70217688,NODE_B0CBD8F33218,victim,-1,00:00:00:00:00:00,0,10,0,0,0,0
70317688,NODE_B0CBD8F33218,victim,-1,00:00:00:00:00:00,0,10,0,0,0,0
70417685,NODE_B0CBD8F33218,victim,-1,00:00:00:00:00:00,0,10,0,0,0,0
70517688,NODE_B0CBD8F33218,victim,-1,00:00:00:00:00:00,0,10,0,0,0,0
70617688,NODE_B0CBD8F33218,victim,-1,00:00:00:00:00:00,0,10,0,0,0,0
70717852,NODE_B0CBD8F33218,victim,-1,00:00:00:00:00:00,0,10,0,0,0,0
70817688,NODE_B0CBD8F33218,victim,-1,00:00:00:00:00:00,0,10,0,0,0,0
70917688,NODE_B0CBD8F33218,victim,-1,00:00:00:00:00:00,0,10,0,0,0,0
71017938,NODE_B0CBD8F33218,victim,-1,00:00:00:00:00:00,0,11,0,0,0,0
71127818,NODE_B0CBD8F33218,victim,-1,00:00:00:00:00:00,0,11,0,0,0,0
71227692,NODE_B0CBD8F33218,victim,-1,00:00:00:00:00:00,0,11,0,0,0,0
71327688,NODE_B0CBD8F33218,victim,-1,00:00:00:00:00:00,0,11,0,0,0,0
71427685,NODE_B0CBD8F33218,victim,-1,00:00:00:00:00:00,0,11,0,0,0,0
71527688,NODE_B0CBD8F33218,victim,-1,00:00:00:00:00:00,0,11,0,0,0,0
71627688,NODE_B0CBD8F33218,victim,-1,00:00:00:00:00:00,0,11,0,0,0,0
71727688,NODE_B0CBD8F33218,victim,-1,00:00:00:00:00:00,0,11,0,0,0,0
71827685,NODE_B0CBD8F33218,victim,-1,00:00:00:00:00:00,0,11,0,0,0,0
71927688,NODE_B0CBD8F33218,victim,-1,00:00:00:00:00:00,0,11,0,0,0,0
72027684,NODE_B0CBD8F33218,victim,-1,00:00:00:00:00:00,0,12,0,0,0,0
72137688,NODE_B0CBD8F33218,victim,-1,00:00:00:00:00:00,0,12,0,0,0,0
72237681,NODE_B0CBD8F33218,victim,-1,00:00:00:00:00:00,0,12,0,0,0,0
72337688,NODE_B0CBD8F33218,victim,-1,00:00:00:00:00:00,0,12,0,0,0,0
72437688,NODE_B0CBD8F33218,victim,-1,00:00:00:00:00:00,0,12,0,0,0,0
72537688,NODE_B0CBD8F33218,victim,-1,00:00:00:00:00:00,0,12,0,0,0,0
72637793,NODE_B0CBD8F33218,victim,-1,00:00:00:00:00:00,0,12,0,0,0,0
72737688,NODE_B0CBD8F33218,victim,-1,00:00:00:00:00:00,0,12,0,0,0,0
72837685,NODE_B0CBD8F33218,victim,-1,00:00:00:00:00:00,0,12,0,0,0,0
72937688,NODE_B0CBD8F33218,victim,-1,00:00:00:00:00:00,0,12,0,0,0,0
73037681,NODE_B0CBD8F33218,victim,-1,00:00:00:00:00:00,0,13,0,0,0,0
73147823,NODE_B0CBD8F33218,victim,-1,00:00:00:00:00:00,0,13,0,0,0,0
73247684,NODE_B0CBD8F33218,victim,-1,00:00:00:00:00:00,0,13,0,0,0,0
73347688,NODE_B0CBD8F33218,victim,-1,00:00:00:00:00:00,0,13,0,0,0,0
73447685,NODE_B0CBD8F33218,victim,-1,00:00:00:00:00:00,0,13,0,0,0,0
73547751,NODE_B0CBD8F33218,victim,-1,00:00:00:00:00:00,0,13,0,0,0,0
73647699,NODE_B0CBD8F33218,victim,-1,00:00:00:00:00:00,0,13,0,0,0,0
73747688,NODE_B0CBD8F33218,victim,-1,00:00:00:00:00:00,0,13,0,0,0,0
73847685,NODE_B0CBD8F33218,victim,-1,00:00:00:00:00:00,0,13,0,0,0,0
73947688,NODE_B0CBD8F33218,victim,-1,00:00:00:00:00:00,0,13,0,0,0,0
74048066,NODE_B0CBD8F33218,victim,-1,00:00:00:00:00:00,0,14,0,0,0,0
74157909,NODE_B0CBD8F33218,victim,-1,00:00:00:00:00:00,0,14,0,0,0,0
74257684,NODE_B0CBD8F33218,victim,-1,00:00:00:00:00:00,0,14,0,0,0,0
74357688,NODE_B0CBD8F33218,victim,-1,00:00:00:00:00:00,0,14,0,0,0,0
74457685,NODE_B0CBD8F33218,victim,-1,00:00:00:00:00:00,0,14,0,0,0,0
74557688,NODE_B0CBD8F33218,victim,-1,00:00:00:00:00:00,0,14,0,0,0,0
74657688,NODE_B0CBD8F33218,victim,-1,00:00:00:00:00:00,0,14,0,0,0,0
74757688,NODE_B0CBD8F33218,victim,-1,00:00:00:00:00:00,0,14,0,0,0,0
74857685,NODE_B0CBD8F33218,victim,-1,00:00:00:00:00:00,0,14,0,0,0,0
74957688,NODE_B0CBD8F33218,victim,-1,00:00:00:00:00:00,0,14,0,0,0,0
75057688,NODE_B0CBD8F33218,victim,-1,00:00:00:00:00:00,0,15,0,0,0,0
75167775,NODE_B0CBD8F33218,victim,-1,00:00:00:00:00:00,0,15,0,0,0,0
75267681,NODE_B0CBD8F33218,victim,-1,00:00:00:00:00:00,0,15,0,0,0,0
75367688,NODE_B0CBD8F33218,victim,-1,00:00:00:00:00:00,0,15,0,0,0,0
75467685,NODE_B0CBD8F33218,victim,-1,00:00:00:00:00:00,0,15,0,0,0,0
75567688,NODE_B0CBD8F33218,victim,-1,00:00:00:00:00:00,0,15,0,0,0,0
75667685,NODE_B0CBD8F33218,victim,-1,00:00:00:00:00:00,0,15,0,0,0,0
75767688,NODE_B0CBD8F33218,victim,-1,00:00:00:00:00:00,0,15,0,0,0,0
75867685,NODE_B0CBD8F33218,victim,-1,00:00:00:00:00:00,0,15,0,0,0,0
75967688,NODE_B0CBD8F33218,victim,-1,00:00:00:00:00:00,0,15,0,0,0,0
76067684,NODE_B0CBD8F33218,victim,-1,00:00:00:00:00:00,0,16,0,0,0,0
76177688,NODE_B0CBD8F33218,victim,-1,00:00:00:00:00:00,0,16,0,0,0,0
76277688,NODE_B0CBD8F33218,victim,-1,00:00:00:00:00:00,0,16,0,0,0,0
76377688,NODE_B0CBD8F33218,victim,-1,00:00:00:00:00:00,0,16,0,0,0,0
76477730,NODE_B0CBD8F33218,victim,-1,00:00:00:00:00:00,0,16,0,0,0,0
76577688,NODE_B0CBD8F33218,victim,-1,00:00:00:00:00:00,0,16,0,0,0,0
76677688,NODE_B0CBD8F33218,victim,-1,00:00:00:00:00:00,0,16,0,0,0,0
76777688,NODE_B0CBD8F33218,victim,-1,00:00:00:00:00:00,0,16,0,0,0,0
76877685,NODE_B0CBD8F33218,victim,-1,00:00:00:00:00:00,0,16,0,0,0,0
76977688,NODE_B0CBD8F33218,victim,-1,00:00:00:00:00:00,0,16,0,0,0,0
77077688,NODE_B0CBD8F33218,victim,-1,00:00:00:00:00:00,0,17,0,0,0,0
77187688,NODE_B0CBD8F33218,victim,-1,00:00:00:00:00:00,0,17,0,0,0,0
77287688,NODE_B0CBD8F33218,victim,-1,00:00:00:00:00:00,0,17,0,0,0,0
77387688,NODE_B0CBD8F33218,victim,-1,00:00:00:00:00:00,0,17,0,0,0,0
77487779,NODE_B0CBD8F33218,victim,-1,00:00:00:00:00:00,0,17,0,0,0,0
77587688,NODE_B0CBD8F33218,victim,-1,00:00:00:00:00:00,0,17,0,0,0,0
77687688,NODE_B0CBD8F33218,victim,-1,00:00:00:00:00:00,0,17,0,0,0,0
77787688,NODE_B0CBD8F33218,victim,-1,00:00:00:00:00:00,0,17,0,0,0,0
77887685,NODE_B0CBD8F33218,victim,-1,00:00:00:00:00:00,0,17,0,0,0,0
77987689,NODE_B0CBD8F33218,victim,-1,00:00:00:00:00:00,0,17,0,0,0,0
78087692,NODE_B0CBD8F33218,victim,-1,00:00:00:00:00:00,0,18,0,0,0,0
78197688,NODE_B0CBD8F33218,victim,-1,00:00:00:00:00:00,0,18,0,0,0,0
78297686,NODE_B0CBD8F33218,victim,-1,00:00:00:00:00:00,0,18,0,0,0,0
78397688,NODE_B0CBD8F33218,victim,-1,00:00:00:00:00:00,0,18,0,0,0,0
78497685,NODE_B0CBD8F33218,victim,-1,00:00:00:00:00:00,0,18,0,0,0,0
78597688,NODE_B0CBD8F33218,victim,-1,00:00:00:00:00:00,0,18,0,0,0,0
78697685,NODE_B0CBD8F33218,victim,-1,00:00:00:00:00:00,0,18,0,0,0,0
78797699,NODE_B0CBD8F33218,victim,-1,00:00:00:00:00:00,0,18,0,0,0,0
78897685,NODE_B0CBD8F33218,victim,-1,00:00:00:00:00:00,0,18,0,0,0,0
78997688,NODE_B0CBD8F33218,victim,-1,00:00:00:00:00:00,0,18,0,0,0,0
79097684,NODE_B0CBD8F33218,victim,-1,00:00:00:00:00:00,0,19,0,0,0,0
79207688,NODE_B0CBD8F33218,victim,-1,00:00:00:00:00:00,0,19,0,0,0,0
79307688,NODE_B0CBD8F33218,victim,-1,00:00:00:00:00:00,0,19,0,0,0,0
79407688,NODE_B0CBD8F33218,victim,-1,00:00:00:00:00:00,0,19,0,0,0,0
79507685,NODE_B0CBD8F33218,victim,-1,00:00:00:00:00:00,0,19,0,0,0,0
79607688,NODE_B0CBD8F33218,victim,-1,00:00:00:00:00:00,0,19,0,0,0,0
79707688,NODE_B0CBD8F33218,victim,-1,00:00:00:00:00:00,0,19,0,0,0,0
79807811,NODE_B0CBD8F33218,victim,-1,00:00:00:00:00:00,0,19,0,0,0,0
79907695,NODE_B0CBD8F33218,victim,-1,00:00:00:00:00:00,0,19,0,0,0,0
80007719,NODE_B0CBD8F33218,victim,-1,00:00:00:00:00:00,0,19,0,0,0,0
80107688,NODE_B0CBD8F33218,victim,-1,00:00:00:00:00:00,0,20,0,0,0,0
80217688,NODE_B0CBD8F33218,victim,-1,00:00:00:00:00:00,0,20,0,0,0,0
80317685,NODE_B0CBD8F33218,victim,-1,00:00:00:00:00:00,0,20,0,0,0,0
80417690,NODE_B0CBD8F33218,victim,-1,00:00:00:00:00:00,0,20,0,0,0,0
80518146,NODE_B0CBD8F33218,victim,-1,00:00:00:00:00:00,0,20,0,0,0,0
80617688,NODE_B0CBD8F33218,victim,-1,00:00:00:00:00:00,0,20,0,0,0,0
80717688,NODE_B0CBD8F33218,victim,-1,00:00:00:00:00:00,0,20,0,0,0,0
80817688,NODE_B0CBD8F33218,victim,-1,00:00:00:00:00:00,0,20,0,0,0,0
80917685,NODE_B0CBD8F33218,victim,-1,00:00:00:00:00:00,0,20,0,0,0,0
81017938,NODE_B0CBD8F33218,victim,-1,00:00:00:00:00:00,0,21,0,0,0,0
81117692,NODE_B0CBD8F33218,victim,-1,00:00:00:00:00:00,0,21,0,0,0,0
81227688,NODE_B0CBD8F33218,victim,-1,00:00:00:00:00:00,0,21,0,0,0,0
81327685,NODE_B0CBD8F33218,victim,-1,00:00:00:00:00:00,0,21,0,0,0,0
81427688,NODE_B0CBD8F33218,victim,-1,00:00:00:00:00:00,0,21,0,0,0,0
81527688,NODE_B0CBD8F33218,victim,-1,00:00:00:00:00:00,0,21,0,0,0,0
81627781,NODE_B0CBD8F33218,victim,-1,00:00:00:00:00:00,0,21,0,0,0,0
81727706,NODE_B0CBD8F33218,victim,-1,00:00:00:00:00:00,0,21,0,0,0,0
81827688,NODE_B0CBD8F33218,victim,-1,00:00:00:00:00:00,0,21,0,0,0,0
81927685,NODE_B0CBD8F33218,victim,-1,00:00:00:00:00:00,0,21,0,0,0,0
82027707,NODE_B0CBD8F33218,victim,-1,00:00:00:00:00:00,0,22,0,0,0,0
82127684,NODE_B0CBD8F33218,victim,-1,00:00:00:00:00:00,0,22,0,0,0,0
82237855,NODE_B0CBD8F33218,victim,-1,00:00:00:00:00:00,0,22,0,0,0,0
82337688,NODE_B0CBD8F33218,victim,-1,00:00:00:00:00:00,0,22,0,0,0,0
82437688,NODE_B0CBD8F33218,victim,-1,00:00:00:00:00:00,0,22,0,0,0,0
82537685,NODE_B0CBD8F33218,victim,-1,00:00:00:00:00:00,0,22,0,0,0,0
82637772,NODE_B0CBD8F33218,victim,-1,00:00:00:00:00:00,0,22,0,0,0,0
82737688,NODE_B0CBD8F33218,victim,-1,00:00:00:00:00:00,0,22,0,0,0,0
82837688,NODE_B0CBD8F33218,victim,-1,00:00:00:00:00:00,0,22,0,0,0,0
82937685,NODE_B0CBD8F33218,victim,-1,00:00:00:00:00:00,0,22,0,0,0,0
83037684,NODE_B0CBD8F33218,victim,-1,00:00:00:00:00:00,0,23,0,0,0,0
83137696,NODE_B0CBD8F33218,victim,-1,00:00:00:00:00:00,0,23,0,0,0,0
83247688,NODE_B0CBD8F33218,victim,-1,00:00:00:00:00:00,0,23,0,0,0,0
83347685,NODE_B0CBD8F33218,victim,-1,00:00:00:00:00:00,0,23,0,0,0,0
83447759,NODE_B0CBD8F33218,victim,-1,00:00:00:00:00:00,0,23,0,0,0,0
83547684,NODE_B0CBD8F33218,victim,-1,00:00:00:00:00:00,0,23,0,0,0,0
83647688,NODE_B0CBD8F33218,victim,-1,00:00:00:00:00:00,0,23,0,0,0,0
83747688,NODE_B0CBD8F33218,victim,-1,00:00:00:00:00:00,0,23,0,0,0,0
83847688,NODE_B0CBD8F33218,victim,-1,00:00:00:00:00:00,0,23,0,0,0,0
83947685,NODE_B0CBD8F33218,victim,-1,00:00:00:00:00:00,0,23,0,0,0,0
84048067,NODE_B0CBD8F33218,victim,-1,00:00:00:00:00:00,0,24,0,0,0,0
84147688,NODE_B0CBD8F33218,victim,-1,00:00:00:00:00:00,0,24,0,0,0,0
84257688,NODE_B0CBD8F33218,victim,-1,00:00:00:00:00:00,0,24,0,0,0,0
84357685,NODE_B0CBD8F33218,victim,-1,00:00:00:00:00:00,0,24,0,0,0,0
84457688,NODE_B0CBD8F33218,victim,-1,00:00:00:00:00:00,0,24,0,0,0,0
84557688,NODE_B0CBD8F33218,victim,-1,00:00:00:00:00:00,0,24,0,0,0,0
84657719,NODE_B0CBD8F33218,victim,-1,00:00:00:00:00:00,0,24,0,0,0,0
84757685,NODE_B0CBD8F33218,victim,-1,00:00:00:00:00:00,0,24,0,0,0,0
84857688,NODE_B0CBD8F33218,victim,-1,00:00:00:00:00:00,0,24,0,0,0,0
84957685,NODE_B0CBD8F33218,victim,-1,00:00:00:00:00:00,0,24,0,0,0,0
85057688,NODE_B0CBD8F33218,victim,-1,00:00:00:00:00:00,0,25,0,0,0,0
85157685,NODE_B0CBD8F33218,victim,-1,00:00:00:00:00:00,0,25,0,0,0,0
85267684,NODE_B0CBD8F33218,victim,-1,00:00:00:00:00:00,0,25,0,0,0,0
85367688,NODE_B0CBD8F33218,victim,-1,00:00:00:00:00:00,0,25,0,0,0,0
85467812,NODE_B0CBD8F33218,victim,-1,00:00:00:00:00:00,0,25,0,0,0,0
85567685,NODE_B0CBD8F33218,victim,-1,00:00:00:00:00:00,0,25,0,0,0,0
85667688,NODE_B0CBD8F33218,victim,-1,00:00:00:00:00:00,0,25,0,0,0,0
85767688,NODE_B0CBD8F33218,victim,-1,00:00:00:00:00:00,0,25,0,0,0,0
85867688,NODE_B0CBD8F33218,victim,-1,00:00:00:00:00:00,0,25,0,0,0,0
85967685,NODE_B0CBD8F33218,victim,-1,00:00:00:00:00:00,0,25,0,0,0,0
86067684,NODE_B0CBD8F33218,victim,-1,00:00:00:00:00:00,0,26,0,0,0,0
86167688,NODE_B0CBD8F33218,victim,-1,00:00:00:00:00:00,0,26,0,0,0,0
86277691,NODE_B0CBD8F33218,victim,-1,00:00:00:00:00:00,0,26,0,0,0,0
86377685,NODE_B0CBD8F33218,victim,-1,00:00:00:00:00:00,0,26,0,0,0,0
86477688,NODE_B0CBD8F33218,victim,-1,00:00:00:00:00:00,0,26,0,0,0,0
86577688,NODE_B0CBD8F33218,victim,-1,00:00:00:00:00:00,0,26,0,0,0,0
86677688,NODE_B0CBD8F33218,victim,-1,00:00:00:00:00:00,0,26,0,0,0,0
86777688,NODE_B0CBD8F33218,victim,-1,00:00:00:00:00:00,0,26,0,0,0,0
86877812,NODE_B0CBD8F33218,victim,-1,00:00:00:00:00:00,0,26,0,0,0,0
86977685,NODE_B0CBD8F33218,victim,-1,00:00:00:00:00:00,0,26,0,0,0,0
87077688,NODE_B0CBD8F33218,victim,-1,00:00:00:00:00:00,0,27,0,0,0,0
87177688,NODE_B0CBD8F33218,victim,-1,00:00:00:00:00:00,0,27,0,0,0,0
87287688,NODE_B0CBD8F33218,victim,-1,00:00:00:00:00:00,0,27,0,0,0,0
87387685,NODE_B0CBD8F33218,victim,-1,00:00:00:00:00:00,0,27,0,0,0,0
87487688,NODE_B0CBD8F33218,victim,-1,00:00:00:00:00:00,0,27,0,0,0,0
87587685,NODE_B0CBD8F33218,victim,-1,00:00:00:00:00:00,0,27,0,0,0,0
87687804,NODE_B0CBD8F33218,victim,-1,00:00:00:00:00:00,0,27,0,0,0,0
87787685,NODE_B0CBD8F33218,victim,-1,00:00:00:00:00:00,0,27,0,0,0,0
87887688,NODE_B0CBD8F33218,victim,-1,00:00:00:00:00:00,0,27,0,0,0,0
87987685,NODE_B0CBD8F33218,victim,-1,00:00:00:00:00:00,0,27,0,0,0,0
88087688,NODE_B0CBD8F33218,victim,-1,00:00:00:00:00:00,0,28,0,0,0,0
88187685,NODE_B0CBD8F33218,victim,-1,00:00:00:00:00:00,0,28,0,0,0,0
88297711,NODE_B0CBD8F33218,victim,-1,00:00:00:00:00:00,0,28,0,0,0,0
88397684,NODE_B0CBD8F33218,victim,-1,00:00:00:00:00:00,0,28,0,0,0,0
88497688,NODE_B0CBD8F33218,victim,-1,00:00:00:00:00:00,0,28,0,0,0,0
88597685,NODE_B0CBD8F33218,victim,-1,00:00:00:00:00:00,0,28,0,0,0,0
88697688,NODE_B0CBD8F33218,victim,-1,00:00:00:00:00:00,0,28,0,0,0,0
88797688,NODE_B0CBD8F33218,victim,-1,00:00:00:00:00:00,0,28,0,0,0,0
88897688,NODE_B0CBD8F33218,victim,-1,00:00:00:00:00:00,0,28,0,0,0,0
88997685,NODE_B0CBD8F33218,victim,-1,00:00:00:00:00:00,0,28,0,0,0,0
89097868,NODE_B0CBD8F33218,victim,-1,00:00:00:00:00:00,0,29,0,0,0,0
89197692,NODE_B0CBD8F33218,victim,-1,00:00:00:00:00:00,0,29,0,0,0,0
89307804,NODE_B0CBD8F33218,victim,-1,00:00:00:00:00:00,0,29,0,0,0,0
89407874,NODE_B0CBD8F33218,victim,-1,00:00:00:00:00:00,0,29,0,0,0,0
89507688,NODE_B0CBD8F33218,victim,-1,00:00:00:00:00:00,0,29,0,0,0,0
89607685,NODE_B0CBD8F33218,victim,-1,00:00:00:00:00:00,0,29,0,0,0,0
89707726,NODE_B0CBD8F33218,victim,-1,00:00:00:00:00:00,0,29,0,0,0,0
89807699,NODE_B0CBD8F33218,victim,-1,00:00:00:00:00:00,0,29,0,0,0,0
89907729,NODE_B0CBD8F33218,victim,-1,00:00:00:00:00:00,0,29,0,0,0,0
90007681,NODE_B0CBD8F33218,victim,-1,00:00:00:00:00:00,0,29,0,0,0,0
90107692,NODE_B0CBD8F33218,victim,-1,00:00:00:00:00:00,0,30,0,0,0,0
90207688,NODE_B0CBD8F33218,victim,-1,00:00:00:00:00:00,0,30,0,0,0,0
90317688,NODE_B0CBD8F33218,victim,-1,00:00:00:00:00:00,0,30,0,0,0,0
90417685,NODE_B0CBD8F33218,victim,-1,00:00:00:00:00:00,0,30,0,0,0,0
90517688,NODE_B0CBD8F33218,victim,-1,00:00:00:00:00:00,0,30,0,0,0,0
90617685,NODE_B0CBD8F33218,victim,-1,00:00:00:00:00:00,0,30,0,0,0,0
90717688,NODE_B0CBD8F33218,victim,-1,00:00:00:00:00:00,0,30,0,0,0,0
90817685,NODE_B0CBD8F33218,victim,-1,00:00:00:00:00:00,0,30,0,0,0,0
90917688,NODE_B0CBD8F33218,victim,-1,00:00:00:00:00:00,0,30,0,0,0,0
91017938,NODE_B0CBD8F33218,victim,-1,00:00:00:00:00:00,0,31,0,0,0,0
91117786,NODE_B0CBD8F33218,victim,-1,00:00:00:00:00:00,0,31,0,0,0,0
91217695,NODE_B0CBD8F33218,victim,-1,00:00:00:00:00:00,0,31,0,0,0,0
91327688,NODE_B0CBD8F33218,victim,-1,00:00:00:00:00:00,0,31,0,0,0,0
91427688,NODE_B0CBD8F33218,victim,-1,00:00:00:00:00:00,0,31,0,0,0,0
91527688,NODE_B0CBD8F33218,victim,-1,00:00:00:00:00:00,0,31,0,0,0,0
91627685,NODE_B0CBD8F33218,victim,-1,00:00:00:00:00:00,0,31,0,0,0,0
91727688,NODE_B0CBD8F33218,victim,-1,00:00:00:00:00:00,0,31,0,0,0,0
91827688,NODE_B0CBD8F33218,victim,-1,00:00:00:00:00:00,0,31,0,0,0,0
91927688,NODE_B0CBD8F33218,victim,-1,00:00:00:00:00:00,0,31,0,0,0,0
92027681,NODE_B0CBD8F33218,victim,-1,00:00:00:00:00:00,0,32,0,0,0,0
92127688,NODE_B0CBD8F33218,victim,-1,00:00:00:00:00:00,0,32,0,0,0,0
92227693,NODE_B0CBD8F33218,victim,-1,00:00:00:00:00:00,0,32,0,0,0,0
92337688,NODE_B0CBD8F33218,victim,-1,00:00:00:00:00:00,0,32,0,0,0,0
92437688,NODE_B0CBD8F33218,victim,-1,00:00:00:00:00:00,0,32,0,0,0,0
92537813,NODE_B0CBD8F33218,victim,-1,00:00:00:00:00:00,0,32,0,0,0,0
92637695,NODE_B0CBD8F33218,victim,-1,00:00:00:00:00:00,0,32,0,0,0,0
92737688,NODE_B0CBD8F33218,victim,-1,00:00:00:00:00:00,0,32,0,0,0,0
92837688,NODE_B0CBD8F33218,victim,-1,00:00:00:00:00:00,0,32,0,0,0,0
92937771,NODE_B0CBD8F33218,victim,-1,00:00:00:00:00:00,0,32,0,0,0,0
93037681,NODE_B0CBD8F33218,victim,-1,00:00:00:00:00:00,0,33,0,0,0,0
93137692,NODE_B0CBD8F33218,victim,-1,00:00:00:00:00:00,0,33,0,0,0,0
93237685,NODE_B0CBD8F33218,victim,-1,00:00:00:00:00:00,0,33,0,0,0,0
93347688,NODE_B0CBD8F33218,victim,-1,00:00:00:00:00:00,0,33,0,0,0,0
93447685,NODE_B0CBD8F33218,victim,-1,00:00:00:00:00:00,0,33,0,0,0,0
93547688,NODE_B0CBD8F33218,victim,-1,00:00:00:00:00:00,0,33,0,0,0,0
93647685,NODE_B0CBD8F33218,victim,-1,00:00:00:00:00:00,0,33,0,0,0,0
93747688,NODE_B0CBD8F33218,victim,-1,00:00:00:00:00:00,0,33,0,0,0,0
93847685,NODE_B0CBD8F33218,victim,-1,00:00:00:00:00:00,0,33,0,0,0,0
93947688,NODE_B0CBD8F33218,victim,-1,00:00:00:00:00:00,0,33,0,0,0,0
94048066,NODE_B0CBD8F33218,victim,-1,00:00:00:00:00:00,0,34,0,0,0,0
94147688,NODE_B0CBD8F33218,victim,-1,00:00:00:00:00:00,0,34,0,0,0,0
94247685,NODE_B0CBD8F33218,victim,-1,00:00:00:00:00:00,0,34,0,0,0,0
94357685,NODE_B0CBD8F33218,victim,-1,00:00:00:00:00:00,0,34,0,0,0,0
94457688,NODE_B0CBD8F33218,victim,-1,00:00:00:00:00:00,0,34,0,0,0,0
94557688,NODE_B0CBD8F33218,victim,-1,00:00:00:00:00:00,0,34,0,0,0,0
94657685,NODE_B0CBD8F33218,victim,-1,00:00:00:00:00:00,0,34,0,0,0,0
94757688,NODE_B0CBD8F33218,victim,-1,00:00:00:00:00:00,0,34,0,0,0,0
94857688,NODE_B0CBD8F33218,victim,-1,00:00:00:00:00:00,0,34,0,0,0,0
94957688,NODE_B0CBD8F33218,victim,-1,00:00:00:00:00:00,0,34,0,0,0,0
95057688,NODE_B0CBD8F33218,victim,-1,00:00:00:00:00:00,0,35,0,0,0,0
95157688,NODE_B0CBD8F33218,victim,-1,00:00:00:00:00:00,0,35,0,0,0,0
95257681,NODE_B0CBD8F33218,victim,-1,00:00:00:00:00:00,0,35,0,0,0,0
95367688,NODE_B0CBD8F33218,victim,-1,00:00:00:00:00:00,0,35,0,0,0,0
95467701,NODE_B0CBD8F33218,victim,-1,00:00:00:00:00:00,0,35,0,0,0,0
95567736,NODE_B0CBD8F33218,victim,-1,00:00:00:00:00:00,0,35,0,0,0,0
95667691,NODE_B0CBD8F33218,victim,-1,00:00:00:00:00:00,0,35,0,0,0,0
95767688,NODE_B0CBD8F33218,victim,-1,00:00:00:00:00:00,0,35,0,0,0,0
95867688,NODE_B0CBD8F33218,victim,-1,00:00:00:00:00:00,0,35,0,0,0,0
95967688,NODE_B0CBD8F33218,victim,-1,00:00:00:00:00:00,0,35,0,0,0,0
96067684,NODE_B0CBD8F33218,victim,-1,00:00:00:00:00:00,0,36,0,0,0,0
96167774,NODE_B0CBD8F33218,victim,-1,00:00:00:00:00:00,0,36,0,0,0,0
96267688,NODE_B0CBD8F33218,victim,-1,00:00:00:00:00:00,0,36,0,0,0,0
96377696,NODE_B0CBD8F33218,victim,-1,00:00:00:00:00:00,0,36,0,0,0,0
96477685,NODE_B0CBD8F33218,victim,-1,00:00:00:00:00:00,0,36,0,0,0,0
96577688,NODE_B0CBD8F33218,victim,-1,00:00:00:00:00:00,0,36,0,0,0,0
96677688,NODE_B0CBD8F33218,victim,-1,00:00:00:00:00:00,0,36,0,0,0,0
96777688,NODE_B0CBD8F33218,victim,-1,00:00:00:00:00:00,0,36,0,0,0,0
96877685,NODE_B0CBD8F33218,victim,-1,00:00:00:00:00:00,0,36,0,0,0,0
96977684,NODE_B0CBD8F33218,victim,-1,00:00:00:00:00:00,0,36,0,0,0,0
97077688,NODE_B0CBD8F33218,victim,-1,00:00:00:00:00:00,0,37,0,0,0,0
97177688,NODE_B0CBD8F33218,victim,-1,00:00:00:00:00:00,0,37,0,0,0,0
97277685,NODE_B0CBD8F33218,victim,-1,00:00:00:00:00:00,0,37,0,0,0,0
97387688,NODE_B0CBD8F33218,victim,-1,00:00:00:00:00:00,0,37,0,0,0,0
97487688,NODE_B0CBD8F33218,victim,-1,00:00:00:00:00:00,0,37,0,0,0,0
97587688,NODE_B0CBD8F33218,victim,-1,00:00:00:00:00:00,0,37,0,0,0,0
97687688,NODE_B0CBD8F33218,victim,-1,00:00:00:00:00:00,0,37,0,0,0,0
97787688,NODE_B0CBD8F33218,victim,-1,00:00:00:00:00:00,0,37,0,0,0,0
97887685,NODE_B0CBD8F33218,victim,-1,00:00:00:00:00:00,0,37,0,0,0,0
97987733,NODE_B0CBD8F33218,victim,-1,00:00:00:00:00:00,0,37,0,0,0,0
98087692,NODE_B0CBD8F33218,victim,-1,00:00:00:00:00:00,0,38,0,0,0,0
98187808,NODE_B0CBD8F33218,victim,-1,00:00:00:00:00:00,0,38,0,0,0,0
98287688,NODE_B0CBD8F33218,victim,-1,00:00:00:00:00:00,0,38,0,0,0,0
98397688,NODE_B0CBD8F33218,victim,-1,00:00:00:00:00:00,0,38,0,0,0,0
98497688,NODE_B0CBD8F33218,victim,-1,00:00:00:00:00:00,0,38,0,0,0,0
98597688,NODE_B0CBD8F33218,victim,-1,00:00:00:00:00:00,0,38,0,0,0,0
98697685,NODE_B0CBD8F33218,victim,-1,00:00:00:00:00:00,0,38,0,0,0,0
98797694,NODE_B0CBD8F33218,victim,-1,00:00:00:00:00:00,0,38,0,0,0,0
98897685,NODE_B0CBD8F33218,victim,-1,00:00:00:00:00:00,0,38,0,0,0,0
98997688,NODE_B0CBD8F33218,victim,-1,00:00:00:00:00:00,0,38,0,0,0,0
99097684,NODE_B0CBD8F33218,victim,-1,00:00:00:00:00:00,0,39,0,0,0,0
99197688,NODE_B0CBD8F33218,victim,-1,00:00:00:00:00:00,0,39,0,0,0,0
99297688,NODE_B0CBD8F33218,victim,-1,00:00:00:00:00:00,0,39,0,0,0,0
99407688,NODE_B0CBD8F33218,victim,-1,00:00:00:00:00:00,0,39,0,0,0,0
99507685,NODE_B0CBD8F33218,victim,-1,00:00:00:00:00:00,0,39,0,0,0,0
99607805,NODE_B0CBD8F33218,victim,-1,00:00:00:00:00:00,0,39,0,0,0,0
99707688,NODE_B0CBD8F33218,victim,-1,00:00:00:00:00:00,0,39,0,0,0,0
99807688,NODE_B0CBD8F33218,victim,-1,00:00:00:00:00:00,0,39,0,0,0,0
99907685,NODE_B0CBD8F33218,victim,-1,00:00:00:00:00:00,0,39,0,0,0,0
100007688,NODE_B0CBD8F33218,victim,-1,00:00:00:00:00:00,0,39,0,0,0,0
100107692,NODE_B0CBD8F33218,victim,-1,00:00:00:00:00:00,0,40,0,0,0,0
100207688,NODE_B0CBD8F33218,victim,-1,00:00:00:00:00:00,0,40,0,0,0,0
100307688,NODE_B0CBD8F33218,victim,-1,00:00:00:00:00:00,0,40,0,0,0,0
100417688,NODE_B0CBD8F33218,victim,-1,00:00:00:00:00:00,0,40,0,0,0,0
100517701,NODE_B0CBD8F33218,victim,-1,00:00:00:00:00:00,0,40,0,0,0,0
100617909,NODE_B0CBD8F33218,victim,-1,00:00:00:00:00:00,0,40,0,0,0,0
100717688,NODE_B0CBD8F33218,victim,-1,00:00:00:00:00:00,0,40,0,0,0,0
100817688,NODE_B0CBD8F33218,victim,-1,00:00:00:00:00:00,0,40,0,0,0,0
100917685,NODE_B0CBD8F33218,victim,-1,00:00:00:00:00:00,0,40,0,0,0,0
101017801,NODE_B0CBD8F33218,victim,-1,00:00:00:00:00:00,0,40,0,0,0,0
101117692,NODE_B0CBD8F33218,victim,-1,00:00:00:00:00:00,0,41,0,0,0,0
101217728,NODE_B0CBD8F33218,victim,-1,00:00:00:00:00:00,0,41,0,0,0,0
101317680,NODE_B0CBD8F33218,victim,-1,00:00:00:00:00:00,0,41,0,0,0,0
101427688,NODE_B0CBD8F33218,victim,-1,00:00:00:00:00:00,0,41,0,0,0,0
101527688,NODE_B0CBD8F33218,victim,-1,00:00:00:00:00:00,0,41,0,0,0,0
101627688,NODE_B0CBD8F33218,victim,-1,00:00:00:00:00:00,0,41,0,0,0,0
101727685,NODE_B0CBD8F33218,victim,-1,00:00:00:00:00:00,0,41,0,0,0,0
101827817,NODE_B0CBD8F33218,victim,-1,00:00:00:00:00:00,0,41,0,0,0,0
101927688,NODE_B0CBD8F33218,victim,-1,00:00:00:00:00:00,0,41,0,0,0,0
102027684,NODE_B0CBD8F33218,victim,-1,00:00:00:00:00:00,0,42,0,0,0,0
102127688,NODE_B0CBD8F33218,victim,-1,00:00:00:00:00:00,0,42,0,0,0,0
102227684,NODE_B0CBD8F33218,victim,-1,00:00:00:00:00:00,0,42,0,0,0,0
102327688,NODE_B0CBD8F33218,victim,-1,00:00:00:00:00:00,0,42,0,0,0,0
102437838,NODE_B0CBD8F33218,victim,-1,00:00:00:00:00:00,0,42,0,0,0,0
102537688,NODE_B0CBD8F33218,victim,-1,00:00:00:00:00:00,0,42,0,0,0,0
102637688,NODE_B0CBD8F33218,victim,-1,00:00:00:00:00:00,0,42,0,0,0,0
102737688,NODE_B0CBD8F33218,victim,-1,00:00:00:00:00:00,0,42,0,0,0,0
102837688,NODE_B0CBD8F33218,victim,-1,00:00:00:00:00:00,0,42,0,0,0,0
102937685,NODE_B0CBD8F33218,victim,-1,00:00:00:00:00:00,0,42,0,0,0,0
103037684,NODE_B0CBD8F33218,victim,-1,00:00:00:00:00:00,0,43,0,0,0,0
103137692,NODE_B0CBD8F33218,victim,-1,00:00:00:00:00:00,0,43,0,0,0,0
103237758,NODE_B0CBD8F33218,victim,-1,00:00:00:00:00:00,0,43,0,0,0,0
103337688,NODE_B0CBD8F33218,victim,-1,00:00:00:00:00:00,0,43,0,0,0,0
103447688,NODE_B0CBD8F33218,victim,-1,00:00:00:00:00:00,0,43,0,0,0,0
103547685,NODE_B0CBD8F33218,victim,-1,00:00:00:00:00:00,0,43,0,0,0,0
103647688,NODE_B0CBD8F33218,victim,-1,00:00:00:00:00:00,0,43,0,0,0,0
103747688,NODE_B0CBD8F33218,victim,-1,00:00:00:00:00:00,0,43,0,0,0,0
103847813,NODE_B0CBD8F33218,victim,-1,00:00:00:00:00:00,0,43,0,0,0,0
103947684,NODE_B0CBD8F33218,victim,-1,00:00:00:00:00:00,0,43,0,0,0,0
104048066,NODE_B0CBD8F33218,victim,-1,00:00:00:00:00:00,0,44,0,0,0,0
104147684,NODE_B0CBD8F33218,victim,-1,00:00:00:00:00:00,0,44,0,0,0,0
104247688,NODE_B0CBD8F33218,victim,-1,00:00:00:00:00:00,0,44,0,0,0,0
104347685,NODE_B0CBD8F33218,victim,-1,00:00:00:00:00:00,0,44,0,0,0,0
104457688,NODE_B0CBD8F33218,victim,-1,00:00:00:00:00:00,0,44,0,0,0,0
104557684,NODE_B0CBD8F33218,victim,-1,00:00:00:00:00:00,0,44,0,0,0,0
104657688,NODE_B0CBD8F33218,victim,-1,00:00:00:00:00:00,0,44,0,0,0,0
104757685,NODE_B0CBD8F33218,victim,-1,00:00:00:00:00:00,0,44,0,0,0,0
104857688,NODE_B0CBD8F33218,victim,-1,00:00:00:00:00:00,0,44,0,0,0,0
104957688,NODE_B0CBD8F33218,victim,-1,00:00:00:00:00:00,0,44,0,0,0,0
105057688,NODE_B0CBD8F33218,victim,-1,00:00:00:00:00:00,0,45,0,0,0,0
105157685,NODE_B0CBD8F33218,victim,-1,00:00:00:00:00:00,0,45,0,0,0,0
105257758,NODE_B0CBD8F33218,victim,-1,00:00:00:00:00:00,0,45,0,0,0,0
105357684,NODE_B0CBD8F33218,victim,-1,00:00:00:00:00:00,0,45,0,0,0,0
105467688,NODE_B0CBD8F33218,victim,-1,00:00:00:00:00:00,0,45,0,0,0,0
105567685,NODE_B0CBD8F33218,victim,-1,00:00:00:00:00:00,0,45,0,0,0,0
105667688,NODE_B0CBD8F33218,victim,-1,00:00:00:00:00:00,0,45,0,0,0,0
105767688,NODE_B0CBD8F33218,victim,-1,00:00:00:00:00:00,0,45,0,0,0,0
105867688,NODE_B0CBD8F33218,victim,-1,00:00:00:00:00:00,0,45,0,0,0,0
105967685,NODE_B0CBD8F33218,victim,-1,00:00:00:00:00:00,0,45,0,0,0,0
106067767,NODE_B0CBD8F33218,victim,-1,00:00:00:00:00:00,0,46,0,0,0,0
106167688,NODE_B0CBD8F33218,victim,-1,00:00:00:00:00:00,0,46,0,0,0,0
106267688,NODE_B0CBD8F33218,victim,-1,00:00:00:00:00:00,0,46,0,0,0,0
106367688,NODE_B0CBD8F33218,victim,-1,00:00:00:00:00:00,0,46,0,0,0,0
106477688,NODE_B0CBD8F33218,victim,-1,00:00:00:00:00:00,0,46,0,0,0,0
106577685,NODE_B0CBD8F33218,victim,-1,00:00:00:00:00:00,0,46,0,0,0,0
106677688,NODE_B0CBD8F33218,victim,-1,00:00:00:00:00:00,0,46,0,0,0,0
106777688,NODE_B0CBD8F33218,victim,-1,00:00:00:00:00:00,0,46,0,0,0,0
106877688,NODE_B0CBD8F33218,victim,-1,00:00:00:00:00:00,0,46,0,0,0,0
106977685,NODE_B0CBD8F33218,victim,-1,00:00:00:00:00:00,0,46,0,0,0,0
107077684,NODE_B0CBD8F33218,victim,-1,00:00:00:00:00:00,0,47,0,0,0,0
107177688,NODE_B0CBD8F33218,victim,-1,00:00:00:00:00:00,0,47,0,0,0,0
107277688,NODE_B0CBD8F33218,victim,-1,00:00:00:00:00:00,0,47,0,0,0,0
107377685,NODE_B0CBD8F33218,victim,-1,00:00:00:00:00:00,0,47,0,0,0,0
107487688,NODE_B0CBD8F33218,victim,-1,00:00:00:00:00:00,0,47,0,0,0,0
107587813,NODE_B0CBD8F33218,victim,-1,00:00:00:00:00:00,0,47,0,0,0,0
107687688,NODE_B0CBD8F33218,victim,-1,00:00:00:00:00:00,0,47,0,0,0,0
107787685,NODE_B0CBD8F33218,victim,-1,00:00:00:00:00:00,0,47,0,0,0,0
107888469,NODE_B0CBD8F33218,victim,-1,00:00:00:00:00:00,0,47,0,0,0,0
107987688,NODE_B0CBD8F33218,victim,-1,00:00:00:00:00:00,0,47,0,0,0,0
108087684,NODE_B0CBD8F33218,victim,-1,00:00:00:00:00:00,0,48,0,0,0,0
108187685,NODE_B0CBD8F33218,victim,-1,00:00:00:00:00:00,0,48,0,0,0,0
108287684,NODE_B0CBD8F33218,victim,-1,00:00:00:00:00:00,0,48,0,0,0,0
108387688,NODE_B0CBD8F33218,victim,-1,00:00:00:00:00:00,0,48,0,0,0,0
108497688,NODE_B0CBD8F33218,victim,-1,00:00:00:00:00:00,0,48,0,0,0,0
108597685,NODE_B0CBD8F33218,victim,-1,00:00:00:00:00:00,0,48,0,0,0,0
108697755,NODE_B0CBD8F33218,victim,-1,00:00:00:00:00:00,0,48,0,0,0,0
108797695,NODE_B0CBD8F33218,victim,-1,00:00:00:00:00:00,0,48,0,0,0,0
108897688,NODE_B0CBD8F33218,victim,-1,00:00:00:00:00:00,0,48,0,0,0,0
108997685,NODE_B0CBD8F33218,victim,-1,00:00:00:00:00:00,0,48,0,0,0,0
109097684,NODE_B0CBD8F33218,victim,-1,00:00:00:00:00:00,0,49,0,0,0,0
109197688,NODE_B0CBD8F33218,victim,-1,00:00:00:00:00:00,0,49,0,0,0,0
109297820,NODE_B0CBD8F33218,victim,-1,00:00:00:00:00:00,0,49,0,0,0,0
109397688,NODE_B0CBD8F33218,victim,-1,00:00:00:00:00:00,0,49,0,0,0,0
109507688,NODE_B0CBD8F33218,victim,-1,00:00:00:00:00:00,0,49,0,0,0,0
109607685,NODE_B0CBD8F33218,victim,-1,00:00:00:00:00:00,0,49,0,0,0,0
109707696,NODE_B0CBD8F33218,victim,-1,00:00:00:00:00:00,0,49,0,0,0,0
109807688,NODE_B0CBD8F33218,victim,-1,00:00:00:00:00:00,0,49,0,0,0,0
109907688,NODE_B0CBD8F33218,victim,-1,00:00:00:00:00:00,0,49,0,0,0,0
110007685,NODE_B0CBD8F33218,victim,-1,00:00:00:00:00:00,0,49,0,0,0,0
110107692,NODE_B0CBD8F33218,victim,-1,00:00:00:00:00:00,0,50,0,0,0,0
110207688,NODE_B0CBD8F33218,victim,-1,00:00:00:00:00:00,0,50,0,0,0,0
110307688,NODE_B0CBD8F33218,victim,-1,00:00:00:00:00:00,0,50,0,0,0,0
110407686,NODE_B0CBD8F33218,victim,-1,00:00:00:00:00:00,0,50,0,0,0,0
110517688,NODE_B0CBD8F33218,victim,-1,00:00:00:00:00:00,0,50,0,0,0,0
110617685,NODE_B0CBD8F33218,victim,-1,00:00:00:00:00:00,0,50,0,0,0,0
110717688,NODE_B0CBD8F33218,victim,-1,00:00:00:00:00:00,0,50,0,0,0,0
110817685,NODE_B0CBD8F33218,victim,-1,00:00:00:00:00:00,0,50,0,0,0,0
110917688,NODE_B0CBD8F33218,victim,-1,00:00:00:00:00:00,0,50,0,0,0,0
111017942,NODE_B0CBD8F33218,victim,-1,00:00:00:00:00:00,0,51,0,0,0,0
111117688,NODE_B0CBD8F33218,victim,-1,00:00:00:00:00:00,0,51,0,0,0,0
111217685,NODE_B0CBD8F33218,victim,-1,00:00:00:00:00:00,0,51,0,0,0,0
111317688,NODE_B0CBD8F33218,victim,-1,00:00:00:00:00:00,0,51,0,0,0,0
111417688,NODE_B0CBD8F33218,victim,-1,00:00:00:00:00:00,0,51,0,0,0,0
111527749,NODE_B0CBD8F33218,victim,-1,00:00:00:00:00:00,0,51,0,0,0,0
111627680,NODE_B0CBD8F33218,victim,-1,00:00:00:00:00:00,0,51,0,0,0,0
111727688,NODE_B0CBD8F33218,victim,-1,00:00:00:00:00:00,0,51,0,0,0,0
111827684,NODE_B0CBD8F33218,victim,-1,00:00:00:00:00:00,0,51,0,0,0,0
111927688,NODE_B0CBD8F33218,victim,-1,00:00:00:00:00:00,0,51,0,0,0,0
112027681,NODE_B0CBD8F33218,victim,-1,00:00:00:00:00:00,0,52,0,0,0,0
112127692,NODE_B0CBD8F33218,victim,-1,00:00:00:00:00:00,0,52,0,0,0,0
112228464,NODE_B0CBD8F33218,victim,-1,00:00:00:00:00:00,0,52,0,0,0,0
112327688,NODE_B0CBD8F33218,victim,-1,00:00:00:00:00:00,0,52,0,0,0,0
112427688,NODE_B0CBD8F33218,victim,-1,00:00:00:00:00:00,0,52,0,0,0,0
112537811,NODE_B0CBD8F33218,victim,-1,00:00:00:00:00:00,0,52,0,0,0,0
112637680,NODE_B0CBD8F33218,victim,-1,00:00:00:00:00:00,0,52,0,0,0,0
112737688,NODE_B0CBD8F33218,victim,-1,00:00:00:00:00:00,0,52,0,0,0,0
112837690,NODE_B0CBD8F33218,victim,-1,00:00:00:00:00:00,0,52,0,0,0,0
112937688,NODE_B0CBD8F33218,victim,-1,00:00:00:00:00:00,0,52,0,0,0,0
113037681,NODE_B0CBD8F33218,victim,-1,00:00:00:00:00:00,0,53,0,0,0,0
113137760,NODE_B0CBD8F33218,victim,-1,00:00:00:00:00:00,0,53,0,0,0,0
113237688,NODE_B0CBD8F33218,victim,-1,00:00:00:00:00:00,0,53,0,0,0,0
113337688,NODE_B0CBD8F33218,victim,-1,00:00:00:00:00:00,0,53,0,0,0,0
113437685,NODE_B0CBD8F33218,victim,-1,00:00:00:00:00:00,0,53,0,0,0,0
113547815,NODE_B0CBD8F33218,victim,-1,00:00:00:00:00:00,0,53,0,0,0,0
113647688,NODE_B0CBD8F33218,victim,-1,00:00:00:00:00:00,0,53,0,0,0,0
113747688,NODE_B0CBD8F33218,victim,-1,00:00:00:00:00:00,0,53,0,0,0,0
113847685,NODE_B0CBD8F33218,victim,-1,00:00:00:00:00:00,0,53,0,0,0,0
113947688,NODE_B0CBD8F33218,victim,-1,00:00:00:00:00:00,0,53,0,0,0,0
114048066,NODE_B0CBD8F33218,victim,-1,00:00:00:00:00:00,0,54,0,0,0,0
114147688,NODE_B0CBD8F33218,victim,-1,00:00:00:00:00:00,0,54,0,0,0,0
114247685,NODE_B0CBD8F33218,victim,-1,00:00:00:00:00:00,0,54,0,0,0,0
114347752,NODE_B0CBD8F33218,victim,-1,00:00:00:00:00:00,0,54,0,0,0,0
114447684,NODE_B0CBD8F33218,victim,-1,00:00:00:00:00:00,0,54,0,0,0,0
114557688,NODE_B0CBD8F33218,victim,-1,00:00:00:00:00:00,0,54,0,0,0,0
114657685,NODE_B0CBD8F33218,victim,-1,00:00:00:00:00:00,0,54,0,0,0,0
114757688,NODE_B0CBD8F33218,victim,-1,00:00:00:00:00:00,0,54,0,0,0,0
114857688,NODE_B0CBD8F33218,victim,-1,00:00:00:00:00:00,0,54,0,0,0,0
114957688,NODE_B0CBD8F33218,victim,-1,00:00:00:00:00:00,0,54,0,0,0,0
115057684,NODE_B0CBD8F33218,victim,-1,00:00:00:00:00:00,0,55,0,0,0,0
115157688,NODE_B0CBD8F33218,victim,-1,00:00:00:00:00:00,0,55,0,0,0,0
115257688,NODE_B0CBD8F33218,victim,-1,00:00:00:00:00:00,0,55,0,0,0,0
115357688,NODE_B0CBD8F33218,victim,-1,00:00:00:00:00:00,0,55,0,0,0,0
115457688,NODE_B0CBD8F33218,victim,-1,00:00:00:00:00:00,0,55,0,0,0,0
115567685,NODE_B0CBD8F33218,victim,-1,00:00:00:00:00:00,0,55,0,0,0,0
115667685,NODE_B0CBD8F33218,victim,-1,00:00:00:00:00:00,0,55,0,0,0,0
115767688,NODE_B0CBD8F33218,victim,-1,00:00:00:00:00:00,0,55,0,0,0,0
115867688,NODE_B0CBD8F33218,victim,-1,00:00:00:00:00:00,0,55,0,0,0,0
115967688,NODE_B0CBD8F33218,victim,-1,00:00:00:00:00:00,0,55,0,0,0,0
116067684,NODE_B0CBD8F33218,victim,-1,00:00:00:00:00:00,0,56,0,0,0,0
116167688,NODE_B0CBD8F33218,victim,-1,00:00:00:00:00:00,0,56,0,0,0,0
116267688,NODE_B0CBD8F33218,victim,-1,00:00:00:00:00:00,0,56,0,0,0,0
116367688,NODE_B0CBD8F33218,victim,-1,00:00:00:00:00:00,0,56,0,0,0,0
116467685,NODE_B0CBD8F33218,victim,-1,00:00:00:00:00:00,0,56,0,0,0,0
