timestamp_us,node_id,role,layer,parent_mac,rssi_dbm,retry_count,tx_count,probes_count,phase_id,gt_label,recv_count,forward_count,drop_count
11179583,NODE_F42DC973E618,child,2,B0:CB:D8:F3:32:19,-67,0,9,9,0,0,0,0,0
11279599,NODE_F42DC973E618,child,2,B0:CB:D8:F3:32:19,-68,0,9,9,0,0,0,0,0
11379593,NODE_F42DC973E618,child,2,B0:CB:D8:F3:32:19,-68,0,9,9,0,0,0,0,0
11479591,NODE_F42DC973E618,child,2,B0:CB:D8:F3:32:19,-68,0,9,9,0,0,0,0,0
11579591,NODE_F42DC973E618,child,2,B0:CB:D8:F3:32:19,-68,0,9,9,0,0,0,0,0
11679593,NODE_F42DC973E618,child,2,B0:CB:D8:F3:32:19,-68,0,9,9,0,0,0,0,0
11779599,NODE_F42DC973E618,child,2,B0:CB:D8:F3:32:19,-69,0,9,9,0,0,0,0,0
11879591,NODE_F42DC973E618,child,2,B0:CB:D8:F3:32:19,-69,0,10,10,0,0,0,0,0
11979593,NODE_F42DC973E618,child,2,B0:CB:D8:F3:32:19,-69,0,10,10,0,0,0,0,0
12079595,NODE_F42DC973E618,child,2,B0:CB:D8:F3:32:19,-69,0,10,10,0,0,0,0,0
12179591,NODE_F42DC973E618,child,2,B0:CB:D8:F3:32:19,-69,0,10,10,0,0,0,0,0
12279593,NODE_F42DC973E618,child,2,B0:CB:D8:F3:32:19,-69,0,10,10,0,0,0,0,0
12379591,NODE_F42DC973E618,child,2,B0:CB:D8:F3:32:19,-69,0,10,10,0,0,0,0,0
12479583,NODE_F42DC973E618,child,2,B0:CB:D8:F3:32:19,-69,0,10,10,0,0,0,0,0
12579597,NODE_F42DC973E618,child,2,B0:CB:D8:F3:32:19,-69,0,10,10,0,0,0,0,0
12679591,NODE_F42DC973E618,child,2,B0:CB:D8:F3:32:19,-69,0,10,10,0,0,0,0,0
12779595,NODE_F42DC973E618,child,2,B0:CB:D8:F3:32:19,-69,0,10,10,0,0,0,0,0
12879589,NODE_F42DC973E618,child,2,B0:CB:D8:F3:32:19,-69,0,11,11,0,0,0,0,0
12979583,NODE_F42DC973E618,child,2,B0:CB:D8:F3:32:19,-69,0,11,11,0,0,0,0,0
13079595,NODE_F42DC973E618,child,2,B0:CB:D8:F3:32:19,-69,0,11,11,0,0,0,0,0
13179597,NODE_F42DC973E618,child,2,B0:CB:D8:F3:32:19,-69,0,11,11,0,0,0,0,0
13279591,NODE_F42DC973E618,child,2,B0:CB:D8:F3:32:19,-69,0,11,11,0,0,0,0,0
13379595,NODE_F42DC973E618,child,2,B0:CB:D8:F3:32:19,-68,0,11,11,0,0,0,0,0
13479593,NODE_F42DC973E618,child,2,B0:CB:D8:F3:32:19,-68,0,11,11,0,0,0,0,0
13579591,NODE_F42DC973E618,child,2,B0:CB:D8:F3:32:19,-68,0,11,11,0,0,0,0,0
13679595,NODE_F42DC973E618,child,2,B0:CB:D8:F3:32:19,-69,0,11,11,0,0,0,0,0
13779593,NODE_F42DC973E618,child,2,B0:CB:D8:F3:32:19,-69,0,11,11,0,0,0,0,0
13879591,NODE_F42DC973E618,child,2,B0:CB:D8:F3:32:19,-69,0,12,12,0,0,0,0,0
13979595,NODE_F42DC973E618,child,2,B0:CB:D8:F3:32:19,-68,0,12,12,0,0,0,0,0
14079593,NODE_F42DC973E618,child,2,B0:CB:D8:F3:32:19,-68,0,12,12,0,0,0,0,0
14179591,NODE_F42DC973E618,child,2,B0:CB:D8:F3:32:19,-68,0,12,12,0,0,0,0,0
14279595,NODE_F42DC973E618,child,2,B0:CB:D8:F3:32:19,-68,0,12,12,0,0,0,0,0
14379593,NODE_F42DC973E618,child,2,B0:CB:D8:F3:32:19,-68,0,12,12,0,0,0,0,0
14479595,NODE_F42DC973E618,child,2,B0:CB:D8:F3:32:19,-68,0,12,12,0,0,0,0,0
14579595,NODE_F42DC973E618,child,2,B0:CB:D8:F3:32:19,-68,0,12,12,0,0,0,0,0
14679593,NODE_F42DC973E618,child,2,B0:CB:D8:F3:32:19,-68,0,12,12,0,0,0,0,0
14779591,NODE_F42DC973E618,child,2,B0:CB:D8:F3:32:19,-68,0,12,12,0,0,0,0,0
14879591,NODE_F42DC973E618,child,2,B0:CB:D8:F3:32:19,-68,0,13,13,0,0,0,0,0
14979593,NODE_F42DC973E618,child,2,B0:CB:D8:F3:32:19,-68,0,13,13,0,0,0,0,0
15079591,NODE_F42DC973E618,child,2,B0:CB:D8:F3:32:19,-68,0,13,13,0,0,0,0,0
15179595,NODE_F42DC973E618,child,2,B0:CB:D8:F3:32:19,-68,0,13,13,0,0,0,0,0
15279593,NODE_F42DC973E618,child,2,B0:CB:D8:F3:32:19,-68,0,13,13,0,0,0,0,0
15379591,NODE_F42DC973E618,child,2,B0:CB:D8:F3:32:19,-68,0,13,13,0,0,0,0,0
15479591,NODE_F42DC973E618,child,2,B0:CB:D8:F3:32:19,-68,0,13,13,0,0,0,0,0
15579593,NODE_F42DC973E618,child,2,B0:CB:D8:F3:32:19,-68,0,13,13,0,0,0,0,0
15679591,NODE_F42DC973E618,child,2,B0:CB:D8:F3:32:19,-68,0,13,13,0,0,0,0,0
15779591,NODE_F42DC973E618,child,2,B0:CB:D8:F3:32:19,-68,0,13,13,0,0,0,0,0
15879597,NODE_F42DC973E618,child,2,B0:CB:D8:F3:32:19,-68,0,14,14,0,0,0,0,0
15979599,NODE_F42DC973E618,child,2,B0:CB:D8:F3:32:19,-68,0,14,14,0,0,0,0,0
16079917,NODE_F42DC973E618,child,2,B0:CB:D8:F3:32:19,-67,0,14,14,0,0,0,0,0
16179589,NODE_F42DC973E618,child,2,B0:CB:D8:F3:32:19,-67,0,14,14,0,0,0,0,0
16279595,NODE_F42DC973E618,child,2,B0:CB:D8:F3:32:19,-67,0,14,14,0,0,0,0,0
16379595,NODE_F42DC973E618,child,2,B0:CB:D8:F3:32:19,-68,0,14,14,0,0,0,0,0
16479589,NODE_F42DC973E618,child,2,B0:CB:D8:F3:32:19,-68,0,14,14,0,0,0,0,0
16579595,NODE_F42DC973E618,child,2,B0:CB:D8:F3:32:19,-68,0,14,14,0,0,0,0,0
16679591,NODE_F42DC973E618,child,2,B0:CB:D8:F3:32:19,-68,0,14,14,0,0,0,0,0
16779597,NODE_F42DC973E618,child,2,B0:CB:D8:F3:32:19,-67,0,14,14,0,0,0,0,0
16879587,NODE_F42DC973E618,child,2,B0:CB:D8:F3:32:19,-67,0,15,15,0,0,0,0,0
16979591,NODE_F42DC973E618,child,2,B0:CB:D8:F3:32:19,-67,0,15,15,0,0,0,0,0
17079597,NODE_F42DC973E618,child,2,B0:CB:D8:F3:32:19,-67,0,15,15,0,0,0,0,0
17179595,NODE_F42DC973E618,child,2,B0:CB:D8:F3:32:19,-67,0,15,15,0,0,0,0,0
17279591,NODE_F42DC973E618,child,2,B0:CB:D8:F3:32:19,-67,0,15,15,0,0,0,0,0
17379597,NODE_F42DC973E618,child,2,B0:CB:D8:F3:32:19,-66,0,15,15,0,0,0,0,0
17479591,NODE_F42DC973E618,child,2,B0:CB:D8:F3:32:19,-66,0,15,15,0,0,0,0,0
17579591,NODE_F42DC973E618,child,2,B0:CB:D8:F3:32:19,-66,0,15,15,0,0,0,0,0
17679597,NODE_F42DC973E618,child,2,B0:CB:D8:F3:32:19,-68,0,15,15,0,0,0,0,0
17779591,NODE_F42DC973E618,child,2,B0:CB:D8:F3:32:19,-68,0,15,15,0,0,0,0,0
17879591,NODE_F42DC973E618,child,2,B0:CB:D8:F3:32:19,-68,0,16,16,0,0,0,0,0
17979597,NODE_F42DC973E618,child,2,B0:CB:D8:F3:32:19,-67,0,16,16,0,0,0,0,0
18079591,NODE_F42DC973E618,child,2,B0:CB:D8:F3:32:19,-67,0,16,16,0,0,0,0,0
18179591,NODE_F42DC973E618,child,2,B0:CB:D8:F3:32:19,-67,0,16,16,0,0,0,0,0
18279597,NODE_F42DC973E618,child,2,B0:CB:D8:F3:32:19,-67,0,16,16,0,0,0,0,0
18379591,NODE_F42DC973E618,child,2,B0:CB:D8:F3:32:19,-67,0,16,16,0,0,0,0,0
18479591,NODE_F42DC973E618,child,2,B0:CB:D8:F3:32:19,-67,0,16,16,0,0,0,0,0
18579589,NODE_F42DC973E618,child,2,B0:CB:D8:F3:32:19,-67,0,16,16,0,0,0,0,0
18679591,NODE_F42DC973E618,child,2,B0:CB:D8:F3:32:19,-67,0,16,16,0,0,0,0,0
18779595,NODE_F42DC973E618,child,2,B0:CB:D8:F3:32:19,-67,0,16,16,0,0,0,0,0
18879589,NODE_F42DC973E618,child,2,B0:CB:D8:F3:32:19,-69,0,17,17,0,0,0,0,0
18979591,NODE_F42DC973E618,child,2,B0:CB:D8:F3:32:19,-69,0,17,17,0,0,0,0,0
19079591,NODE_F42DC973E618,child,2,B0:CB:D8:F3:32:19,-69,0,17,17,0,0,0,0,0
19179597,NODE_F42DC973E618,child,2,B0:CB:D8:F3:32:19,-69,0,17,17,0,0,0,0,0
19279591,NODE_F42DC973E618,child,2,B0:CB:D8:F3:32:19,-69,0,17,17,0,0,0,0,0
19379595,NODE_F42DC973E618,child,2,B0:CB:D8:F3:32:19,-69,0,17,17,0,0,0,0,0
19479597,NODE_F42DC973E618,child,2,B0:CB:D8:F3:32:19,-68,0,17,17,0,0,0,0,0
19579591,NODE_F42DC973E618,child,2,B0:CB:D8:F3:32:19,-68,0,17,17,0,0,0,0,0
19679591,NODE_F42DC973E618,child,2,B0:CB:D8:F3:32:19,-68,0,17,17,0,0,0,0,0
19779597,NODE_F42DC973E618,child,2,B0:CB:D8:F3:32:19,-67,0,17,17,0,0,0,0,0
19879591,NODE_F42DC973E618,child,2,B0:CB:D8:F3:32:19,-67,0,18,18,0,0,0,0,0
19979591,NODE_F42DC973E618,child,2,B0:CB:D8:F3:32:19,-67,0,18,18,0,0,0,0,0
20079601,NODE_F42DC973E618,child,2,B0:CB:D8:F3:32:19,-68,0,18,18,0,0,0,0,0
20179591,NODE_F42DC973E618,child,2,B0:CB:D8:F3:32:19,-68,0,18,18,0,0,0,0,0
20279587,NODE_F42DC973E618,child,2,B0:CB:D8:F3:32:19,-68,0,18,18,0,0,0,0,0
20379597,NODE_F42DC973E618,child,2,B0:CB:D8:F3:32:19,-67,0,18,18,0,0,0,0,0
20479587,NODE_F42DC973E618,child,2,B0:CB:D8:F3:32:19,-67,0,18,18,0,0,0,0,0
20579591,NODE_F42DC973E618,child,2,B0:CB:D8:F3:32:19,-67,0,18,18,0,0,0,0,0
20679827,NODE_F42DC973E618,child,2,B0:CB:D8:F3:32:19,-67,0,18,18,0,0,0,0,0
20779591,NODE_F42DC973E618,child,2,B0:CB:D8:F3:32:19,-67,0,18,18,0,0,0,0,0
20879587,NODE_F42DC973E618,child,2,B0:CB:D8:F3:32:19,-67,0,19,19,0,0,0,0,0
20979593,NODE_F42DC973E618,child,2,B0:CB:D8:F3:32:19,-67,0,19,19,0,0,0,0,0
21079595,NODE_F42DC973E618,child,2,B0:CB:D8:F3:32:19,-66,0,19,19,0,0,0,0,0
21179591,NODE_F42DC973E618,child,2,B0:CB:D8:F3:32:19,-66,0,19,19,0,0,0,0,0
21279593,NODE_F42DC973E618,child,2,B0:CB:D8:F3:32:19,-66,0,19,19,0,0,0,0,0
21379595,NODE_F42DC973E618,child,2,B0:CB:D8:F3:32:19,-68,0,19,19,0,0,0,0,0
21479591,NODE_F42DC973E618,child,2,B0:CB:D8:F3:32:19,-68,0,19,19,0,0,0,0,0
21579593,NODE_F42DC973E618,child,2,B0:CB:D8:F3:32:19,-68,0,19,19,0,0,0,0,0
21679595,NODE_F42DC973E618,child,2,B0:CB:D8:F3:32:19,-67,0,19,19,0,0,0,0,0
21779591,NODE_F42DC973E618,child,2,B0:CB:D8:F3:32:19,-67,0,19,19,0,0,0,0,0
21879589,NODE_F42DC973E618,child,2,B0:CB:D8:F3:32:19,-67,0,20,20,0,0,0,0,0
21979595,NODE_F42DC973E618,child,2,B0:CB:D8:F3:32:19,-68,0,20,20,0,0,0,0,0
22079595,NODE_F42DC973E618,child,2,B0:CB:D8:F3:32:19,-68,0,20,20,0,0,0,0,0
22179593,NODE_F42DC973E618,child,2,B0:CB:D8:F3:32:19,-68,0,20,20,0,0,0,0,0
22279595,NODE_F42DC973E618,child,2,B0:CB:D8:F3:32:19,-67,0,20,20,0,0,0,0,0
22379591,NODE_F42DC973E618,child,2,B0:CB:D8:F3:32:19,-67,0,20,20,0,0,0,0,0
22479593,NODE_F42DC973E618,child,2,B0:CB:D8:F3:32:19,-67,0,20,20,0,0,0,0,0
22579595,NODE_F42DC973E618,child,2,B0:CB:D8:F3:32:19,-65,0,20,20,0,0,0,0,0
22679591,NODE_F42DC973E618,child,2,B0:CB:D8:F3:32:19,-65,0,20,20,0,0,0,0,0
22779597,NODE_F42DC973E618,child,2,B0:CB:D8:F3:32:19,-65,0,20,20,0,0,0,0,0
22879587,NODE_F42DC973E618,child,2,B0:CB:D8:F3:32:19,-66,0,21,21,0,0,0,0,0
22979591,NODE_F42DC973E618,child,2,B0:CB:D8:F3:32:19,-66,0,21,21,0,0,0,0,0
23079593,NODE_F42DC973E618,child,2,B0:CB:D8:F3:32:19,-66,0,21,21,0,0,0,0,0
23179599,NODE_F42DC973E618,child,2,B0:CB:D8:F3:32:19,-66,0,21,21,0,0,0,0,0
23279591,NODE_F42DC973E618,child,2,B0:CB:D8:F3:32:19,-66,0,21,21,0,0,0,0,0
23379597,NODE_F42DC973E618,child,2,B0:CB:D8:F3:32:19,-66,0,21,21,0,0,0,0,0
23479595,NODE_F42DC973E618,child,2,B0:CB:D8:F3:32:19,-65,0,21,21,0,0,0,0,0
23579591,NODE_F42DC973E618,child,2,B0:CB:D8:F3:32:19,-65,0,21,21,0,0,0,0,0
23679593,NODE_F42DC973E618,child,2,B0:CB:D8:F3:32:19,-65,0,21,21,0,0,0,0,0
23779595,NODE_F42DC973E618,child,2,B0:CB:D8:F3:32:19,-65,0,21,21,0,0,0,0,0
23879587,NODE_F42DC973E618,child,2,B0:CB:D8:F3:32:19,-65,0,22,22,0,0,0,0,0
23979593,NODE_F42DC973E618,child,2,B0:CB:D8:F3:32:19,-65,0,22,22,0,0,0,0,0
24079599,NODE_F42DC973E618,child,2,B0:CB:D8:F3:32:19,-65,0,22,22,0,0,0,0,0
24179591,NODE_F42DC973E618,child,2,B0:CB:D8:F3:32:19,-65,0,22,22,0,0,0,0,0
24279593,NODE_F42DC973E618,child,2,B0:CB:D8:F3:32:19,-65,0,22,22,0,0,0,0,0
24379787,NODE_F42DC973E618,child,2,B0:CB:D8:F3:32:19,-65,0,22,22,0,0,0,0,0
24479591,NODE_F42DC973E618,child,2,B0:CB:D8:F3:32:19,-65,0,22,22,0,0,0,0,0
24579593,NODE_F42DC973E618,child,2,B0:CB:D8:F3:32:19,-65,0,22,22,0,0,0,0,0
24679595,NODE_F42DC973E618,child,2,B0:CB:D8:F3:32:19,-64,0,22,22,0,0,0,0,0
24779591,NODE_F42DC973E618,child,2,B0:CB:D8:F3:32:19,-64,0,22,22,0,0,0,0,0
24879593,NODE_F42DC973E618,child,2,B0:CB:D8:F3:32:19,-64,0,23,23,0,0,0,0,0
24979587,NODE_F42DC973E618,child,2,B0:CB:D8:F3:32:19,-64,0,23,23,0,0,0,0,0
25079595,NODE_F42DC973E618,child,2,B0:CB:D8:F3:32:19,-66,0,23,23,0,0,0,0,0
25179593,NODE_F42DC973E618,child,2,B0:CB:D8:F3:32:19,-66,0,23,23,0,0,0,0,0
25279591,NODE_F42DC973E618,child,2,B0:CB:D8:F3:32:19,-66,0,23,23,0,0,0,0,0
25379599,NODE_F42DC973E618,child,2,B0:CB:D8:F3:32:19,-65,0,23,23,0,0,0,0,0
25479593,NODE_F42DC973E618,child,2,B0:CB:D8:F3:32:19,-65,0,23,23,0,0,0,0,0
25579822,NODE_F42DC973E618,child,2,B0:CB:D8:F3:32:19,-65,0,23,23,0,0,0,0,0
25679595,NODE_F42DC973E618,child,2,B0:CB:D8:F3:32:19,-65,0,23,23,0,0,0,0,0
25779593,NODE_F42DC973E618,child,2,B0:CB:D8:F3:32:19,-65,0,23,23,0,0,0,0,0
25879587,NODE_F42DC973E618,child,2,B0:CB:D8:F3:32:19,-65,0,24,24,0,0,0,0,0
25979595,NODE_F42DC973E618,child,2,B0:CB:D8:F3:32:19,-66,0,24,24,0,0,0,0,0
26079597,NODE_F42DC973E618,child,2,B0:CB:D8:F3:32:19,-66,0,24,24,0,0,0,0,0
26179591,NODE_F42DC973E618,child,2,B0:CB:D8:F3:32:19,-66,0,24,24,0,0,0,0,0
26279595,NODE_F42DC973E618,child,2,B0:CB:D8:F3:32:19,-65,0,24,24,0,0,0,0,0
26379593,NODE_F42DC973E618,child,2,B0:CB:D8:F3:32:19,-65,0,24,24,0,0,0,0,0
26479591,NODE_F42DC973E618,child,2,B0:CB:D8:F3:32:19,-65,0,24,24,0,0,0,0,0
26579587,NODE_F42DC973E618,child,2,B0:CB:D8:F3:32:19,-65,0,24,24,0,0,0,0,0
26679593,NODE_F42DC973E618,child,2,B0:CB:D8:F3:32:19,-65,0,24,24,0,0,0,0,0
26779591,NODE_F42DC973E618,child,2,B0:CB:D8:F3:32:19,-65,0,24,24,0,0,0,0,0
26879591,NODE_F42DC973E618,child,2,B0:CB:D8:F3:32:19,-67,0,25,25,0,0,0,0,0
26979593,NODE_F42DC973E618,child,2,B0:CB:D8:F3:32:19,-67,0,25,25,0,0,0,0,0
27079591,NODE_F42DC973E618,child,2,B0:CB:D8:F3:32:19,-67,0,25,25,0,0,0,0,0
27179595,NODE_F42DC973E618,child,2,B0:CB:D8:F3:32:19,-68,0,25,25,0,0,0,0,0
27279593,NODE_F42DC973E618,child,2,B0:CB:D8:F3:32:19,-68,0,25,25,0,0,0,0,0
27379587,NODE_F42DC973E618,child,2,B0:CB:D8:F3:32:19,-68,0,25,25,0,0,0,0,0
27479595,NODE_F42DC973E618,child,2,B0:CB:D8:F3:32:19,-68,0,25,25,0,0,0,0,0
27579601,NODE_F42DC973E618,child,2,B0:CB:D8:F3:32:19,-68,0,25,25,0,0,0,0,0
27679591,NODE_F42DC973E618,child,2,B0:CB:D8:F3:32:19,-68,0,25,25,0,0,0,0,0
27779591,NODE_F42DC973E618,child,2,B0:CB:D8:F3:32:19,-68,0,25,25,0,0,0,0,0
27879593,NODE_F42DC973E618,child,2,B0:CB:D8:F3:32:19,-68,0,26,26,0,0,0,0,0
27979591,NODE_F42DC973E618,child,2,B0:CB:D8:F3:32:19,-68,0,26,26,0,0,0,0,0
28079591,NODE_F42DC973E618,child,2,B0:CB:D8:F3:32:19,-68,0,26,26,0,0,0,0,0
28179597,NODE_F42DC973E618,child,2,B0:CB:D8:F3:32:19,-68,0,26,26,0,0,0,0,0
28279591,NODE_F42DC973E618,child,2,B0:CB:D8:F3:32:19,-68,0,26,26,0,0,0,0,0
28379591,NODE_F42DC973E618,child,2,B0:CB:D8:F3:32:19,-68,0,26,26,0,0,0,0,0
28479593,NODE_F42DC973E618,child,2,B0:CB:D8:F3:32:19,-68,0,26,26,0,0,0,0,0
28579591,NODE_F42DC973E618,child,2,B0:CB:D8:F3:32:19,-68,0,26,26,0,0,0,0,0
28679591,NODE_F42DC973E618,child,2,B0:CB:D8:F3:32:19,-68,0,26,26,0,0,0,0,0
28779712,NODE_F42DC973E618,child,2,B0:CB:D8:F3:32:19,-68,0,26,26,0,0,0,0,0
28879595,NODE_F42DC973E618,child,2,B0:CB:D8:F3:32:19,-68,0,27,27,0,0,0,0,0
28979591,NODE_F42DC973E618,child,2,B0:CB:D8:F3:32:19,-68,0,27,27,0,0,0,0,0
29079601,NODE_F42DC973E618,child,2,B0:CB:D8:F3:32:19,-68,0,27,27,0,0,0,0,0
29179591,NODE_F42DC973E618,child,2,B0:CB:D8:F3:32:19,-68,0,27,27,0,0,0,0,0
29279587,NODE_F42DC973E618,child,2,B0:CB:D8:F3:32:19,-68,0,27,27,0,0,0,0,0
29379597,NODE_F42DC973E618,child,2,B0:CB:D8:F3:32:19,-66,0,27,27,0,0,0,0,0
29479591,NODE_F42DC973E618,child,2,B0:CB:D8:F3:32:19,-66,0,27,27,0,0,0,0,0
29579595,NODE_F42DC973E618,child,2,B0:CB:D8:F3:32:19,-66,0,27,27,0,0,0,0,0
29679597,NODE_F42DC973E618,child,2,B0:CB:D8:F3:32:19,-67,0,27,27,0,0,0,0,0
29779591,NODE_F42DC973E618,child,2,B0:CB:D8:F3:32:19,-67,0,27,27,0,0,0,0,0
29879583,NODE_F42DC973E618,child,2,B0:CB:D8:F3:32:19,-67,0,28,28,0,0,0,0,0
29979597,NODE_F42DC973E618,child,2,B0:CB:D8:F3:32:19,-68,0,28,28,0,0,0,0,0
30079591,NODE_F42DC973E618,child,2,B0:CB:D8:F3:32:19,-68,0,28,28,0,0,0,0,0
30179595,NODE_F42DC973E618,child,2,B0:CB:D8:F3:32:19,-68,0,28,28,0,0,0,0,0
30279597,NODE_F42DC973E618,child,2,B0:CB:D8:F3:32:19,-67,0,28,28,0,0,0,0,0
30379591,NODE_F42DC973E618,child,2,B0:CB:D8:F3:32:19,-67,0,28,28,0,0,0,0,0
30479591,NODE_F42DC973E618,child,2,B0:CB:D8:F3:32:19,-67,0,28,28,0,0,0,0,0
30579597,NODE_F42DC973E618,child,2,B0:CB:D8:F3:32:19,-68,0,28,28,0,0,0,0,0
30679591,NODE_F42DC973E618,child,2,B0:CB:D8:F3:32:19,-68,0,28,28,0,0,0,0,0
30779591,NODE_F42DC973E618,child,2,B0:CB:D8:F3:32:19,-68,0,28,28,0,0,0,0,0
30879617,NODE_F42DC973E618,child,2,B0:CB:D8:F3:32:19,-68,0,28,28,0,0,0,0,0
30979591,NODE_F42DC973E618,child,2,B0:CB:D8:F3:32:19,-68,0,29,29,0,0,0,0,0
31079591,NODE_F42DC973E618,child,2,B0:CB:D8:F3:32:19,-68,0,29,29,0,0,0,0,0
31179597,NODE_F42DC973E618,child,2,B0:CB:D8:F3:32:19,-67,0,29,29,0,0,0,0,0
31279591,NODE_F42DC973E618,child,2,B0:CB:D8:F3:32:19,-67,0,29,29,0,0,0,0,0
31379591,NODE_F42DC973E618,child,2,B0:CB:D8:F3:32:19,-67,0,29,29,0,0,0,0,0
31479597,NODE_F42DC973E618,child,2,B0:CB:D8:F3:32:19,-67,0,29,29,0,0,0,0,0
31579595,NODE_F42DC973E618,child,2,B0:CB:D8:F3:32:19,-67,0,29,29,0,0,0,0,0
31679591,NODE_F42DC973E618,child,2,B0:CB:D8:F3:32:19,-67,0,29,29,0,0,0,0,0
31779597,NODE_F42DC973E618,child,2,B0:CB:D8:F3:32:19,-67,0,29,29,0,0,0,0,0
31880338,NODE_F42DC973E618,child,2,B0:CB:D8:F3:32:19,-67,0,29,29,0,0,0,0,0
31979591,NODE_F42DC973E618,child,2,B0:CB:D8:F3:32:19,-67,0,30,30,0,0,0,0,0
32079597,NODE_F42DC973E618,child,2,B0:CB:D8:F3:32:19,-67,0,30,30,0,0,0,0,0
32179595,NODE_F42DC973E618,child,2,B0:CB:D8:F3:32:19,-67,0,30,30,0,0,0,0,0
32279591,NODE_F42DC973E618,child,2,B0:CB:D8:F3:32:19,-67,0,30,30,0,0,0,0,0
32379597,NODE_F42DC973E618,child,2,B0:CB:D8:F3:32:19,-68,0,30,30,0,0,0,0,0
32479591,NODE_F42DC973E618,child,2,B0:CB:D8:F3:32:19,-68,0,30,30,0,0,0,0,0
32579591,NODE_F42DC973E618,child,2,B0:CB:D8:F3:32:19,-68,0,30,30,0,0,0,0,0
32679597,NODE_F42DC973E618,child,2,B0:CB:D8:F3:32:19,-67,0,30,30,0,0,0,0,0
32779591,NODE_F42DC973E618,child,2,B0:CB:D8:F3:32:19,-67,0,30,30,0,0,0,0,0
32880351,NODE_F42DC973E618,child,2,B0:CB:D8:F3:32:19,-67,0,30,30,0,0,0,0,0
32979601,NODE_F42DC973E618,child,2,B0:CB:D8:F3:32:19,-69,0,31,31,0,0,0,0,0
33079591,NODE_F42DC973E618,child,2,B0:CB:D8:F3:32:19,-69,0,31,31,0,0,0,0,0
33179591,NODE_F42DC973E618,child,2,B0:CB:D8:F3:32:19,-69,0,31,31,0,0,0,0,0
33279597,NODE_F42DC973E618,child,2,B0:CB:D8:F3:32:19,-69,0,31,31,0,0,0,0,0
33379587,NODE_F42DC973E618,child,2,B0:CB:D8:F3:32:19,-69,0,31,31,0,0,0,0,0
33479591,NODE_F42DC973E618,child,2,B0:CB:D8:F3:32:19,-69,0,31,31,0,0,0,0,0
33579597,NODE_F42DC973E618,child,2,B0:CB:D8:F3:32:19,-69,0,31,31,0,0,0,0,0
33679591,NODE_F42DC973E618,child,2,B0:CB:D8:F3:32:19,-69,0,31,31,0,0,0,0,0
33779591,NODE_F42DC973E618,child,2,B0:CB:D8:F3:32:19,-69,0,31,31,0,0,0,0,0
33880367,NODE_F42DC973E618,child,2,B0:CB:D8:F3:32:19,-69,0,31,31,0,0,0,0,0
33979591,NODE_F42DC973E618,child,2,B0:CB:D8:F3:32:19,-69,0,32,32,0,0,0,0,0
34079591,NODE_F42DC973E618,child,2,B0:CB:D8:F3:32:19,-69,0,32,32,0,0,0,0,0
34179597,NODE_F42DC973E618,child,2,B0:CB:D8:F3:32:19,-69,0,32,32,0,0,0,0,0
34279583,NODE_F42DC973E618,child,2,B0:CB:D8:F3:32:19,-69,0,32,32,0,0,0,0,0
34379595,NODE_F42DC973E618,child,2,B0:CB:D8:F3:32:19,-69,0,32,32,0,0,0,0,0
34479593,NODE_F42DC973E618,child,2,B0:CB:D8:F3:32:19,-69,0,32,32,0,0,0,0,0
34579591,NODE_F42DC973E618,child,2,B0:CB:D8:F3:32:19,-69,0,32,32,0,0,0,0,0
34679591,NODE_F42DC973E618,child,2,B0:CB:D8:F3:32:19,-69,0,32,32,0,0,0,0,0
34780419,NODE_F42DC973E618,child,2,B0:CB:D8:F3:32:19,-69,0,32,32,0,0,0,0,0
34879591,NODE_F42DC973E618,child,2,B0:CB:D8:F3:32:19,-69,0,32,32,0,0,0,0,0
34979591,NODE_F42DC973E618,child,2,B0:CB:D8:F3:32:19,-69,0,33,33,0,0,0,0,0
35079605,NODE_F42DC973E618,child,2,B0:CB:D8:F3:32:19,-69,0,33,33,0,0,0,0,0
35179595,NODE_F42DC973E618,child,2,B0:CB:D8:F3:32:19,-67,0,33,33,0,0,0,0,0
35279591,NODE_F42DC973E618,child,2,B0:CB:D8:F3:32:19,-67,0,33,33,0,0,0,0,0
35379593,NODE_F42DC973E618,child,2,B0:CB:D8:F3:32:19,-67,0,33,33,0,0,0,0,0
35479595,NODE_F42DC973E618,child,2,B0:CB:D8:F3:32:19,-67,0,33,33,0,0,0,0,0
35579591,NODE_F42DC973E618,child,2,B0:CB:D8:F3:32:19,-67,0,33,33,0,0,0,0,0
35679593,NODE_F42DC973E618,child,2,B0:CB:D8:F3:32:19,-67,0,33,33,0,0,0,0,0
35779591,NODE_F42DC973E618,child,2,B0:CB:D8:F3:32:19,-67,0,33,33,0,0,0,0,0
35879591,NODE_F42DC973E618,child,2,B0:CB:D8:F3:32:19,-67,0,33,33,0,0,0,0,0
35979593,NODE_F42DC973E618,child,2,B0:CB:D8:F3:32:19,-67,0,34,34,0,0,0,0,0
36079595,NODE_F42DC973E618,child,2,B0:CB:D8:F3:32:19,-67,0,34,34,0,0,0,0,0
36179591,NODE_F42DC973E618,child,2,B0:CB:D8:F3:32:19,-67,0,34,34,0,0,0,0,0
36279593,NODE_F42DC973E618,child,2,B0:CB:D8:F3:32:19,-67,0,34,34,0,0,0,0,0
36379599,NODE_F42DC973E618,child,2,B0:CB:D8:F3:32:19,-67,0,34,34,0,0,0,0,0
36479591,NODE_F42DC973E618,child,2,B0:CB:D8:F3:32:19,-67,0,34,34,0,0,0,0,0
36579593,NODE_F42DC973E618,child,2,B0:CB:D8:F3:32:19,-67,0,34,34,0,0,0,0,0
36679595,NODE_F42DC973E618,child,2,B0:CB:D8:F3:32:19,-67,0,34,34,0,0,0,0,0
36779591,NODE_F42DC973E618,child,2,B0:CB:D8:F3:32:19,-67,0,34,34,0,0,0,0,0
36879593,NODE_F42DC973E618,child,2,B0:CB:D8:F3:32:19,-67,0,34,34,0,0,0,0,0
36979595,NODE_F42DC973E618,child,2,B0:CB:D8:F3:32:19,-67,0,35,35,0,0,0,0,0
37079595,NODE_F42DC973E618,child,2,B0:CB:D8:F3:32:19,-67,0,35,35,0,0,0,0,0
37179593,NODE_F42DC973E618,child,2,B0:CB:D8:F3:32:19,-67,0,35,35,0,0,0,0,0
37279595,NODE_F42DC973E618,child,2,B0:CB:D8:F3:32:19,-67,0,35,35,0,0,0,0,0
37379591,NODE_F42DC973E618,child,2,B0:CB:D8:F3:32:19,-67,0,35,35,0,0,0,0,0
37479593,NODE_F42DC973E618,child,2,B0:CB:D8:F3:32:19,-67,0,35,35,0,0,0,0,0
37579595,NODE_F42DC973E618,child,2,B0:CB:D8:F3:32:19,-67,0,35,35,0,0,0,0,0
37679587,NODE_F42DC973E618,child,2,B0:CB:D8:F3:32:19,-67,0,35,35,0,0,0,0,0
37779597,NODE_F42DC973E618,child,2,B0:CB:D8:F3:32:19,-67,0,35,35,0,0,0,0,0
37879587,NODE_F42DC973E618,child,2,B0:CB:D8:F3:32:19,-67,0,35,35,0,0,0,0,0
37979587,NODE_F42DC973E618,child,2,B0:CB:D8:F3:32:19,-67,0,36,36,0,0,0,0,0
38079593,NODE_F42DC973E618,child,2,B0:CB:D8:F3:32:19,-67,0,36,36,0,0,0,0,0
38179591,NODE_F42DC973E618,child,2,B0:CB:D8:F3:32:19,-67,0,36,36,0,0,0,0,0
38279595,NODE_F42DC973E618,child,2,B0:CB:D8:F3:32:19,-67,0,36,36,0,0,0,0,0
38379597,NODE_F42DC973E618,child,2,B0:CB:D8:F3:32:19,-67,0,36,36,0,0,0,0,0
38479591,NODE_F42DC973E618,child,2,B0:CB:D8:F3:32:19,-67,0,36,36,0,0,0,0,0
38579595,NODE_F42DC973E618,child,2,B0:CB:D8:F3:32:19,-67,0,36,36,0,0,0,0,0
38679593,NODE_F42DC973E618,child,2,B0:CB:D8:F3:32:19,-67,0,36,36,0,0,0,0,0
38779591,NODE_F42DC973E618,child,2,B0:CB:D8:F3:32:19,-67,0,36,36,0,0,0,0,0
38879595,NODE_F42DC973E618,child,2,B0:CB:D8:F3:32:19,-68,0,36,36,0,0,0,0,0
38979593,NODE_F42DC973E618,child,2,B0:CB:D8:F3:32:19,-68,0,37,37,0,0,0,0,0
39079595,NODE_F42DC973E618,child,2,B0:CB:D8:F3:32:19,-68,0,37,37,0,0,0,0,0
39179595,NODE_F42DC973E618,child,2,B0:CB:D8:F3:32:19,-70,0,37,37,0,0,0,0,0
39279593,NODE_F42DC973E618,child,2,B0:CB:D8:F3:32:19,-70,0,37,37,0,0,0,0,0
39379591,NODE_F42DC973E618,child,2,B0:CB:D8:F3:32:19,-70,0,37,37,0,0,0,0,0
39479595,NODE_F42DC973E618,child,2,B0:CB:D8:F3:32:19,-65,0,37,37,0,0,0,0,0
39579593,NODE_F42DC973E618,child,2,B0:CB:D8:F3:32:19,-65,0,37,37,0,0,0,0,0
39679591,NODE_F42DC973E618,child,2,B0:CB:D8:F3:32:19,-65,0,37,37,0,0,0,0,0
39779599,NODE_F42DC973E618,child,2,B0:CB:D8:F3:32:19,-64,0,37,37,0,0,0,0,0
39879593,NODE_F42DC973E618,child,2,B0:CB:D8:F3:32:19,-64,0,37,37,0,0,0,0,0
39979591,NODE_F42DC973E618,child,2,B0:CB:D8:F3:32:19,-64,0,38,38,0,0,0,0,0
40079595,NODE_F42DC973E618,child,2,B0:CB:D8:F3:32:19,-64,0,38,38,0,0,0,0,0
40179597,NODE_F42DC973E618,child,2,B0:CB:D8:F3:32:19,-64,0,38,38,0,0,0,0,0
40279591,NODE_F42DC973E618,child,2,B0:CB:D8:F3:32:19,-64,0,38,38,0,0,0,0,0
40379595,NODE_F42DC973E618,child,2,B0:CB:D8:F3:32:19,-63,0,38,38,0,0,0,0,0
40479593,NODE_F42DC973E618,child,2,B0:CB:D8:F3:32:19,-63,0,38,38,0,0,0,0,0
40579595,NODE_F42DC973E618,child,2,B0:CB:D8:F3:32:19,-63,0,38,38,0,0,0,0,0
40679595,NODE_F42DC973E618,child,2,B0:CB:D8:F3:32:19,-63,0,38,38,0,0,0,0,0
40779593,NODE_F42DC973E618,child,2,B0:CB:D8:F3:32:19,-63,0,38,38,0,0,0,0,0
40879587,NODE_F42DC973E618,child,2,B0:CB:D8:F3:32:19,-63,0,38,38,0,0,0,0,0
40979595,NODE_F42DC973E618,child,2,B0:CB:D8:F3:32:19,-64,0,39,39,0,0,0,0,0
41079593,NODE_F42DC973E618,child,2,B0:CB:D8:F3:32:19,-64,0,39,39,0,0,0,0,0
41179595,NODE_F42DC973E618,child,2,B0:CB:D8:F3:32:19,-64,0,39,39,0,0,0,0,0
41279595,NODE_F42DC973E618,child,2,B0:CB:D8:F3:32:19,-64,0,39,39,0,0,0,0,0
41379593,NODE_F42DC973E618,child,2,B0:CB:D8:F3:32:19,-64,0,39,39,0,0,0,0,0
41479587,NODE_F42DC973E618,child,2,B0:CB:D8:F3:32:19,-64,0,39,39,0,0,0,0,0
41579595,NODE_F42DC973E618,child,2,B0:CB:D8:F3:32:19,-64,0,39,39,0,0,0,0,0
41679593,NODE_F42DC973E618,child,2,B0:CB:D8:F3:32:19,-64,0,39,39,0,0,0,0,0
41779591,NODE_F42DC973E618,child,2,B0:CB:D8:F3:32:19,-64,0,39,39,0,0,0,0,0
41879599,NODE_F42DC973E618,child,2,B0:CB:D8:F3:32:19,-64,0,39,39,0,0,0,0,0
41979593,NODE_F42DC973E618,child,2,B0:CB:D8:F3:32:19,-64,0,40,40,0,0,0,0,0
42079591,NODE_F42DC973E618,child,2,B0:CB:D8:F3:32:19,-64,0,40,40,0,0,0,0,0
42179587,NODE_F42DC973E618,child,2,B0:CB:D8:F3:32:19,-64,0,40,40,0,0,0,0,0
42279597,NODE_F42DC973E618,child,2,B0:CB:D8:F3:32:19,-68,0,40,40,0,0,0,0,0
42379591,NODE_F42DC973E618,child,2,B0:CB:D8:F3:32:19,-68,0,40,40,0,0,0,0,0
42479591,NODE_F42DC973E618,child,2,B0:CB:D8:F3:32:19,-68,0,40,40,0,0,0,0,0
42579601,NODE_F42DC973E618,child,2,B0:CB:D8:F3:32:19,-69,0,40,40,0,0,0,0,0
42679591,NODE_F42DC973E618,child,2,B0:CB:D8:F3:32:19,-69,0,40,40,0,0,0,0,0
42779591,NODE_F42DC973E618,child,2,B0:CB:D8:F3:32:19,-69,0,40,40,0,0,0,0,0
42879597,NODE_F42DC973E618,child,2,B0:CB:D8:F3:32:19,-68,0,40,40,0,0,0,0,0
42979591,NODE_F42DC973E618,child,2,B0:CB:D8:F3:32:19,-68,0,41,41,0,0,0,0,0
43079591,NODE_F42DC973E618,child,2,B0:CB:D8:F3:32:19,-68,0,41,41,0,0,0,0,0
43179601,NODE_F42DC973E618,child,2,B0:CB:D8:F3:32:19,-69,0,41,41,0,0,0,0,0
43279591,NODE_F42DC973E618,child,2,B0:CB:D8:F3:32:19,-69,0,41,41,0,0,0,0,0
43379591,NODE_F42DC973E618,child,2,B0:CB:D8:F3:32:19,-69,0,41,41,0,0,0,0,0
43479597,NODE_F42DC973E618,child,2,B0:CB:D8:F3:32:19,-68,0,41,41,0,0,0,0,0
43579591,NODE_F42DC973E618,child,2,B0:CB:D8:F3:32:19,-68,0,41,41,0,0,0,0,0
43679591,NODE_F42DC973E618,child,2,B0:CB:D8:F3:32:19,-68,0,41,41,0,0,0,0,0
43779597,NODE_F42DC973E618,child,2,B0:CB:D8:F3:32:19,-69,0,41,41,0,0,0,0,0
43879599,NODE_F42DC973E618,child,2,B0:CB:D8:F3:32:19,-69,0,41,41,0,0,0,0,0
43979591,NODE_F42DC973E618,child,2,B0:CB:D8:F3:32:19,-69,0,42,42,0,0,0,0,0
44079597,NODE_F42DC973E618,child,2,B0:CB:D8:F3:32:19,-68,0,42,42,0,0,0,0,0
44179591,NODE_F42DC973E618,child,2,B0:CB:D8:F3:32:19,-68,0,42,42,0,0,0,0,0
44279591,NODE_F42DC973E618,child,2,B0:CB:D8:F3:32:19,-68,0,42,42,0,0,0,0,0
44379597,NODE_F42DC973E618,child,2,B0:CB:D8:F3:32:19,-69,0,42,42,0,0,0,0,0
44479591,NODE_F42DC973E618,child,2,B0:CB:D8:F3:32:19,-69,0,42,42,0,0,0,0,0
44579595,NODE_F42DC973E618,child,2,B0:CB:D8:F3:32:19,-69,0,42,42,0,0,0,0,0
44679597,NODE_F42DC973E618,child,2,B0:CB:D8:F3:32:19,-68,0,42,42,0,0,0,0,0
44779591,NODE_F42DC973E618,child,2,B0:CB:D8:F3:32:19,-68,0,42,42,0,0,0,0,0
44879591,NODE_F42DC973E618,child,2,B0:CB:D8:F3:32:19,-68,0,42,42,0,0,0,0,0
44979597,NODE_F42DC973E618,child,2,B0:CB:D8:F3:32:19,-69,0,43,43,0,0,0,0,0
45079591,NODE_F42DC973E618,child,2,B0:CB:D8:F3:32:19,-69,0,43,43,0,0,0,0,0
45179595,NODE_F42DC973E618,child,2,B0:CB:D8:F3:32:19,-69,0,43,43,0,0,0,0,0
45279597,NODE_F42DC973E618,child,2,B0:CB:D8:F3:32:19,-69,0,43,43,0,0,0,0,0
45379591,NODE_F42DC973E618,child,2,B0:CB:D8:F3:32:19,-69,0,43,43,0,0,0,0,0
45479591,NODE_F42DC973E618,child,2,B0:CB:D8:F3:32:19,-69,0,43,43,0,0,0,0,0
45579597,NODE_F42DC973E618,child,2,B0:CB:D8:F3:32:19,-69,0,43,43,0,0,0,0,0
45679591,NODE_F42DC973E618,child,2,B0:CB:D8:F3:32:19,-69,0,43,43,0,0,0,0,0
45779591,NODE_F42DC973E618,child,2,B0:CB:D8:F3:32:19,-69,0,43,43,0,0,0,0,0
45879601,NODE_F42DC973E618,child,2,B0:CB:D8:F3:32:19,-69,0,43,43,0,0,0,0,0
45979795,NODE_F42DC973E618,child,2,B0:CB:D8:F3:32:19,-69,0,44,44,0,0,0,0,0
46079591,NODE_F42DC973E618,child,2,B0:CB:D8:F3:32:19,-69,0,44,44,0,0,0,0,0
46180185,NODE_F42DC973E618,child,2,B0:CB:D8:F3:32:19,-68,0,44,44,0,0,0,0,0
46279587,NODE_F42DC973E618,child,2,B0:CB:D8:F3:32:19,-68,0,44,44,0,0,0,0,0
46379591,NODE_F42DC973E618,child,2,B0:CB:D8:F3:32:19,-68,0,44,44,0,0,0,0,0
46479589,NODE_F42DC973E618,child,2,B0:CB:D8:F3:32:19,-68,0,44,44,0,0,0,0,0
46579599,NODE_F42DC973E618,child,2,B0:CB:D8:F3:32:19,-66,0,44,44,0,0,0,0,0
46679591,NODE_F42DC973E618,child,2,B0:CB:D8:F3:32:19,-66,0,44,44,0,0,0,0,0
46779593,NODE_F42DC973E618,child,2,B0:CB:D8:F3:32:19,-66,0,44,44,0,0,0,0,0
46879595,NODE_F42DC973E618,child,2,B0:CB:D8:F3:32:19,-67,0,44,44,0,0,0,0,0
46979587,NODE_F42DC973E618,child,2,B0:CB:D8:F3:32:19,-67,0,45,45,0,0,0,0,0
47079593,NODE_F42DC973E618,child,2,B0:CB:D8:F3:32:19,-67,0,45,45,0,0,0,0,0
47179595,NODE_F42DC973E618,child,2,B0:CB:D8:F3:32:19,-67,0,45,45,0,0,0,0,0
47279591,NODE_F42DC973E618,child,2,B0:CB:D8:F3:32:19,-67,0,45,45,0,0,0,0,0
47379597,NODE_F42DC973E618,child,2,B0:CB:D8:F3:32:19,-67,0,45,45,0,0,0,0,0
47479595,NODE_F42DC973E618,child,2,B0:CB:D8:F3:32:19,-67,0,45,45,0,0,0,0,0
47579591,NODE_F42DC973E618,child,2,B0:CB:D8:F3:32:19,-67,0,45,45,0,0,0,0,0
47679593,NODE_F42DC973E618,child,2,B0:CB:D8:F3:32:19,-67,0,45,45,0,0,0,0,0
47779595,NODE_F42DC973E618,child,2,B0:CB:D8:F3:32:19,-67,0,45,45,0,0,0,0,0
47879591,NODE_F42DC973E618,child,2,B0:CB:D8:F3:32:19,-67,0,45,45,0,0,0,0,0
47979593,NODE_F42DC973E618,child,2,B0:CB:D8:F3:32:19,-67,0,46,46,0,0,0,0,0
48079599,NODE_F42DC973E618,child,2,B0:CB:D8:F3:32:19,-67,0,46,46,0,0,0,0,0
48179591,NODE_F42DC973E618,child,2,B0:CB:D8:F3:32:19,-67,0,46,46,0,0,0,0,0
48279593,NODE_F42DC973E618,child,2,B0:CB:D8:F3:32:19,-67,0,46,46,0,0,0,0,0
48379595,NODE_F42DC973E618,child,2,B0:CB:D8:F3:32:19,-66,0,46,46,0,0,0,0,0
48479591,NODE_F42DC973E618,child,2,B0:CB:D8:F3:32:19,-66,0,46,46,0,0,0,0,0
48579593,NODE_F42DC973E618,child,2,B0:CB:D8:F3:32:19,-66,0,46,46,0,0,0,0,0
48679595,NODE_F42DC973E618,child,2,B0:CB:D8:F3:32:19,-67,0,46,46,0,0,0,0,0
48779595,NODE_F42DC973E618,child,2,B0:CB:D8:F3:32:19,-67,0,46,46,0,0,0,0,0
48879593,NODE_F42DC973E618,child,2,B0:CB:D8:F3:32:19,-67,0,46,46,0,0,0,0,0
48979595,NODE_F42DC973E618,child,2,B0:CB:D8:F3:32:19,-68,0,47,47,0,0,0,0,0
49079591,NODE_F42DC973E618,child,2,B0:CB:D8:F3:32:19,-68,0,47,47,0,0,0,0,0
49179589,NODE_F42DC973E618,child,2,B0:CB:D8:F3:32:19,-68,0,47,47,0,0,0,0,0
49279595,NODE_F42DC973E618,child,2,B0:CB:D8:F3:32:19,-67,0,47,47,0,0,0,0,0
49379595,NODE_F42DC973E618,child,2,B0:CB:D8:F3:32:19,-67,0,47,47,0,0,0,0,0
49479593,NODE_F42DC973E618,child,2,B0:CB:D8:F3:32:19,-67,0,47,47,0,0,0,0,0
49579595,NODE_F42DC973E618,child,2,B0:CB:D8:F3:32:19,-67,0,47,47,0,0,0,0,0
49679591,NODE_F42DC973E618,child,2,B0:CB:D8:F3:32:19,-67,0,47,47,0,0,0,0,0
49779593,NODE_F42DC973E618,child,2,B0:CB:D8:F3:32:19,-67,0,47,47,0,0,0,0,0
49879591,NODE_F42DC973E618,child,2,B0:CB:D8:F3:32:19,-67,0,47,47,0,0,0,0,0
49979591,NODE_F42DC973E618,child,2,B0:CB:D8:F3:32:19,-67,0,48,48,0,0,0,0,0
50079597,NODE_F42DC973E618,child,2,B0:CB:D8:F3:32:19,-67,0,48,48,0,0,0,0,0
50179595,NODE_F42DC973E618,child,2,B0:CB:D8:F3:32:19,-67,0,48,48,0,0,0,0,0
50279591,NODE_F42DC973E618,child,2,B0:CB:D8:F3:32:19,-67,0,48,48,0,0,0,0,0
50379593,NODE_F42DC973E618,child,2,B0:CB:D8:F3:32:19,-67,0,48,48,0,0,0,0,0
50479587,NODE_F42DC973E618,child,2,B0:CB:D8:F3:32:19,-67,0,48,48,0,0,0,0,0
50579595,NODE_F42DC973E618,child,2,B0:CB:D8:F3:32:19,-67,0,48,48,0,0,0,0,0
50679593,NODE_F42DC973E618,child,2,B0:CB:D8:F3:32:19,-67,0,48,48,0,0,0,0,0
50779595,NODE_F42DC973E618,child,2,B0:CB:D8:F3:32:19,-67,0,48,48,0,0,0,0,0
50879591,NODE_F42DC973E618,child,2,B0:CB:D8:F3:32:19,-68,0,48,48,0,0,0,0,0
50979589,NODE_F42DC973E618,child,2,B0:CB:D8:F3:32:19,-68,0,49,49,0,0,0,0,0
51079591,NODE_F42DC973E618,child,2,B0:CB:D8:F3:32:19,-68,0,49,49,0,0,0,0,0
51179591,NODE_F42DC973E618,child,2,B0:CB:D8:F3:32:19,-68,0,49,49,0,0,0,0,0
51279593,NODE_F42DC973E618,child,2,B0:CB:D8:F3:32:19,-68,0,49,49,0,0,0,0,0
51379595,NODE_F42DC973E618,child,2,B0:CB:D8:F3:32:19,-68,0,49,49,0,0,0,0,0
51479595,NODE_F42DC973E618,child,2,B0:CB:D8:F3:32:19,-67,0,49,49,0,0,0,0,0
51579593,NODE_F42DC973E618,child,2,B0:CB:D8:F3:32:19,-67,0,49,49,0,0,0,0,0
51679591,NODE_F42DC973E618,child,2,B0:CB:D8:F3:32:19,-67,0,49,49,0,0,0,0,0
51779587,NODE_F42DC973E618,child,2,B0:CB:D8:F3:32:19,-67,0,49,49,0,0,0,0,0
51879589,NODE_F42DC973E618,child,2,B0:CB:D8:F3:32:19,-67,0,49,49,0,0,0,0,0
51979587,NODE_F42DC973E618,child,2,B0:CB:D8:F3:32:19,-67,0,50,50,0,0,0,0,0
52079599,NODE_F42DC973E618,child,2,B0:CB:D8:F3:32:19,-68,0,50,50,0,0,0,0,0
52179593,NODE_F42DC973E618,child,2,B0:CB:D8:F3:32:19,-68,0,50,50,0,0,0,0,0
52279591,NODE_F42DC973E618,child,2,B0:CB:D8:F3:32:19,-68,0,50,50,0,0,0,0,0
52379595,NODE_F42DC973E618,child,2,B0:CB:D8:F3:32:19,-67,0,50,50,0,0,0,0,0
52479593,NODE_F42DC973E618,child,2,B0:CB:D8:F3:32:19,-67,0,50,50,0,0,0,0,0
52579591,NODE_F42DC973E618,child,2,B0:CB:D8:F3:32:19,-67,0,50,50,0,0,0,0,0
52679595,NODE_F42DC973E618,child,2,B0:CB:D8:F3:32:19,-67,0,50,50,0,0,0,0,0
52779597,NODE_F42DC973E618,child,2,B0:CB:D8:F3:32:19,-67,0,50,50,0,0,0,0,0
52879591,NODE_F42DC973E618,child,2,B0:CB:D8:F3:32:19,-67,0,50,50,0,0,0,0,0
52979595,NODE_F42DC973E618,child,2,B0:CB:D8:F3:32:19,-67,0,51,51,0,0,0,0,0
53079593,NODE_F42DC973E618,child,2,B0:CB:D8:F3:32:19,-67,0,51,51,0,0,0,0,0
53179591,NODE_F42DC973E618,child,2,B0:CB:D8:F3:32:19,-67,0,51,51,0,0,0,0,0
53279595,NODE_F42DC973E618,child,2,B0:CB:D8:F3:32:19,-68,0,51,51,0,0,0,0,0
53379597,NODE_F42DC973E618,child,2,B0:CB:D8:F3:32:19,-68,0,51,51,0,0,0,0,0
53479591,NODE_F42DC973E618,child,2,B0:CB:D8:F3:32:19,-68,0,51,51,0,0,0,0,0
53579595,NODE_F42DC973E618,child,2,B0:CB:D8:F3:32:19,-67,0,51,51,0,0,0,0,0
53679593,NODE_F42DC973E618,child,2,B0:CB:D8:F3:32:19,-67,0,51,51,0,0,0,0,0
53779587,NODE_F42DC973E618,child,2,B0:CB:D8:F3:32:19,-67,0,51,51,0,0,0,0,0
53879595,NODE_F42DC973E618,child,2,B0:CB:D8:F3:32:19,-67,0,51,51,0,0,0,0,0
53979593,NODE_F42DC973E618,child,2,B0:CB:D8:F3:32:19,-67,0,52,52,0,0,0,0,0
54079595,NODE_F42DC973E618,child,2,B0:CB:D8:F3:32:19,-67,0,52,52,0,0,0,0,0
54179595,NODE_F42DC973E618,child,2,B0:CB:D8:F3:32:19,-67,0,52,52,0,0,0,0,0
54279593,NODE_F42DC973E618,child,2,B0:CB:D8:F3:32:19,-67,0,52,52,0,0,0,0,0
54379591,NODE_F42DC973E618,child,2,B0:CB:D8:F3:32:19,-67,0,52,52,0,0,0,0,0
54479595,NODE_F42DC973E618,child,2,B0:CB:D8:F3:32:19,-65,0,52,52,0,0,0,0,0
54579589,NODE_F42DC973E618,child,2,B0:CB:D8:F3:32:19,-65,0,52,52,0,0,0,0,0
54679591,NODE_F42DC973E618,child,2,B0:CB:D8:F3:32:19,-65,0,52,52,0,0,0,0,0
54780369,NODE_F42DC973E618,child,2,B0:CB:D8:F3:32:19,-67,0,52,52,0,0,0,0,0
54879601,NODE_F42DC973E618,child,2,B0:CB:D8:F3:32:19,-67,0,52,52,0,0,0,0,0
54979587,NODE_F42DC973E618,child,2,B0:CB:D8:F3:32:19,-67,0,53,53,0,0,0,0,0
55079591,NODE_F42DC973E618,child,2,B0:CB:D8:F3:32:19,-67,0,53,53,0,0,0,0,0
55179597,NODE_F42DC973E618,child,2,B0:CB:D8:F3:32:19,-65,0,53,53,0,0,0,0,0
55279591,NODE_F42DC973E618,child,2,B0:CB:D8:F3:32:19,-65,0,53,53,0,0,0,0,0
55379591,NODE_F42DC973E618,child,2,B0:CB:D8:F3:32:19,-65,0,53,53,0,0,0,0,0
55479597,NODE_F42DC973E618,child,2,B0:CB:D8:F3:32:19,-64,0,53,53,0,0,0,0,0
55579595,NODE_F42DC973E618,child,2,B0:CB:D8:F3:32:19,-64,0,53,53,0,0,0,0,0
55679591,NODE_F42DC973E618,child,2,B0:CB:D8:F3:32:19,-64,0,53,53,0,0,0,0,0
55779597,NODE_F42DC973E618,child,2,B0:CB:D8:F3:32:19,-64,0,53,53,0,0,0,0,0
55879591,NODE_F42DC973E618,child,2,B0:CB:D8:F3:32:19,-64,0,53,53,0,0,0,0,0
55979587,NODE_F42DC973E618,child,2,B0:CB:D8:F3:32:19,-64,0,54,54,0,0,0,0,0
56079597,NODE_F42DC973E618,child,2,B0:CB:D8:F3:32:19,-66,0,54,54,0,0,0,0,0
56179595,NODE_F42DC973E618,child,2,B0:CB:D8:F3:32:19,-66,0,54,54,0,0,0,0,0
56279591,NODE_F42DC973E618,child,2,B0:CB:D8:F3:32:19,-66,0,54,54,0,0,0,0,0
56379597,NODE_F42DC973E618,child,2,B0:CB:D8:F3:32:19,-64,0,54,54,0,0,0,0,0
56479591,NODE_F42DC973E618,child,2,B0:CB:D8:F3:32:19,-64,0,54,54,0,0,0,0,0
56579591,NODE_F42DC973E618,child,2,B0:CB:D8:F3:32:19,-64,0,54,54,0,0,0,0,0
56679589,NODE_F42DC973E618,child,2,B0:CB:D8:F3:32:19,-64,0,54,54,0,0,0,0,0
56779591,NODE_F42DC973E618,child,2,B0:CB:D8:F3:32:19,-64,0,54,54,0,0,0,0,0
56879595,NODE_F42DC973E618,child,2,B0:CB:D8:F3:32:19,-64,0,54,54,0,0,0,0,0
56979589,NODE_F42DC973E618,child,2,B0:CB:D8:F3:32:19,-68,0,55,55,0,0,0,0,0
57079591,NODE_F42DC973E618,child,2,B0:CB:D8:F3:32:19,-68,0,55,55,0,0,0,0,0
57179591,NODE_F42DC973E618,child,2,B0:CB:D8:F3:32:19,-68,0,55,55,0,0,0,0,0
57279597,NODE_F42DC973E618,child,2,B0:CB:D8:F3:32:19,-63,0,55,55,0,0,0,0,0
57379591,NODE_F42DC973E618,child,2,B0:CB:D8:F3:32:19,-63,0,55,55,0,0,0,0,0
57479591,NODE_F42DC973E618,child,2,B0:CB:D8:F3:32:19,-63,0,55,55,0,0,0,0,0
57579601,NODE_F42DC973E618,child,2,B0:CB:D8:F3:32:19,-67,0,55,55,0,0,0,0,0
57679591,NODE_F42DC973E618,child,2,B0:CB:D8:F3:32:19,-67,0,55,55,0,0,0,0,0
57779591,NODE_F42DC973E618,child,2,B0:CB:D8:F3:32:19,-67,0,55,55,0,0,0,0,0
57879597,NODE_F42DC973E618,child,2,B0:CB:D8:F3:32:19,-66,0,55,55,0,0,0,0,0
57979591,NODE_F42DC973E618,child,2,B0:CB:D8:F3:32:19,-66,0,56,56,0,0,0,0,0
58079591,NODE_F42DC973E618,child,2,B0:CB:D8:F3:32:19,-66,0,56,56,0,0,0,0,0
58179601,NODE_F42DC973E618,child,2,B0:CB:D8:F3:32:19,-64,0,56,56,0,0,0,0,0
58279591,NODE_F42DC973E618,child,2,B0:CB:D8:F3:32:19,-64,0,56,56,0,0,0,0,0
58379591,NODE_F42DC973E618,child,2,B0:CB:D8:F3:32:19,-64,0,56,56,0,0,0,0,0
58479597,NODE_F42DC973E618,child,2,B0:CB:D8:F3:32:19,-64,0,56,56,0,0,0,0,0
58579591,NODE_F42DC973E618,child,2,B0:CB:D8:F3:32:19,-64,0,56,56,0,0,0,0,0
58679591,NODE_F42DC973E618,child,2,B0:CB:D8:F3:32:19,-64,0,56,56,0,0,0,0,0
58779589,NODE_F42DC973E618,child,2,B0:CB:D8:F3:32:19,-64,0,56,56,0,0,0,0,0
58879595,NODE_F42DC973E618,child,2,B0:CB:D8:F3:32:19,-64,0,56,56,0,0,0,0,0
58979591,NODE_F42DC973E618,child,2,B0:CB:D8:F3:32:19,-64,0,57,57,0,0,0,0,0
59079589,NODE_F42DC973E618,child,2,B0:CB:D8:F3:32:19,-64,0,57,57,0,0,0,0,0
59179595,NODE_F42DC973E618,child,2,B0:CB:D8:F3:32:19,-66,0,57,57,0,0,0,0,0
59279591,NODE_F42DC973E618,child,2,B0:CB:D8:F3:32:19,-66,0,57,57,0,0,0,0,0
59379593,NODE_F42DC973E618,child,2,B0:CB:D8:F3:32:19,-66,0,57,57,0,0,0,0,0
59479595,NODE_F42DC973E618,child,2,B0:CB:D8:F3:32:19,-66,0,57,57,0,0,0,0,0
59579595,NODE_F42DC973E618,child,2,B0:CB:D8:F3:32:19,-66,0,57,57,0,0,0,0,0
59679593,NODE_F42DC973E618,child,2,B0:CB:D8:F3:32:19,-66,0,57,57,0,0,0,0,0
59779595,NODE_F42DC973E618,child,2,B0:CB:D8:F3:32:19,-66,0,57,57,0,0,0,0,0
59879591,NODE_F42DC973E618,child,2,B0:CB:D8:F3:32:19,-66,0,57,57,0,0,0,0,0
59979589,NODE_F42DC973E618,child,2,B0:CB:D8:F3:32:19,-66,0,58,58,0,0,0,0,0
60079595,NODE_F42DC973E618,child,2,B0:CB:D8:F3:32:19,-67,0,58,58,0,0,0,0,0
60179591,NODE_F42DC973E618,child,2,B0:CB:D8:F3:32:19,-67,0,58,58,0,0,0,0,0
60279593,NODE_F42DC973E618,child,2,B0:CB:D8:F3:32:19,-67,0,58,58,0,0,0,0,0
60379595,NODE_F42DC973E618,child,2,B0:CB:D8:F3:32:19,-66,0,58,58,0,0,0,0,0
60479591,NODE_F42DC973E618,child,2,B0:CB:D8:F3:32:19,-66,0,58,58,0,0,0,0,0
60579593,NODE_F42DC973E618,child,2,B0:CB:D8:F3:32:19,-66,0,58,58,0,0,0,0,0
60679595,NODE_F42DC973E618,child,2,B0:CB:D8:F3:32:19,-67,0,58,58,0,0,0,0,0
60779591,NODE_F42DC973E618,child,2,B0:CB:D8:F3:32:19,-67,0,58,58,0,0,0,0,0
60879597,NODE_F42DC973E618,child,2,B0:CB:D8:F3:32:19,-67,0,58,58,0,0,0,0,0
60979587,NODE_F42DC973E618,child,2,B0:CB:D8:F3:32:19,-68,0,59,59,0,0,0,0,0
61079591,NODE_F42DC973E618,child,2,B0:CB:D8:F3:32:19,-68,0,59,59,0,0,0,0,0
61179597,NODE_F42DC973E618,child,2,B0:CB:D8:F3:32:19,-68,0,59,59,0,0,0,0,0
61279595,NODE_F42DC973E618,child,2,B0:CB:D8:F3:32:19,-67,0,59,59,0,0,0,0,0
61379591,NODE_F42DC973E618,child,2,B0:CB:D8:F3:32:19,-67,0,59,59,0,0,0,0,0
61479593,NODE_F42DC973E618,child,2,B0:CB:D8:F3:32:19,-67,0,59,59,0,0,0,0,0
61579595,NODE_F42DC973E618,child,2,B0:CB:D8:F3:32:19,-68,0,59,59,0,0,0,0,0
61679591,NODE_F42DC973E618,child,2,B0:CB:D8:F3:32:19,-68,0,59,59,0,0,0,0,0
61779597,NODE_F42DC973E618,child,2,B0:CB:D8:F3:32:19,-68,0,59,59,0,0,0,0,0
61879595,NODE_F42DC973E618,child,2,B0:CB:D8:F3:32:19,-67,0,59,59,0,0,0,0,0
61979591,NODE_F42DC973E618,child,2,B0:CB:D8:F3:32:19,-67,0,60,60,0,0,0,0,0
62079593,NODE_F42DC973E618,child,2,B0:CB:D8:F3:32:19,-67,0,60,60,0,0,0,0,0
62179595,NODE_F42DC973E618,child,2,B0:CB:D8:F3:32:19,-67,0,60,60,0,0,0,0,0
62279591,NODE_F42DC973E618,child,2,B0:CB:D8:F3:32:19,-67,0,60,60,0,0,0,0,0
62379597,NODE_F42DC973E618,child,2,B0:CB:D8:F3:32:19,-67,0,60,60,0,0,0,0,0
62479595,NODE_F42DC973E618,child,2,B0:CB:D8:F3:32:19,-67,0,60,60,0,0,0,0,0
62579591,NODE_F42DC973E618,child,2,B0:CB:D8:F3:32:19,-67,0,60,60,0,0,0,0,0
62679593,NODE_F42DC973E618,child,2,B0:CB:D8:F3:32:19,-67,0,60,60,0,0,0,0,0
62779595,NODE_F42DC973E618,child,2,B0:CB:D8:F3:32:19,-68,0,60,60,0,0,0,0,0
62879591,NODE_F42DC973E618,child,2,B0:CB:D8:F3:32:19,-68,0,60,60,0,0,0,0,0
62979593,NODE_F42DC973E618,child,2,B0:CB:D8:F3:32:19,-68,0,60,60,0,0,0,0,0
63079599,NODE_F42DC973E618,child,2,B0:CB:D8:F3:32:19,-68,0,61,61,0,0,0,0,0
63179587,NODE_F42DC973E618,child,2,B0:CB:D8:F3:32:19,-68,0,61,61,0,0,0,0,0
63279593,NODE_F42DC973E618,child,2,B0:CB:D8:F3:32:19,-68,0,61,61,0,0,0,0,0
63379587,NODE_F42DC973E618,child,2,B0:CB:D8:F3:32:19,-68,0,61,61,0,0,0,0,0
63479595,NODE_F42DC973E618,child,2,B0:CB:D8:F3:32:19,-68,0,61,61,0,0,0,0,0
63579593,NODE_F42DC973E618,child,2,B0:CB:D8:F3:32:19,-68,0,61,61,0,0,0,0,0
63679591,NODE_F42DC973E618,child,2,B0:CB:D8:F3:32:19,-68,0,61,61,0,0,0,0,0
63779599,NODE_F42DC973E618,child,2,B0:CB:D8:F3:32:19,-68,0,61,61,0,0,0,0,0
63879593,NODE_F42DC973E618,child,2,B0:CB:D8:F3:32:19,-68,0,61,61,0,0,0,0,0
63980374,NODE_F42DC973E618,child,2,B0:CB:D8:F3:32:19,-68,0,61,61,0,0,0,0,0
64079595,NODE_F42DC973E618,child,2,B0:CB:D8:F3:32:19,-69,0,62,62,0,0,0,0,0
64179593,NODE_F42DC973E618,child,2,B0:CB:D8:F3:32:19,-69,0,62,62,0,0,0,0,0
64279591,NODE_F42DC973E618,child,2,B0:CB:D8:F3:32:19,-69,0,62,62,0,0,0,0,0
64379599,NODE_F42DC973E618,child,2,B0:CB:D8:F3:32:19,-66,0,62,62,0,0,0,0,0
64479593,NODE_F42DC973E618,child,2,B0:CB:D8:F3:32:19,-66,0,62,62,0,0,0,0,0
64579591,NODE_F42DC973E618,child,2,B0:CB:D8:F3:32:19,-66,0,62,62,0,0,0,0,0
64679595,NODE_F42DC973E618,child,2,B0:CB:D8:F3:32:19,-66,0,62,62,0,0,0,0,0
64779593,NODE_F42DC973E618,child,2,B0:CB:D8:F3:32:19,-66,0,62,62,0,0,0,0,0
64879591,NODE_F42DC973E618,child,2,B0:CB:D8:F3:32:19,-66,0,62,62,0,0,0,0,0
64979595,NODE_F42DC973E618,child,2,B0:CB:D8:F3:32:19,-66,0,62,62,0,0,0,0,0
65079597,NODE_F42DC973E618,child,2,B0:CB:D8:F3:32:19,-66,0,63,63,0,0,0,0,0
65179591,NODE_F42DC973E618,child,2,B0:CB:D8:F3:32:19,-66,0,63,63,0,0,0,0,0
65279595,NODE_F42DC973E618,child,2,B0:CB:D8:F3:32:19,-66,0,63,63,0,0,0,0,0
65379593,NODE_F42DC973E618,child,2,B0:CB:D8:F3:32:19,-66,0,63,63,0,0,0,0,0
65479591,NODE_F42DC973E618,child,2,B0:CB:D8:F3:32:19,-66,0,63,63,0,0,0,0,0
65579595,NODE_F42DC973E618,child,2,B0:CB:D8:F3:32:19,-66,0,63,63,0,0,0,0,0
65679593,NODE_F42DC973E618,child,2,B0:CB:D8:F3:32:19,-66,0,63,63,0,0,0,0,0
65779595,NODE_F42DC973E618,child,2,B0:CB:D8:F3:32:19,-66,0,63,63,0,0,0,0,0
65879825,NODE_F42DC973E618,child,2,B0:CB:D8:F3:32:19,-65,0,63,63,0,0,0,0,0
65979593,NODE_F42DC973E618,child,2,B0:CB:D8:F3:32:19,-65,0,63,63,0,0,0,0,0
66079591,NODE_F42DC973E618,child,2,B0:CB:D8:F3:32:19,-65,0,64,64,0,0,0,0,0
66179595,NODE_F42DC973E618,child,2,B0:CB:D8:F3:32:19,-64,0,64,64,0,0,0,0,0
66279593,NODE_F42DC973E618,child,2,B0:CB:D8:F3:32:19,-64,0,64,64,0,0,0,0,0
66379595,NODE_F42DC973E618,child,2,B0:CB:D8:F3:32:19,-64,0,64,64,0,0,0,0,0
66479595,NODE_F42DC973E618,child,2,B0:CB:D8:F3:32:19,-63,0,64,64,0,0,0,0,0
66579593,NODE_F42DC973E618,child,2,B0:CB:D8:F3:32:19,-63,0,64,64,0,0,0,0,0
66679587,NODE_F42DC973E618,child,2,B0:CB:D8:F3:32:19,-63,0,64,64,0,0,0,0,0
66779595,NODE_F42DC973E618,child,2,B0:CB:D8:F3:32:19,-64,0,64,64,0,0,0,0,0
66879593,NODE_F42DC973E618,child,2,B0:CB:D8:F3:32:19,-64,0,64,64,0,0,0,0,0
66979591,NODE_F42DC973E618,child,2,B0:CB:D8:F3:32:19,-64,0,64,64,0,0,0,0,0
67079599,NODE_F42DC973E618,child,2,B0:CB:D8:F3:32:19,-63,0,65,65,0,0,0,0,0
67179597,NODE_F42DC973E618,child,2,B0:CB:D8:F3:32:19,-63,0,65,65,0,0,0,0,0
67279591,NODE_F42DC973E618,child,2,B0:CB:D8:F3:32:19,-63,0,65,65,0,0,0,0,0
67379595,NODE_F42DC973E618,child,2,B0:CB:D8:F3:32:19,-63,0,65,65,0,0,0,0,0
67479589,NODE_F42DC973E618,child,2,B0:CB:D8:F3:32:19,-63,0,65,65,0,0,0,0,0
67579591,NODE_F42DC973E618,child,2,B0:CB:D8:F3:32:19,-63,0,65,65,0,0,0,0,0
67679583,NODE_F42DC973E618,child,2,B0:CB:D8:F3:32:19,-63,0,65,65,0,0,0,0,0
67779601,NODE_F42DC973E618,child,2,B0:CB:D8:F3:32:19,-64,0,65,65,0,0,0,0,0
67879591,NODE_F42DC973E618,child,2,B0:CB:D8:F3:32:19,-64,0,65,65,0,0,0,0,0
67979583,NODE_F42DC973E618,child,2,B0:CB:D8:F3:32:19,-64,0,65,65,0,0,0,0,0
68079597,NODE_F42DC973E618,child,2,B0:CB:D8:F3:32:19,-65,0,66,66,0,0,0,0,0
68179591,NODE_F42DC973E618,child,2,B0:CB:D8:F3:32:19,-65,0,66,66,0,0,0,0,0
68279591,NODE_F42DC973E618,child,2,B0:CB:D8:F3:32:19,-65,0,66,66,0,0,0,0,0
68379597,NODE_F42DC973E618,child,2,B0:CB:D8:F3:32:19,-63,0,66,66,0,0,0,0,0
68479591,NODE_F42DC973E618,child,2,B0:CB:D8:F3:32:19,-63,0,66,66,0,0,0,0,0
68579595,NODE_F42DC973E618,child,2,B0:CB:D8:F3:32:19,-63,0,66,66,0,0,0,0,0
68679597,NODE_F42DC973E618,child,2,B0:CB:D8:F3:32:19,-64,0,66,66,0,0,0,0,0
68779591,NODE_F42DC973E618,child,2,B0:CB:D8:F3:32:19,-64,0,66,66,0,0,0,0,0
68879591,NODE_F42DC973E618,child,2,B0:CB:D8:F3:32:19,-64,0,66,66,0,0,0,0,0
68979597,NODE_F42DC973E618,child,2,B0:CB:D8:F3:32:19,-63,0,66,66,0,0,0,0,0
69079591,NODE_F42DC973E618,child,2,B0:CB:D8:F3:32:19,-63,0,67,67,0,0,0,0,0
69179595,NODE_F42DC973E618,child,2,B0:CB:D8:F3:32:19,-63,0,67,67,0,0,0,0,0
69279597,NODE_F42DC973E618,child,2,B0:CB:D8:F3:32:19,-65,0,67,67,0,0,0,0,0
69379591,NODE_F42DC973E618,child,2,B0:CB:D8:F3:32:19,-65,0,67,67,0,0,0,0,0
69479587,NODE_F42DC973E618,child,2,B0:CB:D8:F3:32:19,-65,0,67,67,0,0,0,0,0
69579597,NODE_F42DC973E618,child,2,B0:CB:D8:F3:32:19,-64,0,67,67,0,0,0,0,0
69679591,NODE_F42DC973E618,child,2,B0:CB:D8:F3:32:19,-64,0,67,67,0,0,0,0,0
69779587,NODE_F42DC973E618,child,2,B0:CB:D8:F3:32:19,-64,0,67,67,0,0,0,0,0
69879601,NODE_F42DC973E618,child,2,B0:CB:D8:F3:32:19,-64,0,67,67,0,0,0,0,0
69979591,NODE_F42DC973E618,child,2,B0:CB:D8:F3:32:19,-64,0,67,67,0,0,0,0,0
70079587,NODE_F42DC973E618,child,2,B0:CB:D8:F3:32:19,-64,0,68,68,0,0,0,0,0
70179597,NODE_F42DC973E618,child,2,B0:CB:D8:F3:32:19,-63,0,68,68,0,0,0,0,0
70279591,NODE_F42DC973E618,child,2,B0:CB:D8:F3:32:19,-63,0,68,68,0,0,0,0,0
70379591,NODE_F42DC973E618,child,2,B0:CB:D8:F3:32:19,-63,0,68,68,0,0,0,0,0
70479597,NODE_F42DC973E618,child,2,B0:CB:D8:F3:32:19,-63,0,68,68,0,0,0,0,0
70579595,NODE_F42DC973E618,child,2,B0:CB:D8:F3:32:19,-63,0,68,68,0,0,0,0,0
70679583,NODE_F42DC973E618,child,2,B0:CB:D8:F3:32:19,-63,0,68,68,0,0,0,0,0
70779597,NODE_F42DC973E618,child,2,B0:CB:D8:F3:32:19,-64,0,68,68,0,0,0,0,0
70879591,NODE_F42DC973E618,child,2,B0:CB:D8:F3:32:19,-64,0,68,68,0,0,0,0,0
70979583,NODE_F42DC973E618,child,2,B0:CB:D8:F3:32:19,-64,0,68,68,0,0,0,0,0
71079597,NODE_F42DC973E618,child,2,B0:CB:D8:F3:32:19,-64,0,69,69,0,0,0,0,0
71179595,NODE_F42DC973E618,child,2,B0:CB:D8:F3:32:19,-64,0,69,69,0,0,0,0,0
71279583,NODE_F42DC973E618,child,2,B0:CB:D8:F3:32:19,-64,0,69,69,0,0,0,0,0
71379606,NODE_F42DC973E618,child,2,B0:CB:D8:F3:32:19,-64,0,69,69,0,0,0,0,0
71479591,NODE_F42DC973E618,child,2,B0:CB:D8:F3:32:19,-64,0,69,69,0,0,0,0,0
71579591,NODE_F42DC973E618,child,2,B0:CB:D8:F3:32:19,-64,0,69,69,0,0,0,0,0
71679597,NODE_F42DC973E618,child,2,B0:CB:D8:F3:32:19,-66,0,69,69,0,0,0,0,0
71779587,NODE_F42DC973E618,child,2,B0:CB:D8:F3:32:19,-66,0,69,69,0,0,0,0,0
71879595,NODE_F42DC973E618,child,2,B0:CB:D8:F3:32:19,-66,0,69,69,0,0,0,0,0
71979589,NODE_F42DC973E618,child,2,B0:CB:D8:F3:32:19,-66,0,69,69,0,0,0,0,0
72079587,NODE_F42DC973E618,child,2,B0:CB:D8:F3:32:19,-66,0,70,70,0,0,0,0,0
72179595,NODE_F42DC973E618,child,2,B0:CB:D8:F3:32:19,-66,0,70,70,0,0,0,0,0
72279593,NODE_F42DC973E618,child,2,B0:CB:D8:F3:32:19,-66,0,70,70,0,0,0,0,0
72379595,NODE_F42DC973E618,child,2,B0:CB:D8:F3:32:19,-68,0,70,70,0,0,0,0,0
72479591,NODE_F42DC973E618,child,2,B0:CB:D8:F3:32:19,-68,0,70,70,0,0,0,0,0
72579597,NODE_F42DC973E618,child,2,B0:CB:D8:F3:32:19,-68,0,70,70,0,0,0,0,0
72679595,NODE_F42DC973E618,child,2,B0:CB:D8:F3:32:19,-68,0,70,70,0,0,0,0,0
72779591,NODE_F42DC973E618,child,2,B0:CB:D8:F3:32:19,-68,0,70,70,0,0,0,0,0
72879586,NODE_F42DC973E618,child,2,B0:CB:D8:F3:32:19,-68,0,70,70,0,0,0,0,0
72979595,NODE_F42DC973E618,child,2,B0:CB:D8:F3:32:19,-67,0,70,70,0,0,0,0,0
73079591,NODE_F42DC973E618,child,2,B0:CB:D8:F3:32:19,-67,0,71,71,0,0,0,0,0
73179597,NODE_F42DC973E618,child,2,B0:CB:D8:F3:32:19,-67,0,71,71,0,0,0,0,0
73279595,NODE_F42DC973E618,child,2,B0:CB:D8:F3:32:19,-67,0,71,71,0,0,0,0,0
73379591,NODE_F42DC973E618,child,2,B0:CB:D8:F3:32:19,-67,0,71,71,0,0,0,0,0
73479593,NODE_F42DC973E618,child,2,B0:CB:D8:F3:32:19,-67,0,71,71,0,0,0,0,0
73579595,NODE_F42DC973E618,child,2,B0:CB:D8:F3:32:19,-67,0,71,71,0,0,0,0,0
73679591,NODE_F42DC973E618,child,2,B0:CB:D8:F3:32:19,-67,0,71,71,0,0,0,0,0
73779589,NODE_F42DC973E618,child,2,B0:CB:D8:F3:32:19,-67,0,71,71,0,0,0,0,0
73879599,NODE_F42DC973E618,child,2,B0:CB:D8:F3:32:19,-68,0,71,71,0,0,0,0,0
73979591,NODE_F42DC973E618,child,2,B0:CB:D8:F3:32:19,-68,0,71,71,0,0,0,0,0
74079589,NODE_F42DC973E618,child,2,B0:CB:D8:F3:32:19,-68,0,72,72,0,0,0,0,0
74179595,NODE_F42DC973E618,child,2,B0:CB:D8:F3:32:19,-68,0,72,72,0,0,0,0,0
74279591,NODE_F42DC973E618,child,2,B0:CB:D8:F3:32:19,-68,0,72,72,0,0,0,0,0
74379593,NODE_F42DC973E618,child,2,B0:CB:D8:F3:32:19,-68,0,72,72,0,0,0,0,0
74479595,NODE_F42DC973E618,child,2,B0:CB:D8:F3:32:19,-68,0,72,72,0,0,0,0,0
74579595,NODE_F42DC973E618,child,2,B0:CB:D8:F3:32:19,-68,0,72,72,0,0,0,0,0
74679593,NODE_F42DC973E618,child,2,B0:CB:D8:F3:32:19,-68,0,72,72,0,0,0,0,0
74779595,NODE_F42DC973E618,child,2,B0:CB:D8:F3:32:19,-69,0,72,72,0,0,0,0,0
74879591,NODE_F42DC973E618,child,2,B0:CB:D8:F3:32:19,-69,0,72,72,0,0,0,0,0
74979585,NODE_F42DC973E618,child,2,B0:CB:D8:F3:32:19,-69,0,72,72,0,0,0,0,0
75079595,NODE_F42DC973E618,child,2,B0:CB:D8:F3:32:19,-68,0,73,73,0,0,0,0,0
75179591,NODE_F42DC973E618,child,2,B0:CB:D8:F3:32:19,-68,0,73,73,0,0,0,0,0
75279593,NODE_F42DC973E618,child,2,B0:CB:D8:F3:32:19,-68,0,73,73,0,0,0,0,0
75379599,NODE_F42DC973E618,child,2,B0:CB:D8:F3:32:19,-68,0,73,73,0,0,0,0,0
75479591,NODE_F42DC973E618,child,2,B0:CB:D8:F3:32:19,-68,0,73,73,0,0,0,0,0
75579589,NODE_F42DC973E618,child,2,B0:CB:D8:F3:32:19,-68,0,73,73,0,0,0,0,0
75679595,NODE_F42DC973E618,child,2,B0:CB:D8:F3:32:19,-69,0,73,73,0,0,0,0,0
75779591,NODE_F42DC973E618,child,2,B0:CB:D8:F3:32:19,-69,0,73,73,0,0,0,0,0
75879593,NODE_F42DC973E618,child,2,B0:CB:D8:F3:32:19,-69,0,73,73,0,0,0,0,0
75979583,NODE_F42DC973E618,child,2,B0:CB:D8:F3:32:19,-69,0,73,73,0,0,0,0,0
76079591,NODE_F42DC973E618,child,2,B0:CB:D8:F3:32:19,-69,0,74,74,0,0,0,0,0
76179593,NODE_F42DC973E618,child,2,B0:CB:D8:F3:32:19,-69,0,74,74,0,0,0,0,0
76279579,NODE_F42DC973E618,child,2,B0:CB:D8:F3:32:19,-69,0,74,74,0,0,0,0,0
76379595,NODE_F42DC973E618,child,2,B0:CB:D8:F3:32:19,-68,0,74,74,0,0,0,0,0
76479593,NODE_F42DC973E618,child,2,B0:CB:D8:F3:32:19,-68,0,74,74,0,0,0,0,0
76579591,NODE_F42DC973E618,child,2,B0:CB:D8:F3:32:19,-68,0,74,74,0,0,0,0,0
76679595,NODE_F42DC973E618,child,2,B0:CB:D8:F3:32:19,-69,0,74,74,0,0,0,0,0
76779597,NODE_F42DC973E618,child,2,B0:CB:D8:F3:32:19,-69,0,74,74,0,0,0,0,0
76879583,NODE_F42DC973E618,child,2,B0:CB:D8:F3:32:19,-69,0,74,74,0,0,0,0,0
76979595,NODE_F42DC973E618,child,2,B0:CB:D8:F3:32:19,-69,0,74,74,0,0,0,0,0
77079589,NODE_F42DC973E618,child,2,B0:CB:D8:F3:32:19,-69,0,75,75,0,0,0,0,0
77179587,NODE_F42DC973E618,child,2,B0:CB:D8:F3:32:19,-69,0,75,75,0,0,0,0,0
77279595,NODE_F42DC973E618,child,2,B0:CB:D8:F3:32:19,-69,0,75,75,0,0,0,0,0
77379597,NODE_F42DC973E618,child,2,B0:CB:D8:F3:32:19,-69,0,75,75,0,0,0,0,0
77479591,NODE_F42DC973E618,child,2,B0:CB:D8:F3:32:19,-69,0,75,75,0,0,0,0,0
77579595,NODE_F42DC973E618,child,2,B0:CB:D8:F3:32:19,-69,0,75,75,0,0,0,0,0
77679593,NODE_F42DC973E618,child,2,B0:CB:D8:F3:32:19,-69,0,75,75,0,0,0,0,0
77779591,NODE_F42DC973E618,child,2,B0:CB:D8:F3:32:19,-69,0,75,75,0,0,0,0,0
77879595,NODE_F42DC973E618,child,2,B0:CB:D8:F3:32:19,-69,0,75,75,0,0,0,0,0
77979593,NODE_F42DC973E618,child,2,B0:CB:D8:F3:32:19,-69,0,75,75,0,0,0,0,0
78079591,NODE_F42DC973E618,child,2,B0:CB:D8:F3:32:19,-69,0,76,76,0,0,0,0,0
78179599,NODE_F42DC973E618,child,2,B0:CB:D8:F3:32:19,-69,0,76,76,0,0,0,0,0
78279593,NODE_F42DC973E618,child,2,B0:CB:D8:F3:32:19,-69,0,76,76,0,0,0,0,0
78379591,NODE_F42DC973E618,child,2,B0:CB:D8:F3:32:19,-69,0,76,76,0,0,0,0,0
78479595,NODE_F42DC973E618,child,2,B0:CB:D8:F3:32:19,-69,0,76,76,0,0,0,0,0
78579593,NODE_F42DC973E618,child,2,B0:CB:D8:F3:32:19,-69,0,76,76,0,0,0,0,0
78679591,NODE_F42DC973E618,child,2,B0:CB:D8:F3:32:19,-69,0,76,76,0,0,0,0,0
78779599,NODE_F42DC973E618,child,2,B0:CB:D8:F3:32:19,-69,0,76,76,0,0,0,0,0
78879593,NODE_F42DC973E618,child,2,B0:CB:D8:F3:32:19,-69,0,76,76,0,0,0,0,0
78979583,NODE_F42DC973E618,child,2,B0:CB:D8:F3:32:19,-69,0,76,76,0,0,0,0,0
79079595,NODE_F42DC973E618,child,2,B0:CB:D8:F3:32:19,-68,0,77,77,0,0,0,0,0
79179593,NODE_F42DC973E618,child,2,B0:CB:D8:F3:32:19,-68,0,77,77,0,0,0,0,0
79279583,NODE_F42DC973E618,child,2,B0:CB:D8:F3:32:19,-68,0,77,77,0,0,0,0,0
79379599,NODE_F42DC973E618,child,2,B0:CB:D8:F3:32:19,-68,0,77,77,0,0,0,0,0
79479593,NODE_F42DC973E618,child,2,B0:CB:D8:F3:32:19,-68,0,77,77,0,0,0,0,0
79579587,NODE_F42DC973E618,child,2,B0:CB:D8:F3:32:19,-68,0,77,77,0,0,0,0,0
79679595,NODE_F42DC973E618,child,2,B0:CB:D8:F3:32:19,-68,0,77,77,0,0,0,0,0
79779593,NODE_F42DC973E618,child,2,B0:CB:D8:F3:32:19,-68,0,77,77,0,0,0,0,0
79879584,NODE_F42DC973E618,child,2,B0:CB:D8:F3:32:19,-68,0,77,77,0,0,0,0,0
79979595,NODE_F42DC973E618,child,2,B0:CB:D8:F3:32:19,-68,0,77,77,0,0,0,0,0
80079597,NODE_F42DC973E618,child,2,B0:CB:D8:F3:32:19,-68,0,78,78,0,0,0,0,0
80179591,NODE_F42DC973E618,child,2,B0:CB:D8:F3:32:19,-68,0,78,78,0,0,0,0,0
80279583,NODE_F42DC973E618,child,2,B0:CB:D8:F3:32:19,-68,0,78,78,0,0,0,0,0
80379585,NODE_F42DC973E618,child,2,B0:CB:D8:F3:32:19,-68,0,78,78,0,0,0,0,0
80479591,NODE_F42DC973E618,child,2,B0:CB:D8:F3:32:19,-68,0,78,78,0,0,0,0,0
80579583,NODE_F42DC973E618,child,2,B0:CB:D8:F3:32:19,-68,0,78,78,0,0,0,0,0
80679597,NODE_F42DC973E618,child,2,B0:CB:D8:F3:32:19,-66,0,78,78,0,0,0,0,0
80779595,NODE_F42DC973E618,child,2,B0:CB:D8:F3:32:19,-66,0,78,78,0,0,0,0,0
80879591,NODE_F42DC973E618,child,2,B0:CB:D8:F3:32:19,-66,0,78,78,0,0,0,0,0
80979597,NODE_F42DC973E618,child,2,B0:CB:D8:F3:32:19,-67,0,78,78,0,0,0,0,0
81079587,NODE_F42DC973E618,child,2,B0:CB:D8:F3:32:19,-67,0,79,79,0,0,0,0,0
81179591,NODE_F42DC973E618,child,2,B0:CB:D8:F3:32:19,-67,0,79,79,0,0,0,0,0
81279597,NODE_F42DC973E618,child,2,B0:CB:D8:F3:32:19,-67,0,79,79,0,0,0,0,0
81379595,NODE_F42DC973E618,child,2,B0:CB:D8:F3:32:19,-67,0,79,79,0,0,0,0,0
81479583,NODE_F42DC973E618,child,2,B0:CB:D8:F3:32:19,-67,0,79,79,0,0,0,0,0
81579597,NODE_F42DC973E618,child,2,B0:CB:D8:F3:32:19,-66,0,79,79,0,0,0,0,0
81679591,NODE_F42DC973E618,child,2,B0:CB:D8:F3:32:19,-66,0,79,79,0,0,0,0,0
81779591,NODE_F42DC973E618,child,2,B0:CB:D8:F3:32:19,-66,0,79,79,0,0,0,0,0
81879597,NODE_F42DC973E618,child,2,B0:CB:D8:F3:32:19,-66,0,79,79,0,0,0,0,0
81979591,NODE_F42DC973E618,child,2,B0:CB:D8:F3:32:19,-66,0,79,79,0,0,0,0,0
82079591,NODE_F42DC973E618,child,2,B0:CB:D8:F3:32:19,-66,0,80,80,0,0,0,0,0
82179597,NODE_F42DC973E618,child,2,B0:CB:D8:F3:32:19,-65,0,80,80,0,0,0,0,0
82279591,NODE_F42DC973E618,child,2,B0:CB:D8:F3:32:19,-65,0,80,80,0,0,0,0,0
82379587,NODE_F42DC973E618,child,2,B0:CB:D8:F3:32:19,-65,0,80,80,0,0,0,0,0
82479597,NODE_F42DC973E618,child,2,B0:CB:D8:F3:32:19,-65,0,80,80,0,0,0,0,0
82579591,NODE_F42DC973E618,child,2,B0:CB:D8:F3:32:19,-65,0,80,80,0,0,0,0,0
82679591,NODE_F42DC973E618,child,2,B0:CB:D8:F3:32:19,-65,0,80,80,0,0,0,0,0
82779597,NODE_F42DC973E618,child,2,B0:CB:D8:F3:32:19,-66,0,80,80,0,0,0,0,0
82879595,NODE_F42DC973E618,child,2,B0:CB:D8:F3:32:19,-66,0,80,80,0,0,0,0,0
82979591,NODE_F42DC973E618,child,2,B0:CB:D8:F3:32:19,-66,0,80,80,0,0,0,0,0
83079589,NODE_F42DC973E618,child,2,B0:CB:D8:F3:32:19,-63,0,81,81,0,0,0,0,0
83179595,NODE_F42DC973E618,child,2,B0:CB:D8:F3:32:19,-63,0,81,81,0,0,0,0,0
83279591,NODE_F42DC973E618,child,2,B0:CB:D8:F3:32:19,-63,0,81,81,0,0,0,0,0
83379597,NODE_F42DC973E618,child,2,B0:CB:D8:F3:32:19,-66,0,81,81,0,0,0,0,0
83479591,NODE_F42DC973E618,child,2,B0:CB:D8:F3:32:19,-66,0,81,81,0,0,0,0,0
83579595,NODE_F42DC973E618,child,2,B0:CB:D8:F3:32:19,-66,0,81,81,0,0,0,0,0
83679597,NODE_F42DC973E618,child,2,B0:CB:D8:F3:32:19,-66,0,81,81,0,0,0,0,0
83779591,NODE_F42DC973E618,child,2,B0:CB:D8:F3:32:19,-66,0,81,81,0,0,0,0,0
83879591,NODE_F42DC973E618,child,2,B0:CB:D8:F3:32:19,-66,0,81,81,0,0,0,0,0
83979597,NODE_F42DC973E618,child,2,B0:CB:D8:F3:32:19,-66,0,81,81,0,0,0,0,0
84080035,NODE_F42DC973E618,child,2,B0:CB:D8:F3:32:19,-66,0,81,81,0,0,0,0,0
84179595,NODE_F42DC973E618,child,2,B0:CB:D8:F3:32:19,-66,0,82,82,0,0,0,0,0
84279597,NODE_F42DC973E618,child,2,B0:CB:D8:F3:32:19,-66,0,82,82,0,0,0,0,0
84379587,NODE_F42DC973E618,child,2,B0:CB:D8:F3:32:19,-66,0,82,82,0,0,0,0,0
84479591,NODE_F42DC973E618,child,2,B0:CB:D8:F3:32:19,-66,0,82,82,0,0,0,0,0
84580247,NODE_F42DC973E618,child,2,B0:CB:D8:F3:32:19,-66,0,82,82,0,0,0,0,0
84679587,NODE_F42DC973E618,child,2,B0:CB:D8:F3:32:19,-66,0,82,82,0,0,0,0,0
84779591,NODE_F42DC973E618,child,2,B0:CB:D8:F3:32:19,-66,0,82,82,0,0,0,0,0
84879593,NODE_F42DC973E618,child,2,B0:CB:D8:F3:32:19,-66,0,82,82,0,0,0,0,0
84979595,NODE_F42DC973E618,child,2,B0:CB:D8:F3:32:19,-66,0,82,82,0,0,0,0,0
85080365,NODE_F42DC973E618,child,2,B0:CB:D8:F3:32:19,-66,0,82,82,0,0,0,0,0
85179593,NODE_F42DC973E618,child,2,B0:CB:D8:F3:32:19,-66,0,83,83,0,0,0,0,0
85279595,NODE_F42DC973E618,child,2,B0:CB:D8:F3:32:19,-66,0,83,83,0,0,0,0,0
85379591,NODE_F42DC973E618,child,2,B0:CB:D8:F3:32:19,-66,0,83,83,0,0,0,0,0
85479593,NODE_F42DC973E618,child,2,B0:CB:D8:F3:32:19,-66,0,83,83,0,0,0,0,0
85579599,NODE_F42DC973E618,child,2,B0:CB:D8:F3:32:19,-66,0,83,83,0,0,0,0,0
85679591,NODE_F42DC973E618,child,2,B0:CB:D8:F3:32:19,-66,0,83,83,0,0,0,0,0
85779593,NODE_F42DC973E618,child,2,B0:CB:D8:F3:32:19,-66,0,83,83,0,0,0,0,0
85879595,NODE_F42DC973E618,child,2,B0:CB:D8:F3:32:19,-67,0,83,83,0,0,0,0,0
85979591,NODE_F42DC973E618,child,2,B0:CB:D8:F3:32:19,-67,0,83,83,0,0,0,0,0
86080352,NODE_F42DC973E618,child,2,B0:CB:D8:F3:32:19,-67,0,83,83,0,0,0,0,0
86179599,NODE_F42DC973E618,child,2,B0:CB:D8:F3:32:19,-66,0,84,84,0,0,0,0,0
86279591,NODE_F42DC973E618,child,2,B0:CB:D8:F3:32:19,-66,0,84,84,0,0,0,0,0
86379593,NODE_F42DC973E618,child,2,B0:CB:D8:F3:32:19,-66,0,84,84,0,0,0,0,0
86479595,NODE_F42DC973E618,child,2,B0:CB:D8:F3:32:19,-66,0,84,84,0,0,0,0,0
86579591,NODE_F42DC973E618,child,2,B0:CB:D8:F3:32:19,-66,0,84,84,0,0,0,0,0
86679593,NODE_F42DC973E618,child,2,B0:CB:D8:F3:32:19,-66,0,84,84,0,0,0,0,0
86779595,NODE_F42DC973E618,child,2,B0:CB:D8:F3:32:19,-67,0,84,84,0,0,0,0,0
86879589,NODE_F42DC973E618,child,2,B0:CB:D8:F3:32:19,-67,0,84,84,0,0,0,0,0
86979585,NODE_F42DC973E618,child,2,B0:CB:D8:F3:32:19,-67,0,84,84,0,0,0,0,0
87080338,NODE_F42DC973E618,child,2,B0:CB:D8:F3:32:19,-66,0,84,84,0,0,0,0,0
87179591,NODE_F42DC973E618,child,2,B0:CB:D8:F3:32:19,-66,0,85,85,0,0,0,0,0
87279589,NODE_F42DC973E618,child,2,B0:CB:D8:F3:32:19,-66,0,85,85,0,0,0,0,0
87379595,NODE_F42DC973E618,child,2,B0:CB:D8:F3:32:19,-66,0,85,85,0,0,0,0,0
87479591,NODE_F42DC973E618,child,2,B0:CB:D8:F3:32:19,-66,0,85,85,0,0,0,0,0
87579597,NODE_F42DC973E618,child,2,B0:CB:D8:F3:32:19,-66,0,85,85,0,0,0,0,0
87679595,NODE_F42DC973E618,child,2,B0:CB:D8:F3:32:19,-66,0,85,85,0,0,0,0,0
87779591,NODE_F42DC973E618,child,2,B0:CB:D8:F3:32:19,-66,0,85,85,0,0,0,0,0
87879589,NODE_F42DC973E618,child,2,B0:CB:D8:F3:32:19,-66,0,85,85,0,0,0,0,0
87979595,NODE_F42DC973E618,child,2,B0:CB:D8:F3:32:19,-66,0,85,85,0,0,0,0,0
88080357,NODE_F42DC973E618,child,2,B0:CB:D8:F3:32:19,-66,0,85,85,0,0,0,0,0
88179597,NODE_F42DC973E618,child,2,B0:CB:D8:F3:32:19,-66,0,86,86,0,0,0,0,0
88279595,NODE_F42DC973E618,child,2,B0:CB:D8:F3:32:19,-68,0,86,86,0,0,0,0,0
88379591,NODE_F42DC973E618,child,2,B0:CB:D8:F3:32:19,-68,0,86,86,0,0,0,0,0
88479593,NODE_F42DC973E618,child,2,B0:CB:D8:F3:32:19,-68,0,86,86,0,0,0,0,0
88579595,NODE_F42DC973E618,child,2,B0:CB:D8:F3:32:19,-68,0,86,86,0,0,0,0,0
88679591,NODE_F42DC973E618,child,2,B0:CB:D8:F3:32:19,-68,0,86,86,0,0,0,0,0
88779593,NODE_F42DC973E618,child,2,B0:CB:D8:F3:32:19,-68,0,86,86,0,0,0,0,0
88879595,NODE_F42DC973E618,child,2,B0:CB:D8:F3:32:19,-68,0,86,86,0,0,0,0,0
88979595,NODE_F42DC973E618,child,2,B0:CB:D8:F3:32:19,-68,0,86,86,0,0,0,0,0
89080285,NODE_F42DC973E618,child,2,B0:CB:D8:F3:32:19,-68,0,86,86,0,0,0,0,0
89179587,NODE_F42DC973E618,child,2,B0:CB:D8:F3:32:19,-68,0,87,87,0,0,0,0,0
89279595,NODE_F42DC973E618,child,2,B0:CB:D8:F3:32:19,-70,0,87,87,0,0,0,0,0
89379593,NODE_F42DC973E618,child,2,B0:CB:D8:F3:32:19,-70,0,87,87,0,0,0,0,0
89479587,NODE_F42DC973E618,child,2,B0:CB:D8:F3:32:19,-70,0,87,87,0,0,0,0,0
89579599,NODE_F42DC973E618,child,2,B0:CB:D8:F3:32:19,-70,0,87,87,0,0,0,0,0
89679593,NODE_F42DC973E618,child,2,B0:CB:D8:F3:32:19,-70,0,87,87,0,0,0,0,0
89779587,NODE_F42DC973E618,child,2,B0:CB:D8:F3:32:19,-70,0,87,87,0,0,0,0,0
89879595,NODE_F42DC973E618,child,2,B0:CB:D8:F3:32:19,-70,0,87,87,0,0,0,0,0
89979593,NODE_F42DC973E618,child,2,B0:CB:D8:F3:32:19,-70,0,87,87,0,0,0,0,0
90080343,NODE_F42DC973E618,child,2,B0:CB:D8:F3:32:19,-70,0,87,87,0,0,0,0,0
90179595,NODE_F42DC973E618,child,2,B0:CB:D8:F3:32:19,-70,0,88,88,0,0,0,0,0
90279593,NODE_F42DC973E618,child,2,B0:CB:D8:F3:32:19,-70,0,88,88,0,0,0,0,0
90379595,NODE_F42DC973E618,child,2,B0:CB:D8:F3:32:19,-70,0,88,88,0,0,0,0,0
90479595,NODE_F42DC973E618,child,2,B0:CB:D8:F3:32:19,-70,0,88,88,0,0,0,0,0
90579593,NODE_F42DC973E618,child,2,B0:CB:D8:F3:32:19,-70,0,88,88,0,0,0,0,0
90679591,NODE_F42DC973E618,child,2,B0:CB:D8:F3:32:19,-70,0,88,88,0,0,0,0,0
90779595,NODE_F42DC973E618,child,2,B0:CB:D8:F3:32:19,-66,0,88,88,0,0,0,0,0
90879593,NODE_F42DC973E618,child,2,B0:CB:D8:F3:32:19,-66,0,88,88,0,0,0,0,0
90979583,NODE_F42DC973E618,child,2,B0:CB:D8:F3:32:19,-66,0,88,88,0,0,0,0,0
91080351,NODE_F42DC973E618,child,2,B0:CB:D8:F3:32:19,-68,0,88,88,0,0,0,0,0
91179597,NODE_F42DC973E618,child,2,B0:CB:D8:F3:32:19,-68,0,89,89,0,0,0,0,0
91279587,NODE_F42DC973E618,child,2,B0:CB:D8:F3:32:19,-68,0,89,89,0,0,0,0,0
91379595,NODE_F42DC973E618,child,2,B0:CB:D8:F3:32:19,-66,0,89,89,0,0,0,0,0
91479593,NODE_F42DC973E618,child,2,B0:CB:D8:F3:32:19,-66,0,89,89,0,0,0,0,0
91579587,NODE_F42DC973E618,child,2,B0:CB:D8:F3:32:19,-66,0,89,89,0,0,0,0,0
91679595,NODE_F42DC973E618,child,2,B0:CB:D8:F3:32:19,-65,0,89,89,0,0,0,0,0
91779597,NODE_F42DC973E618,child,2,B0:CB:D8:F3:32:19,-65,0,89,89,0,0,0,0,0
91879591,NODE_F42DC973E618,child,2,B0:CB:D8:F3:32:19,-65,0,89,89,0,0,0,0,0
91979595,NODE_F42DC973E618,child,2,B0:CB:D8:F3:32:19,-66,0,89,89,0,0,0,0,0
92080344,NODE_F42DC973E618,child,2,B0:CB:D8:F3:32:19,-66,0,89,89,0,0,0,0,0
92179591,NODE_F42DC973E618,child,2,B0:CB:D8:F3:32:19,-66,0,90,90,0,0,0,0,0
92279595,NODE_F42DC973E618,child,2,B0:CB:D8:F3:32:19,-67,0,90,90,0,0,0,0,0
92379597,NODE_F42DC973E618,child,2,B0:CB:D8:F3:32:19,-67,0,90,90,0,0,0,0,0
92479591,NODE_F42DC973E618,child,2,B0:CB:D8:F3:32:19,-67,0,90,90,0,0,0,0,0
92579595,NODE_F42DC973E618,child,2,B0:CB:D8:F3:32:19,-68,0,90,90,0,0,0,0,0
92679593,NODE_F42DC973E618,child,2,B0:CB:D8:F3:32:19,-68,0,90,90,0,0,0,0,0
92779587,NODE_F42DC973E618,child,2,B0:CB:D8:F3:32:19,-68,0,90,90,0,0,0,0,0
92879845,NODE_F42DC973E618,child,2,B0:CB:D8:F3:32:19,-67,0,90,90,0,0,0,0,0
92980295,NODE_F42DC973E618,child,2,B0:CB:D8:F3:32:19,-67,0,90,90,0,0,0,0,0
93080374,NODE_F42DC973E618,child,2,B0:CB:D8:F3:32:19,-67,0,90,90,0,0,0,0,0
93180348,NODE_F42DC973E618,child,2,B0:CB:D8:F3:32:19,-66,0,91,91,0,0,0,0,0
93279601,NODE_F42DC973E618,child,2,B0:CB:D8:F3:32:19,-66,0,91,91,0,0,0,0,0
93379591,NODE_F42DC973E618,child,2,B0:CB:D8:F3:32:19,-66,0,91,91,0,0,0,0,0
93479591,NODE_F42DC973E618,child,2,B0:CB:D8:F3:32:19,-66,0,91,91,0,0,0,0,0
93579597,NODE_F42DC973E618,child,2,B0:CB:D8:F3:32:19,-66,0,91,91,0,0,0,0,0
93679591,NODE_F42DC973E618,child,2,B0:CB:D8:F3:32:19,-66,0,91,91,0,0,0,0,0
93779595,NODE_F42DC973E618,child,2,B0:CB:D8:F3:32:19,-66,0,91,91,0,0,0,0,0
93879597,NODE_F42DC973E618,child,2,B0:CB:D8:F3:32:19,-67,0,91,91,0,0,0,0,0
93979587,NODE_F42DC973E618,child,2,B0:CB:D8:F3:32:19,-67,0,91,91,0,0,0,0,0
94080360,NODE_F42DC973E618,child,2,B0:CB:D8:F3:32:19,-67,0,91,91,0,0,0,0,0
94179601,NODE_F42DC973E618,child,2,B0:CB:D8:F3:32:19,-67,0,92,92,0,0,0,0,0
94279591,NODE_F42DC973E618,child,2,B0:CB:D8:F3:32:19,-67,0,92,92,0,0,0,0,0
94379595,NODE_F42DC973E618,child,2,B0:CB:D8:F3:32:19,-67,0,92,92,0,0,0,0,0
94479597,NODE_F42DC973E618,child,2,B0:CB:D8:F3:32:19,-66,0,92,92,0,0,0,0,0
94579591,NODE_F42DC973E618,child,2,B0:CB:D8:F3:32:19,-66,0,92,92,0,0,0,0,0
94679587,NODE_F42DC973E618,child,2,B0:CB:D8:F3:32:19,-66,0,92,92,0,0,0,0,0
94779597,NODE_F42DC973E618,child,2,B0:CB:D8:F3:32:19,-67,0,92,92,0,0,0,0,0
94879591,NODE_F42DC973E618,child,2,B0:CB:D8:F3:32:19,-67,0,92,92,0,0,0,0,0
94979591,NODE_F42DC973E618,child,2,B0:CB:D8:F3:32:19,-67,0,92,92,0,0,0,0,0
95080344,NODE_F42DC973E618,child,2,B0:CB:D8:F3:32:19,-67,0,92,92,0,0,0,0,0
95179595,NODE_F42DC973E618,child,2,B0:CB:D8:F3:32:19,-67,0,93,93,0,0,0,0,0
95279591,NODE_F42DC973E618,child,2,B0:CB:D8:F3:32:19,-67,0,93,93,0,0,0,0,0
95379597,NODE_F42DC973E618,child,2,B0:CB:D8:F3:32:19,-67,0,93,93,0,0,0,0,0
95479591,NODE_F42DC973E618,child,2,B0:CB:D8:F3:32:19,-67,0,93,93,0,0,0,0,0
95579591,NODE_F42DC973E618,child,2,B0:CB:D8:F3:32:19,-67,0,93,93,0,0,0,0,0
95679597,NODE_F42DC973E618,child,2,B0:CB:D8:F3:32:19,-67,0,93,93,0,0,0,0,0
95779595,NODE_F42DC973E618,child,2,B0:CB:D8:F3:32:19,-67,0,93,93,0,0,0,0,0
95879587,NODE_F42DC973E618,child,2,B0:CB:D8:F3:32:19,-67,0,93,93,0,0,0,0,0
95979597,NODE_F42DC973E618,child,2,B0:CB:D8:F3:32:19,-66,0,93,93,0,0,0,0,0
96080350,NODE_F42DC973E618,child,2,B0:CB:D8:F3:32:19,-66,0,93,93,0,0,0,0,0
96179591,NODE_F42DC973E618,child,2,B0:CB:D8:F3:32:19,-66,0,94,94,0,0,0,0,0
96279597,NODE_F42DC973E618,child,2,B0:CB:D8:F3:32:19,-68,0,94,94,0,0,0,0,0
96379595,NODE_F42DC973E618,child,2,B0:CB:D8:F3:32:19,-68,0,94,94,0,0,0,0,0
96479591,NODE_F42DC973E618,child,2,B0:CB:D8:F3:32:19,-68,0,94,94,0,0,0,0,0
96579597,NODE_F42DC973E618,child,2,B0:CB:D8:F3:32:19,-67,0,94,94,0,0,0,0,0
96679591,NODE_F42DC973E618,child,2,B0:CB:D8:F3:32:19,-67,0,94,94,0,0,0,0,0
96779591,NODE_F42DC973E618,child,2,B0:CB:D8:F3:32:19,-67,0,94,94,0,0,0,0,0
96879597,NODE_F42DC973E618,child,2,B0:CB:D8:F3:32:19,-67,0,94,94,0,0,0,0,0
96979591,NODE_F42DC973E618,child,2,B0:CB:D8:F3:32:19,-67,0,94,94,0,0,0,0,0
97080343,NODE_F42DC973E618,child,2,B0:CB:D8:F3:32:19,-67,0,94,94,0,0,0,0,0
97179601,NODE_F42DC973E618,child,2,B0:CB:D8:F3:32:19,-68,0,95,95,0,0,0,0,0
97279587,NODE_F42DC973E618,child,2,B0:CB:D8:F3:32:19,-68,0,95,95,0,0,0,0,0
97379591,NODE_F42DC973E618,child,2,B0:CB:D8:F3:32:19,-68,0,95,95,0,0,0,0,0
97479581,NODE_F42DC973E618,child,2,B0:CB:D8:F3:32:19,-68,0,95,95,0,0,0,0,0
97579591,NODE_F42DC973E618,child,2,B0:CB:D8:F3:32:19,-67,0,95,95,0,0,0,0,0
97679591,NODE_F42DC973E618,child,2,B0:CB:D8:F3:32:19,-67,0,95,95,0,0,0,0,0
97779593,NODE_F42DC973E618,child,2,B0:CB:D8:F3:32:19,-67,0,95,95,0,0,0,0,0
97879595,NODE_F42DC973E618,child,2,B0:CB:D8:F3:32:19,-67,0,95,95,0,0,0,0,0
97979591,NODE_F42DC973E618,child,2,B0:CB:D8:F3:32:19,-67,0,95,95,0,0,0,0,0
98079589,NODE_F42DC973E618,child,2,B0:CB:D8:F3:32:19,-67,0,95,95,0,0,0,0,0
98179587,NODE_F42DC973E618,child,2,B0:CB:D8:F3:32:19,-66,0,96,96,0,0,0,0,0
98279591,NODE_F42DC973E618,child,2,B0:CB:D8:F3:32:19,-66,0,96,96,0,0,0,0,0
98379589,NODE_F42DC973E618,child,2,B0:CB:D8:F3:32:19,-66,0,96,96,0,0,0,0,0
98479595,NODE_F42DC973E618,child,2,B0:CB:D8:F3:32:19,-67,0,96,96,0,0,0,0,0
98579595,NODE_F42DC973E618,child,2,B0:CB:D8:F3:32:19,-67,0,96,96,0,0,0,0,0
98679585,NODE_F42DC973E618,child,2,B0:CB:D8:F3:32:19,-67,0,96,96,0,0,0,0,0
98779595,NODE_F42DC973E618,child,2,B0:CB:D8:F3:32:19,-67,0,96,96,0,0,0,0,0
98879591,NODE_F42DC973E618,child,2,B0:CB:D8:F3:32:19,-67,0,96,96,0,0,0,0,0
98979593,NODE_F42DC973E618,child,2,B0:CB:D8:F3:32:19,-67,0,96,96,0,0,0,0,0
99079595,NODE_F42DC973E618,child,2,B0:CB:D8:F3:32:19,-67,0,96,96,0,0,0,0,0
99179595,NODE_F42DC973E618,child,2,B0:CB:D8:F3:32:19,-67,0,97,97,0,0,0,0,0
99279593,NODE_F42DC973E618,child,2,B0:CB:D8:F3:32:19,-67,0,97,97,0,0,0,0,0
99379595,NODE_F42DC973E618,child,2,B0:CB:D8:F3:32:19,-66,0,97,97,0,0,0,0,0
99479591,NODE_F42DC973E618,child,2,B0:CB:D8:F3:32:19,-66,0,97,97,0,0,0,0,0
99579593,NODE_F42DC973E618,child,2,B0:CB:D8:F3:32:19,-66,0,97,97,0,0,0,0,0
99679595,NODE_F42DC973E618,child,2,B0:CB:D8:F3:32:19,-67,0,97,97,0,0,0,0,0
99779591,NODE_F42DC973E618,child,2,B0:CB:D8:F3:32:19,-67,0,97,97,0,0,0,0,0
99879597,NODE_F42DC973E618,child,2,B0:CB:D8:F3:32:19,-67,0,97,97,0,0,0,0,0
99979595,NODE_F42DC973E618,child,2,B0:CB:D8:F3:32:19,-67,0,97,97,0,0,0,0,0
100079591,NODE_F42DC973E618,child,2,B0:CB:D8:F3:32:19,-67,0,97,97,0,0,0,0,0
100179593,NODE_F42DC973E618,child,2,B0:CB:D8:F3:32:19,-67,0,98,98,0,0,0,0,0
100279595,NODE_F42DC973E618,child,2,B0:CB:D8:F3:32:19,-67,0,98,98,0,0,0,0,0
100379591,NODE_F42DC973E618,child,2,B0:CB:D8:F3:32:19,-67,0,98,98,0,0,0,0,0
100479593,NODE_F42DC973E618,child,2,B0:CB:D8:F3:32:19,-67,0,98,98,0,0,0,0,0
100579599,NODE_F42DC973E618,child,2,B0:CB:D8:F3:32:19,-67,0,98,98,0,0,0,0,0
100679591,NODE_F42DC973E618,child,2,B0:CB:D8:F3:32:19,-67,0,98,98,0,0,0,0,0
100779593,NODE_F42DC973E618,child,2,B0:CB:D8:F3:32:19,-67,0,98,98,0,0,0,0,0
100879595,NODE_F42DC973E618,child,2,B0:CB:D8:F3:32:19,-66,0,98,98,0,0,0,0,0
100979591,NODE_F42DC973E618,child,2,B0:CB:D8:F3:32:19,-66,0,98,98,0,0,0,0,0
101079593,NODE_F42DC973E618,child,2,B0:CB:D8:F3:32:19,-66,0,98,98,0,0,0,0,0
101179599,NODE_F42DC973E618,child,2,B0:CB:D8:F3:32:19,-67,0,99,99,0,0,0,0,0
101279591,NODE_F42DC973E618,child,2,B0:CB:D8:F3:32:19,-67,0,99,99,0,0,0,0,0
101379593,NODE_F42DC973E618,child,2,B0:CB:D8:F3:32:19,-67,0,99,99,0,0,0,0,0
101479591,NODE_F42DC973E618,child,2,B0:CB:D8:F3:32:19,-68,0,99,99,0,0,0,0,0
101579587,NODE_F42DC973E618,child,2,B0:CB:D8:F3:32:19,-68,0,99,99,0,0,0,0,0
101679593,NODE_F42DC973E618,child,2,B0:CB:D8:F3:32:19,-68,0,99,99,0,0,0,0,0
101779583,NODE_F42DC973E618,child,2,B0:CB:D8:F3:32:19,-68,0,99,99,0,0,0,0,0
101879599,NODE_F42DC973E618,child,2,B0:CB:D8:F3:32:19,-68,0,99,99,0,0,0,0,0
101979593,NODE_F42DC973E618,child,2,B0:CB:D8:F3:32:19,-68,0,99,99,0,0,0,0,0
102079591,NODE_F42DC973E618,child,2,B0:CB:D8:F3:32:19,-68,0,99,99,0,0,0,0,0
102179587,NODE_F42DC973E618,child,2,B0:CB:D8:F3:32:19,-68,0,100,100,0,0,0,0,0
102279593,NODE_F42DC973E618,child,2,B0:CB:D8:F3:32:19,-68,0,100,100,0,0,0,0,0
102379591,NODE_F42DC973E618,child,2,B0:CB:D8:F3:32:19,-68,0,100,100,0,0,0,0,0
102479595,NODE_F42DC973E618,child,2,B0:CB:D8:F3:32:19,-68,0,100,100,0,0,0,0,0
102579597,NODE_F42DC973E618,child,2,B0:CB:D8:F3:32:19,-68,0,100,100,0,0,0,0,0
102679587,NODE_F42DC973E618,child,2,B0:CB:D8:F3:32:19,-68,0,100,100,0,0,0,0,0
102779587,NODE_F42DC973E618,child,2,B0:CB:D8:F3:32:19,-68,0,100,100,0,0,0,0,0
102879593,NODE_F42DC973E618,child,2,B0:CB:D8:F3:32:19,-68,0,100,100,0,0,0,0,0
102979587,NODE_F42DC973E618,child,2,B0:CB:D8:F3:32:19,-68,0,100,100,0,0,0,0,0
103079587,NODE_F42DC973E618,child,2,B0:CB:D8:F3:32:19,-68,0,100,100,0,0,0,0,0
103179597,NODE_F42DC973E618,child,2,B0:CB:D8:F3:32:19,-68,0,101,101,0,0,0,0,0
103279591,NODE_F42DC973E618,child,2,B0:CB:D8:F3:32:19,-68,0,101,101,0,0,0,0,0
103379587,NODE_F42DC973E618,child,2,B0:CB:D8:F3:32:19,-68,0,101,101,0,0,0,0,0
103479605,NODE_F42DC973E618,child,2,B0:CB:D8:F3:32:19,-68,0,101,101,0,0,0,0,0
103579587,NODE_F42DC973E618,child,2,B0:CB:D8:F3:32:19,-68,0,101,101,0,0,0,0,0
103679587,NODE_F42DC973E618,child,2,B0:CB:D8:F3:32:19,-68,0,101,101,0,0,0,0,0
103779589,NODE_F42DC973E618,child,2,B0:CB:D8:F3:32:19,-68,0,101,101,0,0,0,0,0
103879595,NODE_F42DC973E618,child,2,B0:CB:D8:F3:32:19,-68,0,101,101,0,0,0,0,0
103979591,NODE_F42DC973E618,child,2,B0:CB:D8:F3:32:19,-68,0,101,101,0,0,0,0,0
104079589,NODE_F42DC973E618,child,2,B0:CB:D8:F3:32:19,-68,0,101,101,0,0,0,0,0
104179591,NODE_F42DC973E618,child,2,B0:CB:D8:F3:32:19,-68,0,102,102,0,0,0,0,0
104279583,NODE_F42DC973E618,child,2,B0:CB:D8:F3:32:19,-68,0,102,102,0,0,0,0,0
104379585,NODE_F42DC973E618,child,2,B0:CB:D8:F3:32:19,-68,0,102,102,0,0,0,0,0
104479595,NODE_F42DC973E618,child,2,B0:CB:D8:F3:32:19,-68,0,102,102,0,0,0,0,0
104579595,NODE_F42DC973E618,child,2,B0:CB:D8:F3:32:19,-68,0,102,102,0,0,0,0,0
104679589,NODE_F42DC973E618,child,2,B0:CB:D8:F3:32:19,-68,0,102,102,0,0,0,0,0
104779583,NODE_F42DC973E618,child,2,B0:CB:D8:F3:32:19,-68,0,102,102,0,0,0,0,0
104879587,NODE_F42DC973E618,child,2,B0:CB:D8:F3:32:19,-68,0,102,102,0,0,0,0,0
104979585,NODE_F42DC973E618,child,2,B0:CB:D8:F3:32:19,-68,0,102,102,0,0,0,0,0
105079583,NODE_F42DC973E618,child,2,B0:CB:D8:F3:32:19,-68,0,102,102,0,0,0,0,0
105179595,NODE_F42DC973E618,child,2,B0:CB:D8:F3:32:19,-68,0,103,103,0,0,0,0,0
105279597,NODE_F42DC973E618,child,2,B0:CB:D8:F3:32:19,-68,0,103,103,0,0,0,0,0
105379587,NODE_F42DC973E618,child,2,B0:CB:D8:F3:32:19,-68,0,103,103,0,0,0,0,0
105479595,NODE_F42DC973E618,child,2,B0:CB:D8:F3:32:19,-69,0,103,103,0,0,0,0,0
105579589,NODE_F42DC973E618,child,2,B0:CB:D8:F3:32:19,-69,0,103,103,0,0,0,0,0
105679583,NODE_F42DC973E618,child,2,B0:CB:D8:F3:32:19,-69,0,103,103,0,0,0,0,0
105779587,NODE_F42DC973E618,child,2,B0:CB:D8:F3:32:19,-69,0,103,103,0,0,0,0,0
105879593,NODE_F42DC973E618,child,2,B0:CB:D8:F3:32:19,-69,0,103,103,0,0,0,0,0
105979579,NODE_F42DC973E618,child,2,B0:CB:D8:F3:32:19,-69,0,103,103,0,0,0,0,0
106079591,NODE_F42DC973E618,child,2,B0:CB:D8:F3:32:19,-69,0,103,103,0,0,0,0,0
106179593,NODE_F42DC973E618,child,2,B0:CB:D8:F3:32:19,-69,0,104,104,0,0,0,0,0
106279579,NODE_F42DC973E618,child,2,B0:CB:D8:F3:32:19,-69,0,104,104,0,0,0,0,0
106379587,NODE_F42DC973E618,child,2,B0:CB:D8:F3:32:19,-69,0,104,104,0,0,0,0,0
106479581,NODE_F42DC973E618,child,2,B0:CB:D8:F3:32:19,-69,0,104,104,0,0,0,0,0
106579603,NODE_F42DC973E618,child,2,B0:CB:D8:F3:32:19,-68,0,104,104,0,0,0,0,0
106679583,NODE_F42DC973E618,child,2,B0:CB:D8:F3:32:19,-68,0,104,104,0,0,0,0,0
106779589,NODE_F42DC973E618,child,2,B0:CB:D8:F3:32:19,-68,0,104,104,0,0,0,0,0
106879591,NODE_F42DC973E618,child,2,B0:CB:D8:F3:32:19,-68,0,104,104,0,0,0,0,0
106979579,NODE_F42DC973E618,child,2,B0:CB:D8:F3:32:19,-68,0,104,104,0,0,0,0,0
107079585,NODE_F42DC973E618,child,2,B0:CB:D8:F3:32:19,-68,0,104,104,0,0,0,0,0
107179599,NODE_F42DC973E618,child,2,B0:CB:D8:F3:32:19,-68,0,105,105,0,0,0,0,0
107279579,NODE_F42DC973E618,child,2,B0:CB:D8:F3:32:19,-68,0,105,105,0,0,0,0,0
107379593,NODE_F42DC973E618,child,2,B0:CB:D8:F3:32:19,-68,0,105,105,0,0,0,0,0
107479587,NODE_F42DC973E618,child,2,B0:CB:D8:F3:32:19,-68,0,105,105,0,0,0,0,0
107579595,NODE_F42DC973E618,child,2,B0:CB:D8:F3:32:19,-68,0,105,105,0,0,0,0,0
107679585,NODE_F42DC973E618,child,2,B0:CB:D8:F3:32:19,-68,0,105,105,0,0,0,0,0
107779587,NODE_F42DC973E618,child,2,B0:CB:D8:F3:32:19,-68,0,105,105,0,0,0,0,0
107879595,NODE_F42DC973E618,child,2,B0:CB:D8:F3:32:19,-68,0,105,105,0,0,0,0,0
107979589,NODE_F42DC973E618,child,2,B0:CB:D8:F3:32:19,-68,0,105,105,0,0,0,0,0
108079583,NODE_F42DC973E618,child,2,B0:CB:D8:F3:32:19,-68,0,105,105,0,0,0,0,0
108179591,NODE_F42DC973E618,child,2,B0:CB:D8:F3:32:19,-68,0,106,106,0,0,0,0,0
108279581,NODE_F42DC973E618,child,2,B0:CB:D8:F3:32:19,-68,0,106,106,0,0,0,0,0
108379591,NODE_F42DC973E618,child,2,B0:CB:D8:F3:32:19,-68,0,106,106,0,0,0,0,0
108479583,NODE_F42DC973E618,child,2,B0:CB:D8:F3:32:19,-68,0,106,106,0,0,0,0,0
108579605,NODE_F42DC973E618,child,2,B0:CB:D8:F3:32:19,-68,0,106,106,0,0,0,0,0
108679583,NODE_F42DC973E618,child,2,B0:CB:D8:F3:32:19,-68,0,106,106,0,0,0,0,0
108779587,NODE_F42DC973E618,child,2,B0:CB:D8:F3:32:19,-68,0,106,106,0,0,0,0,0
108879585,NODE_F42DC973E618,child,2,B0:CB:D8:F3:32:19,-68,0,106,106,0,0,0,0,0
108979587,NODE_F42DC973E618,child,2,B0:CB:D8:F3:32:19,-68,0,106,106,0,0,0,0,0
109079583,NODE_F42DC973E618,child,2,B0:CB:D8:F3:32:19,-68,0,106,106,0,0,0,0,0
109179597,NODE_F42DC973E618,child,2,B0:CB:D8:F3:32:19,-68,0,107,107,0,0,0,0,0
109279583,NODE_F42DC973E618,child,2,B0:CB:D8:F3:32:19,-68,0,107,107,0,0,0,0,0
109379587,NODE_F42DC973E618,child,2,B0:CB:D8:F3:32:19,-68,0,107,107,0,0,0,0,0
109479581,NODE_F42DC973E618,child,2,B0:CB:D8:F3:32:19,-68,0,107,107,0,0,0,0,0
109579599,NODE_F42DC973E618,child,2,B0:CB:D8:F3:32:19,-67,0,107,107,0,0,0,0,0
109679596,NODE_F42DC973E618,child,2,B0:CB:D8:F3:32:19,-67,0,107,107,0,0,0,0,0
109779593,NODE_F42DC973E618,child,2,B0:CB:D8:F3:32:19,-67,0,107,107,0,0,0,0,0
109879587,NODE_F42DC973E618,child,2,B0:CB:D8:F3:32:19,-67,0,107,107,0,0,0,0,0
109979587,NODE_F42DC973E618,child,2,B0:CB:D8:F3:32:19,-67,0,107,107,0,0,0,0,0
110079585,NODE_F42DC973E618,child,2,B0:CB:D8:F3:32:19,-67,0,107,107,0,0,0,0,0
110179587,NODE_F42DC973E618,child,2,B0:CB:D8:F3:32:19,-67,0,108,108,0,0,0,0,0
110279579,NODE_F42DC973E618,child,2,B0:CB:D8:F3:32:19,-67,0,108,108,0,0,0,0,0
110379628,NODE_F42DC973E618,child,2,B0:CB:D8:F3:32:19,-67,0,108,108,0,0,0,0,0
110479583,NODE_F42DC973E618,child,2,B0:CB:D8:F3:32:19,-67,0,108,108,0,0,0,0,0
110579591,NODE_F42DC973E618,child,2,B0:CB:D8:F3:32:19,-67,0,108,108,0,0,0,0,0
110679597,NODE_F42DC973E618,child,2,B0:CB:D8:F3:32:19,-67,0,108,108,0,0,0,0,0
110779583,NODE_F42DC973E618,child,2,B0:CB:D8:F3:32:19,-67,0,108,108,0,0,0,0,0
110879587,NODE_F42DC973E618,child,2,B0:CB:D8:F3:32:19,-67,0,108,108,0,0,0,0,0
110979589,NODE_F42DC973E618,child,2,B0:CB:D8:F3:32:19,-67,0,108,108,0,0,0,0,0
111079595,NODE_F42DC973E618,child,2,B0:CB:D8:F3:32:19,-67,0,108,108,0,0,0,0,0
111179595,NODE_F42DC973E618,child,2,B0:CB:D8:F3:32:19,-67,0,109,109,0,0,0,0,0
111279589,NODE_F42DC973E618,child,2,B0:CB:D8:F3:32:19,-67,0,109,109,0,0,0,0,0
111379587,NODE_F42DC973E618,child,2,B0:CB:D8:F3:32:19,-67,0,109,109,0,0,0,0,0
111479591,NODE_F42DC973E618,child,2,B0:CB:D8:F3:32:19,-67,0,109,109,0,0,0,0,0
111579589,NODE_F42DC973E618,child,2,B0:CB:D8:F3:32:19,-67,0,109,109,0,0,0,0,0
111679603,NODE_F42DC973E618,child,2,B0:CB:D8:F3:32:19,-68,0,109,109,0,0,0,0,0
111779587,NODE_F42DC973E618,child,2,B0:CB:D8:F3:32:19,-68,0,109,109,0,0,0,0,0
111879589,NODE_F42DC973E618,child,2,B0:CB:D8:F3:32:19,-68,0,109,109,0,0,0,0,0
111979587,NODE_F42DC973E618,child,2,B0:CB:D8:F3:32:19,-68,0,109,109,0,0,0,0,0
112079583,NODE_F42DC973E618,child,2,B0:CB:D8:F3:32:19,-68,0,109,109,0,0,0,0,0
112179589,NODE_F42DC973E618,child,2,B0:CB:D8:F3:32:19,-68,0,110,110,0,0,0,0,0
112279579,NODE_F42DC973E618,child,2,B0:CB:D8:F3:32:19,-68,0,110,110,0,0,0,0,0
112379591,NODE_F42DC973E618,child,2,B0:CB:D8:F3:32:19,-68,0,110,110,0,0,0,0,0
112479589,NODE_F42DC973E618,child,2,B0:CB:D8:F3:32:19,-68,0,110,110,0,0,0,0,0
112579583,NODE_F42DC973E618,child,2,B0:CB:D8:F3:32:19,-68,0,110,110,0,0,0,0,0
112679599,NODE_F42DC973E618,child,2,B0:CB:D8:F3:32:19,-68,0,110,110,0,0,0,0,0
112779581,NODE_F42DC973E618,child,2,B0:CB:D8:F3:32:19,-68,0,110,110,0,0,0,0,0
112879591,NODE_F42DC973E618,child,2,B0:CB:D8:F3:32:19,-68,0,110,110,0,0,0,0,0
112979579,NODE_F42DC973E618,child,2,B0:CB:D8:F3:32:19,-68,0,110,110,0,0,0,0,0
113079593,NODE_F42DC973E618,child,2,B0:CB:D8:F3:32:19,-68,0,110,110,0,0,0,0,0
113179595,NODE_F42DC973E618,child,2,B0:CB:D8:F3:32:19,-68,0,111,111,0,0,0,0,0
113279587,NODE_F42DC973E618,child,2,B0:CB:D8:F3:32:19,-68,0,111,111,0,0,0,0,0
113379589,NODE_F42DC973E618,child,2,B0:CB:D8:F3:32:19,-68,0,111,111,0,0,0,0,0
113479591,NODE_F42DC973E618,child,2,B0:CB:D8:F3:32:19,-68,0,111,111,0,0,0,0,0
113579587,NODE_F42DC973E618,child,2,B0:CB:D8:F3:32:19,-68,0,111,111,0,0,0,0,0
113679605,NODE_F42DC973E618,child,2,B0:CB:D8:F3:32:19,-67,0,111,111,0,0,0,0,0
113779583,NODE_F42DC973E618,child,2,B0:CB:D8:F3:32:19,-67,0,111,111,0,0,0,0,0
113879587,NODE_F42DC973E618,child,2,B0:CB:D8:F3:32:19,-67,0,111,111,0,0,0,0,0
113979589,NODE_F42DC973E618,child,2,B0:CB:D8:F3:32:19,-67,0,111,111,0,0,0,0,0
114079587,NODE_F42DC973E618,child,2,B0:CB:D8:F3:32:19,-67,0,111,111,0,0,0,0,0
114179587,NODE_F42DC973E618,child,2,B0:CB:D8:F3:32:19,-67,0,112,112,0,0,0,0,0
114279589,NODE_F42DC973E618,child,2,B0:CB:D8:F3:32:19,-67,0,112,112,0,0,0,0,0
114379595,NODE_F42DC973E618,child,2,B0:CB:D8:F3:32:19,-67,0,112,112,0,0,0,0,0
114479583,NODE_F42DC973E618,child,2,B0:CB:D8:F3:32:19,-67,0,112,112,0,0,0,0,0
114579585,NODE_F42DC973E618,child,2,B0:CB:D8:F3:32:19,-67,0,112,112,0,0,0,0,0
114679579,NODE_F42DC973E618,child,2,B0:CB:D8:F3:32:19,-67,0,112,112,0,0,0,0,0
114779595,NODE_F42DC973E618,child,2,B0:CB:D8:F3:32:19,-67,0,112,112,0,0,0,0,0
114879589,NODE_F42DC973E618,child,2,B0:CB:D8:F3:32:19,-67,0,112,112,0,0,0,0,0
114979591,NODE_F42DC973E618,child,2,B0:CB:D8:F3:32:19,-67,0,112,112,0,0,0,0,0
115079595,NODE_F42DC973E618,child,2,B0:CB:D8:F3:32:19,-67,0,112,112,0,0,0,0,0
115179593,NODE_F42DC973E618,child,2,B0:CB:D8:F3:32:19,-67,0,113,113,0,0,0,0,0
115279587,NODE_F42DC973E618,child,2,B0:CB:D8:F3:32:19,-67,0,113,113,0,0,0,0,0
115379587,NODE_F42DC973E618,child,2,B0:CB:D8:F3:32:19,-67,0,113,113,0,0,0,0,0
115479589,NODE_F42DC973E618,child,2,B0:CB:D8:F3:32:19,-67,0,113,113,0,0,0,0,0
115579591,NODE_F42DC973E618,child,2,B0:CB:D8:F3:32:19,-67,0,113,113,0,0,0,0,0
115679595,NODE_F42DC973E618,child,2,B0:CB:D8:F3:32:19,-67,0,113,113,0,0,0,0,0
115779597,NODE_F42DC973E618,child,2,B0:CB:D8:F3:32:19,-67,0,113,113,0,0,0,0,0
115879591,NODE_F42DC973E618,child,2,B0:CB:D8:F3:32:19,-67,0,113,113,0,0,0,0,0
115979587,NODE_F42DC973E618,child,2,B0:CB:D8:F3:32:19,-67,0,113,113,0,0,0,0,0
116079585,NODE_F42DC973E618,child,2,B0:CB:D8:F3:32:19,-67,0,113,113,0,0,0,0,0
116179595,NODE_F42DC973E618,child,2,B0:CB:D8:F3:32:19,-67,0,114,114,0,0,0,0,0
116279579,NODE_F42DC973E618,child,2,B0:CB:D8:F3:32:19,-67,0,114,114,0,0,0,0,0
116379593,NODE_F42DC973E618,child,2,B0:CB:D8:F3:32:19,-67,0,114,114,0,0,0,0,0
116479591,NODE_F42DC973E618,child,2,B0:CB:D8:F3:32:19,-67,0,114,114,0,0,0,0,0
116579587,NODE_F42DC973E618,child,2,B0:CB:D8:F3:32:19,-67,0,114,114,0,0,0,0,0
116679589,NODE_F42DC973E618,child,2,B0:CB:D8:F3:32:19,-67,0,114,114,0,0,0,0,0
116779595,NODE_F42DC973E618,child,2,B0:CB:D8:F3:32:19,-67,0,114,114,0,0,0,0,0
116879583,NODE_F42DC973E618,child,2,B0:CB:D8:F3:32:19,-67,0,114,114,0,0,0,0,0
116979589,NODE_F42DC973E618,child,2,B0:CB:D8:F3:32:19,-67,0,114,114,0,0,0,0,0
117079591,NODE_F42DC973E618,child,2,B0:CB:D8:F3:32:19,-67,0,114,114,0,0,0,0,0
117179587,NODE_F42DC973E618,child,2,B0:CB:D8:F3:32:19,-67,0,115,115,0,0,0,0,0
117279593,NODE_F42DC973E618,child,2,B0:CB:D8:F3:32:19,-67,0,115,115,0,0,0,0,0
117379587,NODE_F42DC973E618,child,2,B0:CB:D8:F3:32:19,-67,0,115,115,0,0,0,0,0
117479587,NODE_F42DC973E618,child,2,B0:CB:D8:F3:32:19,-67,0,115,115,0,0,0,0,0
117579593,NODE_F42DC973E618,child,2,B0:CB:D8:F3:32:19,-67,0,115,115,0,0,0,0,0
117679595,NODE_F42DC973E618,child,2,B0:CB:D8:F3:32:19,-67,0,115,115,0,0,0,0,0
117779595,NODE_F42DC973E618,child,2,B0:CB:D8:F3:32:19,-66,0,115,115,0,0,0,0,0
117879589,NODE_F42DC973E618,child,2,B0:CB:D8:F3:32:19,-66,0,115,115,0,0,0,0,0
117979587,NODE_F42DC973E618,child,2,B0:CB:D8:F3:32:19,-66,0,115,115,0,0,0,0,0
118079587,NODE_F42DC973E618,child,2,B0:CB:D8:F3:32:19,-66,0,115,115,0,0,0,0,0
118179593,NODE_F42DC973E618,child,2,B0:CB:D8:F3:32:19,-66,0,116,116,0,0,0,0,0
118279587,NODE_F42DC973E618,child,2,B0:CB:D8:F3:32:19,-66,0,116,116,0,0,0,0,0
118379595,NODE_F42DC973E618,child,2,B0:CB:D8:F3:32:19,-66,0,116,116,0,0,0,0,0
118479589,NODE_F42DC973E618,child,2,B0:CB:D8:F3:32:19,-66,0,116,116,0,0,0,0,0
118579591,NODE_F42DC973E618,child,2,B0:CB:D8:F3:32:19,-66,0,116,116,0,0,0,0,0
118679583,NODE_F42DC973E618,child,2,B0:CB:D8:F3:32:19,-66,0,116,116,0,0,0,0,0
118779581,NODE_F42DC973E618,child,2,B0:CB:D8:F3:32:19,-66,0,116,116,0,0,0,0,0
118879671,NODE_F42DC973E618,child,2,B0:CB:D8:F3:32:19,-66,0,116,116,0,0,0,0,0
118979587,NODE_F42DC973E618,child,2,B0:CB:D8:F3:32:19,-66,0,116,116,0,0,0,0,0
119079597,NODE_F42DC973E618,child,2,B0:CB:D8:F3:32:19,-66,0,116,116,0,0,0,0,0
119179591,NODE_F42DC973E618,child,2,B0:CB:D8:F3:32:19,-66,0,117,117,0,0,0,0,0
119279587,NODE_F42DC973E618,child,2,B0:CB:D8:F3:32:19,-66,0,117,117,0,0,0,0,0
119379585,NODE_F42DC973E618,child,2,B0:CB:D8:F3:32:19,-66,0,117,117,0,0,0,0,0
119479587,NODE_F42DC973E618,child,2,B0:CB:D8:F3:32:19,-66,0,117,117,0,0,0,0,0
119579587,NODE_F42DC973E618,child,2,B0:CB:D8:F3:32:19,-66,0,117,117,0,0,0,0,0
119679601,NODE_F42DC973E618,child,2,B0:CB:D8:F3:32:19,-66,0,117,117,0,0,0,0,0
119779583,NODE_F42DC973E618,child,2,B0:CB:D8:F3:32:19,-66,0,117,117,0,0,0,0,0
119879595,NODE_F42DC973E618,child,2,B0:CB:D8:F3:32:19,-65,0,117,117,0,0,0,0,0
119979589,NODE_F42DC973E618,child,2,B0:CB:D8:F3:32:19,-65,0,117,117,0,0,0,0,0
120079587,NODE_F42DC973E618,child,2,B0:CB:D8:F3:32:19,-65,0,117,117,0,0,0,0,0
120179599,NODE_F42DC973E618,child,2,B0:CB:D8:F3:32:19,-65,0,118,118,0,0,0,0,0
120279589,NODE_F42DC973E618,child,2,B0:CB:D8:F3:32:19,-65,0,118,118,0,0,0,0,0
120379587,NODE_F42DC973E618,child,2,B0:CB:D8:F3:32:19,-65,0,118,118,0,0,0,0,0
120479587,NODE_F42DC973E618,child,2,B0:CB:D8:F3:32:19,-65,0,118,118,0,0,0,0,0
120579589,NODE_F42DC973E618,child,2,B0:CB:D8:F3:32:19,-65,0,118,118,0,0,0,0,0
120679591,NODE_F42DC973E618,child,2,B0:CB:D8:F3:32:19,-65,0,118,118,0,0,0,0,0
120779587,NODE_F42DC973E618,child,2,B0:CB:D8:F3:32:19,-65,0,118,118,0,0,0,0,0
120879605,NODE_F42DC973E618,child,2,B0:CB:D8:F3:32:19,-66,0,118,118,0,0,0,0,0
120979587,NODE_F42DC973E618,child,2,B0:CB:D8:F3:32:19,-66,0,118,118,0,0,0,0,0
121079587,NODE_F42DC973E618,child,2,B0:CB:D8:F3:32:19,-66,0,118,118,0,0,0,0,0
121179601,NODE_F42DC973E618,child,2,B0:CB:D8:F3:32:19,-66,0,119,119,0,0,0,0,0
121279583,NODE_F42DC973E618,child,2,B0:CB:D8:F3:32:19,-66,0,119,119,0,0,0,0,0
121379587,NODE_F42DC973E618,child,2,B0:CB:D8:F3:32:19,-66,0,119,119,0,0,0,0,0
121479589,NODE_F42DC973E618,child,2,B0:CB:D8:F3:32:19,-66,0,119,119,0,0,0,0,0
121579595,NODE_F42DC973E618,child,2,B0:CB:D8:F3:32:19,-66,0,119,119,0,0,0,0,0
121679591,NODE_F42DC973E618,child,2,B0:CB:D8:F3:32:19,-66,0,119,119,0,0,0,0,0
121779589,NODE_F42DC973E618,child,2,B0:CB:D8:F3:32:19,-66,0,119,119,0,0,0,0,0
121879595,NODE_F42DC973E618,child,2,B0:CB:D8:F3:32:19,-67,0,119,119,0,0,0,0,0
121979591,NODE_F42DC973E618,child,2,B0:CB:D8:F3:32:19,-67,0,119,119,0,0,0,0,0
122079589,NODE_F42DC973E618,child,2,B0:CB:D8:F3:32:19,-67,0,119,119,0,0,0,0,0
122179595,NODE_F42DC973E618,child,2,B0:CB:D8:F3:32:19,-67,0,120,120,0,0,0,0,0
122279591,NODE_F42DC973E618,child,2,B0:CB:D8:F3:32:19,-67,0,120,120,0,0,0,0,0
122379589,NODE_F42DC973E618,child,2,B0:CB:D8:F3:32:19,-67,0,120,120,0,0,0,0,0
122479587,NODE_F42DC973E618,child,2,B0:CB:D8:F3:32:19,-67,0,120,120,0,0,0,0,0
122579587,NODE_F42DC973E618,child,2,B0:CB:D8:F3:32:19,-67,0,120,120,0,0,0,0,0
122679593,NODE_F42DC973E618,child,2,B0:CB:D8:F3:32:19,-67,0,120,120,0,0,0,0,0
122779587,NODE_F42DC973E618,child,2,B0:CB:D8:F3:32:19,-67,0,120,120,0,0,0,0,0
122879595,NODE_F42DC973E618,child,2,B0:CB:D8:F3:32:19,-67,0,120,120,0,0,0,0,0
122979597,NODE_F42DC973E618,child,2,B0:CB:D8:F3:32:19,-66,0,120,120,0,0,0,0,0
123079587,NODE_F42DC973E618,child,2,B0:CB:D8:F3:32:19,-66,0,120,120,0,0,0,0,0
123179591,NODE_F42DC973E618,child,2,B0:CB:D8:F3:32:19,-66,0,121,121,0,0,0,0,0
123279589,NODE_F42DC973E618,child,2,B0:CB:D8:F3:32:19,-66,0,121,121,0,0,0,0,0
123379587,NODE_F42DC973E618,child,2,B0:CB:D8:F3:32:19,-66,0,121,121,0,0,0,0,0
123479579,NODE_F42DC973E618,child,2,B0:CB:D8:F3:32:19,-66,0,121,121,0,0,0,0,0
123579597,NODE_F42DC973E618,child,2,B0:CB:D8:F3:32:19,-66,0,121,121,0,0,0,0,0
123679583,NODE_F42DC973E618,child,2,B0:CB:D8:F3:32:19,-66,0,121,121,0,0,0,0,0
123779583,NODE_F42DC973E618,child,2,B0:CB:D8:F3:32:19,-66,0,121,121,0,0,0,0,0
123879589,NODE_F42DC973E618,child,2,B0:CB:D8:F3:32:19,-66,0,121,121,0,0,0,0,0
123979595,NODE_F42DC973E618,child,2,B0:CB:D8:F3:32:19,-65,0,121,121,0,0,0,0,0
124079587,NODE_F42DC973E618,child,2,B0:CB:D8:F3:32:19,-65,0,121,121,0,0,0,0,0
124179597,NODE_F42DC973E618,child,2,B0:CB:D8:F3:32:19,-65,0,122,122,0,0,0,0,0
124279587,NODE_F42DC973E618,child,2,B0:CB:D8:F3:32:19,-65,0,122,122,0,0,0,0,0
124379587,NODE_F42DC973E618,child,2,B0:CB:D8:F3:32:19,-65,0,122,122,0,0,0,0,0
124479589,NODE_F42DC973E618,child,2,B0:CB:D8:F3:32:19,-65,0,122,122,0,0,0,0,0
124579587,NODE_F42DC973E618,child,2,B0:CB:D8:F3:32:19,-65,0,122,122,0,0,0,0,0
124679587,NODE_F42DC973E618,child,2,B0:CB:D8:F3:32:19,-65,0,122,122,0,0,0,0,0
124779593,NODE_F42DC973E618,child,2,B0:CB:D8:F3:32:19,-65,0,122,122,0,0,0,0,0
124879599,NODE_F42DC973E618,child,2,B0:CB:D8:F3:32:19,-65,0,122,122,0,0,0,0,0
124979595,NODE_F42DC973E618,child,2,B0:CB:D8:F3:32:19,-66,0,122,122,0,0,0,0,0
125079589,NODE_F42DC973E618,child,2,B0:CB:D8:F3:32:19,-66,0,122,122,0,0,0,0,0
125179583,NODE_F42DC973E618,child,2,B0:CB:D8:F3:32:19,-66,0,123,123,0,0,0,0,0
125279587,NODE_F42DC973E618,child,2,B0:CB:D8:F3:32:19,-66,0,123,123,0,0,0,0,0
125379589,NODE_F42DC973E618,child,2,B0:CB:D8:F3:32:19,-66,0,123,123,0,0,0,0,0
125479587,NODE_F42DC973E618,child,2,B0:CB:D8:F3:32:19,-66,0,123,123,0,0,0,0,0
125579595,NODE_F42DC973E618,child,2,B0:CB:D8:F3:32:19,-66,0,123,123,0,0,0,0,0
125679589,NODE_F42DC973E618,child,2,B0:CB:D8:F3:32:19,-66,0,123,123,0,0,0,0,0
125779591,NODE_F42DC973E618,child,2,B0:CB:D8:F3:32:19,-66,0,123,123,0,0,0,0,0
125879583,NODE_F42DC973E618,child,2,B0:CB:D8:F3:32:19,-66,0,123,123,0,0,0,0,0
125979597,NODE_F42DC973E618,child,2,B0:CB:D8:F3:32:19,-66,0,123,123,0,0,0,0,0
126079583,NODE_F42DC973E618,child,2,B0:CB:D8:F3:32:19,-66,0,123,123,0,0,0,0,0
126179599,NODE_F42DC973E618,child,2,B0:CB:D8:F3:32:19,-66,0,124,124,0,0,0,0,0
126279581,NODE_F42DC973E618,child,2,B0:CB:D8:F3:32:19,-66,0,124,124,0,0,0,0,0
126379583,NODE_F42DC973E618,child,2,B0:CB:D8:F3:32:19,-66,0,124,124,0,0,0,0,0
126479583,NODE_F42DC973E618,child,2,B0:CB:D8:F3:32:19,-66,0,124,124,0,0,0,0,0
126579585,NODE_F42DC973E618,child,2,B0:CB:D8:F3:32:19,-66,0,124,124,0,0,0,0,0
126679587,NODE_F42DC973E618,child,2,B0:CB:D8:F3:32:19,-66,0,124,124,0,0,0,0,0
126779587,NODE_F42DC973E618,child,2,B0:CB:D8:F3:32:19,-66,0,124,124,0,0,0,0,0
126879597,NODE_F42DC973E618,child,2,B0:CB:D8:F3:32:19,-66,0,124,124,0,0,0,0,0
126979599,NODE_F42DC973E618,child,2,B0:CB:D8:F3:32:19,-69,0,124,124,0,0,0,0,0
127079587,NODE_F42DC973E618,child,2,B0:CB:D8:F3:32:19,-69,0,124,124,0,0,0,0,0
127179601,NODE_F42DC973E618,child,2,B0:CB:D8:F3:32:19,-69,0,125,125,0,0,0,0,0
127279587,NODE_F42DC973E618,child,2,B0:CB:D8:F3:32:19,-69,0,125,125,0,0,0,0,0
127379587,NODE_F42DC973E618,child,2,B0:CB:D8:F3:32:19,-69,0,125,125,0,0,0,0,0
127479589,NODE_F42DC973E618,child,2,B0:CB:D8:F3:32:19,-69,0,125,125,0,0,0,0,0
127579857,NODE_F42DC973E618,child,2,B0:CB:D8:F3:32:19,-69,0,125,125,0,0,0,0,0
127679587,NODE_F42DC973E618,child,2,B0:CB:D8:F3:32:19,-69,0,125,125,0,0,0,0,0
127779589,NODE_F42DC973E618,child,2,B0:CB:D8:F3:32:19,-69,0,125,125,0,0,0,0,0
127879591,NODE_F42DC973E618,child,2,B0:CB:D8:F3:32:19,-69,0,125,125,0,0,0,0,0
127979587,NODE_F42DC973E618,child,2,B0:CB:D8:F3:32:19,-69,0,125,125,0,0,0,0,0
128079597,NODE_F42DC973E618,child,2,B0:CB:D8:F3:32:19,-70,0,125,125,0,0,0,0,0
128179599,NODE_F42DC973E618,child,2,B0:CB:D8:F3:32:19,-70,0,126,126,0,0,0,0,0
128279587,NODE_F42DC973E618,child,2,B0:CB:D8:F3:32:19,-70,0,126,126,0,0,0,0,0
128379589,NODE_F42DC973E618,child,2,B0:CB:D8:F3:32:19,-70,0,126,126,0,0,0,0,0
128479587,NODE_F42DC973E618,child,2,B0:CB:D8:F3:32:19,-70,0,126,126,0,0,0,0,0
128579587,NODE_F42DC973E618,child,2,B0:CB:D8:F3:32:19,-70,0,126,126,0,0,0,0,0
128679585,NODE_F42DC973E618,child,2,B0:CB:D8:F3:32:19,-70,0,126,126,0,0,0,0,0
128779579,NODE_F42DC973E618,child,2,B0:CB:D8:F3:32:19,-70,0,126,126,0,0,0,0,0
128879595,NODE_F42DC973E618,child,2,B0:CB:D8:F3:32:19,-70,0,126,126,0,0,0,0,0
128979585,NODE_F42DC973E618,child,2,B0:CB:D8:F3:32:19,-70,0,126,126,0,0,0,0,0
129079599,NODE_F42DC973E618,child,2,B0:CB:D8:F3:32:19,-70,0,126,126,0,0,0,0,0
129179587,NODE_F42DC973E618,child,2,B0:CB:D8:F3:32:19,-70,0,127,127,0,0,0,0,0
129279589,NODE_F42DC973E618,child,2,B0:CB:D8:F3:32:19,-70,0,127,127,0,0,0,0,0
129379583,NODE_F42DC973E618,child,2,B0:CB:D8:F3:32:19,-70,0,127,127,0,0,0,0,0
129479583,NODE_F42DC973E618,child,2,B0:CB:D8:F3:32:19,-70,0,127,127,0,0,0,0,0
129579593,NODE_F42DC973E618,child,2,B0:CB:D8:F3:32:19,-70,0,127,127,0,0,0,0,0
129679583,NODE_F42DC973E618,child,2,B0:CB:D8:F3:32:19,-70,0,127,127,0,0,0,0,0
129779579,NODE_F42DC973E618,child,2,B0:CB:D8:F3:32:19,-70,0,127,127,0,0,0,0,0
129879589,NODE_F42DC973E618,child,2,B0:CB:D8:F3:32:19,-70,0,127,127,0,0,0,0,0
129979579,NODE_F42DC973E618,child,2,B0:CB:D8:F3:32:19,-70,0,127,127,0,0,0,0,0
130079599,NODE_F42DC973E618,child,2,B0:CB:D8:F3:32:19,-70,0,127,127,0,0,0,0,0
130179597,NODE_F42DC973E618,child,2,B0:CB:D8:F3:32:19,-70,0,128,128,0,0,0,0,0
130279591,NODE_F42DC973E618,child,2,B0:CB:D8:F3:32:19,-70,0,128,128,0,0,0,0,0
130379579,NODE_F42DC973E618,child,2,B0:CB:D8:F3:32:19,-70,0,128,128,0,0,0,0,0
130479581,NODE_F42DC973E618,child,2,B0:CB:D8:F3:32:19,-70,0,128,128,0,0,0,0,0
130579583,NODE_F42DC973E618,child,2,B0:CB:D8:F3:32:19,-70,0,128,128,0,0,0,0,0
130679587,NODE_F42DC973E618,child,2,B0:CB:D8:F3:32:19,-70,0,128,128,0,0,0,0,0
130779581,NODE_F42DC973E618,child,2,B0:CB:D8:F3:32:19,-70,0,128,128,0,0,0,0,0
130879595,NODE_F42DC973E618,child,2,B0:CB:D8:F3:32:19,-70,0,128,128,0,0,0,0,0
130979591,NODE_F42DC973E618,child,2,B0:CB:D8:F3:32:19,-70,0,128,128,0,0,0,0,0
131079597,NODE_F42DC973E618,child,2,B0:CB:D8:F3:32:19,-69,0,128,128,0,0,0,0,0
131179591,NODE_F42DC973E618,child,2,B0:CB:D8:F3:32:19,-69,0,129,129,0,0,0,0,0
131280218,NODE_F42DC973E618,child,2,B0:CB:D8:F3:32:19,-69,0,129,129,0,0,0,0,0
131379593,NODE_F42DC973E618,child,2,B0:CB:D8:F3:32:19,-69,0,129,129,0,0,0,0,0
131479579,NODE_F42DC973E618,child,2,B0:CB:D8:F3:32:19,-69,0,129,129,0,0,0,0,0
131579583,NODE_F42DC973E618,child,2,B0:CB:D8:F3:32:19,-69,0,129,129,0,0,0,0,0
131679585,NODE_F42DC973E618,child,2,B0:CB:D8:F3:32:19,-69,0,129,129,0,0,0,0,0
131779579,NODE_F42DC973E618,child,2,B0:CB:D8:F3:32:19,-69,0,129,129,0,0,0,0,0
131879583,NODE_F42DC973E618,child,2,B0:CB:D8:F3:32:19,-69,0,129,129,0,0,0,0,0
131979585,NODE_F42DC973E618,child,2,B0:CB:D8:F3:32:19,-69,0,129,129,0,0,0,0,0
132079591,NODE_F42DC973E618,child,2,B0:CB:D8:F3:32:19,-69,0,129,129,0,0,0,0,0
132179591,NODE_F42DC973E618,child,2,B0:CB:D8:F3:32:19,-70,0,130,130,0,0,0,0,0
132279585,NODE_F42DC973E618,child,2,B0:CB:D8:F3:32:19,-70,0,130,130,0,0,0,0,0
132379587,NODE_F42DC973E618,child,2,B0:CB:D8:F3:32:19,-70,0,130,130,0,0,0,0,0
132479587,NODE_F42DC973E618,child,2,B0:CB:D8:F3:32:19,-70,0,130,130,0,0,0,0,0
132579589,NODE_F42DC973E618,child,2,B0:CB:D8:F3:32:19,-70,0,130,130,0,0,0,0,0
132679595,NODE_F42DC973E618,child,2,B0:CB:D8:F3:32:19,-70,0,130,130,0,0,0,0,0
132779579,NODE_F42DC973E618,child,2,B0:CB:D8:F3:32:19,-70,0,130,130,0,0,0,0,0
132879585,NODE_F42DC973E618,child,2,B0:CB:D8:F3:32:19,-70,0,130,130,0,0,0,0,0
132979591,NODE_F42DC973E618,child,2,B0:CB:D8:F3:32:19,-70,0,130,130,0,0,0,0,0
133079587,NODE_F42DC973E618,child,2,B0:CB:D8:F3:32:19,-70,0,130,130,0,0,0,0,0
133179589,NODE_F42DC973E618,child,2,B0:CB:D8:F3:32:19,-70,0,131,131,0,0,0,0,0
133279591,NODE_F42DC973E618,child,2,B0:CB:D8:F3:32:19,-70,0,131,131,0,0,0,0,0
133379595,NODE_F42DC973E618,child,2,B0:CB:D8:F3:32:19,-70,0,131,131,0,0,0,0,0
133479589,NODE_F42DC973E618,child,2,B0:CB:D8:F3:32:19,-70,0,131,131,0,0,0,0,0
133579587,NODE_F42DC973E618,child,2,B0:CB:D8:F3:32:19,-70,0,131,131,0,0,0,0,0
133679583,NODE_F42DC973E618,child,2,B0:CB:D8:F3:32:19,-70,0,131,131,0,0,0,0,0
133779581,NODE_F42DC973E618,child,2,B0:CB:D8:F3:32:19,-70,0,131,131,0,0,0,0,0
133879583,NODE_F42DC973E618,child,2,B0:CB:D8:F3:32:19,-70,0,131,131,0,0,0,0,0
133979583,NODE_F42DC973E618,child,2,B0:CB:D8:F3:32:19,-70,0,131,131,0,0,0,0,0
134079597,NODE_F42DC973E618,child,2,B0:CB:D8:F3:32:19,-70,0,131,131,0,0,0,0,0
134179587,NODE_F42DC973E618,child,2,B0:CB:D8:F3:32:19,-70,0,132,132,0,0,0,0,0
134279583,NODE_F42DC973E618,child,2,B0:CB:D8:F3:32:19,-70,0,132,132,0,0,0,0,0
134379589,NODE_F42DC973E618,child,2,B0:CB:D8:F3:32:19,-70,0,132,132,0,0,0,0,0
134479587,NODE_F42DC973E618,child,2,B0:CB:D8:F3:32:19,-70,0,132,132,0,0,0,0,0
134579583,NODE_F42DC973E618,child,2,B0:CB:D8:F3:32:19,-70,0,132,132,0,0,0,0,0
134679597,NODE_F42DC973E618,child,2,B0:CB:D8:F3:32:19,-70,0,132,132,0,0,0,0,0
134779587,NODE_F42DC973E618,child,2,B0:CB:D8:F3:32:19,-70,0,132,132,0,0,0,0,0
134879583,NODE_F42DC973E618,child,2,B0:CB:D8:F3:32:19,-70,0,132,132,0,0,0,0,0
134979593,NODE_F42DC973E618,child,2,B0:CB:D8:F3:32:19,-70,0,132,132,0,0,0,0,0
135079587,NODE_F42DC973E618,child,2,B0:CB:D8:F3:32:19,-70,0,132,132,0,0,0,0,0
135179595,NODE_F42DC973E618,child,2,B0:CB:D8:F3:32:19,-70,0,133,133,0,0,0,0,0
135279589,NODE_F42DC973E618,child,2,B0:CB:D8:F3:32:19,-70,0,133,133,0,0,0,0,0
135379595,NODE_F42DC973E618,child,2,B0:CB:D8:F3:32:19,-70,0,133,133,0,0,0,0,0
135479587,NODE_F42DC973E618,child,2,B0:CB:D8:F3:32:19,-70,0,133,133,0,0,0,0,0
135579585,NODE_F42DC973E618,child,2,B0:CB:D8:F3:32:19,-70,0,133,133,0,0,0,0,0
135679587,NODE_F42DC973E618,child,2,B0:CB:D8:F3:32:19,-70,0,133,133,0,0,0,0,0
135779587,NODE_F42DC973E618,child,2,B0:CB:D8:F3:32:19,-70,0,133,133,0,0,0,0,0
135879585,NODE_F42DC973E618,child,2,B0:CB:D8:F3:32:19,-70,0,133,133,0,0,0,0,0
135979624,NODE_F42DC973E618,child,2,B0:CB:D8:F3:32:19,-70,0,133,133,0,0,0,0,0
136079595,NODE_F42DC973E618,child,2,B0:CB:D8:F3:32:19,-70,0,133,133,0,0,0,0,0
136179589,NODE_F42DC973E618,child,2,B0:CB:D8:F3:32:19,-70,0,134,134,0,0,0,0,0
136279595,NODE_F42DC973E618,child,2,B0:CB:D8:F3:32:19,-70,0,134,134,0,0,0,0,0
136379583,NODE_F42DC973E618,child,2,B0:CB:D8:F3:32:19,-70,0,134,134,0,0,0,0,0
136479589,NODE_F42DC973E618,child,2,B0:CB:D8:F3:32:19,-70,0,134,134,0,0,0,0,0
136579583,NODE_F42DC973E618,child,2,B0:CB:D8:F3:32:19,-70,0,134,134,0,0,0,0,0
136679595,NODE_F42DC973E618,child,2,B0:CB:D8:F3:32:19,-70,0,134,134,0,0,0,0,0
136779589,NODE_F42DC973E618,child,2,B0:CB:D8:F3:32:19,-70,0,134,134,0,0,0,0,0
136879587,NODE_F42DC973E618,child,2,B0:CB:D8:F3:32:19,-70,0,134,134,0,0,0,0,0
136979587,NODE_F42DC973E618,child,2,B0:CB:D8:F3:32:19,-70,0,134,134,0,0,0,0,0
137079589,NODE_F42DC973E618,child,2,B0:CB:D8:F3:32:19,-70,0,134,134,0,0,0,0,0
137179583,NODE_F42DC973E618,child,2,B0:CB:D8:F3:32:19,-70,0,135,135,0,0,0,0,0
137279595,NODE_F42DC973E618,child,2,B0:CB:D8:F3:32:19,-70,0,135,135,0,0,0,0,0
137379597,NODE_F42DC973E618,child,2,B0:CB:D8:F3:32:19,-70,0,135,135,0,0,0,0,0
137479587,NODE_F42DC973E618,child,2,B0:CB:D8:F3:32:19,-70,0,135,135,0,0,0,0,0
137579587,NODE_F42DC973E618,child,2,B0:CB:D8:F3:32:19,-70,0,135,135,0,0,0,0,0
137679589,NODE_F42DC973E618,child,2,B0:CB:D8:F3:32:19,-70,0,135,135,0,0,0,0,0
137779587,NODE_F42DC973E618,child,2,B0:CB:D8:F3:32:19,-70,0,135,135,0,0,0,0,0
137879583,NODE_F42DC973E618,child,2,B0:CB:D8:F3:32:19,-70,0,135,135,0,0,0,0,0
137979589,NODE_F42DC973E618,child,2,B0:CB:D8:F3:32:19,-70,0,135,135,0,0,0,0,0
138079595,NODE_F42DC973E618,child,2,B0:CB:D8:F3:32:19,-70,0,135,135,0,0,0,0,0
138179599,NODE_F42DC973E618,child,2,B0:CB:D8:F3:32:19,-70,0,136,136,0,0,0,0,0
138279597,NODE_F42DC973E618,child,2,B0:CB:D8:F3:32:19,-69,0,136,136,0,0,0,0,0
138379583,NODE_F42DC973E618,child,2,B0:CB:D8:F3:32:19,-69,0,136,136,0,0,0,0,0
138479587,NODE_F42DC973E618,child,2,B0:CB:D8:F3:32:19,-69,0,136,136,0,0,0,0,0
138579585,NODE_F42DC973E618,child,2,B0:CB:D8:F3:32:19,-69,0,136,136,0,0,0,0,0
138679595,NODE_F42DC973E618,child,2,B0:CB:D8:F3:32:19,-69,0,136,136,0,0,0,0,0
138779579,NODE_F42DC973E618,child,2,B0:CB:D8:F3:32:19,-69,0,136,136,0,0,0,0,0
138879589,NODE_F42DC973E618,child,2,B0:CB:D8:F3:32:19,-69,0,136,136,0,0,0,0,0
138979579,NODE_F42DC973E618,child,2,B0:CB:D8:F3:32:19,-69,0,136,136,0,0,0,0,0
139079587,NODE_F42DC973E618,child,2,B0:CB:D8:F3:32:19,-69,0,136,136,0,0,0,0,0
139179589,NODE_F42DC973E618,child,2,B0:CB:D8:F3:32:19,-69,0,137,137,0,0,0,0,0
139279591,NODE_F42DC973E618,child,2,B0:CB:D8:F3:32:19,-69,0,137,137,0,0,0,0,0
139379599,NODE_F42DC973E618,child,2,B0:CB:D8:F3:32:19,-70,0,137,137,0,0,0,0,0
139479577,NODE_F42DC973E618,child,2,B0:CB:D8:F3:32:19,-70,0,137,137,0,0,0,0,0
139579587,NODE_F42DC973E618,child,2,B0:CB:D8:F3:32:19,-70,0,137,137,0,0,0,0,0
139679587,NODE_F42DC973E618,child,2,B0:CB:D8:F3:32:19,-70,0,137,137,0,0,0,0,0
139779577,NODE_F42DC973E618,child,2,B0:CB:D8:F3:32:19,-70,0,137,137,0,0,0,0,0
139879591,NODE_F42DC973E618,child,2,B0:CB:D8:F3:32:19,-70,0,137,137,0,0,0,0,0
139979583,NODE_F42DC973E618,child,2,B0:CB:D8:F3:32:19,-70,0,137,137,0,0,0,0,0
140079597,NODE_F42DC973E618,child,2,B0:CB:D8:F3:32:19,-70,0,137,137,0,0,0,0,0
140179587,NODE_F42DC973E618,child,2,B0:CB:D8:F3:32:19,-70,0,138,138,0,0,0,0,0
140279591,NODE_F42DC973E618,child,2,B0:CB:D8:F3:32:19,-70,0,138,138,0,0,0,0,0
140379597,NODE_F42DC973E618,child,2,B0:CB:D8:F3:32:19,-70,0,138,138,0,0,0,0,0
140479583,NODE_F42DC973E618,child,2,B0:CB:D8:F3:32:19,-70,0,138,138,0,0,0,0,0
140579587,NODE_F42DC973E618,child,2,B0:CB:D8:F3:32:19,-70,0,138,138,0,0,0,0,0
140679593,NODE_F42DC973E618,child,2,B0:CB:D8:F3:32:19,-70,0,138,138,0,0,0,0,0
140779587,NODE_F42DC973E618,child,2,B0:CB:D8:F3:32:19,-70,0,138,138,0,0,0,0,0
140879583,NODE_F42DC973E618,child,2,B0:CB:D8:F3:32:19,-70,0,138,138,0,0,0,0,0
140979577,NODE_F42DC973E618,child,2,B0:CB:D8:F3:32:19,-70,0,138,138,0,0,0,0,0
141079587,NODE_F42DC973E618,child,2,B0:CB:D8:F3:32:19,-70,0,138,138,0,0,0,0,0
141179595,NODE_F42DC973E618,child,2,B0:CB:D8:F3:32:19,-70,0,139,139,0,0,0,0,0
141279585,NODE_F42DC973E618,child,2,B0:CB:D8:F3:32:19,-70,0,139,139,0,0,0,0,0
141379595,NODE_F42DC973E618,child,2,B0:CB:D8:F3:32:19,-69,0,139,139,0,0,0,0,0
141479579,NODE_F42DC973E618,child,2,B0:CB:D8:F3:32:19,-69,0,139,139,0,0,0,0,0
141579589,NODE_F42DC973E618,child,2,B0:CB:D8:F3:32:19,-69,0,139,139,0,0,0,0,0
141679587,NODE_F42DC973E618,child,2,B0:CB:D8:F3:32:19,-69,0,139,139,0,0,0,0,0
141779587,NODE_F42DC973E618,child,2,B0:CB:D8:F3:32:19,-69,0,139,139,0,0,0,0,0
141879593,NODE_F42DC973E618,child,2,B0:CB:D8:F3:32:19,-69,0,139,139,0,0,0,0,0
141979591,NODE_F42DC973E618,child,2,B0:CB:D8:F3:32:19,-69,0,139,139,0,0,0,0,0
142079583,NODE_F42DC973E618,child,2,B0:CB:D8:F3:32:19,-69,0,139,139,0,0,0,0,0
142179585,NODE_F42DC973E618,child,2,B0:CB:D8:F3:32:19,-69,0,140,140,0,0,0,0,0
142279583,NODE_F42DC973E618,child,2,B0:CB:D8:F3:32:19,-69,0,140,140,0,0,0,0,0
142379595,NODE_F42DC973E618,child,2,B0:CB:D8:F3:32:19,-69,0,140,140,0,0,0,0,0
142479581,NODE_F42DC973E618,child,2,B0:CB:D8:F3:32:19,-69,0,140,140,0,0,0,0,0
142579595,NODE_F42DC973E618,child,2,B0:CB:D8:F3:32:19,-69,0,140,140,0,0,0,0,0
142679583,NODE_F42DC973E618,child,2,B0:CB:D8:F3:32:19,-69,0,140,140,0,0,0,0,0
142779589,NODE_F42DC973E618,child,2,B0:CB:D8:F3:32:19,-69,0,140,140,0,0,0,0,0
142879587,NODE_F42DC973E618,child,2,B0:CB:D8:F3:32:19,-69,0,140,140,0,0,0,0,0
142979583,NODE_F42DC973E618,child,2,B0:CB:D8:F3:32:19,-69,0,140,140,0,0,0,0,0
143079589,NODE_F42DC973E618,child,2,B0:CB:D8:F3:32:19,-69,0,140,140,0,0,0,0,0
143179591,NODE_F42DC973E618,child,2,B0:CB:D8:F3:32:19,-69,0,141,141,0,0,0,0,0
143279587,NODE_F42DC973E618,child,2,B0:CB:D8:F3:32:19,-69,0,141,141,0,0,0,0,0
143379597,NODE_F42DC973E618,child,2,B0:CB:D8:F3:32:19,-69,0,141,141,0,0,0,0,0
143479587,NODE_F42DC973E618,child,2,B0:CB:D8:F3:32:19,-69,0,141,141,0,0,0,0,0
143579587,NODE_F42DC973E618,child,2,B0:CB:D8:F3:32:19,-69,0,141,141,0,0,0,0,0
143679589,NODE_F42DC973E618,child,2,B0:CB:D8:F3:32:19,-69,0,141,141,0,0,0,0,0
143779579,NODE_F42DC973E618,child,2,B0:CB:D8:F3:32:19,-69,0,141,141,0,0,0,0,0
143879591,NODE_F42DC973E618,child,2,B0:CB:D8:F3:32:19,-69,0,141,141,0,0,0,0,0
143979589,NODE_F42DC973E618,child,2,B0:CB:D8:F3:32:19,-69,0,141,141,0,0,0,0,0
144079583,NODE_F42DC973E618,child,2,B0:CB:D8:F3:32:19,-69,0,141,141,0,0,0,0,0
144179587,NODE_F42DC973E618,child,2,B0:CB:D8:F3:32:19,-69,0,142,142,0,0,0,0,0
144279581,NODE_F42DC973E618,child,2,B0:CB:D8:F3:32:19,-69,0,142,142,0,0,0,0,0
144379587,NODE_F42DC973E618,child,2,B0:CB:D8:F3:32:19,-69,0,142,142,0,0,0,0,0
144479595,NODE_F42DC973E618,child,2,B0:CB:D8:F3:32:19,-68,0,142,142,0,0,0,0,0
144579593,NODE_F42DC973E618,child,2,B0:CB:D8:F3:32:19,-68,0,142,142,0,0,0,0,0
144679587,NODE_F42DC973E618,child,2,B0:CB:D8:F3:32:19,-68,0,142,142,0,0,0,0,0
144779587,NODE_F42DC973E618,child,2,B0:CB:D8:F3:32:19,-68,0,142,142,0,0,0,0,0
144879585,NODE_F42DC973E618,child,2,B0:CB:D8:F3:32:19,-68,0,142,142,0,0,0,0,0
144979583,NODE_F42DC973E618,child,2,B0:CB:D8:F3:32:19,-68,0,142,142,0,0,0,0,0
145079587,NODE_F42DC973E618,child,2,B0:CB:D8:F3:32:19,-68,0,142,142,0,0,0,0,0
145179597,NODE_F42DC973E618,child,2,B0:CB:D8:F3:32:19,-68,0,143,143,0,0,0,0,0
145279591,NODE_F42DC973E618,child,2,B0:CB:D8:F3:32:19,-68,0,143,143,0,0,0,0,0
145379583,NODE_F42DC973E618,child,2,B0:CB:D8:F3:32:19,-68,0,143,143,0,0,0,0,0
145479597,NODE_F42DC973E618,child,2,B0:CB:D8:F3:32:19,-66,0,143,143,0,0,0,0,0
145579587,NODE_F42DC973E618,child,2,B0:CB:D8:F3:32:19,-66,0,143,143,0,0,0,0,0
145679587,NODE_F42DC973E618,child,2,B0:CB:D8:F3:32:19,-66,0,143,143,0,0,0,0,0
145779581,NODE_F42DC973E618,child,2,B0:CB:D8:F3:32:19,-66,0,143,143,0,0,0,0,0
145879595,NODE_F42DC973E618,child,2,B0:CB:D8:F3:32:19,-66,0,143,143,0,0,0,0,0
145979579,NODE_F42DC973E618,child,2,B0:CB:D8:F3:32:19,-66,0,143,143,0,0,0,0,0
146079585,NODE_F42DC973E618,child,2,B0:CB:D8:F3:32:19,-66,0,143,143,0,0,0,0,0
146179591,NODE_F42DC973E618,child,2,B0:CB:D8:F3:32:19,-66,0,144,144,0,0,0,0,0
146279583,NODE_F42DC973E618,child,2,B0:CB:D8:F3:32:19,-66,0,144,144,0,0,0,0,0
146379585,NODE_F42DC973E618,child,2,B0:CB:D8:F3:32:19,-66,0,144,144,0,0,0,0,0
146479595,NODE_F42DC973E618,child,2,B0:CB:D8:F3:32:19,-66,0,144,144,0,0,0,0,0
146579591,NODE_F42DC973E618,child,2,B0:CB:D8:F3:32:19,-66,0,144,144,0,0,0,0,0
146679589,NODE_F42DC973E618,child,2,B0:CB:D8:F3:32:19,-66,0,144,144,0,0,0,0,0
146779583,NODE_F42DC973E618,child,2,B0:CB:D8:F3:32:19,-66,0,144,144,0,0,0,0,0
146879583,NODE_F42DC973E618,child,2,B0:CB:D8:F3:32:19,-66,0,144,144,0,0,0,0,0
146979589,NODE_F42DC973E618,child,2,B0:CB:D8:F3:32:19,-66,0,144,144,0,0,0,0,0
147079587,NODE_F42DC973E618,child,2,B0:CB:D8:F3:32:19,-66,0,144,144,0,0,0,0,0
147179595,NODE_F42DC973E618,child,2,B0:CB:D8:F3:32:19,-66,0,144,144,0,0,0,0,0
147279585,NODE_F42DC973E618,child,2,B0:CB:D8:F3:32:19,-66,0,145,145,0,0,0,0,0
147379583,NODE_F42DC973E618,child,2,B0:CB:D8:F3:32:19,-66,0,145,145,0,0,0,0,0
147479595,NODE_F42DC973E618,child,2,B0:CB:D8:F3:32:19,-67,0,145,145,0,0,0,0,0
147579589,NODE_F42DC973E618,child,2,B0:CB:D8:F3:32:19,-67,0,145,145,0,0,0,0,0
147679587,NODE_F42DC973E618,child,2,B0:CB:D8:F3:32:19,-67,0,145,145,0,0,0,0,0
147779587,NODE_F42DC973E618,child,2,B0:CB:D8:F3:32:19,-67,0,145,145,0,0,0,0,0
147879593,NODE_F42DC973E618,child,2,B0:CB:D8:F3:32:19,-67,0,145,145,0,0,0,0,0
147979587,NODE_F42DC973E618,child,2,B0:CB:D8:F3:32:19,-67,0,145,145,0,0,0,0,0
148079583,NODE_F42DC973E618,child,2,B0:CB:D8:F3:32:19,-67,0,145,145,0,0,0,0,0
148180372,NODE_F42DC973E618,child,2,B0:CB:D8:F3:32:19,-67,0,145,145,0,0,0,0,0
148279591,NODE_F42DC973E618,child,2,B0:CB:D8:F3:32:19,-67,0,146,146,0,0,0,0,0
148379587,NODE_F42DC973E618,child,2,B0:CB:D8:F3:32:19,-67,0,146,146,0,0,0,0,0
148479585,NODE_F42DC973E618,child,2,B0:CB:D8:F3:32:19,-67,0,146,146,0,0,0,0,0
148579595,NODE_F42DC973E618,child,2,B0:CB:D8:F3:32:19,-67,0,146,146,0,0,0,0,0
148679587,NODE_F42DC973E618,child,2,B0:CB:D8:F3:32:19,-67,0,146,146,0,0,0,0,0
148779589,NODE_F42DC973E618,child,2,B0:CB:D8:F3:32:19,-67,0,146,146,0,0,0,0,0
148879591,NODE_F42DC973E618,child,2,B0:CB:D8:F3:32:19,-67,0,146,146,0,0,0,0,0
148979587,NODE_F42DC973E618,child,2,B0:CB:D8:F3:32:19,-67,0,146,146,0,0,0,0,0
149079589,NODE_F42DC973E618,child,2,B0:CB:D8:F3:32:19,-67,0,146,146,0,0,0,0,0
149180366,NODE_F42DC973E618,child,2,B0:CB:D8:F3:32:19,-67,0,146,146,0,0,0,0,0
149279595,NODE_F42DC973E618,child,2,B0:CB:D8:F3:32:19,-67,0,147,147,0,0,0,0,0
149379593,NODE_F42DC973E618,child,2,B0:CB:D8:F3:32:19,-67,0,147,147,0,0,0,0,0
149479587,NODE_F42DC973E618,child,2,B0:CB:D8:F3:32:19,-67,0,147,147,0,0,0,0,0
149579595,NODE_F42DC973E618,child,2,B0:CB:D8:F3:32:19,-66,0,147,147,0,0,0,0,0
149679589,NODE_F42DC973E618,child,2,B0:CB:D8:F3:32:19,-66,0,147,147,0,0,0,0,0
149779587,NODE_F42DC973E618,child,2,B0:CB:D8:F3:32:19,-66,0,147,147,0,0,0,0,0
149879591,NODE_F42DC973E618,child,2,B0:CB:D8:F3:32:19,-66,0,147,147,0,0,0,0,0
149979593,NODE_F42DC973E618,child,2,B0:CB:D8:F3:32:19,-66,0,147,147,0,0,0,0,0
150079587,NODE_F42DC973E618,child,2,B0:CB:D8:F3:32:19,-66,0,147,147,0,0,0,0,0
150179587,NODE_F42DC973E618,child,2,B0:CB:D8:F3:32:19,-66,0,147,147,0,0,0,0,0
150279593,NODE_F42DC973E618,child,2,B0:CB:D8:F3:32:19,-66,0,148,148,0,0,0,0,0
150379591,NODE_F42DC973E618,child,2,B0:CB:D8:F3:32:19,-66,0,148,148,0,0,0,0,0
150479587,NODE_F42DC973E618,child,2,B0:CB:D8:F3:32:19,-66,0,148,148,0,0,0,0,0
150579601,NODE_F42DC973E618,child,2,B0:CB:D8:F3:32:19,-66,0,148,148,0,0,0,0,0
150679587,NODE_F42DC973E618,child,2,B0:CB:D8:F3:32:19,-66,0,148,148,0,0,0,0,0
150779587,NODE_F42DC973E618,child,2,B0:CB:D8:F3:32:19,-66,0,148,148,0,0,0,0,0
150879589,NODE_F42DC973E618,child,2,B0:CB:D8:F3:32:19,-66,0,148,148,0,0,0,0,0
150979587,NODE_F42DC973E618,child,2,B0:CB:D8:F3:32:19,-66,0,148,148,0,0,0,0,0
151079587,NODE_F42DC973E618,child,2,B0:CB:D8:F3:32:19,-66,0,148,148,0,0,0,0,0
151179593,NODE_F42DC973E618,child,2,B0:CB:D8:F3:32:19,-66,0,148,148,0,0,0,0,0
151279591,NODE_F42DC973E618,child,2,B0:CB:D8:F3:32:19,-66,0,149,149,0,0,0,0,0
151379591,NODE_F42DC973E618,child,2,B0:CB:D8:F3:32:19,-66,0,149,149,0,0,0,0,0
151479589,NODE_F42DC973E618,child,2,B0:CB:D8:F3:32:19,-66,0,149,149,0,0,0,0,0
151579595,NODE_F42DC973E618,child,2,B0:CB:D8:F3:32:19,-67,0,149,149,0,0,0,0,0
151679674,NODE_F42DC973E618,child,2,B0:CB:D8:F3:32:19,-67,0,149,149,0,0,0,0,0
151779589,NODE_F42DC973E618,child,2,B0:CB:D8:F3:32:19,-67,0,149,149,0,0,0,0,0
151879595,NODE_F42DC973E618,child,2,B0:CB:D8:F3:32:19,-67,0,149,149,0,0,0,0,0
151979587,NODE_F42DC973E618,child,2,B0:CB:D8:F3:32:19,-67,0,149,149,0,0,0,0,0
152079589,NODE_F42DC973E618,child,2,B0:CB:D8:F3:32:19,-67,0,149,149,0,0,0,0,0
152179587,NODE_F42DC973E618,child,2,B0:CB:D8:F3:32:19,-67,0,149,149,0,0,0,0,0
152279591,NODE_F42DC973E618,child,2,B0:CB:D8:F3:32:19,-67,0,150,150,0,0,0,0,0
152379597,NODE_F42DC973E618,child,2,B0:CB:D8:F3:32:19,-67,0,150,150,0,0,0,0,0
152479587,NODE_F42DC973E618,child,2,B0:CB:D8:F3:32:19,-67,0,150,150,0,0,0,0,0
152579595,NODE_F42DC973E618,child,2,B0:CB:D8:F3:32:19,-66,0,150,150,0,0,0,0,0
152679589,NODE_F42DC973E618,child,2,B0:CB:D8:F3:32:19,-66,0,150,150,0,0,0,0,0
152779587,NODE_F42DC973E618,child,2,B0:CB:D8:F3:32:19,-66,0,150,150,0,0,0,0,0
152879587,NODE_F42DC973E618,child,2,B0:CB:D8:F3:32:19,-66,0,150,150,0,0,0,0,0
152979589,NODE_F42DC973E618,child,2,B0:CB:D8:F3:32:19,-66,0,150,150,0,0,0,0,0
153079591,NODE_F42DC973E618,child,2,B0:CB:D8:F3:32:19,-66,0,150,150,0,0,0,0,0
153179587,NODE_F42DC973E618,child,2,B0:CB:D8:F3:32:19,-66,0,150,150,0,0,0,0,0
153279593,NODE_F42DC973E618,child,2,B0:CB:D8:F3:32:19,-66,0,151,151,0,0,0,0,0
153379587,NODE_F42DC973E618,child,2,B0:CB:D8:F3:32:19,-66,0,151,151,0,0,0,0,0
153479591,NODE_F42DC973E618,child,2,B0:CB:D8:F3:32:19,-66,0,151,151,0,0,0,0,0
153579589,NODE_F42DC973E618,child,2,B0:CB:D8:F3:32:19,-66,0,151,151,0,0,0,0,0
153679599,NODE_F42DC973E618,child,2,B0:CB:D8:F3:32:19,-66,0,151,151,0,0,0,0,0
153779587,NODE_F42DC973E618,child,2,B0:CB:D8:F3:32:19,-66,0,151,151,0,0,0,0,0
153879589,NODE_F42DC973E618,child,2,B0:CB:D8:F3:32:19,-66,0,151,151,0,0,0,0,0
153979587,NODE_F42DC973E618,child,2,B0:CB:D8:F3:32:19,-66,0,151,151,0,0,0,0,0
154079587,NODE_F42DC973E618,child,2,B0:CB:D8:F3:32:19,-66,0,151,151,0,0,0,0,0
154179589,NODE_F42DC973E618,child,2,B0:CB:D8:F3:32:19,-66,0,151,151,0,0,0,0,0
154279591,NODE_F42DC973E618,child,2,B0:CB:D8:F3:32:19,-66,0,152,152,0,0,0,0,0
154379591,NODE_F42DC973E618,child,2,B0:CB:D8:F3:32:19,-66,0,152,152,0,0,0,0,0
154479593,NODE_F42DC973E618,child,2,B0:CB:D8:F3:32:19,-66,0,152,152,0,0,0,0,0
154579587,NODE_F42DC973E618,child,2,B0:CB:D8:F3:32:19,-66,0,152,152,0,0,0,0,0
154679591,NODE_F42DC973E618,child,2,B0:CB:D8:F3:32:19,-66,0,152,152,0,0,0,0,0
154779589,NODE_F42DC973E618,child,2,B0:CB:D8:F3:32:19,-66,0,152,152,0,0,0,0,0
154879591,NODE_F42DC973E618,child,2,B0:CB:D8:F3:32:19,-66,0,152,152,0,0,0,0,0
154979587,NODE_F42DC973E618,child,2,B0:CB:D8:F3:32:19,-66,0,152,152,0,0,0,0,0
155079593,NODE_F42DC973E618,child,2,B0:CB:D8:F3:32:19,-66,0,152,152,0,0,0,0,0
155179591,NODE_F42DC973E618,child,2,B0:CB:D8:F3:32:19,-66,0,152,152,0,0,0,0,0
155279591,NODE_F42DC973E618,child,2,B0:CB:D8:F3:32:19,-66,0,153,153,0,0,0,0,0
155379589,NODE_F42DC973E618,child,2,B0:CB:D8:F3:32:19,-66,0,153,153,0,0,0,0,0
155479591,NODE_F42DC973E618,child,2,B0:CB:D8:F3:32:19,-66,0,153,153,0,0,0,0,0
155579587,NODE_F42DC973E618,child,2,B0:CB:D8:F3:32:19,-66,0,153,153,0,0,0,0,0
155679601,NODE_F42DC973E618,child,2,B0:CB:D8:F3:32:19,-64,0,153,153,0,0,0,0,0
155779587,NODE_F42DC973E618,child,2,B0:CB:D8:F3:32:19,-64,0,153,153,0,0,0,0,0
155879587,NODE_F42DC973E618,child,2,B0:CB:D8:F3:32:19,-64,0,153,153,0,0,0,0,0
155979589,NODE_F42DC973E618,child,2,B0:CB:D8:F3:32:19,-64,0,153,153,0,0,0,0,0
156079583,NODE_F42DC973E618,child,2,B0:CB:D8:F3:32:19,-64,0,153,153,0,0,0,0,0
156179587,NODE_F42DC973E618,child,2,B0:CB:D8:F3:32:19,-64,0,153,153,0,0,0,0,0
156279593,NODE_F42DC973E618,child,2,B0:CB:D8:F3:32:19,-64,0,154,154,0,0,0,0,0
156379591,NODE_F42DC973E618,child,2,B0:CB:D8:F3:32:19,-64,0,154,154,0,0,0,0,0
156479591,NODE_F42DC973E618,child,2,B0:CB:D8:F3:32:19,-64,0,154,154,0,0,0,0,0
156579589,NODE_F42DC973E618,child,2,B0:CB:D8:F3:32:19,-64,0,154,154,0,0,0,0,0
156679607,NODE_F42DC973E618,child,2,B0:CB:D8:F3:32:19,-65,0,154,154,0,0,0,0,0
156779587,NODE_F42DC973E618,child,2,B0:CB:D8:F3:32:19,-65,0,154,154,0,0,0,0,0
156879589,NODE_F42DC973E618,child,2,B0:CB:D8:F3:32:19,-65,0,154,154,0,0,0,0,0
156979591,NODE_F42DC973E618,child,2,B0:CB:D8:F3:32:19,-65,0,154,154,0,0,0,0,0
157079591,NODE_F42DC973E618,child,2,B0:CB:D8:F3:32:19,-65,0,154,154,0,0,0,0,0
157179589,NODE_F42DC973E618,child,2,B0:CB:D8:F3:32:19,-65,0,154,154,0,0,0,0,0
157279591,NODE_F42DC973E618,child,2,B0:CB:D8:F3:32:19,-65,0,155,155,0,0,0,0,0
157379587,NODE_F42DC973E618,child,2,B0:CB:D8:F3:32:19,-65,0,155,155,0,0,0,0,0
157479589,NODE_F42DC973E618,child,2,B0:CB:D8:F3:32:19,-65,0,155,155,0,0,0,0,0
157579583,NODE_F42DC973E618,child,2,B0:CB:D8:F3:32:19,-65,0,155,155,0,0,0,0,0
157679591,NODE_F42DC973E618,child,2,B0:CB:D8:F3:32:19,-65,0,155,155,0,0,0,0,0
157779597,NODE_F42DC973E618,child,2,B0:CB:D8:F3:32:19,-66,0,155,155,0,0,0,0,0
157879591,NODE_F42DC973E618,child,2,B0:CB:D8:F3:32:19,-66,0,155,155,0,0,0,0,0
157979587,NODE_F42DC973E618,child,2,B0:CB:D8:F3:32:19,-66,0,155,155,0,0,0,0,0
158079589,NODE_F42DC973E618,child,2,B0:CB:D8:F3:32:19,-66,0,155,155,0,0,0,0,0
158179587,NODE_F42DC973E618,child,2,B0:CB:D8:F3:32:19,-66,0,155,155,0,0,0,0,0
158279591,NODE_F42DC973E618,child,2,B0:CB:D8:F3:32:19,-66,0,156,156,0,0,0,0,0
158379593,NODE_F42DC973E618,child,2,B0:CB:D8:F3:32:19,-66,0,156,156,0,0,0,0,0
158479587,NODE_F42DC973E618,child,2,B0:CB:D8:F3:32:19,-66,0,156,156,0,0,0,0,0
158579591,NODE_F42DC973E618,child,2,B0:CB:D8:F3:32:19,-66,0,156,156,0,0,0,0,0
158679589,NODE_F42DC973E618,child,2,B0:CB:D8:F3:32:19,-66,0,156,156,0,0,0,0,0
158779595,NODE_F42DC973E618,child,2,B0:CB:D8:F3:32:19,-66,0,156,156,0,0,0,0,0
158879587,NODE_F42DC973E618,child,2,B0:CB:D8:F3:32:19,-66,0,156,156,0,0,0,0,0
158979589,NODE_F42DC973E618,child,2,B0:CB:D8:F3:32:19,-66,0,156,156,0,0,0,0,0
159079591,NODE_F42DC973E618,child,2,B0:CB:D8:F3:32:19,-66,0,156,156,0,0,0,0,0
159179587,NODE_F42DC973E618,child,2,B0:CB:D8:F3:32:19,-66,0,156,156,0,0,0,0,0
159279593,NODE_F42DC973E618,child,2,B0:CB:D8:F3:32:19,-66,0,157,157,0,0,0,0,0
159379587,NODE_F42DC973E618,child,2,B0:CB:D8:F3:32:19,-66,0,157,157,0,0,0,0,0
159479587,NODE_F42DC973E618,child,2,B0:CB:D8:F3:32:19,-66,0,157,157,0,0,0,0,0
159579593,NODE_F42DC973E618,child,2,B0:CB:D8:F3:32:19,-66,0,157,157,0,0,0,0,0
159679591,NODE_F42DC973E618,child,2,B0:CB:D8:F3:32:19,-66,0,157,157,0,0,0,0,0
159779595,NODE_F42DC973E618,child,2,B0:CB:D8:F3:32:19,-65,0,157,157,0,0,0,0,0
159879589,NODE_F42DC973E618,child,2,B0:CB:D8:F3:32:19,-65,0,157,157,0,0,0,0,0
159979587,NODE_F42DC973E618,child,2,B0:CB:D8:F3:32:19,-65,0,157,157,0,0,0,0,0
160079587,NODE_F42DC973E618,child,2,B0:CB:D8:F3:32:19,-65,0,157,157,0,0,0,0,0
160179593,NODE_F42DC973E618,child,2,B0:CB:D8:F3:32:19,-65,0,157,157,0,0,0,0,0
160279591,NODE_F42DC973E618,child,2,B0:CB:D8:F3:32:19,-65,0,158,158,0,0,0,0,0
160379591,NODE_F42DC973E618,child,2,B0:CB:D8:F3:32:19,-65,0,158,158,0,0,0,0,0
160479589,NODE_F42DC973E618,child,2,B0:CB:D8:F3:32:19,-65,0,158,158,0,0,0,0,0
160579591,NODE_F42DC973E618,child,2,B0:CB:D8:F3:32:19,-65,0,158,158,0,0,0,0,0
160679587,NODE_F42DC973E618,child,2,B0:CB:D8:F3:32:19,-65,0,158,158,0,0,0,0,0
160779597,NODE_F42DC973E618,child,2,B0:CB:D8:F3:32:19,-67,0,158,158,0,0,0,0,0
160879591,NODE_F42DC973E618,child,2,B0:CB:D8:F3:32:19,-67,0,158,158,0,0,0,0,0
160979587,NODE_F42DC973E618,child,2,B0:CB:D8:F3:32:19,-67,0,158,158,0,0,0,0,0
161079593,NODE_F42DC973E618,child,2,B0:CB:D8:F3:32:19,-67,0,158,158,0,0,0,0,0
161179587,NODE_F42DC973E618,child,2,B0:CB:D8:F3:32:19,-67,0,158,158,0,0,0,0,0
161279591,NODE_F42DC973E618,child,2,B0:CB:D8:F3:32:19,-67,0,159,159,0,0,0,0,0
161379606,NODE_F42DC973E618,child,2,B0:CB:D8:F3:32:19,-67,0,159,159,0,0,0,0,0
161479579,NODE_F42DC973E618,child,2,B0:CB:D8:F3:32:19,-67,0,159,159,0,0,0,0,0
161579698,NODE_F42DC973E618,child,2,B0:CB:D8:F3:32:19,-67,0,159,159,0,0,0,0,0
161679593,NODE_F42DC973E618,child,2,B0:CB:D8:F3:32:19,-67,0,159,159,0,0,0,0,0
161779587,NODE_F42DC973E618,child,2,B0:CB:D8:F3:32:19,-67,0,159,159,0,0,0,0,0
161879595,NODE_F42DC973E618,child,2,B0:CB:D8:F3:32:19,-66,0,159,159,0,0,0,0,0
161979577,NODE_F42DC973E618,child,2,B0:CB:D8:F3:32:19,-66,0,159,159,0,0,0,0,0
162079587,NODE_F42DC973E618,child,2,B0:CB:D8:F3:32:19,-66,0,159,159,0,0,0,0,0
162179587,NODE_F42DC973E618,child,2,B0:CB:D8:F3:32:19,-66,0,159,159,0,0,0,0,0
162279593,NODE_F42DC973E618,child,2,B0:CB:D8:F3:32:19,-66,0,160,160,0,0,0,0,0
162379591,NODE_F42DC973E618,child,2,B0:CB:D8:F3:32:19,-66,0,160,160,0,0,0,0,0
162479579,NODE_F42DC973E618,child,2,B0:CB:D8:F3:32:19,-66,0,160,160,0,0,0,0,0
162579585,NODE_F42DC973E618,child,2,B0:CB:D8:F3:32:19,-66,0,160,160,0,0,0,0,0
162679583,NODE_F42DC973E618,child,2,B0:CB:D8:F3:32:19,-66,0,160,160,0,0,0,0,0
162779579,NODE_F42DC973E618,child,2,B0:CB:D8:F3:32:19,-66,0,160,160,0,0,0,0,0
162879593,NODE_F42DC973E618,child,2,B0:CB:D8:F3:32:19,-66,0,160,160,0,0,0,0,0
162979583,NODE_F42DC973E618,child,2,B0:CB:D8:F3:32:19,-66,0,160,160,0,0,0,0,0
163079591,NODE_F42DC973E618,child,2,B0:CB:D8:F3:32:19,-66,0,160,160,0,0,0,0,0
163179589,NODE_F42DC973E618,child,2,B0:CB:D8:F3:32:19,-66,0,160,160,0,0,0,0,0
163279591,NODE_F42DC973E618,child,2,B0:CB:D8:F3:32:19,-66,0,161,161,0,0,0,0,0
163379587,NODE_F42DC973E618,child,2,B0:CB:D8:F3:32:19,-66,0,161,161,0,0,0,0,0
163479589,NODE_F42DC973E618,child,2,B0:CB:D8:F3:32:19,-66,0,161,161,0,0,0,0,0
163579591,NODE_F42DC973E618,child,2,B0:CB:D8:F3:32:19,-66,0,161,161,0,0,0,0,0
163679591,NODE_F42DC973E618,child,2,B0:CB:D8:F3:32:19,-66,0,161,161,0,0,0,0,0
163779589,NODE_F42DC973E618,child,2,B0:CB:D8:F3:32:19,-66,0,161,161,0,0,0,0,0
163879595,NODE_F42DC973E618,child,2,B0:CB:D8:F3:32:19,-67,0,161,161,0,0,0,0,0
163979583,NODE_F42DC973E618,child,2,B0:CB:D8:F3:32:19,-67,0,161,161,0,0,0,0,0
164079589,NODE_F42DC973E618,child,2,B0:CB:D8:F3:32:19,-67,0,161,161,0,0,0,0,0
164179591,NODE_F42DC973E618,child,2,B0:CB:D8:F3:32:19,-67,0,161,161,0,0,0,0,0
164279591,NODE_F42DC973E618,child,2,B0:CB:D8:F3:32:19,-67,0,162,162,0,0,0,0,0
164379589,NODE_F42DC973E618,child,2,B0:CB:D8:F3:32:19,-67,0,162,162,0,0,0,0,0
164479587,NODE_F42DC973E618,child,2,B0:CB:D8:F3:32:19,-67,0,162,162,0,0,0,0,0
164579587,NODE_F42DC973E618,child,2,B0:CB:D8:F3:32:19,-67,0,162,162,0,0,0,0,0
164679593,NODE_F42DC973E618,child,2,B0:CB:D8:F3:32:19,-67,0,162,162,0,0,0,0,0
164779587,NODE_F42DC973E618,child,2,B0:CB:D8:F3:32:19,-67,0,162,162,0,0,0,0,0
164879599,NODE_F42DC973E618,child,2,B0:CB:D8:F3:32:19,-63,0,162,162,0,0,0,0,0
164979581,NODE_F42DC973E618,child,2,B0:CB:D8:F3:32:19,-63,0,162,162,0,0,0,0,0
165079587,NODE_F42DC973E618,child,2,B0:CB:D8:F3:32:19,-63,0,162,162,0,0,0,0,0
165179587,NODE_F42DC973E618,child,2,B0:CB:D8:F3:32:19,-63,0,162,162,0,0,0,0,0
165279593,NODE_F42DC973E618,child,2,B0:CB:D8:F3:32:19,-63,0,163,163,0,0,0,0,0
165379587,NODE_F42DC973E618,child,2,B0:CB:D8:F3:32:19,-63,0,163,163,0,0,0,0,0
165479579,NODE_F42DC973E618,child,2,B0:CB:D8:F3:32:19,-63,0,163,163,0,0,0,0,0
165579593,NODE_F42DC973E618,child,2,B0:CB:D8:F3:32:19,-63,0,163,163,0,0,0,0,0
165679587,NODE_F42DC973E618,child,2,B0:CB:D8:F3:32:19,-63,0,163,163,0,0,0,0,0
165779587,NODE_F42DC973E618,child,2,B0:CB:D8:F3:32:19,-63,0,163,163,0,0,0,0,0
165879589,NODE_F42DC973E618,child,2,B0:CB:D8:F3:32:19,-63,0,163,163,0,0,0,0,0
165979591,NODE_F42DC973E618,child,2,B0:CB:D8:F3:32:19,-63,0,163,163,0,0,0,0,0
166079587,NODE_F42DC973E618,child,2,B0:CB:D8:F3:32:19,-63,0,163,163,0,0,0,0,0
166179593,NODE_F42DC973E618,child,2,B0:CB:D8:F3:32:19,-63,0,163,163,0,0,0,0,0
166279583,NODE_F42DC973E618,child,2,B0:CB:D8:F3:32:19,-63,0,164,164,0,0,0,0,0
166379587,NODE_F42DC973E618,child,2,B0:CB:D8:F3:32:19,-63,0,164,164,0,0,0,0,0
166479589,NODE_F42DC973E618,child,2,B0:CB:D8:F3:32:19,-63,0,164,164,0,0,0,0,0
166579583,NODE_F42DC973E618,child,2,B0:CB:D8:F3:32:19,-63,0,164,164,0,0,0,0,0
166679587,NODE_F42DC973E618,child,2,B0:CB:D8:F3:32:19,-63,0,164,164,0,0,0,0,0
166779593,NODE_F42DC973E618,child,2,B0:CB:D8:F3:32:19,-63,0,164,164,0,0,0,0,0
166879595,NODE_F42DC973E618,child,2,B0:CB:D8:F3:32:19,-63,0,164,164,0,0,0,0,0
166979595,NODE_F42DC973E618,child,2,B0:CB:D8:F3:32:19,-65,0,164,164,0,0,0,0,0
167079585,NODE_F42DC973E618,child,2,B0:CB:D8:F3:32:19,-65,0,164,164,0,0,0,0,0
167179587,NODE_F42DC973E618,child,2,B0:CB:D8:F3:32:19,-65,0,164,164,0,0,0,0,0
167279591,NODE_F42DC973E618,child,2,B0:CB:D8:F3:32:19,-65,0,165,165,0,0,0,0,0
167379589,NODE_F42DC973E618,child,2,B0:CB:D8:F3:32:19,-65,0,165,165,0,0,0,0,0
167479587,NODE_F42DC973E618,child,2,B0:CB:D8:F3:32:19,-65,0,165,165,0,0,0,0,0
167579591,NODE_F42DC973E618,child,2,B0:CB:D8:F3:32:19,-65,0,165,165,0,0,0,0,0
167679585,NODE_F42DC973E618,child,2,B0:CB:D8:F3:32:19,-65,0,165,165,0,0,0,0,0
167779587,NODE_F42DC973E618,child,2,B0:CB:D8:F3:32:19,-65,0,165,165,0,0,0,0,0
167879583,NODE_F42DC973E618,child,2,B0:CB:D8:F3:32:19,-65,0,165,165,0,0,0,0,0
167979597,NODE_F42DC973E618,child,2,B0:CB:D8:F3:32:19,-66,0,165,165,0,0,0,0,0
168079583,NODE_F42DC973E618,child,2,B0:CB:D8:F3:32:19,-66,0,165,165,0,0,0,0,0
168179591,NODE_F42DC973E618,child,2,B0:CB:D8:F3:32:19,-66,0,165,165,0,0,0,0,0
168279585,NODE_F42DC973E618,child,2,B0:CB:D8:F3:32:19,-66,0,166,166,0,0,0,0,0
168379587,NODE_F42DC973E618,child,2,B0:CB:D8:F3:32:19,-66,0,166,166,0,0,0,0,0
168479587,NODE_F42DC973E618,child,2,B0:CB:D8:F3:32:19,-66,0,166,166,0,0,0,0,0
168579589,NODE_F42DC973E618,child,2,B0:CB:D8:F3:32:19,-66,0,166,166,0,0,0,0,0
168679587,NODE_F42DC973E618,child,2,B0:CB:D8:F3:32:19,-66,0,166,166,0,0,0,0,0
168779591,NODE_F42DC973E618,child,2,B0:CB:D8:F3:32:19,-66,0,166,166,0,0,0,0,0
168879593,NODE_F42DC973E618,child,2,B0:CB:D8:F3:32:19,-66,0,166,166,0,0,0,0,0
168979595,NODE_F42DC973E618,child,2,B0:CB:D8:F3:32:19,-64,0,166,166,0,0,0,0,0
169079587,NODE_F42DC973E618,child,2,B0:CB:D8:F3:32:19,-64,0,166,166,0,0,0,0,0
169179589,NODE_F42DC973E618,child,2,B0:CB:D8:F3:32:19,-64,0,166,166,0,0,0,0,0
169279591,NODE_F42DC973E618,child,2,B0:CB:D8:F3:32:19,-64,0,167,167,0,0,0,0,0
169379587,NODE_F42DC973E618,child,2,B0:CB:D8:F3:32:19,-64,0,167,167,0,0,0,0,0
169479589,NODE_F42DC973E618,child,2,B0:CB:D8:F3:32:19,-64,0,167,167,0,0,0,0,0
169579591,NODE_F42DC973E618,child,2,B0:CB:D8:F3:32:19,-64,0,167,167,0,0,0,0,0
169679587,NODE_F42DC973E618,child,2,B0:CB:D8:F3:32:19,-64,0,167,167,0,0,0,0,0
169779593,NODE_F42DC973E618,child,2,B0:CB:D8:F3:32:19,-64,0,167,167,0,0,0,0,0
169879591,NODE_F42DC973E618,child,2,B0:CB:D8:F3:32:19,-64,0,167,167,0,0,0,0,0
169980280,NODE_F42DC973E618,child,2,B0:CB:D8:F3:32:19,-67,0,167,167,0,0,0,0,0
170079593,NODE_F42DC973E618,child,2,B0:CB:D8:F3:32:19,-67,0,167,167,0,0,0,0,0
170179591,NODE_F42DC973E618,child,2,B0:CB:D8:F3:32:19,-67,0,167,167,0,0,0,0,0
170279591,NODE_F42DC973E618,child,2,B0:CB:D8:F3:32:19,-67,0,168,168,0,0,0,0,0
170379589,NODE_F42DC973E618,child,2,B0:CB:D8:F3:32:19,-67,0,168,168,0,0,0,0,0
170479587,NODE_F42DC973E618,child,2,B0:CB:D8:F3:32:19,-67,0,168,168,0,0,0,0,0
170579587,NODE_F42DC973E618,child,2,B0:CB:D8:F3:32:19,-67,0,168,168,0,0,0,0,0
170679589,NODE_F42DC973E618,child,2,B0:CB:D8:F3:32:19,-67,0,168,168,0,0,0,0,0
170779587,NODE_F42DC973E618,child,2,B0:CB:D8:F3:32:19,-67,0,168,168,0,0,0,0,0
170879595,NODE_F42DC973E618,child,2,B0:CB:D8:F3:32:19,-67,0,168,168,0,0,0,0,0
170979593,NODE_F42DC973E618,child,2,B0:CB:D8:F3:32:19,-67,0,168,168,0,0,0,0,0
171079591,NODE_F42DC973E618,child,2,B0:CB:D8:F3:32:19,-67,0,168,168,0,0,0,0,0
171179591,NODE_F42DC973E618,child,2,B0:CB:D8:F3:32:19,-67,0,168,168,0,0,0,0,0
171279593,NODE_F42DC973E618,child,2,B0:CB:D8:F3:32:19,-67,0,169,169,0,0,0,0,0
171379587,NODE_F42DC973E618,child,2,B0:CB:D8:F3:32:19,-67,0,169,169,0,0,0,0,0
171479587,NODE_F42DC973E618,child,2,B0:CB:D8:F3:32:19,-67,0,169,169,0,0,0,0,0
171579593,NODE_F42DC973E618,child,2,B0:CB:D8:F3:32:19,-67,0,169,169,0,0,0,0,0
171679587,NODE_F42DC973E618,child,2,B0:CB:D8:F3:32:19,-67,0,169,169,0,0,0,0,0
171779587,NODE_F42DC973E618,child,2,B0:CB:D8:F3:32:19,-67,0,169,169,0,0,0,0,0
171879593,NODE_F42DC973E618,child,2,B0:CB:D8:F3:32:19,-67,0,169,169,0,0,0,0,0
171979587,NODE_F42DC973E618,child,2,B0:CB:D8:F3:32:19,-67,0,169,169,0,0,0,0,0
172079595,NODE_F42DC973E618,child,2,B0:CB:D8:F3:32:19,-68,0,169,169,0,0,0,0,0
172179593,NODE_F42DC973E618,child,2,B0:CB:D8:F3:32:19,-68,0,169,169,0,0,0,0,0
172279591,NODE_F42DC973E618,child,2,B0:CB:D8:F3:32:19,-68,0,170,170,0,0,0,0,0
172379587,NODE_F42DC973E618,child,2,B0:CB:D8:F3:32:19,-68,0,170,170,0,0,0,0,0
172479589,NODE_F42DC973E618,child,2,B0:CB:D8:F3:32:19,-68,0,170,170,0,0,0,0,0
172579587,NODE_F42DC973E618,child,2,B0:CB:D8:F3:32:19,-68,0,170,170,0,0,0,0,0
172679587,NODE_F42DC973E618,child,2,B0:CB:D8:F3:32:19,-68,0,170,170,0,0,0,0,0
172779589,NODE_F42DC973E618,child,2,B0:CB:D8:F3:32:19,-68,0,170,170,0,0,0,0,0
172879595,NODE_F42DC973E618,child,2,B0:CB:D8:F3:32:19,-68,0,170,170,0,0,0,0,0
172979587,NODE_F42DC973E618,child,2,B0:CB:D8:F3:32:19,-68,0,170,170,0,0,0,0,0
173079597,NODE_F42DC973E618,child,2,B0:CB:D8:F3:32:19,-68,0,170,170,0,0,0,0,0
173179587,NODE_F42DC973E618,child,2,B0:CB:D8:F3:32:19,-68,0,170,170,0,0,0,0,0
173279591,NODE_F42DC973E618,child,2,B0:CB:D8:F3:32:19,-68,0,171,171,0,0,0,0,0
173379593,NODE_F42DC973E618,child,2,B0:CB:D8:F3:32:19,-68,0,171,171,0,0,0,0,0
173479587,NODE_F42DC973E618,child,2,B0:CB:D8:F3:32:19,-68,0,171,171,0,0,0,0,0
173579587,NODE_F42DC973E618,child,2,B0:CB:D8:F3:32:19,-68,0,171,171,0,0,0,0,0
173679589,NODE_F42DC973E618,child,2,B0:CB:D8:F3:32:19,-68,0,171,171,0,0,0,0,0
173779587,NODE_F42DC973E618,child,2,B0:CB:D8:F3:32:19,-68,0,171,171,0,0,0,0,0
173879591,NODE_F42DC973E618,child,2,B0:CB:D8:F3:32:19,-68,0,171,171,0,0,0,0,0
173979589,NODE_F42DC973E618,child,2,B0:CB:D8:F3:32:19,-68,0,171,171,0,0,0,0,0
174079591,NODE_F42DC973E618,child,2,B0:CB:D8:F3:32:19,-68,0,171,171,0,0,0,0,0
174179595,NODE_F42DC973E618,child,2,B0:CB:D8:F3:32:19,-68,0,171,171,0,0,0,0,0
174279593,NODE_F42DC973E618,child,2,B0:CB:D8:F3:32:19,-68,0,172,172,0,0,0,0,0
174379587,NODE_F42DC973E618,child,2,B0:CB:D8:F3:32:19,-68,0,172,172,0,0,0,0,0
174479587,NODE_F42DC973E618,child,2,B0:CB:D8:F3:32:19,-68,0,172,172,0,0,0,0,0
174579589,NODE_F42DC973E618,child,2,B0:CB:D8:F3:32:19,-68,0,172,172,0,0,0,0,0
174679591,NODE_F42DC973E618,child,2,B0:CB:D8:F3:32:19,-68,0,172,172,0,0,0,0,0
174779587,NODE_F42DC973E618,child,2,B0:CB:D8:F3:32:19,-68,0,172,172,0,0,0,0,0
174879589,NODE_F42DC973E618,child,2,B0:CB:D8:F3:32:19,-68,0,172,172,0,0,0,0,0
174979591,NODE_F42DC973E618,child,2,B0:CB:D8:F3:32:19,-68,0,172,172,0,0,0,0,0
175079587,NODE_F42DC973E618,child,2,B0:CB:D8:F3:32:19,-68,0,172,172,0,0,0,0,0
175179597,NODE_F42DC973E618,child,2,B0:CB:D8:F3:32:19,-69,0,172,172,0,0,0,0,0
175279591,NODE_F42DC973E618,child,2,B0:CB:D8:F3:32:19,-69,0,173,173,0,0,0,0,0
175379591,NODE_F42DC973E618,child,2,B0:CB:D8:F3:32:19,-69,0,173,173,0,0,0,0,0
175479589,NODE_F42DC973E618,child,2,B0:CB:D8:F3:32:19,-69,0,173,173,0,0,0,0,0
175579587,NODE_F42DC973E618,child,2,B0:CB:D8:F3:32:19,-69,0,173,173,0,0,0,0,0
175679587,NODE_F42DC973E618,child,2,B0:CB:D8:F3:32:19,-69,0,173,173,0,0,0,0,0
175779589,NODE_F42DC973E618,child,2,B0:CB:D8:F3:32:19,-69,0,173,173,0,0,0,0,0
175879591,NODE_F42DC973E618,child,2,B0:CB:D8:F3:32:19,-69,0,173,173,0,0,0,0,0
175979591,NODE_F42DC973E618,child,2,B0:CB:D8:F3:32:19,-69,0,173,173,0,0,0,0,0
176079593,NODE_F42DC973E618,child,2,B0:CB:D8:F3:32:19,-69,0,173,173,0,0,0,0,0
176179595,NODE_F42DC973E618,child,2,B0:CB:D8:F3:32:19,-69,0,173,173,0,0,0,0,0
176279591,NODE_F42DC973E618,child,2,B0:CB:D8:F3:32:19,-69,0,174,174,0,0,0,0,0
176379589,NODE_F42DC973E618,child,2,B0:CB:D8:F3:32:19,-69,0,174,174,0,0,0,0,0
176479579,NODE_F42DC973E618,child,2,B0:CB:D8:F3:32:19,-69,0,174,174,0,0,0,0,0
176579587,NODE_F42DC973E618,child,2,B0:CB:D8:F3:32:19,-69,0,174,174,0,0,0,0,0
176679593,NODE_F42DC973E618,child,2,B0:CB:D8:F3:32:19,-69,0,174,174,0,0,0,0,0
176779587,NODE_F42DC973E618,child,2,B0:CB:D8:F3:32:19,-69,0,174,174,0,0,0,0,0
176879587,NODE_F42DC973E618,child,2,B0:CB:D8:F3:32:19,-69,0,174,174,0,0,0,0,0
176979593,NODE_F42DC973E618,child,2,B0:CB:D8:F3:32:19,-69,0,174,174,0,0,0,0,0
177079587,NODE_F42DC973E618,child,2,B0:CB:D8:F3:32:19,-69,0,174,174,0,0,0,0,0
177179599,NODE_F42DC973E618,child,2,B0:CB:D8:F3:32:19,-67,0,174,174,0,0,0,0,0
177279593,NODE_F42DC973E618,child,2,B0:CB:D8:F3:32:19,-67,0,175,175,0,0,0,0,0
177379591,NODE_F42DC973E618,child,2,B0:CB:D8:F3:32:19,-67,0,175,175,0,0,0,0,0
177479583,NODE_F42DC973E618,child,2,B0:CB:D8:F3:32:19,-67,0,175,175,0,0,0,0,0
177579585,NODE_F42DC973E618,child,2,B0:CB:D8:F3:32:19,-67,0,175,175,0,0,0,0,0
177679587,NODE_F42DC973E618,child,2,B0:CB:D8:F3:32:19,-67,0,175,175,0,0,0,0,0
177779587,NODE_F42DC973E618,child,2,B0:CB:D8:F3:32:19,-67,0,175,175,0,0,0,0,0
177879585,NODE_F42DC973E618,child,2,B0:CB:D8:F3:32:19,-67,0,175,175,0,0,0,0,0
177979579,NODE_F42DC973E618,child,2,B0:CB:D8:F3:32:19,-67,0,175,175,0,0,0,0,0
178079595,NODE_F42DC973E618,child,2,B0:CB:D8:F3:32:19,-67,0,175,175,0,0,0,0,0
178179589,NODE_F42DC973E618,child,2,B0:CB:D8:F3:32:19,-67,0,175,175,0,0,0,0,0
178279587,NODE_F42DC973E618,child,2,B0:CB:D8:F3:32:19,-67,0,176,176,0,0,0,0,0
178379587,NODE_F42DC973E618,child,2,B0:CB:D8:F3:32:19,-67,0,176,176,0,0,0,0,0
178479589,NODE_F42DC973E618,child,2,B0:CB:D8:F3:32:19,-67,0,176,176,0,0,0,0,0
178579587,NODE_F42DC973E618,child,2,B0:CB:D8:F3:32:19,-67,0,176,176,0,0,0,0,0
178679591,NODE_F42DC973E618,child,2,B0:CB:D8:F3:32:19,-67,0,176,176,0,0,0,0,0
178779589,NODE_F42DC973E618,child,2,B0:CB:D8:F3:32:19,-67,0,176,176,0,0,0,0,0
178879587,NODE_F42DC973E618,child,2,B0:CB:D8:F3:32:19,-67,0,176,176,0,0,0,0,0
178979591,NODE_F42DC973E618,child,2,B0:CB:D8:F3:32:19,-67,0,176,176,0,0,0,0,0
179079593,NODE_F42DC973E618,child,2,B0:CB:D8:F3:32:19,-67,0,176,176,0,0,0,0,0
179179583,NODE_F42DC973E618,child,2,B0:CB:D8:F3:32:19,-67,0,176,176,0,0,0,0,0
179279587,NODE_F42DC973E618,child,2,B0:CB:D8:F3:32:19,-67,0,177,177,0,0,0,0,0
179379597,NODE_F42DC973E618,child,2,B0:CB:D8:F3:32:19,-67,0,177,177,0,0,0,0,0
179479587,NODE_F42DC973E618,child,2,B0:CB:D8:F3:32:19,-67,0,177,177,0,0,0,0,0
179579587,NODE_F42DC973E618,child,2,B0:CB:D8:F3:32:19,-67,0,177,177,0,0,0,0,0
179679589,NODE_F42DC973E618,child,2,B0:CB:D8:F3:32:19,-67,0,177,177,0,0,0,0,0
179779587,NODE_F42DC973E618,child,2,B0:CB:D8:F3:32:19,-67,0,177,177,0,0,0,0,0
179879587,NODE_F42DC973E618,child,2,B0:CB:D8:F3:32:19,-67,0,177,177,0,0,0,0,0
179979589,NODE_F42DC973E618,child,2,B0:CB:D8:F3:32:19,-67,0,177,177,0,0,0,0,0
180079595,NODE_F42DC973E618,child,2,B0:CB:D8:F3:32:19,-67,0,177,177,0,0,0,0,0
180179587,NODE_F42DC973E618,child,2,B0:CB:D8:F3:32:19,-67,0,177,177,0,0,0,0,0
180279589,NODE_F42DC973E618,child,2,B0:CB:D8:F3:32:19,-65,0,178,178,0,0,0,0,0
180379591,NODE_F42DC973E618,child,2,B0:CB:D8:F3:32:19,-65,0,178,178,0,0,0,0,0
180479587,NODE_F42DC973E618,child,2,B0:CB:D8:F3:32:19,-65,0,178,178,0,0,0,0,0
180579589,NODE_F42DC973E618,child,2,B0:CB:D8:F3:32:19,-65,0,178,178,0,0,0,0,0
180679591,NODE_F42DC973E618,child,2,B0:CB:D8:F3:32:19,-65,0,178,178,0,0,0,0,0
180779579,NODE_F42DC973E618,child,2,B0:CB:D8:F3:32:19,-65,0,178,178,0,0,0,0,0
180879589,NODE_F42DC973E618,child,2,B0:CB:D8:F3:32:19,-65,0,178,178,0,0,0,0,0
180979587,NODE_F42DC973E618,child,2,B0:CB:D8:F3:32:19,-65,0,178,178,0,0,0,0,0
181079591,NODE_F42DC973E618,child,2,B0:CB:D8:F3:32:19,-65,0,178,178,0,0,0,0,0
181179589,NODE_F42DC973E618,child,2,B0:CB:D8:F3:32:19,-65,0,178,178,0,0,0,0,0
181279595,NODE_F42DC973E618,child,2,B0:CB:D8:F3:32:19,-66,0,179,179,0,0,0,0,0
181379591,NODE_F42DC973E618,child,2,B0:CB:D8:F3:32:19,-66,0,179,179,0,0,0,0,0
181479589,NODE_F42DC973E618,child,2,B0:CB:D8:F3:32:19,-66,0,179,179,0,0,0,0,0
181579583,NODE_F42DC973E618,child,2,B0:CB:D8:F3:32:19,-66,0,179,179,0,0,0,0,0
181679587,NODE_F42DC973E618,child,2,B0:CB:D8:F3:32:19,-66,0,179,179,0,0,0,0,0
181779589,NODE_F42DC973E618,child,2,B0:CB:D8:F3:32:19,-66,0,179,179,0,0,0,0,0
181879591,NODE_F42DC973E618,child,2,B0:CB:D8:F3:32:19,-66,0,179,179,0,0,0,0,0
181979587,NODE_F42DC973E618,child,2,B0:CB:D8:F3:32:19,-66,0,179,179,0,0,0,0,0
182079597,NODE_F42DC973E618,child,2,B0:CB:D8:F3:32:19,-66,0,179,179,0,0,0,0,0
182179587,NODE_F42DC973E618,child,2,B0:CB:D8:F3:32:19,-66,0,179,179,0,0,0,0,0
182279591,NODE_F42DC973E618,child,2,B0:CB:D8:F3:32:19,-66,0,179,179,0,0,0,0,0
182379597,NODE_F42DC973E618,child,2,B0:CB:D8:F3:32:19,-65,0,180,180,0,0,0,0,0
182479587,NODE_F42DC973E618,child,2,B0:CB:D8:F3:32:19,-65,0,180,180,0,0,0,0,0
182579587,NODE_F42DC973E618,child,2,B0:CB:D8:F3:32:19,-65,0,180,180,0,0,0,0,0
182679593,NODE_F42DC973E618,child,2,B0:CB:D8:F3:32:19,-65,0,180,180,0,0,0,0,0
182779579,NODE_F42DC973E618,child,2,B0:CB:D8:F3:32:19,-65,0,180,180,0,0,0,0,0
182879587,NODE_F42DC973E618,child,2,B0:CB:D8:F3:32:19,-65,0,180,180,0,0,0,0,0
182979589,NODE_F42DC973E618,child,2,B0:CB:D8:F3:32:19,-65,0,180,180,0,0,0,0,0
183079587,NODE_F42DC973E618,child,2,B0:CB:D8:F3:32:19,-65,0,180,180,0,0,0,0,0
183179595,NODE_F42DC973E618,child,2,B0:CB:D8:F3:32:19,-65,0,180,180,0,0,0,0,0
183280372,NODE_F42DC973E618,child,2,B0:CB:D8:F3:32:19,-65,0,180,180,0,0,0,0,0
183379599,NODE_F42DC973E618,child,2,B0:CB:D8:F3:32:19,-62,0,181,181,0,0,0,0,0
183479587,NODE_F42DC973E618,child,2,B0:CB:D8:F3:32:19,-62,0,181,181,0,0,0,0,0
183579589,NODE_F42DC973E618,child,2,B0:CB:D8:F3:32:19,-62,0,181,181,0,0,0,0,0
183679587,NODE_F42DC973E618,child,2,B0:CB:D8:F3:32:19,-62,0,181,181,0,0,0,0,0
183779587,NODE_F42DC973E618,child,2,B0:CB:D8:F3:32:19,-62,0,181,181,0,0,0,0,0
183879589,NODE_F42DC973E618,child,2,B0:CB:D8:F3:32:19,-62,0,181,181,0,0,0,0,0
183979587,NODE_F42DC973E618,child,2,B0:CB:D8:F3:32:19,-62,0,181,181,0,0,0,0,0
184079591,NODE_F42DC973E618,child,2,B0:CB:D8:F3:32:19,-62,0,181,181,0,0,0,0,0
184179593,NODE_F42DC973E618,child,2,B0:CB:D8:F3:32:19,-62,0,181,181,0,0,0,0,0
184279587,NODE_F42DC973E618,child,2,B0:CB:D8:F3:32:19,-62,0,181,181,0,0,0,0,0
184379595,NODE_F42DC973E618,child,2,B0:CB:D8:F3:32:19,-64,0,182,182,0,0,0,0,0
184479589,NODE_F42DC973E618,child,2,B0:CB:D8:F3:32:19,-64,0,182,182,0,0,0,0,0
184579591,NODE_F42DC973E618,child,2,B0:CB:D8:F3:32:19,-64,0,182,182,0,0,0,0,0
184679587,NODE_F42DC973E618,child,2,B0:CB:D8:F3:32:19,-64,0,182,182,0,0,0,0,0
184779589,NODE_F42DC973E618,child,2,B0:CB:D8:F3:32:19,-64,0,182,182,0,0,0,0,0
184879591,NODE_F42DC973E618,child,2,B0:CB:D8:F3:32:19,-64,0,182,182,0,0,0,0,0
184979583,NODE_F42DC973E618,child,2,B0:CB:D8:F3:32:19,-64,0,182,182,0,0,0,0,0
185079585,NODE_F42DC973E618,child,2,B0:CB:D8:F3:32:19,-64,0,182,182,0,0,0,0,0
185179595,NODE_F42DC973E618,child,2,B0:CB:D8:F3:32:19,-64,0,182,182,0,0,0,0,0
185279579,NODE_F42DC973E618,child,2,B0:CB:D8:F3:32:19,-64,0,182,182,0,0,0,0,0
185379597,NODE_F42DC973E618,child,2,B0:CB:D8:F3:32:19,-64,0,183,183,0,0,0,0,0
185479587,NODE_F42DC973E618,child,2,B0:CB:D8:F3:32:19,-64,0,183,183,0,0,0,0,0
185579587,NODE_F42DC973E618,child,2,B0:CB:D8:F3:32:19,-64,0,183,183,0,0,0,0,0
185679589,NODE_F42DC973E618,child,2,B0:CB:D8:F3:32:19,-64,0,183,183,0,0,0,0,0
185779579,NODE_F42DC973E618,child,2,B0:CB:D8:F3:32:19,-64,0,183,183,0,0,0,0,0
185879591,NODE_F42DC973E618,child,2,B0:CB:D8:F3:32:19,-64,0,183,183,0,0,0,0,0
185979589,NODE_F42DC973E618,child,2,B0:CB:D8:F3:32:19,-64,0,183,183,0,0,0,0,0
186079587,NODE_F42DC973E618,child,2,B0:CB:D8:F3:32:19,-64,0,183,183,0,0,0,0,0
186179591,NODE_F42DC973E618,child,2,B0:CB:D8:F3:32:19,-64,0,183,183,0,0,0,0,0
186279589,NODE_F42DC973E618,child,2,B0:CB:D8:F3:32:19,-64,0,183,183,0,0,0,0,0
186379591,NODE_F42DC973E618,child,2,B0:CB:D8:F3:32:19,-64,0,184,184,0,0,0,0,0
186479587,NODE_F42DC973E618,child,2,B0:CB:D8:F3:32:19,-64,0,184,184,0,0,0,0,0
186579593,NODE_F42DC973E618,child,2,B0:CB:D8:F3:32:19,-64,0,184,184,0,0,0,0,0
186679587,NODE_F42DC973E618,child,2,B0:CB:D8:F3:32:19,-64,0,184,184,0,0,0,0,0
186779587,NODE_F42DC973E618,child,2,B0:CB:D8:F3:32:19,-64,0,184,184,0,0,0,0,0
186879589,NODE_F42DC973E618,child,2,B0:CB:D8:F3:32:19,-64,0,184,184,0,0,0,0,0
186979587,NODE_F42DC973E618,child,2,B0:CB:D8:F3:32:19,-64,0,184,184,0,0,0,0,0
187079583,NODE_F42DC973E618,child,2,B0:CB:D8:F3:32:19,-64,0,184,184,0,0,0,0,0
187179706,NODE_F42DC973E618,child,2,B0:CB:D8:F3:32:19,-64,0,184,184,0,0,0,0,0
187279587,NODE_F42DC973E618,child,2,B0:CB:D8:F3:32:19,-64,0,184,184,0,0,0,0,0
187379587,NODE_F42DC973E618,child,2,B0:CB:D8:F3:32:19,-64,0,185,185,0,0,0,0,0
187479597,NODE_F42DC973E618,child,2,B0:CB:D8:F3:32:19,-62,0,185,185,0,0,0,0,0
187579583,NODE_F42DC973E618,child,2,B0:CB:D8:F3:32:19,-62,0,185,185,0,0,0,0,0
187679587,NODE_F42DC973E618,child,2,B0:CB:D8:F3:32:19,-62,0,185,185,0,0,0,0,0
187779589,NODE_F42DC973E618,child,2,B0:CB:D8:F3:32:19,-62,0,185,185,0,0,0,0,0
187879595,NODE_F42DC973E618,child,2,B0:CB:D8:F3:32:19,-62,0,185,185,0,0,0,0,0
187979587,NODE_F42DC973E618,child,2,B0:CB:D8:F3:32:19,-62,0,185,185,0,0,0,0,0
188079589,NODE_F42DC973E618,child,2,B0:CB:D8:F3:32:19,-62,0,185,185,0,0,0,0,0
188179591,NODE_F42DC973E618,child,2,B0:CB:D8:F3:32:19,-62,0,185,185,0,0,0,0,0
188279591,NODE_F42DC973E618,child,2,B0:CB:D8:F3:32:19,-62,0,185,185,0,0,0,0,0
188379593,NODE_F42DC973E618,child,2,B0:CB:D8:F3:32:19,-62,0,186,186,0,0,0,0,0
188479595,NODE_F42DC973E618,child,2,B0:CB:D8:F3:32:19,-65,0,186,186,0,0,0,0,0
188579591,NODE_F42DC973E618,child,2,B0:CB:D8:F3:32:19,-65,0,186,186,0,0,0,0,0
188679589,NODE_F42DC973E618,child,2,B0:CB:D8:F3:32:19,-65,0,186,186,0,0,0,0,0
188779587,NODE_F42DC973E618,child,2,B0:CB:D8:F3:32:19,-65,0,186,186,0,0,0,0,0
188879583,NODE_F42DC973E618,child,2,B0:CB:D8:F3:32:19,-65,0,186,186,0,0,0,0,0
188979585,NODE_F42DC973E618,child,2,B0:CB:D8:F3:32:19,-65,0,186,186,0,0,0,0,0
189079583,NODE_F42DC973E618,child,2,B0:CB:D8:F3:32:19,-65,0,186,186,0,0,0,0,0
189179591,NODE_F42DC973E618,child,2,B0:CB:D8:F3:32:19,-65,0,186,186,0,0,0,0,0
189279593,NODE_F42DC973E618,child,2,B0:CB:D8:F3:32:19,-65,0,186,186,0,0,0,0,0
189379591,NODE_F42DC973E618,child,2,B0:CB:D8:F3:32:19,-65,0,187,187,0,0,0,0,0
189479595,NODE_F42DC973E618,child,2,B0:CB:D8:F3:32:19,-67,0,187,187,0,0,0,0,0
189579589,NODE_F42DC973E618,child,2,B0:CB:D8:F3:32:19,-67,0,187,187,0,0,0,0,0
189679587,NODE_F42DC973E618,child,2,B0:CB:D8:F3:32:19,-67,0,187,187,0,0,0,0,0
189779587,NODE_F42DC973E618,child,2,B0:CB:D8:F3:32:19,-67,0,187,187,0,0,0,0,0
189879593,NODE_F42DC973E618,child,2,B0:CB:D8:F3:32:19,-67,0,187,187,0,0,0,0,0
189979587,NODE_F42DC973E618,child,2,B0:CB:D8:F3:32:19,-67,0,187,187,0,0,0,0,0
190079587,NODE_F42DC973E618,child,2,B0:CB:D8:F3:32:19,-67,0,187,187,0,0,0,0,0
190179589,NODE_F42DC973E618,child,2,B0:CB:D8:F3:32:19,-67,0,187,187,0,0,0,0,0
190279591,NODE_F42DC973E618,child,2,B0:CB:D8:F3:32:19,-67,0,187,187,0,0,0,0,0
190379591,NODE_F42DC973E618,child,2,B0:CB:D8:F3:32:19,-67,0,188,188,0,0,0,0,0
190479593,NODE_F42DC973E618,child,2,B0:CB:D8:F3:32:19,-67,0,188,188,0,0,0,0,0
190579591,NODE_F42DC973E618,child,2,B0:CB:D8:F3:32:19,-67,0,188,188,0,0,0,0,0
190679587,NODE_F42DC973E618,child,2,B0:CB:D8:F3:32:19,-67,0,188,188,0,0,0,0,0
190779589,NODE_F42DC973E618,child,2,B0:CB:D8:F3:32:19,-67,0,188,188,0,0,0,0,0
190879591,NODE_F42DC973E618,child,2,B0:CB:D8:F3:32:19,-67,0,188,188,0,0,0,0,0
190979587,NODE_F42DC973E618,child,2,B0:CB:D8:F3:32:19,-67,0,188,188,0,0,0,0,0
191079589,NODE_F42DC973E618,child,2,B0:CB:D8:F3:32:19,-67,0,188,188,0,0,0,0,0
191179591,NODE_F42DC973E618,child,2,B0:CB:D8:F3:32:19,-67,0,188,188,0,0,0,0,0
191279583,NODE_F42DC973E618,child,2,B0:CB:D8:F3:32:19,-67,0,188,188,0,0,0,0,0
191379593,NODE_F42DC973E618,child,2,B0:CB:D8:F3:32:19,-67,0,189,189,0,0,0,0,0
191479587,NODE_F42DC973E618,child,2,B0:CB:D8:F3:32:19,-67,0,189,189,0,0,0,0,0
191579595,NODE_F42DC973E618,child,2,B0:CB:D8:F3:32:19,-68,0,189,189,0,0,0,0,0
191679589,NODE_F42DC973E618,child,2,B0:CB:D8:F3:32:19,-68,0,189,189,0,0,0,0,0
191779587,NODE_F42DC973E618,child,2,B0:CB:D8:F3:32:19,-68,0,189,189,0,0,0,0,0
191879595,NODE_F42DC973E618,child,2,B0:CB:D8:F3:32:19,-68,0,189,189,0,0,0,0,0
191979993,NODE_F42DC973E618,child,2,B0:CB:D8:F3:32:19,-68,0,189,189,0,0,0,0,0
192079591,NODE_F42DC973E618,child,2,B0:CB:D8:F3:32:19,-68,0,189,189,0,0,0,0,0
192179587,NODE_F42DC973E618,child,2,B0:CB:D8:F3:32:19,-68,0,189,189,0,0,0,0,0
192279589,NODE_F42DC973E618,child,2,B0:CB:D8:F3:32:19,-68,0,189,189,0,0,0,0,0
192379587,NODE_F42DC973E618,child,2,B0:CB:D8:F3:32:19,-68,0,190,190,0,0,0,0,0
192479591,NODE_F42DC973E618,child,2,B0:CB:D8:F3:32:19,-68,0,190,190,0,0,0,0,0
192579601,NODE_F42DC973E618,child,2,B0:CB:D8:F3:32:19,-68,0,190,190,0,0,0,0,0
192679587,NODE_F42DC973E618,child,2,B0:CB:D8:F3:32:19,-68,0,190,190,0,0,0,0,0
192779587,NODE_F42DC973E618,child,2,B0:CB:D8:F3:32:19,-68,0,190,190,0,0,0,0,0
192879589,NODE_F42DC973E618,child,2,B0:CB:D8:F3:32:19,-68,0,190,190,0,0,0,0,0
192979587,NODE_F42DC973E618,child,2,B0:CB:D8:F3:32:19,-68,0,190,190,0,0,0,0,0
193079587,NODE_F42DC973E618,child,2,B0:CB:D8:F3:32:19,-68,0,190,190,0,0,0,0,0
193179593,NODE_F42DC973E618,child,2,B0:CB:D8:F3:32:19,-68,0,190,190,0,0,0,0,0
193279587,NODE_F42DC973E618,child,2,B0:CB:D8:F3:32:19,-68,0,190,190,0,0,0,0,0
193379591,NODE_F42DC973E618,child,2,B0:CB:D8:F3:32:19,-68,0,191,191,0,0,0,0,0
193479589,NODE_F42DC973E618,child,2,B0:CB:D8:F3:32:19,-68,0,191,191,0,0,0,0,0
193579595,NODE_F42DC973E618,child,2,B0:CB:D8:F3:32:19,-67,0,191,191,0,0,0,0,0
193679587,NODE_F42DC973E618,child,2,B0:CB:D8:F3:32:19,-67,0,191,191,0,0,0,0,0
193779589,NODE_F42DC973E618,child,2,B0:CB:D8:F3:32:19,-67,0,191,191,0,0,0,0,0
193879595,NODE_F42DC973E618,child,2,B0:CB:D8:F3:32:19,-67,0,191,191,0,0,0,0,0
193979587,NODE_F42DC973E618,child,2,B0:CB:D8:F3:32:19,-67,0,191,191,0,0,0,0,0
194079589,NODE_F42DC973E618,child,2,B0:CB:D8:F3:32:19,-67,0,191,191,0,0,0,0,0
194179591,NODE_F42DC973E618,child,2,B0:CB:D8:F3:32:19,-67,0,191,191,0,0,0,0,0
194279587,NODE_F42DC973E618,child,2,B0:CB:D8:F3:32:19,-67,0,191,191,0,0,0,0,0
194379593,NODE_F42DC973E618,child,2,B0:CB:D8:F3:32:19,-67,0,192,192,0,0,0,0,0
194479587,NODE_F42DC973E618,child,2,B0:CB:D8:F3:32:19,-67,0,192,192,0,0,0,0,0
194579599,NODE_F42DC973E618,child,2,B0:CB:D8:F3:32:19,-66,0,192,192,0,0,0,0,0
194679589,NODE_F42DC973E618,child,2,B0:CB:D8:F3:32:19,-66,0,192,192,0,0,0,0,0
194779587,NODE_F42DC973E618,child,2,B0:CB:D8:F3:32:19,-66,0,192,192,0,0,0,0,0
194879587,NODE_F42DC973E618,child,2,B0:CB:D8:F3:32:19,-66,0,192,192,0,0,0,0,0
194979589,NODE_F42DC973E618,child,2,B0:CB:D8:F3:32:19,-66,0,192,192,0,0,0,0,0
195079587,NODE_F42DC973E618,child,2,B0:CB:D8:F3:32:19,-66,0,192,192,0,0,0,0,0
195179591,NODE_F42DC973E618,child,2,B0:CB:D8:F3:32:19,-66,0,192,192,0,0,0,0,0
195279740,NODE_F42DC973E618,child,2,B0:CB:D8:F3:32:19,-66,0,192,192,0,0,0,0,0
195379591,NODE_F42DC973E618,child,2,B0:CB:D8:F3:32:19,-66,0,193,193,0,0,0,0,0
195479587,NODE_F42DC973E618,child,2,B0:CB:D8:F3:32:19,-66,0,193,193,0,0,0,0,0
195580237,NODE_F42DC973E618,child,2,B0:CB:D8:F3:32:19,-67,0,193,193,0,0,0,0,0
195679595,NODE_F42DC973E618,child,2,B0:CB:D8:F3:32:19,-67,0,193,193,0,0,0,0,0
195779583,NODE_F42DC973E618,child,2,B0:CB:D8:F3:32:19,-67,0,193,193,0,0,0,0,0
195879589,NODE_F42DC973E618,child,2,B0:CB:D8:F3:32:19,-67,0,193,193,0,0,0,0,0
195979583,NODE_F42DC973E618,child,2,B0:CB:D8:F3:32:19,-67,0,193,193,0,0,0,0,0
196079587,NODE_F42DC973E618,child,2,B0:CB:D8:F3:32:19,-67,0,193,193,0,0,0,0,0
196179589,NODE_F42DC973E618,child,2,B0:CB:D8:F3:32:19,-67,0,193,193,0,0,0,0,0
196279583,NODE_F42DC973E618,child,2,B0:CB:D8:F3:32:19,-67,0,193,193,0,0,0,0,0
196379595,NODE_F42DC973E618,child,2,B0:CB:D8:F3:32:19,-67,0,194,194,0,0,0,0,0
196479593,NODE_F42DC973E618,child,2,B0:CB:D8:F3:32:19,-67,0,194,194,0,0,0,0,0
196579587,NODE_F42DC973E618,child,2,B0:CB:D8:F3:32:19,-67,0,194,194,0,0,0,0,0
196679595,NODE_F42DC973E618,child,2,B0:CB:D8:F3:32:19,-65,0,194,194,0,0,0,0,0
196779589,NODE_F42DC973E618,child,2,B0:CB:D8:F3:32:19,-65,0,194,194,0,0,0,0,0
196879591,NODE_F42DC973E618,child,2,B0:CB:D8:F3:32:19,-65,0,194,194,0,0,0,0,0
196979587,NODE_F42DC973E618,child,2,B0:CB:D8:F3:32:19,-65,0,194,194,0,0,0,0,0
197079593,NODE_F42DC973E618,child,2,B0:CB:D8:F3:32:19,-65,0,194,194,0,0,0,0,0
197179587,NODE_F42DC973E618,child,2,B0:CB:D8:F3:32:19,-65,0,194,194,0,0,0,0,0
197279587,NODE_F42DC973E618,child,2,B0:CB:D8:F3:32:19,-65,0,194,194,0,0,0,0,0
197379593,NODE_F42DC973E618,child,2,B0:CB:D8:F3:32:19,-65,0,195,195,0,0,0,0,0
197479591,NODE_F42DC973E618,child,2,B0:CB:D8:F3:32:19,-65,0,195,195,0,0,0,0,0
197579587,NODE_F42DC973E618,child,2,B0:CB:D8:F3:32:19,-65,0,195,195,0,0,0,0,0
197679601,NODE_F42DC973E618,child,2,B0:CB:D8:F3:32:19,-65,0,195,195,0,0,0,0,0
197779583,NODE_F42DC973E618,child,2,B0:CB:D8:F3:32:19,-65,0,195,195,0,0,0,0,0
197879587,NODE_F42DC973E618,child,2,B0:CB:D8:F3:32:19,-65,0,195,195,0,0,0,0,0
197979585,NODE_F42DC973E618,child,2,B0:CB:D8:F3:32:19,-65,0,195,195,0,0,0,0,0
198079587,NODE_F42DC973E618,child,2,B0:CB:D8:F3:32:19,-65,0,195,195,0,0,0,0,0
198179587,NODE_F42DC973E618,child,2,B0:CB:D8:F3:32:19,-65,0,195,195,0,0,0,0,0
198279585,NODE_F42DC973E618,child,2,B0:CB:D8:F3:32:19,-65,0,195,195,0,0,0,0,0
198379595,NODE_F42DC973E618,child,2,B0:CB:D8:F3:32:19,-65,0,196,196,0,0,0,0,0
198479591,NODE_F42DC973E618,child,2,B0:CB:D8:F3:32:19,-65,0,196,196,0,0,0,0,0
198579589,NODE_F42DC973E618,child,2,B0:CB:D8:F3:32:19,-65,0,196,196,0,0,0,0,0
198679595,NODE_F42DC973E618,child,2,B0:CB:D8:F3:32:19,-65,0,196,196,0,0,0,0,0
198779587,NODE_F42DC973E618,child,2,B0:CB:D8:F3:32:19,-65,0,196,196,0,0,0,0,0
198879589,NODE_F42DC973E618,child,2,B0:CB:D8:F3:32:19,-65,0,196,196,0,0,0,0,0
198979587,NODE_F42DC973E618,child,2,B0:CB:D8:F3:32:19,-65,0,196,196,0,0,0,0,0
199079595,NODE_F42DC973E618,child,2,B0:CB:D8:F3:32:19,-65,0,196,196,0,0,0,0,0
199179593,NODE_F42DC973E618,child,2,B0:CB:D8:F3:32:19,-65,0,196,196,0,0,0,0,0
199279587,NODE_F42DC973E618,child,2,B0:CB:D8:F3:32:19,-65,0,196,196,0,0,0,0,0
199379591,NODE_F42DC973E618,child,2,B0:CB:D8:F3:32:19,-65,0,197,197,0,0,0,0,0
199479593,NODE_F42DC973E618,child,2,B0:CB:D8:F3:32:19,-65,0,197,197,0,0,0,0,0
199579587,NODE_F42DC973E618,child,2,B0:CB:D8:F3:32:19,-65,0,197,197,0,0,0,0,0
199679599,NODE_F42DC973E618,child,2,B0:CB:D8:F3:32:19,-65,0,197,197,0,0,0,0,0
199779589,NODE_F42DC973E618,child,2,B0:CB:D8:F3:32:19,-65,0,197,197,0,0,0,0,0
199879591,NODE_F42DC973E618,child,2,B0:CB:D8:F3:32:19,-65,0,197,197,0,0,0,0,0
199979587,NODE_F42DC973E618,child,2,B0:CB:D8:F3:32:19,-65,0,197,197,0,0,0,0,0
200079589,NODE_F42DC973E618,child,2,B0:CB:D8:F3:32:19,-65,0,197,197,0,0,0,0,0
200179587,NODE_F42DC973E618,child,2,B0:CB:D8:F3:32:19,-65,0,197,197,0,0,0,0,0
200279587,NODE_F42DC973E618,child,2,B0:CB:D8:F3:32:19,-65,0,197,197,0,0,0,0,0
200379593,NODE_F42DC973E618,child,2,B0:CB:D8:F3:32:19,-65,0,198,198,0,0,0,0,0
200479591,NODE_F42DC973E618,child,2,B0:CB:D8:F3:32:19,-65,0,198,198,0,0,0,0,0
200579591,NODE_F42DC973E618,child,2,B0:CB:D8:F3:32:19,-65,0,198,198,0,0,0,0,0
200679589,NODE_F42DC973E618,child,2,B0:CB:D8:F3:32:19,-65,0,198,198,0,0,0,0,0
200779595,NODE_F42DC973E618,child,2,B0:CB:D8:F3:32:19,-65,0,198,198,0,0,0,0,0
200879587,NODE_F42DC973E618,child,2,B0:CB:D8:F3:32:19,-65,0,198,198,0,0,0,0,0
200979589,NODE_F42DC973E618,child,2,B0:CB:D8:F3:32:19,-65,0,198,198,0,0,0,0,0
201079591,NODE_F42DC973E618,child,2,B0:CB:D8:F3:32:19,-65,0,198,198,0,0,0,0,0
201179587,NODE_F42DC973E618,child,2,B0:CB:D8:F3:32:19,-65,0,198,198,0,0,0,0,0
201279589,NODE_F42DC973E618,child,2,B0:CB:D8:F3:32:19,-65,0,198,198,0,0,0,0,0
201379591,NODE_F42DC973E618,child,2,B0:CB:D8:F3:32:19,-65,0,199,199,0,0,0,0,0
201479587,NODE_F42DC973E618,child,2,B0:CB:D8:F3:32:19,-65,0,199,199,0,0,0,0,0
201579593,NODE_F42DC973E618,child,2,B0:CB:D8:F3:32:19,-65,0,199,199,0,0,0,0,0
201679595,NODE_F42DC973E618,child,2,B0:CB:D8:F3:32:19,-65,0,199,199,0,0,0,0,0
201779595,NODE_F42DC973E618,child,2,B0:CB:D8:F3:32:19,-65,0,199,199,0,0,0,0,0
201879589,NODE_F42DC973E618,child,2,B0:CB:D8:F3:32:19,-65,0,199,199,0,0,0,0,0
201979587,NODE_F42DC973E618,child,2,B0:CB:D8:F3:32:19,-65,0,199,199,0,0,0,0,0
202079587,NODE_F42DC973E618,child,2,B0:CB:D8:F3:32:19,-65,0,199,199,0,0,0,0,0
202179589,NODE_F42DC973E618,child,2,B0:CB:D8:F3:32:19,-65,0,199,199,0,0,0,0,0
202279645,NODE_F42DC973E618,child,2,B0:CB:D8:F3:32:19,-65,0,199,199,0,0,0,0,0
202379595,NODE_F42DC973E618,child,2,B0:CB:D8:F3:32:19,-65,0,200,200,0,0,0,0,0
202479589,NODE_F42DC973E618,child,2,B0:CB:D8:F3:32:19,-65,0,200,200,0,0,0,0,0
202579591,NODE_F42DC973E618,child,2,B0:CB:D8:F3:32:19,-65,0,200,200,0,0,0,0,0
202679587,NODE_F42DC973E618,child,2,B0:CB:D8:F3:32:19,-65,0,200,200,0,0,0,0,0
202779597,NODE_F42DC973E618,child,2,B0:CB:D8:F3:32:19,-64,0,200,200,0,0,0,0,0
202879591,NODE_F42DC973E618,child,2,B0:CB:D8:F3:32:19,-64,0,200,200,0,0,0,0,0
202979587,NODE_F42DC973E618,child,2,B0:CB:D8:F3:32:19,-64,0,200,200,0,0,0,0,0
203079593,NODE_F42DC973E618,child,2,B0:CB:D8:F3:32:19,-64,0,200,200,0,0,0,0,0
203179587,NODE_F42DC973E618,child,2,B0:CB:D8:F3:32:19,-64,0,200,200,0,0,0,0,0
203279587,NODE_F42DC973E618,child,2,B0:CB:D8:F3:32:19,-64,0,200,200,0,0,0,0,0
203379593,NODE_F42DC973E618,child,2,B0:CB:D8:F3:32:19,-64,0,201,201,0,0,0,0,0
203479587,NODE_F42DC973E618,child,2,B0:CB:D8:F3:32:19,-64,0,201,201,0,0,0,0,0
203579591,NODE_F42DC973E618,child,2,B0:CB:D8:F3:32:19,-64,0,201,201,0,0,0,0,0
203679593,NODE_F42DC973E618,child,2,B0:CB:D8:F3:32:19,-64,0,201,201,0,0,0,0,0
203779595,NODE_F42DC973E618,child,2,B0:CB:D8:F3:32:19,-66,0,201,201,0,0,0,0,0
203879587,NODE_F42DC973E618,child,2,B0:CB:D8:F3:32:19,-66,0,201,201,0,0,0,0,0
203979585,NODE_F42DC973E618,child,2,B0:CB:D8:F3:32:19,-66,0,201,201,0,0,0,0,0
204079587,NODE_F42DC973E618,child,2,B0:CB:D8:F3:32:19,-66,0,201,201,0,0,0,0,0
204179587,NODE_F42DC973E618,child,2,B0:CB:D8:F3:32:19,-66,0,201,201,0,0,0,0,0
204279589,NODE_F42DC973E618,child,2,B0:CB:D8:F3:32:19,-66,0,201,201,0,0,0,0,0
204379599,NODE_F42DC973E618,child,2,B0:CB:D8:F3:32:19,-66,0,202,202,0,0,0,0,0
204479587,NODE_F42DC973E618,child,2,B0:CB:D8:F3:32:19,-66,0,202,202,0,0,0,0,0
204579589,NODE_F42DC973E618,child,2,B0:CB:D8:F3:32:19,-66,0,202,202,0,0,0,0,0
204679591,NODE_F42DC973E618,child,2,B0:CB:D8:F3:32:19,-66,0,202,202,0,0,0,0,0
204779587,NODE_F42DC973E618,child,2,B0:CB:D8:F3:32:19,-66,0,202,202,0,0,0,0,0
204879597,NODE_F42DC973E618,child,2,B0:CB:D8:F3:32:19,-67,0,202,202,0,0,0,0,0
204979587,NODE_F42DC973E618,child,2,B0:CB:D8:F3:32:19,-67,0,202,202,0,0,0,0,0
205079591,NODE_F42DC973E618,child,2,B0:CB:D8:F3:32:19,-67,0,202,202,0,0,0,0,0
205179593,NODE_F42DC973E618,child,2,B0:CB:D8:F3:32:19,-67,0,202,202,0,0,0,0,0
205279587,NODE_F42DC973E618,child,2,B0:CB:D8:F3:32:19,-67,0,202,202,0,0,0,0,0
205379591,NODE_F42DC973E618,child,2,B0:CB:D8:F3:32:19,-67,0,203,203,0,0,0,0,0
205479589,NODE_F42DC973E618,child,2,B0:CB:D8:F3:32:19,-67,0,203,203,0,0,0,0,0
205579595,NODE_F42DC973E618,child,2,B0:CB:D8:F3:32:19,-67,0,203,203,0,0,0,0,0
205679591,NODE_F42DC973E618,child,2,B0:CB:D8:F3:32:19,-67,0,203,203,0,0,0,0,0
205779589,NODE_F42DC973E618,child,2,B0:CB:D8:F3:32:19,-67,0,203,203,0,0,0,0,0
205879595,NODE_F42DC973E618,child,2,B0:CB:D8:F3:32:19,-66,0,203,203,0,0,0,0,0
205979587,NODE_F42DC973E618,child,2,B0:CB:D8:F3:32:19,-66,0,203,203,0,0,0,0,0
206079593,NODE_F42DC973E618,child,2,B0:CB:D8:F3:32:19,-66,0,203,203,0,0,0,0,0
206179591,NODE_F42DC973E618,child,2,B0:CB:D8:F3:32:19,-66,0,203,203,0,0,0,0,0
206279587,NODE_F42DC973E618,child,2,B0:CB:D8:F3:32:19,-66,0,203,203,0,0,0,0,0
206379593,NODE_F42DC973E618,child,2,B0:CB:D8:F3:32:19,-66,0,204,204,0,0,0,0,0
206479587,NODE_F42DC973E618,child,2,B0:CB:D8:F3:32:19,-66,0,204,204,0,0,0,0,0
206579587,NODE_F42DC973E618,child,2,B0:CB:D8:F3:32:19,-66,0,204,204,0,0,0,0,0
206679593,NODE_F42DC973E618,child,2,B0:CB:D8:F3:32:19,-66,0,204,204,0,0,0,0,0
206779587,NODE_F42DC973E618,child,2,B0:CB:D8:F3:32:19,-66,0,204,204,0,0,0,0,0
206879599,NODE_F42DC973E618,child,2,B0:CB:D8:F3:32:19,-66,0,204,204,0,0,0,0,0
206979589,NODE_F42DC973E618,child,2,B0:CB:D8:F3:32:19,-66,0,204,204,0,0,0,0,0
207079587,NODE_F42DC973E618,child,2,B0:CB:D8:F3:32:19,-66,0,204,204,0,0,0,0,0
207179587,NODE_F42DC973E618,child,2,B0:CB:D8:F3:32:19,-66,0,204,204,0,0,0,0,0
207279589,NODE_F42DC973E618,child,2,B0:CB:D8:F3:32:19,-66,0,204,204,0,0,0,0,0
207379591,NODE_F42DC973E618,child,2,B0:CB:D8:F3:32:19,-66,0,205,205,0,0,0,0,0
207479587,NODE_F42DC973E618,child,2,B0:CB:D8:F3:32:19,-66,0,205,205,0,0,0,0,0
207579593,NODE_F42DC973E618,child,2,B0:CB:D8:F3:32:19,-66,0,205,205,0,0,0,0,0
207679591,NODE_F42DC973E618,child,2,B0:CB:D8:F3:32:19,-66,0,205,205,0,0,0,0,0
207779587,NODE_F42DC973E618,child,2,B0:CB:D8:F3:32:19,-66,0,205,205,0,0,0,0,0
207879597,NODE_F42DC973E618,child,2,B0:CB:D8:F3:32:19,-66,0,205,205,0,0,0,0,0
207979587,NODE_F42DC973E618,child,2,B0:CB:D8:F3:32:19,-66,0,205,205,0,0,0,0,0
208079587,NODE_F42DC973E618,child,2,B0:CB:D8:F3:32:19,-66,0,205,205,0,0,0,0,0
208179593,NODE_F42DC973E618,child,2,B0:CB:D8:F3:32:19,-66,0,205,205,0,0,0,0,0
208279587,NODE_F42DC973E618,child,2,B0:CB:D8:F3:32:19,-66,0,205,205,0,0,0,0,0
208379591,NODE_F42DC973E618,child,2,B0:CB:D8:F3:32:19,-66,0,206,206,0,0,0,0,0
208479589,NODE_F42DC973E618,child,2,B0:CB:D8:F3:32:19,-66,0,206,206,0,0,0,0,0
208579587,NODE_F42DC973E618,child,2,B0:CB:D8:F3:32:19,-66,0,206,206,0,0,0,0,0
208679587,NODE_F42DC973E618,child,2,B0:CB:D8:F3:32:19,-66,0,206,206,0,0,0,0,0
208779593,NODE_F42DC973E618,child,2,B0:CB:D8:F3:32:19,-66,0,206,206,0,0,0,0,0
208879595,NODE_F42DC973E618,child,2,B0:CB:D8:F3:32:19,-66,0,206,206,0,0,0,0,0
208979591,NODE_F42DC973E618,child,2,B0:CB:D8:F3:32:19,-66,0,206,206,0,0,0,0,0
209079589,NODE_F42DC973E618,child,2,B0:CB:D8:F3:32:19,-66,0,206,206,0,0,0,0,0
209179587,NODE_F42DC973E618,child,2,B0:CB:D8:F3:32:19,-66,0,206,206,0,0,0,0,0
209279587,NODE_F42DC973E618,child,2,B0:CB:D8:F3:32:19,-66,0,206,206,0,0,0,0,0
209379728,NODE_F42DC973E618,child,2,B0:CB:D8:F3:32:19,-66,0,207,207,0,0,0,0,0
209479587,NODE_F42DC973E618,child,2,B0:CB:D8:F3:32:19,-66,0,207,207,0,0,0,0,0
209579591,NODE_F42DC973E618,child,2,B0:CB:D8:F3:32:19,-66,0,207,207,0,0,0,0,0
209679589,NODE_F42DC973E618,child,2,B0:CB:D8:F3:32:19,-66,0,207,207,0,0,0,0,0
209779591,NODE_F42DC973E618,child,2,B0:CB:D8:F3:32:19,-66,0,207,207,0,0,0,0,0
209879587,NODE_F42DC973E618,child,2,B0:CB:D8:F3:32:19,-66,0,207,207,0,0,0,0,0
209979597,NODE_F42DC973E618,child,2,B0:CB:D8:F3:32:19,-65,0,207,207,0,0,0,0,0
210079583,NODE_F42DC973E618,child,2,B0:CB:D8:F3:32:19,-65,0,207,207,0,0,0,0,0
210179591,NODE_F42DC973E618,child,2,B0:CB:D8:F3:32:19,-65,0,207,207,0,0,0,0,0
210279589,NODE_F42DC973E618,child,2,B0:CB:D8:F3:32:19,-65,0,207,207,0,0,0,0,0
210379591,NODE_F42DC973E618,child,2,B0:CB:D8:F3:32:19,-65,0,208,208,0,0,0,0,0
210479587,NODE_F42DC973E618,child,2,B0:CB:D8:F3:32:19,-65,0,208,208,0,0,0,0,0
210579589,NODE_F42DC973E618,child,2,B0:CB:D8:F3:32:19,-65,0,208,208,0,0,0,0,0
210679587,NODE_F42DC973E618,child,2,B0:CB:D8:F3:32:19,-65,0,208,208,0,0,0,0,0
210779591,NODE_F42DC973E618,child,2,B0:CB:D8:F3:32:19,-65,0,208,208,0,0,0,0,0
210879593,NODE_F42DC973E618,child,2,B0:CB:D8:F3:32:19,-65,0,208,208,0,0,0,0,0
210979595,NODE_F42DC973E618,child,2,B0:CB:D8:F3:32:19,-64,0,208,208,0,0,0,0,0
211079587,NODE_F42DC973E618,child,2,B0:CB:D8:F3:32:19,-64,0,208,208,0,0,0,0,0
211179593,NODE_F42DC973E618,child,2,B0:CB:D8:F3:32:19,-64,0,208,208,0,0,0,0,0
211279587,NODE_F42DC973E618,child,2,B0:CB:D8:F3:32:19,-64,0,208,208,0,0,0,0,0
211379591,NODE_F42DC973E618,child,2,B0:CB:D8:F3:32:19,-64,0,209,209,0,0,0,0,0
211479589,NODE_F42DC973E618,child,2,B0:CB:D8:F3:32:19,-64,0,209,209,0,0,0,0,0
211579591,NODE_F42DC973E618,child,2,B0:CB:D8:F3:32:19,-64,0,209,209,0,0,0,0,0
211679587,NODE_F42DC973E618,child,2,B0:CB:D8:F3:32:19,-64,0,209,209,0,0,0,0,0
211779593,NODE_F42DC973E618,child,2,B0:CB:D8:F3:32:19,-64,0,209,209,0,0,0,0,0
211879591,NODE_F42DC973E618,child,2,B0:CB:D8:F3:32:19,-64,0,209,209,0,0,0,0,0
211979595,NODE_F42DC973E618,child,2,B0:CB:D8:F3:32:19,-64,0,209,209,0,0,0,0,0
212079589,NODE_F42DC973E618,child,2,B0:CB:D8:F3:32:19,-64,0,209,209,0,0,0,0,0
212179591,NODE_F42DC973E618,child,2,B0:CB:D8:F3:32:19,-64,0,209,209,0,0,0,0,0
212279595,NODE_F42DC973E618,child,2,B0:CB:D8:F3:32:19,-64,0,209,209,0,0,0,0,0
212379593,NODE_F42DC973E618,child,2,B0:CB:D8:F3:32:19,-64,0,210,210,0,0,0,0,0
212479587,NODE_F42DC973E618,child,2,B0:CB:D8:F3:32:19,-64,0,210,210,0,0,0,0,0
212579587,NODE_F42DC973E618,child,2,B0:CB:D8:F3:32:19,-64,0,210,210,0,0,0,0,0
212679589,NODE_F42DC973E618,child,2,B0:CB:D8:F3:32:19,-64,0,210,210,0,0,0,0,0
212779766,NODE_F42DC973E618,child,2,B0:CB:D8:F3:32:19,-64,0,210,210,0,0,0,0,0
212879591,NODE_F42DC973E618,child,2,B0:CB:D8:F3:32:19,-64,0,210,210,0,0,0,0,0
212979589,NODE_F42DC973E618,child,2,B0:CB:D8:F3:32:19,-64,0,210,210,0,0,0,0,0
213079595,NODE_F42DC973E618,child,2,B0:CB:D8:F3:32:19,-64,0,210,210,0,0,0,0,0
213179587,NODE_F42DC973E618,child,2,B0:CB:D8:F3:32:19,-64,0,210,210,0,0,0,0,0
213279589,NODE_F42DC973E618,child,2,B0:CB:D8:F3:32:19,-64,0,210,210,0,0,0,0,0
213379591,NODE_F42DC973E618,child,2,B0:CB:D8:F3:32:19,-64,0,211,211,0,0,0,0,0
213479587,NODE_F42DC973E618,child,2,B0:CB:D8:F3:32:19,-64,0,211,211,0,0,0,0,0
213579593,NODE_F42DC973E618,child,2,B0:CB:D8:F3:32:19,-64,0,211,211,0,0,0,0,0
213679587,NODE_F42DC973E618,child,2,B0:CB:D8:F3:32:19,-64,0,211,211,0,0,0,0,0
213779587,NODE_F42DC973E618,child,2,B0:CB:D8:F3:32:19,-64,0,211,211,0,0,0,0,0
213879593,NODE_F42DC973E618,child,2,B0:CB:D8:F3:32:19,-64,0,211,211,0,0,0,0,0
213979587,NODE_F42DC973E618,child,2,B0:CB:D8:F3:32:19,-64,0,211,211,0,0,0,0,0
214079595,NODE_F42DC973E618,child,2,B0:CB:D8:F3:32:19,-63,0,211,211,0,0,0,0,0
214179593,NODE_F42DC973E618,child,2,B0:CB:D8:F3:32:19,-63,0,211,211,0,0,0,0,0
214279587,NODE_F42DC973E618,child,2,B0:CB:D8:F3:32:19,-63,0,211,211,0,0,0,0,0
214379591,NODE_F42DC973E618,child,2,B0:CB:D8:F3:32:19,-63,0,212,212,0,0,0,0,0
214479589,NODE_F42DC973E618,child,2,B0:CB:D8:F3:32:19,-63,0,212,212,0,0,0,0,0
214579587,NODE_F42DC973E618,child,2,B0:CB:D8:F3:32:19,-63,0,212,212,0,0,0,0,0
214679587,NODE_F42DC973E618,child,2,B0:CB:D8:F3:32:19,-63,0,212,212,0,0,0,0,0
214779589,NODE_F42DC973E618,child,2,B0:CB:D8:F3:32:19,-63,0,212,212,0,0,0,0,0
214879595,NODE_F42DC973E618,child,2,B0:CB:D8:F3:32:19,-63,0,212,212,0,0,0,0,0
214979587,NODE_F42DC973E618,child,2,B0:CB:D8:F3:32:19,-63,0,212,212,0,0,0,0,0
215079597,NODE_F42DC973E618,child,2,B0:CB:D8:F3:32:19,-63,0,212,212,0,0,0,0,0
215179587,NODE_F42DC973E618,child,2,B0:CB:D8:F3:32:19,-63,0,212,212,0,0,0,0,0
215279587,NODE_F42DC973E618,child,2,B0:CB:D8:F3:32:19,-63,0,212,212,0,0,0,0,0
215379593,NODE_F42DC973E618,child,2,B0:CB:D8:F3:32:19,-63,0,213,213,0,0,0,0,0
215479587,NODE_F42DC973E618,child,2,B0:CB:D8:F3:32:19,-63,0,213,213,0,0,0,0,0
215579591,NODE_F42DC973E618,child,2,B0:CB:D8:F3:32:19,-63,0,213,213,0,0,0,0,0
215679589,NODE_F42DC973E618,child,2,B0:CB:D8:F3:32:19,-63,0,213,213,0,0,0,0,0
215779587,NODE_F42DC973E618,child,2,B0:CB:D8:F3:32:19,-63,0,213,213,0,0,0,0,0
215879591,NODE_F42DC973E618,child,2,B0:CB:D8:F3:32:19,-63,0,213,213,0,0,0,0,0
215979589,NODE_F42DC973E618,child,2,B0:CB:D8:F3:32:19,-63,0,213,213,0,0,0,0,0
216079591,NODE_F42DC973E618,child,2,B0:CB:D8:F3:32:19,-63,0,213,213,0,0,0,0,0
216179599,NODE_F42DC973E618,child,2,B0:CB:D8:F3:32:19,-63,0,213,213,0,0,0,0,0
216279589,NODE_F42DC973E618,child,2,B0:CB:D8:F3:32:19,-63,0,213,213,0,0,0,0,0
216379591,NODE_F42DC973E618,child,2,B0:CB:D8:F3:32:19,-63,0,214,214,0,0,0,0,0
216479587,NODE_F42DC973E618,child,2,B0:CB:D8:F3:32:19,-63,0,214,214,0,0,0,0,0
216579589,NODE_F42DC973E618,child,2,B0:CB:D8:F3:32:19,-63,0,214,214,0,0,0,0,0
216679591,NODE_F42DC973E618,child,2,B0:CB:D8:F3:32:19,-63,0,214,214,0,0,0,0,0
216779587,NODE_F42DC973E618,child,2,B0:CB:D8:F3:32:19,-63,0,214,214,0,0,0,0,0
216879593,NODE_F42DC973E618,child,2,B0:CB:D8:F3:32:19,-63,0,214,214,0,0,0,0,0
216979587,NODE_F42DC973E618,child,2,B0:CB:D8:F3:32:19,-63,0,214,214,0,0,0,0,0
217079587,NODE_F42DC973E618,child,2,B0:CB:D8:F3:32:19,-63,0,214,214,0,0,0,0,0
217179597,NODE_F42DC973E618,child,2,B0:CB:D8:F3:32:19,-63,0,214,214,0,0,0,0,0
217279583,NODE_F42DC973E618,child,2,B0:CB:D8:F3:32:19,-63,0,214,214,0,0,0,0,0
217379595,NODE_F42DC973E618,child,2,B0:CB:D8:F3:32:19,-63,0,215,215,0,0,0,0,0
217479589,NODE_F42DC973E618,child,2,B0:CB:D8:F3:32:19,-63,0,215,215,0,0,0,0,0
217579587,NODE_F42DC973E618,child,2,B0:CB:D8:F3:32:19,-63,0,215,215,0,0,0,0,0
217679587,NODE_F42DC973E618,child,2,B0:CB:D8:F3:32:19,-63,0,215,215,0,0,0,0,0
217779589,NODE_F42DC973E618,child,2,B0:CB:D8:F3:32:19,-63,0,215,215,0,0,0,0,0
217879591,NODE_F42DC973E618,child,2,B0:CB:D8:F3:32:19,-63,0,215,215,0,0,0,0,0
217979591,NODE_F42DC973E618,child,2,B0:CB:D8:F3:32:19,-63,0,215,215,0,0,0,0,0
218079593,NODE_F42DC973E618,child,2,B0:CB:D8:F3:32:19,-63,0,215,215,0,0,0,0,0
218179595,NODE_F42DC973E618,child,2,B0:CB:D8:F3:32:19,-63,0,215,215,0,0,0,0,0
218279587,NODE_F42DC973E618,child,2,B0:CB:D8:F3:32:19,-63,0,215,215,0,0,0,0,0
218379593,NODE_F42DC973E618,child,2,B0:CB:D8:F3:32:19,-63,0,216,216,0,0,0,0,0
218479587,NODE_F42DC973E618,child,2,B0:CB:D8:F3:32:19,-63,0,216,216,0,0,0,0,0
218579587,NODE_F42DC973E618,child,2,B0:CB:D8:F3:32:19,-63,0,216,216,0,0,0,0,0
218679593,NODE_F42DC973E618,child,2,B0:CB:D8:F3:32:19,-63,0,216,216,0,0,0,0,0
218779587,NODE_F42DC973E618,child,2,B0:CB:D8:F3:32:19,-63,0,216,216,0,0,0,0,0
218879587,NODE_F42DC973E618,child,2,B0:CB:D8:F3:32:19,-63,0,216,216,0,0,0,0,0
218979593,NODE_F42DC973E618,child,2,B0:CB:D8:F3:32:19,-63,0,216,216,0,0,0,0,0
219079587,NODE_F42DC973E618,child,2,B0:CB:D8:F3:32:19,-63,0,216,216,0,0,0,0,0
219179595,NODE_F42DC973E618,child,2,B0:CB:D8:F3:32:19,-63,0,216,216,0,0,0,0,0
219279589,NODE_F42DC973E618,child,2,B0:CB:D8:F3:32:19,-63,0,216,216,0,0,0,0,0
219379595,NODE_F42DC973E618,child,2,B0:CB:D8:F3:32:19,-63,0,217,217,0,0,0,0,0
219479587,NODE_F42DC973E618,child,2,B0:CB:D8:F3:32:19,-63,0,217,217,0,0,0,0,0
219579589,NODE_F42DC973E618,child,2,B0:CB:D8:F3:32:19,-63,0,217,217,0,0,0,0,0
219679587,NODE_F42DC973E618,child,2,B0:CB:D8:F3:32:19,-63,0,217,217,0,0,0,0,0
219779587,NODE_F42DC973E618,child,2,B0:CB:D8:F3:32:19,-63,0,217,217,0,0,0,0,0
219879589,NODE_F42DC973E618,child,2,B0:CB:D8:F3:32:19,-63,0,217,217,0,0,0,0,0
219979591,NODE_F42DC973E618,child,2,B0:CB:D8:F3:32:19,-63,0,217,217,0,0,0,0,0
220079595,NODE_F42DC973E618,child,2,B0:CB:D8:F3:32:19,-63,0,217,217,0,0,0,0,0
220179597,NODE_F42DC973E618,child,2,B0:CB:D8:F3:32:19,-63,0,217,217,0,0,0,0,0
220279587,NODE_F42DC973E618,child,2,B0:CB:D8:F3:32:19,-63,0,217,217,0,0,0,0,0
220379587,NODE_F42DC973E618,child,2,B0:CB:D8:F3:32:19,-63,0,217,217,0,0,0,0,0
220479593,NODE_F42DC973E618,child,2,B0:CB:D8:F3:32:19,-63,0,218,218,0,0,0,0,0
220579587,NODE_F42DC973E618,child,2,B0:CB:D8:F3:32:19,-63,0,218,218,0,0,0,0,0
220679591,NODE_F42DC973E618,child,2,B0:CB:D8:F3:32:19,-63,0,218,218,0,0,0,0,0
220779589,NODE_F42DC973E618,child,2,B0:CB:D8:F3:32:19,-63,0,218,218,0,0,0,0,0
220879591,NODE_F42DC973E618,child,2,B0:CB:D8:F3:32:19,-63,0,218,218,0,0,0,0,0
220979591,NODE_F42DC973E618,child,2,B0:CB:D8:F3:32:19,-63,0,218,218,0,0,0,0,0
221079589,NODE_F42DC973E618,child,2,B0:CB:D8:F3:32:19,-63,0,218,218,0,0,0,0,0
221179771,NODE_F42DC973E618,child,2,B0:CB:D8:F3:32:19,-64,0,218,218,0,0,0,0,0
221279591,NODE_F42DC973E618,child,2,B0:CB:D8:F3:32:19,-64,0,218,218,0,0,0,0,0
221380368,NODE_F42DC973E618,child,2,B0:CB:D8:F3:32:19,-64,0,218,218,0,0,0,0,0
221479595,NODE_F42DC973E618,child,2,B0:CB:D8:F3:32:19,-64,0,219,219,0,0,0,0,0
221579587,NODE_F42DC973E618,child,2,B0:CB:D8:F3:32:19,-64,0,219,219,0,0,0,0,0
221679589,NODE_F42DC973E618,child,2,B0:CB:D8:F3:32:19,-64,0,219,219,0,0,0,0,0
221779587,NODE_F42DC973E618,child,2,B0:CB:D8:F3:32:19,-64,0,219,219,0,0,0,0,0
221879587,NODE_F42DC973E618,child,2,B0:CB:D8:F3:32:19,-64,0,219,219,0,0,0,0,0
221979589,NODE_F42DC973E618,child,2,B0:CB:D8:F3:32:19,-64,0,219,219,0,0,0,0,0
222079595,NODE_F42DC973E618,child,2,B0:CB:D8:F3:32:19,-64,0,219,219,0,0,0,0,0
222179591,NODE_F42DC973E618,child,2,B0:CB:D8:F3:32:19,-64,0,219,219,0,0,0,0,0
222279593,NODE_F42DC973E618,child,2,B0:CB:D8:F3:32:19,-64,0,219,219,0,0,0,0,0
222379587,NODE_F42DC973E618,child,2,B0:CB:D8:F3:32:19,-64,0,219,219,0,0,0,0,0
222479591,NODE_F42DC973E618,child,2,B0:CB:D8:F3:32:19,-64,0,220,220,0,0,0,0,0
222579589,NODE_F42DC973E618,child,2,B0:CB:D8:F3:32:19,-64,0,220,220,0,0,0,0,0
222679591,NODE_F42DC973E618,child,2,B0:CB:D8:F3:32:19,-64,0,220,220,0,0,0,0,0
222779587,NODE_F42DC973E618,child,2,B0:CB:D8:F3:32:19,-64,0,220,220,0,0,0,0,0
222879589,NODE_F42DC973E618,child,2,B0:CB:D8:F3:32:19,-64,0,220,220,0,0,0,0,0
222979587,NODE_F42DC973E618,child,2,B0:CB:D8:F3:32:19,-64,0,220,220,0,0,0,0,0
223079591,NODE_F42DC973E618,child,2,B0:CB:D8:F3:32:19,-64,0,220,220,0,0,0,0,0
223179589,NODE_F42DC973E618,child,2,B0:CB:D8:F3:32:19,-64,0,220,220,0,0,0,0,0
223279595,NODE_F42DC973E618,child,2,B0:CB:D8:F3:32:19,-63,0,220,220,0,0,0,0,0
223379591,NODE_F42DC973E618,child,2,B0:CB:D8:F3:32:19,-63,0,220,220,0,0,0,0,0
223479593,NODE_F42DC973E618,child,2,B0:CB:D8:F3:32:19,-63,0,221,221,0,0,0,0,0
223579587,NODE_F42DC973E618,child,2,B0:CB:D8:F3:32:19,-63,0,221,221,0,0,0,0,0
223679587,NODE_F42DC973E618,child,2,B0:CB:D8:F3:32:19,-63,0,221,221,0,0,0,0,0
223779589,NODE_F42DC973E618,child,2,B0:CB:D8:F3:32:19,-63,0,221,221,0,0,0,0,0
223879591,NODE_F42DC973E618,child,2,B0:CB:D8:F3:32:19,-63,0,221,221,0,0,0,0,0
223979587,NODE_F42DC973E618,child,2,B0:CB:D8:F3:32:19,-63,0,221,221,0,0,0,0,0
224079597,NODE_F42DC973E618,child,2,B0:CB:D8:F3:32:19,-63,0,221,221,0,0,0,0,0
224179587,NODE_F42DC973E618,child,2,B0:CB:D8:F3:32:19,-63,0,221,221,0,0,0,0,0
224279595,NODE_F42DC973E618,child,2,B0:CB:D8:F3:32:19,-64,0,221,221,0,0,0,0,0
224379589,NODE_F42DC973E618,child,2,B0:CB:D8:F3:32:19,-64,0,221,221,0,0,0,0,0
224479591,NODE_F42DC973E618,child,2,B0:CB:D8:F3:32:19,-64,0,222,222,0,0,0,0,0
224579583,NODE_F42DC973E618,child,2,B0:CB:D8:F3:32:19,-64,0,222,222,0,0,0,0,0
224679593,NODE_F42DC973E618,child,2,B0:CB:D8:F3:32:19,-64,0,222,222,0,0,0,0,0
224779587,NODE_F42DC973E618,child,2,B0:CB:D8:F3:32:19,-64,0,222,222,0,0,0,0,0
224879587,NODE_F42DC973E618,child,2,B0:CB:D8:F3:32:19,-64,0,222,222,0,0,0,0,0
224979589,NODE_F42DC973E618,child,2,B0:CB:D8:F3:32:19,-64,0,222,222,0,0,0,0,0
225079591,NODE_F42DC973E618,child,2,B0:CB:D8:F3:32:19,-64,0,222,222,0,0,0,0,0
225179587,NODE_F42DC973E618,child,2,B0:CB:D8:F3:32:19,-64,0,222,222,0,0,0,0,0
225279597,NODE_F42DC973E618,child,2,B0:CB:D8:F3:32:19,-63,0,222,222,0,0,0,0,0
225379595,NODE_F42DC973E618,child,2,B0:CB:D8:F3:32:19,-63,0,222,222,0,0,0,0,0
225479591,NODE_F42DC973E618,child,2,B0:CB:D8:F3:32:19,-63,0,223,223,0,0,0,0,0
225579589,NODE_F42DC973E618,child,2,B0:CB:D8:F3:32:19,-63,0,223,223,0,0,0,0,0
225679587,NODE_F42DC973E618,child,2,B0:CB:D8:F3:32:19,-63,0,223,223,0,0,0,0,0
225779587,NODE_F42DC973E618,child,2,B0:CB:D8:F3:32:19,-63,0,223,223,0,0,0,0,0
225879589,NODE_F42DC973E618,child,2,B0:CB:D8:F3:32:19,-63,0,223,223,0,0,0,0,0
225979587,NODE_F42DC973E618,child,2,B0:CB:D8:F3:32:19,-63,0,223,223,0,0,0,0,0
226079591,NODE_F42DC973E618,child,2,B0:CB:D8:F3:32:19,-63,0,223,223,0,0,0,0,0
226179593,NODE_F42DC973E618,child,2,B0:CB:D8:F3:32:19,-63,0,223,223,0,0,0,0,0
226279587,NODE_F42DC973E618,child,2,B0:CB:D8:F3:32:19,-63,0,223,223,0,0,0,0,0
226379595,NODE_F42DC973E618,child,2,B0:CB:D8:F3:32:19,-63,0,223,223,0,0,0,0,0
226479593,NODE_F42DC973E618,child,2,B0:CB:D8:F3:32:19,-63,0,224,224,0,0,0,0,0
226579587,NODE_F42DC973E618,child,2,B0:CB:D8:F3:32:19,-63,0,224,224,0,0,0,0,0
226679591,NODE_F42DC973E618,child,2,B0:CB:D8:F3:32:19,-63,0,224,224,0,0,0,0,0
226779589,NODE_F42DC973E618,child,2,B0:CB:D8:F3:32:19,-63,0,224,224,0,0,0,0,0
226879591,NODE_F42DC973E618,child,2,B0:CB:D8:F3:32:19,-63,0,224,224,0,0,0,0,0
226979587,NODE_F42DC973E618,child,2,B0:CB:D8:F3:32:19,-63,0,224,224,0,0,0,0,0
227079585,NODE_F42DC973E618,child,2,B0:CB:D8:F3:32:19,-63,0,224,224,0,0,0,0,0
227215783,NODE_F42DC973E618,child,2,B0:CB:D8:F3:32:19,-63,0,224,224,0,0,0,0,0
227279583,NODE_F42DC973E618,child,2,B0:CB:D8:F3:32:19,-63,0,224,224,0,0,0,0,0
227379593,NODE_F42DC973E618,child,2,B0:CB:D8:F3:32:19,-63,0,224,224,0,0,0,0,0
227479583,NODE_F42DC973E618,child,2,B0:CB:D8:F3:32:19,-63,0,225,225,0,0,0,0,0
227579587,NODE_F42DC973E618,child,2,B0:CB:D8:F3:32:19,-63,0,225,225,0,0,0,0,0
227679589,NODE_F42DC973E618,child,2,B0:CB:D8:F3:32:19,-63,0,225,225,0,0,0,0,0
227779587,NODE_F42DC973E618,child,2,B0:CB:D8:F3:32:19,-63,0,225,225,0,0,0,0,0
227879591,NODE_F42DC973E618,child,2,B0:CB:D8:F3:32:19,-63,0,225,225,0,0,0,0,0
227979589,NODE_F42DC973E618,child,2,B0:CB:D8:F3:32:19,-63,0,225,225,0,0,0,0,0
228079587,NODE_F42DC973E618,child,2,B0:CB:D8:F3:32:19,-63,0,225,225,0,0,0,0,0
228179591,NODE_F42DC973E618,child,2,B0:CB:D8:F3:32:19,-63,0,225,225,0,0,0,0,0
228279589,NODE_F42DC973E618,child,2,B0:CB:D8:F3:32:19,-63,0,225,225,0,0,0,0,0
228379595,NODE_F42DC973E618,child,2,B0:CB:D8:F3:32:19,-64,0,225,225,0,0,0,0,0
228479591,NODE_F42DC973E618,child,2,B0:CB:D8:F3:32:19,-64,0,226,226,0,0,0,0,0
228579593,NODE_F42DC973E618,child,2,B0:CB:D8:F3:32:19,-64,0,226,226,0,0,0,0,0
228679587,NODE_F42DC973E618,child,2,B0:CB:D8:F3:32:19,-64,0,226,226,0,0,0,0,0
228779587,NODE_F42DC973E618,child,2,B0:CB:D8:F3:32:19,-64,0,226,226,0,0,0,0,0
228879589,NODE_F42DC973E618,child,2,B0:CB:D8:F3:32:19,-64,0,226,226,0,0,0,0,0
228979587,NODE_F42DC973E618,child,2,B0:CB:D8:F3:32:19,-64,0,226,226,0,0,0,0,0
229079587,NODE_F42DC973E618,child,2,B0:CB:D8:F3:32:19,-64,0,226,226,0,0,0,0,0
229179597,NODE_F42DC973E618,child,2,B0:CB:D8:F3:32:19,-64,0,226,226,0,0,0,0,0
229279587,NODE_F42DC973E618,child,2,B0:CB:D8:F3:32:19,-64,0,226,226,0,0,0,0,0
229379591,NODE_F42DC973E618,child,2,B0:CB:D8:F3:32:19,-64,0,226,226,0,0,0,0,0
229479589,NODE_F42DC973E618,child,2,B0:CB:D8:F3:32:19,-64,0,227,227,0,0,0,0,0
229579591,NODE_F42DC973E618,child,2,B0:CB:D8:F3:32:19,-64,0,227,227,0,0,0,0,0
229679587,NODE_F42DC973E618,child,2,B0:CB:D8:F3:32:19,-64,0,227,227,0,0,0,0,0
229779589,NODE_F42DC973E618,child,2,B0:CB:D8:F3:32:19,-64,0,227,227,0,0,0,0,0
229879607,NODE_F42DC973E618,child,2,B0:CB:D8:F3:32:19,-64,0,227,227,0,0,0,0,0
229979583,NODE_F42DC973E618,child,2,B0:CB:D8:F3:32:19,-64,0,227,227,0,0,0,0,0
230079593,NODE_F42DC973E618,child,2,B0:CB:D8:F3:32:19,-64,0,227,227,0,0,0,0,0
230179587,NODE_F42DC973E618,child,2,B0:CB:D8:F3:32:19,-64,0,227,227,0,0,0,0,0
230279591,NODE_F42DC973E618,child,2,B0:CB:D8:F3:32:19,-64,0,227,227,0,0,0,0,0
230379589,NODE_F42DC973E618,child,2,B0:CB:D8:F3:32:19,-64,0,227,227,0,0,0,0,0
230479587,NODE_F42DC973E618,child,2,B0:CB:D8:F3:32:19,-64,0,228,228,0,0,0,0,0
230579595,NODE_F42DC973E618,child,2,B0:CB:D8:F3:32:19,-64,0,228,228,0,0,0,0,0
230679589,NODE_F42DC973E618,child,2,B0:CB:D8:F3:32:19,-64,0,228,228,0,0,0,0,0
230779587,NODE_F42DC973E618,child,2,B0:CB:D8:F3:32:19,-64,0,228,228,0,0,0,0,0
230879587,NODE_F42DC973E618,child,2,B0:CB:D8:F3:32:19,-64,0,228,228,0,0,0,0,0
230979589,NODE_F42DC973E618,child,2,B0:CB:D8:F3:32:19,-64,0,228,228,0,0,0,0,0
231079587,NODE_F42DC973E618,child,2,B0:CB:D8:F3:32:19,-64,0,228,228,0,0,0,0,0
231179591,NODE_F42DC973E618,child,2,B0:CB:D8:F3:32:19,-64,0,228,228,0,0,0,0,0
231279593,NODE_F42DC973E618,child,2,B0:CB:D8:F3:32:19,-64,0,228,228,0,0,0,0,0
231379583,NODE_F42DC973E618,child,2,B0:CB:D8:F3:32:19,-64,0,228,228,0,0,0,0,0
231479587,NODE_F42DC973E618,child,2,B0:CB:D8:F3:32:19,-63,0,229,229,0,0,0,0,0
231579593,NODE_F42DC973E618,child,2,B0:CB:D8:F3:32:19,-63,0,229,229,0,0,0,0,0
231679587,NODE_F42DC973E618,child,2,B0:CB:D8:F3:32:19,-63,0,229,229,0,0,0,0,0
231779583,NODE_F42DC973E618,child,2,B0:CB:D8:F3:32:19,-63,0,229,229,0,0,0,0,0
231879593,NODE_F42DC973E618,child,2,B0:CB:D8:F3:32:19,-63,0,229,229,0,0,0,0,0
231979587,NODE_F42DC973E618,child,2,B0:CB:D8:F3:32:19,-63,0,229,229,0,0,0,0,0
232079587,NODE_F42DC973E618,child,2,B0:CB:D8:F3:32:19,-63,0,229,229,0,0,0,0,0
232179589,NODE_F42DC973E618,child,2,B0:CB:D8:F3:32:19,-63,0,229,229,0,0,0,0,0
232279591,NODE_F42DC973E618,child,2,B0:CB:D8:F3:32:19,-63,0,229,229,0,0,0,0,0
232379587,NODE_F42DC973E618,child,2,B0:CB:D8:F3:32:19,-63,0,229,229,0,0,0,0,0
232479593,NODE_F42DC973E618,child,2,B0:CB:D8:F3:32:19,-63,0,230,230,0,0,0,0,0
232579591,NODE_F42DC973E618,child,2,B0:CB:D8:F3:32:19,-63,0,230,230,0,0,0,0,0
232679587,NODE_F42DC973E618,child,2,B0:CB:D8:F3:32:19,-63,0,230,230,0,0,0,0,0
232779589,NODE_F42DC973E618,child,2,B0:CB:D8:F3:32:19,-63,0,230,230,0,0,0,0,0
232879587,NODE_F42DC973E618,child,2,B0:CB:D8:F3:32:19,-63,0,230,230,0,0,0,0,0
232979591,NODE_F42DC973E618,child,2,B0:CB:D8:F3:32:19,-63,0,230,230,0,0,0,0,0
233079589,NODE_F42DC973E618,child,2,B0:CB:D8:F3:32:19,-63,0,230,230,0,0,0,0,0
233179591,NODE_F42DC973E618,child,2,B0:CB:D8:F3:32:19,-63,0,230,230,0,0,0,0,0
233279591,NODE_F42DC973E618,child,2,B0:CB:D8:F3:32:19,-63,0,230,230,0,0,0,0,0
233379589,NODE_F42DC973E618,child,2,B0:CB:D8:F3:32:19,-63,0,230,230,0,0,0,0,0
233479595,NODE_F42DC973E618,child,2,B0:CB:D8:F3:32:19,-63,0,231,231,0,0,0,0,0
233579587,NODE_F42DC973E618,child,2,B0:CB:D8:F3:32:19,-63,0,231,231,0,0,0,0,0
233679589,NODE_F42DC973E618,child,2,B0:CB:D8:F3:32:19,-63,0,231,231,0,0,0,0,0
233779587,NODE_F42DC973E618,child,2,B0:CB:D8:F3:32:19,-63,0,231,231,0,0,0,0,0
233879591,NODE_F42DC973E618,child,2,B0:CB:D8:F3:32:19,-63,0,231,231,0,0,0,0,0
233979585,NODE_F42DC973E618,child,2,B0:CB:D8:F3:32:19,-63,0,231,231,0,0,0,0,0
234079591,NODE_F42DC973E618,child,2,B0:CB:D8:F3:32:19,-63,0,231,231,0,0,0,0,0
234179587,NODE_F42DC973E618,child,2,B0:CB:D8:F3:32:19,-63,0,231,231,0,0,0,0,0
234279589,NODE_F42DC973E618,child,2,B0:CB:D8:F3:32:19,-63,0,231,231,0,0,0,0,0
234379591,NODE_F42DC973E618,child,2,B0:CB:D8:F3:32:19,-63,0,231,231,0,0,0,0,0
234479591,NODE_F42DC973E618,child,2,B0:CB:D8:F3:32:19,-63,0,232,232,0,0,0,0,0
234579601,NODE_F42DC973E618,child,2,B0:CB:D8:F3:32:19,-63,0,232,232,0,0,0,0,0
234679587,NODE_F42DC973E618,child,2,B0:CB:D8:F3:32:19,-63,0,232,232,0,0,0,0,0
234779587,NODE_F42DC973E618,child,2,B0:CB:D8:F3:32:19,-63,0,232,232,0,0,0,0,0
234879589,NODE_F42DC973E618,child,2,B0:CB:D8:F3:32:19,-63,0,232,232,0,0,0,0,0
234979587,NODE_F42DC973E618,child,2,B0:CB:D8:F3:32:19,-63,0,232,232,0,0,0,0,0
235079587,NODE_F42DC973E618,child,2,B0:CB:D8:F3:32:19,-63,0,232,232,0,0,0,0,0
235179593,NODE_F42DC973E618,child,2,B0:CB:D8:F3:32:19,-63,0,232,232,0,0,0,0,0
235279587,NODE_F42DC973E618,child,2,B0:CB:D8:F3:32:19,-63,0,232,232,0,0,0,0,0
235379591,NODE_F42DC973E618,child,2,B0:CB:D8:F3:32:19,-63,0,232,232,0,0,0,0,0
235479593,NODE_F42DC973E618,child,2,B0:CB:D8:F3:32:19,-63,0,233,233,0,0,0,0,0
235579595,NODE_F42DC973E618,child,2,B0:CB:D8:F3:32:19,-64,0,233,233,0,0,0,0,0
235679587,NODE_F42DC973E618,child,2,B0:CB:D8:F3:32:19,-64,0,233,233,0,0,0,0,0
235779585,NODE_F42DC973E618,child,2,B0:CB:D8:F3:32:19,-64,0,233,233,0,0,0,0,0
235879591,NODE_F42DC973E618,child,2,B0:CB:D8:F3:32:19,-64,0,233,233,0,0,0,0,0
235979591,NODE_F42DC973E618,child,2,B0:CB:D8:F3:32:19,-64,0,233,233,0,0,0,0,0
236079589,NODE_F42DC973E618,child,2,B0:CB:D8:F3:32:19,-64,0,233,233,0,0,0,0,0
236179587,NODE_F42DC973E618,child,2,B0:CB:D8:F3:32:19,-64,0,233,233,0,0,0,0,0
236279587,NODE_F42DC973E618,child,2,B0:CB:D8:F3:32:19,-64,0,233,233,0,0,0,0,0
236379593,NODE_F42DC973E618,child,2,B0:CB:D8:F3:32:19,-64,0,233,233,0,0,0,0,0
236479591,NODE_F42DC973E618,child,2,B0:CB:D8:F3:32:19,-64,0,234,234,0,0,0,0,0
236579599,NODE_F42DC973E618,child,2,B0:CB:D8:F3:32:19,-63,0,234,234,0,0,0,0,0
236679589,NODE_F42DC973E618,child,2,B0:CB:D8:F3:32:19,-63,0,234,234,0,0,0,0,0
236779587,NODE_F42DC973E618,child,2,B0:CB:D8:F3:32:19,-63,0,234,234,0,0,0,0,0
236879587,NODE_F42DC973E618,child,2,B0:CB:D8:F3:32:19,-63,0,234,234,0,0,0,0,0
236979589,NODE_F42DC973E618,child,2,B0:CB:D8:F3:32:19,-63,0,234,234,0,0,0,0,0
237079587,NODE_F42DC973E618,child,2,B0:CB:D8:F3:32:19,-63,0,234,234,0,0,0,0,0
237179591,NODE_F42DC973E618,child,2,B0:CB:D8:F3:32:19,-63,0,234,234,0,0,0,0,0
237279589,NODE_F42DC973E618,child,2,B0:CB:D8:F3:32:19,-63,0,234,234,0,0,0,0,0
237379591,NODE_F42DC973E618,child,2,B0:CB:D8:F3:32:19,-63,0,234,234,0,0,0,0,0
237479591,NODE_F42DC973E618,child,2,B0:CB:D8:F3:32:19,-63,0,235,235,0,0,0,0,0
237579597,NODE_F42DC973E618,child,2,B0:CB:D8:F3:32:19,-64,0,235,235,0,0,0,0,0
237679591,NODE_F42DC973E618,child,2,B0:CB:D8:F3:32:19,-64,0,235,235,0,0,0,0,0
237779587,NODE_F42DC973E618,child,2,B0:CB:D8:F3:32:19,-64,0,235,235,0,0,0,0,0
237879589,NODE_F42DC973E618,child,2,B0:CB:D8:F3:32:19,-64,0,235,235,0,0,0,0,0
237979587,NODE_F42DC973E618,child,2,B0:CB:D8:F3:32:19,-64,0,235,235,0,0,0,0,0
238079724,NODE_F42DC973E618,child,2,B0:CB:D8:F3:32:19,-64,0,235,235,0,0,0,0,0
238179589,NODE_F42DC973E618,child,2,B0:CB:D8:F3:32:19,-64,0,235,235,0,0,0,0,0
238279587,NODE_F42DC973E618,child,2,B0:CB:D8:F3:32:19,-64,0,235,235,0,0,0,0,0
238379777,NODE_F42DC973E618,child,2,B0:CB:D8:F3:32:19,-64,0,235,235,0,0,0,0,0
238479593,NODE_F42DC973E618,child,2,B0:CB:D8:F3:32:19,-64,0,236,236,0,0,0,0,0
238579587,NODE_F42DC973E618,child,2,B0:CB:D8:F3:32:19,-64,0,236,236,0,0,0,0,0
238679595,NODE_F42DC973E618,child,2,B0:CB:D8:F3:32:19,-63,0,236,236,0,0,0,0,0
238779589,NODE_F42DC973E618,child,2,B0:CB:D8:F3:32:19,-63,0,236,236,0,0,0,0,0
238879587,NODE_F42DC973E618,child,2,B0:CB:D8:F3:32:19,-63,0,236,236,0,0,0,0,0
238979591,NODE_F42DC973E618,child,2,B0:CB:D8:F3:32:19,-63,0,236,236,0,0,0,0,0
239079593,NODE_F42DC973E618,child,2,B0:CB:D8:F3:32:19,-63,0,236,236,0,0,0,0,0
239179591,NODE_F42DC973E618,child,2,B0:CB:D8:F3:32:19,-63,0,236,236,0,0,0,0,0
239279587,NODE_F42DC973E618,child,2,B0:CB:D8:F3:32:19,-63,0,236,236,0,0,0,0,0
239379589,NODE_F42DC973E618,child,2,B0:CB:D8:F3:32:19,-63,0,236,236,0,0,0,0,0
239479587,NODE_F42DC973E618,child,2,B0:CB:D8:F3:32:19,-63,0,237,237,0,0,0,0,0
239579591,NODE_F42DC973E618,child,2,B0:CB:D8:F3:32:19,-63,0,237,237,0,0,0,0,0
239679601,NODE_F42DC973E618,child,2,B0:CB:D8:F3:32:19,-64,0,237,237,0,0,0,0,0
239779587,NODE_F42DC973E618,child,2,B0:CB:D8:F3:32:19,-64,0,237,237,0,0,0,0,0
239879587,NODE_F42DC973E618,child,2,B0:CB:D8:F3:32:19,-64,0,237,237,0,0,0,0,0
239979589,NODE_F42DC973E618,child,2,B0:CB:D8:F3:32:19,-64,0,237,237,0,0,0,0,0
240079587,NODE_F42DC973E618,child,2,B0:CB:D8:F3:32:19,-64,0,237,237,0,0,0,0,0
240179587,NODE_F42DC973E618,child,2,B0:CB:D8:F3:32:19,-64,0,237,237,0,0,0,0,0
240279593,NODE_F42DC973E618,child,2,B0:CB:D8:F3:32:19,-64,0,237,237,2,2,0,0,0
240379591,NODE_F42DC973E618,child,2,B0:CB:D8:F3:32:19,-64,0,237,237,2,2,0,0,0
240479587,NODE_F42DC973E618,child,2,B0:CB:D8:F3:32:19,-64,0,238,238,2,2,0,0,0
240579593,NODE_F42DC973E618,child,2,B0:CB:D8:F3:32:19,-64,0,238,238,2,2,0,0,0
240679595,NODE_F42DC973E618,child,2,B0:CB:D8:F3:32:19,-64,0,238,238,2,2,0,0,0
240779587,NODE_F42DC973E618,child,2,B0:CB:D8:F3:32:19,-64,0,238,238,2,2,0,0,0
240879589,NODE_F42DC973E618,child,2,B0:CB:D8:F3:32:19,-64,0,238,238,2,2,0,0,0
240979587,NODE_F42DC973E618,child,2,B0:CB:D8:F3:32:19,-64,0,238,238,2,2,0,0,0
241079595,NODE_F42DC973E618,child,2,B0:CB:D8:F3:32:19,-64,0,238,238,2,2,0,0,0
241179589,NODE_F42DC973E618,child,2,B0:CB:D8:F3:32:19,-64,0,238,238,2,2,0,0,0
241279587,NODE_F42DC973E618,child,2,B0:CB:D8:F3:32:19,-64,0,238,238,2,2,0,0,0
241379587,NODE_F42DC973E618,child,2,B0:CB:D8:F3:32:19,-64,0,238,238,2,2,0,0,0
241479589,NODE_F42DC973E618,child,2,B0:CB:D8:F3:32:19,-64,0,239,239,2,2,0,0,0
241579591,NODE_F42DC973E618,child,2,B0:CB:D8:F3:32:19,-64,0,239,239,2,2,0,0,0
241679599,NODE_F42DC973E618,child,2,B0:CB:D8:F3:32:19,-64,0,239,239,2,2,0,0,0
241779589,NODE_F42DC973E618,child,2,B0:CB:D8:F3:32:19,-64,0,239,239,2,2,0,0,0
241879587,NODE_F42DC973E618,child,2,B0:CB:D8:F3:32:19,-64,0,239,239,2,2,0,0,0
241979591,NODE_F42DC973E618,child,2,B0:CB:D8:F3:32:19,-64,0,239,239,2,2,0,0,0
242079589,NODE_F42DC973E618,child,2,B0:CB:D8:F3:32:19,-64,0,239,239,2,2,0,0,0
242179587,NODE_F42DC973E618,child,2,B0:CB:D8:F3:32:19,-64,0,239,239,2,2,0,0,0
242279591,NODE_F42DC973E618,child,2,B0:CB:D8:F3:32:19,-64,0,239,239,2,2,0,0,0
242379593,NODE_F42DC973E618,child,2,B0:CB:D8:F3:32:19,-64,0,239,239,2,2,0,0,0
242479591,NODE_F42DC973E618,child,2,B0:CB:D8:F3:32:19,-64,0,240,240,2,2,0,0,0
242579587,NODE_F42DC973E618,child,2,B0:CB:D8:F3:32:19,-64,0,240,240,2,2,0,0,0
242679589,NODE_F42DC973E618,child,2,B0:CB:D8:F3:32:19,-64,0,240,240,2,2,0,0,0
242779595,NODE_F42DC973E618,child,2,B0:CB:D8:F3:32:19,-65,0,240,240,2,2,0,0,0
242879587,NODE_F42DC973E618,child,2,B0:CB:D8:F3:32:19,-65,0,240,240,2,2,0,0,0
242979589,NODE_F42DC973E618,child,2,B0:CB:D8:F3:32:19,-65,0,240,240,2,2,0,0,0
243079591,NODE_F42DC973E618,child,2,B0:CB:D8:F3:32:19,-65,0,240,240,2,2,0,0,0
243179587,NODE_F42DC973E618,child,2,B0:CB:D8:F3:32:19,-65,0,240,240,2,2,0,0,0
243279589,NODE_F42DC973E618,child,2,B0:CB:D8:F3:32:19,-65,0,240,240,2,2,0,0,0
243379587,NODE_F42DC973E618,child,2,B0:CB:D8:F3:32:19,-65,0,240,240,2,2,0,0,0
243479591,NODE_F42DC973E618,child,2,B0:CB:D8:F3:32:19,-65,0,241,241,2,2,0,0,0
243579593,NODE_F42DC973E618,child,2,B0:CB:D8:F3:32:19,-65,0,241,241,2,2,0,0,0
243679591,NODE_F42DC973E618,child,2,B0:CB:D8:F3:32:19,-65,0,241,241,2,2,0,0,0
243779595,NODE_F42DC973E618,child,2,B0:CB:D8:F3:32:19,-66,0,241,241,2,2,0,0,0
243879589,NODE_F42DC973E618,child,2,B0:CB:D8:F3:32:19,-66,0,241,241,2,2,0,0,0
243979587,NODE_F42DC973E618,child,2,B0:CB:D8:F3:32:19,-66,0,241,241,2,2,0,0,0
244079587,NODE_F42DC973E618,child,2,B0:CB:D8:F3:32:19,-66,0,241,241,2,2,0,0,0
244179593,NODE_F42DC973E618,child,2,B0:CB:D8:F3:32:19,-66,0,241,241,2,2,0,0,0
244279587,NODE_F42DC973E618,child,2,B0:CB:D8:F3:32:19,-66,0,241,241,2,2,0,0,0
244379591,NODE_F42DC973E618,child,2,B0:CB:D8:F3:32:19,-66,0,241,241,2,2,0,0,0
244479593,NODE_F42DC973E618,child,2,B0:CB:D8:F3:32:19,-66,0,242,242,2,2,0,0,0
244579591,NODE_F42DC973E618,child,2,B0:CB:D8:F3:32:19,-66,0,242,242,2,2,0,0,0
244679587,NODE_F42DC973E618,child,2,B0:CB:D8:F3:32:19,-66,0,242,242,2,2,0,0,0
244779597,NODE_F42DC973E618,child,2,B0:CB:D8:F3:32:19,-64,0,242,242,2,2,0,0,0
244879587,NODE_F42DC973E618,child,2,B0:CB:D8:F3:32:19,-64,0,242,242,2,2,0,0,0
244979591,NODE_F42DC973E618,child,2,B0:CB:D8:F3:32:19,-64,0,242,242,2,2,0,0,0
245079593,NODE_F42DC973E618,child,2,B0:CB:D8:F3:32:19,-64,0,242,242,2,2,0,0,0
245179587,NODE_F42DC973E618,child,2,B0:CB:D8:F3:32:19,-64,0,242,242,2,2,0,0,0
245279587,NODE_F42DC973E618,child,2,B0:CB:D8:F3:32:19,-64,0,242,242,2,2,0,0,0
245379585,NODE_F42DC973E618,child,2,B0:CB:D8:F3:32:19,-64,0,242,242,2,2,0,0,0
245479591,NODE_F42DC973E618,child,2,B0:CB:D8:F3:32:19,-64,0,243,243,2,2,0,0,0
245579591,NODE_F42DC973E618,child,2,B0:CB:D8:F3:32:19,-64,0,243,243,2,2,0,0,0
245679593,NODE_F42DC973E618,child,2,B0:CB:D8:F3:32:19,-64,0,243,243,2,2,0,0,0
245779595,NODE_F42DC973E618,child,2,B0:CB:D8:F3:32:19,-65,0,243,243,2,2,0,0,0
245879587,NODE_F42DC973E618,child,2,B0:CB:D8:F3:32:19,-65,0,243,243,2,2,0,0,0
245979589,NODE_F42DC973E618,child,2,B0:CB:D8:F3:32:19,-65,0,243,243,2,2,0,0,0
246079587,NODE_F42DC973E618,child,2,B0:CB:D8:F3:32:19,-65,0,243,243,2,2,0,0,0
246179587,NODE_F42DC973E618,child,2,B0:CB:D8:F3:32:19,-65,0,243,243,2,2,0,0,0
246279589,NODE_F42DC973E618,child,2,B0:CB:D8:F3:32:19,-65,0,243,243,2,2,0,0,0
246379591,NODE_F42DC973E618,child,2,B0:CB:D8:F3:32:19,-65,0,243,243,2,2,0,0,0
246480178,NODE_F42DC973E618,child,2,B0:CB:D8:F3:32:19,-65,0,243,243,2,2,0,0,0
246579593,NODE_F42DC973E618,child,2,B0:CB:D8:F3:32:19,-65,0,244,244,2,2,0,0,0
246679787,NODE_F42DC973E618,child,2,B0:CB:D8:F3:32:19,-65,0,244,244,2,2,0,0,0
246780176,NODE_F42DC973E618,child,2,B0:CB:D8:F3:32:19,-64,0,244,244,2,2,0,0,0
246879593,NODE_F42DC973E618,child,2,B0:CB:D8:F3:32:19,-64,0,244,244,2,2,0,0,0
246979583,NODE_F42DC973E618,child,2,B0:CB:D8:F3:32:19,-64,0,244,244,2,2,0,0,0
247079595,NODE_F42DC973E618,child,2,B0:CB:D8:F3:32:19,-64,0,244,244,2,2,0,0,0
247179589,NODE_F42DC973E618,child,2,B0:CB:D8:F3:32:19,-64,0,244,244,2,2,0,0,0
247279583,NODE_F42DC973E618,child,2,B0:CB:D8:F3:32:19,-64,0,244,244,2,2,0,0,0
247379587,NODE_F42DC973E618,child,2,B0:CB:D8:F3:32:19,-64,0,244,244,2,2,0,0,0
247480364,NODE_F42DC973E618,child,2,B0:CB:D8:F3:32:19,-64,0,244,244,2,2,0,0,0
247579591,NODE_F42DC973E618,child,2,B0:CB:D8:F3:32:19,-64,0,245,245,2,2,0,0,0
247679595,NODE_F42DC973E618,child,2,B0:CB:D8:F3:32:19,-64,0,245,245,2,2,0,0,0
247779585,NODE_F42DC973E618,child,2,B0:CB:D8:F3:32:19,-64,0,245,245,2,2,0,0,0
247879595,NODE_F42DC973E618,child,2,B0:CB:D8:F3:32:19,-65,0,245,245,2,2,0,0,0
247979591,NODE_F42DC973E618,child,2,B0:CB:D8:F3:32:19,-65,0,245,245,2,2,0,0,0
248079593,NODE_F42DC973E618,child,2,B0:CB:D8:F3:32:19,-65,0,245,245,2,2,0,0,0
248179591,NODE_F42DC973E618,child,2,B0:CB:D8:F3:32:19,-65,0,245,245,2,2,0,0,0
248279587,NODE_F42DC973E618,child,2,B0:CB:D8:F3:32:19,-65,0,245,245,2,2,0,0,0
248379589,NODE_F42DC973E618,child,2,B0:CB:D8:F3:32:19,-65,0,245,245,2,2,0,0,0
248479587,NODE_F42DC973E618,child,2,B0:CB:D8:F3:32:19,-65,0,245,245,2,2,0,0,0
248579591,NODE_F42DC973E618,child,2,B0:CB:D8:F3:32:19,-65,0,246,246,2,2,0,0,0
248679593,NODE_F42DC973E618,child,2,B0:CB:D8:F3:32:19,-65,0,246,246,2,2,0,0,0
248779587,NODE_F42DC973E618,child,2,B0:CB:D8:F3:32:19,-65,0,246,246,2,2,0,0,0
248879599,NODE_F42DC973E618,child,2,B0:CB:D8:F3:32:19,-66,0,246,246,2,2,0,0,0
248979589,NODE_F42DC973E618,child,2,B0:CB:D8:F3:32:19,-66,0,246,246,2,2,0,0,0
249079587,NODE_F42DC973E618,child,2,B0:CB:D8:F3:32:19,-66,0,246,246,2,2,0,0,0
249179587,NODE_F42DC973E618,child,2,B0:CB:D8:F3:32:19,-66,0,246,246,2,2,0,0,0
249279589,NODE_F42DC973E618,child,2,B0:CB:D8:F3:32:19,-66,0,246,246,2,2,0,0,0
249379587,NODE_F42DC973E618,child,2,B0:CB:D8:F3:32:19,-66,0,246,246,2,2,0,0,0
249479587,NODE_F42DC973E618,child,2,B0:CB:D8:F3:32:19,-66,0,246,246,2,2,0,0,0
249579601,NODE_F42DC973E618,child,2,B0:CB:D8:F3:32:19,-66,0,247,247,2,2,0,0,0
249679591,NODE_F42DC973E618,child,2,B0:CB:D8:F3:32:19,-66,0,247,247,2,2,0,0,0
249779587,NODE_F42DC973E618,child,2,B0:CB:D8:F3:32:19,-66,0,247,247,2,2,0,0,0
249879597,NODE_F42DC973E618,child,2,B0:CB:D8:F3:32:19,-66,0,247,247,2,2,0,0,0
249979587,NODE_F42DC973E618,child,2,B0:CB:D8:F3:32:19,-66,0,247,247,2,2,0,0,0
250079587,NODE_F42DC973E618,child,2,B0:CB:D8:F3:32:19,-66,0,247,247,2,2,0,0,0
250179593,NODE_F42DC973E618,child,2,B0:CB:D8:F3:32:19,-66,0,247,247,2,2,0,0,0
250279587,NODE_F42DC973E618,child,2,B0:CB:D8:F3:32:19,-66,0,247,247,2,2,0,0,0
250379587,NODE_F42DC973E618,child,2,B0:CB:D8:F3:32:19,-66,0,247,247,2,2,0,0,0
250479589,NODE_F42DC973E618,child,2,B0:CB:D8:F3:32:19,-66,0,247,247,2,2,0,0,0
250579591,NODE_F42DC973E618,child,2,B0:CB:D8:F3:32:19,-66,0,248,248,2,2,0,0,0
250679591,NODE_F42DC973E618,child,2,B0:CB:D8:F3:32:19,-66,0,248,248,2,2,0,0,0
250779589,NODE_F42DC973E618,child,2,B0:CB:D8:F3:32:19,-66,0,248,248,2,2,0,0,0
250879895,NODE_F42DC973E618,child,2,B0:CB:D8:F3:32:19,-64,0,248,248,2,2,0,0,0
250979591,NODE_F42DC973E618,child,2,B0:CB:D8:F3:32:19,-64,0,248,248,2,2,0,0,0
251079589,NODE_F42DC973E618,child,2,B0:CB:D8:F3:32:19,-64,0,248,248,2,2,0,0,0
251179587,NODE_F42DC973E618,child,2,B0:CB:D8:F3:32:19,-64,0,248,248,2,2,0,0,0
251279587,NODE_F42DC973E618,child,2,B0:CB:D8:F3:32:19,-64,0,248,248,2,2,0,0,0
251379589,NODE_F42DC973E618,child,2,B0:CB:D8:F3:32:19,-64,0,248,248,2,2,0,0,0
251479587,NODE_F42DC973E618,child,2,B0:CB:D8:F3:32:19,-64,0,248,248,2,2,0,0,0
251579587,NODE_F42DC973E618,child,2,B0:CB:D8:F3:32:19,-64,0,249,249,2,2,0,0,0
251679589,NODE_F42DC973E618,child,2,B0:CB:D8:F3:32:19,-64,0,249,249,2,2,0,0,0
251779591,NODE_F42DC973E618,child,2,B0:CB:D8:F3:32:19,-64,0,249,249,2,2,0,0,0
251879587,NODE_F42DC973E618,child,2,B0:CB:D8:F3:32:19,-64,0,249,249,2,2,0,0,0
251979601,NODE_F42DC973E618,child,2,B0:CB:D8:F3:32:19,-67,0,249,249,2,2,0,0,0
252079587,NODE_F42DC973E618,child,2,B0:CB:D8:F3:32:19,-67,0,249,249,2,2,0,0,0
252179591,NODE_F42DC973E618,child,2,B0:CB:D8:F3:32:19,-67,0,249,249,2,2,0,0,0
252279589,NODE_F42DC973E618,child,2,B0:CB:D8:F3:32:19,-67,0,249,249,2,2,0,0,0
252379587,NODE_F42DC973E618,child,2,B0:CB:D8:F3:32:19,-67,0,249,249,2,2,0,0,0
252479587,NODE_F42DC973E618,child,2,B0:CB:D8:F3:32:19,-67,0,249,249,2,2,0,0,0
252579593,NODE_F42DC973E618,child,2,B0:CB:D8:F3:32:19,-67,0,250,250,2,2,0,0,0
252679587,NODE_F42DC973E618,child,2,B0:CB:D8:F3:32:19,-67,0,250,250,2,2,0,0,0
252779591,NODE_F42DC973E618,child,2,B0:CB:D8:F3:32:19,-67,0,250,250,2,2,0,0,0
252879593,NODE_F42DC973E618,child,2,B0:CB:D8:F3:32:19,-67,0,250,250,2,2,0,0,0
252979595,NODE_F42DC973E618,child,2,B0:CB:D8:F3:32:19,-66,0,250,250,2,2,0,0,0
253079587,NODE_F42DC973E618,child,2,B0:CB:D8:F3:32:19,-66,0,250,250,2,2,0,0,0
253179589,NODE_F42DC973E618,child,2,B0:CB:D8:F3:32:19,-66,0,250,250,2,2,0,0,0
253279587,NODE_F42DC973E618,child,2,B0:CB:D8:F3:32:19,-66,0,250,250,2,2,0,0,0
253379587,NODE_F42DC973E618,child,2,B0:CB:D8:F3:32:19,-66,0,250,250,2,2,0,0,0
253479589,NODE_F42DC973E618,child,2,B0:CB:D8:F3:32:19,-66,0,250,250,2,2,0,0,0
253579591,NODE_F42DC973E618,child,2,B0:CB:D8:F3:32:19,-66,0,251,251,2,2,0,0,0
253679587,NODE_F42DC973E618,child,2,B0:CB:D8:F3:32:19,-66,0,251,251,2,2,0,0,0
253779593,NODE_F42DC973E618,child,2,B0:CB:D8:F3:32:19,-66,0,251,251,2,2,0,0,0
253879587,NODE_F42DC973E618,child,2,B0:CB:D8:F3:32:19,-66,0,251,251,2,2,0,0,0
253979595,NODE_F42DC973E618,child,2,B0:CB:D8:F3:32:19,-65,0,251,251,2,2,0,0,0
254079589,NODE_F42DC973E618,child,2,B0:CB:D8:F3:32:19,-65,0,251,251,2,2,0,0,0
254179591,NODE_F42DC973E618,child,2,B0:CB:D8:F3:32:19,-65,0,251,251,2,2,0,0,0
254279587,NODE_F42DC973E618,child,2,B0:CB:D8:F3:32:19,-65,0,251,251,2,2,0,0,0
254379585,NODE_F42DC973E618,child,2,B0:CB:D8:F3:32:19,-65,0,251,251,2,2,0,0,0
254479587,NODE_F42DC973E618,child,2,B0:CB:D8:F3:32:19,-65,0,251,251,2,2,0,0,0
254579591,NODE_F42DC973E618,child,2,B0:CB:D8:F3:32:19,-65,0,252,252,2,2,0,0,0
254679589,NODE_F42DC973E618,child,2,B0:CB:D8:F3:32:19,-65,0,252,252,2,2,0,0,0
254779591,NODE_F42DC973E618,child,2,B0:CB:D8:F3:32:19,-65,0,252,252,2,2,0,0,0
254879591,NODE_F42DC973E618,child,2,B0:CB:D8:F3:32:19,-65,0,252,252,2,2,0,0,0
254979597,NODE_F42DC973E618,child,2,B0:CB:D8:F3:32:19,-66,0,252,252,2,2,0,0,0
255079591,NODE_F42DC973E618,child,2,B0:CB:D8:F3:32:19,-66,0,252,252,2,2,0,0,0
255179591,NODE_F42DC973E618,child,2,B0:CB:D8:F3:32:19,-66,0,252,252,2,2,0,0,0
255279589,NODE_F42DC973E618,child,2,B0:CB:D8:F3:32:19,-66,0,252,252,2,2,0,0,0
255379587,NODE_F42DC973E618,child,2,B0:CB:D8:F3:32:19,-66,0,252,252,2,2,0,0,0
255479587,NODE_F42DC973E618,child,2,B0:CB:D8:F3:32:19,-66,0,252,252,2,2,0,0,0
255579597,NODE_F42DC973E618,child,2,B0:CB:D8:F3:32:19,-66,0,253,253,2,2,0,0,0
255679587,NODE_F42DC973E618,child,2,B0:CB:D8:F3:32:19,-66,0,253,253,2,2,0,0,0
255779587,NODE_F42DC973E618,child,2,B0:CB:D8:F3:32:19,-66,0,253,253,2,2,0,0,0
255879593,NODE_F42DC973E618,child,2,B0:CB:D8:F3:32:19,-66,0,253,253,2,2,0,0,0
255979587,NODE_F42DC973E618,child,2,B0:CB:D8:F3:32:19,-66,0,253,253,2,2,0,0,0
256079595,NODE_F42DC973E618,child,2,B0:CB:D8:F3:32:19,-66,0,253,253,2,2,0,0,0
256179593,NODE_F42DC973E618,child,2,B0:CB:D8:F3:32:19,-66,0,253,253,2,2,0,0,0
256279587,NODE_F42DC973E618,child,2,B0:CB:D8:F3:32:19,-66,0,253,253,2,2,0,0,0
256379587,NODE_F42DC973E618,child,2,B0:CB:D8:F3:32:19,-66,0,253,253,2,2,0,0,0
256479589,NODE_F42DC973E618,child,2,B0:CB:D8:F3:32:19,-66,0,253,253,2,2,0,0,0
256579591,NODE_F42DC973E618,child,2,B0:CB:D8:F3:32:19,-66,0,254,254,2,2,0,0,0
256679587,NODE_F42DC973E618,child,2,B0:CB:D8:F3:32:19,-66,0,254,254,2,2,0,0,0
256779589,NODE_F42DC973E618,child,2,B0:CB:D8:F3:32:19,-66,0,254,254,2,2,0,0,0
256879595,NODE_F42DC973E618,child,2,B0:CB:D8:F3:32:19,-66,0,254,254,2,2,0,0,0
256979591,NODE_F42DC973E618,child,2,B0:CB:D8:F3:32:19,-66,0,254,254,2,2,0,0,0
257079597,NODE_F42DC973E618,child,2,B0:CB:D8:F3:32:19,-65,0,254,254,2,2,0,0,0
257179587,NODE_F42DC973E618,child,2,B0:CB:D8:F3:32:19,-65,0,254,254,2,2,0,0,0
257279587,NODE_F42DC973E618,child,2,B0:CB:D8:F3:32:19,-65,0,254,254,2,2,0,0,0
257379589,NODE_F42DC973E618,child,2,B0:CB:D8:F3:32:19,-65,0,254,254,2,2,0,0,0
257479587,NODE_F42DC973E618,child,2,B0:CB:D8:F3:32:19,-65,0,254,254,2,2,0,0,0
257579599,NODE_F42DC973E618,child,2,B0:CB:D8:F3:32:19,-65,0,255,255,2,2,0,0,0
257679589,NODE_F42DC973E618,child,2,B0:CB:D8:F3:32:19,-65,0,255,255,2,2,0,0,0
257779583,NODE_F42DC973E618,child,2,B0:CB:D8:F3:32:19,-65,0,255,255,2,2,0,0,0
257879591,NODE_F42DC973E618,child,2,B0:CB:D8:F3:32:19,-65,0,255,255,2,2,0,0,0
257979589,NODE_F42DC973E618,child,2,B0:CB:D8:F3:32:19,-65,0,255,255,2,2,0,0,0
258079595,NODE_F42DC973E618,child,2,B0:CB:D8:F3:32:19,-66,0,255,255,2,2,0,0,0
258179591,NODE_F42DC973E618,child,2,B0:CB:D8:F3:32:19,-66,0,255,255,2,2,0,0,0
258279589,NODE_F42DC973E618,child,2,B0:CB:D8:F3:32:19,-66,0,255,255,2,2,0,0,0
258379587,NODE_F42DC973E618,child,2,B0:CB:D8:F3:32:19,-66,0,255,255,2,2,0,0,0
258479587,NODE_F42DC973E618,child,2,B0:CB:D8:F3:32:19,-66,0,255,255,2,2,0,0,0
258579593,NODE_F42DC973E618,child,2,B0:CB:D8:F3:32:19,-66,0,256,256,2,2,0,0,0
258679587,NODE_F42DC973E618,child,2,B0:CB:D8:F3:32:19,-66,0,256,256,2,2,0,0,0
258779587,NODE_F42DC973E618,child,2,B0:CB:D8:F3:32:19,-66,0,256,256,2,2,0,0,0
258879597,NODE_F42DC973E618,child,2,B0:CB:D8:F3:32:19,-66,0,256,256,2,2,0,0,0
258979587,NODE_F42DC973E618,child,2,B0:CB:D8:F3:32:19,-66,0,256,256,2,2,0,0,0
259079595,NODE_F42DC973E618,child,2,B0:CB:D8:F3:32:19,-66,0,256,256,2,2,0,0,0
259179589,NODE_F42DC973E618,child,2,B0:CB:D8:F3:32:19,-66,0,256,256,2,2,0,0,0
259279775,NODE_F42DC973E618,child,2,B0:CB:D8:F3:32:19,-66,0,256,256,2,2,0,0,0
259379591,NODE_F42DC973E618,child,2,B0:CB:D8:F3:32:19,-66,0,256,256,2,2,0,0,0
259479589,NODE_F42DC973E618,child,2,B0:CB:D8:F3:32:19,-66,0,256,256,2,2,0,0,0
259579591,NODE_F42DC973E618,child,2,B0:CB:D8:F3:32:19,-66,0,257,257,2,2,0,0,0
259679587,NODE_F42DC973E618,child,2,B0:CB:D8:F3:32:19,-66,0,257,257,2,2,0,0,0
259779589,NODE_F42DC973E618,child,2,B0:CB:D8:F3:32:19,-66,0,257,257,2,2,0,0,0
259879587,NODE_F42DC973E618,child,2,B0:CB:D8:F3:32:19,-66,0,257,257,2,2,0,0,0
259979591,NODE_F42DC973E618,child,2,B0:CB:D8:F3:32:19,-66,0,257,257,2,2,0,0,0
260079593,NODE_F42DC973E618,child,2,B0:CB:D8:F3:32:19,-66,0,257,257,2,2,0,0,0
260179595,NODE_F42DC973E618,child,2,B0:CB:D8:F3:32:19,-67,0,257,257,2,2,0,0,0
260279587,NODE_F42DC973E618,child,2,B0:CB:D8:F3:32:19,-67,0,257,257,2,2,0,0,0
260379589,NODE_F42DC973E618,child,2,B0:CB:D8:F3:32:19,-67,0,257,257,2,2,0,0,0
260479587,NODE_F42DC973E618,child,2,B0:CB:D8:F3:32:19,-67,0,257,257,2,2,0,0,0
260579591,NODE_F42DC973E618,child,2,B0:CB:D8:F3:32:19,-67,0,258,258,2,2,0,0,0
260679593,NODE_F42DC973E618,child,2,B0:CB:D8:F3:32:19,-67,0,258,258,2,2,0,0,0
260779587,NODE_F42DC973E618,child,2,B0:CB:D8:F3:32:19,-67,0,258,258,2,2,0,0,0
260879587,NODE_F42DC973E618,child,2,B0:CB:D8:F3:32:19,-67,0,258,258,2,2,0,0,0
260979593,NODE_F42DC973E618,child,2,B0:CB:D8:F3:32:19,-67,0,258,258,2,2,0,0,0
261079587,NODE_F42DC973E618,child,2,B0:CB:D8:F3:32:19,-67,0,258,258,2,2,0,0,0
261179599,NODE_F42DC973E618,child,2,B0:CB:D8:F3:32:19,-67,0,258,258,2,2,0,0,0
261279589,NODE_F42DC973E618,child,2,B0:CB:D8:F3:32:19,-67,0,258,258,2,2,0,0,0
261379591,NODE_F42DC973E618,child,2,B0:CB:D8:F3:32:19,-67,0,258,258,2,2,0,0,0
261479587,NODE_F42DC973E618,child,2,B0:CB:D8:F3:32:19,-67,0,258,258,2,2,0,0,0
261579593,NODE_F42DC973E618,child,2,B0:CB:D8:F3:32:19,-67,0,259,259,2,2,0,0,0
261679587,NODE_F42DC973E618,child,2,B0:CB:D8:F3:32:19,-67,0,259,259,2,2,0,0,0
261779587,NODE_F42DC973E618,child,2,B0:CB:D8:F3:32:19,-67,0,259,259,2,2,0,0,0
261879589,NODE_F42DC973E618,child,2,B0:CB:D8:F3:32:19,-67,0,259,259,2,2,0,0,0
261979591,NODE_F42DC973E618,child,2,B0:CB:D8:F3:32:19,-67,0,259,259,2,2,0,0,0
262079595,NODE_F42DC973E618,child,2,B0:CB:D8:F3:32:19,-67,0,259,259,2,2,0,0,0
262179597,NODE_F42DC973E618,child,2,B0:CB:D8:F3:32:19,-67,0,259,259,2,2,0,0,0
262279587,NODE_F42DC973E618,child,2,B0:CB:D8:F3:32:19,-67,0,259,259,2,2,0,0,0
262379587,NODE_F42DC973E618,child,2,B0:CB:D8:F3:32:19,-67,0,259,259,2,2,0,0,0
262479589,NODE_F42DC973E618,child,2,B0:CB:D8:F3:32:19,-67,0,259,259,2,2,0,0,0
262579591,NODE_F42DC973E618,child,2,B0:CB:D8:F3:32:19,-67,0,260,260,2,2,0,0,0
262679591,NODE_F42DC973E618,child,2,B0:CB:D8:F3:32:19,-67,0,260,260,2,2,0,0,0
262779589,NODE_F42DC973E618,child,2,B0:CB:D8:F3:32:19,-67,0,260,260,2,2,0,0,0
262879587,NODE_F42DC973E618,child,2,B0:CB:D8:F3:32:19,-67,0,260,260,2,2,0,0,0
262979591,NODE_F42DC973E618,child,2,B0:CB:D8:F3:32:19,-67,0,260,260,2,2,0,0,0
263079589,NODE_F42DC973E618,child,2,B0:CB:D8:F3:32:19,-67,0,260,260,2,2,0,0,0
263179595,NODE_F42DC973E618,child,2,B0:CB:D8:F3:32:19,-67,0,260,260,2,2,0,0,0
263279587,NODE_F42DC973E618,child,2,B0:CB:D8:F3:32:19,-67,0,260,260,2,2,0,0,0
263379593,NODE_F42DC973E618,child,2,B0:CB:D8:F3:32:19,-67,0,260,260,2,2,0,0,0
263479587,NODE_F42DC973E618,child,2,B0:CB:D8:F3:32:19,-67,0,260,260,2,2,0,0,0
263579591,NODE_F42DC973E618,child,2,B0:CB:D8:F3:32:19,-67,0,261,261,2,2,0,0,0
263679589,NODE_F42DC973E618,child,2,B0:CB:D8:F3:32:19,-67,0,261,261,2,2,0,0,0
263779587,NODE_F42DC973E618,child,2,B0:CB:D8:F3:32:19,-67,0,261,261,2,2,0,0,0
263879816,NODE_F42DC973E618,child,2,B0:CB:D8:F3:32:19,-67,0,261,261,2,2,0,0,0
263979839,NODE_F42DC973E618,child,2,B0:CB:D8:F3:32:19,-67,0,261,261,2,2,0,0,0
264079591,NODE_F42DC973E618,child,2,B0:CB:D8:F3:32:19,-67,0,261,261,2,2,0,0,0
264179587,NODE_F42DC973E618,child,2,B0:CB:D8:F3:32:19,-67,0,261,261,2,2,0,0,0
264279597,NODE_F42DC973E618,child,2,B0:CB:D8:F3:32:19,-67,0,261,261,2,2,0,0,0
264379587,NODE_F42DC973E618,child,2,B0:CB:D8:F3:32:19,-67,0,261,261,2,2,0,0,0
264479587,NODE_F42DC973E618,child,2,B0:CB:D8:F3:32:19,-67,0,261,261,2,2,0,0,0
264579593,NODE_F42DC973E618,child,2,B0:CB:D8:F3:32:19,-67,0,262,262,2,2,0,0,0
264679591,NODE_F42DC973E618,child,2,B0:CB:D8:F3:32:19,-67,0,262,262,2,2,0,0,0
264779587,NODE_F42DC973E618,child,2,B0:CB:D8:F3:32:19,-67,0,262,262,2,2,0,0,0
264879589,NODE_F42DC973E618,child,2,B0:CB:D8:F3:32:19,-67,0,262,262,2,2,0,0,0
264979587,NODE_F42DC973E618,child,2,B0:CB:D8:F3:32:19,-67,0,262,262,2,2,0,0,0
265079591,NODE_F42DC973E618,child,2,B0:CB:D8:F3:32:19,-67,0,262,262,2,2,0,0,0
265179589,NODE_F42DC973E618,child,2,B0:CB:D8:F3:32:19,-67,0,262,262,2,2,0,0,0
265279595,NODE_F42DC973E618,child,2,B0:CB:D8:F3:32:19,-67,0,262,262,2,2,0,0,0
265379591,NODE_F42DC973E618,child,2,B0:CB:D8:F3:32:19,-67,0,262,262,2,2,0,0,0
265479589,NODE_F42DC973E618,child,2,B0:CB:D8:F3:32:19,-67,0,262,262,2,2,0,0,0
265579591,NODE_F42DC973E618,child,2,B0:CB:D8:F3:32:19,-67,0,263,263,2,2,0,0,0
265679587,NODE_F42DC973E618,child,2,B0:CB:D8:F3:32:19,-67,0,263,263,2,2,0,0,0
265779589,NODE_F42DC973E618,child,2,B0:CB:D8:F3:32:19,-67,0,263,263,2,2,0,0,0
265879587,NODE_F42DC973E618,child,2,B0:CB:D8:F3:32:19,-67,0,263,263,2,2,0,0,0
265979591,NODE_F42DC973E618,child,2,B0:CB:D8:F3:32:19,-67,0,263,263,2,2,0,0,0
266079597,NODE_F42DC973E618,child,2,B0:CB:D8:F3:32:19,-67,0,263,263,2,2,0,0,0
266179587,NODE_F42DC973E618,child,2,B0:CB:D8:F3:32:19,-67,0,263,263,2,2,0,0,0
266279595,NODE_F42DC973E618,child,2,B0:CB:D8:F3:32:19,-66,0,263,263,2,2,0,0,0
266379589,NODE_F42DC973E618,child,2,B0:CB:D8:F3:32:19,-66,0,263,263,2,2,0,0,0
266479587,NODE_F42DC973E618,child,2,B0:CB:D8:F3:32:19,-66,0,263,263,2,2,0,0,0
266579591,NODE_F42DC973E618,child,2,B0:CB:D8:F3:32:19,-66,0,264,264,2,2,0,0,0
266679593,NODE_F42DC973E618,child,2,B0:CB:D8:F3:32:19,-66,0,264,264,2,2,0,0,0
266779587,NODE_F42DC973E618,child,2,B0:CB:D8:F3:32:19,-66,0,264,264,2,2,0,0,0
266879587,NODE_F42DC973E618,child,2,B0:CB:D8:F3:32:19,-66,0,264,264,2,2,0,0,0
266979589,NODE_F42DC973E618,child,2,B0:CB:D8:F3:32:19,-66,0,264,264,2,2,0,0,0
267079591,NODE_F42DC973E618,child,2,B0:CB:D8:F3:32:19,-66,0,264,264,2,2,0,0,0
267179591,NODE_F42DC973E618,child,2,B0:CB:D8:F3:32:19,-66,0,264,264,2,2,0,0,0
267279597,NODE_F42DC973E618,child,2,B0:CB:D8:F3:32:19,-65,0,264,264,2,2,0,0,0
267379591,NODE_F42DC973E618,child,2,B0:CB:D8:F3:32:19,-65,0,264,264,2,2,0,0,0
267479587,NODE_F42DC973E618,child,2,B0:CB:D8:F3:32:19,-65,0,264,264,2,2,0,0,0
267579593,NODE_F42DC973E618,child,2,B0:CB:D8:F3:32:19,-65,0,265,265,2,2,0,0,0
267679587,NODE_F42DC973E618,child,2,B0:CB:D8:F3:32:19,-65,0,265,265,2,2,0,0,0
267779587,NODE_F42DC973E618,child,2,B0:CB:D8:F3:32:19,-65,0,265,265,2,2,0,0,0
267879589,NODE_F42DC973E618,child,2,B0:CB:D8:F3:32:19,-65,0,265,265,2,2,0,0,0
267979587,NODE_F42DC973E618,child,2,B0:CB:D8:F3:32:19,-65,0,265,265,2,2,0,0,0
268079595,NODE_F42DC973E618,child,2,B0:CB:D8:F3:32:19,-65,0,265,265,2,2,0,0,0
268179589,NODE_F42DC973E618,child,2,B0:CB:D8:F3:32:19,-65,0,265,265,2,2,0,0,0
268279587,NODE_F42DC973E618,child,2,B0:CB:D8:F3:32:19,-65,0,265,265,2,2,0,0,0
268379595,NODE_F42DC973E618,child,2,B0:CB:D8:F3:32:19,-66,0,265,265,2,2,0,0,0
268479589,NODE_F42DC973E618,child,2,B0:CB:D8:F3:32:19,-66,0,265,265,2,2,0,0,0
268579591,NODE_F42DC973E618,child,2,B0:CB:D8:F3:32:19,-66,0,266,266,2,2,0,0,0
268679591,NODE_F42DC973E618,child,2,B0:CB:D8:F3:32:19,-66,0,266,266,2,2,0,0,0
268779589,NODE_F42DC973E618,child,2,B0:CB:D8:F3:32:19,-66,0,266,266,2,2,0,0,0
268879587,NODE_F42DC973E618,child,2,B0:CB:D8:F3:32:19,-66,0,266,266,2,2,0,0,0
268979591,NODE_F42DC973E618,child,2,B0:CB:D8:F3:32:19,-66,0,266,266,2,2,0,0,0
269079593,NODE_F42DC973E618,child,2,B0:CB:D8:F3:32:19,-66,0,266,266,2,2,0,0,0
269179595,NODE_F42DC973E618,child,2,B0:CB:D8:F3:32:19,-66,0,266,266,2,2,0,0,0
269279587,NODE_F42DC973E618,child,2,B0:CB:D8:F3:32:19,-66,0,266,266,2,2,0,0,0
269379597,NODE_F42DC973E618,child,2,B0:CB:D8:F3:32:19,-67,0,266,266,2,2,0,0,0
269479587,NODE_F42DC973E618,child,2,B0:CB:D8:F3:32:19,-67,0,266,266,2,2,0,0,0
269579591,NODE_F42DC973E618,child,2,B0:CB:D8:F3:32:19,-67,0,267,267,2,2,0,0,0
269679589,NODE_F42DC973E618,child,2,B0:CB:D8:F3:32:19,-67,0,267,267,2,2,0,0,0
269779587,NODE_F42DC973E618,child,2,B0:CB:D8:F3:32:19,-67,0,267,267,2,2,0,0,0
269879591,NODE_F42DC973E618,child,2,B0:CB:D8:F3:32:19,-67,0,267,267,2,2,0,0,0
269979589,NODE_F42DC973E618,child,2,B0:CB:D8:F3:32:19,-67,0,267,267,2,2,0,0,0
270079587,NODE_F42DC973E618,child,2,B0:CB:D8:F3:32:19,-67,0,267,267,2,2,0,0,0
270179591,NODE_F42DC973E618,child,2,B0:CB:D8:F3:32:19,-67,0,267,267,2,2,0,0,0
270279589,NODE_F42DC973E618,child,2,B0:CB:D8:F3:32:19,-67,0,267,267,2,2,0,0,0
270379595,NODE_F42DC973E618,child,2,B0:CB:D8:F3:32:19,-67,0,267,267,2,2,0,0,0
270479587,NODE_F42DC973E618,child,2,B0:CB:D8:F3:32:19,-67,0,267,267,2,2,0,0,0
270579597,NODE_F42DC973E618,child,2,B0:CB:D8:F3:32:19,-67,0,268,268,2,2,0,0,0
270679587,NODE_F42DC973E618,child,2,B0:CB:D8:F3:32:19,-67,0,268,268,2,2,0,0,0
270779587,NODE_F42DC973E618,child,2,B0:CB:D8:F3:32:19,-67,0,268,268,2,2,0,0,0
270879589,NODE_F42DC973E618,child,2,B0:CB:D8:F3:32:19,-67,0,268,268,2,2,0,0,0
270979587,NODE_F42DC973E618,child,2,B0:CB:D8:F3:32:19,-67,0,268,268,2,2,0,0,0
271079587,NODE_F42DC973E618,child,2,B0:CB:D8:F3:32:19,-67,0,268,268,2,2,0,0,0
271179601,NODE_F42DC973E618,child,2,B0:CB:D8:F3:32:19,-67,0,268,268,2,2,0,0,0
271279583,NODE_F42DC973E618,child,2,B0:CB:D8:F3:32:19,-67,0,268,268,2,2,0,0,0
271379595,NODE_F42DC973E618,child,2,B0:CB:D8:F3:32:19,-67,0,268,268,2,2,0,0,0
271479589,NODE_F42DC973E618,child,2,B0:CB:D8:F3:32:19,-67,0,268,268,2,2,0,0,0
271579591,NODE_F42DC973E618,child,2,B0:CB:D8:F3:32:19,-67,0,269,269,2,2,0,0,0
271679587,NODE_F42DC973E618,child,2,B0:CB:D8:F3:32:19,-67,0,269,269,2,2,0,0,0
271779589,NODE_F42DC973E618,child,2,B0:CB:D8:F3:32:19,-67,0,269,269,2,2,0,0,0
271879591,NODE_F42DC973E618,child,2,B0:CB:D8:F3:32:19,-67,0,269,269,2,2,0,0,0
271979591,NODE_F42DC973E618,child,2,B0:CB:D8:F3:32:19,-67,0,269,269,2,2,0,0,0
272079589,NODE_F42DC973E618,child,2,B0:CB:D8:F3:32:19,-67,0,269,269,2,2,0,0,0
272179595,NODE_F42DC973E618,child,2,B0:CB:D8:F3:32:19,-67,0,269,269,2,2,0,0,0
272279591,NODE_F42DC973E618,child,2,B0:CB:D8:F3:32:19,-67,0,269,269,2,2,0,0,0
272379798,NODE_F42DC973E618,child,2,B0:CB:D8:F3:32:19,-67,0,269,269,2,2,0,0,0
272479591,NODE_F42DC973E618,child,2,B0:CB:D8:F3:32:19,-67,0,269,269,2,2,0,0,0
272579595,NODE_F42DC973E618,child,2,B0:CB:D8:F3:32:19,-67,0,270,270,2,2,0,0,0
272679589,NODE_F42DC973E618,child,2,B0:CB:D8:F3:32:19,-67,0,270,270,2,2,0,0,0
272779583,NODE_F42DC973E618,child,2,B0:CB:D8:F3:32:19,-67,0,270,270,2,2,0,0,0
272879587,NODE_F42DC973E618,child,2,B0:CB:D8:F3:32:19,-67,0,270,270,2,2,0,0,0
272979585,NODE_F42DC973E618,child,2,B0:CB:D8:F3:32:19,-67,0,270,270,2,2,0,0,0
273079587,NODE_F42DC973E618,child,2,B0:CB:D8:F3:32:19,-67,0,270,270,2,2,0,0,0
273179595,NODE_F42DC973E618,child,2,B0:CB:D8:F3:32:19,-67,0,270,270,2,2,0,0,0
273279593,NODE_F42DC973E618,child,2,B0:CB:D8:F3:32:19,-67,0,270,270,2,2,0,0,0
273379587,NODE_F42DC973E618,child,2,B0:CB:D8:F3:32:19,-67,0,270,270,2,2,0,0,0
273479595,NODE_F42DC973E618,child,2,B0:CB:D8:F3:32:19,-67,0,270,270,2,2,0,0,0
273579593,NODE_F42DC973E618,child,2,B0:CB:D8:F3:32:19,-67,0,271,271,2,2,0,0,0
273679587,NODE_F42DC973E618,child,2,B0:CB:D8:F3:32:19,-67,0,271,271,2,2,0,0,0
273779587,NODE_F42DC973E618,child,2,B0:CB:D8:F3:32:19,-67,0,271,271,2,2,0,0,0
273879593,NODE_F42DC973E618,child,2,B0:CB:D8:F3:32:19,-67,0,271,271,2,2,0,0,0
273979587,NODE_F42DC973E618,child,2,B0:CB:D8:F3:32:19,-67,0,271,271,2,2,0,0,0
274079587,NODE_F42DC973E618,child,2,B0:CB:D8:F3:32:19,-67,0,271,271,2,2,0,0,0
274179589,NODE_F42DC973E618,child,2,B0:CB:D8:F3:32:19,-67,0,271,271,2,2,0,0,0
274279591,NODE_F42DC973E618,child,2,B0:CB:D8:F3:32:19,-67,0,271,271,2,2,0,0,0
274379587,NODE_F42DC973E618,child,2,B0:CB:D8:F3:32:19,-67,0,271,271,2,2,0,0,0
274479597,NODE_F42DC973E618,child,2,B0:CB:D8:F3:32:19,-67,0,271,271,2,2,0,0,0
274579595,NODE_F42DC973E618,child,2,B0:CB:D8:F3:32:19,-67,0,272,272,2,2,0,0,0
274679587,NODE_F42DC973E618,child,2,B0:CB:D8:F3:32:19,-67,0,272,272,2,2,0,0,0
274779589,NODE_F42DC973E618,child,2,B0:CB:D8:F3:32:19,-67,0,272,272,2,2,0,0,0
274879587,NODE_F42DC973E618,child,2,B0:CB:D8:F3:32:19,-67,0,272,272,2,2,0,0,0
274979591,NODE_F42DC973E618,child,2,B0:CB:D8:F3:32:19,-67,0,272,272,2,2,0,0,0
275079589,NODE_F42DC973E618,child,2,B0:CB:D8:F3:32:19,-67,0,272,272,2,2,0,0,0
275179591,NODE_F42DC973E618,child,2,B0:CB:D8:F3:32:19,-67,0,272,272,2,2,0,0,0
275279583,NODE_F42DC973E618,child,2,B0:CB:D8:F3:32:19,-67,0,272,272,2,2,0,0,0
275379589,NODE_F42DC973E618,child,2,B0:CB:D8:F3:32:19,-67,0,272,272,2,2,0,0,0
275479595,NODE_F42DC973E618,child,2,B0:CB:D8:F3:32:19,-67,0,272,272,2,2,0,0,0
275579591,NODE_F42DC973E618,child,2,B0:CB:D8:F3:32:19,-67,0,273,273,2,2,0,0,0
275679589,NODE_F42DC973E618,child,2,B0:CB:D8:F3:32:19,-67,0,273,273,2,2,0,0,0
275779587,NODE_F42DC973E618,child,2,B0:CB:D8:F3:32:19,-67,0,273,273,2,2,0,0,0
275879591,NODE_F42DC973E618,child,2,B0:CB:D8:F3:32:19,-67,0,273,273,2,2,0,0,0
275979589,NODE_F42DC973E618,child,2,B0:CB:D8:F3:32:19,-67,0,273,273,2,2,0,0,0
276079587,NODE_F42DC973E618,child,2,B0:CB:D8:F3:32:19,-67,0,273,273,2,2,0,0,0
276179587,NODE_F42DC973E618,child,2,B0:CB:D8:F3:32:19,-67,0,273,273,2,2,0,0,0
276279593,NODE_F42DC973E618,child,2,B0:CB:D8:F3:32:19,-67,0,273,273,2,2,0,0,0
276379587,NODE_F42DC973E618,child,2,B0:CB:D8:F3:32:19,-67,0,273,273,2,2,0,0,0
276480370,NODE_F42DC973E618,child,2,B0:CB:D8:F3:32:19,-68,0,273,273,2,2,0,0,0
276579593,NODE_F42DC973E618,child,2,B0:CB:D8:F3:32:19,-68,0,274,274,2,2,0,0,0
276679591,NODE_F42DC973E618,child,2,B0:CB:D8:F3:32:19,-68,0,274,274,2,2,0,0,0
276779587,NODE_F42DC973E618,child,2,B0:CB:D8:F3:32:19,-68,0,274,274,2,2,0,0,0
276879589,NODE_F42DC973E618,child,2,B0:CB:D8:F3:32:19,-68,0,274,274,2,2,0,0,0
276979587,NODE_F42DC973E618,child,2,B0:CB:D8:F3:32:19,-68,0,274,274,2,2,0,0,0
277079587,NODE_F42DC973E618,child,2,B0:CB:D8:F3:32:19,-68,0,274,274,2,2,0,0,0
277179593,NODE_F42DC973E618,child,2,B0:CB:D8:F3:32:19,-68,0,274,274,2,2,0,0,0
277279587,NODE_F42DC973E618,child,2,B0:CB:D8:F3:32:19,-68,0,274,274,2,2,0,0,0
277379591,NODE_F42DC973E618,child,2,B0:CB:D8:F3:32:19,-68,0,274,274,2,2,0,0,0
277479589,NODE_F42DC973E618,child,2,B0:CB:D8:F3:32:19,-68,0,274,274,2,2,0,0,0
277579587,NODE_F42DC973E618,child,2,B0:CB:D8:F3:32:19,-65,0,275,275,2,2,0,0,0
277679591,NODE_F42DC973E618,child,2,B0:CB:D8:F3:32:19,-65,0,275,275,2,2,0,0,0
277779589,NODE_F42DC973E618,child,2,B0:CB:D8:F3:32:19,-65,0,275,275,2,2,0,0,0
277879595,NODE_F42DC973E618,child,2,B0:CB:D8:F3:32:19,-65,0,275,275,2,2,0,0,0
277979587,NODE_F42DC973E618,child,2,B0:CB:D8:F3:32:19,-65,0,275,275,2,2,0,0,0
278079593,NODE_F42DC973E618,child,2,B0:CB:D8:F3:32:19,-65,0,275,275,2,2,0,0,0
278179591,NODE_F42DC973E618,child,2,B0:CB:D8:F3:32:19,-65,0,275,275,2,2,0,0,0
278279587,NODE_F42DC973E618,child,2,B0:CB:D8:F3:32:19,-65,0,275,275,2,2,0,0,0
278379593,NODE_F42DC973E618,child,2,B0:CB:D8:F3:32:19,-65,0,275,275,2,2,0,0,0
278479587,NODE_F42DC973E618,child,2,B0:CB:D8:F3:32:19,-65,0,275,275,2,2,0,0,0
278579599,NODE_F42DC973E618,child,2,B0:CB:D8:F3:32:19,-67,0,276,276,2,2,0,0,0
278679589,NODE_F42DC973E618,child,2,B0:CB:D8:F3:32:19,-67,0,276,276,2,2,0,0,0
278779587,NODE_F42DC973E618,child,2,B0:CB:D8:F3:32:19,-67,0,276,276,2,2,0,0,0
278879587,NODE_F42DC973E618,child,2,B0:CB:D8:F3:32:19,-67,0,276,276,2,2,0,0,0
278979589,NODE_F42DC973E618,child,2,B0:CB:D8:F3:32:19,-67,0,276,276,2,2,0,0,0
279079583,NODE_F42DC973E618,child,2,B0:CB:D8:F3:32:19,-67,0,276,276,2,2,0,0,0
279179595,NODE_F42DC973E618,child,2,B0:CB:D8:F3:32:19,-67,0,276,276,2,2,0,0,0
279279581,NODE_F42DC973E618,child,2,B0:CB:D8:F3:32:19,-67,0,276,276,2,2,0,0,0
279379591,NODE_F42DC973E618,child,2,B0:CB:D8:F3:32:19,-67,0,276,276,2,2,0,0,0
279479587,NODE_F42DC973E618,child,2,B0:CB:D8:F3:32:19,-67,0,276,276,2,2,0,0,0
279579597,NODE_F42DC973E618,child,2,B0:CB:D8:F3:32:19,-67,0,277,277,2,2,0,0,0
279679587,NODE_F42DC973E618,child,2,B0:CB:D8:F3:32:19,-67,0,277,277,2,2,0,0,0
279779587,NODE_F42DC973E618,child,2,B0:CB:D8:F3:32:19,-67,0,277,277,2,2,0,0,0
279879593,NODE_F42DC973E618,child,2,B0:CB:D8:F3:32:19,-67,0,277,277,2,2,0,0,0
279979587,NODE_F42DC973E618,child,2,B0:CB:D8:F3:32:19,-67,0,277,277,2,2,0,0,0
280079587,NODE_F42DC973E618,child,2,B0:CB:D8:F3:32:19,-67,0,277,277,2,2,0,0,0
280179589,NODE_F42DC973E618,child,2,B0:CB:D8:F3:32:19,-67,0,277,277,2,2,0,0,0
280279587,NODE_F42DC973E618,child,2,B0:CB:D8:F3:32:19,-67,0,277,277,2,2,0,0,0
280379595,NODE_F42DC973E618,child,2,B0:CB:D8:F3:32:19,-67,0,277,277,2,2,0,0,0
280479589,NODE_F42DC973E618,child,2,B0:CB:D8:F3:32:19,-67,0,277,277,2,2,0,0,0
280579595,NODE_F42DC973E618,child,2,B0:CB:D8:F3:32:19,-67,0,278,278,2,2,0,0,0
280679587,NODE_F42DC973E618,child,2,B0:CB:D8:F3:32:19,-67,0,278,278,2,2,0,0,0
280779589,NODE_F42DC973E618,child,2,B0:CB:D8:F3:32:19,-67,0,278,278,2,2,0,0,0
280879587,NODE_F42DC973E618,child,2,B0:CB:D8:F3:32:19,-67,0,278,278,2,2,0,0,0
280979591,NODE_F42DC973E618,child,2,B0:CB:D8:F3:32:19,-67,0,278,278,2,2,0,0,0
281079593,NODE_F42DC973E618,child,2,B0:CB:D8:F3:32:19,-67,0,278,278,2,2,0,0,0
281179587,NODE_F42DC973E618,child,2,B0:CB:D8:F3:32:19,-67,0,278,278,2,2,0,0,0
281279587,NODE_F42DC973E618,child,2,B0:CB:D8:F3:32:19,-67,0,278,278,2,2,0,0,0
281379589,NODE_F42DC973E618,child,2,B0:CB:D8:F3:32:19,-67,0,278,278,2,2,0,0,0
281479591,NODE_F42DC973E618,child,2,B0:CB:D8:F3:32:19,-67,0,278,278,2,2,0,0,0
281579591,NODE_F42DC973E618,child,2,B0:CB:D8:F3:32:19,-67,0,279,279,2,2,0,0,0
281679601,NODE_F42DC973E618,child,2,B0:CB:D8:F3:32:19,-70,0,279,279,2,2,0,0,0
281779583,NODE_F42DC973E618,child,2,B0:CB:D8:F3:32:19,-70,0,279,279,2,2,0,0,0
281879587,NODE_F42DC973E618,child,2,B0:CB:D8:F3:32:19,-70,0,279,279,2,2,0,0,0
281979585,NODE_F42DC973E618,child,2,B0:CB:D8:F3:32:19,-70,0,279,279,2,2,0,0,0
282079587,NODE_F42DC973E618,child,2,B0:CB:D8:F3:32:19,-70,0,279,279,2,2,0,0,0
282179587,NODE_F42DC973E618,child,2,B0:CB:D8:F3:32:19,-70,0,279,279,2,2,0,0,0
282279585,NODE_F42DC973E618,child,2,B0:CB:D8:F3:32:19,-70,0,279,279,2,2,0,0,0
282379591,NODE_F42DC973E618,child,2,B0:CB:D8:F3:32:19,-70,0,279,279,2,2,0,0,0
282479591,NODE_F42DC973E618,child,2,B0:CB:D8:F3:32:19,-70,0,279,279,2,2,0,0,0
282579593,NODE_F42DC973E618,child,2,B0:CB:D8:F3:32:19,-70,0,280,280,2,2,0,0,0
282679595,NODE_F42DC973E618,child,2,B0:CB:D8:F3:32:19,-71,0,280,280,2,2,0,0,0
282779587,NODE_F42DC973E618,child,2,B0:CB:D8:F3:32:19,-71,0,280,280,2,2,0,0,0
282879589,NODE_F42DC973E618,child,2,B0:CB:D8:F3:32:19,-71,0,280,280,2,2,0,0,0
282979587,NODE_F42DC973E618,child,2,B0:CB:D8:F3:32:19,-71,0,280,280,2,2,0,0,0
283079589,NODE_F42DC973E618,child,2,B0:CB:D8:F3:32:19,-71,0,280,280,2,2,0,0,0
283179593,NODE_F42DC973E618,child,2,B0:CB:D8:F3:32:19,-71,0,280,280,2,2,0,0,0
283279587,NODE_F42DC973E618,child,2,B0:CB:D8:F3:32:19,-71,0,280,280,2,2,0,0,0
283379587,NODE_F42DC973E618,child,2,B0:CB:D8:F3:32:19,-71,0,280,280,2,2,0,0,0
283479593,NODE_F42DC973E618,child,2,B0:CB:D8:F3:32:19,-71,0,280,280,2,2,0,0,0
283579591,NODE_F42DC973E618,child,2,B0:CB:D8:F3:32:19,-71,0,281,281,2,2,0,0,0
283679599,NODE_F42DC973E618,child,2,B0:CB:D8:F3:32:19,-70,0,281,281,2,2,0,0,0
283779589,NODE_F42DC973E618,child,2,B0:CB:D8:F3:32:19,-70,0,281,281,2,2,0,0,0
283879587,NODE_F42DC973E618,child,2,B0:CB:D8:F3:32:19,-70,0,281,281,2,2,0,0,0
283979591,NODE_F42DC973E618,child,2,B0:CB:D8:F3:32:19,-70,0,281,281,2,2,0,0,0
284079589,NODE_F42DC973E618,child,2,B0:CB:D8:F3:32:19,-70,0,281,281,2,2,0,0,0
284179587,NODE_F42DC973E618,child,2,B0:CB:D8:F3:32:19,-70,0,281,281,2,2,0,0,0
284279587,NODE_F42DC973E618,child,2,B0:CB:D8:F3:32:19,-70,0,281,281,2,2,0,0,0
284379593,NODE_F42DC973E618,child,2,B0:CB:D8:F3:32:19,-70,0,281,281,2,2,0,0,0
284479591,NODE_F42DC973E618,child,2,B0:CB:D8:F3:32:19,-70,0,281,281,2,2,0,0,0
284579591,NODE_F42DC973E618,child,2,B0:CB:D8:F3:32:19,-70,0,282,282,2,2,0,0,0
284679603,NODE_F42DC973E618,child,2,B0:CB:D8:F3:32:19,-70,0,282,282,2,2,0,0,0
284779587,NODE_F42DC973E618,child,2,B0:CB:D8:F3:32:19,-70,0,282,282,2,2,0,0,0
284879709,NODE_F42DC973E618,child,2,B0:CB:D8:F3:32:19,-70,0,282,282,2,2,0,0,0
284979589,NODE_F42DC973E618,child,2,B0:CB:D8:F3:32:19,-70,0,282,282,2,2,0,0,0
285079591,NODE_F42DC973E618,child,2,B0:CB:D8:F3:32:19,-70,0,282,282,2,2,0,0,0
285179716,NODE_F42DC973E618,child,2,B0:CB:D8:F3:32:19,-70,0,282,282,2,2,0,0,0
285279589,NODE_F42DC973E618,child,2,B0:CB:D8:F3:32:19,-70,0,282,282,2,2,0,0,0
285379587,NODE_F42DC973E618,child,2,B0:CB:D8:F3:32:19,-70,0,282,282,2,2,0,0,0
285479587,NODE_F42DC973E618,child,2,B0:CB:D8:F3:32:19,-70,0,282,282,2,2,0,0,0
285579589,NODE_F42DC973E618,child,2,B0:CB:D8:F3:32:19,-70,0,283,283,2,2,0,0,0
285679595,NODE_F42DC973E618,child,2,B0:CB:D8:F3:32:19,-70,0,283,283,2,2,0,0,0
285779595,NODE_F42DC973E618,child,2,B0:CB:D8:F3:32:19,-70,0,283,283,2,2,0,0,0
285879589,NODE_F42DC973E618,child,2,B0:CB:D8:F3:32:19,-70,0,283,283,2,2,0,0,0
285979587,NODE_F42DC973E618,child,2,B0:CB:D8:F3:32:19,-70,0,283,283,2,2,0,0,0
286079587,NODE_F42DC973E618,child,2,B0:CB:D8:F3:32:19,-70,0,283,283,2,2,0,0,0
286179589,NODE_F42DC973E618,child,2,B0:CB:D8:F3:32:19,-70,0,283,283,2,2,0,0,0
286279587,NODE_F42DC973E618,child,2,B0:CB:D8:F3:32:19,-70,0,283,283,2,2,0,0,0
286379591,NODE_F42DC973E618,child,2,B0:CB:D8:F3:32:19,-70,0,283,283,2,2,0,0,0
286479589,NODE_F42DC973E618,child,2,B0:CB:D8:F3:32:19,-70,0,283,283,2,2,0,0,0
286579587,NODE_F42DC973E618,child,2,B0:CB:D8:F3:32:19,-70,0,284,284,2,2,0,0,0
286679591,NODE_F42DC973E618,child,2,B0:CB:D8:F3:32:19,-70,0,284,284,2,2,0,0,0
286779597,NODE_F42DC973E618,child,2,B0:CB:D8:F3:32:19,-68,0,284,284,2,2,0,0,0
286879587,NODE_F42DC973E618,child,2,B0:CB:D8:F3:32:19,-68,0,284,284,2,2,0,0,0
286979591,NODE_F42DC973E618,child,2,B0:CB:D8:F3:32:19,-68,0,284,284,2,2,0,0,0
287079593,NODE_F42DC973E618,child,2,B0:CB:D8:F3:32:19,-68,0,284,284,2,2,0,0,0
287179583,NODE_F42DC973E618,child,2,B0:CB:D8:F3:32:19,-68,0,284,284,2,2,0,0,0
287279587,NODE_F42DC973E618,child,2,B0:CB:D8:F3:32:19,-68,0,284,284,2,2,0,0,0
287379589,NODE_F42DC973E618,child,2,B0:CB:D8:F3:32:19,-68,0,284,284,2,2,0,0,0
287479587,NODE_F42DC973E618,child,2,B0:CB:D8:F3:32:19,-68,0,284,284,2,2,0,0,0
287579587,NODE_F42DC973E618,child,2,B0:CB:D8:F3:32:19,-68,0,285,285,2,2,0,0,0
287679597,NODE_F42DC973E618,child,2,B0:CB:D8:F3:32:19,-68,0,285,285,2,2,0,0,0
287779595,NODE_F42DC973E618,child,2,B0:CB:D8:F3:32:19,-69,0,285,285,2,2,0,0,0
287879587,NODE_F42DC973E618,child,2,B0:CB:D8:F3:32:19,-69,0,285,285,2,2,0,0,0
287979589,NODE_F42DC973E618,child,2,B0:CB:D8:F3:32:19,-69,0,285,285,2,2,0,0,0
288079587,NODE_F42DC973E618,child,2,B0:CB:D8:F3:32:19,-69,0,285,285,2,2,0,0,0
288179587,NODE_F42DC973E618,child,2,B0:CB:D8:F3:32:19,-69,0,285,285,2,2,0,0,0
288279589,NODE_F42DC973E618,child,2,B0:CB:D8:F3:32:19,-69,0,285,285,2,2,0,0,0
288379591,NODE_F42DC973E618,child,2,B0:CB:D8:F3:32:19,-69,0,285,285,2,2,0,0,0
288479587,NODE_F42DC973E618,child,2,B0:CB:D8:F3:32:19,-69,0,285,285,2,2,0,0,0
288579593,NODE_F42DC973E618,child,2,B0:CB:D8:F3:32:19,-69,0,286,286,2,2,0,0,0
288679587,NODE_F42DC973E618,child,2,B0:CB:D8:F3:32:19,-69,0,286,286,2,2,0,0,0
288779595,NODE_F42DC973E618,child,2,B0:CB:D8:F3:32:19,-69,0,286,286,2,2,0,0,0
288879589,NODE_F42DC973E618,child,2,B0:CB:D8:F3:32:19,-69,0,286,286,2,2,0,0,0
288979587,NODE_F42DC973E618,child,2,B0:CB:D8:F3:32:19,-69,0,286,286,2,2,0,0,0
289079591,NODE_F42DC973E618,child,2,B0:CB:D8:F3:32:19,-69,0,286,286,2,2,0,0,0
289179593,NODE_F42DC973E618,child,2,B0:CB:D8:F3:32:19,-69,0,286,286,2,2,0,0,0
289279587,NODE_F42DC973E618,child,2,B0:CB:D8:F3:32:19,-69,0,286,286,2,2,0,0,0
289379587,NODE_F42DC973E618,child,2,B0:CB:D8:F3:32:19,-69,0,286,286,2,2,0,0,0
289479589,NODE_F42DC973E618,child,2,B0:CB:D8:F3:32:19,-69,0,286,286,2,2,0,0,0
289579838,NODE_F42DC973E618,child,2,B0:CB:D8:F3:32:19,-69,0,287,287,2,2,0,0,0
289679591,NODE_F42DC973E618,child,2,B0:CB:D8:F3:32:19,-69,0,287,287,2,2,0,0,0
289779589,NODE_F42DC973E618,child,2,B0:CB:D8:F3:32:19,-69,0,287,287,2,2,0,0,0
289879595,NODE_F42DC973E618,child,2,B0:CB:D8:F3:32:19,-68,0,287,287,2,2,0,0,0
289979591,NODE_F42DC973E618,child,2,B0:CB:D8:F3:32:19,-68,0,287,287,2,2,0,0,0
290079590,NODE_F42DC973E618,child,2,B0:CB:D8:F3:32:19,-68,0,287,287,2,2,0,0,0
290179587,NODE_F42DC973E618,child,2,B0:CB:D8:F3:32:19,-68,0,287,287,2,2,0,0,0
290279587,NODE_F42DC973E618,child,2,B0:CB:D8:F3:32:19,-68,0,287,287,2,2,0,0,0
290379593,NODE_F42DC973E618,child,2,B0:CB:D8:F3:32:19,-68,0,287,287,2,2,0,0,0
290479587,NODE_F42DC973E618,child,2,B0:CB:D8:F3:32:19,-68,0,287,287,2,2,0,0,0
290579591,NODE_F42DC973E618,child,2,B0:CB:D8:F3:32:19,-68,0,288,288,2,2,0,0,0
290679593,NODE_F42DC973E618,child,2,B0:CB:D8:F3:32:19,-68,0,288,288,2,2,0,0,0
290779587,NODE_F42DC973E618,child,2,B0:CB:D8:F3:32:19,-68,0,288,288,2,2,0,0,0
290879595,NODE_F42DC973E618,child,2,B0:CB:D8:F3:32:19,-68,0,288,288,2,2,0,0,0
290979589,NODE_F42DC973E618,child,2,B0:CB:D8:F3:32:19,-68,0,288,288,2,2,0,0,0
291079591,NODE_F42DC973E618,child,2,B0:CB:D8:F3:32:19,-68,0,288,288,2,2,0,0,0
291179587,NODE_F42DC973E618,child,2,B0:CB:D8:F3:32:19,-68,0,288,288,2,2,0,0,0
291279589,NODE_F42DC973E618,child,2,B0:CB:D8:F3:32:19,-68,0,288,288,2,2,0,0,0
291379587,NODE_F42DC973E618,child,2,B0:CB:D8:F3:32:19,-68,0,288,288,2,2,0,0,0
291479587,NODE_F42DC973E618,child,2,B0:CB:D8:F3:32:19,-68,0,288,288,2,2,0,0,0
291579597,NODE_F42DC973E618,child,2,B0:CB:D8:F3:32:19,-68,0,289,289,2,2,0,0,0
291679591,NODE_F42DC973E618,child,2,B0:CB:D8:F3:32:19,-68,0,289,289,2,2,0,0,0
291779587,NODE_F42DC973E618,child,2,B0:CB:D8:F3:32:19,-68,0,289,289,2,2,0,0,0
291879597,NODE_F42DC973E618,child,2,B0:CB:D8:F3:32:19,-68,0,289,289,2,2,0,0,0
291979587,NODE_F42DC973E618,child,2,B0:CB:D8:F3:32:19,-68,0,289,289,2,2,0,0,0
292079587,NODE_F42DC973E618,child,2,B0:CB:D8:F3:32:19,-68,0,289,289,2,2,0,0,0
292179593,NODE_F42DC973E618,child,2,B0:CB:D8:F3:32:19,-68,0,289,289,2,2,0,0,0
292279587,NODE_F42DC973E618,child,2,B0:CB:D8:F3:32:19,-68,0,289,289,2,2,0,0,0
292379587,NODE_F42DC973E618,child,2,B0:CB:D8:F3:32:19,-68,0,289,289,2,2,0,0,0
292479589,NODE_F42DC973E618,child,2,B0:CB:D8:F3:32:19,-68,0,289,289,2,2,0,0,0
292579587,NODE_F42DC973E618,child,2,B0:CB:D8:F3:32:19,-68,0,290,290,2,2,0,0,0
292679591,NODE_F42DC973E618,child,2,B0:CB:D8:F3:32:19,-68,0,290,290,2,2,0,0,0
292779589,NODE_F42DC973E618,child,2,B0:CB:D8:F3:32:19,-68,0,290,290,2,2,0,0,0
292879599,NODE_F42DC973E618,child,2,B0:CB:D8:F3:32:19,-69,0,290,290,2,2,0,0,0
292979591,NODE_F42DC973E618,child,2,B0:CB:D8:F3:32:19,-69,0,290,290,2,2,0,0,0
293079589,NODE_F42DC973E618,child,2,B0:CB:D8:F3:32:19,-69,0,290,290,2,2,0,0,0
293179587,NODE_F42DC973E618,child,2,B0:CB:D8:F3:32:19,-69,0,290,290,2,2,0,0,0
293279587,NODE_F42DC973E618,child,2,B0:CB:D8:F3:32:19,-69,0,290,290,2,2,0,0,0
293379589,NODE_F42DC973E618,child,2,B0:CB:D8:F3:32:19,-69,0,290,290,2,2,0,0,0
293479654,NODE_F42DC973E618,child,2,B0:CB:D8:F3:32:19,-69,0,290,290,2,2,0,0,0
293579595,NODE_F42DC973E618,child,2,B0:CB:D8:F3:32:19,-69,0,291,291,2,2,0,0,0
293679593,NODE_F42DC973E618,child,2,B0:CB:D8:F3:32:19,-69,0,291,291,2,2,0,0,0
293779587,NODE_F42DC973E618,child,2,B0:CB:D8:F3:32:19,-69,0,291,291,2,2,0,0,0
293879587,NODE_F42DC973E618,child,2,B0:CB:D8:F3:32:19,-69,0,291,291,2,2,0,0,0
293979597,NODE_F42DC973E618,child,2,B0:CB:D8:F3:32:19,-66,0,291,291,2,2,0,0,0
294079587,NODE_F42DC973E618,child,2,B0:CB:D8:F3:32:19,-66,0,291,291,2,2,0,0,0
294179591,NODE_F42DC973E618,child,2,B0:CB:D8:F3:32:19,-66,0,291,291,2,2,0,0,0
294279589,NODE_F42DC973E618,child,2,B0:CB:D8:F3:32:19,-66,0,291,291,2,2,0,0,0
294379587,NODE_F42DC973E618,child,2,B0:CB:D8:F3:32:19,-66,0,291,291,2,2,0,0,0
294479587,NODE_F42DC973E618,child,2,B0:CB:D8:F3:32:19,-66,0,291,291,2,2,0,0,0
294579593,NODE_F42DC973E618,child,2,B0:CB:D8:F3:32:19,-66,0,292,292,2,2,0,0,0
294679587,NODE_F42DC973E618,child,2,B0:CB:D8:F3:32:19,-66,0,292,292,2,2,0,0,0
294779591,NODE_F42DC973E618,child,2,B0:CB:D8:F3:32:19,-66,0,292,292,2,2,0,0,0
294879593,NODE_F42DC973E618,child,2,B0:CB:D8:F3:32:19,-66,0,292,292,2,2,0,0,0
294979595,NODE_F42DC973E618,child,2,B0:CB:D8:F3:32:19,-67,0,292,292,2,2,0,0,0
295079587,NODE_F42DC973E618,child,2,B0:CB:D8:F3:32:19,-67,0,292,292,2,2,0,0,0
295179593,NODE_F42DC973E618,child,2,B0:CB:D8:F3:32:19,-67,0,292,292,2,2,0,0,0
295279587,NODE_F42DC973E618,child,2,B0:CB:D8:F3:32:19,-67,0,292,292,2,2,0,0,0
295379587,NODE_F42DC973E618,child,2,B0:CB:D8:F3:32:19,-67,0,292,292,2,2,0,0,0
295479589,NODE_F42DC973E618,child,2,B0:CB:D8:F3:32:19,-67,0,292,292,2,2,0,0,0
295579595,NODE_F42DC973E618,child,2,B0:CB:D8:F3:32:19,-67,0,293,293,2,2,0,0,0
295679587,NODE_F42DC973E618,child,2,B0:CB:D8:F3:32:19,-67,0,293,293,2,2,0,0,0
295779593,NODE_F42DC973E618,child,2,B0:CB:D8:F3:32:19,-67,0,293,293,2,2,0,0,0
295879587,NODE_F42DC973E618,child,2,B0:CB:D8:F3:32:19,-67,0,293,293,2,2,0,0,0
295979595,NODE_F42DC973E618,child,2,B0:CB:D8:F3:32:19,-68,0,293,293,2,2,0,0,0
296079589,NODE_F42DC973E618,child,2,B0:CB:D8:F3:32:19,-68,0,293,293,2,2,0,0,0
296179591,NODE_F42DC973E618,child,2,B0:CB:D8:F3:32:19,-68,0,293,293,2,2,0,0,0
296279587,NODE_F42DC973E618,child,2,B0:CB:D8:F3:32:19,-68,0,293,293,2,2,0,0,0
296379589,NODE_F42DC973E618,child,2,B0:CB:D8:F3:32:19,-68,0,293,293,2,2,0,0,0
296479587,NODE_F42DC973E618,child,2,B0:CB:D8:F3:32:19,-68,0,293,293,2,2,0,0,0
296579591,NODE_F42DC973E618,child,2,B0:CB:D8:F3:32:19,-68,0,294,294,2,2,0,0,0
296679589,NODE_F42DC973E618,child,2,B0:CB:D8:F3:32:19,-68,0,294,294,2,2,0,0,0
296779591,NODE_F42DC973E618,child,2,B0:CB:D8:F3:32:19,-68,0,294,294,2,2,0,0,0
296879591,NODE_F42DC973E618,child,2,B0:CB:D8:F3:32:19,-68,0,294,294,2,2,0,0,0
296979597,NODE_F42DC973E618,child,2,B0:CB:D8:F3:32:19,-67,0,294,294,2,2,0,0,0
297079587,NODE_F42DC973E618,child,2,B0:CB:D8:F3:32:19,-67,0,294,294,2,2,0,0,0
297179591,NODE_F42DC973E618,child,2,B0:CB:D8:F3:32:19,-67,0,294,294,2,2,0,0,0
297279589,NODE_F42DC973E618,child,2,B0:CB:D8:F3:32:19,-67,0,294,294,2,2,0,0,0
297379587,NODE_F42DC973E618,child,2,B0:CB:D8:F3:32:19,-67,0,294,294,2,2,0,0,0
297479587,NODE_F42DC973E618,child,2,B0:CB:D8:F3:32:19,-67,0,294,294,2,2,0,0,0
297579597,NODE_F42DC973E618,child,2,B0:CB:D8:F3:32:19,-67,0,295,295,2,2,0,0,0
297679587,NODE_F42DC973E618,child,2,B0:CB:D8:F3:32:19,-67,0,295,295,2,2,0,0,0
297779591,NODE_F42DC973E618,child,2,B0:CB:D8:F3:32:19,-67,0,295,295,2,2,0,0,0
297879589,NODE_F42DC973E618,child,2,B0:CB:D8:F3:32:19,-67,0,295,295,2,2,0,0,0
297980372,NODE_F42DC973E618,child,2,B0:CB:D8:F3:32:19,-67,0,295,295,2,2,0,0,0
298079595,NODE_F42DC973E618,child,2,B0:CB:D8:F3:32:19,-67,0,295,295,2,2,0,0,0
298179593,NODE_F42DC973E618,child,2,B0:CB:D8:F3:32:19,-67,0,295,295,2,2,0,0,0
298279587,NODE_F42DC973E618,child,2,B0:CB:D8:F3:32:19,-67,0,295,295,2,2,0,0,0
298379587,NODE_F42DC973E618,child,2,B0:CB:D8:F3:32:19,-67,0,295,295,2,2,0,0,0
298479589,NODE_F42DC973E618,child,2,B0:CB:D8:F3:32:19,-67,0,295,295,2,2,0,0,0
298579591,NODE_F42DC973E618,child,2,B0:CB:D8:F3:32:19,-67,0,296,296,2,2,0,0,0
298679587,NODE_F42DC973E618,child,2,B0:CB:D8:F3:32:19,-67,0,296,296,2,2,0,0,0
298779589,NODE_F42DC973E618,child,2,B0:CB:D8:F3:32:19,-67,0,296,296,2,2,0,0,0
298879599,NODE_F42DC973E618,child,2,B0:CB:D8:F3:32:19,-67,0,296,296,2,2,0,0,0
298979591,NODE_F42DC973E618,child,2,B0:CB:D8:F3:32:19,-67,0,296,296,2,2,0,0,0
299079597,NODE_F42DC973E618,child,2,B0:CB:D8:F3:32:19,-67,0,296,296,2,2,0,0,0
299179587,NODE_F42DC973E618,child,2,B0:CB:D8:F3:32:19,-67,0,296,296,2,2,0,0,0
299279587,NODE_F42DC973E618,child,2,B0:CB:D8:F3:32:19,-67,0,296,296,2,2,0,0,0
299379589,NODE_F42DC973E618,child,2,B0:CB:D8:F3:32:19,-67,0,296,296,2,2,0,0,0
299479587,NODE_F42DC973E618,child,2,B0:CB:D8:F3:32:19,-67,0,296,296,2,2,0,0,0
299579595,NODE_F42DC973E618,child,2,B0:CB:D8:F3:32:19,-67,0,297,297,2,2,0,0,0
299679589,NODE_F42DC973E618,child,2,B0:CB:D8:F3:32:19,-67,0,297,297,2,2,0,0,0
299779587,NODE_F42DC973E618,child,2,B0:CB:D8:F3:32:19,-67,0,297,297,2,2,0,0,0
299879591,NODE_F42DC973E618,child,2,B0:CB:D8:F3:32:19,-67,0,297,297,2,2,0,0,0
299979589,NODE_F42DC973E618,child,2,B0:CB:D8:F3:32:19,-67,0,297,297,2,2,0,0,0
300079595,NODE_F42DC973E618,child,2,B0:CB:D8:F3:32:19,-68,0,297,297,2,2,0,0,0
300179591,NODE_F42DC973E618,child,2,B0:CB:D8:F3:32:19,-68,0,297,297,2,2,0,0,0
300279589,NODE_F42DC973E618,child,2,B0:CB:D8:F3:32:19,-68,0,297,297,2,2,0,0,0
300379587,NODE_F42DC973E618,child,2,B0:CB:D8:F3:32:19,-68,0,297,297,2,2,0,0,0
300479587,NODE_F42DC973E618,child,2,B0:CB:D8:F3:32:19,-68,0,297,297,2,2,0,0,0
300579593,NODE_F42DC973E618,child,2,B0:CB:D8:F3:32:19,-68,0,298,298,2,2,0,0,0
300679587,NODE_F42DC973E618,child,2,B0:CB:D8:F3:32:19,-68,0,298,298,2,2,0,0,0
300779587,NODE_F42DC973E618,child,2,B0:CB:D8:F3:32:19,-68,0,298,298,2,2,0,0,0
300879597,NODE_F42DC973E618,child,2,B0:CB:D8:F3:32:19,-68,0,298,298,2,2,0,0,0
300979587,NODE_F42DC973E618,child,2,B0:CB:D8:F3:32:19,-68,0,298,298,2,2,0,0,0
301079595,NODE_F42DC973E618,child,2,B0:CB:D8:F3:32:19,-67,0,298,298,2,2,0,0,0
301179589,NODE_F42DC973E618,child,2,B0:CB:D8:F3:32:19,-67,0,298,298,2,2,0,0,0
301279587,NODE_F42DC973E618,child,2,B0:CB:D8:F3:32:19,-67,0,298,298,2,2,0,0,0
301379591,NODE_F42DC973E618,child,2,B0:CB:D8:F3:32:19,-67,0,298,298,2,2,0,0,0
301479589,NODE_F42DC973E618,child,2,B0:CB:D8:F3:32:19,-67,0,298,298,2,2,0,0,0
301579591,NODE_F42DC973E618,child,2,B0:CB:D8:F3:32:19,-67,0,299,299,2,2,0,0,0
301679587,NODE_F42DC973E618,child,2,B0:CB:D8:F3:32:19,-67,0,299,299,2,2,0,0,0
301779589,NODE_F42DC973E618,child,2,B0:CB:D8:F3:32:19,-67,0,299,299,2,2,0,0,0
301879591,NODE_F42DC973E618,child,2,B0:CB:D8:F3:32:19,-67,0,299,299,2,2,0,0,0
301979591,NODE_F42DC973E618,child,2,B0:CB:D8:F3:32:19,-67,0,299,299,2,2,0,0,0
302079601,NODE_F42DC973E618,child,2,B0:CB:D8:F3:32:19,-66,0,299,299,2,2,0,0,0
302179591,NODE_F42DC973E618,child,2,B0:CB:D8:F3:32:19,-66,0,299,299,2,2,0,0,0
302279591,NODE_F42DC973E618,child,2,B0:CB:D8:F3:32:19,-66,0,299,299,2,2,0,0,0
302379589,NODE_F42DC973E618,child,2,B0:CB:D8:F3:32:19,-66,0,299,299,2,2,0,0,0
302479587,NODE_F42DC973E618,child,2,B0:CB:D8:F3:32:19,-66,0,299,299,2,2,0,0,0
302579591,NODE_F42DC973E618,child,2,B0:CB:D8:F3:32:19,-66,0,300,300,2,2,0,0,0
302679593,NODE_F42DC973E618,child,2,B0:CB:D8:F3:32:19,-66,0,300,300,2,2,0,0,0
302779587,NODE_F42DC973E618,child,2,B0:CB:D8:F3:32:19,-66,0,300,300,2,2,0,0,0
302879587,NODE_F42DC973E618,child,2,B0:CB:D8:F3:32:19,-66,0,300,300,2,2,0,0,0
302979593,NODE_F42DC973E618,child,2,B0:CB:D8:F3:32:19,-66,0,300,300,2,2,0,0,0
303079587,NODE_F42DC973E618,child,2,B0:CB:D8:F3:32:19,-66,0,300,300,2,2,0,0,0
303179595,NODE_F42DC973E618,child,2,B0:CB:D8:F3:32:19,-66,0,300,300,2,2,0,0,0
303279589,NODE_F42DC973E618,child,2,B0:CB:D8:F3:32:19,-66,0,300,300,2,2,0,0,0
303379591,NODE_F42DC973E618,child,2,B0:CB:D8:F3:32:19,-66,0,300,300,2,2,0,0,0
303479587,NODE_F42DC973E618,child,2,B0:CB:D8:F3:32:19,-66,0,300,300,2,2,0,0,0
303579593,NODE_F42DC973E618,child,2,B0:CB:D8:F3:32:19,-66,0,301,301,2,2,0,0,0
303679587,NODE_F42DC973E618,child,2,B0:CB:D8:F3:32:19,-66,0,301,301,2,2,0,0,0
303779587,NODE_F42DC973E618,child,2,B0:CB:D8:F3:32:19,-66,0,301,301,2,2,0,0,0
303879589,NODE_F42DC973E618,child,2,B0:CB:D8:F3:32:19,-66,0,301,301,2,2,0,0,0
303979591,NODE_F42DC973E618,child,2,B0:CB:D8:F3:32:19,-66,0,301,301,2,2,0,0,0
304079591,NODE_F42DC973E618,child,2,B0:CB:D8:F3:32:19,-66,0,301,301,2,2,0,0,0
304179597,NODE_F42DC973E618,child,2,B0:CB:D8:F3:32:19,-67,0,301,301,2,2,0,0,0
304279587,NODE_F42DC973E618,child,2,B0:CB:D8:F3:32:19,-67,0,301,301,2,2,0,0,0
304379587,NODE_F42DC973E618,child,2,B0:CB:D8:F3:32:19,-67,0,301,301,2,2,0,0,0
304479589,NODE_F42DC973E618,child,2,B0:CB:D8:F3:32:19,-67,0,301,301,2,2,0,0,0
304579587,NODE_F42DC973E618,child,2,B0:CB:D8:F3:32:19,-67,0,302,302,2,2,0,0,0
304679591,NODE_F42DC973E618,child,2,B0:CB:D8:F3:32:19,-67,0,302,302,2,2,0,0,0
304779589,NODE_F42DC973E618,child,2,B0:CB:D8:F3:32:19,-67,0,302,302,2,2,0,0,0
304879587,NODE_F42DC973E618,child,2,B0:CB:D8:F3:32:19,-67,0,302,302,2,2,0,0,0
304979591,NODE_F42DC973E618,child,2,B0:CB:D8:F3:32:19,-67,0,302,302,2,2,0,0,0
305079589,NODE_F42DC973E618,child,2,B0:CB:D8:F3:32:19,-67,0,302,302,2,2,0,0,0
305179595,NODE_F42DC973E618,child,2,B0:CB:D8:F3:32:19,-67,0,302,302,2,2,0,0,0
305279587,NODE_F42DC973E618,child,2,B0:CB:D8:F3:32:19,-67,0,302,302,2,2,0,0,0
305379593,NODE_F42DC973E618,child,2,B0:CB:D8:F3:32:19,-67,0,302,302,2,2,0,0,0
305479587,NODE_F42DC973E618,child,2,B0:CB:D8:F3:32:19,-67,0,302,302,2,2,0,0,0
305579591,NODE_F42DC973E618,child,2,B0:CB:D8:F3:32:19,-67,0,303,303,2,2,0,0,0
305679589,NODE_F42DC973E618,child,2,B0:CB:D8:F3:32:19,-67,0,303,303,2,2,0,0,0
305779587,NODE_F42DC973E618,child,2,B0:CB:D8:F3:32:19,-67,0,303,303,2,2,0,0,0
305879587,NODE_F42DC973E618,child,2,B0:CB:D8:F3:32:19,-67,0,303,303,2,2,0,0,0
305979589,NODE_F42DC973E618,child,2,B0:CB:D8:F3:32:19,-67,0,303,303,2,2,0,0,0
306079591,NODE_F42DC973E618,child,2,B0:CB:D8:F3:32:19,-67,0,303,303,2,2,0,0,0
306179599,NODE_F42DC973E618,child,2,B0:CB:D8:F3:32:19,-66,0,303,303,2,2,0,0,0
306279589,NODE_F42DC973E618,child,2,B0:CB:D8:F3:32:19,-66,0,303,303,2,2,0,0,0
306379587,NODE_F42DC973E618,child,2,B0:CB:D8:F3:32:19,-66,0,303,303,2,2,0,0,0
306479587,NODE_F42DC973E618,child,2,B0:CB:D8:F3:32:19,-66,0,303,303,2,2,0,0,0
306579593,NODE_F42DC973E618,child,2,B0:CB:D8:F3:32:19,-66,0,304,304,2,2,0,0,0
306679591,NODE_F42DC973E618,child,2,B0:CB:D8:F3:32:19,-66,0,304,304,2,2,0,0,0
306779587,NODE_F42DC973E618,child,2,B0:CB:D8:F3:32:19,-66,0,304,304,2,2,0,0,0
306879589,NODE_F42DC973E618,child,2,B0:CB:D8:F3:32:19,-66,0,304,304,2,2,0,0,0
306979587,NODE_F42DC973E618,child,2,B0:CB:D8:F3:32:19,-66,0,304,304,2,2,0,0,0
307079591,NODE_F42DC973E618,child,2,B0:CB:D8:F3:32:19,-66,0,304,304,2,2,0,0,0
307179589,NODE_F42DC973E618,child,2,B0:CB:D8:F3:32:19,-66,0,304,304,2,2,0,0,0
307279595,NODE_F42DC973E618,child,2,B0:CB:D8:F3:32:19,-66,0,304,304,2,2,0,0,0
307379591,NODE_F42DC973E618,child,2,B0:CB:D8:F3:32:19,-66,0,304,304,2,2,0,0,0
307479589,NODE_F42DC973E618,child,2,B0:CB:D8:F3:32:19,-66,0,304,304,2,2,0,0,0
307579591,NODE_F42DC973E618,child,2,B0:CB:D8:F3:32:19,-66,0,305,305,2,2,0,0,0
307679587,NODE_F42DC973E618,child,2,B0:CB:D8:F3:32:19,-66,0,305,305,2,2,0,0,0
307779589,NODE_F42DC973E618,child,2,B0:CB:D8:F3:32:19,-66,0,305,305,2,2,0,0,0
307879587,NODE_F42DC973E618,child,2,B0:CB:D8:F3:32:19,-66,0,305,305,2,2,0,0,0
307979591,NODE_F42DC973E618,child,2,B0:CB:D8:F3:32:19,-66,0,305,305,2,2,0,0,0
308079597,NODE_F42DC973E618,child,2,B0:CB:D8:F3:32:19,-66,0,305,305,2,2,0,0,0
308179587,NODE_F42DC973E618,child,2,B0:CB:D8:F3:32:19,-66,0,305,305,2,2,0,0,0
308279595,NODE_F42DC973E618,child,2,B0:CB:D8:F3:32:19,-67,0,305,305,2,2,0,0,0
308379589,NODE_F42DC973E618,child,2,B0:CB:D8:F3:32:19,-67,0,305,305,2,2,0,0,0
308479587,NODE_F42DC973E618,child,2,B0:CB:D8:F3:32:19,-67,0,305,305,2,2,0,0,0
308579591,NODE_F42DC973E618,child,2,B0:CB:D8:F3:32:19,-67,0,306,306,2,2,0,0,0
308679593,NODE_F42DC973E618,child,2,B0:CB:D8:F3:32:19,-67,0,306,306,2,2,0,0,0
308779587,NODE_F42DC973E618,child,2,B0:CB:D8:F3:32:19,-67,0,306,306,2,2,0,0,0
308879587,NODE_F42DC973E618,child,2,B0:CB:D8:F3:32:19,-67,0,306,306,2,2,0,0,0
308979589,NODE_F42DC973E618,child,2,B0:CB:D8:F3:32:19,-67,0,306,306,2,2,0,0,0
309079591,NODE_F42DC973E618,child,2,B0:CB:D8:F3:32:19,-67,0,306,306,2,2,0,0,0
309179587,NODE_F42DC973E618,child,2,B0:CB:D8:F3:32:19,-67,0,306,306,2,2,0,0,0
309279597,NODE_F42DC973E618,child,2,B0:CB:D8:F3:32:19,-66,0,306,306,2,2,0,0,0
309379591,NODE_F42DC973E618,child,2,B0:CB:D8:F3:32:19,-66,0,306,306,2,2,0,0,0
309479587,NODE_F42DC973E618,child,2,B0:CB:D8:F3:32:19,-66,0,306,306,2,2,0,0,0
309579593,NODE_F42DC973E618,child,2,B0:CB:D8:F3:32:19,-66,0,307,307,2,2,0,0,0
309679587,NODE_F42DC973E618,child,2,B0:CB:D8:F3:32:19,-66,0,307,307,2,2,0,0,0
309779587,NODE_F42DC973E618,child,2,B0:CB:D8:F3:32:19,-66,0,307,307,2,2,0,0,0
309879589,NODE_F42DC973E618,child,2,B0:CB:D8:F3:32:19,-66,0,307,307,2,2,0,0,0
309979587,NODE_F42DC973E618,child,2,B0:CB:D8:F3:32:19,-66,0,307,307,2,2,0,0,0
310079595,NODE_F42DC973E618,child,2,B0:CB:D8:F3:32:19,-66,0,307,307,2,2,0,0,0
310179589,NODE_F42DC973E618,child,2,B0:CB:D8:F3:32:19,-66,0,307,307,2,2,0,0,0
310279595,NODE_F42DC973E618,child,2,B0:CB:D8:F3:32:19,-68,0,307,307,2,2,0,0,0
310379587,NODE_F42DC973E618,child,2,B0:CB:D8:F3:32:19,-68,0,307,307,2,2,0,0,0
310479589,NODE_F42DC973E618,child,2,B0:CB:D8:F3:32:19,-68,0,307,307,2,2,0,0,0
310579591,NODE_F42DC973E618,child,2,B0:CB:D8:F3:32:19,-68,0,308,308,2,2,0,0,0
310679591,NODE_F42DC973E618,child,2,B0:CB:D8:F3:32:19,-68,0,308,308,2,2,0,0,0
310779589,NODE_F42DC973E618,child,2,B0:CB:D8:F3:32:19,-68,0,308,308,2,2,0,0,0
310879587,NODE_F42DC973E618,child,2,B0:CB:D8:F3:32:19,-68,0,308,308,2,2,0,0,0
310979591,NODE_F42DC973E618,child,2,B0:CB:D8:F3:32:19,-68,0,308,308,2,2,0,0,0
311079589,NODE_F42DC973E618,child,2,B0:CB:D8:F3:32:19,-68,0,308,308,2,2,0,0,0
311179587,NODE_F42DC973E618,child,2,B0:CB:D8:F3:32:19,-68,0,308,308,2,2,0,0,0
311279583,NODE_F42DC973E618,child,2,B0:CB:D8:F3:32:19,-68,0,308,308,2,2,0,0,0
311379597,NODE_F42DC973E618,child,2,B0:CB:D8:F3:32:19,-67,0,308,308,2,2,0,0,0
311479587,NODE_F42DC973E618,child,2,B0:CB:D8:F3:32:19,-67,0,308,308,2,2,0,0,0
311579591,NODE_F42DC973E618,child,2,B0:CB:D8:F3:32:19,-67,0,309,309,2,2,0,0,0
311679589,NODE_F42DC973E618,child,2,B0:CB:D8:F3:32:19,-67,0,309,309,2,2,0,0,0
311779583,NODE_F42DC973E618,child,2,B0:CB:D8:F3:32:19,-67,0,309,309,2,2,0,0,0
311879583,NODE_F42DC973E618,child,2,B0:CB:D8:F3:32:19,-67,0,309,309,2,2,0,0,0
311979589,NODE_F42DC973E618,child,2,B0:CB:D8:F3:32:19,-67,0,309,309,2,2,0,0,0
312079591,NODE_F42DC973E618,child,2,B0:CB:D8:F3:32:19,-67,0,309,309,2,2,0,0,0
312179591,NODE_F42DC973E618,child,2,B0:CB:D8:F3:32:19,-67,0,309,309,2,2,0,0,0
312279589,NODE_F42DC973E618,child,2,B0:CB:D8:F3:32:19,-67,0,309,309,2,2,0,0,0
312379595,NODE_F42DC973E618,child,2,B0:CB:D8:F3:32:19,-66,0,309,309,2,2,0,0,0
312479587,NODE_F42DC973E618,child,2,B0:CB:D8:F3:32:19,-66,0,309,309,2,2,0,0,0
312579597,NODE_F42DC973E618,child,2,B0:CB:D8:F3:32:19,-66,0,310,310,2,2,0,0,0
312679587,NODE_F42DC973E618,child,2,B0:CB:D8:F3:32:19,-66,0,310,310,2,2,0,0,0
312779587,NODE_F42DC973E618,child,2,B0:CB:D8:F3:32:19,-66,0,310,310,2,2,0,0,0
312879589,NODE_F42DC973E618,child,2,B0:CB:D8:F3:32:19,-66,0,310,310,2,2,0,0,0
312979579,NODE_F42DC973E618,child,2,B0:CB:D8:F3:32:19,-66,0,310,310,2,2,0,0,0
313079587,NODE_F42DC973E618,child,2,B0:CB:D8:F3:32:19,-66,0,310,310,2,2,0,0,0
313179597,NODE_F42DC973E618,child,2,B0:CB:D8:F3:32:19,-66,0,310,310,2,2,0,0,0
313279587,NODE_F42DC973E618,child,2,B0:CB:D8:F3:32:19,-66,0,310,310,2,2,0,0,0
313379595,NODE_F42DC973E618,child,2,B0:CB:D8:F3:32:19,-66,0,310,310,2,2,0,0,0
313479589,NODE_F42DC973E618,child,2,B0:CB:D8:F3:32:19,-66,0,310,310,2,2,0,0,0
313579591,NODE_F42DC973E618,child,2,B0:CB:D8:F3:32:19,-66,0,311,311,2,2,0,0,0
313679587,NODE_F42DC973E618,child,2,B0:CB:D8:F3:32:19,-66,0,311,311,2,2,0,0,0
313779589,NODE_F42DC973E618,child,2,B0:CB:D8:F3:32:19,-66,0,311,311,2,2,0,0,0
313879591,NODE_F42DC973E618,child,2,B0:CB:D8:F3:32:19,-66,0,311,311,2,2,0,0,0
313979591,NODE_F42DC973E618,child,2,B0:CB:D8:F3:32:19,-66,0,311,311,2,2,0,0,0
314079589,NODE_F42DC973E618,child,2,B0:CB:D8:F3:32:19,-66,0,311,311,2,2,0,0,0
314179591,NODE_F42DC973E618,child,2,B0:CB:D8:F3:32:19,-66,0,311,311,2,2,0,0,0
314279587,NODE_F42DC973E618,child,2,B0:CB:D8:F3:32:19,-66,0,311,311,2,2,0,0,0
314379597,NODE_F42DC973E618,child,2,B0:CB:D8:F3:32:19,-67,0,311,311,2,2,0,0,0
314479587,NODE_F42DC973E618,child,2,B0:CB:D8:F3:32:19,-67,0,311,311,2,2,0,0,0
314579595,NODE_F42DC973E618,child,2,B0:CB:D8:F3:32:19,-67,0,312,312,2,2,0,0,0
314679589,NODE_F42DC973E618,child,2,B0:CB:D8:F3:32:19,-67,0,312,312,2,2,0,0,0
314779587,NODE_F42DC973E618,child,2,B0:CB:D8:F3:32:19,-67,0,312,312,2,2,0,0,0
314879587,NODE_F42DC973E618,child,2,B0:CB:D8:F3:32:19,-67,0,312,312,2,2,0,0,0
314979589,NODE_F42DC973E618,child,2,B0:CB:D8:F3:32:19,-67,0,312,312,2,2,0,0,0
315079587,NODE_F42DC973E618,child,2,B0:CB:D8:F3:32:19,-67,0,312,312,2,2,0,0,0
315179900,NODE_F42DC973E618,child,2,B0:CB:D8:F3:32:19,-67,0,312,312,2,2,0,0,0
315279589,NODE_F42DC973E618,child,2,B0:CB:D8:F3:32:19,-67,0,312,312,2,2,0,0,0
315379587,NODE_F42DC973E618,child,2,B0:CB:D8:F3:32:19,-67,0,312,312,2,2,0,0,0
315479595,NODE_F42DC973E618,child,2,B0:CB:D8:F3:32:19,-66,0,312,312,2,2,0,0,0
315579593,NODE_F42DC973E618,child,2,B0:CB:D8:F3:32:19,-66,0,313,313,2,2,0,0,0
315679587,NODE_F42DC973E618,child,2,B0:CB:D8:F3:32:19,-66,0,313,313,2,2,0,0,0
315779587,NODE_F42DC973E618,child,2,B0:CB:D8:F3:32:19,-66,0,313,313,2,2,0,0,0
315879593,NODE_F42DC973E618,child,2,B0:CB:D8:F3:32:19,-66,0,313,313,2,2,0,0,0
315979587,NODE_F42DC973E618,child,2,B0:CB:D8:F3:32:19,-66,0,313,313,2,2,0,0,0
316079587,NODE_F42DC973E618,child,2,B0:CB:D8:F3:32:19,-66,0,313,313,2,2,0,0,0
316179589,NODE_F42DC973E618,child,2,B0:CB:D8:F3:32:19,-66,0,313,313,2,2,0,0,0
316279591,NODE_F42DC973E618,child,2,B0:CB:D8:F3:32:19,-66,0,313,313,2,2,0,0,0
316379701,NODE_F42DC973E618,child,2,B0:CB:D8:F3:32:19,-66,0,313,313,2,2,0,0,0
316479597,NODE_F42DC973E618,child,2,B0:CB:D8:F3:32:19,-66,0,313,313,2,2,0,0,0
316579595,NODE_F42DC973E618,child,2,B0:CB:D8:F3:32:19,-66,0,314,314,2,2,0,0,0
316679587,NODE_F42DC973E618,child,2,B0:CB:D8:F3:32:19,-66,0,314,314,2,2,0,0,0
316779589,NODE_F42DC973E618,child,2,B0:CB:D8:F3:32:19,-66,0,314,314,2,2,0,0,0
316879587,NODE_F42DC973E618,child,2,B0:CB:D8:F3:32:19,-66,0,314,314,2,2,0,0,0
316979591,NODE_F42DC973E618,child,2,B0:CB:D8:F3:32:19,-66,0,314,314,2,2,0,0,0
317079589,NODE_F42DC973E618,child,2,B0:CB:D8:F3:32:19,-66,0,314,314,2,2,0,0,0
317179591,NODE_F42DC973E618,child,2,B0:CB:D8:F3:32:19,-66,0,314,314,2,2,0,0,0
317279591,NODE_F42DC973E618,child,2,B0:CB:D8:F3:32:19,-66,0,314,314,2,2,0,0,0
317379589,NODE_F42DC973E618,child,2,B0:CB:D8:F3:32:19,-66,0,314,314,2,2,0,0,0
317479595,NODE_F42DC973E618,child,2,B0:CB:D8:F3:32:19,-66,0,314,314,2,2,0,0,0
317579591,NODE_F42DC973E618,child,2,B0:CB:D8:F3:32:19,-66,0,315,315,2,2,0,0,0
317679589,NODE_F42DC973E618,child,2,B0:CB:D8:F3:32:19,-66,0,315,315,2,2,0,0,0
317779587,NODE_F42DC973E618,child,2,B0:CB:D8:F3:32:19,-66,0,315,315,2,2,0,0,0
317879591,NODE_F42DC973E618,child,2,B0:CB:D8:F3:32:19,-66,0,315,315,2,2,0,0,0
317979589,NODE_F42DC973E618,child,2,B0:CB:D8:F3:32:19,-66,0,315,315,2,2,0,0,0
318079587,NODE_F42DC973E618,child,2,B0:CB:D8:F3:32:19,-66,0,315,315,2,2,0,0,0
318179591,NODE_F42DC973E618,child,2,B0:CB:D8:F3:32:19,-66,0,315,315,2,2,0,0,0
318279593,NODE_F42DC973E618,child,2,B0:CB:D8:F3:32:19,-66,0,315,315,2,2,0,0,0
318379587,NODE_F42DC973E618,child,2,B0:CB:D8:F3:32:19,-66,0,315,315,2,2,0,0,0
318479595,NODE_F42DC973E618,child,2,B0:CB:D8:F3:32:19,-66,0,315,315,2,2,0,0,0
318579597,NODE_F42DC973E618,child,2,B0:CB:D8:F3:32:19,-66,0,316,316,2,2,0,0,0
318679587,NODE_F42DC973E618,child,2,B0:CB:D8:F3:32:19,-66,0,316,316,2,2,0,0,0
318779587,NODE_F42DC973E618,child,2,B0:CB:D8:F3:32:19,-66,0,316,316,2,2,0,0,0
318879589,NODE_F42DC973E618,child,2,B0:CB:D8:F3:32:19,-66,0,316,316,2,2,0,0,0
318979587,NODE_F42DC973E618,child,2,B0:CB:D8:F3:32:19,-66,0,316,316,2,2,0,0,0
319079587,NODE_F42DC973E618,child,2,B0:CB:D8:F3:32:19,-66,0,316,316,2,2,0,0,0
319179593,NODE_F42DC973E618,child,2,B0:CB:D8:F3:32:19,-66,0,316,316,2,2,0,0,0
319279591,NODE_F42DC973E618,child,2,B0:CB:D8:F3:32:19,-66,0,316,316,2,2,0,0,0
319379587,NODE_F42DC973E618,child,2,B0:CB:D8:F3:32:19,-66,0,316,316,2,2,0,0,0
319479589,NODE_F42DC973E618,child,2,B0:CB:D8:F3:32:19,-66,0,316,316,2,2,0,0,0
319579587,NODE_F42DC973E618,child,2,B0:CB:D8:F3:32:19,-66,0,317,317,2,2,0,0,0
319679591,NODE_F42DC973E618,child,2,B0:CB:D8:F3:32:19,-66,0,317,317,2,2,0,0,0
319779589,NODE_F42DC973E618,child,2,B0:CB:D8:F3:32:19,-66,0,317,317,2,2,0,0,0
319879591,NODE_F42DC973E618,child,2,B0:CB:D8:F3:32:19,-66,0,317,317,2,2,0,0,0
319979587,NODE_F42DC973E618,child,2,B0:CB:D8:F3:32:19,-66,0,317,317,2,2,0,0,0
320079593,NODE_F42DC973E618,child,2,B0:CB:D8:F3:32:19,-66,0,317,317,2,2,0,0,0
320179587,NODE_F42DC973E618,child,2,B0:CB:D8:F3:32:19,-66,0,317,317,2,2,0,0,0
320279587,NODE_F42DC973E618,child,2,B0:CB:D8:F3:32:19,-66,0,317,317,2,2,0,0,0
320379593,NODE_F42DC973E618,child,2,B0:CB:D8:F3:32:19,-66,0,317,317,2,2,0,0,0
320479587,NODE_F42DC973E618,child,2,B0:CB:D8:F3:32:19,-66,0,317,317,2,2,0,0,0
320579591,NODE_F42DC973E618,child,2,B0:CB:D8:F3:32:19,-67,0,318,318,2,2,0,0,0
320679593,NODE_F42DC973E618,child,2,B0:CB:D8:F3:32:19,-67,0,318,318,2,2,0,0,0
320779587,NODE_F42DC973E618,child,2,B0:CB:D8:F3:32:19,-67,0,318,318,2,2,0,0,0
320879587,NODE_F42DC973E618,child,2,B0:CB:D8:F3:32:19,-67,0,318,318,2,2,0,0,0
320979589,NODE_F42DC973E618,child,2,B0:CB:D8:F3:32:19,-67,0,318,318,2,2,0,0,0
321079587,NODE_F42DC973E618,child,2,B0:CB:D8:F3:32:19,-67,0,318,318,2,2,0,0,0
321179591,NODE_F42DC973E618,child,2,B0:CB:D8:F3:32:19,-67,0,318,318,2,2,0,0,0
321279589,NODE_F42DC973E618,child,2,B0:CB:D8:F3:32:19,-67,0,318,318,2,2,0,0,0
321379591,NODE_F42DC973E618,child,2,B0:CB:D8:F3:32:19,-67,0,318,318,2,2,0,0,0
321479587,NODE_F42DC973E618,child,2,B0:CB:D8:F3:32:19,-67,0,318,318,2,2,0,0,0
321579589,NODE_F42DC973E618,child,2,B0:CB:D8:F3:32:19,-65,0,319,319,2,2,0,0,0
321679591,NODE_F42DC973E618,child,2,B0:CB:D8:F3:32:19,-65,0,319,319,2,2,0,0,0
321779587,NODE_F42DC973E618,child,2,B0:CB:D8:F3:32:19,-65,0,319,319,2,2,0,0,0
321879593,NODE_F42DC973E618,child,2,B0:CB:D8:F3:32:19,-65,0,319,319,2,2,0,0,0
321979587,NODE_F42DC973E618,child,2,B0:CB:D8:F3:32:19,-65,0,319,319,2,2,0,0,0
322079587,NODE_F42DC973E618,child,2,B0:CB:D8:F3:32:19,-65,0,319,319,2,2,0,0,0
322179589,NODE_F42DC973E618,child,2,B0:CB:D8:F3:32:19,-65,0,319,319,2,2,0,0,0
322279587,NODE_F42DC973E618,child,2,B0:CB:D8:F3:32:19,-65,0,319,319,2,2,0,0,0
322379591,NODE_F42DC973E618,child,2,B0:CB:D8:F3:32:19,-65,0,319,319,2,2,0,0,0
322479589,NODE_F42DC973E618,child,2,B0:CB:D8:F3:32:19,-65,0,319,319,2,2,0,0,0
322579591,NODE_F42DC973E618,child,2,B0:CB:D8:F3:32:19,-64,0,320,320,2,2,0,0,0
322679591,NODE_F42DC973E618,child,2,B0:CB:D8:F3:32:19,-64,0,320,320,2,2,0,0,0
322779589,NODE_F42DC973E618,child,2,B0:CB:D8:F3:32:19,-64,0,320,320,2,2,0,0,0
322879587,NODE_F42DC973E618,child,2,B0:CB:D8:F3:32:19,-64,0,320,320,2,2,0,0,0
322979587,NODE_F42DC973E618,child,2,B0:CB:D8:F3:32:19,-64,0,320,320,2,2,0,0,0
323079593,NODE_F42DC973E618,child,2,B0:CB:D8:F3:32:19,-64,0,320,320,2,2,0,0,0
323179591,NODE_F42DC973E618,child,2,B0:CB:D8:F3:32:19,-64,0,320,320,2,2,0,0,0
323279587,NODE_F42DC973E618,child,2,B0:CB:D8:F3:32:19,-64,0,320,320,2,2,0,0,0
323379593,NODE_F42DC973E618,child,2,B0:CB:D8:F3:32:19,-64,0,320,320,2,2,0,0,0
323479579,NODE_F42DC973E618,child,2,B0:CB:D8:F3:32:19,-64,0,320,320,2,2,0,0,0
323580368,NODE_F42DC973E618,child,2,B0:CB:D8:F3:32:19,-67,0,321,321,2,2,0,0,0
323679605,NODE_F42DC973E618,child,2,B0:CB:D8:F3:32:19,-67,0,321,321,2,2,0,0,0
323779583,NODE_F42DC973E618,child,2,B0:CB:D8:F3:32:19,-67,0,321,321,2,2,0,0,0
323879587,NODE_F42DC973E618,child,2,B0:CB:D8:F3:32:19,-67,0,321,321,2,2,0,0,0
323979685,NODE_F42DC973E618,child,2,B0:CB:D8:F3:32:19,-67,0,321,321,2,2,0,0,0
324079587,NODE_F42DC973E618,child,2,B0:CB:D8:F3:32:19,-67,0,321,321,2,2,0,0,0
324179587,NODE_F42DC973E618,child,2,B0:CB:D8:F3:32:19,-67,0,321,321,2,2,0,0,0
324279585,NODE_F42DC973E618,child,2,B0:CB:D8:F3:32:19,-67,0,321,321,2,2,0,0,0
324379591,NODE_F42DC973E618,child,2,B0:CB:D8:F3:32:19,-67,0,321,321,2,2,0,0,0
324479591,NODE_F42DC973E618,child,2,B0:CB:D8:F3:32:19,-67,0,321,321,2,2,0,0,0
324579593,NODE_F42DC973E618,child,2,B0:CB:D8:F3:32:19,-67,0,322,322,2,2,0,0,0
324679595,NODE_F42DC973E618,child,2,B0:CB:D8:F3:32:19,-68,0,322,322,2,2,0,0,0
324779587,NODE_F42DC973E618,child,2,B0:CB:D8:F3:32:19,-68,0,322,322,2,2,0,0,0
324879589,NODE_F42DC973E618,child,2,B0:CB:D8:F3:32:19,-68,0,322,322,2,2,0,0,0
324979587,NODE_F42DC973E618,child,2,B0:CB:D8:F3:32:19,-68,0,322,322,2,2,0,0,0
325079591,NODE_F42DC973E618,child,2,B0:CB:D8:F3:32:19,-68,0,322,322,2,2,0,0,0
325179593,NODE_F42DC973E618,child,2,B0:CB:D8:F3:32:19,-68,0,322,322,2,2,0,0,0
325279587,NODE_F42DC973E618,child,2,B0:CB:D8:F3:32:19,-68,0,322,322,2,2,0,0,0
325379587,NODE_F42DC973E618,child,2,B0:CB:D8:F3:32:19,-68,0,322,322,2,2,0,0,0
325479593,NODE_F42DC973E618,child,2,B0:CB:D8:F3:32:19,-68,0,322,322,2,2,0,0,0
325579591,NODE_F42DC973E618,child,2,B0:CB:D8:F3:32:19,-68,0,323,323,2,2,0,0,0
325679599,NODE_F42DC973E618,child,2,B0:CB:D8:F3:32:19,-66,0,323,323,2,2,0,0,0
325779589,NODE_F42DC973E618,child,2,B0:CB:D8:F3:32:19,-66,0,323,323,2,2,0,0,0
325879587,NODE_F42DC973E618,child,2,B0:CB:D8:F3:32:19,-66,0,323,323,2,2,0,0,0
325979591,NODE_F42DC973E618,child,2,B0:CB:D8:F3:32:19,-66,0,323,323,2,2,0,0,0
326079589,NODE_F42DC973E618,child,2,B0:CB:D8:F3:32:19,-66,0,323,323,2,2,0,0,0
326179587,NODE_F42DC973E618,child,2,B0:CB:D8:F3:32:19,-66,0,323,323,2,2,0,0,0
326279587,NODE_F42DC973E618,child,2,B0:CB:D8:F3:32:19,-66,0,323,323,2,2,0,0,0
326379593,NODE_F42DC973E618,child,2,B0:CB:D8:F3:32:19,-66,0,323,323,2,2,0,0,0
326479591,NODE_F42DC973E618,child,2,B0:CB:D8:F3:32:19,-66,0,323,323,2,2,0,0,0
326579591,NODE_F42DC973E618,child,2,B0:CB:D8:F3:32:19,-66,0,324,324,2,2,0,0,0
326679597,NODE_F42DC973E618,child,2,B0:CB:D8:F3:32:19,-67,0,324,324,2,2,0,0,0
326779587,NODE_F42DC973E618,child,2,B0:CB:D8:F3:32:19,-67,0,324,324,2,2,0,0,0
326879587,NODE_F42DC973E618,child,2,B0:CB:D8:F3:32:19,-67,0,324,324,2,2,0,0,0
326979589,NODE_F42DC973E618,child,2,B0:CB:D8:F3:32:19,-67,0,324,324,2,2,0,0,0
327079591,NODE_F42DC973E618,child,2,B0:CB:D8:F3:32:19,-67,0,324,324,2,2,0,0,0
327179587,NODE_F42DC973E618,child,2,B0:CB:D8:F3:32:19,-67,0,324,324,2,2,0,0,0
327279589,NODE_F42DC973E618,child,2,B0:CB:D8:F3:32:19,-67,0,324,324,2,2,0,0,0
327379587,NODE_F42DC973E618,child,2,B0:CB:D8:F3:32:19,-67,0,324,324,2,2,0,0,0
327479591,NODE_F42DC973E618,child,2,B0:CB:D8:F3:32:19,-67,0,324,324,2,2,0,0,0
327579665,NODE_F42DC973E618,child,2,B0:CB:D8:F3:32:19,-67,0,324,324,2,2,0,0,0
327679688,NODE_F42DC973E618,child,2,B0:CB:D8:F3:32:19,-67,0,325,325,2,2,0,0,0
327779591,NODE_F42DC973E618,child,2,B0:CB:D8:F3:32:19,-67,0,325,325,2,2,0,0,0
327879589,NODE_F42DC973E618,child,2,B0:CB:D8:F3:32:19,-67,0,325,325,2,2,0,0,0
327979587,NODE_F42DC973E618,child,2,B0:CB:D8:F3:32:19,-67,0,325,325,2,2,0,0,0
328079587,NODE_F42DC973E618,child,2,B0:CB:D8:F3:32:19,-67,0,325,325,2,2,0,0,0
328179589,NODE_F42DC973E618,child,2,B0:CB:D8:F3:32:19,-67,0,325,325,2,2,0,0,0
328279587,NODE_F42DC973E618,child,2,B0:CB:D8:F3:32:19,-67,0,325,325,2,2,0,0,0
328379591,NODE_F42DC973E618,child,2,B0:CB:D8:F3:32:19,-67,0,325,325,2,2,0,0,0
328479589,NODE_F42DC973E618,child,2,B0:CB:D8:F3:32:19,-67,0,325,325,2,2,0,0,0
328580374,NODE_F42DC973E618,child,2,B0:CB:D8:F3:32:19,-67,0,325,325,2,2,0,0,0
328679587,NODE_F42DC973E618,child,2,B0:CB:D8:F3:32:19,-67,0,326,326,2,2,0,0,0
328779597,NODE_F42DC973E618,child,2,B0:CB:D8:F3:32:19,-65,0,326,326,2,2,0,0,0
328879587,NODE_F42DC973E618,child,2,B0:CB:D8:F3:32:19,-65,0,326,326,2,2,0,0,0
328979591,NODE_F42DC973E618,child,2,B0:CB:D8:F3:32:19,-65,0,326,326,2,2,0,0,0
329079593,NODE_F42DC973E618,child,2,B0:CB:D8:F3:32:19,-65,0,326,326,2,2,0,0,0
329179591,NODE_F42DC973E618,child,2,B0:CB:D8:F3:32:19,-65,0,326,326,2,2,0,0,0
329279587,NODE_F42DC973E618,child,2,B0:CB:D8:F3:32:19,-65,0,326,326,2,2,0,0,0
329379589,NODE_F42DC973E618,child,2,B0:CB:D8:F3:32:19,-65,0,326,326,2,2,0,0,0
329479587,NODE_F42DC973E618,child,2,B0:CB:D8:F3:32:19,-65,0,326,326,2,2,0,0,0
329580343,NODE_F42DC973E618,child,2,B0:CB:D8:F3:32:19,-65,0,326,326,2,2,0,0,0
329679597,NODE_F42DC973E618,child,2,B0:CB:D8:F3:32:19,-65,0,327,327,2,2,0,0,0
329779595,NODE_F42DC973E618,child,2,B0:CB:D8:F3:32:19,-66,0,327,327,2,2,0,0,0
329879587,NODE_F42DC973E618,child,2,B0:CB:D8:F3:32:19,-66,0,327,327,2,2,0,0,0
329979589,NODE_F42DC973E618,child,2,B0:CB:D8:F3:32:19,-66,0,327,327,2,2,0,0,0
330079587,NODE_F42DC973E618,child,2,B0:CB:D8:F3:32:19,-66,0,327,327,2,2,0,0,0
330179587,NODE_F42DC973E618,child,2,B0:CB:D8:F3:32:19,-66,0,327,327,2,2,0,0,0
330279589,NODE_F42DC973E618,child,2,B0:CB:D8:F3:32:19,-66,0,327,327,2,2,0,0,0
330379591,NODE_F42DC973E618,child,2,B0:CB:D8:F3:32:19,-66,0,327,327,2,2,0,0,0
330479587,NODE_F42DC973E618,child,2,B0:CB:D8:F3:32:19,-66,0,327,327,2,2,0,0,0
330580376,NODE_F42DC973E618,child,2,B0:CB:D8:F3:32:19,-66,0,327,327,2,2,0,0,0
330679587,NODE_F42DC973E618,child,2,B0:CB:D8:F3:32:19,-66,0,328,328,2,2,0,0,0
330779595,NODE_F42DC973E618,child,2,B0:CB:D8:F3:32:19,-67,0,328,328,2,2,0,0,0
330879589,NODE_F42DC973E618,child,2,B0:CB:D8:F3:32:19,-67,0,328,328,2,2,0,0,0
330979587,NODE_F42DC973E618,child,2,B0:CB:D8:F3:32:19,-67,0,328,328,2,2,0,0,0
331079591,NODE_F42DC973E618,child,2,B0:CB:D8:F3:32:19,-67,0,328,328,2,2,0,0,0
331179589,NODE_F42DC973E618,child,2,B0:CB:D8:F3:32:19,-67,0,328,328,2,2,0,0,0
331279587,NODE_F42DC973E618,child,2,B0:CB:D8:F3:32:19,-67,0,328,328,2,2,0,0,0
331379587,NODE_F42DC973E618,child,2,B0:CB:D8:F3:32:19,-67,0,328,328,2,2,0,0,0
331479589,NODE_F42DC973E618,child,2,B0:CB:D8:F3:32:19,-67,0,328,328,2,2,0,0,0
331580344,NODE_F42DC973E618,child,2,B0:CB:D8:F3:32:19,-67,0,328,328,2,2,0,0,0
331679591,NODE_F42DC973E618,child,2,B0:CB:D8:F3:32:19,-67,0,329,329,2,2,0,0,0
331779597,NODE_F42DC973E618,child,2,B0:CB:D8:F3:32:19,-68,0,329,329,2,2,0,0,0
331879587,NODE_F42DC973E618,child,2,B0:CB:D8:F3:32:19,-68,0,329,329,2,2,0,0,0
331979591,NODE_F42DC973E618,child,2,B0:CB:D8:F3:32:19,-68,0,329,329,2,2,0,0,0
332079589,NODE_F42DC973E618,child,2,B0:CB:D8:F3:32:19,-68,0,329,329,2,2,0,0,0
332179591,NODE_F42DC973E618,child,2,B0:CB:D8:F3:32:19,-68,0,329,329,2,2,0,0,0
332279591,NODE_F42DC973E618,child,2,B0:CB:D8:F3:32:19,-68,0,329,329,2,2,0,0,0
332379593,NODE_F42DC973E618,child,2,B0:CB:D8:F3:32:19,-68,0,329,329,2,2,0,0,0
332479587,NODE_F42DC973E618,child,2,B0:CB:D8:F3:32:19,-68,0,329,329,2,2,0,0,0
332580359,NODE_F42DC973E618,child,2,B0:CB:D8:F3:32:19,-68,0,329,329,2,2,0,0,0
332679593,NODE_F42DC973E618,child,2,B0:CB:D8:F3:32:19,-68,0,330,330,2,2,0,0,0
332779583,NODE_F42DC973E618,child,2,B0:CB:D8:F3:32:19,-68,0,330,330,2,2,0,0,0
332879591,NODE_F42DC973E618,child,2,B0:CB:D8:F3:32:19,-68,0,330,330,2,2,0,0,0
332979589,NODE_F42DC973E618,child,2,B0:CB:D8:F3:32:19,-68,0,330,330,2,2,0,0,0
333079591,NODE_F42DC973E618,child,2,B0:CB:D8:F3:32:19,-68,0,330,330,2,2,0,0,0
333179587,NODE_F42DC973E618,child,2,B0:CB:D8:F3:32:19,-68,0,330,330,2,2,0,0,0
333279589,NODE_F42DC973E618,child,2,B0:CB:D8:F3:32:19,-68,0,330,330,2,2,0,0,0
333379587,NODE_F42DC973E618,child,2,B0:CB:D8:F3:32:19,-68,0,330,330,2,2,0,0,0
333479583,NODE_F42DC973E618,child,2,B0:CB:D8:F3:32:19,-68,0,330,330,2,2,0,0,0
333580345,NODE_F42DC973E618,child,2,B0:CB:D8:F3:32:19,-68,0,330,330,2,2,0,0,0
333679595,NODE_F42DC973E618,child,2,B0:CB:D8:F3:32:19,-68,0,331,331,2,2,0,0,0
333779587,NODE_F42DC973E618,child,2,B0:CB:D8:F3:32:19,-68,0,331,331,2,2,0,0,0
333879597,NODE_F42DC973E618,child,2,B0:CB:D8:F3:32:19,-68,0,331,331,2,2,0,0,0
333979587,NODE_F42DC973E618,child,2,B0:CB:D8:F3:32:19,-68,0,331,331,2,2,0,0,0
334079587,NODE_F42DC973E618,child,2,B0:CB:D8:F3:32:19,-68,0,331,331,2,2,0,0,0
334179593,NODE_F42DC973E618,child,2,B0:CB:D8:F3:32:19,-68,0,331,331,2,2,0,0,0
334279587,NODE_F42DC973E618,child,2,B0:CB:D8:F3:32:19,-68,0,331,331,2,2,0,0,0
334379587,NODE_F42DC973E618,child,2,B0:CB:D8:F3:32:19,-68,0,331,331,2,2,0,0,0
334479589,NODE_F42DC973E618,child,2,B0:CB:D8:F3:32:19,-68,0,331,331,2,2,0,0,0
334580352,NODE_F42DC973E618,child,2,B0:CB:D8:F3:32:19,-68,0,331,331,2,2,0,0,0
334679591,NODE_F42DC973E618,child,2,B0:CB:D8:F3:32:19,-68,0,332,332,2,2,0,0,0
334779589,NODE_F42DC973E618,child,2,B0:CB:D8:F3:32:19,-68,0,332,332,2,2,0,0,0
334879599,NODE_F42DC973E618,child,2,B0:CB:D8:F3:32:19,-68,0,332,332,2,2,0,0,0
334979591,NODE_F42DC973E618,child,2,B0:CB:D8:F3:32:19,-68,0,332,332,2,2,0,0,0
335079589,NODE_F42DC973E618,child,2,B0:CB:D8:F3:32:19,-68,0,332,332,2,2,0,0,0
335198503,NODE_F42DC973E618,child,2,B0:CB:D8:F3:32:19,-68,0,332,332,2,2,0,0,0
335279587,NODE_F42DC973E618,child,2,B0:CB:D8:F3:32:19,-68,0,332,332,2,2,0,0,0
335379589,NODE_F42DC973E618,child,2,B0:CB:D8:F3:32:19,-68,0,332,332,2,2,0,0,0
335479587,NODE_F42DC973E618,child,2,B0:CB:D8:F3:32:19,-68,0,332,332,2,2,0,0,0
335580344,NODE_F42DC973E618,child,2,B0:CB:D8:F3:32:19,-68,0,332,332,2,2,0,0,0
335679597,NODE_F42DC973E618,child,2,B0:CB:D8:F3:32:19,-68,0,333,333,2,2,0,0,0
335779587,NODE_F42DC973E618,child,2,B0:CB:D8:F3:32:19,-68,0,333,333,2,2,0,0,0
335879595,NODE_F42DC973E618,child,2,B0:CB:D8:F3:32:19,-67,0,333,333,2,2,0,0,0
335979581,NODE_F42DC973E618,child,2,B0:CB:D8:F3:32:19,-67,0,333,333,2,2,0,0,0
336079587,NODE_F42DC973E618,child,2,B0:CB:D8:F3:32:19,-67,0,333,333,2,2,0,0,0
336179591,NODE_F42DC973E618,child,2,B0:CB:D8:F3:32:19,-67,0,333,333,2,2,0,0,0
336279589,NODE_F42DC973E618,child,2,B0:CB:D8:F3:32:19,-67,0,333,333,2,2,0,0,0
336379587,NODE_F42DC973E618,child,2,B0:CB:D8:F3:32:19,-67,0,333,333,2,2,0,0,0
336479587,NODE_F42DC973E618,child,2,B0:CB:D8:F3:32:19,-67,0,333,333,2,2,0,0,0
336580360,NODE_F42DC973E618,child,2,B0:CB:D8:F3:32:19,-67,0,333,333,2,2,0,0,0
336679591,NODE_F42DC973E618,child,2,B0:CB:D8:F3:32:19,-67,0,334,334,2,2,0,0,0
336779591,NODE_F42DC973E618,child,2,B0:CB:D8:F3:32:19,-67,0,334,334,2,2,0,0,0
336879593,NODE_F42DC973E618,child,2,B0:CB:D8:F3:32:19,-67,0,334,334,2,2,0,0,0
336979595,NODE_F42DC973E618,child,2,B0:CB:D8:F3:32:19,-68,0,334,334,2,2,0,0,0
337079587,NODE_F42DC973E618,child,2,B0:CB:D8:F3:32:19,-68,0,334,334,2,2,0,0,0
337179589,NODE_F42DC973E618,child,2,B0:CB:D8:F3:32:19,-68,0,334,334,2,2,0,0,0
337279587,NODE_F42DC973E618,child,2,B0:CB:D8:F3:32:19,-68,0,334,334,2,2,0,0,0
337379587,NODE_F42DC973E618,child,2,B0:CB:D8:F3:32:19,-68,0,334,334,2,2,0,0,0
337479589,NODE_F42DC973E618,child,2,B0:CB:D8:F3:32:19,-68,0,334,334,2,2,0,0,0
337579595,NODE_F42DC973E618,child,2,B0:CB:D8:F3:32:19,-68,0,334,334,2,2,0,0,0
337679591,NODE_F42DC973E618,child,2,B0:CB:D8:F3:32:19,-68,0,335,335,2,2,0,0,0
337779593,NODE_F42DC973E618,child,2,B0:CB:D8:F3:32:19,-68,0,335,335,2,2,0,0,0
337879587,NODE_F42DC973E618,child,2,B0:CB:D8:F3:32:19,-68,0,335,335,2,2,0,0,0
337979595,NODE_F42DC973E618,child,2,B0:CB:D8:F3:32:19,-67,0,335,335,2,2,0,0,0
338079589,NODE_F42DC973E618,child,2,B0:CB:D8:F3:32:19,-67,0,335,335,2,2,0,0,0
338179591,NODE_F42DC973E618,child,2,B0:CB:D8:F3:32:19,-67,0,335,335,2,2,0,0,0
338279587,NODE_F42DC973E618,child,2,B0:CB:D8:F3:32:19,-67,0,335,335,2,2,0,0,0
338379589,NODE_F42DC973E618,child,2,B0:CB:D8:F3:32:19,-67,0,335,335,2,2,0,0,0
338479587,NODE_F42DC973E618,child,2,B0:CB:D8:F3:32:19,-67,0,335,335,2,2,0,0,0
338579587,NODE_F42DC973E618,child,2,B0:CB:D8:F3:32:19,-67,0,335,335,2,2,0,0,0
338679593,NODE_F42DC973E618,child,2,B0:CB:D8:F3:32:19,-67,0,336,336,2,2,0,0,0
338779591,NODE_F42DC973E618,child,2,B0:CB:D8:F3:32:19,-67,0,336,336,2,2,0,0,0
338879591,NODE_F42DC973E618,child,2,B0:CB:D8:F3:32:19,-67,0,336,336,2,2,0,0,0
338979597,NODE_F42DC973E618,child,2,B0:CB:D8:F3:32:19,-68,0,336,336,2,2,0,0,0
339079587,NODE_F42DC973E618,child,2,B0:CB:D8:F3:32:19,-68,0,336,336,2,2,0,0,0
339179591,NODE_F42DC973E618,child,2,B0:CB:D8:F3:32:19,-68,0,336,336,2,2,0,0,0
339279589,NODE_F42DC973E618,child,2,B0:CB:D8:F3:32:19,-68,0,336,336,2,2,0,0,0
339379587,NODE_F42DC973E618,child,2,B0:CB:D8:F3:32:19,-68,0,336,336,2,2,0,0,0
339479587,NODE_F42DC973E618,child,2,B0:CB:D8:F3:32:19,-68,0,336,336,2,2,0,0,0
339579593,NODE_F42DC973E618,child,2,B0:CB:D8:F3:32:19,-68,0,336,336,2,2,0,0,0
339679591,NODE_F42DC973E618,child,2,B0:CB:D8:F3:32:19,-68,0,337,337,2,2,0,0,0
339779591,NODE_F42DC973E618,child,2,B0:CB:D8:F3:32:19,-68,0,337,337,2,2,0,0,0
339879589,NODE_F42DC973E618,child,2,B0:CB:D8:F3:32:19,-68,0,337,337,2,2,0,0,0
339979595,NODE_F42DC973E618,child,2,B0:CB:D8:F3:32:19,-68,0,337,337,2,2,0,0,0
340079587,NODE_F42DC973E618,child,2,B0:CB:D8:F3:32:19,-68,0,337,337,2,2,0,0,0
340179593,NODE_F42DC973E618,child,2,B0:CB:D8:F3:32:19,-68,0,337,337,2,2,0,0,0
340279587,NODE_F42DC973E618,child,2,B0:CB:D8:F3:32:19,-68,0,337,337,2,2,0,0,0
340379587,NODE_F42DC973E618,child,2,B0:CB:D8:F3:32:19,-68,0,337,337,2,2,0,0,0
340479589,NODE_F42DC973E618,child,2,B0:CB:D8:F3:32:19,-68,0,337,337,2,2,0,0,0
340579587,NODE_F42DC973E618,child,2,B0:CB:D8:F3:32:19,-68,0,337,337,2,2,0,0,0
340679591,NODE_F42DC973E618,child,2,B0:CB:D8:F3:32:19,-68,0,338,338,2,2,0,0,0
340779885,NODE_F42DC973E618,child,2,B0:CB:D8:F3:32:19,-68,0,338,338,2,2,0,0,0
340879591,NODE_F42DC973E618,child,2,B0:CB:D8:F3:32:19,-68,0,338,338,2,2,0,0,0
340979591,NODE_F42DC973E618,child,2,B0:CB:D8:F3:32:19,-68,0,338,338,2,2,0,0,0
341079597,NODE_F42DC973E618,child,2,B0:CB:D8:F3:32:19,-68,0,338,338,2,2,0,0,0
341179591,NODE_F42DC973E618,child,2,B0:CB:D8:F3:32:19,-68,0,338,338,2,2,0,0,0
341279587,NODE_F42DC973E618,child,2,B0:CB:D8:F3:32:19,-68,0,338,338,2,2,0,0,0
341379589,NODE_F42DC973E618,child,2,B0:CB:D8:F3:32:19,-68,0,338,338,2,2,0,0,0
341479587,NODE_F42DC973E618,child,2,B0:CB:D8:F3:32:19,-68,0,338,338,2,2,0,0,0
341579591,NODE_F42DC973E618,child,2,B0:CB:D8:F3:32:19,-68,0,338,338,2,2,0,0,0
341679593,NODE_F42DC973E618,child,2,B0:CB:D8:F3:32:19,-68,0,339,339,2,2,0,0,0
341779587,NODE_F42DC973E618,child,2,B0:CB:D8:F3:32:19,-68,0,339,339,2,2,0,0,0
341879591,NODE_F42DC973E618,child,2,B0:CB:D8:F3:32:19,-68,0,339,339,2,2,0,0,0
341979589,NODE_F42DC973E618,child,2,B0:CB:D8:F3:32:19,-68,0,339,339,2,2,0,0,0
342079595,NODE_F42DC973E618,child,2,B0:CB:D8:F3:32:19,-69,0,339,339,2,2,0,0,0
342179591,NODE_F42DC973E618,child,2,B0:CB:D8:F3:32:19,-69,0,339,339,2,2,0,0,0
342279589,NODE_F42DC973E618,child,2,B0:CB:D8:F3:32:19,-69,0,339,339,2,2,0,0,0
342379587,NODE_F42DC973E618,child,2,B0:CB:D8:F3:32:19,-69,0,339,339,2,2,0,0,0
342479587,NODE_F42DC973E618,child,2,B0:CB:D8:F3:32:19,-69,0,339,339,2,2,0,0,0
342579589,NODE_F42DC973E618,child,2,B0:CB:D8:F3:32:19,-69,0,339,339,2,2,0,0,0
342679587,NODE_F42DC973E618,child,2,B0:CB:D8:F3:32:19,-69,0,340,340,2,2,0,0,0
342779587,NODE_F42DC973E618,child,2,B0:CB:D8:F3:32:19,-69,0,340,340,2,2,0,0,0
342879597,NODE_F42DC973E618,child,2,B0:CB:D8:F3:32:19,-69,0,340,340,2,2,0,0,0
342979587,NODE_F42DC973E618,child,2,B0:CB:D8:F3:32:19,-69,0,340,340,2,2,0,0,0
343079595,NODE_F42DC973E618,child,2,B0:CB:D8:F3:32:19,-69,0,340,340,2,2,0,0,0
343179589,NODE_F42DC973E618,child,2,B0:CB:D8:F3:32:19,-69,0,340,340,2,2,0,0,0
343279587,NODE_F42DC973E618,child,2,B0:CB:D8:F3:32:19,-69,0,340,340,2,2,0,0,0
343379587,NODE_F42DC973E618,child,2,B0:CB:D8:F3:32:19,-69,0,340,340,2,2,0,0,0
343479589,NODE_F42DC973E618,child,2,B0:CB:D8:F3:32:19,-69,0,340,340,2,2,0,0,0
343579591,NODE_F42DC973E618,child,2,B0:CB:D8:F3:32:19,-69,0,340,340,2,2,0,0,0
343679591,NODE_F42DC973E618,child,2,B0:CB:D8:F3:32:19,-69,0,341,341,2,2,0,0,0
343779589,NODE_F42DC973E618,child,2,B0:CB:D8:F3:32:19,-69,0,341,341,2,2,0,0,0
343879591,NODE_F42DC973E618,child,2,B0:CB:D8:F3:32:19,-69,0,341,341,2,2,0,0,0
343979591,NODE_F42DC973E618,child,2,B0:CB:D8:F3:32:19,-69,0,341,341,2,2,0,0,0
344079597,NODE_F42DC973E618,child,2,B0:CB:D8:F3:32:19,-67,0,341,341,2,2,0,0,0
344179591,NODE_F42DC973E618,child,2,B0:CB:D8:F3:32:19,-67,0,341,341,2,2,0,0,0
344279587,NODE_F42DC973E618,child,2,B0:CB:D8:F3:32:19,-67,0,341,341,2,2,0,0,0
344379589,NODE_F42DC973E618,child,2,B0:CB:D8:F3:32:19,-67,0,341,341,2,2,0,0,0
344479587,NODE_F42DC973E618,child,2,B0:CB:D8:F3:32:19,-67,0,341,341,2,2,0,0,0
344579587,NODE_F42DC973E618,child,2,B0:CB:D8:F3:32:19,-67,0,341,341,2,2,0,0,0
344679597,NODE_F42DC973E618,child,2,B0:CB:D8:F3:32:19,-67,0,342,342,2,2,0,0,0
344779587,NODE_F42DC973E618,child,2,B0:CB:D8:F3:32:19,-67,0,342,342,2,2,0,0,0
344879591,NODE_F42DC973E618,child,2,B0:CB:D8:F3:32:19,-67,0,342,342,2,2,0,0,0
344979589,NODE_F42DC973E618,child,2,B0:CB:D8:F3:32:19,-67,0,342,342,2,2,0,0,0
345079587,NODE_F42DC973E618,child,2,B0:CB:D8:F3:32:19,-67,0,342,342,2,2,0,0,0
345179595,NODE_F42DC973E618,child,2,B0:CB:D8:F3:32:19,-68,0,342,342,2,2,0,0,0
345279585,NODE_F42DC973E618,child,2,B0:CB:D8:F3:32:19,-68,0,342,342,2,2,0,0,0
345379591,NODE_F42DC973E618,child,2,B0:CB:D8:F3:32:19,-68,0,342,342,2,2,0,0,0
345479583,NODE_F42DC973E618,child,2,B0:CB:D8:F3:32:19,-68,0,342,342,2,2,0,0,0
345579589,NODE_F42DC973E618,child,2,B0:CB:D8:F3:32:19,-68,0,342,342,2,2,0,0,0
345679591,NODE_F42DC973E618,child,2,B0:CB:D8:F3:32:19,-68,0,343,343,2,2,0,0,0
345779587,NODE_F42DC973E618,child,2,B0:CB:D8:F3:32:19,-68,0,343,343,2,2,0,0,0
345879589,NODE_F42DC973E618,child,2,B0:CB:D8:F3:32:19,-68,0,343,343,2,2,0,0,0
345979591,NODE_F42DC973E618,child,2,B0:CB:D8:F3:32:19,-68,0,343,343,2,2,0,0,0
346079799,NODE_F42DC973E618,child,2,B0:CB:D8:F3:32:19,-68,0,343,343,2,2,0,0,0
346179593,NODE_F42DC973E618,child,2,B0:CB:D8:F3:32:19,-68,0,343,343,2,2,0,0,0
346279591,NODE_F42DC973E618,child,2,B0:CB:D8:F3:32:19,-68,0,343,343,2,2,0,0,0
346379587,NODE_F42DC973E618,child,2,B0:CB:D8:F3:32:19,-68,0,343,343,2,2,0,0,0
346479589,NODE_F42DC973E618,child,2,B0:CB:D8:F3:32:19,-68,0,343,343,2,2,0,0,0
346579587,NODE_F42DC973E618,child,2,B0:CB:D8:F3:32:19,-68,0,343,343,2,2,0,0,0
346679591,NODE_F42DC973E618,child,2,B0:CB:D8:F3:32:19,-68,0,344,344,2,2,0,0,0
346779593,NODE_F42DC973E618,child,2,B0:CB:D8:F3:32:19,-68,0,344,344,2,2,0,0,0
346879587,NODE_F42DC973E618,child,2,B0:CB:D8:F3:32:19,-68,0,344,344,2,2,0,0,0
346979591,NODE_F42DC973E618,child,2,B0:CB:D8:F3:32:19,-68,0,344,344,2,2,0,0,0
347079589,NODE_F42DC973E618,child,2,B0:CB:D8:F3:32:19,-68,0,344,344,2,2,0,0,0
347179595,NODE_F42DC973E618,child,2,B0:CB:D8:F3:32:19,-70,0,344,344,2,2,0,0,0
347279587,NODE_F42DC973E618,child,2,B0:CB:D8:F3:32:19,-70,0,344,344,2,2,0,0,0
347379593,NODE_F42DC973E618,child,2,B0:CB:D8:F3:32:19,-70,0,344,344,2,2,0,0,0
347479587,NODE_F42DC973E618,child,2,B0:CB:D8:F3:32:19,-70,0,344,344,2,2,0,0,0
347579587,NODE_F42DC973E618,child,2,B0:CB:D8:F3:32:19,-70,0,344,344,2,2,0,0,0
347679593,NODE_F42DC973E618,child,2,B0:CB:D8:F3:32:19,-70,0,345,345,2,2,0,0,0
347779587,NODE_F42DC973E618,child,2,B0:CB:D8:F3:32:19,-70,0,345,345,2,2,0,0,0
347879587,NODE_F42DC973E618,child,2,B0:CB:D8:F3:32:19,-70,0,345,345,2,2,0,0,0
347979593,NODE_F42DC973E618,child,2,B0:CB:D8:F3:32:19,-70,0,345,345,2,2,0,0,0
348079591,NODE_F42DC973E618,child,2,B0:CB:D8:F3:32:19,-70,0,345,345,2,2,0,0,0
348179595,NODE_F42DC973E618,child,2,B0:CB:D8:F3:32:19,-69,0,345,345,2,2,0,0,0
348279589,NODE_F42DC973E618,child,2,B0:CB:D8:F3:32:19,-69,0,345,345,2,2,0,0,0
348379587,NODE_F42DC973E618,child,2,B0:CB:D8:F3:32:19,-69,0,345,345,2,2,0,0,0
348479587,NODE_F42DC973E618,child,2,B0:CB:D8:F3:32:19,-69,0,345,345,2,2,0,0,0
348579589,NODE_F42DC973E618,child,2,B0:CB:D8:F3:32:19,-69,0,345,345,2,2,0,0,0
348679595,NODE_F42DC973E618,child,2,B0:CB:D8:F3:32:19,-69,0,346,346,2,2,0,0,0
348779587,NODE_F42DC973E618,child,2,B0:CB:D8:F3:32:19,-69,0,346,346,2,2,0,0,0
348879589,NODE_F42DC973E618,child,2,B0:CB:D8:F3:32:19,-69,0,346,346,2,2,0,0,0
348979591,NODE_F42DC973E618,child,2,B0:CB:D8:F3:32:19,-69,0,346,346,2,2,0,0,0
349079587,NODE_F42DC973E618,child,2,B0:CB:D8:F3:32:19,-69,0,346,346,2,2,0,0,0
349179903,NODE_F42DC973E618,child,2,B0:CB:D8:F3:32:19,-69,0,346,346,2,2,0,0,0
349279591,NODE_F42DC973E618,child,2,B0:CB:D8:F3:32:19,-69,0,346,346,2,2,0,0,0
349379591,NODE_F42DC973E618,child,2,B0:CB:D8:F3:32:19,-69,0,346,346,2,2,0,0,0
349479589,NODE_F42DC973E618,child,2,B0:CB:D8:F3:32:19,-69,0,346,346,2,2,0,0,0
349579587,NODE_F42DC973E618,child,2,B0:CB:D8:F3:32:19,-69,0,346,346,2,2,0,0,0
349679591,NODE_F42DC973E618,child,2,B0:CB:D8:F3:32:19,-69,0,347,347,2,2,0,0,0
349779589,NODE_F42DC973E618,child,2,B0:CB:D8:F3:32:19,-69,0,347,347,2,2,0,0,0
349879587,NODE_F42DC973E618,child,2,B0:CB:D8:F3:32:19,-69,0,347,347,2,2,0,0,0
349979591,NODE_F42DC973E618,child,2,B0:CB:D8:F3:32:19,-69,0,347,347,2,2,0,0,0
350079597,NODE_F42DC973E618,child,2,B0:CB:D8:F3:32:19,-69,0,347,347,2,2,0,0,0
350179587,NODE_F42DC973E618,child,2,B0:CB:D8:F3:32:19,-69,0,347,347,2,2,0,0,0
350279595,NODE_F42DC973E618,child,2,B0:CB:D8:F3:32:19,-68,0,347,347,2,2,0,0,0
350379589,NODE_F42DC973E618,child,2,B0:CB:D8:F3:32:19,-68,0,347,347,2,2,0,0,0
350479587,NODE_F42DC973E618,child,2,B0:CB:D8:F3:32:19,-68,0,347,347,2,2,0,0,0
350579587,NODE_F42DC973E618,child,2,B0:CB:D8:F3:32:19,-68,0,347,347,2,2,0,0,0
350679597,NODE_F42DC973E618,child,2,B0:CB:D8:F3:32:19,-68,0,348,348,2,2,0,0,0
350779587,NODE_F42DC973E618,child,2,B0:CB:D8:F3:32:19,-68,0,348,348,2,2,0,0,0
350879587,NODE_F42DC973E618,child,2,B0:CB:D8:F3:32:19,-68,0,348,348,2,2,0,0,0
350979589,NODE_F42DC973E618,child,2,B0:CB:D8:F3:32:19,-68,0,348,348,2,2,0,0,0
351079591,NODE_F42DC973E618,child,2,B0:CB:D8:F3:32:19,-68,0,348,348,2,2,0,0,0
351179587,NODE_F42DC973E618,child,2,B0:CB:D8:F3:32:19,-68,0,348,348,2,2,0,0,0
351279597,NODE_F42DC973E618,child,2,B0:CB:D8:F3:32:19,-67,0,348,348,2,2,0,0,0
351379591,NODE_F42DC973E618,child,2,B0:CB:D8:F3:32:19,-67,0,348,348,2,2,0,0,0
351479587,NODE_F42DC973E618,child,2,B0:CB:D8:F3:32:19,-67,0,348,348,2,2,0,0,0
351579589,NODE_F42DC973E618,child,2,B0:CB:D8:F3:32:19,-67,0,348,348,2,2,0,0,0
351679591,NODE_F42DC973E618,child,2,B0:CB:D8:F3:32:19,-67,0,349,349,2,2,0,0,0
351779587,NODE_F42DC973E618,child,2,B0:CB:D8:F3:32:19,-67,0,349,349,2,2,0,0,0
351879589,NODE_F42DC973E618,child,2,B0:CB:D8:F3:32:19,-67,0,349,349,2,2,0,0,0
351979587,NODE_F42DC973E618,child,2,B0:CB:D8:F3:32:19,-67,0,349,349,2,2,0,0,0
352079595,NODE_F42DC973E618,child,2,B0:CB:D8:F3:32:19,-67,0,349,349,2,2,0,0,0
352179593,NODE_F42DC973E618,child,2,B0:CB:D8:F3:32:19,-67,0,349,349,2,2,0,0,0
352279595,NODE_F42DC973E618,child,2,B0:CB:D8:F3:32:19,-69,0,349,349,2,2,0,0,0
352379587,NODE_F42DC973E618,child,2,B0:CB:D8:F3:32:19,-69,0,349,349,2,2,0,0,0
352479589,NODE_F42DC973E618,child,2,B0:CB:D8:F3:32:19,-69,0,349,349,2,2,0,0,0
352579587,NODE_F42DC973E618,child,2,B0:CB:D8:F3:32:19,-69,0,349,349,2,2,0,0,0
352679595,NODE_F42DC973E618,child,2,B0:CB:D8:F3:32:19,-69,0,350,350,2,2,0,0,0
352779589,NODE_F42DC973E618,child,2,B0:CB:D8:F3:32:19,-69,0,350,350,2,2,0,0,0
352879587,NODE_F42DC973E618,child,2,B0:CB:D8:F3:32:19,-69,0,350,350,2,2,0,0,0
352979591,NODE_F42DC973E618,child,2,B0:CB:D8:F3:32:19,-69,0,350,350,2,2,0,0,0
353079593,NODE_F42DC973E618,child,2,B0:CB:D8:F3:32:19,-69,0,350,350,2,2,0,0,0
353179591,NODE_F42DC973E618,child,2,B0:CB:D8:F3:32:19,-69,0,350,350,2,2,0,0,0
353279595,NODE_F42DC973E618,child,2,B0:CB:D8:F3:32:19,-68,0,350,350,2,2,0,0,0
353379597,NODE_F42DC973E618,child,2,B0:CB:D8:F3:32:19,-68,0,350,350,2,2,0,0,0
353479583,NODE_F42DC973E618,child,2,B0:CB:D8:F3:32:19,-68,0,350,350,2,2,0,0,0
353579587,NODE_F42DC973E618,child,2,B0:CB:D8:F3:32:19,-68,0,350,350,2,2,0,0,0
353679593,NODE_F42DC973E618,child,2,B0:CB:D8:F3:32:19,-68,0,351,351,2,2,0,0,0
353779587,NODE_F42DC973E618,child,2,B0:CB:D8:F3:32:19,-68,0,351,351,2,2,0,0,0
353879587,NODE_F42DC973E618,child,2,B0:CB:D8:F3:32:19,-68,0,351,351,2,2,0,0,0
353979589,NODE_F42DC973E618,child,2,B0:CB:D8:F3:32:19,-68,0,351,351,2,2,0,0,0
354079591,NODE_F42DC973E618,child,2,B0:CB:D8:F3:32:19,-68,0,351,351,2,2,0,0,0
354179591,NODE_F42DC973E618,child,2,B0:CB:D8:F3:32:19,-68,0,351,351,2,2,0,0,0
354279589,NODE_F42DC973E618,child,2,B0:CB:D8:F3:32:19,-68,0,351,351,2,2,0,0,0
354379595,NODE_F42DC973E618,child,2,B0:CB:D8:F3:32:19,-69,0,351,351,2,2,0,0,0
354479587,NODE_F42DC973E618,child,2,B0:CB:D8:F3:32:19,-69,0,351,351,2,2,0,0,0
354579589,NODE_F42DC973E618,child,2,B0:CB:D8:F3:32:19,-69,0,351,351,2,2,0,0,0
354679595,NODE_F42DC973E618,child,2,B0:CB:D8:F3:32:19,-69,0,352,352,2,2,0,0,0
354779587,NODE_F42DC973E618,child,2,B0:CB:D8:F3:32:19,-69,0,352,352,2,2,0,0,0
354879589,NODE_F42DC973E618,child,2,B0:CB:D8:F3:32:19,-69,0,352,352,2,2,0,0,0
354979587,NODE_F42DC973E618,child,2,B0:CB:D8:F3:32:19,-69,0,352,352,2,2,0,0,0
355079587,NODE_F42DC973E618,child,2,B0:CB:D8:F3:32:19,-69,0,352,352,2,2,0,0,0
355179597,NODE_F42DC973E618,child,2,B0:CB:D8:F3:32:19,-69,0,352,352,2,2,0,0,0
355279587,NODE_F42DC973E618,child,2,B0:CB:D8:F3:32:19,-69,0,352,352,2,2,0,0,0
355379595,NODE_F42DC973E618,child,2,B0:CB:D8:F3:32:19,-67,0,352,352,2,2,0,0,0
355479589,NODE_F42DC973E618,child,2,B0:CB:D8:F3:32:19,-67,0,352,352,2,2,0,0,0
355579587,NODE_F42DC973E618,child,2,B0:CB:D8:F3:32:19,-67,0,352,352,2,2,0,0,0
355679591,NODE_F42DC973E618,child,2,B0:CB:D8:F3:32:19,-67,0,353,353,2,2,0,0,0
355779589,NODE_F42DC973E618,child,2,B0:CB:D8:F3:32:19,-67,0,353,353,2,2,0,0,0
355879591,NODE_F42DC973E618,child,2,B0:CB:D8:F3:32:19,-67,0,353,353,2,2,0,0,0
355979591,NODE_F42DC973E618,child,2,B0:CB:D8:F3:32:19,-67,0,353,353,2,2,0,0,0
356079589,NODE_F42DC973E618,child,2,B0:CB:D8:F3:32:19,-67,0,353,353,2,2,0,0,0
356179591,NODE_F42DC973E618,child,2,B0:CB:D8:F3:32:19,-67,0,353,353,2,2,0,0,0
356279587,NODE_F42DC973E618,child,2,B0:CB:D8:F3:32:19,-67,0,353,353,2,2,0,0,0
356379597,NODE_F42DC973E618,child,2,B0:CB:D8:F3:32:19,-65,0,353,353,2,2,0,0,0
356479587,NODE_F42DC973E618,child,2,B0:CB:D8:F3:32:19,-65,0,353,353,2,2,0,0,0
356579591,NODE_F42DC973E618,child,2,B0:CB:D8:F3:32:19,-65,0,353,353,2,2,0,0,0
356679593,NODE_F42DC973E618,child,2,B0:CB:D8:F3:32:19,-65,0,354,354,2,2,0,0,0
356779587,NODE_F42DC973E618,child,2,B0:CB:D8:F3:32:19,-65,0,354,354,2,2,0,0,0
356879587,NODE_F42DC973E618,child,2,B0:CB:D8:F3:32:19,-65,0,354,354,2,2,0,0,0
356979589,NODE_F42DC973E618,child,2,B0:CB:D8:F3:32:19,-65,0,354,354,2,2,0,0,0
357079587,NODE_F42DC973E618,child,2,B0:CB:D8:F3:32:19,-65,0,354,354,2,2,0,0,0
357179595,NODE_F42DC973E618,child,2,B0:CB:D8:F3:32:19,-65,0,354,354,2,2,0,0,0
357279589,NODE_F42DC973E618,child,2,B0:CB:D8:F3:32:19,-65,0,354,354,2,2,0,0,0
357379595,NODE_F42DC973E618,child,2,B0:CB:D8:F3:32:19,-66,0,354,354,2,2,0,0,0
357479587,NODE_F42DC973E618,child,2,B0:CB:D8:F3:32:19,-66,0,354,354,2,2,0,0,0
357579589,NODE_F42DC973E618,child,2,B0:CB:D8:F3:32:19,-66,0,354,354,2,2,0,0,0
357679591,NODE_F42DC973E618,child,2,B0:CB:D8:F3:32:19,-66,0,355,355,2,2,0,0,0
357779587,NODE_F42DC973E618,child,2,B0:CB:D8:F3:32:19,-66,0,355,355,2,2,0,0,0
357879593,NODE_F42DC973E618,child,2,B0:CB:D8:F3:32:19,-66,0,355,355,2,2,0,0,0
357979587,NODE_F42DC973E618,child,2,B0:CB:D8:F3:32:19,-66,0,355,355,2,2,0,0,0
358079587,NODE_F42DC973E618,child,2,B0:CB:D8:F3:32:19,-66,0,355,355,2,2,0,0,0
358179589,NODE_F42DC973E618,child,2,B0:CB:D8:F3:32:19,-66,0,355,355,2,2,0,0,0
358279583,NODE_F42DC973E618,child,2,B0:CB:D8:F3:32:19,-66,0,355,355,2,2,0,0,0
358379587,NODE_F42DC973E618,child,2,B0:CB:D8:F3:32:19,-66,0,355,355,2,2,0,0,0
358479597,NODE_F42DC973E618,child,2,B0:CB:D8:F3:32:19,-66,0,355,355,2,2,0,0,0
358579591,NODE_F42DC973E618,child,2,B0:CB:D8:F3:32:19,-66,0,355,355,2,2,0,0,0
358679591,NODE_F42DC973E618,child,2,B0:CB:D8:F3:32:19,-66,0,356,356,2,2,0,0,0
358779589,NODE_F42DC973E618,child,2,B0:CB:D8:F3:32:19,-66,0,356,356,2,2,0,0,0
358879587,NODE_F42DC973E618,child,2,B0:CB:D8:F3:32:19,-66,0,356,356,2,2,0,0,0
358979591,NODE_F42DC973E618,child,2,B0:CB:D8:F3:32:19,-66,0,356,356,2,2,0,0,0
359079589,NODE_F42DC973E618,child,2,B0:CB:D8:F3:32:19,-66,0,356,356,2,2,0,0,0
359179591,NODE_F42DC973E618,child,2,B0:CB:D8:F3:32:19,-66,0,356,356,2,2,0,0,0
359279591,NODE_F42DC973E618,child,2,B0:CB:D8:F3:32:19,-66,0,356,356,2,2,0,0,0
359379589,NODE_F42DC973E618,child,2,B0:CB:D8:F3:32:19,-66,0,356,356,2,2,0,0,0
359479595,NODE_F42DC973E618,child,2,B0:CB:D8:F3:32:19,-66,0,356,356,2,2,0,0,0
359579587,NODE_F42DC973E618,child,2,B0:CB:D8:F3:32:19,-66,0,356,356,2,2,0,0,0
359679593,NODE_F42DC973E618,child,2,B0:CB:D8:F3:32:19,-66,0,357,357,2,2,0,0,0
359779587,NODE_F42DC973E618,child,2,B0:CB:D8:F3:32:19,-66,0,357,357,2,2,0,0,0
359879591,NODE_F42DC973E618,child,2,B0:CB:D8:F3:32:19,-66,0,357,357,2,2,0,0,0
359979589,NODE_F42DC973E618,child,2,B0:CB:D8:F3:32:19,-66,0,357,357,2,2,0,0,0
360079587,NODE_F42DC973E618,child,2,B0:CB:D8:F3:32:19,-66,0,357,357,2,2,0,0,0
360179591,NODE_F42DC973E618,child,2,B0:CB:D8:F3:32:19,-66,0,357,357,2,2,0,0,0
360279593,NODE_F42DC973E618,child,2,B0:CB:D8:F3:32:19,-66,0,357,357,2,2,0,0,0
360379587,NODE_F42DC973E618,child,2,B0:CB:D8:F3:32:19,-66,0,357,357,2,2,0,0,0
360479595,NODE_F42DC973E618,child,2,B0:CB:D8:F3:32:19,-66,0,357,357,2,2,0,0,0
360579593,NODE_F42DC973E618,child,2,B0:CB:D8:F3:32:19,-66,0,357,357,2,2,0,0,0
360679591,NODE_F42DC973E618,child,2,B0:CB:D8:F3:32:19,-66,0,358,358,2,2,0,0,0
360779587,NODE_F42DC973E618,child,2,B0:CB:D8:F3:32:19,-66,0,358,358,2,2,0,0,0
360879589,NODE_F42DC973E618,child,2,B0:CB:D8:F3:32:19,-66,0,358,358,2,2,0,0,0
360979587,NODE_F42DC973E618,child,2,B0:CB:D8:F3:32:19,-66,0,358,358,2,2,0,0,0
361079587,NODE_F42DC973E618,child,2,B0:CB:D8:F3:32:19,-66,0,358,358,2,2,0,0,0
361179593,NODE_F42DC973E618,child,2,B0:CB:D8:F3:32:19,-66,0,358,358,2,2,0,0,0
361279591,NODE_F42DC973E618,child,2,B0:CB:D8:F3:32:19,-66,0,358,358,2,2,0,0,0
361379587,NODE_F42DC973E618,child,2,B0:CB:D8:F3:32:19,-66,0,358,358,2,2,0,0,0
361479921,NODE_F42DC973E618,child,2,B0:CB:D8:F3:32:19,-66,0,358,358,2,2,0,0,0
361579587,NODE_F42DC973E618,child,2,B0:CB:D8:F3:32:19,-66,0,358,358,2,2,0,0,0
361680199,NODE_F42DC973E618,child,2,B0:CB:D8:F3:32:19,-66,0,359,359,2,2,0,0,0
361779589,NODE_F42DC973E618,child,2,B0:CB:D8:F3:32:19,-66,0,359,359,2,2,0,0,0
361879591,NODE_F42DC973E618,child,2,B0:CB:D8:F3:32:19,-66,0,359,359,2,2,0,0,0
361979591,NODE_F42DC973E618,child,2,B0:CB:D8:F3:32:19,-66,0,359,359,2,2,0,0,0
362079589,NODE_F42DC973E618,child,2,B0:CB:D8:F3:32:19,-66,0,359,359,2,2,0,0,0
362179587,NODE_F42DC973E618,child,2,B0:CB:D8:F3:32:19,-66,0,359,359,2,2,0,0,0
362279591,NODE_F42DC973E618,child,2,B0:CB:D8:F3:32:19,-66,0,359,359,2,2,0,0,0
362379593,NODE_F42DC973E618,child,2,B0:CB:D8:F3:32:19,-66,0,359,359,2,2,0,0,0
362479587,NODE_F42DC973E618,child,2,B0:CB:D8:F3:32:19,-66,0,359,359,2,2,0,0,0
362579599,NODE_F42DC973E618,child,2,B0:CB:D8:F3:32:19,-67,0,359,359,2,2,0,0,0
362679593,NODE_F42DC973E618,child,2,B0:CB:D8:F3:32:19,-67,0,360,360,2,2,0,0,0
362779587,NODE_F42DC973E618,child,2,B0:CB:D8:F3:32:19,-67,0,360,360,2,2,0,0,0
362879587,NODE_F42DC973E618,child,2,B0:CB:D8:F3:32:19,-67,0,360,360,2,2,0,0,0
362979589,NODE_F42DC973E618,child,2,B0:CB:D8:F3:32:19,-67,0,360,360,2,2,0,0,0
363079587,NODE_F42DC973E618,child,2,B0:CB:D8:F3:32:19,-67,0,360,360,2,2,0,0,0
363179591,NODE_F42DC973E618,child,2,B0:CB:D8:F3:32:19,-67,0,360,360,2,2,0,0,0
363279589,NODE_F42DC973E618,child,2,B0:CB:D8:F3:32:19,-67,0,360,360,2,2,0,0,0
363379591,NODE_F42DC973E618,child,2,B0:CB:D8:F3:32:19,-67,0,360,360,2,2,0,0,0
363479587,NODE_F42DC973E618,child,2,B0:CB:D8:F3:32:19,-67,0,360,360,2,2,0,0,0
363579597,NODE_F42DC973E618,child,2,B0:CB:D8:F3:32:19,-67,0,360,360,2,2,0,0,0
363679591,NODE_F42DC973E618,child,2,B0:CB:D8:F3:32:19,-67,0,361,361,2,2,0,0,0
363779587,NODE_F42DC973E618,child,2,B0:CB:D8:F3:32:19,-67,0,361,361,2,2,0,0,0
363879593,NODE_F42DC973E618,child,2,B0:CB:D8:F3:32:19,-67,0,361,361,2,2,0,0,0
363979587,NODE_F42DC973E618,child,2,B0:CB:D8:F3:32:19,-67,0,361,361,2,2,0,0,0
364079587,NODE_F42DC973E618,child,2,B0:CB:D8:F3:32:19,-67,0,361,361,2,2,0,0,0
364179589,NODE_F42DC973E618,child,2,B0:CB:D8:F3:32:19,-67,0,361,361,2,2,0,0,0
364279587,NODE_F42DC973E618,child,2,B0:CB:D8:F3:32:19,-67,0,361,361,2,2,0,0,0
364379591,NODE_F42DC973E618,child,2,B0:CB:D8:F3:32:19,-67,0,361,361,2,2,0,0,0
364479589,NODE_F42DC973E618,child,2,B0:CB:D8:F3:32:19,-67,0,361,361,2,2,0,0,0
364579599,NODE_F42DC973E618,child,2,B0:CB:D8:F3:32:19,-67,0,361,361,2,2,0,0,0
364679591,NODE_F42DC973E618,child,2,B0:CB:D8:F3:32:19,-67,0,362,362,2,2,0,0,0
364779589,NODE_F42DC973E618,child,2,B0:CB:D8:F3:32:19,-67,0,362,362,2,2,0,0,0
364879587,NODE_F42DC973E618,child,2,B0:CB:D8:F3:32:19,-67,0,362,362,2,2,0,0,0
364979591,NODE_F42DC973E618,child,2,B0:CB:D8:F3:32:19,-67,0,362,362,2,2,0,0,0
365079589,NODE_F42DC973E618,child,2,B0:CB:D8:F3:32:19,-67,0,362,362,2,2,0,0,0
365179591,NODE_F42DC973E618,child,2,B0:CB:D8:F3:32:19,-67,0,362,362,2,2,0,0,0
365279587,NODE_F42DC973E618,child,2,B0:CB:D8:F3:32:19,-67,0,362,362,2,2,0,0,0
365379593,NODE_F42DC973E618,child,2,B0:CB:D8:F3:32:19,-67,0,362,362,2,2,0,0,0
365479579,NODE_F42DC973E618,child,2,B0:CB:D8:F3:32:19,-67,0,362,362,2,2,0,0,0
365579595,NODE_F42DC973E618,child,2,B0:CB:D8:F3:32:19,-67,0,362,362,2,2,0,0,0
365679597,NODE_F42DC973E618,child,2,B0:CB:D8:F3:32:19,-67,0,363,363,2,2,0,0,0
365779587,NODE_F42DC973E618,child,2,B0:CB:D8:F3:32:19,-67,0,363,363,2,2,0,0,0
365879587,NODE_F42DC973E618,child,2,B0:CB:D8:F3:32:19,-67,0,363,363,2,2,0,0,0
365979589,NODE_F42DC973E618,child,2,B0:CB:D8:F3:32:19,-67,0,363,363,2,2,0,0,0
366079587,NODE_F42DC973E618,child,2,B0:CB:D8:F3:32:19,-67,0,363,363,2,2,0,0,0
366179587,NODE_F42DC973E618,child,2,B0:CB:D8:F3:32:19,-67,0,363,363,2,2,0,0,0
366279589,NODE_F42DC973E618,child,2,B0:CB:D8:F3:32:19,-67,0,363,363,2,2,0,0,0
366379924,NODE_F42DC973E618,child,2,B0:CB:D8:F3:32:19,-67,0,363,363,2,2,0,0,0
366479587,NODE_F42DC973E618,child,2,B0:CB:D8:F3:32:19,-67,0,363,363,2,2,0,0,0
366579589,NODE_F42DC973E618,child,2,B0:CB:D8:F3:32:19,-67,0,363,363,2,2,0,0,0
366679587,NODE_F42DC973E618,child,2,B0:CB:D8:F3:32:19,-66,0,364,364,2,2,0,0,0
366779591,NODE_F42DC973E618,child,2,B0:CB:D8:F3:32:19,-66,0,364,364,2,2,0,0,0
366879589,NODE_F42DC973E618,child,2,B0:CB:D8:F3:32:19,-66,0,364,364,2,2,0,0,0
366979587,NODE_F42DC973E618,child,2,B0:CB:D8:F3:32:19,-66,0,364,364,2,2,0,0,0
367079591,NODE_F42DC973E618,child,2,B0:CB:D8:F3:32:19,-66,0,364,364,2,2,0,0,0
367179589,NODE_F42DC973E618,child,2,B0:CB:D8:F3:32:19,-66,0,364,364,2,2,0,0,0
367279591,NODE_F42DC973E618,child,2,B0:CB:D8:F3:32:19,-66,0,364,364,2,2,0,0,0
367379587,NODE_F42DC973E618,child,2,B0:CB:D8:F3:32:19,-66,0,364,364,2,2,0,0,0
367479593,NODE_F42DC973E618,child,2,B0:CB:D8:F3:32:19,-66,0,364,364,2,2,0,0,0
367579587,NODE_F42DC973E618,child,2,B0:CB:D8:F3:32:19,-66,0,364,364,2,2,0,0,0
367679591,NODE_F42DC973E618,child,2,B0:CB:D8:F3:32:19,-65,0,365,365,2,2,0,0,0
367779593,NODE_F42DC973E618,child,2,B0:CB:D8:F3:32:19,-65,0,365,365,2,2,0,0,0
367879587,NODE_F42DC973E618,child,2,B0:CB:D8:F3:32:19,-65,0,365,365,2,2,0,0,0
367979587,NODE_F42DC973E618,child,2,B0:CB:D8:F3:32:19,-65,0,365,365,2,2,0,0,0
368079593,NODE_F42DC973E618,child,2,B0:CB:D8:F3:32:19,-65,0,365,365,2,2,0,0,0
368179587,NODE_F42DC973E618,child,2,B0:CB:D8:F3:32:19,-65,0,365,365,2,2,0,0,0
368279587,NODE_F42DC973E618,child,2,B0:CB:D8:F3:32:19,-65,0,365,365,2,2,0,0,0
368379593,NODE_F42DC973E618,child,2,B0:CB:D8:F3:32:19,-65,0,365,365,2,2,0,0,0
368479591,NODE_F42DC973E618,child,2,B0:CB:D8:F3:32:19,-65,0,365,365,2,2,0,0,0
368579587,NODE_F42DC973E618,child,2,B0:CB:D8:F3:32:19,-65,0,365,365,2,2,0,0,0
368679589,NODE_F42DC973E618,child,2,B0:CB:D8:F3:32:19,-65,0,366,366,2,2,0,0,0
368779591,NODE_F42DC973E618,child,2,B0:CB:D8:F3:32:19,-65,0,366,366,2,2,0,0,0
368879587,NODE_F42DC973E618,child,2,B0:CB:D8:F3:32:19,-65,0,366,366,2,2,0,0,0
368979589,NODE_F42DC973E618,child,2,B0:CB:D8:F3:32:19,-65,0,366,366,2,2,0,0,0
369079591,NODE_F42DC973E618,child,2,B0:CB:D8:F3:32:19,-65,0,366,366,2,2,0,0,0
369179591,NODE_F42DC973E618,child,2,B0:CB:D8:F3:32:19,-65,0,366,366,2,2,0,0,0
369279589,NODE_F42DC973E618,child,2,B0:CB:D8:F3:32:19,-65,0,366,366,2,2,0,0,0
369379587,NODE_F42DC973E618,child,2,B0:CB:D8:F3:32:19,-65,0,366,366,2,2,0,0,0
369479591,NODE_F42DC973E618,child,2,B0:CB:D8:F3:32:19,-65,0,366,366,2,2,0,0,0
369579589,NODE_F42DC973E618,child,2,B0:CB:D8:F3:32:19,-65,0,366,366,2,2,0,0,0
369679599,NODE_F42DC973E618,child,2,B0:CB:D8:F3:32:19,-67,0,367,367,2,2,0,0,0
369779587,NODE_F42DC973E618,child,2,B0:CB:D8:F3:32:19,-67,0,367,367,2,2,0,0,0
369879589,NODE_F42DC973E618,child,2,B0:CB:D8:F3:32:19,-67,0,367,367,2,2,0,0,0
369979587,NODE_F42DC973E618,child,2,B0:CB:D8:F3:32:19,-67,0,367,367,2,2,0,0,0
370079587,NODE_F42DC973E618,child,2,B0:CB:D8:F3:32:19,-67,0,367,367,2,2,0,0,0
370179589,NODE_F42DC973E618,child,2,B0:CB:D8:F3:32:19,-67,0,367,367,2,2,0,0,0
370279587,NODE_F42DC973E618,child,2,B0:CB:D8:F3:32:19,-67,0,367,367,2,2,0,0,0
370379591,NODE_F42DC973E618,child,2,B0:CB:D8:F3:32:19,-67,0,367,367,2,2,0,0,0
370479593,NODE_F42DC973E618,child,2,B0:CB:D8:F3:32:19,-67,0,367,367,2,2,0,0,0
370579587,NODE_F42DC973E618,child,2,B0:CB:D8:F3:32:19,-67,0,367,367,2,2,0,0,0
370679591,NODE_F42DC973E618,child,2,B0:CB:D8:F3:32:19,-67,0,368,368,2,2,0,0,0
370779593,NODE_F42DC973E618,child,2,B0:CB:D8:F3:32:19,-67,0,368,368,2,2,0,0,0
370879587,NODE_F42DC973E618,child,2,B0:CB:D8:F3:32:19,-67,0,368,368,2,2,0,0,0
370979591,NODE_F42DC973E618,child,2,B0:CB:D8:F3:32:19,-67,0,368,368,2,2,0,0,0
371079593,NODE_F42DC973E618,child,2,B0:CB:D8:F3:32:19,-67,0,368,368,2,2,0,0,0
371179587,NODE_F42DC973E618,child,2,B0:CB:D8:F3:32:19,-67,0,368,368,2,2,0,0,0
371279587,NODE_F42DC973E618,child,2,B0:CB:D8:F3:32:19,-67,0,368,368,2,2,0,0,0
371379589,NODE_F42DC973E618,child,2,B0:CB:D8:F3:32:19,-67,0,368,368,2,2,0,0,0
371479587,NODE_F42DC973E618,child,2,B0:CB:D8:F3:32:19,-67,0,368,368,2,2,0,0,0
371579591,NODE_F42DC973E618,child,2,B0:CB:D8:F3:32:19,-67,0,368,368,2,2,0,0,0
371679597,NODE_F42DC973E618,child,2,B0:CB:D8:F3:32:19,-67,0,369,369,2,2,0,0,0
371779595,NODE_F42DC973E618,child,2,B0:CB:D8:F3:32:19,-70,0,369,369,2,2,0,0,0
371879587,NODE_F42DC973E618,child,2,B0:CB:D8:F3:32:19,-70,0,369,369,2,2,0,0,0
371979589,NODE_F42DC973E618,child,2,B0:CB:D8:F3:32:19,-70,0,369,369,2,2,0,0,0
372079587,NODE_F42DC973E618,child,2,B0:CB:D8:F3:32:19,-70,0,369,369,2,2,0,0,0
372179587,NODE_F42DC973E618,child,2,B0:CB:D8:F3:32:19,-70,0,369,369,2,2,0,0,0
372279589,NODE_F42DC973E618,child,2,B0:CB:D8:F3:32:19,-70,0,369,369,2,2,0,0,0
372379591,NODE_F42DC973E618,child,2,B0:CB:D8:F3:32:19,-70,0,369,369,2,2,0,0,0
372479587,NODE_F42DC973E618,child,2,B0:CB:D8:F3:32:19,-70,0,369,369,2,2,0,0,0
372579593,NODE_F42DC973E618,child,2,B0:CB:D8:F3:32:19,-70,0,369,369,2,2,0,0,0
372679591,NODE_F42DC973E618,child,2,B0:CB:D8:F3:32:19,-70,0,370,370,2,2,0,0,0
372779595,NODE_F42DC973E618,child,2,B0:CB:D8:F3:32:19,-68,0,370,370,2,2,0,0,0
372879589,NODE_F42DC973E618,child,2,B0:CB:D8:F3:32:19,-68,0,370,370,2,2,0,0,0
372979587,NODE_F42DC973E618,child,2,B0:CB:D8:F3:32:19,-68,0,370,370,2,2,0,0,0
373079591,NODE_F42DC973E618,child,2,B0:CB:D8:F3:32:19,-68,0,370,370,2,2,0,0,0
373179589,NODE_F42DC973E618,child,2,B0:CB:D8:F3:32:19,-68,0,370,370,2,2,0,0,0
373279587,NODE_F42DC973E618,child,2,B0:CB:D8:F3:32:19,-68,0,370,370,2,2,0,0,0
373379587,NODE_F42DC973E618,child,2,B0:CB:D8:F3:32:19,-68,0,370,370,2,2,0,0,0
373479589,NODE_F42DC973E618,child,2,B0:CB:D8:F3:32:19,-68,0,370,370,2,2,0,0,0
373579591,NODE_F42DC973E618,child,2,B0:CB:D8:F3:32:19,-68,0,370,370,2,2,0,0,0
373679595,NODE_F42DC973E618,child,2,B0:CB:D8:F3:32:19,-68,0,371,371,2,2,0,0,0
373779597,NODE_F42DC973E618,child,2,B0:CB:D8:F3:32:19,-69,0,371,371,2,2,0,0,0
373879587,NODE_F42DC973E618,child,2,B0:CB:D8:F3:32:19,-69,0,371,371,2,2,0,0,0
373979591,NODE_F42DC973E618,child,2,B0:CB:D8:F3:32:19,-69,0,371,371,2,2,0,0,0
374079585,NODE_F42DC973E618,child,2,B0:CB:D8:F3:32:19,-69,0,371,371,2,2,0,0,0
374179595,NODE_F42DC973E618,child,2,B0:CB:D8:F3:32:19,-69,0,371,371,2,2,0,0,0
374279587,NODE_F42DC973E618,child,2,B0:CB:D8:F3:32:19,-69,0,371,371,2,2,0,0,0
374379593,NODE_F42DC973E618,child,2,B0:CB:D8:F3:32:19,-69,0,371,371,2,2,0,0,0
374479587,NODE_F42DC973E618,child,2,B0:CB:D8:F3:32:19,-69,0,371,371,2,2,0,0,0
374579591,NODE_F42DC973E618,child,2,B0:CB:D8:F3:32:19,-69,0,371,371,2,2,0,0,0
374679593,NODE_F42DC973E618,child,2,B0:CB:D8:F3:32:19,-69,0,372,372,2,2,0,0,0
374779587,NODE_F42DC973E618,child,2,B0:CB:D8:F3:32:19,-69,0,372,372,2,2,0,0,0
374879591,NODE_F42DC973E618,child,2,B0:CB:D8:F3:32:19,-69,0,372,372,2,2,0,0,0
374979585,NODE_F42DC973E618,child,2,B0:CB:D8:F3:32:19,-69,0,372,372,2,2,0,0,0
375079591,NODE_F42DC973E618,child,2,B0:CB:D8:F3:32:19,-69,0,372,372,2,2,0,0,0
375179587,NODE_F42DC973E618,child,2,B0:CB:D8:F3:32:19,-69,0,372,372,2,2,0,0,0
375279585,NODE_F42DC973E618,child,2,B0:CB:D8:F3:32:19,-69,0,372,372,2,2,0,0,0
375379587,NODE_F42DC973E618,child,2,B0:CB:D8:F3:32:19,-69,0,372,372,2,2,0,0,0
375479583,NODE_F42DC973E618,child,2,B0:CB:D8:F3:32:19,-69,0,372,372,2,2,0,0,0
375579589,NODE_F42DC973E618,child,2,B0:CB:D8:F3:32:19,-69,0,372,372,2,2,0,0,0
375679591,NODE_F42DC973E618,child,2,B0:CB:D8:F3:32:19,-69,0,373,373,2,2,0,0,0
375779591,NODE_F42DC973E618,child,2,B0:CB:D8:F3:32:19,-69,0,373,373,2,2,0,0,0
375879601,NODE_F42DC973E618,child,2,B0:CB:D8:F3:32:19,-66,0,373,373,2,2,0,0,0
375979591,NODE_F42DC973E618,child,2,B0:CB:D8:F3:32:19,-66,0,373,373,2,2,0,0,0
376079591,NODE_F42DC973E618,child,2,B0:CB:D8:F3:32:19,-66,0,373,373,2,2,0,0,0
376179593,NODE_F42DC973E618,child,2,B0:CB:D8:F3:32:19,-66,0,373,373,2,2,0,0,0
376279587,NODE_F42DC973E618,child,2,B0:CB:D8:F3:32:19,-66,0,373,373,2,2,0,0,0
376379587,NODE_F42DC973E618,child,2,B0:CB:D8:F3:32:19,-66,0,373,373,2,2,0,0,0
376479589,NODE_F42DC973E618,child,2,B0:CB:D8:F3:32:19,-66,0,373,373,2,2,0,0,0
376579587,NODE_F42DC973E618,child,2,B0:CB:D8:F3:32:19,-66,0,373,373,2,2,0,0,0
376679587,NODE_F42DC973E618,child,2,B0:CB:D8:F3:32:19,-66,0,374,374,2,2,0,0,0
376779593,NODE_F42DC973E618,child,2,B0:CB:D8:F3:32:19,-66,0,374,374,2,2,0,0,0
376879595,NODE_F42DC973E618,child,2,B0:CB:D8:F3:32:19,-66,0,374,374,2,2,0,0,0
376979591,NODE_F42DC973E618,child,2,B0:CB:D8:F3:32:19,-66,0,374,374,2,2,0,0,0
377079589,NODE_F42DC973E618,child,2,B0:CB:D8:F3:32:19,-66,0,374,374,2,2,0,0,0
377179587,NODE_F42DC973E618,child,2,B0:CB:D8:F3:32:19,-66,0,374,374,2,2,0,0,0
377279587,NODE_F42DC973E618,child,2,B0:CB:D8:F3:32:19,-66,0,374,374,2,2,0,0,0
377379589,NODE_F42DC973E618,child,2,B0:CB:D8:F3:32:19,-66,0,374,374,2,2,0,0,0
377479595,NODE_F42DC973E618,child,2,B0:CB:D8:F3:32:19,-66,0,374,374,2,2,0,0,0
377579599,NODE_F42DC973E618,child,2,B0:CB:D8:F3:32:19,-66,0,374,374,2,2,0,0,0
377679589,NODE_F42DC973E618,child,2,B0:CB:D8:F3:32:19,-66,0,375,375,2,2,0,0,0
377779591,NODE_F42DC973E618,child,2,B0:CB:D8:F3:32:19,-66,0,375,375,2,2,0,0,0
377879591,NODE_F42DC973E618,child,2,B0:CB:D8:F3:32:19,-68,0,375,375,2,2,0,0,0
377979589,NODE_F42DC973E618,child,2,B0:CB:D8:F3:32:19,-68,0,375,375,2,2,0,0,0
378079591,NODE_F42DC973E618,child,2,B0:CB:D8:F3:32:19,-68,0,375,375,2,2,0,0,0
378179595,NODE_F42DC973E618,child,2,B0:CB:D8:F3:32:19,-68,0,375,375,2,2,0,0,0
378279589,NODE_F42DC973E618,child,2,B0:CB:D8:F3:32:19,-68,0,375,375,2,2,0,0,0
378379587,NODE_F42DC973E618,child,2,B0:CB:D8:F3:32:19,-68,0,375,375,2,2,0,0,0
378479579,NODE_F42DC973E618,child,2,B0:CB:D8:F3:32:19,-68,0,375,375,2,2,0,0,0
378579589,NODE_F42DC973E618,child,2,B0:CB:D8:F3:32:19,-68,0,375,375,2,2,0,0,0
378679587,NODE_F42DC973E618,child,2,B0:CB:D8:F3:32:19,-68,0,375,375,2,2,0,0,0
378779591,NODE_F42DC973E618,child,2,B0:CB:D8:F3:32:19,-68,0,376,376,2,2,0,0,0
378879597,NODE_F42DC973E618,child,2,B0:CB:D8:F3:32:19,-68,0,376,376,2,2,0,0,0
378979591,NODE_F42DC973E618,child,2,B0:CB:D8:F3:32:19,-68,0,376,376,2,2,0,0,0
379079587,NODE_F42DC973E618,child,2,B0:CB:D8:F3:32:19,-68,0,376,376,2,2,0,0,0
379179593,NODE_F42DC973E618,child,2,B0:CB:D8:F3:32:19,-68,0,376,376,2,2,0,0,0
379279587,NODE_F42DC973E618,child,2,B0:CB:D8:F3:32:19,-68,0,376,376,2,2,0,0,0
379379587,NODE_F42DC973E618,child,2,B0:CB:D8:F3:32:19,-68,0,376,376,2,2,0,0,0
379479589,NODE_F42DC973E618,child,2,B0:CB:D8:F3:32:19,-68,0,376,376,2,2,0,0,0
379579595,NODE_F42DC973E618,child,2,B0:CB:D8:F3:32:19,-68,0,376,376,2,2,0,0,0
379680366,NODE_F42DC973E618,child,2,B0:CB:D8:F3:32:19,-68,0,376,376,2,2,0,0,0
379779593,NODE_F42DC973E618,child,2,B0:CB:D8:F3:32:19,-68,0,377,377,2,2,0,0,0
379879587,NODE_F42DC973E618,child,2,B0:CB:D8:F3:32:19,-68,0,377,377,2,2,0,0,0
379979591,NODE_F42DC973E618,child,2,B0:CB:D8:F3:32:19,-71,0,377,377,2,2,0,0,0
380079593,NODE_F42DC973E618,child,2,B0:CB:D8:F3:32:19,-71,0,377,377,2,2,0,0,0
380179595,NODE_F42DC973E618,child,2,B0:CB:D8:F3:32:19,-71,0,377,377,2,2,0,0,0
380279587,NODE_F42DC973E618,child,2,B0:CB:D8:F3:32:19,-71,0,377,377,2,2,0,0,0
380379589,NODE_F42DC973E618,child,2,B0:CB:D8:F3:32:19,-71,0,377,377,2,2,0,0,0
380479587,NODE_F42DC973E618,child,2,B0:CB:D8:F3:32:19,-71,0,377,377,2,2,0,0,0
380579587,NODE_F42DC973E618,child,2,B0:CB:D8:F3:32:19,-71,0,377,377,2,2,0,0,0
380680344,NODE_F42DC973E618,child,2,B0:CB:D8:F3:32:19,-71,0,377,377,2,2,0,0,0
380779591,NODE_F42DC973E618,child,2,B0:CB:D8:F3:32:19,-71,0,378,378,2,2,0,0,0
380879595,NODE_F42DC973E618,child,2,B0:CB:D8:F3:32:19,-71,0,378,378,2,2,0,0,0
380979593,NODE_F42DC973E618,child,2,B0:CB:D8:F3:32:19,-66,0,378,378,2,2,0,0,0
381079591,NODE_F42DC973E618,child,2,B0:CB:D8:F3:32:19,-66,0,378,378,2,2,0,0,0
381179588,NODE_F42DC973E618,child,2,B0:CB:D8:F3:32:19,-66,0,378,378,2,2,0,0,0
381279593,NODE_F42DC973E618,child,2,B0:CB:D8:F3:32:19,-66,0,378,378,2,2,0,0,0
381379587,NODE_F42DC973E618,child,2,B0:CB:D8:F3:32:19,-66,0,378,378,2,2,0,0,0
381479587,NODE_F42DC973E618,child,2,B0:CB:D8:F3:32:19,-66,0,378,378,2,2,0,0,0
381579597,NODE_F42DC973E618,child,2,B0:CB:D8:F3:32:19,-66,0,378,378,2,2,0,0,0
381680352,NODE_F42DC973E618,child,2,B0:CB:D8:F3:32:19,-66,0,378,378,2,2,0,0,0
381779591,NODE_F42DC973E618,child,2,B0:CB:D8:F3:32:19,-66,0,379,379,2,2,0,0,0
381879589,NODE_F42DC973E618,child,2,B0:CB:D8:F3:32:19,-66,0,379,379,2,2,0,0,0
381979591,NODE_F42DC973E618,child,2,B0:CB:D8:F3:32:19,-67,0,379,379,2,2,0,0,0
382079591,NODE_F42DC973E618,child,2,B0:CB:D8:F3:32:19,-67,0,379,379,2,2,0,0,0
382179597,NODE_F42DC973E618,child,2,B0:CB:D8:F3:32:19,-67,0,379,379,2,2,0,0,0
382279587,NODE_F42DC973E618,child,2,B0:CB:D8:F3:32:19,-67,0,379,379,2,2,0,0,0
382379587,NODE_F42DC973E618,child,2,B0:CB:D8:F3:32:19,-67,0,379,379,2,2,0,0,0
382479589,NODE_F42DC973E618,child,2,B0:CB:D8:F3:32:19,-67,0,379,379,2,2,0,0,0
382579587,NODE_F42DC973E618,child,2,B0:CB:D8:F3:32:19,-67,0,379,379,2,2,0,0,0
382680357,NODE_F42DC973E618,child,2,B0:CB:D8:F3:32:19,-67,0,379,379,2,2,0,0,0
382779593,NODE_F42DC973E618,child,2,B0:CB:D8:F3:32:19,-67,0,380,380,2,2,0,0,0
382879595,NODE_F42DC973E618,child,2,B0:CB:D8:F3:32:19,-67,0,380,380,2,2,0,0,0
382979591,NODE_F42DC973E618,child,2,B0:CB:D8:F3:32:19,-67,0,380,380,2,2,0,0,0
383079589,NODE_F42DC973E618,child,2,B0:CB:D8:F3:32:19,-67,0,380,380,2,2,0,0,0
383179591,NODE_F42DC973E618,child,2,B0:CB:D8:F3:32:19,-67,0,380,380,2,2,0,0,0
383279587,NODE_F42DC973E618,child,2,B0:CB:D8:F3:32:19,-67,0,380,380,2,2,0,0,0
383379589,NODE_F42DC973E618,child,2,B0:CB:D8:F3:32:19,-67,0,380,380,2,2,0,0,0
383479587,NODE_F42DC973E618,child,2,B0:CB:D8:F3:32:19,-67,0,380,380,2,2,0,0,0
383579599,NODE_F42DC973E618,child,2,B0:CB:D8:F3:32:19,-67,0,380,380,2,2,0,0,0
383680353,NODE_F42DC973E618,child,2,B0:CB:D8:F3:32:19,-67,0,380,380,2,2,0,0,0
383779591,NODE_F42DC973E618,child,2,B0:CB:D8:F3:32:19,-67,0,381,381,2,2,0,0,0
383879591,NODE_F42DC973E618,child,2,B0:CB:D8:F3:32:19,-67,0,381,381,2,2,0,0,0
383979585,NODE_F42DC973E618,child,2,B0:CB:D8:F3:32:19,-67,0,381,381,2,2,0,0,0
384079591,NODE_F42DC973E618,child,2,B0:CB:D8:F3:32:19,-67,0,381,381,2,2,0,0,0
384179595,NODE_F42DC973E618,child,2,B0:CB:D8:F3:32:19,-67,0,381,381,2,2,0,0,0
384279589,NODE_F42DC973E618,child,2,B0:CB:D8:F3:32:19,-67,0,381,381,2,2,0,0,0
384379587,NODE_F42DC973E618,child,2,B0:CB:D8:F3:32:19,-67,0,381,381,2,2,0,0,0
384479587,NODE_F42DC973E618,child,2,B0:CB:D8:F3:32:19,-67,0,381,381,2,2,0,0,0
384579589,NODE_F42DC973E618,child,2,B0:CB:D8:F3:32:19,-67,0,381,381,2,2,0,0,0
384680351,NODE_F42DC973E618,child,2,B0:CB:D8:F3:32:19,-67,0,381,381,2,2,0,0,0
384779591,NODE_F42DC973E618,child,2,B0:CB:D8:F3:32:19,-67,0,382,382,2,2,0,0,0
384879605,NODE_F42DC973E618,child,2,B0:CB:D8:F3:32:19,-67,0,382,382,2,2,0,0,0
384979587,NODE_F42DC973E618,child,2,B0:CB:D8:F3:32:19,-67,0,382,382,2,2,0,0,0
385079591,NODE_F42DC973E618,child,2,B0:CB:D8:F3:32:19,-67,0,382,382,2,2,0,0,0
385179597,NODE_F42DC973E618,child,2,B0:CB:D8:F3:32:19,-67,0,382,382,2,2,0,0,0
385279587,NODE_F42DC973E618,child,2,B0:CB:D8:F3:32:19,-67,0,382,382,2,2,0,0,0
385379587,NODE_F42DC973E618,child,2,B0:CB:D8:F3:32:19,-67,0,382,382,2,2,0,0,0
385479589,NODE_F42DC973E618,child,2,B0:CB:D8:F3:32:19,-67,0,382,382,2,2,0,0,0
385579591,NODE_F42DC973E618,child,2,B0:CB:D8:F3:32:19,-67,0,382,382,2,2,0,0,0
385680344,NODE_F42DC973E618,child,2,B0:CB:D8:F3:32:19,-67,0,382,382,2,2,0,0,0
385779597,NODE_F42DC973E618,child,2,B0:CB:D8:F3:32:19,-67,0,383,383,2,2,0,0,0
385879591,NODE_F42DC973E618,child,2,B0:CB:D8:F3:32:19,-67,0,383,383,2,2,0,0,0
385979591,NODE_F42DC973E618,child,2,B0:CB:D8:F3:32:19,-67,0,383,383,2,2,0,0,0
386079593,NODE_F42DC973E618,child,2,B0:CB:D8:F3:32:19,-66,0,383,383,2,2,0,0,0
386179599,NODE_F42DC973E618,child,2,B0:CB:D8:F3:32:19,-66,0,383,383,2,2,0,0,0
386279587,NODE_F42DC973E618,child,2,B0:CB:D8:F3:32:19,-66,0,383,383,2,2,0,0,0
386379589,NODE_F42DC973E618,child,2,B0:CB:D8:F3:32:19,-66,0,383,383,2,2,0,0,0
386479587,NODE_F42DC973E618,child,2,B0:CB:D8:F3:32:19,-66,0,383,383,2,2,0,0,0
386579587,NODE_F42DC973E618,child,2,B0:CB:D8:F3:32:19,-66,0,383,383,2,2,0,0,0
386680352,NODE_F42DC973E618,child,2,B0:CB:D8:F3:32:19,-66,0,383,383,2,2,0,0,0
386779591,NODE_F42DC973E618,child,2,B0:CB:D8:F3:32:19,-66,0,384,384,2,2,0,0,0
386879623,NODE_F42DC973E618,child,2,B0:CB:D8:F3:32:19,-66,0,384,384,2,2,0,0,0
386979589,NODE_F42DC973E618,child,2,B0:CB:D8:F3:32:19,-66,0,384,384,2,2,0,0,0
387079591,NODE_F42DC973E618,child,2,B0:CB:D8:F3:32:19,-64,0,384,384,2,2,0,0,0
387179591,NODE_F42DC973E618,child,2,B0:CB:D8:F3:32:19,-64,0,384,384,2,2,0,0,0
387279589,NODE_F42DC973E618,child,2,B0:CB:D8:F3:32:19,-64,0,384,384,2,2,0,0,0
387379595,NODE_F42DC973E618,child,2,B0:CB:D8:F3:32:19,-64,0,384,384,2,2,0,0,0
387479587,NODE_F42DC973E618,child,2,B0:CB:D8:F3:32:19,-64,0,384,384,2,2,0,0,0
387579589,NODE_F42DC973E618,child,2,B0:CB:D8:F3:32:19,-64,0,384,384,2,2,0,0,0
387679587,NODE_F42DC973E618,child,2,B0:CB:D8:F3:32:19,-64,0,384,384,2,2,0,0,0
387779591,NODE_F42DC973E618,child,2,B0:CB:D8:F3:32:19,-64,0,385,385,2,2,0,0,0
387879589,NODE_F42DC973E618,child,2,B0:CB:D8:F3:32:19,-64,0,385,385,2,2,0,0,0
387979591,NODE_F42DC973E618,child,2,B0:CB:D8:F3:32:19,-64,0,385,385,2,2,0,0,0
388079595,NODE_F42DC973E618,child,2,B0:CB:D8:F3:32:19,-64,0,385,385,2,2,0,0,0
388179594,NODE_F42DC973E618,child,2,B0:CB:D8:F3:32:19,-67,0,385,385,2,2,0,0,0
388279591,NODE_F42DC973E618,child,2,B0:CB:D8:F3:32:19,-67,0,385,385,2,2,0,0,0
388379591,NODE_F42DC973E618,child,2,B0:CB:D8:F3:32:19,-67,0,385,385,2,2,0,0,0
388479589,NODE_F42DC973E618,child,2,B0:CB:D8:F3:32:19,-67,0,385,385,2,2,0,0,0
388579587,NODE_F42DC973E618,child,2,B0:CB:D8:F3:32:19,-67,0,385,385,2,2,0,0,0
388679595,NODE_F42DC973E618,child,2,B0:CB:D8:F3:32:19,-67,0,385,385,2,2,0,0,0
388779593,NODE_F42DC973E618,child,2,B0:CB:D8:F3:32:19,-67,0,386,386,2,2,0,0,0
388879587,NODE_F42DC973E618,child,2,B0:CB:D8:F3:32:19,-67,0,386,386,2,2,0,0,0
388979591,NODE_F42DC973E618,child,2,B0:CB:D8:F3:32:19,-67,0,386,386,2,2,0,0,0
389079589,NODE_F42DC973E618,child,2,B0:CB:D8:F3:32:19,-67,0,386,386,2,2,0,0,0
389179591,NODE_F42DC973E618,child,2,B0:CB:D8:F3:32:19,-66,0,386,386,2,2,0,0,0
389279587,NODE_F42DC973E618,child,2,B0:CB:D8:F3:32:19,-66,0,386,386,2,2,0,0,0
389379601,NODE_F42DC973E618,child,2,B0:CB:D8:F3:32:19,-66,0,386,386,2,2,0,0,0
389479587,NODE_F42DC973E618,child,2,B0:CB:D8:F3:32:19,-66,0,386,386,2,2,0,0,0
389579587,NODE_F42DC973E618,child,2,B0:CB:D8:F3:32:19,-66,0,386,386,2,2,0,0,0
389679589,NODE_F42DC973E618,child,2,B0:CB:D8:F3:32:19,-66,0,386,386,2,2,0,0,0
389779591,NODE_F42DC973E618,child,2,B0:CB:D8:F3:32:19,-66,0,387,387,2,2,0,0,0
389879587,NODE_F42DC973E618,child,2,B0:CB:D8:F3:32:19,-66,0,387,387,2,2,0,0,0
389979593,NODE_F42DC973E618,child,2,B0:CB:D8:F3:32:19,-66,0,387,387,2,2,0,0,0
390079595,NODE_F42DC973E618,child,2,B0:CB:D8:F3:32:19,-66,0,387,387,2,2,0,0,0
390179591,NODE_F42DC973E618,child,2,B0:CB:D8:F3:32:19,-65,0,387,387,2,2,0,0,0
390279589,NODE_F42DC973E618,child,2,B0:CB:D8:F3:32:19,-65,0,387,387,2,2,0,0,0
390379591,NODE_F42DC973E618,child,2,B0:CB:D8:F3:32:19,-65,0,387,387,2,2,0,0,0
390479587,NODE_F42DC973E618,child,2,B0:CB:D8:F3:32:19,-65,0,387,387,2,2,0,0,0
390579589,NODE_F42DC973E618,child,2,B0:CB:D8:F3:32:19,-65,0,387,387,2,2,0,0,0
390679595,NODE_F42DC973E618,child,2,B0:CB:D8:F3:32:19,-65,0,387,387,2,2,0,0,0
390779591,NODE_F42DC973E618,child,2,B0:CB:D8:F3:32:19,-65,0,388,388,2,2,0,0,0
390879589,NODE_F42DC973E618,child,2,B0:CB:D8:F3:32:19,-65,0,388,388,2,2,0,0,0
390979591,NODE_F42DC973E618,child,2,B0:CB:D8:F3:32:19,-65,0,388,388,2,2,0,0,0
391079587,NODE_F42DC973E618,child,2,B0:CB:D8:F3:32:19,-65,0,388,388,2,2,0,0,0
391179601,NODE_F42DC973E618,child,2,B0:CB:D8:F3:32:19,-66,0,388,388,2,2,0,0,0
391279587,NODE_F42DC973E618,child,2,B0:CB:D8:F3:32:19,-66,0,388,388,2,2,0,0,0
391379599,NODE_F42DC973E618,child,2,B0:CB:D8:F3:32:19,-66,0,388,388,2,2,0,0,0
391479589,NODE_F42DC973E618,child,2,B0:CB:D8:F3:32:19,-66,0,388,388,2,2,0,0,0
391579587,NODE_F42DC973E618,child,2,B0:CB:D8:F3:32:19,-66,0,388,388,2,2,0,0,0
391679587,NODE_F42DC973E618,child,2,B0:CB:D8:F3:32:19,-66,0,388,388,2,2,0,0,0
391779593,NODE_F42DC973E618,child,2,B0:CB:D8:F3:32:19,-66,0,389,389,2,2,0,0,0
391879587,NODE_F42DC973E618,child,2,B0:CB:D8:F3:32:19,-66,0,389,389,2,2,0,0,0
391979937,NODE_F42DC973E618,child,2,B0:CB:D8:F3:32:19,-66,0,389,389,2,2,0,0,0
392079597,NODE_F42DC973E618,child,2,B0:CB:D8:F3:32:19,-66,0,389,389,2,2,0,0,0
392179587,NODE_F42DC973E618,child,2,B0:CB:D8:F3:32:19,-66,0,389,389,2,2,0,0,0
392279591,NODE_F42DC973E618,child,2,B0:CB:D8:F3:32:19,-66,0,389,389,2,2,0,0,0
392379593,NODE_F42DC973E618,child,2,B0:CB:D8:F3:32:19,-66,0,389,389,2,2,0,0,0
392479587,NODE_F42DC973E618,child,2,B0:CB:D8:F3:32:19,-66,0,389,389,2,2,0,0,0
392579587,NODE_F42DC973E618,child,2,B0:CB:D8:F3:32:19,-66,0,389,389,2,2,0,0,0
392679597,NODE_F42DC973E618,child,2,B0:CB:D8:F3:32:19,-66,0,389,389,2,2,0,0,0
392779591,NODE_F42DC973E618,child,2,B0:CB:D8:F3:32:19,-66,0,390,390,2,2,0,0,0
392879583,NODE_F42DC973E618,child,2,B0:CB:D8:F3:32:19,-66,0,390,390,2,2,0,0,0
392979589,NODE_F42DC973E618,child,2,B0:CB:D8:F3:32:19,-66,0,390,390,2,2,0,0,0
393079591,NODE_F42DC973E618,child,2,B0:CB:D8:F3:32:19,-66,0,390,390,2,2,0,0,0
393179587,NODE_F42DC973E618,child,2,B0:CB:D8:F3:32:19,-66,0,390,390,2,2,0,0,0
393279593,NODE_F42DC973E618,child,2,B0:CB:D8:F3:32:19,-65,0,390,390,2,2,0,0,0
393379599,NODE_F42DC973E618,child,2,B0:CB:D8:F3:32:19,-65,0,390,390,2,2,0,0,0
393479587,NODE_F42DC973E618,child,2,B0:CB:D8:F3:32:19,-65,0,390,390,2,2,0,0,0
393579589,NODE_F42DC973E618,child,2,B0:CB:D8:F3:32:19,-65,0,390,390,2,2,0,0,0
393679587,NODE_F42DC973E618,child,2,B0:CB:D8:F3:32:19,-65,0,390,390,2,2,0,0,0
393779583,NODE_F42DC973E618,child,2,B0:CB:D8:F3:32:19,-65,0,391,391,2,2,0,0,0
393879589,NODE_F42DC973E618,child,2,B0:CB:D8:F3:32:19,-65,0,391,391,2,2,0,0,0
393979587,NODE_F42DC973E618,child,2,B0:CB:D8:F3:32:19,-65,0,391,391,2,2,0,0,0
394079599,NODE_F42DC973E618,child,2,B0:CB:D8:F3:32:19,-65,0,391,391,2,2,0,0,0
394179589,NODE_F42DC973E618,child,2,B0:CB:D8:F3:32:19,-65,0,391,391,2,2,0,0,0
394279591,NODE_F42DC973E618,child,2,B0:CB:D8:F3:32:19,-65,0,391,391,2,2,0,0,0
394379591,NODE_F42DC973E618,child,2,B0:CB:D8:F3:32:19,-65,0,391,391,2,2,0,0,0
394479589,NODE_F42DC973E618,child,2,B0:CB:D8:F3:32:19,-65,0,391,391,2,2,0,0,0
394579587,NODE_F42DC973E618,child,2,B0:CB:D8:F3:32:19,-65,0,391,391,2,2,0,0,0
394679595,NODE_F42DC973E618,child,2,B0:CB:D8:F3:32:19,-65,0,391,391,2,2,0,0,0
394779593,NODE_F42DC973E618,child,2,B0:CB:D8:F3:32:19,-65,0,392,392,2,2,0,0,0
394879587,NODE_F42DC973E618,child,2,B0:CB:D8:F3:32:19,-65,0,392,392,2,2,0,0,0
394979591,NODE_F42DC973E618,child,2,B0:CB:D8:F3:32:19,-65,0,392,392,2,2,0,0,0
395079593,NODE_F42DC973E618,child,2,B0:CB:D8:F3:32:19,-65,0,392,392,2,2,0,0,0
395179587,NODE_F42DC973E618,child,2,B0:CB:D8:F3:32:19,-65,0,392,392,2,2,0,0,0
395279591,NODE_F42DC973E618,child,2,B0:CB:D8:F3:32:19,-66,0,392,392,2,2,0,0,0
395379601,NODE_F42DC973E618,child,2,B0:CB:D8:F3:32:19,-66,0,392,392,2,2,0,0,0
395479587,NODE_F42DC973E618,child,2,B0:CB:D8:F3:32:19,-66,0,392,392,2,2,0,0,0
395579587,NODE_F42DC973E618,child,2,B0:CB:D8:F3:32:19,-66,0,392,392,2,2,0,0,0
395679589,NODE_F42DC973E618,child,2,B0:CB:D8:F3:32:19,-66,0,392,392,2,2,0,0,0
395779591,NODE_F42DC973E618,child,2,B0:CB:D8:F3:32:19,-66,0,393,393,2,2,0,0,0
395879587,NODE_F42DC973E618,child,2,B0:CB:D8:F3:32:19,-66,0,393,393,2,2,0,0,0
395979589,NODE_F42DC973E618,child,2,B0:CB:D8:F3:32:19,-66,0,393,393,2,2,0,0,0
396079599,NODE_F42DC973E618,child,2,B0:CB:D8:F3:32:19,-66,0,393,393,2,2,0,0,0
396179587,NODE_F42DC973E618,child,2,B0:CB:D8:F3:32:19,-66,0,393,393,2,2,0,0,0
396279589,NODE_F42DC973E618,child,2,B0:CB:D8:F3:32:19,-66,0,393,393,2,2,0,0,0
396379591,NODE_F42DC973E618,child,2,B0:CB:D8:F3:32:19,-65,0,393,393,2,2,0,0,0
396479595,NODE_F42DC973E618,child,2,B0:CB:D8:F3:32:19,-65,0,393,393,2,2,0,0,0
396579589,NODE_F42DC973E618,child,2,B0:CB:D8:F3:32:19,-65,0,393,393,2,2,0,0,0
396679595,NODE_F42DC973E618,child,2,B0:CB:D8:F3:32:19,-65,0,393,393,2,2,0,0,0
396779591,NODE_F42DC973E618,child,2,B0:CB:D8:F3:32:19,-65,0,394,394,2,2,0,0,0
396879589,NODE_F42DC973E618,child,2,B0:CB:D8:F3:32:19,-65,0,394,394,2,2,0,0,0
396979587,NODE_F42DC973E618,child,2,B0:CB:D8:F3:32:19,-65,0,394,394,2,2,0,0,0
397079587,NODE_F42DC973E618,child,2,B0:CB:D8:F3:32:19,-65,0,394,394,2,2,0,0,0
397179597,NODE_F42DC973E618,child,2,B0:CB:D8:F3:32:19,-65,0,394,394,2,2,0,0,0
397279583,NODE_F42DC973E618,child,2,B0:CB:D8:F3:32:19,-65,0,394,394,2,2,0,0,0
397379591,NODE_F42DC973E618,child,2,B0:CB:D8:F3:32:19,-65,0,394,394,2,2,0,0,0
397479589,NODE_F42DC973E618,child,2,B0:CB:D8:F3:32:19,-65,0,394,394,2,2,0,0,0
397579587,NODE_F42DC973E618,child,2,B0:CB:D8:F3:32:19,-65,0,394,394,2,2,0,0,0
397679587,NODE_F42DC973E618,child,2,B0:CB:D8:F3:32:19,-65,0,394,394,2,2,0,0,0
397779610,NODE_F42DC973E618,child,2,B0:CB:D8:F3:32:19,-65,0,395,395,2,2,0,0,0
397879591,NODE_F42DC973E618,child,2,B0:CB:D8:F3:32:19,-65,0,395,395,2,2,0,0,0
397979599,NODE_F42DC973E618,child,2,B0:CB:D8:F3:32:19,-65,0,395,395,2,2,0,0,0
398079589,NODE_F42DC973E618,child,2,B0:CB:D8:F3:32:19,-65,0,395,395,2,2,0,0,0
398179591,NODE_F42DC973E618,child,2,B0:CB:D8:F3:32:19,-65,0,395,395,2,2,0,0,0
398279587,NODE_F42DC973E618,child,2,B0:CB:D8:F3:32:19,-65,0,395,395,2,2,0,0,0
398379597,NODE_F42DC973E618,child,2,B0:CB:D8:F3:32:19,-66,0,395,395,2,2,0,0,0
398479587,NODE_F42DC973E618,child,2,B0:CB:D8:F3:32:19,-66,0,395,395,2,2,0,0,0
398579595,NODE_F42DC973E618,child,2,B0:CB:D8:F3:32:19,-66,0,395,395,2,2,0,0,0
398679589,NODE_F42DC973E618,child,2,B0:CB:D8:F3:32:19,-66,0,395,395,2,2,0,0,0
398779591,NODE_F42DC973E618,child,2,B0:CB:D8:F3:32:19,-66,0,396,396,2,2,0,0,0
398879587,NODE_F42DC973E618,child,2,B0:CB:D8:F3:32:19,-66,0,396,396,2,2,0,0,0
398979589,NODE_F42DC973E618,child,2,B0:CB:D8:F3:32:19,-66,0,396,396,2,2,0,0,0
399079587,NODE_F42DC973E618,child,2,B0:CB:D8:F3:32:19,-66,0,396,396,2,2,0,0,0
399179599,NODE_F42DC973E618,child,2,B0:CB:D8:F3:32:19,-66,0,396,396,2,2,0,0,0
399279589,NODE_F42DC973E618,child,2,B0:CB:D8:F3:32:19,-66,0,396,396,2,2,0,0,0
399379595,NODE_F42DC973E618,child,2,B0:CB:D8:F3:32:19,-66,0,396,396,2,2,0,0,0
399479587,NODE_F42DC973E618,child,2,B0:CB:D8:F3:32:19,-66,0,396,396,2,2,0,0,0
399579589,NODE_F42DC973E618,child,2,B0:CB:D8:F3:32:19,-66,0,396,396,2,2,0,0,0
399679587,NODE_F42DC973E618,child,2,B0:CB:D8:F3:32:19,-66,0,396,396,2,2,0,0,0
399779591,NODE_F42DC973E618,child,2,B0:CB:D8:F3:32:19,-66,0,397,397,2,2,0,0,0
399879593,NODE_F42DC973E618,child,2,B0:CB:D8:F3:32:19,-66,0,397,397,2,2,0,0,0
399979591,NODE_F42DC973E618,child,2,B0:CB:D8:F3:32:19,-66,0,397,397,2,2,0,0,0
400079587,NODE_F42DC973E618,child,2,B0:CB:D8:F3:32:19,-66,0,397,397,2,2,0,0,0
400179589,NODE_F42DC973E618,child,2,B0:CB:D8:F3:32:19,-66,0,397,397,2,2,0,0,0
400279587,NODE_F42DC973E618,child,2,B0:CB:D8:F3:32:19,-66,0,397,397,2,2,0,0,0
400379587,NODE_F42DC973E618,child,2,B0:CB:D8:F3:32:19,-66,0,397,397,2,2,0,0,0
400479597,NODE_F42DC973E618,child,2,B0:CB:D8:F3:32:19,-67,0,397,397,2,2,0,0,0
400579595,NODE_F42DC973E618,child,2,B0:CB:D8:F3:32:19,-67,0,397,397,2,2,0,0,0
400679587,NODE_F42DC973E618,child,2,B0:CB:D8:F3:32:19,-67,0,397,397,2,2,0,0,0
400779593,NODE_F42DC973E618,child,2,B0:CB:D8:F3:32:19,-67,0,398,398,2,2,0,0,0
400879587,NODE_F42DC973E618,child,2,B0:CB:D8:F3:32:19,-67,0,398,398,2,2,0,0,0
400979591,NODE_F42DC973E618,child,2,B0:CB:D8:F3:32:19,-67,0,398,398,2,2,0,0,0
401079589,NODE_F42DC973E618,child,2,B0:CB:D8:F3:32:19,-67,0,398,398,2,2,0,0,0
401179595,NODE_F42DC973E618,child,2,B0:CB:D8:F3:32:19,-67,0,398,398,2,2,0,0,0
401279591,NODE_F42DC973E618,child,2,B0:CB:D8:F3:32:19,-67,0,398,398,2,2,0,0,0
401379589,NODE_F42DC973E618,child,2,B0:CB:D8:F3:32:19,-67,0,398,398,2,2,0,0,0
401479595,NODE_F42DC973E618,child,2,B0:CB:D8:F3:32:19,-67,0,398,398,2,2,0,0,0
401579587,NODE_F42DC973E618,child,2,B0:CB:D8:F3:32:19,-67,0,398,398,2,2,0,0,0
401679589,NODE_F42DC973E618,child,2,B0:CB:D8:F3:32:19,-67,0,398,398,2,2,0,0,0
401779591,NODE_F42DC973E618,child,2,B0:CB:D8:F3:32:19,-67,0,399,399,2,2,0,0,0
401879595,NODE_F42DC973E618,child,2,B0:CB:D8:F3:32:19,-67,0,399,399,2,2,0,0,0
401979589,NODE_F42DC973E618,child,2,B0:CB:D8:F3:32:19,-67,0,399,399,2,2,0,0,0
402079583,NODE_F42DC973E618,child,2,B0:CB:D8:F3:32:19,-67,0,399,399,2,2,0,0,0
402179595,NODE_F42DC973E618,child,2,B0:CB:D8:F3:32:19,-67,0,399,399,2,2,0,0,0
402279593,NODE_F42DC973E618,child,2,B0:CB:D8:F3:32:19,-67,0,399,399,2,2,0,0,0
402379587,NODE_F42DC973E618,child,2,B0:CB:D8:F3:32:19,-67,0,399,399,2,2,0,0,0
402479595,NODE_F42DC973E618,child,2,B0:CB:D8:F3:32:19,-67,0,399,399,2,2,0,0,0
402579597,NODE_F42DC973E618,child,2,B0:CB:D8:F3:32:19,-67,0,399,399,2,2,0,0,0
402679587,NODE_F42DC973E618,child,2,B0:CB:D8:F3:32:19,-67,0,399,399,2,2,0,0,0
402779591,NODE_F42DC973E618,child,2,B0:CB:D8:F3:32:19,-67,0,400,400,2,2,0,0,0
402879589,NODE_F42DC973E618,child,2,B0:CB:D8:F3:32:19,-67,0,400,400,2,2,0,0,0
402979587,NODE_F42DC973E618,child,2,B0:CB:D8:F3:32:19,-67,0,400,400,2,2,0,0,0
403079587,NODE_F42DC973E618,child,2,B0:CB:D8:F3:32:19,-67,0,400,400,2,2,0,0,0
403179597,NODE_F42DC973E618,child,2,B0:CB:D8:F3:32:19,-67,0,400,400,2,2,0,0,0
403279591,NODE_F42DC973E618,child,2,B0:CB:D8:F3:32:19,-67,0,400,400,2,2,0,0,0
403379587,NODE_F42DC973E618,child,2,B0:CB:D8:F3:32:19,-67,0,400,400,2,2,0,0,0
403479597,NODE_F42DC973E618,child,2,B0:CB:D8:F3:32:19,-67,0,400,400,2,2,0,0,0
403579587,NODE_F42DC973E618,child,2,B0:CB:D8:F3:32:19,-67,0,400,400,2,2,0,0,0
403679587,NODE_F42DC973E618,child,2,B0:CB:D8:F3:32:19,-67,0,400,400,2,2,0,0,0
403779593,NODE_F42DC973E618,child,2,B0:CB:D8:F3:32:19,-67,0,401,401,2,2,0,0,0
403879591,NODE_F42DC973E618,child,2,B0:CB:D8:F3:32:19,-67,0,401,401,2,2,0,0,0
403979595,NODE_F42DC973E618,child,2,B0:CB:D8:F3:32:19,-67,0,401,401,2,2,0,0,0
404079589,NODE_F42DC973E618,child,2,B0:CB:D8:F3:32:19,-67,0,401,401,2,2,0,0,0
404179587,NODE_F42DC973E618,child,2,B0:CB:D8:F3:32:19,-67,0,401,401,2,2,0,0,0
404279583,NODE_F42DC973E618,child,2,B0:CB:D8:F3:32:19,-67,0,401,401,2,2,0,0,0
404379589,NODE_F42DC973E618,child,2,B0:CB:D8:F3:32:19,-67,0,401,401,2,2,0,0,0
404479595,NODE_F42DC973E618,child,2,B0:CB:D8:F3:32:19,-66,0,401,401,2,2,0,0,0
404579599,NODE_F42DC973E618,child,2,B0:CB:D8:F3:32:19,-66,0,401,401,2,2,0,0,0
404679589,NODE_F42DC973E618,child,2,B0:CB:D8:F3:32:19,-66,0,401,401,2,2,0,0,0
404779591,NODE_F42DC973E618,child,2,B0:CB:D8:F3:32:19,-66,0,402,402,2,2,0,0,0
404879587,NODE_F42DC973E618,child,2,B0:CB:D8:F3:32:19,-66,0,402,402,2,2,0,0,0
404979589,NODE_F42DC973E618,child,2,B0:CB:D8:F3:32:19,-66,0,402,402,2,2,0,0,0
405079587,NODE_F42DC973E618,child,2,B0:CB:D8:F3:32:19,-66,0,402,402,2,2,0,0,0
405179595,NODE_F42DC973E618,child,2,B0:CB:D8:F3:32:19,-66,0,402,402,2,2,0,0,0
405279589,NODE_F42DC973E618,child,2,B0:CB:D8:F3:32:19,-66,0,402,402,2,2,0,0,0
405379591,NODE_F42DC973E618,child,2,B0:CB:D8:F3:32:19,-66,0,402,402,2,2,0,0,0
405479587,NODE_F42DC973E618,child,2,B0:CB:D8:F3:32:19,-66,0,402,402,2,2,0,0,0
405579597,NODE_F42DC973E618,child,2,B0:CB:D8:F3:32:19,-68,0,402,402,2,2,0,0,0
405679587,NODE_F42DC973E618,child,2,B0:CB:D8:F3:32:19,-68,0,402,402,2,2,0,0,0
405779591,NODE_F42DC973E618,child,2,B0:CB:D8:F3:32:19,-68,0,403,403,2,2,0,0,0
405879597,NODE_F42DC973E618,child,2,B0:CB:D8:F3:32:19,-68,0,403,403,2,2,0,0,0
405979587,NODE_F42DC973E618,child,2,B0:CB:D8:F3:32:19,-68,0,403,403,2,2,0,0,0
406079587,NODE_F42DC973E618,child,2,B0:CB:D8:F3:32:19,-68,0,403,403,2,2,0,0,0
406179589,NODE_F42DC973E618,child,2,B0:CB:D8:F3:32:19,-68,0,403,403,2,2,0,0,0
406279587,NODE_F42DC973E618,child,2,B0:CB:D8:F3:32:19,-68,0,403,403,2,2,0,0,0
406379591,NODE_F42DC973E618,child,2,B0:CB:D8:F3:32:19,-68,0,403,403,2,2,0,0,0
406479581,NODE_F42DC973E618,child,2,B0:CB:D8:F3:32:19,-68,0,403,403,2,2,0,0,0
406579603,NODE_F42DC973E618,child,2,B0:CB:D8:F3:32:19,-67,0,403,403,2,2,0,0,0
406679587,NODE_F42DC973E618,child,2,B0:CB:D8:F3:32:19,-67,0,403,403,2,2,0,0,0
406779593,NODE_F42DC973E618,child,2,B0:CB:D8:F3:32:19,-67,0,404,404,2,2,0,0,0
406879587,NODE_F42DC973E618,child,2,B0:CB:D8:F3:32:19,-67,0,404,404,2,2,0,0,0
406979591,NODE_F42DC973E618,child,2,B0:CB:D8:F3:32:19,-67,0,404,404,2,2,0,0,0
407079589,NODE_F42DC973E618,child,2,B0:CB:D8:F3:32:19,-67,0,404,404,2,2,0,0,0
407179595,NODE_F42DC973E618,child,2,B0:CB:D8:F3:32:19,-67,0,404,404,2,2,0,0,0
407279587,NODE_F42DC973E618,child,2,B0:CB:D8:F3:32:19,-67,0,404,404,2,2,0,0,0
407379593,NODE_F42DC973E618,child,2,B0:CB:D8:F3:32:19,-67,0,404,404,2,2,0,0,0
407479587,NODE_F42DC973E618,child,2,B0:CB:D8:F3:32:19,-67,0,404,404,2,2,0,0,0
407579595,NODE_F42DC973E618,child,2,B0:CB:D8:F3:32:19,-67,0,404,404,2,2,0,0,0
407679589,NODE_F42DC973E618,child,2,B0:CB:D8:F3:32:19,-67,0,404,404,2,2,0,0,0
407779591,NODE_F42DC973E618,child,2,B0:CB:D8:F3:32:19,-67,0,405,405,2,2,0,0,0
407879595,NODE_F42DC973E618,child,2,B0:CB:D8:F3:32:19,-67,0,405,405,2,2,0,0,0
407979589,NODE_F42DC973E618,child,2,B0:CB:D8:F3:32:19,-67,0,405,405,2,2,0,0,0
408079587,NODE_F42DC973E618,child,2,B0:CB:D8:F3:32:19,-67,0,405,405,2,2,0,0,0
408179595,NODE_F42DC973E618,child,2,B0:CB:D8:F3:32:19,-67,0,405,405,2,2,0,0,0
408279589,NODE_F42DC973E618,child,2,B0:CB:D8:F3:32:19,-67,0,405,405,2,2,0,0,0
408379595,NODE_F42DC973E618,child,2,B0:CB:D8:F3:32:19,-67,0,405,405,2,2,0,0,0
408479591,NODE_F42DC973E618,child,2,B0:CB:D8:F3:32:19,-67,0,405,405,2,2,0,0,0
408579597,NODE_F42DC973E618,child,2,B0:CB:D8:F3:32:19,-67,0,405,405,2,2,0,0,0
408679587,NODE_F42DC973E618,child,2,B0:CB:D8:F3:32:19,-67,0,405,405,2,2,0,0,0
408779591,NODE_F42DC973E618,child,2,B0:CB:D8:F3:32:19,-67,0,406,406,2,2,0,0,0
408879589,NODE_F42DC973E618,child,2,B0:CB:D8:F3:32:19,-67,0,406,406,2,2,0,0,0
408979587,NODE_F42DC973E618,child,2,B0:CB:D8:F3:32:19,-67,0,406,406,2,2,0,0,0
409079591,NODE_F42DC973E618,child,2,B0:CB:D8:F3:32:19,-67,0,406,406,2,2,0,0,0
409179589,NODE_F42DC973E618,child,2,B0:CB:D8:F3:32:19,-67,0,406,406,2,2,0,0,0
409279591,NODE_F42DC973E618,child,2,B0:CB:D8:F3:32:19,-67,0,406,406,2,2,0,0,0
409379587,NODE_F42DC973E618,child,2,B0:CB:D8:F3:32:19,-67,0,406,406,2,2,0,0,0
409479593,NODE_F42DC973E618,child,2,B0:CB:D8:F3:32:19,-67,0,406,406,2,2,0,0,0
409579587,NODE_F42DC973E618,child,2,B0:CB:D8:F3:32:19,-67,0,406,406,2,2,0,0,0
409679603,NODE_F42DC973E618,child,2,B0:CB:D8:F3:32:19,-67,0,406,406,2,2,0,0,0
409779593,NODE_F42DC973E618,child,2,B0:CB:D8:F3:32:19,-67,0,407,407,2,2,0,0,0
409879587,NODE_F42DC973E618,child,2,B0:CB:D8:F3:32:19,-67,0,407,407,2,2,0,0,0
409979591,NODE_F42DC973E618,child,2,B0:CB:D8:F3:32:19,-67,0,407,407,2,2,0,0,0
410079589,NODE_F42DC973E618,child,2,B0:CB:D8:F3:32:19,-67,0,407,407,2,2,0,0,0
410179587,NODE_F42DC973E618,child,2,B0:CB:D8:F3:32:19,-67,0,407,407,2,2,0,0,0
410279587,NODE_F42DC973E618,child,2,B0:CB:D8:F3:32:19,-67,0,407,407,2,2,0,0,0
410379597,NODE_F42DC973E618,child,2,B0:CB:D8:F3:32:19,-67,0,407,407,2,2,0,0,0
410479591,NODE_F42DC973E618,child,2,B0:CB:D8:F3:32:19,-67,0,407,407,2,2,0,0,0
410579587,NODE_F42DC973E618,child,2,B0:CB:D8:F3:32:19,-67,0,407,407,2,2,0,0,0
410679597,NODE_F42DC973E618,child,2,B0:CB:D8:F3:32:19,-67,0,407,407,2,2,0,0,0
410779591,NODE_F42DC973E618,child,2,B0:CB:D8:F3:32:19,-67,0,408,408,2,2,0,0,0
410879587,NODE_F42DC973E618,child,2,B0:CB:D8:F3:32:19,-67,0,408,408,2,2,0,0,0
410979589,NODE_F42DC973E618,child,2,B0:CB:D8:F3:32:19,-67,0,408,408,2,2,0,0,0
411079595,NODE_F42DC973E618,child,2,B0:CB:D8:F3:32:19,-67,0,408,408,2,2,0,0,0
411179587,NODE_F42DC973E618,child,2,B0:CB:D8:F3:32:19,-67,0,408,408,2,2,0,0,0
411279589,NODE_F42DC973E618,child,2,B0:CB:D8:F3:32:19,-67,0,408,408,2,2,0,0,0
411379587,NODE_F42DC973E618,child,2,B0:CB:D8:F3:32:19,-67,0,408,408,2,2,0,0,0
411479591,NODE_F42DC973E618,child,2,B0:CB:D8:F3:32:19,-67,0,408,408,2,2,0,0,0
411579589,NODE_F42DC973E618,child,2,B0:CB:D8:F3:32:19,-67,0,408,408,2,2,0,0,0
411679603,NODE_F42DC973E618,child,2,B0:CB:D8:F3:32:19,-67,0,408,408,2,2,0,0,0
411779591,NODE_F42DC973E618,child,2,B0:CB:D8:F3:32:19,-67,0,409,409,2,2,0,0,0
411879589,NODE_F42DC973E618,child,2,B0:CB:D8:F3:32:19,-67,0,409,409,2,2,0,0,0
411979587,NODE_F42DC973E618,child,2,B0:CB:D8:F3:32:19,-67,0,409,409,2,2,0,0,0
412079587,NODE_F42DC973E618,child,2,B0:CB:D8:F3:32:19,-67,0,409,409,2,2,0,0,0
412179589,NODE_F42DC973E618,child,2,B0:CB:D8:F3:32:19,-67,0,409,409,2,2,0,0,0
412279587,NODE_F42DC973E618,child,2,B0:CB:D8:F3:32:19,-67,0,409,409,2,2,0,0,0
412379595,NODE_F42DC973E618,child,2,B0:CB:D8:F3:32:19,-67,0,409,409,2,2,0,0,0
412479593,NODE_F42DC973E618,child,2,B0:CB:D8:F3:32:19,-67,0,409,409,2,2,0,0,0
412579587,NODE_F42DC973E618,child,2,B0:CB:D8:F3:32:19,-67,0,409,409,2,2,0,0,0
412679595,NODE_F42DC973E618,child,2,B0:CB:D8:F3:32:19,-67,0,409,409,2,2,0,0,0
412779593,NODE_F42DC973E618,child,2,B0:CB:D8:F3:32:19,-67,0,410,410,2,2,0,0,0
412879587,NODE_F42DC973E618,child,2,B0:CB:D8:F3:32:19,-67,0,410,410,2,2,0,0,0
412979591,NODE_F42DC973E618,child,2,B0:CB:D8:F3:32:19,-67,0,410,410,2,2,0,0,0
413079593,NODE_F42DC973E618,child,2,B0:CB:D8:F3:32:19,-67,0,410,410,2,2,0,0,0
413179591,NODE_F42DC973E618,child,2,B0:CB:D8:F3:32:19,-67,0,410,410,2,2,0,0,0
413279587,NODE_F42DC973E618,child,2,B0:CB:D8:F3:32:19,-67,0,410,410,2,2,0,0,0
413379589,NODE_F42DC973E618,child,2,B0:CB:D8:F3:32:19,-67,0,410,410,2,2,0,0,0
413479587,NODE_F42DC973E618,child,2,B0:CB:D8:F3:32:19,-67,0,410,410,2,2,0,0,0
413579591,NODE_F42DC973E618,child,2,B0:CB:D8:F3:32:19,-67,0,410,410,2,2,0,0,0
413679597,NODE_F42DC973E618,child,2,B0:CB:D8:F3:32:19,-67,0,410,410,2,2,0,0,0
413779587,NODE_F42DC973E618,child,2,B0:CB:D8:F3:32:19,-66,0,411,411,2,2,0,0,0
413879591,NODE_F42DC973E618,child,2,B0:CB:D8:F3:32:19,-66,0,411,411,2,2,0,0,0
413979589,NODE_F42DC973E618,child,2,B0:CB:D8:F3:32:19,-66,0,411,411,2,2,0,0,0
414079587,NODE_F42DC973E618,child,2,B0:CB:D8:F3:32:19,-66,0,411,411,2,2,0,0,0
414179587,NODE_F42DC973E618,child,2,B0:CB:D8:F3:32:19,-66,0,411,411,2,2,0,0,0
414279589,NODE_F42DC973E618,child,2,B0:CB:D8:F3:32:19,-66,0,411,411,2,2,0,0,0
414379595,NODE_F42DC973E618,child,2,B0:CB:D8:F3:32:19,-66,0,411,411,2,2,0,0,0
414479587,NODE_F42DC973E618,child,2,B0:CB:D8:F3:32:19,-66,0,411,411,2,2,0,0,0
414579593,NODE_F42DC973E618,child,2,B0:CB:D8:F3:32:19,-66,0,411,411,2,2,0,0,0
414679587,NODE_F42DC973E618,child,2,B0:CB:D8:F3:32:19,-66,0,411,411,2,2,0,0,0
414779587,NODE_F42DC973E618,child,2,B0:CB:D8:F3:32:19,-66,0,412,412,2,2,0,0,0
414879593,NODE_F42DC973E618,child,2,B0:CB:D8:F3:32:19,-66,0,412,412,2,2,0,0,0
414979587,NODE_F42DC973E618,child,2,B0:CB:D8:F3:32:19,-66,0,412,412,2,2,0,0,0
415079595,NODE_F42DC973E618,child,2,B0:CB:D8:F3:32:19,-66,0,412,412,2,2,0,0,0
415179589,NODE_F42DC973E618,child,2,B0:CB:D8:F3:32:19,-66,0,412,412,2,2,0,0,0
415279587,NODE_F42DC973E618,child,2,B0:CB:D8:F3:32:19,-66,0,412,412,2,2,0,0,0
415379587,NODE_F42DC973E618,child,2,B0:CB:D8:F3:32:19,-66,0,412,412,2,2,0,0,0
415479581,NODE_F42DC973E618,child,2,B0:CB:D8:F3:32:19,-66,0,412,412,2,2,0,0,0
415579591,NODE_F42DC973E618,child,2,B0:CB:D8:F3:32:19,-66,0,412,412,2,2,0,0,0
415679595,NODE_F42DC973E618,child,2,B0:CB:D8:F3:32:19,-66,0,412,412,2,2,0,0,0
415779589,NODE_F42DC973E618,child,2,B0:CB:D8:F3:32:19,-67,0,413,413,2,2,0,0,0
415879591,NODE_F42DC973E618,child,2,B0:CB:D8:F3:32:19,-67,0,413,413,2,2,0,0,0
415979587,NODE_F42DC973E618,child,2,B0:CB:D8:F3:32:19,-67,0,413,413,2,2,0,0,0
416079593,NODE_F42DC973E618,child,2,B0:CB:D8:F3:32:19,-67,0,413,413,2,2,0,0,0
416179587,NODE_F42DC973E618,child,2,B0:CB:D8:F3:32:19,-67,0,413,413,2,2,0,0,0
416279587,NODE_F42DC973E618,child,2,B0:CB:D8:F3:32:19,-67,0,413,413,2,2,0,0,0
416379601,NODE_F42DC973E618,child,2,B0:CB:D8:F3:32:19,-67,0,413,413,2,2,0,0,0
416479587,NODE_F42DC973E618,child,2,B0:CB:D8:F3:32:19,-67,0,413,413,2,2,0,0,0
416579591,NODE_F42DC973E618,child,2,B0:CB:D8:F3:32:19,-67,0,413,413,2,2,0,0,0
416679589,NODE_F42DC973E618,child,2,B0:CB:D8:F3:32:19,-67,0,413,413,2,2,0,0,0
416779595,NODE_F42DC973E618,child,2,B0:CB:D8:F3:32:19,-67,0,414,414,2,2,0,0,0
416879587,NODE_F42DC973E618,child,2,B0:CB:D8:F3:32:19,-67,0,414,414,2,2,0,0,0
416979589,NODE_F42DC973E618,child,2,B0:CB:D8:F3:32:19,-67,0,414,414,2,2,0,0,0
417079595,NODE_F42DC973E618,child,2,B0:CB:D8:F3:32:19,-67,0,414,414,2,2,0,0,0
417179587,NODE_F42DC973E618,child,2,B0:CB:D8:F3:32:19,-67,0,414,414,2,2,0,0,0
417279581,NODE_F42DC973E618,child,2,B0:CB:D8:F3:32:19,-67,0,414,414,2,2,0,0,0
417379587,NODE_F42DC973E618,child,2,B0:CB:D8:F3:32:19,-67,0,414,414,2,2,0,0,0
417479587,NODE_F42DC973E618,child,2,B0:CB:D8:F3:32:19,-67,0,414,414,2,2,0,0,0
417579979,NODE_F42DC973E618,child,2,B0:CB:D8:F3:32:19,-67,0,414,414,2,2,0,0,0
417679595,NODE_F42DC973E618,child,2,B0:CB:D8:F3:32:19,-67,0,414,414,2,2,0,0,0
417779591,NODE_F42DC973E618,child,2,B0:CB:D8:F3:32:19,-67,0,415,415,2,2,0,0,0
417879593,NODE_F42DC973E618,child,2,B0:CB:D8:F3:32:19,-67,0,415,415,2,2,0,0,0
417979587,NODE_F42DC973E618,child,2,B0:CB:D8:F3:32:19,-67,0,415,415,2,2,0,0,0
418079587,NODE_F42DC973E618,child,2,B0:CB:D8:F3:32:19,-67,0,415,415,2,2,0,0,0
418179589,NODE_F42DC973E618,child,2,B0:CB:D8:F3:32:19,-67,0,415,415,2,2,0,0,0
418279587,NODE_F42DC973E618,child,2,B0:CB:D8:F3:32:19,-67,0,415,415,2,2,0,0,0
418379595,NODE_F42DC973E618,child,2,B0:CB:D8:F3:32:19,-67,0,415,415,2,2,0,0,0
418479589,NODE_F42DC973E618,child,2,B0:CB:D8:F3:32:19,-67,0,415,415,2,2,0,0,0
418579587,NODE_F42DC973E618,child,2,B0:CB:D8:F3:32:19,-67,0,415,415,2,2,0,0,0
418679591,NODE_F42DC973E618,child,2,B0:CB:D8:F3:32:19,-67,0,415,415,2,2,0,0,0
418779593,NODE_F42DC973E618,child,2,B0:CB:D8:F3:32:19,-67,0,416,416,2,2,0,0,0
418879595,NODE_F42DC973E618,child,2,B0:CB:D8:F3:32:19,-68,0,416,416,2,2,0,0,0
418979591,NODE_F42DC973E618,child,2,B0:CB:D8:F3:32:19,-68,0,416,416,2,2,0,0,0
419079597,NODE_F42DC973E618,child,2,B0:CB:D8:F3:32:19,-68,0,416,416,2,2,0,0,0
419179595,NODE_F42DC973E618,child,2,B0:CB:D8:F3:32:19,-68,0,416,416,2,2,0,0,0
419279587,NODE_F42DC973E618,child,2,B0:CB:D8:F3:32:19,-68,0,416,416,2,2,0,0,0
419379589,NODE_F42DC973E618,child,2,B0:CB:D8:F3:32:19,-68,0,416,416,2,2,0,0,0
419479587,NODE_F42DC973E618,child,2,B0:CB:D8:F3:32:19,-68,0,416,416,2,2,0,0,0
419579595,NODE_F42DC973E618,child,2,B0:CB:D8:F3:32:19,-68,0,416,416,2,2,0,0,0
419679593,NODE_F42DC973E618,child,2,B0:CB:D8:F3:32:19,-68,0,416,416,2,2,0,0,0
419779591,NODE_F42DC973E618,child,2,B0:CB:D8:F3:32:19,-68,0,417,417,2,2,0,0,0
419879595,NODE_F42DC973E618,child,2,B0:CB:D8:F3:32:19,-67,0,417,417,2,2,0,0,0
419979589,NODE_F42DC973E618,child,2,B0:CB:D8:F3:32:19,-67,0,417,417,2,2,0,0,0
420079587,NODE_F42DC973E618,child,2,B0:CB:D8:F3:32:19,-67,0,417,417,2,2,0,0,0
420179595,NODE_F42DC973E618,child,2,B0:CB:D8:F3:32:19,-67,0,417,417,2,2,0,0,0
420279589,NODE_F42DC973E618,child,2,B0:CB:D8:F3:32:19,-67,0,417,417,2,2,0,0,0
420379587,NODE_F42DC973E618,child,2,B0:CB:D8:F3:32:19,-67,0,417,417,2,2,0,0,0
420479587,NODE_F42DC973E618,child,2,B0:CB:D8:F3:32:19,-67,0,417,417,2,2,0,0,0
420579589,NODE_F42DC973E618,child,2,B0:CB:D8:F3:32:19,-67,0,417,417,2,2,0,0,0
420679591,NODE_F42DC973E618,child,2,B0:CB:D8:F3:32:19,-67,0,417,417,2,2,0,0,0
420779591,NODE_F42DC973E618,child,2,B0:CB:D8:F3:32:19,-67,0,418,418,2,2,0,0,0
420879605,NODE_F42DC973E618,child,2,B0:CB:D8:F3:32:19,-67,0,418,418,3,0,0,0,0
420979587,NODE_F42DC973E618,child,2,B0:CB:D8:F3:32:19,-67,0,418,418,3,0,0,0,0
421079587,NODE_F42DC973E618,child,2,B0:CB:D8:F3:32:19,-67,0,418,418,3,0,0,0,0
421179589,NODE_F42DC973E618,child,2,B0:CB:D8:F3:32:19,-67,0,418,418,3,0,0,0,0
421279587,NODE_F42DC973E618,child,2,B0:CB:D8:F3:32:19,-67,0,418,418,3,0,0,0,0
421379587,NODE_F42DC973E618,child,2,B0:CB:D8:F3:32:19,-67,0,418,418,3,0,0,0,0
421479589,NODE_F42DC973E618,child,2,B0:CB:D8:F3:32:19,-67,0,418,418,3,0,0,0,0
421579591,NODE_F42DC973E618,child,2,B0:CB:D8:F3:32:19,-67,0,418,418,3,0,0,0,0
421679595,NODE_F42DC973E618,child,2,B0:CB:D8:F3:32:19,-67,0,418,418,3,0,0,0,0
421779593,NODE_F42DC973E618,child,2,B0:CB:D8:F3:32:19,-67,0,419,419,3,0,0,0,0
421879587,NODE_F42DC973E618,child,2,B0:CB:D8:F3:32:19,-67,0,419,419,3,0,0,0,0
421979595,NODE_F42DC973E618,child,2,B0:CB:D8:F3:32:19,-68,0,419,419,3,0,0,0,0
422079589,NODE_F42DC973E618,child,2,B0:CB:D8:F3:32:19,-68,0,419,419,3,0,0,0,0
422179595,NODE_F42DC973E618,child,2,B0:CB:D8:F3:32:19,-68,0,419,419,3,0,0,0,0
422279591,NODE_F42DC973E618,child,2,B0:CB:D8:F3:32:19,-68,0,419,419,3,0,0,0,0
422379589,NODE_F42DC973E618,child,2,B0:CB:D8:F3:32:19,-68,0,419,419,3,0,0,0,0
422479587,NODE_F42DC973E618,child,2,B0:CB:D8:F3:32:19,-68,0,419,419,3,0,0,0,0
422579587,NODE_F42DC973E618,child,2,B0:CB:D8:F3:32:19,-68,0,419,419,3,0,0,0,0
422679589,NODE_F42DC973E618,child,2,B0:CB:D8:F3:32:19,-68,0,419,419,3,0,0,0,0
422779587,NODE_F42DC973E618,child,2,B0:CB:D8:F3:32:19,-68,0,419,419,3,0,0,0,0
422879599,NODE_F42DC973E618,child,2,B0:CB:D8:F3:32:19,-68,0,420,420,3,0,0,0,0
422979597,NODE_F42DC973E618,child,2,B0:CB:D8:F3:32:19,-68,0,420,420,3,0,0,0,0
423079583,NODE_F42DC973E618,child,2,B0:CB:D8:F3:32:19,-68,0,420,420,3,0,0,0,0
423179587,NODE_F42DC973E618,child,2,B0:CB:D8:F3:32:19,-68,0,420,420,3,0,0,0,0
423279593,NODE_F42DC973E618,child,2,B0:CB:D8:F3:32:19,-68,0,420,420,3,0,0,0,0
423379587,NODE_F42DC973E618,child,2,B0:CB:D8:F3:32:19,-68,0,420,420,3,0,0,0,0
423479587,NODE_F42DC973E618,child,2,B0:CB:D8:F3:32:19,-68,0,420,420,3,0,0,0,0
423579597,NODE_F42DC973E618,child,2,B0:CB:D8:F3:32:19,-68,0,420,420,3,0,0,0,0
423679587,NODE_F42DC973E618,child,2,B0:CB:D8:F3:32:19,-68,0,420,420,3,0,0,0,0
423779591,NODE_F42DC973E618,child,2,B0:CB:D8:F3:32:19,-68,0,420,420,3,0,0,0,0
423879593,NODE_F42DC973E618,child,2,B0:CB:D8:F3:32:19,-68,0,421,421,3,0,0,0,0
423979595,NODE_F42DC973E618,child,2,B0:CB:D8:F3:32:19,-66,0,421,421,3,0,0,0,0
424079587,NODE_F42DC973E618,child,2,B0:CB:D8:F3:32:19,-66,0,421,421,3,0,0,0,0
424179597,NODE_F42DC973E618,child,2,B0:CB:D8:F3:32:19,-66,0,421,421,3,0,0,0,0
424279587,NODE_F42DC973E618,child,2,B0:CB:D8:F3:32:19,-66,0,421,421,3,0,0,0,0
424379587,NODE_F42DC973E618,child,2,B0:CB:D8:F3:32:19,-66,0,421,421,3,0,0,0,0
424479589,NODE_F42DC973E618,child,2,B0:CB:D8:F3:32:19,-66,0,421,421,3,0,0,0,0
424579587,NODE_F42DC973E618,child,2,B0:CB:D8:F3:32:19,-66,0,421,421,3,0,0,0,0
424679587,NODE_F42DC973E618,child,2,B0:CB:D8:F3:32:19,-66,0,421,421,3,0,0,0,0
424779593,NODE_F42DC973E618,child,2,B0:CB:D8:F3:32:19,-66,0,421,421,3,0,0,0,0
424879599,NODE_F42DC973E618,child,2,B0:CB:D8:F3:32:19,-66,0,422,422,3,0,0,0,0
424979595,NODE_F42DC973E618,child,2,B0:CB:D8:F3:32:19,-65,0,422,422,3,0,0,0,0
425079589,NODE_F42DC973E618,child,2,B0:CB:D8:F3:32:19,-65,0,422,422,3,0,0,0,0
425179595,NODE_F42DC973E618,child,2,B0:CB:D8:F3:32:19,-65,0,422,422,3,0,0,0,0
425279587,NODE_F42DC973E618,child,2,B0:CB:D8:F3:32:19,-65,0,422,422,3,0,0,0,0
425379589,NODE_F42DC973E618,child,2,B0:CB:D8:F3:32:19,-65,0,422,422,3,0,0,0,0
425479579,NODE_F42DC973E618,child,2,B0:CB:D8:F3:32:19,-65,0,422,422,3,0,0,0,0
425579591,NODE_F42DC973E618,child,2,B0:CB:D8:F3:32:19,-65,0,422,422,3,0,0,0,0
425679589,NODE_F42DC973E618,child,2,B0:CB:D8:F3:32:19,-65,0,422,422,3,0,0,0,0
425779591,NODE_F42DC973E618,child,2,B0:CB:D8:F3:32:19,-65,0,422,422,3,0,0,0,0
425879591,NODE_F42DC973E618,child,2,B0:CB:D8:F3:32:19,-65,0,423,423,3,0,0,0,0
425979589,NODE_F42DC973E618,child,2,B0:CB:D8:F3:32:19,-65,0,423,423,3,0,0,0,0
426079595,NODE_F42DC973E618,child,2,B0:CB:D8:F3:32:19,-65,0,423,423,3,0,0,0,0
426179595,NODE_F42DC973E618,child,2,B0:CB:D8:F3:32:19,-65,0,423,423,3,0,0,0,0
426279585,NODE_F42DC973E618,child,2,B0:CB:D8:F3:32:19,-65,0,423,423,3,0,0,0,0
426379587,NODE_F42DC973E618,child,2,B0:CB:D8:F3:32:19,-65,0,423,423,3,0,0,0,0
426479583,NODE_F42DC973E618,child,2,B0:CB:D8:F3:32:19,-65,0,423,423,3,0,0,0,0
426579589,NODE_F42DC973E618,child,2,B0:CB:D8:F3:32:19,-65,0,423,423,3,0,0,0,0
426679587,NODE_F42DC973E618,child,2,B0:CB:D8:F3:32:19,-65,0,423,423,3,0,0,0,0
426779583,NODE_F42DC973E618,child,2,B0:CB:D8:F3:32:19,-65,0,423,423,3,0,0,0,0
426879597,NODE_F42DC973E618,child,2,B0:CB:D8:F3:32:19,-65,0,424,424,3,0,0,0,0
426979591,NODE_F42DC973E618,child,2,B0:CB:D8:F3:32:19,-65,0,424,424,3,0,0,0,0
427079595,NODE_F42DC973E618,child,2,B0:CB:D8:F3:32:19,-67,0,424,424,3,0,0,0,0
427179589,NODE_F42DC973E618,child,2,B0:CB:D8:F3:32:19,-67,0,424,424,3,0,0,0,0
427279587,NODE_F42DC973E618,child,2,B0:CB:D8:F3:32:19,-67,0,424,424,3,0,0,0,0
427379587,NODE_F42DC973E618,child,2,B0:CB:D8:F3:32:19,-67,0,424,424,3,0,0,0,0
427479589,NODE_F42DC973E618,child,2,B0:CB:D8:F3:32:19,-67,0,424,424,3,0,0,0,0
427579595,NODE_F42DC973E618,child,2,B0:CB:D8:F3:32:19,-67,0,424,424,3,0,0,0,0
427679587,NODE_F42DC973E618,child,2,B0:CB:D8:F3:32:19,-67,0,424,424,3,0,0,0,0
427779589,NODE_F42DC973E618,child,2,B0:CB:D8:F3:32:19,-67,0,424,424,3,0,0,0,0
427879591,NODE_F42DC973E618,child,2,B0:CB:D8:F3:32:19,-67,0,425,425,3,0,0,0,0
427979591,NODE_F42DC973E618,child,2,B0:CB:D8:F3:32:19,-67,0,425,425,3,0,0,0,0
428079597,NODE_F42DC973E618,child,2,B0:CB:D8:F3:32:19,-66,0,425,425,3,0,0,0,0
428179595,NODE_F42DC973E618,child,2,B0:CB:D8:F3:32:19,-66,0,425,425,3,0,0,0,0
428279587,NODE_F42DC973E618,child,2,B0:CB:D8:F3:32:19,-66,0,425,425,3,0,0,0,0
428379589,NODE_F42DC973E618,child,2,B0:CB:D8:F3:32:19,-66,0,425,425,3,0,0,0,0
428479587,NODE_F42DC973E618,child,2,B0:CB:D8:F3:32:19,-66,0,425,425,3,0,0,0,0
428579587,NODE_F42DC973E618,child,2,B0:CB:D8:F3:32:19,-66,0,425,425,3,0,0,0,0
428679589,NODE_F42DC973E618,child,2,B0:CB:D8:F3:32:19,-66,0,425,425,3,0,0,0,0
428779587,NODE_F42DC973E618,child,2,B0:CB:D8:F3:32:19,-66,0,425,425,3,0,0,0,0
428879599,NODE_F42DC973E618,child,2,B0:CB:D8:F3:32:19,-66,0,426,426,3,0,0,0,0
428979589,NODE_F42DC973E618,child,2,B0:CB:D8:F3:32:19,-66,0,426,426,3,0,0,0,0
429079595,NODE_F42DC973E618,child,2,B0:CB:D8:F3:32:19,-66,0,426,426,3,0,0,0,0
429179587,NODE_F42DC973E618,child,2,B0:CB:D8:F3:32:19,-66,0,426,426,3,0,0,0,0
429279589,NODE_F42DC973E618,child,2,B0:CB:D8:F3:32:19,-66,0,426,426,3,0,0,0,0
429379591,NODE_F42DC973E618,child,2,B0:CB:D8:F3:32:19,-66,0,426,426,3,0,0,0,0
429479591,NODE_F42DC973E618,child,2,B0:CB:D8:F3:32:19,-66,0,426,426,3,0,0,0,0
429579589,NODE_F42DC973E618,child,2,B0:CB:D8:F3:32:19,-66,0,426,426,3,0,0,0,0
429679587,NODE_F42DC973E618,child,2,B0:CB:D8:F3:32:19,-66,0,426,426,3,0,0,0,0
429779587,NODE_F42DC973E618,child,2,B0:CB:D8:F3:32:19,-66,0,426,426,3,0,0,0,0
429879593,NODE_F42DC973E618,child,2,B0:CB:D8:F3:32:19,-66,0,427,427,3,0,0,0,0
429979587,NODE_F42DC973E618,child,2,B0:CB:D8:F3:32:19,-66,0,427,427,3,0,0,0,0
430079603,NODE_F42DC973E618,child,2,B0:CB:D8:F3:32:19,-66,0,427,427,3,0,0,0,0
430179597,NODE_F42DC973E618,child,2,B0:CB:D8:F3:32:19,-66,0,427,427,3,0,0,0,0
430279591,NODE_F42DC973E618,child,2,B0:CB:D8:F3:32:19,-66,0,427,427,3,0,0,0,0
430379587,NODE_F42DC973E618,child,2,B0:CB:D8:F3:32:19,-66,0,427,427,3,0,0,0,0
430479589,NODE_F42DC973E618,child,2,B0:CB:D8:F3:32:19,-66,0,427,427,3,0,0,0,0
430579587,NODE_F42DC973E618,child,2,B0:CB:D8:F3:32:19,-66,0,427,427,3,0,0,0,0
430679595,NODE_F42DC973E618,child,2,B0:CB:D8:F3:32:19,-66,0,427,427,3,0,0,0,0
430779589,NODE_F42DC973E618,child,2,B0:CB:D8:F3:32:19,-66,0,427,427,3,0,0,0,0
430879591,NODE_F42DC973E618,child,2,B0:CB:D8:F3:32:19,-66,0,428,428,3,0,0,0,0
430979591,NODE_F42DC973E618,child,2,B0:CB:D8:F3:32:19,-66,0,428,428,3,0,0,0,0
431079589,NODE_F42DC973E618,child,2,B0:CB:D8:F3:32:19,-66,0,428,428,3,0,0,0,0
431179595,NODE_F42DC973E618,child,2,B0:CB:D8:F3:32:19,-67,0,428,428,3,0,0,0,0
431279587,NODE_F42DC973E618,child,2,B0:CB:D8:F3:32:19,-67,0,428,428,3,0,0,0,0
431379597,NODE_F42DC973E618,child,2,B0:CB:D8:F3:32:19,-67,0,428,428,3,0,0,0,0
431479587,NODE_F42DC973E618,child,2,B0:CB:D8:F3:32:19,-67,0,428,428,3,0,0,0,0
431579587,NODE_F42DC973E618,child,2,B0:CB:D8:F3:32:19,-67,0,428,428,3,0,0,0,0
431679589,NODE_F42DC973E618,child,2,B0:CB:D8:F3:32:19,-67,0,428,428,3,0,0,0,0
431779587,NODE_F42DC973E618,child,2,B0:CB:D8:F3:32:19,-67,0,428,428,3,0,0,0,0
431879591,NODE_F42DC973E618,child,2,B0:CB:D8:F3:32:19,-67,0,429,429,3,0,0,0,0
431979593,NODE_F42DC973E618,child,2,B0:CB:D8:F3:32:19,-67,0,429,429,3,0,0,0,0
432079595,NODE_F42DC973E618,child,2,B0:CB:D8:F3:32:19,-67,0,429,429,3,0,0,0,0
432179595,NODE_F42DC973E618,child,2,B0:CB:D8:F3:32:19,-66,0,429,429,3,0,0,0,0
432279589,NODE_F42DC973E618,child,2,B0:CB:D8:F3:32:19,-66,0,429,429,3,0,0,0,0
432379587,NODE_F42DC973E618,child,2,B0:CB:D8:F3:32:19,-66,0,429,429,3,0,0,0,0
432479587,NODE_F42DC973E618,child,2,B0:CB:D8:F3:32:19,-66,0,429,429,3,0,0,0,0
432579589,NODE_F42DC973E618,child,2,B0:CB:D8:F3:32:19,-66,0,429,429,3,0,0,0,0
432679595,NODE_F42DC973E618,child,2,B0:CB:D8:F3:32:19,-66,0,429,429,3,0,0,0,0
432779587,NODE_F42DC973E618,child,2,B0:CB:D8:F3:32:19,-66,0,429,429,3,0,0,0,0
432879593,NODE_F42DC973E618,child,2,B0:CB:D8:F3:32:19,-66,0,430,430,3,0,0,0,0
432979591,NODE_F42DC973E618,child,2,B0:CB:D8:F3:32:19,-66,0,430,430,3,0,0,0,0
433079587,NODE_F42DC973E618,child,2,B0:CB:D8:F3:32:19,-66,0,430,430,3,0,0,0,0
433179597,NODE_F42DC973E618,child,2,B0:CB:D8:F3:32:19,-66,0,430,430,3,0,0,0,0
433279587,NODE_F42DC973E618,child,2,B0:CB:D8:F3:32:19,-66,0,430,430,3,0,0,0,0
433379595,NODE_F42DC973E618,child,2,B0:CB:D8:F3:32:19,-66,0,430,430,3,0,0,0,0
433479589,NODE_F42DC973E618,child,2,B0:CB:D8:F3:32:19,-66,0,430,430,3,0,0,0,0
433579587,NODE_F42DC973E618,child,2,B0:CB:D8:F3:32:19,-66,0,430,430,3,0,0,0,0
433679587,NODE_F42DC973E618,child,2,B0:CB:D8:F3:32:19,-66,0,430,430,3,0,0,0,0
433779589,NODE_F42DC973E618,child,2,B0:CB:D8:F3:32:19,-66,0,430,430,3,0,0,0,0
433879591,NODE_F42DC973E618,child,2,B0:CB:D8:F3:32:19,-66,0,431,431,3,0,0,0,0
433979591,NODE_F42DC973E618,child,2,B0:CB:D8:F3:32:19,-66,0,431,431,3,0,0,0,0
434079593,NODE_F42DC973E618,child,2,B0:CB:D8:F3:32:19,-66,0,431,431,3,0,0,0,0
434179599,NODE_F42DC973E618,child,2,B0:CB:D8:F3:32:19,-67,0,431,431,3,0,0,0,0
434279587,NODE_F42DC973E618,child,2,B0:CB:D8:F3:32:19,-67,0,431,431,3,0,0,0,0
434379589,NODE_F42DC973E618,child,2,B0:CB:D8:F3:32:19,-67,0,431,431,3,0,0,0,0
434479587,NODE_F42DC973E618,child,2,B0:CB:D8:F3:32:19,-67,0,431,431,3,0,0,0,0
434579587,NODE_F42DC973E618,child,2,B0:CB:D8:F3:32:19,-67,0,431,431,3,0,0,0,0
434679593,NODE_F42DC973E618,child,2,B0:CB:D8:F3:32:19,-67,0,431,431,3,0,0,0,0
434779591,NODE_F42DC973E618,child,2,B0:CB:D8:F3:32:19,-67,0,431,431,3,0,0,0,0
434879591,NODE_F42DC973E618,child,2,B0:CB:D8:F3:32:19,-67,0,432,432,3,0,0,0,0
434979589,NODE_F42DC973E618,child,2,B0:CB:D8:F3:32:19,-67,0,432,432,3,0,0,0,0
435079591,NODE_F42DC973E618,child,2,B0:CB:D8:F3:32:19,-67,0,432,432,3,0,0,0,0
435179587,NODE_F42DC973E618,child,2,B0:CB:D8:F3:32:19,-67,0,432,432,3,0,0,0,0
435279597,NODE_F42DC973E618,child,2,B0:CB:D8:F3:32:19,-67,0,432,432,3,0,0,0,0
435379595,NODE_F42DC973E618,child,2,B0:CB:D8:F3:32:19,-67,0,432,432,3,0,0,0,0
435479587,NODE_F42DC973E618,child,2,B0:CB:D8:F3:32:19,-67,0,432,432,3,0,0,0,0
435579589,NODE_F42DC973E618,child,2,B0:CB:D8:F3:32:19,-67,0,432,432,3,0,0,0,0
435679587,NODE_F42DC973E618,child,2,B0:CB:D8:F3:32:19,-67,0,432,432,3,0,0,0,0
435779587,NODE_F42DC973E618,child,2,B0:CB:D8:F3:32:19,-67,0,432,432,3,0,0,0,0
435879593,NODE_F42DC973E618,child,2,B0:CB:D8:F3:32:19,-67,0,433,433,3,0,0,0,0
435979587,NODE_F42DC973E618,child,2,B0:CB:D8:F3:32:19,-67,0,433,433,3,0,0,0,0
436079599,NODE_F42DC973E618,child,2,B0:CB:D8:F3:32:19,-67,0,433,433,3,0,0,0,0
436179593,NODE_F42DC973E618,child,2,B0:CB:D8:F3:32:19,-67,0,433,433,3,0,0,0,0
436279595,NODE_F42DC973E618,child,2,B0:CB:D8:F3:32:19,-67,0,433,433,3,0,0,0,0
436379587,NODE_F42DC973E618,child,2,B0:CB:D8:F3:32:19,-67,0,433,433,3,0,0,0,0
436479589,NODE_F42DC973E618,child,2,B0:CB:D8:F3:32:19,-67,0,433,433,3,0,0,0,0
436579587,NODE_F42DC973E618,child,2,B0:CB:D8:F3:32:19,-67,0,433,433,3,0,0,0,0
436679591,NODE_F42DC973E618,child,2,B0:CB:D8:F3:32:19,-67,0,433,433,3,0,0,0,0
436779589,NODE_F42DC973E618,child,2,B0:CB:D8:F3:32:19,-67,0,433,433,3,0,0,0,0
436879591,NODE_F42DC973E618,child,2,B0:CB:D8:F3:32:19,-67,0,434,434,3,0,0,0,0
436979591,NODE_F42DC973E618,child,2,B0:CB:D8:F3:32:19,-67,0,434,434,3,0,0,0,0
437079593,NODE_F42DC973E618,child,2,B0:CB:D8:F3:32:19,-67,0,434,434,3,0,0,0,0
437179587,NODE_F42DC973E618,child,2,B0:CB:D8:F3:32:19,-67,0,434,434,3,0,0,0,0
437279587,NODE_F42DC973E618,child,2,B0:CB:D8:F3:32:19,-67,0,434,434,3,0,0,0,0
437379597,NODE_F42DC973E618,child,2,B0:CB:D8:F3:32:19,-67,0,434,434,3,0,0,0,0
437479587,NODE_F42DC973E618,child,2,B0:CB:D8:F3:32:19,-67,0,434,434,3,0,0,0,0
437579587,NODE_F42DC973E618,child,2,B0:CB:D8:F3:32:19,-67,0,434,434,3,0,0,0,0
437679589,NODE_F42DC973E618,child,2,B0:CB:D8:F3:32:19,-67,0,434,434,3,0,0,0,0
437779587,NODE_F42DC973E618,child,2,B0:CB:D8:F3:32:19,-67,0,434,434,3,0,0,0,0
437879587,NODE_F42DC973E618,child,2,B0:CB:D8:F3:32:19,-67,0,435,435,3,0,0,0,0
437979593,NODE_F42DC973E618,child,2,B0:CB:D8:F3:32:19,-67,0,435,435,3,0,0,0,0
438079595,NODE_F42DC973E618,child,2,B0:CB:D8:F3:32:19,-67,0,435,435,3,0,0,0,0
438179587,NODE_F42DC973E618,child,2,B0:CB:D8:F3:32:19,-67,0,435,435,3,0,0,0,0
438279597,NODE_F42DC973E618,child,2,B0:CB:D8:F3:32:19,-67,0,435,435,3,0,0,0,0
438379587,NODE_F42DC973E618,child,2,B0:CB:D8:F3:32:19,-67,0,435,435,3,0,0,0,0
438479587,NODE_F42DC973E618,child,2,B0:CB:D8:F3:32:19,-67,0,435,435,3,0,0,0,0
438579589,NODE_F42DC973E618,child,2,B0:CB:D8:F3:32:19,-67,0,435,435,3,0,0,0,0
438679591,NODE_F42DC973E618,child,2,B0:CB:D8:F3:32:19,-67,0,435,435,3,0,0,0,0
438779587,NODE_F42DC973E618,child,2,B0:CB:D8:F3:32:19,-67,0,435,435,3,0,0,0,0
438879593,NODE_F42DC973E618,child,2,B0:CB:D8:F3:32:19,-67,0,436,436,3,0,0,0,0
438979587,NODE_F42DC973E618,child,2,B0:CB:D8:F3:32:19,-67,0,436,436,3,0,0,0,0
439079587,NODE_F42DC973E618,child,2,B0:CB:D8:F3:32:19,-67,0,436,436,3,0,0,0,0
439179593,NODE_F42DC973E618,child,2,B0:CB:D8:F3:32:19,-67,0,436,436,3,0,0,0,0
439279583,NODE_F42DC973E618,child,2,B0:CB:D8:F3:32:19,-67,0,436,436,3,0,0,0,0
439379610,NODE_F42DC973E618,child,2,B0:CB:D8:F3:32:19,-67,0,436,436,3,0,0,0,0
439479589,NODE_F42DC973E618,child,2,B0:CB:D8:F3:32:19,-67,0,436,436,3,0,0,0,0
439579587,NODE_F42DC973E618,child,2,B0:CB:D8:F3:32:19,-67,0,436,436,3,0,0,0,0
439679587,NODE_F42DC973E618,child,2,B0:CB:D8:F3:32:19,-67,0,436,436,3,0,0,0,0
439779589,NODE_F42DC973E618,child,2,B0:CB:D8:F3:32:19,-67,0,436,436,3,0,0,0,0
439879591,NODE_F42DC973E618,child,2,B0:CB:D8:F3:32:19,-67,0,437,437,3,0,0,0,0
439979885,NODE_F42DC973E618,child,2,B0:CB:D8:F3:32:19,-67,0,437,437,3,0,0,0,0
440079593,NODE_F42DC973E618,child,2,B0:CB:D8:F3:32:19,-67,0,437,437,3,0,0,0,0
440179591,NODE_F42DC973E618,child,2,B0:CB:D8:F3:32:19,-67,0,437,437,3,0,0,0,0
440279587,NODE_F42DC973E618,child,2,B0:CB:D8:F3:32:19,-67,0,437,437,3,0,0,0,0
440379597,NODE_F42DC973E618,child,2,B0:CB:D8:F3:32:19,-67,0,437,437,3,0,0,0,0
440479587,NODE_F42DC973E618,child,2,B0:CB:D8:F3:32:19,-67,0,437,437,3,0,0,0,0
440579591,NODE_F42DC973E618,child,2,B0:CB:D8:F3:32:19,-67,0,437,437,3,0,0,0,0
440679589,NODE_F42DC973E618,child,2,B0:CB:D8:F3:32:19,-67,0,437,437,3,0,0,0,0
440779587,NODE_F42DC973E618,child,2,B0:CB:D8:F3:32:19,-67,0,437,437,3,0,0,0,0
440879591,NODE_F42DC973E618,child,2,B0:CB:D8:F3:32:19,-67,0,438,438,3,0,0,0,0
440979589,NODE_F42DC973E618,child,2,B0:CB:D8:F3:32:19,-67,0,438,438,3,0,0,0,0
441079587,NODE_F42DC973E618,child,2,B0:CB:D8:F3:32:19,-67,0,438,438,3,0,0,0,0
441179595,NODE_F42DC973E618,child,2,B0:CB:D8:F3:32:19,-67,0,438,438,3,0,0,0,0
441279589,NODE_F42DC973E618,child,2,B0:CB:D8:F3:32:19,-67,0,438,438,3,0,0,0,0
441379595,NODE_F42DC973E618,child,2,B0:CB:D8:F3:32:19,-67,0,438,438,3,0,0,0,0
441479587,NODE_F42DC973E618,child,2,B0:CB:D8:F3:32:19,-67,0,438,438,3,0,0,0,0
441579589,NODE_F42DC973E618,child,2,B0:CB:D8:F3:32:19,-67,0,438,438,3,0,0,0,0
441679587,NODE_F42DC973E618,child,2,B0:CB:D8:F3:32:19,-67,0,438,438,3,0,0,0,0
441779587,NODE_F42DC973E618,child,2,B0:CB:D8:F3:32:19,-67,0,438,438,3,0,0,0,0
441879597,NODE_F42DC973E618,child,2,B0:CB:D8:F3:32:19,-67,0,439,439,3,0,0,0,0
441979587,NODE_F42DC973E618,child,2,B0:CB:D8:F3:32:19,-67,0,439,439,3,0,0,0,0
442079587,NODE_F42DC973E618,child,2,B0:CB:D8:F3:32:19,-67,0,439,439,3,0,0,0,0
442179593,NODE_F42DC973E618,child,2,B0:CB:D8:F3:32:19,-67,0,439,439,3,0,0,0,0
442279587,NODE_F42DC973E618,child,2,B0:CB:D8:F3:32:19,-67,0,439,439,3,0,0,0,0
442379595,NODE_F42DC973E618,child,2,B0:CB:D8:F3:32:19,-66,0,439,439,3,0,0,0,0
442479589,NODE_F42DC973E618,child,2,B0:CB:D8:F3:32:19,-66,0,439,439,3,0,0,0,0
442579591,NODE_F42DC973E618,child,2,B0:CB:D8:F3:32:19,-66,0,439,439,3,0,0,0,0
442679587,NODE_F42DC973E618,child,2,B0:CB:D8:F3:32:19,-66,0,439,439,3,0,0,0,0
442779589,NODE_F42DC973E618,child,2,B0:CB:D8:F3:32:19,-66,0,439,439,3,0,0,0,0
442879591,NODE_F42DC973E618,child,2,B0:CB:D8:F3:32:19,-66,0,440,440,3,0,0,0,0
442979694,NODE_F42DC973E618,child,2,B0:CB:D8:F3:32:19,-66,0,440,440,3,0,0,0,0
443079589,NODE_F42DC973E618,child,2,B0:CB:D8:F3:32:19,-66,0,440,440,3,0,0,0,0
443180021,NODE_F42DC973E618,child,2,B0:CB:D8:F3:32:19,-66,0,440,440,3,0,0,0,0
443279587,NODE_F42DC973E618,child,2,B0:CB:D8:F3:32:19,-66,0,440,440,3,0,0,0,0
443379589,NODE_F42DC973E618,child,2,B0:CB:D8:F3:32:19,-66,0,440,440,3,0,0,0,0
443479595,NODE_F42DC973E618,child,2,B0:CB:D8:F3:32:19,-66,0,440,440,3,0,0,0,0
443579587,NODE_F42DC973E618,child,2,B0:CB:D8:F3:32:19,-66,0,440,440,3,0,0,0,0
443679589,NODE_F42DC973E618,child,2,B0:CB:D8:F3:32:19,-66,0,440,440,3,0,0,0,0
443779587,NODE_F42DC973E618,child,2,B0:CB:D8:F3:32:19,-66,0,440,440,3,0,0,0,0
443879595,NODE_F42DC973E618,child,2,B0:CB:D8:F3:32:19,-66,0,441,441,3,0,0,0,0
443979589,NODE_F42DC973E618,child,2,B0:CB:D8:F3:32:19,-66,0,441,441,3,0,0,0,0
444079587,NODE_F42DC973E618,child,2,B0:CB:D8:F3:32:19,-66,0,441,441,3,0,0,0,0
444179587,NODE_F42DC973E618,child,2,B0:CB:D8:F3:32:19,-66,0,441,441,3,0,0,0,0
444279589,NODE_F42DC973E618,child,2,B0:CB:D8:F3:32:19,-66,0,441,441,3,0,0,0,0
444379591,NODE_F42DC973E618,child,2,B0:CB:D8:F3:32:19,-66,0,441,441,3,0,0,0,0
444479595,NODE_F42DC973E618,child,2,B0:CB:D8:F3:32:19,-66,0,441,441,3,0,0,0,0
444579593,NODE_F42DC973E618,child,2,B0:CB:D8:F3:32:19,-66,0,441,441,3,0,0,0,0
444679587,NODE_F42DC973E618,child,2,B0:CB:D8:F3:32:19,-66,0,441,441,3,0,0,0,0
444779587,NODE_F42DC973E618,child,2,B0:CB:D8:F3:32:19,-66,0,441,441,3,0,0,0,0
444879593,NODE_F42DC973E618,child,2,B0:CB:D8:F3:32:19,-66,0,442,442,3,0,0,0,0
444979587,NODE_F42DC973E618,child,2,B0:CB:D8:F3:32:19,-66,0,442,442,3,0,0,0,0
445079587,NODE_F42DC973E618,child,2,B0:CB:D8:F3:32:19,-66,0,442,442,3,0,0,0,0
445179593,NODE_F42DC973E618,child,2,B0:CB:D8:F3:32:19,-66,0,442,442,3,0,0,0,0
445279591,NODE_F42DC973E618,child,2,B0:CB:D8:F3:32:19,-66,0,442,442,3,0,0,0,0
445379587,NODE_F42DC973E618,child,2,B0:CB:D8:F3:32:19,-66,0,442,442,3,0,0,0,0
445479597,NODE_F42DC973E618,child,2,B0:CB:D8:F3:32:19,-65,0,442,442,3,0,0,0,0
445579587,NODE_F42DC973E618,child,2,B0:CB:D8:F3:32:19,-65,0,442,442,3,0,0,0,0
445679587,NODE_F42DC973E618,child,2,B0:CB:D8:F3:32:19,-65,0,442,442,3,0,0,0,0
445779589,NODE_F42DC973E618,child,2,B0:CB:D8:F3:32:19,-65,0,442,442,3,0,0,0,0
445879595,NODE_F42DC973E618,child,2,B0:CB:D8:F3:32:19,-65,0,443,443,3,0,0,0,0
445979587,NODE_F42DC973E618,child,2,B0:CB:D8:F3:32:19,-65,0,443,443,3,0,0,0,0
446079593,NODE_F42DC973E618,child,2,B0:CB:D8:F3:32:19,-65,0,443,443,3,0,0,0,0
446179587,NODE_F42DC973E618,child,2,B0:CB:D8:F3:32:19,-65,0,443,443,3,0,0,0,0
446279591,NODE_F42DC973E618,child,2,B0:CB:D8:F3:32:19,-65,0,443,443,3,0,0,0,0
446379589,NODE_F42DC973E618,child,2,B0:CB:D8:F3:32:19,-65,0,443,443,3,0,0,0,0
446479595,NODE_F42DC973E618,child,2,B0:CB:D8:F3:32:19,-67,0,443,443,3,0,0,0,0
446579591,NODE_F42DC973E618,child,2,B0:CB:D8:F3:32:19,-67,0,443,443,3,0,0,0,0
446679589,NODE_F42DC973E618,child,2,B0:CB:D8:F3:32:19,-67,0,443,443,3,0,0,0,0
446779587,NODE_F42DC973E618,child,2,B0:CB:D8:F3:32:19,-67,0,443,443,3,0,0,0,0
446879591,NODE_F42DC973E618,child,2,B0:CB:D8:F3:32:19,-67,0,444,444,3,0,0,0,0
446979589,NODE_F42DC973E618,child,2,B0:CB:D8:F3:32:19,-67,0,444,444,3,0,0,0,0
447079587,NODE_F42DC973E618,child,2,B0:CB:D8:F3:32:19,-67,0,444,444,3,0,0,0,0
447179591,NODE_F42DC973E618,child,2,B0:CB:D8:F3:32:19,-67,0,444,444,3,0,0,0,0
447279589,NODE_F42DC973E618,child,2,B0:CB:D8:F3:32:19,-67,0,444,444,3,0,0,0,0
447379587,NODE_F42DC973E618,child,2,B0:CB:D8:F3:32:19,-67,0,444,444,3,0,0,0,0
447479587,NODE_F42DC973E618,child,2,B0:CB:D8:F3:32:19,-67,0,444,444,3,0,0,0,0
447579597,NODE_F42DC973E618,child,2,B0:CB:D8:F3:32:19,-66,0,444,444,3,0,0,0,0
447679587,NODE_F42DC973E618,child,2,B0:CB:D8:F3:32:19,-66,0,444,444,3,0,0,0,0
447779587,NODE_F42DC973E618,child,2,B0:CB:D8:F3:32:19,-66,0,444,444,3,0,0,0,0
447879597,NODE_F42DC973E618,child,2,B0:CB:D8:F3:32:19,-66,0,445,445,3,0,0,0,0
447979587,NODE_F42DC973E618,child,2,B0:CB:D8:F3:32:19,-66,0,445,445,3,0,0,0,0
448079587,NODE_F42DC973E618,child,2,B0:CB:D8:F3:32:19,-66,0,445,445,3,0,0,0,0
448179589,NODE_F42DC973E618,child,2,B0:CB:D8:F3:32:19,-66,0,445,445,3,0,0,0,0
448279587,NODE_F42DC973E618,child,2,B0:CB:D8:F3:32:19,-66,0,445,445,3,0,0,0,0
448379591,NODE_F42DC973E618,child,2,B0:CB:D8:F3:32:19,-66,0,445,445,3,0,0,0,0
448479589,NODE_F42DC973E618,child,2,B0:CB:D8:F3:32:19,-66,0,445,445,3,0,0,0,0
448579599,NODE_F42DC973E618,child,2,B0:CB:D8:F3:32:19,-68,0,445,445,3,0,0,0,0
448679587,NODE_F42DC973E618,child,2,B0:CB:D8:F3:32:19,-68,0,445,445,3,0,0,0,0
448779589,NODE_F42DC973E618,child,2,B0:CB:D8:F3:32:19,-68,0,445,445,3,0,0,0,0
448879591,NODE_F42DC973E618,child,2,B0:CB:D8:F3:32:19,-68,0,446,446,3,0,0,0,0
448979587,NODE_F42DC973E618,child,2,B0:CB:D8:F3:32:19,-68,0,446,446,3,0,0,0,0
449079593,NODE_F42DC973E618,child,2,B0:CB:D8:F3:32:19,-68,0,446,446,3,0,0,0,0
449179591,NODE_F42DC973E618,child,2,B0:CB:D8:F3:32:19,-68,0,446,446,3,0,0,0,0
449279583,NODE_F42DC973E618,child,2,B0:CB:D8:F3:32:19,-68,0,446,446,3,0,0,0,0
449379593,NODE_F42DC973E618,child,2,B0:CB:D8:F3:32:19,-68,0,446,446,3,0,0,0,0
449479587,NODE_F42DC973E618,child,2,B0:CB:D8:F3:32:19,-68,0,446,446,3,0,0,0,0
449579595,NODE_F42DC973E618,child,2,B0:CB:D8:F3:32:19,-66,0,446,446,3,0,0,0,0
449679589,NODE_F42DC973E618,child,2,B0:CB:D8:F3:32:19,-66,0,446,446,3,0,0,0,0
449779587,NODE_F42DC973E618,child,2,B0:CB:D8:F3:32:19,-66,0,446,446,3,0,0,0,0
449879595,NODE_F42DC973E618,child,2,B0:CB:D8:F3:32:19,-66,0,447,447,3,0,0,0,0
449979589,NODE_F42DC973E618,child,2,B0:CB:D8:F3:32:19,-66,0,447,447,3,0,0,0,0
450079587,NODE_F42DC973E618,child,2,B0:CB:D8:F3:32:19,-66,0,447,447,3,0,0,0,0
450179587,NODE_F42DC973E618,child,2,B0:CB:D8:F3:32:19,-66,0,447,447,3,0,0,0,0
450279589,NODE_F42DC973E618,child,2,B0:CB:D8:F3:32:19,-66,0,447,447,3,0,0,0,0
450379591,NODE_F42DC973E618,child,2,B0:CB:D8:F3:32:19,-66,0,447,447,3,0,0,0,0
450479587,NODE_F42DC973E618,child,2,B0:CB:D8:F3:32:19,-66,0,447,447,3,0,0,0,0
450579601,NODE_F42DC973E618,child,2,B0:CB:D8:F3:32:19,-66,0,447,447,3,0,0,0,0
450679587,NODE_F42DC973E618,child,2,B0:CB:D8:F3:32:19,-66,0,447,447,3,0,0,0,0
450779587,NODE_F42DC973E618,child,2,B0:CB:D8:F3:32:19,-66,0,447,447,3,0,0,0,0
450879593,NODE_F42DC973E618,child,2,B0:CB:D8:F3:32:19,-66,0,448,448,3,0,0,0,0
450979587,NODE_F42DC973E618,child,2,B0:CB:D8:F3:32:19,-66,0,448,448,3,0,0,0,0
451079587,NODE_F42DC973E618,child,2,B0:CB:D8:F3:32:19,-66,0,448,448,3,0,0,0,0
451179593,NODE_F42DC973E618,child,2,B0:CB:D8:F3:32:19,-66,0,448,448,3,0,0,0,0
451279588,NODE_F42DC973E618,child,2,B0:CB:D8:F3:32:19,-66,0,448,448,3,0,0,0,0
451379591,NODE_F42DC973E618,child,2,B0:CB:D8:F3:32:19,-66,0,448,448,3,0,0,0,0
451479589,NODE_F42DC973E618,child,2,B0:CB:D8:F3:32:19,-66,0,448,448,3,0,0,0,0
451579587,NODE_F42DC973E618,child,2,B0:CB:D8:F3:32:19,-66,0,448,448,3,0,0,0,0
451679599,NODE_F42DC973E618,child,2,B0:CB:D8:F3:32:19,-68,0,448,448,3,0,0,0,0
451779585,NODE_F42DC973E618,child,2,B0:CB:D8:F3:32:19,-68,0,448,448,3,0,0,0,0
451879591,NODE_F42DC973E618,child,2,B0:CB:D8:F3:32:19,-68,0,449,449,3,0,0,0,0
451979587,NODE_F42DC973E618,child,2,B0:CB:D8:F3:32:19,-68,0,449,449,3,0,0,0,0
452079593,NODE_F42DC973E618,child,2,B0:CB:D8:F3:32:19,-68,0,449,449,3,0,0,0,0
452179587,NODE_F42DC973E618,child,2,B0:CB:D8:F3:32:19,-68,0,449,449,3,0,0,0,0
452279591,NODE_F42DC973E618,child,2,B0:CB:D8:F3:32:19,-68,0,449,449,3,0,0,0,0
452379593,NODE_F42DC973E618,child,2,B0:CB:D8:F3:32:19,-68,0,449,449,3,0,0,0,0
452479591,NODE_F42DC973E618,child,2,B0:CB:D8:F3:32:19,-68,0,449,449,3,0,0,0,0
452579587,NODE_F42DC973E618,child,2,B0:CB:D8:F3:32:19,-68,0,449,449,3,0,0,0,0
452679597,NODE_F42DC973E618,child,2,B0:CB:D8:F3:32:19,-66,0,449,449,3,0,0,0,0
452779587,NODE_F42DC973E618,child,2,B0:CB:D8:F3:32:19,-66,0,449,449,3,0,0,0,0
452879591,NODE_F42DC973E618,child,2,B0:CB:D8:F3:32:19,-66,0,450,450,3,0,0,0,0
452979589,NODE_F42DC973E618,child,2,B0:CB:D8:F3:32:19,-66,0,450,450,3,0,0,0,0
453079591,NODE_F42DC973E618,child,2,B0:CB:D8:F3:32:19,-66,0,450,450,3,0,0,0,0
453179591,NODE_F42DC973E618,child,2,B0:CB:D8:F3:32:19,-66,0,450,450,3,0,0,0,0
453279589,NODE_F42DC973E618,child,2,B0:CB:D8:F3:32:19,-66,0,450,450,3,0,0,0,0
453379587,NODE_F42DC973E618,child,2,B0:CB:D8:F3:32:19,-66,0,450,450,3,0,0,0,0
453479591,NODE_F42DC973E618,child,2,B0:CB:D8:F3:32:19,-66,0,450,450,3,0,0,0,0
453579589,NODE_F42DC973E618,child,2,B0:CB:D8:F3:32:19,-66,0,450,450,3,0,0,0,0
453679599,NODE_F42DC973E618,child,2,B0:CB:D8:F3:32:19,-66,0,450,450,3,0,0,0,0
453779587,NODE_F42DC973E618,child,2,B0:CB:D8:F3:32:19,-66,0,450,450,3,0,0,0,0
453879593,NODE_F42DC973E618,child,2,B0:CB:D8:F3:32:19,-66,0,451,451,3,0,0,0,0
453979587,NODE_F42DC973E618,child,2,B0:CB:D8:F3:32:19,-66,0,451,451,3,0,0,0,0
454079587,NODE_F42DC973E618,child,2,B0:CB:D8:F3:32:19,-66,0,451,451,3,0,0,0,0
454179589,NODE_F42DC973E618,child,2,B0:CB:D8:F3:32:19,-66,0,451,451,3,0,0,0,0
454279587,NODE_F42DC973E618,child,2,B0:CB:D8:F3:32:19,-66,0,451,451,3,0,0,0,0
454379591,NODE_F42DC973E618,child,2,B0:CB:D8:F3:32:19,-66,0,451,451,3,0,0,0,0
454479593,NODE_F42DC973E618,child,2,B0:CB:D8:F3:32:19,-66,0,451,451,3,0,0,0,0
454579587,NODE_F42DC973E618,child,2,B0:CB:D8:F3:32:19,-66,0,451,451,3,0,0,0,0
454679595,NODE_F42DC973E618,child,2,B0:CB:D8:F3:32:19,-63,0,451,451,3,0,0,0,0
454779589,NODE_F42DC973E618,child,2,B0:CB:D8:F3:32:19,-63,0,451,451,3,0,0,0,0
454879591,NODE_F42DC973E618,child,2,B0:CB:D8:F3:32:19,-63,0,452,452,3,0,0,0,0
454979587,NODE_F42DC973E618,child,2,B0:CB:D8:F3:32:19,-63,0,452,452,3,0,0,0,0
455079597,NODE_F42DC973E618,child,2,B0:CB:D8:F3:32:19,-63,0,452,452,3,0,0,0,0
455179587,NODE_F42DC973E618,child,2,B0:CB:D8:F3:32:19,-63,0,452,452,3,0,0,0,0
455279583,NODE_F42DC973E618,child,2,B0:CB:D8:F3:32:19,-63,0,452,452,3,0,0,0,0
455379589,NODE_F42DC973E618,child,2,B0:CB:D8:F3:32:19,-63,0,452,452,3,0,0,0,0
455479591,NODE_F42DC973E618,child,2,B0:CB:D8:F3:32:19,-63,0,452,452,3,0,0,0,0
455579587,NODE_F42DC973E618,child,2,B0:CB:D8:F3:32:19,-63,0,452,452,3,0,0,0,0
455679601,NODE_F42DC973E618,child,2,B0:CB:D8:F3:32:19,-63,0,452,452,3,0,0,0,0
455779591,NODE_F42DC973E618,child,2,B0:CB:D8:F3:32:19,-63,0,452,452,3,0,0,0,0
455879591,NODE_F42DC973E618,child,2,B0:CB:D8:F3:32:19,-63,0,453,453,3,0,0,0,0
455979589,NODE_F42DC973E618,child,2,B0:CB:D8:F3:32:19,-63,0,453,453,3,0,0,0,0
456079587,NODE_F42DC973E618,child,2,B0:CB:D8:F3:32:19,-63,0,453,453,3,0,0,0,0
456179587,NODE_F42DC973E618,child,2,B0:CB:D8:F3:32:19,-63,0,453,453,3,0,0,0,0
456279589,NODE_F42DC973E618,child,2,B0:CB:D8:F3:32:19,-63,0,453,453,3,0,0,0,0
456379591,NODE_F42DC973E618,child,2,B0:CB:D8:F3:32:19,-63,0,453,453,3,0,0,0,0
456479587,NODE_F42DC973E618,child,2,B0:CB:D8:F3:32:19,-63,0,453,453,3,0,0,0,0
456579593,NODE_F42DC973E618,child,2,B0:CB:D8:F3:32:19,-63,0,453,453,3,0,0,0,0
456679587,NODE_F42DC973E618,child,2,B0:CB:D8:F3:32:19,-63,0,453,453,3,0,0,0,0
456779595,NODE_F42DC973E618,child,2,B0:CB:D8:F3:32:19,-64,0,453,453,3,0,0,0,0
456879593,NODE_F42DC973E618,child,2,B0:CB:D8:F3:32:19,-64,0,454,454,3,0,0,0,0
456979587,NODE_F42DC973E618,child,2,B0:CB:D8:F3:32:19,-64,0,454,454,3,0,0,0,0
457079591,NODE_F42DC973E618,child,2,B0:CB:D8:F3:32:19,-64,0,454,454,3,0,0,0,0
457179589,NODE_F42DC973E618,child,2,B0:CB:D8:F3:32:19,-64,0,454,454,3,0,0,0,0
457279587,NODE_F42DC973E618,child,2,B0:CB:D8:F3:32:19,-64,0,454,454,3,0,0,0,0
457379587,NODE_F42DC973E618,child,2,B0:CB:D8:F3:32:19,-64,0,454,454,3,0,0,0,0
457479589,NODE_F42DC973E618,child,2,B0:CB:D8:F3:32:19,-64,0,454,454,3,0,0,0,0
457579591,NODE_F42DC973E618,child,2,B0:CB:D8:F3:32:19,-64,0,454,454,3,0,0,0,0
457679591,NODE_F42DC973E618,child,2,B0:CB:D8:F3:32:19,-64,0,454,454,3,0,0,0,0
457779597,NODE_F42DC973E618,child,2,B0:CB:D8:F3:32:19,-65,0,454,454,3,0,0,0,0
457879591,NODE_F42DC973E618,child,2,B0:CB:D8:F3:32:19,-65,0,455,455,3,0,0,0,0
457979587,NODE_F42DC973E618,child,2,B0:CB:D8:F3:32:19,-65,0,455,455,3,0,0,0,0
458079593,NODE_F42DC973E618,child,2,B0:CB:D8:F3:32:19,-65,0,455,455,3,0,0,0,0
458179591,NODE_F42DC973E618,child,2,B0:CB:D8:F3:32:19,-65,0,455,455,3,0,0,0,0
458279580,NODE_F42DC973E618,child,2,B0:CB:D8:F3:32:19,-65,0,455,455,3,0,0,0,0
458379593,NODE_F42DC973E618,child,2,B0:CB:D8:F3:32:19,-65,0,455,455,3,0,0,0,0
458479587,NODE_F42DC973E618,child,2,B0:CB:D8:F3:32:19,-65,0,455,455,3,0,0,0,0
458579591,NODE_F42DC973E618,child,2,B0:CB:D8:F3:32:19,-65,0,455,455,3,0,0,0,0
458679589,NODE_F42DC973E618,child,2,B0:CB:D8:F3:32:19,-65,0,455,455,3,0,0,0,0
458779595,NODE_F42DC973E618,child,2,B0:CB:D8:F3:32:19,-63,0,455,455,3,0,0,0,0
458879591,NODE_F42DC973E618,child,2,B0:CB:D8:F3:32:19,-63,0,456,456,3,0,0,0,0
458979589,NODE_F42DC973E618,child,2,B0:CB:D8:F3:32:19,-63,0,456,456,3,0,0,0,0
459079591,NODE_F42DC973E618,child,2,B0:CB:D8:F3:32:19,-63,0,456,456,3,0,0,0,0
459179587,NODE_F42DC973E618,child,2,B0:CB:D8:F3:32:19,-63,0,456,456,3,0,0,0,0
459279589,NODE_F42DC973E618,child,2,B0:CB:D8:F3:32:19,-63,0,456,456,3,0,0,0,0
459379587,NODE_F42DC973E618,child,2,B0:CB:D8:F3:32:19,-63,0,456,456,3,0,0,0,0
459479587,NODE_F42DC973E618,child,2,B0:CB:D8:F3:32:19,-63,0,456,456,3,0,0,0,0
459579593,NODE_F42DC973E618,child,2,B0:CB:D8:F3:32:19,-63,0,456,456,3,0,0,0,0
459679591,NODE_F42DC973E618,child,2,B0:CB:D8:F3:32:19,-63,0,456,456,3,0,0,0,0
459779595,NODE_F42DC973E618,child,2,B0:CB:D8:F3:32:19,-64,0,456,456,3,0,0,0,0
459879589,NODE_F42DC973E618,child,2,B0:CB:D8:F3:32:19,-64,0,456,456,3,0,0,0,0
459979591,NODE_F42DC973E618,child,2,B0:CB:D8:F3:32:19,-64,0,457,457,3,0,0,0,0
460079587,NODE_F42DC973E618,child,2,B0:CB:D8:F3:32:19,-64,0,457,457,3,0,0,0,0
460179589,NODE_F42DC973E618,child,2,B0:CB:D8:F3:32:19,-64,0,457,457,3,0,0,0,0
460279587,NODE_F42DC973E618,child,2,B0:CB:D8:F3:32:19,-64,0,457,457,3,0,0,0,0
460379591,NODE_F42DC973E618,child,2,B0:CB:D8:F3:32:19,-64,0,457,457,3,0,0,0,0
460479589,NODE_F42DC973E618,child,2,B0:CB:D8:F3:32:19,-64,0,457,457,3,0,0,0,0
460579587,NODE_F42DC973E618,child,2,B0:CB:D8:F3:32:19,-64,0,457,457,3,0,0,0,0
460679591,NODE_F42DC973E618,child,2,B0:CB:D8:F3:32:19,-64,0,457,457,3,0,0,0,0
460779577,NODE_F42DC973E618,child,2,B0:CB:D8:F3:32:19,-64,0,457,457,3,0,0,0,0
460879595,NODE_F42DC973E618,child,2,B0:CB:D8:F3:32:19,-64,0,457,457,3,0,0,0,0
460979591,NODE_F42DC973E618,child,2,B0:CB:D8:F3:32:19,-64,0,458,458,3,0,0,0,0
461079597,NODE_F42DC973E618,child,2,B0:CB:D8:F3:32:19,-64,0,458,458,3,0,0,0,0
461179587,NODE_F42DC973E618,child,2,B0:CB:D8:F3:32:19,-64,0,458,458,3,0,0,0,0
461279583,NODE_F42DC973E618,child,2,B0:CB:D8:F3:32:19,-64,0,458,458,3,0,0,0,0
461379589,NODE_F42DC973E618,child,2,B0:CB:D8:F3:32:19,-64,0,458,458,3,0,0,0,0
461479583,NODE_F42DC973E618,child,2,B0:CB:D8:F3:32:19,-64,0,458,458,3,0,0,0,0
461579591,NODE_F42DC973E618,child,2,B0:CB:D8:F3:32:19,-64,0,458,458,3,0,0,0,0
461679593,NODE_F42DC973E618,child,2,B0:CB:D8:F3:32:19,-64,0,458,458,3,0,0,0,0
461779587,NODE_F42DC973E618,child,2,B0:CB:D8:F3:32:19,-64,0,458,458,3,0,0,0,0
461879595,NODE_F42DC973E618,child,2,B0:CB:D8:F3:32:19,-65,0,458,458,3,0,0,0,0
461979593,NODE_F42DC973E618,child,2,B0:CB:D8:F3:32:19,-65,0,459,459,3,0,0,0,0
462079587,NODE_F42DC973E618,child,2,B0:CB:D8:F3:32:19,-65,0,459,459,3,0,0,0,0
462179591,NODE_F42DC973E618,child,2,B0:CB:D8:F3:32:19,-65,0,459,459,3,0,0,0,0
462279589,NODE_F42DC973E618,child,2,B0:CB:D8:F3:32:19,-65,0,459,459,3,0,0,0,0
462379587,NODE_F42DC973E618,child,2,B0:CB:D8:F3:32:19,-65,0,459,459,3,0,0,0,0
462479587,NODE_F42DC973E618,child,2,B0:CB:D8:F3:32:19,-65,0,459,459,3,0,0,0,0
462579589,NODE_F42DC973E618,child,2,B0:CB:D8:F3:32:19,-65,0,459,459,3,0,0,0,0
462679591,NODE_F42DC973E618,child,2,B0:CB:D8:F3:32:19,-65,0,459,459,3,0,0,0,0
462779587,NODE_F42DC973E618,child,2,B0:CB:D8:F3:32:19,-65,0,459,459,3,0,0,0,0
462879601,NODE_F42DC973E618,child,2,B0:CB:D8:F3:32:19,-64,0,459,459,3,0,0,0,0
462979591,NODE_F42DC973E618,child,2,B0:CB:D8:F3:32:19,-64,0,460,460,3,0,0,0,0
463079587,NODE_F42DC973E618,child,2,B0:CB:D8:F3:32:19,-64,0,460,460,3,0,0,0,0
463179589,NODE_F42DC973E618,child,2,B0:CB:D8:F3:32:19,-64,0,460,460,3,0,0,0,0
463279587,NODE_F42DC973E618,child,2,B0:CB:D8:F3:32:19,-64,0,460,460,3,0,0,0,0
463379587,NODE_F42DC973E618,child,2,B0:CB:D8:F3:32:19,-64,0,460,460,3,0,0,0,0
463479585,NODE_F42DC973E618,child,2,B0:CB:D8:F3:32:19,-64,0,460,460,3,0,0,0,0
463579591,NODE_F42DC973E618,child,2,B0:CB:D8:F3:32:19,-64,0,460,460,3,0,0,0,0
463679591,NODE_F42DC973E618,child,2,B0:CB:D8:F3:32:19,-64,0,460,460,3,0,0,0,0
463779589,NODE_F42DC973E618,child,2,B0:CB:D8:F3:32:19,-64,0,460,460,3,0,0,0,0
463879595,NODE_F42DC973E618,child,2,B0:CB:D8:F3:32:19,-63,0,460,460,3,0,0,0,0
463979633,NODE_F42DC973E618,child,2,B0:CB:D8:F3:32:19,-63,0,461,461,3,0,0,0,0
464079593,NODE_F42DC973E618,child,2,B0:CB:D8:F3:32:19,-63,0,461,461,3,0,0,0,0
464179591,NODE_F42DC973E618,child,2,B0:CB:D8:F3:32:19,-63,0,461,461,3,0,0,0,0
464279583,NODE_F42DC973E618,child,2,B0:CB:D8:F3:32:19,-63,0,461,461,3,0,0,0,0
464379589,NODE_F42DC973E618,child,2,B0:CB:D8:F3:32:19,-63,0,461,461,3,0,0,0,0
464479583,NODE_F42DC973E618,child,2,B0:CB:D8:F3:32:19,-63,0,461,461,3,0,0,0,0
464579587,NODE_F42DC973E618,child,2,B0:CB:D8:F3:32:19,-63,0,461,461,3,0,0,0,0
464679589,NODE_F42DC973E618,child,2,B0:CB:D8:F3:32:19,-63,0,461,461,3,0,0,0,0
464779591,NODE_F42DC973E618,child,2,B0:CB:D8:F3:32:19,-63,0,461,461,3,0,0,0,0
464879591,NODE_F42DC973E618,child,2,B0:CB:D8:F3:32:19,-63,0,461,461,3,0,0,0,0
464979597,NODE_F42DC973E618,child,2,B0:CB:D8:F3:32:19,-64,0,462,462,3,0,0,0,0
465079587,NODE_F42DC973E618,child,2,B0:CB:D8:F3:32:19,-64,0,462,462,3,0,0,0,0
465179587,NODE_F42DC973E618,child,2,B0:CB:D8:F3:32:19,-64,0,462,462,3,0,0,0,0
465279589,NODE_F42DC973E618,child,2,B0:CB:D8:F3:32:19,-64,0,462,462,3,0,0,0,0
465379591,NODE_F42DC973E618,child,2,B0:CB:D8:F3:32:19,-64,0,462,462,3,0,0,0,0
465479587,NODE_F42DC973E618,child,2,B0:CB:D8:F3:32:19,-64,0,462,462,3,0,0,0,0
465579593,NODE_F42DC973E618,child,2,B0:CB:D8:F3:32:19,-64,0,462,462,3,0,0,0,0
465679587,NODE_F42DC973E618,child,2,B0:CB:D8:F3:32:19,-64,0,462,462,3,0,0,0,0
465779591,NODE_F42DC973E618,child,2,B0:CB:D8:F3:32:19,-64,0,462,462,3,0,0,0,0
465879589,NODE_F42DC973E618,child,2,B0:CB:D8:F3:32:19,-64,0,462,462,3,0,0,0,0
465979595,NODE_F42DC973E618,child,2,B0:CB:D8:F3:32:19,-64,0,463,463,3,0,0,0,0
466079587,NODE_F42DC973E618,child,2,B0:CB:D8:F3:32:19,-64,0,463,463,3,0,0,0,0
466179593,NODE_F42DC973E618,child,2,B0:CB:D8:F3:32:19,-64,0,463,463,3,0,0,0,0
466279587,NODE_F42DC973E618,child,2,B0:CB:D8:F3:32:19,-64,0,463,463,3,0,0,0,0
466379587,NODE_F42DC973E618,child,2,B0:CB:D8:F3:32:19,-64,0,463,463,3,0,0,0,0
466479589,NODE_F42DC973E618,child,2,B0:CB:D8:F3:32:19,-64,0,463,463,3,0,0,0,0
466579587,NODE_F42DC973E618,child,2,B0:CB:D8:F3:32:19,-64,0,463,463,3,0,0,0,0
466679587,NODE_F42DC973E618,child,2,B0:CB:D8:F3:32:19,-64,0,463,463,3,0,0,0,0
466779585,NODE_F42DC973E618,child,2,B0:CB:D8:F3:32:19,-64,0,463,463,3,0,0,0,0
466879591,NODE_F42DC973E618,child,2,B0:CB:D8:F3:32:19,-64,0,463,463,3,0,0,0,0
466979595,NODE_F42DC973E618,child,2,B0:CB:D8:F3:32:19,-64,0,464,464,3,0,0,0,0
467079589,NODE_F42DC973E618,child,2,B0:CB:D8:F3:32:19,-64,0,464,464,3,0,0,0,0
467179587,NODE_F42DC973E618,child,2,B0:CB:D8:F3:32:19,-64,0,464,464,3,0,0,0,0
467279579,NODE_F42DC973E618,child,2,B0:CB:D8:F3:32:19,-64,0,464,464,3,0,0,0,0
467379585,NODE_F42DC973E618,child,2,B0:CB:D8:F3:32:19,-64,0,464,464,3,0,0,0,0
467479579,NODE_F42DC973E618,child,2,B0:CB:D8:F3:32:19,-64,0,464,464,3,0,0,0,0
467579591,NODE_F42DC973E618,child,2,B0:CB:D8:F3:32:19,-64,0,464,464,3,0,0,0,0
467679585,NODE_F42DC973E618,child,2,B0:CB:D8:F3:32:19,-64,0,464,464,3,0,0,0,0
467779583,NODE_F42DC973E618,child,2,B0:CB:D8:F3:32:19,-64,0,464,464,3,0,0,0,0
467879583,NODE_F42DC973E618,child,2,B0:CB:D8:F3:32:19,-64,0,464,464,3,0,0,0,0
467979597,NODE_F42DC973E618,child,2,B0:CB:D8:F3:32:19,-64,0,465,465,3,0,0,0,0
468079587,NODE_F42DC973E618,child,2,B0:CB:D8:F3:32:19,-64,0,465,465,3,0,0,0,0
468179591,NODE_F42DC973E618,child,2,B0:CB:D8:F3:32:19,-64,0,465,465,3,0,0,0,0
468279581,NODE_F42DC973E618,child,2,B0:CB:D8:F3:32:19,-64,0,465,465,3,0,0,0,0
468379598,NODE_F42DC973E618,child,2,B0:CB:D8:F3:32:19,-64,0,465,465,3,0,0,0,0
468479587,NODE_F42DC973E618,child,2,B0:CB:D8:F3:32:19,-64,0,465,465,3,0,0,0,0
468579589,NODE_F42DC973E618,child,2,B0:CB:D8:F3:32:19,-64,0,465,465,3,0,0,0,0
468679587,NODE_F42DC973E618,child,2,B0:CB:D8:F3:32:19,-64,0,465,465,3,0,0,0,0
468780023,NODE_F42DC973E618,child,2,B0:CB:D8:F3:32:19,-64,0,465,465,3,0,0,0,0
468879593,NODE_F42DC973E618,child,2,B0:CB:D8:F3:32:19,-64,0,465,465,3,0,0,0,0
468979591,NODE_F42DC973E618,child,2,B0:CB:D8:F3:32:19,-64,0,466,466,3,0,0,0,0
469079595,NODE_F42DC973E618,child,2,B0:CB:D8:F3:32:19,-64,0,466,466,3,0,0,0,0
469179593,NODE_F42DC973E618,child,2,B0:CB:D8:F3:32:19,-64,0,466,466,3,0,0,0,0
469279587,NODE_F42DC973E618,child,2,B0:CB:D8:F3:32:19,-64,0,466,466,3,0,0,0,0
469379587,NODE_F42DC973E618,child,2,B0:CB:D8:F3:32:19,-64,0,466,466,3,0,0,0,0
469479589,NODE_F42DC973E618,child,2,B0:CB:D8:F3:32:19,-64,0,466,466,3,0,0,0,0
469579591,NODE_F42DC973E618,child,2,B0:CB:D8:F3:32:19,-64,0,466,466,3,0,0,0,0
469679587,NODE_F42DC973E618,child,2,B0:CB:D8:F3:32:19,-64,0,466,466,3,0,0,0,0
469779589,NODE_F42DC973E618,child,2,B0:CB:D8:F3:32:19,-64,0,466,466,3,0,0,0,0
469879591,NODE_F42DC973E618,child,2,B0:CB:D8:F3:32:19,-64,0,466,466,3,0,0,0,0
469979591,NODE_F42DC973E618,child,2,B0:CB:D8:F3:32:19,-64,0,467,467,3,0,0,0,0
470079597,NODE_F42DC973E618,child,2,B0:CB:D8:F3:32:19,-64,0,467,467,3,0,0,0,0
470179591,NODE_F42DC973E618,child,2,B0:CB:D8:F3:32:19,-64,0,467,467,3,0,0,0,0
470279587,NODE_F42DC973E618,child,2,B0:CB:D8:F3:32:19,-64,0,467,467,3,0,0,0,0
470379589,NODE_F42DC973E618,child,2,B0:CB:D8:F3:32:19,-64,0,467,467,3,0,0,0,0
470479587,NODE_F42DC973E618,child,2,B0:CB:D8:F3:32:19,-64,0,467,467,3,0,0,0,0
470579587,NODE_F42DC973E618,child,2,B0:CB:D8:F3:32:19,-64,0,467,467,3,0,0,0,0
470679589,NODE_F42DC973E618,child,2,B0:CB:D8:F3:32:19,-64,0,467,467,3,0,0,0,0
470779587,NODE_F42DC973E618,child,2,B0:CB:D8:F3:32:19,-64,0,467,467,3,0,0,0,0
470879595,NODE_F42DC973E618,child,2,B0:CB:D8:F3:32:19,-64,0,467,467,3,0,0,0,0
470979593,NODE_F42DC973E618,child,2,B0:CB:D8:F3:32:19,-64,0,468,468,3,0,0,0,0
471079595,NODE_F42DC973E618,child,2,B0:CB:D8:F3:32:19,-64,0,468,468,3,0,0,0,0
471179587,NODE_F42DC973E618,child,2,B0:CB:D8:F3:32:19,-64,0,468,468,3,0,0,0,0
471279589,NODE_F42DC973E618,child,2,B0:CB:D8:F3:32:19,-64,0,468,468,3,0,0,0,0
471379587,NODE_F42DC973E618,child,2,B0:CB:D8:F3:32:19,-64,0,468,468,3,0,0,0,0
471479587,NODE_F42DC973E618,child,2,B0:CB:D8:F3:32:19,-64,0,468,468,3,0,0,0,0
471579593,NODE_F42DC973E618,child,2,B0:CB:D8:F3:32:19,-64,0,468,468,3,0,0,0,0
471679587,NODE_F42DC973E618,child,2,B0:CB:D8:F3:32:19,-64,0,468,468,3,0,0,0,0
471779587,NODE_F42DC973E618,child,2,B0:CB:D8:F3:32:19,-64,0,468,468,3,0,0,0,0
471879593,NODE_F42DC973E618,child,2,B0:CB:D8:F3:32:19,-64,0,468,468,3,0,0,0,0
471979591,NODE_F42DC973E618,child,2,B0:CB:D8:F3:32:19,-64,0,469,469,3,0,0,0,0
472079595,NODE_F42DC973E618,child,2,B0:CB:D8:F3:32:19,-64,0,469,469,3,0,0,0,0
472179593,NODE_F42DC973E618,child,2,B0:CB:D8:F3:32:19,-64,0,469,469,3,0,0,0,0
472279587,NODE_F42DC973E618,child,2,B0:CB:D8:F3:32:19,-64,0,469,469,3,0,0,0,0
472379591,NODE_F42DC973E618,child,2,B0:CB:D8:F3:32:19,-64,0,469,469,3,0,0,0,0
472479589,NODE_F42DC973E618,child,2,B0:CB:D8:F3:32:19,-64,0,469,469,3,0,0,0,0
472579587,NODE_F42DC973E618,child,2,B0:CB:D8:F3:32:19,-64,0,469,469,3,0,0,0,0
472679591,NODE_F42DC973E618,child,2,B0:CB:D8:F3:32:19,-64,0,469,469,3,0,0,0,0
472779589,NODE_F42DC973E618,child,2,B0:CB:D8:F3:32:19,-64,0,469,469,3,0,0,0,0
472879591,NODE_F42DC973E618,child,2,B0:CB:D8:F3:32:19,-64,0,469,469,3,0,0,0,0
472979591,NODE_F42DC973E618,child,2,B0:CB:D8:F3:32:19,-64,0,470,470,3,0,0,0,0
473079589,NODE_F42DC973E618,child,2,B0:CB:D8:F3:32:19,-64,0,470,470,3,0,0,0,0
473179595,NODE_F42DC973E618,child,2,B0:CB:D8:F3:32:19,-63,0,470,470,3,0,0,0,0
473279587,NODE_F42DC973E618,child,2,B0:CB:D8:F3:32:19,-63,0,470,470,3,0,0,0,0
473379593,NODE_F42DC973E618,child,2,B0:CB:D8:F3:32:19,-63,0,470,470,3,0,0,0,0
473479587,NODE_F42DC973E618,child,2,B0:CB:D8:F3:32:19,-63,0,470,470,3,0,0,0,0
473579587,NODE_F42DC973E618,child,2,B0:CB:D8:F3:32:19,-63,0,470,470,3,0,0,0,0
473679589,NODE_F42DC973E618,child,2,B0:CB:D8:F3:32:19,-63,0,470,470,3,0,0,0,0
473779587,NODE_F42DC973E618,child,2,B0:CB:D8:F3:32:19,-63,0,470,470,3,0,0,0,0
473879587,NODE_F42DC973E618,child,2,B0:CB:D8:F3:32:19,-63,0,470,470,3,0,0,0,0
473979589,NODE_F42DC973E618,child,2,B0:CB:D8:F3:32:19,-63,0,471,471,3,0,0,0,0
474079595,NODE_F42DC973E618,child,2,B0:CB:D8:F3:32:19,-63,0,471,471,3,0,0,0,0
474179595,NODE_F42DC973E618,child,2,B0:CB:D8:F3:32:19,-65,0,471,471,3,0,0,0,0
474279589,NODE_F42DC973E618,child,2,B0:CB:D8:F3:32:19,-65,0,471,471,3,0,0,0,0
474379587,NODE_F42DC973E618,child,2,B0:CB:D8:F3:32:19,-65,0,471,471,3,0,0,0,0
474479587,NODE_F42DC973E618,child,2,B0:CB:D8:F3:32:19,-65,0,471,471,3,0,0,0,0
474579589,NODE_F42DC973E618,child,2,B0:CB:D8:F3:32:19,-65,0,471,471,3,0,0,0,0
474679591,NODE_F42DC973E618,child,2,B0:CB:D8:F3:32:19,-65,0,471,471,3,0,0,0,0
474779587,NODE_F42DC973E618,child,2,B0:CB:D8:F3:32:19,-65,0,471,471,3,0,0,0,0
474879589,NODE_F42DC973E618,child,2,B0:CB:D8:F3:32:19,-65,0,471,471,3,0,0,0,0
474979591,NODE_F42DC973E618,child,2,B0:CB:D8:F3:32:19,-65,0,472,472,3,0,0,0,0
475079587,NODE_F42DC973E618,child,2,B0:CB:D8:F3:32:19,-65,0,472,472,3,0,0,0,0
475179601,NODE_F42DC973E618,child,2,B0:CB:D8:F3:32:19,-68,0,472,472,3,0,0,0,0
475279587,NODE_F42DC973E618,child,2,B0:CB:D8:F3:32:19,-68,0,472,472,3,0,0,0,0
475379591,NODE_F42DC973E618,child,2,B0:CB:D8:F3:32:19,-68,0,472,472,3,0,0,0,0
475479589,NODE_F42DC973E618,child,2,B0:CB:D8:F3:32:19,-68,0,472,472,3,0,0,0,0
475579587,NODE_F42DC973E618,child,2,B0:CB:D8:F3:32:19,-68,0,472,472,3,0,0,0,0
475679587,NODE_F42DC973E618,child,2,B0:CB:D8:F3:32:19,-68,0,472,472,3,0,0,0,0
475779589,NODE_F42DC973E618,child,2,B0:CB:D8:F3:32:19,-68,0,472,472,3,0,0,0,0
475879587,NODE_F42DC973E618,child,2,B0:CB:D8:F3:32:19,-68,0,472,472,3,0,0,0,0
475979591,NODE_F42DC973E618,child,2,B0:CB:D8:F3:32:19,-68,0,473,473,3,0,0,0,0
476079597,NODE_F42DC973E618,child,2,B0:CB:D8:F3:32:19,-68,0,473,473,3,0,0,0,0
476179595,NODE_F42DC973E618,child,2,B0:CB:D8:F3:32:19,-66,0,473,473,3,0,0,0,0
476279587,NODE_F42DC973E618,child,2,B0:CB:D8:F3:32:19,-66,0,473,473,3,0,0,0,0
476379589,NODE_F42DC973E618,child,2,B0:CB:D8:F3:32:19,-66,0,473,473,3,0,0,0,0
476479587,NODE_F42DC973E618,child,2,B0:CB:D8:F3:32:19,-66,0,473,473,3,0,0,0,0
476579587,NODE_F42DC973E618,child,2,B0:CB:D8:F3:32:19,-66,0,473,473,3,0,0,0,0
476679593,NODE_F42DC973E618,child,2,B0:CB:D8:F3:32:19,-66,0,473,473,3,0,0,0,0
476779587,NODE_F42DC973E618,child,2,B0:CB:D8:F3:32:19,-66,0,473,473,3,0,0,0,0
476879587,NODE_F42DC973E618,child,2,B0:CB:D8:F3:32:19,-66,0,473,473,3,0,0,0,0
476979593,NODE_F42DC973E618,child,2,B0:CB:D8:F3:32:19,-66,0,474,474,3,0,0,0,0
477079587,NODE_F42DC973E618,child,2,B0:CB:D8:F3:32:19,-66,0,474,474,3,0,0,0,0
477179947,NODE_F42DC973E618,child,2,B0:CB:D8:F3:32:19,-64,0,474,474,3,0,0,0,0
477279593,NODE_F42DC973E618,child,2,B0:CB:D8:F3:32:19,-64,0,474,474,3,0,0,0,0
477379591,NODE_F42DC973E618,child,2,B0:CB:D8:F3:32:19,-64,0,474,474,3,0,0,0,0
477479587,NODE_F42DC973E618,child,2,B0:CB:D8:F3:32:19,-64,0,474,474,3,0,0,0,0
477579589,NODE_F42DC973E618,child,2,B0:CB:D8:F3:32:19,-64,0,474,474,3,0,0,0,0
477679587,NODE_F42DC973E618,child,2,B0:CB:D8:F3:32:19,-64,0,474,474,3,0,0,0,0
477779587,NODE_F42DC973E618,child,2,B0:CB:D8:F3:32:19,-64,0,474,474,3,0,0,0,0
477879589,NODE_F42DC973E618,child,2,B0:CB:D8:F3:32:19,-64,0,474,474,3,0,0,0,0
477979591,NODE_F42DC973E618,child,2,B0:CB:D8:F3:32:19,-64,0,475,475,3,0,0,0,0
478079595,NODE_F42DC973E618,child,2,B0:CB:D8:F3:32:19,-64,0,475,475,3,0,0,0,0
478179589,NODE_F42DC973E618,child,2,B0:CB:D8:F3:32:19,-64,0,475,475,3,0,0,0,0
478279595,NODE_F42DC973E618,child,2,B0:CB:D8:F3:32:19,-64,0,475,475,3,0,0,0,0
478379587,NODE_F42DC973E618,child,2,B0:CB:D8:F3:32:19,-64,0,475,475,3,0,0,0,0
478479589,NODE_F42DC973E618,child,2,B0:CB:D8:F3:32:19,-64,0,475,475,3,0,0,0,0
478579587,NODE_F42DC973E618,child,2,B0:CB:D8:F3:32:19,-64,0,475,475,3,0,0,0,0
478679591,NODE_F42DC973E618,child,2,B0:CB:D8:F3:32:19,-64,0,475,475,3,0,0,0,0
478779589,NODE_F42DC973E618,child,2,B0:CB:D8:F3:32:19,-64,0,475,475,3,0,0,0,0
478879587,NODE_F42DC973E618,child,2,B0:CB:D8:F3:32:19,-64,0,475,475,3,0,0,0,0
478979591,NODE_F42DC973E618,child,2,B0:CB:D8:F3:32:19,-64,0,476,476,3,0,0,0,0
479079589,NODE_F42DC973E618,child,2,B0:CB:D8:F3:32:19,-64,0,476,476,3,0,0,0,0
479179587,NODE_F42DC973E618,child,2,B0:CB:D8:F3:32:19,-64,0,476,476,3,0,0,0,0
479279595,NODE_F42DC973E618,child,2,B0:CB:D8:F3:32:19,-66,0,476,476,3,0,0,0,0
479379597,NODE_F42DC973E618,child,2,B0:CB:D8:F3:32:19,-66,0,476,476,3,0,0,0,0
479479587,NODE_F42DC973E618,child,2,B0:CB:D8:F3:32:19,-66,0,476,476,3,0,0,0,0
479579587,NODE_F42DC973E618,child,2,B0:CB:D8:F3:32:19,-66,0,476,476,3,0,0,0,0
479679589,NODE_F42DC973E618,child,2,B0:CB:D8:F3:32:19,-66,0,476,476,3,0,0,0,0
479779587,NODE_F42DC973E618,child,2,B0:CB:D8:F3:32:19,-66,0,476,476,3,0,0,0,0
479879587,NODE_F42DC973E618,child,2,B0:CB:D8:F3:32:19,-66,0,476,476,3,0,0,0,0
479979593,NODE_F42DC973E618,child,2,B0:CB:D8:F3:32:19,-66,0,477,477,3,0,0,0,0
480079595,NODE_F42DC973E618,child,2,B0:CB:D8:F3:32:19,-66,0,477,477,3,0,0,0,0
480179587,NODE_F42DC973E618,child,2,B0:CB:D8:F3:32:19,-66,0,477,477,3,0,0,0,0
480279597,NODE_F42DC973E618,child,2,B0:CB:D8:F3:32:19,-65,0,477,477,3,0,0,0,0
480379587,NODE_F42DC973E618,child,2,B0:CB:D8:F3:32:19,-65,0,477,477,3,0,0,0,0
480479587,NODE_F42DC973E618,child,2,B0:CB:D8:F3:32:19,-65,0,477,477,3,0,0,0,0
480579589,NODE_F42DC973E618,child,2,B0:CB:D8:F3:32:19,-65,0,477,477,3,0,0,0,0
480679591,NODE_F42DC973E618,child,2,B0:CB:D8:F3:32:19,-65,0,477,477,3,0,0,0,0
480779587,NODE_F42DC973E618,child,2,B0:CB:D8:F3:32:19,-65,0,477,477,3,0,0,0,0
480879589,NODE_F42DC973E618,child,2,B0:CB:D8:F3:32:19,-65,0,477,477,3,0,0,0,0
480979591,NODE_F42DC973E618,child,2,B0:CB:D8:F3:32:19,-65,0,478,478,3,0,0,0,0
481079591,NODE_F42DC973E618,child,2,B0:CB:D8:F3:32:19,-65,0,478,478,3,0,0,0,0
481179593,NODE_F42DC973E618,child,2,B0:CB:D8:F3:32:19,-65,0,478,478,3,0,0,0,0
481279595,NODE_F42DC973E618,child,2,B0:CB:D8:F3:32:19,-64,0,478,478,3,0,0,0,0
481379595,NODE_F42DC973E618,child,2,B0:CB:D8:F3:32:19,-64,0,478,478,3,0,0,0,0
481479585,NODE_F42DC973E618,child,2,B0:CB:D8:F3:32:19,-64,0,478,478,3,0,0,0,0
481579587,NODE_F42DC973E618,child,2,B0:CB:D8:F3:32:19,-64,0,478,478,3,0,0,0,0
481679587,NODE_F42DC973E618,child,2,B0:CB:D8:F3:32:19,-64,0,478,478,3,0,0,0,0
481779585,NODE_F42DC973E618,child,2,B0:CB:D8:F3:32:19,-64,0,478,478,3,0,0,0,0
481879587,NODE_F42DC973E618,child,2,B0:CB:D8:F3:32:19,-64,0,478,478,3,0,0,0,0
481979591,NODE_F42DC973E618,child,2,B0:CB:D8:F3:32:19,-64,0,479,479,3,0,0,0,0
482079597,NODE_F42DC973E618,child,2,B0:CB:D8:F3:32:19,-64,0,479,479,3,0,0,0,0
482179591,NODE_F42DC973E618,child,2,B0:CB:D8:F3:32:19,-64,0,479,479,3,0,0,0,0
482279591,NODE_F42DC973E618,child,2,B0:CB:D8:F3:32:19,-64,0,479,479,3,0,0,0,0
482379597,NODE_F42DC973E618,child,2,B0:CB:D8:F3:32:19,-64,0,479,479,3,0,0,0,0
482479587,NODE_F42DC973E618,child,2,B0:CB:D8:F3:32:19,-64,0,479,479,3,0,0,0,0
482579587,NODE_F42DC973E618,child,2,B0:CB:D8:F3:32:19,-64,0,479,479,3,0,0,0,0
482679593,NODE_F42DC973E618,child,2,B0:CB:D8:F3:32:19,-64,0,479,479,3,0,0,0,0
482779587,NODE_F42DC973E618,child,2,B0:CB:D8:F3:32:19,-64,0,479,479,3,0,0,0,0
482879587,NODE_F42DC973E618,child,2,B0:CB:D8:F3:32:19,-64,0,479,479,3,0,0,0,0
482979593,NODE_F42DC973E618,child,2,B0:CB:D8:F3:32:19,-64,0,480,480,3,0,0,0,0
483079587,NODE_F42DC973E618,child,2,B0:CB:D8:F3:32:19,-64,0,480,480,3,0,0,0,0
483179595,NODE_F42DC973E618,child,2,B0:CB:D8:F3:32:19,-64,0,480,480,3,0,0,0,0
483279589,NODE_F42DC973E618,child,2,B0:CB:D8:F3:32:19,-64,0,480,480,3,0,0,0,0
483379595,NODE_F42DC973E618,child,2,B0:CB:D8:F3:32:19,-64,0,480,480,3,0,0,0,0
483479587,NODE_F42DC973E618,child,2,B0:CB:D8:F3:32:19,-64,0,480,480,3,0,0,0,0
483579589,NODE_F42DC973E618,child,2,B0:CB:D8:F3:32:19,-64,0,480,480,3,0,0,0,0
483679587,NODE_F42DC973E618,child,2,B0:CB:D8:F3:32:19,-64,0,480,480,3,0,0,0,0
483779587,NODE_F42DC973E618,child,2,B0:CB:D8:F3:32:19,-64,0,480,480,3,0,0,0,0
483879593,NODE_F42DC973E618,child,2,B0:CB:D8:F3:32:19,-64,0,480,480,3,0,0,0,0
483979591,NODE_F42DC973E618,child,2,B0:CB:D8:F3:32:19,-64,0,481,481,3,0,0,0,0
484079587,NODE_F42DC973E618,child,2,B0:CB:D8:F3:32:19,-64,0,481,481,3,0,0,0,0
484179593,NODE_F42DC973E618,child,2,B0:CB:D8:F3:32:19,-64,0,481,481,3,0,0,0,0
484279587,NODE_F42DC973E618,child,2,B0:CB:D8:F3:32:19,-64,0,481,481,3,0,0,0,0
484379595,NODE_F42DC973E618,child,2,B0:CB:D8:F3:32:19,-70,0,481,481,3,0,0,0,0
484479589,NODE_F42DC973E618,child,2,B0:CB:D8:F3:32:19,-70,0,481,481,3,0,0,0,0
484579591,NODE_F42DC973E618,child,2,B0:CB:D8:F3:32:19,-70,0,481,481,3,0,0,0,0
484679587,NODE_F42DC973E618,child,2,B0:CB:D8:F3:32:19,-70,0,481,481,3,0,0,0,0
484779589,NODE_F42DC973E618,child,2,B0:CB:D8:F3:32:19,-70,0,481,481,3,0,0,0,0
484879587,NODE_F42DC973E618,child,2,B0:CB:D8:F3:32:19,-70,0,481,481,3,0,0,0,0
484979591,NODE_F42DC973E618,child,2,B0:CB:D8:F3:32:19,-70,0,482,482,3,0,0,0,0
485079593,NODE_F42DC973E618,child,2,B0:CB:D8:F3:32:19,-70,0,482,482,3,0,0,0,0
485179595,NODE_F42DC973E618,child,2,B0:CB:D8:F3:32:19,-70,0,482,482,3,0,0,0,0
485279638,NODE_F42DC973E618,child,2,B0:CB:D8:F3:32:19,-70,0,482,482,3,0,0,0,0
485379597,NODE_F42DC973E618,child,2,B0:CB:D8:F3:32:19,-65,0,482,482,3,0,0,0,0
485479587,NODE_F42DC973E618,child,2,B0:CB:D8:F3:32:19,-65,0,482,482,3,0,0,0,0
485579587,NODE_F42DC973E618,child,2,B0:CB:D8:F3:32:19,-65,0,482,482,3,0,0,0,0
485679589,NODE_F42DC973E618,child,2,B0:CB:D8:F3:32:19,-65,0,482,482,3,0,0,0,0
485779587,NODE_F42DC973E618,child,2,B0:CB:D8:F3:32:19,-65,0,482,482,3,0,0,0,0
485879591,NODE_F42DC973E618,child,2,B0:CB:D8:F3:32:19,-65,0,482,482,3,0,0,0,0
485979593,NODE_F42DC973E618,child,2,B0:CB:D8:F3:32:19,-65,0,483,483,3,0,0,0,0
486079587,NODE_F42DC973E618,child,2,B0:CB:D8:F3:32:19,-65,0,483,483,3,0,0,0,0
486179591,NODE_F42DC973E618,child,2,B0:CB:D8:F3:32:19,-65,0,483,483,3,0,0,0,0
486279593,NODE_F42DC973E618,child,2,B0:CB:D8:F3:32:19,-65,0,483,483,3,0,0,0,0
486379895,NODE_F42DC973E618,child,2,B0:CB:D8:F3:32:19,-65,0,483,483,3,0,0,0,0
486479595,NODE_F42DC973E618,child,2,B0:CB:D8:F3:32:19,-65,0,483,483,3,0,0,0,0
486579593,NODE_F42DC973E618,child,2,B0:CB:D8:F3:32:19,-65,0,483,483,3,0,0,0,0
486679587,NODE_F42DC973E618,child,2,B0:CB:D8:F3:32:19,-65,0,483,483,3,0,0,0,0
486779587,NODE_F42DC973E618,child,2,B0:CB:D8:F3:32:19,-65,0,483,483,3,0,0,0,0
486879589,NODE_F42DC973E618,child,2,B0:CB:D8:F3:32:19,-65,0,483,483,3,0,0,0,0
486979591,NODE_F42DC973E618,child,2,B0:CB:D8:F3:32:19,-65,0,484,484,3,0,0,0,0
487079587,NODE_F42DC973E618,child,2,B0:CB:D8:F3:32:19,-65,0,484,484,3,0,0,0,0
487179593,NODE_F42DC973E618,child,2,B0:CB:D8:F3:32:19,-65,0,484,484,3,0,0,0,0
487279591,NODE_F42DC973E618,child,2,B0:CB:D8:F3:32:19,-65,0,484,484,3,0,0,0,0
487379587,NODE_F42DC973E618,child,2,B0:CB:D8:F3:32:19,-65,0,484,484,3,0,0,0,0
487479597,NODE_F42DC973E618,child,2,B0:CB:D8:F3:32:19,-64,0,484,484,3,0,0,0,0
487579587,NODE_F42DC973E618,child,2,B0:CB:D8:F3:32:19,-64,0,484,484,3,0,0,0,0
487679587,NODE_F42DC973E618,child,2,B0:CB:D8:F3:32:19,-64,0,484,484,3,0,0,0,0
487779589,NODE_F42DC973E618,child,2,B0:CB:D8:F3:32:19,-64,0,484,484,3,0,0,0,0
487879591,NODE_F42DC973E618,child,2,B0:CB:D8:F3:32:19,-64,0,484,484,3,0,0,0,0
487979591,NODE_F42DC973E618,child,2,B0:CB:D8:F3:32:19,-64,0,485,485,3,0,0,0,0
488079593,NODE_F42DC973E618,child,2,B0:CB:D8:F3:32:19,-64,0,485,485,3,0,0,0,0
488179587,NODE_F42DC973E618,child,2,B0:CB:D8:F3:32:19,-64,0,485,485,3,0,0,0,0
488279591,NODE_F42DC973E618,child,2,B0:CB:D8:F3:32:19,-64,0,485,485,3,0,0,0,0
488379589,NODE_F42DC973E618,child,2,B0:CB:D8:F3:32:19,-64,0,485,485,3,0,0,0,0
488479595,NODE_F42DC973E618,child,2,B0:CB:D8:F3:32:19,-66,0,485,485,3,0,0,0,0
488579591,NODE_F42DC973E618,child,2,B0:CB:D8:F3:32:19,-66,0,485,485,3,0,0,0,0
488679589,NODE_F42DC973E618,child,2,B0:CB:D8:F3:32:19,-66,0,485,485,3,0,0,0,0
488779587,NODE_F42DC973E618,child,2,B0:CB:D8:F3:32:19,-66,0,485,485,3,0,0,0,0
488879587,NODE_F42DC973E618,child,2,B0:CB:D8:F3:32:19,-66,0,485,485,3,0,0,0,0
488979585,NODE_F42DC973E618,child,2,B0:CB:D8:F3:32:19,-66,0,486,486,3,0,0,0,0
489080136,NODE_F42DC973E618,child,2,B0:CB:D8:F3:32:19,-66,0,486,486,3,0,0,0,0
489179591,NODE_F42DC973E618,child,2,B0:CB:D8:F3:32:19,-66,0,486,486,3,0,0,0,0
489279640,NODE_F42DC973E618,child,2,B0:CB:D8:F3:32:19,-66,0,486,486,3,0,0,0,0
489379587,NODE_F42DC973E618,child,2,B0:CB:D8:F3:32:19,-66,0,486,486,3,0,0,0,0
489479595,NODE_F42DC973E618,child,2,B0:CB:D8:F3:32:19,-64,0,486,486,3,0,0,0,0
489579589,NODE_F42DC973E618,child,2,B0:CB:D8:F3:32:19,-64,0,486,486,3,0,0,0,0
489679587,NODE_F42DC973E618,child,2,B0:CB:D8:F3:32:19,-64,0,486,486,3,0,0,0,0
489779587,NODE_F42DC973E618,child,2,B0:CB:D8:F3:32:19,-64,0,486,486,3,0,0,0,0
489879593,NODE_F42DC973E618,child,2,B0:CB:D8:F3:32:19,-64,0,486,486,3,0,0,0,0
489979591,NODE_F42DC973E618,child,2,B0:CB:D8:F3:32:19,-64,0,487,487,3,0,0,0,0
490079583,NODE_F42DC973E618,child,2,B0:CB:D8:F3:32:19,-64,0,487,487,3,0,0,0,0
490179589,NODE_F42DC973E618,child,2,B0:CB:D8:F3:32:19,-64,0,487,487,3,0,0,0,0
490279587,NODE_F42DC973E618,child,2,B0:CB:D8:F3:32:19,-64,0,487,487,3,0,0,0,0
490379591,NODE_F42DC973E618,child,2,B0:CB:D8:F3:32:19,-64,0,487,487,3,0,0,0,0
490479589,NODE_F42DC973E618,child,2,B0:CB:D8:F3:32:19,-64,0,487,487,3,0,0,0,0
490579599,NODE_F42DC973E618,child,2,B0:CB:D8:F3:32:19,-66,0,487,487,3,0,0,0,0
490679587,NODE_F42DC973E618,child,2,B0:CB:D8:F3:32:19,-66,0,487,487,3,0,0,0,0
490779589,NODE_F42DC973E618,child,2,B0:CB:D8:F3:32:19,-66,0,487,487,3,0,0,0,0
490879587,NODE_F42DC973E618,child,2,B0:CB:D8:F3:32:19,-66,0,487,487,3,0,0,0,0
490979591,NODE_F42DC973E618,child,2,B0:CB:D8:F3:32:19,-66,0,488,488,3,0,0,0,0
491079593,NODE_F42DC973E618,child,2,B0:CB:D8:F3:32:19,-66,0,488,488,3,0,0,0,0
491179591,NODE_F42DC973E618,child,2,B0:CB:D8:F3:32:19,-66,0,488,488,3,0,0,0,0
491279587,NODE_F42DC973E618,child,2,B0:CB:D8:F3:32:19,-66,0,488,488,3,0,0,0,0
491379593,NODE_F42DC973E618,child,2,B0:CB:D8:F3:32:19,-66,0,488,488,3,0,0,0,0
491479587,NODE_F42DC973E618,child,2,B0:CB:D8:F3:32:19,-66,0,488,488,3,0,0,0,0
491579595,NODE_F42DC973E618,child,2,B0:CB:D8:F3:32:19,-65,0,488,488,3,0,0,0,0
491679589,NODE_F42DC973E618,child,2,B0:CB:D8:F3:32:19,-65,0,488,488,3,0,0,0,0
491779587,NODE_F42DC973E618,child,2,B0:CB:D8:F3:32:19,-65,0,488,488,3,0,0,0,0
491879591,NODE_F42DC973E618,child,2,B0:CB:D8:F3:32:19,-65,0,488,488,3,0,0,0,0
491979593,NODE_F42DC973E618,child,2,B0:CB:D8:F3:32:19,-65,0,489,489,3,0,0,0,0
492079583,NODE_F42DC973E618,child,2,B0:CB:D8:F3:32:19,-65,0,489,489,3,0,0,0,0
492179591,NODE_F42DC973E618,child,2,B0:CB:D8:F3:32:19,-65,0,489,489,3,0,0,0,0
492279589,NODE_F42DC973E618,child,2,B0:CB:D8:F3:32:19,-65,0,489,489,3,0,0,0,0
492379591,NODE_F42DC973E618,child,2,B0:CB:D8:F3:32:19,-65,0,489,489,3,0,0,0,0
492479876,NODE_F42DC973E618,child,2,B0:CB:D8:F3:32:19,-65,0,489,489,3,0,0,0,0
492579601,NODE_F42DC973E618,child,2,B0:CB:D8:F3:32:19,-63,0,489,489,3,0,0,0,0
492679587,NODE_F42DC973E618,child,2,B0:CB:D8:F3:32:19,-63,0,489,489,3,0,0,0,0
492779587,NODE_F42DC973E618,child,2,B0:CB:D8:F3:32:19,-63,0,489,489,3,0,0,0,0
492879589,NODE_F42DC973E618,child,2,B0:CB:D8:F3:32:19,-63,0,489,489,3,0,0,0,0
492979591,NODE_F42DC973E618,child,2,B0:CB:D8:F3:32:19,-63,0,490,490,3,0,0,0,0
493079587,NODE_F42DC973E618,child,2,B0:CB:D8:F3:32:19,-63,0,490,490,3,0,0,0,0
493179593,NODE_F42DC973E618,child,2,B0:CB:D8:F3:32:19,-63,0,490,490,3,0,0,0,0
493279587,NODE_F42DC973E618,child,2,B0:CB:D8:F3:32:19,-63,0,490,490,3,0,0,0,0
493379591,NODE_F42DC973E618,child,2,B0:CB:D8:F3:32:19,-63,0,490,490,3,0,0,0,0
493479589,NODE_F42DC973E618,child,2,B0:CB:D8:F3:32:19,-63,0,490,490,3,0,0,0,0
493579595,NODE_F42DC973E618,child,2,B0:CB:D8:F3:32:19,-63,0,490,490,3,0,0,0,0
493679591,NODE_F42DC973E618,child,2,B0:CB:D8:F3:32:19,-63,0,490,490,3,0,0,0,0
493779589,NODE_F42DC973E618,child,2,B0:CB:D8:F3:32:19,-63,0,490,490,3,0,0,0,0
493879587,NODE_F42DC973E618,child,2,B0:CB:D8:F3:32:19,-63,0,490,490,3,0,0,0,0
493979587,NODE_F42DC973E618,child,2,B0:CB:D8:F3:32:19,-63,0,490,490,3,0,0,0,0
494079593,NODE_F42DC973E618,child,2,B0:CB:D8:F3:32:19,-63,0,491,491,3,0,0,0,0
494179587,NODE_F42DC973E618,child,2,B0:CB:D8:F3:32:19,-63,0,491,491,3,0,0,0,0
494279587,NODE_F42DC973E618,child,2,B0:CB:D8:F3:32:19,-63,0,491,491,3,0,0,0,0
494380064,NODE_F42DC973E618,child,2,B0:CB:D8:F3:32:19,-63,0,491,491,3,0,0,0,0
494479587,NODE_F42DC973E618,child,2,B0:CB:D8:F3:32:19,-63,0,491,491,3,0,0,0,0
494579587,NODE_F42DC973E618,child,2,B0:CB:D8:F3:32:19,-63,0,491,491,3,0,0,0,0
494679597,NODE_F42DC973E618,child,2,B0:CB:D8:F3:32:19,-63,0,491,491,3,0,0,0,0
494779587,NODE_F42DC973E618,child,2,B0:CB:D8:F3:32:19,-63,0,491,491,3,0,0,0,0
494879587,NODE_F42DC973E618,child,2,B0:CB:D8:F3:32:19,-63,0,491,491,3,0,0,0,0
494979585,NODE_F42DC973E618,child,2,B0:CB:D8:F3:32:19,-63,0,491,491,3,0,0,0,0
495079595,NODE_F42DC973E618,child,2,B0:CB:D8:F3:32:19,-63,0,492,492,3,0,0,0,0
495179587,NODE_F42DC973E618,child,2,B0:CB:D8:F3:32:19,-63,0,492,492,3,0,0,0,0
495279589,NODE_F42DC973E618,child,2,B0:CB:D8:F3:32:19,-63,0,492,492,3,0,0,0,0
495379587,NODE_F42DC973E618,child,2,B0:CB:D8:F3:32:19,-63,0,492,492,3,0,0,0,0
495479591,NODE_F42DC973E618,child,2,B0:CB:D8:F3:32:19,-63,0,492,492,3,0,0,0,0
495579589,NODE_F42DC973E618,child,2,B0:CB:D8:F3:32:19,-63,0,492,492,3,0,0,0,0
495679599,NODE_F42DC973E618,child,2,B0:CB:D8:F3:32:19,-62,0,492,492,3,0,0,0,0
495779587,NODE_F42DC973E618,child,2,B0:CB:D8:F3:32:19,-62,0,492,492,3,0,0,0,0
495879589,NODE_F42DC973E618,child,2,B0:CB:D8:F3:32:19,-62,0,492,492,3,0,0,0,0
495979587,NODE_F42DC973E618,child,2,B0:CB:D8:F3:32:19,-62,0,492,492,3,0,0,0,0
496079591,NODE_F42DC973E618,child,2,B0:CB:D8:F3:32:19,-62,0,493,493,3,0,0,0,0
496179589,NODE_F42DC973E618,child,2,B0:CB:D8:F3:32:19,-62,0,493,493,3,0,0,0,0
496279587,NODE_F42DC973E618,child,2,B0:CB:D8:F3:32:19,-62,0,493,493,3,0,0,0,0
496379591,NODE_F42DC973E618,child,2,B0:CB:D8:F3:32:19,-62,0,493,493,3,0,0,0,0
496479593,NODE_F42DC973E618,child,2,B0:CB:D8:F3:32:19,-62,0,493,493,3,0,0,0,0
496579587,NODE_F42DC973E618,child,2,B0:CB:D8:F3:32:19,-62,0,493,493,3,0,0,0,0
496679595,NODE_F42DC973E618,child,2,B0:CB:D8:F3:32:19,-63,0,493,493,3,0,0,0,0
496779589,NODE_F42DC973E618,child,2,B0:CB:D8:F3:32:19,-63,0,493,493,3,0,0,0,0
496879587,NODE_F42DC973E618,child,2,B0:CB:D8:F3:32:19,-63,0,493,493,3,0,0,0,0
496979587,NODE_F42DC973E618,child,2,B0:CB:D8:F3:32:19,-63,0,493,493,3,0,0,0,0
497079597,NODE_F42DC973E618,child,2,B0:CB:D8:F3:32:19,-63,0,494,494,3,0,0,0,0
497179591,NODE_F42DC973E618,child,2,B0:CB:D8:F3:32:19,-63,0,494,494,3,0,0,0,0
497279587,NODE_F42DC973E618,child,2,B0:CB:D8:F3:32:19,-63,0,494,494,3,0,0,0,0
497379589,NODE_F42DC973E618,child,2,B0:CB:D8:F3:32:19,-63,0,494,494,3,0,0,0,0
497479591,NODE_F42DC973E618,child,2,B0:CB:D8:F3:32:19,-63,0,494,494,3,0,0,0,0
497579587,NODE_F42DC973E618,child,2,B0:CB:D8:F3:32:19,-63,0,494,494,3,0,0,0,0
497679601,NODE_F42DC973E618,child,2,B0:CB:D8:F3:32:19,-63,0,494,494,3,0,0,0,0
497779587,NODE_F42DC973E618,child,2,B0:CB:D8:F3:32:19,-63,0,494,494,3,0,0,0,0
497879587,NODE_F42DC973E618,child,2,B0:CB:D8:F3:32:19,-63,0,494,494,3,0,0,0,0
497979589,NODE_F42DC973E618,child,2,B0:CB:D8:F3:32:19,-63,0,494,494,3,0,0,0,0
498079591,NODE_F42DC973E618,child,2,B0:CB:D8:F3:32:19,-63,0,495,495,3,0,0,0,0
498179587,NODE_F42DC973E618,child,2,B0:CB:D8:F3:32:19,-63,0,495,495,3,0,0,0,0
498279589,NODE_F42DC973E618,child,2,B0:CB:D8:F3:32:19,-63,0,495,495,3,0,0,0,0
498379591,NODE_F42DC973E618,child,2,B0:CB:D8:F3:32:19,-63,0,495,495,3,0,0,0,0
498479591,NODE_F42DC973E618,child,2,B0:CB:D8:F3:32:19,-63,0,495,495,3,0,0,0,0
498579589,NODE_F42DC973E618,child,2,B0:CB:D8:F3:32:19,-63,0,495,495,3,0,0,0,0
498679587,NODE_F42DC973E618,child,2,B0:CB:D8:F3:32:19,-63,0,495,495,3,0,0,0,0
498779595,NODE_F42DC973E618,child,2,B0:CB:D8:F3:32:19,-64,0,495,495,3,0,0,0,0
498879589,NODE_F42DC973E618,child,2,B0:CB:D8:F3:32:19,-64,0,495,495,3,0,0,0,0
498979587,NODE_F42DC973E618,child,2,B0:CB:D8:F3:32:19,-64,0,495,495,3,0,0,0,0
499079595,NODE_F42DC973E618,child,2,B0:CB:D8:F3:32:19,-64,0,496,496,3,0,0,0,0
499179589,NODE_F42DC973E618,child,2,B0:CB:D8:F3:32:19,-64,0,496,496,3,0,0,0,0
499279583,NODE_F42DC973E618,child,2,B0:CB:D8:F3:32:19,-64,0,496,496,3,0,0,0,0
499379587,NODE_F42DC973E618,child,2,B0:CB:D8:F3:32:19,-64,0,496,496,3,0,0,0,0
499479585,NODE_F42DC973E618,child,2,B0:CB:D8:F3:32:19,-64,0,496,496,3,0,0,0,0
499579591,NODE_F42DC973E618,child,2,B0:CB:D8:F3:32:19,-64,0,496,496,3,0,0,0,0
499679591,NODE_F42DC973E618,child,2,B0:CB:D8:F3:32:19,-64,0,496,496,3,0,0,0,0
499779597,NODE_F42DC973E618,child,2,B0:CB:D8:F3:32:19,-64,0,496,496,3,0,0,0,0
499879587,NODE_F42DC973E618,child,2,B0:CB:D8:F3:32:19,-64,0,496,496,3,0,0,0,0
499979587,NODE_F42DC973E618,child,2,B0:CB:D8:F3:32:19,-64,0,496,496,3,0,0,0,0
500079593,NODE_F42DC973E618,child,2,B0:CB:D8:F3:32:19,-64,0,497,497,3,0,0,0,0
500179587,NODE_F42DC973E618,child,2,B0:CB:D8:F3:32:19,-64,0,497,497,3,0,0,0,0
500279587,NODE_F42DC973E618,child,2,B0:CB:D8:F3:32:19,-64,0,497,497,3,0,0,0,0
500379597,NODE_F42DC973E618,child,2,B0:CB:D8:F3:32:19,-64,0,497,497,3,0,0,0,0
500479587,NODE_F42DC973E618,child,2,B0:CB:D8:F3:32:19,-64,0,497,497,3,0,0,0,0
500579591,NODE_F42DC973E618,child,2,B0:CB:D8:F3:32:19,-64,0,497,497,3,0,0,0,0
500679589,NODE_F42DC973E618,child,2,B0:CB:D8:F3:32:19,-64,0,497,497,3,0,0,0,0
500779599,NODE_F42DC973E618,child,2,B0:CB:D8:F3:32:19,-64,0,497,497,3,0,0,0,0
500879587,NODE_F42DC973E618,child,2,B0:CB:D8:F3:32:19,-64,0,497,497,3,0,0,0,0
500979589,NODE_F42DC973E618,child,2,B0:CB:D8:F3:32:19,-64,0,497,497,3,0,0,0,0
501079595,NODE_F42DC973E618,child,2,B0:CB:D8:F3:32:19,-64,0,498,498,3,0,0,0,0
501179587,NODE_F42DC973E618,child,2,B0:CB:D8:F3:32:19,-64,0,498,498,3,0,0,0,0
501279585,NODE_F42DC973E618,child,2,B0:CB:D8:F3:32:19,-64,0,498,498,3,0,0,0,0
501379587,NODE_F42DC973E618,child,2,B0:CB:D8:F3:32:19,-64,0,498,498,3,0,0,0,0
501479583,NODE_F42DC973E618,child,2,B0:CB:D8:F3:32:19,-64,0,498,498,3,0,0,0,0
501579593,NODE_F42DC973E618,child,2,B0:CB:D8:F3:32:19,-64,0,498,498,3,0,0,0,0
501679591,NODE_F42DC973E618,child,2,B0:CB:D8:F3:32:19,-64,0,498,498,3,0,0,0,0
501779595,NODE_F42DC973E618,child,2,B0:CB:D8:F3:32:19,-61,0,498,498,3,0,0,0,0
501879585,NODE_F42DC973E618,child,2,B0:CB:D8:F3:32:19,-61,0,498,498,3,0,0,0,0
501979587,NODE_F42DC973E618,child,2,B0:CB:D8:F3:32:19,-61,0,498,498,3,0,0,0,0
502079591,NODE_F42DC973E618,child,2,B0:CB:D8:F3:32:19,-61,0,499,499,3,0,0,0,0
502179589,NODE_F42DC973E618,child,2,B0:CB:D8:F3:32:19,-61,0,499,499,3,0,0,0,0
502279587,NODE_F42DC973E618,child,2,B0:CB:D8:F3:32:19,-61,0,499,499,3,0,0,0,0
502379591,NODE_F42DC973E618,child,2,B0:CB:D8:F3:32:19,-61,0,499,499,3,0,0,0,0
502479589,NODE_F42DC973E618,child,2,B0:CB:D8:F3:32:19,-61,0,499,499,3,0,0,0,0
502579591,NODE_F42DC973E618,child,2,B0:CB:D8:F3:32:19,-61,0,499,499,3,0,0,0,0
502679587,NODE_F42DC973E618,child,2,B0:CB:D8:F3:32:19,-61,0,499,499,3,0,0,0,0
502779605,NODE_F42DC973E618,child,2,B0:CB:D8:F3:32:19,-63,0,499,499,3,0,0,0,0
502879591,NODE_F42DC973E618,child,2,B0:CB:D8:F3:32:19,-63,0,499,499,3,0,0,0,0
502979583,NODE_F42DC973E618,child,2,B0:CB:D8:F3:32:19,-63,0,499,499,3,0,0,0,0
503079597,NODE_F42DC973E618,child,2,B0:CB:D8:F3:32:19,-63,0,500,500,3,0,0,0,0
503179591,NODE_F42DC973E618,child,2,B0:CB:D8:F3:32:19,-63,0,500,500,3,0,0,0,0
503279587,NODE_F42DC973E618,child,2,B0:CB:D8:F3:32:19,-63,0,500,500,3,0,0,0,0
503379589,NODE_F42DC973E618,child,2,B0:CB:D8:F3:32:19,-63,0,500,500,3,0,0,0,0
503479587,NODE_F42DC973E618,child,2,B0:CB:D8:F3:32:19,-63,0,500,500,3,0,0,0,0
503579587,NODE_F42DC973E618,child,2,B0:CB:D8:F3:32:19,-63,0,500,500,3,0,0,0,0
503679597,NODE_F42DC973E618,child,2,B0:CB:D8:F3:32:19,-63,0,500,500,3,0,0,0,0
503779587,NODE_F42DC973E618,child,2,B0:CB:D8:F3:32:19,-63,0,500,500,3,0,0,0,0
503879595,NODE_F42DC973E618,child,2,B0:CB:D8:F3:32:19,-63,0,500,500,3,0,0,0,0
503979589,NODE_F42DC973E618,child,2,B0:CB:D8:F3:32:19,-63,0,500,500,3,0,0,0,0
504079591,NODE_F42DC973E618,child,2,B0:CB:D8:F3:32:19,-63,0,501,501,3,0,0,0,0
504179591,NODE_F42DC973E618,child,2,B0:CB:D8:F3:32:19,-63,0,501,501,3,0,0,0,0
504279589,NODE_F42DC973E618,child,2,B0:CB:D8:F3:32:19,-63,0,501,501,3,0,0,0,0
504379587,NODE_F42DC973E618,child,2,B0:CB:D8:F3:32:19,-63,0,501,501,3,0,0,0,0
504479587,NODE_F42DC973E618,child,2,B0:CB:D8:F3:32:19,-63,0,501,501,3,0,0,0,0
504579589,NODE_F42DC973E618,child,2,B0:CB:D8:F3:32:19,-63,0,501,501,3,0,0,0,0
504679591,NODE_F42DC973E618,child,2,B0:CB:D8:F3:32:19,-63,0,501,501,3,0,0,0,0
504779587,NODE_F42DC973E618,child,2,B0:CB:D8:F3:32:19,-63,0,501,501,3,0,0,0,0
504879601,NODE_F42DC973E618,child,2,B0:CB:D8:F3:32:19,-65,0,501,501,3,0,0,0,0
504979587,NODE_F42DC973E618,child,2,B0:CB:D8:F3:32:19,-65,0,501,501,3,0,0,0,0
505079591,NODE_F42DC973E618,child,2,B0:CB:D8:F3:32:19,-65,0,502,502,3,0,0,0,0
505179589,NODE_F42DC973E618,child,2,B0:CB:D8:F3:32:19,-65,0,502,502,3,0,0,0,0
505279587,NODE_F42DC973E618,child,2,B0:CB:D8:F3:32:19,-65,0,502,502,3,0,0,0,0
505379587,NODE_F42DC973E618,child,2,B0:CB:D8:F3:32:19,-65,0,502,502,3,0,0,0,0
505479589,NODE_F42DC973E618,child,2,B0:CB:D8:F3:32:19,-65,0,502,502,3,0,0,0,0
505579591,NODE_F42DC973E618,child,2,B0:CB:D8:F3:32:19,-65,0,502,502,3,0,0,0,0
505679591,NODE_F42DC973E618,child,2,B0:CB:D8:F3:32:19,-65,0,502,502,3,0,0,0,0
505779589,NODE_F42DC973E618,child,2,B0:CB:D8:F3:32:19,-65,0,502,502,3,0,0,0,0
505879595,NODE_F42DC973E618,child,2,B0:CB:D8:F3:32:19,-67,0,502,502,3,0,0,0,0
505979587,NODE_F42DC973E618,child,2,B0:CB:D8:F3:32:19,-67,0,502,502,3,0,0,0,0
506079589,NODE_F42DC973E618,child,2,B0:CB:D8:F3:32:19,-67,0,503,503,3,0,0,0,0
506179595,NODE_F42DC973E618,child,2,B0:CB:D8:F3:32:19,-67,0,503,503,3,0,0,0,0
506279587,NODE_F42DC973E618,child,2,B0:CB:D8:F3:32:19,-67,0,503,503,3,0,0,0,0
506379589,NODE_F42DC973E618,child,2,B0:CB:D8:F3:32:19,-67,0,503,503,3,0,0,0,0
506479587,NODE_F42DC973E618,child,2,B0:CB:D8:F3:32:19,-67,0,503,503,3,0,0,0,0
506579587,NODE_F42DC973E618,child,2,B0:CB:D8:F3:32:19,-67,0,503,503,3,0,0,0,0
506679593,NODE_F42DC973E618,child,2,B0:CB:D8:F3:32:19,-67,0,503,503,3,0,0,0,0
506779587,NODE_F42DC973E618,child,2,B0:CB:D8:F3:32:19,-67,0,503,503,3,0,0,0,0
506880365,NODE_F42DC973E618,child,2,B0:CB:D8:F3:32:19,-67,0,503,503,3,0,0,0,0
506979601,NODE_F42DC973E618,child,2,B0:CB:D8:F3:32:19,-67,0,503,503,3,0,0,0,0
507079591,NODE_F42DC973E618,child,2,B0:CB:D8:F3:32:19,-67,0,504,504,3,0,0,0,0
507179702,NODE_F42DC973E618,child,2,B0:CB:D8:F3:32:19,-67,0,504,504,3,0,0,0,0
507279589,NODE_F42DC973E618,child,2,B0:CB:D8:F3:32:19,-67,0,504,504,3,0,0,0,0
507379591,NODE_F42DC973E618,child,2,B0:CB:D8:F3:32:19,-67,0,504,504,3,0,0,0,0
507479587,NODE_F42DC973E618,child,2,B0:CB:D8:F3:32:19,-67,0,504,504,3,0,0,0,0
507579593,NODE_F42DC973E618,child,2,B0:CB:D8:F3:32:19,-67,0,504,504,3,0,0,0,0
507679587,NODE_F42DC973E618,child,2,B0:CB:D8:F3:32:19,-67,0,504,504,3,0,0,0,0
507779591,NODE_F42DC973E618,child,2,B0:CB:D8:F3:32:19,-67,0,504,504,3,0,0,0,0
507879589,NODE_F42DC973E618,child,2,B0:CB:D8:F3:32:19,-67,0,504,504,3,0,0,0,0
507979595,NODE_F42DC973E618,child,2,B0:CB:D8:F3:32:19,-64,0,504,504,3,0,0,0,0
508079591,NODE_F42DC973E618,child,2,B0:CB:D8:F3:32:19,-64,0,505,505,3,0,0,0,0
508179593,NODE_F42DC973E618,child,2,B0:CB:D8:F3:32:19,-64,0,505,505,3,0,0,0,0
508279587,NODE_F42DC973E618,child,2,B0:CB:D8:F3:32:19,-64,0,505,505,3,0,0,0,0
508379587,NODE_F42DC973E618,child,2,B0:CB:D8:F3:32:19,-64,0,505,505,3,0,0,0,0
508479589,NODE_F42DC973E618,child,2,B0:CB:D8:F3:32:19,-64,0,505,505,3,0,0,0,0
508579587,NODE_F42DC973E618,child,2,B0:CB:D8:F3:32:19,-64,0,505,505,3,0,0,0,0
508679587,NODE_F42DC973E618,child,2,B0:CB:D8:F3:32:19,-64,0,505,505,3,0,0,0,0
508779593,NODE_F42DC973E618,child,2,B0:CB:D8:F3:32:19,-64,0,505,505,3,0,0,0,0
508879591,NODE_F42DC973E618,child,2,B0:CB:D8:F3:32:19,-64,0,505,505,3,0,0,0,0
508979595,NODE_F42DC973E618,child,2,B0:CB:D8:F3:32:19,-64,0,505,505,3,0,0,0,0
509079589,NODE_F42DC973E618,child,2,B0:CB:D8:F3:32:19,-64,0,506,506,3,0,0,0,0
509179595,NODE_F42DC973E618,child,2,B0:CB:D8:F3:32:19,-64,0,506,506,3,0,0,0,0
509279587,NODE_F42DC973E618,child,2,B0:CB:D8:F3:32:19,-64,0,506,506,3,0,0,0,0
509379589,NODE_F42DC973E618,child,2,B0:CB:D8:F3:32:19,-64,0,506,506,3,0,0,0,0
509479583,NODE_F42DC973E618,child,2,B0:CB:D8:F3:32:19,-64,0,506,506,3,0,0,0,0
509579591,NODE_F42DC973E618,child,2,B0:CB:D8:F3:32:19,-64,0,506,506,3,0,0,0,0
509679589,NODE_F42DC973E618,child,2,B0:CB:D8:F3:32:19,-64,0,506,506,3,0,0,0,0
509779591,NODE_F42DC973E618,child,2,B0:CB:D8:F3:32:19,-64,0,506,506,3,0,0,0,0
509879587,NODE_F42DC973E618,child,2,B0:CB:D8:F3:32:19,-64,0,506,506,3,0,0,0,0
509979597,NODE_F42DC973E618,child,2,B0:CB:D8:F3:32:19,-63,0,506,506,3,0,0,0,0
510079591,NODE_F42DC973E618,child,2,B0:CB:D8:F3:32:19,-63,0,507,507,3,0,0,0,0
510179591,NODE_F42DC973E618,child,2,B0:CB:D8:F3:32:19,-63,0,507,507,3,0,0,0,0
510279589,NODE_F42DC973E618,child,2,B0:CB:D8:F3:32:19,-63,0,507,507,3,0,0,0,0
510379583,NODE_F42DC973E618,child,2,B0:CB:D8:F3:32:19,-63,0,507,507,3,0,0,0,0
510479587,NODE_F42DC973E618,child,2,B0:CB:D8:F3:32:19,-63,0,507,507,3,0,0,0,0
510579589,NODE_F42DC973E618,child,2,B0:CB:D8:F3:32:19,-63,0,507,507,3,0,0,0,0
510679587,NODE_F42DC973E618,child,2,B0:CB:D8:F3:32:19,-63,0,507,507,3,0,0,0,0
510779591,NODE_F42DC973E618,child,2,B0:CB:D8:F3:32:19,-63,0,507,507,3,0,0,0,0
510879593,NODE_F42DC973E618,child,2,B0:CB:D8:F3:32:19,-63,0,507,507,3,0,0,0,0
510979595,NODE_F42DC973E618,child,2,B0:CB:D8:F3:32:19,-63,0,507,507,3,0,0,0,0
511079591,NODE_F42DC973E618,child,2,B0:CB:D8:F3:32:19,-63,0,508,508,3,0,0,0,0
511179589,NODE_F42DC973E618,child,2,B0:CB:D8:F3:32:19,-63,0,508,508,3,0,0,0,0
511279587,NODE_F42DC973E618,child,2,B0:CB:D8:F3:32:19,-63,0,508,508,3,0,0,0,0
511379587,NODE_F42DC973E618,child,2,B0:CB:D8:F3:32:19,-63,0,508,508,3,0,0,0,0
511479589,NODE_F42DC973E618,child,2,B0:CB:D8:F3:32:19,-63,0,508,508,3,0,0,0,0
511579591,NODE_F42DC973E618,child,2,B0:CB:D8:F3:32:19,-63,0,508,508,3,0,0,0,0
511679587,NODE_F42DC973E618,child,2,B0:CB:D8:F3:32:19,-63,0,508,508,3,0,0,0,0
511779589,NODE_F42DC973E618,child,2,B0:CB:D8:F3:32:19,-63,0,508,508,3,0,0,0,0
511879591,NODE_F42DC973E618,child,2,B0:CB:D8:F3:32:19,-63,0,508,508,3,0,0,0,0
511979583,NODE_F42DC973E618,child,2,B0:CB:D8:F3:32:19,-63,0,508,508,3,0,0,0,0
512079589,NODE_F42DC973E618,child,2,B0:CB:D8:F3:32:19,-62,0,509,509,3,0,0,0,0
512179708,NODE_F42DC973E618,child,2,B0:CB:D8:F3:32:19,-62,0,509,509,3,0,0,0,0
512279583,NODE_F42DC973E618,child,2,B0:CB:D8:F3:32:19,-62,0,509,509,3,0,0,0,0
512379593,NODE_F42DC973E618,child,2,B0:CB:D8:F3:32:19,-62,0,509,509,3,0,0,0,0
512479583,NODE_F42DC973E618,child,2,B0:CB:D8:F3:32:19,-62,0,509,509,3,0,0,0,0
512579587,NODE_F42DC973E618,child,2,B0:CB:D8:F3:32:19,-62,0,509,509,3,0,0,0,0
512679585,NODE_F42DC973E618,child,2,B0:CB:D8:F3:32:19,-62,0,509,509,3,0,0,0,0
512779587,NODE_F42DC973E618,child,2,B0:CB:D8:F3:32:19,-62,0,509,509,3,0,0,0,0
512879595,NODE_F42DC973E618,child,2,B0:CB:D8:F3:32:19,-62,0,509,509,3,0,0,0,0
512979589,NODE_F42DC973E618,child,2,B0:CB:D8:F3:32:19,-62,0,509,509,3,0,0,0,0
513079587,NODE_F42DC973E618,child,2,B0:CB:D8:F3:32:19,-63,0,510,510,3,0,0,0,0
513179591,NODE_F42DC973E618,child,2,B0:CB:D8:F3:32:19,-63,0,510,510,3,0,0,0,0
513279589,NODE_F42DC973E618,child,2,B0:CB:D8:F3:32:19,-63,0,510,510,3,0,0,0,0
513379587,NODE_F42DC973E618,child,2,B0:CB:D8:F3:32:19,-63,0,510,510,3,0,0,0,0
513479587,NODE_F42DC973E618,child,2,B0:CB:D8:F3:32:19,-63,0,510,510,3,0,0,0,0
513579593,NODE_F42DC973E618,child,2,B0:CB:D8:F3:32:19,-63,0,510,510,3,0,0,0,0
513679587,NODE_F42DC973E618,child,2,B0:CB:D8:F3:32:19,-63,0,510,510,3,0,0,0,0
513779587,NODE_F42DC973E618,child,2,B0:CB:D8:F3:32:19,-63,0,510,510,3,0,0,0,0
513879589,NODE_F42DC973E618,child,2,B0:CB:D8:F3:32:19,-63,0,510,510,3,0,0,0,0
513979587,NODE_F42DC973E618,child,2,B0:CB:D8:F3:32:19,-63,0,510,510,3,0,0,0,0
514079595,NODE_F42DC973E618,child,2,B0:CB:D8:F3:32:19,-64,0,511,511,3,0,0,0,0
514179593,NODE_F42DC973E618,child,2,B0:CB:D8:F3:32:19,-64,0,511,511,3,0,0,0,0
514279587,NODE_F42DC973E618,child,2,B0:CB:D8:F3:32:19,-64,0,511,511,3,0,0,0,0
514379591,NODE_F42DC973E618,child,2,B0:CB:D8:F3:32:19,-64,0,511,511,3,0,0,0,0
514479589,NODE_F42DC973E618,child,2,B0:CB:D8:F3:32:19,-64,0,511,511,3,0,0,0,0
514579587,NODE_F42DC973E618,child,2,B0:CB:D8:F3:32:19,-64,0,511,511,3,0,0,0,0
514679742,NODE_F42DC973E618,child,2,B0:CB:D8:F3:32:19,-64,0,511,511,3,0,0,0,0
514779589,NODE_F42DC973E618,child,2,B0:CB:D8:F3:32:19,-64,0,511,511,3,0,0,0,0
514879595,NODE_F42DC973E618,child,2,B0:CB:D8:F3:32:19,-64,0,511,511,3,0,0,0,0
514979587,NODE_F42DC973E618,child,2,B0:CB:D8:F3:32:19,-64,0,511,511,3,0,0,0,0
515079597,NODE_F42DC973E618,child,2,B0:CB:D8:F3:32:19,-64,0,512,512,3,0,0,0,0
515179587,NODE_F42DC973E618,child,2,B0:CB:D8:F3:32:19,-64,0,512,512,3,0,0,0,0
515279587,NODE_F42DC973E618,child,2,B0:CB:D8:F3:32:19,-64,0,512,512,3,0,0,0,0
515379593,NODE_F42DC973E618,child,2,B0:CB:D8:F3:32:19,-64,0,512,512,3,0,0,0,0
515479587,NODE_F42DC973E618,child,2,B0:CB:D8:F3:32:19,-64,0,512,512,3,0,0,0,0
515579587,NODE_F42DC973E618,child,2,B0:CB:D8:F3:32:19,-64,0,512,512,3,0,0,0,0
515679589,NODE_F42DC973E618,child,2,B0:CB:D8:F3:32:19,-64,0,512,512,3,0,0,0,0
515779587,NODE_F42DC973E618,child,2,B0:CB:D8:F3:32:19,-64,0,512,512,3,0,0,0,0
515879587,NODE_F42DC973E618,child,2,B0:CB:D8:F3:32:19,-64,0,512,512,3,0,0,0,0
515979593,NODE_F42DC973E618,child,2,B0:CB:D8:F3:32:19,-64,0,512,512,3,0,0,0,0
516079595,NODE_F42DC973E618,child,2,B0:CB:D8:F3:32:19,-64,0,513,513,3,0,0,0,0
516179595,NODE_F42DC973E618,child,2,B0:CB:D8:F3:32:19,-63,0,513,513,3,0,0,0,0
516279589,NODE_F42DC973E618,child,2,B0:CB:D8:F3:32:19,-63,0,513,513,3,0,0,0,0
516379587,NODE_F42DC973E618,child,2,B0:CB:D8:F3:32:19,-63,0,513,513,3,0,0,0,0
516479587,NODE_F42DC973E618,child,2,B0:CB:D8:F3:32:19,-63,0,513,513,3,0,0,0,0
516579589,NODE_F42DC973E618,child,2,B0:CB:D8:F3:32:19,-63,0,513,513,3,0,0,0,0
516679591,NODE_F42DC973E618,child,2,B0:CB:D8:F3:32:19,-63,0,513,513,3,0,0,0,0
516779587,NODE_F42DC973E618,child,2,B0:CB:D8:F3:32:19,-63,0,513,513,3,0,0,0,0
516879589,NODE_F42DC973E618,child,2,B0:CB:D8:F3:32:19,-63,0,513,513,3,0,0,0,0
516979583,NODE_F42DC973E618,child,2,B0:CB:D8:F3:32:19,-63,0,513,513,3,0,0,0,0
517079591,NODE_F42DC973E618,child,2,B0:CB:D8:F3:32:19,-63,0,514,514,3,0,0,0,0
517179597,NODE_F42DC973E618,child,2,B0:CB:D8:F3:32:19,-63,0,514,514,3,0,0,0,0
517279587,NODE_F42DC973E618,child,2,B0:CB:D8:F3:32:19,-63,0,514,514,3,0,0,0,0
517379591,NODE_F42DC973E618,child,2,B0:CB:D8:F3:32:19,-63,0,514,514,3,0,0,0,0
517479589,NODE_F42DC973E618,child,2,B0:CB:D8:F3:32:19,-63,0,514,514,3,0,0,0,0
517579587,NODE_F42DC973E618,child,2,B0:CB:D8:F3:32:19,-63,0,514,514,3,0,0,0,0
517679587,NODE_F42DC973E618,child,2,B0:CB:D8:F3:32:19,-63,0,514,514,3,0,0,0,0
517779589,NODE_F42DC973E618,child,2,B0:CB:D8:F3:32:19,-63,0,514,514,3,0,0,0,0
517879587,NODE_F42DC973E618,child,2,B0:CB:D8:F3:32:19,-63,0,514,514,3,0,0,0,0
517979591,NODE_F42DC973E618,child,2,B0:CB:D8:F3:32:19,-63,0,514,514,3,0,0,0,0
518079593,NODE_F42DC973E618,child,2,B0:CB:D8:F3:32:19,-63,0,515,515,3,0,0,0,0
518179595,NODE_F42DC973E618,child,2,B0:CB:D8:F3:32:19,-63,0,515,515,3,0,0,0,0
518279587,NODE_F42DC973E618,child,2,B0:CB:D8:F3:32:19,-63,0,515,515,3,0,0,0,0
518379589,NODE_F42DC973E618,child,2,B0:CB:D8:F3:32:19,-63,0,515,515,3,0,0,0,0
518479587,NODE_F42DC973E618,child,2,B0:CB:D8:F3:32:19,-63,0,515,515,3,0,0,0,0
518579587,NODE_F42DC973E618,child,2,B0:CB:D8:F3:32:19,-63,0,515,515,3,0,0,0,0
518679593,NODE_F42DC973E618,child,2,B0:CB:D8:F3:32:19,-63,0,515,515,3,0,0,0,0
518779579,NODE_F42DC973E618,child,2,B0:CB:D8:F3:32:19,-63,0,515,515,3,0,0,0,0
518879587,NODE_F42DC973E618,child,2,B0:CB:D8:F3:32:19,-63,0,515,515,3,0,0,0,0
518979593,NODE_F42DC973E618,child,2,B0:CB:D8:F3:32:19,-63,0,515,515,3,0,0,0,0
519079591,NODE_F42DC973E618,child,2,B0:CB:D8:F3:32:19,-63,0,516,516,3,0,0,0,0
519179595,NODE_F42DC973E618,child,2,B0:CB:D8:F3:32:19,-62,0,516,516,3,0,0,0,0
519279589,NODE_F42DC973E618,child,2,B0:CB:D8:F3:32:19,-62,0,516,516,3,0,0,0,0
519379591,NODE_F42DC973E618,child,2,B0:CB:D8:F3:32:19,-62,0,516,516,3,0,0,0,0
519479587,NODE_F42DC973E618,child,2,B0:CB:D8:F3:32:19,-62,0,516,516,3,0,0,0,0
519579589,NODE_F42DC973E618,child,2,B0:CB:D8:F3:32:19,-62,0,516,516,3,0,0,0,0
519679587,NODE_F42DC973E618,child,2,B0:CB:D8:F3:32:19,-62,0,516,516,3,0,0,0,0
519779587,NODE_F42DC973E618,child,2,B0:CB:D8:F3:32:19,-62,0,516,516,3,0,0,0,0
519879589,NODE_F42DC973E618,child,2,B0:CB:D8:F3:32:19,-62,0,516,516,3,0,0,0,0
519980064,NODE_F42DC973E618,child,2,B0:CB:D8:F3:32:19,-62,0,516,516,3,0,0,0,0
520079595,NODE_F42DC973E618,child,2,B0:CB:D8:F3:32:19,-62,0,517,517,3,0,0,0,0
520179593,NODE_F42DC973E618,child,2,B0:CB:D8:F3:32:19,-62,0,517,517,3,0,0,0,0
520279595,NODE_F42DC973E618,child,2,B0:CB:D8:F3:32:19,-63,0,517,517,3,0,0,0,0
520379587,NODE_F42DC973E618,child,2,B0:CB:D8:F3:32:19,-63,0,517,517,3,0,0,0,0
520479589,NODE_F42DC973E618,child,2,B0:CB:D8:F3:32:19,-63,0,517,517,3,0,0,0,0
520579587,NODE_F42DC973E618,child,2,B0:CB:D8:F3:32:19,-63,0,517,517,3,0,0,0,0
520679591,NODE_F42DC973E618,child,2,B0:CB:D8:F3:32:19,-63,0,517,517,3,0,0,0,0
520779589,NODE_F42DC973E618,child,2,B0:CB:D8:F3:32:19,-63,0,517,517,3,0,0,0,0
520879587,NODE_F42DC973E618,child,2,B0:CB:D8:F3:32:19,-63,0,517,517,3,0,0,0,0
520979587,NODE_F42DC973E618,child,2,B0:CB:D8:F3:32:19,-63,0,517,517,3,0,0,0,0
521079589,NODE_F42DC973E618,child,2,B0:CB:D8:F3:32:19,-63,0,518,518,3,0,0,0,0
521179591,NODE_F42DC973E618,child,2,B0:CB:D8:F3:32:19,-63,0,518,518,3,0,0,0,0
521279595,NODE_F42DC973E618,child,2,B0:CB:D8:F3:32:19,-63,0,518,518,3,0,0,0,0
521379589,NODE_F42DC973E618,child,2,B0:CB:D8:F3:32:19,-63,0,518,518,3,0,0,0,0
521479591,NODE_F42DC973E618,child,2,B0:CB:D8:F3:32:19,-63,0,518,518,3,0,0,0,0
521579587,NODE_F42DC973E618,child,2,B0:CB:D8:F3:32:19,-63,0,518,518,3,0,0,0,0
521679589,NODE_F42DC973E618,child,2,B0:CB:D8:F3:32:19,-63,0,518,518,3,0,0,0,0
521779587,NODE_F42DC973E618,child,2,B0:CB:D8:F3:32:19,-63,0,518,518,3,0,0,0,0
521879587,NODE_F42DC973E618,child,2,B0:CB:D8:F3:32:19,-63,0,518,518,3,0,0,0,0
521979589,NODE_F42DC973E618,child,2,B0:CB:D8:F3:32:19,-63,0,518,518,3,0,0,0,0
522079591,NODE_F42DC973E618,child,2,B0:CB:D8:F3:32:19,-63,0,519,519,3,0,0,0,0
522179591,NODE_F42DC973E618,child,2,B0:CB:D8:F3:32:19,-63,0,519,519,3,0,0,0,0
522279597,NODE_F42DC973E618,child,2,B0:CB:D8:F3:32:19,-62,0,519,519,3,0,0,0,0
522379587,NODE_F42DC973E618,child,2,B0:CB:D8:F3:32:19,-62,0,519,519,3,0,0,0,0
522479587,NODE_F42DC973E618,child,2,B0:CB:D8:F3:32:19,-62,0,519,519,3,0,0,0,0
522579589,NODE_F42DC973E618,child,2,B0:CB:D8:F3:32:19,-62,0,519,519,3,0,0,0,0
522679591,NODE_F42DC973E618,child,2,B0:CB:D8:F3:32:19,-62,0,519,519,3,0,0,0,0
522779587,NODE_F42DC973E618,child,2,B0:CB:D8:F3:32:19,-62,0,519,519,3,0,0,0,0
522879589,NODE_F42DC973E618,child,2,B0:CB:D8:F3:32:19,-62,0,519,519,3,0,0,0,0
522979587,NODE_F42DC973E618,child,2,B0:CB:D8:F3:32:19,-62,0,519,519,3,0,0,0,0
523079591,NODE_F42DC973E618,child,2,B0:CB:D8:F3:32:19,-62,0,520,520,3,0,0,0,0
523179589,NODE_F42DC973E618,child,2,B0:CB:D8:F3:32:19,-62,0,520,520,3,0,0,0,0
523279595,NODE_F42DC973E618,child,2,B0:CB:D8:F3:32:19,-64,0,520,520,3,0,0,0,0
523379591,NODE_F42DC973E618,child,2,B0:CB:D8:F3:32:19,-64,0,520,520,3,0,0,0,0
523479589,NODE_F42DC973E618,child,2,B0:CB:D8:F3:32:19,-64,0,520,520,3,0,0,0,0
523579587,NODE_F42DC973E618,child,2,B0:CB:D8:F3:32:19,-64,0,520,520,3,0,0,0,0
523679587,NODE_F42DC973E618,child,2,B0:CB:D8:F3:32:19,-64,0,520,520,3,0,0,0,0
523779589,NODE_F42DC973E618,child,2,B0:CB:D8:F3:32:19,-64,0,520,520,3,0,0,0,0
523879587,NODE_F42DC973E618,child,2,B0:CB:D8:F3:32:19,-64,0,520,520,3,0,0,0,0
523979587,NODE_F42DC973E618,child,2,B0:CB:D8:F3:32:19,-64,0,520,520,3,0,0,0,0
524079597,NODE_F42DC973E618,child,2,B0:CB:D8:F3:32:19,-64,0,521,521,3,0,0,0,0
524179587,NODE_F42DC973E618,child,2,B0:CB:D8:F3:32:19,-64,0,521,521,3,0,0,0,0
524279587,NODE_F42DC973E618,child,2,B0:CB:D8:F3:32:19,-64,0,521,521,3,0,0,0,0
524379597,NODE_F42DC973E618,child,2,B0:CB:D8:F3:32:19,-63,0,521,521,3,0,0,0,0
524479583,NODE_F42DC973E618,child,2,B0:CB:D8:F3:32:19,-63,0,521,521,3,0,0,0,0
524579583,NODE_F42DC973E618,child,2,B0:CB:D8:F3:32:19,-63,0,521,521,3,0,0,0,0
524679593,NODE_F42DC973E618,child,2,B0:CB:D8:F3:32:19,-63,0,521,521,3,0,0,0,0
524779583,NODE_F42DC973E618,child,2,B0:CB:D8:F3:32:19,-63,0,521,521,3,0,0,0,0
524879587,NODE_F42DC973E618,child,2,B0:CB:D8:F3:32:19,-63,0,521,521,3,0,0,0,0
524979585,NODE_F42DC973E618,child,2,B0:CB:D8:F3:32:19,-63,0,521,521,3,0,0,0,0
525079591,NODE_F42DC973E618,child,2,B0:CB:D8:F3:32:19,-63,0,522,522,3,0,0,0,0
525179595,NODE_F42DC973E618,child,2,B0:CB:D8:F3:32:19,-63,0,522,522,3,0,0,0,0
525279585,NODE_F42DC973E618,child,2,B0:CB:D8:F3:32:19,-63,0,522,522,3,0,0,0,0
525379595,NODE_F42DC973E618,child,2,B0:CB:D8:F3:32:19,-63,0,522,522,3,0,0,0,0
525479587,NODE_F42DC973E618,child,2,B0:CB:D8:F3:32:19,-63,0,522,522,3,0,0,0,0
525579589,NODE_F42DC973E618,child,2,B0:CB:D8:F3:32:19,-63,0,522,522,3,0,0,0,0
525679587,NODE_F42DC973E618,child,2,B0:CB:D8:F3:32:19,-63,0,522,522,3,0,0,0,0
525779587,NODE_F42DC973E618,child,2,B0:CB:D8:F3:32:19,-63,0,522,522,3,0,0,0,0
525879593,NODE_F42DC973E618,child,2,B0:CB:D8:F3:32:19,-63,0,522,522,3,0,0,0,0
525979587,NODE_F42DC973E618,child,2,B0:CB:D8:F3:32:19,-63,0,522,522,3,0,0,0,0
526079591,NODE_F42DC973E618,child,2,B0:CB:D8:F3:32:19,-63,0,523,523,3,0,0,0,0
526179593,NODE_F42DC973E618,child,2,B0:CB:D8:F3:32:19,-63,0,523,523,3,0,0,0,0
526279587,NODE_F42DC973E618,child,2,B0:CB:D8:F3:32:19,-63,0,523,523,3,0,0,0,0
526379595,NODE_F42DC973E618,child,2,B0:CB:D8:F3:32:19,-63,0,523,523,3,0,0,0,0
526479589,NODE_F42DC973E618,child,2,B0:CB:D8:F3:32:19,-63,0,523,523,3,0,0,0,0
526579591,NODE_F42DC973E618,child,2,B0:CB:D8:F3:32:19,-63,0,523,523,3,0,0,0,0
526679587,NODE_F42DC973E618,child,2,B0:CB:D8:F3:32:19,-63,0,523,523,3,0,0,0,0
526779589,NODE_F42DC973E618,child,2,B0:CB:D8:F3:32:19,-63,0,523,523,3,0,0,0,0
526879587,NODE_F42DC973E618,child,2,B0:CB:D8:F3:32:19,-63,0,523,523,3,0,0,0,0
526979587,NODE_F42DC973E618,child,2,B0:CB:D8:F3:32:19,-63,0,523,523,3,0,0,0,0
527079589,NODE_F42DC973E618,child,2,B0:CB:D8:F3:32:19,-63,0,524,524,3,0,0,0,0
527179595,NODE_F42DC973E618,child,2,B0:CB:D8:F3:32:19,-63,0,524,524,3,0,0,0,0
527279587,NODE_F42DC973E618,child,2,B0:CB:D8:F3:32:19,-63,0,524,524,3,0,0,0,0
527379597,NODE_F42DC973E618,child,2,B0:CB:D8:F3:32:19,-63,0,524,524,3,0,0,0,0
527479587,NODE_F42DC973E618,child,2,B0:CB:D8:F3:32:19,-63,0,524,524,3,0,0,0,0
527579587,NODE_F42DC973E618,child,2,B0:CB:D8:F3:32:19,-63,0,524,524,3,0,0,0,0
527679589,NODE_F42DC973E618,child,2,B0:CB:D8:F3:32:19,-63,0,524,524,3,0,0,0,0
527779587,NODE_F42DC973E618,child,2,B0:CB:D8:F3:32:19,-63,0,524,524,3,0,0,0,0
527879591,NODE_F42DC973E618,child,2,B0:CB:D8:F3:32:19,-63,0,524,524,3,0,0,0,0
527979589,NODE_F42DC973E618,child,2,B0:CB:D8:F3:32:19,-63,0,524,524,3,0,0,0,0
528079591,NODE_F42DC973E618,child,2,B0:CB:D8:F3:32:19,-63,0,525,525,3,0,0,0,0
528179591,NODE_F42DC973E618,child,2,B0:CB:D8:F3:32:19,-63,0,525,525,3,0,0,0,0
528279589,NODE_F42DC973E618,child,2,B0:CB:D8:F3:32:19,-63,0,525,525,3,0,0,0,0
528379588,NODE_F42DC973E618,child,2,B0:CB:D8:F3:32:19,-63,0,525,525,3,0,0,0,0
528479591,NODE_F42DC973E618,child,2,B0:CB:D8:F3:32:19,-63,0,525,525,3,0,0,0,0
528579593,NODE_F42DC973E618,child,2,B0:CB:D8:F3:32:19,-63,0,525,525,3,0,0,0,0
528679587,NODE_F42DC973E618,child,2,B0:CB:D8:F3:32:19,-63,0,525,525,3,0,0,0,0
528779587,NODE_F42DC973E618,child,2,B0:CB:D8:F3:32:19,-63,0,525,525,3,0,0,0,0
528879589,NODE_F42DC973E618,child,2,B0:CB:D8:F3:32:19,-63,0,525,525,3,0,0,0,0
528979587,NODE_F42DC973E618,child,2,B0:CB:D8:F3:32:19,-63,0,525,525,3,0,0,0,0
529079591,NODE_F42DC973E618,child,2,B0:CB:D8:F3:32:19,-63,0,526,526,3,0,0,0,0
529179593,NODE_F42DC973E618,child,2,B0:CB:D8:F3:32:19,-63,0,526,526,3,0,0,0,0
529279591,NODE_F42DC973E618,child,2,B0:CB:D8:F3:32:19,-63,0,526,526,3,0,0,0,0
529379587,NODE_F42DC973E618,child,2,B0:CB:D8:F3:32:19,-63,0,526,526,3,0,0,0,0
529479597,NODE_F42DC973E618,child,2,B0:CB:D8:F3:32:19,-63,0,526,526,3,0,0,0,0
529579587,NODE_F42DC973E618,child,2,B0:CB:D8:F3:32:19,-63,0,526,526,3,0,0,0,0
529679587,NODE_F42DC973E618,child,2,B0:CB:D8:F3:32:19,-63,0,526,526,3,0,0,0,0
529779589,NODE_F42DC973E618,child,2,B0:CB:D8:F3:32:19,-63,0,526,526,3,0,0,0,0
529879591,NODE_F42DC973E618,child,2,B0:CB:D8:F3:32:19,-63,0,526,526,3,0,0,0,0
529979587,NODE_F42DC973E618,child,2,B0:CB:D8:F3:32:19,-63,0,526,526,3,0,0,0,0
530079589,NODE_F42DC973E618,child,2,B0:CB:D8:F3:32:19,-63,0,527,527,3,0,0,0,0
530179591,NODE_F42DC973E618,child,2,B0:CB:D8:F3:32:19,-63,0,527,527,3,0,0,0,0
530279591,NODE_F42DC973E618,child,2,B0:CB:D8:F3:32:19,-63,0,527,527,3,0,0,0,0
530379589,NODE_F42DC973E618,child,2,B0:CB:D8:F3:32:19,-63,0,527,527,3,0,0,0,0
530479595,NODE_F42DC973E618,child,2,B0:CB:D8:F3:32:19,-64,0,527,527,3,0,0,0,0
530579591,NODE_F42DC973E618,child,2,B0:CB:D8:F3:32:19,-64,0,527,527,3,0,0,0,0
530679589,NODE_F42DC973E618,child,2,B0:CB:D8:F3:32:19,-64,0,527,527,3,0,0,0,0
530779587,NODE_F42DC973E618,child,2,B0:CB:D8:F3:32:19,-64,0,527,527,3,0,0,0,0
530879587,NODE_F42DC973E618,child,2,B0:CB:D8:F3:32:19,-64,0,527,527,3,0,0,0,0
530979589,NODE_F42DC973E618,child,2,B0:CB:D8:F3:32:19,-64,0,527,527,3,0,0,0,0
531079591,NODE_F42DC973E618,child,2,B0:CB:D8:F3:32:19,-64,0,527,527,3,0,0,0,0
531179591,NODE_F42DC973E618,child,2,B0:CB:D8:F3:32:19,-64,0,528,528,3,0,0,0,0
531279593,NODE_F42DC973E618,child,2,B0:CB:D8:F3:32:19,-64,0,528,528,3,0,0,0,0
531379587,NODE_F42DC973E618,child,2,B0:CB:D8:F3:32:19,-64,0,528,528,3,0,0,0,0
531479595,NODE_F42DC973E618,child,2,B0:CB:D8:F3:32:19,-62,0,528,528,3,0,0,0,0
531579589,NODE_F42DC973E618,child,2,B0:CB:D8:F3:32:19,-62,0,528,528,3,0,0,0,0
531679587,NODE_F42DC973E618,child,2,B0:CB:D8:F3:32:19,-62,0,528,528,3,0,0,0,0
531779587,NODE_F42DC973E618,child,2,B0:CB:D8:F3:32:19,-62,0,528,528,3,0,0,0,0
531879620,NODE_F42DC973E618,child,2,B0:CB:D8:F3:32:19,-62,0,528,528,3,0,0,0,0
531979587,NODE_F42DC973E618,child,2,B0:CB:D8:F3:32:19,-62,0,528,528,3,0,0,0,0
532080365,NODE_F42DC973E618,child,2,B0:CB:D8:F3:32:19,-62,0,528,528,3,0,0,0,0
532179593,NODE_F42DC973E618,child,2,B0:CB:D8:F3:32:19,-62,0,529,529,3,0,0,0,0
532279591,NODE_F42DC973E618,child,2,B0:CB:D8:F3:32:19,-62,0,529,529,3,0,0,0,0
532379587,NODE_F42DC973E618,child,2,B0:CB:D8:F3:32:19,-62,0,529,529,3,0,0,0,0
532479597,NODE_F42DC973E618,child,2,B0:CB:D8:F3:32:19,-62,0,529,529,3,0,0,0,0
532579595,NODE_F42DC973E618,child,2,B0:CB:D8:F3:32:19,-62,0,529,529,3,0,0,0,0
532679587,NODE_F42DC973E618,child,2,B0:CB:D8:F3:32:19,-62,0,529,529,3,0,0,0,0
532779585,NODE_F42DC973E618,child,2,B0:CB:D8:F3:32:19,-62,0,529,529,3,0,0,0,0
532879587,NODE_F42DC973E618,child,2,B0:CB:D8:F3:32:19,-62,0,529,529,3,0,0,0,0
532979583,NODE_F42DC973E618,child,2,B0:CB:D8:F3:32:19,-62,0,529,529,3,0,0,0,0
533079593,NODE_F42DC973E618,child,2,B0:CB:D8:F3:32:19,-62,0,529,529,3,0,0,0,0
533179595,NODE_F42DC973E618,child,2,B0:CB:D8:F3:32:19,-62,0,530,530,3,0,0,0,0
533279583,NODE_F42DC973E618,child,2,B0:CB:D8:F3:32:19,-62,0,530,530,3,0,0,0,0
533379593,NODE_F42DC973E618,child,2,B0:CB:D8:F3:32:19,-62,0,530,530,3,0,0,0,0
533479583,NODE_F42DC973E618,child,2,B0:CB:D8:F3:32:19,-62,0,530,530,3,0,0,0,0
533579595,NODE_F42DC973E618,child,2,B0:CB:D8:F3:32:19,-64,0,530,530,3,0,0,0,0
533679589,NODE_F42DC973E618,child,2,B0:CB:D8:F3:32:19,-64,0,530,530,3,0,0,0,0
533779587,NODE_F42DC973E618,child,2,B0:CB:D8:F3:32:19,-64,0,530,530,3,0,0,0,0
533879591,NODE_F42DC973E618,child,2,B0:CB:D8:F3:32:19,-64,0,530,530,3,0,0,0,0
533979589,NODE_F42DC973E618,child,2,B0:CB:D8:F3:32:19,-64,0,530,530,3,0,0,0,0
534079587,NODE_F42DC973E618,child,2,B0:CB:D8:F3:32:19,-64,0,530,530,3,0,0,0,0
534179591,NODE_F42DC973E618,child,2,B0:CB:D8:F3:32:19,-64,0,531,531,3,0,0,0,0
534279589,NODE_F42DC973E618,child,2,B0:CB:D8:F3:32:19,-64,0,531,531,3,0,0,0,0
534379591,NODE_F42DC973E618,child,2,B0:CB:D8:F3:32:19,-64,0,531,531,3,0,0,0,0
534479587,NODE_F42DC973E618,child,2,B0:CB:D8:F3:32:19,-64,0,531,531,3,0,0,0,0
534579601,NODE_F42DC973E618,child,2,B0:CB:D8:F3:32:19,-63,0,531,531,3,0,0,0,0
534679587,NODE_F42DC973E618,child,2,B0:CB:D8:F3:32:19,-63,0,531,531,3,0,0,0,0
534779587,NODE_F42DC973E618,child,2,B0:CB:D8:F3:32:19,-63,0,531,531,3,0,0,0,0
534879589,NODE_F42DC973E618,child,2,B0:CB:D8:F3:32:19,-63,0,531,531,3,0,0,0,0
534979587,NODE_F42DC973E618,child,2,B0:CB:D8:F3:32:19,-63,0,531,531,3,0,0,0,0
535079587,NODE_F42DC973E618,child,2,B0:CB:D8:F3:32:19,-63,0,531,531,3,0,0,0,0
535179597,NODE_F42DC973E618,child,2,B0:CB:D8:F3:32:19,-63,0,532,532,3,0,0,0,0
535279587,NODE_F42DC973E618,child,2,B0:CB:D8:F3:32:19,-63,0,532,532,3,0,0,0,0
535379591,NODE_F42DC973E618,child,2,B0:CB:D8:F3:32:19,-63,0,532,532,3,0,0,0,0
535479593,NODE_F42DC973E618,child,2,B0:CB:D8:F3:32:19,-63,0,532,532,3,0,0,0,0
535579595,NODE_F42DC973E618,child,2,B0:CB:D8:F3:32:19,-64,0,532,532,3,0,0,0,0
535679587,NODE_F42DC973E618,child,2,B0:CB:D8:F3:32:19,-64,0,532,532,3,0,0,0,0
535779589,NODE_F42DC973E618,child,2,B0:CB:D8:F3:32:19,-64,0,532,532,3,0,0,0,0
535879591,NODE_F42DC973E618,child,2,B0:CB:D8:F3:32:19,-64,0,532,532,3,0,0,0,0
535979587,NODE_F42DC973E618,child,2,B0:CB:D8:F3:32:19,-64,0,532,532,3,0,0,0,0
536079593,NODE_F42DC973E618,child,2,B0:CB:D8:F3:32:19,-64,0,532,532,3,0,0,0,0
536179591,NODE_F42DC973E618,child,2,B0:CB:D8:F3:32:19,-64,0,533,533,3,0,0,0,0
536279587,NODE_F42DC973E618,child,2,B0:CB:D8:F3:32:19,-64,0,533,533,3,0,0,0,0
536379597,NODE_F42DC973E618,child,2,B0:CB:D8:F3:32:19,-64,0,533,533,3,0,0,0,0
536479587,NODE_F42DC973E618,child,2,B0:CB:D8:F3:32:19,-64,0,533,533,3,0,0,0,0
536579595,NODE_F42DC973E618,child,2,B0:CB:D8:F3:32:19,-64,0,533,533,3,0,0,0,0
536679589,NODE_F42DC973E618,child,2,B0:CB:D8:F3:32:19,-64,0,533,533,3,0,0,0,0
536779587,NODE_F42DC973E618,child,2,B0:CB:D8:F3:32:19,-64,0,533,533,3,0,0,0,0
536879587,NODE_F42DC973E618,child,2,B0:CB:D8:F3:32:19,-64,0,533,533,3,0,0,0,0
536979589,NODE_F42DC973E618,child,2,B0:CB:D8:F3:32:19,-64,0,533,533,3,0,0,0,0
537079591,NODE_F42DC973E618,child,2,B0:CB:D8:F3:32:19,-64,0,533,533,3,0,0,0,0
537179599,NODE_F42DC973E618,child,2,B0:CB:D8:F3:32:19,-64,0,534,534,3,0,0,0,0
537279589,NODE_F42DC973E618,child,2,B0:CB:D8:F3:32:19,-64,0,534,534,3,0,0,0,0
537379587,NODE_F42DC973E618,child,2,B0:CB:D8:F3:32:19,-64,0,534,534,3,0,0,0,0
537479591,NODE_F42DC973E618,child,2,B0:CB:D8:F3:32:19,-64,0,534,534,3,0,0,0,0
537579589,NODE_F42DC973E618,child,2,B0:CB:D8:F3:32:19,-64,0,534,534,3,0,0,0,0
537679599,NODE_F42DC973E618,child,2,B0:CB:D8:F3:32:19,-64,0,534,534,3,0,0,0,0
537779587,NODE_F42DC973E618,child,2,B0:CB:D8:F3:32:19,-64,0,534,534,3,0,0,0,0
537879589,NODE_F42DC973E618,child,2,B0:CB:D8:F3:32:19,-64,0,534,534,3,0,0,0,0
537979587,NODE_F42DC973E618,child,2,B0:CB:D8:F3:32:19,-64,0,534,534,3,0,0,0,0
538079587,NODE_F42DC973E618,child,2,B0:CB:D8:F3:32:19,-64,0,534,534,3,0,0,0,0
538179593,NODE_F42DC973E618,child,2,B0:CB:D8:F3:32:19,-64,0,535,535,3,0,0,0,0
538279587,NODE_F42DC973E618,child,2,B0:CB:D8:F3:32:19,-64,0,535,535,3,0,0,0,0
538379591,NODE_F42DC973E618,child,2,B0:CB:D8:F3:32:19,-64,0,535,535,3,0,0,0,0
538479593,NODE_F42DC973E618,child,2,B0:CB:D8:F3:32:19,-64,0,535,535,3,0,0,0,0
538579587,NODE_F42DC973E618,child,2,B0:CB:D8:F3:32:19,-64,0,535,535,3,0,0,0,0
538679595,NODE_F42DC973E618,child,2,B0:CB:D8:F3:32:19,-62,0,535,535,3,0,0,0,0
538779589,NODE_F42DC973E618,child,2,B0:CB:D8:F3:32:19,-62,0,535,535,3,0,0,0,0
538879587,NODE_F42DC973E618,child,2,B0:CB:D8:F3:32:19,-62,0,535,535,3,0,0,0,0
538979587,NODE_F42DC973E618,child,2,B0:CB:D8:F3:32:19,-62,0,535,535,3,0,0,0,0
539079597,NODE_F42DC973E618,child,2,B0:CB:D8:F3:32:19,-62,0,535,535,3,0,0,0,0
539179591,NODE_F42DC973E618,child,2,B0:CB:D8:F3:32:19,-62,0,536,536,3,0,0,0,0
539279587,NODE_F42DC973E618,child,2,B0:CB:D8:F3:32:19,-62,0,536,536,3,0,0,0,0
539379589,NODE_F42DC973E618,child,2,B0:CB:D8:F3:32:19,-62,0,536,536,3,0,0,0,0
539479591,NODE_F42DC973E618,child,2,B0:CB:D8:F3:32:19,-62,0,536,536,3,0,0,0,0
539579587,NODE_F42DC973E618,child,2,B0:CB:D8:F3:32:19,-62,0,536,536,3,0,0,0,0
539679601,NODE_F42DC973E618,child,2,B0:CB:D8:F3:32:19,-63,0,536,536,3,0,0,0,0
539779587,NODE_F42DC973E618,child,2,B0:CB:D8:F3:32:19,-63,0,536,536,3,0,0,0,0
539879587,NODE_F42DC973E618,child,2,B0:CB:D8:F3:32:19,-63,0,536,536,3,0,0,0,0
539979589,NODE_F42DC973E618,child,2,B0:CB:D8:F3:32:19,-63,0,536,536,3,0,0,0,0
540079587,NODE_F42DC973E618,child,2,B0:CB:D8:F3:32:19,-63,0,536,536,3,0,0,0,0
540179591,NODE_F42DC973E618,child,2,B0:CB:D8:F3:32:19,-63,0,537,537,3,0,0,0,0
540279589,NODE_F42DC973E618,child,2,B0:CB:D8:F3:32:19,-63,0,537,537,3,0,0,0,0
540379591,NODE_F42DC973E618,child,2,B0:CB:D8:F3:32:19,-63,0,537,537,3,0,0,0,0
540479591,NODE_F42DC973E618,child,2,B0:CB:D8:F3:32:19,-63,0,537,537,3,0,0,0,0
540579589,NODE_F42DC973E618,child,2,B0:CB:D8:F3:32:19,-63,0,537,537,3,0,0,0,0
540679595,NODE_F42DC973E618,child,2,B0:CB:D8:F3:32:19,-61,0,537,537,3,0,0,0,0
540779587,NODE_F42DC973E618,child,2,B0:CB:D8:F3:32:19,-61,0,537,537,3,0,0,0,0
540879589,NODE_F42DC973E618,child,2,B0:CB:D8:F3:32:19,-61,0,537,537,3,0,0,0,0
540979587,NODE_F42DC973E618,child,2,B0:CB:D8:F3:32:19,-61,0,537,537,3,0,0,0,0
541079591,NODE_F42DC973E618,child,2,B0:CB:D8:F3:32:19,-61,0,537,537,3,0,0,0,0
541179593,NODE_F42DC973E618,child,2,B0:CB:D8:F3:32:19,-61,0,538,538,3,0,0,0,0
541279587,NODE_F42DC973E618,child,2,B0:CB:D8:F3:32:19,-61,0,538,538,3,0,0,0,0
541379587,NODE_F42DC973E618,child,2,B0:CB:D8:F3:32:19,-61,0,538,538,3,0,0,0,0
