timestamp_us,node_id,role,layer,parent_mac,rssi_dbm,retry_count,tx_count,probes_count,phase_id,gt_label,recv_count,forward_count,drop_count
7669572,NODE_B0CBD8F33218,root,1,00:00:00:00:00:00,0,0,0,0,255,255,0,0,0
7903059,NODE_B0CBD8F33218,root,1,00:00:00:00:00:00,0,0,0,0,255,255,0,0,0
7904623,NODE_B0CBD8F33218,root,1,00:00:00:00:00:00,0,0,0,0,255,255,0,0,0
7969570,NODE_B0CBD8F33218,root,1,00:00:00:00:00:00,0,0,0,0,255,255,0,0,0
8137334,NODE_B0CBD8F33218,root,1,00:00:00:00:00:00,0,0,0,1,255,255,0,0,0
8169568,NODE_B0CBD8F33218,root,1,00:00:00:00:00:00,0,0,0,1,255,255,0,0,0
8269568,NODE_B0CBD8F33218,root,1,00:00:00:00:00:00,0,0,0,1,255,255,0,0,0
8369562,NODE_B0CBD8F33218,root,1,00:00:00:00:00:00,0,0,0,1,255,255,0,0,0
8469568,NODE_B0CBD8F33218,root,1,00:00:00:00:00:00,0,0,0,1,255,255,0,0,0
8569568,NODE_B0CBD8F33218,root,1,00:00:00:00:00:00,0,0,0,2,255,255,0,0,0
8669570,NODE_B0CBD8F33218,root,1,00:00:00:00:00:00,0,0,0,2,255,255,0,0,0
8769560,NODE_B0CBD8F33218,root,1,00:00:00:00:00:00,0,0,0,2,255,255,0,0,0
8869572,NODE_B0CBD8F33218,root,1,00:00:00:00:00:00,0,0,0,3,255,255,0,0,0
8969570,NODE_B0CBD8F33218,root,1,00:00:00:00:00:00,0,0,0,3,255,255,0,0,0
9069568,NODE_B0CBD8F33218,root,1,00:00:00:00:00:00,0,0,0,3,255,255,0,0,0
9169560,NODE_B0CBD8F33218,root,1,00:00:00:00:00:00,0,0,0,3,255,255,0,0,0
9269570,NODE_B0CBD8F33218,root,1,00:00:00:00:00:00,0,0,0,3,255,255,0,0,0
9369560,NODE_B0CBD8F33218,root,1,00:00:00:00:00:00,0,0,0,3,255,255,0,0,0
9469568,NODE_B0CBD8F33218,root,1,00:00:00:00:00:00,0,0,0,3,255,255,0,0,0
9569574,NODE_B0CBD8F33218,root,1,00:00:00:00:00:00,0,0,0,4,255,255,0,0,0
9669574,NODE_B0CBD8F33218,root,1,00:00:00:00:00:00,0,0,0,4,255,255,0,0,0
9769566,NODE_B0CBD8F33218,root,1,00:00:00:00:00:00,0,0,0,4,255,255,0,0,0
9869574,NODE_B0CBD8F33218,root,1,00:00:00:00:00:00,0,0,0,5,255,255,0,0,0
9969568,NODE_B0CBD8F33218,root,1,00:00:00:00:00:00,0,0,0,5,255,255,0,0,0
10069568,NODE_B0CBD8F33218,root,1,00:00:00:00:00:00,0,0,0,5,255,255,0,0,0
10169566,NODE_B0CBD8F33218,root,1,00:00:00:00:00:00,0,0,0,5,255,255,0,0,0
10269568,NODE_B0CBD8F33218,root,1,00:00:00:00:00:00,0,0,0,5,255,255,0,0,0
10369584,NODE_B0CBD8F33218,root,1,00:00:00:00:00:00,0,0,0,5,255,255,0,0,0
10469885,NODE_B0CBD8F33218,root,1,00:00:00:00:00:00,0,0,0,5,255,255,0,0,0
10569572,NODE_B0CBD8F33218,root,1,00:00:00:00:00:00,0,0,0,6,255,255,0,0,0
10669564,NODE_B0CBD8F33218,root,1,00:00:00:00:00:00,0,0,0,6,255,255,0,0,0
10769566,NODE_B0CBD8F33218,root,1,00:00:00:00:00:00,0,0,0,6,255,255,0,0,0
10869572,NODE_B0CBD8F33218,root,1,00:00:00:00:00:00,0,0,0,7,255,255,0,0,0
10969564,NODE_B0CBD8F33218,root,1,00:00:00:00:00:00,0,0,0,7,255,255,0,0,0
11069570,NODE_B0CBD8F33218,root,1,00:00:00:00:00:00,0,0,0,7,255,255,0,0,0
11169564,NODE_B0CBD8F33218,root,1,00:00:00:00:00:00,0,0,0,7,255,255,0,0,0
11269568,NODE_B0CBD8F33218,root,1,00:00:00:00:00:00,0,0,0,7,255,255,0,0,0
11369570,NODE_B0CBD8F33218,root,1,00:00:00:00:00:00,0,0,0,7,255,255,0,0,0
11469560,NODE_B0CBD8F33218,root,1,00:00:00:00:00:00,0,0,0,7,255,255,0,0,0
11569572,NODE_B0CBD8F33218,root,1,00:00:00:00:00:00,0,0,0,8,255,255,0,0,0
11669570,NODE_B0CBD8F33218,root,1,00:00:00:00:00:00,0,0,0,8,255,255,0,0,0
11769560,NODE_B0CBD8F33218,root,1,00:00:00:00:00:00,0,0,0,8,255,255,0,0,0
11869568,NODE_B0CBD8F33218,root,1,00:00:00:00:00:00,0,0,0,9,255,255,0,0,0
11969570,NODE_B0CBD8F33218,root,1,00:00:00:00:00:00,0,0,0,9,255,255,0,0,0
12069568,NODE_B0CBD8F33218,root,1,00:00:00:00:00:00,0,0,0,9,255,255,0,0,0
12169560,NODE_B0CBD8F33218,root,1,00:00:00:00:00:00,0,0,0,9,255,255,0,0,0
12269570,NODE_B0CBD8F33218,root,1,00:00:00:00:00:00,0,0,0,9,255,255,0,0,0
12369568,NODE_B0CBD8F33218,root,1,00:00:00:00:00:00,0,0,0,9,255,255,0,0,0
12469560,NODE_B0CBD8F33218,root,1,00:00:00:00:00:00,0,0,0,9,255,255,0,0,0
12569578,NODE_B0CBD8F33218,root,1,00:00:00:00:00:00,0,0,0,10,255,255,0,0,0
12669572,NODE_B0CBD8F33218,root,1,00:00:00:00:00:00,0,0,0,10,255,255,0,0,0
12769564,NODE_B0CBD8F33218,root,1,00:00:00:00:00:00,0,0,0,10,255,255,0,0,0
12869570,NODE_B0CBD8F33218,root,1,00:00:00:00:00:00,0,0,0,11,255,255,0,0,0
12969564,NODE_B0CBD8F33218,root,1,00:00:00:00:00:00,0,0,0,11,255,255,0,0,0
13069564,NODE_B0CBD8F33218,root,1,00:00:00:00:00:00,0,0,0,11,255,255,0,0,0
13169566,NODE_B0CBD8F33218,root,1,00:00:00:00:00:00,0,0,0,11,255,255,0,0,0
13269564,NODE_B0CBD8F33218,root,1,00:00:00:00:00:00,0,0,0,11,255,255,0,0,0
13369564,NODE_B0CBD8F33218,root,1,00:00:00:00:00:00,0,0,0,11,255,255,0,0,0
13469562,NODE_B0CBD8F33218,root,1,00:00:00:00:00:00,0,0,0,11,255,255,0,0,0
13570370,NODE_B0CBD8F33218,root,1,00:00:00:00:00:00,0,0,0,12,255,255,0,0,0
13669570,NODE_B0CBD8F33218,root,1,00:00:00:00:00:00,0,0,0,12,255,255,0,0,0
13769567,NODE_B0CBD8F33218,root,1,00:00:00:00:00:00,0,0,0,12,255,255,0,0,0
13869568,NODE_B0CBD8F33218,root,1,00:00:00:00:00:00,0,0,0,13,255,255,0,0,0
13969564,NODE_B0CBD8F33218,root,1,00:00:00:00:00:00,0,0,0,13,255,255,0,0,0
14069566,NODE_B0CBD8F33218,root,1,00:00:00:00:00:00,0,0,0,13,255,255,0,0,0
14169560,NODE_B0CBD8F33218,root,1,00:00:00:00:00:00,0,0,0,13,255,255,0,0,0
14269564,NODE_B0CBD8F33218,root,1,00:00:00:00:00:00,0,0,0,13,255,255,0,0,0
14369566,NODE_B0CBD8F33218,root,1,00:00:00:00:00:00,0,0,0,13,255,255,0,0,0
14469560,NODE_B0CBD8F33218,root,1,00:00:00:00:00:00,0,0,0,13,255,255,0,0,0
14569570,NODE_B0CBD8F33218,root,1,00:00:00:00:00:00,0,0,0,14,255,255,0,0,0
14669570,NODE_B0CBD8F33218,root,1,00:00:00:00:00:00,0,0,0,14,255,255,0,0,0
14769888,NODE_B0CBD8F33218,root,1,00:00:00:00:00:00,0,0,0,14,255,255,0,0,0
14869568,NODE_B0CBD8F33218,root,1,00:00:00:00:00:00,0,0,0,15,255,255,0,0,0
14969566,NODE_B0CBD8F33218,root,1,00:00:00:00:00:00,0,0,0,15,255,255,0,0,0
15069568,NODE_B0CBD8F33218,root,1,00:00:00:00:00:00,0,0,0,15,255,255,0,0,0
15169564,NODE_B0CBD8F33218,root,1,00:00:00:00:00:00,0,0,0,15,255,255,0,0,0
15269570,NODE_B0CBD8F33218,root,1,00:00:00:00:00:00,0,0,0,15,255,255,0,0,0
15369568,NODE_B0CBD8F33218,root,1,00:00:00:00:00:00,0,0,0,15,255,255,0,0,0
15469560,NODE_B0CBD8F33218,root,1,00:00:00:00:00:00,0,0,0,15,255,255,0,0,0
15569957,NODE_B0CBD8F33218,root,1,00:00:00:00:00:00,0,0,0,16,255,255,0,0,0
15669572,NODE_B0CBD8F33218,root,1,00:00:00:00:00:00,0,0,0,16,255,255,0,0,0
15769564,NODE_B0CBD8F33218,root,1,00:00:00:00:00:00,0,0,0,16,255,255,0,0,0
15869574,NODE_B0CBD8F33218,root,1,00:00:00:00:00:00,0,0,0,17,255,255,0,0,0
15969568,NODE_B0CBD8F33218,root,1,00:00:00:00:00:00,0,0,0,17,255,255,0,0,0
16069568,NODE_B0CBD8F33218,root,1,00:00:00:00:00:00,0,0,0,17,255,255,0,0,0
16169566,NODE_B0CBD8F33218,root,1,00:00:00:00:00:00,0,0,0,17,255,255,0,0,0
16269568,NODE_B0CBD8F33218,root,1,00:00:00:00:00:00,0,0,0,17,255,255,0,0,0
16369568,NODE_B0CBD8F33218,root,1,00:00:00:00:00:00,0,0,0,17,255,255,0,0,0
16469562,NODE_B0CBD8F33218,root,1,00:00:00:00:00:00,0,0,0,17,255,255,0,0,0
16569919,NODE_B0CBD8F33218,root,1,00:00:00:00:00:00,0,0,0,18,255,255,0,0,0
16669568,NODE_B0CBD8F33218,root,1,00:00:00:00:00:00,0,0,0,18,255,255,0,0,0
16769566,NODE_B0CBD8F33218,root,1,00:00:00:00:00:00,0,0,0,18,255,255,0,0,0
16869572,NODE_B0CBD8F33218,root,1,00:00:00:00:00:00,0,0,0,19,255,255,0,0,0
16969564,NODE_B0CBD8F33218,root,1,00:00:00:00:00:00,0,0,0,19,255,255,0,0,0
17069570,NODE_B0CBD8F33218,root,1,00:00:00:00:00:00,0,0,0,19,255,255,0,0,0
17169560,NODE_B0CBD8F33218,root,1,00:00:00:00:00:00,0,0,0,19,255,255,0,0,0
17269568,NODE_B0CBD8F33218,root,1,00:00:00:00:00:00,0,0,0,19,255,255,0,0,0
17369570,NODE_B0CBD8F33218,root,1,00:00:00:00:00:00,0,0,0,19,255,255,0,0,0
17469560,NODE_B0CBD8F33218,root,1,00:00:00:00:00:00,0,0,0,19,255,255,0,0,0
17569890,NODE_B0CBD8F33218,root,1,00:00:00:00:00:00,0,0,0,20,255,255,0,0,0
17669574,NODE_B0CBD8F33218,root,1,00:00:00:00:00:00,0,0,0,20,255,255,0,0,0
17769564,NODE_B0CBD8F33218,root,1,00:00:00:00:00:00,0,0,0,20,255,255,0,0,0
17869568,NODE_B0CBD8F33218,root,1,00:00:00:00:00:00,0,0,0,21,255,255,0,0,0
17969566,NODE_B0CBD8F33218,root,1,00:00:00:00:00:00,0,0,0,21,255,255,0,0,0
18069564,NODE_B0CBD8F33218,root,1,00:00:00:00:00:00,0,0,0,21,255,255,0,0,0
18169560,NODE_B0CBD8F33218,root,1,00:00:00:00:00:00,0,0,0,21,255,255,0,0,0
18269566,NODE_B0CBD8F33218,root,1,00:00:00:00:00:00,0,0,0,21,255,255,0,0,0
18369564,NODE_B0CBD8F33218,root,1,00:00:00:00:00:00,0,0,0,21,255,255,0,0,0
18469560,NODE_B0CBD8F33218,root,1,00:00:00:00:00:00,0,0,0,21,255,255,0,0,0
18569570,NODE_B0CBD8F33218,root,1,00:00:00:00:00:00,0,0,0,22,255,255,0,0,0
18669564,NODE_B0CBD8F33218,root,1,00:00:00:00:00:00,0,0,0,22,255,255,0,0,0
18769564,NODE_B0CBD8F33218,root,1,00:00:00:00:00:00,0,0,0,22,255,255,0,0,0
18869570,NODE_B0CBD8F33218,root,1,00:00:00:00:00:00,0,0,0,23,255,255,0,0,0
18969564,NODE_B0CBD8F33218,root,1,00:00:00:00:00:00,0,0,0,23,255,255,0,0,0
19069564,NODE_B0CBD8F33218,root,1,00:00:00:00:00:00,0,0,0,23,255,255,0,0,0
19169566,NODE_B0CBD8F33218,root,1,00:00:00:00:00:00,0,0,0,23,255,255,0,0,0
19269564,NODE_B0CBD8F33218,root,1,00:00:00:00:00:00,0,0,0,23,255,255,0,0,0
19369564,NODE_B0CBD8F33218,root,1,00:00:00:00:00:00,0,0,0,23,255,255,0,0,0
19469566,NODE_B0CBD8F33218,root,1,00:00:00:00:00:00,0,0,0,23,255,255,0,0,0
19569714,NODE_B0CBD8F33218,root,1,00:00:00:00:00:00,0,0,0,24,255,255,0,0,0
19669568,NODE_B0CBD8F33218,root,1,00:00:00:00:00:00,0,0,0,24,255,255,0,0,0
19769566,NODE_B0CBD8F33218,root,1,00:00:00:00:00:00,0,0,0,24,255,255,0,0,0
19869568,NODE_B0CBD8F33218,root,1,00:00:00:00:00:00,0,0,0,25,255,255,0,0,0
19969564,NODE_B0CBD8F33218,root,1,00:00:00:00:00:00,0,0,0,25,255,255,0,0,0
20069570,NODE_B0CBD8F33218,root,1,00:00:00:00:00:00,0,0,0,25,255,255,0,0,0
20169560,NODE_B0CBD8F33218,root,1,00:00:00:00:00:00,0,0,0,25,255,255,0,0,0
20269568,NODE_B0CBD8F33218,root,1,00:00:00:00:00:00,0,0,0,25,255,255,0,0,0
20369570,NODE_B0CBD8F33218,root,1,00:00:00:00:00:00,0,0,0,25,255,255,0,0,0
20469560,NODE_B0CBD8F33218,root,1,00:00:00:00:00:00,0,0,0,25,255,255,0,0,0
20569576,NODE_B0CBD8F33218,root,1,00:00:00:00:00:00,0,0,0,26,255,255,0,0,0
20669570,NODE_B0CBD8F33218,root,1,00:00:00:00:00:00,0,0,0,26,255,255,0,0,0
20769560,NODE_B0CBD8F33218,root,1,00:00:00:00:00:00,0,0,0,26,255,255,0,0,0
20869572,NODE_B0CBD8F33218,root,1,00:00:00:00:00:00,0,0,0,27,255,255,0,0,0
20969570,NODE_B0CBD8F33218,root,1,00:00:00:00:00:00,0,0,0,27,255,255,0,0,0
21069568,NODE_B0CBD8F33218,root,1,00:00:00:00:00:00,0,0,0,27,255,255,0,0,0
21169560,NODE_B0CBD8F33218,root,1,00:00:00:00:00:00,0,0,0,27,255,255,0,0,0
21269570,NODE_B0CBD8F33218,root,1,00:00:00:00:00:00,0,0,0,27,255,255,0,0,0
21369568,NODE_B0CBD8F33218,root,1,00:00:00:00:00:00,0,0,0,27,255,255,0,0,0
21469560,NODE_B0CBD8F33218,root,1,00:00:00:00:00:00,0,0,0,27,255,255,0,0,0
21569921,NODE_B0CBD8F33218,root,1,00:00:00:00:00:00,0,0,0,28,255,255,0,0,0
21669568,NODE_B0CBD8F33218,root,1,00:00:00:00:00:00,0,0,0,28,255,255,0,0,0
21769564,NODE_B0CBD8F33218,root,1,00:00:00:00:00:00,0,0,0,28,255,255,0,0,0
21869574,NODE_B0CBD8F33218,root,1,00:00:00:00:00:00,0,0,0,29,255,255,0,0,0
21969568,NODE_B0CBD8F33218,root,1,00:00:00:00:00:00,0,0,0,29,255,255,0,0,0
22069568,NODE_B0CBD8F33218,root,1,00:00:00:00:00:00,0,0,0,29,255,255,0,0,0
22169566,NODE_B0CBD8F33218,root,1,00:00:00:00:00:00,0,0,0,29,255,255,0,0,0
22269568,NODE_B0CBD8F33218,root,1,00:00:00:00:00:00,0,0,0,29,255,255,0,0,0
22369568,NODE_B0CBD8F33218,root,1,00:00:00:00:00:00,0,0,0,29,255,255,0,0,0
22469562,NODE_B0CBD8F33218,root,1,00:00:00:00:00:00,0,0,0,29,255,255,0,0,0
22569875,NODE_B0CBD8F33218,root,1,00:00:00:00:00:00,0,0,0,30,255,255,0,0,0
22669572,NODE_B0CBD8F33218,root,1,00:00:00:00:00:00,0,0,0,30,255,255,0,0,0
22769566,NODE_B0CBD8F33218,root,1,00:00:00:00:00:00,0,0,0,30,255,255,0,0,0
22869568,NODE_B0CBD8F33218,root,1,00:00:00:00:00:00,0,0,0,31,255,255,0,0,0
22969564,NODE_B0CBD8F33218,root,1,00:00:00:00:00:00,0,0,0,31,255,255,0,0,0
23069566,NODE_B0CBD8F33218,root,1,00:00:00:00:00:00,0,0,0,31,255,255,0,0,0
23169740,NODE_B0CBD8F33218,root,1,00:00:00:00:00:00,0,0,0,31,255,255,0,0,0
23269564,NODE_B0CBD8F33218,root,1,00:00:00:00:00:00,0,0,0,31,255,255,0,0,0
23369566,NODE_B0CBD8F33218,root,1,00:00:00:00:00:00,0,0,0,31,255,255,0,0,0
23469564,NODE_B0CBD8F33218,root,1,00:00:00:00:00:00,0,0,0,31,255,255,0,0,0
23569568,NODE_B0CBD8F33218,root,1,00:00:00:00:00:00,0,0,0,32,255,255,0,0,0
23669566,NODE_B0CBD8F33218,root,1,00:00:00:00:00:00,0,0,0,32,255,255,0,0,0
23769564,NODE_B0CBD8F33218,root,1,00:00:00:00:00:00,0,0,0,32,255,255,0,0,0
23869568,NODE_B0CBD8F33218,root,1,00:00:00:00:00:00,0,0,0,33,255,255,0,0,0
23969566,NODE_B0CBD8F33218,root,1,00:00:00:00:00:00,0,0,0,33,255,255,0,0,0
24069564,NODE_B0CBD8F33218,root,1,00:00:00:00:00:00,0,0,0,33,255,255,0,0,0
24169560,NODE_B0CBD8F33218,root,1,00:00:00:00:00:00,0,0,0,33,255,255,0,0,0
24269566,NODE_B0CBD8F33218,root,1,00:00:00:00:00:00,0,0,0,33,255,255,0,0,0
24369564,NODE_B0CBD8F33218,root,1,00:00:00:00:00:00,0,0,0,33,255,255,0,0,0
24469560,NODE_B0CBD8F33218,root,1,00:00:00:00:00:00,0,0,0,33,255,255,0,0,0
24569700,NODE_B0CBD8F33218,root,1,00:00:00:00:00:00,0,0,0,34,255,255,0,0,0
24669572,NODE_B0CBD8F33218,root,1,00:00:00:00:00:00,0,0,0,34,255,255,0,0,0
24769564,NODE_B0CBD8F33218,root,1,00:00:00:00:00:00,0,0,0,34,255,255,0,0,0
24869570,NODE_B0CBD8F33218,root,1,00:00:00:00:00:00,0,0,0,35,255,255,0,0,0
24969564,NODE_B0CBD8F33218,root,1,00:00:00:00:00:00,0,0,0,35,255,255,0,0,0
25069568,NODE_B0CBD8F33218,root,1,00:00:00:00:00:00,0,0,0,35,255,255,0,0,0
25169566,NODE_B0CBD8F33218,root,1,00:00:00:00:00:00,0,0,0,35,255,255,0,0,0
25269568,NODE_B0CBD8F33218,root,1,00:00:00:00:00:00,0,0,0,35,255,255,0,0,0
25369568,NODE_B0CBD8F33218,root,1,00:00:00:00:00:00,0,0,0,35,255,255,0,0,0
25469562,NODE_B0CBD8F33218,root,1,00:00:00:00:00:00,0,0,0,35,255,255,0,0,0
25569919,NODE_B0CBD8F33218,root,1,00:00:00:00:00:00,0,0,0,36,255,255,0,0,0
25669572,NODE_B0CBD8F33218,root,1,00:00:00:00:00:00,0,0,0,36,255,255,0,0,0
25769566,NODE_B0CBD8F33218,root,1,00:00:00:00:00:00,0,0,0,36,255,255,0,0,0
25869572,NODE_B0CBD8F33218,root,1,00:00:00:00:00:00,0,0,0,37,255,255,0,0,0
25969568,NODE_B0CBD8F33218,root,1,00:00:00:00:00:00,0,0,0,37,255,255,0,0,0
26069570,NODE_B0CBD8F33218,root,1,00:00:00:00:00:00,0,0,0,37,255,255,0,0,0
26169560,NODE_B0CBD8F33218,root,1,00:00:00:00:00:00,0,0,0,37,255,255,0,0,0
26269568,NODE_B0CBD8F33218,root,1,00:00:00:00:00:00,0,0,0,37,255,255,0,0,0
26369570,NODE_B0CBD8F33218,root,1,00:00:00:00:00:00,0,0,0,37,255,255,0,0,0
26469560,NODE_B0CBD8F33218,root,1,00:00:00:00:00:00,0,0,0,37,255,255,0,0,0
26569891,NODE_B0CBD8F33218,root,1,00:00:00:00:00:00,0,0,0,38,255,255,0,0,0
26669570,NODE_B0CBD8F33218,root,1,00:00:00:00:00:00,0,0,0,38,255,255,0,0,0
26769564,NODE_B0CBD8F33218,root,1,00:00:00:00:00:00,0,0,0,38,255,255,0,0,0
26869572,NODE_B0CBD8F33218,root,1,00:00:00:00:00:00,0,0,0,39,255,255,0,0,0
26969570,NODE_B0CBD8F33218,root,1,00:00:00:00:00:00,0,0,0,39,255,255,0,0,0
27069568,NODE_B0CBD8F33218,root,1,00:00:00:00:00:00,0,0,0,39,255,255,0,0,0
27169560,NODE_B0CBD8F33218,root,1,00:00:00:00:00:00,0,0,0,39,255,255,0,0,0
27269570,NODE_B0CBD8F33218,root,1,00:00:00:00:00:00,0,0,0,39,255,255,0,0,0
27369568,NODE_B0CBD8F33218,root,1,00:00:00:00:00:00,0,0,0,39,255,255,0,0,0
27469560,NODE_B0CBD8F33218,root,1,00:00:00:00:00:00,0,0,0,39,255,255,0,0,0
27571720,NODE_B0CBD8F33218,root,1,00:00:00:00:00:00,0,0,0,40,255,255,0,0,0
27669572,NODE_B0CBD8F33218,root,1,00:00:00:00:00:00,0,0,0,40,255,255,0,0,0
27769564,NODE_B0CBD8F33218,root,1,00:00:00:00:00:00,0,0,0,40,255,255,0,0,0
27869570,NODE_B0CBD8F33218,root,1,00:00:00:00:00:00,0,0,0,41,255,255,0,0,0
27969560,NODE_B0CBD8F33218,root,1,00:00:00:00:00:00,0,0,0,41,255,255,0,0,0
28069564,NODE_B0CBD8F33218,root,1,00:00:00:00:00:00,0,0,0,41,255,255,0,0,0
28169566,NODE_B0CBD8F33218,root,1,00:00:00:00:00:00,0,0,0,41,255,255,0,0,0
28269564,NODE_B0CBD8F33218,root,1,00:00:00:00:00:00,0,0,0,41,255,255,0,0,0
28369564,NODE_B0CBD8F33218,root,1,00:00:00:00:00:00,0,0,0,41,255,255,0,0,0
28469562,NODE_B0CBD8F33218,root,1,00:00:00:00:00:00,0,0,0,41,255,255,0,0,0
28569886,NODE_B0CBD8F33218,root,1,00:00:00:00:00:00,0,0,0,42,255,255,0,0,0
28669568,NODE_B0CBD8F33218,root,1,00:00:00:00:00:00,0,0,0,42,255,255,0,0,0
28769566,NODE_B0CBD8F33218,root,1,00:00:00:00:00:00,0,0,0,42,255,255,0,0,0
28869929,NODE_B0CBD8F33218,root,1,00:00:00:00:00:00,0,0,0,43,255,255,0,0,0
28969568,NODE_B0CBD8F33218,root,1,00:00:00:00:00:00,0,0,0,43,255,255,0,0,0
29069570,NODE_B0CBD8F33218,root,1,00:00:00:00:00:00,0,0,0,43,255,255,0,0,0
29169560,NODE_B0CBD8F33218,root,1,00:00:00:00:00:00,0,0,0,43,255,255,0,0,0
29269568,NODE_B0CBD8F33218,root,1,00:00:00:00:00:00,0,0,0,43,255,255,0,0,0
29369570,NODE_B0CBD8F33218,root,1,00:00:00:00:00:00,0,0,0,43,255,255,0,0,0
29469560,NODE_B0CBD8F33218,root,1,00:00:00:00:00:00,0,0,0,43,255,255,0,0,0
29569921,NODE_B0CBD8F33218,root,1,00:00:00:00:00:00,0,0,0,44,255,255,0,0,0
29669570,NODE_B0CBD8F33218,root,1,00:00:00:00:00:00,0,0,0,44,255,255,0,0,0
29769564,NODE_B0CBD8F33218,root,1,00:00:00:00:00:00,0,0,0,44,255,255,0,0,0
29869568,NODE_B0CBD8F33218,root,1,00:00:00:00:00:00,0,0,0,45,255,255,0,0,0
29969566,NODE_B0CBD8F33218,root,1,00:00:00:00:00:00,0,0,0,45,255,255,0,0,0
30069568,NODE_B0CBD8F33218,root,1,00:00:00:00:00:00,0,0,0,45,255,255,0,0,0
30169560,NODE_B0CBD8F33218,root,1,00:00:00:00:00:00,0,0,0,45,255,255,0,0,0
30269570,NODE_B0CBD8F33218,root,1,00:00:00:00:00:00,0,0,0,45,255,255,0,0,0
30369568,NODE_B0CBD8F33218,root,1,00:00:00:00:00:00,0,0,0,45,255,255,0,0,0
30469560,NODE_B0CBD8F33218,root,1,00:00:00:00:00:00,0,0,0,45,255,255,0,0,0
30569578,NODE_B0CBD8F33218,root,1,00:00:00:00:00:00,0,0,0,46,255,255,0,0,0
30669572,NODE_B0CBD8F33218,root,1,00:00:00:00:00:00,0,0,0,46,255,255,0,0,0
30769564,NODE_B0CBD8F33218,root,1,00:00:00:00:00:00,0,0,0,46,255,255,0,0,0
30869574,NODE_B0CBD8F33218,root,1,00:00:00:00:00:00,0,0,0,47,255,255,0,0,0
30969568,NODE_B0CBD8F33218,root,1,00:00:00:00:00:00,0,0,0,47,255,255,0,0,0
31069568,NODE_B0CBD8F33218,root,1,00:00:00:00:00:00,0,0,0,47,255,255,0,0,0
31169566,NODE_B0CBD8F33218,root,1,00:00:00:00:00:00,0,0,0,47,255,255,0,0,0
31269568,NODE_B0CBD8F33218,root,1,00:00:00:00:00:00,0,0,0,47,255,255,0,0,0
31369568,NODE_B0CBD8F33218,root,1,00:00:00:00:00:00,0,0,0,47,255,255,0,0,0
31469562,NODE_B0CBD8F33218,root,1,00:00:00:00:00:00,0,0,0,47,255,255,0,0,0
31569891,NODE_B0CBD8F33218,root,1,00:00:00:00:00:00,0,0,0,48,255,255,0,0,0
31669564,NODE_B0CBD8F33218,root,1,00:00:00:00:00:00,0,0,0,48,255,255,0,0,0
31769562,NODE_B0CBD8F33218,root,1,00:00:00:00:00:00,0,0,0,48,255,255,0,0,0
31869572,NODE_B0CBD8F33218,root,1,00:00:00:00:00:00,0,0,0,49,255,255,0,0,0
31969568,NODE_B0CBD8F33218,root,1,00:00:00:00:00:00,0,0,0,49,255,255,0,0,0
32069570,NODE_B0CBD8F33218,root,1,00:00:00:00:00:00,0,0,0,49,255,255,0,0,0
32169564,NODE_B0CBD8F33218,root,1,00:00:00:00:00:00,0,0,0,49,255,255,0,0,0
32269568,NODE_B0CBD8F33218,root,1,00:00:00:00:00:00,0,0,0,49,255,255,0,0,0
32369570,NODE_B0CBD8F33218,root,1,00:00:00:00:00:00,0,0,0,49,255,255,0,0,0
32469564,NODE_B0CBD8F33218,root,1,00:00:00:00:00:00,0,0,0,49,255,255,0,0,0
32569900,NODE_B0CBD8F33218,root,1,00:00:00:00:00:00,0,0,0,50,255,255,0,0,0
32669574,NODE_B0CBD8F33218,root,1,00:00:00:00:00:00,0,0,0,50,255,255,0,0,0
32769564,NODE_B0CBD8F33218,root,1,00:00:00:00:00:00,0,0,0,50,255,255,0,0,0
32869568,NODE_B0CBD8F33218,root,1,00:00:00:00:00:00,0,0,0,51,255,255,0,0,0
32969562,NODE_B0CBD8F33218,root,1,00:00:00:00:00:00,0,0,0,51,255,255,0,0,0
33069564,NODE_B0CBD8F33218,root,1,00:00:00:00:00:00,0,0,0,51,255,255,0,0,0
33169560,NODE_B0CBD8F33218,root,1,00:00:00:00:00:00,0,0,0,51,255,255,0,0,0
33269566,NODE_B0CBD8F33218,root,1,00:00:00:00:00:00,0,0,0,51,255,255,0,0,0
33369564,NODE_B0CBD8F33218,root,1,00:00:00:00:00:00,0,0,0,51,255,255,0,0,0
33469560,NODE_B0CBD8F33218,root,1,00:00:00:00:00:00,0,0,0,51,255,255,0,0,0
33569885,NODE_B0CBD8F33218,root,1,00:00:00:00:00:00,0,0,0,52,255,255,0,0,0
33669568,NODE_B0CBD8F33218,root,1,00:00:00:00:00:00,0,0,0,52,255,255,0,0,0
33769564,NODE_B0CBD8F33218,root,1,00:00:00:00:00:00,0,0,0,52,255,255,0,0,0
33869570,NODE_B0CBD8F33218,root,1,00:00:00:00:00:00,0,0,0,53,255,255,0,0,0
33969564,NODE_B0CBD8F33218,root,1,00:00:00:00:00:00,0,0,0,53,255,255,0,0,0
34069564,NODE_B0CBD8F33218,root,1,00:00:00:00:00:00,0,0,0,53,255,255,0,0,0
34169566,NODE_B0CBD8F33218,root,1,00:00:00:00:00:00,0,0,0,53,255,255,0,0,0
34269564,NODE_B0CBD8F33218,root,1,00:00:00:00:00:00,0,0,0,53,255,255,0,0,0
34369564,NODE_B0CBD8F33218,root,1,00:00:00:00:00:00,0,0,0,53,255,255,0,0,0
34469562,NODE_B0CBD8F33218,root,1,00:00:00:00:00:00,0,0,0,53,255,255,0,0,0
34569568,NODE_B0CBD8F33218,root,1,00:00:00:00:00:00,0,0,0,54,255,255,0,0,0
34669560,NODE_B0CBD8F33218,root,1,00:00:00:00:00:00,0,0,0,54,255,255,0,0,0
34769562,NODE_B0CBD8F33218,root,1,00:00:00:00:00:00,0,0,0,54,255,255,0,0,0
34869568,NODE_B0CBD8F33218,root,1,00:00:00:00:00:00,0,0,0,55,255,255,0,0,0
34969564,NODE_B0CBD8F33218,root,1,00:00:00:00:00:00,0,0,0,55,255,255,0,0,0
35069566,NODE_B0CBD8F33218,root,1,00:00:00:00:00:00,0,0,0,55,255,255,0,0,0
35169560,NODE_B0CBD8F33218,root,1,00:00:00:00:00:00,0,0,0,55,255,255,0,0,0
35269564,NODE_B0CBD8F33218,root,1,00:00:00:00:00:00,0,0,0,55,255,255,0,0,0
35369566,NODE_B0CBD8F33218,root,1,00:00:00:00:00:00,0,0,0,55,255,255,0,0,0
35469560,NODE_B0CBD8F33218,root,1,00:00:00:00:00:00,0,0,0,55,255,255,0,0,0
35569890,NODE_B0CBD8F33218,root,1,00:00:00:00:00:00,0,0,0,56,255,255,0,0,0
35669570,NODE_B0CBD8F33218,root,1,00:00:00:00:00:00,0,0,0,56,255,255,0,0,0
35769560,NODE_B0CBD8F33218,root,1,00:00:00:00:00:00,0,0,0,56,255,255,0,0,0
35869564,NODE_B0CBD8F33218,root,1,00:00:00:00:00:00,0,0,0,57,255,255,0,0,0
35969570,NODE_B0CBD8F33218,root,1,00:00:00:00:00:00,0,0,0,57,255,255,0,0,0
36069580,NODE_B0CBD8F33218,root,1,00:00:00:00:00:00,0,0,0,57,255,255,0,0,0
36169560,NODE_B0CBD8F33218,root,1,00:00:00:00:00:00,0,0,0,57,255,255,0,0,0
36269570,NODE_B0CBD8F33218,root,1,00:00:00:00:00:00,0,0,0,57,255,255,0,0,0
36369568,NODE_B0CBD8F33218,root,1,00:00:00:00:00:00,0,0,0,57,255,255,0,0,0
36469564,NODE_B0CBD8F33218,root,1,00:00:00:00:00:00,0,0,0,57,255,255,0,0,0
36569890,NODE_B0CBD8F33218,root,1,00:00:00:00:00:00,0,0,0,58,255,255,0,0,0
36669568,NODE_B0CBD8F33218,root,1,00:00:00:00:00:00,0,0,0,58,255,255,0,0,0
36769564,NODE_B0CBD8F33218,root,1,00:00:00:00:00:00,0,0,0,58,255,255,0,0,0
36869574,NODE_B0CBD8F33218,root,1,00:00:00:00:00:00,0,0,0,59,255,255,0,0,0
36969568,NODE_B0CBD8F33218,root,1,00:00:00:00:00:00,0,0,0,59,255,255,0,0,0
37069568,NODE_B0CBD8F33218,root,1,00:00:00:00:00:00,0,0,0,59,255,255,0,0,0
37169566,NODE_B0CBD8F33218,root,1,00:00:00:00:00:00,0,0,0,59,255,255,0,0,0
37269568,NODE_B0CBD8F33218,root,1,00:00:00:00:00:00,0,0,0,59,255,255,0,0,0
37369568,NODE_B0CBD8F33218,root,1,00:00:00:00:00:00,0,0,0,59,255,255,0,0,0
37469562,NODE_B0CBD8F33218,root,1,00:00:00:00:00:00,0,0,0,59,255,255,0,0,0
37569572,NODE_B0CBD8F33218,root,1,00:00:00:00:00:00,0,0,0,60,255,255,0,0,0
37669572,NODE_B0CBD8F33218,root,1,00:00:00:00:00:00,0,0,0,60,255,255,0,0,0
37769566,NODE_B0CBD8F33218,root,1,00:00:00:00:00:00,0,0,0,60,255,255,0,0,0
37869568,NODE_B0CBD8F33218,root,1,00:00:00:00:00:00,0,0,0,61,255,255,0,0,0
37969560,NODE_B0CBD8F33218,root,1,00:00:00:00:00:00,0,0,0,61,255,255,0,0,0
38069566,NODE_B0CBD8F33218,root,1,00:00:00:00:00:00,0,0,0,61,255,255,0,0,0
38169560,NODE_B0CBD8F33218,root,1,00:00:00:00:00:00,0,0,0,61,255,255,0,0,0
38269564,NODE_B0CBD8F33218,root,1,00:00:00:00:00:00,0,0,0,61,255,255,0,0,0
38369566,NODE_B0CBD8F33218,root,1,00:00:00:00:00:00,0,0,0,61,255,255,0,0,0
38469560,NODE_B0CBD8F33218,root,1,00:00:00:00:00:00,0,0,0,61,255,255,0,0,0
38569908,NODE_B0CBD8F33218,root,1,00:00:00:00:00:00,0,0,0,62,255,255,0,0,0
38669570,NODE_B0CBD8F33218,root,1,00:00:00:00:00:00,0,0,0,62,255,255,0,0,0
38769564,NODE_B0CBD8F33218,root,1,00:00:00:00:00:00,0,0,0,62,255,255,0,0,0
38869568,NODE_B0CBD8F33218,root,1,00:00:00:00:00:00,0,0,0,63,255,255,0,0,0
38969566,NODE_B0CBD8F33218,root,1,00:00:00:00:00:00,0,0,0,63,255,255,0,0,0
39069564,NODE_B0CBD8F33218,root,1,00:00:00:00:00:00,0,0,0,63,255,255,0,0,0
39169560,NODE_B0CBD8F33218,root,1,00:00:00:00:00:00,0,0,0,63,255,255,0,0,0
39269566,NODE_B0CBD8F33218,root,1,00:00:00:00:00:00,0,0,0,63,255,255,0,0,0
39369564,NODE_B0CBD8F33218,root,1,00:00:00:00:00:00,0,0,0,63,255,255,0,0,0
39469560,NODE_B0CBD8F33218,root,1,00:00:00:00:00:00,0,0,0,63,255,255,0,0,0
39570362,NODE_B0CBD8F33218,root,1,00:00:00:00:00:00,0,0,0,64,255,255,0,0,0
39669568,NODE_B0CBD8F33218,root,1,00:00:00:00:00:00,0,0,0,64,255,255,0,0,0
39769564,NODE_B0CBD8F33218,root,1,00:00:00:00:00:00,0,0,0,64,255,255,0,0,0
39869570,NODE_B0CBD8F33218,root,1,00:00:00:00:00:00,0,0,0,65,255,255,0,0,0
39969564,NODE_B0CBD8F33218,root,1,00:00:00:00:00:00,0,0,0,65,255,255,0,0,0
40069564,NODE_B0CBD8F33218,root,1,00:00:00:00:00:00,0,0,0,65,255,255,0,0,0
40169566,NODE_B0CBD8F33218,root,1,00:00:00:00:00:00,0,0,0,65,255,255,0,0,0
40269564,NODE_B0CBD8F33218,root,1,00:00:00:00:00:00,0,0,0,65,255,255,0,0,0
40369564,NODE_B0CBD8F33218,root,1,00:00:00:00:00:00,0,0,0,65,255,255,0,0,0
40469562,NODE_B0CBD8F33218,root,1,00:00:00:00:00:00,0,0,0,65,255,255,0,0,0
40569879,NODE_B0CBD8F33218,root,1,00:00:00:00:00:00,0,0,0,66,255,255,0,0,0
40669568,NODE_B0CBD8F33218,root,1,00:00:00:00:00:00,0,0,0,66,255,255,0,0,0
40769566,NODE_B0CBD8F33218,root,1,00:00:00:00:00:00,0,0,0,66,255,255,0,0,0
40869572,NODE_B0CBD8F33218,root,1,00:00:00:00:00:00,0,0,0,67,255,255,0,0,0
40969564,NODE_B0CBD8F33218,root,1,00:00:00:00:00:00,0,0,0,67,255,255,0,0,0
41069570,NODE_B0CBD8F33218,root,1,00:00:00:00:00:00,0,0,0,67,255,255,0,0,0
41169560,NODE_B0CBD8F33218,root,1,00:00:00:00:00:00,0,0,0,67,255,255,0,0,0
41269568,NODE_B0CBD8F33218,root,1,00:00:00:00:00:00,0,0,0,67,255,255,0,0,0
41369570,NODE_B0CBD8F33218,root,1,00:00:00:00:00:00,0,0,0,67,255,255,0,0,0
41469560,NODE_B0CBD8F33218,root,1,00:00:00:00:00:00,0,0,0,67,255,255,0,0,0
41570238,NODE_B0CBD8F33218,root,1,00:00:00:00:00:00,0,0,0,68,255,255,0,0,0
41669570,NODE_B0CBD8F33218,root,1,00:00:00:00:00:00,0,0,0,68,255,255,0,0,0
41769564,NODE_B0CBD8F33218,root,1,00:00:00:00:00:00,0,0,0,68,255,255,0,0,0
41869572,NODE_B0CBD8F33218,root,1,00:00:00:00:00:00,0,0,0,69,255,255,0,0,0
41969570,NODE_B0CBD8F33218,root,1,00:00:00:00:00:00,0,0,0,69,255,255,0,0,0
42069568,NODE_B0CBD8F33218,root,1,00:00:00:00:00:00,0,0,0,69,255,255,0,0,0
42169560,NODE_B0CBD8F33218,root,1,00:00:00:00:00:00,0,0,0,69,255,255,0,0,0
42269570,NODE_B0CBD8F33218,root,1,00:00:00:00:00:00,0,0,0,69,255,255,0,0,0
42369568,NODE_B0CBD8F33218,root,1,00:00:00:00:00:00,0,0,0,69,255,255,0,0,0
42469560,NODE_B0CBD8F33218,root,1,00:00:00:00:00:00,0,0,0,69,255,255,0,0,0
42569619,NODE_B0CBD8F33218,root,1,00:00:00:00:00:00,0,0,0,70,255,255,0,0,0
42669572,NODE_B0CBD8F33218,root,1,00:00:00:00:00:00,0,0,0,70,255,255,0,0,0
42769564,NODE_B0CBD8F33218,root,1,00:00:00:00:00:00,0,0,0,70,255,255,0,0,0
42869570,NODE_B0CBD8F33218,root,1,00:00:00:00:00:00,0,0,0,71,255,255,0,0,0
42969560,NODE_B0CBD8F33218,root,1,00:00:00:00:00:00,0,0,0,71,255,255,0,0,0
43069564,NODE_B0CBD8F33218,root,1,00:00:00:00:00:00,0,0,0,71,255,255,0,0,0
43169566,NODE_B0CBD8F33218,root,1,00:00:00:00:00:00,0,0,0,71,255,255,0,0,0
43269564,NODE_B0CBD8F33218,root,1,00:00:00:00:00:00,0,0,0,71,255,255,0,0,0
43369564,NODE_B0CBD8F33218,root,1,00:00:00:00:00:00,0,0,0,71,255,255,0,0,0
43469562,NODE_B0CBD8F33218,root,1,00:00:00:00:00:00,0,0,0,71,255,255,0,0,0
43569654,NODE_B0CBD8F33218,root,1,00:00:00:00:00:00,0,0,0,72,255,255,0,0,0
43669568,NODE_B0CBD8F33218,root,1,00:00:00:00:00:00,0,0,0,72,255,255,0,0,0
43769566,NODE_B0CBD8F33218,root,1,00:00:00:00:00:00,0,0,0,72,255,255,0,0,0
43869568,NODE_B0CBD8F33218,root,1,00:00:00:00:00:00,0,0,0,73,255,255,0,0,0
43969564,NODE_B0CBD8F33218,root,1,00:00:00:00:00:00,0,0,0,73,255,255,0,0,0
44069566,NODE_B0CBD8F33218,root,1,00:00:00:00:00:00,0,0,0,73,255,255,0,0,0
44169560,NODE_B0CBD8F33218,root,1,00:00:00:00:00:00,0,0,0,73,255,255,0,0,0
44269564,NODE_B0CBD8F33218,root,1,00:00:00:00:00:00,0,0,0,73,255,255,0,0,0
44369566,NODE_B0CBD8F33218,root,1,00:00:00:00:00:00,0,0,0,73,255,255,0,0,0
44469560,NODE_B0CBD8F33218,root,1,00:00:00:00:00:00,0,0,0,73,255,255,0,0,0
44569920,NODE_B0CBD8F33218,root,1,00:00:00:00:00:00,0,0,0,74,255,255,0,0,0
44669566,NODE_B0CBD8F33218,root,1,00:00:00:00:00:00,0,0,0,74,255,255,0,0,0
44769560,NODE_B0CBD8F33218,root,1,00:00:00:00:00:00,0,0,0,74,255,255,0,0,0
44869568,NODE_B0CBD8F33218,root,1,00:00:00:00:00:00,0,0,0,75,255,255,0,0,0
44969562,NODE_B0CBD8F33218,root,1,00:00:00:00:00:00,0,0,0,75,255,255,0,0,0
45069564,NODE_B0CBD8F33218,root,1,00:00:00:00:00:00,0,0,0,75,255,255,0,0,0
45169560,NODE_B0CBD8F33218,root,1,00:00:00:00:00:00,0,0,0,75,255,255,0,0,0
45269566,NODE_B0CBD8F33218,root,1,00:00:00:00:00:00,0,0,0,75,255,255,0,0,0
45369564,NODE_B0CBD8F33218,root,1,00:00:00:00:00:00,0,0,0,75,255,255,0,0,0
45469560,NODE_B0CBD8F33218,root,1,00:00:00:00:00:00,0,0,0,75,255,255,0,0,0
45569706,NODE_B0CBD8F33218,root,1,00:00:00:00:00:00,0,0,0,76,255,255,0,0,0
45669568,NODE_B0CBD8F33218,root,1,00:00:00:00:00:00,0,0,0,76,255,255,0,0,0
45769560,NODE_B0CBD8F33218,root,1,00:00:00:00:00:00,0,0,0,76,255,255,0,0,0
45869574,NODE_B0CBD8F33218,root,1,00:00:00:00:00:00,0,0,0,77,255,255,0,0,0
45969564,NODE_B0CBD8F33218,root,1,00:00:00:00:00:00,0,0,0,77,255,255,0,0,0
46069568,NODE_B0CBD8F33218,root,1,00:00:00:00:00:00,0,0,0,77,255,255,0,0,0
46169566,NODE_B0CBD8F33218,root,1,00:00:00:00:00:00,0,0,0,77,255,255,0,0,0
46269568,NODE_B0CBD8F33218,root,1,00:00:00:00:00:00,0,0,0,77,255,255,0,0,0
46369568,NODE_B0CBD8F33218,root,1,00:00:00:00:00:00,0,0,0,77,255,255,0,0,0
46469562,NODE_B0CBD8F33218,root,1,00:00:00:00:00:00,0,0,0,77,255,255,0,0,0
46569568,NODE_B0CBD8F33218,root,1,00:00:00:00:00:00,0,0,0,77,255,255,0,0,0
46669568,NODE_B0CBD8F33218,root,1,00:00:00:00:00:00,0,0,0,78,255,255,0,0,0
46769562,NODE_B0CBD8F33218,root,1,00:00:00:00:00:00,0,0,0,78,255,255,0,0,0
46869572,NODE_B0CBD8F33218,root,1,00:00:00:00:00:00,0,0,0,79,255,255,0,0,0
46969568,NODE_B0CBD8F33218,root,1,00:00:00:00:00:00,0,0,0,79,255,255,0,0,0
47069570,NODE_B0CBD8F33218,root,1,00:00:00:00:00:00,0,0,0,79,255,255,0,0,0
47169560,NODE_B0CBD8F33218,root,1,00:00:00:00:00:00,0,0,0,79,255,255,0,0,0
47269568,NODE_B0CBD8F33218,root,1,00:00:00:00:00:00,0,0,0,79,255,255,0,0,0
47369570,NODE_B0CBD8F33218,root,1,00:00:00:00:00:00,0,0,0,79,255,255,0,0,0
47469560,NODE_B0CBD8F33218,root,1,00:00:00:00:00:00,0,0,0,79,255,255,0,0,0
47569572,NODE_B0CBD8F33218,root,1,00:00:00:00:00:00,0,0,0,79,255,255,0,0,0
47669574,NODE_B0CBD8F33218,root,1,00:00:00:00:00:00,0,0,0,80,255,255,0,0,0
47769564,NODE_B0CBD8F33218,root,1,00:00:00:00:00:00,0,0,0,80,255,255,0,0,0
47869568,NODE_B0CBD8F33218,root,1,00:00:00:00:00:00,0,0,0,81,255,255,0,0,0
47969566,NODE_B0CBD8F33218,root,1,00:00:00:00:00:00,0,0,0,81,255,255,0,0,0
48069564,NODE_B0CBD8F33218,root,1,00:00:00:00:00:00,0,0,0,81,255,255,0,0,0
48169560,NODE_B0CBD8F33218,root,1,00:00:00:00:00:00,0,0,0,81,255,255,0,0,0
48269566,NODE_B0CBD8F33218,root,1,00:00:00:00:00:00,0,0,0,81,255,255,0,0,0
48369564,NODE_B0CBD8F33218,root,1,00:00:00:00:00:00,0,0,0,81,255,255,0,0,0
48469560,NODE_B0CBD8F33218,root,1,00:00:00:00:00:00,0,0,0,81,255,255,0,0,0
48569566,NODE_B0CBD8F33218,root,1,00:00:00:00:00:00,0,0,0,81,255,255,0,0,0
48669759,NODE_B0CBD8F33218,root,1,00:00:00:00:00:00,0,0,0,82,255,255,0,0,0
48769564,NODE_B0CBD8F33218,root,1,00:00:00:00:00:00,0,0,0,82,255,255,0,0,0
48870084,NODE_B0CBD8F33218,root,1,00:00:00:00:00:00,0,0,0,83,255,255,0,0,0
48969552,NODE_B0CBD8F33218,root,1,00:00:00:00:00:00,0,0,0,83,255,255,0,0,0
49069568,NODE_B0CBD8F33218,root,1,00:00:00:00:00:00,0,0,0,83,255,255,0,0,0
49169566,NODE_B0CBD8F33218,root,1,00:00:00:00:00:00,0,0,0,83,255,255,0,0,0
49269568,NODE_B0CBD8F33218,root,1,00:00:00:00:00:00,0,0,0,83,255,255,0,0,0
49369568,NODE_B0CBD8F33218,root,1,00:00:00:00:00:00,0,0,0,83,255,255,0,0,0
49469566,NODE_B0CBD8F33218,root,1,00:00:00:00:00:00,0,0,0,83,255,255,0,0,0
49569906,NODE_B0CBD8F33218,root,1,00:00:00:00:00:00,0,0,0,84,255,255,0,0,0
49669568,NODE_B0CBD8F33218,root,1,00:00:00:00:00:00,0,0,0,84,255,255,0,0,0
49769566,NODE_B0CBD8F33218,root,1,00:00:00:00:00:00,0,0,0,84,255,255,0,0,0
49869568,NODE_B0CBD8F33218,root,1,00:00:00:00:00:00,0,0,0,85,255,255,0,0,0
49969564,NODE_B0CBD8F33218,root,1,00:00:00:00:00:00,0,0,0,85,255,255,0,0,0
50069570,NODE_B0CBD8F33218,root,1,00:00:00:00:00:00,0,0,0,85,255,255,0,0,0
50169560,NODE_B0CBD8F33218,root,1,00:00:00:00:00:00,0,0,0,85,255,255,0,0,0
50269568,NODE_B0CBD8F33218,root,1,00:00:00:00:00:00,0,0,0,85,255,255,0,0,0
50369570,NODE_B0CBD8F33218,root,1,00:00:00:00:00:00,0,0,0,85,255,255,0,0,0
50469560,NODE_B0CBD8F33218,root,1,00:00:00:00:00:00,0,0,0,85,255,255,0,0,0
50569568,NODE_B0CBD8F33218,root,1,00:00:00:00:00:00,0,0,0,85,255,255,0,0,0
50669570,NODE_B0CBD8F33218,root,1,00:00:00:00:00:00,0,0,0,86,255,255,0,0,0
50769560,NODE_B0CBD8F33218,root,1,00:00:00:00:00:00,0,0,0,86,255,255,0,0,0
50869572,NODE_B0CBD8F33218,root,1,00:00:00:00:00:00,0,0,0,87,255,255,0,0,0
50969570,NODE_B0CBD8F33218,root,1,00:00:00:00:00:00,0,0,0,87,255,255,0,0,0
51069568,NODE_B0CBD8F33218,root,1,00:00:00:00:00:00,0,0,0,87,255,255,0,0,0
51169560,NODE_B0CBD8F33218,root,1,00:00:00:00:00:00,0,0,0,87,255,255,0,0,0
51269570,NODE_B0CBD8F33218,root,1,00:00:00:00:00:00,0,0,0,87,255,255,0,0,0
51369568,NODE_B0CBD8F33218,root,1,00:00:00:00:00:00,0,0,0,87,255,255,0,0,0
51469560,NODE_B0CBD8F33218,root,1,00:00:00:00:00:00,0,0,0,87,255,255,0,0,0
51569862,NODE_B0CBD8F33218,root,1,00:00:00:00:00:00,0,0,0,88,255,255,0,0,0
51669568,NODE_B0CBD8F33218,root,1,00:00:00:00:00:00,0,0,0,88,255,255,0,0,0
51769564,NODE_B0CBD8F33218,root,1,00:00:00:00:00:00,0,0,0,88,255,255,0,0,0
51869570,NODE_B0CBD8F33218,root,1,00:00:00:00:00:00,0,0,0,89,255,255,0,0,0
51969564,NODE_B0CBD8F33218,root,1,00:00:00:00:00:00,0,0,0,89,255,255,0,0,0
52069564,NODE_B0CBD8F33218,root,1,00:00:00:00:00:00,0,0,0,89,255,255,0,0,0
52169566,NODE_B0CBD8F33218,root,1,00:00:00:00:00:00,0,0,0,89,255,255,0,0,0
52269564,NODE_B0CBD8F33218,root,1,00:00:00:00:00:00,0,0,0,89,255,255,0,0,0
52369564,NODE_B0CBD8F33218,root,1,00:00:00:00:00:00,0,0,0,89,255,255,0,0,0
52469562,NODE_B0CBD8F33218,root,1,00:00:00:00:00:00,0,0,0,89,255,255,0,0,0
52570366,NODE_B0CBD8F33218,root,1,00:00:00:00:00:00,0,0,0,90,255,255,0,0,0
52669572,NODE_B0CBD8F33218,root,1,00:00:00:00:00:00,0,0,0,90,255,255,0,0,0
52769566,NODE_B0CBD8F33218,root,1,00:00:00:00:00:00,0,0,0,90,255,255,0,0,0
52869568,NODE_B0CBD8F33218,root,1,00:00:00:00:00:00,0,0,0,91,255,255,0,0,0
52969568,NODE_B0CBD8F33218,root,1,00:00:00:00:00:00,0,0,0,91,255,255,0,0,0
53069570,NODE_B0CBD8F33218,root,1,00:00:00:00:00:00,0,0,0,91,255,255,0,0,0
53169556,NODE_B0CBD8F33218,root,1,00:00:00:00:00:00,0,0,0,91,255,255,0,0,0
53269568,NODE_B0CBD8F33218,root,1,00:00:00:00:00:00,0,0,0,91,255,255,0,0,0
53369570,NODE_B0CBD8F33218,root,1,00:00:00:00:00:00,0,0,0,91,255,255,0,0,0
53469564,NODE_B0CBD8F33218,root,1,00:00:00:00:00:00,0,0,0,91,255,255,0,0,0
53570108,NODE_B0CBD8F33218,root,1,00:00:00:00:00:00,0,0,0,91,255,255,0,0,0
53669574,NODE_B0CBD8F33218,root,1,00:00:00:00:00:00,0,0,0,92,255,255,0,0,0
53769564,NODE_B0CBD8F33218,root,1,00:00:00:00:00:00,0,0,0,92,255,255,0,0,0
53869572,NODE_B0CBD8F33218,root,1,00:00:00:00:00:00,0,0,0,93,255,255,0,0,0
53969570,NODE_B0CBD8F33218,root,1,00:00:00:00:00:00,0,0,0,93,255,255,0,0,0
54069568,NODE_B0CBD8F33218,root,1,00:00:00:00:00:00,0,0,0,93,255,255,0,0,0
54169560,NODE_B0CBD8F33218,root,1,00:00:00:00:00:00,0,0,0,93,255,255,0,0,0
54269570,NODE_B0CBD8F33218,root,1,00:00:00:00:00:00,0,0,0,93,255,255,0,0,0
54369568,NODE_B0CBD8F33218,root,1,00:00:00:00:00:00,0,0,0,93,255,255,0,0,0
54469560,NODE_B0CBD8F33218,root,1,00:00:00:00:00:00,0,0,0,93,255,255,0,0,0
54569793,NODE_B0CBD8F33218,root,1,00:00:00:00:00:00,0,0,0,93,255,255,0,0,0
54669572,NODE_B0CBD8F33218,root,1,00:00:00:00:00:00,0,0,0,94,255,255,0,0,0
54769564,NODE_B0CBD8F33218,root,1,00:00:00:00:00:00,0,0,0,94,255,255,0,0,0
54869570,NODE_B0CBD8F33218,root,1,00:00:00:00:00:00,0,0,0,95,255,255,0,0,0
54969564,NODE_B0CBD8F33218,root,1,00:00:00:00:00:00,0,0,0,95,255,255,0,0,0
55069568,NODE_B0CBD8F33218,root,1,00:00:00:00:00:00,0,0,0,95,255,255,0,0,0
55169566,NODE_B0CBD8F33218,root,1,00:00:00:00:00:00,0,0,0,95,255,255,0,0,0
55269568,NODE_B0CBD8F33218,root,1,00:00:00:00:00:00,0,0,0,95,255,255,0,0,0
55369568,NODE_B0CBD8F33218,root,1,00:00:00:00:00:00,0,0,0,95,255,255,0,0,0
55469562,NODE_B0CBD8F33218,root,1,00:00:00:00:00:00,0,0,0,95,255,255,0,0,0
55569987,NODE_B0CBD8F33218,root,1,00:00:00:00:00:00,0,0,0,96,255,255,0,0,0
55669568,NODE_B0CBD8F33218,root,1,00:00:00:00:00:00,0,0,0,96,255,255,0,0,0
55769566,NODE_B0CBD8F33218,root,1,00:00:00:00:00:00,0,0,0,96,255,255,0,0,0
55869576,NODE_B0CBD8F33218,root,1,00:00:00:00:00:00,0,0,0,97,255,255,0,0,0
55969568,NODE_B0CBD8F33218,root,1,00:00:00:00:00:00,0,0,0,97,255,255,0,0,0
56069570,NODE_B0CBD8F33218,root,1,00:00:00:00:00:00,0,0,0,97,255,255,0,0,0
56169560,NODE_B0CBD8F33218,root,1,00:00:00:00:00:00,0,0,0,97,255,255,0,0,0
56269568,NODE_B0CBD8F33218,root,1,00:00:00:00:00:00,0,0,0,97,255,255,0,0,0
56369570,NODE_B0CBD8F33218,root,1,00:00:00:00:00:00,0,0,0,97,255,255,0,0,0
56469560,NODE_B0CBD8F33218,root,1,00:00:00:00:00:00,0,0,0,97,255,255,0,0,0
56569792,NODE_B0CBD8F33218,root,1,00:00:00:00:00:00,0,0,0,98,255,255,0,0,0
56669570,NODE_B0CBD8F33218,root,1,00:00:00:00:00:00,0,0,0,98,255,255,0,0,0
56769564,NODE_B0CBD8F33218,root,1,00:00:00:00:00:00,0,0,0,98,255,255,0,0,0
56869572,NODE_B0CBD8F33218,root,1,00:00:00:00:00:00,0,0,0,99,255,255,0,0,0
56969570,NODE_B0CBD8F33218,root,1,00:00:00:00:00:00,0,0,0,99,255,255,0,0,0
57069568,NODE_B0CBD8F33218,root,1,00:00:00:00:00:00,0,0,0,99,255,255,0,0,0
57169572,NODE_B0CBD8F33218,root,1,00:00:00:00:00:00,0,0,0,99,255,255,0,0,0
57269570,NODE_B0CBD8F33218,root,1,00:00:00:00:00:00,0,0,0,99,255,255,0,0,0
57369568,NODE_B0CBD8F33218,root,1,00:00:00:00:00:00,0,0,0,99,255,255,0,0,0
57469560,NODE_B0CBD8F33218,root,1,00:00:00:00:00:00,0,0,0,99,255,255,0,0,0
57569793,NODE_B0CBD8F33218,root,1,00:00:00:00:00:00,0,0,0,100,255,255,0,0,0
57669572,NODE_B0CBD8F33218,root,1,00:00:00:00:00:00,0,0,0,100,255,255,0,0,0
57769564,NODE_B0CBD8F33218,root,1,00:00:00:00:00:00,0,0,0,100,255,255,0,0,0
57869570,NODE_B0CBD8F33218,root,1,00:00:00:00:00:00,0,0,0,101,255,255,0,0,0
57969564,NODE_B0CBD8F33218,root,1,00:00:00:00:00:00,0,0,0,101,255,255,0,0,0
58069568,NODE_B0CBD8F33218,root,1,00:00:00:00:00:00,0,0,0,101,255,255,0,0,0
58169566,NODE_B0CBD8F33218,root,1,00:00:00:00:00:00,0,0,0,101,255,255,0,0,0
58269568,NODE_B0CBD8F33218,root,1,00:00:00:00:00:00,0,0,0,101,255,255,0,0,0
58369568,NODE_B0CBD8F33218,root,1,00:00:00:00:00:00,0,0,0,101,255,255,0,0,0
58469562,NODE_B0CBD8F33218,root,1,00:00:00:00:00:00,0,0,0,101,255,255,0,0,0
58569568,NODE_B0CBD8F33218,root,1,00:00:00:00:00:00,0,0,0,101,255,255,0,0,0
58669576,NODE_B0CBD8F33218,root,1,00:00:00:00:00:00,0,0,0,102,255,255,0,0,0
58769566,NODE_B0CBD8F33218,root,1,00:00:00:00:00:00,0,0,0,102,255,255,0,0,0
58869572,NODE_B0CBD8F33218,root,1,00:00:00:00:00:00,0,0,0,103,255,255,0,0,0
58969568,NODE_B0CBD8F33218,root,1,00:00:00:00:00:00,0,0,0,103,255,255,0,0,0
59069570,NODE_B0CBD8F33218,root,1,00:00:00:00:00:00,0,0,0,103,255,255,0,0,0
59169560,NODE_B0CBD8F33218,root,1,00:00:00:00:00:00,0,0,0,103,255,255,0,0,0
59269568,NODE_B0CBD8F33218,root,1,00:00:00:00:00:00,0,0,0,103,255,255,0,0,0
59369570,NODE_B0CBD8F33218,root,1,00:00:00:00:00:00,0,0,0,103,255,255,0,0,0
59469560,NODE_B0CBD8F33218,root,1,00:00:00:00:00:00,0,0,0,103,255,255,0,0,0
59569572,NODE_B0CBD8F33218,root,1,00:00:00:00:00:00,0,0,0,103,255,255,0,0,0
59669570,NODE_B0CBD8F33218,root,1,00:00:00:00:00:00,0,0,0,104,255,255,0,0,0
59769560,NODE_B0CBD8F33218,root,1,00:00:00:00:00:00,0,0,0,104,255,255,0,0,0
59869572,NODE_B0CBD8F33218,root,1,00:00:00:00:00:00,0,0,0,105,255,255,0,0,0
59969570,NODE_B0CBD8F33218,root,1,00:00:00:00:00:00,0,0,0,105,255,255,0,0,0
60069568,NODE_B0CBD8F33218,root,1,00:00:00:00:00:00,0,0,0,105,255,255,0,0,0
60169560,NODE_B0CBD8F33218,root,1,00:00:00:00:00:00,0,0,0,105,255,255,0,0,0
60269570,NODE_B0CBD8F33218,root,1,00:00:00:00:00:00,0,0,0,105,255,255,0,0,0
60369568,NODE_B0CBD8F33218,root,1,00:00:00:00:00:00,0,0,0,105,255,255,0,0,0
60469560,NODE_B0CBD8F33218,root,1,00:00:00:00:00:00,0,0,0,105,255,255,0,0,0
60569570,NODE_B0CBD8F33218,root,1,00:00:00:00:00:00,0,0,0,105,255,255,0,0,0
60669568,NODE_B0CBD8F33218,root,1,00:00:00:00:00:00,0,0,0,106,255,255,0,0,0
60769564,NODE_B0CBD8F33218,root,1,00:00:00:00:00:00,0,0,0,106,255,255,0,0,0
60869578,NODE_B0CBD8F33218,root,1,00:00:00:00:00:00,0,0,0,107,255,255,0,0,0
60969568,NODE_B0CBD8F33218,root,1,00:00:00:00:00:00,0,0,0,107,255,255,0,0,0
61069568,NODE_B0CBD8F33218,root,1,00:00:00:00:00:00,0,0,0,107,255,255,0,0,0
61169566,NODE_B0CBD8F33218,root,1,00:00:00:00:00:00,0,0,0,107,255,255,0,0,0
61269568,NODE_B0CBD8F33218,root,1,00:00:00:00:00:00,0,0,0,107,255,255,0,0,0
61369568,NODE_B0CBD8F33218,root,1,00:00:00:00:00:00,0,0,0,107,255,255,0,0,0
61469562,NODE_B0CBD8F33218,root,1,00:00:00:00:00:00,0,0,0,107,255,255,0,0,0
61569572,NODE_B0CBD8F33218,root,1,00:00:00:00:00:00,0,0,0,107,255,255,0,0,0
61669842,NODE_B0CBD8F33218,root,1,00:00:00:00:00:00,0,0,0,108,255,255,0,0,0
61769562,NODE_B0CBD8F33218,root,1,00:00:00:00:00:00,0,0,0,108,255,255,0,0,0
61869572,NODE_B0CBD8F33218,root,1,00:00:00:00:00:00,0,0,0,109,255,255,0,0,0
61969568,NODE_B0CBD8F33218,root,1,00:00:00:00:00:00,0,0,0,109,255,255,0,0,0
62069570,NODE_B0CBD8F33218,root,1,00:00:00:00:00:00,0,0,0,109,255,255,0,0,0
62169564,NODE_B0CBD8F33218,root,1,00:00:00:00:00:00,0,0,0,109,255,255,0,0,0
62269568,NODE_B0CBD8F33218,root,1,00:00:00:00:00:00,0,0,0,109,255,255,0,0,0
62369570,NODE_B0CBD8F33218,root,1,00:00:00:00:00:00,0,0,0,109,255,255,0,0,0
62469560,NODE_B0CBD8F33218,root,1,00:00:00:00:00:00,0,0,0,109,255,255,0,0,0
62569568,NODE_B0CBD8F33218,root,1,00:00:00:00:00:00,0,0,0,109,255,255,0,0,0
62669566,NODE_B0CBD8F33218,root,1,00:00:00:00:00:00,0,0,0,110,255,255,0,0,0
62769564,NODE_B0CBD8F33218,root,1,00:00:00:00:00:00,0,0,0,110,255,255,0,0,0
62869568,NODE_B0CBD8F33218,root,1,00:00:00:00:00:00,0,0,0,111,255,255,0,0,0
62969562,NODE_B0CBD8F33218,root,1,00:00:00:00:00:00,0,0,0,111,255,255,0,0,0
63069564,NODE_B0CBD8F33218,root,1,00:00:00:00:00:00,0,0,0,111,255,255,0,0,0
63169560,NODE_B0CBD8F33218,root,1,00:00:00:00:00:00,0,0,0,111,255,255,0,0,0
63269566,NODE_B0CBD8F33218,root,1,00:00:00:00:00:00,0,0,0,111,255,255,0,0,0
63369564,NODE_B0CBD8F33218,root,1,00:00:00:00:00:00,0,0,0,111,255,255,0,0,0
63469560,NODE_B0CBD8F33218,root,1,00:00:00:00:00:00,0,0,0,111,255,255,0,0,0
63569570,NODE_B0CBD8F33218,root,1,00:00:00:00:00:00,0,0,0,111,255,255,0,0,0
63669572,NODE_B0CBD8F33218,root,1,00:00:00:00:00:00,0,0,0,112,255,255,0,0,0
63769564,NODE_B0CBD8F33218,root,1,00:00:00:00:00:00,0,0,0,112,255,255,0,0,0
63869570,NODE_B0CBD8F33218,root,1,00:00:00:00:00:00,0,0,0,113,255,255,0,0,0
63969564,NODE_B0CBD8F33218,root,1,00:00:00:00:00:00,0,0,0,113,255,255,0,0,0
64069564,NODE_B0CBD8F33218,root,1,00:00:00:00:00:00,0,0,0,113,255,255,0,0,0
64169566,NODE_B0CBD8F33218,root,1,00:00:00:00:00:00,0,0,0,113,255,255,0,0,0
64269564,NODE_B0CBD8F33218,root,1,00:00:00:00:00:00,0,0,0,113,255,255,0,0,0
64369564,NODE_B0CBD8F33218,root,1,00:00:00:00:00:00,0,0,0,113,255,255,0,0,0
64469566,NODE_B0CBD8F33218,root,1,00:00:00:00:00:00,0,0,0,113,255,255,0,0,0
64569564,NODE_B0CBD8F33218,root,1,00:00:00:00:00:00,0,0,0,113,255,255,0,0,0
64669564,NODE_B0CBD8F33218,root,1,00:00:00:00:00:00,0,0,0,114,255,255,0,0,0
64769562,NODE_B0CBD8F33218,root,1,00:00:00:00:00:00,0,0,0,114,255,255,0,0,0
64869568,NODE_B0CBD8F33218,root,1,00:00:00:00:00:00,0,0,0,115,255,255,0,0,0
64969564,NODE_B0CBD8F33218,root,1,00:00:00:00:00:00,0,0,0,115,255,255,0,0,0
65069566,NODE_B0CBD8F33218,root,1,00:00:00:00:00:00,0,0,0,115,255,255,0,0,0
65169560,NODE_B0CBD8F33218,root,1,00:00:00:00:00:00,0,0,0,115,255,255,0,0,0
65269564,NODE_B0CBD8F33218,root,1,00:00:00:00:00:00,0,0,0,115,255,255,0,0,0
65369566,NODE_B0CBD8F33218,root,1,00:00:00:00:00:00,0,0,0,115,255,255,0,0,0
65469560,NODE_B0CBD8F33218,root,1,00:00:00:00:00:00,0,0,0,115,255,255,0,0,0
65569568,NODE_B0CBD8F33218,root,1,00:00:00:00:00:00,0,0,0,115,255,255,0,0,0
65669570,NODE_B0CBD8F33218,root,1,00:00:00:00:00:00,0,0,0,116,255,255,0,0,0
65769564,NODE_B0CBD8F33218,root,1,00:00:00:00:00:00,0,0,0,116,255,255,0,0,0
65869568,NODE_B0CBD8F33218,root,1,00:00:00:00:00:00,0,0,0,117,255,255,0,0,0
65969562,NODE_B0CBD8F33218,root,1,00:00:00:00:00:00,0,0,0,117,255,255,0,0,0
66069564,NODE_B0CBD8F33218,root,1,00:00:00:00:00:00,0,0,0,117,255,255,0,0,0
66169564,NODE_B0CBD8F33218,root,1,00:00:00:00:00:00,0,0,0,117,255,255,0,0,0
66269566,NODE_B0CBD8F33218,root,1,00:00:00:00:00:00,0,0,0,117,255,255,0,0,0
66369564,NODE_B0CBD8F33218,root,1,00:00:00:00:00:00,0,0,0,117,255,255,0,0,0
66469564,NODE_B0CBD8F33218,root,1,00:00:00:00:00:00,0,0,0,117,255,255,0,0,0
66569566,NODE_B0CBD8F33218,root,1,00:00:00:00:00:00,0,0,0,117,255,255,0,0,0
66669568,NODE_B0CBD8F33218,root,1,00:00:00:00:00:00,0,0,0,118,255,255,0,0,0
66769564,NODE_B0CBD8F33218,root,1,00:00:00:00:00:00,0,0,0,118,255,255,0,0,0
66869570,NODE_B0CBD8F33218,root,1,00:00:00:00:00:00,0,0,0,119,255,255,0,0,0
66969564,NODE_B0CBD8F33218,root,1,00:00:00:00:00:00,0,0,0,119,255,255,0,0,0
67069564,NODE_B0CBD8F33218,root,1,00:00:00:00:00:00,0,0,0,119,255,255,0,0,0
67169570,NODE_B0CBD8F33218,root,1,00:00:00:00:00:00,0,0,0,119,255,255,0,0,0
67269564,NODE_B0CBD8F33218,root,1,00:00:00:00:00:00,0,0,0,119,255,255,0,0,0
67369564,NODE_B0CBD8F33218,root,1,00:00:00:00:00:00,0,0,0,119,255,255,0,0,0
67469562,NODE_B0CBD8F33218,root,1,00:00:00:00:00:00,0,0,0,119,255,255,0,0,0
67569568,NODE_B0CBD8F33218,root,1,00:00:00:00:00:00,0,0,0,119,255,255,0,0,0
67669572,NODE_B0CBD8F33218,root,1,00:00:00:00:00:00,0,0,0,120,0,0,0,0,0
67769570,NODE_B0CBD8F33218,root,1,00:00:00:00:00:00,0,0,0,120,0,0,0,0,0
67869568,NODE_B0CBD8F33218,root,1,00:00:00:00:00:00,0,0,0,121,0,0,0,0,0
67969572,NODE_B0CBD8F33218,root,1,00:00:00:00:00:00,0,0,0,121,0,0,0,0,0
68069574,NODE_B0CBD8F33218,root,1,00:00:00:00:00:00,0,0,0,121,0,0,0,0,0
68169564,NODE_B0CBD8F33218,root,1,00:00:00:00:00:00,0,0,5,121,0,0,0,0,0
68269564,NODE_B0CBD8F33218,root,1,00:00:00:00:00:00,0,0,5,121,0,0,0,0,0
68369562,NODE_B0CBD8F33218,root,1,00:00:00:00:00:00,0,0,5,121,0,0,0,0,0
68469564,NODE_B0CBD8F33218,root,1,00:00:00:00:00:00,0,0,5,121,0,0,0,0,0
68569564,NODE_B0CBD8F33218,root,1,00:00:00:00:00:00,0,0,5,121,0,0,0,0,0
68669570,NODE_B0CBD8F33218,root,1,00:00:00:00:00:00,0,0,5,122,0,0,0,0,0
68769564,NODE_B0CBD8F33218,root,1,00:00:00:00:00:00,0,0,5,122,0,0,0,0,0
68869568,NODE_B0CBD8F33218,root,1,00:00:00:00:00:00,0,0,5,123,0,0,0,0,0
68969566,NODE_B0CBD8F33218,root,1,00:00:00:00:00:00,0,0,5,123,0,0,0,0,0
69069564,NODE_B0CBD8F33218,root,1,00:00:00:00:00:00,0,0,5,123,0,0,0,0,0
69169560,NODE_B0CBD8F33218,root,1,00:00:00:00:00:00,0,0,5,123,0,0,0,0,0
69269566,NODE_B0CBD8F33218,root,1,00:00:00:00:00:00,0,0,5,123,0,0,0,0,0
69369560,NODE_B0CBD8F33218,root,1,00:00:00:00:00:00,0,0,5,123,0,0,0,0,0
69469564,NODE_B0CBD8F33218,root,1,00:00:00:00:00:00,0,0,5,123,0,0,0,0,0
69569570,NODE_B0CBD8F33218,root,1,00:00:00:00:00:00,0,0,5,123,0,0,0,0,0
69669568,NODE_B0CBD8F33218,root,1,00:00:00:00:00:00,0,0,5,124,0,0,0,0,0
69769564,NODE_B0CBD8F33218,root,1,00:00:00:00:00:00,0,0,5,124,0,0,0,0,0
69869570,NODE_B0CBD8F33218,root,1,00:00:00:00:00:00,0,0,5,125,0,0,0,0,0
69969564,NODE_B0CBD8F33218,root,1,00:00:00:00:00:00,0,0,5,125,0,0,0,0,0
70069564,NODE_B0CBD8F33218,root,1,00:00:00:00:00:00,0,0,5,125,0,0,0,0,0
70169566,NODE_B0CBD8F33218,root,1,00:00:00:00:00:00,0,0,5,125,0,0,0,0,0
70269564,NODE_B0CBD8F33218,root,1,00:00:00:00:00:00,0,0,5,125,0,0,0,0,0
70369564,NODE_B0CBD8F33218,root,1,00:00:00:00:00:00,0,0,5,125,0,0,0,0,0
70469566,NODE_B0CBD8F33218,root,1,00:00:00:00:00:00,0,0,5,125,0,0,0,0,0
70569564,NODE_B0CBD8F33218,root,1,00:00:00:00:00:00,0,0,5,125,0,0,0,0,0
70669568,NODE_B0CBD8F33218,root,1,00:00:00:00:00:00,0,0,5,126,0,0,0,0,0
70769566,NODE_B0CBD8F33218,root,1,00:00:00:00:00:00,0,0,5,126,0,0,0,0,0
70869568,NODE_B0CBD8F33218,root,1,00:00:00:00:00:00,0,0,5,127,0,0,0,0,0
70969564,NODE_B0CBD8F33218,root,1,00:00:00:00:00:00,0,0,5,127,0,0,0,0,0
71069566,NODE_B0CBD8F33218,root,1,00:00:00:00:00:00,0,0,5,127,0,0,0,0,0
71169560,NODE_B0CBD8F33218,root,1,00:00:00:00:00:00,0,0,5,127,0,0,0,0,0
71269564,NODE_B0CBD8F33218,root,1,00:00:00:00:00:00,0,0,5,127,0,0,0,0,0
71369562,NODE_B0CBD8F33218,root,1,00:00:00:00:00:00,0,0,5,127,0,0,0,0,0
71469576,NODE_B0CBD8F33218,root,1,00:00:00:00:00:00,0,0,5,127,0,0,0,0,0
71569572,NODE_B0CBD8F33218,root,1,00:00:00:00:00:00,0,0,5,127,0,0,0,0,0
71669574,NODE_B0CBD8F33218,root,1,00:00:00:00:00:00,0,0,5,128,0,0,0,0,0
71769564,NODE_B0CBD8F33218,root,1,00:00:00:00:00:00,0,0,5,128,0,0,0,0,0
71869568,NODE_B0CBD8F33218,root,1,00:00:00:00:00:00,0,0,5,129,0,0,0,0,0
71969566,NODE_B0CBD8F33218,root,1,00:00:00:00:00:00,0,0,5,129,0,0,0,0,0
72069568,NODE_B0CBD8F33218,root,1,00:00:00:00:00:00,0,0,5,129,0,0,0,0,0
72169560,NODE_B0CBD8F33218,root,1,00:00:00:00:00:00,0,0,5,129,0,0,0,0,0
72269570,NODE_B0CBD8F33218,root,1,00:00:00:00:00:00,0,0,5,129,0,0,0,0,0
72369560,NODE_B0CBD8F33218,root,1,00:00:00:00:00:00,0,0,5,129,0,0,0,0,0
72469568,NODE_B0CBD8F33218,root,1,00:00:00:00:00:00,0,0,5,129,0,0,0,0,0
72569570,NODE_B0CBD8F33218,root,1,00:00:00:00:00:00,0,0,5,129,0,0,0,0,0
72669572,NODE_B0CBD8F33218,root,1,00:00:00:00:00:00,0,0,5,130,0,0,0,0,0
72769564,NODE_B0CBD8F33218,root,1,00:00:00:00:00:00,0,0,5,130,0,0,0,0,0
72869574,NODE_B0CBD8F33218,root,1,00:00:00:00:00:00,0,0,5,131,0,0,0,0,0
72969568,NODE_B0CBD8F33218,root,1,00:00:00:00:00:00,0,0,5,131,0,0,0,0,0
73069568,NODE_B0CBD8F33218,root,1,00:00:00:00:00:00,0,0,5,131,0,0,0,0,0
73169566,NODE_B0CBD8F33218,root,1,00:00:00:00:00:00,0,0,5,131,0,0,0,0,0
73269568,NODE_B0CBD8F33218,root,1,00:00:00:00:00:00,0,0,5,131,0,0,0,0,0
73369560,NODE_B0CBD8F33218,root,1,00:00:00:00:00:00,0,0,5,131,0,0,0,0,0
73469570,NODE_B0CBD8F33218,root,1,00:00:00:00:00:00,0,0,5,131,0,0,0,0,0
73569572,NODE_B0CBD8F33218,root,1,00:00:00:00:00:00,0,0,5,131,0,0,0,0,0
73669572,NODE_B0CBD8F33218,root,1,00:00:00:00:00:00,0,0,5,132,0,0,0,0,0
73769566,NODE_B0CBD8F33218,root,1,00:00:00:00:00:00,0,0,5,132,0,0,0,0,0
73869572,NODE_B0CBD8F33218,root,1,00:00:00:00:00:00,0,0,5,133,0,0,0,0,0
73969568,NODE_B0CBD8F33218,root,1,00:00:00:00:00:00,0,0,5,133,0,0,0,0,0
74069570,NODE_B0CBD8F33218,root,1,00:00:00:00:00:00,0,0,5,133,0,0,0,0,0
74169560,NODE_B0CBD8F33218,root,1,00:00:00:00:00:00,0,0,5,133,0,0,0,0,0
74269568,NODE_B0CBD8F33218,root,1,00:00:00:00:00:00,0,0,5,133,0,0,0,0,0
74369688,NODE_B0CBD8F33218,root,1,00:00:00:00:00:00,0,0,5,133,0,0,0,0,0
74469568,NODE_B0CBD8F33218,root,1,00:00:00:00:00:00,0,0,5,133,0,0,0,0,0
74569568,NODE_B0CBD8F33218,root,1,00:00:00:00:00:00,0,0,5,133,0,0,0,0,0
74669574,NODE_B0CBD8F33218,root,1,00:00:00:00:00:00,0,0,5,134,0,0,0,0,0
74769564,NODE_B0CBD8F33218,root,1,00:00:00:00:00:00,0,0,5,134,0,0,0,0,0
74869568,NODE_B0CBD8F33218,root,1,00:00:00:00:00:00,0,0,5,135,0,0,0,0,0
74969566,NODE_B0CBD8F33218,root,1,00:00:00:00:00:00,0,0,5,135,0,0,0,0,0
75069568,NODE_B0CBD8F33218,root,1,00:00:00:00:00:00,0,0,5,135,0,0,0,0,0
75169564,NODE_B0CBD8F33218,root,1,00:00:00:00:00:00,0,0,5,135,0,0,0,0,0
75269570,NODE_B0CBD8F33218,root,1,00:00:00:00:00:00,0,0,5,135,0,0,0,0,0
75369560,NODE_B0CBD8F33218,root,1,00:00:00:00:00:00,0,0,5,135,0,0,0,0,0
75469568,NODE_B0CBD8F33218,root,1,00:00:00:00:00:00,0,0,5,135,0,0,0,0,0
75569574,NODE_B0CBD8F33218,root,1,00:00:00:00:00:00,0,0,5,135,0,0,0,0,0
75669576,NODE_B0CBD8F33218,root,1,00:00:00:00:00:00,0,0,5,136,0,0,0,0,0
75769564,NODE_B0CBD8F33218,root,1,00:00:00:00:00:00,0,0,5,136,0,0,0,0,0
75869574,NODE_B0CBD8F33218,root,1,00:00:00:00:00:00,0,0,5,137,0,0,0,0,0
75969568,NODE_B0CBD8F33218,root,1,00:00:00:00:00:00,0,0,5,137,0,0,0,0,0
76069568,NODE_B0CBD8F33218,root,1,00:00:00:00:00:00,0,0,5,137,0,0,0,0,0
76169570,NODE_B0CBD8F33218,root,1,00:00:00:00:00:00,0,0,5,137,0,0,0,0,0
76269568,NODE_B0CBD8F33218,root,1,00:00:00:00:00:00,0,0,5,137,0,0,0,0,0
76369560,NODE_B0CBD8F33218,root,1,00:00:00:00:00:00,0,0,5,137,0,0,0,0,0
76469570,NODE_B0CBD8F33218,root,1,00:00:00:00:00:00,0,0,5,137,0,0,0,0,0
76569568,NODE_B0CBD8F33218,root,1,00:00:00:00:00:00,0,0,5,137,0,0,0,0,0
76669572,NODE_B0CBD8F33218,root,1,00:00:00:00:00:00,0,0,5,138,0,0,0,0,0
76769566,NODE_B0CBD8F33218,root,1,00:00:00:00:00:00,0,0,5,138,0,0,0,0,0
76869576,NODE_B0CBD8F33218,root,1,00:00:00:00:00:00,0,0,5,139,0,0,0,0,0
76969568,NODE_B0CBD8F33218,root,1,00:00:00:00:00:00,0,0,5,139,0,0,0,0,0
77069570,NODE_B0CBD8F33218,root,1,00:00:00:00:00:00,0,0,5,139,0,0,0,0,0
77169560,NODE_B0CBD8F33218,root,1,00:00:00:00:00:00,0,0,5,139,0,0,0,0,0
77269568,NODE_B0CBD8F33218,root,1,00:00:00:00:00:00,0,0,5,139,0,0,0,0,0
77369562,NODE_B0CBD8F33218,root,1,00:00:00:00:00:00,0,0,5,139,0,0,0,0,0
77469568,NODE_B0CBD8F33218,root,1,00:00:00:00:00:00,0,0,5,139,0,0,0,0,0
77569572,NODE_B0CBD8F33218,root,1,00:00:00:00:00:00,0,0,5,139,0,0,0,0,0
77669570,NODE_B0CBD8F33218,root,1,00:00:00:00:00:00,0,0,5,140,0,0,0,0,0
77769564,NODE_B0CBD8F33218,root,1,00:00:00:00:00:00,0,0,5,140,0,0,0,0,0
77869568,NODE_B0CBD8F33218,root,1,00:00:00:00:00:00,0,0,5,141,0,0,0,0,0
77969570,NODE_B0CBD8F33218,root,1,00:00:00:00:00:00,0,0,5,141,0,0,0,0,0
78069568,NODE_B0CBD8F33218,root,1,00:00:00:00:00:00,0,0,5,141,0,0,0,0,0
78169560,NODE_B0CBD8F33218,root,1,00:00:00:00:00:00,0,0,5,141,0,0,0,0,0
78269570,NODE_B0CBD8F33218,root,1,00:00:00:00:00:00,0,0,5,141,0,0,0,0,0
78369560,NODE_B0CBD8F33218,root,1,00:00:00:00:00:00,0,0,5,141,0,0,0,0,0
78469568,NODE_B0CBD8F33218,root,1,00:00:00:00:00:00,0,0,5,141,0,0,0,0,0
78569570,NODE_B0CBD8F33218,root,1,00:00:00:00:00:00,0,0,5,141,0,0,0,0,0
78669572,NODE_B0CBD8F33218,root,1,00:00:00:00:00:00,0,0,5,142,0,0,0,0,0
78769556,NODE_B0CBD8F33218,root,1,00:00:00:00:00:00,0,0,5,142,0,0,0,0,0
78869574,NODE_B0CBD8F33218,root,1,00:00:00:00:00:00,0,0,5,143,0,0,0,0,0
78969568,NODE_B0CBD8F33218,root,1,00:00:00:00:00:00,0,0,5,143,0,0,0,0,0
79069568,NODE_B0CBD8F33218,root,1,00:00:00:00:00:00,0,0,5,143,0,0,0,0,0
79169566,NODE_B0CBD8F33218,root,1,00:00:00:00:00:00,0,0,5,143,0,0,0,0,0
79269568,NODE_B0CBD8F33218,root,1,00:00:00:00:00:00,0,0,5,143,0,0,0,0,0
79369564,NODE_B0CBD8F33218,root,1,00:00:00:00:00:00,0,0,5,143,0,0,0,0,0
79469570,NODE_B0CBD8F33218,root,1,00:00:00:00:00:00,0,0,5,143,0,0,0,0,0
79569572,NODE_B0CBD8F33218,root,1,00:00:00:00:00:00,0,0,5,143,0,0,0,0,0
79669568,NODE_B0CBD8F33218,root,1,00:00:00:00:00:00,0,0,5,144,0,0,0,0,0
79769566,NODE_B0CBD8F33218,root,1,00:00:00:00:00:00,0,0,5,144,0,0,0,0,0
79869568,NODE_B0CBD8F33218,root,1,00:00:00:00:00:00,0,0,5,145,0,0,0,0,0
79969568,NODE_B0CBD8F33218,root,1,00:00:00:00:00:00,0,0,5,145,0,0,0,0,0
80069570,NODE_B0CBD8F33218,root,1,00:00:00:00:00:00,0,0,5,145,0,0,0,0,0
80169560,NODE_B0CBD8F33218,root,1,00:00:00:00:00:00,0,0,5,145,0,0,0,0,0
80269568,NODE_B0CBD8F33218,root,1,00:00:00:00:00:00,0,0,5,145,0,0,0,0,0
80369562,NODE_B0CBD8F33218,root,1,00:00:00:00:00:00,0,0,5,145,0,0,0,0,0
80469568,NODE_B0CBD8F33218,root,1,00:00:00:00:00:00,0,0,5,145,0,0,0,0,0
80569568,NODE_B0CBD8F33218,root,1,00:00:00:00:00:00,0,0,5,145,0,0,0,0,0
80669574,NODE_B0CBD8F33218,root,1,00:00:00:00:00:00,0,0,5,146,0,0,0,0,0
80769564,NODE_B0CBD8F33218,root,1,00:00:00:00:00:00,0,0,5,146,0,0,0,0,0
80869576,NODE_B0CBD8F33218,root,1,00:00:00:00:00:00,0,0,5,147,0,0,0,0,0
80969570,NODE_B0CBD8F33218,root,1,00:00:00:00:00:00,0,0,5,147,0,0,0,0,0
81069568,NODE_B0CBD8F33218,root,1,00:00:00:00:00:00,0,0,5,147,0,0,0,0,0
81169560,NODE_B0CBD8F33218,root,1,00:00:00:00:00:00,0,0,5,147,0,0,0,0,0
81269570,NODE_B0CBD8F33218,root,1,00:00:00:00:00:00,0,0,5,147,0,0,0,0,0
81369560,NODE_B0CBD8F33218,root,1,00:00:00:00:00:00,0,0,5,147,0,0,0,0,0
81469568,NODE_B0CBD8F33218,root,1,00:00:00:00:00:00,0,0,5,147,0,0,0,0,0
81569574,NODE_B0CBD8F33218,root,1,00:00:00:00:00:00,0,0,5,147,0,0,0,0,0
81669572,NODE_B0CBD8F33218,root,1,00:00:00:00:00:00,0,0,5,148,0,0,0,0,0
81769564,NODE_B0CBD8F33218,root,1,00:00:00:00:00:00,0,0,5,148,0,0,0,0,0
81869570,NODE_B0CBD8F33218,root,1,00:00:00:00:00:00,0,0,5,149,0,0,0,0,0
81969568,NODE_B0CBD8F33218,root,1,00:00:00:00:00:00,0,0,5,149,0,0,0,0,0
82069568,NODE_B0CBD8F33218,root,1,00:00:00:00:00:00,0,0,5,149,0,0,0,0,0
82169566,NODE_B0CBD8F33218,root,1,00:00:00:00:00:00,0,0,5,149,0,0,0,0,0
82269568,NODE_B0CBD8F33218,root,1,00:00:00:00:00:00,0,0,5,149,0,0,0,0,0
82369560,NODE_B0CBD8F33218,root,1,00:00:00:00:00:00,0,0,5,149,0,0,0,0,0
82469570,NODE_B0CBD8F33218,root,1,00:00:00:00:00:00,0,0,5,149,0,0,0,0,0
82569568,NODE_B0CBD8F33218,root,1,00:00:00:00:00:00,0,0,5,149,0,0,0,0,0
82669568,NODE_B0CBD8F33218,root,1,00:00:00:00:00:00,0,0,5,150,0,0,0,0,0
82769566,NODE_B0CBD8F33218,root,1,00:00:00:00:00:00,0,0,5,150,0,0,0,0,0
82869568,NODE_B0CBD8F33218,root,1,00:00:00:00:00:00,0,0,5,151,0,0,0,0,0
82969568,NODE_B0CBD8F33218,root,1,00:00:00:00:00:00,0,0,5,151,0,0,0,0,0
83069570,NODE_B0CBD8F33218,root,1,00:00:00:00:00:00,0,0,5,151,0,0,0,0,0
83169564,NODE_B0CBD8F33218,root,1,00:00:00:00:00:00,0,0,5,151,0,0,0,0,0
83269568,NODE_B0CBD8F33218,root,1,00:00:00:00:00:00,0,0,5,151,0,0,0,0,0
83369566,NODE_B0CBD8F33218,root,1,00:00:00:00:00:00,0,0,5,151,0,0,0,0,0
83469568,NODE_B0CBD8F33218,root,1,00:00:00:00:00:00,0,0,5,151,0,0,0,0,0
83569579,NODE_B0CBD8F33218,root,1,00:00:00:00:00:00,0,0,5,151,0,0,0,0,0
83669578,NODE_B0CBD8F33218,root,1,00:00:00:00:00:00,0,0,5,152,0,0,0,0,0
83769564,NODE_B0CBD8F33218,root,1,00:00:00:00:00:00,0,0,5,152,0,0,0,0,0
83869572,NODE_B0CBD8F33218,root,1,00:00:00:00:00:00,0,0,5,153,0,0,0,0,0
83969570,NODE_B0CBD8F33218,root,1,00:00:00:00:00:00,0,0,5,153,0,0,0,0,0
84069568,NODE_B0CBD8F33218,root,1,00:00:00:00:00:00,0,0,5,153,0,0,0,0,0
84169560,NODE_B0CBD8F33218,root,1,00:00:00:00:00:00,0,0,5,153,0,0,0,0,0
84269570,NODE_B0CBD8F33218,root,1,00:00:00:00:00:00,0,0,5,153,0,0,0,0,0
84369560,NODE_B0CBD8F33218,root,1,00:00:00:00:00:00,0,0,5,153,0,0,0,0,0
84469568,NODE_B0CBD8F33218,root,1,00:00:00:00:00:00,0,0,5,153,0,0,0,0,0
84569570,NODE_B0CBD8F33218,root,1,00:00:00:00:00:00,0,0,5,153,0,0,0,0,0
84669572,NODE_B0CBD8F33218,root,1,00:00:00:00:00:00,0,0,5,154,0,0,0,0,0
84769564,NODE_B0CBD8F33218,root,1,00:00:00:00:00:00,0,0,5,154,0,0,0,0,0
84869570,NODE_B0CBD8F33218,root,1,00:00:00:00:00:00,0,0,5,155,0,0,0,0,0
84969568,NODE_B0CBD8F33218,root,1,00:00:00:00:00:00,0,0,5,155,0,0,0,0,0
85069568,NODE_B0CBD8F33218,root,1,00:00:00:00:00:00,0,0,5,155,0,0,0,0,0
85169566,NODE_B0CBD8F33218,root,1,00:00:00:00:00:00,0,0,5,155,0,0,0,0,0
85269568,NODE_B0CBD8F33218,root,1,00:00:00:00:00:00,0,0,5,155,0,0,0,0,0
85369560,NODE_B0CBD8F33218,root,1,00:00:00:00:00:00,0,0,5,155,0,0,0,0,0
85469570,NODE_B0CBD8F33218,root,1,00:00:00:00:00:00,0,0,5,155,0,0,0,0,0
85569572,NODE_B0CBD8F33218,root,1,00:00:00:00:00:00,0,0,5,155,0,0,0,0,0
85669572,NODE_B0CBD8F33218,root,1,00:00:00:00:00:00,0,0,5,156,0,0,0,0,0
85769574,NODE_B0CBD8F33218,root,1,00:00:00:00:00:00,0,0,5,156,0,0,0,0,0
85869576,NODE_B0CBD8F33218,root,1,00:00:00:00:00:00,0,0,5,157,0,0,0,0,0
85969568,NODE_B0CBD8F33218,root,1,00:00:00:00:00:00,0,0,5,157,0,0,0,0,0
86069570,NODE_B0CBD8F33218,root,1,00:00:00:00:00:00,0,0,5,157,0,0,0,0,0
86169560,NODE_B0CBD8F33218,root,1,00:00:00:00:00:00,0,0,5,157,0,0,0,0,0
86269568,NODE_B0CBD8F33218,root,1,00:00:00:00:00:00,0,0,5,157,0,0,0,0,0
86369562,NODE_B0CBD8F33218,root,1,00:00:00:00:00:00,0,0,5,157,0,0,0,0,0
86469568,NODE_B0CBD8F33218,root,1,00:00:00:00:00:00,0,0,5,157,0,0,0,0,0
86569568,NODE_B0CBD8F33218,root,1,00:00:00:00:00:00,0,0,5,157,0,0,0,0,0
86669574,NODE_B0CBD8F33218,root,1,00:00:00:00:00:00,0,0,5,158,0,0,0,0,0
86769564,NODE_B0CBD8F33218,root,1,00:00:00:00:00:00,0,0,5,158,0,0,0,0,0
86869568,NODE_B0CBD8F33218,root,1,00:00:00:00:00:00,0,0,5,159,0,0,0,0,0
86969570,NODE_B0CBD8F33218,root,1,00:00:00:00:00:00,0,0,5,159,0,0,0,0,0
87069568,NODE_B0CBD8F33218,root,1,00:00:00:00:00:00,0,0,5,159,0,0,0,0,0
87169560,NODE_B0CBD8F33218,root,1,00:00:00:00:00:00,0,0,5,159,0,0,0,0,0
87269570,NODE_B0CBD8F33218,root,1,00:00:00:00:00:00,0,0,5,159,0,0,0,0,0
87369560,NODE_B0CBD8F33218,root,1,00:00:00:00:00:00,0,0,5,159,0,0,0,0,0
87469568,NODE_B0CBD8F33218,root,1,00:00:00:00:00:00,0,0,5,159,0,0,0,0,0
87569570,NODE_B0CBD8F33218,root,1,00:00:00:00:00:00,0,0,5,159,0,0,0,0,0
87669568,NODE_B0CBD8F33218,root,1,00:00:00:00:00:00,0,0,5,160,0,0,0,0,0
87769564,NODE_B0CBD8F33218,root,1,00:00:00:00:00:00,0,0,5,160,0,0,0,0,0
87869570,NODE_B0CBD8F33218,root,1,00:00:00:00:00:00,0,0,5,161,0,0,0,0,0
87969564,NODE_B0CBD8F33218,root,1,00:00:00:00:00:00,0,0,5,161,0,0,0,0,0
88069568,NODE_B0CBD8F33218,root,1,00:00:00:00:00:00,0,0,5,161,0,0,0,0,0
88169566,NODE_B0CBD8F33218,root,1,00:00:00:00:00:00,0,0,5,161,0,0,0,0,0
88269568,NODE_B0CBD8F33218,root,1,00:00:00:00:00:00,0,0,5,161,0,0,0,0,0
88369560,NODE_B0CBD8F33218,root,1,00:00:00:00:00:00,0,0,5,161,0,0,0,0,0
88469570,NODE_B0CBD8F33218,root,1,00:00:00:00:00:00,0,0,5,161,0,0,0,0,0
88569568,NODE_B0CBD8F33218,root,1,00:00:00:00:00:00,0,0,5,161,0,0,0,0,0
88669572,NODE_B0CBD8F33218,root,1,00:00:00:00:00:00,0,0,5,162,0,0,0,0,0
88769566,NODE_B0CBD8F33218,root,1,00:00:00:00:00:00,0,0,5,162,0,0,0,0,0
88869576,NODE_B0CBD8F33218,root,1,00:00:00:00:00:00,0,0,5,163,0,0,0,0,0
88969568,NODE_B0CBD8F33218,root,1,00:00:00:00:00:00,0,0,5,163,0,0,0,0,0
89069570,NODE_B0CBD8F33218,root,1,00:00:00:00:00:00,0,0,5,163,0,0,0,0,0
89169560,NODE_B0CBD8F33218,root,1,00:00:00:00:00:00,0,0,5,163,0,0,0,0,0
89269568,NODE_B0CBD8F33218,root,1,00:00:00:00:00:00,0,0,5,163,0,0,0,0,0
89369562,NODE_B0CBD8F33218,root,1,00:00:00:00:00:00,0,0,5,163,0,0,0,0,0
89469568,NODE_B0CBD8F33218,root,1,00:00:00:00:00:00,0,0,5,163,0,0,0,0,0
89569572,NODE_B0CBD8F33218,root,1,00:00:00:00:00:00,0,0,5,163,0,0,0,0,0
89669574,NODE_B0CBD8F33218,root,1,00:00:00:00:00:00,0,0,5,164,0,0,0,0,0
89769564,NODE_B0CBD8F33218,root,1,00:00:00:00:00:00,0,0,5,164,0,0,0,0,0
89869568,NODE_B0CBD8F33218,root,1,00:00:00:00:00:00,0,0,5,165,0,0,0,0,0
89969570,NODE_B0CBD8F33218,root,1,00:00:00:00:00:00,0,0,5,165,0,0,0,0,0
90069568,NODE_B0CBD8F33218,root,1,00:00:00:00:00:00,0,0,5,165,0,0,0,0,0
90169560,NODE_B0CBD8F33218,root,1,00:00:00:00:00:00,0,0,5,165,0,0,0,0,0
90269570,NODE_B0CBD8F33218,root,1,00:00:00:00:00:00,0,0,5,165,0,0,0,0,0
90369560,NODE_B0CBD8F33218,root,1,00:00:00:00:00:00,0,0,5,165,0,0,0,0,0
90469568,NODE_B0CBD8F33218,root,1,00:00:00:00:00:00,0,0,5,165,0,0,0,0,0
90569570,NODE_B0CBD8F33218,root,1,00:00:00:00:00:00,0,0,5,165,0,0,0,0,0
90669572,NODE_B0CBD8F33218,root,1,00:00:00:00:00:00,0,0,5,166,0,0,0,0,0
90769564,NODE_B0CBD8F33218,root,1,00:00:00:00:00:00,0,0,5,166,0,0,0,0,0
90869574,NODE_B0CBD8F33218,root,1,00:00:00:00:00:00,0,0,5,167,0,0,0,0,0
90969568,NODE_B0CBD8F33218,root,1,00:00:00:00:00:00,0,0,5,167,0,0,0,0,0
91069568,NODE_B0CBD8F33218,root,1,00:00:00:00:00:00,0,0,5,167,0,0,0,0,0
91169566,NODE_B0CBD8F33218,root,1,00:00:00:00:00:00,0,0,5,167,0,0,0,0,0
91269568,NODE_B0CBD8F33218,root,1,00:00:00:00:00:00,0,0,5,167,0,0,0,0,0
91369560,NODE_B0CBD8F33218,root,1,00:00:00:00:00:00,0,0,5,167,0,0,0,0,0
91469570,NODE_B0CBD8F33218,root,1,00:00:00:00:00:00,0,0,5,167,0,0,0,0,0
91569568,NODE_B0CBD8F33218,root,1,00:00:00:00:00:00,0,0,5,167,0,0,0,0,0
91669576,NODE_B0CBD8F33218,root,1,00:00:00:00:00:00,0,0,5,168,0,0,0,0,0
91769566,NODE_B0CBD8F33218,root,1,00:00:00:00:00:00,0,0,5,168,0,0,0,0,0
91869568,NODE_B0CBD8F33218,root,1,00:00:00:00:00:00,0,0,5,169,0,0,0,0,0
91969568,NODE_B0CBD8F33218,root,1,00:00:00:00:00:00,0,0,5,169,0,0,0,0,0
92069570,NODE_B0CBD8F33218,root,1,00:00:00:00:00:00,0,0,5,169,0,0,0,0,0
92169564,NODE_B0CBD8F33218,root,1,00:00:00:00:00:00,0,0,5,169,0,0,0,0,0
92269568,NODE_B0CBD8F33218,root,1,00:00:00:00:00:00,0,0,5,169,0,0,0,0,0
92369562,NODE_B0CBD8F33218,root,1,00:00:00:00:00:00,0,0,5,169,0,0,0,0,0
92469568,NODE_B0CBD8F33218,root,1,00:00:00:00:00:00,0,0,5,169,0,0,0,0,0
92569568,NODE_B0CBD8F33218,root,1,00:00:00:00:00:00,0,0,5,169,0,0,0,0,0
92669574,NODE_B0CBD8F33218,root,1,00:00:00:00:00:00,0,0,5,170,0,0,0,0,0
92769564,NODE_B0CBD8F33218,root,1,00:00:00:00:00:00,0,0,5,170,0,0,0,0,0
92869568,NODE_B0CBD8F33218,root,1,00:00:00:00:00:00,0,0,5,171,0,0,0,0,0
92969555,NODE_B0CBD8F33218,root,1,00:00:00:00:00:00,0,0,5,171,0,0,0,0,0
93069568,NODE_B0CBD8F33218,root,1,00:00:00:00:00:00,0,0,5,171,0,0,0,0,0
93169560,NODE_B0CBD8F33218,root,1,00:00:00:00:00:00,0,0,5,171,0,0,0,0,0
93269570,NODE_B0CBD8F33218,root,1,00:00:00:00:00:00,0,0,5,171,0,0,0,0,0
93369560,NODE_B0CBD8F33218,root,1,00:00:00:00:00:00,0,0,5,171,0,0,0,0,0
93469568,NODE_B0CBD8F33218,root,1,00:00:00:00:00:00,0,0,5,171,0,0,0,0,0
93569574,NODE_B0CBD8F33218,root,1,00:00:00:00:00:00,0,0,5,171,0,0,0,0,0
93669572,NODE_B0CBD8F33218,root,1,00:00:00:00:00:00,0,0,5,172,0,0,0,0,0
93769564,NODE_B0CBD8F33218,root,1,00:00:00:00:00:00,0,0,5,172,0,0,0,0,0
93869578,NODE_B0CBD8F33218,root,1,00:00:00:00:00:00,0,0,5,173,0,0,0,0,0
93969568,NODE_B0CBD8F33218,root,1,00:00:00:00:00:00,0,0,5,173,0,0,0,0,0
94069568,NODE_B0CBD8F33218,root,1,00:00:00:00:00:00,0,0,5,173,0,0,0,0,0
94169566,NODE_B0CBD8F33218,root,1,00:00:00:00:00:00,0,0,5,173,0,0,0,0,0
94269568,NODE_B0CBD8F33218,root,1,00:00:00:00:00:00,0,0,5,173,0,0,0,0,0
94369560,NODE_B0CBD8F33218,root,1,00:00:00:00:00:00,0,0,5,173,0,0,0,0,0
94469570,NODE_B0CBD8F33218,root,1,00:00:00:00:00:00,0,0,5,173,0,0,0,0,0
94569568,NODE_B0CBD8F33218,root,1,00:00:00:00:00:00,0,0,5,173,0,0,0,0,0
94669568,NODE_B0CBD8F33218,root,1,00:00:00:00:00:00,0,0,5,173,0,0,0,0,0
94769562,NODE_B0CBD8F33218,root,1,00:00:00:00:00:00,0,0,5,173,0,0,0,0,0
94869572,NODE_B0CBD8F33218,root,1,00:00:00:00:00:00,0,0,5,174,0,0,0,0,0
94969568,NODE_B0CBD8F33218,root,1,00:00:00:00:00:00,0,0,5,174,0,0,0,0,0
95069570,NODE_B0CBD8F33218,root,1,00:00:00:00:00:00,0,0,5,174,0,0,0,0,0
95169560,NODE_B0CBD8F33218,root,1,00:00:00:00:00:00,0,0,5,174,0,0,0,0,0
95269568,NODE_B0CBD8F33218,root,1,00:00:00:00:00:00,0,0,5,174,0,0,0,0,0
95369562,NODE_B0CBD8F33218,root,1,00:00:00:00:00:00,0,0,5,174,0,0,0,0,0
95469568,NODE_B0CBD8F33218,root,1,00:00:00:00:00:00,0,0,5,174,0,0,0,0,0
95569572,NODE_B0CBD8F33218,root,1,00:00:00:00:00:00,0,0,5,174,0,0,0,0,0
95669570,NODE_B0CBD8F33218,root,1,00:00:00:00:00:00,0,0,5,174,0,0,0,0,0
95769560,NODE_B0CBD8F33218,root,1,00:00:00:00:00:00,0,0,5,174,0,0,0,0,0
95869572,NODE_B0CBD8F33218,root,1,00:00:00:00:00:00,0,0,5,176,0,0,0,0,0
95969570,NODE_B0CBD8F33218,root,1,00:00:00:00:00:00,0,0,5,176,0,0,0,0,0
96069568,NODE_B0CBD8F33218,root,1,00:00:00:00:00:00,0,0,5,176,0,0,0,0,0
96169564,NODE_B0CBD8F33218,root,1,00:00:00:00:00:00,0,0,5,176,0,0,0,0,0
96269570,NODE_B0CBD8F33218,root,1,00:00:00:00:00:00,0,0,5,176,0,0,0,0,0
96369564,NODE_B0CBD8F33218,root,1,00:00:00:00:00:00,0,0,5,176,0,0,0,0,0
96469568,NODE_B0CBD8F33218,root,1,00:00:00:00:00:00,0,0,5,176,0,0,0,0,0
96569570,NODE_B0CBD8F33218,root,1,00:00:00:00:00:00,0,0,5,176,0,0,0,0,0
96669568,NODE_B0CBD8F33218,root,1,00:00:00:00:00:00,0,0,5,176,0,0,0,0,0
96769564,NODE_B0CBD8F33218,root,1,00:00:00:00:00:00,0,0,5,176,0,0,0,0,0
96869578,NODE_B0CBD8F33218,root,1,00:00:00:00:00:00,0,0,5,178,0,0,0,0,0
96969568,NODE_B0CBD8F33218,root,1,00:00:00:00:00:00,0,0,5,178,0,0,0,0,0
97069568,NODE_B0CBD8F33218,root,1,00:00:00:00:00:00,0,0,5,178,0,0,0,0,0
97169566,NODE_B0CBD8F33218,root,1,00:00:00:00:00:00,0,0,5,178,0,0,0,0,0
97269568,NODE_B0CBD8F33218,root,1,00:00:00:00:00:00,0,0,5,178,0,0,0,0,0
97369560,NODE_B0CBD8F33218,root,1,00:00:00:00:00:00,0,0,5,178,0,0,0,0,0
97469570,NODE_B0CBD8F33218,root,1,00:00:00:00:00:00,0,0,5,178,0,0,0,0,0
97569572,NODE_B0CBD8F33218,root,1,00:00:00:00:00:00,0,0,5,178,0,0,0,0,0
97669568,NODE_B0CBD8F33218,root,1,00:00:00:00:00:00,0,0,5,178,0,0,0,0,0
97769566,NODE_B0CBD8F33218,root,1,00:00:00:00:00:00,0,0,5,178,0,0,0,0,0
97869572,NODE_B0CBD8F33218,root,1,00:00:00:00:00:00,0,0,5,180,0,0,0,0,0
97969568,NODE_B0CBD8F33218,root,1,00:00:00:00:00:00,0,0,5,180,0,0,0,0,0
98069570,NODE_B0CBD8F33218,root,1,00:00:00:00:00:00,0,0,5,180,0,0,0,0,0
98169560,NODE_B0CBD8F33218,root,1,00:00:00:00:00:00,0,0,5,180,0,0,0,0,0
98269568,NODE_B0CBD8F33218,root,1,00:00:00:00:00:00,0,0,5,180,0,0,0,0,0
98369562,NODE_B0CBD8F33218,root,1,00:00:00:00:00:00,0,0,5,180,0,0,0,0,0
98469568,NODE_B0CBD8F33218,root,1,00:00:00:00:00:00,0,0,5,180,0,0,0,0,0
98569568,NODE_B0CBD8F33218,root,1,00:00:00:00:00:00,0,0,5,180,0,0,0,0,0
98669570,NODE_B0CBD8F33218,root,1,00:00:00:00:00:00,0,0,5,180,0,0,0,0,0
98769560,NODE_B0CBD8F33218,root,1,00:00:00:00:00:00,0,0,5,180,0,0,0,0,0
98869572,NODE_B0CBD8F33218,root,1,00:00:00:00:00:00,0,0,5,182,0,0,0,0,0
98969570,NODE_B0CBD8F33218,root,1,00:00:00:00:00:00,0,0,5,182,0,0,0,0,0
99069568,NODE_B0CBD8F33218,root,1,00:00:00:00:00:00,0,0,5,182,0,0,0,0,0
99169560,NODE_B0CBD8F33218,root,1,00:00:00:00:00:00,0,0,5,182,0,0,0,0,0
99269570,NODE_B0CBD8F33218,root,1,00:00:00:00:00:00,0,0,5,182,0,0,0,0,0
99369560,NODE_B0CBD8F33218,root,1,00:00:00:00:00:00,0,0,5,182,0,0,0,0,0
99469568,NODE_B0CBD8F33218,root,1,00:00:00:00:00:00,0,0,5,182,0,0,0,0,0
99569574,NODE_B0CBD8F33218,root,1,00:00:00:00:00:00,0,0,5,182,0,0,0,0,0
99669731,NODE_B0CBD8F33218,root,1,00:00:00:00:00:00,0,0,5,182,0,0,0,0,0
99769572,NODE_B0CBD8F33218,root,1,00:00:00:00:00:00,0,0,5,182,0,0,0,0,0
99869574,NODE_B0CBD8F33218,root,1,00:00:00:00:00:00,0,0,5,184,0,0,0,0,0
99969570,NODE_B0CBD8F33218,root,1,00:00:00:00:00:00,0,0,5,184,0,0,0,0,0
100069718,NODE_B0CBD8F33218,root,1,00:00:00:00:00:00,0,0,5,184,0,0,0,0,0
100169562,NODE_B0CBD8F33218,root,1,00:00:00:00:00:00,0,0,5,184,0,0,0,0,0
100269568,NODE_B0CBD8F33218,root,1,00:00:00:00:00:00,0,0,5,184,0,0,0,0,0
100369564,NODE_B0CBD8F33218,root,1,00:00:00:00:00:00,0,0,5,184,0,0,0,0,0
100469570,NODE_B0CBD8F33218,root,1,00:00:00:00:00:00,0,0,5,184,0,0,0,0,0
100569568,NODE_B0CBD8F33218,root,1,00:00:00:00:00:00,0,0,5,184,0,0,0,0,0
100669568,NODE_B0CBD8F33218,root,1,00:00:00:00:00:00,0,0,5,184,0,0,0,0,0
100769566,NODE_B0CBD8F33218,root,1,00:00:00:00:00:00,0,0,5,184,0,0,0,0,0
100869572,NODE_B0CBD8F33218,root,1,00:00:00:00:00:00,0,0,5,186,0,0,0,0,0
100969568,NODE_B0CBD8F33218,root,1,00:00:00:00:00:00,0,0,5,186,0,0,0,0,0
101069570,NODE_B0CBD8F33218,root,1,00:00:00:00:00:00,0,0,5,186,0,0,0,0,0
101169560,NODE_B0CBD8F33218,root,1,00:00:00:00:00:00,0,0,5,186,0,0,0,0,0
101269568,NODE_B0CBD8F33218,root,1,00:00:00:00:00:00,0,0,5,186,0,0,0,0,0
101369562,NODE_B0CBD8F33218,root,1,00:00:00:00:00:00,0,0,5,186,0,0,0,0,0
101469568,NODE_B0CBD8F33218,root,1,00:00:00:00:00:00,0,0,5,186,0,0,0,0,0
101569572,NODE_B0CBD8F33218,root,1,00:00:00:00:00:00,0,0,5,186,0,0,0,0,0
101669570,NODE_B0CBD8F33218,root,1,00:00:00:00:00:00,0,0,5,186,0,0,0,0,0
101769560,NODE_B0CBD8F33218,root,1,00:00:00:00:00:00,0,0,5,186,0,0,0,0,0
101869572,NODE_B0CBD8F33218,root,1,00:00:00:00:00:00,0,0,5,188,0,0,0,0,0
101969570,NODE_B0CBD8F33218,root,1,00:00:00:00:00:00,0,0,5,188,0,0,0,0,0
102069568,NODE_B0CBD8F33218,root,1,00:00:00:00:00:00,0,0,5,188,0,0,0,0,0
102169560,NODE_B0CBD8F33218,root,1,00:00:00:00:00:00,0,0,5,188,0,0,0,0,0
102269570,NODE_B0CBD8F33218,root,1,00:00:00:00:00:00,0,0,5,188,0,0,0,0,0
102369560,NODE_B0CBD8F33218,root,1,00:00:00:00:00:00,0,0,5,188,0,0,0,0,0
102469568,NODE_B0CBD8F33218,root,1,00:00:00:00:00:00,0,0,5,188,0,0,0,0,0
102569570,NODE_B0CBD8F33218,root,1,00:00:00:00:00:00,0,0,5,188,0,0,0,0,0
102669564,NODE_B0CBD8F33218,root,1,00:00:00:00:00:00,0,0,5,188,0,0,0,0,0
102769564,NODE_B0CBD8F33218,root,1,00:00:00:00:00:00,0,0,5,188,0,0,0,0,0
102869574,NODE_B0CBD8F33218,root,1,00:00:00:00:00:00,0,0,5,190,0,0,0,0,0
102969568,NODE_B0CBD8F33218,root,1,00:00:00:00:00:00,0,0,5,190,0,0,0,0,0
103069568,NODE_B0CBD8F33218,root,1,00:00:00:00:00:00,0,0,5,190,0,0,0,0,0
103169566,NODE_B0CBD8F33218,root,1,00:00:00:00:00:00,0,0,5,190,0,0,0,0,0
103269568,NODE_B0CBD8F33218,root,1,00:00:00:00:00:00,0,0,5,190,0,0,0,0,0
103369560,NODE_B0CBD8F33218,root,1,00:00:00:00:00:00,0,0,5,190,0,0,0,0,0
103469570,NODE_B0CBD8F33218,root,1,00:00:00:00:00:00,0,0,5,190,0,0,0,0,0
103569572,NODE_B0CBD8F33218,root,1,00:00:00:00:00:00,0,0,5,190,0,0,0,0,0
103669568,NODE_B0CBD8F33218,root,1,00:00:00:00:00:00,0,0,5,190,0,0,0,0,0
103769562,NODE_B0CBD8F33218,root,1,00:00:00:00:00:00,0,0,5,190,0,0,0,0,0
103869572,NODE_B0CBD8F33218,root,1,00:00:00:00:00:00,0,0,5,192,0,0,0,0,0
103969568,NODE_B0CBD8F33218,root,1,00:00:00:00:00:00,0,0,5,192,0,0,0,0,0
104069570,NODE_B0CBD8F33218,root,1,00:00:00:00:00:00,0,0,5,192,0,0,0,0,0
104169560,NODE_B0CBD8F33218,root,1,00:00:00:00:00:00,0,0,5,192,0,0,0,0,0
104269568,NODE_B0CBD8F33218,root,1,00:00:00:00:00:00,0,0,5,192,0,0,0,0,0
104369562,NODE_B0CBD8F33218,root,1,00:00:00:00:00:00,0,0,5,192,0,0,0,0,0
104469568,NODE_B0CBD8F33218,root,1,00:00:00:00:00:00,0,0,5,192,0,0,0,0,0
104569568,NODE_B0CBD8F33218,root,1,00:00:00:00:00:00,0,0,5,192,0,0,0,0,0
104669570,NODE_B0CBD8F33218,root,1,00:00:00:00:00:00,0,0,5,192,0,0,0,0,0
104769560,NODE_B0CBD8F33218,root,1,00:00:00:00:00:00,0,0,5,192,0,0,0,0,0
104869576,NODE_B0CBD8F33218,root,1,00:00:00:00:00:00,0,0,5,194,0,0,0,0,0
104969570,NODE_B0CBD8F33218,root,1,00:00:00:00:00:00,0,0,5,194,0,0,0,0,0
105069568,NODE_B0CBD8F33218,root,1,00:00:00:00:00:00,0,0,5,194,0,0,0,0,0
105169560,NODE_B0CBD8F33218,root,1,00:00:00:00:00:00,0,0,5,194,0,0,0,0,0
105269570,NODE_B0CBD8F33218,root,1,00:00:00:00:00:00,0,0,5,194,0,0,0,0,0
105369560,NODE_B0CBD8F33218,root,1,00:00:00:00:00:00,0,0,5,194,0,0,0,0,0
105469568,NODE_B0CBD8F33218,root,1,00:00:00:00:00:00,0,0,5,194,0,0,0,0,0
105569574,NODE_B0CBD8F33218,root,1,00:00:00:00:00:00,0,0,5,194,0,0,0,0,0
105669568,NODE_B0CBD8F33218,root,1,00:00:00:00:00:00,0,0,5,194,0,0,0,0,0
105769564,NODE_B0CBD8F33218,root,1,00:00:00:00:00:00,0,0,5,194,0,0,0,0,0
105869574,NODE_B0CBD8F33218,root,1,00:00:00:00:00:00,0,0,5,196,0,0,0,0,0
105969568,NODE_B0CBD8F33218,root,1,00:00:00:00:00:00,0,0,5,196,0,0,0,0,0
106069568,NODE_B0CBD8F33218,root,1,00:00:00:00:00:00,0,0,5,196,0,0,0,0,0
106169566,NODE_B0CBD8F33218,root,1,00:00:00:00:00:00,0,0,5,196,0,0,0,0,0
106269568,NODE_B0CBD8F33218,root,1,00:00:00:00:00:00,0,0,5,196,0,0,0,0,0
106369560,NODE_B0CBD8F33218,root,1,00:00:00:00:00:00,0,0,5,196,0,0,0,0,0
106469570,NODE_B0CBD8F33218,root,1,00:00:00:00:00:00,0,0,5,196,0,0,0,0,0
106569568,NODE_B0CBD8F33218,root,1,00:00:00:00:00:00,0,0,5,196,0,0,0,0,0
106669568,NODE_B0CBD8F33218,root,1,00:00:00:00:00:00,0,0,5,196,0,0,0,0,0
106769562,NODE_B0CBD8F33218,root,1,00:00:00:00:00:00,0,0,5,196,0,0,0,0,0
106869572,NODE_B0CBD8F33218,root,1,00:00:00:00:00:00,0,0,5,198,0,0,0,0,0
106969564,NODE_B0CBD8F33218,root,1,00:00:00:00:00:00,0,0,5,198,0,0,0,0,0
107069570,NODE_B0CBD8F33218,root,1,00:00:00:00:00:00,0,0,5,198,0,0,0,0,0
107169560,NODE_B0CBD8F33218,root,1,00:00:00:00:00:00,0,0,5,198,0,0,0,0,0
107269556,NODE_B0CBD8F33218,root,1,00:00:00:00:00:00,0,0,5,198,0,0,0,0,0
107369562,NODE_B0CBD8F33218,root,1,00:00:00:00:00:00,0,0,5,198,0,0,0,0,0
107469568,NODE_B0CBD8F33218,root,1,00:00:00:00:00:00,0,0,5,198,0,0,0,0,0
107569568,NODE_B0CBD8F33218,root,1,00:00:00:00:00:00,0,0,5,198,0,0,0,0,0
107669570,NODE_B0CBD8F33218,root,1,00:00:00:00:00:00,0,0,5,198,0,0,0,0,0
107769560,NODE_B0CBD8F33218,root,1,00:00:00:00:00:00,0,0,5,198,0,0,0,0,0
107869572,NODE_B0CBD8F33218,root,1,00:00:00:00:00:00,0,0,5,200,0,0,0,0,0
107969566,NODE_B0CBD8F33218,root,1,00:00:00:00:00:00,0,0,5,200,0,0,0,0,0
108069568,NODE_B0CBD8F33218,root,1,00:00:00:00:00:00,0,0,5,200,0,0,0,0,0
108169560,NODE_B0CBD8F33218,root,1,00:00:00:00:00:00,0,0,5,200,0,0,0,0,0
108269570,NODE_B0CBD8F33218,root,1,00:00:00:00:00:00,0,0,5,200,0,0,0,0,0
108369560,NODE_B0CBD8F33218,root,1,00:00:00:00:00:00,0,0,5,200,0,0,0,0,0
108469568,NODE_B0CBD8F33218,root,1,00:00:00:00:00:00,0,0,5,200,0,0,0,0,0
108569570,NODE_B0CBD8F33218,root,1,00:00:00:00:00:00,0,0,5,200,0,0,0,0,0
108669568,NODE_B0CBD8F33218,root,1,00:00:00:00:00:00,0,0,5,200,0,0,0,0,0
108769564,NODE_B0CBD8F33218,root,1,00:00:00:00:00:00,0,0,5,200,0,0,0,0,0
108869574,NODE_B0CBD8F33218,root,1,00:00:00:00:00:00,0,0,5,202,0,0,0,0,0
108969564,NODE_B0CBD8F33218,root,1,00:00:00:00:00:00,0,0,5,202,0,0,0,0,0
109069568,NODE_B0CBD8F33218,root,1,00:00:00:00:00:00,0,0,5,202,0,0,0,0,0
109169566,NODE_B0CBD8F33218,root,1,00:00:00:00:00:00,0,0,5,202,0,0,0,0,0
109269568,NODE_B0CBD8F33218,root,1,00:00:00:00:00:00,0,0,5,202,0,0,0,0,0
109369560,NODE_B0CBD8F33218,root,1,00:00:00:00:00:00,0,0,5,202,0,0,0,0,0
109469570,NODE_B0CBD8F33218,root,1,00:00:00:00:00:00,0,0,5,202,0,0,0,0,0
109569568,NODE_B0CBD8F33218,root,1,00:00:00:00:00:00,0,0,5,202,0,0,0,0,0
109669568,NODE_B0CBD8F33218,root,1,00:00:00:00:00:00,0,0,5,202,0,0,0,0,0
109769566,NODE_B0CBD8F33218,root,1,00:00:00:00:00:00,0,0,5,202,0,0,0,0,0
109869576,NODE_B0CBD8F33218,root,1,00:00:00:00:00:00,0,0,5,204,0,0,0,0,0
109969564,NODE_B0CBD8F33218,root,1,00:00:00:00:00:00,0,0,5,204,0,0,0,0,0
110069570,NODE_B0CBD8F33218,root,1,00:00:00:00:00:00,0,0,5,204,0,0,0,0,0
110169560,NODE_B0CBD8F33218,root,1,00:00:00:00:00:00,0,0,5,204,0,0,0,0,0
110269568,NODE_B0CBD8F33218,root,1,00:00:00:00:00:00,0,0,5,204,0,0,0,0,0
110369562,NODE_B0CBD8F33218,root,1,00:00:00:00:00:00,0,0,5,204,0,0,0,0,0
110469568,NODE_B0CBD8F33218,root,1,00:00:00:00:00:00,0,0,5,204,0,0,0,0,0
110569568,NODE_B0CBD8F33218,root,1,00:00:00:00:00:00,0,0,5,204,0,0,0,0,0
110669570,NODE_B0CBD8F33218,root,1,00:00:00:00:00:00,0,0,5,204,0,0,0,0,0
110769564,NODE_B0CBD8F33218,root,1,00:00:00:00:00:00,0,0,5,204,0,0,0,0,0
110869572,NODE_B0CBD8F33218,root,1,00:00:00:00:00:00,0,0,5,206,0,0,0,0,0
110969566,NODE_B0CBD8F33218,root,1,00:00:00:00:00:00,0,0,5,206,0,0,0,0,0
111069568,NODE_B0CBD8F33218,root,1,00:00:00:00:00:00,0,0,5,206,0,0,0,0,0
111169560,NODE_B0CBD8F33218,root,1,00:00:00:00:00:00,0,0,5,206,0,0,0,0,0
111269570,NODE_B0CBD8F33218,root,1,00:00:00:00:00:00,0,0,5,206,0,0,0,0,0
111369560,NODE_B0CBD8F33218,root,1,00:00:00:00:00:00,0,0,5,206,0,0,0,0,0
111469568,NODE_B0CBD8F33218,root,1,00:00:00:00:00:00,0,0,5,206,0,0,0,0,0
111569570,NODE_B0CBD8F33218,root,1,00:00:00:00:00:00,0,0,5,206,0,0,0,0,0
111669568,NODE_B0CBD8F33218,root,1,00:00:00:00:00:00,0,0,5,206,0,0,0,0,0
111769564,NODE_B0CBD8F33218,root,1,00:00:00:00:00:00,0,0,5,206,0,0,0,0,0
111869574,NODE_B0CBD8F33218,root,1,00:00:00:00:00:00,0,0,5,208,0,0,0,0,0
111969564,NODE_B0CBD8F33218,root,1,00:00:00:00:00:00,0,0,5,208,0,0,0,0,0
112069568,NODE_B0CBD8F33218,root,1,00:00:00:00:00:00,0,0,5,208,0,0,0,0,0
112169566,NODE_B0CBD8F33218,root,1,00:00:00:00:00:00,0,0,5,208,0,0,0,0,0
112269568,NODE_B0CBD8F33218,root,1,00:00:00:00:00:00,0,0,5,208,0,0,0,0,0
112369560,NODE_B0CBD8F33218,root,1,00:00:00:00:00:00,0,0,5,208,0,0,0,0,0
112469570,NODE_B0CBD8F33218,root,1,00:00:00:00:00:00,0,0,5,208,0,0,0,0,0
112569568,NODE_B0CBD8F33218,root,1,00:00:00:00:00:00,0,0,5,208,0,0,0,0,0
112669564,NODE_B0CBD8F33218,root,1,00:00:00:00:00:00,0,0,5,208,0,0,0,0,0
112769566,NODE_B0CBD8F33218,root,1,00:00:00:00:00:00,0,0,5,208,0,0,0,0,0
112869576,NODE_B0CBD8F33218,root,1,00:00:00:00:00:00,0,0,5,210,0,0,0,0,0
112969564,NODE_B0CBD8F33218,root,1,00:00:00:00:00:00,0,0,5,210,0,0,0,0,0
113069570,NODE_B0CBD8F33218,root,1,00:00:00:00:00:00,0,0,5,210,0,0,0,0,0
113169560,NODE_B0CBD8F33218,root,1,00:00:00:00:00:00,0,0,5,210,0,0,0,0,0
113269568,NODE_B0CBD8F33218,root,1,00:00:00:00:00:00,0,0,5,210,0,0,0,0,0
113369562,NODE_B0CBD8F33218,root,1,00:00:00:00:00:00,0,0,5,210,0,0,0,0,0
113469568,NODE_B0CBD8F33218,root,1,00:00:00:00:00:00,0,0,5,210,0,0,0,0,0
113569568,NODE_B0CBD8F33218,root,1,00:00:00:00:00:00,0,0,5,210,0,0,0,0,0
113669570,NODE_B0CBD8F33218,root,1,00:00:00:00:00:00,0,0,5,210,0,0,0,0,0
113769560,NODE_B0CBD8F33218,root,1,00:00:00:00:00:00,0,0,5,210,0,0,0,0,0
113869572,NODE_B0CBD8F33218,root,1,00:00:00:00:00:00,0,0,5,212,0,0,0,0,0
113969566,NODE_B0CBD8F33218,root,1,00:00:00:00:00:00,0,0,5,212,0,0,0,0,0
114069568,NODE_B0CBD8F33218,root,1,00:00:00:00:00:00,0,0,5,212,0,0,0,0,0
114169560,NODE_B0CBD8F33218,root,1,00:00:00:00:00:00,0,0,5,212,0,0,0,0,0
114269570,NODE_B0CBD8F33218,root,1,00:00:00:00:00:00,0,0,5,212,0,0,0,0,0
114369557,NODE_B0CBD8F33218,root,1,00:00:00:00:00:00,0,0,5,212,0,0,0,0,0
114469564,NODE_B0CBD8F33218,root,1,00:00:00:00:00:00,0,0,5,212,0,0,0,0,0
114569566,NODE_B0CBD8F33218,root,1,00:00:00:00:00:00,0,0,5,212,0,0,0,0,0
114669564,NODE_B0CBD8F33218,root,1,00:00:00:00:00:00,0,0,5,212,0,0,0,0,0
114769560,NODE_B0CBD8F33218,root,1,00:00:00:00:00:00,0,0,5,212,0,0,0,0,0
114869574,NODE_B0CBD8F33218,root,1,00:00:00:00:00:00,0,0,5,214,0,0,0,0,0
114969560,NODE_B0CBD8F33218,root,1,00:00:00:00:00:00,0,0,5,214,0,0,0,0,0
115069564,NODE_B0CBD8F33218,root,1,00:00:00:00:00:00,0,0,5,214,0,0,0,0,0
115169566,NODE_B0CBD8F33218,root,1,00:00:00:00:00:00,0,0,5,214,0,0,0,0,0
115269564,NODE_B0CBD8F33218,root,1,00:00:00:00:00:00,0,0,5,214,0,0,0,0,0
115369560,NODE_B0CBD8F33218,root,1,00:00:00:00:00:00,0,0,5,214,0,0,0,0,0
115469566,NODE_B0CBD8F33218,root,1,00:00:00:00:00:00,0,0,5,214,0,0,0,0,0
115569564,NODE_B0CBD8F33218,root,1,00:00:00:00:00:00,0,0,5,214,0,0,0,0,0
115669564,NODE_B0CBD8F33218,root,1,00:00:00:00:00:00,0,0,5,214,0,0,0,0,0
115769562,NODE_B0CBD8F33218,root,1,00:00:00:00:00:00,0,0,5,214,0,0,0,0,0
115869568,NODE_B0CBD8F33218,root,1,00:00:00:00:00:00,0,0,5,216,0,0,0,0,0
115969560,NODE_B0CBD8F33218,root,1,00:00:00:00:00:00,0,0,5,216,0,0,0,0,0
116069566,NODE_B0CBD8F33218,root,1,00:00:00:00:00:00,0,0,5,216,0,0,0,0,0
116169561,NODE_B0CBD8F33218,root,1,00:00:00:00:00:00,0,0,5,216,0,0,0,0,0
116269564,NODE_B0CBD8F33218,root,1,00:00:00:00:00:00,0,0,5,216,0,0,0,0,0
116369562,NODE_B0CBD8F33218,root,1,00:00:00:00:00:00,0,0,5,216,0,0,0,0,0
116469564,NODE_B0CBD8F33218,root,1,00:00:00:00:00:00,0,0,5,216,0,0,0,0,0
116569564,NODE_B0CBD8F33218,root,1,00:00:00:00:00:00,0,0,5,216,0,0,0,0,0
116669566,NODE_B0CBD8F33218,root,1,00:00:00:00:00:00,0,0,5,216,0,0,0,0,0
116769560,NODE_B0CBD8F33218,root,1,00:00:00:00:00:00,0,0,5,216,0,0,0,0,0
116869568,NODE_B0CBD8F33218,root,1,00:00:00:00:00:00,0,0,5,218,0,0,0,0,0
116969562,NODE_B0CBD8F33218,root,1,00:00:00:00:00:00,0,0,5,218,0,0,0,0,0
117069564,NODE_B0CBD8F33218,root,1,00:00:00:00:00:00,0,0,5,218,0,0,0,0,0
117169560,NODE_B0CBD8F33218,root,1,00:00:00:00:00:00,0,0,5,218,0,0,0,0,0
117269566,NODE_B0CBD8F33218,root,1,00:00:00:00:00:00,0,0,5,218,0,0,0,0,0
117369560,NODE_B0CBD8F33218,root,1,00:00:00:00:00:00,0,0,5,218,0,0,0,0,0
117469564,NODE_B0CBD8F33218,root,1,00:00:00:00:00:00,0,0,5,218,0,0,0,0,0
117569566,NODE_B0CBD8F33218,root,1,00:00:00:00:00:00,0,0,5,218,0,0,0,0,0
117669564,NODE_B0CBD8F33218,root,1,00:00:00:00:00:00,0,0,5,218,0,0,0,0,0
117769564,NODE_B0CBD8F33218,root,1,00:00:00:00:00:00,0,0,5,218,0,0,0,0,0
117869578,NODE_B0CBD8F33218,root,1,00:00:00:00:00:00,0,0,5,220,0,0,0,0,0
117969568,NODE_B0CBD8F33218,root,1,00:00:00:00:00:00,0,0,5,220,0,0,0,0,0
118069568,NODE_B0CBD8F33218,root,1,00:00:00:00:00:00,0,0,5,220,0,0,0,0,0
118169566,NODE_B0CBD8F33218,root,1,00:00:00:00:00:00,0,0,5,220,0,0,0,0,0
118269568,NODE_B0CBD8F33218,root,1,00:00:00:00:00:00,0,0,5,220,0,0,0,0,0
118369560,NODE_B0CBD8F33218,root,1,00:00:00:00:00:00,0,0,5,220,0,0,0,0,0
118469570,NODE_B0CBD8F33218,root,1,00:00:00:00:00:00,0,0,5,220,0,0,0,0,0
118569564,NODE_B0CBD8F33218,root,1,00:00:00:00:00:00,0,0,5,220,0,0,0,0,0
118669568,NODE_B0CBD8F33218,root,1,00:00:00:00:00:00,0,0,5,220,0,0,0,0,0
118769562,NODE_B0CBD8F33218,root,1,00:00:00:00:00:00,0,0,5,220,0,0,0,0,0
118869572,NODE_B0CBD8F33218,root,1,00:00:00:00:00:00,0,0,5,222,0,0,0,0,0
118969568,NODE_B0CBD8F33218,root,1,00:00:00:00:00:00,0,0,5,222,0,0,0,0,0
119069570,NODE_B0CBD8F33218,root,1,00:00:00:00:00:00,0,0,5,222,0,0,0,0,0
119169560,NODE_B0CBD8F33218,root,1,00:00:00:00:00:00,0,0,5,222,0,0,0,0,0
119269568,NODE_B0CBD8F33218,root,1,00:00:00:00:00:00,0,0,5,222,0,0,0,0,0
119369562,NODE_B0CBD8F33218,root,1,00:00:00:00:00:00,0,0,5,222,0,0,0,0,0
119469568,NODE_B0CBD8F33218,root,1,00:00:00:00:00:00,0,0,5,222,0,0,0,0,0
119569568,NODE_B0CBD8F33218,root,1,00:00:00:00:00:00,0,0,5,222,0,0,0,0,0
119669570,NODE_B0CBD8F33218,root,1,00:00:00:00:00:00,0,0,5,222,0,0,0,0,0
119769560,NODE_B0CBD8F33218,root,1,00:00:00:00:00:00,0,0,5,222,0,0,0,0,0
119869576,NODE_B0CBD8F33218,root,1,00:00:00:00:00:00,0,0,5,224,0,0,0,0,0
119969570,NODE_B0CBD8F33218,root,1,00:00:00:00:00:00,0,0,5,224,0,0,0,0,0
120069568,NODE_B0CBD8F33218,root,1,00:00:00:00:00:00,0,0,5,224,0,0,0,0,0
120169560,NODE_B0CBD8F33218,root,1,00:00:00:00:00:00,0,0,5,224,0,0,0,0,0
120269570,NODE_B0CBD8F33218,root,1,00:00:00:00:00:00,0,0,5,224,0,0,0,0,0
120369561,NODE_B0CBD8F33218,root,1,00:00:00:00:00:00,0,0,5,224,0,0,0,0,0
120469568,NODE_B0CBD8F33218,root,1,00:00:00:00:00:00,0,0,5,224,0,0,0,0,0
120569570,NODE_B0CBD8F33218,root,1,00:00:00:00:00:00,0,0,5,224,0,0,0,0,0
120669568,NODE_B0CBD8F33218,root,1,00:00:00:00:00:00,0,0,5,224,0,0,0,0,0
120769564,NODE_B0CBD8F33218,root,1,00:00:00:00:00:00,0,0,5,224,0,0,0,0,0
120869574,NODE_B0CBD8F33218,root,1,00:00:00:00:00:00,0,0,5,226,0,0,0,0,0
120969568,NODE_B0CBD8F33218,root,1,00:00:00:00:00:00,0,0,5,226,0,0,0,0,0
121069568,NODE_B0CBD8F33218,root,1,00:00:00:00:00:00,0,0,5,226,0,0,0,0,0
121169566,NODE_B0CBD8F33218,root,1,00:00:00:00:00:00,0,0,5,226,0,0,0,0,0
121269568,NODE_B0CBD8F33218,root,1,00:00:00:00:00:00,0,0,5,226,0,0,0,0,0
121369560,NODE_B0CBD8F33218,root,1,00:00:00:00:00:00,0,0,5,226,0,0,0,0,0
121469570,NODE_B0CBD8F33218,root,1,00:00:00:00:00:00,0,0,5,226,0,0,0,0,0
121569568,NODE_B0CBD8F33218,root,1,00:00:00:00:00:00,0,0,5,226,0,0,0,0,0
121669568,NODE_B0CBD8F33218,root,1,00:00:00:00:00:00,0,0,5,226,0,0,0,0,0
121769562,NODE_B0CBD8F33218,root,1,00:00:00:00:00:00,0,0,5,226,0,0,0,0,0
121869572,NODE_B0CBD8F33218,root,1,00:00:00:00:00:00,0,0,5,228,0,0,0,0,0
121969564,NODE_B0CBD8F33218,root,1,00:00:00:00:00:00,0,0,5,228,0,0,0,0,0
122069570,NODE_B0CBD8F33218,root,1,00:00:00:00:00:00,0,0,5,228,0,0,0,0,0
122169560,NODE_B0CBD8F33218,root,1,00:00:00:00:00:00,0,0,5,228,0,0,0,0,0
122269568,NODE_B0CBD8F33218,root,1,00:00:00:00:00:00,0,0,5,228,0,0,0,0,0
122369562,NODE_B0CBD8F33218,root,1,00:00:00:00:00:00,0,0,5,228,0,0,0,0,0
122469568,NODE_B0CBD8F33218,root,1,00:00:00:00:00:00,0,0,5,228,0,0,0,0,0
122569568,NODE_B0CBD8F33218,root,1,00:00:00:00:00:00,0,0,5,228,0,0,0,0,0
122669566,NODE_B0CBD8F33218,root,1,00:00:00:00:00:00,0,0,5,228,0,0,0,0,0
122769560,NODE_B0CBD8F33218,root,1,00:00:00:00:00:00,0,0,5,228,0,0,0,0,0
122869576,NODE_B0CBD8F33218,root,1,00:00:00:00:00:00,0,0,5,230,0,0,0,0,0
122969566,NODE_B0CBD8F33218,root,1,00:00:00:00:00:00,0,0,5,230,0,0,0,0,0
123069568,NODE_B0CBD8F33218,root,1,00:00:00:00:00:00,0,0,5,230,0,0,0,0,0
123169560,NODE_B0CBD8F33218,root,1,00:00:00:00:00:00,0,0,5,230,0,0,0,0,0
123269570,NODE_B0CBD8F33218,root,1,00:00:00:00:00:00,0,0,5,230,0,0,0,0,0
123369560,NODE_B0CBD8F33218,root,1,00:00:00:00:00:00,0,0,5,230,0,0,0,0,0
123469568,NODE_B0CBD8F33218,root,1,00:00:00:00:00:00,0,0,5,230,0,0,0,0,0
123569570,NODE_B0CBD8F33218,root,1,00:00:00:00:00:00,0,0,5,230,0,0,0,0,0
123669568,NODE_B0CBD8F33218,root,1,00:00:00:00:00:00,0,0,5,230,0,0,0,0,0
123769568,NODE_B0CBD8F33218,root,1,00:00:00:00:00:00,0,0,5,230,0,0,0,0,0
123869574,NODE_B0CBD8F33218,root,1,00:00:00:00:00:00,0,0,5,232,0,0,0,0,0
123969564,NODE_B0CBD8F33218,root,1,00:00:00:00:00:00,0,0,5,232,0,0,0,0,0
124069568,NODE_B0CBD8F33218,root,1,00:00:00:00:00:00,0,0,5,232,0,0,0,0,0
124169562,NODE_B0CBD8F33218,root,1,00:00:00:00:00:00,0,0,5,232,0,0,0,0,0
124269568,NODE_B0CBD8F33218,root,1,00:00:00:00:00:00,0,0,5,232,0,0,0,0,0
124369560,NODE_B0CBD8F33218,root,1,00:00:00:00:00:00,0,0,5,232,0,0,0,0,0
124469570,NODE_B0CBD8F33218,root,1,00:00:00:00:00:00,0,0,5,232,0,0,0,0,0
124569568,NODE_B0CBD8F33218,root,1,00:00:00:00:00:00,0,0,5,232,0,0,0,0,0
124669568,NODE_B0CBD8F33218,root,1,00:00:00:00:00:00,0,0,5,232,0,0,0,0,0
124769562,NODE_B0CBD8F33218,root,1,00:00:00:00:00:00,0,0,5,232,0,0,0,0,0
124869572,NODE_B0CBD8F33218,root,1,00:00:00:00:00:00,0,0,5,234,0,0,0,0,0
124969564,NODE_B0CBD8F33218,root,1,00:00:00:00:00:00,0,0,5,234,0,0,0,0,0
125069570,NODE_B0CBD8F33218,root,1,00:00:00:00:00:00,0,0,5,234,0,0,0,0,0
125169560,NODE_B0CBD8F33218,root,1,00:00:00:00:00:00,0,0,5,234,0,0,0,0,0
125269568,NODE_B0CBD8F33218,root,1,00:00:00:00:00:00,0,0,5,234,0,0,0,0,0
125369562,NODE_B0CBD8F33218,root,1,00:00:00:00:00:00,0,0,5,234,0,0,0,0,0
125469568,NODE_B0CBD8F33218,root,1,00:00:00:00:00:00,0,0,5,234,0,0,0,0,0
125569568,NODE_B0CBD8F33218,root,1,00:00:00:00:00:00,0,0,5,234,0,0,0,0,0
125669574,NODE_B0CBD8F33218,root,1,00:00:00:00:00:00,0,0,5,234,0,0,0,0,0
125769560,NODE_B0CBD8F33218,root,1,00:00:00:00:00:00,0,0,5,234,0,0,0,0,0
125869572,NODE_B0CBD8F33218,root,1,00:00:00:00:00:00,0,0,5,236,0,0,0,0,0
125969566,NODE_B0CBD8F33218,root,1,00:00:00:00:00:00,0,0,5,236,0,0,0,0,0
126069568,NODE_B0CBD8F33218,root,1,00:00:00:00:00:00,0,0,5,236,0,0,0,0,0
126169564,NODE_B0CBD8F33218,root,1,00:00:00:00:00:00,0,0,5,236,0,0,0,0,0
126269570,NODE_B0CBD8F33218,root,1,00:00:00:00:00:00,0,0,5,236,0,0,0,0,0
126369560,NODE_B0CBD8F33218,root,1,00:00:00:00:00:00,0,0,5,236,0,0,0,0,0
126469568,NODE_B0CBD8F33218,root,1,00:00:00:00:00:00,0,0,5,236,0,0,0,0,0
126569570,NODE_B0CBD8F33218,root,1,00:00:00:00:00:00,0,0,5,236,0,0,0,0,0
126669568,NODE_B0CBD8F33218,root,1,00:00:00:00:00:00,0,0,5,236,0,0,0,0,0
126769568,NODE_B0CBD8F33218,root,1,00:00:00:00:00:00,0,0,5,236,0,0,0,0,0
126869574,NODE_B0CBD8F33218,root,1,00:00:00:00:00:00,0,0,5,238,0,0,0,0,0
126969564,NODE_B0CBD8F33218,root,1,00:00:00:00:00:00,0,0,5,238,0,0,0,0,0
127069568,NODE_B0CBD8F33218,root,1,00:00:00:00:00:00,0,0,5,238,0,0,0,0,0
127169570,NODE_B0CBD8F33218,root,1,00:00:00:00:00:00,0,0,5,238,0,0,0,0,0
127269568,NODE_B0CBD8F33218,root,1,00:00:00:00:00:00,0,0,5,238,0,0,0,0,0
127369560,NODE_B0CBD8F33218,root,1,00:00:00:00:00:00,0,0,5,238,0,0,0,0,0
127469570,NODE_B0CBD8F33218,root,1,00:00:00:00:00:00,0,0,5,238,0,0,0,0,0
127569568,NODE_B0CBD8F33218,root,1,00:00:00:00:00:00,0,0,5,238,0,0,0,0,0
127669564,NODE_B0CBD8F33218,root,1,00:00:00:00:00:00,0,0,5,238,0,0,0,0,0
127769562,NODE_B0CBD8F33218,root,1,00:00:00:00:00:00,0,0,5,238,0,0,0,0,0
127869572,NODE_B0CBD8F33218,root,1,00:00:00:00:00:00,0,0,5,240,0,0,0,0,0
127969564,NODE_B0CBD8F33218,root,1,00:00:00:00:00:00,0,0,5,240,0,0,0,0,0
128069570,NODE_B0CBD8F33218,root,1,00:00:00:00:00:00,0,0,5,240,0,0,0,0,0
128169564,NODE_B0CBD8F33218,root,1,00:00:00:00:00:00,0,0,5,240,0,0,0,0,0
128269568,NODE_B0CBD8F33218,root,1,00:00:00:00:00:00,0,0,5,240,0,0,0,0,0
128369562,NODE_B0CBD8F33218,root,1,00:00:00:00:00:00,0,0,5,240,0,0,0,0,0
128469568,NODE_B0CBD8F33218,root,1,00:00:00:00:00:00,0,0,5,240,0,0,0,0,0
128569572,NODE_B0CBD8F33218,root,1,00:00:00:00:00:00,0,0,5,240,0,0,0,0,0
128669571,NODE_B0CBD8F33218,root,1,00:00:00:00:00:00,0,0,5,240,0,0,0,0,0
128769562,NODE_B0CBD8F33218,root,1,00:00:00:00:00:00,0,0,5,240,0,0,0,0,0
128869572,NODE_B0CBD8F33218,root,1,00:00:00:00:00:00,0,0,5,242,0,0,0,0,0
128969566,NODE_B0CBD8F33218,root,1,00:00:00:00:00:00,0,0,5,242,0,0,0,0,0
129069568,NODE_B0CBD8F33218,root,1,00:00:00:00:00:00,0,0,5,242,0,0,0,0,0
129169564,NODE_B0CBD8F33218,root,1,00:00:00:00:00:00,0,0,5,242,0,0,0,0,0
129269570,NODE_B0CBD8F33218,root,1,00:00:00:00:00:00,0,0,5,242,0,0,0,0,0
129369560,NODE_B0CBD8F33218,root,1,00:00:00:00:00:00,0,0,5,242,0,0,0,0,0
129469568,NODE_B0CBD8F33218,root,1,00:00:00:00:00:00,0,0,5,242,0,0,0,0,0
129569570,NODE_B0CBD8F33218,root,1,00:00:00:00:00:00,0,0,5,242,0,0,0,0,0
129669568,NODE_B0CBD8F33218,root,1,00:00:00:00:00:00,0,0,5,242,0,0,0,0,0
129769564,NODE_B0CBD8F33218,root,1,00:00:00:00:00:00,0,0,5,242,0,0,0,0,0
129869574,NODE_B0CBD8F33218,root,1,00:00:00:00:00:00,0,0,5,244,0,0,0,0,0
129969564,NODE_B0CBD8F33218,root,1,00:00:00:00:00:00,0,0,5,244,0,0,0,0,0
130069568,NODE_B0CBD8F33218,root,1,00:00:00:00:00:00,0,0,5,244,0,0,0,0,0
130169566,NODE_B0CBD8F33218,root,1,00:00:00:00:00:00,0,0,5,244,0,0,0,0,0
130269568,NODE_B0CBD8F33218,root,1,00:00:00:00:00:00,0,0,5,244,0,0,0,0,0
130369560,NODE_B0CBD8F33218,root,1,00:00:00:00:00:00,0,0,5,244,0,0,0,0,0
130469570,NODE_B0CBD8F33218,root,1,00:00:00:00:00:00,0,0,5,244,0,0,0,0,0
130569568,NODE_B0CBD8F33218,root,1,00:00:00:00:00:00,0,0,5,244,0,0,0,0,0
130669568,NODE_B0CBD8F33218,root,1,00:00:00:00:00:00,0,0,5,244,0,0,0,0,0
130769562,NODE_B0CBD8F33218,root,1,00:00:00:00:00:00,0,0,5,244,0,0,0,0,0
130869576,NODE_B0CBD8F33218,root,1,00:00:00:00:00:00,0,0,5,246,0,0,0,0,0
130969564,NODE_B0CBD8F33218,root,1,00:00:00:00:00:00,0,0,5,246,0,0,0,0,0
131069570,NODE_B0CBD8F33218,root,1,00:00:00:00:00:00,0,0,5,246,0,0,0,0,0
131169560,NODE_B0CBD8F33218,root,1,00:00:00:00:00:00,0,0,5,246,0,0,0,0,0
131269568,NODE_B0CBD8F33218,root,1,00:00:00:00:00:00,0,0,5,246,0,0,0,0,0
131369562,NODE_B0CBD8F33218,root,1,00:00:00:00:00:00,0,0,5,246,0,0,0,0,0
131469568,NODE_B0CBD8F33218,root,1,00:00:00:00:00:00,0,0,5,246,0,0,0,0,0
131569568,NODE_B0CBD8F33218,root,1,00:00:00:00:00:00,0,0,5,246,0,0,0,0,0
131669570,NODE_B0CBD8F33218,root,1,00:00:00:00:00:00,0,0,5,246,0,0,0,0,0
131769560,NODE_B0CBD8F33218,root,1,00:00:00:00:00:00,0,0,5,246,0,0,0,0,0
131869572,NODE_B0CBD8F33218,root,1,00:00:00:00:00:00,0,0,5,248,0,0,0,0,0
131969566,NODE_B0CBD8F33218,root,1,00:00:00:00:00:00,0,0,5,248,0,0,0,0,0
132069568,NODE_B0CBD8F33218,root,1,00:00:00:00:00:00,0,0,5,248,0,0,0,0,0
132169560,NODE_B0CBD8F33218,root,1,00:00:00:00:00:00,0,0,5,248,0,0,0,0,0
132269570,NODE_B0CBD8F33218,root,1,00:00:00:00:00:00,0,0,5,248,0,0,0,0,0
132369560,NODE_B0CBD8F33218,root,1,00:00:00:00:00:00,0,0,5,248,0,0,0,0,0
132469568,NODE_B0CBD8F33218,root,1,00:00:00:00:00:00,0,0,5,248,0,0,0,0,0
132569570,NODE_B0CBD8F33218,root,1,00:00:00:00:00:00,0,0,5,248,0,0,0,0,0
132669564,NODE_B0CBD8F33218,root,1,00:00:00:00:00:00,0,0,5,248,0,0,0,0,0
132769560,NODE_B0CBD8F33218,root,1,00:00:00:00:00:00,0,0,5,248,0,0,0,0,0
132869578,NODE_B0CBD8F33218,root,1,00:00:00:00:00:00,0,0,5,250,0,0,0,0,0
132969564,NODE_B0CBD8F33218,root,1,00:00:00:00:00:00,0,0,5,250,0,0,0,0,0
133069568,NODE_B0CBD8F33218,root,1,00:00:00:00:00:00,0,0,5,250,0,0,0,0,0
133169566,NODE_B0CBD8F33218,root,1,00:00:00:00:00:00,0,0,5,250,0,0,0,0,0
133269568,NODE_B0CBD8F33218,root,1,00:00:00:00:00:00,0,0,5,250,0,0,0,0,0
133369560,NODE_B0CBD8F33218,root,1,00:00:00:00:00:00,0,0,5,250,0,0,0,0,0
133469570,NODE_B0CBD8F33218,root,1,00:00:00:00:00:00,0,0,5,250,0,0,0,0,0
133569568,NODE_B0CBD8F33218,root,1,00:00:00:00:00:00,0,0,5,250,0,0,0,0,0
133669568,NODE_B0CBD8F33218,root,1,00:00:00:00:00:00,0,0,5,250,0,0,0,0,0
133769562,NODE_B0CBD8F33218,root,1,00:00:00:00:00:00,0,0,5,250,0,0,0,0,0
133869572,NODE_B0CBD8F33218,root,1,00:00:00:00:00:00,0,0,5,252,0,0,0,0,0
133969564,NODE_B0CBD8F33218,root,1,00:00:00:00:00:00,0,0,5,252,0,0,0,0,0
134069570,NODE_B0CBD8F33218,root,1,00:00:00:00:00:00,0,0,5,252,0,0,0,0,0
134169560,NODE_B0CBD8F33218,root,1,00:00:00:00:00:00,0,0,5,252,0,0,0,0,0
134269568,NODE_B0CBD8F33218,root,1,00:00:00:00:00:00,0,0,5,252,0,0,0,0,0
134369566,NODE_B0CBD8F33218,root,1,00:00:00:00:00:00,0,0,5,252,0,0,0,0,0
134469568,NODE_B0CBD8F33218,root,1,00:00:00:00:00:00,0,0,5,252,0,0,0,0,0
134569568,NODE_B0CBD8F33218,root,1,00:00:00:00:00:00,0,0,5,252,0,0,0,0,0
134669570,NODE_B0CBD8F33218,root,1,00:00:00:00:00:00,0,0,5,252,0,0,0,0,0
134769560,NODE_B0CBD8F33218,root,1,00:00:00:00:00:00,0,0,5,252,0,0,0,0,0
134869572,NODE_B0CBD8F33218,root,1,00:00:00:00:00:00,0,0,5,254,0,0,0,0,0
134969566,NODE_B0CBD8F33218,root,1,00:00:00:00:00:00,0,0,5,254,0,0,0,0,0
135069568,NODE_B0CBD8F33218,root,1,00:00:00:00:00:00,0,0,5,254,0,0,0,0,0
135169560,NODE_B0CBD8F33218,root,1,00:00:00:00:00:00,0,0,5,254,0,0,0,0,0
135269570,NODE_B0CBD8F33218,root,1,00:00:00:00:00:00,0,0,5,254,0,0,0,0,0
135369564,NODE_B0CBD8F33218,root,1,00:00:00:00:00:00,0,0,5,254,0,0,0,0,0
135469568,NODE_B0CBD8F33218,root,1,00:00:00:00:00:00,0,0,5,254,0,0,0,0,0
135569570,NODE_B0CBD8F33218,root,1,00:00:00:00:00:00,0,0,5,254,0,0,0,0,0
135669568,NODE_B0CBD8F33218,root,1,00:00:00:00:00:00,0,0,5,254,0,0,0,0,0
135769560,NODE_B0CBD8F33218,root,1,00:00:00:00:00:00,0,0,5,254,0,0,0,0,0
135869578,NODE_B0CBD8F33218,root,1,00:00:00:00:00:00,0,0,5,256,0,0,0,0,0
135969564,NODE_B0CBD8F33218,root,1,00:00:00:00:00:00,0,0,5,256,0,0,0,0,0
136069568,NODE_B0CBD8F33218,root,1,00:00:00:00:00:00,0,0,5,256,0,0,0,0,0
136169566,NODE_B0CBD8F33218,root,1,00:00:00:00:00:00,0,0,5,256,0,0,0,0,0
136269568,NODE_B0CBD8F33218,root,1,00:00:00:00:00:00,0,0,5,256,0,0,0,0,0
136369564,NODE_B0CBD8F33218,root,1,00:00:00:00:00:00,0,0,5,256,0,0,0,0,0
136469570,NODE_B0CBD8F33218,root,1,00:00:00:00:00:00,0,0,5,256,0,0,0,0,0
136569568,NODE_B0CBD8F33218,root,1,00:00:00:00:00:00,0,0,5,256,0,0,0,0,0
136669568,NODE_B0CBD8F33218,root,1,00:00:00:00:00:00,0,0,5,256,0,0,0,0,0
136769562,NODE_B0CBD8F33218,root,1,00:00:00:00:00:00,0,0,5,256,0,0,0,0,0
136869572,NODE_B0CBD8F33218,root,1,00:00:00:00:00:00,0,0,5,258,0,0,0,0,0
136969564,NODE_B0CBD8F33218,root,1,00:00:00:00:00:00,0,0,5,258,0,0,0,0,0
137069570,NODE_B0CBD8F33218,root,1,00:00:00:00:00:00,0,0,5,258,0,0,0,0,0
137169560,NODE_B0CBD8F33218,root,1,00:00:00:00:00:00,0,0,5,258,0,0,0,0,0
137269568,NODE_B0CBD8F33218,root,1,00:00:00:00:00:00,0,0,5,258,0,0,0,0,0
137369566,NODE_B0CBD8F33218,root,1,00:00:00:00:00:00,0,0,5,258,0,0,0,0,0
137469568,NODE_B0CBD8F33218,root,1,00:00:00:00:00:00,0,0,5,258,0,0,0,0,0
137569568,NODE_B0CBD8F33218,root,1,00:00:00:00:00:00,0,0,5,258,0,0,0,0,0
137669566,NODE_B0CBD8F33218,root,1,00:00:00:00:00:00,0,0,5,258,0,0,0,0,0
137769560,NODE_B0CBD8F33218,root,1,00:00:00:00:00:00,0,0,5,258,0,0,0,0,0
137869576,NODE_B0CBD8F33218,root,1,00:00:00:00:00:00,0,0,5,260,0,0,0,0,0
137969566,NODE_B0CBD8F33218,root,1,00:00:00:00:00:00,0,0,5,260,0,0,0,0,0
138069568,NODE_B0CBD8F33218,root,1,00:00:00:00:00:00,0,0,5,260,0,0,0,0,0
138169560,NODE_B0CBD8F33218,root,1,00:00:00:00:00:00,0,0,5,260,0,0,0,0,0
138269570,NODE_B0CBD8F33218,root,1,00:00:00:00:00:00,0,0,5,260,0,0,0,0,0
138369564,NODE_B0CBD8F33218,root,1,00:00:00:00:00:00,0,0,5,260,0,0,0,0,0
138469568,NODE_B0CBD8F33218,root,1,00:00:00:00:00:00,0,0,5,260,0,0,0,0,0
138569570,NODE_B0CBD8F33218,root,1,00:00:00:00:00:00,0,0,5,260,0,0,0,0,0
138669568,NODE_B0CBD8F33218,root,1,00:00:00:00:00:00,0,0,5,260,0,0,0,0,0
138769564,NODE_B0CBD8F33218,root,1,00:00:00:00:00:00,0,0,5,260,0,0,0,0,0
138869574,NODE_B0CBD8F33218,root,1,00:00:00:00:00:00,0,0,5,262,0,0,0,0,0
138969564,NODE_B0CBD8F33218,root,1,00:00:00:00:00:00,0,0,5,262,0,0,0,0,0
139069568,NODE_B0CBD8F33218,root,1,00:00:00:00:00:00,0,0,5,262,0,0,0,0,0
139169566,NODE_B0CBD8F33218,root,1,00:00:00:00:00:00,0,0,5,262,0,0,0,0,0
139269568,NODE_B0CBD8F33218,root,1,00:00:00:00:00:00,0,0,5,262,0,0,0,0,0
139369560,NODE_B0CBD8F33218,root,1,00:00:00:00:00:00,0,0,5,262,0,0,0,0,0
139469570,NODE_B0CBD8F33218,root,1,00:00:00:00:00:00,0,0,5,262,0,0,0,0,0
139569568,NODE_B0CBD8F33218,root,1,00:00:00:00:00:00,0,0,5,262,0,0,0,0,0
139669568,NODE_B0CBD8F33218,root,1,00:00:00:00:00:00,0,0,5,262,0,0,0,0,0
139769562,NODE_B0CBD8F33218,root,1,00:00:00:00:00:00,0,0,5,262,0,0,0,0,0
139869572,NODE_B0CBD8F33218,root,1,00:00:00:00:00:00,0,0,5,264,0,0,0,0,0
139969564,NODE_B0CBD8F33218,root,1,00:00:00:00:00:00,0,0,5,264,0,0,0,0,0
140069570,NODE_B0CBD8F33218,root,1,00:00:00:00:00:00,0,0,5,264,0,0,0,0,0
140169560,NODE_B0CBD8F33218,root,1,00:00:00:00:00:00,0,0,5,264,0,0,0,0,0
140269568,NODE_B0CBD8F33218,root,1,00:00:00:00:00:00,0,0,5,264,0,0,0,0,0
140369562,NODE_B0CBD8F33218,root,1,00:00:00:00:00:00,0,0,5,264,0,0,0,0,0
140469568,NODE_B0CBD8F33218,root,1,00:00:00:00:00:00,0,0,5,264,0,0,0,0,0
140569568,NODE_B0CBD8F33218,root,1,00:00:00:00:00:00,0,0,5,264,0,0,0,0,0
140669570,NODE_B0CBD8F33218,root,1,00:00:00:00:00:00,0,0,5,264,0,0,0,0,0
140769560,NODE_B0CBD8F33218,root,1,00:00:00:00:00:00,0,0,5,264,0,0,0,0,0
140869576,NODE_B0CBD8F33218,root,1,00:00:00:00:00:00,0,0,5,266,0,0,0,0,0
140969566,NODE_B0CBD8F33218,root,1,00:00:00:00:00:00,0,0,5,266,0,0,0,0,0
141069568,NODE_B0CBD8F33218,root,1,00:00:00:00:00:00,0,0,5,266,0,0,0,0,0
141169560,NODE_B0CBD8F33218,root,1,00:00:00:00:00:00,0,0,5,266,0,0,0,0,0
141269570,NODE_B0CBD8F33218,root,1,00:00:00:00:00:00,0,0,5,266,0,0,0,0,0
141369560,NODE_B0CBD8F33218,root,1,00:00:00:00:00:00,0,0,5,266,0,0,0,0,0
141469568,NODE_B0CBD8F33218,root,1,00:00:00:00:00:00,0,0,5,266,0,0,0,0,0
141569570,NODE_B0CBD8F33218,root,1,00:00:00:00:00:00,0,0,5,266,0,0,0,0,0
141669568,NODE_B0CBD8F33218,root,1,00:00:00:00:00:00,0,0,5,266,0,0,0,0,0
141769564,NODE_B0CBD8F33218,root,1,00:00:00:00:00:00,0,0,5,266,0,0,0,0,0
141869574,NODE_B0CBD8F33218,root,1,00:00:00:00:00:00,0,0,5,268,0,0,0,0,0
141969564,NODE_B0CBD8F33218,root,1,00:00:00:00:00:00,0,0,5,268,0,0,0,0,0
142069568,NODE_B0CBD8F33218,root,1,00:00:00:00:00:00,0,0,5,268,0,0,0,0,0
142169566,NODE_B0CBD8F33218,root,1,00:00:00:00:00:00,0,0,5,268,0,0,0,0,0
142269568,NODE_B0CBD8F33218,root,1,00:00:00:00:00:00,0,0,5,268,0,0,0,0,0
142369560,NODE_B0CBD8F33218,root,1,00:00:00:00:00:00,0,0,5,268,0,0,0,0,0
142469570,NODE_B0CBD8F33218,root,1,00:00:00:00:00:00,0,0,5,268,0,0,0,0,0
142569568,NODE_B0CBD8F33218,root,1,00:00:00:00:00:00,0,0,5,268,0,0,0,0,0
142669564,NODE_B0CBD8F33218,root,1,00:00:00:00:00:00,0,0,5,268,0,0,0,0,0
142769566,NODE_B0CBD8F33218,root,1,00:00:00:00:00:00,0,0,5,268,0,0,0,0,0
142869576,NODE_B0CBD8F33218,root,1,00:00:00:00:00:00,0,0,5,270,0,0,0,0,0
142969564,NODE_B0CBD8F33218,root,1,00:00:00:00:00:00,0,0,5,270,0,0,0,0,0
143069570,NODE_B0CBD8F33218,root,1,00:00:00:00:00:00,0,0,5,270,0,0,0,0,0
143169560,NODE_B0CBD8F33218,root,1,00:00:00:00:00:00,0,0,5,270,0,0,0,0,0
143269568,NODE_B0CBD8F33218,root,1,00:00:00:00:00:00,0,0,5,270,0,0,0,0,0
143369562,NODE_B0CBD8F33218,root,1,00:00:00:00:00:00,0,0,5,270,0,0,0,0,0
143469568,NODE_B0CBD8F33218,root,1,00:00:00:00:00:00,0,0,5,270,0,0,0,0,0
143569572,NODE_B0CBD8F33218,root,1,00:00:00:00:00:00,0,0,5,270,0,0,0,0,0
143669570,NODE_B0CBD8F33218,root,1,00:00:00:00:00:00,0,0,5,270,0,0,0,0,0
143769560,NODE_B0CBD8F33218,root,1,00:00:00:00:00:00,0,0,5,270,0,0,0,0,0
143869572,NODE_B0CBD8F33218,root,1,00:00:00:00:00:00,0,0,5,272,0,0,0,0,0
143969566,NODE_B0CBD8F33218,root,1,00:00:00:00:00:00,0,0,5,272,0,0,0,0,0
144069568,NODE_B0CBD8F33218,root,1,00:00:00:00:00:00,0,0,5,272,0,0,0,0,0
144169560,NODE_B0CBD8F33218,root,1,00:00:00:00:00:00,0,0,5,272,0,0,0,0,0
144269570,NODE_B0CBD8F33218,root,1,00:00:00:00:00:00,0,0,5,272,0,0,0,0,0
144369560,NODE_B0CBD8F33218,root,1,00:00:00:00:00:00,0,0,5,272,0,0,0,0,0
144469568,NODE_B0CBD8F33218,root,1,00:00:00:00:00:00,0,0,5,272,0,0,0,0,0
144569570,NODE_B0CBD8F33218,root,1,00:00:00:00:00:00,0,0,5,272,0,0,0,0,0
144669568,NODE_B0CBD8F33218,root,1,00:00:00:00:00:00,0,0,5,272,0,0,0,0,0
144769564,NODE_B0CBD8F33218,root,1,00:00:00:00:00:00,0,0,5,272,0,0,0,0,0
144869574,NODE_B0CBD8F33218,root,1,00:00:00:00:00:00,0,0,5,274,0,0,0,0,0
144969564,NODE_B0CBD8F33218,root,1,00:00:00:00:00:00,0,0,5,274,0,0,0,0,0
145069568,NODE_B0CBD8F33218,root,1,00:00:00:00:00:00,0,0,5,274,0,0,0,0,0
145169566,NODE_B0CBD8F33218,root,1,00:00:00:00:00:00,0,0,5,274,0,0,0,0,0
145269568,NODE_B0CBD8F33218,root,1,00:00:00:00:00:00,0,0,5,274,0,0,0,0,0
145369560,NODE_B0CBD8F33218,root,1,00:00:00:00:00:00,0,0,5,274,0,0,0,0,0
145469570,NODE_B0CBD8F33218,root,1,00:00:00:00:00:00,0,0,5,274,0,0,0,0,0
145569572,NODE_B0CBD8F33218,root,1,00:00:00:00:00:00,0,0,5,274,0,0,0,0,0
145669568,NODE_B0CBD8F33218,root,1,00:00:00:00:00:00,0,0,5,274,0,0,0,0,0
145769562,NODE_B0CBD8F33218,root,1,00:00:00:00:00:00,0,0,5,274,0,0,0,0,0
145869576,NODE_B0CBD8F33218,root,1,00:00:00:00:00:00,0,0,5,276,0,0,0,0,0
145969564,NODE_B0CBD8F33218,root,1,00:00:00:00:00:00,0,0,5,276,0,0,0,0,0
146069570,NODE_B0CBD8F33218,root,1,00:00:00:00:00:00,0,0,5,276,0,0,0,0,0
146169560,NODE_B0CBD8F33218,root,1,00:00:00:00:00:00,0,0,5,276,0,0,0,0,0
146269568,NODE_B0CBD8F33218,root,1,00:00:00:00:00:00,0,0,5,276,0,0,0,0,0
146369562,NODE_B0CBD8F33218,root,1,00:00:00:00:00:00,0,0,5,276,0,0,0,0,0
146469568,NODE_B0CBD8F33218,root,1,00:00:00:00:00:00,0,0,5,276,0,0,0,0,0
146569568,NODE_B0CBD8F33218,root,1,00:00:00:00:00:00,0,0,5,276,0,0,0,0,0
146669570,NODE_B0CBD8F33218,root,1,00:00:00:00:00:00,0,0,5,276,0,0,0,0,0
146769560,NODE_B0CBD8F33218,root,1,00:00:00:00:00:00,0,0,5,276,0,0,0,0,0
146869572,NODE_B0CBD8F33218,root,1,00:00:00:00:00:00,0,0,5,278,0,0,0,0,0
146969566,NODE_B0CBD8F33218,root,1,00:00:00:00:00:00,0,0,5,278,0,0,0,0,0
147069568,NODE_B0CBD8F33218,root,1,00:00:00:00:00:00,0,0,5,278,0,0,0,0,0
147169560,NODE_B0CBD8F33218,root,1,00:00:00:00:00:00,0,0,5,278,0,0,0,0,0
147269570,NODE_B0CBD8F33218,root,1,00:00:00:00:00:00,0,0,5,278,0,0,0,0,0
147369560,NODE_B0CBD8F33218,root,1,00:00:00:00:00:00,0,0,5,278,0,0,0,0,0
147469568,NODE_B0CBD8F33218,root,1,00:00:00:00:00:00,0,0,5,278,0,0,0,0,0
147569570,NODE_B0CBD8F33218,root,1,00:00:00:00:00:00,0,0,5,278,0,0,0,0,0
147669564,NODE_B0CBD8F33218,root,1,00:00:00:00:00:00,0,0,5,278,0,0,0,0,0
147769560,NODE_B0CBD8F33218,root,1,00:00:00:00:00:00,0,0,5,278,0,0,0,0,0
147869574,NODE_B0CBD8F33218,root,1,00:00:00:00:00:00,0,0,5,280,0,0,0,0,0
147969564,NODE_B0CBD8F33218,root,1,00:00:00:00:00:00,0,0,5,280,0,0,0,0,0
148069568,NODE_B0CBD8F33218,root,1,00:00:00:00:00:00,0,0,5,280,0,0,0,0,0
148169566,NODE_B0CBD8F33218,root,1,00:00:00:00:00:00,0,0,5,280,0,0,0,0,0
148269568,NODE_B0CBD8F33218,root,1,00:00:00:00:00:00,0,0,5,280,0,0,0,0,0
148369560,NODE_B0CBD8F33218,root,1,00:00:00:00:00:00,0,0,5,280,0,0,0,0,0
148469570,NODE_B0CBD8F33218,root,1,00:00:00:00:00:00,0,0,5,280,0,0,0,0,0
148569568,NODE_B0CBD8F33218,root,1,00:00:00:00:00:00,0,0,5,280,0,0,0,0,0
148669568,NODE_B0CBD8F33218,root,1,00:00:00:00:00:00,0,0,5,280,0,0,0,0,0
148769562,NODE_B0CBD8F33218,root,1,00:00:00:00:00:00,0,0,5,280,0,0,0,0,0
148869576,NODE_B0CBD8F33218,root,1,00:00:00:00:00:00,0,0,5,282,0,0,0,0,0
148969564,NODE_B0CBD8F33218,root,1,00:00:00:00:00:00,0,0,5,282,0,0,0,0,0
149069570,NODE_B0CBD8F33218,root,1,00:00:00:00:00:00,0,0,5,282,0,0,0,0,0
149169560,NODE_B0CBD8F33218,root,1,00:00:00:00:00:00,0,0,5,282,0,0,0,0,0
149269568,NODE_B0CBD8F33218,root,1,00:00:00:00:00:00,0,0,5,282,0,0,0,0,0
149369562,NODE_B0CBD8F33218,root,1,00:00:00:00:00:00,0,0,5,282,0,0,0,0,0
149469568,NODE_B0CBD8F33218,root,1,00:00:00:00:00:00,0,0,5,282,0,0,0,0,0
149569568,NODE_B0CBD8F33218,root,1,00:00:00:00:00:00,0,0,5,282,0,0,0,0,0
149669570,NODE_B0CBD8F33218,root,1,00:00:00:00:00:00,0,0,5,282,0,0,0,0,0
149769564,NODE_B0CBD8F33218,root,1,00:00:00:00:00:00,0,0,5,282,0,0,0,0,0
149869572,NODE_B0CBD8F33218,root,1,00:00:00:00:00:00,0,0,5,284,0,0,0,0,0
149969566,NODE_B0CBD8F33218,root,1,00:00:00:00:00:00,0,0,5,284,0,0,0,0,0
150069568,NODE_B0CBD8F33218,root,1,00:00:00:00:00:00,0,0,5,284,0,0,0,0,0
150169556,NODE_B0CBD8F33218,root,1,00:00:00:00:00:00,0,0,5,284,0,0,0,0,0
150269570,NODE_B0CBD8F33218,root,1,00:00:00:00:00:00,0,0,5,284,0,0,0,0,0
150369560,NODE_B0CBD8F33218,root,1,00:00:00:00:00:00,0,0,5,284,0,0,0,0,0
150469568,NODE_B0CBD8F33218,root,1,00:00:00:00:00:00,0,0,5,284,0,0,0,0,0
150569570,NODE_B0CBD8F33218,root,1,00:00:00:00:00:00,0,0,5,284,0,0,0,0,0
150669568,NODE_B0CBD8F33218,root,1,00:00:00:00:00:00,0,0,5,284,0,0,0,0,0
150769560,NODE_B0CBD8F33218,root,1,00:00:00:00:00:00,0,0,5,284,0,0,0,0,0
150869574,NODE_B0CBD8F33218,root,1,00:00:00:00:00:00,0,0,5,286,0,0,0,0,0
150969564,NODE_B0CBD8F33218,root,1,00:00:00:00:00:00,0,0,5,286,0,0,0,0,0
151069568,NODE_B0CBD8F33218,root,1,00:00:00:00:00:00,0,0,5,286,0,0,0,0,0
151169566,NODE_B0CBD8F33218,root,1,00:00:00:00:00:00,0,0,5,286,0,0,0,0,0
151269568,NODE_B0CBD8F33218,root,1,00:00:00:00:00:00,0,0,5,286,0,0,0,0,0
151369560,NODE_B0CBD8F33218,root,1,00:00:00:00:00:00,0,0,5,286,0,0,0,0,0
151469570,NODE_B0CBD8F33218,root,1,00:00:00:00:00:00,0,0,5,286,0,0,0,0,0
151569568,NODE_B0CBD8F33218,root,1,00:00:00:00:00:00,0,0,5,286,0,0,0,0,0
151669568,NODE_B0CBD8F33218,root,1,00:00:00:00:00:00,0,0,5,286,0,0,0,0,0
151769566,NODE_B0CBD8F33218,root,1,00:00:00:00:00:00,0,0,5,286,0,0,0,0,0
151869572,NODE_B0CBD8F33218,root,1,00:00:00:00:00:00,0,0,5,288,0,0,0,0,0
151969564,NODE_B0CBD8F33218,root,1,00:00:00:00:00:00,0,0,5,288,0,0,0,0,0
152069570,NODE_B0CBD8F33218,root,1,00:00:00:00:00:00,0,0,5,288,0,0,0,0,0
152169560,NODE_B0CBD8F33218,root,1,00:00:00:00:00:00,0,0,5,288,0,0,0,0,0
152269568,NODE_B0CBD8F33218,root,1,00:00:00:00:00:00,0,0,5,288,0,0,0,0,0
152369562,NODE_B0CBD8F33218,root,1,00:00:00:00:00:00,0,0,5,288,0,0,0,0,0
152469568,NODE_B0CBD8F33218,root,1,00:00:00:00:00:00,0,0,5,288,0,0,0,0,0
152569568,NODE_B0CBD8F33218,root,1,00:00:00:00:00:00,0,0,5,288,0,0,0,0,0
152669566,NODE_B0CBD8F33218,root,1,00:00:00:00:00:00,0,0,5,288,0,0,0,0,0
152769564,NODE_B0CBD8F33218,root,1,00:00:00:00:00:00,0,0,5,288,0,0,0,0,0
152869572,NODE_B0CBD8F33218,root,1,00:00:00:00:00:00,0,0,5,290,0,0,0,0,0
152969566,NODE_B0CBD8F33218,root,1,00:00:00:00:00:00,0,0,5,290,0,0,0,0,0
153069568,NODE_B0CBD8F33218,root,1,00:00:00:00:00:00,0,0,5,290,0,0,0,0,0
153169560,NODE_B0CBD8F33218,root,1,00:00:00:00:00:00,0,0,5,290,0,0,0,0,0
153269570,NODE_B0CBD8F33218,root,1,00:00:00:00:00:00,0,0,5,290,0,0,0,0,0
153369560,NODE_B0CBD8F33218,root,1,00:00:00:00:00:00,0,0,5,290,0,0,0,0,0
153469568,NODE_B0CBD8F33218,root,1,00:00:00:00:00:00,0,0,5,290,0,0,0,0,0
153569570,NODE_B0CBD8F33218,root,1,00:00:00:00:00:00,0,0,5,290,0,0,0,0,0
153669568,NODE_B0CBD8F33218,root,1,00:00:00:00:00:00,0,0,5,290,0,0,0,0,0
153769564,NODE_B0CBD8F33218,root,1,00:00:00:00:00:00,0,0,5,290,0,0,0,0,0
153869578,NODE_B0CBD8F33218,root,1,00:00:00:00:00:00,0,0,5,292,0,0,0,0,0
153969564,NODE_B0CBD8F33218,root,1,00:00:00:00:00:00,0,0,5,292,0,0,0,0,0
154069568,NODE_B0CBD8F33218,root,1,00:00:00:00:00:00,0,0,5,292,0,0,0,0,0
154169566,NODE_B0CBD8F33218,root,1,00:00:00:00:00:00,0,0,5,292,0,0,0,0,0
154269568,NODE_B0CBD8F33218,root,1,00:00:00:00:00:00,0,0,5,292,0,0,0,0,0
154369560,NODE_B0CBD8F33218,root,1,00:00:00:00:00:00,0,0,5,292,0,0,0,0,0
154469570,NODE_B0CBD8F33218,root,1,00:00:00:00:00:00,0,0,5,292,0,0,0,0,0
154569568,NODE_B0CBD8F33218,root,1,00:00:00:00:00:00,0,0,5,292,0,0,0,0,0
154669568,NODE_B0CBD8F33218,root,1,00:00:00:00:00:00,0,0,5,292,0,0,0,0,0
154769566,NODE_B0CBD8F33218,root,1,00:00:00:00:00:00,0,0,5,292,0,0,0,0,0
154869572,NODE_B0CBD8F33218,root,1,00:00:00:00:00:00,0,0,5,294,0,0,0,0,0
154969564,NODE_B0CBD8F33218,root,1,00:00:00:00:00:00,0,0,5,294,0,0,0,0,0
155069570,NODE_B0CBD8F33218,root,1,00:00:00:00:00:00,0,0,5,294,0,0,0,0,0
155169560,NODE_B0CBD8F33218,root,1,00:00:00:00:00:00,0,0,5,294,0,0,0,0,0
155269568,NODE_B0CBD8F33218,root,1,00:00:00:00:00:00,0,0,5,294,0,0,0,0,0
155369562,NODE_B0CBD8F33218,root,1,00:00:00:00:00:00,0,0,5,294,0,0,0,0,0
155469568,NODE_B0CBD8F33218,root,1,00:00:00:00:00:00,0,0,5,294,0,0,0,0,0
155569568,NODE_B0CBD8F33218,root,1,00:00:00:00:00:00,0,0,5,294,0,0,0,0,0
155669570,NODE_B0CBD8F33218,root,1,00:00:00:00:00:00,0,0,5,294,0,0,0,0,0
155769560,NODE_B0CBD8F33218,root,1,00:00:00:00:00:00,0,0,5,294,0,0,0,0,0
155869572,NODE_B0CBD8F33218,root,1,00:00:00:00:00:00,0,0,5,296,0,0,0,0,0
155969566,NODE_B0CBD8F33218,root,1,00:00:00:00:00:00,0,0,5,296,0,0,0,0,0
156069568,NODE_B0CBD8F33218,root,1,00:00:00:00:00:00,0,0,5,296,0,0,0,0,0
156169560,NODE_B0CBD8F33218,root,1,00:00:00:00:00:00,0,0,5,296,0,0,0,0,0
156269570,NODE_B0CBD8F33218,root,1,00:00:00:00:00:00,0,0,5,296,0,0,0,0,0
156369560,NODE_B0CBD8F33218,root,1,00:00:00:00:00:00,0,0,5,296,0,0,0,0,0
156469568,NODE_B0CBD8F33218,root,1,00:00:00:00:00:00,0,0,5,296,0,0,0,0,0
156569570,NODE_B0CBD8F33218,root,1,00:00:00:00:00:00,0,0,5,296,0,0,0,0,0
156669568,NODE_B0CBD8F33218,root,1,00:00:00:00:00:00,0,0,5,296,0,0,0,0,0
156769564,NODE_B0CBD8F33218,root,1,00:00:00:00:00:00,0,0,5,296,0,0,0,0,0
156869574,NODE_B0CBD8F33218,root,1,00:00:00:00:00:00,0,0,5,298,0,0,0,0,0
156969564,NODE_B0CBD8F33218,root,1,00:00:00:00:00:00,0,0,5,298,0,0,0,0,0
157069568,NODE_B0CBD8F33218,root,1,00:00:00:00:00:00,0,0,5,298,0,0,0,0,0
157169574,NODE_B0CBD8F33218,root,1,00:00:00:00:00:00,0,0,5,298,0,0,0,0,0
157269568,NODE_B0CBD8F33218,root,1,00:00:00:00:00:00,0,0,5,298,0,0,0,0,0
157369560,NODE_B0CBD8F33218,root,1,00:00:00:00:00:00,0,0,5,298,0,0,0,0,0
157469570,NODE_B0CBD8F33218,root,1,00:00:00:00:00:00,0,0,5,298,0,0,0,0,0
157569568,NODE_B0CBD8F33218,root,1,00:00:00:00:00:00,0,0,5,298,0,0,0,0,0
157669564,NODE_B0CBD8F33218,root,1,00:00:00:00:00:00,0,0,5,298,0,0,0,0,0
157769562,NODE_B0CBD8F33218,root,1,00:00:00:00:00:00,0,0,5,298,0,0,0,0,0
157869572,NODE_B0CBD8F33218,root,1,00:00:00:00:00:00,0,0,5,300,0,0,0,0,0
157969564,NODE_B0CBD8F33218,root,1,00:00:00:00:00:00,0,0,5,300,0,0,0,0,0
158069570,NODE_B0CBD8F33218,root,1,00:00:00:00:00:00,0,0,5,300,0,0,0,0,0
158169560,NODE_B0CBD8F33218,root,1,00:00:00:00:00:00,0,0,5,300,0,0,0,0,0
158269568,NODE_B0CBD8F33218,root,1,00:00:00:00:00:00,0,0,5,300,0,0,0,0,0
158369562,NODE_B0CBD8F33218,root,1,00:00:00:00:00:00,0,0,5,300,0,0,0,0,0
158469568,NODE_B0CBD8F33218,root,1,00:00:00:00:00:00,0,0,5,300,0,0,0,0,0
158569568,NODE_B0CBD8F33218,root,1,00:00:00:00:00:00,0,0,5,300,0,0,0,0,0
158669570,NODE_B0CBD8F33218,root,1,00:00:00:00:00:00,0,0,5,300,0,0,0,0,0
158769560,NODE_B0CBD8F33218,root,1,00:00:00:00:00:00,0,0,5,300,0,0,0,0,0
158869576,NODE_B0CBD8F33218,root,1,00:00:00:00:00:00,0,0,5,302,0,0,0,0,0
158969566,NODE_B0CBD8F33218,root,1,00:00:00:00:00:00,0,0,5,302,0,0,0,0,0
159069568,NODE_B0CBD8F33218,root,1,00:00:00:00:00:00,0,0,5,302,0,0,0,0,0
159169560,NODE_B0CBD8F33218,root,1,00:00:00:00:00:00,0,0,5,302,0,0,0,0,0
159269570,NODE_B0CBD8F33218,root,1,00:00:00:00:00:00,0,0,5,302,0,0,0,0,0
159369560,NODE_B0CBD8F33218,root,1,00:00:00:00:00:00,0,0,5,302,0,0,0,0,0
159469568,NODE_B0CBD8F33218,root,1,00:00:00:00:00:00,0,0,5,302,0,0,0,0,0
159569570,NODE_B0CBD8F33218,root,1,00:00:00:00:00:00,0,0,5,302,0,0,0,0,0
159669568,NODE_B0CBD8F33218,root,1,00:00:00:00:00:00,0,0,5,302,0,0,0,0,0
159769564,NODE_B0CBD8F33218,root,1,00:00:00:00:00:00,0,0,5,302,0,0,0,0,0
159869574,NODE_B0CBD8F33218,root,1,00:00:00:00:00:00,0,0,5,304,0,0,0,0,0
159969568,NODE_B0CBD8F33218,root,1,00:00:00:00:00:00,0,0,5,304,0,0,0,0,0
160069568,NODE_B0CBD8F33218,root,1,00:00:00:00:00:00,0,0,5,304,0,0,0,0,0
160169566,NODE_B0CBD8F33218,root,1,00:00:00:00:00:00,0,0,5,304,0,0,0,0,0
160269568,NODE_B0CBD8F33218,root,1,00:00:00:00:00:00,0,0,5,304,0,0,0,0,0
160369560,NODE_B0CBD8F33218,root,1,00:00:00:00:00:00,0,0,5,304,0,0,0,0,0
160469570,NODE_B0CBD8F33218,root,1,00:00:00:00:00:00,0,0,5,304,0,0,0,0,0
160569568,NODE_B0CBD8F33218,root,1,00:00:00:00:00:00,0,0,5,304,0,0,0,0,0
160669568,NODE_B0CBD8F33218,root,1,00:00:00:00:00:00,0,0,5,304,0,0,0,0,0
160769562,NODE_B0CBD8F33218,root,1,00:00:00:00:00:00,0,0,5,304,0,0,0,0,0
160869572,NODE_B0CBD8F33218,root,1,00:00:00:00:00:00,0,0,5,306,0,0,0,0,0
160969568,NODE_B0CBD8F33218,root,1,00:00:00:00:00:00,0,0,5,306,0,0,0,0,0
161069570,NODE_B0CBD8F33218,root,1,00:00:00:00:00:00,0,0,5,306,0,0,0,0,0
161169560,NODE_B0CBD8F33218,root,1,00:00:00:00:00:00,0,0,5,306,0,0,0,0,0
161269568,NODE_B0CBD8F33218,root,1,00:00:00:00:00:00,0,0,5,306,0,0,0,0,0
161369562,NODE_B0CBD8F33218,root,1,00:00:00:00:00:00,0,0,5,306,0,0,0,0,0
161469568,NODE_B0CBD8F33218,root,1,00:00:00:00:00:00,0,0,5,306,0,0,0,0,0
161569568,NODE_B0CBD8F33218,root,1,00:00:00:00:00:00,0,0,5,306,0,0,0,0,0
161669570,NODE_B0CBD8F33218,root,1,00:00:00:00:00:00,0,0,5,306,0,0,0,0,0
161769560,NODE_B0CBD8F33218,root,1,00:00:00:00:00:00,0,0,5,306,0,0,0,0,0
161869572,NODE_B0CBD8F33218,root,1,00:00:00:00:00:00,0,0,5,308,0,0,0,0,0
161969570,NODE_B0CBD8F33218,root,1,00:00:00:00:00:00,0,0,5,308,0,0,0,0,0
162069568,NODE_B0CBD8F33218,root,1,00:00:00:00:00:00,0,0,5,308,0,0,0,0,0
162169560,NODE_B0CBD8F33218,root,1,00:00:00:00:00:00,0,0,5,308,0,0,0,0,0
162269570,NODE_B0CBD8F33218,root,1,00:00:00:00:00:00,0,0,5,308,0,0,0,0,0
162369560,NODE_B0CBD8F33218,root,1,00:00:00:00:00:00,0,0,5,308,0,0,0,0,0
162469568,NODE_B0CBD8F33218,root,1,00:00:00:00:00:00,0,0,5,308,0,0,0,0,0
162569570,NODE_B0CBD8F33218,root,1,00:00:00:00:00:00,0,0,5,308,0,0,0,0,0
162669564,NODE_B0CBD8F33218,root,1,00:00:00:00:00:00,0,0,5,308,0,0,0,0,0
162769564,NODE_B0CBD8F33218,root,1,00:00:00:00:00:00,0,0,5,308,0,0,0,0,0
162869574,NODE_B0CBD8F33218,root,1,00:00:00:00:00:00,0,0,5,310,0,0,0,0,0
162969568,NODE_B0CBD8F33218,root,1,00:00:00:00:00:00,0,0,5,310,0,0,0,0,0
163069568,NODE_B0CBD8F33218,root,1,00:00:00:00:00:00,0,0,5,310,0,0,0,0,0
163169566,NODE_B0CBD8F33218,root,1,00:00:00:00:00:00,0,0,5,310,0,0,0,0,0
163269568,NODE_B0CBD8F33218,root,1,00:00:00:00:00:00,0,0,5,310,0,0,0,0,0
163369560,NODE_B0CBD8F33218,root,1,00:00:00:00:00:00,0,0,5,310,0,0,0,0,0
163469570,NODE_B0CBD8F33218,root,1,00:00:00:00:00:00,0,0,5,310,0,0,0,0,0
163569568,NODE_B0CBD8F33218,root,1,00:00:00:00:00:00,0,0,5,310,0,0,0,0,0
163669568,NODE_B0CBD8F33218,root,1,00:00:00:00:00:00,0,0,5,310,0,0,0,0,0
163769566,NODE_B0CBD8F33218,root,1,00:00:00:00:00:00,0,0,5,310,0,0,0,0,0
163869576,NODE_B0CBD8F33218,root,1,00:00:00:00:00:00,0,0,5,312,0,0,0,0,0
163969568,NODE_B0CBD8F33218,root,1,00:00:00:00:00:00,0,0,5,312,0,0,0,0,0
164069570,NODE_B0CBD8F33218,root,1,00:00:00:00:00:00,0,0,5,312,0,0,0,0,0
164169560,NODE_B0CBD8F33218,root,1,00:00:00:00:00:00,0,0,5,312,0,0,0,0,0
164269568,NODE_B0CBD8F33218,root,1,00:00:00:00:00:00,0,0,5,312,0,0,0,0,0
164369555,NODE_B0CBD8F33218,root,1,00:00:00:00:00:00,0,0,5,312,0,0,0,0,0
164469568,NODE_B0CBD8F33218,root,1,00:00:00:00:00:00,0,0,5,312,0,0,0,0,0
164569568,NODE_B0CBD8F33218,root,1,00:00:00:00:00:00,0,0,5,312,0,0,0,0,0
164669570,NODE_B0CBD8F33218,root,1,00:00:00:00:00:00,0,0,5,312,0,0,0,0,0
164769560,NODE_B0CBD8F33218,root,1,00:00:00:00:00:00,0,0,5,312,0,0,0,0,0
164869572,NODE_B0CBD8F33218,root,1,00:00:00:00:00:00,0,0,5,314,0,0,0,0,0
164969566,NODE_B0CBD8F33218,root,1,00:00:00:00:00:00,0,0,5,314,0,0,0,0,0
165069568,NODE_B0CBD8F33218,root,1,00:00:00:00:00:00,0,0,5,314,0,0,0,0,0
165169560,NODE_B0CBD8F33218,root,1,00:00:00:00:00:00,0,0,5,314,0,0,0,0,0
165269570,NODE_B0CBD8F33218,root,1,00:00:00:00:00:00,0,0,5,314,0,0,0,0,0
165369560,NODE_B0CBD8F33218,root,1,00:00:00:00:00:00,0,0,5,314,0,0,0,0,0
165469568,NODE_B0CBD8F33218,root,1,00:00:00:00:00:00,0,0,5,314,0,0,0,0,0
165569570,NODE_B0CBD8F33218,root,1,00:00:00:00:00:00,0,0,5,314,0,0,0,0,0
165669568,NODE_B0CBD8F33218,root,1,00:00:00:00:00:00,0,0,5,314,0,0,0,0,0
165769564,NODE_B0CBD8F33218,root,1,00:00:00:00:00:00,0,0,5,314,0,0,0,0,0
165869914,NODE_B0CBD8F33218,root,1,00:00:00:00:00:00,0,0,5,316,0,0,0,0,0
165969564,NODE_B0CBD8F33218,root,1,00:00:00:00:00:00,0,0,5,316,0,0,0,0,0
166069568,NODE_B0CBD8F33218,root,1,00:00:00:00:00:00,0,0,5,316,0,0,0,0,0
166169566,NODE_B0CBD8F33218,root,1,00:00:00:00:00:00,0,0,5,316,0,0,0,0,0
166269564,NODE_B0CBD8F33218,root,1,00:00:00:00:00:00,0,0,5,316,0,0,0,0,0
166369560,NODE_B0CBD8F33218,root,1,00:00:00:00:00:00,0,0,5,316,0,0,0,0,0
166469566,NODE_B0CBD8F33218,root,1,00:00:00:00:00:00,0,0,5,316,0,0,0,0,0
166569564,NODE_B0CBD8F33218,root,1,00:00:00:00:00:00,0,0,5,316,0,0,0,0,0
166669568,NODE_B0CBD8F33218,root,1,00:00:00:00:00:00,0,0,5,316,0,0,0,0,0
166769562,NODE_B0CBD8F33218,root,1,00:00:00:00:00:00,0,0,5,316,0,0,0,0,0
166869576,NODE_B0CBD8F33218,root,1,00:00:00:00:00:00,0,0,5,318,0,0,0,0,0
166969564,NODE_B0CBD8F33218,root,1,00:00:00:00:00:00,0,0,5,318,0,0,0,0,0
167069570,NODE_B0CBD8F33218,root,1,00:00:00:00:00:00,0,0,5,318,0,0,0,0,0
167169560,NODE_B0CBD8F33218,root,1,00:00:00:00:00:00,0,0,5,318,0,0,0,0,0
167269568,NODE_B0CBD8F33218,root,1,00:00:00:00:00:00,0,0,5,318,0,0,0,0,0
167369562,NODE_B0CBD8F33218,root,1,00:00:00:00:00:00,0,0,5,318,0,0,0,0,0
167469568,NODE_B0CBD8F33218,root,1,00:00:00:00:00:00,0,0,5,318,0,0,0,0,0
167569568,NODE_B0CBD8F33218,root,1,00:00:00:00:00:00,0,0,5,318,0,0,0,0,0
167669566,NODE_B0CBD8F33218,root,1,00:00:00:00:00:00,0,0,5,318,0,0,0,0,0
167769560,NODE_B0CBD8F33218,root,1,00:00:00:00:00:00,0,0,5,318,0,0,0,0,0
167869572,NODE_B0CBD8F33218,root,1,00:00:00:00:00:00,0,0,5,320,0,0,0,0,0
167969566,NODE_B0CBD8F33218,root,1,00:00:00:00:00:00,0,0,5,320,0,0,0,0,0
168069568,NODE_B0CBD8F33218,root,1,00:00:00:00:00:00,0,0,5,320,0,0,0,0,0
168169560,NODE_B0CBD8F33218,root,1,00:00:00:00:00:00,0,0,5,320,0,0,0,0,0
168269570,NODE_B0CBD8F33218,root,1,00:00:00:00:00:00,0,0,5,320,0,0,0,0,0
168369560,NODE_B0CBD8F33218,root,1,00:00:00:00:00:00,0,0,5,320,0,0,0,0,0
168469568,NODE_B0CBD8F33218,root,1,00:00:00:00:00:00,0,0,5,320,0,0,0,0,0
168569570,NODE_B0CBD8F33218,root,1,00:00:00:00:00:00,0,0,5,320,0,0,0,0,0
168669568,NODE_B0CBD8F33218,root,1,00:00:00:00:00:00,0,0,5,320,0,0,0,0,0
168769564,NODE_B0CBD8F33218,root,1,00:00:00:00:00:00,0,0,5,320,0,0,0,0,0
168869574,NODE_B0CBD8F33218,root,1,00:00:00:00:00:00,0,0,5,322,0,0,0,0,0
168969564,NODE_B0CBD8F33218,root,1,00:00:00:00:00:00,0,0,5,322,0,0,0,0,0
169069568,NODE_B0CBD8F33218,root,1,00:00:00:00:00:00,0,0,5,322,0,0,0,0,0
169170063,NODE_B0CBD8F33218,root,1,00:00:00:00:00:00,0,0,5,322,0,0,0,0,0
169269568,NODE_B0CBD8F33218,root,1,00:00:00:00:00:00,0,0,5,322,0,0,0,0,0
169369560,NODE_B0CBD8F33218,root,1,00:00:00:00:00:00,0,0,5,322,0,0,0,0,0
169469570,NODE_B0CBD8F33218,root,1,00:00:00:00:00:00,0,0,5,322,0,0,0,0,0
169569568,NODE_B0CBD8F33218,root,1,00:00:00:00:00:00,0,0,5,322,0,0,0,0,0
169669568,NODE_B0CBD8F33218,root,1,00:00:00:00:00:00,0,0,5,322,0,0,0,0,0
169769562,NODE_B0CBD8F33218,root,1,00:00:00:00:00:00,0,0,5,322,0,0,0,0,0
169869572,NODE_B0CBD8F33218,root,1,00:00:00:00:00:00,0,0,5,324,0,0,0,0,0
169969564,NODE_B0CBD8F33218,root,1,00:00:00:00:00:00,0,0,5,324,0,0,0,0,0
170069570,NODE_B0CBD8F33218,root,1,00:00:00:00:00:00,0,0,5,324,0,0,0,0,0
170169564,NODE_B0CBD8F33218,root,1,00:00:00:00:00:00,0,0,5,324,0,0,0,0,0
170269568,NODE_B0CBD8F33218,root,1,00:00:00:00:00:00,0,0,5,324,0,0,0,0,0
170369562,NODE_B0CBD8F33218,root,1,00:00:00:00:00:00,0,0,5,324,0,0,0,0,0
170469568,NODE_B0CBD8F33218,root,1,00:00:00:00:00:00,0,0,5,324,0,0,0,0,0
170569568,NODE_B0CBD8F33218,root,1,00:00:00:00:00:00,0,0,5,324,0,0,0,0,0
170669570,NODE_B0CBD8F33218,root,1,00:00:00:00:00:00,0,0,5,324,0,0,0,0,0
170769564,NODE_B0CBD8F33218,root,1,00:00:00:00:00:00,0,0,5,324,0,0,0,0,0
170869572,NODE_B0CBD8F33218,root,1,00:00:00:00:00:00,0,0,5,326,0,0,0,0,0
170969566,NODE_B0CBD8F33218,root,1,00:00:00:00:00:00,0,0,5,326,0,0,0,0,0
171069568,NODE_B0CBD8F33218,root,1,00:00:00:00:00:00,0,0,5,326,0,0,0,0,0
171169564,NODE_B0CBD8F33218,root,1,00:00:00:00:00:00,0,0,5,326,0,0,0,0,0
171269570,NODE_B0CBD8F33218,root,1,00:00:00:00:00:00,0,0,5,326,0,0,0,0,0
171369562,NODE_B0CBD8F33218,root,1,00:00:00:00:00:00,0,0,5,326,0,0,0,0,0
171469568,NODE_B0CBD8F33218,root,1,00:00:00:00:00:00,0,0,5,326,0,0,0,0,0
171569570,NODE_B0CBD8F33218,root,1,00:00:00:00:00:00,0,0,5,326,0,0,0,0,0
171669568,NODE_B0CBD8F33218,root,1,00:00:00:00:00:00,0,0,5,326,0,0,0,0,0
171769564,NODE_B0CBD8F33218,root,1,00:00:00:00:00:00,0,0,5,326,0,0,0,0,0
171870371,NODE_B0CBD8F33218,root,1,00:00:00:00:00:00,0,0,5,328,0,0,0,0,0
171969564,NODE_B0CBD8F33218,root,1,00:00:00:00:00:00,0,0,5,328,0,0,0,0,0
172069564,NODE_B0CBD8F33218,root,1,00:00:00:00:00:00,0,0,5,328,0,0,0,0,0
172169566,NODE_B0CBD8F33218,root,1,00:00:00:00:00:00,0,0,5,328,0,0,0,0,0
172269564,NODE_B0CBD8F33218,root,1,00:00:00:00:00:00,0,0,5,328,0,0,0,0,0
172369560,NODE_B0CBD8F33218,root,1,00:00:00:00:00:00,0,0,5,328,0,0,0,0,0
172469566,NODE_B0CBD8F33218,root,1,00:00:00:00:00:00,0,0,5,328,0,0,0,0,0
172569564,NODE_B0CBD8F33218,root,1,00:00:00:00:00:00,0,0,5,328,0,0,0,0,0
172669564,NODE_B0CBD8F33218,root,1,00:00:00:00:00:00,0,0,5,328,0,0,0,0,0
172769562,NODE_B0CBD8F33218,root,1,00:00:00:00:00:00,0,0,5,328,0,0,0,0,0
172870426,NODE_B0CBD8F33218,root,1,00:00:00:00:00:00,0,0,5,330,0,0,0,0,0
172969568,NODE_B0CBD8F33218,root,1,00:00:00:00:00:00,0,0,5,330,0,0,0,0,0
173069566,NODE_B0CBD8F33218,root,1,00:00:00:00:00:00,0,0,5,330,0,0,0,0,0
173169560,NODE_B0CBD8F33218,root,1,00:00:00:00:00:00,0,0,5,330,0,0,0,0,0
173269564,NODE_B0CBD8F33218,root,1,00:00:00:00:00:00,0,0,5,330,0,0,0,0,0
173369562,NODE_B0CBD8F33218,root,1,00:00:00:00:00:00,0,0,5,330,0,0,0,0,0
173469564,NODE_B0CBD8F33218,root,1,00:00:00:00:00:00,0,0,5,330,0,0,0,0,0
173569564,NODE_B0CBD8F33218,root,1,00:00:00:00:00:00,0,0,5,330,0,0,0,0,0
173669566,NODE_B0CBD8F33218,root,1,00:00:00:00:00:00,0,0,5,330,0,0,0,0,0
173769560,NODE_B0CBD8F33218,root,1,00:00:00:00:00:00,0,0,5,330,0,0,0,0,0
173869649,NODE_B0CBD8F33218,root,1,00:00:00:00:00:00,0,0,5,332,0,0,0,0,0
173969570,NODE_B0CBD8F33218,root,1,00:00:00:00:00:00,0,0,5,332,0,0,0,0,0
174069568,NODE_B0CBD8F33218,root,1,00:00:00:00:00:00,0,0,5,332,0,0,0,0,0
174169560,NODE_B0CBD8F33218,root,1,00:00:00:00:00:00,0,0,5,332,0,0,0,0,0
174269570,NODE_B0CBD8F33218,root,1,00:00:00:00:00:00,0,0,5,332,0,0,0,0,0
174369560,NODE_B0CBD8F33218,root,1,00:00:00:00:00:00,0,0,5,332,0,0,0,0,0
174469568,NODE_B0CBD8F33218,root,1,00:00:00:00:00:00,0,0,5,332,0,0,0,0,0
174569570,NODE_B0CBD8F33218,root,1,00:00:00:00:00:00,0,0,5,332,0,0,0,0,0
174669568,NODE_B0CBD8F33218,root,1,00:00:00:00:00:00,0,0,5,332,0,0,0,0,0
174769560,NODE_B0CBD8F33218,root,1,00:00:00:00:00:00,0,0,5,332,0,0,0,0,0
174869625,NODE_B0CBD8F33218,root,1,00:00:00:00:00:00,0,0,5,334,0,0,0,0,0
174969564,NODE_B0CBD8F33218,root,1,00:00:00:00:00:00,0,0,5,334,0,0,0,0,0
175069564,NODE_B0CBD8F33218,root,1,00:00:00:00:00:00,0,0,5,334,0,0,0,0,0
175169562,NODE_B0CBD8F33218,root,1,00:00:00:00:00:00,0,0,5,334,0,0,0,0,0
175269564,NODE_B0CBD8F33218,root,1,00:00:00:00:00:00,0,0,5,334,0,0,0,0,0
175369560,NODE_B0CBD8F33218,root,1,00:00:00:00:00:00,0,0,5,334,0,0,0,0,0
175469566,NODE_B0CBD8F33218,root,1,00:00:00:00:00:00,0,0,5,334,0,0,0,0,0
175569564,NODE_B0CBD8F33218,root,1,00:00:00:00:00:00,0,0,5,334,0,0,0,0,0
175669564,NODE_B0CBD8F33218,root,1,00:00:00:00:00:00,0,0,5,334,0,0,0,0,0
175769562,NODE_B0CBD8F33218,root,1,00:00:00:00:00:00,0,0,5,334,0,0,0,0,0
175869694,NODE_B0CBD8F33218,root,1,00:00:00:00:00:00,0,0,5,336,0,0,0,0,0
175969564,NODE_B0CBD8F33218,root,1,00:00:00:00:00:00,0,0,5,336,0,0,0,0,0
176069570,NODE_B0CBD8F33218,root,1,00:00:00:00:00:00,0,0,5,336,0,0,0,0,0
176169560,NODE_B0CBD8F33218,root,1,00:00:00:00:00:00,0,0,5,336,0,0,0,0,0
176269568,NODE_B0CBD8F33218,root,1,00:00:00:00:00:00,0,0,5,336,0,0,0,0,0
176369562,NODE_B0CBD8F33218,root,1,00:00:00:00:00:00,0,0,5,336,0,0,0,0,0
176469568,NODE_B0CBD8F33218,root,1,00:00:00:00:00:00,0,0,5,336,0,0,0,0,0
176569568,NODE_B0CBD8F33218,root,1,00:00:00:00:00:00,0,0,5,336,0,0,0,0,0
176669570,NODE_B0CBD8F33218,root,1,00:00:00:00:00:00,0,0,5,336,0,0,0,0,0
176769560,NODE_B0CBD8F33218,root,1,00:00:00:00:00:00,0,0,5,336,0,0,0,0,0
176869743,NODE_B0CBD8F33218,root,1,00:00:00:00:00:00,0,0,5,338,0,0,0,0,0
176969574,NODE_B0CBD8F33218,root,1,00:00:00:00:00:00,0,0,5,338,0,0,0,0,0
177069564,NODE_B0CBD8F33218,root,1,00:00:00:00:00:00,0,0,5,338,0,0,0,0,0
177169560,NODE_B0CBD8F33218,root,1,00:00:00:00:00:00,0,0,5,338,0,0,0,0,0
177269566,NODE_B0CBD8F33218,root,1,00:00:00:00:00:00,0,0,5,338,0,0,0,0,0
177369564,NODE_B0CBD8F33218,root,1,00:00:00:00:00:00,0,0,5,338,0,0,0,0,0
177469564,NODE_B0CBD8F33218,root,1,00:00:00:00:00:00,0,0,5,338,0,0,0,0,0
177569566,NODE_B0CBD8F33218,root,1,00:00:00:00:00:00,0,0,5,338,0,0,0,0,0
177669564,NODE_B0CBD8F33218,root,1,00:00:00:00:00:00,0,0,5,338,0,0,0,0,0
177769564,NODE_B0CBD8F33218,root,1,00:00:00:00:00:00,0,0,5,338,0,0,0,0,0
177869759,NODE_B0CBD8F33218,root,1,00:00:00:00:00:00,0,0,5,339,0,0,0,0,0
177969572,NODE_B0CBD8F33218,root,1,00:00:00:00:00:00,0,0,5,340,0,0,0,0,0
178069568,NODE_B0CBD8F33218,root,1,00:00:00:00:00:00,0,0,5,340,0,0,0,0,0
178169562,NODE_B0CBD8F33218,root,1,00:00:00:00:00:00,0,0,5,340,0,0,0,0,0
178269568,NODE_B0CBD8F33218,root,1,00:00:00:00:00:00,0,0,5,340,0,0,0,0,0
178369564,NODE_B0CBD8F33218,root,1,00:00:00:00:00:00,0,0,5,340,0,0,0,0,0
178469570,NODE_B0CBD8F33218,root,1,00:00:00:00:00:00,0,0,5,340,0,0,0,0,0
178569568,NODE_B0CBD8F33218,root,1,00:00:00:00:00:00,0,0,5,340,0,0,0,0,0
178669556,NODE_B0CBD8F33218,root,1,00:00:00:00:00:00,0,0,5,340,0,0,0,0,0
178769562,NODE_B0CBD8F33218,root,1,00:00:00:00:00:00,0,0,5,340,0,0,0,0,0
178869878,NODE_B0CBD8F33218,root,1,00:00:00:00:00:00,0,0,5,342,0,0,0,0,0
178969564,NODE_B0CBD8F33218,root,1,00:00:00:00:00:00,0,0,5,342,0,0,0,0,0
179069566,NODE_B0CBD8F33218,root,1,00:00:00:00:00:00,0,0,5,342,0,0,0,0,0
179169561,NODE_B0CBD8F33218,root,1,00:00:00:00:00:00,0,0,5,342,0,0,0,0,0
179269564,NODE_B0CBD8F33218,root,1,00:00:00:00:00:00,0,0,5,342,0,0,0,0,0
179369562,NODE_B0CBD8F33218,root,1,00:00:00:00:00:00,0,0,5,342,0,0,0,0,0
179469564,NODE_B0CBD8F33218,root,1,00:00:00:00:00:00,0,0,5,342,0,0,0,0,0
179569564,NODE_B0CBD8F33218,root,1,00:00:00:00:00:00,0,0,5,342,0,0,0,0,0
179669566,NODE_B0CBD8F33218,root,1,00:00:00:00:00:00,0,0,5,342,0,0,0,0,0
179769560,NODE_B0CBD8F33218,root,1,00:00:00:00:00:00,0,0,5,342,0,0,0,0,0
179869863,NODE_B0CBD8F33218,root,1,00:00:00:00:00:00,0,0,5,344,0,0,0,0,0
179969570,NODE_B0CBD8F33218,root,1,00:00:00:00:00:00,0,0,5,344,0,0,0,0,0
180069568,NODE_B0CBD8F33218,root,1,00:00:00:00:00:00,0,0,5,344,0,0,0,0,0
180169560,NODE_B0CBD8F33218,root,1,00:00:00:00:00:00,0,0,5,344,0,0,0,0,0
180269570,NODE_B0CBD8F33218,root,1,00:00:00:00:00:00,0,0,5,344,0,0,0,0,0
180369564,NODE_B0CBD8F33218,root,1,00:00:00:00:00:00,0,0,5,344,0,0,0,0,0
180469568,NODE_B0CBD8F33218,root,1,00:00:00:00:00:00,0,0,5,344,0,0,0,0,0
180569570,NODE_B0CBD8F33218,root,1,00:00:00:00:00:00,0,0,5,344,0,0,0,0,0
180669568,NODE_B0CBD8F33218,root,1,00:00:00:00:00:00,0,0,5,344,0,0,0,0,0
180769564,NODE_B0CBD8F33218,root,1,00:00:00:00:00:00,0,0,5,344,0,0,0,0,0
180869570,NODE_B0CBD8F33218,root,1,00:00:00:00:00:00,0,0,5,345,0,0,0,0,0
180969572,NODE_B0CBD8F33218,root,1,00:00:00:00:00:00,0,0,5,346,0,0,0,0,0
181069568,NODE_B0CBD8F33218,root,1,00:00:00:00:00:00,0,0,5,346,0,0,0,0,0
181169562,NODE_B0CBD8F33218,root,1,00:00:00:00:00:00,0,0,5,346,0,0,0,0,0
181269568,NODE_B0CBD8F33218,root,1,00:00:00:00:00:00,0,0,5,346,0,0,0,0,0
181369560,NODE_B0CBD8F33218,root,1,00:00:00:00:00:00,0,0,5,346,0,0,0,0,0
181469570,NODE_B0CBD8F33218,root,1,00:00:00:00:00:00,0,0,5,346,0,0,0,0,0
181569568,NODE_B0CBD8F33218,root,1,00:00:00:00:00:00,0,0,5,346,0,0,0,0,0
181669568,NODE_B0CBD8F33218,root,1,00:00:00:00:00:00,0,0,5,346,0,0,0,0,0
181769562,NODE_B0CBD8F33218,root,1,00:00:00:00:00:00,0,0,5,346,0,0,0,0,0
181869572,NODE_B0CBD8F33218,root,1,00:00:00:00:00:00,0,0,5,347,0,0,0,0,0
181969576,NODE_B0CBD8F33218,root,1,00:00:00:00:00:00,0,0,5,348,0,0,0,0,0
182069570,NODE_B0CBD8F33218,root,1,00:00:00:00:00:00,0,0,5,348,0,0,0,0,0
182169561,NODE_B0CBD8F33218,root,1,00:00:00:00:00:00,0,0,5,348,0,0,0,0,0
182269568,NODE_B0CBD8F33218,root,1,00:00:00:00:00:00,0,0,5,348,0,0,0,0,0
182369562,NODE_B0CBD8F33218,root,1,00:00:00:00:00:00,0,0,5,348,0,0,0,0,0
182469568,NODE_B0CBD8F33218,root,1,00:00:00:00:00:00,0,0,5,348,0,0,0,0,0
182569568,NODE_B0CBD8F33218,root,1,00:00:00:00:00:00,0,0,5,348,0,0,0,0,0
182669566,NODE_B0CBD8F33218,root,1,00:00:00:00:00:00,0,0,5,348,0,0,0,0,0
182769561,NODE_B0CBD8F33218,root,1,00:00:00:00:00:00,0,0,5,348,0,0,0,0,0
182869572,NODE_B0CBD8F33218,root,1,00:00:00:00:00:00,0,0,5,349,0,0,0,0,0
182969578,NODE_B0CBD8F33218,root,1,00:00:00:00:00:00,0,0,5,350,0,0,0,0,0
183069564,NODE_B0CBD8F33218,root,1,00:00:00:00:00:00,0,0,5,350,0,0,0,0,0
183169564,NODE_B0CBD8F33218,root,1,00:00:00:00:00:00,0,0,5,350,0,0,0,0,0
183269566,NODE_B0CBD8F33218,root,1,00:00:00:00:00:00,0,0,5,350,0,0,0,0,0
183369564,NODE_B0CBD8F33218,root,1,00:00:00:00:00:00,0,0,5,350,0,0,0,0,0
183469568,NODE_B0CBD8F33218,root,1,00:00:00:00:00:00,0,0,5,350,0,0,0,0,0
183569570,NODE_B0CBD8F33218,root,1,00:00:00:00:00:00,0,0,5,350,0,0,0,0,0
183669568,NODE_B0CBD8F33218,root,1,00:00:00:00:00:00,0,0,5,350,0,0,0,0,0
183769568,NODE_B0CBD8F33218,root,1,00:00:00:00:00:00,0,0,5,350,0,0,0,0,0
183869570,NODE_B0CBD8F33218,root,1,00:00:00:00:00:00,0,0,5,351,0,0,0,0,0
183969572,NODE_B0CBD8F33218,root,1,00:00:00:00:00:00,0,0,5,352,0,0,0,0,0
184069568,NODE_B0CBD8F33218,root,1,00:00:00:00:00:00,0,0,5,352,0,0,0,0,0
184169562,NODE_B0CBD8F33218,root,1,00:00:00:00:00:00,0,0,5,352,0,0,0,0,0
184269568,NODE_B0CBD8F33218,root,1,00:00:00:00:00:00,0,0,5,352,0,0,0,0,0
184369560,NODE_B0CBD8F33218,root,1,00:00:00:00:00:00,0,0,5,352,0,0,0,0,0
184469570,NODE_B0CBD8F33218,root,1,00:00:00:00:00:00,0,0,5,352,0,0,0,0,0
184569568,NODE_B0CBD8F33218,root,1,00:00:00:00:00:00,0,0,5,352,0,0,0,0,0
184669568,NODE_B0CBD8F33218,root,1,00:00:00:00:00:00,0,0,5,352,0,0,0,0,0
184769570,NODE_B0CBD8F33218,root,1,00:00:00:00:00:00,0,0,5,352,0,0,0,0,0
184869572,NODE_B0CBD8F33218,root,1,00:00:00:00:00:00,0,0,5,353,0,0,0,0,0
184969572,NODE_B0CBD8F33218,root,1,00:00:00:00:00:00,0,0,5,354,0,0,0,0,0
185069570,NODE_B0CBD8F33218,root,1,00:00:00:00:00:00,0,0,5,354,0,0,0,0,0
185169560,NODE_B0CBD8F33218,root,1,00:00:00:00:00:00,0,0,5,354,0,0,0,0,0
185269568,NODE_B0CBD8F33218,root,1,00:00:00:00:00:00,0,0,5,354,0,0,0,0,0
185369562,NODE_B0CBD8F33218,root,1,00:00:00:00:00:00,0,0,5,354,0,0,0,0,0
185469568,NODE_B0CBD8F33218,root,1,00:00:00:00:00:00,0,0,5,354,0,0,0,0,0
185569568,NODE_B0CBD8F33218,root,1,00:00:00:00:00:00,0,0,5,354,0,0,0,0,0
185669574,NODE_B0CBD8F33218,root,1,00:00:00:00:00:00,0,0,5,354,0,0,0,0,0
185769557,NODE_B0CBD8F33218,root,1,00:00:00:00:00:00,0,0,5,354,0,0,0,0,0
185869568,NODE_B0CBD8F33218,root,1,00:00:00:00:00:00,0,0,5,355,0,0,0,0,0
185969574,NODE_B0CBD8F33218,root,1,00:00:00:00:00:00,0,0,5,356,0,0,0,0,0
186069568,NODE_B0CBD8F33218,root,1,00:00:00:00:00:00,0,0,5,356,0,0,0,0,0
186169560,NODE_B0CBD8F33218,root,1,00:00:00:00:00:00,0,0,5,356,0,0,0,0,0
186269570,NODE_B0CBD8F33218,root,1,00:00:00:00:00:00,0,0,5,356,0,0,0,0,0
186369560,NODE_B0CBD8F33218,root,1,00:00:00:00:00:00,0,0,5,356,0,0,0,0,0
186469568,NODE_B0CBD8F33218,root,1,00:00:00:00:00:00,0,0,5,356,0,0,0,0,0
186569570,NODE_B0CBD8F33218,root,1,00:00:00:00:00:00,0,0,5,356,0,0,0,0,0
186669568,NODE_B0CBD8F33218,root,1,00:00:00:00:00:00,0,0,5,356,0,0,0,0,0
186769568,NODE_B0CBD8F33218,root,1,00:00:00:00:00:00,0,0,5,356,0,0,0,0,0
186869574,NODE_B0CBD8F33218,root,1,00:00:00:00:00:00,0,0,5,357,0,0,0,0,0
186969572,NODE_B0CBD8F33218,root,1,00:00:00:00:00:00,0,0,5,358,0,0,0,0,0
187069568,NODE_B0CBD8F33218,root,1,00:00:00:00:00:00,0,0,5,358,0,0,0,0,0
187169562,NODE_B0CBD8F33218,root,1,00:00:00:00:00:00,0,0,5,358,0,0,0,0,0
187269568,NODE_B0CBD8F33218,root,1,00:00:00:00:00:00,0,0,5,358,0,0,0,0,0
187369560,NODE_B0CBD8F33218,root,1,00:00:00:00:00:00,0,0,5,358,0,0,0,0,0
187469570,NODE_B0CBD8F33218,root,1,00:00:00:00:00:00,0,0,5,358,0,0,0,0,0
187569572,NODE_B0CBD8F33218,root,1,00:00:00:00:00:00,0,0,5,358,0,0,0,0,0
187669564,NODE_B0CBD8F33218,root,1,00:00:00:00:00:00,0,0,5,358,0,0,0,0,0
187769562,NODE_B0CBD8F33218,root,1,00:00:00:00:00:00,0,0,5,358,0,0,0,0,0
187869572,NODE_B0CBD8F33218,root,1,00:00:00:00:00:00,0,0,5,359,0,0,0,0,0
187969572,NODE_B0CBD8F33218,root,1,00:00:00:00:00:00,0,0,5,360,0,0,0,0,0
188069570,NODE_B0CBD8F33218,root,1,00:00:00:00:00:00,0,0,5,360,0,0,0,0,0
188169560,NODE_B0CBD8F33218,root,1,00:00:00:00:00:00,0,0,5,360,0,0,0,0,0
188269568,NODE_B0CBD8F33218,root,1,00:00:00:00:00:00,0,0,5,360,0,0,0,0,0
188369562,NODE_B0CBD8F33218,root,1,00:00:00:00:00:00,0,0,5,360,0,0,0,0,0
188469568,NODE_B0CBD8F33218,root,1,00:00:00:00:00:00,0,0,5,360,0,0,0,0,0
188569568,NODE_B0CBD8F33218,root,1,00:00:00:00:00:00,0,0,5,360,0,0,0,0,0
188669570,NODE_B0CBD8F33218,root,1,00:00:00:00:00:00,0,0,5,360,0,0,0,0,0
188769560,NODE_B0CBD8F33218,root,1,00:00:00:00:00:00,0,0,5,360,0,0,0,0,0
188869568,NODE_B0CBD8F33218,root,1,00:00:00:00:00:00,0,0,5,361,0,0,0,0,0
188969574,NODE_B0CBD8F33218,root,1,00:00:00:00:00:00,0,0,5,362,0,0,0,0,0
189069568,NODE_B0CBD8F33218,root,1,00:00:00:00:00:00,0,0,5,362,0,0,0,0,0
189169560,NODE_B0CBD8F33218,root,1,00:00:00:00:00:00,0,0,5,362,0,0,0,0,0
189269570,NODE_B0CBD8F33218,root,1,00:00:00:00:00:00,0,0,5,362,0,0,0,0,0
189369560,NODE_B0CBD8F33218,root,1,00:00:00:00:00:00,0,0,5,362,0,0,0,0,0
189469568,NODE_B0CBD8F33218,root,1,00:00:00:00:00:00,0,0,5,362,0,0,0,0,0
189569574,NODE_B0CBD8F33218,root,1,00:00:00:00:00:00,0,0,5,362,0,0,0,0,0
189669568,NODE_B0CBD8F33218,root,1,00:00:00:00:00:00,0,0,5,362,0,0,0,0,0
189769564,NODE_B0CBD8F33218,root,1,00:00:00:00:00:00,0,0,5,362,0,0,0,0,0
189869574,NODE_B0CBD8F33218,root,1,00:00:00:00:00:00,0,0,5,363,0,0,0,0,0
189969576,NODE_B0CBD8F33218,root,1,00:00:00:00:00:00,0,0,5,364,0,0,0,0,0
190069568,NODE_B0CBD8F33218,root,1,00:00:00:00:00:00,0,0,5,364,0,0,0,0,0
190169562,NODE_B0CBD8F33218,root,1,00:00:00:00:00:00,0,0,5,364,0,0,0,0,0
190269568,NODE_B0CBD8F33218,root,1,00:00:00:00:00:00,0,0,5,364,0,0,0,0,0
190369560,NODE_B0CBD8F33218,root,1,00:00:00:00:00:00,0,0,5,364,0,0,0,0,0
190469570,NODE_B0CBD8F33218,root,1,00:00:00:00:00:00,0,0,5,364,0,0,0,0,0
190569568,NODE_B0CBD8F33218,root,1,00:00:00:00:00:00,0,0,5,364,0,0,0,0,0
190669568,NODE_B0CBD8F33218,root,1,00:00:00:00:00:00,0,0,5,364,0,0,0,0,0
190769562,NODE_B0CBD8F33218,root,1,00:00:00:00:00:00,0,0,5,364,0,0,0,0,0
190869568,NODE_B0CBD8F33218,root,1,00:00:00:00:00:00,0,0,5,365,0,0,0,0,0
190969572,NODE_B0CBD8F33218,root,1,00:00:00:00:00:00,0,0,5,366,0,0,0,0,0
191069570,NODE_B0CBD8F33218,root,1,00:00:00:00:00:00,0,0,5,366,0,0,0,0,0
191169560,NODE_B0CBD8F33218,root,1,00:00:00:00:00:00,0,0,5,366,0,0,0,0,0
191269568,NODE_B0CBD8F33218,root,1,00:00:00:00:00:00,0,0,5,366,0,0,0,0,0
191369562,NODE_B0CBD8F33218,root,1,00:00:00:00:00:00,0,0,5,366,0,0,0,0,0
191469568,NODE_B0CBD8F33218,root,1,00:00:00:00:00:00,0,0,5,366,0,0,0,0,0
191569568,NODE_B0CBD8F33218,root,1,00:00:00:00:00:00,0,0,5,366,0,0,0,0,0
191669570,NODE_B0CBD8F33218,root,1,00:00:00:00:00:00,0,0,5,366,0,0,0,0,0
191769560,NODE_B0CBD8F33218,root,1,00:00:00:00:00:00,0,0,5,366,0,0,0,0,0
191869572,NODE_B0CBD8F33218,root,1,00:00:00:00:00:00,0,0,5,367,0,0,0,0,0
191969574,NODE_B0CBD8F33218,root,1,00:00:00:00:00:00,0,0,5,368,0,0,0,0,0
192069568,NODE_B0CBD8F33218,root,1,00:00:00:00:00:00,0,0,5,368,0,0,0,0,0
192169560,NODE_B0CBD8F33218,root,1,00:00:00:00:00:00,0,0,5,368,0,0,0,0,0
192269570,NODE_B0CBD8F33218,root,1,00:00:00:00:00:00,0,0,5,368,0,0,0,0,0
192369560,NODE_B0CBD8F33218,root,1,00:00:00:00:00:00,0,0,5,368,0,0,0,0,0
192469568,NODE_B0CBD8F33218,root,1,00:00:00:00:00:00,0,0,5,368,0,0,0,0,0
192569570,NODE_B0CBD8F33218,root,1,00:00:00:00:00:00,0,0,5,368,0,0,0,0,0
192669564,NODE_B0CBD8F33218,root,1,00:00:00:00:00:00,0,0,5,368,0,0,0,0,0
192769560,NODE_B0CBD8F33218,root,1,00:00:00:00:00:00,0,0,5,368,0,0,0,0,0
192869578,NODE_B0CBD8F33218,root,1,00:00:00:00:00:00,0,0,5,369,0,0,0,0,0
192969560,NODE_B0CBD8F33218,root,1,00:00:00:00:00:00,0,0,5,370,0,0,0,0,0
193069564,NODE_B0CBD8F33218,root,1,00:00:00:00:00:00,0,0,5,370,0,0,0,0,0
193169562,NODE_B0CBD8F33218,root,1,00:00:00:00:00:00,0,0,5,370,0,0,0,0,0
193269564,NODE_B0CBD8F33218,root,1,00:00:00:00:00:00,0,0,5,370,0,0,0,0,0
193369560,NODE_B0CBD8F33218,root,1,00:00:00:00:00:00,0,0,5,370,0,0,0,0,0
193469566,NODE_B0CBD8F33218,root,1,00:00:00:00:00:00,0,0,5,370,0,0,0,0,0
193569564,NODE_B0CBD8F33218,root,1,00:00:00:00:00:00,0,0,5,370,0,0,0,0,0
193669564,NODE_B0CBD8F33218,root,1,00:00:00:00:00:00,0,0,5,370,0,0,0,0,0
193769562,NODE_B0CBD8F33218,root,1,00:00:00:00:00:00,0,0,5,370,0,0,0,0,0
193869568,NODE_B0CBD8F33218,root,1,00:00:00:00:00:00,0,0,5,371,0,0,0,0,0
193969572,NODE_B0CBD8F33218,root,1,00:00:00:00:00:00,0,0,5,372,0,0,0,0,0
194069570,NODE_B0CBD8F33218,root,1,00:00:00:00:00:00,0,0,5,372,0,0,0,0,0
194169560,NODE_B0CBD8F33218,root,1,00:00:00:00:00:00,0,0,5,372,0,0,0,0,0
194269568,NODE_B0CBD8F33218,root,1,00:00:00:00:00:00,0,0,5,372,0,0,0,0,0
194369562,NODE_B0CBD8F33218,root,1,00:00:00:00:00:00,0,0,5,372,0,0,0,0,0
194469568,NODE_B0CBD8F33218,root,1,00:00:00:00:00:00,0,0,5,372,0,0,0,0,0
194569568,NODE_B0CBD8F33218,root,1,00:00:00:00:00:00,0,0,5,372,0,0,0,0,0
194669570,NODE_B0CBD8F33218,root,1,00:00:00:00:00:00,0,0,5,372,0,0,0,0,0
194769564,NODE_B0CBD8F33218,root,1,00:00:00:00:00:00,0,0,5,372,0,0,0,0,0
194869572,NODE_B0CBD8F33218,root,1,00:00:00:00:00:00,0,0,5,373,0,0,0,0,0
194969578,NODE_B0CBD8F33218,root,1,00:00:00:00:00:00,0,0,5,374,0,0,0,0,0
195069568,NODE_B0CBD8F33218,root,1,00:00:00:00:00:00,0,0,5,374,0,0,0,0,0
195169560,NODE_B0CBD8F33218,root,1,00:00:00:00:00:00,0,0,5,374,0,0,0,0,0
195269570,NODE_B0CBD8F33218,root,1,00:00:00:00:00:00,0,0,5,374,0,0,0,0,0
195369560,NODE_B0CBD8F33218,root,1,00:00:00:00:00:00,0,0,5,374,0,0,0,0,0
195469568,NODE_B0CBD8F33218,root,1,00:00:00:00:00:00,0,0,5,374,0,0,0,0,0
195569570,NODE_B0CBD8F33218,root,1,00:00:00:00:00:00,0,0,5,374,0,0,0,0,0
195669568,NODE_B0CBD8F33218,root,1,00:00:00:00:00:00,0,0,5,374,0,0,0,0,0
195769560,NODE_B0CBD8F33218,root,1,00:00:00:00:00:00,0,0,5,374,0,0,0,0,0
195869570,NODE_B0CBD8F33218,root,1,00:00:00:00:00:00,0,0,5,375,0,0,0,0,0
195969572,NODE_B0CBD8F33218,root,1,00:00:00:00:00:00,0,0,5,376,0,0,0,0,0
196069568,NODE_B0CBD8F33218,root,1,00:00:00:00:00:00,0,0,5,376,0,0,0,0,0
196169562,NODE_B0CBD8F33218,root,1,00:00:00:00:00:00,0,0,5,376,0,0,0,0,0
196269568,NODE_B0CBD8F33218,root,1,00:00:00:00:00:00,0,0,5,376,0,0,0,0,0
196369560,NODE_B0CBD8F33218,root,1,00:00:00:00:00:00,0,0,5,376,0,0,0,0,0
196469570,NODE_B0CBD8F33218,root,1,00:00:00:00:00:00,0,0,5,376,0,0,0,0,0
196569568,NODE_B0CBD8F33218,root,1,00:00:00:00:00:00,0,0,5,376,0,0,0,0,0
196669568,NODE_B0CBD8F33218,root,1,00:00:00:00:00:00,0,0,5,376,0,0,0,0,0
196769566,NODE_B0CBD8F33218,root,1,00:00:00:00:00:00,0,0,5,376,0,0,0,0,0
196869572,NODE_B0CBD8F33218,root,1,00:00:00:00:00:00,0,0,5,377,0,0,0,0,0
196969572,NODE_B0CBD8F33218,root,1,00:00:00:00:00:00,0,0,5,378,0,0,0,0,0
197069570,NODE_B0CBD8F33218,root,1,00:00:00:00:00:00,0,0,5,378,0,0,0,0,0
197169560,NODE_B0CBD8F33218,root,1,00:00:00:00:00:00,0,0,5,378,0,0,0,0,0
197269568,NODE_B0CBD8F33218,root,1,00:00:00:00:00:00,0,0,5,378,0,0,0,0,0
197369562,NODE_B0CBD8F33218,root,1,00:00:00:00:00:00,0,0,5,378,0,0,0,0,0
197469568,NODE_B0CBD8F33218,root,1,00:00:00:00:00:00,0,0,5,378,0,0,0,0,0
197569568,NODE_B0CBD8F33218,root,1,00:00:00:00:00:00,0,0,5,378,0,0,0,0,0
197669566,NODE_B0CBD8F33218,root,1,00:00:00:00:00:00,0,0,5,378,0,0,0,0,0
197769564,NODE_B0CBD8F33218,root,1,00:00:00:00:00:00,0,0,5,378,0,0,0,0,0
197869576,NODE_B0CBD8F33218,root,1,00:00:00:00:00:00,0,0,5,379,0,0,0,0,0
197969574,NODE_B0CBD8F33218,root,1,00:00:00:00:00:00,0,0,5,380,0,0,0,0,0
198069568,NODE_B0CBD8F33218,root,1,00:00:00:00:00:00,0,0,5,380,0,0,0,0,0
198169560,NODE_B0CBD8F33218,root,1,00:00:00:00:00:00,0,0,5,380,0,0,0,0,0
198269570,NODE_B0CBD8F33218,root,1,00:00:00:00:00:00,0,0,5,380,0,0,0,0,0
198369561,NODE_B0CBD8F33218,root,1,00:00:00:00:00:00,0,0,5,380,0,0,0,0,0
198469568,NODE_B0CBD8F33218,root,1,00:00:00:00:00:00,0,0,5,380,0,0,0,0,0
198569570,NODE_B0CBD8F33218,root,1,00:00:00:00:00:00,0,0,5,380,0,0,0,0,0
198669568,NODE_B0CBD8F33218,root,1,00:00:00:00:00:00,0,0,5,380,0,0,0,0,0
198769564,NODE_B0CBD8F33218,root,1,00:00:00:00:00:00,0,0,5,380,0,0,0,0,0
198869570,NODE_B0CBD8F33218,root,1,00:00:00:00:00:00,0,0,5,381,0,0,0,0,0
198969572,NODE_B0CBD8F33218,root,1,00:00:00:00:00:00,0,0,5,382,0,0,0,0,0
199069568,NODE_B0CBD8F33218,root,1,00:00:00:00:00:00,0,0,5,382,0,0,0,0,0
199169562,NODE_B0CBD8F33218,root,1,00:00:00:00:00:00,0,0,5,382,0,0,0,0,0
199269568,NODE_B0CBD8F33218,root,1,00:00:00:00:00:00,0,0,5,382,0,0,0,0,0
199369560,NODE_B0CBD8F33218,root,1,00:00:00:00:00:00,0,0,5,382,0,0,0,0,0
199469570,NODE_B0CBD8F33218,root,1,00:00:00:00:00:00,0,0,5,382,0,0,0,0,0
199569568,NODE_B0CBD8F33218,root,1,00:00:00:00:00:00,0,0,5,382,0,0,0,0,0
199669568,NODE_B0CBD8F33218,root,1,00:00:00:00:00:00,0,0,5,382,0,0,0,0,0
199769562,NODE_B0CBD8F33218,root,1,00:00:00:00:00:00,0,0,5,382,0,0,0,0,0
199869572,NODE_B0CBD8F33218,root,1,00:00:00:00:00:00,0,0,5,383,0,0,0,0,0
199969576,NODE_B0CBD8F33218,root,1,00:00:00:00:00:00,0,0,5,384,0,0,0,0,0
200069570,NODE_B0CBD8F33218,root,1,00:00:00:00:00:00,0,0,5,384,0,0,0,0,0
200169560,NODE_B0CBD8F33218,root,1,00:00:00:00:00:00,0,0,5,384,0,0,0,0,0
200269568,NODE_B0CBD8F33218,root,1,00:00:00:00:00:00,0,0,5,384,0,0,0,0,0
200369562,NODE_B0CBD8F33218,root,1,00:00:00:00:00:00,0,0,5,384,0,0,0,0,0
200469568,NODE_B0CBD8F33218,root,1,00:00:00:00:00:00,0,0,5,384,0,0,0,0,0
200569568,NODE_B0CBD8F33218,root,1,00:00:00:00:00:00,0,0,5,384,0,0,0,0,0
200669570,NODE_B0CBD8F33218,root,1,00:00:00:00:00:00,0,0,5,384,0,0,0,0,0
200769560,NODE_B0CBD8F33218,root,1,00:00:00:00:00:00,0,0,5,384,0,0,0,0,0
200869568,NODE_B0CBD8F33218,root,1,00:00:00:00:00:00,0,0,5,385,0,0,0,0,0
200969574,NODE_B0CBD8F33218,root,1,00:00:00:00:00:00,0,0,5,386,0,0,0,0,0
201069568,NODE_B0CBD8F33218,root,1,00:00:00:00:00:00,0,0,5,386,0,0,0,0,0
201169560,NODE_B0CBD8F33218,root,1,00:00:00:00:00:00,0,0,5,386,0,0,0,0,0
201269570,NODE_B0CBD8F33218,root,1,00:00:00:00:00:00,0,0,5,386,0,0,0,0,0
201369560,NODE_B0CBD8F33218,root,1,00:00:00:00:00:00,0,0,5,386,0,0,0,0,0
201469568,NODE_B0CBD8F33218,root,1,00:00:00:00:00:00,0,0,5,386,0,0,0,0,0
201569570,NODE_B0CBD8F33218,root,1,00:00:00:00:00:00,0,0,5,386,0,0,0,0,0
201669568,NODE_B0CBD8F33218,root,1,00:00:00:00:00:00,0,0,5,386,0,0,0,0,0
201769564,NODE_B0CBD8F33218,root,1,00:00:00:00:00:00,0,0,5,386,0,0,0,0,0
201869574,NODE_B0CBD8F33218,root,1,00:00:00:00:00:00,0,0,5,387,0,0,0,0,0
201969572,NODE_B0CBD8F33218,root,1,00:00:00:00:00:00,0,0,5,388,0,0,0,0,0
202069568,NODE_B0CBD8F33218,root,1,00:00:00:00:00:00,0,0,5,388,0,0,0,0,0
202169562,NODE_B0CBD8F33218,root,1,00:00:00:00:00:00,0,0,5,388,0,0,0,0,0
202269568,NODE_B0CBD8F33218,root,1,00:00:00:00:00:00,0,0,5,388,0,0,0,0,0
202369560,NODE_B0CBD8F33218,root,1,00:00:00:00:00:00,0,0,5,388,0,0,0,0,0
202469570,NODE_B0CBD8F33218,root,1,00:00:00:00:00:00,0,0,5,388,0,0,0,0,0
202569568,NODE_B0CBD8F33218,root,1,00:00:00:00:00:00,0,0,5,388,0,0,0,0,0
202669564,NODE_B0CBD8F33218,root,1,00:00:00:00:00:00,0,0,5,388,0,0,0,0,0
202769562,NODE_B0CBD8F33218,root,1,00:00:00:00:00:00,0,0,5,388,0,0,0,0,0
202869576,NODE_B0CBD8F33218,root,1,00:00:00:00:00:00,0,0,5,389,0,0,0,0,0
202969572,NODE_B0CBD8F33218,root,1,00:00:00:00:00:00,0,0,5,390,0,0,0,0,0
203069570,NODE_B0CBD8F33218,root,1,00:00:00:00:00:00,0,0,5,390,0,0,0,0,0
203169560,NODE_B0CBD8F33218,root,1,00:00:00:00:00:00,0,0,5,390,0,0,0,0,0
203269568,NODE_B0CBD8F33218,root,1,00:00:00:00:00:00,0,0,5,390,0,0,0,0,0
203369562,NODE_B0CBD8F33218,root,1,00:00:00:00:00:00,0,0,5,390,0,0,0,0,0
203469568,NODE_B0CBD8F33218,root,1,00:00:00:00:00:00,0,0,5,390,0,0,0,0,0
203569568,NODE_B0CBD8F33218,root,1,00:00:00:00:00:00,0,0,5,390,0,0,0,0,0
203669570,NODE_B0CBD8F33218,root,1,00:00:00:00:00:00,0,0,5,390,0,0,0,0,0
203769560,NODE_B0CBD8F33218,root,1,00:00:00:00:00:00,0,0,5,390,0,0,0,0,0
203869568,NODE_B0CBD8F33218,root,1,00:00:00:00:00:00,0,0,5,391,0,0,0,0,0
203969574,NODE_B0CBD8F33218,root,1,00:00:00:00:00:00,0,0,5,392,0,0,0,0,0
204069568,NODE_B0CBD8F33218,root,1,00:00:00:00:00:00,0,0,5,392,0,0,0,0,0
204169560,NODE_B0CBD8F33218,root,1,00:00:00:00:00:00,0,0,5,392,0,0,0,0,0
204269570,NODE_B0CBD8F33218,root,1,00:00:00:00:00:00,0,0,5,392,0,0,0,0,0
204369560,NODE_B0CBD8F33218,root,1,00:00:00:00:00:00,0,0,5,392,0,0,0,0,0
204469568,NODE_B0CBD8F33218,root,1,00:00:00:00:00:00,0,0,5,392,0,0,0,0,0
204569570,NODE_B0CBD8F33218,root,1,00:00:00:00:00:00,0,0,5,392,0,0,0,0,0
204669568,NODE_B0CBD8F33218,root,1,00:00:00:00:00:00,0,0,5,392,0,0,0,0,0
204769564,NODE_B0CBD8F33218,root,1,00:00:00:00:00:00,0,0,5,392,0,0,0,0,0
204869574,NODE_B0CBD8F33218,root,1,00:00:00:00:00:00,0,0,5,393,0,0,0,0,0
204969576,NODE_B0CBD8F33218,root,1,00:00:00:00:00:00,0,0,5,394,0,0,0,0,0
205069568,NODE_B0CBD8F33218,root,1,00:00:00:00:00:00,0,0,5,394,0,0,0,0,0
205169562,NODE_B0CBD8F33218,root,1,00:00:00:00:00:00,0,0,5,394,0,0,0,0,0
205269568,NODE_B0CBD8F33218,root,1,00:00:00:00:00:00,0,0,5,394,0,0,0,0,0
205369560,NODE_B0CBD8F33218,root,1,00:00:00:00:00:00,0,0,5,394,0,0,0,0,0
205469570,NODE_B0CBD8F33218,root,1,00:00:00:00:00:00,0,0,5,394,0,0,0,0,0
205569568,NODE_B0CBD8F33218,root,1,00:00:00:00:00:00,0,0,5,394,0,0,0,0,0
205669568,NODE_B0CBD8F33218,root,1,00:00:00:00:00:00,0,0,5,394,0,0,0,0,0
205769566,NODE_B0CBD8F33218,root,1,00:00:00:00:00:00,0,0,5,394,0,0,0,0,0
205869568,NODE_B0CBD8F33218,root,1,00:00:00:00:00:00,0,0,5,395,0,0,0,0,0
205969572,NODE_B0CBD8F33218,root,1,00:00:00:00:00:00,0,0,5,396,0,0,0,0,0
206069570,NODE_B0CBD8F33218,root,1,00:00:00:00:00:00,0,0,5,396,0,0,0,0,0
206169560,NODE_B0CBD8F33218,root,1,00:00:00:00:00:00,0,0,5,396,0,0,0,0,0
206269568,NODE_B0CBD8F33218,root,1,00:00:00:00:00:00,0,0,5,396,0,0,0,0,0
206369562,NODE_B0CBD8F33218,root,1,00:00:00:00:00:00,0,0,5,396,0,0,0,0,0
206469568,NODE_B0CBD8F33218,root,1,00:00:00:00:00:00,0,0,5,396,0,0,0,0,0
206569568,NODE_B0CBD8F33218,root,1,00:00:00:00:00:00,0,0,5,396,0,0,0,0,0
206669570,NODE_B0CBD8F33218,root,1,00:00:00:00:00:00,0,0,5,396,0,0,0,0,0
206769561,NODE_B0CBD8F33218,root,1,00:00:00:00:00:00,0,0,5,396,0,0,0,0,0
206869572,NODE_B0CBD8F33218,root,1,00:00:00:00:00:00,0,0,5,397,0,0,0,0,0
206969574,NODE_B0CBD8F33218,root,1,00:00:00:00:00:00,0,0,5,398,0,0,0,0,0
207069568,NODE_B0CBD8F33218,root,1,00:00:00:00:00:00,0,0,5,398,0,0,0,0,0
207169560,NODE_B0CBD8F33218,root,1,00:00:00:00:00:00,0,0,5,398,0,0,0,0,0
207269558,NODE_B0CBD8F33218,root,1,00:00:00:00:00:00,0,0,5,398,0,0,0,0,0
207369560,NODE_B0CBD8F33218,root,1,00:00:00:00:00:00,0,0,5,398,0,0,0,0,0
207469568,NODE_B0CBD8F33218,root,1,00:00:00:00:00:00,0,0,5,398,0,0,0,0,0
207569570,NODE_B0CBD8F33218,root,1,00:00:00:00:00:00,0,0,5,398,0,0,0,0,0
207669564,NODE_B0CBD8F33218,root,1,00:00:00:00:00:00,0,0,5,398,0,0,0,0,0
207769564,NODE_B0CBD8F33218,root,1,00:00:00:00:00:00,0,0,5,398,0,0,0,0,0
207869574,NODE_B0CBD8F33218,root,1,00:00:00:00:00:00,0,0,5,399,0,0,0,0,0
207969576,NODE_B0CBD8F33218,root,1,00:00:00:00:00:00,0,0,5,400,0,0,0,0,0
208069568,NODE_B0CBD8F33218,root,1,00:00:00:00:00:00,0,0,5,400,0,0,0,0,0
208169562,NODE_B0CBD8F33218,root,1,00:00:00:00:00:00,0,0,5,400,0,0,0,0,0
208269572,NODE_B0CBD8F33218,root,1,00:00:00:00:00:00,0,0,5,400,0,0,0,0,0
208369560,NODE_B0CBD8F33218,root,1,00:00:00:00:00:00,0,0,5,400,0,0,0,0,0
208469570,NODE_B0CBD8F33218,root,1,00:00:00:00:00:00,0,0,5,400,0,0,0,0,0
208569568,NODE_B0CBD8F33218,root,1,00:00:00:00:00:00,0,0,5,400,0,0,0,0,0
208669568,NODE_B0CBD8F33218,root,1,00:00:00:00:00:00,0,0,5,400,0,0,0,0,0
208769562,NODE_B0CBD8F33218,root,1,00:00:00:00:00:00,0,0,5,400,0,0,0,0,0
208869568,NODE_B0CBD8F33218,root,1,00:00:00:00:00:00,0,0,5,401,0,0,0,0,0
208969572,NODE_B0CBD8F33218,root,1,00:00:00:00:00:00,0,0,5,402,0,0,0,0,0
209069570,NODE_B0CBD8F33218,root,1,00:00:00:00:00:00,0,0,5,402,0,0,0,0,0
209169560,NODE_B0CBD8F33218,root,1,00:00:00:00:00:00,0,0,5,402,0,0,0,0,0
209269568,NODE_B0CBD8F33218,root,1,00:00:00:00:00:00,0,0,5,402,0,0,0,0,0
209369562,NODE_B0CBD8F33218,root,1,00:00:00:00:00:00,0,0,5,402,0,0,0,0,0
209469568,NODE_B0CBD8F33218,root,1,00:00:00:00:00:00,0,0,5,402,0,0,0,0,0
209569568,NODE_B0CBD8F33218,root,1,00:00:00:00:00:00,0,0,5,402,0,0,0,0,0
209669570,NODE_B0CBD8F33218,root,1,00:00:00:00:00:00,0,0,5,402,0,0,0,0,0
209769564,NODE_B0CBD8F33218,root,1,00:00:00:00:00:00,0,0,5,402,0,0,0,0,0
209869572,NODE_B0CBD8F33218,root,1,00:00:00:00:00:00,0,0,5,403,0,0,0,0,0
209969578,NODE_B0CBD8F33218,root,1,00:00:00:00:00:00,0,0,5,404,0,0,0,0,0
210069568,NODE_B0CBD8F33218,root,1,00:00:00:00:00:00,0,0,5,404,0,0,0,0,0
210169560,NODE_B0CBD8F33218,root,1,00:00:00:00:00:00,0,0,5,404,0,0,0,0,0
210269570,NODE_B0CBD8F33218,root,1,00:00:00:00:00:00,0,0,5,404,0,0,0,0,0
210369560,NODE_B0CBD8F33218,root,1,00:00:00:00:00:00,0,0,5,404,0,0,0,0,0
210469568,NODE_B0CBD8F33218,root,1,00:00:00:00:00:00,0,0,5,404,0,0,0,0,0
210569570,NODE_B0CBD8F33218,root,1,00:00:00:00:00:00,0,0,5,404,0,0,0,0,0
210669568,NODE_B0CBD8F33218,root,1,00:00:00:00:00:00,0,0,5,404,0,0,0,0,0
210769564,NODE_B0CBD8F33218,root,1,00:00:00:00:00:00,0,0,5,404,0,0,0,0,0
210869570,NODE_B0CBD8F33218,root,1,00:00:00:00:00:00,0,0,5,405,0,0,0,0,0
210969572,NODE_B0CBD8F33218,root,1,00:00:00:00:00:00,0,0,5,406,0,0,0,0,0
211069568,NODE_B0CBD8F33218,root,1,00:00:00:00:00:00,0,0,5,406,0,0,0,0,0
211169566,NODE_B0CBD8F33218,root,1,00:00:00:00:00:00,0,0,5,406,0,0,0,0,0
211269568,NODE_B0CBD8F33218,root,1,00:00:00:00:00:00,0,0,5,406,0,0,0,0,0
211369560,NODE_B0CBD8F33218,root,1,00:00:00:00:00:00,0,0,5,406,0,0,0,0,0
211469570,NODE_B0CBD8F33218,root,1,00:00:00:00:00:00,0,0,5,406,0,0,0,0,0
211569568,NODE_B0CBD8F33218,root,1,00:00:00:00:00:00,0,0,5,406,0,0,0,0,0
211669568,NODE_B0CBD8F33218,root,1,00:00:00:00:00:00,0,0,5,406,0,0,0,0,0
211769562,NODE_B0CBD8F33218,root,1,00:00:00:00:00:00,0,0,5,406,0,0,0,0,0
211869572,NODE_B0CBD8F33218,root,1,00:00:00:00:00:00,0,0,5,407,0,0,0,0,0
211969572,NODE_B0CBD8F33218,root,1,00:00:00:00:00:00,0,0,5,408,0,0,0,0,0
212069570,NODE_B0CBD8F33218,root,1,00:00:00:00:00:00,0,0,5,408,0,0,0,0,0
212169564,NODE_B0CBD8F33218,root,1,00:00:00:00:00:00,0,0,5,408,0,0,0,0,0
212269568,NODE_B0CBD8F33218,root,1,00:00:00:00:00:00,0,0,5,408,0,0,0,0,0
212369562,NODE_B0CBD8F33218,root,1,00:00:00:00:00:00,0,0,5,408,0,0,0,0,0
212469568,NODE_B0CBD8F33218,root,1,00:00:00:00:00:00,0,0,5,408,0,0,0,0,0
212569568,NODE_B0CBD8F33218,root,1,00:00:00:00:00:00,0,0,5,408,0,0,0,0,0
212669566,NODE_B0CBD8F33218,root,1,00:00:00:00:00:00,0,0,5,408,0,0,0,0,0
212769564,NODE_B0CBD8F33218,root,1,00:00:00:00:00:00,0,0,5,408,0,0,0,0,0
212869572,NODE_B0CBD8F33218,root,1,00:00:00:00:00:00,0,0,5,409,0,0,0,0,0
212969578,NODE_B0CBD8F33218,root,1,00:00:00:00:00:00,0,0,5,410,0,0,0,0,0
213069568,NODE_B0CBD8F33218,root,1,00:00:00:00:00:00,0,0,5,410,0,0,0,0,0
213169564,NODE_B0CBD8F33218,root,1,00:00:00:00:00:00,0,0,5,410,0,0,0,0,0
213269570,NODE_B0CBD8F33218,root,1,00:00:00:00:00:00,0,0,5,410,0,0,0,0,0
213369560,NODE_B0CBD8F33218,root,1,00:00:00:00:00:00,0,0,5,410,0,0,0,0,0
213469568,NODE_B0CBD8F33218,root,1,00:00:00:00:00:00,0,0,5,410,0,0,0,0,0
213569570,NODE_B0CBD8F33218,root,1,00:00:00:00:00:00,0,0,5,410,0,0,0,0,0
213669568,NODE_B0CBD8F33218,root,1,00:00:00:00:00:00,0,0,5,410,0,0,0,0,0
213769564,NODE_B0CBD8F33218,root,1,00:00:00:00:00:00,0,0,5,410,0,0,0,0,0
213869570,NODE_B0CBD8F33218,root,1,00:00:00:00:00:00,0,0,5,411,0,0,0,0,0
213969572,NODE_B0CBD8F33218,root,1,00:00:00:00:00:00,0,0,5,412,0,0,0,0,0
214069568,NODE_B0CBD8F33218,root,1,00:00:00:00:00:00,0,0,5,412,0,0,0,0,0
214169566,NODE_B0CBD8F33218,root,1,00:00:00:00:00:00,0,0,5,412,0,0,0,0,0
214269568,NODE_B0CBD8F33218,root,1,00:00:00:00:00:00,0,0,5,412,0,0,0,0,0
214369557,NODE_B0CBD8F33218,root,1,00:00:00:00:00:00,0,0,5,412,0,0,0,0,0
214469573,NODE_B0CBD8F33218,root,1,00:00:00:00:00:00,0,0,5,412,0,0,0,0,0
214569564,NODE_B0CBD8F33218,root,1,00:00:00:00:00:00,0,0,5,412,0,0,0,0,0
214669564,NODE_B0CBD8F33218,root,1,00:00:00:00:00:00,0,0,5,412,0,0,0,0,0
214769562,NODE_B0CBD8F33218,root,1,00:00:00:00:00:00,0,0,5,412,0,0,0,0,0
214869568,NODE_B0CBD8F33218,root,1,00:00:00:00:00:00,0,0,5,413,0,0,0,0,0
214969572,NODE_B0CBD8F33218,root,1,00:00:00:00:00:00,0,0,5,414,0,0,0,0,0
215069570,NODE_B0CBD8F33218,root,1,00:00:00:00:00:00,0,0,5,414,0,0,0,0,0
215169971,NODE_B0CBD8F33218,root,1,00:00:00:00:00:00,0,0,5,414,0,0,0,0,0
215269568,NODE_B0CBD8F33218,root,1,00:00:00:00:00:00,0,0,5,414,0,0,0,0,0
215369562,NODE_B0CBD8F33218,root,1,00:00:00:00:00:00,0,0,5,414,0,0,0,0,0
215469568,NODE_B0CBD8F33218,root,1,00:00:00:00:00:00,0,0,5,414,0,0,0,0,0
215569568,NODE_B0CBD8F33218,root,1,00:00:00:00:00:00,0,0,5,414,0,0,0,0,0
215669570,NODE_B0CBD8F33218,root,1,00:00:00:00:00:00,0,0,5,414,0,0,0,0,0
215769561,NODE_B0CBD8F33218,root,1,00:00:00:00:00:00,0,0,5,414,0,0,0,0,0
215869568,NODE_B0CBD8F33218,root,1,00:00:00:00:00:00,0,0,5,415,0,0,0,0,0
215969578,NODE_B0CBD8F33218,root,1,00:00:00:00:00:00,0,0,5,416,0,0,0,0,0
216069568,NODE_B0CBD8F33218,root,1,00:00:00:00:00:00,0,0,5,416,0,0,0,0,0
216169560,NODE_B0CBD8F33218,root,1,00:00:00:00:00:00,0,0,5,416,0,0,0,0,0
216269570,NODE_B0CBD8F33218,root,1,00:00:00:00:00:00,0,0,5,416,0,0,0,0,0
216369560,NODE_B0CBD8F33218,root,1,00:00:00:00:00:00,0,0,5,416,0,0,0,0,0
216469568,NODE_B0CBD8F33218,root,1,00:00:00:00:00:00,0,0,5,416,0,0,0,0,0
216569570,NODE_B0CBD8F33218,root,1,00:00:00:00:00:00,0,0,5,416,0,0,0,0,0
216669568,NODE_B0CBD8F33218,root,1,00:00:00:00:00:00,0,0,5,416,0,0,0,0,0
216769564,NODE_B0CBD8F33218,root,1,00:00:00:00:00:00,0,0,5,416,0,0,0,0,0
216869574,NODE_B0CBD8F33218,root,1,00:00:00:00:00:00,0,0,5,417,0,0,0,0,0
216969572,NODE_B0CBD8F33218,root,1,00:00:00:00:00:00,0,0,5,418,0,0,0,0,0
217069568,NODE_B0CBD8F33218,root,1,00:00:00:00:00:00,0,0,5,418,0,0,0,0,0
217169562,NODE_B0CBD8F33218,root,1,00:00:00:00:00:00,0,0,5,418,0,0,0,0,0
217269572,NODE_B0CBD8F33218,root,1,00:00:00:00:00:00,0,0,5,418,0,0,0,0,0
217369560,NODE_B0CBD8F33218,root,1,00:00:00:00:00:00,0,0,5,418,0,0,0,0,0
217469570,NODE_B0CBD8F33218,root,1,00:00:00:00:00:00,0,0,5,418,0,0,0,0,0
217569568,NODE_B0CBD8F33218,root,1,00:00:00:00:00:00,0,0,5,418,0,0,0,0,0
217669564,NODE_B0CBD8F33218,root,1,00:00:00:00:00:00,0,0,5,418,0,0,0,0,0
217769562,NODE_B0CBD8F33218,root,1,00:00:00:00:00:00,0,0,5,418,0,0,0,0,0
217869572,NODE_B0CBD8F33218,root,1,00:00:00:00:00:00,0,0,5,419,0,0,0,0,0
217969576,NODE_B0CBD8F33218,root,1,00:00:00:00:00:00,0,0,5,420,0,0,0,0,0
218069570,NODE_B0CBD8F33218,root,1,00:00:00:00:00:00,0,0,5,420,0,0,0,0,0
218169560,NODE_B0CBD8F33218,root,1,00:00:00:00:00:00,0,0,5,420,0,0,0,0,0
218269568,NODE_B0CBD8F33218,root,1,00:00:00:00:00:00,0,0,5,420,0,0,0,0,0
218369562,NODE_B0CBD8F33218,root,1,00:00:00:00:00:00,0,0,5,420,0,0,0,0,0
218469568,NODE_B0CBD8F33218,root,1,00:00:00:00:00:00,0,0,5,420,0,0,0,0,0
218569568,NODE_B0CBD8F33218,root,1,00:00:00:00:00:00,0,0,5,420,0,0,0,0,0
218669570,NODE_B0CBD8F33218,root,1,00:00:00:00:00:00,0,0,5,420,0,0,0,0,0
218769560,NODE_B0CBD8F33218,root,1,00:00:00:00:00:00,0,0,5,420,0,0,0,0,0
218869568,NODE_B0CBD8F33218,root,1,00:00:00:00:00:00,0,0,5,421,0,0,0,0,0
218969574,NODE_B0CBD8F33218,root,1,00:00:00:00:00:00,0,0,5,422,0,0,0,0,0
219069568,NODE_B0CBD8F33218,root,1,00:00:00:00:00:00,0,0,5,422,0,0,0,0,0
219169560,NODE_B0CBD8F33218,root,1,00:00:00:00:00:00,0,0,5,422,0,0,0,0,0
219269570,NODE_B0CBD8F33218,root,1,00:00:00:00:00:00,0,0,5,422,0,0,0,0,0
219369560,NODE_B0CBD8F33218,root,1,00:00:00:00:00:00,0,0,5,422,0,0,0,0,0
219469568,NODE_B0CBD8F33218,root,1,00:00:00:00:00:00,0,0,5,422,0,0,0,0,0
219569570,NODE_B0CBD8F33218,root,1,00:00:00:00:00:00,0,0,5,422,0,0,0,0,0
219669568,NODE_B0CBD8F33218,root,1,00:00:00:00:00:00,0,0,5,422,0,0,0,0,0
219769564,NODE_B0CBD8F33218,root,1,00:00:00:00:00:00,0,0,5,422,0,0,0,0,0
219869574,NODE_B0CBD8F33218,root,1,00:00:00:00:00:00,0,0,5,423,0,0,0,0,0
219969572,NODE_B0CBD8F33218,root,1,00:00:00:00:00:00,0,0,5,424,0,0,0,0,0
220069568,NODE_B0CBD8F33218,root,1,00:00:00:00:00:00,0,0,5,424,0,0,0,0,0
220169562,NODE_B0CBD8F33218,root,1,00:00:00:00:00:00,0,0,5,424,0,0,0,0,0
220269568,NODE_B0CBD8F33218,root,1,00:00:00:00:00:00,0,0,5,424,0,0,0,0,0
220369560,NODE_B0CBD8F33218,root,1,00:00:00:00:00:00,0,0,5,424,0,0,0,0,0
220469570,NODE_B0CBD8F33218,root,1,00:00:00:00:00:00,0,0,5,424,0,0,0,0,0
220569568,NODE_B0CBD8F33218,root,1,00:00:00:00:00:00,0,0,5,424,0,0,0,0,0
220669568,NODE_B0CBD8F33218,root,1,00:00:00:00:00:00,0,0,5,424,0,0,0,0,0
220769562,NODE_B0CBD8F33218,root,1,00:00:00:00:00:00,0,0,5,424,0,0,0,0,0
220869568,NODE_B0CBD8F33218,root,1,00:00:00:00:00:00,0,0,5,425,0,0,0,0,0
220969576,NODE_B0CBD8F33218,root,1,00:00:00:00:00:00,0,0,5,426,0,0,0,0,0
221069570,NODE_B0CBD8F33218,root,1,00:00:00:00:00:00,0,0,5,426,0,0,0,0,0
221169560,NODE_B0CBD8F33218,root,1,00:00:00:00:00:00,0,0,5,426,0,0,0,0,0
221269568,NODE_B0CBD8F33218,root,1,00:00:00:00:00:00,0,0,5,426,0,0,0,0,0
221369566,NODE_B0CBD8F33218,root,1,00:00:00:00:00:00,0,0,5,426,0,0,0,0,0
221469568,NODE_B0CBD8F33218,root,1,00:00:00:00:00:00,0,0,5,426,0,0,0,0,0
221569568,NODE_B0CBD8F33218,root,1,00:00:00:00:00:00,0,0,5,426,0,0,0,0,0
221669570,NODE_B0CBD8F33218,root,1,00:00:00:00:00:00,0,0,5,426,0,0,0,0,0
221769560,NODE_B0CBD8F33218,root,1,00:00:00:00:00:00,0,0,5,426,0,0,0,0,0
221869572,NODE_B0CBD8F33218,root,1,00:00:00:00:00:00,0,0,5,427,0,0,0,0,0
221969574,NODE_B0CBD8F33218,root,1,00:00:00:00:00:00,0,0,5,428,0,0,0,0,0
222069568,NODE_B0CBD8F33218,root,1,00:00:00:00:00:00,0,0,5,428,0,0,0,0,0
222169560,NODE_B0CBD8F33218,root,1,00:00:00:00:00:00,0,0,5,428,0,0,0,0,0
222269570,NODE_B0CBD8F33218,root,1,00:00:00:00:00:00,0,0,5,428,0,0,0,0,0
222369564,NODE_B0CBD8F33218,root,1,00:00:00:00:00:00,0,0,5,428,0,0,0,0,0
222469568,NODE_B0CBD8F33218,root,1,00:00:00:00:00:00,0,0,5,428,0,0,0,0,0
222569570,NODE_B0CBD8F33218,root,1,00:00:00:00:00:00,0,0,5,428,0,0,0,0,0
222669564,NODE_B0CBD8F33218,root,1,00:00:00:00:00:00,0,0,5,428,0,0,0,0,0
222769564,NODE_B0CBD8F33218,root,1,00:00:00:00:00:00,0,0,5,428,0,0,0,0,0
222869574,NODE_B0CBD8F33218,root,1,00:00:00:00:00:00,0,0,5,429,0,0,0,0,0
222969576,NODE_B0CBD8F33218,root,1,00:00:00:00:00:00,0,0,5,430,0,0,0,0,0
223069568,NODE_B0CBD8F33218,root,1,00:00:00:00:00:00,0,0,5,430,0,0,0,0,0
223169562,NODE_B0CBD8F33218,root,1,00:00:00:00:00:00,0,0,5,430,0,0,0,0,0
223269568,NODE_B0CBD8F33218,root,1,00:00:00:00:00:00,0,0,5,430,0,0,0,0,0
223369560,NODE_B0CBD8F33218,root,1,00:00:00:00:00:00,0,0,5,430,0,0,0,0,0
223469570,NODE_B0CBD8F33218,root,1,00:00:00:00:00:00,0,0,5,430,0,0,0,0,0
223569568,NODE_B0CBD8F33218,root,1,00:00:00:00:00:00,0,0,5,430,0,0,0,0,0
223669568,NODE_B0CBD8F33218,root,1,00:00:00:00:00:00,0,0,5,430,0,0,0,0,0
223769566,NODE_B0CBD8F33218,root,1,00:00:00:00:00:00,0,0,5,430,0,0,0,0,0
223869568,NODE_B0CBD8F33218,root,1,00:00:00:00:00:00,0,0,5,431,0,0,0,0,0
223969572,NODE_B0CBD8F33218,root,1,00:00:00:00:00:00,0,0,5,432,0,0,0,0,0
224069570,NODE_B0CBD8F33218,root,1,00:00:00:00:00:00,0,0,5,432,0,0,0,0,0
224169560,NODE_B0CBD8F33218,root,1,00:00:00:00:00:00,0,0,5,432,0,0,0,0,0
224269568,NODE_B0CBD8F33218,root,1,00:00:00:00:00:00,0,0,5,432,0,0,0,0,0
224369562,NODE_B0CBD8F33218,root,1,00:00:00:00:00:00,0,0,5,432,0,0,0,0,0
224469568,NODE_B0CBD8F33218,root,1,00:00:00:00:00:00,0,0,5,432,0,0,0,0,0
224569568,NODE_B0CBD8F33218,root,1,00:00:00:00:00:00,0,0,5,432,0,0,0,0,0
224669570,NODE_B0CBD8F33218,root,1,00:00:00:00:00:00,0,0,5,432,0,0,0,0,0
224769560,NODE_B0CBD8F33218,root,1,00:00:00:00:00:00,0,0,5,432,0,0,0,0,0
224869572,NODE_B0CBD8F33218,root,1,00:00:00:00:00:00,0,0,5,433,0,0,0,0,0
224969574,NODE_B0CBD8F33218,root,1,00:00:00:00:00:00,0,0,5,434,0,0,0,0,0
225069568,NODE_B0CBD8F33218,root,1,00:00:00:00:00:00,0,0,5,434,0,0,0,0,0
225169560,NODE_B0CBD8F33218,root,1,00:00:00:00:00:00,0,0,5,434,0,0,0,0,0
225269570,NODE_B0CBD8F33218,root,1,00:00:00:00:00:00,0,0,5,434,0,0,0,0,0
225369560,NODE_B0CBD8F33218,root,1,00:00:00:00:00:00,0,0,5,434,0,0,0,0,0
225469568,NODE_B0CBD8F33218,root,1,00:00:00:00:00:00,0,0,5,434,0,0,0,0,0
225569570,NODE_B0CBD8F33218,root,1,00:00:00:00:00:00,0,0,5,434,0,0,0,0,0
225669568,NODE_B0CBD8F33218,root,1,00:00:00:00:00:00,0,0,5,434,0,0,0,0,0
225769564,NODE_B0CBD8F33218,root,1,00:00:00:00:00:00,0,0,5,434,0,0,0,0,0
225869570,NODE_B0CBD8F33218,root,1,00:00:00:00:00:00,0,0,5,435,0,0,0,0,0
225969576,NODE_B0CBD8F33218,root,1,00:00:00:00:00:00,0,0,5,436,0,0,0,0,0
226069568,NODE_B0CBD8F33218,root,1,00:00:00:00:00:00,0,0,5,436,0,0,0,0,0
226169562,NODE_B0CBD8F33218,root,1,00:00:00:00:00:00,0,0,5,436,0,0,0,0,0
226269568,NODE_B0CBD8F33218,root,1,00:00:00:00:00:00,0,0,5,436,0,0,0,0,0
226369560,NODE_B0CBD8F33218,root,1,00:00:00:00:00:00,0,0,5,436,0,0,0,0,0
226469574,NODE_B0CBD8F33218,root,1,00:00:00:00:00:00,0,0,5,436,0,0,0,0,0
226569568,NODE_B0CBD8F33218,root,1,00:00:00:00:00:00,0,0,5,436,0,0,0,0,0
226669568,NODE_B0CBD8F33218,root,1,00:00:00:00:00:00,0,0,5,436,0,0,0,0,0
226769566,NODE_B0CBD8F33218,root,1,00:00:00:00:00:00,0,0,5,436,0,0,0,0,0
226869572,NODE_B0CBD8F33218,root,1,00:00:00:00:00:00,0,0,5,437,0,0,0,0,0
226969572,NODE_B0CBD8F33218,root,1,00:00:00:00:00:00,0,0,5,438,0,0,0,0,0
227069570,NODE_B0CBD8F33218,root,1,00:00:00:00:00:00,0,0,5,438,0,0,0,0,0
227169560,NODE_B0CBD8F33218,root,1,00:00:00:00:00:00,0,0,5,438,0,0,0,0,0
227269568,NODE_B0CBD8F33218,root,1,00:00:00:00:00:00,0,0,5,438,0,0,0,0,0
227369562,NODE_B0CBD8F33218,root,1,00:00:00:00:00:00,0,0,5,438,0,0,0,0,0
227469568,NODE_B0CBD8F33218,root,1,00:00:00:00:00:00,0,0,5,438,0,0,0,0,0
227569568,NODE_B0CBD8F33218,root,1,00:00:00:00:00:00,0,0,5,438,0,0,0,0,0
227669566,NODE_B0CBD8F33218,root,1,00:00:00:00:00:00,0,0,5,438,0,0,0,0,0
227769560,NODE_B0CBD8F33218,root,1,00:00:00:00:00:00,0,0,5,438,0,0,0,0,0
227869572,NODE_B0CBD8F33218,root,1,00:00:00:00:00:00,0,0,5,439,0,0,0,0,0
227969578,NODE_B0CBD8F33218,root,1,00:00:00:00:00:00,0,0,5,440,0,0,0,0,0
228069568,NODE_B0CBD8F33218,root,1,00:00:00:00:00:00,0,0,5,440,0,0,0,0,0
228169560,NODE_B0CBD8F33218,root,1,00:00:00:00:00:00,0,0,5,440,0,0,0,0,0
228269570,NODE_B0CBD8F33218,root,1,00:00:00:00:00:00,0,0,5,440,0,0,0,0,0
228369560,NODE_B0CBD8F33218,root,1,00:00:00:00:00:00,0,0,5,440,0,0,0,0,0
228469568,NODE_B0CBD8F33218,root,1,00:00:00:00:00:00,0,0,5,440,0,0,0,0,0
228569570,NODE_B0CBD8F33218,root,1,00:00:00:00:00:00,0,0,5,440,0,0,0,0,0
228669564,NODE_B0CBD8F33218,root,1,00:00:00:00:00:00,0,0,5,440,0,0,0,0,0
228769564,NODE_B0CBD8F33218,root,1,00:00:00:00:00:00,0,0,5,440,0,0,0,0,0
228869570,NODE_B0CBD8F33218,root,1,00:00:00:00:00:00,0,0,5,441,0,0,0,0,0
228969572,NODE_B0CBD8F33218,root,1,00:00:00:00:00:00,0,0,5,442,0,0,0,0,0
229069568,NODE_B0CBD8F33218,root,1,00:00:00:00:00:00,0,0,5,442,0,0,0,0,0
229169562,NODE_B0CBD8F33218,root,1,00:00:00:00:00:00,0,0,5,442,0,0,0,0,0
229269568,NODE_B0CBD8F33218,root,1,00:00:00:00:00:00,0,0,5,442,0,0,0,0,0
229369560,NODE_B0CBD8F33218,root,1,00:00:00:00:00:00,0,0,5,442,0,0,0,0,0
229469570,NODE_B0CBD8F33218,root,1,00:00:00:00:00:00,0,0,5,442,0,0,0,0,0
229569568,NODE_B0CBD8F33218,root,1,00:00:00:00:00:00,0,0,5,442,0,0,0,0,0
229669568,NODE_B0CBD8F33218,root,1,00:00:00:00:00:00,0,0,5,442,0,0,0,0,0
229769562,NODE_B0CBD8F33218,root,1,00:00:00:00:00:00,0,0,5,442,0,0,0,0,0
229869572,NODE_B0CBD8F33218,root,1,00:00:00:00:00:00,0,0,5,443,0,0,0,0,0
229969572,NODE_B0CBD8F33218,root,1,00:00:00:00:00:00,0,0,5,444,0,0,0,0,0
230069570,NODE_B0CBD8F33218,root,1,00:00:00:00:00:00,0,0,5,444,0,0,0,0,0
230169560,NODE_B0CBD8F33218,root,1,00:00:00:00:00:00,0,0,5,444,0,0,0,0,0
230269568,NODE_B0CBD8F33218,root,1,00:00:00:00:00:00,0,0,5,444,0,0,0,0,0
230369562,NODE_B0CBD8F33218,root,1,00:00:00:00:00:00,0,0,5,444,0,0,0,0,0
230469568,NODE_B0CBD8F33218,root,1,00:00:00:00:00:00,0,0,5,444,0,0,0,0,0
230569568,NODE_B0CBD8F33218,root,1,00:00:00:00:00:00,0,0,5,444,0,0,0,0,0
230669570,NODE_B0CBD8F33218,root,1,00:00:00:00:00:00,0,0,5,444,0,0,0,0,0
230769564,NODE_B0CBD8F33218,root,1,00:00:00:00:00:00,0,0,5,444,0,0,0,0,0
230869568,NODE_B0CBD8F33218,root,1,00:00:00:00:00:00,0,0,5,445,0,0,0,0,0
230969578,NODE_B0CBD8F33218,root,1,00:00:00:00:00:00,0,0,5,446,0,0,0,0,0
231069568,NODE_B0CBD8F33218,root,1,00:00:00:00:00:00,0,0,5,446,0,0,0,0,0
231169560,NODE_B0CBD8F33218,root,1,00:00:00:00:00:00,0,0,5,446,0,0,0,0,0
231269570,NODE_B0CBD8F33218,root,1,00:00:00:00:00:00,0,0,5,446,0,0,0,0,0
231369560,NODE_B0CBD8F33218,root,1,00:00:00:00:00:00,0,0,5,446,0,0,0,0,0
231469568,NODE_B0CBD8F33218,root,1,00:00:00:00:00:00,0,0,5,446,0,0,0,0,0
231569574,NODE_B0CBD8F33218,root,1,00:00:00:00:00:00,0,0,5,446,0,0,0,0,0
231669568,NODE_B0CBD8F33218,root,1,00:00:00:00:00:00,0,0,5,446,0,0,0,0,0
231769564,NODE_B0CBD8F33218,root,1,00:00:00:00:00:00,0,0,5,446,0,0,0,0,0
231869574,NODE_B0CBD8F33218,root,1,00:00:00:00:00:00,0,0,5,447,0,0,0,0,0
231969572,NODE_B0CBD8F33218,root,1,00:00:00:00:00:00,0,0,5,448,0,0,0,0,0
232069568,NODE_B0CBD8F33218,root,1,00:00:00:00:00:00,0,0,5,448,0,0,0,0,0
232169562,NODE_B0CBD8F33218,root,1,00:00:00:00:00:00,0,0,5,448,0,0,0,0,0
232269568,NODE_B0CBD8F33218,root,1,00:00:00:00:00:00,0,0,5,448,0,0,0,0,0
232369560,NODE_B0CBD8F33218,root,1,00:00:00:00:00:00,0,0,5,448,0,0,0,0,0
232469570,NODE_B0CBD8F33218,root,1,00:00:00:00:00:00,0,0,5,448,0,0,0,0,0
232569568,NODE_B0CBD8F33218,root,1,00:00:00:00:00:00,0,0,5,448,0,0,0,0,0
232669564,NODE_B0CBD8F33218,root,1,00:00:00:00:00:00,0,0,5,448,0,0,0,0,0
232769562,NODE_B0CBD8F33218,root,1,00:00:00:00:00:00,0,0,5,448,0,0,0,0,0
232869568,NODE_B0CBD8F33218,root,1,00:00:00:00:00:00,0,0,5,449,0,0,0,0,0
232969572,NODE_B0CBD8F33218,root,1,00:00:00:00:00:00,0,0,5,450,0,0,0,0,0
233069570,NODE_B0CBD8F33218,root,1,00:00:00:00:00:00,0,0,5,450,0,0,0,0,0
233169560,NODE_B0CBD8F33218,root,1,00:00:00:00:00:00,0,0,5,450,0,0,0,0,0
233269568,NODE_B0CBD8F33218,root,1,00:00:00:00:00:00,0,0,5,450,0,0,0,0,0
233369562,NODE_B0CBD8F33218,root,1,00:00:00:00:00:00,0,0,5,450,0,0,0,0,0
233469568,NODE_B0CBD8F33218,root,1,00:00:00:00:00:00,0,0,5,450,0,0,0,0,0
233569568,NODE_B0CBD8F33218,root,1,00:00:00:00:00:00,0,0,5,450,0,0,0,0,0
233669570,NODE_B0CBD8F33218,root,1,00:00:00:00:00:00,0,0,5,450,0,0,0,0,0
233769564,NODE_B0CBD8F33218,root,1,00:00:00:00:00:00,0,0,5,450,0,0,0,0,0
233869568,NODE_B0CBD8F33218,root,1,00:00:00:00:00:00,0,0,5,451,0,0,0,0,0
233969574,NODE_B0CBD8F33218,root,1,00:00:00:00:00:00,0,0,5,452,0,0,0,0,0
234069568,NODE_B0CBD8F33218,root,1,00:00:00:00:00:00,0,0,5,452,0,0,0,0,0
234169560,NODE_B0CBD8F33218,root,1,00:00:00:00:00:00,0,0,5,452,0,0,0,0,0
234269570,NODE_B0CBD8F33218,root,1,00:00:00:00:00:00,0,0,5,452,0,0,0,0,0
234369560,NODE_B0CBD8F33218,root,1,00:00:00:00:00:00,0,0,5,452,0,0,0,0,0
234469568,NODE_B0CBD8F33218,root,1,00:00:00:00:00:00,0,0,5,452,0,0,0,0,0
234569570,NODE_B0CBD8F33218,root,1,00:00:00:00:00:00,0,0,5,452,0,0,0,0,0
234669568,NODE_B0CBD8F33218,root,1,00:00:00:00:00:00,0,0,5,452,0,0,0,0,0
234769560,NODE_B0CBD8F33218,root,1,00:00:00:00:00:00,0,0,5,452,0,0,0,0,0
234869574,NODE_B0CBD8F33218,root,1,00:00:00:00:00:00,0,0,5,453,0,0,0,0,0
234969572,NODE_B0CBD8F33218,root,1,00:00:00:00:00:00,0,0,5,454,0,0,0,0,0
235069568,NODE_B0CBD8F33218,root,1,00:00:00:00:00:00,0,0,5,454,0,0,0,0,0
235169562,NODE_B0CBD8F33218,root,1,00:00:00:00:00:00,0,0,5,454,0,0,0,0,0
235269572,NODE_B0CBD8F33218,root,1,00:00:00:00:00:00,0,0,5,454,0,0,0,0,0
235369560,NODE_B0CBD8F33218,root,1,00:00:00:00:00:00,0,0,5,454,0,0,0,0,0
235469570,NODE_B0CBD8F33218,root,1,00:00:00:00:00:00,0,0,5,454,0,0,0,0,0
235569568,NODE_B0CBD8F33218,root,1,00:00:00:00:00:00,0,0,5,454,0,0,0,0,0
235669568,NODE_B0CBD8F33218,root,1,00:00:00:00:00:00,0,0,5,454,0,0,0,0,0
235769563,NODE_B0CBD8F33218,root,1,00:00:00:00:00:00,0,0,5,454,0,0,0,0,0
235869568,NODE_B0CBD8F33218,root,1,00:00:00:00:00:00,0,0,5,455,0,0,0,0,0
235969572,NODE_B0CBD8F33218,root,1,00:00:00:00:00:00,0,0,5,456,0,0,0,0,0
236069570,NODE_B0CBD8F33218,root,1,00:00:00:00:00:00,0,0,5,456,0,0,0,0,0
236169560,NODE_B0CBD8F33218,root,1,00:00:00:00:00:00,0,0,5,456,0,0,0,0,0
236269568,NODE_B0CBD8F33218,root,1,00:00:00:00:00:00,0,0,5,456,0,0,0,0,0
236369562,NODE_B0CBD8F33218,root,1,00:00:00:00:00:00,0,0,5,456,0,0,0,0,0
236469568,NODE_B0CBD8F33218,root,1,00:00:00:00:00:00,0,0,5,456,0,0,0,0,0
236569568,NODE_B0CBD8F33218,root,1,00:00:00:00:00:00,0,0,5,456,0,0,0,0,0
236669570,NODE_B0CBD8F33218,root,1,00:00:00:00:00:00,0,0,5,456,0,0,0,0,0
236769564,NODE_B0CBD8F33218,root,1,00:00:00:00:00:00,0,0,5,456,0,0,0,0,0
236869572,NODE_B0CBD8F33218,root,1,00:00:00:00:00:00,0,0,5,457,0,0,0,0,0
236969574,NODE_B0CBD8F33218,root,1,00:00:00:00:00:00,0,0,5,458,0,0,0,0,0
237069568,NODE_B0CBD8F33218,root,1,00:00:00:00:00:00,0,0,5,458,0,0,0,0,0
237169560,NODE_B0CBD8F33218,root,1,00:00:00:00:00:00,0,0,5,458,0,0,0,0,0
237269570,NODE_B0CBD8F33218,root,1,00:00:00:00:00:00,0,0,5,458,0,0,0,0,0
237369560,NODE_B0CBD8F33218,root,1,00:00:00:00:00:00,0,0,5,458,0,0,0,0,0
237469568,NODE_B0CBD8F33218,root,1,00:00:00:00:00:00,0,0,5,458,0,0,0,0,0
237569570,NODE_B0CBD8F33218,root,1,00:00:00:00:00:00,0,0,5,458,0,0,0,0,0
237669564,NODE_B0CBD8F33218,root,1,00:00:00:00:00:00,0,0,5,458,0,0,0,0,0
237769568,NODE_B0CBD8F33218,root,1,00:00:00:00:00:00,0,0,5,458,0,0,0,0,0
237869574,NODE_B0CBD8F33218,root,1,00:00:00:00:00:00,0,0,5,459,0,0,0,0,0
237969576,NODE_B0CBD8F33218,root,1,00:00:00:00:00:00,0,0,5,460,0,0,0,0,0
238069564,NODE_B0CBD8F33218,root,1,00:00:00:00:00:00,0,0,5,460,0,0,0,0,0
238169566,NODE_B0CBD8F33218,root,1,00:00:00:00:00:00,0,0,5,460,0,0,0,0,0
238269568,NODE_B0CBD8F33218,root,1,00:00:00:00:00:00,0,0,5,460,0,0,0,0,0
238369564,NODE_B0CBD8F33218,root,1,00:00:00:00:00:00,0,0,5,460,0,0,0,0,0
238469566,NODE_B0CBD8F33218,root,1,00:00:00:00:00:00,0,0,5,460,0,0,0,0,0
238569568,NODE_B0CBD8F33218,root,1,00:00:00:00:00:00,0,0,5,460,0,0,0,0,0
238669568,NODE_B0CBD8F33218,root,1,00:00:00:00:00:00,0,0,5,460,0,0,0,0,0
238769566,NODE_B0CBD8F33218,root,1,00:00:00:00:00:00,0,0,5,460,0,0,0,0,0
238869568,NODE_B0CBD8F33218,root,1,00:00:00:00:00:00,0,0,5,461,0,0,0,0,0
238969576,NODE_B0CBD8F33218,root,1,00:00:00:00:00:00,0,0,5,462,0,0,0,0,0
239069570,NODE_B0CBD8F33218,root,1,00:00:00:00:00:00,0,0,5,462,0,0,0,0,0
239169560,NODE_B0CBD8F33218,root,1,00:00:00:00:00:00,0,0,5,462,0,0,0,0,0
239269568,NODE_B0CBD8F33218,root,1,00:00:00:00:00:00,0,0,5,462,0,0,0,0,0
239369562,NODE_B0CBD8F33218,root,1,00:00:00:00:00:00,0,0,5,462,0,0,0,0,0
239469568,NODE_B0CBD8F33218,root,1,00:00:00:00:00:00,0,0,5,462,0,0,0,0,0
239569568,NODE_B0CBD8F33218,root,1,00:00:00:00:00:00,0,0,5,462,0,0,0,0,0
239669570,NODE_B0CBD8F33218,root,1,00:00:00:00:00:00,0,0,5,462,0,0,0,0,0
239769564,NODE_B0CBD8F33218,root,1,00:00:00:00:00:00,0,0,5,462,0,0,0,0,0
239869572,NODE_B0CBD8F33218,root,1,00:00:00:00:00:00,0,0,5,463,0,0,0,0,0
239969574,NODE_B0CBD8F33218,root,1,00:00:00:00:00:00,0,0,5,464,0,0,0,0,0
240069568,NODE_B0CBD8F33218,root,1,00:00:00:00:00:00,0,0,5,464,0,0,0,0,0
240169560,NODE_B0CBD8F33218,root,1,00:00:00:00:00:00,0,0,5,464,0,0,0,0,0
240269570,NODE_B0CBD8F33218,root,1,00:00:00:00:00:00,0,0,5,464,0,0,0,0,0
240369560,NODE_B0CBD8F33218,root,1,00:00:00:00:00:00,0,0,5,464,0,0,0,0,0
240469568,NODE_B0CBD8F33218,root,1,00:00:00:00:00:00,0,0,5,464,0,0,0,0,0
240569570,NODE_B0CBD8F33218,root,1,00:00:00:00:00:00,0,0,5,464,0,0,0,0,0
240669568,NODE_B0CBD8F33218,root,1,00:00:00:00:00:00,0,0,5,464,0,0,0,0,0
240769564,NODE_B0CBD8F33218,root,1,00:00:00:00:00:00,0,0,5,464,0,0,0,0,0
240869558,NODE_B0CBD8F33218,root,1,00:00:00:00:00:00,0,0,5,465,0,0,0,0,0
240969572,NODE_B0CBD8F33218,root,1,00:00:00:00:00:00,0,0,5,466,0,0,0,0,0
241069568,NODE_B0CBD8F33218,root,1,00:00:00:00:00:00,0,0,5,466,0,0,0,0,0
241169562,NODE_B0CBD8F33218,root,1,00:00:00:00:00:00,0,0,5,466,0,0,0,0,0
241269568,NODE_B0CBD8F33218,root,1,00:00:00:00:00:00,0,0,5,466,0,0,0,0,0
241369560,NODE_B0CBD8F33218,root,1,00:00:00:00:00:00,0,0,5,466,0,0,0,0,0
241469570,NODE_B0CBD8F33218,root,1,00:00:00:00:00:00,0,0,5,466,0,0,0,0,0
241569568,NODE_B0CBD8F33218,root,1,00:00:00:00:00:00,0,0,5,466,0,0,0,0,0
241669568,NODE_B0CBD8F33218,root,1,00:00:00:00:00:00,0,0,5,466,0,0,0,0,0
241769562,NODE_B0CBD8F33218,root,1,00:00:00:00:00:00,0,0,5,466,0,0,0,0,0
241869576,NODE_B0CBD8F33218,root,1,00:00:00:00:00:00,0,0,5,467,0,0,0,0,0
241969572,NODE_B0CBD8F33218,root,1,00:00:00:00:00:00,0,0,5,468,0,0,0,0,0
242069570,NODE_B0CBD8F33218,root,1,00:00:00:00:00:00,0,0,5,468,0,0,0,0,0
242169560,NODE_B0CBD8F33218,root,1,00:00:00:00:00:00,0,0,5,468,0,0,0,0,0
242269568,NODE_B0CBD8F33218,root,1,00:00:00:00:00:00,0,0,5,468,0,0,0,0,0
242369562,NODE_B0CBD8F33218,root,1,00:00:00:00:00:00,0,0,5,468,0,0,0,0,0
242469568,NODE_B0CBD8F33218,root,1,00:00:00:00:00:00,0,0,5,468,0,0,0,0,0
242569568,NODE_B0CBD8F33218,root,1,00:00:00:00:00:00,0,0,5,468,0,0,0,0,0
242669566,NODE_B0CBD8F33218,root,1,00:00:00:00:00:00,0,0,5,468,0,0,0,0,0
242769562,NODE_B0CBD8F33218,root,1,00:00:00:00:00:00,0,0,5,468,0,0,0,0,0
242869572,NODE_B0CBD8F33218,root,1,00:00:00:00:00:00,0,0,5,469,0,0,0,0,0
242969578,NODE_B0CBD8F33218,root,1,00:00:00:00:00:00,0,0,5,470,0,0,0,0,0
243069564,NODE_B0CBD8F33218,root,1,00:00:00:00:00:00,0,0,5,470,0,0,0,0,0
243169564,NODE_B0CBD8F33218,root,1,00:00:00:00:00:00,0,0,5,470,0,0,0,0,0
243269566,NODE_B0CBD8F33218,root,1,00:00:00:00:00:00,0,0,5,470,0,0,0,0,0
243369564,NODE_B0CBD8F33218,root,1,00:00:00:00:00:00,0,0,5,470,0,0,0,0,0
243469564,NODE_B0CBD8F33218,root,1,00:00:00:00:00:00,0,0,5,470,0,0,0,0,0
243569570,NODE_B0CBD8F33218,root,1,00:00:00:00:00:00,0,0,5,470,0,0,0,0,0
243669568,NODE_B0CBD8F33218,root,1,00:00:00:00:00:00,0,0,5,470,0,0,0,0,0
243769568,NODE_B0CBD8F33218,root,1,00:00:00:00:00:00,0,0,5,470,0,0,0,0,0
243869570,NODE_B0CBD8F33218,root,1,00:00:00:00:00:00,0,0,5,471,0,0,0,0,0
243969572,NODE_B0CBD8F33218,root,1,00:00:00:00:00:00,0,0,5,472,0,0,0,0,0
244069568,NODE_B0CBD8F33218,root,1,00:00:00:00:00:00,0,0,5,472,0,0,0,0,0
244169562,NODE_B0CBD8F33218,root,1,00:00:00:00:00:00,0,0,5,472,0,0,0,0,0
244269572,NODE_B0CBD8F33218,root,1,00:00:00:00:00:00,0,0,5,472,0,0,0,0,0
244369560,NODE_B0CBD8F33218,root,1,00:00:00:00:00:00,0,0,5,472,0,0,0,0,0
244469570,NODE_B0CBD8F33218,root,1,00:00:00:00:00:00,0,0,5,472,0,0,0,0,0
244569568,NODE_B0CBD8F33218,root,1,00:00:00:00:00:00,0,0,5,472,0,0,0,0,0
244669568,NODE_B0CBD8F33218,root,1,00:00:00:00:00:00,0,0,5,472,0,0,0,0,0
244769562,NODE_B0CBD8F33218,root,1,00:00:00:00:00:00,0,0,5,472,0,0,0,0,0
244869572,NODE_B0CBD8F33218,root,1,00:00:00:00:00:00,0,0,5,473,0,0,0,0,0
244969572,NODE_B0CBD8F33218,root,1,00:00:00:00:00:00,0,0,5,474,0,0,0,0,0
245069570,NODE_B0CBD8F33218,root,1,00:00:00:00:00:00,0,0,5,474,0,0,0,0,0
245169560,NODE_B0CBD8F33218,root,1,00:00:00:00:00:00,0,0,5,474,0,0,0,0,0
245269568,NODE_B0CBD8F33218,root,1,00:00:00:00:00:00,0,0,5,474,0,0,0,0,0
245369562,NODE_B0CBD8F33218,root,1,00:00:00:00:00:00,0,0,5,474,0,0,0,0,0
245469568,NODE_B0CBD8F33218,root,1,00:00:00:00:00:00,0,0,5,474,0,0,0,0,0
245569568,NODE_B0CBD8F33218,root,1,00:00:00:00:00:00,0,0,5,474,0,0,0,0,0
245669570,NODE_B0CBD8F33218,root,1,00:00:00:00:00:00,0,0,5,474,0,0,0,0,0
245769560,NODE_B0CBD8F33218,root,1,00:00:00:00:00:00,0,0,5,474,0,0,0,0,0
245869568,NODE_B0CBD8F33218,root,1,00:00:00:00:00:00,0,0,5,475,0,0,0,0,0
245969574,NODE_B0CBD8F33218,root,1,00:00:00:00:00:00,0,0,5,476,0,0,0,0,0
246069568,NODE_B0CBD8F33218,root,1,00:00:00:00:00:00,0,0,5,476,0,0,0,0,0
246169560,NODE_B0CBD8F33218,root,1,00:00:00:00:00:00,0,0,5,476,0,0,0,0,0
246269570,NODE_B0CBD8F33218,root,1,00:00:00:00:00:00,0,0,5,476,0,0,0,0,0
246369560,NODE_B0CBD8F33218,root,1,00:00:00:00:00:00,0,0,5,476,0,0,0,0,0
246469568,NODE_B0CBD8F33218,root,1,00:00:00:00:00:00,0,0,5,476,0,0,0,0,0
246569570,NODE_B0CBD8F33218,root,1,00:00:00:00:00:00,0,0,5,476,0,0,0,0,0
246669568,NODE_B0CBD8F33218,root,1,00:00:00:00:00:00,0,0,5,476,0,0,0,0,0
246769568,NODE_B0CBD8F33218,root,1,00:00:00:00:00:00,0,0,5,476,0,0,0,0,0
246869574,NODE_B0CBD8F33218,root,1,00:00:00:00:00:00,0,0,5,477,0,0,0,0,0
246969572,NODE_B0CBD8F33218,root,1,00:00:00:00:00:00,0,0,5,478,0,0,0,0,0
247069568,NODE_B0CBD8F33218,root,1,00:00:00:00:00:00,0,0,5,478,0,0,0,0,0
247169562,NODE_B0CBD8F33218,root,1,00:00:00:00:00:00,0,0,5,478,0,0,0,0,0
247269568,NODE_B0CBD8F33218,root,1,00:00:00:00:00:00,0,0,5,478,0,0,0,0,0
247369560,NODE_B0CBD8F33218,root,1,00:00:00:00:00:00,0,0,5,478,0,0,0,0,0
247469570,NODE_B0CBD8F33218,root,1,00:00:00:00:00:00,0,0,5,478,0,0,0,0,0
247569568,NODE_B0CBD8F33218,root,1,00:00:00:00:00:00,0,0,5,478,0,0,0,0,0
247669564,NODE_B0CBD8F33218,root,1,00:00:00:00:00:00,0,0,5,478,0,0,0,0,0
247769570,NODE_B0CBD8F33218,root,1,00:00:00:00:00:00,0,0,5,478,0,0,0,0,0
247869572,NODE_B0CBD8F33218,root,1,00:00:00:00:00:00,0,0,5,479,0,0,0,0,0
247969572,NODE_B0CBD8F33218,root,1,00:00:00:00:00:00,0,0,5,480,0,0,0,0,0
248069570,NODE_B0CBD8F33218,root,1,00:00:00:00:00:00,0,0,5,480,0,0,0,0,0
248169560,NODE_B0CBD8F33218,root,1,00:00:00:00:00:00,0,0,5,480,0,0,0,0,0
248269568,NODE_B0CBD8F33218,root,1,00:00:00:00:00:00,0,0,5,480,0,0,0,0,0
248369562,NODE_B0CBD8F33218,root,1,00:00:00:00:00:00,0,0,5,480,0,0,0,0,0
248469568,NODE_B0CBD8F33218,root,1,00:00:00:00:00:00,0,0,5,480,0,0,0,0,0
248569568,NODE_B0CBD8F33218,root,1,00:00:00:00:00:00,0,0,5,480,0,0,0,0,0
248669570,NODE_B0CBD8F33218,root,1,00:00:00:00:00:00,0,0,5,480,0,0,0,0,0
248769560,NODE_B0CBD8F33218,root,1,00:00:00:00:00:00,0,0,5,480,0,0,0,0,0
248869568,NODE_B0CBD8F33218,root,1,00:00:00:00:00:00,0,0,5,481,0,0,0,0,0
248969578,NODE_B0CBD8F33218,root,1,00:00:00:00:00:00,0,0,5,482,0,0,0,0,0
249069568,NODE_B0CBD8F33218,root,1,00:00:00:00:00:00,0,0,5,482,0,0,0,0,0
249169560,NODE_B0CBD8F33218,root,1,00:00:00:00:00:00,0,0,5,482,0,0,0,0,0
249269570,NODE_B0CBD8F33218,root,1,00:00:00:00:00:00,0,0,5,482,0,0,0,0,0
249369560,NODE_B0CBD8F33218,root,1,00:00:00:00:00:00,0,0,5,482,0,0,0,0,0
249469568,NODE_B0CBD8F33218,root,1,00:00:00:00:00:00,0,0,5,482,0,0,0,0,0
249569570,NODE_B0CBD8F33218,root,1,00:00:00:00:00:00,0,0,5,482,0,0,0,0,0
249669568,NODE_B0CBD8F33218,root,1,00:00:00:00:00:00,0,0,5,482,0,0,0,0,0
249769564,NODE_B0CBD8F33218,root,1,00:00:00:00:00:00,0,0,5,482,0,0,0,0,0
249869574,NODE_B0CBD8F33218,root,1,00:00:00:00:00:00,0,0,5,483,0,0,0,0,0
249969572,NODE_B0CBD8F33218,root,1,00:00:00:00:00:00,0,0,5,484,0,0,0,0,0
250069565,NODE_B0CBD8F33218,root,1,00:00:00:00:00:00,0,0,5,484,0,0,0,0,0
250169562,NODE_B0CBD8F33218,root,1,00:00:00:00:00:00,0,0,5,484,0,0,0,0,0
250269568,NODE_B0CBD8F33218,root,1,00:00:00:00:00:00,0,0,5,484,0,0,0,0,0
250369560,NODE_B0CBD8F33218,root,1,00:00:00:00:00:00,0,0,5,484,0,0,0,0,0
250469570,NODE_B0CBD8F33218,root,1,00:00:00:00:00:00,0,0,5,484,0,0,0,0,0
250569568,NODE_B0CBD8F33218,root,1,00:00:00:00:00:00,0,0,5,484,0,0,0,0,0
250669568,NODE_B0CBD8F33218,root,1,00:00:00:00:00:00,0,0,5,484,0,0,0,0,0
250769562,NODE_B0CBD8F33218,root,1,00:00:00:00:00:00,0,0,5,484,0,0,0,0,0
250869568,NODE_B0CBD8F33218,root,1,00:00:00:00:00:00,0,0,5,485,0,0,0,0,0
250969572,NODE_B0CBD8F33218,root,1,00:00:00:00:00:00,0,0,5,486,0,0,0,0,0
251069570,NODE_B0CBD8F33218,root,1,00:00:00:00:00:00,0,0,5,486,0,0,0,0,0
251169560,NODE_B0CBD8F33218,root,1,00:00:00:00:00:00,0,0,5,486,0,0,0,0,0
251269568,NODE_B0CBD8F33218,root,1,00:00:00:00:00:00,0,0,5,486,0,0,0,0,0
251369562,NODE_B0CBD8F33218,root,1,00:00:00:00:00:00,0,0,5,486,0,0,0,0,0
251469568,NODE_B0CBD8F33218,root,1,00:00:00:00:00:00,0,0,5,486,0,0,0,0,0
251569568,NODE_B0CBD8F33218,root,1,00:00:00:00:00:00,0,0,5,486,0,0,0,0,0
251669570,NODE_B0CBD8F33218,root,1,00:00:00:00:00:00,0,0,5,486,0,0,0,0,0
251769564,NODE_B0CBD8F33218,root,1,00:00:00:00:00:00,0,0,5,486,0,0,0,0,0
251869576,NODE_B0CBD8F33218,root,1,00:00:00:00:00:00,0,0,5,487,0,0,0,0,0
251969574,NODE_B0CBD8F33218,root,1,00:00:00:00:00:00,0,0,5,488,0,0,0,0,0
252069568,NODE_B0CBD8F33218,root,1,00:00:00:00:00:00,0,0,5,488,0,0,0,0,0
252169560,NODE_B0CBD8F33218,root,1,00:00:00:00:00:00,0,0,5,488,0,0,0,0,0
252269570,NODE_B0CBD8F33218,root,1,00:00:00:00:00:00,0,0,5,488,0,0,0,0,0
252369560,NODE_B0CBD8F33218,root,1,00:00:00:00:00:00,0,0,5,488,0,0,0,0,0
252469568,NODE_B0CBD8F33218,root,1,00:00:00:00:00:00,0,0,5,488,0,0,0,0,0
252569570,NODE_B0CBD8F33218,root,1,00:00:00:00:00:00,0,0,5,488,0,0,0,0,0
252669564,NODE_B0CBD8F33218,root,1,00:00:00:00:00:00,0,0,5,488,0,0,0,0,0
252769564,NODE_B0CBD8F33218,root,1,00:00:00:00:00:00,0,0,5,488,0,0,0,0,0
252869574,NODE_B0CBD8F33218,root,1,00:00:00:00:00:00,0,0,5,489,0,0,0,0,0
252969572,NODE_B0CBD8F33218,root,1,00:00:00:00:00:00,0,0,5,490,0,0,0,0,0
253069568,NODE_B0CBD8F33218,root,1,00:00:00:00:00:00,0,0,5,490,0,0,0,0,0
253169562,NODE_B0CBD8F33218,root,1,00:00:00:00:00:00,0,0,5,490,0,0,0,0,0
253269568,NODE_B0CBD8F33218,root,1,00:00:00:00:00:00,0,0,5,490,0,0,0,0,0
253369560,NODE_B0CBD8F33218,root,1,00:00:00:00:00:00,0,0,5,490,0,0,0,0,0
253469570,NODE_B0CBD8F33218,root,1,00:00:00:00:00:00,0,0,5,490,0,0,0,0,0
253569568,NODE_B0CBD8F33218,root,1,00:00:00:00:00:00,0,0,5,490,0,0,0,0,0
253669568,NODE_B0CBD8F33218,root,1,00:00:00:00:00:00,0,0,5,490,0,0,0,0,0
253769562,NODE_B0CBD8F33218,root,1,00:00:00:00:00:00,0,0,5,490,0,0,0,0,0
253869568,NODE_B0CBD8F33218,root,1,00:00:00:00:00:00,0,0,5,491,0,0,0,0,0
253969572,NODE_B0CBD8F33218,root,1,00:00:00:00:00:00,0,0,5,492,0,0,0,0,0
254069570,NODE_B0CBD8F33218,root,1,00:00:00:00:00:00,0,0,5,492,0,0,0,0,0
254169564,NODE_B0CBD8F33218,root,1,00:00:00:00:00:00,0,0,5,492,0,0,0,0,0
254269568,NODE_B0CBD8F33218,root,1,00:00:00:00:00:00,0,0,5,492,0,0,0,0,0
254369562,NODE_B0CBD8F33218,root,1,00:00:00:00:00:00,0,0,5,492,0,0,0,0,0
254469568,NODE_B0CBD8F33218,root,1,00:00:00:00:00:00,0,0,5,492,0,0,0,0,0
254569568,NODE_B0CBD8F33218,root,1,00:00:00:00:00:00,0,0,5,492,0,0,0,0,0
254669570,NODE_B0CBD8F33218,root,1,00:00:00:00:00:00,0,0,5,492,0,0,0,0,0
254769568,NODE_B0CBD8F33218,root,1,00:00:00:00:00:00,0,0,5,492,0,0,0,0,0
254869572,NODE_B0CBD8F33218,root,1,00:00:00:00:00:00,0,0,5,493,0,0,0,0,0
254969574,NODE_B0CBD8F33218,root,1,00:00:00:00:00:00,0,0,5,494,0,0,0,0,0
255069568,NODE_B0CBD8F33218,root,1,00:00:00:00:00:00,0,0,5,494,0,0,0,0,0
255169564,NODE_B0CBD8F33218,root,1,00:00:00:00:00:00,0,0,5,494,0,0,0,0,0
255269570,NODE_B0CBD8F33218,root,1,00:00:00:00:00:00,0,0,5,494,0,0,0,0,0
255369560,NODE_B0CBD8F33218,root,1,00:00:00:00:00:00,0,0,5,494,0,0,0,0,0
255469568,NODE_B0CBD8F33218,root,1,00:00:00:00:00:00,0,0,5,494,0,0,0,0,0
255569570,NODE_B0CBD8F33218,root,1,00:00:00:00:00:00,0,0,5,494,0,0,0,0,0
255669568,NODE_B0CBD8F33218,root,1,00:00:00:00:00:00,0,0,5,494,0,0,0,0,0
255769568,NODE_B0CBD8F33218,root,1,00:00:00:00:00:00,0,0,5,494,0,0,0,0,0
255869570,NODE_B0CBD8F33218,root,1,00:00:00:00:00:00,0,0,5,495,0,0,0,0,0
255969572,NODE_B0CBD8F33218,root,1,00:00:00:00:00:00,0,0,5,496,0,0,0,0,0
256069568,NODE_B0CBD8F33218,root,1,00:00:00:00:00:00,0,0,5,496,0,0,0,0,0
256169566,NODE_B0CBD8F33218,root,1,00:00:00:00:00:00,0,0,5,496,0,0,0,0,0
256269572,NODE_B0CBD8F33218,root,1,00:00:00:00:00:00,0,0,5,496,0,0,0,0,0
256369560,NODE_B0CBD8F33218,root,1,00:00:00:00:00:00,0,0,5,496,0,0,0,0,0
256469570,NODE_B0CBD8F33218,root,1,00:00:00:00:00:00,0,0,5,496,0,0,0,0,0
256569568,NODE_B0CBD8F33218,root,1,00:00:00:00:00:00,0,0,5,496,0,0,0,0,0
256669568,NODE_B0CBD8F33218,root,1,00:00:00:00:00:00,0,0,5,496,0,0,0,0,0
256769562,NODE_B0CBD8F33218,root,1,00:00:00:00:00:00,0,0,5,496,0,0,0,0,0
256869572,NODE_B0CBD8F33218,root,1,00:00:00:00:00:00,0,0,5,497,0,0,0,0,0
256969572,NODE_B0CBD8F33218,root,1,00:00:00:00:00:00,0,0,5,498,0,0,0,0,0
257069562,NODE_B0CBD8F33218,root,1,00:00:00:00:00:00,0,0,5,498,0,0,0,0,0
257169560,NODE_B0CBD8F33218,root,1,00:00:00:00:00:00,0,0,5,498,0,0,0,0,0
257269569,NODE_B0CBD8F33218,root,1,00:00:00:00:00:00,0,0,5,498,0,0,0,0,0
257369562,NODE_B0CBD8F33218,root,1,00:00:00:00:00:00,0,0,5,498,0,0,0,0,0
257469568,NODE_B0CBD8F33218,root,1,00:00:00:00:00:00,0,0,5,498,0,0,0,0,0
257569568,NODE_B0CBD8F33218,root,1,00:00:00:00:00:00,0,0,5,498,0,0,0,0,0
257669566,NODE_B0CBD8F33218,root,1,00:00:00:00:00:00,0,0,5,498,0,0,0,0,0
257769560,NODE_B0CBD8F33218,root,1,00:00:00:00:00:00,0,0,5,498,0,0,0,0,0
257869572,NODE_B0CBD8F33218,root,1,00:00:00:00:00:00,0,0,5,499,0,0,0,0,0
257969574,NODE_B0CBD8F33218,root,1,00:00:00:00:00:00,0,0,5,500,0,0,0,0,0
258069568,NODE_B0CBD8F33218,root,1,00:00:00:00:00:00,0,0,5,500,0,0,0,0,0
258169560,NODE_B0CBD8F33218,root,1,00:00:00:00:00:00,0,0,5,500,0,0,0,0,0
258269570,NODE_B0CBD8F33218,root,1,00:00:00:00:00:00,0,0,5,500,0,0,0,0,0
258369560,NODE_B0CBD8F33218,root,1,00:00:00:00:00:00,0,0,5,500,0,0,0,0,0
258469568,NODE_B0CBD8F33218,root,1,00:00:00:00:00:00,0,0,5,500,0,0,0,0,0
258569570,NODE_B0CBD8F33218,root,1,00:00:00:00:00:00,0,0,5,500,0,0,0,0,0
258669568,NODE_B0CBD8F33218,root,1,00:00:00:00:00:00,0,0,5,500,0,0,0,0,0
258769568,NODE_B0CBD8F33218,root,1,00:00:00:00:00:00,0,0,5,500,0,0,0,0,0
258869570,NODE_B0CBD8F33218,root,1,00:00:00:00:00:00,0,0,5,501,0,0,0,0,0
258969572,NODE_B0CBD8F33218,root,1,00:00:00:00:00:00,0,0,5,502,0,0,0,0,0
259069568,NODE_B0CBD8F33218,root,1,00:00:00:00:00:00,0,0,5,502,0,0,0,0,0
259169562,NODE_B0CBD8F33218,root,1,00:00:00:00:00:00,0,0,5,502,0,0,0,0,0
259269572,NODE_B0CBD8F33218,root,1,00:00:00:00:00:00,0,0,5,502,0,0,0,0,0
259369560,NODE_B0CBD8F33218,root,1,00:00:00:00:00:00,0,0,5,502,0,0,0,0,0
259469570,NODE_B0CBD8F33218,root,1,00:00:00:00:00:00,0,0,5,502,0,0,0,0,0
259569568,NODE_B0CBD8F33218,root,1,00:00:00:00:00:00,0,0,5,502,0,0,0,0,0
259669568,NODE_B0CBD8F33218,root,1,00:00:00:00:00:00,0,0,5,502,0,0,0,0,0
259769562,NODE_B0CBD8F33218,root,1,00:00:00:00:00:00,0,0,5,502,0,0,0,0,0
259869572,NODE_B0CBD8F33218,root,1,00:00:00:00:00:00,0,0,5,503,0,0,0,0,0
259969572,NODE_B0CBD8F33218,root,1,00:00:00:00:00:00,0,0,5,504,0,0,0,0,0
260069570,NODE_B0CBD8F33218,root,1,00:00:00:00:00:00,0,0,5,504,0,0,0,0,0
260169560,NODE_B0CBD8F33218,root,1,00:00:00:00:00:00,0,0,5,504,0,0,0,0,0
260269568,NODE_B0CBD8F33218,root,1,00:00:00:00:00:00,0,0,5,504,0,0,0,0,0
260369562,NODE_B0CBD8F33218,root,1,00:00:00:00:00:00,0,0,5,504,0,0,0,0,0
260469568,NODE_B0CBD8F33218,root,1,00:00:00:00:00:00,0,0,5,504,0,0,0,0,0
260569568,NODE_B0CBD8F33218,root,1,00:00:00:00:00:00,0,0,5,504,0,0,0,0,0
260669570,NODE_B0CBD8F33218,root,1,00:00:00:00:00:00,0,0,5,504,0,0,0,0,0
260769560,NODE_B0CBD8F33218,root,1,00:00:00:00:00:00,0,0,5,504,0,0,0,0,0
260869568,NODE_B0CBD8F33218,root,1,00:00:00:00:00:00,0,0,5,505,0,0,0,0,0
260969574,NODE_B0CBD8F33218,root,1,00:00:00:00:00:00,0,0,5,506,0,0,0,0,0
261069568,NODE_B0CBD8F33218,root,1,00:00:00:00:00:00,0,0,5,506,0,0,0,0,0
261169560,NODE_B0CBD8F33218,root,1,00:00:00:00:00:00,0,0,5,506,0,0,0,0,0
261269570,NODE_B0CBD8F33218,root,1,00:00:00:00:00:00,0,0,5,506,0,0,0,0,0
261369560,NODE_B0CBD8F33218,root,1,00:00:00:00:00:00,0,0,5,506,0,0,0,0,0
261469568,NODE_B0CBD8F33218,root,1,00:00:00:00:00:00,0,0,5,506,0,0,0,0,0
261569570,NODE_B0CBD8F33218,root,1,00:00:00:00:00:00,0,0,5,506,0,0,0,0,0
261669568,NODE_B0CBD8F33218,root,1,00:00:00:00:00:00,0,0,5,506,0,0,0,0,0
261769564,NODE_B0CBD8F33218,root,1,00:00:00:00:00:00,0,0,5,506,0,0,0,0,0
261869574,NODE_B0CBD8F33218,root,1,00:00:00:00:00:00,0,0,5,507,0,0,0,0,0
261969576,NODE_B0CBD8F33218,root,1,00:00:00:00:00:00,0,0,5,508,0,0,0,0,0
262069568,NODE_B0CBD8F33218,root,1,00:00:00:00:00:00,0,0,5,508,0,0,0,0,0
262169562,NODE_B0CBD8F33218,root,1,00:00:00:00:00:00,0,0,5,508,0,0,0,0,0
262269568,NODE_B0CBD8F33218,root,1,00:00:00:00:00:00,0,0,5,508,0,0,0,0,0
262369560,NODE_B0CBD8F33218,root,1,00:00:00:00:00:00,0,0,5,508,0,0,0,0,0
262469570,NODE_B0CBD8F33218,root,1,00:00:00:00:00:00,0,0,5,508,0,0,0,0,0
262569568,NODE_B0CBD8F33218,root,1,00:00:00:00:00:00,0,0,5,508,0,0,0,0,0
262669564,NODE_B0CBD8F33218,root,1,00:00:00:00:00:00,0,0,5,508,0,0,0,0,0
262769562,NODE_B0CBD8F33218,root,1,00:00:00:00:00:00,0,0,5,508,0,0,0,0,0
262869774,NODE_B0CBD8F33218,root,1,00:00:00:00:00:00,0,0,5,509,0,0,0,0,0
262969572,NODE_B0CBD8F33218,root,1,00:00:00:00:00:00,0,0,5,510,0,0,0,0,0
263069570,NODE_B0CBD8F33218,root,1,00:00:00:00:00:00,0,0,5,510,0,0,0,0,0
263169560,NODE_B0CBD8F33218,root,1,00:00:00:00:00:00,0,0,5,510,0,0,0,0,0
263269568,NODE_B0CBD8F33218,root,1,00:00:00:00:00:00,0,0,5,510,0,0,0,0,0
263369566,NODE_B0CBD8F33218,root,1,00:00:00:00:00:00,0,0,5,510,0,0,0,0,0
263469568,NODE_B0CBD8F33218,root,1,00:00:00:00:00:00,0,0,5,510,0,0,0,0,0
263569568,NODE_B0CBD8F33218,root,1,00:00:00:00:00:00,0,0,5,510,0,0,0,0,0
263669570,NODE_B0CBD8F33218,root,1,00:00:00:00:00:00,0,0,5,510,0,0,0,0,0
263769560,NODE_B0CBD8F33218,root,1,00:00:00:00:00:00,0,0,5,510,0,0,0,0,0
263869568,NODE_B0CBD8F33218,root,1,00:00:00:00:00:00,0,0,5,511,0,0,0,0,0
263969574,NODE_B0CBD8F33218,root,1,00:00:00:00:00:00,0,0,5,512,0,0,0,0,0
264069568,NODE_B0CBD8F33218,root,1,00:00:00:00:00:00,0,0,5,512,0,0,0,0,0
264169560,NODE_B0CBD8F33218,root,1,00:00:00:00:00:00,0,0,5,512,0,0,0,0,0
264269570,NODE_B0CBD8F33218,root,1,00:00:00:00:00:00,0,0,5,512,0,0,0,0,0
264369556,NODE_B0CBD8F33218,root,1,00:00:00:00:00:00,0,0,5,512,0,0,0,0,0
264469568,NODE_B0CBD8F33218,root,1,00:00:00:00:00:00,0,0,5,512,0,0,0,0,0
264569570,NODE_B0CBD8F33218,root,1,00:00:00:00:00:00,0,0,5,512,0,0,0,0,0
264669568,NODE_B0CBD8F33218,root,1,00:00:00:00:00:00,0,0,5,512,0,0,0,0,0
264769564,NODE_B0CBD8F33218,root,1,00:00:00:00:00:00,0,0,5,512,0,0,0,0,0
264869930,NODE_B0CBD8F33218,root,1,00:00:00:00:00:00,0,0,5,513,0,0,0,0,0
264969572,NODE_B0CBD8F33218,root,1,00:00:00:00:00:00,0,0,5,514,0,0,0,0,0
265069568,NODE_B0CBD8F33218,root,1,00:00:00:00:00:00,0,0,5,514,0,0,0,0,0
265169562,NODE_B0CBD8F33218,root,1,00:00:00:00:00:00,0,0,5,514,0,0,0,0,0
265269568,NODE_B0CBD8F33218,root,1,00:00:00:00:00:00,0,0,5,514,0,0,0,0,0
265369560,NODE_B0CBD8F33218,root,1,00:00:00:00:00:00,0,0,5,514,0,0,0,0,0
265469570,NODE_B0CBD8F33218,root,1,00:00:00:00:00:00,0,0,5,514,0,0,0,0,0
265569568,NODE_B0CBD8F33218,root,1,00:00:00:00:00:00,0,0,5,514,0,0,0,0,0
265669568,NODE_B0CBD8F33218,root,1,00:00:00:00:00:00,0,0,5,514,0,0,0,0,0
265769566,NODE_B0CBD8F33218,root,1,00:00:00:00:00:00,0,0,5,514,0,0,0,0,0
265869568,NODE_B0CBD8F33218,root,1,00:00:00:00:00:00,0,0,5,515,0,0,0,0,0
265969572,NODE_B0CBD8F33218,root,1,00:00:00:00:00:00,0,0,5,516,0,0,0,0,0
266069566,NODE_B0CBD8F33218,root,1,00:00:00:00:00:00,0,0,5,516,0,0,0,0,0
266169560,NODE_B0CBD8F33218,root,1,00:00:00:00:00:00,0,0,5,516,0,0,0,0,0
266269568,NODE_B0CBD8F33218,root,1,00:00:00:00:00:00,0,0,5,516,0,0,0,0,0
266369566,NODE_B0CBD8F33218,root,1,00:00:00:00:00:00,0,0,5,516,0,0,0,0,0
266469560,NODE_B0CBD8F33218,root,1,00:00:00:00:00:00,0,0,5,516,0,0,0,0,0
266569568,NODE_B0CBD8F33218,root,1,00:00:00:00:00:00,0,0,5,516,0,0,0,0,0
266669570,NODE_B0CBD8F33218,root,1,00:00:00:00:00:00,0,0,5,516,0,0,0,0,0
266769560,NODE_B0CBD8F33218,root,1,00:00:00:00:00:00,0,0,5,516,0,0,0,0,0
266869778,NODE_B0CBD8F33218,root,1,00:00:00:00:00:00,0,0,5,517,0,0,0,0,0
266969578,NODE_B0CBD8F33218,root,1,00:00:00:00:00:00,0,0,5,518,0,0,0,0,0
267069568,NODE_B0CBD8F33218,root,1,00:00:00:00:00:00,0,0,5,518,0,0,0,0,0
267169560,NODE_B0CBD8F33218,root,1,00:00:00:00:00:00,0,0,5,518,0,0,0,0,0
267269570,NODE_B0CBD8F33218,root,1,00:00:00:00:00:00,0,0,5,518,0,0,0,0,0
267369560,NODE_B0CBD8F33218,root,1,00:00:00:00:00:00,0,0,5,518,0,0,0,0,0
267469568,NODE_B0CBD8F33218,root,1,00:00:00:00:00:00,0,0,5,518,0,0,0,0,0
267569570,NODE_B0CBD8F33218,root,1,00:00:00:00:00:00,0,0,5,518,0,0,0,0,0
267669564,NODE_B0CBD8F33218,root,1,00:00:00:00:00:00,0,0,5,518,0,0,0,0,0
267769564,NODE_B0CBD8F33218,root,1,00:00:00:00:00:00,0,0,5,518,0,0,0,0,0
267869747,NODE_B0CBD8F33218,root,1,00:00:00:00:00:00,0,0,5,519,0,0,0,0,0
267969568,NODE_B0CBD8F33218,root,1,00:00:00:00:00:00,0,0,5,520,0,0,0,0,0
268069564,NODE_B0CBD8F33218,root,1,00:00:00:00:00:00,0,0,5,520,0,0,0,0,0
268169562,NODE_B0CBD8F33218,root,1,00:00:00:00:00:00,0,0,5,520,0,0,0,0,0
268269564,NODE_B0CBD8F33218,root,1,00:00:00:00:00:00,0,0,5,520,0,0,0,0,0
268369560,NODE_B0CBD8F33218,root,1,00:00:00:00:00:00,0,0,5,520,0,0,0,0,0
268469570,NODE_B0CBD8F33218,root,1,00:00:00:00:00:00,0,0,5,520,0,0,0,0,0
268569564,NODE_B0CBD8F33218,root,1,00:00:00:00:00:00,0,0,5,520,0,0,0,0,0
268669564,NODE_B0CBD8F33218,root,1,00:00:00:00:00:00,0,0,5,520,0,0,0,0,0
268769566,NODE_B0CBD8F33218,root,1,00:00:00:00:00:00,0,0,5,520,0,0,0,0,0
268869568,NODE_B0CBD8F33218,root,1,00:00:00:00:00:00,0,0,5,521,0,0,0,0,0
268969572,NODE_B0CBD8F33218,root,1,00:00:00:00:00:00,0,0,5,522,0,0,0,0,0
269069570,NODE_B0CBD8F33218,root,1,00:00:00:00:00:00,0,0,5,522,0,0,0,0,0
269169560,NODE_B0CBD8F33218,root,1,00:00:00:00:00:00,0,0,5,522,0,0,0,0,0
269269568,NODE_B0CBD8F33218,root,1,00:00:00:00:00:00,0,0,5,522,0,0,0,0,0
269369562,NODE_B0CBD8F33218,root,1,00:00:00:00:00:00,0,0,5,522,0,0,0,0,0
269469568,NODE_B0CBD8F33218,root,1,00:00:00:00:00:00,0,0,5,522,0,0,0,0,0
269569568,NODE_B0CBD8F33218,root,1,00:00:00:00:00:00,0,0,5,522,0,0,0,0,0
269669570,NODE_B0CBD8F33218,root,1,00:00:00:00:00:00,0,0,5,522,0,0,0,0,0
269769560,NODE_B0CBD8F33218,root,1,00:00:00:00:00:00,0,0,5,522,0,0,0,0,0
269869937,NODE_B0CBD8F33218,root,1,00:00:00:00:00:00,0,0,5,523,0,0,0,0,0
269969570,NODE_B0CBD8F33218,root,1,00:00:00:00:00:00,0,0,5,524,0,0,0,0,0
270069564,NODE_B0CBD8F33218,root,1,00:00:00:00:00:00,0,0,5,524,0,0,0,0,0
270169560,NODE_B0CBD8F33218,root,1,00:00:00:00:00:00,0,0,5,524,0,0,0,0,0
270269566,NODE_B0CBD8F33218,root,1,00:00:00:00:00:00,0,0,5,524,0,0,0,0,0
270369560,NODE_B0CBD8F33218,root,1,00:00:00:00:00:00,0,0,5,524,0,0,0,0,0
270469564,NODE_B0CBD8F33218,root,1,00:00:00:00:00:00,0,0,5,524,0,0,0,0,0
270569566,NODE_B0CBD8F33218,root,1,00:00:00:00:00:00,0,0,5,524,0,0,0,0,0
270669568,NODE_B0CBD8F33218,root,1,00:00:00:00:00:00,0,0,5,524,0,0,0,0,0
270769564,NODE_B0CBD8F33218,root,1,00:00:00:00:00:00,0,0,5,524,0,0,0,0,0
270869570,NODE_B0CBD8F33218,root,1,00:00:00:00:00:00,0,0,5,525,0,0,0,0,0
270969572,NODE_B0CBD8F33218,root,1,00:00:00:00:00:00,0,0,5,526,0,0,0,0,0
271069568,NODE_B0CBD8F33218,root,1,00:00:00:00:00:00,0,0,5,526,0,0,0,0,0
271169562,NODE_B0CBD8F33218,root,1,00:00:00:00:00:00,0,0,5,526,0,0,0,0,0
271269568,NODE_B0CBD8F33218,root,1,00:00:00:00:00:00,0,0,5,526,0,0,0,0,0
271369564,NODE_B0CBD8F33218,root,1,00:00:00:00:00:00,0,0,5,526,0,0,0,0,0
271469570,NODE_B0CBD8F33218,root,1,00:00:00:00:00:00,0,0,5,526,0,0,0,0,0
271569572,NODE_B0CBD8F33218,root,1,00:00:00:00:00:00,0,0,5,526,0,0,0,0,0
271669568,NODE_B0CBD8F33218,root,1,00:00:00:00:00:00,0,0,5,526,0,0,0,0,0
271769562,NODE_B0CBD8F33218,root,1,00:00:00:00:00:00,0,0,5,526,0,0,0,0,0
271869791,NODE_B0CBD8F33218,root,1,00:00:00:00:00:00,0,0,5,527,0,0,0,0,0
271969576,NODE_B0CBD8F33218,root,1,00:00:00:00:00:00,0,0,5,528,0,0,0,0,0
272069566,NODE_B0CBD8F33218,root,1,00:00:00:00:00:00,0,0,5,528,0,0,0,0,0
272169560,NODE_B0CBD8F33218,root,1,00:00:00:00:00:00,0,0,5,528,0,0,0,0,0
272269568,NODE_B0CBD8F33218,root,1,00:00:00:00:00:00,0,0,5,528,0,0,0,0,0
272369562,NODE_B0CBD8F33218,root,1,00:00:00:00:00:00,0,0,5,528,0,0,0,0,0
272469568,NODE_B0CBD8F33218,root,1,00:00:00:00:00:00,0,0,5,528,0,0,0,0,0
272569568,NODE_B0CBD8F33218,root,1,00:00:00:00:00:00,0,0,5,528,0,0,0,0,0
272669566,NODE_B0CBD8F33218,root,1,00:00:00:00:00:00,0,0,5,528,0,0,0,0,0
272769564,NODE_B0CBD8F33218,root,1,00:00:00:00:00:00,0,0,5,528,0,0,0,0,0
272869572,NODE_B0CBD8F33218,root,1,00:00:00:00:00:00,0,0,5,529,0,0,0,0,0
272969574,NODE_B0CBD8F33218,root,1,00:00:00:00:00:00,0,0,5,530,0,0,0,0,0
273069568,NODE_B0CBD8F33218,root,1,00:00:00:00:00:00,0,0,5,530,0,0,0,0,0
273169560,NODE_B0CBD8F33218,root,1,00:00:00:00:00:00,0,0,5,530,0,0,0,0,0
273269570,NODE_B0CBD8F33218,root,1,00:00:00:00:00:00,0,0,5,530,0,0,0,0,0
273369560,NODE_B0CBD8F33218,root,1,00:00:00:00:00:00,0,0,5,530,0,0,0,0,0
273469568,NODE_B0CBD8F33218,root,1,00:00:00:00:00:00,0,0,5,530,0,0,0,0,0
273569574,NODE_B0CBD8F33218,root,1,00:00:00:00:00:00,0,0,5,530,0,0,0,0,0
273669568,NODE_B0CBD8F33218,root,1,00:00:00:00:00:00,0,0,5,530,0,0,0,0,0
273769564,NODE_B0CBD8F33218,root,1,00:00:00:00:00:00,0,0,5,530,0,0,0,0,0
273869570,NODE_B0CBD8F33218,root,1,00:00:00:00:00:00,0,0,5,531,0,0,0,0,0
273969572,NODE_B0CBD8F33218,root,1,00:00:00:00:00:00,0,0,5,532,0,0,0,0,0
274069564,NODE_B0CBD8F33218,root,1,00:00:00:00:00:00,0,0,5,532,0,0,0,0,0
274169562,NODE_B0CBD8F33218,root,1,00:00:00:00:00:00,0,0,5,532,0,0,0,0,0
274269568,NODE_B0CBD8F33218,root,1,00:00:00:00:00:00,0,0,5,532,0,0,0,0,0
274369560,NODE_B0CBD8F33218,root,1,00:00:00:00:00:00,0,0,5,532,0,0,0,0,0
274469570,NODE_B0CBD8F33218,root,1,00:00:00:00:00:00,0,0,5,532,0,0,0,0,0
274569568,NODE_B0CBD8F33218,root,1,00:00:00:00:00:00,0,0,5,532,0,0,0,0,0
274669568,NODE_B0CBD8F33218,root,1,00:00:00:00:00:00,0,0,5,532,0,0,0,0,0
274769562,NODE_B0CBD8F33218,root,1,00:00:00:00:00:00,0,0,5,532,0,0,0,0,0
274869936,NODE_B0CBD8F33218,root,1,00:00:00:00:00:00,0,0,5,533,0,0,0,0,0
274969573,NODE_B0CBD8F33218,root,1,00:00:00:00:00:00,0,0,5,534,0,0,0,0,0
275069570,NODE_B0CBD8F33218,root,1,00:00:00:00:00:00,0,0,5,534,0,0,0,0,0
275169560,NODE_B0CBD8F33218,root,1,00:00:00:00:00:00,0,0,5,534,0,0,0,0,0
275269568,NODE_B0CBD8F33218,root,1,00:00:00:00:00:00,0,0,5,534,0,0,0,0,0
275369562,NODE_B0CBD8F33218,root,1,00:00:00:00:00:00,0,0,5,534,0,0,0,0,0
275469568,NODE_B0CBD8F33218,root,1,00:00:00:00:00:00,0,0,5,534,0,0,0,0,0
275569568,NODE_B0CBD8F33218,root,1,00:00:00:00:00:00,0,0,5,534,0,0,0,0,0
275669570,NODE_B0CBD8F33218,root,1,00:00:00:00:00:00,0,0,5,534,0,0,0,0,0
275769564,NODE_B0CBD8F33218,root,1,00:00:00:00:00:00,0,0,5,534,0,0,0,0,0
275869568,NODE_B0CBD8F33218,root,1,00:00:00:00:00:00,0,0,5,535,0,0,0,0,0
275969574,NODE_B0CBD8F33218,root,1,00:00:00:00:00:00,0,0,5,536,0,0,0,0,0
276069564,NODE_B0CBD8F33218,root,1,00:00:00:00:00:00,0,0,5,536,0,0,0,0,0
276169560,NODE_B0CBD8F33218,root,1,00:00:00:00:00:00,0,0,5,536,0,0,0,0,0
276269570,NODE_B0CBD8F33218,root,1,00:00:00:00:00:00,0,0,5,536,0,0,0,0,0
276369560,NODE_B0CBD8F33218,root,1,00:00:00:00:00:00,0,0,5,536,0,0,0,0,0
276469568,NODE_B0CBD8F33218,root,1,00:00:00:00:00:00,0,0,5,536,0,0,0,0,0
276569570,NODE_B0CBD8F33218,root,1,00:00:00:00:00:00,0,0,5,536,0,0,0,0,0
276669568,NODE_B0CBD8F33218,root,1,00:00:00:00:00:00,0,0,5,536,0,0,0,0,0
276769560,NODE_B0CBD8F33218,root,1,00:00:00:00:00:00,0,0,5,536,0,0,0,0,0
276869574,NODE_B0CBD8F33218,root,1,00:00:00:00:00:00,0,0,5,537,0,0,0,0,0
276969576,NODE_B0CBD8F33218,root,1,00:00:00:00:00:00,0,0,5,538,0,0,0,0,0
277069568,NODE_B0CBD8F33218,root,1,00:00:00:00:00:00,0,0,5,538,0,0,0,0,0
277169562,NODE_B0CBD8F33218,root,1,00:00:00:00:00:00,0,0,5,538,0,0,0,0,0
277269568,NODE_B0CBD8F33218,root,1,00:00:00:00:00:00,0,0,5,538,0,0,0,0,0
277369560,NODE_B0CBD8F33218,root,1,00:00:00:00:00:00,0,0,5,538,0,0,0,0,0
277469570,NODE_B0CBD8F33218,root,1,00:00:00:00:00:00,0,0,5,538,0,0,0,0,0
277569568,NODE_B0CBD8F33218,root,1,00:00:00:00:00:00,0,0,5,538,0,0,0,0,0
277669564,NODE_B0CBD8F33218,root,1,00:00:00:00:00:00,0,0,5,538,0,0,0,0,0
277769562,NODE_B0CBD8F33218,root,1,00:00:00:00:00:00,0,0,5,538,0,0,0,0,0
277869800,NODE_B0CBD8F33218,root,1,00:00:00:00:00:00,0,0,5,539,0,0,0,0,0
277969568,NODE_B0CBD8F33218,root,1,00:00:00:00:00:00,0,0,5,540,0,0,0,0,0
278069562,NODE_B0CBD8F33218,root,1,00:00:00:00:00:00,0,0,5,540,0,0,0,0,0
278169560,NODE_B0CBD8F33218,root,1,00:00:00:00:00:00,0,0,5,540,0,0,0,0,0
278269564,NODE_B0CBD8F33218,root,1,00:00:00:00:00:00,0,0,5,540,0,0,0,0,0
278369562,NODE_B0CBD8F33218,root,1,00:00:00:00:00:00,0,0,5,540,0,0,0,0,0
278469564,NODE_B0CBD8F33218,root,1,00:00:00:00:00:00,0,0,5,540,0,0,0,0,0
278569564,NODE_B0CBD8F33218,root,1,00:00:00:00:00:00,0,0,5,540,0,0,0,0,0
278669566,NODE_B0CBD8F33218,root,1,00:00:00:00:00:00,0,0,5,540,0,0,0,0,0
278769560,NODE_B0CBD8F33218,root,1,00:00:00:00:00:00,0,0,5,540,0,0,0,0,0
278869564,NODE_B0CBD8F33218,root,1,00:00:00:00:00:00,0,0,5,541,0,0,0,0,0
278969570,NODE_B0CBD8F33218,root,1,00:00:00:00:00:00,0,0,5,542,0,0,0,0,0
279069564,NODE_B0CBD8F33218,root,1,00:00:00:00:00:00,0,0,5,542,0,0,0,0,0
279169560,NODE_B0CBD8F33218,root,1,00:00:00:00:00:00,0,0,5,542,0,0,0,0,0
279269566,NODE_B0CBD8F33218,root,1,00:00:00:00:00:00,0,0,5,542,0,0,0,0,0
279369560,NODE_B0CBD8F33218,root,1,00:00:00:00:00:00,0,0,5,542,0,0,0,0,0
279469564,NODE_B0CBD8F33218,root,1,00:00:00:00:00:00,0,0,5,542,0,0,0,0,0
279569566,NODE_B0CBD8F33218,root,1,00:00:00:00:00:00,0,0,5,542,0,0,0,0,0
279669564,NODE_B0CBD8F33218,root,1,00:00:00:00:00:00,0,0,5,542,0,0,0,0,0
279769564,NODE_B0CBD8F33218,root,1,00:00:00:00:00:00,0,0,5,542,0,0,0,0,0
279869922,NODE_B0CBD8F33218,root,1,00:00:00:00:00:00,0,0,5,543,0,0,0,0,0
279969576,NODE_B0CBD8F33218,root,1,00:00:00:00:00:00,0,0,5,544,0,0,0,0,0
280069564,NODE_B0CBD8F33218,root,1,00:00:00:00:00:00,0,0,5,544,0,0,0,0,0
280169562,NODE_B0CBD8F33218,root,1,00:00:00:00:00:00,0,0,5,544,0,0,0,0,0
280269568,NODE_B0CBD8F33218,root,1,00:00:00:00:00:00,0,0,5,544,0,0,0,0,0
280369560,NODE_B0CBD8F33218,root,1,00:00:00:00:00:00,0,0,5,544,0,0,0,0,0
280469570,NODE_B0CBD8F33218,root,1,00:00:00:00:00:00,0,0,5,544,0,0,0,0,0
280569568,NODE_B0CBD8F33218,root,1,00:00:00:00:00:00,0,0,5,544,0,0,0,0,0
280669568,NODE_B0CBD8F33218,root,1,00:00:00:00:00:00,0,0,5,544,0,0,0,0,0
280769566,NODE_B0CBD8F33218,root,1,00:00:00:00:00:00,0,0,5,544,0,0,0,0,0
280869568,NODE_B0CBD8F33218,root,1,00:00:00:00:00:00,0,0,5,545,0,0,0,0,0
280969928,NODE_B0CBD8F33218,root,1,00:00:00:00:00:00,0,0,5,546,0,0,0,0,0
281069566,NODE_B0CBD8F33218,root,1,00:00:00:00:00:00,0,0,5,546,0,0,0,0,0
281169560,NODE_B0CBD8F33218,root,1,00:00:00:00:00:00,0,0,5,546,0,0,0,0,0
281269568,NODE_B0CBD8F33218,root,1,00:00:00:00:00:00,0,0,5,546,0,0,0,0,0
281369562,NODE_B0CBD8F33218,root,1,00:00:00:00:00:00,0,0,5,546,0,0,0,0,0
281469568,NODE_B0CBD8F33218,root,1,00:00:00:00:00:00,0,0,5,546,0,0,0,0,0
281569568,NODE_B0CBD8F33218,root,1,00:00:00:00:00:00,0,0,5,546,0,0,0,0,0
281669570,NODE_B0CBD8F33218,root,1,00:00:00:00:00:00,0,0,5,546,0,0,0,0,0
281769564,NODE_B0CBD8F33218,root,1,00:00:00:00:00:00,0,0,5,546,0,0,0,0,0
281869572,NODE_B0CBD8F33218,root,1,00:00:00:00:00:00,0,0,5,547,0,0,0,0,0
281969906,NODE_B0CBD8F33218,root,1,00:00:00:00:00:00,0,0,5,548,0,0,0,0,0
282069564,NODE_B0CBD8F33218,root,1,00:00:00:00:00:00,0,0,5,548,0,0,0,0,0
282169560,NODE_B0CBD8F33218,root,1,00:00:00:00:00:00,0,0,5,548,0,0,0,0,0
282269570,NODE_B0CBD8F33218,root,1,00:00:00:00:00:00,0,0,5,548,0,0,0,0,0
282369560,NODE_B0CBD8F33218,root,1,00:00:00:00:00:00,0,0,5,548,0,0,0,0,0
282469568,NODE_B0CBD8F33218,root,1,00:00:00:00:00:00,0,0,5,548,0,0,0,0,0
282569570,NODE_B0CBD8F33218,root,1,00:00:00:00:00:00,0,0,5,548,0,0,0,0,0
282669564,NODE_B0CBD8F33218,root,1,00:00:00:00:00:00,0,0,5,548,0,0,0,0,0
282769564,NODE_B0CBD8F33218,root,1,00:00:00:00:00:00,0,0,5,548,0,0,0,0,0
282869578,NODE_B0CBD8F33218,root,1,00:00:00:00:00:00,0,0,5,549,0,0,0,0,0
282969921,NODE_B0CBD8F33218,root,1,00:00:00:00:00:00,0,0,5,550,0,0,0,0,0
283069564,NODE_B0CBD8F33218,root,1,00:00:00:00:00:00,0,0,5,550,0,0,0,0,0
283169562,NODE_B0CBD8F33218,root,1,00:00:00:00:00:00,0,0,5,550,0,0,0,0,0
283269568,NODE_B0CBD8F33218,root,1,00:00:00:00:00:00,0,0,5,550,0,0,0,0,0
283369560,NODE_B0CBD8F33218,root,1,00:00:00:00:00:00,0,0,5,550,0,0,0,0,0
283469570,NODE_B0CBD8F33218,root,1,00:00:00:00:00:00,0,0,5,550,0,0,0,0,0
283569568,NODE_B0CBD8F33218,root,1,00:00:00:00:00:00,0,0,5,550,0,0,0,0,0
283669564,NODE_B0CBD8F33218,root,1,00:00:00:00:00:00,0,0,5,550,0,0,0,0,0
283769562,NODE_B0CBD8F33218,root,1,00:00:00:00:00:00,0,0,5,550,0,0,0,0,0
283869568,NODE_B0CBD8F33218,root,1,00:00:00:00:00:00,0,0,5,551,0,0,0,0,0
283969850,NODE_B0CBD8F33218,root,1,00:00:00:00:00:00,0,0,5,552,0,0,0,0,0
284069566,NODE_B0CBD8F33218,root,1,00:00:00:00:00:00,0,0,5,552,0,0,0,0,0
284169560,NODE_B0CBD8F33218,root,1,00:00:00:00:00:00,0,0,5,552,0,0,0,0,0
284269568,NODE_B0CBD8F33218,root,1,00:00:00:00:00:00,0,0,5,552,0,0,0,0,0
284369562,NODE_B0CBD8F33218,root,1,00:00:00:00:00:00,0,0,5,552,0,0,0,0,0
284469568,NODE_B0CBD8F33218,root,1,00:00:00:00:00:00,0,0,5,552,0,0,0,0,0
284569568,NODE_B0CBD8F33218,root,1,00:00:00:00:00:00,0,0,5,552,0,0,0,0,0
284669570,NODE_B0CBD8F33218,root,1,00:00:00:00:00:00,0,0,5,552,0,0,0,0,0
284769560,NODE_B0CBD8F33218,root,1,00:00:00:00:00:00,0,0,5,552,0,0,0,0,0
284869920,NODE_B0CBD8F33218,root,1,00:00:00:00:00:00,0,0,5,553,0,0,0,0,0
284969861,NODE_B0CBD8F33218,root,1,00:00:00:00:00:00,0,0,5,554,0,0,0,0,0
285069568,NODE_B0CBD8F33218,root,1,00:00:00:00:00:00,0,0,5,554,0,0,0,0,0
285169560,NODE_B0CBD8F33218,root,1,00:00:00:00:00:00,0,0,5,554,0,0,0,0,0
285269566,NODE_B0CBD8F33218,root,1,00:00:00:00:00:00,0,0,5,554,0,0,0,0,0
285369561,NODE_B0CBD8F33218,root,1,00:00:00:00:00:00,0,0,5,554,0,0,0,0,0
285469564,NODE_B0CBD8F33218,root,1,00:00:00:00:00:00,0,0,5,554,0,0,0,0,0
285569566,NODE_B0CBD8F33218,root,1,00:00:00:00:00:00,0,0,5,554,0,0,0,0,0
285669572,NODE_B0CBD8F33218,root,1,00:00:00:00:00:00,0,0,5,554,0,0,0,0,0
285769564,NODE_B0CBD8F33218,root,1,00:00:00:00:00:00,0,0,5,554,0,0,0,0,0
285869570,NODE_B0CBD8F33218,root,1,00:00:00:00:00:00,0,0,5,555,0,0,0,0,0
285969937,NODE_B0CBD8F33218,root,1,00:00:00:00:00:00,0,0,5,556,0,0,0,0,0
286069564,NODE_B0CBD8F33218,root,1,00:00:00:00:00:00,0,0,5,556,0,0,0,0,0
286169562,NODE_B0CBD8F33218,root,1,00:00:00:00:00:00,0,0,5,556,0,0,0,0,0
286269568,NODE_B0CBD8F33218,root,1,00:00:00:00:00:00,0,0,5,556,0,0,0,0,0
286369560,NODE_B0CBD8F33218,root,1,00:00:00:00:00:00,0,0,5,556,0,0,0,0,0
286469570,NODE_B0CBD8F33218,root,1,00:00:00:00:00:00,0,0,5,556,0,0,0,0,0
286569568,NODE_B0CBD8F33218,root,1,00:00:00:00:00:00,0,0,5,556,0,0,0,0,0
286669568,NODE_B0CBD8F33218,root,1,00:00:00:00:00:00,0,0,5,556,0,0,0,0,0
286769566,NODE_B0CBD8F33218,root,1,00:00:00:00:00:00,0,0,5,556,0,0,0,0,0
286869572,NODE_B0CBD8F33218,root,1,00:00:00:00:00:00,0,0,5,557,0,0,0,0,0
286969921,NODE_B0CBD8F33218,root,1,00:00:00:00:00:00,0,0,5,558,0,0,0,0,0
287069566,NODE_B0CBD8F33218,root,1,00:00:00:00:00:00,0,0,5,558,0,0,0,0,0
287169560,NODE_B0CBD8F33218,root,1,00:00:00:00:00:00,0,0,5,558,0,0,0,0,0
287269568,NODE_B0CBD8F33218,root,1,00:00:00:00:00:00,0,0,5,558,0,0,0,0,0
287369562,NODE_B0CBD8F33218,root,1,00:00:00:00:00:00,0,0,5,558,0,0,0,0,0
287469568,NODE_B0CBD8F33218,root,1,00:00:00:00:00:00,0,0,5,558,0,0,0,0,0
287569568,NODE_B0CBD8F33218,root,1,00:00:00:00:00:00,0,0,5,558,0,0,0,0,0
287669566,NODE_B0CBD8F33218,root,1,00:00:00:00:00:00,0,0,5,558,0,0,0,0,0
287769560,NODE_B0CBD8F33218,root,1,00:00:00:00:00:00,0,0,5,558,0,0,0,0,0
287869576,NODE_B0CBD8F33218,root,1,00:00:00:00:00:00,0,0,5,559,0,0,0,0,0
287969650,NODE_B0CBD8F33218,root,1,00:00:00:00:00:00,0,0,5,560,0,0,0,0,0
288069564,NODE_B0CBD8F33218,root,1,00:00:00:00:00:00,0,0,5,560,0,0,0,0,0
288169560,NODE_B0CBD8F33218,root,1,00:00:00:00:00:00,0,0,5,560,0,0,0,0,0
288269566,NODE_B0CBD8F33218,root,1,00:00:00:00:00:00,0,0,5,560,0,0,0,0,0
288369560,NODE_B0CBD8F33218,root,1,00:00:00:00:00:00,0,0,5,560,0,0,0,0,0
288469564,NODE_B0CBD8F33218,root,1,00:00:00:00:00:00,0,0,5,560,0,0,0,0,0
288569566,NODE_B0CBD8F33218,root,1,00:00:00:00:00:00,0,0,5,560,0,0,0,0,0
288669564,NODE_B0CBD8F33218,root,1,00:00:00:00:00:00,0,0,5,560,0,0,0,0,0
288769564,NODE_B0CBD8F33218,root,1,00:00:00:00:00:00,0,0,5,560,0,0,0,0,0
288869570,NODE_B0CBD8F33218,root,1,00:00:00:00:00:00,0,0,5,561,0,0,0,0,0
288969860,NODE_B0CBD8F33218,root,1,00:00:00:00:00:00,0,0,5,562,0,0,0,0,0
289069564,NODE_B0CBD8F33218,root,1,00:00:00:00:00:00,0,0,5,562,0,0,0,0,0
289169562,NODE_B0CBD8F33218,root,1,00:00:00:00:00:00,0,0,5,562,0,0,0,0,0
289269564,NODE_B0CBD8F33218,root,1,00:00:00:00:00:00,0,0,5,562,0,0,0,0,0
289369560,NODE_B0CBD8F33218,root,1,00:00:00:00:00:00,0,0,5,562,0,0,0,0,0
289469566,NODE_B0CBD8F33218,root,1,00:00:00:00:00:00,0,0,5,562,0,0,0,0,0
289569564,NODE_B0CBD8F33218,root,1,00:00:00:00:00:00,0,0,5,562,0,0,0,0,0
289669564,NODE_B0CBD8F33218,root,1,00:00:00:00:00:00,0,0,5,562,0,0,0,0,0
289769566,NODE_B0CBD8F33218,root,1,00:00:00:00:00:00,0,0,5,562,0,0,0,0,0
289869568,NODE_B0CBD8F33218,root,1,00:00:00:00:00:00,0,0,5,563,0,0,0,0,0
289969601,NODE_B0CBD8F33218,root,1,00:00:00:00:00:00,0,0,5,564,0,0,0,0,0
290069574,NODE_B0CBD8F33218,root,1,00:00:00:00:00:00,0,0,5,564,0,0,0,0,0
290169560,NODE_B0CBD8F33218,root,1,00:00:00:00:00:00,0,0,5,564,0,0,0,0,0
290269564,NODE_B0CBD8F33218,root,1,00:00:00:00:00:00,0,0,5,564,0,0,0,0,0
290369562,NODE_B0CBD8F33218,root,1,00:00:00:00:00:00,0,0,5,564,0,0,0,0,0
290469564,NODE_B0CBD8F33218,root,1,00:00:00:00:00:00,0,0,5,564,0,0,0,0,0
290569564,NODE_B0CBD8F33218,root,1,00:00:00:00:00:00,0,0,5,564,0,0,0,0,0
290669566,NODE_B0CBD8F33218,root,1,00:00:00:00:00:00,0,0,5,564,0,0,0,0,0
290769560,NODE_B0CBD8F33218,root,1,00:00:00:00:00:00,0,0,5,564,0,0,0,0,0
290869568,NODE_B0CBD8F33218,root,1,00:00:00:00:00:00,0,0,5,565,0,0,0,0,0
290969705,NODE_B0CBD8F33218,root,1,00:00:00:00:00:00,0,0,5,566,0,0,0,0,0
291069564,NODE_B0CBD8F33218,root,1,00:00:00:00:00:00,0,0,5,566,0,0,0,0,0
291169560,NODE_B0CBD8F33218,root,1,00:00:00:00:00:00,0,0,5,566,0,0,0,0,0
291269566,NODE_B0CBD8F33218,root,1,00:00:00:00:00:00,0,0,5,566,0,0,0,0,0
291369560,NODE_B0CBD8F33218,root,1,00:00:00:00:00:00,0,0,5,566,0,0,0,0,0
291469564,NODE_B0CBD8F33218,root,1,00:00:00:00:00:00,0,0,5,566,0,0,0,0,0
291569566,NODE_B0CBD8F33218,root,1,00:00:00:00:00:00,0,0,5,566,0,0,0,0,0
291669564,NODE_B0CBD8F33218,root,1,00:00:00:00:00:00,0,0,5,566,0,0,0,0,0
291769564,NODE_B0CBD8F33218,root,1,00:00:00:00:00:00,0,0,5,566,0,0,0,0,0
291869570,NODE_B0CBD8F33218,root,1,00:00:00:00:00:00,0,0,5,567,0,0,0,0,0
291969564,NODE_B0CBD8F33218,root,1,00:00:00:00:00:00,0,0,5,567,0,0,0,0,0
292069564,NODE_B0CBD8F33218,root,1,00:00:00:00:00:00,0,0,5,568,0,0,0,0,0
292169562,NODE_B0CBD8F33218,root,1,00:00:00:00:00:00,0,0,5,568,0,0,0,0,0
292269564,NODE_B0CBD8F33218,root,1,00:00:00:00:00:00,0,0,5,568,0,0,0,0,0
292369560,NODE_B0CBD8F33218,root,1,00:00:00:00:00:00,0,0,5,568,0,0,0,0,0
292469566,NODE_B0CBD8F33218,root,1,00:00:00:00:00:00,0,0,5,568,0,0,0,0,0
292569564,NODE_B0CBD8F33218,root,1,00:00:00:00:00:00,0,0,5,568,0,0,0,0,0
292669564,NODE_B0CBD8F33218,root,1,00:00:00:00:00:00,0,0,5,568,0,0,0,0,0
292769562,NODE_B0CBD8F33218,root,1,00:00:00:00:00:00,0,0,5,568,0,0,0,0,0
292869572,NODE_B0CBD8F33218,root,1,00:00:00:00:00:00,0,0,5,569,0,0,0,0,0
292969805,NODE_B0CBD8F33218,root,1,00:00:00:00:00:00,0,0,5,570,0,0,0,0,0
293069570,NODE_B0CBD8F33218,root,1,00:00:00:00:00:00,0,0,5,570,0,0,0,0,0
293169560,NODE_B0CBD8F33218,root,1,00:00:00:00:00:00,0,0,5,570,0,0,0,0,0
293269568,NODE_B0CBD8F33218,root,1,00:00:00:00:00:00,0,0,5,570,0,0,0,0,0
293369562,NODE_B0CBD8F33218,root,1,00:00:00:00:00:00,0,0,5,570,0,0,0,0,0
293469568,NODE_B0CBD8F33218,root,1,00:00:00:00:00:00,0,0,5,570,0,0,0,0,0
293569568,NODE_B0CBD8F33218,root,1,00:00:00:00:00:00,0,0,5,570,0,0,0,0,0
293669570,NODE_B0CBD8F33218,root,1,00:00:00:00:00:00,0,0,5,570,0,0,0,0,0
293769564,NODE_B0CBD8F33218,root,1,00:00:00:00:00:00,0,0,5,570,0,0,0,0,0
293869568,NODE_B0CBD8F33218,root,1,00:00:00:00:00:00,0,0,5,571,0,0,0,0,0
293969899,NODE_B0CBD8F33218,root,1,00:00:00:00:00:00,0,0,5,572,0,0,0,0,0
294069568,NODE_B0CBD8F33218,root,1,00:00:00:00:00:00,0,0,5,572,0,0,0,0,0
294169560,NODE_B0CBD8F33218,root,1,00:00:00:00:00:00,0,0,5,572,0,0,0,0,0
294269570,NODE_B0CBD8F33218,root,1,00:00:00:00:00:00,0,0,5,572,0,0,0,0,0
294369560,NODE_B0CBD8F33218,root,1,00:00:00:00:00:00,0,0,5,572,0,0,0,0,0
294469568,NODE_B0CBD8F33218,root,1,00:00:00:00:00:00,0,0,5,572,0,0,0,0,0
294569570,NODE_B0CBD8F33218,root,1,00:00:00:00:00:00,0,0,5,572,0,0,0,0,0
294669568,NODE_B0CBD8F33218,root,1,00:00:00:00:00:00,0,0,5,572,0,0,0,0,0
294769564,NODE_B0CBD8F33218,root,1,00:00:00:00:00:00,0,0,5,572,0,0,0,0,0
294869574,NODE_B0CBD8F33218,root,1,00:00:00:00:00:00,0,0,5,573,0,0,0,0,0
294969897,NODE_B0CBD8F33218,root,1,00:00:00:00:00:00,0,0,5,574,0,0,0,0,0
295069572,NODE_B0CBD8F33218,root,1,00:00:00:00:00:00,0,0,5,574,0,0,0,0,0
295169562,NODE_B0CBD8F33218,root,1,00:00:00:00:00:00,0,0,5,574,0,0,0,0,0
295269568,NODE_B0CBD8F33218,root,1,00:00:00:00:00:00,0,0,5,574,0,0,0,0,0
295369560,NODE_B0CBD8F33218,root,1,00:00:00:00:00:00,0,0,5,574,0,0,0,0,0
295469570,NODE_B0CBD8F33218,root,1,00:00:00:00:00:00,0,0,5,574,0,0,0,0,0
295569568,NODE_B0CBD8F33218,root,1,00:00:00:00:00:00,0,0,5,574,0,0,0,0,0
295669568,NODE_B0CBD8F33218,root,1,00:00:00:00:00:00,0,0,5,574,0,0,0,0,0
295769562,NODE_B0CBD8F33218,root,1,00:00:00:00:00:00,0,0,5,574,0,0,0,0,0
295869568,NODE_B0CBD8F33218,root,1,00:00:00:00:00:00,0,0,5,575,0,0,0,0,0
295969769,NODE_B0CBD8F33218,root,1,00:00:00:00:00:00,0,0,5,576,0,0,0,0,0
296069566,NODE_B0CBD8F33218,root,1,00:00:00:00:00:00,0,0,5,576,0,0,0,0,0
296169560,NODE_B0CBD8F33218,root,1,00:00:00:00:00:00,0,0,5,576,0,0,0,0,0
296269568,NODE_B0CBD8F33218,root,1,00:00:00:00:00:00,0,0,5,576,0,0,0,0,0
296369562,NODE_B0CBD8F33218,root,1,00:00:00:00:00:00,0,0,5,576,0,0,0,0,0
296469568,NODE_B0CBD8F33218,root,1,00:00:00:00:00:00,0,0,5,576,0,0,0,0,0
296569568,NODE_B0CBD8F33218,root,1,00:00:00:00:00:00,0,0,5,576,0,0,0,0,0
296669570,NODE_B0CBD8F33218,root,1,00:00:00:00:00:00,0,0,5,576,0,0,0,0,0
296769564,NODE_B0CBD8F33218,root,1,00:00:00:00:00:00,0,0,5,576,0,0,0,0,0
296869572,NODE_B0CBD8F33218,root,1,00:00:00:00:00:00,0,0,5,577,0,0,0,0,0
296969566,NODE_B0CBD8F33218,root,1,00:00:00:00:00:00,0,0,5,577,0,0,0,0,0
297069572,NODE_B0CBD8F33218,root,1,00:00:00:00:00:00,0,0,5,578,0,0,0,0,0
297169564,NODE_B0CBD8F33218,root,1,00:00:00:00:00:00,0,0,5,578,0,0,0,0,0
297269570,NODE_B0CBD8F33218,root,1,00:00:00:00:00:00,0,0,5,578,0,0,0,0,0
297369561,NODE_B0CBD8F33218,root,1,00:00:00:00:00:00,0,0,5,578,0,0,0,0,0
297469568,NODE_B0CBD8F33218,root,1,00:00:00:00:00:00,0,0,5,578,0,0,0,0,0
297569570,NODE_B0CBD8F33218,root,1,00:00:00:00:00:00,0,0,5,578,0,0,0,0,0
297669564,NODE_B0CBD8F33218,root,1,00:00:00:00:00:00,0,0,5,578,0,0,0,0,0
297769564,NODE_B0CBD8F33218,root,1,00:00:00:00:00:00,0,0,5,578,0,0,0,0,0
297869903,NODE_B0CBD8F33218,root,1,00:00:00:00:00:00,0,0,5,579,0,0,0,0,0
297969564,NODE_B0CBD8F33218,root,1,00:00:00:00:00:00,0,0,5,579,0,0,0,0,0
298069564,NODE_B0CBD8F33218,root,1,00:00:00:00:00:00,0,0,5,580,0,0,0,0,0
298169566,NODE_B0CBD8F33218,root,1,00:00:00:00:00:00,0,0,5,580,0,0,0,0,0
298269564,NODE_B0CBD8F33218,root,1,00:00:00:00:00:00,0,0,5,580,0,0,0,0,0
298369560,NODE_B0CBD8F33218,root,1,00:00:00:00:00:00,0,0,5,580,0,0,0,0,0
298469566,NODE_B0CBD8F33218,root,1,00:00:00:00:00:00,0,0,5,580,0,0,0,0,0
298569564,NODE_B0CBD8F33218,root,1,00:00:00:00:00:00,0,0,5,580,0,0,0,0,0
298669564,NODE_B0CBD8F33218,root,1,00:00:00:00:00:00,0,0,5,580,0,0,0,0,0
298769562,NODE_B0CBD8F33218,root,1,00:00:00:00:00:00,0,0,5,580,0,0,0,0,0
298869568,NODE_B0CBD8F33218,root,1,00:00:00:00:00:00,0,0,5,581,0,0,0,0,0
298969556,NODE_B0CBD8F33218,root,1,00:00:00:00:00:00,0,0,5,581,0,0,0,0,0
299069566,NODE_B0CBD8F33218,root,1,00:00:00:00:00:00,0,0,5,582,0,0,0,0,0
299169564,NODE_B0CBD8F33218,root,1,00:00:00:00:00:00,0,0,5,582,0,0,0,0,0
299269564,NODE_B0CBD8F33218,root,1,00:00:00:00:00:00,0,0,5,582,0,0,0,0,0
299369562,NODE_B0CBD8F33218,root,1,00:00:00:00:00:00,0,0,5,582,0,0,0,0,0
299469564,NODE_B0CBD8F33218,root,1,00:00:00:00:00:00,0,0,5,582,0,0,0,0,0
299569564,NODE_B0CBD8F33218,root,1,00:00:00:00:00:00,0,0,5,582,0,0,0,0,0
299669566,NODE_B0CBD8F33218,root,1,00:00:00:00:00:00,0,0,5,582,0,0,0,0,0
299769560,NODE_B0CBD8F33218,root,1,00:00:00:00:00:00,0,0,5,582,0,0,0,0,0
299869568,NODE_B0CBD8F33218,root,1,00:00:00:00:00:00,0,0,5,583,0,0,0,0,0
299969570,NODE_B0CBD8F33218,root,1,00:00:00:00:00:00,0,0,5,583,0,0,0,0,0
300069576,NODE_B0CBD8F33218,root,1,00:00:00:00:00:00,0,0,5,584,0,0,0,0,0
300169564,NODE_B0CBD8F33218,root,1,00:00:00:00:00:00,0,0,5,584,0,0,0,0,0
300269570,NODE_B0CBD8F33218,root,1,00:00:00:00:00:00,0,0,5,584,0,0,0,0,0
300369560,NODE_B0CBD8F33218,root,1,00:00:00:00:00:00,0,0,5,584,0,0,0,0,0
300469568,NODE_B0CBD8F33218,root,1,00:00:00:00:00:00,0,0,5,584,0,0,0,0,0
300569570,NODE_B0CBD8F33218,root,1,00:00:00:00:00:00,0,0,5,584,0,0,0,0,0
300669568,NODE_B0CBD8F33218,root,1,00:00:00:00:00:00,0,0,5,584,0,0,0,0,0
300769564,NODE_B0CBD8F33218,root,1,00:00:00:00:00:00,0,0,5,584,0,0,0,0,0
300869570,NODE_B0CBD8F33218,root,1,00:00:00:00:00:00,0,0,5,585,0,0,0,0,0
300969560,NODE_B0CBD8F33218,root,1,00:00:00:00:00:00,0,0,5,585,0,0,0,0,0
301069568,NODE_B0CBD8F33218,root,1,00:00:00:00:00:00,0,0,5,586,0,0,0,0,0
301169562,NODE_B0CBD8F33218,root,1,00:00:00:00:00:00,0,0,5,586,0,0,0,0,0
301269572,NODE_B0CBD8F33218,root,1,00:00:00:00:00:00,0,0,5,586,0,0,0,0,0
301369560,NODE_B0CBD8F33218,root,1,00:00:00:00:00:00,0,0,5,586,0,0,0,0,0
301469570,NODE_B0CBD8F33218,root,1,00:00:00:00:00:00,0,0,5,586,0,0,0,0,0
301569568,NODE_B0CBD8F33218,root,1,00:00:00:00:00:00,0,0,5,586,0,0,0,0,0
301669568,NODE_B0CBD8F33218,root,1,00:00:00:00:00:00,0,0,5,586,0,0,0,0,0
301769562,NODE_B0CBD8F33218,root,1,00:00:00:00:00:00,0,0,5,586,0,0,0,0,0
301869572,NODE_B0CBD8F33218,root,1,00:00:00:00:00:00,0,0,5,587,0,0,0,0,0
301969568,NODE_B0CBD8F33218,root,1,00:00:00:00:00:00,0,0,5,587,0,0,0,0,0
302069570,NODE_B0CBD8F33218,root,1,00:00:00:00:00:00,0,0,5,588,0,0,0,0,0
302169560,NODE_B0CBD8F33218,root,1,00:00:00:00:00:00,0,0,5,588,0,0,0,0,0
302269568,NODE_B0CBD8F33218,root,1,00:00:00:00:00:00,0,0,5,588,0,0,0,0,0
302369562,NODE_B0CBD8F33218,root,1,00:00:00:00:00:00,0,0,5,588,0,0,0,0,0
302469568,NODE_B0CBD8F33218,root,1,00:00:00:00:00:00,0,0,5,588,0,0,0,0,0
302569568,NODE_B0CBD8F33218,root,1,00:00:00:00:00:00,0,0,5,588,0,0,0,0,0
302669566,NODE_B0CBD8F33218,root,1,00:00:00:00:00:00,0,0,5,588,0,0,0,0,0
302769560,NODE_B0CBD8F33218,root,1,00:00:00:00:00:00,0,0,5,588,0,0,0,0,0
302869896,NODE_B0CBD8F33218,root,1,00:00:00:00:00:00,0,0,5,589,0,0,0,0,0
302969570,NODE_B0CBD8F33218,root,1,00:00:00:00:00:00,0,0,5,589,0,0,0,0,0
303069576,NODE_B0CBD8F33218,root,1,00:00:00:00:00:00,0,0,5,590,0,0,0,0,0
303169560,NODE_B0CBD8F33218,root,1,00:00:00:00:00:00,0,0,5,590,0,0,0,0,0
303269570,NODE_B0CBD8F33218,root,1,00:00:00:00:00:00,0,0,5,590,0,0,0,0,0
303369560,NODE_B0CBD8F33218,root,1,00:00:00:00:00:00,0,0,5,590,0,0,0,0,0
303469568,NODE_B0CBD8F33218,root,1,00:00:00:00:00:00,0,0,5,590,0,0,0,0,0
303569566,NODE_B0CBD8F33218,root,1,00:00:00:00:00:00,0,0,5,590,0,0,0,0,0
303669568,NODE_B0CBD8F33218,root,1,00:00:00:00:00:00,0,0,5,590,0,0,0,0,0
303769564,NODE_B0CBD8F33218,root,1,00:00:00:00:00:00,0,0,5,590,0,0,0,0,0
303869570,NODE_B0CBD8F33218,root,1,00:00:00:00:00:00,0,0,5,591,0,0,0,0,0
303969564,NODE_B0CBD8F33218,root,1,00:00:00:00:00:00,0,0,5,591,0,0,0,0,0
304069568,NODE_B0CBD8F33218,root,1,00:00:00:00:00:00,0,0,5,592,0,0,0,0,0
304169562,NODE_B0CBD8F33218,root,1,00:00:00:00:00:00,0,0,5,592,0,0,0,0,0
304269572,NODE_B0CBD8F33218,root,1,00:00:00:00:00:00,0,0,5,592,0,0,0,0,0
304369560,NODE_B0CBD8F33218,root,1,00:00:00:00:00:00,0,0,5,592,0,0,0,0,0
304469570,NODE_B0CBD8F33218,root,1,00:00:00:00:00:00,0,0,5,592,0,0,0,0,0
304569568,NODE_B0CBD8F33218,root,1,00:00:00:00:00:00,0,0,5,592,0,0,0,0,0
304669568,NODE_B0CBD8F33218,root,1,00:00:00:00:00:00,0,0,5,592,0,0,0,0,0
304769562,NODE_B0CBD8F33218,root,1,00:00:00:00:00:00,0,0,5,592,0,0,0,0,0
304869572,NODE_B0CBD8F33218,root,1,00:00:00:00:00:00,0,0,5,593,0,0,0,0,0
304969564,NODE_B0CBD8F33218,root,1,00:00:00:00:00:00,0,0,5,593,0,0,0,0,0
305069574,NODE_B0CBD8F33218,root,1,00:00:00:00:00:00,0,0,5,594,0,0,0,0,0
305169560,NODE_B0CBD8F33218,root,1,00:00:00:00:00:00,0,0,5,594,0,0,0,0,0
305269568,NODE_B0CBD8F33218,root,1,00:00:00:00:00:00,0,0,5,594,0,0,0,0,0
305369566,NODE_B0CBD8F33218,root,1,00:00:00:00:00:00,0,0,5,594,0,0,0,0,0
305469568,NODE_B0CBD8F33218,root,1,00:00:00:00:00:00,0,0,5,594,0,0,0,0,0
305569568,NODE_B0CBD8F33218,root,1,00:00:00:00:00:00,0,0,5,594,0,0,0,0,0
305669570,NODE_B0CBD8F33218,root,1,00:00:00:00:00:00,0,0,5,594,0,0,0,0,0
305769560,NODE_B0CBD8F33218,root,1,00:00:00:00:00:00,0,0,5,594,0,0,0,0,0
305869568,NODE_B0CBD8F33218,root,1,00:00:00:00:00:00,0,0,5,595,0,0,0,0,0
305969562,NODE_B0CBD8F33218,root,1,00:00:00:00:00:00,0,0,5,595,0,0,0,0,0
306069576,NODE_B0CBD8F33218,root,1,00:00:00:00:00:00,0,0,5,596,0,0,0,0,0
306169560,NODE_B0CBD8F33218,root,1,00:00:00:00:00:00,0,0,5,596,0,0,0,0,0
306269570,NODE_B0CBD8F33218,root,1,00:00:00:00:00:00,0,0,5,596,0,0,0,0,0
306369564,NODE_B0CBD8F33218,root,1,00:00:00:00:00:00,0,0,5,596,0,0,0,0,0
306469568,NODE_B0CBD8F33218,root,1,00:00:00:00:00:00,0,0,5,596,0,0,0,0,0
306569570,NODE_B0CBD8F33218,root,1,00:00:00:00:00:00,0,0,5,596,0,0,0,0,0
306669568,NODE_B0CBD8F33218,root,1,00:00:00:00:00:00,0,0,5,596,0,0,0,0,0
306769564,NODE_B0CBD8F33218,root,1,00:00:00:00:00:00,0,0,5,596,0,0,0,0,0
306869574,NODE_B0CBD8F33218,root,1,00:00:00:00:00:00,0,0,5,597,0,0,0,0,0
306969564,NODE_B0CBD8F33218,root,1,00:00:00:00:00:00,0,0,5,597,0,0,0,0,0
307069572,NODE_B0CBD8F33218,root,1,00:00:00:00:00:00,0,0,5,598,0,0,0,0,0
307169562,NODE_B0CBD8F33218,root,1,00:00:00:00:00:00,0,0,5,598,0,0,0,0,0
307269556,NODE_B0CBD8F33218,root,1,00:00:00:00:00:00,0,0,5,598,0,0,0,0,0
307369560,NODE_B0CBD8F33218,root,1,00:00:00:00:00:00,0,0,5,598,0,0,0,0,0
307469570,NODE_B0CBD8F33218,root,1,00:00:00:00:00:00,0,0,5,598,0,0,0,0,0
307569568,NODE_B0CBD8F33218,root,1,00:00:00:00:00:00,0,0,5,598,0,0,0,0,0
307669564,NODE_B0CBD8F33218,root,1,00:00:00:00:00:00,0,0,5,598,0,0,0,0,0
307769566,NODE_B0CBD8F33218,root,1,00:00:00:00:00:00,0,0,5,598,0,0,0,0,0
307869572,NODE_B0CBD8F33218,root,1,00:00:00:00:00:00,0,0,5,599,0,0,0,0,0
307969564,NODE_B0CBD8F33218,root,1,00:00:00:00:00:00,0,0,5,599,0,0,0,0,0
308069578,NODE_B0CBD8F33218,root,1,00:00:00:00:00:00,0,0,5,600,0,0,0,0,0
308169560,NODE_B0CBD8F33218,root,1,00:00:00:00:00:00,0,0,5,600,0,0,0,0,0
308269568,NODE_B0CBD8F33218,root,1,00:00:00:00:00:00,0,0,5,600,0,0,0,0,0
308369566,NODE_B0CBD8F33218,root,1,00:00:00:00:00:00,0,0,5,600,0,0,0,0,0
308469568,NODE_B0CBD8F33218,root,1,00:00:00:00:00:00,0,0,5,600,0,0,0,0,0
308569564,NODE_B0CBD8F33218,root,1,00:00:00:00:00:00,0,0,5,600,0,0,0,0,0
308669570,NODE_B0CBD8F33218,root,1,00:00:00:00:00:00,0,0,5,600,0,0,0,0,0
308769560,NODE_B0CBD8F33218,root,1,00:00:00:00:00:00,0,0,5,600,0,0,0,0,0
308869568,NODE_B0CBD8F33218,root,1,00:00:00:00:00:00,0,0,5,601,0,0,0,0,0
308969566,NODE_B0CBD8F33218,root,1,00:00:00:00:00:00,0,0,5,601,0,0,0,0,0
309069572,NODE_B0CBD8F33218,root,1,00:00:00:00:00:00,0,0,5,602,0,0,0,0,0
309169560,NODE_B0CBD8F33218,root,1,00:00:00:00:00:00,0,0,5,602,0,0,0,0,0
309269570,NODE_B0CBD8F33218,root,1,00:00:00:00:00:00,0,0,5,602,0,0,0,0,0
309369560,NODE_B0CBD8F33218,root,1,00:00:00:00:00:00,0,0,5,602,0,0,0,0,0
309469568,NODE_B0CBD8F33218,root,1,00:00:00:00:00:00,0,0,5,602,0,0,0,0,0
309569570,NODE_B0CBD8F33218,root,1,00:00:00:00:00:00,0,0,5,602,0,0,0,0,0
309669568,NODE_B0CBD8F33218,root,1,00:00:00:00:00:00,0,0,5,602,0,0,0,0,0
309769568,NODE_B0CBD8F33218,root,1,00:00:00:00:00:00,0,0,5,602,0,0,0,0,0
309869574,NODE_B0CBD8F33218,root,1,00:00:00:00:00:00,0,0,5,603,0,0,0,0,0
309969564,NODE_B0CBD8F33218,root,1,00:00:00:00:00:00,0,0,5,603,0,0,0,0,0
310069572,NODE_B0CBD8F33218,root,1,00:00:00:00:00:00,0,0,5,604,0,0,0,0,0
310169562,NODE_B0CBD8F33218,root,1,00:00:00:00:00:00,0,0,5,604,0,0,0,0,0
310269568,NODE_B0CBD8F33218,root,1,00:00:00:00:00:00,0,0,5,604,0,0,0,0,0
310369560,NODE_B0CBD8F33218,root,1,00:00:00:00:00:00,0,0,5,604,0,0,0,0,0
310469574,NODE_B0CBD8F33218,root,1,00:00:00:00:00:00,0,0,5,604,0,0,0,0,0
310569568,NODE_B0CBD8F33218,root,1,00:00:00:00:00:00,0,0,5,604,0,0,0,0,0
310669568,NODE_B0CBD8F33218,root,1,00:00:00:00:00:00,0,0,5,604,0,0,0,0,0
310769570,NODE_B0CBD8F33218,root,1,00:00:00:00:00:00,0,0,5,604,0,0,0,0,0
310869568,NODE_B0CBD8F33218,root,1,00:00:00:00:00:00,0,0,5,605,0,0,0,0,0
310969564,NODE_B0CBD8F33218,root,1,00:00:00:00:00:00,0,0,5,605,0,0,0,0,0
311069574,NODE_B0CBD8F33218,root,1,00:00:00:00:00:00,0,0,5,606,0,0,0,0,0
311169560,NODE_B0CBD8F33218,root,1,00:00:00:00:00:00,0,0,5,606,0,0,0,0,0
311269568,NODE_B0CBD8F33218,root,1,00:00:00:00:00:00,0,0,5,606,0,0,0,0,0
311369562,NODE_B0CBD8F33218,root,1,00:00:00:00:00:00,0,0,5,606,0,0,0,0,0
311469568,NODE_B0CBD8F33218,root,1,00:00:00:00:00:00,0,0,5,606,0,0,0,0,0
311569568,NODE_B0CBD8F33218,root,1,00:00:00:00:00:00,0,0,5,606,0,0,0,0,0
311669570,NODE_B0CBD8F33218,root,1,00:00:00:00:00:00,0,0,5,606,0,0,0,0,0
311769560,NODE_B0CBD8F33218,root,1,00:00:00:00:00:00,0,0,5,606,0,0,0,0,0
311869572,NODE_B0CBD8F33218,root,1,00:00:00:00:00:00,0,0,5,607,0,0,0,0,0
311969566,NODE_B0CBD8F33218,root,1,00:00:00:00:00:00,0,0,5,607,0,0,0,0,0
312069572,NODE_B0CBD8F33218,root,1,00:00:00:00:00:00,0,0,5,608,0,0,0,0,0
312169560,NODE_B0CBD8F33218,root,1,00:00:00:00:00:00,0,0,5,608,0,0,0,0,0
312269570,NODE_B0CBD8F33218,root,1,00:00:00:00:00:00,0,0,5,608,0,0,0,0,0
312369560,NODE_B0CBD8F33218,root,1,00:00:00:00:00:00,0,0,5,608,0,0,0,0,0
312469568,NODE_B0CBD8F33218,root,1,00:00:00:00:00:00,0,0,5,608,0,0,0,0,0
312569570,NODE_B0CBD8F33218,root,1,00:00:00:00:00:00,0,0,5,608,0,0,0,0,0
312669564,NODE_B0CBD8F33218,root,1,00:00:00:00:00:00,0,0,5,608,0,0,0,0,0
312769568,NODE_B0CBD8F33218,root,1,00:00:00:00:00:00,0,0,5,608,0,0,0,0,0
312869574,NODE_B0CBD8F33218,root,1,00:00:00:00:00:00,0,0,5,609,0,0,0,0,0
312969564,NODE_B0CBD8F33218,root,1,00:00:00:00:00:00,0,0,5,609,0,0,0,0,0
313069576,NODE_B0CBD8F33218,root,1,00:00:00:00:00:00,0,0,5,610,0,0,0,0,0
313169562,NODE_B0CBD8F33218,root,1,00:00:00:00:00:00,0,0,5,610,0,0,0,0,0
313269568,NODE_B0CBD8F33218,root,1,00:00:00:00:00:00,0,0,5,610,0,0,0,0,0
313369560,NODE_B0CBD8F33218,root,1,00:00:00:00:00:00,0,0,5,610,0,0,0,0,0
313469570,NODE_B0CBD8F33218,root,1,00:00:00:00:00:00,0,0,5,610,0,0,0,0,0
313569564,NODE_B0CBD8F33218,root,1,00:00:00:00:00:00,0,0,5,610,0,0,0,0,0
313669568,NODE_B0CBD8F33218,root,1,00:00:00:00:00:00,0,0,5,610,0,0,0,0,0
313769562,NODE_B0CBD8F33218,root,1,00:00:00:00:00:00,0,0,5,610,0,0,0,0,0
313869568,NODE_B0CBD8F33218,root,1,00:00:00:00:00:00,0,0,5,611,0,0,0,0,0
313969564,NODE_B0CBD8F33218,root,1,00:00:00:00:00:00,0,0,5,611,0,0,0,0,0
314069574,NODE_B0CBD8F33218,root,1,00:00:00:00:00:00,0,0,5,612,0,0,0,0,0
314169560,NODE_B0CBD8F33218,root,1,00:00:00:00:00:00,0,0,5,612,0,0,0,0,0
314269568,NODE_B0CBD8F33218,root,1,00:00:00:00:00:00,0,0,5,612,0,0,0,0,0
314369558,NODE_B0CBD8F33218,root,1,00:00:00:00:00:00,0,0,5,612,0,0,0,0,0
314469564,NODE_B0CBD8F33218,root,1,00:00:00:00:00:00,0,0,5,612,0,0,0,0,0
314569564,NODE_B0CBD8F33218,root,1,00:00:00:00:00:00,0,0,5,612,0,0,0,0,0
314669566,NODE_B0CBD8F33218,root,1,00:00:00:00:00:00,0,0,5,612,0,0,0,0,0
314769564,NODE_B0CBD8F33218,root,1,00:00:00:00:00:00,0,0,5,612,0,0,0,0,0
314869568,NODE_B0CBD8F33218,root,1,00:00:00:00:00:00,0,0,5,613,0,0,0,0,0
314969562,NODE_B0CBD8F33218,root,1,00:00:00:00:00:00,0,0,5,613,0,0,0,0,0
315069568,NODE_B0CBD8F33218,root,1,00:00:00:00:00:00,0,0,5,614,0,0,0,0,0
315169560,NODE_B0CBD8F33218,root,1,00:00:00:00:00:00,0,0,5,614,0,0,0,0,0
315269566,NODE_B0CBD8F33218,root,1,00:00:00:00:00:00,0,0,5,614,0,0,0,0,0
315369560,NODE_B0CBD8F33218,root,1,00:00:00:00:00:00,0,0,5,614,0,0,0,0,0
315469564,NODE_B0CBD8F33218,root,1,00:00:00:00:00:00,0,0,5,614,0,0,0,0,0
315569570,NODE_B0CBD8F33218,root,1,00:00:00:00:00:00,0,0,5,614,0,0,0,0,0
315669564,NODE_B0CBD8F33218,root,1,00:00:00:00:00:00,0,0,5,614,0,0,0,0,0
315769632,NODE_B0CBD8F33218,root,1,00:00:00:00:00:00,0,0,5,614,0,0,0,0,0
315869570,NODE_B0CBD8F33218,root,1,00:00:00:00:00:00,0,0,5,615,0,0,0,0,0
315969556,NODE_B0CBD8F33218,root,1,00:00:00:00:00:00,0,0,5,615,0,0,0,0,0
316069572,NODE_B0CBD8F33218,root,1,00:00:00:00:00:00,0,0,5,616,0,0,0,0,0
316169562,NODE_B0CBD8F33218,root,1,00:00:00:00:00:00,0,0,5,616,0,0,0,0,0
316269564,NODE_B0CBD8F33218,root,1,00:00:00:00:00:00,0,0,5,616,0,0,0,0,0
316369560,NODE_B0CBD8F33218,root,1,00:00:00:00:00:00,0,0,5,616,0,0,0,0,0
316469566,NODE_B0CBD8F33218,root,1,00:00:00:00:00:00,0,0,5,616,0,0,0,0,0
316569564,NODE_B0CBD8F33218,root,1,00:00:00:00:00:00,0,0,5,616,0,0,0,0,0
316669564,NODE_B0CBD8F33218,root,1,00:00:00:00:00:00,0,0,5,616,0,0,0,0,0
316769562,NODE_B0CBD8F33218,root,1,00:00:00:00:00:00,0,0,5,616,0,0,0,0,0
316869568,NODE_B0CBD8F33218,root,1,00:00:00:00:00:00,0,0,5,617,0,0,0,0,0
316969560,NODE_B0CBD8F33218,root,1,00:00:00:00:00:00,0,0,5,617,0,0,0,0,0
317069570,NODE_B0CBD8F33218,root,1,00:00:00:00:00:00,0,0,5,618,0,0,0,0,0
317169560,NODE_B0CBD8F33218,root,1,00:00:00:00:00:00,0,0,5,618,0,0,0,0,0
317269564,NODE_B0CBD8F33218,root,1,00:00:00:00:00:00,0,0,5,618,0,0,0,0,0
317369562,NODE_B0CBD8F33218,root,1,00:00:00:00:00:00,0,0,5,618,0,0,0,0,0
317469564,NODE_B0CBD8F33218,root,1,00:00:00:00:00:00,0,0,5,618,0,0,0,0,0
317569568,NODE_B0CBD8F33218,root,1,00:00:00:00:00:00,0,0,5,618,0,0,0,0,0
317669566,NODE_B0CBD8F33218,root,1,00:00:00:00:00:00,0,0,5,618,0,0,0,0,0
317769564,NODE_B0CBD8F33218,root,1,00:00:00:00:00:00,0,0,5,618,0,0,0,0,0
317869568,NODE_B0CBD8F33218,root,1,00:00:00:00:00:00,0,0,5,619,0,0,0,0,0
317969562,NODE_B0CBD8F33218,root,1,00:00:00:00:00:00,0,0,5,619,0,0,0,0,0
318069576,NODE_B0CBD8F33218,root,1,00:00:00:00:00:00,0,0,5,620,0,0,0,0,0
318169560,NODE_B0CBD8F33218,root,1,00:00:00:00:00:00,0,0,5,620,0,0,0,0,0
318269570,NODE_B0CBD8F33218,root,1,00:00:00:00:00:00,0,0,5,620,0,0,0,0,0
318369560,NODE_B0CBD8F33218,root,1,00:00:00:00:00:00,0,0,5,620,0,0,0,0,0
318469568,NODE_B0CBD8F33218,root,1,00:00:00:00:00:00,0,0,5,620,0,0,0,0,0
318569566,NODE_B0CBD8F33218,root,1,00:00:00:00:00:00,0,0,5,620,0,0,0,0,0
318669568,NODE_B0CBD8F33218,root,1,00:00:00:00:00:00,0,0,5,620,0,0,0,0,0
318769560,NODE_B0CBD8F33218,root,1,00:00:00:00:00:00,0,0,5,620,0,0,0,0,0
318869570,NODE_B0CBD8F33218,root,1,00:00:00:00:00:00,0,0,5,621,0,0,0,0,0
318969564,NODE_B0CBD8F33218,root,1,00:00:00:00:00:00,0,0,5,621,0,0,0,0,0
319069572,NODE_B0CBD8F33218,root,1,00:00:00:00:00:00,0,0,5,622,0,0,0,0,0
319169562,NODE_B0CBD8F33218,root,1,00:00:00:00:00:00,0,0,5,622,0,0,0,0,0
319269572,NODE_B0CBD8F33218,root,1,00:00:00:00:00:00,0,0,5,622,0,0,0,0,0
319369560,NODE_B0CBD8F33218,root,1,00:00:00:00:00:00,0,0,5,622,0,0,0,0,0
319469570,NODE_B0CBD8F33218,root,1,00:00:00:00:00:00,0,0,5,622,0,0,0,0,0
319569568,NODE_B0CBD8F33218,root,1,00:00:00:00:00:00,0,0,5,622,0,0,0,0,0
319669568,NODE_B0CBD8F33218,root,1,00:00:00:00:00:00,0,0,5,622,0,0,0,0,0
319769562,NODE_B0CBD8F33218,root,1,00:00:00:00:00:00,0,0,5,622,0,0,0,0,0
319869572,NODE_B0CBD8F33218,root,1,00:00:00:00:00:00,0,0,5,623,0,0,0,0,0
319969564,NODE_B0CBD8F33218,root,1,00:00:00:00:00:00,0,0,5,623,0,0,0,0,0
320069574,NODE_B0CBD8F33218,root,1,00:00:00:00:00:00,0,0,5,624,0,0,0,0,0
320169560,NODE_B0CBD8F33218,root,1,00:00:00:00:00:00,0,0,5,624,0,0,0,0,0
320269568,NODE_B0CBD8F33218,root,1,00:00:00:00:00:00,0,0,5,624,0,0,0,0,0
320369562,NODE_B0CBD8F33218,root,1,00:00:00:00:00:00,0,0,5,624,0,0,0,0,0
320469568,NODE_B0CBD8F33218,root,1,00:00:00:00:00:00,0,0,5,624,0,0,0,0,0
320569568,NODE_B0CBD8F33218,root,1,00:00:00:00:00:00,0,0,5,624,0,0,0,0,0
320669570,NODE_B0CBD8F33218,root,1,00:00:00:00:00:00,0,0,5,624,0,0,0,0,0
320769560,NODE_B0CBD8F33218,root,1,00:00:00:00:00:00,0,0,5,624,0,0,0,0,0
320869568,NODE_B0CBD8F33218,root,1,00:00:00:00:00:00,0,0,5,625,0,0,0,0,0
320969566,NODE_B0CBD8F33218,root,1,00:00:00:00:00:00,0,0,5,625,0,0,0,0,0
321069572,NODE_B0CBD8F33218,root,1,00:00:00:00:00:00,0,0,5,626,0,0,0,0,0
321169560,NODE_B0CBD8F33218,root,1,00:00:00:00:00:00,0,0,5,626,0,0,0,0,0
321269570,NODE_B0CBD8F33218,root,1,00:00:00:00:00:00,0,0,5,626,0,0,0,0,0
321369560,NODE_B0CBD8F33218,root,1,00:00:00:00:00:00,0,0,5,626,0,0,0,0,0
321469558,NODE_B0CBD8F33218,root,1,00:00:00:00:00:00,0,0,5,626,0,0,0,0,0
321569570,NODE_B0CBD8F33218,root,1,00:00:00:00:00:00,0,0,5,626,0,0,0,0,0
321669568,NODE_B0CBD8F33218,root,1,00:00:00:00:00:00,0,0,5,626,0,0,0,0,0
321769564,NODE_B0CBD8F33218,root,1,00:00:00:00:00:00,0,0,5,626,0,0,0,0,0
321869574,NODE_B0CBD8F33218,root,1,00:00:00:00:00:00,0,0,5,627,0,0,0,0,0
321969564,NODE_B0CBD8F33218,root,1,00:00:00:00:00:00,0,0,5,627,0,0,0,0,0
322069572,NODE_B0CBD8F33218,root,1,00:00:00:00:00:00,0,0,5,628,0,0,0,0,0
322169562,NODE_B0CBD8F33218,root,1,00:00:00:00:00:00,0,0,5,628,0,0,0,0,0
322269568,NODE_B0CBD8F33218,root,1,00:00:00:00:00:00,0,0,5,628,0,0,0,0,0
322369560,NODE_B0CBD8F33218,root,1,00:00:00:00:00:00,0,0,5,628,0,0,0,0,0
322469570,NODE_B0CBD8F33218,root,1,00:00:00:00:00:00,0,0,5,628,0,0,0,0,0
322569568,NODE_B0CBD8F33218,root,1,00:00:00:00:00:00,0,0,5,628,0,0,0,0,0
322669564,NODE_B0CBD8F33218,root,1,00:00:00:00:00:00,0,0,5,628,0,0,0,0,0
322769566,NODE_B0CBD8F33218,root,1,00:00:00:00:00:00,0,0,5,628,0,0,0,0,0
322869912,NODE_B0CBD8F33218,root,1,00:00:00:00:00:00,0,0,5,629,0,0,0,0,0
322969564,NODE_B0CBD8F33218,root,1,00:00:00:00:00:00,0,0,5,629,0,0,0,0,0
323069566,NODE_B0CBD8F33218,root,1,00:00:00:00:00:00,0,0,5,629,0,0,0,0,0
323169560,NODE_B0CBD8F33218,root,1,00:00:00:00:00:00,0,0,5,629,0,0,0,0,0
323269564,NODE_B0CBD8F33218,root,1,00:00:00:00:00:00,0,0,5,629,0,0,0,0,0
323369562,NODE_B0CBD8F33218,root,1,00:00:00:00:00:00,0,0,5,629,0,0,0,0,0
323469564,NODE_B0CBD8F33218,root,1,00:00:00:00:00:00,0,0,5,629,0,0,0,0,0
323569564,NODE_B0CBD8F33218,root,1,00:00:00:00:00:00,0,0,5,629,0,0,0,0,0
323669570,NODE_B0CBD8F33218,root,1,00:00:00:00:00:00,0,0,5,629,0,0,0,0,0
323769564,NODE_B0CBD8F33218,root,1,00:00:00:00:00:00,0,0,5,629,0,0,0,0,0
323869572,NODE_B0CBD8F33218,root,1,00:00:00:00:00:00,0,0,5,630,0,0,0,0,0
323969566,NODE_B0CBD8F33218,root,1,00:00:00:00:00:00,0,0,5,630,0,0,0,0,0
324069568,NODE_B0CBD8F33218,root,1,00:00:00:00:00:00,0,0,5,630,0,0,0,0,0
324169560,NODE_B0CBD8F33218,root,1,00:00:00:00:00:00,0,0,5,630,0,0,0,0,0
324269570,NODE_B0CBD8F33218,root,1,00:00:00:00:00:00,0,0,5,631,0,0,0,0,0
324369560,NODE_B0CBD8F33218,root,1,00:00:00:00:00:00,0,0,5,631,0,0,0,0,0
324469568,NODE_B0CBD8F33218,root,1,00:00:00:00:00:00,0,0,5,631,0,0,0,0,0
324569570,NODE_B0CBD8F33218,root,1,00:00:00:00:00:00,0,0,5,631,0,0,0,0,0
324669568,NODE_B0CBD8F33218,root,1,00:00:00:00:00:00,0,0,5,631,0,0,0,0,0
324769564,NODE_B0CBD8F33218,root,1,00:00:00:00:00:00,0,0,5,631,0,0,0,0,0
324869578,NODE_B0CBD8F33218,root,1,00:00:00:00:00:00,0,0,5,632,0,0,0,0,0
324969564,NODE_B0CBD8F33218,root,1,00:00:00:00:00:00,0,0,5,632,0,0,0,0,0
325069568,NODE_B0CBD8F33218,root,1,00:00:00:00:00:00,0,0,5,632,0,0,0,0,0
325169562,NODE_B0CBD8F33218,root,1,00:00:00:00:00:00,0,0,5,632,0,0,0,0,0
325269572,NODE_B0CBD8F33218,root,1,00:00:00:00:00:00,0,0,5,633,0,0,0,0,0
325369560,NODE_B0CBD8F33218,root,1,00:00:00:00:00:00,0,0,5,633,0,0,0,0,0
325469570,NODE_B0CBD8F33218,root,1,00:00:00:00:00:00,0,0,5,633,0,0,0,0,0
325569568,NODE_B0CBD8F33218,root,1,00:00:00:00:00:00,0,0,5,633,0,0,0,0,0
325669568,NODE_B0CBD8F33218,root,1,00:00:00:00:00:00,0,0,5,633,0,0,0,0,0
325769566,NODE_B0CBD8F33218,root,1,00:00:00:00:00:00,0,0,5,633,0,0,0,0,0
325869572,NODE_B0CBD8F33218,root,1,00:00:00:00:00:00,0,0,5,634,0,0,0,0,0
325969564,NODE_B0CBD8F33218,root,1,00:00:00:00:00:00,0,0,5,634,0,0,0,0,0
326069570,NODE_B0CBD8F33218,root,1,00:00:00:00:00:00,0,0,5,634,0,0,0,0,0
326169560,NODE_B0CBD8F33218,root,1,00:00:00:00:00:00,0,0,5,634,0,0,0,0,0
326269568,NODE_B0CBD8F33218,root,1,00:00:00:00:00:00,0,0,5,635,0,0,0,0,0
326369558,NODE_B0CBD8F33218,root,1,00:00:00:00:00:00,0,0,5,635,0,0,0,0,0
326469568,NODE_B0CBD8F33218,root,1,00:00:00:00:00:00,0,0,5,635,0,0,0,0,0
326569568,NODE_B0CBD8F33218,root,1,00:00:00:00:00:00,0,0,5,635,0,0,0,0,0
326669570,NODE_B0CBD8F33218,root,1,00:00:00:00:00:00,0,0,5,635,0,0,0,0,0
326769560,NODE_B0CBD8F33218,root,1,00:00:00:00:00:00,0,0,5,635,0,0,0,0,0
326869572,NODE_B0CBD8F33218,root,1,00:00:00:00:00:00,0,0,5,636,0,0,0,0,0
326969566,NODE_B0CBD8F33218,root,1,00:00:00:00:00:00,0,0,5,636,0,0,0,0,0
327069568,NODE_B0CBD8F33218,root,1,00:00:00:00:00:00,0,0,5,636,0,0,0,0,0
327169560,NODE_B0CBD8F33218,root,1,00:00:00:00:00:00,0,0,5,636,0,0,0,0,0
327269578,NODE_B0CBD8F33218,root,1,00:00:00:00:00:00,0,0,5,637,0,0,0,0,0
327369560,NODE_B0CBD8F33218,root,1,00:00:00:00:00:00,0,0,5,637,0,0,0,0,0
327469568,NODE_B0CBD8F33218,root,1,00:00:00:00:00:00,0,0,5,637,0,0,0,0,0
327569570,NODE_B0CBD8F33218,root,1,00:00:00:00:00:00,0,0,5,637,0,0,0,0,0
327669564,NODE_B0CBD8F33218,root,1,00:00:00:00:00:00,0,0,5,637,0,0,0,0,0
327769560,NODE_B0CBD8F33218,root,1,00:00:00:00:00:00,0,0,5,637,0,0,0,0,0
327869574,NODE_B0CBD8F33218,root,1,00:00:00:00:00:00,0,0,5,638,0,0,0,0,0
327969564,NODE_B0CBD8F33218,root,1,00:00:00:00:00:00,0,0,5,638,0,0,0,0,0
328069568,NODE_B0CBD8F33218,root,1,00:00:00:00:00:00,0,0,5,638,0,0,0,0,0
328169562,NODE_B0CBD8F33218,root,1,00:00:00:00:00:00,0,0,5,638,0,0,0,0,0
328269568,NODE_B0CBD8F33218,root,1,00:00:00:00:00:00,0,0,5,639,0,0,0,0,0
328369556,NODE_B0CBD8F33218,root,1,00:00:00:00:00:00,0,0,5,639,0,0,0,0,0
328469559,NODE_B0CBD8F33218,root,1,00:00:00:00:00:00,0,0,5,639,0,0,0,0,0
328569568,NODE_B0CBD8F33218,root,1,00:00:00:00:00:00,0,0,5,639,0,0,0,0,0
328669568,NODE_B0CBD8F33218,root,1,00:00:00:00:00:00,0,0,5,639,0,0,0,0,0
328769566,NODE_B0CBD8F33218,root,1,00:00:00:00:00:00,0,0,5,639,0,0,0,0,0
328869572,NODE_B0CBD8F33218,root,1,00:00:00:00:00:00,0,0,5,640,0,0,0,0,0
328969564,NODE_B0CBD8F33218,root,1,00:00:00:00:00:00,0,0,5,640,0,0,0,0,0
329069570,NODE_B0CBD8F33218,root,1,00:00:00:00:00:00,0,0,5,640,0,0,0,0,0
329169560,NODE_B0CBD8F33218,root,1,00:00:00:00:00:00,0,0,5,640,0,0,0,0,0
329269568,NODE_B0CBD8F33218,root,1,00:00:00:00:00:00,0,0,5,641,0,0,0,0,0
329369562,NODE_B0CBD8F33218,root,1,00:00:00:00:00:00,0,0,5,641,0,0,0,0,0
329469568,NODE_B0CBD8F33218,root,1,00:00:00:00:00:00,0,0,5,641,0,0,0,0,0
329569568,NODE_B0CBD8F33218,root,1,00:00:00:00:00:00,0,0,5,641,0,0,0,0,0
329669570,NODE_B0CBD8F33218,root,1,00:00:00:00:00:00,0,0,5,641,0,0,0,0,0
329769560,NODE_B0CBD8F33218,root,1,00:00:00:00:00:00,0,0,5,641,0,0,0,0,0
329869902,NODE_B0CBD8F33218,root,1,00:00:00:00:00:00,0,0,5,642,0,0,0,0,0
329969574,NODE_B0CBD8F33218,root,1,00:00:00:00:00:00,0,0,5,642,0,0,0,0,0
330069564,NODE_B0CBD8F33218,root,1,00:00:00:00:00:00,0,0,5,642,0,0,0,0,0
330169560,NODE_B0CBD8F33218,root,1,00:00:00:00:00:00,0,0,5,642,0,0,0,0,0
330269570,NODE_B0CBD8F33218,root,1,00:00:00:00:00:00,0,0,5,643,0,0,0,0,0
330369560,NODE_B0CBD8F33218,root,1,00:00:00:00:00:00,0,0,5,643,0,0,0,0,0
330469564,NODE_B0CBD8F33218,root,1,00:00:00:00:00:00,0,0,5,643,0,0,0,0,0
330569566,NODE_B0CBD8F33218,root,1,00:00:00:00:00:00,0,0,5,643,0,0,0,0,0
330669564,NODE_B0CBD8F33218,root,1,00:00:00:00:00:00,0,0,5,643,0,0,0,0,0
330769560,NODE_B0CBD8F33218,root,1,00:00:00:00:00:00,0,0,5,643,0,0,0,0,0
330869570,NODE_B0CBD8F33218,root,1,00:00:00:00:00:00,0,0,5,644,0,0,0,0,0
330969564,NODE_B0CBD8F33218,root,1,00:00:00:00:00:00,0,0,5,644,0,0,0,0,0
331069564,NODE_B0CBD8F33218,root,1,00:00:00:00:00:00,0,0,5,644,0,0,0,0,0
331169562,NODE_B0CBD8F33218,root,1,00:00:00:00:00:00,0,0,5,644,0,0,0,0,0
331269568,NODE_B0CBD8F33218,root,1,00:00:00:00:00:00,0,0,5,645,0,0,0,0,0
331369556,NODE_B0CBD8F33218,root,1,00:00:00:00:00:00,0,0,5,645,0,0,0,0,0
331469566,NODE_B0CBD8F33218,root,1,00:00:00:00:00:00,0,0,5,645,0,0,0,0,0
331569564,NODE_B0CBD8F33218,root,1,00:00:00:00:00:00,0,0,5,645,0,0,0,0,0
331669564,NODE_B0CBD8F33218,root,1,00:00:00:00:00:00,0,0,5,645,0,0,0,0,0
331769566,NODE_B0CBD8F33218,root,1,00:00:00:00:00:00,0,0,5,645,0,0,0,0,0
331869568,NODE_B0CBD8F33218,root,1,00:00:00:00:00:00,0,0,5,646,0,0,0,0,0
331969564,NODE_B0CBD8F33218,root,1,00:00:00:00:00:00,0,0,5,646,0,0,0,0,0
332069566,NODE_B0CBD8F33218,root,1,00:00:00:00:00:00,0,0,5,646,0,0,0,0,0
332169560,NODE_B0CBD8F33218,root,1,00:00:00:00:00:00,0,0,5,646,0,0,0,0,0
332269572,NODE_B0CBD8F33218,root,1,00:00:00:00:00:00,0,0,5,647,0,0,0,0,0
332369562,NODE_B0CBD8F33218,root,1,00:00:00:00:00:00,0,0,5,647,0,0,0,0,0
332469564,NODE_B0CBD8F33218,root,1,00:00:00:00:00:00,0,0,5,647,0,0,0,0,0
332569564,NODE_B0CBD8F33218,root,1,00:00:00:00:00:00,0,0,5,647,0,0,0,0,0
332669566,NODE_B0CBD8F33218,root,1,00:00:00:00:00:00,0,0,5,647,0,0,0,0,0
332769560,NODE_B0CBD8F33218,root,1,00:00:00:00:00:00,0,0,5,647,0,0,0,0,0
332869568,NODE_B0CBD8F33218,root,1,00:00:00:00:00:00,0,0,5,648,0,0,0,0,0
332969566,NODE_B0CBD8F33218,root,1,00:00:00:00:00:00,0,0,5,648,0,0,0,0,0
333069564,NODE_B0CBD8F33218,root,1,00:00:00:00:00:00,0,0,5,648,0,0,0,0,0
333169560,NODE_B0CBD8F33218,root,1,00:00:00:00:00:00,0,0,5,648,0,0,0,0,0
333269570,NODE_B0CBD8F33218,root,1,00:00:00:00:00:00,0,0,5,649,0,0,0,0,0
333369556,NODE_B0CBD8F33218,root,1,00:00:00:00:00:00,0,0,5,649,0,0,0,0,0
333469564,NODE_B0CBD8F33218,root,1,00:00:00:00:00:00,0,0,5,649,0,0,0,0,0
333569566,NODE_B0CBD8F33218,root,1,00:00:00:00:00:00,0,0,5,649,0,0,0,0,0
333669564,NODE_B0CBD8F33218,root,1,00:00:00:00:00:00,0,0,5,649,0,0,0,0,0
333769560,NODE_B0CBD8F33218,root,1,00:00:00:00:00:00,0,0,5,649,0,0,0,0,0
333869574,NODE_B0CBD8F33218,root,1,00:00:00:00:00:00,0,0,5,650,0,0,0,0,0
333969572,NODE_B0CBD8F33218,root,1,00:00:00:00:00:00,0,0,5,650,0,0,0,0,0
334069568,NODE_B0CBD8F33218,root,1,00:00:00:00:00:00,0,0,5,650,0,0,0,0,0
334169562,NODE_B0CBD8F33218,root,1,00:00:00:00:00:00,0,0,5,650,0,0,0,0,0
334269568,NODE_B0CBD8F33218,root,1,00:00:00:00:00:00,0,0,5,651,0,0,0,0,0
334369560,NODE_B0CBD8F33218,root,1,00:00:00:00:00:00,0,0,5,651,0,0,0,0,0
334469570,NODE_B0CBD8F33218,root,1,00:00:00:00:00:00,0,0,5,651,0,0,0,0,0
334569564,NODE_B0CBD8F33218,root,1,00:00:00:00:00:00,0,0,5,651,0,0,0,0,0
334669568,NODE_B0CBD8F33218,root,1,00:00:00:00:00:00,0,0,5,651,0,0,0,0,0
334769562,NODE_B0CBD8F33218,root,1,00:00:00:00:00:00,0,0,5,651,0,0,0,0,0
334869576,NODE_B0CBD8F33218,root,1,00:00:00:00:00:00,0,0,5,652,0,0,0,0,0
334969564,NODE_B0CBD8F33218,root,1,00:00:00:00:00:00,0,0,5,652,0,0,0,0,0
335069570,NODE_B0CBD8F33218,root,1,00:00:00:00:00:00,0,0,5,652,0,0,0,0,0
335169560,NODE_B0CBD8F33218,root,1,00:00:00:00:00:00,0,0,5,652,0,0,0,0,0
335269572,NODE_B0CBD8F33218,root,1,00:00:00:00:00:00,0,0,5,653,0,0,0,0,0
335369562,NODE_B0CBD8F33218,root,1,00:00:00:00:00:00,0,0,5,653,0,0,0,0,0
335469568,NODE_B0CBD8F33218,root,1,00:00:00:00:00:00,0,0,5,653,0,0,0,0,0
335569568,NODE_B0CBD8F33218,root,1,00:00:00:00:00:00,0,0,5,653,0,0,0,0,0
335669570,NODE_B0CBD8F33218,root,1,00:00:00:00:00:00,0,0,5,653,0,0,0,0,0
335769556,NODE_B0CBD8F33218,root,1,00:00:00:00:00:00,0,0,5,653,0,0,0,0,0
335869572,NODE_B0CBD8F33218,root,1,00:00:00:00:00:00,0,0,5,654,0,0,0,0,0
335969566,NODE_B0CBD8F33218,root,1,00:00:00:00:00:00,0,0,5,654,0,0,0,0,0
336069568,NODE_B0CBD8F33218,root,1,00:00:00:00:00:00,0,0,5,654,0,0,0,0,0
336169560,NODE_B0CBD8F33218,root,1,00:00:00:00:00:00,0,0,5,654,0,0,0,0,0
336269570,NODE_B0CBD8F33218,root,1,00:00:00:00:00:00,0,0,5,655,0,0,0,0,0
336369560,NODE_B0CBD8F33218,root,1,00:00:00:00:00:00,0,0,5,655,0,0,0,0,0
336469568,NODE_B0CBD8F33218,root,1,00:00:00:00:00:00,0,0,5,655,0,0,0,0,0
336569570,NODE_B0CBD8F33218,root,1,00:00:00:00:00:00,0,0,5,655,0,0,0,0,0
336669568,NODE_B0CBD8F33218,root,1,00:00:00:00:00:00,0,0,5,655,0,0,0,0,0
336769560,NODE_B0CBD8F33218,root,1,00:00:00:00:00:00,0,0,5,655,0,0,0,0,0
336869574,NODE_B0CBD8F33218,root,1,00:00:00:00:00:00,0,0,5,656,0,0,0,0,0
336969568,NODE_B0CBD8F33218,root,1,00:00:00:00:00:00,0,0,5,656,0,0,0,0,0
337069568,NODE_B0CBD8F33218,root,1,00:00:00:00:00:00,0,0,5,656,0,0,0,0,0
337169562,NODE_B0CBD8F33218,root,1,00:00:00:00:00:00,0,0,5,656,0,0,0,0,0
337269576,NODE_B0CBD8F33218,root,1,00:00:00:00:00:00,0,0,5,657,0,0,0,0,0
337369560,NODE_B0CBD8F33218,root,1,00:00:00:00:00:00,0,0,5,657,0,0,0,0,0
337469570,NODE_B0CBD8F33218,root,1,00:00:00:00:00:00,0,0,5,657,0,0,0,0,0
337569568,NODE_B0CBD8F33218,root,1,00:00:00:00:00:00,0,0,5,657,0,0,0,0,0
337669564,NODE_B0CBD8F33218,root,1,00:00:00:00:00:00,0,0,5,657,0,0,0,0,0
337769562,NODE_B0CBD8F33218,root,1,00:00:00:00:00:00,0,0,5,657,0,0,0,0,0
337869572,NODE_B0CBD8F33218,root,1,00:00:00:00:00:00,0,0,5,658,0,0,0,0,0
337969564,NODE_B0CBD8F33218,root,1,00:00:00:00:00:00,0,0,5,658,0,0,0,0,0
338069570,NODE_B0CBD8F33218,root,1,00:00:00:00:00:00,0,0,5,658,0,0,0,0,0
338169560,NODE_B0CBD8F33218,root,1,00:00:00:00:00:00,0,0,5,658,0,0,0,0,0
338269568,NODE_B0CBD8F33218,root,1,00:00:00:00:00:00,0,0,5,659,0,0,0,0,0
338369562,NODE_B0CBD8F33218,root,1,00:00:00:00:00:00,0,0,5,659,0,0,0,0,0
338469568,NODE_B0CBD8F33218,root,1,00:00:00:00:00:00,0,0,5,659,0,0,0,0,0
338569568,NODE_B0CBD8F33218,root,1,00:00:00:00:00:00,0,0,5,659,0,0,0,0,0
338669570,NODE_B0CBD8F33218,root,1,00:00:00:00:00:00,0,0,5,659,0,0,0,0,0
338769561,NODE_B0CBD8F33218,root,1,00:00:00:00:00:00,0,0,5,659,0,0,0,0,0
338869576,NODE_B0CBD8F33218,root,1,00:00:00:00:00:00,0,0,5,660,0,0,0,0,0
338969570,NODE_B0CBD8F33218,root,1,00:00:00:00:00:00,0,0,5,660,0,0,0,0,0
339069568,NODE_B0CBD8F33218,root,1,00:00:00:00:00:00,0,0,5,660,0,0,0,0,0
339169564,NODE_B0CBD8F33218,root,1,00:00:00:00:00:00,0,0,5,660,0,0,0,0,0
339269570,NODE_B0CBD8F33218,root,1,00:00:00:00:00:00,0,0,5,661,0,0,0,0,0
339369556,NODE_B0CBD8F33218,root,1,00:00:00:00:00:00,0,0,5,661,0,0,0,0,0
339469568,NODE_B0CBD8F33218,root,1,00:00:00:00:00:00,0,0,5,661,0,0,0,0,0
339569570,NODE_B0CBD8F33218,root,1,00:00:00:00:00:00,0,0,5,661,0,0,0,0,0
339669568,NODE_B0CBD8F33218,root,1,00:00:00:00:00:00,0,0,5,661,0,0,0,0,0
339769560,NODE_B0CBD8F33218,root,1,00:00:00:00:00:00,0,0,5,661,0,0,0,0,0
339869578,NODE_B0CBD8F33218,root,1,00:00:00:00:00:00,0,0,5,662,0,0,0,0,0
339969564,NODE_B0CBD8F33218,root,1,00:00:00:00:00:00,0,0,5,662,0,0,0,0,0
340069568,NODE_B0CBD8F33218,root,1,00:00:00:00:00:00,0,0,5,662,0,0,0,0,0
340169566,NODE_B0CBD8F33218,root,1,00:00:00:00:00:00,0,0,5,662,0,0,0,0,0
340269572,NODE_B0CBD8F33218,root,1,00:00:00:00:00:00,0,0,5,663,0,0,0,0,0
340369560,NODE_B0CBD8F33218,root,1,00:00:00:00:00:00,0,0,5,663,0,0,0,0,0
340469570,NODE_B0CBD8F33218,root,1,00:00:00:00:00:00,0,0,5,663,0,0,0,0,0
340569568,NODE_B0CBD8F33218,root,1,00:00:00:00:00:00,0,0,5,663,0,0,0,0,0
340669568,NODE_B0CBD8F33218,root,1,00:00:00:00:00:00,0,0,5,663,0,0,0,0,0
340769562,NODE_B0CBD8F33218,root,1,00:00:00:00:00:00,0,0,5,663,0,0,0,0,0
340869572,NODE_B0CBD8F33218,root,1,00:00:00:00:00:00,0,0,5,664,0,0,0,0,0
340969564,NODE_B0CBD8F33218,root,1,00:00:00:00:00:00,0,0,5,664,0,0,0,0,0
341069570,NODE_B0CBD8F33218,root,1,00:00:00:00:00:00,0,0,5,664,0,0,0,0,0
341169564,NODE_B0CBD8F33218,root,1,00:00:00:00:00:00,0,0,5,664,0,0,0,0,0
341269568,NODE_B0CBD8F33218,root,1,00:00:00:00:00:00,0,0,5,665,0,0,0,0,0
341369562,NODE_B0CBD8F33218,root,1,00:00:00:00:00:00,0,0,5,665,0,0,0,0,0
341469568,NODE_B0CBD8F33218,root,1,00:00:00:00:00:00,0,0,5,665,0,0,0,0,0
341569568,NODE_B0CBD8F33218,root,1,00:00:00:00:00:00,0,0,5,665,0,0,0,0,0
341669570,NODE_B0CBD8F33218,root,1,00:00:00:00:00:00,0,0,5,665,0,0,0,0,0
341769560,NODE_B0CBD8F33218,root,1,00:00:00:00:00:00,0,0,5,665,0,0,0,0,0
341869572,NODE_B0CBD8F33218,root,1,00:00:00:00:00:00,0,0,5,666,0,0,0,0,0
341969566,NODE_B0CBD8F33218,root,1,00:00:00:00:00:00,0,0,5,666,0,0,0,0,0
342069568,NODE_B0CBD8F33218,root,1,00:00:00:00:00:00,0,0,5,666,0,0,0,0,0
342169564,NODE_B0CBD8F33218,root,1,00:00:00:00:00:00,0,0,5,666,0,0,0,0,0
342269578,NODE_B0CBD8F33218,root,1,00:00:00:00:00:00,0,0,5,667,0,0,0,0,0
342369560,NODE_B0CBD8F33218,root,1,00:00:00:00:00:00,0,0,5,667,0,0,0,0,0
342469568,NODE_B0CBD8F33218,root,1,00:00:00:00:00:00,0,0,5,667,0,0,0,0,0
342569570,NODE_B0CBD8F33218,root,1,00:00:00:00:00:00,0,0,5,667,0,0,0,0,0
342669564,NODE_B0CBD8F33218,root,1,00:00:00:00:00:00,0,0,5,667,0,0,0,0,0
342769556,NODE_B0CBD8F33218,root,1,00:00:00:00:00:00,0,0,5,667,0,0,0,0,0
342869574,NODE_B0CBD8F33218,root,1,00:00:00:00:00:00,0,0,5,668,0,0,0,0,0
342969564,NODE_B0CBD8F33218,root,1,00:00:00:00:00:00,0,0,5,668,0,0,0,0,0
343069568,NODE_B0CBD8F33218,root,1,00:00:00:00:00:00,0,0,5,668,0,0,0,0,0
343169566,NODE_B0CBD8F33218,root,1,00:00:00:00:00:00,0,0,5,668,0,0,0,0,0
343269568,NODE_B0CBD8F33218,root,1,00:00:00:00:00:00,0,0,5,669,0,0,0,0,0
343369560,NODE_B0CBD8F33218,root,1,00:00:00:00:00:00,0,0,5,669,0,0,0,0,0
343469570,NODE_B0CBD8F33218,root,1,00:00:00:00:00:00,0,0,5,669,0,0,0,0,0
343569568,NODE_B0CBD8F33218,root,1,00:00:00:00:00:00,0,0,5,669,0,0,0,0,0
343669568,NODE_B0CBD8F33218,root,1,00:00:00:00:00:00,0,0,5,669,0,0,0,0,0
343769562,NODE_B0CBD8F33218,root,1,00:00:00:00:00:00,0,0,5,669,0,0,0,0,0
343869937,NODE_B0CBD8F33218,root,1,00:00:00:00:00:00,0,0,5,670,0,0,0,0,0
343969576,NODE_B0CBD8F33218,root,1,00:00:00:00:00:00,0,0,5,670,0,0,0,0,0
344069566,NODE_B0CBD8F33218,root,1,00:00:00:00:00:00,0,0,5,670,0,0,0,0,0
344169564,NODE_B0CBD8F33218,root,1,00:00:00:00:00:00,0,0,5,670,0,0,0,0,0
344269568,NODE_B0CBD8F33218,root,1,00:00:00:00:00:00,0,0,5,671,0,0,0,0,0
344369566,NODE_B0CBD8F33218,root,1,00:00:00:00:00:00,0,0,5,671,0,0,0,0,0
344469564,NODE_B0CBD8F33218,root,1,00:00:00:00:00:00,0,0,5,671,0,0,0,0,0
344569568,NODE_B0CBD8F33218,root,1,00:00:00:00:00:00,0,0,5,671,0,0,0,0,0
344669570,NODE_B0CBD8F33218,root,1,00:00:00:00:00:00,0,0,5,671,0,0,0,0,0
344769561,NODE_B0CBD8F33218,root,1,00:00:00:00:00:00,0,0,5,671,0,0,0,0,0
344869572,NODE_B0CBD8F33218,root,1,00:00:00:00:00:00,0,0,5,672,0,0,0,0,0
344969566,NODE_B0CBD8F33218,root,1,00:00:00:00:00:00,0,0,5,672,0,0,0,0,0
345069568,NODE_B0CBD8F33218,root,1,00:00:00:00:00:00,0,0,5,672,0,0,0,0,0
345169560,NODE_B0CBD8F33218,root,1,00:00:00:00:00:00,0,0,5,672,0,0,0,0,0
345269574,NODE_B0CBD8F33218,root,1,00:00:00:00:00:00,0,0,5,673,0,0,0,0,0
345369560,NODE_B0CBD8F33218,root,1,00:00:00:00:00:00,0,0,5,673,0,0,0,0,0
345469568,NODE_B0CBD8F33218,root,1,00:00:00:00:00:00,0,0,5,673,0,0,0,0,0
345569570,NODE_B0CBD8F33218,root,1,00:00:00:00:00:00,0,0,5,673,0,0,0,0,0
345669568,NODE_B0CBD8F33218,root,1,00:00:00:00:00:00,0,0,5,673,0,0,0,0,0
345769568,NODE_B0CBD8F33218,root,1,00:00:00:00:00:00,0,0,5,673,0,0,0,0,0
345869574,NODE_B0CBD8F33218,root,1,00:00:00:00:00:00,0,0,5,674,0,0,0,0,0
345969564,NODE_B0CBD8F33218,root,1,00:00:00:00:00:00,0,0,5,674,0,0,0,0,0
346069568,NODE_B0CBD8F33218,root,1,00:00:00:00:00:00,0,0,5,674,0,0,0,0,0
346169562,NODE_B0CBD8F33218,root,1,00:00:00:00:00:00,0,0,5,674,0,0,0,0,0
346269568,NODE_B0CBD8F33218,root,1,00:00:00:00:00:00,0,0,5,675,0,0,0,0,0
346369560,NODE_B0CBD8F33218,root,1,00:00:00:00:00:00,0,0,5,675,0,0,0,0,0
346469570,NODE_B0CBD8F33218,root,1,00:00:00:00:00:00,0,0,5,675,0,0,0,0,0
346569568,NODE_B0CBD8F33218,root,1,00:00:00:00:00:00,0,0,5,675,0,0,0,0,0
346669568,NODE_B0CBD8F33218,root,1,00:00:00:00:00:00,0,0,5,675,0,0,0,0,0
346769562,NODE_B0CBD8F33218,root,1,00:00:00:00:00:00,0,0,5,675,0,0,0,0,0
346869572,NODE_B0CBD8F33218,root,1,00:00:00:00:00:00,0,0,5,676,0,0,0,0,0
346969564,NODE_B0CBD8F33218,root,1,00:00:00:00:00:00,0,0,5,676,0,0,0,0,0
347069570,NODE_B0CBD8F33218,root,1,00:00:00:00:00:00,0,0,5,676,0,0,0,0,0
347169560,NODE_B0CBD8F33218,root,1,00:00:00:00:00:00,0,0,5,676,0,0,0,0,0
347269572,NODE_B0CBD8F33218,root,1,00:00:00:00:00:00,0,0,5,677,0,0,0,0,0
347369562,NODE_B0CBD8F33218,root,1,00:00:00:00:00:00,0,0,5,677,0,0,0,0,0
347469568,NODE_B0CBD8F33218,root,1,00:00:00:00:00:00,0,0,5,677,0,0,0,0,0
347569568,NODE_B0CBD8F33218,root,1,00:00:00:00:00:00,0,0,5,677,0,0,0,0,0
347669566,NODE_B0CBD8F33218,root,1,00:00:00:00:00:00,0,0,5,677,0,0,0,0,0
347769560,NODE_B0CBD8F33218,root,1,00:00:00:00:00:00,0,0,5,677,0,0,0,0,0
347869857,NODE_B0CBD8F33218,root,1,00:00:00:00:00:00,0,0,5,678,0,0,0,0,0
347969566,NODE_B0CBD8F33218,root,1,00:00:00:00:00:00,0,0,5,678,0,0,0,0,0
348069564,NODE_B0CBD8F33218,root,1,00:00:00:00:00:00,0,0,5,678,0,0,0,0,0
348169560,NODE_B0CBD8F33218,root,1,00:00:00:00:00:00,0,0,5,678,0,0,0,0,0
348269570,NODE_B0CBD8F33218,root,1,00:00:00:00:00:00,0,0,5,679,0,0,0,0,0
348369560,NODE_B0CBD8F33218,root,1,00:00:00:00:00:00,0,0,5,679,0,0,0,0,0
348469564,NODE_B0CBD8F33218,root,1,00:00:00:00:00:00,0,0,5,679,0,0,0,0,0
348569566,NODE_B0CBD8F33218,root,1,00:00:00:00:00:00,0,0,5,679,0,0,0,0,0
348669564,NODE_B0CBD8F33218,root,1,00:00:00:00:00:00,0,0,5,679,0,0,0,0,0
348769560,NODE_B0CBD8F33218,root,1,00:00:00:00:00:00,0,0,5,679,0,0,0,0,0
348869570,NODE_B0CBD8F33218,root,1,00:00:00:00:00:00,0,0,5,680,0,0,0,0,0
348969560,NODE_B0CBD8F33218,root,1,00:00:00:00:00:00,0,0,5,680,0,0,0,0,0
349069564,NODE_B0CBD8F33218,root,1,00:00:00:00:00:00,0,0,5,680,0,0,0,0,0
349169562,NODE_B0CBD8F33218,root,1,00:00:00:00:00:00,0,0,5,680,0,0,0,0,0
349269568,NODE_B0CBD8F33218,root,1,00:00:00:00:00:00,0,0,5,681,0,0,0,0,0
349369560,NODE_B0CBD8F33218,root,1,00:00:00:00:00:00,0,0,5,681,0,0,0,0,0
349469566,NODE_B0CBD8F33218,root,1,00:00:00:00:00:00,0,0,5,681,0,0,0,0,0
349569564,NODE_B0CBD8F33218,root,1,00:00:00:00:00:00,0,0,5,681,0,0,0,0,0
349669568,NODE_B0CBD8F33218,root,1,00:00:00:00:00:00,0,0,5,681,0,0,0,0,0
349769566,NODE_B0CBD8F33218,root,1,00:00:00:00:00:00,0,0,5,681,0,0,0,0,0
349869572,NODE_B0CBD8F33218,root,1,00:00:00:00:00:00,0,0,5,682,0,0,0,0,0
349969564,NODE_B0CBD8F33218,root,1,00:00:00:00:00:00,0,0,5,682,0,0,0,0,0
350069558,NODE_B0CBD8F33218,root,1,00:00:00:00:00:00,0,0,5,682,0,0,0,0,0
350169560,NODE_B0CBD8F33218,root,1,00:00:00:00:00:00,0,0,5,682,0,0,0,0,0
350269576,NODE_B0CBD8F33218,root,1,00:00:00:00:00:00,0,0,5,683,0,0,0,0,0
350369566,NODE_B0CBD8F33218,root,1,00:00:00:00:00:00,0,0,5,683,0,0,0,0,0
350469568,NODE_B0CBD8F33218,root,1,00:00:00:00:00:00,0,0,5,683,0,0,0,0,0
350569568,NODE_B0CBD8F33218,root,1,00:00:00:00:00:00,0,0,5,683,0,0,0,0,0
350669570,NODE_B0CBD8F33218,root,1,00:00:00:00:00:00,0,0,5,683,0,0,0,0,0
350769560,NODE_B0CBD8F33218,root,1,00:00:00:00:00:00,0,0,5,683,0,0,0,0,0
350869572,NODE_B0CBD8F33218,root,1,00:00:00:00:00:00,0,0,5,684,0,0,0,0,0
350969570,NODE_B0CBD8F33218,root,1,00:00:00:00:00:00,0,0,5,684,0,0,0,0,0
351069568,NODE_B0CBD8F33218,root,1,00:00:00:00:00:00,0,0,5,684,0,0,0,0,0
351169560,NODE_B0CBD8F33218,root,1,00:00:00:00:00:00,0,0,5,684,0,0,0,0,0
351269570,NODE_B0CBD8F33218,root,1,00:00:00:00:00:00,0,0,5,685,0,0,0,0,0
351369564,NODE_B0CBD8F33218,root,1,00:00:00:00:00:00,0,0,5,685,0,0,0,0,0
351469568,NODE_B0CBD8F33218,root,1,00:00:00:00:00:00,0,0,5,685,0,0,0,0,0
351569570,NODE_B0CBD8F33218,root,1,00:00:00:00:00:00,0,0,5,685,0,0,0,0,0
351669568,NODE_B0CBD8F33218,root,1,00:00:00:00:00:00,0,0,5,685,0,0,0,0,0
351769560,NODE_B0CBD8F33218,root,1,00:00:00:00:00:00,0,0,5,685,0,0,0,0,0
351869897,NODE_B0CBD8F33218,root,1,00:00:00:00:00:00,0,0,5,686,0,0,0,0,0
351969564,NODE_B0CBD8F33218,root,1,00:00:00:00:00:00,0,0,5,686,0,0,0,0,0
352069564,NODE_B0CBD8F33218,root,1,00:00:00:00:00:00,0,0,5,686,0,0,0,0,0
352169562,NODE_B0CBD8F33218,root,1,00:00:00:00:00:00,0,0,5,686,0,0,0,0,0
352269568,NODE_B0CBD8F33218,root,1,00:00:00:00:00:00,0,0,5,687,0,0,0,0,0
352369560,NODE_B0CBD8F33218,root,1,00:00:00:00:00:00,0,0,5,687,0,0,0,0,0
352469566,NODE_B0CBD8F33218,root,1,00:00:00:00:00:00,0,0,5,687,0,0,0,0,0
352569564,NODE_B0CBD8F33218,root,1,00:00:00:00:00:00,0,0,5,687,0,0,0,0,0
352669564,NODE_B0CBD8F33218,root,1,00:00:00:00:00:00,0,0,5,687,0,0,0,0,0
352769566,NODE_B0CBD8F33218,root,1,00:00:00:00:00:00,0,0,5,687,0,0,0,0,0
352869572,NODE_B0CBD8F33218,root,1,00:00:00:00:00:00,0,0,5,688,0,0,0,0,0
352969560,NODE_B0CBD8F33218,root,1,00:00:00:00:00:00,0,0,5,688,0,0,0,0,0
353069566,NODE_B0CBD8F33218,root,1,00:00:00:00:00:00,0,0,5,688,0,0,0,0,0
353169560,NODE_B0CBD8F33218,root,1,00:00:00:00:00:00,0,0,5,688,0,0,0,0,0
353269568,NODE_B0CBD8F33218,root,1,00:00:00:00:00:00,0,0,5,689,0,0,0,0,0
353369562,NODE_B0CBD8F33218,root,1,00:00:00:00:00:00,0,0,5,689,0,0,0,0,0
353469564,NODE_B0CBD8F33218,root,1,00:00:00:00:00:00,0,0,5,689,0,0,0,0,0
353569564,NODE_B0CBD8F33218,root,1,00:00:00:00:00:00,0,0,5,689,0,0,0,0,0
353669566,NODE_B0CBD8F33218,root,1,00:00:00:00:00:00,0,0,5,689,0,0,0,0,0
353769560,NODE_B0CBD8F33218,root,1,00:00:00:00:00:00,0,0,5,689,0,0,0,0,0
353869568,NODE_B0CBD8F33218,root,1,00:00:00:00:00:00,0,0,5,690,0,0,0,0,0
353969562,NODE_B0CBD8F33218,root,1,00:00:00:00:00:00,0,0,5,690,0,0,0,0,0
354069564,NODE_B0CBD8F33218,root,1,00:00:00:00:00:00,0,0,5,690,0,0,0,0,0
354169560,NODE_B0CBD8F33218,root,1,00:00:00:00:00:00,0,0,5,690,0,0,0,0,0
354269570,NODE_B0CBD8F33218,root,1,00:00:00:00:00:00,0,0,5,691,0,0,0,0,0
354369556,NODE_B0CBD8F33218,root,1,00:00:00:00:00:00,0,0,5,691,0,0,0,0,0
354469568,NODE_B0CBD8F33218,root,1,00:00:00:00:00:00,0,0,5,691,0,0,0,0,0
354569566,NODE_B0CBD8F33218,root,1,00:00:00:00:00:00,0,0,5,691,0,0,0,0,0
354669568,NODE_B0CBD8F33218,root,1,00:00:00:00:00:00,0,0,5,691,0,0,0,0,0
354769560,NODE_B0CBD8F33218,root,1,00:00:00:00:00:00,0,0,5,691,0,0,0,0,0
354869570,NODE_B0CBD8F33218,root,1,00:00:00:00:00:00,0,0,5,692,0,0,0,0,0
354969560,NODE_B0CBD8F33218,root,1,00:00:00:00:00:00,0,0,5,692,0,0,0,0,0
355069568,NODE_B0CBD8F33218,root,1,00:00:00:00:00:00,0,0,5,692,0,0,0,0,0
355169562,NODE_B0CBD8F33218,root,1,00:00:00:00:00:00,0,0,5,692,0,0,0,0,0
355269576,NODE_B0CBD8F33218,root,1,00:00:00:00:00:00,0,0,5,693,0,0,0,0,0
355369560,NODE_B0CBD8F33218,root,1,00:00:00:00:00:00,0,0,5,693,0,0,0,0,0
355469570,NODE_B0CBD8F33218,root,1,00:00:00:00:00:00,0,0,5,693,0,0,0,0,0
355569568,NODE_B0CBD8F33218,root,1,00:00:00:00:00:00,0,0,5,693,0,0,0,0,0
355669568,NODE_B0CBD8F33218,root,1,00:00:00:00:00:00,0,0,5,693,0,0,0,0,0
355769562,NODE_B0CBD8F33218,root,1,00:00:00:00:00:00,0,0,5,693,0,0,0,0,0
355869572,NODE_B0CBD8F33218,root,1,00:00:00:00:00:00,0,0,5,694,0,0,0,0,0
355969564,NODE_B0CBD8F33218,root,1,00:00:00:00:00:00,0,0,5,694,0,0,0,0,0
356069570,NODE_B0CBD8F33218,root,1,00:00:00:00:00:00,0,0,5,694,0,0,0,0,0
356169560,NODE_B0CBD8F33218,root,1,00:00:00:00:00:00,0,0,5,694,0,0,0,0,0
356269568,NODE_B0CBD8F33218,root,1,00:00:00:00:00:00,0,0,5,695,0,0,0,0,0
356369562,NODE_B0CBD8F33218,root,1,00:00:00:00:00:00,0,0,5,695,0,0,0,0,0
356469568,NODE_B0CBD8F33218,root,1,00:00:00:00:00:00,0,0,5,695,0,0,0,0,0
356569568,NODE_B0CBD8F33218,root,1,00:00:00:00:00:00,0,0,5,695,0,0,0,0,0
356669570,NODE_B0CBD8F33218,root,1,00:00:00:00:00:00,0,0,5,695,0,0,0,0,0
356769568,NODE_B0CBD8F33218,root,1,00:00:00:00:00:00,0,0,5,695,0,0,0,0,0
356869572,NODE_B0CBD8F33218,root,1,00:00:00:00:00:00,0,0,5,696,0,0,0,0,0
356969566,NODE_B0CBD8F33218,root,1,00:00:00:00:00:00,0,0,5,696,0,0,0,0,0
357069572,NODE_B0CBD8F33218,root,1,00:00:00:00:00:00,0,0,5,696,0,0,0,0,0
357169556,NODE_B0CBD8F33218,root,1,00:00:00:00:00:00,0,0,5,696,0,0,0,0,0
357269570,NODE_B0CBD8F33218,root,1,00:00:00:00:00:00,0,0,5,697,0,0,0,0,0
357369560,NODE_B0CBD8F33218,root,1,00:00:00:00:00:00,0,0,5,697,0,0,0,0,0
357469564,NODE_B0CBD8F33218,root,1,00:00:00:00:00:00,0,0,5,697,0,0,0,0,0
357569570,NODE_B0CBD8F33218,root,1,00:00:00:00:00:00,0,0,5,697,0,0,0,0,0
357669564,NODE_B0CBD8F33218,root,1,00:00:00:00:00:00,0,0,5,697,0,0,0,0,0
357769560,NODE_B0CBD8F33218,root,1,00:00:00:00:00:00,0,0,5,697,0,0,0,0,0
357869570,NODE_B0CBD8F33218,root,1,00:00:00:00:00:00,0,0,5,698,0,0,0,0,0
357969568,NODE_B0CBD8F33218,root,1,00:00:00:00:00:00,0,0,5,698,0,0,0,0,0
358069564,NODE_B0CBD8F33218,root,1,00:00:00:00:00:00,0,0,5,698,0,0,0,0,0
358169562,NODE_B0CBD8F33218,root,1,00:00:00:00:00:00,0,0,5,698,0,0,0,0,0
358269568,NODE_B0CBD8F33218,root,1,00:00:00:00:00:00,0,0,5,699,0,0,0,0,0
358369560,NODE_B0CBD8F33218,root,1,00:00:00:00:00:00,0,0,5,699,0,0,0,0,0
358469566,NODE_B0CBD8F33218,root,1,00:00:00:00:00:00,0,0,5,699,0,0,0,0,0
358569564,NODE_B0CBD8F33218,root,1,00:00:00:00:00:00,0,0,5,699,0,0,0,0,0
358669564,NODE_B0CBD8F33218,root,1,00:00:00:00:00:00,0,0,5,699,0,0,0,0,0
358769562,NODE_B0CBD8F33218,root,1,00:00:00:00:00:00,0,0,5,699,0,0,0,0,0
358869568,NODE_B0CBD8F33218,root,1,00:00:00:00:00:00,0,0,5,700,0,0,0,0,0
358969560,NODE_B0CBD8F33218,root,1,00:00:00:00:00:00,0,0,5,700,0,0,0,0,0
359069566,NODE_B0CBD8F33218,root,1,00:00:00:00:00:00,0,0,5,700,0,0,0,0,0
359169560,NODE_B0CBD8F33218,root,1,00:00:00:00:00:00,0,0,5,700,0,0,0,0,0
359269568,NODE_B0CBD8F33218,root,1,00:00:00:00:00:00,0,0,5,701,0,0,0,0,0
359369558,NODE_B0CBD8F33218,root,1,00:00:00:00:00:00,0,0,5,701,0,0,0,0,0
359469564,NODE_B0CBD8F33218,root,1,00:00:00:00:00:00,0,0,5,701,0,0,0,0,0
359569568,NODE_B0CBD8F33218,root,1,00:00:00:00:00:00,0,0,5,701,0,0,0,0,0
359669566,NODE_B0CBD8F33218,root,1,00:00:00:00:00:00,0,0,5,701,0,0,0,0,0
359769564,NODE_B0CBD8F33218,root,1,00:00:00:00:00:00,0,0,5,701,0,0,0,0,0
359869902,NODE_B0CBD8F33218,root,1,00:00:00:00:00:00,0,0,5,702,0,0,0,0,0
359969570,NODE_B0CBD8F33218,root,1,00:00:00:00:00:00,0,0,5,702,0,0,0,0,0
360069568,NODE_B0CBD8F33218,root,1,00:00:00:00:00:00,0,0,5,702,0,0,0,0,0
360169560,NODE_B0CBD8F33218,root,1,00:00:00:00:00:00,0,0,5,702,0,0,0,0,0
360269574,NODE_B0CBD8F33218,root,1,00:00:00:00:00:00,0,0,5,703,0,0,0,0,0
360369560,NODE_B0CBD8F33218,root,1,00:00:00:00:00:00,0,0,5,703,0,0,0,0,0
360469568,NODE_B0CBD8F33218,root,1,00:00:00:00:00:00,0,0,5,703,0,0,0,0,0
360569570,NODE_B0CBD8F33218,root,1,00:00:00:00:00:00,0,0,5,703,0,0,0,0,0
360669568,NODE_B0CBD8F33218,root,1,00:00:00:00:00:00,0,0,5,703,0,0,0,0,0
360769560,NODE_B0CBD8F33218,root,1,00:00:00:00:00:00,0,0,5,703,0,0,0,0,0
360869574,NODE_B0CBD8F33218,root,1,00:00:00:00:00:00,0,0,5,704,0,0,0,0,0
360969564,NODE_B0CBD8F33218,root,1,00:00:00:00:00:00,0,0,5,704,0,0,0,0,0
361069568,NODE_B0CBD8F33218,root,1,00:00:00:00:00:00,0,0,5,704,0,0,0,0,0
361169562,NODE_B0CBD8F33218,root,1,00:00:00:00:00:00,0,0,5,704,0,0,0,0,0
361269568,NODE_B0CBD8F33218,root,1,00:00:00:00:00:00,0,0,5,705,0,0,0,0,0
361369560,NODE_B0CBD8F33218,root,1,00:00:00:00:00:00,0,0,5,705,0,0,0,0,0
361469570,NODE_B0CBD8F33218,root,1,00:00:00:00:00:00,0,0,5,705,0,0,0,0,0
361569568,NODE_B0CBD8F33218,root,1,00:00:00:00:00:00,0,0,5,705,0,0,0,0,0
361669568,NODE_B0CBD8F33218,root,1,00:00:00:00:00:00,0,0,5,705,0,0,0,0,0
361769562,NODE_B0CBD8F33218,root,1,00:00:00:00:00:00,0,0,5,705,0,0,0,0,0
361869572,NODE_B0CBD8F33218,root,1,00:00:00:00:00:00,0,0,5,706,0,0,0,0,0
361969564,NODE_B0CBD8F33218,root,1,00:00:00:00:00:00,0,0,5,706,0,0,0,0,0
362069570,NODE_B0CBD8F33218,root,1,00:00:00:00:00:00,0,0,5,706,0,0,0,0,0
362169560,NODE_B0CBD8F33218,root,1,00:00:00:00:00:00,0,0,5,706,0,0,0,0,0
362269572,NODE_B0CBD8F33218,root,1,00:00:00:00:00:00,0,0,5,707,0,0,0,0,0
362369562,NODE_B0CBD8F33218,root,1,00:00:00:00:00:00,0,0,5,707,0,0,0,0,0
362469568,NODE_B0CBD8F33218,root,1,00:00:00:00:00:00,0,0,5,707,0,0,0,0,0
362569568,NODE_B0CBD8F33218,root,1,00:00:00:00:00:00,0,0,5,707,0,0,0,0,0
362669566,NODE_B0CBD8F33218,root,1,00:00:00:00:00:00,0,0,5,707,0,0,0,0,0
362769560,NODE_B0CBD8F33218,root,1,00:00:00:00:00:00,0,0,5,707,0,0,0,0,0
362869572,NODE_B0CBD8F33218,root,1,00:00:00:00:00:00,0,0,5,708,0,0,0,0,0
362969566,NODE_B0CBD8F33218,root,1,00:00:00:00:00:00,0,0,5,708,0,0,0,0,0
363069568,NODE_B0CBD8F33218,root,1,00:00:00:00:00:00,0,0,5,708,0,0,0,0,0
363169560,NODE_B0CBD8F33218,root,1,00:00:00:00:00:00,0,0,5,708,0,0,0,0,0
363269574,NODE_B0CBD8F33218,root,1,00:00:00:00:00:00,0,0,5,709,0,0,0,0,0
363369560,NODE_B0CBD8F33218,root,1,00:00:00:00:00:00,0,0,5,709,0,0,0,0,0
363469568,NODE_B0CBD8F33218,root,1,00:00:00:00:00:00,0,0,5,709,0,0,0,0,0
363569570,NODE_B0CBD8F33218,root,1,00:00:00:00:00:00,0,0,5,709,0,0,0,0,0
363669568,NODE_B0CBD8F33218,root,1,00:00:00:00:00:00,0,0,5,709,0,0,0,0,0
363769560,NODE_B0CBD8F33218,root,1,00:00:00:00:00:00,0,0,5,709,0,0,0,0,0
363869574,NODE_B0CBD8F33218,root,1,00:00:00:00:00:00,0,0,5,710,0,0,0,0,0
363969564,NODE_B0CBD8F33218,root,1,00:00:00:00:00:00,0,0,5,710,0,0,0,0,0
364069568,NODE_B0CBD8F33218,root,1,00:00:00:00:00:00,0,0,5,710,0,0,0,0,0
364169562,NODE_B0CBD8F33218,root,1,00:00:00:00:00:00,0,0,5,710,0,0,0,0,0
364269568,NODE_B0CBD8F33218,root,1,00:00:00:00:00:00,0,0,5,711,0,0,0,0,0
364369548,NODE_B0CBD8F33218,root,1,00:00:00:00:00:00,0,0,5,711,0,0,0,0,0
364469570,NODE_B0CBD8F33218,root,1,00:00:00:00:00:00,0,0,5,711,0,0,0,0,0
364569568,NODE_B0CBD8F33218,root,1,00:00:00:00:00:00,0,0,5,711,0,0,0,0,0
364669568,NODE_B0CBD8F33218,root,1,00:00:00:00:00:00,0,0,5,711,0,0,0,0,0
364769566,NODE_B0CBD8F33218,root,1,00:00:00:00:00:00,0,0,5,711,0,0,0,0,0
364869572,NODE_B0CBD8F33218,root,1,00:00:00:00:00:00,0,0,5,712,0,0,0,0,0
364969568,NODE_B0CBD8F33218,root,1,00:00:00:00:00:00,0,0,5,712,0,0,0,0,0
365069570,NODE_B0CBD8F33218,root,1,00:00:00:00:00:00,0,0,5,712,0,0,0,0,0
365169560,NODE_B0CBD8F33218,root,1,00:00:00:00:00:00,0,0,5,712,0,0,0,0,0
365269576,NODE_B0CBD8F33218,root,1,00:00:00:00:00:00,0,0,5,713,0,0,0,0,0
365369562,NODE_B0CBD8F33218,root,1,00:00:00:00:00:00,0,0,5,713,0,0,0,0,0
365469568,NODE_B0CBD8F33218,root,1,00:00:00:00:00:00,0,0,5,713,0,0,0,0,0
365569568,NODE_B0CBD8F33218,root,1,00:00:00:00:00:00,0,0,5,713,0,0,0,0,0
365669570,NODE_B0CBD8F33218,root,1,00:00:00:00:00:00,0,0,5,713,0,0,0,0,0
365769564,NODE_B0CBD8F33218,root,1,00:00:00:00:00:00,0,0,5,713,0,0,0,0,0
365869572,NODE_B0CBD8F33218,root,1,00:00:00:00:00:00,0,0,5,714,0,0,0,0,0
365969566,NODE_B0CBD8F33218,root,1,00:00:00:00:00:00,0,0,5,714,0,0,0,0,0
366069568,NODE_B0CBD8F33218,root,1,00:00:00:00:00:00,0,0,5,714,0,0,0,0,0
366169560,NODE_B0CBD8F33218,root,1,00:00:00:00:00:00,0,0,5,714,0,0,0,0,0
366269570,NODE_B0CBD8F33218,root,1,00:00:00:00:00:00,0,0,5,715,0,0,0,0,0
366369556,NODE_B0CBD8F33218,root,1,00:00:00:00:00:00,0,0,5,715,0,0,0,0,0
366469568,NODE_B0CBD8F33218,root,1,00:00:00:00:00:00,0,0,5,715,0,0,0,0,0
366569570,NODE_B0CBD8F33218,root,1,00:00:00:00:00:00,0,0,5,715,0,0,0,0,0
366669568,NODE_B0CBD8F33218,root,1,00:00:00:00:00:00,0,0,5,715,0,0,0,0,0
366769564,NODE_B0CBD8F33218,root,1,00:00:00:00:00:00,0,0,5,715,0,0,0,0,0
366869574,NODE_B0CBD8F33218,root,1,00:00:00:00:00:00,0,0,5,716,0,0,0,0,0
366969560,NODE_B0CBD8F33218,root,1,00:00:00:00:00:00,0,0,5,716,0,0,0,0,0
367069568,NODE_B0CBD8F33218,root,1,00:00:00:00:00:00,0,0,5,716,0,0,0,0,0
367169562,NODE_B0CBD8F33218,root,1,00:00:00:00:00:00,0,0,5,716,0,0,0,0,0
367269572,NODE_B0CBD8F33218,root,1,00:00:00:00:00:00,0,0,5,717,0,0,0,0,0
367369560,NODE_B0CBD8F33218,root,1,00:00:00:00:00:00,0,0,5,717,0,0,0,0,0
367469570,NODE_B0CBD8F33218,root,1,00:00:00:00:00:00,0,0,5,717,0,0,0,0,0
367569568,NODE_B0CBD8F33218,root,1,00:00:00:00:00:00,0,0,5,717,0,0,0,0,0
367669564,NODE_B0CBD8F33218,root,1,00:00:00:00:00:00,0,0,5,717,0,0,0,0,0
367769566,NODE_B0CBD8F33218,root,1,00:00:00:00:00:00,0,0,5,717,0,0,0,0,0
367869572,NODE_B0CBD8F33218,root,1,00:00:00:00:00:00,0,0,5,718,0,0,0,0,0
367969564,NODE_B0CBD8F33218,root,1,00:00:00:00:00:00,0,0,5,718,0,0,0,0,0
368069570,NODE_B0CBD8F33218,root,1,00:00:00:00:00:00,0,0,5,718,0,0,0,0,0
368169576,NODE_B0CBD8F33218,root,1,00:00:00:00:00:00,0,0,5,718,1,1,0,0,0
368269572,NODE_B0CBD8F33218,root,1,00:00:00:00:00:00,0,0,5,718,1,1,0,0,0
368369570,NODE_B0CBD8F33218,root,1,00:00:00:00:00:00,0,0,5,718,1,1,0,0,0
368469576,NODE_B0CBD8F33218,root,1,00:00:00:00:00:00,0,0,5,718,1,1,0,0,0
368569572,NODE_B0CBD8F33218,root,1,00:00:00:00:00:00,0,0,5,718,1,1,0,0,0
368669566,NODE_B0CBD8F33218,root,1,00:00:00:00:00:00,0,0,10,718,1,1,0,0,0
368769564,NODE_B0CBD8F33218,root,1,00:00:00:00:00:00,0,0,10,718,1,1,0,0,0
368869928,NODE_B0CBD8F33218,root,1,00:00:00:00:00:00,0,0,10,719,1,1,0,0,0
368969574,NODE_B0CBD8F33218,root,1,00:00:00:00:00:00,0,0,10,719,1,1,0,0,0
369069568,NODE_B0CBD8F33218,root,1,00:00:00:00:00:00,0,0,10,719,1,1,0,0,0
369169560,NODE_B0CBD8F33218,root,1,00:00:00:00:00:00,0,0,10,719,1,1,0,0,0
369269570,NODE_B0CBD8F33218,root,1,00:00:00:00:00:00,0,0,10,719,1,1,0,0,0
369369568,NODE_B0CBD8F33218,root,1,00:00:00:00:00:00,0,0,10,719,1,1,0,0,0
369469560,NODE_B0CBD8F33218,root,1,00:00:00:00:00:00,0,0,10,719,1,1,0,0,0
369569570,NODE_B0CBD8F33218,root,1,00:00:00:00:00:00,0,0,10,719,1,1,0,0,0
369669568,NODE_B0CBD8F33218,root,1,00:00:00:00:00:00,0,0,10,719,1,1,0,0,0
369769560,NODE_B0CBD8F33218,root,1,00:00:00:00:00:00,0,0,10,719,1,1,0,0,0
369869574,NODE_B0CBD8F33218,root,1,00:00:00:00:00:00,0,0,10,720,1,1,0,0,0
369969564,NODE_B0CBD8F33218,root,1,00:00:00:00:00:00,0,0,10,720,1,1,0,0,0
370069568,NODE_B0CBD8F33218,root,1,00:00:00:00:00:00,0,0,10,720,1,1,0,0,0
370169562,NODE_B0CBD8F33218,root,1,00:00:00:00:00:00,0,0,10,720,1,1,0,0,0
370269568,NODE_B0CBD8F33218,root,1,00:00:00:00:00:00,0,0,10,720,1,1,0,0,0
370369568,NODE_B0CBD8F33218,root,1,00:00:00:00:00:00,0,0,10,720,1,1,0,0,0
370469562,NODE_B0CBD8F33218,root,1,00:00:00:00:00:00,0,0,10,720,1,1,0,0,0
370569568,NODE_B0CBD8F33218,root,1,00:00:00:00:00:00,0,0,10,720,1,1,0,0,0
370669568,NODE_B0CBD8F33218,root,1,00:00:00:00:00:00,0,0,10,720,1,1,0,0,0
370769562,NODE_B0CBD8F33218,root,1,00:00:00:00:00:00,0,0,10,720,1,1,0,0,0
370869568,NODE_B0CBD8F33218,root,1,00:00:00:00:00:00,0,0,10,721,1,1,0,0,0
370969560,NODE_B0CBD8F33218,root,1,00:00:00:00:00:00,0,0,10,721,1,1,0,0,0
371069570,NODE_B0CBD8F33218,root,1,00:00:00:00:00:00,0,0,10,721,1,1,0,0,0
371169560,NODE_B0CBD8F33218,root,1,00:00:00:00:00:00,0,0,10,721,1,1,0,0,0
371269568,NODE_B0CBD8F33218,root,1,00:00:00:00:00:00,0,0,10,721,1,1,0,0,0
371369570,NODE_B0CBD8F33218,root,1,00:00:00:00:00:00,0,0,10,721,1,1,0,0,0
371469557,NODE_B0CBD8F33218,root,1,00:00:00:00:00:00,0,0,10,721,1,1,0,0,0
371569568,NODE_B0CBD8F33218,root,1,00:00:00:00:00:00,0,0,10,721,1,1,0,0,0
371669570,NODE_B0CBD8F33218,root,1,00:00:00:00:00:00,0,0,10,721,1,1,0,0,0
371769560,NODE_B0CBD8F33218,root,1,00:00:00:00:00:00,0,0,10,721,1,1,0,0,0
371869572,NODE_B0CBD8F33218,root,1,00:00:00:00:00:00,0,0,10,722,1,1,0,0,0
371969562,NODE_B0CBD8F33218,root,1,00:00:00:00:00:00,0,0,10,722,1,1,0,0,0
372069568,NODE_B0CBD8F33218,root,1,00:00:00:00:00:00,0,0,10,722,1,1,0,0,0
372169560,NODE_B0CBD8F33218,root,1,00:00:00:00:00:00,0,0,10,722,1,1,0,0,0
372269570,NODE_B0CBD8F33218,root,1,00:00:00:00:00:00,0,0,10,722,1,1,0,0,0
372369568,NODE_B0CBD8F33218,root,1,00:00:00:00:00:00,0,0,10,722,1,1,0,0,0
372469560,NODE_B0CBD8F33218,root,1,00:00:00:00:00:00,0,0,10,722,1,1,0,0,0
372569570,NODE_B0CBD8F33218,root,1,00:00:00:00:00:00,0,0,10,722,1,1,0,0,0
372669564,NODE_B0CBD8F33218,root,1,00:00:00:00:00:00,0,0,10,722,1,1,0,0,0
372769561,NODE_B0CBD8F33218,root,1,00:00:00:00:00:00,0,0,10,722,1,1,0,0,0
372869574,NODE_B0CBD8F33218,root,1,00:00:00:00:00:00,0,0,10,723,1,1,0,0,0
372969564,NODE_B0CBD8F33218,root,1,00:00:00:00:00:00,0,0,10,723,1,1,0,0,0
373069568,NODE_B0CBD8F33218,root,1,00:00:00:00:00:00,0,0,10,723,1,1,0,0,0
373169562,NODE_B0CBD8F33218,root,1,00:00:00:00:00:00,0,0,10,723,1,1,0,0,0
373269568,NODE_B0CBD8F33218,root,1,00:00:00:00:00:00,0,0,10,723,1,1,0,0,0
373369568,NODE_B0CBD8F33218,root,1,00:00:00:00:00:00,0,0,10,723,1,1,0,0,0
373469562,NODE_B0CBD8F33218,root,1,00:00:00:00:00:00,0,0,10,723,1,1,0,0,0
373569568,NODE_B0CBD8F33218,root,1,00:00:00:00:00:00,0,0,10,723,1,1,0,0,0
373669568,NODE_B0CBD8F33218,root,1,00:00:00:00:00:00,0,0,10,723,1,1,0,0,0
373769566,NODE_B0CBD8F33218,root,1,00:00:00:00:00:00,0,0,10,723,1,1,0,0,0
373869576,NODE_B0CBD8F33218,root,1,00:00:00:00:00:00,0,0,10,724,1,1,0,0,0
373969568,NODE_B0CBD8F33218,root,1,00:00:00:00:00:00,0,0,10,724,1,1,0,0,0
374069570,NODE_B0CBD8F33218,root,1,00:00:00:00:00:00,0,0,10,724,1,1,0,0,0
374169560,NODE_B0CBD8F33218,root,1,00:00:00:00:00:00,0,0,10,724,1,1,0,0,0
374269568,NODE_B0CBD8F33218,root,1,00:00:00:00:00:00,0,0,10,724,1,1,0,0,0
374369570,NODE_B0CBD8F33218,root,1,00:00:00:00:00:00,0,0,10,724,1,1,0,0,0
374469560,NODE_B0CBD8F33218,root,1,00:00:00:00:00:00,0,0,10,724,1,1,0,0,0
374569568,NODE_B0CBD8F33218,root,1,00:00:00:00:00:00,0,0,10,724,1,1,0,0,0
374669570,NODE_B0CBD8F33218,root,1,00:00:00:00:00:00,0,0,10,724,1,1,0,0,0
374769560,NODE_B0CBD8F33218,root,1,00:00:00:00:00:00,0,0,10,724,1,1,0,0,0
374869568,NODE_B0CBD8F33218,root,1,00:00:00:00:00:00,0,0,10,725,1,1,0,0,0
374969570,NODE_B0CBD8F33218,root,1,00:00:00:00:00:00,0,0,10,725,1,1,0,0,0
375069568,NODE_B0CBD8F33218,root,1,00:00:00:00:00:00,0,0,10,725,1,1,0,0,0
375169560,NODE_B0CBD8F33218,root,1,00:00:00:00:00:00,0,0,10,725,1,1,0,0,0
375269570,NODE_B0CBD8F33218,root,1,00:00:00:00:00:00,0,0,10,725,1,1,0,0,0
375369568,NODE_B0CBD8F33218,root,1,00:00:00:00:00:00,0,0,10,725,1,1,0,0,0
375469560,NODE_B0CBD8F33218,root,1,00:00:00:00:00:00,0,0,10,725,1,1,0,0,0
375569570,NODE_B0CBD8F33218,root,1,00:00:00:00:00:00,0,0,10,725,1,1,0,0,0
375669568,NODE_B0CBD8F33218,root,1,00:00:00:00:00:00,0,0,10,725,1,1,0,0,0
375769560,NODE_B0CBD8F33218,root,1,00:00:00:00:00:00,0,0,10,725,1,1,0,0,0
375869574,NODE_B0CBD8F33218,root,1,00:00:00:00:00:00,0,0,10,726,1,1,0,0,0
375969564,NODE_B0CBD8F33218,root,1,00:00:00:00:00:00,0,0,10,726,1,1,0,0,0
376069568,NODE_B0CBD8F33218,root,1,00:00:00:00:00:00,0,0,10,726,1,1,0,0,0
376169562,NODE_B0CBD8F33218,root,1,00:00:00:00:00:00,0,0,10,726,1,1,0,0,0
376269568,NODE_B0CBD8F33218,root,1,00:00:00:00:00:00,0,0,10,726,1,1,0,0,0
376369568,NODE_B0CBD8F33218,root,1,00:00:00:00:00:00,0,0,10,726,1,1,0,0,0
376469562,NODE_B0CBD8F33218,root,1,00:00:00:00:00:00,0,0,10,726,1,1,0,0,0
376569568,NODE_B0CBD8F33218,root,1,00:00:00:00:00:00,0,0,10,726,1,1,0,0,0
376669568,NODE_B0CBD8F33218,root,1,00:00:00:00:00:00,0,0,10,726,1,1,0,0,0
376769562,NODE_B0CBD8F33218,root,1,00:00:00:00:00:00,0,0,10,726,1,1,0,0,0
376869572,NODE_B0CBD8F33218,root,1,00:00:00:00:00:00,0,0,10,727,1,1,0,0,0
376969568,NODE_B0CBD8F33218,root,1,00:00:00:00:00:00,0,0,10,727,1,1,0,0,0
377069570,NODE_B0CBD8F33218,root,1,00:00:00:00:00:00,0,0,10,727,1,1,0,0,0
377169560,NODE_B0CBD8F33218,root,1,00:00:00:00:00:00,0,0,10,727,1,1,0,0,0
377269568,NODE_B0CBD8F33218,root,1,00:00:00:00:00:00,0,0,10,727,1,1,0,0,0
377369570,NODE_B0CBD8F33218,root,1,00:00:00:00:00:00,0,0,10,727,1,1,0,0,0
377469560,NODE_B0CBD8F33218,root,1,00:00:00:00:00:00,0,0,10,727,1,1,0,0,0
377569568,NODE_B0CBD8F33218,root,1,00:00:00:00:00:00,0,0,10,727,1,1,0,0,0
377669566,NODE_B0CBD8F33218,root,1,00:00:00:00:00:00,0,0,10,727,1,1,0,0,0
377769560,NODE_B0CBD8F33218,root,1,00:00:00:00:00:00,0,0,10,727,1,1,0,0,0
377869572,NODE_B0CBD8F33218,root,1,00:00:00:00:00:00,0,0,10,728,1,1,0,0,0
377969562,NODE_B0CBD8F33218,root,1,00:00:00:00:00:00,0,0,10,728,1,1,0,0,0
378069568,NODE_B0CBD8F33218,root,1,00:00:00:00:00:00,0,0,10,728,1,1,0,0,0
378169560,NODE_B0CBD8F33218,root,1,00:00:00:00:00:00,0,0,10,728,1,1,0,0,0
378269570,NODE_B0CBD8F33218,root,1,00:00:00:00:00:00,0,0,10,728,1,1,0,0,0
378369568,NODE_B0CBD8F33218,root,1,00:00:00:00:00:00,0,0,10,728,1,1,0,0,0
378469560,NODE_B0CBD8F33218,root,1,00:00:00:00:00:00,0,0,10,728,1,1,0,0,0
378569570,NODE_B0CBD8F33218,root,1,00:00:00:00:00:00,0,0,10,728,1,1,0,0,0
378669556,NODE_B0CBD8F33218,root,1,00:00:00:00:00:00,0,0,10,728,1,1,0,0,0
378769560,NODE_B0CBD8F33218,root,1,00:00:00:00:00:00,0,0,10,728,1,1,0,0,0
378869578,NODE_B0CBD8F33218,root,1,00:00:00:00:00:00,0,0,10,729,1,1,0,0,0
378969568,NODE_B0CBD8F33218,root,1,00:00:00:00:00:00,0,0,10,729,1,1,0,0,0
379069568,NODE_B0CBD8F33218,root,1,00:00:00:00:00:00,0,0,10,729,1,1,0,0,0
379169562,NODE_B0CBD8F33218,root,1,00:00:00:00:00:00,0,0,10,729,1,1,0,0,0
379269572,NODE_B0CBD8F33218,root,1,00:00:00:00:00:00,0,0,10,729,1,1,0,0,0
379369568,NODE_B0CBD8F33218,root,1,00:00:00:00:00:00,0,0,10,729,1,1,0,0,0
379469562,NODE_B0CBD8F33218,root,1,00:00:00:00:00:00,0,0,10,729,1,1,0,0,0
379569568,NODE_B0CBD8F33218,root,1,00:00:00:00:00:00,0,0,10,729,1,1,0,0,0
379669568,NODE_B0CBD8F33218,root,1,00:00:00:00:00:00,0,0,10,729,1,1,0,0,0
379769562,NODE_B0CBD8F33218,root,1,00:00:00:00:00:00,0,0,10,729,1,1,0,0,0
379869572,NODE_B0CBD8F33218,root,1,00:00:00:00:00:00,0,0,10,730,1,1,0,0,0
379969564,NODE_B0CBD8F33218,root,1,00:00:00:00:00:00,0,0,10,730,1,1,0,0,0
380069570,NODE_B0CBD8F33218,root,1,00:00:00:00:00:00,0,0,10,730,1,1,0,0,0
380169560,NODE_B0CBD8F33218,root,1,00:00:00:00:00:00,0,0,10,730,1,1,0,0,0
380269568,NODE_B0CBD8F33218,root,1,00:00:00:00:00:00,0,0,10,730,1,1,0,0,0
380369570,NODE_B0CBD8F33218,root,1,00:00:00:00:00:00,0,0,10,730,1,1,0,0,0
380469560,NODE_B0CBD8F33218,root,1,00:00:00:00:00:00,0,0,10,730,1,1,0,0,0
380569568,NODE_B0CBD8F33218,root,1,00:00:00:00:00:00,0,0,10,730,1,1,0,0,0
380669570,NODE_B0CBD8F33218,root,1,00:00:00:00:00:00,0,0,10,730,1,1,0,0,0
380769560,NODE_B0CBD8F33218,root,1,00:00:00:00:00:00,0,0,10,730,1,1,0,0,0
380869568,NODE_B0CBD8F33218,root,1,00:00:00:00:00:00,0,0,10,731,1,1,0,0,0
380969566,NODE_B0CBD8F33218,root,1,00:00:00:00:00:00,0,0,10,731,1,1,0,0,0
381069572,NODE_B0CBD8F33218,root,1,00:00:00:00:00:00,0,0,10,731,1,1,0,0,0
381169560,NODE_B0CBD8F33218,root,1,00:00:00:00:00:00,0,0,10,731,1,1,0,0,0
381269570,NODE_B0CBD8F33218,root,1,00:00:00:00:00:00,0,0,10,731,1,1,0,0,0
381369568,NODE_B0CBD8F33218,root,1,00:00:00:00:00:00,0,0,10,731,1,1,0,0,0
381469560,NODE_B0CBD8F33218,root,1,00:00:00:00:00:00,0,0,10,731,1,1,0,0,0
381569570,NODE_B0CBD8F33218,root,1,00:00:00:00:00:00,0,0,10,731,1,1,0,0,0
381669568,NODE_B0CBD8F33218,root,1,00:00:00:00:00:00,0,0,10,731,1,1,0,0,0
381769560,NODE_B0CBD8F33218,root,1,00:00:00:00:00:00,0,0,10,731,1,1,0,0,0
381869574,NODE_B0CBD8F33218,root,1,00:00:00:00:00:00,0,0,10,732,1,1,0,0,0
381969564,NODE_B0CBD8F33218,root,1,00:00:00:00:00:00,0,0,10,732,1,1,0,0,0
382069568,NODE_B0CBD8F33218,root,1,00:00:00:00:00:00,0,0,10,732,1,1,0,0,0
382169566,NODE_B0CBD8F33218,root,1,00:00:00:00:00:00,0,0,10,732,1,1,0,0,0
382269568,NODE_B0CBD8F33218,root,1,00:00:00:00:00:00,0,0,10,732,1,1,0,0,0
382369568,NODE_B0CBD8F33218,root,1,00:00:00:00:00:00,0,0,10,732,1,1,0,0,0
382469562,NODE_B0CBD8F33218,root,1,00:00:00:00:00:00,0,0,10,732,1,1,0,0,0
382569568,NODE_B0CBD8F33218,root,1,00:00:00:00:00:00,0,0,10,732,1,1,0,0,0
382669564,NODE_B0CBD8F33218,root,1,00:00:00:00:00:00,0,0,10,732,1,1,0,0,0
382769562,NODE_B0CBD8F33218,root,1,00:00:00:00:00:00,0,0,10,732,1,1,0,0,0
382869889,NODE_B0CBD8F33218,root,1,00:00:00:00:00:00,0,0,10,733,1,1,0,0,0
382969564,NODE_B0CBD8F33218,root,1,00:00:00:00:00:00,0,0,10,733,1,1,0,0,0
383069566,NODE_B0CBD8F33218,root,1,00:00:00:00:00:00,0,0,10,733,1,1,0,0,0
383169560,NODE_B0CBD8F33218,root,1,00:00:00:00:00:00,0,0,10,733,1,1,0,0,0
383269564,NODE_B0CBD8F33218,root,1,00:00:00:00:00:00,0,0,10,733,1,1,0,0,0
383369566,NODE_B0CBD8F33218,root,1,00:00:00:00:00:00,0,0,10,733,1,1,0,0,0
383469560,NODE_B0CBD8F33218,root,1,00:00:00:00:00:00,0,0,10,733,1,1,0,0,0
383569564,NODE_B0CBD8F33218,root,1,00:00:00:00:00:00,0,0,10,733,1,1,0,0,0
383669570,NODE_B0CBD8F33218,root,1,00:00:00:00:00:00,0,0,10,733,1,1,0,0,0
383769560,NODE_B0CBD8F33218,root,1,00:00:00:00:00:00,0,0,10,733,1,1,0,0,0
383869572,NODE_B0CBD8F33218,root,1,00:00:00:00:00:00,0,0,10,734,1,1,0,0,0
383969566,NODE_B0CBD8F33218,root,1,00:00:00:00:00:00,0,0,10,734,1,1,0,0,0
384069568,NODE_B0CBD8F33218,root,1,00:00:00:00:00:00,0,0,10,734,1,1,0,0,0
384169560,NODE_B0CBD8F33218,root,1,00:00:00:00:00:00,0,0,10,734,1,1,0,0,0
384269570,NODE_B0CBD8F33218,root,1,00:00:00:00:00:00,0,0,10,734,1,1,0,0,0
384369568,NODE_B0CBD8F33218,root,1,00:00:00:00:00:00,0,0,10,734,1,1,0,0,0
384469560,NODE_B0CBD8F33218,root,1,00:00:00:00:00:00,0,0,10,734,1,1,0,0,0
384569570,NODE_B0CBD8F33218,root,1,00:00:00:00:00:00,0,0,10,734,1,1,0,0,0
384669568,NODE_B0CBD8F33218,root,1,00:00:00:00:00:00,0,0,10,734,1,1,0,0,0
384769560,NODE_B0CBD8F33218,root,1,00:00:00:00:00:00,0,0,10,734,1,1,0,0,0
384869570,NODE_B0CBD8F33218,root,1,00:00:00:00:00:00,0,0,10,735,1,1,0,0,0
384969564,NODE_B0CBD8F33218,root,1,00:00:00:00:00:00,0,0,10,735,1,1,0,0,0
385069568,NODE_B0CBD8F33218,root,1,00:00:00:00:00:00,0,0,10,735,1,1,0,0,0
385169566,NODE_B0CBD8F33218,root,1,00:00:00:00:00:00,0,0,10,735,1,1,0,0,0
385269859,NODE_B0CBD8F33218,root,1,00:00:00:00:00:00,0,0,10,735,1,1,0,0,0
385369568,NODE_B0CBD8F33218,root,1,00:00:00:00:00:00,0,0,10,735,1,1,0,0,0
385469562,NODE_B0CBD8F33218,root,1,00:00:00:00:00:00,0,0,10,735,1,1,0,0,0
385569568,NODE_B0CBD8F33218,root,1,00:00:00:00:00:00,0,0,10,735,1,1,0,0,0
385669568,NODE_B0CBD8F33218,root,1,00:00:00:00:00:00,0,0,10,735,1,1,0,0,0
385769558,NODE_B0CBD8F33218,root,1,00:00:00:00:00:00,0,0,10,735,1,1,0,0,0
385869568,NODE_B0CBD8F33218,root,1,00:00:00:00:00:00,0,0,10,736,1,1,0,0,0
385969564,NODE_B0CBD8F33218,root,1,00:00:00:00:00:00,0,0,10,736,1,1,0,0,0
386069566,NODE_B0CBD8F33218,root,1,00:00:00:00:00:00,0,0,10,736,1,1,0,0,0
386169560,NODE_B0CBD8F33218,root,1,00:00:00:00:00:00,0,0,10,736,1,1,0,0,0
386269564,NODE_B0CBD8F33218,root,1,00:00:00:00:00:00,0,0,10,736,1,1,0,0,0
386369566,NODE_B0CBD8F33218,root,1,00:00:00:00:00:00,0,0,10,736,1,1,0,0,0
386469560,NODE_B0CBD8F33218,root,1,00:00:00:00:00:00,0,0,10,736,1,1,0,0,0
386569564,NODE_B0CBD8F33218,root,1,00:00:00:00:00:00,0,0,10,736,1,1,0,0,0
386669566,NODE_B0CBD8F33218,root,1,00:00:00:00:00:00,0,0,10,736,1,1,0,0,0
386769560,NODE_B0CBD8F33218,root,1,00:00:00:00:00:00,0,0,10,736,1,1,0,0,0
386869568,NODE_B0CBD8F33218,root,1,00:00:00:00:00:00,0,0,10,737,1,1,0,0,0
386969562,NODE_B0CBD8F33218,root,1,00:00:00:00:00:00,0,0,10,737,1,1,0,0,0
387069564,NODE_B0CBD8F33218,root,1,00:00:00:00:00:00,0,0,10,737,1,1,0,0,0
387169560,NODE_B0CBD8F33218,root,1,00:00:00:00:00:00,0,0,10,737,1,1,0,0,0
387269566,NODE_B0CBD8F33218,root,1,00:00:00:00:00:00,0,0,10,737,1,1,0,0,0
387369564,NODE_B0CBD8F33218,root,1,00:00:00:00:00:00,0,0,10,737,1,1,0,0,0
387469560,NODE_B0CBD8F33218,root,1,00:00:00:00:00:00,0,0,10,737,1,1,0,0,0
387569566,NODE_B0CBD8F33218,root,1,00:00:00:00:00:00,0,0,10,737,1,1,0,0,0
387669564,NODE_B0CBD8F33218,root,1,00:00:00:00:00:00,0,0,10,737,1,1,0,0,0
387769560,NODE_B0CBD8F33218,root,1,00:00:00:00:00:00,0,0,10,737,1,1,0,0,0
387869570,NODE_B0CBD8F33218,root,1,00:00:00:00:00:00,0,0,10,738,1,1,0,0,0
387969560,NODE_B0CBD8F33218,root,1,00:00:00:00:00:00,0,0,10,738,1,1,0,0,0
388069564,NODE_B0CBD8F33218,root,1,00:00:00:00:00:00,0,0,10,738,1,1,0,0,0
388169562,NODE_B0CBD8F33218,root,1,00:00:00:00:00:00,0,0,10,738,1,1,0,0,0
388270187,NODE_B0CBD8F33218,root,1,00:00:00:00:00:00,0,0,10,738,1,1,0,0,0
388369564,NODE_B0CBD8F33218,root,1,00:00:00:00:00:00,0,0,10,738,1,1,0,0,0
388469562,NODE_B0CBD8F33218,root,1,00:00:00:00:00:00,0,0,10,738,1,1,0,0,0
388569564,NODE_B0CBD8F33218,root,1,00:00:00:00:00:00,0,0,10,738,1,1,0,0,0
388669564,NODE_B0CBD8F33218,root,1,00:00:00:00:00:00,0,0,10,738,1,1,0,0,0
388769562,NODE_B0CBD8F33218,root,1,00:00:00:00:00:00,0,0,10,738,1,1,0,0,0
388869572,NODE_B0CBD8F33218,root,1,00:00:00:00:00:00,0,0,10,739,1,1,0,0,0
388969560,NODE_B0CBD8F33218,root,1,00:00:00:00:00:00,0,0,10,739,1,1,0,0,0
389069566,NODE_B0CBD8F33218,root,1,00:00:00:00:00:00,0,0,10,739,1,1,0,0,0
389169560,NODE_B0CBD8F33218,root,1,00:00:00:00:00:00,0,0,10,739,1,1,0,0,0
389269564,NODE_B0CBD8F33218,root,1,00:00:00:00:00:00,0,0,10,739,1,1,0,0,0
389369566,NODE_B0CBD8F33218,root,1,00:00:00:00:00:00,0,0,10,739,1,1,0,0,0
389469560,NODE_B0CBD8F33218,root,1,00:00:00:00:00:00,0,0,10,739,1,1,0,0,0
389569564,NODE_B0CBD8F33218,root,1,00:00:00:00:00:00,0,0,10,739,1,1,0,0,0
389669570,NODE_B0CBD8F33218,root,1,00:00:00:00:00:00,0,0,10,739,1,1,0,0,0
389769560,NODE_B0CBD8F33218,root,1,00:00:00:00:00:00,0,0,10,739,1,1,0,0,0
389869572,NODE_B0CBD8F33218,root,1,00:00:00:00:00:00,0,0,10,740,1,1,0,0,0
389969566,NODE_B0CBD8F33218,root,1,00:00:00:00:00:00,0,0,10,740,1,1,0,0,0
390069568,NODE_B0CBD8F33218,root,1,00:00:00:00:00:00,0,0,10,740,1,1,0,0,0
390169560,NODE_B0CBD8F33218,root,1,00:00:00:00:00:00,0,0,10,740,1,1,0,0,0
390269570,NODE_B0CBD8F33218,root,1,00:00:00:00:00:00,0,0,10,740,1,1,0,0,0
390369568,NODE_B0CBD8F33218,root,1,00:00:00:00:00:00,0,0,10,740,1,1,0,0,0
390469560,NODE_B0CBD8F33218,root,1,00:00:00:00:00:00,0,0,10,740,1,1,0,0,0
390569570,NODE_B0CBD8F33218,root,1,00:00:00:00:00:00,0,0,10,740,1,1,0,0,0
390669568,NODE_B0CBD8F33218,root,1,00:00:00:00:00:00,0,0,10,740,1,1,0,0,0
390769560,NODE_B0CBD8F33218,root,1,00:00:00:00:00:00,0,0,10,740,1,1,0,0,0
390869570,NODE_B0CBD8F33218,root,1,00:00:00:00:00:00,0,0,10,741,1,1,0,0,0
390969564,NODE_B0CBD8F33218,root,1,00:00:00:00:00:00,0,0,10,741,1,1,0,0,0
391069568,NODE_B0CBD8F33218,root,1,00:00:00:00:00:00,0,0,10,741,1,1,0,0,0
391169562,NODE_B0CBD8F33218,root,1,00:00:00:00:00:00,0,0,10,741,1,1,0,0,0
391269568,NODE_B0CBD8F33218,root,1,00:00:00:00:00:00,0,0,10,741,1,1,0,0,0
391369568,NODE_B0CBD8F33218,root,1,00:00:00:00:00:00,0,0,10,741,1,1,0,0,0
391469562,NODE_B0CBD8F33218,root,1,00:00:00:00:00:00,0,0,10,741,1,1,0,0,0
391569572,NODE_B0CBD8F33218,root,1,00:00:00:00:00:00,0,0,10,741,1,1,0,0,0
391669568,NODE_B0CBD8F33218,root,1,00:00:00:00:00:00,0,0,10,741,1,1,0,0,0
391769562,NODE_B0CBD8F33218,root,1,00:00:00:00:00:00,0,0,10,741,1,1,0,0,0
391869572,NODE_B0CBD8F33218,root,1,00:00:00:00:00:00,0,0,10,742,1,1,0,0,0
391969564,NODE_B0CBD8F33218,root,1,00:00:00:00:00:00,0,0,10,742,1,1,0,0,0
392069570,NODE_B0CBD8F33218,root,1,00:00:00:00:00:00,0,0,10,742,1,1,0,0,0
392169560,NODE_B0CBD8F33218,root,1,00:00:00:00:00:00,0,0,10,742,1,1,0,0,0
392269568,NODE_B0CBD8F33218,root,1,00:00:00:00:00:00,0,0,10,742,1,1,0,0,0
392369570,NODE_B0CBD8F33218,root,1,00:00:00:00:00:00,0,0,10,742,1,1,0,0,0
392469560,NODE_B0CBD8F33218,root,1,00:00:00:00:00:00,0,0,10,742,1,1,0,0,0
392569568,NODE_B0CBD8F33218,root,1,00:00:00:00:00:00,0,0,10,742,1,1,0,0,0
392669566,NODE_B0CBD8F33218,root,1,00:00:00:00:00:00,0,0,10,742,1,1,0,0,0
392769560,NODE_B0CBD8F33218,root,1,00:00:00:00:00:00,0,0,10,742,1,1,0,0,0
392869574,NODE_B0CBD8F33218,root,1,00:00:00:00:00:00,0,0,10,743,1,1,0,0,0
392969562,NODE_B0CBD8F33218,root,1,00:00:00:00:00:00,0,0,10,743,1,1,0,0,0
393069568,NODE_B0CBD8F33218,root,1,00:00:00:00:00:00,0,0,10,743,1,1,0,0,0
393169560,NODE_B0CBD8F33218,root,1,00:00:00:00:00:00,0,0,10,743,1,1,0,0,0
393269570,NODE_B0CBD8F33218,root,1,00:00:00:00:00:00,0,0,10,743,1,1,0,0,0
393369568,NODE_B0CBD8F33218,root,1,00:00:00:00:00:00,0,0,10,743,1,1,0,0,0
393469560,NODE_B0CBD8F33218,root,1,00:00:00:00:00:00,0,0,10,743,1,1,0,0,0
393569574,NODE_B0CBD8F33218,root,1,00:00:00:00:00:00,0,0,10,743,1,1,0,0,0
393669568,NODE_B0CBD8F33218,root,1,00:00:00:00:00:00,0,0,10,743,1,1,0,0,0
393769560,NODE_B0CBD8F33218,root,1,00:00:00:00:00:00,0,0,10,743,1,1,0,0,0
393869578,NODE_B0CBD8F33218,root,1,00:00:00:00:00:00,0,0,10,744,1,1,0,0,0
393969564,NODE_B0CBD8F33218,root,1,00:00:00:00:00:00,0,0,10,744,1,1,0,0,0
394069568,NODE_B0CBD8F33218,root,1,00:00:00:00:00:00,0,0,10,744,1,1,0,0,0
394169562,NODE_B0CBD8F33218,root,1,00:00:00:00:00:00,0,0,10,744,1,1,0,0,0
394269568,NODE_B0CBD8F33218,root,1,00:00:00:00:00:00,0,0,10,744,1,1,0,0,0
394369568,NODE_B0CBD8F33218,root,1,00:00:00:00:00:00,0,0,10,744,1,1,0,0,0
394469550,NODE_B0CBD8F33218,root,1,00:00:00:00:00:00,0,0,10,744,1,1,0,0,0
394569568,NODE_B0CBD8F33218,root,1,00:00:00:00:00:00,0,0,10,744,1,1,0,0,0
394669568,NODE_B0CBD8F33218,root,1,00:00:00:00:00:00,0,0,10,744,1,1,0,0,0
394769562,NODE_B0CBD8F33218,root,1,00:00:00:00:00:00,0,0,10,744,1,1,0,0,0
394869568,NODE_B0CBD8F33218,root,1,00:00:00:00:00:00,0,0,10,745,1,1,0,0,0
394969564,NODE_B0CBD8F33218,root,1,00:00:00:00:00:00,0,0,10,745,1,1,0,0,0
395069570,NODE_B0CBD8F33218,root,1,00:00:00:00:00:00,0,0,10,745,1,1,0,0,0
395169560,NODE_B0CBD8F33218,root,1,00:00:00:00:00:00,0,0,10,745,1,1,0,0,0
395269568,NODE_B0CBD8F33218,root,1,00:00:00:00:00:00,0,0,10,745,1,1,0,0,0
395369570,NODE_B0CBD8F33218,root,1,00:00:00:00:00:00,0,0,10,745,1,1,0,0,0
395469564,NODE_B0CBD8F33218,root,1,00:00:00:00:00:00,0,0,10,745,1,1,0,0,0
395569568,NODE_B0CBD8F33218,root,1,00:00:00:00:00:00,0,0,10,745,1,1,0,0,0
395669570,NODE_B0CBD8F33218,root,1,00:00:00:00:00:00,0,0,10,745,1,1,0,0,0
395769560,NODE_B0CBD8F33218,root,1,00:00:00:00:00:00,0,0,10,745,1,1,0,0,0
395869572,NODE_B0CBD8F33218,root,1,00:00:00:00:00:00,0,0,10,746,1,1,0,0,0
395969562,NODE_B0CBD8F33218,root,1,00:00:00:00:00:00,0,0,10,746,1,1,0,0,0
396069568,NODE_B0CBD8F33218,root,1,00:00:00:00:00:00,0,0,10,746,1,1,0,0,0
396169560,NODE_B0CBD8F33218,root,1,00:00:00:00:00:00,0,0,10,746,1,1,0,0,0
396269570,NODE_B0CBD8F33218,root,1,00:00:00:00:00:00,0,0,10,746,1,1,0,0,0
396369568,NODE_B0CBD8F33218,root,1,00:00:00:00:00:00,0,0,10,746,1,1,0,0,0
396469560,NODE_B0CBD8F33218,root,1,00:00:00:00:00:00,0,0,10,746,1,1,0,0,0
396569570,NODE_B0CBD8F33218,root,1,00:00:00:00:00:00,0,0,10,746,1,1,0,0,0
396669568,NODE_B0CBD8F33218,root,1,00:00:00:00:00:00,0,0,10,746,1,1,0,0,0
396769560,NODE_B0CBD8F33218,root,1,00:00:00:00:00:00,0,0,10,746,1,1,0,0,0
396869930,NODE_B0CBD8F33218,root,1,00:00:00:00:00:00,0,0,10,747,1,1,0,0,0
396969564,NODE_B0CBD8F33218,root,1,00:00:00:00:00:00,0,0,10,747,1,1,0,0,0
397069564,NODE_B0CBD8F33218,root,1,00:00:00:00:00:00,0,0,10,747,1,1,0,0,0
397169562,NODE_B0CBD8F33218,root,1,00:00:00:00:00:00,0,0,10,747,1,1,0,0,0
397269564,NODE_B0CBD8F33218,root,1,00:00:00:00:00:00,0,0,10,747,1,1,0,0,0
397369564,NODE_B0CBD8F33218,root,1,00:00:00:00:00:00,0,0,10,747,1,1,0,0,0
397469566,NODE_B0CBD8F33218,root,1,00:00:00:00:00:00,0,0,10,747,1,1,0,0,0
397569564,NODE_B0CBD8F33218,root,1,00:00:00:00:00:00,0,0,10,747,1,1,0,0,0
397669564,NODE_B0CBD8F33218,root,1,00:00:00:00:00:00,0,0,10,747,1,1,0,0,0
397769562,NODE_B0CBD8F33218,root,1,00:00:00:00:00:00,0,0,10,747,1,1,0,0,0
397869568,NODE_B0CBD8F33218,root,1,00:00:00:00:00:00,0,0,10,748,1,1,0,0,0
397969560,NODE_B0CBD8F33218,root,1,00:00:00:00:00:00,0,0,10,748,1,1,0,0,0
398069566,NODE_B0CBD8F33218,root,1,00:00:00:00:00:00,0,0,10,748,1,1,0,0,0
398169560,NODE_B0CBD8F33218,root,1,00:00:00:00:00:00,0,0,10,748,1,1,0,0,0
398269564,NODE_B0CBD8F33218,root,1,00:00:00:00:00:00,0,0,10,748,1,1,0,0,0
398369566,NODE_B0CBD8F33218,root,1,00:00:00:00:00:00,0,0,10,748,1,1,0,0,0
398469564,NODE_B0CBD8F33218,root,1,00:00:00:00:00:00,0,0,10,748,1,1,0,0,0
398569564,NODE_B0CBD8F33218,root,1,00:00:00:00:00:00,0,0,10,748,1,1,0,0,0
398669566,NODE_B0CBD8F33218,root,1,00:00:00:00:00:00,0,0,10,748,1,1,0,0,0
398769560,NODE_B0CBD8F33218,root,1,00:00:00:00:00:00,0,0,10,748,1,1,0,0,0
398869572,NODE_B0CBD8F33218,root,1,00:00:00:00:00:00,0,0,10,749,1,1,0,0,0
398969562,NODE_B0CBD8F33218,root,1,00:00:00:00:00:00,0,0,10,749,1,1,0,0,0
399069564,NODE_B0CBD8F33218,root,1,00:00:00:00:00:00,0,0,10,749,1,1,0,0,0
399169560,NODE_B0CBD8F33218,root,1,00:00:00:00:00:00,0,0,10,749,1,1,0,0,0
399269566,NODE_B0CBD8F33218,root,1,00:00:00:00:00:00,0,0,10,749,1,1,0,0,0
399369564,NODE_B0CBD8F33218,root,1,00:00:00:00:00:00,0,0,10,749,1,1,0,0,0
399469560,NODE_B0CBD8F33218,root,1,00:00:00:00:00:00,0,0,10,749,1,1,0,0,0
399569570,NODE_B0CBD8F33218,root,1,00:00:00:00:00:00,0,0,10,749,1,1,0,0,0
399669564,NODE_B0CBD8F33218,root,1,00:00:00:00:00:00,0,0,10,749,1,1,0,0,0
399769560,NODE_B0CBD8F33218,root,1,00:00:00:00:00:00,0,0,10,749,1,1,0,0,0
399869571,NODE_B0CBD8F33218,root,1,00:00:00:00:00:00,0,0,10,750,1,1,0,0,0
399969574,NODE_B0CBD8F33218,root,1,00:00:00:00:00:00,0,0,10,750,1,1,0,0,0
400069574,NODE_B0CBD8F33218,root,1,00:00:00:00:00:00,0,0,10,750,1,1,0,0,0
400169562,NODE_B0CBD8F33218,root,1,00:00:00:00:00:00,0,0,10,750,1,1,0,0,0
400269568,NODE_B0CBD8F33218,root,1,00:00:00:00:00:00,0,0,10,750,1,1,0,0,0
400369568,NODE_B0CBD8F33218,root,1,00:00:00:00:00:00,0,0,10,750,1,1,0,0,0
400469562,NODE_B0CBD8F33218,root,1,00:00:00:00:00:00,0,0,10,750,1,1,0,0,0
400569568,NODE_B0CBD8F33218,root,1,00:00:00:00:00:00,0,0,10,750,1,1,0,0,0
400669568,NODE_B0CBD8F33218,root,1,00:00:00:00:00:00,0,0,10,750,1,1,0,0,0
400769562,NODE_B0CBD8F33218,root,1,00:00:00:00:00:00,0,0,10,750,1,1,0,0,0
400869568,NODE_B0CBD8F33218,root,1,00:00:00:00:00:00,0,0,10,751,1,1,0,0,0
400969560,NODE_B0CBD8F33218,root,1,00:00:00:00:00:00,0,0,10,751,1,1,0,0,0
401069570,NODE_B0CBD8F33218,root,1,00:00:00:00:00:00,0,0,10,751,1,1,0,0,0
401169560,NODE_B0CBD8F33218,root,1,00:00:00:00:00:00,0,0,10,751,1,1,0,0,0
401269568,NODE_B0CBD8F33218,root,1,00:00:00:00:00:00,0,0,10,751,1,1,0,0,0
401369570,NODE_B0CBD8F33218,root,1,00:00:00:00:00:00,0,0,10,751,1,1,0,0,0
401469560,NODE_B0CBD8F33218,root,1,00:00:00:00:00:00,0,0,10,751,1,1,0,0,0
401569572,NODE_B0CBD8F33218,root,1,00:00:00:00:00:00,0,0,10,751,1,1,0,0,0
401669570,NODE_B0CBD8F33218,root,1,00:00:00:00:00:00,0,0,10,751,1,1,0,0,0
401769560,NODE_B0CBD8F33218,root,1,00:00:00:00:00:00,0,0,10,751,1,1,0,0,0
401869572,NODE_B0CBD8F33218,root,1,00:00:00:00:00:00,0,0,10,752,1,1,0,0,0
401969566,NODE_B0CBD8F33218,root,1,00:00:00:00:00:00,0,0,10,752,1,1,0,0,0
402069568,NODE_B0CBD8F33218,root,1,00:00:00:00:00:00,0,0,10,752,1,1,0,0,0
402169560,NODE_B0CBD8F33218,root,1,00:00:00:00:00:00,0,0,10,752,1,1,0,0,0
402269570,NODE_B0CBD8F33218,root,1,00:00:00:00:00:00,0,0,10,752,1,1,0,0,0
402369568,NODE_B0CBD8F33218,root,1,00:00:00:00:00:00,0,0,10,752,1,1,0,0,0
402469560,NODE_B0CBD8F33218,root,1,00:00:00:00:00:00,0,0,10,752,1,1,0,0,0
402569570,NODE_B0CBD8F33218,root,1,00:00:00:00:00:00,0,0,10,752,1,1,0,0,0
402669564,NODE_B0CBD8F33218,root,1,00:00:00:00:00:00,0,0,10,752,1,1,0,0,0
402769560,NODE_B0CBD8F33218,root,1,00:00:00:00:00:00,0,0,10,752,1,1,0,0,0
402869574,NODE_B0CBD8F33218,root,1,00:00:00:00:00:00,0,0,10,753,1,1,0,0,0
402969564,NODE_B0CBD8F33218,root,1,00:00:00:00:00:00,0,0,10,753,1,1,0,0,0
403069568,NODE_B0CBD8F33218,root,1,00:00:00:00:00:00,0,0,10,753,1,1,0,0,0
403169562,NODE_B0CBD8F33218,root,1,00:00:00:00:00:00,0,0,10,753,1,1,0,0,0
403269568,NODE_B0CBD8F33218,root,1,00:00:00:00:00:00,0,0,10,753,1,1,0,0,0
403369568,NODE_B0CBD8F33218,root,1,00:00:00:00:00:00,0,0,10,753,1,1,0,0,0
403469562,NODE_B0CBD8F33218,root,1,00:00:00:00:00:00,0,0,10,753,1,1,0,0,0
403569568,NODE_B0CBD8F33218,root,1,00:00:00:00:00:00,0,0,10,753,1,1,0,0,0
403669568,NODE_B0CBD8F33218,root,1,00:00:00:00:00:00,0,0,10,753,1,1,0,0,0
403769562,NODE_B0CBD8F33218,root,1,00:00:00:00:00:00,0,0,10,753,1,1,0,0,0
403869572,NODE_B0CBD8F33218,root,1,00:00:00:00:00:00,0,0,10,754,1,1,0,0,0
403969564,NODE_B0CBD8F33218,root,1,00:00:00:00:00:00,0,0,10,754,1,1,0,0,0
404069570,NODE_B0CBD8F33218,root,1,00:00:00:00:00:00,0,0,10,754,1,1,0,0,0
404169560,NODE_B0CBD8F33218,root,1,00:00:00:00:00:00,0,0,10,754,1,1,0,0,0
404269568,NODE_B0CBD8F33218,root,1,00:00:00:00:00:00,0,0,10,754,1,1,0,0,0
404369570,NODE_B0CBD8F33218,root,1,00:00:00:00:00:00,0,0,10,754,1,1,0,0,0
404469560,NODE_B0CBD8F33218,root,1,00:00:00:00:00:00,0,0,10,754,1,1,0,0,0
404569568,NODE_B0CBD8F33218,root,1,00:00:00:00:00:00,0,0,10,754,1,1,0,0,0
404669570,NODE_B0CBD8F33218,root,1,00:00:00:00:00:00,0,0,10,754,1,1,0,0,0
404769560,NODE_B0CBD8F33218,root,1,00:00:00:00:00:00,0,0,10,754,1,1,0,0,0
404869568,NODE_B0CBD8F33218,root,1,00:00:00:00:00:00,0,0,10,755,1,1,0,0,0
404969562,NODE_B0CBD8F33218,root,1,00:00:00:00:00:00,0,0,10,755,1,1,0,0,0
405069568,NODE_B0CBD8F33218,root,1,00:00:00:00:00:00,0,0,10,755,1,1,0,0,0
405169560,NODE_B0CBD8F33218,root,1,00:00:00:00:00:00,0,0,10,755,1,1,0,0,0
405269570,NODE_B0CBD8F33218,root,1,00:00:00:00:00:00,0,0,10,755,1,1,0,0,0
405369568,NODE_B0CBD8F33218,root,1,00:00:00:00:00:00,0,0,10,755,1,1,0,0,0
405469560,NODE_B0CBD8F33218,root,1,00:00:00:00:00:00,0,0,10,755,1,1,0,0,0
405569570,NODE_B0CBD8F33218,root,1,00:00:00:00:00:00,0,0,10,755,1,1,0,0,0
405669568,NODE_B0CBD8F33218,root,1,00:00:00:00:00:00,0,0,10,755,1,1,0,0,0
405769560,NODE_B0CBD8F33218,root,1,00:00:00:00:00:00,0,0,10,755,1,1,0,0,0
405869574,NODE_B0CBD8F33218,root,1,00:00:00:00:00:00,0,0,10,756,1,1,0,0,0
405969564,NODE_B0CBD8F33218,root,1,00:00:00:00:00:00,0,0,10,756,1,1,0,0,0
406069568,NODE_B0CBD8F33218,root,1,00:00:00:00:00:00,0,0,10,756,1,1,0,0,0
406169562,NODE_B0CBD8F33218,root,1,00:00:00:00:00:00,0,0,10,756,1,1,0,0,0
406269568,NODE_B0CBD8F33218,root,1,00:00:00:00:00:00,0,0,10,756,1,1,0,0,0
406369568,NODE_B0CBD8F33218,root,1,00:00:00:00:00:00,0,0,10,756,1,1,0,0,0
406469562,NODE_B0CBD8F33218,root,1,00:00:00:00:00:00,0,0,10,756,1,1,0,0,0
406569568,NODE_B0CBD8F33218,root,1,00:00:00:00:00:00,0,0,10,756,1,1,0,0,0
406669568,NODE_B0CBD8F33218,root,1,00:00:00:00:00:00,0,0,10,756,1,1,0,0,0
406769562,NODE_B0CBD8F33218,root,1,00:00:00:00:00:00,0,0,10,756,1,1,0,0,0
406869572,NODE_B0CBD8F33218,root,1,00:00:00:00:00:00,0,0,10,757,1,1,0,0,0
406969564,NODE_B0CBD8F33218,root,1,00:00:00:00:00:00,0,0,10,757,1,1,0,0,0
407069570,NODE_B0CBD8F33218,root,1,00:00:00:00:00:00,0,0,10,757,1,1,0,0,0
407169556,NODE_B0CBD8F33218,root,1,00:00:00:00:00:00,0,0,10,757,1,1,0,0,0
407269568,NODE_B0CBD8F33218,root,1,00:00:00:00:00:00,0,0,10,757,1,1,0,0,0
407369570,NODE_B0CBD8F33218,root,1,00:00:00:00:00:00,0,0,10,757,1,1,0,0,0
407469560,NODE_B0CBD8F33218,root,1,00:00:00:00:00:00,0,0,10,757,1,1,0,0,0
407569568,NODE_B0CBD8F33218,root,1,00:00:00:00:00:00,0,0,10,757,1,1,0,0,0
407669566,NODE_B0CBD8F33218,root,1,00:00:00:00:00:00,0,0,10,757,1,1,0,0,0
407769564,NODE_B0CBD8F33218,root,1,00:00:00:00:00:00,0,0,10,757,1,1,0,0,0
407869572,NODE_B0CBD8F33218,root,1,00:00:00:00:00:00,0,0,10,758,1,1,0,0,0
407969566,NODE_B0CBD8F33218,root,1,00:00:00:00:00:00,0,0,10,758,1,1,0,0,0
408069568,NODE_B0CBD8F33218,root,1,00:00:00:00:00:00,0,0,10,758,1,1,0,0,0
408169560,NODE_B0CBD8F33218,root,1,00:00:00:00:00:00,0,0,10,758,1,1,0,0,0
408269570,NODE_B0CBD8F33218,root,1,00:00:00:00:00:00,0,0,10,758,1,1,0,0,0
408369568,NODE_B0CBD8F33218,root,1,00:00:00:00:00:00,0,0,10,758,1,1,0,0,0
408469560,NODE_B0CBD8F33218,root,1,00:00:00:00:00:00,0,0,10,758,1,1,0,0,0
408569570,NODE_B0CBD8F33218,root,1,00:00:00:00:00:00,0,0,10,758,1,1,0,0,0
408669568,NODE_B0CBD8F33218,root,1,00:00:00:00:00:00,0,0,10,758,1,1,0,0,0
408769564,NODE_B0CBD8F33218,root,1,00:00:00:00:00:00,0,0,10,758,1,1,0,0,0
408869578,NODE_B0CBD8F33218,root,1,00:00:00:00:00:00,0,0,10,759,1,1,0,0,0
408969564,NODE_B0CBD8F33218,root,1,00:00:00:00:00:00,0,0,10,759,1,1,0,0,0
409069568,NODE_B0CBD8F33218,root,1,00:00:00:00:00:00,0,0,10,759,1,1,0,0,0
409169562,NODE_B0CBD8F33218,root,1,00:00:00:00:00:00,0,0,10,759,1,1,0,0,0
409269568,NODE_B0CBD8F33218,root,1,00:00:00:00:00:00,0,0,10,759,1,1,0,0,0
409369568,NODE_B0CBD8F33218,root,1,00:00:00:00:00:00,0,0,10,759,1,1,0,0,0
409469562,NODE_B0CBD8F33218,root,1,00:00:00:00:00:00,0,0,10,759,1,1,0,0,0
409569568,NODE_B0CBD8F33218,root,1,00:00:00:00:00:00,0,0,10,759,1,1,0,0,0
409669568,NODE_B0CBD8F33218,root,1,00:00:00:00:00:00,0,0,10,759,1,1,0,0,0
409769566,NODE_B0CBD8F33218,root,1,00:00:00:00:00:00,0,0,10,759,1,1,0,0,0
409869572,NODE_B0CBD8F33218,root,1,00:00:00:00:00:00,0,0,10,760,1,1,0,0,0
409969564,NODE_B0CBD8F33218,root,1,00:00:00:00:00:00,0,0,10,760,1,1,0,0,0
410069570,NODE_B0CBD8F33218,root,1,00:00:00:00:00:00,0,0,10,760,1,1,0,0,0
410169560,NODE_B0CBD8F33218,root,1,00:00:00:00:00:00,0,0,10,760,1,1,0,0,0
410269568,NODE_B0CBD8F33218,root,1,00:00:00:00:00:00,0,0,10,760,1,1,0,0,0
410369570,NODE_B0CBD8F33218,root,1,00:00:00:00:00:00,0,0,10,760,1,1,0,0,0
410469560,NODE_B0CBD8F33218,root,1,00:00:00:00:00:00,0,0,10,760,1,1,0,0,0
410569568,NODE_B0CBD8F33218,root,1,00:00:00:00:00:00,0,0,10,760,1,1,0,0,0
410669570,NODE_B0CBD8F33218,root,1,00:00:00:00:00:00,0,0,10,760,1,1,0,0,0
410769564,NODE_B0CBD8F33218,root,1,00:00:00:00:00:00,0,0,10,760,1,1,0,0,0
410869568,NODE_B0CBD8F33218,root,1,00:00:00:00:00:00,0,0,10,761,1,1,0,0,0
410969562,NODE_B0CBD8F33218,root,1,00:00:00:00:00:00,0,0,10,761,1,1,0,0,0
411069568,NODE_B0CBD8F33218,root,1,00:00:00:00:00:00,0,0,10,761,1,1,0,0,0
411169560,NODE_B0CBD8F33218,root,1,00:00:00:00:00:00,0,0,10,761,1,1,0,0,0
411269570,NODE_B0CBD8F33218,root,1,00:00:00:00:00:00,0,0,10,761,1,1,0,0,0
411369568,NODE_B0CBD8F33218,root,1,00:00:00:00:00:00,0,0,10,761,1,1,0,0,0
411469560,NODE_B0CBD8F33218,root,1,00:00:00:00:00:00,0,0,10,761,1,1,0,0,0
411569570,NODE_B0CBD8F33218,root,1,00:00:00:00:00:00,0,0,10,761,1,1,0,0,0
411669568,NODE_B0CBD8F33218,root,1,00:00:00:00:00:00,0,0,10,761,1,1,0,0,0
411769560,NODE_B0CBD8F33218,root,1,00:00:00:00:00:00,0,0,10,761,1,1,0,0,0
411869574,NODE_B0CBD8F33218,root,1,00:00:00:00:00:00,0,0,10,762,1,1,0,0,0
411969560,NODE_B0CBD8F33218,root,1,00:00:00:00:00:00,0,0,10,762,1,1,0,0,0
412069568,NODE_B0CBD8F33218,root,1,00:00:00:00:00:00,0,0,10,762,1,1,0,0,0
412169562,NODE_B0CBD8F33218,root,1,00:00:00:00:00:00,0,0,10,762,1,1,0,0,0
412269568,NODE_B0CBD8F33218,root,1,00:00:00:00:00:00,0,0,10,762,1,1,0,0,0
412369568,NODE_B0CBD8F33218,root,1,00:00:00:00:00:00,0,0,10,762,1,1,0,0,0
412469562,NODE_B0CBD8F33218,root,1,00:00:00:00:00:00,0,0,10,762,1,1,0,0,0
412569568,NODE_B0CBD8F33218,root,1,00:00:00:00:00:00,0,0,10,762,1,1,0,0,0
412669564,NODE_B0CBD8F33218,root,1,00:00:00:00:00:00,0,0,10,762,1,1,0,0,0
412769562,NODE_B0CBD8F33218,root,1,00:00:00:00:00:00,0,0,10,762,1,1,0,0,0
412869572,NODE_B0CBD8F33218,root,1,00:00:00:00:00:00,0,0,10,763,1,1,0,0,0
412969564,NODE_B0CBD8F33218,root,1,00:00:00:00:00:00,0,0,10,763,1,1,0,0,0
413069570,NODE_B0CBD8F33218,root,1,00:00:00:00:00:00,0,0,10,763,1,1,0,0,0
413169560,NODE_B0CBD8F33218,root,1,00:00:00:00:00:00,0,0,10,763,1,1,0,0,0
413269568,NODE_B0CBD8F33218,root,1,00:00:00:00:00:00,0,0,10,763,1,1,0,0,0
413369570,NODE_B0CBD8F33218,root,1,00:00:00:00:00:00,0,0,10,763,1,1,0,0,0
413469560,NODE_B0CBD8F33218,root,1,00:00:00:00:00:00,0,0,10,763,1,1,0,0,0
413569568,NODE_B0CBD8F33218,root,1,00:00:00:00:00:00,0,0,10,763,1,1,0,0,0
413669570,NODE_B0CBD8F33218,root,1,00:00:00:00:00:00,0,0,10,763,1,1,0,0,0
413769560,NODE_B0CBD8F33218,root,1,00:00:00:00:00:00,0,0,10,763,1,1,0,0,0
413869576,NODE_B0CBD8F33218,root,1,00:00:00:00:00:00,0,0,10,764,1,1,0,0,0
413969566,NODE_B0CBD8F33218,root,1,00:00:00:00:00:00,0,0,10,764,1,1,0,0,0
414069568,NODE_B0CBD8F33218,root,1,00:00:00:00:00:00,0,0,10,764,1,1,0,0,0
414169568,NODE_B0CBD8F33218,root,1,00:00:00:00:00:00,0,0,10,764,1,1,0,0,0
414269570,NODE_B0CBD8F33218,root,1,00:00:00:00:00:00,0,0,10,764,1,1,0,0,0
414369568,NODE_B0CBD8F33218,root,1,00:00:00:00:00:00,0,0,10,764,1,1,0,0,0
414469560,NODE_B0CBD8F33218,root,1,00:00:00:00:00:00,0,0,10,764,1,1,0,0,0
414569570,NODE_B0CBD8F33218,root,1,00:00:00:00:00:00,0,0,10,764,1,1,0,0,0
414669568,NODE_B0CBD8F33218,root,1,00:00:00:00:00:00,0,0,10,764,1,1,0,0,0
414769560,NODE_B0CBD8F33218,root,1,00:00:00:00:00:00,0,0,10,764,1,1,0,0,0
414869570,NODE_B0CBD8F33218,root,1,00:00:00:00:00:00,0,0,10,765,1,1,0,0,0
414969564,NODE_B0CBD8F33218,root,1,00:00:00:00:00:00,0,0,10,765,1,1,0,0,0
415069568,NODE_B0CBD8F33218,root,1,00:00:00:00:00:00,0,0,10,765,1,1,0,0,0
415169562,NODE_B0CBD8F33218,root,1,00:00:00:00:00:00,0,0,10,765,1,1,0,0,0
415269568,NODE_B0CBD8F33218,root,1,00:00:00:00:00:00,0,0,10,765,1,1,0,0,0
415369568,NODE_B0CBD8F33218,root,1,00:00:00:00:00:00,0,0,10,765,1,1,0,0,0
415469562,NODE_B0CBD8F33218,root,1,00:00:00:00:00:00,0,0,10,765,1,1,0,0,0
415569568,NODE_B0CBD8F33218,root,1,00:00:00:00:00:00,0,0,10,765,1,1,0,0,0
415669568,NODE_B0CBD8F33218,root,1,00:00:00:00:00:00,0,0,10,765,1,1,0,0,0
415769562,NODE_B0CBD8F33218,root,1,00:00:00:00:00:00,0,0,10,765,1,1,0,0,0
415869572,NODE_B0CBD8F33218,root,1,00:00:00:00:00:00,0,0,10,766,1,1,0,0,0
415969564,NODE_B0CBD8F33218,root,1,00:00:00:00:00:00,0,0,10,766,1,1,0,0,0
416069570,NODE_B0CBD8F33218,root,1,00:00:00:00:00:00,0,0,10,766,1,1,0,0,0
416169560,NODE_B0CBD8F33218,root,1,00:00:00:00:00:00,0,0,10,766,1,1,0,0,0
416269568,NODE_B0CBD8F33218,root,1,00:00:00:00:00:00,0,0,10,766,1,1,0,0,0
416369570,NODE_B0CBD8F33218,root,1,00:00:00:00:00:00,0,0,10,766,1,1,0,0,0
416469560,NODE_B0CBD8F33218,root,1,00:00:00:00:00:00,0,0,10,766,1,1,0,0,0
416569568,NODE_B0CBD8F33218,root,1,00:00:00:00:00:00,0,0,10,766,1,1,0,0,0
416669570,NODE_B0CBD8F33218,root,1,00:00:00:00:00:00,0,0,10,766,1,1,0,0,0
416769560,NODE_B0CBD8F33218,root,1,00:00:00:00:00:00,0,0,10,766,1,1,0,0,0
416869572,NODE_B0CBD8F33218,root,1,00:00:00:00:00:00,0,0,10,767,1,1,0,0,0
416969566,NODE_B0CBD8F33218,root,1,00:00:00:00:00:00,0,0,10,767,1,1,0,0,0
417069568,NODE_B0CBD8F33218,root,1,00:00:00:00:00:00,0,0,10,767,1,1,0,0,0
417169560,NODE_B0CBD8F33218,root,1,00:00:00:00:00:00,0,0,10,767,1,1,0,0,0
417269570,NODE_B0CBD8F33218,root,1,00:00:00:00:00:00,0,0,10,767,1,1,0,0,0
417369568,NODE_B0CBD8F33218,root,1,00:00:00:00:00:00,0,0,10,767,1,1,0,0,0
417469560,NODE_B0CBD8F33218,root,1,00:00:00:00:00:00,0,0,10,767,1,1,0,0,0
417569570,NODE_B0CBD8F33218,root,1,00:00:00:00:00:00,0,0,10,767,1,1,0,0,0
417669564,NODE_B0CBD8F33218,root,1,00:00:00:00:00:00,0,0,10,767,1,1,0,0,0
417769560,NODE_B0CBD8F33218,root,1,00:00:00:00:00:00,0,0,10,767,1,1,0,0,0
417869574,NODE_B0CBD8F33218,root,1,00:00:00:00:00:00,0,0,10,768,1,1,0,0,0
417969568,NODE_B0CBD8F33218,root,1,00:00:00:00:00:00,0,0,10,768,1,1,0,0,0
418069568,NODE_B0CBD8F33218,root,1,00:00:00:00:00:00,0,0,10,768,1,1,0,0,0
418169562,NODE_B0CBD8F33218,root,1,00:00:00:00:00:00,0,0,10,768,1,1,0,0,0
418269568,NODE_B0CBD8F33218,root,1,00:00:00:00:00:00,0,0,10,768,1,1,0,0,0
418369568,NODE_B0CBD8F33218,root,1,00:00:00:00:00:00,0,0,10,768,1,1,0,0,0
418469562,NODE_B0CBD8F33218,root,1,00:00:00:00:00:00,0,0,10,768,1,1,0,0,0
418569568,NODE_B0CBD8F33218,root,1,00:00:00:00:00:00,0,0,10,768,1,1,0,0,0
418669568,NODE_B0CBD8F33218,root,1,00:00:00:00:00:00,0,0,10,768,1,1,0,0,0
418769562,NODE_B0CBD8F33218,root,1,00:00:00:00:00:00,0,0,10,768,1,1,0,0,0
418869576,NODE_B0CBD8F33218,root,1,00:00:00:00:00:00,0,0,10,769,1,1,0,0,0
418969568,NODE_B0CBD8F33218,root,1,00:00:00:00:00:00,0,0,10,769,1,1,0,0,0
419069570,NODE_B0CBD8F33218,root,1,00:00:00:00:00:00,0,0,10,769,1,1,0,0,0
419169560,NODE_B0CBD8F33218,root,1,00:00:00:00:00:00,0,0,10,769,1,1,0,0,0
419269568,NODE_B0CBD8F33218,root,1,00:00:00:00:00:00,0,0,10,769,1,1,0,0,0
419369570,NODE_B0CBD8F33218,root,1,00:00:00:00:00:00,0,0,10,769,1,1,0,0,0
419469560,NODE_B0CBD8F33218,root,1,00:00:00:00:00:00,0,0,10,769,1,1,0,0,0
419569568,NODE_B0CBD8F33218,root,1,00:00:00:00:00:00,0,0,10,769,1,1,0,0,0
419669570,NODE_B0CBD8F33218,root,1,00:00:00:00:00:00,0,0,10,769,1,1,0,0,0
419769560,NODE_B0CBD8F33218,root,1,00:00:00:00:00:00,0,0,10,769,1,1,0,0,0
419869572,NODE_B0CBD8F33218,root,1,00:00:00:00:00:00,0,0,10,770,1,1,0,0,0
419969570,NODE_B0CBD8F33218,root,1,00:00:00:00:00:00,0,0,10,770,1,1,0,0,0
420069568,NODE_B0CBD8F33218,root,1,00:00:00:00:00:00,0,0,10,770,1,1,0,0,0
420169560,NODE_B0CBD8F33218,root,1,00:00:00:00:00:00,0,0,10,770,1,1,0,0,0
420269570,NODE_B0CBD8F33218,root,1,00:00:00:00:00:00,0,0,10,770,1,1,0,0,0
420369568,NODE_B0CBD8F33218,root,1,00:00:00:00:00:00,0,0,10,770,1,1,0,0,0
420469560,NODE_B0CBD8F33218,root,1,00:00:00:00:00:00,0,0,10,770,1,1,0,0,0
420569570,NODE_B0CBD8F33218,root,1,00:00:00:00:00:00,0,0,10,770,1,1,0,0,0
420669568,NODE_B0CBD8F33218,root,1,00:00:00:00:00:00,0,0,10,770,1,1,0,0,0
420769560,NODE_B0CBD8F33218,root,1,00:00:00:00:00:00,0,0,10,770,1,1,0,0,0
420869570,NODE_B0CBD8F33218,root,1,00:00:00:00:00:00,0,0,10,771,1,1,0,0,0
420969560,NODE_B0CBD8F33218,root,1,00:00:00:00:00:00,0,0,10,771,1,1,0,0,0
421069568,NODE_B0CBD8F33218,root,1,00:00:00:00:00:00,0,0,10,771,1,1,0,0,0
421169562,NODE_B0CBD8F33218,root,1,00:00:00:00:00:00,0,0,10,771,1,1,0,0,0
421269568,NODE_B0CBD8F33218,root,1,00:00:00:00:00:00,0,0,10,771,1,1,0,0,0
421369568,NODE_B0CBD8F33218,root,1,00:00:00:00:00:00,0,0,10,771,1,1,0,0,0
421469554,NODE_B0CBD8F33218,root,1,00:00:00:00:00:00,0,0,10,771,1,1,0,0,0
421569568,NODE_B0CBD8F33218,root,1,00:00:00:00:00:00,0,0,10,771,1,1,0,0,0
421669568,NODE_B0CBD8F33218,root,1,00:00:00:00:00:00,0,0,10,771,1,1,0,0,0
421769562,NODE_B0CBD8F33218,root,1,00:00:00:00:00:00,0,0,10,771,1,1,0,0,0
421869572,NODE_B0CBD8F33218,root,1,00:00:00:00:00:00,0,0,10,772,1,1,0,0,0
421969564,NODE_B0CBD8F33218,root,1,00:00:00:00:00:00,0,0,10,772,1,1,0,0,0
422069570,NODE_B0CBD8F33218,root,1,00:00:00:00:00:00,0,0,10,772,1,1,0,0,0
422169560,NODE_B0CBD8F33218,root,1,00:00:00:00:00:00,0,0,10,772,1,1,0,0,0
422269568,NODE_B0CBD8F33218,root,1,00:00:00:00:00:00,0,0,10,772,1,1,0,0,0
422369570,NODE_B0CBD8F33218,root,1,00:00:00:00:00:00,0,0,10,772,1,1,0,0,0
422469560,NODE_B0CBD8F33218,root,1,00:00:00:00:00:00,0,0,10,772,1,1,0,0,0
422569568,NODE_B0CBD8F33218,root,1,00:00:00:00:00:00,0,0,10,772,1,1,0,0,0
422669566,NODE_B0CBD8F33218,root,1,00:00:00:00:00:00,0,0,10,772,1,1,0,0,0
422769560,NODE_B0CBD8F33218,root,1,00:00:00:00:00:00,0,0,10,772,1,1,0,0,0
422869572,NODE_B0CBD8F33218,root,1,00:00:00:00:00:00,0,0,10,773,1,1,0,0,0
422969562,NODE_B0CBD8F33218,root,1,00:00:00:00:00:00,0,0,10,773,1,1,0,0,0
423069572,NODE_B0CBD8F33218,root,1,00:00:00:00:00:00,0,0,10,773,1,1,0,0,0
423169560,NODE_B0CBD8F33218,root,1,00:00:00:00:00:00,0,0,10,773,1,1,0,0,0
423269570,NODE_B0CBD8F33218,root,1,00:00:00:00:00:00,0,0,10,773,1,1,0,0,0
423369568,NODE_B0CBD8F33218,root,1,00:00:00:00:00:00,0,0,10,773,1,1,0,0,0
423469560,NODE_B0CBD8F33218,root,1,00:00:00:00:00:00,0,0,10,773,1,1,0,0,0
423569570,NODE_B0CBD8F33218,root,1,00:00:00:00:00:00,0,0,10,773,1,1,0,0,0
423669568,NODE_B0CBD8F33218,root,1,00:00:00:00:00:00,0,0,10,773,1,1,0,0,0
423769560,NODE_B0CBD8F33218,root,1,00:00:00:00:00:00,0,0,10,773,1,1,0,0,0
423869574,NODE_B0CBD8F33218,root,1,00:00:00:00:00:00,0,0,10,774,1,1,0,0,0
423969564,NODE_B0CBD8F33218,root,1,00:00:00:00:00:00,0,0,10,774,1,1,0,0,0
424069568,NODE_B0CBD8F33218,root,1,00:00:00:00:00:00,0,0,10,774,1,1,0,0,0
424169562,NODE_B0CBD8F33218,root,1,00:00:00:00:00:00,0,0,10,774,1,1,0,0,0
424269568,NODE_B0CBD8F33218,root,1,00:00:00:00:00:00,0,0,10,774,1,1,0,0,0
424369568,NODE_B0CBD8F33218,root,1,00:00:00:00:00:00,0,0,10,774,1,1,0,0,0
424469562,NODE_B0CBD8F33218,root,1,00:00:00:00:00:00,0,0,10,774,1,1,0,0,0
424569568,NODE_B0CBD8F33218,root,1,00:00:00:00:00:00,0,0,10,774,1,1,0,0,0
424669568,NODE_B0CBD8F33218,root,1,00:00:00:00:00:00,0,0,10,774,1,1,0,0,0
424769562,NODE_B0CBD8F33218,root,1,00:00:00:00:00:00,0,0,10,774,1,1,0,0,0
424869572,NODE_B0CBD8F33218,root,1,00:00:00:00:00:00,0,0,10,775,1,1,0,0,0
424969564,NODE_B0CBD8F33218,root,1,00:00:00:00:00:00,0,0,10,775,1,1,0,0,0
425069570,NODE_B0CBD8F33218,root,1,00:00:00:00:00:00,0,0,10,775,1,1,0,0,0
425169564,NODE_B0CBD8F33218,root,1,00:00:00:00:00:00,0,0,10,775,1,1,0,0,0
425269568,NODE_B0CBD8F33218,root,1,00:00:00:00:00:00,0,0,10,775,1,1,0,0,0
425369570,NODE_B0CBD8F33218,root,1,00:00:00:00:00:00,0,0,10,775,1,1,0,0,0
425469560,NODE_B0CBD8F33218,root,1,00:00:00:00:00:00,0,0,10,775,1,1,0,0,0
425569568,NODE_B0CBD8F33218,root,1,00:00:00:00:00:00,0,0,10,775,1,1,0,0,0
425669570,NODE_B0CBD8F33218,root,1,00:00:00:00:00:00,0,0,10,775,1,1,0,0,0
425769560,NODE_B0CBD8F33218,root,1,00:00:00:00:00:00,0,0,10,775,1,1,0,0,0
425869572,NODE_B0CBD8F33218,root,1,00:00:00:00:00:00,0,0,10,776,1,1,0,0,0
425969566,NODE_B0CBD8F33218,root,1,00:00:00:00:00:00,0,0,10,776,1,1,0,0,0
426069568,NODE_B0CBD8F33218,root,1,00:00:00:00:00:00,0,0,10,776,1,1,0,0,0
426169564,NODE_B0CBD8F33218,root,1,00:00:00:00:00:00,0,0,10,776,1,1,0,0,0
426269570,NODE_B0CBD8F33218,root,1,00:00:00:00:00:00,0,0,10,776,1,1,0,0,0
426369568,NODE_B0CBD8F33218,root,1,00:00:00:00:00:00,0,0,10,776,1,1,0,0,0
426469560,NODE_B0CBD8F33218,root,1,00:00:00:00:00:00,0,0,10,776,1,1,0,0,0
426569570,NODE_B0CBD8F33218,root,1,00:00:00:00:00:00,0,0,10,776,1,1,0,0,0
426669568,NODE_B0CBD8F33218,root,1,00:00:00:00:00:00,0,0,10,776,1,1,0,0,0
426769560,NODE_B0CBD8F33218,root,1,00:00:00:00:00:00,0,0,10,776,1,1,0,0,0
426869574,NODE_B0CBD8F33218,root,1,00:00:00:00:00:00,0,0,10,777,1,1,0,0,0
426969564,NODE_B0CBD8F33218,root,1,00:00:00:00:00:00,0,0,10,777,1,1,0,0,0
427069568,NODE_B0CBD8F33218,root,1,00:00:00:00:00:00,0,0,10,777,1,1,0,0,0
427169566,NODE_B0CBD8F33218,root,1,00:00:00:00:00:00,0,0,10,777,1,1,0,0,0
427269568,NODE_B0CBD8F33218,root,1,00:00:00:00:00:00,0,0,10,777,1,1,0,0,0
427369568,NODE_B0CBD8F33218,root,1,00:00:00:00:00:00,0,0,10,777,1,1,0,0,0
427469562,NODE_B0CBD8F33218,root,1,00:00:00:00:00:00,0,0,10,777,1,1,0,0,0
427569572,NODE_B0CBD8F33218,root,1,00:00:00:00:00:00,0,0,10,777,1,1,0,0,0
427669564,NODE_B0CBD8F33218,root,1,00:00:00:00:00:00,0,0,10,777,1,1,0,0,0
427769562,NODE_B0CBD8F33218,root,1,00:00:00:00:00:00,0,0,10,777,1,1,0,0,0
427869572,NODE_B0CBD8F33218,root,1,00:00:00:00:00:00,0,0,10,778,1,1,0,0,0
427969564,NODE_B0CBD8F33218,root,1,00:00:00:00:00:00,0,0,10,778,1,1,0,0,0
428069570,NODE_B0CBD8F33218,root,1,00:00:00:00:00:00,0,0,10,778,1,1,0,0,0
428169564,NODE_B0CBD8F33218,root,1,00:00:00:00:00:00,0,0,10,778,1,1,0,0,0
428269568,NODE_B0CBD8F33218,root,1,00:00:00:00:00:00,0,0,10,778,1,1,0,0,0
428369570,NODE_B0CBD8F33218,root,1,00:00:00:00:00:00,0,0,10,778,1,1,0,0,0
428469568,NODE_B0CBD8F33218,root,1,00:00:00:00:00:00,0,0,10,778,1,1,0,0,0
428569568,NODE_B0CBD8F33218,root,1,00:00:00:00:00:00,0,0,10,778,1,1,0,0,0
428669570,NODE_B0CBD8F33218,root,1,00:00:00:00:00:00,0,0,10,778,1,1,0,0,0
428769560,NODE_B0CBD8F33218,root,1,00:00:00:00:00:00,0,0,10,778,1,1,0,0,0
428869572,NODE_B0CBD8F33218,root,1,00:00:00:00:00:00,0,0,10,779,1,1,0,0,0
428969566,NODE_B0CBD8F33218,root,1,00:00:00:00:00:00,0,0,10,779,1,1,0,0,0
429069568,NODE_B0CBD8F33218,root,1,00:00:00:00:00:00,0,0,10,779,1,1,0,0,0
429169560,NODE_B0CBD8F33218,root,1,00:00:00:00:00:00,0,0,10,779,1,1,0,0,0
429269578,NODE_B0CBD8F33218,root,1,00:00:00:00:00:00,0,0,10,779,1,1,0,0,0
429369568,NODE_B0CBD8F33218,root,1,00:00:00:00:00:00,0,0,10,779,1,1,0,0,0
429469560,NODE_B0CBD8F33218,root,1,00:00:00:00:00:00,0,0,10,779,1,1,0,0,0
429569570,NODE_B0CBD8F33218,root,1,00:00:00:00:00:00,0,0,10,779,1,1,0,0,0
429669568,NODE_B0CBD8F33218,root,1,00:00:00:00:00:00,0,0,10,779,1,1,0,0,0
429769560,NODE_B0CBD8F33218,root,1,00:00:00:00:00:00,0,0,10,779,1,1,0,0,0
429869578,NODE_B0CBD8F33218,root,1,00:00:00:00:00:00,0,0,10,780,1,1,0,0,0
429969564,NODE_B0CBD8F33218,root,1,00:00:00:00:00:00,0,0,10,780,1,1,0,0,0
430069568,NODE_B0CBD8F33218,root,1,00:00:00:00:00:00,0,0,10,780,1,1,0,0,0
430169562,NODE_B0CBD8F33218,root,1,00:00:00:00:00:00,0,0,10,780,1,1,0,0,0
430269568,NODE_B0CBD8F33218,root,1,00:00:00:00:00:00,0,0,10,780,1,1,0,0,0
430369568,NODE_B0CBD8F33218,root,1,00:00:00:00:00:00,0,0,10,780,1,1,0,0,0
430469562,NODE_B0CBD8F33218,root,1,00:00:00:00:00:00,0,0,10,780,1,1,0,0,0
430569568,NODE_B0CBD8F33218,root,1,00:00:00:00:00:00,0,0,10,780,1,1,0,0,0
430669568,NODE_B0CBD8F33218,root,1,00:00:00:00:00:00,0,0,10,780,1,1,0,0,0
430769562,NODE_B0CBD8F33218,root,1,00:00:00:00:00:00,0,0,10,780,1,1,0,0,0
430869568,NODE_B0CBD8F33218,root,1,00:00:00:00:00:00,0,0,10,781,1,1,0,0,0
430969564,NODE_B0CBD8F33218,root,1,00:00:00:00:00:00,0,0,10,781,1,1,0,0,0
431069570,NODE_B0CBD8F33218,root,1,00:00:00:00:00:00,0,0,10,781,1,1,0,0,0
431169560,NODE_B0CBD8F33218,root,1,00:00:00:00:00:00,0,0,10,781,1,1,0,0,0
431269568,NODE_B0CBD8F33218,root,1,00:00:00:00:00:00,0,0,10,781,1,1,0,0,0
431369570,NODE_B0CBD8F33218,root,1,00:00:00:00:00:00,0,0,10,781,1,1,0,0,0
431469560,NODE_B0CBD8F33218,root,1,00:00:00:00:00:00,0,0,10,781,1,1,0,0,0
431569568,NODE_B0CBD8F33218,root,1,00:00:00:00:00:00,0,0,10,781,1,1,0,0,0
431669570,NODE_B0CBD8F33218,root,1,00:00:00:00:00:00,0,0,10,781,1,1,0,0,0
431769560,NODE_B0CBD8F33218,root,1,00:00:00:00:00:00,0,0,10,781,1,1,0,0,0
431869572,NODE_B0CBD8F33218,root,1,00:00:00:00:00:00,0,0,10,782,1,1,0,0,0
431969566,NODE_B0CBD8F33218,root,1,00:00:00:00:00:00,0,0,10,782,1,1,0,0,0
432069568,NODE_B0CBD8F33218,root,1,00:00:00:00:00:00,0,0,10,782,1,1,0,0,0
432169560,NODE_B0CBD8F33218,root,1,00:00:00:00:00:00,0,0,10,782,1,1,0,0,0
432269570,NODE_B0CBD8F33218,root,1,00:00:00:00:00:00,0,0,10,782,1,1,0,0,0
432369568,NODE_B0CBD8F33218,root,1,00:00:00:00:00:00,0,0,10,782,1,1,0,0,0
432469560,NODE_B0CBD8F33218,root,1,00:00:00:00:00:00,0,0,10,782,1,1,0,0,0
432569570,NODE_B0CBD8F33218,root,1,00:00:00:00:00:00,0,0,10,782,1,1,0,0,0
432669564,NODE_B0CBD8F33218,root,1,00:00:00:00:00:00,0,0,10,782,1,1,0,0,0
432769560,NODE_B0CBD8F33218,root,1,00:00:00:00:00:00,0,0,10,782,1,1,0,0,0
432869574,NODE_B0CBD8F33218,root,1,00:00:00:00:00:00,0,0,10,783,1,1,0,0,0
432969564,NODE_B0CBD8F33218,root,1,00:00:00:00:00:00,0,0,10,783,1,1,0,0,0
433069568,NODE_B0CBD8F33218,root,1,00:00:00:00:00:00,0,0,10,783,1,1,0,0,0
433169562,NODE_B0CBD8F33218,root,1,00:00:00:00:00:00,0,0,10,783,1,1,0,0,0
433269568,NODE_B0CBD8F33218,root,1,00:00:00:00:00:00,0,0,10,783,1,1,0,0,0
433369568,NODE_B0CBD8F33218,root,1,00:00:00:00:00:00,0,0,10,783,1,1,0,0,0
433469562,NODE_B0CBD8F33218,root,1,00:00:00:00:00:00,0,0,10,783,1,1,0,0,0
433569572,NODE_B0CBD8F33218,root,1,00:00:00:00:00:00,0,0,10,783,1,1,0,0,0
433669568,NODE_B0CBD8F33218,root,1,00:00:00:00:00:00,0,0,10,783,1,1,0,0,0
433769562,NODE_B0CBD8F33218,root,1,00:00:00:00:00:00,0,0,10,783,1,1,0,0,0
433869572,NODE_B0CBD8F33218,root,1,00:00:00:00:00:00,0,0,10,784,1,1,0,0,0
433969564,NODE_B0CBD8F33218,root,1,00:00:00:00:00:00,0,0,10,784,1,1,0,0,0
434069570,NODE_B0CBD8F33218,root,1,00:00:00:00:00:00,0,0,10,784,1,1,0,0,0
434169560,NODE_B0CBD8F33218,root,1,00:00:00:00:00:00,0,0,10,784,1,1,0,0,0
434269568,NODE_B0CBD8F33218,root,1,00:00:00:00:00:00,0,0,10,784,1,1,0,0,0
434369570,NODE_B0CBD8F33218,root,1,00:00:00:00:00:00,0,0,10,784,1,1,0,0,0
434469560,NODE_B0CBD8F33218,root,1,00:00:00:00:00:00,0,0,10,784,1,1,0,0,0
434569568,NODE_B0CBD8F33218,root,1,00:00:00:00:00:00,0,0,10,784,1,1,0,0,0
434669570,NODE_B0CBD8F33218,root,1,00:00:00:00:00:00,0,0,10,784,1,1,0,0,0
434769560,NODE_B0CBD8F33218,root,1,00:00:00:00:00:00,0,0,10,784,1,1,0,0,0
434869572,NODE_B0CBD8F33218,root,1,00:00:00:00:00:00,0,0,10,785,1,1,0,0,0
434969570,NODE_B0CBD8F33218,root,1,00:00:00:00:00:00,0,0,10,785,1,1,0,0,0
435069568,NODE_B0CBD8F33218,root,1,00:00:00:00:00:00,0,0,10,785,1,1,0,0,0
435169560,NODE_B0CBD8F33218,root,1,00:00:00:00:00:00,0,0,10,785,1,1,0,0,0
435269570,NODE_B0CBD8F33218,root,1,00:00:00:00:00:00,0,0,10,785,1,1,0,0,0
435369568,NODE_B0CBD8F33218,root,1,00:00:00:00:00:00,0,0,10,785,1,1,0,0,0
435469560,NODE_B0CBD8F33218,root,1,00:00:00:00:00:00,0,0,10,785,1,1,0,0,0
435569574,NODE_B0CBD8F33218,root,1,00:00:00:00:00:00,0,0,10,785,1,1,0,0,0
435669568,NODE_B0CBD8F33218,root,1,00:00:00:00:00:00,0,0,10,785,1,1,0,0,0
435769556,NODE_B0CBD8F33218,root,1,00:00:00:00:00:00,0,0,10,785,1,1,0,0,0
435869574,NODE_B0CBD8F33218,root,1,00:00:00:00:00:00,0,0,10,786,1,1,0,0,0
435969564,NODE_B0CBD8F33218,root,1,00:00:00:00:00:00,0,0,10,786,1,1,0,0,0
436069568,NODE_B0CBD8F33218,root,1,00:00:00:00:00:00,0,0,10,786,1,1,0,0,0
436169562,NODE_B0CBD8F33218,root,1,00:00:00:00:00:00,0,0,10,786,1,1,0,0,0
436269568,NODE_B0CBD8F33218,root,1,00:00:00:00:00:00,0,0,10,786,1,1,0,0,0
436369572,NODE_B0CBD8F33218,root,1,00:00:00:00:00:00,0,0,10,786,1,1,0,0,0
436469562,NODE_B0CBD8F33218,root,1,00:00:00:00:00:00,0,0,10,786,1,1,0,0,0
436569568,NODE_B0CBD8F33218,root,1,00:00:00:00:00:00,0,0,10,786,1,1,0,0,0
436669568,NODE_B0CBD8F33218,root,1,00:00:00:00:00:00,0,0,10,786,1,1,0,0,0
436769562,NODE_B0CBD8F33218,root,1,00:00:00:00:00:00,0,0,10,786,1,1,0,0,0
436869572,NODE_B0CBD8F33218,root,1,00:00:00:00:00:00,0,0,10,787,1,1,0,0,0
436969564,NODE_B0CBD8F33218,root,1,00:00:00:00:00:00,0,0,10,787,1,1,0,0,0
437069570,NODE_B0CBD8F33218,root,1,00:00:00:00:00:00,0,0,10,787,1,1,0,0,0
437169560,NODE_B0CBD8F33218,root,1,00:00:00:00:00:00,0,0,10,787,1,1,0,0,0
437269568,NODE_B0CBD8F33218,root,1,00:00:00:00:00:00,0,0,10,787,1,1,0,0,0
437369570,NODE_B0CBD8F33218,root,1,00:00:00:00:00:00,0,0,10,787,1,1,0,0,0
437469564,NODE_B0CBD8F33218,root,1,00:00:00:00:00:00,0,0,10,787,1,1,0,0,0
437569568,NODE_B0CBD8F33218,root,1,00:00:00:00:00:00,0,0,10,787,1,1,0,0,0
437669566,NODE_B0CBD8F33218,root,1,00:00:00:00:00:00,0,0,10,787,1,1,0,0,0
437769560,NODE_B0CBD8F33218,root,1,00:00:00:00:00:00,0,0,10,787,1,1,0,0,0
437869572,NODE_B0CBD8F33218,root,1,00:00:00:00:00:00,0,0,10,788,1,1,0,0,0
437969566,NODE_B0CBD8F33218,root,1,00:00:00:00:00:00,0,0,10,788,1,1,0,0,0
438069568,NODE_B0CBD8F33218,root,1,00:00:00:00:00:00,0,0,10,788,1,1,0,0,0
438169560,NODE_B0CBD8F33218,root,1,00:00:00:00:00:00,0,0,10,788,1,1,0,0,0
438269570,NODE_B0CBD8F33218,root,1,00:00:00:00:00:00,0,0,10,788,1,1,0,0,0
438369568,NODE_B0CBD8F33218,root,1,00:00:00:00:00:00,0,0,10,788,1,1,0,0,0
438469564,NODE_B0CBD8F33218,root,1,00:00:00:00:00:00,0,0,10,788,1,1,0,0,0
438569570,NODE_B0CBD8F33218,root,1,00:00:00:00:00:00,0,0,10,788,1,1,0,0,0
438669568,NODE_B0CBD8F33218,root,1,00:00:00:00:00:00,0,0,10,788,1,1,0,0,0
438769560,NODE_B0CBD8F33218,root,1,00:00:00:00:00:00,0,0,10,788,1,1,0,0,0
438869574,NODE_B0CBD8F33218,root,1,00:00:00:00:00:00,0,0,10,789,1,1,0,0,0
438969564,NODE_B0CBD8F33218,root,1,00:00:00:00:00:00,0,0,10,789,1,1,0,0,0
439069568,NODE_B0CBD8F33218,root,1,00:00:00:00:00:00,0,0,10,789,1,1,0,0,0
439169562,NODE_B0CBD8F33218,root,1,00:00:00:00:00:00,0,0,10,789,1,1,0,0,0
439269568,NODE_B0CBD8F33218,root,1,00:00:00:00:00:00,0,0,10,789,1,1,0,0,0
439369568,NODE_B0CBD8F33218,root,1,00:00:00:00:00:00,0,0,10,789,1,1,0,0,0
439469562,NODE_B0CBD8F33218,root,1,00:00:00:00:00:00,0,0,10,789,1,1,0,0,0
439569568,NODE_B0CBD8F33218,root,1,00:00:00:00:00:00,0,0,10,789,1,1,0,0,0
439669568,NODE_B0CBD8F33218,root,1,00:00:00:00:00:00,0,0,10,789,1,1,0,0,0
439769562,NODE_B0CBD8F33218,root,1,00:00:00:00:00:00,0,0,10,789,1,1,0,0,0
439869572,NODE_B0CBD8F33218,root,1,00:00:00:00:00:00,0,0,10,790,1,1,0,0,0
439969564,NODE_B0CBD8F33218,root,1,00:00:00:00:00:00,0,0,10,790,1,1,0,0,0
440069570,NODE_B0CBD8F33218,root,1,00:00:00:00:00:00,0,0,10,790,1,1,0,0,0
440169560,NODE_B0CBD8F33218,root,1,00:00:00:00:00:00,0,0,10,790,1,1,0,0,0
440269568,NODE_B0CBD8F33218,root,1,00:00:00:00:00:00,0,0,10,790,1,1,0,0,0
440369570,NODE_B0CBD8F33218,root,1,00:00:00:00:00:00,0,0,10,790,1,1,0,0,0
440469564,NODE_B0CBD8F33218,root,1,00:00:00:00:00:00,0,0,10,790,1,1,0,0,0
440569568,NODE_B0CBD8F33218,root,1,00:00:00:00:00:00,0,0,10,790,1,1,0,0,0
440669570,NODE_B0CBD8F33218,root,1,00:00:00:00:00:00,0,0,10,790,1,1,0,0,0
440769560,NODE_B0CBD8F33218,root,1,00:00:00:00:00:00,0,0,10,790,1,1,0,0,0
440869568,NODE_B0CBD8F33218,root,1,00:00:00:00:00:00,0,0,10,791,1,1,0,0,0
440969562,NODE_B0CBD8F33218,root,1,00:00:00:00:00:00,0,0,10,791,1,1,0,0,0
441069568,NODE_B0CBD8F33218,root,1,00:00:00:00:00:00,0,0,10,791,1,1,0,0,0
441169560,NODE_B0CBD8F33218,root,1,00:00:00:00:00:00,0,0,10,791,1,1,0,0,0
441269570,NODE_B0CBD8F33218,root,1,00:00:00:00:00:00,0,0,10,791,1,1,0,0,0
441369568,NODE_B0CBD8F33218,root,1,00:00:00:00:00:00,0,0,10,791,1,1,0,0,0
441469560,NODE_B0CBD8F33218,root,1,00:00:00:00:00:00,0,0,10,791,1,1,0,0,0
441569570,NODE_B0CBD8F33218,root,1,00:00:00:00:00:00,0,0,10,791,1,1,0,0,0
441669568,NODE_B0CBD8F33218,root,1,00:00:00:00:00:00,0,0,10,791,1,1,0,0,0
441769560,NODE_B0CBD8F33218,root,1,00:00:00:00:00:00,0,0,10,791,1,1,0,0,0
441869574,NODE_B0CBD8F33218,root,1,00:00:00:00:00:00,0,0,10,792,1,1,0,0,0
441969568,NODE_B0CBD8F33218,root,1,00:00:00:00:00:00,0,0,10,792,1,1,0,0,0
442069568,NODE_B0CBD8F33218,root,1,00:00:00:00:00:00,0,0,10,792,1,1,0,0,0
442169562,NODE_B0CBD8F33218,root,1,00:00:00:00:00:00,0,0,10,792,1,1,0,0,0
442269568,NODE_B0CBD8F33218,root,1,00:00:00:00:00:00,0,0,10,792,1,1,0,0,0
442369568,NODE_B0CBD8F33218,root,1,00:00:00:00:00:00,0,0,10,792,1,1,0,0,0
442469562,NODE_B0CBD8F33218,root,1,00:00:00:00:00:00,0,0,10,792,1,1,0,0,0
442569572,NODE_B0CBD8F33218,root,1,00:00:00:00:00:00,0,0,10,792,1,1,0,0,0
442669564,NODE_B0CBD8F33218,root,1,00:00:00:00:00:00,0,0,10,792,1,1,0,0,0
442769570,NODE_B0CBD8F33218,root,1,00:00:00:00:00:00,0,0,10,792,1,1,0,0,0
442869572,NODE_B0CBD8F33218,root,1,00:00:00:00:00:00,0,0,10,793,1,1,0,0,0
442969564,NODE_B0CBD8F33218,root,1,00:00:00:00:00:00,0,0,10,793,1,1,0,0,0
443069570,NODE_B0CBD8F33218,root,1,00:00:00:00:00:00,0,0,10,793,1,1,0,0,0
443169560,NODE_B0CBD8F33218,root,1,00:00:00:00:00:00,0,0,10,793,1,1,0,0,0
443269568,NODE_B0CBD8F33218,root,1,00:00:00:00:00:00,0,0,10,793,1,1,0,0,0
443369570,NODE_B0CBD8F33218,root,1,00:00:00:00:00:00,0,0,10,793,1,1,0,0,0
443469560,NODE_B0CBD8F33218,root,1,00:00:00:00:00:00,0,0,10,793,1,1,0,0,0
443569572,NODE_B0CBD8F33218,root,1,00:00:00:00:00:00,0,0,10,793,1,1,0,0,0
443669570,NODE_B0CBD8F33218,root,1,00:00:00:00:00:00,0,0,10,793,1,1,0,0,0
443769560,NODE_B0CBD8F33218,root,1,00:00:00:00:00:00,0,0,10,793,1,1,0,0,0
443869576,NODE_B0CBD8F33218,root,1,00:00:00:00:00:00,0,0,10,794,1,1,0,0,0
443969566,NODE_B0CBD8F33218,root,1,00:00:00:00:00:00,0,0,10,794,1,1,0,0,0
444069568,NODE_B0CBD8F33218,root,1,00:00:00:00:00:00,0,0,10,794,1,1,0,0,0
444169560,NODE_B0CBD8F33218,root,1,00:00:00:00:00:00,0,0,10,794,1,1,0,0,0
444269570,NODE_B0CBD8F33218,root,1,00:00:00:00:00:00,0,0,10,794,1,1,0,0,0
444369568,NODE_B0CBD8F33218,root,1,00:00:00:00:00:00,0,0,10,794,1,1,0,0,0
444469560,NODE_B0CBD8F33218,root,1,00:00:00:00:00:00,0,0,10,794,1,1,0,0,0
444569570,NODE_B0CBD8F33218,root,1,00:00:00:00:00:00,0,0,10,794,1,1,0,0,0
444669568,NODE_B0CBD8F33218,root,1,00:00:00:00:00:00,0,0,10,794,1,1,0,0,0
444769560,NODE_B0CBD8F33218,root,1,00:00:00:00:00:00,0,0,10,794,1,1,0,0,0
444869570,NODE_B0CBD8F33218,root,1,00:00:00:00:00:00,0,0,10,795,1,1,0,0,0
444969564,NODE_B0CBD8F33218,root,1,00:00:00:00:00:00,0,0,10,795,1,1,0,0,0
445069568,NODE_B0CBD8F33218,root,1,00:00:00:00:00:00,0,0,10,795,1,1,0,0,0
445169562,NODE_B0CBD8F33218,root,1,00:00:00:00:00:00,0,0,10,795,1,1,0,0,0
445269568,NODE_B0CBD8F33218,root,1,00:00:00:00:00:00,0,0,10,795,1,1,0,0,0
445369568,NODE_B0CBD8F33218,root,1,00:00:00:00:00:00,0,0,10,795,1,1,0,0,0
445469562,NODE_B0CBD8F33218,root,1,00:00:00:00:00:00,0,0,10,795,1,1,0,0,0
445569572,NODE_B0CBD8F33218,root,1,00:00:00:00:00:00,0,0,10,795,1,1,0,0,0
445669560,NODE_B0CBD8F33218,root,1,00:00:00:00:00:00,0,0,10,795,1,1,0,0,0
445769562,NODE_B0CBD8F33218,root,1,00:00:00:00:00:00,0,0,10,795,1,1,0,0,0
445869867,NODE_B0CBD8F33218,root,1,00:00:00:00:00:00,0,0,10,796,1,1,0,0,0
445969564,NODE_B0CBD8F33218,root,1,00:00:00:00:00:00,0,0,10,796,1,1,0,0,0
446069566,NODE_B0CBD8F33218,root,1,00:00:00:00:00:00,0,0,10,796,1,1,0,0,0
446169560,NODE_B0CBD8F33218,root,1,00:00:00:00:00:00,0,0,10,796,1,1,0,0,0
446269564,NODE_B0CBD8F33218,root,1,00:00:00:00:00:00,0,0,10,796,1,1,0,0,0
446369566,NODE_B0CBD8F33218,root,1,00:00:00:00:00:00,0,0,10,796,1,1,0,0,0
446469560,NODE_B0CBD8F33218,root,1,00:00:00:00:00:00,0,0,10,796,1,1,0,0,0
446569564,NODE_B0CBD8F33218,root,1,00:00:00:00:00:00,0,0,10,796,1,1,0,0,0
446669566,NODE_B0CBD8F33218,root,1,00:00:00:00:00:00,0,0,10,796,1,1,0,0,0
446769560,NODE_B0CBD8F33218,root,1,00:00:00:00:00:00,0,0,10,796,1,1,0,0,0
446869568,NODE_B0CBD8F33218,root,1,00:00:00:00:00:00,0,0,10,797,1,1,0,0,0
446969562,NODE_B0CBD8F33218,root,1,00:00:00:00:00:00,0,0,10,797,1,1,0,0,0
447069564,NODE_B0CBD8F33218,root,1,00:00:00:00:00:00,0,0,10,797,1,1,0,0,0
447169560,NODE_B0CBD8F33218,root,1,00:00:00:00:00:00,0,0,10,797,1,1,0,0,0
447269566,NODE_B0CBD8F33218,root,1,00:00:00:00:00:00,0,0,10,797,1,1,0,0,0
447369564,NODE_B0CBD8F33218,root,1,00:00:00:00:00:00,0,0,10,797,1,1,0,0,0
447469560,NODE_B0CBD8F33218,root,1,00:00:00:00:00:00,0,0,10,797,1,1,0,0,0
447569566,NODE_B0CBD8F33218,root,1,00:00:00:00:00:00,0,0,10,797,1,1,0,0,0
447669564,NODE_B0CBD8F33218,root,1,00:00:00:00:00:00,0,0,10,797,1,1,0,0,0
447769560,NODE_B0CBD8F33218,root,1,00:00:00:00:00:00,0,0,10,797,1,1,0,0,0
447869570,NODE_B0CBD8F33218,root,1,00:00:00:00:00:00,0,0,10,798,1,1,0,0,0
447969560,NODE_B0CBD8F33218,root,1,00:00:00:00:00:00,0,0,10,798,1,1,0,0,0
448069564,NODE_B0CBD8F33218,root,1,00:00:00:00:00:00,0,0,10,798,1,1,0,0,0
448169562,NODE_B0CBD8F33218,root,1,00:00:00:00:00:00,0,0,10,798,1,1,0,0,0
448269564,NODE_B0CBD8F33218,root,1,00:00:00:00:00:00,0,0,10,798,1,1,0,0,0
448369564,NODE_B0CBD8F33218,root,1,00:00:00:00:00:00,0,0,10,798,1,1,0,0,0
448469562,NODE_B0CBD8F33218,root,1,00:00:00:00:00:00,0,0,10,798,1,1,0,0,0
448569564,NODE_B0CBD8F33218,root,1,00:00:00:00:00:00,0,0,10,798,1,1,0,0,0
448669564,NODE_B0CBD8F33218,root,1,00:00:00:00:00:00,0,0,10,798,1,1,0,0,0
448769562,NODE_B0CBD8F33218,root,1,00:00:00:00:00:00,0,0,10,798,1,1,0,0,0
448869572,NODE_B0CBD8F33218,root,1,00:00:00:00:00:00,0,0,10,799,1,1,0,0,0
448969564,NODE_B0CBD8F33218,root,1,00:00:00:00:00:00,0,0,10,799,1,1,0,0,0
449069566,NODE_B0CBD8F33218,root,1,00:00:00:00:00:00,0,0,10,799,1,1,0,0,0
449169560,NODE_B0CBD8F33218,root,1,00:00:00:00:00:00,0,0,10,799,1,1,0,0,0
449269564,NODE_B0CBD8F33218,root,1,00:00:00:00:00:00,0,0,10,799,1,1,0,0,0
449369566,NODE_B0CBD8F33218,root,1,00:00:00:00:00:00,0,0,10,799,1,1,0,0,0
449469560,NODE_B0CBD8F33218,root,1,00:00:00:00:00:00,0,0,10,799,1,1,0,0,0
449569564,NODE_B0CBD8F33218,root,1,00:00:00:00:00:00,0,0,10,799,1,1,0,0,0
449669566,NODE_B0CBD8F33218,root,1,00:00:00:00:00:00,0,0,10,799,1,1,0,0,0
449769560,NODE_B0CBD8F33218,root,1,00:00:00:00:00:00,0,0,10,799,1,1,0,0,0
449869568,NODE_B0CBD8F33218,root,1,00:00:00:00:00:00,0,0,10,800,1,1,0,0,0
449969562,NODE_B0CBD8F33218,root,1,00:00:00:00:00:00,0,0,10,800,1,1,0,0,0
450069556,NODE_B0CBD8F33218,root,1,00:00:00:00:00:00,0,0,10,800,1,1,0,0,0
450169560,NODE_B0CBD8F33218,root,1,00:00:00:00:00:00,0,0,10,800,1,1,0,0,0
450269566,NODE_B0CBD8F33218,root,1,00:00:00:00:00:00,0,0,10,800,1,1,0,0,0
450369564,NODE_B0CBD8F33218,root,1,00:00:00:00:00:00,0,0,10,800,1,1,0,0,0
450469560,NODE_B0CBD8F33218,root,1,00:00:00:00:00:00,0,0,10,800,1,1,0,0,0
450569566,NODE_B0CBD8F33218,root,1,00:00:00:00:00:00,0,0,10,800,1,1,0,0,0
450669564,NODE_B0CBD8F33218,root,1,00:00:00:00:00:00,0,0,10,800,1,1,0,0,0
450769564,NODE_B0CBD8F33218,root,1,00:00:00:00:00:00,0,0,10,800,1,1,0,0,0
450869570,NODE_B0CBD8F33218,root,1,00:00:00:00:00:00,0,0,10,801,1,1,0,0,0
450969560,NODE_B0CBD8F33218,root,1,00:00:00:00:00:00,0,0,10,801,1,1,0,0,0
451069564,NODE_B0CBD8F33218,root,1,00:00:00:00:00:00,0,0,10,801,1,1,0,0,0
451169562,NODE_B0CBD8F33218,root,1,00:00:00:00:00:00,0,0,10,801,1,1,0,0,0
451269564,NODE_B0CBD8F33218,root,1,00:00:00:00:00:00,0,0,10,801,1,1,0,0,0
451369564,NODE_B0CBD8F33218,root,1,00:00:00:00:00:00,0,0,10,801,1,1,0,0,0
451469562,NODE_B0CBD8F33218,root,1,00:00:00:00:00:00,0,0,10,801,1,1,0,0,0
451569568,NODE_B0CBD8F33218,root,1,00:00:00:00:00:00,0,0,10,801,1,1,0,0,0
451669568,NODE_B0CBD8F33218,root,1,00:00:00:00:00:00,0,0,10,801,1,1,0,0,0
451769566,NODE_B0CBD8F33218,root,1,00:00:00:00:00:00,0,0,10,801,1,1,0,0,0
451869572,NODE_B0CBD8F33218,root,1,00:00:00:00:00:00,0,0,10,802,1,1,0,0,0
451969564,NODE_B0CBD8F33218,root,1,00:00:00:00:00:00,0,0,10,802,1,1,0,0,0
452069570,NODE_B0CBD8F33218,root,1,00:00:00:00:00:00,0,0,10,802,1,1,0,0,0
452169560,NODE_B0CBD8F33218,root,1,00:00:00:00:00:00,0,0,10,802,1,1,0,0,0
452269568,NODE_B0CBD8F33218,root,1,00:00:00:00:00:00,0,0,10,802,1,1,0,0,0
452369570,NODE_B0CBD8F33218,root,1,00:00:00:00:00:00,0,0,10,802,1,1,0,0,0
452469560,NODE_B0CBD8F33218,root,1,00:00:00:00:00:00,0,0,10,802,1,1,0,0,0
452569568,NODE_B0CBD8F33218,root,1,00:00:00:00:00:00,0,0,10,802,1,1,0,0,0
452669566,NODE_B0CBD8F33218,root,1,00:00:00:00:00:00,0,0,10,802,1,1,0,0,0
452769564,NODE_B0CBD8F33218,root,1,00:00:00:00:00:00,0,0,10,802,1,1,0,0,0
452869572,NODE_B0CBD8F33218,root,1,00:00:00:00:00:00,0,0,10,803,1,1,0,0,0
452969566,NODE_B0CBD8F33218,root,1,00:00:00:00:00:00,0,0,10,803,1,1,0,0,0
453069568,NODE_B0CBD8F33218,root,1,00:00:00:00:00:00,0,0,10,803,1,1,0,0,0
453169560,NODE_B0CBD8F33218,root,1,00:00:00:00:00:00,0,0,10,803,1,1,0,0,0
453269570,NODE_B0CBD8F33218,root,1,00:00:00:00:00:00,0,0,10,803,1,1,0,0,0
453369568,NODE_B0CBD8F33218,root,1,00:00:00:00:00:00,0,0,10,803,1,1,0,0,0
453469560,NODE_B0CBD8F33218,root,1,00:00:00:00:00:00,0,0,10,803,1,1,0,0,0
453569570,NODE_B0CBD8F33218,root,1,00:00:00:00:00:00,0,0,10,803,1,1,0,0,0
453669568,NODE_B0CBD8F33218,root,1,00:00:00:00:00:00,0,0,10,803,1,1,0,0,0
453769564,NODE_B0CBD8F33218,root,1,00:00:00:00:00:00,0,0,10,803,1,1,0,0,0
453869574,NODE_B0CBD8F33218,root,1,00:00:00:00:00:00,0,0,10,804,1,1,0,0,0
453969564,NODE_B0CBD8F33218,root,1,00:00:00:00:00:00,0,0,10,804,1,1,0,0,0
454069568,NODE_B0CBD8F33218,root,1,00:00:00:00:00:00,0,0,10,804,1,1,0,0,0
454169562,NODE_B0CBD8F33218,root,1,00:00:00:00:00:00,0,0,10,804,1,1,0,0,0
454269568,NODE_B0CBD8F33218,root,1,00:00:00:00:00:00,0,0,10,804,1,1,0,0,0
454369568,NODE_B0CBD8F33218,root,1,00:00:00:00:00:00,0,0,10,804,1,1,0,0,0
454469562,NODE_B0CBD8F33218,root,1,00:00:00:00:00:00,0,0,10,804,1,1,0,0,0
454569568,NODE_B0CBD8F33218,root,1,00:00:00:00:00:00,0,0,10,804,1,1,0,0,0
454669568,NODE_B0CBD8F33218,root,1,00:00:00:00:00:00,0,0,10,804,1,1,0,0,0
454769562,NODE_B0CBD8F33218,root,1,00:00:00:00:00:00,0,0,10,804,1,1,0,0,0
454869572,NODE_B0CBD8F33218,root,1,00:00:00:00:00:00,0,0,10,805,1,1,0,0,0
454969564,NODE_B0CBD8F33218,root,1,00:00:00:00:00:00,0,0,10,805,1,1,0,0,0
455069570,NODE_B0CBD8F33218,root,1,00:00:00:00:00:00,0,0,10,805,1,1,0,0,0
455169560,NODE_B0CBD8F33218,root,1,00:00:00:00:00:00,0,0,10,805,1,1,0,0,0
455269568,NODE_B0CBD8F33218,root,1,00:00:00:00:00:00,0,0,10,805,1,1,0,0,0
455369570,NODE_B0CBD8F33218,root,1,00:00:00:00:00:00,0,0,10,805,1,1,0,0,0
455469560,NODE_B0CBD8F33218,root,1,00:00:00:00:00:00,0,0,10,805,1,1,0,0,0
455569568,NODE_B0CBD8F33218,root,1,00:00:00:00:00:00,0,0,10,805,1,1,0,0,0
455669570,NODE_B0CBD8F33218,root,1,00:00:00:00:00:00,0,0,10,805,1,1,0,0,0
455769560,NODE_B0CBD8F33218,root,1,00:00:00:00:00:00,0,0,10,805,1,1,0,0,0
455869572,NODE_B0CBD8F33218,root,1,00:00:00:00:00:00,0,0,10,806,1,1,0,0,0
455969562,NODE_B0CBD8F33218,root,1,00:00:00:00:00:00,0,0,10,806,1,1,0,0,0
456069568,NODE_B0CBD8F33218,root,1,00:00:00:00:00:00,0,0,10,806,1,1,0,0,0
456169560,NODE_B0CBD8F33218,root,1,00:00:00:00:00:00,0,0,10,806,1,1,0,0,0
456269570,NODE_B0CBD8F33218,root,1,00:00:00:00:00:00,0,0,10,806,1,1,0,0,0
456369568,NODE_B0CBD8F33218,root,1,00:00:00:00:00:00,0,0,10,806,1,1,0,0,0
456469560,NODE_B0CBD8F33218,root,1,00:00:00:00:00:00,0,0,10,806,1,1,0,0,0
456569570,NODE_B0CBD8F33218,root,1,00:00:00:00:00:00,0,0,10,806,1,1,0,0,0
456669568,NODE_B0CBD8F33218,root,1,00:00:00:00:00:00,0,0,10,806,1,1,0,0,0
456769560,NODE_B0CBD8F33218,root,1,00:00:00:00:00:00,0,0,10,806,1,1,0,0,0
456869574,NODE_B0CBD8F33218,root,1,00:00:00:00:00:00,0,0,10,807,1,1,0,0,0
456969564,NODE_B0CBD8F33218,root,1,00:00:00:00:00:00,0,0,10,807,1,1,0,0,0
457069568,NODE_B0CBD8F33218,root,1,00:00:00:00:00:00,0,0,10,807,1,1,0,0,0
457169558,NODE_B0CBD8F33218,root,1,00:00:00:00:00:00,0,0,10,807,1,1,0,0,0
457269564,NODE_B0CBD8F33218,root,1,00:00:00:00:00:00,0,0,10,807,1,1,0,0,0
457369564,NODE_B0CBD8F33218,root,1,00:00:00:00:00:00,0,0,10,807,1,1,0,0,0
457469562,NODE_B0CBD8F33218,root,1,00:00:00:00:00:00,0,0,10,807,1,1,0,0,0
457569564,NODE_B0CBD8F33218,root,1,00:00:00:00:00:00,0,0,10,807,1,1,0,0,0
457669564,NODE_B0CBD8F33218,root,1,00:00:00:00:00:00,0,0,10,807,1,1,0,0,0
457769562,NODE_B0CBD8F33218,root,1,00:00:00:00:00:00,0,0,10,807,1,1,0,0,0
457869568,NODE_B0CBD8F33218,root,1,00:00:00:00:00:00,0,0,10,808,1,1,0,0,0
457969560,NODE_B0CBD8F33218,root,1,00:00:00:00:00:00,0,0,10,808,1,1,0,0,0
458069566,NODE_B0CBD8F33218,root,1,00:00:00:00:00:00,0,0,10,808,1,1,0,0,0
458169560,NODE_B0CBD8F33218,root,1,00:00:00:00:00:00,0,0,10,808,1,1,0,0,0
458269564,NODE_B0CBD8F33218,root,1,00:00:00:00:00:00,0,0,10,808,1,1,0,0,0
458369566,NODE_B0CBD8F33218,root,1,00:00:00:00:00:00,0,0,10,808,1,1,0,0,0
458469560,NODE_B0CBD8F33218,root,1,00:00:00:00:00:00,0,0,10,808,1,1,0,0,0
458569564,NODE_B0CBD8F33218,root,1,00:00:00:00:00:00,0,0,10,808,1,1,0,0,0
458669566,NODE_B0CBD8F33218,root,1,00:00:00:00:00:00,0,0,10,808,1,1,0,0,0
458769560,NODE_B0CBD8F33218,root,1,00:00:00:00:00:00,0,0,10,808,1,1,0,0,0
458869568,NODE_B0CBD8F33218,root,1,00:00:00:00:00:00,0,0,10,809,1,1,0,0,0
458969566,NODE_B0CBD8F33218,root,1,00:00:00:00:00:00,0,0,10,809,1,1,0,0,0
459069564,NODE_B0CBD8F33218,root,1,00:00:00:00:00:00,0,0,10,809,1,1,0,0,0
459169560,NODE_B0CBD8F33218,root,1,00:00:00:00:00:00,0,0,10,809,1,1,0,0,0
459269566,NODE_B0CBD8F33218,root,1,00:00:00:00:00:00,0,0,10,809,1,1,0,0,0
459369564,NODE_B0CBD8F33218,root,1,00:00:00:00:00:00,0,0,10,809,1,1,0,0,0
459469560,NODE_B0CBD8F33218,root,1,00:00:00:00:00:00,0,0,10,809,1,1,0,0,0
459569566,NODE_B0CBD8F33218,root,1,00:00:00:00:00:00,0,0,10,809,1,1,0,0,0
459669564,NODE_B0CBD8F33218,root,1,00:00:00:00:00:00,0,0,10,809,1,1,0,0,0
459769560,NODE_B0CBD8F33218,root,1,00:00:00:00:00:00,0,0,10,809,1,1,0,0,0
459869780,NODE_B0CBD8F33218,root,1,00:00:00:00:00:00,0,0,10,810,1,1,0,0,0
459969572,NODE_B0CBD8F33218,root,1,00:00:00:00:00:00,0,0,10,810,1,1,0,0,0
460069568,NODE_B0CBD8F33218,root,1,00:00:00:00:00:00,0,0,10,810,1,1,0,0,0
460169562,NODE_B0CBD8F33218,root,1,00:00:00:00:00:00,0,0,10,810,1,1,0,0,0
460269568,NODE_B0CBD8F33218,root,1,00:00:00:00:00:00,0,0,10,810,1,1,0,0,0
460369568,NODE_B0CBD8F33218,root,1,00:00:00:00:00:00,0,0,10,810,1,1,0,0,0
460469562,NODE_B0CBD8F33218,root,1,00:00:00:00:00:00,0,0,10,810,1,1,0,0,0
460569568,NODE_B0CBD8F33218,root,1,00:00:00:00:00:00,0,0,10,810,1,1,0,0,0
460669568,NODE_B0CBD8F33218,root,1,00:00:00:00:00:00,0,0,10,810,1,1,0,0,0
460769562,NODE_B0CBD8F33218,root,1,00:00:00:00:00:00,0,0,10,810,1,1,0,0,0
460869568,NODE_B0CBD8F33218,root,1,00:00:00:00:00:00,0,0,10,811,1,1,0,0,0
460969564,NODE_B0CBD8F33218,root,1,00:00:00:00:00:00,0,0,10,811,1,1,0,0,0
461069570,NODE_B0CBD8F33218,root,1,00:00:00:00:00:00,0,0,10,811,1,1,0,0,0
461169560,NODE_B0CBD8F33218,root,1,00:00:00:00:00:00,0,0,10,811,1,1,0,0,0
461269568,NODE_B0CBD8F33218,root,1,00:00:00:00:00:00,0,0,10,811,1,1,0,0,0
461369570,NODE_B0CBD8F33218,root,1,00:00:00:00:00:00,0,0,10,811,1,1,0,0,0
461469560,NODE_B0CBD8F33218,root,1,00:00:00:00:00:00,0,0,10,811,1,1,0,0,0
461569568,NODE_B0CBD8F33218,root,1,00:00:00:00:00:00,0,0,10,811,1,1,0,0,0
461669570,NODE_B0CBD8F33218,root,1,00:00:00:00:00:00,0,0,10,811,1,1,0,0,0
461769560,NODE_B0CBD8F33218,root,1,00:00:00:00:00:00,0,0,10,811,1,1,0,0,0
461869572,NODE_B0CBD8F33218,root,1,00:00:00:00:00:00,0,0,10,812,1,1,0,0,0
461969566,NODE_B0CBD8F33218,root,1,00:00:00:00:00:00,0,0,10,812,1,1,0,0,0
462069568,NODE_B0CBD8F33218,root,1,00:00:00:00:00:00,0,0,10,812,1,1,0,0,0
462169560,NODE_B0CBD8F33218,root,1,00:00:00:00:00:00,0,0,10,812,1,1,0,0,0
462269570,NODE_B0CBD8F33218,root,1,00:00:00:00:00:00,0,0,10,812,1,1,0,0,0
462369568,NODE_B0CBD8F33218,root,1,00:00:00:00:00:00,0,0,10,812,1,1,0,0,0
462469560,NODE_B0CBD8F33218,root,1,00:00:00:00:00:00,0,0,10,812,1,1,0,0,0
462569570,NODE_B0CBD8F33218,root,1,00:00:00:00:00:00,0,0,10,812,1,1,0,0,0
462669564,NODE_B0CBD8F33218,root,1,00:00:00:00:00:00,0,0,10,812,1,1,0,0,0
462769560,NODE_B0CBD8F33218,root,1,00:00:00:00:00:00,0,0,10,812,1,1,0,0,0
462869574,NODE_B0CBD8F33218,root,1,00:00:00:00:00:00,0,0,10,813,1,1,0,0,0
462969568,NODE_B0CBD8F33218,root,1,00:00:00:00:00:00,0,0,10,813,1,1,0,0,0
463069568,NODE_B0CBD8F33218,root,1,00:00:00:00:00:00,0,0,10,813,1,1,0,0,0
463169562,NODE_B0CBD8F33218,root,1,00:00:00:00:00:00,0,0,10,813,1,1,0,0,0
463269568,NODE_B0CBD8F33218,root,1,00:00:00:00:00:00,0,0,10,813,1,1,0,0,0
463369568,NODE_B0CBD8F33218,root,1,00:00:00:00:00:00,0,0,10,813,1,1,0,0,0
463469562,NODE_B0CBD8F33218,root,1,00:00:00:00:00:00,0,0,10,813,1,1,0,0,0
463569572,NODE_B0CBD8F33218,root,1,00:00:00:00:00:00,0,0,10,813,1,1,0,0,0
463669568,NODE_B0CBD8F33218,root,1,00:00:00:00:00:00,0,0,10,813,1,1,0,0,0
463769562,NODE_B0CBD8F33218,root,1,00:00:00:00:00:00,0,0,10,813,1,1,0,0,0
463869572,NODE_B0CBD8F33218,root,1,00:00:00:00:00:00,0,0,10,814,1,1,0,0,0
463969564,NODE_B0CBD8F33218,root,1,00:00:00:00:00:00,0,0,10,814,1,1,0,0,0
464069570,NODE_B0CBD8F33218,root,1,00:00:00:00:00:00,0,0,10,814,1,1,0,0,0
464169560,NODE_B0CBD8F33218,root,1,00:00:00:00:00:00,0,0,10,814,1,1,0,0,0
464269568,NODE_B0CBD8F33218,root,1,00:00:00:00:00:00,0,0,10,814,1,1,0,0,0
464369558,NODE_B0CBD8F33218,root,1,00:00:00:00:00:00,0,0,10,814,1,1,0,0,0
464469560,NODE_B0CBD8F33218,root,1,00:00:00:00:00:00,0,0,10,814,1,1,0,0,0
464569568,NODE_B0CBD8F33218,root,1,00:00:00:00:00:00,0,0,10,814,1,1,0,0,0
464669570,NODE_B0CBD8F33218,root,1,00:00:00:00:00:00,0,0,10,814,1,1,0,0,0
464769560,NODE_B0CBD8F33218,root,1,00:00:00:00:00:00,0,0,10,814,1,1,0,0,0
464869564,NODE_B0CBD8F33218,root,1,00:00:00:00:00:00,0,0,10,815,1,1,0,0,0
464969566,NODE_B0CBD8F33218,root,1,00:00:00:00:00:00,0,0,10,815,1,1,0,0,0
465069568,NODE_B0CBD8F33218,root,1,00:00:00:00:00:00,0,0,10,815,1,1,0,0,0
465169560,NODE_B0CBD8F33218,root,1,00:00:00:00:00:00,0,0,10,815,1,1,0,0,0
465269570,NODE_B0CBD8F33218,root,1,00:00:00:00:00:00,0,0,10,815,1,1,0,0,0
465369568,NODE_B0CBD8F33218,root,1,00:00:00:00:00:00,0,0,10,815,1,1,0,0,0
465469560,NODE_B0CBD8F33218,root,1,00:00:00:00:00:00,0,0,10,815,1,1,0,0,0
465569570,NODE_B0CBD8F33218,root,1,00:00:00:00:00:00,0,0,10,815,1,1,0,0,0
465669568,NODE_B0CBD8F33218,root,1,00:00:00:00:00:00,0,0,10,815,1,1,0,0,0
465769560,NODE_B0CBD8F33218,root,1,00:00:00:00:00:00,0,0,10,815,1,1,0,0,0
465869574,NODE_B0CBD8F33218,root,1,00:00:00:00:00:00,0,0,10,816,1,1,0,0,0
465969560,NODE_B0CBD8F33218,root,1,00:00:00:00:00:00,0,0,10,816,1,1,0,0,0
466069572,NODE_B0CBD8F33218,root,1,00:00:00:00:00:00,0,0,10,816,1,1,0,0,0
466169562,NODE_B0CBD8F33218,root,1,00:00:00:00:00:00,0,0,10,816,1,1,0,0,0
466269568,NODE_B0CBD8F33218,root,1,00:00:00:00:00:00,0,0,10,816,1,1,0,0,0
466369568,NODE_B0CBD8F33218,root,1,00:00:00:00:00:00,0,0,10,816,1,1,0,0,0
466469562,NODE_B0CBD8F33218,root,1,00:00:00:00:00:00,0,0,10,816,1,1,0,0,0
466569568,NODE_B0CBD8F33218,root,1,00:00:00:00:00:00,0,0,10,816,1,1,0,0,0
466669568,NODE_B0CBD8F33218,root,1,00:00:00:00:00:00,0,0,10,816,1,1,0,0,0
466769562,NODE_B0CBD8F33218,root,1,00:00:00:00:00:00,0,0,10,816,1,1,0,0,0
466869572,NODE_B0CBD8F33218,root,1,00:00:00:00:00:00,0,0,10,817,1,1,0,0,0
466969564,NODE_B0CBD8F33218,root,1,00:00:00:00:00:00,0,0,10,817,1,1,0,0,0
467069570,NODE_B0CBD8F33218,root,1,00:00:00:00:00:00,0,0,10,817,1,1,0,0,0
467169564,NODE_B0CBD8F33218,root,1,00:00:00:00:00:00,0,0,10,817,1,1,0,0,0
467269568,NODE_B0CBD8F33218,root,1,00:00:00:00:00:00,0,0,10,817,1,1,0,0,0
467369570,NODE_B0CBD8F33218,root,1,00:00:00:00:00:00,0,0,10,817,1,1,0,0,0
467469560,NODE_B0CBD8F33218,root,1,00:00:00:00:00:00,0,0,10,817,1,1,0,0,0
467569568,NODE_B0CBD8F33218,root,1,00:00:00:00:00:00,0,0,10,817,1,1,0,0,0
467669566,NODE_B0CBD8F33218,root,1,00:00:00:00:00:00,0,0,10,817,1,1,0,0,0
467769560,NODE_B0CBD8F33218,root,1,00:00:00:00:00:00,0,0,10,817,1,1,0,0,0
467869568,NODE_B0CBD8F33218,root,1,00:00:00:00:00:00,0,0,10,818,1,1,0,0,0
467969566,NODE_B0CBD8F33218,root,1,00:00:00:00:00:00,0,0,10,818,1,1,0,0,0
468069568,NODE_B0CBD8F33218,root,1,00:00:00:00:00:00,0,0,10,818,1,1,0,0,0
468169560,NODE_B0CBD8F33218,root,1,00:00:00:00:00:00,0,0,10,818,1,1,0,0,0
468269570,NODE_B0CBD8F33218,root,1,00:00:00:00:00:00,0,0,10,818,1,1,0,0,0
468369568,NODE_B0CBD8F33218,root,1,00:00:00:00:00:00,0,0,10,818,1,1,0,0,0
468469560,NODE_B0CBD8F33218,root,1,00:00:00:00:00:00,0,0,10,818,1,1,0,0,0
468569570,NODE_B0CBD8F33218,root,1,00:00:00:00:00:00,0,0,10,818,1,1,0,0,0
468669568,NODE_B0CBD8F33218,root,1,00:00:00:00:00:00,0,0,10,818,1,1,0,0,0
468769560,NODE_B0CBD8F33218,root,1,00:00:00:00:00:00,0,0,10,818,1,1,0,0,0
468869574,NODE_B0CBD8F33218,root,1,00:00:00:00:00:00,0,0,10,819,1,1,0,0,0
468969564,NODE_B0CBD8F33218,root,1,00:00:00:00:00:00,0,0,10,819,1,1,0,0,0
469069568,NODE_B0CBD8F33218,root,1,00:00:00:00:00:00,0,0,10,819,1,1,0,0,0
469169566,NODE_B0CBD8F33218,root,1,00:00:00:00:00:00,0,0,10,819,1,1,0,0,0
469269568,NODE_B0CBD8F33218,root,1,00:00:00:00:00:00,0,0,10,819,1,1,0,0,0
469369568,NODE_B0CBD8F33218,root,1,00:00:00:00:00:00,0,0,10,819,1,1,0,0,0
469469562,NODE_B0CBD8F33218,root,1,00:00:00:00:00:00,0,0,10,819,1,1,0,0,0
469569572,NODE_B0CBD8F33218,root,1,00:00:00:00:00:00,0,0,10,819,1,1,0,0,0
469669568,NODE_B0CBD8F33218,root,1,00:00:00:00:00:00,0,0,10,819,1,1,0,0,0
469769562,NODE_B0CBD8F33218,root,1,00:00:00:00:00:00,0,0,10,819,1,1,0,0,0
469869576,NODE_B0CBD8F33218,root,1,00:00:00:00:00:00,0,0,10,820,1,1,0,0,0
469969564,NODE_B0CBD8F33218,root,1,00:00:00:00:00:00,0,0,10,820,1,1,0,0,0
470069570,NODE_B0CBD8F33218,root,1,00:00:00:00:00:00,0,0,10,820,1,1,0,0,0
470169564,NODE_B0CBD8F33218,root,1,00:00:00:00:00:00,0,0,10,820,1,1,0,0,0
470269568,NODE_B0CBD8F33218,root,1,00:00:00:00:00:00,0,0,10,820,1,1,0,0,0
470369570,NODE_B0CBD8F33218,root,1,00:00:00:00:00:00,0,0,10,820,1,1,0,0,0
470469560,NODE_B0CBD8F33218,root,1,00:00:00:00:00:00,0,0,10,820,1,1,0,0,0
470569568,NODE_B0CBD8F33218,root,1,00:00:00:00:00:00,0,0,10,820,1,1,0,0,0
470669570,NODE_B0CBD8F33218,root,1,00:00:00:00:00:00,0,0,10,820,1,1,0,0,0
470769560,NODE_B0CBD8F33218,root,1,00:00:00:00:00:00,0,0,10,820,1,1,0,0,0
470869568,NODE_B0CBD8F33218,root,1,00:00:00:00:00:00,0,0,10,821,1,1,0,0,0
470969566,NODE_B0CBD8F33218,root,1,00:00:00:00:00:00,0,0,10,821,1,1,0,0,0
471069568,NODE_B0CBD8F33218,root,1,00:00:00:00:00:00,0,0,10,821,1,1,0,0,0
471169560,NODE_B0CBD8F33218,root,1,00:00:00:00:00:00,0,0,10,821,1,1,0,0,0
471269570,NODE_B0CBD8F33218,root,1,00:00:00:00:00:00,0,0,10,821,1,1,0,0,0
471369568,NODE_B0CBD8F33218,root,1,00:00:00:00:00:00,0,0,10,821,1,1,0,0,0
471469557,NODE_B0CBD8F33218,root,1,00:00:00:00:00:00,0,0,10,821,1,1,0,0,0
471569570,NODE_B0CBD8F33218,root,1,00:00:00:00:00:00,0,0,10,821,1,1,0,0,0
471669564,NODE_B0CBD8F33218,root,1,00:00:00:00:00:00,0,0,10,821,1,1,0,0,0
471769560,NODE_B0CBD8F33218,root,1,00:00:00:00:00:00,0,0,10,821,1,1,0,0,0
471869570,NODE_B0CBD8F33218,root,1,00:00:00:00:00:00,0,0,10,822,1,1,0,0,0
471969560,NODE_B0CBD8F33218,root,1,00:00:00:00:00:00,0,0,10,822,1,1,0,0,0
472069564,NODE_B0CBD8F33218,root,1,00:00:00:00:00:00,0,0,10,822,1,1,0,0,0
472169562,NODE_B0CBD8F33218,root,1,00:00:00:00:00:00,0,0,10,822,1,1,0,0,0
472269564,NODE_B0CBD8F33218,root,1,00:00:00:00:00:00,0,0,10,822,1,1,0,0,0
472369564,NODE_B0CBD8F33218,root,1,00:00:00:00:00:00,0,0,10,822,1,1,0,0,0
472469562,NODE_B0CBD8F33218,root,1,00:00:00:00:00:00,0,0,10,822,1,1,0,0,0
472569564,NODE_B0CBD8F33218,root,1,00:00:00:00:00:00,0,0,10,822,1,1,0,0,0
472669564,NODE_B0CBD8F33218,root,1,00:00:00:00:00:00,0,0,10,822,1,1,0,0,0
472769562,NODE_B0CBD8F33218,root,1,00:00:00:00:00:00,0,0,10,822,1,1,0,0,0
472869572,NODE_B0CBD8F33218,root,1,00:00:00:00:00:00,0,0,10,823,1,1,0,0,0
472969564,NODE_B0CBD8F33218,root,1,00:00:00:00:00:00,0,0,10,823,1,1,0,0,0
473069570,NODE_B0CBD8F33218,root,1,00:00:00:00:00:00,0,0,10,823,1,1,0,0,0
473169560,NODE_B0CBD8F33218,root,1,00:00:00:00:00:00,0,0,10,823,1,1,0,0,0
473269572,NODE_B0CBD8F33218,root,1,00:00:00:00:00:00,0,0,10,823,1,1,0,0,0
473369570,NODE_B0CBD8F33218,root,1,00:00:00:00:00:00,0,0,10,823,1,1,0,0,0
473469560,NODE_B0CBD8F33218,root,1,00:00:00:00:00:00,0,0,10,823,1,1,0,0,0
473569568,NODE_B0CBD8F33218,root,1,00:00:00:00:00:00,0,0,10,823,1,1,0,0,0
473669570,NODE_B0CBD8F33218,root,1,00:00:00:00:00:00,0,0,10,823,1,1,0,0,0
473769560,NODE_B0CBD8F33218,root,1,00:00:00:00:00:00,0,0,10,823,1,1,0,0,0
473869572,NODE_B0CBD8F33218,root,1,00:00:00:00:00:00,0,0,10,824,1,1,0,0,0
473969566,NODE_B0CBD8F33218,root,1,00:00:00:00:00:00,0,0,10,824,1,1,0,0,0
474069568,NODE_B0CBD8F33218,root,1,00:00:00:00:00:00,0,0,10,824,1,1,0,0,0
474169560,NODE_B0CBD8F33218,root,1,00:00:00:00:00:00,0,0,10,824,1,1,0,0,0
474269570,NODE_B0CBD8F33218,root,1,00:00:00:00:00:00,0,0,10,824,1,1,0,0,0
474369568,NODE_B0CBD8F33218,root,1,00:00:00:00:00:00,0,0,10,824,1,1,0,0,0
474469560,NODE_B0CBD8F33218,root,1,00:00:00:00:00:00,0,0,10,824,1,1,0,0,0
474569570,NODE_B0CBD8F33218,root,1,00:00:00:00:00:00,0,0,10,824,1,1,0,0,0
474669568,NODE_B0CBD8F33218,root,1,00:00:00:00:00:00,0,0,10,824,1,1,0,0,0
474769560,NODE_B0CBD8F33218,root,1,00:00:00:00:00:00,0,0,10,824,1,1,0,0,0
474869566,NODE_B0CBD8F33218,root,1,00:00:00:00:00:00,0,0,10,825,1,1,0,0,0
474969564,NODE_B0CBD8F33218,root,1,00:00:00:00:00:00,0,0,10,825,1,1,0,0,0
475069568,NODE_B0CBD8F33218,root,1,00:00:00:00:00:00,0,0,10,825,1,1,0,0,0
475169562,NODE_B0CBD8F33218,root,1,00:00:00:00:00:00,0,0,10,825,1,1,0,0,0
475269568,NODE_B0CBD8F33218,root,1,00:00:00:00:00:00,0,0,10,825,1,1,0,0,0
475369568,NODE_B0CBD8F33218,root,1,00:00:00:00:00:00,0,0,10,825,1,1,0,0,0
475469562,NODE_B0CBD8F33218,root,1,00:00:00:00:00:00,0,0,10,825,1,1,0,0,0
475569568,NODE_B0CBD8F33218,root,1,00:00:00:00:00:00,0,0,10,825,1,1,0,0,0
475669568,NODE_B0CBD8F33218,root,1,00:00:00:00:00:00,0,0,10,825,1,1,0,0,0
475769562,NODE_B0CBD8F33218,root,1,00:00:00:00:00:00,0,0,10,825,1,1,0,0,0
475869572,NODE_B0CBD8F33218,root,1,00:00:00:00:00:00,0,0,10,826,1,1,0,0,0
475969564,NODE_B0CBD8F33218,root,1,00:00:00:00:00:00,0,0,10,826,1,1,0,0,0
476069570,NODE_B0CBD8F33218,root,1,00:00:00:00:00:00,0,0,10,826,1,1,0,0,0
476169560,NODE_B0CBD8F33218,root,1,00:00:00:00:00:00,0,0,10,826,1,1,0,0,0
476269568,NODE_B0CBD8F33218,root,1,00:00:00:00:00:00,0,0,10,826,1,1,0,0,0
476369570,NODE_B0CBD8F33218,root,1,00:00:00:00:00:00,0,0,10,826,1,1,0,0,0
476469560,NODE_B0CBD8F33218,root,1,00:00:00:00:00:00,0,0,10,826,1,1,0,0,0
476569568,NODE_B0CBD8F33218,root,1,00:00:00:00:00:00,0,0,10,826,1,1,0,0,0
476669570,NODE_B0CBD8F33218,root,1,00:00:00:00:00:00,0,0,10,826,1,1,0,0,0
476769560,NODE_B0CBD8F33218,root,1,00:00:00:00:00:00,0,0,10,826,1,1,0,0,0
476869572,NODE_B0CBD8F33218,root,1,00:00:00:00:00:00,0,0,10,827,1,1,0,0,0
476969562,NODE_B0CBD8F33218,root,1,00:00:00:00:00:00,0,0,10,827,1,1,0,0,0
477069568,NODE_B0CBD8F33218,root,1,00:00:00:00:00:00,0,0,10,827,1,1,0,0,0
477169560,NODE_B0CBD8F33218,root,1,00:00:00:00:00:00,0,0,10,827,1,1,0,0,0
477269570,NODE_B0CBD8F33218,root,1,00:00:00:00:00:00,0,0,10,827,1,1,0,0,0
477369568,NODE_B0CBD8F33218,root,1,00:00:00:00:00:00,0,0,10,827,1,1,0,0,0
477469560,NODE_B0CBD8F33218,root,1,00:00:00:00:00:00,0,0,10,827,1,1,0,0,0
477569570,NODE_B0CBD8F33218,root,1,00:00:00:00:00:00,0,0,10,827,1,1,0,0,0
477669564,NODE_B0CBD8F33218,root,1,00:00:00:00:00:00,0,0,10,827,1,1,0,0,0
477769560,NODE_B0CBD8F33218,root,1,00:00:00:00:00:00,0,0,10,827,1,1,0,0,0
477869574,NODE_B0CBD8F33218,root,1,00:00:00:00:00:00,0,0,10,828,1,1,0,0,0
477969564,NODE_B0CBD8F33218,root,1,00:00:00:00:00:00,0,0,10,828,1,1,0,0,0
478069568,NODE_B0CBD8F33218,root,1,00:00:00:00:00:00,0,0,10,828,1,1,0,0,0
478169562,NODE_B0CBD8F33218,root,1,00:00:00:00:00:00,0,0,10,828,1,1,0,0,0
478269568,NODE_B0CBD8F33218,root,1,00:00:00:00:00:00,0,0,10,828,1,1,0,0,0
478369572,NODE_B0CBD8F33218,root,1,00:00:00:00:00:00,0,0,10,828,1,1,0,0,0
478469562,NODE_B0CBD8F33218,root,1,00:00:00:00:00:00,0,0,10,828,1,1,0,0,0
478569558,NODE_B0CBD8F33218,root,1,00:00:00:00:00:00,0,0,10,828,1,1,0,0,0
478669568,NODE_B0CBD8F33218,root,1,00:00:00:00:00:00,0,0,10,828,1,1,0,0,0
478769562,NODE_B0CBD8F33218,root,1,00:00:00:00:00:00,0,0,10,828,1,1,0,0,0
478869572,NODE_B0CBD8F33218,root,1,00:00:00:00:00:00,0,0,10,829,1,1,0,0,0
478969564,NODE_B0CBD8F33218,root,1,00:00:00:00:00:00,0,0,10,829,1,1,0,0,0
479069570,NODE_B0CBD8F33218,root,1,00:00:00:00:00:00,0,0,10,829,1,1,0,0,0
479169560,NODE_B0CBD8F33218,root,1,00:00:00:00:00:00,0,0,10,829,1,1,0,0,0
479269568,NODE_B0CBD8F33218,root,1,00:00:00:00:00:00,0,0,10,829,1,1,0,0,0
479369570,NODE_B0CBD8F33218,root,1,00:00:00:00:00:00,0,0,10,829,1,1,0,0,0
479469560,NODE_B0CBD8F33218,root,1,00:00:00:00:00:00,0,0,10,829,1,1,0,0,0
479569572,NODE_B0CBD8F33218,root,1,00:00:00:00:00:00,0,0,10,829,1,1,0,0,0
479669570,NODE_B0CBD8F33218,root,1,00:00:00:00:00:00,0,0,10,829,1,1,0,0,0
479769560,NODE_B0CBD8F33218,root,1,00:00:00:00:00:00,0,0,10,829,1,1,0,0,0
479869576,NODE_B0CBD8F33218,root,1,00:00:00:00:00:00,0,0,10,830,1,1,0,0,0
479969566,NODE_B0CBD8F33218,root,1,00:00:00:00:00:00,0,0,10,830,1,1,0,0,0
480069568,NODE_B0CBD8F33218,root,1,00:00:00:00:00:00,0,0,10,830,1,1,0,0,0
480169560,NODE_B0CBD8F33218,root,1,00:00:00:00:00:00,0,0,10,830,1,1,0,0,0
480269570,NODE_B0CBD8F33218,root,1,00:00:00:00:00:00,0,0,10,830,1,1,0,0,0
480369568,NODE_B0CBD8F33218,root,1,00:00:00:00:00:00,0,0,10,830,1,1,0,0,0
480469564,NODE_B0CBD8F33218,root,1,00:00:00:00:00:00,0,0,10,830,1,1,0,0,0
480569570,NODE_B0CBD8F33218,root,1,00:00:00:00:00:00,0,0,10,830,1,1,0,0,0
480669568,NODE_B0CBD8F33218,root,1,00:00:00:00:00:00,0,0,10,830,1,1,0,0,0
480769560,NODE_B0CBD8F33218,root,1,00:00:00:00:00:00,0,0,10,830,1,1,0,0,0
480869570,NODE_B0CBD8F33218,root,1,00:00:00:00:00:00,0,0,10,831,1,1,0,0,0
480969560,NODE_B0CBD8F33218,root,1,00:00:00:00:00:00,0,0,10,831,1,1,0,0,0
481069568,NODE_B0CBD8F33218,root,1,00:00:00:00:00:00,0,0,10,831,1,1,0,0,0
481169562,NODE_B0CBD8F33218,root,1,00:00:00:00:00:00,0,0,10,831,1,1,0,0,0
481269568,NODE_B0CBD8F33218,root,1,00:00:00:00:00:00,0,0,10,831,1,1,0,0,0
481369568,NODE_B0CBD8F33218,root,1,00:00:00:00:00:00,0,0,10,831,1,1,0,0,0
481469562,NODE_B0CBD8F33218,root,1,00:00:00:00:00:00,0,0,10,831,1,1,0,0,0
481569568,NODE_B0CBD8F33218,root,1,00:00:00:00:00:00,0,0,10,831,1,1,0,0,0
481669568,NODE_B0CBD8F33218,root,1,00:00:00:00:00:00,0,0,10,831,1,1,0,0,0
481769562,NODE_B0CBD8F33218,root,1,00:00:00:00:00:00,0,0,10,831,1,1,0,0,0
481869572,NODE_B0CBD8F33218,root,1,00:00:00:00:00:00,0,0,10,832,1,1,0,0,0
481969564,NODE_B0CBD8F33218,root,1,00:00:00:00:00:00,0,0,10,832,1,1,0,0,0
482069570,NODE_B0CBD8F33218,root,1,00:00:00:00:00:00,0,0,10,832,1,1,0,0,0
482169560,NODE_B0CBD8F33218,root,1,00:00:00:00:00:00,0,0,10,832,1,1,0,0,0
482269568,NODE_B0CBD8F33218,root,1,00:00:00:00:00:00,0,0,10,832,1,1,0,0,0
482369570,NODE_B0CBD8F33218,root,1,00:00:00:00:00:00,0,0,10,832,1,1,0,0,0
482469564,NODE_B0CBD8F33218,root,1,00:00:00:00:00:00,0,0,10,832,1,1,0,0,0
482569568,NODE_B0CBD8F33218,root,1,00:00:00:00:00:00,0,0,10,832,1,1,0,0,0
482669566,NODE_B0CBD8F33218,root,1,00:00:00:00:00:00,0,0,10,832,1,1,0,0,0
482769560,NODE_B0CBD8F33218,root,1,00:00:00:00:00:00,0,0,10,832,1,1,0,0,0
482869572,NODE_B0CBD8F33218,root,1,00:00:00:00:00:00,0,0,10,833,1,1,0,0,0
482969566,NODE_B0CBD8F33218,root,1,00:00:00:00:00:00,0,0,10,833,1,1,0,0,0
483069568,NODE_B0CBD8F33218,root,1,00:00:00:00:00:00,0,0,10,833,1,1,0,0,0
483169560,NODE_B0CBD8F33218,root,1,00:00:00:00:00:00,0,0,10,833,1,1,0,0,0
483269570,NODE_B0CBD8F33218,root,1,00:00:00:00:00:00,0,0,10,833,1,1,0,0,0
483369568,NODE_B0CBD8F33218,root,1,00:00:00:00:00:00,0,0,10,833,1,1,0,0,0
483469564,NODE_B0CBD8F33218,root,1,00:00:00:00:00:00,0,0,10,833,1,1,0,0,0
483569570,NODE_B0CBD8F33218,root,1,00:00:00:00:00:00,0,0,10,833,1,1,0,0,0
483669568,NODE_B0CBD8F33218,root,1,00:00:00:00:00:00,0,0,10,833,1,1,0,0,0
483769560,NODE_B0CBD8F33218,root,1,00:00:00:00:00:00,0,0,10,833,1,1,0,0,0
483869574,NODE_B0CBD8F33218,root,1,00:00:00:00:00:00,0,0,10,834,1,1,0,0,0
483969560,NODE_B0CBD8F33218,root,1,00:00:00:00:00:00,0,0,10,834,1,1,0,0,0
484069568,NODE_B0CBD8F33218,root,1,00:00:00:00:00:00,0,0,10,834,1,1,0,0,0
484169562,NODE_B0CBD8F33218,root,1,00:00:00:00:00:00,0,0,10,834,1,1,0,0,0
484269568,NODE_B0CBD8F33218,root,1,00:00:00:00:00:00,0,0,10,834,1,1,0,0,0
484369568,NODE_B0CBD8F33218,root,1,00:00:00:00:00:00,0,0,10,834,1,1,0,0,0
484469562,NODE_B0CBD8F33218,root,1,00:00:00:00:00:00,0,0,10,834,1,1,0,0,0
484569568,NODE_B0CBD8F33218,root,1,00:00:00:00:00:00,0,0,10,834,1,1,0,0,0
484669568,NODE_B0CBD8F33218,root,1,00:00:00:00:00:00,0,0,10,834,1,1,0,0,0
484769562,NODE_B0CBD8F33218,root,1,00:00:00:00:00:00,0,0,10,834,1,1,0,0,0
484869572,NODE_B0CBD8F33218,root,1,00:00:00:00:00:00,0,0,10,835,1,1,0,0,0
484969564,NODE_B0CBD8F33218,root,1,00:00:00:00:00:00,0,0,10,835,1,1,0,0,0
485069570,NODE_B0CBD8F33218,root,1,00:00:00:00:00:00,0,0,10,835,1,1,0,0,0
485169560,NODE_B0CBD8F33218,root,1,00:00:00:00:00:00,0,0,10,835,1,1,0,0,0
485269568,NODE_B0CBD8F33218,root,1,00:00:00:00:00:00,0,0,10,835,1,1,0,0,0
485369570,NODE_B0CBD8F33218,root,1,00:00:00:00:00:00,0,0,10,835,1,1,0,0,0
485469560,NODE_B0CBD8F33218,root,1,00:00:00:00:00:00,0,0,10,835,1,1,0,0,0
485569562,NODE_B0CBD8F33218,root,1,00:00:00:00:00:00,0,0,10,835,1,1,0,0,0
485669581,NODE_B0CBD8F33218,root,1,00:00:00:00:00:00,0,0,10,835,1,1,0,0,0
485769560,NODE_B0CBD8F33218,root,1,00:00:00:00:00:00,0,0,10,835,1,1,0,0,0
485869572,NODE_B0CBD8F33218,root,1,00:00:00:00:00:00,0,0,10,836,1,1,0,0,0
485969566,NODE_B0CBD8F33218,root,1,00:00:00:00:00:00,0,0,10,836,1,1,0,0,0
486069568,NODE_B0CBD8F33218,root,1,00:00:00:00:00:00,0,0,10,836,1,1,0,0,0
486169560,NODE_B0CBD8F33218,root,1,00:00:00:00:00:00,0,0,10,836,1,1,0,0,0
486269570,NODE_B0CBD8F33218,root,1,00:00:00:00:00:00,0,0,10,836,1,1,0,0,0
486369568,NODE_B0CBD8F33218,root,1,00:00:00:00:00:00,0,0,10,836,1,1,0,0,0
486469561,NODE_B0CBD8F33218,root,1,00:00:00:00:00:00,0,0,10,836,1,1,0,0,0
486569570,NODE_B0CBD8F33218,root,1,00:00:00:00:00:00,0,0,10,836,1,1,0,0,0
486669568,NODE_B0CBD8F33218,root,1,00:00:00:00:00:00,0,0,10,836,1,1,0,0,0
486769560,NODE_B0CBD8F33218,root,1,00:00:00:00:00:00,0,0,10,836,1,1,0,0,0
486869574,NODE_B0CBD8F33218,root,1,00:00:00:00:00:00,0,0,10,837,1,1,0,0,0
486969564,NODE_B0CBD8F33218,root,1,00:00:00:00:00:00,0,0,10,837,1,1,0,0,0
487069564,NODE_B0CBD8F33218,root,1,00:00:00:00:00:00,0,0,10,837,1,1,0,0,0
487169562,NODE_B0CBD8F33218,root,1,00:00:00:00:00:00,0,0,10,837,1,1,0,0,0
487269568,NODE_B0CBD8F33218,root,1,00:00:00:00:00:00,0,0,10,837,1,1,0,0,0
487369568,NODE_B0CBD8F33218,root,1,00:00:00:00:00:00,0,0,10,837,1,1,0,0,0
487469562,NODE_B0CBD8F33218,root,1,00:00:00:00:00:00,0,0,10,837,1,1,0,0,0
487569572,NODE_B0CBD8F33218,root,1,00:00:00:00:00:00,0,0,10,837,1,1,0,0,0
487669564,NODE_B0CBD8F33218,root,1,00:00:00:00:00:00,0,0,10,837,1,1,0,0,0
487769562,NODE_B0CBD8F33218,root,1,00:00:00:00:00:00,0,0,10,837,1,1,0,0,0
487869572,NODE_B0CBD8F33218,root,1,00:00:00:00:00:00,0,0,10,838,1,1,0,0,0
487969560,NODE_B0CBD8F33218,root,1,00:00:00:00:00:00,0,0,10,838,1,1,0,0,0
488069570,NODE_B0CBD8F33218,root,1,00:00:00:00:00:00,0,0,10,838,1,1,0,0,0
488169560,NODE_B0CBD8F33218,root,1,00:00:00:00:00:00,0,0,10,838,1,1,0,0,0
488269568,NODE_B0CBD8F33218,root,1,00:00:00:00:00:00,0,0,10,838,1,1,0,0,0
488369570,NODE_B0CBD8F33218,root,1,00:00:00:00:00:00,0,0,10,838,1,1,0,0,0
488469560,NODE_B0CBD8F33218,root,1,00:00:00:00:00:00,0,0,10,838,1,1,0,0,0
488569568,NODE_B0CBD8F33218,root,1,00:00:00:00:00:00,0,0,10,838,1,1,0,0,0
488669570,NODE_B0CBD8F33218,root,1,00:00:00:00:00:00,0,0,10,838,1,1,0,0,0
488769560,NODE_B0CBD8F33218,root,1,00:00:00:00:00:00,0,0,10,838,1,1,0,0,0
488869572,NODE_B0CBD8F33218,root,1,00:00:00:00:00:00,0,0,10,839,1,1,0,0,0
488969566,NODE_B0CBD8F33218,root,1,00:00:00:00:00:00,0,0,10,839,1,1,0,0,0
489069568,NODE_B0CBD8F33218,root,1,00:00:00:00:00:00,0,0,10,839,1,1,0,0,0
489169560,NODE_B0CBD8F33218,root,1,00:00:00:00:00:00,0,0,10,839,1,1,0,0,0
489269570,NODE_B0CBD8F33218,root,1,00:00:00:00:00:00,0,0,10,839,1,1,0,0,0
489369568,NODE_B0CBD8F33218,root,1,00:00:00:00:00:00,0,0,10,839,1,1,0,0,0
489469560,NODE_B0CBD8F33218,root,1,00:00:00:00:00:00,0,0,10,839,1,1,0,0,0
489569570,NODE_B0CBD8F33218,root,1,00:00:00:00:00:00,0,0,10,839,1,1,0,0,0
489669568,NODE_B0CBD8F33218,root,1,00:00:00:00:00:00,0,0,10,839,1,1,0,0,0
489769560,NODE_B0CBD8F33218,root,1,00:00:00:00:00:00,0,0,10,839,1,1,0,0,0
489869578,NODE_B0CBD8F33218,root,1,00:00:00:00:00:00,0,0,10,840,1,1,0,0,0
489969564,NODE_B0CBD8F33218,root,1,00:00:00:00:00:00,0,0,10,840,1,1,0,0,0
490069568,NODE_B0CBD8F33218,root,1,00:00:00:00:00:00,0,0,10,840,1,1,0,0,0
490169562,NODE_B0CBD8F33218,root,1,00:00:00:00:00:00,0,0,10,840,1,1,0,0,0
490269568,NODE_B0CBD8F33218,root,1,00:00:00:00:00:00,0,0,10,840,1,1,0,0,0
490369568,NODE_B0CBD8F33218,root,1,00:00:00:00:00:00,0,0,10,840,1,1,0,0,0
490469562,NODE_B0CBD8F33218,root,1,00:00:00:00:00:00,0,0,10,840,1,1,0,0,0
490569568,NODE_B0CBD8F33218,root,1,00:00:00:00:00:00,0,0,10,840,1,1,0,0,0
490669568,NODE_B0CBD8F33218,root,1,00:00:00:00:00:00,0,0,10,840,1,1,0,0,0
490769562,NODE_B0CBD8F33218,root,1,00:00:00:00:00:00,0,0,10,840,1,1,0,0,0
490869568,NODE_B0CBD8F33218,root,1,00:00:00:00:00:00,0,0,10,841,1,1,0,0,0
490969564,NODE_B0CBD8F33218,root,1,00:00:00:00:00:00,0,0,10,841,1,1,0,0,0
491069570,NODE_B0CBD8F33218,root,1,00:00:00:00:00:00,0,0,10,841,1,1,0,0,0
491169560,NODE_B0CBD8F33218,root,1,00:00:00:00:00:00,0,0,10,841,1,1,0,0,0
491269568,NODE_B0CBD8F33218,root,1,00:00:00:00:00:00,0,0,10,841,1,1,0,0,0
491369570,NODE_B0CBD8F33218,root,1,00:00:00:00:00:00,0,0,10,841,1,1,0,0,0
491469560,NODE_B0CBD8F33218,root,1,00:00:00:00:00:00,0,0,10,841,1,1,0,0,0
491569568,NODE_B0CBD8F33218,root,1,00:00:00:00:00:00,0,0,10,841,1,1,0,0,0
491669570,NODE_B0CBD8F33218,root,1,00:00:00:00:00:00,0,0,10,841,1,1,0,0,0
491769560,NODE_B0CBD8F33218,root,1,00:00:00:00:00:00,0,0,10,841,1,1,0,0,0
491869572,NODE_B0CBD8F33218,root,1,00:00:00:00:00:00,0,0,10,842,1,1,0,0,0
491969566,NODE_B0CBD8F33218,root,1,00:00:00:00:00:00,0,0,10,842,1,1,0,0,0
492069568,NODE_B0CBD8F33218,root,1,00:00:00:00:00:00,0,0,10,842,1,1,0,0,0
492169560,NODE_B0CBD8F33218,root,1,00:00:00:00:00:00,0,0,10,842,1,1,0,0,0
492269570,NODE_B0CBD8F33218,root,1,00:00:00:00:00:00,0,0,10,842,1,1,0,0,0
492369568,NODE_B0CBD8F33218,root,1,00:00:00:00:00:00,0,0,10,842,1,1,0,0,0
492469560,NODE_B0CBD8F33218,root,1,00:00:00:00:00:00,0,0,10,842,1,1,0,0,0
492569570,NODE_B0CBD8F33218,root,1,00:00:00:00:00:00,0,0,10,842,1,1,0,0,0
492669564,NODE_B0CBD8F33218,root,1,00:00:00:00:00:00,0,0,10,842,1,1,0,0,0
492769564,NODE_B0CBD8F33218,root,1,00:00:00:00:00:00,0,0,10,842,1,1,0,0,0
492869574,NODE_B0CBD8F33218,root,1,00:00:00:00:00:00,0,0,10,843,1,1,0,0,0
492969564,NODE_B0CBD8F33218,root,1,00:00:00:00:00:00,0,0,10,843,1,1,0,0,0
493069568,NODE_B0CBD8F33218,root,1,00:00:00:00:00:00,0,0,10,843,1,1,0,0,0
493169562,NODE_B0CBD8F33218,root,1,00:00:00:00:00:00,0,0,10,843,1,1,0,0,0
493269568,NODE_B0CBD8F33218,root,1,00:00:00:00:00:00,0,0,10,843,1,1,0,0,0
493369568,NODE_B0CBD8F33218,root,1,00:00:00:00:00:00,0,0,10,843,1,1,0,0,0
493469562,NODE_B0CBD8F33218,root,1,00:00:00:00:00:00,0,0,10,843,1,1,0,0,0
493569568,NODE_B0CBD8F33218,root,1,00:00:00:00:00:00,0,0,10,843,1,1,0,0,0
493669568,NODE_B0CBD8F33218,root,1,00:00:00:00:00:00,0,0,10,843,1,1,0,0,0
493769566,NODE_B0CBD8F33218,root,1,00:00:00:00:00:00,0,0,10,843,1,1,0,0,0
493869572,NODE_B0CBD8F33218,root,1,00:00:00:00:00:00,0,0,10,844,1,1,0,0,0
493969564,NODE_B0CBD8F33218,root,1,00:00:00:00:00:00,0,0,10,844,1,1,0,0,0
494069570,NODE_B0CBD8F33218,root,1,00:00:00:00:00:00,0,0,10,844,1,1,0,0,0
494169560,NODE_B0CBD8F33218,root,1,00:00:00:00:00:00,0,0,10,844,1,1,0,0,0
494269568,NODE_B0CBD8F33218,root,1,00:00:00:00:00:00,0,0,10,844,1,1,0,0,0
494369570,NODE_B0CBD8F33218,root,1,00:00:00:00:00:00,0,0,10,844,1,1,0,0,0
494469560,NODE_B0CBD8F33218,root,1,00:00:00:00:00:00,0,0,10,844,1,1,0,0,0
494569568,NODE_B0CBD8F33218,root,1,00:00:00:00:00:00,0,0,10,844,1,1,0,0,0
494669570,NODE_B0CBD8F33218,root,1,00:00:00:00:00:00,0,0,10,844,1,1,0,0,0
494769564,NODE_B0CBD8F33218,root,1,00:00:00:00:00:00,0,0,10,844,1,1,0,0,0
494869568,NODE_B0CBD8F33218,root,1,00:00:00:00:00:00,0,0,10,845,1,1,0,0,0
494969566,NODE_B0CBD8F33218,root,1,00:00:00:00:00:00,0,0,10,845,1,1,0,0,0
495069568,NODE_B0CBD8F33218,root,1,00:00:00:00:00:00,0,0,10,845,1,1,0,0,0
495169560,NODE_B0CBD8F33218,root,1,00:00:00:00:00:00,0,0,10,845,1,1,0,0,0
495269570,NODE_B0CBD8F33218,root,1,00:00:00:00:00:00,0,0,10,845,1,1,0,0,0
495369568,NODE_B0CBD8F33218,root,1,00:00:00:00:00:00,0,0,10,845,1,1,0,0,0
495469560,NODE_B0CBD8F33218,root,1,00:00:00:00:00:00,0,0,10,845,1,1,0,0,0
495569570,NODE_B0CBD8F33218,root,1,00:00:00:00:00:00,0,0,10,845,1,1,0,0,0
495669568,NODE_B0CBD8F33218,root,1,00:00:00:00:00:00,0,0,10,845,1,1,0,0,0
495769564,NODE_B0CBD8F33218,root,1,00:00:00:00:00:00,0,0,10,845,1,1,0,0,0
495869578,NODE_B0CBD8F33218,root,1,00:00:00:00:00:00,0,0,10,846,1,1,0,0,0
495969564,NODE_B0CBD8F33218,root,1,00:00:00:00:00:00,0,0,10,846,1,1,0,0,0
496069568,NODE_B0CBD8F33218,root,1,00:00:00:00:00:00,0,0,10,846,1,1,0,0,0
496169562,NODE_B0CBD8F33218,root,1,00:00:00:00:00:00,0,0,10,846,1,1,0,0,0
496269568,NODE_B0CBD8F33218,root,1,00:00:00:00:00:00,0,0,10,846,1,1,0,0,0
496369568,NODE_B0CBD8F33218,root,1,00:00:00:00:00:00,0,0,10,846,1,1,0,0,0
496469562,NODE_B0CBD8F33218,root,1,00:00:00:00:00:00,0,0,10,846,1,1,0,0,0
496569568,NODE_B0CBD8F33218,root,1,00:00:00:00:00:00,0,0,10,846,1,1,0,0,0
496669568,NODE_B0CBD8F33218,root,1,00:00:00:00:00:00,0,0,10,846,1,1,0,0,0
496769562,NODE_B0CBD8F33218,root,1,00:00:00:00:00:00,0,0,10,846,1,1,0,0,0
496869572,NODE_B0CBD8F33218,root,1,00:00:00:00:00:00,0,0,10,847,1,1,0,0,0
496969564,NODE_B0CBD8F33218,root,1,00:00:00:00:00:00,0,0,10,847,1,1,0,0,0
497069570,NODE_B0CBD8F33218,root,1,00:00:00:00:00:00,0,0,10,847,1,1,0,0,0
497169560,NODE_B0CBD8F33218,root,1,00:00:00:00:00:00,0,0,10,847,1,1,0,0,0
497269568,NODE_B0CBD8F33218,root,1,00:00:00:00:00:00,0,0,10,847,1,1,0,0,0
497369570,NODE_B0CBD8F33218,root,1,00:00:00:00:00:00,0,0,10,847,1,1,0,0,0
497469560,NODE_B0CBD8F33218,root,1,00:00:00:00:00:00,0,0,10,847,1,1,0,0,0
497569568,NODE_B0CBD8F33218,root,1,00:00:00:00:00:00,0,0,10,847,1,1,0,0,0
497669566,NODE_B0CBD8F33218,root,1,00:00:00:00:00:00,0,0,10,847,1,1,0,0,0
497769560,NODE_B0CBD8F33218,root,1,00:00:00:00:00:00,0,0,10,847,1,1,0,0,0
497869572,NODE_B0CBD8F33218,root,1,00:00:00:00:00:00,0,0,10,848,1,1,0,0,0
497969566,NODE_B0CBD8F33218,root,1,00:00:00:00:00:00,0,0,10,848,1,1,0,0,0
498069568,NODE_B0CBD8F33218,root,1,00:00:00:00:00:00,0,0,10,848,1,1,0,0,0
498169560,NODE_B0CBD8F33218,root,1,00:00:00:00:00:00,0,0,10,848,1,1,0,0,0
498269570,NODE_B0CBD8F33218,root,1,00:00:00:00:00:00,0,0,10,848,1,1,0,0,0
498369568,NODE_B0CBD8F33218,root,1,00:00:00:00:00:00,0,0,10,848,1,1,0,0,0
498469560,NODE_B0CBD8F33218,root,1,00:00:00:00:00:00,0,0,10,848,1,1,0,0,0
498569570,NODE_B0CBD8F33218,root,1,00:00:00:00:00:00,0,0,10,848,1,1,0,0,0
498669568,NODE_B0CBD8F33218,root,1,00:00:00:00:00:00,0,0,10,848,1,1,0,0,0
498769560,NODE_B0CBD8F33218,root,1,00:00:00:00:00:00,0,0,10,848,1,1,0,0,0
498869574,NODE_B0CBD8F33218,root,1,00:00:00:00:00:00,0,0,10,849,1,1,0,0,0
498969560,NODE_B0CBD8F33218,root,1,00:00:00:00:00:00,0,0,10,849,1,1,0,0,0
499069568,NODE_B0CBD8F33218,root,1,00:00:00:00:00:00,0,0,10,849,1,1,0,0,0
499169562,NODE_B0CBD8F33218,root,1,00:00:00:00:00:00,0,0,10,849,1,1,0,0,0
499269568,NODE_B0CBD8F33218,root,1,00:00:00:00:00:00,0,0,10,849,1,1,0,0,0
499369568,NODE_B0CBD8F33218,root,1,00:00:00:00:00:00,0,0,10,849,1,1,0,0,0
499469562,NODE_B0CBD8F33218,root,1,00:00:00:00:00:00,0,0,10,849,1,1,0,0,0
499569572,NODE_B0CBD8F33218,root,1,00:00:00:00:00:00,0,0,10,849,1,1,0,0,0
499669568,NODE_B0CBD8F33218,root,1,00:00:00:00:00:00,0,0,10,849,1,1,0,0,0
499769562,NODE_B0CBD8F33218,root,1,00:00:00:00:00:00,0,0,10,849,1,1,0,0,0
499869578,NODE_B0CBD8F33218,root,1,00:00:00:00:00:00,0,0,10,850,1,1,0,0,0
499969566,NODE_B0CBD8F33218,root,1,00:00:00:00:00:00,0,0,10,850,1,1,0,0,0
500069571,NODE_B0CBD8F33218,root,1,00:00:00:00:00:00,0,0,10,850,1,1,0,0,0
500169560,NODE_B0CBD8F33218,root,1,00:00:00:00:00:00,0,0,10,850,1,1,0,0,0
500269568,NODE_B0CBD8F33218,root,1,00:00:00:00:00:00,0,0,10,850,1,1,0,0,0
500369570,NODE_B0CBD8F33218,root,1,00:00:00:00:00:00,0,0,10,850,1,1,0,0,0
500469560,NODE_B0CBD8F33218,root,1,00:00:00:00:00:00,0,0,10,850,1,1,0,0,0
500569568,NODE_B0CBD8F33218,root,1,00:00:00:00:00:00,0,0,10,850,1,1,0,0,0
500669570,NODE_B0CBD8F33218,root,1,00:00:00:00:00:00,0,0,10,850,1,1,0,0,0
500769560,NODE_B0CBD8F33218,root,1,00:00:00:00:00:00,0,0,10,850,1,1,0,0,0
500869568,NODE_B0CBD8F33218,root,1,00:00:00:00:00:00,0,0,10,851,1,1,0,0,0
500969566,NODE_B0CBD8F33218,root,1,00:00:00:00:00:00,0,0,10,851,1,1,0,0,0
501069568,NODE_B0CBD8F33218,root,1,00:00:00:00:00:00,0,0,10,851,1,1,0,0,0
501169560,NODE_B0CBD8F33218,root,1,00:00:00:00:00:00,0,0,10,851,1,1,0,0,0
501269570,NODE_B0CBD8F33218,root,1,00:00:00:00:00:00,0,0,10,851,1,1,0,0,0
501369568,NODE_B0CBD8F33218,root,1,00:00:00:00:00:00,0,0,10,851,1,1,0,0,0
501469561,NODE_B0CBD8F33218,root,1,00:00:00:00:00:00,0,0,10,851,1,1,0,0,0
501569570,NODE_B0CBD8F33218,root,1,00:00:00:00:00:00,0,0,10,851,1,1,0,0,0
501669568,NODE_B0CBD8F33218,root,1,00:00:00:00:00:00,0,0,10,851,1,1,0,0,0
501769560,NODE_B0CBD8F33218,root,1,00:00:00:00:00:00,0,0,10,851,1,1,0,0,0
501869574,NODE_B0CBD8F33218,root,1,00:00:00:00:00:00,0,0,10,852,1,1,0,0,0
501969568,NODE_B0CBD8F33218,root,1,00:00:00:00:00:00,0,0,10,852,1,1,0,0,0
502069568,NODE_B0CBD8F33218,root,1,00:00:00:00:00:00,0,0,10,852,1,1,0,0,0
502169562,NODE_B0CBD8F33218,root,1,00:00:00:00:00:00,0,0,10,852,1,1,0,0,0
502269568,NODE_B0CBD8F33218,root,1,00:00:00:00:00:00,0,0,10,852,1,1,0,0,0
502369568,NODE_B0CBD8F33218,root,1,00:00:00:00:00:00,0,0,10,852,1,1,0,0,0
502469562,NODE_B0CBD8F33218,root,1,00:00:00:00:00:00,0,0,10,852,1,1,0,0,0
502569568,NODE_B0CBD8F33218,root,1,00:00:00:00:00:00,0,0,10,852,1,1,0,0,0
502669564,NODE_B0CBD8F33218,root,1,00:00:00:00:00:00,0,0,10,852,1,1,0,0,0
502769562,NODE_B0CBD8F33218,root,1,00:00:00:00:00:00,0,0,10,852,1,1,0,0,0
502869572,NODE_B0CBD8F33218,root,1,00:00:00:00:00:00,0,0,10,853,1,1,0,0,0
502969568,NODE_B0CBD8F33218,root,1,00:00:00:00:00:00,0,0,10,853,1,1,0,0,0
503069570,NODE_B0CBD8F33218,root,1,00:00:00:00:00:00,0,0,10,853,1,1,0,0,0
503169560,NODE_B0CBD8F33218,root,1,00:00:00:00:00:00,0,0,10,853,1,1,0,0,0
503269568,NODE_B0CBD8F33218,root,1,00:00:00:00:00:00,0,0,10,853,1,1,0,0,0
503369570,NODE_B0CBD8F33218,root,1,00:00:00:00:00:00,0,0,10,853,1,1,0,0,0
503469560,NODE_B0CBD8F33218,root,1,00:00:00:00:00:00,0,0,10,853,1,1,0,0,0
503569568,NODE_B0CBD8F33218,root,1,00:00:00:00:00:00,0,0,10,853,1,1,0,0,0
503669570,NODE_B0CBD8F33218,root,1,00:00:00:00:00:00,0,0,10,853,1,1,0,0,0
503769560,NODE_B0CBD8F33218,root,1,00:00:00:00:00:00,0,0,10,853,1,1,0,0,0
503869572,NODE_B0CBD8F33218,root,1,00:00:00:00:00:00,0,0,10,854,1,1,0,0,0
503969570,NODE_B0CBD8F33218,root,1,00:00:00:00:00:00,0,0,10,854,1,1,0,0,0
504069568,NODE_B0CBD8F33218,root,1,00:00:00:00:00:00,0,0,10,854,1,1,0,0,0
504169560,NODE_B0CBD8F33218,root,1,00:00:00:00:00:00,0,0,10,854,1,1,0,0,0
504269570,NODE_B0CBD8F33218,root,1,00:00:00:00:00:00,0,0,10,854,1,1,0,0,0
504369568,NODE_B0CBD8F33218,root,1,00:00:00:00:00:00,0,0,10,854,1,1,0,0,0
504469560,NODE_B0CBD8F33218,root,1,00:00:00:00:00:00,0,0,10,854,1,1,0,0,0
504569570,NODE_B0CBD8F33218,root,1,00:00:00:00:00:00,0,0,10,854,1,1,0,0,0
504669568,NODE_B0CBD8F33218,root,1,00:00:00:00:00:00,0,0,10,854,1,1,0,0,0
504769560,NODE_B0CBD8F33218,root,1,00:00:00:00:00:00,0,0,10,854,1,1,0,0,0
504869566,NODE_B0CBD8F33218,root,1,00:00:00:00:00:00,0,0,10,855,1,1,0,0,0
504969564,NODE_B0CBD8F33218,root,1,00:00:00:00:00:00,0,0,10,855,1,1,0,0,0
505069568,NODE_B0CBD8F33218,root,1,00:00:00:00:00:00,0,0,10,855,1,1,0,0,0
505169562,NODE_B0CBD8F33218,root,1,00:00:00:00:00:00,0,0,10,855,1,1,0,0,0
505269568,NODE_B0CBD8F33218,root,1,00:00:00:00:00:00,0,0,10,855,1,1,0,0,0
505369568,NODE_B0CBD8F33218,root,1,00:00:00:00:00:00,0,0,10,855,1,1,0,0,0
505469562,NODE_B0CBD8F33218,root,1,00:00:00:00:00:00,0,0,10,855,1,1,0,0,0
505569572,NODE_B0CBD8F33218,root,1,00:00:00:00:00:00,0,0,10,855,1,1,0,0,0
505669568,NODE_B0CBD8F33218,root,1,00:00:00:00:00:00,0,0,10,855,1,1,0,0,0
505769562,NODE_B0CBD8F33218,root,1,00:00:00:00:00:00,0,0,10,855,1,1,0,0,0
505869572,NODE_B0CBD8F33218,root,1,00:00:00:00:00:00,0,0,10,856,1,1,0,0,0
505969560,NODE_B0CBD8F33218,root,1,00:00:00:00:00:00,0,0,10,856,1,1,0,0,0
506069574,NODE_B0CBD8F33218,root,1,00:00:00:00:00:00,0,0,10,856,1,1,0,0,0
506169560,NODE_B0CBD8F33218,root,1,00:00:00:00:00:00,0,0,10,856,1,1,0,0,0
506269568,NODE_B0CBD8F33218,root,1,00:00:00:00:00:00,0,0,10,856,1,1,0,0,0
506369570,NODE_B0CBD8F33218,root,1,00:00:00:00:00:00,0,0,10,856,1,1,0,0,0
506469560,NODE_B0CBD8F33218,root,1,00:00:00:00:00:00,0,0,10,856,1,1,0,0,0
506569568,NODE_B0CBD8F33218,root,1,00:00:00:00:00:00,0,0,10,856,1,1,0,0,0
506669570,NODE_B0CBD8F33218,root,1,00:00:00:00:00:00,0,0,10,856,1,1,0,0,0
506769560,NODE_B0CBD8F33218,root,1,00:00:00:00:00:00,0,0,10,856,1,1,0,0,0
506869572,NODE_B0CBD8F33218,root,1,00:00:00:00:00:00,0,0,10,857,1,1,0,0,0
506969566,NODE_B0CBD8F33218,root,1,00:00:00:00:00:00,0,0,10,857,1,1,0,0,0
507069568,NODE_B0CBD8F33218,root,1,00:00:00:00:00:00,0,0,10,857,1,1,0,0,0
507169552,NODE_B0CBD8F33218,root,1,00:00:00:00:00:00,0,0,10,857,1,1,0,0,0
507269570,NODE_B0CBD8F33218,root,1,00:00:00:00:00:00,0,0,10,857,1,1,0,0,0
507369568,NODE_B0CBD8F33218,root,1,00:00:00:00:00:00,0,0,10,857,1,1,0,0,0
507469560,NODE_B0CBD8F33218,root,1,00:00:00:00:00:00,0,0,10,857,1,1,0,0,0
507569570,NODE_B0CBD8F33218,root,1,00:00:00:00:00:00,0,0,10,857,1,1,0,0,0
507669564,NODE_B0CBD8F33218,root,1,00:00:00:00:00:00,0,0,10,857,1,1,0,0,0
507769561,NODE_B0CBD8F33218,root,1,00:00:00:00:00:00,0,0,10,857,1,1,0,0,0
507869574,NODE_B0CBD8F33218,root,1,00:00:00:00:00:00,0,0,10,858,1,1,0,0,0
507969564,NODE_B0CBD8F33218,root,1,00:00:00:00:00:00,0,0,10,858,1,1,0,0,0
508069568,NODE_B0CBD8F33218,root,1,00:00:00:00:00:00,0,0,10,858,1,1,0,0,0
508169562,NODE_B0CBD8F33218,root,1,00:00:00:00:00:00,0,0,10,858,1,1,0,0,0
508269568,NODE_B0CBD8F33218,root,1,00:00:00:00:00:00,0,0,10,858,1,1,0,0,0
508369572,NODE_B0CBD8F33218,root,1,00:00:00:00:00:00,0,0,10,858,1,1,0,0,0
508469562,NODE_B0CBD8F33218,root,1,00:00:00:00:00:00,0,0,10,858,1,1,0,0,0
508569568,NODE_B0CBD8F33218,root,1,00:00:00:00:00:00,0,0,10,858,1,1,0,0,0
508669568,NODE_B0CBD8F33218,root,1,00:00:00:00:00:00,0,0,10,858,1,1,0,0,0
508769562,NODE_B0CBD8F33218,root,1,00:00:00:00:00:00,0,0,10,858,1,1,0,0,0
508869572,NODE_B0CBD8F33218,root,1,00:00:00:00:00:00,0,0,10,859,1,1,0,0,0
508969564,NODE_B0CBD8F33218,root,1,00:00:00:00:00:00,0,0,10,859,1,1,0,0,0
509069570,NODE_B0CBD8F33218,root,1,00:00:00:00:00:00,0,0,10,859,1,1,0,0,0
509169560,NODE_B0CBD8F33218,root,1,00:00:00:00:00:00,0,0,10,859,1,1,0,0,0
509269568,NODE_B0CBD8F33218,root,1,00:00:00:00:00:00,0,0,10,859,1,1,0,0,0
509369570,NODE_B0CBD8F33218,root,1,00:00:00:00:00:00,0,0,10,859,1,1,0,0,0
509469560,NODE_B0CBD8F33218,root,1,00:00:00:00:00:00,0,0,10,859,1,1,0,0,0
509569568,NODE_B0CBD8F33218,root,1,00:00:00:00:00:00,0,0,10,859,1,1,0,0,0
509669570,NODE_B0CBD8F33218,root,1,00:00:00:00:00:00,0,0,10,859,1,1,0,0,0
509769560,NODE_B0CBD8F33218,root,1,00:00:00:00:00:00,0,0,10,859,1,1,0,0,0
509869576,NODE_B0CBD8F33218,root,1,00:00:00:00:00:00,0,0,10,860,1,1,0,0,0
509969566,NODE_B0CBD8F33218,root,1,00:00:00:00:00:00,0,0,10,860,1,1,0,0,0
510069568,NODE_B0CBD8F33218,root,1,00:00:00:00:00:00,0,0,10,860,1,1,0,0,0
510169564,NODE_B0CBD8F33218,root,1,00:00:00:00:00:00,0,0,10,860,1,1,0,0,0
510269570,NODE_B0CBD8F33218,root,1,00:00:00:00:00:00,0,0,10,860,1,1,0,0,0
510369568,NODE_B0CBD8F33218,root,1,00:00:00:00:00:00,0,0,10,860,1,1,0,0,0
510469561,NODE_B0CBD8F33218,root,1,00:00:00:00:00:00,0,0,10,860,1,1,0,0,0
510569570,NODE_B0CBD8F33218,root,1,00:00:00:00:00:00,0,0,10,860,1,1,0,0,0
510669568,NODE_B0CBD8F33218,root,1,00:00:00:00:00:00,0,0,10,860,1,1,0,0,0
510769560,NODE_B0CBD8F33218,root,1,00:00:00:00:00:00,0,0,10,860,1,1,0,0,0
510869570,NODE_B0CBD8F33218,root,1,00:00:00:00:00:00,0,0,10,861,1,1,0,0,0
510969560,NODE_B0CBD8F33218,root,1,00:00:00:00:00:00,0,0,10,861,1,1,0,0,0
511069568,NODE_B0CBD8F33218,root,1,00:00:00:00:00:00,0,0,10,861,1,1,0,0,0
511169562,NODE_B0CBD8F33218,root,1,00:00:00:00:00:00,0,0,10,861,1,1,0,0,0
511269568,NODE_B0CBD8F33218,root,1,00:00:00:00:00:00,0,0,10,861,1,1,0,0,0
511369568,NODE_B0CBD8F33218,root,1,00:00:00:00:00:00,0,0,10,861,1,1,0,0,0
511469562,NODE_B0CBD8F33218,root,1,00:00:00:00:00:00,0,0,10,861,1,1,0,0,0
511569568,NODE_B0CBD8F33218,root,1,00:00:00:00:00:00,0,0,10,861,1,1,0,0,0
511669568,NODE_B0CBD8F33218,root,1,00:00:00:00:00:00,0,0,10,861,1,1,0,0,0
511769562,NODE_B0CBD8F33218,root,1,00:00:00:00:00:00,0,0,10,861,1,1,0,0,0
511869572,NODE_B0CBD8F33218,root,1,00:00:00:00:00:00,0,0,10,862,1,1,0,0,0
511969564,NODE_B0CBD8F33218,root,1,00:00:00:00:00:00,0,0,10,862,1,1,0,0,0
512069570,NODE_B0CBD8F33218,root,1,00:00:00:00:00:00,0,0,10,862,1,1,0,0,0
512169560,NODE_B0CBD8F33218,root,1,00:00:00:00:00:00,0,0,10,862,1,1,0,0,0
512269568,NODE_B0CBD8F33218,root,1,00:00:00:00:00:00,0,0,10,862,1,1,0,0,0
512369570,NODE_B0CBD8F33218,root,1,00:00:00:00:00:00,0,0,10,862,1,1,0,0,0
512469560,NODE_B0CBD8F33218,root,1,00:00:00:00:00:00,0,0,10,862,1,1,0,0,0
512569568,NODE_B0CBD8F33218,root,1,00:00:00:00:00:00,0,0,10,862,1,1,0,0,0
512669566,NODE_B0CBD8F33218,root,1,00:00:00:00:00:00,0,0,10,862,1,1,0,0,0
512769560,NODE_B0CBD8F33218,root,1,00:00:00:00:00:00,0,0,10,862,1,1,0,0,0
512869572,NODE_B0CBD8F33218,root,1,00:00:00:00:00:00,0,0,10,863,1,1,0,0,0
512969566,NODE_B0CBD8F33218,root,1,00:00:00:00:00:00,0,0,10,863,1,1,0,0,0
513069568,NODE_B0CBD8F33218,root,1,00:00:00:00:00:00,0,0,10,863,1,1,0,0,0
513169564,NODE_B0CBD8F33218,root,1,00:00:00:00:00:00,0,0,10,863,1,1,0,0,0
513269570,NODE_B0CBD8F33218,root,1,00:00:00:00:00:00,0,0,10,863,1,1,0,0,0
513369568,NODE_B0CBD8F33218,root,1,00:00:00:00:00:00,0,0,10,863,1,1,0,0,0
513469560,NODE_B0CBD8F33218,root,1,00:00:00:00:00:00,0,0,10,863,1,1,0,0,0
513569570,NODE_B0CBD8F33218,root,1,00:00:00:00:00:00,0,0,10,863,1,1,0,0,0
513669568,NODE_B0CBD8F33218,root,1,00:00:00:00:00:00,0,0,10,863,1,1,0,0,0
513769560,NODE_B0CBD8F33218,root,1,00:00:00:00:00:00,0,0,10,863,1,1,0,0,0
513869574,NODE_B0CBD8F33218,root,1,00:00:00:00:00:00,0,0,10,864,1,1,0,0,0
513969564,NODE_B0CBD8F33218,root,1,00:00:00:00:00:00,0,0,10,864,1,1,0,0,0
514069568,NODE_B0CBD8F33218,root,1,00:00:00:00:00:00,0,0,10,864,1,1,0,0,0
514169562,NODE_B0CBD8F33218,root,1,00:00:00:00:00:00,0,0,10,864,1,1,0,0,0
514269568,NODE_B0CBD8F33218,root,1,00:00:00:00:00:00,0,0,10,864,1,1,0,0,0
514369572,NODE_B0CBD8F33218,root,1,00:00:00:00:00:00,0,0,10,864,1,1,0,0,0
514469562,NODE_B0CBD8F33218,root,1,00:00:00:00:00:00,0,0,10,864,1,1,0,0,0
514569568,NODE_B0CBD8F33218,root,1,00:00:00:00:00:00,0,0,10,864,1,1,0,0,0
514669568,NODE_B0CBD8F33218,root,1,00:00:00:00:00:00,0,0,10,864,1,1,0,0,0
514769562,NODE_B0CBD8F33218,root,1,00:00:00:00:00:00,0,0,10,864,1,1,0,0,0
514869568,NODE_B0CBD8F33218,root,1,00:00:00:00:00:00,0,0,10,865,1,1,0,0,0
514969560,NODE_B0CBD8F33218,root,1,00:00:00:00:00:00,0,0,10,865,1,1,0,0,0
515069570,NODE_B0CBD8F33218,root,1,00:00:00:00:00:00,0,0,10,865,1,1,0,0,0
515169560,NODE_B0CBD8F33218,root,1,00:00:00:00:00:00,0,0,10,865,1,1,0,0,0
515269572,NODE_B0CBD8F33218,root,1,00:00:00:00:00:00,0,0,10,865,1,1,0,0,0
515369570,NODE_B0CBD8F33218,root,1,00:00:00:00:00:00,0,0,10,865,1,1,0,0,0
515469560,NODE_B0CBD8F33218,root,1,00:00:00:00:00:00,0,0,10,865,1,1,0,0,0
515569568,NODE_B0CBD8F33218,root,1,00:00:00:00:00:00,0,0,10,865,1,1,0,0,0
515669570,NODE_B0CBD8F33218,root,1,00:00:00:00:00:00,0,0,10,865,1,1,0,0,0
515769560,NODE_B0CBD8F33218,root,1,00:00:00:00:00:00,0,0,10,865,1,1,0,0,0
515869572,NODE_B0CBD8F33218,root,1,00:00:00:00:00:00,0,0,10,866,1,1,0,0,0
515969562,NODE_B0CBD8F33218,root,1,00:00:00:00:00:00,0,0,10,866,1,1,0,0,0
516069568,NODE_B0CBD8F33218,root,1,00:00:00:00:00:00,0,0,10,866,1,1,0,0,0
516169560,NODE_B0CBD8F33218,root,1,00:00:00:00:00:00,0,0,10,866,1,1,0,0,0
516269574,NODE_B0CBD8F33218,root,1,00:00:00:00:00:00,0,0,10,866,1,1,0,0,0
516369568,NODE_B0CBD8F33218,root,1,00:00:00:00:00:00,0,0,10,866,1,1,0,0,0
516469560,NODE_B0CBD8F33218,root,1,00:00:00:00:00:00,0,0,10,866,1,1,0,0,0
516569570,NODE_B0CBD8F33218,root,1,00:00:00:00:00:00,0,0,10,866,1,1,0,0,0
516669568,NODE_B0CBD8F33218,root,1,00:00:00:00:00:00,0,0,10,866,1,1,0,0,0
516769560,NODE_B0CBD8F33218,root,1,00:00:00:00:00:00,0,0,10,866,1,1,0,0,0
516869574,NODE_B0CBD8F33218,root,1,00:00:00:00:00:00,0,0,10,867,1,1,0,0,0
516969564,NODE_B0CBD8F33218,root,1,00:00:00:00:00:00,0,0,10,867,1,1,0,0,0
517069568,NODE_B0CBD8F33218,root,1,00:00:00:00:00:00,0,0,10,867,1,1,0,0,0
517169562,NODE_B0CBD8F33218,root,1,00:00:00:00:00:00,0,0,10,867,1,1,0,0,0
517269568,NODE_B0CBD8F33218,root,1,00:00:00:00:00:00,0,0,10,867,1,1,0,0,0
517369568,NODE_B0CBD8F33218,root,1,00:00:00:00:00:00,0,0,10,867,1,1,0,0,0
517469562,NODE_B0CBD8F33218,root,1,00:00:00:00:00:00,0,0,10,867,1,1,0,0,0
517569572,NODE_B0CBD8F33218,root,1,00:00:00:00:00:00,0,0,10,867,1,1,0,0,0
517669564,NODE_B0CBD8F33218,root,1,00:00:00:00:00:00,0,0,10,867,1,1,0,0,0
517769562,NODE_B0CBD8F33218,root,1,00:00:00:00:00:00,0,0,10,867,1,1,0,0,0
517869572,NODE_B0CBD8F33218,root,1,00:00:00:00:00:00,0,0,10,868,1,1,0,0,0
517969564,NODE_B0CBD8F33218,root,1,00:00:00:00:00:00,0,0,10,868,1,1,0,0,0
518069570,NODE_B0CBD8F33218,root,1,00:00:00:00:00:00,0,0,10,868,1,1,0,0,0
518169560,NODE_B0CBD8F33218,root,1,00:00:00:00:00:00,0,0,10,868,1,1,0,0,0
518269568,NODE_B0CBD8F33218,root,1,00:00:00:00:00:00,0,0,10,868,1,1,0,0,0
518369570,NODE_B0CBD8F33218,root,1,00:00:00:00:00:00,0,0,10,868,1,1,0,0,0
518469560,NODE_B0CBD8F33218,root,1,00:00:00:00:00:00,0,0,10,868,1,1,0,0,0
518569568,NODE_B0CBD8F33218,root,1,00:00:00:00:00:00,0,0,10,868,1,1,0,0,0
518669570,NODE_B0CBD8F33218,root,1,00:00:00:00:00:00,0,0,10,868,1,1,0,0,0
518769560,NODE_B0CBD8F33218,root,1,00:00:00:00:00:00,0,0,10,868,1,1,0,0,0
518869572,NODE_B0CBD8F33218,root,1,00:00:00:00:00:00,0,0,10,869,1,1,0,0,0
518969566,NODE_B0CBD8F33218,root,1,00:00:00:00:00:00,0,0,10,869,1,1,0,0,0
519069568,NODE_B0CBD8F33218,root,1,00:00:00:00:00:00,0,0,10,869,1,1,0,0,0
519169560,NODE_B0CBD8F33218,root,1,00:00:00:00:00:00,0,0,10,869,1,1,0,0,0
519269570,NODE_B0CBD8F33218,root,1,00:00:00:00:00:00,0,0,10,869,1,1,0,0,0
519369568,NODE_B0CBD8F33218,root,1,00:00:00:00:00:00,0,0,10,869,1,1,0,0,0
519469560,NODE_B0CBD8F33218,root,1,00:00:00:00:00:00,0,0,10,869,1,1,0,0,0
519569574,NODE_B0CBD8F33218,root,1,00:00:00:00:00:00,0,0,10,869,1,1,0,0,0
519669568,NODE_B0CBD8F33218,root,1,00:00:00:00:00:00,0,0,10,869,1,1,0,0,0
519769560,NODE_B0CBD8F33218,root,1,00:00:00:00:00:00,0,0,10,869,1,1,0,0,0
519869578,NODE_B0CBD8F33218,root,1,00:00:00:00:00:00,0,0,10,870,1,1,0,0,0
519969564,NODE_B0CBD8F33218,root,1,00:00:00:00:00:00,0,0,10,870,1,1,0,0,0
520069568,NODE_B0CBD8F33218,root,1,00:00:00:00:00:00,0,0,10,870,1,1,0,0,0
520169562,NODE_B0CBD8F33218,root,1,00:00:00:00:00:00,0,0,10,870,1,1,0,0,0
520269568,NODE_B0CBD8F33218,root,1,00:00:00:00:00:00,0,0,10,870,1,1,0,0,0
520369572,NODE_B0CBD8F33218,root,1,00:00:00:00:00:00,0,0,10,870,1,1,0,0,0
520469562,NODE_B0CBD8F33218,root,1,00:00:00:00:00:00,0,0,10,870,1,1,0,0,0
520569568,NODE_B0CBD8F33218,root,1,00:00:00:00:00:00,0,0,10,870,1,1,0,0,0
520669568,NODE_B0CBD8F33218,root,1,00:00:00:00:00:00,0,0,10,870,1,1,0,0,0
520769562,NODE_B0CBD8F33218,root,1,00:00:00:00:00:00,0,0,10,870,1,1,0,0,0
520869568,NODE_B0CBD8F33218,root,1,00:00:00:00:00:00,0,0,10,871,1,1,0,0,0
520969564,NODE_B0CBD8F33218,root,1,00:00:00:00:00:00,0,0,10,871,1,1,0,0,0
521069570,NODE_B0CBD8F33218,root,1,00:00:00:00:00:00,0,0,10,871,1,1,0,0,0
521169560,NODE_B0CBD8F33218,root,1,00:00:00:00:00:00,0,0,10,871,1,1,0,0,0
521269568,NODE_B0CBD8F33218,root,1,00:00:00:00:00:00,0,0,10,871,1,1,0,0,0
521369570,NODE_B0CBD8F33218,root,1,00:00:00:00:00:00,0,0,10,871,1,1,0,0,0
521469552,NODE_B0CBD8F33218,root,1,00:00:00:00:00:00,0,0,10,871,1,1,0,0,0
521569568,NODE_B0CBD8F33218,root,1,00:00:00:00:00:00,0,0,10,871,1,1,0,0,0
521669570,NODE_B0CBD8F33218,root,1,00:00:00:00:00:00,0,0,10,871,1,1,0,0,0
521769560,NODE_B0CBD8F33218,root,1,00:00:00:00:00:00,0,0,10,871,1,1,0,0,0
521869572,NODE_B0CBD8F33218,root,1,00:00:00:00:00:00,0,0,10,872,1,1,0,0,0
521969562,NODE_B0CBD8F33218,root,1,00:00:00:00:00:00,0,0,10,872,1,1,0,0,0
522069568,NODE_B0CBD8F33218,root,1,00:00:00:00:00:00,0,0,10,872,1,1,0,0,0
522169560,NODE_B0CBD8F33218,root,1,00:00:00:00:00:00,0,0,10,872,1,1,0,0,0
522269570,NODE_B0CBD8F33218,root,1,00:00:00:00:00:00,0,0,10,872,1,1,0,0,0
522369568,NODE_B0CBD8F33218,root,1,00:00:00:00:00:00,0,0,10,872,1,1,0,0,0
522469556,NODE_B0CBD8F33218,root,1,00:00:00:00:00:00,0,0,10,872,1,1,0,0,0
522569570,NODE_B0CBD8F33218,root,1,00:00:00:00:00:00,0,0,10,872,1,1,0,0,0
522669564,NODE_B0CBD8F33218,root,1,00:00:00:00:00:00,0,0,10,872,1,1,0,0,0
522769560,NODE_B0CBD8F33218,root,1,00:00:00:00:00:00,0,0,10,872,1,1,0,0,0
522869574,NODE_B0CBD8F33218,root,1,00:00:00:00:00:00,0,0,10,873,1,1,0,0,0
522969564,NODE_B0CBD8F33218,root,1,00:00:00:00:00:00,0,0,10,873,1,1,0,0,0
523069568,NODE_B0CBD8F33218,root,1,00:00:00:00:00:00,0,0,10,873,1,1,0,0,0
523169562,NODE_B0CBD8F33218,root,1,00:00:00:00:00:00,0,0,10,873,1,1,0,0,0
523269568,NODE_B0CBD8F33218,root,1,00:00:00:00:00:00,0,0,10,873,1,1,0,0,0
523369572,NODE_B0CBD8F33218,root,1,00:00:00:00:00:00,0,0,10,873,1,1,0,0,0
523469562,NODE_B0CBD8F33218,root,1,00:00:00:00:00:00,0,0,10,873,1,1,0,0,0
523569568,NODE_B0CBD8F33218,root,1,00:00:00:00:00:00,0,0,10,873,1,1,0,0,0
523669568,NODE_B0CBD8F33218,root,1,00:00:00:00:00:00,0,0,10,873,1,1,0,0,0
523769562,NODE_B0CBD8F33218,root,1,00:00:00:00:00:00,0,0,10,873,1,1,0,0,0
523869572,NODE_B0CBD8F33218,root,1,00:00:00:00:00:00,0,0,10,874,1,1,0,0,0
523969564,NODE_B0CBD8F33218,root,1,00:00:00:00:00:00,0,0,10,874,1,1,0,0,0
524069570,NODE_B0CBD8F33218,root,1,00:00:00:00:00:00,0,0,10,874,1,1,0,0,0
524169560,NODE_B0CBD8F33218,root,1,00:00:00:00:00:00,0,0,10,874,1,1,0,0,0
524269568,NODE_B0CBD8F33218,root,1,00:00:00:00:00:00,0,0,10,874,1,1,0,0,0
524369570,NODE_B0CBD8F33218,root,1,00:00:00:00:00:00,0,0,10,874,1,1,0,0,0
524469564,NODE_B0CBD8F33218,root,1,00:00:00:00:00:00,0,0,10,874,1,1,0,0,0
524569568,NODE_B0CBD8F33218,root,1,00:00:00:00:00:00,0,0,10,874,1,1,0,0,0
524669570,NODE_B0CBD8F33218,root,1,00:00:00:00:00:00,0,0,10,874,1,1,0,0,0
524769560,NODE_B0CBD8F33218,root,1,00:00:00:00:00:00,0,0,10,874,1,1,0,0,0
524869572,NODE_B0CBD8F33218,root,1,00:00:00:00:00:00,0,0,10,875,1,1,0,0,0
524969566,NODE_B0CBD8F33218,root,1,00:00:00:00:00:00,0,0,10,875,1,1,0,0,0
525069568,NODE_B0CBD8F33218,root,1,00:00:00:00:00:00,0,0,10,875,1,1,0,0,0
525169560,NODE_B0CBD8F33218,root,1,00:00:00:00:00:00,0,0,10,875,1,1,0,0,0
525269570,NODE_B0CBD8F33218,root,1,00:00:00:00:00:00,0,0,10,875,1,1,0,0,0
525369568,NODE_B0CBD8F33218,root,1,00:00:00:00:00:00,0,0,10,875,1,1,0,0,0
525469564,NODE_B0CBD8F33218,root,1,00:00:00:00:00:00,0,0,10,875,1,1,0,0,0
525569570,NODE_B0CBD8F33218,root,1,00:00:00:00:00:00,0,0,10,875,1,1,0,0,0
525669568,NODE_B0CBD8F33218,root,1,00:00:00:00:00:00,0,0,10,875,1,1,0,0,0
525769560,NODE_B0CBD8F33218,root,1,00:00:00:00:00:00,0,0,10,875,1,1,0,0,0
525869574,NODE_B0CBD8F33218,root,1,00:00:00:00:00:00,0,0,10,876,1,1,0,0,0
525969564,NODE_B0CBD8F33218,root,1,00:00:00:00:00:00,0,0,10,876,1,1,0,0,0
526069572,NODE_B0CBD8F33218,root,1,00:00:00:00:00:00,0,0,10,876,1,1,0,0,0
526169562,NODE_B0CBD8F33218,root,1,00:00:00:00:00:00,0,0,10,876,1,1,0,0,0
526269568,NODE_B0CBD8F33218,root,1,00:00:00:00:00:00,0,0,10,876,1,1,0,0,0
526369568,NODE_B0CBD8F33218,root,1,00:00:00:00:00:00,0,0,10,876,1,1,0,0,0
526469562,NODE_B0CBD8F33218,root,1,00:00:00:00:00:00,0,0,10,876,1,1,0,0,0
526569568,NODE_B0CBD8F33218,root,1,00:00:00:00:00:00,0,0,10,876,1,1,0,0,0
526726549,NODE_B0CBD8F33218,root,1,00:00:00:00:00:00,0,0,10,876,1,1,0,0,0
526769562,NODE_B0CBD8F33218,root,1,00:00:00:00:00:00,0,0,10,876,1,1,0,0,0
526869572,NODE_B0CBD8F33218,root,1,00:00:00:00:00:00,0,0,10,877,1,1,0,0,0
526969564,NODE_B0CBD8F33218,root,1,00:00:00:00:00:00,0,0,10,877,1,1,0,0,0
527069570,NODE_B0CBD8F33218,root,1,00:00:00:00:00:00,0,0,10,877,1,1,0,0,0
527169560,NODE_B0CBD8F33218,root,1,00:00:00:00:00:00,0,0,10,877,1,1,0,0,0
527269568,NODE_B0CBD8F33218,root,1,00:00:00:00:00:00,0,0,10,877,1,1,0,0,0
527369570,NODE_B0CBD8F33218,root,1,00:00:00:00:00:00,0,0,10,877,1,1,0,0,0
527469560,NODE_B0CBD8F33218,root,1,00:00:00:00:00:00,0,0,10,877,1,1,0,0,0
527569572,NODE_B0CBD8F33218,root,1,00:00:00:00:00:00,0,0,10,877,1,1,0,0,0
527669566,NODE_B0CBD8F33218,root,1,00:00:00:00:00:00,0,0,10,877,1,1,0,0,0
527769560,NODE_B0CBD8F33218,root,1,00:00:00:00:00:00,0,0,10,877,1,1,0,0,0
527869572,NODE_B0CBD8F33218,root,1,00:00:00:00:00:00,0,0,10,878,1,1,0,0,0
527969566,NODE_B0CBD8F33218,root,1,00:00:00:00:00:00,0,0,10,878,1,1,0,0,0
528069568,NODE_B0CBD8F33218,root,1,00:00:00:00:00:00,0,0,10,878,1,1,0,0,0
528169560,NODE_B0CBD8F33218,root,1,00:00:00:00:00:00,0,0,10,878,1,1,0,0,0
528269570,NODE_B0CBD8F33218,root,1,00:00:00:00:00:00,0,0,10,878,1,1,0,0,0
528369568,NODE_B0CBD8F33218,root,1,00:00:00:00:00:00,0,0,10,878,1,1,0,0,0
528469568,NODE_B0CBD8F33218,root,1,00:00:00:00:00:00,0,0,10,878,1,1,0,0,0
528569570,NODE_B0CBD8F33218,root,1,00:00:00:00:00:00,0,0,10,878,1,1,0,0,0
528669568,NODE_B0CBD8F33218,root,1,00:00:00:00:00:00,0,0,10,878,1,1,0,0,0
528769560,NODE_B0CBD8F33218,root,1,00:00:00:00:00:00,0,0,10,878,1,1,0,0,0
528869574,NODE_B0CBD8F33218,root,1,00:00:00:00:00:00,0,0,10,879,1,1,0,0,0
528969564,NODE_B0CBD8F33218,root,1,00:00:00:00:00:00,0,0,10,879,1,1,0,0,0
529069568,NODE_B0CBD8F33218,root,1,00:00:00:00:00:00,0,0,10,879,1,1,0,0,0
529169562,NODE_B0CBD8F33218,root,1,00:00:00:00:00:00,0,0,10,879,1,1,0,0,0
529269568,NODE_B0CBD8F33218,root,1,00:00:00:00:00:00,0,0,10,879,1,1,0,0,0
529369568,NODE_B0CBD8F33218,root,1,00:00:00:00:00:00,0,0,10,879,1,1,0,0,0
529469562,NODE_B0CBD8F33218,root,1,00:00:00:00:00:00,0,0,10,879,1,1,0,0,0
529569568,NODE_B0CBD8F33218,root,1,00:00:00:00:00:00,0,0,10,879,1,1,0,0,0
529669568,NODE_B0CBD8F33218,root,1,00:00:00:00:00:00,0,0,10,879,1,1,0,0,0
529769562,NODE_B0CBD8F33218,root,1,00:00:00:00:00:00,0,0,10,879,1,1,0,0,0
529869576,NODE_B0CBD8F33218,root,1,00:00:00:00:00:00,0,0,10,880,1,1,0,0,0
529969564,NODE_B0CBD8F33218,root,1,00:00:00:00:00:00,0,0,10,880,1,1,0,0,0
530069570,NODE_B0CBD8F33218,root,1,00:00:00:00:00:00,0,0,10,880,1,1,0,0,0
530169560,NODE_B0CBD8F33218,root,1,00:00:00:00:00:00,0,0,10,880,1,1,0,0,0
530269568,NODE_B0CBD8F33218,root,1,00:00:00:00:00:00,0,0,10,880,1,1,0,0,0
530369570,NODE_B0CBD8F33218,root,1,00:00:00:00:00:00,0,0,10,880,1,1,0,0,0
530469560,NODE_B0CBD8F33218,root,1,00:00:00:00:00:00,0,0,10,880,1,1,0,0,0
530569568,NODE_B0CBD8F33218,root,1,00:00:00:00:00:00,0,0,10,880,1,1,0,0,0
530669570,NODE_B0CBD8F33218,root,1,00:00:00:00:00:00,0,0,10,880,1,1,0,0,0
530769560,NODE_B0CBD8F33218,root,1,00:00:00:00:00:00,0,0,10,880,1,1,0,0,0
530869568,NODE_B0CBD8F33218,root,1,00:00:00:00:00:00,0,0,10,881,1,1,0,0,0
530969562,NODE_B0CBD8F33218,root,1,00:00:00:00:00:00,0,0,10,881,1,1,0,0,0
531069568,NODE_B0CBD8F33218,root,1,00:00:00:00:00:00,0,0,10,881,1,1,0,0,0
531169560,NODE_B0CBD8F33218,root,1,00:00:00:00:00:00,0,0,10,881,1,1,0,0,0
531269570,NODE_B0CBD8F33218,root,1,00:00:00:00:00:00,0,0,10,881,1,1,0,0,0
531369568,NODE_B0CBD8F33218,root,1,00:00:00:00:00:00,0,0,10,881,1,1,0,0,0
531469560,NODE_B0CBD8F33218,root,1,00:00:00:00:00:00,0,0,10,881,1,1,0,0,0
531569570,NODE_B0CBD8F33218,root,1,00:00:00:00:00:00,0,0,10,881,1,1,0,0,0
531669568,NODE_B0CBD8F33218,root,1,00:00:00:00:00:00,0,0,10,881,1,1,0,0,0
531769560,NODE_B0CBD8F33218,root,1,00:00:00:00:00:00,0,0,10,881,1,1,0,0,0
531869574,NODE_B0CBD8F33218,root,1,00:00:00:00:00:00,0,0,10,882,1,1,0,0,0
531969568,NODE_B0CBD8F33218,root,1,00:00:00:00:00:00,0,0,10,882,1,1,0,0,0
532069568,NODE_B0CBD8F33218,root,1,00:00:00:00:00:00,0,0,10,882,1,1,0,0,0
532169562,NODE_B0CBD8F33218,root,1,00:00:00:00:00:00,0,0,10,882,1,1,0,0,0
532269568,NODE_B0CBD8F33218,root,1,00:00:00:00:00:00,0,0,10,882,1,1,0,0,0
532369568,NODE_B0CBD8F33218,root,1,00:00:00:00:00:00,0,0,10,882,1,1,0,0,0
532469562,NODE_B0CBD8F33218,root,1,00:00:00:00:00:00,0,0,10,882,1,1,0,0,0
532569568,NODE_B0CBD8F33218,root,1,00:00:00:00:00:00,0,0,10,882,1,1,0,0,0
532669564,NODE_B0CBD8F33218,root,1,00:00:00:00:00:00,0,0,10,882,1,1,0,0,0
532769562,NODE_B0CBD8F33218,root,1,00:00:00:00:00:00,0,0,10,882,1,1,0,0,0
532869572,NODE_B0CBD8F33218,root,1,00:00:00:00:00:00,0,0,10,883,1,1,0,0,0
532969560,NODE_B0CBD8F33218,root,1,00:00:00:00:00:00,0,0,10,883,1,1,0,0,0
533069574,NODE_B0CBD8F33218,root,1,00:00:00:00:00:00,0,0,10,883,1,1,0,0,0
533169560,NODE_B0CBD8F33218,root,1,00:00:00:00:00:00,0,0,10,883,1,1,0,0,0
533269568,NODE_B0CBD8F33218,root,1,00:00:00:00:00:00,0,0,10,883,1,1,0,0,0
533369570,NODE_B0CBD8F33218,root,1,00:00:00:00:00:00,0,0,10,883,1,1,0,0,0
533469560,NODE_B0CBD8F33218,root,1,00:00:00:00:00:00,0,0,10,883,1,1,0,0,0
533569568,NODE_B0CBD8F33218,root,1,00:00:00:00:00:00,0,0,10,883,1,1,0,0,0
533669570,NODE_B0CBD8F33218,root,1,00:00:00:00:00:00,0,0,10,883,1,1,0,0,0
533769560,NODE_B0CBD8F33218,root,1,00:00:00:00:00:00,0,0,10,883,1,1,0,0,0
533869572,NODE_B0CBD8F33218,root,1,00:00:00:00:00:00,0,0,10,884,1,1,0,0,0
533969566,NODE_B0CBD8F33218,root,1,00:00:00:00:00:00,0,0,10,884,1,1,0,0,0
534069568,NODE_B0CBD8F33218,root,1,00:00:00:00:00:00,0,0,10,884,1,1,0,0,0
534169560,NODE_B0CBD8F33218,root,1,00:00:00:00:00:00,0,0,10,884,1,1,0,0,0
534269570,NODE_B0CBD8F33218,root,1,00:00:00:00:00:00,0,0,10,884,1,1,0,0,0
534369568,NODE_B0CBD8F33218,root,1,00:00:00:00:00:00,0,0,10,884,1,1,0,0,0
534469560,NODE_B0CBD8F33218,root,1,00:00:00:00:00:00,0,0,10,884,1,1,0,0,0
534569570,NODE_B0CBD8F33218,root,1,00:00:00:00:00:00,0,0,10,884,1,1,0,0,0
534669568,NODE_B0CBD8F33218,root,1,00:00:00:00:00:00,0,0,10,884,1,1,0,0,0
534769560,NODE_B0CBD8F33218,root,1,00:00:00:00:00:00,0,0,10,884,1,1,0,0,0
534869570,NODE_B0CBD8F33218,root,1,00:00:00:00:00:00,0,0,10,885,1,1,0,0,0
534969564,NODE_B0CBD8F33218,root,1,00:00:00:00:00:00,0,0,10,885,1,1,0,0,0
535069568,NODE_B0CBD8F33218,root,1,00:00:00:00:00:00,0,0,10,885,1,1,0,0,0
535169562,NODE_B0CBD8F33218,root,1,00:00:00:00:00:00,0,0,10,885,1,1,0,0,0
535269568,NODE_B0CBD8F33218,root,1,00:00:00:00:00:00,0,0,10,885,1,1,0,0,0
535369572,NODE_B0CBD8F33218,root,1,00:00:00:00:00:00,0,0,10,885,1,1,0,0,0
535469562,NODE_B0CBD8F33218,root,1,00:00:00:00:00:00,0,0,10,885,1,1,0,0,0
535569572,NODE_B0CBD8F33218,root,1,00:00:00:00:00:00,0,0,10,885,1,1,0,0,0
535669568,NODE_B0CBD8F33218,root,1,00:00:00:00:00:00,0,0,10,885,1,1,0,0,0
535769562,NODE_B0CBD8F33218,root,1,00:00:00:00:00:00,0,0,10,885,1,1,0,0,0
535869572,NODE_B0CBD8F33218,root,1,00:00:00:00:00:00,0,0,10,886,1,1,0,0,0
535969564,NODE_B0CBD8F33218,root,1,00:00:00:00:00:00,0,0,10,886,1,1,0,0,0
536069570,NODE_B0CBD8F33218,root,1,00:00:00:00:00:00,0,0,10,886,1,1,0,0,0
536169560,NODE_B0CBD8F33218,root,1,00:00:00:00:00:00,0,0,10,886,1,1,0,0,0
536269568,NODE_B0CBD8F33218,root,1,00:00:00:00:00:00,0,0,10,886,1,1,0,0,0
536369570,NODE_B0CBD8F33218,root,1,00:00:00:00:00:00,0,0,10,886,1,1,0,0,0
536469560,NODE_B0CBD8F33218,root,1,00:00:00:00:00:00,0,0,10,886,1,1,0,0,0
536569568,NODE_B0CBD8F33218,root,1,00:00:00:00:00:00,0,0,10,886,1,1,0,0,0
536669570,NODE_B0CBD8F33218,root,1,00:00:00:00:00:00,0,0,10,886,1,1,0,0,0
536769564,NODE_B0CBD8F33218,root,1,00:00:00:00:00:00,0,0,10,886,1,1,0,0,0
536869572,NODE_B0CBD8F33218,root,1,00:00:00:00:00:00,0,0,10,887,1,1,0,0,0
536969562,NODE_B0CBD8F33218,root,1,00:00:00:00:00:00,0,0,10,887,1,1,0,0,0
537069568,NODE_B0CBD8F33218,root,1,00:00:00:00:00:00,0,0,10,887,1,1,0,0,0
537169560,NODE_B0CBD8F33218,root,1,00:00:00:00:00:00,0,0,10,887,1,1,0,0,0
537269570,NODE_B0CBD8F33218,root,1,00:00:00:00:00:00,0,0,10,887,1,1,0,0,0
537369568,NODE_B0CBD8F33218,root,1,00:00:00:00:00:00,0,0,10,887,1,1,0,0,0
537469560,NODE_B0CBD8F33218,root,1,00:00:00:00:00:00,0,0,10,887,1,1,0,0,0
537569570,NODE_B0CBD8F33218,root,1,00:00:00:00:00:00,0,0,10,887,1,1,0,0,0
537669564,NODE_B0CBD8F33218,root,1,00:00:00:00:00:00,0,0,10,887,1,1,0,0,0
537769564,NODE_B0CBD8F33218,root,1,00:00:00:00:00:00,0,0,10,887,1,1,0,0,0
537869574,NODE_B0CBD8F33218,root,1,00:00:00:00:00:00,0,0,10,888,1,1,0,0,0
537969564,NODE_B0CBD8F33218,root,1,00:00:00:00:00:00,0,0,10,888,1,1,0,0,0
538069568,NODE_B0CBD8F33218,root,1,00:00:00:00:00:00,0,0,10,888,1,1,0,0,0
538169562,NODE_B0CBD8F33218,root,1,00:00:00:00:00:00,0,0,10,888,1,1,0,0,0
538269568,NODE_B0CBD8F33218,root,1,00:00:00:00:00:00,0,0,10,888,1,1,0,0,0
538369568,NODE_B0CBD8F33218,root,1,00:00:00:00:00:00,0,0,10,888,1,1,0,0,0
538469562,NODE_B0CBD8F33218,root,1,00:00:00:00:00:00,0,0,10,888,1,1,0,0,0
538569568,NODE_B0CBD8F33218,root,1,00:00:00:00:00:00,0,0,10,888,1,1,0,0,0
538669568,NODE_B0CBD8F33218,root,1,00:00:00:00:00:00,0,0,10,888,1,1,0,0,0
538769562,NODE_B0CBD8F33218,root,1,00:00:00:00:00:00,0,0,10,888,1,1,0,0,0
538869572,NODE_B0CBD8F33218,root,1,00:00:00:00:00:00,0,0,10,889,1,1,0,0,0
538969564,NODE_B0CBD8F33218,root,1,00:00:00:00:00:00,0,0,10,889,1,1,0,0,0
539069570,NODE_B0CBD8F33218,root,1,00:00:00:00:00:00,0,0,10,889,1,1,0,0,0
539169560,NODE_B0CBD8F33218,root,1,00:00:00:00:00:00,0,0,10,889,1,1,0,0,0
539269568,NODE_B0CBD8F33218,root,1,00:00:00:00:00:00,0,0,10,889,1,1,0,0,0
539369570,NODE_B0CBD8F33218,root,1,00:00:00:00:00:00,0,0,10,889,1,1,0,0,0
539469560,NODE_B0CBD8F33218,root,1,00:00:00:00:00:00,0,0,10,889,1,1,0,0,0
539569568,NODE_B0CBD8F33218,root,1,00:00:00:00:00:00,0,0,10,889,1,1,0,0,0
539669570,NODE_B0CBD8F33218,root,1,00:00:00:00:00:00,0,0,10,889,1,1,0,0,0
539769560,NODE_B0CBD8F33218,root,1,00:00:00:00:00:00,0,0,10,889,1,1,0,0,0
539869576,NODE_B0CBD8F33218,root,1,00:00:00:00:00:00,0,0,10,890,1,1,0,0,0
539969566,NODE_B0CBD8F33218,root,1,00:00:00:00:00:00,0,0,10,890,1,1,0,0,0
540069568,NODE_B0CBD8F33218,root,1,00:00:00:00:00:00,0,0,10,890,1,1,0,0,0
540169560,NODE_B0CBD8F33218,root,1,00:00:00:00:00:00,0,0,10,890,1,1,0,0,0
540269570,NODE_B0CBD8F33218,root,1,00:00:00:00:00:00,0,0,10,890,1,1,0,0,0
540369568,NODE_B0CBD8F33218,root,1,00:00:00:00:00:00,0,0,10,890,1,1,0,0,0
540469560,NODE_B0CBD8F33218,root,1,00:00:00:00:00:00,0,0,10,890,1,1,0,0,0
540569570,NODE_B0CBD8F33218,root,1,00:00:00:00:00:00,0,0,10,890,1,1,0,0,0
540669568,NODE_B0CBD8F33218,root,1,00:00:00:00:00:00,0,0,10,890,1,1,0,0,0
540769561,NODE_B0CBD8F33218,root,1,00:00:00:00:00:00,0,0,10,890,1,1,0,0,0
540869570,NODE_B0CBD8F33218,root,1,00:00:00:00:00:00,0,0,10,891,1,1,0,0,0
540969560,NODE_B0CBD8F33218,root,1,00:00:00:00:00:00,0,0,10,891,1,1,0,0,0
541069568,NODE_B0CBD8F33218,root,1,00:00:00:00:00:00,0,0,10,891,1,1,0,0,0
541169562,NODE_B0CBD8F33218,root,1,00:00:00:00:00:00,0,0,10,891,1,1,0,0,0
541269568,NODE_B0CBD8F33218,root,1,00:00:00:00:00:00,0,0,10,891,1,1,0,0,0
541369568,NODE_B0CBD8F33218,root,1,00:00:00:00:00:00,0,0,10,891,1,1,0,0,0
541469562,NODE_B0CBD8F33218,root,1,00:00:00:00:00:00,0,0,10,891,1,1,0,0,0
541569572,NODE_B0CBD8F33218,root,1,00:00:00:00:00:00,0,0,10,891,1,1,0,0,0
541669568,NODE_B0CBD8F33218,root,1,00:00:00:00:00:00,0,0,10,891,1,1,0,0,0
541769562,NODE_B0CBD8F33218,root,1,00:00:00:00:00:00,0,0,10,891,1,1,0,0,0
541869572,NODE_B0CBD8F33218,root,1,00:00:00:00:00:00,0,0,10,892,1,1,0,0,0
541969564,NODE_B0CBD8F33218,root,1,00:00:00:00:00:00,0,0,10,892,1,1,0,0,0
542069570,NODE_B0CBD8F33218,root,1,00:00:00:00:00:00,0,0,10,892,1,1,0,0,0
542169560,NODE_B0CBD8F33218,root,1,00:00:00:00:00:00,0,0,10,892,1,1,0,0,0
542269568,NODE_B0CBD8F33218,root,1,00:00:00:00:00:00,0,0,10,892,1,1,0,0,0
542369570,NODE_B0CBD8F33218,root,1,00:00:00:00:00:00,0,0,10,892,1,1,0,0,0
542469560,NODE_B0CBD8F33218,root,1,00:00:00:00:00:00,0,0,10,892,1,1,0,0,0
542569568,NODE_B0CBD8F33218,root,1,00:00:00:00:00:00,0,0,10,892,1,1,0,0,0
542669566,NODE_B0CBD8F33218,root,1,00:00:00:00:00:00,0,0,10,892,1,1,0,0,0
542769568,NODE_B0CBD8F33218,root,1,00:00:00:00:00:00,0,0,10,892,1,1,0,0,0
542869572,NODE_B0CBD8F33218,root,1,00:00:00:00:00:00,0,0,10,893,1,1,0,0,0
542969566,NODE_B0CBD8F33218,root,1,00:00:00:00:00:00,0,0,10,893,1,1,0,0,0
543069568,NODE_B0CBD8F33218,root,1,00:00:00:00:00:00,0,0,10,893,1,1,0,0,0
543169560,NODE_B0CBD8F33218,root,1,00:00:00:00:00:00,0,0,10,893,1,1,0,0,0
543269570,NODE_B0CBD8F33218,root,1,00:00:00:00:00:00,0,0,10,893,1,1,0,0,0
543369568,NODE_B0CBD8F33218,root,1,00:00:00:00:00:00,0,0,10,893,1,1,0,0,0
543469560,NODE_B0CBD8F33218,root,1,00:00:00:00:00:00,0,0,10,893,1,1,0,0,0
543569570,NODE_B0CBD8F33218,root,1,00:00:00:00:00:00,0,0,10,893,1,1,0,0,0
543704271,NODE_B0CBD8F33218,root,1,00:00:00:00:00:00,0,0,10,893,1,1,0,0,0
543769560,NODE_B0CBD8F33218,root,1,00:00:00:00:00:00,0,0,10,893,1,1,0,0,0
543869574,NODE_B0CBD8F33218,root,1,00:00:00:00:00:00,0,0,10,894,1,1,0,0,0
543969568,NODE_B0CBD8F33218,root,1,00:00:00:00:00:00,0,0,10,894,1,1,0,0,0
544069568,NODE_B0CBD8F33218,root,1,00:00:00:00:00:00,0,0,10,894,1,1,0,0,0
544169562,NODE_B0CBD8F33218,root,1,00:00:00:00:00:00,0,0,10,894,1,1,0,0,0
544269568,NODE_B0CBD8F33218,root,1,00:00:00:00:00:00,0,0,10,894,1,1,0,0,0
544369568,NODE_B0CBD8F33218,root,1,00:00:00:00:00:00,0,0,10,894,1,1,0,0,0
544469562,NODE_B0CBD8F33218,root,1,00:00:00:00:00:00,0,0,10,894,1,1,0,0,0
544569568,NODE_B0CBD8F33218,root,1,00:00:00:00:00:00,0,0,10,894,1,1,0,0,0
544669568,NODE_B0CBD8F33218,root,1,00:00:00:00:00:00,0,0,10,894,1,1,0,0,0
544769562,NODE_B0CBD8F33218,root,1,00:00:00:00:00:00,0,0,10,894,1,1,0,0,0
544869568,NODE_B0CBD8F33218,root,1,00:00:00:00:00:00,0,0,10,895,1,1,0,0,0
544969568,NODE_B0CBD8F33218,root,1,00:00:00:00:00:00,0,0,10,895,1,1,0,0,0
545069570,NODE_B0CBD8F33218,root,1,00:00:00:00:00:00,0,0,10,895,1,1,0,0,0
545169560,NODE_B0CBD8F33218,root,1,00:00:00:00:00:00,0,0,10,895,1,1,0,0,0
545269568,NODE_B0CBD8F33218,root,1,00:00:00:00:00:00,0,0,10,895,1,1,0,0,0
545369570,NODE_B0CBD8F33218,root,1,00:00:00:00:00:00,0,0,10,895,1,1,0,0,0
545469560,NODE_B0CBD8F33218,root,1,00:00:00:00:00:00,0,0,10,895,1,1,0,0,0
545569568,NODE_B0CBD8F33218,root,1,00:00:00:00:00:00,0,0,10,895,1,1,0,0,0
545669570,NODE_B0CBD8F33218,root,1,00:00:00:00:00:00,0,0,10,895,1,1,0,0,0
545769560,NODE_B0CBD8F33218,root,1,00:00:00:00:00:00,0,0,10,895,1,1,0,0,0
545869576,NODE_B0CBD8F33218,root,1,00:00:00:00:00:00,0,0,10,896,1,1,0,0,0
545969570,NODE_B0CBD8F33218,root,1,00:00:00:00:00:00,0,0,10,896,1,1,0,0,0
546069568,NODE_B0CBD8F33218,root,1,00:00:00:00:00:00,0,0,10,896,1,1,0,0,0
546169560,NODE_B0CBD8F33218,root,1,00:00:00:00:00:00,0,0,10,896,1,1,0,0,0
546269570,NODE_B0CBD8F33218,root,1,00:00:00:00:00:00,0,0,10,896,1,1,0,0,0
546369568,NODE_B0CBD8F33218,root,1,00:00:00:00:00:00,0,0,10,896,1,1,0,0,0
546469561,NODE_B0CBD8F33218,root,1,00:00:00:00:00:00,0,0,10,896,1,1,0,0,0
546569570,NODE_B0CBD8F33218,root,1,00:00:00:00:00:00,0,0,10,896,1,1,0,0,0
546669568,NODE_B0CBD8F33218,root,1,00:00:00:00:00:00,0,0,10,896,1,1,0,0,0
546769560,NODE_B0CBD8F33218,root,1,00:00:00:00:00:00,0,0,10,896,1,1,0,0,0
546869574,NODE_B0CBD8F33218,root,1,00:00:00:00:00:00,0,0,10,897,1,1,0,0,0
546969568,NODE_B0CBD8F33218,root,1,00:00:00:00:00:00,0,0,10,897,1,1,0,0,0
547069568,NODE_B0CBD8F33218,root,1,00:00:00:00:00:00,0,0,10,897,1,1,0,0,0
547169562,NODE_B0CBD8F33218,root,1,00:00:00:00:00:00,0,0,10,897,1,1,0,0,0
547269568,NODE_B0CBD8F33218,root,1,00:00:00:00:00:00,0,0,10,897,1,1,0,0,0
547369568,NODE_B0CBD8F33218,root,1,00:00:00:00:00:00,0,0,10,897,1,1,0,0,0
547469562,NODE_B0CBD8F33218,root,1,00:00:00:00:00:00,0,0,10,897,1,1,0,0,0
547569572,NODE_B0CBD8F33218,root,1,00:00:00:00:00:00,0,0,10,897,1,1,0,0,0
547669564,NODE_B0CBD8F33218,root,1,00:00:00:00:00:00,0,0,10,897,1,1,0,0,0
547769562,NODE_B0CBD8F33218,root,1,00:00:00:00:00:00,0,0,10,897,1,1,0,0,0
547869572,NODE_B0CBD8F33218,root,1,00:00:00:00:00:00,0,0,10,898,1,1,0,0,0
547969564,NODE_B0CBD8F33218,root,1,00:00:00:00:00:00,0,0,10,898,1,1,0,0,0
548069570,NODE_B0CBD8F33218,root,1,00:00:00:00:00:00,0,0,10,898,1,1,0,0,0
548169560,NODE_B0CBD8F33218,root,1,00:00:00:00:00:00,0,0,10,898,1,1,0,0,0
548269568,NODE_B0CBD8F33218,root,1,00:00:00:00:00:00,0,0,10,898,1,1,0,0,0
548369570,NODE_B0CBD8F33218,root,1,00:00:00:00:00:00,0,0,10,898,1,1,0,0,0
548469560,NODE_B0CBD8F33218,root,1,00:00:00:00:00:00,0,0,10,898,1,1,0,0,0
548569568,NODE_B0CBD8F33218,root,1,00:00:00:00:00:00,0,0,10,898,1,1,0,0,0
548669574,NODE_B0CBD8F33218,root,1,00:00:00:00:00:00,0,0,10,898,3,0,0,0,0
548769572,NODE_B0CBD8F33218,root,1,00:00:00:00:00:00,0,0,10,898,3,0,0,0,0
548869572,NODE_B0CBD8F33218,root,1,00:00:00:00:00:00,0,0,10,899,3,0,0,0,0
548969574,NODE_B0CBD8F33218,root,1,00:00:00:00:00:00,0,0,10,899,3,0,0,0,0
549069572,NODE_B0CBD8F33218,root,1,00:00:00:00:00:00,0,0,10,900,3,0,0,0,0
549169560,NODE_B0CBD8F33218,root,1,00:00:00:00:00:00,0,0,15,900,3,0,0,0,0
549269566,NODE_B0CBD8F33218,root,1,00:00:00:00:00:00,0,0,15,900,3,0,0,0,0
549369564,NODE_B0CBD8F33218,root,1,00:00:00:00:00:00,0,0,15,900,3,0,0,0,0
549469560,NODE_B0CBD8F33218,root,1,00:00:00:00:00:00,0,0,15,900,3,0,0,0,0
549569566,NODE_B0CBD8F33218,root,1,00:00:00:00:00:00,0,0,15,900,3,0,0,0,0
549669564,NODE_B0CBD8F33218,root,1,00:00:00:00:00:00,0,0,15,900,3,0,0,0,0
549769560,NODE_B0CBD8F33218,root,1,00:00:00:00:00:00,0,0,15,900,3,0,0,0,0
549869570,NODE_B0CBD8F33218,root,1,00:00:00:00:00:00,0,0,15,901,3,0,0,0,0
549969558,NODE_B0CBD8F33218,root,1,00:00:00:00:00:00,0,0,15,901,3,0,0,0,0
550069568,NODE_B0CBD8F33218,root,1,00:00:00:00:00:00,0,0,15,902,3,0,0,0,0
550169562,NODE_B0CBD8F33218,root,1,00:00:00:00:00:00,0,0,15,902,3,0,0,0,0
550269564,NODE_B0CBD8F33218,root,1,00:00:00:00:00:00,0,0,15,902,3,0,0,0,0
550369568,NODE_B0CBD8F33218,root,1,00:00:00:00:00:00,0,0,15,902,3,0,0,0,0
550469562,NODE_B0CBD8F33218,root,1,00:00:00:00:00:00,0,0,15,902,3,0,0,0,0
550569564,NODE_B0CBD8F33218,root,1,00:00:00:00:00:00,0,0,15,902,3,0,0,0,0
550669564,NODE_B0CBD8F33218,root,1,00:00:00:00:00:00,0,0,15,902,3,0,0,0,0
550769562,NODE_B0CBD8F33218,root,1,00:00:00:00:00:00,0,0,15,902,3,0,0,0,0
550869568,NODE_B0CBD8F33218,root,1,00:00:00:00:00:00,0,0,15,903,3,0,0,0,0
550969560,NODE_B0CBD8F33218,root,1,00:00:00:00:00:00,0,0,15,903,3,0,0,0,0
551069570,NODE_B0CBD8F33218,root,1,00:00:00:00:00:00,0,0,15,904,3,0,0,0,0
551169560,NODE_B0CBD8F33218,root,1,00:00:00:00:00:00,0,0,15,904,3,0,0,0,0
551269564,NODE_B0CBD8F33218,root,1,00:00:00:00:00:00,0,0,15,904,3,0,0,0,0
551369566,NODE_B0CBD8F33218,root,1,00:00:00:00:00:00,0,0,15,904,3,0,0,0,0
551469560,NODE_B0CBD8F33218,root,1,00:00:00:00:00:00,0,0,15,904,3,0,0,0,0
551569564,NODE_B0CBD8F33218,root,1,00:00:00:00:00:00,0,0,15,904,3,0,0,0,0
551669566,NODE_B0CBD8F33218,root,1,00:00:00:00:00:00,0,0,15,904,3,0,0,0,0
551769560,NODE_B0CBD8F33218,root,1,00:00:00:00:00:00,0,0,15,904,3,0,0,0,0
551869568,NODE_B0CBD8F33218,root,1,00:00:00:00:00:00,0,0,15,905,3,0,0,0,0
551969562,NODE_B0CBD8F33218,root,1,00:00:00:00:00:00,0,0,15,905,3,0,0,0,0
552069572,NODE_B0CBD8F33218,root,1,00:00:00:00:00:00,0,0,15,906,3,0,0,0,0
552169560,NODE_B0CBD8F33218,root,1,00:00:00:00:00:00,0,0,15,906,3,0,0,0,0
552269566,NODE_B0CBD8F33218,root,1,00:00:00:00:00:00,0,0,15,906,3,0,0,0,0
552369564,NODE_B0CBD8F33218,root,1,00:00:00:00:00:00,0,0,15,906,3,0,0,0,0
552469560,NODE_B0CBD8F33218,root,1,00:00:00:00:00:00,0,0,15,906,3,0,0,0,0
552569566,NODE_B0CBD8F33218,root,1,00:00:00:00:00:00,0,0,15,906,3,0,0,0,0
552669564,NODE_B0CBD8F33218,root,1,00:00:00:00:00:00,0,0,15,906,3,0,0,0,0
552769560,NODE_B0CBD8F33218,root,1,00:00:00:00:00:00,0,0,15,906,3,0,0,0,0
552869570,NODE_B0CBD8F33218,root,1,00:00:00:00:00:00,0,0,15,907,3,0,0,0,0
552969568,NODE_B0CBD8F33218,root,1,00:00:00:00:00:00,0,0,15,907,3,0,0,0,0
553069572,NODE_B0CBD8F33218,root,1,00:00:00:00:00:00,0,0,15,908,3,0,0,0,0
553169566,NODE_B0CBD8F33218,root,1,00:00:00:00:00:00,0,0,15,908,3,0,0,0,0
553269564,NODE_B0CBD8F33218,root,1,00:00:00:00:00:00,0,0,15,908,3,0,0,0,0
553369564,NODE_B0CBD8F33218,root,1,00:00:00:00:00:00,0,0,15,908,3,0,0,0,0
553469562,NODE_B0CBD8F33218,root,1,00:00:00:00:00:00,0,0,15,908,3,0,0,0,0
553569568,NODE_B0CBD8F33218,root,1,00:00:00:00:00:00,0,0,15,908,3,0,0,0,0
553696869,NODE_B0CBD8F33218,root,1,00:00:00:00:00:00,0,0,15,908,3,0,0,0,0
553769562,NODE_B0CBD8F33218,root,1,00:00:00:00:00:00,0,0,15,908,3,0,0,0,0
553869572,NODE_B0CBD8F33218,root,1,00:00:00:00:00:00,0,0,15,909,3,0,0,0,0
553969564,NODE_B0CBD8F33218,root,1,00:00:00:00:00:00,0,0,15,909,3,0,0,0,0
554069574,NODE_B0CBD8F33218,root,1,00:00:00:00:00:00,0,0,15,910,3,0,0,0,0
554169564,NODE_B0CBD8F33218,root,1,00:00:00:00:00:00,0,0,15,910,3,0,0,0,0
554269568,NODE_B0CBD8F33218,root,1,00:00:00:00:00:00,0,0,15,910,3,0,0,0,0
554369570,NODE_B0CBD8F33218,root,1,00:00:00:00:00:00,0,0,15,910,3,0,0,0,0
554469560,NODE_B0CBD8F33218,root,1,00:00:00:00:00:00,0,0,15,910,3,0,0,0,0
554569568,NODE_B0CBD8F33218,root,1,00:00:00:00:00:00,0,0,15,910,3,0,0,0,0
554669570,NODE_B0CBD8F33218,root,1,00:00:00:00:00:00,0,0,15,910,3,0,0,0,0
554769560,NODE_B0CBD8F33218,root,1,00:00:00:00:00:00,0,0,15,910,3,0,0,0,0
554869568,NODE_B0CBD8F33218,root,1,00:00:00:00:00:00,0,0,15,911,3,0,0,0,0
554969566,NODE_B0CBD8F33218,root,1,00:00:00:00:00:00,0,0,15,911,3,0,0,0,0
555069576,NODE_B0CBD8F33218,root,1,00:00:00:00:00:00,0,0,15,912,3,0,0,0,0
555169564,NODE_B0CBD8F33218,root,1,00:00:00:00:00:00,0,0,15,912,3,0,0,0,0
555269570,NODE_B0CBD8F33218,root,1,00:00:00:00:00:00,0,0,15,912,3,0,0,0,0
555369568,NODE_B0CBD8F33218,root,1,00:00:00:00:00:00,0,0,15,912,3,0,0,0,0
555469560,NODE_B0CBD8F33218,root,1,00:00:00:00:00:00,0,0,15,912,3,0,0,0,0
555569570,NODE_B0CBD8F33218,root,1,00:00:00:00:00:00,0,0,15,912,3,0,0,0,0
555669568,NODE_B0CBD8F33218,root,1,00:00:00:00:00:00,0,0,15,912,3,0,0,0,0
555769560,NODE_B0CBD8F33218,root,1,00:00:00:00:00:00,0,0,15,912,3,0,0,0,0
555869574,NODE_B0CBD8F33218,root,1,00:00:00:00:00:00,0,0,15,913,3,0,0,0,0
555969568,NODE_B0CBD8F33218,root,1,00:00:00:00:00:00,0,0,15,913,3,0,0,0,0
556069572,NODE_B0CBD8F33218,root,1,00:00:00:00:00:00,0,0,15,914,3,0,0,0,0
556169566,NODE_B0CBD8F33218,root,1,00:00:00:00:00:00,0,0,15,914,3,0,0,0,0
556269568,NODE_B0CBD8F33218,root,1,00:00:00:00:00:00,0,0,15,914,3,0,0,0,0
556369568,NODE_B0CBD8F33218,root,1,00:00:00:00:00:00,0,0,15,914,3,0,0,0,0
556469562,NODE_B0CBD8F33218,root,1,00:00:00:00:00:00,0,0,15,914,3,0,0,0,0
556569568,NODE_B0CBD8F33218,root,1,00:00:00:00:00:00,0,0,15,914,3,0,0,0,0
556669568,NODE_B0CBD8F33218,root,1,00:00:00:00:00:00,0,0,15,914,3,0,0,0,0
556769562,NODE_B0CBD8F33218,root,1,00:00:00:00:00:00,0,0,15,914,3,0,0,0,0
556869568,NODE_B0CBD8F33218,root,1,00:00:00:00:00:00,0,0,15,915,3,0,0,0,0
556969564,NODE_B0CBD8F33218,root,1,00:00:00:00:00:00,0,0,15,915,3,0,0,0,0
557069574,NODE_B0CBD8F33218,root,1,00:00:00:00:00:00,0,0,15,916,3,0,0,0,0
557169560,NODE_B0CBD8F33218,root,1,00:00:00:00:00:00,0,0,15,916,3,0,0,0,0
557269568,NODE_B0CBD8F33218,root,1,00:00:00:00:00:00,0,0,15,916,3,0,0,0,0
557369570,NODE_B0CBD8F33218,root,1,00:00:00:00:00:00,0,0,15,916,3,0,0,0,0
557469560,NODE_B0CBD8F33218,root,1,00:00:00:00:00:00,0,0,15,916,3,0,0,0,0
557569568,NODE_B0CBD8F33218,root,1,00:00:00:00:00:00,0,0,15,916,3,0,0,0,0
557669566,NODE_B0CBD8F33218,root,1,00:00:00:00:00:00,0,0,15,916,3,0,0,0,0
557769560,NODE_B0CBD8F33218,root,1,00:00:00:00:00:00,0,0,15,916,3,0,0,0,0
557870367,NODE_B0CBD8F33218,root,1,00:00:00:00:00:00,0,0,15,917,3,0,0,0,0
557969566,NODE_B0CBD8F33218,root,1,00:00:00:00:00:00,0,0,15,917,3,0,0,0,0
558069568,NODE_B0CBD8F33218,root,1,00:00:00:00:00:00,0,0,15,918,3,0,0,0,0
558169560,NODE_B0CBD8F33218,root,1,00:00:00:00:00:00,0,0,15,918,3,0,0,0,0
558269566,NODE_B0CBD8F33218,root,1,00:00:00:00:00:00,0,0,15,918,3,0,0,0,0
558369564,NODE_B0CBD8F33218,root,1,00:00:00:00:00:00,0,0,15,918,3,0,0,0,0
558469560,NODE_B0CBD8F33218,root,1,00:00:00:00:00:00,0,0,15,918,3,0,0,0,0
558569566,NODE_B0CBD8F33218,root,1,00:00:00:00:00:00,0,0,15,918,3,0,0,0,0
558669564,NODE_B0CBD8F33218,root,1,00:00:00:00:00:00,0,0,15,918,3,0,0,0,0
558769560,NODE_B0CBD8F33218,root,1,00:00:00:00:00:00,0,0,15,918,3,0,0,0,0
558869570,NODE_B0CBD8F33218,root,1,00:00:00:00:00:00,0,0,15,919,3,0,0,0,0
558969564,NODE_B0CBD8F33218,root,1,00:00:00:00:00:00,0,0,15,919,3,0,0,0,0
559070363,NODE_B0CBD8F33218,root,1,00:00:00:00:00:00,0,0,15,920,3,0,0,0,0
559169574,NODE_B0CBD8F33218,root,1,00:00:00:00:00:00,0,0,15,920,3,0,0,0,0
559269568,NODE_B0CBD8F33218,root,1,00:00:00:00:00:00,0,0,15,920,3,0,0,0,0
559369568,NODE_B0CBD8F33218,root,1,00:00:00:00:00:00,0,0,15,920,3,0,0,0,0
559469566,NODE_B0CBD8F33218,root,1,00:00:00:00:00:00,0,0,15,920,3,0,0,0,0
559569568,NODE_B0CBD8F33218,root,1,00:00:00:00:00:00,0,0,15,920,3,0,0,0,0
559669568,NODE_B0CBD8F33218,root,1,00:00:00:00:00:00,0,0,15,920,3,0,0,0,0
559769562,NODE_B0CBD8F33218,root,1,00:00:00:00:00:00,0,0,15,920,3,0,0,0,0
559869568,NODE_B0CBD8F33218,root,1,00:00:00:00:00:00,0,0,15,921,3,0,0,0,0
559969560,NODE_B0CBD8F33218,root,1,00:00:00:00:00:00,0,0,15,921,3,0,0,0,0
560070360,NODE_B0CBD8F33218,root,1,00:00:00:00:00:00,0,0,15,922,3,0,0,0,0
560169565,NODE_B0CBD8F33218,root,1,00:00:00:00:00:00,0,0,15,922,3,0,0,0,0
560269568,NODE_B0CBD8F33218,root,1,00:00:00:00:00:00,0,0,15,922,3,0,0,0,0
560369570,NODE_B0CBD8F33218,root,1,00:00:00:00:00:00,0,0,15,922,3,0,0,0,0
560469560,NODE_B0CBD8F33218,root,1,00:00:00:00:00:00,0,0,15,922,3,0,0,0,0
560569568,NODE_B0CBD8F33218,root,1,00:00:00:00:00:00,0,0,15,922,3,0,0,0,0
560669570,NODE_B0CBD8F33218,root,1,00:00:00:00:00:00,0,0,15,922,3,0,0,0,0
560769560,NODE_B0CBD8F33218,root,1,00:00:00:00:00:00,0,0,15,922,3,0,0,0,0
560869572,NODE_B0CBD8F33218,root,1,00:00:00:00:00:00,0,0,15,923,3,0,0,0,0
560969566,NODE_B0CBD8F33218,root,1,00:00:00:00:00:00,0,0,15,923,3,0,0,0,0
561069572,NODE_B0CBD8F33218,root,1,00:00:00:00:00:00,0,0,15,924,3,0,0,0,0
561169560,NODE_B0CBD8F33218,root,1,00:00:00:00:00:00,0,0,15,924,3,0,0,0,0
561269570,NODE_B0CBD8F33218,root,1,00:00:00:00:00:00,0,0,15,924,3,0,0,0,0
561369568,NODE_B0CBD8F33218,root,1,00:00:00:00:00:00,0,0,15,924,3,0,0,0,0
561469560,NODE_B0CBD8F33218,root,1,00:00:00:00:00:00,0,0,15,924,3,0,0,0,0
561569570,NODE_B0CBD8F33218,root,1,00:00:00:00:00:00,0,0,15,924,3,0,0,0,0
561669568,NODE_B0CBD8F33218,root,1,00:00:00:00:00:00,0,0,15,924,3,0,0,0,0
561769560,NODE_B0CBD8F33218,root,1,00:00:00:00:00:00,0,0,15,924,3,0,0,0,0
561869570,NODE_B0CBD8F33218,root,1,00:00:00:00:00:00,0,0,15,925,3,0,0,0,0
561969564,NODE_B0CBD8F33218,root,1,00:00:00:00:00:00,0,0,15,925,3,0,0,0,0
562069572,NODE_B0CBD8F33218,root,1,00:00:00:00:00:00,0,0,15,926,3,0,0,0,0
562169562,NODE_B0CBD8F33218,root,1,00:00:00:00:00:00,0,0,15,926,3,0,0,0,0
562269568,NODE_B0CBD8F33218,root,1,00:00:00:00:00:00,0,0,15,926,3,0,0,0,0
562369572,NODE_B0CBD8F33218,root,1,00:00:00:00:00:00,0,0,15,926,3,0,0,0,0
562469562,NODE_B0CBD8F33218,root,1,00:00:00:00:00:00,0,0,15,926,3,0,0,0,0
562569568,NODE_B0CBD8F33218,root,1,00:00:00:00:00:00,0,0,15,926,3,0,0,0,0
562669564,NODE_B0CBD8F33218,root,1,00:00:00:00:00:00,0,0,15,926,3,0,0,0,0
562769562,NODE_B0CBD8F33218,root,1,00:00:00:00:00:00,0,0,15,926,3,0,0,0,0
562869572,NODE_B0CBD8F33218,root,1,00:00:00:00:00:00,0,0,15,927,3,0,0,0,0
562969564,NODE_B0CBD8F33218,root,1,00:00:00:00:00:00,0,0,15,927,3,0,0,0,0
563069574,NODE_B0CBD8F33218,root,1,00:00:00:00:00:00,0,0,15,928,3,0,0,0,0
563169560,NODE_B0CBD8F33218,root,1,00:00:00:00:00:00,0,0,15,928,3,0,0,0,0
563269568,NODE_B0CBD8F33218,root,1,00:00:00:00:00:00,0,0,15,928,3,0,0,0,0
563369570,NODE_B0CBD8F33218,root,1,00:00:00:00:00:00,0,0,15,928,3,0,0,0,0
563469560,NODE_B0CBD8F33218,root,1,00:00:00:00:00:00,0,0,15,928,3,0,0,0,0
563569572,NODE_B0CBD8F33218,root,1,00:00:00:00:00:00,0,0,15,928,3,0,0,0,0
563669570,NODE_B0CBD8F33218,root,1,00:00:00:00:00:00,0,0,15,928,3,0,0,0,0
563769560,NODE_B0CBD8F33218,root,1,00:00:00:00:00:00,0,0,15,928,3,0,0,0,0
563869572,NODE_B0CBD8F33218,root,1,00:00:00:00:00:00,0,0,15,929,3,0,0,0,0
563969566,NODE_B0CBD8F33218,root,1,00:00:00:00:00:00,0,0,15,929,3,0,0,0,0
564070368,NODE_B0CBD8F33218,root,1,00:00:00:00:00:00,0,0,15,930,3,0,0,0,0
564169573,NODE_B0CBD8F33218,root,1,00:00:00:00:00:00,0,0,15,930,3,0,0,0,0
564269558,NODE_B0CBD8F33218,root,1,00:00:00:00:00:00,0,0,15,930,3,0,0,0,0
564369560,NODE_B0CBD8F33218,root,1,00:00:00:00:00:00,0,0,15,930,3,0,0,0,0
564469564,NODE_B0CBD8F33218,root,1,00:00:00:00:00:00,0,0,15,930,3,0,0,0,0
564569562,NODE_B0CBD8F33218,root,1,00:00:00:00:00:00,0,0,15,930,3,0,0,0,0
564669564,NODE_B0CBD8F33218,root,1,00:00:00:00:00:00,0,0,15,930,3,0,0,0,0
564769560,NODE_B0CBD8F33218,root,1,00:00:00:00:00:00,0,0,15,930,3,0,0,0,0
564869570,NODE_B0CBD8F33218,root,1,00:00:00:00:00:00,0,0,15,931,3,0,0,0,0
564969560,NODE_B0CBD8F33218,root,1,00:00:00:00:00:00,0,0,15,931,3,0,0,0,0
565069572,NODE_B0CBD8F33218,root,1,00:00:00:00:00:00,0,0,15,932,3,0,0,0,0
565169562,NODE_B0CBD8F33218,root,1,00:00:00:00:00:00,0,0,15,932,3,0,0,0,0
565269564,NODE_B0CBD8F33218,root,1,00:00:00:00:00:00,0,0,15,932,3,0,0,0,0
565369564,NODE_B0CBD8F33218,root,1,00:00:00:00:00:00,0,0,15,932,3,0,0,0,0
565469562,NODE_B0CBD8F33218,root,1,00:00:00:00:00:00,0,0,15,932,3,0,0,0,0
565569564,NODE_B0CBD8F33218,root,1,00:00:00:00:00:00,0,0,15,932,3,0,0,0,0
565669564,NODE_B0CBD8F33218,root,1,00:00:00:00:00:00,0,0,15,932,3,0,0,0,0
565769562,NODE_B0CBD8F33218,root,1,00:00:00:00:00:00,0,0,15,932,3,0,0,0,0
565869568,NODE_B0CBD8F33218,root,1,00:00:00:00:00:00,0,0,15,933,3,0,0,0,0
565969560,NODE_B0CBD8F33218,root,1,00:00:00:00:00:00,0,0,15,933,3,0,0,0,0
566069570,NODE_B0CBD8F33218,root,1,00:00:00:00:00:00,0,0,15,934,3,0,0,0,0
566169560,NODE_B0CBD8F33218,root,1,00:00:00:00:00:00,0,0,15,934,3,0,0,0,0
566269564,NODE_B0CBD8F33218,root,1,00:00:00:00:00:00,0,0,15,934,3,0,0,0,0
566369566,NODE_B0CBD8F33218,root,1,00:00:00:00:00:00,0,0,15,934,3,0,0,0,0
566469564,NODE_B0CBD8F33218,root,1,00:00:00:00:00:00,0,0,15,934,3,0,0,0,0
566569564,NODE_B0CBD8F33218,root,1,00:00:00:00:00:00,0,0,15,934,3,0,0,0,0
566669566,NODE_B0CBD8F33218,root,1,00:00:00:00:00:00,0,0,15,934,3,0,0,0,0
566769560,NODE_B0CBD8F33218,root,1,00:00:00:00:00:00,0,0,15,934,3,0,0,0,0
566869568,NODE_B0CBD8F33218,root,1,00:00:00:00:00:00,0,0,15,935,3,0,0,0,0
566969562,NODE_B0CBD8F33218,root,1,00:00:00:00:00:00,0,0,15,935,3,0,0,0,0
567069568,NODE_B0CBD8F33218,root,1,00:00:00:00:00:00,0,0,15,936,3,0,0,0,0
567169560,NODE_B0CBD8F33218,root,1,00:00:00:00:00:00,0,0,15,936,3,0,0,0,0
567269566,NODE_B0CBD8F33218,root,1,00:00:00:00:00:00,0,0,15,936,3,0,0,0,0
567369564,NODE_B0CBD8F33218,root,1,00:00:00:00:00:00,0,0,15,936,3,0,0,0,0
567469564,NODE_B0CBD8F33218,root,1,00:00:00:00:00:00,0,0,15,936,3,0,0,0,0
567569566,NODE_B0CBD8F33218,root,1,00:00:00:00:00:00,0,0,15,936,3,0,0,0,0
567669564,NODE_B0CBD8F33218,root,1,00:00:00:00:00:00,0,0,15,936,3,0,0,0,0
567769560,NODE_B0CBD8F33218,root,1,00:00:00:00:00:00,0,0,15,936,3,0,0,0,0
567869574,NODE_B0CBD8F33218,root,1,00:00:00:00:00:00,0,0,15,937,3,0,0,0,0
567969564,NODE_B0CBD8F33218,root,1,00:00:00:00:00:00,0,0,15,937,3,0,0,0,0
568069568,NODE_B0CBD8F33218,root,1,00:00:00:00:00:00,0,0,15,938,3,0,0,0,0
568169562,NODE_B0CBD8F33218,root,1,00:00:00:00:00:00,0,0,15,938,3,0,0,0,0
568269564,NODE_B0CBD8F33218,root,1,00:00:00:00:00:00,0,0,15,938,3,0,0,0,0
568369564,NODE_B0CBD8F33218,root,1,00:00:00:00:00:00,0,0,15,938,3,0,0,0,0
568469562,NODE_B0CBD8F33218,root,1,00:00:00:00:00:00,0,0,15,938,3,0,0,0,0
568569564,NODE_B0CBD8F33218,root,1,00:00:00:00:00:00,0,0,15,938,3,0,0,0,0
568669564,NODE_B0CBD8F33218,root,1,00:00:00:00:00:00,0,0,15,938,3,0,0,0,0
568769562,NODE_B0CBD8F33218,root,1,00:00:00:00:00:00,0,0,15,938,3,0,0,0,0
568869568,NODE_B0CBD8F33218,root,1,00:00:00:00:00:00,0,0,15,939,3,0,0,0,0
568969560,NODE_B0CBD8F33218,root,1,00:00:00:00:00:00,0,0,15,939,3,0,0,0,0
569070363,NODE_B0CBD8F33218,root,1,00:00:00:00:00:00,0,0,15,940,3,0,0,0,0
569169564,NODE_B0CBD8F33218,root,1,00:00:00:00:00:00,0,0,15,940,3,0,0,0,0
569269568,NODE_B0CBD8F33218,root,1,00:00:00:00:00:00,0,0,15,940,3,0,0,0,0
569369566,NODE_B0CBD8F33218,root,1,00:00:00:00:00:00,0,0,15,940,3,0,0,0,0
569469564,NODE_B0CBD8F33218,root,1,00:00:00:00:00:00,0,0,15,940,3,0,0,0,0
569569564,NODE_B0CBD8F33218,root,1,00:00:00:00:00:00,0,0,15,940,3,0,0,0,0
569669570,NODE_B0CBD8F33218,root,1,00:00:00:00:00:00,0,0,15,940,3,0,0,0,0
569769560,NODE_B0CBD8F33218,root,1,00:00:00:00:00:00,0,0,15,940,3,0,0,0,0
569869568,NODE_B0CBD8F33218,root,1,00:00:00:00:00:00,0,0,15,941,3,0,0,0,0
569969566,NODE_B0CBD8F33218,root,1,00:00:00:00:00:00,0,0,15,941,3,0,0,0,0
570069572,NODE_B0CBD8F33218,root,1,00:00:00:00:00:00,0,0,15,942,3,0,0,0,0
570169560,NODE_B0CBD8F33218,root,1,00:00:00:00:00:00,0,0,15,942,3,0,0,0,0
570269570,NODE_B0CBD8F33218,root,1,00:00:00:00:00:00,0,0,15,942,3,0,0,0,0
570369568,NODE_B0CBD8F33218,root,1,00:00:00:00:00:00,0,0,15,942,3,0,0,0,0
570469560,NODE_B0CBD8F33218,root,1,00:00:00:00:00:00,0,0,15,942,3,0,0,0,0
570569570,NODE_B0CBD8F33218,root,1,00:00:00:00:00:00,0,0,15,942,3,0,0,0,0
570669568,NODE_B0CBD8F33218,root,1,00:00:00:00:00:00,0,0,15,942,3,0,0,0,0
570769560,NODE_B0CBD8F33218,root,1,00:00:00:00:00:00,0,0,15,942,3,0,0,0,0
570869574,NODE_B0CBD8F33218,root,1,00:00:00:00:00:00,0,0,15,943,3,0,0,0,0
570969568,NODE_B0CBD8F33218,root,1,00:00:00:00:00:00,0,0,15,943,3,0,0,0,0
571069572,NODE_B0CBD8F33218,root,1,00:00:00:00:00:00,0,0,15,944,3,0,0,0,0
571169562,NODE_B0CBD8F33218,root,1,00:00:00:00:00:00,0,0,15,944,3,0,0,0,0
571269568,NODE_B0CBD8F33218,root,1,00:00:00:00:00:00,0,0,15,944,3,0,0,0,0
571369568,NODE_B0CBD8F33218,root,1,00:00:00:00:00:00,0,0,15,944,3,0,0,0,0
571469562,NODE_B0CBD8F33218,root,1,00:00:00:00:00:00,0,0,15,944,3,0,0,0,0
571569568,NODE_B0CBD8F33218,root,1,00:00:00:00:00:00,0,0,15,944,3,0,0,0,0
571669564,NODE_B0CBD8F33218,root,1,00:00:00:00:00:00,0,0,15,944,3,0,0,0,0
571769562,NODE_B0CBD8F33218,root,1,00:00:00:00:00:00,0,0,15,944,3,0,0,0,0
571869568,NODE_B0CBD8F33218,root,1,00:00:00:00:00:00,0,0,15,945,3,0,0,0,0
571969560,NODE_B0CBD8F33218,root,1,00:00:00:00:00:00,0,0,15,945,3,0,0,0,0
572069570,NODE_B0CBD8F33218,root,1,00:00:00:00:00:00,0,0,15,946,3,0,0,0,0
572169560,NODE_B0CBD8F33218,root,1,00:00:00:00:00:00,0,0,15,946,3,0,0,0,0
572269564,NODE_B0CBD8F33218,root,1,00:00:00:00:00:00,0,0,15,946,3,0,0,0,0
572369566,NODE_B0CBD8F33218,root,1,00:00:00:00:00:00,0,0,15,946,3,0,0,0,0
572469560,NODE_B0CBD8F33218,root,1,00:00:00:00:00:00,0,0,15,946,3,0,0,0,0
572569564,NODE_B0CBD8F33218,root,1,00:00:00:00:00:00,0,0,15,946,3,0,0,0,0
572669566,NODE_B0CBD8F33218,root,1,00:00:00:00:00:00,0,0,15,946,3,0,0,0,0
572769560,NODE_B0CBD8F33218,root,1,00:00:00:00:00:00,0,0,15,946,3,0,0,0,0
572869568,NODE_B0CBD8F33218,root,1,00:00:00:00:00:00,0,0,15,947,3,0,0,0,0
572969562,NODE_B0CBD8F33218,root,1,00:00:00:00:00:00,0,0,15,947,3,0,0,0,0
573069568,NODE_B0CBD8F33218,root,1,00:00:00:00:00:00,0,0,15,948,3,0,0,0,0
573169560,NODE_B0CBD8F33218,root,1,00:00:00:00:00:00,0,0,15,948,3,0,0,0,0
573269566,NODE_B0CBD8F33218,root,1,00:00:00:00:00:00,0,0,15,948,3,0,0,0,0
573369564,NODE_B0CBD8F33218,root,1,00:00:00:00:00:00,0,0,15,948,3,0,0,0,0
573469560,NODE_B0CBD8F33218,root,1,00:00:00:00:00:00,0,0,15,948,3,0,0,0,0
573569570,NODE_B0CBD8F33218,root,1,00:00:00:00:00:00,0,0,15,948,3,0,0,0,0
573669564,NODE_B0CBD8F33218,root,1,00:00:00:00:00:00,0,0,15,948,3,0,0,0,0
573769560,NODE_B0CBD8F33218,root,1,00:00:00:00:00:00,0,0,15,948,3,0,0,0,0
573869570,NODE_B0CBD8F33218,root,1,00:00:00:00:00:00,0,0,15,949,3,0,0,0,0
573969564,NODE_B0CBD8F33218,root,1,00:00:00:00:00:00,0,0,15,949,3,0,0,0,0
574069568,NODE_B0CBD8F33218,root,1,00:00:00:00:00:00,0,0,15,950,3,0,0,0,0
574169562,NODE_B0CBD8F33218,root,1,00:00:00:00:00:00,0,0,15,950,3,0,0,0,0
574269564,NODE_B0CBD8F33218,root,1,00:00:00:00:00:00,0,0,15,950,3,0,0,0,0
574369568,NODE_B0CBD8F33218,root,1,00:00:00:00:00:00,0,0,15,950,3,0,0,0,0
574469562,NODE_B0CBD8F33218,root,1,00:00:00:00:00:00,0,0,15,950,3,0,0,0,0
574569564,NODE_B0CBD8F33218,root,1,00:00:00:00:00:00,0,0,15,950,3,0,0,0,0
574669568,NODE_B0CBD8F33218,root,1,00:00:00:00:00:00,0,0,15,950,3,0,0,0,0
574769562,NODE_B0CBD8F33218,root,1,00:00:00:00:00:00,0,0,15,950,3,0,0,0,0
574869568,NODE_B0CBD8F33218,root,1,00:00:00:00:00:00,0,0,15,951,3,0,0,0,0
574969560,NODE_B0CBD8F33218,root,1,00:00:00:00:00:00,0,0,15,951,3,0,0,0,0
575069578,NODE_B0CBD8F33218,root,1,00:00:00:00:00:00,0,0,15,952,3,0,0,0,0
575169560,NODE_B0CBD8F33218,root,1,00:00:00:00:00:00,0,0,15,952,3,0,0,0,0
575269568,NODE_B0CBD8F33218,root,1,00:00:00:00:00:00,0,0,15,952,3,0,0,0,0
575369570,NODE_B0CBD8F33218,root,1,00:00:00:00:00:00,0,0,15,952,3,0,0,0,0
575469560,NODE_B0CBD8F33218,root,1,00:00:00:00:00:00,0,0,15,952,3,0,0,0,0
575569568,NODE_B0CBD8F33218,root,1,00:00:00:00:00:00,0,0,15,952,3,0,0,0,0
575669570,NODE_B0CBD8F33218,root,1,00:00:00:00:00:00,0,0,15,952,3,0,0,0,0
575769560,NODE_B0CBD8F33218,root,1,00:00:00:00:00:00,0,0,15,952,3,0,0,0,0
575869572,NODE_B0CBD8F33218,root,1,00:00:00:00:00:00,0,0,15,953,3,0,0,0,0
575969566,NODE_B0CBD8F33218,root,1,00:00:00:00:00:00,0,0,15,953,3,0,0,0,0
576069572,NODE_B0CBD8F33218,root,1,00:00:00:00:00:00,0,0,15,954,3,0,0,0,0
576169560,NODE_B0CBD8F33218,root,1,00:00:00:00:00:00,0,0,15,954,3,0,0,0,0
576269570,NODE_B0CBD8F33218,root,1,00:00:00:00:00:00,0,0,15,954,3,0,0,0,0
576369568,NODE_B0CBD8F33218,root,1,00:00:00:00:00:00,0,0,15,954,3,0,0,0,0
576469560,NODE_B0CBD8F33218,root,1,00:00:00:00:00:00,0,0,15,954,3,0,0,0,0
576569570,NODE_B0CBD8F33218,root,1,00:00:00:00:00:00,0,0,15,954,3,0,0,0,0
576669568,NODE_B0CBD8F33218,root,1,00:00:00:00:00:00,0,0,15,954,3,0,0,0,0
576769560,NODE_B0CBD8F33218,root,1,00:00:00:00:00:00,0,0,15,954,3,0,0,0,0
576869570,NODE_B0CBD8F33218,root,1,00:00:00:00:00:00,0,0,15,955,3,0,0,0,0
576969564,NODE_B0CBD8F33218,root,1,00:00:00:00:00:00,0,0,15,955,3,0,0,0,0
577069572,NODE_B0CBD8F33218,root,1,00:00:00:00:00:00,0,0,15,956,3,0,0,0,0
577169562,NODE_B0CBD8F33218,root,1,00:00:00:00:00:00,0,0,15,956,3,0,0,0,0
577269568,NODE_B0CBD8F33218,root,1,00:00:00:00:00:00,0,0,15,956,3,0,0,0,0
577369568,NODE_B0CBD8F33218,root,1,00:00:00:00:00:00,0,0,15,956,3,0,0,0,0
577469562,NODE_B0CBD8F33218,root,1,00:00:00:00:00:00,0,0,15,956,3,0,0,0,0
577569572,NODE_B0CBD8F33218,root,1,00:00:00:00:00:00,0,0,15,956,3,0,0,0,0
577669564,NODE_B0CBD8F33218,root,1,00:00:00:00:00:00,0,0,15,956,3,0,0,0,0
577769562,NODE_B0CBD8F33218,root,1,00:00:00:00:00:00,0,0,15,956,3,0,0,0,0
577869572,NODE_B0CBD8F33218,root,1,00:00:00:00:00:00,0,0,15,957,3,0,0,0,0
577969564,NODE_B0CBD8F33218,root,1,00:00:00:00:00:00,0,0,15,957,3,0,0,0,0
578069574,NODE_B0CBD8F33218,root,1,00:00:00:00:00:00,0,0,15,958,3,0,0,0,0
578169560,NODE_B0CBD8F33218,root,1,00:00:00:00:00:00,0,0,15,958,3,0,0,0,0
578269568,NODE_B0CBD8F33218,root,1,00:00:00:00:00:00,0,0,15,958,3,0,0,0,0
578369570,NODE_B0CBD8F33218,root,1,00:00:00:00:00:00,0,0,15,958,3,0,0,0,0
578469560,NODE_B0CBD8F33218,root,1,00:00:00:00:00:00,0,0,15,958,3,0,0,0,0
578569556,NODE_B0CBD8F33218,root,1,00:00:00:00:00:00,0,0,15,958,3,0,0,0,0
578669570,NODE_B0CBD8F33218,root,1,00:00:00:00:00:00,0,0,15,958,3,0,0,0,0
578769564,NODE_B0CBD8F33218,root,1,00:00:00:00:00:00,0,0,15,958,3,0,0,0,0
578869572,NODE_B0CBD8F33218,root,1,00:00:00:00:00:00,0,0,15,959,3,0,0,0,0
578969566,NODE_B0CBD8F33218,root,1,00:00:00:00:00:00,0,0,15,959,3,0,0,0,0
579069572,NODE_B0CBD8F33218,root,1,00:00:00:00:00:00,0,0,15,960,3,0,0,0,0
579169560,NODE_B0CBD8F33218,root,1,00:00:00:00:00:00,0,0,15,960,3,0,0,0,0
579269570,NODE_B0CBD8F33218,root,1,00:00:00:00:00:00,0,0,15,960,3,0,0,0,0
579369568,NODE_B0CBD8F33218,root,1,00:00:00:00:00:00,0,0,15,960,3,0,0,0,0
579469560,NODE_B0CBD8F33218,root,1,00:00:00:00:00:00,0,0,15,960,3,0,0,0,0
579569570,NODE_B0CBD8F33218,root,1,00:00:00:00:00:00,0,0,15,960,3,0,0,0,0
579669568,NODE_B0CBD8F33218,root,1,00:00:00:00:00:00,0,0,15,960,3,0,0,0,0
579769564,NODE_B0CBD8F33218,root,1,00:00:00:00:00:00,0,0,15,960,3,0,0,0,0
579869570,NODE_B0CBD8F33218,root,1,00:00:00:00:00:00,0,0,15,961,3,0,0,0,0
579969564,NODE_B0CBD8F33218,root,1,00:00:00:00:00:00,0,0,15,961,3,0,0,0,0
580069572,NODE_B0CBD8F33218,root,1,00:00:00:00:00:00,0,0,15,962,3,0,0,0,0
580169562,NODE_B0CBD8F33218,root,1,00:00:00:00:00:00,0,0,15,962,3,0,0,0,0
580269568,NODE_B0CBD8F33218,root,1,00:00:00:00:00:00,0,0,15,962,3,0,0,0,0
580369568,NODE_B0CBD8F33218,root,1,00:00:00:00:00:00,0,0,15,962,3,0,0,0,0
580469562,NODE_B0CBD8F33218,root,1,00:00:00:00:00:00,0,0,15,962,3,0,0,0,0
580569568,NODE_B0CBD8F33218,root,1,00:00:00:00:00:00,0,0,15,962,3,0,0,0,0
580669568,NODE_B0CBD8F33218,root,1,00:00:00:00:00:00,0,0,15,962,3,0,0,0,0
580769566,NODE_B0CBD8F33218,root,1,00:00:00:00:00:00,0,0,15,962,3,0,0,0,0
580869572,NODE_B0CBD8F33218,root,1,00:00:00:00:00:00,0,0,15,963,3,0,0,0,0
580969564,NODE_B0CBD8F33218,root,1,00:00:00:00:00:00,0,0,15,963,3,0,0,0,0
581069574,NODE_B0CBD8F33218,root,1,00:00:00:00:00:00,0,0,15,964,3,0,0,0,0
581169560,NODE_B0CBD8F33218,root,1,00:00:00:00:00:00,0,0,15,964,3,0,0,0,0
581269568,NODE_B0CBD8F33218,root,1,00:00:00:00:00:00,0,0,15,964,3,0,0,0,0
581369570,NODE_B0CBD8F33218,root,1,00:00:00:00:00:00,0,0,15,964,3,0,0,0,0
581469560,NODE_B0CBD8F33218,root,1,00:00:00:00:00:00,0,0,15,964,3,0,0,0,0
581569568,NODE_B0CBD8F33218,root,1,00:00:00:00:00:00,0,0,15,964,3,0,0,0,0
581669570,NODE_B0CBD8F33218,root,1,00:00:00:00:00:00,0,0,15,964,3,0,0,0,0
581769564,NODE_B0CBD8F33218,root,1,00:00:00:00:00:00,0,0,15,964,3,0,0,0,0
581869568,NODE_B0CBD8F33218,root,1,00:00:00:00:00:00,0,0,15,965,3,0,0,0,0
581969566,NODE_B0CBD8F33218,root,1,00:00:00:00:00:00,0,0,15,965,3,0,0,0,0
582069572,NODE_B0CBD8F33218,root,1,00:00:00:00:00:00,0,0,15,966,3,0,0,0,0
582169560,NODE_B0CBD8F33218,root,1,00:00:00:00:00:00,0,0,15,966,3,0,0,0,0
582269570,NODE_B0CBD8F33218,root,1,00:00:00:00:00:00,0,0,15,966,3,0,0,0,0
582369568,NODE_B0CBD8F33218,root,1,00:00:00:00:00:00,0,0,15,966,3,0,0,0,0
582469561,NODE_B0CBD8F33218,root,1,00:00:00:00:00:00,0,0,15,966,3,0,0,0,0
582569570,NODE_B0CBD8F33218,root,1,00:00:00:00:00:00,0,0,15,966,3,0,0,0,0
582669564,NODE_B0CBD8F33218,root,1,00:00:00:00:00:00,0,0,15,966,3,0,0,0,0
582769560,NODE_B0CBD8F33218,root,1,00:00:00:00:00:00,0,0,15,966,3,0,0,0,0
582869574,NODE_B0CBD8F33218,root,1,00:00:00:00:00:00,0,0,15,967,3,0,0,0,0
582969564,NODE_B0CBD8F33218,root,1,00:00:00:00:00:00,0,0,15,967,3,0,0,0,0
583069576,NODE_B0CBD8F33218,root,1,00:00:00:00:00:00,0,0,15,968,3,0,0,0,0
583169562,NODE_B0CBD8F33218,root,1,00:00:00:00:00:00,0,0,15,968,3,0,0,0,0
583269568,NODE_B0CBD8F33218,root,1,00:00:00:00:00:00,0,0,15,968,3,0,0,0,0
583369568,NODE_B0CBD8F33218,root,1,00:00:00:00:00:00,0,0,15,968,3,0,0,0,0
583469562,NODE_B0CBD8F33218,root,1,00:00:00:00:00:00,0,0,15,968,3,0,0,0,0
583569572,NODE_B0CBD8F33218,root,1,00:00:00:00:00:00,0,0,15,968,3,0,0,0,0
583669568,NODE_B0CBD8F33218,root,1,00:00:00:00:00:00,0,0,15,968,3,0,0,0,0
583769562,NODE_B0CBD8F33218,root,1,00:00:00:00:00:00,0,0,15,968,3,0,0,0,0
583869572,NODE_B0CBD8F33218,root,1,00:00:00:00:00:00,0,0,15,969,3,0,0,0,0
583969564,NODE_B0CBD8F33218,root,1,00:00:00:00:00:00,0,0,15,969,3,0,0,0,0
584069574,NODE_B0CBD8F33218,root,1,00:00:00:00:00:00,0,0,15,970,3,0,0,0,0
584169560,NODE_B0CBD8F33218,root,1,00:00:00:00:00:00,0,0,15,970,3,0,0,0,0
584269568,NODE_B0CBD8F33218,root,1,00:00:00:00:00:00,0,0,15,970,3,0,0,0,0
584369570,NODE_B0CBD8F33218,root,1,00:00:00:00:00:00,0,0,15,970,3,0,0,0,0
584469560,NODE_B0CBD8F33218,root,1,00:00:00:00:00:00,0,0,15,970,3,0,0,0,0
584569568,NODE_B0CBD8F33218,root,1,00:00:00:00:00:00,0,0,15,970,3,0,0,0,0
584669570,NODE_B0CBD8F33218,root,1,00:00:00:00:00:00,0,0,15,970,3,0,0,0,0
584769560,NODE_B0CBD8F33218,root,1,00:00:00:00:00:00,0,0,15,970,3,0,0,0,0
584869568,NODE_B0CBD8F33218,root,1,00:00:00:00:00:00,0,0,15,971,3,0,0,0,0
584969566,NODE_B0CBD8F33218,root,1,00:00:00:00:00:00,0,0,15,971,3,0,0,0,0
585069572,NODE_B0CBD8F33218,root,1,00:00:00:00:00:00,0,0,15,972,3,0,0,0,0
585169560,NODE_B0CBD8F33218,root,1,00:00:00:00:00:00,0,0,15,972,3,0,0,0,0
585269570,NODE_B0CBD8F33218,root,1,00:00:00:00:00:00,0,0,15,972,3,0,0,0,0
585369568,NODE_B0CBD8F33218,root,1,00:00:00:00:00:00,0,0,15,972,3,0,0,0,0
585469560,NODE_B0CBD8F33218,root,1,00:00:00:00:00:00,0,0,15,972,3,0,0,0,0
585569570,NODE_B0CBD8F33218,root,1,00:00:00:00:00:00,0,0,15,972,3,0,0,0,0
585669564,NODE_B0CBD8F33218,root,1,00:00:00:00:00:00,0,0,15,972,3,0,0,0,0
585769560,NODE_B0CBD8F33218,root,1,00:00:00:00:00:00,0,0,15,972,3,0,0,0,0
585869574,NODE_B0CBD8F33218,root,1,00:00:00:00:00:00,0,0,15,973,3,0,0,0,0
585969564,NODE_B0CBD8F33218,root,1,00:00:00:00:00:00,0,0,15,973,3,0,0,0,0
586069568,NODE_B0CBD8F33218,root,1,00:00:00:00:00:00,0,0,15,974,3,0,0,0,0
586169562,NODE_B0CBD8F33218,root,1,00:00:00:00:00:00,0,0,15,974,3,0,0,0,0
586269564,NODE_B0CBD8F33218,root,1,00:00:00:00:00:00,0,0,15,974,3,0,0,0,0
586369564,NODE_B0CBD8F33218,root,1,00:00:00:00:00:00,0,0,15,974,3,0,0,0,0
586469562,NODE_B0CBD8F33218,root,1,00:00:00:00:00:00,0,0,15,974,3,0,0,0,0
586569564,NODE_B0CBD8F33218,root,1,00:00:00:00:00:00,0,0,15,974,3,0,0,0,0
586669568,NODE_B0CBD8F33218,root,1,00:00:00:00:00:00,0,0,15,974,3,0,0,0,0
586769562,NODE_B0CBD8F33218,root,1,00:00:00:00:00:00,0,0,15,974,3,0,0,0,0
586869568,NODE_B0CBD8F33218,root,1,00:00:00:00:00:00,0,0,15,975,3,0,0,0,0
586969564,NODE_B0CBD8F33218,root,1,00:00:00:00:00:00,0,0,15,975,3,0,0,0,0
587069574,NODE_B0CBD8F33218,root,1,00:00:00:00:00:00,0,0,15,976,3,0,0,0,0
587169560,NODE_B0CBD8F33218,root,1,00:00:00:00:00:00,0,0,15,976,3,0,0,0,0
587269568,NODE_B0CBD8F33218,root,1,00:00:00:00:00:00,0,0,15,976,3,0,0,0,0
587369570,NODE_B0CBD8F33218,root,1,00:00:00:00:00:00,0,0,15,976,3,0,0,0,0
587469560,NODE_B0CBD8F33218,root,1,00:00:00:00:00:00,0,0,15,976,3,0,0,0,0
587569568,NODE_B0CBD8F33218,root,1,00:00:00:00:00:00,0,0,15,976,3,0,0,0,0
587669566,NODE_B0CBD8F33218,root,1,00:00:00:00:00:00,0,0,15,976,3,0,0,0,0
587769560,NODE_B0CBD8F33218,root,1,00:00:00:00:00:00,0,0,15,976,3,0,0,0,0
587869572,NODE_B0CBD8F33218,root,1,00:00:00:00:00:00,0,0,15,977,3,0,0,0,0
587969570,NODE_B0CBD8F33218,root,1,00:00:00:00:00:00,0,0,15,977,3,0,0,0,0
588069572,NODE_B0CBD8F33218,root,1,00:00:00:00:00:00,0,0,15,978,3,0,0,0,0
588169560,NODE_B0CBD8F33218,root,1,00:00:00:00:00:00,0,0,15,978,3,0,0,0,0
588269570,NODE_B0CBD8F33218,root,1,00:00:00:00:00:00,0,0,15,978,3,0,0,0,0
588369568,NODE_B0CBD8F33218,root,1,00:00:00:00:00:00,0,0,15,978,3,0,0,0,0
588469560,NODE_B0CBD8F33218,root,1,00:00:00:00:00:00,0,0,15,978,3,0,0,0,0
588569570,NODE_B0CBD8F33218,root,1,00:00:00:00:00:00,0,0,15,978,3,0,0,0,0
588669568,NODE_B0CBD8F33218,root,1,00:00:00:00:00:00,0,0,15,978,3,0,0,0,0
588769560,NODE_B0CBD8F33218,root,1,00:00:00:00:00:00,0,0,15,978,3,0,0,0,0
588869574,NODE_B0CBD8F33218,root,1,00:00:00:00:00:00,0,0,15,979,3,0,0,0,0
588969568,NODE_B0CBD8F33218,root,1,00:00:00:00:00:00,0,0,15,979,3,0,0,0,0
589069572,NODE_B0CBD8F33218,root,1,00:00:00:00:00:00,0,0,15,980,3,0,0,0,0
589169562,NODE_B0CBD8F33218,root,1,00:00:00:00:00:00,0,0,15,980,3,0,0,0,0
589269568,NODE_B0CBD8F33218,root,1,00:00:00:00:00:00,0,0,15,980,3,0,0,0,0
589369568,NODE_B0CBD8F33218,root,1,00:00:00:00:00:00,0,0,15,980,3,0,0,0,0
589469562,NODE_B0CBD8F33218,root,1,00:00:00:00:00:00,0,0,15,980,3,0,0,0,0
589569572,NODE_B0CBD8F33218,root,1,00:00:00:00:00:00,0,0,15,980,3,0,0,0,0
589669568,NODE_B0CBD8F33218,root,1,00:00:00:00:00:00,0,0,15,980,3,0,0,0,0
589769562,NODE_B0CBD8F33218,root,1,00:00:00:00:00:00,0,0,15,980,3,0,0,0,0
589869568,NODE_B0CBD8F33218,root,1,00:00:00:00:00:00,0,0,15,981,3,0,0,0,0
589969564,NODE_B0CBD8F33218,root,1,00:00:00:00:00:00,0,0,15,981,3,0,0,0,0
590069574,NODE_B0CBD8F33218,root,1,00:00:00:00:00:00,0,0,15,982,3,0,0,0,0
590169560,NODE_B0CBD8F33218,root,1,00:00:00:00:00:00,0,0,15,982,3,0,0,0,0
590269568,NODE_B0CBD8F33218,root,1,00:00:00:00:00:00,0,0,15,982,3,0,0,0,0
590369570,NODE_B0CBD8F33218,root,1,00:00:00:00:00:00,0,0,15,982,3,0,0,0,0
590469560,NODE_B0CBD8F33218,root,1,00:00:00:00:00:00,0,0,15,982,3,0,0,0,0
590569568,NODE_B0CBD8F33218,root,1,00:00:00:00:00:00,0,0,15,982,3,0,0,0,0
590669570,NODE_B0CBD8F33218,root,1,00:00:00:00:00:00,0,0,15,982,3,0,0,0,0
590769560,NODE_B0CBD8F33218,root,1,00:00:00:00:00:00,0,0,15,982,3,0,0,0,0
590870368,NODE_B0CBD8F33218,root,1,00:00:00:00:00:00,0,0,15,983,3,0,0,0,0
590969566,NODE_B0CBD8F33218,root,1,00:00:00:00:00:00,0,0,15,983,3,0,0,0,0
591069568,NODE_B0CBD8F33218,root,1,00:00:00:00:00:00,0,0,15,984,3,0,0,0,0
591169560,NODE_B0CBD8F33218,root,1,00:00:00:00:00:00,0,0,15,984,3,0,0,0,0
591269566,NODE_B0CBD8F33218,root,1,00:00:00:00:00:00,0,0,15,984,3,0,0,0,0
591369564,NODE_B0CBD8F33218,root,1,00:00:00:00:00:00,0,0,15,984,3,0,0,0,0
591469560,NODE_B0CBD8F33218,root,1,00:00:00:00:00:00,0,0,15,984,3,0,0,0,0
591569566,NODE_B0CBD8F33218,root,1,00:00:00:00:00:00,0,0,15,984,3,0,0,0,0
591704711,NODE_B0CBD8F33218,root,1,00:00:00:00:00:00,0,0,15,984,3,0,0,0,0
591769560,NODE_B0CBD8F33218,root,1,00:00:00:00:00:00,0,0,15,984,3,0,0,0,0
591869570,NODE_B0CBD8F33218,root,1,00:00:00:00:00:00,0,0,15,985,3,0,0,0,0
591969564,NODE_B0CBD8F33218,root,1,00:00:00:00:00:00,0,0,15,985,3,0,0,0,0
592069572,NODE_B0CBD8F33218,root,1,00:00:00:00:00:00,0,0,15,986,3,0,0,0,0
592169562,NODE_B0CBD8F33218,root,1,00:00:00:00:00:00,0,0,15,986,3,0,0,0,0
592269568,NODE_B0CBD8F33218,root,1,00:00:00:00:00:00,0,0,15,986,3,0,0,0,0
592369568,NODE_B0CBD8F33218,root,1,00:00:00:00:00:00,0,0,15,986,3,0,0,0,0
592469562,NODE_B0CBD8F33218,root,1,00:00:00:00:00:00,0,0,15,986,3,0,0,0,0
592569568,NODE_B0CBD8F33218,root,1,00:00:00:00:00:00,0,0,15,986,3,0,0,0,0
592669564,NODE_B0CBD8F33218,root,1,00:00:00:00:00:00,0,0,15,986,3,0,0,0,0
592769562,NODE_B0CBD8F33218,root,1,00:00:00:00:00:00,0,0,15,986,3,0,0,0,0
592869572,NODE_B0CBD8F33218,root,1,00:00:00:00:00:00,0,0,15,987,3,0,0,0,0
592969564,NODE_B0CBD8F33218,root,1,00:00:00:00:00:00,0,0,15,987,3,0,0,0,0
593069578,NODE_B0CBD8F33218,root,1,00:00:00:00:00:00,0,0,15,988,3,0,0,0,0
593169560,NODE_B0CBD8F33218,root,1,00:00:00:00:00:00,0,0,15,988,3,0,0,0,0
593269568,NODE_B0CBD8F33218,root,1,00:00:00:00:00:00,0,0,15,988,3,0,0,0,0
593369570,NODE_B0CBD8F33218,root,1,00:00:00:00:00:00,0,0,15,988,3,0,0,0,0
593469560,NODE_B0CBD8F33218,root,1,00:00:00:00:00:00,0,0,15,988,3,0,0,0,0
593569568,NODE_B0CBD8F33218,root,1,00:00:00:00:00:00,0,0,15,988,3,0,0,0,0
593669570,NODE_B0CBD8F33218,root,1,00:00:00:00:00:00,0,0,15,988,3,0,0,0,0
593769560,NODE_B0CBD8F33218,root,1,00:00:00:00:00:00,0,0,15,988,3,0,0,0,0
593869572,NODE_B0CBD8F33218,root,1,00:00:00:00:00:00,0,0,15,989,3,0,0,0,0
593969562,NODE_B0CBD8F33218,root,1,00:00:00:00:00:00,0,0,15,989,3,0,0,0,0
594069572,NODE_B0CBD8F33218,root,1,00:00:00:00:00:00,0,0,15,990,3,0,0,0,0
594169560,NODE_B0CBD8F33218,root,1,00:00:00:00:00:00,0,0,15,990,3,0,0,0,0
594269570,NODE_B0CBD8F33218,root,1,00:00:00:00:00:00,0,0,15,990,3,0,0,0,0
594369568,NODE_B0CBD8F33218,root,1,00:00:00:00:00:00,0,0,15,990,3,0,0,0,0
594469560,NODE_B0CBD8F33218,root,1,00:00:00:00:00:00,0,0,15,990,3,0,0,0,0
594569570,NODE_B0CBD8F33218,root,1,00:00:00:00:00:00,0,0,15,990,3,0,0,0,0
594669568,NODE_B0CBD8F33218,root,1,00:00:00:00:00:00,0,0,15,990,3,0,0,0,0
594769560,NODE_B0CBD8F33218,root,1,00:00:00:00:00:00,0,0,15,990,3,0,0,0,0
594869570,NODE_B0CBD8F33218,root,1,00:00:00:00:00:00,0,0,15,991,3,0,0,0,0
594969564,NODE_B0CBD8F33218,root,1,00:00:00:00:00:00,0,0,15,991,3,0,0,0,0
595069572,NODE_B0CBD8F33218,root,1,00:00:00:00:00:00,0,0,15,992,3,0,0,0,0
595169566,NODE_B0CBD8F33218,root,1,00:00:00:00:00:00,0,0,15,992,3,0,0,0,0
595269568,NODE_B0CBD8F33218,root,1,00:00:00:00:00:00,0,0,15,992,3,0,0,0,0
595369568,NODE_B0CBD8F33218,root,1,00:00:00:00:00:00,0,0,15,992,3,0,0,0,0
595469562,NODE_B0CBD8F33218,root,1,00:00:00:00:00:00,0,0,15,992,3,0,0,0,0
595569572,NODE_B0CBD8F33218,root,1,00:00:00:00:00:00,0,0,15,992,3,0,0,0,0
595669568,NODE_B0CBD8F33218,root,1,00:00:00:00:00:00,0,0,15,992,3,0,0,0,0
595769562,NODE_B0CBD8F33218,root,1,00:00:00:00:00:00,0,0,15,992,3,0,0,0,0
595869576,NODE_B0CBD8F33218,root,1,00:00:00:00:00:00,0,0,15,993,3,0,0,0,0
595969564,NODE_B0CBD8F33218,root,1,00:00:00:00:00:00,0,0,15,993,3,0,0,0,0
596069574,NODE_B0CBD8F33218,root,1,00:00:00:00:00:00,0,0,15,994,3,0,0,0,0
596169564,NODE_B0CBD8F33218,root,1,00:00:00:00:00:00,0,0,15,994,3,0,0,0,0
596269568,NODE_B0CBD8F33218,root,1,00:00:00:00:00:00,0,0,15,994,3,0,0,0,0
596369570,NODE_B0CBD8F33218,root,1,00:00:00:00:00:00,0,0,15,994,3,0,0,0,0
596469560,NODE_B0CBD8F33218,root,1,00:00:00:00:00:00,0,0,15,994,3,0,0,0,0
596569568,NODE_B0CBD8F33218,root,1,00:00:00:00:00:00,0,0,15,994,3,0,0,0,0
596669570,NODE_B0CBD8F33218,root,1,00:00:00:00:00:00,0,0,15,994,3,0,0,0,0
596769560,NODE_B0CBD8F33218,root,1,00:00:00:00:00:00,0,0,15,994,3,0,0,0,0
596869568,NODE_B0CBD8F33218,root,1,00:00:00:00:00:00,0,0,15,995,3,0,0,0,0
596969566,NODE_B0CBD8F33218,root,1,00:00:00:00:00:00,0,0,15,995,3,0,0,0,0
597069572,NODE_B0CBD8F33218,root,1,00:00:00:00:00:00,0,0,15,996,3,0,0,0,0
597169564,NODE_B0CBD8F33218,root,1,00:00:00:00:00:00,0,0,15,996,3,0,0,0,0
597269570,NODE_B0CBD8F33218,root,1,00:00:00:00:00:00,0,0,15,996,3,0,0,0,0
597369568,NODE_B0CBD8F33218,root,1,00:00:00:00:00:00,0,0,15,996,3,0,0,0,0
597469560,NODE_B0CBD8F33218,root,1,00:00:00:00:00:00,0,0,15,996,3,0,0,0,0
597569570,NODE_B0CBD8F33218,root,1,00:00:00:00:00:00,0,0,15,996,3,0,0,0,0
597669564,NODE_B0CBD8F33218,root,1,00:00:00:00:00:00,0,0,15,996,3,0,0,0,0
597769560,NODE_B0CBD8F33218,root,1,00:00:00:00:00:00,0,0,15,996,3,0,0,0,0
597869574,NODE_B0CBD8F33218,root,1,00:00:00:00:00:00,0,0,15,997,3,0,0,0,0
597969564,NODE_B0CBD8F33218,root,1,00:00:00:00:00:00,0,0,15,997,3,0,0,0,0
598069576,NODE_B0CBD8F33218,root,1,00:00:00:00:00:00,0,0,15,998,3,0,0,0,0
598169566,NODE_B0CBD8F33218,root,1,00:00:00:00:00:00,0,0,15,998,3,0,0,0,0
598269568,NODE_B0CBD8F33218,root,1,00:00:00:00:00:00,0,0,15,998,3,0,0,0,0
598369568,NODE_B0CBD8F33218,root,1,00:00:00:00:00:00,0,0,15,998,3,0,0,0,0
598469562,NODE_B0CBD8F33218,root,1,00:00:00:00:00:00,0,0,15,998,3,0,0,0,0
598569568,NODE_B0CBD8F33218,root,1,00:00:00:00:00:00,0,0,15,998,3,0,0,0,0
598669568,NODE_B0CBD8F33218,root,1,00:00:00:00:00:00,0,0,15,998,3,0,0,0,0
598769562,NODE_B0CBD8F33218,root,1,00:00:00:00:00:00,0,0,15,998,3,0,0,0,0
598869572,NODE_B0CBD8F33218,root,1,00:00:00:00:00:00,0,0,15,999,3,0,0,0,0
598969564,NODE_B0CBD8F33218,root,1,00:00:00:00:00:00,0,0,15,999,3,0,0,0,0
599069574,NODE_B0CBD8F33218,root,1,00:00:00:00:00:00,0,0,15,1000,3,0,0,0,0
599169564,NODE_B0CBD8F33218,root,1,00:00:00:00:00:00,0,0,15,1000,3,0,0,0,0
599269568,NODE_B0CBD8F33218,root,1,00:00:00:00:00:00,0,0,15,1000,3,0,0,0,0
599369570,NODE_B0CBD8F33218,root,1,00:00:00:00:00:00,0,0,15,1000,3,0,0,0,0
599469560,NODE_B0CBD8F33218,root,1,00:00:00:00:00:00,0,0,15,1000,3,0,0,0,0
599569568,NODE_B0CBD8F33218,root,1,00:00:00:00:00:00,0,0,15,1000,3,0,0,0,0
599669570,NODE_B0CBD8F33218,root,1,00:00:00:00:00:00,0,0,15,1000,3,0,0,0,0
599769560,NODE_B0CBD8F33218,root,1,00:00:00:00:00:00,0,0,15,1000,3,0,0,0,0
599869568,NODE_B0CBD8F33218,root,1,00:00:00:00:00:00,0,0,15,1001,3,0,0,0,0
599969562,NODE_B0CBD8F33218,root,1,00:00:00:00:00:00,0,0,15,1001,3,0,0,0,0
600069568,NODE_B0CBD8F33218,root,1,00:00:00:00:00:00,0,0,15,1002,3,0,0,0,0
600169560,NODE_B0CBD8F33218,root,1,00:00:00:00:00:00,0,0,15,1002,3,0,0,0,0
600269566,NODE_B0CBD8F33218,root,1,00:00:00:00:00:00,0,0,15,1002,3,0,0,0,0
600369564,NODE_B0CBD8F33218,root,1,00:00:00:00:00:00,0,0,15,1002,3,0,0,0,0
600469560,NODE_B0CBD8F33218,root,1,00:00:00:00:00:00,0,0,15,1002,3,0,0,0,0
600569566,NODE_B0CBD8F33218,root,1,00:00:00:00:00:00,0,0,15,1002,3,0,0,0,0
600669564,NODE_B0CBD8F33218,root,1,00:00:00:00:00:00,0,0,15,1002,3,0,0,0,0
600769560,NODE_B0CBD8F33218,root,1,00:00:00:00:00:00,0,0,15,1002,3,0,0,0,0
600869574,NODE_B0CBD8F33218,root,1,00:00:00:00:00:00,0,0,15,1003,3,0,0,0,0
600969564,NODE_B0CBD8F33218,root,1,00:00:00:00:00:00,0,0,15,1003,3,0,0,0,0
601069568,NODE_B0CBD8F33218,root,1,00:00:00:00:00:00,0,0,15,1004,3,0,0,0,0
601169562,NODE_B0CBD8F33218,root,1,00:00:00:00:00:00,0,0,15,1004,3,0,0,0,0
601269564,NODE_B0CBD8F33218,root,1,00:00:00:00:00:00,0,0,15,1004,3,0,0,0,0
601369564,NODE_B0CBD8F33218,root,1,00:00:00:00:00:00,0,0,15,1004,3,0,0,0,0
601469562,NODE_B0CBD8F33218,root,1,00:00:00:00:00:00,0,0,15,1004,3,0,0,0,0
601569568,NODE_B0CBD8F33218,root,1,00:00:00:00:00:00,0,0,15,1004,3,0,0,0,0
601669564,NODE_B0CBD8F33218,root,1,00:00:00:00:00:00,0,0,15,1004,3,0,0,0,0
601769562,NODE_B0CBD8F33218,root,1,00:00:00:00:00:00,0,0,15,1004,3,0,0,0,0
601869568,NODE_B0CBD8F33218,root,1,00:00:00:00:00:00,0,0,15,1005,3,0,0,0,0
601969560,NODE_B0CBD8F33218,root,1,00:00:00:00:00:00,0,0,15,1005,3,0,0,0,0
602069938,NODE_B0CBD8F33218,root,1,00:00:00:00:00:00,0,0,15,1006,3,0,0,0,0
602169565,NODE_B0CBD8F33218,root,1,00:00:00:00:00:00,0,0,15,1006,3,0,0,0,0
602269568,NODE_B0CBD8F33218,root,1,00:00:00:00:00:00,0,0,15,1006,3,0,0,0,0
602369566,NODE_B0CBD8F33218,root,1,00:00:00:00:00:00,0,0,15,1006,3,0,0,0,0
602469560,NODE_B0CBD8F33218,root,1,00:00:00:00:00:00,0,0,15,1006,3,0,0,0,0
602569564,NODE_B0CBD8F33218,root,1,00:00:00:00:00:00,0,0,15,1006,3,0,0,0,0
602669566,NODE_B0CBD8F33218,root,1,00:00:00:00:00:00,0,0,15,1006,3,0,0,0,0
602769560,NODE_B0CBD8F33218,root,1,00:00:00:00:00:00,0,0,15,1006,3,0,0,0,0
602869572,NODE_B0CBD8F33218,root,1,00:00:00:00:00:00,0,0,15,1007,3,0,0,0,0
602969566,NODE_B0CBD8F33218,root,1,00:00:00:00:00:00,0,0,15,1007,3,0,0,0,0
603070373,NODE_B0CBD8F33218,root,1,00:00:00:00:00:00,0,0,15,1008,3,0,0,0,0
603169576,NODE_B0CBD8F33218,root,1,00:00:00:00:00:00,0,0,15,1008,3,0,0,0,0
603269570,NODE_B0CBD8F33218,root,1,00:00:00:00:00:00,0,0,15,1008,3,0,0,0,0
603369568,NODE_B0CBD8F33218,root,1,00:00:00:00:00:00,0,0,15,1008,3,0,0,0,0
603469560,NODE_B0CBD8F33218,root,1,00:00:00:00:00:00,0,0,15,1008,3,0,0,0,0
603569570,NODE_B0CBD8F33218,root,1,00:00:00:00:00:00,0,0,15,1008,3,0,0,0,0
603669568,NODE_B0CBD8F33218,root,1,00:00:00:00:00:00,0,0,15,1008,3,0,0,0,0
603769560,NODE_B0CBD8F33218,root,1,00:00:00:00:00:00,0,0,15,1008,3,0,0,0,0
603869574,NODE_B0CBD8F33218,root,1,00:00:00:00:00:00,0,0,15,1009,3,0,0,0,0
603969568,NODE_B0CBD8F33218,root,1,00:00:00:00:00:00,0,0,15,1009,3,0,0,0,0
604069898,NODE_B0CBD8F33218,root,1,00:00:00:00:00:00,0,0,15,1010,3,0,0,0,0
604169577,NODE_B0CBD8F33218,root,1,00:00:00:00:00:00,0,0,15,1010,3,0,0,0,0
604269568,NODE_B0CBD8F33218,root,1,00:00:00:00:00:00,0,0,15,1010,3,0,0,0,0
604369709,NODE_B0CBD8F33218,root,1,00:00:00:00:00:00,0,0,15,1010,3,0,0,0,0
604469574,NODE_B0CBD8F33218,root,1,00:00:00:00:00:00,0,0,15,1010,3,0,0,0,0
604569568,NODE_B0CBD8F33218,root,1,00:00:00:00:00:00,0,0,15,1010,3,0,0,0,0
604669568,NODE_B0CBD8F33218,root,1,00:00:00:00:00:00,0,0,15,1010,3,0,0,0,0
604769562,NODE_B0CBD8F33218,root,1,00:00:00:00:00:00,0,0,15,1010,3,0,0,0,0
604869568,NODE_B0CBD8F33218,root,1,00:00:00:00:00:00,0,0,15,1011,3,0,0,0,0
604969560,NODE_B0CBD8F33218,root,1,00:00:00:00:00:00,0,0,15,1011,3,0,0,0,0
605069873,NODE_B0CBD8F33218,root,1,00:00:00:00:00:00,0,0,15,1012,3,0,0,0,0
605169564,NODE_B0CBD8F33218,root,1,00:00:00:00:00:00,0,0,15,1012,3,0,0,0,0
605269568,NODE_B0CBD8F33218,root,1,00:00:00:00:00:00,0,0,15,1012,3,0,0,0,0
605369570,NODE_B0CBD8F33218,root,1,00:00:00:00:00:00,0,0,15,1012,3,0,0,0,0
605469560,NODE_B0CBD8F33218,root,1,00:00:00:00:00:00,0,0,15,1012,3,0,0,0,0
605569568,NODE_B0CBD8F33218,root,1,00:00:00:00:00:00,0,0,15,1012,3,0,0,0,0
605669570,NODE_B0CBD8F33218,root,1,00:00:00:00:00:00,0,0,15,1012,3,0,0,0,0
605769560,NODE_B0CBD8F33218,root,1,00:00:00:00:00:00,0,0,15,1012,3,0,0,0,0
605869576,NODE_B0CBD8F33218,root,1,00:00:00:00:00:00,0,0,15,1013,3,0,0,0,0
605969566,NODE_B0CBD8F33218,root,1,00:00:00:00:00:00,0,0,15,1013,3,0,0,0,0
606069924,NODE_B0CBD8F33218,root,1,00:00:00:00:00:00,0,0,15,1014,3,0,0,0,0
606169564,NODE_B0CBD8F33218,root,1,00:00:00:00:00:00,0,0,15,1014,3,0,0,0,0
606269570,NODE_B0CBD8F33218,root,1,00:00:00:00:00:00,0,0,15,1014,3,0,0,0,0
606369568,NODE_B0CBD8F33218,root,1,00:00:00:00:00:00,0,0,15,1014,3,0,0,0,0
606469560,NODE_B0CBD8F33218,root,1,00:00:00:00:00:00,0,0,15,1014,3,0,0,0,0
606569570,NODE_B0CBD8F33218,root,1,00:00:00:00:00:00,0,0,15,1014,3,0,0,0,0
606669568,NODE_B0CBD8F33218,root,1,00:00:00:00:00:00,0,0,15,1014,3,0,0,0,0
606769560,NODE_B0CBD8F33218,root,1,00:00:00:00:00:00,0,0,15,1014,3,0,0,0,0
606869570,NODE_B0CBD8F33218,root,1,00:00:00:00:00:00,0,0,15,1015,3,0,0,0,0
606969560,NODE_B0CBD8F33218,root,1,00:00:00:00:00:00,0,0,15,1015,3,0,0,0,0
607069912,NODE_B0CBD8F33218,root,1,00:00:00:00:00:00,0,0,15,1016,3,0,0,0,0
607169558,NODE_B0CBD8F33218,root,1,00:00:00:00:00:00,0,0,15,1016,3,0,0,0,0
607269568,NODE_B0CBD8F33218,root,1,00:00:00:00:00:00,0,0,15,1016,3,0,0,0,0
607370101,NODE_B0CBD8F33218,root,1,00:00:00:00:00:00,0,0,15,1016,3,0,0,0,0
607469558,NODE_B0CBD8F33218,root,1,00:00:00:00:00:00,0,0,15,1016,3,0,0,0,0
607569568,NODE_B0CBD8F33218,root,1,00:00:00:00:00:00,0,0,15,1016,3,0,0,0,0
607669564,NODE_B0CBD8F33218,root,1,00:00:00:00:00:00,0,0,15,1016,3,0,0,0,0
607769562,NODE_B0CBD8F33218,root,1,00:00:00:00:00:00,0,0,15,1016,3,0,0,0,0
607869572,NODE_B0CBD8F33218,root,1,00:00:00:00:00:00,0,0,15,1017,3,0,0,0,0
607969564,NODE_B0CBD8F33218,root,1,00:00:00:00:00:00,0,0,15,1017,3,0,0,0,0
608069938,NODE_B0CBD8F33218,root,1,00:00:00:00:00:00,0,0,15,1018,3,0,0,0,0
608169568,NODE_B0CBD8F33218,root,1,00:00:00:00:00:00,0,0,15,1018,3,0,0,0,0
608269568,NODE_B0CBD8F33218,root,1,00:00:00:00:00:00,0,0,15,1018,3,0,0,0,0
608369570,NODE_B0CBD8F33218,root,1,00:00:00:00:00:00,0,0,15,1018,3,0,0,0,0
608469564,NODE_B0CBD8F33218,root,1,00:00:00:00:00:00,0,0,15,1018,3,0,0,0,0
608569568,NODE_B0CBD8F33218,root,1,00:00:00:00:00:00,0,0,15,1018,3,0,0,0,0
608669570,NODE_B0CBD8F33218,root,1,00:00:00:00:00:00,0,0,15,1018,3,0,0,0,0
608769560,NODE_B0CBD8F33218,root,1,00:00:00:00:00:00,0,0,15,1018,3,0,0,0,0
608869572,NODE_B0CBD8F33218,root,1,00:00:00:00:00:00,0,0,15,1019,3,0,0,0,0
608969562,NODE_B0CBD8F33218,root,1,00:00:00:00:00:00,0,0,15,1019,3,0,0,0,0
609069912,NODE_B0CBD8F33218,root,1,00:00:00:00:00:00,0,0,15,1020,3,0,0,0,0
609169565,NODE_B0CBD8F33218,root,1,00:00:00:00:00:00,0,0,15,1020,3,0,0,0,0
609269570,NODE_B0CBD8F33218,root,1,00:00:00:00:00:00,0,0,15,1020,3,0,0,0,0
609369568,NODE_B0CBD8F33218,root,1,00:00:00:00:00:00,0,0,15,1020,3,0,0,0,0
609469564,NODE_B0CBD8F33218,root,1,00:00:00:00:00:00,0,0,15,1020,3,0,0,0,0
609569570,NODE_B0CBD8F33218,root,1,00:00:00:00:00:00,0,0,15,1020,3,0,0,0,0
609669568,NODE_B0CBD8F33218,root,1,00:00:00:00:00:00,0,0,15,1020,3,0,0,0,0
609769560,NODE_B0CBD8F33218,root,1,00:00:00:00:00:00,0,0,15,1020,3,0,0,0,0
609869570,NODE_B0CBD8F33218,root,1,00:00:00:00:00:00,0,0,15,1021,3,0,0,0,0
609969564,NODE_B0CBD8F33218,root,1,00:00:00:00:00:00,0,0,15,1021,3,0,0,0,0
610069885,NODE_B0CBD8F33218,root,1,00:00:00:00:00:00,0,0,15,1022,3,0,0,0,0
610169566,NODE_B0CBD8F33218,root,1,00:00:00:00:00:00,0,0,15,1022,3,0,0,0,0
610269568,NODE_B0CBD8F33218,root,1,00:00:00:00:00:00,0,0,15,1022,3,0,0,0,0
610369568,NODE_B0CBD8F33218,root,1,00:00:00:00:00:00,0,0,15,1022,3,0,0,0,0
610469566,NODE_B0CBD8F33218,root,1,00:00:00:00:00:00,0,0,15,1022,3,0,0,0,0
610569568,NODE_B0CBD8F33218,root,1,00:00:00:00:00:00,0,0,15,1022,3,0,0,0,0
610669568,NODE_B0CBD8F33218,root,1,00:00:00:00:00:00,0,0,15,1022,3,0,0,0,0
610769562,NODE_B0CBD8F33218,root,1,00:00:00:00:00:00,0,0,15,1022,3,0,0,0,0
610870367,NODE_B0CBD8F33218,root,1,00:00:00:00:00:00,0,0,15,1023,3,0,0,0,0
610969564,NODE_B0CBD8F33218,root,1,00:00:00:00:00:00,0,0,15,1023,3,0,0,0,0
611069863,NODE_B0CBD8F33218,root,1,00:00:00:00:00:00,0,0,15,1024,3,0,0,0,0
611169564,NODE_B0CBD8F33218,root,1,00:00:00:00:00:00,0,0,15,1024,3,0,0,0,0
611269564,NODE_B0CBD8F33218,root,1,00:00:00:00:00:00,0,0,15,1024,3,0,0,0,0
611369566,NODE_B0CBD8F33218,root,1,00:00:00:00:00:00,0,0,15,1024,3,0,0,0,0
611469560,NODE_B0CBD8F33218,root,1,00:00:00:00:00:00,0,0,15,1024,3,0,0,0,0
611569564,NODE_B0CBD8F33218,root,1,00:00:00:00:00:00,0,0,15,1024,3,0,0,0,0
611669566,NODE_B0CBD8F33218,root,1,00:00:00:00:00:00,0,0,15,1024,3,0,0,0,0
611769560,NODE_B0CBD8F33218,root,1,00:00:00:00:00:00,0,0,15,1024,3,0,0,0,0
611869568,NODE_B0CBD8F33218,root,1,00:00:00:00:00:00,0,0,15,1025,3,0,0,0,0
611969558,NODE_B0CBD8F33218,root,1,00:00:00:00:00:00,0,0,15,1025,3,0,0,0,0
612069564,NODE_B0CBD8F33218,root,1,00:00:00:00:00:00,0,0,15,1025,3,0,0,0,0
612169568,NODE_B0CBD8F33218,root,1,00:00:00:00:00:00,0,0,15,1026,3,0,0,0,0
612269566,NODE_B0CBD8F33218,root,1,00:00:00:00:00:00,0,0,15,1026,3,0,0,0,0
612369564,NODE_B0CBD8F33218,root,1,00:00:00:00:00:00,0,0,15,1026,3,0,0,0,0
612469560,NODE_B0CBD8F33218,root,1,00:00:00:00:00:00,0,0,15,1026,3,0,0,0,0
612569566,NODE_B0CBD8F33218,root,1,00:00:00:00:00:00,0,0,15,1026,3,0,0,0,0
612669564,NODE_B0CBD8F33218,root,1,00:00:00:00:00:00,0,0,15,1026,3,0,0,0,0
612769560,NODE_B0CBD8F33218,root,1,00:00:00:00:00:00,0,0,15,1026,3,0,0,0,0
612869570,NODE_B0CBD8F33218,root,1,00:00:00:00:00:00,0,0,15,1027,3,0,0,0,0
612969564,NODE_B0CBD8F33218,root,1,00:00:00:00:00:00,0,0,15,1027,3,0,0,0,0
613069564,NODE_B0CBD8F33218,root,1,00:00:00:00:00:00,0,0,15,1027,3,0,0,0,0
613169574,NODE_B0CBD8F33218,root,1,00:00:00:00:00:00,0,0,15,1028,3,0,0,0,0
613269564,NODE_B0CBD8F33218,root,1,00:00:00:00:00:00,0,0,15,1028,3,0,0,0,0
613369564,NODE_B0CBD8F33218,root,1,00:00:00:00:00:00,0,0,15,1028,3,0,0,0,0
613469566,NODE_B0CBD8F33218,root,1,00:00:00:00:00:00,0,0,15,1028,3,0,0,0,0
613569568,NODE_B0CBD8F33218,root,1,00:00:00:00:00:00,0,0,15,1028,3,0,0,0,0
613669568,NODE_B0CBD8F33218,root,1,00:00:00:00:00:00,0,0,15,1028,3,0,0,0,0
613769562,NODE_B0CBD8F33218,root,1,00:00:00:00:00:00,0,0,15,1028,3,0,0,0,0
613869572,NODE_B0CBD8F33218,root,1,00:00:00:00:00:00,0,0,15,1029,3,0,0,0,0
613969564,NODE_B0CBD8F33218,root,1,00:00:00:00:00:00,0,0,15,1029,3,0,0,0,0
614069570,NODE_B0CBD8F33218,root,1,00:00:00:00:00:00,0,0,15,1029,3,0,0,0,0
614169568,NODE_B0CBD8F33218,root,1,00:00:00:00:00:00,0,0,15,1030,3,0,0,0,0
614269564,NODE_B0CBD8F33218,root,1,00:00:00:00:00:00,0,0,15,1030,3,0,0,0,0
614369566,NODE_B0CBD8F33218,root,1,00:00:00:00:00:00,0,0,15,1030,3,0,0,0,0
614469560,NODE_B0CBD8F33218,root,1,00:00:00:00:00:00,0,0,15,1030,3,0,0,0,0
614569564,NODE_B0CBD8F33218,root,1,00:00:00:00:00:00,0,0,15,1030,3,0,0,0,0
614669566,NODE_B0CBD8F33218,root,1,00:00:00:00:00:00,0,0,15,1030,3,0,0,0,0
614769560,NODE_B0CBD8F33218,root,1,00:00:00:00:00:00,0,0,15,1030,3,0,0,0,0
614869568,NODE_B0CBD8F33218,root,1,00:00:00:00:00:00,0,0,15,1031,3,0,0,0,0
614969562,NODE_B0CBD8F33218,root,1,00:00:00:00:00:00,0,0,15,1031,3,0,0,0,0
615069564,NODE_B0CBD8F33218,root,1,00:00:00:00:00:00,0,0,15,1031,3,0,0,0,0
615169568,NODE_B0CBD8F33218,root,1,00:00:00:00:00:00,0,0,15,1032,3,0,0,0,0
615269566,NODE_B0CBD8F33218,root,1,00:00:00:00:00:00,0,0,15,1032,3,0,0,0,0
615369564,NODE_B0CBD8F33218,root,1,00:00:00:00:00:00,0,0,15,1032,3,0,0,0,0
615469560,NODE_B0CBD8F33218,root,1,00:00:00:00:00:00,0,0,15,1032,3,0,0,0,0
615569570,NODE_B0CBD8F33218,root,1,00:00:00:00:00:00,0,0,15,1032,3,0,0,0,0
615669564,NODE_B0CBD8F33218,root,1,00:00:00:00:00:00,0,0,15,1032,3,0,0,0,0
615769560,NODE_B0CBD8F33218,root,1,00:00:00:00:00:00,0,0,15,1032,3,0,0,0,0
615869693,NODE_B0CBD8F33218,root,1,00:00:00:00:00:00,0,0,15,1033,3,0,0,0,0
615969564,NODE_B0CBD8F33218,root,1,00:00:00:00:00:00,0,0,15,1033,3,0,0,0,0
616069564,NODE_B0CBD8F33218,root,1,00:00:00:00:00:00,0,0,15,1033,3,0,0,0,0
616169570,NODE_B0CBD8F33218,root,1,00:00:00:00:00:00,0,0,15,1034,3,0,0,0,0
616269564,NODE_B0CBD8F33218,root,1,00:00:00:00:00:00,0,0,15,1034,3,0,0,0,0
616369564,NODE_B0CBD8F33218,root,1,00:00:00:00:00:00,0,0,15,1034,3,0,0,0,0
616469566,NODE_B0CBD8F33218,root,1,00:00:00:00:00:00,0,0,15,1034,3,0,0,0,0
616569564,NODE_B0CBD8F33218,root,1,00:00:00:00:00:00,0,0,15,1034,3,0,0,0,0
616669564,NODE_B0CBD8F33218,root,1,00:00:00:00:00:00,0,0,15,1034,3,0,0,0,0
616769562,NODE_B0CBD8F33218,root,1,00:00:00:00:00:00,0,0,15,1034,3,0,0,0,0
616869568,NODE_B0CBD8F33218,root,1,00:00:00:00:00:00,0,0,15,1035,3,0,0,0,0
616969560,NODE_B0CBD8F33218,root,1,00:00:00:00:00:00,0,0,15,1035,3,0,0,0,0
617069574,NODE_B0CBD8F33218,root,1,00:00:00:00:00:00,0,0,15,1035,3,0,0,0,0
617169568,NODE_B0CBD8F33218,root,1,00:00:00:00:00:00,0,0,15,1036,3,0,0,0,0
617269564,NODE_B0CBD8F33218,root,1,00:00:00:00:00:00,0,0,15,1036,3,0,0,0,0
617369566,NODE_B0CBD8F33218,root,1,00:00:00:00:00:00,0,0,15,1036,3,0,0,0,0
617469560,NODE_B0CBD8F33218,root,1,00:00:00:00:00:00,0,0,15,1036,3,0,0,0,0
617569564,NODE_B0CBD8F33218,root,1,00:00:00:00:00:00,0,0,15,1036,3,0,0,0,0
617669566,NODE_B0CBD8F33218,root,1,00:00:00:00:00:00,0,0,15,1036,3,0,0,0,0
617769560,NODE_B0CBD8F33218,root,1,00:00:00:00:00:00,0,0,15,1036,3,0,0,0,0
617869568,NODE_B0CBD8F33218,root,1,00:00:00:00:00:00,0,0,15,1037,3,0,0,0,0
617969562,NODE_B0CBD8F33218,root,1,00:00:00:00:00:00,0,0,15,1037,3,0,0,0,0
618069564,NODE_B0CBD8F33218,root,1,00:00:00:00:00:00,0,0,15,1037,3,0,0,0,0
618169572,NODE_B0CBD8F33218,root,1,00:00:00:00:00:00,0,0,15,1038,3,0,0,0,0
618269566,NODE_B0CBD8F33218,root,1,00:00:00:00:00:00,0,0,15,1038,3,0,0,0,0
618369564,NODE_B0CBD8F33218,root,1,00:00:00:00:00:00,0,0,15,1038,3,0,0,0,0
618469560,NODE_B0CBD8F33218,root,1,00:00:00:00:00:00,0,0,15,1038,3,0,0,0,0
618569566,NODE_B0CBD8F33218,root,1,00:00:00:00:00:00,0,0,15,1038,3,0,0,0,0
618669564,NODE_B0CBD8F33218,root,1,00:00:00:00:00:00,0,0,15,1038,3,0,0,0,0
618769560,NODE_B0CBD8F33218,root,1,00:00:00:00:00:00,0,0,15,1038,3,0,0,0,0
618869570,NODE_B0CBD8F33218,root,1,00:00:00:00:00:00,0,0,15,1039,3,0,0,0,0
618969564,NODE_B0CBD8F33218,root,1,00:00:00:00:00:00,0,0,15,1039,3,0,0,0,0
619069564,NODE_B0CBD8F33218,root,1,00:00:00:00:00:00,0,0,15,1039,3,0,0,0,0
619170363,NODE_B0CBD8F33218,root,1,00:00:00:00:00:00,0,0,15,1040,3,0,0,0,0
619269564,NODE_B0CBD8F33218,root,1,00:00:00:00:00:00,0,0,15,1040,3,0,0,0,0
619369564,NODE_B0CBD8F33218,root,1,00:00:00:00:00:00,0,0,15,1040,3,0,0,0,0
619469566,NODE_B0CBD8F33218,root,1,00:00:00:00:00:00,0,0,15,1040,3,0,0,0,0
619569564,NODE_B0CBD8F33218,root,1,00:00:00:00:00:00,0,0,15,1040,3,0,0,0,0
619669564,NODE_B0CBD8F33218,root,1,00:00:00:00:00:00,0,0,15,1040,3,0,0,0,0
619769562,NODE_B0CBD8F33218,root,1,00:00:00:00:00:00,0,0,15,1040,3,0,0,0,0
619869568,NODE_B0CBD8F33218,root,1,00:00:00:00:00:00,0,0,15,1041,3,0,0,0,0
619969560,NODE_B0CBD8F33218,root,1,00:00:00:00:00:00,0,0,15,1041,3,0,0,0,0
620069566,NODE_B0CBD8F33218,root,1,00:00:00:00:00:00,0,0,15,1041,3,0,0,0,0
620169568,NODE_B0CBD8F33218,root,1,00:00:00:00:00:00,0,0,15,1042,3,0,0,0,0
620269564,NODE_B0CBD8F33218,root,1,00:00:00:00:00:00,0,0,15,1042,3,0,0,0,0
620369566,NODE_B0CBD8F33218,root,1,00:00:00:00:00:00,0,0,15,1042,3,0,0,0,0
620469560,NODE_B0CBD8F33218,root,1,00:00:00:00:00:00,0,0,15,1042,3,0,0,0,0
620569564,NODE_B0CBD8F33218,root,1,00:00:00:00:00:00,0,0,15,1042,3,0,0,0,0
620669566,NODE_B0CBD8F33218,root,1,00:00:00:00:00:00,0,0,15,1042,3,0,0,0,0
620769564,NODE_B0CBD8F33218,root,1,00:00:00:00:00:00,0,0,15,1042,3,0,0,0,0
620869572,NODE_B0CBD8F33218,root,1,00:00:00:00:00:00,0,0,15,1043,3,0,0,0,0
620969562,NODE_B0CBD8F33218,root,1,00:00:00:00:00:00,0,0,15,1043,3,0,0,0,0
621069564,NODE_B0CBD8F33218,root,1,00:00:00:00:00:00,0,0,15,1043,3,0,0,0,0
621169568,NODE_B0CBD8F33218,root,1,00:00:00:00:00:00,0,0,15,1044,3,0,0,0,0
621269566,NODE_B0CBD8F33218,root,1,00:00:00:00:00:00,0,0,15,1044,3,0,0,0,0
621369564,NODE_B0CBD8F33218,root,1,00:00:00:00:00:00,0,0,15,1044,3,0,0,0,0
621469556,NODE_B0CBD8F33218,root,1,00:00:00:00:00:00,0,0,15,1044,3,0,0,0,0
621569566,NODE_B0CBD8F33218,root,1,00:00:00:00:00:00,0,0,15,1044,3,0,0,0,0
621669564,NODE_B0CBD8F33218,root,1,00:00:00:00:00:00,0,0,15,1044,3,0,0,0,0
621769564,NODE_B0CBD8F33218,root,1,00:00:00:00:00:00,0,0,15,1044,3,0,0,0,0
621869566,NODE_B0CBD8F33218,root,1,00:00:00:00:00:00,0,0,15,1045,3,0,0,0,0
621969560,NODE_B0CBD8F33218,root,1,00:00:00:00:00:00,0,0,15,1045,3,0,0,0,0
622069564,NODE_B0CBD8F33218,root,1,00:00:00:00:00:00,0,0,15,1045,3,0,0,0,0
622169570,NODE_B0CBD8F33218,root,1,00:00:00:00:00:00,0,0,15,1046,3,0,0,0,0
622269564,NODE_B0CBD8F33218,root,1,00:00:00:00:00:00,0,0,15,1046,3,0,0,0,0
622369564,NODE_B0CBD8F33218,root,1,00:00:00:00:00:00,0,0,15,1046,3,0,0,0,0
622469566,NODE_B0CBD8F33218,root,1,00:00:00:00:00:00,0,0,15,1046,3,0,0,0,0
622569564,NODE_B0CBD8F33218,root,1,00:00:00:00:00:00,0,0,15,1046,3,0,0,0,0
622669564,NODE_B0CBD8F33218,root,1,00:00:00:00:00:00,0,0,15,1046,3,0,0,0,0
622769566,NODE_B0CBD8F33218,root,1,00:00:00:00:00:00,0,0,15,1046,3,0,0,0,0
622869568,NODE_B0CBD8F33218,root,1,00:00:00:00:00:00,0,0,15,1047,3,0,0,0,0
622969564,NODE_B0CBD8F33218,root,1,00:00:00:00:00:00,0,0,15,1047,3,0,0,0,0
623069566,NODE_B0CBD8F33218,root,1,00:00:00:00:00:00,0,0,15,1047,3,0,0,0,0
623169572,NODE_B0CBD8F33218,root,1,00:00:00:00:00:00,0,0,15,1048,3,0,0,0,0
623269564,NODE_B0CBD8F33218,root,1,00:00:00:00:00:00,0,0,15,1048,3,0,0,0,0
623369566,NODE_B0CBD8F33218,root,1,00:00:00:00:00:00,0,0,15,1048,3,0,0,0,0
623469560,NODE_B0CBD8F33218,root,1,00:00:00:00:00:00,0,0,15,1048,3,0,0,0,0
623569564,NODE_B0CBD8F33218,root,1,00:00:00:00:00:00,0,0,15,1048,3,0,0,0,0
623669566,NODE_B0CBD8F33218,root,1,00:00:00:00:00:00,0,0,15,1048,3,0,0,0,0
623769564,NODE_B0CBD8F33218,root,1,00:00:00:00:00:00,0,0,15,1048,3,0,0,0,0
623869568,NODE_B0CBD8F33218,root,1,00:00:00:00:00:00,0,0,15,1049,3,0,0,0,0
623969562,NODE_B0CBD8F33218,root,1,00:00:00:00:00:00,0,0,15,1049,3,0,0,0,0
624069564,NODE_B0CBD8F33218,root,1,00:00:00:00:00:00,0,0,15,1049,3,0,0,0,0
624169576,NODE_B0CBD8F33218,root,1,00:00:00:00:00:00,0,0,15,1050,3,0,0,0,0
624269566,NODE_B0CBD8F33218,root,1,00:00:00:00:00:00,0,0,15,1050,3,0,0,0,0
624369568,NODE_B0CBD8F33218,root,1,00:00:00:00:00:00,0,0,15,1050,3,0,0,0,0
624469560,NODE_B0CBD8F33218,root,1,00:00:00:00:00:00,0,0,15,1050,3,0,0,0,0
624569570,NODE_B0CBD8F33218,root,1,00:00:00:00:00:00,0,0,15,1050,3,0,0,0,0
624669568,NODE_B0CBD8F33218,root,1,00:00:00:00:00:00,0,0,15,1050,3,0,0,0,0
624769564,NODE_B0CBD8F33218,root,1,00:00:00:00:00:00,0,0,15,1050,3,0,0,0,0
624869570,NODE_B0CBD8F33218,root,1,00:00:00:00:00:00,0,0,15,1051,3,0,0,0,0
624969564,NODE_B0CBD8F33218,root,1,00:00:00:00:00:00,0,0,15,1051,3,0,0,0,0
625069568,NODE_B0CBD8F33218,root,1,00:00:00:00:00:00,0,0,15,1051,3,0,0,0,0
625169574,NODE_B0CBD8F33218,root,1,00:00:00:00:00:00,0,0,15,1052,3,0,0,0,0
625269568,NODE_B0CBD8F33218,root,1,00:00:00:00:00:00,0,0,15,1052,3,0,0,0,0
625369568,NODE_B0CBD8F33218,root,1,00:00:00:00:00:00,0,0,15,1052,3,0,0,0,0
625469570,NODE_B0CBD8F33218,root,1,00:00:00:00:00:00,0,0,15,1052,3,0,0,0,0
625569568,NODE_B0CBD8F33218,root,1,00:00:00:00:00:00,0,0,15,1052,3,0,0,0,0
625669568,NODE_B0CBD8F33218,root,1,00:00:00:00:00:00,0,0,15,1052,3,0,0,0,0
625769562,NODE_B0CBD8F33218,root,1,00:00:00:00:00:00,0,0,15,1052,3,0,0,0,0
625870367,NODE_B0CBD8F33218,root,1,00:00:00:00:00:00,0,0,15,1053,3,0,0,0,0
625969572,NODE_B0CBD8F33218,root,1,00:00:00:00:00:00,0,0,15,1053,3,0,0,0,0
626069566,NODE_B0CBD8F33218,root,1,00:00:00:00:00:00,0,0,15,1053,3,0,0,0,0
626169568,NODE_B0CBD8F33218,root,1,00:00:00:00:00:00,0,0,15,1054,3,0,0,0,0
626269564,NODE_B0CBD8F33218,root,1,00:00:00:00:00:00,0,0,15,1054,3,0,0,0,0
626369566,NODE_B0CBD8F33218,root,1,00:00:00:00:00:00,0,0,15,1054,3,0,0,0,0
626469560,NODE_B0CBD8F33218,root,1,00:00:00:00:00:00,0,0,15,1054,3,0,0,0,0
626569564,NODE_B0CBD8F33218,root,1,00:00:00:00:00:00,0,0,15,1054,3,0,0,0,0
626669566,NODE_B0CBD8F33218,root,1,00:00:00:00:00:00,0,0,15,1054,3,0,0,0,0
626769560,NODE_B0CBD8F33218,root,1,00:00:00:00:00:00,0,0,15,1054,3,0,0,0,0
626869568,NODE_B0CBD8F33218,root,1,00:00:00:00:00:00,0,0,15,1055,3,0,0,0,0
626969558,NODE_B0CBD8F33218,root,1,00:00:00:00:00:00,0,0,15,1055,3,0,0,0,0
627069564,NODE_B0CBD8F33218,root,1,00:00:00:00:00:00,0,0,15,1055,3,0,0,0,0
627169568,NODE_B0CBD8F33218,root,1,00:00:00:00:00:00,0,0,15,1056,3,0,0,0,0
627269566,NODE_B0CBD8F33218,root,1,00:00:00:00:00:00,0,0,15,1056,3,0,0,0,0
627369564,NODE_B0CBD8F33218,root,1,00:00:00:00:00:00,0,0,15,1056,3,0,0,0,0
627469560,NODE_B0CBD8F33218,root,1,00:00:00:00:00:00,0,0,15,1056,3,0,0,0,0
627569566,NODE_B0CBD8F33218,root,1,00:00:00:00:00:00,0,0,15,1056,3,0,0,0,0
627669564,NODE_B0CBD8F33218,root,1,00:00:00:00:00:00,0,0,15,1056,3,0,0,0,0
627769560,NODE_B0CBD8F33218,root,1,00:00:00:00:00:00,0,0,15,1056,3,0,0,0,0
627869570,NODE_B0CBD8F33218,root,1,00:00:00:00:00:00,0,0,15,1057,3,0,0,0,0
627969564,NODE_B0CBD8F33218,root,1,00:00:00:00:00:00,0,0,15,1057,3,0,0,0,0
628069564,NODE_B0CBD8F33218,root,1,00:00:00:00:00:00,0,0,15,1057,3,0,0,0,0
628169570,NODE_B0CBD8F33218,root,1,00:00:00:00:00:00,0,0,15,1058,3,0,0,0,0
628269564,NODE_B0CBD8F33218,root,1,00:00:00:00:00:00,0,0,15,1058,3,0,0,0,0
628369564,NODE_B0CBD8F33218,root,1,00:00:00:00:00:00,0,0,15,1058,3,0,0,0,0
628469574,NODE_B0CBD8F33218,root,1,00:00:00:00:00:00,0,0,15,1058,3,0,0,0,0
628569565,NODE_B0CBD8F33218,root,1,00:00:00:00:00:00,0,0,15,1058,3,0,0,0,0
628669564,NODE_B0CBD8F33218,root,1,00:00:00:00:00:00,0,0,15,1058,3,0,0,0,0
628769562,NODE_B0CBD8F33218,root,1,00:00:00:00:00:00,0,0,15,1058,3,0,0,0,0
628869568,NODE_B0CBD8F33218,root,1,00:00:00:00:00:00,0,0,15,1059,3,0,0,0,0
628969560,NODE_B0CBD8F33218,root,1,00:00:00:00:00:00,0,0,15,1059,3,0,0,0,0
629069566,NODE_B0CBD8F33218,root,1,00:00:00:00:00:00,0,0,15,1059,3,0,0,0,0
629169568,NODE_B0CBD8F33218,root,1,00:00:00:00:00:00,0,0,15,1060,3,0,0,0,0
629269564,NODE_B0CBD8F33218,root,1,00:00:00:00:00:00,0,0,15,1060,3,0,0,0,0
629369566,NODE_B0CBD8F33218,root,1,00:00:00:00:00:00,0,0,15,1060,3,0,0,0,0
629469560,NODE_B0CBD8F33218,root,1,00:00:00:00:00:00,0,0,15,1060,3,0,0,0,0
629569564,NODE_B0CBD8F33218,root,1,00:00:00:00:00:00,0,0,15,1060,3,0,0,0,0
629669570,NODE_B0CBD8F33218,root,1,00:00:00:00:00:00,0,0,15,1060,3,0,0,0,0
629769560,NODE_B0CBD8F33218,root,1,00:00:00:00:00:00,0,0,15,1060,3,0,0,0,0
629869568,NODE_B0CBD8F33218,root,1,00:00:00:00:00:00,0,0,15,1061,3,0,0,0,0
629969570,NODE_B0CBD8F33218,root,1,00:00:00:00:00:00,0,0,15,1061,3,0,0,0,0
630069568,NODE_B0CBD8F33218,root,1,00:00:00:00:00:00,0,0,15,1061,3,0,0,0,0
630169572,NODE_B0CBD8F33218,root,1,00:00:00:00:00:00,0,0,15,1062,3,0,0,0,0
630269570,NODE_B0CBD8F33218,root,1,00:00:00:00:00:00,0,0,15,1062,3,0,0,0,0
630369568,NODE_B0CBD8F33218,root,1,00:00:00:00:00:00,0,0,15,1062,3,0,0,0,0
630469560,NODE_B0CBD8F33218,root,1,00:00:00:00:00:00,0,0,15,1062,3,0,0,0,0
630569570,NODE_B0CBD8F33218,root,1,00:00:00:00:00:00,0,0,15,1062,3,0,0,0,0
630669568,NODE_B0CBD8F33218,root,1,00:00:00:00:00:00,0,0,15,1062,3,0,0,0,0
630769560,NODE_B0CBD8F33218,root,1,00:00:00:00:00:00,0,0,15,1062,3,0,0,0,0
630869574,NODE_B0CBD8F33218,root,1,00:00:00:00:00:00,0,0,15,1063,3,0,0,0,0
630969568,NODE_B0CBD8F33218,root,1,00:00:00:00:00:00,0,0,15,1063,3,0,0,0,0
631069568,NODE_B0CBD8F33218,root,1,00:00:00:00:00:00,0,0,15,1063,3,0,0,0,0
631169578,NODE_B0CBD8F33218,root,1,00:00:00:00:00:00,0,0,15,1064,3,0,0,0,0
631269568,NODE_B0CBD8F33218,root,1,00:00:00:00:00:00,0,0,15,1064,3,0,0,0,0
631369568,NODE_B0CBD8F33218,root,1,00:00:00:00:00:00,0,0,15,1064,3,0,0,0,0
631469566,NODE_B0CBD8F33218,root,1,00:00:00:00:00:00,0,0,15,1064,3,0,0,0,0
631569568,NODE_B0CBD8F33218,root,1,00:00:00:00:00:00,0,0,15,1064,3,0,0,0,0
631669568,NODE_B0CBD8F33218,root,1,00:00:00:00:00:00,0,0,15,1064,3,0,0,0,0
631769562,NODE_B0CBD8F33218,root,1,00:00:00:00:00:00,0,0,15,1064,3,0,0,0,0
631869568,NODE_B0CBD8F33218,root,1,00:00:00:00:00:00,0,0,15,1065,3,0,0,0,0
631969564,NODE_B0CBD8F33218,root,1,00:00:00:00:00:00,0,0,15,1065,3,0,0,0,0
632069570,NODE_B0CBD8F33218,root,1,00:00:00:00:00:00,0,0,15,1065,3,0,0,0,0
632169572,NODE_B0CBD8F33218,root,1,00:00:00:00:00:00,0,0,15,1066,3,0,0,0,0
632283497,NODE_B0CBD8F33218,root,1,00:00:00:00:00:00,0,0,15,1066,3,0,0,0,0
632369570,NODE_B0CBD8F33218,root,1,00:00:00:00:00:00,0,0,15,1066,3,0,0,0,0
632469560,NODE_B0CBD8F33218,root,1,00:00:00:00:00:00,0,0,15,1066,3,0,0,0,0
632569568,NODE_B0CBD8F33218,root,1,00:00:00:00:00:00,0,0,15,1066,3,0,0,0,0
632669566,NODE_B0CBD8F33218,root,1,00:00:00:00:00:00,0,0,15,1066,3,0,0,0,0
632769561,NODE_B0CBD8F33218,root,1,00:00:00:00:00:00,0,0,15,1066,3,0,0,0,0
632869572,NODE_B0CBD8F33218,root,1,00:00:00:00:00:00,0,0,15,1067,3,0,0,0,0
632969570,NODE_B0CBD8F33218,root,1,00:00:00:00:00:00,0,0,15,1067,3,0,0,0,0
633069568,NODE_B0CBD8F33218,root,1,00:00:00:00:00:00,0,0,15,1067,3,0,0,0,0
633169572,NODE_B0CBD8F33218,root,1,00:00:00:00:00:00,0,0,15,1068,3,0,0,0,0
633269570,NODE_B0CBD8F33218,root,1,00:00:00:00:00:00,0,0,15,1068,3,0,0,0,0
633369568,NODE_B0CBD8F33218,root,1,00:00:00:00:00:00,0,0,15,1068,3,0,0,0,0
633469560,NODE_B0CBD8F33218,root,1,00:00:00:00:00:00,0,0,15,1068,3,0,0,0,0
633569570,NODE_B0CBD8F33218,root,1,00:00:00:00:00:00,0,0,15,1068,3,0,0,0,0
633669568,NODE_B0CBD8F33218,root,1,00:00:00:00:00:00,0,0,15,1068,3,0,0,0,0
633769560,NODE_B0CBD8F33218,root,1,00:00:00:00:00:00,0,0,15,1068,3,0,0,0,0
633869578,NODE_B0CBD8F33218,root,1,00:00:00:00:00:00,0,0,15,1069,3,0,0,0,0
633969568,NODE_B0CBD8F33218,root,1,00:00:00:00:00:00,0,0,15,1069,3,0,0,0,0
634069568,NODE_B0CBD8F33218,root,1,00:00:00:00:00:00,0,0,15,1069,3,0,0,0,0
634169574,NODE_B0CBD8F33218,root,1,00:00:00:00:00:00,0,0,15,1070,3,0,0,0,0
634269568,NODE_B0CBD8F33218,root,1,00:00:00:00:00:00,0,0,15,1070,3,0,0,0,0
634369568,NODE_B0CBD8F33218,root,1,00:00:00:00:00:00,0,0,15,1070,3,0,0,0,0
634469566,NODE_B0CBD8F33218,root,1,00:00:00:00:00:00,0,0,15,1070,3,0,0,0,0
634569568,NODE_B0CBD8F33218,root,1,00:00:00:00:00:00,0,0,15,1070,3,0,0,0,0
634669568,NODE_B0CBD8F33218,root,1,00:00:00:00:00:00,0,0,15,1070,3,0,0,0,0
634769562,NODE_B0CBD8F33218,root,1,00:00:00:00:00:00,0,0,15,1070,3,0,0,0,0
634869568,NODE_B0CBD8F33218,root,1,00:00:00:00:00:00,0,0,15,1071,3,0,0,0,0
634969560,NODE_B0CBD8F33218,root,1,00:00:00:00:00:00,0,0,15,1071,3,0,0,0,0
635069574,NODE_B0CBD8F33218,root,1,00:00:00:00:00:00,0,0,15,1071,3,0,0,0,0
635169572,NODE_B0CBD8F33218,root,1,00:00:00:00:00:00,0,0,15,1072,3,0,0,0,0
635269568,NODE_B0CBD8F33218,root,1,00:00:00:00:00:00,0,0,15,1072,3,0,0,0,0
635369570,NODE_B0CBD8F33218,root,1,00:00:00:00:00:00,0,0,15,1072,3,0,0,0,0
635469560,NODE_B0CBD8F33218,root,1,00:00:00:00:00:00,0,0,15,1072,3,0,0,0,0
635569568,NODE_B0CBD8F33218,root,1,00:00:00:00:00:00,0,0,15,1072,3,0,0,0,0
635669559,NODE_B0CBD8F33218,root,1,00:00:00:00:00:00,0,0,15,1072,3,0,0,0,0
635769560,NODE_B0CBD8F33218,root,1,00:00:00:00:00:00,0,0,15,1072,3,0,0,0,0
635869572,NODE_B0CBD8F33218,root,1,00:00:00:00:00:00,0,0,15,1073,3,0,0,0,0
635969566,NODE_B0CBD8F33218,root,1,00:00:00:00:00:00,0,0,15,1073,3,0,0,0,0
636069568,NODE_B0CBD8F33218,root,1,00:00:00:00:00:00,0,0,15,1073,3,0,0,0,0
636169572,NODE_B0CBD8F33218,root,1,00:00:00:00:00:00,0,0,15,1074,3,0,0,0,0
636269570,NODE_B0CBD8F33218,root,1,00:00:00:00:00:00,0,0,15,1074,3,0,0,0,0
636369568,NODE_B0CBD8F33218,root,1,00:00:00:00:00:00,0,0,15,1074,3,0,0,0,0
636469560,NODE_B0CBD8F33218,root,1,00:00:00:00:00:00,0,0,15,1074,3,0,0,0,0
636569570,NODE_B0CBD8F33218,root,1,00:00:00:00:00:00,0,0,15,1074,3,0,0,0,0
636669568,NODE_B0CBD8F33218,root,1,00:00:00:00:00:00,0,0,15,1074,3,0,0,0,0
636769560,NODE_B0CBD8F33218,root,1,00:00:00:00:00:00,0,0,15,1074,3,0,0,0,0
636869570,NODE_B0CBD8F33218,root,1,00:00:00:00:00:00,0,0,15,1075,3,0,0,0,0
636969564,NODE_B0CBD8F33218,root,1,00:00:00:00:00:00,0,0,15,1075,3,0,0,0,0
637069568,NODE_B0CBD8F33218,root,1,00:00:00:00:00:00,0,0,15,1075,3,0,0,0,0
637169574,NODE_B0CBD8F33218,root,1,00:00:00:00:00:00,0,0,15,1076,3,0,0,0,0
637269568,NODE_B0CBD8F33218,root,1,00:00:00:00:00:00,0,0,15,1076,3,0,0,0,0
637369568,NODE_B0CBD8F33218,root,1,00:00:00:00:00:00,0,0,15,1076,3,0,0,0,0
637469566,NODE_B0CBD8F33218,root,1,00:00:00:00:00:00,0,0,15,1076,3,0,0,0,0
637569568,NODE_B0CBD8F33218,root,1,00:00:00:00:00:00,0,0,15,1076,3,0,0,0,0
637669564,NODE_B0CBD8F33218,root,1,00:00:00:00:00:00,0,0,15,1076,3,0,0,0,0
637769562,NODE_B0CBD8F33218,root,1,00:00:00:00:00:00,0,0,15,1076,3,0,0,0,0
637869572,NODE_B0CBD8F33218,root,1,00:00:00:00:00:00,0,0,15,1077,3,0,0,0,0
637969564,NODE_B0CBD8F33218,root,1,00:00:00:00:00:00,0,0,15,1077,3,0,0,0,0
638069570,NODE_B0CBD8F33218,root,1,00:00:00:00:00:00,0,0,15,1077,3,0,0,0,0
638169572,NODE_B0CBD8F33218,root,1,00:00:00:00:00:00,0,0,15,1078,3,0,0,0,0
638269568,NODE_B0CBD8F33218,root,1,00:00:00:00:00:00,0,0,15,1078,3,0,0,0,0
638369570,NODE_B0CBD8F33218,root,1,00:00:00:00:00:00,0,0,15,1078,3,0,0,0,0
638469560,NODE_B0CBD8F33218,root,1,00:00:00:00:00:00,0,0,15,1078,3,0,0,0,0
638569568,NODE_B0CBD8F33218,root,1,00:00:00:00:00:00,0,0,15,1078,3,0,0,0,0
638669570,NODE_B0CBD8F33218,root,1,00:00:00:00:00:00,0,0,15,1078,3,0,0,0,0
638769560,NODE_B0CBD8F33218,root,1,00:00:00:00:00:00,0,0,15,1078,3,0,0,0,0
638869749,NODE_B0CBD8F33218,root,1,00:00:00:00:00:00,0,0,15,1079,3,0,0,0,0
638969566,NODE_B0CBD8F33218,root,1,00:00:00:00:00:00,0,0,15,1079,3,0,0,0,0
639069564,NODE_B0CBD8F33218,root,1,00:00:00:00:00:00,0,0,15,1079,3,0,0,0,0
639169568,NODE_B0CBD8F33218,root,1,00:00:00:00:00:00,0,0,15,1080,3,0,0,0,0
639269566,NODE_B0CBD8F33218,root,1,00:00:00:00:00:00,0,0,15,1080,3,0,0,0,0
639369564,NODE_B0CBD8F33218,root,1,00:00:00:00:00:00,0,0,15,1080,3,0,0,0,0
639469560,NODE_B0CBD8F33218,root,1,00:00:00:00:00:00,0,0,15,1080,3,0,0,0,0
639569566,NODE_B0CBD8F33218,root,1,00:00:00:00:00:00,0,0,15,1080,3,0,0,0,0
639669564,NODE_B0CBD8F33218,root,1,00:00:00:00:00:00,0,0,15,1080,3,0,0,0,0
639769560,NODE_B0CBD8F33218,root,1,00:00:00:00:00:00,0,0,15,1080,3,0,0,0,0
639869570,NODE_B0CBD8F33218,root,1,00:00:00:00:00:00,0,0,15,1081,3,0,0,0,0
639969560,NODE_B0CBD8F33218,root,1,00:00:00:00:00:00,0,0,15,1081,3,0,0,0,0
640069564,NODE_B0CBD8F33218,root,1,00:00:00:00:00:00,0,0,15,1081,3,0,0,0,0
640169570,NODE_B0CBD8F33218,root,1,00:00:00:00:00:00,0,0,15,1082,3,0,0,0,0
640269564,NODE_B0CBD8F33218,root,1,00:00:00:00:00:00,0,0,15,1082,3,0,0,0,0
640369564,NODE_B0CBD8F33218,root,1,00:00:00:00:00:00,0,0,15,1082,3,0,0,0,0
640469570,NODE_B0CBD8F33218,root,1,00:00:00:00:00:00,0,0,15,1082,3,0,0,0,0
640569564,NODE_B0CBD8F33218,root,1,00:00:00:00:00:00,0,0,15,1082,3,0,0,0,0
640669568,NODE_B0CBD8F33218,root,1,00:00:00:00:00:00,0,0,15,1082,3,0,0,0,0
640769562,NODE_B0CBD8F33218,root,1,00:00:00:00:00:00,0,0,15,1082,3,0,0,0,0
640869572,NODE_B0CBD8F33218,root,1,00:00:00:00:00:00,0,0,15,1083,3,0,0,0,0
640969564,NODE_B0CBD8F33218,root,1,00:00:00:00:00:00,0,0,15,1083,3,0,0,0,0
641069570,NODE_B0CBD8F33218,root,1,00:00:00:00:00:00,0,0,15,1083,3,0,0,0,0
641169576,NODE_B0CBD8F33218,root,1,00:00:00:00:00:00,0,0,15,1084,3,0,0,0,0
641269568,NODE_B0CBD8F33218,root,1,00:00:00:00:00:00,0,0,15,1084,3,0,0,0,0
641369570,NODE_B0CBD8F33218,root,1,00:00:00:00:00:00,0,0,15,1084,3,0,0,0,0
641469560,NODE_B0CBD8F33218,root,1,00:00:00:00:00:00,0,0,15,1084,3,0,0,0,0
641569568,NODE_B0CBD8F33218,root,1,00:00:00:00:00:00,0,0,15,1084,3,0,0,0,0
641669570,NODE_B0CBD8F33218,root,1,00:00:00:00:00:00,0,0,15,1084,3,0,0,0,0
641769560,NODE_B0CBD8F33218,root,1,00:00:00:00:00:00,0,0,15,1084,3,0,0,0,0
641869568,NODE_B0CBD8F33218,root,1,00:00:00:00:00:00,0,0,15,1085,3,0,0,0,0
641969566,NODE_B0CBD8F33218,root,1,00:00:00:00:00:00,0,0,15,1085,3,0,0,0,0
642069568,NODE_B0CBD8F33218,root,1,00:00:00:00:00:00,0,0,15,1085,3,0,0,0,0
642169572,NODE_B0CBD8F33218,root,1,00:00:00:00:00:00,0,0,15,1086,3,0,0,0,0
642269570,NODE_B0CBD8F33218,root,1,00:00:00:00:00:00,0,0,15,1086,3,0,0,0,0
642369568,NODE_B0CBD8F33218,root,1,00:00:00:00:00:00,0,0,15,1086,3,0,0,0,0
642469560,NODE_B0CBD8F33218,root,1,00:00:00:00:00:00,0,0,15,1086,3,0,0,0,0
642569570,NODE_B0CBD8F33218,root,1,00:00:00:00:00:00,0,0,15,1086,3,0,0,0,0
642669558,NODE_B0CBD8F33218,root,1,00:00:00:00:00:00,0,0,15,1086,3,0,0,0,0
642769560,NODE_B0CBD8F33218,root,1,00:00:00:00:00:00,0,0,15,1086,3,0,0,0,0
642869765,NODE_B0CBD8F33218,root,1,00:00:00:00:00:00,0,0,15,1087,3,0,0,0,0
642969568,NODE_B0CBD8F33218,root,1,00:00:00:00:00:00,0,0,15,1087,3,0,0,0,0
643069568,NODE_B0CBD8F33218,root,1,00:00:00:00:00:00,0,0,15,1087,3,0,0,0,0
643169574,NODE_B0CBD8F33218,root,1,00:00:00:00:00:00,0,0,15,1088,3,0,0,0,0
643269568,NODE_B0CBD8F33218,root,1,00:00:00:00:00:00,0,0,15,1088,3,0,0,0,0
643369568,NODE_B0CBD8F33218,root,1,00:00:00:00:00:00,0,0,15,1088,3,0,0,0,0
643469566,NODE_B0CBD8F33218,root,1,00:00:00:00:00:00,0,0,15,1088,3,0,0,0,0
643569568,NODE_B0CBD8F33218,root,1,00:00:00:00:00:00,0,0,15,1088,3,0,0,0,0
643669568,NODE_B0CBD8F33218,root,1,00:00:00:00:00:00,0,0,15,1088,3,0,0,0,0
643769562,NODE_B0CBD8F33218,root,1,00:00:00:00:00:00,0,0,15,1088,3,0,0,0,0
643869576,NODE_B0CBD8F33218,root,1,00:00:00:00:00:00,0,0,15,1089,3,0,0,0,0
643969568,NODE_B0CBD8F33218,root,1,00:00:00:00:00:00,0,0,15,1089,3,0,0,0,0
644069570,NODE_B0CBD8F33218,root,1,00:00:00:00:00:00,0,0,15,1089,3,0,0,0,0
644169572,NODE_B0CBD8F33218,root,1,00:00:00:00:00:00,0,0,15,1090,3,0,0,0,0
644269568,NODE_B0CBD8F33218,root,1,00:00:00:00:00:00,0,0,15,1090,3,0,0,0,0
644369570,NODE_B0CBD8F33218,root,1,00:00:00:00:00:00,0,0,15,1090,3,0,0,0,0
644469560,NODE_B0CBD8F33218,root,1,00:00:00:00:00:00,0,0,15,1090,3,0,0,0,0
644569568,NODE_B0CBD8F33218,root,1,00:00:00:00:00:00,0,0,15,1090,3,0,0,0,0
644669570,NODE_B0CBD8F33218,root,1,00:00:00:00:00:00,0,0,15,1090,3,0,0,0,0
644769560,NODE_B0CBD8F33218,root,1,00:00:00:00:00:00,0,0,15,1090,3,0,0,0,0
644869568,NODE_B0CBD8F33218,root,1,00:00:00:00:00:00,0,0,15,1091,3,0,0,0,0
644969562,NODE_B0CBD8F33218,root,1,00:00:00:00:00:00,0,0,15,1091,3,0,0,0,0
645069568,NODE_B0CBD8F33218,root,1,00:00:00:00:00:00,0,0,15,1091,3,0,0,0,0
645169572,NODE_B0CBD8F33218,root,1,00:00:00:00:00:00,0,0,15,1092,3,0,0,0,0
645269570,NODE_B0CBD8F33218,root,1,00:00:00:00:00:00,0,0,15,1092,3,0,0,0,0
645369568,NODE_B0CBD8F33218,root,1,00:00:00:00:00:00,0,0,15,1092,3,0,0,0,0
645469560,NODE_B0CBD8F33218,root,1,00:00:00:00:00:00,0,0,15,1092,3,0,0,0,0
645569570,NODE_B0CBD8F33218,root,1,00:00:00:00:00:00,0,0,15,1092,3,0,0,0,0
645669568,NODE_B0CBD8F33218,root,1,00:00:00:00:00:00,0,0,15,1092,3,0,0,0,0
645769560,NODE_B0CBD8F33218,root,1,00:00:00:00:00:00,0,0,15,1092,3,0,0,0,0
645869574,NODE_B0CBD8F33218,root,1,00:00:00:00:00:00,0,0,15,1093,3,0,0,0,0
645969564,NODE_B0CBD8F33218,root,1,00:00:00:00:00:00,0,0,15,1093,3,0,0,0,0
646069568,NODE_B0CBD8F33218,root,1,00:00:00:00:00:00,0,0,15,1093,3,0,0,0,0
646169578,NODE_B0CBD8F33218,root,1,00:00:00:00:00:00,0,0,15,1094,3,0,0,0,0
646269568,NODE_B0CBD8F33218,root,1,00:00:00:00:00:00,0,0,15,1094,3,0,0,0,0
646369568,NODE_B0CBD8F33218,root,1,00:00:00:00:00:00,0,0,15,1094,3,0,0,0,0
646469566,NODE_B0CBD8F33218,root,1,00:00:00:00:00:00,0,0,15,1094,3,0,0,0,0
646569568,NODE_B0CBD8F33218,root,1,00:00:00:00:00:00,0,0,15,1094,3,0,0,0,0
646669568,NODE_B0CBD8F33218,root,1,00:00:00:00:00:00,0,0,15,1094,3,0,0,0,0
646769562,NODE_B0CBD8F33218,root,1,00:00:00:00:00:00,0,0,15,1094,3,0,0,0,0
646869568,NODE_B0CBD8F33218,root,1,00:00:00:00:00:00,0,0,15,1095,3,0,0,0,0
646969568,NODE_B0CBD8F33218,root,1,00:00:00:00:00:00,0,0,15,1095,3,0,0,0,0
647069570,NODE_B0CBD8F33218,root,1,00:00:00:00:00:00,0,0,15,1095,3,0,0,0,0
647169572,NODE_B0CBD8F33218,root,1,00:00:00:00:00:00,0,0,15,1096,3,0,0,0,0
647269568,NODE_B0CBD8F33218,root,1,00:00:00:00:00:00,0,0,15,1096,3,0,0,0,0
647369570,NODE_B0CBD8F33218,root,1,00:00:00:00:00:00,0,0,15,1096,3,0,0,0,0
647469560,NODE_B0CBD8F33218,root,1,00:00:00:00:00:00,0,0,15,1096,3,0,0,0,0
647569572,NODE_B0CBD8F33218,root,1,00:00:00:00:00:00,0,0,15,1096,3,0,0,0,0
647669566,NODE_B0CBD8F33218,root,1,00:00:00:00:00:00,0,0,15,1096,3,0,0,0,0
647769561,NODE_B0CBD8F33218,root,1,00:00:00:00:00:00,0,0,15,1096,3,0,0,0,0
647869572,NODE_B0CBD8F33218,root,1,00:00:00:00:00:00,0,0,15,1097,3,0,0,0,0
647969562,NODE_B0CBD8F33218,root,1,00:00:00:00:00:00,0,0,15,1097,3,0,0,0,0
648069568,NODE_B0CBD8F33218,root,1,00:00:00:00:00:00,0,0,15,1097,3,0,0,0,0
648169572,NODE_B0CBD8F33218,root,1,00:00:00:00:00:00,0,0,15,1098,3,0,0,0,0
648269570,NODE_B0CBD8F33218,root,1,00:00:00:00:00:00,0,0,15,1098,3,0,0,0,0
648369568,NODE_B0CBD8F33218,root,1,00:00:00:00:00:00,0,0,15,1098,3,0,0,0,0
648469560,NODE_B0CBD8F33218,root,1,00:00:00:00:00:00,0,0,15,1098,3,0,0,0,0
648569570,NODE_B0CBD8F33218,root,1,00:00:00:00:00:00,0,0,15,1098,3,0,0,0,0
648669568,NODE_B0CBD8F33218,root,1,00:00:00:00:00:00,0,0,15,1098,3,0,0,0,0
648769560,NODE_B0CBD8F33218,root,1,00:00:00:00:00:00,0,0,15,1098,3,0,0,0,0
648869761,NODE_B0CBD8F33218,root,1,00:00:00:00:00:00,0,0,15,1099,3,0,0,0,0
648969572,NODE_B0CBD8F33218,root,1,00:00:00:00:00:00,0,0,15,1099,3,0,0,0,0
649069564,NODE_B0CBD8F33218,root,1,00:00:00:00:00:00,0,0,15,1099,3,0,0,0,0
649169570,NODE_B0CBD8F33218,root,1,00:00:00:00:00:00,0,0,15,1100,3,0,0,0,0
649269564,NODE_B0CBD8F33218,root,1,00:00:00:00:00:00,0,0,15,1100,3,0,0,0,0
649369564,NODE_B0CBD8F33218,root,1,00:00:00:00:00:00,0,0,15,1100,3,0,0,0,0
649469562,NODE_B0CBD8F33218,root,1,00:00:00:00:00:00,0,0,15,1100,3,0,0,0,0
649569564,NODE_B0CBD8F33218,root,1,00:00:00:00:00:00,0,0,15,1100,3,0,0,0,0
649669564,NODE_B0CBD8F33218,root,1,00:00:00:00:00:00,0,0,15,1100,3,0,0,0,0
649769562,NODE_B0CBD8F33218,root,1,00:00:00:00:00:00,0,0,15,1100,3,0,0,0,0
649869568,NODE_B0CBD8F33218,root,1,00:00:00:00:00:00,0,0,15,1101,3,0,0,0,0
649969548,NODE_B0CBD8F33218,root,1,00:00:00:00:00:00,0,0,15,1101,3,0,0,0,0
650069566,NODE_B0CBD8F33218,root,1,00:00:00:00:00:00,0,0,15,1101,3,0,0,0,0
650169568,NODE_B0CBD8F33218,root,1,00:00:00:00:00:00,0,0,15,1102,3,0,0,0,0
650269564,NODE_B0CBD8F33218,root,1,00:00:00:00:00:00,0,0,15,1102,3,0,0,0,0
650369566,NODE_B0CBD8F33218,root,1,00:00:00:00:00:00,0,0,15,1102,3,0,0,0,0
650469548,NODE_B0CBD8F33218,root,1,00:00:00:00:00:00,0,0,15,1102,3,0,0,0,0
650569564,NODE_B0CBD8F33218,root,1,00:00:00:00:00:00,0,0,15,1102,3,0,0,0,0
650669566,NODE_B0CBD8F33218,root,1,00:00:00:00:00:00,0,0,15,1102,3,0,0,0,0
650769560,NODE_B0CBD8F33218,root,1,00:00:00:00:00:00,0,0,15,1102,3,0,0,0,0
650869568,NODE_B0CBD8F33218,root,1,00:00:00:00:00:00,0,0,15,1103,3,0,0,0,0
650969566,NODE_B0CBD8F33218,root,1,00:00:00:00:00:00,0,0,15,1103,3,0,0,0,0
651069564,NODE_B0CBD8F33218,root,1,00:00:00:00:00:00,0,0,15,1103,3,0,0,0,0
651169560,NODE_B0CBD8F33218,root,1,00:00:00:00:00:00,0,0,15,1103,3,0,0,0,0
651269566,NODE_B0CBD8F33218,root,1,00:00:00:00:00:00,0,0,15,1103,3,0,0,0,0
651369564,NODE_B0CBD8F33218,root,1,00:00:00:00:00:00,0,0,15,1103,3,0,0,0,0
651469564,NODE_B0CBD8F33218,root,1,00:00:00:00:00:00,0,0,15,1103,3,0,0,0,0
651569566,NODE_B0CBD8F33218,root,1,00:00:00:00:00:00,0,0,15,1103,3,0,0,0,0
651669568,NODE_B0CBD8F33218,root,1,00:00:00:00:00:00,0,0,15,1103,3,0,0,0,0
651769560,NODE_B0CBD8F33218,root,1,00:00:00:00:00:00,0,0,15,1103,3,0,0,0,0
651869574,NODE_B0CBD8F33218,root,1,00:00:00:00:00:00,0,0,15,1104,3,0,0,0,0
651969560,NODE_B0CBD8F33218,root,1,00:00:00:00:00:00,0,0,15,1104,3,0,0,0,0
652069568,NODE_B0CBD8F33218,root,1,00:00:00:00:00:00,0,0,15,1104,3,0,0,0,0
652169562,NODE_B0CBD8F33218,root,1,00:00:00:00:00:00,0,0,15,1104,3,0,0,0,0
652269568,NODE_B0CBD8F33218,root,1,00:00:00:00:00:00,0,0,15,1104,3,0,0,0,0
652369568,NODE_B0CBD8F33218,root,1,00:00:00:00:00:00,0,0,15,1105,3,0,0,0,0
652469566,NODE_B0CBD8F33218,root,1,00:00:00:00:00:00,0,0,15,1105,3,0,0,0,0
652569568,NODE_B0CBD8F33218,root,1,00:00:00:00:00:00,0,0,15,1105,3,0,0,0,0
652669564,NODE_B0CBD8F33218,root,1,00:00:00:00:00:00,0,0,15,1105,3,0,0,0,0
652769562,NODE_B0CBD8F33218,root,1,00:00:00:00:00:00,0,0,15,1105,3,0,0,0,0
652869572,NODE_B0CBD8F33218,root,1,00:00:00:00:00:00,0,0,15,1106,3,0,0,0,0
652969564,NODE_B0CBD8F33218,root,1,00:00:00:00:00:00,0,0,15,1106,3,0,0,0,0
653069570,NODE_B0CBD8F33218,root,1,00:00:00:00:00:00,0,0,15,1106,3,0,0,0,0
653169560,NODE_B0CBD8F33218,root,1,00:00:00:00:00:00,0,0,15,1106,3,0,0,0,0
653269568,NODE_B0CBD8F33218,root,1,00:00:00:00:00:00,0,0,15,1106,3,0,0,0,0
653369574,NODE_B0CBD8F33218,root,1,00:00:00:00:00:00,0,0,15,1107,3,0,0,0,0
653469564,NODE_B0CBD8F33218,root,1,00:00:00:00:00:00,0,0,15,1107,3,0,0,0,0
653569568,NODE_B0CBD8F33218,root,1,00:00:00:00:00:00,0,0,15,1107,3,0,0,0,0
653669570,NODE_B0CBD8F33218,root,1,00:00:00:00:00:00,0,0,15,1107,3,0,0,0,0
653769560,NODE_B0CBD8F33218,root,1,00:00:00:00:00:00,0,0,15,1107,3,0,0,0,0
653869572,NODE_B0CBD8F33218,root,1,00:00:00:00:00:00,0,0,15,1108,3,0,0,0,0
653969566,NODE_B0CBD8F33218,root,1,00:00:00:00:00:00,0,0,15,1108,3,0,0,0,0
654069568,NODE_B0CBD8F33218,root,1,00:00:00:00:00:00,0,0,15,1108,3,0,0,0,0
654169560,NODE_B0CBD8F33218,root,1,00:00:00:00:00:00,0,0,15,1108,3,0,0,0,0
654269570,NODE_B0CBD8F33218,root,1,00:00:00:00:00:00,0,0,15,1108,3,0,0,0,0
654369576,NODE_B0CBD8F33218,root,1,00:00:00:00:00:00,0,0,15,1109,3,0,0,0,0
654469564,NODE_B0CBD8F33218,root,1,00:00:00:00:00:00,0,0,15,1109,3,0,0,0,0
654569570,NODE_B0CBD8F33218,root,1,00:00:00:00:00:00,0,0,15,1109,3,0,0,0,0
654669568,NODE_B0CBD8F33218,root,1,00:00:00:00:00:00,0,0,15,1109,3,0,0,0,0
654769560,NODE_B0CBD8F33218,root,1,00:00:00:00:00:00,0,0,15,1109,3,0,0,0,0
654869574,NODE_B0CBD8F33218,root,1,00:00:00:00:00:00,0,0,15,1110,3,0,0,0,0
654969568,NODE_B0CBD8F33218,root,1,00:00:00:00:00:00,0,0,15,1110,3,0,0,0,0
655069568,NODE_B0CBD8F33218,root,1,00:00:00:00:00:00,0,0,15,1110,3,0,0,0,0
655169562,NODE_B0CBD8F33218,root,1,00:00:00:00:00:00,0,0,15,1110,3,0,0,0,0
655269568,NODE_B0CBD8F33218,root,1,00:00:00:00:00:00,0,0,15,1110,3,0,0,0,0
655369568,NODE_B0CBD8F33218,root,1,00:00:00:00:00:00,0,0,15,1111,3,0,0,0,0
655469558,NODE_B0CBD8F33218,root,1,00:00:00:00:00:00,0,0,15,1111,3,0,0,0,0
655569572,NODE_B0CBD8F33218,root,1,00:00:00:00:00:00,0,0,15,1111,3,0,0,0,0
655669568,NODE_B0CBD8F33218,root,1,00:00:00:00:00:00,0,0,15,1111,3,0,0,0,0
655769562,NODE_B0CBD8F33218,root,1,00:00:00:00:00:00,0,0,15,1111,3,0,0,0,0
655869572,NODE_B0CBD8F33218,root,1,00:00:00:00:00:00,0,0,15,1112,3,0,0,0,0
655969564,NODE_B0CBD8F33218,root,1,00:00:00:00:00:00,0,0,15,1112,3,0,0,0,0
656069570,NODE_B0CBD8F33218,root,1,00:00:00:00:00:00,0,0,15,1112,3,0,0,0,0
656169560,NODE_B0CBD8F33218,root,1,00:00:00:00:00:00,0,0,15,1112,3,0,0,0,0
656269568,NODE_B0CBD8F33218,root,1,00:00:00:00:00:00,0,0,15,1112,3,0,0,0,0
656369574,NODE_B0CBD8F33218,root,1,00:00:00:00:00:00,0,0,15,1113,3,0,0,0,0
656469560,NODE_B0CBD8F33218,root,1,00:00:00:00:00:00,0,0,15,1113,3,0,0,0,0
656569568,NODE_B0CBD8F33218,root,1,00:00:00:00:00:00,0,0,15,1113,3,0,0,0,0
656669570,NODE_B0CBD8F33218,root,1,00:00:00:00:00:00,0,0,15,1113,3,0,0,0,0
656769560,NODE_B0CBD8F33218,root,1,00:00:00:00:00:00,0,0,15,1113,3,0,0,0,0
656869572,NODE_B0CBD8F33218,root,1,00:00:00:00:00:00,0,0,15,1114,3,0,0,0,0
656969566,NODE_B0CBD8F33218,root,1,00:00:00:00:00:00,0,0,15,1114,3,0,0,0,0
657069564,NODE_B0CBD8F33218,root,1,00:00:00:00:00:00,0,0,15,1114,3,0,0,0,0
657169560,NODE_B0CBD8F33218,root,1,00:00:00:00:00:00,0,0,15,1114,3,0,0,0,0
657269566,NODE_B0CBD8F33218,root,1,00:00:00:00:00:00,0,0,15,1114,3,0,0,0,0
657369568,NODE_B0CBD8F33218,root,1,00:00:00:00:00:00,0,0,15,1115,3,0,0,0,0
657469560,NODE_B0CBD8F33218,root,1,00:00:00:00:00:00,0,0,15,1115,3,0,0,0,0
657569570,NODE_B0CBD8F33218,root,1,00:00:00:00:00:00,0,0,15,1115,3,0,0,0,0
657669564,NODE_B0CBD8F33218,root,1,00:00:00:00:00:00,0,0,15,1115,3,0,0,0,0
657769560,NODE_B0CBD8F33218,root,1,00:00:00:00:00:00,0,0,15,1115,3,0,0,0,0
657869937,NODE_B0CBD8F33218,root,1,00:00:00:00:00:00,0,0,15,1116,3,0,0,0,0
657969579,NODE_B0CBD8F33218,root,1,00:00:00:00:00:00,0,0,15,1116,3,0,0,0,0
658069568,NODE_B0CBD8F33218,root,1,00:00:00:00:00:00,0,0,15,1116,3,0,0,0,0
658169562,NODE_B0CBD8F33218,root,1,00:00:00:00:00:00,0,0,15,1116,3,0,0,0,0
658269568,NODE_B0CBD8F33218,root,1,00:00:00:00:00:00,0,0,15,1116,3,0,0,0,0
658369572,NODE_B0CBD8F33218,root,1,00:00:00:00:00:00,0,0,15,1117,3,0,0,0,0
658469566,NODE_B0CBD8F33218,root,1,00:00:00:00:00:00,0,0,15,1117,3,0,0,0,0
658569568,NODE_B0CBD8F33218,root,1,00:00:00:00:00:00,0,0,15,1117,3,0,0,0,0
658669568,NODE_B0CBD8F33218,root,1,00:00:00:00:00:00,0,0,15,1117,3,0,0,0,0
658769562,NODE_B0CBD8F33218,root,1,00:00:00:00:00:00,0,0,15,1117,3,0,0,0,0
658869572,NODE_B0CBD8F33218,root,1,00:00:00:00:00:00,0,0,15,1118,3,0,0,0,0
658969564,NODE_B0CBD8F33218,root,1,00:00:00:00:00:00,0,0,15,1118,3,0,0,0,0
659069574,NODE_B0CBD8F33218,root,1,00:00:00:00:00:00,0,0,15,1118,3,0,0,0,0
659169560,NODE_B0CBD8F33218,root,1,00:00:00:00:00:00,0,0,15,1118,3,0,0,0,0
659269568,NODE_B0CBD8F33218,root,1,00:00:00:00:00:00,0,0,15,1118,3,0,0,0,0
659369578,NODE_B0CBD8F33218,root,1,00:00:00:00:00:00,0,0,15,1119,3,0,0,0,0
659469560,NODE_B0CBD8F33218,root,1,00:00:00:00:00:00,0,0,15,1119,3,0,0,0,0
659569568,NODE_B0CBD8F33218,root,1,00:00:00:00:00:00,0,0,15,1119,3,0,0,0,0
659669570,NODE_B0CBD8F33218,root,1,00:00:00:00:00:00,0,0,15,1119,3,0,0,0,0
659769560,NODE_B0CBD8F33218,root,1,00:00:00:00:00:00,0,0,15,1119,3,0,0,0,0
659869572,NODE_B0CBD8F33218,root,1,00:00:00:00:00:00,0,0,15,1120,3,0,0,0,0
659969566,NODE_B0CBD8F33218,root,1,00:00:00:00:00:00,0,0,15,1120,3,0,0,0,0
660069568,NODE_B0CBD8F33218,root,1,00:00:00:00:00:00,0,0,15,1120,3,0,0,0,0
660169560,NODE_B0CBD8F33218,root,1,00:00:00:00:00:00,0,0,15,1120,3,0,0,0,0
660269570,NODE_B0CBD8F33218,root,1,00:00:00:00:00:00,0,0,15,1120,3,0,0,0,0
660369568,NODE_B0CBD8F33218,root,1,00:00:00:00:00:00,0,0,15,1121,3,0,0,0,0
660469560,NODE_B0CBD8F33218,root,1,00:00:00:00:00:00,0,0,15,1121,3,0,0,0,0
660569570,NODE_B0CBD8F33218,root,1,00:00:00:00:00:00,0,0,15,1121,3,0,0,0,0
660669568,NODE_B0CBD8F33218,root,1,00:00:00:00:00:00,0,0,15,1121,3,0,0,0,0
660769560,NODE_B0CBD8F33218,root,1,00:00:00:00:00:00,0,0,15,1121,3,0,0,0,0
660869574,NODE_B0CBD8F33218,root,1,00:00:00:00:00:00,0,0,15,1122,3,0,0,0,0
660969568,NODE_B0CBD8F33218,root,1,00:00:00:00:00:00,0,0,15,1122,3,0,0,0,0
661069568,NODE_B0CBD8F33218,root,1,00:00:00:00:00:00,0,0,15,1122,3,0,0,0,0
661169562,NODE_B0CBD8F33218,root,1,00:00:00:00:00:00,0,0,15,1122,3,0,0,0,0
661269568,NODE_B0CBD8F33218,root,1,00:00:00:00:00:00,0,0,15,1122,3,0,0,0,0
661369572,NODE_B0CBD8F33218,root,1,00:00:00:00:00:00,0,0,15,1123,3,0,0,0,0
661469566,NODE_B0CBD8F33218,root,1,00:00:00:00:00:00,0,0,15,1123,3,0,0,0,0
661569568,NODE_B0CBD8F33218,root,1,00:00:00:00:00:00,0,0,15,1123,3,0,0,0,0
661669568,NODE_B0CBD8F33218,root,1,00:00:00:00:00:00,0,0,15,1123,3,0,0,0,0
661769562,NODE_B0CBD8F33218,root,1,00:00:00:00:00:00,0,0,15,1123,3,0,0,0,0
661869576,NODE_B0CBD8F33218,root,1,00:00:00:00:00:00,0,0,15,1124,3,0,0,0,0
661969564,NODE_B0CBD8F33218,root,1,00:00:00:00:00:00,0,0,15,1124,3,0,0,0,0
662069570,NODE_B0CBD8F33218,root,1,00:00:00:00:00:00,0,0,15,1124,3,0,0,0,0
662169560,NODE_B0CBD8F33218,root,1,00:00:00:00:00:00,0,0,15,1124,3,0,0,0,0
662269568,NODE_B0CBD8F33218,root,1,00:00:00:00:00:00,0,0,15,1124,3,0,0,0,0
662369570,NODE_B0CBD8F33218,root,1,00:00:00:00:00:00,0,0,15,1125,3,0,0,0,0
662469560,NODE_B0CBD8F33218,root,1,00:00:00:00:00:00,0,0,15,1125,3,0,0,0,0
662569568,NODE_B0CBD8F33218,root,1,00:00:00:00:00:00,0,0,15,1125,3,0,0,0,0
662669566,NODE_B0CBD8F33218,root,1,00:00:00:00:00:00,0,0,15,1125,3,0,0,0,0
662769560,NODE_B0CBD8F33218,root,1,00:00:00:00:00:00,0,0,15,1125,3,0,0,0,0
662869572,NODE_B0CBD8F33218,root,1,00:00:00:00:00:00,0,0,15,1126,3,0,0,0,0
662969562,NODE_B0CBD8F33218,root,1,00:00:00:00:00:00,0,0,15,1126,3,0,0,0,0
663069568,NODE_B0CBD8F33218,root,1,00:00:00:00:00:00,0,0,15,1126,3,0,0,0,0
663169560,NODE_B0CBD8F33218,root,1,00:00:00:00:00:00,0,0,15,1126,3,0,0,0,0
663269570,NODE_B0CBD8F33218,root,1,00:00:00:00:00:00,0,0,15,1126,3,0,0,0,0
663369572,NODE_B0CBD8F33218,root,1,00:00:00:00:00:00,0,0,15,1127,3,0,0,0,0
663469560,NODE_B0CBD8F33218,root,1,00:00:00:00:00:00,0,0,15,1127,3,0,0,0,0
663569570,NODE_B0CBD8F33218,root,1,00:00:00:00:00:00,0,0,15,1127,3,0,0,0,0
663669568,NODE_B0CBD8F33218,root,1,00:00:00:00:00:00,0,0,15,1127,3,0,0,0,0
663769564,NODE_B0CBD8F33218,root,1,00:00:00:00:00:00,0,0,15,1127,3,0,0,0,0
663869574,NODE_B0CBD8F33218,root,1,00:00:00:00:00:00,0,0,15,1128,3,0,0,0,0
663969568,NODE_B0CBD8F33218,root,1,00:00:00:00:00:00,0,0,15,1128,3,0,0,0,0
664069568,NODE_B0CBD8F33218,root,1,00:00:00:00:00:00,0,0,15,1128,3,0,0,0,0
664169562,NODE_B0CBD8F33218,root,1,00:00:00:00:00:00,0,0,15,1128,3,0,0,0,0
664269560,NODE_B0CBD8F33218,root,1,00:00:00:00:00:00,0,0,15,1128,3,0,0,0,0
664369572,NODE_B0CBD8F33218,root,1,00:00:00:00:00:00,0,0,15,1129,3,0,0,0,0
664469570,NODE_B0CBD8F33218,root,1,00:00:00:00:00:00,0,0,15,1129,3,0,0,0,0
664569568,NODE_B0CBD8F33218,root,1,00:00:00:00:00:00,0,0,15,1129,3,0,0,0,0
664669568,NODE_B0CBD8F33218,root,1,00:00:00:00:00:00,0,0,15,1129,3,0,0,0,0
664769566,NODE_B0CBD8F33218,root,1,00:00:00:00:00:00,0,0,15,1129,3,0,0,0,0
664869572,NODE_B0CBD8F33218,root,1,00:00:00:00:00:00,0,0,15,1130,3,0,0,0,0
664969568,NODE_B0CBD8F33218,root,1,00:00:00:00:00:00,0,0,15,1130,3,0,0,0,0
665069570,NODE_B0CBD8F33218,root,1,00:00:00:00:00:00,0,0,15,1130,3,0,0,0,0
665169560,NODE_B0CBD8F33218,root,1,00:00:00:00:00:00,0,0,15,1130,3,0,0,0,0
665269568,NODE_B0CBD8F33218,root,1,00:00:00:00:00:00,0,0,15,1130,3,0,0,0,0
665369570,NODE_B0CBD8F33218,root,1,00:00:00:00:00:00,0,0,15,1131,3,0,0,0,0
665469560,NODE_B0CBD8F33218,root,1,00:00:00:00:00:00,0,0,15,1131,3,0,0,0,0
665569568,NODE_B0CBD8F33218,root,1,00:00:00:00:00:00,0,0,15,1131,3,0,0,0,0
665669570,NODE_B0CBD8F33218,root,1,00:00:00:00:00:00,0,0,15,1131,3,0,0,0,0
665769564,NODE_B0CBD8F33218,root,1,00:00:00:00:00:00,0,0,15,1131,3,0,0,0,0
665869934,NODE_B0CBD8F33218,root,1,00:00:00:00:00:00,0,0,15,1132,3,0,0,0,0
665969566,NODE_B0CBD8F33218,root,1,00:00:00:00:00:00,0,0,15,1132,3,0,0,0,0
666069568,NODE_B0CBD8F33218,root,1,00:00:00:00:00:00,0,0,15,1132,3,0,0,0,0
666169560,NODE_B0CBD8F33218,root,1,00:00:00:00:00:00,0,0,15,1132,3,0,0,0,0
666269566,NODE_B0CBD8F33218,root,1,00:00:00:00:00:00,0,0,15,1132,3,0,0,0,0
666369568,NODE_B0CBD8F33218,root,1,00:00:00:00:00:00,0,0,15,1133,3,0,0,0,0
666469560,NODE_B0CBD8F33218,root,1,00:00:00:00:00:00,0,0,15,1133,3,0,0,0,0
666569566,NODE_B0CBD8F33218,root,1,00:00:00:00:00:00,0,0,15,1133,3,0,0,0,0
666669564,NODE_B0CBD8F33218,root,1,00:00:00:00:00:00,0,0,15,1133,3,0,0,0,0
666769564,NODE_B0CBD8F33218,root,1,00:00:00:00:00:00,0,0,15,1133,3,0,0,0,0
666869570,NODE_B0CBD8F33218,root,1,00:00:00:00:00:00,0,0,15,1134,3,0,0,0,0
666969568,NODE_B0CBD8F33218,root,1,00:00:00:00:00:00,0,0,15,1134,3,0,0,0,0
667069564,NODE_B0CBD8F33218,root,1,00:00:00:00:00:00,0,0,15,1134,3,0,0,0,0
667169562,NODE_B0CBD8F33218,root,1,00:00:00:00:00:00,0,0,15,1134,3,0,0,0,0
667269564,NODE_B0CBD8F33218,root,1,00:00:00:00:00:00,0,0,15,1134,3,0,0,0,0
667369568,NODE_B0CBD8F33218,root,1,00:00:00:00:00:00,0,0,15,1135,3,0,0,0,0
667469562,NODE_B0CBD8F33218,root,1,00:00:00:00:00:00,0,0,15,1135,3,0,0,0,0
667569564,NODE_B0CBD8F33218,root,1,00:00:00:00:00:00,0,0,15,1135,3,0,0,0,0
667669564,NODE_B0CBD8F33218,root,1,00:00:00:00:00:00,0,0,15,1135,3,0,0,0,0
667769562,NODE_B0CBD8F33218,root,1,00:00:00:00:00:00,0,0,15,1135,3,0,0,0,0
667869886,NODE_B0CBD8F33218,root,1,00:00:00:00:00:00,0,0,15,1136,3,0,0,0,0
667969564,NODE_B0CBD8F33218,root,1,00:00:00:00:00:00,0,0,15,1136,3,0,0,0,0
668069566,NODE_B0CBD8F33218,root,1,00:00:00:00:00:00,0,0,15,1136,3,0,0,0,0
668169560,NODE_B0CBD8F33218,root,1,00:00:00:00:00:00,0,0,15,1136,3,0,0,0,0
668269564,NODE_B0CBD8F33218,root,1,00:00:00:00:00:00,0,0,15,1136,3,0,0,0,0
668369570,NODE_B0CBD8F33218,root,1,00:00:00:00:00:00,0,0,15,1137,3,0,0,0,0
668469560,NODE_B0CBD8F33218,root,1,00:00:00:00:00:00,0,0,15,1137,3,0,0,0,0
668569564,NODE_B0CBD8F33218,root,1,00:00:00:00:00:00,0,0,15,1137,3,0,0,0,0
668669566,NODE_B0CBD8F33218,root,1,00:00:00:00:00:00,0,0,15,1137,3,0,0,0,0
668769560,NODE_B0CBD8F33218,root,1,00:00:00:00:00:00,0,0,15,1137,3,0,0,0,0
668869568,NODE_B0CBD8F33218,root,1,00:00:00:00:00:00,0,0,15,1138,3,0,0,0,0
668969562,NODE_B0CBD8F33218,root,1,00:00:00:00:00:00,0,0,15,1138,3,0,0,0,0
669069564,NODE_B0CBD8F33218,root,1,00:00:00:00:00:00,0,0,15,1138,3,0,0,0,0
669170354,NODE_B0CBD8F33218,root,1,00:00:00:00:00:00,0,0,15,1138,3,0,0,0,0
