timestamp_us,node_id,role,layer,parent_mac,rssi_dbm,retry_count,tx_count,probes_count,phase_id,gt_label,recv_count,forward_count,drop_count
6459568,NODE_F42DC973E618,blackhole,2,B0:CB:D8:F3:32:19,-43,0,0,0,255,255,0,0,0
6559571,NODE_F42DC973E618,blackhole,2,B0:CB:D8:F3:32:19,-43,0,0,0,255,255,0,0,0
6659567,NODE_F42DC973E618,blackhole,2,B0:CB:D8:F3:32:19,-39,0,0,0,255,255,0,0,0
6759568,NODE_F42DC973E618,blackhole,2,B0:CB:D8:F3:32:19,-43,0,0,0,255,255,0,0,0
6859567,NODE_F42DC973E618,blackhole,2,B0:CB:D8:F3:32:19,-39,0,0,0,255,255,0,0,0
6959575,NODE_F42DC973E618,blackhole,2,B0:CB:D8:F3:32:19,-39,0,0,0,255,255,0,0,0
7059568,NODE_F42DC973E618,blackhole,2,B0:CB:D8:F3:32:19,-43,0,0,0,255,255,0,0,0
7159567,NODE_F42DC973E618,blackhole,2,B0:CB:D8:F3:32:19,-40,0,0,0,255,255,0,0,0
7259567,NODE_F42DC973E618,blackhole,2,B0:CB:D8:F3:32:19,-43,0,0,0,255,255,0,0,0
7359568,NODE_F42DC973E618,blackhole,2,B0:CB:D8:F3:32:19,-39,0,0,0,255,255,0,0,0
7459567,NODE_F42DC973E618,blackhole,2,B0:CB:D8:F3:32:19,-39,0,0,0,0,0,0,0,0
7559567,NODE_F42DC973E618,blackhole,2,B0:CB:D8:F3:32:19,-43,0,0,0,0,0,0,0,0
7659574,NODE_F42DC973E618,blackhole,2,B0:CB:D8:F3:32:19,-43,0,0,0,0,0,0,0,0
7759571,NODE_F42DC973E618,blackhole,2,B0:CB:D8:F3:32:19,-43,0,0,0,0,0,0,0,0
7859567,NODE_F42DC973E618,blackhole,2,B0:CB:D8:F3:32:19,-40,0,0,0,0,0,0,0,0
7959568,NODE_F42DC973E618,blackhole,2,B0:CB:D8:F3:32:19,-42,0,0,0,0,0,0,0,0
8059567,NODE_F42DC973E618,blackhole,2,B0:CB:D8:F3:32:19,-39,0,0,0,0,0,0,0,0
8159567,NODE_F42DC973E618,blackhole,2,B0:CB:D8:F3:32:19,-43,0,0,0,0,0,0,0,0
8259568,NODE_F42DC973E618,blackhole,2,B0:CB:D8:F3:32:19,-43,0,0,0,0,0,0,0,0
8359571,NODE_F42DC973E618,blackhole,2,B0:CB:D8:F3:32:19,-43,0,0,0,0,0,0,0,0
8459567,NODE_F42DC973E618,blackhole,2,B0:CB:D8:F3:32:19,-43,0,0,0,0,0,0,0,0
8559564,NODE_F42DC973E618,blackhole,2,B0:CB:D8:F3:32:19,-42,0,0,0,0,0,0,0,0
8659567,NODE_F42DC973E618,blackhole,2,B0:CB:D8:F3:32:19,-43,0,0,0,0,0,0,0,0
8759567,NODE_F42DC973E618,blackhole,2,B0:CB:D8:F3:32:19,-43,0,0,0,0,0,0,0,0
8859568,NODE_F42DC973E618,blackhole,2,B0:CB:D8:F3:32:19,-40,0,0,0,0,0,0,0,0
8959567,NODE_F42DC973E618,blackhole,2,B0:CB:D8:F3:32:19,-42,0,0,0,0,0,0,0,0
9059571,NODE_F42DC973E618,blackhole,2,B0:CB:D8:F3:32:19,-42,0,0,0,0,0,0,0,0
9159568,NODE_F42DC973E618,blackhole,2,B0:CB:D8:F3:32:19,-42,0,0,0,0,0,0,0,0
9259567,NODE_F42DC973E618,blackhole,2,B0:CB:D8:F3:32:19,-42,0,0,0,0,0,0,0,0
9359567,NODE_F42DC973E618,blackhole,2,B0:CB:D8:F3:32:19,-42,0,0,0,0,0,0,0,0
9459568,NODE_F42DC973E618,blackhole,2,B0:CB:D8:F3:32:19,-42,0,0,0,0,0,0,0,0
9559567,NODE_F42DC973E618,blackhole,2,B0:CB:D8:F3:32:19,-42,0,0,0,0,0,0,0,0
9659568,NODE_F42DC973E618,blackhole,2,B0:CB:D8:F3:32:19,-42,0,0,0,0,0,0,0,0
9759568,NODE_F42DC973E618,blackhole,2,B0:CB:D8:F3:32:19,-42,0,0,0,0,0,0,0,0
9859567,NODE_F42DC973E618,blackhole,2,B0:CB:D8:F3:32:19,-42,0,0,0,0,0,0,0,0
9959786,NODE_F42DC973E618,blackhole,2,B0:CB:D8:F3:32:19,-42,0,0,0,0,0,0,0,0
10059568,NODE_F42DC973E618,blackhole,2,B0:CB:D8:F3:32:19,-42,0,0,0,0,0,0,0,0
10159567,NODE_F42DC973E618,blackhole,2,B0:CB:D8:F3:32:19,-42,0,0,0,0,0,0,0,0
10259760,NODE_F42DC973E618,blackhole,2,B0:CB:D8:F3:32:19,-42,0,0,0,0,0,0,0,0
10359576,NODE_F42DC973E618,blackhole,2,B0:CB:D8:F3:32:19,-42,0,0,0,0,0,0,0,0
10459567,NODE_F42DC973E618,blackhole,2,B0:CB:D8:F3:32:19,-42,0,0,0,0,0,0,0,0
10559563,NODE_F42DC973E618,blackhole,2,B0:CB:D8:F3:32:19,-42,0,0,0,0,0,0,0,0
10659568,NODE_F42DC973E618,blackhole,2,B0:CB:D8:F3:32:19,-42,0,0,0,0,0,0,0,0
10759567,NODE_F42DC973E618,blackhole,2,B0:CB:D8:F3:32:19,-42,0,0,0,0,0,0,0,0
10859567,NODE_F42DC973E618,blackhole,2,B0:CB:D8:F3:32:19,-42,0,0,0,0,0,0,0,0
10959576,NODE_F42DC973E618,blackhole,2,B0:CB:D8:F3:32:19,-42,0,0,0,0,0,0,0,0
11059567,NODE_F42DC973E618,blackhole,2,B0:CB:D8:F3:32:19,-40,0,0,0,0,0,0,0,0
11159567,NODE_F42DC973E618,blackhole,2,B0:CB:D8:F3:32:19,-38,0,0,0,0,0,0,0,0
11259572,NODE_F42DC973E618,blackhole,2,B0:CB:D8:F3:32:19,-40,0,0,0,0,0,0,0,0
11359567,NODE_F42DC973E618,blackhole,2,B0:CB:D8:F3:32:19,-39,0,0,0,0,0,0,0,0
11459571,NODE_F42DC973E618,blackhole,2,B0:CB:D8:F3:32:19,-42,0,0,0,0,0,0,0,0
11559568,NODE_F42DC973E618,blackhole,2,B0:CB:D8:F3:32:19,-39,0,0,0,0,0,0,0,0
11659571,NODE_F42DC973E618,blackhole,2,B0:CB:D8:F3:32:19,-43,0,0,0,0,0,0,0,0
11759567,NODE_F42DC973E618,blackhole,2,B0:CB:D8:F3:32:19,-39,0,0,0,0,0,0,0,0
11859568,NODE_F42DC973E618,blackhole,2,B0:CB:D8:F3:32:19,-38,0,0,0,0,0,0,0,0
11959571,NODE_F42DC973E618,blackhole,2,B0:CB:D8:F3:32:19,-40,0,0,0,0,0,0,0,0
12059567,NODE_F42DC973E618,blackhole,2,B0:CB:D8:F3:32:19,-42,0,0,0,0,0,0,0,0
12159568,NODE_F42DC973E618,blackhole,2,B0:CB:D8:F3:32:19,-38,0,0,0,0,0,0,0,0
12259567,NODE_F42DC973E618,blackhole,2,B0:CB:D8:F3:32:19,-43,0,0,0,0,0,0,0,0
12359567,NODE_F42DC973E618,blackhole,2,B0:CB:D8:F3:32:19,-40,0,0,0,0,0,0,0,0
12459568,NODE_F42DC973E618,blackhole,2,B0:CB:D8:F3:32:19,-40,0,0,0,0,0,0,0,0
12559567,NODE_F42DC973E618,blackhole,2,B0:CB:D8:F3:32:19,-42,0,0,0,0,0,0,0,0
12659568,NODE_F42DC973E618,blackhole,2,B0:CB:D8:F3:32:19,-43,0,0,0,0,0,0,0,0
12759568,NODE_F42DC973E618,blackhole,2,B0:CB:D8:F3:32:19,-43,0,0,0,0,0,0,0,0
12859567,NODE_F42DC973E618,blackhole,2,B0:CB:D8:F3:32:19,-44,0,0,0,0,0,0,0,0
12959571,NODE_F42DC973E618,blackhole,2,B0:CB:D8:F3:32:19,-43,0,0,0,0,0,0,0,0
13059568,NODE_F42DC973E618,blackhole,2,B0:CB:D8:F3:32:19,-44,0,0,0,0,0,0,0,0
13159567,NODE_F42DC973E618,blackhole,2,B0:CB:D8:F3:32:19,-43,0,0,0,0,0,0,0,0
13259567,NODE_F42DC973E618,blackhole,2,B0:CB:D8:F3:32:19,-43,0,0,0,0,0,0,0,0
13359568,NODE_F42DC973E618,blackhole,2,B0:CB:D8:F3:32:19,-39,0,0,0,0,0,0,0,0
13459567,NODE_F42DC973E618,blackhole,2,B0:CB:D8:F3:32:19,-43,0,0,0,0,0,0,0,0
13559567,NODE_F42DC973E618,blackhole,2,B0:CB:D8:F3:32:19,-39,0,0,0,0,0,0,0,0
13659568,NODE_F42DC973E618,blackhole,2,B0:CB:D8:F3:32:19,-43,0,0,0,0,0,0,0,0
13759567,NODE_F42DC973E618,blackhole,2,B0:CB:D8:F3:32:19,-44,0,0,0,0,0,0,0,0
13859567,NODE_F42DC973E618,blackhole,2,B0:CB:D8:F3:32:19,-44,0,0,0,0,0,0,0,0
13959572,NODE_F42DC973E618,blackhole,2,B0:CB:D8:F3:32:19,-41,0,0,0,0,0,0,0,0
14059567,NODE_F42DC973E618,blackhole,2,B0:CB:D8:F3:32:19,-43,0,0,0,0,0,0,0,0
14159567,NODE_F42DC973E618,blackhole,2,B0:CB:D8:F3:32:19,-43,0,0,0,0,0,0,0,0
14259568,NODE_F42DC973E618,blackhole,2,B0:CB:D8:F3:32:19,-43,0,0,0,0,0,0,0,0
14359567,NODE_F42DC973E618,blackhole,2,B0:CB:D8:F3:32:19,-44,0,0,0,0,0,0,0,0
14459567,NODE_F42DC973E618,blackhole,2,B0:CB:D8:F3:32:19,-44,0,0,0,0,0,0,0,0
14559568,NODE_F42DC973E618,blackhole,2,B0:CB:D8:F3:32:19,-44,0,0,0,0,0,0,0,0
14659675,NODE_F42DC973E618,blackhole,2,B0:CB:D8:F3:32:19,-44,0,0,0,0,0,0,0,0
14759567,NODE_F42DC973E618,blackhole,2,B0:CB:D8:F3:32:19,-44,0,0,0,0,0,0,0,0
14859564,NODE_F42DC973E618,blackhole,2,B0:CB:D8:F3:32:19,-44,0,0,0,0,0,0,0,0
14959567,NODE_F42DC973E618,blackhole,2,B0:CB:D8:F3:32:19,-43,0,0,0,0,0,0,0,0
15059567,NODE_F42DC973E618,blackhole,2,B0:CB:D8:F3:32:19,-44,0,0,0,0,0,0,0,0
15159568,NODE_F42DC973E618,blackhole,2,B0:CB:D8:F3:32:19,-44,0,0,0,0,0,0,0,0
15259567,NODE_F42DC973E618,blackhole,2,B0:CB:D8:F3:32:19,-43,0,0,0,0,0,0,0,0
15359567,NODE_F42DC973E618,blackhole,2,B0:CB:D8:F3:32:19,-43,0,0,0,0,0,0,0,0
15459568,NODE_F42DC973E618,blackhole,2,B0:CB:D8:F3:32:19,-40,0,0,0,0,0,0,0,0
15559567,NODE_F42DC973E618,blackhole,2,B0:CB:D8:F3:32:19,-43,0,0,0,0,0,0,0,0
15659575,NODE_F42DC973E618,blackhole,2,B0:CB:D8:F3:32:19,-40,0,0,0,0,0,0,0,0
15759568,NODE_F42DC973E618,blackhole,2,B0:CB:D8:F3:32:19,-39,0,0,0,0,0,0,0,0
15859567,NODE_F42DC973E618,blackhole,2,B0:CB:D8:F3:32:19,-39,0,0,0,0,0,0,0,0
15959567,NODE_F42DC973E618,blackhole,2,B0:CB:D8:F3:32:19,-39,0,0,0,0,0,0,0,0
16059564,NODE_F42DC973E618,blackhole,2,B0:CB:D8:F3:32:19,-39,0,0,0,0,0,0,0,0
16159567,NODE_F42DC973E618,blackhole,2,B0:CB:D8:F3:32:19,-39,0,0,0,0,0,0,0,0
16259567,NODE_F42DC973E618,blackhole,2,B0:CB:D8:F3:32:19,-39,0,0,0,0,0,0,0,0
16359572,NODE_F42DC973E618,blackhole,2,B0:CB:D8:F3:32:19,-39,0,0,0,0,0,0,0,0
16459567,NODE_F42DC973E618,blackhole,2,B0:CB:D8:F3:32:19,-39,0,0,0,0,0,0,0,0
16559567,NODE_F42DC973E618,blackhole,2,B0:CB:D8:F3:32:19,-39,0,0,0,0,0,0,0,0
16659568,NODE_F42DC973E618,blackhole,2,B0:CB:D8:F3:32:19,-39,0,0,0,0,0,0,0,0
16759567,NODE_F42DC973E618,blackhole,2,B0:CB:D8:F3:32:19,-39,0,0,0,0,0,0,0,0
16859567,NODE_F42DC973E618,blackhole,2,B0:CB:D8:F3:32:19,-39,0,0,0,0,0,0,0,0
16959568,NODE_F42DC973E618,blackhole,2,B0:CB:D8:F3:32:19,-39,0,0,0,0,0,0,0,0
17059567,NODE_F42DC973E618,blackhole,2,B0:CB:D8:F3:32:19,-39,0,0,0,0,0,0,0,0
17159567,NODE_F42DC973E618,blackhole,2,B0:CB:D8:F3:32:19,-39,0,0,0,0,0,0,0,0
17259568,NODE_F42DC973E618,blackhole,2,B0:CB:D8:F3:32:19,-39,0,0,0,0,0,0,0,0
17359567,NODE_F42DC973E618,blackhole,2,B0:CB:D8:F3:32:19,-39,0,0,0,0,0,0,0,0
17459567,NODE_F42DC973E618,blackhole,2,B0:CB:D8:F3:32:19,-39,0,0,0,0,0,0,0,0
17559568,NODE_F42DC973E618,blackhole,2,B0:CB:D8:F3:32:19,-39,0,0,0,0,0,0,0,0
17659572,NODE_F42DC973E618,blackhole,2,B0:CB:D8:F3:32:19,-39,0,0,0,0,0,0,0,0
17759567,NODE_F42DC973E618,blackhole,2,B0:CB:D8:F3:32:19,-39,0,0,0,0,0,0,0,0
17859568,NODE_F42DC973E618,blackhole,2,B0:CB:D8:F3:32:19,-39,0,0,0,0,0,0,0,0
17959567,NODE_F42DC973E618,blackhole,2,B0:CB:D8:F3:32:19,-39,0,0,0,0,0,0,0,0
18059567,NODE_F42DC973E618,blackhole,2,B0:CB:D8:F3:32:19,-39,0,0,0,0,0,0,0,0
18159568,NODE_F42DC973E618,blackhole,2,B0:CB:D8:F3:32:19,-39,0,0,0,0,0,0,0,0
18259567,NODE_F42DC973E618,blackhole,2,B0:CB:D8:F3:32:19,-39,0,0,0,0,0,0,0,0
18359567,NODE_F42DC973E618,blackhole,2,B0:CB:D8:F3:32:19,-39,0,0,0,0,0,0,0,0
18459564,NODE_F42DC973E618,blackhole,2,B0:CB:D8:F3:32:19,-39,0,0,0,0,0,0,0,0
18559567,NODE_F42DC973E618,blackhole,2,B0:CB:D8:F3:32:19,-39,0,0,0,0,0,0,0,0
18659567,NODE_F42DC973E618,blackhole,2,B0:CB:D8:F3:32:19,-39,0,0,0,0,0,0,0,0
18759568,NODE_F42DC973E618,blackhole,2,B0:CB:D8:F3:32:19,-39,0,0,0,0,0,0,0,0
18859567,NODE_F42DC973E618,blackhole,2,B0:CB:D8:F3:32:19,-39,0,0,0,0,0,0,0,0
18959567,NODE_F42DC973E618,blackhole,2,B0:CB:D8:F3:32:19,-39,0,0,0,0,0,0,0,0
19059568,NODE_F42DC973E618,blackhole,2,B0:CB:D8:F3:32:19,-39,0,0,0,0,0,0,0,0
19159567,NODE_F42DC973E618,blackhole,2,B0:CB:D8:F3:32:19,-39,0,0,0,0,0,0,0,0
19259567,NODE_F42DC973E618,blackhole,2,B0:CB:D8:F3:32:19,-39,0,0,0,0,0,0,0,0
19359568,NODE_F42DC973E618,blackhole,2,B0:CB:D8:F3:32:19,-39,0,0,0,0,0,0,0,0
19459567,NODE_F42DC973E618,blackhole,2,B0:CB:D8:F3:32:19,-39,0,0,0,0,0,0,0,0
19559567,NODE_F42DC973E618,blackhole,2,B0:CB:D8:F3:32:19,-39,0,0,0,0,0,0,0,0
19659572,NODE_F42DC973E618,blackhole,2,B0:CB:D8:F3:32:19,-39,0,0,0,0,0,0,0,0
19759587,NODE_F42DC973E618,blackhole,2,B0:CB:D8:F3:32:19,-39,0,0,0,0,0,0,0,0
19859567,NODE_F42DC973E618,blackhole,2,B0:CB:D8:F3:32:19,-39,0,0,0,0,0,0,0,0
19959568,NODE_F42DC973E618,blackhole,2,B0:CB:D8:F3:32:19,-39,0,0,0,0,0,0,0,0
20059567,NODE_F42DC973E618,blackhole,2,B0:CB:D8:F3:32:19,-39,0,0,0,0,0,0,0,0
20159567,NODE_F42DC973E618,blackhole,2,B0:CB:D8:F3:32:19,-39,0,0,0,0,0,0,0,0
20259568,NODE_F42DC973E618,blackhole,2,B0:CB:D8:F3:32:19,-39,0,0,0,0,0,0,0,0
20359571,NODE_F42DC973E618,blackhole,2,B0:CB:D8:F3:32:19,-39,0,0,0,0,0,0,0,0
20459567,NODE_F42DC973E618,blackhole,2,B0:CB:D8:F3:32:19,-39,0,0,0,0,0,0,0,0
20559568,NODE_F42DC973E618,blackhole,2,B0:CB:D8:F3:32:19,-39,0,0,0,0,0,0,0,0
20659567,NODE_F42DC973E618,blackhole,2,B0:CB:D8:F3:32:19,-39,0,0,0,0,0,0,0,0
20759567,NODE_F42DC973E618,blackhole,2,B0:CB:D8:F3:32:19,-39,0,0,0,0,0,0,0,0
20859568,NODE_F42DC973E618,blackhole,2,B0:CB:D8:F3:32:19,-39,0,0,0,0,0,0,0,0
20959567,NODE_F42DC973E618,blackhole,2,B0:CB:D8:F3:32:19,-39,0,0,0,0,0,0,0,0
21059567,NODE_F42DC973E618,blackhole,2,B0:CB:D8:F3:32:19,-39,0,0,0,0,0,0,0,0
21159568,NODE_F42DC973E618,blackhole,2,B0:CB:D8:F3:32:19,-39,0,0,0,0,0,0,0,0
21259563,NODE_F42DC973E618,blackhole,2,B0:CB:D8:F3:32:19,-39,0,0,0,0,0,0,0,0
21359567,NODE_F42DC973E618,blackhole,2,B0:CB:D8:F3:32:19,-39,0,0,0,0,0,0,0,0
21459568,NODE_F42DC973E618,blackhole,2,B0:CB:D8:F3:32:19,-39,0,0,0,0,0,0,0,0
21559563,NODE_F42DC973E618,blackhole,2,B0:CB:D8:F3:32:19,-39,0,0,0,0,0,0,0,0
21659571,NODE_F42DC973E618,blackhole,2,B0:CB:D8:F3:32:19,-39,0,0,0,0,0,0,0,0
21759568,NODE_F42DC973E618,blackhole,2,B0:CB:D8:F3:32:19,-39,0,0,0,0,0,0,0,0
21859567,NODE_F42DC973E618,blackhole,2,B0:CB:D8:F3:32:19,-39,0,0,0,0,0,0,0,0
21959567,NODE_F42DC973E618,blackhole,2,B0:CB:D8:F3:32:19,-39,0,0,0,0,0,0,0,0
22059568,NODE_F42DC973E618,blackhole,2,B0:CB:D8:F3:32:19,-39,0,0,0,0,0,0,0,0
22159567,NODE_F42DC973E618,blackhole,2,B0:CB:D8:F3:32:19,-39,0,0,0,0,0,0,0,0
22259567,NODE_F42DC973E618,blackhole,2,B0:CB:D8:F3:32:19,-39,0,0,0,0,0,0,0,0
22359572,NODE_F42DC973E618,blackhole,2,B0:CB:D8:F3:32:19,-39,0,0,0,0,0,0,0,0
22459567,NODE_F42DC973E618,blackhole,2,B0:CB:D8:F3:32:19,-39,0,0,0,0,0,0,0,0
22559567,NODE_F42DC973E618,blackhole,2,B0:CB:D8:F3:32:19,-39,0,0,0,0,0,0,0,0
22659566,NODE_F42DC973E618,blackhole,2,B0:CB:D8:F3:32:19,-39,0,0,0,0,0,0,0,0
22759785,NODE_F42DC973E618,blackhole,2,B0:CB:D8:F3:32:19,-39,0,0,0,0,0,0,0,0
22859567,NODE_F42DC973E618,blackhole,2,B0:CB:D8:F3:32:19,-39,0,0,0,0,0,0,0,0
22959572,NODE_F42DC973E618,blackhole,2,B0:CB:D8:F3:32:19,-39,0,0,0,0,0,0,0,0
23059567,NODE_F42DC973E618,blackhole,2,B0:CB:D8:F3:32:19,-39,0,0,0,0,0,0,0,0
23159563,NODE_F42DC973E618,blackhole,2,B0:CB:D8:F3:32:19,-39,0,0,0,0,0,0,0,0
23259568,NODE_F42DC973E618,blackhole,2,B0:CB:D8:F3:32:19,-39,0,0,0,0,0,0,0,0
23359567,NODE_F42DC973E618,blackhole,2,B0:CB:D8:F3:32:19,-39,0,0,0,0,0,0,0,0
23459563,NODE_F42DC973E618,blackhole,2,B0:CB:D8:F3:32:19,-39,0,0,0,0,0,0,0,0
23559568,NODE_F42DC973E618,blackhole,2,B0:CB:D8:F3:32:19,-39,0,0,0,0,0,0,0,0
23659567,NODE_F42DC973E618,blackhole,2,B0:CB:D8:F3:32:19,-39,0,0,0,0,0,0,0,0
23759567,NODE_F42DC973E618,blackhole,2,B0:CB:D8:F3:32:19,-39,0,0,0,0,0,0,0,0
23859568,NODE_F42DC973E618,blackhole,2,B0:CB:D8:F3:32:19,-39,0,0,0,0,0,0,0,0
23959571,NODE_F42DC973E618,blackhole,2,B0:CB:D8:F3:32:19,-39,0,0,0,0,0,0,0,0
24059567,NODE_F42DC973E618,blackhole,2,B0:CB:D8:F3:32:19,-39,0,0,0,0,0,0,0,0
24159568,NODE_F42DC973E618,blackhole,2,B0:CB:D8:F3:32:19,-39,0,0,0,0,0,0,0,0
24259567,NODE_F42DC973E618,blackhole,2,B0:CB:D8:F3:32:19,-39,0,0,0,0,0,0,0,0
24359567,NODE_F42DC973E618,blackhole,2,B0:CB:D8:F3:32:19,-39,0,0,0,0,0,0,0,0
24459568,NODE_F42DC973E618,blackhole,2,B0:CB:D8:F3:32:19,-39,0,0,0,0,0,0,0,0
24559563,NODE_F42DC973E618,blackhole,2,B0:CB:D8:F3:32:19,-39,0,0,0,0,0,0,0,0
24659567,NODE_F42DC973E618,blackhole,2,B0:CB:D8:F3:32:19,-39,0,0,0,0,0,0,0,0
24759568,NODE_F42DC973E618,blackhole,2,B0:CB:D8:F3:32:19,-39,0,0,0,0,0,0,0,0
24859567,NODE_F42DC973E618,blackhole,2,B0:CB:D8:F3:32:19,-39,0,0,0,0,0,0,0,0
24959567,NODE_F42DC973E618,blackhole,2,B0:CB:D8:F3:32:19,-39,0,0,0,0,0,0,0,0
25059568,NODE_F42DC973E618,blackhole,2,B0:CB:D8:F3:32:19,-39,0,0,0,0,0,0,0,0
25159567,NODE_F42DC973E618,blackhole,2,B0:CB:D8:F3:32:19,-39,0,0,0,0,0,0,0,0
25259633,NODE_F42DC973E618,blackhole,2,B0:CB:D8:F3:32:19,-39,0,0,0,0,0,0,0,0
25359568,NODE_F42DC973E618,blackhole,2,B0:CB:D8:F3:32:19,-39,0,0,0,0,0,0,0,0
25459567,NODE_F42DC973E618,blackhole,2,B0:CB:D8:F3:32:19,-39,0,0,0,0,0,0,0,0
25559567,NODE_F42DC973E618,blackhole,2,B0:CB:D8:F3:32:19,-39,0,0,0,0,0,0,0,0
25659568,NODE_F42DC973E618,blackhole,2,B0:CB:D8:F3:32:19,-39,0,0,0,0,0,0,0,0
25759567,NODE_F42DC973E618,blackhole,2,B0:CB:D8:F3:32:19,-39,0,0,0,0,0,0,0,0
25859571,NODE_F42DC973E618,blackhole,2,B0:CB:D8:F3:32:19,-39,0,0,0,0,0,0,0,0
25959568,NODE_F42DC973E618,blackhole,2,B0:CB:D8:F3:32:19,-39,0,0,0,0,0,0,0,0
26059567,NODE_F42DC973E618,blackhole,2,B0:CB:D8:F3:32:19,-39,0,0,0,0,0,0,0,0
26159623,NODE_F42DC973E618,blackhole,2,B0:CB:D8:F3:32:19,-39,0,0,0,0,0,0,0,0
26259572,NODE_F42DC973E618,blackhole,2,B0:CB:D8:F3:32:19,-39,0,0,0,0,0,0,0,0
26359571,NODE_F42DC973E618,blackhole,2,B0:CB:D8:F3:32:19,-39,0,0,0,0,0,0,0,0
26459567,NODE_F42DC973E618,blackhole,2,B0:CB:D8:F3:32:19,-39,0,0,0,0,0,0,0,0
26559568,NODE_F42DC973E618,blackhole,2,B0:CB:D8:F3:32:19,-39,0,0,0,0,0,0,0,0
26659714,NODE_F42DC973E618,blackhole,2,B0:CB:D8:F3:32:19,-39,0,0,0,0,0,0,0,0
26759567,NODE_F42DC973E618,blackhole,2,B0:CB:D8:F3:32:19,-39,0,0,0,0,0,0,0,0
26859568,NODE_F42DC973E618,blackhole,2,B0:CB:D8:F3:32:19,-39,0,0,0,0,0,0,0,0
26959645,NODE_F42DC973E618,blackhole,2,B0:CB:D8:F3:32:19,-39,0,0,0,0,0,0,0,0
27059567,NODE_F42DC973E618,blackhole,2,B0:CB:D8:F3:32:19,-39,0,0,0,0,0,0,0,0
27159568,NODE_F42DC973E618,blackhole,2,B0:CB:D8:F3:32:19,-39,0,0,0,0,0,0,0,0
27259567,NODE_F42DC973E618,blackhole,2,B0:CB:D8:F3:32:19,-39,0,0,0,0,0,0,0,0
27359567,NODE_F42DC973E618,blackhole,2,B0:CB:D8:F3:32:19,-39,0,0,0,0,0,0,0,0
27459568,NODE_F42DC973E618,blackhole,2,B0:CB:D8:F3:32:19,-39,0,0,0,0,0,0,0,0
27559567,NODE_F42DC973E618,blackhole,2,B0:CB:D8:F3:32:19,-39,0,0,0,0,0,0,0,0
27659572,NODE_F42DC973E618,blackhole,2,B0:CB:D8:F3:32:19,-39,0,0,0,0,0,0,0,0
27759568,NODE_F42DC973E618,blackhole,2,B0:CB:D8:F3:32:19,-39,0,0,0,0,0,0,0,0
27859567,NODE_F42DC973E618,blackhole,2,B0:CB:D8:F3:32:19,-39,0,0,0,0,0,0,0,0
27959571,NODE_F42DC973E618,blackhole,2,B0:CB:D8:F3:32:19,-39,0,0,0,0,0,0,0,0
28059568,NODE_F42DC973E618,blackhole,2,B0:CB:D8:F3:32:19,-39,0,0,0,0,0,0,0,0
28159567,NODE_F42DC973E618,blackhole,2,B0:CB:D8:F3:32:19,-39,0,0,0,0,0,0,0,0
28259571,NODE_F42DC973E618,blackhole,-1,00:00:00:00:00:00,-39,0,0,0,0,0,0,0,0
28359564,NODE_F42DC973E618,blackhole,-1,00:00:00:00:00:00,-39,0,0,0,0,0,0,0,0
28459575,NODE_F42DC973E618,blackhole,-1,00:00:00:00:00:00,-39,0,0,0,0,0,0,0,0
28559567,NODE_F42DC973E618,blackhole,-1,00:00:00:00:00:00,-39,0,0,0,0,0,0,0,0
28659568,NODE_F42DC973E618,blackhole,-1,00:00:00:00:00:00,-39,0,0,0,0,0,0,0,0
28759567,NODE_F42DC973E618,blackhole,-1,00:00:00:00:00:00,-39,0,0,0,0,0,0,0,0
28859563,NODE_F42DC973E618,blackhole,-1,00:00:00:00:00:00,-39,0,0,0,0,0,0,0,0
28959568,NODE_F42DC973E618,blackhole,-1,00:00:00:00:00:00,-39,0,0,0,0,0,0,0,0
29059563,NODE_F42DC973E618,blackhole,-1,00:00:00:00:00:00,-39,0,0,0,0,0,0,0,0
29159563,NODE_F42DC973E618,blackhole,-1,00:00:00:00:00:00,-39,0,0,0,0,0,0,0,0
29259556,NODE_F42DC973E618,blackhole,-1,00:00:00:00:00:00,-39,0,0,0,0,0,0,0,0
29359563,NODE_F42DC973E618,blackhole,-1,00:00:00:00:00:00,-39,0,0,0,0,0,0,0,0
29459571,NODE_F42DC973E618,blackhole,-1,00:00:00:00:00:00,-39,0,0,0,0,0,0,0,0
29559564,NODE_F42DC973E618,blackhole,-1,00:00:00:00:00:00,-39,0,0,0,0,0,0,0,0
29659575,NODE_F42DC973E618,blackhole,-1,00:00:00:00:00:00,-39,0,0,0,0,0,0,0,0
29759555,NODE_F42DC973E618,blackhole,-1,00:00:00:00:00:00,-39,0,0,0,0,0,0,0,0
29859560,NODE_F42DC973E618,blackhole,-1,00:00:00:00:00:00,-39,0,0,0,0,0,0,0,0
29959567,NODE_F42DC973E618,blackhole,-1,00:00:00:00:00:00,-39,0,0,0,0,0,0,0,0
30059555,NODE_F42DC973E618,blackhole,-1,00:00:00:00:00:00,-39,0,0,0,0,0,0,0,0
30159560,NODE_F42DC973E618,blackhole,-1,00:00:00:00:00:00,-39,0,0,0,0,0,0,0,0
30259567,NODE_F42DC973E618,blackhole,-1,00:00:00:00:00:00,-39,0,0,0,0,0,0,0,0
30359567,NODE_F42DC973E618,blackhole,-1,00:00:00:00:00:00,-39,0,0,0,0,0,0,0,0
30459564,NODE_F42DC973E618,blackhole,-1,00:00:00:00:00:00,-39,0,0,0,0,0,0,0,0
30559563,NODE_F42DC973E618,blackhole,-1,00:00:00:00:00:00,-39,0,0,0,0,0,0,0,0
30659747,NODE_F42DC973E618,blackhole,-1,00:00:00:00:00:00,-39,0,0,0,0,0,0,0,0
30759572,NODE_F42DC973E618,blackhole,-1,00:00:00:00:00:00,-39,0,0,0,0,0,0,0,0
30859571,NODE_F42DC973E618,blackhole,-1,00:00:00:00:00:00,-39,0,0,0,0,0,0,0,0
30959567,NODE_F42DC973E618,blackhole,-1,00:00:00:00:00:00,-39,0,0,0,0,0,0,0,0
31059556,NODE_F42DC973E618,blackhole,-1,00:00:00:00:00:00,-39,0,0,0,0,0,0,0,0
31159567,NODE_F42DC973E618,blackhole,-1,00:00:00:00:00:00,-39,0,0,0,0,0,0,0,0
31259555,NODE_F42DC973E618,blackhole,-1,00:00:00:00:00:00,-39,0,0,0,0,0,0,0,0
31359560,NODE_F42DC973E618,blackhole,-1,00:00:00:00:00:00,-39,0,0,0,0,0,0,0,0
31459567,NODE_F42DC973E618,blackhole,-1,00:00:00:00:00:00,-39,0,0,0,0,0,0,0,0
31559559,NODE_F42DC973E618,blackhole,-1,00:00:00:00:00:00,-39,0,0,0,0,0,0,0,0
31659564,NODE_F42DC973E618,blackhole,-1,00:00:00:00:00:00,-39,0,0,0,0,0,0,0,0
31759555,NODE_F42DC973E618,blackhole,-1,00:00:00:00:00:00,-39,0,0,0,0,0,0,0,0
31859567,NODE_F42DC973E618,blackhole,-1,00:00:00:00:00:00,-39,0,0,0,0,0,0,0,0
31959576,NODE_F42DC973E618,blackhole,-1,00:00:00:00:00:00,-39,0,0,0,0,0,0,0,0
32059555,NODE_F42DC973E618,blackhole,-1,00:00:00:00:00:00,-39,0,0,0,0,0,0,0,0
32159571,NODE_F42DC973E618,blackhole,-1,00:00:00:00:00:00,-39,0,0,0,0,0,0,0,0
32259556,NODE_F42DC973E618,blackhole,-1,00:00:00:00:00:00,-39,0,0,0,0,0,0,0,0
32359567,NODE_F42DC973E618,blackhole,-1,00:00:00:00:00:00,-39,0,0,0,0,0,0,0,0
32459571,NODE_F42DC973E618,blackhole,-1,00:00:00:00:00:00,-39,0,0,0,0,0,0,0,0
32559556,NODE_F42DC973E618,blackhole,-1,00:00:00:00:00:00,-39,0,0,0,0,0,0,0,0
32659560,NODE_F42DC973E618,blackhole,-1,00:00:00:00:00:00,-39,0,0,0,0,0,0,0,0
32759567,NODE_F42DC973E618,blackhole,-1,00:00:00:00:00:00,-39,0,0,0,0,0,0,0,0
32859560,NODE_F42DC973E618,blackhole,-1,00:00:00:00:00:00,-39,0,0,0,0,0,0,0,0
32959567,NODE_F42DC973E618,blackhole,-1,00:00:00:00:00:00,-39,0,0,0,0,0,0,0,0
33059563,NODE_F42DC973E618,blackhole,-1,00:00:00:00:00:00,-39,0,0,0,0,0,0,0,0
33159572,NODE_F42DC973E618,blackhole,-1,00:00:00:00:00:00,-39,0,0,0,0,0,0,0,0
33259555,NODE_F42DC973E618,blackhole,-1,00:00:00:00:00:00,-39,0,0,0,0,0,0,0,0
33359571,NODE_F42DC973E618,blackhole,-1,00:00:00:00:00:00,-39,0,0,0,0,0,0,0,0
33459568,NODE_F42DC973E618,blackhole,-1,00:00:00:00:00:00,-39,0,0,0,0,0,0,0,0
33559555,NODE_F42DC973E618,blackhole,-1,00:00:00:00:00:00,-39,0,0,0,0,0,0,0,0
33659567,NODE_F42DC973E618,blackhole,-1,00:00:00:00:00:00,-39,0,0,0,0,0,0,0,0
33759556,NODE_F42DC973E618,blackhole,-1,00:00:00:00:00:00,-39,0,0,0,0,0,0,0,0
33859559,NODE_F42DC973E618,blackhole,-1,00:00:00:00:00:00,-39,0,0,0,0,0,0,0,0
33959567,NODE_F42DC973E618,blackhole,-1,00:00:00:00:00:00,-39,0,0,0,0,0,0,0,0
34059556,NODE_F42DC973E618,blackhole,-1,00:00:00:00:00:00,-39,0,0,0,0,0,0,0,0
34159559,NODE_F42DC973E618,blackhole,-1,00:00:00:00:00:00,-39,0,0,0,0,0,0,0,0
34259563,NODE_F42DC973E618,blackhole,-1,00:00:00:00:00:00,-39,0,0,0,0,0,0,0,0
34359568,NODE_F42DC973E618,blackhole,-1,00:00:00:00:00:00,-39,0,0,0,0,0,0,0,0
34459563,NODE_F42DC973E618,blackhole,-1,00:00:00:00:00:00,-39,0,0,0,0,0,0,0,0
34559575,NODE_F42DC973E618,blackhole,-1,00:00:00:00:00:00,-39,0,0,0,0,0,0,0,0
34659564,NODE_F42DC973E618,blackhole,-1,00:00:00:00:00:00,-39,0,0,0,0,0,0,0,0
34759555,NODE_F42DC973E618,blackhole,-1,00:00:00:00:00:00,-39,0,0,0,0,0,0,0,0
34859571,NODE_F42DC973E618,blackhole,-1,00:00:00:00:00:00,-39,0,0,0,0,0,0,0,0
34959560,NODE_F42DC973E618,blackhole,-1,00:00:00:00:00:00,-39,0,0,0,0,0,0,0,0
35059555,NODE_F42DC973E618,blackhole,-1,00:00:00:00:00:00,-39,0,0,0,0,0,0,0,0
35159563,NODE_F42DC973E618,blackhole,-1,00:00:00:00:00:00,-39,0,0,0,0,0,0,0,0
35259556,NODE_F42DC973E618,blackhole,-1,00:00:00:00:00:00,-39,0,0,0,0,0,0,0,0
35359559,NODE_F42DC973E618,blackhole,-1,00:00:00:00:00:00,-39,0,0,0,0,0,0,0,0
35459567,NODE_F42DC973E618,blackhole,-1,00:00:00:00:00:00,-39,0,0,0,0,0,0,0,0
35559740,NODE_F42DC973E618,blackhole,-1,00:00:00:00:00:00,-39,0,0,0,0,0,0,0,0
35659571,NODE_F42DC973E618,blackhole,-1,00:00:00:00:00:00,0,0,0,0,0,0,0,0,0
35760327,NODE_F42DC973E618,blackhole,-1,00:00:00:00:00:00,0,0,0,0,0,0,0,0,0
35859572,NODE_F42DC973E618,blackhole,-1,00:00:00:00:00:00,0,0,0,0,0,0,0,0,0
35959563,NODE_F42DC973E618,blackhole,-1,00:00:00:00:00:00,0,0,0,0,0,0,0,0,0
36059555,NODE_F42DC973E618,blackhole,-1,00:00:00:00:00:00,0,0,0,0,0,0,0,0,0
36159572,NODE_F42DC973E618,blackhole,-1,00:00:00:00:00:00,0,0,0,0,0,0,0,0,0
36259571,NODE_F42DC973E618,blackhole,-1,00:00:00:00:00:00,0,0,0,0,0,0,0,0,0
36359563,NODE_F42DC973E618,blackhole,-1,00:00:00:00:00:00,0,0,0,0,0,0,0,0,0
36459576,NODE_F42DC973E618,blackhole,-1,00:00:00:00:00:00,0,0,0,0,0,0,0,0,0
36559559,NODE_F42DC973E618,blackhole,-1,00:00:00:00:00:00,0,0,0,0,0,0,0,0,0
36659559,NODE_F42DC973E618,blackhole,-1,00:00:00:00:00:00,0,0,0,0,0,0,0,0,0
36759568,NODE_F42DC973E618,blackhole,-1,00:00:00:00:00:00,0,0,0,0,0,0,0,0,0
36859575,NODE_F42DC973E618,blackhole,-1,00:00:00:00:00:00,0,0,0,0,0,0,0,0,0
36959555,NODE_F42DC973E618,blackhole,-1,00:00:00:00:00:00,0,0,0,0,0,0,0,0,0
37059568,NODE_F42DC973E618,blackhole,-1,00:00:00:00:00:00,0,0,0,0,0,0,0,0,0
37159567,NODE_F42DC973E618,blackhole,-1,00:00:00:00:00:00,0,0,0,0,0,0,0,0,0
37259555,NODE_F42DC973E618,blackhole,-1,00:00:00:00:00:00,0,0,0,0,0,0,0,0,0
37359568,NODE_F42DC973E618,blackhole,-1,00:00:00:00:00:00,0,0,0,0,0,0,0,0,0
37459575,NODE_F42DC973E618,blackhole,-1,00:00:00:00:00:00,0,0,0,0,0,0,0,0,0
37559563,NODE_F42DC973E618,blackhole,-1,00:00:00:00:00:00,0,0,0,0,0,0,0,0,0
37659578,NODE_F42DC973E618,blackhole,-1,00:00:00:00:00:00,0,0,0,0,0,0,0,0,0
37759563,NODE_F42DC973E618,blackhole,-1,00:00:00:00:00:00,0,0,0,0,0,0,0,0,0
37859559,NODE_F42DC973E618,blackhole,-1,00:00:00:00:00:00,0,0,0,0,0,0,0,0,0
37959568,NODE_F42DC973E618,blackhole,-1,00:00:00:00:00:00,0,0,0,0,0,0,0,0,0
38059567,NODE_F42DC973E618,blackhole,-1,00:00:00:00:00:00,0,0,0,0,0,0,0,0,0
38159571,NODE_F42DC973E618,blackhole,-1,00:00:00:00:00:00,0,0,0,0,0,0,0,0,0
38259572,NODE_F42DC973E618,blackhole,-1,00:00:00:00:00:00,0,0,0,0,0,0,0,0,0
38359567,NODE_F42DC973E618,blackhole,-1,00:00:00:00:00:00,0,0,0,0,0,0,0,0,0
38459563,NODE_F42DC973E618,blackhole,-1,00:00:00:00:00:00,0,0,0,0,0,0,0,0,0
38559568,NODE_F42DC973E618,blackhole,-1,00:00:00:00:00:00,0,0,0,0,0,0,0,0,0
38659567,NODE_F42DC973E618,blackhole,-1,00:00:00:00:00:00,0,0,0,0,0,0,0,0,0
38759575,NODE_F42DC973E618,blackhole,-1,00:00:00:00:00:00,0,0,0,0,0,0,0,0,0
38859649,NODE_F42DC973E618,blackhole,-1,00:00:00:00:00:00,0,0,0,0,0,0,0,0,0
38959567,NODE_F42DC973E618,blackhole,-1,00:00:00:00:00:00,0,0,0,0,0,0,0,0,0
39059567,NODE_F42DC973E618,blackhole,-1,00:00:00:00:00:00,0,0,0,0,0,0,0,0,0
39159576,NODE_F42DC973E618,blackhole,-1,00:00:00:00:00:00,0,0,0,0,0,0,0,0,0
39259559,NODE_F42DC973E618,blackhole,-1,00:00:00:00:00:00,0,0,0,0,0,0,0,0,0
39359559,NODE_F42DC973E618,blackhole,-1,00:00:00:00:00:00,0,0,0,0,0,0,0,0,0
39459568,NODE_F42DC973E618,blackhole,-1,00:00:00:00:00:00,0,0,0,0,0,0,0,0,0
39559567,NODE_F42DC973E618,blackhole,-1,00:00:00:00:00:00,0,0,0,0,0,0,0,0,0
39659571,NODE_F42DC973E618,blackhole,-1,00:00:00:00:00:00,0,0,0,0,0,0,0,0,0
39759572,NODE_F42DC973E618,blackhole,-1,00:00:00:00:00:00,0,0,0,0,0,0,0,0,0
39859567,NODE_F42DC973E618,blackhole,-1,00:00:00:00:00:00,0,0,0,0,0,0,0,0,0
39959563,NODE_F42DC973E618,blackhole,-1,00:00:00:00:00:00,0,0,0,0,0,0,0,0,0
40059564,NODE_F42DC973E618,blackhole,-1,00:00:00:00:00:00,0,0,0,0,0,0,0,0,0
40159575,NODE_F42DC973E618,blackhole,-1,00:00:00:00:00:00,0,0,0,0,0,0,0,0,0
40259567,NODE_F42DC973E618,blackhole,-1,00:00:00:00:00:00,0,0,0,0,0,0,0,0,0
40359572,NODE_F42DC973E618,blackhole,-1,00:00:00:00:00:00,0,0,0,0,0,0,0,0,0
40459571,NODE_F42DC973E618,blackhole,-1,00:00:00:00:00:00,0,0,0,0,0,0,0,0,0
40559559,NODE_F42DC973E618,blackhole,-1,00:00:00:00:00:00,0,0,0,0,0,0,0,0,0
40659560,NODE_F42DC973E618,blackhole,-1,00:00:00:00:00:00,0,0,0,0,0,0,0,0,0
40759567,NODE_F42DC973E618,blackhole,-1,00:00:00:00:00:00,0,0,0,0,0,0,0,0,0
40859571,NODE_F42DC973E618,blackhole,-1,00:00:00:00:00:00,0,0,0,0,0,0,0,0,0
40959556,NODE_F42DC973E618,blackhole,-1,00:00:00:00:00:00,0,0,0,0,0,0,0,0,0
41059575,NODE_F42DC973E618,blackhole,-1,00:00:00:00:00:00,0,0,0,0,0,0,0,0,0
41159563,NODE_F42DC973E618,blackhole,-1,00:00:00:00:00:00,0,0,0,0,0,0,0,0,0
41259556,NODE_F42DC973E618,blackhole,-1,00:00:00:00:00:00,0,0,0,0,0,0,0,0,0
41359567,NODE_F42DC973E618,blackhole,-1,00:00:00:00:00:00,0,0,0,0,0,0,0,0,0
41459575,NODE_F42DC973E618,blackhole,-1,00:00:00:00:00:00,0,0,0,0,0,0,0,0,0
41559564,NODE_F42DC973E618,blackhole,-1,00:00:00:00:00:00,0,0,0,0,0,0,0,0,0
41659575,NODE_F42DC973E618,blackhole,-1,00:00:00:00:00:00,0,0,0,0,0,0,0,0,0
41759559,NODE_F42DC973E618,blackhole,-1,00:00:00:00:00:00,0,0,0,0,0,0,0,0,0
41859560,NODE_F42DC973E618,blackhole,-1,00:00:00:00:00:00,0,0,0,0,0,0,0,0,0
41959567,NODE_F42DC973E618,blackhole,-1,00:00:00:00:00:00,0,0,0,0,0,0,0,0,0
42059567,NODE_F42DC973E618,blackhole,-1,00:00:00:00:00:00,0,0,0,0,0,0,0,0,0
42159568,NODE_F42DC973E618,blackhole,-1,00:00:00:00:00:00,0,0,0,0,0,0,0,0,0
42259563,NODE_F42DC973E618,blackhole,-1,00:00:00:00:00:00,0,0,0,0,0,0,0,0,0
42359571,NODE_F42DC973E618,blackhole,-1,00:00:00:00:00:00,0,0,0,0,0,0,0,0,0
42459560,NODE_F42DC973E618,blackhole,-1,00:00:00:00:00:00,0,0,0,0,0,0,0,0,0
42559567,NODE_F42DC973E618,blackhole,-1,00:00:00:00:00:00,0,0,0,0,0,0,0,0,0
42659568,NODE_F42DC973E618,blackhole,-1,00:00:00:00:00:00,0,0,0,0,0,0,0,0,0
42759572,NODE_F42DC973E618,blackhole,-1,00:00:00:00:00:00,0,0,0,0,0,0,0,0,0
42859567,NODE_F42DC973E618,blackhole,-1,00:00:00:00:00:00,0,0,0,0,0,0,0,0,0
42959563,NODE_F42DC973E618,blackhole,-1,00:00:00:00:00:00,0,0,0,0,0,0,0,0,0
43059568,NODE_F42DC973E618,blackhole,-1,00:00:00:00:00:00,0,0,0,0,0,0,0,0,0
43159575,NODE_F42DC973E618,blackhole,-1,00:00:00:00:00:00,0,0,0,0,0,0,0,0,0
43259559,NODE_F42DC973E618,blackhole,-1,00:00:00:00:00:00,0,0,0,0,0,0,0,0,0
43359560,NODE_F42DC973E618,blackhole,-1,00:00:00:00:00:00,0,0,0,0,0,0,0,0,0
43459567,NODE_F42DC973E618,blackhole,-1,00:00:00:00:00:00,0,0,0,0,0,0,0,0,0
43559559,NODE_F42DC973E618,blackhole,-1,00:00:00:00:00:00,0,0,0,0,0,0,0,0,0
43659572,NODE_F42DC973E618,blackhole,-1,00:00:00:00:00:00,0,0,0,0,0,0,0,0,0
43759571,NODE_F42DC973E618,blackhole,-1,00:00:00:00:00:00,0,0,0,0,0,0,0,0,0
43859567,NODE_F42DC973E618,blackhole,-1,00:00:00:00:00:00,0,0,0,0,0,0,0,0,0
43959560,NODE_F42DC973E618,blackhole,-1,00:00:00:00:00:00,0,0,0,0,0,0,0,0,0
44060176,NODE_F42DC973E618,blackhole,-1,00:00:00:00:00:00,0,0,0,0,0,0,0,0,0
44159575,NODE_F42DC973E618,blackhole,-1,00:00:00:00:00:00,0,0,0,0,0,0,0,0,0
44259568,NODE_F42DC973E618,blackhole,-1,00:00:00:00:00:00,0,0,0,0,0,0,0,0,0
44359571,NODE_F42DC973E618,blackhole,-1,00:00:00:00:00:00,0,0,0,0,0,0,0,0,0
44459567,NODE_F42DC973E618,blackhole,-1,00:00:00:00:00:00,0,0,0,0,0,0,0,0,0
44559560,NODE_F42DC973E618,blackhole,-1,00:00:00:00:00:00,0,0,0,0,0,0,0,0,0
44659563,NODE_F42DC973E618,blackhole,-1,00:00:00:00:00:00,0,0,0,0,0,0,0,0,0
44759567,NODE_F42DC973E618,blackhole,-1,00:00:00:00:00:00,0,0,0,0,0,0,0,0,0
44859572,NODE_F42DC973E618,blackhole,-1,00:00:00:00:00:00,0,0,0,0,0,0,0,0,0
44959555,NODE_F42DC973E618,blackhole,-1,00:00:00:00:00:00,0,0,0,0,0,0,0,0,0
45059575,NODE_F42DC973E618,blackhole,-1,00:00:00:00:00:00,0,0,0,0,0,0,0,0,0
45159568,NODE_F42DC973E618,blackhole,-1,00:00:00:00:00:00,0,0,0,0,0,0,0,0,0
45259555,NODE_F42DC973E618,blackhole,-1,00:00:00:00:00:00,0,0,0,0,0,0,0,0,0
45359567,NODE_F42DC973E618,blackhole,-1,00:00:00:00:00:00,0,0,0,0,0,0,0,0,0
45459576,NODE_F42DC973E618,blackhole,-1,00:00:00:00:00:00,0,0,0,0,0,0,0,0,0
45559563,NODE_F42DC973E618,blackhole,-1,00:00:00:00:00:00,0,0,0,0,0,0,0,0,0
45659575,NODE_F42DC973E618,blackhole,-1,00:00:00:00:00:00,0,0,0,0,0,0,0,0,0
45759560,NODE_F42DC973E618,blackhole,-1,00:00:00:00:00:00,0,0,0,0,0,0,0,0,0
45859563,NODE_F42DC973E618,blackhole,-1,00:00:00:00:00:00,0,0,0,0,0,0,0,0,0
45959567,NODE_F42DC973E618,blackhole,-1,00:00:00:00:00:00,0,0,0,0,0,0,0,0,0
46059568,NODE_F42DC973E618,blackhole,-1,00:00:00:00:00:00,0,0,0,0,0,0,0,0,0
46159567,NODE_F42DC973E618,blackhole,-1,00:00:00:00:00:00,0,0,0,0,0,0,0,0,0
46259571,NODE_F42DC973E618,blackhole,-1,00:00:00:00:00:00,0,0,0,0,0,0,0,0,0
46359572,NODE_F42DC973E618,blackhole,-1,00:00:00:00:00:00,0,0,0,0,0,0,0,0,0
46459563,NODE_F42DC973E618,blackhole,-1,00:00:00:00:00:00,0,0,0,0,0,0,0,0,0
46559567,NODE_F42DC973E618,blackhole,-1,00:00:00:00:00:00,0,0,0,0,0,0,0,0,0
46659568,NODE_F42DC973E618,blackhole,-1,00:00:00:00:00:00,0,0,0,0,0,0,0,0,0
46759575,NODE_F42DC973E618,blackhole,-1,00:00:00:00:00:00,0,0,0,0,0,0,0,0,0
46859567,NODE_F42DC973E618,blackhole,-1,00:00:00:00:00:00,0,0,0,0,0,0,0,0,0
46959564,NODE_F42DC973E618,blackhole,-1,00:00:00:00:00:00,0,0,0,0,0,0,0,0,0
47059567,NODE_F42DC973E618,blackhole,-1,00:00:00:00:00:00,0,0,0,0,0,0,0,0,0
47159575,NODE_F42DC973E618,blackhole,-1,00:00:00:00:00:00,0,0,0,0,0,0,0,0,0
47259560,NODE_F42DC973E618,blackhole,-1,00:00:00:00:00:00,0,0,0,0,0,0,0,0,0
47359559,NODE_F42DC973E618,blackhole,-1,00:00:00:00:00:00,0,0,0,0,0,0,0,0,0
47459567,NODE_F42DC973E618,blackhole,-1,00:00:00:00:00:00,0,0,0,0,0,0,0,0,0
47559560,NODE_F42DC973E618,blackhole,-1,00:00:00:00:00:00,0,0,0,0,0,0,0,0,0
47659572,NODE_F42DC973E618,blackhole,-1,00:00:00:00:00:00,0,0,0,0,0,0,0,0,0
47759571,NODE_F42DC973E618,blackhole,-1,00:00:00:00:00:00,0,0,0,0,0,0,0,0,0
47859568,NODE_F42DC973E618,blackhole,-1,00:00:00:00:00:00,0,0,0,0,0,0,0,0,0
47959559,NODE_F42DC973E618,blackhole,-1,00:00:00:00:00:00,0,0,0,0,0,0,0,0,0
48059575,NODE_F42DC973E618,blackhole,-1,00:00:00:00:00:00,0,0,0,0,0,0,0,0,0
48159568,NODE_F42DC973E618,blackhole,-1,00:00:00:00:00:00,0,0,0,0,0,0,0,0,0
48259567,NODE_F42DC973E618,blackhole,-1,00:00:00:00:00:00,0,0,0,0,0,0,0,0,0
48359575,NODE_F42DC973E618,blackhole,-1,00:00:00:00:00:00,0,0,0,0,0,0,0,0,0
48459568,NODE_F42DC973E618,blackhole,-1,00:00:00:00:00:00,0,0,0,0,0,0,0,0,0
48559559,NODE_F42DC973E618,blackhole,-1,00:00:00:00:00:00,0,0,0,0,0,0,0,0,0
48659567,NODE_F42DC973E618,blackhole,-1,00:00:00:00:00:00,0,0,0,0,0,0,0,0,0
48759568,NODE_F42DC973E618,blackhole,-1,00:00:00:00:00:00,0,0,0,0,0,0,0,0,0
48859563,NODE_F42DC973E618,blackhole,-1,00:00:00:00:00:00,0,0,0,0,0,0,0,0,0
48959559,NODE_F42DC973E618,blackhole,-1,00:00:00:00:00:00,0,0,0,0,0,0,0,0,0
49059576,NODE_F42DC973E618,blackhole,-1,00:00:00:00:00:00,0,0,0,0,0,0,0,0,0
49159567,NODE_F42DC973E618,blackhole,-1,00:00:00:00:00:00,0,0,0,0,0,0,0,0,0
49259555,NODE_F42DC973E618,blackhole,-1,00:00:00:00:00:00,0,0,0,0,0,0,0,0,0
49359568,NODE_F42DC973E618,blackhole,-1,00:00:00:00:00:00,0,0,0,0,0,0,0,0,0
49459575,NODE_F42DC973E618,blackhole,-1,00:00:00:00:00:00,0,0,0,0,0,0,0,0,0
49559563,NODE_F42DC973E618,blackhole,-1,00:00:00:00:00:00,0,0,0,0,0,0,0,0,0
49659576,NODE_F42DC973E618,blackhole,-1,00:00:00:00:00:00,0,0,0,0,0,0,0,0,0
49759559,NODE_F42DC973E618,blackhole,-1,00:00:00:00:00:00,0,0,0,0,0,0,0,0,0
49859563,NODE_F42DC973E618,blackhole,-1,00:00:00:00:00:00,0,0,0,0,0,0,0,0,0
49959568,NODE_F42DC973E618,blackhole,-1,00:00:00:00:00:00,0,0,0,0,0,0,0,0,0
50059567,NODE_F42DC973E618,blackhole,-1,00:00:00:00:00:00,0,0,0,0,0,0,0,0,0
50159567,NODE_F42DC973E618,blackhole,-1,00:00:00:00:00:00,0,0,0,0,0,0,0,0,0
50259572,NODE_F42DC973E618,blackhole,-1,00:00:00:00:00:00,0,0,0,0,0,0,0,0,0
50359571,NODE_F42DC973E618,blackhole,-1,00:00:00:00:00:00,0,0,0,0,0,0,0,0,0
50459559,NODE_F42DC973E618,blackhole,-1,00:00:00:00:00:00,0,0,0,0,0,0,0,0,0
50559568,NODE_F42DC973E618,blackhole,-1,00:00:00:00:00:00,0,0,0,0,0,0,0,0,0
50659567,NODE_F42DC973E618,blackhole,-1,00:00:00:00:00:00,0,0,0,0,0,0,0,0,0
50759575,NODE_F42DC973E618,blackhole,-1,00:00:00:00:00:00,0,0,0,0,0,0,0,0,0
50859701,NODE_F42DC973E618,blackhole,-1,00:00:00:00:00:00,0,0,0,0,0,0,0,0,0
50959575,NODE_F42DC973E618,blackhole,-1,00:00:00:00:00:00,0,0,0,0,0,0,0,0,0
51059642,NODE_F42DC973E618,blackhole,2,B0:CB:D8:F3:32:19,-38,0,0,0,0,0,0,0,0
51159572,NODE_F42DC973E618,blackhole,2,B0:CB:D8:F3:32:19,-39,0,0,0,0,0,0,0,0
51259571,NODE_F42DC973E618,blackhole,2,B0:CB:D8:F3:32:19,-39,0,0,0,0,0,0,0,0
51359567,NODE_F42DC973E618,blackhole,2,B0:CB:D8:F3:32:19,-40,0,0,0,0,0,0,0,0
51459568,NODE_F42DC973E618,blackhole,2,B0:CB:D8:F3:32:19,-43,0,0,0,0,0,0,0,0
51559567,NODE_F42DC973E618,blackhole,2,B0:CB:D8:F3:32:19,-39,0,0,0,0,0,0,0,0
51659571,NODE_F42DC973E618,blackhole,2,B0:CB:D8:F3:32:19,-42,0,0,0,0,0,0,0,0
51759564,NODE_F42DC973E618,blackhole,2,B0:CB:D8:F3:32:19,-43,0,0,0,0,0,0,0,0
51859571,NODE_F42DC973E618,blackhole,2,B0:CB:D8:F3:32:19,-38,0,0,0,0,0,0,0,0
51959571,NODE_F42DC973E618,blackhole,2,B0:CB:D8:F3:32:19,-39,0,0,0,0,0,0,0,0
52059564,NODE_F42DC973E618,blackhole,2,B0:CB:D8:F3:32:19,-39,0,0,0,0,0,0,0,0
52159567,NODE_F42DC973E618,blackhole,2,B0:CB:D8:F3:32:19,-42,0,0,0,0,0,0,0,0
52259567,NODE_F42DC973E618,blackhole,2,B0:CB:D8:F3:32:19,-38,0,0,0,0,0,0,0,0
52359568,NODE_F42DC973E618,blackhole,2,B0:CB:D8:F3:32:19,-41,0,0,0,0,0,0,0,0
52459567,NODE_F42DC973E618,blackhole,2,B0:CB:D8:F3:32:19,-43,0,0,0,0,0,0,0,0
52559567,NODE_F42DC973E618,blackhole,2,B0:CB:D8:F3:32:19,-43,0,0,0,0,0,0,0,0
52659570,NODE_F42DC973E618,blackhole,2,B0:CB:D8:F3:32:19,-43,0,0,0,0,0,0,0,0
52759567,NODE_F42DC973E618,blackhole,2,B0:CB:D8:F3:32:19,-43,0,0,0,0,0,0,0,0
52859567,NODE_F42DC973E618,blackhole,2,B0:CB:D8:F3:32:19,-40,0,0,0,0,0,0,0,0
52959572,NODE_F42DC973E618,blackhole,2,B0:CB:D8:F3:32:19,-38,0,0,0,0,0,0,0,0
53059567,NODE_F42DC973E618,blackhole,2,B0:CB:D8:F3:32:19,-41,0,0,0,0,0,0,0,0
53159567,NODE_F42DC973E618,blackhole,2,B0:CB:D8:F3:32:19,-43,0,0,0,0,0,0,0,0
53259568,NODE_F42DC973E618,blackhole,2,B0:CB:D8:F3:32:19,-40,0,0,0,0,0,0,0,0
53359567,NODE_F42DC973E618,blackhole,2,B0:CB:D8:F3:32:19,-39,0,0,0,0,0,0,0,0
53459567,NODE_F42DC973E618,blackhole,2,B0:CB:D8:F3:32:19,-43,0,0,0,0,0,0,0,0
53559568,NODE_F42DC973E618,blackhole,2,B0:CB:D8:F3:32:19,-42,0,0,0,0,0,0,0,0
53659567,NODE_F42DC973E618,blackhole,2,B0:CB:D8:F3:32:19,-43,0,0,0,0,0,0,0,0
53759567,NODE_F42DC973E618,blackhole,2,B0:CB:D8:F3:32:19,-39,0,0,0,0,0,0,0,0
53859568,NODE_F42DC973E618,blackhole,2,B0:CB:D8:F3:32:19,-43,0,0,0,0,0,0,0,0
53959571,NODE_F42DC973E618,blackhole,2,B0:CB:D8:F3:32:19,-39,0,0,0,0,0,0,0,0
54059567,NODE_F42DC973E618,blackhole,2,B0:CB:D8:F3:32:19,-43,0,0,0,0,0,0,0,0
54159568,NODE_F42DC973E618,blackhole,2,B0:CB:D8:F3:32:19,-40,0,0,0,0,0,0,0,0
54259567,NODE_F42DC973E618,blackhole,2,B0:CB:D8:F3:32:19,-39,0,0,0,0,0,0,0,0
54359567,NODE_F42DC973E618,blackhole,2,B0:CB:D8:F3:32:19,-43,0,0,0,0,0,0,0,0
54459576,NODE_F42DC973E618,blackhole,2,B0:CB:D8:F3:32:19,-43,0,0,0,0,0,0,0,0
54559567,NODE_F42DC973E618,blackhole,2,B0:CB:D8:F3:32:19,-40,0,0,0,0,0,0,0,0
54659567,NODE_F42DC973E618,blackhole,2,B0:CB:D8:F3:32:19,-43,0,0,0,0,0,0,0,0
54759564,NODE_F42DC973E618,blackhole,2,B0:CB:D8:F3:32:19,-43,0,0,0,0,0,0,0,0
54859567,NODE_F42DC973E618,blackhole,2,B0:CB:D8:F3:32:19,-43,0,0,0,0,0,0,0,0
54959567,NODE_F42DC973E618,blackhole,2,B0:CB:D8:F3:32:19,-43,0,0,0,0,0,0,0,0
55059568,NODE_F42DC973E618,blackhole,2,B0:CB:D8:F3:32:19,-39,0,0,0,255,255,0,0,0
55159567,NODE_F42DC973E618,blackhole,2,B0:CB:D8:F3:32:19,-40,0,0,0,255,255,0,0,0
55259567,NODE_F42DC973E618,blackhole,2,B0:CB:D8:F3:32:19,-43,0,0,0,255,255,0,0,0
55359568,NODE_F42DC973E618,blackhole,2,B0:CB:D8:F3:32:19,-38,0,0,0,255,255,0,0,0
55459567,NODE_F42DC973E618,blackhole,2,B0:CB:D8:F3:32:19,-39,0,0,0,255,255,0,0,0
55559567,NODE_F42DC973E618,blackhole,2,B0:CB:D8:F3:32:19,-39,0,0,0,255,255,0,0,0
55659572,NODE_F42DC973E618,blackhole,2,B0:CB:D8:F3:32:19,-43,0,0,0,255,255,0,0,0
55759567,NODE_F42DC973E618,blackhole,2,B0:CB:D8:F3:32:19,-38,0,0,0,255,255,0,0,0
55859567,NODE_F42DC973E618,blackhole,2,B0:CB:D8:F3:32:19,-42,0,0,0,255,255,0,0,0
55959568,NODE_F42DC973E618,blackhole,2,B0:CB:D8:F3:32:19,-43,0,0,0,255,255,0,0,0
56059567,NODE_F42DC973E618,blackhole,2,B0:CB:D8:F3:32:19,-42,0,0,0,255,255,0,0,0
56159567,NODE_F42DC973E618,blackhole,2,B0:CB:D8:F3:32:19,-43,0,0,0,255,255,0,0,0
56259568,NODE_F42DC973E618,blackhole,2,B0:CB:D8:F3:32:19,-43,0,0,0,255,255,0,0,0
56359567,NODE_F42DC973E618,blackhole,2,B0:CB:D8:F3:32:19,-40,0,0,0,255,255,0,0,0
56459567,NODE_F42DC973E618,blackhole,2,B0:CB:D8:F3:32:19,-42,0,0,0,255,255,0,0,0
56559568,NODE_F42DC973E618,blackhole,2,B0:CB:D8:F3:32:19,-43,0,0,0,255,255,0,0,0
56659567,NODE_F42DC973E618,blackhole,2,B0:CB:D8:F3:32:19,-43,0,0,0,255,255,0,0,0
56759567,NODE_F42DC973E618,blackhole,2,B0:CB:D8:F3:32:19,-43,0,0,0,255,255,0,0,0
56859568,NODE_F42DC973E618,blackhole,2,B0:CB:D8:F3:32:19,-39,0,0,0,255,255,0,0,0
56959567,NODE_F42DC973E618,blackhole,2,B0:CB:D8:F3:32:19,-39,0,0,0,255,255,0,0,0
57059567,NODE_F42DC973E618,blackhole,2,B0:CB:D8:F3:32:19,-43,0,0,0,255,255,0,0,0
57159568,NODE_F42DC973E618,blackhole,2,B0:CB:D8:F3:32:19,-42,0,0,0,255,255,0,0,0
57259567,NODE_F42DC973E618,blackhole,2,B0:CB:D8:F3:32:19,-43,0,0,0,255,255,0,0,0
57359567,NODE_F42DC973E618,blackhole,2,B0:CB:D8:F3:32:19,-42,0,0,0,255,255,0,0,0
57459572,NODE_F42DC973E618,blackhole,2,B0:CB:D8:F3:32:19,-43,0,0,0,255,255,0,0,0
57559567,NODE_F42DC973E618,blackhole,2,B0:CB:D8:F3:32:19,-40,0,0,0,255,255,0,0,0
57659568,NODE_F42DC973E618,blackhole,2,B0:CB:D8:F3:32:19,-40,0,0,0,255,255,0,0,0
57759568,NODE_F42DC973E618,blackhole,2,B0:CB:D8:F3:32:19,-41,0,0,0,255,255,0,0,0
57859567,NODE_F42DC973E618,blackhole,2,B0:CB:D8:F3:32:19,-43,0,0,0,255,255,0,0,0
57959571,NODE_F42DC973E618,blackhole,2,B0:CB:D8:F3:32:19,-39,0,0,0,255,255,0,0,0
58059564,NODE_F42DC973E618,blackhole,2,B0:CB:D8:F3:32:19,-42,0,0,0,255,255,0,0,0
58159567,NODE_F42DC973E618,blackhole,2,B0:CB:D8:F3:32:19,-42,0,0,0,255,255,0,0,0
58259567,NODE_F42DC973E618,blackhole,2,B0:CB:D8:F3:32:19,-39,0,0,0,255,255,0,0,0
58359568,NODE_F42DC973E618,blackhole,2,B0:CB:D8:F3:32:19,-43,0,0,0,255,255,0,0,0
58459567,NODE_F42DC973E618,blackhole,2,B0:CB:D8:F3:32:19,-42,0,0,0,255,255,0,0,0
58559567,NODE_F42DC973E618,blackhole,2,B0:CB:D8:F3:32:19,-39,0,0,0,255,255,0,0,0
58659568,NODE_F42DC973E618,blackhole,2,B0:CB:D8:F3:32:19,-39,0,0,0,255,255,0,0,0
58759567,NODE_F42DC973E618,blackhole,2,B0:CB:D8:F3:32:19,-42,0,0,0,255,255,0,0,0
58859567,NODE_F42DC973E618,blackhole,2,B0:CB:D8:F3:32:19,-43,0,0,0,255,255,0,0,0
58959572,NODE_F42DC973E618,blackhole,2,B0:CB:D8:F3:32:19,-38,0,0,0,255,255,0,0,0
59059567,NODE_F42DC973E618,blackhole,2,B0:CB:D8:F3:32:19,-38,0,0,0,255,255,0,0,0
59159563,NODE_F42DC973E618,blackhole,2,B0:CB:D8:F3:32:19,-42,0,0,0,255,255,0,0,0
59259568,NODE_F42DC973E618,blackhole,2,B0:CB:D8:F3:32:19,-39,0,0,0,255,255,0,0,0
59359567,NODE_F42DC973E618,blackhole,2,B0:CB:D8:F3:32:19,-39,0,0,0,255,255,0,0,0
59459563,NODE_F42DC973E618,blackhole,2,B0:CB:D8:F3:32:19,-40,0,0,0,255,255,0,0,0
59559568,NODE_F42DC973E618,blackhole,2,B0:CB:D8:F3:32:19,-39,0,0,0,255,255,0,0,0
59659567,NODE_F42DC973E618,blackhole,2,B0:CB:D8:F3:32:19,-42,0,0,0,255,255,0,0,0
59759567,NODE_F42DC973E618,blackhole,2,B0:CB:D8:F3:32:19,-39,0,0,0,255,255,0,0,0
59859568,NODE_F42DC973E618,blackhole,2,B0:CB:D8:F3:32:19,-42,0,0,0,255,255,0,0,0
59959571,NODE_F42DC973E618,blackhole,2,B0:CB:D8:F3:32:19,-43,0,0,0,255,255,0,0,0
60059571,NODE_F42DC973E618,blackhole,2,B0:CB:D8:F3:32:19,-42,0,0,0,255,255,0,0,0
60159572,NODE_F42DC973E618,blackhole,2,B0:CB:D8:F3:32:19,-42,0,0,0,255,255,0,0,0
60259567,NODE_F42DC973E618,blackhole,2,B0:CB:D8:F3:32:19,-42,0,0,0,255,255,0,0,0
60359567,NODE_F42DC973E618,blackhole,2,B0:CB:D8:F3:32:19,-42,0,0,0,255,255,0,0,0
60459568,NODE_F42DC973E618,blackhole,2,B0:CB:D8:F3:32:19,-38,0,0,0,255,255,0,0,0
60559567,NODE_F42DC973E618,blackhole,2,B0:CB:D8:F3:32:19,-43,0,0,0,255,255,0,0,0
60659567,NODE_F42DC973E618,blackhole,2,B0:CB:D8:F3:32:19,-43,0,0,0,255,255,0,0,0
60759568,NODE_F42DC973E618,blackhole,2,B0:CB:D8:F3:32:19,-42,0,0,0,255,255,0,0,0
60859567,NODE_F42DC973E618,blackhole,2,B0:CB:D8:F3:32:19,-43,0,0,0,255,255,0,0,0
60959567,NODE_F42DC973E618,blackhole,2,B0:CB:D8:F3:32:19,-39,0,0,0,255,255,0,0,0
61059568,NODE_F42DC973E618,blackhole,2,B0:CB:D8:F3:32:19,-42,0,0,0,255,255,0,0,0
61159567,NODE_F42DC973E618,blackhole,2,B0:CB:D8:F3:32:19,-42,0,0,0,255,255,0,0,0
61259571,NODE_F42DC973E618,blackhole,2,B0:CB:D8:F3:32:19,-42,0,0,0,255,255,0,0,0
61359568,NODE_F42DC973E618,blackhole,2,B0:CB:D8:F3:32:19,-42,0,0,0,255,255,0,0,0
61459567,NODE_F42DC973E618,blackhole,2,B0:CB:D8:F3:32:19,-38,0,0,0,255,255,0,0,0
61559567,NODE_F42DC973E618,blackhole,2,B0:CB:D8:F3:32:19,-43,0,0,0,255,255,0,0,0
61659568,NODE_F42DC973E618,blackhole,2,B0:CB:D8:F3:32:19,-39,0,0,0,255,255,0,0,0
61759567,NODE_F42DC973E618,blackhole,2,B0:CB:D8:F3:32:19,-38,0,0,0,255,255,0,0,0
61859567,NODE_F42DC973E618,blackhole,2,B0:CB:D8:F3:32:19,-40,0,0,0,255,255,0,0,0
61959568,NODE_F42DC973E618,blackhole,2,B0:CB:D8:F3:32:19,-39,0,0,0,255,255,0,0,0
62059567,NODE_F42DC973E618,blackhole,2,B0:CB:D8:F3:32:19,-38,0,0,0,255,255,0,0,0
62159567,NODE_F42DC973E618,blackhole,2,B0:CB:D8:F3:32:19,-38,0,0,0,255,255,0,0,0
62259568,NODE_F42DC973E618,blackhole,2,B0:CB:D8:F3:32:19,-43,0,0,0,255,255,0,0,0
62359567,NODE_F42DC973E618,blackhole,2,B0:CB:D8:F3:32:19,-43,0,0,0,255,255,0,0,0
62459567,NODE_F42DC973E618,blackhole,2,B0:CB:D8:F3:32:19,-43,0,0,0,255,255,0,0,0
62559568,NODE_F42DC973E618,blackhole,2,B0:CB:D8:F3:32:19,-40,0,0,0,255,255,0,0,0
62659572,NODE_F42DC973E618,blackhole,2,B0:CB:D8:F3:32:19,-43,0,0,0,255,255,0,0,0
62759567,NODE_F42DC973E618,blackhole,2,B0:CB:D8:F3:32:19,-43,0,0,0,255,255,0,0,0
62859568,NODE_F42DC973E618,blackhole,2,B0:CB:D8:F3:32:19,-39,0,0,0,255,255,0,0,0
62959567,NODE_F42DC973E618,blackhole,2,B0:CB:D8:F3:32:19,-43,0,0,0,255,255,0,0,0
63059567,NODE_F42DC973E618,blackhole,2,B0:CB:D8:F3:32:19,-38,0,0,0,255,255,0,0,0
63159568,NODE_F42DC973E618,blackhole,2,B0:CB:D8:F3:32:19,-43,0,0,0,255,255,0,0,0
63259864,NODE_F42DC973E618,blackhole,2,B0:CB:D8:F3:32:19,-43,0,0,0,255,255,0,0,0
63359567,NODE_F42DC973E618,blackhole,2,B0:CB:D8:F3:32:19,-43,0,0,0,255,255,0,0,0
63459564,NODE_F42DC973E618,blackhole,2,B0:CB:D8:F3:32:19,-41,0,0,0,255,255,0,0,0
63559567,NODE_F42DC973E618,blackhole,2,B0:CB:D8:F3:32:19,-43,0,0,0,255,255,0,0,0
63659567,NODE_F42DC973E618,blackhole,2,B0:CB:D8:F3:32:19,-43,0,0,0,255,255,0,0,0
63759568,NODE_F42DC973E618,blackhole,2,B0:CB:D8:F3:32:19,-43,0,0,0,255,255,0,0,0
63859567,NODE_F42DC973E618,blackhole,2,B0:CB:D8:F3:32:19,-43,0,0,0,255,255,0,0,0
63959567,NODE_F42DC973E618,blackhole,2,B0:CB:D8:F3:32:19,-43,0,0,0,255,255,0,0,0
64059568,NODE_F42DC973E618,blackhole,2,B0:CB:D8:F3:32:19,-43,0,0,0,255,255,0,0,0
64159567,NODE_F42DC973E618,blackhole,2,B0:CB:D8:F3:32:19,-43,0,0,0,255,255,0,0,0
64259567,NODE_F42DC973E618,blackhole,2,B0:CB:D8:F3:32:19,-43,0,0,0,255,255,0,0,0
64359568,NODE_F42DC973E618,blackhole,2,B0:CB:D8:F3:32:19,-43,0,0,0,255,255,0,0,0
64459571,NODE_F42DC973E618,blackhole,2,B0:CB:D8:F3:32:19,-43,0,0,0,255,255,0,0,0
64559567,NODE_F42DC973E618,blackhole,2,B0:CB:D8:F3:32:19,-43,0,0,0,255,255,0,0,0
64659568,NODE_F42DC973E618,blackhole,2,B0:CB:D8:F3:32:19,-43,0,0,0,255,255,0,0,0
64759567,NODE_F42DC973E618,blackhole,2,B0:CB:D8:F3:32:19,-43,0,0,0,255,255,0,0,0
64859567,NODE_F42DC973E618,blackhole,2,B0:CB:D8:F3:32:19,-43,0,0,0,255,255,0,0,0
64959568,NODE_F42DC973E618,blackhole,2,B0:CB:D8:F3:32:19,-43,0,0,0,255,255,0,0,0
65059583,NODE_F42DC973E618,blackhole,2,B0:CB:D8:F3:32:19,-43,0,0,0,255,255,0,0,0
65159567,NODE_F42DC973E618,blackhole,2,B0:CB:D8:F3:32:19,-38,0,0,0,255,255,0,0,0
65259568,NODE_F42DC973E618,blackhole,2,B0:CB:D8:F3:32:19,-42,0,0,0,255,255,0,0,0
65359575,NODE_F42DC973E618,blackhole,2,B0:CB:D8:F3:32:19,-38,0,0,0,255,255,0,0,0
65459567,NODE_F42DC973E618,blackhole,2,B0:CB:D8:F3:32:19,-39,0,0,0,255,255,0,0,0
65559568,NODE_F42DC973E618,blackhole,2,B0:CB:D8:F3:32:19,-42,0,0,0,255,255,0,0,0
65659567,NODE_F42DC973E618,blackhole,2,B0:CB:D8:F3:32:19,-38,0,0,0,255,255,0,0,0
65759567,NODE_F42DC973E618,blackhole,2,B0:CB:D8:F3:32:19,-42,0,0,0,255,255,0,0,0
65859568,NODE_F42DC973E618,blackhole,2,B0:CB:D8:F3:32:19,-42,0,0,0,255,255,0,0,0
65959571,NODE_F42DC973E618,blackhole,2,B0:CB:D8:F3:32:19,-39,0,0,0,255,255,0,0,0
66059567,NODE_F42DC973E618,blackhole,2,B0:CB:D8:F3:32:19,-40,0,0,0,255,255,0,0,0
66159568,NODE_F42DC973E618,blackhole,2,B0:CB:D8:F3:32:19,-41,0,0,0,255,255,0,0,0
66259567,NODE_F42DC973E618,blackhole,2,B0:CB:D8:F3:32:19,-42,0,0,0,255,255,0,0,0
66359567,NODE_F42DC973E618,blackhole,2,B0:CB:D8:F3:32:19,-37,0,0,0,255,255,0,0,0
66459568,NODE_F42DC973E618,blackhole,2,B0:CB:D8:F3:32:19,-41,0,0,0,255,255,0,0,0
66559567,NODE_F42DC973E618,blackhole,2,B0:CB:D8:F3:32:19,-40,0,0,0,255,255,0,0,0
66659567,NODE_F42DC973E618,blackhole,2,B0:CB:D8:F3:32:19,-41,0,0,0,255,255,0,0,0
66759568,NODE_F42DC973E618,blackhole,2,B0:CB:D8:F3:32:19,-40,0,0,0,255,255,0,0,0
66859567,NODE_F42DC973E618,blackhole,2,B0:CB:D8:F3:32:19,-41,0,0,0,255,255,0,0,0
66959571,NODE_F42DC973E618,blackhole,2,B0:CB:D8:F3:32:19,-39,0,0,0,255,255,0,0,0
67059568,NODE_F42DC973E618,blackhole,2,B0:CB:D8:F3:32:19,-41,0,0,0,255,255,0,0,0
67159567,NODE_F42DC973E618,blackhole,2,B0:CB:D8:F3:32:19,-41,0,0,0,255,255,0,0,0
67259567,NODE_F42DC973E618,blackhole,2,B0:CB:D8:F3:32:19,-42,0,0,0,255,255,0,0,0
67359568,NODE_F42DC973E618,blackhole,2,B0:CB:D8:F3:32:19,-38,0,0,0,255,255,0,0,0
67459567,NODE_F42DC973E618,blackhole,2,B0:CB:D8:F3:32:19,-38,0,0,0,255,255,0,0,0
67559567,NODE_F42DC973E618,blackhole,2,B0:CB:D8:F3:32:19,-38,0,0,0,255,255,0,0,0
67659566,NODE_F42DC973E618,blackhole,2,B0:CB:D8:F3:32:19,-39,0,0,0,255,255,0,0,0
67759563,NODE_F42DC973E618,blackhole,2,B0:CB:D8:F3:32:19,-39,0,0,0,255,255,0,0,0
67859567,NODE_F42DC973E618,blackhole,2,B0:CB:D8:F3:32:19,-37,0,0,0,255,255,0,0,0
67959572,NODE_F42DC973E618,blackhole,2,B0:CB:D8:F3:32:19,-38,0,0,0,255,255,0,0,0
68059567,NODE_F42DC973E618,blackhole,2,B0:CB:D8:F3:32:19,-42,0,0,0,255,255,0,0,0
68159567,NODE_F42DC973E618,blackhole,2,B0:CB:D8:F3:32:19,-42,0,0,0,255,255,0,0,0
68259568,NODE_F42DC973E618,blackhole,2,B0:CB:D8:F3:32:19,-39,0,0,0,255,255,0,0,0
68359567,NODE_F42DC973E618,blackhole,2,B0:CB:D8:F3:32:19,-42,0,0,0,255,255,0,0,0
68459567,NODE_F42DC973E618,blackhole,2,B0:CB:D8:F3:32:19,-38,0,0,0,255,255,0,0,0
68559568,NODE_F42DC973E618,blackhole,2,B0:CB:D8:F3:32:19,-38,0,0,0,255,255,0,0,0
68659567,NODE_F42DC973E618,blackhole,2,B0:CB:D8:F3:32:19,-38,0,0,0,255,255,0,0,0
68759567,NODE_F42DC973E618,blackhole,2,B0:CB:D8:F3:32:19,-38,0,0,0,255,255,0,0,0
68859568,NODE_F42DC973E618,blackhole,2,B0:CB:D8:F3:32:19,-38,0,0,0,255,255,0,0,0
68959571,NODE_F42DC973E618,blackhole,2,B0:CB:D8:F3:32:19,-37,0,0,0,255,255,0,0,0
69059567,NODE_F42DC973E618,blackhole,2,B0:CB:D8:F3:32:19,-38,0,0,0,255,255,0,0,0
69159568,NODE_F42DC973E618,blackhole,2,B0:CB:D8:F3:32:19,-39,0,0,0,255,255,0,0,0
69259567,NODE_F42DC973E618,blackhole,2,B0:CB:D8:F3:32:19,-38,0,0,0,255,255,0,0,0
69359567,NODE_F42DC973E618,blackhole,2,B0:CB:D8:F3:32:19,-38,0,0,0,255,255,0,0,0
69459568,NODE_F42DC973E618,blackhole,2,B0:CB:D8:F3:32:19,-39,0,0,0,255,255,0,0,0
69559567,NODE_F42DC973E618,blackhole,2,B0:CB:D8:F3:32:19,-39,0,0,0,255,255,0,0,0
69659567,NODE_F42DC973E618,blackhole,2,B0:CB:D8:F3:32:19,-38,0,0,0,255,255,0,0,0
69759568,NODE_F42DC973E618,blackhole,2,B0:CB:D8:F3:32:19,-42,0,0,0,255,255,0,0,0
69859567,NODE_F42DC973E618,blackhole,2,B0:CB:D8:F3:32:19,-39,0,0,0,255,255,0,0,0
69959571,NODE_F42DC973E618,blackhole,2,B0:CB:D8:F3:32:19,-38,0,0,0,255,255,0,0,0
70059568,NODE_F42DC973E618,blackhole,2,B0:CB:D8:F3:32:19,-39,0,0,0,255,255,0,0,0
70159567,NODE_F42DC973E618,blackhole,2,B0:CB:D8:F3:32:19,-39,0,0,0,255,255,0,0,0
70259563,NODE_F42DC973E618,blackhole,2,B0:CB:D8:F3:32:19,-37,0,0,0,255,255,0,0,0
70359568,NODE_F42DC973E618,blackhole,2,B0:CB:D8:F3:32:19,-42,0,0,0,255,255,0,0,0
70459567,NODE_F42DC973E618,blackhole,2,B0:CB:D8:F3:32:19,-39,0,0,0,255,255,0,0,0
70559567,NODE_F42DC973E618,blackhole,2,B0:CB:D8:F3:32:19,-42,0,0,0,255,255,0,0,0
70659568,NODE_F42DC973E618,blackhole,2,B0:CB:D8:F3:32:19,-38,0,0,0,255,255,0,0,0
70759567,NODE_F42DC973E618,blackhole,2,B0:CB:D8:F3:32:19,-43,0,0,0,255,255,0,0,0
70859567,NODE_F42DC973E618,blackhole,2,B0:CB:D8:F3:32:19,-42,0,0,0,255,255,0,0,0
70959568,NODE_F42DC973E618,blackhole,2,B0:CB:D8:F3:32:19,-41,0,0,0,255,255,0,0,0
71059567,NODE_F42DC973E618,blackhole,2,B0:CB:D8:F3:32:19,-40,0,0,0,255,255,0,0,0
71159567,NODE_F42DC973E618,blackhole,2,B0:CB:D8:F3:32:19,-39,0,0,0,255,255,0,0,0
71259568,NODE_F42DC973E618,blackhole,2,B0:CB:D8:F3:32:19,-38,0,0,0,255,255,0,0,0
71359567,NODE_F42DC973E618,blackhole,2,B0:CB:D8:F3:32:19,-37,0,0,0,255,255,0,0,0
71459571,NODE_F42DC973E618,blackhole,2,B0:CB:D8:F3:32:19,-39,0,0,0,255,255,0,0,0
71559568,NODE_F42DC973E618,blackhole,2,B0:CB:D8:F3:32:19,-37,0,0,0,255,255,0,0,0
71659567,NODE_F42DC973E618,blackhole,2,B0:CB:D8:F3:32:19,-42,0,0,0,255,255,0,0,0
71759567,NODE_F42DC973E618,blackhole,2,B0:CB:D8:F3:32:19,-40,0,0,0,255,255,0,0,0
71860330,NODE_F42DC973E618,blackhole,2,B0:CB:D8:F3:32:19,-39,0,0,0,255,255,0,0,0
71959567,NODE_F42DC973E618,blackhole,2,B0:CB:D8:F3:32:19,-39,0,0,0,255,255,0,0,0
72059563,NODE_F42DC973E618,blackhole,2,B0:CB:D8:F3:32:19,-38,0,0,0,255,255,0,0,0
72159568,NODE_F42DC973E618,blackhole,2,B0:CB:D8:F3:32:19,-38,0,0,0,255,255,0,0,0
72259567,NODE_F42DC973E618,blackhole,2,B0:CB:D8:F3:32:19,-38,0,0,0,255,255,0,0,0
72359567,NODE_F42DC973E618,blackhole,2,B0:CB:D8:F3:32:19,-38,0,0,0,255,255,0,0,0
72459568,NODE_F42DC973E618,blackhole,2,B0:CB:D8:F3:32:19,-38,0,0,0,255,255,0,0,0
72559567,NODE_F42DC973E618,blackhole,2,B0:CB:D8:F3:32:19,-38,0,0,0,255,255,0,0,0
72659568,NODE_F42DC973E618,blackhole,2,B0:CB:D8:F3:32:19,-38,0,0,0,255,255,0,0,0
72759568,NODE_F42DC973E618,blackhole,2,B0:CB:D8:F3:32:19,-38,0,0,0,255,255,0,0,0
72859567,NODE_F42DC973E618,blackhole,2,B0:CB:D8:F3:32:19,-38,0,0,0,255,255,0,0,0
72959567,NODE_F42DC973E618,blackhole,2,B0:CB:D8:F3:32:19,-38,0,0,0,255,255,0,0,0
73059568,NODE_F42DC973E618,blackhole,2,B0:CB:D8:F3:32:19,-38,0,0,0,255,255,0,0,0
73159567,NODE_F42DC973E618,blackhole,2,B0:CB:D8:F3:32:19,-38,0,0,0,255,255,0,0,0
73259567,NODE_F42DC973E618,blackhole,2,B0:CB:D8:F3:32:19,-38,0,0,0,255,255,0,0,0
73359568,NODE_F42DC973E618,blackhole,2,B0:CB:D8:F3:32:19,-38,0,0,0,255,255,0,0,0
73459571,NODE_F42DC973E618,blackhole,2,B0:CB:D8:F3:32:19,-38,0,0,0,255,255,0,0,0
73559567,NODE_F42DC973E618,blackhole,2,B0:CB:D8:F3:32:19,-38,0,0,0,255,255,0,0,0
73659568,NODE_F42DC973E618,blackhole,2,B0:CB:D8:F3:32:19,-38,0,0,0,255,255,0,0,0
73759571,NODE_F42DC973E618,blackhole,2,B0:CB:D8:F3:32:19,-42,0,0,0,255,255,0,0,0
73859567,NODE_F42DC973E618,blackhole,2,B0:CB:D8:F3:32:19,-38,0,0,0,255,255,0,0,0
73959572,NODE_F42DC973E618,blackhole,2,B0:CB:D8:F3:32:19,-38,0,0,0,255,255,0,0,0
74059567,NODE_F42DC973E618,blackhole,2,B0:CB:D8:F3:32:19,-42,0,0,0,255,255,0,0,0
74159567,NODE_F42DC973E618,blackhole,2,B0:CB:D8:F3:32:19,-39,0,0,0,255,255,0,0,0
74259568,NODE_F42DC973E618,blackhole,2,B0:CB:D8:F3:32:19,-39,0,0,0,255,255,0,0,0
74359567,NODE_F42DC973E618,blackhole,2,B0:CB:D8:F3:32:19,-39,0,0,0,255,255,0,0,0
74459567,NODE_F42DC973E618,blackhole,2,B0:CB:D8:F3:32:19,-38,0,0,0,255,255,0,0,0
74559568,NODE_F42DC973E618,blackhole,2,B0:CB:D8:F3:32:19,-41,0,0,0,255,255,0,0,0
74659567,NODE_F42DC973E618,blackhole,2,B0:CB:D8:F3:32:19,-39,0,0,0,255,255,0,0,0
74759567,NODE_F42DC973E618,blackhole,2,B0:CB:D8:F3:32:19,-37,0,0,0,255,255,0,0,0
74859568,NODE_F42DC973E618,blackhole,2,B0:CB:D8:F3:32:19,-42,0,0,0,255,255,0,0,0
74959571,NODE_F42DC973E618,blackhole,2,B0:CB:D8:F3:32:19,-38,0,0,0,255,255,0,0,0
75059571,NODE_F42DC973E618,blackhole,2,B0:CB:D8:F3:32:19,-41,0,0,0,255,255,0,0,0
75159568,NODE_F42DC973E618,blackhole,2,B0:CB:D8:F3:32:19,-38,0,0,0,255,255,0,0,0
75259571,NODE_F42DC973E618,blackhole,2,B0:CB:D8:F3:32:19,-42,0,0,0,255,255,0,0,0
75359567,NODE_F42DC973E618,blackhole,2,B0:CB:D8:F3:32:19,-38,0,0,0,255,255,0,0,0
75459568,NODE_F42DC973E618,blackhole,2,B0:CB:D8:F3:32:19,-42,0,0,0,255,255,0,0,0
75559567,NODE_F42DC973E618,blackhole,2,B0:CB:D8:F3:32:19,-39,0,0,0,255,255,0,0,0
75659567,NODE_F42DC973E618,blackhole,2,B0:CB:D8:F3:32:19,-38,0,0,0,255,255,0,0,0
75759568,NODE_F42DC973E618,blackhole,2,B0:CB:D8:F3:32:19,-39,0,0,0,255,255,0,0,0
75859567,NODE_F42DC973E618,blackhole,2,B0:CB:D8:F3:32:19,-38,0,0,0,255,255,0,0,0
75959567,NODE_F42DC973E618,blackhole,2,B0:CB:D8:F3:32:19,-41,0,0,0,255,255,0,0,0
76059568,NODE_F42DC973E618,blackhole,2,B0:CB:D8:F3:32:19,-42,0,0,0,255,255,0,0,0
76159567,NODE_F42DC973E618,blackhole,2,B0:CB:D8:F3:32:19,-42,0,0,0,255,255,0,0,0
76259567,NODE_F42DC973E618,blackhole,2,B0:CB:D8:F3:32:19,-41,0,0,0,255,255,0,0,0
76359568,NODE_F42DC973E618,blackhole,2,B0:CB:D8:F3:32:19,-42,0,0,0,255,255,0,0,0
76459567,NODE_F42DC973E618,blackhole,2,B0:CB:D8:F3:32:19,-38,0,0,0,255,255,0,0,0
76559567,NODE_F42DC973E618,blackhole,2,B0:CB:D8:F3:32:19,-38,0,0,0,255,255,0,0,0
76659568,NODE_F42DC973E618,blackhole,2,B0:CB:D8:F3:32:19,-38,0,0,0,255,255,0,0,0
76759567,NODE_F42DC973E618,blackhole,2,B0:CB:D8:F3:32:19,-38,0,0,0,255,255,0,0,0
76859567,NODE_F42DC973E618,blackhole,2,B0:CB:D8:F3:32:19,-38,0,0,0,255,255,0,0,0
76959568,NODE_F42DC973E618,blackhole,2,B0:CB:D8:F3:32:19,-41,0,0,0,255,255,0,0,0
77059567,NODE_F42DC973E618,blackhole,2,B0:CB:D8:F3:32:19,-38,0,0,0,255,255,0,0,0
77159571,NODE_F42DC973E618,blackhole,2,B0:CB:D8:F3:32:19,-39,0,0,0,255,255,0,0,0
77259568,NODE_F42DC973E618,blackhole,2,B0:CB:D8:F3:32:19,-40,0,0,0,255,255,0,0,0
77359567,NODE_F42DC973E618,blackhole,2,B0:CB:D8:F3:32:19,-39,0,0,0,255,255,0,0,0
77459567,NODE_F42DC973E618,blackhole,2,B0:CB:D8:F3:32:19,-37,0,0,0,255,255,0,0,0
77559564,NODE_F42DC973E618,blackhole,2,B0:CB:D8:F3:32:19,-40,0,0,0,255,255,0,0,0
77659568,NODE_F42DC973E618,blackhole,2,B0:CB:D8:F3:32:19,-38,0,0,0,255,255,0,0,0
77759567,NODE_F42DC973E618,blackhole,2,B0:CB:D8:F3:32:19,-41,0,0,0,255,255,0,0,0
77859568,NODE_F42DC973E618,blackhole,2,B0:CB:D8:F3:32:19,-42,0,0,0,255,255,0,0,0
77959567,NODE_F42DC973E618,blackhole,2,B0:CB:D8:F3:32:19,-40,0,0,0,255,255,0,0,0
78059567,NODE_F42DC973E618,blackhole,2,B0:CB:D8:F3:32:19,-38,0,0,0,255,255,0,0,0
78159568,NODE_F42DC973E618,blackhole,2,B0:CB:D8:F3:32:19,-41,0,0,0,255,255,0,0,0
78259567,NODE_F42DC973E618,blackhole,2,B0:CB:D8:F3:32:19,-38,0,0,0,255,255,0,0,0
78359567,NODE_F42DC973E618,blackhole,2,B0:CB:D8:F3:32:19,-42,0,0,0,255,255,0,0,0
78459572,NODE_F42DC973E618,blackhole,2,B0:CB:D8:F3:32:19,-38,0,0,0,255,255,0,0,0
78559567,NODE_F42DC973E618,blackhole,2,B0:CB:D8:F3:32:19,-39,0,0,0,255,255,0,0,0
78659567,NODE_F42DC973E618,blackhole,2,B0:CB:D8:F3:32:19,-42,0,0,0,255,255,0,0,0
78759568,NODE_F42DC973E618,blackhole,2,B0:CB:D8:F3:32:19,-38,0,0,0,255,255,0,0,0
78859567,NODE_F42DC973E618,blackhole,2,B0:CB:D8:F3:32:19,-41,0,0,0,255,255,0,0,0
78959567,NODE_F42DC973E618,blackhole,2,B0:CB:D8:F3:32:19,-41,0,0,0,255,255,0,0,0
79059568,NODE_F42DC973E618,blackhole,2,B0:CB:D8:F3:32:19,-38,0,0,0,255,255,0,0,0
79159571,NODE_F42DC973E618,blackhole,2,B0:CB:D8:F3:32:19,-39,0,0,0,255,255,0,0,0
79259567,NODE_F42DC973E618,blackhole,2,B0:CB:D8:F3:32:19,-37,0,0,0,255,255,0,0,0
79359568,NODE_F42DC973E618,blackhole,2,B0:CB:D8:F3:32:19,-38,0,0,0,255,255,0,0,0
79459567,NODE_F42DC973E618,blackhole,2,B0:CB:D8:F3:32:19,-38,0,0,0,255,255,0,0,0
79559567,NODE_F42DC973E618,blackhole,2,B0:CB:D8:F3:32:19,-41,0,0,0,255,255,0,0,0
79659568,NODE_F42DC973E618,blackhole,2,B0:CB:D8:F3:32:19,-39,0,0,0,255,255,0,0,0
79759567,NODE_F42DC973E618,blackhole,2,B0:CB:D8:F3:32:19,-42,0,0,0,255,255,0,0,0
79859567,NODE_F42DC973E618,blackhole,2,B0:CB:D8:F3:32:19,-37,0,0,0,255,255,0,0,0
79959568,NODE_F42DC973E618,blackhole,2,B0:CB:D8:F3:32:19,-42,0,0,0,255,255,0,0,0
80059575,NODE_F42DC973E618,blackhole,2,B0:CB:D8:F3:32:19,-39,0,0,0,255,255,0,0,0
80159567,NODE_F42DC973E618,blackhole,2,B0:CB:D8:F3:32:19,-42,0,0,0,255,255,0,0,0
80259568,NODE_F42DC973E618,blackhole,2,B0:CB:D8:F3:32:19,-38,0,0,0,255,255,0,0,0
80360314,NODE_F42DC973E618,blackhole,2,B0:CB:D8:F3:32:19,-38,0,0,0,255,255,0,0,0
80459563,NODE_F42DC973E618,blackhole,2,B0:CB:D8:F3:32:19,-38,0,0,0,255,255,0,0,0
80559564,NODE_F42DC973E618,blackhole,2,B0:CB:D8:F3:32:19,-42,0,0,0,255,255,0,0,0
80659563,NODE_F42DC973E618,blackhole,2,B0:CB:D8:F3:32:19,-40,0,0,0,255,255,0,0,0
80759567,NODE_F42DC973E618,blackhole,2,B0:CB:D8:F3:32:19,-42,0,0,0,255,255,0,0,0
80859568,NODE_F42DC973E618,blackhole,2,B0:CB:D8:F3:32:19,-41,0,0,0,255,255,0,0,0
80959571,NODE_F42DC973E618,blackhole,2,B0:CB:D8:F3:32:19,-42,0,0,0,255,255,0,0,0
81059567,NODE_F42DC973E618,blackhole,2,B0:CB:D8:F3:32:19,-39,0,0,0,255,255,0,0,0
81159568,NODE_F42DC973E618,blackhole,2,B0:CB:D8:F3:32:19,-41,0,0,0,255,255,0,0,0
81259567,NODE_F42DC973E618,blackhole,2,B0:CB:D8:F3:32:19,-40,0,0,0,255,255,0,0,0
81359567,NODE_F42DC973E618,blackhole,2,B0:CB:D8:F3:32:19,-39,0,0,0,255,255,0,0,0
81459568,NODE_F42DC973E618,blackhole,2,B0:CB:D8:F3:32:19,-41,0,0,0,255,255,0,0,0
81559567,NODE_F42DC973E618,blackhole,2,B0:CB:D8:F3:32:19,-43,0,0,0,255,255,0,0,0
81659567,NODE_F42DC973E618,blackhole,2,B0:CB:D8:F3:32:19,-38,0,0,0,255,255,0,0,0
81759568,NODE_F42DC973E618,blackhole,2,B0:CB:D8:F3:32:19,-38,0,0,0,255,255,0,0,0
81859567,NODE_F42DC973E618,blackhole,2,B0:CB:D8:F3:32:19,-38,0,0,0,255,255,0,0,0
81959571,NODE_F42DC973E618,blackhole,2,B0:CB:D8:F3:32:19,-38,0,0,0,255,255,0,0,0
82059568,NODE_F42DC973E618,blackhole,2,B0:CB:D8:F3:32:19,-38,0,0,0,255,255,0,0,0
82159567,NODE_F42DC973E618,blackhole,2,B0:CB:D8:F3:32:19,-38,0,0,0,255,255,0,0,0
82259567,NODE_F42DC973E618,blackhole,2,B0:CB:D8:F3:32:19,-38,0,0,0,255,255,0,0,0
82359568,NODE_F42DC973E618,blackhole,2,B0:CB:D8:F3:32:19,-38,0,0,0,255,255,0,0,0
82459567,NODE_F42DC973E618,blackhole,2,B0:CB:D8:F3:32:19,-38,0,0,0,255,255,0,0,0
82559567,NODE_F42DC973E618,blackhole,2,B0:CB:D8:F3:32:19,-38,0,0,0,255,255,0,0,0
82659570,NODE_F42DC973E618,blackhole,2,B0:CB:D8:F3:32:19,-38,0,0,0,255,255,0,0,0
82759567,NODE_F42DC973E618,blackhole,2,B0:CB:D8:F3:32:19,-38,0,0,0,255,255,0,0,0
82859567,NODE_F42DC973E618,blackhole,2,B0:CB:D8:F3:32:19,-38,0,0,0,255,255,0,0,0
82959572,NODE_F42DC973E618,blackhole,2,B0:CB:D8:F3:32:19,-38,0,0,0,255,255,0,0,0
83059567,NODE_F42DC973E618,blackhole,2,B0:CB:D8:F3:32:19,-38,0,0,0,255,255,0,0,0
83159567,NODE_F42DC973E618,blackhole,2,B0:CB:D8:F3:32:19,-38,0,0,0,255,255,0,0,0
83259572,NODE_F42DC973E618,blackhole,2,B0:CB:D8:F3:32:19,-38,0,0,0,255,255,0,0,0
83359567,NODE_F42DC973E618,blackhole,2,B0:CB:D8:F3:32:19,-42,0,0,0,255,255,0,0,0
83459571,NODE_F42DC973E618,blackhole,2,B0:CB:D8:F3:32:19,-38,0,0,0,255,255,0,0,0
83559564,NODE_F42DC973E618,blackhole,2,B0:CB:D8:F3:32:19,-39,0,0,0,255,255,0,0,0
83659567,NODE_F42DC973E618,blackhole,2,B0:CB:D8:F3:32:19,-38,0,0,0,255,255,0,0,0
83759567,NODE_F42DC973E618,blackhole,2,B0:CB:D8:F3:32:19,-41,0,0,0,255,255,0,0,0
83859568,NODE_F42DC973E618,blackhole,2,B0:CB:D8:F3:32:19,-38,0,0,0,255,255,0,0,0
83959567,NODE_F42DC973E618,blackhole,2,B0:CB:D8:F3:32:19,-39,0,0,0,255,255,0,0,0
84059567,NODE_F42DC973E618,blackhole,2,B0:CB:D8:F3:32:19,-37,0,0,0,255,255,0,0,0
84159572,NODE_F42DC973E618,blackhole,2,B0:CB:D8:F3:32:19,-42,0,0,0,255,255,0,0,0
84259567,NODE_F42DC973E618,blackhole,2,B0:CB:D8:F3:32:19,-42,0,0,0,255,255,0,0,0
84359677,NODE_F42DC973E618,blackhole,2,B0:CB:D8:F3:32:19,-42,0,0,0,255,255,0,0,0
84459568,NODE_F42DC973E618,blackhole,2,B0:CB:D8:F3:32:19,-42,0,0,0,255,255,0,0,0
84559567,NODE_F42DC973E618,blackhole,2,B0:CB:D8:F3:32:19,-38,0,0,0,255,255,0,0,0
84659563,NODE_F42DC973E618,blackhole,2,B0:CB:D8:F3:32:19,-38,0,0,0,255,255,0,0,0
84759568,NODE_F42DC973E618,blackhole,2,B0:CB:D8:F3:32:19,-39,0,0,0,255,255,0,0,0
84859567,NODE_F42DC973E618,blackhole,2,B0:CB:D8:F3:32:19,-37,0,0,0,255,255,0,0,0
84959567,NODE_F42DC973E618,blackhole,2,B0:CB:D8:F3:32:19,-39,0,0,0,255,255,0,0,0
85059576,NODE_F42DC973E618,blackhole,2,B0:CB:D8:F3:32:19,-38,0,0,0,255,255,0,0,0
85159567,NODE_F42DC973E618,blackhole,2,B0:CB:D8:F3:32:19,-41,0,0,0,255,255,0,0,0
85259567,NODE_F42DC973E618,blackhole,2,B0:CB:D8:F3:32:19,-38,0,0,0,255,255,0,0,0
85359568,NODE_F42DC973E618,blackhole,2,B0:CB:D8:F3:32:19,-38,0,0,0,255,255,0,0,0
85459567,NODE_F42DC973E618,blackhole,2,B0:CB:D8:F3:32:19,-42,0,0,0,255,255,0,0,0
85559567,NODE_F42DC973E618,blackhole,2,B0:CB:D8:F3:32:19,-37,0,0,0,255,255,0,0,0
85659568,NODE_F42DC973E618,blackhole,2,B0:CB:D8:F3:32:19,-38,0,0,0,255,255,0,0,0
85759567,NODE_F42DC973E618,blackhole,2,B0:CB:D8:F3:32:19,-42,0,0,0,255,255,0,0,0
85859567,NODE_F42DC973E618,blackhole,2,B0:CB:D8:F3:32:19,-41,0,0,0,255,255,0,0,0
85959572,NODE_F42DC973E618,blackhole,2,B0:CB:D8:F3:32:19,-38,0,0,0,255,255,0,0,0
86059567,NODE_F42DC973E618,blackhole,2,B0:CB:D8:F3:32:19,-39,0,0,0,255,255,0,0,0
86159567,NODE_F42DC973E618,blackhole,2,B0:CB:D8:F3:32:19,-39,0,0,0,255,255,0,0,0
86259568,NODE_F42DC973E618,blackhole,2,B0:CB:D8:F3:32:19,-43,0,0,0,255,255,0,0,0
86359567,NODE_F42DC973E618,blackhole,2,B0:CB:D8:F3:32:19,-42,0,0,0,255,255,0,0,0
86459567,NODE_F42DC973E618,blackhole,2,B0:CB:D8:F3:32:19,-38,0,0,0,255,255,0,0,0
86559568,NODE_F42DC973E618,blackhole,2,B0:CB:D8:F3:32:19,-38,0,0,0,255,255,0,0,0
86659567,NODE_F42DC973E618,blackhole,2,B0:CB:D8:F3:32:19,-39,0,0,0,255,255,0,0,0
86759567,NODE_F42DC973E618,blackhole,2,B0:CB:D8:F3:32:19,-38,0,0,0,255,255,0,0,0
86859568,NODE_F42DC973E618,blackhole,2,B0:CB:D8:F3:32:19,-42,0,0,0,255,255,0,0,0
86959571,NODE_F42DC973E618,blackhole,2,B0:CB:D8:F3:32:19,-41,0,0,0,255,255,0,0,0
87059567,NODE_F42DC973E618,blackhole,2,B0:CB:D8:F3:32:19,-42,0,0,0,255,255,0,0,0
87159568,NODE_F42DC973E618,blackhole,2,B0:CB:D8:F3:32:19,-38,0,0,0,255,255,0,0,0
87259567,NODE_F42DC973E618,blackhole,2,B0:CB:D8:F3:32:19,-39,0,0,0,255,255,0,0,0
87359567,NODE_F42DC973E618,blackhole,2,B0:CB:D8:F3:32:19,-42,0,0,0,255,255,0,0,0
87459568,NODE_F42DC973E618,blackhole,2,B0:CB:D8:F3:32:19,-38,0,0,0,255,255,0,0,0
87559567,NODE_F42DC973E618,blackhole,2,B0:CB:D8:F3:32:19,-38,0,0,0,255,255,0,0,0
87659568,NODE_F42DC973E618,blackhole,2,B0:CB:D8:F3:32:19,-40,0,0,0,255,255,0,0,0
87759568,NODE_F42DC973E618,blackhole,2,B0:CB:D8:F3:32:19,-39,0,0,0,255,255,0,0,0
87859567,NODE_F42DC973E618,blackhole,2,B0:CB:D8:F3:32:19,-42,0,0,0,255,255,0,0,0
87959571,NODE_F42DC973E618,blackhole,2,B0:CB:D8:F3:32:19,-39,0,0,0,255,255,0,0,0
88059568,NODE_F42DC973E618,blackhole,2,B0:CB:D8:F3:32:19,-38,0,0,0,255,255,0,0,0
88159567,NODE_F42DC973E618,blackhole,2,B0:CB:D8:F3:32:19,-38,0,0,0,255,255,0,0,0
88259567,NODE_F42DC973E618,blackhole,2,B0:CB:D8:F3:32:19,-39,0,0,0,255,255,0,0,0
88359568,NODE_F42DC973E618,blackhole,2,B0:CB:D8:F3:32:19,-39,0,0,0,255,255,0,0,0
88459567,NODE_F42DC973E618,blackhole,2,B0:CB:D8:F3:32:19,-41,0,0,0,255,255,0,0,0
88559567,NODE_F42DC973E618,blackhole,2,B0:CB:D8:F3:32:19,-42,0,0,0,255,255,0,0,0
88659568,NODE_F42DC973E618,blackhole,2,B0:CB:D8:F3:32:19,-41,0,0,0,255,255,0,0,0
88759567,NODE_F42DC973E618,blackhole,2,B0:CB:D8:F3:32:19,-38,0,0,0,255,255,0,0,0
88859567,NODE_F42DC973E618,blackhole,2,B0:CB:D8:F3:32:19,-39,0,0,0,255,255,0,0,0
88959568,NODE_F42DC973E618,blackhole,2,B0:CB:D8:F3:32:19,-39,0,0,0,255,255,0,0,0
89059567,NODE_F42DC973E618,blackhole,2,B0:CB:D8:F3:32:19,-39,0,0,0,255,255,0,0,0
89159563,NODE_F42DC973E618,blackhole,2,B0:CB:D8:F3:32:19,-42,0,0,0,255,255,0,0,0
89259564,NODE_F42DC973E618,blackhole,2,B0:CB:D8:F3:32:19,-43,0,0,0,255,255,0,0,0
89359575,NODE_F42DC973E618,blackhole,2,B0:CB:D8:F3:32:19,-38,0,0,0,255,255,0,0,0
89459563,NODE_F42DC973E618,blackhole,2,B0:CB:D8:F3:32:19,-42,0,0,0,255,255,0,0,0
89559568,NODE_F42DC973E618,blackhole,2,B0:CB:D8:F3:32:19,-38,0,0,0,255,255,0,0,0
89659567,NODE_F42DC973E618,blackhole,2,B0:CB:D8:F3:32:19,-37,0,0,0,255,255,0,0,0
89759567,NODE_F42DC973E618,blackhole,2,B0:CB:D8:F3:32:19,-42,0,0,0,255,255,0,0,0
89859568,NODE_F42DC973E618,blackhole,2,B0:CB:D8:F3:32:19,-38,0,0,0,255,255,0,0,0
89959571,NODE_F42DC973E618,blackhole,2,B0:CB:D8:F3:32:19,-39,0,0,0,255,255,0,0,0
90059571,NODE_F42DC973E618,blackhole,2,B0:CB:D8:F3:32:19,-43,0,0,0,255,255,0,0,0
90159568,NODE_F42DC973E618,blackhole,2,B0:CB:D8:F3:32:19,-37,0,0,0,255,255,0,0,0
90259567,NODE_F42DC973E618,blackhole,2,B0:CB:D8:F3:32:19,-38,0,0,0,255,255,0,0,0
90359567,NODE_F42DC973E618,blackhole,2,B0:CB:D8:F3:32:19,-41,0,0,0,255,255,0,0,0
90459572,NODE_F42DC973E618,blackhole,2,B0:CB:D8:F3:32:19,-41,0,0,0,255,255,0,0,0
90559567,NODE_F42DC973E618,blackhole,2,B0:CB:D8:F3:32:19,-42,0,0,0,255,255,0,0,0
90659567,NODE_F42DC973E618,blackhole,2,B0:CB:D8:F3:32:19,-38,0,0,0,255,255,0,0,0
90759564,NODE_F42DC973E618,blackhole,2,B0:CB:D8:F3:32:19,-38,0,0,0,255,255,0,0,0
90859567,NODE_F42DC973E618,blackhole,2,B0:CB:D8:F3:32:19,-41,0,0,0,255,255,0,0,0
90959567,NODE_F42DC973E618,blackhole,2,B0:CB:D8:F3:32:19,-42,0,0,0,255,255,0,0,0
91059568,NODE_F42DC973E618,blackhole,2,B0:CB:D8:F3:32:19,-39,0,0,0,255,255,0,0,0
91159571,NODE_F42DC973E618,blackhole,2,B0:CB:D8:F3:32:19,-38,0,0,0,255,255,0,0,0
91259564,NODE_F42DC973E618,blackhole,2,B0:CB:D8:F3:32:19,-42,0,0,0,255,255,0,0,0
91359568,NODE_F42DC973E618,blackhole,2,B0:CB:D8:F3:32:19,-38,0,0,0,255,255,0,0,0
91459567,NODE_F42DC973E618,blackhole,2,B0:CB:D8:F3:32:19,-38,0,0,0,255,255,0,0,0
91559567,NODE_F42DC973E618,blackhole,2,B0:CB:D8:F3:32:19,-42,0,0,0,255,255,0,0,0
91659568,NODE_F42DC973E618,blackhole,2,B0:CB:D8:F3:32:19,-42,0,0,0,255,255,0,0,0
91759567,NODE_F42DC973E618,blackhole,2,B0:CB:D8:F3:32:19,-43,0,0,0,255,255,0,0,0
91859567,NODE_F42DC973E618,blackhole,2,B0:CB:D8:F3:32:19,-41,0,0,0,255,255,0,0,0
91959568,NODE_F42DC973E618,blackhole,2,B0:CB:D8:F3:32:19,-42,0,0,0,255,255,0,0,0
92059567,NODE_F42DC973E618,blackhole,2,B0:CB:D8:F3:32:19,-42,0,0,0,255,255,0,0,0
92159567,NODE_F42DC973E618,blackhole,2,B0:CB:D8:F3:32:19,-43,0,0,0,255,255,0,0,0
92259572,NODE_F42DC973E618,blackhole,2,B0:CB:D8:F3:32:19,-42,0,0,0,255,255,0,0,0
92359567,NODE_F42DC973E618,blackhole,2,B0:CB:D8:F3:32:19,-41,0,0,0,255,255,0,0,0
92459567,NODE_F42DC973E618,blackhole,2,B0:CB:D8:F3:32:19,-42,0,0,0,255,255,0,0,0
92559568,NODE_F42DC973E618,blackhole,2,B0:CB:D8:F3:32:19,-39,0,0,0,255,255,0,0,0
92659568,NODE_F42DC973E618,blackhole,2,B0:CB:D8:F3:32:19,-42,0,0,0,255,255,0,0,0
92759567,NODE_F42DC973E618,blackhole,2,B0:CB:D8:F3:32:19,-41,0,0,0,255,255,0,0,0
92859568,NODE_F42DC973E618,blackhole,2,B0:CB:D8:F3:32:19,-39,0,0,0,255,255,0,0,0
92959567,NODE_F42DC973E618,blackhole,2,B0:CB:D8:F3:32:19,-42,0,0,0,255,255,0,0,0
93059567,NODE_F42DC973E618,blackhole,2,B0:CB:D8:F3:32:19,-41,0,0,0,255,255,0,0,0
93159922,NODE_F42DC973E618,blackhole,2,B0:CB:D8:F3:32:19,-39,0,0,0,255,255,0,0,0
93259563,NODE_F42DC973E618,blackhole,2,B0:CB:D8:F3:32:19,-39,0,0,0,255,255,0,0,0
93359567,NODE_F42DC973E618,blackhole,2,B0:CB:D8:F3:32:19,-43,0,0,0,255,255,0,0,0
93459564,NODE_F42DC973E618,blackhole,2,B0:CB:D8:F3:32:19,-42,0,0,0,255,255,0,0,0
93559567,NODE_F42DC973E618,blackhole,2,B0:CB:D8:F3:32:19,-42,0,0,0,255,255,0,0,0
93659571,NODE_F42DC973E618,blackhole,2,B0:CB:D8:F3:32:19,-38,0,0,0,255,255,0,0,0
93759568,NODE_F42DC973E618,blackhole,2,B0:CB:D8:F3:32:19,-42,0,0,0,255,255,0,0,0
93859567,NODE_F42DC973E618,blackhole,2,B0:CB:D8:F3:32:19,-38,0,0,0,255,255,0,0,0
93959567,NODE_F42DC973E618,blackhole,2,B0:CB:D8:F3:32:19,-42,0,0,0,255,255,0,0,0
94059568,NODE_F42DC973E618,blackhole,2,B0:CB:D8:F3:32:19,-39,0,0,0,255,255,0,0,0
94159567,NODE_F42DC973E618,blackhole,2,B0:CB:D8:F3:32:19,-42,0,0,0,255,255,0,0,0
94259571,NODE_F42DC973E618,blackhole,2,B0:CB:D8:F3:32:19,-38,0,0,0,255,255,0,0,0
94359568,NODE_F42DC973E618,blackhole,2,B0:CB:D8:F3:32:19,-42,0,0,0,255,255,0,0,0
94459567,NODE_F42DC973E618,blackhole,2,B0:CB:D8:F3:32:19,-38,0,0,0,255,255,0,0,0
94559567,NODE_F42DC973E618,blackhole,2,B0:CB:D8:F3:32:19,-42,0,0,0,255,255,0,0,0
94659568,NODE_F42DC973E618,blackhole,2,B0:CB:D8:F3:32:19,-42,0,0,0,255,255,0,0,0
94759567,NODE_F42DC973E618,blackhole,2,B0:CB:D8:F3:32:19,-38,0,0,0,255,255,0,0,0
94859567,NODE_F42DC973E618,blackhole,2,B0:CB:D8:F3:32:19,-38,0,0,0,255,255,0,0,0
94959568,NODE_F42DC973E618,blackhole,2,B0:CB:D8:F3:32:19,-38,0,0,0,255,255,0,0,0
95059575,NODE_F42DC973E618,blackhole,2,B0:CB:D8:F3:32:19,-43,0,0,0,255,255,0,0,0
95159567,NODE_F42DC973E618,blackhole,2,B0:CB:D8:F3:32:19,-42,0,0,0,255,255,0,0,0
95259568,NODE_F42DC973E618,blackhole,2,B0:CB:D8:F3:32:19,-42,0,0,0,255,255,0,0,0
95359567,NODE_F42DC973E618,blackhole,2,B0:CB:D8:F3:32:19,-42,0,0,0,255,255,0,0,0
95459567,NODE_F42DC973E618,blackhole,2,B0:CB:D8:F3:32:19,-40,0,0,0,255,255,0,0,0
95559564,NODE_F42DC973E618,blackhole,2,B0:CB:D8:F3:32:19,-41,0,0,0,255,255,0,0,0
95659567,NODE_F42DC973E618,blackhole,2,B0:CB:D8:F3:32:19,-41,0,0,0,255,255,0,0,0
95759567,NODE_F42DC973E618,blackhole,2,B0:CB:D8:F3:32:19,-38,0,0,0,255,255,0,0,0
95859568,NODE_F42DC973E618,blackhole,2,B0:CB:D8:F3:32:19,-42,0,0,0,255,255,0,0,0
95959571,NODE_F42DC973E618,blackhole,2,B0:CB:D8:F3:32:19,-38,0,0,0,255,255,0,0,0
96059567,NODE_F42DC973E618,blackhole,2,B0:CB:D8:F3:32:19,-42,0,0,0,255,255,0,0,0
96159568,NODE_F42DC973E618,blackhole,2,B0:CB:D8:F3:32:19,-42,0,0,0,255,255,0,0,0
96259567,NODE_F42DC973E618,blackhole,2,B0:CB:D8:F3:32:19,-39,0,0,0,255,255,0,0,0
96359567,NODE_F42DC973E618,blackhole,2,B0:CB:D8:F3:32:19,-42,0,0,0,255,255,0,0,0
96459568,NODE_F42DC973E618,blackhole,2,B0:CB:D8:F3:32:19,-42,0,0,0,255,255,0,0,0
96559567,NODE_F42DC973E618,blackhole,2,B0:CB:D8:F3:32:19,-37,0,0,0,255,255,0,0,0
96659567,NODE_F42DC973E618,blackhole,2,B0:CB:D8:F3:32:19,-38,0,0,0,255,255,0,0,0
96759564,NODE_F42DC973E618,blackhole,2,B0:CB:D8:F3:32:19,-38,0,0,0,255,255,0,0,0
96859567,NODE_F42DC973E618,blackhole,2,B0:CB:D8:F3:32:19,-38,0,0,0,255,255,0,0,0
96959571,NODE_F42DC973E618,blackhole,2,B0:CB:D8:F3:32:19,-39,0,0,0,255,255,0,0,0
97059568,NODE_F42DC973E618,blackhole,2,B0:CB:D8:F3:32:19,-38,0,0,0,255,255,0,0,0
97159567,NODE_F42DC973E618,blackhole,2,B0:CB:D8:F3:32:19,-42,0,0,0,255,255,0,0,0
97259567,NODE_F42DC973E618,blackhole,2,B0:CB:D8:F3:32:19,-40,0,0,0,255,255,0,0,0
97359661,NODE_F42DC973E618,blackhole,2,B0:CB:D8:F3:32:19,-39,0,0,0,255,255,0,0,0
97459563,NODE_F42DC973E618,blackhole,2,B0:CB:D8:F3:32:19,-39,0,0,0,255,255,0,0,0
97559563,NODE_F42DC973E618,blackhole,2,B0:CB:D8:F3:32:19,-39,0,0,0,255,255,0,0,0
97659570,NODE_F42DC973E618,blackhole,2,B0:CB:D8:F3:32:19,-42,0,0,0,255,255,0,0,0
97759567,NODE_F42DC973E618,blackhole,2,B0:CB:D8:F3:32:19,-42,0,0,0,255,255,0,0,0
97859567,NODE_F42DC973E618,blackhole,2,B0:CB:D8:F3:32:19,-42,0,0,0,255,255,0,0,0
97959572,NODE_F42DC973E618,blackhole,2,B0:CB:D8:F3:32:19,-42,0,0,0,255,255,0,0,0
98059567,NODE_F42DC973E618,blackhole,2,B0:CB:D8:F3:32:19,-42,0,0,0,255,255,0,0,0
98159567,NODE_F42DC973E618,blackhole,2,B0:CB:D8:F3:32:19,-38,0,0,0,255,255,0,0,0
98259565,NODE_F42DC973E618,blackhole,2,B0:CB:D8:F3:32:19,-38,0,0,0,255,255,0,0,0
98359567,NODE_F42DC973E618,blackhole,2,B0:CB:D8:F3:32:19,-42,0,0,0,255,255,0,0,0
98459567,NODE_F42DC973E618,blackhole,2,B0:CB:D8:F3:32:19,-39,0,0,0,255,255,0,0,0
98559568,NODE_F42DC973E618,blackhole,2,B0:CB:D8:F3:32:19,-39,0,0,0,255,255,0,0,0
98659567,NODE_F42DC973E618,blackhole,2,B0:CB:D8:F3:32:19,-41,0,0,0,255,255,0,0,0
98759567,NODE_F42DC973E618,blackhole,2,B0:CB:D8:F3:32:19,-38,0,0,0,255,255,0,0,0
98859568,NODE_F42DC973E618,blackhole,2,B0:CB:D8:F3:32:19,-37,0,0,0,255,255,0,0,0
98959571,NODE_F42DC973E618,blackhole,2,B0:CB:D8:F3:32:19,-42,0,0,0,255,255,0,0,0
99059567,NODE_F42DC973E618,blackhole,2,B0:CB:D8:F3:32:19,-41,0,0,0,255,255,0,0,0
99159568,NODE_F42DC973E618,blackhole,2,B0:CB:D8:F3:32:19,-42,0,0,0,255,255,0,0,0
99259567,NODE_F42DC973E618,blackhole,2,B0:CB:D8:F3:32:19,-41,0,0,0,255,255,0,0,0
99359567,NODE_F42DC973E618,blackhole,2,B0:CB:D8:F3:32:19,-39,0,0,0,255,255,0,0,0
99459568,NODE_F42DC973E618,blackhole,2,B0:CB:D8:F3:32:19,-37,0,0,0,255,255,0,0,0
99559567,NODE_F42DC973E618,blackhole,2,B0:CB:D8:F3:32:19,-41,0,0,0,255,255,0,0,0
99659567,NODE_F42DC973E618,blackhole,2,B0:CB:D8:F3:32:19,-41,0,0,0,255,255,0,0,0
99759568,NODE_F42DC973E618,blackhole,2,B0:CB:D8:F3:32:19,-41,0,0,0,255,255,0,0,0
99859567,NODE_F42DC973E618,blackhole,2,B0:CB:D8:F3:32:19,-38,0,0,0,255,255,0,0,0
99959571,NODE_F42DC973E618,blackhole,2,B0:CB:D8:F3:32:19,-41,0,0,0,255,255,0,0,0
100059572,NODE_F42DC973E618,blackhole,2,B0:CB:D8:F3:32:19,-41,0,0,0,255,255,0,0,0
100159567,NODE_F42DC973E618,blackhole,2,B0:CB:D8:F3:32:19,-41,0,0,0,255,255,0,0,0
100259567,NODE_F42DC973E618,blackhole,2,B0:CB:D8:F3:32:19,-38,0,0,0,255,255,0,0,0
100359568,NODE_F42DC973E618,blackhole,2,B0:CB:D8:F3:32:19,-38,0,0,0,255,255,0,0,0
100459571,NODE_F42DC973E618,blackhole,2,B0:CB:D8:F3:32:19,-42,0,0,0,255,255,0,0,0
100559567,NODE_F42DC973E618,blackhole,2,B0:CB:D8:F3:32:19,-39,0,0,0,255,255,0,0,0
100659568,NODE_F42DC973E618,blackhole,2,B0:CB:D8:F3:32:19,-39,0,0,0,255,255,0,0,0
100759567,NODE_F42DC973E618,blackhole,2,B0:CB:D8:F3:32:19,-42,0,0,0,255,255,0,0,0
100859567,NODE_F42DC973E618,blackhole,2,B0:CB:D8:F3:32:19,-41,0,0,0,255,255,0,0,0
100959568,NODE_F42DC973E618,blackhole,2,B0:CB:D8:F3:32:19,-39,0,0,0,255,255,0,0,0
101059567,NODE_F42DC973E618,blackhole,2,B0:CB:D8:F3:32:19,-42,0,0,0,255,255,0,0,0
101159571,NODE_F42DC973E618,blackhole,2,B0:CB:D8:F3:32:19,-39,0,0,0,255,255,0,0,0
101259568,NODE_F42DC973E618,blackhole,2,B0:CB:D8:F3:32:19,-39,0,0,0,255,255,0,0,0
101359567,NODE_F42DC973E618,blackhole,2,B0:CB:D8:F3:32:19,-43,0,0,0,255,255,0,0,0
101459567,NODE_F42DC973E618,blackhole,2,B0:CB:D8:F3:32:19,-37,0,0,0,255,255,0,0,0
101559568,NODE_F42DC973E618,blackhole,2,B0:CB:D8:F3:32:19,-41,0,0,0,255,255,0,0,0
101660320,NODE_F42DC973E618,blackhole,2,B0:CB:D8:F3:32:19,-41,0,0,0,255,255,0,0,0
101759567,NODE_F42DC973E618,blackhole,2,B0:CB:D8:F3:32:19,-41,0,0,0,255,255,0,0,0
101859564,NODE_F42DC973E618,blackhole,2,B0:CB:D8:F3:32:19,-38,0,0,0,255,255,0,0,0
101959567,NODE_F42DC973E618,blackhole,2,B0:CB:D8:F3:32:19,-40,0,0,0,255,255,0,0,0
102059567,NODE_F42DC973E618,blackhole,2,B0:CB:D8:F3:32:19,-41,0,0,0,255,255,0,0,0
102159568,NODE_F42DC973E618,blackhole,2,B0:CB:D8:F3:32:19,-42,0,0,0,255,255,0,0,0
102259567,NODE_F42DC973E618,blackhole,2,B0:CB:D8:F3:32:19,-38,0,0,0,255,255,0,0,0
102359567,NODE_F42DC973E618,blackhole,2,B0:CB:D8:F3:32:19,-42,0,0,0,255,255,0,0,0
102459568,NODE_F42DC973E618,blackhole,2,B0:CB:D8:F3:32:19,-38,0,0,0,255,255,0,0,0
102559567,NODE_F42DC973E618,blackhole,2,B0:CB:D8:F3:32:19,-42,0,0,0,255,255,0,0,0
102659568,NODE_F42DC973E618,blackhole,2,B0:CB:D8:F3:32:19,-41,0,0,0,255,255,0,0,0
102759568,NODE_F42DC973E618,blackhole,2,B0:CB:D8:F3:32:19,-39,0,0,0,255,255,0,0,0
102859567,NODE_F42DC973E618,blackhole,2,B0:CB:D8:F3:32:19,-40,0,0,0,255,255,0,0,0
102959567,NODE_F42DC973E618,blackhole,2,B0:CB:D8:F3:32:19,-41,0,0,0,255,255,0,0,0
103059564,NODE_F42DC973E618,blackhole,2,B0:CB:D8:F3:32:19,-42,0,0,0,255,255,0,0,0
103159571,NODE_F42DC973E618,blackhole,2,B0:CB:D8:F3:32:19,-41,0,0,0,255,255,0,0,0
103259567,NODE_F42DC973E618,blackhole,2,B0:CB:D8:F3:32:19,-41,0,0,0,255,255,0,0,0
103359564,NODE_F42DC973E618,blackhole,2,B0:CB:D8:F3:32:19,-42,0,0,0,255,255,0,0,0
103459567,NODE_F42DC973E618,blackhole,2,B0:CB:D8:F3:32:19,-38,0,0,0,255,255,0,0,0
103559567,NODE_F42DC973E618,blackhole,2,B0:CB:D8:F3:32:19,-42,0,0,0,255,255,0,0,0
103659568,NODE_F42DC973E618,blackhole,2,B0:CB:D8:F3:32:19,-39,0,0,0,255,255,0,0,0
103759567,NODE_F42DC973E618,blackhole,2,B0:CB:D8:F3:32:19,-41,0,0,0,255,255,0,0,0
103859567,NODE_F42DC973E618,blackhole,2,B0:CB:D8:F3:32:19,-41,0,0,0,255,255,0,0,0
103959568,NODE_F42DC973E618,blackhole,2,B0:CB:D8:F3:32:19,-39,0,0,0,255,255,0,0,0
104059567,NODE_F42DC973E618,blackhole,2,B0:CB:D8:F3:32:19,-37,0,0,0,255,255,0,0,0
104159567,NODE_F42DC973E618,blackhole,2,B0:CB:D8:F3:32:19,-38,0,0,0,255,255,0,0,0
104259572,NODE_F42DC973E618,blackhole,2,B0:CB:D8:F3:32:19,-37,0,0,0,255,255,0,0,0
104359567,NODE_F42DC973E618,blackhole,2,B0:CB:D8:F3:32:19,-38,0,0,0,255,255,0,0,0
104459567,NODE_F42DC973E618,blackhole,2,B0:CB:D8:F3:32:19,-39,0,0,0,255,255,0,0,0
104559568,NODE_F42DC973E618,blackhole,2,B0:CB:D8:F3:32:19,-39,0,0,0,255,255,0,0,0
104659567,NODE_F42DC973E618,blackhole,2,B0:CB:D8:F3:32:19,-41,0,0,0,255,255,0,0,0
104759567,NODE_F42DC973E618,blackhole,2,B0:CB:D8:F3:32:19,-38,0,0,0,255,255,0,0,0
104859568,NODE_F42DC973E618,blackhole,2,B0:CB:D8:F3:32:19,-39,0,0,0,255,255,0,0,0
104959567,NODE_F42DC973E618,blackhole,2,B0:CB:D8:F3:32:19,-39,0,0,0,255,255,0,0,0
105059575,NODE_F42DC973E618,blackhole,2,B0:CB:D8:F3:32:19,-39,0,0,0,255,255,0,0,0
105159568,NODE_F42DC973E618,blackhole,2,B0:CB:D8:F3:32:19,-42,0,0,0,255,255,0,0,0
105259564,NODE_F42DC973E618,blackhole,2,B0:CB:D8:F3:32:19,-38,0,0,0,255,255,0,0,0
105359567,NODE_F42DC973E618,blackhole,2,B0:CB:D8:F3:32:19,-41,0,0,0,255,255,0,0,0
105459568,NODE_F42DC973E618,blackhole,2,B0:CB:D8:F3:32:19,-41,0,0,0,255,255,0,0,0
105559567,NODE_F42DC973E618,blackhole,2,B0:CB:D8:F3:32:19,-37,0,0,0,255,255,0,0,0
105659567,NODE_F42DC973E618,blackhole,2,B0:CB:D8:F3:32:19,-39,0,0,0,255,255,0,0,0
105759568,NODE_F42DC973E618,blackhole,2,B0:CB:D8:F3:32:19,-42,0,0,0,255,255,0,0,0
105859912,NODE_F42DC973E618,blackhole,2,B0:CB:D8:F3:32:19,-38,0,0,0,255,255,0,0,0
105960292,NODE_F42DC973E618,blackhole,2,B0:CB:D8:F3:32:19,-39,0,0,0,255,255,0,0,0
106059568,NODE_F42DC973E618,blackhole,2,B0:CB:D8:F3:32:19,-39,0,0,0,255,255,0,0,0
106159563,NODE_F42DC973E618,blackhole,2,B0:CB:D8:F3:32:19,-42,0,0,0,255,255,0,0,0
106259567,NODE_F42DC973E618,blackhole,2,B0:CB:D8:F3:32:19,-41,0,0,0,255,255,0,0,0
106359568,NODE_F42DC973E618,blackhole,2,B0:CB:D8:F3:32:19,-41,0,0,0,255,255,0,0,0
106459567,NODE_F42DC973E618,blackhole,2,B0:CB:D8:F3:32:19,-39,0,0,0,255,255,0,0,0
106559567,NODE_F42DC973E618,blackhole,2,B0:CB:D8:F3:32:19,-42,0,0,0,255,255,0,0,0
106659568,NODE_F42DC973E618,blackhole,2,B0:CB:D8:F3:32:19,-42,0,0,0,255,255,0,0,0
106759567,NODE_F42DC973E618,blackhole,2,B0:CB:D8:F3:32:19,-41,0,0,0,255,255,0,0,0
106859567,NODE_F42DC973E618,blackhole,2,B0:CB:D8:F3:32:19,-38,0,0,0,255,255,0,0,0
106959572,NODE_F42DC973E618,blackhole,2,B0:CB:D8:F3:32:19,-42,0,0,0,255,255,0,0,0
107059567,NODE_F42DC973E618,blackhole,2,B0:CB:D8:F3:32:19,-42,0,0,0,255,255,0,0,0
107159567,NODE_F42DC973E618,blackhole,2,B0:CB:D8:F3:32:19,-42,0,0,0,255,255,0,0,0
107259568,NODE_F42DC973E618,blackhole,2,B0:CB:D8:F3:32:19,-38,0,0,0,255,255,0,0,0
107359567,NODE_F42DC973E618,blackhole,2,B0:CB:D8:F3:32:19,-40,0,0,0,255,255,0,0,0
107459567,NODE_F42DC973E618,blackhole,2,B0:CB:D8:F3:32:19,-38,0,0,0,255,255,0,0,0
107559568,NODE_F42DC973E618,blackhole,2,B0:CB:D8:F3:32:19,-39,0,0,0,255,255,0,0,0
107659568,NODE_F42DC973E618,blackhole,2,B0:CB:D8:F3:32:19,-39,0,0,0,255,255,0,0,0
107759567,NODE_F42DC973E618,blackhole,2,B0:CB:D8:F3:32:19,-38,0,0,0,255,255,0,0,0
107859568,NODE_F42DC973E618,blackhole,2,B0:CB:D8:F3:32:19,-42,0,0,0,255,255,0,0,0
107959567,NODE_F42DC973E618,blackhole,2,B0:CB:D8:F3:32:19,-39,0,0,0,255,255,0,0,0
108059567,NODE_F42DC973E618,blackhole,2,B0:CB:D8:F3:32:19,-41,0,0,0,255,255,0,0,0
108159568,NODE_F42DC973E618,blackhole,2,B0:CB:D8:F3:32:19,-38,0,0,0,255,255,0,0,0
108259567,NODE_F42DC973E618,blackhole,2,B0:CB:D8:F3:32:19,-38,0,0,0,255,255,0,0,0
108359567,NODE_F42DC973E618,blackhole,2,B0:CB:D8:F3:32:19,-41,0,0,0,255,255,0,0,0
108459568,NODE_F42DC973E618,blackhole,2,B0:CB:D8:F3:32:19,-41,0,0,0,255,255,0,0,0
108559567,NODE_F42DC973E618,blackhole,2,B0:CB:D8:F3:32:19,-38,0,0,0,255,255,0,0,0
108659567,NODE_F42DC973E618,blackhole,2,B0:CB:D8:F3:32:19,-39,0,0,0,255,255,0,0,0
108759564,NODE_F42DC973E618,blackhole,2,B0:CB:D8:F3:32:19,-41,0,0,0,255,255,0,0,0
108859567,NODE_F42DC973E618,blackhole,2,B0:CB:D8:F3:32:19,-39,0,0,0,255,255,0,0,0
108959571,NODE_F42DC973E618,blackhole,2,B0:CB:D8:F3:32:19,-39,0,0,0,255,255,0,0,0
109059564,NODE_F42DC973E618,blackhole,2,B0:CB:D8:F3:32:19,-39,0,0,0,255,255,0,0,0
109159567,NODE_F42DC973E618,blackhole,2,B0:CB:D8:F3:32:19,-37,0,0,0,255,255,0,0,0
109259567,NODE_F42DC973E618,blackhole,2,B0:CB:D8:F3:32:19,-37,0,0,0,255,255,0,0,0
109359564,NODE_F42DC973E618,blackhole,2,B0:CB:D8:F3:32:19,-42,0,0,0,255,255,0,0,0
109459567,NODE_F42DC973E618,blackhole,2,B0:CB:D8:F3:32:19,-42,0,0,0,255,255,0,0,0
109559567,NODE_F42DC973E618,blackhole,2,B0:CB:D8:F3:32:19,-42,0,0,0,255,255,0,0,0
109659568,NODE_F42DC973E618,blackhole,2,B0:CB:D8:F3:32:19,-41,0,0,0,255,255,0,0,0
109759567,NODE_F42DC973E618,blackhole,2,B0:CB:D8:F3:32:19,-42,0,0,0,255,255,0,0,0
109859567,NODE_F42DC973E618,blackhole,2,B0:CB:D8:F3:32:19,-39,0,0,0,255,255,0,0,0
109959630,NODE_F42DC973E618,blackhole,2,B0:CB:D8:F3:32:19,-37,0,0,0,255,255,0,0,0
110059571,NODE_F42DC973E618,blackhole,2,B0:CB:D8:F3:32:19,-38,0,0,0,255,255,0,0,0
110160188,NODE_F42DC973E618,blackhole,2,B0:CB:D8:F3:32:19,-38,0,0,0,255,255,0,0,0
110259568,NODE_F42DC973E618,blackhole,2,B0:CB:D8:F3:32:19,-38,0,0,0,255,255,0,0,0
110359563,NODE_F42DC973E618,blackhole,2,B0:CB:D8:F3:32:19,-39,0,0,0,255,255,0,0,0
110459567,NODE_F42DC973E618,blackhole,2,B0:CB:D8:F3:32:19,-41,0,0,0,255,255,0,0,0
110559568,NODE_F42DC973E618,blackhole,2,B0:CB:D8:F3:32:19,-39,0,0,0,255,255,0,0,0
110659567,NODE_F42DC973E618,blackhole,2,B0:CB:D8:F3:32:19,-41,0,0,0,255,255,0,0,0
110759567,NODE_F42DC973E618,blackhole,2,B0:CB:D8:F3:32:19,-40,0,0,0,255,255,0,0,0
110859568,NODE_F42DC973E618,blackhole,2,B0:CB:D8:F3:32:19,-38,0,0,0,255,255,0,0,0
110959567,NODE_F42DC973E618,blackhole,2,B0:CB:D8:F3:32:19,-41,0,0,0,255,255,0,0,0
111059567,NODE_F42DC973E618,blackhole,2,B0:CB:D8:F3:32:19,-39,0,0,0,255,255,0,0,0
111159572,NODE_F42DC973E618,blackhole,2,B0:CB:D8:F3:32:19,-39,0,0,0,255,255,0,0,0
111259567,NODE_F42DC973E618,blackhole,2,B0:CB:D8:F3:32:19,-41,0,0,0,255,255,0,0,0
111359567,NODE_F42DC973E618,blackhole,2,B0:CB:D8:F3:32:19,-38,0,0,0,255,255,0,0,0
111459568,NODE_F42DC973E618,blackhole,2,B0:CB:D8:F3:32:19,-37,0,0,0,255,255,0,0,0
111559567,NODE_F42DC973E618,blackhole,2,B0:CB:D8:F3:32:19,-41,0,0,0,255,255,0,0,0
111659567,NODE_F42DC973E618,blackhole,2,B0:CB:D8:F3:32:19,-39,0,0,0,255,255,0,0,0
111759568,NODE_F42DC973E618,blackhole,2,B0:CB:D8:F3:32:19,-42,0,0,0,255,255,0,0,0
111859563,NODE_F42DC973E618,blackhole,2,B0:CB:D8:F3:32:19,-40,0,0,0,255,255,0,0,0
111959567,NODE_F42DC973E618,blackhole,2,B0:CB:D8:F3:32:19,-42,0,0,0,255,255,0,0,0
112059568,NODE_F42DC973E618,blackhole,2,B0:CB:D8:F3:32:19,-39,0,0,0,255,255,0,0,0
112159567,NODE_F42DC973E618,blackhole,2,B0:CB:D8:F3:32:19,-38,0,0,0,255,255,0,0,0
112259568,NODE_F42DC973E618,blackhole,2,B0:CB:D8:F3:32:19,-39,0,0,0,255,255,0,0,0
112359568,NODE_F42DC973E618,blackhole,2,B0:CB:D8:F3:32:19,-39,0,0,0,255,255,0,0,0
112459571,NODE_F42DC973E618,blackhole,2,B0:CB:D8:F3:32:19,-38,0,0,0,255,255,0,0,0
112559571,NODE_F42DC973E618,blackhole,2,B0:CB:D8:F3:32:19,-39,0,0,0,255,255,0,0,0
112659570,NODE_F42DC973E618,blackhole,2,B0:CB:D8:F3:32:19,-38,0,0,0,255,255,0,0,0
112759567,NODE_F42DC973E618,blackhole,2,B0:CB:D8:F3:32:19,-39,0,0,0,255,255,0,0,0
112859567,NODE_F42DC973E618,blackhole,2,B0:CB:D8:F3:32:19,-39,0,0,0,255,255,0,0,0
112959572,NODE_F42DC973E618,blackhole,2,B0:CB:D8:F3:32:19,-39,0,0,0,255,255,0,0,0
113059567,NODE_F42DC973E618,blackhole,2,B0:CB:D8:F3:32:19,-41,0,0,0,255,255,0,0,0
113159567,NODE_F42DC973E618,blackhole,2,B0:CB:D8:F3:32:19,-42,0,0,0,255,255,0,0,0
113259568,NODE_F42DC973E618,blackhole,2,B0:CB:D8:F3:32:19,-38,0,0,0,255,255,0,0,0
113359567,NODE_F42DC973E618,blackhole,2,B0:CB:D8:F3:32:19,-42,0,0,0,255,255,0,0,0
113459567,NODE_F42DC973E618,blackhole,2,B0:CB:D8:F3:32:19,-42,0,0,0,255,255,0,0,0
113559568,NODE_F42DC973E618,blackhole,2,B0:CB:D8:F3:32:19,-42,0,0,0,255,255,0,0,0
113659567,NODE_F42DC973E618,blackhole,2,B0:CB:D8:F3:32:19,-42,0,0,0,255,255,0,0,0
113759567,NODE_F42DC973E618,blackhole,2,B0:CB:D8:F3:32:19,-39,0,0,0,255,255,0,0,0
113859568,NODE_F42DC973E618,blackhole,2,B0:CB:D8:F3:32:19,-42,0,0,0,255,255,0,0,0
113959571,NODE_F42DC973E618,blackhole,2,B0:CB:D8:F3:32:19,-42,0,0,0,255,255,0,0,0
114059563,NODE_F42DC973E618,blackhole,2,B0:CB:D8:F3:32:19,-42,0,0,0,255,255,0,0,0
114159568,NODE_F42DC973E618,blackhole,2,B0:CB:D8:F3:32:19,-42,0,0,0,255,255,0,0,0
114259563,NODE_F42DC973E618,blackhole,2,B0:CB:D8:F3:32:19,-42,0,0,0,255,255,0,0,0
114359567,NODE_F42DC973E618,blackhole,2,B0:CB:D8:F3:32:19,-42,0,0,0,255,255,0,0,0
114459564,NODE_F42DC973E618,blackhole,2,B0:CB:D8:F3:32:19,-42,0,0,0,255,255,0,0,0
114559567,NODE_F42DC973E618,blackhole,2,B0:CB:D8:F3:32:19,-42,0,0,0,255,255,0,0,0
114659563,NODE_F42DC973E618,blackhole,2,B0:CB:D8:F3:32:19,-42,0,0,0,255,255,0,0,0
114759564,NODE_F42DC973E618,blackhole,2,B0:CB:D8:F3:32:19,-42,0,0,0,255,255,0,0,0
114859567,NODE_F42DC973E618,blackhole,2,B0:CB:D8:F3:32:19,-42,0,0,0,255,255,0,0,0
114959571,NODE_F42DC973E618,blackhole,2,B0:CB:D8:F3:32:19,-42,0,0,0,255,255,0,0,0
115059564,NODE_F42DC973E618,blackhole,2,B0:CB:D8:F3:32:19,-42,0,0,0,255,255,0,0,0
115159567,NODE_F42DC973E618,blackhole,2,B0:CB:D8:F3:32:19,-42,0,0,0,255,255,0,0,0
115259567,NODE_F42DC973E618,blackhole,2,B0:CB:D8:F3:32:19,-42,0,0,0,255,255,0,0,0
115359564,NODE_F42DC973E618,blackhole,2,B0:CB:D8:F3:32:19,-42,0,0,0,255,255,0,0,0
115459567,NODE_F42DC973E618,blackhole,2,B0:CB:D8:F3:32:19,-42,0,0,0,255,255,0,0,0
115559567,NODE_F42DC973E618,blackhole,2,B0:CB:D8:F3:32:19,-42,0,0,0,255,255,0,0,0
115659564,NODE_F42DC973E618,blackhole,2,B0:CB:D8:F3:32:19,-42,0,0,0,255,255,0,0,0
115759567,NODE_F42DC973E618,blackhole,2,B0:CB:D8:F3:32:19,-42,0,0,0,255,255,0,0,0
115859563,NODE_F42DC973E618,blackhole,2,B0:CB:D8:F3:32:19,-42,0,0,0,255,255,0,0,0
115959572,NODE_F42DC973E618,blackhole,2,B0:CB:D8:F3:32:19,-42,0,0,0,255,255,0,0,0
116059567,NODE_F42DC973E618,blackhole,2,B0:CB:D8:F3:32:19,-42,0,0,0,255,255,0,0,0
116159567,NODE_F42DC973E618,blackhole,2,B0:CB:D8:F3:32:19,-42,0,0,0,255,255,0,0,0
116259564,NODE_F42DC973E618,blackhole,2,B0:CB:D8:F3:32:19,-42,0,0,0,255,255,0,0,0
116359567,NODE_F42DC973E618,blackhole,2,B0:CB:D8:F3:32:19,-42,0,0,0,255,255,0,0,0
116459563,NODE_F42DC973E618,blackhole,2,B0:CB:D8:F3:32:19,-42,0,0,0,255,255,0,0,0
116559564,NODE_F42DC973E618,blackhole,2,B0:CB:D8:F3:32:19,-42,0,0,0,255,255,0,0,0
116659567,NODE_F42DC973E618,blackhole,2,B0:CB:D8:F3:32:19,-42,0,0,0,255,255,0,0,0
116759567,NODE_F42DC973E618,blackhole,2,B0:CB:D8:F3:32:19,-42,0,0,0,255,255,0,0,0
116859564,NODE_F42DC973E618,blackhole,2,B0:CB:D8:F3:32:19,-42,0,0,0,255,255,0,0,0
116959571,NODE_F42DC973E618,blackhole,2,B0:CB:D8:F3:32:19,-42,0,0,0,255,255,0,0,0
117059567,NODE_F42DC973E618,blackhole,2,B0:CB:D8:F3:32:19,-42,0,0,0,255,255,0,0,0
117159748,NODE_F42DC973E618,blackhole,2,B0:CB:D8:F3:32:19,-42,0,0,0,255,255,0,0,0
117260330,NODE_F42DC973E618,blackhole,-1,00:00:00:00:00:00,-42,0,0,0,255,255,0,0,0
117359725,NODE_F42DC973E618,blackhole,-1,00:00:00:00:00:00,-42,0,0,0,255,255,0,0,0
117459576,NODE_F42DC973E618,blackhole,-1,00:00:00:00:00:00,0,0,0,0,255,255,0,0,0
117559571,NODE_F42DC973E618,blackhole,-1,00:00:00:00:00:00,0,0,0,0,255,255,0,0,0
117659568,NODE_F42DC973E618,blackhole,-1,00:00:00:00:00:00,0,0,0,0,255,255,0,0,0
117759564,NODE_F42DC973E618,blackhole,-1,00:00:00:00:00:00,0,0,0,0,255,255,0,0,0
117859567,NODE_F42DC973E618,blackhole,-1,00:00:00:00:00:00,0,0,0,0,255,255,0,0,0
117959575,NODE_F42DC973E618,blackhole,-1,00:00:00:00:00:00,0,0,0,0,255,255,0,0,0
118059568,NODE_F42DC973E618,blackhole,-1,00:00:00:00:00:00,0,0,0,0,255,255,0,0,0
118159575,NODE_F42DC973E618,blackhole,-1,00:00:00:00:00:00,0,0,0,0,255,255,0,0,0
118259567,NODE_F42DC973E618,blackhole,-1,00:00:00:00:00:00,0,0,0,0,255,255,0,0,0
118359560,NODE_F42DC973E618,blackhole,-1,00:00:00:00:00:00,0,0,0,0,255,255,0,0,0
118459697,NODE_F42DC973E618,blackhole,-1,00:00:00:00:00:00,0,0,0,0,255,255,0,0,0
118559559,NODE_F42DC973E618,blackhole,-1,00:00:00:00:00:00,0,0,0,0,255,255,0,0,0
118659576,NODE_F42DC973E618,blackhole,-1,00:00:00:00:00:00,0,0,0,0,255,255,0,0,0
118759567,NODE_F42DC973E618,blackhole,-1,00:00:00:00:00:00,-38,0,0,0,255,255,0,0,0
118859575,NODE_F42DC973E618,blackhole,2,B0:CB:D8:F3:32:19,-43,0,0,0,255,255,0,0,0
118959568,NODE_F42DC973E618,blackhole,2,B0:CB:D8:F3:32:19,-38,0,0,0,255,255,0,0,0
119059567,NODE_F42DC973E618,blackhole,2,B0:CB:D8:F3:32:19,-37,0,0,0,255,255,0,0,0
119159575,NODE_F42DC973E618,blackhole,2,B0:CB:D8:F3:32:19,-38,0,0,0,255,255,0,0,0
119259569,NODE_F42DC973E618,blackhole,2,B0:CB:D8:F3:32:19,-40,0,0,0,255,255,0,0,0
119359567,NODE_F42DC973E618,blackhole,2,B0:CB:D8:F3:32:19,-37,0,0,0,255,255,0,0,0
119459575,NODE_F42DC973E618,blackhole,2,B0:CB:D8:F3:32:19,-38,0,0,0,255,255,0,0,0
119559564,NODE_F42DC973E618,blackhole,2,B0:CB:D8:F3:32:19,-38,0,0,0,255,255,0,0,0
119659567,NODE_F42DC973E618,blackhole,2,B0:CB:D8:F3:32:19,-41,0,0,0,255,255,0,0,0
119759567,NODE_F42DC973E618,blackhole,2,B0:CB:D8:F3:32:19,-38,0,0,0,255,255,0,0,0
119859568,NODE_F42DC973E618,blackhole,2,B0:CB:D8:F3:32:19,-38,0,0,0,255,255,0,0,0
119959571,NODE_F42DC973E618,blackhole,2,B0:CB:D8:F3:32:19,-38,0,0,0,255,255,0,0,0
120059567,NODE_F42DC973E618,blackhole,2,B0:CB:D8:F3:32:19,-39,0,0,0,255,255,0,0,0
120159568,NODE_F42DC973E618,blackhole,2,B0:CB:D8:F3:32:19,-43,0,0,0,255,255,0,0,0
120259567,NODE_F42DC973E618,blackhole,2,B0:CB:D8:F3:32:19,-39,0,0,0,255,255,0,0,0
120359567,NODE_F42DC973E618,blackhole,2,B0:CB:D8:F3:32:19,-38,0,0,0,255,255,0,0,0
120459568,NODE_F42DC973E618,blackhole,2,B0:CB:D8:F3:32:19,-43,0,0,0,255,255,0,0,0
120559567,NODE_F42DC973E618,blackhole,2,B0:CB:D8:F3:32:19,-39,0,0,0,255,255,0,0,0
120659787,NODE_F42DC973E618,blackhole,2,B0:CB:D8:F3:32:19,-43,0,0,0,255,255,0,0,0
120760026,NODE_F42DC973E618,blackhole,2,B0:CB:D8:F3:32:19,-42,0,0,0,255,255,0,0,0
120859563,NODE_F42DC973E618,blackhole,2,B0:CB:D8:F3:32:19,-42,0,0,0,255,255,0,0,0
120959571,NODE_F42DC973E618,blackhole,2,B0:CB:D8:F3:32:19,-42,0,0,0,255,255,0,0,0
121059568,NODE_F42DC973E618,blackhole,2,B0:CB:D8:F3:32:19,-42,0,0,0,255,255,0,0,0
121159563,NODE_F42DC973E618,blackhole,2,B0:CB:D8:F3:32:19,-39,0,0,0,255,255,0,0,0
121259567,NODE_F42DC973E618,blackhole,2,B0:CB:D8:F3:32:19,-39,0,0,0,255,255,0,0,0
121359568,NODE_F42DC973E618,blackhole,2,B0:CB:D8:F3:32:19,-42,0,0,0,255,255,0,0,0
121459563,NODE_F42DC973E618,blackhole,2,B0:CB:D8:F3:32:19,-38,0,0,0,255,255,0,0,0
121559567,NODE_F42DC973E618,blackhole,2,B0:CB:D8:F3:32:19,-41,0,0,0,255,255,0,0,0
121659568,NODE_F42DC973E618,blackhole,2,B0:CB:D8:F3:32:19,-38,0,0,0,255,255,0,0,0
121759567,NODE_F42DC973E618,blackhole,2,B0:CB:D8:F3:32:19,-38,0,0,0,255,255,0,0,0
121859567,NODE_F42DC973E618,blackhole,2,B0:CB:D8:F3:32:19,-38,0,0,0,255,255,0,0,0
121959572,NODE_F42DC973E618,blackhole,2,B0:CB:D8:F3:32:19,-42,0,0,0,255,255,0,0,0
122059567,NODE_F42DC973E618,blackhole,2,B0:CB:D8:F3:32:19,-43,0,0,0,255,255,0,0,0
122159567,NODE_F42DC973E618,blackhole,2,B0:CB:D8:F3:32:19,-42,0,0,0,255,255,0,0,0
122259568,NODE_F42DC973E618,blackhole,2,B0:CB:D8:F3:32:19,-43,0,0,0,255,255,0,0,0
122359567,NODE_F42DC973E618,blackhole,2,B0:CB:D8:F3:32:19,-42,0,0,0,255,255,0,0,0
122459567,NODE_F42DC973E618,blackhole,2,B0:CB:D8:F3:32:19,-38,0,0,0,255,255,0,0,0
122559568,NODE_F42DC973E618,blackhole,2,B0:CB:D8:F3:32:19,-42,0,0,0,255,255,0,0,0
122659568,NODE_F42DC973E618,blackhole,2,B0:CB:D8:F3:32:19,-42,0,0,0,255,255,0,0,0
122759567,NODE_F42DC973E618,blackhole,2,B0:CB:D8:F3:32:19,-40,0,0,0,255,255,0,0,0
122859568,NODE_F42DC973E618,blackhole,2,B0:CB:D8:F3:32:19,-38,0,0,0,255,255,0,0,0
122959571,NODE_F42DC973E618,blackhole,2,B0:CB:D8:F3:32:19,-42,0,0,0,255,255,0,0,0
123059567,NODE_F42DC973E618,blackhole,2,B0:CB:D8:F3:32:19,-42,0,0,0,255,255,0,0,0
123159568,NODE_F42DC973E618,blackhole,2,B0:CB:D8:F3:32:19,-40,0,0,0,255,255,0,0,0
123259567,NODE_F42DC973E618,blackhole,2,B0:CB:D8:F3:32:19,-42,0,0,0,255,255,0,0,0
123359567,NODE_F42DC973E618,blackhole,2,B0:CB:D8:F3:32:19,-38,0,0,0,255,255,0,0,0
123459568,NODE_F42DC973E618,blackhole,2,B0:CB:D8:F3:32:19,-39,0,0,0,255,255,0,0,0
123559567,NODE_F42DC973E618,blackhole,2,B0:CB:D8:F3:32:19,-39,0,0,0,255,255,0,0,0
123659575,NODE_F42DC973E618,blackhole,2,B0:CB:D8:F3:32:19,-38,0,0,0,255,255,0,0,0
123759568,NODE_F42DC973E618,blackhole,2,B0:CB:D8:F3:32:19,-39,0,0,0,255,255,0,0,0
123859567,NODE_F42DC973E618,blackhole,2,B0:CB:D8:F3:32:19,-42,0,0,0,255,255,0,0,0
123959567,NODE_F42DC973E618,blackhole,2,B0:CB:D8:F3:32:19,-42,0,0,0,255,255,0,0,0
124059568,NODE_F42DC973E618,blackhole,2,B0:CB:D8:F3:32:19,-41,0,0,0,255,255,0,0,0
124159567,NODE_F42DC973E618,blackhole,2,B0:CB:D8:F3:32:19,-42,0,0,0,255,255,0,0,0
124259571,NODE_F42DC973E618,blackhole,2,B0:CB:D8:F3:32:19,-43,0,0,0,255,255,0,0,0
124359568,NODE_F42DC973E618,blackhole,2,B0:CB:D8:F3:32:19,-38,0,0,0,255,255,0,0,0
124459567,NODE_F42DC973E618,blackhole,2,B0:CB:D8:F3:32:19,-39,0,0,0,255,255,0,0,0
124559567,NODE_F42DC973E618,blackhole,2,B0:CB:D8:F3:32:19,-39,0,0,0,255,255,0,0,0
124659568,NODE_F42DC973E618,blackhole,2,B0:CB:D8:F3:32:19,-40,0,0,0,255,255,0,0,0
124759567,NODE_F42DC973E618,blackhole,2,B0:CB:D8:F3:32:19,-38,0,0,0,255,255,0,0,0
124859567,NODE_F42DC973E618,blackhole,2,B0:CB:D8:F3:32:19,-41,0,0,0,255,255,0,0,0
124959568,NODE_F42DC973E618,blackhole,2,B0:CB:D8:F3:32:19,-38,0,0,0,255,255,0,0,0
125059567,NODE_F42DC973E618,blackhole,2,B0:CB:D8:F3:32:19,-38,0,0,0,255,255,0,0,0
125159563,NODE_F42DC973E618,blackhole,2,B0:CB:D8:F3:32:19,-42,0,0,0,255,255,0,0,0
125259568,NODE_F42DC973E618,blackhole,2,B0:CB:D8:F3:32:19,-42,0,0,0,255,255,0,0,0
125359567,NODE_F42DC973E618,blackhole,2,B0:CB:D8:F3:32:19,-41,0,0,0,255,255,0,0,0
125459567,NODE_F42DC973E618,blackhole,2,B0:CB:D8:F3:32:19,-39,0,0,0,255,255,0,0,0
125559568,NODE_F42DC973E618,blackhole,2,B0:CB:D8:F3:32:19,-42,0,0,0,255,255,0,0,0
125659567,NODE_F42DC973E618,blackhole,2,B0:CB:D8:F3:32:19,-40,0,0,0,255,255,0,0,0
125759567,NODE_F42DC973E618,blackhole,2,B0:CB:D8:F3:32:19,-42,0,0,0,255,255,0,0,0
125859568,NODE_F42DC973E618,blackhole,2,B0:CB:D8:F3:32:19,-39,0,0,0,255,255,0,0,0
125959567,NODE_F42DC973E618,blackhole,2,B0:CB:D8:F3:32:19,-38,0,0,0,255,255,0,0,0
126059567,NODE_F42DC973E618,blackhole,2,B0:CB:D8:F3:32:19,-42,0,0,0,255,255,0,0,0
126159572,NODE_F42DC973E618,blackhole,2,B0:CB:D8:F3:32:19,-38,0,0,0,255,255,0,0,0
126259568,NODE_F42DC973E618,blackhole,2,B0:CB:D8:F3:32:19,-40,0,0,0,255,255,0,0,0
126359567,NODE_F42DC973E618,blackhole,2,B0:CB:D8:F3:32:19,-39,0,0,0,255,255,0,0,0
126459568,NODE_F42DC973E618,blackhole,2,B0:CB:D8:F3:32:19,-42,0,0,0,255,255,0,0,0
126559567,NODE_F42DC973E618,blackhole,2,B0:CB:D8:F3:32:19,-42,0,0,0,255,255,0,0,0
126659567,NODE_F42DC973E618,blackhole,2,B0:CB:D8:F3:32:19,-42,0,0,0,255,255,0,0,0
126759564,NODE_F42DC973E618,blackhole,2,B0:CB:D8:F3:32:19,-38,0,0,0,255,255,0,0,0
126859567,NODE_F42DC973E618,blackhole,2,B0:CB:D8:F3:32:19,-42,0,0,0,255,255,0,0,0
126959567,NODE_F42DC973E618,blackhole,2,B0:CB:D8:F3:32:19,-38,0,0,0,255,255,0,0,0
127059568,NODE_F42DC973E618,blackhole,2,B0:CB:D8:F3:32:19,-38,0,0,0,255,255,0,0,0
127159567,NODE_F42DC973E618,blackhole,2,B0:CB:D8:F3:32:19,-43,0,0,0,255,255,0,0,0
127259567,NODE_F42DC973E618,blackhole,2,B0:CB:D8:F3:32:19,-39,0,0,0,255,255,0,0,0
127359568,NODE_F42DC973E618,blackhole,2,B0:CB:D8:F3:32:19,-40,0,0,0,255,255,0,0,0
127459571,NODE_F42DC973E618,blackhole,2,B0:CB:D8:F3:32:19,-39,0,0,0,255,255,0,0,0
127559567,NODE_F42DC973E618,blackhole,2,B0:CB:D8:F3:32:19,-38,0,0,0,255,255,0,0,0
127660327,NODE_F42DC973E618,blackhole,2,B0:CB:D8:F3:32:19,-39,0,0,0,255,255,0,0,0
127759571,NODE_F42DC973E618,blackhole,2,B0:CB:D8:F3:32:19,-39,0,0,0,255,255,0,0,0
127859567,NODE_F42DC973E618,blackhole,2,B0:CB:D8:F3:32:19,-42,0,0,0,255,255,0,0,0
127959572,NODE_F42DC973E618,blackhole,2,B0:CB:D8:F3:32:19,-37,0,0,0,255,255,0,0,0
128059571,NODE_F42DC973E618,blackhole,2,B0:CB:D8:F3:32:19,-42,0,0,0,255,255,0,0,0
128159567,NODE_F42DC973E618,blackhole,2,B0:CB:D8:F3:32:19,-42,0,0,0,255,255,0,0,0
128259568,NODE_F42DC973E618,blackhole,2,B0:CB:D8:F3:32:19,-42,0,0,0,255,255,0,0,0
128359567,NODE_F42DC973E618,blackhole,2,B0:CB:D8:F3:32:19,-42,0,0,0,255,255,0,0,0
128459567,NODE_F42DC973E618,blackhole,2,B0:CB:D8:F3:32:19,-42,0,0,0,255,255,0,0,0
128559568,NODE_F42DC973E618,blackhole,2,B0:CB:D8:F3:32:19,-42,0,0,0,255,255,0,0,0
128659575,NODE_F42DC973E618,blackhole,2,B0:CB:D8:F3:32:19,-42,0,0,0,255,255,0,0,0
128759567,NODE_F42DC973E618,blackhole,2,B0:CB:D8:F3:32:19,-42,0,0,0,255,255,0,0,0
128859568,NODE_F42DC973E618,blackhole,2,B0:CB:D8:F3:32:19,-42,0,0,0,255,255,0,0,0
128959567,NODE_F42DC973E618,blackhole,2,B0:CB:D8:F3:32:19,-42,0,0,0,255,255,0,0,0
129059567,NODE_F42DC973E618,blackhole,2,B0:CB:D8:F3:32:19,-42,0,0,0,255,255,0,0,0
129159568,NODE_F42DC973E618,blackhole,2,B0:CB:D8:F3:32:19,-42,0,0,0,255,255,0,0,0
129259749,NODE_F42DC973E618,blackhole,2,B0:CB:D8:F3:32:19,-42,0,0,0,255,255,0,0,0
129359567,NODE_F42DC973E618,blackhole,2,B0:CB:D8:F3:32:19,-42,0,0,0,255,255,0,0,0
129459564,NODE_F42DC973E618,blackhole,2,B0:CB:D8:F3:32:19,-42,0,0,0,255,255,0,0,0
129559567,NODE_F42DC973E618,blackhole,2,B0:CB:D8:F3:32:19,-42,0,0,0,255,255,0,0,0
129659567,NODE_F42DC973E618,blackhole,2,B0:CB:D8:F3:32:19,-42,0,0,0,255,255,0,0,0
129759564,NODE_F42DC973E618,blackhole,2,B0:CB:D8:F3:32:19,-41,0,0,0,255,255,0,0,0
129859567,NODE_F42DC973E618,blackhole,2,B0:CB:D8:F3:32:19,-38,0,0,0,255,255,0,0,0
129959575,NODE_F42DC973E618,blackhole,2,B0:CB:D8:F3:32:19,-42,0,0,0,255,255,0,0,0
130059568,NODE_F42DC973E618,blackhole,2,B0:CB:D8:F3:32:19,-37,0,0,0,255,255,0,0,0
130159567,NODE_F42DC973E618,blackhole,2,B0:CB:D8:F3:32:19,-42,0,0,0,255,255,0,0,0
130259567,NODE_F42DC973E618,blackhole,2,B0:CB:D8:F3:32:19,-42,0,0,0,255,255,0,0,0
130359568,NODE_F42DC973E618,blackhole,2,B0:CB:D8:F3:32:19,-42,0,0,0,255,255,0,0,0
130459563,NODE_F42DC973E618,blackhole,2,B0:CB:D8:F3:32:19,-38,0,0,0,255,255,0,0,0
130559567,NODE_F42DC973E618,blackhole,2,B0:CB:D8:F3:32:19,-42,0,0,0,255,255,0,0,0
130659568,NODE_F42DC973E618,blackhole,2,B0:CB:D8:F3:32:19,-42,0,0,0,255,255,0,0,0
130759567,NODE_F42DC973E618,blackhole,2,B0:CB:D8:F3:32:19,-43,0,0,0,255,255,0,0,0
130859567,NODE_F42DC973E618,blackhole,2,B0:CB:D8:F3:32:19,-43,0,0,0,255,255,0,0,0
130959572,NODE_F42DC973E618,blackhole,2,B0:CB:D8:F3:32:19,-39,0,0,0,255,255,0,0,0
131059567,NODE_F42DC973E618,blackhole,2,B0:CB:D8:F3:32:19,-38,0,0,0,255,255,0,0,0
131159567,NODE_F42DC973E618,blackhole,2,B0:CB:D8:F3:32:19,-43,0,0,0,255,255,0,0,0
131259568,NODE_F42DC973E618,blackhole,2,B0:CB:D8:F3:32:19,-39,0,0,0,255,255,0,0,0
131359567,NODE_F42DC973E618,blackhole,2,B0:CB:D8:F3:32:19,-39,0,0,0,255,255,0,0,0
131459567,NODE_F42DC973E618,blackhole,2,B0:CB:D8:F3:32:19,-40,0,0,0,255,255,0,0,0
131559568,NODE_F42DC973E618,blackhole,2,B0:CB:D8:F3:32:19,-42,0,0,0,255,255,0,0,0
131659567,NODE_F42DC973E618,blackhole,2,B0:CB:D8:F3:32:19,-40,0,0,0,255,255,0,0,0
131759567,NODE_F42DC973E618,blackhole,2,B0:CB:D8:F3:32:19,-39,0,0,0,255,255,0,0,0
131859568,NODE_F42DC973E618,blackhole,2,B0:CB:D8:F3:32:19,-42,0,0,0,255,255,0,0,0
131959571,NODE_F42DC973E618,blackhole,2,B0:CB:D8:F3:32:19,-42,0,0,0,255,255,0,0,0
132059567,NODE_F42DC973E618,blackhole,2,B0:CB:D8:F3:32:19,-38,0,0,0,255,255,0,0,0
132159568,NODE_F42DC973E618,blackhole,2,B0:CB:D8:F3:32:19,-38,0,0,0,255,255,0,0,0
132259567,NODE_F42DC973E618,blackhole,2,B0:CB:D8:F3:32:19,-42,0,0,0,255,255,0,0,0
132359567,NODE_F42DC973E618,blackhole,2,B0:CB:D8:F3:32:19,-43,0,0,0,255,255,0,0,0
132493724,NODE_F42DC973E618,blackhole,2,B0:CB:D8:F3:32:19,-39,0,0,0,255,255,0,0,0
132559567,NODE_F42DC973E618,blackhole,2,B0:CB:D8:F3:32:19,-37,0,0,0,255,255,0,0,0
132659568,NODE_F42DC973E618,blackhole,2,B0:CB:D8:F3:32:19,-39,0,0,0,255,255,0,0,0
132759564,NODE_F42DC973E618,blackhole,2,B0:CB:D8:F3:32:19,-42,0,0,0,255,255,0,0,0
132859567,NODE_F42DC973E618,blackhole,2,B0:CB:D8:F3:32:19,-42,0,0,0,255,255,0,0,0
132959571,NODE_F42DC973E618,blackhole,2,B0:CB:D8:F3:32:19,-39,0,0,0,255,255,0,0,0
133059568,NODE_F42DC973E618,blackhole,2,B0:CB:D8:F3:32:19,-41,0,0,0,255,255,0,0,0
133159567,NODE_F42DC973E618,blackhole,2,B0:CB:D8:F3:32:19,-42,0,0,0,255,255,0,0,0
133259567,NODE_F42DC973E618,blackhole,2,B0:CB:D8:F3:32:19,-41,0,0,0,255,255,0,0,0
133359568,NODE_F42DC973E618,blackhole,2,B0:CB:D8:F3:32:19,-38,0,0,0,255,255,0,0,0
133459567,NODE_F42DC973E618,blackhole,2,B0:CB:D8:F3:32:19,-38,0,0,0,255,255,0,0,0
133559567,NODE_F42DC973E618,blackhole,2,B0:CB:D8:F3:32:19,-38,0,0,0,255,255,0,0,0
133659576,NODE_F42DC973E618,blackhole,2,B0:CB:D8:F3:32:19,-42,0,0,0,255,255,0,0,0
133759567,NODE_F42DC973E618,blackhole,2,B0:CB:D8:F3:32:19,-42,0,0,0,255,255,0,0,0
133859567,NODE_F42DC973E618,blackhole,2,B0:CB:D8:F3:32:19,-38,0,0,0,255,255,0,0,0
133959568,NODE_F42DC973E618,blackhole,2,B0:CB:D8:F3:32:19,-40,0,0,0,255,255,0,0,0
134059567,NODE_F42DC973E618,blackhole,2,B0:CB:D8:F3:32:19,-39,0,0,0,255,255,0,0,0
134159567,NODE_F42DC973E618,blackhole,2,B0:CB:D8:F3:32:19,-42,0,0,0,255,255,0,0,0
134259572,NODE_F42DC973E618,blackhole,2,B0:CB:D8:F3:32:19,-43,0,0,0,255,255,0,0,0
134359567,NODE_F42DC973E618,blackhole,2,B0:CB:D8:F3:32:19,-38,0,0,0,255,255,0,0,0
134459567,NODE_F42DC973E618,blackhole,2,B0:CB:D8:F3:32:19,-41,0,0,0,255,255,0,0,0
134559568,NODE_F42DC973E618,blackhole,2,B0:CB:D8:F3:32:19,-40,0,0,0,255,255,0,0,0
134659567,NODE_F42DC973E618,blackhole,2,B0:CB:D8:F3:32:19,-42,0,0,0,255,255,0,0,0
134759567,NODE_F42DC973E618,blackhole,2,B0:CB:D8:F3:32:19,-42,0,0,0,255,255,0,0,0
134859568,NODE_F42DC973E618,blackhole,2,B0:CB:D8:F3:32:19,-39,0,0,0,255,255,0,0,0
134959563,NODE_F42DC973E618,blackhole,2,B0:CB:D8:F3:32:19,-38,0,0,0,255,255,0,0,0
135059567,NODE_F42DC973E618,blackhole,2,B0:CB:D8:F3:32:19,-39,0,0,0,255,255,0,0,0
135159568,NODE_F42DC973E618,blackhole,2,B0:CB:D8:F3:32:19,-42,0,0,0,255,255,0,0,0
135259567,NODE_F42DC973E618,blackhole,2,B0:CB:D8:F3:32:19,-39,0,0,0,255,255,0,0,0
135359567,NODE_F42DC973E618,blackhole,2,B0:CB:D8:F3:32:19,-42,0,0,0,255,255,0,0,0
135459572,NODE_F42DC973E618,blackhole,2,B0:CB:D8:F3:32:19,-38,0,0,0,255,255,0,0,0
135559567,NODE_F42DC973E618,blackhole,2,B0:CB:D8:F3:32:19,-42,0,0,0,255,255,0,0,0
135659567,NODE_F42DC973E618,blackhole,2,B0:CB:D8:F3:32:19,-39,0,0,0,255,255,0,0,0
135759568,NODE_F42DC973E618,blackhole,2,B0:CB:D8:F3:32:19,-38,0,0,0,255,255,0,0,0
135859567,NODE_F42DC973E618,blackhole,2,B0:CB:D8:F3:32:19,-39,0,0,0,255,255,0,0,0
135959567,NODE_F42DC973E618,blackhole,2,B0:CB:D8:F3:32:19,-39,0,0,0,255,255,0,0,0
136059568,NODE_F42DC973E618,blackhole,2,B0:CB:D8:F3:32:19,-38,0,0,0,255,255,0,0,0
136159571,NODE_F42DC973E618,blackhole,2,B0:CB:D8:F3:32:19,-39,0,0,0,255,255,0,0,0
136259567,NODE_F42DC973E618,blackhole,2,B0:CB:D8:F3:32:19,-42,0,0,0,255,255,0,0,0
136359568,NODE_F42DC973E618,blackhole,2,B0:CB:D8:F3:32:19,-42,0,0,0,255,255,0,0,0
136459567,NODE_F42DC973E618,blackhole,2,B0:CB:D8:F3:32:19,-41,0,0,0,255,255,0,0,0
136559567,NODE_F42DC973E618,blackhole,2,B0:CB:D8:F3:32:19,-39,0,0,0,255,255,0,0,0
136659568,NODE_F42DC973E618,blackhole,2,B0:CB:D8:F3:32:19,-42,0,0,0,255,255,0,0,0
136759567,NODE_F42DC973E618,blackhole,2,B0:CB:D8:F3:32:19,-42,0,0,0,255,255,0,0,0
136859567,NODE_F42DC973E618,blackhole,2,B0:CB:D8:F3:32:19,-39,0,0,0,255,255,0,0,0
136959568,NODE_F42DC973E618,blackhole,2,B0:CB:D8:F3:32:19,-42,0,0,0,255,255,0,0,0
137059567,NODE_F42DC973E618,blackhole,2,B0:CB:D8:F3:32:19,-42,0,0,0,255,255,0,0,0
137159567,NODE_F42DC973E618,blackhole,2,B0:CB:D8:F3:32:19,-42,0,0,0,255,255,0,0,0
137259568,NODE_F42DC973E618,blackhole,2,B0:CB:D8:F3:32:19,-39,0,0,0,255,255,0,0,0
137359567,NODE_F42DC973E618,blackhole,2,B0:CB:D8:F3:32:19,-38,0,0,0,255,255,0,0,0
137459571,NODE_F42DC973E618,blackhole,2,B0:CB:D8:F3:32:19,-42,0,0,0,255,255,0,0,0
137559568,NODE_F42DC973E618,blackhole,2,B0:CB:D8:F3:32:19,-38,0,0,0,255,255,0,0,0
137660350,NODE_F42DC973E618,blackhole,2,B0:CB:D8:F3:32:19,-42,0,0,0,255,255,0,0,0
137759567,NODE_F42DC973E618,blackhole,2,B0:CB:D8:F3:32:19,-42,0,0,0,255,255,0,0,0
137859568,NODE_F42DC973E618,blackhole,2,B0:CB:D8:F3:32:19,-42,0,0,0,255,255,0,0,0
137959567,NODE_F42DC973E618,blackhole,2,B0:CB:D8:F3:32:19,-42,0,0,0,255,255,0,0,0
138059563,NODE_F42DC973E618,blackhole,2,B0:CB:D8:F3:32:19,-38,0,0,0,255,255,0,0,0
138159568,NODE_F42DC973E618,blackhole,2,B0:CB:D8:F3:32:19,-39,0,0,0,255,255,0,0,0
138259567,NODE_F42DC973E618,blackhole,2,B0:CB:D8:F3:32:19,-42,0,0,0,255,255,0,0,0
138359567,NODE_F42DC973E618,blackhole,2,B0:CB:D8:F3:32:19,-38,0,0,0,255,255,0,0,0
138459568,NODE_F42DC973E618,blackhole,2,B0:CB:D8:F3:32:19,-39,0,0,0,255,255,0,0,0
138559616,NODE_F42DC973E618,blackhole,2,B0:CB:D8:F3:32:19,-41,0,0,0,255,255,0,0,0
138659571,NODE_F42DC973E618,blackhole,2,B0:CB:D8:F3:32:19,-42,0,0,0,255,255,0,0,0
138759568,NODE_F42DC973E618,blackhole,2,B0:CB:D8:F3:32:19,-42,0,0,0,255,255,0,0,0
138859567,NODE_F42DC973E618,blackhole,2,B0:CB:D8:F3:32:19,-38,0,0,0,255,255,0,0,0
138959567,NODE_F42DC973E618,blackhole,2,B0:CB:D8:F3:32:19,-37,0,0,0,255,255,0,0,0
139059564,NODE_F42DC973E618,blackhole,2,B0:CB:D8:F3:32:19,-38,0,0,0,255,255,0,0,0
139159567,NODE_F42DC973E618,blackhole,2,B0:CB:D8:F3:32:19,-38,0,0,0,255,255,0,0,0
139259571,NODE_F42DC973E618,blackhole,2,B0:CB:D8:F3:32:19,-41,0,0,0,255,255,0,0,0
139359568,NODE_F42DC973E618,blackhole,2,B0:CB:D8:F3:32:19,-39,0,0,0,255,255,0,0,0
139459567,NODE_F42DC973E618,blackhole,2,B0:CB:D8:F3:32:19,-38,0,0,0,255,255,0,0,0
139559567,NODE_F42DC973E618,blackhole,2,B0:CB:D8:F3:32:19,-41,0,0,0,255,255,0,0,0
139659568,NODE_F42DC973E618,blackhole,2,B0:CB:D8:F3:32:19,-39,0,0,0,255,255,0,0,0
139759567,NODE_F42DC973E618,blackhole,2,B0:CB:D8:F3:32:19,-39,0,0,0,255,255,0,0,0
139859567,NODE_F42DC973E618,blackhole,2,B0:CB:D8:F3:32:19,-38,0,0,0,255,255,0,0,0
139959568,NODE_F42DC973E618,blackhole,2,B0:CB:D8:F3:32:19,-38,0,0,0,255,255,0,0,0
140059567,NODE_F42DC973E618,blackhole,2,B0:CB:D8:F3:32:19,-39,0,0,0,255,255,0,0,0
140159567,NODE_F42DC973E618,blackhole,2,B0:CB:D8:F3:32:19,-42,0,0,0,255,255,0,0,0
140259568,NODE_F42DC973E618,blackhole,2,B0:CB:D8:F3:32:19,-41,0,0,0,255,255,0,0,0
140359567,NODE_F42DC973E618,blackhole,2,B0:CB:D8:F3:32:19,-38,0,0,0,255,255,0,0,0
140459571,NODE_F42DC973E618,blackhole,2,B0:CB:D8:F3:32:19,-38,0,0,0,255,255,0,0,0
140559568,NODE_F42DC973E618,blackhole,2,B0:CB:D8:F3:32:19,-42,0,0,0,255,255,0,0,0
140659567,NODE_F42DC973E618,blackhole,2,B0:CB:D8:F3:32:19,-42,0,0,0,255,255,0,0,0
140759567,NODE_F42DC973E618,blackhole,2,B0:CB:D8:F3:32:19,-39,0,0,0,255,255,0,0,0
140859568,NODE_F42DC973E618,blackhole,2,B0:CB:D8:F3:32:19,-42,0,0,0,255,255,0,0,0
140959567,NODE_F42DC973E618,blackhole,2,B0:CB:D8:F3:32:19,-38,0,0,0,255,255,0,0,0
141059567,NODE_F42DC973E618,blackhole,2,B0:CB:D8:F3:32:19,-41,0,0,0,255,255,0,0,0
141159572,NODE_F42DC973E618,blackhole,2,B0:CB:D8:F3:32:19,-41,0,0,0,255,255,0,0,0
141259567,NODE_F42DC973E618,blackhole,2,B0:CB:D8:F3:32:19,-39,0,0,0,255,255,0,0,0
141359567,NODE_F42DC973E618,blackhole,2,B0:CB:D8:F3:32:19,-38,0,0,0,255,255,0,0,0
141459568,NODE_F42DC973E618,blackhole,2,B0:CB:D8:F3:32:19,-39,0,0,0,255,255,0,0,0
141559567,NODE_F42DC973E618,blackhole,2,B0:CB:D8:F3:32:19,-38,0,0,0,255,255,0,0,0
141659567,NODE_F42DC973E618,blackhole,2,B0:CB:D8:F3:32:19,-41,0,0,0,255,255,0,0,0
141759568,NODE_F42DC973E618,blackhole,2,B0:CB:D8:F3:32:19,-41,0,0,0,255,255,0,0,0
141859567,NODE_F42DC973E618,blackhole,2,B0:CB:D8:F3:32:19,-41,0,0,0,255,255,0,0,0
141959567,NODE_F42DC973E618,blackhole,2,B0:CB:D8:F3:32:19,-41,0,0,0,255,255,0,0,0
142059568,NODE_F42DC973E618,blackhole,2,B0:CB:D8:F3:32:19,-41,0,0,0,255,255,0,0,0
142159985,NODE_F42DC973E618,blackhole,2,B0:CB:D8:F3:32:19,-41,0,0,0,255,255,0,0,0
142259567,NODE_F42DC973E618,blackhole,2,B0:CB:D8:F3:32:19,-41,0,0,0,255,255,0,0,0
142359568,NODE_F42DC973E618,blackhole,2,B0:CB:D8:F3:32:19,-41,0,0,0,255,255,0,0,0
142459571,NODE_F42DC973E618,blackhole,2,B0:CB:D8:F3:32:19,-41,0,0,0,255,255,0,0,0
142559567,NODE_F42DC973E618,blackhole,2,B0:CB:D8:F3:32:19,-41,0,0,0,255,255,0,0,0
142659570,NODE_F42DC973E618,blackhole,2,B0:CB:D8:F3:32:19,-41,0,0,0,255,255,0,0,0
142759571,NODE_F42DC973E618,blackhole,2,B0:CB:D8:F3:32:19,-41,0,0,0,255,255,0,0,0
142859567,NODE_F42DC973E618,blackhole,2,B0:CB:D8:F3:32:19,-41,0,0,0,255,255,0,0,0
142959572,NODE_F42DC973E618,blackhole,2,B0:CB:D8:F3:32:19,-41,0,0,0,255,255,0,0,0
143059567,NODE_F42DC973E618,blackhole,2,B0:CB:D8:F3:32:19,-41,0,0,0,255,255,0,0,0
143159567,NODE_F42DC973E618,blackhole,2,B0:CB:D8:F3:32:19,-41,0,0,0,255,255,0,0,0
143259572,NODE_F42DC973E618,blackhole,2,B0:CB:D8:F3:32:19,-41,0,0,0,255,255,0,0,0
143359567,NODE_F42DC973E618,blackhole,2,B0:CB:D8:F3:32:19,-39,0,0,0,255,255,0,0,0
143459567,NODE_F42DC973E618,blackhole,2,B0:CB:D8:F3:32:19,-41,0,0,0,255,255,0,0,0
143559572,NODE_F42DC973E618,blackhole,2,B0:CB:D8:F3:32:19,-37,0,0,0,255,255,0,0,0
143659571,NODE_F42DC973E618,blackhole,2,B0:CB:D8:F3:32:19,-39,0,0,0,255,255,0,0,0
143759567,NODE_F42DC973E618,blackhole,2,B0:CB:D8:F3:32:19,-39,0,0,0,255,255,0,0,0
143859568,NODE_F42DC973E618,blackhole,2,B0:CB:D8:F3:32:19,-39,0,0,0,255,255,0,0,0
143959567,NODE_F42DC973E618,blackhole,2,B0:CB:D8:F3:32:19,-42,0,0,0,255,255,0,0,0
144059567,NODE_F42DC973E618,blackhole,2,B0:CB:D8:F3:32:19,-38,0,0,0,255,255,0,0,0
144159568,NODE_F42DC973E618,blackhole,2,B0:CB:D8:F3:32:19,-42,0,0,0,255,255,0,0,0
144259571,NODE_F42DC973E618,blackhole,2,B0:CB:D8:F3:32:19,-37,0,0,0,255,255,0,0,0
144359567,NODE_F42DC973E618,blackhole,2,B0:CB:D8:F3:32:19,-38,0,0,0,255,255,0,0,0
144459568,NODE_F42DC973E618,blackhole,2,B0:CB:D8:F3:32:19,-42,0,0,0,255,255,0,0,0
144559571,NODE_F42DC973E618,blackhole,2,B0:CB:D8:F3:32:19,-42,0,0,0,255,255,0,0,0
144659567,NODE_F42DC973E618,blackhole,2,B0:CB:D8:F3:32:19,-38,0,0,0,255,255,0,0,0
144759564,NODE_F42DC973E618,blackhole,2,B0:CB:D8:F3:32:19,-39,0,0,0,255,255,0,0,0
144859567,NODE_F42DC973E618,blackhole,2,B0:CB:D8:F3:32:19,-41,0,0,0,255,255,0,0,0
144959571,NODE_F42DC973E618,blackhole,2,B0:CB:D8:F3:32:19,-42,0,0,0,255,255,0,0,0
145059564,NODE_F42DC973E618,blackhole,2,B0:CB:D8:F3:32:19,-38,0,0,0,255,255,0,0,0
145159567,NODE_F42DC973E618,blackhole,2,B0:CB:D8:F3:32:19,-37,0,0,0,255,255,0,0,0
145259567,NODE_F42DC973E618,blackhole,2,B0:CB:D8:F3:32:19,-42,0,0,0,255,255,0,0,0
145359568,NODE_F42DC973E618,blackhole,2,B0:CB:D8:F3:32:19,-42,0,0,0,255,255,0,0,0
145459567,NODE_F42DC973E618,blackhole,2,B0:CB:D8:F3:32:19,-40,0,0,0,255,255,0,0,0
145559567,NODE_F42DC973E618,blackhole,2,B0:CB:D8:F3:32:19,-42,0,0,0,255,255,0,0,0
145659568,NODE_F42DC973E618,blackhole,2,B0:CB:D8:F3:32:19,-41,0,0,0,255,255,0,0,0
145759567,NODE_F42DC973E618,blackhole,2,B0:CB:D8:F3:32:19,-42,0,0,0,255,255,0,0,0
145859567,NODE_F42DC973E618,blackhole,2,B0:CB:D8:F3:32:19,-39,0,0,0,255,255,0,0,0
145959572,NODE_F42DC973E618,blackhole,2,B0:CB:D8:F3:32:19,-40,0,0,0,255,255,0,0,0
146059567,NODE_F42DC973E618,blackhole,2,B0:CB:D8:F3:32:19,-42,0,0,0,255,255,0,0,0
146159567,NODE_F42DC973E618,blackhole,2,B0:CB:D8:F3:32:19,-39,0,0,0,255,255,0,0,0
146259568,NODE_F42DC973E618,blackhole,2,B0:CB:D8:F3:32:19,-39,0,0,0,255,255,0,0,0
146360348,NODE_F42DC973E618,blackhole,2,B0:CB:D8:F3:32:19,-38,0,0,0,255,255,0,0,0
146459567,NODE_F42DC973E618,blackhole,2,B0:CB:D8:F3:32:19,-38,0,0,0,255,255,0,0,0
146559568,NODE_F42DC973E618,blackhole,2,B0:CB:D8:F3:32:19,-42,0,0,0,255,255,0,0,0
146659567,NODE_F42DC973E618,blackhole,2,B0:CB:D8:F3:32:19,-38,0,0,0,255,255,0,0,0
146759567,NODE_F42DC973E618,blackhole,2,B0:CB:D8:F3:32:19,-42,0,0,0,255,255,0,0,0
146859568,NODE_F42DC973E618,blackhole,2,B0:CB:D8:F3:32:19,-39,0,0,0,255,255,0,0,0
146959571,NODE_F42DC973E618,blackhole,2,B0:CB:D8:F3:32:19,-38,0,0,0,255,255,0,0,0
147059567,NODE_F42DC973E618,blackhole,2,B0:CB:D8:F3:32:19,-42,0,0,0,255,255,0,0,0
147159568,NODE_F42DC973E618,blackhole,2,B0:CB:D8:F3:32:19,-39,0,0,0,255,255,0,0,0
147259567,NODE_F42DC973E618,blackhole,2,B0:CB:D8:F3:32:19,-43,0,0,0,255,255,0,0,0
147359563,NODE_F42DC973E618,blackhole,2,B0:CB:D8:F3:32:19,-38,0,0,0,255,255,0,0,0
147459568,NODE_F42DC973E618,blackhole,2,B0:CB:D8:F3:32:19,-43,0,0,0,255,255,0,0,0
147559567,NODE_F42DC973E618,blackhole,2,B0:CB:D8:F3:32:19,-39,0,0,0,255,255,0,0,0
147659576,NODE_F42DC973E618,blackhole,2,B0:CB:D8:F3:32:19,-38,0,0,0,255,255,0,0,0
147759568,NODE_F42DC973E618,blackhole,2,B0:CB:D8:F3:32:19,-40,0,0,0,255,255,0,0,0
147859567,NODE_F42DC973E618,blackhole,2,B0:CB:D8:F3:32:19,-40,0,0,0,255,255,0,0,0
147959567,NODE_F42DC973E618,blackhole,2,B0:CB:D8:F3:32:19,-40,0,0,0,255,255,0,0,0
148059568,NODE_F42DC973E618,blackhole,2,B0:CB:D8:F3:32:19,-42,0,0,0,255,255,0,0,0
148159567,NODE_F42DC973E618,blackhole,2,B0:CB:D8:F3:32:19,-39,0,0,0,255,255,0,0,0
148259567,NODE_F42DC973E618,blackhole,2,B0:CB:D8:F3:32:19,-38,0,0,0,255,255,0,0,0
148359568,NODE_F42DC973E618,blackhole,2,B0:CB:D8:F3:32:19,-42,0,0,0,255,255,0,0,0
148459567,NODE_F42DC973E618,blackhole,2,B0:CB:D8:F3:32:19,-41,0,0,0,255,255,0,0,0
148559567,NODE_F42DC973E618,blackhole,2,B0:CB:D8:F3:32:19,-42,0,0,0,255,255,0,0,0
148659576,NODE_F42DC973E618,blackhole,2,B0:CB:D8:F3:32:19,-42,0,0,0,255,255,0,0,0
148759567,NODE_F42DC973E618,blackhole,2,B0:CB:D8:F3:32:19,-38,0,0,0,255,255,0,0,0
148859567,NODE_F42DC973E618,blackhole,2,B0:CB:D8:F3:32:19,-38,0,0,0,255,255,0,0,0
148959568,NODE_F42DC973E618,blackhole,2,B0:CB:D8:F3:32:19,-38,0,0,0,255,255,0,0,0
149059567,NODE_F42DC973E618,blackhole,2,B0:CB:D8:F3:32:19,-38,0,0,0,255,255,0,0,0
149159567,NODE_F42DC973E618,blackhole,2,B0:CB:D8:F3:32:19,-38,0,0,0,255,255,0,0,0
149259572,NODE_F42DC973E618,blackhole,2,B0:CB:D8:F3:32:19,-38,0,0,0,255,255,0,0,0
149359567,NODE_F42DC973E618,blackhole,2,B0:CB:D8:F3:32:19,-38,0,0,0,255,255,0,0,0
149459567,NODE_F42DC973E618,blackhole,2,B0:CB:D8:F3:32:19,-38,0,0,0,255,255,0,0,0
149559568,NODE_F42DC973E618,blackhole,2,B0:CB:D8:F3:32:19,-38,0,0,0,255,255,0,0,0
149659567,NODE_F42DC973E618,blackhole,2,B0:CB:D8:F3:32:19,-38,0,0,0,255,255,0,0,0
149759567,NODE_F42DC973E618,blackhole,2,B0:CB:D8:F3:32:19,-38,0,0,0,255,255,0,0,0
149859568,NODE_F42DC973E618,blackhole,2,B0:CB:D8:F3:32:19,-38,0,0,0,255,255,0,0,0
149959567,NODE_F42DC973E618,blackhole,2,B0:CB:D8:F3:32:19,-38,0,0,0,255,255,0,0,0
150059567,NODE_F42DC973E618,blackhole,2,B0:CB:D8:F3:32:19,-38,0,0,0,255,255,0,0,0
150159568,NODE_F42DC973E618,blackhole,2,B0:CB:D8:F3:32:19,-38,0,0,0,255,255,0,0,0
150259567,NODE_F42DC973E618,blackhole,2,B0:CB:D8:F3:32:19,-38,0,0,0,255,255,0,0,0
150359575,NODE_F42DC973E618,blackhole,2,B0:CB:D8:F3:32:19,-38,0,0,0,255,255,0,0,0
150459576,NODE_F42DC973E618,blackhole,2,B0:CB:D8:F3:32:19,-37,0,0,0,255,255,0,0,0
150559567,NODE_F42DC973E618,blackhole,2,B0:CB:D8:F3:32:19,-42,0,0,0,255,255,0,0,0
150659567,NODE_F42DC973E618,blackhole,2,B0:CB:D8:F3:32:19,-42,0,0,0,255,255,0,0,0
150759564,NODE_F42DC973E618,blackhole,2,B0:CB:D8:F3:32:19,-39,0,0,0,255,255,0,0,0
150859567,NODE_F42DC973E618,blackhole,2,B0:CB:D8:F3:32:19,-39,0,0,0,255,255,0,0,0
150959567,NODE_F42DC973E618,blackhole,2,B0:CB:D8:F3:32:19,-39,0,0,0,255,255,0,0,0
151059568,NODE_F42DC973E618,blackhole,2,B0:CB:D8:F3:32:19,-41,0,0,0,255,255,0,0,0
151159567,NODE_F42DC973E618,blackhole,2,B0:CB:D8:F3:32:19,-39,0,0,0,255,255,0,0,0
151259567,NODE_F42DC973E618,blackhole,2,B0:CB:D8:F3:32:19,-41,0,0,0,255,255,0,0,0
151359568,NODE_F42DC973E618,blackhole,2,B0:CB:D8:F3:32:19,-42,0,0,0,255,255,0,0,0
151459567,NODE_F42DC973E618,blackhole,2,B0:CB:D8:F3:32:19,-39,0,0,0,255,255,0,0,0
151559567,NODE_F42DC973E618,blackhole,2,B0:CB:D8:F3:32:19,-43,0,0,0,255,255,0,0,0
151659568,NODE_F42DC973E618,blackhole,2,B0:CB:D8:F3:32:19,-41,0,0,0,255,255,0,0,0
151759567,NODE_F42DC973E618,blackhole,2,B0:CB:D8:F3:32:19,-39,0,0,0,255,255,0,0,0
151859567,NODE_F42DC973E618,blackhole,2,B0:CB:D8:F3:32:19,-39,0,0,0,255,255,0,0,0
151959568,NODE_F42DC973E618,blackhole,2,B0:CB:D8:F3:32:19,-39,0,0,0,255,255,0,0,0
152059567,NODE_F42DC973E618,blackhole,2,B0:CB:D8:F3:32:19,-38,0,0,0,255,255,0,0,0
152159567,NODE_F42DC973E618,blackhole,2,B0:CB:D8:F3:32:19,-38,0,0,0,255,255,0,0,0
152259568,NODE_F42DC973E618,blackhole,2,B0:CB:D8:F3:32:19,-42,0,0,0,255,255,0,0,0
152359567,NODE_F42DC973E618,blackhole,2,B0:CB:D8:F3:32:19,-39,0,0,0,255,255,0,0,0
152459571,NODE_F42DC973E618,blackhole,2,B0:CB:D8:F3:32:19,-38,0,0,0,255,255,0,0,0
152559568,NODE_F42DC973E618,blackhole,2,B0:CB:D8:F3:32:19,-39,0,0,0,255,255,0,0,0
152659568,NODE_F42DC973E618,blackhole,2,B0:CB:D8:F3:32:19,-38,0,0,0,255,255,0,0,0
152759567,NODE_F42DC973E618,blackhole,2,B0:CB:D8:F3:32:19,-39,0,0,0,255,255,0,0,0
152859568,NODE_F42DC973E618,blackhole,2,B0:CB:D8:F3:32:19,-40,0,0,0,255,255,0,0,0
152959741,NODE_F42DC973E618,blackhole,2,B0:CB:D8:F3:32:19,-42,0,0,0,255,255,0,0,0
153059567,NODE_F42DC973E618,blackhole,2,B0:CB:D8:F3:32:19,-38,0,0,0,255,255,0,0,0
153159568,NODE_F42DC973E618,blackhole,2,B0:CB:D8:F3:32:19,-39,0,0,0,255,255,0,0,0
153259567,NODE_F42DC973E618,blackhole,2,B0:CB:D8:F3:32:19,-42,0,0,0,255,255,0,0,0
153359567,NODE_F42DC973E618,blackhole,2,B0:CB:D8:F3:32:19,-39,0,0,0,255,255,0,0,0
153459568,NODE_F42DC973E618,blackhole,2,B0:CB:D8:F3:32:19,-40,0,0,0,255,255,0,0,0
153559567,NODE_F42DC973E618,blackhole,2,B0:CB:D8:F3:32:19,-42,0,0,0,255,255,0,0,0
153659575,NODE_F42DC973E618,blackhole,2,B0:CB:D8:F3:32:19,-39,0,0,0,255,255,0,0,0
153759564,NODE_F42DC973E618,blackhole,2,B0:CB:D8:F3:32:19,-39,0,0,0,255,255,0,0,0
153859567,NODE_F42DC973E618,blackhole,2,B0:CB:D8:F3:32:19,-38,0,0,0,255,255,0,0,0
153959571,NODE_F42DC973E618,blackhole,2,B0:CB:D8:F3:32:19,-42,0,0,0,255,255,0,0,0
154059568,NODE_F42DC973E618,blackhole,2,B0:CB:D8:F3:32:19,-38,0,0,0,255,255,0,0,0
154159567,NODE_F42DC973E618,blackhole,2,B0:CB:D8:F3:32:19,-38,0,0,0,255,255,0,0,0
154259571,NODE_F42DC973E618,blackhole,2,B0:CB:D8:F3:32:19,-41,0,0,0,255,255,0,0,0
154359568,NODE_F42DC973E618,blackhole,2,B0:CB:D8:F3:32:19,-42,0,0,0,255,255,0,0,0
154459567,NODE_F42DC973E618,blackhole,2,B0:CB:D8:F3:32:19,-42,0,0,0,255,255,0,0,0
154559567,NODE_F42DC973E618,blackhole,2,B0:CB:D8:F3:32:19,-42,0,0,0,255,255,0,0,0
154659568,NODE_F42DC973E618,blackhole,2,B0:CB:D8:F3:32:19,-42,0,0,0,255,255,0,0,0
154759567,NODE_F42DC973E618,blackhole,2,B0:CB:D8:F3:32:19,-42,0,0,0,255,255,0,0,0
154860140,NODE_F42DC973E618,blackhole,2,B0:CB:D8:F3:32:19,-40,0,0,0,255,255,0,0,0
154959572,NODE_F42DC973E618,blackhole,2,B0:CB:D8:F3:32:19,-40,0,0,0,255,255,0,0,0
155059563,NODE_F42DC973E618,blackhole,2,B0:CB:D8:F3:32:19,-38,0,0,0,255,255,0,0,0
155159567,NODE_F42DC973E618,blackhole,2,B0:CB:D8:F3:32:19,-42,0,0,0,255,255,0,0,0
155259568,NODE_F42DC973E618,blackhole,2,B0:CB:D8:F3:32:19,-38,0,0,0,255,255,0,0,0
155359567,NODE_F42DC973E618,blackhole,2,B0:CB:D8:F3:32:19,-37,0,0,0,255,255,0,0,0
155459567,NODE_F42DC973E618,blackhole,2,B0:CB:D8:F3:32:19,-40,0,0,0,255,255,0,0,0
155559568,NODE_F42DC973E618,blackhole,2,B0:CB:D8:F3:32:19,-37,0,0,0,255,255,0,0,0
155659567,NODE_F42DC973E618,blackhole,2,B0:CB:D8:F3:32:19,-42,0,0,0,255,255,0,0,0
155759567,NODE_F42DC973E618,blackhole,2,B0:CB:D8:F3:32:19,-39,0,0,0,255,255,0,0,0
155859568,NODE_F42DC973E618,blackhole,2,B0:CB:D8:F3:32:19,-42,0,0,0,255,255,0,0,0
155959567,NODE_F42DC973E618,blackhole,2,B0:CB:D8:F3:32:19,-38,0,0,0,255,255,0,0,0
156059567,NODE_F42DC973E618,blackhole,2,B0:CB:D8:F3:32:19,-42,0,0,0,255,255,0,0,0
156159568,NODE_F42DC973E618,blackhole,2,B0:CB:D8:F3:32:19,-38,0,0,0,255,255,0,0,0
156259567,NODE_F42DC973E618,blackhole,2,B0:CB:D8:F3:32:19,-38,0,0,0,255,255,0,0,0
156359567,NODE_F42DC973E618,blackhole,2,B0:CB:D8:F3:32:19,-41,0,0,0,255,255,0,0,0
156459568,NODE_F42DC973E618,blackhole,2,B0:CB:D8:F3:32:19,-38,0,0,0,255,255,0,0,0
156559567,NODE_F42DC973E618,blackhole,2,B0:CB:D8:F3:32:19,-37,0,0,0,255,255,0,0,0
156659567,NODE_F42DC973E618,blackhole,2,B0:CB:D8:F3:32:19,-42,0,0,0,255,255,0,0,0
156759568,NODE_F42DC973E618,blackhole,2,B0:CB:D8:F3:32:19,-39,0,0,0,255,255,0,0,0
156859567,NODE_F42DC973E618,blackhole,2,B0:CB:D8:F3:32:19,-38,0,0,0,255,255,0,0,0
156959571,NODE_F42DC973E618,blackhole,2,B0:CB:D8:F3:32:19,-38,0,0,0,255,255,0,0,0
157059564,NODE_F42DC973E618,blackhole,2,B0:CB:D8:F3:32:19,-39,0,0,0,255,255,0,0,0
157159567,NODE_F42DC973E618,blackhole,2,B0:CB:D8:F3:32:19,-37,0,0,0,255,255,0,0,0
157259567,NODE_F42DC973E618,blackhole,2,B0:CB:D8:F3:32:19,-37,0,0,0,255,255,0,0,0
157359568,NODE_F42DC973E618,blackhole,2,B0:CB:D8:F3:32:19,-37,0,0,0,255,255,0,0,0
157459567,NODE_F42DC973E618,blackhole,2,B0:CB:D8:F3:32:19,-42,0,0,0,255,255,0,0,0
157559567,NODE_F42DC973E618,blackhole,2,B0:CB:D8:F3:32:19,-39,0,0,0,255,255,0,0,0
157659570,NODE_F42DC973E618,blackhole,2,B0:CB:D8:F3:32:19,-39,0,0,0,255,255,0,0,0
157759567,NODE_F42DC973E618,blackhole,2,B0:CB:D8:F3:32:19,-39,0,0,0,255,255,0,0,0
157859567,NODE_F42DC973E618,blackhole,2,B0:CB:D8:F3:32:19,-43,0,0,0,255,255,0,0,0
157959572,NODE_F42DC973E618,blackhole,2,B0:CB:D8:F3:32:19,-43,0,0,0,255,255,0,0,0
158059559,NODE_F42DC973E618,blackhole,2,B0:CB:D8:F3:32:19,-43,0,0,0,255,255,0,0,0
158159567,NODE_F42DC973E618,blackhole,2,B0:CB:D8:F3:32:19,-43,0,0,0,255,255,0,0,0
158259568,NODE_F42DC973E618,blackhole,2,B0:CB:D8:F3:32:19,-43,0,0,0,255,255,0,0,0
158359567,NODE_F42DC973E618,blackhole,2,B0:CB:D8:F3:32:19,-39,0,0,0,255,255,0,0,0
158459567,NODE_F42DC973E618,blackhole,2,B0:CB:D8:F3:32:19,-38,0,0,0,255,255,0,0,0
158559564,NODE_F42DC973E618,blackhole,2,B0:CB:D8:F3:32:19,-39,0,0,0,255,255,0,0,0
158659575,NODE_F42DC973E618,blackhole,2,B0:CB:D8:F3:32:19,-39,0,0,0,255,255,0,0,0
158759567,NODE_F42DC973E618,blackhole,2,B0:CB:D8:F3:32:19,-38,0,0,0,255,255,0,0,0
158859568,NODE_F42DC973E618,blackhole,2,B0:CB:D8:F3:32:19,-41,0,0,0,255,255,0,0,0
158959567,NODE_F42DC973E618,blackhole,2,B0:CB:D8:F3:32:19,-39,0,0,0,255,255,0,0,0
159059810,NODE_F42DC973E618,blackhole,2,B0:CB:D8:F3:32:19,-41,0,0,0,255,255,0,0,0
159159568,NODE_F42DC973E618,blackhole,2,B0:CB:D8:F3:32:19,-41,0,0,0,255,255,0,0,0
159259563,NODE_F42DC973E618,blackhole,2,B0:CB:D8:F3:32:19,-41,0,0,0,255,255,0,0,0
159359567,NODE_F42DC973E618,blackhole,2,B0:CB:D8:F3:32:19,-42,0,0,0,255,255,0,0,0
159459568,NODE_F42DC973E618,blackhole,2,B0:CB:D8:F3:32:19,-39,0,0,0,255,255,0,0,0
159559567,NODE_F42DC973E618,blackhole,2,B0:CB:D8:F3:32:19,-38,0,0,0,255,255,0,0,0
159659567,NODE_F42DC973E618,blackhole,2,B0:CB:D8:F3:32:19,-42,0,0,0,255,255,0,0,0
159759568,NODE_F42DC973E618,blackhole,2,B0:CB:D8:F3:32:19,-38,0,0,0,255,255,0,0,0
159859563,NODE_F42DC973E618,blackhole,2,B0:CB:D8:F3:32:19,-38,0,0,0,255,255,0,0,0
159959567,NODE_F42DC973E618,blackhole,2,B0:CB:D8:F3:32:19,-38,0,0,0,255,255,0,0,0
160059568,NODE_F42DC973E618,blackhole,2,B0:CB:D8:F3:32:19,-42,0,0,0,255,255,0,0,0
160159567,NODE_F42DC973E618,blackhole,2,B0:CB:D8:F3:32:19,-42,0,0,0,255,255,0,0,0
160259567,NODE_F42DC973E618,blackhole,2,B0:CB:D8:F3:32:19,-43,0,0,0,255,255,0,0,0
160359568,NODE_F42DC973E618,blackhole,2,B0:CB:D8:F3:32:19,-37,0,0,0,255,255,0,0,0
160459571,NODE_F42DC973E618,blackhole,2,B0:CB:D8:F3:32:19,-39,0,0,0,255,255,0,0,0
160559567,NODE_F42DC973E618,blackhole,2,B0:CB:D8:F3:32:19,-41,0,0,0,255,255,0,0,0
160659568,NODE_F42DC973E618,blackhole,2,B0:CB:D8:F3:32:19,-38,0,0,0,255,255,0,0,0
160759567,NODE_F42DC973E618,blackhole,2,B0:CB:D8:F3:32:19,-42,0,0,0,255,255,0,0,0
160859567,NODE_F42DC973E618,blackhole,2,B0:CB:D8:F3:32:19,-42,0,0,0,255,255,0,0,0
160959568,NODE_F42DC973E618,blackhole,2,B0:CB:D8:F3:32:19,-42,0,0,0,255,255,0,0,0
161059567,NODE_F42DC973E618,blackhole,2,B0:CB:D8:F3:32:19,-39,0,0,0,255,255,0,0,0
161159567,NODE_F42DC973E618,blackhole,2,B0:CB:D8:F3:32:19,-41,0,0,0,255,255,0,0,0
161259568,NODE_F42DC973E618,blackhole,2,B0:CB:D8:F3:32:19,-42,0,0,0,255,255,0,0,0
161359567,NODE_F42DC973E618,blackhole,2,B0:CB:D8:F3:32:19,-41,0,0,0,255,255,0,0,0
161459567,NODE_F42DC973E618,blackhole,2,B0:CB:D8:F3:32:19,-42,0,0,0,255,255,0,0,0
161559568,NODE_F42DC973E618,blackhole,2,B0:CB:D8:F3:32:19,-38,0,0,0,255,255,0,0,0
161659567,NODE_F42DC973E618,blackhole,2,B0:CB:D8:F3:32:19,-38,0,0,0,255,255,0,0,0
161759567,NODE_F42DC973E618,blackhole,2,B0:CB:D8:F3:32:19,-38,0,0,0,255,255,0,0,0
161859568,NODE_F42DC973E618,blackhole,2,B0:CB:D8:F3:32:19,-39,0,0,0,255,255,0,0,0
161959567,NODE_F42DC973E618,blackhole,2,B0:CB:D8:F3:32:19,-42,0,0,0,255,255,0,0,0
162059567,NODE_F42DC973E618,blackhole,2,B0:CB:D8:F3:32:19,-42,0,0,0,255,255,0,0,0
162159568,NODE_F42DC973E618,blackhole,2,B0:CB:D8:F3:32:19,-42,0,0,0,255,255,0,0,0
162259567,NODE_F42DC973E618,blackhole,2,B0:CB:D8:F3:32:19,-42,0,0,0,255,255,0,0,0
162359567,NODE_F42DC973E618,blackhole,2,B0:CB:D8:F3:32:19,-40,0,0,0,255,255,0,0,0
162459572,NODE_F42DC973E618,blackhole,2,B0:CB:D8:F3:32:19,-40,0,0,0,255,255,0,0,0
162559567,NODE_F42DC973E618,blackhole,2,B0:CB:D8:F3:32:19,-37,0,0,0,255,255,0,0,0
162659568,NODE_F42DC973E618,blackhole,2,B0:CB:D8:F3:32:19,-39,0,0,0,255,255,0,0,0
162759568,NODE_F42DC973E618,blackhole,2,B0:CB:D8:F3:32:19,-41,0,0,0,255,255,0,0,0
162859567,NODE_F42DC973E618,blackhole,2,B0:CB:D8:F3:32:19,-39,0,0,0,255,255,0,0,0
162959567,NODE_F42DC973E618,blackhole,2,B0:CB:D8:F3:32:19,-42,0,0,0,255,255,0,0,0
163059568,NODE_F42DC973E618,blackhole,2,B0:CB:D8:F3:32:19,-42,0,0,0,255,255,0,0,0
163159567,NODE_F42DC973E618,blackhole,2,B0:CB:D8:F3:32:19,-40,0,0,0,255,255,0,0,0
163259567,NODE_F42DC973E618,blackhole,2,B0:CB:D8:F3:32:19,-38,0,0,0,255,255,0,0,0
163359568,NODE_F42DC973E618,blackhole,2,B0:CB:D8:F3:32:19,-39,0,0,0,255,255,0,0,0
163459567,NODE_F42DC973E618,blackhole,2,B0:CB:D8:F3:32:19,-39,0,0,0,255,255,0,0,0
163559563,NODE_F42DC973E618,blackhole,2,B0:CB:D8:F3:32:19,-42,0,0,0,255,255,0,0,0
163659572,NODE_F42DC973E618,blackhole,2,B0:CB:D8:F3:32:19,-40,0,0,0,255,255,0,0,0
163759567,NODE_F42DC973E618,blackhole,2,B0:CB:D8:F3:32:19,-40,0,0,0,255,255,0,0,0
163859567,NODE_F42DC973E618,blackhole,2,B0:CB:D8:F3:32:19,-39,0,0,0,255,255,0,0,0
163959568,NODE_F42DC973E618,blackhole,2,B0:CB:D8:F3:32:19,-43,0,0,0,255,255,0,0,0
164059567,NODE_F42DC973E618,blackhole,2,B0:CB:D8:F3:32:19,-40,0,0,0,255,255,0,0,0
164159567,NODE_F42DC973E618,blackhole,2,B0:CB:D8:F3:32:19,-39,0,0,0,255,255,0,0,0
164259576,NODE_F42DC973E618,blackhole,2,B0:CB:D8:F3:32:19,-41,0,0,0,255,255,0,0,0
164359567,NODE_F42DC973E618,blackhole,2,B0:CB:D8:F3:32:19,-39,0,0,0,255,255,0,0,0
164459567,NODE_F42DC973E618,blackhole,2,B0:CB:D8:F3:32:19,-39,0,0,0,255,255,0,0,0
164559564,NODE_F42DC973E618,blackhole,2,B0:CB:D8:F3:32:19,-39,0,0,0,255,255,0,0,0
164659567,NODE_F42DC973E618,blackhole,2,B0:CB:D8:F3:32:19,-42,0,0,0,255,255,0,0,0
164759567,NODE_F42DC973E618,blackhole,2,B0:CB:D8:F3:32:19,-39,0,0,0,255,255,0,0,0
164859568,NODE_F42DC973E618,blackhole,2,B0:CB:D8:F3:32:19,-40,0,0,0,255,255,0,0,0
164959567,NODE_F42DC973E618,blackhole,2,B0:CB:D8:F3:32:19,-39,0,0,0,255,255,0,0,0
165059567,NODE_F42DC973E618,blackhole,2,B0:CB:D8:F3:32:19,-42,0,0,0,255,255,0,0,0
165159568,NODE_F42DC973E618,blackhole,2,B0:CB:D8:F3:32:19,-39,0,0,0,255,255,0,0,0
165259567,NODE_F42DC973E618,blackhole,2,B0:CB:D8:F3:32:19,-42,0,0,0,255,255,0,0,0
165359567,NODE_F42DC973E618,blackhole,2,B0:CB:D8:F3:32:19,-38,0,0,0,255,255,0,0,0
165459572,NODE_F42DC973E618,blackhole,2,B0:CB:D8:F3:32:19,-39,0,0,0,255,255,0,0,0
165559567,NODE_F42DC973E618,blackhole,2,B0:CB:D8:F3:32:19,-43,0,0,0,255,255,0,0,0
165659567,NODE_F42DC973E618,blackhole,2,B0:CB:D8:F3:32:19,-37,0,0,0,255,255,0,0,0
165759568,NODE_F42DC973E618,blackhole,2,B0:CB:D8:F3:32:19,-43,0,0,0,255,255,0,0,0
165859567,NODE_F42DC973E618,blackhole,2,B0:CB:D8:F3:32:19,-38,0,0,0,255,255,0,0,0
165959567,NODE_F42DC973E618,blackhole,2,B0:CB:D8:F3:32:19,-42,0,0,0,255,255,0,0,0
166059568,NODE_F42DC973E618,blackhole,2,B0:CB:D8:F3:32:19,-42,0,0,0,255,255,0,0,0
166159571,NODE_F42DC973E618,blackhole,2,B0:CB:D8:F3:32:19,-39,0,0,0,255,255,0,0,0
166259567,NODE_F42DC973E618,blackhole,2,B0:CB:D8:F3:32:19,-42,0,0,0,255,255,0,0,0
166359568,NODE_F42DC973E618,blackhole,2,B0:CB:D8:F3:32:19,-42,0,0,0,255,255,0,0,0
166459567,NODE_F42DC973E618,blackhole,2,B0:CB:D8:F3:32:19,-43,0,0,0,255,255,0,0,0
166559567,NODE_F42DC973E618,blackhole,2,B0:CB:D8:F3:32:19,-42,0,0,0,255,255,0,0,0
166659568,NODE_F42DC973E618,blackhole,2,B0:CB:D8:F3:32:19,-40,0,0,0,255,255,0,0,0
166759567,NODE_F42DC973E618,blackhole,2,B0:CB:D8:F3:32:19,-43,0,0,0,255,255,0,0,0
166859567,NODE_F42DC973E618,blackhole,2,B0:CB:D8:F3:32:19,-38,0,0,0,255,255,0,0,0
166959568,NODE_F42DC973E618,blackhole,2,B0:CB:D8:F3:32:19,-39,0,0,0,255,255,0,0,0
167059567,NODE_F42DC973E618,blackhole,2,B0:CB:D8:F3:32:19,-40,0,0,0,255,255,0,0,0
167159567,NODE_F42DC973E618,blackhole,2,B0:CB:D8:F3:32:19,-39,0,0,0,255,255,0,0,0
167259568,NODE_F42DC973E618,blackhole,2,B0:CB:D8:F3:32:19,-38,0,0,0,255,255,0,0,0
167359567,NODE_F42DC973E618,blackhole,2,B0:CB:D8:F3:32:19,-38,0,0,0,255,255,0,0,0
167459571,NODE_F42DC973E618,blackhole,2,B0:CB:D8:F3:32:19,-40,0,0,0,255,255,0,0,0
167559568,NODE_F42DC973E618,blackhole,2,B0:CB:D8:F3:32:19,-38,0,0,0,255,255,0,0,0
167660326,NODE_F42DC973E618,blackhole,2,B0:CB:D8:F3:32:19,-42,0,0,0,255,255,0,0,0
167759567,NODE_F42DC973E618,blackhole,2,B0:CB:D8:F3:32:19,-42,0,0,0,255,255,0,0,0
167859568,NODE_F42DC973E618,blackhole,2,B0:CB:D8:F3:32:19,-38,0,0,0,255,255,0,0,0
167959563,NODE_F42DC973E618,blackhole,2,B0:CB:D8:F3:32:19,-39,0,0,0,255,255,0,0,0
168059567,NODE_F42DC973E618,blackhole,2,B0:CB:D8:F3:32:19,-39,0,0,0,255,255,0,0,0
168159568,NODE_F42DC973E618,blackhole,2,B0:CB:D8:F3:32:19,-39,0,0,0,255,255,0,0,0
168259563,NODE_F42DC973E618,blackhole,2,B0:CB:D8:F3:32:19,-40,0,0,0,255,255,0,0,0
168359567,NODE_F42DC973E618,blackhole,2,B0:CB:D8:F3:32:19,-42,0,0,0,255,255,0,0,0
168459568,NODE_F42DC973E618,blackhole,2,B0:CB:D8:F3:32:19,-43,0,0,0,255,255,0,0,0
168559567,NODE_F42DC973E618,blackhole,2,B0:CB:D8:F3:32:19,-40,0,0,0,255,255,0,0,0
168659575,NODE_F42DC973E618,blackhole,2,B0:CB:D8:F3:32:19,-42,0,0,0,255,255,0,0,0
168759568,NODE_F42DC973E618,blackhole,2,B0:CB:D8:F3:32:19,-43,0,0,0,255,255,0,0,0
168859567,NODE_F42DC973E618,blackhole,2,B0:CB:D8:F3:32:19,-42,0,0,0,255,255,0,0,0
168959571,NODE_F42DC973E618,blackhole,2,B0:CB:D8:F3:32:19,-39,0,0,0,255,255,0,0,0
169059568,NODE_F42DC973E618,blackhole,2,B0:CB:D8:F3:32:19,-38,0,0,0,255,255,0,0,0
169159567,NODE_F42DC973E618,blackhole,2,B0:CB:D8:F3:32:19,-38,0,0,0,255,255,0,0,0
169259571,NODE_F42DC973E618,blackhole,2,B0:CB:D8:F3:32:19,-41,0,0,0,255,255,0,0,0
169359568,NODE_F42DC973E618,blackhole,2,B0:CB:D8:F3:32:19,-42,0,0,0,255,255,0,0,0
169459567,NODE_F42DC973E618,blackhole,2,B0:CB:D8:F3:32:19,-43,0,0,0,255,255,0,0,0
169559567,NODE_F42DC973E618,blackhole,2,B0:CB:D8:F3:32:19,-42,0,0,0,255,255,0,0,0
169659568,NODE_F42DC973E618,blackhole,2,B0:CB:D8:F3:32:19,-39,0,0,0,255,255,0,0,0
169759567,NODE_F42DC973E618,blackhole,2,B0:CB:D8:F3:32:19,-43,0,0,0,255,255,0,0,0
169859567,NODE_F42DC973E618,blackhole,2,B0:CB:D8:F3:32:19,-42,0,0,0,255,255,0,0,0
169959572,NODE_F42DC973E618,blackhole,2,B0:CB:D8:F3:32:19,-38,0,0,0,255,255,0,0,0
170059567,NODE_F42DC973E618,blackhole,2,B0:CB:D8:F3:32:19,-42,0,0,0,255,255,0,0,0
170159567,NODE_F42DC973E618,blackhole,2,B0:CB:D8:F3:32:19,-43,0,0,0,255,255,0,0,0
170259568,NODE_F42DC973E618,blackhole,2,B0:CB:D8:F3:32:19,-43,0,0,0,255,255,0,0,0
170359567,NODE_F42DC973E618,blackhole,2,B0:CB:D8:F3:32:19,-38,0,0,0,255,255,0,0,0
170459567,NODE_F42DC973E618,blackhole,2,B0:CB:D8:F3:32:19,-42,0,0,0,255,255,0,0,0
170559564,NODE_F42DC973E618,blackhole,2,B0:CB:D8:F3:32:19,-38,0,0,0,255,255,0,0,0
170659567,NODE_F42DC973E618,blackhole,2,B0:CB:D8:F3:32:19,-42,0,0,0,255,255,0,0,0
170759567,NODE_F42DC973E618,blackhole,2,B0:CB:D8:F3:32:19,-39,0,0,0,255,255,0,0,0
170859568,NODE_F42DC973E618,blackhole,2,B0:CB:D8:F3:32:19,-38,0,0,0,255,255,0,0,0
170959571,NODE_F42DC973E618,blackhole,2,B0:CB:D8:F3:32:19,-42,0,0,0,255,255,0,0,0
171059567,NODE_F42DC973E618,blackhole,2,B0:CB:D8:F3:32:19,-38,0,0,0,255,255,0,0,0
171159568,NODE_F42DC973E618,blackhole,2,B0:CB:D8:F3:32:19,-40,0,0,0,255,255,0,0,0
171259567,NODE_F42DC973E618,blackhole,2,B0:CB:D8:F3:32:19,-42,0,0,0,255,255,0,0,0
171359567,NODE_F42DC973E618,blackhole,2,B0:CB:D8:F3:32:19,-42,0,0,0,255,255,0,0,0
171459568,NODE_F42DC973E618,blackhole,2,B0:CB:D8:F3:32:19,-43,0,0,0,255,255,0,0,0
171559567,NODE_F42DC973E618,blackhole,2,B0:CB:D8:F3:32:19,-42,0,0,0,255,255,0,0,0
171659869,NODE_F42DC973E618,blackhole,2,B0:CB:D8:F3:32:19,-39,0,0,0,255,255,0,0,0
171759568,NODE_F42DC973E618,blackhole,2,B0:CB:D8:F3:32:19,-39,0,0,0,255,255,0,0,0
171859567,NODE_F42DC973E618,blackhole,2,B0:CB:D8:F3:32:19,-38,0,0,0,255,255,0,0,0
171959571,NODE_F42DC973E618,blackhole,2,B0:CB:D8:F3:32:19,-38,0,0,0,255,255,0,0,0
172059568,NODE_F42DC973E618,blackhole,2,B0:CB:D8:F3:32:19,-42,0,0,0,255,255,0,0,0
172159567,NODE_F42DC973E618,blackhole,2,B0:CB:D8:F3:32:19,-38,0,0,0,255,255,0,0,0
172259563,NODE_F42DC973E618,blackhole,2,B0:CB:D8:F3:32:19,-39,0,0,0,255,255,0,0,0
172359568,NODE_F42DC973E618,blackhole,2,B0:CB:D8:F3:32:19,-39,0,0,0,255,255,0,0,0
172489904,NODE_F42DC973E618,blackhole,2,B0:CB:D8:F3:32:19,-38,0,0,0,255,255,0,0,0
172559555,NODE_F42DC973E618,blackhole,2,B0:CB:D8:F3:32:19,-38,0,0,0,255,255,0,0,0
172659570,NODE_F42DC973E618,blackhole,2,B0:CB:D8:F3:32:19,-43,0,0,0,255,255,0,0,0
172759567,NODE_F42DC973E618,blackhole,2,B0:CB:D8:F3:32:19,-37,0,0,0,255,255,0,0,0
172859567,NODE_F42DC973E618,blackhole,2,B0:CB:D8:F3:32:19,-38,0,0,0,255,255,0,0,0
172959572,NODE_F42DC973E618,blackhole,2,B0:CB:D8:F3:32:19,-38,0,0,0,255,255,0,0,0
173059567,NODE_F42DC973E618,blackhole,2,B0:CB:D8:F3:32:19,-38,0,0,0,255,255,0,0,0
173159567,NODE_F42DC973E618,blackhole,2,B0:CB:D8:F3:32:19,-42,0,0,0,255,255,0,0,0
173259568,NODE_F42DC973E618,blackhole,2,B0:CB:D8:F3:32:19,-43,0,0,0,255,255,0,0,0
173359567,NODE_F42DC973E618,blackhole,2,B0:CB:D8:F3:32:19,-39,0,0,0,255,255,0,0,0
173459567,NODE_F42DC973E618,blackhole,2,B0:CB:D8:F3:32:19,-38,0,0,0,255,255,0,0,0
173559568,NODE_F42DC973E618,blackhole,2,B0:CB:D8:F3:32:19,-38,0,0,0,255,255,0,0,0
173659575,NODE_F42DC973E618,blackhole,2,B0:CB:D8:F3:32:19,-38,0,0,0,255,255,0,0,0
173759567,NODE_F42DC973E618,blackhole,2,B0:CB:D8:F3:32:19,-38,0,0,0,255,255,0,0,0
173859568,NODE_F42DC973E618,blackhole,2,B0:CB:D8:F3:32:19,-38,0,0,0,255,255,0,0,0
173959567,NODE_F42DC973E618,blackhole,2,B0:CB:D8:F3:32:19,-42,0,0,0,255,255,0,0,0
174059567,NODE_F42DC973E618,blackhole,2,B0:CB:D8:F3:32:19,-42,0,0,0,255,255,0,0,0
174159568,NODE_F42DC973E618,blackhole,2,B0:CB:D8:F3:32:19,-38,0,0,0,255,255,0,0,0
174259567,NODE_F42DC973E618,blackhole,2,B0:CB:D8:F3:32:19,-38,0,0,0,255,255,0,0,0
174359567,NODE_F42DC973E618,blackhole,2,B0:CB:D8:F3:32:19,-38,0,0,0,255,255,0,0,0
174459568,NODE_F42DC973E618,blackhole,2,B0:CB:D8:F3:32:19,-42,0,0,0,255,255,0,0,0
174559567,NODE_F42DC973E618,blackhole,2,B0:CB:D8:F3:32:19,-38,0,0,0,255,255,0,0,0
174659567,NODE_F42DC973E618,blackhole,2,B0:CB:D8:F3:32:19,-38,0,0,0,255,255,0,0,0
174759568,NODE_F42DC973E618,blackhole,2,B0:CB:D8:F3:32:19,-42,0,0,0,255,255,0,0,0
174859567,NODE_F42DC973E618,blackhole,2,B0:CB:D8:F3:32:19,-42,0,0,0,255,255,0,0,0
174959567,NODE_F42DC973E618,blackhole,2,B0:CB:D8:F3:32:19,-42,0,0,0,255,255,0,0,0
175059568,NODE_F42DC973E618,blackhole,2,B0:CB:D8:F3:32:19,-42,0,0,0,255,255,0,0,0
175159567,NODE_F42DC973E618,blackhole,2,B0:CB:D8:F3:32:19,-42,0,0,0,255,255,0,0,0
175259567,NODE_F42DC973E618,blackhole,2,B0:CB:D8:F3:32:19,-39,0,0,0,255,255,0,0,0
175359568,NODE_F42DC973E618,blackhole,2,B0:CB:D8:F3:32:19,-42,0,0,0,255,255,0,0,0
175459567,NODE_F42DC973E618,blackhole,2,B0:CB:D8:F3:32:19,-42,0,0,0,255,255,0,0,0
175559567,NODE_F42DC973E618,blackhole,2,B0:CB:D8:F3:32:19,-42,0,0,0,255,255,0,0,0
175659568,NODE_F42DC973E618,blackhole,2,B0:CB:D8:F3:32:19,-41,0,0,0,255,255,0,0,0
175759567,NODE_F42DC973E618,blackhole,2,B0:CB:D8:F3:32:19,-38,0,0,0,255,255,0,0,0
175859567,NODE_F42DC973E618,blackhole,2,B0:CB:D8:F3:32:19,-38,0,0,0,255,255,0,0,0
175959568,NODE_F42DC973E618,blackhole,2,B0:CB:D8:F3:32:19,-38,0,0,0,255,255,0,0,0
176059567,NODE_F42DC973E618,blackhole,2,B0:CB:D8:F3:32:19,-38,0,0,0,255,255,0,0,0
176159936,NODE_F42DC973E618,blackhole,2,B0:CB:D8:F3:32:19,-41,0,0,0,255,255,0,0,0
176259568,NODE_F42DC973E618,blackhole,2,B0:CB:D8:F3:32:19,-41,0,0,0,255,255,0,0,0
176359567,NODE_F42DC973E618,blackhole,2,B0:CB:D8:F3:32:19,-42,0,0,0,255,255,0,0,0
176459567,NODE_F42DC973E618,blackhole,2,B0:CB:D8:F3:32:19,-43,0,0,0,255,255,0,0,0
176559568,NODE_F42DC973E618,blackhole,2,B0:CB:D8:F3:32:19,-39,0,0,0,255,255,0,0,0
176659567,NODE_F42DC973E618,blackhole,2,B0:CB:D8:F3:32:19,-42,0,0,0,255,255,0,0,0
176759567,NODE_F42DC973E618,blackhole,2,B0:CB:D8:F3:32:19,-40,0,0,0,255,255,0,0,0
176859568,NODE_F42DC973E618,blackhole,2,B0:CB:D8:F3:32:19,-38,0,0,0,255,255,0,0,0
176959567,NODE_F42DC973E618,blackhole,2,B0:CB:D8:F3:32:19,-38,0,0,0,255,255,0,0,0
177059567,NODE_F42DC973E618,blackhole,2,B0:CB:D8:F3:32:19,-42,0,0,0,255,255,0,0,0
177159568,NODE_F42DC973E618,blackhole,2,B0:CB:D8:F3:32:19,-41,0,0,0,255,255,0,0,0
177259567,NODE_F42DC973E618,blackhole,2,B0:CB:D8:F3:32:19,-39,0,0,0,255,255,0,0,0
177359567,NODE_F42DC973E618,blackhole,2,B0:CB:D8:F3:32:19,-42,0,0,0,255,255,0,0,0
177459572,NODE_F42DC973E618,blackhole,2,B0:CB:D8:F3:32:19,-38,0,0,0,255,255,0,0,0
177559567,NODE_F42DC973E618,blackhole,2,B0:CB:D8:F3:32:19,-38,0,0,0,255,255,0,0,0
177659568,NODE_F42DC973E618,blackhole,2,B0:CB:D8:F3:32:19,-38,0,0,0,255,255,0,0,0
177759564,NODE_F42DC973E618,blackhole,2,B0:CB:D8:F3:32:19,-39,0,0,0,255,255,0,0,0
177859567,NODE_F42DC973E618,blackhole,2,B0:CB:D8:F3:32:19,-41,0,0,0,255,255,0,0,0
177959567,NODE_F42DC973E618,blackhole,2,B0:CB:D8:F3:32:19,-39,0,0,0,255,255,0,0,0
178059564,NODE_F42DC973E618,blackhole,2,B0:CB:D8:F3:32:19,-39,0,0,0,255,255,0,0,0
178159567,NODE_F42DC973E618,blackhole,2,B0:CB:D8:F3:32:19,-39,0,0,0,255,255,0,0,0
178259567,NODE_F42DC973E618,blackhole,2,B0:CB:D8:F3:32:19,-39,0,0,0,255,255,0,0,0
178359568,NODE_F42DC973E618,blackhole,2,B0:CB:D8:F3:32:19,-42,0,0,0,255,255,0,0,0
178459575,NODE_F42DC973E618,blackhole,2,B0:CB:D8:F3:32:19,-42,0,0,0,255,255,0,0,0
178559567,NODE_F42DC973E618,blackhole,2,B0:CB:D8:F3:32:19,-39,0,0,0,255,255,0,0,0
178659576,NODE_F42DC973E618,blackhole,2,B0:CB:D8:F3:32:19,-42,0,0,0,255,255,0,0,0
178759567,NODE_F42DC973E618,blackhole,2,B0:CB:D8:F3:32:19,-42,0,0,0,255,255,0,0,0
178859567,NODE_F42DC973E618,blackhole,2,B0:CB:D8:F3:32:19,-43,0,0,0,255,255,0,0,0
178959568,NODE_F42DC973E618,blackhole,2,B0:CB:D8:F3:32:19,-38,0,0,0,255,255,0,0,0
179059575,NODE_F42DC973E618,blackhole,2,B0:CB:D8:F3:32:19,-38,0,0,0,255,255,0,0,0
179159567,NODE_F42DC973E618,blackhole,2,B0:CB:D8:F3:32:19,-39,0,0,0,255,255,0,0,0
179259568,NODE_F42DC973E618,blackhole,2,B0:CB:D8:F3:32:19,-42,0,0,0,255,255,0,0,0
179359567,NODE_F42DC973E618,blackhole,2,B0:CB:D8:F3:32:19,-40,0,0,0,255,255,0,0,0
179459567,NODE_F42DC973E618,blackhole,2,B0:CB:D8:F3:32:19,-41,0,0,0,255,255,0,0,0
179559568,NODE_F42DC973E618,blackhole,2,B0:CB:D8:F3:32:19,-37,0,0,0,255,255,0,0,0
179659567,NODE_F42DC973E618,blackhole,2,B0:CB:D8:F3:32:19,-39,0,0,0,255,255,0,0,0
179759567,NODE_F42DC973E618,blackhole,2,B0:CB:D8:F3:32:19,-42,0,0,0,255,255,0,0,0
179859568,NODE_F42DC973E618,blackhole,2,B0:CB:D8:F3:32:19,-38,0,0,0,255,255,0,0,0
179959571,NODE_F42DC973E618,blackhole,2,B0:CB:D8:F3:32:19,-38,0,0,0,255,255,0,0,0
180059567,NODE_F42DC973E618,blackhole,2,B0:CB:D8:F3:32:19,-43,0,0,0,255,255,0,0,0
180159568,NODE_F42DC973E618,blackhole,2,B0:CB:D8:F3:32:19,-43,0,0,0,255,255,0,0,0
180259573,NODE_F42DC973E618,blackhole,2,B0:CB:D8:F3:32:19,-40,0,0,0,255,255,0,0,0
180359567,NODE_F42DC973E618,blackhole,2,B0:CB:D8:F3:32:19,-42,0,0,0,255,255,0,0,0
180460342,NODE_F42DC973E618,blackhole,2,B0:CB:D8:F3:32:19,-38,0,0,0,255,255,0,0,0
180559970,NODE_F42DC973E618,blackhole,2,B0:CB:D8:F3:32:19,-38,0,0,0,255,255,0,0,0
180659567,NODE_F42DC973E618,blackhole,2,B0:CB:D8:F3:32:19,-39,0,0,0,255,255,0,0,0
180759568,NODE_F42DC973E618,blackhole,2,B0:CB:D8:F3:32:19,-43,0,0,0,255,255,0,0,0
180859563,NODE_F42DC973E618,blackhole,2,B0:CB:D8:F3:32:19,-42,0,0,0,255,255,0,0,0
180959571,NODE_F42DC973E618,blackhole,2,B0:CB:D8:F3:32:19,-38,0,0,0,255,255,0,0,0
181059568,NODE_F42DC973E618,blackhole,2,B0:CB:D8:F3:32:19,-42,0,0,0,255,255,0,0,0
181159563,NODE_F42DC973E618,blackhole,2,B0:CB:D8:F3:32:19,-42,0,0,0,255,255,0,0,0
181259567,NODE_F42DC973E618,blackhole,2,B0:CB:D8:F3:32:19,-39,0,0,0,255,255,0,0,0
181359568,NODE_F42DC973E618,blackhole,2,B0:CB:D8:F3:32:19,-42,0,0,0,255,255,0,0,0
181459567,NODE_F42DC973E618,blackhole,2,B0:CB:D8:F3:32:19,-39,0,0,0,255,255,0,0,0
181559567,NODE_F42DC973E618,blackhole,2,B0:CB:D8:F3:32:19,-38,0,0,0,255,255,0,0,0
181659568,NODE_F42DC973E618,blackhole,2,B0:CB:D8:F3:32:19,-39,0,0,0,255,255,0,0,0
181759567,NODE_F42DC973E618,blackhole,2,B0:CB:D8:F3:32:19,-42,0,0,0,255,255,0,0,0
181859567,NODE_F42DC973E618,blackhole,2,B0:CB:D8:F3:32:19,-43,0,0,0,255,255,0,0,0
181959572,NODE_F42DC973E618,blackhole,2,B0:CB:D8:F3:32:19,-41,0,0,0,255,255,0,0,0
182059567,NODE_F42DC973E618,blackhole,2,B0:CB:D8:F3:32:19,-42,0,0,0,255,255,0,0,0
182159567,NODE_F42DC973E618,blackhole,2,B0:CB:D8:F3:32:19,-39,0,0,0,255,255,0,0,0
182259568,NODE_F42DC973E618,blackhole,2,B0:CB:D8:F3:32:19,-38,0,0,0,255,255,0,0,0
182359567,NODE_F42DC973E618,blackhole,2,B0:CB:D8:F3:32:19,-42,0,0,0,255,255,0,0,0
182459567,NODE_F42DC973E618,blackhole,2,B0:CB:D8:F3:32:19,-43,0,0,0,255,255,0,0,0
182559568,NODE_F42DC973E618,blackhole,2,B0:CB:D8:F3:32:19,-38,0,0,0,255,255,0,0,0
182659568,NODE_F42DC973E618,blackhole,2,B0:CB:D8:F3:32:19,-38,0,0,0,255,255,0,0,0
182759567,NODE_F42DC973E618,blackhole,2,B0:CB:D8:F3:32:19,-39,0,0,0,255,255,0,0,0
182859568,NODE_F42DC973E618,blackhole,2,B0:CB:D8:F3:32:19,-41,0,0,0,255,255,0,0,0
182959567,NODE_F42DC973E618,blackhole,2,B0:CB:D8:F3:32:19,-39,0,0,0,255,255,0,0,0
183059567,NODE_F42DC973E618,blackhole,2,B0:CB:D8:F3:32:19,-42,0,0,0,255,255,0,0,0
183159568,NODE_F42DC973E618,blackhole,2,B0:CB:D8:F3:32:19,-38,0,0,0,255,255,0,0,0
183259567,NODE_F42DC973E618,blackhole,2,B0:CB:D8:F3:32:19,-37,0,0,0,255,255,0,0,0
183359567,NODE_F42DC973E618,blackhole,2,B0:CB:D8:F3:32:19,-39,0,0,0,255,255,0,0,0
183459568,NODE_F42DC973E618,blackhole,2,B0:CB:D8:F3:32:19,-38,0,0,0,255,255,0,0,0
183559567,NODE_F42DC973E618,blackhole,2,B0:CB:D8:F3:32:19,-40,0,0,0,255,255,0,0,0
183659575,NODE_F42DC973E618,blackhole,2,B0:CB:D8:F3:32:19,-39,0,0,0,255,255,0,0,0
183759564,NODE_F42DC973E618,blackhole,2,B0:CB:D8:F3:32:19,-42,0,0,0,255,255,0,0,0
183859567,NODE_F42DC973E618,blackhole,2,B0:CB:D8:F3:32:19,-40,0,0,0,255,255,0,0,0
183959567,NODE_F42DC973E618,blackhole,2,B0:CB:D8:F3:32:19,-39,0,0,0,255,255,0,0,0
184059564,NODE_F42DC973E618,blackhole,2,B0:CB:D8:F3:32:19,-42,0,0,0,255,255,0,0,0
184159567,NODE_F42DC973E618,blackhole,2,B0:CB:D8:F3:32:19,-38,0,0,0,255,255,0,0,0
184259571,NODE_F42DC973E618,blackhole,2,B0:CB:D8:F3:32:19,-38,0,0,0,255,255,0,0,0
184359568,NODE_F42DC973E618,blackhole,2,B0:CB:D8:F3:32:19,-42,0,0,0,255,255,0,0,0
184459563,NODE_F42DC973E618,blackhole,2,B0:CB:D8:F3:32:19,-42,0,0,0,255,255,0,0,0
184559567,NODE_F42DC973E618,blackhole,2,B0:CB:D8:F3:32:19,-43,0,0,0,255,255,0,0,0
184659572,NODE_F42DC973E618,blackhole,2,B0:CB:D8:F3:32:19,-41,0,0,0,0,0,0,0,0
184759567,NODE_F42DC973E618,blackhole,2,B0:CB:D8:F3:32:19,-41,0,0,0,0,0,0,0,0
184859563,NODE_F42DC973E618,blackhole,2,B0:CB:D8:F3:32:19,-39,0,0,0,0,0,0,0,0
184959576,NODE_F42DC973E618,blackhole,2,B0:CB:D8:F3:32:19,-39,0,0,0,0,0,0,0,0
185059567,NODE_F42DC973E618,blackhole,2,B0:CB:D8:F3:32:19,-42,0,0,0,0,0,0,0,0
185159563,NODE_F42DC973E618,blackhole,2,B0:CB:D8:F3:32:19,-38,0,0,0,0,0,0,0,0
185259568,NODE_F42DC973E618,blackhole,2,B0:CB:D8:F3:32:19,-42,0,0,0,0,0,0,0,0
185359567,NODE_F42DC973E618,blackhole,2,B0:CB:D8:F3:32:19,-39,0,0,0,0,0,0,0,0
185459567,NODE_F42DC973E618,blackhole,2,B0:CB:D8:F3:32:19,-41,0,0,0,0,0,0,0,0
185559568,NODE_F42DC973E618,blackhole,2,B0:CB:D8:F3:32:19,-38,0,0,0,0,0,0,0,0
185659567,NODE_F42DC973E618,blackhole,2,B0:CB:D8:F3:32:19,-38,0,0,0,0,0,0,0,0
185759567,NODE_F42DC973E618,blackhole,2,B0:CB:D8:F3:32:19,-38,0,0,0,0,0,0,0,0
185859568,NODE_F42DC973E618,blackhole,2,B0:CB:D8:F3:32:19,-38,0,0,0,0,0,0,0,0
185959567,NODE_F42DC973E618,blackhole,2,B0:CB:D8:F3:32:19,-39,0,0,0,0,0,0,0,0
186059567,NODE_F42DC973E618,blackhole,2,B0:CB:D8:F3:32:19,-39,0,0,0,0,0,0,0,0
186159568,NODE_F42DC973E618,blackhole,2,B0:CB:D8:F3:32:19,-42,0,0,0,0,0,0,0,0
186259567,NODE_F42DC973E618,blackhole,2,B0:CB:D8:F3:32:19,-41,0,0,0,0,0,0,0,0
186359567,NODE_F42DC973E618,blackhole,2,B0:CB:D8:F3:32:19,-38,0,0,0,0,0,0,0,0
186459568,NODE_F42DC973E618,blackhole,2,B0:CB:D8:F3:32:19,-38,0,0,0,0,0,0,0,0
186559567,NODE_F42DC973E618,blackhole,2,B0:CB:D8:F3:32:19,-42,0,0,0,0,0,0,0,0
186659567,NODE_F42DC973E618,blackhole,2,B0:CB:D8:F3:32:19,-39,0,0,0,0,0,0,0,0
186759568,NODE_F42DC973E618,blackhole,2,B0:CB:D8:F3:32:19,-40,0,0,0,0,0,0,0,0
186859563,NODE_F42DC973E618,blackhole,2,B0:CB:D8:F3:32:19,-40,0,0,0,0,0,0,0,0
186959571,NODE_F42DC973E618,blackhole,2,B0:CB:D8:F3:32:19,-39,0,0,0,0,0,0,0,0
187059568,NODE_F42DC973E618,blackhole,2,B0:CB:D8:F3:32:19,-38,0,0,0,0,0,0,0,0
187159567,NODE_F42DC973E618,blackhole,2,B0:CB:D8:F3:32:19,-38,0,0,0,0,0,0,0,0
187259567,NODE_F42DC973E618,blackhole,2,B0:CB:D8:F3:32:19,-38,0,0,0,0,0,0,0,0
187359568,NODE_F42DC973E618,blackhole,2,B0:CB:D8:F3:32:19,-42,0,0,0,0,0,0,0,0
187459567,NODE_F42DC973E618,blackhole,2,B0:CB:D8:F3:32:19,-41,0,0,0,0,0,0,0,0
187559567,NODE_F42DC973E618,blackhole,2,B0:CB:D8:F3:32:19,-39,0,0,0,0,0,0,0,0
187659578,NODE_F42DC973E618,blackhole,2,B0:CB:D8:F3:32:19,-40,0,0,0,0,0,0,0,0
187759567,NODE_F42DC973E618,blackhole,2,B0:CB:D8:F3:32:19,-42,0,0,0,0,0,0,0,0
187859567,NODE_F42DC973E618,blackhole,2,B0:CB:D8:F3:32:19,-42,0,0,0,0,0,0,0,0
187959568,NODE_F42DC973E618,blackhole,2,B0:CB:D8:F3:32:19,-38,0,0,0,0,0,0,0,0
188059567,NODE_F42DC973E618,blackhole,2,B0:CB:D8:F3:32:19,-43,0,0,0,0,0,0,0,0
188159567,NODE_F42DC973E618,blackhole,2,B0:CB:D8:F3:32:19,-43,0,0,0,0,0,0,0,0
188259568,NODE_F42DC973E618,blackhole,2,B0:CB:D8:F3:32:19,-43,0,0,0,0,0,0,0,0
188359567,NODE_F42DC973E618,blackhole,2,B0:CB:D8:F3:32:19,-42,0,0,0,0,0,0,0,0
188459563,NODE_F42DC973E618,blackhole,2,B0:CB:D8:F3:32:19,-42,0,0,0,0,0,0,0,0
188559568,NODE_F42DC973E618,blackhole,2,B0:CB:D8:F3:32:19,-42,0,0,0,0,0,0,0,0
188659567,NODE_F42DC973E618,blackhole,2,B0:CB:D8:F3:32:19,-39,0,0,0,0,0,0,0,0
188759559,NODE_F42DC973E618,blackhole,2,B0:CB:D8:F3:32:19,-39,0,0,0,0,0,0,0,0
188860040,NODE_F42DC973E618,blackhole,2,B0:CB:D8:F3:32:19,-39,0,0,0,0,0,0,0,0
188959567,NODE_F42DC973E618,blackhole,2,B0:CB:D8:F3:32:19,-39,0,0,0,0,0,0,0,0
189059563,NODE_F42DC973E618,blackhole,2,B0:CB:D8:F3:32:19,-42,0,0,0,0,0,0,0,0
189159564,NODE_F42DC973E618,blackhole,2,B0:CB:D8:F3:32:19,-42,0,0,0,0,0,0,0,0
189259567,NODE_F42DC973E618,blackhole,2,B0:CB:D8:F3:32:19,-42,0,0,0,0,0,0,0,0
189359567,NODE_F42DC973E618,blackhole,2,B0:CB:D8:F3:32:19,-40,0,0,0,0,0,0,0,0
189459568,NODE_F42DC973E618,blackhole,2,B0:CB:D8:F3:32:19,-40,0,0,0,0,0,0,0,0
189559567,NODE_F42DC973E618,blackhole,2,B0:CB:D8:F3:32:19,-40,0,0,0,0,0,0,0,0
189659567,NODE_F42DC973E618,blackhole,2,B0:CB:D8:F3:32:19,-38,0,0,0,0,0,0,0,0
189759564,NODE_F42DC973E618,blackhole,2,B0:CB:D8:F3:32:19,-38,0,0,0,0,0,0,0,0
189859567,NODE_F42DC973E618,blackhole,2,B0:CB:D8:F3:32:19,-38,0,0,0,0,0,0,0,0
189959567,NODE_F42DC973E618,blackhole,2,B0:CB:D8:F3:32:19,-41,0,0,0,0,0,0,0,0
190059564,NODE_F42DC973E618,blackhole,2,B0:CB:D8:F3:32:19,-41,0,0,0,0,0,0,0,0
190159571,NODE_F42DC973E618,blackhole,2,B0:CB:D8:F3:32:19,-41,0,0,0,0,0,0,0,0
190259563,NODE_F42DC973E618,blackhole,2,B0:CB:D8:F3:32:19,-43,0,0,0,0,0,0,0,0
190359568,NODE_F42DC973E618,blackhole,2,B0:CB:D8:F3:32:19,-43,0,0,0,0,0,0,0,0
190459567,NODE_F42DC973E618,blackhole,2,B0:CB:D8:F3:32:19,-43,0,0,0,0,0,0,0,0
190559563,NODE_F42DC973E618,blackhole,2,B0:CB:D8:F3:32:19,-41,0,0,0,0,0,0,0,0
190659564,NODE_F42DC973E618,blackhole,2,B0:CB:D8:F3:32:19,-41,0,0,0,0,0,0,0,0
190759567,NODE_F42DC973E618,blackhole,2,B0:CB:D8:F3:32:19,-41,0,0,0,0,0,0,0,0
190859563,NODE_F42DC973E618,blackhole,2,B0:CB:D8:F3:32:19,-42,0,0,0,0,0,0,0,0
190959564,NODE_F42DC973E618,blackhole,2,B0:CB:D8:F3:32:19,-42,0,0,0,0,0,0,0,0
191059567,NODE_F42DC973E618,blackhole,2,B0:CB:D8:F3:32:19,-42,0,0,0,0,0,0,0,0
191159567,NODE_F42DC973E618,blackhole,2,B0:CB:D8:F3:32:19,-39,0,0,0,0,0,0,0,0
191259564,NODE_F42DC973E618,blackhole,2,B0:CB:D8:F3:32:19,-39,0,0,0,0,0,0,0,0
191359567,NODE_F42DC973E618,blackhole,2,B0:CB:D8:F3:32:19,-39,0,0,0,0,0,0,0,0
191459571,NODE_F42DC973E618,blackhole,2,B0:CB:D8:F3:32:19,-42,0,0,0,0,0,0,0,0
191559560,NODE_F42DC973E618,blackhole,2,B0:CB:D8:F3:32:19,-42,0,0,0,0,0,0,0,0
191659567,NODE_F42DC973E618,blackhole,2,B0:CB:D8:F3:32:19,-42,0,0,0,0,0,0,0,0
191759563,NODE_F42DC973E618,blackhole,2,B0:CB:D8:F3:32:19,-42,0,0,0,0,0,0,0,0
191859564,NODE_F42DC973E618,blackhole,2,B0:CB:D8:F3:32:19,-42,0,0,0,0,0,0,0,0
191959567,NODE_F42DC973E618,blackhole,2,B0:CB:D8:F3:32:19,-42,0,0,0,0,0,0,0,0
192059563,NODE_F42DC973E618,blackhole,2,B0:CB:D8:F3:32:19,-38,0,0,0,0,0,0,0,0
192159568,NODE_F42DC973E618,blackhole,2,B0:CB:D8:F3:32:19,-38,0,0,0,0,0,0,0,0
192259567,NODE_F42DC973E618,blackhole,2,B0:CB:D8:F3:32:19,-38,0,0,0,0,0,0,0,0
192359567,NODE_F42DC973E618,blackhole,2,B0:CB:D8:F3:32:19,-41,0,0,0,0,0,0,0,0
192459564,NODE_F42DC973E618,blackhole,2,B0:CB:D8:F3:32:19,-41,0,0,0,0,0,0,0,0
192559567,NODE_F42DC973E618,blackhole,2,B0:CB:D8:F3:32:19,-41,0,0,0,0,0,0,0,0
192659568,NODE_F42DC973E618,blackhole,2,B0:CB:D8:F3:32:19,-42,0,0,0,0,0,0,0,0
192759560,NODE_F42DC973E618,blackhole,2,B0:CB:D8:F3:32:19,-42,0,0,0,0,0,0,0,0
192859567,NODE_F42DC973E618,blackhole,2,B0:CB:D8:F3:32:19,-42,0,0,0,0,0,0,0,0
192959567,NODE_F42DC973E618,blackhole,2,B0:CB:D8:F3:32:19,-41,0,0,0,0,0,0,0,0
193059560,NODE_F42DC973E618,blackhole,2,B0:CB:D8:F3:32:19,-41,0,0,0,0,0,0,0,0
193159817,NODE_F42DC973E618,blackhole,2,B0:CB:D8:F3:32:19,-41,0,0,0,0,0,0,0,0
193260061,NODE_F42DC973E618,blackhole,2,B0:CB:D8:F3:32:19,-42,0,0,0,0,0,0,0,0
193359583,NODE_F42DC973E618,blackhole,2,B0:CB:D8:F3:32:19,-42,0,0,0,0,0,0,0,0
193459563,NODE_F42DC973E618,blackhole,2,B0:CB:D8:F3:32:19,-42,0,0,0,0,0,0,0,0
193559567,NODE_F42DC973E618,blackhole,2,B0:CB:D8:F3:32:19,-42,0,0,0,0,0,0,0,0
193659564,NODE_F42DC973E618,blackhole,2,B0:CB:D8:F3:32:19,-39,0,0,0,0,0,0,0,0
193759563,NODE_F42DC973E618,blackhole,2,B0:CB:D8:F3:32:19,-39,0,0,0,0,0,0,0,0
193859567,NODE_F42DC973E618,blackhole,2,B0:CB:D8:F3:32:19,-39,0,0,0,0,0,0,0,0
193959572,NODE_F42DC973E618,blackhole,2,B0:CB:D8:F3:32:19,-42,0,0,0,0,0,0,0,0
194059563,NODE_F42DC973E618,blackhole,2,B0:CB:D8:F3:32:19,-42,0,0,0,0,0,0,0,0
194159567,NODE_F42DC973E618,blackhole,2,B0:CB:D8:F3:32:19,-42,0,0,0,0,0,0,0,0
194259564,NODE_F42DC973E618,blackhole,2,B0:CB:D8:F3:32:19,-43,0,0,0,0,0,0,0,0
194359563,NODE_F42DC973E618,blackhole,2,B0:CB:D8:F3:32:19,-43,0,0,0,0,0,0,0,0
194459567,NODE_F42DC973E618,blackhole,2,B0:CB:D8:F3:32:19,-43,0,0,0,0,0,0,0,0
194559564,NODE_F42DC973E618,blackhole,2,B0:CB:D8:F3:32:19,-39,0,0,0,0,0,0,0,0
194659563,NODE_F42DC973E618,blackhole,2,B0:CB:D8:F3:32:19,-39,0,0,0,0,0,0,0,0
194759567,NODE_F42DC973E618,blackhole,2,B0:CB:D8:F3:32:19,-39,0,0,0,0,0,0,0,0
194859568,NODE_F42DC973E618,blackhole,2,B0:CB:D8:F3:32:19,-42,0,0,0,0,0,0,0,0
194959563,NODE_F42DC973E618,blackhole,2,B0:CB:D8:F3:32:19,-42,0,0,0,0,0,0,0,0
195059567,NODE_F42DC973E618,blackhole,2,B0:CB:D8:F3:32:19,-42,0,0,0,0,0,0,0,0
195159568,NODE_F42DC973E618,blackhole,2,B0:CB:D8:F3:32:19,-41,0,0,0,0,0,0,0,0
195259563,NODE_F42DC973E618,blackhole,2,B0:CB:D8:F3:32:19,-41,0,0,0,0,0,0,0,0
195359571,NODE_F42DC973E618,blackhole,2,B0:CB:D8:F3:32:19,-41,0,0,0,0,0,0,0,0
195459564,NODE_F42DC973E618,blackhole,2,B0:CB:D8:F3:32:19,-42,0,0,0,0,0,0,0,0
195559563,NODE_F42DC973E618,blackhole,2,B0:CB:D8:F3:32:19,-42,0,0,0,0,0,0,0,0
195659567,NODE_F42DC973E618,blackhole,2,B0:CB:D8:F3:32:19,-42,0,0,0,0,0,0,0,0
195759564,NODE_F42DC973E618,blackhole,2,B0:CB:D8:F3:32:19,-41,0,0,0,0,0,0,0,0
195859563,NODE_F42DC973E618,blackhole,2,B0:CB:D8:F3:32:19,-41,0,0,0,0,0,0,0,0
195959567,NODE_F42DC973E618,blackhole,2,B0:CB:D8:F3:32:19,-41,0,0,0,0,0,0,0,0
196059564,NODE_F42DC973E618,blackhole,2,B0:CB:D8:F3:32:19,-38,0,0,0,0,0,0,0,0
196159563,NODE_F42DC973E618,blackhole,2,B0:CB:D8:F3:32:19,-38,0,0,0,0,0,0,0,0
196259567,NODE_F42DC973E618,blackhole,2,B0:CB:D8:F3:32:19,-38,0,0,0,0,0,0,0,0
196359568,NODE_F42DC973E618,blackhole,2,B0:CB:D8:F3:32:19,-41,0,0,0,0,0,0,0,0
196459563,NODE_F42DC973E618,blackhole,2,B0:CB:D8:F3:32:19,-41,0,0,0,0,0,0,0,0
196559567,NODE_F42DC973E618,blackhole,2,B0:CB:D8:F3:32:19,-41,0,0,0,0,0,0,0,0
196659572,NODE_F42DC973E618,blackhole,2,B0:CB:D8:F3:32:19,-38,0,0,0,0,0,0,0,0
196759559,NODE_F42DC973E618,blackhole,2,B0:CB:D8:F3:32:19,-38,0,0,0,0,0,0,0,0
196859567,NODE_F42DC973E618,blackhole,2,B0:CB:D8:F3:32:19,-38,0,0,0,0,0,0,0,0
196959568,NODE_F42DC973E618,blackhole,2,B0:CB:D8:F3:32:19,-43,0,0,0,0,0,0,0,0
197059559,NODE_F42DC973E618,blackhole,2,B0:CB:D8:F3:32:19,-43,0,0,0,0,0,0,0,0
197159567,NODE_F42DC973E618,blackhole,2,B0:CB:D8:F3:32:19,-43,0,0,0,0,0,0,0,0
197259564,NODE_F42DC973E618,blackhole,2,B0:CB:D8:F3:32:19,-40,0,0,0,0,0,0,0,0
197359567,NODE_F42DC973E618,blackhole,2,B0:CB:D8:F3:32:19,-40,0,0,0,0,0,0,0,0
197459567,NODE_F42DC973E618,blackhole,2,B0:CB:D8:F3:32:19,-40,0,0,0,0,0,0,0,0
197559564,NODE_F42DC973E618,blackhole,2,B0:CB:D8:F3:32:19,-40,0,0,0,0,0,0,0,0
197659568,NODE_F42DC973E618,blackhole,2,B0:CB:D8:F3:32:19,-41,0,0,0,0,0,0,0,0
197759559,NODE_F42DC973E618,blackhole,2,B0:CB:D8:F3:32:19,-41,0,0,0,0,0,0,0,0
197859568,NODE_F42DC973E618,blackhole,2,B0:CB:D8:F3:32:19,-41,0,0,0,0,0,0,0,0
197959567,NODE_F42DC973E618,blackhole,2,B0:CB:D8:F3:32:19,-42,0,0,0,0,0,0,0,0
198059563,NODE_F42DC973E618,blackhole,2,B0:CB:D8:F3:32:19,-42,0,0,0,0,0,0,0,0
198159568,NODE_F42DC973E618,blackhole,2,B0:CB:D8:F3:32:19,-42,0,0,0,0,0,0,0,0
198259563,NODE_F42DC973E618,blackhole,2,B0:CB:D8:F3:32:19,-42,0,0,0,0,0,0,0,0
198359563,NODE_F42DC973E618,blackhole,2,B0:CB:D8:F3:32:19,-42,0,0,0,0,0,0,0,0
198459568,NODE_F42DC973E618,blackhole,2,B0:CB:D8:F3:32:19,-42,0,0,0,0,0,0,0,0
198559563,NODE_F42DC973E618,blackhole,2,B0:CB:D8:F3:32:19,-41,0,0,0,0,0,0,0,0
198659563,NODE_F42DC973E618,blackhole,2,B0:CB:D8:F3:32:19,-41,0,0,0,0,0,0,0,0
198759568,NODE_F42DC973E618,blackhole,2,B0:CB:D8:F3:32:19,-41,0,0,0,0,0,0,0,0
198859567,NODE_F42DC973E618,blackhole,2,B0:CB:D8:F3:32:19,-42,0,0,0,0,0,0,0,0
198959567,NODE_F42DC973E618,blackhole,2,B0:CB:D8:F3:32:19,-42,0,0,0,0,0,0,0,0
199059568,NODE_F42DC973E618,blackhole,2,B0:CB:D8:F3:32:19,-42,0,0,0,0,0,0,0,0
199159567,NODE_F42DC973E618,blackhole,2,B0:CB:D8:F3:32:19,-41,0,0,0,0,0,0,0,0
199259563,NODE_F42DC973E618,blackhole,2,B0:CB:D8:F3:32:19,-41,0,0,0,0,0,0,0,0
199359568,NODE_F42DC973E618,blackhole,2,B0:CB:D8:F3:32:19,-41,0,0,0,0,0,0,0,0
199459567,NODE_F42DC973E618,blackhole,2,B0:CB:D8:F3:32:19,-42,0,0,0,0,0,0,0,0
199559563,NODE_F42DC973E618,blackhole,2,B0:CB:D8:F3:32:19,-42,0,0,0,0,0,0,0,0
199659568,NODE_F42DC973E618,blackhole,2,B0:CB:D8:F3:32:19,-42,0,0,0,0,0,0,0,0
199759563,NODE_F42DC973E618,blackhole,2,B0:CB:D8:F3:32:19,-42,0,0,0,0,0,0,0,0
199859563,NODE_F42DC973E618,blackhole,2,B0:CB:D8:F3:32:19,-42,0,0,0,0,0,0,0,0
199959568,NODE_F42DC973E618,blackhole,2,B0:CB:D8:F3:32:19,-42,0,0,0,0,0,0,0,0
200059563,NODE_F42DC973E618,blackhole,2,B0:CB:D8:F3:32:19,-42,0,0,0,0,0,0,0,0
200159563,NODE_F42DC973E618,blackhole,2,B0:CB:D8:F3:32:19,-42,0,0,0,0,0,0,0,0
200259568,NODE_F42DC973E618,blackhole,2,B0:CB:D8:F3:32:19,-42,0,0,0,0,0,0,0,0
200359567,NODE_F42DC973E618,blackhole,2,B0:CB:D8:F3:32:19,-40,0,0,0,0,0,0,0,0
200459563,NODE_F42DC973E618,blackhole,2,B0:CB:D8:F3:32:19,-40,0,0,0,0,0,0,0,0
200559568,NODE_F42DC973E618,blackhole,2,B0:CB:D8:F3:32:19,-40,0,0,0,0,0,0,0,0
200659567,NODE_F42DC973E618,blackhole,2,B0:CB:D8:F3:32:19,-42,0,0,0,0,0,0,0,0
200759563,NODE_F42DC973E618,blackhole,2,B0:CB:D8:F3:32:19,-42,0,0,0,0,0,0,0,0
200859568,NODE_F42DC973E618,blackhole,2,B0:CB:D8:F3:32:19,-42,0,0,0,0,0,0,0,0
200959571,NODE_F42DC973E618,blackhole,2,B0:CB:D8:F3:32:19,-42,0,0,0,0,0,0,0,0
201059563,NODE_F42DC973E618,blackhole,2,B0:CB:D8:F3:32:19,-42,0,0,0,0,0,0,0,0
201159568,NODE_F42DC973E618,blackhole,2,B0:CB:D8:F3:32:19,-42,0,0,0,0,0,0,0,0
201259563,NODE_F42DC973E618,blackhole,2,B0:CB:D8:F3:32:19,-40,0,0,0,0,0,0,0,0
201359563,NODE_F42DC973E618,blackhole,2,B0:CB:D8:F3:32:19,-40,0,0,0,0,0,0,0,0
201459568,NODE_F42DC973E618,blackhole,2,B0:CB:D8:F3:32:19,-40,0,0,0,0,0,0,0,0
201559563,NODE_F42DC973E618,blackhole,2,B0:CB:D8:F3:32:19,-41,0,0,0,0,0,0,0,0
201659563,NODE_F42DC973E618,blackhole,2,B0:CB:D8:F3:32:19,-41,0,0,0,0,0,0,0,0
201759568,NODE_F42DC973E618,blackhole,2,B0:CB:D8:F3:32:19,-41,0,0,0,0,0,0,0,0
201859567,NODE_F42DC973E618,blackhole,2,B0:CB:D8:F3:32:19,-41,0,0,0,0,0,0,0,0
201959567,NODE_F42DC973E618,blackhole,2,B0:CB:D8:F3:32:19,-42,0,0,0,0,0,0,0,0
202059564,NODE_F42DC973E618,blackhole,2,B0:CB:D8:F3:32:19,-42,0,0,0,0,0,0,0,0
202159567,NODE_F42DC973E618,blackhole,2,B0:CB:D8:F3:32:19,-42,0,0,0,0,0,0,0,0
202259563,NODE_F42DC973E618,blackhole,2,B0:CB:D8:F3:32:19,-39,0,0,0,0,0,0,0,0
202359568,NODE_F42DC973E618,blackhole,2,B0:CB:D8:F3:32:19,-39,0,0,0,0,0,0,0,0
202459567,NODE_F42DC973E618,blackhole,2,B0:CB:D8:F3:32:19,-39,0,0,0,0,0,0,0,0
202559563,NODE_F42DC973E618,blackhole,2,B0:CB:D8:F3:32:19,-38,0,0,0,0,0,0,0,0
202659566,NODE_F42DC973E618,blackhole,2,B0:CB:D8:F3:32:19,-38,0,0,0,0,0,0,0,0
202759567,NODE_F42DC973E618,blackhole,2,B0:CB:D8:F3:32:19,-38,0,0,0,0,0,0,0,0
202859567,NODE_F42DC973E618,blackhole,2,B0:CB:D8:F3:32:19,-40,0,0,0,0,0,0,0,0
202959568,NODE_F42DC973E618,blackhole,2,B0:CB:D8:F3:32:19,-40,0,0,0,0,0,0,0,0
203059567,NODE_F42DC973E618,blackhole,2,B0:CB:D8:F3:32:19,-40,0,0,0,0,0,0,0,0
203159567,NODE_F42DC973E618,blackhole,2,B0:CB:D8:F3:32:19,-40,0,0,0,0,0,0,0,0
203259564,NODE_F42DC973E618,blackhole,2,B0:CB:D8:F3:32:19,-40,0,0,0,0,0,0,0,0
203359563,NODE_F42DC973E618,blackhole,2,B0:CB:D8:F3:32:19,-40,0,0,0,0,0,0,0,0
203459567,NODE_F42DC973E618,blackhole,2,B0:CB:D8:F3:32:19,-38,0,0,0,0,0,0,0,0
203559564,NODE_F42DC973E618,blackhole,2,B0:CB:D8:F3:32:19,-38,0,0,0,0,0,0,0,0
203659567,NODE_F42DC973E618,blackhole,2,B0:CB:D8:F3:32:19,-38,0,0,0,0,0,0,0,0
203759563,NODE_F42DC973E618,blackhole,2,B0:CB:D8:F3:32:19,-37,0,0,0,0,0,0,0,0
203859564,NODE_F42DC973E618,blackhole,2,B0:CB:D8:F3:32:19,-37,0,0,0,0,0,0,0,0
203959571,NODE_F42DC973E618,blackhole,2,B0:CB:D8:F3:32:19,-37,0,0,0,0,0,0,0,0
204059563,NODE_F42DC973E618,blackhole,2,B0:CB:D8:F3:32:19,-41,0,0,0,0,0,0,0,0
204159564,NODE_F42DC973E618,blackhole,2,B0:CB:D8:F3:32:19,-41,0,0,0,0,0,0,0,0
204259567,NODE_F42DC973E618,blackhole,2,B0:CB:D8:F3:32:19,-41,0,0,0,0,0,0,0,0
204359567,NODE_F42DC973E618,blackhole,2,B0:CB:D8:F3:32:19,-42,0,0,0,0,0,0,0,0
204459564,NODE_F42DC973E618,blackhole,2,B0:CB:D8:F3:32:19,-42,0,0,0,0,0,0,0,0
204559567,NODE_F42DC973E618,blackhole,2,B0:CB:D8:F3:32:19,-42,0,0,0,0,0,0,0,0
204659567,NODE_F42DC973E618,blackhole,2,B0:CB:D8:F3:32:19,-42,0,0,0,0,0,0,0,0
204759560,NODE_F42DC973E618,blackhole,2,B0:CB:D8:F3:32:19,-42,0,0,0,0,0,0,0,0
204859567,NODE_F42DC973E618,blackhole,2,B0:CB:D8:F3:32:19,-42,0,0,0,0,0,0,0,0
204959571,NODE_F42DC973E618,blackhole,2,B0:CB:D8:F3:32:19,-42,0,0,0,0,0,0,0,0
205059560,NODE_F42DC973E618,blackhole,2,B0:CB:D8:F3:32:19,-42,0,0,0,0,0,0,0,0
205159567,NODE_F42DC973E618,blackhole,2,B0:CB:D8:F3:32:19,-42,0,0,0,0,0,0,0,0
205259563,NODE_F42DC973E618,blackhole,2,B0:CB:D8:F3:32:19,-38,0,0,0,0,0,0,0,0
205359568,NODE_F42DC973E618,blackhole,2,B0:CB:D8:F3:32:19,-38,0,0,0,0,0,0,0,0
205459567,NODE_F42DC973E618,blackhole,2,B0:CB:D8:F3:32:19,-38,0,0,0,0,0,0,0,0
205559563,NODE_F42DC973E618,blackhole,2,B0:CB:D8:F3:32:19,-38,0,0,0,0,0,0,0,0
205659564,NODE_F42DC973E618,blackhole,2,B0:CB:D8:F3:32:19,-38,0,0,0,0,0,0,0,0
205759567,NODE_F42DC973E618,blackhole,2,B0:CB:D8:F3:32:19,-38,0,0,0,0,0,0,0,0
205859567,NODE_F42DC973E618,blackhole,2,B0:CB:D8:F3:32:19,-39,0,0,0,0,0,0,0,0
205959568,NODE_F42DC973E618,blackhole,2,B0:CB:D8:F3:32:19,-39,0,0,0,0,0,0,0,0
206059884,NODE_F42DC973E618,blackhole,2,B0:CB:D8:F3:32:19,-39,0,0,0,0,0,0,0,0
206159567,NODE_F42DC973E618,blackhole,2,B0:CB:D8:F3:32:19,-39,0,0,0,0,0,0,0,0
206259564,NODE_F42DC973E618,blackhole,2,B0:CB:D8:F3:32:19,-41,0,0,0,0,0,0,0,0
206359563,NODE_F42DC973E618,blackhole,2,B0:CB:D8:F3:32:19,-41,0,0,0,0,0,0,0,0
206459563,NODE_F42DC973E618,blackhole,2,B0:CB:D8:F3:32:19,-41,0,0,0,0,0,0,0,0
206559564,NODE_F42DC973E618,blackhole,2,B0:CB:D8:F3:32:19,-42,0,0,0,0,0,0,0,0
206659563,NODE_F42DC973E618,blackhole,2,B0:CB:D8:F3:32:19,-42,0,0,0,0,0,0,0,0
206759567,NODE_F42DC973E618,blackhole,2,B0:CB:D8:F3:32:19,-42,0,0,0,0,0,0,0,0
206859568,NODE_F42DC973E618,blackhole,2,B0:CB:D8:F3:32:19,-38,0,0,0,0,0,0,0,0
206959567,NODE_F42DC973E618,blackhole,2,B0:CB:D8:F3:32:19,-38,0,0,0,0,0,0,0,0
207059567,NODE_F42DC973E618,blackhole,2,B0:CB:D8:F3:32:19,-38,0,0,0,0,0,0,0,0
207159568,NODE_F42DC973E618,blackhole,2,B0:CB:D8:F3:32:19,-40,0,0,0,0,0,0,0,0
207259563,NODE_F42DC973E618,blackhole,2,B0:CB:D8:F3:32:19,-40,0,0,0,0,0,0,0,0
207359567,NODE_F42DC973E618,blackhole,2,B0:CB:D8:F3:32:19,-40,0,0,0,0,0,0,0,0
207459568,NODE_F42DC973E618,blackhole,2,B0:CB:D8:F3:32:19,-41,0,0,0,0,0,0,0,0
207559563,NODE_F42DC973E618,blackhole,2,B0:CB:D8:F3:32:19,-41,0,0,0,0,0,0,0,0
207659568,NODE_F42DC973E618,blackhole,2,B0:CB:D8:F3:32:19,-41,0,0,0,0,0,0,0,0
207759572,NODE_F42DC973E618,blackhole,2,B0:CB:D8:F3:32:19,-42,0,0,0,0,0,0,0,0
207859563,NODE_F42DC973E618,blackhole,2,B0:CB:D8:F3:32:19,-42,0,0,0,0,0,0,0,0
207959571,NODE_F42DC973E618,blackhole,2,B0:CB:D8:F3:32:19,-42,0,0,0,0,0,0,0,0
208059564,NODE_F42DC973E618,blackhole,2,B0:CB:D8:F3:32:19,-43,0,0,0,0,0,0,0,0
208159563,NODE_F42DC973E618,blackhole,2,B0:CB:D8:F3:32:19,-43,0,0,0,0,0,0,0,0
208259567,NODE_F42DC973E618,blackhole,2,B0:CB:D8:F3:32:19,-43,0,0,0,0,0,0,0,0
208359568,NODE_F42DC973E618,blackhole,2,B0:CB:D8:F3:32:19,-39,0,0,0,0,0,0,0,0
208459563,NODE_F42DC973E618,blackhole,2,B0:CB:D8:F3:32:19,-39,0,0,0,0,0,0,0,0
208559567,NODE_F42DC973E618,blackhole,2,B0:CB:D8:F3:32:19,-39,0,0,0,0,0,0,0,0
208659568,NODE_F42DC973E618,blackhole,2,B0:CB:D8:F3:32:19,-42,0,0,0,0,0,0,0,0
208759563,NODE_F42DC973E618,blackhole,2,B0:CB:D8:F3:32:19,-42,0,0,0,0,0,0,0,0
208859567,NODE_F42DC973E618,blackhole,2,B0:CB:D8:F3:32:19,-42,0,0,0,0,0,0,0,0
208959572,NODE_F42DC973E618,blackhole,2,B0:CB:D8:F3:32:19,-40,0,0,0,0,0,0,0,0
209059563,NODE_F42DC973E618,blackhole,2,B0:CB:D8:F3:32:19,-40,0,0,0,0,0,0,0,0
209159567,NODE_F42DC973E618,blackhole,2,B0:CB:D8:F3:32:19,-40,0,0,0,0,0,0,0,0
209259572,NODE_F42DC973E618,blackhole,2,B0:CB:D8:F3:32:19,-42,0,0,0,0,0,0,0,0
209359563,NODE_F42DC973E618,blackhole,2,B0:CB:D8:F3:32:19,-42,0,0,0,0,0,0,0,0
209459567,NODE_F42DC973E618,blackhole,2,B0:CB:D8:F3:32:19,-42,0,0,0,0,0,0,0,0
209559564,NODE_F42DC973E618,blackhole,2,B0:CB:D8:F3:32:19,-42,0,0,0,0,0,0,0,0
209659563,NODE_F42DC973E618,blackhole,2,B0:CB:D8:F3:32:19,-42,0,0,0,0,0,0,0,0
209759567,NODE_F42DC973E618,blackhole,2,B0:CB:D8:F3:32:19,-42,0,0,0,0,0,0,0,0
209859568,NODE_F42DC973E618,blackhole,2,B0:CB:D8:F3:32:19,-43,0,0,0,0,0,0,0,0
209959567,NODE_F42DC973E618,blackhole,2,B0:CB:D8:F3:32:19,-43,0,0,0,0,0,0,0,0
210059793,NODE_F42DC973E618,blackhole,2,B0:CB:D8:F3:32:19,-43,0,0,0,0,0,0,0,0
210159962,NODE_F42DC973E618,blackhole,2,B0:CB:D8:F3:32:19,-42,0,0,0,0,0,0,0,0
210259563,NODE_F42DC973E618,blackhole,2,B0:CB:D8:F3:32:19,-42,0,0,0,0,0,0,0,0
210359567,NODE_F42DC973E618,blackhole,2,B0:CB:D8:F3:32:19,-42,0,0,0,0,0,0,0,0
210459568,NODE_F42DC973E618,blackhole,2,B0:CB:D8:F3:32:19,-42,0,0,0,0,0,0,0,0
210559563,NODE_F42DC973E618,blackhole,2,B0:CB:D8:F3:32:19,-42,0,0,0,0,0,0,0,0
210659563,NODE_F42DC973E618,blackhole,2,B0:CB:D8:F3:32:19,-42,0,0,0,0,0,0,0,0
210759568,NODE_F42DC973E618,blackhole,2,B0:CB:D8:F3:32:19,-42,0,0,0,0,0,0,0,0
210859567,NODE_F42DC973E618,blackhole,2,B0:CB:D8:F3:32:19,-42,0,0,0,0,0,0,0,0
210959567,NODE_F42DC973E618,blackhole,2,B0:CB:D8:F3:32:19,-42,0,0,0,0,0,0,0,0
211059568,NODE_F42DC973E618,blackhole,2,B0:CB:D8:F3:32:19,-42,0,0,0,0,0,0,0,0
211159567,NODE_F42DC973E618,blackhole,2,B0:CB:D8:F3:32:19,-38,0,0,0,0,0,0,0,0
211259563,NODE_F42DC973E618,blackhole,2,B0:CB:D8:F3:32:19,-38,0,0,0,0,0,0,0,0
211359568,NODE_F42DC973E618,blackhole,2,B0:CB:D8:F3:32:19,-38,0,0,0,0,0,0,0,0
211459567,NODE_F42DC973E618,blackhole,2,B0:CB:D8:F3:32:19,-42,0,0,0,0,0,0,0,0
211559563,NODE_F42DC973E618,blackhole,2,B0:CB:D8:F3:32:19,-42,0,0,0,0,0,0,0,0
211659568,NODE_F42DC973E618,blackhole,2,B0:CB:D8:F3:32:19,-42,0,0,0,0,0,0,0,0
211759563,NODE_F42DC973E618,blackhole,2,B0:CB:D8:F3:32:19,-42,0,0,0,0,0,0,0,0
211859563,NODE_F42DC973E618,blackhole,2,B0:CB:D8:F3:32:19,-42,0,0,0,0,0,0,0,0
211959572,NODE_F42DC973E618,blackhole,2,B0:CB:D8:F3:32:19,-42,0,0,0,0,0,0,0,0
212059563,NODE_F42DC973E618,blackhole,2,B0:CB:D8:F3:32:19,-42,0,0,0,0,0,0,0,0
212159563,NODE_F42DC973E618,blackhole,2,B0:CB:D8:F3:32:19,-42,0,0,0,0,0,0,0,0
212259568,NODE_F42DC973E618,blackhole,2,B0:CB:D8:F3:32:19,-42,0,0,0,0,0,0,0,0
212359567,NODE_F42DC973E618,blackhole,2,B0:CB:D8:F3:32:19,-42,0,0,0,0,0,0,0,0
212495408,NODE_F42DC973E618,blackhole,2,B0:CB:D8:F3:32:19,-42,0,0,0,0,0,0,0,0
212559568,NODE_F42DC973E618,blackhole,2,B0:CB:D8:F3:32:19,-42,0,0,0,0,0,0,0,0
212659568,NODE_F42DC973E618,blackhole,2,B0:CB:D8:F3:32:19,-40,0,0,0,0,0,0,0,0
212759563,NODE_F42DC973E618,blackhole,2,B0:CB:D8:F3:32:19,-40,0,0,0,0,0,0,0,0
212859568,NODE_F42DC973E618,blackhole,2,B0:CB:D8:F3:32:19,-40,0,0,0,0,0,0,0,0
212959571,NODE_F42DC973E618,blackhole,2,B0:CB:D8:F3:32:19,-40,0,0,0,0,0,0,0,0
213059563,NODE_F42DC973E618,blackhole,2,B0:CB:D8:F3:32:19,-40,0,0,0,0,0,0,0,0
213159568,NODE_F42DC973E618,blackhole,2,B0:CB:D8:F3:32:19,-40,0,0,0,0,0,0,0,0
213259563,NODE_F42DC973E618,blackhole,2,B0:CB:D8:F3:32:19,-42,0,0,0,0,0,0,0,0
213359563,NODE_F42DC973E618,blackhole,2,B0:CB:D8:F3:32:19,-42,0,0,0,0,0,0,0,0
213459568,NODE_F42DC973E618,blackhole,2,B0:CB:D8:F3:32:19,-42,0,0,0,0,0,0,0,0
213559563,NODE_F42DC973E618,blackhole,2,B0:CB:D8:F3:32:19,-42,0,0,0,0,0,0,0,0
213659563,NODE_F42DC973E618,blackhole,2,B0:CB:D8:F3:32:19,-42,0,0,0,0,0,0,0,0
213759568,NODE_F42DC973E618,blackhole,2,B0:CB:D8:F3:32:19,-42,0,0,0,0,0,0,0,0
213859567,NODE_F42DC973E618,blackhole,2,B0:CB:D8:F3:32:19,-42,0,0,0,0,0,0,0,0
213959567,NODE_F42DC973E618,blackhole,2,B0:CB:D8:F3:32:19,-42,0,0,0,0,0,0,0,0
214059568,NODE_F42DC973E618,blackhole,2,B0:CB:D8:F3:32:19,-42,0,0,0,0,0,0,0,0
214159567,NODE_F42DC973E618,blackhole,2,B0:CB:D8:F3:32:19,-42,0,0,0,0,0,0,0,0
214259563,NODE_F42DC973E618,blackhole,2,B0:CB:D8:F3:32:19,-42,0,0,0,0,0,0,0,0
214359568,NODE_F42DC973E618,blackhole,2,B0:CB:D8:F3:32:19,-42,0,0,0,0,0,0,0,0
214459567,NODE_F42DC973E618,blackhole,2,B0:CB:D8:F3:32:19,-42,0,0,0,0,0,0,0,0
214559563,NODE_F42DC973E618,blackhole,2,B0:CB:D8:F3:32:19,-42,0,0,0,0,0,0,0,0
214659684,NODE_F42DC973E618,blackhole,2,B0:CB:D8:F3:32:19,-42,0,0,0,0,0,0,0,0
214759563,NODE_F42DC973E618,blackhole,2,B0:CB:D8:F3:32:19,-42,0,0,0,0,0,0,0,0
214859567,NODE_F42DC973E618,blackhole,2,B0:CB:D8:F3:32:19,-38,0,0,0,0,0,0,0,0
214959568,NODE_F42DC973E618,blackhole,2,B0:CB:D8:F3:32:19,-38,0,0,0,0,0,0,0,0
215059567,NODE_F42DC973E618,blackhole,2,B0:CB:D8:F3:32:19,-38,0,0,0,0,0,0,0,0
215159567,NODE_F42DC973E618,blackhole,2,B0:CB:D8:F3:32:19,-42,0,0,0,0,0,0,0,0
215259564,NODE_F42DC973E618,blackhole,2,B0:CB:D8:F3:32:19,-42,0,0,0,0,0,0,0,0
215359567,NODE_F42DC973E618,blackhole,2,B0:CB:D8:F3:32:19,-42,0,0,0,0,0,0,0,0
215459567,NODE_F42DC973E618,blackhole,2,B0:CB:D8:F3:32:19,-38,0,0,0,0,0,0,0,0
215559564,NODE_F42DC973E618,blackhole,2,B0:CB:D8:F3:32:19,-38,0,0,0,0,0,0,0,0
215659567,NODE_F42DC973E618,blackhole,2,B0:CB:D8:F3:32:19,-38,0,0,0,0,0,0,0,0
215759563,NODE_F42DC973E618,blackhole,2,B0:CB:D8:F3:32:19,-38,0,0,0,0,0,0,0,0
215859564,NODE_F42DC973E618,blackhole,2,B0:CB:D8:F3:32:19,-38,0,0,0,0,0,0,0,0
215959571,NODE_F42DC973E618,blackhole,2,B0:CB:D8:F3:32:19,-38,0,0,0,0,0,0,0,0
216059563,NODE_F42DC973E618,blackhole,2,B0:CB:D8:F3:32:19,-43,0,0,0,0,0,0,0,0
216159564,NODE_F42DC973E618,blackhole,2,B0:CB:D8:F3:32:19,-43,0,0,0,0,0,0,0,0
216259567,NODE_F42DC973E618,blackhole,2,B0:CB:D8:F3:32:19,-43,0,0,0,0,0,0,0,0
216359567,NODE_F42DC973E618,blackhole,2,B0:CB:D8:F3:32:19,-43,0,0,0,0,0,0,0,0
216459564,NODE_F42DC973E618,blackhole,2,B0:CB:D8:F3:32:19,-43,0,0,0,0,0,0,0,0
216559567,NODE_F42DC973E618,blackhole,2,B0:CB:D8:F3:32:19,-43,0,0,0,0,0,0,0,0
216659567,NODE_F42DC973E618,blackhole,2,B0:CB:D8:F3:32:19,-39,0,0,0,0,0,0,0,0
216759564,NODE_F42DC973E618,blackhole,2,B0:CB:D8:F3:32:19,-39,0,0,0,0,0,0,0,0
216859567,NODE_F42DC973E618,blackhole,2,B0:CB:D8:F3:32:19,-39,0,0,0,0,0,0,0,0
216959571,NODE_F42DC973E618,blackhole,2,B0:CB:D8:F3:32:19,-42,0,0,0,0,0,0,0,0
217059560,NODE_F42DC973E618,blackhole,2,B0:CB:D8:F3:32:19,-42,0,0,0,0,0,0,0,0
217159567,NODE_F42DC973E618,blackhole,2,B0:CB:D8:F3:32:19,-42,0,0,0,0,0,0,0,0
217259563,NODE_F42DC973E618,blackhole,2,B0:CB:D8:F3:32:19,-43,0,0,0,0,0,0,0,0
217359568,NODE_F42DC973E618,blackhole,2,B0:CB:D8:F3:32:19,-43,0,0,0,0,0,0,0,0
217459567,NODE_F42DC973E618,blackhole,2,B0:CB:D8:F3:32:19,-43,0,0,0,0,0,0,0,0
217559563,NODE_F42DC973E618,blackhole,2,B0:CB:D8:F3:32:19,-42,0,0,0,0,0,0,0,0
217659566,NODE_F42DC973E618,blackhole,2,B0:CB:D8:F3:32:19,-42,0,0,0,0,0,0,0,0
217759575,NODE_F42DC973E618,blackhole,2,B0:CB:D8:F3:32:19,-42,0,0,0,0,0,0,0,0
217859567,NODE_F42DC973E618,blackhole,2,B0:CB:D8:F3:32:19,-42,0,0,0,0,0,0,0,0
217959564,NODE_F42DC973E618,blackhole,2,B0:CB:D8:F3:32:19,-42,0,0,0,0,0,0,0,0
218059567,NODE_F42DC973E618,blackhole,2,B0:CB:D8:F3:32:19,-42,0,0,0,0,0,0,0,0
218159567,NODE_F42DC973E618,blackhole,2,B0:CB:D8:F3:32:19,-43,0,0,0,0,0,0,0,0
218259560,NODE_F42DC973E618,blackhole,2,B0:CB:D8:F3:32:19,-43,0,0,0,0,0,0,0,0
218359571,NODE_F42DC973E618,blackhole,2,B0:CB:D8:F3:32:19,-43,0,0,0,0,0,0,0,0
218459571,NODE_F42DC973E618,blackhole,2,B0:CB:D8:F3:32:19,-41,0,0,0,0,0,0,0,0
218559560,NODE_F42DC973E618,blackhole,2,B0:CB:D8:F3:32:19,-41,0,0,0,0,0,0,0,0
218659567,NODE_F42DC973E618,blackhole,2,B0:CB:D8:F3:32:19,-41,0,0,0,0,0,0,0,0
218759781,NODE_F42DC973E618,blackhole,2,B0:CB:D8:F3:32:19,-39,0,0,0,0,0,0,0,0
218859568,NODE_F42DC973E618,blackhole,2,B0:CB:D8:F3:32:19,-39,0,0,0,0,0,0,0,0
218960239,NODE_F42DC973E618,blackhole,2,B0:CB:D8:F3:32:19,-39,0,0,0,0,0,0,0,0
219059563,NODE_F42DC973E618,blackhole,2,B0:CB:D8:F3:32:19,-39,0,0,0,0,0,0,0,0
219159568,NODE_F42DC973E618,blackhole,2,B0:CB:D8:F3:32:19,-40,0,0,0,0,0,0,0,0
219259563,NODE_F42DC973E618,blackhole,2,B0:CB:D8:F3:32:19,-40,0,0,0,0,0,0,0,0
219359567,NODE_F42DC973E618,blackhole,2,B0:CB:D8:F3:32:19,-40,0,0,0,0,0,0,0,0
219459568,NODE_F42DC973E618,blackhole,2,B0:CB:D8:F3:32:19,-42,0,0,0,0,0,0,0,0
219559563,NODE_F42DC973E618,blackhole,2,B0:CB:D8:F3:32:19,-42,0,0,0,0,0,0,0,0
219659567,NODE_F42DC973E618,blackhole,2,B0:CB:D8:F3:32:19,-42,0,0,0,0,0,0,0,0
219759564,NODE_F42DC973E618,blackhole,2,B0:CB:D8:F3:32:19,-42,0,0,0,0,0,0,0,0
219859563,NODE_F42DC973E618,blackhole,2,B0:CB:D8:F3:32:19,-42,0,0,0,0,0,0,0,0
219959571,NODE_F42DC973E618,blackhole,2,B0:CB:D8:F3:32:19,-42,0,0,0,0,0,0,0,0
220059564,NODE_F42DC973E618,blackhole,2,B0:CB:D8:F3:32:19,-42,0,0,0,0,0,0,0,0
220159563,NODE_F42DC973E618,blackhole,2,B0:CB:D8:F3:32:19,-42,0,0,0,0,0,0,0,0
220259567,NODE_F42DC973E618,blackhole,2,B0:CB:D8:F3:32:19,-42,0,0,0,0,0,0,0,0
220359568,NODE_F42DC973E618,blackhole,2,B0:CB:D8:F3:32:19,-38,0,0,0,0,0,0,0,0
220459563,NODE_F42DC973E618,blackhole,2,B0:CB:D8:F3:32:19,-38,0,0,0,0,0,0,0,0
220559567,NODE_F42DC973E618,blackhole,2,B0:CB:D8:F3:32:19,-38,0,0,0,0,0,0,0,0
220659568,NODE_F42DC973E618,blackhole,2,B0:CB:D8:F3:32:19,-42,0,0,0,0,0,0,0,0
220759563,NODE_F42DC973E618,blackhole,2,B0:CB:D8:F3:32:19,-42,0,0,0,0,0,0,0,0
220859567,NODE_F42DC973E618,blackhole,2,B0:CB:D8:F3:32:19,-42,0,0,0,0,0,0,0,0
220959572,NODE_F42DC973E618,blackhole,2,B0:CB:D8:F3:32:19,-43,0,0,0,0,0,0,0,0
221059563,NODE_F42DC973E618,blackhole,2,B0:CB:D8:F3:32:19,-43,0,0,0,0,0,0,0,0
221159567,NODE_F42DC973E618,blackhole,2,B0:CB:D8:F3:32:19,-43,0,0,0,0,0,0,0,0
221259564,NODE_F42DC973E618,blackhole,2,B0:CB:D8:F3:32:19,-42,0,0,0,0,0,0,0,0
221359563,NODE_F42DC973E618,blackhole,2,B0:CB:D8:F3:32:19,-42,0,0,0,0,0,0,0,0
221459567,NODE_F42DC973E618,blackhole,2,B0:CB:D8:F3:32:19,-42,0,0,0,0,0,0,0,0
221559564,NODE_F42DC973E618,blackhole,2,B0:CB:D8:F3:32:19,-42,0,0,0,0,0,0,0,0
221659563,NODE_F42DC973E618,blackhole,2,B0:CB:D8:F3:32:19,-42,0,0,0,0,0,0,0,0
221759567,NODE_F42DC973E618,blackhole,2,B0:CB:D8:F3:32:19,-42,0,0,0,0,0,0,0,0
221859568,NODE_F42DC973E618,blackhole,2,B0:CB:D8:F3:32:19,-40,0,0,0,0,0,0,0,0
221959567,NODE_F42DC973E618,blackhole,2,B0:CB:D8:F3:32:19,-40,0,0,0,0,0,0,0,0
222059567,NODE_F42DC973E618,blackhole,2,B0:CB:D8:F3:32:19,-40,0,0,0,0,0,0,0,0
222159568,NODE_F42DC973E618,blackhole,2,B0:CB:D8:F3:32:19,-43,0,0,0,0,0,0,0,0
222259559,NODE_F42DC973E618,blackhole,2,B0:CB:D8:F3:32:19,-43,0,0,0,0,0,0,0,0
222359567,NODE_F42DC973E618,blackhole,2,B0:CB:D8:F3:32:19,-43,0,0,0,0,0,0,0,0
222459568,NODE_F42DC973E618,blackhole,2,B0:CB:D8:F3:32:19,-38,0,0,0,0,0,0,0,0
222559559,NODE_F42DC973E618,blackhole,2,B0:CB:D8:F3:32:19,-38,0,0,0,0,0,0,0,0
222659568,NODE_F42DC973E618,blackhole,2,B0:CB:D8:F3:32:19,-38,0,0,0,0,0,0,0,0
222759564,NODE_F42DC973E618,blackhole,2,B0:CB:D8:F3:32:19,-42,0,0,0,0,0,0,0,0
222859563,NODE_F42DC973E618,blackhole,2,B0:CB:D8:F3:32:19,-42,0,0,0,0,0,0,0,0
222959571,NODE_F42DC973E618,blackhole,2,B0:CB:D8:F3:32:19,-42,0,0,0,0,0,0,0,0
223059831,NODE_F42DC973E618,blackhole,2,B0:CB:D8:F3:32:19,-39,0,0,0,0,0,0,0,0
223159563,NODE_F42DC973E618,blackhole,2,B0:CB:D8:F3:32:19,-39,0,0,0,0,0,0,0,0
223259555,NODE_F42DC973E618,blackhole,2,B0:CB:D8:F3:32:19,-39,0,0,0,0,0,0,0,0
223359568,NODE_F42DC973E618,blackhole,2,B0:CB:D8:F3:32:19,-39,0,0,0,0,0,0,0,0
223459563,NODE_F42DC973E618,blackhole,2,B0:CB:D8:F3:32:19,-38,0,0,0,0,0,0,0,0
223559563,NODE_F42DC973E618,blackhole,2,B0:CB:D8:F3:32:19,-38,0,0,0,0,0,0,0,0
223659564,NODE_F42DC973E618,blackhole,2,B0:CB:D8:F3:32:19,-38,0,0,0,0,0,0,0,0
223759563,NODE_F42DC973E618,blackhole,2,B0:CB:D8:F3:32:19,-42,0,0,0,0,0,0,0,0
223859563,NODE_F42DC973E618,blackhole,2,B0:CB:D8:F3:32:19,-42,0,0,0,0,0,0,0,0
223959572,NODE_F42DC973E618,blackhole,2,B0:CB:D8:F3:32:19,-42,0,0,0,0,0,0,0,0
224059563,NODE_F42DC973E618,blackhole,2,B0:CB:D8:F3:32:19,-38,0,0,0,0,0,0,0,0
224159563,NODE_F42DC973E618,blackhole,2,B0:CB:D8:F3:32:19,-38,0,0,0,0,0,0,0,0
224259568,NODE_F42DC973E618,blackhole,2,B0:CB:D8:F3:32:19,-38,0,0,0,0,0,0,0,0
224359567,NODE_F42DC973E618,blackhole,2,B0:CB:D8:F3:32:19,-39,0,0,0,0,0,0,0,0
224459563,NODE_F42DC973E618,blackhole,2,B0:CB:D8:F3:32:19,-39,0,0,0,0,0,0,0,0
224559568,NODE_F42DC973E618,blackhole,2,B0:CB:D8:F3:32:19,-39,0,0,0,0,0,0,0,0
224659567,NODE_F42DC973E618,blackhole,2,B0:CB:D8:F3:32:19,-42,0,0,0,0,0,0,0,0
224759563,NODE_F42DC973E618,blackhole,2,B0:CB:D8:F3:32:19,-42,0,0,0,0,0,0,0,0
224859568,NODE_F42DC973E618,blackhole,2,B0:CB:D8:F3:32:19,-42,0,0,0,0,0,0,0,0
224959571,NODE_F42DC973E618,blackhole,2,B0:CB:D8:F3:32:19,-39,0,0,0,0,0,0,0,0
225059563,NODE_F42DC973E618,blackhole,2,B0:CB:D8:F3:32:19,-39,0,0,0,0,0,0,0,0
225159568,NODE_F42DC973E618,blackhole,2,B0:CB:D8:F3:32:19,-39,0,0,0,0,0,0,0,0
225259563,NODE_F42DC973E618,blackhole,2,B0:CB:D8:F3:32:19,-42,0,0,0,0,0,0,0,0
225359563,NODE_F42DC973E618,blackhole,2,B0:CB:D8:F3:32:19,-42,0,0,0,0,0,0,0,0
225459564,NODE_F42DC973E618,blackhole,2,B0:CB:D8:F3:32:19,-42,0,0,0,0,0,0,0,0
225559563,NODE_F42DC973E618,blackhole,2,B0:CB:D8:F3:32:19,-42,0,0,0,0,0,0,0,0
225659563,NODE_F42DC973E618,blackhole,2,B0:CB:D8:F3:32:19,-42,0,0,0,0,0,0,0,0
225759568,NODE_F42DC973E618,blackhole,2,B0:CB:D8:F3:32:19,-42,0,0,0,0,0,0,0,0
225859567,NODE_F42DC973E618,blackhole,2,B0:CB:D8:F3:32:19,-41,0,0,0,0,0,0,0,0
225959567,NODE_F42DC973E618,blackhole,2,B0:CB:D8:F3:32:19,-41,0,0,0,0,0,0,0,0
226059568,NODE_F42DC973E618,blackhole,2,B0:CB:D8:F3:32:19,-41,0,0,0,0,0,0,0,0
226159567,NODE_F42DC973E618,blackhole,2,B0:CB:D8:F3:32:19,-38,0,0,0,0,0,0,0,0
226259563,NODE_F42DC973E618,blackhole,2,B0:CB:D8:F3:32:19,-38,0,0,0,0,0,0,0,0
226359568,NODE_F42DC973E618,blackhole,2,B0:CB:D8:F3:32:19,-38,0,0,0,0,0,0,0,0
226459567,NODE_F42DC973E618,blackhole,2,B0:CB:D8:F3:32:19,-43,0,0,0,0,0,0,0,0
226559563,NODE_F42DC973E618,blackhole,2,B0:CB:D8:F3:32:19,-43,0,0,0,0,0,0,0,0
226659568,NODE_F42DC973E618,blackhole,2,B0:CB:D8:F3:32:19,-43,0,0,0,0,0,0,0,0
226759563,NODE_F42DC973E618,blackhole,2,B0:CB:D8:F3:32:19,-42,0,0,0,0,0,0,0,0
226859563,NODE_F42DC973E618,blackhole,2,B0:CB:D8:F3:32:19,-42,0,0,0,0,0,0,0,0
226959572,NODE_F42DC973E618,blackhole,2,B0:CB:D8:F3:32:19,-42,0,0,0,0,0,0,0,0
227059563,NODE_F42DC973E618,blackhole,2,B0:CB:D8:F3:32:19,-39,0,0,0,0,0,0,0,0
227159563,NODE_F42DC973E618,blackhole,2,B0:CB:D8:F3:32:19,-39,0,0,0,0,0,0,0,0
227259568,NODE_F42DC973E618,blackhole,2,B0:CB:D8:F3:32:19,-39,0,0,0,0,0,0,0,0
227359567,NODE_F42DC973E618,blackhole,2,B0:CB:D8:F3:32:19,-39,0,0,0,0,0,0,0,0
227459563,NODE_F42DC973E618,blackhole,2,B0:CB:D8:F3:32:19,-40,0,0,0,0,0,0,0,0
227559556,NODE_F42DC973E618,blackhole,2,B0:CB:D8:F3:32:19,-40,0,0,0,0,0,0,0,0
227659568,NODE_F42DC973E618,blackhole,2,B0:CB:D8:F3:32:19,-40,0,0,0,0,0,0,0,0
227759571,NODE_F42DC973E618,blackhole,2,B0:CB:D8:F3:32:19,-42,0,0,0,0,0,0,0,0
227859564,NODE_F42DC973E618,blackhole,2,B0:CB:D8:F3:32:19,-42,0,0,0,0,0,0,0,0
227959567,NODE_F42DC973E618,blackhole,2,B0:CB:D8:F3:32:19,-42,0,0,0,0,0,0,0,0
228059563,NODE_F42DC973E618,blackhole,2,B0:CB:D8:F3:32:19,-42,0,0,0,0,0,0,0,0
228159568,NODE_F42DC973E618,blackhole,2,B0:CB:D8:F3:32:19,-42,0,0,0,0,0,0,0,0
228259567,NODE_F42DC973E618,blackhole,2,B0:CB:D8:F3:32:19,-42,0,0,0,0,0,0,0,0
228359567,NODE_F42DC973E618,blackhole,2,B0:CB:D8:F3:32:19,-40,0,0,0,0,0,0,0,0
228459564,NODE_F42DC973E618,blackhole,2,B0:CB:D8:F3:32:19,-40,0,0,0,0,0,0,0,0
228559567,NODE_F42DC973E618,blackhole,2,B0:CB:D8:F3:32:19,-40,0,0,0,0,0,0,0,0
228659567,NODE_F42DC973E618,blackhole,2,B0:CB:D8:F3:32:19,-42,0,0,0,0,0,0,0,0
228759564,NODE_F42DC973E618,blackhole,2,B0:CB:D8:F3:32:19,-42,0,0,0,0,0,0,0,0
228859567,NODE_F42DC973E618,blackhole,2,B0:CB:D8:F3:32:19,-42,0,0,0,0,0,0,0,0
228959567,NODE_F42DC973E618,blackhole,2,B0:CB:D8:F3:32:19,-42,0,0,0,0,0,0,0,0
229059564,NODE_F42DC973E618,blackhole,2,B0:CB:D8:F3:32:19,-42,0,0,0,0,0,0,0,0
229159567,NODE_F42DC973E618,blackhole,2,B0:CB:D8:F3:32:19,-42,0,0,0,0,0,0,0,0
229259563,NODE_F42DC973E618,blackhole,2,B0:CB:D8:F3:32:19,-42,0,0,0,0,0,0,0,0
229359568,NODE_F42DC973E618,blackhole,2,B0:CB:D8:F3:32:19,-42,0,0,0,0,0,0,0,0
229459567,NODE_F42DC973E618,blackhole,2,B0:CB:D8:F3:32:19,-42,0,0,0,0,0,0,0,0
229559563,NODE_F42DC973E618,blackhole,2,B0:CB:D8:F3:32:19,-42,0,0,0,0,0,0,0,0
229659564,NODE_F42DC973E618,blackhole,2,B0:CB:D8:F3:32:19,-42,0,0,0,0,0,0,0,0
229759567,NODE_F42DC973E618,blackhole,2,B0:CB:D8:F3:32:19,-42,0,0,0,0,0,0,0,0
229859567,NODE_F42DC973E618,blackhole,2,B0:CB:D8:F3:32:19,-38,0,0,0,0,0,0,0,0
229959564,NODE_F42DC973E618,blackhole,2,B0:CB:D8:F3:32:19,-38,0,0,0,0,0,0,0,0
230059567,NODE_F42DC973E618,blackhole,2,B0:CB:D8:F3:32:19,-38,0,0,0,0,0,0,0,0
230159571,NODE_F42DC973E618,blackhole,2,B0:CB:D8:F3:32:19,-41,0,0,0,0,0,0,0,0
230259560,NODE_F42DC973E618,blackhole,2,B0:CB:D8:F3:32:19,-41,0,0,0,0,0,0,0,0
230359567,NODE_F42DC973E618,blackhole,2,B0:CB:D8:F3:32:19,-41,0,0,0,0,0,0,0,0
230459567,NODE_F42DC973E618,blackhole,2,B0:CB:D8:F3:32:19,-38,0,0,0,0,0,0,0,0
230559560,NODE_F42DC973E618,blackhole,2,B0:CB:D8:F3:32:19,-38,0,0,0,0,0,0,0,0
230659567,NODE_F42DC973E618,blackhole,2,B0:CB:D8:F3:32:19,-38,0,0,0,0,0,0,0,0
230759563,NODE_F42DC973E618,blackhole,2,B0:CB:D8:F3:32:19,-42,0,0,0,0,0,0,0,0
230859564,NODE_F42DC973E618,blackhole,2,B0:CB:D8:F3:32:19,-42,0,0,0,0,0,0,0,0
230959567,NODE_F42DC973E618,blackhole,2,B0:CB:D8:F3:32:19,-42,0,0,0,0,0,0,0,0
231059563,NODE_F42DC973E618,blackhole,2,B0:CB:D8:F3:32:19,-41,0,0,0,0,0,0,0,0
231159564,NODE_F42DC973E618,blackhole,2,B0:CB:D8:F3:32:19,-41,0,0,0,0,0,0,0,0
231259567,NODE_F42DC973E618,blackhole,2,B0:CB:D8:F3:32:19,-41,0,0,0,0,0,0,0,0
231359763,NODE_F42DC973E618,blackhole,2,B0:CB:D8:F3:32:19,-43,0,0,0,0,0,0,0,0
231459568,NODE_F42DC973E618,blackhole,2,B0:CB:D8:F3:32:19,-43,0,0,0,0,0,0,0,0
231559683,NODE_F42DC973E618,blackhole,2,B0:CB:D8:F3:32:19,-43,0,0,0,0,0,0,0,0
231660244,NODE_F42DC973E618,blackhole,2,B0:CB:D8:F3:32:19,-41,0,0,0,0,0,0,0,0
231759703,NODE_F42DC973E618,blackhole,2,B0:CB:D8:F3:32:19,-41,0,0,0,0,0,0,0,0
231859563,NODE_F42DC973E618,blackhole,2,B0:CB:D8:F3:32:19,-41,0,0,0,0,0,0,0,0
231959563,NODE_F42DC973E618,blackhole,2,B0:CB:D8:F3:32:19,-41,0,0,0,0,0,0,0,0
232059564,NODE_F42DC973E618,blackhole,2,B0:CB:D8:F3:32:19,-43,0,0,0,0,0,0,0,0
232159567,NODE_F42DC973E618,blackhole,2,B0:CB:D8:F3:32:19,-43,0,0,0,0,0,0,0,0
232259567,NODE_F42DC973E618,blackhole,2,B0:CB:D8:F3:32:19,-43,0,0,0,0,0,0,0,0
232359568,NODE_F42DC973E618,blackhole,2,B0:CB:D8:F3:32:19,-43,0,0,0,0,0,0,0,0
232459563,NODE_F42DC973E618,blackhole,2,B0:CB:D8:F3:32:19,-43,0,0,0,0,0,0,0,0
232559567,NODE_F42DC973E618,blackhole,2,B0:CB:D8:F3:32:19,-43,0,0,0,0,0,0,0,0
232659570,NODE_F42DC973E618,blackhole,2,B0:CB:D8:F3:32:19,-42,0,0,0,0,0,0,0,0
232759563,NODE_F42DC973E618,blackhole,2,B0:CB:D8:F3:32:19,-42,0,0,0,0,0,0,0,0
232859567,NODE_F42DC973E618,blackhole,2,B0:CB:D8:F3:32:19,-42,0,0,0,0,0,0,0,0
232959568,NODE_F42DC973E618,blackhole,2,B0:CB:D8:F3:32:19,-43,0,0,0,0,0,0,0,0
233059563,NODE_F42DC973E618,blackhole,2,B0:CB:D8:F3:32:19,-43,0,0,0,0,0,0,0,0
233159567,NODE_F42DC973E618,blackhole,2,B0:CB:D8:F3:32:19,-43,0,0,0,0,0,0,0,0
233259564,NODE_F42DC973E618,blackhole,2,B0:CB:D8:F3:32:19,-41,0,0,0,0,0,0,0,0
233359563,NODE_F42DC973E618,blackhole,2,B0:CB:D8:F3:32:19,-41,0,0,0,0,0,0,0,0
233459571,NODE_F42DC973E618,blackhole,2,B0:CB:D8:F3:32:19,-41,0,0,0,0,0,0,0,0
233559564,NODE_F42DC973E618,blackhole,2,B0:CB:D8:F3:32:19,-42,0,0,0,0,0,0,0,0
233659563,NODE_F42DC973E618,blackhole,2,B0:CB:D8:F3:32:19,-42,0,0,0,0,0,0,0,0
233759567,NODE_F42DC973E618,blackhole,2,B0:CB:D8:F3:32:19,-42,0,0,0,0,0,0,0,0
233859568,NODE_F42DC973E618,blackhole,2,B0:CB:D8:F3:32:19,-41,0,0,0,0,0,0,0,0
233959563,NODE_F42DC973E618,blackhole,2,B0:CB:D8:F3:32:19,-41,0,0,0,0,0,0,0,0
234059567,NODE_F42DC973E618,blackhole,2,B0:CB:D8:F3:32:19,-41,0,0,0,0,0,0,0,0
234159572,NODE_F42DC973E618,blackhole,2,B0:CB:D8:F3:32:19,-41,0,0,0,0,0,0,0,0
234259563,NODE_F42DC973E618,blackhole,2,B0:CB:D8:F3:32:19,-41,0,0,0,0,0,0,0,0
234359567,NODE_F42DC973E618,blackhole,2,B0:CB:D8:F3:32:19,-41,0,0,0,0,0,0,0,0
234459568,NODE_F42DC973E618,blackhole,2,B0:CB:D8:F3:32:19,-39,0,0,0,0,0,0,0,0
234559563,NODE_F42DC973E618,blackhole,2,B0:CB:D8:F3:32:19,-39,0,0,0,0,0,0,0,0
234659567,NODE_F42DC973E618,blackhole,2,B0:CB:D8:F3:32:19,-39,0,0,0,0,0,0,0,0
234759564,NODE_F42DC973E618,blackhole,2,B0:CB:D8:F3:32:19,-38,0,0,0,0,0,0,0,0
234859563,NODE_F42DC973E618,blackhole,2,B0:CB:D8:F3:32:19,-38,0,0,0,0,0,0,0,0
234959567,NODE_F42DC973E618,blackhole,2,B0:CB:D8:F3:32:19,-38,0,0,0,0,0,0,0,0
235059564,NODE_F42DC973E618,blackhole,2,B0:CB:D8:F3:32:19,-39,0,0,0,0,0,0,0,0
235159563,NODE_F42DC973E618,blackhole,2,B0:CB:D8:F3:32:19,-39,0,0,0,0,0,0,0,0
235259567,NODE_F42DC973E618,blackhole,2,B0:CB:D8:F3:32:19,-39,0,0,0,0,0,0,0,0
235359854,NODE_F42DC973E618,blackhole,2,B0:CB:D8:F3:32:19,-38,0,0,0,0,0,0,0,0
235459571,NODE_F42DC973E618,blackhole,2,B0:CB:D8:F3:32:19,-38,0,0,0,0,0,0,0,0
235559567,NODE_F42DC973E618,blackhole,2,B0:CB:D8:F3:32:19,-38,0,0,0,0,0,0,0,0
235659568,NODE_F42DC973E618,blackhole,2,B0:CB:D8:F3:32:19,-38,0,0,0,0,0,0,0,0
235759559,NODE_F42DC973E618,blackhole,2,B0:CB:D8:F3:32:19,-38,0,0,0,0,0,0,0,0
235859567,NODE_F42DC973E618,blackhole,2,B0:CB:D8:F3:32:19,-38,0,0,0,0,0,0,0,0
235959572,NODE_F42DC973E618,blackhole,2,B0:CB:D8:F3:32:19,-38,0,0,0,0,0,0,0,0
236059563,NODE_F42DC973E618,blackhole,2,B0:CB:D8:F3:32:19,-41,0,0,0,0,0,0,0,0
236159563,NODE_F42DC973E618,blackhole,2,B0:CB:D8:F3:32:19,-41,0,0,0,0,0,0,0,0
236259568,NODE_F42DC973E618,blackhole,2,B0:CB:D8:F3:32:19,-41,0,0,0,0,0,0,0,0
236359563,NODE_F42DC973E618,blackhole,2,B0:CB:D8:F3:32:19,-39,0,0,0,0,0,0,0,0
236459563,NODE_F42DC973E618,blackhole,2,B0:CB:D8:F3:32:19,-39,0,0,0,0,0,0,0,0
236559568,NODE_F42DC973E618,blackhole,2,B0:CB:D8:F3:32:19,-39,0,0,0,0,0,0,0,0
236659567,NODE_F42DC973E618,blackhole,2,B0:CB:D8:F3:32:19,-42,0,0,0,0,0,0,0,0
236759563,NODE_F42DC973E618,blackhole,2,B0:CB:D8:F3:32:19,-42,0,0,0,0,0,0,0,0
236859568,NODE_F42DC973E618,blackhole,2,B0:CB:D8:F3:32:19,-42,0,0,0,0,0,0,0,0
236959571,NODE_F42DC973E618,blackhole,2,B0:CB:D8:F3:32:19,-42,0,0,0,0,0,0,0,0
237059563,NODE_F42DC973E618,blackhole,2,B0:CB:D8:F3:32:19,-42,0,0,0,0,0,0,0,0
237159568,NODE_F42DC973E618,blackhole,2,B0:CB:D8:F3:32:19,-42,0,0,0,0,0,0,0,0
237259563,NODE_F42DC973E618,blackhole,2,B0:CB:D8:F3:32:19,-39,0,0,0,0,0,0,0,0
237359563,NODE_F42DC973E618,blackhole,2,B0:CB:D8:F3:32:19,-39,0,0,0,0,0,0,0,0
237459568,NODE_F42DC973E618,blackhole,2,B0:CB:D8:F3:32:19,-39,0,0,0,0,0,0,0,0
237559563,NODE_F42DC973E618,blackhole,2,B0:CB:D8:F3:32:19,-42,0,0,0,0,0,0,0,0
237659564,NODE_F42DC973E618,blackhole,2,B0:CB:D8:F3:32:19,-42,0,0,0,0,0,0,0,0
237759576,NODE_F42DC973E618,blackhole,2,B0:CB:D8:F3:32:19,-42,0,0,0,0,0,0,0,0
237859567,NODE_F42DC973E618,blackhole,2,B0:CB:D8:F3:32:19,-39,0,0,0,0,0,0,0,0
237959567,NODE_F42DC973E618,blackhole,2,B0:CB:D8:F3:32:19,-39,0,0,0,0,0,0,0,0
238059568,NODE_F42DC973E618,blackhole,2,B0:CB:D8:F3:32:19,-39,0,0,0,0,0,0,0,0
238159567,NODE_F42DC973E618,blackhole,2,B0:CB:D8:F3:32:19,-39,0,0,0,0,0,0,0,0
238259563,NODE_F42DC973E618,blackhole,2,B0:CB:D8:F3:32:19,-39,0,0,0,0,0,0,0,0
238359565,NODE_F42DC973E618,blackhole,2,B0:CB:D8:F3:32:19,-39,0,0,0,0,0,0,0,0
238459567,NODE_F42DC973E618,blackhole,2,B0:CB:D8:F3:32:19,-43,0,0,0,0,0,0,0,0
238559563,NODE_F42DC973E618,blackhole,2,B0:CB:D8:F3:32:19,-43,0,0,0,0,0,0,0,0
238659568,NODE_F42DC973E618,blackhole,2,B0:CB:D8:F3:32:19,-43,0,0,0,0,0,0,0,0
238759563,NODE_F42DC973E618,blackhole,2,B0:CB:D8:F3:32:19,-40,0,0,0,0,0,0,0,0
238859563,NODE_F42DC973E618,blackhole,2,B0:CB:D8:F3:32:19,-40,0,0,0,0,0,0,0,0
238959572,NODE_F42DC973E618,blackhole,2,B0:CB:D8:F3:32:19,-40,0,0,0,0,0,0,0,0
239059563,NODE_F42DC973E618,blackhole,2,B0:CB:D8:F3:32:19,-39,0,0,0,0,0,0,0,0
239159563,NODE_F42DC973E618,blackhole,2,B0:CB:D8:F3:32:19,-39,0,0,0,0,0,0,0,0
239259568,NODE_F42DC973E618,blackhole,2,B0:CB:D8:F3:32:19,-39,0,0,0,0,0,0,0,0
239359567,NODE_F42DC973E618,blackhole,2,B0:CB:D8:F3:32:19,-43,0,0,0,0,0,0,0,0
239459563,NODE_F42DC973E618,blackhole,2,B0:CB:D8:F3:32:19,-43,0,0,0,0,0,0,0,0
239559568,NODE_F42DC973E618,blackhole,2,B0:CB:D8:F3:32:19,-43,0,0,0,0,0,0,0,0
239659567,NODE_F42DC973E618,blackhole,2,B0:CB:D8:F3:32:19,-43,0,0,0,0,0,0,0,0
239759563,NODE_F42DC973E618,blackhole,2,B0:CB:D8:F3:32:19,-43,0,0,0,0,0,0,0,0
239859568,NODE_F42DC973E618,blackhole,2,B0:CB:D8:F3:32:19,-43,0,0,0,0,0,0,0,0
239959571,NODE_F42DC973E618,blackhole,2,B0:CB:D8:F3:32:19,-39,0,0,0,0,0,0,0,0
240059559,NODE_F42DC973E618,blackhole,2,B0:CB:D8:F3:32:19,-39,0,0,0,0,0,0,0,0
240159918,NODE_F42DC973E618,blackhole,2,B0:CB:D8:F3:32:19,-39,0,0,0,0,0,0,0,0
240259563,NODE_F42DC973E618,blackhole,2,B0:CB:D8:F3:32:19,-39,0,0,0,0,0,0,0,0
240359563,NODE_F42DC973E618,blackhole,2,B0:CB:D8:F3:32:19,-42,0,0,0,0,0,0,0,0
240459564,NODE_F42DC973E618,blackhole,2,B0:CB:D8:F3:32:19,-42,0,0,0,0,0,0,0,0
240559567,NODE_F42DC973E618,blackhole,2,B0:CB:D8:F3:32:19,-42,0,0,0,0,0,0,0,0
240659563,NODE_F42DC973E618,blackhole,2,B0:CB:D8:F3:32:19,-42,0,0,0,0,0,0,0,0
240759564,NODE_F42DC973E618,blackhole,2,B0:CB:D8:F3:32:19,-42,0,0,0,0,0,0,0,0
240859567,NODE_F42DC973E618,blackhole,2,B0:CB:D8:F3:32:19,-42,0,0,0,0,0,0,0,0
240959571,NODE_F42DC973E618,blackhole,2,B0:CB:D8:F3:32:19,-43,0,0,0,0,0,0,0,0
241059564,NODE_F42DC973E618,blackhole,2,B0:CB:D8:F3:32:19,-43,0,0,0,0,0,0,0,0
241159567,NODE_F42DC973E618,blackhole,2,B0:CB:D8:F3:32:19,-43,0,0,0,0,0,0,0,0
241259563,NODE_F42DC973E618,blackhole,2,B0:CB:D8:F3:32:19,-42,0,0,0,0,0,0,0,0
241359564,NODE_F42DC973E618,blackhole,2,B0:CB:D8:F3:32:19,-42,0,0,0,0,0,0,0,0
241459567,NODE_F42DC973E618,blackhole,2,B0:CB:D8:F3:32:19,-42,0,0,0,0,0,0,0,0
241559563,NODE_F42DC973E618,blackhole,2,B0:CB:D8:F3:32:19,-42,0,0,0,0,0,0,0,0
241659564,NODE_F42DC973E618,blackhole,2,B0:CB:D8:F3:32:19,-42,0,0,0,0,0,0,0,0
241759567,NODE_F42DC973E618,blackhole,2,B0:CB:D8:F3:32:19,-42,0,0,0,0,0,0,0,0
241859567,NODE_F42DC973E618,blackhole,2,B0:CB:D8:F3:32:19,-42,0,0,0,0,0,0,0,0
241959568,NODE_F42DC973E618,blackhole,2,B0:CB:D8:F3:32:19,-42,0,0,0,0,0,0,0,0
242059567,NODE_F42DC973E618,blackhole,2,B0:CB:D8:F3:32:19,-42,0,0,0,0,0,0,0,0
242159567,NODE_F42DC973E618,blackhole,2,B0:CB:D8:F3:32:19,-42,0,0,0,0,0,0,0,0
242259564,NODE_F42DC973E618,blackhole,2,B0:CB:D8:F3:32:19,-42,0,0,0,0,0,0,0,0
242359567,NODE_F42DC973E618,blackhole,2,B0:CB:D8:F3:32:19,-42,0,0,0,0,0,0,0,0
242459567,NODE_F42DC973E618,blackhole,2,B0:CB:D8:F3:32:19,-41,0,0,0,0,0,0,0,0
242559560,NODE_F42DC973E618,blackhole,2,B0:CB:D8:F3:32:19,-41,0,0,0,0,0,0,0,0
242659564,NODE_F42DC973E618,blackhole,2,B0:CB:D8:F3:32:19,-41,0,0,0,0,0,0,0,0
242759563,NODE_F42DC973E618,blackhole,2,B0:CB:D8:F3:32:19,-39,0,0,0,0,0,0,0,0
242859564,NODE_F42DC973E618,blackhole,2,B0:CB:D8:F3:32:19,-39,0,0,0,0,0,0,0,0
242959571,NODE_F42DC973E618,blackhole,2,B0:CB:D8:F3:32:19,-39,0,0,0,0,0,0,0,0
243059563,NODE_F42DC973E618,blackhole,2,B0:CB:D8:F3:32:19,-42,0,0,0,0,0,0,0,0
243159564,NODE_F42DC973E618,blackhole,2,B0:CB:D8:F3:32:19,-42,0,0,0,0,0,0,0,0
243259567,NODE_F42DC973E618,blackhole,2,B0:CB:D8:F3:32:19,-42,0,0,0,0,0,0,0,0
243359567,NODE_F42DC973E618,blackhole,2,B0:CB:D8:F3:32:19,-38,0,0,0,0,0,0,0,0
243459564,NODE_F42DC973E618,blackhole,2,B0:CB:D8:F3:32:19,-38,0,0,0,0,0,0,0,0
243559567,NODE_F42DC973E618,blackhole,2,B0:CB:D8:F3:32:19,-38,0,0,0,0,0,0,0,0
243659567,NODE_F42DC973E618,blackhole,2,B0:CB:D8:F3:32:19,-39,0,0,0,0,0,0,0,0
243759560,NODE_F42DC973E618,blackhole,2,B0:CB:D8:F3:32:19,-39,0,0,0,0,0,0,0,0
243859567,NODE_F42DC973E618,blackhole,2,B0:CB:D8:F3:32:19,-39,0,0,0,0,0,0,0,0
243959571,NODE_F42DC973E618,blackhole,2,B0:CB:D8:F3:32:19,-40,0,0,0,0,0,0,0,0
244059560,NODE_F42DC973E618,blackhole,2,B0:CB:D8:F3:32:19,-40,0,0,0,0,0,0,0,0
244159567,NODE_F42DC973E618,blackhole,2,B0:CB:D8:F3:32:19,-40,0,0,0,0,0,0,0,0
244259563,NODE_F42DC973E618,blackhole,2,B0:CB:D8:F3:32:19,-42,0,0,0,0,0,0,0,0
244359568,NODE_F42DC973E618,blackhole,2,B0:CB:D8:F3:32:19,-42,0,0,0,0,0,0,0,0
244459567,NODE_F42DC973E618,blackhole,2,B0:CB:D8:F3:32:19,-42,0,0,0,0,0,0,0,0
244559563,NODE_F42DC973E618,blackhole,2,B0:CB:D8:F3:32:19,-42,0,0,0,0,0,0,0,0
244659568,NODE_F42DC973E618,blackhole,2,B0:CB:D8:F3:32:19,-42,0,0,0,0,0,0,0,0
244759567,NODE_F42DC973E618,blackhole,2,B0:CB:D8:F3:32:19,-42,0,0,0,0,0,0,0,0
244859575,NODE_F42DC973E618,blackhole,2,B0:CB:D8:F3:32:19,-42,0,0,0,0,0,0,0,0
244959568,NODE_F42DC973E618,blackhole,2,B0:CB:D8:F3:32:19,-43,0,0,0,0,0,0,0,0
245059567,NODE_F42DC973E618,blackhole,2,B0:CB:D8:F3:32:19,-43,0,0,0,0,0,0,0,0
245159567,NODE_F42DC973E618,blackhole,2,B0:CB:D8:F3:32:19,-43,0,0,0,0,0,0,0,0
245259564,NODE_F42DC973E618,blackhole,2,B0:CB:D8:F3:32:19,-42,0,0,0,0,0,0,0,0
245359560,NODE_F42DC973E618,blackhole,2,B0:CB:D8:F3:32:19,-42,0,0,0,0,0,0,0,0
245459567,NODE_F42DC973E618,blackhole,2,B0:CB:D8:F3:32:19,-42,0,0,0,0,0,0,0,0
245559564,NODE_F42DC973E618,blackhole,2,B0:CB:D8:F3:32:19,-42,0,0,0,0,0,0,0,0
245659567,NODE_F42DC973E618,blackhole,2,B0:CB:D8:F3:32:19,-42,0,0,0,0,0,0,0,0
245759571,NODE_F42DC973E618,blackhole,2,B0:CB:D8:F3:32:19,-42,0,0,0,0,0,0,0,0
245859572,NODE_F42DC973E618,blackhole,2,B0:CB:D8:F3:32:19,-39,0,0,0,0,0,0,0,0
245959567,NODE_F42DC973E618,blackhole,2,B0:CB:D8:F3:32:19,-39,0,0,0,0,0,0,0,0
246059567,NODE_F42DC973E618,blackhole,2,B0:CB:D8:F3:32:19,-39,0,0,0,0,0,0,0,0
246159568,NODE_F42DC973E618,blackhole,2,B0:CB:D8:F3:32:19,-41,0,0,0,0,0,0,0,0
246259567,NODE_F42DC973E618,blackhole,2,B0:CB:D8:F3:32:19,-41,0,0,0,0,0,0,0,0
246359567,NODE_F42DC973E618,blackhole,2,B0:CB:D8:F3:32:19,-41,0,0,0,0,0,0,0,0
246459572,NODE_F42DC973E618,blackhole,2,B0:CB:D8:F3:32:19,-42,0,0,0,0,0,0,0,0
246559567,NODE_F42DC973E618,blackhole,2,B0:CB:D8:F3:32:19,-42,0,0,0,0,0,0,0,0
246659567,NODE_F42DC973E618,blackhole,2,B0:CB:D8:F3:32:19,-42,0,0,0,0,0,0,0,0
246759564,NODE_F42DC973E618,blackhole,2,B0:CB:D8:F3:32:19,-42,0,0,0,0,0,0,0,0
246859567,NODE_F42DC973E618,blackhole,2,B0:CB:D8:F3:32:19,-42,0,0,0,0,0,0,0,0
246959567,NODE_F42DC973E618,blackhole,2,B0:CB:D8:F3:32:19,-42,0,0,0,0,0,0,0,0
247059564,NODE_F42DC973E618,blackhole,2,B0:CB:D8:F3:32:19,-41,0,0,0,0,0,0,0,0
247159571,NODE_F42DC973E618,blackhole,2,B0:CB:D8:F3:32:19,-41,0,0,0,0,0,0,0,0
247259567,NODE_F42DC973E618,blackhole,2,B0:CB:D8:F3:32:19,-41,0,0,0,0,0,0,0,0
247359568,NODE_F42DC973E618,blackhole,2,B0:CB:D8:F3:32:19,-41,0,0,0,0,0,0,0,0
247459567,NODE_F42DC973E618,blackhole,2,B0:CB:D8:F3:32:19,-41,0,0,0,0,0,0,0,0
247559567,NODE_F42DC973E618,blackhole,2,B0:CB:D8:F3:32:19,-41,0,0,0,0,0,0,0,0
247659570,NODE_F42DC973E618,blackhole,2,B0:CB:D8:F3:32:19,-42,0,0,0,0,0,0,0,0
247759567,NODE_F42DC973E618,blackhole,2,B0:CB:D8:F3:32:19,-42,0,0,0,0,0,0,0,0
247859571,NODE_F42DC973E618,blackhole,2,B0:CB:D8:F3:32:19,-42,0,0,0,0,0,0,0,0
247959568,NODE_F42DC973E618,blackhole,2,B0:CB:D8:F3:32:19,-42,0,0,0,0,0,0,0,0
248059563,NODE_F42DC973E618,blackhole,2,B0:CB:D8:F3:32:19,-42,0,0,0,0,0,0,0,0
248159567,NODE_F42DC973E618,blackhole,2,B0:CB:D8:F3:32:19,-42,0,0,0,0,0,0,0,0
248259564,NODE_F42DC973E618,blackhole,2,B0:CB:D8:F3:32:19,-39,0,0,0,0,0,0,0,0
248359567,NODE_F42DC973E618,blackhole,2,B0:CB:D8:F3:32:19,-39,0,0,0,0,0,0,0,0
248459571,NODE_F42DC973E618,blackhole,2,B0:CB:D8:F3:32:19,-39,0,0,0,0,0,0,0,0
248559564,NODE_F42DC973E618,blackhole,2,B0:CB:D8:F3:32:19,-40,0,0,0,0,0,0,0,0
248659567,NODE_F42DC973E618,blackhole,2,B0:CB:D8:F3:32:19,-40,0,0,0,0,0,0,0,0
248759563,NODE_F42DC973E618,blackhole,2,B0:CB:D8:F3:32:19,-40,0,0,0,0,0,0,0,0
248859564,NODE_F42DC973E618,blackhole,2,B0:CB:D8:F3:32:19,-40,0,0,0,0,0,0,0,0
248959567,NODE_F42DC973E618,blackhole,2,B0:CB:D8:F3:32:19,-40,0,0,0,0,0,0,0,0
249059567,NODE_F42DC973E618,blackhole,2,B0:CB:D8:F3:32:19,-40,0,0,0,0,0,0,0,0
249159568,NODE_F42DC973E618,blackhole,2,B0:CB:D8:F3:32:19,-40,0,0,0,0,0,0,0,0
249259563,NODE_F42DC973E618,blackhole,2,B0:CB:D8:F3:32:19,-39,0,0,0,0,0,0,0,0
249359567,NODE_F42DC973E618,blackhole,2,B0:CB:D8:F3:32:19,-39,0,0,0,0,0,0,0,0
249459568,NODE_F42DC973E618,blackhole,2,B0:CB:D8:F3:32:19,-39,0,0,0,0,0,0,0,0
249559563,NODE_F42DC973E618,blackhole,2,B0:CB:D8:F3:32:19,-42,0,0,0,0,0,0,0,0
249659567,NODE_F42DC973E618,blackhole,2,B0:CB:D8:F3:32:19,-42,0,0,0,0,0,0,0,0
249759568,NODE_F42DC973E618,blackhole,2,B0:CB:D8:F3:32:19,-42,0,0,0,0,0,0,0,0
249859567,NODE_F42DC973E618,blackhole,2,B0:CB:D8:F3:32:19,-43,0,0,0,0,0,0,0,0
249959567,NODE_F42DC973E618,blackhole,2,B0:CB:D8:F3:32:19,-43,0,0,0,0,0,0,0,0
250059568,NODE_F42DC973E618,blackhole,2,B0:CB:D8:F3:32:19,-43,0,0,0,0,0,0,0,0
250159567,NODE_F42DC973E618,blackhole,2,B0:CB:D8:F3:32:19,-42,0,0,0,0,0,0,0,0
250259567,NODE_F42DC973E618,blackhole,2,B0:CB:D8:F3:32:19,-42,0,0,0,0,0,0,0,0
250359568,NODE_F42DC973E618,blackhole,2,B0:CB:D8:F3:32:19,-42,0,0,0,0,0,0,0,0
250459571,NODE_F42DC973E618,blackhole,2,B0:CB:D8:F3:32:19,-42,0,0,0,0,0,0,0,0
250559563,NODE_F42DC973E618,blackhole,2,B0:CB:D8:F3:32:19,-42,0,0,0,0,0,0,0,0
250659568,NODE_F42DC973E618,blackhole,2,B0:CB:D8:F3:32:19,-42,0,0,0,0,0,0,0,0
250759563,NODE_F42DC973E618,blackhole,2,B0:CB:D8:F3:32:19,-43,0,0,0,0,0,0,0,0
250859563,NODE_F42DC973E618,blackhole,2,B0:CB:D8:F3:32:19,-43,0,0,0,0,0,0,0,0
250959568,NODE_F42DC973E618,blackhole,2,B0:CB:D8:F3:32:19,-43,0,0,0,0,0,0,0,0
251059563,NODE_F42DC973E618,blackhole,2,B0:CB:D8:F3:32:19,-37,0,0,0,0,0,0,0,0
251159567,NODE_F42DC973E618,blackhole,2,B0:CB:D8:F3:32:19,-37,0,0,0,0,0,0,0,0
251259568,NODE_F42DC973E618,blackhole,2,B0:CB:D8:F3:32:19,-37,0,0,0,0,0,0,0,0
251359567,NODE_F42DC973E618,blackhole,2,B0:CB:D8:F3:32:19,-40,0,0,0,0,0,0,0,0
251459563,NODE_F42DC973E618,blackhole,2,B0:CB:D8:F3:32:19,-40,0,0,0,0,0,0,0,0
251559568,NODE_F42DC973E618,blackhole,2,B0:CB:D8:F3:32:19,-40,0,0,0,0,0,0,0,0
251659567,NODE_F42DC973E618,blackhole,2,B0:CB:D8:F3:32:19,-40,0,0,0,0,0,0,0,0
251759563,NODE_F42DC973E618,blackhole,2,B0:CB:D8:F3:32:19,-40,0,0,0,0,0,0,0,0
251859568,NODE_F42DC973E618,blackhole,2,B0:CB:D8:F3:32:19,-40,0,0,0,0,0,0,0,0
251959567,NODE_F42DC973E618,blackhole,2,B0:CB:D8:F3:32:19,-43,0,0,0,0,0,0,0,0
252059563,NODE_F42DC973E618,blackhole,2,B0:CB:D8:F3:32:19,-43,0,0,0,0,0,0,0,0
252159568,NODE_F42DC973E618,blackhole,2,B0:CB:D8:F3:32:19,-43,0,0,0,0,0,0,0,0
252259563,NODE_F42DC973E618,blackhole,2,B0:CB:D8:F3:32:19,-38,0,0,0,0,0,0,0,0
252359560,NODE_F42DC973E618,blackhole,2,B0:CB:D8:F3:32:19,-38,0,0,0,0,0,0,0,0
252459572,NODE_F42DC973E618,blackhole,2,B0:CB:D8:F3:32:19,-38,0,0,0,0,0,0,0,0
252559563,NODE_F42DC973E618,blackhole,2,B0:CB:D8:F3:32:19,-42,0,0,0,0,0,0,0,0
252659564,NODE_F42DC973E618,blackhole,2,B0:CB:D8:F3:32:19,-42,0,0,0,0,0,0,0,0
252759568,NODE_F42DC973E618,blackhole,2,B0:CB:D8:F3:32:19,-42,0,0,0,0,0,0,0,0
252860327,NODE_F42DC973E618,blackhole,2,B0:CB:D8:F3:32:19,-38,0,0,0,0,0,0,0,0
252959563,NODE_F42DC973E618,blackhole,2,B0:CB:D8:F3:32:19,-38,0,0,0,0,0,0,0,0
253059568,NODE_F42DC973E618,blackhole,2,B0:CB:D8:F3:32:19,-38,0,0,0,0,0,0,0,0
253159571,NODE_F42DC973E618,blackhole,2,B0:CB:D8:F3:32:19,-38,0,0,0,0,0,0,0,0
253259563,NODE_F42DC973E618,blackhole,2,B0:CB:D8:F3:32:19,-42,0,0,0,0,0,0,0,0
253359564,NODE_F42DC973E618,blackhole,2,B0:CB:D8:F3:32:19,-42,0,0,0,0,0,0,0,0
253459567,NODE_F42DC973E618,blackhole,2,B0:CB:D8:F3:32:19,-42,0,0,0,0,0,0,0,0
253559563,NODE_F42DC973E618,blackhole,2,B0:CB:D8:F3:32:19,-42,0,0,0,0,0,0,0,0
253659568,NODE_F42DC973E618,blackhole,2,B0:CB:D8:F3:32:19,-42,0,0,0,0,0,0,0,0
253759567,NODE_F42DC973E618,blackhole,2,B0:CB:D8:F3:32:19,-42,0,0,0,0,0,0,0,0
253859567,NODE_F42DC973E618,blackhole,2,B0:CB:D8:F3:32:19,-41,0,0,0,0,0,0,0,0
253959568,NODE_F42DC973E618,blackhole,2,B0:CB:D8:F3:32:19,-38,0,0,0,0,0,0,0,0
254059575,NODE_F42DC973E618,blackhole,2,B0:CB:D8:F3:32:19,-43,0,0,0,0,0,0,0,0
254159567,NODE_F42DC973E618,blackhole,2,B0:CB:D8:F3:32:19,-42,0,0,0,0,0,0,0,0
254259564,NODE_F42DC973E618,blackhole,2,B0:CB:D8:F3:32:19,-43,0,0,0,0,0,0,0,0
254359567,NODE_F42DC973E618,blackhole,2,B0:CB:D8:F3:32:19,-38,0,0,0,0,0,0,0,0
254459567,NODE_F42DC973E618,blackhole,2,B0:CB:D8:F3:32:19,-43,0,0,0,0,0,0,0,0
254559564,NODE_F42DC973E618,blackhole,2,B0:CB:D8:F3:32:19,-39,0,0,0,0,0,0,0,0
254659567,NODE_F42DC973E618,blackhole,2,B0:CB:D8:F3:32:19,-39,0,0,0,0,0,0,0,0
254759567,NODE_F42DC973E618,blackhole,2,B0:CB:D8:F3:32:19,-42,0,0,0,0,0,0,0,0
254859568,NODE_F42DC973E618,blackhole,2,B0:CB:D8:F3:32:19,-38,0,0,0,0,0,0,0,0
254959571,NODE_F42DC973E618,blackhole,2,B0:CB:D8:F3:32:19,-39,0,0,0,0,0,0,0,0
255059567,NODE_F42DC973E618,blackhole,2,B0:CB:D8:F3:32:19,-42,0,0,0,0,0,0,0,0
255159568,NODE_F42DC973E618,blackhole,2,B0:CB:D8:F3:32:19,-40,0,0,0,0,0,0,0,0
255259567,NODE_F42DC973E618,blackhole,2,B0:CB:D8:F3:32:19,-42,0,0,0,0,0,0,0,0
255359567,NODE_F42DC973E618,blackhole,2,B0:CB:D8:F3:32:19,-39,0,0,0,0,0,0,0,0
255459568,NODE_F42DC973E618,blackhole,2,B0:CB:D8:F3:32:19,-39,0,0,0,0,0,0,0,0
255559567,NODE_F42DC973E618,blackhole,2,B0:CB:D8:F3:32:19,-39,0,0,0,0,0,0,0,0
255659567,NODE_F42DC973E618,blackhole,2,B0:CB:D8:F3:32:19,-39,0,0,0,0,0,0,0,0
255759568,NODE_F42DC973E618,blackhole,2,B0:CB:D8:F3:32:19,-39,0,0,0,0,0,0,0,0
255859567,NODE_F42DC973E618,blackhole,2,B0:CB:D8:F3:32:19,-42,0,0,0,0,0,0,0,0
255959571,NODE_F42DC973E618,blackhole,2,B0:CB:D8:F3:32:19,-43,0,0,0,0,0,0,0,0
256059568,NODE_F42DC973E618,blackhole,2,B0:CB:D8:F3:32:19,-41,0,0,0,0,0,0,0,0
256159571,NODE_F42DC973E618,blackhole,2,B0:CB:D8:F3:32:19,-42,0,0,0,0,0,0,0,0
256259567,NODE_F42DC973E618,blackhole,2,B0:CB:D8:F3:32:19,-39,0,0,0,0,0,0,0,0
256359568,NODE_F42DC973E618,blackhole,2,B0:CB:D8:F3:32:19,-38,0,0,0,0,0,0,0,0
256459571,NODE_F42DC973E618,blackhole,2,B0:CB:D8:F3:32:19,-42,0,0,0,0,0,0,0,0
256559567,NODE_F42DC973E618,blackhole,2,B0:CB:D8:F3:32:19,-42,0,0,0,0,0,0,0,0
256659568,NODE_F42DC973E618,blackhole,2,B0:CB:D8:F3:32:19,-42,0,0,0,0,0,0,0,0
256759567,NODE_F42DC973E618,blackhole,2,B0:CB:D8:F3:32:19,-39,0,0,0,0,0,0,0,0
256859567,NODE_F42DC973E618,blackhole,2,B0:CB:D8:F3:32:19,-42,0,0,0,0,0,0,0,0
256959568,NODE_F42DC973E618,blackhole,2,B0:CB:D8:F3:32:19,-39,0,0,0,0,0,0,0,0
257059567,NODE_F42DC973E618,blackhole,2,B0:CB:D8:F3:32:19,-38,0,0,0,0,0,0,0,0
257159567,NODE_F42DC973E618,blackhole,2,B0:CB:D8:F3:32:19,-38,0,0,0,0,0,0,0,0
257259740,NODE_F42DC973E618,blackhole,2,B0:CB:D8:F3:32:19,-41,0,0,0,0,0,0,0,0
257360291,NODE_F42DC973E618,blackhole,2,B0:CB:D8:F3:32:19,-41,0,0,0,0,0,0,0,0
257468625,NODE_F42DC973E618,blackhole,2,B0:CB:D8:F3:32:19,-43,0,0,0,0,0,0,0,0
257559556,NODE_F42DC973E618,blackhole,2,B0:CB:D8:F3:32:19,-43,0,0,0,0,0,0,0,0
257670938,NODE_F42DC973E618,blackhole,2,B0:CB:D8:F3:32:19,-38,0,0,0,0,0,0,0,0
257759571,NODE_F42DC973E618,blackhole,2,B0:CB:D8:F3:32:19,-38,0,0,0,0,0,0,0,0
257859568,NODE_F42DC973E618,blackhole,2,B0:CB:D8:F3:32:19,-43,0,0,0,0,0,0,0,0
257959571,NODE_F42DC973E618,blackhole,2,B0:CB:D8:F3:32:19,-42,0,0,0,0,0,0,0,0
258059567,NODE_F42DC973E618,blackhole,2,B0:CB:D8:F3:32:19,-42,0,0,0,0,0,0,0,0
258159568,NODE_F42DC973E618,blackhole,2,B0:CB:D8:F3:32:19,-42,0,0,0,0,0,0,0,0
258259567,NODE_F42DC973E618,blackhole,2,B0:CB:D8:F3:32:19,-38,0,0,0,0,0,0,0,0
258359567,NODE_F42DC973E618,blackhole,2,B0:CB:D8:F3:32:19,-39,0,0,0,0,0,0,0,0
258459568,NODE_F42DC973E618,blackhole,2,B0:CB:D8:F3:32:19,-43,0,0,0,0,0,0,0,0
258559567,NODE_F42DC973E618,blackhole,2,B0:CB:D8:F3:32:19,-39,0,0,0,0,0,0,0,0
258659567,NODE_F42DC973E618,blackhole,2,B0:CB:D8:F3:32:19,-42,0,0,0,0,0,0,0,0
258759568,NODE_F42DC973E618,blackhole,2,B0:CB:D8:F3:32:19,-40,0,0,0,0,0,0,0,0
258859567,NODE_F42DC973E618,blackhole,2,B0:CB:D8:F3:32:19,-43,0,0,0,0,0,0,0,0
258959571,NODE_F42DC973E618,blackhole,2,B0:CB:D8:F3:32:19,-39,0,0,0,0,0,0,0,0
259059568,NODE_F42DC973E618,blackhole,2,B0:CB:D8:F3:32:19,-42,0,0,0,0,0,0,0,0
259159567,NODE_F42DC973E618,blackhole,2,B0:CB:D8:F3:32:19,-39,0,0,0,0,0,0,0,0
259259567,NODE_F42DC973E618,blackhole,2,B0:CB:D8:F3:32:19,-42,0,0,0,0,0,0,0,0
259359569,NODE_F42DC973E618,blackhole,2,B0:CB:D8:F3:32:19,-39,0,0,0,0,0,0,0,0
259459567,NODE_F42DC973E618,blackhole,2,B0:CB:D8:F3:32:19,-43,0,0,0,0,0,0,0,0
259559567,NODE_F42DC973E618,blackhole,2,B0:CB:D8:F3:32:19,-38,0,0,0,0,0,0,0,0
259659568,NODE_F42DC973E618,blackhole,2,B0:CB:D8:F3:32:19,-42,0,0,0,0,0,0,0,0
259759567,NODE_F42DC973E618,blackhole,2,B0:CB:D8:F3:32:19,-38,0,0,0,0,0,0,0,0
259859567,NODE_F42DC973E618,blackhole,2,B0:CB:D8:F3:32:19,-42,0,0,0,0,0,0,0,0
259959572,NODE_F42DC973E618,blackhole,2,B0:CB:D8:F3:32:19,-42,0,0,0,0,0,0,0,0
260059567,NODE_F42DC973E618,blackhole,2,B0:CB:D8:F3:32:19,-42,0,0,0,0,0,0,0,0
260159567,NODE_F42DC973E618,blackhole,2,B0:CB:D8:F3:32:19,-43,0,0,0,0,0,0,0,0
260259564,NODE_F42DC973E618,blackhole,2,B0:CB:D8:F3:32:19,-42,0,0,0,0,0,0,0,0
260359567,NODE_F42DC973E618,blackhole,2,B0:CB:D8:F3:32:19,-43,0,0,0,0,0,0,0,0
260459567,NODE_F42DC973E618,blackhole,2,B0:CB:D8:F3:32:19,-42,0,0,0,0,0,0,0,0
260559564,NODE_F42DC973E618,blackhole,2,B0:CB:D8:F3:32:19,-42,0,0,0,0,0,0,0,0
260659567,NODE_F42DC973E618,blackhole,2,B0:CB:D8:F3:32:19,-43,0,0,0,0,0,0,0,0
260759567,NODE_F42DC973E618,blackhole,2,B0:CB:D8:F3:32:19,-39,0,0,0,0,0,0,0,0
260859568,NODE_F42DC973E618,blackhole,2,B0:CB:D8:F3:32:19,-41,0,0,0,0,0,0,0,0
260959571,NODE_F42DC973E618,blackhole,2,B0:CB:D8:F3:32:19,-39,0,0,0,0,0,0,0,0
261059567,NODE_F42DC973E618,blackhole,2,B0:CB:D8:F3:32:19,-42,0,0,0,0,0,0,0,0
261159568,NODE_F42DC973E618,blackhole,2,B0:CB:D8:F3:32:19,-43,0,0,0,0,0,0,0,0
261259567,NODE_F42DC973E618,blackhole,2,B0:CB:D8:F3:32:19,-40,0,0,0,0,0,0,0,0
261359567,NODE_F42DC973E618,blackhole,2,B0:CB:D8:F3:32:19,-39,0,0,0,0,0,0,0,0
261459568,NODE_F42DC973E618,blackhole,2,B0:CB:D8:F3:32:19,-42,0,0,0,0,0,0,0,0
261560333,NODE_F42DC973E618,blackhole,2,B0:CB:D8:F3:32:19,-38,0,0,0,0,0,0,0,0
261659563,NODE_F42DC973E618,blackhole,2,B0:CB:D8:F3:32:19,-38,0,0,0,0,0,0,0,0
261759568,NODE_F42DC973E618,blackhole,2,B0:CB:D8:F3:32:19,-39,0,0,0,0,0,0,0,0
261859567,NODE_F42DC973E618,blackhole,2,B0:CB:D8:F3:32:19,-42,0,0,0,0,0,0,0,0
261959567,NODE_F42DC973E618,blackhole,2,B0:CB:D8:F3:32:19,-38,0,0,0,0,0,0,0,0
262059568,NODE_F42DC973E618,blackhole,2,B0:CB:D8:F3:32:19,-39,0,0,0,0,0,0,0,0
262159567,NODE_F42DC973E618,blackhole,2,B0:CB:D8:F3:32:19,-37,0,0,0,0,0,0,0,0
262259563,NODE_F42DC973E618,blackhole,2,B0:CB:D8:F3:32:19,-42,0,0,0,0,0,0,0,0
262359568,NODE_F42DC973E618,blackhole,2,B0:CB:D8:F3:32:19,-39,0,0,0,0,0,0,0,0
262459567,NODE_F42DC973E618,blackhole,2,B0:CB:D8:F3:32:19,-43,0,0,0,0,0,0,0,0
262559567,NODE_F42DC973E618,blackhole,2,B0:CB:D8:F3:32:19,-38,0,0,0,0,0,0,0,0
262659568,NODE_F42DC973E618,blackhole,2,B0:CB:D8:F3:32:19,-38,0,0,0,0,0,0,0,0
262759567,NODE_F42DC973E618,blackhole,2,B0:CB:D8:F3:32:19,-39,0,0,0,0,0,0,0,0
262859567,NODE_F42DC973E618,blackhole,2,B0:CB:D8:F3:32:19,-38,0,0,0,0,0,0,0,0
262959572,NODE_F42DC973E618,blackhole,2,B0:CB:D8:F3:32:19,-39,0,0,0,0,0,0,0,0
263059567,NODE_F42DC973E618,blackhole,2,B0:CB:D8:F3:32:19,-39,0,0,0,0,0,0,0,0
263159567,NODE_F42DC973E618,blackhole,2,B0:CB:D8:F3:32:19,-42,0,0,0,0,0,0,0,0
263259568,NODE_F42DC973E618,blackhole,2,B0:CB:D8:F3:32:19,-39,0,0,0,0,0,0,0,0
263359567,NODE_F42DC973E618,blackhole,2,B0:CB:D8:F3:32:19,-39,0,0,0,0,0,0,0,0
263459567,NODE_F42DC973E618,blackhole,2,B0:CB:D8:F3:32:19,-39,0,0,0,0,0,0,0,0
263559568,NODE_F42DC973E618,blackhole,2,B0:CB:D8:F3:32:19,-42,0,0,0,0,0,0,0,0
263659567,NODE_F42DC973E618,blackhole,2,B0:CB:D8:F3:32:19,-42,0,0,0,0,0,0,0,0
263759567,NODE_F42DC973E618,blackhole,2,B0:CB:D8:F3:32:19,-42,0,0,0,0,0,0,0,0
263859568,NODE_F42DC973E618,blackhole,2,B0:CB:D8:F3:32:19,-43,0,0,0,0,0,0,0,0
263959571,NODE_F42DC973E618,blackhole,2,B0:CB:D8:F3:32:19,-43,0,0,0,0,0,0,0,0
264059563,NODE_F42DC973E618,blackhole,2,B0:CB:D8:F3:32:19,-43,0,0,0,0,0,0,0,0
264159568,NODE_F42DC973E618,blackhole,2,B0:CB:D8:F3:32:19,-39,0,0,0,0,0,0,0,0
264259559,NODE_F42DC973E618,blackhole,2,B0:CB:D8:F3:32:19,-39,0,0,0,0,0,0,0,0
264359563,NODE_F42DC973E618,blackhole,2,B0:CB:D8:F3:32:19,-39,0,0,0,0,0,0,0,0
264459568,NODE_F42DC973E618,blackhole,2,B0:CB:D8:F3:32:19,-42,0,0,0,0,0,0,0,0
264559559,NODE_F42DC973E618,blackhole,2,B0:CB:D8:F3:32:19,-42,0,0,0,0,0,0,0,0
264659563,NODE_F42DC973E618,blackhole,2,B0:CB:D8:F3:32:19,-42,0,0,0,0,0,0,0,0
264759568,NODE_F42DC973E618,blackhole,2,B0:CB:D8:F3:32:19,-43,0,0,0,0,0,0,0,0
264859567,NODE_F42DC973E618,blackhole,2,B0:CB:D8:F3:32:19,-43,0,0,0,0,0,0,0,0
264959567,NODE_F42DC973E618,blackhole,2,B0:CB:D8:F3:32:19,-43,0,0,0,0,0,0,0,0
265059568,NODE_F42DC973E618,blackhole,2,B0:CB:D8:F3:32:19,-40,0,0,0,0,0,0,0,0
265159567,NODE_F42DC973E618,blackhole,2,B0:CB:D8:F3:32:19,-40,0,0,0,0,0,0,0,0
265259563,NODE_F42DC973E618,blackhole,2,B0:CB:D8:F3:32:19,-40,0,0,0,0,0,0,0,0
265359568,NODE_F42DC973E618,blackhole,2,B0:CB:D8:F3:32:19,-42,0,0,0,0,0,0,0,0
265459567,NODE_F42DC973E618,blackhole,2,B0:CB:D8:F3:32:19,-42,0,0,0,0,0,0,0,0
265559559,NODE_F42DC973E618,blackhole,2,B0:CB:D8:F3:32:19,-42,0,0,0,0,0,0,0,0
265659568,NODE_F42DC973E618,blackhole,2,B0:CB:D8:F3:32:19,-40,0,0,0,0,0,0,0,0
265759563,NODE_F42DC973E618,blackhole,2,B0:CB:D8:F3:32:19,-40,0,0,0,0,0,0,0,0
265859559,NODE_F42DC973E618,blackhole,2,B0:CB:D8:F3:32:19,-40,0,0,0,0,0,0,0,0
265959564,NODE_F42DC973E618,blackhole,2,B0:CB:D8:F3:32:19,-40,0,0,0,0,0,0,0,0
266059567,NODE_F42DC973E618,blackhole,2,B0:CB:D8:F3:32:19,-38,0,0,0,0,0,0,0,0
266159563,NODE_F42DC973E618,blackhole,2,B0:CB:D8:F3:32:19,-38,0,0,0,0,0,0,0,0
266259564,NODE_F42DC973E618,blackhole,2,B0:CB:D8:F3:32:19,-38,0,0,0,0,0,0,0,0
266359567,NODE_F42DC973E618,blackhole,2,B0:CB:D8:F3:32:19,-42,0,0,0,0,0,0,0,0
266459563,NODE_F42DC973E618,blackhole,2,B0:CB:D8:F3:32:19,-42,0,0,0,0,0,0,0,0
266559568,NODE_F42DC973E618,blackhole,2,B0:CB:D8:F3:32:19,-42,0,0,0,0,0,0,0,0
266659567,NODE_F42DC973E618,blackhole,2,B0:CB:D8:F3:32:19,-39,0,0,0,0,0,0,0,0
266759559,NODE_F42DC973E618,blackhole,2,B0:CB:D8:F3:32:19,-39,0,0,0,0,0,0,0,0
266859564,NODE_F42DC973E618,blackhole,2,B0:CB:D8:F3:32:19,-39,0,0,0,0,0,0,0,0
266959571,NODE_F42DC973E618,blackhole,2,B0:CB:D8:F3:32:19,-37,0,0,0,0,0,0,0,0
267059559,NODE_F42DC973E618,blackhole,2,B0:CB:D8:F3:32:19,-37,0,0,0,0,0,0,0,0
267159564,NODE_F42DC973E618,blackhole,2,B0:CB:D8:F3:32:19,-37,0,0,0,0,0,0,0,0
267259567,NODE_F42DC973E618,blackhole,2,B0:CB:D8:F3:32:19,-42,0,0,0,0,0,0,0,0
267359567,NODE_F42DC973E618,blackhole,2,B0:CB:D8:F3:32:19,-42,0,0,0,0,0,0,0,0
267459564,NODE_F42DC973E618,blackhole,2,B0:CB:D8:F3:32:19,-42,0,0,0,0,0,0,0,0
267559567,NODE_F42DC973E618,blackhole,2,B0:CB:D8:F3:32:19,-39,0,0,0,0,0,0,0,0
267659567,NODE_F42DC973E618,blackhole,2,B0:CB:D8:F3:32:19,-39,0,0,0,0,0,0,0,0
267759564,NODE_F42DC973E618,blackhole,2,B0:CB:D8:F3:32:19,-39,0,0,0,0,0,0,0,0
267859567,NODE_F42DC973E618,blackhole,2,B0:CB:D8:F3:32:19,-40,0,0,0,0,0,0,0,0
267959571,NODE_F42DC973E618,blackhole,2,B0:CB:D8:F3:32:19,-40,0,0,0,0,0,0,0,0
268059564,NODE_F42DC973E618,blackhole,2,B0:CB:D8:F3:32:19,-40,0,0,0,0,0,0,0,0
268159567,NODE_F42DC973E618,blackhole,2,B0:CB:D8:F3:32:19,-40,0,0,0,0,0,0,0,0
268259559,NODE_F42DC973E618,blackhole,2,B0:CB:D8:F3:32:19,-40,0,0,0,0,0,0,0,0
268359564,NODE_F42DC973E618,blackhole,2,B0:CB:D8:F3:32:19,-40,0,0,0,0,0,0,0,0
268459567,NODE_F42DC973E618,blackhole,2,B0:CB:D8:F3:32:19,-40,0,0,0,0,0,0,0,0
268559567,NODE_F42DC973E618,blackhole,2,B0:CB:D8:F3:32:19,-40,0,0,0,0,0,0,0,0
268659564,NODE_F42DC973E618,blackhole,2,B0:CB:D8:F3:32:19,-40,0,0,0,0,0,0,0,0
268759567,NODE_F42DC973E618,blackhole,2,B0:CB:D8:F3:32:19,-43,0,0,0,0,0,0,0,0
268859563,NODE_F42DC973E618,blackhole,2,B0:CB:D8:F3:32:19,-43,0,0,0,0,0,0,0,0
268959572,NODE_F42DC973E618,blackhole,2,B0:CB:D8:F3:32:19,-43,0,0,0,0,0,0,0,0
269059567,NODE_F42DC973E618,blackhole,2,B0:CB:D8:F3:32:19,-43,0,0,0,0,0,0,0,0
269159567,NODE_F42DC973E618,blackhole,2,B0:CB:D8:F3:32:19,-43,0,0,0,0,0,0,0,0
269259568,NODE_F42DC973E618,blackhole,2,B0:CB:D8:F3:32:19,-42,0,0,0,0,0,0,0,0
269359571,NODE_F42DC973E618,blackhole,2,B0:CB:D8:F3:32:19,-43,0,0,0,0,0,0,0,0
269459571,NODE_F42DC973E618,blackhole,2,B0:CB:D8:F3:32:19,-39,0,0,0,0,0,0,0,0
269559568,NODE_F42DC973E618,blackhole,2,B0:CB:D8:F3:32:19,-39,0,0,0,0,0,0,0,0
269659567,NODE_F42DC973E618,blackhole,2,B0:CB:D8:F3:32:19,-39,0,0,0,0,0,0,0,0
269759567,NODE_F42DC973E618,blackhole,2,B0:CB:D8:F3:32:19,-39,0,0,0,0,0,0,0,0
269859568,NODE_F42DC973E618,blackhole,2,B0:CB:D8:F3:32:19,-42,0,0,0,0,0,0,0,0
269959567,NODE_F42DC973E618,blackhole,2,B0:CB:D8:F3:32:19,-42,0,0,0,0,0,0,0,0
270059567,NODE_F42DC973E618,blackhole,2,B0:CB:D8:F3:32:19,-42,0,0,0,0,0,0,0,0
270159756,NODE_F42DC973E618,blackhole,2,B0:CB:D8:F3:32:19,-43,0,0,0,0,0,0,0,0
270259567,NODE_F42DC973E618,blackhole,2,B0:CB:D8:F3:32:19,-37,0,0,0,0,0,0,0,0
270359575,NODE_F42DC973E618,blackhole,2,B0:CB:D8:F3:32:19,-39,0,0,0,0,0,0,0,0
270459564,NODE_F42DC973E618,blackhole,2,B0:CB:D8:F3:32:19,-39,0,0,0,0,0,0,0,0
270559567,NODE_F42DC973E618,blackhole,2,B0:CB:D8:F3:32:19,-42,0,0,0,0,0,0,0,0
270659567,NODE_F42DC973E618,blackhole,2,B0:CB:D8:F3:32:19,-42,0,0,0,0,0,0,0,0
270759568,NODE_F42DC973E618,blackhole,2,B0:CB:D8:F3:32:19,-42,0,0,0,0,0,0,0,0
270859567,NODE_F42DC973E618,blackhole,2,B0:CB:D8:F3:32:19,-42,0,0,0,0,0,0,0,0
270959571,NODE_F42DC973E618,blackhole,2,B0:CB:D8:F3:32:19,-38,0,0,0,0,0,0,0,0
271059568,NODE_F42DC973E618,blackhole,2,B0:CB:D8:F3:32:19,-39,0,0,0,0,0,0,0,0
271159567,NODE_F42DC973E618,blackhole,2,B0:CB:D8:F3:32:19,-39,0,0,0,0,0,0,0,0
271259571,NODE_F42DC973E618,blackhole,2,B0:CB:D8:F3:32:19,-42,0,0,0,0,0,0,0,0
271359568,NODE_F42DC973E618,blackhole,2,B0:CB:D8:F3:32:19,-42,0,0,0,0,0,0,0,0
271459571,NODE_F42DC973E618,blackhole,2,B0:CB:D8:F3:32:19,-42,0,0,0,0,0,0,0,0
271559571,NODE_F42DC973E618,blackhole,2,B0:CB:D8:F3:32:19,-42,0,0,0,0,0,0,0,0
271659568,NODE_F42DC973E618,blackhole,2,B0:CB:D8:F3:32:19,-43,0,0,0,0,0,0,0,0
271759567,NODE_F42DC973E618,blackhole,2,B0:CB:D8:F3:32:19,-39,0,0,0,0,0,0,0,0
271859567,NODE_F42DC973E618,blackhole,2,B0:CB:D8:F3:32:19,-40,0,0,0,0,0,0,0,0
271959572,NODE_F42DC973E618,blackhole,2,B0:CB:D8:F3:32:19,-42,0,0,0,0,0,0,0,0
272059567,NODE_F42DC973E618,blackhole,2,B0:CB:D8:F3:32:19,-38,0,0,0,0,0,0,0,0
272159567,NODE_F42DC973E618,blackhole,2,B0:CB:D8:F3:32:19,-41,0,0,0,0,0,0,0,0
272259564,NODE_F42DC973E618,blackhole,2,B0:CB:D8:F3:32:19,-39,0,0,0,0,0,0,0,0
272359567,NODE_F42DC973E618,blackhole,2,B0:CB:D8:F3:32:19,-42,0,0,0,0,0,0,0,0
272459567,NODE_F42DC973E618,blackhole,2,B0:CB:D8:F3:32:19,-38,0,0,0,0,0,0,0,0
272559564,NODE_F42DC973E618,blackhole,2,B0:CB:D8:F3:32:19,-42,0,0,0,0,0,0,0,0
272659567,NODE_F42DC973E618,blackhole,2,B0:CB:D8:F3:32:19,-38,0,0,0,0,0,0,0,0
272759567,NODE_F42DC973E618,blackhole,2,B0:CB:D8:F3:32:19,-39,0,0,0,0,0,0,0,0
272859568,NODE_F42DC973E618,blackhole,2,B0:CB:D8:F3:32:19,-43,0,0,0,0,0,0,0,0
272959571,NODE_F42DC973E618,blackhole,2,B0:CB:D8:F3:32:19,-38,0,0,0,0,0,0,0,0
273059567,NODE_F42DC973E618,blackhole,2,B0:CB:D8:F3:32:19,-40,0,0,0,0,0,0,0,0
273159568,NODE_F42DC973E618,blackhole,2,B0:CB:D8:F3:32:19,-42,0,0,0,0,0,0,0,0
273259567,NODE_F42DC973E618,blackhole,2,B0:CB:D8:F3:32:19,-42,0,0,0,0,0,0,0,0
273359567,NODE_F42DC973E618,blackhole,2,B0:CB:D8:F3:32:19,-41,0,0,0,0,0,0,0,0
273459568,NODE_F42DC973E618,blackhole,2,B0:CB:D8:F3:32:19,-42,0,0,0,0,0,0,0,0
273559567,NODE_F42DC973E618,blackhole,2,B0:CB:D8:F3:32:19,-42,0,0,0,0,0,0,0,0
273659567,NODE_F42DC973E618,blackhole,2,B0:CB:D8:F3:32:19,-38,0,0,0,0,0,0,0,0
273759564,NODE_F42DC973E618,blackhole,2,B0:CB:D8:F3:32:19,-42,0,0,0,0,0,0,0,0
273859567,NODE_F42DC973E618,blackhole,2,B0:CB:D8:F3:32:19,-39,0,0,0,0,0,0,0,0
273960004,NODE_F42DC973E618,blackhole,2,B0:CB:D8:F3:32:19,-38,0,0,0,0,0,0,0,0
274059568,NODE_F42DC973E618,blackhole,2,B0:CB:D8:F3:32:19,-39,0,0,0,0,0,0,0,0
274160259,NODE_F42DC973E618,blackhole,2,B0:CB:D8:F3:32:19,-39,0,0,0,0,0,0,0,0
274259567,NODE_F42DC973E618,blackhole,2,B0:CB:D8:F3:32:19,-38,0,0,0,0,0,0,0,0
274360327,NODE_F42DC973E618,blackhole,2,B0:CB:D8:F3:32:19,-41,0,0,0,0,0,0,0,0
274459563,NODE_F42DC973E618,blackhole,2,B0:CB:D8:F3:32:19,-41,0,0,0,0,0,0,0,0
274559567,NODE_F42DC973E618,blackhole,2,B0:CB:D8:F3:32:19,-43,0,0,0,0,0,0,0,0
274659568,NODE_F42DC973E618,blackhole,2,B0:CB:D8:F3:32:19,-42,0,0,0,0,0,0,0,0
274759567,NODE_F42DC973E618,blackhole,2,B0:CB:D8:F3:32:19,-41,0,0,0,0,0,0,0,0
274859567,NODE_F42DC973E618,blackhole,2,B0:CB:D8:F3:32:19,-42,0,0,0,0,0,0,0,0
274959572,NODE_F42DC973E618,blackhole,2,B0:CB:D8:F3:32:19,-43,0,0,0,0,0,0,0,0
275059567,NODE_F42DC973E618,blackhole,2,B0:CB:D8:F3:32:19,-42,0,0,0,0,0,0,0,0
275159567,NODE_F42DC973E618,blackhole,2,B0:CB:D8:F3:32:19,-39,0,0,0,0,0,0,0,0
275259568,NODE_F42DC973E618,blackhole,2,B0:CB:D8:F3:32:19,-43,0,0,0,0,0,0,0,0
275359567,NODE_F42DC973E618,blackhole,2,B0:CB:D8:F3:32:19,-39,0,0,0,0,0,0,0,0
275459567,NODE_F42DC973E618,blackhole,2,B0:CB:D8:F3:32:19,-38,0,0,0,0,0,0,0,0
275559568,NODE_F42DC973E618,blackhole,2,B0:CB:D8:F3:32:19,-38,0,0,0,0,0,0,0,0
275659567,NODE_F42DC973E618,blackhole,2,B0:CB:D8:F3:32:19,-41,0,0,0,0,0,0,0,0
275759567,NODE_F42DC973E618,blackhole,2,B0:CB:D8:F3:32:19,-40,0,0,0,0,0,0,0,0
275859568,NODE_F42DC973E618,blackhole,2,B0:CB:D8:F3:32:19,-43,0,0,0,0,0,0,0,0
275959571,NODE_F42DC973E618,blackhole,2,B0:CB:D8:F3:32:19,-39,0,0,0,0,0,0,0,0
276059567,NODE_F42DC973E618,blackhole,2,B0:CB:D8:F3:32:19,-39,0,0,0,0,0,0,0,0
276159568,NODE_F42DC973E618,blackhole,2,B0:CB:D8:F3:32:19,-39,0,0,0,0,0,0,0,0
276259567,NODE_F42DC973E618,blackhole,2,B0:CB:D8:F3:32:19,-42,0,0,0,0,0,0,0,0
276359567,NODE_F42DC973E618,blackhole,2,B0:CB:D8:F3:32:19,-43,0,0,0,0,0,0,0,0
276459568,NODE_F42DC973E618,blackhole,2,B0:CB:D8:F3:32:19,-39,0,0,0,0,0,0,0,0
276559567,NODE_F42DC973E618,blackhole,2,B0:CB:D8:F3:32:19,-43,0,0,0,0,0,0,0,0
276659567,NODE_F42DC973E618,blackhole,2,B0:CB:D8:F3:32:19,-38,0,0,0,0,0,0,0,0
276759568,NODE_F42DC973E618,blackhole,2,B0:CB:D8:F3:32:19,-43,0,0,0,0,0,0,0,0
276859567,NODE_F42DC973E618,blackhole,2,B0:CB:D8:F3:32:19,-38,0,0,0,0,0,0,0,0
276959571,NODE_F42DC973E618,blackhole,2,B0:CB:D8:F3:32:19,-42,0,0,0,0,0,0,0,0
277059568,NODE_F42DC973E618,blackhole,2,B0:CB:D8:F3:32:19,-39,0,0,0,0,0,0,0,0
277159567,NODE_F42DC973E618,blackhole,2,B0:CB:D8:F3:32:19,-39,0,0,0,0,0,0,0,0
277259567,NODE_F42DC973E618,blackhole,2,B0:CB:D8:F3:32:19,-38,0,0,0,0,0,0,0,0
277359568,NODE_F42DC973E618,blackhole,2,B0:CB:D8:F3:32:19,-38,0,0,0,0,0,0,0,0
277459567,NODE_F42DC973E618,blackhole,2,B0:CB:D8:F3:32:19,-43,0,0,0,0,0,0,0,0
277559567,NODE_F42DC973E618,blackhole,2,B0:CB:D8:F3:32:19,-39,0,0,0,0,0,0,0,0
277659568,NODE_F42DC973E618,blackhole,2,B0:CB:D8:F3:32:19,-39,0,0,0,0,0,0,0,0
277759567,NODE_F42DC973E618,blackhole,2,B0:CB:D8:F3:32:19,-42,0,0,0,0,0,0,0,0
277859567,NODE_F42DC973E618,blackhole,2,B0:CB:D8:F3:32:19,-39,0,0,0,0,0,0,0,0
277959572,NODE_F42DC973E618,blackhole,2,B0:CB:D8:F3:32:19,-38,0,0,0,0,0,0,0,0
278059567,NODE_F42DC973E618,blackhole,2,B0:CB:D8:F3:32:19,-38,0,0,0,0,0,0,0,0
278159567,NODE_F42DC973E618,blackhole,2,B0:CB:D8:F3:32:19,-40,0,0,0,0,0,0,0,0
278259568,NODE_F42DC973E618,blackhole,2,B0:CB:D8:F3:32:19,-42,0,0,0,0,0,0,0,0
278359567,NODE_F42DC973E618,blackhole,2,B0:CB:D8:F3:32:19,-42,0,0,0,0,0,0,0,0
278459567,NODE_F42DC973E618,blackhole,2,B0:CB:D8:F3:32:19,-42,0,0,0,0,0,0,0,0
278559578,NODE_F42DC973E618,blackhole,2,B0:CB:D8:F3:32:19,-42,0,0,0,0,0,0,0,0
278659567,NODE_F42DC973E618,blackhole,2,B0:CB:D8:F3:32:19,-43,0,0,0,0,0,0,0,0
278759563,NODE_F42DC973E618,blackhole,2,B0:CB:D8:F3:32:19,-43,0,0,0,0,0,0,0,0
278859568,NODE_F42DC973E618,blackhole,2,B0:CB:D8:F3:32:19,-42,0,0,0,0,0,0,0,0
278959575,NODE_F42DC973E618,blackhole,2,B0:CB:D8:F3:32:19,-42,0,0,0,0,0,0,0,0
279059567,NODE_F42DC973E618,blackhole,2,B0:CB:D8:F3:32:19,-42,0,0,0,0,0,0,0,0
279159568,NODE_F42DC973E618,blackhole,2,B0:CB:D8:F3:32:19,-40,0,0,0,0,0,0,0,0
279259567,NODE_F42DC973E618,blackhole,2,B0:CB:D8:F3:32:19,-39,0,0,0,0,0,0,0,0
279359567,NODE_F42DC973E618,blackhole,2,B0:CB:D8:F3:32:19,-43,0,0,0,0,0,0,0,0
279459576,NODE_F42DC973E618,blackhole,2,B0:CB:D8:F3:32:19,-38,0,0,0,0,0,0,0,0
279559567,NODE_F42DC973E618,blackhole,2,B0:CB:D8:F3:32:19,-42,0,0,0,0,0,0,0,0
279659567,NODE_F42DC973E618,blackhole,2,B0:CB:D8:F3:32:19,-38,0,0,0,0,0,0,0,0
279759564,NODE_F42DC973E618,blackhole,2,B0:CB:D8:F3:32:19,-42,0,0,0,0,0,0,0,0
279859571,NODE_F42DC973E618,blackhole,2,B0:CB:D8:F3:32:19,-42,0,0,0,0,0,0,0,0
279959571,NODE_F42DC973E618,blackhole,2,B0:CB:D8:F3:32:19,-40,0,0,0,0,0,0,0,0
280059564,NODE_F42DC973E618,blackhole,2,B0:CB:D8:F3:32:19,-42,0,0,0,0,0,0,0,0
280159567,NODE_F42DC973E618,blackhole,2,B0:CB:D8:F3:32:19,-38,0,0,0,0,0,0,0,0
280259571,NODE_F42DC973E618,blackhole,2,B0:CB:D8:F3:32:19,-43,0,0,0,0,0,0,0,0
280359568,NODE_F42DC973E618,blackhole,2,B0:CB:D8:F3:32:19,-39,0,0,0,0,0,0,0,0
280459567,NODE_F42DC973E618,blackhole,2,B0:CB:D8:F3:32:19,-39,0,0,0,0,0,0,0,0
280559567,NODE_F42DC973E618,blackhole,2,B0:CB:D8:F3:32:19,-41,0,0,0,0,0,0,0,0
280659572,NODE_F42DC973E618,blackhole,2,B0:CB:D8:F3:32:19,-39,0,0,0,0,0,0,0,0
280759567,NODE_F42DC973E618,blackhole,2,B0:CB:D8:F3:32:19,-42,0,0,0,0,0,0,0,0
280859567,NODE_F42DC973E618,blackhole,2,B0:CB:D8:F3:32:19,-39,0,0,0,0,0,0,0,0
280959568,NODE_F42DC973E618,blackhole,2,B0:CB:D8:F3:32:19,-42,0,0,0,0,0,0,0,0
281059567,NODE_F42DC973E618,blackhole,2,B0:CB:D8:F3:32:19,-41,0,0,0,0,0,0,0,0
281159567,NODE_F42DC973E618,blackhole,2,B0:CB:D8:F3:32:19,-39,0,0,0,0,0,0,0,0
281259568,NODE_F42DC973E618,blackhole,2,B0:CB:D8:F3:32:19,-42,0,0,0,0,0,0,0,0
281359571,NODE_F42DC973E618,blackhole,2,B0:CB:D8:F3:32:19,-38,0,0,0,0,0,0,0,0
281459567,NODE_F42DC973E618,blackhole,2,B0:CB:D8:F3:32:19,-38,0,0,0,0,0,0,0,0
281559568,NODE_F42DC973E618,blackhole,2,B0:CB:D8:F3:32:19,-39,0,0,0,0,0,0,0,0
281659567,NODE_F42DC973E618,blackhole,2,B0:CB:D8:F3:32:19,-37,0,0,0,0,0,0,0,0
281759567,NODE_F42DC973E618,blackhole,2,B0:CB:D8:F3:32:19,-42,0,0,0,0,0,0,0,0
281859568,NODE_F42DC973E618,blackhole,2,B0:CB:D8:F3:32:19,-38,0,0,0,0,0,0,0,0
281959567,NODE_F42DC973E618,blackhole,2,B0:CB:D8:F3:32:19,-38,0,0,0,0,0,0,0,0
282059567,NODE_F42DC973E618,blackhole,2,B0:CB:D8:F3:32:19,-39,0,0,0,0,0,0,0,0
282159568,NODE_F42DC973E618,blackhole,2,B0:CB:D8:F3:32:19,-42,0,0,0,0,0,0,0,0
282259567,NODE_F42DC973E618,blackhole,2,B0:CB:D8:F3:32:19,-42,0,0,0,0,0,0,0,0
282359567,NODE_F42DC973E618,blackhole,2,B0:CB:D8:F3:32:19,-43,0,0,0,0,0,0,0,0
282459568,NODE_F42DC973E618,blackhole,2,B0:CB:D8:F3:32:19,-37,0,0,0,0,0,0,0,0
282559567,NODE_F42DC973E618,blackhole,2,B0:CB:D8:F3:32:19,-39,0,0,0,0,0,0,0,0
282659571,NODE_F42DC973E618,blackhole,2,B0:CB:D8:F3:32:19,-43,0,0,0,0,0,0,0,0
282759568,NODE_F42DC973E618,blackhole,2,B0:CB:D8:F3:32:19,-43,0,0,0,0,0,0,0,0
282860123,NODE_F42DC973E618,blackhole,2,B0:CB:D8:F3:32:19,-39,0,0,0,0,0,0,0,0
282959793,NODE_F42DC973E618,blackhole,2,B0:CB:D8:F3:32:19,-39,0,0,0,0,0,0,0,0
283059564,NODE_F42DC973E618,blackhole,2,B0:CB:D8:F3:32:19,-43,0,0,0,0,0,0,0,0
283159567,NODE_F42DC973E618,blackhole,2,B0:CB:D8:F3:32:19,-39,0,0,0,0,0,0,0,0
283259567,NODE_F42DC973E618,blackhole,2,B0:CB:D8:F3:32:19,-38,0,0,0,0,0,0,0,0
283359572,NODE_F42DC973E618,blackhole,2,B0:CB:D8:F3:32:19,-39,0,0,0,0,0,0,0,0
283459567,NODE_F42DC973E618,blackhole,2,B0:CB:D8:F3:32:19,-42,0,0,0,0,0,0,0,0
283559567,NODE_F42DC973E618,blackhole,2,B0:CB:D8:F3:32:19,-42,0,0,0,0,0,0,0,0
283659568,NODE_F42DC973E618,blackhole,2,B0:CB:D8:F3:32:19,-38,0,0,0,0,0,0,0,0
283759567,NODE_F42DC973E618,blackhole,2,B0:CB:D8:F3:32:19,-43,0,0,0,0,0,0,0,0
283859567,NODE_F42DC973E618,blackhole,2,B0:CB:D8:F3:32:19,-43,0,0,0,0,0,0,0,0
283959568,NODE_F42DC973E618,blackhole,2,B0:CB:D8:F3:32:19,-38,0,0,0,0,0,0,0,0
284059567,NODE_F42DC973E618,blackhole,2,B0:CB:D8:F3:32:19,-38,0,0,0,0,0,0,0,0
284159567,NODE_F42DC973E618,blackhole,2,B0:CB:D8:F3:32:19,-42,0,0,0,0,0,0,0,0
284259568,NODE_F42DC973E618,blackhole,2,B0:CB:D8:F3:32:19,-43,0,0,0,0,0,0,0,0
284359567,NODE_F42DC973E618,blackhole,2,B0:CB:D8:F3:32:19,-39,0,0,0,0,0,0,0,0
284459567,NODE_F42DC973E618,blackhole,2,B0:CB:D8:F3:32:19,-42,0,0,0,0,0,0,0,0
284559568,NODE_F42DC973E618,blackhole,2,B0:CB:D8:F3:32:19,-43,0,0,0,0,0,0,0,0
284659571,NODE_F42DC973E618,blackhole,2,B0:CB:D8:F3:32:19,-42,0,0,0,0,0,0,0,0
284759567,NODE_F42DC973E618,blackhole,2,B0:CB:D8:F3:32:19,-38,0,0,0,0,0,0,0,0
284859568,NODE_F42DC973E618,blackhole,2,B0:CB:D8:F3:32:19,-42,0,0,0,0,0,0,0,0
284959567,NODE_F42DC973E618,blackhole,2,B0:CB:D8:F3:32:19,-37,0,0,0,0,0,0,0,0
285059567,NODE_F42DC973E618,blackhole,2,B0:CB:D8:F3:32:19,-42,0,0,0,0,0,0,0,0
285159568,NODE_F42DC973E618,blackhole,2,B0:CB:D8:F3:32:19,-42,0,0,0,0,0,0,0,0
285259567,NODE_F42DC973E618,blackhole,2,B0:CB:D8:F3:32:19,-38,0,0,0,0,0,0,0,0
285359571,NODE_F42DC973E618,blackhole,2,B0:CB:D8:F3:32:19,-42,0,0,0,0,0,0,0,0
285459568,NODE_F42DC973E618,blackhole,2,B0:CB:D8:F3:32:19,-41,0,0,0,0,0,0,0,0
285559567,NODE_F42DC973E618,blackhole,2,B0:CB:D8:F3:32:19,-42,0,0,0,0,0,0,0,0
285659567,NODE_F42DC973E618,blackhole,2,B0:CB:D8:F3:32:19,-38,0,0,0,0,0,0,0,0
285759564,NODE_F42DC973E618,blackhole,2,B0:CB:D8:F3:32:19,-42,0,0,0,0,0,0,0,0
285859567,NODE_F42DC973E618,blackhole,2,B0:CB:D8:F3:32:19,-42,0,0,0,0,0,0,0,0
285959567,NODE_F42DC973E618,blackhole,2,B0:CB:D8:F3:32:19,-38,0,0,0,0,0,0,0,0
286059564,NODE_F42DC973E618,blackhole,2,B0:CB:D8:F3:32:19,-43,0,0,0,0,0,0,0,0
286159567,NODE_F42DC973E618,blackhole,2,B0:CB:D8:F3:32:19,-39,0,0,0,0,0,0,0,0
286259567,NODE_F42DC973E618,blackhole,2,B0:CB:D8:F3:32:19,-42,0,0,0,0,0,0,0,0
286359568,NODE_F42DC973E618,blackhole,2,B0:CB:D8:F3:32:19,-42,0,0,0,0,0,0,0,0
286459567,NODE_F42DC973E618,blackhole,2,B0:CB:D8:F3:32:19,-42,0,0,0,0,0,0,0,0
286559567,NODE_F42DC973E618,blackhole,2,B0:CB:D8:F3:32:19,-42,0,0,0,0,0,0,0,0
286659572,NODE_F42DC973E618,blackhole,2,B0:CB:D8:F3:32:19,-43,0,0,0,0,0,0,0,0
286759567,NODE_F42DC973E618,blackhole,2,B0:CB:D8:F3:32:19,-39,0,0,0,0,0,0,0,0
286859567,NODE_F42DC973E618,blackhole,2,B0:CB:D8:F3:32:19,-38,0,0,0,0,0,0,0,0
286959568,NODE_F42DC973E618,blackhole,2,B0:CB:D8:F3:32:19,-38,0,0,0,0,0,0,0,0
287059567,NODE_F42DC973E618,blackhole,2,B0:CB:D8:F3:32:19,-43,0,0,0,0,0,0,0,0
287159567,NODE_F42DC973E618,blackhole,2,B0:CB:D8:F3:32:19,-43,0,0,0,0,0,0,0,0
287259568,NODE_F42DC973E618,blackhole,2,B0:CB:D8:F3:32:19,-39,0,0,0,0,0,0,0,0
287359571,NODE_F42DC973E618,blackhole,2,B0:CB:D8:F3:32:19,-42,0,0,0,0,0,0,0,0
287459563,NODE_F42DC973E618,blackhole,2,B0:CB:D8:F3:32:19,-43,0,0,0,0,0,0,0,0
287559568,NODE_F42DC973E618,blackhole,2,B0:CB:D8:F3:32:19,-42,0,0,0,0,0,0,0,0
287659567,NODE_F42DC973E618,blackhole,2,B0:CB:D8:F3:32:19,-42,0,0,0,0,0,0,0,0
287759567,NODE_F42DC973E618,blackhole,2,B0:CB:D8:F3:32:19,-42,0,0,0,0,0,0,0,0
287859568,NODE_F42DC973E618,blackhole,2,B0:CB:D8:F3:32:19,-42,0,0,0,0,0,0,0,0
287959567,NODE_F42DC973E618,blackhole,2,B0:CB:D8:F3:32:19,-43,0,0,0,0,0,0,0,0
288059563,NODE_F42DC973E618,blackhole,2,B0:CB:D8:F3:32:19,-38,0,0,0,0,0,0,0,0
288159568,NODE_F42DC973E618,blackhole,2,B0:CB:D8:F3:32:19,-38,0,0,0,0,0,0,0,0
288259567,NODE_F42DC973E618,blackhole,2,B0:CB:D8:F3:32:19,-38,0,0,0,0,0,0,0,0
288359567,NODE_F42DC973E618,blackhole,2,B0:CB:D8:F3:32:19,-42,0,0,0,0,0,0,0,0
288459572,NODE_F42DC973E618,blackhole,2,B0:CB:D8:F3:32:19,-42,0,0,0,0,0,0,0,0
288559567,NODE_F42DC973E618,blackhole,2,B0:CB:D8:F3:32:19,-42,0,0,0,0,0,0,0,0
288659567,NODE_F42DC973E618,blackhole,2,B0:CB:D8:F3:32:19,-43,0,0,0,0,0,0,0,0
288759568,NODE_F42DC973E618,blackhole,2,B0:CB:D8:F3:32:19,-43,0,0,0,0,0,0,0,0
288859567,NODE_F42DC973E618,blackhole,2,B0:CB:D8:F3:32:19,-43,0,0,0,0,0,0,0,0
288959567,NODE_F42DC973E618,blackhole,2,B0:CB:D8:F3:32:19,-41,0,0,0,0,0,0,0,0
289059568,NODE_F42DC973E618,blackhole,2,B0:CB:D8:F3:32:19,-41,0,0,0,0,0,0,0,0
289159571,NODE_F42DC973E618,blackhole,2,B0:CB:D8:F3:32:19,-41,0,0,0,0,0,0,0,0
289259567,NODE_F42DC973E618,blackhole,2,B0:CB:D8:F3:32:19,-43,0,0,0,0,0,0,0,0
289359568,NODE_F42DC973E618,blackhole,2,B0:CB:D8:F3:32:19,-43,0,0,0,0,0,0,0,0
289459567,NODE_F42DC973E618,blackhole,2,B0:CB:D8:F3:32:19,-43,0,0,0,0,0,0,0,0
289559567,NODE_F42DC973E618,blackhole,2,B0:CB:D8:F3:32:19,-38,0,0,0,0,0,0,0,0
289659568,NODE_F42DC973E618,blackhole,2,B0:CB:D8:F3:32:19,-38,0,0,0,0,0,0,0,0
289759559,NODE_F42DC973E618,blackhole,2,B0:CB:D8:F3:32:19,-38,0,0,0,0,0,0,0,0
289859567,NODE_F42DC973E618,blackhole,2,B0:CB:D8:F3:32:19,-38,0,0,0,0,0,0,0,0
289959568,NODE_F42DC973E618,blackhole,2,B0:CB:D8:F3:32:19,-38,0,0,0,0,0,0,0,0
290059559,NODE_F42DC973E618,blackhole,2,B0:CB:D8:F3:32:19,-38,0,0,0,0,0,0,0,0
290159567,NODE_F42DC973E618,blackhole,2,B0:CB:D8:F3:32:19,-39,0,0,0,0,0,0,0,0
290259576,NODE_F42DC973E618,blackhole,2,B0:CB:D8:F3:32:19,-39,0,0,0,0,0,0,0,0
290359567,NODE_F42DC973E618,blackhole,2,B0:CB:D8:F3:32:19,-39,0,0,0,0,0,0,0,0
290459567,NODE_F42DC973E618,blackhole,2,B0:CB:D8:F3:32:19,-43,0,0,0,0,0,0,0,0
290559568,NODE_F42DC973E618,blackhole,2,B0:CB:D8:F3:32:19,-43,0,0,0,0,0,0,0,0
290659567,NODE_F42DC973E618,blackhole,2,B0:CB:D8:F3:32:19,-43,0,0,0,0,0,0,0,0
290759567,NODE_F42DC973E618,blackhole,2,B0:CB:D8:F3:32:19,-39,0,0,0,0,0,0,0,0
290859568,NODE_F42DC973E618,blackhole,2,B0:CB:D8:F3:32:19,-39,0,0,0,0,0,0,0,0
290959567,NODE_F42DC973E618,blackhole,2,B0:CB:D8:F3:32:19,-39,0,0,0,0,0,0,0,0
291059567,NODE_F42DC973E618,blackhole,2,B0:CB:D8:F3:32:19,-38,0,0,0,0,0,0,0,0
291159568,NODE_F42DC973E618,blackhole,2,B0:CB:D8:F3:32:19,-38,0,0,0,0,0,0,0,0
291259559,NODE_F42DC973E618,blackhole,2,B0:CB:D8:F3:32:19,-38,0,0,0,0,0,0,0,0
291359584,NODE_F42DC973E618,blackhole,2,B0:CB:D8:F3:32:19,-42,0,0,0,0,0,0,0,0
291459568,NODE_F42DC973E618,blackhole,2,B0:CB:D8:F3:32:19,-42,0,0,0,0,0,0,0,0
291559563,NODE_F42DC973E618,blackhole,2,B0:CB:D8:F3:32:19,-42,0,0,0,0,0,0,0,0
291659567,NODE_F42DC973E618,blackhole,2,B0:CB:D8:F3:32:19,-42,0,0,0,0,0,0,0,0
291759568,NODE_F42DC973E618,blackhole,2,B0:CB:D8:F3:32:19,-38,0,0,0,0,0,0,0,0
291859567,NODE_F42DC973E618,blackhole,2,B0:CB:D8:F3:32:19,-38,0,0,0,0,0,0,0,0
291959571,NODE_F42DC973E618,blackhole,2,B0:CB:D8:F3:32:19,-38,0,0,0,0,0,0,0,0
292059568,NODE_F42DC973E618,blackhole,2,B0:CB:D8:F3:32:19,-39,0,0,0,0,0,0,0,0
292159567,NODE_F42DC973E618,blackhole,2,B0:CB:D8:F3:32:19,-39,0,0,0,0,0,0,0,0
292259559,NODE_F42DC973E618,blackhole,2,B0:CB:D8:F3:32:19,-39,0,0,0,0,0,0,0,0
292359568,NODE_F42DC973E618,blackhole,2,B0:CB:D8:F3:32:19,-40,0,0,0,0,0,0,0,0
292459567,NODE_F42DC973E618,blackhole,2,B0:CB:D8:F3:32:19,-40,0,0,0,0,0,0,0,0
292559559,NODE_F42DC973E618,blackhole,2,B0:CB:D8:F3:32:19,-40,0,0,0,0,0,0,0,0
292659568,NODE_F42DC973E618,blackhole,2,B0:CB:D8:F3:32:19,-38,0,0,0,0,0,0,0,0
292759567,NODE_F42DC973E618,blackhole,2,B0:CB:D8:F3:32:19,-38,0,0,0,0,0,0,0,0
292859567,NODE_F42DC973E618,blackhole,2,B0:CB:D8:F3:32:19,-38,0,0,0,0,0,0,0,0
292959572,NODE_F42DC973E618,blackhole,2,B0:CB:D8:F3:32:19,-38,0,0,0,0,0,0,0,0
293059567,NODE_F42DC973E618,blackhole,2,B0:CB:D8:F3:32:19,-38,0,0,0,0,0,0,0,0
293159567,NODE_F42DC973E618,blackhole,2,B0:CB:D8:F3:32:19,-38,0,0,0,0,0,0,0,0
293259568,NODE_F42DC973E618,blackhole,2,B0:CB:D8:F3:32:19,-42,0,0,0,0,0,0,0,0
293359567,NODE_F42DC973E618,blackhole,2,B0:CB:D8:F3:32:19,-42,0,0,0,0,0,0,0,0
293459567,NODE_F42DC973E618,blackhole,2,B0:CB:D8:F3:32:19,-42,0,0,0,0,0,0,0,0
293559564,NODE_F42DC973E618,blackhole,2,B0:CB:D8:F3:32:19,-39,0,0,0,0,0,0,0,0
293659567,NODE_F42DC973E618,blackhole,2,B0:CB:D8:F3:32:19,-39,0,0,0,0,0,0,0,0
293759559,NODE_F42DC973E618,blackhole,2,B0:CB:D8:F3:32:19,-39,0,0,0,0,0,0,0,0
293859568,NODE_F42DC973E618,blackhole,2,B0:CB:D8:F3:32:19,-38,0,0,0,0,0,0,0,0
293959571,NODE_F42DC973E618,blackhole,2,B0:CB:D8:F3:32:19,-38,0,0,0,0,0,0,0,0
294059559,NODE_F42DC973E618,blackhole,2,B0:CB:D8:F3:32:19,-38,0,0,0,0,0,0,0,0
294159568,NODE_F42DC973E618,blackhole,2,B0:CB:D8:F3:32:19,-40,0,0,0,0,0,0,0,0
294259567,NODE_F42DC973E618,blackhole,2,B0:CB:D8:F3:32:19,-40,0,0,0,0,0,0,0,0
294359567,NODE_F42DC973E618,blackhole,2,B0:CB:D8:F3:32:19,-40,0,0,0,0,0,0,0,0
294459568,NODE_F42DC973E618,blackhole,2,B0:CB:D8:F3:32:19,-39,0,0,0,0,0,0,0,0
294559567,NODE_F42DC973E618,blackhole,2,B0:CB:D8:F3:32:19,-39,0,0,0,0,0,0,0,0
294659567,NODE_F42DC973E618,blackhole,2,B0:CB:D8:F3:32:19,-39,0,0,0,0,0,0,0,0
294759564,NODE_F42DC973E618,blackhole,2,B0:CB:D8:F3:32:19,-39,0,0,0,0,0,0,0,0
294859563,NODE_F42DC973E618,blackhole,2,B0:CB:D8:F3:32:19,-39,0,0,0,0,0,0,0,0
294959571,NODE_F42DC973E618,blackhole,2,B0:CB:D8:F3:32:19,-39,0,0,0,0,0,0,0,0
295059560,NODE_F42DC973E618,blackhole,2,B0:CB:D8:F3:32:19,-39,0,0,0,0,0,0,0,0
295159567,NODE_F42DC973E618,blackhole,2,B0:CB:D8:F3:32:19,-39,0,0,0,0,0,0,0,0
295259559,NODE_F42DC973E618,blackhole,2,B0:CB:D8:F3:32:19,-39,0,0,0,0,0,0,0,0
295359564,NODE_F42DC973E618,blackhole,2,B0:CB:D8:F3:32:19,-39,0,0,0,0,0,0,0,0
295459567,NODE_F42DC973E618,blackhole,2,B0:CB:D8:F3:32:19,-39,0,0,0,0,0,0,0,0
295559567,NODE_F42DC973E618,blackhole,2,B0:CB:D8:F3:32:19,-39,0,0,0,0,0,0,0,0
295659568,NODE_F42DC973E618,blackhole,2,B0:CB:D8:F3:32:19,-39,0,0,0,0,0,0,0,0
295759563,NODE_F42DC973E618,blackhole,2,B0:CB:D8:F3:32:19,-39,0,0,0,0,0,0,0,0
295859567,NODE_F42DC973E618,blackhole,2,B0:CB:D8:F3:32:19,-39,0,0,0,0,0,0,0,0
295959572,NODE_F42DC973E618,blackhole,2,B0:CB:D8:F3:32:19,-39,0,0,0,0,0,0,0,0
296059567,NODE_F42DC973E618,blackhole,2,B0:CB:D8:F3:32:19,-39,0,0,0,0,0,0,0,0
296159567,NODE_F42DC973E618,blackhole,2,B0:CB:D8:F3:32:19,-39,0,0,0,0,0,0,0,0
296259564,NODE_F42DC973E618,blackhole,2,B0:CB:D8:F3:32:19,-39,0,0,0,0,0,0,0,0
296359567,NODE_F42DC973E618,blackhole,2,B0:CB:D8:F3:32:19,-39,0,0,0,0,0,0,0,0
296459567,NODE_F42DC973E618,blackhole,2,B0:CB:D8:F3:32:19,-39,0,0,0,0,0,0,0,0
296559560,NODE_F42DC973E618,blackhole,2,B0:CB:D8:F3:32:19,-39,0,0,0,0,0,0,0,0
296659567,NODE_F42DC973E618,blackhole,2,B0:CB:D8:F3:32:19,-39,0,0,0,0,0,0,0,0
296759567,NODE_F42DC973E618,blackhole,2,B0:CB:D8:F3:32:19,-39,0,0,0,0,0,0,0,0
296859568,NODE_F42DC973E618,blackhole,2,B0:CB:D8:F3:32:19,-39,0,0,0,0,0,0,0,0
296959571,NODE_F42DC973E618,blackhole,2,B0:CB:D8:F3:32:19,-39,0,0,0,0,0,0,0,0
297059567,NODE_F42DC973E618,blackhole,2,B0:CB:D8:F3:32:19,-39,0,0,0,0,0,0,0,0
297159568,NODE_F42DC973E618,blackhole,2,B0:CB:D8:F3:32:19,-39,0,0,0,0,0,0,0,0
297259567,NODE_F42DC973E618,blackhole,2,B0:CB:D8:F3:32:19,-39,0,0,0,0,0,0,0,0
297359567,NODE_F42DC973E618,blackhole,2,B0:CB:D8:F3:32:19,-39,0,0,0,0,0,0,0,0
297459568,NODE_F42DC973E618,blackhole,2,B0:CB:D8:F3:32:19,-39,0,0,0,0,0,0,0,0
297559567,NODE_F42DC973E618,blackhole,2,B0:CB:D8:F3:32:19,-39,0,0,0,0,0,0,0,0
297659567,NODE_F42DC973E618,blackhole,2,B0:CB:D8:F3:32:19,-39,0,0,0,0,0,0,0,0
297759564,NODE_F42DC973E618,blackhole,2,B0:CB:D8:F3:32:19,-39,0,0,0,0,0,0,0,0
297859567,NODE_F42DC973E618,blackhole,2,B0:CB:D8:F3:32:19,-39,0,0,0,0,0,0,0,0
297959571,NODE_F42DC973E618,blackhole,2,B0:CB:D8:F3:32:19,-39,0,0,0,0,0,0,0,0
298059560,NODE_F42DC973E618,blackhole,2,B0:CB:D8:F3:32:19,-39,0,0,0,0,0,0,0,0
298159567,NODE_F42DC973E618,blackhole,2,B0:CB:D8:F3:32:19,-39,0,0,0,0,0,0,0,0
298259567,NODE_F42DC973E618,blackhole,2,B0:CB:D8:F3:32:19,-39,0,0,0,0,0,0,0,0
298359568,NODE_F42DC973E618,blackhole,2,B0:CB:D8:F3:32:19,-39,0,0,0,0,0,0,0,0
298459567,NODE_F42DC973E618,blackhole,2,B0:CB:D8:F3:32:19,-39,0,0,0,0,0,0,0,0
298559567,NODE_F42DC973E618,blackhole,2,B0:CB:D8:F3:32:19,-39,0,0,0,0,0,0,0,0
298659568,NODE_F42DC973E618,blackhole,2,B0:CB:D8:F3:32:19,-39,0,0,0,0,0,0,0,0
298759567,NODE_F42DC973E618,blackhole,2,B0:CB:D8:F3:32:19,-39,0,0,0,0,0,0,0,0
298859563,NODE_F42DC973E618,blackhole,2,B0:CB:D8:F3:32:19,-39,0,0,0,0,0,0,0,0
298959572,NODE_F42DC973E618,blackhole,2,B0:CB:D8:F3:32:19,-39,0,0,0,0,0,0,0,0
299059559,NODE_F42DC973E618,blackhole,2,B0:CB:D8:F3:32:19,-39,0,0,0,0,0,0,0,0
299159567,NODE_F42DC973E618,blackhole,2,B0:CB:D8:F3:32:19,-39,0,0,0,0,0,0,0,0
299259556,NODE_F42DC973E618,blackhole,2,B0:CB:D8:F3:32:19,-39,0,0,0,0,0,0,0,0
299359567,NODE_F42DC973E618,blackhole,2,B0:CB:D8:F3:32:19,-39,0,0,0,0,0,0,0,0
299459567,NODE_F42DC973E618,blackhole,2,B0:CB:D8:F3:32:19,-39,0,0,0,0,0,0,0,0
299559564,NODE_F42DC973E618,blackhole,2,B0:CB:D8:F3:32:19,-39,0,0,0,0,0,0,0,0
299659567,NODE_F42DC973E618,blackhole,2,B0:CB:D8:F3:32:19,-39,0,0,0,0,0,0,0,0
299759567,NODE_F42DC973E618,blackhole,2,B0:CB:D8:F3:32:19,-39,0,0,0,0,0,0,0,0
299859568,NODE_F42DC973E618,blackhole,2,B0:CB:D8:F3:32:19,-39,0,0,0,0,0,0,0,0
299959571,NODE_F42DC973E618,blackhole,2,B0:CB:D8:F3:32:19,-39,0,0,0,0,0,0,0,0
300059559,NODE_F42DC973E618,blackhole,2,B0:CB:D8:F3:32:19,-39,0,0,0,0,0,0,0,0
300159568,NODE_F42DC973E618,blackhole,2,B0:CB:D8:F3:32:19,-39,0,0,0,0,0,0,0,0
300259559,NODE_F42DC973E618,blackhole,2,B0:CB:D8:F3:32:19,-39,0,0,0,0,0,0,0,0
300359567,NODE_F42DC973E618,blackhole,2,B0:CB:D8:F3:32:19,-39,0,0,0,0,0,0,0,0
300459568,NODE_F42DC973E618,blackhole,2,B0:CB:D8:F3:32:19,-39,0,0,0,0,0,0,0,0
300559559,NODE_F42DC973E618,blackhole,2,B0:CB:D8:F3:32:19,-39,0,0,0,0,0,0,0,0
300659567,NODE_F42DC973E618,blackhole,2,B0:CB:D8:F3:32:19,-39,0,0,0,0,0,0,0,0
300759568,NODE_F42DC973E618,blackhole,2,B0:CB:D8:F3:32:19,-39,0,0,0,0,0,0,0,0
300859567,NODE_F42DC973E618,blackhole,2,B0:CB:D8:F3:32:19,-39,0,0,0,0,0,0,0,0
300959571,NODE_F42DC973E618,blackhole,2,B0:CB:D8:F3:32:19,-39,0,0,0,0,0,0,0,0
301059568,NODE_F42DC973E618,blackhole,2,B0:CB:D8:F3:32:19,-39,0,0,0,0,0,0,0,0
301159567,NODE_F42DC973E618,blackhole,2,B0:CB:D8:F3:32:19,-39,0,0,0,0,0,0,0,0
301259567,NODE_F42DC973E618,blackhole,2,B0:CB:D8:F3:32:19,-39,0,0,0,0,0,0,0,0
301359568,NODE_F42DC973E618,blackhole,2,B0:CB:D8:F3:32:19,-39,0,0,0,0,0,0,0,0
301459567,NODE_F42DC973E618,blackhole,2,B0:CB:D8:F3:32:19,-39,0,0,0,0,0,0,0,0
301559563,NODE_F42DC973E618,blackhole,2,B0:CB:D8:F3:32:19,-39,0,0,0,0,0,0,0,0
301659568,NODE_F42DC973E618,blackhole,2,B0:CB:D8:F3:32:19,-39,0,0,0,0,0,0,0,0
301759567,NODE_F42DC973E618,blackhole,2,B0:CB:D8:F3:32:19,-39,0,0,0,0,0,0,0,0
301859567,NODE_F42DC973E618,blackhole,2,B0:CB:D8:F3:32:19,-39,0,0,0,0,0,0,0,0
301959572,NODE_F42DC973E618,blackhole,2,B0:CB:D8:F3:32:19,-39,0,0,0,0,0,0,0,0
302059563,NODE_F42DC973E618,blackhole,2,B0:CB:D8:F3:32:19,-39,0,0,0,0,0,0,0,0
302159571,NODE_F42DC973E618,blackhole,2,B0:CB:D8:F3:32:19,-39,0,0,0,0,0,0,0,0
302259568,NODE_F42DC973E618,blackhole,2,B0:CB:D8:F3:32:19,-39,0,0,0,0,0,0,0,0
302359571,NODE_F42DC973E618,blackhole,2,B0:CB:D8:F3:32:19,-39,0,0,0,0,0,0,0,0
302459567,NODE_F42DC973E618,blackhole,2,B0:CB:D8:F3:32:19,-39,0,0,0,0,0,0,0,0
302559572,NODE_F42DC973E618,blackhole,2,B0:CB:D8:F3:32:19,-39,0,0,0,0,0,0,0,0
302659567,NODE_F42DC973E618,blackhole,2,B0:CB:D8:F3:32:19,-39,0,0,0,0,0,0,0,0
302759563,NODE_F42DC973E618,blackhole,2,B0:CB:D8:F3:32:19,-39,0,0,0,0,0,0,0,0
302859568,NODE_F42DC973E618,blackhole,2,B0:CB:D8:F3:32:19,-39,0,0,0,0,0,0,0,0
302959571,NODE_F42DC973E618,blackhole,2,B0:CB:D8:F3:32:19,-39,0,0,0,0,0,0,0,0
303059567,NODE_F42DC973E618,blackhole,2,B0:CB:D8:F3:32:19,-39,0,0,0,0,0,0,0,0
303159568,NODE_F42DC973E618,blackhole,2,B0:CB:D8:F3:32:19,-39,0,0,0,0,0,0,0,0
303259567,NODE_F42DC973E618,blackhole,2,B0:CB:D8:F3:32:19,-39,0,0,0,0,0,0,0,0
303359567,NODE_F42DC973E618,blackhole,2,B0:CB:D8:F3:32:19,-39,0,0,0,0,0,0,0,0
303459592,NODE_F42DC973E618,blackhole,2,B0:CB:D8:F3:32:19,-39,0,0,0,0,0,0,0,0
303559567,NODE_F42DC973E618,blackhole,2,B0:CB:D8:F3:32:19,-39,0,0,0,0,0,0,0,0
303659576,NODE_F42DC973E618,blackhole,2,B0:CB:D8:F3:32:19,-39,0,0,0,0,0,0,0,0
303759568,NODE_F42DC973E618,blackhole,2,B0:CB:D8:F3:32:19,-39,0,0,0,0,0,0,0,0
303859567,NODE_F42DC973E618,blackhole,2,B0:CB:D8:F3:32:19,-39,0,0,0,0,0,0,0,0
303959640,NODE_F42DC973E618,blackhole,2,B0:CB:D8:F3:32:19,-39,0,0,0,0,0,0,0,0
304059568,NODE_F42DC973E618,blackhole,2,B0:CB:D8:F3:32:19,-39,0,0,0,0,0,0,0,0
304159571,NODE_F42DC973E618,blackhole,2,B0:CB:D8:F3:32:19,-39,0,0,0,0,0,0,0,0
304259567,NODE_F42DC973E618,blackhole,2,B0:CB:D8:F3:32:19,-39,0,0,0,0,0,0,0,0
304359568,NODE_F42DC973E618,blackhole,2,B0:CB:D8:F3:32:19,-39,0,0,0,0,0,0,0,0
304459575,NODE_F42DC973E618,blackhole,2,B0:CB:D8:F3:32:19,-39,0,0,0,0,0,0,0,0
304559559,NODE_F42DC973E618,blackhole,2,B0:CB:D8:F3:32:19,-39,0,0,0,0,0,0,0,0
304659568,NODE_F42DC973E618,blackhole,2,B0:CB:D8:F3:32:19,-39,0,0,0,0,0,0,0,0
304759567,NODE_F42DC973E618,blackhole,2,B0:CB:D8:F3:32:19,-39,0,0,0,0,0,0,0,0
304859567,NODE_F42DC973E618,blackhole,2,B0:CB:D8:F3:32:19,-39,0,0,0,0,0,0,0,0
304959576,NODE_F42DC973E618,blackhole,2,B0:CB:D8:F3:32:19,-39,0,0,0,0,0,0,0,0
305059637,NODE_F42DC973E618,blackhole,2,B0:CB:D8:F3:32:19,-39,0,0,0,0,0,0,0,0
305159567,NODE_F42DC973E618,blackhole,2,B0:CB:D8:F3:32:19,-39,0,0,0,0,0,0,0,0
305259568,NODE_F42DC973E618,blackhole,2,B0:CB:D8:F3:32:19,-39,0,0,0,0,0,0,0,0
305359567,NODE_F42DC973E618,blackhole,2,B0:CB:D8:F3:32:19,-39,0,0,0,0,0,0,0,0
305459567,NODE_F42DC973E618,blackhole,2,B0:CB:D8:F3:32:19,-39,0,0,0,0,0,0,0,0
305559568,NODE_F42DC973E618,blackhole,2,B0:CB:D8:F3:32:19,-39,0,0,0,0,0,0,0,0
305659567,NODE_F42DC973E618,blackhole,2,B0:CB:D8:F3:32:19,-39,0,0,0,0,0,0,0,0
305759581,NODE_F42DC973E618,blackhole,2,B0:CB:D8:F3:32:19,-39,0,0,0,0,0,0,0,0
305859568,NODE_F42DC973E618,blackhole,2,B0:CB:D8:F3:32:19,-39,0,0,0,0,0,0,0,0
305959677,NODE_F42DC973E618,blackhole,2,B0:CB:D8:F3:32:19,-39,0,0,0,0,0,0,0,0
306059601,NODE_F42DC973E618,blackhole,2,B0:CB:D8:F3:32:19,-39,0,0,0,0,0,0,0,0
306159568,NODE_F42DC973E618,blackhole,2,B0:CB:D8:F3:32:19,-39,0,0,0,0,0,0,0,0
306259736,NODE_F42DC973E618,blackhole,2,B0:CB:D8:F3:32:19,-39,0,0,0,0,0,0,0,0
306359571,NODE_F42DC973E618,blackhole,2,B0:CB:D8:F3:32:19,-39,0,0,0,0,0,0,0,0
306459568,NODE_F42DC973E618,blackhole,2,B0:CB:D8:F3:32:19,-39,0,0,0,0,0,0,0,0
306559567,NODE_F42DC973E618,blackhole,2,B0:CB:D8:F3:32:19,-39,0,0,0,0,0,0,0,0
306659567,NODE_F42DC973E618,blackhole,2,B0:CB:D8:F3:32:19,-39,0,0,0,0,0,0,0,0
306759568,NODE_F42DC973E618,blackhole,2,B0:CB:D8:F3:32:19,-39,0,0,0,0,0,0,0,0
306859567,NODE_F42DC973E618,blackhole,2,B0:CB:D8:F3:32:19,-39,0,0,0,0,0,0,0,0
306960338,NODE_F42DC973E618,blackhole,-1,00:00:00:00:00:00,0,0,0,0,0,0,0,0,0
307059572,NODE_F42DC973E618,blackhole,-1,00:00:00:00:00:00,-39,0,0,0,0,0,0,0,0
307159571,NODE_F42DC973E618,blackhole,-1,00:00:00:00:00:00,-39,0,0,0,0,0,0,0,0
307259567,NODE_F42DC973E618,blackhole,-1,00:00:00:00:00:00,-39,0,0,0,0,0,0,0,0
307359564,NODE_F42DC973E618,blackhole,-1,00:00:00:00:00:00,-39,0,0,0,0,0,0,0,0
307459567,NODE_F42DC973E618,blackhole,-1,00:00:00:00:00:00,-39,0,0,0,0,0,0,0,0
307559555,NODE_F42DC973E618,blackhole,-1,00:00:00:00:00:00,-39,0,0,0,0,0,0,0,0
307659564,NODE_F42DC973E618,blackhole,-1,00:00:00:00:00:00,-39,0,0,0,0,0,0,0,0
307759563,NODE_F42DC973E618,blackhole,-1,00:00:00:00:00:00,-39,0,0,0,0,0,0,0,0
307859559,NODE_F42DC973E618,blackhole,-1,00:00:00:00:00:00,-39,0,0,0,0,0,0,0,0
307959560,NODE_F42DC973E618,blackhole,-1,00:00:00:00:00:00,-39,0,0,0,0,0,0,0,0
308059563,NODE_F42DC973E618,blackhole,-1,00:00:00:00:00:00,-39,0,0,0,0,0,0,0,0
308159559,NODE_F42DC973E618,blackhole,-1,00:00:00:00:00:00,-39,0,0,0,0,0,0,0,0
308259572,NODE_F42DC973E618,blackhole,-1,00:00:00:00:00:00,-39,0,0,0,0,0,0,0,0
308359636,NODE_F42DC973E618,blackhole,-1,00:00:00:00:00:00,-39,0,0,0,0,0,0,0,0
308459559,NODE_F42DC973E618,blackhole,-1,00:00:00:00:00:00,-39,0,0,0,0,0,0,0,0
308559556,NODE_F42DC973E618,blackhole,-1,00:00:00:00:00:00,-39,0,0,0,0,0,0,0,0
308659559,NODE_F42DC973E618,blackhole,-1,00:00:00:00:00:00,-39,0,0,0,0,0,0,0,0
308759563,NODE_F42DC973E618,blackhole,-1,00:00:00:00:00:00,-39,0,0,0,0,0,0,0,0
308859564,NODE_F42DC973E618,blackhole,-1,00:00:00:00:00:00,-39,0,0,0,0,0,0,0,0
308959567,NODE_F42DC973E618,blackhole,-1,00:00:00:00:00:00,-39,0,0,0,0,0,0,0,0
309059563,NODE_F42DC973E618,blackhole,-1,00:00:00:00:00:00,-39,0,0,0,0,0,0,0,0
309159564,NODE_F42DC973E618,blackhole,-1,00:00:00:00:00:00,-39,0,0,0,0,0,0,0,0
309259555,NODE_F42DC973E618,blackhole,-1,00:00:00:00:00:00,-39,0,0,0,0,0,0,0,0
309359563,NODE_F42DC973E618,blackhole,-1,00:00:00:00:00:00,-39,0,0,0,0,0,0,0,0
309459576,NODE_F42DC973E618,blackhole,-1,00:00:00:00:00:00,-39,0,0,0,0,0,0,0,0
309559559,NODE_F42DC973E618,blackhole,-1,00:00:00:00:00:00,-39,0,0,0,0,0,0,0,0
309659575,NODE_F42DC973E618,blackhole,-1,00:00:00:00:00:00,-39,0,0,0,0,0,0,0,0
309759556,NODE_F42DC973E618,blackhole,-1,00:00:00:00:00:00,-39,0,0,0,0,0,0,0,0
309859559,NODE_F42DC973E618,blackhole,-1,00:00:00:00:00:00,-39,0,0,0,0,0,0,0,0
309959563,NODE_F42DC973E618,blackhole,-1,00:00:00:00:00:00,-39,0,0,0,0,0,0,0,0
310059556,NODE_F42DC973E618,blackhole,-1,00:00:00:00:00:00,-39,0,0,0,0,0,0,0,0
310159567,NODE_F42DC973E618,blackhole,-1,00:00:00:00:00:00,-39,0,0,0,0,0,0,0,0
310259563,NODE_F42DC973E618,blackhole,-1,00:00:00:00:00:00,-39,0,0,0,0,0,0,0,0
310359564,NODE_F42DC973E618,blackhole,-1,00:00:00:00:00:00,-39,0,0,0,0,0,0,0,0
310459563,NODE_F42DC973E618,blackhole,-1,00:00:00:00:00:00,-39,0,0,0,0,0,0,0,0
310559563,NODE_F42DC973E618,blackhole,-1,00:00:00:00:00:00,-39,0,0,0,0,0,0,0,0
310660323,NODE_F42DC973E618,blackhole,-1,00:00:00:00:00:00,0,0,0,0,0,0,0,0,0
310759571,NODE_F42DC973E618,blackhole,-1,00:00:00:00:00:00,-39,0,0,0,0,0,0,0,0
310859571,NODE_F42DC973E618,blackhole,-1,00:00:00:00:00:00,-39,0,0,0,0,0,0,0,0
310959564,NODE_F42DC973E618,blackhole,-1,00:00:00:00:00:00,-39,0,0,0,0,0,0,0,0
311059555,NODE_F42DC973E618,blackhole,-1,00:00:00:00:00:00,-39,0,0,0,0,0,0,0,0
311159563,NODE_F42DC973E618,blackhole,-1,00:00:00:00:00:00,-39,0,0,0,0,0,0,0,0
311259556,NODE_F42DC973E618,blackhole,-1,00:00:00:00:00:00,-39,0,0,0,0,0,0,0,0
311359559,NODE_F42DC973E618,blackhole,-1,00:00:00:00:00:00,-39,0,0,0,0,0,0,0,0
311459563,NODE_F42DC973E618,blackhole,-1,00:00:00:00:00:00,-39,0,0,0,0,0,0,0,0
311559556,NODE_F42DC973E618,blackhole,-1,00:00:00:00:00:00,-39,0,0,0,0,0,0,0,0
311659559,NODE_F42DC973E618,blackhole,-1,00:00:00:00:00:00,-39,0,0,0,0,0,0,0,0
311759563,NODE_F42DC973E618,blackhole,-1,00:00:00:00:00:00,-39,0,0,0,0,0,0,0,0
311859560,NODE_F42DC973E618,blackhole,-1,00:00:00:00:00:00,-39,0,0,0,0,0,0,0,0
311959575,NODE_F42DC973E618,blackhole,-1,00:00:00:00:00:00,-39,0,0,0,0,0,0,0,0
312059571,NODE_F42DC973E618,blackhole,-1,00:00:00:00:00:00,-39,0,0,0,0,0,0,0,0
312159568,NODE_F42DC973E618,blackhole,-1,00:00:00:00:00:00,-39,0,0,0,0,0,0,0,0
312259555,NODE_F42DC973E618,blackhole,-1,00:00:00:00:00:00,-39,0,0,0,0,0,0,0,0
312359567,NODE_F42DC973E618,blackhole,-1,00:00:00:00:00:00,-39,0,0,0,0,0,0,0,0
312459568,NODE_F42DC973E618,blackhole,-1,00:00:00:00:00:00,-39,0,0,0,0,0,0,0,0
312559555,NODE_F42DC973E618,blackhole,-1,00:00:00:00:00:00,-39,0,0,0,0,0,0,0,0
312659563,NODE_F42DC973E618,blackhole,-1,00:00:00:00:00:00,-39,0,0,0,0,0,0,0,0
312759556,NODE_F42DC973E618,blackhole,-1,00:00:00:00:00:00,-39,0,0,0,0,0,0,0,0
312859563,NODE_F42DC973E618,blackhole,-1,00:00:00:00:00:00,-39,0,0,0,0,0,0,0,0
312959559,NODE_F42DC973E618,blackhole,-1,00:00:00:00:00:00,-39,0,0,0,0,0,0,0,0
313059564,NODE_F42DC973E618,blackhole,-1,00:00:00:00:00:00,-39,0,0,0,0,0,0,0,0
313159571,NODE_F42DC973E618,blackhole,-1,00:00:00:00:00:00,-39,0,0,0,0,0,0,0,0
313259555,NODE_F42DC973E618,blackhole,-1,00:00:00:00:00:00,-39,0,0,0,0,0,0,0,0
313359576,NODE_F42DC973E618,blackhole,-1,00:00:00:00:00:00,-39,0,0,0,0,0,0,0,0
313459563,NODE_F42DC973E618,blackhole,-1,00:00:00:00:00:00,-39,0,0,0,0,0,0,0,0
313559555,NODE_F42DC973E618,blackhole,-1,00:00:00:00:00:00,-39,0,0,0,0,0,0,0,0
313659572,NODE_F42DC973E618,blackhole,-1,00:00:00:00:00:00,-39,0,0,0,0,0,0,0,0
313759555,NODE_F42DC973E618,blackhole,-1,00:00:00:00:00:00,-39,0,0,0,0,0,0,0,0
313859559,NODE_F42DC973E618,blackhole,-1,00:00:00:00:00:00,-39,0,0,0,0,0,0,0,0
313959560,NODE_F42DC973E618,blackhole,-1,00:00:00:00:00:00,-39,0,0,0,0,0,0,0,0
314059555,NODE_F42DC973E618,blackhole,-1,00:00:00:00:00:00,-39,0,0,0,0,0,0,0,0
314159567,NODE_F42DC973E618,blackhole,-1,00:00:00:00:00:00,-39,0,0,0,0,0,0,0,0
314259564,NODE_F42DC973E618,blackhole,-1,00:00:00:00:00:00,-39,0,0,0,0,0,0,0,0
314359571,NODE_F42DC973E618,blackhole,-1,00:00:00:00:00:00,0,0,0,0,0,0,0,0,0
314459567,NODE_F42DC973E618,blackhole,-1,00:00:00:00:00:00,0,0,0,0,0,0,0,0,0
314559576,NODE_F42DC973E618,blackhole,-1,00:00:00:00:00:00,0,0,0,0,0,0,0,0,0
314659567,NODE_F42DC973E618,blackhole,-1,00:00:00:00:00:00,0,0,0,0,0,0,0,0,0
314759559,NODE_F42DC973E618,blackhole,-1,00:00:00:00:00:00,0,0,0,0,0,0,0,0,0
314859568,NODE_F42DC973E618,blackhole,-1,00:00:00:00:00:00,0,0,0,0,0,0,0,0,0
314959575,NODE_F42DC973E618,blackhole,-1,00:00:00:00:00:00,0,0,0,0,0,0,0,0,0
315059559,NODE_F42DC973E618,blackhole,-1,00:00:00:00:00:00,0,0,0,0,0,0,0,0,0
315159576,NODE_F42DC973E618,blackhole,-1,00:00:00:00:00:00,0,0,0,0,0,0,0,0,0
315259559,NODE_F42DC973E618,blackhole,-1,00:00:00:00:00:00,0,0,0,0,0,0,0,0,0
315359567,NODE_F42DC973E618,blackhole,-1,00:00:00:00:00:00,0,0,0,0,0,0,0,0,0
315459568,NODE_F42DC973E618,blackhole,-1,00:00:00:00:00:00,0,0,0,0,0,0,0,0,0
315559575,NODE_F42DC973E618,blackhole,-1,00:00:00:00:00:00,0,0,0,0,0,0,0,0,0
315659567,NODE_F42DC973E618,blackhole,-1,00:00:00:00:00:00,0,0,0,0,0,0,0,0,0
315759568,NODE_F42DC973E618,blackhole,-1,00:00:00:00:00:00,0,0,0,0,0,0,0,0,0
315859567,NODE_F42DC973E618,blackhole,-1,00:00:00:00:00:00,0,0,0,0,0,0,0,0,0
315959571,NODE_F42DC973E618,blackhole,-1,00:00:00:00:00:00,0,0,0,0,0,0,0,0,0
316059568,NODE_F42DC973E618,blackhole,-1,00:00:00:00:00:00,0,0,0,0,0,0,0,0,0
316159648,NODE_F42DC973E618,blackhole,-1,00:00:00:00:00:00,0,0,0,0,0,0,0,0,0
316259563,NODE_F42DC973E618,blackhole,-1,00:00:00:00:00:00,0,0,0,0,0,0,0,0,0
316359576,NODE_F42DC973E618,blackhole,-1,00:00:00:00:00:00,0,0,0,0,0,0,0,0,0
316459567,NODE_F42DC973E618,blackhole,-1,00:00:00:00:00:00,0,0,0,0,0,0,0,0,0
316559555,NODE_F42DC973E618,blackhole,-1,00:00:00:00:00:00,0,0,0,0,0,0,0,0,0
316659568,NODE_F42DC973E618,blackhole,-1,00:00:00:00:00:00,0,0,0,0,0,0,0,0,0
316759559,NODE_F42DC973E618,blackhole,-1,00:00:00:00:00:00,0,0,0,0,0,0,0,0,0
316859567,NODE_F42DC973E618,blackhole,-1,00:00:00:00:00:00,0,0,0,0,0,0,0,0,0
316959576,NODE_F42DC973E618,blackhole,-1,00:00:00:00:00:00,0,0,0,0,0,0,0,0,0
317059563,NODE_F42DC973E618,blackhole,-1,00:00:00:00:00:00,0,0,0,0,0,0,0,0,0
317159567,NODE_F42DC973E618,blackhole,-1,00:00:00:00:00:00,0,0,0,0,0,0,0,0,0
317259560,NODE_F42DC973E618,blackhole,-1,00:00:00:00:00:00,0,0,0,0,0,0,0,0,0
317359567,NODE_F42DC973E618,blackhole,-1,00:00:00:00:00:00,0,0,0,0,0,0,0,0,0
317459567,NODE_F42DC973E618,blackhole,-1,00:00:00:00:00:00,0,0,0,0,0,0,0,0,0
317559576,NODE_F42DC973E618,blackhole,-1,00:00:00:00:00:00,0,0,0,0,0,0,0,0,0
317659567,NODE_F42DC973E618,blackhole,-1,00:00:00:00:00:00,0,0,0,0,0,0,0,0,0
317759563,NODE_F42DC973E618,blackhole,-1,00:00:00:00:00:00,0,0,0,0,0,0,0,0,0
317859568,NODE_F42DC973E618,blackhole,-1,00:00:00:00:00:00,0,0,0,0,0,0,0,0,0
317959575,NODE_F42DC973E618,blackhole,-1,00:00:00:00:00:00,0,0,0,0,0,0,0,0,0
318059559,NODE_F42DC973E618,blackhole,-1,00:00:00:00:00:00,0,0,0,0,0,0,0,0,0
318159568,NODE_F42DC973E618,blackhole,-1,00:00:00:00:00:00,0,0,0,0,0,0,0,0,0
318259567,NODE_F42DC973E618,blackhole,-1,00:00:00:00:00:00,0,0,0,0,0,0,0,0,0
318359567,NODE_F42DC973E618,blackhole,-1,00:00:00:00:00:00,0,0,0,0,0,0,0,0,0
318459576,NODE_F42DC973E618,blackhole,-1,00:00:00:00:00:00,0,0,0,0,0,0,0,0,0
318559571,NODE_F42DC973E618,blackhole,-1,00:00:00:00:00:00,0,0,0,0,0,0,0,0,0
318659571,NODE_F42DC973E618,blackhole,-1,00:00:00:00:00:00,0,0,0,0,0,0,0,0,0
318759560,NODE_F42DC973E618,blackhole,-1,00:00:00:00:00:00,0,0,0,0,0,0,0,0,0
318859575,NODE_F42DC973E618,blackhole,-1,00:00:00:00:00:00,0,0,0,0,0,0,0,0,0
318959571,NODE_F42DC973E618,blackhole,-1,00:00:00:00:00:00,0,0,0,0,0,0,0,0,0
319059560,NODE_F42DC973E618,blackhole,-1,00:00:00:00:00:00,0,0,0,0,0,0,0,0,0
319159575,NODE_F42DC973E618,blackhole,-1,00:00:00:00:00:00,0,0,0,0,0,0,0,0,0
319259559,NODE_F42DC973E618,blackhole,-1,00:00:00:00:00:00,0,0,0,0,0,0,0,0,0
319359568,NODE_F42DC973E618,blackhole,-1,00:00:00:00:00:00,0,0,0,0,0,0,0,0,0
319459567,NODE_F42DC973E618,blackhole,-1,00:00:00:00:00:00,0,0,0,0,0,0,0,0,0
319559571,NODE_F42DC973E618,blackhole,-1,00:00:00:00:00:00,0,0,0,0,0,0,0,0,0
319659568,NODE_F42DC973E618,blackhole,-1,00:00:00:00:00:00,0,0,0,0,0,0,0,0,0
319759571,NODE_F42DC973E618,blackhole,-1,00:00:00:00:00:00,0,0,0,0,0,0,0,0,0
319859567,NODE_F42DC973E618,blackhole,-1,00:00:00:00:00:00,0,0,0,0,0,0,0,0,0
319959572,NODE_F42DC973E618,blackhole,-1,00:00:00:00:00:00,0,0,0,0,0,0,0,0,0
320059567,NODE_F42DC973E618,blackhole,-1,00:00:00:00:00:00,0,0,0,0,0,0,0,0,0
320159575,NODE_F42DC973E618,blackhole,-1,00:00:00:00:00:00,0,0,0,0,0,0,0,0,0
320259560,NODE_F42DC973E618,blackhole,-1,00:00:00:00:00:00,0,0,0,0,0,0,0,0,0
320359575,NODE_F42DC973E618,blackhole,-1,00:00:00:00:00:00,0,0,0,0,0,0,0,0,0
320459567,NODE_F42DC973E618,blackhole,-1,00:00:00:00:00:00,0,0,0,0,0,0,0,0,0
320559560,NODE_F42DC973E618,blackhole,-1,00:00:00:00:00:00,0,0,0,0,0,0,0,0,0
320659567,NODE_F42DC973E618,blackhole,-1,00:00:00:00:00:00,0,0,0,0,0,0,0,0,0
320759567,NODE_F42DC973E618,blackhole,-1,00:00:00:00:00:00,0,0,0,0,0,0,0,0,0
320859560,NODE_F42DC973E618,blackhole,-1,00:00:00:00:00:00,0,0,0,0,0,0,0,0,0
320959571,NODE_F42DC973E618,blackhole,-1,00:00:00:00:00:00,0,0,0,0,0,0,0,0,0
321059559,NODE_F42DC973E618,blackhole,-1,00:00:00:00:00:00,0,0,0,0,0,0,0,0,0
321159568,NODE_F42DC973E618,blackhole,-1,00:00:00:00:00:00,0,0,0,0,0,0,0,0,0
321259567,NODE_F42DC973E618,blackhole,-1,00:00:00:00:00:00,0,0,0,0,0,0,0,0,0
321359571,NODE_F42DC973E618,blackhole,-1,00:00:00:00:00:00,0,0,0,0,0,0,0,0,0
321459568,NODE_F42DC973E618,blackhole,-1,00:00:00:00:00:00,0,0,0,0,0,0,0,0,0
321559575,NODE_F42DC973E618,blackhole,-1,00:00:00:00:00:00,0,0,0,0,0,0,0,0,0
321659567,NODE_F42DC973E618,blackhole,-1,00:00:00:00:00:00,0,0,0,0,0,0,0,0,0
321759560,NODE_F42DC973E618,blackhole,-1,00:00:00:00:00:00,0,0,0,0,0,0,0,0,0
321859567,NODE_F42DC973E618,blackhole,-1,00:00:00:00:00:00,0,0,0,0,0,0,0,0,0
321959575,NODE_F42DC973E618,blackhole,-1,00:00:00:00:00:00,0,0,0,0,0,0,0,0,0
322059560,NODE_F42DC973E618,blackhole,-1,00:00:00:00:00:00,0,0,0,0,0,0,0,0,0
322159567,NODE_F42DC973E618,blackhole,-1,00:00:00:00:00:00,0,0,0,0,0,0,0,0,0
322259567,NODE_F42DC973E618,blackhole,-1,00:00:00:00:00:00,0,0,0,0,0,0,0,0,0
322359568,NODE_F42DC973E618,blackhole,-1,00:00:00:00:00:00,0,0,0,0,0,0,0,0,0
322459567,NODE_F42DC973E618,blackhole,-1,00:00:00:00:00:00,0,0,0,0,0,0,0,0,0
322559575,NODE_F42DC973E618,blackhole,-1,00:00:00:00:00:00,0,0,0,0,0,0,0,0,0
322659568,NODE_F42DC973E618,blackhole,-1,00:00:00:00:00:00,0,0,0,0,0,0,0,0,0
322759571,NODE_F42DC973E618,blackhole,-1,00:00:00:00:00:00,0,0,0,0,0,0,0,0,0
322859567,NODE_F42DC973E618,blackhole,-1,00:00:00:00:00:00,0,0,0,0,0,0,0,0,0
322959572,NODE_F42DC973E618,blackhole,-1,00:00:00:00:00:00,0,0,0,0,0,0,0,0,0
323059563,NODE_F42DC973E618,blackhole,-1,00:00:00:00:00:00,0,0,0,0,0,0,0,0,0
323159575,NODE_F42DC973E618,blackhole,-1,00:00:00:00:00:00,0,0,0,0,0,0,0,0,0
323259560,NODE_F42DC973E618,blackhole,-1,00:00:00:00:00:00,0,0,0,0,0,0,0,0,0
323359567,NODE_F42DC973E618,blackhole,-1,00:00:00:00:00:00,0,0,0,0,0,0,0,0,0
323459567,NODE_F42DC973E618,blackhole,-1,00:00:00:00:00:00,0,0,0,0,0,0,0,0,0
323559572,NODE_F42DC973E618,blackhole,-1,00:00:00:00:00:00,0,0,0,0,0,0,0,0,0
323659567,NODE_F42DC973E618,blackhole,-1,00:00:00:00:00:00,0,0,0,0,0,0,0,0,0
323759571,NODE_F42DC973E618,blackhole,-1,00:00:00:00:00:00,0,0,0,0,0,0,0,0,0
323859568,NODE_F42DC973E618,blackhole,-1,00:00:00:00:00:00,0,0,0,0,0,0,0,0,0
323959571,NODE_F42DC973E618,blackhole,-1,00:00:00:00:00:00,0,0,0,0,0,0,0,0,0
324059567,NODE_F42DC973E618,blackhole,-1,00:00:00:00:00:00,0,0,0,0,0,0,0,0,0
324159576,NODE_F42DC973E618,blackhole,-1,00:00:00:00:00:00,0,0,0,0,0,0,0,0,0
324259559,NODE_F42DC973E618,blackhole,-1,00:00:00:00:00:00,0,0,0,0,0,0,0,0,0
324359575,NODE_F42DC973E618,blackhole,-1,00:00:00:00:00:00,0,0,0,0,0,0,0,0,0
324459568,NODE_F42DC973E618,blackhole,-1,00:00:00:00:00:00,0,0,0,0,0,0,0,0,0
324559559,NODE_F42DC973E618,blackhole,-1,00:00:00:00:00:00,0,0,0,0,0,0,0,0,0
324659567,NODE_F42DC973E618,blackhole,-1,00:00:00:00:00:00,0,0,0,0,0,0,0,0,0
324759560,NODE_F42DC973E618,blackhole,-1,00:00:00:00:00:00,0,0,0,0,0,0,0,0,0
324859567,NODE_F42DC973E618,blackhole,-1,00:00:00:00:00:00,0,0,0,0,0,0,0,0,0
324959575,NODE_F42DC973E618,blackhole,-1,00:00:00:00:00:00,0,0,0,0,0,0,0,0,0
325059560,NODE_F42DC973E618,blackhole,-1,00:00:00:00:00:00,0,0,0,0,0,0,0,0,0
325159559,NODE_F42DC973E618,blackhole,-1,00:00:00:00:00:00,0,0,0,0,0,0,0,0,0
325259567,NODE_F42DC973E618,blackhole,-1,00:00:00:00:00:00,0,0,0,0,0,0,0,0,0
325359568,NODE_F42DC973E618,blackhole,-1,00:00:00:00:00:00,0,0,0,0,0,0,0,0,0
325459563,NODE_F42DC973E618,blackhole,-1,00:00:00:00:00:00,0,0,0,0,0,0,0,0,0
325559575,NODE_F42DC973E618,blackhole,-1,00:00:00:00:00:00,0,0,0,0,0,0,0,0,0
325659568,NODE_F42DC973E618,blackhole,-1,00:00:00:00:00:00,0,0,0,0,0,0,0,0,0
325759559,NODE_F42DC973E618,blackhole,-1,00:00:00:00:00:00,0,0,0,0,0,0,0,0,0
325859567,NODE_F42DC973E618,blackhole,-1,00:00:00:00:00:00,0,0,0,0,0,0,0,0,0
325959576,NODE_F42DC973E618,blackhole,-1,00:00:00:00:00:00,0,0,0,0,0,0,0,0,0
326059559,NODE_F42DC973E618,blackhole,-1,00:00:00:00:00:00,0,0,0,0,0,0,0,0,0
326159567,NODE_F42DC973E618,blackhole,-1,00:00:00:00:00:00,0,0,0,0,0,0,0,0,0
326259568,NODE_F42DC973E618,blackhole,-1,00:00:00:00:00:00,0,0,0,0,0,0,0,0,0
326359567,NODE_F42DC973E618,blackhole,-1,00:00:00:00:00:00,0,0,0,0,0,0,0,0,0
326459567,NODE_F42DC973E618,blackhole,-1,00:00:00:00:00:00,0,0,0,0,0,0,0,0,0
326559576,NODE_F42DC973E618,blackhole,-1,00:00:00:00:00:00,0,0,0,0,0,0,0,0,0
326659567,NODE_F42DC973E618,blackhole,-1,00:00:00:00:00:00,0,0,0,0,0,0,0,0,0
326759559,NODE_F42DC973E618,blackhole,-1,00:00:00:00:00:00,0,0,0,0,0,0,0,0,0
326859576,NODE_F42DC973E618,blackhole,-1,00:00:00:00:00:00,0,0,0,0,0,0,0,0,0
326959567,NODE_F42DC973E618,blackhole,-1,00:00:00:00:00:00,0,0,0,0,0,0,0,0,0
327059567,NODE_F42DC973E618,blackhole,-1,00:00:00:00:00:00,0,0,0,0,0,0,0,0,0
327159572,NODE_F42DC973E618,blackhole,-1,00:00:00:00:00:00,0,0,0,0,0,0,0,0,0
327259559,NODE_F42DC973E618,blackhole,-1,00:00:00:00:00:00,0,0,0,0,0,0,0,0,0
327359571,NODE_F42DC973E618,blackhole,-1,00:00:00:00:00:00,0,0,0,0,0,0,0,0,0
327459568,NODE_F42DC973E618,blackhole,-1,00:00:00:00:00:00,0,0,0,0,0,0,0,0,0
327559571,NODE_F42DC973E618,blackhole,-1,00:00:00:00:00:00,0,0,0,0,0,0,0,0,0
327659567,NODE_F42DC973E618,blackhole,-1,00:00:00:00:00:00,0,0,0,0,0,0,0,0,0
327759572,NODE_F42DC973E618,blackhole,-1,00:00:00:00:00:00,0,0,0,0,0,0,0,0,0
327859567,NODE_F42DC973E618,blackhole,-1,00:00:00:00:00:00,0,0,0,0,0,0,0,0,0
327959563,NODE_F42DC973E618,blackhole,-1,00:00:00:00:00:00,0,0,0,0,0,0,0,0,0
328059568,NODE_F42DC973E618,blackhole,-1,00:00:00:00:00:00,0,0,0,0,0,0,0,0,0
328159575,NODE_F42DC973E618,blackhole,-1,00:00:00:00:00:00,0,0,0,0,0,0,0,0,0
328259559,NODE_F42DC973E618,blackhole,-1,00:00:00:00:00:00,0,0,0,0,0,0,0,0,0
328359576,NODE_F42DC973E618,blackhole,-1,00:00:00:00:00:00,0,0,0,0,0,0,0,0,0
328459567,NODE_F42DC973E618,blackhole,-1,00:00:00:00:00:00,0,0,0,0,0,0,0,0,0
328559559,NODE_F42DC973E618,blackhole,-1,00:00:00:00:00:00,0,0,0,0,0,0,0,0,0
328659568,NODE_F42DC973E618,blackhole,-1,00:00:00:00:00:00,0,0,0,0,0,0,0,0,0
328759559,NODE_F42DC973E618,blackhole,-1,00:00:00:00:00:00,0,0,0,0,0,0,0,0,0
328859567,NODE_F42DC973E618,blackhole,-1,00:00:00:00:00:00,0,0,0,0,0,0,0,0,0
328959576,NODE_F42DC973E618,blackhole,-1,00:00:00:00:00:00,0,0,0,0,0,0,0,0,0
329059559,NODE_F42DC973E618,blackhole,-1,00:00:00:00:00:00,0,0,0,0,0,0,0,0,0
329159567,NODE_F42DC973E618,blackhole,-1,00:00:00:00:00:00,0,0,0,0,0,0,0,0,0
329259568,NODE_F42DC973E618,blackhole,-1,00:00:00:00:00:00,0,0,0,0,0,0,0,0,0
329359567,NODE_F42DC973E618,blackhole,-1,00:00:00:00:00:00,0,0,0,0,0,0,0,0,0
329459563,NODE_F42DC973E618,blackhole,-1,00:00:00:00:00:00,0,0,0,0,0,0,0,0,0
329559576,NODE_F42DC973E618,blackhole,-1,00:00:00:00:00:00,0,0,0,0,0,0,0,0,0
329659567,NODE_F42DC973E618,blackhole,-1,00:00:00:00:00:00,0,0,0,0,0,0,0,0,0
329759559,NODE_F42DC973E618,blackhole,-1,00:00:00:00:00:00,0,0,0,0,0,0,0,0,0
329860358,NODE_F42DC973E618,blackhole,-1,00:00:00:00:00:00,0,0,0,0,0,0,0,0,0
329959575,NODE_F42DC973E618,blackhole,-1,00:00:00:00:00:00,0,0,0,0,0,0,0,0,0
330059555,NODE_F42DC973E618,blackhole,-1,00:00:00:00:00:00,0,0,0,0,0,0,0,0,0
330159568,NODE_F42DC973E618,blackhole,-1,00:00:00:00:00:00,0,0,0,0,0,0,0,0,0
330259567,NODE_F42DC973E618,blackhole,-1,00:00:00:00:00:00,0,0,0,0,0,0,0,0,0
330359567,NODE_F42DC973E618,blackhole,-1,00:00:00:00:00:00,0,0,0,0,0,0,0,0,0
330459568,NODE_F42DC973E618,blackhole,-1,00:00:00:00:00:00,0,0,0,0,0,0,0,0,0
330559575,NODE_F42DC973E618,blackhole,-1,00:00:00:00:00:00,0,0,0,0,0,0,0,0,0
330659567,NODE_F42DC973E618,blackhole,-1,00:00:00:00:00:00,0,0,0,0,0,0,0,0,0
330759560,NODE_F42DC973E618,blackhole,-1,00:00:00:00:00:00,0,0,0,0,0,0,0,0,0
330859575,NODE_F42DC973E618,blackhole,-1,00:00:00:00:00:00,0,0,0,0,0,0,0,0,0
330959575,NODE_F42DC973E618,blackhole,-1,00:00:00:00:00:00,0,0,0,0,0,0,0,0,0
331060339,NODE_F42DC973E618,blackhole,-1,00:00:00:00:00:00,-42,0,0,0,0,0,0,0,0
331159575,NODE_F42DC973E618,blackhole,2,B0:CB:D8:F3:32:19,-42,0,0,0,0,0,0,0,0
331259567,NODE_F42DC973E618,blackhole,2,B0:CB:D8:F3:32:19,-38,0,0,0,0,0,0,0,0
331359568,NODE_F42DC973E618,blackhole,2,B0:CB:D8:F3:32:19,-38,0,0,0,0,0,0,0,0
331459575,NODE_F42DC973E618,blackhole,2,B0:CB:D8:F3:32:19,-42,0,0,0,0,0,0,0,0
331559567,NODE_F42DC973E618,blackhole,2,B0:CB:D8:F3:32:19,-39,0,0,0,0,0,0,0,0
331659568,NODE_F42DC973E618,blackhole,2,B0:CB:D8:F3:32:19,-39,0,0,0,0,0,0,0,0
331759567,NODE_F42DC973E618,blackhole,2,B0:CB:D8:F3:32:19,-38,0,0,0,0,0,0,0,0
331859567,NODE_F42DC973E618,blackhole,2,B0:CB:D8:F3:32:19,-39,0,0,0,0,0,0,0,0
331959572,NODE_F42DC973E618,blackhole,2,B0:CB:D8:F3:32:19,-38,0,0,0,0,0,0,0,0
332059567,NODE_F42DC973E618,blackhole,2,B0:CB:D8:F3:32:19,-38,0,0,0,0,0,0,0,0
332159567,NODE_F42DC973E618,blackhole,2,B0:CB:D8:F3:32:19,-43,0,0,0,0,0,0,0,0
332259568,NODE_F42DC973E618,blackhole,2,B0:CB:D8:F3:32:19,-42,0,0,0,0,0,0,0,0
332359567,NODE_F42DC973E618,blackhole,2,B0:CB:D8:F3:32:19,-42,0,0,0,0,0,0,0,0
332459567,NODE_F42DC973E618,blackhole,2,B0:CB:D8:F3:32:19,-39,0,0,0,0,0,0,0,0
332559568,NODE_F42DC973E618,blackhole,2,B0:CB:D8:F3:32:19,-42,0,0,0,0,0,0,0,0
332660289,NODE_F42DC973E618,blackhole,2,B0:CB:D8:F3:32:19,-39,0,0,0,0,0,0,0,0
332759575,NODE_F42DC973E618,blackhole,2,B0:CB:D8:F3:32:19,-39,0,0,0,0,0,0,0,0
332859572,NODE_F42DC973E618,blackhole,2,B0:CB:D8:F3:32:19,-42,0,0,0,0,0,0,0,0
332959571,NODE_F42DC973E618,blackhole,2,B0:CB:D8:F3:32:19,-42,0,0,0,0,0,0,0,0
333059567,NODE_F42DC973E618,blackhole,2,B0:CB:D8:F3:32:19,-39,0,0,0,0,0,0,0,0
333159564,NODE_F42DC973E618,blackhole,2,B0:CB:D8:F3:32:19,-43,0,1,1,0,0,1,1,0
333259567,NODE_F42DC973E618,blackhole,2,B0:CB:D8:F3:32:19,-43,0,1,1,0,0,1,1,0
333359571,NODE_F42DC973E618,blackhole,2,B0:CB:D8:F3:32:19,-43,0,1,1,0,0,1,1,0
333459568,NODE_F42DC973E618,blackhole,2,B0:CB:D8:F3:32:19,-42,0,9,9,0,0,9,9,0
333559567,NODE_F42DC973E618,blackhole,2,B0:CB:D8:F3:32:19,-42,0,9,9,0,0,9,9,0
333659567,NODE_F42DC973E618,blackhole,2,B0:CB:D8:F3:32:19,-42,0,9,9,0,0,9,9,0
333759568,NODE_F42DC973E618,blackhole,2,B0:CB:D8:F3:32:19,-39,0,9,9,0,0,9,9,0
333859567,NODE_F42DC973E618,blackhole,2,B0:CB:D8:F3:32:19,-43,0,9,9,0,0,9,9,0
333959575,NODE_F42DC973E618,blackhole,2,B0:CB:D8:F3:32:19,-42,0,9,9,0,0,9,9,0
334059564,NODE_F42DC973E618,blackhole,2,B0:CB:D8:F3:32:19,-39,0,9,9,0,0,9,9,0
334159563,NODE_F42DC973E618,blackhole,2,B0:CB:D8:F3:32:19,-40,0,10,10,0,0,10,10,0
334259567,NODE_F42DC973E618,blackhole,2,B0:CB:D8:F3:32:19,-42,0,10,10,0,0,10,10,0
334359568,NODE_F42DC973E618,blackhole,2,B0:CB:D8:F3:32:19,-39,0,10,10,0,0,10,10,0
334459575,NODE_F42DC973E618,blackhole,2,B0:CB:D8:F3:32:19,-43,0,10,10,0,0,10,10,0
334559567,NODE_F42DC973E618,blackhole,2,B0:CB:D8:F3:32:19,-42,0,10,10,0,0,10,10,0
334659568,NODE_F42DC973E618,blackhole,2,B0:CB:D8:F3:32:19,-42,0,10,10,0,0,10,10,0
334759567,NODE_F42DC973E618,blackhole,2,B0:CB:D8:F3:32:19,-38,0,10,10,0,0,10,10,0
334859567,NODE_F42DC973E618,blackhole,2,B0:CB:D8:F3:32:19,-43,0,10,10,255,255,10,10,0
334959564,NODE_F42DC973E618,blackhole,2,B0:CB:D8:F3:32:19,-39,0,10,10,255,255,10,10,0
335059567,NODE_F42DC973E618,blackhole,2,B0:CB:D8:F3:32:19,-42,0,10,10,255,255,10,10,0
335159567,NODE_F42DC973E618,blackhole,2,B0:CB:D8:F3:32:19,-42,0,10,10,255,255,10,10,0
335259576,NODE_F42DC973E618,blackhole,2,B0:CB:D8:F3:32:19,-38,0,11,11,255,255,11,11,0
335359571,NODE_F42DC973E618,blackhole,2,B0:CB:D8:F3:32:19,-41,0,11,11,255,255,11,11,0
335459567,NODE_F42DC973E618,blackhole,2,B0:CB:D8:F3:32:19,-42,0,11,11,255,255,11,11,0
335559576,NODE_F42DC973E618,blackhole,2,B0:CB:D8:F3:32:19,-42,0,11,11,255,255,11,11,0
335659571,NODE_F42DC973E618,blackhole,2,B0:CB:D8:F3:32:19,-39,0,11,11,255,255,11,11,0
335759571,NODE_F42DC973E618,blackhole,2,B0:CB:D8:F3:32:19,-38,0,11,11,255,255,11,11,0
335859568,NODE_F42DC973E618,blackhole,2,B0:CB:D8:F3:32:19,-39,0,11,11,255,255,11,11,0
335959567,NODE_F42DC973E618,blackhole,2,B0:CB:D8:F3:32:19,-42,0,11,11,255,255,11,11,0
336059575,NODE_F42DC973E618,blackhole,2,B0:CB:D8:F3:32:19,-39,0,11,11,255,255,11,11,0
336159564,NODE_F42DC973E618,blackhole,2,B0:CB:D8:F3:32:19,-40,0,11,11,255,255,11,11,0
336259567,NODE_F42DC973E618,blackhole,2,B0:CB:D8:F3:32:19,-42,0,12,12,255,255,12,12,0
336359575,NODE_F42DC973E618,blackhole,2,B0:CB:D8:F3:32:19,-42,0,12,12,255,255,12,12,0
336459568,NODE_F42DC973E618,blackhole,2,B0:CB:D8:F3:32:19,-42,0,12,12,255,255,12,12,0
336559575,NODE_F42DC973E618,blackhole,2,B0:CB:D8:F3:32:19,-42,0,12,12,255,255,12,12,0
336659567,NODE_F42DC973E618,blackhole,2,B0:CB:D8:F3:32:19,-42,0,12,12,255,255,12,12,0
336759568,NODE_F42DC973E618,blackhole,2,B0:CB:D8:F3:32:19,-42,0,12,12,255,255,12,12,0
336859567,NODE_F42DC973E618,blackhole,2,B0:CB:D8:F3:32:19,-42,0,12,12,255,255,12,12,0
336959571,NODE_F42DC973E618,blackhole,2,B0:CB:D8:F3:32:19,-42,0,12,12,255,255,12,12,0
337060330,NODE_F42DC973E618,blackhole,2,B0:CB:D8:F3:32:19,-40,0,12,12,255,255,12,12,0
337159575,NODE_F42DC973E618,blackhole,2,B0:CB:D8:F3:32:19,-43,0,12,12,255,255,12,12,0
337259567,NODE_F42DC973E618,blackhole,2,B0:CB:D8:F3:32:19,-43,0,13,13,255,255,13,13,0
337359568,NODE_F42DC973E618,blackhole,2,B0:CB:D8:F3:32:19,-43,0,13,13,255,255,13,13,0
337459567,NODE_F42DC973E618,blackhole,2,B0:CB:D8:F3:32:19,-43,0,13,13,255,255,13,13,0
337559575,NODE_F42DC973E618,blackhole,2,B0:CB:D8:F3:32:19,-43,0,13,13,255,255,13,13,0
337659568,NODE_F42DC973E618,blackhole,2,B0:CB:D8:F3:32:19,-43,0,13,13,255,255,13,13,0
337759835,NODE_F42DC973E618,blackhole,2,B0:CB:D8:F3:32:19,-43,0,13,13,255,255,13,13,0
337859567,NODE_F42DC973E618,blackhole,2,B0:CB:D8:F3:32:19,-43,0,13,13,255,255,13,13,0
337959572,NODE_F42DC973E618,blackhole,2,B0:CB:D8:F3:32:19,-43,0,13,13,255,255,13,13,0
338059575,NODE_F42DC973E618,blackhole,2,B0:CB:D8:F3:32:19,-43,0,13,13,255,255,13,13,0
338159567,NODE_F42DC973E618,blackhole,2,B0:CB:D8:F3:32:19,-43,0,13,13,255,255,13,13,0
338259564,NODE_F42DC973E618,blackhole,2,B0:CB:D8:F3:32:19,-43,0,14,14,255,255,14,14,0
338359567,NODE_F42DC973E618,blackhole,2,B0:CB:D8:F3:32:19,-43,0,14,14,255,255,14,14,0
338459575,NODE_F42DC973E618,blackhole,2,B0:CB:D8:F3:32:19,-43,0,14,14,255,255,14,14,0
338559568,NODE_F42DC973E618,blackhole,2,B0:CB:D8:F3:32:19,-43,0,14,14,255,255,14,14,0
338659567,NODE_F42DC973E618,blackhole,2,B0:CB:D8:F3:32:19,-43,0,14,14,255,255,14,14,0
338759575,NODE_F42DC973E618,blackhole,2,B0:CB:D8:F3:32:19,-43,0,14,14,255,255,14,14,0
338859568,NODE_F42DC973E618,blackhole,2,B0:CB:D8:F3:32:19,-42,0,14,14,255,255,14,14,0
338959567,NODE_F42DC973E618,blackhole,2,B0:CB:D8:F3:32:19,-38,0,14,14,255,255,14,14,0
339059575,NODE_F42DC973E618,blackhole,2,B0:CB:D8:F3:32:19,-38,0,14,14,255,255,14,14,0
339159568,NODE_F42DC973E618,blackhole,2,B0:CB:D8:F3:32:19,-40,0,14,14,255,255,14,14,0
339259567,NODE_F42DC973E618,blackhole,2,B0:CB:D8:F3:32:19,-42,0,15,15,255,255,15,15,0
339359575,NODE_F42DC973E618,blackhole,2,B0:CB:D8:F3:32:19,-42,0,15,15,255,255,15,15,0
339459568,NODE_F42DC973E618,blackhole,2,B0:CB:D8:F3:32:19,-43,0,15,15,255,255,15,15,0
339559567,NODE_F42DC973E618,blackhole,2,B0:CB:D8:F3:32:19,-41,0,15,15,255,255,15,15,0
339659567,NODE_F42DC973E618,blackhole,2,B0:CB:D8:F3:32:19,-39,0,15,15,255,255,15,15,0
339759576,NODE_F42DC973E618,blackhole,2,B0:CB:D8:F3:32:19,-42,0,15,15,255,255,15,15,0
339859567,NODE_F42DC973E618,blackhole,2,B0:CB:D8:F3:32:19,-43,0,15,15,255,255,15,15,0
339959571,NODE_F42DC973E618,blackhole,2,B0:CB:D8:F3:32:19,-41,0,15,15,255,255,15,15,0
340059568,NODE_F42DC973E618,blackhole,2,B0:CB:D8:F3:32:19,-39,0,15,15,255,255,15,15,0
340159567,NODE_F42DC973E618,blackhole,2,B0:CB:D8:F3:32:19,-42,0,15,15,255,255,15,15,0
340259567,NODE_F42DC973E618,blackhole,2,B0:CB:D8:F3:32:19,-43,0,16,16,255,255,16,16,0
340359568,NODE_F42DC973E618,blackhole,2,B0:CB:D8:F3:32:19,-38,0,16,16,255,255,16,16,0
340459567,NODE_F42DC973E618,blackhole,2,B0:CB:D8:F3:32:19,-42,0,16,16,255,255,16,16,0
340559567,NODE_F42DC973E618,blackhole,2,B0:CB:D8:F3:32:19,-42,0,16,16,255,255,16,16,0
340659576,NODE_F42DC973E618,blackhole,2,B0:CB:D8:F3:32:19,-43,0,16,16,255,255,16,16,0
340759567,NODE_F42DC973E618,blackhole,2,B0:CB:D8:F3:32:19,-42,0,16,16,255,255,16,16,0
340859567,NODE_F42DC973E618,blackhole,2,B0:CB:D8:F3:32:19,-42,0,16,16,255,255,16,16,0
340959568,NODE_F42DC973E618,blackhole,2,B0:CB:D8:F3:32:19,-42,0,16,16,255,255,16,16,0
341059575,NODE_F42DC973E618,blackhole,2,B0:CB:D8:F3:32:19,-41,0,16,16,255,255,16,16,0
341159567,NODE_F42DC973E618,blackhole,2,B0:CB:D8:F3:32:19,-42,0,16,16,255,255,16,16,0
341259568,NODE_F42DC973E618,blackhole,2,B0:CB:D8:F3:32:19,-42,0,17,17,255,255,17,17,0
341359563,NODE_F42DC973E618,blackhole,2,B0:CB:D8:F3:32:19,-42,0,17,17,255,255,17,17,0
341459674,NODE_F42DC973E618,blackhole,2,B0:CB:D8:F3:32:19,-42,0,17,17,255,255,17,17,0
341559568,NODE_F42DC973E618,blackhole,2,B0:CB:D8:F3:32:19,-42,0,17,17,255,255,17,17,0
341659567,NODE_F42DC973E618,blackhole,2,B0:CB:D8:F3:32:19,-42,0,17,17,255,255,17,17,0
341759575,NODE_F42DC973E618,blackhole,2,B0:CB:D8:F3:32:19,-39,0,17,17,255,255,17,17,0
341859568,NODE_F42DC973E618,blackhole,2,B0:CB:D8:F3:32:19,-43,0,17,17,255,255,17,17,0
341959567,NODE_F42DC973E618,blackhole,2,B0:CB:D8:F3:32:19,-39,0,17,17,255,255,17,17,0
342059567,NODE_F42DC973E618,blackhole,2,B0:CB:D8:F3:32:19,-42,0,17,17,255,255,17,17,0
342159568,NODE_F42DC973E618,blackhole,2,B0:CB:D8:F3:32:19,-39,0,17,17,255,255,17,17,0
342259563,NODE_F42DC973E618,blackhole,2,B0:CB:D8:F3:32:19,-39,0,18,18,255,255,18,18,0
342359575,NODE_F42DC973E618,blackhole,2,B0:CB:D8:F3:32:19,-43,0,18,18,255,255,18,18,0
342459568,NODE_F42DC973E618,blackhole,2,B0:CB:D8:F3:32:19,-38,0,18,18,255,255,18,18,0
342559567,NODE_F42DC973E618,blackhole,2,B0:CB:D8:F3:32:19,-40,0,18,18,255,255,18,18,0
342659567,NODE_F42DC973E618,blackhole,2,B0:CB:D8:F3:32:19,-42,0,18,18,255,255,18,18,0
342759568,NODE_F42DC973E618,blackhole,2,B0:CB:D8:F3:32:19,-42,0,18,18,255,255,18,18,0
342859567,NODE_F42DC973E618,blackhole,2,B0:CB:D8:F3:32:19,-38,0,18,18,255,255,18,18,0
342959567,NODE_F42DC973E618,blackhole,2,B0:CB:D8:F3:32:19,-43,0,18,18,255,255,18,18,0
343059568,NODE_F42DC973E618,blackhole,2,B0:CB:D8:F3:32:19,-41,0,18,18,255,255,18,18,0
343159567,NODE_F42DC973E618,blackhole,2,B0:CB:D8:F3:32:19,-38,0,18,18,255,255,18,18,0
343259563,NODE_F42DC973E618,blackhole,2,B0:CB:D8:F3:32:19,-42,0,19,19,255,255,19,19,0
343359568,NODE_F42DC973E618,blackhole,2,B0:CB:D8:F3:32:19,-41,0,19,19,255,255,19,19,0
343459575,NODE_F42DC973E618,blackhole,2,B0:CB:D8:F3:32:19,-41,0,19,19,255,255,19,19,0
343559567,NODE_F42DC973E618,blackhole,2,B0:CB:D8:F3:32:19,-40,0,19,19,255,255,19,19,0
343659568,NODE_F42DC973E618,blackhole,2,B0:CB:D8:F3:32:19,-43,0,19,19,255,255,19,19,0
343759567,NODE_F42DC973E618,blackhole,2,B0:CB:D8:F3:32:19,-42,0,19,19,255,255,19,19,0
343859567,NODE_F42DC973E618,blackhole,2,B0:CB:D8:F3:32:19,-39,0,19,19,255,255,19,19,0
343959568,NODE_F42DC973E618,blackhole,2,B0:CB:D8:F3:32:19,-42,0,19,19,255,255,19,19,0
344059575,NODE_F42DC973E618,blackhole,2,B0:CB:D8:F3:32:19,-43,0,19,19,255,255,19,19,0
344159567,NODE_F42DC973E618,blackhole,2,B0:CB:D8:F3:32:19,-38,0,19,19,255,255,19,19,0
344259568,NODE_F42DC973E618,blackhole,2,B0:CB:D8:F3:32:19,-42,0,20,20,255,255,20,20,0
344359567,NODE_F42DC973E618,blackhole,2,B0:CB:D8:F3:32:19,-42,0,20,20,255,255,20,20,0
344459575,NODE_F42DC973E618,blackhole,2,B0:CB:D8:F3:32:19,-43,0,20,20,255,255,20,20,0
344559568,NODE_F42DC973E618,blackhole,2,B0:CB:D8:F3:32:19,-42,0,20,20,255,255,20,20,0
344659567,NODE_F42DC973E618,blackhole,2,B0:CB:D8:F3:32:19,-42,0,20,20,255,255,20,20,0
344759567,NODE_F42DC973E618,blackhole,2,B0:CB:D8:F3:32:19,-40,0,20,20,255,255,20,20,0
344859568,NODE_F42DC973E618,blackhole,2,B0:CB:D8:F3:32:19,-42,0,20,20,255,255,20,20,0
344959571,NODE_F42DC973E618,blackhole,2,B0:CB:D8:F3:32:19,-38,0,20,20,255,255,20,20,0
345059567,NODE_F42DC973E618,blackhole,2,B0:CB:D8:F3:32:19,-38,0,20,20,255,255,20,20,0
345159568,NODE_F42DC973E618,blackhole,2,B0:CB:D8:F3:32:19,-38,0,20,20,255,255,20,20,0
345259575,NODE_F42DC973E618,blackhole,2,B0:CB:D8:F3:32:19,-38,0,21,21,255,255,21,21,0
345359567,NODE_F42DC973E618,blackhole,2,B0:CB:D8:F3:32:19,-38,0,21,21,255,255,21,21,0
345459568,NODE_F42DC973E618,blackhole,2,B0:CB:D8:F3:32:19,-38,0,21,21,255,255,21,21,0
345559886,NODE_F42DC973E618,blackhole,2,B0:CB:D8:F3:32:19,-38,0,21,21,255,255,21,21,0
345659567,NODE_F42DC973E618,blackhole,2,B0:CB:D8:F3:32:19,-38,0,21,21,255,255,21,21,0
345759568,NODE_F42DC973E618,blackhole,2,B0:CB:D8:F3:32:19,-38,0,21,21,255,255,21,21,0
345859567,NODE_F42DC973E618,blackhole,2,B0:CB:D8:F3:32:19,-38,0,21,21,255,255,21,21,0
345959571,NODE_F42DC973E618,blackhole,2,B0:CB:D8:F3:32:19,-38,0,21,21,255,255,21,21,0
346059568,NODE_F42DC973E618,blackhole,2,B0:CB:D8:F3:32:19,-38,0,21,21,255,255,21,21,0
346159567,NODE_F42DC973E618,blackhole,2,B0:CB:D8:F3:32:19,-38,0,21,21,255,255,21,21,0
346259563,NODE_F42DC973E618,blackhole,2,B0:CB:D8:F3:32:19,-38,0,22,22,255,255,22,22,0
346359568,NODE_F42DC973E618,blackhole,2,B0:CB:D8:F3:32:19,-38,0,22,22,255,255,22,22,0
346459575,NODE_F42DC973E618,blackhole,2,B0:CB:D8:F3:32:19,-38,0,22,22,255,255,22,22,0
346559567,NODE_F42DC973E618,blackhole,2,B0:CB:D8:F3:32:19,-40,0,22,22,255,255,22,22,0
346659568,NODE_F42DC973E618,blackhole,2,B0:CB:D8:F3:32:19,-39,0,22,22,255,255,22,22,0
346759575,NODE_F42DC973E618,blackhole,2,B0:CB:D8:F3:32:19,-41,0,22,22,255,255,22,22,0
346859567,NODE_F42DC973E618,blackhole,2,B0:CB:D8:F3:32:19,-43,0,22,22,255,255,22,22,0
346959568,NODE_F42DC973E618,blackhole,2,B0:CB:D8:F3:32:19,-42,0,22,22,255,255,22,22,0
347059575,NODE_F42DC973E618,blackhole,2,B0:CB:D8:F3:32:19,-42,0,22,22,255,255,22,22,0
347159567,NODE_F42DC973E618,blackhole,2,B0:CB:D8:F3:32:19,-40,0,22,22,255,255,22,22,0
347259564,NODE_F42DC973E618,blackhole,2,B0:CB:D8:F3:32:19,-42,0,23,23,255,255,23,23,0
347359567,NODE_F42DC973E618,blackhole,2,B0:CB:D8:F3:32:19,-42,0,23,23,255,255,23,23,0
347459567,NODE_F42DC973E618,blackhole,2,B0:CB:D8:F3:32:19,-40,0,23,23,255,255,23,23,0
347559568,NODE_F42DC973E618,blackhole,2,B0:CB:D8:F3:32:19,-40,0,23,23,255,255,23,23,0
347659567,NODE_F42DC973E618,blackhole,2,B0:CB:D8:F3:32:19,-42,0,23,23,255,255,23,23,0
347759575,NODE_F42DC973E618,blackhole,2,B0:CB:D8:F3:32:19,-39,0,23,23,255,255,23,23,0
347859568,NODE_F42DC973E618,blackhole,2,B0:CB:D8:F3:32:19,-38,0,23,23,255,255,23,23,0
347959567,NODE_F42DC973E618,blackhole,2,B0:CB:D8:F3:32:19,-40,0,23,23,255,255,23,23,0
348059567,NODE_F42DC973E618,blackhole,2,B0:CB:D8:F3:32:19,-43,0,23,23,255,255,23,23,0
348159568,NODE_F42DC973E618,blackhole,2,B0:CB:D8:F3:32:19,-42,0,23,23,255,255,23,23,0
348259567,NODE_F42DC973E618,blackhole,2,B0:CB:D8:F3:32:19,-42,0,24,24,255,255,24,24,0
348359575,NODE_F42DC973E618,blackhole,2,B0:CB:D8:F3:32:19,-42,0,24,24,255,255,24,24,0
348459568,NODE_F42DC973E618,blackhole,2,B0:CB:D8:F3:32:19,-39,0,24,24,255,255,24,24,0
348559567,NODE_F42DC973E618,blackhole,2,B0:CB:D8:F3:32:19,-39,0,24,24,255,255,24,24,0
348659567,NODE_F42DC973E618,blackhole,2,B0:CB:D8:F3:32:19,-39,0,24,24,255,255,24,24,0
348759568,NODE_F42DC973E618,blackhole,2,B0:CB:D8:F3:32:19,-42,0,24,24,255,255,24,24,0
348859567,NODE_F42DC973E618,blackhole,2,B0:CB:D8:F3:32:19,-42,0,24,24,255,255,24,24,0
348959567,NODE_F42DC973E618,blackhole,2,B0:CB:D8:F3:32:19,-42,0,24,24,255,255,24,24,0
349059568,NODE_F42DC973E618,blackhole,2,B0:CB:D8:F3:32:19,-39,0,24,24,255,255,24,24,0
349159567,NODE_F42DC973E618,blackhole,2,B0:CB:D8:F3:32:19,-42,0,24,24,255,255,24,24,0
349259567,NODE_F42DC973E618,blackhole,2,B0:CB:D8:F3:32:19,-41,0,25,25,255,255,25,25,0
349359568,NODE_F42DC973E618,blackhole,2,B0:CB:D8:F3:32:19,-42,0,25,25,255,255,25,25,0
349459575,NODE_F42DC973E618,blackhole,2,B0:CB:D8:F3:32:19,-42,0,25,25,255,255,25,25,0
349559567,NODE_F42DC973E618,blackhole,2,B0:CB:D8:F3:32:19,-39,0,25,25,255,255,25,25,0
349659568,NODE_F42DC973E618,blackhole,2,B0:CB:D8:F3:32:19,-39,0,25,25,255,255,25,25,0
349760334,NODE_F42DC973E618,blackhole,2,B0:CB:D8:F3:32:19,-43,0,25,25,255,255,25,25,0
349859567,NODE_F42DC973E618,blackhole,2,B0:CB:D8:F3:32:19,-43,0,25,25,255,255,25,25,0
349959572,NODE_F42DC973E618,blackhole,2,B0:CB:D8:F3:32:19,-39,0,25,25,255,255,25,25,0
350059575,NODE_F42DC973E618,blackhole,2,B0:CB:D8:F3:32:19,-43,0,25,25,255,255,25,25,0
350159567,NODE_F42DC973E618,blackhole,2,B0:CB:D8:F3:32:19,-39,0,25,25,255,255,25,25,0
350259564,NODE_F42DC973E618,blackhole,2,B0:CB:D8:F3:32:19,-39,0,26,26,255,255,26,26,0
350359567,NODE_F42DC973E618,blackhole,2,B0:CB:D8:F3:32:19,-39,0,26,26,255,255,26,26,0
350459575,NODE_F42DC973E618,blackhole,2,B0:CB:D8:F3:32:19,-42,0,26,26,255,255,26,26,0
350559568,NODE_F42DC973E618,blackhole,2,B0:CB:D8:F3:32:19,-41,0,26,26,255,255,26,26,0
350659567,NODE_F42DC973E618,blackhole,2,B0:CB:D8:F3:32:19,-40,0,26,26,255,255,26,26,0
350759567,NODE_F42DC973E618,blackhole,2,B0:CB:D8:F3:32:19,-42,0,26,26,255,255,26,26,0
350859568,NODE_F42DC973E618,blackhole,2,B0:CB:D8:F3:32:19,-42,0,26,26,255,255,26,26,0
350959567,NODE_F42DC973E618,blackhole,2,B0:CB:D8:F3:32:19,-42,0,26,26,255,255,26,26,0
351059567,NODE_F42DC973E618,blackhole,2,B0:CB:D8:F3:32:19,-38,0,26,26,255,255,26,26,0
351159568,NODE_F42DC973E618,blackhole,2,B0:CB:D8:F3:32:19,-40,0,26,26,255,255,26,26,0
351259563,NODE_F42DC973E618,blackhole,2,B0:CB:D8:F3:32:19,-37,0,27,27,255,255,27,27,0
351359567,NODE_F42DC973E618,blackhole,2,B0:CB:D8:F3:32:19,-39,0,27,27,255,255,27,27,0
351459568,NODE_F42DC973E618,blackhole,2,B0:CB:D8:F3:32:19,-42,0,27,27,255,255,27,27,0
351559567,NODE_F42DC973E618,blackhole,2,B0:CB:D8:F3:32:19,-39,0,27,27,255,255,27,27,0
351659567,NODE_F42DC973E618,blackhole,2,B0:CB:D8:F3:32:19,-39,0,27,27,255,255,27,27,0
351759568,NODE_F42DC973E618,blackhole,2,B0:CB:D8:F3:32:19,-42,0,27,27,255,255,27,27,0
351859567,NODE_F42DC973E618,blackhole,2,B0:CB:D8:F3:32:19,-43,0,27,27,255,255,27,27,0
351959575,NODE_F42DC973E618,blackhole,2,B0:CB:D8:F3:32:19,-42,0,27,27,255,255,27,27,0
352059568,NODE_F42DC973E618,blackhole,2,B0:CB:D8:F3:32:19,-43,0,27,27,255,255,27,27,0
352159567,NODE_F42DC973E618,blackhole,2,B0:CB:D8:F3:32:19,-38,0,27,27,255,255,27,27,0
352259567,NODE_F42DC973E618,blackhole,2,B0:CB:D8:F3:32:19,-42,0,28,28,255,255,28,28,0
352359568,NODE_F42DC973E618,blackhole,2,B0:CB:D8:F3:32:19,-42,0,28,28,255,255,28,28,0
352459575,NODE_F42DC973E618,blackhole,2,B0:CB:D8:F3:32:19,-39,0,28,28,255,255,28,28,0
352559567,NODE_F42DC973E618,blackhole,2,B0:CB:D8:F3:32:19,-42,0,28,28,255,255,28,28,0
352659568,NODE_F42DC973E618,blackhole,2,B0:CB:D8:F3:32:19,-42,0,28,28,255,255,28,28,0
352759567,NODE_F42DC973E618,blackhole,2,B0:CB:D8:F3:32:19,-43,0,28,28,255,255,28,28,0
352859567,NODE_F42DC973E618,blackhole,2,B0:CB:D8:F3:32:19,-42,0,28,28,255,255,28,28,0
352959568,NODE_F42DC973E618,blackhole,2,B0:CB:D8:F3:32:19,-42,0,28,28,255,255,28,28,0
353059575,NODE_F42DC973E618,blackhole,2,B0:CB:D8:F3:32:19,-42,0,28,28,255,255,28,28,0
353159567,NODE_F42DC973E618,blackhole,2,B0:CB:D8:F3:32:19,-43,0,28,28,255,255,28,28,0
353259568,NODE_F42DC973E618,blackhole,2,B0:CB:D8:F3:32:19,-38,0,29,29,255,255,29,29,0
353359567,NODE_F42DC973E618,blackhole,2,B0:CB:D8:F3:32:19,-43,0,29,29,255,255,29,29,0
353459793,NODE_F42DC973E618,blackhole,2,B0:CB:D8:F3:32:19,-42,0,29,29,255,255,29,29,0
353559564,NODE_F42DC973E618,blackhole,2,B0:CB:D8:F3:32:19,-43,0,29,29,255,255,29,29,0
353659575,NODE_F42DC973E618,blackhole,2,B0:CB:D8:F3:32:19,-42,0,29,29,255,255,29,29,0
353759575,NODE_F42DC973E618,blackhole,2,B0:CB:D8:F3:32:19,-43,0,29,29,255,255,29,29,0
353859568,NODE_F42DC973E618,blackhole,2,B0:CB:D8:F3:32:19,-42,0,29,29,255,255,29,29,0
353959567,NODE_F42DC973E618,blackhole,2,B0:CB:D8:F3:32:19,-42,0,29,29,255,255,29,29,0
354059567,NODE_F42DC973E618,blackhole,2,B0:CB:D8:F3:32:19,-43,0,29,29,255,255,29,29,0
354159798,NODE_F42DC973E618,blackhole,2,B0:CB:D8:F3:32:19,-42,0,29,29,255,255,29,29,0
354259563,NODE_F42DC973E618,blackhole,2,B0:CB:D8:F3:32:19,-38,0,30,30,255,255,30,30,0
354359567,NODE_F42DC973E618,blackhole,2,B0:CB:D8:F3:32:19,-42,0,30,30,255,255,30,30,0
354459568,NODE_F42DC973E618,blackhole,2,B0:CB:D8:F3:32:19,-42,0,30,30,255,255,30,30,0
354559567,NODE_F42DC973E618,blackhole,2,B0:CB:D8:F3:32:19,-43,0,30,30,255,255,30,30,0
354659567,NODE_F42DC973E618,blackhole,2,B0:CB:D8:F3:32:19,-38,0,30,30,255,255,30,30,0
354759568,NODE_F42DC973E618,blackhole,2,B0:CB:D8:F3:32:19,-42,0,30,30,255,255,30,30,0
354859567,NODE_F42DC973E618,blackhole,2,B0:CB:D8:F3:32:19,-39,0,30,30,255,255,30,30,0
354959575,NODE_F42DC973E618,blackhole,2,B0:CB:D8:F3:32:19,-37,0,30,30,255,255,30,30,0
355059568,NODE_F42DC973E618,blackhole,2,B0:CB:D8:F3:32:19,-42,0,30,30,255,255,30,30,0
355159567,NODE_F42DC973E618,blackhole,2,B0:CB:D8:F3:32:19,-40,0,30,30,255,255,30,30,0
355259563,NODE_F42DC973E618,blackhole,2,B0:CB:D8:F3:32:19,-38,0,31,31,255,255,31,31,0
355359568,NODE_F42DC973E618,blackhole,2,B0:CB:D8:F3:32:19,-40,0,31,31,255,255,31,31,0
355459575,NODE_F42DC973E618,blackhole,2,B0:CB:D8:F3:32:19,-43,0,31,31,255,255,31,31,0
355559567,NODE_F42DC973E618,blackhole,2,B0:CB:D8:F3:32:19,-39,0,31,31,255,255,31,31,0
355659568,NODE_F42DC973E618,blackhole,2,B0:CB:D8:F3:32:19,-39,0,31,31,255,255,31,31,0
355759567,NODE_F42DC973E618,blackhole,2,B0:CB:D8:F3:32:19,-43,0,31,31,255,255,31,31,0
355859567,NODE_F42DC973E618,blackhole,2,B0:CB:D8:F3:32:19,-42,0,31,31,255,255,31,31,0
355959568,NODE_F42DC973E618,blackhole,2,B0:CB:D8:F3:32:19,-43,0,31,31,255,255,31,31,0
356059575,NODE_F42DC973E618,blackhole,2,B0:CB:D8:F3:32:19,-38,0,31,31,255,255,31,31,0
356159567,NODE_F42DC973E618,blackhole,2,B0:CB:D8:F3:32:19,-38,0,31,31,255,255,31,31,0
356259568,NODE_F42DC973E618,blackhole,2,B0:CB:D8:F3:32:19,-39,0,32,32,255,255,32,32,0
356359567,NODE_F42DC973E618,blackhole,2,B0:CB:D8:F3:32:19,-39,0,32,32,255,255,32,32,0
356459567,NODE_F42DC973E618,blackhole,2,B0:CB:D8:F3:32:19,-42,0,32,32,255,255,32,32,0
356559568,NODE_F42DC973E618,blackhole,2,B0:CB:D8:F3:32:19,-39,0,32,32,255,255,32,32,0
356659567,NODE_F42DC973E618,blackhole,2,B0:CB:D8:F3:32:19,-38,0,32,32,255,255,32,32,0
356759567,NODE_F42DC973E618,blackhole,2,B0:CB:D8:F3:32:19,-42,0,32,32,255,255,32,32,0
356859568,NODE_F42DC973E618,blackhole,2,B0:CB:D8:F3:32:19,-42,0,32,32,255,255,32,32,0
356959571,NODE_F42DC973E618,blackhole,2,B0:CB:D8:F3:32:19,-42,0,32,32,255,255,32,32,0
357059567,NODE_F42DC973E618,blackhole,2,B0:CB:D8:F3:32:19,-42,0,32,32,255,255,32,32,0
357159568,NODE_F42DC973E618,blackhole,2,B0:CB:D8:F3:32:19,-41,0,32,32,255,255,32,32,0
357259567,NODE_F42DC973E618,blackhole,2,B0:CB:D8:F3:32:19,-42,0,33,33,255,255,33,33,0
357359567,NODE_F42DC973E618,blackhole,2,B0:CB:D8:F3:32:19,-39,0,33,33,255,255,33,33,0
357459568,NODE_F42DC973E618,blackhole,2,B0:CB:D8:F3:32:19,-42,0,33,33,255,255,33,33,0
357559567,NODE_F42DC973E618,blackhole,2,B0:CB:D8:F3:32:19,-42,0,33,33,255,255,33,33,0
357659567,NODE_F42DC973E618,blackhole,2,B0:CB:D8:F3:32:19,-37,0,33,33,255,255,33,33,0
357759576,NODE_F42DC973E618,blackhole,2,B0:CB:D8:F3:32:19,-43,0,33,33,255,255,33,33,0
357859567,NODE_F42DC973E618,blackhole,2,B0:CB:D8:F3:32:19,-42,0,33,33,255,255,33,33,0
357959567,NODE_F42DC973E618,blackhole,2,B0:CB:D8:F3:32:19,-42,0,33,33,255,255,33,33,0
358059568,NODE_F42DC973E618,blackhole,2,B0:CB:D8:F3:32:19,-43,0,33,33,255,255,33,33,0
358159567,NODE_F42DC973E618,blackhole,2,B0:CB:D8:F3:32:19,-42,0,33,33,255,255,33,33,0
358259767,NODE_F42DC973E618,blackhole,2,B0:CB:D8:F3:32:19,-42,0,34,34,255,255,34,34,0
358359576,NODE_F42DC973E618,blackhole,2,B0:CB:D8:F3:32:19,-42,0,34,34,255,255,34,34,0
358459567,NODE_F42DC973E618,blackhole,2,B0:CB:D8:F3:32:19,-42,0,34,34,255,255,34,34,0
358559567,NODE_F42DC973E618,blackhole,2,B0:CB:D8:F3:32:19,-43,0,34,34,255,255,34,34,0
358659568,NODE_F42DC973E618,blackhole,2,B0:CB:D8:F3:32:19,-43,0,34,34,255,255,34,34,0
358759567,NODE_F42DC973E618,blackhole,2,B0:CB:D8:F3:32:19,-43,0,34,34,255,255,34,34,0
358859567,NODE_F42DC973E618,blackhole,2,B0:CB:D8:F3:32:19,-42,0,34,34,255,255,34,34,0
358959568,NODE_F42DC973E618,blackhole,2,B0:CB:D8:F3:32:19,-41,0,34,34,255,255,34,34,0
359059575,NODE_F42DC973E618,blackhole,2,B0:CB:D8:F3:32:19,-41,0,34,34,255,255,34,34,0
359159567,NODE_F42DC973E618,blackhole,2,B0:CB:D8:F3:32:19,-41,0,34,34,255,255,34,34,0
359259564,NODE_F42DC973E618,blackhole,2,B0:CB:D8:F3:32:19,-41,0,35,35,255,255,35,35,0
359359567,NODE_F42DC973E618,blackhole,2,B0:CB:D8:F3:32:19,-41,0,35,35,255,255,35,35,0
359459567,NODE_F42DC973E618,blackhole,2,B0:CB:D8:F3:32:19,-41,0,35,35,255,255,35,35,0
359559564,NODE_F42DC973E618,blackhole,2,B0:CB:D8:F3:32:19,-41,0,35,35,255,255,35,35,0
359659575,NODE_F42DC973E618,blackhole,2,B0:CB:D8:F3:32:19,-41,0,35,35,255,255,35,35,0
359759567,NODE_F42DC973E618,blackhole,2,B0:CB:D8:F3:32:19,-41,0,35,35,255,255,35,35,0
359859568,NODE_F42DC973E618,blackhole,2,B0:CB:D8:F3:32:19,-41,0,35,35,255,255,35,35,0
359959571,NODE_F42DC973E618,blackhole,2,B0:CB:D8:F3:32:19,-41,0,35,35,255,255,35,35,0
360059567,NODE_F42DC973E618,blackhole,2,B0:CB:D8:F3:32:19,-41,0,35,35,255,255,35,35,0
360159568,NODE_F42DC973E618,blackhole,2,B0:CB:D8:F3:32:19,-41,0,35,35,255,255,35,35,0
360259563,NODE_F42DC973E618,blackhole,2,B0:CB:D8:F3:32:19,-41,0,36,36,255,255,36,36,0
360359567,NODE_F42DC973E618,blackhole,2,B0:CB:D8:F3:32:19,-41,0,36,36,255,255,36,36,0
360459576,NODE_F42DC973E618,blackhole,2,B0:CB:D8:F3:32:19,-41,0,36,36,255,255,36,36,0
360559567,NODE_F42DC973E618,blackhole,2,B0:CB:D8:F3:32:19,-43,0,36,36,255,255,36,36,0
360659567,NODE_F42DC973E618,blackhole,2,B0:CB:D8:F3:32:19,-42,0,36,36,255,255,36,36,0
360759576,NODE_F42DC973E618,blackhole,2,B0:CB:D8:F3:32:19,-42,0,36,36,255,255,36,36,0
360859567,NODE_F42DC973E618,blackhole,2,B0:CB:D8:F3:32:19,-41,0,36,36,255,255,36,36,0
360959567,NODE_F42DC973E618,blackhole,2,B0:CB:D8:F3:32:19,-38,0,36,36,255,255,36,36,0
361059568,NODE_F42DC973E618,blackhole,2,B0:CB:D8:F3:32:19,-42,0,36,36,255,255,36,36,0
361159567,NODE_F42DC973E618,blackhole,2,B0:CB:D8:F3:32:19,-40,0,36,36,255,255,36,36,0
361259567,NODE_F42DC973E618,blackhole,2,B0:CB:D8:F3:32:19,-41,0,37,37,255,255,37,37,0
361359576,NODE_F42DC973E618,blackhole,2,B0:CB:D8:F3:32:19,-40,0,37,37,255,255,37,37,0
361459567,NODE_F42DC973E618,blackhole,2,B0:CB:D8:F3:32:19,-39,0,37,37,255,255,37,37,0
361559567,NODE_F42DC973E618,blackhole,2,B0:CB:D8:F3:32:19,-42,0,37,37,255,255,37,37,0
361659568,NODE_F42DC973E618,blackhole,2,B0:CB:D8:F3:32:19,-38,0,37,37,255,255,37,37,0
361759567,NODE_F42DC973E618,blackhole,2,B0:CB:D8:F3:32:19,-43,0,37,37,255,255,37,37,0
361859567,NODE_F42DC973E618,blackhole,2,B0:CB:D8:F3:32:19,-42,0,37,37,255,255,37,37,0
361959568,NODE_F42DC973E618,blackhole,2,B0:CB:D8:F3:32:19,-38,0,37,37,255,255,37,37,0
362059575,NODE_F42DC973E618,blackhole,2,B0:CB:D8:F3:32:19,-42,0,37,37,255,255,37,37,0
362159567,NODE_F42DC973E618,blackhole,2,B0:CB:D8:F3:32:19,-43,0,37,37,255,255,37,37,0
362259568,NODE_F42DC973E618,blackhole,2,B0:CB:D8:F3:32:19,-40,0,38,38,255,255,38,38,0
362359567,NODE_F42DC973E618,blackhole,2,B0:CB:D8:F3:32:19,-42,0,38,38,255,255,38,38,0
362459567,NODE_F42DC973E618,blackhole,2,B0:CB:D8:F3:32:19,-38,0,38,38,255,255,38,38,0
362559568,NODE_F42DC973E618,blackhole,2,B0:CB:D8:F3:32:19,-38,0,38,38,255,255,38,38,0
362659575,NODE_F42DC973E618,blackhole,2,B0:CB:D8:F3:32:19,-38,0,38,38,255,255,38,38,0
362759563,NODE_F42DC973E618,blackhole,2,B0:CB:D8:F3:32:19,-41,0,38,38,255,255,38,38,0
362859568,NODE_F42DC973E618,blackhole,2,B0:CB:D8:F3:32:19,-42,0,38,38,255,255,38,38,0
362959567,NODE_F42DC973E618,blackhole,2,B0:CB:D8:F3:32:19,-42,0,38,38,255,255,38,38,0
363059567,NODE_F42DC973E618,blackhole,2,B0:CB:D8:F3:32:19,-42,0,38,38,255,255,38,38,0
363159568,NODE_F42DC973E618,blackhole,2,B0:CB:D8:F3:32:19,-42,0,38,38,255,255,38,38,0
363259563,NODE_F42DC973E618,blackhole,2,B0:CB:D8:F3:32:19,-39,0,39,39,255,255,39,39,0
363359567,NODE_F42DC973E618,blackhole,2,B0:CB:D8:F3:32:19,-42,0,39,39,255,255,39,39,0
363459568,NODE_F42DC973E618,blackhole,2,B0:CB:D8:F3:32:19,-42,0,39,39,255,255,39,39,0
363559567,NODE_F42DC973E618,blackhole,2,B0:CB:D8:F3:32:19,-38,0,39,39,255,255,39,39,0
363659567,NODE_F42DC973E618,blackhole,2,B0:CB:D8:F3:32:19,-40,0,39,39,255,255,39,39,0
363759576,NODE_F42DC973E618,blackhole,2,B0:CB:D8:F3:32:19,-42,0,39,39,255,255,39,39,0
363859567,NODE_F42DC973E618,blackhole,2,B0:CB:D8:F3:32:19,-37,0,39,39,255,255,39,39,0
363959567,NODE_F42DC973E618,blackhole,2,B0:CB:D8:F3:32:19,-42,0,39,39,255,255,39,39,0
364059568,NODE_F42DC973E618,blackhole,2,B0:CB:D8:F3:32:19,-42,0,39,39,255,255,39,39,0
364159567,NODE_F42DC973E618,blackhole,2,B0:CB:D8:F3:32:19,-39,0,39,39,255,255,39,39,0
364259563,NODE_F42DC973E618,blackhole,2,B0:CB:D8:F3:32:19,-39,0,40,40,255,255,40,40,0
364359576,NODE_F42DC973E618,blackhole,2,B0:CB:D8:F3:32:19,-42,0,40,40,255,255,40,40,0
364459567,NODE_F42DC973E618,blackhole,2,B0:CB:D8:F3:32:19,-42,0,40,40,255,255,40,40,0
364559567,NODE_F42DC973E618,blackhole,2,B0:CB:D8:F3:32:19,-42,0,40,40,255,255,40,40,0
364659568,NODE_F42DC973E618,blackhole,2,B0:CB:D8:F3:32:19,-39,0,40,40,255,255,40,40,0
364759567,NODE_F42DC973E618,blackhole,2,B0:CB:D8:F3:32:19,-38,0,40,40,255,255,40,40,0
364859567,NODE_F42DC973E618,blackhole,2,B0:CB:D8:F3:32:19,-40,0,40,40,255,255,40,40,0
364959576,NODE_F42DC973E618,blackhole,2,B0:CB:D8:F3:32:19,-42,0,40,40,255,255,40,40,0
365059575,NODE_F42DC973E618,blackhole,2,B0:CB:D8:F3:32:19,-42,0,40,40,255,255,40,40,0
365159567,NODE_F42DC973E618,blackhole,2,B0:CB:D8:F3:32:19,-42,0,40,40,255,255,40,40,0
365259568,NODE_F42DC973E618,blackhole,2,B0:CB:D8:F3:32:19,-38,0,41,41,255,255,41,41,0
365359567,NODE_F42DC973E618,blackhole,2,B0:CB:D8:F3:32:19,-38,0,41,41,255,255,41,41,0
365459567,NODE_F42DC973E618,blackhole,2,B0:CB:D8:F3:32:19,-42,0,41,41,255,255,41,41,0
365559564,NODE_F42DC973E618,blackhole,2,B0:CB:D8:F3:32:19,-39,0,41,41,255,255,41,41,0
365659575,NODE_F42DC973E618,blackhole,2,B0:CB:D8:F3:32:19,-38,0,41,41,255,255,41,41,0
365759567,NODE_F42DC973E618,blackhole,2,B0:CB:D8:F3:32:19,-42,0,41,41,255,255,41,41,0
365859564,NODE_F42DC973E618,blackhole,2,B0:CB:D8:F3:32:19,-38,0,41,41,255,255,41,41,0
365959567,NODE_F42DC973E618,blackhole,2,B0:CB:D8:F3:32:19,-43,0,41,41,255,255,41,41,0
366059567,NODE_F42DC973E618,blackhole,2,B0:CB:D8:F3:32:19,-38,0,41,41,255,255,41,41,0
366159564,NODE_F42DC973E618,blackhole,2,B0:CB:D8:F3:32:19,-42,0,41,41,255,255,41,41,0
366259567,NODE_F42DC973E618,blackhole,2,B0:CB:D8:F3:32:19,-38,0,42,42,255,255,42,42,0
366359567,NODE_F42DC973E618,blackhole,2,B0:CB:D8:F3:32:19,-40,0,42,42,255,255,42,42,0
366459576,NODE_F42DC973E618,blackhole,2,B0:CB:D8:F3:32:19,-43,0,42,42,255,255,42,42,0
366559567,NODE_F42DC973E618,blackhole,2,B0:CB:D8:F3:32:19,-38,0,42,42,255,255,42,42,0
366659567,NODE_F42DC973E618,blackhole,2,B0:CB:D8:F3:32:19,-39,0,42,42,255,255,42,42,0
366759568,NODE_F42DC973E618,blackhole,2,B0:CB:D8:F3:32:19,-39,0,42,42,255,255,42,42,0
366859567,NODE_F42DC973E618,blackhole,2,B0:CB:D8:F3:32:19,-39,0,42,42,255,255,42,42,0
366959567,NODE_F42DC973E618,blackhole,2,B0:CB:D8:F3:32:19,-43,0,42,42,255,255,42,42,0
367059568,NODE_F42DC973E618,blackhole,2,B0:CB:D8:F3:32:19,-42,0,42,42,255,255,42,42,0
367159567,NODE_F42DC973E618,blackhole,2,B0:CB:D8:F3:32:19,-43,0,42,42,255,255,42,42,0
367259563,NODE_F42DC973E618,blackhole,2,B0:CB:D8:F3:32:19,-43,0,43,43,255,255,43,43,0
367359568,NODE_F42DC973E618,blackhole,2,B0:CB:D8:F3:32:19,-42,0,43,43,255,255,43,43,0
367459567,NODE_F42DC973E618,blackhole,2,B0:CB:D8:F3:32:19,-42,0,43,43,255,255,43,43,0
367559567,NODE_F42DC973E618,blackhole,2,B0:CB:D8:F3:32:19,-42,0,43,43,255,255,43,43,0
367659568,NODE_F42DC973E618,blackhole,2,B0:CB:D8:F3:32:19,-43,0,43,43,255,255,43,43,0
367759575,NODE_F42DC973E618,blackhole,2,B0:CB:D8:F3:32:19,-41,0,43,43,255,255,43,43,0
367859567,NODE_F42DC973E618,blackhole,2,B0:CB:D8:F3:32:19,-42,0,43,43,255,255,43,43,0
367959572,NODE_F42DC973E618,blackhole,2,B0:CB:D8:F3:32:19,-43,0,43,43,255,255,43,43,0
368059575,NODE_F42DC973E618,blackhole,2,B0:CB:D8:F3:32:19,-39,0,43,43,255,255,43,43,0
368159567,NODE_F42DC973E618,blackhole,2,B0:CB:D8:F3:32:19,-39,0,43,43,255,255,43,43,0
368259564,NODE_F42DC973E618,blackhole,2,B0:CB:D8:F3:32:19,-43,0,44,44,255,255,44,44,0
368359567,NODE_F42DC973E618,blackhole,2,B0:CB:D8:F3:32:19,-43,0,44,44,255,255,44,44,0
368459575,NODE_F42DC973E618,blackhole,2,B0:CB:D8:F3:32:19,-42,0,44,44,255,255,44,44,0
368559568,NODE_F42DC973E618,blackhole,2,B0:CB:D8:F3:32:19,-39,0,44,44,255,255,44,44,0
368659567,NODE_F42DC973E618,blackhole,2,B0:CB:D8:F3:32:19,-39,0,44,44,255,255,44,44,0
368759567,NODE_F42DC973E618,blackhole,2,B0:CB:D8:F3:32:19,-42,0,44,44,255,255,44,44,0
368859568,NODE_F42DC973E618,blackhole,2,B0:CB:D8:F3:32:19,-43,0,44,44,255,255,44,44,0
368959567,NODE_F42DC973E618,blackhole,2,B0:CB:D8:F3:32:19,-42,0,44,44,255,255,44,44,0
369059571,NODE_F42DC973E618,blackhole,2,B0:CB:D8:F3:32:19,-38,0,44,44,255,255,44,44,0
369159568,NODE_F42DC973E618,blackhole,2,B0:CB:D8:F3:32:19,-39,0,44,44,255,255,44,44,0
369259563,NODE_F42DC973E618,blackhole,2,B0:CB:D8:F3:32:19,-41,0,45,45,255,255,45,45,0
369359567,NODE_F42DC973E618,blackhole,2,B0:CB:D8:F3:32:19,-38,0,45,45,255,255,45,45,0
369459568,NODE_F42DC973E618,blackhole,2,B0:CB:D8:F3:32:19,-40,0,45,45,255,255,45,45,0
369559567,NODE_F42DC973E618,blackhole,2,B0:CB:D8:F3:32:19,-42,0,45,45,255,255,45,45,0
369659567,NODE_F42DC973E618,blackhole,2,B0:CB:D8:F3:32:19,-40,0,45,45,255,255,45,45,0
369759576,NODE_F42DC973E618,blackhole,2,B0:CB:D8:F3:32:19,-41,0,45,45,255,255,45,45,0
369859567,NODE_F42DC973E618,blackhole,2,B0:CB:D8:F3:32:19,-43,0,45,45,255,255,45,45,0
369959571,NODE_F42DC973E618,blackhole,2,B0:CB:D8:F3:32:19,-39,0,45,45,255,255,45,45,0
370059568,NODE_F42DC973E618,blackhole,2,B0:CB:D8:F3:32:19,-42,0,45,45,255,255,45,45,0
370159567,NODE_F42DC973E618,blackhole,2,B0:CB:D8:F3:32:19,-39,0,45,45,255,255,45,45,0
370259567,NODE_F42DC973E618,blackhole,2,B0:CB:D8:F3:32:19,-42,0,46,46,255,255,46,46,0
370359568,NODE_F42DC973E618,blackhole,2,B0:CB:D8:F3:32:19,-39,0,46,46,255,255,46,46,0
370459567,NODE_F42DC973E618,blackhole,2,B0:CB:D8:F3:32:19,-39,0,46,46,255,255,46,46,0
370559567,NODE_F42DC973E618,blackhole,2,B0:CB:D8:F3:32:19,-38,0,46,46,255,255,46,46,0
370659568,NODE_F42DC973E618,blackhole,2,B0:CB:D8:F3:32:19,-42,0,46,46,255,255,46,46,0
370759567,NODE_F42DC973E618,blackhole,2,B0:CB:D8:F3:32:19,-41,0,46,46,255,255,46,46,0
370859567,NODE_F42DC973E618,blackhole,2,B0:CB:D8:F3:32:19,-40,0,46,46,255,255,46,46,0
370959572,NODE_F42DC973E618,blackhole,2,B0:CB:D8:F3:32:19,-42,0,46,46,255,255,46,46,0
371059943,NODE_F42DC973E618,blackhole,2,B0:CB:D8:F3:32:19,-42,0,46,46,255,255,46,46,0
371159567,NODE_F42DC973E618,blackhole,2,B0:CB:D8:F3:32:19,-42,0,46,46,255,255,46,46,0
371259568,NODE_F42DC973E618,blackhole,2,B0:CB:D8:F3:32:19,-38,0,47,47,255,255,47,47,0
371359567,NODE_F42DC973E618,blackhole,2,B0:CB:D8:F3:32:19,-38,0,47,47,255,255,47,47,0
371459575,NODE_F42DC973E618,blackhole,2,B0:CB:D8:F3:32:19,-42,0,47,47,255,255,47,47,0
371559568,NODE_F42DC973E618,blackhole,2,B0:CB:D8:F3:32:19,-42,0,47,47,255,255,47,47,0
371659567,NODE_F42DC973E618,blackhole,2,B0:CB:D8:F3:32:19,-38,0,47,47,255,255,47,47,0
371759567,NODE_F42DC973E618,blackhole,2,B0:CB:D8:F3:32:19,-38,0,47,47,255,255,47,47,0
371859568,NODE_F42DC973E618,blackhole,2,B0:CB:D8:F3:32:19,-41,0,47,47,255,255,47,47,0
371959567,NODE_F42DC973E618,blackhole,2,B0:CB:D8:F3:32:19,-42,0,47,47,255,255,47,47,0
372059571,NODE_F42DC973E618,blackhole,2,B0:CB:D8:F3:32:19,-42,0,47,47,255,255,47,47,0
372159568,NODE_F42DC973E618,blackhole,2,B0:CB:D8:F3:32:19,-41,0,47,47,255,255,47,47,0
372259563,NODE_F42DC973E618,blackhole,2,B0:CB:D8:F3:32:19,-38,0,48,48,255,255,48,48,0
372359567,NODE_F42DC973E618,blackhole,2,B0:CB:D8:F3:32:19,-42,0,48,48,255,255,48,48,0
372459568,NODE_F42DC973E618,blackhole,2,B0:CB:D8:F3:32:19,-38,0,48,48,255,255,48,48,0
372559567,NODE_F42DC973E618,blackhole,2,B0:CB:D8:F3:32:19,-42,0,48,48,255,255,48,48,0
372659567,NODE_F42DC973E618,blackhole,2,B0:CB:D8:F3:32:19,-38,0,48,48,255,255,48,48,0
372759576,NODE_F42DC973E618,blackhole,2,B0:CB:D8:F3:32:19,-40,0,48,48,255,255,48,48,0
372859567,NODE_F42DC973E618,blackhole,2,B0:CB:D8:F3:32:19,-41,0,48,48,255,255,48,48,0
372959567,NODE_F42DC973E618,blackhole,2,B0:CB:D8:F3:32:19,-37,0,48,48,255,255,48,48,0
373059568,NODE_F42DC973E618,blackhole,2,B0:CB:D8:F3:32:19,-39,0,48,48,255,255,48,48,0
373159567,NODE_F42DC973E618,blackhole,2,B0:CB:D8:F3:32:19,-41,0,48,48,255,255,48,48,0
373259563,NODE_F42DC973E618,blackhole,2,B0:CB:D8:F3:32:19,-38,0,49,49,255,255,49,49,0
373359576,NODE_F42DC973E618,blackhole,2,B0:CB:D8:F3:32:19,-37,0,49,49,255,255,49,49,0
373459567,NODE_F42DC973E618,blackhole,2,B0:CB:D8:F3:32:19,-39,0,49,49,255,255,49,49,0
373559567,NODE_F42DC973E618,blackhole,2,B0:CB:D8:F3:32:19,-41,0,49,49,255,255,49,49,0
373659568,NODE_F42DC973E618,blackhole,2,B0:CB:D8:F3:32:19,-39,0,49,49,255,255,49,49,0
373759567,NODE_F42DC973E618,blackhole,2,B0:CB:D8:F3:32:19,-42,0,49,49,255,255,49,49,0
373859567,NODE_F42DC973E618,blackhole,2,B0:CB:D8:F3:32:19,-39,0,49,49,255,255,49,49,0
373959568,NODE_F42DC973E618,blackhole,2,B0:CB:D8:F3:32:19,-38,0,49,49,255,255,49,49,0
374059575,NODE_F42DC973E618,blackhole,2,B0:CB:D8:F3:32:19,-39,0,49,49,255,255,49,49,0
374159567,NODE_F42DC973E618,blackhole,2,B0:CB:D8:F3:32:19,-38,0,49,49,255,255,49,49,0
374259568,NODE_F42DC973E618,blackhole,2,B0:CB:D8:F3:32:19,-42,0,50,50,255,255,50,50,0
374359567,NODE_F42DC973E618,blackhole,2,B0:CB:D8:F3:32:19,-42,0,50,50,255,255,50,50,0
374459575,NODE_F42DC973E618,blackhole,2,B0:CB:D8:F3:32:19,-39,0,50,50,255,255,50,50,0
374559568,NODE_F42DC973E618,blackhole,2,B0:CB:D8:F3:32:19,-38,0,50,50,255,255,50,50,0
374659567,NODE_F42DC973E618,blackhole,2,B0:CB:D8:F3:32:19,-42,0,50,50,255,255,50,50,0
374759575,NODE_F42DC973E618,blackhole,2,B0:CB:D8:F3:32:19,-42,0,50,50,255,255,50,50,0
374859568,NODE_F42DC973E618,blackhole,2,B0:CB:D8:F3:32:19,-42,0,50,50,255,255,50,50,0
374959571,NODE_F42DC973E618,blackhole,2,B0:CB:D8:F3:32:19,-39,0,50,50,255,255,50,50,0
375059571,NODE_F42DC973E618,blackhole,2,B0:CB:D8:F3:32:19,-38,0,50,50,255,255,50,50,0
375159568,NODE_F42DC973E618,blackhole,2,B0:CB:D8:F3:32:19,-38,0,50,50,255,255,50,50,0
375259567,NODE_F42DC973E618,blackhole,2,B0:CB:D8:F3:32:19,-43,0,51,51,255,255,51,51,0
375360189,NODE_F42DC973E618,blackhole,2,B0:CB:D8:F3:32:19,-39,0,51,51,255,255,51,51,0
375459568,NODE_F42DC973E618,blackhole,2,B0:CB:D8:F3:32:19,-39,0,51,51,255,255,51,51,0
375559567,NODE_F42DC973E618,blackhole,2,B0:CB:D8:F3:32:19,-42,0,51,51,255,255,51,51,0
375659575,NODE_F42DC973E618,blackhole,2,B0:CB:D8:F3:32:19,-42,0,51,51,255,255,51,51,0
375759568,NODE_F42DC973E618,blackhole,2,B0:CB:D8:F3:32:19,-42,0,51,51,255,255,51,51,0
375859567,NODE_F42DC973E618,blackhole,2,B0:CB:D8:F3:32:19,-39,0,51,51,255,255,51,51,0
375959567,NODE_F42DC973E618,blackhole,2,B0:CB:D8:F3:32:19,-41,0,51,51,255,255,51,51,0
376059568,NODE_F42DC973E618,blackhole,2,B0:CB:D8:F3:32:19,-42,0,51,51,255,255,51,51,0
376159567,NODE_F42DC973E618,blackhole,2,B0:CB:D8:F3:32:19,-39,0,51,51,255,255,51,51,0
376259563,NODE_F42DC973E618,blackhole,2,B0:CB:D8:F3:32:19,-42,0,52,52,255,255,52,52,0
376359568,NODE_F42DC973E618,blackhole,2,B0:CB:D8:F3:32:19,-42,0,52,52,255,255,52,52,0
376459575,NODE_F42DC973E618,blackhole,2,B0:CB:D8:F3:32:19,-38,0,52,52,255,255,52,52,0
376559567,NODE_F42DC973E618,blackhole,2,B0:CB:D8:F3:32:19,-43,0,52,52,255,255,52,52,0
376659568,NODE_F42DC973E618,blackhole,2,B0:CB:D8:F3:32:19,-41,0,52,52,255,255,52,52,0
376759567,NODE_F42DC973E618,blackhole,2,B0:CB:D8:F3:32:19,-38,0,52,52,255,255,52,52,0
376859567,NODE_F42DC973E618,blackhole,2,B0:CB:D8:F3:32:19,-38,0,52,52,255,255,52,52,0
376959568,NODE_F42DC973E618,blackhole,2,B0:CB:D8:F3:32:19,-42,0,52,52,255,255,52,52,0
377059575,NODE_F42DC973E618,blackhole,2,B0:CB:D8:F3:32:19,-41,0,52,52,255,255,52,52,0
377159567,NODE_F42DC973E618,blackhole,2,B0:CB:D8:F3:32:19,-38,0,52,52,255,255,52,52,0
377259568,NODE_F42DC973E618,blackhole,2,B0:CB:D8:F3:32:19,-41,0,53,53,255,255,53,53,0
377359567,NODE_F42DC973E618,blackhole,2,B0:CB:D8:F3:32:19,-38,0,53,53,255,255,53,53,0
377459575,NODE_F42DC973E618,blackhole,2,B0:CB:D8:F3:32:19,-41,0,53,53,255,255,53,53,0
377559564,NODE_F42DC973E618,blackhole,2,B0:CB:D8:F3:32:19,-39,0,53,53,255,255,53,53,0
377659567,NODE_F42DC973E618,blackhole,2,B0:CB:D8:F3:32:19,-39,0,53,53,255,255,53,53,0
377759567,NODE_F42DC973E618,blackhole,2,B0:CB:D8:F3:32:19,-42,0,53,53,255,255,53,53,0
377859564,NODE_F42DC973E618,blackhole,2,B0:CB:D8:F3:32:19,-42,0,53,53,255,255,53,53,0
377959567,NODE_F42DC973E618,blackhole,2,B0:CB:D8:F3:32:19,-42,0,53,53,255,255,53,53,0
378059571,NODE_F42DC973E618,blackhole,2,B0:CB:D8:F3:32:19,-37,0,53,53,255,255,53,53,0
378159564,NODE_F42DC973E618,blackhole,2,B0:CB:D8:F3:32:19,-41,0,53,53,255,255,53,53,0
378259563,NODE_F42DC973E618,blackhole,2,B0:CB:D8:F3:32:19,-42,0,54,54,255,255,54,54,0
378359567,NODE_F42DC973E618,blackhole,2,B0:CB:D8:F3:32:19,-41,0,54,54,255,255,54,54,0
378459568,NODE_F42DC973E618,blackhole,2,B0:CB:D8:F3:32:19,-40,0,54,54,255,255,54,54,0
378559567,NODE_F42DC973E618,blackhole,2,B0:CB:D8:F3:32:19,-37,0,54,54,255,255,54,54,0
378659575,NODE_F42DC973E618,blackhole,2,B0:CB:D8:F3:32:19,-42,0,54,54,255,255,54,54,0
378759568,NODE_F42DC973E618,blackhole,2,B0:CB:D8:F3:32:19,-43,0,54,54,255,255,54,54,0
378859567,NODE_F42DC973E618,blackhole,2,B0:CB:D8:F3:32:19,-41,0,54,54,255,255,54,54,0
378959567,NODE_F42DC973E618,blackhole,2,B0:CB:D8:F3:32:19,-41,0,54,54,255,255,54,54,0
379059568,NODE_F42DC973E618,blackhole,2,B0:CB:D8:F3:32:19,-38,0,54,54,255,255,54,54,0
379159567,NODE_F42DC973E618,blackhole,2,B0:CB:D8:F3:32:19,-38,0,54,54,255,255,54,54,0
379259571,NODE_F42DC973E618,blackhole,2,B0:CB:D8:F3:32:19,-43,0,54,54,255,255,54,54,0
379359568,NODE_F42DC973E618,blackhole,2,B0:CB:D8:F3:32:19,-43,0,54,54,255,255,54,54,0
379459567,NODE_F42DC973E618,blackhole,2,B0:CB:D8:F3:32:19,-38,0,54,54,255,255,54,54,0
379559567,NODE_F42DC973E618,blackhole,2,B0:CB:D8:F3:32:19,-42,0,54,54,255,255,54,54,0
379660333,NODE_F42DC973E618,blackhole,2,B0:CB:D8:F3:32:19,-43,0,54,54,255,255,54,54,0
379759563,NODE_F42DC973E618,blackhole,2,B0:CB:D8:F3:32:19,-43,0,54,54,255,255,54,54,0
379859567,NODE_F42DC973E618,blackhole,2,B0:CB:D8:F3:32:19,-42,0,54,54,255,255,54,54,0
379959572,NODE_F42DC973E618,blackhole,2,B0:CB:D8:F3:32:19,-42,0,54,54,255,255,54,54,0
380059575,NODE_F42DC973E618,blackhole,2,B0:CB:D8:F3:32:19,-37,0,54,54,255,255,54,54,0
380159567,NODE_F42DC973E618,blackhole,2,B0:CB:D8:F3:32:19,-42,0,54,54,255,255,54,54,0
380259568,NODE_F42DC973E618,blackhole,2,B0:CB:D8:F3:32:19,-42,0,54,54,255,255,54,54,0
380359567,NODE_F42DC973E618,blackhole,2,B0:CB:D8:F3:32:19,-42,0,54,54,255,255,54,54,0
380459563,NODE_F42DC973E618,blackhole,2,B0:CB:D8:F3:32:19,-38,0,55,55,255,255,55,55,0
380559568,NODE_F42DC973E618,blackhole,2,B0:CB:D8:F3:32:19,-42,0,55,55,255,255,55,55,0
380659567,NODE_F42DC973E618,blackhole,2,B0:CB:D8:F3:32:19,-37,0,55,55,255,255,55,55,0
380759567,NODE_F42DC973E618,blackhole,2,B0:CB:D8:F3:32:19,-40,0,55,55,255,255,55,55,0
380859568,NODE_F42DC973E618,blackhole,2,B0:CB:D8:F3:32:19,-42,0,55,55,255,255,55,55,0
380959571,NODE_F42DC973E618,blackhole,2,B0:CB:D8:F3:32:19,-41,0,55,55,255,255,55,55,0
381059571,NODE_F42DC973E618,blackhole,2,B0:CB:D8:F3:32:19,-40,0,55,55,255,255,55,55,0
381159568,NODE_F42DC973E618,blackhole,2,B0:CB:D8:F3:32:19,-43,0,55,55,255,255,55,55,0
381259567,NODE_F42DC973E618,blackhole,2,B0:CB:D8:F3:32:19,-42,0,55,55,255,255,55,55,0
381359567,NODE_F42DC973E618,blackhole,2,B0:CB:D8:F3:32:19,-38,0,55,55,255,255,55,55,0
381459564,NODE_F42DC973E618,blackhole,2,B0:CB:D8:F3:32:19,-42,0,56,56,255,255,56,56,0
381559567,NODE_F42DC973E618,blackhole,2,B0:CB:D8:F3:32:19,-42,0,56,56,255,255,56,56,0
381659575,NODE_F42DC973E618,blackhole,2,B0:CB:D8:F3:32:19,-38,0,56,56,255,255,56,56,0
381759576,NODE_F42DC973E618,blackhole,2,B0:CB:D8:F3:32:19,-41,0,56,56,255,255,56,56,0
381859567,NODE_F42DC973E618,blackhole,2,B0:CB:D8:F3:32:19,-42,0,56,56,255,255,56,56,0
381959567,NODE_F42DC973E618,blackhole,2,B0:CB:D8:F3:32:19,-38,0,56,56,255,255,56,56,0
382059568,NODE_F42DC973E618,blackhole,2,B0:CB:D8:F3:32:19,-38,0,56,56,255,255,56,56,0
382159567,NODE_F42DC973E618,blackhole,2,B0:CB:D8:F3:32:19,-42,0,56,56,255,255,56,56,0
382259571,NODE_F42DC973E618,blackhole,2,B0:CB:D8:F3:32:19,-38,0,56,56,255,255,56,56,0
382359568,NODE_F42DC973E618,blackhole,2,B0:CB:D8:F3:32:19,-39,0,56,56,255,255,56,56,0
382459567,NODE_F42DC973E618,blackhole,2,B0:CB:D8:F3:32:19,-42,0,57,57,255,255,57,57,0
382559567,NODE_F42DC973E618,blackhole,2,B0:CB:D8:F3:32:19,-39,0,57,57,255,255,57,57,0
382659568,NODE_F42DC973E618,blackhole,2,B0:CB:D8:F3:32:19,-43,0,57,57,255,255,57,57,0
382759575,NODE_F42DC973E618,blackhole,2,B0:CB:D8:F3:32:19,-39,0,57,57,255,255,57,57,0
382859567,NODE_F42DC973E618,blackhole,2,B0:CB:D8:F3:32:19,-42,0,57,57,255,255,57,57,0
382959568,NODE_F42DC973E618,blackhole,2,B0:CB:D8:F3:32:19,-43,0,57,57,255,255,57,57,0
383059575,NODE_F42DC973E618,blackhole,2,B0:CB:D8:F3:32:19,-42,0,57,57,255,255,57,57,0
383159567,NODE_F42DC973E618,blackhole,2,B0:CB:D8:F3:32:19,-37,0,57,57,255,255,57,57,0
383259568,NODE_F42DC973E618,blackhole,2,B0:CB:D8:F3:32:19,-43,0,57,57,255,255,57,57,0
383359567,NODE_F42DC973E618,blackhole,2,B0:CB:D8:F3:32:19,-39,0,57,57,255,255,57,57,0
383459567,NODE_F42DC973E618,blackhole,2,B0:CB:D8:F3:32:19,-40,0,58,58,255,255,58,58,0
383559568,NODE_F42DC973E618,blackhole,2,B0:CB:D8:F3:32:19,-42,0,58,58,255,255,58,58,0
383659911,NODE_F42DC973E618,blackhole,2,B0:CB:D8:F3:32:19,-42,0,58,58,255,255,58,58,0
383759567,NODE_F42DC973E618,blackhole,2,B0:CB:D8:F3:32:19,-43,0,58,58,255,255,58,58,0
383860023,NODE_F42DC973E618,blackhole,2,B0:CB:D8:F3:32:19,-40,0,58,58,255,255,58,58,0
383959571,NODE_F42DC973E618,blackhole,2,B0:CB:D8:F3:32:19,-40,0,58,58,255,255,58,58,0
384059571,NODE_F42DC973E618,blackhole,2,B0:CB:D8:F3:32:19,-38,0,58,58,255,255,58,58,0
384159961,NODE_F42DC973E618,blackhole,2,B0:CB:D8:F3:32:19,-38,0,58,58,255,255,58,58,0
384259563,NODE_F42DC973E618,blackhole,2,B0:CB:D8:F3:32:19,-39,0,58,58,255,255,58,58,0
384359567,NODE_F42DC973E618,blackhole,2,B0:CB:D8:F3:32:19,-42,0,58,58,255,255,58,58,0
384459564,NODE_F42DC973E618,blackhole,2,B0:CB:D8:F3:32:19,-39,0,59,59,255,255,59,59,0
384559567,NODE_F42DC973E618,blackhole,2,B0:CB:D8:F3:32:19,-38,0,59,59,255,255,59,59,0
384659575,NODE_F42DC973E618,blackhole,2,B0:CB:D8:F3:32:19,-39,0,59,59,255,255,59,59,0
384759568,NODE_F42DC973E618,blackhole,2,B0:CB:D8:F3:32:19,-38,0,59,59,255,255,59,59,0
384859567,NODE_F42DC973E618,blackhole,2,B0:CB:D8:F3:32:19,-42,0,59,59,255,255,59,59,0
384959571,NODE_F42DC973E618,blackhole,2,B0:CB:D8:F3:32:19,-43,0,59,59,255,255,59,59,0
385059568,NODE_F42DC973E618,blackhole,2,B0:CB:D8:F3:32:19,-38,0,59,59,255,255,59,59,0
385159567,NODE_F42DC973E618,blackhole,2,B0:CB:D8:F3:32:19,-41,0,59,59,255,255,59,59,0
385259571,NODE_F42DC973E618,blackhole,2,B0:CB:D8:F3:32:19,-39,0,59,59,255,255,59,59,0
385359568,NODE_F42DC973E618,blackhole,2,B0:CB:D8:F3:32:19,-40,0,59,59,255,255,59,59,0
385459563,NODE_F42DC973E618,blackhole,2,B0:CB:D8:F3:32:19,-39,0,60,60,255,255,60,60,0
385559567,NODE_F42DC973E618,blackhole,2,B0:CB:D8:F3:32:19,-40,0,60,60,255,255,60,60,0
385659568,NODE_F42DC973E618,blackhole,2,B0:CB:D8:F3:32:19,-42,0,60,60,255,255,60,60,0
385759575,NODE_F42DC973E618,blackhole,2,B0:CB:D8:F3:32:19,-39,0,60,60,255,255,60,60,0
385859567,NODE_F42DC973E618,blackhole,2,B0:CB:D8:F3:32:19,-38,0,60,60,255,255,60,60,0
385959568,NODE_F42DC973E618,blackhole,2,B0:CB:D8:F3:32:19,-38,0,60,60,255,255,60,60,0
386059575,NODE_F42DC973E618,blackhole,2,B0:CB:D8:F3:32:19,-42,0,60,60,255,255,60,60,0
386159567,NODE_F42DC973E618,blackhole,2,B0:CB:D8:F3:32:19,-38,0,60,60,255,255,60,60,0
386259568,NODE_F42DC973E618,blackhole,2,B0:CB:D8:F3:32:19,-38,0,60,60,255,255,60,60,0
386359567,NODE_F42DC973E618,blackhole,2,B0:CB:D8:F3:32:19,-41,0,60,60,255,255,60,60,0
386459563,NODE_F42DC973E618,blackhole,2,B0:CB:D8:F3:32:19,-39,0,61,61,255,255,61,61,0
386559564,NODE_F42DC973E618,blackhole,2,B0:CB:D8:F3:32:19,-39,0,61,61,255,255,61,61,0
386659567,NODE_F42DC973E618,blackhole,2,B0:CB:D8:F3:32:19,-38,0,61,61,255,255,61,61,0
386759567,NODE_F42DC973E618,blackhole,2,B0:CB:D8:F3:32:19,-41,0,61,61,255,255,61,61,0
386859568,NODE_F42DC973E618,blackhole,2,B0:CB:D8:F3:32:19,-39,0,61,61,255,255,61,61,0
386959571,NODE_F42DC973E618,blackhole,2,B0:CB:D8:F3:32:19,-42,0,61,61,255,255,61,61,0
387059571,NODE_F42DC973E618,blackhole,2,B0:CB:D8:F3:32:19,-43,0,61,61,255,255,61,61,0
387159568,NODE_F42DC973E618,blackhole,2,B0:CB:D8:F3:32:19,-41,0,61,61,255,255,61,61,0
387259567,NODE_F42DC973E618,blackhole,2,B0:CB:D8:F3:32:19,-43,0,61,61,255,255,61,61,0
387359567,NODE_F42DC973E618,blackhole,2,B0:CB:D8:F3:32:19,-42,0,61,61,255,255,61,61,0
387459568,NODE_F42DC973E618,blackhole,2,B0:CB:D8:F3:32:19,-41,0,62,62,255,255,62,62,0
387559567,NODE_F42DC973E618,blackhole,2,B0:CB:D8:F3:32:19,-39,0,62,62,255,255,62,62,0
387659575,NODE_F42DC973E618,blackhole,2,B0:CB:D8:F3:32:19,-42,0,62,62,255,255,62,62,0
387759568,NODE_F42DC973E618,blackhole,2,B0:CB:D8:F3:32:19,-39,0,62,62,255,255,62,62,0
387859571,NODE_F42DC973E618,blackhole,2,B0:CB:D8:F3:32:19,-42,0,62,62,255,255,62,62,0
387959571,NODE_F42DC973E618,blackhole,2,B0:CB:D8:F3:32:19,-43,0,62,62,255,255,62,62,0
388059568,NODE_F42DC973E618,blackhole,2,B0:CB:D8:F3:32:19,-42,0,62,62,255,255,62,62,0
388160325,NODE_F42DC973E618,blackhole,2,B0:CB:D8:F3:32:19,-39,0,62,62,255,255,62,62,0
388259567,NODE_F42DC973E618,blackhole,2,B0:CB:D8:F3:32:19,-39,0,62,62,255,255,62,62,0
388359568,NODE_F42DC973E618,blackhole,2,B0:CB:D8:F3:32:19,-40,0,62,62,255,255,62,62,0
388459563,NODE_F42DC973E618,blackhole,2,B0:CB:D8:F3:32:19,-38,0,63,63,255,255,63,63,0
388559567,NODE_F42DC973E618,blackhole,2,B0:CB:D8:F3:32:19,-43,0,63,63,255,255,63,63,0
388659568,NODE_F42DC973E618,blackhole,2,B0:CB:D8:F3:32:19,-42,0,63,63,255,255,63,63,0
388759575,NODE_F42DC973E618,blackhole,2,B0:CB:D8:F3:32:19,-38,0,63,63,255,255,63,63,0
388859567,NODE_F42DC973E618,blackhole,2,B0:CB:D8:F3:32:19,-41,0,63,63,255,255,63,63,0
388959568,NODE_F42DC973E618,blackhole,2,B0:CB:D8:F3:32:19,-43,0,63,63,255,255,63,63,0
389059575,NODE_F42DC973E618,blackhole,2,B0:CB:D8:F3:32:19,-39,0,63,63,255,255,63,63,0
389159567,NODE_F42DC973E618,blackhole,2,B0:CB:D8:F3:32:19,-42,0,63,63,255,255,63,63,0
389259568,NODE_F42DC973E618,blackhole,2,B0:CB:D8:F3:32:19,-42,0,63,63,255,255,63,63,0
389359567,NODE_F42DC973E618,blackhole,2,B0:CB:D8:F3:32:19,-42,0,63,63,255,255,63,63,0
389459563,NODE_F42DC973E618,blackhole,2,B0:CB:D8:F3:32:19,-42,0,64,64,255,255,64,64,0
389559568,NODE_F42DC973E618,blackhole,2,B0:CB:D8:F3:32:19,-43,0,64,64,255,255,64,64,0
389659567,NODE_F42DC973E618,blackhole,2,B0:CB:D8:F3:32:19,-40,0,64,64,255,255,64,64,0
389759567,NODE_F42DC973E618,blackhole,2,B0:CB:D8:F3:32:19,-42,0,64,64,255,255,64,64,0
389859568,NODE_F42DC973E618,blackhole,2,B0:CB:D8:F3:32:19,-43,0,64,64,255,255,64,64,0
389959575,NODE_F42DC973E618,blackhole,2,B0:CB:D8:F3:32:19,-38,0,64,64,255,255,64,64,0
390059567,NODE_F42DC973E618,blackhole,2,B0:CB:D8:F3:32:19,-42,0,64,64,255,255,64,64,0
390159568,NODE_F42DC973E618,blackhole,2,B0:CB:D8:F3:32:19,-42,0,64,64,255,255,64,64,0
390259567,NODE_F42DC973E618,blackhole,2,B0:CB:D8:F3:32:19,-38,0,64,64,255,255,64,64,0
390359567,NODE_F42DC973E618,blackhole,2,B0:CB:D8:F3:32:19,-42,0,64,64,255,255,64,64,0
390459564,NODE_F42DC973E618,blackhole,2,B0:CB:D8:F3:32:19,-43,0,65,65,255,255,65,65,0
390559567,NODE_F42DC973E618,blackhole,2,B0:CB:D8:F3:32:19,-39,0,65,65,255,255,65,65,0
390659575,NODE_F42DC973E618,blackhole,2,B0:CB:D8:F3:32:19,-41,0,65,65,255,255,65,65,0
390759568,NODE_F42DC973E618,blackhole,2,B0:CB:D8:F3:32:19,-37,0,65,65,255,255,65,65,0
390859567,NODE_F42DC973E618,blackhole,2,B0:CB:D8:F3:32:19,-39,0,65,65,255,255,65,65,0
390959567,NODE_F42DC973E618,blackhole,2,B0:CB:D8:F3:32:19,-40,0,65,65,255,255,65,65,0
391059568,NODE_F42DC973E618,blackhole,2,B0:CB:D8:F3:32:19,-38,0,65,65,255,255,65,65,0
391159567,NODE_F42DC973E618,blackhole,2,B0:CB:D8:F3:32:19,-39,0,65,65,255,255,65,65,0
391259567,NODE_F42DC973E618,blackhole,2,B0:CB:D8:F3:32:19,-43,0,65,65,255,255,65,65,0
391359568,NODE_F42DC973E618,blackhole,2,B0:CB:D8:F3:32:19,-42,0,65,65,255,255,65,65,0
391459567,NODE_F42DC973E618,blackhole,2,B0:CB:D8:F3:32:19,-41,0,66,66,255,255,66,66,0
391559567,NODE_F42DC973E618,blackhole,2,B0:CB:D8:F3:32:19,-40,0,66,66,255,255,66,66,0
391659568,NODE_F42DC973E618,blackhole,2,B0:CB:D8:F3:32:19,-39,0,66,66,255,255,66,66,0
391759575,NODE_F42DC973E618,blackhole,2,B0:CB:D8:F3:32:19,-43,0,66,66,255,255,66,66,0
391859567,NODE_F42DC973E618,blackhole,2,B0:CB:D8:F3:32:19,-38,0,66,66,255,255,66,66,0
391959568,NODE_F42DC973E618,blackhole,2,B0:CB:D8:F3:32:19,-38,0,66,66,255,255,66,66,0
392059575,NODE_F42DC973E618,blackhole,2,B0:CB:D8:F3:32:19,-38,0,66,66,255,255,66,66,0
392159819,NODE_F42DC973E618,blackhole,2,B0:CB:D8:F3:32:19,-42,0,66,66,255,255,66,66,0
392259568,NODE_F42DC973E618,blackhole,2,B0:CB:D8:F3:32:19,-38,0,66,66,255,255,66,66,0
392359901,NODE_F42DC973E618,blackhole,2,B0:CB:D8:F3:32:19,-37,0,66,66,255,255,66,66,0
392459567,NODE_F42DC973E618,blackhole,2,B0:CB:D8:F3:32:19,-37,0,67,67,255,255,67,67,0
392559568,NODE_F42DC973E618,blackhole,2,B0:CB:D8:F3:32:19,-43,0,67,67,255,255,67,67,0
392659567,NODE_F42DC973E618,blackhole,2,B0:CB:D8:F3:32:19,-38,0,67,67,255,255,67,67,0
392759563,NODE_F42DC973E618,blackhole,2,B0:CB:D8:F3:32:19,-42,0,67,67,255,255,67,67,0
392859568,NODE_F42DC973E618,blackhole,2,B0:CB:D8:F3:32:19,-39,0,67,67,255,255,67,67,0
392959575,NODE_F42DC973E618,blackhole,2,B0:CB:D8:F3:32:19,-40,0,67,67,255,255,67,67,0
393059567,NODE_F42DC973E618,blackhole,2,B0:CB:D8:F3:32:19,-39,0,67,67,255,255,67,67,0
393159568,NODE_F42DC973E618,blackhole,2,B0:CB:D8:F3:32:19,-39,0,67,67,255,255,67,67,0
393259567,NODE_F42DC973E618,blackhole,2,B0:CB:D8:F3:32:19,-39,0,67,67,255,255,67,67,0
393359567,NODE_F42DC973E618,blackhole,2,B0:CB:D8:F3:32:19,-38,0,67,67,255,255,67,67,0
393459564,NODE_F42DC973E618,blackhole,2,B0:CB:D8:F3:32:19,-43,0,68,68,255,255,68,68,0
393559567,NODE_F42DC973E618,blackhole,2,B0:CB:D8:F3:32:19,-38,0,68,68,255,255,68,68,0
393659575,NODE_F42DC973E618,blackhole,2,B0:CB:D8:F3:32:19,-38,0,68,68,255,255,68,68,0
393759568,NODE_F42DC973E618,blackhole,2,B0:CB:D8:F3:32:19,-42,0,68,68,255,255,68,68,0
393859567,NODE_F42DC973E618,blackhole,2,B0:CB:D8:F3:32:19,-39,0,68,68,255,255,68,68,0
393959567,NODE_F42DC973E618,blackhole,2,B0:CB:D8:F3:32:19,-38,0,68,68,255,255,68,68,0
394059568,NODE_F42DC973E618,blackhole,2,B0:CB:D8:F3:32:19,-42,0,68,68,255,255,68,68,0
394159567,NODE_F42DC973E618,blackhole,2,B0:CB:D8:F3:32:19,-42,0,68,68,255,255,68,68,0
394259571,NODE_F42DC973E618,blackhole,2,B0:CB:D8:F3:32:19,-38,0,68,68,255,255,68,68,0
394359568,NODE_F42DC973E618,blackhole,2,B0:CB:D8:F3:32:19,-39,0,68,68,255,255,68,68,0
394459563,NODE_F42DC973E618,blackhole,2,B0:CB:D8:F3:32:19,-42,0,69,69,255,255,69,69,0
394559567,NODE_F42DC973E618,blackhole,2,B0:CB:D8:F3:32:19,-39,0,69,69,255,255,69,69,0
394659568,NODE_F42DC973E618,blackhole,2,B0:CB:D8:F3:32:19,-38,0,69,69,255,255,69,69,0
394759575,NODE_F42DC973E618,blackhole,2,B0:CB:D8:F3:32:19,-39,0,69,69,255,255,69,69,0
394859567,NODE_F42DC973E618,blackhole,2,B0:CB:D8:F3:32:19,-42,0,69,69,255,255,69,69,0
394959572,NODE_F42DC973E618,blackhole,2,B0:CB:D8:F3:32:19,-37,0,69,69,255,255,69,69,0
395059575,NODE_F42DC973E618,blackhole,2,B0:CB:D8:F3:32:19,-39,0,69,69,255,255,69,69,0
395159567,NODE_F42DC973E618,blackhole,2,B0:CB:D8:F3:32:19,-37,0,69,69,255,255,69,69,0
395259568,NODE_F42DC973E618,blackhole,2,B0:CB:D8:F3:32:19,-39,0,69,69,255,255,69,69,0
395359567,NODE_F42DC973E618,blackhole,2,B0:CB:D8:F3:32:19,-38,0,69,69,255,255,69,69,0
395459563,NODE_F42DC973E618,blackhole,2,B0:CB:D8:F3:32:19,-42,0,70,70,255,255,70,70,0
395559568,NODE_F42DC973E618,blackhole,2,B0:CB:D8:F3:32:19,-38,0,70,70,255,255,70,70,0
395659567,NODE_F42DC973E618,blackhole,2,B0:CB:D8:F3:32:19,-42,0,70,70,255,255,70,70,0
395759575,NODE_F42DC973E618,blackhole,2,B0:CB:D8:F3:32:19,-42,0,70,70,255,255,70,70,0
395859568,NODE_F42DC973E618,blackhole,2,B0:CB:D8:F3:32:19,-38,0,70,70,255,255,70,70,0
395959571,NODE_F42DC973E618,blackhole,2,B0:CB:D8:F3:32:19,-41,0,70,70,255,255,70,70,0
396059567,NODE_F42DC973E618,blackhole,2,B0:CB:D8:F3:32:19,-38,0,70,70,255,255,70,70,0
396159568,NODE_F42DC973E618,blackhole,2,B0:CB:D8:F3:32:19,-43,0,70,70,255,255,70,70,0
396259567,NODE_F42DC973E618,blackhole,2,B0:CB:D8:F3:32:19,-38,0,70,70,255,255,70,70,0
396359567,NODE_F42DC973E618,blackhole,2,B0:CB:D8:F3:32:19,-38,0,70,70,255,255,70,70,0
396459568,NODE_F42DC973E618,blackhole,2,B0:CB:D8:F3:32:19,-41,0,71,71,255,255,71,71,0
396559567,NODE_F42DC973E618,blackhole,2,B0:CB:D8:F3:32:19,-38,0,71,71,255,255,71,71,0
396659838,NODE_F42DC973E618,blackhole,2,B0:CB:D8:F3:32:19,-37,0,71,71,255,255,71,71,0
396759568,NODE_F42DC973E618,blackhole,2,B0:CB:D8:F3:32:19,-37,0,71,71,255,255,71,71,0
396859563,NODE_F42DC973E618,blackhole,2,B0:CB:D8:F3:32:19,-41,0,71,71,255,255,71,71,0
396959571,NODE_F42DC973E618,blackhole,2,B0:CB:D8:F3:32:19,-42,0,71,71,255,255,71,71,0
397059572,NODE_F42DC973E618,blackhole,2,B0:CB:D8:F3:32:19,-39,0,71,71,255,255,71,71,0
397159567,NODE_F42DC973E618,blackhole,2,B0:CB:D8:F3:32:19,-42,0,71,71,255,255,71,71,0
397259567,NODE_F42DC973E618,blackhole,2,B0:CB:D8:F3:32:19,-39,0,71,71,255,255,71,71,0
397359568,NODE_F42DC973E618,blackhole,2,B0:CB:D8:F3:32:19,-42,0,71,71,255,255,71,71,0
397459563,NODE_F42DC973E618,blackhole,2,B0:CB:D8:F3:32:19,-41,0,72,72,255,255,72,72,0
397559567,NODE_F42DC973E618,blackhole,2,B0:CB:D8:F3:32:19,-38,0,72,72,255,255,72,72,0
397659568,NODE_F42DC973E618,blackhole,2,B0:CB:D8:F3:32:19,-38,0,72,72,255,255,72,72,0
397759575,NODE_F42DC973E618,blackhole,2,B0:CB:D8:F3:32:19,-39,0,72,72,255,255,72,72,0
397859567,NODE_F42DC973E618,blackhole,2,B0:CB:D8:F3:32:19,-38,0,72,72,255,255,72,72,0
397959568,NODE_F42DC973E618,blackhole,2,B0:CB:D8:F3:32:19,-43,0,72,72,255,255,72,72,0
398059575,NODE_F42DC973E618,blackhole,2,B0:CB:D8:F3:32:19,-43,0,72,72,255,255,72,72,0
398159567,NODE_F42DC973E618,blackhole,2,B0:CB:D8:F3:32:19,-43,0,72,72,255,255,72,72,0
398259568,NODE_F42DC973E618,blackhole,2,B0:CB:D8:F3:32:19,-40,0,72,72,255,255,72,72,0
398359567,NODE_F42DC973E618,blackhole,2,B0:CB:D8:F3:32:19,-43,0,72,72,255,255,72,72,0
398459563,NODE_F42DC973E618,blackhole,2,B0:CB:D8:F3:32:19,-42,0,73,73,255,255,73,73,0
398559568,NODE_F42DC973E618,blackhole,2,B0:CB:D8:F3:32:19,-43,0,73,73,255,255,73,73,0
398659567,NODE_F42DC973E618,blackhole,2,B0:CB:D8:F3:32:19,-37,0,73,73,255,255,73,73,0
398759567,NODE_F42DC973E618,blackhole,2,B0:CB:D8:F3:32:19,-39,0,73,73,255,255,73,73,0
398859568,NODE_F42DC973E618,blackhole,2,B0:CB:D8:F3:32:19,-40,0,73,73,255,255,73,73,0
398959575,NODE_F42DC973E618,blackhole,2,B0:CB:D8:F3:32:19,-39,0,73,73,255,255,73,73,0
399059567,NODE_F42DC973E618,blackhole,2,B0:CB:D8:F3:32:19,-39,0,73,73,255,255,73,73,0
399159568,NODE_F42DC973E618,blackhole,2,B0:CB:D8:F3:32:19,-38,0,73,73,255,255,73,73,0
399259567,NODE_F42DC973E618,blackhole,2,B0:CB:D8:F3:32:19,-39,0,73,73,255,255,73,73,0
399359567,NODE_F42DC973E618,blackhole,2,B0:CB:D8:F3:32:19,-43,0,73,73,255,255,73,73,0
399459564,NODE_F42DC973E618,blackhole,2,B0:CB:D8:F3:32:19,-38,0,74,74,255,255,74,74,0
399559567,NODE_F42DC973E618,blackhole,2,B0:CB:D8:F3:32:19,-39,0,74,74,255,255,74,74,0
399659567,NODE_F42DC973E618,blackhole,2,B0:CB:D8:F3:32:19,-43,0,74,74,255,255,74,74,0
399759568,NODE_F42DC973E618,blackhole,2,B0:CB:D8:F3:32:19,-39,0,74,74,255,255,74,74,0
399859567,NODE_F42DC973E618,blackhole,2,B0:CB:D8:F3:32:19,-43,0,74,74,255,255,74,74,0
399959571,NODE_F42DC973E618,blackhole,2,B0:CB:D8:F3:32:19,-42,0,74,74,0,0,74,74,0
400059576,NODE_F42DC973E618,blackhole,2,B0:CB:D8:F3:32:19,-38,0,74,74,0,0,74,74,0
400159567,NODE_F42DC973E618,blackhole,2,B0:CB:D8:F3:32:19,-42,0,74,74,0,0,74,74,0
400259567,NODE_F42DC973E618,blackhole,2,B0:CB:D8:F3:32:19,-38,0,74,74,0,0,74,74,0
400359568,NODE_F42DC973E618,blackhole,2,B0:CB:D8:F3:32:19,-42,0,74,74,0,0,74,74,0
400459567,NODE_F42DC973E618,blackhole,2,B0:CB:D8:F3:32:19,-43,0,75,75,0,0,75,75,0
400559567,NODE_F42DC973E618,blackhole,2,B0:CB:D8:F3:32:19,-42,0,75,75,0,0,75,75,0
400659568,NODE_F42DC973E618,blackhole,2,B0:CB:D8:F3:32:19,-42,0,75,75,0,0,75,75,0
400759567,NODE_F42DC973E618,blackhole,2,B0:CB:D8:F3:32:19,-42,0,75,75,0,0,75,75,0
400859575,NODE_F42DC973E618,blackhole,2,B0:CB:D8:F3:32:19,-40,0,75,75,0,0,75,75,0
400960333,NODE_F42DC973E618,blackhole,2,B0:CB:D8:F3:32:19,-42,0,75,75,0,0,75,75,0
401059575,NODE_F42DC973E618,blackhole,2,B0:CB:D8:F3:32:19,-42,0,75,75,0,0,75,75,0
401159957,NODE_F42DC973E618,blackhole,2,B0:CB:D8:F3:32:19,-43,0,75,75,0,0,75,75,0
401259568,NODE_F42DC973E618,blackhole,2,B0:CB:D8:F3:32:19,-43,0,75,75,0,0,75,75,0
401359563,NODE_F42DC973E618,blackhole,2,B0:CB:D8:F3:32:19,-39,0,75,75,0,0,75,75,0
401459563,NODE_F42DC973E618,blackhole,2,B0:CB:D8:F3:32:19,-43,0,76,76,0,0,76,76,0
401559568,NODE_F42DC973E618,blackhole,2,B0:CB:D8:F3:32:19,-42,0,76,76,0,0,76,76,0
401659567,NODE_F42DC973E618,blackhole,2,B0:CB:D8:F3:32:19,-38,0,76,76,0,0,76,76,0
401759567,NODE_F42DC973E618,blackhole,2,B0:CB:D8:F3:32:19,-42,0,76,76,0,0,76,76,0
401859568,NODE_F42DC973E618,blackhole,2,B0:CB:D8:F3:32:19,-42,0,76,76,0,0,76,76,0
401959575,NODE_F42DC973E618,blackhole,2,B0:CB:D8:F3:32:19,-38,0,76,76,0,0,76,76,0
402059567,NODE_F42DC973E618,blackhole,2,B0:CB:D8:F3:32:19,-42,0,76,76,0,0,76,76,0
402159568,NODE_F42DC973E618,blackhole,2,B0:CB:D8:F3:32:19,-39,0,76,76,0,0,76,76,0
402259567,NODE_F42DC973E618,blackhole,2,B0:CB:D8:F3:32:19,-42,0,76,76,0,0,76,76,0
402359567,NODE_F42DC973E618,blackhole,2,B0:CB:D8:F3:32:19,-42,0,76,76,0,0,76,76,0
402459564,NODE_F42DC973E618,blackhole,2,B0:CB:D8:F3:32:19,-43,0,77,77,0,0,77,77,0
402559567,NODE_F42DC973E618,blackhole,2,B0:CB:D8:F3:32:19,-40,0,77,77,0,0,77,77,0
402659575,NODE_F42DC973E618,blackhole,2,B0:CB:D8:F3:32:19,-38,0,77,77,0,0,77,77,0
402759576,NODE_F42DC973E618,blackhole,2,B0:CB:D8:F3:32:19,-43,0,77,77,0,0,77,77,0
402859567,NODE_F42DC973E618,blackhole,2,B0:CB:D8:F3:32:19,-43,0,77,77,0,0,77,77,0
402959567,NODE_F42DC973E618,blackhole,2,B0:CB:D8:F3:32:19,-42,0,77,77,0,0,77,77,0
403059568,NODE_F42DC973E618,blackhole,2,B0:CB:D8:F3:32:19,-43,0,77,77,0,0,77,77,0
403159567,NODE_F42DC973E618,blackhole,2,B0:CB:D8:F3:32:19,-42,0,77,77,0,0,77,77,0
403259571,NODE_F42DC973E618,blackhole,2,B0:CB:D8:F3:32:19,-42,0,77,77,0,0,77,77,0
403359564,NODE_F42DC973E618,blackhole,2,B0:CB:D8:F3:32:19,-38,0,77,77,0,0,77,77,0
403459563,NODE_F42DC973E618,blackhole,2,B0:CB:D8:F3:32:19,-38,0,78,78,0,0,78,78,0
403559567,NODE_F42DC973E618,blackhole,2,B0:CB:D8:F3:32:19,-43,0,78,78,0,0,78,78,0
403659568,NODE_F42DC973E618,blackhole,2,B0:CB:D8:F3:32:19,-39,0,78,78,0,0,78,78,0
403759567,NODE_F42DC973E618,blackhole,2,B0:CB:D8:F3:32:19,-43,0,78,78,0,0,78,78,0
403859575,NODE_F42DC973E618,blackhole,2,B0:CB:D8:F3:32:19,-40,0,78,78,0,0,78,78,0
403959568,NODE_F42DC973E618,blackhole,2,B0:CB:D8:F3:32:19,-39,0,78,78,0,0,78,78,0
404059575,NODE_F42DC973E618,blackhole,2,B0:CB:D8:F3:32:19,-42,0,78,78,0,0,78,78,0
404159567,NODE_F42DC973E618,blackhole,2,B0:CB:D8:F3:32:19,-43,0,78,78,0,0,78,78,0
404259568,NODE_F42DC973E618,blackhole,2,B0:CB:D8:F3:32:19,-43,0,78,78,0,0,78,78,0
404359567,NODE_F42DC973E618,blackhole,2,B0:CB:D8:F3:32:19,-42,0,78,78,0,0,78,78,0
404459563,NODE_F42DC973E618,blackhole,2,B0:CB:D8:F3:32:19,-43,0,79,79,0,0,79,79,0
404559568,NODE_F42DC973E618,blackhole,2,B0:CB:D8:F3:32:19,-43,0,79,79,0,0,79,79,0
404659567,NODE_F42DC973E618,blackhole,2,B0:CB:D8:F3:32:19,-40,0,79,79,0,0,79,79,0
404759567,NODE_F42DC973E618,blackhole,2,B0:CB:D8:F3:32:19,-42,0,79,79,0,0,79,79,0
404859568,NODE_F42DC973E618,blackhole,2,B0:CB:D8:F3:32:19,-42,0,79,79,0,0,79,79,0
404959571,NODE_F42DC973E618,blackhole,2,B0:CB:D8:F3:32:19,-39,0,79,79,0,0,79,79,0
405059595,NODE_F42DC973E618,blackhole,2,B0:CB:D8:F3:32:19,-42,0,79,79,0,0,79,79,0
405159572,NODE_F42DC973E618,blackhole,2,B0:CB:D8:F3:32:19,-42,0,79,79,0,0,79,79,0
405259567,NODE_F42DC973E618,blackhole,2,B0:CB:D8:F3:32:19,-42,0,79,79,0,0,79,79,0
405359567,NODE_F42DC973E618,blackhole,2,B0:CB:D8:F3:32:19,-40,0,79,79,0,0,79,79,0
405459564,NODE_F42DC973E618,blackhole,2,B0:CB:D8:F3:32:19,-39,0,80,80,0,0,80,80,0
405559567,NODE_F42DC973E618,blackhole,2,B0:CB:D8:F3:32:19,-38,0,80,80,0,0,80,80,0
405659567,NODE_F42DC973E618,blackhole,2,B0:CB:D8:F3:32:19,-38,0,80,80,0,0,80,80,0
405759568,NODE_F42DC973E618,blackhole,2,B0:CB:D8:F3:32:19,-40,0,80,80,0,0,80,80,0
405859575,NODE_F42DC973E618,blackhole,2,B0:CB:D8:F3:32:19,-43,0,80,80,0,0,80,80,0
405959567,NODE_F42DC973E618,blackhole,2,B0:CB:D8:F3:32:19,-39,0,80,80,0,0,80,80,0
406059568,NODE_F42DC973E618,blackhole,2,B0:CB:D8:F3:32:19,-42,0,80,80,0,0,80,80,0
406159567,NODE_F42DC973E618,blackhole,2,B0:CB:D8:F3:32:19,-38,0,80,80,0,0,80,80,0
406259567,NODE_F42DC973E618,blackhole,2,B0:CB:D8:F3:32:19,-42,0,80,80,0,0,80,80,0
406359568,NODE_F42DC973E618,blackhole,2,B0:CB:D8:F3:32:19,-42,0,80,80,0,0,80,80,0
406459563,NODE_F42DC973E618,blackhole,2,B0:CB:D8:F3:32:19,-38,0,81,81,0,0,81,81,0
406559567,NODE_F42DC973E618,blackhole,2,B0:CB:D8:F3:32:19,-39,0,81,81,0,0,81,81,0
406659568,NODE_F42DC973E618,blackhole,2,B0:CB:D8:F3:32:19,-43,0,81,81,0,0,81,81,0
406759567,NODE_F42DC973E618,blackhole,2,B0:CB:D8:F3:32:19,-42,0,81,81,0,0,81,81,0
406859567,NODE_F42DC973E618,blackhole,2,B0:CB:D8:F3:32:19,-42,0,81,81,0,0,81,81,0
406959576,NODE_F42DC973E618,blackhole,2,B0:CB:D8:F3:32:19,-39,0,81,81,0,0,81,81,0
407059575,NODE_F42DC973E618,blackhole,2,B0:CB:D8:F3:32:19,-38,0,81,81,0,0,81,81,0
407159567,NODE_F42DC973E618,blackhole,2,B0:CB:D8:F3:32:19,-40,0,81,81,0,0,81,81,0
407259568,NODE_F42DC973E618,blackhole,2,B0:CB:D8:F3:32:19,-43,0,81,81,0,0,81,81,0
407359567,NODE_F42DC973E618,blackhole,2,B0:CB:D8:F3:32:19,-43,0,81,81,0,0,81,81,0
407459563,NODE_F42DC973E618,blackhole,2,B0:CB:D8:F3:32:19,-42,0,82,82,0,0,82,82,0
407559568,NODE_F42DC973E618,blackhole,2,B0:CB:D8:F3:32:19,-42,0,82,82,0,0,82,82,0
407659575,NODE_F42DC973E618,blackhole,2,B0:CB:D8:F3:32:19,-43,0,82,82,0,0,82,82,0
407759567,NODE_F42DC973E618,blackhole,2,B0:CB:D8:F3:32:19,-39,0,82,82,0,0,82,82,0
407859568,NODE_F42DC973E618,blackhole,2,B0:CB:D8:F3:32:19,-39,0,82,82,0,0,82,82,0
407959567,NODE_F42DC973E618,blackhole,2,B0:CB:D8:F3:32:19,-40,0,82,82,0,0,82,82,0
408059567,NODE_F42DC973E618,blackhole,2,B0:CB:D8:F3:32:19,-40,0,82,82,0,0,82,82,0
408159568,NODE_F42DC973E618,blackhole,2,B0:CB:D8:F3:32:19,-39,0,82,82,0,0,82,82,0
408259571,NODE_F42DC973E618,blackhole,2,B0:CB:D8:F3:32:19,-39,0,82,82,0,0,82,82,0
408359567,NODE_F42DC973E618,blackhole,2,B0:CB:D8:F3:32:19,-42,0,82,82,0,0,82,82,0
408459823,NODE_F42DC973E618,blackhole,2,B0:CB:D8:F3:32:19,-39,0,82,82,0,0,82,82,0
408559567,NODE_F42DC973E618,blackhole,2,B0:CB:D8:F3:32:19,-42,0,83,83,0,0,83,83,0
408659567,NODE_F42DC973E618,blackhole,2,B0:CB:D8:F3:32:19,-43,0,83,83,0,0,83,83,0
408759568,NODE_F42DC973E618,blackhole,2,B0:CB:D8:F3:32:19,-43,0,83,83,0,0,83,83,0
408859575,NODE_F42DC973E618,blackhole,2,B0:CB:D8:F3:32:19,-39,0,83,83,0,0,83,83,0
408959567,NODE_F42DC973E618,blackhole,2,B0:CB:D8:F3:32:19,-42,0,83,83,0,0,83,83,0
409059568,NODE_F42DC973E618,blackhole,2,B0:CB:D8:F3:32:19,-42,0,83,83,0,0,83,83,0
409159567,NODE_F42DC973E618,blackhole,2,B0:CB:D8:F3:32:19,-43,0,83,83,0,0,83,83,0
409259567,NODE_F42DC973E618,blackhole,2,B0:CB:D8:F3:32:19,-42,0,83,83,0,0,83,83,0
409359568,NODE_F42DC973E618,blackhole,2,B0:CB:D8:F3:32:19,-42,0,83,83,0,0,83,83,0
409460328,NODE_F42DC973E618,blackhole,2,B0:CB:D8:F3:32:19,-42,0,83,83,0,0,83,83,0
409559567,NODE_F42DC973E618,blackhole,2,B0:CB:D8:F3:32:19,-42,0,84,84,0,0,84,84,0
409659568,NODE_F42DC973E618,blackhole,2,B0:CB:D8:F3:32:19,-42,0,84,84,0,0,84,84,0
409759575,NODE_F42DC973E618,blackhole,2,B0:CB:D8:F3:32:19,-42,0,84,84,0,0,84,84,0
409859567,NODE_F42DC973E618,blackhole,2,B0:CB:D8:F3:32:19,-42,0,84,84,0,0,84,84,0
409959568,NODE_F42DC973E618,blackhole,2,B0:CB:D8:F3:32:19,-42,0,84,84,0,0,84,84,0
410059575,NODE_F42DC973E618,blackhole,2,B0:CB:D8:F3:32:19,-42,0,84,84,0,0,84,84,0
410159563,NODE_F42DC973E618,blackhole,2,B0:CB:D8:F3:32:19,-43,0,84,84,0,0,84,84,0
410259568,NODE_F42DC973E618,blackhole,2,B0:CB:D8:F3:32:19,-42,0,84,84,0,0,84,84,0
410359567,NODE_F42DC973E618,blackhole,2,B0:CB:D8:F3:32:19,-42,0,84,84,0,0,84,84,0
410459567,NODE_F42DC973E618,blackhole,2,B0:CB:D8:F3:32:19,-43,0,84,84,0,0,84,84,0
410559568,NODE_F42DC973E618,blackhole,2,B0:CB:D8:F3:32:19,-42,0,85,85,0,0,85,85,0
410659567,NODE_F42DC973E618,blackhole,2,B0:CB:D8:F3:32:19,-39,0,85,85,0,0,85,85,0
410759567,NODE_F42DC973E618,blackhole,2,B0:CB:D8:F3:32:19,-42,0,85,85,0,0,85,85,0
410859576,NODE_F42DC973E618,blackhole,2,B0:CB:D8:F3:32:19,-38,0,85,85,0,0,85,85,0
410959567,NODE_F42DC973E618,blackhole,2,B0:CB:D8:F3:32:19,-41,0,85,85,0,0,85,85,0
411059567,NODE_F42DC973E618,blackhole,2,B0:CB:D8:F3:32:19,-38,0,85,85,0,0,85,85,0
411159568,NODE_F42DC973E618,blackhole,2,B0:CB:D8:F3:32:19,-39,0,85,85,0,0,85,85,0
411259567,NODE_F42DC973E618,blackhole,2,B0:CB:D8:F3:32:19,-42,0,85,85,0,0,85,85,0
411359571,NODE_F42DC973E618,blackhole,2,B0:CB:D8:F3:32:19,-43,0,85,85,0,0,85,85,0
411459572,NODE_F42DC973E618,blackhole,2,B0:CB:D8:F3:32:19,-38,0,85,85,0,0,85,85,0
411559567,NODE_F42DC973E618,blackhole,2,B0:CB:D8:F3:32:19,-39,0,86,86,0,0,86,86,0
411659567,NODE_F42DC973E618,blackhole,2,B0:CB:D8:F3:32:19,-42,0,86,86,0,0,86,86,0
411759568,NODE_F42DC973E618,blackhole,2,B0:CB:D8:F3:32:19,-42,0,86,86,0,0,86,86,0
411859567,NODE_F42DC973E618,blackhole,2,B0:CB:D8:F3:32:19,-39,0,86,86,0,0,86,86,0
411959575,NODE_F42DC973E618,blackhole,2,B0:CB:D8:F3:32:19,-42,0,86,86,0,0,86,86,0
412059568,NODE_F42DC973E618,blackhole,2,B0:CB:D8:F3:32:19,-42,0,86,86,0,0,86,86,0
412159567,NODE_F42DC973E618,blackhole,2,B0:CB:D8:F3:32:19,-40,0,86,86,0,0,86,86,0
412259567,NODE_F42DC973E618,blackhole,2,B0:CB:D8:F3:32:19,-43,0,86,86,0,0,86,86,0
412359568,NODE_F42DC973E618,blackhole,2,B0:CB:D8:F3:32:19,-39,0,86,86,0,0,86,86,0
412459567,NODE_F42DC973E618,blackhole,2,B0:CB:D8:F3:32:19,-42,0,86,86,0,0,86,86,0
412559567,NODE_F42DC973E618,blackhole,2,B0:CB:D8:F3:32:19,-42,0,87,87,0,0,87,87,0
412659576,NODE_F42DC973E618,blackhole,2,B0:CB:D8:F3:32:19,-39,0,87,87,0,0,87,87,0
412759567,NODE_F42DC973E618,blackhole,2,B0:CB:D8:F3:32:19,-42,0,87,87,0,0,87,87,0
412859567,NODE_F42DC973E618,blackhole,2,B0:CB:D8:F3:32:19,-39,0,87,87,0,0,87,87,0
412959568,NODE_F42DC973E618,blackhole,2,B0:CB:D8:F3:32:19,-39,0,87,87,0,0,87,87,0
413059575,NODE_F42DC973E618,blackhole,2,B0:CB:D8:F3:32:19,-43,0,87,87,0,0,87,87,0
413159567,NODE_F42DC973E618,blackhole,2,B0:CB:D8:F3:32:19,-42,0,87,87,0,0,87,87,0
413259568,NODE_F42DC973E618,blackhole,2,B0:CB:D8:F3:32:19,-42,0,87,87,0,0,87,87,0
413359567,NODE_F42DC973E618,blackhole,2,B0:CB:D8:F3:32:19,-38,0,87,87,0,0,87,87,0
413459567,NODE_F42DC973E618,blackhole,2,B0:CB:D8:F3:32:19,-43,0,87,87,0,0,87,87,0
413559568,NODE_F42DC973E618,blackhole,2,B0:CB:D8:F3:32:19,-39,0,88,88,0,0,88,88,0
413659567,NODE_F42DC973E618,blackhole,2,B0:CB:D8:F3:32:19,-42,0,88,88,0,0,88,88,0
413759986,NODE_F42DC973E618,blackhole,2,B0:CB:D8:F3:32:19,-42,0,88,88,0,0,88,88,0
413859572,NODE_F42DC973E618,blackhole,2,B0:CB:D8:F3:32:19,-42,0,88,88,0,0,88,88,0
413959567,NODE_F42DC973E618,blackhole,2,B0:CB:D8:F3:32:19,-38,0,88,88,0,0,88,88,0
414059567,NODE_F42DC973E618,blackhole,2,B0:CB:D8:F3:32:19,-42,0,88,88,0,0,88,88,0
414159568,NODE_F42DC973E618,blackhole,2,B0:CB:D8:F3:32:19,-39,0,88,88,0,0,88,88,0
414259567,NODE_F42DC973E618,blackhole,2,B0:CB:D8:F3:32:19,-39,0,88,88,0,0,88,88,0
414359567,NODE_F42DC973E618,blackhole,2,B0:CB:D8:F3:32:19,-43,0,88,88,0,0,88,88,0
414459572,NODE_F42DC973E618,blackhole,2,B0:CB:D8:F3:32:19,-42,0,88,88,0,0,88,88,0
414559567,NODE_F42DC973E618,blackhole,2,B0:CB:D8:F3:32:19,-42,0,89,89,0,0,89,89,0
414659567,NODE_F42DC973E618,blackhole,2,B0:CB:D8:F3:32:19,-42,0,89,89,0,0,89,89,0
414759568,NODE_F42DC973E618,blackhole,2,B0:CB:D8:F3:32:19,-43,0,89,89,0,0,89,89,0
414859567,NODE_F42DC973E618,blackhole,2,B0:CB:D8:F3:32:19,-38,0,89,89,0,0,89,89,0
414959571,NODE_F42DC973E618,blackhole,2,B0:CB:D8:F3:32:19,-39,0,89,89,0,0,89,89,0
415059568,NODE_F42DC973E618,blackhole,2,B0:CB:D8:F3:32:19,-39,0,89,89,0,0,89,89,0
415159571,NODE_F42DC973E618,blackhole,2,B0:CB:D8:F3:32:19,-39,0,89,89,0,0,89,89,0
415259567,NODE_F42DC973E618,blackhole,2,B0:CB:D8:F3:32:19,-42,0,89,89,0,0,89,89,0
415359568,NODE_F42DC973E618,blackhole,2,B0:CB:D8:F3:32:19,-40,0,89,89,0,0,89,89,0
415459567,NODE_F42DC973E618,blackhole,2,B0:CB:D8:F3:32:19,-40,0,89,89,0,0,89,89,0
415559567,NODE_F42DC973E618,blackhole,2,B0:CB:D8:F3:32:19,-42,0,90,90,0,0,90,90,0
415659568,NODE_F42DC973E618,blackhole,2,B0:CB:D8:F3:32:19,-42,0,90,90,0,0,90,90,0
415759567,NODE_F42DC973E618,blackhole,2,B0:CB:D8:F3:32:19,-38,0,90,90,0,0,90,90,0
415859575,NODE_F42DC973E618,blackhole,2,B0:CB:D8:F3:32:19,-43,0,90,90,0,0,90,90,0
415959568,NODE_F42DC973E618,blackhole,2,B0:CB:D8:F3:32:19,-42,0,90,90,0,0,90,90,0
416059575,NODE_F42DC973E618,blackhole,2,B0:CB:D8:F3:32:19,-42,0,90,90,0,0,90,90,0
416159567,NODE_F42DC973E618,blackhole,2,B0:CB:D8:F3:32:19,-43,0,90,90,0,0,90,90,0
416259568,NODE_F42DC973E618,blackhole,2,B0:CB:D8:F3:32:19,-42,0,90,90,0,0,90,90,0
416359567,NODE_F42DC973E618,blackhole,2,B0:CB:D8:F3:32:19,-38,0,90,90,0,0,90,90,0
416459567,NODE_F42DC973E618,blackhole,2,B0:CB:D8:F3:32:19,-43,0,90,90,0,0,90,90,0
416559568,NODE_F42DC973E618,blackhole,2,B0:CB:D8:F3:32:19,-42,0,91,91,0,0,91,91,0
416659567,NODE_F42DC973E618,blackhole,2,B0:CB:D8:F3:32:19,-39,0,91,91,0,0,91,91,0
416759957,NODE_F42DC973E618,blackhole,2,B0:CB:D8:F3:32:19,-39,0,91,91,0,0,91,91,0
416859568,NODE_F42DC973E618,blackhole,2,B0:CB:D8:F3:32:19,-39,0,91,91,0,0,91,91,0
416959571,NODE_F42DC973E618,blackhole,2,B0:CB:D8:F3:32:19,-38,0,91,91,0,0,91,91,0
417059567,NODE_F42DC973E618,blackhole,2,B0:CB:D8:F3:32:19,-39,0,91,91,0,0,91,91,0
417159568,NODE_F42DC973E618,blackhole,2,B0:CB:D8:F3:32:19,-42,0,91,91,0,0,91,91,0
417259567,NODE_F42DC973E618,blackhole,2,B0:CB:D8:F3:32:19,-42,0,91,91,0,0,91,91,0
417359567,NODE_F42DC973E618,blackhole,2,B0:CB:D8:F3:32:19,-43,0,91,91,0,0,91,91,0
417459568,NODE_F42DC973E618,blackhole,2,B0:CB:D8:F3:32:19,-42,0,91,91,0,0,91,91,0
417559567,NODE_F42DC973E618,blackhole,2,B0:CB:D8:F3:32:19,-43,0,92,92,0,0,92,92,0
417659575,NODE_F42DC973E618,blackhole,2,B0:CB:D8:F3:32:19,-43,0,92,92,0,0,92,92,0
417759564,NODE_F42DC973E618,blackhole,2,B0:CB:D8:F3:32:19,-43,0,92,92,0,0,92,92,0
417859567,NODE_F42DC973E618,blackhole,2,B0:CB:D8:F3:32:19,-38,0,92,92,0,0,92,92,0
417959881,NODE_F42DC973E618,blackhole,2,B0:CB:D8:F3:32:19,-43,0,92,92,0,0,92,92,0
418059568,NODE_F42DC973E618,blackhole,2,B0:CB:D8:F3:32:19,-43,0,92,92,0,0,92,92,0
418159563,NODE_F42DC973E618,blackhole,2,B0:CB:D8:F3:32:19,-43,0,92,92,0,0,92,92,0
418259567,NODE_F42DC973E618,blackhole,2,B0:CB:D8:F3:32:19,-43,0,92,92,0,0,92,92,0
418359568,NODE_F42DC973E618,blackhole,2,B0:CB:D8:F3:32:19,-43,0,92,92,0,0,92,92,0
418459567,NODE_F42DC973E618,blackhole,2,B0:CB:D8:F3:32:19,-43,0,92,92,0,0,92,92,0
418559567,NODE_F42DC973E618,blackhole,2,B0:CB:D8:F3:32:19,-43,0,93,93,0,0,93,93,0
418659576,NODE_F42DC973E618,blackhole,2,B0:CB:D8:F3:32:19,-42,0,93,93,0,0,93,93,0
418759567,NODE_F42DC973E618,blackhole,2,B0:CB:D8:F3:32:19,-39,0,93,93,0,0,93,93,0
418859567,NODE_F42DC973E618,blackhole,2,B0:CB:D8:F3:32:19,-43,0,93,93,0,0,93,93,0
418959576,NODE_F42DC973E618,blackhole,2,B0:CB:D8:F3:32:19,-39,0,93,93,0,0,93,93,0
419059571,NODE_F42DC973E618,blackhole,2,B0:CB:D8:F3:32:19,-38,0,93,93,0,0,93,93,0
419159567,NODE_F42DC973E618,blackhole,2,B0:CB:D8:F3:32:19,-38,0,93,93,0,0,93,93,0
419259564,NODE_F42DC973E618,blackhole,2,B0:CB:D8:F3:32:19,-42,0,93,93,0,0,93,93,0
419359567,NODE_F42DC973E618,blackhole,2,B0:CB:D8:F3:32:19,-43,0,93,93,0,0,93,93,0
419459571,NODE_F42DC973E618,blackhole,2,B0:CB:D8:F3:32:19,-42,0,93,93,0,0,93,93,0
419559568,NODE_F42DC973E618,blackhole,2,B0:CB:D8:F3:32:19,-42,0,94,94,0,0,94,94,0
419659567,NODE_F42DC973E618,blackhole,2,B0:CB:D8:F3:32:19,-42,0,94,94,0,0,94,94,0
419759567,NODE_F42DC973E618,blackhole,2,B0:CB:D8:F3:32:19,-39,0,94,94,0,0,94,94,0
419859568,NODE_F42DC973E618,blackhole,2,B0:CB:D8:F3:32:19,-43,0,94,94,0,0,94,94,0
419959571,NODE_F42DC973E618,blackhole,2,B0:CB:D8:F3:32:19,-42,0,94,94,0,0,94,94,0
420059567,NODE_F42DC973E618,blackhole,2,B0:CB:D8:F3:32:19,-42,0,94,94,0,0,94,94,0
420159576,NODE_F42DC973E618,blackhole,2,B0:CB:D8:F3:32:19,-42,0,94,94,0,0,94,94,0
420259567,NODE_F42DC973E618,blackhole,2,B0:CB:D8:F3:32:19,-39,0,94,94,0,0,94,94,0
420359567,NODE_F42DC973E618,blackhole,2,B0:CB:D8:F3:32:19,-37,0,94,94,0,0,94,94,0
420459572,NODE_F42DC973E618,blackhole,2,B0:CB:D8:F3:32:19,-42,0,94,94,0,0,94,94,0
420559567,NODE_F42DC973E618,blackhole,2,B0:CB:D8:F3:32:19,-40,0,95,95,0,0,95,95,0
420659567,NODE_F42DC973E618,blackhole,2,B0:CB:D8:F3:32:19,-42,0,95,95,0,0,95,95,0
420759568,NODE_F42DC973E618,blackhole,2,B0:CB:D8:F3:32:19,-38,0,95,95,0,0,95,95,0
420859575,NODE_F42DC973E618,blackhole,2,B0:CB:D8:F3:32:19,-42,0,95,95,0,0,95,95,0
420959567,NODE_F42DC973E618,blackhole,2,B0:CB:D8:F3:32:19,-43,0,95,95,0,0,95,95,0
421059568,NODE_F42DC973E618,blackhole,2,B0:CB:D8:F3:32:19,-42,0,95,95,0,0,95,95,0
421159567,NODE_F42DC973E618,blackhole,2,B0:CB:D8:F3:32:19,-38,0,95,95,0,0,95,95,0
421259567,NODE_F42DC973E618,blackhole,2,B0:CB:D8:F3:32:19,-38,0,95,95,0,0,95,95,0
421359568,NODE_F42DC973E618,blackhole,2,B0:CB:D8:F3:32:19,-42,0,95,95,0,0,95,95,0
421459575,NODE_F42DC973E618,blackhole,2,B0:CB:D8:F3:32:19,-42,0,95,95,0,0,95,95,0
421559567,NODE_F42DC973E618,blackhole,2,B0:CB:D8:F3:32:19,-39,0,96,96,0,0,96,96,0
421659568,NODE_F42DC973E618,blackhole,2,B0:CB:D8:F3:32:19,-38,0,96,96,0,0,96,96,0
421759567,NODE_F42DC973E618,blackhole,2,B0:CB:D8:F3:32:19,-40,0,96,96,0,0,96,96,0
421859567,NODE_F42DC973E618,blackhole,2,B0:CB:D8:F3:32:19,-40,0,96,96,0,0,96,96,0
421959576,NODE_F42DC973E618,blackhole,2,B0:CB:D8:F3:32:19,-42,0,96,96,0,0,96,96,0
422059626,NODE_F42DC973E618,blackhole,2,B0:CB:D8:F3:32:19,-43,0,96,96,0,0,96,96,0
422159567,NODE_F42DC973E618,blackhole,2,B0:CB:D8:F3:32:19,-40,0,96,96,0,0,96,96,0
422260327,NODE_F42DC973E618,blackhole,2,B0:CB:D8:F3:32:19,-42,0,96,96,0,0,96,96,0
422359567,NODE_F42DC973E618,blackhole,2,B0:CB:D8:F3:32:19,-42,0,96,96,0,0,96,96,0
422459567,NODE_F42DC973E618,blackhole,2,B0:CB:D8:F3:32:19,-42,0,96,96,0,0,96,96,0
422559749,NODE_F42DC973E618,blackhole,2,B0:CB:D8:F3:32:19,-38,0,97,97,0,0,97,97,0
422659575,NODE_F42DC973E618,blackhole,2,B0:CB:D8:F3:32:19,-40,0,97,97,0,0,97,97,0
422759563,NODE_F42DC973E618,blackhole,2,B0:CB:D8:F3:32:19,-39,0,97,97,0,0,97,97,0
422859568,NODE_F42DC973E618,blackhole,2,B0:CB:D8:F3:32:19,-43,0,97,97,0,0,97,97,0
422959567,NODE_F42DC973E618,blackhole,2,B0:CB:D8:F3:32:19,-43,0,97,97,0,0,97,97,0
423059567,NODE_F42DC973E618,blackhole,2,B0:CB:D8:F3:32:19,-42,0,97,97,0,0,97,97,0
423159568,NODE_F42DC973E618,blackhole,2,B0:CB:D8:F3:32:19,-43,0,97,97,0,0,97,97,0
423259571,NODE_F42DC973E618,blackhole,2,B0:CB:D8:F3:32:19,-42,0,97,97,0,0,97,97,0
423359567,NODE_F42DC973E618,blackhole,2,B0:CB:D8:F3:32:19,-42,0,97,97,0,0,97,97,0
423459568,NODE_F42DC973E618,blackhole,2,B0:CB:D8:F3:32:19,-38,0,97,97,0,0,97,97,0
423559567,NODE_F42DC973E618,blackhole,2,B0:CB:D8:F3:32:19,-43,0,98,98,0,0,98,98,0
423659567,NODE_F42DC973E618,blackhole,2,B0:CB:D8:F3:32:19,-39,0,98,98,0,0,98,98,0
423759564,NODE_F42DC973E618,blackhole,2,B0:CB:D8:F3:32:19,-43,0,98,98,0,0,98,98,0
423859575,NODE_F42DC973E618,blackhole,2,B0:CB:D8:F3:32:19,-37,0,98,98,0,0,98,98,0
423959567,NODE_F42DC973E618,blackhole,2,B0:CB:D8:F3:32:19,-38,0,98,98,0,0,98,98,0
424059564,NODE_F42DC973E618,blackhole,2,B0:CB:D8:F3:32:19,-38,0,98,98,0,0,98,98,0
424159567,NODE_F42DC973E618,blackhole,2,B0:CB:D8:F3:32:19,-40,0,98,98,0,0,98,98,0
424259567,NODE_F42DC973E618,blackhole,2,B0:CB:D8:F3:32:19,-39,0,98,98,0,0,98,98,0
424359568,NODE_F42DC973E618,blackhole,2,B0:CB:D8:F3:32:19,-42,0,98,98,0,0,98,98,0
424459571,NODE_F42DC973E618,blackhole,2,B0:CB:D8:F3:32:19,-39,0,98,98,0,0,98,98,0
424559567,NODE_F42DC973E618,blackhole,2,B0:CB:D8:F3:32:19,-43,0,99,99,0,0,99,99,0
424659568,NODE_F42DC973E618,blackhole,2,B0:CB:D8:F3:32:19,-38,0,99,99,0,0,99,99,0
424759567,NODE_F42DC973E618,blackhole,2,B0:CB:D8:F3:32:19,-42,0,99,99,0,0,99,99,0
424859567,NODE_F42DC973E618,blackhole,2,B0:CB:D8:F3:32:19,-42,0,99,99,0,0,99,99,0
424959572,NODE_F42DC973E618,blackhole,2,B0:CB:D8:F3:32:19,-38,0,99,99,0,0,99,99,0
425059575,NODE_F42DC973E618,blackhole,2,B0:CB:D8:F3:32:19,-42,0,99,99,0,0,99,99,0
425159567,NODE_F42DC973E618,blackhole,2,B0:CB:D8:F3:32:19,-43,0,99,99,0,0,99,99,0
425259568,NODE_F42DC973E618,blackhole,2,B0:CB:D8:F3:32:19,-39,0,99,99,0,0,99,99,0
425359567,NODE_F42DC973E618,blackhole,2,B0:CB:D8:F3:32:19,-42,0,99,99,0,0,99,99,0
425459567,NODE_F42DC973E618,blackhole,2,B0:CB:D8:F3:32:19,-38,0,99,99,0,0,99,99,0
425559568,NODE_F42DC973E618,blackhole,2,B0:CB:D8:F3:32:19,-42,0,100,100,0,0,100,100,0
425659575,NODE_F42DC973E618,blackhole,2,B0:CB:D8:F3:32:19,-42,0,100,100,0,0,100,100,0
425759567,NODE_F42DC973E618,blackhole,2,B0:CB:D8:F3:32:19,-42,0,100,100,0,0,100,100,0
425859568,NODE_F42DC973E618,blackhole,2,B0:CB:D8:F3:32:19,-42,0,100,100,0,0,100,100,0
425959567,NODE_F42DC973E618,blackhole,2,B0:CB:D8:F3:32:19,-43,0,100,100,0,0,100,100,0
426059567,NODE_F42DC973E618,blackhole,2,B0:CB:D8:F3:32:19,-39,0,100,100,0,0,100,100,0
426159568,NODE_F42DC973E618,blackhole,2,B0:CB:D8:F3:32:19,-42,0,100,100,0,0,100,100,0
426259568,NODE_F42DC973E618,blackhole,2,B0:CB:D8:F3:32:19,-37,0,100,100,0,0,100,100,0
426359567,NODE_F42DC973E618,blackhole,2,B0:CB:D8:F3:32:19,-37,0,100,100,0,0,100,100,0
426460039,NODE_F42DC973E618,blackhole,2,B0:CB:D8:F3:32:19,-42,0,100,100,0,0,100,100,0
426560326,NODE_F42DC973E618,blackhole,2,B0:CB:D8:F3:32:19,-42,0,101,101,0,0,101,101,0
426659567,NODE_F42DC973E618,blackhole,2,B0:CB:D8:F3:32:19,-42,0,101,101,0,0,101,101,0
426759564,NODE_F42DC973E618,blackhole,2,B0:CB:D8:F3:32:19,-42,0,101,101,0,0,101,101,0
426859567,NODE_F42DC973E618,blackhole,2,B0:CB:D8:F3:32:19,-39,0,101,101,0,0,101,101,0
426959575,NODE_F42DC973E618,blackhole,2,B0:CB:D8:F3:32:19,-38,0,101,101,0,0,101,101,0
427059568,NODE_F42DC973E618,blackhole,2,B0:CB:D8:F3:32:19,-43,0,101,101,0,0,101,101,0
427159567,NODE_F42DC973E618,blackhole,2,B0:CB:D8:F3:32:19,-39,0,101,101,0,0,101,101,0
427259567,NODE_F42DC973E618,blackhole,2,B0:CB:D8:F3:32:19,-42,0,101,101,0,0,101,101,0
427359568,NODE_F42DC973E618,blackhole,2,B0:CB:D8:F3:32:19,-42,0,101,101,0,0,101,101,0
427459567,NODE_F42DC973E618,blackhole,2,B0:CB:D8:F3:32:19,-37,0,101,101,0,0,101,101,0
427559567,NODE_F42DC973E618,blackhole,2,B0:CB:D8:F3:32:19,-42,0,102,102,0,0,102,102,0
427659568,NODE_F42DC973E618,blackhole,2,B0:CB:D8:F3:32:19,-41,0,102,102,0,0,102,102,0
427759567,NODE_F42DC973E618,blackhole,2,B0:CB:D8:F3:32:19,-43,0,102,102,0,0,102,102,0
427859567,NODE_F42DC973E618,blackhole,2,B0:CB:D8:F3:32:19,-43,0,102,102,0,0,102,102,0
427959572,NODE_F42DC973E618,blackhole,2,B0:CB:D8:F3:32:19,-43,0,102,102,0,0,102,102,0
428059575,NODE_F42DC973E618,blackhole,2,B0:CB:D8:F3:32:19,-42,0,102,102,0,0,102,102,0
428159567,NODE_F42DC973E618,blackhole,2,B0:CB:D8:F3:32:19,-42,0,102,102,0,0,102,102,0
428259568,NODE_F42DC973E618,blackhole,2,B0:CB:D8:F3:32:19,-42,0,102,102,0,0,102,102,0
428359567,NODE_F42DC973E618,blackhole,2,B0:CB:D8:F3:32:19,-38,0,102,102,0,0,102,102,0
428459567,NODE_F42DC973E618,blackhole,2,B0:CB:D8:F3:32:19,-38,0,102,102,0,0,102,102,0
428559564,NODE_F42DC973E618,blackhole,2,B0:CB:D8:F3:32:19,-38,0,103,103,0,0,103,103,0
428659575,NODE_F42DC973E618,blackhole,2,B0:CB:D8:F3:32:19,-38,0,103,103,0,0,103,103,0
428759567,NODE_F42DC973E618,blackhole,2,B0:CB:D8:F3:32:19,-38,0,103,103,0,0,103,103,0
428859560,NODE_F42DC973E618,blackhole,2,B0:CB:D8:F3:32:19,-38,0,103,103,0,0,103,103,0
428959567,NODE_F42DC973E618,blackhole,2,B0:CB:D8:F3:32:19,-38,0,103,103,0,0,103,103,0
429059567,NODE_F42DC973E618,blackhole,2,B0:CB:D8:F3:32:19,-38,0,103,103,0,0,103,103,0
429159560,NODE_F42DC973E618,blackhole,2,B0:CB:D8:F3:32:19,-38,0,103,103,0,0,103,103,0
429259571,NODE_F42DC973E618,blackhole,2,B0:CB:D8:F3:32:19,-42,0,103,103,0,0,103,103,0
429359567,NODE_F42DC973E618,blackhole,2,B0:CB:D8:F3:32:19,-42,0,103,103,0,0,103,103,0
429459568,NODE_F42DC973E618,blackhole,2,B0:CB:D8:F3:32:19,-42,0,103,103,0,0,103,103,0
429559567,NODE_F42DC973E618,blackhole,2,B0:CB:D8:F3:32:19,-42,0,104,104,0,0,104,104,0
429659567,NODE_F42DC973E618,blackhole,2,B0:CB:D8:F3:32:19,-42,0,104,104,0,0,104,104,0
429759568,NODE_F42DC973E618,blackhole,2,B0:CB:D8:F3:32:19,-42,0,104,104,0,0,104,104,0
429859563,NODE_F42DC973E618,blackhole,2,B0:CB:D8:F3:32:19,-38,0,104,104,0,0,104,104,0
429959575,NODE_F42DC973E618,blackhole,2,B0:CB:D8:F3:32:19,-38,0,104,104,0,0,104,104,0
430059568,NODE_F42DC973E618,blackhole,2,B0:CB:D8:F3:32:19,-38,0,104,104,0,0,104,104,0
430159563,NODE_F42DC973E618,blackhole,2,B0:CB:D8:F3:32:19,-42,0,104,104,0,0,104,104,0
430259567,NODE_F42DC973E618,blackhole,2,B0:CB:D8:F3:32:19,-42,0,104,104,0,0,104,104,0
430359568,NODE_F42DC973E618,blackhole,2,B0:CB:D8:F3:32:19,-42,0,104,104,0,0,104,104,0
430459567,NODE_F42DC973E618,blackhole,2,B0:CB:D8:F3:32:19,-39,0,104,104,0,0,104,104,0
430559771,NODE_F42DC973E618,blackhole,2,B0:CB:D8:F3:32:19,-39,0,105,105,0,0,105,105,0
430659568,NODE_F42DC973E618,blackhole,2,B0:CB:D8:F3:32:19,-39,0,105,105,0,0,105,105,0
430759567,NODE_F42DC973E618,blackhole,2,B0:CB:D8:F3:32:19,-39,0,105,105,0,0,105,105,0
430859575,NODE_F42DC973E618,blackhole,2,B0:CB:D8:F3:32:19,-39,0,105,105,0,0,105,105,0
430959568,NODE_F42DC973E618,blackhole,2,B0:CB:D8:F3:32:19,-39,0,105,105,0,0,105,105,0
431059575,NODE_F42DC973E618,blackhole,2,B0:CB:D8:F3:32:19,-39,0,105,105,0,0,105,105,0
431159567,NODE_F42DC973E618,blackhole,2,B0:CB:D8:F3:32:19,-39,0,105,105,0,0,105,105,0
431259564,NODE_F42DC973E618,blackhole,2,B0:CB:D8:F3:32:19,-39,0,105,105,0,0,105,105,0
431359567,NODE_F42DC973E618,blackhole,2,B0:CB:D8:F3:32:19,-39,0,105,105,0,0,105,105,0
431459567,NODE_F42DC973E618,blackhole,2,B0:CB:D8:F3:32:19,-40,0,105,105,0,0,105,105,0
431559564,NODE_F42DC973E618,blackhole,2,B0:CB:D8:F3:32:19,-40,0,106,106,0,0,106,106,0
431659575,NODE_F42DC973E618,blackhole,2,B0:CB:D8:F3:32:19,-40,0,106,106,0,0,106,106,0
431759567,NODE_F42DC973E618,blackhole,2,B0:CB:D8:F3:32:19,-40,0,106,106,0,0,106,106,0
431859568,NODE_F42DC973E618,blackhole,2,B0:CB:D8:F3:32:19,-40,0,106,106,0,0,106,106,0
431959567,NODE_F42DC973E618,blackhole,2,B0:CB:D8:F3:32:19,-40,0,106,106,0,0,106,106,0
432059567,NODE_F42DC973E618,blackhole,2,B0:CB:D8:F3:32:19,-42,0,106,106,0,0,106,106,0
432159568,NODE_F42DC973E618,blackhole,2,B0:CB:D8:F3:32:19,-42,0,106,106,0,0,106,106,0
432259571,NODE_F42DC973E618,blackhole,2,B0:CB:D8:F3:32:19,-42,0,106,106,0,0,106,106,0
432359567,NODE_F42DC973E618,blackhole,2,B0:CB:D8:F3:32:19,-42,0,106,106,0,0,106,106,0
432459568,NODE_F42DC973E618,blackhole,2,B0:CB:D8:F3:32:19,-42,0,106,106,0,0,106,106,0
432559563,NODE_F42DC973E618,blackhole,2,B0:CB:D8:F3:32:19,-42,0,107,107,0,0,107,107,0
432659567,NODE_F42DC973E618,blackhole,2,B0:CB:D8:F3:32:19,-38,0,107,107,0,0,107,107,0
432759576,NODE_F42DC973E618,blackhole,2,B0:CB:D8:F3:32:19,-38,0,107,107,0,0,107,107,0
432859559,NODE_F42DC973E618,blackhole,2,B0:CB:D8:F3:32:19,-38,0,107,107,0,0,107,107,0
432959567,NODE_F42DC973E618,blackhole,2,B0:CB:D8:F3:32:19,-39,0,107,107,0,0,107,107,0
433059568,NODE_F42DC973E618,blackhole,2,B0:CB:D8:F3:32:19,-39,0,107,107,0,0,107,107,0
433159559,NODE_F42DC973E618,blackhole,2,B0:CB:D8:F3:32:19,-39,0,107,107,0,0,107,107,0
433259564,NODE_F42DC973E618,blackhole,2,B0:CB:D8:F3:32:19,-43,0,107,107,0,0,107,107,0
433359572,NODE_F42DC973E618,blackhole,2,B0:CB:D8:F3:32:19,-43,0,107,107,0,0,107,107,0
433459567,NODE_F42DC973E618,blackhole,2,B0:CB:D8:F3:32:19,-43,0,107,107,0,0,107,107,0
433559567,NODE_F42DC973E618,blackhole,2,B0:CB:D8:F3:32:19,-42,0,108,108,0,0,108,108,0
433659568,NODE_F42DC973E618,blackhole,2,B0:CB:D8:F3:32:19,-42,0,108,108,0,0,108,108,0
433759567,NODE_F42DC973E618,blackhole,2,B0:CB:D8:F3:32:19,-42,0,108,108,0,0,108,108,0
433859567,NODE_F42DC973E618,blackhole,2,B0:CB:D8:F3:32:19,-39,0,108,108,0,0,108,108,0
433959572,NODE_F42DC973E618,blackhole,2,B0:CB:D8:F3:32:19,-39,0,108,108,0,0,108,108,0
434059575,NODE_F42DC973E618,blackhole,2,B0:CB:D8:F3:32:19,-39,0,108,108,0,0,108,108,0
434159567,NODE_F42DC973E618,blackhole,2,B0:CB:D8:F3:32:19,-43,0,108,108,0,0,108,108,0
434259568,NODE_F42DC973E618,blackhole,2,B0:CB:D8:F3:32:19,-43,0,108,108,0,0,108,108,0
434359567,NODE_F42DC973E618,blackhole,2,B0:CB:D8:F3:32:19,-43,0,108,108,0,0,108,108,0
434459567,NODE_F42DC973E618,blackhole,2,B0:CB:D8:F3:32:19,-42,0,108,108,0,0,108,108,0
434559568,NODE_F42DC973E618,blackhole,2,B0:CB:D8:F3:32:19,-42,0,109,109,0,0,109,109,0
434659575,NODE_F42DC973E618,blackhole,2,B0:CB:D8:F3:32:19,-42,0,109,109,0,0,109,109,0
434759567,NODE_F42DC973E618,blackhole,2,B0:CB:D8:F3:32:19,-42,0,109,109,0,0,109,109,0
434859568,NODE_F42DC973E618,blackhole,2,B0:CB:D8:F3:32:19,-42,0,109,109,0,0,109,109,0
434959567,NODE_F42DC973E618,blackhole,2,B0:CB:D8:F3:32:19,-42,0,109,109,0,0,109,109,0
435060326,NODE_F42DC973E618,blackhole,2,B0:CB:D8:F3:32:19,-39,0,109,109,0,0,109,109,0
435159568,NODE_F42DC973E618,blackhole,2,B0:CB:D8:F3:32:19,-39,0,109,109,0,0,109,109,0
435259571,NODE_F42DC973E618,blackhole,2,B0:CB:D8:F3:32:19,-39,0,109,109,0,0,109,109,0
435359567,NODE_F42DC973E618,blackhole,2,B0:CB:D8:F3:32:19,-39,0,109,109,0,0,109,109,0
435459568,NODE_F42DC973E618,blackhole,2,B0:CB:D8:F3:32:19,-38,0,109,109,0,0,109,109,0
435559563,NODE_F42DC973E618,blackhole,2,B0:CB:D8:F3:32:19,-38,0,110,110,0,0,110,110,0
435659567,NODE_F42DC973E618,blackhole,2,B0:CB:D8:F3:32:19,-38,0,110,110,0,0,110,110,0
435759576,NODE_F42DC973E618,blackhole,2,B0:CB:D8:F3:32:19,-43,0,110,110,0,0,110,110,0
435859567,NODE_F42DC973E618,blackhole,2,B0:CB:D8:F3:32:19,-43,0,110,110,0,0,110,110,0
435959567,NODE_F42DC973E618,blackhole,2,B0:CB:D8:F3:32:19,-43,0,110,110,0,0,110,110,0
436059568,NODE_F42DC973E618,blackhole,2,B0:CB:D8:F3:32:19,-38,0,110,110,0,0,110,110,0
436159567,NODE_F42DC973E618,blackhole,2,B0:CB:D8:F3:32:19,-38,0,110,110,0,0,110,110,0
436259567,NODE_F42DC973E618,blackhole,2,B0:CB:D8:F3:32:19,-38,0,110,110,0,0,110,110,0
436359572,NODE_F42DC973E618,blackhole,2,B0:CB:D8:F3:32:19,-39,0,110,110,0,0,110,110,0
436459567,NODE_F42DC973E618,blackhole,2,B0:CB:D8:F3:32:19,-39,0,110,110,0,0,110,110,0
436559567,NODE_F42DC973E618,blackhole,2,B0:CB:D8:F3:32:19,-39,0,111,111,0,0,111,111,0
436659568,NODE_F42DC973E618,blackhole,2,B0:CB:D8:F3:32:19,-39,0,111,111,0,0,111,111,0
436759567,NODE_F42DC973E618,blackhole,2,B0:CB:D8:F3:32:19,-39,0,111,111,0,0,111,111,0
436859559,NODE_F42DC973E618,blackhole,2,B0:CB:D8:F3:32:19,-39,0,111,111,0,0,111,111,0
436959572,NODE_F42DC973E618,blackhole,2,B0:CB:D8:F3:32:19,-38,0,111,111,0,0,111,111,0
437059575,NODE_F42DC973E618,blackhole,2,B0:CB:D8:F3:32:19,-38,0,111,111,0,0,111,111,0
437159559,NODE_F42DC973E618,blackhole,2,B0:CB:D8:F3:32:19,-38,0,111,111,0,0,111,111,0
437259568,NODE_F42DC973E618,blackhole,2,B0:CB:D8:F3:32:19,-42,0,111,111,0,0,111,111,0
437359567,NODE_F42DC973E618,blackhole,2,B0:CB:D8:F3:32:19,-42,0,111,111,0,0,111,111,0
437459567,NODE_F42DC973E618,blackhole,2,B0:CB:D8:F3:32:19,-42,0,111,111,0,0,111,111,0
437559568,NODE_F42DC973E618,blackhole,2,B0:CB:D8:F3:32:19,-39,0,112,112,0,0,112,112,0
437659575,NODE_F42DC973E618,blackhole,2,B0:CB:D8:F3:32:19,-39,0,112,112,0,0,112,112,0
437759563,NODE_F42DC973E618,blackhole,2,B0:CB:D8:F3:32:19,-39,0,112,112,0,0,112,112,0
437859576,NODE_F42DC973E618,blackhole,2,B0:CB:D8:F3:32:19,-40,0,112,112,0,0,112,112,0
437959567,NODE_F42DC973E618,blackhole,2,B0:CB:D8:F3:32:19,-40,0,112,112,0,0,112,112,0
438059567,NODE_F42DC973E618,blackhole,2,B0:CB:D8:F3:32:19,-40,0,112,112,0,0,112,112,0
438159564,NODE_F42DC973E618,blackhole,2,B0:CB:D8:F3:32:19,-40,0,112,112,0,0,112,112,0
438259571,NODE_F42DC973E618,blackhole,2,B0:CB:D8:F3:32:19,-40,0,112,112,0,0,112,112,0
438359567,NODE_F42DC973E618,blackhole,2,B0:CB:D8:F3:32:19,-40,0,112,112,0,0,112,112,0
438459568,NODE_F42DC973E618,blackhole,2,B0:CB:D8:F3:32:19,-39,0,112,112,0,0,112,112,0
438559567,NODE_F42DC973E618,blackhole,2,B0:CB:D8:F3:32:19,-39,0,113,113,0,0,113,113,0
438659567,NODE_F42DC973E618,blackhole,2,B0:CB:D8:F3:32:19,-39,0,113,113,0,0,113,113,0
438759576,NODE_F42DC973E618,blackhole,2,B0:CB:D8:F3:32:19,-42,0,113,113,0,0,113,113,0
438859567,NODE_F42DC973E618,blackhole,2,B0:CB:D8:F3:32:19,-42,0,113,113,0,0,113,113,0
438959567,NODE_F42DC973E618,blackhole,2,B0:CB:D8:F3:32:19,-42,0,113,113,0,0,113,113,0
439059568,NODE_F42DC973E618,blackhole,2,B0:CB:D8:F3:32:19,-43,0,113,113,0,0,113,113,0
439159567,NODE_F42DC973E618,blackhole,2,B0:CB:D8:F3:32:19,-43,0,113,113,0,0,113,113,0
439259567,NODE_F42DC973E618,blackhole,2,B0:CB:D8:F3:32:19,-43,0,113,113,0,0,113,113,0
439359568,NODE_F42DC973E618,blackhole,2,B0:CB:D8:F3:32:19,-43,0,113,113,0,0,113,113,0
439459567,NODE_F42DC973E618,blackhole,2,B0:CB:D8:F3:32:19,-43,0,113,113,0,0,113,113,0
439559563,NODE_F42DC973E618,blackhole,2,B0:CB:D8:F3:32:19,-43,0,114,114,0,0,114,114,0
439659564,NODE_F42DC973E618,blackhole,2,B0:CB:D8:F3:32:19,-43,0,114,114,0,0,114,114,0
439759567,NODE_F42DC973E618,blackhole,2,B0:CB:D8:F3:32:19,-38,0,114,114,0,0,114,114,0
439859567,NODE_F42DC973E618,blackhole,2,B0:CB:D8:F3:32:19,-38,0,114,114,0,0,114,114,0
439959576,NODE_F42DC973E618,blackhole,2,B0:CB:D8:F3:32:19,-38,0,114,114,0,0,114,114,0
440059567,NODE_F42DC973E618,blackhole,2,B0:CB:D8:F3:32:19,-42,0,114,114,0,0,114,114,0
440159575,NODE_F42DC973E618,blackhole,2,B0:CB:D8:F3:32:19,-42,0,114,114,0,0,114,114,0
440259565,NODE_F42DC973E618,blackhole,2,B0:CB:D8:F3:32:19,-42,0,114,114,0,0,114,114,0
440359567,NODE_F42DC973E618,blackhole,2,B0:CB:D8:F3:32:19,-43,0,114,114,0,0,114,114,0
440459567,NODE_F42DC973E618,blackhole,2,B0:CB:D8:F3:32:19,-43,0,114,114,0,0,114,114,0
440559568,NODE_F42DC973E618,blackhole,2,B0:CB:D8:F3:32:19,-43,0,115,115,0,0,115,115,0
440659575,NODE_F42DC973E618,blackhole,2,B0:CB:D8:F3:32:19,-43,0,115,115,0,0,115,115,0
440759567,NODE_F42DC973E618,blackhole,2,B0:CB:D8:F3:32:19,-43,0,115,115,0,0,115,115,0
440859560,NODE_F42DC973E618,blackhole,2,B0:CB:D8:F3:32:19,-43,0,115,115,0,0,115,115,0
440959567,NODE_F42DC973E618,blackhole,2,B0:CB:D8:F3:32:19,-38,0,115,115,0,0,115,115,0
441059567,NODE_F42DC973E618,blackhole,2,B0:CB:D8:F3:32:19,-38,0,115,115,0,0,115,115,0
441159560,NODE_F42DC973E618,blackhole,2,B0:CB:D8:F3:32:19,-38,0,115,115,0,0,115,115,0
441259571,NODE_F42DC973E618,blackhole,2,B0:CB:D8:F3:32:19,-42,0,115,115,0,0,115,115,0
441359567,NODE_F42DC973E618,blackhole,2,B0:CB:D8:F3:32:19,-42,0,115,115,0,0,115,115,0
441459576,NODE_F42DC973E618,blackhole,2,B0:CB:D8:F3:32:19,-42,0,115,115,0,0,115,115,0
441559567,NODE_F42DC973E618,blackhole,2,B0:CB:D8:F3:32:19,-40,0,116,116,0,0,116,116,0
441659567,NODE_F42DC973E618,blackhole,2,B0:CB:D8:F3:32:19,-40,0,116,116,0,0,116,116,0
441759576,NODE_F42DC973E618,blackhole,2,B0:CB:D8:F3:32:19,-40,0,116,116,0,0,116,116,0
441859567,NODE_F42DC973E618,blackhole,2,B0:CB:D8:F3:32:19,-38,0,116,116,0,0,116,116,0
441959567,NODE_F42DC973E618,blackhole,2,B0:CB:D8:F3:32:19,-38,0,116,116,0,0,116,116,0
442059568,NODE_F42DC973E618,blackhole,2,B0:CB:D8:F3:32:19,-38,0,116,116,0,0,116,116,0
442159567,NODE_F42DC973E618,blackhole,2,B0:CB:D8:F3:32:19,-40,0,116,116,0,0,116,116,0
442259567,NODE_F42DC973E618,blackhole,2,B0:CB:D8:F3:32:19,-40,0,116,116,0,0,116,116,0
442359572,NODE_F42DC973E618,blackhole,2,B0:CB:D8:F3:32:19,-40,0,116,116,0,0,116,116,0
442459567,NODE_F42DC973E618,blackhole,2,B0:CB:D8:F3:32:19,-38,0,116,116,0,0,116,116,0
442559567,NODE_F42DC973E618,blackhole,2,B0:CB:D8:F3:32:19,-38,0,117,117,0,0,117,117,0
442659568,NODE_F42DC973E618,blackhole,2,B0:CB:D8:F3:32:19,-38,0,117,117,0,0,117,117,0
442759567,NODE_F42DC973E618,blackhole,2,B0:CB:D8:F3:32:19,-38,0,117,117,0,0,117,117,0
442859575,NODE_F42DC973E618,blackhole,2,B0:CB:D8:F3:32:19,-38,0,117,117,0,0,117,117,0
442959572,NODE_F42DC973E618,blackhole,2,B0:CB:D8:F3:32:19,-38,0,117,117,0,0,117,117,0
443059567,NODE_F42DC973E618,blackhole,2,B0:CB:D8:F3:32:19,-38,0,117,117,0,0,117,117,0
443159575,NODE_F42DC973E618,blackhole,2,B0:CB:D8:F3:32:19,-38,0,117,117,0,0,117,117,0
443259568,NODE_F42DC973E618,blackhole,2,B0:CB:D8:F3:32:19,-38,0,117,117,0,0,117,117,0
443359567,NODE_F42DC973E618,blackhole,2,B0:CB:D8:F3:32:19,-42,0,117,117,0,0,117,117,0
443459567,NODE_F42DC973E618,blackhole,2,B0:CB:D8:F3:32:19,-42,0,117,117,0,0,117,117,0
443559564,NODE_F42DC973E618,blackhole,2,B0:CB:D8:F3:32:19,-42,0,118,118,0,0,118,118,0
443659571,NODE_F42DC973E618,blackhole,2,B0:CB:D8:F3:32:19,-42,0,118,118,0,0,118,118,0
443759831,NODE_F42DC973E618,blackhole,2,B0:CB:D8:F3:32:19,-42,0,118,118,0,0,118,118,0
443859560,NODE_F42DC973E618,blackhole,2,B0:CB:D8:F3:32:19,-42,0,118,118,0,0,118,118,0
443959567,NODE_F42DC973E618,blackhole,2,B0:CB:D8:F3:32:19,-42,0,118,118,0,0,118,118,0
444059567,NODE_F42DC973E618,blackhole,2,B0:CB:D8:F3:32:19,-42,0,118,118,0,0,118,118,0
444159568,NODE_F42DC973E618,blackhole,2,B0:CB:D8:F3:32:19,-42,0,118,118,0,0,118,118,0
444259571,NODE_F42DC973E618,blackhole,2,B0:CB:D8:F3:32:19,-42,0,118,118,0,0,118,118,0
444359567,NODE_F42DC973E618,blackhole,2,B0:CB:D8:F3:32:19,-43,0,118,118,0,0,118,118,0
444459568,NODE_F42DC973E618,blackhole,2,B0:CB:D8:F3:32:19,-43,0,118,118,0,0,118,118,0
444559563,NODE_F42DC973E618,blackhole,2,B0:CB:D8:F3:32:19,-43,0,119,119,0,0,119,119,0
444659567,NODE_F42DC973E618,blackhole,2,B0:CB:D8:F3:32:19,-43,0,119,119,0,0,119,119,0
444759576,NODE_F42DC973E618,blackhole,2,B0:CB:D8:F3:32:19,-43,0,119,119,0,0,119,119,0
444859575,NODE_F42DC973E618,blackhole,2,B0:CB:D8:F3:32:19,-43,0,119,119,0,0,119,119,0
444959567,NODE_F42DC973E618,blackhole,2,B0:CB:D8:F3:32:19,-38,0,119,119,0,0,119,119,0
445059568,NODE_F42DC973E618,blackhole,2,B0:CB:D8:F3:32:19,-38,0,119,119,0,0,119,119,0
445159559,NODE_F42DC973E618,blackhole,2,B0:CB:D8:F3:32:19,-38,0,119,119,0,0,119,119,0
445259567,NODE_F42DC973E618,blackhole,2,B0:CB:D8:F3:32:19,-38,0,119,119,0,0,119,119,0
445359572,NODE_F42DC973E618,blackhole,2,B0:CB:D8:F3:32:19,-38,0,119,119,0,0,119,119,0
445459567,NODE_F42DC973E618,blackhole,2,B0:CB:D8:F3:32:19,-38,0,119,119,0,0,119,119,0
445559567,NODE_F42DC973E618,blackhole,2,B0:CB:D8:F3:32:19,-37,0,120,120,0,0,120,120,0
445659568,NODE_F42DC973E618,blackhole,2,B0:CB:D8:F3:32:19,-37,0,120,120,0,0,120,120,0
445759567,NODE_F42DC973E618,blackhole,2,B0:CB:D8:F3:32:19,-37,0,120,120,0,0,120,120,0
445859567,NODE_F42DC973E618,blackhole,2,B0:CB:D8:F3:32:19,-38,0,120,120,0,0,120,120,0
445959576,NODE_F42DC973E618,blackhole,2,B0:CB:D8:F3:32:19,-38,0,120,120,0,0,120,120,0
446059567,NODE_F42DC973E618,blackhole,2,B0:CB:D8:F3:32:19,-38,0,120,120,0,0,120,120,0
446159575,NODE_F42DC973E618,blackhole,2,B0:CB:D8:F3:32:19,-42,0,120,120,0,0,120,120,0
446259568,NODE_F42DC973E618,blackhole,2,B0:CB:D8:F3:32:19,-42,0,120,120,0,0,120,120,0
446359567,NODE_F42DC973E618,blackhole,2,B0:CB:D8:F3:32:19,-42,0,120,120,0,0,120,120,0
446459567,NODE_F42DC973E618,blackhole,2,B0:CB:D8:F3:32:19,-42,0,120,120,0,0,120,120,0
446559568,NODE_F42DC973E618,blackhole,2,B0:CB:D8:F3:32:19,-42,0,121,121,0,0,121,121,0
446659567,NODE_F42DC973E618,blackhole,2,B0:CB:D8:F3:32:19,-42,0,121,121,0,0,121,121,0
446759567,NODE_F42DC973E618,blackhole,2,B0:CB:D8:F3:32:19,-39,0,121,121,0,0,121,121,0
446859568,NODE_F42DC973E618,blackhole,2,B0:CB:D8:F3:32:19,-39,0,121,121,0,0,121,121,0
446959571,NODE_F42DC973E618,blackhole,2,B0:CB:D8:F3:32:19,-39,0,121,121,0,0,121,121,0
447059571,NODE_F42DC973E618,blackhole,2,B0:CB:D8:F3:32:19,-38,0,121,121,0,0,121,121,0
447159568,NODE_F42DC973E618,blackhole,2,B0:CB:D8:F3:32:19,-38,0,121,121,0,0,121,121,0
447259568,NODE_F42DC973E618,blackhole,2,B0:CB:D8:F3:32:19,-38,0,121,121,0,0,121,121,0
447359567,NODE_F42DC973E618,blackhole,2,B0:CB:D8:F3:32:19,-38,0,121,121,0,0,121,121,0
447459568,NODE_F42DC973E618,blackhole,2,B0:CB:D8:F3:32:19,-38,0,121,121,0,0,121,121,0
447559563,NODE_F42DC973E618,blackhole,2,B0:CB:D8:F3:32:19,-38,0,122,122,0,0,122,122,0
447659636,NODE_F42DC973E618,blackhole,2,B0:CB:D8:F3:32:19,-39,0,122,122,0,0,122,122,0
447759572,NODE_F42DC973E618,blackhole,2,B0:CB:D8:F3:32:19,-39,0,122,122,0,0,122,122,0
447859559,NODE_F42DC973E618,blackhole,2,B0:CB:D8:F3:32:19,-39,0,122,122,0,0,122,122,0
447959563,NODE_F42DC973E618,blackhole,2,B0:CB:D8:F3:32:19,-39,0,122,122,0,0,122,122,0
448059568,NODE_F42DC973E618,blackhole,2,B0:CB:D8:F3:32:19,-42,0,122,122,0,0,122,122,0
448159563,NODE_F42DC973E618,blackhole,2,B0:CB:D8:F3:32:19,-42,0,122,122,0,0,122,122,0
448259567,NODE_F42DC973E618,blackhole,2,B0:CB:D8:F3:32:19,-42,0,122,122,0,0,122,122,0
448359572,NODE_F42DC973E618,blackhole,2,B0:CB:D8:F3:32:19,-44,0,122,122,0,0,122,122,0
448459567,NODE_F42DC973E618,blackhole,2,B0:CB:D8:F3:32:19,-44,0,122,122,0,0,122,122,0
448559563,NODE_F42DC973E618,blackhole,2,B0:CB:D8:F3:32:19,-44,0,123,123,0,0,123,123,0
448659568,NODE_F42DC973E618,blackhole,2,B0:CB:D8:F3:32:19,-43,0,123,123,0,0,123,123,0
448759567,NODE_F42DC973E618,blackhole,2,B0:CB:D8:F3:32:19,-43,0,123,123,0,0,123,123,0
448859559,NODE_F42DC973E618,blackhole,2,B0:CB:D8:F3:32:19,-43,0,123,123,0,0,123,123,0
448959576,NODE_F42DC973E618,blackhole,2,B0:CB:D8:F3:32:19,-38,0,123,123,0,0,123,123,0
449059567,NODE_F42DC973E618,blackhole,2,B0:CB:D8:F3:32:19,-38,0,123,123,0,0,123,123,0
449159575,NODE_F42DC973E618,blackhole,2,B0:CB:D8:F3:32:19,-38,0,123,123,0,0,123,123,0
449259568,NODE_F42DC973E618,blackhole,2,B0:CB:D8:F3:32:19,-42,0,123,123,0,0,123,123,0
449359567,NODE_F42DC973E618,blackhole,2,B0:CB:D8:F3:32:19,-42,0,123,123,0,0,123,123,0
449459567,NODE_F42DC973E618,blackhole,2,B0:CB:D8:F3:32:19,-42,0,123,123,0,0,123,123,0
449559568,NODE_F42DC973E618,blackhole,2,B0:CB:D8:F3:32:19,-40,0,124,124,0,0,124,124,0
449659567,NODE_F42DC973E618,blackhole,2,B0:CB:D8:F3:32:19,-40,0,124,124,0,0,124,124,0
449759567,NODE_F42DC973E618,blackhole,2,B0:CB:D8:F3:32:19,-40,0,124,124,0,0,124,124,0
449859568,NODE_F42DC973E618,blackhole,2,B0:CB:D8:F3:32:19,-39,0,124,124,0,0,124,124,0
449959571,NODE_F42DC973E618,blackhole,2,B0:CB:D8:F3:32:19,-39,0,124,124,0,0,124,124,0
450059571,NODE_F42DC973E618,blackhole,2,B0:CB:D8:F3:32:19,-39,0,124,124,0,0,124,124,0
450159568,NODE_F42DC973E618,blackhole,2,B0:CB:D8:F3:32:19,-38,0,124,124,0,0,124,124,0
450259567,NODE_F42DC973E618,blackhole,2,B0:CB:D8:F3:32:19,-38,0,124,124,0,0,124,124,0
450359567,NODE_F42DC973E618,blackhole,2,B0:CB:D8:F3:32:19,-38,0,124,124,0,0,124,124,0
450459568,NODE_F42DC973E618,blackhole,2,B0:CB:D8:F3:32:19,-38,0,124,124,0,0,124,124,0
450559567,NODE_F42DC973E618,blackhole,2,B0:CB:D8:F3:32:19,-38,0,125,125,0,0,125,125,0
450659567,NODE_F42DC973E618,blackhole,2,B0:CB:D8:F3:32:19,-38,0,125,125,0,0,125,125,0
450759576,NODE_F42DC973E618,blackhole,2,B0:CB:D8:F3:32:19,-42,0,125,125,0,0,125,125,0
450859567,NODE_F42DC973E618,blackhole,2,B0:CB:D8:F3:32:19,-42,0,125,125,0,0,125,125,0
450959567,NODE_F42DC973E618,blackhole,2,B0:CB:D8:F3:32:19,-42,0,125,125,0,0,125,125,0
451059568,NODE_F42DC973E618,blackhole,2,B0:CB:D8:F3:32:19,-38,0,125,125,0,0,125,125,0
451159567,NODE_F42DC973E618,blackhole,2,B0:CB:D8:F3:32:19,-38,0,125,125,0,0,125,125,0
451259567,NODE_F42DC973E618,blackhole,2,B0:CB:D8:F3:32:19,-38,0,125,125,0,0,125,125,0
451359572,NODE_F42DC973E618,blackhole,2,B0:CB:D8:F3:32:19,-42,0,125,125,0,0,125,125,0
451459567,NODE_F42DC973E618,blackhole,2,B0:CB:D8:F3:32:19,-42,0,125,125,0,0,125,125,0
451559563,NODE_F42DC973E618,blackhole,2,B0:CB:D8:F3:32:19,-42,0,126,126,0,0,126,126,0
451659568,NODE_F42DC973E618,blackhole,2,B0:CB:D8:F3:32:19,-41,0,126,126,0,0,126,126,0
451759567,NODE_F42DC973E618,blackhole,2,B0:CB:D8:F3:32:19,-41,0,126,126,0,0,126,126,0
451859575,NODE_F42DC973E618,blackhole,2,B0:CB:D8:F3:32:19,-41,0,126,126,0,0,126,126,0
451959608,NODE_F42DC973E618,blackhole,2,B0:CB:D8:F3:32:19,-42,0,126,126,0,0,126,126,0
452059567,NODE_F42DC973E618,blackhole,2,B0:CB:D8:F3:32:19,-42,0,126,126,0,0,126,126,0
452159575,NODE_F42DC973E618,blackhole,2,B0:CB:D8:F3:32:19,-42,0,126,126,0,0,126,126,0
452259564,NODE_F42DC973E618,blackhole,2,B0:CB:D8:F3:32:19,-42,0,126,126,0,0,126,126,0
452359567,NODE_F42DC973E618,blackhole,2,B0:CB:D8:F3:32:19,-38,0,126,126,0,0,126,126,0
452459563,NODE_F42DC973E618,blackhole,2,B0:CB:D8:F3:32:19,-38,0,126,126,0,0,126,126,0
452559564,NODE_F42DC973E618,blackhole,2,B0:CB:D8:F3:32:19,-38,0,127,127,0,0,127,127,0
452659567,NODE_F42DC973E618,blackhole,2,B0:CB:D8:F3:32:19,-39,0,127,127,0,0,127,127,0
452759563,NODE_F42DC973E618,blackhole,2,B0:CB:D8:F3:32:19,-39,0,127,127,0,0,127,127,0
452859560,NODE_F42DC973E618,blackhole,2,B0:CB:D8:F3:32:19,-39,0,127,127,0,0,127,127,0
452959571,NODE_F42DC973E618,blackhole,2,B0:CB:D8:F3:32:19,-38,0,127,127,0,0,127,127,0
453059571,NODE_F42DC973E618,blackhole,2,B0:CB:D8:F3:32:19,-38,0,127,127,0,0,127,127,0
453159560,NODE_F42DC973E618,blackhole,2,B0:CB:D8:F3:32:19,-38,0,127,127,0,0,127,127,0
453259567,NODE_F42DC973E618,blackhole,2,B0:CB:D8:F3:32:19,-38,0,127,127,0,0,127,127,0
453359567,NODE_F42DC973E618,blackhole,2,B0:CB:D8:F3:32:19,-38,0,127,127,0,0,127,127,0
453459568,NODE_F42DC973E618,blackhole,2,B0:CB:D8:F3:32:19,-38,0,127,127,0,0,127,127,0
453559567,NODE_F42DC973E618,blackhole,2,B0:CB:D8:F3:32:19,-43,0,128,128,0,0,128,128,0
453659575,NODE_F42DC973E618,blackhole,2,B0:CB:D8:F3:32:19,-43,0,128,128,0,0,128,128,0
453759568,NODE_F42DC973E618,blackhole,2,B0:CB:D8:F3:32:19,-43,0,128,128,0,0,128,128,0
453859567,NODE_F42DC973E618,blackhole,2,B0:CB:D8:F3:32:19,-38,0,128,128,0,0,128,128,0
453959567,NODE_F42DC973E618,blackhole,2,B0:CB:D8:F3:32:19,-38,0,128,128,0,0,128,128,0
454059568,NODE_F42DC973E618,blackhole,2,B0:CB:D8:F3:32:19,-38,0,128,128,0,0,128,128,0
454159567,NODE_F42DC973E618,blackhole,2,B0:CB:D8:F3:32:19,-42,0,128,128,0,0,128,128,0
454259572,NODE_F42DC973E618,blackhole,2,B0:CB:D8:F3:32:19,-42,0,128,128,0,0,128,128,0
454359568,NODE_F42DC973E618,blackhole,2,B0:CB:D8:F3:32:19,-42,0,128,128,0,0,128,128,0
454459567,NODE_F42DC973E618,blackhole,2,B0:CB:D8:F3:32:19,-38,0,128,128,0,0,128,128,0
454559567,NODE_F42DC973E618,blackhole,2,B0:CB:D8:F3:32:19,-38,0,129,129,0,0,129,129,0
454659568,NODE_F42DC973E618,blackhole,2,B0:CB:D8:F3:32:19,-38,0,129,129,0,0,129,129,0
454759567,NODE_F42DC973E618,blackhole,2,B0:CB:D8:F3:32:19,-40,0,129,129,0,0,129,129,0
454859567,NODE_F42DC973E618,blackhole,2,B0:CB:D8:F3:32:19,-40,0,129,129,0,0,129,129,0
454959576,NODE_F42DC973E618,blackhole,2,B0:CB:D8:F3:32:19,-40,0,129,129,0,0,129,129,0
455059567,NODE_F42DC973E618,blackhole,2,B0:CB:D8:F3:32:19,-42,0,129,129,0,0,129,129,0
455159575,NODE_F42DC973E618,blackhole,2,B0:CB:D8:F3:32:19,-42,0,129,129,0,0,129,129,0
455259568,NODE_F42DC973E618,blackhole,2,B0:CB:D8:F3:32:19,-42,0,129,129,0,0,129,129,0
455359567,NODE_F42DC973E618,blackhole,2,B0:CB:D8:F3:32:19,-42,0,129,129,0,0,129,129,0
455459567,NODE_F42DC973E618,blackhole,2,B0:CB:D8:F3:32:19,-42,0,129,129,0,0,129,129,0
455559564,NODE_F42DC973E618,blackhole,2,B0:CB:D8:F3:32:19,-42,0,130,130,0,0,130,130,0
455659567,NODE_F42DC973E618,blackhole,2,B0:CB:D8:F3:32:19,-37,0,130,130,0,0,130,130,0
455759567,NODE_F42DC973E618,blackhole,2,B0:CB:D8:F3:32:19,-37,0,130,130,0,0,130,130,0
455859561,NODE_F42DC973E618,blackhole,2,B0:CB:D8:F3:32:19,-37,0,130,130,0,0,130,130,0
455959571,NODE_F42DC973E618,blackhole,2,B0:CB:D8:F3:32:19,-38,0,130,130,0,0,130,130,0
456059571,NODE_F42DC973E618,blackhole,2,B0:CB:D8:F3:32:19,-38,0,130,130,0,0,130,130,0
456159560,NODE_F42DC973E618,blackhole,2,B0:CB:D8:F3:32:19,-38,0,130,130,0,0,130,130,0
456259567,NODE_F42DC973E618,blackhole,2,B0:CB:D8:F3:32:19,-42,0,130,130,0,0,130,130,0
456359567,NODE_F42DC973E618,blackhole,2,B0:CB:D8:F3:32:19,-42,0,130,130,0,0,130,130,0
456459568,NODE_F42DC973E618,blackhole,2,B0:CB:D8:F3:32:19,-42,0,130,130,0,0,130,130,0
456559563,NODE_F42DC973E618,blackhole,2,B0:CB:D8:F3:32:19,-42,0,131,131,0,0,131,131,0
456659575,NODE_F42DC973E618,blackhole,2,B0:CB:D8:F3:32:19,-39,0,131,131,0,0,131,131,0
456759568,NODE_F42DC973E618,blackhole,2,B0:CB:D8:F3:32:19,-39,0,131,131,0,0,131,131,0
456859559,NODE_F42DC973E618,blackhole,2,B0:CB:D8:F3:32:19,-39,0,131,131,0,0,131,131,0
456959567,NODE_F42DC973E618,blackhole,2,B0:CB:D8:F3:32:19,-38,0,131,131,0,0,131,131,0
457059568,NODE_F42DC973E618,blackhole,2,B0:CB:D8:F3:32:19,-38,0,131,131,0,0,131,131,0
457159559,NODE_F42DC973E618,blackhole,2,B0:CB:D8:F3:32:19,-38,0,131,131,0,0,131,131,0
457259571,NODE_F42DC973E618,blackhole,2,B0:CB:D8:F3:32:19,-38,0,131,131,0,0,131,131,0
457359568,NODE_F42DC973E618,blackhole,2,B0:CB:D8:F3:32:19,-38,0,131,131,0,0,131,131,0
457459567,NODE_F42DC973E618,blackhole,2,B0:CB:D8:F3:32:19,-38,0,131,131,0,0,131,131,0
457559567,NODE_F42DC973E618,blackhole,2,B0:CB:D8:F3:32:19,-42,0,132,132,0,0,132,132,0
457659568,NODE_F42DC973E618,blackhole,2,B0:CB:D8:F3:32:19,-42,0,132,132,0,0,132,132,0
457759563,NODE_F42DC973E618,blackhole,2,B0:CB:D8:F3:32:19,-42,0,132,132,0,0,132,132,0
457859567,NODE_F42DC973E618,blackhole,2,B0:CB:D8:F3:32:19,-39,0,132,132,0,0,132,132,0
457959576,NODE_F42DC973E618,blackhole,2,B0:CB:D8:F3:32:19,-39,0,132,132,0,0,132,132,0
458059567,NODE_F42DC973E618,blackhole,2,B0:CB:D8:F3:32:19,-39,0,132,132,0,0,132,132,0
458159575,NODE_F42DC973E618,blackhole,2,B0:CB:D8:F3:32:19,-42,0,132,132,0,0,132,132,0
458259568,NODE_F42DC973E618,blackhole,2,B0:CB:D8:F3:32:19,-42,0,132,132,0,0,132,132,0
458359567,NODE_F42DC973E618,blackhole,2,B0:CB:D8:F3:32:19,-42,0,132,132,0,0,132,132,0
458459567,NODE_F42DC973E618,blackhole,2,B0:CB:D8:F3:32:19,-43,0,132,132,0,0,132,132,0
458559568,NODE_F42DC973E618,blackhole,2,B0:CB:D8:F3:32:19,-43,0,133,133,0,0,133,133,0
458659567,NODE_F42DC973E618,blackhole,2,B0:CB:D8:F3:32:19,-43,0,133,133,0,0,133,133,0
458759567,NODE_F42DC973E618,blackhole,2,B0:CB:D8:F3:32:19,-40,0,133,133,0,0,133,133,0
458859576,NODE_F42DC973E618,blackhole,2,B0:CB:D8:F3:32:19,-40,0,133,133,0,0,133,133,0
458959567,NODE_F42DC973E618,blackhole,2,B0:CB:D8:F3:32:19,-40,0,133,133,0,0,133,133,0
459059571,NODE_F42DC973E618,blackhole,2,B0:CB:D8:F3:32:19,-40,0,133,133,0,0,133,133,0
459159568,NODE_F42DC973E618,blackhole,2,B0:CB:D8:F3:32:19,-40,0,133,133,0,0,133,133,0
459259567,NODE_F42DC973E618,blackhole,2,B0:CB:D8:F3:32:19,-40,0,133,133,0,0,133,133,0
459359567,NODE_F42DC973E618,blackhole,2,B0:CB:D8:F3:32:19,-38,0,133,133,0,0,133,133,0
459459568,NODE_F42DC973E618,blackhole,2,B0:CB:D8:F3:32:19,-38,0,133,133,0,0,133,133,0
459559563,NODE_F42DC973E618,blackhole,2,B0:CB:D8:F3:32:19,-38,0,134,134,0,0,134,134,0
459659575,NODE_F42DC973E618,blackhole,2,B0:CB:D8:F3:32:19,-43,0,134,134,0,0,134,134,0
459759568,NODE_F42DC973E618,blackhole,2,B0:CB:D8:F3:32:19,-43,0,134,134,0,0,134,134,0
459859559,NODE_F42DC973E618,blackhole,2,B0:CB:D8:F3:32:19,-43,0,134,134,0,0,134,134,0
459959567,NODE_F42DC973E618,blackhole,2,B0:CB:D8:F3:32:19,-39,0,134,134,0,0,134,134,0
460059568,NODE_F42DC973E618,blackhole,2,B0:CB:D8:F3:32:19,-39,0,134,134,0,0,134,134,0
460159559,NODE_F42DC973E618,blackhole,2,B0:CB:D8:F3:32:19,-39,0,134,134,0,0,134,134,0
460259571,NODE_F42DC973E618,blackhole,2,B0:CB:D8:F3:32:19,-43,0,134,134,0,0,134,134,0
460359568,NODE_F42DC973E618,blackhole,2,B0:CB:D8:F3:32:19,-43,0,134,134,0,0,134,134,0
460459567,NODE_F42DC973E618,blackhole,2,B0:CB:D8:F3:32:19,-43,0,134,134,0,0,134,134,0
460559567,NODE_F42DC973E618,blackhole,2,B0:CB:D8:F3:32:19,-42,0,135,135,0,0,135,135,0
460659568,NODE_F42DC973E618,blackhole,2,B0:CB:D8:F3:32:19,-42,0,135,135,0,0,135,135,0
460759575,NODE_F42DC973E618,blackhole,2,B0:CB:D8:F3:32:19,-42,0,135,135,0,0,135,135,0
460859559,NODE_F42DC973E618,blackhole,2,B0:CB:D8:F3:32:19,-42,0,135,135,0,0,135,135,0
460960118,NODE_F42DC973E618,blackhole,2,B0:CB:D8:F3:32:19,-42,0,135,135,0,0,135,135,0
461059567,NODE_F42DC973E618,blackhole,2,B0:CB:D8:F3:32:19,-42,0,135,135,0,0,135,135,0
461159575,NODE_F42DC973E618,blackhole,2,B0:CB:D8:F3:32:19,-42,0,135,135,0,0,135,135,0
461259568,NODE_F42DC973E618,blackhole,2,B0:CB:D8:F3:32:19,-38,0,135,135,0,0,135,135,0
461359571,NODE_F42DC973E618,blackhole,2,B0:CB:D8:F3:32:19,-38,0,135,135,0,0,135,135,0
461459567,NODE_F42DC973E618,blackhole,2,B0:CB:D8:F3:32:19,-38,0,135,135,0,0,135,135,0
461559568,NODE_F42DC973E618,blackhole,2,B0:CB:D8:F3:32:19,-42,0,136,136,0,0,136,136,0
461659567,NODE_F42DC973E618,blackhole,2,B0:CB:D8:F3:32:19,-42,0,136,136,0,0,136,136,0
461759567,NODE_F42DC973E618,blackhole,2,B0:CB:D8:F3:32:19,-42,0,136,136,0,0,136,136,0
461859568,NODE_F42DC973E618,blackhole,2,B0:CB:D8:F3:32:19,-40,0,136,136,0,0,136,136,0
461959571,NODE_F42DC973E618,blackhole,2,B0:CB:D8:F3:32:19,-40,0,136,136,0,0,136,136,0
462059571,NODE_F42DC973E618,blackhole,2,B0:CB:D8:F3:32:19,-40,0,136,136,0,0,136,136,0
462159568,NODE_F42DC973E618,blackhole,2,B0:CB:D8:F3:32:19,-39,0,136,136,0,0,136,136,0
462259567,NODE_F42DC973E618,blackhole,2,B0:CB:D8:F3:32:19,-39,0,136,136,0,0,136,136,0
462359567,NODE_F42DC973E618,blackhole,2,B0:CB:D8:F3:32:19,-39,0,136,136,0,0,136,136,0
462459568,NODE_F42DC973E618,blackhole,2,B0:CB:D8:F3:32:19,-40,0,136,136,0,0,136,136,0
462559567,NODE_F42DC973E618,blackhole,2,B0:CB:D8:F3:32:19,-40,0,137,137,0,0,137,137,0
462659575,NODE_F42DC973E618,blackhole,2,B0:CB:D8:F3:32:19,-40,0,137,137,0,0,137,137,0
462759568,NODE_F42DC973E618,blackhole,2,B0:CB:D8:F3:32:19,-39,0,137,137,0,0,137,137,0
462859567,NODE_F42DC973E618,blackhole,2,B0:CB:D8:F3:32:19,-39,0,137,137,0,0,137,137,0
462959567,NODE_F42DC973E618,blackhole,2,B0:CB:D8:F3:32:19,-39,0,137,137,0,0,137,137,0
463059568,NODE_F42DC973E618,blackhole,2,B0:CB:D8:F3:32:19,-39,0,137,137,0,0,137,137,0
463159567,NODE_F42DC973E618,blackhole,2,B0:CB:D8:F3:32:19,-39,0,137,137,0,0,137,137,0
463259571,NODE_F42DC973E618,blackhole,2,B0:CB:D8:F3:32:19,-39,0,137,137,0,0,137,137,0
463359568,NODE_F42DC973E618,blackhole,2,B0:CB:D8:F3:32:19,-43,0,137,137,0,0,137,137,0
463459567,NODE_F42DC973E618,blackhole,2,B0:CB:D8:F3:32:19,-43,0,137,137,0,0,137,137,0
463559563,NODE_F42DC973E618,blackhole,2,B0:CB:D8:F3:32:19,-43,0,138,138,0,0,138,138,0
463659568,NODE_F42DC973E618,blackhole,2,B0:CB:D8:F3:32:19,-42,0,138,138,0,0,138,138,0
463759575,NODE_F42DC973E618,blackhole,2,B0:CB:D8:F3:32:19,-42,0,138,138,0,0,138,138,0
463859559,NODE_F42DC973E618,blackhole,2,B0:CB:D8:F3:32:19,-42,0,138,138,0,0,138,138,0
463959568,NODE_F42DC973E618,blackhole,2,B0:CB:D8:F3:32:19,-42,0,138,138,0,0,138,138,0
464059567,NODE_F42DC973E618,blackhole,2,B0:CB:D8:F3:32:19,-42,0,138,138,0,0,138,138,0
464159575,NODE_F42DC973E618,blackhole,2,B0:CB:D8:F3:32:19,-42,0,138,138,0,0,138,138,0
464259568,NODE_F42DC973E618,blackhole,2,B0:CB:D8:F3:32:19,-40,0,138,138,0,0,138,138,0
464359567,NODE_F42DC973E618,blackhole,2,B0:CB:D8:F3:32:19,-40,0,138,138,0,0,138,138,0
464459567,NODE_F42DC973E618,blackhole,2,B0:CB:D8:F3:32:19,-40,0,138,138,0,0,138,138,0
464559568,NODE_F42DC973E618,blackhole,2,B0:CB:D8:F3:32:19,-39,0,139,139,0,0,139,139,0
464659567,NODE_F42DC973E618,blackhole,2,B0:CB:D8:F3:32:19,-39,0,139,139,0,0,139,139,0
464759567,NODE_F42DC973E618,blackhole,2,B0:CB:D8:F3:32:19,-39,0,139,139,0,0,139,139,0
464859564,NODE_F42DC973E618,blackhole,2,B0:CB:D8:F3:32:19,-38,0,139,139,0,0,139,139,0
464959575,NODE_F42DC973E618,blackhole,2,B0:CB:D8:F3:32:19,-38,0,139,139,0,0,139,139,0
465059567,NODE_F42DC973E618,blackhole,2,B0:CB:D8:F3:32:19,-38,0,139,139,0,0,139,139,0
465159560,NODE_F42DC973E618,blackhole,2,B0:CB:D8:F3:32:19,-38,0,139,139,0,0,139,139,0
465259567,NODE_F42DC973E618,blackhole,2,B0:CB:D8:F3:32:19,-40,0,139,139,0,0,139,139,0
465359563,NODE_F42DC973E618,blackhole,2,B0:CB:D8:F3:32:19,-40,0,139,139,0,0,139,139,0
465459568,NODE_F42DC973E618,blackhole,2,B0:CB:D8:F3:32:19,-40,0,139,139,0,0,139,139,0
465559563,NODE_F42DC973E618,blackhole,2,B0:CB:D8:F3:32:19,-38,0,140,140,0,0,140,140,0
465659575,NODE_F42DC973E618,blackhole,2,B0:CB:D8:F3:32:19,-38,0,140,140,0,0,140,140,0
465759568,NODE_F42DC973E618,blackhole,2,B0:CB:D8:F3:32:19,-38,0,140,140,0,0,140,140,0
465859575,NODE_F42DC973E618,blackhole,2,B0:CB:D8:F3:32:19,-42,0,140,140,0,0,140,140,0
465959567,NODE_F42DC973E618,blackhole,2,B0:CB:D8:F3:32:19,-42,0,140,140,0,0,140,140,0
466059568,NODE_F42DC973E618,blackhole,2,B0:CB:D8:F3:32:19,-42,0,140,140,0,0,140,140,0
466159567,NODE_F42DC973E618,blackhole,2,B0:CB:D8:F3:32:19,-39,0,140,140,0,0,140,140,0
466259571,NODE_F42DC973E618,blackhole,2,B0:CB:D8:F3:32:19,-39,0,140,140,0,0,140,140,0
466359568,NODE_F42DC973E618,blackhole,2,B0:CB:D8:F3:32:19,-39,0,140,140,0,0,140,140,0
466459567,NODE_F42DC973E618,blackhole,2,B0:CB:D8:F3:32:19,-40,0,140,140,0,0,140,140,0
466559567,NODE_F42DC973E618,blackhole,2,B0:CB:D8:F3:32:19,-40,0,141,141,0,0,141,141,0
466659568,NODE_F42DC973E618,blackhole,2,B0:CB:D8:F3:32:19,-40,0,141,141,0,0,141,141,0
466759575,NODE_F42DC973E618,blackhole,2,B0:CB:D8:F3:32:19,-39,0,141,141,0,0,141,141,0
466859567,NODE_F42DC973E618,blackhole,2,B0:CB:D8:F3:32:19,-39,0,141,141,0,0,141,141,0
466959568,NODE_F42DC973E618,blackhole,2,B0:CB:D8:F3:32:19,-39,0,141,141,0,0,141,141,0
467059567,NODE_F42DC973E618,blackhole,2,B0:CB:D8:F3:32:19,-42,0,141,141,0,0,141,141,0
467159575,NODE_F42DC973E618,blackhole,2,B0:CB:D8:F3:32:19,-42,0,141,141,0,0,141,141,0
467259568,NODE_F42DC973E618,blackhole,2,B0:CB:D8:F3:32:19,-42,0,141,141,0,0,141,141,0
467359567,NODE_F42DC973E618,blackhole,2,B0:CB:D8:F3:32:19,-43,0,141,141,0,0,141,141,0
467459567,NODE_F42DC973E618,blackhole,2,B0:CB:D8:F3:32:19,-43,0,141,141,0,0,141,141,0
467559564,NODE_F42DC973E618,blackhole,2,B0:CB:D8:F3:32:19,-43,0,142,142,0,0,142,142,0
467659567,NODE_F42DC973E618,blackhole,2,B0:CB:D8:F3:32:19,-43,0,142,142,0,0,142,142,0
467759567,NODE_F42DC973E618,blackhole,2,B0:CB:D8:F3:32:19,-43,0,142,142,0,0,142,142,0
467859560,NODE_F42DC973E618,blackhole,2,B0:CB:D8:F3:32:19,-43,0,142,142,0,0,142,142,0
467959575,NODE_F42DC973E618,blackhole,2,B0:CB:D8:F3:32:19,-42,0,142,142,0,0,142,142,0
468059567,NODE_F42DC973E618,blackhole,2,B0:CB:D8:F3:32:19,-42,0,142,142,0,0,142,142,0
468159560,NODE_F42DC973E618,blackhole,2,B0:CB:D8:F3:32:19,-42,0,142,142,0,0,142,142,0
468259567,NODE_F42DC973E618,blackhole,2,B0:CB:D8:F3:32:19,-42,0,142,142,0,0,142,142,0
468359567,NODE_F42DC973E618,blackhole,2,B0:CB:D8:F3:32:19,-42,0,142,142,0,0,142,142,0
468459568,NODE_F42DC973E618,blackhole,2,B0:CB:D8:F3:32:19,-42,0,142,142,0,0,142,142,0
468559567,NODE_F42DC973E618,blackhole,2,B0:CB:D8:F3:32:19,-39,0,143,143,0,0,143,143,0
468659575,NODE_F42DC973E618,blackhole,2,B0:CB:D8:F3:32:19,-39,0,143,143,0,0,143,143,0
468759568,NODE_F42DC973E618,blackhole,2,B0:CB:D8:F3:32:19,-39,0,143,143,0,0,143,143,0
468859563,NODE_F42DC973E618,blackhole,2,B0:CB:D8:F3:32:19,-38,0,143,143,0,0,143,143,0
468959567,NODE_F42DC973E618,blackhole,2,B0:CB:D8:F3:32:19,-38,0,143,143,0,0,143,143,0
469059568,NODE_F42DC973E618,blackhole,2,B0:CB:D8:F3:32:19,-38,0,143,143,0,0,143,143,0
469159563,NODE_F42DC973E618,blackhole,2,B0:CB:D8:F3:32:19,-42,0,143,143,0,0,143,143,0
469259571,NODE_F42DC973E618,blackhole,2,B0:CB:D8:F3:32:19,-42,0,143,143,0,0,143,143,0
469359568,NODE_F42DC973E618,blackhole,2,B0:CB:D8:F3:32:19,-42,0,143,143,0,0,143,143,0
469459567,NODE_F42DC973E618,blackhole,2,B0:CB:D8:F3:32:19,-42,0,143,143,0,0,143,143,0
469559563,NODE_F42DC973E618,blackhole,2,B0:CB:D8:F3:32:19,-38,0,144,144,0,0,144,144,0
469659568,NODE_F42DC973E618,blackhole,2,B0:CB:D8:F3:32:19,-38,0,144,144,0,0,144,144,0
469759575,NODE_F42DC973E618,blackhole,2,B0:CB:D8:F3:32:19,-38,0,144,144,0,0,144,144,0
469859567,NODE_F42DC973E618,blackhole,2,B0:CB:D8:F3:32:19,-43,0,144,144,0,0,144,144,0
469959568,NODE_F42DC973E618,blackhole,2,B0:CB:D8:F3:32:19,-43,0,144,144,0,0,144,144,0
470059567,NODE_F42DC973E618,blackhole,2,B0:CB:D8:F3:32:19,-43,0,144,144,0,0,144,144,0
470159575,NODE_F42DC973E618,blackhole,2,B0:CB:D8:F3:32:19,-39,0,144,144,0,0,144,144,0
470259568,NODE_F42DC973E618,blackhole,2,B0:CB:D8:F3:32:19,-39,0,144,144,0,0,144,144,0
470359567,NODE_F42DC973E618,blackhole,2,B0:CB:D8:F3:32:19,-39,0,144,144,0,0,144,144,0
470459567,NODE_F42DC973E618,blackhole,2,B0:CB:D8:F3:32:19,-39,0,144,144,0,0,144,144,0
470559564,NODE_F42DC973E618,blackhole,2,B0:CB:D8:F3:32:19,-39,0,145,145,0,0,145,145,0
470659567,NODE_F42DC973E618,blackhole,2,B0:CB:D8:F3:32:19,-39,0,145,145,0,0,145,145,0
470759567,NODE_F42DC973E618,blackhole,2,B0:CB:D8:F3:32:19,-38,0,145,145,0,0,145,145,0
470859568,NODE_F42DC973E618,blackhole,2,B0:CB:D8:F3:32:19,-38,0,145,145,0,0,145,145,0
470959575,NODE_F42DC973E618,blackhole,2,B0:CB:D8:F3:32:19,-38,0,145,145,0,0,145,145,0
471059567,NODE_F42DC973E618,blackhole,2,B0:CB:D8:F3:32:19,-38,0,145,145,0,0,145,145,0
471159568,NODE_F42DC973E618,blackhole,2,B0:CB:D8:F3:32:19,-38,0,145,145,0,0,145,145,0
471259567,NODE_F42DC973E618,blackhole,2,B0:CB:D8:F3:32:19,-38,0,145,145,0,0,145,145,0
471359567,NODE_F42DC973E618,blackhole,2,B0:CB:D8:F3:32:19,-40,0,145,145,0,0,145,145,0
471459576,NODE_F42DC973E618,blackhole,2,B0:CB:D8:F3:32:19,-40,0,145,145,0,0,145,145,0
471559563,NODE_F42DC973E618,blackhole,2,B0:CB:D8:F3:32:19,-40,0,146,146,0,0,146,146,0
471659567,NODE_F42DC973E618,blackhole,2,B0:CB:D8:F3:32:19,-39,0,146,146,0,0,146,146,0
471759568,NODE_F42DC973E618,blackhole,2,B0:CB:D8:F3:32:19,-39,0,146,146,0,0,146,146,0
471859559,NODE_F42DC973E618,blackhole,2,B0:CB:D8:F3:32:19,-39,0,146,146,0,0,146,146,0
471959571,NODE_F42DC973E618,blackhole,2,B0:CB:D8:F3:32:19,-43,0,146,146,0,0,146,146,0
472059572,NODE_F42DC973E618,blackhole,2,B0:CB:D8:F3:32:19,-43,0,146,146,0,0,146,146,0
472159559,NODE_F42DC973E618,blackhole,2,B0:CB:D8:F3:32:19,-43,0,146,146,0,0,146,146,0
472259567,NODE_F42DC973E618,blackhole,2,B0:CB:D8:F3:32:19,-38,0,146,146,0,0,146,146,0
472359568,NODE_F42DC973E618,blackhole,2,B0:CB:D8:F3:32:19,-38,0,146,146,0,0,146,146,0
472459567,NODE_F42DC973E618,blackhole,2,B0:CB:D8:F3:32:19,-38,0,146,146,0,0,146,146,0
472559567,NODE_F42DC973E618,blackhole,2,B0:CB:D8:F3:32:19,-40,0,147,147,0,0,147,147,0
472659568,NODE_F42DC973E618,blackhole,2,B0:CB:D8:F3:32:19,-40,0,147,147,0,0,147,147,0
472759571,NODE_F42DC973E618,blackhole,2,B0:CB:D8:F3:32:19,-40,0,147,147,0,0,147,147,0
472859575,NODE_F42DC973E618,blackhole,2,B0:CB:D8:F3:32:19,-42,0,147,147,0,0,147,147,0
472959568,NODE_F42DC973E618,blackhole,2,B0:CB:D8:F3:32:19,-42,0,147,147,0,0,147,147,0
473059567,NODE_F42DC973E618,blackhole,2,B0:CB:D8:F3:32:19,-42,0,147,147,0,0,147,147,0
473159575,NODE_F42DC973E618,blackhole,2,B0:CB:D8:F3:32:19,-42,0,147,147,0,0,147,147,0
473259726,NODE_F42DC973E618,blackhole,2,B0:CB:D8:F3:32:19,-42,0,147,147,0,0,147,147,0
473359567,NODE_F42DC973E618,blackhole,2,B0:CB:D8:F3:32:19,-42,0,147,147,0,0,147,147,0
473460235,NODE_F42DC973E618,blackhole,2,B0:CB:D8:F3:32:19,-38,0,147,147,0,0,147,147,0
473559568,NODE_F42DC973E618,blackhole,2,B0:CB:D8:F3:32:19,-38,0,148,148,0,0,148,148,0
473659567,NODE_F42DC973E618,blackhole,2,B0:CB:D8:F3:32:19,-38,0,148,148,0,0,148,148,0
473759567,NODE_F42DC973E618,blackhole,2,B0:CB:D8:F3:32:19,-38,0,148,148,0,0,148,148,0
473859568,NODE_F42DC973E618,blackhole,2,B0:CB:D8:F3:32:19,-39,0,148,148,0,0,148,148,0
473959575,NODE_F42DC973E618,blackhole,2,B0:CB:D8:F3:32:19,-39,0,148,148,0,0,148,148,0
474059567,NODE_F42DC973E618,blackhole,2,B0:CB:D8:F3:32:19,-39,0,148,148,0,0,148,148,0
474159568,NODE_F42DC973E618,blackhole,2,B0:CB:D8:F3:32:19,-39,0,148,148,0,0,148,148,0
474259567,NODE_F42DC973E618,blackhole,2,B0:CB:D8:F3:32:19,-39,0,148,148,0,0,148,148,0
474359567,NODE_F42DC973E618,blackhole,2,B0:CB:D8:F3:32:19,-39,0,148,148,0,0,148,148,0
474459568,NODE_F42DC973E618,blackhole,2,B0:CB:D8:F3:32:19,-38,0,148,148,0,0,148,148,0
474559567,NODE_F42DC973E618,blackhole,2,B0:CB:D8:F3:32:19,-38,0,149,149,0,0,149,149,0
474659567,NODE_F42DC973E618,blackhole,2,B0:CB:D8:F3:32:19,-38,0,149,149,0,0,149,149,0
474759568,NODE_F42DC973E618,blackhole,2,B0:CB:D8:F3:32:19,-40,0,149,149,0,0,149,149,0
474859567,NODE_F42DC973E618,blackhole,2,B0:CB:D8:F3:32:19,-40,0,149,149,0,0,149,149,0
474959571,NODE_F42DC973E618,blackhole,2,B0:CB:D8:F3:32:19,-40,0,149,149,0,0,149,149,0
475059572,NODE_F42DC973E618,blackhole,2,B0:CB:D8:F3:32:19,-39,0,149,149,0,0,149,149,0
475159567,NODE_F42DC973E618,blackhole,2,B0:CB:D8:F3:32:19,-39,0,149,149,0,0,149,149,0
475259567,NODE_F42DC973E618,blackhole,2,B0:CB:D8:F3:32:19,-39,0,149,149,0,0,149,149,0
475359568,NODE_F42DC973E618,blackhole,2,B0:CB:D8:F3:32:19,-42,0,149,149,0,0,149,149,0
475459567,NODE_F42DC973E618,blackhole,2,B0:CB:D8:F3:32:19,-42,0,149,149,0,0,149,149,0
475559567,NODE_F42DC973E618,blackhole,2,B0:CB:D8:F3:32:19,-42,0,150,150,0,0,150,150,0
475659568,NODE_F42DC973E618,blackhole,2,B0:CB:D8:F3:32:19,-43,0,150,150,0,0,150,150,0
475759575,NODE_F42DC973E618,blackhole,2,B0:CB:D8:F3:32:19,-43,0,150,150,0,0,150,150,0
475859559,NODE_F42DC973E618,blackhole,2,B0:CB:D8:F3:32:19,-43,0,150,150,0,0,150,150,0
475959568,NODE_F42DC973E618,blackhole,2,B0:CB:D8:F3:32:19,-39,0,150,150,0,0,150,150,0
476059567,NODE_F42DC973E618,blackhole,2,B0:CB:D8:F3:32:19,-39,0,150,150,0,0,150,150,0
476159575,NODE_F42DC973E618,blackhole,2,B0:CB:D8:F3:32:19,-39,0,150,150,0,0,150,150,0
476259568,NODE_F42DC973E618,blackhole,2,B0:CB:D8:F3:32:19,-38,0,150,150,0,0,150,150,0
476359567,NODE_F42DC973E618,blackhole,2,B0:CB:D8:F3:32:19,-38,0,150,150,0,0,150,150,0
476459567,NODE_F42DC973E618,blackhole,2,B0:CB:D8:F3:32:19,-38,0,150,150,0,0,150,150,0
476559568,NODE_F42DC973E618,blackhole,2,B0:CB:D8:F3:32:19,-42,0,151,151,0,0,151,151,0
476659567,NODE_F42DC973E618,blackhole,2,B0:CB:D8:F3:32:19,-42,0,151,151,0,0,151,151,0
476759567,NODE_F42DC973E618,blackhole,2,B0:CB:D8:F3:32:19,-42,0,151,151,0,0,151,151,0
476859564,NODE_F42DC973E618,blackhole,2,B0:CB:D8:F3:32:19,-39,0,151,151,0,0,151,151,0
476959575,NODE_F42DC973E618,blackhole,2,B0:CB:D8:F3:32:19,-39,0,151,151,0,0,151,151,0
477059567,NODE_F42DC973E618,blackhole,2,B0:CB:D8:F3:32:19,-39,0,151,151,0,0,151,151,0
477159564,NODE_F42DC973E618,blackhole,2,B0:CB:D8:F3:32:19,-39,0,151,151,0,0,151,151,0
477259567,NODE_F42DC973E618,blackhole,2,B0:CB:D8:F3:32:19,-39,0,151,151,0,0,151,151,0
477359567,NODE_F42DC973E618,blackhole,2,B0:CB:D8:F3:32:19,-39,0,151,151,0,0,151,151,0
477459568,NODE_F42DC973E618,blackhole,2,B0:CB:D8:F3:32:19,-38,0,151,151,0,0,151,151,0
477559567,NODE_F42DC973E618,blackhole,2,B0:CB:D8:F3:32:19,-38,0,152,152,0,0,152,152,0
477659559,NODE_F42DC973E618,blackhole,2,B0:CB:D8:F3:32:19,-38,0,152,152,0,0,152,152,0
477760332,NODE_F42DC973E618,blackhole,2,B0:CB:D8:F3:32:19,-39,0,152,152,0,0,152,152,0
477859567,NODE_F42DC973E618,blackhole,2,B0:CB:D8:F3:32:19,-39,0,152,152,0,0,152,152,0
477959567,NODE_F42DC973E618,blackhole,2,B0:CB:D8:F3:32:19,-39,0,152,152,0,0,152,152,0
478059572,NODE_F42DC973E618,blackhole,2,B0:CB:D8:F3:32:19,-39,0,152,152,0,0,152,152,0
478159567,NODE_F42DC973E618,blackhole,2,B0:CB:D8:F3:32:19,-38,0,152,152,0,0,152,152,0
478259567,NODE_F42DC973E618,blackhole,2,B0:CB:D8:F3:32:19,-38,0,152,152,0,0,152,152,0
478359568,NODE_F42DC973E618,blackhole,2,B0:CB:D8:F3:32:19,-38,0,152,152,0,0,152,152,0
478459567,NODE_F42DC973E618,blackhole,2,B0:CB:D8:F3:32:19,-43,0,152,152,0,0,152,152,0
478559563,NODE_F42DC973E618,blackhole,2,B0:CB:D8:F3:32:19,-43,0,153,153,0,0,153,153,0
478659576,NODE_F42DC973E618,blackhole,2,B0:CB:D8:F3:32:19,-43,0,153,153,0,0,153,153,0
478759567,NODE_F42DC973E618,blackhole,2,B0:CB:D8:F3:32:19,-38,0,153,153,0,0,153,153,0
478859567,NODE_F42DC973E618,blackhole,2,B0:CB:D8:F3:32:19,-38,0,153,153,0,0,153,153,0
478959568,NODE_F42DC973E618,blackhole,2,B0:CB:D8:F3:32:19,-38,0,153,153,0,0,153,153,0
479059567,NODE_F42DC973E618,blackhole,2,B0:CB:D8:F3:32:19,-43,0,153,153,0,0,153,153,0
479159571,NODE_F42DC973E618,blackhole,2,B0:CB:D8:F3:32:19,-43,0,153,153,0,0,153,153,0
479259572,NODE_F42DC973E618,blackhole,2,B0:CB:D8:F3:32:19,-43,0,153,153,0,0,153,153,0
479359567,NODE_F42DC973E618,blackhole,2,B0:CB:D8:F3:32:19,-42,0,153,153,0,0,153,153,0
479459567,NODE_F42DC973E618,blackhole,2,B0:CB:D8:F3:32:19,-42,0,153,153,0,0,153,153,0
479559564,NODE_F42DC973E618,blackhole,2,B0:CB:D8:F3:32:19,-42,0,154,154,0,0,154,154,0
479659567,NODE_F42DC973E618,blackhole,2,B0:CB:D8:F3:32:19,-40,0,154,154,0,0,154,154,0
479759567,NODE_F42DC973E618,blackhole,2,B0:CB:D8:F3:32:19,-40,0,154,154,0,0,154,154,0
479859576,NODE_F42DC973E618,blackhole,2,B0:CB:D8:F3:32:19,-40,0,154,154,0,0,154,154,0
479959571,NODE_F42DC973E618,blackhole,2,B0:CB:D8:F3:32:19,-42,0,154,154,0,0,154,154,0
480059567,NODE_F42DC973E618,blackhole,2,B0:CB:D8:F3:32:19,-42,0,154,154,0,0,154,154,0
480159560,NODE_F42DC973E618,blackhole,2,B0:CB:D8:F3:32:19,-42,0,154,154,0,0,154,154,0
480259567,NODE_F42DC973E618,blackhole,2,B0:CB:D8:F3:32:19,-39,0,154,154,0,0,154,154,0
480359567,NODE_F42DC973E618,blackhole,2,B0:CB:D8:F3:32:19,-39,0,154,154,0,0,154,154,0
480459568,NODE_F42DC973E618,blackhole,2,B0:CB:D8:F3:32:19,-39,0,154,154,0,0,154,154,0
480559567,NODE_F42DC973E618,blackhole,2,B0:CB:D8:F3:32:19,-42,0,155,155,0,0,155,155,0
480659567,NODE_F42DC973E618,blackhole,2,B0:CB:D8:F3:32:19,-42,0,155,155,0,0,155,155,0
480759568,NODE_F42DC973E618,blackhole,2,B0:CB:D8:F3:32:19,-42,0,155,155,0,0,155,155,0
480859567,NODE_F42DC973E618,blackhole,2,B0:CB:D8:F3:32:19,-42,0,155,155,0,0,155,155,0
480959571,NODE_F42DC973E618,blackhole,2,B0:CB:D8:F3:32:19,-42,0,155,155,0,0,155,155,0
481059572,NODE_F42DC973E618,blackhole,2,B0:CB:D8:F3:32:19,-42,0,155,155,0,0,155,155,0
481159563,NODE_F42DC973E618,blackhole,2,B0:CB:D8:F3:32:19,-42,0,155,155,0,0,155,155,0
481259571,NODE_F42DC973E618,blackhole,2,B0:CB:D8:F3:32:19,-42,0,155,155,0,0,155,155,0
481359903,NODE_F42DC973E618,blackhole,2,B0:CB:D8:F3:32:19,-42,0,155,155,0,0,155,155,0
481459575,NODE_F42DC973E618,blackhole,2,B0:CB:D8:F3:32:19,-42,0,155,155,0,0,155,155,0
481559567,NODE_F42DC973E618,blackhole,2,B0:CB:D8:F3:32:19,-42,0,156,156,0,0,156,156,0
481659576,NODE_F42DC973E618,blackhole,2,B0:CB:D8:F3:32:19,-42,0,156,156,0,0,156,156,0
481759567,NODE_F42DC973E618,blackhole,2,B0:CB:D8:F3:32:19,-43,0,156,156,0,0,156,156,0
481859567,NODE_F42DC973E618,blackhole,2,B0:CB:D8:F3:32:19,-43,0,156,156,0,0,156,156,0
481959568,NODE_F42DC973E618,blackhole,2,B0:CB:D8:F3:32:19,-43,0,156,156,0,0,156,156,0
482059563,NODE_F42DC973E618,blackhole,2,B0:CB:D8:F3:32:19,-43,0,156,156,0,0,156,156,0
482159730,NODE_F42DC973E618,blackhole,2,B0:CB:D8:F3:32:19,-43,0,156,156,0,0,156,156,0
482259568,NODE_F42DC973E618,blackhole,2,B0:CB:D8:F3:32:19,-43,0,156,156,0,0,156,156,0
482359567,NODE_F42DC973E618,blackhole,2,B0:CB:D8:F3:32:19,-43,0,156,156,0,0,156,156,0
482459567,NODE_F42DC973E618,blackhole,2,B0:CB:D8:F3:32:19,-42,0,156,156,0,0,156,156,0
482559564,NODE_F42DC973E618,blackhole,2,B0:CB:D8:F3:32:19,-42,0,157,157,0,0,157,157,0
482659563,NODE_F42DC973E618,blackhole,2,B0:CB:D8:F3:32:19,-42,0,157,157,0,0,157,157,0
482759567,NODE_F42DC973E618,blackhole,2,B0:CB:D8:F3:32:19,-42,0,157,157,0,0,157,157,0
482859568,NODE_F42DC973E618,blackhole,2,B0:CB:D8:F3:32:19,-42,0,157,157,0,0,157,157,0
482959575,NODE_F42DC973E618,blackhole,2,B0:CB:D8:F3:32:19,-42,0,157,157,0,0,157,157,0
483059567,NODE_F42DC973E618,blackhole,2,B0:CB:D8:F3:32:19,-43,0,157,157,0,0,157,157,0
483159568,NODE_F42DC973E618,blackhole,2,B0:CB:D8:F3:32:19,-43,0,157,157,0,0,157,157,0
483259567,NODE_F42DC973E618,blackhole,2,B0:CB:D8:F3:32:19,-43,0,157,157,0,0,157,157,0
483359567,NODE_F42DC973E618,blackhole,2,B0:CB:D8:F3:32:19,-39,0,157,157,0,0,157,157,0
483459568,NODE_F42DC973E618,blackhole,2,B0:CB:D8:F3:32:19,-39,0,157,157,0,0,157,157,0
483559567,NODE_F42DC973E618,blackhole,2,B0:CB:D8:F3:32:19,-39,0,158,158,0,0,158,158,0
483659567,NODE_F42DC973E618,blackhole,2,B0:CB:D8:F3:32:19,-38,0,158,158,0,0,158,158,0
483759568,NODE_F42DC973E618,blackhole,2,B0:CB:D8:F3:32:19,-38,0,158,158,0,0,158,158,0
483859559,NODE_F42DC973E618,blackhole,2,B0:CB:D8:F3:32:19,-38,0,158,158,0,0,158,158,0
483959571,NODE_F42DC973E618,blackhole,2,B0:CB:D8:F3:32:19,-38,0,158,158,0,0,158,158,0
484059572,NODE_F42DC973E618,blackhole,2,B0:CB:D8:F3:32:19,-38,0,158,158,0,0,158,158,0
484159559,NODE_F42DC973E618,blackhole,2,B0:CB:D8:F3:32:19,-38,0,158,158,0,0,158,158,0
484259567,NODE_F42DC973E618,blackhole,2,B0:CB:D8:F3:32:19,-42,0,158,158,0,0,158,158,0
484359568,NODE_F42DC973E618,blackhole,2,B0:CB:D8:F3:32:19,-42,0,158,158,0,0,158,158,0
484459567,NODE_F42DC973E618,blackhole,2,B0:CB:D8:F3:32:19,-42,0,158,158,0,0,158,158,0
484559567,NODE_F42DC973E618,blackhole,2,B0:CB:D8:F3:32:19,-42,0,159,159,0,0,159,159,0
484659576,NODE_F42DC973E618,blackhole,2,B0:CB:D8:F3:32:19,-42,0,159,159,0,0,159,159,0
484759567,NODE_F42DC973E618,blackhole,2,B0:CB:D8:F3:32:19,-42,0,159,159,0,0,159,159,0
484859567,NODE_F42DC973E618,blackhole,2,B0:CB:D8:F3:32:19,-43,0,159,159,0,0,159,159,0
484959568,NODE_F42DC973E618,blackhole,2,B0:CB:D8:F3:32:19,-43,0,159,159,0,0,159,159,0
485059567,NODE_F42DC973E618,blackhole,2,B0:CB:D8:F3:32:19,-43,0,159,159,0,0,159,159,0
485159575,NODE_F42DC973E618,blackhole,2,B0:CB:D8:F3:32:19,-39,0,159,159,0,0,159,159,0
485259568,NODE_F42DC973E618,blackhole,2,B0:CB:D8:F3:32:19,-39,0,159,159,0,0,159,159,0
485359567,NODE_F42DC973E618,blackhole,2,B0:CB:D8:F3:32:19,-39,0,159,159,0,0,159,159,0
485459567,NODE_F42DC973E618,blackhole,2,B0:CB:D8:F3:32:19,-38,0,159,159,0,0,159,159,0
485559568,NODE_F42DC973E618,blackhole,2,B0:CB:D8:F3:32:19,-38,0,160,160,0,0,160,160,0
485659567,NODE_F42DC973E618,blackhole,2,B0:CB:D8:F3:32:19,-38,0,160,160,0,0,160,160,0
485759575,NODE_F42DC973E618,blackhole,2,B0:CB:D8:F3:32:19,-38,0,160,160,0,0,160,160,0
485859568,NODE_F42DC973E618,blackhole,2,B0:CB:D8:F3:32:19,-38,0,160,160,0,0,160,160,0
485959567,NODE_F42DC973E618,blackhole,2,B0:CB:D8:F3:32:19,-38,0,160,160,0,0,160,160,0
486059567,NODE_F42DC973E618,blackhole,2,B0:CB:D8:F3:32:19,-39,0,160,160,0,0,160,160,0
486159568,NODE_F42DC973E618,blackhole,2,B0:CB:D8:F3:32:19,-39,0,160,160,0,0,160,160,0
486259567,NODE_F42DC973E618,blackhole,2,B0:CB:D8:F3:32:19,-39,0,160,160,0,0,160,160,0
486359567,NODE_F42DC973E618,blackhole,2,B0:CB:D8:F3:32:19,-39,0,160,160,0,0,160,160,0
486459564,NODE_F42DC973E618,blackhole,2,B0:CB:D8:F3:32:19,-42,0,160,160,0,0,160,160,0
486559563,NODE_F42DC973E618,blackhole,2,B0:CB:D8:F3:32:19,-42,0,161,161,0,0,161,161,0
486659567,NODE_F42DC973E618,blackhole,2,B0:CB:D8:F3:32:19,-42,0,161,161,0,0,161,161,0
486759568,NODE_F42DC973E618,blackhole,2,B0:CB:D8:F3:32:19,-42,0,161,161,0,0,161,161,0
486859575,NODE_F42DC973E618,blackhole,2,B0:CB:D8:F3:32:19,-42,0,161,161,0,0,161,161,0
486959567,NODE_F42DC973E618,blackhole,2,B0:CB:D8:F3:32:19,-42,0,161,161,0,0,161,161,0
487059572,NODE_F42DC973E618,blackhole,2,B0:CB:D8:F3:32:19,-43,0,161,161,0,0,161,161,0
487159567,NODE_F42DC973E618,blackhole,2,B0:CB:D8:F3:32:19,-43,0,161,161,0,0,161,161,0
487259567,NODE_F42DC973E618,blackhole,2,B0:CB:D8:F3:32:19,-43,0,161,161,0,0,161,161,0
487359568,NODE_F42DC973E618,blackhole,2,B0:CB:D8:F3:32:19,-38,0,161,161,0,0,161,161,0
487459567,NODE_F42DC973E618,blackhole,2,B0:CB:D8:F3:32:19,-38,0,161,161,0,0,161,161,0
487559563,NODE_F42DC973E618,blackhole,2,B0:CB:D8:F3:32:19,-38,0,162,162,0,0,162,162,0
487659576,NODE_F42DC973E618,blackhole,2,B0:CB:D8:F3:32:19,-42,0,162,162,0,0,162,162,0
487759567,NODE_F42DC973E618,blackhole,2,B0:CB:D8:F3:32:19,-42,0,162,162,0,0,162,162,0
487859559,NODE_F42DC973E618,blackhole,2,B0:CB:D8:F3:32:19,-42,0,162,162,0,0,162,162,0
487959568,NODE_F42DC973E618,blackhole,2,B0:CB:D8:F3:32:19,-43,0,162,162,0,0,162,162,0
488059567,NODE_F42DC973E618,blackhole,2,B0:CB:D8:F3:32:19,-43,0,162,162,0,0,162,162,0
488159575,NODE_F42DC973E618,blackhole,2,B0:CB:D8:F3:32:19,-43,0,162,162,0,0,162,162,0
488259568,NODE_F42DC973E618,blackhole,2,B0:CB:D8:F3:32:19,-38,0,162,162,0,0,162,162,0
488359567,NODE_F42DC973E618,blackhole,2,B0:CB:D8:F3:32:19,-38,0,162,162,0,0,162,162,0
488459567,NODE_F42DC973E618,blackhole,2,B0:CB:D8:F3:32:19,-38,0,162,162,0,0,162,162,0
488559568,NODE_F42DC973E618,blackhole,2,B0:CB:D8:F3:32:19,-42,0,163,163,0,0,163,163,0
488659567,NODE_F42DC973E618,blackhole,2,B0:CB:D8:F3:32:19,-42,0,163,163,0,0,163,163,0
488759575,NODE_F42DC973E618,blackhole,2,B0:CB:D8:F3:32:19,-42,0,163,163,0,0,163,163,0
488859564,NODE_F42DC973E618,blackhole,2,B0:CB:D8:F3:32:19,-39,0,163,163,0,0,163,163,0
488959567,NODE_F42DC973E618,blackhole,2,B0:CB:D8:F3:32:19,-39,0,163,163,0,0,163,163,0
489059567,NODE_F42DC973E618,blackhole,2,B0:CB:D8:F3:32:19,-39,0,163,163,0,0,163,163,0
489159564,NODE_F42DC973E618,blackhole,2,B0:CB:D8:F3:32:19,-42,0,163,163,0,0,163,163,0
489259567,NODE_F42DC973E618,blackhole,2,B0:CB:D8:F3:32:19,-42,0,163,163,0,0,163,163,0
489359567,NODE_F42DC973E618,blackhole,2,B0:CB:D8:F3:32:19,-42,0,163,163,0,0,163,163,0
489459568,NODE_F42DC973E618,blackhole,2,B0:CB:D8:F3:32:19,-40,0,163,163,0,0,163,163,0
489559567,NODE_F42DC973E618,blackhole,2,B0:CB:D8:F3:32:19,-40,0,164,164,0,0,164,164,0
489659567,NODE_F42DC973E618,blackhole,2,B0:CB:D8:F3:32:19,-40,0,164,164,0,0,164,164,0
489759568,NODE_F42DC973E618,blackhole,2,B0:CB:D8:F3:32:19,-38,0,164,164,0,0,164,164,0
489859567,NODE_F42DC973E618,blackhole,2,B0:CB:D8:F3:32:19,-38,0,164,164,0,0,164,164,0
489959571,NODE_F42DC973E618,blackhole,2,B0:CB:D8:F3:32:19,-38,0,164,164,0,0,164,164,0
490059572,NODE_F42DC973E618,blackhole,2,B0:CB:D8:F3:32:19,-39,0,164,164,0,0,164,164,0
490159567,NODE_F42DC973E618,blackhole,2,B0:CB:D8:F3:32:19,-39,0,164,164,0,0,164,164,0
490259567,NODE_F42DC973E618,blackhole,2,B0:CB:D8:F3:32:19,-39,0,164,164,0,0,164,164,0
490359568,NODE_F42DC973E618,blackhole,2,B0:CB:D8:F3:32:19,-43,0,164,164,0,0,164,164,0
490459567,NODE_F42DC973E618,blackhole,2,B0:CB:D8:F3:32:19,-43,0,164,164,0,0,164,164,0
490559563,NODE_F42DC973E618,blackhole,2,B0:CB:D8:F3:32:19,-43,0,165,165,0,0,165,165,0
490659572,NODE_F42DC973E618,blackhole,2,B0:CB:D8:F3:32:19,-43,0,165,165,0,0,165,165,0
490759567,NODE_F42DC973E618,blackhole,2,B0:CB:D8:F3:32:19,-42,0,165,165,0,0,165,165,0
490859563,NODE_F42DC973E618,blackhole,2,B0:CB:D8:F3:32:19,-42,0,165,165,0,0,165,165,0
490959568,NODE_F42DC973E618,blackhole,2,B0:CB:D8:F3:32:19,-42,0,165,165,0,0,165,165,0
491059567,NODE_F42DC973E618,blackhole,2,B0:CB:D8:F3:32:19,-42,0,165,165,0,0,165,165,0
491159575,NODE_F42DC973E618,blackhole,2,B0:CB:D8:F3:32:19,-42,0,165,165,0,0,165,165,0
491259568,NODE_F42DC973E618,blackhole,2,B0:CB:D8:F3:32:19,-42,0,165,165,0,0,165,165,0
491359567,NODE_F42DC973E618,blackhole,2,B0:CB:D8:F3:32:19,-42,0,165,165,0,0,165,165,0
491459575,NODE_F42DC973E618,blackhole,2,B0:CB:D8:F3:32:19,-42,0,165,165,0,0,165,165,0
491559564,NODE_F42DC973E618,blackhole,2,B0:CB:D8:F3:32:19,-42,0,166,166,0,0,166,166,0
491659567,NODE_F42DC973E618,blackhole,2,B0:CB:D8:F3:32:19,-38,0,166,166,0,0,166,166,0
491759575,NODE_F42DC973E618,blackhole,2,B0:CB:D8:F3:32:19,-38,0,166,166,0,0,166,166,0
491859560,NODE_F42DC973E618,blackhole,2,B0:CB:D8:F3:32:19,-38,0,166,166,0,0,166,166,0
491959567,NODE_F42DC973E618,blackhole,2,B0:CB:D8:F3:32:19,-40,0,166,166,0,0,166,166,0
492059567,NODE_F42DC973E618,blackhole,2,B0:CB:D8:F3:32:19,-40,0,166,166,0,0,166,166,0
492159561,NODE_F42DC973E618,blackhole,2,B0:CB:D8:F3:32:19,-40,0,166,166,0,0,166,166,0
492259567,NODE_F42DC973E618,blackhole,2,B0:CB:D8:F3:32:19,-41,0,166,166,0,0,166,166,0
492359571,NODE_F42DC973E618,blackhole,2,B0:CB:D8:F3:32:19,-41,0,166,166,0,0,166,166,0
492459568,NODE_F42DC973E618,blackhole,2,B0:CB:D8:F3:32:19,-41,0,166,166,0,0,166,166,0
492559567,NODE_F42DC973E618,blackhole,2,B0:CB:D8:F3:32:19,-43,0,167,167,0,0,167,167,0
492659567,NODE_F42DC973E618,blackhole,2,B0:CB:D8:F3:32:19,-43,0,167,167,0,0,167,167,0
492759564,NODE_F42DC973E618,blackhole,2,B0:CB:D8:F3:32:19,-43,0,167,167,0,0,167,167,0
492859567,NODE_F42DC973E618,blackhole,2,B0:CB:D8:F3:32:19,-38,0,167,167,0,0,167,167,0
492959575,NODE_F42DC973E618,blackhole,2,B0:CB:D8:F3:32:19,-38,0,167,167,0,0,167,167,0
493059568,NODE_F42DC973E618,blackhole,2,B0:CB:D8:F3:32:19,-38,0,167,167,0,0,167,167,0
493159567,NODE_F42DC973E618,blackhole,2,B0:CB:D8:F3:32:19,-38,0,167,167,0,0,167,167,0
493259567,NODE_F42DC973E618,blackhole,2,B0:CB:D8:F3:32:19,-38,0,167,167,0,0,167,167,0
493359568,NODE_F42DC973E618,blackhole,2,B0:CB:D8:F3:32:19,-38,0,167,167,0,0,167,167,0
493459567,NODE_F42DC973E618,blackhole,2,B0:CB:D8:F3:32:19,-42,0,167,167,0,0,167,167,0
493559567,NODE_F42DC973E618,blackhole,2,B0:CB:D8:F3:32:19,-42,0,168,168,0,0,168,168,0
493659576,NODE_F42DC973E618,blackhole,2,B0:CB:D8:F3:32:19,-42,0,168,168,0,0,168,168,0
493759567,NODE_F42DC973E618,blackhole,2,B0:CB:D8:F3:32:19,-39,0,168,168,0,0,168,168,0
493859575,NODE_F42DC973E618,blackhole,2,B0:CB:D8:F3:32:19,-39,0,168,168,0,0,168,168,0
493959568,NODE_F42DC973E618,blackhole,2,B0:CB:D8:F3:32:19,-39,0,168,168,0,0,168,168,0
494059567,NODE_F42DC973E618,blackhole,2,B0:CB:D8:F3:32:19,-40,0,168,168,0,0,168,168,0
494159575,NODE_F42DC973E618,blackhole,2,B0:CB:D8:F3:32:19,-40,0,168,168,0,0,168,168,0
494259568,NODE_F42DC973E618,blackhole,2,B0:CB:D8:F3:32:19,-40,0,168,168,0,0,168,168,0
494359567,NODE_F42DC973E618,blackhole,2,B0:CB:D8:F3:32:19,-39,0,168,168,0,0,168,168,0
494459567,NODE_F42DC973E618,blackhole,2,B0:CB:D8:F3:32:19,-39,0,168,168,0,0,168,168,0
494559564,NODE_F42DC973E618,blackhole,2,B0:CB:D8:F3:32:19,-39,0,169,169,0,0,169,169,0
494659567,NODE_F42DC973E618,blackhole,2,B0:CB:D8:F3:32:19,-42,0,169,169,0,0,169,169,0
494759571,NODE_F42DC973E618,blackhole,2,B0:CB:D8:F3:32:19,-42,0,169,169,0,0,169,169,0
494859560,NODE_F42DC973E618,blackhole,2,B0:CB:D8:F3:32:19,-42,0,169,169,0,0,169,169,0
494959567,NODE_F42DC973E618,blackhole,2,B0:CB:D8:F3:32:19,-42,0,169,169,0,0,169,169,0
495059948,NODE_F42DC973E618,blackhole,2,B0:CB:D8:F3:32:19,-39,0,169,169,0,0,169,169,0
495159564,NODE_F42DC973E618,blackhole,2,B0:CB:D8:F3:32:19,-39,0,169,169,0,0,169,169,0
495259567,NODE_F42DC973E618,blackhole,2,B0:CB:D8:F3:32:19,-39,0,169,169,0,0,169,169,0
495359571,NODE_F42DC973E618,blackhole,2,B0:CB:D8:F3:32:19,-39,0,169,169,0,0,169,169,0
495459568,NODE_F42DC973E618,blackhole,2,B0:CB:D8:F3:32:19,-39,0,169,169,0,0,169,169,0
495559563,NODE_F42DC973E618,blackhole,2,B0:CB:D8:F3:32:19,-39,0,170,170,0,0,170,170,0
495659567,NODE_F42DC973E618,blackhole,2,B0:CB:D8:F3:32:19,-43,0,170,170,0,0,170,170,0
495759568,NODE_F42DC973E618,blackhole,2,B0:CB:D8:F3:32:19,-43,0,170,170,0,0,170,170,0
495859559,NODE_F42DC973E618,blackhole,2,B0:CB:D8:F3:32:19,-43,0,170,170,0,0,170,170,0
495959575,NODE_F42DC973E618,blackhole,2,B0:CB:D8:F3:32:19,-43,0,170,170,0,0,170,170,0
496059568,NODE_F42DC973E618,blackhole,2,B0:CB:D8:F3:32:19,-43,0,170,170,0,0,170,170,0
496159559,NODE_F42DC973E618,blackhole,2,B0:CB:D8:F3:32:19,-43,0,170,170,0,0,170,170,0
496259567,NODE_F42DC973E618,blackhole,2,B0:CB:D8:F3:32:19,-43,0,170,170,0,0,170,170,0
496359568,NODE_F42DC973E618,blackhole,2,B0:CB:D8:F3:32:19,-43,0,170,170,0,0,170,170,0
496459567,NODE_F42DC973E618,blackhole,2,B0:CB:D8:F3:32:19,-43,0,170,170,0,0,170,170,0
496559563,NODE_F42DC973E618,blackhole,2,B0:CB:D8:F3:32:19,-42,0,171,171,0,0,171,171,0
496659568,NODE_F42DC973E618,blackhole,2,B0:CB:D8:F3:32:19,-42,0,171,171,0,0,171,171,0
496759567,NODE_F42DC973E618,blackhole,2,B0:CB:D8:F3:32:19,-42,0,171,171,0,0,171,171,0
496859567,NODE_F42DC973E618,blackhole,2,B0:CB:D8:F3:32:19,-39,0,171,171,0,0,171,171,0
496959572,NODE_F42DC973E618,blackhole,2,B0:CB:D8:F3:32:19,-39,0,171,171,0,0,171,171,0
497059571,NODE_F42DC973E618,blackhole,2,B0:CB:D8:F3:32:19,-39,0,171,171,0,0,171,171,0
497159575,NODE_F42DC973E618,blackhole,2,B0:CB:D8:F3:32:19,-43,0,171,171,0,0,171,171,0
497259568,NODE_F42DC973E618,blackhole,2,B0:CB:D8:F3:32:19,-43,0,171,171,0,0,171,171,0
497359567,NODE_F42DC973E618,blackhole,2,B0:CB:D8:F3:32:19,-43,0,171,171,0,0,171,171,0
497459567,NODE_F42DC973E618,blackhole,2,B0:CB:D8:F3:32:19,-40,0,171,171,0,0,171,171,0
497559564,NODE_F42DC973E618,blackhole,2,B0:CB:D8:F3:32:19,-40,0,172,172,0,0,172,172,0
497659567,NODE_F42DC973E618,blackhole,2,B0:CB:D8:F3:32:19,-40,0,172,172,0,0,172,172,0
497759575,NODE_F42DC973E618,blackhole,2,B0:CB:D8:F3:32:19,-39,0,172,172,0,0,172,172,0
497859568,NODE_F42DC973E618,blackhole,2,B0:CB:D8:F3:32:19,-39,0,172,172,0,0,172,172,0
497959567,NODE_F42DC973E618,blackhole,2,B0:CB:D8:F3:32:19,-39,0,172,172,0,0,172,172,0
498059567,NODE_F42DC973E618,blackhole,2,B0:CB:D8:F3:32:19,-40,0,172,172,0,0,172,172,0
498159568,NODE_F42DC973E618,blackhole,2,B0:CB:D8:F3:32:19,-40,0,172,172,0,0,172,172,0
498259567,NODE_F42DC973E618,blackhole,2,B0:CB:D8:F3:32:19,-40,0,172,172,0,0,172,172,0
498359571,NODE_F42DC973E618,blackhole,2,B0:CB:D8:F3:32:19,-43,0,172,172,0,0,172,172,0
498459568,NODE_F42DC973E618,blackhole,2,B0:CB:D8:F3:32:19,-43,0,172,172,0,0,172,172,0
498559563,NODE_F42DC973E618,blackhole,2,B0:CB:D8:F3:32:19,-43,0,173,173,0,0,173,173,0
498659567,NODE_F42DC973E618,blackhole,2,B0:CB:D8:F3:32:19,-42,0,173,173,0,0,173,173,0
498759568,NODE_F42DC973E618,blackhole,2,B0:CB:D8:F3:32:19,-42,0,173,173,0,0,173,173,0
498859559,NODE_F42DC973E618,blackhole,2,B0:CB:D8:F3:32:19,-42,0,173,173,0,0,173,173,0
498959575,NODE_F42DC973E618,blackhole,2,B0:CB:D8:F3:32:19,-38,0,173,173,0,0,173,173,0
499059568,NODE_F42DC973E618,blackhole,2,B0:CB:D8:F3:32:19,-38,0,173,173,0,0,173,173,0
499159559,NODE_F42DC973E618,blackhole,2,B0:CB:D8:F3:32:19,-38,0,173,173,0,0,173,173,0
499259563,NODE_F42DC973E618,blackhole,2,B0:CB:D8:F3:32:19,-38,0,173,173,0,0,173,173,0
499359568,NODE_F42DC973E618,blackhole,2,B0:CB:D8:F3:32:19,-39,0,173,173,0,0,173,173,0
499460051,NODE_F42DC973E618,blackhole,2,B0:CB:D8:F3:32:19,-39,0,173,173,0,0,173,173,0
499559563,NODE_F42DC973E618,blackhole,2,B0:CB:D8:F3:32:19,-39,0,174,174,0,0,174,174,0
499659568,NODE_F42DC973E618,blackhole,2,B0:CB:D8:F3:32:19,-43,0,174,174,0,0,174,174,0
499759567,NODE_F42DC973E618,blackhole,2,B0:CB:D8:F3:32:19,-43,0,174,174,0,0,174,174,0
499859559,NODE_F42DC973E618,blackhole,2,B0:CB:D8:F3:32:19,-43,0,174,174,0,0,174,174,0
499959572,NODE_F42DC973E618,blackhole,2,B0:CB:D8:F3:32:19,-38,0,174,174,0,0,174,174,0
500059571,NODE_F42DC973E618,blackhole,2,B0:CB:D8:F3:32:19,-38,0,174,174,0,0,174,174,0
500159575,NODE_F42DC973E618,blackhole,2,B0:CB:D8:F3:32:19,-38,0,174,174,0,0,174,174,0
500259568,NODE_F42DC973E618,blackhole,2,B0:CB:D8:F3:32:19,-38,0,174,174,0,0,174,174,0
500359567,NODE_F42DC973E618,blackhole,2,B0:CB:D8:F3:32:19,-38,0,174,174,0,0,174,174,0
500459567,NODE_F42DC973E618,blackhole,2,B0:CB:D8:F3:32:19,-38,0,174,174,0,0,174,174,0
500559564,NODE_F42DC973E618,blackhole,2,B0:CB:D8:F3:32:19,-38,0,175,175,0,0,175,175,0
500659567,NODE_F42DC973E618,blackhole,2,B0:CB:D8:F3:32:19,-38,0,175,175,0,0,175,175,0
500759575,NODE_F42DC973E618,blackhole,2,B0:CB:D8:F3:32:19,-38,0,175,175,0,0,175,175,0
500859576,NODE_F42DC973E618,blackhole,2,B0:CB:D8:F3:32:19,-39,0,175,175,0,0,175,175,0
500959567,NODE_F42DC973E618,blackhole,2,B0:CB:D8:F3:32:19,-39,0,175,175,0,0,175,175,0
501059567,NODE_F42DC973E618,blackhole,2,B0:CB:D8:F3:32:19,-39,0,175,175,0,0,175,175,0
501159568,NODE_F42DC973E618,blackhole,2,B0:CB:D8:F3:32:19,-37,0,175,175,0,0,175,175,0
501259567,NODE_F42DC973E618,blackhole,2,B0:CB:D8:F3:32:19,-37,0,175,175,0,0,175,175,0
501359571,NODE_F42DC973E618,blackhole,2,B0:CB:D8:F3:32:19,-37,0,175,175,0,0,175,175,0
501459572,NODE_F42DC973E618,blackhole,2,B0:CB:D8:F3:32:19,-38,0,175,175,0,0,175,175,0
501559563,NODE_F42DC973E618,blackhole,2,B0:CB:D8:F3:32:19,-38,0,176,176,0,0,176,176,0
501659567,NODE_F42DC973E618,blackhole,2,B0:CB:D8:F3:32:19,-38,0,176,176,0,0,176,176,0
501759568,NODE_F42DC973E618,blackhole,2,B0:CB:D8:F3:32:19,-40,0,176,176,0,0,176,176,0
501859567,NODE_F42DC973E618,blackhole,2,B0:CB:D8:F3:32:19,-40,0,176,176,0,0,176,176,0
501959575,NODE_F42DC973E618,blackhole,2,B0:CB:D8:F3:32:19,-40,0,176,176,0,0,176,176,0
502059568,NODE_F42DC973E618,blackhole,2,B0:CB:D8:F3:32:19,-43,0,176,176,0,0,176,176,0
502159567,NODE_F42DC973E618,blackhole,2,B0:CB:D8:F3:32:19,-43,0,176,176,0,0,176,176,0
502259567,NODE_F42DC973E618,blackhole,2,B0:CB:D8:F3:32:19,-43,0,176,176,0,0,176,176,0
502359568,NODE_F42DC973E618,blackhole,2,B0:CB:D8:F3:32:19,-38,0,176,176,0,0,176,176,0
502459567,NODE_F42DC973E618,blackhole,2,B0:CB:D8:F3:32:19,-38,0,176,176,0,0,176,176,0
502559563,NODE_F42DC973E618,blackhole,2,B0:CB:D8:F3:32:19,-38,0,177,177,0,0,177,177,0
502659568,NODE_F42DC973E618,blackhole,2,B0:CB:D8:F3:32:19,-42,0,177,177,0,0,177,177,0
502759567,NODE_F42DC973E618,blackhole,2,B0:CB:D8:F3:32:19,-42,0,177,177,0,0,177,177,0
502859567,NODE_F42DC973E618,blackhole,2,B0:CB:D8:F3:32:19,-42,0,177,177,0,0,177,177,0
502959568,NODE_F42DC973E618,blackhole,2,B0:CB:D8:F3:32:19,-38,0,177,177,0,0,177,177,0
503059571,NODE_F42DC973E618,blackhole,2,B0:CB:D8:F3:32:19,-38,0,177,177,0,0,177,177,0
503159575,NODE_F42DC973E618,blackhole,2,B0:CB:D8:F3:32:19,-38,0,177,177,0,0,177,177,0
503259568,NODE_F42DC973E618,blackhole,2,B0:CB:D8:F3:32:19,-38,0,177,177,0,0,177,177,0
503359567,NODE_F42DC973E618,blackhole,2,B0:CB:D8:F3:32:19,-38,0,177,177,0,0,177,177,0
503459567,NODE_F42DC973E618,blackhole,2,B0:CB:D8:F3:32:19,-38,0,177,177,0,0,177,177,0
503559564,NODE_F42DC973E618,blackhole,2,B0:CB:D8:F3:32:19,-38,0,178,178,0,0,178,178,0
503659567,NODE_F42DC973E618,blackhole,2,B0:CB:D8:F3:32:19,-38,0,178,178,0,0,178,178,0
503759567,NODE_F42DC973E618,blackhole,2,B0:CB:D8:F3:32:19,-38,0,178,178,0,0,178,178,0
503859560,NODE_F42DC973E618,blackhole,2,B0:CB:D8:F3:32:19,-38,0,178,178,0,0,178,178,0
503959571,NODE_F42DC973E618,blackhole,2,B0:CB:D8:F3:32:19,-38,0,178,178,0,0,178,178,0
504059567,NODE_F42DC973E618,blackhole,2,B0:CB:D8:F3:32:19,-38,0,178,178,0,0,178,178,0
504159560,NODE_F42DC973E618,blackhole,2,B0:CB:D8:F3:32:19,-38,0,178,178,0,0,178,178,0
504259571,NODE_F42DC973E618,blackhole,2,B0:CB:D8:F3:32:19,-42,0,178,178,0,0,178,178,0
504359567,NODE_F42DC973E618,blackhole,2,B0:CB:D8:F3:32:19,-42,0,178,178,0,0,178,178,0
504459568,NODE_F42DC973E618,blackhole,2,B0:CB:D8:F3:32:19,-42,0,178,178,0,0,178,178,0
504559563,NODE_F42DC973E618,blackhole,2,B0:CB:D8:F3:32:19,-42,0,179,179,0,0,179,179,0
504659567,NODE_F42DC973E618,blackhole,2,B0:CB:D8:F3:32:19,-42,0,179,179,0,0,179,179,0
504759568,NODE_F42DC973E618,blackhole,2,B0:CB:D8:F3:32:19,-42,0,179,179,0,0,179,179,0
504859567,NODE_F42DC973E618,blackhole,2,B0:CB:D8:F3:32:19,-38,0,179,179,0,0,179,179,0
504959575,NODE_F42DC973E618,blackhole,2,B0:CB:D8:F3:32:19,-38,0,179,179,0,0,179,179,0
505059568,NODE_F42DC973E618,blackhole,2,B0:CB:D8:F3:32:19,-38,0,179,179,0,0,179,179,0
505159567,NODE_F42DC973E618,blackhole,2,B0:CB:D8:F3:32:19,-42,0,179,179,0,0,179,179,0
505259567,NODE_F42DC973E618,blackhole,2,B0:CB:D8:F3:32:19,-42,0,179,179,0,0,179,179,0
505359568,NODE_F42DC973E618,blackhole,2,B0:CB:D8:F3:32:19,-42,0,179,179,0,0,179,179,0
505459567,NODE_F42DC973E618,blackhole,2,B0:CB:D8:F3:32:19,-40,0,179,179,0,0,179,179,0
505559563,NODE_F42DC973E618,blackhole,2,B0:CB:D8:F3:32:19,-40,0,180,180,0,0,180,180,0
505659568,NODE_F42DC973E618,blackhole,2,B0:CB:D8:F3:32:19,-40,0,180,180,0,0,180,180,0
505759567,NODE_F42DC973E618,blackhole,2,B0:CB:D8:F3:32:19,-39,0,180,180,0,0,180,180,0
505859567,NODE_F42DC973E618,blackhole,2,B0:CB:D8:F3:32:19,-39,0,180,180,0,0,180,180,0
505959572,NODE_F42DC973E618,blackhole,2,B0:CB:D8:F3:32:19,-39,0,180,180,0,0,180,180,0
506059571,NODE_F42DC973E618,blackhole,2,B0:CB:D8:F3:32:19,-39,0,180,180,0,0,180,180,0
506159575,NODE_F42DC973E618,blackhole,2,B0:CB:D8:F3:32:19,-39,0,180,180,0,0,180,180,0
506259568,NODE_F42DC973E618,blackhole,2,B0:CB:D8:F3:32:19,-39,0,180,180,0,0,180,180,0
506359567,NODE_F42DC973E618,blackhole,2,B0:CB:D8:F3:32:19,-39,0,180,180,0,0,180,180,0
506459567,NODE_F42DC973E618,blackhole,2,B0:CB:D8:F3:32:19,-39,0,180,180,0,0,180,180,0
506559566,NODE_F42DC973E618,blackhole,2,B0:CB:D8:F3:32:19,-39,0,180,181,0,0,181,180,0
506659575,NODE_F42DC973E618,blackhole,2,B0:CB:D8:F3:32:19,-38,0,181,181,0,0,181,181,0
506759567,NODE_F42DC973E618,blackhole,2,B0:CB:D8:F3:32:19,-38,0,181,181,0,0,181,181,0
506859560,NODE_F42DC973E618,blackhole,2,B0:CB:D8:F3:32:19,-38,0,181,181,0,0,181,181,0
506959567,NODE_F42DC973E618,blackhole,2,B0:CB:D8:F3:32:19,-38,0,181,181,0,0,181,181,0
507059567,NODE_F42DC973E618,blackhole,2,B0:CB:D8:F3:32:19,-38,0,181,181,0,0,181,181,0
507159560,NODE_F42DC973E618,blackhole,2,B0:CB:D8:F3:32:19,-38,0,181,181,0,0,181,181,0
507259571,NODE_F42DC973E618,blackhole,2,B0:CB:D8:F3:32:19,-38,0,181,181,0,0,181,181,0
507359567,NODE_F42DC973E618,blackhole,2,B0:CB:D8:F3:32:19,-38,0,181,181,0,0,181,181,0
507459568,NODE_F42DC973E618,blackhole,2,B0:CB:D8:F3:32:19,-38,0,181,181,0,0,181,181,0
507560009,NODE_F42DC973E618,blackhole,2,B0:CB:D8:F3:32:19,-39,0,181,181,0,0,181,181,0
507659563,NODE_F42DC973E618,blackhole,2,B0:CB:D8:F3:32:19,-39,0,182,182,0,0,182,182,0
507759564,NODE_F42DC973E618,blackhole,2,B0:CB:D8:F3:32:19,-39,0,182,182,0,0,182,182,0
507859575,NODE_F42DC973E618,blackhole,2,B0:CB:D8:F3:32:19,-39,0,182,182,0,0,182,182,0
507959567,NODE_F42DC973E618,blackhole,2,B0:CB:D8:F3:32:19,-39,0,182,182,0,0,182,182,0
508059568,NODE_F42DC973E618,blackhole,2,B0:CB:D8:F3:32:19,-39,0,182,182,0,0,182,182,0
508159559,NODE_F42DC973E618,blackhole,2,B0:CB:D8:F3:32:19,-39,0,182,182,0,0,182,182,0
508259567,NODE_F42DC973E618,blackhole,2,B0:CB:D8:F3:32:19,-39,0,182,182,0,0,182,182,0
508359568,NODE_F42DC973E618,blackhole,2,B0:CB:D8:F3:32:19,-39,0,182,182,0,0,182,182,0
508459567,NODE_F42DC973E618,blackhole,2,B0:CB:D8:F3:32:19,-39,0,182,182,0,0,182,182,0
508559575,NODE_F42DC973E618,blackhole,2,B0:CB:D8:F3:32:19,-38,0,182,182,0,0,182,182,0
508659568,NODE_F42DC973E618,blackhole,2,B0:CB:D8:F3:32:19,-38,0,183,183,0,0,183,183,0
508759567,NODE_F42DC973E618,blackhole,2,B0:CB:D8:F3:32:19,-38,0,183,183,0,0,183,183,0
508859567,NODE_F42DC973E618,blackhole,2,B0:CB:D8:F3:32:19,-43,0,183,183,0,0,183,183,0
508959572,NODE_F42DC973E618,blackhole,2,B0:CB:D8:F3:32:19,-43,0,183,183,0,0,183,183,0
509059571,NODE_F42DC973E618,blackhole,2,B0:CB:D8:F3:32:19,-43,0,183,183,0,0,183,183,0
509159575,NODE_F42DC973E618,blackhole,2,B0:CB:D8:F3:32:19,-42,0,183,183,0,0,183,183,0
509259568,NODE_F42DC973E618,blackhole,2,B0:CB:D8:F3:32:19,-42,0,183,183,0,0,183,183,0
509359567,NODE_F42DC973E618,blackhole,2,B0:CB:D8:F3:32:19,-42,0,183,183,0,0,183,183,0
509459567,NODE_F42DC973E618,blackhole,2,B0:CB:D8:F3:32:19,-43,0,183,183,0,0,183,183,0
509559568,NODE_F42DC973E618,blackhole,2,B0:CB:D8:F3:32:19,-43,0,183,183,0,0,183,183,0
509659575,NODE_F42DC973E618,blackhole,2,B0:CB:D8:F3:32:19,-43,0,184,184,0,0,184,184,0
509759567,NODE_F42DC973E618,blackhole,2,B0:CB:D8:F3:32:19,-39,0,184,184,0,0,184,184,0
509859568,NODE_F42DC973E618,blackhole,2,B0:CB:D8:F3:32:19,-39,0,184,184,0,0,184,184,0
509959567,NODE_F42DC973E618,blackhole,2,B0:CB:D8:F3:32:19,-39,0,184,184,0,0,184,184,0
510059567,NODE_F42DC973E618,blackhole,2,B0:CB:D8:F3:32:19,-38,0,184,184,0,0,184,184,0
510159568,NODE_F42DC973E618,blackhole,2,B0:CB:D8:F3:32:19,-38,0,184,184,0,0,184,184,0
510259571,NODE_F42DC973E618,blackhole,2,B0:CB:D8:F3:32:19,-38,0,184,184,0,0,184,184,0
510359567,NODE_F42DC973E618,blackhole,2,B0:CB:D8:F3:32:19,-42,0,184,184,0,0,184,184,0
510459568,NODE_F42DC973E618,blackhole,2,B0:CB:D8:F3:32:19,-42,0,184,184,0,0,184,184,0
510559559,NODE_F42DC973E618,blackhole,2,B0:CB:D8:F3:32:19,-42,0,184,184,0,0,184,184,0
510659567,NODE_F42DC973E618,blackhole,2,B0:CB:D8:F3:32:19,-42,0,185,185,0,0,185,185,0
510759576,NODE_F42DC973E618,blackhole,2,B0:CB:D8:F3:32:19,-42,0,185,185,0,0,185,185,0
510859559,NODE_F42DC973E618,blackhole,2,B0:CB:D8:F3:32:19,-42,0,185,185,0,0,185,185,0
510959567,NODE_F42DC973E618,blackhole,2,B0:CB:D8:F3:32:19,-38,0,185,185,0,0,185,185,0
511059568,NODE_F42DC973E618,blackhole,2,B0:CB:D8:F3:32:19,-38,0,185,185,0,0,185,185,0
511159563,NODE_F42DC973E618,blackhole,2,B0:CB:D8:F3:32:19,-38,0,185,185,0,0,185,185,0
511259567,NODE_F42DC973E618,blackhole,2,B0:CB:D8:F3:32:19,-39,0,185,185,0,0,185,185,0
511359572,NODE_F42DC973E618,blackhole,2,B0:CB:D8:F3:32:19,-39,0,185,185,0,0,185,185,0
511459567,NODE_F42DC973E618,blackhole,2,B0:CB:D8:F3:32:19,-39,0,185,185,0,0,185,185,0
511559567,NODE_F42DC973E618,blackhole,2,B0:CB:D8:F3:32:19,-40,0,185,185,0,0,185,185,0
511659784,NODE_F42DC973E618,blackhole,2,B0:CB:D8:F3:32:19,-40,0,186,186,0,0,186,186,0
511759567,NODE_F42DC973E618,blackhole,2,B0:CB:D8:F3:32:19,-40,0,186,186,0,0,186,186,0
511860326,NODE_F42DC973E618,blackhole,2,B0:CB:D8:F3:32:19,-42,0,186,186,0,0,186,186,0
511959572,NODE_F42DC973E618,blackhole,2,B0:CB:D8:F3:32:19,-42,0,186,186,0,0,186,186,0
512059571,NODE_F42DC973E618,blackhole,2,B0:CB:D8:F3:32:19,-42,0,186,186,0,0,186,186,0
512159575,NODE_F42DC973E618,blackhole,2,B0:CB:D8:F3:32:19,-42,0,186,186,0,0,186,186,0
512259568,NODE_F42DC973E618,blackhole,2,B0:CB:D8:F3:32:19,-43,0,186,186,0,0,186,186,0
512359567,NODE_F42DC973E618,blackhole,2,B0:CB:D8:F3:32:19,-43,0,186,186,0,0,186,186,0
512459567,NODE_F42DC973E618,blackhole,2,B0:CB:D8:F3:32:19,-43,0,186,186,0,0,186,186,0
512559568,NODE_F42DC973E618,blackhole,2,B0:CB:D8:F3:32:19,-38,0,186,186,0,0,186,186,0
512659575,NODE_F42DC973E618,blackhole,2,B0:CB:D8:F3:32:19,-38,0,187,187,0,0,187,187,0
512759563,NODE_F42DC973E618,blackhole,2,B0:CB:D8:F3:32:19,-38,0,187,187,0,0,187,187,0
512859568,NODE_F42DC973E618,blackhole,2,B0:CB:D8:F3:32:19,-38,0,187,187,0,0,187,187,0
512959567,NODE_F42DC973E618,blackhole,2,B0:CB:D8:F3:32:19,-38,0,187,187,0,0,187,187,0
513059567,NODE_F42DC973E618,blackhole,2,B0:CB:D8:F3:32:19,-38,0,187,187,0,0,187,187,0
513159568,NODE_F42DC973E618,blackhole,2,B0:CB:D8:F3:32:19,-37,0,187,187,0,0,187,187,0
513259571,NODE_F42DC973E618,blackhole,2,B0:CB:D8:F3:32:19,-37,0,187,187,0,0,187,187,0
513359567,NODE_F42DC973E618,blackhole,2,B0:CB:D8:F3:32:19,-37,0,187,187,0,0,187,187,0
513459568,NODE_F42DC973E618,blackhole,2,B0:CB:D8:F3:32:19,-43,0,187,187,0,0,187,187,0
513559567,NODE_F42DC973E618,blackhole,2,B0:CB:D8:F3:32:19,-43,0,187,187,0,0,187,187,0
513659563,NODE_F42DC973E618,blackhole,2,B0:CB:D8:F3:32:19,-43,0,188,188,0,0,188,188,0
513759576,NODE_F42DC973E618,blackhole,2,B0:CB:D8:F3:32:19,-42,0,188,188,0,0,188,188,0
513859567,NODE_F42DC973E618,blackhole,2,B0:CB:D8:F3:32:19,-42,0,188,188,0,0,188,188,0
513959567,NODE_F42DC973E618,blackhole,2,B0:CB:D8:F3:32:19,-42,0,188,188,0,0,188,188,0
514059568,NODE_F42DC973E618,blackhole,2,B0:CB:D8:F3:32:19,-39,0,188,188,0,0,188,188,0
514159567,NODE_F42DC973E618,blackhole,2,B0:CB:D8:F3:32:19,-39,0,188,188,0,0,188,188,0
514259567,NODE_F42DC973E618,blackhole,2,B0:CB:D8:F3:32:19,-39,0,188,188,0,0,188,188,0
514359572,NODE_F42DC973E618,blackhole,2,B0:CB:D8:F3:32:19,-39,0,188,188,0,0,188,188,0
514459567,NODE_F42DC973E618,blackhole,2,B0:CB:D8:F3:32:19,-39,0,188,188,0,0,188,188,0
514559559,NODE_F42DC973E618,blackhole,2,B0:CB:D8:F3:32:19,-39,0,188,188,0,0,188,188,0
514659568,NODE_F42DC973E618,blackhole,2,B0:CB:D8:F3:32:19,-38,0,189,189,0,0,189,189,0
514759567,NODE_F42DC973E618,blackhole,2,B0:CB:D8:F3:32:19,-38,0,189,189,0,0,189,189,0
514859575,NODE_F42DC973E618,blackhole,2,B0:CB:D8:F3:32:19,-38,0,189,189,0,0,189,189,0
514959576,NODE_F42DC973E618,blackhole,2,B0:CB:D8:F3:32:19,-39,0,189,189,0,0,189,189,0
515059567,NODE_F42DC973E618,blackhole,2,B0:CB:D8:F3:32:19,-39,0,189,189,0,0,189,189,0
515159575,NODE_F42DC973E618,blackhole,2,B0:CB:D8:F3:32:19,-39,0,189,189,0,0,189,189,0
515259568,NODE_F42DC973E618,blackhole,2,B0:CB:D8:F3:32:19,-38,0,189,189,0,0,189,189,0
515359567,NODE_F42DC973E618,blackhole,2,B0:CB:D8:F3:32:19,-38,0,189,189,0,0,189,189,0
515459567,NODE_F42DC973E618,blackhole,2,B0:CB:D8:F3:32:19,-38,0,189,189,0,0,189,189,0
515559564,NODE_F42DC973E618,blackhole,2,B0:CB:D8:F3:32:19,-40,0,189,189,0,0,189,189,0
515659567,NODE_F42DC973E618,blackhole,2,B0:CB:D8:F3:32:19,-40,0,190,190,0,0,190,190,0
515759567,NODE_F42DC973E618,blackhole,2,B0:CB:D8:F3:32:19,-40,0,190,190,0,0,190,190,0
515859564,NODE_F42DC973E618,blackhole,2,B0:CB:D8:F3:32:19,-42,0,190,190,0,0,190,190,0
515959571,NODE_F42DC973E618,blackhole,2,B0:CB:D8:F3:32:19,-42,0,190,190,0,0,190,190,0
516059563,NODE_F42DC973E618,blackhole,2,B0:CB:D8:F3:32:19,-42,0,190,190,0,0,190,190,0
516160328,NODE_F42DC973E618,blackhole,2,B0:CB:D8:F3:32:19,-39,0,190,190,0,0,190,190,0
516259571,NODE_F42DC973E618,blackhole,2,B0:CB:D8:F3:32:19,-39,0,190,190,0,0,190,190,0
516359567,NODE_F42DC973E618,blackhole,2,B0:CB:D8:F3:32:19,-39,0,190,190,0,0,190,190,0
516459568,NODE_F42DC973E618,blackhole,2,B0:CB:D8:F3:32:19,-39,0,190,190,0,0,190,190,0
516559567,NODE_F42DC973E618,blackhole,2,B0:CB:D8:F3:32:19,-42,0,190,190,0,0,190,190,0
516659563,NODE_F42DC973E618,blackhole,2,B0:CB:D8:F3:32:19,-42,0,191,191,0,0,191,191,0
516759576,NODE_F42DC973E618,blackhole,2,B0:CB:D8:F3:32:19,-42,0,191,191,0,0,191,191,0
516859567,NODE_F42DC973E618,blackhole,2,B0:CB:D8:F3:32:19,-40,0,191,191,0,0,191,191,0
516959567,NODE_F42DC973E618,blackhole,2,B0:CB:D8:F3:32:19,-40,0,191,191,0,0,191,191,0
517059568,NODE_F42DC973E618,blackhole,2,B0:CB:D8:F3:32:19,-40,0,191,191,0,0,191,191,0
517159567,NODE_F42DC973E618,blackhole,2,B0:CB:D8:F3:32:19,-38,0,191,191,0,0,191,191,0
517259567,NODE_F42DC973E618,blackhole,2,B0:CB:D8:F3:32:19,-38,0,191,191,0,0,191,191,0
517359564,NODE_F42DC973E618,blackhole,2,B0:CB:D8:F3:32:19,-38,0,191,191,0,0,191,191,0
517459567,NODE_F42DC973E618,blackhole,2,B0:CB:D8:F3:32:19,-38,0,191,191,0,0,191,191,0
517559567,NODE_F42DC973E618,blackhole,2,B0:CB:D8:F3:32:19,-38,0,191,191,0,0,191,191,0
517659564,NODE_F42DC973E618,blackhole,2,B0:CB:D8:F3:32:19,-38,0,192,192,0,0,192,192,0
517759567,NODE_F42DC973E618,blackhole,2,B0:CB:D8:F3:32:19,-42,0,192,192,0,0,192,192,0
517859567,NODE_F42DC973E618,blackhole,2,B0:CB:D8:F3:32:19,-42,0,192,192,0,0,192,192,0
517959576,NODE_F42DC973E618,blackhole,2,B0:CB:D8:F3:32:19,-42,0,192,192,0,0,192,192,0
518059567,NODE_F42DC973E618,blackhole,2,B0:CB:D8:F3:32:19,-38,0,192,192,0,0,192,192,0
518159575,NODE_F42DC973E618,blackhole,2,B0:CB:D8:F3:32:19,-38,0,192,192,0,0,192,192,0
518259568,NODE_F42DC973E618,blackhole,2,B0:CB:D8:F3:32:19,-38,0,192,192,0,0,192,192,0
518359567,NODE_F42DC973E618,blackhole,2,B0:CB:D8:F3:32:19,-43,0,192,192,0,0,192,192,0
518459567,NODE_F42DC973E618,blackhole,2,B0:CB:D8:F3:32:19,-43,0,192,192,0,0,192,192,0
518559560,NODE_F42DC973E618,blackhole,2,B0:CB:D8:F3:32:19,-43,0,192,192,0,0,192,192,0
518659575,NODE_F42DC973E618,blackhole,2,B0:CB:D8:F3:32:19,-43,0,193,193,0,0,193,193,0
518759567,NODE_F42DC973E618,blackhole,2,B0:CB:D8:F3:32:19,-43,0,193,193,0,0,193,193,0
518859560,NODE_F42DC973E618,blackhole,2,B0:CB:D8:F3:32:19,-43,0,193,193,0,0,193,193,0
518959567,NODE_F42DC973E618,blackhole,2,B0:CB:D8:F3:32:19,-42,0,193,193,0,0,193,193,0
519059567,NODE_F42DC973E618,blackhole,2,B0:CB:D8:F3:32:19,-42,0,193,193,0,0,193,193,0
519159560,NODE_F42DC973E618,blackhole,2,B0:CB:D8:F3:32:19,-42,0,193,193,0,0,193,193,0
519259571,NODE_F42DC973E618,blackhole,2,B0:CB:D8:F3:32:19,-40,0,193,193,0,0,193,193,0
519359567,NODE_F42DC973E618,blackhole,2,B0:CB:D8:F3:32:19,-40,0,193,193,0,0,193,193,0
519459568,NODE_F42DC973E618,blackhole,2,B0:CB:D8:F3:32:19,-40,0,193,193,0,0,193,193,0
519559563,NODE_F42DC973E618,blackhole,2,B0:CB:D8:F3:32:19,-43,0,193,193,0,0,193,193,0
519659567,NODE_F42DC973E618,blackhole,2,B0:CB:D8:F3:32:19,-43,0,194,194,0,0,194,194,0
519759576,NODE_F42DC973E618,blackhole,2,B0:CB:D8:F3:32:19,-43,0,194,194,0,0,194,194,0
519859563,NODE_F42DC973E618,blackhole,2,B0:CB:D8:F3:32:19,-38,0,194,194,0,0,194,194,0
519959567,NODE_F42DC973E618,blackhole,2,B0:CB:D8:F3:32:19,-38,0,194,194,0,0,194,194,0
520059568,NODE_F42DC973E618,blackhole,2,B0:CB:D8:F3:32:19,-38,0,194,194,0,0,194,194,0
520159563,NODE_F42DC973E618,blackhole,2,B0:CB:D8:F3:32:19,-38,0,194,194,0,0,194,194,0
520259563,NODE_F42DC973E618,blackhole,2,B0:CB:D8:F3:32:19,-38,0,194,194,0,0,194,194,0
520359572,NODE_F42DC973E618,blackhole,2,B0:CB:D8:F3:32:19,-38,0,194,194,0,0,194,194,0
520459563,NODE_F42DC973E618,blackhole,2,B0:CB:D8:F3:32:19,-38,0,194,194,0,0,194,194,0
520559567,NODE_F42DC973E618,blackhole,2,B0:CB:D8:F3:32:19,-42,0,194,194,0,0,194,194,0
520659568,NODE_F42DC973E618,blackhole,2,B0:CB:D8:F3:32:19,-42,0,195,195,0,0,195,195,0
520759567,NODE_F42DC973E618,blackhole,2,B0:CB:D8:F3:32:19,-42,0,195,195,0,0,195,195,0
520859567,NODE_F42DC973E618,blackhole,2,B0:CB:D8:F3:32:19,-42,0,195,195,0,0,195,195,0
520959576,NODE_F42DC973E618,blackhole,2,B0:CB:D8:F3:32:19,-42,0,195,195,0,0,195,195,0
521059567,NODE_F42DC973E618,blackhole,2,B0:CB:D8:F3:32:19,-42,0,195,195,0,0,195,195,0
521159575,NODE_F42DC973E618,blackhole,2,B0:CB:D8:F3:32:19,-42,0,195,195,0,0,195,195,0
521259568,NODE_F42DC973E618,blackhole,2,B0:CB:D8:F3:32:19,-42,0,195,195,0,0,195,195,0
521359567,NODE_F42DC973E618,blackhole,2,B0:CB:D8:F3:32:19,-42,0,195,195,0,0,195,195,0
521459567,NODE_F42DC973E618,blackhole,2,B0:CB:D8:F3:32:19,-42,0,195,195,0,0,195,195,0
521559572,NODE_F42DC973E618,blackhole,2,B0:CB:D8:F3:32:19,-42,0,195,195,0,0,195,195,0
521659563,NODE_F42DC973E618,blackhole,2,B0:CB:D8:F3:32:19,-42,0,196,196,0,0,196,196,0
521759567,NODE_F42DC973E618,blackhole,2,B0:CB:D8:F3:32:19,-42,0,196,196,0,0,196,196,0
521859576,NODE_F42DC973E618,blackhole,2,B0:CB:D8:F3:32:19,-42,0,196,196,0,0,196,196,0
521959575,NODE_F42DC973E618,blackhole,2,B0:CB:D8:F3:32:19,-42,0,196,196,0,0,196,196,0
522059567,NODE_F42DC973E618,blackhole,2,B0:CB:D8:F3:32:19,-42,0,196,196,0,0,196,196,0
522159556,NODE_F42DC973E618,blackhole,2,B0:CB:D8:F3:32:19,-42,0,196,196,0,0,196,196,0
522259567,NODE_F42DC973E618,blackhole,2,B0:CB:D8:F3:32:19,-42,0,196,196,0,0,196,196,0
522359567,NODE_F42DC973E618,blackhole,2,B0:CB:D8:F3:32:19,-42,0,196,196,0,0,196,196,0
522459560,NODE_F42DC973E618,blackhole,2,B0:CB:D8:F3:32:19,-42,0,196,196,0,0,196,196,0
522559563,NODE_F42DC973E618,blackhole,2,B0:CB:D8:F3:32:19,-42,0,196,196,0,0,196,196,0
522659567,NODE_F42DC973E618,blackhole,2,B0:CB:D8:F3:32:19,-42,0,197,197,0,0,197,197,0
522759572,NODE_F42DC973E618,blackhole,2,B0:CB:D8:F3:32:19,-42,0,197,197,0,0,197,197,0
522859567,NODE_F42DC973E618,blackhole,2,B0:CB:D8:F3:32:19,-42,0,197,197,0,0,197,197,0
522959563,NODE_F42DC973E618,blackhole,2,B0:CB:D8:F3:32:19,-42,0,197,197,0,0,197,197,0
523059564,NODE_F42DC973E618,blackhole,2,B0:CB:D8:F3:32:19,-42,0,197,197,0,0,197,197,0
523159559,NODE_F42DC973E618,blackhole,2,B0:CB:D8:F3:32:19,-42,0,197,197,0,0,197,197,0
523259563,NODE_F42DC973E618,blackhole,2,B0:CB:D8:F3:32:19,-42,0,197,197,0,0,197,197,0
523359568,NODE_F42DC973E618,blackhole,2,B0:CB:D8:F3:32:19,-42,0,197,197,0,0,197,197,0
523459563,NODE_F42DC973E618,blackhole,2,B0:CB:D8:F3:32:19,-42,0,197,197,0,0,197,197,0
523559563,NODE_F42DC973E618,blackhole,2,B0:CB:D8:F3:32:19,-42,0,197,197,0,0,197,197,0
523659564,NODE_F42DC973E618,blackhole,2,B0:CB:D8:F3:32:19,-42,0,198,198,0,0,198,198,0
523759567,NODE_F42DC973E618,blackhole,2,B0:CB:D8:F3:32:19,-42,0,198,198,0,0,198,198,0
523859567,NODE_F42DC973E618,blackhole,2,B0:CB:D8:F3:32:19,-42,0,198,198,0,0,198,198,0
523959572,NODE_F42DC973E618,blackhole,2,B0:CB:D8:F3:32:19,-42,0,198,198,0,0,198,198,0
524059563,NODE_F42DC973E618,blackhole,2,B0:CB:D8:F3:32:19,-42,0,198,198,0,0,198,198,0
524159575,NODE_F42DC973E618,blackhole,2,B0:CB:D8:F3:32:19,-42,0,198,198,0,0,198,198,0
524259560,NODE_F42DC973E618,blackhole,2,B0:CB:D8:F3:32:19,-42,0,198,198,0,0,198,198,0
524359559,NODE_F42DC973E618,blackhole,2,B0:CB:D8:F3:32:19,-42,0,198,198,0,0,198,198,0
524459563,NODE_F42DC973E618,blackhole,2,B0:CB:D8:F3:32:19,-42,0,198,198,0,0,198,198,0
524559564,NODE_F42DC973E618,blackhole,2,B0:CB:D8:F3:32:19,-42,0,198,198,0,0,198,198,0
524659575,NODE_F42DC973E618,blackhole,2,B0:CB:D8:F3:32:19,-42,0,199,199,0,0,199,199,0
524759567,NODE_F42DC973E618,blackhole,2,B0:CB:D8:F3:32:19,-42,0,199,199,0,0,199,199,0
524859564,NODE_F42DC973E618,blackhole,2,B0:CB:D8:F3:32:19,-42,0,199,199,0,0,199,199,0
524959563,NODE_F42DC973E618,blackhole,2,B0:CB:D8:F3:32:19,-42,0,199,199,0,0,199,199,0
525059567,NODE_F42DC973E618,blackhole,2,B0:CB:D8:F3:32:19,-42,0,199,199,0,0,199,199,0
525159556,NODE_F42DC973E618,blackhole,2,B0:CB:D8:F3:32:19,-42,0,199,199,0,0,199,199,0
525259563,NODE_F42DC973E618,blackhole,2,B0:CB:D8:F3:32:19,-42,0,199,199,0,0,199,199,0
525359563,NODE_F42DC973E618,blackhole,2,B0:CB:D8:F3:32:19,-42,0,199,199,0,0,199,199,0
525459564,NODE_F42DC973E618,blackhole,2,B0:CB:D8:F3:32:19,-42,0,199,199,0,0,199,199,0
525559555,NODE_F42DC973E618,blackhole,2,B0:CB:D8:F3:32:19,-42,0,199,199,0,0,199,199,0
525659567,NODE_F42DC973E618,blackhole,2,B0:CB:D8:F3:32:19,-42,0,200,200,0,0,200,200,0
525759576,NODE_F42DC973E618,blackhole,2,B0:CB:D8:F3:32:19,-42,0,200,200,0,0,200,200,0
525859559,NODE_F42DC973E618,blackhole,2,B0:CB:D8:F3:32:19,-42,0,200,200,0,0,200,200,0
525959567,NODE_F42DC973E618,blackhole,2,B0:CB:D8:F3:32:19,-42,0,200,200,0,0,200,200,0
526059560,NODE_F42DC973E618,blackhole,2,B0:CB:D8:F3:32:19,-42,0,200,200,0,0,200,200,0
526159555,NODE_F42DC973E618,blackhole,2,B0:CB:D8:F3:32:19,-42,0,200,200,0,0,200,200,0
526259559,NODE_F42DC973E618,blackhole,2,B0:CB:D8:F3:32:19,-42,0,200,200,0,0,200,200,0
526359568,NODE_F42DC973E618,blackhole,2,B0:CB:D8:F3:32:19,-42,0,200,200,0,0,200,200,0
526459563,NODE_F42DC973E618,blackhole,2,B0:CB:D8:F3:32:19,-42,0,200,200,0,0,200,200,0
526559555,NODE_F42DC973E618,blackhole,2,B0:CB:D8:F3:32:19,-42,0,200,200,0,0,200,200,0
526659568,NODE_F42DC973E618,blackhole,2,B0:CB:D8:F3:32:19,-38,0,201,201,0,0,201,201,0
526759567,NODE_F42DC973E618,blackhole,2,B0:CB:D8:F3:32:19,-38,0,201,201,0,0,201,201,0
526859559,NODE_F42DC973E618,blackhole,2,B0:CB:D8:F3:32:19,-38,0,201,201,0,0,201,201,0
526959576,NODE_F42DC973E618,blackhole,2,B0:CB:D8:F3:32:19,-38,0,201,201,0,0,201,201,0
527059559,NODE_F42DC973E618,blackhole,2,B0:CB:D8:F3:32:19,-38,0,201,201,0,0,201,201,0
527159571,NODE_F42DC973E618,blackhole,2,B0:CB:D8:F3:32:19,-38,0,201,201,0,0,201,201,0
527259568,NODE_F42DC973E618,blackhole,2,B0:CB:D8:F3:32:19,-38,0,201,201,0,0,201,201,0
527359563,NODE_F42DC973E618,blackhole,2,B0:CB:D8:F3:32:19,-38,0,201,201,0,0,201,201,0
527459563,NODE_F42DC973E618,blackhole,2,B0:CB:D8:F3:32:19,-38,0,201,201,0,0,201,201,0
527559556,NODE_F42DC973E618,blackhole,2,B0:CB:D8:F3:32:19,-38,0,201,201,0,0,201,201,0
527659567,NODE_F42DC973E618,blackhole,2,B0:CB:D8:F3:32:19,-42,0,202,202,0,0,202,202,0
527759563,NODE_F42DC973E618,blackhole,2,B0:CB:D8:F3:32:19,-42,0,202,202,0,0,202,202,0
527859560,NODE_F42DC973E618,blackhole,2,B0:CB:D8:F3:32:19,-42,0,202,202,0,0,202,202,0
527959571,NODE_F42DC973E618,blackhole,2,B0:CB:D8:F3:32:19,-42,0,202,202,0,0,202,202,0
528059567,NODE_F42DC973E618,blackhole,2,B0:CB:D8:F3:32:19,-42,0,202,202,0,0,202,202,0
528159556,NODE_F42DC973E618,blackhole,2,B0:CB:D8:F3:32:19,-42,0,202,202,0,0,202,202,0
528259567,NODE_F42DC973E618,blackhole,2,B0:CB:D8:F3:32:19,-42,0,202,202,0,0,202,202,0
528359563,NODE_F42DC973E618,blackhole,2,B0:CB:D8:F3:32:19,-42,0,202,202,0,0,202,202,0
528459564,NODE_F42DC973E618,blackhole,2,B0:CB:D8:F3:32:19,-42,0,202,202,0,0,202,202,0
528559555,NODE_F42DC973E618,blackhole,2,B0:CB:D8:F3:32:19,-42,0,202,202,0,0,202,202,0
528659567,NODE_F42DC973E618,blackhole,2,B0:CB:D8:F3:32:19,-43,0,203,203,0,0,203,203,0
528760059,NODE_F42DC973E618,blackhole,2,B0:CB:D8:F3:32:19,-43,0,203,203,0,0,203,203,0
528859559,NODE_F42DC973E618,blackhole,2,B0:CB:D8:F3:32:19,-43,0,203,203,0,0,203,203,0
528959575,NODE_F42DC973E618,blackhole,2,B0:CB:D8:F3:32:19,-43,0,203,203,0,0,203,203,0
529059560,NODE_F42DC973E618,blackhole,2,B0:CB:D8:F3:32:19,-43,0,203,203,0,0,203,203,0
529159555,NODE_F42DC973E618,blackhole,2,B0:CB:D8:F3:32:19,-43,0,203,203,0,0,203,203,0
529259563,NODE_F42DC973E618,blackhole,2,B0:CB:D8:F3:32:19,-43,0,203,203,0,0,203,203,0
529359568,NODE_F42DC973E618,blackhole,2,B0:CB:D8:F3:32:19,-43,0,203,203,0,0,203,203,0
529459563,NODE_F42DC973E618,blackhole,2,B0:CB:D8:F3:32:19,-43,0,203,203,0,0,203,203,0
529559555,NODE_F42DC973E618,blackhole,2,B0:CB:D8:F3:32:19,-43,0,203,203,0,0,203,203,0
529659564,NODE_F42DC973E618,blackhole,2,B0:CB:D8:F3:32:19,-43,0,204,204,0,0,204,204,0
529759567,NODE_F42DC973E618,blackhole,2,B0:CB:D8:F3:32:19,-43,0,204,204,0,0,204,204,0
529859559,NODE_F42DC973E618,blackhole,2,B0:CB:D8:F3:32:19,-43,0,204,204,0,0,204,204,0
529959576,NODE_F42DC973E618,blackhole,2,B0:CB:D8:F3:32:19,-43,0,204,204,0,0,204,204,0
530059567,NODE_F42DC973E618,blackhole,2,B0:CB:D8:F3:32:19,-43,0,204,204,0,0,204,204,0
530159571,NODE_F42DC973E618,blackhole,2,B0:CB:D8:F3:32:19,-43,0,204,204,0,0,204,204,0
530259564,NODE_F42DC973E618,blackhole,2,B0:CB:D8:F3:32:19,-43,0,204,204,0,0,204,204,0
530359567,NODE_F42DC973E618,blackhole,2,B0:CB:D8:F3:32:19,-43,0,204,204,0,0,204,204,0
530459563,NODE_F42DC973E618,blackhole,2,B0:CB:D8:F3:32:19,-43,0,204,204,0,0,204,204,0
530559556,NODE_F42DC973E618,blackhole,2,B0:CB:D8:F3:32:19,-43,0,204,204,0,0,204,204,0
530659563,NODE_F42DC973E618,blackhole,2,B0:CB:D8:F3:32:19,-43,0,205,205,0,0,205,205,0
530759567,NODE_F42DC973E618,blackhole,2,B0:CB:D8:F3:32:19,-43,0,205,205,0,0,205,205,0
530859560,NODE_F42DC973E618,blackhole,2,B0:CB:D8:F3:32:19,-43,0,205,205,0,0,205,205,0
530959571,NODE_F42DC973E618,blackhole,2,B0:CB:D8:F3:32:19,-43,0,205,205,0,0,205,205,0
531059571,NODE_F42DC973E618,blackhole,2,B0:CB:D8:F3:32:19,-43,0,205,205,0,0,205,205,0
531159556,NODE_F42DC973E618,blackhole,2,B0:CB:D8:F3:32:19,-43,0,205,205,0,0,205,205,0
531259559,NODE_F42DC973E618,blackhole,2,B0:CB:D8:F3:32:19,-43,0,205,205,0,0,205,205,0
531359563,NODE_F42DC973E618,blackhole,2,B0:CB:D8:F3:32:19,-43,0,205,205,0,0,205,205,0
531459568,NODE_F42DC973E618,blackhole,2,B0:CB:D8:F3:32:19,-43,0,205,205,0,0,205,205,0
531559555,NODE_F42DC973E618,blackhole,2,B0:CB:D8:F3:32:19,-43,0,205,205,0,0,205,205,0
531659563,NODE_F42DC973E618,blackhole,2,B0:CB:D8:F3:32:19,-43,0,206,206,0,0,206,206,0
531759568,NODE_F42DC973E618,blackhole,2,B0:CB:D8:F3:32:19,-38,0,206,206,0,0,206,206,0
531859559,NODE_F42DC973E618,blackhole,2,B0:CB:D8:F3:32:19,-38,0,206,206,0,0,206,206,0
531959571,NODE_F42DC973E618,blackhole,2,B0:CB:D8:F3:32:19,-38,0,206,206,0,0,206,206,0
532059568,NODE_F42DC973E618,blackhole,2,B0:CB:D8:F3:32:19,-38,0,206,206,0,0,206,206,0
532159555,NODE_F42DC973E618,blackhole,2,B0:CB:D8:F3:32:19,-38,0,206,206,0,0,206,206,0
532259567,NODE_F42DC973E618,blackhole,2,B0:CB:D8:F3:32:19,-38,0,206,206,0,0,206,206,0
532359564,NODE_F42DC973E618,blackhole,2,B0:CB:D8:F3:32:19,-38,0,206,206,0,0,206,206,0
532459563,NODE_F42DC973E618,blackhole,2,B0:CB:D8:F3:32:19,-38,0,206,206,0,0,206,206,0
532559555,NODE_F42DC973E618,blackhole,2,B0:CB:D8:F3:32:19,-38,0,206,206,0,0,206,206,0
532659576,NODE_F42DC973E618,blackhole,2,B0:CB:D8:F3:32:19,-38,0,207,207,0,0,207,207,0
532759567,NODE_F42DC973E618,blackhole,2,B0:CB:D8:F3:32:19,-39,0,207,207,0,0,207,207,0
532859559,NODE_F42DC973E618,blackhole,2,B0:CB:D8:F3:32:19,-39,0,207,207,0,0,207,207,0
532959572,NODE_F42DC973E618,blackhole,2,B0:CB:D8:F3:32:19,-39,0,207,207,0,0,207,207,0
533059567,NODE_F42DC973E618,blackhole,2,B0:CB:D8:F3:32:19,-39,0,207,207,0,0,207,207,0
533159571,NODE_F42DC973E618,blackhole,2,B0:CB:D8:F3:32:19,-39,0,207,207,0,0,207,207,0
533259564,NODE_F42DC973E618,blackhole,2,B0:CB:D8:F3:32:19,-39,0,207,207,0,0,207,207,0
533359567,NODE_F42DC973E618,blackhole,2,B0:CB:D8:F3:32:19,-39,0,207,207,0,0,207,207,0
533459563,NODE_F42DC973E618,blackhole,2,B0:CB:D8:F3:32:19,-39,0,207,207,0,0,207,207,0
533559556,NODE_F42DC973E618,blackhole,2,B0:CB:D8:F3:32:19,-39,0,207,207,0,0,207,207,0
533659563,NODE_F42DC973E618,blackhole,2,B0:CB:D8:F3:32:19,-39,0,208,208,0,0,208,208,0
533759563,NODE_F42DC973E618,blackhole,2,B0:CB:D8:F3:32:19,-39,0,208,208,0,0,208,208,0
533859564,NODE_F42DC973E618,blackhole,2,B0:CB:D8:F3:32:19,-42,0,208,208,0,0,208,208,0
533959571,NODE_F42DC973E618,blackhole,2,B0:CB:D8:F3:32:19,-42,0,208,208,0,0,208,208,0
534059571,NODE_F42DC973E618,blackhole,2,B0:CB:D8:F3:32:19,-42,0,208,208,0,0,208,208,0
534159568,NODE_F42DC973E618,blackhole,2,B0:CB:D8:F3:32:19,-42,0,208,208,0,0,208,208,0
534259559,NODE_F42DC973E618,blackhole,2,B0:CB:D8:F3:32:19,-42,0,208,208,0,0,208,208,0
534359559,NODE_F42DC973E618,blackhole,2,B0:CB:D8:F3:32:19,-42,0,208,208,0,0,208,208,0
534459568,NODE_F42DC973E618,blackhole,2,B0:CB:D8:F3:32:19,-42,0,208,208,0,0,208,208,0
534559555,NODE_F42DC973E618,blackhole,2,B0:CB:D8:F3:32:19,-42,0,208,208,0,0,208,208,0
534659563,NODE_F42DC973E618,blackhole,2,B0:CB:D8:F3:32:19,-42,0,209,209,0,0,209,209,0
534759564,NODE_F42DC973E618,blackhole,2,B0:CB:D8:F3:32:19,-42,0,209,209,0,0,209,209,0
534859563,NODE_F42DC973E618,blackhole,2,B0:CB:D8:F3:32:19,-39,0,209,209,0,0,209,209,0
534959571,NODE_F42DC973E618,blackhole,2,B0:CB:D8:F3:32:19,-39,0,209,209,0,0,209,209,0
535059568,NODE_F42DC973E618,blackhole,2,B0:CB:D8:F3:32:19,-39,0,209,209,0,0,209,209,0
535159567,NODE_F42DC973E618,blackhole,2,B0:CB:D8:F3:32:19,-39,0,209,209,0,0,209,209,0
535259567,NODE_F42DC973E618,blackhole,2,B0:CB:D8:F3:32:19,-39,0,209,209,0,0,209,209,0
535359564,NODE_F42DC973E618,blackhole,2,B0:CB:D8:F3:32:19,-39,0,209,209,0,0,209,209,0
535459567,NODE_F42DC973E618,blackhole,2,B0:CB:D8:F3:32:19,-39,0,209,209,0,0,209,209,0
535559555,NODE_F42DC973E618,blackhole,2,B0:CB:D8:F3:32:19,-39,0,209,209,0,0,209,209,0
535659564,NODE_F42DC973E618,blackhole,2,B0:CB:D8:F3:32:19,-39,0,210,210,0,0,210,210,0
535759571,NODE_F42DC973E618,blackhole,2,B0:CB:D8:F3:32:19,-39,0,210,210,0,0,210,210,0
535859563,NODE_F42DC973E618,blackhole,2,B0:CB:D8:F3:32:19,-42,0,210,210,0,0,210,210,0
535959576,NODE_F42DC973E618,blackhole,2,B0:CB:D8:F3:32:19,-42,0,210,210,0,0,210,210,0
536059567,NODE_F42DC973E618,blackhole,2,B0:CB:D8:F3:32:19,-42,0,210,210,0,0,210,210,0
536159575,NODE_F42DC973E618,blackhole,2,B0:CB:D8:F3:32:19,-42,0,210,210,0,0,210,210,0
536259560,NODE_F42DC973E618,blackhole,2,B0:CB:D8:F3:32:19,-42,0,210,210,0,0,210,210,0
536359563,NODE_F42DC973E618,blackhole,2,B0:CB:D8:F3:32:19,-42,0,210,210,0,0,210,210,0
536459567,NODE_F42DC973E618,blackhole,2,B0:CB:D8:F3:32:19,-42,0,210,210,0,0,210,210,0
536559556,NODE_F42DC973E618,blackhole,2,B0:CB:D8:F3:32:19,-42,0,210,210,0,0,210,210,0
536659563,NODE_F42DC973E618,blackhole,2,B0:CB:D8:F3:32:19,-42,0,211,211,0,0,211,211,0
536759563,NODE_F42DC973E618,blackhole,2,B0:CB:D8:F3:32:19,-42,0,211,211,0,0,211,211,0
536859564,NODE_F42DC973E618,blackhole,2,B0:CB:D8:F3:32:19,-43,0,211,211,0,0,211,211,0
536959571,NODE_F42DC973E618,blackhole,2,B0:CB:D8:F3:32:19,-43,0,211,211,0,0,211,211,0
537059571,NODE_F42DC973E618,blackhole,2,B0:CB:D8:F3:32:19,-43,0,211,211,0,0,211,211,0
537159568,NODE_F42DC973E618,blackhole,2,B0:CB:D8:F3:32:19,-43,0,211,211,0,0,211,211,0
537259559,NODE_F42DC973E618,blackhole,2,B0:CB:D8:F3:32:19,-43,0,211,211,0,0,211,211,0
537359559,NODE_F42DC973E618,blackhole,2,B0:CB:D8:F3:32:19,-43,0,211,211,0,0,211,211,0
537459568,NODE_F42DC973E618,blackhole,2,B0:CB:D8:F3:32:19,-43,0,211,211,0,0,211,211,0
537559555,NODE_F42DC973E618,blackhole,2,B0:CB:D8:F3:32:19,-43,0,211,211,0,0,211,211,0
537659563,NODE_F42DC973E618,blackhole,2,B0:CB:D8:F3:32:19,-43,0,212,212,0,0,212,212,0
537759560,NODE_F42DC973E618,blackhole,2,B0:CB:D8:F3:32:19,-43,0,212,212,0,0,212,212,0
537859555,NODE_F42DC973E618,blackhole,2,B0:CB:D8:F3:32:19,-43,0,212,212,0,0,212,212,0
537959571,NODE_F42DC973E618,blackhole,2,B0:CB:D8:F3:32:19,-37,0,212,212,0,0,212,212,0
538059568,NODE_F42DC973E618,blackhole,2,B0:CB:D8:F3:32:19,-37,0,212,212,0,0,212,212,0
538159559,NODE_F42DC973E618,blackhole,2,B0:CB:D8:F3:32:19,-37,0,212,212,0,0,212,212,0
538259567,NODE_F42DC973E618,blackhole,2,B0:CB:D8:F3:32:19,-37,0,212,212,0,0,212,212,0
538359564,NODE_F42DC973E618,blackhole,2,B0:CB:D8:F3:32:19,-37,0,212,212,0,0,212,212,0
538459563,NODE_F42DC973E618,blackhole,2,B0:CB:D8:F3:32:19,-37,0,212,212,0,0,212,212,0
538559559,NODE_F42DC973E618,blackhole,2,B0:CB:D8:F3:32:19,-37,0,212,212,0,0,212,212,0
538659564,NODE_F42DC973E618,blackhole,2,B0:CB:D8:F3:32:19,-37,0,213,213,0,0,213,213,0
538759571,NODE_F42DC973E618,blackhole,2,B0:CB:D8:F3:32:19,-37,0,213,213,0,0,213,213,0
538859555,NODE_F42DC973E618,blackhole,2,B0:CB:D8:F3:32:19,-37,0,213,213,0,0,213,213,0
538959568,NODE_F42DC973E618,blackhole,2,B0:CB:D8:F3:32:19,-38,0,213,213,0,0,213,213,0
539059567,NODE_F42DC973E618,blackhole,2,B0:CB:D8:F3:32:19,-38,0,213,213,0,0,213,213,0
539159575,NODE_F42DC973E618,blackhole,2,B0:CB:D8:F3:32:19,-38,0,213,213,0,0,213,213,0
539259564,NODE_F42DC973E618,blackhole,2,B0:CB:D8:F3:32:19,-38,0,213,213,0,0,213,213,0
539359563,NODE_F42DC973E618,blackhole,2,B0:CB:D8:F3:32:19,-38,0,213,213,0,0,213,213,0
539459563,NODE_F42DC973E618,blackhole,2,B0:CB:D8:F3:32:19,-38,0,213,213,0,0,213,213,0
539559560,NODE_F42DC973E618,blackhole,2,B0:CB:D8:F3:32:19,-38,0,213,213,0,0,213,213,0
539659563,NODE_F42DC973E618,blackhole,2,B0:CB:D8:F3:32:19,-38,0,214,214,0,0,214,214,0
539759563,NODE_F42DC973E618,blackhole,2,B0:CB:D8:F3:32:19,-38,0,214,214,0,0,214,214,0
539859556,NODE_F42DC973E618,blackhole,2,B0:CB:D8:F3:32:19,-38,0,214,214,0,0,214,214,0
539959571,NODE_F42DC973E618,blackhole,2,B0:CB:D8:F3:32:19,-39,0,214,214,0,0,214,214,0
540059571,NODE_F42DC973E618,blackhole,2,B0:CB:D8:F3:32:19,-39,0,214,214,0,0,214,214,0
540159560,NODE_F42DC973E618,blackhole,2,B0:CB:D8:F3:32:19,-39,0,214,214,0,0,214,214,0
540259567,NODE_F42DC973E618,blackhole,2,B0:CB:D8:F3:32:19,-39,0,214,214,0,0,214,214,0
540359559,NODE_F42DC973E618,blackhole,2,B0:CB:D8:F3:32:19,-39,0,214,214,0,0,214,214,0
540459560,NODE_F42DC973E618,blackhole,2,B0:CB:D8:F3:32:19,-39,0,214,214,0,0,214,214,0
540559559,NODE_F42DC973E618,blackhole,2,B0:CB:D8:F3:32:19,-39,0,214,214,0,0,214,214,0
540659563,NODE_F42DC973E618,blackhole,2,B0:CB:D8:F3:32:19,-39,0,215,215,0,0,215,215,0
540759564,NODE_F42DC973E618,blackhole,2,B0:CB:D8:F3:32:19,-39,0,215,215,0,0,215,215,0
540859555,NODE_F42DC973E618,blackhole,2,B0:CB:D8:F3:32:19,-39,0,215,215,0,0,215,215,0
540959571,NODE_F42DC973E618,blackhole,2,B0:CB:D8:F3:32:19,-39,0,215,215,0,0,215,215,0
541059568,NODE_F42DC973E618,blackhole,2,B0:CB:D8:F3:32:19,-39,0,215,215,0,0,215,215,0
541159563,NODE_F42DC973E618,blackhole,2,B0:CB:D8:F3:32:19,-39,0,215,215,0,0,215,215,0
541259571,NODE_F42DC973E618,blackhole,2,B0:CB:D8:F3:32:19,-39,0,215,215,0,0,215,215,0
541359560,NODE_F42DC973E618,blackhole,2,B0:CB:D8:F3:32:19,-39,0,215,215,0,0,215,215,0
541459567,NODE_F42DC973E618,blackhole,2,B0:CB:D8:F3:32:19,-39,0,215,215,0,0,215,215,0
541559559,NODE_F42DC973E618,blackhole,2,B0:CB:D8:F3:32:19,-39,0,215,215,0,0,215,215,0
541659564,NODE_F42DC973E618,blackhole,2,B0:CB:D8:F3:32:19,-39,0,216,216,0,0,216,216,0
541759571,NODE_F42DC973E618,blackhole,2,B0:CB:D8:F3:32:19,-39,0,216,216,0,0,216,216,0
541859555,NODE_F42DC973E618,blackhole,2,B0:CB:D8:F3:32:19,-39,0,216,216,0,0,216,216,0
541959564,NODE_F42DC973E618,blackhole,2,B0:CB:D8:F3:32:19,-39,0,216,216,0,0,216,216,0
542059563,NODE_F42DC973E618,blackhole,2,B0:CB:D8:F3:32:19,-42,0,216,216,0,0,216,216,0
542159575,NODE_F42DC973E618,blackhole,2,B0:CB:D8:F3:32:19,-42,0,216,216,0,0,216,216,0
542259568,NODE_F42DC973E618,blackhole,2,B0:CB:D8:F3:32:19,-42,0,216,216,0,0,216,216,0
542359563,NODE_F42DC973E618,blackhole,2,B0:CB:D8:F3:32:19,-42,0,216,216,0,0,216,216,0
542459563,NODE_F42DC973E618,blackhole,2,B0:CB:D8:F3:32:19,-42,0,216,216,0,0,216,216,0
542559556,NODE_F42DC973E618,blackhole,2,B0:CB:D8:F3:32:19,-42,0,216,216,0,0,216,216,0
542659563,NODE_F42DC973E618,blackhole,2,B0:CB:D8:F3:32:19,-42,0,217,217,0,0,217,217,0
542759559,NODE_F42DC973E618,blackhole,2,B0:CB:D8:F3:32:19,-42,0,217,217,0,0,217,217,0
542859556,NODE_F42DC973E618,blackhole,2,B0:CB:D8:F3:32:19,-42,0,217,217,0,0,217,217,0
542959575,NODE_F42DC973E618,blackhole,2,B0:CB:D8:F3:32:19,-42,0,217,217,0,0,217,217,0
543059567,NODE_F42DC973E618,blackhole,2,B0:CB:D8:F3:32:19,-43,0,217,217,0,0,217,217,0
543159560,NODE_F42DC973E618,blackhole,2,B0:CB:D8:F3:32:19,-43,0,217,217,0,0,217,217,0
543259567,NODE_F42DC973E618,blackhole,2,B0:CB:D8:F3:32:19,-43,0,217,217,0,0,217,217,0
543359567,NODE_F42DC973E618,blackhole,2,B0:CB:D8:F3:32:19,-43,0,217,217,0,0,217,217,0
543459560,NODE_F42DC973E618,blackhole,2,B0:CB:D8:F3:32:19,-43,0,217,217,0,0,217,217,0
543559555,NODE_F42DC973E618,blackhole,2,B0:CB:D8:F3:32:19,-43,0,217,217,0,0,217,217,0
543659563,NODE_F42DC973E618,blackhole,2,B0:CB:D8:F3:32:19,-43,0,218,218,0,0,218,218,0
543759564,NODE_F42DC973E618,blackhole,2,B0:CB:D8:F3:32:19,-43,0,218,218,0,0,218,218,0
543859555,NODE_F42DC973E618,blackhole,2,B0:CB:D8:F3:32:19,-43,0,218,218,0,0,218,218,0
543959567,NODE_F42DC973E618,blackhole,2,B0:CB:D8:F3:32:19,-43,0,218,218,0,0,218,218,0
544059568,NODE_F42DC973E618,blackhole,2,B0:CB:D8:F3:32:19,-39,0,218,218,0,0,218,218,0
544159559,NODE_F42DC973E618,blackhole,2,B0:CB:D8:F3:32:19,-39,0,218,218,0,0,218,218,0
544259571,NODE_F42DC973E618,blackhole,2,B0:CB:D8:F3:32:19,-39,0,218,218,0,0,218,218,0
544359568,NODE_F42DC973E618,blackhole,2,B0:CB:D8:F3:32:19,-39,0,218,218,0,0,218,218,0
544459559,NODE_F42DC973E618,blackhole,2,B0:CB:D8:F3:32:19,-39,0,218,218,0,0,218,218,0
544559555,NODE_F42DC973E618,blackhole,2,B0:CB:D8:F3:32:19,-39,0,218,218,0,0,218,218,0
544659564,NODE_F42DC973E618,blackhole,2,B0:CB:D8:F3:32:19,-39,0,219,219,0,0,219,219,0
544759571,NODE_F42DC973E618,blackhole,2,B0:CB:D8:F3:32:19,-39,0,219,219,0,0,219,219,0
544859555,NODE_F42DC973E618,blackhole,2,B0:CB:D8:F3:32:19,-39,0,219,219,0,0,219,219,0
544959564,NODE_F42DC973E618,blackhole,2,B0:CB:D8:F3:32:19,-39,0,219,219,0,0,219,219,0
545059567,NODE_F42DC973E618,blackhole,2,B0:CB:D8:F3:32:19,-42,0,219,219,0,0,219,219,0
545159575,NODE_F42DC973E618,blackhole,2,B0:CB:D8:F3:32:19,-42,0,219,219,0,0,219,219,0
545259568,NODE_F42DC973E618,blackhole,2,B0:CB:D8:F3:32:19,-42,0,219,219,0,0,219,219,0
545359567,NODE_F42DC973E618,blackhole,2,B0:CB:D8:F3:32:19,-42,0,219,219,0,0,219,219,0
545459559,NODE_F42DC973E618,blackhole,2,B0:CB:D8:F3:32:19,-42,0,219,219,0,0,219,219,0
545559556,NODE_F42DC973E618,blackhole,2,B0:CB:D8:F3:32:19,-42,0,219,219,0,0,219,219,0
545659563,NODE_F42DC973E618,blackhole,2,B0:CB:D8:F3:32:19,-42,0,220,220,0,0,220,220,0
545759563,NODE_F42DC973E618,blackhole,2,B0:CB:D8:F3:32:19,-42,0,220,220,0,0,220,220,0
545859564,NODE_F42DC973E618,blackhole,2,B0:CB:D8:F3:32:19,-42,0,220,220,0,0,220,220,0
545959567,NODE_F42DC973E618,blackhole,2,B0:CB:D8:F3:32:19,-42,0,220,220,0,0,220,220,0
546059563,NODE_F42DC973E618,blackhole,2,B0:CB:D8:F3:32:19,-42,0,220,220,0,0,220,220,0
546159564,NODE_F42DC973E618,blackhole,2,B0:CB:D8:F3:32:19,-38,0,220,220,0,0,220,220,0
546259567,NODE_F42DC973E618,blackhole,2,B0:CB:D8:F3:32:19,-38,0,220,220,0,0,220,220,0
546359567,NODE_F42DC973E618,blackhole,2,B0:CB:D8:F3:32:19,-38,0,220,220,0,0,220,220,0
546459564,NODE_F42DC973E618,blackhole,2,B0:CB:D8:F3:32:19,-38,0,220,220,0,0,220,220,0
546559555,NODE_F42DC973E618,blackhole,2,B0:CB:D8:F3:32:19,-38,0,220,220,0,0,220,220,0
546659563,NODE_F42DC973E618,blackhole,2,B0:CB:D8:F3:32:19,-38,0,221,221,0,0,221,221,0
546759564,NODE_F42DC973E618,blackhole,2,B0:CB:D8:F3:32:19,-38,0,221,221,0,0,221,221,0
546859555,NODE_F42DC973E618,blackhole,2,B0:CB:D8:F3:32:19,-38,0,221,221,0,0,221,221,0
546959567,NODE_F42DC973E618,blackhole,2,B0:CB:D8:F3:32:19,-38,0,221,221,0,0,221,221,0
547059564,NODE_F42DC973E618,blackhole,2,B0:CB:D8:F3:32:19,-38,0,221,221,0,0,221,221,0
547159563,NODE_F42DC973E618,blackhole,2,B0:CB:D8:F3:32:19,-39,0,221,221,0,0,221,221,0
547259571,NODE_F42DC973E618,blackhole,2,B0:CB:D8:F3:32:19,-39,0,221,221,0,0,221,221,0
547359568,NODE_F42DC973E618,blackhole,2,B0:CB:D8:F3:32:19,-39,0,221,221,0,0,221,221,0
547459567,NODE_F42DC973E618,blackhole,2,B0:CB:D8:F3:32:19,-39,0,221,221,0,0,221,221,0
547559555,NODE_F42DC973E618,blackhole,2,B0:CB:D8:F3:32:19,-39,0,221,221,0,0,221,221,0
547659564,NODE_F42DC973E618,blackhole,2,B0:CB:D8:F3:32:19,-39,0,222,222,0,0,222,222,0
547759571,NODE_F42DC973E618,blackhole,2,B0:CB:D8:F3:32:19,-39,0,222,222,0,0,222,222,0
547859555,NODE_F42DC973E618,blackhole,2,B0:CB:D8:F3:32:19,-39,0,222,222,0,0,222,222,0
547959564,NODE_F42DC973E618,blackhole,2,B0:CB:D8:F3:32:19,-39,0,222,222,0,0,222,222,0
548059563,NODE_F42DC973E618,blackhole,2,B0:CB:D8:F3:32:19,-39,0,222,222,0,0,222,222,0
548159575,NODE_F42DC973E618,blackhole,2,B0:CB:D8:F3:32:19,-43,0,222,222,0,0,222,222,0
548259568,NODE_F42DC973E618,blackhole,2,B0:CB:D8:F3:32:19,-43,0,222,222,0,0,222,222,0
548359567,NODE_F42DC973E618,blackhole,2,B0:CB:D8:F3:32:19,-43,0,222,222,0,0,222,222,0
548459567,NODE_F42DC973E618,blackhole,2,B0:CB:D8:F3:32:19,-43,0,222,222,0,0,222,222,0
548559556,NODE_F42DC973E618,blackhole,2,B0:CB:D8:F3:32:19,-43,0,222,222,0,0,222,222,0
548659563,NODE_F42DC973E618,blackhole,2,B0:CB:D8:F3:32:19,-43,0,223,223,0,0,223,223,0
548759567,NODE_F42DC973E618,blackhole,2,B0:CB:D8:F3:32:19,-43,0,223,223,0,0,223,223,0
548859556,NODE_F42DC973E618,blackhole,2,B0:CB:D8:F3:32:19,-43,0,223,223,0,0,223,223,0
548959571,NODE_F42DC973E618,blackhole,2,B0:CB:D8:F3:32:19,-43,0,223,223,0,0,223,223,0
549059563,NODE_F42DC973E618,blackhole,2,B0:CB:D8:F3:32:19,-43,0,223,223,0,0,223,223,0
549159564,NODE_F42DC973E618,blackhole,2,B0:CB:D8:F3:32:19,-43,0,223,223,0,0,223,223,0
549259567,NODE_F42DC973E618,blackhole,2,B0:CB:D8:F3:32:19,-43,0,223,223,0,0,223,223,0
549359567,NODE_F42DC973E618,blackhole,2,B0:CB:D8:F3:32:19,-43,0,223,223,0,0,223,223,0
549459568,NODE_F42DC973E618,blackhole,2,B0:CB:D8:F3:32:19,-43,0,223,223,0,0,223,223,0
549559555,NODE_F42DC973E618,blackhole,2,B0:CB:D8:F3:32:19,-43,0,223,223,0,0,223,223,0
549659563,NODE_F42DC973E618,blackhole,2,B0:CB:D8:F3:32:19,-43,0,224,224,0,0,224,224,0
549759568,NODE_F42DC973E618,blackhole,2,B0:CB:D8:F3:32:19,-43,0,224,224,0,0,224,224,0
549859555,NODE_F42DC973E618,blackhole,2,B0:CB:D8:F3:32:19,-43,0,224,224,0,0,224,224,0
549959575,NODE_F42DC973E618,blackhole,2,B0:CB:D8:F3:32:19,-43,0,224,224,0,0,224,224,0
550059564,NODE_F42DC973E618,blackhole,2,B0:CB:D8:F3:32:19,-43,0,224,224,0,0,224,224,0
550159563,NODE_F42DC973E618,blackhole,2,B0:CB:D8:F3:32:19,-42,0,224,224,0,0,224,224,0
550259563,NODE_F42DC973E618,blackhole,2,B0:CB:D8:F3:32:19,-42,0,224,224,0,0,224,224,0
550359568,NODE_F42DC973E618,blackhole,2,B0:CB:D8:F3:32:19,-42,0,224,224,0,0,224,224,0
550459563,NODE_F42DC973E618,blackhole,2,B0:CB:D8:F3:32:19,-42,0,224,224,0,0,224,224,0
550559567,NODE_F42DC973E618,blackhole,2,B0:CB:D8:F3:32:19,-42,0,224,224,0,0,224,224,0
550659564,NODE_F42DC973E618,blackhole,2,B0:CB:D8:F3:32:19,-42,0,225,225,0,0,225,225,0
550759571,NODE_F42DC973E618,blackhole,2,B0:CB:D8:F3:32:19,-42,0,225,225,0,0,225,225,0
550859559,NODE_F42DC973E618,blackhole,2,B0:CB:D8:F3:32:19,-42,0,225,225,0,0,225,225,0
550959564,NODE_F42DC973E618,blackhole,2,B0:CB:D8:F3:32:19,-42,0,225,225,0,0,225,225,0
551059563,NODE_F42DC973E618,blackhole,2,B0:CB:D8:F3:32:19,-42,0,225,225,0,0,225,225,0
551159571,NODE_F42DC973E618,blackhole,2,B0:CB:D8:F3:32:19,-42,0,225,225,0,0,225,225,0
551259568,NODE_F42DC973E618,blackhole,2,B0:CB:D8:F3:32:19,-39,0,225,225,0,0,225,225,0
551359567,NODE_F42DC973E618,blackhole,2,B0:CB:D8:F3:32:19,-39,0,225,225,0,0,225,225,0
551459575,NODE_F42DC973E618,blackhole,2,B0:CB:D8:F3:32:19,-39,0,225,225,0,0,225,225,0
551559564,NODE_F42DC973E618,blackhole,2,B0:CB:D8:F3:32:19,-39,0,225,225,0,0,225,225,0
551659563,NODE_F42DC973E618,blackhole,2,B0:CB:D8:F3:32:19,-39,0,226,226,0,0,226,226,0
551759563,NODE_F42DC973E618,blackhole,2,B0:CB:D8:F3:32:19,-39,0,226,226,0,0,226,226,0
551859560,NODE_F42DC973E618,blackhole,2,B0:CB:D8:F3:32:19,-39,0,226,226,0,0,226,226,0
551959571,NODE_F42DC973E618,blackhole,2,B0:CB:D8:F3:32:19,-39,0,226,226,0,0,226,226,0
552059563,NODE_F42DC973E618,blackhole,2,B0:CB:D8:F3:32:19,-39,0,226,226,0,0,226,226,0
552159556,NODE_F42DC973E618,blackhole,2,B0:CB:D8:F3:32:19,-39,0,226,226,0,0,226,226,0
552259567,NODE_F42DC973E618,blackhole,2,B0:CB:D8:F3:32:19,-43,0,226,226,0,0,226,226,0
552359563,NODE_F42DC973E618,blackhole,2,B0:CB:D8:F3:32:19,-43,0,226,226,0,0,226,226,0
552459564,NODE_F42DC973E618,blackhole,2,B0:CB:D8:F3:32:19,-43,0,226,226,0,0,226,226,0
552559567,NODE_F42DC973E618,blackhole,2,B0:CB:D8:F3:32:19,-43,0,226,226,0,0,226,226,0
552659563,NODE_F42DC973E618,blackhole,2,B0:CB:D8:F3:32:19,-43,0,227,227,0,0,227,227,0
552759560,NODE_F42DC973E618,blackhole,2,B0:CB:D8:F3:32:19,-43,0,227,227,0,0,227,227,0
552859559,NODE_F42DC973E618,blackhole,2,B0:CB:D8:F3:32:19,-43,0,227,227,0,0,227,227,0
552959567,NODE_F42DC973E618,blackhole,2,B0:CB:D8:F3:32:19,-43,0,227,227,0,0,227,227,0
553059568,NODE_F42DC973E618,blackhole,2,B0:CB:D8:F3:32:19,-43,0,227,227,0,0,227,227,0
553159555,NODE_F42DC973E618,blackhole,2,B0:CB:D8:F3:32:19,-43,0,227,227,0,0,227,227,0
553259567,NODE_F42DC973E618,blackhole,2,B0:CB:D8:F3:32:19,-37,0,227,227,0,0,227,227,0
553359568,NODE_F42DC973E618,blackhole,2,B0:CB:D8:F3:32:19,-37,0,227,227,0,0,227,227,0
553459567,NODE_F42DC973E618,blackhole,2,B0:CB:D8:F3:32:19,-37,0,227,227,0,0,227,227,0
553559567,NODE_F42DC973E618,blackhole,2,B0:CB:D8:F3:32:19,-37,0,227,227,0,0,227,227,0
553659564,NODE_F42DC973E618,blackhole,2,B0:CB:D8:F3:32:19,-37,0,228,228,0,0,228,228,0
553759571,NODE_F42DC973E618,blackhole,2,B0:CB:D8:F3:32:19,-37,0,228,228,0,0,228,228,0
553859559,NODE_F42DC973E618,blackhole,2,B0:CB:D8:F3:32:19,-37,0,228,228,0,0,228,228,0
553959564,NODE_F42DC973E618,blackhole,2,B0:CB:D8:F3:32:19,-37,0,228,228,0,0,228,228,0
554059563,NODE_F42DC973E618,blackhole,2,B0:CB:D8:F3:32:19,-37,0,228,228,0,0,228,228,0
554159571,NODE_F42DC973E618,blackhole,2,B0:CB:D8:F3:32:19,-37,0,228,228,0,0,228,228,0
554259568,NODE_F42DC973E618,blackhole,2,B0:CB:D8:F3:32:19,-42,0,228,228,0,0,228,228,0
554359563,NODE_F42DC973E618,blackhole,2,B0:CB:D8:F3:32:19,-42,0,228,228,0,0,228,228,0
554459567,NODE_F42DC973E618,blackhole,2,B0:CB:D8:F3:32:19,-42,0,228,228,0,0,228,228,0
554559568,NODE_F42DC973E618,blackhole,2,B0:CB:D8:F3:32:19,-42,0,228,228,0,0,228,228,0
554659563,NODE_F42DC973E618,blackhole,2,B0:CB:D8:F3:32:19,-42,0,229,229,0,0,229,229,0
554759563,NODE_F42DC973E618,blackhole,2,B0:CB:D8:F3:32:19,-42,0,229,229,0,0,229,229,0
554859556,NODE_F42DC973E618,blackhole,2,B0:CB:D8:F3:32:19,-42,0,229,229,0,0,229,229,0
554959571,NODE_F42DC973E618,blackhole,2,B0:CB:D8:F3:32:19,-42,0,229,229,0,0,229,229,0
555059563,NODE_F42DC973E618,blackhole,2,B0:CB:D8:F3:32:19,-42,0,229,229,0,0,229,229,0
555159556,NODE_F42DC973E618,blackhole,2,B0:CB:D8:F3:32:19,-42,0,229,229,0,0,229,229,0
555259563,NODE_F42DC973E618,blackhole,2,B0:CB:D8:F3:32:19,-42,0,229,229,0,0,229,229,0
555359567,NODE_F42DC973E618,blackhole,2,B0:CB:D8:F3:32:19,-38,0,229,229,0,0,229,229,0
555459568,NODE_F42DC973E618,blackhole,2,B0:CB:D8:F3:32:19,-38,0,229,229,0,0,229,229,0
555559559,NODE_F42DC973E618,blackhole,2,B0:CB:D8:F3:32:19,-38,0,229,229,0,0,229,229,0
555659563,NODE_F42DC973E618,blackhole,2,B0:CB:D8:F3:32:19,-38,0,230,230,0,0,230,230,0
555759560,NODE_F42DC973E618,blackhole,2,B0:CB:D8:F3:32:19,-38,0,230,230,0,0,230,230,0
555859555,NODE_F42DC973E618,blackhole,2,B0:CB:D8:F3:32:19,-38,0,230,230,0,0,230,230,0
555959571,NODE_F42DC973E618,blackhole,2,B0:CB:D8:F3:32:19,-38,0,230,230,0,0,230,230,0
556059568,NODE_F42DC973E618,blackhole,2,B0:CB:D8:F3:32:19,-38,0,230,230,0,0,230,230,0
556159555,NODE_F42DC973E618,blackhole,2,B0:CB:D8:F3:32:19,-38,0,230,230,0,0,230,230,0
556259563,NODE_F42DC973E618,blackhole,2,B0:CB:D8:F3:32:19,-38,0,230,230,0,0,230,230,0
556359568,NODE_F42DC973E618,blackhole,2,B0:CB:D8:F3:32:19,-39,0,230,230,0,0,230,230,0
556459567,NODE_F42DC973E618,blackhole,2,B0:CB:D8:F3:32:19,-39,0,230,230,0,0,230,230,0
556559559,NODE_F42DC973E618,blackhole,2,B0:CB:D8:F3:32:19,-39,0,230,230,0,0,230,230,0
556659568,NODE_F42DC973E618,blackhole,2,B0:CB:D8:F3:32:19,-39,0,231,231,0,0,231,231,0
556759559,NODE_F42DC973E618,blackhole,2,B0:CB:D8:F3:32:19,-39,0,231,231,0,0,231,231,0
556859555,NODE_F42DC973E618,blackhole,2,B0:CB:D8:F3:32:19,-39,0,231,231,0,0,231,231,0
556959576,NODE_F42DC973E618,blackhole,2,B0:CB:D8:F3:32:19,-39,0,231,231,0,0,231,231,0
557059559,NODE_F42DC973E618,blackhole,2,B0:CB:D8:F3:32:19,-39,0,231,231,0,0,231,231,0
557159571,NODE_F42DC973E618,blackhole,2,B0:CB:D8:F3:32:19,-39,0,231,231,0,0,231,231,0
557259564,NODE_F42DC973E618,blackhole,2,B0:CB:D8:F3:32:19,-39,0,231,231,0,0,231,231,0
557359567,NODE_F42DC973E618,blackhole,2,B0:CB:D8:F3:32:19,-43,0,231,231,0,0,231,231,0
557459567,NODE_F42DC973E618,blackhole,2,B0:CB:D8:F3:32:19,-43,0,231,231,0,0,231,231,0
557559560,NODE_F42DC973E618,blackhole,2,B0:CB:D8:F3:32:19,-43,0,231,231,0,0,231,231,0
557659567,NODE_F42DC973E618,blackhole,2,B0:CB:D8:F3:32:19,-43,0,232,232,0,0,232,232,0
557759559,NODE_F42DC973E618,blackhole,2,B0:CB:D8:F3:32:19,-43,0,232,232,0,0,232,232,0
557859556,NODE_F42DC973E618,blackhole,2,B0:CB:D8:F3:32:19,-43,0,232,232,0,0,232,232,0
557959575,NODE_F42DC973E618,blackhole,2,B0:CB:D8:F3:32:19,-43,0,232,232,0,0,232,232,0
558059559,NODE_F42DC973E618,blackhole,2,B0:CB:D8:F3:32:19,-43,0,232,232,0,0,232,232,0
558159556,NODE_F42DC973E618,blackhole,2,B0:CB:D8:F3:32:19,-43,0,232,232,0,0,232,232,0
558259559,NODE_F42DC973E618,blackhole,2,B0:CB:D8:F3:32:19,-43,0,232,232,0,0,232,232,0
558359567,NODE_F42DC973E618,blackhole,2,B0:CB:D8:F3:32:19,-40,0,232,232,0,0,232,232,0
558459568,NODE_F42DC973E618,blackhole,2,B0:CB:D8:F3:32:19,-40,0,232,232,0,0,232,232,0
558559559,NODE_F42DC973E618,blackhole,2,B0:CB:D8:F3:32:19,-40,0,232,232,0,0,232,232,0
558659567,NODE_F42DC973E618,blackhole,2,B0:CB:D8:F3:32:19,-40,0,233,233,0,0,233,233,0
558759560,NODE_F42DC973E618,blackhole,2,B0:CB:D8:F3:32:19,-40,0,233,233,0,0,233,233,0
558859555,NODE_F42DC973E618,blackhole,2,B0:CB:D8:F3:32:19,-40,0,233,233,0,0,233,233,0
558959571,NODE_F42DC973E618,blackhole,2,B0:CB:D8:F3:32:19,-40,0,233,233,0,0,233,233,0
559059568,NODE_F42DC973E618,blackhole,2,B0:CB:D8:F3:32:19,-40,0,233,233,0,0,233,233,0
559159555,NODE_F42DC973E618,blackhole,2,B0:CB:D8:F3:32:19,-40,0,233,233,0,0,233,233,0
559259563,NODE_F42DC973E618,blackhole,2,B0:CB:D8:F3:32:19,-40,0,233,233,0,0,233,233,0
559359564,NODE_F42DC973E618,blackhole,2,B0:CB:D8:F3:32:19,-40,0,233,233,0,0,233,233,0
559459567,NODE_F42DC973E618,blackhole,2,B0:CB:D8:F3:32:19,-40,0,233,233,0,0,233,233,0
559559559,NODE_F42DC973E618,blackhole,2,B0:CB:D8:F3:32:19,-40,0,233,233,0,0,233,233,0
559659564,NODE_F42DC973E618,blackhole,2,B0:CB:D8:F3:32:19,-40,0,234,234,0,0,234,234,0
559759567,NODE_F42DC973E618,blackhole,2,B0:CB:D8:F3:32:19,-40,0,234,234,0,0,234,234,0
559859555,NODE_F42DC973E618,blackhole,2,B0:CB:D8:F3:32:19,-40,0,234,234,0,0,234,234,0
559959564,NODE_F42DC973E618,blackhole,2,B0:CB:D8:F3:32:19,-40,0,234,234,0,0,234,234,0
560059567,NODE_F42DC973E618,blackhole,2,B0:CB:D8:F3:32:19,-40,0,234,234,0,0,234,234,0
560159571,NODE_F42DC973E618,blackhole,2,B0:CB:D8:F3:32:19,-40,0,234,234,0,0,234,234,0
560259564,NODE_F42DC973E618,blackhole,2,B0:CB:D8:F3:32:19,-40,0,234,234,0,0,234,234,0
560359563,NODE_F42DC973E618,blackhole,2,B0:CB:D8:F3:32:19,-40,0,234,234,0,0,234,234,0
560459567,NODE_F42DC973E618,blackhole,2,B0:CB:D8:F3:32:19,-43,0,234,234,0,0,234,234,0
560559560,NODE_F42DC973E618,blackhole,2,B0:CB:D8:F3:32:19,-43,0,234,234,0,0,234,234,0
560659563,NODE_F42DC973E618,blackhole,2,B0:CB:D8:F3:32:19,-43,0,235,235,0,0,235,235,0
560759575,NODE_F42DC973E618,blackhole,2,B0:CB:D8:F3:32:19,-43,0,235,235,0,0,235,235,0
560859556,NODE_F42DC973E618,blackhole,2,B0:CB:D8:F3:32:19,-43,0,235,235,0,0,235,235,0
560959559,NODE_F42DC973E618,blackhole,2,B0:CB:D8:F3:32:19,-43,0,235,235,0,0,235,235,0
561059567,NODE_F42DC973E618,blackhole,2,B0:CB:D8:F3:32:19,-43,0,235,235,0,0,235,235,0
561159556,NODE_F42DC973E618,blackhole,2,B0:CB:D8:F3:32:19,-43,0,235,235,0,0,235,235,0
561259559,NODE_F42DC973E618,blackhole,2,B0:CB:D8:F3:32:19,-43,0,235,235,0,0,235,235,0
561359567,NODE_F42DC973E618,blackhole,2,B0:CB:D8:F3:32:19,-43,0,235,235,0,0,235,235,0
561459568,NODE_F42DC973E618,blackhole,2,B0:CB:D8:F3:32:19,-40,0,235,235,0,0,235,235,0
561559559,NODE_F42DC973E618,blackhole,2,B0:CB:D8:F3:32:19,-40,0,235,235,0,0,235,235,0
561659563,NODE_F42DC973E618,blackhole,2,B0:CB:D8:F3:32:19,-40,0,236,236,0,0,236,236,0
561759568,NODE_F42DC973E618,blackhole,2,B0:CB:D8:F3:32:19,-40,0,236,236,0,0,236,236,0
561859555,NODE_F42DC973E618,blackhole,2,B0:CB:D8:F3:32:19,-40,0,236,236,0,0,236,236,0
561959563,NODE_F42DC973E618,blackhole,2,B0:CB:D8:F3:32:19,-40,0,236,236,0,0,236,236,0
562059568,NODE_F42DC973E618,blackhole,2,B0:CB:D8:F3:32:19,-40,0,236,236,0,0,236,236,0
562159555,NODE_F42DC973E618,blackhole,2,B0:CB:D8:F3:32:19,-40,0,236,236,0,0,236,236,0
562259559,NODE_F42DC973E618,blackhole,2,B0:CB:D8:F3:32:19,-40,0,236,236,0,0,236,236,0
562359556,NODE_F42DC973E618,blackhole,2,B0:CB:D8:F3:32:19,-40,0,236,236,0,0,236,236,0
562459567,NODE_F42DC973E618,blackhole,2,B0:CB:D8:F3:32:19,-43,0,236,236,0,0,236,236,0
562559559,NODE_F42DC973E618,blackhole,2,B0:CB:D8:F3:32:19,-43,0,236,236,0,0,236,236,0
562659564,NODE_F42DC973E618,blackhole,2,B0:CB:D8:F3:32:19,-43,0,237,237,0,0,237,237,0
562759567,NODE_F42DC973E618,blackhole,2,B0:CB:D8:F3:32:19,-43,0,237,237,0,0,237,237,0
562859563,NODE_F42DC973E618,blackhole,2,B0:CB:D8:F3:32:19,-43,0,237,237,0,0,237,237,0
562959560,NODE_F42DC973E618,blackhole,2,B0:CB:D8:F3:32:19,-43,0,237,237,0,0,237,237,0
563059563,NODE_F42DC973E618,blackhole,2,B0:CB:D8:F3:32:19,-43,0,237,237,0,0,237,237,0
563159567,NODE_F42DC973E618,blackhole,2,B0:CB:D8:F3:32:19,-43,0,237,237,0,0,237,237,0
563259568,NODE_F42DC973E618,blackhole,2,B0:CB:D8:F3:32:19,-43,0,237,237,0,0,237,237,0
563359563,NODE_F42DC973E618,blackhole,2,B0:CB:D8:F3:32:19,-43,0,237,237,0,0,237,237,0
563459563,NODE_F42DC973E618,blackhole,2,B0:CB:D8:F3:32:19,-43,0,237,237,0,0,237,237,0
563559564,NODE_F42DC973E618,blackhole,2,B0:CB:D8:F3:32:19,-42,0,237,237,0,0,237,237,0
563659563,NODE_F42DC973E618,blackhole,2,B0:CB:D8:F3:32:19,-42,0,238,238,0,0,238,238,0
563759575,NODE_F42DC973E618,blackhole,2,B0:CB:D8:F3:32:19,-42,0,238,238,0,0,238,238,0
563859568,NODE_F42DC973E618,blackhole,2,B0:CB:D8:F3:32:19,-42,0,238,238,0,0,238,238,0
563959575,NODE_F42DC973E618,blackhole,2,B0:CB:D8:F3:32:19,-42,0,238,238,0,0,238,238,0
564059563,NODE_F42DC973E618,blackhole,2,B0:CB:D8:F3:32:19,-42,0,238,238,0,0,238,238,0
564159560,NODE_F42DC973E618,blackhole,2,B0:CB:D8:F3:32:19,-42,0,238,238,0,0,238,238,0
564259563,NODE_F42DC973E618,blackhole,2,B0:CB:D8:F3:32:19,-42,0,238,238,0,0,238,238,0
564359563,NODE_F42DC973E618,blackhole,2,B0:CB:D8:F3:32:19,-42,0,238,238,0,0,238,238,0
564459564,NODE_F42DC973E618,blackhole,2,B0:CB:D8:F3:32:19,-42,0,238,238,0,0,238,238,0
564559563,NODE_F42DC973E618,blackhole,2,B0:CB:D8:F3:32:19,-39,0,238,238,0,0,238,238,0
564659563,NODE_F42DC973E618,blackhole,2,B0:CB:D8:F3:32:19,-39,0,239,239,0,0,239,239,0
564759568,NODE_F42DC973E618,blackhole,2,B0:CB:D8:F3:32:19,-39,0,239,239,0,0,239,239,0
564859567,NODE_F42DC973E618,blackhole,2,B0:CB:D8:F3:32:19,-39,0,239,239,0,0,239,239,0
564959567,NODE_F42DC973E618,blackhole,2,B0:CB:D8:F3:32:19,-39,0,239,239,0,0,239,239,0
565059568,NODE_F42DC973E618,blackhole,2,B0:CB:D8:F3:32:19,-39,0,239,239,0,0,239,239,0
565159559,NODE_F42DC973E618,blackhole,2,B0:CB:D8:F3:32:19,-39,0,239,239,0,0,239,239,0
565259563,NODE_F42DC973E618,blackhole,2,B0:CB:D8:F3:32:19,-39,0,239,239,0,0,239,239,0
565359564,NODE_F42DC973E618,blackhole,2,B0:CB:D8:F3:32:19,-39,0,239,239,0,0,239,239,0
565459563,NODE_F42DC973E618,blackhole,2,B0:CB:D8:F3:32:19,-39,0,239,239,0,0,239,239,0
565559563,NODE_F42DC973E618,blackhole,2,B0:CB:D8:F3:32:19,-43,0,239,239,0,0,239,239,0
565659564,NODE_F42DC973E618,blackhole,2,B0:CB:D8:F3:32:19,-43,0,240,240,0,0,240,240,0
565759567,NODE_F42DC973E618,blackhole,2,B0:CB:D8:F3:32:19,-43,0,240,240,0,0,240,240,0
565859567,NODE_F42DC973E618,blackhole,2,B0:CB:D8:F3:32:19,-43,0,240,240,0,0,240,240,0
565959568,NODE_F42DC973E618,blackhole,2,B0:CB:D8:F3:32:19,-43,0,240,240,0,0,240,240,0
566059563,NODE_F42DC973E618,blackhole,2,B0:CB:D8:F3:32:19,-43,0,240,240,0,0,240,240,0
566159571,NODE_F42DC973E618,blackhole,2,B0:CB:D8:F3:32:19,-43,0,240,240,0,0,240,240,0
566259564,NODE_F42DC973E618,blackhole,2,B0:CB:D8:F3:32:19,-43,0,240,240,0,0,240,240,0
566359563,NODE_F42DC973E618,blackhole,2,B0:CB:D8:F3:32:19,-43,0,240,240,0,0,240,240,0
566459563,NODE_F42DC973E618,blackhole,2,B0:CB:D8:F3:32:19,-43,0,240,240,0,0,240,240,0
566559564,NODE_F42DC973E618,blackhole,2,B0:CB:D8:F3:32:19,-38,0,240,240,0,0,240,240,0
566659563,NODE_F42DC973E618,blackhole,2,B0:CB:D8:F3:32:19,-38,0,241,241,0,0,241,241,0
566759575,NODE_F42DC973E618,blackhole,2,B0:CB:D8:F3:32:19,-38,0,241,241,0,0,241,241,0
566859568,NODE_F42DC973E618,blackhole,2,B0:CB:D8:F3:32:19,-38,0,241,241,0,0,241,241,0
566959559,NODE_F42DC973E618,blackhole,2,B0:CB:D8:F3:32:19,-38,0,241,241,0,0,241,241,0
567059559,NODE_F42DC973E618,blackhole,2,B0:CB:D8:F3:32:19,-38,0,241,241,0,0,241,241,0
567159560,NODE_F42DC973E618,blackhole,2,B0:CB:D8:F3:32:19,-38,0,241,241,0,0,241,241,0
567259559,NODE_F42DC973E618,blackhole,2,B0:CB:D8:F3:32:19,-38,0,241,241,0,0,241,241,0
567359567,NODE_F42DC973E618,blackhole,2,B0:CB:D8:F3:32:19,-38,0,241,241,0,0,241,241,0
567459564,NODE_F42DC973E618,blackhole,2,B0:CB:D8:F3:32:19,-38,0,241,241,0,0,241,241,0
567559555,NODE_F42DC973E618,blackhole,2,B0:CB:D8:F3:32:19,-38,0,241,241,0,0,241,241,0
567659563,NODE_F42DC973E618,blackhole,2,B0:CB:D8:F3:32:19,-43,0,242,242,0,0,242,242,0
567759564,NODE_F42DC973E618,blackhole,2,B0:CB:D8:F3:32:19,-43,0,242,242,0,0,242,242,0
567859559,NODE_F42DC973E618,blackhole,2,B0:CB:D8:F3:32:19,-43,0,242,242,0,0,242,242,0
567959571,NODE_F42DC973E618,blackhole,2,B0:CB:D8:F3:32:19,-43,0,242,242,0,0,242,242,0
568059560,NODE_F42DC973E618,blackhole,2,B0:CB:D8:F3:32:19,-43,0,242,242,0,0,242,242,0
568159555,NODE_F42DC973E618,blackhole,2,B0:CB:D8:F3:32:19,-43,0,242,242,0,0,242,242,0
568259567,NODE_F42DC973E618,blackhole,2,B0:CB:D8:F3:32:19,-43,0,242,242,0,0,242,242,0
568359560,NODE_F42DC973E618,blackhole,2,B0:CB:D8:F3:32:19,-43,0,242,242,0,0,242,242,0
568459559,NODE_F42DC973E618,blackhole,2,B0:CB:D8:F3:32:19,-43,0,242,242,0,0,242,242,0
568559555,NODE_F42DC973E618,blackhole,2,B0:CB:D8:F3:32:19,-43,0,242,242,0,0,242,242,0
568659564,NODE_F42DC973E618,blackhole,2,B0:CB:D8:F3:32:19,-39,0,243,243,0,0,243,243,0
568759567,NODE_F42DC973E618,blackhole,2,B0:CB:D8:F3:32:19,-39,0,243,243,0,0,243,243,0
568859559,NODE_F42DC973E618,blackhole,2,B0:CB:D8:F3:32:19,-39,0,243,243,0,0,243,243,0
568959572,NODE_F42DC973E618,blackhole,2,B0:CB:D8:F3:32:19,-39,0,243,243,0,0,243,243,0
569059559,NODE_F42DC973E618,blackhole,2,B0:CB:D8:F3:32:19,-39,0,243,243,0,0,243,243,0
569159571,NODE_F42DC973E618,blackhole,2,B0:CB:D8:F3:32:19,-39,0,243,243,0,0,243,243,0
569259568,NODE_F42DC973E618,blackhole,2,B0:CB:D8:F3:32:19,-39,0,243,243,0,0,243,243,0
569359559,NODE_F42DC973E618,blackhole,2,B0:CB:D8:F3:32:19,-39,0,243,243,0,0,243,243,0
569459563,NODE_F42DC973E618,blackhole,2,B0:CB:D8:F3:32:19,-39,0,243,243,0,0,243,243,0
569559556,NODE_F42DC973E618,blackhole,2,B0:CB:D8:F3:32:19,-39,0,243,243,0,0,243,243,0
569659563,NODE_F42DC973E618,blackhole,2,B0:CB:D8:F3:32:19,-39,0,244,244,0,0,244,244,0
569759575,NODE_F42DC973E618,blackhole,2,B0:CB:D8:F3:32:19,-39,0,244,244,0,0,244,244,0
569859560,NODE_F42DC973E618,blackhole,2,B0:CB:D8:F3:32:19,-39,0,244,244,0,0,244,244,0
569959567,NODE_F42DC973E618,blackhole,2,B0:CB:D8:F3:32:19,-39,0,244,244,0,0,244,244,0
570059559,NODE_F42DC973E618,blackhole,2,B0:CB:D8:F3:32:19,-39,0,244,244,0,0,244,244,0
570159556,NODE_F42DC973E618,blackhole,2,B0:CB:D8:F3:32:19,-39,0,244,244,0,0,244,244,0
570259567,NODE_F42DC973E618,blackhole,2,B0:CB:D8:F3:32:19,-39,0,244,244,0,0,244,244,0
570359567,NODE_F42DC973E618,blackhole,2,B0:CB:D8:F3:32:19,-39,0,244,244,0,0,244,244,0
570459564,NODE_F42DC973E618,blackhole,2,B0:CB:D8:F3:32:19,-39,0,244,244,0,0,244,244,0
570559555,NODE_F42DC973E618,blackhole,2,B0:CB:D8:F3:32:19,-39,0,244,244,0,0,244,244,0
570659567,NODE_F42DC973E618,blackhole,2,B0:CB:D8:F3:32:19,-40,0,245,245,0,0,245,245,0
570759568,NODE_F42DC973E618,blackhole,2,B0:CB:D8:F3:32:19,-40,0,245,245,0,0,245,245,0
570859559,NODE_F42DC973E618,blackhole,2,B0:CB:D8:F3:32:19,-40,0,245,245,0,0,245,245,0
570959575,NODE_F42DC973E618,blackhole,2,B0:CB:D8:F3:32:19,-40,0,245,245,0,0,245,245,0
571059560,NODE_F42DC973E618,blackhole,2,B0:CB:D8:F3:32:19,-40,0,245,245,0,0,245,245,0
571159555,NODE_F42DC973E618,blackhole,2,B0:CB:D8:F3:32:19,-40,0,245,245,0,0,245,245,0
571259567,NODE_F42DC973E618,blackhole,2,B0:CB:D8:F3:32:19,-40,0,245,245,0,0,245,245,0
571359560,NODE_F42DC973E618,blackhole,2,B0:CB:D8:F3:32:19,-40,0,245,245,0,0,245,245,0
571459563,NODE_F42DC973E618,blackhole,2,B0:CB:D8:F3:32:19,-40,0,245,245,0,0,245,245,0
571559555,NODE_F42DC973E618,blackhole,2,B0:CB:D8:F3:32:19,-40,0,245,245,0,0,245,245,0
571659564,NODE_F42DC973E618,blackhole,2,B0:CB:D8:F3:32:19,-40,0,246,246,0,0,246,246,0
571759563,NODE_F42DC973E618,blackhole,2,B0:CB:D8:F3:32:19,-38,0,246,246,0,0,246,246,0
571859559,NODE_F42DC973E618,blackhole,2,B0:CB:D8:F3:32:19,-38,0,246,246,0,0,246,246,0
571959568,NODE_F42DC973E618,blackhole,2,B0:CB:D8:F3:32:19,-38,0,246,246,0,0,246,246,0
572059567,NODE_F42DC973E618,blackhole,2,B0:CB:D8:F3:32:19,-38,0,246,246,0,0,246,246,0
572159571,NODE_F42DC973E618,blackhole,2,B0:CB:D8:F3:32:19,-38,0,246,246,0,0,246,246,0
572259564,NODE_F42DC973E618,blackhole,2,B0:CB:D8:F3:32:19,-38,0,246,246,0,0,246,246,0
572359563,NODE_F42DC973E618,blackhole,2,B0:CB:D8:F3:32:19,-38,0,246,246,0,0,246,246,0
572459563,NODE_F42DC973E618,blackhole,2,B0:CB:D8:F3:32:19,-38,0,246,246,0,0,246,246,0
572559556,NODE_F42DC973E618,blackhole,2,B0:CB:D8:F3:32:19,-38,0,246,246,0,0,246,246,0
572659563,NODE_F42DC973E618,blackhole,2,B0:CB:D8:F3:32:19,-38,0,247,247,0,0,247,247,0
572759575,NODE_F42DC973E618,blackhole,2,B0:CB:D8:F3:32:19,-38,0,247,247,0,0,247,247,0
572859560,NODE_F42DC973E618,blackhole,2,B0:CB:D8:F3:32:19,-38,0,247,247,0,0,247,247,0
572959567,NODE_F42DC973E618,blackhole,2,B0:CB:D8:F3:32:19,-38,0,247,247,0,0,247,247,0
573059567,NODE_F42DC973E618,blackhole,2,B0:CB:D8:F3:32:19,-38,0,247,247,0,0,247,247,0
573159556,NODE_F42DC973E618,blackhole,2,B0:CB:D8:F3:32:19,-38,0,247,247,0,0,247,247,0
573259559,NODE_F42DC973E618,blackhole,2,B0:CB:D8:F3:32:19,-38,0,247,247,0,0,247,247,0
573359563,NODE_F42DC973E618,blackhole,2,B0:CB:D8:F3:32:19,-38,0,247,247,0,0,247,247,0
573459560,NODE_F42DC973E618,blackhole,2,B0:CB:D8:F3:32:19,-38,0,247,247,0,0,247,247,0
573559555,NODE_F42DC973E618,blackhole,2,B0:CB:D8:F3:32:19,-38,0,247,247,0,0,247,247,0
573659563,NODE_F42DC973E618,blackhole,2,B0:CB:D8:F3:32:19,-38,0,248,248,0,0,248,248,0
573759568,NODE_F42DC973E618,blackhole,2,B0:CB:D8:F3:32:19,-43,0,248,248,0,0,248,248,0
573859559,NODE_F42DC973E618,blackhole,2,B0:CB:D8:F3:32:19,-43,0,248,248,0,0,248,248,0
573959575,NODE_F42DC973E618,blackhole,2,B0:CB:D8:F3:32:19,-43,0,248,248,0,0,248,248,0
574059568,NODE_F42DC973E618,blackhole,2,B0:CB:D8:F3:32:19,-43,0,248,248,0,0,248,248,0
574159555,NODE_F42DC973E618,blackhole,2,B0:CB:D8:F3:32:19,-43,0,248,248,0,0,248,248,0
574259559,NODE_F42DC973E618,blackhole,2,B0:CB:D8:F3:32:19,-43,0,248,248,0,0,248,248,0
574359564,NODE_F42DC973E618,blackhole,2,B0:CB:D8:F3:32:19,-43,0,248,248,0,0,248,248,0
574459563,NODE_F42DC973E618,blackhole,2,B0:CB:D8:F3:32:19,-43,0,248,248,0,0,248,248,0
574559555,NODE_F42DC973E618,blackhole,2,B0:CB:D8:F3:32:19,-43,0,248,248,0,0,248,248,0
574659564,NODE_F42DC973E618,blackhole,2,B0:CB:D8:F3:32:19,-43,0,249,249,0,0,249,249,0
574759567,NODE_F42DC973E618,blackhole,2,B0:CB:D8:F3:32:19,-39,0,249,249,0,0,249,249,0
574859559,NODE_F42DC973E618,blackhole,2,B0:CB:D8:F3:32:19,-39,0,249,249,0,0,249,249,0
574959572,NODE_F42DC973E618,blackhole,2,B0:CB:D8:F3:32:19,-39,0,249,249,0,0,249,249,0
575059571,NODE_F42DC973E618,blackhole,2,B0:CB:D8:F3:32:19,-39,0,249,249,0,0,249,249,0
575159571,NODE_F42DC973E618,blackhole,2,B0:CB:D8:F3:32:19,-39,0,249,249,0,0,249,249,0
575259564,NODE_F42DC973E618,blackhole,2,B0:CB:D8:F3:32:19,-39,0,249,249,0,0,249,249,0
575359567,NODE_F42DC973E618,blackhole,2,B0:CB:D8:F3:32:19,-39,0,249,249,0,0,249,249,0
575459563,NODE_F42DC973E618,blackhole,2,B0:CB:D8:F3:32:19,-39,0,249,249,0,0,249,249,0
575559556,NODE_F42DC973E618,blackhole,2,B0:CB:D8:F3:32:19,-39,0,249,249,0,0,249,249,0
575659563,NODE_F42DC973E618,blackhole,2,B0:CB:D8:F3:32:19,-39,0,250,250,0,0,250,250,0
575759575,NODE_F42DC973E618,blackhole,2,B0:CB:D8:F3:32:19,-38,0,250,250,0,0,250,250,0
575859560,NODE_F42DC973E618,blackhole,2,B0:CB:D8:F3:32:19,-38,0,250,250,0,0,250,250,0
575959567,NODE_F42DC973E618,blackhole,2,B0:CB:D8:F3:32:19,-38,0,250,250,0,0,250,250,0
576059571,NODE_F42DC973E618,blackhole,2,B0:CB:D8:F3:32:19,-38,0,250,250,0,0,250,250,0
576159564,NODE_F42DC973E618,blackhole,2,B0:CB:D8:F3:32:19,-38,0,250,250,0,0,250,250,0
576259559,NODE_F42DC973E618,blackhole,2,B0:CB:D8:F3:32:19,-38,0,250,250,0,0,250,250,0
576359567,NODE_F42DC973E618,blackhole,2,B0:CB:D8:F3:32:19,-38,0,250,250,0,0,250,250,0
576459564,NODE_F42DC973E618,blackhole,2,B0:CB:D8:F3:32:19,-38,0,250,250,0,0,250,250,0
576559555,NODE_F42DC973E618,blackhole,2,B0:CB:D8:F3:32:19,-38,0,250,250,0,0,250,250,0
576659563,NODE_F42DC973E618,blackhole,2,B0:CB:D8:F3:32:19,-38,0,251,251,0,0,251,251,0
576759564,NODE_F42DC973E618,blackhole,2,B0:CB:D8:F3:32:19,-38,0,251,251,0,0,251,251,0
576859563,NODE_F42DC973E618,blackhole,2,B0:CB:D8:F3:32:19,-39,0,251,251,0,0,251,251,0
576959575,NODE_F42DC973E618,blackhole,2,B0:CB:D8:F3:32:19,-39,0,251,251,0,0,251,251,0
577059568,NODE_F42DC973E618,blackhole,2,B0:CB:D8:F3:32:19,-39,0,251,251,0,0,251,251,0
577159567,NODE_F42DC973E618,blackhole,2,B0:CB:D8:F3:32:19,-39,0,251,251,0,0,251,251,0
577259559,NODE_F42DC973E618,blackhole,2,B0:CB:D8:F3:32:19,-39,0,251,251,0,0,251,251,0
577359560,NODE_F42DC973E618,blackhole,2,B0:CB:D8:F3:32:19,-39,0,251,251,0,0,251,251,0
577459567,NODE_F42DC973E618,blackhole,2,B0:CB:D8:F3:32:19,-39,0,251,251,0,0,251,251,0
577559555,NODE_F42DC973E618,blackhole,2,B0:CB:D8:F3:32:19,-39,0,251,251,0,0,251,251,0
577659564,NODE_F42DC973E618,blackhole,2,B0:CB:D8:F3:32:19,-39,0,252,252,0,0,252,252,0
577759559,NODE_F42DC973E618,blackhole,2,B0:CB:D8:F3:32:19,-39,0,252,252,0,0,252,252,0
577859563,NODE_F42DC973E618,blackhole,2,B0:CB:D8:F3:32:19,-42,0,252,252,0,0,252,252,0
577959576,NODE_F42DC973E618,blackhole,2,B0:CB:D8:F3:32:19,-42,0,252,252,0,0,252,252,0
578059567,NODE_F42DC973E618,blackhole,2,B0:CB:D8:F3:32:19,-42,0,252,252,0,0,252,252,0
578159575,NODE_F42DC973E618,blackhole,2,B0:CB:D8:F3:32:19,-42,0,252,252,0,0,252,252,0
578259564,NODE_F42DC973E618,blackhole,2,B0:CB:D8:F3:32:19,-42,0,252,252,0,0,252,252,0
578359563,NODE_F42DC973E618,blackhole,2,B0:CB:D8:F3:32:19,-42,0,252,252,0,0,252,252,0
578459567,NODE_F42DC973E618,blackhole,2,B0:CB:D8:F3:32:19,-42,0,252,252,0,0,252,252,0
578559556,NODE_F42DC973E618,blackhole,2,B0:CB:D8:F3:32:19,-42,0,252,252,0,0,252,252,0
578659563,NODE_F42DC973E618,blackhole,2,B0:CB:D8:F3:32:19,-42,0,253,253,0,0,253,253,0
578759571,NODE_F42DC973E618,blackhole,2,B0:CB:D8:F3:32:19,-42,0,253,253,0,0,253,253,0
578859564,NODE_F42DC973E618,blackhole,2,B0:CB:D8:F3:32:19,-42,0,253,253,0,0,253,253,0
578959567,NODE_F42DC973E618,blackhole,2,B0:CB:D8:F3:32:19,-42,0,253,253,0,0,253,253,0
579059567,NODE_F42DC973E618,blackhole,2,B0:CB:D8:F3:32:19,-42,0,253,253,0,0,253,253,0
579159568,NODE_F42DC973E618,blackhole,2,B0:CB:D8:F3:32:19,-42,0,253,253,0,0,253,253,0
579259563,NODE_F42DC973E618,blackhole,2,B0:CB:D8:F3:32:19,-42,0,253,253,0,0,253,253,0
579359563,NODE_F42DC973E618,blackhole,2,B0:CB:D8:F3:32:19,-42,0,253,253,0,0,253,253,0
579459568,NODE_F42DC973E618,blackhole,2,B0:CB:D8:F3:32:19,-42,0,253,253,0,0,253,253,0
579559555,NODE_F42DC973E618,blackhole,2,B0:CB:D8:F3:32:19,-42,0,253,253,0,0,253,253,0
579659563,NODE_F42DC973E618,blackhole,2,B0:CB:D8:F3:32:19,-42,0,254,254,0,0,254,254,0
579759564,NODE_F42DC973E618,blackhole,2,B0:CB:D8:F3:32:19,-42,0,254,254,0,0,254,254,0
579859563,NODE_F42DC973E618,blackhole,2,B0:CB:D8:F3:32:19,-39,0,254,254,0,0,254,254,0
579959571,NODE_F42DC973E618,blackhole,2,B0:CB:D8:F3:32:19,-39,0,254,254,0,0,254,254,0
580059564,NODE_F42DC973E618,blackhole,2,B0:CB:D8:F3:32:19,-39,0,254,254,0,0,254,254,0
580159567,NODE_F42DC973E618,blackhole,2,B0:CB:D8:F3:32:19,-39,0,254,254,0,0,254,254,0
580259563,NODE_F42DC973E618,blackhole,2,B0:CB:D8:F3:32:19,-39,0,254,254,0,0,254,254,0
580359564,NODE_F42DC973E618,blackhole,2,B0:CB:D8:F3:32:19,-39,0,254,254,0,0,254,254,0
580459563,NODE_F42DC973E618,blackhole,2,B0:CB:D8:F3:32:19,-39,0,254,254,0,0,254,254,0
580559559,NODE_F42DC973E618,blackhole,2,B0:CB:D8:F3:32:19,-39,0,254,254,0,0,254,254,0
580659564,NODE_F42DC973E618,blackhole,2,B0:CB:D8:F3:32:19,-39,0,255,255,0,0,255,255,0
580759563,NODE_F42DC973E618,blackhole,2,B0:CB:D8:F3:32:19,-39,0,255,255,0,0,255,255,0
580859555,NODE_F42DC973E618,blackhole,2,B0:CB:D8:F3:32:19,-39,0,255,255,0,0,255,255,0
580959572,NODE_F42DC973E618,blackhole,2,B0:CB:D8:F3:32:19,-42,0,255,255,0,0,255,255,0
581059571,NODE_F42DC973E618,blackhole,2,B0:CB:D8:F3:32:19,-42,0,255,255,0,0,255,255,0
581159575,NODE_F42DC973E618,blackhole,2,B0:CB:D8:F3:32:19,-42,0,255,255,0,0,255,255,0
581259564,NODE_F42DC973E618,blackhole,2,B0:CB:D8:F3:32:19,-42,0,255,255,0,0,255,255,0
581359559,NODE_F42DC973E618,blackhole,2,B0:CB:D8:F3:32:19,-42,0,255,255,0,0,255,255,0
581459559,NODE_F42DC973E618,blackhole,2,B0:CB:D8:F3:32:19,-42,0,255,255,0,0,255,255,0
581559568,NODE_F42DC973E618,blackhole,2,B0:CB:D8:F3:32:19,-42,0,255,255,0,0,255,255,0
581659563,NODE_F42DC973E618,blackhole,2,B0:CB:D8:F3:32:19,-42,0,256,256,0,0,256,256,0
581759563,NODE_F42DC973E618,blackhole,2,B0:CB:D8:F3:32:19,-42,0,256,256,0,0,256,256,0
581859556,NODE_F42DC973E618,blackhole,2,B0:CB:D8:F3:32:19,-42,0,256,256,0,0,256,256,0
581959571,NODE_F42DC973E618,blackhole,2,B0:CB:D8:F3:32:19,-38,0,256,256,0,0,256,256,0
582059567,NODE_F42DC973E618,blackhole,2,B0:CB:D8:F3:32:19,-38,0,256,256,0,0,256,256,0
582159560,NODE_F42DC973E618,blackhole,2,B0:CB:D8:F3:32:19,-38,0,256,256,0,0,256,256,0
582259571,NODE_F42DC973E618,blackhole,2,B0:CB:D8:F3:32:19,-38,0,256,256,0,0,256,256,0
582359563,NODE_F42DC973E618,blackhole,2,B0:CB:D8:F3:32:19,-38,0,256,256,0,0,256,256,0
582459564,NODE_F42DC973E618,blackhole,2,B0:CB:D8:F3:32:19,-38,0,256,256,0,0,256,256,0
582559559,NODE_F42DC973E618,blackhole,2,B0:CB:D8:F3:32:19,-38,0,256,256,0,0,256,256,0
582659563,NODE_F42DC973E618,blackhole,2,B0:CB:D8:F3:32:19,-38,0,257,257,0,0,257,257,0
582759560,NODE_F42DC973E618,blackhole,2,B0:CB:D8:F3:32:19,-38,0,257,257,0,0,257,257,0
582859555,NODE_F42DC973E618,blackhole,2,B0:CB:D8:F3:32:19,-38,0,257,257,0,0,257,257,0
582959575,NODE_F42DC973E618,blackhole,2,B0:CB:D8:F3:32:19,-39,0,257,257,0,0,257,257,0
583059568,NODE_F42DC973E618,blackhole,2,B0:CB:D8:F3:32:19,-39,0,257,257,0,0,257,257,0
583159559,NODE_F42DC973E618,blackhole,2,B0:CB:D8:F3:32:19,-39,0,257,257,0,0,257,257,0
583259567,NODE_F42DC973E618,blackhole,2,B0:CB:D8:F3:32:19,-39,0,257,257,0,0,257,257,0
583359560,NODE_F42DC973E618,blackhole,2,B0:CB:D8:F3:32:19,-39,0,257,257,0,0,257,257,0
583459567,NODE_F42DC973E618,blackhole,2,B0:CB:D8:F3:32:19,-39,0,257,257,0,0,257,257,0
583559559,NODE_F42DC973E618,blackhole,2,B0:CB:D8:F3:32:19,-39,0,257,257,0,0,257,257,0
583659564,NODE_F42DC973E618,blackhole,2,B0:CB:D8:F3:32:19,-39,0,258,258,0,0,258,258,0
583759563,NODE_F42DC973E618,blackhole,2,B0:CB:D8:F3:32:19,-39,0,258,258,0,0,258,258,0
583859555,NODE_F42DC973E618,blackhole,2,B0:CB:D8:F3:32:19,-39,0,258,258,0,0,258,258,0
583959572,NODE_F42DC973E618,blackhole,2,B0:CB:D8:F3:32:19,-38,0,258,258,0,0,258,258,0
584059571,NODE_F42DC973E618,blackhole,2,B0:CB:D8:F3:32:19,-38,0,258,258,0,0,258,258,0
584159575,NODE_F42DC973E618,blackhole,2,B0:CB:D8:F3:32:19,-38,0,258,258,0,0,258,258,0
584259568,NODE_F42DC973E618,blackhole,2,B0:CB:D8:F3:32:19,-38,0,258,258,0,0,258,258,0
584359563,NODE_F42DC973E618,blackhole,2,B0:CB:D8:F3:32:19,-38,0,258,258,0,0,258,258,0
584459563,NODE_F42DC973E618,blackhole,2,B0:CB:D8:F3:32:19,-38,0,258,258,0,0,258,258,0
584559560,NODE_F42DC973E618,blackhole,2,B0:CB:D8:F3:32:19,-38,0,258,258,0,0,258,258,0
584659563,NODE_F42DC973E618,blackhole,2,B0:CB:D8:F3:32:19,-38,0,259,259,0,0,259,259,0
584759563,NODE_F42DC973E618,blackhole,2,B0:CB:D8:F3:32:19,-38,0,259,259,0,0,259,259,0
584859556,NODE_F42DC973E618,blackhole,2,B0:CB:D8:F3:32:19,-38,0,259,259,0,0,259,259,0
584959575,NODE_F42DC973E618,blackhole,2,B0:CB:D8:F3:32:19,-38,0,259,259,0,0,259,259,0
585059567,NODE_F42DC973E618,blackhole,2,B0:CB:D8:F3:32:19,-42,0,259,259,0,0,259,259,0
585159560,NODE_F42DC973E618,blackhole,2,B0:CB:D8:F3:32:19,-42,0,259,259,0,0,259,259,0
585259567,NODE_F42DC973E618,blackhole,2,B0:CB:D8:F3:32:19,-42,0,259,259,0,0,259,259,0
585359567,NODE_F42DC973E618,blackhole,2,B0:CB:D8:F3:32:19,-42,0,259,259,0,0,259,259,0
585459564,NODE_F42DC973E618,blackhole,2,B0:CB:D8:F3:32:19,-42,0,259,259,0,0,259,259,0
585559555,NODE_F42DC973E618,blackhole,2,B0:CB:D8:F3:32:19,-42,0,259,259,0,0,259,259,0
585659563,NODE_F42DC973E618,blackhole,2,B0:CB:D8:F3:32:19,-42,0,260,260,0,0,260,260,0
585759564,NODE_F42DC973E618,blackhole,2,B0:CB:D8:F3:32:19,-42,0,260,260,0,0,260,260,0
585859555,NODE_F42DC973E618,blackhole,2,B0:CB:D8:F3:32:19,-42,0,260,260,0,0,260,260,0
585959571,NODE_F42DC973E618,blackhole,2,B0:CB:D8:F3:32:19,-42,0,260,260,0,0,260,260,0
586059568,NODE_F42DC973E618,blackhole,2,B0:CB:D8:F3:32:19,-40,0,260,260,0,0,260,260,0
586159559,NODE_F42DC973E618,blackhole,2,B0:CB:D8:F3:32:19,-40,0,260,260,0,0,260,260,0
586259567,NODE_F42DC973E618,blackhole,2,B0:CB:D8:F3:32:19,-40,0,260,260,0,0,260,260,0
586359568,NODE_F42DC973E618,blackhole,2,B0:CB:D8:F3:32:19,-40,0,260,260,0,0,260,260,0
586459563,NODE_F42DC973E618,blackhole,2,B0:CB:D8:F3:32:19,-40,0,260,260,0,0,260,260,0
586559555,NODE_F42DC973E618,blackhole,2,B0:CB:D8:F3:32:19,-40,0,260,260,0,0,260,260,0
586659880,NODE_F42DC973E618,blackhole,2,B0:CB:D8:F3:32:19,-40,0,260,260,0,0,260,260,0
586759563,NODE_F42DC973E618,blackhole,2,B0:CB:D8:F3:32:19,-40,0,261,261,0,0,261,261,0
586859555,NODE_F42DC973E618,blackhole,2,B0:CB:D8:F3:32:19,-40,0,261,261,0,0,261,261,0
586959568,NODE_F42DC973E618,blackhole,2,B0:CB:D8:F3:32:19,-40,0,261,261,0,0,261,261,0
587059571,NODE_F42DC973E618,blackhole,2,B0:CB:D8:F3:32:19,-39,0,261,261,0,0,261,261,0
587159575,NODE_F42DC973E618,blackhole,2,B0:CB:D8:F3:32:19,-39,0,261,261,0,0,261,261,0
587259568,NODE_F42DC973E618,blackhole,2,B0:CB:D8:F3:32:19,-39,0,261,261,0,0,261,261,0
587359563,NODE_F42DC973E618,blackhole,2,B0:CB:D8:F3:32:19,-39,0,261,261,0,0,261,261,0
587459559,NODE_F42DC973E618,blackhole,2,B0:CB:D8:F3:32:19,-39,0,261,261,0,0,261,261,0
587559556,NODE_F42DC973E618,blackhole,2,B0:CB:D8:F3:32:19,-39,0,261,261,0,0,261,261,0
587660110,NODE_F42DC973E618,blackhole,2,B0:CB:D8:F3:32:19,-39,0,261,261,0,0,261,261,0
587759563,NODE_F42DC973E618,blackhole,2,B0:CB:D8:F3:32:19,-39,0,262,262,0,0,262,262,0
587859556,NODE_F42DC973E618,blackhole,2,B0:CB:D8:F3:32:19,-39,0,262,262,0,0,262,262,0
587959559,NODE_F42DC973E618,blackhole,2,B0:CB:D8:F3:32:19,-39,0,262,262,0,0,262,262,0
588059567,NODE_F42DC973E618,blackhole,2,B0:CB:D8:F3:32:19,-42,0,262,262,0,0,262,262,0
588159560,NODE_F42DC973E618,blackhole,2,B0:CB:D8:F3:32:19,-42,0,262,262,0,0,262,262,0
588259571,NODE_F42DC973E618,blackhole,2,B0:CB:D8:F3:32:19,-42,0,262,262,0,0,262,262,0
588359567,NODE_F42DC973E618,blackhole,2,B0:CB:D8:F3:32:19,-42,0,262,262,0,0,262,262,0
588459560,NODE_F42DC973E618,blackhole,2,B0:CB:D8:F3:32:19,-42,0,262,262,0,0,262,262,0
588559555,NODE_F42DC973E618,blackhole,2,B0:CB:D8:F3:32:19,-42,0,262,262,0,0,262,262,0
588659720,NODE_F42DC973E618,blackhole,2,B0:CB:D8:F3:32:19,-42,0,262,262,0,0,262,262,0
588759572,NODE_F42DC973E618,blackhole,2,B0:CB:D8:F3:32:19,-42,0,263,263,0,0,263,263,0
588859555,NODE_F42DC973E618,blackhole,2,B0:CB:D8:F3:32:19,-42,0,263,263,0,0,263,263,0
588959563,NODE_F42DC973E618,blackhole,2,B0:CB:D8:F3:32:19,-42,0,263,263,0,0,263,263,0
589059564,NODE_F42DC973E618,blackhole,2,B0:CB:D8:F3:32:19,-42,0,263,263,0,0,263,263,0
589159563,NODE_F42DC973E618,blackhole,2,B0:CB:D8:F3:32:19,-38,0,263,263,0,0,263,263,0
589259567,NODE_F42DC973E618,blackhole,2,B0:CB:D8:F3:32:19,-38,0,263,263,0,0,263,263,0
589359572,NODE_F42DC973E618,blackhole,2,B0:CB:D8:F3:32:19,-38,0,263,263,0,0,263,263,0
589459567,NODE_F42DC973E618,blackhole,2,B0:CB:D8:F3:32:19,-38,0,263,263,0,0,263,263,0
589559555,NODE_F42DC973E618,blackhole,2,B0:CB:D8:F3:32:19,-38,0,263,263,0,0,263,263,0
589659993,NODE_F42DC973E618,blackhole,2,B0:CB:D8:F3:32:19,-38,0,263,263,0,0,263,263,0
589759567,NODE_F42DC973E618,blackhole,2,B0:CB:D8:F3:32:19,-38,0,264,264,0,0,264,264,0
589859555,NODE_F42DC973E618,blackhole,2,B0:CB:D8:F3:32:19,-38,0,264,264,0,0,264,264,0
589959560,NODE_F42DC973E618,blackhole,2,B0:CB:D8:F3:32:19,-38,0,264,264,0,0,264,264,0
590059567,NODE_F42DC973E618,blackhole,2,B0:CB:D8:F3:32:19,-38,0,264,264,0,0,264,264,0
590159575,NODE_F42DC973E618,blackhole,2,B0:CB:D8:F3:32:19,-40,0,264,264,0,0,264,264,0
590259568,NODE_F42DC973E618,blackhole,2,B0:CB:D8:F3:32:19,-40,0,264,264,0,0,264,264,0
590359567,NODE_F42DC973E618,blackhole,2,B0:CB:D8:F3:32:19,-40,0,264,264,0,0,264,264,0
590459567,NODE_F42DC973E618,blackhole,2,B0:CB:D8:F3:32:19,-40,0,264,264,0,0,264,264,0
590559556,NODE_F42DC973E618,blackhole,2,B0:CB:D8:F3:32:19,-40,0,264,264,0,0,264,264,0
590660012,NODE_F42DC973E618,blackhole,2,B0:CB:D8:F3:32:19,-40,0,264,264,0,0,264,264,0
590759567,NODE_F42DC973E618,blackhole,2,B0:CB:D8:F3:32:19,-40,0,265,265,0,0,265,265,0
590859556,NODE_F42DC973E618,blackhole,2,B0:CB:D8:F3:32:19,-40,0,265,265,0,0,265,265,0
590959563,NODE_F42DC973E618,blackhole,2,B0:CB:D8:F3:32:19,-40,0,265,265,0,0,265,265,0
591059559,NODE_F42DC973E618,blackhole,2,B0:CB:D8:F3:32:19,-40,0,265,265,0,0,265,265,0
591159564,NODE_F42DC973E618,blackhole,2,B0:CB:D8:F3:32:19,-38,0,265,265,0,0,265,265,0
591259571,NODE_F42DC973E618,blackhole,2,B0:CB:D8:F3:32:19,-38,0,265,265,0,0,265,265,0
591359567,NODE_F42DC973E618,blackhole,2,B0:CB:D8:F3:32:19,-38,0,265,265,0,0,265,265,0
591459568,NODE_F42DC973E618,blackhole,2,B0:CB:D8:F3:32:19,-38,0,265,265,0,0,265,265,0
591559563,NODE_F42DC973E618,blackhole,2,B0:CB:D8:F3:32:19,-38,0,265,265,0,0,265,265,0
591659925,NODE_F42DC973E618,blackhole,2,B0:CB:D8:F3:32:19,-38,0,265,265,0,0,265,265,0
591759576,NODE_F42DC973E618,blackhole,2,B0:CB:D8:F3:32:19,-38,0,266,266,0,0,266,266,0
591859555,NODE_F42DC973E618,blackhole,2,B0:CB:D8:F3:32:19,-38,0,266,266,0,0,266,266,0
591959575,NODE_F42DC973E618,blackhole,2,B0:CB:D8:F3:32:19,-38,0,266,266,0,0,266,266,0
592059564,NODE_F42DC973E618,blackhole,2,B0:CB:D8:F3:32:19,-38,0,266,266,0,0,266,266,0
592159563,NODE_F42DC973E618,blackhole,2,B0:CB:D8:F3:32:19,-38,0,266,266,0,0,266,266,0
592259567,NODE_F42DC973E618,blackhole,2,B0:CB:D8:F3:32:19,-38,0,266,266,0,0,266,266,0
592359568,NODE_F42DC973E618,blackhole,2,B0:CB:D8:F3:32:19,-38,0,266,266,0,0,266,266,0
592459567,NODE_F42DC973E618,blackhole,2,B0:CB:D8:F3:32:19,-38,0,266,266,0,0,266,266,0
592559555,NODE_F42DC973E618,blackhole,2,B0:CB:D8:F3:32:19,-38,0,266,266,0,0,266,266,0
592660064,NODE_F42DC973E618,blackhole,2,B0:CB:D8:F3:32:19,-38,0,266,266,0,0,266,266,0
592759575,NODE_F42DC973E618,blackhole,2,B0:CB:D8:F3:32:19,-38,0,267,267,0,0,267,267,0
592859555,NODE_F42DC973E618,blackhole,2,B0:CB:D8:F3:32:19,-38,0,267,267,0,0,267,267,0
592959568,NODE_F42DC973E618,blackhole,2,B0:CB:D8:F3:32:19,-38,0,267,267,0,0,267,267,0
593059563,NODE_F42DC973E618,blackhole,2,B0:CB:D8:F3:32:19,-38,0,267,267,0,0,267,267,0
593159571,NODE_F42DC973E618,blackhole,2,B0:CB:D8:F3:32:19,-38,0,267,267,0,0,267,267,0
593259564,NODE_F42DC973E618,blackhole,2,B0:CB:D8:F3:32:19,-42,0,267,267,0,0,267,267,0
593359567,NODE_F42DC973E618,blackhole,2,B0:CB:D8:F3:32:19,-42,0,267,267,0,0,267,267,0
593459567,NODE_F42DC973E618,blackhole,2,B0:CB:D8:F3:32:19,-42,0,267,267,0,0,267,267,0
593559568,NODE_F42DC973E618,blackhole,2,B0:CB:D8:F3:32:19,-42,0,267,267,0,0,267,267,0
593659971,NODE_F42DC973E618,blackhole,2,B0:CB:D8:F3:32:19,-42,0,267,267,0,0,267,267,0
593759563,NODE_F42DC973E618,blackhole,2,B0:CB:D8:F3:32:19,-42,0,268,268,0,0,268,268,0
593859560,NODE_F42DC973E618,blackhole,2,B0:CB:D8:F3:32:19,-42,0,268,268,0,0,268,268,0
593959567,NODE_F42DC973E618,blackhole,2,B0:CB:D8:F3:32:19,-42,0,268,268,0,0,268,268,0
594059563,NODE_F42DC973E618,blackhole,2,B0:CB:D8:F3:32:19,-42,0,268,268,0,0,268,268,0
594159556,NODE_F42DC973E618,blackhole,2,B0:CB:D8:F3:32:19,-42,0,268,268,0,0,268,268,0
594259571,NODE_F42DC973E618,blackhole,2,B0:CB:D8:F3:32:19,-39,0,268,268,0,0,268,268,0
594359567,NODE_F42DC973E618,blackhole,2,B0:CB:D8:F3:32:19,-39,0,268,268,0,0,268,268,0
594459568,NODE_F42DC973E618,blackhole,2,B0:CB:D8:F3:32:19,-39,0,268,268,0,0,268,268,0
594559567,NODE_F42DC973E618,blackhole,2,B0:CB:D8:F3:32:19,-39,0,268,268,0,0,268,268,0
594659563,NODE_F42DC973E618,blackhole,2,B0:CB:D8:F3:32:19,-39,0,268,268,0,0,268,268,0
594759564,NODE_F42DC973E618,blackhole,2,B0:CB:D8:F3:32:19,-39,0,269,269,0,0,269,269,0
594859559,NODE_F42DC973E618,blackhole,2,B0:CB:D8:F3:32:19,-39,0,269,269,0,0,269,269,0
594959563,NODE_F42DC973E618,blackhole,2,B0:CB:D8:F3:32:19,-39,0,269,269,0,0,269,269,0
595059560,NODE_F42DC973E618,blackhole,2,B0:CB:D8:F3:32:19,-39,0,269,269,0,0,269,269,0
595159555,NODE_F42DC973E618,blackhole,2,B0:CB:D8:F3:32:19,-39,0,269,269,0,0,269,269,0
595259567,NODE_F42DC973E618,blackhole,2,B0:CB:D8:F3:32:19,-38,0,269,269,0,0,269,269,0
595359572,NODE_F42DC973E618,blackhole,2,B0:CB:D8:F3:32:19,-38,0,269,269,0,0,269,269,0
595459567,NODE_F42DC973E618,blackhole,2,B0:CB:D8:F3:32:19,-38,0,269,269,0,0,269,269,0
595559567,NODE_F42DC973E618,blackhole,2,B0:CB:D8:F3:32:19,-38,0,269,269,0,0,269,269,0
595659560,NODE_F42DC973E618,blackhole,2,B0:CB:D8:F3:32:19,-38,0,269,269,0,0,269,269,0
595759563,NODE_F42DC973E618,blackhole,2,B0:CB:D8:F3:32:19,-38,0,270,270,0,0,270,270,0
595859559,NODE_F42DC973E618,blackhole,2,B0:CB:D8:F3:32:19,-38,0,270,270,0,0,270,270,0
595959572,NODE_F42DC973E618,blackhole,2,B0:CB:D8:F3:32:19,-38,0,270,270,0,0,270,270,0
596059563,NODE_F42DC973E618,blackhole,2,B0:CB:D8:F3:32:19,-38,0,270,270,0,0,270,270,0
596159571,NODE_F42DC973E618,blackhole,2,B0:CB:D8:F3:32:19,-38,0,270,270,0,0,270,270,0
596259568,NODE_F42DC973E618,blackhole,2,B0:CB:D8:F3:32:19,-39,0,270,270,0,0,270,270,0
596359567,NODE_F42DC973E618,blackhole,2,B0:CB:D8:F3:32:19,-39,0,270,270,0,0,270,270,0
596459567,NODE_F42DC973E618,blackhole,2,B0:CB:D8:F3:32:19,-39,0,270,270,0,0,270,270,0
596559568,NODE_F42DC973E618,blackhole,2,B0:CB:D8:F3:32:19,-39,0,270,270,0,0,270,270,0
596659563,NODE_F42DC973E618,blackhole,2,B0:CB:D8:F3:32:19,-39,0,270,270,0,0,270,270,0
596759563,NODE_F42DC973E618,blackhole,2,B0:CB:D8:F3:32:19,-39,0,271,271,0,0,271,271,0
596859560,NODE_F42DC973E618,blackhole,2,B0:CB:D8:F3:32:19,-39,0,271,271,0,0,271,271,0
596959567,NODE_F42DC973E618,blackhole,2,B0:CB:D8:F3:32:19,-39,0,271,271,0,0,271,271,0
597059563,NODE_F42DC973E618,blackhole,2,B0:CB:D8:F3:32:19,-39,0,271,271,0,0,271,271,0
597159556,NODE_F42DC973E618,blackhole,2,B0:CB:D8:F3:32:19,-39,0,271,271,0,0,271,271,0
597259567,NODE_F42DC973E618,blackhole,2,B0:CB:D8:F3:32:19,-39,0,271,271,0,0,271,271,0
597359567,NODE_F42DC973E618,blackhole,2,B0:CB:D8:F3:32:19,-38,0,271,271,0,0,271,271,0
597459568,NODE_F42DC973E618,blackhole,2,B0:CB:D8:F3:32:19,-38,0,271,271,0,0,271,271,0
597559559,NODE_F42DC973E618,blackhole,2,B0:CB:D8:F3:32:19,-38,0,271,271,0,0,271,271,0
597659567,NODE_F42DC973E618,blackhole,2,B0:CB:D8:F3:32:19,-38,0,271,271,0,0,271,271,0
597759568,NODE_F42DC973E618,blackhole,2,B0:CB:D8:F3:32:19,-38,0,272,272,0,0,272,272,0
597859555,NODE_F42DC973E618,blackhole,2,B0:CB:D8:F3:32:19,-38,0,272,272,0,0,272,272,0
597959571,NODE_F42DC973E618,blackhole,2,B0:CB:D8:F3:32:19,-38,0,272,272,0,0,272,272,0
598059564,NODE_F42DC973E618,blackhole,2,B0:CB:D8:F3:32:19,-38,0,272,272,0,0,272,272,0
598159555,NODE_F42DC973E618,blackhole,2,B0:CB:D8:F3:32:19,-38,0,272,272,0,0,272,272,0
598259563,NODE_F42DC973E618,blackhole,2,B0:CB:D8:F3:32:19,-38,0,272,272,0,0,272,272,0
598359572,NODE_F42DC973E618,blackhole,2,B0:CB:D8:F3:32:19,-43,0,272,272,0,0,272,272,0
598459567,NODE_F42DC973E618,blackhole,2,B0:CB:D8:F3:32:19,-43,0,272,272,0,0,272,272,0
598559559,NODE_F42DC973E618,blackhole,2,B0:CB:D8:F3:32:19,-43,0,272,272,0,0,272,272,0
598659568,NODE_F42DC973E618,blackhole,2,B0:CB:D8:F3:32:19,-43,0,272,272,0,0,272,272,0
598759563,NODE_F42DC973E618,blackhole,2,B0:CB:D8:F3:32:19,-43,0,273,273,0,0,273,273,0
598859555,NODE_F42DC973E618,blackhole,2,B0:CB:D8:F3:32:19,-43,0,273,273,0,0,273,273,0
598959576,NODE_F42DC973E618,blackhole,2,B0:CB:D8:F3:32:19,-43,0,273,273,0,0,273,273,0
599059563,NODE_F42DC973E618,blackhole,2,B0:CB:D8:F3:32:19,-43,0,273,273,0,0,273,273,0
599159571,NODE_F42DC973E618,blackhole,2,B0:CB:D8:F3:32:19,-43,0,273,273,0,0,273,273,0
599259564,NODE_F42DC973E618,blackhole,2,B0:CB:D8:F3:32:19,-43,0,273,273,0,0,273,273,0
599359567,NODE_F42DC973E618,blackhole,2,B0:CB:D8:F3:32:19,-39,0,273,273,0,0,273,273,0
599459567,NODE_F42DC973E618,blackhole,2,B0:CB:D8:F3:32:19,-39,0,273,273,0,0,273,273,0
599559560,NODE_F42DC973E618,blackhole,2,B0:CB:D8:F3:32:19,-39,0,273,273,0,0,273,273,0
599659567,NODE_F42DC973E618,blackhole,2,B0:CB:D8:F3:32:19,-39,0,273,273,0,0,273,273,0
599759563,NODE_F42DC973E618,blackhole,2,B0:CB:D8:F3:32:19,-39,0,274,274,0,0,274,274,0
599859556,NODE_F42DC973E618,blackhole,2,B0:CB:D8:F3:32:19,-39,0,274,274,0,0,274,274,0
599959571,NODE_F42DC973E618,blackhole,2,B0:CB:D8:F3:32:19,-39,0,274,274,0,0,274,274,0
600059567,NODE_F42DC973E618,blackhole,2,B0:CB:D8:F3:32:19,-39,0,274,274,0,0,274,274,0
600159556,NODE_F42DC973E618,blackhole,2,B0:CB:D8:F3:32:19,-39,0,274,274,0,0,274,274,0
600259563,NODE_F42DC973E618,blackhole,2,B0:CB:D8:F3:32:19,-39,0,274,274,0,0,274,274,0
600359567,NODE_F42DC973E618,blackhole,2,B0:CB:D8:F3:32:19,-42,0,274,274,0,0,274,274,0
600459568,NODE_F42DC973E618,blackhole,2,B0:CB:D8:F3:32:19,-42,0,274,274,0,0,274,274,0
600559559,NODE_F42DC973E618,blackhole,2,B0:CB:D8:F3:32:19,-42,0,274,274,0,0,274,274,0
600659567,NODE_F42DC973E618,blackhole,2,B0:CB:D8:F3:32:19,-42,0,274,274,0,0,274,274,0
600759564,NODE_F42DC973E618,blackhole,2,B0:CB:D8:F3:32:19,-42,0,275,275,0,0,275,275,0
600859555,NODE_F42DC973E618,blackhole,2,B0:CB:D8:F3:32:19,-42,0,275,275,0,0,275,275,0
600959571,NODE_F42DC973E618,blackhole,2,B0:CB:D8:F3:32:19,-42,0,275,275,0,0,275,275,0
601059564,NODE_F42DC973E618,blackhole,2,B0:CB:D8:F3:32:19,-42,0,275,275,0,0,275,275,0
601159559,NODE_F42DC973E618,blackhole,2,B0:CB:D8:F3:32:19,-42,0,275,275,0,0,275,275,0
601259563,NODE_F42DC973E618,blackhole,2,B0:CB:D8:F3:32:19,-42,0,275,275,0,0,275,275,0
601359568,NODE_F42DC973E618,blackhole,2,B0:CB:D8:F3:32:19,-38,0,275,275,0,0,275,275,0
601459563,NODE_F42DC973E618,blackhole,2,B0:CB:D8:F3:32:19,-38,0,275,275,0,0,275,275,0
601559571,NODE_F42DC973E618,blackhole,2,B0:CB:D8:F3:32:19,-38,0,275,275,0,0,275,275,0
601659564,NODE_F42DC973E618,blackhole,2,B0:CB:D8:F3:32:19,-38,0,275,275,0,0,275,275,0
601759563,NODE_F42DC973E618,blackhole,2,B0:CB:D8:F3:32:19,-38,0,276,276,0,0,276,276,0
601859555,NODE_F42DC973E618,blackhole,2,B0:CB:D8:F3:32:19,-38,0,276,276,0,0,276,276,0
601959572,NODE_F42DC973E618,blackhole,2,B0:CB:D8:F3:32:19,-38,0,276,276,0,0,276,276,0
602059567,NODE_F42DC973E618,blackhole,2,B0:CB:D8:F3:32:19,-38,0,276,276,0,0,276,276,0
602159571,NODE_F42DC973E618,blackhole,2,B0:CB:D8:F3:32:19,-38,0,276,276,0,0,276,276,0
602259564,NODE_F42DC973E618,blackhole,2,B0:CB:D8:F3:32:19,-38,0,276,276,0,0,276,276,0
602359563,NODE_F42DC973E618,blackhole,2,B0:CB:D8:F3:32:19,-38,0,276,276,0,0,276,276,0
602459567,NODE_F42DC973E618,blackhole,2,B0:CB:D8:F3:32:19,-42,0,276,276,0,0,276,276,0
602559560,NODE_F42DC973E618,blackhole,2,B0:CB:D8:F3:32:19,-42,0,276,276,0,0,276,276,0
602659567,NODE_F42DC973E618,blackhole,2,B0:CB:D8:F3:32:19,-42,0,276,276,0,0,276,276,0
602759567,NODE_F42DC973E618,blackhole,2,B0:CB:D8:F3:32:19,-42,0,277,277,0,0,277,277,0
602859556,NODE_F42DC973E618,blackhole,2,B0:CB:D8:F3:32:19,-42,0,277,277,0,0,277,277,0
602959563,NODE_F42DC973E618,blackhole,2,B0:CB:D8:F3:32:19,-42,0,277,277,0,0,277,277,0
603059571,NODE_F42DC973E618,blackhole,2,B0:CB:D8:F3:32:19,-42,0,277,277,0,0,277,277,0
603159556,NODE_F42DC973E618,blackhole,2,B0:CB:D8:F3:32:19,-42,0,277,277,0,0,277,277,0
603259559,NODE_F42DC973E618,blackhole,2,B0:CB:D8:F3:32:19,-42,0,277,277,0,0,277,277,0
603359559,NODE_F42DC973E618,blackhole,2,B0:CB:D8:F3:32:19,-42,0,277,277,0,0,277,277,0
603459568,NODE_F42DC973E618,blackhole,2,B0:CB:D8:F3:32:19,-39,0,277,277,0,0,277,277,0
603559559,NODE_F42DC973E618,blackhole,2,B0:CB:D8:F3:32:19,-39,0,277,277,0,0,277,277,0
603659567,NODE_F42DC973E618,blackhole,2,B0:CB:D8:F3:32:19,-39,0,277,277,0,0,277,277,0
603759568,NODE_F42DC973E618,blackhole,2,B0:CB:D8:F3:32:19,-39,0,278,278,0,0,278,278,0
603859555,NODE_F42DC973E618,blackhole,2,B0:CB:D8:F3:32:19,-39,0,278,278,0,0,278,278,0
603959563,NODE_F42DC973E618,blackhole,2,B0:CB:D8:F3:32:19,-39,0,278,278,0,0,278,278,0
604059568,NODE_F42DC973E618,blackhole,2,B0:CB:D8:F3:32:19,-39,0,278,278,0,0,278,278,0
604159559,NODE_F42DC973E618,blackhole,2,B0:CB:D8:F3:32:19,-39,0,278,278,0,0,278,278,0
604259559,NODE_F42DC973E618,blackhole,2,B0:CB:D8:F3:32:19,-39,0,278,278,0,0,278,278,0
604359568,NODE_F42DC973E618,blackhole,2,B0:CB:D8:F3:32:19,-39,0,278,278,0,0,278,278,0
604459571,NODE_F42DC973E618,blackhole,2,B0:CB:D8:F3:32:19,-40,0,278,278,0,0,278,278,0
604559559,NODE_F42DC973E618,blackhole,2,B0:CB:D8:F3:32:19,-40,0,278,278,0,0,278,278,0
604659568,NODE_F42DC973E618,blackhole,2,B0:CB:D8:F3:32:19,-40,0,278,278,0,0,278,278,0
604759567,NODE_F42DC973E618,blackhole,2,B0:CB:D8:F3:32:19,-40,0,279,279,0,0,279,279,0
604859555,NODE_F42DC973E618,blackhole,2,B0:CB:D8:F3:32:19,-40,0,279,279,0,0,279,279,0
604959572,NODE_F42DC973E618,blackhole,2,B0:CB:D8:F3:32:19,-40,0,279,279,0,0,279,279,0
605059563,NODE_F42DC973E618,blackhole,2,B0:CB:D8:F3:32:19,-40,0,279,279,0,0,279,279,0
605159571,NODE_F42DC973E618,blackhole,2,B0:CB:D8:F3:32:19,-40,0,279,279,0,0,279,279,0
605259564,NODE_F42DC973E618,blackhole,2,B0:CB:D8:F3:32:19,-40,0,279,279,0,0,279,279,0
605359563,NODE_F42DC973E618,blackhole,2,B0:CB:D8:F3:32:19,-40,0,279,279,0,0,279,279,0
605459567,NODE_F42DC973E618,blackhole,2,B0:CB:D8:F3:32:19,-43,0,279,279,0,0,279,279,0
605559556,NODE_F42DC973E618,blackhole,2,B0:CB:D8:F3:32:19,-43,0,279,279,0,0,279,279,0
605659563,NODE_F42DC973E618,blackhole,2,B0:CB:D8:F3:32:19,-43,0,279,279,0,0,279,279,0
605759567,NODE_F42DC973E618,blackhole,2,B0:CB:D8:F3:32:19,-43,0,280,280,0,0,280,280,0
605859556,NODE_F42DC973E618,blackhole,2,B0:CB:D8:F3:32:19,-43,0,280,280,0,0,280,280,0
605959575,NODE_F42DC973E618,blackhole,2,B0:CB:D8:F3:32:19,-43,0,280,280,0,0,280,280,0
606059567,NODE_F42DC973E618,blackhole,2,B0:CB:D8:F3:32:19,-43,0,280,280,0,0,280,280,0
606159556,NODE_F42DC973E618,blackhole,2,B0:CB:D8:F3:32:19,-43,0,280,280,0,0,280,280,0
606259555,NODE_F42DC973E618,blackhole,2,B0:CB:D8:F3:32:19,-43,0,280,280,0,0,280,280,0
606359567,NODE_F42DC973E618,blackhole,2,B0:CB:D8:F3:32:19,-43,0,280,280,0,0,280,280,0
606459564,NODE_F42DC973E618,blackhole,2,B0:CB:D8:F3:32:19,-43,0,280,280,0,0,280,280,0
606559571,NODE_F42DC973E618,blackhole,2,B0:CB:D8:F3:32:19,-39,0,280,280,0,0,280,280,0
606659567,NODE_F42DC973E618,blackhole,2,B0:CB:D8:F3:32:19,-39,0,280,280,0,0,280,280,0
606759564,NODE_F42DC973E618,blackhole,2,B0:CB:D8:F3:32:19,-39,0,281,281,0,0,281,281,0
606859563,NODE_F42DC973E618,blackhole,2,B0:CB:D8:F3:32:19,-39,0,281,281,0,0,281,281,0
606959563,NODE_F42DC973E618,blackhole,2,B0:CB:D8:F3:32:19,-39,0,281,281,0,0,281,281,0
607059560,NODE_F42DC973E618,blackhole,2,B0:CB:D8:F3:32:19,-39,0,281,281,0,0,281,281,0
607159559,NODE_F42DC973E618,blackhole,2,B0:CB:D8:F3:32:19,-39,0,281,281,0,0,281,281,0
607259567,NODE_F42DC973E618,blackhole,2,B0:CB:D8:F3:32:19,-39,0,281,281,0,0,281,281,0
607359564,NODE_F42DC973E618,blackhole,2,B0:CB:D8:F3:32:19,-39,0,281,281,0,0,281,281,0
607459563,NODE_F42DC973E618,blackhole,2,B0:CB:D8:F3:32:19,-39,0,281,281,0,0,281,281,0
607559563,NODE_F42DC973E618,blackhole,2,B0:CB:D8:F3:32:19,-42,0,281,281,0,0,281,281,0
607659568,NODE_F42DC973E618,blackhole,2,B0:CB:D8:F3:32:19,-42,0,281,281,0,0,281,281,0
607759563,NODE_F42DC973E618,blackhole,2,B0:CB:D8:F3:32:19,-42,0,282,282,0,0,282,282,0
607859567,NODE_F42DC973E618,blackhole,2,B0:CB:D8:F3:32:19,-42,0,282,282,0,0,282,282,0
607959572,NODE_F42DC973E618,blackhole,2,B0:CB:D8:F3:32:19,-42,0,282,282,0,0,282,282,0
608059563,NODE_F42DC973E618,blackhole,2,B0:CB:D8:F3:32:19,-42,0,282,282,0,0,282,282,0
608159575,NODE_F42DC973E618,blackhole,2,B0:CB:D8:F3:32:19,-42,0,282,282,0,0,282,282,0
608259564,NODE_F42DC973E618,blackhole,2,B0:CB:D8:F3:32:19,-42,0,282,282,0,0,282,282,0
608359563,NODE_F42DC973E618,blackhole,2,B0:CB:D8:F3:32:19,-42,0,282,282,0,0,282,282,0
608459563,NODE_F42DC973E618,blackhole,2,B0:CB:D8:F3:32:19,-42,0,282,282,0,0,282,282,0
608559564,NODE_F42DC973E618,blackhole,2,B0:CB:D8:F3:32:19,-40,0,282,282,0,0,282,282,0
608659567,NODE_F42DC973E618,blackhole,2,B0:CB:D8:F3:32:19,-40,0,282,282,0,0,282,282,0
608759563,NODE_F42DC973E618,blackhole,2,B0:CB:D8:F3:32:19,-40,0,283,283,0,0,283,283,0
608859568,NODE_F42DC973E618,blackhole,2,B0:CB:D8:F3:32:19,-40,0,283,283,0,0,283,283,0
608959567,NODE_F42DC973E618,blackhole,2,B0:CB:D8:F3:32:19,-40,0,283,283,0,0,283,283,0
609059567,NODE_F42DC973E618,blackhole,2,B0:CB:D8:F3:32:19,-40,0,283,283,0,0,283,283,0
609159560,NODE_F42DC973E618,blackhole,2,B0:CB:D8:F3:32:19,-40,0,283,283,0,0,283,283,0
609259563,NODE_F42DC973E618,blackhole,2,B0:CB:D8:F3:32:19,-40,0,283,283,0,0,283,283,0
609359563,NODE_F42DC973E618,blackhole,2,B0:CB:D8:F3:32:19,-40,0,283,283,0,0,283,283,0
609459564,NODE_F42DC973E618,blackhole,2,B0:CB:D8:F3:32:19,-40,0,283,283,0,0,283,283,0
609559563,NODE_F42DC973E618,blackhole,2,B0:CB:D8:F3:32:19,-40,0,283,283,0,0,283,283,0
609659567,NODE_F42DC973E618,blackhole,2,B0:CB:D8:F3:32:19,-40,0,283,283,0,0,283,283,0
609759564,NODE_F42DC973E618,blackhole,2,B0:CB:D8:F3:32:19,-40,0,284,284,0,0,284,284,0
609859567,NODE_F42DC973E618,blackhole,2,B0:CB:D8:F3:32:19,-40,0,284,284,0,0,284,284,0
609959567,NODE_F42DC973E618,blackhole,2,B0:CB:D8:F3:32:19,-40,0,284,284,0,0,284,284,0
610059564,NODE_F42DC973E618,blackhole,2,B0:CB:D8:F3:32:19,-40,0,284,284,0,0,284,284,0
610159559,NODE_F42DC973E618,blackhole,2,B0:CB:D8:F3:32:19,-40,0,284,284,0,0,284,284,0
610259567,NODE_F42DC973E618,blackhole,2,B0:CB:D8:F3:32:19,-40,0,284,284,0,0,284,284,0
610359564,NODE_F42DC973E618,blackhole,2,B0:CB:D8:F3:32:19,-40,0,284,284,0,0,284,284,0
610459563,NODE_F42DC973E618,blackhole,2,B0:CB:D8:F3:32:19,-40,0,284,284,0,0,284,284,0
610559555,NODE_F42DC973E618,blackhole,2,B0:CB:D8:F3:32:19,-40,0,284,284,0,0,284,284,0
610659568,NODE_F42DC973E618,blackhole,2,B0:CB:D8:F3:32:19,-42,0,284,284,0,0,284,284,0
610759563,NODE_F42DC973E618,blackhole,2,B0:CB:D8:F3:32:19,-42,0,285,285,0,0,285,285,0
610859559,NODE_F42DC973E618,blackhole,2,B0:CB:D8:F3:32:19,-42,0,285,285,0,0,285,285,0
610959572,NODE_F42DC973E618,blackhole,2,B0:CB:D8:F3:32:19,-42,0,285,285,0,0,285,285,0
611059559,NODE_F42DC973E618,blackhole,2,B0:CB:D8:F3:32:19,-42,0,285,285,0,0,285,285,0
611159575,NODE_F42DC973E618,blackhole,2,B0:CB:D8:F3:32:19,-42,0,285,285,0,0,285,285,0
611259568,NODE_F42DC973E618,blackhole,2,B0:CB:D8:F3:32:19,-42,0,285,285,0,0,285,285,0
611359563,NODE_F42DC973E618,blackhole,2,B0:CB:D8:F3:32:19,-42,0,285,285,0,0,285,285,0
611459563,NODE_F42DC973E618,blackhole,2,B0:CB:D8:F3:32:19,-42,0,285,285,0,0,285,285,0
611559572,NODE_F42DC973E618,blackhole,2,B0:CB:D8:F3:32:19,-42,0,285,285,0,0,285,285,0
611659567,NODE_F42DC973E618,blackhole,2,B0:CB:D8:F3:32:19,-38,0,285,285,0,0,285,285,0
611759563,NODE_F42DC973E618,blackhole,2,B0:CB:D8:F3:32:19,-38,0,286,286,0,0,286,286,0
611859560,NODE_F42DC973E618,blackhole,2,B0:CB:D8:F3:32:19,-38,0,286,286,0,0,286,286,0
611959571,NODE_F42DC973E618,blackhole,2,B0:CB:D8:F3:32:19,-38,0,286,286,0,0,286,286,0
612059567,NODE_F42DC973E618,blackhole,2,B0:CB:D8:F3:32:19,-38,0,286,286,0,0,286,286,0
612159556,NODE_F42DC973E618,blackhole,2,B0:CB:D8:F3:32:19,-38,0,286,286,0,0,286,286,0
612259567,NODE_F42DC973E618,blackhole,2,B0:CB:D8:F3:32:19,-38,0,286,286,0,0,286,286,0
612359563,NODE_F42DC973E618,blackhole,2,B0:CB:D8:F3:32:19,-38,0,286,286,0,0,286,286,0
612459564,NODE_F42DC973E618,blackhole,2,B0:CB:D8:F3:32:19,-38,0,286,286,0,0,286,286,0
612559555,NODE_F42DC973E618,blackhole,2,B0:CB:D8:F3:32:19,-38,0,286,286,0,0,286,286,0
612659567,NODE_F42DC973E618,blackhole,2,B0:CB:D8:F3:32:19,-38,0,286,286,0,0,286,286,0
612759564,NODE_F42DC973E618,blackhole,2,B0:CB:D8:F3:32:19,-38,0,287,287,0,0,287,287,0
612859559,NODE_F42DC973E618,blackhole,2,B0:CB:D8:F3:32:19,-38,0,287,287,0,0,287,287,0
612959575,NODE_F42DC973E618,blackhole,2,B0:CB:D8:F3:32:19,-38,0,287,287,0,0,287,287,0
613059564,NODE_F42DC973E618,blackhole,2,B0:CB:D8:F3:32:19,-38,0,287,287,0,0,287,287,0
613159555,NODE_F42DC973E618,blackhole,2,B0:CB:D8:F3:32:19,-38,0,287,287,0,0,287,287,0
613259567,NODE_F42DC973E618,blackhole,2,B0:CB:D8:F3:32:19,-38,0,287,287,0,0,287,287,0
613359560,NODE_F42DC973E618,blackhole,2,B0:CB:D8:F3:32:19,-38,0,287,287,0,0,287,287,0
613459559,NODE_F42DC973E618,blackhole,2,B0:CB:D8:F3:32:19,-38,0,287,287,0,0,287,287,0
613559555,NODE_F42DC973E618,blackhole,2,B0:CB:D8:F3:32:19,-38,0,287,287,0,0,287,287,0
613659568,NODE_F42DC973E618,blackhole,2,B0:CB:D8:F3:32:19,-42,0,287,287,0,0,287,287,0
613759563,NODE_F42DC973E618,blackhole,2,B0:CB:D8:F3:32:19,-42,0,288,288,0,0,288,288,0
613859559,NODE_F42DC973E618,blackhole,2,B0:CB:D8:F3:32:19,-42,0,288,288,0,0,288,288,0
613959572,NODE_F42DC973E618,blackhole,2,B0:CB:D8:F3:32:19,-42,0,288,288,0,0,288,288,0
614059559,NODE_F42DC973E618,blackhole,2,B0:CB:D8:F3:32:19,-42,0,288,288,0,0,288,288,0
614159571,NODE_F42DC973E618,blackhole,2,B0:CB:D8:F3:32:19,-42,0,288,288,0,0,288,288,0
614259568,NODE_F42DC973E618,blackhole,2,B0:CB:D8:F3:32:19,-42,0,288,288,0,0,288,288,0
614359563,NODE_F42DC973E618,blackhole,2,B0:CB:D8:F3:32:19,-42,0,288,288,0,0,288,288,0
614459563,NODE_F42DC973E618,blackhole,2,B0:CB:D8:F3:32:19,-42,0,288,288,0,0,288,288,0
614559556,NODE_F42DC973E618,blackhole,2,B0:CB:D8:F3:32:19,-42,0,288,288,0,0,288,288,0
614659563,NODE_F42DC973E618,blackhole,2,B0:CB:D8:F3:32:19,-42,0,288,288,0,0,288,288,0
614759563,NODE_F42DC973E618,blackhole,2,B0:CB:D8:F3:32:19,-39,0,289,289,0,0,289,289,0
614859560,NODE_F42DC973E618,blackhole,2,B0:CB:D8:F3:32:19,-39,0,289,289,0,0,289,289,0
614959571,NODE_F42DC973E618,blackhole,2,B0:CB:D8:F3:32:19,-39,0,289,289,0,0,289,289,0
615059567,NODE_F42DC973E618,blackhole,2,B0:CB:D8:F3:32:19,-39,0,289,289,0,0,289,289,0
615159556,NODE_F42DC973E618,blackhole,2,B0:CB:D8:F3:32:19,-39,0,289,289,0,0,289,289,0
615259559,NODE_F42DC973E618,blackhole,2,B0:CB:D8:F3:32:19,-39,0,289,289,0,0,289,289,0
615359563,NODE_F42DC973E618,blackhole,2,B0:CB:D8:F3:32:19,-39,0,289,289,0,0,289,289,0
615459560,NODE_F42DC973E618,blackhole,2,B0:CB:D8:F3:32:19,-39,0,289,289,0,0,289,289,0
615559555,NODE_F42DC973E618,blackhole,2,B0:CB:D8:F3:32:19,-39,0,289,289,0,0,289,289,0
615659563,NODE_F42DC973E618,blackhole,2,B0:CB:D8:F3:32:19,-39,0,289,289,0,0,289,289,0
615759564,NODE_F42DC973E618,blackhole,2,B0:CB:D8:F3:32:19,-40,0,290,290,0,0,290,290,0
615859559,NODE_F42DC973E618,blackhole,2,B0:CB:D8:F3:32:19,-40,0,290,290,0,0,290,290,0
615959571,NODE_F42DC973E618,blackhole,2,B0:CB:D8:F3:32:19,-40,0,290,290,0,0,290,290,0
616059568,NODE_F42DC973E618,blackhole,2,B0:CB:D8:F3:32:19,-40,0,290,290,0,0,290,290,0
616159555,NODE_F42DC973E618,blackhole,2,B0:CB:D8:F3:32:19,-40,0,290,290,0,0,290,290,0
616259567,NODE_F42DC973E618,blackhole,2,B0:CB:D8:F3:32:19,-40,0,290,290,0,0,290,290,0
616359568,NODE_F42DC973E618,blackhole,2,B0:CB:D8:F3:32:19,-40,0,290,290,0,0,290,290,0
616459563,NODE_F42DC973E618,blackhole,2,B0:CB:D8:F3:32:19,-40,0,290,290,0,0,290,290,0
616559555,NODE_F42DC973E618,blackhole,2,B0:CB:D8:F3:32:19,-40,0,290,290,0,0,290,290,0
616659564,NODE_F42DC973E618,blackhole,2,B0:CB:D8:F3:32:19,-40,0,290,290,0,0,290,290,0
616759567,NODE_F42DC973E618,blackhole,2,B0:CB:D8:F3:32:19,-39,0,291,291,0,0,291,291,0
616859559,NODE_F42DC973E618,blackhole,2,B0:CB:D8:F3:32:19,-39,0,291,291,0,0,291,291,0
616959572,NODE_F42DC973E618,blackhole,2,B0:CB:D8:F3:32:19,-39,0,291,291,0,0,291,291,0
617059567,NODE_F42DC973E618,blackhole,2,B0:CB:D8:F3:32:19,-39,0,291,291,0,0,291,291,0
617159571,NODE_F42DC973E618,blackhole,2,B0:CB:D8:F3:32:19,-39,0,291,291,0,0,291,291,0
617259564,NODE_F42DC973E618,blackhole,2,B0:CB:D8:F3:32:19,-39,0,291,291,0,0,291,291,0
617359567,NODE_F42DC973E618,blackhole,2,B0:CB:D8:F3:32:19,-39,0,291,291,0,0,291,291,0
617459563,NODE_F42DC973E618,blackhole,2,B0:CB:D8:F3:32:19,-39,0,291,291,0,0,291,291,0
617559556,NODE_F42DC973E618,blackhole,2,B0:CB:D8:F3:32:19,-39,0,291,291,0,0,291,291,0
617659563,NODE_F42DC973E618,blackhole,2,B0:CB:D8:F3:32:19,-39,0,291,291,0,0,291,291,0
617759567,NODE_F42DC973E618,blackhole,2,B0:CB:D8:F3:32:19,-38,0,292,292,0,0,292,292,0
617859560,NODE_F42DC973E618,blackhole,2,B0:CB:D8:F3:32:19,-38,0,292,292,0,0,292,292,0
617959571,NODE_F42DC973E618,blackhole,2,B0:CB:D8:F3:32:19,-38,0,292,292,0,0,292,292,0
618059571,NODE_F42DC973E618,blackhole,2,B0:CB:D8:F3:32:19,-38,0,292,292,0,0,292,292,0
618159556,NODE_F42DC973E618,blackhole,2,B0:CB:D8:F3:32:19,-38,0,292,292,0,0,292,292,0
618259559,NODE_F42DC973E618,blackhole,2,B0:CB:D8:F3:32:19,-38,0,292,292,0,0,292,292,0
618359567,NODE_F42DC973E618,blackhole,2,B0:CB:D8:F3:32:19,-38,0,292,292,0,0,292,292,0
618459560,NODE_F42DC973E618,blackhole,2,B0:CB:D8:F3:32:19,-38,0,292,292,0,0,292,292,0
618559555,NODE_F42DC973E618,blackhole,2,B0:CB:D8:F3:32:19,-38,0,292,292,0,0,292,292,0
618659563,NODE_F42DC973E618,blackhole,2,B0:CB:D8:F3:32:19,-38,0,292,292,0,0,292,292,0
618759564,NODE_F42DC973E618,blackhole,2,B0:CB:D8:F3:32:19,-38,0,293,293,0,0,293,293,0
618859563,NODE_F42DC973E618,blackhole,2,B0:CB:D8:F3:32:19,-38,0,293,293,0,0,293,293,0
618959571,NODE_F42DC973E618,blackhole,2,B0:CB:D8:F3:32:19,-38,0,293,293,0,0,293,293,0
619059568,NODE_F42DC973E618,blackhole,2,B0:CB:D8:F3:32:19,-38,0,293,293,0,0,293,293,0
619159567,NODE_F42DC973E618,blackhole,2,B0:CB:D8:F3:32:19,-38,0,293,293,0,0,293,293,0
619259567,NODE_F42DC973E618,blackhole,2,B0:CB:D8:F3:32:19,-38,0,293,293,0,0,293,293,0
619359564,NODE_F42DC973E618,blackhole,2,B0:CB:D8:F3:32:19,-38,0,293,293,0,0,293,293,0
619459567,NODE_F42DC973E618,blackhole,2,B0:CB:D8:F3:32:19,-38,0,293,293,0,0,293,293,0
619559555,NODE_F42DC973E618,blackhole,2,B0:CB:D8:F3:32:19,-38,0,293,293,0,0,293,293,0
619659564,NODE_F42DC973E618,blackhole,2,B0:CB:D8:F3:32:19,-38,0,293,293,0,0,293,293,0
619759563,NODE_F42DC973E618,blackhole,2,B0:CB:D8:F3:32:19,-38,0,294,294,0,0,294,294,0
619859563,NODE_F42DC973E618,blackhole,2,B0:CB:D8:F3:32:19,-38,0,294,294,0,0,294,294,0
619960243,NODE_F42DC973E618,blackhole,2,B0:CB:D8:F3:32:19,-38,0,294,294,0,0,294,294,0
620059567,NODE_F42DC973E618,blackhole,2,B0:CB:D8:F3:32:19,-38,0,294,294,0,0,294,294,0
620159575,NODE_F42DC973E618,blackhole,2,B0:CB:D8:F3:32:19,-38,0,294,294,0,0,294,294,0
620259564,NODE_F42DC973E618,blackhole,2,B0:CB:D8:F3:32:19,-38,0,294,294,0,0,294,294,0
620359563,NODE_F42DC973E618,blackhole,2,B0:CB:D8:F3:32:19,-38,0,294,294,0,0,294,294,0
620459567,NODE_F42DC973E618,blackhole,2,B0:CB:D8:F3:32:19,-38,0,294,294,0,0,294,294,0
620559556,NODE_F42DC973E618,blackhole,2,B0:CB:D8:F3:32:19,-38,0,294,294,0,0,294,294,0
620659563,NODE_F42DC973E618,blackhole,2,B0:CB:D8:F3:32:19,-38,0,294,294,0,0,294,294,0
620759563,NODE_F42DC973E618,blackhole,2,B0:CB:D8:F3:32:19,-38,0,295,295,0,0,295,295,0
620859564,NODE_F42DC973E618,blackhole,2,B0:CB:D8:F3:32:19,-43,0,295,295,0,0,295,295,0
620959575,NODE_F42DC973E618,blackhole,2,B0:CB:D8:F3:32:19,-43,0,295,295,0,0,295,295,0
621059567,NODE_F42DC973E618,blackhole,2,B0:CB:D8:F3:32:19,-43,0,295,295,0,0,295,295,0
621159568,NODE_F42DC973E618,blackhole,2,B0:CB:D8:F3:32:19,-43,0,295,295,0,0,295,295,0
621259559,NODE_F42DC973E618,blackhole,2,B0:CB:D8:F3:32:19,-43,0,295,295,0,0,295,295,0
621359559,NODE_F42DC973E618,blackhole,2,B0:CB:D8:F3:32:19,-43,0,295,295,0,0,295,295,0
621459568,NODE_F42DC973E618,blackhole,2,B0:CB:D8:F3:32:19,-43,0,295,295,0,0,295,295,0
621559559,NODE_F42DC973E618,blackhole,2,B0:CB:D8:F3:32:19,-43,0,295,295,0,0,295,295,0
621659571,NODE_F42DC973E618,blackhole,2,B0:CB:D8:F3:32:19,-43,0,295,295,0,0,295,295,0
621759564,NODE_F42DC973E618,blackhole,2,B0:CB:D8:F3:32:19,-43,0,296,296,0,0,296,296,0
621859563,NODE_F42DC973E618,blackhole,2,B0:CB:D8:F3:32:19,-42,0,296,296,0,0,296,296,0
621959571,NODE_F42DC973E618,blackhole,2,B0:CB:D8:F3:32:19,-42,0,296,296,0,0,296,296,0
622059568,NODE_F42DC973E618,blackhole,2,B0:CB:D8:F3:32:19,-42,0,296,296,0,0,296,296,0
622159567,NODE_F42DC973E618,blackhole,2,B0:CB:D8:F3:32:19,-42,0,296,296,0,0,296,296,0
622259567,NODE_F42DC973E618,blackhole,2,B0:CB:D8:F3:32:19,-42,0,296,296,0,0,296,296,0
622359564,NODE_F42DC973E618,blackhole,2,B0:CB:D8:F3:32:19,-42,0,296,296,0,0,296,296,0
622459567,NODE_F42DC973E618,blackhole,2,B0:CB:D8:F3:32:19,-42,0,296,296,0,0,296,296,0
622559555,NODE_F42DC973E618,blackhole,2,B0:CB:D8:F3:32:19,-42,0,296,296,0,0,296,296,0
622659564,NODE_F42DC973E618,blackhole,2,B0:CB:D8:F3:32:19,-42,0,296,296,0,0,296,296,0
622759563,NODE_F42DC973E618,blackhole,2,B0:CB:D8:F3:32:19,-42,0,297,297,0,0,297,297,0
622859563,NODE_F42DC973E618,blackhole,2,B0:CB:D8:F3:32:19,-42,0,297,297,0,0,297,297,0
622959564,NODE_F42DC973E618,blackhole,2,B0:CB:D8:F3:32:19,-40,0,297,297,0,0,297,297,0
623059567,NODE_F42DC973E618,blackhole,2,B0:CB:D8:F3:32:19,-40,0,297,297,0,0,297,297,0
623159571,NODE_F42DC973E618,blackhole,2,B0:CB:D8:F3:32:19,-40,0,297,297,0,0,297,297,0
623259564,NODE_F42DC973E618,blackhole,2,B0:CB:D8:F3:32:19,-40,0,297,297,0,0,297,297,0
623359567,NODE_F42DC973E618,blackhole,2,B0:CB:D8:F3:32:19,-40,0,297,297,0,0,297,297,0
623459563,NODE_F42DC973E618,blackhole,2,B0:CB:D8:F3:32:19,-40,0,297,297,0,0,297,297,0
623559560,NODE_F42DC973E618,blackhole,2,B0:CB:D8:F3:32:19,-40,0,297,297,0,0,297,297,0
623659563,NODE_F42DC973E618,blackhole,2,B0:CB:D8:F3:32:19,-40,0,297,297,0,0,297,297,0
623759563,NODE_F42DC973E618,blackhole,2,B0:CB:D8:F3:32:19,-40,0,298,298,0,0,298,298,0
623859556,NODE_F42DC973E618,blackhole,2,B0:CB:D8:F3:32:19,-40,0,298,298,0,0,298,298,0
623959575,NODE_F42DC973E618,blackhole,2,B0:CB:D8:F3:32:19,-38,0,298,298,0,0,298,298,0
624059567,NODE_F42DC973E618,blackhole,2,B0:CB:D8:F3:32:19,-38,0,298,298,0,0,298,298,0
624159560,NODE_F42DC973E618,blackhole,2,B0:CB:D8:F3:32:19,-38,0,298,298,0,0,298,298,0
624259567,NODE_F42DC973E618,blackhole,2,B0:CB:D8:F3:32:19,-38,0,298,298,0,0,298,298,0
624359559,NODE_F42DC973E618,blackhole,2,B0:CB:D8:F3:32:19,-38,0,298,298,0,0,298,298,0
624459564,NODE_F42DC973E618,blackhole,2,B0:CB:D8:F3:32:19,-38,0,298,298,0,0,298,298,0
624559559,NODE_F42DC973E618,blackhole,2,B0:CB:D8:F3:32:19,-38,0,298,298,0,0,298,298,0
624659563,NODE_F42DC973E618,blackhole,2,B0:CB:D8:F3:32:19,-38,0,298,298,0,0,298,298,0
624759564,NODE_F42DC973E618,blackhole,2,B0:CB:D8:F3:32:19,-38,0,299,299,0,0,299,299,0
624859555,NODE_F42DC973E618,blackhole,2,B0:CB:D8:F3:32:19,-38,0,299,299,0,0,299,299,0
624959571,NODE_F42DC973E618,blackhole,2,B0:CB:D8:F3:32:19,-37,0,299,299,0,0,299,299,0
625059568,NODE_F42DC973E618,blackhole,2,B0:CB:D8:F3:32:19,-37,0,299,299,0,0,299,299,0
625159559,NODE_F42DC973E618,blackhole,2,B0:CB:D8:F3:32:19,-37,0,299,299,0,0,299,299,0
625259567,NODE_F42DC973E618,blackhole,2,B0:CB:D8:F3:32:19,-37,0,299,299,0,0,299,299,0
625359560,NODE_F42DC973E618,blackhole,2,B0:CB:D8:F3:32:19,-37,0,299,299,0,0,299,299,0
625459559,NODE_F42DC973E618,blackhole,2,B0:CB:D8:F3:32:19,-37,0,299,299,0,0,299,299,0
625559559,NODE_F42DC973E618,blackhole,2,B0:CB:D8:F3:32:19,-37,0,299,299,0,0,299,299,0
625659560,NODE_F42DC973E618,blackhole,2,B0:CB:D8:F3:32:19,-37,0,299,299,0,0,299,299,0
625759563,NODE_F42DC973E618,blackhole,2,B0:CB:D8:F3:32:19,-37,0,300,300,0,0,300,300,0
625859555,NODE_F42DC973E618,blackhole,2,B0:CB:D8:F3:32:19,-37,0,300,300,0,0,300,300,0
625959572,NODE_F42DC973E618,blackhole,2,B0:CB:D8:F3:32:19,-38,0,300,300,0,0,300,300,0
626059567,NODE_F42DC973E618,blackhole,2,B0:CB:D8:F3:32:19,-38,0,300,300,0,0,300,300,0
626159575,NODE_F42DC973E618,blackhole,2,B0:CB:D8:F3:32:19,-38,0,300,300,0,0,300,300,0
626259564,NODE_F42DC973E618,blackhole,2,B0:CB:D8:F3:32:19,-38,0,300,300,0,0,300,300,0
626359563,NODE_F42DC973E618,blackhole,2,B0:CB:D8:F3:32:19,-38,0,300,300,0,0,300,300,0
626459563,NODE_F42DC973E618,blackhole,2,B0:CB:D8:F3:32:19,-38,0,300,300,0,0,300,300,0
626559560,NODE_F42DC973E618,blackhole,2,B0:CB:D8:F3:32:19,-38,0,300,300,0,0,300,300,0
626659563,NODE_F42DC973E618,blackhole,2,B0:CB:D8:F3:32:19,-38,0,300,300,0,0,300,300,0
626759563,NODE_F42DC973E618,blackhole,2,B0:CB:D8:F3:32:19,-38,0,301,301,0,0,301,301,0
626859556,NODE_F42DC973E618,blackhole,2,B0:CB:D8:F3:32:19,-38,0,301,301,0,0,301,301,0
626959571,NODE_F42DC973E618,blackhole,2,B0:CB:D8:F3:32:19,-38,0,301,301,0,0,301,301,0
627059571,NODE_F42DC973E618,blackhole,2,B0:CB:D8:F3:32:19,-39,0,301,301,0,0,301,301,0
627159560,NODE_F42DC973E618,blackhole,2,B0:CB:D8:F3:32:19,-39,0,301,301,0,0,301,301,0
627259567,NODE_F42DC973E618,blackhole,2,B0:CB:D8:F3:32:19,-39,0,301,301,0,0,301,301,0
627359563,NODE_F42DC973E618,blackhole,2,B0:CB:D8:F3:32:19,-39,0,301,301,0,0,301,301,0
627459564,NODE_F42DC973E618,blackhole,2,B0:CB:D8:F3:32:19,-39,0,301,301,0,0,301,301,0
627559555,NODE_F42DC973E618,blackhole,2,B0:CB:D8:F3:32:19,-39,0,301,301,0,0,301,301,0
627659563,NODE_F42DC973E618,blackhole,2,B0:CB:D8:F3:32:19,-39,0,301,301,0,0,301,301,0
627759564,NODE_F42DC973E618,blackhole,2,B0:CB:D8:F3:32:19,-39,0,302,302,0,0,302,302,0
627859555,NODE_F42DC973E618,blackhole,2,B0:CB:D8:F3:32:19,-39,0,302,302,0,0,302,302,0
627959567,NODE_F42DC973E618,blackhole,2,B0:CB:D8:F3:32:19,-39,0,302,302,0,0,302,302,0
628059568,NODE_F42DC973E618,blackhole,2,B0:CB:D8:F3:32:19,-39,0,302,302,0,0,302,302,0
628159559,NODE_F42DC973E618,blackhole,2,B0:CB:D8:F3:32:19,-39,0,302,302,0,0,302,302,0
628259567,NODE_F42DC973E618,blackhole,2,B0:CB:D8:F3:32:19,-39,0,302,302,0,0,302,302,0
628359568,NODE_F42DC973E618,blackhole,2,B0:CB:D8:F3:32:19,-39,0,302,302,0,0,302,302,0
628459559,NODE_F42DC973E618,blackhole,2,B0:CB:D8:F3:32:19,-39,0,302,302,0,0,302,302,0
628559555,NODE_F42DC973E618,blackhole,2,B0:CB:D8:F3:32:19,-39,0,302,302,0,0,302,302,0
628659568,NODE_F42DC973E618,blackhole,2,B0:CB:D8:F3:32:19,-39,0,302,302,0,0,302,302,0
628759563,NODE_F42DC973E618,blackhole,2,B0:CB:D8:F3:32:19,-39,0,303,303,0,0,303,303,0
628859555,NODE_F42DC973E618,blackhole,2,B0:CB:D8:F3:32:19,-39,0,303,303,0,0,303,303,0
628959568,NODE_F42DC973E618,blackhole,2,B0:CB:D8:F3:32:19,-39,0,303,303,0,0,303,303,0
629059567,NODE_F42DC973E618,blackhole,2,B0:CB:D8:F3:32:19,-38,0,303,303,0,0,303,303,0
629159575,NODE_F42DC973E618,blackhole,2,B0:CB:D8:F3:32:19,-38,0,303,303,0,0,303,303,0
629259568,NODE_F42DC973E618,blackhole,2,B0:CB:D8:F3:32:19,-38,0,303,303,0,0,303,303,0
629359563,NODE_F42DC973E618,blackhole,2,B0:CB:D8:F3:32:19,-38,0,303,303,0,0,303,303,0
629459559,NODE_F42DC973E618,blackhole,2,B0:CB:D8:F3:32:19,-38,0,303,303,0,0,303,303,0
629559556,NODE_F42DC973E618,blackhole,2,B0:CB:D8:F3:32:19,-38,0,303,303,0,0,303,303,0
629659567,NODE_F42DC973E618,blackhole,2,B0:CB:D8:F3:32:19,-38,0,303,303,0,0,303,303,0
629759563,NODE_F42DC973E618,blackhole,2,B0:CB:D8:F3:32:19,-38,0,304,304,0,0,304,304,0
629859556,NODE_F42DC973E618,blackhole,2,B0:CB:D8:F3:32:19,-38,0,304,304,0,0,304,304,0
629959571,NODE_F42DC973E618,blackhole,2,B0:CB:D8:F3:32:19,-38,0,304,304,0,0,304,304,0
630059567,NODE_F42DC973E618,blackhole,2,B0:CB:D8:F3:32:19,-39,0,304,304,0,0,304,304,0
630159560,NODE_F42DC973E618,blackhole,2,B0:CB:D8:F3:32:19,-39,0,304,304,0,0,304,304,0
630259567,NODE_F42DC973E618,blackhole,2,B0:CB:D8:F3:32:19,-39,0,304,304,0,0,304,304,0
630359567,NODE_F42DC973E618,blackhole,2,B0:CB:D8:F3:32:19,-39,0,304,304,0,0,304,304,0
630459564,NODE_F42DC973E618,blackhole,2,B0:CB:D8:F3:32:19,-39,0,304,304,0,0,304,304,0
630559555,NODE_F42DC973E618,blackhole,2,B0:CB:D8:F3:32:19,-39,0,304,304,0,0,304,304,0
630659567,NODE_F42DC973E618,blackhole,2,B0:CB:D8:F3:32:19,-39,0,304,304,0,0,304,304,0
630759564,NODE_F42DC973E618,blackhole,2,B0:CB:D8:F3:32:19,-39,0,305,305,0,0,305,305,0
630859555,NODE_F42DC973E618,blackhole,2,B0:CB:D8:F3:32:19,-39,0,305,305,0,0,305,305,0
630959567,NODE_F42DC973E618,blackhole,2,B0:CB:D8:F3:32:19,-39,0,305,305,0,0,305,305,0
631059568,NODE_F42DC973E618,blackhole,2,B0:CB:D8:F3:32:19,-42,0,305,305,0,0,305,305,0
631159559,NODE_F42DC973E618,blackhole,2,B0:CB:D8:F3:32:19,-42,0,305,305,0,0,305,305,0
631259567,NODE_F42DC973E618,blackhole,2,B0:CB:D8:F3:32:19,-42,0,305,305,0,0,305,305,0
631359568,NODE_F42DC973E618,blackhole,2,B0:CB:D8:F3:32:19,-42,0,305,305,0,0,305,305,0
631459559,NODE_F42DC973E618,blackhole,2,B0:CB:D8:F3:32:19,-42,0,305,305,0,0,305,305,0
631559563,NODE_F42DC973E618,blackhole,2,B0:CB:D8:F3:32:19,-42,0,305,305,0,0,305,305,0
631659572,NODE_F42DC973E618,blackhole,2,B0:CB:D8:F3:32:19,-42,0,305,305,0,0,305,305,0
631759563,NODE_F42DC973E618,blackhole,2,B0:CB:D8:F3:32:19,-42,0,306,306,0,0,306,306,0
631859555,NODE_F42DC973E618,blackhole,2,B0:CB:D8:F3:32:19,-42,0,306,306,0,0,306,306,0
631959568,NODE_F42DC973E618,blackhole,2,B0:CB:D8:F3:32:19,-42,0,306,306,0,0,306,306,0
632059563,NODE_F42DC973E618,blackhole,2,B0:CB:D8:F3:32:19,-42,0,306,306,0,0,306,306,0
632159575,NODE_F42DC973E618,blackhole,2,B0:CB:D8:F3:32:19,-39,0,306,306,0,0,306,306,0
632259568,NODE_F42DC973E618,blackhole,2,B0:CB:D8:F3:32:19,-39,0,306,306,0,0,306,306,0
632359567,NODE_F42DC973E618,blackhole,2,B0:CB:D8:F3:32:19,-39,0,306,306,0,0,306,306,0
632459563,NODE_F42DC973E618,blackhole,2,B0:CB:D8:F3:32:19,-39,0,306,306,0,0,306,306,0
632559556,NODE_F42DC973E618,blackhole,2,B0:CB:D8:F3:32:19,-39,0,306,306,0,0,306,306,0
632659563,NODE_F42DC973E618,blackhole,2,B0:CB:D8:F3:32:19,-39,0,306,306,0,0,306,306,0
632759563,NODE_F42DC973E618,blackhole,2,B0:CB:D8:F3:32:19,-39,0,307,307,0,0,307,307,0
632859556,NODE_F42DC973E618,blackhole,2,B0:CB:D8:F3:32:19,-39,0,307,307,0,0,307,307,0
632959571,NODE_F42DC973E618,blackhole,2,B0:CB:D8:F3:32:19,-39,0,307,307,0,0,307,307,0
633059559,NODE_F42DC973E618,blackhole,2,B0:CB:D8:F3:32:19,-39,0,307,307,0,0,307,307,0
633159564,NODE_F42DC973E618,blackhole,2,B0:CB:D8:F3:32:19,-43,0,307,307,0,0,307,307,0
633259567,NODE_F42DC973E618,blackhole,2,B0:CB:D8:F3:32:19,-43,0,307,307,0,0,307,307,0
633359567,NODE_F42DC973E618,blackhole,2,B0:CB:D8:F3:32:19,-43,0,307,307,0,0,307,307,0
633459568,NODE_F42DC973E618,blackhole,2,B0:CB:D8:F3:32:19,-43,0,307,307,0,0,307,307,0
633559555,NODE_F42DC973E618,blackhole,2,B0:CB:D8:F3:32:19,-43,0,307,307,0,0,307,307,0
633659559,NODE_F42DC973E618,blackhole,2,B0:CB:D8:F3:32:19,-43,0,307,307,0,0,307,307,0
633759564,NODE_F42DC973E618,blackhole,2,B0:CB:D8:F3:32:19,-43,0,308,308,0,0,308,308,0
633859555,NODE_F42DC973E618,blackhole,2,B0:CB:D8:F3:32:19,-43,0,308,308,0,0,308,308,0
633959567,NODE_F42DC973E618,blackhole,2,B0:CB:D8:F3:32:19,-43,0,308,308,0,0,308,308,0
634059576,NODE_F42DC973E618,blackhole,2,B0:CB:D8:F3:32:19,-43,0,308,308,0,0,308,308,0
634159563,NODE_F42DC973E618,blackhole,2,B0:CB:D8:F3:32:19,-43,0,308,308,0,0,308,308,0
634259567,NODE_F42DC973E618,blackhole,2,B0:CB:D8:F3:32:19,-43,0,308,308,0,0,308,308,0
634359568,NODE_F42DC973E618,blackhole,2,B0:CB:D8:F3:32:19,-43,0,308,308,0,0,308,308,0
634459567,NODE_F42DC973E618,blackhole,2,B0:CB:D8:F3:32:19,-43,0,308,308,0,0,308,308,0
634559555,NODE_F42DC973E618,blackhole,2,B0:CB:D8:F3:32:19,-43,0,308,308,0,0,308,308,0
634659564,NODE_F42DC973E618,blackhole,2,B0:CB:D8:F3:32:19,-43,0,308,308,0,0,308,308,0
634759567,NODE_F42DC973E618,blackhole,2,B0:CB:D8:F3:32:19,-43,0,309,309,0,0,309,309,0
634859555,NODE_F42DC973E618,blackhole,2,B0:CB:D8:F3:32:19,-43,0,309,309,0,0,309,309,0
634959568,NODE_F42DC973E618,blackhole,2,B0:CB:D8:F3:32:19,-43,0,309,309,0,0,309,309,0
635059559,NODE_F42DC973E618,blackhole,2,B0:CB:D8:F3:32:19,-43,0,309,309,0,0,309,309,0
635159714,NODE_F42DC973E618,blackhole,2,B0:CB:D8:F3:32:19,-40,0,309,309,0,0,309,309,0
635259568,NODE_F42DC973E618,blackhole,2,B0:CB:D8:F3:32:19,-40,0,309,309,0,0,309,309,0
635359567,NODE_F42DC973E618,blackhole,2,B0:CB:D8:F3:32:19,-40,0,309,309,0,0,309,309,0
635459567,NODE_F42DC973E618,blackhole,2,B0:CB:D8:F3:32:19,-40,0,309,309,0,0,309,309,0
635559556,NODE_F42DC973E618,blackhole,2,B0:CB:D8:F3:32:19,-40,0,309,309,0,0,309,309,0
635659559,NODE_F42DC973E618,blackhole,2,B0:CB:D8:F3:32:19,-40,0,309,309,0,0,309,309,0
635759563,NODE_F42DC973E618,blackhole,2,B0:CB:D8:F3:32:19,-40,0,310,310,0,0,310,310,0
635859556,NODE_F42DC973E618,blackhole,2,B0:CB:D8:F3:32:19,-40,0,310,310,0,0,310,310,0
635959571,NODE_F42DC973E618,blackhole,2,B0:CB:D8:F3:32:19,-40,0,310,310,0,0,310,310,0
636059563,NODE_F42DC973E618,blackhole,2,B0:CB:D8:F3:32:19,-40,0,310,310,0,0,310,310,0
636159556,NODE_F42DC973E618,blackhole,2,B0:CB:D8:F3:32:19,-40,0,310,310,0,0,310,310,0
636259567,NODE_F42DC973E618,blackhole,2,B0:CB:D8:F3:32:19,-38,0,310,310,0,0,310,310,0
636359563,NODE_F42DC973E618,blackhole,2,B0:CB:D8:F3:32:19,-38,0,310,310,0,0,310,310,0
636459568,NODE_F42DC973E618,blackhole,2,B0:CB:D8:F3:32:19,-38,0,310,310,0,0,310,310,0
636559567,NODE_F42DC973E618,blackhole,2,B0:CB:D8:F3:32:19,-38,0,310,310,0,0,310,310,0
636659563,NODE_F42DC973E618,blackhole,2,B0:CB:D8:F3:32:19,-38,0,310,310,0,0,310,310,0
636759564,NODE_F42DC973E618,blackhole,2,B0:CB:D8:F3:32:19,-38,0,311,311,0,0,311,311,0
636859559,NODE_F42DC973E618,blackhole,2,B0:CB:D8:F3:32:19,-38,0,311,311,0,0,311,311,0
636959567,NODE_F42DC973E618,blackhole,2,B0:CB:D8:F3:32:19,-38,0,311,311,0,0,311,311,0
637059564,NODE_F42DC973E618,blackhole,2,B0:CB:D8:F3:32:19,-38,0,311,311,0,0,311,311,0
637159555,NODE_F42DC973E618,blackhole,2,B0:CB:D8:F3:32:19,-38,0,311,311,0,0,311,311,0
637259567,NODE_F42DC973E618,blackhole,2,B0:CB:D8:F3:32:19,-39,0,311,311,0,0,311,311,0
637359564,NODE_F42DC973E618,blackhole,2,B0:CB:D8:F3:32:19,-39,0,311,311,0,0,311,311,0
637459567,NODE_F42DC973E618,blackhole,2,B0:CB:D8:F3:32:19,-39,0,311,311,0,0,311,311,0
637559567,NODE_F42DC973E618,blackhole,2,B0:CB:D8:F3:32:19,-39,0,311,311,0,0,311,311,0
637659564,NODE_F42DC973E618,blackhole,2,B0:CB:D8:F3:32:19,-39,0,311,311,0,0,311,311,0
637759563,NODE_F42DC973E618,blackhole,2,B0:CB:D8:F3:32:19,-39,0,312,312,0,0,312,312,0
637859559,NODE_F42DC973E618,blackhole,2,B0:CB:D8:F3:32:19,-39,0,312,312,0,0,312,312,0
637959568,NODE_F42DC973E618,blackhole,2,B0:CB:D8:F3:32:19,-39,0,312,312,0,0,312,312,0
638059563,NODE_F42DC973E618,blackhole,2,B0:CB:D8:F3:32:19,-39,0,312,312,0,0,312,312,0
638159567,NODE_F42DC973E618,blackhole,2,B0:CB:D8:F3:32:19,-39,0,312,312,0,0,312,312,0
638259568,NODE_F42DC973E618,blackhole,2,B0:CB:D8:F3:32:19,-39,0,312,312,0,0,312,312,0
638359567,NODE_F42DC973E618,blackhole,2,B0:CB:D8:F3:32:19,-39,0,312,312,0,0,312,312,0
638459567,NODE_F42DC973E618,blackhole,2,B0:CB:D8:F3:32:19,-39,0,312,312,0,0,312,312,0
638559568,NODE_F42DC973E618,blackhole,2,B0:CB:D8:F3:32:19,-39,0,312,312,0,0,312,312,0
638659563,NODE_F42DC973E618,blackhole,2,B0:CB:D8:F3:32:19,-39,0,312,312,0,0,312,312,0
638759563,NODE_F42DC973E618,blackhole,2,B0:CB:D8:F3:32:19,-39,0,313,313,0,0,313,313,0
638859560,NODE_F42DC973E618,blackhole,2,B0:CB:D8:F3:32:19,-39,0,313,313,0,0,313,313,0
638959567,NODE_F42DC973E618,blackhole,2,B0:CB:D8:F3:32:19,-39,0,313,313,0,0,313,313,0
639059563,NODE_F42DC973E618,blackhole,2,B0:CB:D8:F3:32:19,-39,0,313,313,0,0,313,313,0
639159556,NODE_F42DC973E618,blackhole,2,B0:CB:D8:F3:32:19,-39,0,313,313,0,0,313,313,0
639259567,NODE_F42DC973E618,blackhole,2,B0:CB:D8:F3:32:19,-39,0,313,313,0,0,313,313,0
639359571,NODE_F42DC973E618,blackhole,2,B0:CB:D8:F3:32:19,-39,0,313,313,0,0,313,313,0
639459568,NODE_F42DC973E618,blackhole,2,B0:CB:D8:F3:32:19,-39,0,313,313,0,0,313,313,0
639559567,NODE_F42DC973E618,blackhole,2,B0:CB:D8:F3:32:19,-39,0,313,313,0,0,313,313,0
639659559,NODE_F42DC973E618,blackhole,2,B0:CB:D8:F3:32:19,-39,0,313,313,0,0,313,313,0
639759564,NODE_F42DC973E618,blackhole,2,B0:CB:D8:F3:32:19,-39,0,314,314,0,0,314,314,0
639859559,NODE_F42DC973E618,blackhole,2,B0:CB:D8:F3:32:19,-39,0,314,314,0,0,314,314,0
639959567,NODE_F42DC973E618,blackhole,2,B0:CB:D8:F3:32:19,-39,0,314,314,0,0,314,314,0
640059564,NODE_F42DC973E618,blackhole,2,B0:CB:D8:F3:32:19,-39,0,314,314,0,0,314,314,0
640159555,NODE_F42DC973E618,blackhole,2,B0:CB:D8:F3:32:19,-39,0,314,314,0,0,314,314,0
640259563,NODE_F42DC973E618,blackhole,2,B0:CB:D8:F3:32:19,-39,0,314,314,0,0,314,314,0
640359564,NODE_F42DC973E618,blackhole,2,B0:CB:D8:F3:32:19,-42,0,314,314,0,0,314,314,0
640459567,NODE_F42DC973E618,blackhole,2,B0:CB:D8:F3:32:19,-42,0,314,314,0,0,314,314,0
640559559,NODE_F42DC973E618,blackhole,2,B0:CB:D8:F3:32:19,-42,0,314,314,0,0,314,314,0
640659564,NODE_F42DC973E618,blackhole,2,B0:CB:D8:F3:32:19,-42,0,314,314,0,0,314,314,0
640759563,NODE_F42DC973E618,blackhole,2,B0:CB:D8:F3:32:19,-42,0,315,315,0,0,315,315,0
640859555,NODE_F42DC973E618,blackhole,2,B0:CB:D8:F3:32:19,-42,0,315,315,0,0,315,315,0
640959572,NODE_F42DC973E618,blackhole,2,B0:CB:D8:F3:32:19,-42,0,315,315,0,0,315,315,0
641059575,NODE_F42DC973E618,blackhole,2,B0:CB:D8:F3:32:19,-42,0,315,315,0,0,315,315,0
641159674,NODE_F42DC973E618,blackhole,2,B0:CB:D8:F3:32:19,-42,0,315,315,0,0,315,315,0
641259564,NODE_F42DC973E618,blackhole,2,B0:CB:D8:F3:32:19,-42,0,315,315,0,0,315,315,0
641359567,NODE_F42DC973E618,blackhole,2,B0:CB:D8:F3:32:19,-38,0,315,315,0,0,315,315,0
641459567,NODE_F42DC973E618,blackhole,2,B0:CB:D8:F3:32:19,-38,0,315,315,0,0,315,315,0
641559572,NODE_F42DC973E618,blackhole,2,B0:CB:D8:F3:32:19,-38,0,315,315,0,0,315,315,0
641659563,NODE_F42DC973E618,blackhole,2,B0:CB:D8:F3:32:19,-38,0,315,315,0,0,315,315,0
641759563,NODE_F42DC973E618,blackhole,2,B0:CB:D8:F3:32:19,-38,0,316,316,0,0,316,316,0
641859556,NODE_F42DC973E618,blackhole,2,B0:CB:D8:F3:32:19,-38,0,316,316,0,0,316,316,0
641959571,NODE_F42DC973E618,blackhole,2,B0:CB:D8:F3:32:19,-38,0,316,316,0,0,316,316,0
642059563,NODE_F42DC973E618,blackhole,2,B0:CB:D8:F3:32:19,-38,0,316,316,0,0,316,316,0
642159556,NODE_F42DC973E618,blackhole,2,B0:CB:D8:F3:32:19,-38,0,316,316,0,0,316,316,0
642259563,NODE_F42DC973E618,blackhole,2,B0:CB:D8:F3:32:19,-38,0,316,316,0,0,316,316,0
642359571,NODE_F42DC973E618,blackhole,2,B0:CB:D8:F3:32:19,-37,0,316,316,0,0,316,316,0
642459568,NODE_F42DC973E618,blackhole,2,B0:CB:D8:F3:32:19,-37,0,316,316,0,0,316,316,0
642559559,NODE_F42DC973E618,blackhole,2,B0:CB:D8:F3:32:19,-37,0,316,316,0,0,316,316,0
642659571,NODE_F42DC973E618,blackhole,2,B0:CB:D8:F3:32:19,-37,0,316,316,0,0,316,316,0
642759564,NODE_F42DC973E618,blackhole,2,B0:CB:D8:F3:32:19,-37,0,317,317,0,0,317,317,0
642859555,NODE_F42DC973E618,blackhole,2,B0:CB:D8:F3:32:19,-37,0,317,317,0,0,317,317,0
642959571,NODE_F42DC973E618,blackhole,2,B0:CB:D8:F3:32:19,-37,0,317,317,0,0,317,317,0
643059564,NODE_F42DC973E618,blackhole,2,B0:CB:D8:F3:32:19,-37,0,317,317,0,0,317,317,0
643159555,NODE_F42DC973E618,blackhole,2,B0:CB:D8:F3:32:19,-37,0,317,317,0,0,317,317,0
643259563,NODE_F42DC973E618,blackhole,2,B0:CB:D8:F3:32:19,-37,0,317,317,0,0,317,317,0
643359839,NODE_F42DC973E618,blackhole,2,B0:CB:D8:F3:32:19,-39,0,317,317,0,0,317,317,0
643459567,NODE_F42DC973E618,blackhole,2,B0:CB:D8:F3:32:19,-39,0,317,317,0,0,317,317,0
643559559,NODE_F42DC973E618,blackhole,2,B0:CB:D8:F3:32:19,-39,0,317,317,0,0,317,317,0
643659568,NODE_F42DC973E618,blackhole,2,B0:CB:D8:F3:32:19,-39,0,317,317,0,0,317,317,0
643759563,NODE_F42DC973E618,blackhole,2,B0:CB:D8:F3:32:19,-39,0,318,318,0,0,318,318,0
643859555,NODE_F42DC973E618,blackhole,2,B0:CB:D8:F3:32:19,-39,0,318,318,0,0,318,318,0
643959572,NODE_F42DC973E618,blackhole,2,B0:CB:D8:F3:32:19,-39,0,318,318,0,0,318,318,0
644059563,NODE_F42DC973E618,blackhole,2,B0:CB:D8:F3:32:19,-39,0,318,318,0,0,318,318,0
644160003,NODE_F42DC973E618,blackhole,2,B0:CB:D8:F3:32:19,-39,0,318,318,0,0,318,318,0
644259564,NODE_F42DC973E618,blackhole,2,B0:CB:D8:F3:32:19,-39,0,318,318,0,0,318,318,0
644359563,NODE_F42DC973E618,blackhole,2,B0:CB:D8:F3:32:19,-39,0,318,318,0,0,318,318,0
644459563,NODE_F42DC973E618,blackhole,2,B0:CB:D8:F3:32:19,-39,0,318,318,0,0,318,318,0
644559560,NODE_F42DC973E618,blackhole,2,B0:CB:D8:F3:32:19,-39,0,318,318,0,0,318,318,0
644659567,NODE_F42DC973E618,blackhole,2,B0:CB:D8:F3:32:19,-39,0,318,318,0,0,318,318,0
644759563,NODE_F42DC973E618,blackhole,2,B0:CB:D8:F3:32:19,-39,0,319,319,0,0,319,319,0
644859556,NODE_F42DC973E618,blackhole,2,B0:CB:D8:F3:32:19,-39,0,319,319,0,0,319,319,0
644959567,NODE_F42DC973E618,blackhole,2,B0:CB:D8:F3:32:19,-39,0,319,319,0,0,319,319,0
645059563,NODE_F42DC973E618,blackhole,2,B0:CB:D8:F3:32:19,-39,0,319,319,0,0,319,319,0
645159556,NODE_F42DC973E618,blackhole,2,B0:CB:D8:F3:32:19,-39,0,319,319,0,0,319,319,0
645259563,NODE_F42DC973E618,blackhole,2,B0:CB:D8:F3:32:19,-39,0,319,319,0,0,319,319,0
645359567,NODE_F42DC973E618,blackhole,2,B0:CB:D8:F3:32:19,-39,0,319,319,0,0,319,319,0
645459568,NODE_F42DC973E618,blackhole,2,B0:CB:D8:F3:32:19,-39,0,319,319,0,0,319,319,0
645559559,NODE_F42DC973E618,blackhole,2,B0:CB:D8:F3:32:19,-39,0,319,319,0,0,319,319,0
645659567,NODE_F42DC973E618,blackhole,2,B0:CB:D8:F3:32:19,-39,0,319,319,0,0,319,319,0
645759564,NODE_F42DC973E618,blackhole,2,B0:CB:D8:F3:32:19,-39,0,320,320,0,0,320,320,0
645859555,NODE_F42DC973E618,blackhole,2,B0:CB:D8:F3:32:19,-39,0,320,320,0,0,320,320,0
645959571,NODE_F42DC973E618,blackhole,2,B0:CB:D8:F3:32:19,-39,0,320,320,0,0,320,320,0
646059564,NODE_F42DC973E618,blackhole,2,B0:CB:D8:F3:32:19,-39,0,320,320,0,0,320,320,0
646159555,NODE_F42DC973E618,blackhole,2,B0:CB:D8:F3:32:19,-39,0,320,320,0,0,320,320,0
646259563,NODE_F42DC973E618,blackhole,2,B0:CB:D8:F3:32:19,-39,0,320,320,0,0,320,320,0
646359560,NODE_F42DC973E618,blackhole,2,B0:CB:D8:F3:32:19,-39,0,320,320,0,0,320,320,0
646459567,NODE_F42DC973E618,blackhole,2,B0:CB:D8:F3:32:19,-38,0,320,320,0,0,320,320,0
646559559,NODE_F42DC973E618,blackhole,2,B0:CB:D8:F3:32:19,-38,0,320,320,0,0,320,320,0
646659568,NODE_F42DC973E618,blackhole,2,B0:CB:D8:F3:32:19,-38,0,320,320,0,0,320,320,0
646759563,NODE_F42DC973E618,blackhole,2,B0:CB:D8:F3:32:19,-38,0,321,321,0,0,321,321,0
646859555,NODE_F42DC973E618,blackhole,2,B0:CB:D8:F3:32:19,-38,0,321,321,0,0,321,321,0
646959568,NODE_F42DC973E618,blackhole,2,B0:CB:D8:F3:32:19,-38,0,321,321,0,0,321,321,0
647059567,NODE_F42DC973E618,blackhole,2,B0:CB:D8:F3:32:19,-38,0,321,321,0,0,321,321,0
647159555,NODE_F42DC973E618,blackhole,2,B0:CB:D8:F3:32:19,-38,0,321,321,0,0,321,321,0
647259572,NODE_F42DC973E618,blackhole,2,B0:CB:D8:F3:32:19,-38,0,321,321,0,0,321,321,0
647359563,NODE_F42DC973E618,blackhole,2,B0:CB:D8:F3:32:19,-38,0,321,321,0,0,321,321,0
647459567,NODE_F42DC973E618,blackhole,2,B0:CB:D8:F3:32:19,-39,0,321,321,0,0,321,321,0
647559560,NODE_F42DC973E618,blackhole,2,B0:CB:D8:F3:32:19,-39,0,321,321,0,0,321,321,0
647659567,NODE_F42DC973E618,blackhole,2,B0:CB:D8:F3:32:19,-39,0,321,321,0,0,321,321,0
647759567,NODE_F42DC973E618,blackhole,2,B0:CB:D8:F3:32:19,-39,0,322,322,0,0,322,322,0
647859556,NODE_F42DC973E618,blackhole,2,B0:CB:D8:F3:32:19,-39,0,322,322,0,0,322,322,0
647959563,NODE_F42DC973E618,blackhole,2,B0:CB:D8:F3:32:19,-39,0,322,322,0,0,322,322,0
648059575,NODE_F42DC973E618,blackhole,2,B0:CB:D8:F3:32:19,-39,0,322,322,0,0,322,322,0
648159556,NODE_F42DC973E618,blackhole,2,B0:CB:D8:F3:32:19,-39,0,322,322,0,0,322,322,0
648259559,NODE_F42DC973E618,blackhole,2,B0:CB:D8:F3:32:19,-39,0,322,322,0,0,322,322,0
648359563,NODE_F42DC973E618,blackhole,2,B0:CB:D8:F3:32:19,-39,0,322,322,0,0,322,322,0
648459564,NODE_F42DC973E618,blackhole,2,B0:CB:D8:F3:32:19,-39,0,322,322,0,0,322,322,0
648559563,NODE_F42DC973E618,blackhole,2,B0:CB:D8:F3:32:19,-39,0,322,322,0,0,322,322,0
648659563,NODE_F42DC973E618,blackhole,2,B0:CB:D8:F3:32:19,-39,0,322,322,0,0,322,322,0
648759564,NODE_F42DC973E618,blackhole,2,B0:CB:D8:F3:32:19,-39,0,323,323,0,0,323,323,0
648859567,NODE_F42DC973E618,blackhole,2,B0:CB:D8:F3:32:19,-39,0,323,323,0,0,323,323,0
648959571,NODE_F42DC973E618,blackhole,2,B0:CB:D8:F3:32:19,-39,0,323,323,0,0,323,323,0
649059564,NODE_F42DC973E618,blackhole,2,B0:CB:D8:F3:32:19,-39,0,323,323,0,0,323,323,0
649159559,NODE_F42DC973E618,blackhole,2,B0:CB:D8:F3:32:19,-39,0,323,323,0,0,323,323,0
649259563,NODE_F42DC973E618,blackhole,2,B0:CB:D8:F3:32:19,-39,0,323,323,0,0,323,323,0
649359564,NODE_F42DC973E618,blackhole,2,B0:CB:D8:F3:32:19,-39,0,323,323,0,0,323,323,0
649459563,NODE_F42DC973E618,blackhole,2,B0:CB:D8:F3:32:19,-39,0,323,323,0,0,323,323,0
649559563,NODE_F42DC973E618,blackhole,2,B0:CB:D8:F3:32:19,-42,0,323,323,0,0,323,323,0
649659568,NODE_F42DC973E618,blackhole,2,B0:CB:D8:F3:32:19,-42,0,323,323,0,0,323,323,0
649759575,NODE_F42DC973E618,blackhole,2,B0:CB:D8:F3:32:19,-42,0,324,324,0,0,324,324,0
649859567,NODE_F42DC973E618,blackhole,2,B0:CB:D8:F3:32:19,-42,0,324,324,0,0,324,324,0
649959564,NODE_F42DC973E618,blackhole,2,B0:CB:D8:F3:32:19,-42,0,324,324,0,0,324,324,0
650059563,NODE_F42DC973E618,blackhole,2,B0:CB:D8:F3:32:19,-42,0,324,324,0,0,324,324,0
650159559,NODE_F42DC973E618,blackhole,2,B0:CB:D8:F3:32:19,-42,0,324,324,0,0,324,324,0
650259572,NODE_F42DC973E618,blackhole,2,B0:CB:D8:F3:32:19,-42,0,324,324,0,0,324,324,0
650359560,NODE_F42DC973E618,blackhole,2,B0:CB:D8:F3:32:19,-42,0,324,324,0,0,324,324,0
650459563,NODE_F42DC973E618,blackhole,2,B0:CB:D8:F3:32:19,-42,0,324,324,0,0,324,324,0
650559564,NODE_F42DC973E618,blackhole,2,B0:CB:D8:F3:32:19,-39,0,324,324,0,0,324,324,0
650659567,NODE_F42DC973E618,blackhole,2,B0:CB:D8:F3:32:19,-39,0,324,324,0,0,324,324,0
650759563,NODE_F42DC973E618,blackhole,2,B0:CB:D8:F3:32:19,-39,0,325,325,0,0,325,325,0
650859568,NODE_F42DC973E618,blackhole,2,B0:CB:D8:F3:32:19,-39,0,325,325,0,0,325,325,0
650959567,NODE_F42DC973E618,blackhole,2,B0:CB:D8:F3:32:19,-39,0,325,325,0,0,325,325,0
651059563,NODE_F42DC973E618,blackhole,2,B0:CB:D8:F3:32:19,-39,0,325,325,0,0,325,325,0
651159560,NODE_F42DC973E618,blackhole,2,B0:CB:D8:F3:32:19,-39,0,325,325,0,0,325,325,0
651259563,NODE_F42DC973E618,blackhole,2,B0:CB:D8:F3:32:19,-39,0,325,325,0,0,325,325,0
651359567,NODE_F42DC973E618,blackhole,2,B0:CB:D8:F3:32:19,-39,0,325,325,0,0,325,325,0
651459564,NODE_F42DC973E618,blackhole,2,B0:CB:D8:F3:32:19,-39,0,325,325,0,0,325,325,0
651559563,NODE_F42DC973E618,blackhole,2,B0:CB:D8:F3:32:19,-42,0,325,325,0,0,325,325,0
651659571,NODE_F42DC973E618,blackhole,2,B0:CB:D8:F3:32:19,-42,0,325,325,0,0,325,325,0
651759564,NODE_F42DC973E618,blackhole,2,B0:CB:D8:F3:32:19,-42,0,326,326,0,0,326,326,0
651859567,NODE_F42DC973E618,blackhole,2,B0:CB:D8:F3:32:19,-42,0,326,326,0,0,326,326,0
651959571,NODE_F42DC973E618,blackhole,2,B0:CB:D8:F3:32:19,-42,0,326,326,0,0,326,326,0
652059564,NODE_F42DC973E618,blackhole,2,B0:CB:D8:F3:32:19,-42,0,326,326,0,0,326,326,0
652159559,NODE_F42DC973E618,blackhole,2,B0:CB:D8:F3:32:19,-42,0,326,326,0,0,326,326,0
652259563,NODE_F42DC973E618,blackhole,2,B0:CB:D8:F3:32:19,-42,0,326,326,0,0,326,326,0
652359564,NODE_F42DC973E618,blackhole,2,B0:CB:D8:F3:32:19,-42,0,326,326,0,0,326,326,0
652459563,NODE_F42DC973E618,blackhole,2,B0:CB:D8:F3:32:19,-42,0,326,326,0,0,326,326,0
652559563,NODE_F42DC973E618,blackhole,2,B0:CB:D8:F3:32:19,-42,0,326,326,0,0,326,326,0
652659568,NODE_F42DC973E618,blackhole,2,B0:CB:D8:F3:32:19,-42,0,326,326,0,0,326,326,0
652759563,NODE_F42DC973E618,blackhole,2,B0:CB:D8:F3:32:19,-42,0,327,327,0,0,327,327,0
652859567,NODE_F42DC973E618,blackhole,2,B0:CB:D8:F3:32:19,-42,0,327,327,0,0,327,327,0
652959568,NODE_F42DC973E618,blackhole,2,B0:CB:D8:F3:32:19,-42,0,327,327,0,0,327,327,0
653059567,NODE_F42DC973E618,blackhole,2,B0:CB:D8:F3:32:19,-42,0,327,327,0,0,327,327,0
653160327,NODE_F42DC973E618,blackhole,2,B0:CB:D8:F3:32:19,-42,0,327,327,0,0,327,327,0
653259572,NODE_F42DC973E618,blackhole,2,B0:CB:D8:F3:32:19,-42,0,327,327,0,0,327,327,0
653359563,NODE_F42DC973E618,blackhole,2,B0:CB:D8:F3:32:19,-42,0,327,327,0,0,327,327,0
653459563,NODE_F42DC973E618,blackhole,2,B0:CB:D8:F3:32:19,-42,0,327,327,0,0,327,327,0
653559556,NODE_F42DC973E618,blackhole,2,B0:CB:D8:F3:32:19,-42,0,327,327,0,0,327,327,0
653659567,NODE_F42DC973E618,blackhole,2,B0:CB:D8:F3:32:19,-38,0,327,327,0,0,327,327,0
653759563,NODE_F42DC973E618,blackhole,2,B0:CB:D8:F3:32:19,-38,0,328,328,0,0,328,328,0
653859560,NODE_F42DC973E618,blackhole,2,B0:CB:D8:F3:32:19,-38,0,328,328,0,0,328,328,0
653959571,NODE_F42DC973E618,blackhole,2,B0:CB:D8:F3:32:19,-38,0,328,328,0,0,328,328,0
654059559,NODE_F42DC973E618,blackhole,2,B0:CB:D8:F3:32:19,-38,0,328,328,0,0,328,328,0
654159556,NODE_F42DC973E618,blackhole,2,B0:CB:D8:F3:32:19,-38,0,328,328,0,0,328,328,0
654259567,NODE_F42DC973E618,blackhole,2,B0:CB:D8:F3:32:19,-38,0,328,328,0,0,328,328,0
654359567,NODE_F42DC973E618,blackhole,2,B0:CB:D8:F3:32:19,-38,0,328,328,0,0,328,328,0
654459564,NODE_F42DC973E618,blackhole,2,B0:CB:D8:F3:32:19,-38,0,328,328,0,0,328,328,0
654559555,NODE_F42DC973E618,blackhole,2,B0:CB:D8:F3:32:19,-38,0,328,328,0,0,328,328,0
654659567,NODE_F42DC973E618,blackhole,2,B0:CB:D8:F3:32:19,-43,0,328,328,0,0,328,328,0
654759564,NODE_F42DC973E618,blackhole,2,B0:CB:D8:F3:32:19,-43,0,329,329,0,0,329,329,0
654859559,NODE_F42DC973E618,blackhole,2,B0:CB:D8:F3:32:19,-43,0,329,329,0,0,329,329,0
654959575,NODE_F42DC973E618,blackhole,2,B0:CB:D8:F3:32:19,-43,0,329,329,0,0,329,329,0
655059576,NODE_F42DC973E618,blackhole,2,B0:CB:D8:F3:32:19,-43,0,329,329,0,0,329,329,0
655159555,NODE_F42DC973E618,blackhole,2,B0:CB:D8:F3:32:19,-43,0,329,329,0,0,329,329,0
655259567,NODE_F42DC973E618,blackhole,2,B0:CB:D8:F3:32:19,-43,0,329,329,0,0,329,329,0
655359564,NODE_F42DC973E618,blackhole,2,B0:CB:D8:F3:32:19,-43,0,329,329,0,0,329,329,0
655459563,NODE_F42DC973E618,blackhole,2,B0:CB:D8:F3:32:19,-43,0,329,329,0,0,329,329,0
655559555,NODE_F42DC973E618,blackhole,2,B0:CB:D8:F3:32:19,-43,0,329,329,0,0,329,329,0
655659568,NODE_F42DC973E618,blackhole,2,B0:CB:D8:F3:32:19,-42,0,329,329,0,0,329,329,0
655759563,NODE_F42DC973E618,blackhole,2,B0:CB:D8:F3:32:19,-42,0,330,330,0,0,330,330,0
655859559,NODE_F42DC973E618,blackhole,2,B0:CB:D8:F3:32:19,-42,0,330,330,0,0,330,330,0
655959572,NODE_F42DC973E618,blackhole,2,B0:CB:D8:F3:32:19,-42,0,330,330,0,0,330,330,0
656059567,NODE_F42DC973E618,blackhole,2,B0:CB:D8:F3:32:19,-42,0,330,330,0,0,330,330,0
656159555,NODE_F42DC973E618,blackhole,2,B0:CB:D8:F3:32:19,-42,0,330,330,0,0,330,330,0
656259576,NODE_F42DC973E618,blackhole,2,B0:CB:D8:F3:32:19,-42,0,330,330,0,0,330,330,0
656359559,NODE_F42DC973E618,blackhole,2,B0:CB:D8:F3:32:19,-42,0,330,330,0,0,330,330,0
656459559,NODE_F42DC973E618,blackhole,2,B0:CB:D8:F3:32:19,-42,0,330,330,0,0,330,330,0
656559556,NODE_F42DC973E618,blackhole,2,B0:CB:D8:F3:32:19,-42,0,330,330,0,0,330,330,0
656659567,NODE_F42DC973E618,blackhole,2,B0:CB:D8:F3:32:19,-42,0,330,330,0,0,330,330,0
656759563,NODE_F42DC973E618,blackhole,2,B0:CB:D8:F3:32:19,-42,0,331,331,0,0,331,331,0
656859560,NODE_F42DC973E618,blackhole,2,B0:CB:D8:F3:32:19,-42,0,331,331,0,0,331,331,0
656959571,NODE_F42DC973E618,blackhole,2,B0:CB:D8:F3:32:19,-42,0,331,331,0,0,331,331,0
657059559,NODE_F42DC973E618,blackhole,2,B0:CB:D8:F3:32:19,-42,0,331,331,0,0,331,331,0
657159556,NODE_F42DC973E618,blackhole,2,B0:CB:D8:F3:32:19,-42,0,331,331,0,0,331,331,0
657259571,NODE_F42DC973E618,blackhole,2,B0:CB:D8:F3:32:19,-42,0,331,331,0,0,331,331,0
657359560,NODE_F42DC973E618,blackhole,2,B0:CB:D8:F3:32:19,-42,0,331,331,0,0,331,331,0
657459564,NODE_F42DC973E618,blackhole,2,B0:CB:D8:F3:32:19,-42,0,331,331,0,0,331,331,0
657559555,NODE_F42DC973E618,blackhole,2,B0:CB:D8:F3:32:19,-42,0,331,331,0,0,331,331,0
657659563,NODE_F42DC973E618,blackhole,2,B0:CB:D8:F3:32:19,-42,0,331,331,0,0,331,331,0
657759564,NODE_F42DC973E618,blackhole,2,B0:CB:D8:F3:32:19,-42,0,332,332,0,0,332,332,0
657859559,NODE_F42DC973E618,blackhole,2,B0:CB:D8:F3:32:19,-42,0,332,332,0,0,332,332,0
657959575,NODE_F42DC973E618,blackhole,2,B0:CB:D8:F3:32:19,-42,0,332,332,0,0,332,332,0
658059568,NODE_F42DC973E618,blackhole,2,B0:CB:D8:F3:32:19,-42,0,332,332,0,0,332,332,0
658159555,NODE_F42DC973E618,blackhole,2,B0:CB:D8:F3:32:19,-42,0,332,332,0,0,332,332,0
658259559,NODE_F42DC973E618,blackhole,2,B0:CB:D8:F3:32:19,-42,0,332,332,0,0,332,332,0
658359568,NODE_F42DC973E618,blackhole,2,B0:CB:D8:F3:32:19,-42,0,332,332,0,0,332,332,0
658459563,NODE_F42DC973E618,blackhole,2,B0:CB:D8:F3:32:19,-42,0,332,332,0,0,332,332,0
658559555,NODE_F42DC973E618,blackhole,2,B0:CB:D8:F3:32:19,-42,0,332,332,0,0,332,332,0
658659564,NODE_F42DC973E618,blackhole,2,B0:CB:D8:F3:32:19,-42,0,332,332,0,0,332,332,0
658759563,NODE_F42DC973E618,blackhole,2,B0:CB:D8:F3:32:19,-43,0,333,333,0,0,333,333,0
658859559,NODE_F42DC973E618,blackhole,2,B0:CB:D8:F3:32:19,-43,0,333,333,0,0,333,333,0
658959572,NODE_F42DC973E618,blackhole,2,B0:CB:D8:F3:32:19,-43,0,333,333,0,0,333,333,0
659059571,NODE_F42DC973E618,blackhole,2,B0:CB:D8:F3:32:19,-43,0,333,333,0,0,333,333,0
659159555,NODE_F42DC973E618,blackhole,2,B0:CB:D8:F3:32:19,-43,0,333,333,0,0,333,333,0
659259572,NODE_F42DC973E618,blackhole,2,B0:CB:D8:F3:32:19,-43,0,333,333,0,0,333,333,0
659359567,NODE_F42DC973E618,blackhole,2,B0:CB:D8:F3:32:19,-43,0,333,333,0,0,333,333,0
659459563,NODE_F42DC973E618,blackhole,2,B0:CB:D8:F3:32:19,-43,0,333,333,0,0,333,333,0
659559556,NODE_F42DC973E618,blackhole,2,B0:CB:D8:F3:32:19,-43,0,333,333,0,0,333,333,0
659659563,NODE_F42DC973E618,blackhole,2,B0:CB:D8:F3:32:19,-43,0,333,333,0,0,333,333,0
659759563,NODE_F42DC973E618,blackhole,2,B0:CB:D8:F3:32:19,-39,0,334,334,0,0,334,334,0
659859560,NODE_F42DC973E618,blackhole,2,B0:CB:D8:F3:32:19,-39,0,334,334,0,0,334,334,0
659959567,NODE_F42DC973E618,blackhole,2,B0:CB:D8:F3:32:19,-39,0,334,334,0,0,334,334,0
660059567,NODE_F42DC973E618,blackhole,2,B0:CB:D8:F3:32:19,-39,0,334,334,0,0,334,334,0
660159556,NODE_F42DC973E618,blackhole,2,B0:CB:D8:F3:32:19,-39,0,334,334,0,0,334,334,0
660259567,NODE_F42DC973E618,blackhole,2,B0:CB:D8:F3:32:19,-39,0,334,334,0,0,334,334,0
660359567,NODE_F42DC973E618,blackhole,2,B0:CB:D8:F3:32:19,-39,0,334,334,0,0,334,334,0
660459564,NODE_F42DC973E618,blackhole,2,B0:CB:D8:F3:32:19,-39,0,334,334,0,0,334,334,0
660559555,NODE_F42DC973E618,blackhole,2,B0:CB:D8:F3:32:19,-39,0,334,334,0,0,334,334,0
660659563,NODE_F42DC973E618,blackhole,2,B0:CB:D8:F3:32:19,-39,0,334,334,0,0,334,334,0
660759768,NODE_F42DC973E618,blackhole,2,B0:CB:D8:F3:32:19,-38,0,334,335,0,0,335,334,0
660859567,NODE_F42DC973E618,blackhole,2,B0:CB:D8:F3:32:19,-38,0,335,335,0,0,335,335,0
660959757,NODE_F42DC973E618,blackhole,2,B0:CB:D8:F3:32:19,-38,0,335,335,0,0,335,335,0
661059568,NODE_F42DC973E618,blackhole,2,B0:CB:D8:F3:32:19,-38,0,335,335,0,0,335,335,0
661159555,NODE_F42DC973E618,blackhole,2,B0:CB:D8:F3:32:19,-38,0,335,335,0,0,335,335,0
661259559,NODE_F42DC973E618,blackhole,2,B0:CB:D8:F3:32:19,-38,0,335,335,0,0,335,335,0
661359564,NODE_F42DC973E618,blackhole,2,B0:CB:D8:F3:32:19,-38,0,335,335,0,0,335,335,0
661459563,NODE_F42DC973E618,blackhole,2,B0:CB:D8:F3:32:19,-38,0,335,335,0,0,335,335,0
661559555,NODE_F42DC973E618,blackhole,2,B0:CB:D8:F3:32:19,-38,0,335,335,0,0,335,335,0
661659568,NODE_F42DC973E618,blackhole,2,B0:CB:D8:F3:32:19,-38,0,335,335,0,0,335,335,0
661759681,NODE_F42DC973E618,blackhole,2,B0:CB:D8:F3:32:19,-38,0,335,336,0,0,336,335,0
661859567,NODE_F42DC973E618,blackhole,2,B0:CB:D8:F3:32:19,-40,0,336,336,0,0,336,336,0
661959572,NODE_F42DC973E618,blackhole,2,B0:CB:D8:F3:32:19,-40,0,336,336,0,0,336,336,0
662059575,NODE_F42DC973E618,blackhole,2,B0:CB:D8:F3:32:19,-40,0,336,336,0,0,336,336,0
662159567,NODE_F42DC973E618,blackhole,2,B0:CB:D8:F3:32:19,-40,0,336,336,0,0,336,336,0
662259572,NODE_F42DC973E618,blackhole,2,B0:CB:D8:F3:32:19,-40,0,336,336,0,0,336,336,0
662359563,NODE_F42DC973E618,blackhole,2,B0:CB:D8:F3:32:19,-40,0,336,336,0,0,336,336,0
662459567,NODE_F42DC973E618,blackhole,2,B0:CB:D8:F3:32:19,-40,0,336,336,0,0,336,336,0
662559556,NODE_F42DC973E618,blackhole,2,B0:CB:D8:F3:32:19,-40,0,336,336,0,0,336,336,0
662659563,NODE_F42DC973E618,blackhole,2,B0:CB:D8:F3:32:19,-40,0,336,336,0,0,336,336,0
662759790,NODE_F42DC973E618,blackhole,2,B0:CB:D8:F3:32:19,-40,0,336,336,0,0,336,336,0
662859568,NODE_F42DC973E618,blackhole,2,B0:CB:D8:F3:32:19,-42,0,337,337,0,0,337,337,0
662959571,NODE_F42DC973E618,blackhole,2,B0:CB:D8:F3:32:19,-42,0,337,337,0,0,337,337,0
663059567,NODE_F42DC973E618,blackhole,2,B0:CB:D8:F3:32:19,-42,0,337,337,0,0,337,337,0
663159568,NODE_F42DC973E618,blackhole,2,B0:CB:D8:F3:32:19,-42,0,337,337,0,0,337,337,0
663259567,NODE_F42DC973E618,blackhole,2,B0:CB:D8:F3:32:19,-42,0,337,337,0,0,337,337,0
663359563,NODE_F42DC973E618,blackhole,2,B0:CB:D8:F3:32:19,-42,0,337,337,0,0,337,337,0
663459568,NODE_F42DC973E618,blackhole,2,B0:CB:D8:F3:32:19,-42,0,337,337,0,0,337,337,0
663559555,NODE_F42DC973E618,blackhole,2,B0:CB:D8:F3:32:19,-42,0,337,337,0,0,337,337,0
663659563,NODE_F42DC973E618,blackhole,2,B0:CB:D8:F3:32:19,-42,0,337,337,0,0,337,337,0
663759820,NODE_F42DC973E618,blackhole,2,B0:CB:D8:F3:32:19,-42,0,337,338,0,0,338,337,0
663859567,NODE_F42DC973E618,blackhole,2,B0:CB:D8:F3:32:19,-42,0,338,338,0,0,338,338,0
663959571,NODE_F42DC973E618,blackhole,2,B0:CB:D8:F3:32:19,-42,0,338,338,0,0,338,338,0
664059568,NODE_F42DC973E618,blackhole,2,B0:CB:D8:F3:32:19,-42,0,338,338,0,0,338,338,0
664159567,NODE_F42DC973E618,blackhole,2,B0:CB:D8:F3:32:19,-42,0,338,338,0,0,338,338,0
664259563,NODE_F42DC973E618,blackhole,2,B0:CB:D8:F3:32:19,-42,0,338,338,0,0,338,338,0
664359561,NODE_F42DC973E618,blackhole,2,B0:CB:D8:F3:32:19,-42,0,338,338,0,0,338,338,0
664459567,NODE_F42DC973E618,blackhole,2,B0:CB:D8:F3:32:19,-42,0,338,338,0,0,338,338,0
664559555,NODE_F42DC973E618,blackhole,2,B0:CB:D8:F3:32:19,-42,0,338,338,0,0,338,338,0
664659564,NODE_F42DC973E618,blackhole,2,B0:CB:D8:F3:32:19,-42,0,338,338,0,0,338,338,0
664759842,NODE_F42DC973E618,blackhole,2,B0:CB:D8:F3:32:19,-42,0,338,338,0,0,338,338,0
664859567,NODE_F42DC973E618,blackhole,2,B0:CB:D8:F3:32:19,-43,0,339,339,0,0,339,339,0
664959572,NODE_F42DC973E618,blackhole,2,B0:CB:D8:F3:32:19,-43,0,339,339,0,0,339,339,0
665059571,NODE_F42DC973E618,blackhole,2,B0:CB:D8:F3:32:19,-43,0,339,339,0,0,339,339,0
665159567,NODE_F42DC973E618,blackhole,2,B0:CB:D8:F3:32:19,-43,0,339,339,0,0,339,339,0
665259572,NODE_F42DC973E618,blackhole,2,B0:CB:D8:F3:32:19,-43,0,339,339,0,0,339,339,0
665359563,NODE_F42DC973E618,blackhole,2,B0:CB:D8:F3:32:19,-43,0,339,339,0,0,339,339,0
665459567,NODE_F42DC973E618,blackhole,2,B0:CB:D8:F3:32:19,-43,0,339,339,0,0,339,339,0
665559556,NODE_F42DC973E618,blackhole,2,B0:CB:D8:F3:32:19,-43,0,339,339,0,0,339,339,0
665659563,NODE_F42DC973E618,blackhole,2,B0:CB:D8:F3:32:19,-43,0,339,339,0,0,339,339,0
665759707,NODE_F42DC973E618,blackhole,2,B0:CB:D8:F3:32:19,-43,0,339,339,0,0,339,339,0
665859564,NODE_F42DC973E618,blackhole,2,B0:CB:D8:F3:32:19,-43,0,340,340,0,0,340,340,0
665959571,NODE_F42DC973E618,blackhole,2,B0:CB:D8:F3:32:19,-38,0,340,340,0,0,340,340,0
666059567,NODE_F42DC973E618,blackhole,2,B0:CB:D8:F3:32:19,-38,0,340,340,0,0,340,340,0
666159560,NODE_F42DC973E618,blackhole,2,B0:CB:D8:F3:32:19,-38,0,340,340,0,0,340,340,0
666259571,NODE_F42DC973E618,blackhole,2,B0:CB:D8:F3:32:19,-38,0,340,340,0,0,340,340,0
666359559,NODE_F42DC973E618,blackhole,2,B0:CB:D8:F3:32:19,-38,0,340,340,0,0,340,340,0
666459564,NODE_F42DC973E618,blackhole,2,B0:CB:D8:F3:32:19,-38,0,340,340,0,0,340,340,0
666559559,NODE_F42DC973E618,blackhole,2,B0:CB:D8:F3:32:19,-38,0,340,340,0,0,340,340,0
666659563,NODE_F42DC973E618,blackhole,2,B0:CB:D8:F3:32:19,-38,0,340,340,0,0,340,340,0
666759828,NODE_F42DC973E618,blackhole,2,B0:CB:D8:F3:32:19,-38,0,340,341,0,0,341,340,0
666859563,NODE_F42DC973E618,blackhole,2,B0:CB:D8:F3:32:19,-38,0,341,341,0,0,341,341,0
666959571,NODE_F42DC973E618,blackhole,2,B0:CB:D8:F3:32:19,-42,0,341,341,0,0,341,341,0
667059568,NODE_F42DC973E618,blackhole,2,B0:CB:D8:F3:32:19,-42,0,341,341,0,0,341,341,0
667159559,NODE_F42DC973E618,blackhole,2,B0:CB:D8:F3:32:19,-42,0,341,341,0,0,341,341,0
667259567,NODE_F42DC973E618,blackhole,2,B0:CB:D8:F3:32:19,-42,0,341,341,0,0,341,341,0
667359568,NODE_F42DC973E618,blackhole,2,B0:CB:D8:F3:32:19,-42,0,341,341,0,0,341,341,0
667459563,NODE_F42DC973E618,blackhole,2,B0:CB:D8:F3:32:19,-42,0,341,341,0,0,341,341,0
667559559,NODE_F42DC973E618,blackhole,2,B0:CB:D8:F3:32:19,-42,0,341,341,0,0,341,341,0
667659564,NODE_F42DC973E618,blackhole,2,B0:CB:D8:F3:32:19,-42,0,341,341,0,0,341,341,0
667759561,NODE_F42DC973E618,blackhole,2,B0:CB:D8:F3:32:19,-42,0,341,341,0,0,341,341,0
667859563,NODE_F42DC973E618,blackhole,2,B0:CB:D8:F3:32:19,-42,0,342,342,0,0,342,342,0
667959572,NODE_F42DC973E618,blackhole,2,B0:CB:D8:F3:32:19,-38,0,342,342,0,0,342,342,0
668059571,NODE_F42DC973E618,blackhole,2,B0:CB:D8:F3:32:19,-38,0,342,342,0,0,342,342,0
668159559,NODE_F42DC973E618,blackhole,2,B0:CB:D8:F3:32:19,-38,0,342,342,0,0,342,342,0
668259576,NODE_F42DC973E618,blackhole,2,B0:CB:D8:F3:32:19,-38,0,342,342,0,0,342,342,0
668359559,NODE_F42DC973E618,blackhole,2,B0:CB:D8:F3:32:19,-38,0,342,342,0,0,342,342,0
668459559,NODE_F42DC973E618,blackhole,2,B0:CB:D8:F3:32:19,-38,0,342,342,0,0,342,342,0
668559560,NODE_F42DC973E618,blackhole,2,B0:CB:D8:F3:32:19,-38,0,342,342,0,0,342,342,0
668659563,NODE_F42DC973E618,blackhole,2,B0:CB:D8:F3:32:19,-38,0,342,342,0,0,342,342,0
668759621,NODE_F42DC973E618,blackhole,2,B0:CB:D8:F3:32:19,-38,0,342,342,0,0,342,342,0
668859564,NODE_F42DC973E618,blackhole,2,B0:CB:D8:F3:32:19,-38,0,343,343,0,0,343,343,0
668959571,NODE_F42DC973E618,blackhole,2,B0:CB:D8:F3:32:19,-39,0,343,343,0,0,343,343,0
669059575,NODE_F42DC973E618,blackhole,2,B0:CB:D8:F3:32:19,-39,0,343,343,0,0,343,343,0
669159560,NODE_F42DC973E618,blackhole,2,B0:CB:D8:F3:32:19,-39,0,343,343,0,0,343,343,0
669259567,NODE_F42DC973E618,blackhole,2,B0:CB:D8:F3:32:19,-39,0,343,343,0,0,343,343,0
669359559,NODE_F42DC973E618,blackhole,2,B0:CB:D8:F3:32:19,-39,0,343,343,0,0,343,343,0
669459560,NODE_F42DC973E618,blackhole,2,B0:CB:D8:F3:32:19,-39,0,343,343,0,0,343,343,0
669559559,NODE_F42DC973E618,blackhole,2,B0:CB:D8:F3:32:19,-39,0,343,343,0,0,343,343,0
669659559,NODE_F42DC973E618,blackhole,2,B0:CB:D8:F3:32:19,-39,0,343,343,0,0,343,343,0
669759568,NODE_F42DC973E618,blackhole,2,B0:CB:D8:F3:32:19,-39,0,343,344,0,0,344,343,0
669859563,NODE_F42DC973E618,blackhole,2,B0:CB:D8:F3:32:19,-39,0,344,344,0,0,344,344,0
669959567,NODE_F42DC973E618,blackhole,2,B0:CB:D8:F3:32:19,-39,0,344,344,0,0,344,344,0
670059568,NODE_F42DC973E618,blackhole,2,B0:CB:D8:F3:32:19,-38,0,344,344,0,0,344,344,0
670159559,NODE_F42DC973E618,blackhole,2,B0:CB:D8:F3:32:19,-38,0,344,344,0,0,344,344,0
670259567,NODE_F42DC973E618,blackhole,2,B0:CB:D8:F3:32:19,-38,0,344,344,0,0,344,344,0
670359572,NODE_F42DC973E618,blackhole,2,B0:CB:D8:F3:32:19,-38,0,344,344,0,0,344,344,0
670459559,NODE_F42DC973E618,blackhole,2,B0:CB:D8:F3:32:19,-38,0,344,344,0,0,344,344,0
670559555,NODE_F42DC973E618,blackhole,2,B0:CB:D8:F3:32:19,-38,0,344,344,0,0,344,344,0
670659568,NODE_F42DC973E618,blackhole,2,B0:CB:D8:F3:32:19,-38,0,344,344,0,0,344,344,0
670759597,NODE_F42DC973E618,blackhole,2,B0:CB:D8:F3:32:19,-38,0,344,344,0,0,344,344,0
670859563,NODE_F42DC973E618,blackhole,2,B0:CB:D8:F3:32:19,-38,0,345,345,0,0,345,345,0
670959572,NODE_F42DC973E618,blackhole,2,B0:CB:D8:F3:32:19,-38,0,345,345,0,0,345,345,0
671059567,NODE_F42DC973E618,blackhole,2,B0:CB:D8:F3:32:19,-39,0,345,345,0,0,345,345,0
671159559,NODE_F42DC973E618,blackhole,2,B0:CB:D8:F3:32:19,-39,0,345,345,0,0,345,345,0
671259576,NODE_F42DC973E618,blackhole,2,B0:CB:D8:F3:32:19,-39,0,345,345,0,0,345,345,0
671359564,NODE_F42DC973E618,blackhole,2,B0:CB:D8:F3:32:19,-39,0,345,345,0,0,345,345,0
671459563,NODE_F42DC973E618,blackhole,2,B0:CB:D8:F3:32:19,-39,0,345,345,0,0,345,345,0
671559556,NODE_F42DC973E618,blackhole,2,B0:CB:D8:F3:32:19,-39,0,345,345,0,0,345,345,0
671659575,NODE_F42DC973E618,blackhole,2,B0:CB:D8:F3:32:19,-39,0,345,345,0,0,345,345,0
671759575,NODE_F42DC973E618,blackhole,2,B0:CB:D8:F3:32:19,-39,0,345,345,0,0,345,345,0
671859560,NODE_F42DC973E618,blackhole,2,B0:CB:D8:F3:32:19,-39,0,346,346,0,0,346,346,0
671959563,NODE_F42DC973E618,blackhole,2,B0:CB:D8:F3:32:19,-39,0,346,346,0,0,346,346,0
672059567,NODE_F42DC973E618,blackhole,2,B0:CB:D8:F3:32:19,-40,0,346,346,0,0,346,346,0
672159560,NODE_F42DC973E618,blackhole,2,B0:CB:D8:F3:32:19,-40,0,346,346,0,0,346,346,0
672259571,NODE_F42DC973E618,blackhole,2,B0:CB:D8:F3:32:19,-40,0,346,346,0,0,346,346,0
672359567,NODE_F42DC973E618,blackhole,2,B0:CB:D8:F3:32:19,-40,0,346,346,0,0,346,346,0
672459560,NODE_F42DC973E618,blackhole,2,B0:CB:D8:F3:32:19,-40,0,346,346,0,0,346,346,0
672559555,NODE_F42DC973E618,blackhole,2,B0:CB:D8:F3:32:19,-40,0,346,346,0,0,346,346,0
672659567,NODE_F42DC973E618,blackhole,2,B0:CB:D8:F3:32:19,-40,0,346,346,0,0,346,346,0
672759786,NODE_F42DC973E618,blackhole,2,B0:CB:D8:F3:32:19,-40,0,346,347,0,0,347,346,0
672859563,NODE_F42DC973E618,blackhole,2,B0:CB:D8:F3:32:19,-40,0,347,347,0,0,347,347,0
672959567,NODE_F42DC973E618,blackhole,2,B0:CB:D8:F3:32:19,-40,0,347,347,0,0,347,347,0
673059568,NODE_F42DC973E618,blackhole,2,B0:CB:D8:F3:32:19,-38,0,347,347,0,0,347,347,0
673159559,NODE_F42DC973E618,blackhole,2,B0:CB:D8:F3:32:19,-38,0,347,347,0,0,347,347,0
673259567,NODE_F42DC973E618,blackhole,2,B0:CB:D8:F3:32:19,-38,0,347,347,0,0,347,347,0
673359572,NODE_F42DC973E618,blackhole,2,B0:CB:D8:F3:32:19,-38,0,347,347,0,0,347,347,0
673459559,NODE_F42DC973E618,blackhole,2,B0:CB:D8:F3:32:19,-38,0,347,347,0,0,347,347,0
673559555,NODE_F42DC973E618,blackhole,2,B0:CB:D8:F3:32:19,-38,0,347,347,0,0,347,347,0
673659568,NODE_F42DC973E618,blackhole,2,B0:CB:D8:F3:32:19,-38,0,347,347,0,0,347,347,0
673759566,NODE_F42DC973E618,blackhole,2,B0:CB:D8:F3:32:19,-38,0,347,348,0,0,348,347,0
673859563,NODE_F42DC973E618,blackhole,2,B0:CB:D8:F3:32:19,-38,0,348,348,0,0,348,348,0
673959572,NODE_F42DC973E618,blackhole,2,B0:CB:D8:F3:32:19,-38,0,348,348,0,0,348,348,0
674059563,NODE_F42DC973E618,blackhole,2,B0:CB:D8:F3:32:19,-38,0,348,348,0,0,348,348,0
674159563,NODE_F42DC973E618,blackhole,2,B0:CB:D8:F3:32:19,-43,0,348,348,0,0,348,348,0
674259576,NODE_F42DC973E618,blackhole,2,B0:CB:D8:F3:32:19,-43,0,348,348,0,0,348,348,0
674359567,NODE_F42DC973E618,blackhole,2,B0:CB:D8:F3:32:19,-43,0,348,348,0,0,348,348,0
674459563,NODE_F42DC973E618,blackhole,2,B0:CB:D8:F3:32:19,-43,0,348,348,0,0,348,348,0
674559556,NODE_F42DC973E618,blackhole,2,B0:CB:D8:F3:32:19,-43,0,348,348,0,0,348,348,0
674659563,NODE_F42DC973E618,blackhole,2,B0:CB:D8:F3:32:19,-43,0,348,348,0,0,348,348,0
674759609,NODE_F42DC973E618,blackhole,2,B0:CB:D8:F3:32:19,-43,0,348,348,0,0,348,348,0
674859560,NODE_F42DC973E618,blackhole,2,B0:CB:D8:F3:32:19,-43,0,349,349,0,0,349,349,0
674959567,NODE_F42DC973E618,blackhole,2,B0:CB:D8:F3:32:19,-43,0,349,349,0,0,349,349,0
675059563,NODE_F42DC973E618,blackhole,2,B0:CB:D8:F3:32:19,-43,0,349,349,0,0,349,349,0
675159564,NODE_F42DC973E618,blackhole,2,B0:CB:D8:F3:32:19,-40,0,349,349,0,0,349,349,0
675259571,NODE_F42DC973E618,blackhole,2,B0:CB:D8:F3:32:19,-40,0,349,349,0,0,349,349,0
675359567,NODE_F42DC973E618,blackhole,2,B0:CB:D8:F3:32:19,-40,0,349,349,0,0,349,349,0
675459568,NODE_F42DC973E618,blackhole,2,B0:CB:D8:F3:32:19,-40,0,349,349,0,0,349,349,0
675559555,NODE_F42DC973E618,blackhole,2,B0:CB:D8:F3:32:19,-40,0,349,349,0,0,349,349,0
675659559,NODE_F42DC973E618,blackhole,2,B0:CB:D8:F3:32:19,-40,0,349,349,0,0,349,349,0
675759576,NODE_F42DC973E618,blackhole,2,B0:CB:D8:F3:32:19,-40,0,349,349,0,0,349,349,0
675859559,NODE_F42DC973E618,blackhole,2,B0:CB:D8:F3:32:19,-40,0,350,350,0,0,350,350,0
675959563,NODE_F42DC973E618,blackhole,2,B0:CB:D8:F3:32:19,-40,0,350,350,0,0,350,350,0
676059576,NODE_F42DC973E618,blackhole,2,B0:CB:D8:F3:32:19,-40,0,350,350,0,0,350,350,0
676159563,NODE_F42DC973E618,blackhole,2,B0:CB:D8:F3:32:19,-39,0,350,350,0,0,350,350,0
676259567,NODE_F42DC973E618,blackhole,2,B0:CB:D8:F3:32:19,-39,0,350,350,0,0,350,350,0
676359564,NODE_F42DC973E618,blackhole,2,B0:CB:D8:F3:32:19,-39,0,350,350,0,0,350,350,0
676459567,NODE_F42DC973E618,blackhole,2,B0:CB:D8:F3:32:19,-39,0,350,350,0,0,350,350,0
676559555,NODE_F42DC973E618,blackhole,2,B0:CB:D8:F3:32:19,-39,0,350,350,0,0,350,350,0
676659564,NODE_F42DC973E618,blackhole,2,B0:CB:D8:F3:32:19,-39,0,350,350,0,0,350,350,0
676759689,NODE_F42DC973E618,blackhole,2,B0:CB:D8:F3:32:19,-39,0,350,351,0,0,351,350,0
676859563,NODE_F42DC973E618,blackhole,2,B0:CB:D8:F3:32:19,-39,0,351,351,0,0,351,351,0
676959572,NODE_F42DC973E618,blackhole,2,B0:CB:D8:F3:32:19,-39,0,351,351,0,0,351,351,0
677059563,NODE_F42DC973E618,blackhole,2,B0:CB:D8:F3:32:19,-39,0,351,351,0,0,351,351,0
677159563,NODE_F42DC973E618,blackhole,2,B0:CB:D8:F3:32:19,-40,0,351,351,0,0,351,351,0
677259576,NODE_F42DC973E618,blackhole,2,B0:CB:D8:F3:32:19,-40,0,351,351,0,0,351,351,0
677359567,NODE_F42DC973E618,blackhole,2,B0:CB:D8:F3:32:19,-40,0,351,351,0,0,351,351,0
677459567,NODE_F42DC973E618,blackhole,2,B0:CB:D8:F3:32:19,-40,0,351,351,0,0,351,351,0
677559556,NODE_F42DC973E618,blackhole,2,B0:CB:D8:F3:32:19,-40,0,351,351,0,0,351,351,0
677659559,NODE_F42DC973E618,blackhole,2,B0:CB:D8:F3:32:19,-40,0,351,351,0,0,351,351,0
677759578,NODE_F42DC973E618,blackhole,2,B0:CB:D8:F3:32:19,-40,0,351,352,0,0,352,351,0
677859564,NODE_F42DC973E618,blackhole,2,B0:CB:D8:F3:32:19,-40,0,352,352,0,0,352,352,0
677959567,NODE_F42DC973E618,blackhole,2,B0:CB:D8:F3:32:19,-40,0,352,352,0,0,352,352,0
678059567,NODE_F42DC973E618,blackhole,2,B0:CB:D8:F3:32:19,-40,0,352,352,0,0,352,352,0
678159564,NODE_F42DC973E618,blackhole,2,B0:CB:D8:F3:32:19,-42,0,352,352,0,0,352,352,0
678259563,NODE_F42DC973E618,blackhole,2,B0:CB:D8:F3:32:19,-42,0,352,352,0,0,352,352,0
678359564,NODE_F42DC973E618,blackhole,2,B0:CB:D8:F3:32:19,-42,0,352,352,0,0,352,352,0
678459568,NODE_F42DC973E618,blackhole,2,B0:CB:D8:F3:32:19,-42,0,352,352,0,0,352,352,0
678559563,NODE_F42DC973E618,blackhole,2,B0:CB:D8:F3:32:19,-42,0,352,352,0,0,352,352,0
678659563,NODE_F42DC973E618,blackhole,2,B0:CB:D8:F3:32:19,-42,0,352,352,0,0,352,352,0
678760189,NODE_F42DC973E618,blackhole,2,B0:CB:D8:F3:32:19,-42,0,352,352,0,0,352,352,0
678859563,NODE_F42DC973E618,blackhole,2,B0:CB:D8:F3:32:19,-42,0,353,353,0,0,353,353,0
678959563,NODE_F42DC973E618,blackhole,2,B0:CB:D8:F3:32:19,-42,0,353,353,0,0,353,353,0
679059560,NODE_F42DC973E618,blackhole,2,B0:CB:D8:F3:32:19,-42,0,353,353,0,0,353,353,0
679159555,NODE_F42DC973E618,blackhole,2,B0:CB:D8:F3:32:19,-42,0,353,353,0,0,353,353,0
679259567,NODE_F42DC973E618,blackhole,2,B0:CB:D8:F3:32:19,-40,0,353,353,0,0,353,353,0
679359572,NODE_F42DC973E618,blackhole,2,B0:CB:D8:F3:32:19,-40,0,353,353,0,0,353,353,0
679459567,NODE_F42DC973E618,blackhole,2,B0:CB:D8:F3:32:19,-40,0,353,353,0,0,353,353,0
679559567,NODE_F42DC973E618,blackhole,2,B0:CB:D8:F3:32:19,-40,0,353,353,0,0,353,353,0
679659560,NODE_F42DC973E618,blackhole,2,B0:CB:D8:F3:32:19,-40,0,353,353,0,0,353,353,0
679759566,NODE_F42DC973E618,blackhole,2,B0:CB:D8:F3:32:19,-40,0,353,354,0,0,354,353,0
679859567,NODE_F42DC973E618,blackhole,2,B0:CB:D8:F3:32:19,-40,0,354,354,0,0,354,354,0
679959572,NODE_F42DC973E618,blackhole,2,B0:CB:D8:F3:32:19,-40,0,354,354,0,0,354,354,0
680059563,NODE_F42DC973E618,blackhole,2,B0:CB:D8:F3:32:19,-40,0,354,354,0,0,354,354,0
680159555,NODE_F42DC973E618,blackhole,2,B0:CB:D8:F3:32:19,-40,0,354,354,0,0,354,354,0
680259576,NODE_F42DC973E618,blackhole,2,B0:CB:D8:F3:32:19,-38,0,354,354,0,0,354,354,0
680359567,NODE_F42DC973E618,blackhole,2,B0:CB:D8:F3:32:19,-38,0,354,354,0,0,354,354,0
680459567,NODE_F42DC973E618,blackhole,2,B0:CB:D8:F3:32:19,-38,0,354,354,0,0,354,354,0
680559568,NODE_F42DC973E618,blackhole,2,B0:CB:D8:F3:32:19,-38,0,354,354,0,0,354,354,0
680659563,NODE_F42DC973E618,blackhole,2,B0:CB:D8:F3:32:19,-38,0,354,354,0,0,354,354,0
680759768,NODE_F42DC973E618,blackhole,2,B0:CB:D8:F3:32:19,-38,0,354,355,0,0,355,354,0
680859564,NODE_F42DC973E618,blackhole,2,B0:CB:D8:F3:32:19,-38,0,355,355,0,0,355,355,0
680959567,NODE_F42DC973E618,blackhole,2,B0:CB:D8:F3:32:19,-38,0,355,355,0,0,355,355,0
681059567,NODE_F42DC973E618,blackhole,2,B0:CB:D8:F3:32:19,-38,0,355,355,0,0,355,355,0
681159556,NODE_F42DC973E618,blackhole,2,B0:CB:D8:F3:32:19,-38,0,355,355,0,0,355,355,0
681259567,NODE_F42DC973E618,blackhole,2,B0:CB:D8:F3:32:19,-42,0,355,355,0,0,355,355,0
681359567,NODE_F42DC973E618,blackhole,2,B0:CB:D8:F3:32:19,-42,0,355,355,0,0,355,355,0
681459568,NODE_F42DC973E618,blackhole,2,B0:CB:D8:F3:32:19,-42,0,355,355,0,0,355,355,0
681559567,NODE_F42DC973E618,blackhole,2,B0:CB:D8:F3:32:19,-42,0,355,355,0,0,355,355,0
681659567,NODE_F42DC973E618,blackhole,2,B0:CB:D8:F3:32:19,-42,0,355,355,0,0,355,355,0
681759577,NODE_F42DC973E618,blackhole,2,B0:CB:D8:F3:32:19,-42,0,355,356,0,0,356,355,0
681859563,NODE_F42DC973E618,blackhole,2,B0:CB:D8:F3:32:19,-42,0,356,356,0,0,356,356,0
681959567,NODE_F42DC973E618,blackhole,2,B0:CB:D8:F3:32:19,-42,0,356,356,0,0,356,356,0
682059564,NODE_F42DC973E618,blackhole,2,B0:CB:D8:F3:32:19,-42,0,356,356,0,0,356,356,0
682159555,NODE_F42DC973E618,blackhole,2,B0:CB:D8:F3:32:19,-42,0,356,356,0,0,356,356,0
682259567,NODE_F42DC973E618,blackhole,2,B0:CB:D8:F3:32:19,-39,0,356,356,0,0,356,356,0
682359568,NODE_F42DC973E618,blackhole,2,B0:CB:D8:F3:32:19,-39,0,356,356,0,0,356,356,0
682459563,NODE_F42DC973E618,blackhole,2,B0:CB:D8:F3:32:19,-39,0,356,356,0,0,356,356,0
682559567,NODE_F42DC973E618,blackhole,2,B0:CB:D8:F3:32:19,-39,0,356,356,0,0,356,356,0
682659564,NODE_F42DC973E618,blackhole,2,B0:CB:D8:F3:32:19,-39,0,356,356,0,0,356,356,0
682759570,NODE_F42DC973E618,blackhole,2,B0:CB:D8:F3:32:19,-39,0,356,357,0,0,357,356,0
682859567,NODE_F42DC973E618,blackhole,2,B0:CB:D8:F3:32:19,-39,0,357,357,0,0,357,357,0
682959572,NODE_F42DC973E618,blackhole,2,B0:CB:D8:F3:32:19,-39,0,357,357,0,0,357,357,0
683059575,NODE_F42DC973E618,blackhole,2,B0:CB:D8:F3:32:19,-39,0,357,357,0,0,357,357,0
683159555,NODE_F42DC973E618,blackhole,2,B0:CB:D8:F3:32:19,-39,0,357,357,0,0,357,357,0
683259572,NODE_F42DC973E618,blackhole,2,B0:CB:D8:F3:32:19,-39,0,357,357,0,0,357,357,0
683359567,NODE_F42DC973E618,blackhole,2,B0:CB:D8:F3:32:19,-42,0,357,357,0,0,357,357,0
683459567,NODE_F42DC973E618,blackhole,2,B0:CB:D8:F3:32:19,-42,0,357,357,0,0,357,357,0
683559560,NODE_F42DC973E618,blackhole,2,B0:CB:D8:F3:32:19,-42,0,357,357,0,0,357,357,0
683659567,NODE_F42DC973E618,blackhole,2,B0:CB:D8:F3:32:19,-42,0,357,357,0,0,357,357,0
683759588,NODE_F42DC973E618,blackhole,2,B0:CB:D8:F3:32:19,-42,0,357,358,0,0,358,357,0
683859564,NODE_F42DC973E618,blackhole,2,B0:CB:D8:F3:32:19,-42,0,358,358,0,0,358,358,0
683959571,NODE_F42DC973E618,blackhole,2,B0:CB:D8:F3:32:19,-42,0,358,358,0,0,358,358,0
684059567,NODE_F42DC973E618,blackhole,2,B0:CB:D8:F3:32:19,-42,0,358,358,0,0,358,358,0
684159556,NODE_F42DC973E618,blackhole,2,B0:CB:D8:F3:32:19,-42,0,358,358,0,0,358,358,0
684259563,NODE_F42DC973E618,blackhole,2,B0:CB:D8:F3:32:19,-42,0,358,358,0,0,358,358,0
684359567,NODE_F42DC973E618,blackhole,2,B0:CB:D8:F3:32:19,-43,0,358,358,0,0,358,358,0
684459568,NODE_F42DC973E618,blackhole,2,B0:CB:D8:F3:32:19,-43,0,358,358,0,0,358,358,0
684559559,NODE_F42DC973E618,blackhole,2,B0:CB:D8:F3:32:19,-43,0,358,358,0,0,358,358,0
684659567,NODE_F42DC973E618,blackhole,2,B0:CB:D8:F3:32:19,-43,0,358,358,0,0,358,358,0
684759576,NODE_F42DC973E618,blackhole,2,B0:CB:D8:F3:32:19,-43,0,358,358,0,0,358,358,0
684859559,NODE_F42DC973E618,blackhole,2,B0:CB:D8:F3:32:19,-43,0,359,359,0,0,359,359,0
684959571,NODE_F42DC973E618,blackhole,2,B0:CB:D8:F3:32:19,-43,0,359,359,0,0,359,359,0
685059560,NODE_F42DC973E618,blackhole,2,B0:CB:D8:F3:32:19,-43,0,359,359,0,0,359,359,0
685159555,NODE_F42DC973E618,blackhole,2,B0:CB:D8:F3:32:19,-43,0,359,359,0,0,359,359,0
685259567,NODE_F42DC973E618,blackhole,2,B0:CB:D8:F3:32:19,-43,0,359,359,0,0,359,359,0
685359569,NODE_F42DC973E618,blackhole,2,B0:CB:D8:F3:32:19,-43,0,359,359,0,0,359,359,0
685459567,NODE_F42DC973E618,blackhole,2,B0:CB:D8:F3:32:19,-43,0,359,359,0,0,359,359,0
685559559,NODE_F42DC973E618,blackhole,2,B0:CB:D8:F3:32:19,-43,0,359,359,0,0,359,359,0
685659568,NODE_F42DC973E618,blackhole,2,B0:CB:D8:F3:32:19,-43,0,359,359,0,0,359,359,0
685759566,NODE_F42DC973E618,blackhole,2,B0:CB:D8:F3:32:19,-43,0,359,360,0,0,360,359,0
685859563,NODE_F42DC973E618,blackhole,2,B0:CB:D8:F3:32:19,-43,0,360,360,0,0,360,360,0
685959576,NODE_F42DC973E618,blackhole,2,B0:CB:D8:F3:32:19,-43,0,360,360,0,0,360,360,0
686059559,NODE_F42DC973E618,blackhole,2,B0:CB:D8:F3:32:19,-43,0,360,360,0,0,360,360,0
686159555,NODE_F42DC973E618,blackhole,2,B0:CB:D8:F3:32:19,-43,0,360,360,0,0,360,360,0
686259572,NODE_F42DC973E618,blackhole,2,B0:CB:D8:F3:32:19,-43,0,360,360,0,0,360,360,0
686359567,NODE_F42DC973E618,blackhole,2,B0:CB:D8:F3:32:19,-42,0,360,360,0,0,360,360,0
686459563,NODE_F42DC973E618,blackhole,2,B0:CB:D8:F3:32:19,-42,0,360,360,0,0,360,360,0
686559560,NODE_F42DC973E618,blackhole,2,B0:CB:D8:F3:32:19,-42,0,360,360,0,0,360,360,0
686659567,NODE_F42DC973E618,blackhole,2,B0:CB:D8:F3:32:19,-42,0,360,360,0,0,360,360,0
686759620,NODE_F42DC973E618,blackhole,2,B0:CB:D8:F3:32:19,-42,0,360,361,0,0,361,360,0
686859564,NODE_F42DC973E618,blackhole,2,B0:CB:D8:F3:32:19,-42,0,361,361,0,0,361,361,0
686959571,NODE_F42DC973E618,blackhole,2,B0:CB:D8:F3:32:19,-42,0,361,361,0,0,361,361,0
687059567,NODE_F42DC973E618,blackhole,2,B0:CB:D8:F3:32:19,-42,0,361,361,0,0,361,361,0
687159556,NODE_F42DC973E618,blackhole,2,B0:CB:D8:F3:32:19,-42,0,361,361,0,0,361,361,0
687259563,NODE_F42DC973E618,blackhole,2,B0:CB:D8:F3:32:19,-42,0,361,361,0,0,361,361,0
687359563,NODE_F42DC973E618,blackhole,2,B0:CB:D8:F3:32:19,-42,0,361,361,0,0,361,361,0
687459568,NODE_F42DC973E618,blackhole,2,B0:CB:D8:F3:32:19,-38,0,361,361,0,0,361,361,0
687559559,NODE_F42DC973E618,blackhole,2,B0:CB:D8:F3:32:19,-38,0,361,361,0,0,361,361,0
687659567,NODE_F42DC973E618,blackhole,2,B0:CB:D8:F3:32:19,-38,0,361,361,0,0,361,361,0
687759564,NODE_F42DC973E618,blackhole,2,B0:CB:D8:F3:32:19,-38,0,361,362,0,0,362,361,0
687859563,NODE_F42DC973E618,blackhole,2,B0:CB:D8:F3:32:19,-38,0,362,362,0,0,362,362,0
687959567,NODE_F42DC973E618,blackhole,2,B0:CB:D8:F3:32:19,-38,0,362,362,0,0,362,362,0
688059568,NODE_F42DC973E618,blackhole,2,B0:CB:D8:F3:32:19,-38,0,362,362,0,0,362,362,0
688159555,NODE_F42DC973E618,blackhole,2,B0:CB:D8:F3:32:19,-38,0,362,362,0,0,362,362,0
688259567,NODE_F42DC973E618,blackhole,2,B0:CB:D8:F3:32:19,-38,0,362,362,0,0,362,362,0
688359564,NODE_F42DC973E618,blackhole,2,B0:CB:D8:F3:32:19,-38,0,362,362,0,0,362,362,0
688459567,NODE_F42DC973E618,blackhole,2,B0:CB:D8:F3:32:19,-42,0,362,362,0,0,362,362,0
688559559,NODE_F42DC973E618,blackhole,2,B0:CB:D8:F3:32:19,-42,0,362,362,0,0,362,362,0
688659568,NODE_F42DC973E618,blackhole,2,B0:CB:D8:F3:32:19,-42,0,362,362,0,0,362,362,0
688759567,NODE_F42DC973E618,blackhole,2,B0:CB:D8:F3:32:19,-42,0,362,363,0,0,363,362,0
688859563,NODE_F42DC973E618,blackhole,2,B0:CB:D8:F3:32:19,-42,0,363,363,0,0,363,363,0
688959568,NODE_F42DC973E618,blackhole,2,B0:CB:D8:F3:32:19,-42,0,363,363,0,0,363,363,0
689059567,NODE_F42DC973E618,blackhole,2,B0:CB:D8:F3:32:19,-42,0,363,363,0,0,363,363,0
689159555,NODE_F42DC973E618,blackhole,2,B0:CB:D8:F3:32:19,-42,0,363,363,0,0,363,363,0
689259572,NODE_F42DC973E618,blackhole,2,B0:CB:D8:F3:32:19,-42,0,363,363,0,0,363,363,0
689359563,NODE_F42DC973E618,blackhole,2,B0:CB:D8:F3:32:19,-42,0,363,363,0,0,363,363,0
689459567,NODE_F42DC973E618,blackhole,2,B0:CB:D8:F3:32:19,-38,0,363,363,0,0,363,363,0
689559560,NODE_F42DC973E618,blackhole,2,B0:CB:D8:F3:32:19,-38,0,363,363,0,0,363,363,0
689659567,NODE_F42DC973E618,blackhole,2,B0:CB:D8:F3:32:19,-38,0,363,363,0,0,363,363,0
689759573,NODE_F42DC973E618,blackhole,2,B0:CB:D8:F3:32:19,-38,0,363,364,0,0,364,363,0
689859564,NODE_F42DC973E618,blackhole,2,B0:CB:D8:F3:32:19,-38,0,364,364,0,0,364,364,0
689959567,NODE_F42DC973E618,blackhole,2,B0:CB:D8:F3:32:19,-38,0,364,364,0,0,364,364,0
690059575,NODE_F42DC973E618,blackhole,2,B0:CB:D8:F3:32:19,-38,0,364,364,0,0,364,364,0
690159556,NODE_F42DC973E618,blackhole,2,B0:CB:D8:F3:32:19,-38,0,364,364,0,0,364,364,0
690259563,NODE_F42DC973E618,blackhole,2,B0:CB:D8:F3:32:19,-38,0,364,364,0,0,364,364,0
690359563,NODE_F42DC973E618,blackhole,2,B0:CB:D8:F3:32:19,-38,0,364,364,0,0,364,364,0
690459568,NODE_F42DC973E618,blackhole,2,B0:CB:D8:F3:32:19,-42,0,364,364,0,0,364,364,0
690559559,NODE_F42DC973E618,blackhole,2,B0:CB:D8:F3:32:19,-42,0,364,364,0,0,364,364,0
690659567,NODE_F42DC973E618,blackhole,2,B0:CB:D8:F3:32:19,-42,0,364,364,0,0,364,364,0
690759566,NODE_F42DC973E618,blackhole,2,B0:CB:D8:F3:32:19,-42,0,364,365,0,0,365,364,0
690859563,NODE_F42DC973E618,blackhole,2,B0:CB:D8:F3:32:19,-42,0,365,365,0,0,365,365,0
690959567,NODE_F42DC973E618,blackhole,2,B0:CB:D8:F3:32:19,-42,0,365,365,0,0,365,365,0
691059568,NODE_F42DC973E618,blackhole,2,B0:CB:D8:F3:32:19,-42,0,365,365,0,0,365,365,0
691159559,NODE_F42DC973E618,blackhole,2,B0:CB:D8:F3:32:19,-42,0,365,365,0,0,365,365,0
691259567,NODE_F42DC973E618,blackhole,2,B0:CB:D8:F3:32:19,-42,0,365,365,0,0,365,365,0
691359564,NODE_F42DC973E618,blackhole,2,B0:CB:D8:F3:32:19,-42,0,365,365,0,0,365,365,0
691459563,NODE_F42DC973E618,blackhole,2,B0:CB:D8:F3:32:19,-42,0,365,365,0,0,365,365,0
691559563,NODE_F42DC973E618,blackhole,2,B0:CB:D8:F3:32:19,-43,0,365,365,0,0,365,365,0
691659572,NODE_F42DC973E618,blackhole,2,B0:CB:D8:F3:32:19,-43,0,365,365,0,0,365,365,0
691759575,NODE_F42DC973E618,blackhole,2,B0:CB:D8:F3:32:19,-43,0,365,365,0,0,365,365,0
691859567,NODE_F42DC973E618,blackhole,2,B0:CB:D8:F3:32:19,-43,0,366,366,0,0,366,366,0
691959564,NODE_F42DC973E618,blackhole,2,B0:CB:D8:F3:32:19,-43,0,366,366,0,0,366,366,0
692059559,NODE_F42DC973E618,blackhole,2,B0:CB:D8:F3:32:19,-43,0,366,366,0,0,366,366,0
692159559,NODE_F42DC973E618,blackhole,2,B0:CB:D8:F3:32:19,-43,0,366,366,0,0,366,366,0
692259572,NODE_F42DC973E618,blackhole,2,B0:CB:D8:F3:32:19,-43,0,366,366,0,0,366,366,0
692359563,NODE_F42DC973E618,blackhole,2,B0:CB:D8:F3:32:19,-43,0,366,366,0,0,366,366,0
692459563,NODE_F42DC973E618,blackhole,2,B0:CB:D8:F3:32:19,-43,0,366,366,0,0,366,366,0
692559564,NODE_F42DC973E618,blackhole,2,B0:CB:D8:F3:32:19,-42,0,366,366,0,0,366,366,0
692659567,NODE_F42DC973E618,blackhole,2,B0:CB:D8:F3:32:19,-42,0,366,366,0,0,366,366,0
692759575,NODE_F42DC973E618,blackhole,2,B0:CB:D8:F3:32:19,-42,0,366,366,0,0,366,366,0
692859568,NODE_F42DC973E618,blackhole,2,B0:CB:D8:F3:32:19,-42,0,367,367,0,0,367,367,0
692959563,NODE_F42DC973E618,blackhole,2,B0:CB:D8:F3:32:19,-42,0,367,367,0,0,367,367,0
693059567,NODE_F42DC973E618,blackhole,2,B0:CB:D8:F3:32:19,-42,0,367,367,0,0,367,367,0
693159560,NODE_F42DC973E618,blackhole,2,B0:CB:D8:F3:32:19,-42,0,367,367,0,0,367,367,0
693259563,NODE_F42DC973E618,blackhole,2,B0:CB:D8:F3:32:19,-42,0,367,367,0,0,367,367,0
693359563,NODE_F42DC973E618,blackhole,2,B0:CB:D8:F3:32:19,-42,0,367,367,0,0,367,367,0
693459564,NODE_F42DC973E618,blackhole,2,B0:CB:D8:F3:32:19,-42,0,367,367,0,0,367,367,0
693559563,NODE_F42DC973E618,blackhole,2,B0:CB:D8:F3:32:19,-38,0,367,367,0,0,367,367,0
693659567,NODE_F42DC973E618,blackhole,2,B0:CB:D8:F3:32:19,-38,0,367,367,0,0,367,367,0
693759567,NODE_F42DC973E618,blackhole,2,B0:CB:D8:F3:32:19,-38,0,367,368,0,0,368,367,0
693859567,NODE_F42DC973E618,blackhole,2,B0:CB:D8:F3:32:19,-38,0,368,368,0,0,368,368,0
693959563,NODE_F42DC973E618,blackhole,2,B0:CB:D8:F3:32:19,-38,0,368,368,0,0,368,368,0
694059560,NODE_F42DC973E618,blackhole,2,B0:CB:D8:F3:32:19,-38,0,368,368,0,0,368,368,0
694159559,NODE_F42DC973E618,blackhole,2,B0:CB:D8:F3:32:19,-38,0,368,368,0,0,368,368,0
694259567,NODE_F42DC973E618,blackhole,2,B0:CB:D8:F3:32:19,-38,0,368,368,0,0,368,368,0
694359564,NODE_F42DC973E618,blackhole,2,B0:CB:D8:F3:32:19,-38,0,368,368,0,0,368,368,0
694459563,NODE_F42DC973E618,blackhole,2,B0:CB:D8:F3:32:19,-38,0,368,368,0,0,368,368,0
694559563,NODE_F42DC973E618,blackhole,2,B0:CB:D8:F3:32:19,-43,0,368,368,0,0,368,368,0
694659568,NODE_F42DC973E618,blackhole,2,B0:CB:D8:F3:32:19,-43,0,368,368,0,0,368,368,0
694759563,NODE_F42DC973E618,blackhole,2,B0:CB:D8:F3:32:19,-43,0,368,369,0,0,369,368,0
694859567,NODE_F42DC973E618,blackhole,2,B0:CB:D8:F3:32:19,-43,0,369,369,0,0,369,369,0
694959564,NODE_F42DC973E618,blackhole,2,B0:CB:D8:F3:32:19,-43,0,369,369,0,0,369,369,0
695059559,NODE_F42DC973E618,blackhole,2,B0:CB:D8:F3:32:19,-43,0,369,369,0,0,369,369,0
695159559,NODE_F42DC973E618,blackhole,2,B0:CB:D8:F3:32:19,-43,0,369,369,0,0,369,369,0
695259572,NODE_F42DC973E618,blackhole,2,B0:CB:D8:F3:32:19,-43,0,369,369,0,0,369,369,0
695359563,NODE_F42DC973E618,blackhole,2,B0:CB:D8:F3:32:19,-43,0,369,369,0,0,369,369,0
695459563,NODE_F42DC973E618,blackhole,2,B0:CB:D8:F3:32:19,-43,0,369,369,0,0,369,369,0
695559556,NODE_F42DC973E618,blackhole,2,B0:CB:D8:F3:32:19,-43,0,369,369,0,0,369,369,0
695659563,NODE_F42DC973E618,blackhole,2,B0:CB:D8:F3:32:19,-39,0,369,369,0,0,369,369,0
695759566,NODE_F42DC973E618,blackhole,2,B0:CB:D8:F3:32:19,-39,0,369,370,0,0,370,369,0
695859568,NODE_F42DC973E618,blackhole,2,B0:CB:D8:F3:32:19,-39,0,370,370,0,0,370,370,0
695959571,NODE_F42DC973E618,blackhole,2,B0:CB:D8:F3:32:19,-39,0,370,370,0,0,370,370,0
696059563,NODE_F42DC973E618,blackhole,2,B0:CB:D8:F3:32:19,-39,0,370,370,0,0,370,370,0
696159556,NODE_F42DC973E618,blackhole,2,B0:CB:D8:F3:32:19,-39,0,370,370,0,0,370,370,0
696259563,NODE_F42DC973E618,blackhole,2,B0:CB:D8:F3:32:19,-39,0,370,370,0,0,370,370,0
696359563,NODE_F42DC973E618,blackhole,2,B0:CB:D8:F3:32:19,-39,0,370,370,0,0,370,370,0
696459564,NODE_F42DC973E618,blackhole,2,B0:CB:D8:F3:32:19,-39,0,370,370,0,0,370,370,0
696559555,NODE_F42DC973E618,blackhole,2,B0:CB:D8:F3:32:19,-39,0,370,370,0,0,370,370,0
696659575,NODE_F42DC973E618,blackhole,2,B0:CB:D8:F3:32:19,-38,0,370,370,0,0,370,370,0
696759564,NODE_F42DC973E618,blackhole,2,B0:CB:D8:F3:32:19,-38,0,370,371,0,0,371,370,0
696859567,NODE_F42DC973E618,blackhole,2,B0:CB:D8:F3:32:19,-38,0,371,371,0,0,371,371,0
696959571,NODE_F42DC973E618,blackhole,2,B0:CB:D8:F3:32:19,-38,0,371,371,0,0,371,371,0
697059576,NODE_F42DC973E618,blackhole,2,B0:CB:D8:F3:32:19,-38,0,371,371,0,0,371,371,0
697159555,NODE_F42DC973E618,blackhole,2,B0:CB:D8:F3:32:19,-38,0,371,371,0,0,371,371,0
697259567,NODE_F42DC973E618,blackhole,2,B0:CB:D8:F3:32:19,-38,0,371,371,0,0,371,371,0
697359556,NODE_F42DC973E618,blackhole,2,B0:CB:D8:F3:32:19,-38,0,371,371,0,0,371,371,0
697459559,NODE_F42DC973E618,blackhole,2,B0:CB:D8:F3:32:19,-38,0,371,371,0,0,371,371,0
697559555,NODE_F42DC973E618,blackhole,2,B0:CB:D8:F3:32:19,-38,0,371,371,0,0,371,371,0
697659568,NODE_F42DC973E618,blackhole,2,B0:CB:D8:F3:32:19,-38,0,371,371,0,0,371,371,0
697759606,NODE_F42DC973E618,blackhole,2,B0:CB:D8:F3:32:19,-38,0,371,372,0,0,372,371,0
697859563,NODE_F42DC973E618,blackhole,2,B0:CB:D8:F3:32:19,-38,0,372,372,0,0,372,372,0
697959572,NODE_F42DC973E618,blackhole,2,B0:CB:D8:F3:32:19,-38,0,372,372,0,0,372,372,0
698059559,NODE_F42DC973E618,blackhole,2,B0:CB:D8:F3:32:19,-38,0,372,372,0,0,372,372,0
698159555,NODE_F42DC973E618,blackhole,2,B0:CB:D8:F3:32:19,-38,0,372,372,0,0,372,372,0
698259576,NODE_F42DC973E618,blackhole,2,B0:CB:D8:F3:32:19,-38,0,372,372,0,0,372,372,0
698359563,NODE_F42DC973E618,blackhole,2,B0:CB:D8:F3:32:19,-38,0,372,372,0,0,372,372,0
698459563,NODE_F42DC973E618,blackhole,2,B0:CB:D8:F3:32:19,-38,0,372,372,0,0,372,372,0
698559556,NODE_F42DC973E618,blackhole,2,B0:CB:D8:F3:32:19,-38,0,372,372,0,0,372,372,0
698659567,NODE_F42DC973E618,blackhole,2,B0:CB:D8:F3:32:19,-42,0,372,372,0,0,372,372,0
698759568,NODE_F42DC973E618,blackhole,2,B0:CB:D8:F3:32:19,-42,0,372,373,0,0,373,372,0
698859568,NODE_F42DC973E618,blackhole,2,B0:CB:D8:F3:32:19,-42,0,373,373,0,0,373,373,0
698959575,NODE_F42DC973E618,blackhole,2,B0:CB:D8:F3:32:19,-42,0,373,373,0,0,373,373,0
699059559,NODE_F42DC973E618,blackhole,2,B0:CB:D8:F3:32:19,-42,0,373,373,0,0,373,373,0
699159556,NODE_F42DC973E618,blackhole,2,B0:CB:D8:F3:32:19,-42,0,373,373,0,0,373,373,0
699259567,NODE_F42DC973E618,blackhole,2,B0:CB:D8:F3:32:19,-42,0,373,373,0,0,373,373,0
699359559,NODE_F42DC973E618,blackhole,2,B0:CB:D8:F3:32:19,-42,0,373,373,0,0,373,373,0
699459560,NODE_F42DC973E618,blackhole,2,B0:CB:D8:F3:32:19,-42,0,373,373,0,0,373,373,0
699559555,NODE_F42DC973E618,blackhole,2,B0:CB:D8:F3:32:19,-42,0,373,373,0,0,373,373,0
699659563,NODE_F42DC973E618,blackhole,2,B0:CB:D8:F3:32:19,-42,0,373,373,0,0,373,373,0
699760036,NODE_F42DC973E618,blackhole,2,B0:CB:D8:F3:32:19,-39,0,373,374,0,0,374,373,0
699859567,NODE_F42DC973E618,blackhole,2,B0:CB:D8:F3:32:19,-39,0,374,374,0,0,374,374,0
699959571,NODE_F42DC973E618,blackhole,2,B0:CB:D8:F3:32:19,-39,0,374,374,0,0,374,374,0
700059568,NODE_F42DC973E618,blackhole,2,B0:CB:D8:F3:32:19,-39,0,374,374,0,0,374,374,0
700159555,NODE_F42DC973E618,blackhole,2,B0:CB:D8:F3:32:19,-39,0,374,374,0,0,374,374,0
700259567,NODE_F42DC973E618,blackhole,2,B0:CB:D8:F3:32:19,-39,0,374,374,0,0,374,374,0
700359564,NODE_F42DC973E618,blackhole,2,B0:CB:D8:F3:32:19,-39,0,374,374,0,0,374,374,0
700459563,NODE_F42DC973E618,blackhole,2,B0:CB:D8:F3:32:19,-39,0,374,374,0,0,374,374,0
700559567,NODE_F42DC973E618,blackhole,2,B0:CB:D8:F3:32:19,-39,0,374,374,1,1,374,374,0
700659564,NODE_F42DC973E618,blackhole,2,B0:CB:D8:F3:32:19,-39,0,374,374,1,1,374,374,0
700759563,NODE_F42DC973E618,blackhole,2,B0:CB:D8:F3:32:19,-43,0,374,375,1,1,375,374,1
700859567,NODE_F42DC973E618,blackhole,2,B0:CB:D8:F3:32:19,-43,0,374,375,1,1,375,374,1
700959572,NODE_F42DC973E618,blackhole,2,B0:CB:D8:F3:32:19,-43,0,374,375,1,1,375,374,1
701059563,NODE_F42DC973E618,blackhole,2,B0:CB:D8:F3:32:19,-43,0,374,375,1,1,375,374,1
701159555,NODE_F42DC973E618,blackhole,2,B0:CB:D8:F3:32:19,-43,0,374,375,1,1,375,374,1
701259576,NODE_F42DC973E618,blackhole,2,B0:CB:D8:F3:32:19,-43,0,374,375,1,1,375,374,1
701359567,NODE_F42DC973E618,blackhole,2,B0:CB:D8:F3:32:19,-43,0,374,375,1,1,375,374,1
701459559,NODE_F42DC973E618,blackhole,2,B0:CB:D8:F3:32:19,-43,0,374,375,1,1,375,374,1
701559556,NODE_F42DC973E618,blackhole,2,B0:CB:D8:F3:32:19,-43,0,374,375,1,1,375,374,1
701659571,NODE_F42DC973E618,blackhole,2,B0:CB:D8:F3:32:19,-43,0,374,375,1,1,375,374,1
701759567,NODE_F42DC973E618,blackhole,2,B0:CB:D8:F3:32:19,-38,0,374,375,1,1,375,374,1
701859564,NODE_F42DC973E618,blackhole,2,B0:CB:D8:F3:32:19,-38,0,374,376,1,1,376,374,2
701959575,NODE_F42DC973E618,blackhole,2,B0:CB:D8:F3:32:19,-38,0,374,376,1,1,376,374,2
702059567,NODE_F42DC973E618,blackhole,2,B0:CB:D8:F3:32:19,-38,0,374,376,1,1,376,374,2
702159556,NODE_F42DC973E618,blackhole,2,B0:CB:D8:F3:32:19,-38,0,374,376,1,1,376,374,2
702259559,NODE_F42DC973E618,blackhole,2,B0:CB:D8:F3:32:19,-38,0,374,376,1,1,376,374,2
702359567,NODE_F42DC973E618,blackhole,2,B0:CB:D8:F3:32:19,-38,0,374,376,1,1,376,374,2
702459564,NODE_F42DC973E618,blackhole,2,B0:CB:D8:F3:32:19,-38,0,374,376,1,1,376,374,2
702559555,NODE_F42DC973E618,blackhole,2,B0:CB:D8:F3:32:19,-38,0,374,376,1,1,376,374,2
702659563,NODE_F42DC973E618,blackhole,2,B0:CB:D8:F3:32:19,-38,0,374,376,1,1,376,374,2
702759568,NODE_F42DC973E618,blackhole,2,B0:CB:D8:F3:32:19,-42,0,374,376,1,1,376,374,2
702859563,NODE_F42DC973E618,blackhole,2,B0:CB:D8:F3:32:19,-42,0,374,377,1,1,377,374,3
702959571,NODE_F42DC973E618,blackhole,2,B0:CB:D8:F3:32:19,-42,0,374,377,1,1,377,374,3
703059572,NODE_F42DC973E618,blackhole,2,B0:CB:D8:F3:32:19,-42,0,374,377,1,1,377,374,3
703159555,NODE_F42DC973E618,blackhole,2,B0:CB:D8:F3:32:19,-42,0,374,377,1,1,377,374,3
703259559,NODE_F42DC973E618,blackhole,2,B0:CB:D8:F3:32:19,-42,0,374,377,1,1,377,374,3
703359564,NODE_F42DC973E618,blackhole,2,B0:CB:D8:F3:32:19,-42,0,374,377,1,1,377,374,3
703459559,NODE_F42DC973E618,blackhole,2,B0:CB:D8:F3:32:19,-42,0,374,377,1,1,377,374,3
703559555,NODE_F42DC973E618,blackhole,2,B0:CB:D8:F3:32:19,-42,0,374,377,1,1,377,374,3
703659560,NODE_F42DC973E618,blackhole,2,B0:CB:D8:F3:32:19,-42,0,374,377,1,1,377,374,3
703759563,NODE_F42DC973E618,blackhole,2,B0:CB:D8:F3:32:19,-38,0,374,377,1,1,377,374,3
703859563,NODE_F42DC973E618,blackhole,2,B0:CB:D8:F3:32:19,-38,0,374,378,1,1,378,374,4
703959572,NODE_F42DC973E618,blackhole,2,B0:CB:D8:F3:32:19,-38,0,374,378,1,1,378,374,4
704059575,NODE_F42DC973E618,blackhole,2,B0:CB:D8:F3:32:19,-38,0,374,378,1,1,378,374,4
704159563,NODE_F42DC973E618,blackhole,2,B0:CB:D8:F3:32:19,-38,0,374,378,1,1,378,374,4
704259576,NODE_F42DC973E618,blackhole,2,B0:CB:D8:F3:32:19,-38,0,374,378,1,1,378,374,4
704359567,NODE_F42DC973E618,blackhole,2,B0:CB:D8:F3:32:19,-38,0,374,378,1,1,378,374,4
704459559,NODE_F42DC973E618,blackhole,2,B0:CB:D8:F3:32:19,-38,0,374,378,1,1,378,374,4
704559556,NODE_F42DC973E618,blackhole,2,B0:CB:D8:F3:32:19,-38,0,374,378,1,1,378,374,4
704659563,NODE_F42DC973E618,blackhole,2,B0:CB:D8:F3:32:19,-38,0,374,378,1,1,378,374,4
704759559,NODE_F42DC973E618,blackhole,2,B0:CB:D8:F3:32:19,-38,0,374,378,1,1,378,374,4
704859568,NODE_F42DC973E618,blackhole,2,B0:CB:D8:F3:32:19,-43,0,374,379,1,1,379,374,5
704959575,NODE_F42DC973E618,blackhole,2,B0:CB:D8:F3:32:19,-43,0,374,379,1,1,379,374,5
705059567,NODE_F42DC973E618,blackhole,2,B0:CB:D8:F3:32:19,-43,0,374,379,1,1,379,374,5
705159568,NODE_F42DC973E618,blackhole,2,B0:CB:D8:F3:32:19,-43,0,374,379,1,1,379,374,5
705259559,NODE_F42DC973E618,blackhole,2,B0:CB:D8:F3:32:19,-43,0,374,379,1,1,379,374,5
705359559,NODE_F42DC973E618,blackhole,2,B0:CB:D8:F3:32:19,-43,0,374,379,1,1,379,374,5
705459568,NODE_F42DC973E618,blackhole,2,B0:CB:D8:F3:32:19,-43,0,374,379,1,1,379,374,5
705559555,NODE_F42DC973E618,blackhole,2,B0:CB:D8:F3:32:19,-43,0,374,379,1,1,379,374,5
705659559,NODE_F42DC973E618,blackhole,2,B0:CB:D8:F3:32:19,-43,0,374,379,1,1,379,374,5
705759560,NODE_F42DC973E618,blackhole,2,B0:CB:D8:F3:32:19,-43,0,374,379,1,1,379,374,5
705859567,NODE_F42DC973E618,blackhole,2,B0:CB:D8:F3:32:19,-42,0,374,380,1,1,380,374,6
705959571,NODE_F42DC973E618,blackhole,2,B0:CB:D8:F3:32:19,-42,0,374,380,1,1,380,374,6
706059572,NODE_F42DC973E618,blackhole,2,B0:CB:D8:F3:32:19,-42,0,374,380,1,1,380,374,6
706159567,NODE_F42DC973E618,blackhole,2,B0:CB:D8:F3:32:19,-42,0,374,380,1,1,380,374,6
706259559,NODE_F42DC973E618,blackhole,2,B0:CB:D8:F3:32:19,-42,0,374,380,1,1,380,374,6
706359560,NODE_F42DC973E618,blackhole,2,B0:CB:D8:F3:32:19,-42,0,374,380,1,1,380,374,6
706459567,NODE_F42DC973E618,blackhole,2,B0:CB:D8:F3:32:19,-42,0,374,380,1,1,380,374,6
706559555,NODE_F42DC973E618,blackhole,2,B0:CB:D8:F3:32:19,-42,0,374,380,1,1,380,374,6
706659564,NODE_F42DC973E618,blackhole,2,B0:CB:D8:F3:32:19,-42,0,374,380,1,1,380,374,6
706759563,NODE_F42DC973E618,blackhole,2,B0:CB:D8:F3:32:19,-42,0,374,380,1,1,380,374,6
706859567,NODE_F42DC973E618,blackhole,2,B0:CB:D8:F3:32:19,-38,0,374,381,1,1,381,374,7
706959572,NODE_F42DC973E618,blackhole,2,B0:CB:D8:F3:32:19,-38,0,374,381,1,1,381,374,7
707059567,NODE_F42DC973E618,blackhole,2,B0:CB:D8:F3:32:19,-38,0,374,381,1,1,381,374,7
707159567,NODE_F42DC973E618,blackhole,2,B0:CB:D8:F3:32:19,-38,0,374,381,1,1,381,374,7
707259572,NODE_F42DC973E618,blackhole,2,B0:CB:D8:F3:32:19,-38,0,374,381,1,1,381,374,7
707359563,NODE_F42DC973E618,blackhole,2,B0:CB:D8:F3:32:19,-38,0,374,381,1,1,381,374,7
707459567,NODE_F42DC973E618,blackhole,2,B0:CB:D8:F3:32:19,-38,0,374,381,1,1,381,374,7
707559556,NODE_F42DC973E618,blackhole,2,B0:CB:D8:F3:32:19,-38,0,374,381,1,1,381,374,7
707659563,NODE_F42DC973E618,blackhole,2,B0:CB:D8:F3:32:19,-38,0,374,381,1,1,381,374,7
707759559,NODE_F42DC973E618,blackhole,2,B0:CB:D8:F3:32:19,-38,0,374,381,1,1,381,374,7
707859568,NODE_F42DC973E618,blackhole,2,B0:CB:D8:F3:32:19,-43,0,374,382,1,1,382,374,8
707959571,NODE_F42DC973E618,blackhole,2,B0:CB:D8:F3:32:19,-43,0,374,382,1,1,382,374,8
708059567,NODE_F42DC973E618,blackhole,2,B0:CB:D8:F3:32:19,-43,0,374,382,1,1,382,374,8
708159568,NODE_F42DC973E618,blackhole,2,B0:CB:D8:F3:32:19,-43,0,374,382,1,1,382,374,8
708259563,NODE_F42DC973E618,blackhole,2,B0:CB:D8:F3:32:19,-43,0,374,382,1,1,382,374,8
708359563,NODE_F42DC973E618,blackhole,2,B0:CB:D8:F3:32:19,-43,0,374,382,1,1,382,374,8
708459568,NODE_F42DC973E618,blackhole,2,B0:CB:D8:F3:32:19,-43,0,374,382,1,1,382,374,8
708559555,NODE_F42DC973E618,blackhole,2,B0:CB:D8:F3:32:19,-43,0,374,382,1,1,382,374,8
708659563,NODE_F42DC973E618,blackhole,2,B0:CB:D8:F3:32:19,-43,0,374,382,1,1,382,374,8
708759560,NODE_F42DC973E618,blackhole,2,B0:CB:D8:F3:32:19,-43,0,374,382,1,1,382,374,8
708859563,NODE_F42DC973E618,blackhole,2,B0:CB:D8:F3:32:19,-43,0,374,383,1,1,383,374,9
708959571,NODE_F42DC973E618,blackhole,2,B0:CB:D8:F3:32:19,-38,0,374,383,1,1,383,374,9
709059572,NODE_F42DC973E618,blackhole,2,B0:CB:D8:F3:32:19,-38,0,374,383,1,1,383,374,9
709159559,NODE_F42DC973E618,blackhole,2,B0:CB:D8:F3:32:19,-38,0,374,383,1,1,383,374,9
709259567,NODE_F42DC973E618,blackhole,2,B0:CB:D8:F3:32:19,-38,0,374,383,1,1,383,374,9
709359560,NODE_F42DC973E618,blackhole,2,B0:CB:D8:F3:32:19,-38,0,374,383,1,1,383,374,9
709459559,NODE_F42DC973E618,blackhole,2,B0:CB:D8:F3:32:19,-38,0,374,383,1,1,383,374,9
709559559,NODE_F42DC973E618,blackhole,2,B0:CB:D8:F3:32:19,-38,0,374,383,1,1,383,374,9
709659564,NODE_F42DC973E618,blackhole,2,B0:CB:D8:F3:32:19,-38,0,374,383,1,1,383,374,9
709759563,NODE_F42DC973E618,blackhole,2,B0:CB:D8:F3:32:19,-38,0,374,383,1,1,383,374,9
709859563,NODE_F42DC973E618,blackhole,2,B0:CB:D8:F3:32:19,-38,0,374,384,1,1,384,374,10
709959572,NODE_F42DC973E618,blackhole,2,B0:CB:D8:F3:32:19,-38,0,374,384,1,1,384,374,10
710059567,NODE_F42DC973E618,blackhole,2,B0:CB:D8:F3:32:19,-38,0,374,384,1,1,384,374,10
710159559,NODE_F42DC973E618,blackhole,2,B0:CB:D8:F3:32:19,-38,0,374,384,1,1,384,374,10
710259576,NODE_F42DC973E618,blackhole,2,B0:CB:D8:F3:32:19,-38,0,374,384,1,1,384,374,10
710359559,NODE_F42DC973E618,blackhole,2,B0:CB:D8:F3:32:19,-38,0,374,384,1,1,384,374,10
710459559,NODE_F42DC973E618,blackhole,2,B0:CB:D8:F3:32:19,-38,0,374,384,1,1,384,374,10
710559560,NODE_F42DC973E618,blackhole,2,B0:CB:D8:F3:32:19,-38,0,374,384,1,1,384,374,10
710659563,NODE_F42DC973E618,blackhole,2,B0:CB:D8:F3:32:19,-38,0,374,384,1,1,384,374,10
710759559,NODE_F42DC973E618,blackhole,2,B0:CB:D8:F3:32:19,-38,0,374,384,1,1,384,374,10
710859564,NODE_F42DC973E618,blackhole,2,B0:CB:D8:F3:32:19,-38,0,374,385,1,1,385,374,11
710959575,NODE_F42DC973E618,blackhole,2,B0:CB:D8:F3:32:19,-42,0,374,385,1,1,385,374,11
711059575,NODE_F42DC973E618,blackhole,2,B0:CB:D8:F3:32:19,-42,0,374,385,1,1,385,374,11
711159560,NODE_F42DC973E618,blackhole,2,B0:CB:D8:F3:32:19,-42,0,374,385,1,1,385,374,11
711259567,NODE_F42DC973E618,blackhole,2,B0:CB:D8:F3:32:19,-42,0,374,385,1,1,385,374,11
711359559,NODE_F42DC973E618,blackhole,2,B0:CB:D8:F3:32:19,-42,0,374,385,1,1,385,374,11
711459564,NODE_F42DC973E618,blackhole,2,B0:CB:D8:F3:32:19,-42,0,374,385,1,1,385,374,11
711559559,NODE_F42DC973E618,blackhole,2,B0:CB:D8:F3:32:19,-42,0,374,385,1,1,385,374,11
711659571,NODE_F42DC973E618,blackhole,2,B0:CB:D8:F3:32:19,-42,0,374,385,1,1,385,374,11
711759564,NODE_F42DC973E618,blackhole,2,B0:CB:D8:F3:32:19,-42,0,374,385,1,1,385,374,11
711859563,NODE_F42DC973E618,blackhole,2,B0:CB:D8:F3:32:19,-42,0,374,386,1,1,386,374,12
711959571,NODE_F42DC973E618,blackhole,2,B0:CB:D8:F3:32:19,-39,0,374,386,1,1,386,374,12
712059870,NODE_F42DC973E618,blackhole,2,B0:CB:D8:F3:32:19,-39,0,374,386,1,1,386,374,12
712159559,NODE_F42DC973E618,blackhole,2,B0:CB:D8:F3:32:19,-39,0,374,386,1,1,386,374,12
712259567,NODE_F42DC973E618,blackhole,2,B0:CB:D8:F3:32:19,-39,0,374,386,1,1,386,374,12
712359560,NODE_F42DC973E618,blackhole,2,B0:CB:D8:F3:32:19,-39,0,374,386,1,1,386,374,12
712459559,NODE_F42DC973E618,blackhole,2,B0:CB:D8:F3:32:19,-39,0,374,386,1,1,386,374,12
712559559,NODE_F42DC973E618,blackhole,2,B0:CB:D8:F3:32:19,-39,0,374,386,1,1,386,374,12
712659564,NODE_F42DC973E618,blackhole,2,B0:CB:D8:F3:32:19,-39,0,374,386,1,1,386,374,12
712759559,NODE_F42DC973E618,blackhole,2,B0:CB:D8:F3:32:19,-39,0,374,386,1,1,386,374,12
712859563,NODE_F42DC973E618,blackhole,2,B0:CB:D8:F3:32:19,-39,0,374,387,1,1,387,374,13
712959568,NODE_F42DC973E618,blackhole,2,B0:CB:D8:F3:32:19,-39,0,374,387,1,1,387,374,13
713059567,NODE_F42DC973E618,blackhole,2,B0:CB:D8:F3:32:19,-43,0,374,387,1,1,387,374,13
713159559,NODE_F42DC973E618,blackhole,2,B0:CB:D8:F3:32:19,-43,0,374,387,1,1,387,374,13
713259576,NODE_F42DC973E618,blackhole,2,B0:CB:D8:F3:32:19,-43,0,374,387,1,1,387,374,13
713359563,NODE_F42DC973E618,blackhole,2,B0:CB:D8:F3:32:19,-43,0,374,387,1,1,387,374,13
713459563,NODE_F42DC973E618,blackhole,2,B0:CB:D8:F3:32:19,-43,0,374,387,1,1,387,374,13
713559556,NODE_F42DC973E618,blackhole,2,B0:CB:D8:F3:32:19,-43,0,374,387,1,1,387,374,13
713659567,NODE_F42DC973E618,blackhole,2,B0:CB:D8:F3:32:19,-43,0,374,387,1,1,387,374,13
713759563,NODE_F42DC973E618,blackhole,2,B0:CB:D8:F3:32:19,-43,0,374,387,1,1,387,374,13
713859564,NODE_F42DC973E618,blackhole,2,B0:CB:D8:F3:32:19,-43,0,374,388,1,1,388,374,14
713959567,NODE_F42DC973E618,blackhole,2,B0:CB:D8:F3:32:19,-43,0,374,388,1,1,388,374,14
714059567,NODE_F42DC973E618,blackhole,2,B0:CB:D8:F3:32:19,-42,0,374,388,1,1,388,374,14
714159560,NODE_F42DC973E618,blackhole,2,B0:CB:D8:F3:32:19,-42,0,374,388,1,1,388,374,14
714259567,NODE_F42DC973E618,blackhole,2,B0:CB:D8:F3:32:19,-42,0,374,388,1,1,388,374,14
714359571,NODE_F42DC973E618,blackhole,2,B0:CB:D8:F3:32:19,-42,0,374,388,1,1,388,374,14
714459560,NODE_F42DC973E618,blackhole,2,B0:CB:D8:F3:32:19,-42,0,374,388,1,1,388,374,14
714559555,NODE_F42DC973E618,blackhole,2,B0:CB:D8:F3:32:19,-42,0,374,388,1,1,388,374,14
714659567,NODE_F42DC973E618,blackhole,2,B0:CB:D8:F3:32:19,-42,0,374,388,1,1,388,374,14
714759560,NODE_F42DC973E618,blackhole,2,B0:CB:D8:F3:32:19,-42,0,374,388,1,1,388,374,14
714859563,NODE_F42DC973E618,blackhole,2,B0:CB:D8:F3:32:19,-42,0,374,389,1,1,389,374,15
714959571,NODE_F42DC973E618,blackhole,2,B0:CB:D8:F3:32:19,-42,0,374,389,1,1,389,374,15
715059568,NODE_F42DC973E618,blackhole,2,B0:CB:D8:F3:32:19,-43,0,374,389,1,1,389,374,15
715159559,NODE_F42DC973E618,blackhole,2,B0:CB:D8:F3:32:19,-43,0,374,389,1,1,389,374,15
715259567,NODE_F42DC973E618,blackhole,2,B0:CB:D8:F3:32:19,-43,0,374,389,1,1,389,374,15
715359568,NODE_F42DC973E618,blackhole,2,B0:CB:D8:F3:32:19,-43,0,374,389,1,1,389,374,15
715459559,NODE_F42DC973E618,blackhole,2,B0:CB:D8:F3:32:19,-43,0,374,389,1,1,389,374,15
715559555,NODE_F42DC973E618,blackhole,2,B0:CB:D8:F3:32:19,-43,0,374,389,1,1,389,374,15
715659568,NODE_F42DC973E618,blackhole,2,B0:CB:D8:F3:32:19,-43,0,374,389,1,1,389,374,15
715759559,NODE_F42DC973E618,blackhole,2,B0:CB:D8:F3:32:19,-43,0,374,389,1,1,389,374,15
715859563,NODE_F42DC973E618,blackhole,2,B0:CB:D8:F3:32:19,-43,0,374,390,1,1,390,374,16
715959568,NODE_F42DC973E618,blackhole,2,B0:CB:D8:F3:32:19,-43,0,374,390,1,1,390,374,16
716059567,NODE_F42DC973E618,blackhole,2,B0:CB:D8:F3:32:19,-38,0,374,390,1,1,390,374,16
716159559,NODE_F42DC973E618,blackhole,2,B0:CB:D8:F3:32:19,-38,0,374,390,1,1,390,374,16
716259576,NODE_F42DC973E618,blackhole,2,B0:CB:D8:F3:32:19,-38,0,374,390,1,1,390,374,16
716359567,NODE_F42DC973E618,blackhole,2,B0:CB:D8:F3:32:19,-38,0,374,390,1,1,390,374,16
716459563,NODE_F42DC973E618,blackhole,2,B0:CB:D8:F3:32:19,-38,0,374,390,1,1,390,374,16
716559556,NODE_F42DC973E618,blackhole,2,B0:CB:D8:F3:32:19,-38,0,374,390,1,1,390,374,16
716659567,NODE_F42DC973E618,blackhole,2,B0:CB:D8:F3:32:19,-38,0,374,390,1,1,390,374,16
716759563,NODE_F42DC973E618,blackhole,2,B0:CB:D8:F3:32:19,-38,0,374,390,1,1,390,374,16
716859564,NODE_F42DC973E618,blackhole,2,B0:CB:D8:F3:32:19,-38,0,374,391,1,1,391,374,17
716959567,NODE_F42DC973E618,blackhole,2,B0:CB:D8:F3:32:19,-38,0,374,391,1,1,391,374,17
717059563,NODE_F42DC973E618,blackhole,2,B0:CB:D8:F3:32:19,-38,0,374,391,1,1,391,374,17
717159564,NODE_F42DC973E618,blackhole,2,B0:CB:D8:F3:32:19,-38,0,374,391,1,1,391,374,17
717259567,NODE_F42DC973E618,blackhole,2,B0:CB:D8:F3:32:19,-38,0,374,391,1,1,391,374,17
717359571,NODE_F42DC973E618,blackhole,2,B0:CB:D8:F3:32:19,-38,0,374,391,1,1,391,374,17
717459568,NODE_F42DC973E618,blackhole,2,B0:CB:D8:F3:32:19,-38,0,374,391,1,1,391,374,17
717559555,NODE_F42DC973E618,blackhole,2,B0:CB:D8:F3:32:19,-38,0,374,391,1,1,391,374,17
717659559,NODE_F42DC973E618,blackhole,2,B0:CB:D8:F3:32:19,-38,0,374,391,1,1,391,374,17
717759564,NODE_F42DC973E618,blackhole,2,B0:CB:D8:F3:32:19,-38,0,374,391,1,1,391,374,17
717859563,NODE_F42DC973E618,blackhole,2,B0:CB:D8:F3:32:19,-38,0,374,392,1,1,392,374,18
717959571,NODE_F42DC973E618,blackhole,2,B0:CB:D8:F3:32:19,-38,0,374,392,1,1,392,374,18
718059578,NODE_F42DC973E618,blackhole,2,B0:CB:D8:F3:32:19,-38,0,374,392,1,1,392,374,18
718159575,NODE_F42DC973E618,blackhole,2,B0:CB:D8:F3:32:19,-42,0,374,392,1,1,392,374,18
718259567,NODE_F42DC973E618,blackhole,2,B0:CB:D8:F3:32:19,-42,0,374,392,1,1,392,374,18
718359568,NODE_F42DC973E618,blackhole,2,B0:CB:D8:F3:32:19,-42,0,374,392,1,1,392,374,18
718459567,NODE_F42DC973E618,blackhole,2,B0:CB:D8:F3:32:19,-42,0,374,392,1,1,392,374,18
718559555,NODE_F42DC973E618,blackhole,2,B0:CB:D8:F3:32:19,-42,0,374,392,1,1,392,374,18
718659564,NODE_F42DC973E618,blackhole,2,B0:CB:D8:F3:32:19,-42,0,374,392,1,1,392,374,18
718759567,NODE_F42DC973E618,blackhole,2,B0:CB:D8:F3:32:19,-42,0,374,392,1,1,392,374,18
718859563,NODE_F42DC973E618,blackhole,2,B0:CB:D8:F3:32:19,-42,0,374,393,1,1,393,374,19
718959568,NODE_F42DC973E618,blackhole,2,B0:CB:D8:F3:32:19,-42,0,374,393,1,1,393,374,19
719059567,NODE_F42DC973E618,blackhole,2,B0:CB:D8:F3:32:19,-42,0,374,393,1,1,393,374,19
719159563,NODE_F42DC973E618,blackhole,2,B0:CB:D8:F3:32:19,-43,0,374,393,1,1,393,374,19
719259576,NODE_F42DC973E618,blackhole,2,B0:CB:D8:F3:32:19,-43,0,374,393,1,1,393,374,19
719359567,NODE_F42DC973E618,blackhole,2,B0:CB:D8:F3:32:19,-43,0,374,393,1,1,393,374,19
719459567,NODE_F42DC973E618,blackhole,2,B0:CB:D8:F3:32:19,-43,0,374,393,1,1,393,374,19
719559556,NODE_F42DC973E618,blackhole,2,B0:CB:D8:F3:32:19,-43,0,374,393,1,1,393,374,19
719659563,NODE_F42DC973E618,blackhole,2,B0:CB:D8:F3:32:19,-43,0,374,393,1,1,393,374,19
719759567,NODE_F42DC973E618,blackhole,2,B0:CB:D8:F3:32:19,-43,0,374,393,1,1,393,374,19
719859564,NODE_F42DC973E618,blackhole,2,B0:CB:D8:F3:32:19,-43,0,374,394,1,1,394,374,20
719959567,NODE_F42DC973E618,blackhole,2,B0:CB:D8:F3:32:19,-43,0,374,394,1,1,394,374,20
720059563,NODE_F42DC973E618,blackhole,2,B0:CB:D8:F3:32:19,-43,0,374,394,1,1,394,374,20
720159564,NODE_F42DC973E618,blackhole,2,B0:CB:D8:F3:32:19,-38,0,374,394,1,1,394,374,20
720259571,NODE_F42DC973E618,blackhole,2,B0:CB:D8:F3:32:19,-38,0,374,394,1,1,394,374,20
720359567,NODE_F42DC973E618,blackhole,2,B0:CB:D8:F3:32:19,-38,0,374,394,1,1,394,374,20
720459568,NODE_F42DC973E618,blackhole,2,B0:CB:D8:F3:32:19,-38,0,374,394,1,1,394,374,20
720559555,NODE_F42DC973E618,blackhole,2,B0:CB:D8:F3:32:19,-38,0,374,394,1,1,394,374,20
720659563,NODE_F42DC973E618,blackhole,2,B0:CB:D8:F3:32:19,-38,0,374,394,1,1,394,374,20
720759564,NODE_F42DC973E618,blackhole,2,B0:CB:D8:F3:32:19,-38,0,374,394,1,1,394,374,20
720859563,NODE_F42DC973E618,blackhole,2,B0:CB:D8:F3:32:19,-38,0,374,395,1,1,395,374,21
720959571,NODE_F42DC973E618,blackhole,2,B0:CB:D8:F3:32:19,-38,0,374,395,1,1,395,374,21
721059564,NODE_F42DC973E618,blackhole,2,B0:CB:D8:F3:32:19,-38,0,374,395,1,1,395,374,21
721159559,NODE_F42DC973E618,blackhole,2,B0:CB:D8:F3:32:19,-38,0,374,395,1,1,395,374,21
721259563,NODE_F42DC973E618,blackhole,2,B0:CB:D8:F3:32:19,-38,0,374,395,1,1,395,374,21
721359568,NODE_F42DC973E618,blackhole,2,B0:CB:D8:F3:32:19,-38,0,374,395,1,1,395,374,21
721459563,NODE_F42DC973E618,blackhole,2,B0:CB:D8:F3:32:19,-38,0,374,395,1,1,395,374,21
721559567,NODE_F42DC973E618,blackhole,2,B0:CB:D8:F3:32:19,-38,0,374,395,1,1,395,374,21
721659568,NODE_F42DC973E618,blackhole,2,B0:CB:D8:F3:32:19,-38,0,374,395,1,1,395,374,21
721759563,NODE_F42DC973E618,blackhole,2,B0:CB:D8:F3:32:19,-38,0,374,395,1,1,395,374,21
721859563,NODE_F42DC973E618,blackhole,2,B0:CB:D8:F3:32:19,-38,0,374,396,1,1,396,374,22
721959568,NODE_F42DC973E618,blackhole,2,B0:CB:D8:F3:32:19,-38,0,374,396,1,1,396,374,22
722059567,NODE_F42DC973E618,blackhole,2,B0:CB:D8:F3:32:19,-38,0,374,396,1,1,396,374,22
722159555,NODE_F42DC973E618,blackhole,2,B0:CB:D8:F3:32:19,-38,0,374,396,1,1,396,374,22
722259576,NODE_F42DC973E618,blackhole,2,B0:CB:D8:F3:32:19,-37,0,374,396,1,1,396,374,22
722359567,NODE_F42DC973E618,blackhole,2,B0:CB:D8:F3:32:19,-37,0,374,396,1,1,396,374,22
722459567,NODE_F42DC973E618,blackhole,2,B0:CB:D8:F3:32:19,-37,0,374,396,1,1,396,374,22
722559568,NODE_F42DC973E618,blackhole,2,B0:CB:D8:F3:32:19,-37,0,374,396,1,1,396,374,22
722659563,NODE_F42DC973E618,blackhole,2,B0:CB:D8:F3:32:19,-37,0,374,396,1,1,396,374,22
722759559,NODE_F42DC973E618,blackhole,2,B0:CB:D8:F3:32:19,-37,0,374,396,1,1,396,374,22
722859564,NODE_F42DC973E618,blackhole,2,B0:CB:D8:F3:32:19,-37,0,374,397,1,1,397,374,23
722959567,NODE_F42DC973E618,blackhole,2,B0:CB:D8:F3:32:19,-37,0,374,397,1,1,397,374,23
723059563,NODE_F42DC973E618,blackhole,2,B0:CB:D8:F3:32:19,-37,0,374,397,1,1,397,374,23
723159560,NODE_F42DC973E618,blackhole,2,B0:CB:D8:F3:32:19,-37,0,374,397,1,1,397,374,23
723259571,NODE_F42DC973E618,blackhole,2,B0:CB:D8:F3:32:19,-42,0,374,397,1,1,397,374,23
723359567,NODE_F42DC973E618,blackhole,2,B0:CB:D8:F3:32:19,-42,0,374,397,1,1,397,374,23
723459568,NODE_F42DC973E618,blackhole,2,B0:CB:D8:F3:32:19,-42,0,374,397,1,1,397,374,23
723559567,NODE_F42DC973E618,blackhole,2,B0:CB:D8:F3:32:19,-42,0,374,397,1,1,397,374,23
723659563,NODE_F42DC973E618,blackhole,2,B0:CB:D8:F3:32:19,-42,0,374,397,1,1,397,374,23
723759564,NODE_F42DC973E618,blackhole,2,B0:CB:D8:F3:32:19,-42,0,374,397,1,1,397,374,23
723859563,NODE_F42DC973E618,blackhole,2,B0:CB:D8:F3:32:19,-42,0,374,398,1,1,398,374,24
723959567,NODE_F42DC973E618,blackhole,2,B0:CB:D8:F3:32:19,-42,0,374,398,1,1,398,374,24
724059564,NODE_F42DC973E618,blackhole,2,B0:CB:D8:F3:32:19,-42,0,374,398,1,1,398,374,24
724159555,NODE_F42DC973E618,blackhole,2,B0:CB:D8:F3:32:19,-42,0,374,398,1,1,398,374,24
724259567,NODE_F42DC973E618,blackhole,2,B0:CB:D8:F3:32:19,-38,0,374,398,1,1,398,374,24
724359572,NODE_F42DC973E618,blackhole,2,B0:CB:D8:F3:32:19,-38,0,374,398,1,1,398,374,24
724459567,NODE_F42DC973E618,blackhole,2,B0:CB:D8:F3:32:19,-38,0,374,398,1,1,398,374,24
724559567,NODE_F42DC973E618,blackhole,2,B0:CB:D8:F3:32:19,-38,0,374,398,1,1,398,374,24
724659564,NODE_F42DC973E618,blackhole,2,B0:CB:D8:F3:32:19,-38,0,374,398,1,1,398,374,24
724759559,NODE_F42DC973E618,blackhole,2,B0:CB:D8:F3:32:19,-38,0,374,398,1,1,398,374,24
724859563,NODE_F42DC973E618,blackhole,2,B0:CB:D8:F3:32:19,-38,0,374,399,1,1,399,374,25
724959572,NODE_F42DC973E618,blackhole,2,B0:CB:D8:F3:32:19,-38,0,374,399,1,1,399,374,25
725059563,NODE_F42DC973E618,blackhole,2,B0:CB:D8:F3:32:19,-38,0,374,399,1,1,399,374,25
725159575,NODE_F42DC973E618,blackhole,2,B0:CB:D8:F3:32:19,-38,0,374,399,1,1,399,374,25
725259572,NODE_F42DC973E618,blackhole,2,B0:CB:D8:F3:32:19,-38,0,374,399,1,1,399,374,25
725359567,NODE_F42DC973E618,blackhole,2,B0:CB:D8:F3:32:19,-37,0,374,399,1,1,399,374,25
725459567,NODE_F42DC973E618,blackhole,2,B0:CB:D8:F3:32:19,-37,0,374,399,1,1,399,374,25
725559560,NODE_F42DC973E618,blackhole,2,B0:CB:D8:F3:32:19,-37,0,374,399,1,1,399,374,25
725659563,NODE_F42DC973E618,blackhole,2,B0:CB:D8:F3:32:19,-37,0,374,399,1,1,399,374,25
725759559,NODE_F42DC973E618,blackhole,2,B0:CB:D8:F3:32:19,-37,0,374,399,1,1,399,374,25
725859564,NODE_F42DC973E618,blackhole,2,B0:CB:D8:F3:32:19,-37,0,374,400,1,1,400,374,26
725959567,NODE_F42DC973E618,blackhole,2,B0:CB:D8:F3:32:19,-37,0,374,400,1,1,400,374,26
726059563,NODE_F42DC973E618,blackhole,2,B0:CB:D8:F3:32:19,-37,0,374,400,1,1,400,374,26
726159556,NODE_F42DC973E618,blackhole,2,B0:CB:D8:F3:32:19,-37,0,374,400,1,1,400,374,26
726259567,NODE_F42DC973E618,blackhole,2,B0:CB:D8:F3:32:19,-37,0,374,400,1,1,400,374,26
726359567,NODE_F42DC973E618,blackhole,2,B0:CB:D8:F3:32:19,-42,0,374,400,1,1,400,374,26
726459568,NODE_F42DC973E618,blackhole,2,B0:CB:D8:F3:32:19,-42,0,374,400,1,1,400,374,26
726559559,NODE_F42DC973E618,blackhole,2,B0:CB:D8:F3:32:19,-42,0,374,400,1,1,400,374,26
726659567,NODE_F42DC973E618,blackhole,2,B0:CB:D8:F3:32:19,-42,0,374,400,1,1,400,374,26
726759564,NODE_F42DC973E618,blackhole,2,B0:CB:D8:F3:32:19,-42,0,374,400,1,1,400,374,26
726859563,NODE_F42DC973E618,blackhole,2,B0:CB:D8:F3:32:19,-42,0,374,401,1,1,401,374,27
726959571,NODE_F42DC973E618,blackhole,2,B0:CB:D8:F3:32:19,-42,0,374,401,1,1,401,374,27
727059564,NODE_F42DC973E618,blackhole,2,B0:CB:D8:F3:32:19,-42,0,374,401,1,1,401,374,27
727159555,NODE_F42DC973E618,blackhole,2,B0:CB:D8:F3:32:19,-42,0,374,401,1,1,401,374,27
727259563,NODE_F42DC973E618,blackhole,2,B0:CB:D8:F3:32:19,-42,0,374,401,1,1,401,374,27
727359576,NODE_F42DC973E618,blackhole,2,B0:CB:D8:F3:32:19,-42,0,374,401,1,1,401,374,27
727459567,NODE_F42DC973E618,blackhole,2,B0:CB:D8:F3:32:19,-42,0,374,401,1,1,401,374,27
727559567,NODE_F42DC973E618,blackhole,2,B0:CB:D8:F3:32:19,-42,0,374,401,1,1,401,374,27
727659568,NODE_F42DC973E618,blackhole,2,B0:CB:D8:F3:32:19,-42,0,374,401,1,1,401,374,27
727759559,NODE_F42DC973E618,blackhole,2,B0:CB:D8:F3:32:19,-42,0,374,401,1,1,401,374,27
727859563,NODE_F42DC973E618,blackhole,2,B0:CB:D8:F3:32:19,-42,0,374,402,1,1,402,374,28
727959576,NODE_F42DC973E618,blackhole,2,B0:CB:D8:F3:32:19,-42,0,374,402,1,1,402,374,28
728059559,NODE_F42DC973E618,blackhole,2,B0:CB:D8:F3:32:19,-42,0,374,402,1,1,402,374,28
728159555,NODE_F42DC973E618,blackhole,2,B0:CB:D8:F3:32:19,-42,0,374,402,1,1,402,374,28
728259572,NODE_F42DC973E618,blackhole,2,B0:CB:D8:F3:32:19,-42,0,374,402,1,1,402,374,28
728359567,NODE_F42DC973E618,blackhole,2,B0:CB:D8:F3:32:19,-42,0,374,402,1,1,402,374,28
728459567,NODE_F42DC973E618,blackhole,2,B0:CB:D8:F3:32:19,-42,0,374,402,1,1,402,374,28
728559560,NODE_F42DC973E618,blackhole,2,B0:CB:D8:F3:32:19,-42,0,374,402,1,1,402,374,28
728659567,NODE_F42DC973E618,blackhole,2,B0:CB:D8:F3:32:19,-42,0,374,402,1,1,402,374,28
728759559,NODE_F42DC973E618,blackhole,2,B0:CB:D8:F3:32:19,-42,0,374,402,1,1,402,374,28
728859564,NODE_F42DC973E618,blackhole,2,B0:CB:D8:F3:32:19,-42,0,374,403,1,1,403,374,29
728959571,NODE_F42DC973E618,blackhole,2,B0:CB:D8:F3:32:19,-42,0,374,403,1,1,403,374,29
729059567,NODE_F42DC973E618,blackhole,2,B0:CB:D8:F3:32:19,-42,0,374,403,1,1,403,374,29
729159556,NODE_F42DC973E618,blackhole,2,B0:CB:D8:F3:32:19,-42,0,374,403,1,1,403,374,29
729259563,NODE_F42DC973E618,blackhole,2,B0:CB:D8:F3:32:19,-42,0,374,403,1,1,403,374,29
729359567,NODE_F42DC973E618,blackhole,2,B0:CB:D8:F3:32:19,-38,0,374,403,1,1,403,374,29
729459564,NODE_F42DC973E618,blackhole,2,B0:CB:D8:F3:32:19,-38,0,374,403,1,1,403,374,29
729559559,NODE_F42DC973E618,blackhole,2,B0:CB:D8:F3:32:19,-38,0,374,403,1,1,403,374,29
729659563,NODE_F42DC973E618,blackhole,2,B0:CB:D8:F3:32:19,-38,0,374,403,1,1,403,374,29
729759564,NODE_F42DC973E618,blackhole,2,B0:CB:D8:F3:32:19,-38,0,374,403,1,1,403,374,29
729859563,NODE_F42DC973E618,blackhole,2,B0:CB:D8:F3:32:19,-38,0,374,404,1,1,404,374,30
729959571,NODE_F42DC973E618,blackhole,2,B0:CB:D8:F3:32:19,-38,0,374,404,1,1,404,374,30
730059564,NODE_F42DC973E618,blackhole,2,B0:CB:D8:F3:32:19,-38,0,374,404,1,1,404,374,30
730159559,NODE_F42DC973E618,blackhole,2,B0:CB:D8:F3:32:19,-38,0,374,404,1,1,404,374,30
730259567,NODE_F42DC973E618,blackhole,2,B0:CB:D8:F3:32:19,-38,0,374,404,1,1,404,374,30
730359564,NODE_F42DC973E618,blackhole,2,B0:CB:D8:F3:32:19,-38,0,374,404,1,1,404,374,30
730459567,NODE_F42DC973E618,blackhole,2,B0:CB:D8:F3:32:19,-43,0,374,404,1,1,404,374,30
730559559,NODE_F42DC973E618,blackhole,2,B0:CB:D8:F3:32:19,-43,0,374,404,1,1,404,374,30
730659568,NODE_F42DC973E618,blackhole,2,B0:CB:D8:F3:32:19,-43,0,374,404,1,1,404,374,30
730759567,NODE_F42DC973E618,blackhole,2,B0:CB:D8:F3:32:19,-43,0,374,404,1,1,404,374,30
730859563,NODE_F42DC973E618,blackhole,2,B0:CB:D8:F3:32:19,-43,0,374,405,1,1,405,374,31
730959572,NODE_F42DC973E618,blackhole,2,B0:CB:D8:F3:32:19,-43,0,374,405,1,1,405,374,31
731059567,NODE_F42DC973E618,blackhole,2,B0:CB:D8:F3:32:19,-43,0,374,405,1,1,405,374,31
731159559,NODE_F42DC973E618,blackhole,2,B0:CB:D8:F3:32:19,-43,0,374,405,1,1,405,374,31
731259576,NODE_F42DC973E618,blackhole,2,B0:CB:D8:F3:32:19,-43,0,374,405,1,1,405,374,31
731359563,NODE_F42DC973E618,blackhole,2,B0:CB:D8:F3:32:19,-43,0,374,405,1,1,405,374,31
731459567,NODE_F42DC973E618,blackhole,2,B0:CB:D8:F3:32:19,-43,0,374,405,1,1,405,374,31
731559560,NODE_F42DC973E618,blackhole,2,B0:CB:D8:F3:32:19,-43,0,374,405,1,1,405,374,31
731659575,NODE_F42DC973E618,blackhole,2,B0:CB:D8:F3:32:19,-43,0,374,405,1,1,405,374,31
731759563,NODE_F42DC973E618,blackhole,2,B0:CB:D8:F3:32:19,-43,0,374,405,1,1,405,374,31
731859564,NODE_F42DC973E618,blackhole,2,B0:CB:D8:F3:32:19,-43,0,374,406,1,1,406,374,32
731959567,NODE_F42DC973E618,blackhole,2,B0:CB:D8:F3:32:19,-43,0,374,406,1,1,406,374,32
732059571,NODE_F42DC973E618,blackhole,2,B0:CB:D8:F3:32:19,-43,0,374,406,1,1,406,374,32
732159576,NODE_F42DC973E618,blackhole,2,B0:CB:D8:F3:32:19,-43,0,374,406,1,1,406,374,32
732259563,NODE_F42DC973E618,blackhole,2,B0:CB:D8:F3:32:19,-43,0,374,406,1,1,406,374,32
732359563,NODE_F42DC973E618,blackhole,2,B0:CB:D8:F3:32:19,-43,0,374,406,1,1,406,374,32
732459568,NODE_F42DC973E618,blackhole,2,B0:CB:D8:F3:32:19,-43,0,374,406,1,1,406,374,32
732559559,NODE_F42DC973E618,blackhole,2,B0:CB:D8:F3:32:19,-43,0,374,406,1,1,406,374,32
732659575,NODE_F42DC973E618,blackhole,2,B0:CB:D8:F3:32:19,-43,0,374,406,1,1,406,374,32
732759568,NODE_F42DC973E618,blackhole,2,B0:CB:D8:F3:32:19,-43,0,374,406,1,1,406,374,32
732859563,NODE_F42DC973E618,blackhole,2,B0:CB:D8:F3:32:19,-43,0,374,407,1,1,407,374,33
732959567,NODE_F42DC973E618,blackhole,2,B0:CB:D8:F3:32:19,-43,0,374,407,1,1,407,374,33
733059568,NODE_F42DC973E618,blackhole,2,B0:CB:D8:F3:32:19,-43,0,374,407,1,1,407,374,33
733159555,NODE_F42DC973E618,blackhole,2,B0:CB:D8:F3:32:19,-43,0,374,407,1,1,407,374,33
733259567,NODE_F42DC973E618,blackhole,2,B0:CB:D8:F3:32:19,-43,0,374,407,1,1,407,374,33
733359564,NODE_F42DC973E618,blackhole,2,B0:CB:D8:F3:32:19,-43,0,374,407,1,1,407,374,33
733459567,NODE_F42DC973E618,blackhole,2,B0:CB:D8:F3:32:19,-39,0,374,407,1,1,407,374,33
733559555,NODE_F42DC973E618,blackhole,2,B0:CB:D8:F3:32:19,-39,0,374,407,1,1,407,374,33
733659568,NODE_F42DC973E618,blackhole,2,B0:CB:D8:F3:32:19,-39,0,374,407,1,1,407,374,33
733759567,NODE_F42DC973E618,blackhole,2,B0:CB:D8:F3:32:19,-39,0,374,407,1,1,407,374,33
733859563,NODE_F42DC973E618,blackhole,2,B0:CB:D8:F3:32:19,-39,0,374,408,1,1,408,374,34
733959568,NODE_F42DC973E618,blackhole,2,B0:CB:D8:F3:32:19,-39,0,374,408,1,1,408,374,34
734059567,NODE_F42DC973E618,blackhole,2,B0:CB:D8:F3:32:19,-39,0,374,408,1,1,408,374,34
734159555,NODE_F42DC973E618,blackhole,2,B0:CB:D8:F3:32:19,-39,0,374,408,1,1,408,374,34
734259572,NODE_F42DC973E618,blackhole,2,B0:CB:D8:F3:32:19,-39,0,374,408,1,1,408,374,34
734359563,NODE_F42DC973E618,blackhole,2,B0:CB:D8:F3:32:19,-39,0,374,408,1,1,408,374,34
734459563,NODE_F42DC973E618,blackhole,2,B0:CB:D8:F3:32:19,-39,0,374,408,1,1,408,374,34
734559564,NODE_F42DC973E618,blackhole,2,B0:CB:D8:F3:32:19,-42,0,374,408,1,1,408,374,34
734659567,NODE_F42DC973E618,blackhole,2,B0:CB:D8:F3:32:19,-42,0,374,408,1,1,408,374,34
734759567,NODE_F42DC973E618,blackhole,2,B0:CB:D8:F3:32:19,-42,0,374,408,1,1,408,374,34
734859564,NODE_F42DC973E618,blackhole,2,B0:CB:D8:F3:32:19,-42,0,374,409,1,1,409,374,35
734959567,NODE_F42DC973E618,blackhole,2,B0:CB:D8:F3:32:19,-42,0,374,409,1,1,409,374,35
735059567,NODE_F42DC973E618,blackhole,2,B0:CB:D8:F3:32:19,-42,0,374,409,1,1,409,374,35
735159560,NODE_F42DC973E618,blackhole,2,B0:CB:D8:F3:32:19,-42,0,374,409,1,1,409,374,35
735259563,NODE_F42DC973E618,blackhole,2,B0:CB:D8:F3:32:19,-42,0,374,409,1,1,409,374,35
735359563,NODE_F42DC973E618,blackhole,2,B0:CB:D8:F3:32:19,-42,0,374,409,1,1,409,374,35
735459564,NODE_F42DC973E618,blackhole,2,B0:CB:D8:F3:32:19,-42,0,374,409,1,1,409,374,35
735559563,NODE_F42DC973E618,blackhole,2,B0:CB:D8:F3:32:19,-42,0,374,409,1,1,409,374,35
735659567,NODE_F42DC973E618,blackhole,2,B0:CB:D8:F3:32:19,-42,0,374,409,1,1,409,374,35
735759568,NODE_F42DC973E618,blackhole,2,B0:CB:D8:F3:32:19,-42,0,374,409,1,1,409,374,35
735859563,NODE_F42DC973E618,blackhole,2,B0:CB:D8:F3:32:19,-42,0,374,410,1,1,410,374,36
735959567,NODE_F42DC973E618,blackhole,2,B0:CB:D8:F3:32:19,-42,0,374,410,1,1,410,374,36
736059564,NODE_F42DC973E618,blackhole,2,B0:CB:D8:F3:32:19,-42,0,374,410,1,1,410,374,36
736159559,NODE_F42DC973E618,blackhole,2,B0:CB:D8:F3:32:19,-42,0,374,410,1,1,410,374,36
736259567,NODE_F42DC973E618,blackhole,2,B0:CB:D8:F3:32:19,-42,0,374,410,1,1,410,374,36
736359564,NODE_F42DC973E618,blackhole,2,B0:CB:D8:F3:32:19,-42,0,374,410,1,1,410,374,36
736459563,NODE_F42DC973E618,blackhole,2,B0:CB:D8:F3:32:19,-42,0,374,410,1,1,410,374,36
736559563,NODE_F42DC973E618,blackhole,2,B0:CB:D8:F3:32:19,-39,0,374,410,1,1,410,374,36
736659568,NODE_F42DC973E618,blackhole,2,B0:CB:D8:F3:32:19,-39,0,374,410,1,1,410,374,36
736759567,NODE_F42DC973E618,blackhole,2,B0:CB:D8:F3:32:19,-39,0,374,410,1,1,410,374,36
736859567,NODE_F42DC973E618,blackhole,2,B0:CB:D8:F3:32:19,-39,0,374,411,1,1,411,374,37
736959564,NODE_F42DC973E618,blackhole,2,B0:CB:D8:F3:32:19,-39,0,374,411,1,1,411,374,37
737059559,NODE_F42DC973E618,blackhole,2,B0:CB:D8:F3:32:19,-39,0,374,411,1,1,411,374,37
737159559,NODE_F42DC973E618,blackhole,2,B0:CB:D8:F3:32:19,-39,0,374,411,1,1,411,374,37
737259560,NODE_F42DC973E618,blackhole,2,B0:CB:D8:F3:32:19,-39,0,374,411,1,1,411,374,37
737359567,NODE_F42DC973E618,blackhole,2,B0:CB:D8:F3:32:19,-39,0,374,411,1,1,411,374,37
737459567,NODE_F42DC973E618,blackhole,2,B0:CB:D8:F3:32:19,-39,0,374,411,1,1,411,374,37
737559564,NODE_F42DC973E618,blackhole,2,B0:CB:D8:F3:32:19,-42,0,374,411,1,1,411,374,37
737659567,NODE_F42DC973E618,blackhole,2,B0:CB:D8:F3:32:19,-42,0,374,411,1,1,411,374,37
737759559,NODE_F42DC973E618,blackhole,2,B0:CB:D8:F3:32:19,-42,0,374,411,1,1,411,374,37
737859568,NODE_F42DC973E618,blackhole,2,B0:CB:D8:F3:32:19,-42,0,374,412,1,1,412,374,38
737959571,NODE_F42DC973E618,blackhole,2,B0:CB:D8:F3:32:19,-42,0,374,412,1,1,412,374,38
738059563,NODE_F42DC973E618,blackhole,2,B0:CB:D8:F3:32:19,-42,0,374,412,1,1,412,374,38
738159560,NODE_F42DC973E618,blackhole,2,B0:CB:D8:F3:32:19,-42,0,374,412,1,1,412,374,38
738259563,NODE_F42DC973E618,blackhole,2,B0:CB:D8:F3:32:19,-42,0,374,412,1,1,412,374,38
738359563,NODE_F42DC973E618,blackhole,2,B0:CB:D8:F3:32:19,-42,0,374,412,1,1,412,374,38
738459564,NODE_F42DC973E618,blackhole,2,B0:CB:D8:F3:32:19,-42,0,374,412,1,1,412,374,38
738559555,NODE_F42DC973E618,blackhole,2,B0:CB:D8:F3:32:19,-42,0,374,412,1,1,412,374,38
738659567,NODE_F42DC973E618,blackhole,2,B0:CB:D8:F3:32:19,-42,0,374,412,1,1,412,374,38
738759568,NODE_F42DC973E618,blackhole,2,B0:CB:D8:F3:32:19,-42,0,374,412,1,1,412,374,38
738859563,NODE_F42DC973E618,blackhole,2,B0:CB:D8:F3:32:19,-42,0,374,413,1,1,413,374,39
738959571,NODE_F42DC973E618,blackhole,2,B0:CB:D8:F3:32:19,-42,0,374,413,1,1,413,374,39
739059568,NODE_F42DC973E618,blackhole,2,B0:CB:D8:F3:32:19,-42,0,374,413,1,1,413,374,39
739159575,NODE_F42DC973E618,blackhole,2,B0:CB:D8:F3:32:19,-42,0,374,413,1,1,413,374,39
739259567,NODE_F42DC973E618,blackhole,2,B0:CB:D8:F3:32:19,-42,0,374,413,1,1,413,374,39
739359564,NODE_F42DC973E618,blackhole,2,B0:CB:D8:F3:32:19,-42,0,374,413,1,1,413,374,39
739459563,NODE_F42DC973E618,blackhole,2,B0:CB:D8:F3:32:19,-42,0,374,413,1,1,413,374,39
739559555,NODE_F42DC973E618,blackhole,2,B0:CB:D8:F3:32:19,-42,0,374,413,1,1,413,374,39
739659568,NODE_F42DC973E618,blackhole,2,B0:CB:D8:F3:32:19,-38,0,374,413,1,1,413,374,39
739759567,NODE_F42DC973E618,blackhole,2,B0:CB:D8:F3:32:19,-38,0,374,413,1,1,413,374,39
739859563,NODE_F42DC973E618,blackhole,2,B0:CB:D8:F3:32:19,-38,0,374,414,1,1,414,374,40
739959572,NODE_F42DC973E618,blackhole,2,B0:CB:D8:F3:32:19,-38,0,374,414,1,1,414,374,40
740059559,NODE_F42DC973E618,blackhole,2,B0:CB:D8:F3:32:19,-38,0,374,414,1,1,414,374,40
740159555,NODE_F42DC973E618,blackhole,2,B0:CB:D8:F3:32:19,-38,0,374,414,1,1,414,374,40
740259576,NODE_F42DC973E618,blackhole,2,B0:CB:D8:F3:32:19,-38,0,374,414,1,1,414,374,40
740359563,NODE_F42DC973E618,blackhole,2,B0:CB:D8:F3:32:19,-38,0,374,414,1,1,414,374,40
740459563,NODE_F42DC973E618,blackhole,2,B0:CB:D8:F3:32:19,-38,0,374,414,1,1,414,374,40
740559556,NODE_F42DC973E618,blackhole,2,B0:CB:D8:F3:32:19,-38,0,374,414,1,1,414,374,40
740659567,NODE_F42DC973E618,blackhole,2,B0:CB:D8:F3:32:19,-39,0,374,414,1,1,414,374,40
740759567,NODE_F42DC973E618,blackhole,2,B0:CB:D8:F3:32:19,-39,0,374,414,1,1,414,374,40
740859564,NODE_F42DC973E618,blackhole,2,B0:CB:D8:F3:32:19,-39,0,374,415,1,1,415,374,41
740959575,NODE_F42DC973E618,blackhole,2,B0:CB:D8:F3:32:19,-39,0,374,415,1,1,415,374,41
741059559,NODE_F42DC973E618,blackhole,2,B0:CB:D8:F3:32:19,-39,0,374,415,1,1,415,374,41
741159556,NODE_F42DC973E618,blackhole,2,B0:CB:D8:F3:32:19,-39,0,374,415,1,1,415,374,41
741259567,NODE_F42DC973E618,blackhole,2,B0:CB:D8:F3:32:19,-39,0,374,415,1,1,415,374,41
741359559,NODE_F42DC973E618,blackhole,2,B0:CB:D8:F3:32:19,-39,0,374,415,1,1,415,374,41
741459564,NODE_F42DC973E618,blackhole,2,B0:CB:D8:F3:32:19,-39,0,374,415,1,1,415,374,41
741559555,NODE_F42DC973E618,blackhole,2,B0:CB:D8:F3:32:19,-39,0,374,415,1,1,415,374,41
741659567,NODE_F42DC973E618,blackhole,2,B0:CB:D8:F3:32:19,-38,0,374,415,1,1,415,374,41
741759572,NODE_F42DC973E618,blackhole,2,B0:CB:D8:F3:32:19,-38,0,374,415,1,1,415,374,41
741859563,NODE_F42DC973E618,blackhole,2,B0:CB:D8:F3:32:19,-38,0,374,416,1,1,416,374,42
741959571,NODE_F42DC973E618,blackhole,2,B0:CB:D8:F3:32:19,-38,0,374,416,1,1,416,374,42
742059568,NODE_F42DC973E618,blackhole,2,B0:CB:D8:F3:32:19,-38,0,374,416,1,1,416,374,42
742159559,NODE_F42DC973E618,blackhole,2,B0:CB:D8:F3:32:19,-38,0,374,416,1,1,416,374,42
742259567,NODE_F42DC973E618,blackhole,2,B0:CB:D8:F3:32:19,-38,0,374,416,1,1,416,374,42
742359564,NODE_F42DC973E618,blackhole,2,B0:CB:D8:F3:32:19,-38,0,374,416,1,1,416,374,42
742459563,NODE_F42DC973E618,blackhole,2,B0:CB:D8:F3:32:19,-38,0,374,416,1,1,416,374,42
742559555,NODE_F42DC973E618,blackhole,2,B0:CB:D8:F3:32:19,-38,0,374,416,1,1,416,374,42
742659564,NODE_F42DC973E618,blackhole,2,B0:CB:D8:F3:32:19,-38,0,374,416,1,1,416,374,42
742759559,NODE_F42DC973E618,blackhole,2,B0:CB:D8:F3:32:19,-38,0,374,416,1,1,416,374,42
742859563,NODE_F42DC973E618,blackhole,2,B0:CB:D8:F3:32:19,-38,0,374,417,1,1,417,374,43
742959572,NODE_F42DC973E618,blackhole,2,B0:CB:D8:F3:32:19,-38,0,374,417,1,1,417,374,43
743059567,NODE_F42DC973E618,blackhole,2,B0:CB:D8:F3:32:19,-38,0,374,417,1,1,417,374,43
743159555,NODE_F42DC973E618,blackhole,2,B0:CB:D8:F3:32:19,-38,0,374,417,1,1,417,374,43
743259572,NODE_F42DC973E618,blackhole,2,B0:CB:D8:F3:32:19,-38,0,374,417,1,1,417,374,43
743359563,NODE_F42DC973E618,blackhole,2,B0:CB:D8:F3:32:19,-38,0,374,417,1,1,417,374,43
743459563,NODE_F42DC973E618,blackhole,2,B0:CB:D8:F3:32:19,-38,0,374,417,1,1,417,374,43
743559556,NODE_F42DC973E618,blackhole,2,B0:CB:D8:F3:32:19,-38,0,374,417,1,1,417,374,43
743659563,NODE_F42DC973E618,blackhole,2,B0:CB:D8:F3:32:19,-38,0,374,417,1,1,417,374,43
743759575,NODE_F42DC973E618,blackhole,2,B0:CB:D8:F3:32:19,-39,0,374,417,1,1,417,374,43
743859564,NODE_F42DC973E618,blackhole,2,B0:CB:D8:F3:32:19,-39,0,374,418,1,1,418,374,44
743959571,NODE_F42DC973E618,blackhole,2,B0:CB:D8:F3:32:19,-39,0,374,418,1,1,418,374,44
744059567,NODE_F42DC973E618,blackhole,2,B0:CB:D8:F3:32:19,-39,0,374,418,1,1,418,374,44
744159556,NODE_F42DC973E618,blackhole,2,B0:CB:D8:F3:32:19,-39,0,374,418,1,1,418,374,44
744259559,NODE_F42DC973E618,blackhole,2,B0:CB:D8:F3:32:19,-39,0,374,418,1,1,418,374,44
744359571,NODE_F42DC973E618,blackhole,2,B0:CB:D8:F3:32:19,-39,0,374,418,1,1,418,374,44
744459564,NODE_F42DC973E618,blackhole,2,B0:CB:D8:F3:32:19,-39,0,374,418,1,1,418,374,44
744559555,NODE_F42DC973E618,blackhole,2,B0:CB:D8:F3:32:19,-39,0,374,418,1,1,418,374,44
744659563,NODE_F42DC973E618,blackhole,2,B0:CB:D8:F3:32:19,-39,0,374,418,1,1,418,374,44
744759568,NODE_F42DC973E618,blackhole,2,B0:CB:D8:F3:32:19,-42,0,374,418,1,1,418,374,44
744859563,NODE_F42DC973E618,blackhole,2,B0:CB:D8:F3:32:19,-42,0,374,419,1,1,419,374,45
744959571,NODE_F42DC973E618,blackhole,2,B0:CB:D8:F3:32:19,-42,0,374,419,1,1,419,374,45
745059572,NODE_F42DC973E618,blackhole,2,B0:CB:D8:F3:32:19,-42,0,374,419,1,1,419,374,45
745159555,NODE_F42DC973E618,blackhole,2,B0:CB:D8:F3:32:19,-42,0,374,419,1,1,419,374,45
745259559,NODE_F42DC973E618,blackhole,2,B0:CB:D8:F3:32:19,-42,0,374,419,1,1,419,374,45
745359564,NODE_F42DC973E618,blackhole,2,B0:CB:D8:F3:32:19,-42,0,374,419,1,1,419,374,45
745459559,NODE_F42DC973E618,blackhole,2,B0:CB:D8:F3:32:19,-42,0,374,419,1,1,419,374,45
745559555,NODE_F42DC973E618,blackhole,2,B0:CB:D8:F3:32:19,-42,0,374,419,1,1,419,374,45
745659564,NODE_F42DC973E618,blackhole,2,B0:CB:D8:F3:32:19,-42,0,374,419,1,1,419,374,45
745759563,NODE_F42DC973E618,blackhole,2,B0:CB:D8:F3:32:19,-42,0,374,419,1,1,419,374,45
745859563,NODE_F42DC973E618,blackhole,2,B0:CB:D8:F3:32:19,-42,0,374,420,1,1,420,374,46
745959572,NODE_F42DC973E618,blackhole,2,B0:CB:D8:F3:32:19,-42,0,374,420,1,1,420,374,46
746059567,NODE_F42DC973E618,blackhole,2,B0:CB:D8:F3:32:19,-42,0,374,420,1,1,420,374,46
746159575,NODE_F42DC973E618,blackhole,2,B0:CB:D8:F3:32:19,-42,0,374,420,1,1,420,374,46
746259572,NODE_F42DC973E618,blackhole,2,B0:CB:D8:F3:32:19,-42,0,374,420,1,1,420,374,46
746359567,NODE_F42DC973E618,blackhole,2,B0:CB:D8:F3:32:19,-42,0,374,420,1,1,420,374,46
746459563,NODE_F42DC973E618,blackhole,2,B0:CB:D8:F3:32:19,-42,0,374,420,1,1,420,374,46
746559556,NODE_F42DC973E618,blackhole,2,B0:CB:D8:F3:32:19,-42,0,374,420,1,1,420,374,46
746659563,NODE_F42DC973E618,blackhole,2,B0:CB:D8:F3:32:19,-42,0,374,420,1,1,420,374,46
746759563,NODE_F42DC973E618,blackhole,2,B0:CB:D8:F3:32:19,-42,0,374,420,1,1,420,374,46
746859564,NODE_F42DC973E618,blackhole,2,B0:CB:D8:F3:32:19,-42,0,374,421,1,1,421,374,47
746959571,NODE_F42DC973E618,blackhole,2,B0:CB:D8:F3:32:19,-42,0,374,421,1,1,421,374,47
747059567,NODE_F42DC973E618,blackhole,2,B0:CB:D8:F3:32:19,-42,0,374,421,1,1,421,374,47
747159568,NODE_F42DC973E618,blackhole,2,B0:CB:D8:F3:32:19,-42,0,374,421,1,1,421,374,47
747259563,NODE_F42DC973E618,blackhole,2,B0:CB:D8:F3:32:19,-42,0,374,421,1,1,421,374,47
747359567,NODE_F42DC973E618,blackhole,2,B0:CB:D8:F3:32:19,-42,0,374,421,1,1,421,374,47
747459564,NODE_F42DC973E618,blackhole,2,B0:CB:D8:F3:32:19,-42,0,374,421,1,1,421,374,47
747559555,NODE_F42DC973E618,blackhole,2,B0:CB:D8:F3:32:19,-42,0,374,421,1,1,421,374,47
747659563,NODE_F42DC973E618,blackhole,2,B0:CB:D8:F3:32:19,-42,0,374,421,1,1,421,374,47
747759560,NODE_F42DC973E618,blackhole,2,B0:CB:D8:F3:32:19,-42,0,374,421,1,1,421,374,47
747859563,NODE_F42DC973E618,blackhole,2,B0:CB:D8:F3:32:19,-43,0,374,422,1,1,422,374,48
747959575,NODE_F42DC973E618,blackhole,2,B0:CB:D8:F3:32:19,-43,0,374,422,1,1,422,374,48
748059568,NODE_F42DC973E618,blackhole,2,B0:CB:D8:F3:32:19,-43,0,374,422,1,1,422,374,48
748159567,NODE_F42DC973E618,blackhole,2,B0:CB:D8:F3:32:19,-43,0,374,422,1,1,422,374,48
748259559,NODE_F42DC973E618,blackhole,2,B0:CB:D8:F3:32:19,-43,0,374,422,1,1,422,374,48
748359560,NODE_F42DC973E618,blackhole,2,B0:CB:D8:F3:32:19,-43,0,374,422,1,1,422,374,48
748459563,NODE_F42DC973E618,blackhole,2,B0:CB:D8:F3:32:19,-43,0,374,422,1,1,422,374,48
748559555,NODE_F42DC973E618,blackhole,2,B0:CB:D8:F3:32:19,-43,0,374,422,1,1,422,374,48
748659564,NODE_F42DC973E618,blackhole,2,B0:CB:D8:F3:32:19,-43,0,374,422,1,1,422,374,48
748759559,NODE_F42DC973E618,blackhole,2,B0:CB:D8:F3:32:19,-43,0,374,422,1,1,422,374,48
748859563,NODE_F42DC973E618,blackhole,2,B0:CB:D8:F3:32:19,-39,0,374,423,1,1,423,374,49
748959572,NODE_F42DC973E618,blackhole,2,B0:CB:D8:F3:32:19,-39,0,374,423,1,1,423,374,49
749059571,NODE_F42DC973E618,blackhole,2,B0:CB:D8:F3:32:19,-39,0,374,423,1,1,423,374,49
749159567,NODE_F42DC973E618,blackhole,2,B0:CB:D8:F3:32:19,-39,0,374,423,1,1,423,374,49
749259572,NODE_F42DC973E618,blackhole,2,B0:CB:D8:F3:32:19,-39,0,374,423,1,1,423,374,49
749359563,NODE_F42DC973E618,blackhole,2,B0:CB:D8:F3:32:19,-39,0,374,423,1,1,423,374,49
749459567,NODE_F42DC973E618,blackhole,2,B0:CB:D8:F3:32:19,-39,0,374,423,1,1,423,374,49
749559556,NODE_F42DC973E618,blackhole,2,B0:CB:D8:F3:32:19,-39,0,374,423,1,1,423,374,49
749659563,NODE_F42DC973E618,blackhole,2,B0:CB:D8:F3:32:19,-39,0,374,423,1,1,423,374,49
749759563,NODE_F42DC973E618,blackhole,2,B0:CB:D8:F3:32:19,-39,0,374,423,1,1,423,374,49
749859568,NODE_F42DC973E618,blackhole,2,B0:CB:D8:F3:32:19,-39,0,374,424,1,1,424,374,50
749959571,NODE_F42DC973E618,blackhole,2,B0:CB:D8:F3:32:19,-39,0,374,424,1,1,424,374,50
750059567,NODE_F42DC973E618,blackhole,2,B0:CB:D8:F3:32:19,-39,0,374,424,1,1,424,374,50
750159568,NODE_F42DC973E618,blackhole,2,B0:CB:D8:F3:32:19,-39,0,374,424,1,1,424,374,50
750259563,NODE_F42DC973E618,blackhole,2,B0:CB:D8:F3:32:19,-39,0,374,424,1,1,424,374,50
750359567,NODE_F42DC973E618,blackhole,2,B0:CB:D8:F3:32:19,-39,0,374,424,1,1,424,374,50
750459568,NODE_F42DC973E618,blackhole,2,B0:CB:D8:F3:32:19,-39,0,374,424,1,1,424,374,50
750559555,NODE_F42DC973E618,blackhole,2,B0:CB:D8:F3:32:19,-39,0,374,424,1,1,424,374,50
750659563,NODE_F42DC973E618,blackhole,2,B0:CB:D8:F3:32:19,-39,0,374,424,1,1,424,374,50
750759560,NODE_F42DC973E618,blackhole,2,B0:CB:D8:F3:32:19,-39,0,374,424,1,1,424,374,50
750859563,NODE_F42DC973E618,blackhole,2,B0:CB:D8:F3:32:19,-39,0,374,425,1,1,425,374,51
750959571,NODE_F42DC973E618,blackhole,2,B0:CB:D8:F3:32:19,-39,0,374,425,1,1,425,374,51
751059568,NODE_F42DC973E618,blackhole,2,B0:CB:D8:F3:32:19,-39,0,374,425,1,1,425,374,51
751159563,NODE_F42DC973E618,blackhole,2,B0:CB:D8:F3:32:19,-39,0,374,425,1,1,425,374,51
751259563,NODE_F42DC973E618,blackhole,2,B0:CB:D8:F3:32:19,-39,0,374,425,1,1,425,374,51
751359564,NODE_F42DC973E618,blackhole,2,B0:CB:D8:F3:32:19,-39,0,374,425,1,1,425,374,51
751459563,NODE_F42DC973E618,blackhole,2,B0:CB:D8:F3:32:19,-39,0,374,425,1,1,425,374,51
751559559,NODE_F42DC973E618,blackhole,2,B0:CB:D8:F3:32:19,-39,0,374,425,1,1,425,374,51
751659564,NODE_F42DC973E618,blackhole,2,B0:CB:D8:F3:32:19,-39,0,374,425,1,1,425,374,51
751759567,NODE_F42DC973E618,blackhole,2,B0:CB:D8:F3:32:19,-39,0,374,425,1,1,425,374,51
751859563,NODE_F42DC973E618,blackhole,2,B0:CB:D8:F3:32:19,-39,0,374,426,1,1,426,374,52
751959572,NODE_F42DC973E618,blackhole,2,B0:CB:D8:F3:32:19,-39,0,374,426,1,1,426,374,52
752059571,NODE_F42DC973E618,blackhole,2,B0:CB:D8:F3:32:19,-39,0,374,426,1,1,426,374,52
752159559,NODE_F42DC973E618,blackhole,2,B0:CB:D8:F3:32:19,-39,0,374,426,1,1,426,374,52
752259576,NODE_F42DC973E618,blackhole,2,B0:CB:D8:F3:32:19,-39,0,374,426,1,1,426,374,52
752359563,NODE_F42DC973E618,blackhole,2,B0:CB:D8:F3:32:19,-39,0,374,426,1,1,426,374,52
752459563,NODE_F42DC973E618,blackhole,2,B0:CB:D8:F3:32:19,-39,0,374,426,1,1,426,374,52
752559560,NODE_F42DC973E618,blackhole,2,B0:CB:D8:F3:32:19,-39,0,374,426,1,1,426,374,52
752659563,NODE_F42DC973E618,blackhole,2,B0:CB:D8:F3:32:19,-39,0,374,426,1,1,426,374,52
752759559,NODE_F42DC973E618,blackhole,2,B0:CB:D8:F3:32:19,-39,0,374,426,1,1,426,374,52
752859576,NODE_F42DC973E618,blackhole,2,B0:CB:D8:F3:32:19,-39,0,374,427,1,1,427,374,53
752959567,NODE_F42DC973E618,blackhole,2,B0:CB:D8:F3:32:19,-42,0,374,427,1,1,427,374,53
753059567,NODE_F42DC973E618,blackhole,2,B0:CB:D8:F3:32:19,-42,0,374,427,1,1,427,374,53
753159576,NODE_F42DC973E618,blackhole,2,B0:CB:D8:F3:32:19,-42,0,374,427,1,1,427,374,53
753259567,NODE_F42DC973E618,blackhole,2,B0:CB:D8:F3:32:19,-42,0,374,427,1,1,427,374,53
753359559,NODE_F42DC973E618,blackhole,2,B0:CB:D8:F3:32:19,-42,0,374,427,1,1,427,374,53
753459560,NODE_F42DC973E618,blackhole,2,B0:CB:D8:F3:32:19,-42,0,374,427,1,1,427,374,53
753559559,NODE_F42DC973E618,blackhole,2,B0:CB:D8:F3:32:19,-42,0,374,427,1,1,427,374,53
753659559,NODE_F42DC973E618,blackhole,2,B0:CB:D8:F3:32:19,-42,0,374,427,1,1,427,374,53
753759564,NODE_F42DC973E618,blackhole,2,B0:CB:D8:F3:32:19,-42,0,374,427,1,1,427,374,53
753859563,NODE_F42DC973E618,blackhole,2,B0:CB:D8:F3:32:19,-42,0,374,428,1,1,428,374,54
753959571,NODE_F42DC973E618,blackhole,2,B0:CB:D8:F3:32:19,-42,0,374,428,1,1,428,374,54
754059568,NODE_F42DC973E618,blackhole,2,B0:CB:D8:F3:32:19,-42,0,374,428,1,1,428,374,54
754159559,NODE_F42DC973E618,blackhole,2,B0:CB:D8:F3:32:19,-42,0,374,428,1,1,428,374,54
754259567,NODE_F42DC973E618,blackhole,2,B0:CB:D8:F3:32:19,-42,0,374,428,1,1,428,374,54
754359568,NODE_F42DC973E618,blackhole,2,B0:CB:D8:F3:32:19,-42,0,374,428,1,1,428,374,54
754459563,NODE_F42DC973E618,blackhole,2,B0:CB:D8:F3:32:19,-42,0,374,428,1,1,428,374,54
754559559,NODE_F42DC973E618,blackhole,2,B0:CB:D8:F3:32:19,-42,0,374,428,1,1,428,374,54
754659564,NODE_F42DC973E618,blackhole,2,B0:CB:D8:F3:32:19,-42,0,374,428,1,1,428,374,54
754759559,NODE_F42DC973E618,blackhole,2,B0:CB:D8:F3:32:19,-42,0,374,428,1,1,428,374,54
754859563,NODE_F42DC973E618,blackhole,2,B0:CB:D8:F3:32:19,-42,0,374,429,1,1,429,374,55
754960284,NODE_F42DC973E618,blackhole,2,B0:CB:D8:F3:32:19,-43,0,374,429,1,1,429,374,55
755059567,NODE_F42DC973E618,blackhole,2,B0:CB:D8:F3:32:19,-43,0,374,429,1,1,429,374,55
755159559,NODE_F42DC973E618,blackhole,2,B0:CB:D8:F3:32:19,-43,0,374,429,1,1,429,374,55
755259572,NODE_F42DC973E618,blackhole,2,B0:CB:D8:F3:32:19,-43,0,374,429,1,1,429,374,55
755359567,NODE_F42DC973E618,blackhole,2,B0:CB:D8:F3:32:19,-43,0,374,429,1,1,429,374,55
755459563,NODE_F42DC973E618,blackhole,2,B0:CB:D8:F3:32:19,-43,0,374,429,1,1,429,374,55
755559560,NODE_F42DC973E618,blackhole,2,B0:CB:D8:F3:32:19,-43,0,374,429,1,1,429,374,55
755659563,NODE_F42DC973E618,blackhole,2,B0:CB:D8:F3:32:19,-43,0,374,429,1,1,429,374,55
755759563,NODE_F42DC973E618,blackhole,2,B0:CB:D8:F3:32:19,-43,0,374,429,1,1,429,374,55
755859564,NODE_F42DC973E618,blackhole,2,B0:CB:D8:F3:32:19,-43,0,374,430,1,1,430,374,56
755959567,NODE_F42DC973E618,blackhole,2,B0:CB:D8:F3:32:19,-43,0,374,430,1,1,430,374,56
756059571,NODE_F42DC973E618,blackhole,2,B0:CB:D8:F3:32:19,-42,0,374,430,1,1,430,374,56
756159560,NODE_F42DC973E618,blackhole,2,B0:CB:D8:F3:32:19,-42,0,374,430,1,1,430,374,56
756259571,NODE_F42DC973E618,blackhole,2,B0:CB:D8:F3:32:19,-42,0,374,430,1,1,430,374,56
756359567,NODE_F42DC973E618,blackhole,2,B0:CB:D8:F3:32:19,-42,0,374,430,1,1,430,374,56
756459560,NODE_F42DC973E618,blackhole,2,B0:CB:D8:F3:32:19,-42,0,374,430,1,1,430,374,56
756559555,NODE_F42DC973E618,blackhole,2,B0:CB:D8:F3:32:19,-42,0,374,430,1,1,430,374,56
756659567,NODE_F42DC973E618,blackhole,2,B0:CB:D8:F3:32:19,-42,0,374,430,1,1,430,374,56
756759564,NODE_F42DC973E618,blackhole,2,B0:CB:D8:F3:32:19,-42,0,374,430,1,1,430,374,56
756859563,NODE_F42DC973E618,blackhole,2,B0:CB:D8:F3:32:19,-42,0,374,431,1,1,431,374,57
756959567,NODE_F42DC973E618,blackhole,2,B0:CB:D8:F3:32:19,-42,0,374,431,1,1,431,374,57
757059568,NODE_F42DC973E618,blackhole,2,B0:CB:D8:F3:32:19,-40,0,374,431,1,1,431,374,57
757159559,NODE_F42DC973E618,blackhole,2,B0:CB:D8:F3:32:19,-40,0,374,431,1,1,431,374,57
757259567,NODE_F42DC973E618,blackhole,2,B0:CB:D8:F3:32:19,-40,0,374,431,1,1,431,374,57
757359572,NODE_F42DC973E618,blackhole,2,B0:CB:D8:F3:32:19,-40,0,374,431,1,1,431,374,57
757459559,NODE_F42DC973E618,blackhole,2,B0:CB:D8:F3:32:19,-40,0,374,431,1,1,431,374,57
757559555,NODE_F42DC973E618,blackhole,2,B0:CB:D8:F3:32:19,-40,0,374,431,1,1,431,374,57
757659568,NODE_F42DC973E618,blackhole,2,B0:CB:D8:F3:32:19,-40,0,374,431,1,1,431,374,57
757759559,NODE_F42DC973E618,blackhole,2,B0:CB:D8:F3:32:19,-40,0,374,431,1,1,431,374,57
757859563,NODE_F42DC973E618,blackhole,2,B0:CB:D8:F3:32:19,-40,0,374,432,1,1,432,374,58
757959572,NODE_F42DC973E618,blackhole,2,B0:CB:D8:F3:32:19,-40,0,374,432,1,1,432,374,58
758059567,NODE_F42DC973E618,blackhole,2,B0:CB:D8:F3:32:19,-40,0,374,432,1,1,432,374,58
758159559,NODE_F42DC973E618,blackhole,2,B0:CB:D8:F3:32:19,-40,0,374,432,1,1,432,374,58
758259576,NODE_F42DC973E618,blackhole,2,B0:CB:D8:F3:32:19,-40,0,374,432,1,1,432,374,58
758359567,NODE_F42DC973E618,blackhole,2,B0:CB:D8:F3:32:19,-40,0,374,432,1,1,432,374,58
758459563,NODE_F42DC973E618,blackhole,2,B0:CB:D8:F3:32:19,-40,0,374,432,1,1,432,374,58
758559556,NODE_F42DC973E618,blackhole,2,B0:CB:D8:F3:32:19,-40,0,374,432,1,1,432,374,58
758659567,NODE_F42DC973E618,blackhole,2,B0:CB:D8:F3:32:19,-40,0,374,432,1,1,432,374,58
758759559,NODE_F42DC973E618,blackhole,2,B0:CB:D8:F3:32:19,-40,0,374,432,1,1,432,374,58
758859564,NODE_F42DC973E618,blackhole,2,B0:CB:D8:F3:32:19,-40,0,374,433,1,1,433,374,59
758959567,NODE_F42DC973E618,blackhole,2,B0:CB:D8:F3:32:19,-40,0,374,433,1,1,433,374,59
759059571,NODE_F42DC973E618,blackhole,2,B0:CB:D8:F3:32:19,-42,0,374,433,1,1,433,374,59
759159556,NODE_F42DC973E618,blackhole,2,B0:CB:D8:F3:32:19,-42,0,374,433,1,1,433,374,59
759259583,NODE_F42DC973E618,blackhole,2,B0:CB:D8:F3:32:19,-42,0,374,433,1,1,433,374,59
759359567,NODE_F42DC973E618,blackhole,2,B0:CB:D8:F3:32:19,-42,0,374,433,1,1,433,374,59
759459560,NODE_F42DC973E618,blackhole,2,B0:CB:D8:F3:32:19,-42,0,374,433,1,1,433,374,59
759559555,NODE_F42DC973E618,blackhole,2,B0:CB:D8:F3:32:19,-42,0,374,433,1,1,433,374,59
759659567,NODE_F42DC973E618,blackhole,2,B0:CB:D8:F3:32:19,-42,0,374,433,1,1,433,374,59
759759564,NODE_F42DC973E618,blackhole,2,B0:CB:D8:F3:32:19,-42,0,374,433,1,1,433,374,59
759859563,NODE_F42DC973E618,blackhole,2,B0:CB:D8:F3:32:19,-42,0,374,434,1,1,434,374,60
759959567,NODE_F42DC973E618,blackhole,2,B0:CB:D8:F3:32:19,-42,0,374,434,1,1,434,374,60
760059564,NODE_F42DC973E618,blackhole,2,B0:CB:D8:F3:32:19,-42,0,374,434,1,1,434,374,60
760159575,NODE_F42DC973E618,blackhole,2,B0:CB:D8:F3:32:19,-43,0,374,434,1,1,434,374,60
760259567,NODE_F42DC973E618,blackhole,2,B0:CB:D8:F3:32:19,-43,0,374,434,1,1,434,374,60
760359568,NODE_F42DC973E618,blackhole,2,B0:CB:D8:F3:32:19,-43,0,374,434,1,1,434,374,60
760459567,NODE_F42DC973E618,blackhole,2,B0:CB:D8:F3:32:19,-43,0,374,434,1,1,434,374,60
760559555,NODE_F42DC973E618,blackhole,2,B0:CB:D8:F3:32:19,-43,0,374,434,1,1,434,374,60
760659564,NODE_F42DC973E618,blackhole,2,B0:CB:D8:F3:32:19,-43,0,374,434,1,1,434,374,60
760759567,NODE_F42DC973E618,blackhole,2,B0:CB:D8:F3:32:19,-43,0,374,434,1,1,434,374,60
760859563,NODE_F42DC973E618,blackhole,2,B0:CB:D8:F3:32:19,-43,0,374,435,1,1,435,374,61
760959572,NODE_F42DC973E618,blackhole,2,B0:CB:D8:F3:32:19,-43,0,374,435,1,1,435,374,61
761059563,NODE_F42DC973E618,blackhole,2,B0:CB:D8:F3:32:19,-43,0,374,435,1,1,435,374,61
761159563,NODE_F42DC973E618,blackhole,2,B0:CB:D8:F3:32:19,-43,0,374,435,1,1,435,374,61
761259576,NODE_F42DC973E618,blackhole,2,B0:CB:D8:F3:32:19,-43,0,374,435,1,1,435,374,61
761359567,NODE_F42DC973E618,blackhole,2,B0:CB:D8:F3:32:19,-43,0,374,435,1,1,435,374,61
761459567,NODE_F42DC973E618,blackhole,2,B0:CB:D8:F3:32:19,-43,0,374,435,1,1,435,374,61
761559556,NODE_F42DC973E618,blackhole,2,B0:CB:D8:F3:32:19,-43,0,374,435,1,1,435,374,61
761659559,NODE_F42DC973E618,blackhole,2,B0:CB:D8:F3:32:19,-43,0,374,435,1,1,435,374,61
761759575,NODE_F42DC973E618,blackhole,2,B0:CB:D8:F3:32:19,-43,0,374,435,1,1,435,374,61
761859564,NODE_F42DC973E618,blackhole,2,B0:CB:D8:F3:32:19,-43,0,374,436,1,1,436,374,62
761959567,NODE_F42DC973E618,blackhole,2,B0:CB:D8:F3:32:19,-43,0,374,436,1,1,436,374,62
762059567,NODE_F42DC973E618,blackhole,2,B0:CB:D8:F3:32:19,-43,0,374,436,1,1,436,374,62
762159564,NODE_F42DC973E618,blackhole,2,B0:CB:D8:F3:32:19,-39,0,374,436,1,1,436,374,62
762259567,NODE_F42DC973E618,blackhole,2,B0:CB:D8:F3:32:19,-39,0,374,436,1,1,436,374,62
762359567,NODE_F42DC973E618,blackhole,2,B0:CB:D8:F3:32:19,-39,0,374,436,1,1,436,374,62
762459568,NODE_F42DC973E618,blackhole,2,B0:CB:D8:F3:32:19,-39,0,374,436,1,1,436,374,62
762559555,NODE_F42DC973E618,blackhole,2,B0:CB:D8:F3:32:19,-39,0,374,436,1,1,436,374,62
762659563,NODE_F42DC973E618,blackhole,2,B0:CB:D8:F3:32:19,-39,0,374,436,1,1,436,374,62
762759560,NODE_F42DC973E618,blackhole,2,B0:CB:D8:F3:32:19,-39,0,374,436,1,1,436,374,62
762859563,NODE_F42DC973E618,blackhole,2,B0:CB:D8:F3:32:19,-39,0,374,437,1,1,437,374,63
762959567,NODE_F42DC973E618,blackhole,2,B0:CB:D8:F3:32:19,-39,0,374,437,1,1,437,374,63
763059564,NODE_F42DC973E618,blackhole,2,B0:CB:D8:F3:32:19,-39,0,374,437,1,1,437,374,63
763159563,NODE_F42DC973E618,blackhole,2,B0:CB:D8:F3:32:19,-43,0,374,437,1,1,437,374,63
763259571,NODE_F42DC973E618,blackhole,2,B0:CB:D8:F3:32:19,-43,0,374,437,1,1,437,374,63
763359568,NODE_F42DC973E618,blackhole,2,B0:CB:D8:F3:32:19,-43,0,374,437,1,1,437,374,63
763459567,NODE_F42DC973E618,blackhole,2,B0:CB:D8:F3:32:19,-43,0,374,437,1,1,437,374,63
763559555,NODE_F42DC973E618,blackhole,2,B0:CB:D8:F3:32:19,-43,0,374,437,1,1,437,374,63
763659560,NODE_F42DC973E618,blackhole,2,B0:CB:D8:F3:32:19,-43,0,374,437,1,1,437,374,63
763759563,NODE_F42DC973E618,blackhole,2,B0:CB:D8:F3:32:19,-43,0,374,437,1,1,437,374,63
763859563,NODE_F42DC973E618,blackhole,2,B0:CB:D8:F3:32:19,-43,0,374,438,1,1,438,374,64
763959568,NODE_F42DC973E618,blackhole,2,B0:CB:D8:F3:32:19,-43,0,374,438,1,1,438,374,64
764059563,NODE_F42DC973E618,blackhole,2,B0:CB:D8:F3:32:19,-43,0,374,438,1,1,438,374,64
764159555,NODE_F42DC973E618,blackhole,2,B0:CB:D8:F3:32:19,-43,0,374,438,1,1,438,374,64
764259576,NODE_F42DC973E618,blackhole,2,B0:CB:D8:F3:32:19,-39,0,374,438,1,1,438,374,64
764359563,NODE_F42DC973E618,blackhole,2,B0:CB:D8:F3:32:19,-39,0,374,438,1,1,438,374,64
764459567,NODE_F42DC973E618,blackhole,2,B0:CB:D8:F3:32:19,-39,0,374,438,1,1,438,374,64
764559568,NODE_F42DC973E618,blackhole,2,B0:CB:D8:F3:32:19,-39,0,374,438,1,1,438,374,64
764659563,NODE_F42DC973E618,blackhole,2,B0:CB:D8:F3:32:19,-39,0,374,438,1,1,438,374,64
764759559,NODE_F42DC973E618,blackhole,2,B0:CB:D8:F3:32:19,-39,0,374,438,1,1,438,374,64
764859564,NODE_F42DC973E618,blackhole,2,B0:CB:D8:F3:32:19,-39,0,374,439,1,1,439,374,65
764959567,NODE_F42DC973E618,blackhole,2,B0:CB:D8:F3:32:19,-39,0,374,439,1,1,439,374,65
765059567,NODE_F42DC973E618,blackhole,2,B0:CB:D8:F3:32:19,-39,0,374,439,1,1,439,374,65
765159556,NODE_F42DC973E618,blackhole,2,B0:CB:D8:F3:32:19,-39,0,374,439,1,1,439,374,65
765259567,NODE_F42DC973E618,blackhole,2,B0:CB:D8:F3:32:19,-42,0,374,439,1,1,439,374,65
765359567,NODE_F42DC973E618,blackhole,2,B0:CB:D8:F3:32:19,-42,0,374,439,1,1,439,374,65
765459568,NODE_F42DC973E618,blackhole,2,B0:CB:D8:F3:32:19,-42,0,374,439,1,1,439,374,65
765559567,NODE_F42DC973E618,blackhole,2,B0:CB:D8:F3:32:19,-42,0,374,439,1,1,439,374,65
765659563,NODE_F42DC973E618,blackhole,2,B0:CB:D8:F3:32:19,-42,0,374,439,1,1,439,374,65
765759564,NODE_F42DC973E618,blackhole,2,B0:CB:D8:F3:32:19,-42,0,374,439,1,1,439,374,65
765859563,NODE_F42DC973E618,blackhole,2,B0:CB:D8:F3:32:19,-42,0,374,440,1,1,440,374,66
765959567,NODE_F42DC973E618,blackhole,2,B0:CB:D8:F3:32:19,-42,0,374,440,1,1,440,374,66
766059564,NODE_F42DC973E618,blackhole,2,B0:CB:D8:F3:32:19,-42,0,374,440,1,1,440,374,66
766159555,NODE_F42DC973E618,blackhole,2,B0:CB:D8:F3:32:19,-42,0,374,440,1,1,440,374,66
766259571,NODE_F42DC973E618,blackhole,2,B0:CB:D8:F3:32:19,-40,0,374,440,1,1,440,374,66
766359568,NODE_F42DC973E618,blackhole,2,B0:CB:D8:F3:32:19,-40,0,374,440,1,1,440,374,66
766459567,NODE_F42DC973E618,blackhole,2,B0:CB:D8:F3:32:19,-40,0,374,440,1,1,440,374,66
766559567,NODE_F42DC973E618,blackhole,2,B0:CB:D8:F3:32:19,-40,0,374,440,1,1,440,374,66
766659564,NODE_F42DC973E618,blackhole,2,B0:CB:D8:F3:32:19,-40,0,374,440,1,1,440,374,66
766759563,NODE_F42DC973E618,blackhole,2,B0:CB:D8:F3:32:19,-40,0,374,440,1,1,440,374,66
766859563,NODE_F42DC973E618,blackhole,2,B0:CB:D8:F3:32:19,-40,0,374,441,1,1,441,374,67
766959568,NODE_F42DC973E618,blackhole,2,B0:CB:D8:F3:32:19,-40,0,374,441,1,1,441,374,67
767059563,NODE_F42DC973E618,blackhole,2,B0:CB:D8:F3:32:19,-40,0,374,441,1,1,441,374,67
767159575,NODE_F42DC973E618,blackhole,2,B0:CB:D8:F3:32:19,-40,0,374,441,1,1,441,374,67
767259576,NODE_F42DC973E618,blackhole,2,B0:CB:D8:F3:32:19,-43,0,374,441,1,1,441,374,67
767359567,NODE_F42DC973E618,blackhole,2,B0:CB:D8:F3:32:19,-43,0,374,441,1,1,441,374,67
767459567,NODE_F42DC973E618,blackhole,2,B0:CB:D8:F3:32:19,-43,0,374,441,1,1,441,374,67
767559568,NODE_F42DC973E618,blackhole,2,B0:CB:D8:F3:32:19,-43,0,374,441,1,1,441,374,67
767659559,NODE_F42DC973E618,blackhole,2,B0:CB:D8:F3:32:19,-43,0,374,441,1,1,441,374,67
767759559,NODE_F42DC973E618,blackhole,2,B0:CB:D8:F3:32:19,-43,0,374,441,1,1,441,374,67
767859564,NODE_F42DC973E618,blackhole,2,B0:CB:D8:F3:32:19,-43,0,374,442,1,1,442,374,68
767959571,NODE_F42DC973E618,blackhole,2,B0:CB:D8:F3:32:19,-43,0,374,442,1,1,442,374,68
768059563,NODE_F42DC973E618,blackhole,2,B0:CB:D8:F3:32:19,-43,0,374,442,1,1,442,374,68
768159556,NODE_F42DC973E618,blackhole,2,B0:CB:D8:F3:32:19,-43,0,374,442,1,1,442,374,68
768259563,NODE_F42DC973E618,blackhole,2,B0:CB:D8:F3:32:19,-43,0,374,442,1,1,442,374,68
768359567,NODE_F42DC973E618,blackhole,2,B0:CB:D8:F3:32:19,-42,0,374,442,1,1,442,374,68
768459568,NODE_F42DC973E618,blackhole,2,B0:CB:D8:F3:32:19,-42,0,374,442,1,1,442,374,68
768559559,NODE_F42DC973E618,blackhole,2,B0:CB:D8:F3:32:19,-42,0,374,442,1,1,442,374,68
768659567,NODE_F42DC973E618,blackhole,2,B0:CB:D8:F3:32:19,-42,0,374,442,1,1,442,374,68
768759560,NODE_F42DC973E618,blackhole,2,B0:CB:D8:F3:32:19,-42,0,374,442,1,1,442,374,68
768859563,NODE_F42DC973E618,blackhole,2,B0:CB:D8:F3:32:19,-42,0,374,443,1,1,443,374,69
768959571,NODE_F42DC973E618,blackhole,2,B0:CB:D8:F3:32:19,-42,0,374,443,1,1,443,374,69
769059568,NODE_F42DC973E618,blackhole,2,B0:CB:D8:F3:32:19,-42,0,374,443,1,1,443,374,69
769159555,NODE_F42DC973E618,blackhole,2,B0:CB:D8:F3:32:19,-42,0,374,443,1,1,443,374,69
769259563,NODE_F42DC973E618,blackhole,2,B0:CB:D8:F3:32:19,-42,0,374,443,1,1,443,374,69
769359568,NODE_F42DC973E618,blackhole,2,B0:CB:D8:F3:32:19,-39,0,374,443,1,1,443,374,69
769459563,NODE_F42DC973E618,blackhole,2,B0:CB:D8:F3:32:19,-39,0,374,443,1,1,443,374,69
769559559,NODE_F42DC973E618,blackhole,2,B0:CB:D8:F3:32:19,-39,0,374,443,1,1,443,374,69
769659572,NODE_F42DC973E618,blackhole,2,B0:CB:D8:F3:32:19,-39,0,374,443,1,1,443,374,69
769759567,NODE_F42DC973E618,blackhole,2,B0:CB:D8:F3:32:19,-39,0,374,443,1,1,443,374,69
769859563,NODE_F42DC973E618,blackhole,2,B0:CB:D8:F3:32:19,-39,0,374,444,1,1,444,374,70
769959572,NODE_F42DC973E618,blackhole,2,B0:CB:D8:F3:32:19,-39,0,374,444,1,1,444,374,70
770059563,NODE_F42DC973E618,blackhole,2,B0:CB:D8:F3:32:19,-39,0,374,444,1,1,444,374,70
770159555,NODE_F42DC973E618,blackhole,2,B0:CB:D8:F3:32:19,-39,0,374,444,1,1,444,374,70
770259572,NODE_F42DC973E618,blackhole,2,B0:CB:D8:F3:32:19,-39,0,374,444,1,1,444,374,70
770359567,NODE_F42DC973E618,blackhole,2,B0:CB:D8:F3:32:19,-39,0,374,444,1,1,444,374,70
770459567,NODE_F42DC973E618,blackhole,2,B0:CB:D8:F3:32:19,-39,0,374,444,1,1,444,374,70
770559560,NODE_F42DC973E618,blackhole,2,B0:CB:D8:F3:32:19,-39,0,374,444,1,1,444,374,70
770659567,NODE_F42DC973E618,blackhole,2,B0:CB:D8:F3:32:19,-39,0,374,444,1,1,444,374,70
770759559,NODE_F42DC973E618,blackhole,2,B0:CB:D8:F3:32:19,-39,0,374,444,1,1,444,374,70
770859564,NODE_F42DC973E618,blackhole,2,B0:CB:D8:F3:32:19,-39,0,374,445,1,1,445,374,71
770959575,NODE_F42DC973E618,blackhole,2,B0:CB:D8:F3:32:19,-39,0,374,445,1,1,445,374,71
771059559,NODE_F42DC973E618,blackhole,2,B0:CB:D8:F3:32:19,-39,0,374,445,1,1,445,374,71
771159556,NODE_F42DC973E618,blackhole,2,B0:CB:D8:F3:32:19,-39,0,374,445,1,1,445,374,71
771259559,NODE_F42DC973E618,blackhole,2,B0:CB:D8:F3:32:19,-39,0,374,445,1,1,445,374,71
771359567,NODE_F42DC973E618,blackhole,2,B0:CB:D8:F3:32:19,-39,0,374,445,1,1,445,374,71
771459568,NODE_F42DC973E618,blackhole,2,B0:CB:D8:F3:32:19,-39,0,374,445,1,1,445,374,71
771559559,NODE_F42DC973E618,blackhole,2,B0:CB:D8:F3:32:19,-39,0,374,445,1,1,445,374,71
771659567,NODE_F42DC973E618,blackhole,2,B0:CB:D8:F3:32:19,-39,0,374,445,1,1,445,374,71
771759568,NODE_F42DC973E618,blackhole,2,B0:CB:D8:F3:32:19,-39,0,374,445,1,1,445,374,71
771859563,NODE_F42DC973E618,blackhole,2,B0:CB:D8:F3:32:19,-39,0,374,446,1,1,446,374,72
771959571,NODE_F42DC973E618,blackhole,2,B0:CB:D8:F3:32:19,-39,0,374,446,1,1,446,374,72
772059568,NODE_F42DC973E618,blackhole,2,B0:CB:D8:F3:32:19,-39,0,374,446,1,1,446,374,72
772159555,NODE_F42DC973E618,blackhole,2,B0:CB:D8:F3:32:19,-39,0,374,446,1,1,446,374,72
772259563,NODE_F42DC973E618,blackhole,2,B0:CB:D8:F3:32:19,-39,0,374,446,1,1,446,374,72
772359564,NODE_F42DC973E618,blackhole,2,B0:CB:D8:F3:32:19,-39,0,374,446,1,1,446,374,72
772459563,NODE_F42DC973E618,blackhole,2,B0:CB:D8:F3:32:19,-42,0,374,446,1,1,446,374,72
772559559,NODE_F42DC973E618,blackhole,2,B0:CB:D8:F3:32:19,-42,0,374,446,1,1,446,374,72
772659568,NODE_F42DC973E618,blackhole,2,B0:CB:D8:F3:32:19,-42,0,374,446,1,1,446,374,72
772759563,NODE_F42DC973E618,blackhole,2,B0:CB:D8:F3:32:19,-42,0,374,446,1,1,446,374,72
772859563,NODE_F42DC973E618,blackhole,2,B0:CB:D8:F3:32:19,-42,0,374,447,1,1,447,374,73
772959568,NODE_F42DC973E618,blackhole,2,B0:CB:D8:F3:32:19,-42,0,374,447,1,1,447,374,73
773059563,NODE_F42DC973E618,blackhole,2,B0:CB:D8:F3:32:19,-42,0,374,447,1,1,447,374,73
773159555,NODE_F42DC973E618,blackhole,2,B0:CB:D8:F3:32:19,-42,0,374,447,1,1,447,374,73
773259576,NODE_F42DC973E618,blackhole,2,B0:CB:D8:F3:32:19,-42,0,374,447,1,1,447,374,73
773359563,NODE_F42DC973E618,blackhole,2,B0:CB:D8:F3:32:19,-42,0,374,447,1,1,447,374,73
773459567,NODE_F42DC973E618,blackhole,2,B0:CB:D8:F3:32:19,-42,0,374,447,1,1,447,374,73
773559560,NODE_F42DC973E618,blackhole,2,B0:CB:D8:F3:32:19,-42,0,374,447,1,1,447,374,73
773659567,NODE_F42DC973E618,blackhole,2,B0:CB:D8:F3:32:19,-42,0,374,447,1,1,447,374,73
773759567,NODE_F42DC973E618,blackhole,2,B0:CB:D8:F3:32:19,-42,0,374,447,1,1,447,374,73
773859564,NODE_F42DC973E618,blackhole,2,B0:CB:D8:F3:32:19,-42,0,374,448,1,1,448,374,74
773959567,NODE_F42DC973E618,blackhole,2,B0:CB:D8:F3:32:19,-42,0,374,448,1,1,448,374,74
774059567,NODE_F42DC973E618,blackhole,2,B0:CB:D8:F3:32:19,-42,0,374,448,1,1,448,374,74
774159576,NODE_F42DC973E618,blackhole,2,B0:CB:D8:F3:32:19,-42,0,374,448,1,1,448,374,74
774259563,NODE_F42DC973E618,blackhole,2,B0:CB:D8:F3:32:19,-42,0,374,448,1,1,448,374,74
774359563,NODE_F42DC973E618,blackhole,2,B0:CB:D8:F3:32:19,-42,0,374,448,1,1,448,374,74
774459568,NODE_F42DC973E618,blackhole,2,B0:CB:D8:F3:32:19,-38,0,374,448,1,1,448,374,74
774559559,NODE_F42DC973E618,blackhole,2,B0:CB:D8:F3:32:19,-38,0,374,448,1,1,448,374,74
774659567,NODE_F42DC973E618,blackhole,2,B0:CB:D8:F3:32:19,-38,0,374,448,1,1,448,374,74
774759568,NODE_F42DC973E618,blackhole,2,B0:CB:D8:F3:32:19,-38,0,374,448,1,1,448,374,74
774859563,NODE_F42DC973E618,blackhole,2,B0:CB:D8:F3:32:19,-38,0,374,449,1,1,449,374,75
774959567,NODE_F42DC973E618,blackhole,2,B0:CB:D8:F3:32:19,-38,0,374,449,1,1,449,374,75
775059572,NODE_F42DC973E618,blackhole,2,B0:CB:D8:F3:32:19,-38,0,374,449,1,1,449,374,75
775159555,NODE_F42DC973E618,blackhole,2,B0:CB:D8:F3:32:19,-38,0,374,449,1,1,449,374,75
775259559,NODE_F42DC973E618,blackhole,2,B0:CB:D8:F3:32:19,-38,0,374,449,1,1,449,374,75
775359560,NODE_F42DC973E618,blackhole,2,B0:CB:D8:F3:32:19,-38,0,374,449,1,1,449,374,75
775459567,NODE_F42DC973E618,blackhole,2,B0:CB:D8:F3:32:19,-43,0,374,449,1,1,449,374,75
775559559,NODE_F42DC973E618,blackhole,2,B0:CB:D8:F3:32:19,-43,0,374,449,1,1,449,374,75
775659568,NODE_F42DC973E618,blackhole,2,B0:CB:D8:F3:32:19,-43,0,374,449,1,1,449,374,75
775759567,NODE_F42DC973E618,blackhole,2,B0:CB:D8:F3:32:19,-43,0,374,449,1,1,449,374,75
775859563,NODE_F42DC973E618,blackhole,2,B0:CB:D8:F3:32:19,-43,0,374,450,1,1,450,374,76
775959568,NODE_F42DC973E618,blackhole,2,B0:CB:D8:F3:32:19,-43,0,374,450,1,1,450,374,76
776059567,NODE_F42DC973E618,blackhole,2,B0:CB:D8:F3:32:19,-43,0,374,450,1,1,450,374,76
776159555,NODE_F42DC973E618,blackhole,2,B0:CB:D8:F3:32:19,-43,0,374,450,1,1,450,374,76
776259572,NODE_F42DC973E618,blackhole,2,B0:CB:D8:F3:32:19,-43,0,374,450,1,1,450,374,76
776359563,NODE_F42DC973E618,blackhole,2,B0:CB:D8:F3:32:19,-43,0,374,450,1,1,450,374,76
776459563,NODE_F42DC973E618,blackhole,2,B0:CB:D8:F3:32:19,-43,0,374,450,1,1,450,374,76
776559564,NODE_F42DC973E618,blackhole,2,B0:CB:D8:F3:32:19,-42,0,374,450,1,1,450,374,76
776659567,NODE_F42DC973E618,blackhole,2,B0:CB:D8:F3:32:19,-42,0,374,450,1,1,450,374,76
776759563,NODE_F42DC973E618,blackhole,2,B0:CB:D8:F3:32:19,-42,0,374,450,1,1,450,374,76
776859564,NODE_F42DC973E618,blackhole,2,B0:CB:D8:F3:32:19,-42,0,374,451,1,1,451,374,77
776959567,NODE_F42DC973E618,blackhole,2,B0:CB:D8:F3:32:19,-42,0,374,451,1,1,451,374,77
777059563,NODE_F42DC973E618,blackhole,2,B0:CB:D8:F3:32:19,-42,0,374,451,1,1,451,374,77
777159560,NODE_F42DC973E618,blackhole,2,B0:CB:D8:F3:32:19,-42,0,374,451,1,1,451,374,77
777259563,NODE_F42DC973E618,blackhole,2,B0:CB:D8:F3:32:19,-42,0,374,451,1,1,451,374,77
777359567,NODE_F42DC973E618,blackhole,2,B0:CB:D8:F3:32:19,-42,0,374,451,1,1,451,374,77
777459564,NODE_F42DC973E618,blackhole,2,B0:CB:D8:F3:32:19,-42,0,374,451,1,1,451,374,77
777559563,NODE_F42DC973E618,blackhole,2,B0:CB:D8:F3:32:19,-43,0,374,451,1,1,451,374,77
777659567,NODE_F42DC973E618,blackhole,2,B0:CB:D8:F3:32:19,-43,0,374,451,1,1,451,374,77
777759564,NODE_F42DC973E618,blackhole,2,B0:CB:D8:F3:32:19,-43,0,374,451,1,1,451,374,77
777859563,NODE_F42DC973E618,blackhole,2,B0:CB:D8:F3:32:19,-43,0,374,452,1,1,452,374,78
777959571,NODE_F42DC973E618,blackhole,2,B0:CB:D8:F3:32:19,-43,0,374,452,1,1,452,374,78
778059564,NODE_F42DC973E618,blackhole,2,B0:CB:D8:F3:32:19,-43,0,374,452,1,1,452,374,78
778159559,NODE_F42DC973E618,blackhole,2,B0:CB:D8:F3:32:19,-43,0,374,452,1,1,452,374,78
778259563,NODE_F42DC973E618,blackhole,2,B0:CB:D8:F3:32:19,-43,0,374,452,1,1,452,374,78
778359564,NODE_F42DC973E618,blackhole,2,B0:CB:D8:F3:32:19,-43,0,374,452,1,1,452,374,78
778459563,NODE_F42DC973E618,blackhole,2,B0:CB:D8:F3:32:19,-43,0,374,452,1,1,452,374,78
778559563,NODE_F42DC973E618,blackhole,2,B0:CB:D8:F3:32:19,-43,0,374,452,1,1,452,374,78
778659568,NODE_F42DC973E618,blackhole,2,B0:CB:D8:F3:32:19,-43,0,374,452,1,1,452,374,78
778759567,NODE_F42DC973E618,blackhole,2,B0:CB:D8:F3:32:19,-43,0,374,452,1,1,452,374,78
778859563,NODE_F42DC973E618,blackhole,2,B0:CB:D8:F3:32:19,-43,0,374,453,1,1,453,374,79
778959568,NODE_F42DC973E618,blackhole,2,B0:CB:D8:F3:32:19,-43,0,374,453,1,1,453,374,79
779059567,NODE_F42DC973E618,blackhole,2,B0:CB:D8:F3:32:19,-43,0,374,453,1,1,453,374,79
779159559,NODE_F42DC973E618,blackhole,2,B0:CB:D8:F3:32:19,-43,0,374,453,1,1,453,374,79
779259572,NODE_F42DC973E618,blackhole,2,B0:CB:D8:F3:32:19,-43,0,374,453,1,1,453,374,79
779359563,NODE_F42DC973E618,blackhole,2,B0:CB:D8:F3:32:19,-43,0,374,453,1,1,453,374,79
779459563,NODE_F42DC973E618,blackhole,2,B0:CB:D8:F3:32:19,-43,0,374,453,1,1,453,374,79
779559564,NODE_F42DC973E618,blackhole,2,B0:CB:D8:F3:32:19,-37,0,374,453,1,1,453,374,79
779659567,NODE_F42DC973E618,blackhole,2,B0:CB:D8:F3:32:19,-37,0,374,453,1,1,453,374,79
779759567,NODE_F42DC973E618,blackhole,2,B0:CB:D8:F3:32:19,-37,0,374,453,1,1,453,374,79
779859564,NODE_F42DC973E618,blackhole,2,B0:CB:D8:F3:32:19,-37,0,374,454,1,1,454,374,80
779959567,NODE_F42DC973E618,blackhole,2,B0:CB:D8:F3:32:19,-37,0,374,454,1,1,454,374,80
780059563,NODE_F42DC973E618,blackhole,2,B0:CB:D8:F3:32:19,-37,0,374,454,1,1,454,374,80
780159560,NODE_F42DC973E618,blackhole,2,B0:CB:D8:F3:32:19,-37,0,374,454,1,1,454,374,80
780259563,NODE_F42DC973E618,blackhole,2,B0:CB:D8:F3:32:19,-37,0,374,454,1,1,454,374,80
780359567,NODE_F42DC973E618,blackhole,2,B0:CB:D8:F3:32:19,-37,0,374,454,1,1,454,374,80
780459564,NODE_F42DC973E618,blackhole,2,B0:CB:D8:F3:32:19,-37,0,374,454,1,1,454,374,80
780559563,NODE_F42DC973E618,blackhole,2,B0:CB:D8:F3:32:19,-39,0,374,454,1,1,454,374,80
780659567,NODE_F42DC973E618,blackhole,2,B0:CB:D8:F3:32:19,-39,0,374,454,1,1,454,374,80
780759568,NODE_F42DC973E618,blackhole,2,B0:CB:D8:F3:32:19,-39,0,374,454,1,1,454,374,80
780859567,NODE_F42DC973E618,blackhole,2,B0:CB:D8:F3:32:19,-39,0,374,455,1,1,455,374,81
780959571,NODE_F42DC973E618,blackhole,2,B0:CB:D8:F3:32:19,-39,0,374,455,1,1,455,374,81
781059564,NODE_F42DC973E618,blackhole,2,B0:CB:D8:F3:32:19,-39,0,374,455,1,1,455,374,81
781159575,NODE_F42DC973E618,blackhole,2,B0:CB:D8:F3:32:19,-39,0,374,455,1,1,455,374,81
781259559,NODE_F42DC973E618,blackhole,2,B0:CB:D8:F3:32:19,-39,0,374,455,1,1,455,374,81
781359560,NODE_F42DC973E618,blackhole,2,B0:CB:D8:F3:32:19,-39,0,374,455,1,1,455,374,81
781459563,NODE_F42DC973E618,blackhole,2,B0:CB:D8:F3:32:19,-39,0,374,455,1,1,455,374,81
781559555,NODE_F42DC973E618,blackhole,2,B0:CB:D8:F3:32:19,-39,0,374,455,1,1,455,374,81
781659568,NODE_F42DC973E618,blackhole,2,B0:CB:D8:F3:32:19,-42,0,374,455,1,1,455,374,81
781759575,NODE_F42DC973E618,blackhole,2,B0:CB:D8:F3:32:19,-42,0,374,455,1,1,455,374,81
781859563,NODE_F42DC973E618,blackhole,2,B0:CB:D8:F3:32:19,-42,0,374,456,1,1,456,374,82
781959572,NODE_F42DC973E618,blackhole,2,B0:CB:D8:F3:32:19,-42,0,374,456,1,1,456,374,82
782059567,NODE_F42DC973E618,blackhole,2,B0:CB:D8:F3:32:19,-42,0,374,456,1,1,456,374,82
782159555,NODE_F42DC973E618,blackhole,2,B0:CB:D8:F3:32:19,-42,0,374,456,1,1,456,374,82
782259576,NODE_F42DC973E618,blackhole,2,B0:CB:D8:F3:32:19,-42,0,374,456,1,1,456,374,82
782359563,NODE_F42DC973E618,blackhole,2,B0:CB:D8:F3:32:19,-42,0,374,456,1,1,456,374,82
782459563,NODE_F42DC973E618,blackhole,2,B0:CB:D8:F3:32:19,-42,0,374,456,1,1,456,374,82
782559556,NODE_F42DC973E618,blackhole,2,B0:CB:D8:F3:32:19,-42,0,374,456,1,1,456,374,82
782659567,NODE_F42DC973E618,blackhole,2,B0:CB:D8:F3:32:19,-43,0,374,456,1,1,456,374,82
782759563,NODE_F42DC973E618,blackhole,2,B0:CB:D8:F3:32:19,-43,0,374,456,1,1,456,374,82
782859564,NODE_F42DC973E618,blackhole,2,B0:CB:D8:F3:32:19,-43,0,374,457,1,1,457,374,83
782959571,NODE_F42DC973E618,blackhole,2,B0:CB:D8:F3:32:19,-43,0,374,457,1,1,457,374,83
783059559,NODE_F42DC973E618,blackhole,2,B0:CB:D8:F3:32:19,-43,0,374,457,1,1,457,374,83
783159556,NODE_F42DC973E618,blackhole,2,B0:CB:D8:F3:32:19,-43,0,374,457,1,1,457,374,83
783259571,NODE_F42DC973E618,blackhole,2,B0:CB:D8:F3:32:19,-43,0,374,457,1,1,457,374,83
783359559,NODE_F42DC973E618,blackhole,2,B0:CB:D8:F3:32:19,-43,0,374,457,1,1,457,374,83
783459560,NODE_F42DC973E618,blackhole,2,B0:CB:D8:F3:32:19,-43,0,374,457,1,1,457,374,83
783559555,NODE_F42DC973E618,blackhole,2,B0:CB:D8:F3:32:19,-43,0,374,457,1,1,457,374,83
783659567,NODE_F42DC973E618,blackhole,2,B0:CB:D8:F3:32:19,-42,0,374,457,1,1,457,374,83
783759564,NODE_F42DC973E618,blackhole,2,B0:CB:D8:F3:32:19,-42,0,374,457,1,1,457,374,83
783859563,NODE_F42DC973E618,blackhole,2,B0:CB:D8:F3:32:19,-42,0,374,458,1,1,458,374,84
783959571,NODE_F42DC973E618,blackhole,2,B0:CB:D8:F3:32:19,-42,0,374,458,1,1,458,374,84
784059560,NODE_F42DC973E618,blackhole,2,B0:CB:D8:F3:32:19,-42,0,374,458,1,1,458,374,84
784159555,NODE_F42DC973E618,blackhole,2,B0:CB:D8:F3:32:19,-42,0,374,458,1,1,458,374,84
784259567,NODE_F42DC973E618,blackhole,2,B0:CB:D8:F3:32:19,-42,0,374,458,1,1,458,374,84
784359568,NODE_F42DC973E618,blackhole,2,B0:CB:D8:F3:32:19,-42,0,374,458,1,1,458,374,84
784459563,NODE_F42DC973E618,blackhole,2,B0:CB:D8:F3:32:19,-42,0,374,458,1,1,458,374,84
784559555,NODE_F42DC973E618,blackhole,2,B0:CB:D8:F3:32:19,-42,0,374,458,1,1,458,374,84
784659568,NODE_F42DC973E618,blackhole,2,B0:CB:D8:F3:32:19,-43,0,374,458,1,1,458,374,84
784759563,NODE_F42DC973E618,blackhole,2,B0:CB:D8:F3:32:19,-43,0,374,458,1,1,458,374,84
784859845,NODE_F42DC973E618,blackhole,2,B0:CB:D8:F3:32:19,-43,0,374,459,1,1,459,374,85
784959572,NODE_F42DC973E618,blackhole,2,B0:CB:D8:F3:32:19,-43,0,374,459,1,1,459,374,85
785059567,NODE_F42DC973E618,blackhole,2,B0:CB:D8:F3:32:19,-43,0,374,459,1,1,459,374,85
785159555,NODE_F42DC973E618,blackhole,2,B0:CB:D8:F3:32:19,-43,0,374,459,1,1,459,374,85
785259576,NODE_F42DC973E618,blackhole,2,B0:CB:D8:F3:32:19,-43,0,374,459,1,1,459,374,85
785359559,NODE_F42DC973E618,blackhole,2,B0:CB:D8:F3:32:19,-43,0,374,459,1,1,459,374,85
785459559,NODE_F42DC973E618,blackhole,2,B0:CB:D8:F3:32:19,-43,0,374,459,1,1,459,374,85
785559556,NODE_F42DC973E618,blackhole,2,B0:CB:D8:F3:32:19,-43,0,374,459,1,1,459,374,85
785659563,NODE_F42DC973E618,blackhole,2,B0:CB:D8:F3:32:19,-43,0,374,459,1,1,459,374,85
785759567,NODE_F42DC973E618,blackhole,2,B0:CB:D8:F3:32:19,-40,0,374,459,1,1,459,374,85
785859564,NODE_F42DC973E618,blackhole,2,B0:CB:D8:F3:32:19,-40,0,374,460,1,1,460,374,86
785959571,NODE_F42DC973E618,blackhole,2,B0:CB:D8:F3:32:19,-40,0,374,460,1,1,460,374,86
786059567,NODE_F42DC973E618,blackhole,2,B0:CB:D8:F3:32:19,-40,0,374,460,1,1,460,374,86
786159556,NODE_F42DC973E618,blackhole,2,B0:CB:D8:F3:32:19,-40,0,374,460,1,1,460,374,86
786259567,NODE_F42DC973E618,blackhole,2,B0:CB:D8:F3:32:19,-40,0,374,460,1,1,460,374,86
786359567,NODE_F42DC973E618,blackhole,2,B0:CB:D8:F3:32:19,-40,0,374,460,1,1,460,374,86
786459564,NODE_F42DC973E618,blackhole,2,B0:CB:D8:F3:32:19,-40,0,374,460,1,1,460,374,86
786559555,NODE_F42DC973E618,blackhole,2,B0:CB:D8:F3:32:19,-40,0,374,460,1,1,460,374,86
786659563,NODE_F42DC973E618,blackhole,2,B0:CB:D8:F3:32:19,-40,0,374,460,1,1,460,374,86
786759568,NODE_F42DC973E618,blackhole,2,B0:CB:D8:F3:32:19,-38,0,374,460,1,1,460,374,86
786859563,NODE_F42DC973E618,blackhole,2,B0:CB:D8:F3:32:19,-38,0,374,461,1,1,461,374,87
786959571,NODE_F42DC973E618,blackhole,2,B0:CB:D8:F3:32:19,-38,0,374,461,1,1,461,374,87
787059568,NODE_F42DC973E618,blackhole,2,B0:CB:D8:F3:32:19,-38,0,374,461,1,1,461,374,87
787159555,NODE_F42DC973E618,blackhole,2,B0:CB:D8:F3:32:19,-38,0,374,461,1,1,461,374,87
787259559,NODE_F42DC973E618,blackhole,2,B0:CB:D8:F3:32:19,-38,0,374,461,1,1,461,374,87
787359572,NODE_F42DC973E618,blackhole,2,B0:CB:D8:F3:32:19,-38,0,374,461,1,1,461,374,87
787459559,NODE_F42DC973E618,blackhole,2,B0:CB:D8:F3:32:19,-38,0,374,461,1,1,461,374,87
787559555,NODE_F42DC973E618,blackhole,2,B0:CB:D8:F3:32:19,-38,0,374,461,1,1,461,374,87
787659560,NODE_F42DC973E618,blackhole,2,B0:CB:D8:F3:32:19,-38,0,374,461,1,1,461,374,87
787759567,NODE_F42DC973E618,blackhole,2,B0:CB:D8:F3:32:19,-39,0,374,461,1,1,461,374,87
787859563,NODE_F42DC973E618,blackhole,2,B0:CB:D8:F3:32:19,-39,0,374,462,1,1,462,374,88
787959576,NODE_F42DC973E618,blackhole,2,B0:CB:D8:F3:32:19,-39,0,374,462,1,1,462,374,88
788059567,NODE_F42DC973E618,blackhole,2,B0:CB:D8:F3:32:19,-39,0,374,462,1,1,462,374,88
788159575,NODE_F42DC973E618,blackhole,2,B0:CB:D8:F3:32:19,-39,0,374,462,1,1,462,374,88
788259572,NODE_F42DC973E618,blackhole,2,B0:CB:D8:F3:32:19,-39,0,374,462,1,1,462,374,88
788359567,NODE_F42DC973E618,blackhole,2,B0:CB:D8:F3:32:19,-39,0,374,462,1,1,462,374,88
788459563,NODE_F42DC973E618,blackhole,2,B0:CB:D8:F3:32:19,-39,0,374,462,1,1,462,374,88
788559556,NODE_F42DC973E618,blackhole,2,B0:CB:D8:F3:32:19,-39,0,374,462,1,1,462,374,88
788659563,NODE_F42DC973E618,blackhole,2,B0:CB:D8:F3:32:19,-39,0,374,462,1,1,462,374,88
788759567,NODE_F42DC973E618,blackhole,2,B0:CB:D8:F3:32:19,-40,0,374,462,1,1,462,374,88
788859564,NODE_F42DC973E618,blackhole,2,B0:CB:D8:F3:32:19,-40,0,374,463,1,1,463,374,89
788959571,NODE_F42DC973E618,blackhole,2,B0:CB:D8:F3:32:19,-40,0,374,463,1,1,463,374,89
789059571,NODE_F42DC973E618,blackhole,2,B0:CB:D8:F3:32:19,-40,0,374,463,1,1,463,374,89
789159556,NODE_F42DC973E618,blackhole,2,B0:CB:D8:F3:32:19,-40,0,374,463,1,1,463,374,89
789259559,NODE_F42DC973E618,blackhole,2,B0:CB:D8:F3:32:19,-40,0,374,463,1,1,463,374,89
789359563,NODE_F42DC973E618,blackhole,2,B0:CB:D8:F3:32:19,-40,0,374,463,1,1,463,374,89
789459564,NODE_F42DC973E618,blackhole,2,B0:CB:D8:F3:32:19,-40,0,374,463,1,1,463,374,89
789559555,NODE_F42DC973E618,blackhole,2,B0:CB:D8:F3:32:19,-40,0,374,463,1,1,463,374,89
789659563,NODE_F42DC973E618,blackhole,2,B0:CB:D8:F3:32:19,-40,0,374,463,1,1,463,374,89
789759564,NODE_F42DC973E618,blackhole,2,B0:CB:D8:F3:32:19,-40,0,374,463,1,1,463,374,89
789859563,NODE_F42DC973E618,blackhole,2,B0:CB:D8:F3:32:19,-42,0,374,464,1,1,464,374,90
789959571,NODE_F42DC973E618,blackhole,2,B0:CB:D8:F3:32:19,-42,0,374,464,1,1,464,374,90
790059568,NODE_F42DC973E618,blackhole,2,B0:CB:D8:F3:32:19,-42,0,374,464,1,1,464,374,90
790159567,NODE_F42DC973E618,blackhole,2,B0:CB:D8:F3:32:19,-42,0,374,464,1,1,464,374,90
790259563,NODE_F42DC973E618,blackhole,2,B0:CB:D8:F3:32:19,-42,0,374,464,1,1,464,374,90
790359568,NODE_F42DC973E618,blackhole,2,B0:CB:D8:F3:32:19,-42,0,374,464,1,1,464,374,90
790459567,NODE_F42DC973E618,blackhole,2,B0:CB:D8:F3:32:19,-42,0,374,464,1,1,464,374,90
790559555,NODE_F42DC973E618,blackhole,2,B0:CB:D8:F3:32:19,-42,0,374,464,1,1,464,374,90
790659564,NODE_F42DC973E618,blackhole,2,B0:CB:D8:F3:32:19,-42,0,374,464,1,1,464,374,90
790759555,NODE_F42DC973E618,blackhole,2,B0:CB:D8:F3:32:19,-42,0,374,464,1,1,464,374,90
790859563,NODE_F42DC973E618,blackhole,2,B0:CB:D8:F3:32:19,-39,0,374,465,1,1,465,374,91
790959576,NODE_F42DC973E618,blackhole,2,B0:CB:D8:F3:32:19,-39,0,374,465,1,1,465,374,91
791059567,NODE_F42DC973E618,blackhole,2,B0:CB:D8:F3:32:19,-39,0,374,465,1,1,465,374,91
791159567,NODE_F42DC973E618,blackhole,2,B0:CB:D8:F3:32:19,-39,0,374,465,1,1,465,374,91
791259572,NODE_F42DC973E618,blackhole,2,B0:CB:D8:F3:32:19,-39,0,374,465,1,1,465,374,91
791359563,NODE_F42DC973E618,blackhole,2,B0:CB:D8:F3:32:19,-39,0,374,465,1,1,465,374,91
791459567,NODE_F42DC973E618,blackhole,2,B0:CB:D8:F3:32:19,-39,0,374,465,1,1,465,374,91
791559556,NODE_F42DC973E618,blackhole,2,B0:CB:D8:F3:32:19,-39,0,374,465,1,1,465,374,91
791659559,NODE_F42DC973E618,blackhole,2,B0:CB:D8:F3:32:19,-39,0,374,465,1,1,465,374,91
791759571,NODE_F42DC973E618,blackhole,2,B0:CB:D8:F3:32:19,-39,0,374,465,1,1,465,374,91
791859564,NODE_F42DC973E618,blackhole,2,B0:CB:D8:F3:32:19,-42,0,374,466,1,1,466,374,92
791959571,NODE_F42DC973E618,blackhole,2,B0:CB:D8:F3:32:19,-42,0,374,466,1,1,466,374,92
792059571,NODE_F42DC973E618,blackhole,2,B0:CB:D8:F3:32:19,-42,0,374,466,1,1,466,374,92
792159568,NODE_F42DC973E618,blackhole,2,B0:CB:D8:F3:32:19,-42,0,374,466,1,1,466,374,92
792259559,NODE_F42DC973E618,blackhole,2,B0:CB:D8:F3:32:19,-42,0,374,466,1,1,466,374,92
792359559,NODE_F42DC973E618,blackhole,2,B0:CB:D8:F3:32:19,-42,0,374,466,1,1,466,374,92
792459568,NODE_F42DC973E618,blackhole,2,B0:CB:D8:F3:32:19,-42,0,374,466,1,1,466,374,92
792559555,NODE_F42DC973E618,blackhole,2,B0:CB:D8:F3:32:19,-42,0,374,466,1,1,466,374,92
792659563,NODE_F42DC973E618,blackhole,2,B0:CB:D8:F3:32:19,-42,0,374,466,1,1,466,374,92
792759560,NODE_F42DC973E618,blackhole,2,B0:CB:D8:F3:32:19,-42,0,374,466,1,1,466,374,92
792859563,NODE_F42DC973E618,blackhole,2,B0:CB:D8:F3:32:19,-43,0,374,467,1,1,467,374,93
792959571,NODE_F42DC973E618,blackhole,2,B0:CB:D8:F3:32:19,-43,0,374,467,1,1,467,374,93
793059568,NODE_F42DC973E618,blackhole,2,B0:CB:D8:F3:32:19,-43,0,374,467,1,1,467,374,93
793159567,NODE_F42DC973E618,blackhole,2,B0:CB:D8:F3:32:19,-43,0,374,467,1,1,467,374,93
793259567,NODE_F42DC973E618,blackhole,2,B0:CB:D8:F3:32:19,-43,0,374,467,1,1,467,374,93
793359564,NODE_F42DC973E618,blackhole,2,B0:CB:D8:F3:32:19,-43,0,374,467,1,1,467,374,93
793459567,NODE_F42DC973E618,blackhole,2,B0:CB:D8:F3:32:19,-43,0,374,467,1,1,467,374,93
793559555,NODE_F42DC973E618,blackhole,2,B0:CB:D8:F3:32:19,-43,0,374,467,1,1,467,374,93
793659564,NODE_F42DC973E618,blackhole,2,B0:CB:D8:F3:32:19,-43,0,374,467,1,1,467,374,93
793759563,NODE_F42DC973E618,blackhole,2,B0:CB:D8:F3:32:19,-43,0,374,467,1,1,467,374,93
793859563,NODE_F42DC973E618,blackhole,2,B0:CB:D8:F3:32:19,-43,0,374,468,1,1,468,374,94
793959572,NODE_F42DC973E618,blackhole,2,B0:CB:D8:F3:32:19,-39,0,374,468,1,1,468,374,94
794059567,NODE_F42DC973E618,blackhole,2,B0:CB:D8:F3:32:19,-39,0,374,468,1,1,468,374,94
794159559,NODE_F42DC973E618,blackhole,2,B0:CB:D8:F3:32:19,-39,0,374,468,1,1,468,374,94
794259576,NODE_F42DC973E618,blackhole,2,B0:CB:D8:F3:32:19,-39,0,374,468,1,1,468,374,94
794359563,NODE_F42DC973E618,blackhole,2,B0:CB:D8:F3:32:19,-39,0,374,468,1,1,468,374,94
794459563,NODE_F42DC973E618,blackhole,2,B0:CB:D8:F3:32:19,-39,0,374,468,1,1,468,374,94
794559556,NODE_F42DC973E618,blackhole,2,B0:CB:D8:F3:32:19,-39,0,374,468,1,1,468,374,94
794659563,NODE_F42DC973E618,blackhole,2,B0:CB:D8:F3:32:19,-39,0,374,468,1,1,468,374,94
794759559,NODE_F42DC973E618,blackhole,2,B0:CB:D8:F3:32:19,-39,0,374,468,1,1,468,374,94
794859560,NODE_F42DC973E618,blackhole,2,B0:CB:D8:F3:32:19,-39,0,374,469,1,1,469,374,95
794959571,NODE_F42DC973E618,blackhole,2,B0:CB:D8:F3:32:19,-43,0,374,469,1,1,469,374,95
795059571,NODE_F42DC973E618,blackhole,2,B0:CB:D8:F3:32:19,-43,0,374,469,1,1,469,374,95
795159576,NODE_F42DC973E618,blackhole,2,B0:CB:D8:F3:32:19,-43,0,374,469,1,1,469,374,95
795259567,NODE_F42DC973E618,blackhole,2,B0:CB:D8:F3:32:19,-43,0,374,469,1,1,469,374,95
795359559,NODE_F42DC973E618,blackhole,2,B0:CB:D8:F3:32:19,-43,0,374,469,1,1,469,374,95
795459560,NODE_F42DC973E618,blackhole,2,B0:CB:D8:F3:32:19,-43,0,374,469,1,1,469,374,95
795559559,NODE_F42DC973E618,blackhole,2,B0:CB:D8:F3:32:19,-43,0,374,469,1,1,469,374,95
795659563,NODE_F42DC973E618,blackhole,2,B0:CB:D8:F3:32:19,-43,0,374,469,1,1,469,374,95
795759564,NODE_F42DC973E618,blackhole,2,B0:CB:D8:F3:32:19,-43,0,374,469,1,1,469,374,95
795859563,NODE_F42DC973E618,blackhole,2,B0:CB:D8:F3:32:19,-43,0,374,470,1,1,470,374,96
795959571,NODE_F42DC973E618,blackhole,2,B0:CB:D8:F3:32:19,-38,0,374,470,1,1,470,374,96
796059568,NODE_F42DC973E618,blackhole,2,B0:CB:D8:F3:32:19,-38,0,374,470,1,1,470,374,96
796159559,NODE_F42DC973E618,blackhole,2,B0:CB:D8:F3:32:19,-38,0,374,470,1,1,470,374,96
796259571,NODE_F42DC973E618,blackhole,2,B0:CB:D8:F3:32:19,-38,0,374,470,1,1,470,374,96
796359564,NODE_F42DC973E618,blackhole,2,B0:CB:D8:F3:32:19,-38,0,374,470,1,1,470,374,96
796459559,NODE_F42DC973E618,blackhole,2,B0:CB:D8:F3:32:19,-38,0,374,470,1,1,470,374,96
796559559,NODE_F42DC973E618,blackhole,2,B0:CB:D8:F3:32:19,-38,0,374,470,1,1,470,374,96
796659564,NODE_F42DC973E618,blackhole,2,B0:CB:D8:F3:32:19,-38,0,374,470,1,1,470,374,96
796759563,NODE_F42DC973E618,blackhole,2,B0:CB:D8:F3:32:19,-38,0,374,470,1,1,470,374,96
796859563,NODE_F42DC973E618,blackhole,2,B0:CB:D8:F3:32:19,-38,0,374,471,1,1,471,374,97
796959572,NODE_F42DC973E618,blackhole,2,B0:CB:D8:F3:32:19,-38,0,374,471,1,1,471,374,97
797059567,NODE_F42DC973E618,blackhole,2,B0:CB:D8:F3:32:19,-38,0,374,471,1,1,471,374,97
797159559,NODE_F42DC973E618,blackhole,2,B0:CB:D8:F3:32:19,-38,0,374,471,1,1,471,374,97
797259576,NODE_F42DC973E618,blackhole,2,B0:CB:D8:F3:32:19,-38,0,374,471,1,1,471,374,97
797359563,NODE_F42DC973E618,blackhole,2,B0:CB:D8:F3:32:19,-38,0,374,471,1,1,471,374,97
797459563,NODE_F42DC973E618,blackhole,2,B0:CB:D8:F3:32:19,-38,0,374,471,1,1,471,374,97
797559560,NODE_F42DC973E618,blackhole,2,B0:CB:D8:F3:32:19,-38,0,374,471,1,1,471,374,97
797659559,NODE_F42DC973E618,blackhole,2,B0:CB:D8:F3:32:19,-38,0,374,471,1,1,471,374,97
797759559,NODE_F42DC973E618,blackhole,2,B0:CB:D8:F3:32:19,-38,0,374,471,1,1,471,374,97
797859564,NODE_F42DC973E618,blackhole,2,B0:CB:D8:F3:32:19,-38,0,374,472,1,1,472,374,98
797959571,NODE_F42DC973E618,blackhole,2,B0:CB:D8:F3:32:19,-38,0,374,472,1,1,472,374,98
798059567,NODE_F42DC973E618,blackhole,2,B0:CB:D8:F3:32:19,-39,0,374,472,1,1,472,374,98
798159560,NODE_F42DC973E618,blackhole,2,B0:CB:D8:F3:32:19,-39,0,374,472,1,1,472,374,98
798259567,NODE_F42DC973E618,blackhole,2,B0:CB:D8:F3:32:19,-39,0,374,472,1,1,472,374,98
798359567,NODE_F42DC973E618,blackhole,2,B0:CB:D8:F3:32:19,-39,0,374,472,1,1,472,374,98
798459564,NODE_F42DC973E618,blackhole,2,B0:CB:D8:F3:32:19,-39,0,374,472,1,1,472,374,98
798559555,NODE_F42DC973E618,blackhole,2,B0:CB:D8:F3:32:19,-39,0,374,472,1,1,472,374,98
798659563,NODE_F42DC973E618,blackhole,2,B0:CB:D8:F3:32:19,-39,0,374,472,1,1,472,374,98
798759564,NODE_F42DC973E618,blackhole,2,B0:CB:D8:F3:32:19,-39,0,374,472,1,1,472,374,98
798859563,NODE_F42DC973E618,blackhole,2,B0:CB:D8:F3:32:19,-39,0,374,473,1,1,473,374,99
798959567,NODE_F42DC973E618,blackhole,2,B0:CB:D8:F3:32:19,-39,0,374,473,1,1,473,374,99
799059568,NODE_F42DC973E618,blackhole,2,B0:CB:D8:F3:32:19,-39,0,374,473,1,1,473,374,99
799159559,NODE_F42DC973E618,blackhole,2,B0:CB:D8:F3:32:19,-39,0,374,473,1,1,473,374,99
799259571,NODE_F42DC973E618,blackhole,2,B0:CB:D8:F3:32:19,-39,0,374,473,1,1,473,374,99
799359568,NODE_F42DC973E618,blackhole,2,B0:CB:D8:F3:32:19,-39,0,374,473,1,1,473,374,99
799459563,NODE_F42DC973E618,blackhole,2,B0:CB:D8:F3:32:19,-39,0,374,473,1,1,473,374,99
799559555,NODE_F42DC973E618,blackhole,2,B0:CB:D8:F3:32:19,-39,0,374,473,1,1,473,374,99
799659568,NODE_F42DC973E618,blackhole,2,B0:CB:D8:F3:32:19,-39,0,374,473,1,1,473,374,99
799759563,NODE_F42DC973E618,blackhole,2,B0:CB:D8:F3:32:19,-39,0,374,473,1,1,473,374,99
799859563,NODE_F42DC973E618,blackhole,2,B0:CB:D8:F3:32:19,-39,0,374,474,1,1,474,374,100
799959568,NODE_F42DC973E618,blackhole,2,B0:CB:D8:F3:32:19,-39,0,374,474,1,1,474,374,100
800059567,NODE_F42DC973E618,blackhole,2,B0:CB:D8:F3:32:19,-39,0,374,474,1,1,474,374,100
800159559,NODE_F42DC973E618,blackhole,2,B0:CB:D8:F3:32:19,-39,0,374,474,1,1,474,374,100
800259576,NODE_F42DC973E618,blackhole,2,B0:CB:D8:F3:32:19,-39,0,374,474,1,1,474,374,100
800359567,NODE_F42DC973E618,blackhole,2,B0:CB:D8:F3:32:19,-39,0,374,474,1,1,474,374,100
800459563,NODE_F42DC973E618,blackhole,2,B0:CB:D8:F3:32:19,-39,0,374,474,1,1,474,374,100
800559556,NODE_F42DC973E618,blackhole,2,B0:CB:D8:F3:32:19,-39,0,374,474,1,1,474,374,100
800659567,NODE_F42DC973E618,blackhole,2,B0:CB:D8:F3:32:19,-39,0,374,474,1,1,474,374,100
800759559,NODE_F42DC973E618,blackhole,2,B0:CB:D8:F3:32:19,-39,0,374,474,1,1,474,374,100
800859564,NODE_F42DC973E618,blackhole,2,B0:CB:D8:F3:32:19,-39,0,374,475,1,1,475,374,101
800959571,NODE_F42DC973E618,blackhole,2,B0:CB:D8:F3:32:19,-39,0,374,475,1,1,475,374,101
801059567,NODE_F42DC973E618,blackhole,2,B0:CB:D8:F3:32:19,-41,0,374,475,1,1,475,374,101
801159560,NODE_F42DC973E618,blackhole,2,B0:CB:D8:F3:32:19,-41,0,374,475,1,1,475,374,101
801259567,NODE_F42DC973E618,blackhole,2,B0:CB:D8:F3:32:19,-41,0,374,475,1,1,475,374,101
801359567,NODE_F42DC973E618,blackhole,2,B0:CB:D8:F3:32:19,-41,0,374,475,1,1,475,374,101
801459564,NODE_F42DC973E618,blackhole,2,B0:CB:D8:F3:32:19,-41,0,374,475,1,1,475,374,101
801559555,NODE_F42DC973E618,blackhole,2,B0:CB:D8:F3:32:19,-41,0,374,475,1,1,475,374,101
801659567,NODE_F42DC973E618,blackhole,2,B0:CB:D8:F3:32:19,-41,0,374,475,1,1,475,374,101
801759568,NODE_F42DC973E618,blackhole,2,B0:CB:D8:F3:32:19,-41,0,374,475,1,1,475,374,101
801859563,NODE_F42DC973E618,blackhole,2,B0:CB:D8:F3:32:19,-41,0,374,476,1,1,476,374,102
801959567,NODE_F42DC973E618,blackhole,2,B0:CB:D8:F3:32:19,-41,0,374,476,1,1,476,374,102
802059572,NODE_F42DC973E618,blackhole,2,B0:CB:D8:F3:32:19,-41,0,374,476,1,1,476,374,102
802159575,NODE_F42DC973E618,blackhole,2,B0:CB:D8:F3:32:19,-43,0,374,476,1,1,476,374,102
802259567,NODE_F42DC973E618,blackhole,2,B0:CB:D8:F3:32:19,-43,0,374,476,1,1,476,374,102
802359568,NODE_F42DC973E618,blackhole,2,B0:CB:D8:F3:32:19,-43,0,374,476,1,1,476,374,102
802459563,NODE_F42DC973E618,blackhole,2,B0:CB:D8:F3:32:19,-43,0,374,476,1,1,476,374,102
802559555,NODE_F42DC973E618,blackhole,2,B0:CB:D8:F3:32:19,-43,0,374,476,1,1,476,374,102
802659568,NODE_F42DC973E618,blackhole,2,B0:CB:D8:F3:32:19,-43,0,374,476,1,1,476,374,102
802759567,NODE_F42DC973E618,blackhole,2,B0:CB:D8:F3:32:19,-43,0,374,476,1,1,476,374,102
802859563,NODE_F42DC973E618,blackhole,2,B0:CB:D8:F3:32:19,-43,0,374,477,1,1,477,374,103
802959568,NODE_F42DC973E618,blackhole,2,B0:CB:D8:F3:32:19,-43,0,374,477,1,1,477,374,103
803059563,NODE_F42DC973E618,blackhole,2,B0:CB:D8:F3:32:19,-43,0,374,477,1,1,477,374,103
803159563,NODE_F42DC973E618,blackhole,2,B0:CB:D8:F3:32:19,-39,0,374,477,1,1,477,374,103
803259576,NODE_F42DC973E618,blackhole,2,B0:CB:D8:F3:32:19,-39,0,374,477,1,1,477,374,103
803359567,NODE_F42DC973E618,blackhole,2,B0:CB:D8:F3:32:19,-39,0,374,477,1,1,477,374,103
803459567,NODE_F42DC973E618,blackhole,2,B0:CB:D8:F3:32:19,-39,0,374,477,1,1,477,374,103
803559556,NODE_F42DC973E618,blackhole,2,B0:CB:D8:F3:32:19,-39,0,374,477,1,1,477,374,103
803659559,NODE_F42DC973E618,blackhole,2,B0:CB:D8:F3:32:19,-39,0,374,477,1,1,477,374,103
803759567,NODE_F42DC973E618,blackhole,2,B0:CB:D8:F3:32:19,-39,0,374,477,1,1,477,374,103
803859564,NODE_F42DC973E618,blackhole,2,B0:CB:D8:F3:32:19,-39,0,374,478,1,1,478,374,104
803959567,NODE_F42DC973E618,blackhole,2,B0:CB:D8:F3:32:19,-39,0,374,478,1,1,478,374,104
804059563,NODE_F42DC973E618,blackhole,2,B0:CB:D8:F3:32:19,-39,0,374,478,1,1,478,374,104
804159564,NODE_F42DC973E618,blackhole,2,B0:CB:D8:F3:32:19,-38,0,374,478,1,1,478,374,104
804259563,NODE_F42DC973E618,blackhole,2,B0:CB:D8:F3:32:19,-38,0,374,478,1,1,478,374,104
804359571,NODE_F42DC973E618,blackhole,2,B0:CB:D8:F3:32:19,-38,0,374,478,1,1,478,374,104
804459568,NODE_F42DC973E618,blackhole,2,B0:CB:D8:F3:32:19,-38,0,374,478,1,1,478,374,104
804559555,NODE_F42DC973E618,blackhole,2,B0:CB:D8:F3:32:19,-38,0,374,478,1,1,478,374,104
804659563,NODE_F42DC973E618,blackhole,2,B0:CB:D8:F3:32:19,-38,0,374,478,1,1,478,374,104
804759564,NODE_F42DC973E618,blackhole,2,B0:CB:D8:F3:32:19,-38,0,374,478,1,1,478,374,104
804859563,NODE_F42DC973E618,blackhole,2,B0:CB:D8:F3:32:19,-38,0,374,479,1,1,479,374,105
804959571,NODE_F42DC973E618,blackhole,2,B0:CB:D8:F3:32:19,-38,0,374,479,1,1,479,374,105
805059560,NODE_F42DC973E618,blackhole,2,B0:CB:D8:F3:32:19,-38,0,374,479,1,1,479,374,105
805159563,NODE_F42DC973E618,blackhole,2,B0:CB:D8:F3:32:19,-42,0,374,479,1,1,479,374,105
805259567,NODE_F42DC973E618,blackhole,2,B0:CB:D8:F3:32:19,-42,0,374,479,1,1,479,374,105
805359568,NODE_F42DC973E618,blackhole,2,B0:CB:D8:F3:32:19,-42,0,374,479,1,1,479,374,105
805459567,NODE_F42DC973E618,blackhole,2,B0:CB:D8:F3:32:19,-42,0,374,479,1,1,479,374,105
805559555,NODE_F42DC973E618,blackhole,2,B0:CB:D8:F3:32:19,-42,0,374,479,1,1,479,374,105
805659564,NODE_F42DC973E618,blackhole,2,B0:CB:D8:F3:32:19,-42,0,374,479,1,1,479,374,105
805759563,NODE_F42DC973E618,blackhole,2,B0:CB:D8:F3:32:19,-42,0,374,479,1,1,479,374,105
805859563,NODE_F42DC973E618,blackhole,2,B0:CB:D8:F3:32:19,-42,0,374,480,1,1,480,374,106
805959568,NODE_F42DC973E618,blackhole,2,B0:CB:D8:F3:32:19,-42,0,374,480,1,1,480,374,106
806059567,NODE_F42DC973E618,blackhole,2,B0:CB:D8:F3:32:19,-42,0,374,480,1,1,480,374,106
806159563,NODE_F42DC973E618,blackhole,2,B0:CB:D8:F3:32:19,-38,0,374,480,1,1,480,374,106
806259576,NODE_F42DC973E618,blackhole,2,B0:CB:D8:F3:32:19,-38,0,374,480,1,1,480,374,106
806359567,NODE_F42DC973E618,blackhole,2,B0:CB:D8:F3:32:19,-38,0,374,480,1,1,480,374,106
806459567,NODE_F42DC973E618,blackhole,2,B0:CB:D8:F3:32:19,-38,0,374,480,1,1,480,374,106
806559564,NODE_F42DC973E618,blackhole,2,B0:CB:D8:F3:32:19,-38,0,374,480,1,1,480,374,106
806659563,NODE_F42DC973E618,blackhole,2,B0:CB:D8:F3:32:19,-38,0,374,480,1,1,480,374,106
806759567,NODE_F42DC973E618,blackhole,2,B0:CB:D8:F3:32:19,-38,0,374,480,1,1,480,374,106
806859564,NODE_F42DC973E618,blackhole,2,B0:CB:D8:F3:32:19,-38,0,374,481,1,1,481,374,107
806959567,NODE_F42DC973E618,blackhole,2,B0:CB:D8:F3:32:19,-38,0,374,481,1,1,481,374,107
807059563,NODE_F42DC973E618,blackhole,2,B0:CB:D8:F3:32:19,-38,0,374,481,1,1,481,374,107
807159556,NODE_F42DC973E618,blackhole,2,B0:CB:D8:F3:32:19,-38,0,374,481,1,1,481,374,107
807259567,NODE_F42DC973E618,blackhole,2,B0:CB:D8:F3:32:19,-42,0,374,481,1,1,481,374,107
807359571,NODE_F42DC973E618,blackhole,2,B0:CB:D8:F3:32:19,-42,0,374,481,1,1,481,374,107
807459568,NODE_F42DC973E618,blackhole,2,B0:CB:D8:F3:32:19,-42,0,374,481,1,1,481,374,107
807559567,NODE_F42DC973E618,blackhole,2,B0:CB:D8:F3:32:19,-42,0,374,481,1,1,481,374,107
807659563,NODE_F42DC973E618,blackhole,2,B0:CB:D8:F3:32:19,-42,0,374,481,1,1,481,374,107
807759560,NODE_F42DC973E618,blackhole,2,B0:CB:D8:F3:32:19,-42,0,374,481,1,1,481,374,107
807859563,NODE_F42DC973E618,blackhole,2,B0:CB:D8:F3:32:19,-42,0,374,482,1,1,482,374,108
807959571,NODE_F42DC973E618,blackhole,2,B0:CB:D8:F3:32:19,-42,0,374,482,1,1,482,374,108
808059564,NODE_F42DC973E618,blackhole,2,B0:CB:D8:F3:32:19,-42,0,374,482,1,1,482,374,108
808159555,NODE_F42DC973E618,blackhole,2,B0:CB:D8:F3:32:19,-42,0,374,482,1,1,482,374,108
808259567,NODE_F42DC973E618,blackhole,2,B0:CB:D8:F3:32:19,-38,0,374,482,1,1,482,374,108
808359568,NODE_F42DC973E618,blackhole,2,B0:CB:D8:F3:32:19,-38,0,374,482,1,1,482,374,108
808459567,NODE_F42DC973E618,blackhole,2,B0:CB:D8:F3:32:19,-38,0,374,482,1,1,482,374,108
808559567,NODE_F42DC973E618,blackhole,2,B0:CB:D8:F3:32:19,-38,0,374,482,1,1,482,374,108
808659564,NODE_F42DC973E618,blackhole,2,B0:CB:D8:F3:32:19,-38,0,374,482,1,1,482,374,108
808759563,NODE_F42DC973E618,blackhole,2,B0:CB:D8:F3:32:19,-38,0,374,482,1,1,482,374,108
808859563,NODE_F42DC973E618,blackhole,2,B0:CB:D8:F3:32:19,-38,0,374,483,1,1,483,374,109
808959568,NODE_F42DC973E618,blackhole,2,B0:CB:D8:F3:32:19,-38,0,374,483,1,1,483,374,109
809059567,NODE_F42DC973E618,blackhole,2,B0:CB:D8:F3:32:19,-38,0,374,483,1,1,483,374,109
809159575,NODE_F42DC973E618,blackhole,2,B0:CB:D8:F3:32:19,-38,0,374,483,1,1,483,374,109
809259576,NODE_F42DC973E618,blackhole,2,B0:CB:D8:F3:32:19,-38,0,374,483,1,1,483,374,109
809359567,NODE_F42DC973E618,blackhole,2,B0:CB:D8:F3:32:19,-38,0,374,483,1,1,483,374,109
809459567,NODE_F42DC973E618,blackhole,2,B0:CB:D8:F3:32:19,-38,0,374,483,1,1,483,374,109
809559568,NODE_F42DC973E618,blackhole,2,B0:CB:D8:F3:32:19,-38,0,374,483,1,1,483,374,109
809659563,NODE_F42DC973E618,blackhole,2,B0:CB:D8:F3:32:19,-38,0,374,483,1,1,483,374,109
809759559,NODE_F42DC973E618,blackhole,2,B0:CB:D8:F3:32:19,-38,0,374,483,1,1,483,374,109
809859564,NODE_F42DC973E618,blackhole,2,B0:CB:D8:F3:32:19,-38,0,374,484,1,1,484,374,110
809959567,NODE_F42DC973E618,blackhole,2,B0:CB:D8:F3:32:19,-38,0,374,484,1,1,484,374,110
810059563,NODE_F42DC973E618,blackhole,2,B0:CB:D8:F3:32:19,-38,0,374,484,1,1,484,374,110
810159556,NODE_F42DC973E618,blackhole,2,B0:CB:D8:F3:32:19,-38,0,374,484,1,1,484,374,110
810259571,NODE_F42DC973E618,blackhole,2,B0:CB:D8:F3:32:19,-42,0,374,484,1,1,484,374,110
810359563,NODE_F42DC973E618,blackhole,2,B0:CB:D8:F3:32:19,-42,0,374,484,1,1,484,374,110
810459560,NODE_F42DC973E618,blackhole,2,B0:CB:D8:F3:32:19,-42,0,374,484,1,1,484,374,110
810559567,NODE_F42DC973E618,blackhole,2,B0:CB:D8:F3:32:19,-42,0,374,484,1,1,484,374,110
810659563,NODE_F42DC973E618,blackhole,2,B0:CB:D8:F3:32:19,-42,0,374,484,1,1,484,374,110
810759564,NODE_F42DC973E618,blackhole,2,B0:CB:D8:F3:32:19,-42,0,374,484,1,1,484,374,110
810859563,NODE_F42DC973E618,blackhole,2,B0:CB:D8:F3:32:19,-42,0,374,485,1,1,485,374,111
810959567,NODE_F42DC973E618,blackhole,2,B0:CB:D8:F3:32:19,-42,0,374,485,1,1,485,374,111
811059564,NODE_F42DC973E618,blackhole,2,B0:CB:D8:F3:32:19,-42,0,374,485,1,1,485,374,111
811159559,NODE_F42DC973E618,blackhole,2,B0:CB:D8:F3:32:19,-42,0,374,485,1,1,485,374,111
811259563,NODE_F42DC973E618,blackhole,2,B0:CB:D8:F3:32:19,-42,0,374,485,1,1,485,374,111
811359572,NODE_F42DC973E618,blackhole,2,B0:CB:D8:F3:32:19,-40,0,374,485,1,1,485,374,111
811459567,NODE_F42DC973E618,blackhole,2,B0:CB:D8:F3:32:19,-40,0,374,485,1,1,485,374,111
811559559,NODE_F42DC973E618,blackhole,2,B0:CB:D8:F3:32:19,-40,0,374,485,1,1,485,374,111
811659568,NODE_F42DC973E618,blackhole,2,B0:CB:D8:F3:32:19,-40,0,374,485,1,1,485,374,111
811759563,NODE_F42DC973E618,blackhole,2,B0:CB:D8:F3:32:19,-40,0,374,485,1,1,485,374,111
811859563,NODE_F42DC973E618,blackhole,2,B0:CB:D8:F3:32:19,-40,0,374,486,1,1,486,374,112
811959572,NODE_F42DC973E618,blackhole,2,B0:CB:D8:F3:32:19,-40,0,374,486,1,1,486,374,112
812059559,NODE_F42DC973E618,blackhole,2,B0:CB:D8:F3:32:19,-40,0,374,486,1,1,486,374,112
812159555,NODE_F42DC973E618,blackhole,2,B0:CB:D8:F3:32:19,-40,0,374,486,1,1,486,374,112
812259576,NODE_F42DC973E618,blackhole,2,B0:CB:D8:F3:32:19,-40,0,374,486,1,1,486,374,112
812359567,NODE_F42DC973E618,blackhole,2,B0:CB:D8:F3:32:19,-42,0,374,486,1,1,486,374,112
812459567,NODE_F42DC973E618,blackhole,2,B0:CB:D8:F3:32:19,-42,0,374,486,1,1,486,374,112
812559560,NODE_F42DC973E618,blackhole,2,B0:CB:D8:F3:32:19,-42,0,374,486,1,1,486,374,112
812659567,NODE_F42DC973E618,blackhole,2,B0:CB:D8:F3:32:19,-42,0,374,486,1,1,486,374,112
812759559,NODE_F42DC973E618,blackhole,2,B0:CB:D8:F3:32:19,-42,0,374,486,1,1,486,374,112
812859564,NODE_F42DC973E618,blackhole,2,B0:CB:D8:F3:32:19,-42,0,374,487,1,1,487,374,113
812959571,NODE_F42DC973E618,blackhole,2,B0:CB:D8:F3:32:19,-42,0,374,487,1,1,487,374,113
813059567,NODE_F42DC973E618,blackhole,2,B0:CB:D8:F3:32:19,-42,0,374,487,1,1,487,374,113
813159556,NODE_F42DC973E618,blackhole,2,B0:CB:D8:F3:32:19,-42,0,374,487,1,1,487,374,113
813259563,NODE_F42DC973E618,blackhole,2,B0:CB:D8:F3:32:19,-42,0,374,487,1,1,487,374,113
813359567,NODE_F42DC973E618,blackhole,2,B0:CB:D8:F3:32:19,-40,0,374,487,1,1,487,374,113
813459568,NODE_F42DC973E618,blackhole,2,B0:CB:D8:F3:32:19,-40,0,374,487,1,1,487,374,113
813559559,NODE_F42DC973E618,blackhole,2,B0:CB:D8:F3:32:19,-40,0,374,487,1,1,487,374,113
813659567,NODE_F42DC973E618,blackhole,2,B0:CB:D8:F3:32:19,-40,0,374,487,1,1,487,374,113
813759560,NODE_F42DC973E618,blackhole,2,B0:CB:D8:F3:32:19,-40,0,374,487,1,1,487,374,113
813859563,NODE_F42DC973E618,blackhole,2,B0:CB:D8:F3:32:19,-40,0,374,488,1,1,488,374,114
813959571,NODE_F42DC973E618,blackhole,2,B0:CB:D8:F3:32:19,-40,0,374,488,1,1,488,374,114
814059564,NODE_F42DC973E618,blackhole,2,B0:CB:D8:F3:32:19,-40,0,374,488,1,1,488,374,114
814159555,NODE_F42DC973E618,blackhole,2,B0:CB:D8:F3:32:19,-40,0,374,488,1,1,488,374,114
814259567,NODE_F42DC973E618,blackhole,2,B0:CB:D8:F3:32:19,-40,0,374,488,1,1,488,374,114
814359568,NODE_F42DC973E618,blackhole,2,B0:CB:D8:F3:32:19,-39,0,374,488,1,1,488,374,114
814459567,NODE_F42DC973E618,blackhole,2,B0:CB:D8:F3:32:19,-39,0,374,488,1,1,488,374,114
814559555,NODE_F42DC973E618,blackhole,2,B0:CB:D8:F3:32:19,-39,0,374,488,1,1,488,374,114
814659568,NODE_F42DC973E618,blackhole,2,B0:CB:D8:F3:32:19,-39,0,374,488,1,1,488,374,114
814759563,NODE_F42DC973E618,blackhole,2,B0:CB:D8:F3:32:19,-39,0,374,488,1,1,488,374,114
814859563,NODE_F42DC973E618,blackhole,2,B0:CB:D8:F3:32:19,-39,0,374,489,1,1,489,374,115
814959576,NODE_F42DC973E618,blackhole,2,B0:CB:D8:F3:32:19,-39,0,374,489,1,1,489,374,115
815059559,NODE_F42DC973E618,blackhole,2,B0:CB:D8:F3:32:19,-39,0,374,489,1,1,489,374,115
815159555,NODE_F42DC973E618,blackhole,2,B0:CB:D8:F3:32:19,-39,0,374,489,1,1,489,374,115
815259572,NODE_F42DC973E618,blackhole,2,B0:CB:D8:F3:32:19,-39,0,374,489,1,1,489,374,115
815359563,NODE_F42DC973E618,blackhole,2,B0:CB:D8:F3:32:19,-39,0,374,489,1,1,489,374,115
815459567,NODE_F42DC973E618,blackhole,2,B0:CB:D8:F3:32:19,-38,0,374,489,1,1,489,374,115
815559560,NODE_F42DC973E618,blackhole,2,B0:CB:D8:F3:32:19,-38,0,374,489,1,1,489,374,115
815659567,NODE_F42DC973E618,blackhole,2,B0:CB:D8:F3:32:19,-38,0,374,489,1,1,489,374,115
815759567,NODE_F42DC973E618,blackhole,2,B0:CB:D8:F3:32:19,-38,0,374,489,1,1,489,374,115
815859564,NODE_F42DC973E618,blackhole,2,B0:CB:D8:F3:32:19,-38,0,374,490,1,1,490,374,116
815959567,NODE_F42DC973E618,blackhole,2,B0:CB:D8:F3:32:19,-38,0,374,490,1,1,490,374,116
816059571,NODE_F42DC973E618,blackhole,2,B0:CB:D8:F3:32:19,-38,0,374,490,1,1,490,374,116
816159576,NODE_F42DC973E618,blackhole,2,B0:CB:D8:F3:32:19,-38,0,374,490,1,1,490,374,116
816259563,NODE_F42DC973E618,blackhole,2,B0:CB:D8:F3:32:19,-38,0,374,490,1,1,490,374,116
816359559,NODE_F42DC973E618,blackhole,2,B0:CB:D8:F3:32:19,-38,0,374,490,1,1,490,374,116
816459568,NODE_F42DC973E618,blackhole,2,B0:CB:D8:F3:32:19,-42,0,374,490,1,1,490,374,116
816559559,NODE_F42DC973E618,blackhole,2,B0:CB:D8:F3:32:19,-42,0,374,490,1,1,490,374,116
816659567,NODE_F42DC973E618,blackhole,2,B0:CB:D8:F3:32:19,-42,0,374,490,1,1,490,374,116
816759670,NODE_F42DC973E618,blackhole,2,B0:CB:D8:F3:32:19,-42,0,374,490,1,1,490,374,116
816859563,NODE_F42DC973E618,blackhole,2,B0:CB:D8:F3:32:19,-42,0,374,491,1,1,491,374,117
816959567,NODE_F42DC973E618,blackhole,2,B0:CB:D8:F3:32:19,-42,0,374,491,1,1,491,374,117
817059568,NODE_F42DC973E618,blackhole,2,B0:CB:D8:F3:32:19,-42,0,374,491,1,1,491,374,117
817159555,NODE_F42DC973E618,blackhole,2,B0:CB:D8:F3:32:19,-42,0,374,491,1,1,491,374,117
817259567,NODE_F42DC973E618,blackhole,2,B0:CB:D8:F3:32:19,-42,0,374,491,1,1,491,374,117
817359564,NODE_F42DC973E618,blackhole,2,B0:CB:D8:F3:32:19,-42,0,374,491,1,1,491,374,117
817459567,NODE_F42DC973E618,blackhole,2,B0:CB:D8:F3:32:19,-42,0,374,491,1,1,491,374,117
817559559,NODE_F42DC973E618,blackhole,2,B0:CB:D8:F3:32:19,-42,0,374,491,1,1,491,374,117
817659568,NODE_F42DC973E618,blackhole,2,B0:CB:D8:F3:32:19,-42,0,374,491,1,1,491,374,117
817759567,NODE_F42DC973E618,blackhole,2,B0:CB:D8:F3:32:19,-42,0,374,491,1,1,491,374,117
817859563,NODE_F42DC973E618,blackhole,2,B0:CB:D8:F3:32:19,-42,0,374,492,1,1,492,374,118
817959568,NODE_F42DC973E618,blackhole,2,B0:CB:D8:F3:32:19,-42,0,374,492,1,1,492,374,118
818059567,NODE_F42DC973E618,blackhole,2,B0:CB:D8:F3:32:19,-42,0,374,492,1,1,492,374,118
818159555,NODE_F42DC973E618,blackhole,2,B0:CB:D8:F3:32:19,-42,0,374,492,1,1,492,374,118
818259576,NODE_F42DC973E618,blackhole,2,B0:CB:D8:F3:32:19,-42,0,374,492,1,1,492,374,118
818359563,NODE_F42DC973E618,blackhole,2,B0:CB:D8:F3:32:19,-42,0,374,492,1,1,492,374,118
818459563,NODE_F42DC973E618,blackhole,2,B0:CB:D8:F3:32:19,-42,0,374,492,1,1,492,374,118
818559560,NODE_F42DC973E618,blackhole,2,B0:CB:D8:F3:32:19,-42,0,374,492,1,1,492,374,118
818659567,NODE_F42DC973E618,blackhole,2,B0:CB:D8:F3:32:19,-42,0,374,492,1,1,492,374,118
818759567,NODE_F42DC973E618,blackhole,2,B0:CB:D8:F3:32:19,-42,0,374,492,1,1,492,374,118
818859564,NODE_F42DC973E618,blackhole,2,B0:CB:D8:F3:32:19,-42,0,374,493,1,1,493,374,119
818959571,NODE_F42DC973E618,blackhole,2,B0:CB:D8:F3:32:19,-42,0,374,493,1,1,493,374,119
819059567,NODE_F42DC973E618,blackhole,2,B0:CB:D8:F3:32:19,-42,0,374,493,1,1,493,374,119
819159556,NODE_F42DC973E618,blackhole,2,B0:CB:D8:F3:32:19,-42,0,374,493,1,1,493,374,119
819259559,NODE_F42DC973E618,blackhole,2,B0:CB:D8:F3:32:19,-42,0,374,493,1,1,493,374,119
819359559,NODE_F42DC973E618,blackhole,2,B0:CB:D8:F3:32:19,-42,0,374,493,1,1,493,374,119
819459564,NODE_F42DC973E618,blackhole,2,B0:CB:D8:F3:32:19,-42,0,374,493,1,1,493,374,119
819559563,NODE_F42DC973E618,blackhole,2,B0:CB:D8:F3:32:19,-42,0,374,493,1,1,493,374,119
819659567,NODE_F42DC973E618,blackhole,2,B0:CB:D8:F3:32:19,-42,0,374,493,1,1,493,374,119
819759568,NODE_F42DC973E618,blackhole,2,B0:CB:D8:F3:32:19,-42,0,374,493,1,1,493,374,119
819859563,NODE_F42DC973E618,blackhole,2,B0:CB:D8:F3:32:19,-42,0,374,494,1,1,494,374,120
819959567,NODE_F42DC973E618,blackhole,2,B0:CB:D8:F3:32:19,-42,0,374,494,1,1,494,374,120
820059568,NODE_F42DC973E618,blackhole,2,B0:CB:D8:F3:32:19,-42,0,374,494,1,1,494,374,120
820159559,NODE_F42DC973E618,blackhole,2,B0:CB:D8:F3:32:19,-42,0,374,494,1,1,494,374,120
820259563,NODE_F42DC973E618,blackhole,2,B0:CB:D8:F3:32:19,-42,0,374,494,1,1,494,374,120
820359564,NODE_F42DC973E618,blackhole,2,B0:CB:D8:F3:32:19,-42,0,374,494,1,1,494,374,120
820459559,NODE_F42DC973E618,blackhole,2,B0:CB:D8:F3:32:19,-42,0,374,494,1,1,494,374,120
820559563,NODE_F42DC973E618,blackhole,2,B0:CB:D8:F3:32:19,-43,0,374,494,1,1,494,374,120
820659572,NODE_F42DC973E618,blackhole,2,B0:CB:D8:F3:32:19,-43,0,374,494,1,1,494,374,120
820759567,NODE_F42DC973E618,blackhole,2,B0:CB:D8:F3:32:19,-43,0,374,494,1,1,494,374,120
820859563,NODE_F42DC973E618,blackhole,2,B0:CB:D8:F3:32:19,-43,0,374,495,1,1,495,374,121
820959568,NODE_F42DC973E618,blackhole,2,B0:CB:D8:F3:32:19,-43,0,374,495,1,1,495,374,121
821059563,NODE_F42DC973E618,blackhole,2,B0:CB:D8:F3:32:19,-43,0,374,495,1,1,495,374,121
821159555,NODE_F42DC973E618,blackhole,2,B0:CB:D8:F3:32:19,-43,0,374,495,1,1,495,374,121
821259572,NODE_F42DC973E618,blackhole,2,B0:CB:D8:F3:32:19,-43,0,374,495,1,1,495,374,121
821359563,NODE_F42DC973E618,blackhole,2,B0:CB:D8:F3:32:19,-43,0,374,495,1,1,495,374,121
821459563,NODE_F42DC973E618,blackhole,2,B0:CB:D8:F3:32:19,-43,0,374,495,1,1,495,374,121
821559564,NODE_F42DC973E618,blackhole,2,B0:CB:D8:F3:32:19,-39,0,374,495,1,1,495,374,121
821659567,NODE_F42DC973E618,blackhole,2,B0:CB:D8:F3:32:19,-39,0,374,495,1,1,495,374,121
821759567,NODE_F42DC973E618,blackhole,2,B0:CB:D8:F3:32:19,-39,0,374,495,1,1,495,374,121
821859564,NODE_F42DC973E618,blackhole,2,B0:CB:D8:F3:32:19,-39,0,374,496,1,1,496,374,122
821959567,NODE_F42DC973E618,blackhole,2,B0:CB:D8:F3:32:19,-39,0,374,496,1,1,496,374,122
822059563,NODE_F42DC973E618,blackhole,2,B0:CB:D8:F3:32:19,-39,0,374,496,1,1,496,374,122
822159560,NODE_F42DC973E618,blackhole,2,B0:CB:D8:F3:32:19,-39,0,374,496,1,1,496,374,122
822259563,NODE_F42DC973E618,blackhole,2,B0:CB:D8:F3:32:19,-39,0,374,496,1,1,496,374,122
822359567,NODE_F42DC973E618,blackhole,2,B0:CB:D8:F3:32:19,-39,0,374,496,1,1,496,374,122
822459564,NODE_F42DC973E618,blackhole,2,B0:CB:D8:F3:32:19,-39,0,374,496,1,1,496,374,122
822559563,NODE_F42DC973E618,blackhole,2,B0:CB:D8:F3:32:19,-42,0,374,496,1,1,496,374,122
822659567,NODE_F42DC973E618,blackhole,2,B0:CB:D8:F3:32:19,-42,0,374,496,1,1,496,374,122
822759564,NODE_F42DC973E618,blackhole,2,B0:CB:D8:F3:32:19,-42,0,374,496,1,1,496,374,122
822859563,NODE_F42DC973E618,blackhole,2,B0:CB:D8:F3:32:19,-42,0,374,497,1,1,497,374,123
822959567,NODE_F42DC973E618,blackhole,2,B0:CB:D8:F3:32:19,-42,0,374,497,1,1,497,374,123
823059568,NODE_F42DC973E618,blackhole,2,B0:CB:D8:F3:32:19,-42,0,374,497,1,1,497,374,123
823159575,NODE_F42DC973E618,blackhole,2,B0:CB:D8:F3:32:19,-42,0,374,497,1,1,497,374,123
823259563,NODE_F42DC973E618,blackhole,2,B0:CB:D8:F3:32:19,-42,0,374,497,1,1,497,374,123
823359564,NODE_F42DC973E618,blackhole,2,B0:CB:D8:F3:32:19,-42,0,374,497,1,1,497,374,123
823459563,NODE_F42DC973E618,blackhole,2,B0:CB:D8:F3:32:19,-42,0,374,497,1,1,497,374,123
823559555,NODE_F42DC973E618,blackhole,2,B0:CB:D8:F3:32:19,-42,0,374,497,1,1,497,374,123
823659564,NODE_F42DC973E618,blackhole,2,B0:CB:D8:F3:32:19,-39,0,374,497,1,1,497,374,123
823759567,NODE_F42DC973E618,blackhole,2,B0:CB:D8:F3:32:19,-39,0,374,497,1,1,497,374,123
823859563,NODE_F42DC973E618,blackhole,2,B0:CB:D8:F3:32:19,-39,0,374,498,1,1,498,374,124
823959572,NODE_F42DC973E618,blackhole,2,B0:CB:D8:F3:32:19,-39,0,374,498,1,1,498,374,124
824059563,NODE_F42DC973E618,blackhole,2,B0:CB:D8:F3:32:19,-39,0,374,498,1,1,498,374,124
824159555,NODE_F42DC973E618,blackhole,2,B0:CB:D8:F3:32:19,-39,0,374,498,1,1,498,374,124
824259576,NODE_F42DC973E618,blackhole,2,B0:CB:D8:F3:32:19,-39,0,374,498,1,1,498,374,124
824359563,NODE_F42DC973E618,blackhole,2,B0:CB:D8:F3:32:19,-39,0,374,498,1,1,498,374,124
824459563,NODE_F42DC973E618,blackhole,2,B0:CB:D8:F3:32:19,-39,0,374,498,1,1,498,374,124
824559556,NODE_F42DC973E618,blackhole,2,B0:CB:D8:F3:32:19,-39,0,374,498,1,1,498,374,124
824659567,NODE_F42DC973E618,blackhole,2,B0:CB:D8:F3:32:19,-43,0,374,498,1,1,498,374,124
824759567,NODE_F42DC973E618,blackhole,2,B0:CB:D8:F3:32:19,-43,0,374,498,1,1,498,374,124
824859564,NODE_F42DC973E618,blackhole,2,B0:CB:D8:F3:32:19,-43,0,374,499,1,1,499,374,125
824959571,NODE_F42DC973E618,blackhole,2,B0:CB:D8:F3:32:19,-43,0,374,499,1,1,499,374,125
825059559,NODE_F42DC973E618,blackhole,2,B0:CB:D8:F3:32:19,-43,0,374,499,1,1,499,374,125
825159556,NODE_F42DC973E618,blackhole,2,B0:CB:D8:F3:32:19,-43,0,374,499,1,1,499,374,125
825259567,NODE_F42DC973E618,blackhole,2,B0:CB:D8:F3:32:19,-43,0,374,499,1,1,499,374,125
825359567,NODE_F42DC973E618,blackhole,2,B0:CB:D8:F3:32:19,-43,0,374,499,1,1,499,374,125
825459568,NODE_F42DC973E618,blackhole,2,B0:CB:D8:F3:32:19,-43,0,374,499,1,1,499,374,125
825559555,NODE_F42DC973E618,blackhole,2,B0:CB:D8:F3:32:19,-43,0,374,499,1,1,499,374,125
825659567,NODE_F42DC973E618,blackhole,2,B0:CB:D8:F3:32:19,-38,0,374,499,1,1,499,374,125
825759564,NODE_F42DC973E618,blackhole,2,B0:CB:D8:F3:32:19,-38,0,374,499,1,1,499,374,125
825859563,NODE_F42DC973E618,blackhole,2,B0:CB:D8:F3:32:19,-38,0,374,500,1,1,500,374,126
825959575,NODE_F42DC973E618,blackhole,2,B0:CB:D8:F3:32:19,-38,0,374,500,1,1,500,374,126
826059564,NODE_F42DC973E618,blackhole,2,B0:CB:D8:F3:32:19,-38,0,374,500,1,1,500,374,126
826159555,NODE_F42DC973E618,blackhole,2,B0:CB:D8:F3:32:19,-38,0,374,500,1,1,500,374,126
826259567,NODE_F42DC973E618,blackhole,2,B0:CB:D8:F3:32:19,-38,0,374,500,1,1,500,374,126
826359564,NODE_F42DC973E618,blackhole,2,B0:CB:D8:F3:32:19,-38,0,374,500,1,1,500,374,126
826459563,NODE_F42DC973E618,blackhole,2,B0:CB:D8:F3:32:19,-38,0,374,500,1,1,500,374,126
826559555,NODE_F42DC973E618,blackhole,2,B0:CB:D8:F3:32:19,-38,0,374,500,1,1,500,374,126
826659568,NODE_F42DC973E618,blackhole,2,B0:CB:D8:F3:32:19,-39,0,374,500,1,1,500,374,126
826759567,NODE_F42DC973E618,blackhole,2,B0:CB:D8:F3:32:19,-39,0,374,500,1,1,500,374,126
826859563,NODE_F42DC973E618,blackhole,2,B0:CB:D8:F3:32:19,-39,0,374,501,1,1,501,374,127
826959572,NODE_F42DC973E618,blackhole,2,B0:CB:D8:F3:32:19,-39,0,374,501,1,1,501,374,127
827059567,NODE_F42DC973E618,blackhole,2,B0:CB:D8:F3:32:19,-39,0,374,501,1,1,501,374,127
827159555,NODE_F42DC973E618,blackhole,2,B0:CB:D8:F3:32:19,-39,0,374,501,1,1,501,374,127
827259576,NODE_F42DC973E618,blackhole,2,B0:CB:D8:F3:32:19,-39,0,374,501,1,1,501,374,127
827359563,NODE_F42DC973E618,blackhole,2,B0:CB:D8:F3:32:19,-39,0,374,501,1,1,501,374,127
827459563,NODE_F42DC973E618,blackhole,2,B0:CB:D8:F3:32:19,-39,0,374,501,1,1,501,374,127
827559556,NODE_F42DC973E618,blackhole,2,B0:CB:D8:F3:32:19,-39,0,374,501,1,1,501,374,127
827659563,NODE_F42DC973E618,blackhole,2,B0:CB:D8:F3:32:19,-39,0,374,501,1,1,501,374,127
827759563,NODE_F42DC973E618,blackhole,2,B0:CB:D8:F3:32:19,-40,0,374,501,1,1,501,374,127
827859564,NODE_F42DC973E618,blackhole,2,B0:CB:D8:F3:32:19,-40,0,374,502,1,1,502,374,128
827959571,NODE_F42DC973E618,blackhole,2,B0:CB:D8:F3:32:19,-40,0,374,502,1,1,502,374,128
828059567,NODE_F42DC973E618,blackhole,2,B0:CB:D8:F3:32:19,-40,0,374,502,1,1,502,374,128
828159556,NODE_F42DC973E618,blackhole,2,B0:CB:D8:F3:32:19,-40,0,374,502,1,1,502,374,128
828259571,NODE_F42DC973E618,blackhole,2,B0:CB:D8:F3:32:19,-40,0,374,502,1,1,502,374,128
828359559,NODE_F42DC973E618,blackhole,2,B0:CB:D8:F3:32:19,-40,0,374,502,1,1,502,374,128
828459560,NODE_F42DC973E618,blackhole,2,B0:CB:D8:F3:32:19,-40,0,374,502,1,1,502,374,128
828559555,NODE_F42DC973E618,blackhole,2,B0:CB:D8:F3:32:19,-40,0,374,502,1,1,502,374,128
828659563,NODE_F42DC973E618,blackhole,2,B0:CB:D8:F3:32:19,-40,0,374,502,1,1,502,374,128
828759568,NODE_F42DC973E618,blackhole,2,B0:CB:D8:F3:32:19,-42,0,374,502,1,1,502,374,128
828859563,NODE_F42DC973E618,blackhole,2,B0:CB:D8:F3:32:19,-42,0,374,503,1,1,503,374,129
828959571,NODE_F42DC973E618,blackhole,2,B0:CB:D8:F3:32:19,-42,0,374,503,1,1,503,374,129
829059568,NODE_F42DC973E618,blackhole,2,B0:CB:D8:F3:32:19,-42,0,374,503,1,1,503,374,129
829159555,NODE_F42DC973E618,blackhole,2,B0:CB:D8:F3:32:19,-42,0,374,503,1,1,503,374,129
829259559,NODE_F42DC973E618,blackhole,2,B0:CB:D8:F3:32:19,-42,0,374,503,1,1,503,374,129
829359568,NODE_F42DC973E618,blackhole,2,B0:CB:D8:F3:32:19,-42,0,374,503,1,1,503,374,129
829459563,NODE_F42DC973E618,blackhole,2,B0:CB:D8:F3:32:19,-42,0,374,503,1,1,503,374,129
829559555,NODE_F42DC973E618,blackhole,2,B0:CB:D8:F3:32:19,-42,0,374,503,1,1,503,374,129
829659560,NODE_F42DC973E618,blackhole,2,B0:CB:D8:F3:32:19,-42,0,374,503,1,1,503,374,129
829759567,NODE_F42DC973E618,blackhole,2,B0:CB:D8:F3:32:19,-43,0,374,503,1,1,503,374,129
829859563,NODE_F42DC973E618,blackhole,2,B0:CB:D8:F3:32:19,-43,0,374,504,1,1,504,374,130
829959576,NODE_F42DC973E618,blackhole,2,B0:CB:D8:F3:32:19,-43,0,374,504,1,1,504,374,130
830059567,NODE_F42DC973E618,blackhole,2,B0:CB:D8:F3:32:19,-43,0,374,504,1,1,504,374,130
830159575,NODE_F42DC973E618,blackhole,2,B0:CB:D8:F3:32:19,-43,0,374,504,1,1,504,374,130
830259572,NODE_F42DC973E618,blackhole,2,B0:CB:D8:F3:32:19,-43,0,374,504,1,1,504,374,130
830359567,NODE_F42DC973E618,blackhole,2,B0:CB:D8:F3:32:19,-43,0,374,504,1,1,504,374,130
830459563,NODE_F42DC973E618,blackhole,2,B0:CB:D8:F3:32:19,-43,0,374,504,1,1,504,374,130
830559556,NODE_F42DC973E618,blackhole,2,B0:CB:D8:F3:32:19,-43,0,374,504,1,1,504,374,130
830659563,NODE_F42DC973E618,blackhole,2,B0:CB:D8:F3:32:19,-43,0,374,504,1,1,504,374,130
830759567,NODE_F42DC973E618,blackhole,2,B0:CB:D8:F3:32:19,-40,0,374,504,1,1,504,374,130
830859564,NODE_F42DC973E618,blackhole,2,B0:CB:D8:F3:32:19,-40,0,374,505,1,1,505,374,131
830959571,NODE_F42DC973E618,blackhole,2,B0:CB:D8:F3:32:19,-40,0,374,505,1,1,505,374,131
831059567,NODE_F42DC973E618,blackhole,2,B0:CB:D8:F3:32:19,-40,0,374,505,1,1,505,374,131
831159556,NODE_F42DC973E618,blackhole,2,B0:CB:D8:F3:32:19,-40,0,374,505,1,1,505,374,131
831259567,NODE_F42DC973E618,blackhole,2,B0:CB:D8:F3:32:19,-40,0,374,505,1,1,505,374,131
831359567,NODE_F42DC973E618,blackhole,2,B0:CB:D8:F3:32:19,-40,0,374,505,1,1,505,374,131
831459564,NODE_F42DC973E618,blackhole,2,B0:CB:D8:F3:32:19,-40,0,374,505,1,1,505,374,131
831559555,NODE_F42DC973E618,blackhole,2,B0:CB:D8:F3:32:19,-40,0,374,505,1,1,505,374,131
831659563,NODE_F42DC973E618,blackhole,2,B0:CB:D8:F3:32:19,-40,0,374,505,1,1,505,374,131
831759568,NODE_F42DC973E618,blackhole,2,B0:CB:D8:F3:32:19,-40,0,374,505,1,1,505,374,131
831859563,NODE_F42DC973E618,blackhole,2,B0:CB:D8:F3:32:19,-40,0,374,506,1,1,506,374,132
831959567,NODE_F42DC973E618,blackhole,2,B0:CB:D8:F3:32:19,-40,0,374,506,1,1,506,374,132
832059568,NODE_F42DC973E618,blackhole,2,B0:CB:D8:F3:32:19,-40,0,374,506,1,1,506,374,132
832159563,NODE_F42DC973E618,blackhole,2,B0:CB:D8:F3:32:19,-40,0,374,506,1,1,506,374,132
832259567,NODE_F42DC973E618,blackhole,2,B0:CB:D8:F3:32:19,-40,0,374,506,1,1,506,374,132
832359572,NODE_F42DC973E618,blackhole,2,B0:CB:D8:F3:32:19,-40,0,374,506,1,1,506,374,132
832459559,NODE_F42DC973E618,blackhole,2,B0:CB:D8:F3:32:19,-40,0,374,506,1,1,506,374,132
832559559,NODE_F42DC973E618,blackhole,2,B0:CB:D8:F3:32:19,-40,0,374,506,1,1,506,374,132
832659568,NODE_F42DC973E618,blackhole,2,B0:CB:D8:F3:32:19,-40,0,374,506,1,1,506,374,132
832759559,NODE_F42DC973E618,blackhole,2,B0:CB:D8:F3:32:19,-40,0,374,506,1,1,506,374,132
832859563,NODE_F42DC973E618,blackhole,2,B0:CB:D8:F3:32:19,-42,0,374,507,1,1,507,374,133
832959576,NODE_F42DC973E618,blackhole,2,B0:CB:D8:F3:32:19,-42,0,374,507,1,1,507,374,133
833059567,NODE_F42DC973E618,blackhole,2,B0:CB:D8:F3:32:19,-42,0,374,507,1,1,507,374,133
833159567,NODE_F42DC973E618,blackhole,2,B0:CB:D8:F3:32:19,-42,0,374,507,1,1,507,374,133
833259572,NODE_F42DC973E618,blackhole,2,B0:CB:D8:F3:32:19,-42,0,374,507,1,1,507,374,133
833359567,NODE_F42DC973E618,blackhole,2,B0:CB:D8:F3:32:19,-42,0,374,507,1,1,507,374,133
833459563,NODE_F42DC973E618,blackhole,2,B0:CB:D8:F3:32:19,-42,0,374,507,1,1,507,374,133
833559556,NODE_F42DC973E618,blackhole,2,B0:CB:D8:F3:32:19,-42,0,374,507,1,1,507,374,133
833659559,NODE_F42DC973E618,blackhole,2,B0:CB:D8:F3:32:19,-42,0,374,507,1,1,507,374,133
833759559,NODE_F42DC973E618,blackhole,2,B0:CB:D8:F3:32:19,-42,0,374,507,1,1,507,374,133
833859564,NODE_F42DC973E618,blackhole,2,B0:CB:D8:F3:32:19,-40,0,374,508,1,1,508,374,134
833959571,NODE_F42DC973E618,blackhole,2,B0:CB:D8:F3:32:19,-40,0,374,508,1,1,508,374,134
834059571,NODE_F42DC973E618,blackhole,2,B0:CB:D8:F3:32:19,-40,0,374,508,1,1,508,374,134
834159568,NODE_F42DC973E618,blackhole,2,B0:CB:D8:F3:32:19,-40,0,374,508,1,1,508,374,134
834259559,NODE_F42DC973E618,blackhole,2,B0:CB:D8:F3:32:19,-40,0,374,508,1,1,508,374,134
834359559,NODE_F42DC973E618,blackhole,2,B0:CB:D8:F3:32:19,-40,0,374,508,1,1,508,374,134
834459568,NODE_F42DC973E618,blackhole,2,B0:CB:D8:F3:32:19,-40,0,374,508,1,1,508,374,134
834559555,NODE_F42DC973E618,blackhole,2,B0:CB:D8:F3:32:19,-40,0,374,508,1,1,508,374,134
834659563,NODE_F42DC973E618,blackhole,2,B0:CB:D8:F3:32:19,-40,0,374,508,1,1,508,374,134
834759560,NODE_F42DC973E618,blackhole,2,B0:CB:D8:F3:32:19,-40,0,374,508,1,1,508,374,134
834859563,NODE_F42DC973E618,blackhole,2,B0:CB:D8:F3:32:19,-43,0,374,509,1,1,509,374,135
834959571,NODE_F42DC973E618,blackhole,2,B0:CB:D8:F3:32:19,-43,0,374,509,1,1,509,374,135
835059568,NODE_F42DC973E618,blackhole,2,B0:CB:D8:F3:32:19,-43,0,374,509,1,1,509,374,135
835159567,NODE_F42DC973E618,blackhole,2,B0:CB:D8:F3:32:19,-43,0,374,509,1,1,509,374,135
835259567,NODE_F42DC973E618,blackhole,2,B0:CB:D8:F3:32:19,-43,0,374,509,1,1,509,374,135
835359564,NODE_F42DC973E618,blackhole,2,B0:CB:D8:F3:32:19,-43,0,374,509,1,1,509,374,135
835459567,NODE_F42DC973E618,blackhole,2,B0:CB:D8:F3:32:19,-43,0,374,509,1,1,509,374,135
835559555,NODE_F42DC973E618,blackhole,2,B0:CB:D8:F3:32:19,-43,0,374,509,1,1,509,374,135
835659564,NODE_F42DC973E618,blackhole,2,B0:CB:D8:F3:32:19,-43,0,374,509,1,1,509,374,135
835759563,NODE_F42DC973E618,blackhole,2,B0:CB:D8:F3:32:19,-43,0,374,509,1,1,509,374,135
835859968,NODE_F42DC973E618,blackhole,2,B0:CB:D8:F3:32:19,-40,0,374,509,1,1,509,374,135
835959572,NODE_F42DC973E618,blackhole,2,B0:CB:D8:F3:32:19,-40,0,374,510,1,1,510,374,136
836059567,NODE_F42DC973E618,blackhole,2,B0:CB:D8:F3:32:19,-40,0,374,510,1,1,510,374,136
836159563,NODE_F42DC973E618,blackhole,2,B0:CB:D8:F3:32:19,-40,0,374,510,1,1,510,374,136
836259576,NODE_F42DC973E618,blackhole,2,B0:CB:D8:F3:32:19,-40,0,374,510,1,1,510,374,136
836359563,NODE_F42DC973E618,blackhole,2,B0:CB:D8:F3:32:19,-40,0,374,510,1,1,510,374,136
836459567,NODE_F42DC973E618,blackhole,2,B0:CB:D8:F3:32:19,-40,0,374,510,1,1,510,374,136
836559556,NODE_F42DC973E618,blackhole,2,B0:CB:D8:F3:32:19,-40,0,374,510,1,1,510,374,136
836659559,NODE_F42DC973E618,blackhole,2,B0:CB:D8:F3:32:19,-40,0,374,510,1,1,510,374,136
836759563,NODE_F42DC973E618,blackhole,2,B0:CB:D8:F3:32:19,-40,0,374,510,1,1,510,374,136
836860206,NODE_F42DC973E618,blackhole,2,B0:CB:D8:F3:32:19,-40,0,374,510,1,1,510,374,136
836959571,NODE_F42DC973E618,blackhole,2,B0:CB:D8:F3:32:19,-42,0,374,511,1,1,511,374,137
837059567,NODE_F42DC973E618,blackhole,2,B0:CB:D8:F3:32:19,-42,0,374,511,1,1,511,374,137
837159576,NODE_F42DC973E618,blackhole,2,B0:CB:D8:F3:32:19,-42,0,374,511,1,1,511,374,137
837259567,NODE_F42DC973E618,blackhole,2,B0:CB:D8:F3:32:19,-42,0,374,511,1,1,511,374,137
837359559,NODE_F42DC973E618,blackhole,2,B0:CB:D8:F3:32:19,-42,0,374,511,1,1,511,374,137
837459564,NODE_F42DC973E618,blackhole,2,B0:CB:D8:F3:32:19,-42,0,374,511,1,1,511,374,137
837559559,NODE_F42DC973E618,blackhole,2,B0:CB:D8:F3:32:19,-42,0,374,511,1,1,511,374,137
837659559,NODE_F42DC973E618,blackhole,2,B0:CB:D8:F3:32:19,-42,0,374,511,1,1,511,374,137
837759560,NODE_F42DC973E618,blackhole,2,B0:CB:D8:F3:32:19,-42,0,374,511,1,1,511,374,137
837860174,NODE_F42DC973E618,blackhole,2,B0:CB:D8:F3:32:19,-42,0,374,511,1,1,511,374,137
837959571,NODE_F42DC973E618,blackhole,2,B0:CB:D8:F3:32:19,-39,0,374,512,1,1,512,374,138
838059572,NODE_F42DC973E618,blackhole,2,B0:CB:D8:F3:32:19,-39,0,374,512,1,1,512,374,138
838159559,NODE_F42DC973E618,blackhole,2,B0:CB:D8:F3:32:19,-39,0,374,512,1,1,512,374,138
838259567,NODE_F42DC973E618,blackhole,2,B0:CB:D8:F3:32:19,-39,0,374,512,1,1,512,374,138
838359560,NODE_F42DC973E618,blackhole,2,B0:CB:D8:F3:32:19,-39,0,374,512,1,1,512,374,138
838459563,NODE_F42DC973E618,blackhole,2,B0:CB:D8:F3:32:19,-39,0,374,512,1,1,512,374,138
838559559,NODE_F42DC973E618,blackhole,2,B0:CB:D8:F3:32:19,-39,0,374,512,1,1,512,374,138
838659564,NODE_F42DC973E618,blackhole,2,B0:CB:D8:F3:32:19,-39,0,374,512,1,1,512,374,138
838759563,NODE_F42DC973E618,blackhole,2,B0:CB:D8:F3:32:19,-39,0,374,512,1,1,512,374,138
838860171,NODE_F42DC973E618,blackhole,2,B0:CB:D8:F3:32:19,-39,0,374,512,1,1,512,374,138
838959572,NODE_F42DC973E618,blackhole,2,B0:CB:D8:F3:32:19,-38,0,374,513,1,1,513,374,139
839059567,NODE_F42DC973E618,blackhole,2,B0:CB:D8:F3:32:19,-38,0,374,513,1,1,513,374,139
839159559,NODE_F42DC973E618,blackhole,2,B0:CB:D8:F3:32:19,-38,0,374,513,1,1,513,374,139
839259576,NODE_F42DC973E618,blackhole,2,B0:CB:D8:F3:32:19,-38,0,374,513,1,1,513,374,139
839359563,NODE_F42DC973E618,blackhole,2,B0:CB:D8:F3:32:19,-38,0,374,513,1,1,513,374,139
839459560,NODE_F42DC973E618,blackhole,2,B0:CB:D8:F3:32:19,-38,0,374,513,1,1,513,374,139
839559568,NODE_F42DC973E618,blackhole,2,B0:CB:D8:F3:32:19,-38,0,374,513,1,1,513,374,139
839659563,NODE_F42DC973E618,blackhole,2,B0:CB:D8:F3:32:19,-38,0,374,513,1,1,513,374,139
839759559,NODE_F42DC973E618,blackhole,2,B0:CB:D8:F3:32:19,-38,0,374,513,1,1,513,374,139
839860248,NODE_F42DC973E618,blackhole,2,B0:CB:D8:F3:32:19,-38,0,374,513,1,1,513,374,139
839959575,NODE_F42DC973E618,blackhole,2,B0:CB:D8:F3:32:19,-40,0,374,514,1,1,514,374,140
840059567,NODE_F42DC973E618,blackhole,2,B0:CB:D8:F3:32:19,-40,0,374,514,1,1,514,374,140
840159560,NODE_F42DC973E618,blackhole,2,B0:CB:D8:F3:32:19,-40,0,374,514,1,1,514,374,140
840259567,NODE_F42DC973E618,blackhole,2,B0:CB:D8:F3:32:19,-40,0,374,514,1,1,514,374,140
840359559,NODE_F42DC973E618,blackhole,2,B0:CB:D8:F3:32:19,-40,0,374,514,1,1,514,374,140
840459564,NODE_F42DC973E618,blackhole,2,B0:CB:D8:F3:32:19,-40,0,374,514,1,1,514,374,140
840559559,NODE_F42DC973E618,blackhole,2,B0:CB:D8:F3:32:19,-40,0,374,514,1,1,514,374,140
840659563,NODE_F42DC973E618,blackhole,2,B0:CB:D8:F3:32:19,-40,0,374,514,1,1,514,374,140
840759560,NODE_F42DC973E618,blackhole,2,B0:CB:D8:F3:32:19,-40,0,374,514,1,1,514,374,140
840860083,NODE_F42DC973E618,blackhole,2,B0:CB:D8:F3:32:19,-40,0,374,514,1,1,514,374,140
840959567,NODE_F42DC973E618,blackhole,2,B0:CB:D8:F3:32:19,-40,0,374,515,1,1,515,374,141
841059568,NODE_F42DC973E618,blackhole,2,B0:CB:D8:F3:32:19,-42,0,374,515,1,1,515,374,141
841159563,NODE_F42DC973E618,blackhole,2,B0:CB:D8:F3:32:19,-42,0,374,515,1,1,515,374,141
841259563,NODE_F42DC973E618,blackhole,2,B0:CB:D8:F3:32:19,-42,0,374,515,1,1,515,374,141
841359568,NODE_F42DC973E618,blackhole,2,B0:CB:D8:F3:32:19,-42,0,374,515,1,1,515,374,141
841459559,NODE_F42DC973E618,blackhole,2,B0:CB:D8:F3:32:19,-42,0,374,515,1,1,515,374,141
841559555,NODE_F42DC973E618,blackhole,2,B0:CB:D8:F3:32:19,-42,0,374,515,1,1,515,374,141
841659568,NODE_F42DC973E618,blackhole,2,B0:CB:D8:F3:32:19,-42,0,374,515,1,1,515,374,141
841759563,NODE_F42DC973E618,blackhole,2,B0:CB:D8:F3:32:19,-42,0,374,515,1,1,515,374,141
841859950,NODE_F42DC973E618,blackhole,2,B0:CB:D8:F3:32:19,-42,0,374,515,1,1,515,374,141
841959564,NODE_F42DC973E618,blackhole,2,B0:CB:D8:F3:32:19,-42,0,374,516,1,1,516,374,142
842059567,NODE_F42DC973E618,blackhole,2,B0:CB:D8:F3:32:19,-38,0,374,516,1,1,516,374,142
842159559,NODE_F42DC973E618,blackhole,2,B0:CB:D8:F3:32:19,-38,0,374,516,1,1,516,374,142
842259576,NODE_F42DC973E618,blackhole,2,B0:CB:D8:F3:32:19,-38,0,374,516,1,1,516,374,142
842359567,NODE_F42DC973E618,blackhole,2,B0:CB:D8:F3:32:19,-38,0,374,516,1,1,516,374,142
842459563,NODE_F42DC973E618,blackhole,2,B0:CB:D8:F3:32:19,-38,0,374,516,1,1,516,374,142
842559556,NODE_F42DC973E618,blackhole,2,B0:CB:D8:F3:32:19,-38,0,374,516,1,1,516,374,142
842659567,NODE_F42DC973E618,blackhole,2,B0:CB:D8:F3:32:19,-38,0,374,516,1,1,516,374,142
842759559,NODE_F42DC973E618,blackhole,2,B0:CB:D8:F3:32:19,-38,0,374,516,1,1,516,374,142
842860193,NODE_F42DC973E618,blackhole,2,B0:CB:D8:F3:32:19,-38,0,374,516,1,1,516,374,142
842959567,NODE_F42DC973E618,blackhole,2,B0:CB:D8:F3:32:19,-38,0,374,517,1,1,517,374,143
843059567,NODE_F42DC973E618,blackhole,2,B0:CB:D8:F3:32:19,-42,0,374,517,1,1,517,374,143
843159560,NODE_F42DC973E618,blackhole,2,B0:CB:D8:F3:32:19,-42,0,374,517,1,1,517,374,143
843259567,NODE_F42DC973E618,blackhole,2,B0:CB:D8:F3:32:19,-42,0,374,517,1,1,517,374,143
843359571,NODE_F42DC973E618,blackhole,2,B0:CB:D8:F3:32:19,-42,0,374,517,1,1,517,374,143
843459564,NODE_F42DC973E618,blackhole,2,B0:CB:D8:F3:32:19,-42,0,374,517,1,1,517,374,143
843559555,NODE_F42DC973E618,blackhole,2,B0:CB:D8:F3:32:19,-42,0,374,517,1,1,517,374,143
843659567,NODE_F42DC973E618,blackhole,2,B0:CB:D8:F3:32:19,-42,0,374,517,1,1,517,374,143
843759560,NODE_F42DC973E618,blackhole,2,B0:CB:D8:F3:32:19,-42,0,374,517,1,1,517,374,143
843859978,NODE_F42DC973E618,blackhole,2,B0:CB:D8:F3:32:19,-42,0,374,517,1,1,517,374,143
843959571,NODE_F42DC973E618,blackhole,2,B0:CB:D8:F3:32:19,-42,0,374,518,1,1,518,374,144
844059568,NODE_F42DC973E618,blackhole,2,B0:CB:D8:F3:32:19,-39,0,374,518,1,1,518,374,144
844159577,NODE_F42DC973E618,blackhole,2,B0:CB:D8:F3:32:19,-39,0,374,518,1,1,518,374,144
844259575,NODE_F42DC973E618,blackhole,2,B0:CB:D8:F3:32:19,-39,0,374,518,1,1,518,374,144
844359568,NODE_F42DC973E618,blackhole,2,B0:CB:D8:F3:32:19,-39,0,374,518,1,1,518,374,144
844459563,NODE_F42DC973E618,blackhole,2,B0:CB:D8:F3:32:19,-39,0,374,518,1,1,518,374,144
844559555,NODE_F42DC973E618,blackhole,2,B0:CB:D8:F3:32:19,-39,0,374,518,1,1,518,374,144
844659568,NODE_F42DC973E618,blackhole,2,B0:CB:D8:F3:32:19,-39,0,374,518,1,1,518,374,144
844759559,NODE_F42DC973E618,blackhole,2,B0:CB:D8:F3:32:19,-39,0,374,518,1,1,518,374,144
844859555,NODE_F42DC973E618,blackhole,2,B0:CB:D8:F3:32:19,-39,0,374,518,1,1,518,374,144
844959568,NODE_F42DC973E618,blackhole,2,B0:CB:D8:F3:32:19,-39,0,374,519,1,1,519,374,145
845059567,NODE_F42DC973E618,blackhole,2,B0:CB:D8:F3:32:19,-39,0,374,519,1,1,519,374,145
845159563,NODE_F42DC973E618,blackhole,2,B0:CB:D8:F3:32:19,-39,0,374,519,1,1,519,374,145
845259576,NODE_F42DC973E618,blackhole,2,B0:CB:D8:F3:32:19,-39,0,374,519,1,1,519,374,145
845359567,NODE_F42DC973E618,blackhole,2,B0:CB:D8:F3:32:19,-39,0,374,519,1,1,519,374,145
845459567,NODE_F42DC973E618,blackhole,2,B0:CB:D8:F3:32:19,-39,0,374,519,1,1,519,374,145
845559556,NODE_F42DC973E618,blackhole,2,B0:CB:D8:F3:32:19,-39,0,374,519,1,1,519,374,145
845659563,NODE_F42DC973E618,blackhole,2,B0:CB:D8:F3:32:19,-39,0,374,519,1,1,519,374,145
845759563,NODE_F42DC973E618,blackhole,2,B0:CB:D8:F3:32:19,-39,0,374,519,1,1,519,374,145
845859556,NODE_F42DC973E618,blackhole,2,B0:CB:D8:F3:32:19,-39,0,374,519,1,1,519,374,145
845959567,NODE_F42DC973E618,blackhole,2,B0:CB:D8:F3:32:19,-39,0,374,520,1,1,520,374,146
846059563,NODE_F42DC973E618,blackhole,2,B0:CB:D8:F3:32:19,-39,0,374,520,1,1,520,374,146
846159564,NODE_F42DC973E618,blackhole,2,B0:CB:D8:F3:32:19,-40,0,374,520,1,1,520,374,146
846259571,NODE_F42DC973E618,blackhole,2,B0:CB:D8:F3:32:19,-40,0,374,520,1,1,520,374,146
846359567,NODE_F42DC973E618,blackhole,2,B0:CB:D8:F3:32:19,-40,0,374,520,1,1,520,374,146
846459565,NODE_F42DC973E618,blackhole,2,B0:CB:D8:F3:32:19,-40,0,374,520,1,1,520,374,146
846559559,NODE_F42DC973E618,blackhole,2,B0:CB:D8:F3:32:19,-40,0,374,520,1,1,520,374,146
846659563,NODE_F42DC973E618,blackhole,2,B0:CB:D8:F3:32:19,-40,0,374,520,1,1,520,374,146
846759568,NODE_F42DC973E618,blackhole,2,B0:CB:D8:F3:32:19,-40,0,374,520,1,1,520,374,146
846859555,NODE_F42DC973E618,blackhole,2,B0:CB:D8:F3:32:19,-40,0,374,520,1,1,520,374,146
846959567,NODE_F42DC973E618,blackhole,2,B0:CB:D8:F3:32:19,-40,0,374,521,1,1,521,374,147
847059564,NODE_F42DC973E618,blackhole,2,B0:CB:D8:F3:32:19,-40,0,374,521,1,1,521,374,147
847159563,NODE_F42DC973E618,blackhole,2,B0:CB:D8:F3:32:19,-39,0,374,521,1,1,521,374,147
847259567,NODE_F42DC973E618,blackhole,2,B0:CB:D8:F3:32:19,-39,0,374,521,1,1,521,374,147
847359568,NODE_F42DC973E618,blackhole,2,B0:CB:D8:F3:32:19,-39,0,374,521,1,1,521,374,147
847459571,NODE_F42DC973E618,blackhole,2,B0:CB:D8:F3:32:19,-39,0,374,521,1,1,521,374,147
847559555,NODE_F42DC973E618,blackhole,2,B0:CB:D8:F3:32:19,-39,0,374,521,1,1,521,374,147
847659560,NODE_F42DC973E618,blackhole,2,B0:CB:D8:F3:32:19,-39,0,374,521,1,1,521,374,147
847759563,NODE_F42DC973E618,blackhole,2,B0:CB:D8:F3:32:19,-39,0,374,521,1,1,521,374,147
847859555,NODE_F42DC973E618,blackhole,2,B0:CB:D8:F3:32:19,-39,0,374,521,1,1,521,374,147
847959568,NODE_F42DC973E618,blackhole,2,B0:CB:D8:F3:32:19,-39,0,374,522,1,1,522,374,148
848059567,NODE_F42DC973E618,blackhole,2,B0:CB:D8:F3:32:19,-39,0,374,522,1,1,522,374,148
848159563,NODE_F42DC973E618,blackhole,2,B0:CB:D8:F3:32:19,-38,0,374,522,1,1,522,374,148
848259576,NODE_F42DC973E618,blackhole,2,B0:CB:D8:F3:32:19,-38,0,374,522,1,1,522,374,148
848359567,NODE_F42DC973E618,blackhole,2,B0:CB:D8:F3:32:19,-38,0,374,522,1,1,522,374,148
848459567,NODE_F42DC973E618,blackhole,2,B0:CB:D8:F3:32:19,-38,0,374,522,1,1,522,374,148
848559556,NODE_F42DC973E618,blackhole,2,B0:CB:D8:F3:32:19,-38,0,374,522,1,1,522,374,148
848659563,NODE_F42DC973E618,blackhole,2,B0:CB:D8:F3:32:19,-38,0,374,522,1,1,522,374,148
848759567,NODE_F42DC973E618,blackhole,2,B0:CB:D8:F3:32:19,-38,0,374,522,1,1,522,374,148
848859556,NODE_F42DC973E618,blackhole,2,B0:CB:D8:F3:32:19,-38,0,374,522,1,1,522,374,148
848959567,NODE_F42DC973E618,blackhole,2,B0:CB:D8:F3:32:19,-38,0,374,523,1,1,523,374,149
849059563,NODE_F42DC973E618,blackhole,2,B0:CB:D8:F3:32:19,-38,0,374,523,1,1,523,374,149
849159556,NODE_F42DC973E618,blackhole,2,B0:CB:D8:F3:32:19,-38,0,374,523,1,1,523,374,149
849259567,NODE_F42DC973E618,blackhole,2,B0:CB:D8:F3:32:19,-39,0,374,523,1,1,523,374,149
849359567,NODE_F42DC973E618,blackhole,2,B0:CB:D8:F3:32:19,-39,0,374,523,1,1,523,374,149
849459568,NODE_F42DC973E618,blackhole,2,B0:CB:D8:F3:32:19,-39,0,374,523,1,1,523,374,149
849559567,NODE_F42DC973E618,blackhole,2,B0:CB:D8:F3:32:19,-39,0,374,523,1,1,523,374,149
849659563,NODE_F42DC973E618,blackhole,2,B0:CB:D8:F3:32:19,-39,0,374,523,1,1,523,374,149
849759564,NODE_F42DC973E618,blackhole,2,B0:CB:D8:F3:32:19,-39,0,374,523,1,1,523,374,149
849859559,NODE_F42DC973E618,blackhole,2,B0:CB:D8:F3:32:19,-39,0,374,523,1,1,523,374,149
849959567,NODE_F42DC973E618,blackhole,2,B0:CB:D8:F3:32:19,-39,0,374,524,1,1,524,374,150
850059564,NODE_F42DC973E618,blackhole,2,B0:CB:D8:F3:32:19,-39,0,374,524,1,1,524,374,150
850159555,NODE_F42DC973E618,blackhole,2,B0:CB:D8:F3:32:19,-39,0,374,524,1,1,524,374,150
850259571,NODE_F42DC973E618,blackhole,2,B0:CB:D8:F3:32:19,-43,0,374,524,1,1,524,374,150
850359576,NODE_F42DC973E618,blackhole,2,B0:CB:D8:F3:32:19,-43,0,374,524,1,1,524,374,150
850459567,NODE_F42DC973E618,blackhole,2,B0:CB:D8:F3:32:19,-43,0,374,524,1,1,524,374,150
850559567,NODE_F42DC973E618,blackhole,2,B0:CB:D8:F3:32:19,-43,0,374,524,1,1,524,374,150
850659564,NODE_F42DC973E618,blackhole,2,B0:CB:D8:F3:32:19,-43,0,374,524,1,1,524,374,150
850759559,NODE_F42DC973E618,blackhole,2,B0:CB:D8:F3:32:19,-43,0,374,524,1,1,524,374,150
850859559,NODE_F42DC973E618,blackhole,2,B0:CB:D8:F3:32:19,-43,0,374,524,1,1,524,374,150
850959568,NODE_F42DC973E618,blackhole,2,B0:CB:D8:F3:32:19,-43,0,374,525,1,1,525,374,151
851059563,NODE_F42DC973E618,blackhole,2,B0:CB:D8:F3:32:19,-43,0,374,525,1,1,525,374,151
851159555,NODE_F42DC973E618,blackhole,2,B0:CB:D8:F3:32:19,-43,0,374,525,1,1,525,374,151
851259576,NODE_F42DC973E618,blackhole,2,B0:CB:D8:F3:32:19,-39,0,374,525,1,1,525,374,151
851359567,NODE_F42DC973E618,blackhole,2,B0:CB:D8:F3:32:19,-39,0,374,525,1,1,525,374,151
851459567,NODE_F42DC973E618,blackhole,2,B0:CB:D8:F3:32:19,-39,0,374,525,1,1,525,374,151
851559568,NODE_F42DC973E618,blackhole,2,B0:CB:D8:F3:32:19,-39,0,374,525,1,1,525,374,151
851659563,NODE_F42DC973E618,blackhole,2,B0:CB:D8:F3:32:19,-39,0,374,525,1,1,525,374,151
851759563,NODE_F42DC973E618,blackhole,2,B0:CB:D8:F3:32:19,-39,0,374,525,1,1,525,374,151
851859572,NODE_F42DC973E618,blackhole,2,B0:CB:D8:F3:32:19,-39,0,374,525,1,1,525,374,151
851959563,NODE_F42DC973E618,blackhole,2,B0:CB:D8:F3:32:19,-39,0,374,526,1,1,526,374,152
852059567,NODE_F42DC973E618,blackhole,2,B0:CB:D8:F3:32:19,-39,0,374,526,1,1,526,374,152
852159556,NODE_F42DC973E618,blackhole,2,B0:CB:D8:F3:32:19,-39,0,374,526,1,1,526,374,152
852259567,NODE_F42DC973E618,blackhole,2,B0:CB:D8:F3:32:19,-38,0,374,526,1,1,526,374,152
852359567,NODE_F42DC973E618,blackhole,2,B0:CB:D8:F3:32:19,-38,0,374,526,1,1,526,374,152
852459568,NODE_F42DC973E618,blackhole,2,B0:CB:D8:F3:32:19,-38,0,374,526,1,1,526,374,152
852559567,NODE_F42DC973E618,blackhole,2,B0:CB:D8:F3:32:19,-38,0,374,526,1,1,526,374,152
852659563,NODE_F42DC973E618,blackhole,2,B0:CB:D8:F3:32:19,-38,0,374,526,1,1,526,374,152
852759560,NODE_F42DC973E618,blackhole,2,B0:CB:D8:F3:32:19,-38,0,374,526,1,1,526,374,152
852859559,NODE_F42DC973E618,blackhole,2,B0:CB:D8:F3:32:19,-38,0,374,526,1,1,526,374,152
852959567,NODE_F42DC973E618,blackhole,2,B0:CB:D8:F3:32:19,-38,0,374,527,1,1,527,374,153
853059564,NODE_F42DC973E618,blackhole,2,B0:CB:D8:F3:32:19,-38,0,374,527,1,1,527,374,153
853159555,NODE_F42DC973E618,blackhole,2,B0:CB:D8:F3:32:19,-38,0,374,527,1,1,527,374,153
853259567,NODE_F42DC973E618,blackhole,2,B0:CB:D8:F3:32:19,-38,0,374,527,1,1,527,374,153
853359568,NODE_F42DC973E618,blackhole,2,B0:CB:D8:F3:32:19,-43,0,374,527,1,1,527,374,153
853459564,NODE_F42DC973E618,blackhole,2,B0:CB:D8:F3:32:19,-43,0,374,527,1,1,527,374,153
853559567,NODE_F42DC973E618,blackhole,2,B0:CB:D8:F3:32:19,-43,0,374,527,1,1,527,374,153
853659568,NODE_F42DC973E618,blackhole,2,B0:CB:D8:F3:32:19,-43,0,374,527,1,1,527,374,153
853759563,NODE_F42DC973E618,blackhole,2,B0:CB:D8:F3:32:19,-43,0,374,527,1,1,527,374,153
853859559,NODE_F42DC973E618,blackhole,2,B0:CB:D8:F3:32:19,-43,0,374,527,1,1,527,374,153
853959568,NODE_F42DC973E618,blackhole,2,B0:CB:D8:F3:32:19,-43,0,374,528,1,1,528,374,154
854059563,NODE_F42DC973E618,blackhole,2,B0:CB:D8:F3:32:19,-43,0,374,528,1,1,528,374,154
854159555,NODE_F42DC973E618,blackhole,2,B0:CB:D8:F3:32:19,-43,0,374,528,1,1,528,374,154
854259572,NODE_F42DC973E618,blackhole,2,B0:CB:D8:F3:32:19,-43,0,374,528,1,1,528,374,154
854359567,NODE_F42DC973E618,blackhole,2,B0:CB:D8:F3:32:19,-38,0,374,528,1,1,528,374,154
854459567,NODE_F42DC973E618,blackhole,2,B0:CB:D8:F3:32:19,-38,0,374,528,1,1,528,374,154
854559560,NODE_F42DC973E618,blackhole,2,B0:CB:D8:F3:32:19,-38,0,374,528,1,1,528,374,154
854659567,NODE_F42DC973E618,blackhole,2,B0:CB:D8:F3:32:19,-38,0,374,528,1,1,528,374,154
854759563,NODE_F42DC973E618,blackhole,2,B0:CB:D8:F3:32:19,-38,0,374,528,1,1,528,374,154
854859556,NODE_F42DC973E618,blackhole,2,B0:CB:D8:F3:32:19,-38,0,374,528,1,1,528,374,154
854959567,NODE_F42DC973E618,blackhole,2,B0:CB:D8:F3:32:19,-38,0,374,529,1,1,529,374,155
855059567,NODE_F42DC973E618,blackhole,2,B0:CB:D8:F3:32:19,-38,0,374,529,1,1,529,374,155
855159556,NODE_F42DC973E618,blackhole,2,B0:CB:D8:F3:32:19,-38,0,374,529,1,1,529,374,155
855259563,NODE_F42DC973E618,blackhole,2,B0:CB:D8:F3:32:19,-38,0,374,529,1,1,529,374,155
855359567,NODE_F42DC973E618,blackhole,2,B0:CB:D8:F3:32:19,-38,0,374,529,1,1,529,374,155
855459568,NODE_F42DC973E618,blackhole,2,B0:CB:D8:F3:32:19,-38,0,374,529,1,1,529,374,155
855559559,NODE_F42DC973E618,blackhole,2,B0:CB:D8:F3:32:19,-38,0,374,529,1,1,529,374,155
855659567,NODE_F42DC973E618,blackhole,2,B0:CB:D8:F3:32:19,-38,0,374,529,1,1,529,374,155
855759564,NODE_F42DC973E618,blackhole,2,B0:CB:D8:F3:32:19,-38,0,374,529,1,1,529,374,155
855859555,NODE_F42DC973E618,blackhole,2,B0:CB:D8:F3:32:19,-38,0,374,529,1,1,529,374,155
855959567,NODE_F42DC973E618,blackhole,2,B0:CB:D8:F3:32:19,-38,0,374,530,1,1,530,374,156
856059564,NODE_F42DC973E618,blackhole,2,B0:CB:D8:F3:32:19,-38,0,374,530,1,1,530,374,156
856159555,NODE_F42DC973E618,blackhole,2,B0:CB:D8:F3:32:19,-38,0,374,530,1,1,530,374,156
856259567,NODE_F42DC973E618,blackhole,2,B0:CB:D8:F3:32:19,-38,0,374,530,1,1,530,374,156
856359568,NODE_F42DC973E618,blackhole,2,B0:CB:D8:F3:32:19,-37,0,374,530,1,1,530,374,156
856459567,NODE_F42DC973E618,blackhole,2,B0:CB:D8:F3:32:19,-37,0,374,530,1,1,530,374,156
856559559,NODE_F42DC973E618,blackhole,2,B0:CB:D8:F3:32:19,-37,0,374,530,1,1,530,374,156
856659568,NODE_F42DC973E618,blackhole,2,B0:CB:D8:F3:32:19,-37,0,374,530,1,1,530,374,156
856759563,NODE_F42DC973E618,blackhole,2,B0:CB:D8:F3:32:19,-37,0,374,530,1,1,530,374,156
856859555,NODE_F42DC973E618,blackhole,2,B0:CB:D8:F3:32:19,-37,0,374,530,1,1,530,374,156
856959572,NODE_F42DC973E618,blackhole,2,B0:CB:D8:F3:32:19,-37,0,374,531,1,1,531,374,157
857059563,NODE_F42DC973E618,blackhole,2,B0:CB:D8:F3:32:19,-37,0,374,531,1,1,531,374,157
857159555,NODE_F42DC973E618,blackhole,2,B0:CB:D8:F3:32:19,-37,0,374,531,1,1,531,374,157
857259685,NODE_F42DC973E618,blackhole,2,B0:CB:D8:F3:32:19,-37,0,374,531,1,1,531,374,157
857359571,NODE_F42DC973E618,blackhole,2,B0:CB:D8:F3:32:19,-40,0,374,531,1,1,531,374,157
857459563,NODE_F42DC973E618,blackhole,2,B0:CB:D8:F3:32:19,-40,0,374,531,1,1,531,374,157
857559560,NODE_F42DC973E618,blackhole,2,B0:CB:D8:F3:32:19,-40,0,374,531,1,1,531,374,157
857659567,NODE_F42DC973E618,blackhole,2,B0:CB:D8:F3:32:19,-40,0,374,531,1,1,531,374,157
857759559,NODE_F42DC973E618,blackhole,2,B0:CB:D8:F3:32:19,-40,0,374,531,1,1,531,374,157
857859560,NODE_F42DC973E618,blackhole,2,B0:CB:D8:F3:32:19,-40,0,374,531,1,1,531,374,157
857959567,NODE_F42DC973E618,blackhole,2,B0:CB:D8:F3:32:19,-40,0,374,532,1,1,532,374,158
858059563,NODE_F42DC973E618,blackhole,2,B0:CB:D8:F3:32:19,-40,0,374,532,1,1,532,374,158
858159556,NODE_F42DC973E618,blackhole,2,B0:CB:D8:F3:32:19,-40,0,374,532,1,1,532,374,158
858259575,NODE_F42DC973E618,blackhole,2,B0:CB:D8:F3:32:19,-40,0,374,532,1,1,532,374,158
858359559,NODE_F42DC973E618,blackhole,2,B0:CB:D8:F3:32:19,-40,0,374,532,1,1,532,374,158
858459568,NODE_F42DC973E618,blackhole,2,B0:CB:D8:F3:32:19,-39,0,374,532,1,1,532,374,158
858559559,NODE_F42DC973E618,blackhole,2,B0:CB:D8:F3:32:19,-39,0,374,532,1,1,532,374,158
858659567,NODE_F42DC973E618,blackhole,2,B0:CB:D8:F3:32:19,-39,0,374,532,1,1,532,374,158
858759568,NODE_F42DC973E618,blackhole,2,B0:CB:D8:F3:32:19,-39,0,374,532,1,1,532,374,158
858859555,NODE_F42DC973E618,blackhole,2,B0:CB:D8:F3:32:19,-39,0,374,532,1,1,532,374,158
858959567,NODE_F42DC973E618,blackhole,2,B0:CB:D8:F3:32:19,-39,0,374,533,1,1,533,374,159
859059572,NODE_F42DC973E618,blackhole,2,B0:CB:D8:F3:32:19,-39,0,374,533,1,1,533,374,159
859159555,NODE_F42DC973E618,blackhole,2,B0:CB:D8:F3:32:19,-39,0,374,533,1,1,533,374,159
859259559,NODE_F42DC973E618,blackhole,2,B0:CB:D8:F3:32:19,-39,0,374,533,1,1,533,374,159
859359560,NODE_F42DC973E618,blackhole,2,B0:CB:D8:F3:32:19,-39,0,374,533,1,1,533,374,159
859459567,NODE_F42DC973E618,blackhole,2,B0:CB:D8:F3:32:19,-38,0,374,533,1,1,533,374,159
859559559,NODE_F42DC973E618,blackhole,2,B0:CB:D8:F3:32:19,-38,0,374,533,1,1,533,374,159
859659568,NODE_F42DC973E618,blackhole,2,B0:CB:D8:F3:32:19,-38,0,374,533,1,1,533,374,159
859759567,NODE_F42DC973E618,blackhole,2,B0:CB:D8:F3:32:19,-38,0,374,533,1,1,533,374,159
859859555,NODE_F42DC973E618,blackhole,2,B0:CB:D8:F3:32:19,-38,0,374,533,1,1,533,374,159
859959568,NODE_F42DC973E618,blackhole,2,B0:CB:D8:F3:32:19,-38,0,374,534,1,1,534,374,160
860059567,NODE_F42DC973E618,blackhole,2,B0:CB:D8:F3:32:19,-38,0,374,534,1,1,534,374,160
860159555,NODE_F42DC973E618,blackhole,2,B0:CB:D8:F3:32:19,-38,0,374,534,1,1,534,374,160
860260422,NODE_F42DC973E618,blackhole,2,B0:CB:D8:F3:32:19,-38,0,374,534,1,1,534,374,160
860359575,NODE_F42DC973E618,blackhole,2,B0:CB:D8:F3:32:19,-38,0,374,534,1,1,534,374,160
860459568,NODE_F42DC973E618,blackhole,2,B0:CB:D8:F3:32:19,-43,0,374,534,1,1,534,374,160
860559568,NODE_F42DC973E618,blackhole,2,B0:CB:D8:F3:32:19,-43,0,374,534,1,1,534,374,160
860659567,NODE_F42DC973E618,blackhole,2,B0:CB:D8:F3:32:19,-43,0,374,534,1,1,534,374,160
860759567,NODE_F42DC973E618,blackhole,2,B0:CB:D8:F3:32:19,-43,0,374,534,1,1,534,374,160
860859556,NODE_F42DC973E618,blackhole,2,B0:CB:D8:F3:32:19,-43,0,374,534,1,1,534,374,160
860959567,NODE_F42DC973E618,blackhole,2,B0:CB:D8:F3:32:19,-43,0,374,535,1,1,535,374,161
861059567,NODE_F42DC973E618,blackhole,2,B0:CB:D8:F3:32:19,-43,0,374,535,1,1,535,374,161
861159556,NODE_F42DC973E618,blackhole,2,B0:CB:D8:F3:32:19,-43,0,374,535,1,1,535,374,161
861259563,NODE_F42DC973E618,blackhole,2,B0:CB:D8:F3:32:19,-43,0,374,535,1,1,535,374,161
861359567,NODE_F42DC973E618,blackhole,2,B0:CB:D8:F3:32:19,-43,0,374,535,1,1,535,374,161
861459568,NODE_F42DC973E618,blackhole,2,B0:CB:D8:F3:32:19,-39,0,374,535,1,1,535,374,161
861559559,NODE_F42DC973E618,blackhole,2,B0:CB:D8:F3:32:19,-39,0,374,535,1,1,535,374,161
861659567,NODE_F42DC973E618,blackhole,2,B0:CB:D8:F3:32:19,-39,0,374,535,1,1,535,374,161
861759568,NODE_F42DC973E618,blackhole,2,B0:CB:D8:F3:32:19,-39,0,374,535,1,1,535,374,161
861859563,NODE_F42DC973E618,blackhole,2,B0:CB:D8:F3:32:19,-39,0,374,535,1,1,535,374,161
861959567,NODE_F42DC973E618,blackhole,2,B0:CB:D8:F3:32:19,-39,0,374,536,1,1,536,374,162
862059568,NODE_F42DC973E618,blackhole,2,B0:CB:D8:F3:32:19,-39,0,374,536,1,1,536,374,162
862159555,NODE_F42DC973E618,blackhole,2,B0:CB:D8:F3:32:19,-39,0,374,536,1,1,536,374,162
862259563,NODE_F42DC973E618,blackhole,2,B0:CB:D8:F3:32:19,-39,0,374,536,1,1,536,374,162
862359564,NODE_F42DC973E618,blackhole,2,B0:CB:D8:F3:32:19,-39,0,374,536,1,1,536,374,162
862459563,NODE_F42DC973E618,blackhole,2,B0:CB:D8:F3:32:19,-39,0,374,536,1,1,536,374,162
862559563,NODE_F42DC973E618,blackhole,2,B0:CB:D8:F3:32:19,-43,0,374,536,1,1,536,374,162
862659572,NODE_F42DC973E618,blackhole,2,B0:CB:D8:F3:32:19,-43,0,374,536,1,1,536,374,162
862759563,NODE_F42DC973E618,blackhole,2,B0:CB:D8:F3:32:19,-43,0,374,536,1,1,536,374,162
862859567,NODE_F42DC973E618,blackhole,2,B0:CB:D8:F3:32:19,-43,0,374,536,1,1,536,374,162
862959568,NODE_F42DC973E618,blackhole,2,B0:CB:D8:F3:32:19,-43,0,374,537,1,1,537,374,163
863059563,NODE_F42DC973E618,blackhole,2,B0:CB:D8:F3:32:19,-43,0,374,537,1,1,537,374,163
863159559,NODE_F42DC973E618,blackhole,2,B0:CB:D8:F3:32:19,-43,0,374,537,1,1,537,374,163
863259667,NODE_F42DC973E618,blackhole,2,B0:CB:D8:F3:32:19,-43,0,374,537,1,1,537,374,163
863359567,NODE_F42DC973E618,blackhole,2,B0:CB:D8:F3:32:19,-43,0,374,537,1,1,537,374,163
863459563,NODE_F42DC973E618,blackhole,2,B0:CB:D8:F3:32:19,-43,0,374,537,1,1,537,374,163
863559564,NODE_F42DC973E618,blackhole,2,B0:CB:D8:F3:32:19,-42,0,374,537,1,1,537,374,163
863659567,NODE_F42DC973E618,blackhole,2,B0:CB:D8:F3:32:19,-42,0,374,537,1,1,537,374,163
863759567,NODE_F42DC973E618,blackhole,2,B0:CB:D8:F3:32:19,-42,0,374,537,1,1,537,374,163
863859568,NODE_F42DC973E618,blackhole,2,B0:CB:D8:F3:32:19,-42,0,374,537,1,1,537,374,163
863959567,NODE_F42DC973E618,blackhole,2,B0:CB:D8:F3:32:19,-42,0,374,538,1,1,538,374,164
864059563,NODE_F42DC973E618,blackhole,2,B0:CB:D8:F3:32:19,-42,0,374,538,1,1,538,374,164
864159560,NODE_F42DC973E618,blackhole,2,B0:CB:D8:F3:32:19,-42,0,374,538,1,1,538,374,164
864259563,NODE_F42DC973E618,blackhole,2,B0:CB:D8:F3:32:19,-42,0,374,538,1,1,538,374,164
864359567,NODE_F42DC973E618,blackhole,2,B0:CB:D8:F3:32:19,-42,0,374,538,1,1,538,374,164
864459564,NODE_F42DC973E618,blackhole,2,B0:CB:D8:F3:32:19,-42,0,374,538,1,1,538,374,164
864559563,NODE_F42DC973E618,blackhole,2,B0:CB:D8:F3:32:19,-40,0,374,538,1,1,538,374,164
864659567,NODE_F42DC973E618,blackhole,2,B0:CB:D8:F3:32:19,-40,0,374,538,1,1,538,374,164
864759568,NODE_F42DC973E618,blackhole,2,B0:CB:D8:F3:32:19,-40,0,374,538,1,1,538,374,164
864859567,NODE_F42DC973E618,blackhole,2,B0:CB:D8:F3:32:19,-40,0,374,538,1,1,538,374,164
864959567,NODE_F42DC973E618,blackhole,2,B0:CB:D8:F3:32:19,-40,0,374,539,1,1,539,374,165
865059564,NODE_F42DC973E618,blackhole,2,B0:CB:D8:F3:32:19,-40,0,374,539,1,1,539,374,165
865159559,NODE_F42DC973E618,blackhole,2,B0:CB:D8:F3:32:19,-40,0,374,539,1,1,539,374,165
865259575,NODE_F42DC973E618,blackhole,2,B0:CB:D8:F3:32:19,-40,0,374,539,1,1,539,374,165
865359564,NODE_F42DC973E618,blackhole,2,B0:CB:D8:F3:32:19,-40,0,374,539,1,1,539,374,165
865459563,NODE_F42DC973E618,blackhole,2,B0:CB:D8:F3:32:19,-40,0,374,539,1,1,539,374,165
865559563,NODE_F42DC973E618,blackhole,2,B0:CB:D8:F3:32:19,-39,0,374,539,1,1,539,374,165
865659568,NODE_F42DC973E618,blackhole,2,B0:CB:D8:F3:32:19,-39,0,374,539,1,1,539,374,165
865759567,NODE_F42DC973E618,blackhole,2,B0:CB:D8:F3:32:19,-39,0,374,539,1,1,539,374,165
865859567,NODE_F42DC973E618,blackhole,2,B0:CB:D8:F3:32:19,-39,0,374,539,1,1,539,374,165
865959568,NODE_F42DC973E618,blackhole,2,B0:CB:D8:F3:32:19,-39,0,374,540,1,1,540,374,166
866059567,NODE_F42DC973E618,blackhole,2,B0:CB:D8:F3:32:19,-39,0,374,540,1,1,540,374,166
866159559,NODE_F42DC973E618,blackhole,2,B0:CB:D8:F3:32:19,-39,0,374,540,1,1,540,374,166
866259564,NODE_F42DC973E618,blackhole,2,B0:CB:D8:F3:32:19,-39,0,374,540,1,1,540,374,166
866359571,NODE_F42DC973E618,blackhole,2,B0:CB:D8:F3:32:19,-39,0,374,540,1,1,540,374,166
866459563,NODE_F42DC973E618,blackhole,2,B0:CB:D8:F3:32:19,-39,0,374,540,1,1,540,374,166
866559556,NODE_F42DC973E618,blackhole,2,B0:CB:D8:F3:32:19,-39,0,374,540,1,1,540,374,166
866659567,NODE_F42DC973E618,blackhole,2,B0:CB:D8:F3:32:19,-38,0,374,540,1,1,540,374,166
866759567,NODE_F42DC973E618,blackhole,2,B0:CB:D8:F3:32:19,-38,0,374,540,1,1,540,374,166
866859560,NODE_F42DC973E618,blackhole,2,B0:CB:D8:F3:32:19,-38,0,374,540,1,1,540,374,166
866959567,NODE_F42DC973E618,blackhole,2,B0:CB:D8:F3:32:19,-38,0,374,541,1,1,541,374,167
867059563,NODE_F42DC973E618,blackhole,2,B0:CB:D8:F3:32:19,-38,0,374,541,1,1,541,374,167
867159556,NODE_F42DC973E618,blackhole,2,B0:CB:D8:F3:32:19,-38,0,374,541,1,1,541,374,167
867259567,NODE_F42DC973E618,blackhole,2,B0:CB:D8:F3:32:19,-38,0,374,541,1,1,541,374,167
867359563,NODE_F42DC973E618,blackhole,2,B0:CB:D8:F3:32:19,-38,0,374,541,1,1,541,374,167
867459565,NODE_F42DC973E618,blackhole,2,B0:CB:D8:F3:32:19,-38,0,374,541,1,1,541,374,167
867559567,NODE_F42DC973E618,blackhole,2,B0:CB:D8:F3:32:19,-38,0,374,541,1,1,541,374,167
867659567,NODE_F42DC973E618,blackhole,2,B0:CB:D8:F3:32:19,-39,0,374,541,1,1,541,374,167
867759564,NODE_F42DC973E618,blackhole,2,B0:CB:D8:F3:32:19,-39,0,374,541,1,1,541,374,167
867859559,NODE_F42DC973E618,blackhole,2,B0:CB:D8:F3:32:19,-39,0,374,541,1,1,541,374,167
867959571,NODE_F42DC973E618,blackhole,2,B0:CB:D8:F3:32:19,-39,0,374,542,1,1,542,374,168
868059560,NODE_F42DC973E618,blackhole,2,B0:CB:D8:F3:32:19,-39,0,374,542,1,1,542,374,168
868159555,NODE_F42DC973E618,blackhole,2,B0:CB:D8:F3:32:19,-39,0,374,542,1,1,542,374,168
868259567,NODE_F42DC973E618,blackhole,2,B0:CB:D8:F3:32:19,-39,0,374,542,1,1,542,374,168
868359568,NODE_F42DC973E618,blackhole,2,B0:CB:D8:F3:32:19,-39,0,374,542,1,1,542,374,168
868459563,NODE_F42DC973E618,blackhole,2,B0:CB:D8:F3:32:19,-39,0,374,542,1,1,542,374,168
868559555,NODE_F42DC973E618,blackhole,2,B0:CB:D8:F3:32:19,-39,0,374,542,1,1,542,374,168
868659568,NODE_F42DC973E618,blackhole,2,B0:CB:D8:F3:32:19,-43,0,374,542,1,1,542,374,168
868759567,NODE_F42DC973E618,blackhole,2,B0:CB:D8:F3:32:19,-43,0,374,542,1,1,542,374,168
868859559,NODE_F42DC973E618,blackhole,2,B0:CB:D8:F3:32:19,-43,0,374,542,1,1,542,374,168
868959572,NODE_F42DC973E618,blackhole,2,B0:CB:D8:F3:32:19,-43,0,374,543,1,1,543,374,169
869059559,NODE_F42DC973E618,blackhole,2,B0:CB:D8:F3:32:19,-43,0,374,543,1,1,543,374,169
869159555,NODE_F42DC973E618,blackhole,2,B0:CB:D8:F3:32:19,-43,0,374,543,1,1,543,374,169
869259568,NODE_F42DC973E618,blackhole,2,B0:CB:D8:F3:32:19,-43,0,374,543,1,1,543,374,169
869359575,NODE_F42DC973E618,blackhole,2,B0:CB:D8:F3:32:19,-43,0,374,543,1,1,543,374,169
869459563,NODE_F42DC973E618,blackhole,2,B0:CB:D8:F3:32:19,-43,0,374,543,1,1,543,374,169
869559556,NODE_F42DC973E618,blackhole,2,B0:CB:D8:F3:32:19,-43,0,374,543,1,1,543,374,169
869659567,NODE_F42DC973E618,blackhole,2,B0:CB:D8:F3:32:19,-42,0,374,543,1,1,543,374,169
869759567,NODE_F42DC973E618,blackhole,2,B0:CB:D8:F3:32:19,-42,0,374,543,1,1,543,374,169
869859560,NODE_F42DC973E618,blackhole,2,B0:CB:D8:F3:32:19,-42,0,374,543,1,1,543,374,169
869959571,NODE_F42DC973E618,blackhole,2,B0:CB:D8:F3:32:19,-42,0,374,544,1,1,544,374,170
870059567,NODE_F42DC973E618,blackhole,2,B0:CB:D8:F3:32:19,-42,0,374,544,1,1,544,374,170
870159556,NODE_F42DC973E618,blackhole,2,B0:CB:D8:F3:32:19,-42,0,374,544,1,1,544,374,170
870259567,NODE_F42DC973E618,blackhole,2,B0:CB:D8:F3:32:19,-42,0,374,544,1,1,544,374,170
870359563,NODE_F42DC973E618,blackhole,2,B0:CB:D8:F3:32:19,-42,0,374,544,1,1,544,374,170
870459564,NODE_F42DC973E618,blackhole,2,B0:CB:D8:F3:32:19,-42,0,374,544,1,1,544,374,170
870559555,NODE_F42DC973E618,blackhole,2,B0:CB:D8:F3:32:19,-42,0,374,544,1,1,544,374,170
870659563,NODE_F42DC973E618,blackhole,2,B0:CB:D8:F3:32:19,-42,0,374,544,1,1,544,374,170
870759568,NODE_F42DC973E618,blackhole,2,B0:CB:D8:F3:32:19,-39,0,374,544,1,1,544,374,170
870859559,NODE_F42DC973E618,blackhole,2,B0:CB:D8:F3:32:19,-39,0,374,544,1,1,544,374,170
870959567,NODE_F42DC973E618,blackhole,2,B0:CB:D8:F3:32:19,-39,0,374,545,1,1,545,374,171
871059568,NODE_F42DC973E618,blackhole,2,B0:CB:D8:F3:32:19,-39,0,374,545,1,1,545,374,171
871159559,NODE_F42DC973E618,blackhole,2,B0:CB:D8:F3:32:19,-39,0,374,545,1,1,545,374,171
871259563,NODE_F42DC973E618,blackhole,2,B0:CB:D8:F3:32:19,-39,0,374,545,1,1,545,374,171
871359568,NODE_F42DC973E618,blackhole,2,B0:CB:D8:F3:32:19,-39,0,374,545,1,1,545,374,171
871459563,NODE_F42DC973E618,blackhole,2,B0:CB:D8:F3:32:19,-39,0,374,545,1,1,545,374,171
871559555,NODE_F42DC973E618,blackhole,2,B0:CB:D8:F3:32:19,-39,0,374,545,1,1,545,374,171
871659564,NODE_F42DC973E618,blackhole,2,B0:CB:D8:F3:32:19,-39,0,374,545,1,1,545,374,171
871759567,NODE_F42DC973E618,blackhole,2,B0:CB:D8:F3:32:19,-38,0,374,545,1,1,545,374,171
871859571,NODE_F42DC973E618,blackhole,2,B0:CB:D8:F3:32:19,-38,0,374,545,1,1,545,374,171
871959568,NODE_F42DC973E618,blackhole,2,B0:CB:D8:F3:32:19,-38,0,374,546,1,1,546,374,172
872059567,NODE_F42DC973E618,blackhole,2,B0:CB:D8:F3:32:19,-38,0,374,546,1,1,546,374,172
872159853,NODE_F42DC973E618,blackhole,2,B0:CB:D8:F3:32:19,-38,0,374,546,1,1,546,374,172
872259576,NODE_F42DC973E618,blackhole,2,B0:CB:D8:F3:32:19,-38,0,374,546,1,1,546,374,172
872359575,NODE_F42DC973E618,blackhole,2,B0:CB:D8:F3:32:19,-38,0,374,546,1,1,546,374,172
872459563,NODE_F42DC973E618,blackhole,2,B0:CB:D8:F3:32:19,-38,0,374,546,1,1,546,374,172
872559556,NODE_F42DC973E618,blackhole,2,B0:CB:D8:F3:32:19,-38,0,374,546,1,1,546,374,172
872659563,NODE_F42DC973E618,blackhole,2,B0:CB:D8:F3:32:19,-38,0,374,546,1,1,546,374,172
872759567,NODE_F42DC973E618,blackhole,2,B0:CB:D8:F3:32:19,-42,0,374,546,1,1,546,374,172
872859560,NODE_F42DC973E618,blackhole,2,B0:CB:D8:F3:32:19,-42,0,374,546,1,1,546,374,172
872959567,NODE_F42DC973E618,blackhole,2,B0:CB:D8:F3:32:19,-42,0,374,547,1,1,547,374,173
873059571,NODE_F42DC973E618,blackhole,2,B0:CB:D8:F3:32:19,-42,0,374,547,1,1,547,374,173
873159556,NODE_F42DC973E618,blackhole,2,B0:CB:D8:F3:32:19,-42,0,374,547,1,1,547,374,173
873259563,NODE_F42DC973E618,blackhole,2,B0:CB:D8:F3:32:19,-42,0,374,547,1,1,547,374,173
873359567,NODE_F42DC973E618,blackhole,2,B0:CB:D8:F3:32:19,-42,0,374,547,1,1,547,374,173
873459564,NODE_F42DC973E618,blackhole,2,B0:CB:D8:F3:32:19,-42,0,374,547,1,1,547,374,173
873559555,NODE_F42DC973E618,blackhole,2,B0:CB:D8:F3:32:19,-42,0,374,547,1,1,547,374,173
873659563,NODE_F42DC973E618,blackhole,2,B0:CB:D8:F3:32:19,-42,0,374,547,1,1,547,374,173
873759568,NODE_F42DC973E618,blackhole,2,B0:CB:D8:F3:32:19,-42,0,374,547,1,1,547,374,173
873859559,NODE_F42DC973E618,blackhole,2,B0:CB:D8:F3:32:19,-42,0,374,547,1,1,547,374,173
873959567,NODE_F42DC973E618,blackhole,2,B0:CB:D8:F3:32:19,-42,0,374,548,1,1,548,374,174
874059568,NODE_F42DC973E618,blackhole,2,B0:CB:D8:F3:32:19,-42,0,374,548,1,1,548,374,174
874159555,NODE_F42DC973E618,blackhole,2,B0:CB:D8:F3:32:19,-42,0,374,548,1,1,548,374,174
874259567,NODE_F42DC973E618,blackhole,2,B0:CB:D8:F3:32:19,-42,0,374,548,1,1,548,374,174
874359564,NODE_F42DC973E618,blackhole,2,B0:CB:D8:F3:32:19,-42,0,374,548,1,1,548,374,174
874459563,NODE_F42DC973E618,blackhole,2,B0:CB:D8:F3:32:19,-42,0,374,548,1,1,548,374,174
874559567,NODE_F42DC973E618,blackhole,2,B0:CB:D8:F3:32:19,-42,0,374,548,1,1,548,374,174
874659564,NODE_F42DC973E618,blackhole,2,B0:CB:D8:F3:32:19,-42,0,374,548,1,1,548,374,174
874759563,NODE_F42DC973E618,blackhole,2,B0:CB:D8:F3:32:19,-42,0,374,548,1,1,548,374,174
874859563,NODE_F42DC973E618,blackhole,2,B0:CB:D8:F3:32:19,-39,0,374,548,1,1,548,374,174
874959568,NODE_F42DC973E618,blackhole,2,B0:CB:D8:F3:32:19,-39,0,374,549,1,1,549,374,175
875059567,NODE_F42DC973E618,blackhole,2,B0:CB:D8:F3:32:19,-39,0,374,549,1,1,549,374,175
875159567,NODE_F42DC973E618,blackhole,2,B0:CB:D8:F3:32:19,-39,0,374,549,1,1,549,374,175
875259564,NODE_F42DC973E618,blackhole,2,B0:CB:D8:F3:32:19,-39,0,374,549,1,1,549,374,175
875359801,NODE_F42DC973E618,blackhole,2,B0:CB:D8:F3:32:19,-39,0,374,549,1,1,549,374,175
875459559,NODE_F42DC973E618,blackhole,2,B0:CB:D8:F3:32:19,-39,0,374,549,1,1,549,374,175
875559556,NODE_F42DC973E618,blackhole,2,B0:CB:D8:F3:32:19,-39,0,374,549,1,1,549,374,175
875659563,NODE_F42DC973E618,blackhole,2,B0:CB:D8:F3:32:19,-39,0,374,549,1,1,549,374,175
875759563,NODE_F42DC973E618,blackhole,2,B0:CB:D8:F3:32:19,-39,0,374,549,1,1,549,374,175
875859564,NODE_F42DC973E618,blackhole,2,B0:CB:D8:F3:32:19,-38,0,374,549,1,1,549,374,175
875959567,NODE_F42DC973E618,blackhole,2,B0:CB:D8:F3:32:19,-38,0,374,550,1,1,550,374,176
876059567,NODE_F42DC973E618,blackhole,2,B0:CB:D8:F3:32:19,-38,0,374,550,1,1,550,374,176
876159568,NODE_F42DC973E618,blackhole,2,B0:CB:D8:F3:32:19,-38,0,374,550,1,1,550,374,176
876259563,NODE_F42DC973E618,blackhole,2,B0:CB:D8:F3:32:19,-38,0,374,550,1,1,550,374,176
876359563,NODE_F42DC973E618,blackhole,2,B0:CB:D8:F3:32:19,-38,0,374,550,1,1,550,374,176
876459572,NODE_F42DC973E618,blackhole,2,B0:CB:D8:F3:32:19,-38,0,374,550,1,1,550,374,176
876559555,NODE_F42DC973E618,blackhole,2,B0:CB:D8:F3:32:19,-38,0,374,550,1,1,550,374,176
876659563,NODE_F42DC973E618,blackhole,2,B0:CB:D8:F3:32:19,-38,0,374,550,1,1,550,374,176
876759564,NODE_F42DC973E618,blackhole,2,B0:CB:D8:F3:32:19,-38,0,374,550,1,1,550,374,176
876859563,NODE_F42DC973E618,blackhole,2,B0:CB:D8:F3:32:19,-40,0,374,550,1,1,550,374,176
876959567,NODE_F42DC973E618,blackhole,2,B0:CB:D8:F3:32:19,-40,0,374,551,1,1,551,374,177
877059572,NODE_F42DC973E618,blackhole,2,B0:CB:D8:F3:32:19,-40,0,374,551,1,1,551,374,177
877159567,NODE_F42DC973E618,blackhole,2,B0:CB:D8:F3:32:19,-40,0,374,551,1,1,551,374,177
877259559,NODE_F42DC973E618,blackhole,2,B0:CB:D8:F3:32:19,-40,0,374,551,1,1,551,374,177
877359560,NODE_F42DC973E618,blackhole,2,B0:CB:D8:F3:32:19,-40,0,374,551,1,1,551,374,177
877459567,NODE_F42DC973E618,blackhole,2,B0:CB:D8:F3:32:19,-40,0,374,551,1,1,551,374,177
877559555,NODE_F42DC973E618,blackhole,2,B0:CB:D8:F3:32:19,-40,0,374,551,1,1,551,374,177
877659564,NODE_F42DC973E618,blackhole,2,B0:CB:D8:F3:32:19,-40,0,374,551,1,1,551,374,177
877759559,NODE_F42DC973E618,blackhole,2,B0:CB:D8:F3:32:19,-40,0,374,551,1,1,551,374,177
877859563,NODE_F42DC973E618,blackhole,2,B0:CB:D8:F3:32:19,-38,0,374,551,1,1,551,374,177
877959568,NODE_F42DC973E618,blackhole,2,B0:CB:D8:F3:32:19,-38,0,374,552,1,1,552,374,178
878059567,NODE_F42DC973E618,blackhole,2,B0:CB:D8:F3:32:19,-38,0,374,552,1,1,552,374,178
878159567,NODE_F42DC973E618,blackhole,2,B0:CB:D8:F3:32:19,-38,0,374,552,1,1,552,374,178
878259568,NODE_F42DC973E618,blackhole,2,B0:CB:D8:F3:32:19,-38,0,374,552,1,1,552,374,178
878359571,NODE_F42DC973E618,blackhole,2,B0:CB:D8:F3:32:19,-38,0,374,552,1,1,552,374,178
878459567,NODE_F42DC973E618,blackhole,2,B0:CB:D8:F3:32:19,-38,0,374,552,1,1,552,374,178
878559556,NODE_F42DC973E618,blackhole,2,B0:CB:D8:F3:32:19,-38,0,374,552,1,1,552,374,178
878659563,NODE_F42DC973E618,blackhole,2,B0:CB:D8:F3:32:19,-38,0,374,552,1,1,552,374,178
878759559,NODE_F42DC973E618,blackhole,2,B0:CB:D8:F3:32:19,-38,0,374,552,1,1,552,374,178
878859556,NODE_F42DC973E618,blackhole,2,B0:CB:D8:F3:32:19,-38,0,374,552,1,1,552,374,178
878959567,NODE_F42DC973E618,blackhole,2,B0:CB:D8:F3:32:19,-39,0,374,553,1,1,553,374,179
879059567,NODE_F42DC973E618,blackhole,2,B0:CB:D8:F3:32:19,-39,0,374,553,1,1,553,374,179
879159560,NODE_F42DC973E618,blackhole,2,B0:CB:D8:F3:32:19,-39,0,374,553,1,1,553,374,179
879259575,NODE_F42DC973E618,blackhole,2,B0:CB:D8:F3:32:19,-39,0,374,553,1,1,553,374,179
879359559,NODE_F42DC973E618,blackhole,2,B0:CB:D8:F3:32:19,-39,0,374,553,1,1,553,374,179
879459568,NODE_F42DC973E618,blackhole,2,B0:CB:D8:F3:32:19,-39,0,374,553,1,1,553,374,179
879559555,NODE_F42DC973E618,blackhole,2,B0:CB:D8:F3:32:19,-39,0,374,553,1,1,553,374,179
879659559,NODE_F42DC973E618,blackhole,2,B0:CB:D8:F3:32:19,-39,0,374,553,1,1,553,374,179
879759560,NODE_F42DC973E618,blackhole,2,B0:CB:D8:F3:32:19,-39,0,374,553,1,1,553,374,179
879859555,NODE_F42DC973E618,blackhole,2,B0:CB:D8:F3:32:19,-39,0,374,553,1,1,553,374,179
879959571,NODE_F42DC973E618,blackhole,2,B0:CB:D8:F3:32:19,-43,0,374,554,1,1,554,374,180
880059572,NODE_F42DC973E618,blackhole,2,B0:CB:D8:F3:32:19,-43,0,374,554,1,1,554,374,180
880159559,NODE_F42DC973E618,blackhole,2,B0:CB:D8:F3:32:19,-43,0,374,554,1,1,554,374,180
880259567,NODE_F42DC973E618,blackhole,2,B0:CB:D8:F3:32:19,-43,0,374,554,1,1,554,374,180
880359560,NODE_F42DC973E618,blackhole,2,B0:CB:D8:F3:32:19,-43,0,374,554,1,1,554,374,180
880459559,NODE_F42DC973E618,blackhole,2,B0:CB:D8:F3:32:19,-43,0,374,554,1,1,554,374,180
880559559,NODE_F42DC973E618,blackhole,2,B0:CB:D8:F3:32:19,-43,0,374,554,1,1,554,374,180
880659609,NODE_F42DC973E618,blackhole,2,B0:CB:D8:F3:32:19,-43,0,374,554,1,1,554,374,180
880759559,NODE_F42DC973E618,blackhole,2,B0:CB:D8:F3:32:19,-43,0,374,554,1,1,554,374,180
880859555,NODE_F42DC973E618,blackhole,2,B0:CB:D8:F3:32:19,-43,0,374,554,1,1,554,374,180
880959572,NODE_F42DC973E618,blackhole,2,B0:CB:D8:F3:32:19,-38,0,374,555,1,1,555,374,181
881059567,NODE_F42DC973E618,blackhole,2,B0:CB:D8:F3:32:19,-38,0,374,555,1,1,555,374,181
881159567,NODE_F42DC973E618,blackhole,2,B0:CB:D8:F3:32:19,-38,0,374,555,3,0,555,374,181
881259576,NODE_F42DC973E618,blackhole,2,B0:CB:D8:F3:32:19,-38,0,374,555,3,0,555,374,181
881359575,NODE_F42DC973E618,blackhole,2,B0:CB:D8:F3:32:19,-38,0,374,555,3,0,555,374,181
881459563,NODE_F42DC973E618,blackhole,2,B0:CB:D8:F3:32:19,-38,0,374,555,3,0,555,374,181
881559568,NODE_F42DC973E618,blackhole,2,B0:CB:D8:F3:32:19,-38,0,374,555,3,0,555,374,181
881659563,NODE_F42DC973E618,blackhole,2,B0:CB:D8:F3:32:19,-38,0,374,555,3,0,555,374,181
881759563,NODE_F42DC973E618,blackhole,2,B0:CB:D8:F3:32:19,-38,0,374,555,3,0,555,374,181
881859564,NODE_F42DC973E618,blackhole,2,B0:CB:D8:F3:32:19,-38,0,374,555,3,0,555,374,181
881959571,NODE_F42DC973E618,blackhole,2,B0:CB:D8:F3:32:19,-40,0,375,556,3,0,556,375,181
882059567,NODE_F42DC973E618,blackhole,2,B0:CB:D8:F3:32:19,-40,0,375,556,3,0,556,375,181
882159560,NODE_F42DC973E618,blackhole,2,B0:CB:D8:F3:32:19,-40,0,375,556,3,0,556,375,181
882259567,NODE_F42DC973E618,blackhole,2,B0:CB:D8:F3:32:19,-40,0,375,556,3,0,556,375,181
882359567,NODE_F42DC973E618,blackhole,2,B0:CB:D8:F3:32:19,-40,0,375,556,3,0,556,375,181
882459568,NODE_F42DC973E618,blackhole,2,B0:CB:D8:F3:32:19,-40,0,375,556,3,0,556,375,181
882559559,NODE_F42DC973E618,blackhole,2,B0:CB:D8:F3:32:19,-40,0,375,556,3,0,556,375,181
882659563,NODE_F42DC973E618,blackhole,2,B0:CB:D8:F3:32:19,-40,0,375,556,3,0,556,375,181
882759560,NODE_F42DC973E618,blackhole,2,B0:CB:D8:F3:32:19,-40,0,375,556,3,0,556,375,181
882859555,NODE_F42DC973E618,blackhole,2,B0:CB:D8:F3:32:19,-40,0,375,556,3,0,556,375,181
882959571,NODE_F42DC973E618,blackhole,2,B0:CB:D8:F3:32:19,-42,0,376,557,3,0,557,376,181
883059564,NODE_F42DC973E618,blackhole,2,B0:CB:D8:F3:32:19,-42,0,376,557,3,0,557,376,181
883159559,NODE_F42DC973E618,blackhole,2,B0:CB:D8:F3:32:19,-42,0,376,557,3,0,557,376,181
883259567,NODE_F42DC973E618,blackhole,2,B0:CB:D8:F3:32:19,-42,0,376,557,3,0,557,376,181
883359568,NODE_F42DC973E618,blackhole,2,B0:CB:D8:F3:32:19,-42,0,376,557,3,0,557,376,181
883459567,NODE_F42DC973E618,blackhole,2,B0:CB:D8:F3:32:19,-42,0,376,557,3,0,557,376,181
883559559,NODE_F42DC973E618,blackhole,2,B0:CB:D8:F3:32:19,-42,0,376,557,3,0,557,376,181
883659564,NODE_F42DC973E618,blackhole,2,B0:CB:D8:F3:32:19,-42,0,376,557,3,0,557,376,181
883759563,NODE_F42DC973E618,blackhole,2,B0:CB:D8:F3:32:19,-42,0,376,557,3,0,557,376,181
883859555,NODE_F42DC973E618,blackhole,2,B0:CB:D8:F3:32:19,-42,0,376,557,3,0,557,376,181
883959568,NODE_F42DC973E618,blackhole,2,B0:CB:D8:F3:32:19,-42,0,377,558,3,0,558,377,181
884059571,NODE_F42DC973E618,blackhole,2,B0:CB:D8:F3:32:19,-42,0,377,558,3,0,558,377,181
884159559,NODE_F42DC973E618,blackhole,2,B0:CB:D8:F3:32:19,-42,0,377,558,3,0,558,377,181
884259568,NODE_F42DC973E618,blackhole,2,B0:CB:D8:F3:32:19,-42,0,377,558,3,0,558,377,181
884359575,NODE_F42DC973E618,blackhole,2,B0:CB:D8:F3:32:19,-42,0,377,558,3,0,558,377,181
884459559,NODE_F42DC973E618,blackhole,2,B0:CB:D8:F3:32:19,-42,0,377,558,3,0,558,377,181
884559556,NODE_F42DC973E618,blackhole,2,B0:CB:D8:F3:32:19,-42,0,377,558,3,0,558,377,181
884659563,NODE_F42DC973E618,blackhole,2,B0:CB:D8:F3:32:19,-42,0,377,558,3,0,558,377,181
884759563,NODE_F42DC973E618,blackhole,2,B0:CB:D8:F3:32:19,-42,0,377,558,3,0,558,377,181
884859556,NODE_F42DC973E618,blackhole,2,B0:CB:D8:F3:32:19,-42,0,377,558,3,0,558,377,181
884959567,NODE_F42DC973E618,blackhole,2,B0:CB:D8:F3:32:19,-42,0,378,559,3,0,559,378,181
885059571,NODE_F42DC973E618,blackhole,2,B0:CB:D8:F3:32:19,-38,0,378,559,3,0,559,378,181
885159560,NODE_F42DC973E618,blackhole,2,B0:CB:D8:F3:32:19,-38,0,378,559,3,0,559,378,181
885259571,NODE_F42DC973E618,blackhole,2,B0:CB:D8:F3:32:19,-38,0,378,559,3,0,559,378,181
885359567,NODE_F42DC973E618,blackhole,2,B0:CB:D8:F3:32:19,-38,0,378,559,3,0,559,378,181
885459560,NODE_F42DC973E618,blackhole,2,B0:CB:D8:F3:32:19,-38,0,378,559,3,0,559,378,181
885559555,NODE_F42DC973E618,blackhole,2,B0:CB:D8:F3:32:19,-38,0,378,559,3,0,559,378,181
885659567,NODE_F42DC973E618,blackhole,2,B0:CB:D8:F3:32:19,-38,0,378,559,3,0,559,378,181
885759564,NODE_F42DC973E618,blackhole,2,B0:CB:D8:F3:32:19,-38,0,378,559,3,0,559,378,181
885859555,NODE_F42DC973E618,blackhole,2,B0:CB:D8:F3:32:19,-38,0,378,559,3,0,559,378,181
885959567,NODE_F42DC973E618,blackhole,2,B0:CB:D8:F3:32:19,-38,0,379,560,3,0,560,379,181
886059568,NODE_F42DC973E618,blackhole,2,B0:CB:D8:F3:32:19,-40,0,379,560,3,0,560,379,181
886159559,NODE_F42DC973E618,blackhole,2,B0:CB:D8:F3:32:19,-40,0,379,560,3,0,560,379,181
886259575,NODE_F42DC973E618,blackhole,2,B0:CB:D8:F3:32:19,-40,0,379,560,3,0,560,379,181
886359568,NODE_F42DC973E618,blackhole,2,B0:CB:D8:F3:32:19,-40,0,379,560,3,0,560,379,181
886459559,NODE_F42DC973E618,blackhole,2,B0:CB:D8:F3:32:19,-40,0,379,560,3,0,560,379,181
886559555,NODE_F42DC973E618,blackhole,2,B0:CB:D8:F3:32:19,-40,0,379,560,3,0,560,379,181
886659568,NODE_F42DC973E618,blackhole,2,B0:CB:D8:F3:32:19,-40,0,379,560,3,0,560,379,181
886759563,NODE_F42DC973E618,blackhole,2,B0:CB:D8:F3:32:19,-40,0,379,560,3,0,560,379,181
886859555,NODE_F42DC973E618,blackhole,2,B0:CB:D8:F3:32:19,-40,0,379,560,3,0,560,379,181
886959568,NODE_F42DC973E618,blackhole,2,B0:CB:D8:F3:32:19,-40,0,380,561,3,0,561,380,181
887059571,NODE_F42DC973E618,blackhole,2,B0:CB:D8:F3:32:19,-42,0,380,561,3,0,561,380,181
887159559,NODE_F42DC973E618,blackhole,2,B0:CB:D8:F3:32:19,-42,0,380,561,3,0,561,380,181
887259568,NODE_F42DC973E618,blackhole,2,B0:CB:D8:F3:32:19,-42,0,380,561,3,0,561,380,181
887359575,NODE_F42DC973E618,blackhole,2,B0:CB:D8:F3:32:19,-42,0,380,561,3,0,561,380,181
887459563,NODE_F42DC973E618,blackhole,2,B0:CB:D8:F3:32:19,-42,0,380,561,3,0,561,380,181
887559556,NODE_F42DC973E618,blackhole,2,B0:CB:D8:F3:32:19,-42,0,380,561,3,0,561,380,181
887659567,NODE_F42DC973E618,blackhole,2,B0:CB:D8:F3:32:19,-42,0,380,561,3,0,561,380,181
887759559,NODE_F42DC973E618,blackhole,2,B0:CB:D8:F3:32:19,-42,0,380,561,3,0,561,380,181
887859556,NODE_F42DC973E618,blackhole,2,B0:CB:D8:F3:32:19,-42,0,380,561,3,0,561,380,181
887959567,NODE_F42DC973E618,blackhole,2,B0:CB:D8:F3:32:19,-42,0,381,562,3,0,562,381,181
888059563,NODE_F42DC973E618,blackhole,2,B0:CB:D8:F3:32:19,-42,0,381,562,3,0,562,381,181
888159564,NODE_F42DC973E618,blackhole,2,B0:CB:D8:F3:32:19,-43,0,381,562,3,0,562,381,181
888259571,NODE_F42DC973E618,blackhole,2,B0:CB:D8:F3:32:19,-43,0,381,562,3,0,562,381,181
888359567,NODE_F42DC973E618,blackhole,2,B0:CB:D8:F3:32:19,-43,0,381,562,3,0,562,381,181
888459568,NODE_F42DC973E618,blackhole,2,B0:CB:D8:F3:32:19,-43,0,381,562,3,0,562,381,181
888559559,NODE_F42DC973E618,blackhole,2,B0:CB:D8:F3:32:19,-43,0,381,562,3,0,562,381,181
888659563,NODE_F42DC973E618,blackhole,2,B0:CB:D8:F3:32:19,-43,0,381,562,3,0,562,381,181
888759568,NODE_F42DC973E618,blackhole,2,B0:CB:D8:F3:32:19,-43,0,381,562,3,0,562,381,181
888859555,NODE_F42DC973E618,blackhole,2,B0:CB:D8:F3:32:19,-43,0,381,562,3,0,562,381,181
888959567,NODE_F42DC973E618,blackhole,2,B0:CB:D8:F3:32:19,-43,0,382,563,3,0,563,382,181
889059564,NODE_F42DC973E618,blackhole,2,B0:CB:D8:F3:32:19,-43,0,382,563,3,0,563,382,181
889159563,NODE_F42DC973E618,blackhole,2,B0:CB:D8:F3:32:19,-39,0,382,563,3,0,563,382,181
889259567,NODE_F42DC973E618,blackhole,2,B0:CB:D8:F3:32:19,-39,0,382,563,3,0,563,382,181
889359572,NODE_F42DC973E618,blackhole,2,B0:CB:D8:F3:32:19,-39,0,382,563,3,0,563,382,181
889459567,NODE_F42DC973E618,blackhole,2,B0:CB:D8:F3:32:19,-39,0,382,563,3,0,563,382,181
889559555,NODE_F42DC973E618,blackhole,2,B0:CB:D8:F3:32:19,-39,0,382,563,3,0,563,382,181
889659564,NODE_F42DC973E618,blackhole,2,B0:CB:D8:F3:32:19,-39,0,382,563,3,0,563,382,181
889759567,NODE_F42DC973E618,blackhole,2,B0:CB:D8:F3:32:19,-39,0,382,563,3,0,563,382,181
889859555,NODE_F42DC973E618,blackhole,2,B0:CB:D8:F3:32:19,-39,0,382,563,3,0,563,382,181
889959568,NODE_F42DC973E618,blackhole,2,B0:CB:D8:F3:32:19,-39,0,383,564,3,0,564,383,181
890059563,NODE_F42DC973E618,blackhole,2,B0:CB:D8:F3:32:19,-39,0,383,564,3,0,564,383,181
890159563,NODE_F42DC973E618,blackhole,2,B0:CB:D8:F3:32:19,-42,0,383,564,3,0,564,383,181
890259568,NODE_F42DC973E618,blackhole,2,B0:CB:D8:F3:32:19,-42,0,383,564,3,0,564,383,181
890359575,NODE_F42DC973E618,blackhole,2,B0:CB:D8:F3:32:19,-42,0,383,564,3,0,564,383,181
890459567,NODE_F42DC973E618,blackhole,2,B0:CB:D8:F3:32:19,-42,0,383,564,3,0,564,383,181
890559556,NODE_F42DC973E618,blackhole,2,B0:CB:D8:F3:32:19,-42,0,383,564,3,0,564,383,181
890659563,NODE_F42DC973E618,blackhole,2,B0:CB:D8:F3:32:19,-42,0,383,564,3,0,564,383,181
890759567,NODE_F42DC973E618,blackhole,2,B0:CB:D8:F3:32:19,-42,0,383,564,3,0,564,383,181
890859556,NODE_F42DC973E618,blackhole,2,B0:CB:D8:F3:32:19,-42,0,383,564,3,0,564,383,181
890959567,NODE_F42DC973E618,blackhole,2,B0:CB:D8:F3:32:19,-42,0,384,565,3,0,565,384,181
891059567,NODE_F42DC973E618,blackhole,2,B0:CB:D8:F3:32:19,-42,0,384,565,3,0,565,384,181
891159564,NODE_F42DC973E618,blackhole,2,B0:CB:D8:F3:32:19,-42,0,384,565,3,0,565,384,181
891259567,NODE_F42DC973E618,blackhole,2,B0:CB:D8:F3:32:19,-42,0,384,565,3,0,565,384,181
891359567,NODE_F42DC973E618,blackhole,2,B0:CB:D8:F3:32:19,-42,0,384,565,3,0,565,384,181
891459568,NODE_F42DC973E618,blackhole,2,B0:CB:D8:F3:32:19,-42,0,384,565,3,0,565,384,181
891559555,NODE_F42DC973E618,blackhole,2,B0:CB:D8:F3:32:19,-42,0,384,565,3,0,565,384,181
891659563,NODE_F42DC973E618,blackhole,2,B0:CB:D8:F3:32:19,-42,0,384,565,3,0,565,384,181
891759564,NODE_F42DC973E618,blackhole,2,B0:CB:D8:F3:32:19,-42,0,384,565,3,0,565,384,181
891859567,NODE_F42DC973E618,blackhole,2,B0:CB:D8:F3:32:19,-42,0,384,565,3,0,565,384,181
891959567,NODE_F42DC973E618,blackhole,2,B0:CB:D8:F3:32:19,-42,0,385,566,3,0,566,385,181
892059564,NODE_F42DC973E618,blackhole,2,B0:CB:D8:F3:32:19,-42,0,385,566,3,0,566,385,181
892159555,NODE_F42DC973E618,blackhole,2,B0:CB:D8:F3:32:19,-42,0,385,566,3,0,566,385,181
892259571,NODE_F42DC973E618,blackhole,2,B0:CB:D8:F3:32:19,-39,0,385,566,3,0,566,385,181
892359568,NODE_F42DC973E618,blackhole,2,B0:CB:D8:F3:32:19,-39,0,385,566,3,0,566,385,181
892459567,NODE_F42DC973E618,blackhole,2,B0:CB:D8:F3:32:19,-39,0,385,566,3,0,566,385,181
892559567,NODE_F42DC973E618,blackhole,2,B0:CB:D8:F3:32:19,-39,0,385,566,3,0,566,385,181
892659564,NODE_F42DC973E618,blackhole,2,B0:CB:D8:F3:32:19,-39,0,385,566,3,0,566,385,181
892759559,NODE_F42DC973E618,blackhole,2,B0:CB:D8:F3:32:19,-39,0,385,566,3,0,566,385,181
892859559,NODE_F42DC973E618,blackhole,2,B0:CB:D8:F3:32:19,-39,0,385,566,3,0,566,385,181
892959568,NODE_F42DC973E618,blackhole,2,B0:CB:D8:F3:32:19,-39,0,386,567,3,0,567,386,181
893059563,NODE_F42DC973E618,blackhole,2,B0:CB:D8:F3:32:19,-39,0,386,567,3,0,567,386,181
893159555,NODE_F42DC973E618,blackhole,2,B0:CB:D8:F3:32:19,-39,0,386,567,3,0,567,386,181
893259576,NODE_F42DC973E618,blackhole,2,B0:CB:D8:F3:32:19,-43,0,386,567,3,0,567,386,181
893359575,NODE_F42DC973E618,blackhole,2,B0:CB:D8:F3:32:19,-43,0,386,567,3,0,567,386,181
893459567,NODE_F42DC973E618,blackhole,2,B0:CB:D8:F3:32:19,-43,0,386,567,3,0,567,386,181
893559568,NODE_F42DC973E618,blackhole,2,B0:CB:D8:F3:32:19,-43,0,386,567,3,0,567,386,181
893659559,NODE_F42DC973E618,blackhole,2,B0:CB:D8:F3:32:19,-43,0,386,567,3,0,567,386,181
893759563,NODE_F42DC973E618,blackhole,2,B0:CB:D8:F3:32:19,-43,0,386,567,3,0,567,386,181
893859560,NODE_F42DC973E618,blackhole,2,B0:CB:D8:F3:32:19,-43,0,386,567,3,0,567,386,181
893959567,NODE_F42DC973E618,blackhole,2,B0:CB:D8:F3:32:19,-43,0,387,568,3,0,568,387,181
894059563,NODE_F42DC973E618,blackhole,2,B0:CB:D8:F3:32:19,-43,0,387,568,3,0,568,387,181
894159556,NODE_F42DC973E618,blackhole,2,B0:CB:D8:F3:32:19,-43,0,387,568,3,0,568,387,181
894259567,NODE_F42DC973E618,blackhole,2,B0:CB:D8:F3:32:19,-42,0,387,568,3,0,568,387,181
894359567,NODE_F42DC973E618,blackhole,2,B0:CB:D8:F3:32:19,-42,0,387,568,3,0,568,387,181
894459568,NODE_F42DC973E618,blackhole,2,B0:CB:D8:F3:32:19,-42,0,387,568,3,0,568,387,181
894559567,NODE_F42DC973E618,blackhole,2,B0:CB:D8:F3:32:19,-42,0,387,568,3,0,568,387,181
894659567,NODE_F42DC973E618,blackhole,2,B0:CB:D8:F3:32:19,-42,0,387,568,3,0,568,387,181
894759564,NODE_F42DC973E618,blackhole,2,B0:CB:D8:F3:32:19,-42,0,387,568,3,0,568,387,181
894859559,NODE_F42DC973E618,blackhole,2,B0:CB:D8:F3:32:19,-42,0,387,568,3,0,568,387,181
894959567,NODE_F42DC973E618,blackhole,2,B0:CB:D8:F3:32:19,-42,0,388,569,3,0,569,388,181
895059564,NODE_F42DC973E618,blackhole,2,B0:CB:D8:F3:32:19,-42,0,388,569,3,0,569,388,181
895159555,NODE_F42DC973E618,blackhole,2,B0:CB:D8:F3:32:19,-42,0,388,569,3,0,569,388,181
895259571,NODE_F42DC973E618,blackhole,2,B0:CB:D8:F3:32:19,-42,0,388,569,3,0,569,388,181
895359568,NODE_F42DC973E618,blackhole,2,B0:CB:D8:F3:32:19,-42,0,388,569,3,0,569,388,181
895459567,NODE_F42DC973E618,blackhole,2,B0:CB:D8:F3:32:19,-42,0,388,569,3,0,569,388,181
895559567,NODE_F42DC973E618,blackhole,2,B0:CB:D8:F3:32:19,-42,0,388,569,3,0,569,388,181
895659560,NODE_F42DC973E618,blackhole,2,B0:CB:D8:F3:32:19,-42,0,388,569,3,0,569,388,181
895759563,NODE_F42DC973E618,blackhole,2,B0:CB:D8:F3:32:19,-42,0,388,569,3,0,569,388,181
895859555,NODE_F42DC973E618,blackhole,2,B0:CB:D8:F3:32:19,-42,0,388,569,3,0,569,388,181
895959568,NODE_F42DC973E618,blackhole,2,B0:CB:D8:F3:32:19,-42,0,389,570,3,0,570,389,181
896059563,NODE_F42DC973E618,blackhole,2,B0:CB:D8:F3:32:19,-42,0,389,570,3,0,570,389,181
896159555,NODE_F42DC973E618,blackhole,2,B0:CB:D8:F3:32:19,-42,0,389,570,3,0,570,389,181
896259564,NODE_F42DC973E618,blackhole,2,B0:CB:D8:F3:32:19,-42,0,389,570,3,0,570,389,181
896359571,NODE_F42DC973E618,blackhole,2,B0:CB:D8:F3:32:19,-43,0,389,570,3,0,570,389,181
896459567,NODE_F42DC973E618,blackhole,2,B0:CB:D8:F3:32:19,-43,0,389,570,3,0,570,389,181
896559560,NODE_F42DC973E618,blackhole,2,B0:CB:D8:F3:32:19,-43,0,389,570,3,0,570,389,181
896659567,NODE_F42DC973E618,blackhole,2,B0:CB:D8:F3:32:19,-43,0,389,570,3,0,570,389,181
896759559,NODE_F42DC973E618,blackhole,2,B0:CB:D8:F3:32:19,-43,0,389,570,3,0,570,389,181
896859556,NODE_F42DC973E618,blackhole,2,B0:CB:D8:F3:32:19,-43,0,389,570,3,0,570,389,181
896959567,NODE_F42DC973E618,blackhole,2,B0:CB:D8:F3:32:19,-43,0,390,571,3,0,571,390,181
897059563,NODE_F42DC973E618,blackhole,2,B0:CB:D8:F3:32:19,-43,0,390,571,3,0,571,390,181
897159556,NODE_F42DC973E618,blackhole,2,B0:CB:D8:F3:32:19,-43,0,390,571,3,0,571,390,181
897259563,NODE_F42DC973E618,blackhole,2,B0:CB:D8:F3:32:19,-43,0,390,571,3,0,571,390,181
897359567,NODE_F42DC973E618,blackhole,2,B0:CB:D8:F3:32:19,-42,0,390,571,3,0,571,390,181
897459572,NODE_F42DC973E618,blackhole,2,B0:CB:D8:F3:32:19,-42,0,390,571,3,0,571,390,181
897559559,NODE_F42DC973E618,blackhole,2,B0:CB:D8:F3:32:19,-42,0,390,571,3,0,571,390,181
897659567,NODE_F42DC973E618,blackhole,2,B0:CB:D8:F3:32:19,-42,0,390,571,3,0,571,390,181
897759560,NODE_F42DC973E618,blackhole,2,B0:CB:D8:F3:32:19,-42,0,390,571,3,0,571,390,181
897859555,NODE_F42DC973E618,blackhole,2,B0:CB:D8:F3:32:19,-42,0,390,571,3,0,571,390,181
897959567,NODE_F42DC973E618,blackhole,2,B0:CB:D8:F3:32:19,-42,0,391,572,3,0,572,391,181
898059568,NODE_F42DC973E618,blackhole,2,B0:CB:D8:F3:32:19,-42,0,391,572,3,0,572,391,181
898159555,NODE_F42DC973E618,blackhole,2,B0:CB:D8:F3:32:19,-42,0,391,572,3,0,572,391,181
898259563,NODE_F42DC973E618,blackhole,2,B0:CB:D8:F3:32:19,-42,0,391,572,3,0,572,391,181
898359568,NODE_F42DC973E618,blackhole,2,B0:CB:D8:F3:32:19,-43,0,391,572,3,0,572,391,181
898459567,NODE_F42DC973E618,blackhole,2,B0:CB:D8:F3:32:19,-43,0,391,572,3,0,572,391,181
898559559,NODE_F42DC973E618,blackhole,2,B0:CB:D8:F3:32:19,-43,0,391,572,3,0,572,391,181
898659568,NODE_F42DC973E618,blackhole,2,B0:CB:D8:F3:32:19,-43,0,391,572,3,0,572,391,181
898759563,NODE_F42DC973E618,blackhole,2,B0:CB:D8:F3:32:19,-43,0,391,572,3,0,572,391,181
898859555,NODE_F42DC973E618,blackhole,2,B0:CB:D8:F3:32:19,-43,0,391,572,3,0,572,391,181
898959568,NODE_F42DC973E618,blackhole,2,B0:CB:D8:F3:32:19,-43,0,392,573,3,0,573,392,181
899059563,NODE_F42DC973E618,blackhole,2,B0:CB:D8:F3:32:19,-43,0,392,573,3,0,573,392,181
899159555,NODE_F42DC973E618,blackhole,2,B0:CB:D8:F3:32:19,-43,0,392,573,3,0,573,392,181
899259568,NODE_F42DC973E618,blackhole,2,B0:CB:D8:F3:32:19,-43,0,392,573,3,0,573,392,181
899359575,NODE_F42DC973E618,blackhole,2,B0:CB:D8:F3:32:19,-38,0,392,573,3,0,573,392,181
899459567,NODE_F42DC973E618,blackhole,2,B0:CB:D8:F3:32:19,-38,0,392,573,3,0,573,392,181
899559560,NODE_F42DC973E618,blackhole,2,B0:CB:D8:F3:32:19,-38,0,392,573,3,0,573,392,181
899659567,NODE_F42DC973E618,blackhole,2,B0:CB:D8:F3:32:19,-38,0,392,573,3,0,573,392,181
899759571,NODE_F42DC973E618,blackhole,2,B0:CB:D8:F3:32:19,-38,0,392,573,3,0,573,392,181
899859556,NODE_F42DC973E618,blackhole,2,B0:CB:D8:F3:32:19,-38,0,392,573,3,0,573,392,181
899959563,NODE_F42DC973E618,blackhole,2,B0:CB:D8:F3:32:19,-38,0,393,574,3,0,574,393,181
900059563,NODE_F42DC973E618,blackhole,2,B0:CB:D8:F3:32:19,-38,0,393,574,3,0,574,393,181
900159556,NODE_F42DC973E618,blackhole,2,B0:CB:D8:F3:32:19,-38,0,393,574,3,0,574,393,181
900259575,NODE_F42DC973E618,blackhole,2,B0:CB:D8:F3:32:19,-38,0,393,574,3,0,574,393,181
900359563,NODE_F42DC973E618,blackhole,2,B0:CB:D8:F3:32:19,-38,0,393,574,3,0,574,393,181
900459568,NODE_F42DC973E618,blackhole,2,B0:CB:D8:F3:32:19,-40,0,393,574,3,0,574,393,181
900559559,NODE_F42DC973E618,blackhole,2,B0:CB:D8:F3:32:19,-40,0,393,574,3,0,574,393,181
900659567,NODE_F42DC973E618,blackhole,2,B0:CB:D8:F3:32:19,-40,0,393,574,3,0,574,393,181
900759568,NODE_F42DC973E618,blackhole,2,B0:CB:D8:F3:32:19,-40,0,393,574,3,0,574,393,181
900859555,NODE_F42DC973E618,blackhole,2,B0:CB:D8:F3:32:19,-40,0,393,574,3,0,574,393,181
900959563,NODE_F42DC973E618,blackhole,2,B0:CB:D8:F3:32:19,-40,0,394,575,3,0,575,394,181
901059564,NODE_F42DC973E618,blackhole,2,B0:CB:D8:F3:32:19,-40,0,394,575,3,0,575,394,181
901159559,NODE_F42DC973E618,blackhole,2,B0:CB:D8:F3:32:19,-40,0,394,575,3,0,575,394,181
901259563,NODE_F42DC973E618,blackhole,2,B0:CB:D8:F3:32:19,-40,0,394,575,3,0,575,394,181
901359564,NODE_F42DC973E618,blackhole,2,B0:CB:D8:F3:32:19,-40,0,394,575,3,0,575,394,181
901459575,NODE_F42DC973E618,blackhole,2,B0:CB:D8:F3:32:19,-38,0,394,575,3,0,575,394,181
901559559,NODE_F42DC973E618,blackhole,2,B0:CB:D8:F3:32:19,-38,0,394,575,3,0,575,394,181
901659568,NODE_F42DC973E618,blackhole,2,B0:CB:D8:F3:32:19,-38,0,394,575,3,0,575,394,181
901759567,NODE_F42DC973E618,blackhole,2,B0:CB:D8:F3:32:19,-38,0,394,575,3,0,575,394,181
901860008,NODE_F42DC973E618,blackhole,2,B0:CB:D8:F3:32:19,-38,0,394,575,3,0,575,394,181
901959568,NODE_F42DC973E618,blackhole,2,B0:CB:D8:F3:32:19,-38,0,394,576,3,0,576,394,181
902059575,NODE_F42DC973E618,blackhole,2,B0:CB:D8:F3:32:19,-38,0,395,576,3,0,576,395,181
902159555,NODE_F42DC973E618,blackhole,2,B0:CB:D8:F3:32:19,-38,0,395,576,3,0,576,395,181
902259560,NODE_F42DC973E618,blackhole,2,B0:CB:D8:F3:32:19,-38,0,395,576,3,0,576,395,181
902359571,NODE_F42DC973E618,blackhole,2,B0:CB:D8:F3:32:19,-38,0,395,576,3,0,576,395,181
902459567,NODE_F42DC973E618,blackhole,2,B0:CB:D8:F3:32:19,-37,0,395,576,3,0,576,395,181
902559568,NODE_F42DC973E618,blackhole,2,B0:CB:D8:F3:32:19,-37,0,395,576,3,0,576,395,181
902659567,NODE_F42DC973E618,blackhole,2,B0:CB:D8:F3:32:19,-37,0,395,576,3,0,576,395,181
902759567,NODE_F42DC973E618,blackhole,2,B0:CB:D8:F3:32:19,-37,0,395,576,3,0,576,395,181
902859556,NODE_F42DC973E618,blackhole,2,B0:CB:D8:F3:32:19,-37,0,395,576,3,0,576,395,181
902959563,NODE_F42DC973E618,blackhole,2,B0:CB:D8:F3:32:19,-37,0,396,577,3,0,577,396,181
903059567,NODE_F42DC973E618,blackhole,2,B0:CB:D8:F3:32:19,-37,0,396,577,3,0,577,396,181
903159556,NODE_F42DC973E618,blackhole,2,B0:CB:D8:F3:32:19,-37,0,396,577,3,0,577,396,181
903259563,NODE_F42DC973E618,blackhole,2,B0:CB:D8:F3:32:19,-37,0,396,577,3,0,577,396,181
903359571,NODE_F42DC973E618,blackhole,2,B0:CB:D8:F3:32:19,-37,0,396,577,3,0,577,396,181
903560082,NODE_F42DC973E618,blackhole,2,B0:CB:D8:F3:32:19,-38,0,396,577,3,0,577,396,181
903560857,NODE_F42DC973E618,blackhole,2,B0:CB:D8:F3:32:19,-38,0,396,577,3,0,577,396,181
903659567,NODE_F42DC973E618,blackhole,2,B0:CB:D8:F3:32:19,-38,0,396,577,3,0,577,396,181
903759568,NODE_F42DC973E618,blackhole,2,B0:CB:D8:F3:32:19,-38,0,396,577,3,0,577,396,181
903859555,NODE_F42DC973E618,blackhole,2,B0:CB:D8:F3:32:19,-38,0,396,577,3,0,577,396,181
903959644,NODE_F42DC973E618,blackhole,2,B0:CB:D8:F3:32:19,-38,0,396,578,3,0,578,396,181
904059568,NODE_F42DC973E618,blackhole,2,B0:CB:D8:F3:32:19,-38,0,397,578,3,0,578,397,181
904159555,NODE_F42DC973E618,blackhole,2,B0:CB:D8:F3:32:19,-38,0,397,578,3,0,578,397,181
904259559,NODE_F42DC973E618,blackhole,2,B0:CB:D8:F3:32:19,-38,0,397,578,3,0,578,397,181
904359564,NODE_F42DC973E618,blackhole,2,B0:CB:D8:F3:32:19,-38,0,397,578,3,0,578,397,181
904483246,NODE_F42DC973E618,blackhole,2,B0:CB:D8:F3:32:19,-40,0,397,578,3,0,578,397,181
904559555,NODE_F42DC973E618,blackhole,2,B0:CB:D8:F3:32:19,-40,0,397,578,3,0,578,397,181
904659568,NODE_F42DC973E618,blackhole,2,B0:CB:D8:F3:32:19,-40,0,397,578,3,0,578,397,181
904759567,NODE_F42DC973E618,blackhole,2,B0:CB:D8:F3:32:19,-40,0,397,578,3,0,578,397,181
904859567,NODE_F42DC973E618,blackhole,2,B0:CB:D8:F3:32:19,-40,0,397,578,3,0,578,397,181
904959564,NODE_F42DC973E618,blackhole,2,B0:CB:D8:F3:32:19,-40,0,397,578,3,0,578,397,181
905059563,NODE_F42DC973E618,blackhole,2,B0:CB:D8:F3:32:19,-40,0,398,579,3,0,579,398,181
905159555,NODE_F42DC973E618,blackhole,2,B0:CB:D8:F3:32:19,-40,0,398,579,3,0,579,398,181
905259564,NODE_F42DC973E618,blackhole,2,B0:CB:D8:F3:32:19,-40,0,398,579,3,0,579,398,181
905359571,NODE_F42DC973E618,blackhole,2,B0:CB:D8:F3:32:19,-40,0,398,579,3,0,579,398,181
905469029,NODE_F42DC973E618,blackhole,2,B0:CB:D8:F3:32:19,-40,0,398,579,3,0,579,398,181
905559568,NODE_F42DC973E618,blackhole,2,B0:CB:D8:F3:32:19,-42,0,398,579,3,0,579,398,181
905659567,NODE_F42DC973E618,blackhole,2,B0:CB:D8:F3:32:19,-42,0,398,579,3,0,579,398,181
905759567,NODE_F42DC973E618,blackhole,2,B0:CB:D8:F3:32:19,-42,0,398,579,3,0,579,398,181
905859568,NODE_F42DC973E618,blackhole,2,B0:CB:D8:F3:32:19,-42,0,398,579,3,0,579,398,181
905959567,NODE_F42DC973E618,blackhole,2,B0:CB:D8:F3:32:19,-42,0,398,579,3,0,579,398,181
906059563,NODE_F42DC973E618,blackhole,2,B0:CB:D8:F3:32:19,-42,0,399,580,3,0,580,399,181
906159560,NODE_F42DC973E618,blackhole,2,B0:CB:D8:F3:32:19,-42,0,399,580,3,0,580,399,181
906259571,NODE_F42DC973E618,blackhole,2,B0:CB:D8:F3:32:19,-42,0,399,580,3,0,580,399,181
906367564,NODE_F42DC973E618,blackhole,2,B0:CB:D8:F3:32:19,-42,0,399,580,3,0,580,399,181
906459564,NODE_F42DC973E618,blackhole,2,B0:CB:D8:F3:32:19,-42,0,399,580,3,0,580,399,181
906559563,NODE_F42DC973E618,blackhole,2,B0:CB:D8:F3:32:19,-38,0,399,580,3,0,580,399,181
906659567,NODE_F42DC973E618,blackhole,2,B0:CB:D8:F3:32:19,-38,0,399,580,3,0,580,399,181
906759568,NODE_F42DC973E618,blackhole,2,B0:CB:D8:F3:32:19,-38,0,399,580,3,0,580,399,181
906859567,NODE_F42DC973E618,blackhole,2,B0:CB:D8:F3:32:19,-38,0,399,580,3,0,580,399,181
906959559,NODE_F42DC973E618,blackhole,2,B0:CB:D8:F3:32:19,-38,0,399,580,3,0,580,399,181
907059564,NODE_F42DC973E618,blackhole,2,B0:CB:D8:F3:32:19,-38,0,400,581,3,0,581,400,181
907159559,NODE_F42DC973E618,blackhole,2,B0:CB:D8:F3:32:19,-38,0,400,581,3,0,581,400,181
907259575,NODE_F42DC973E618,blackhole,2,B0:CB:D8:F3:32:19,-38,0,400,581,3,0,581,400,181
907371685,NODE_F42DC973E618,blackhole,2,B0:CB:D8:F3:32:19,-38,0,400,581,3,0,581,400,181
907459563,NODE_F42DC973E618,blackhole,2,B0:CB:D8:F3:32:19,-38,0,400,581,3,0,581,400,181
907559563,NODE_F42DC973E618,blackhole,2,B0:CB:D8:F3:32:19,-38,0,400,581,3,0,581,400,181
907659568,NODE_F42DC973E618,blackhole,2,B0:CB:D8:F3:32:19,-38,0,400,581,3,0,581,400,181
907759563,NODE_F42DC973E618,blackhole,2,B0:CB:D8:F3:32:19,-38,0,400,581,3,0,581,400,181
907859567,NODE_F42DC973E618,blackhole,2,B0:CB:D8:F3:32:19,-38,0,400,581,3,0,581,400,181
907959568,NODE_F42DC973E618,blackhole,2,B0:CB:D8:F3:32:19,-38,0,400,581,3,0,581,400,181
908059563,NODE_F42DC973E618,blackhole,2,B0:CB:D8:F3:32:19,-38,0,401,582,3,0,582,401,181
908159555,NODE_F42DC973E618,blackhole,2,B0:CB:D8:F3:32:19,-38,0,401,582,3,0,582,401,181
908259568,NODE_F42DC973E618,blackhole,2,B0:CB:D8:F3:32:19,-38,0,401,582,3,0,582,401,181
908367716,NODE_F42DC973E618,blackhole,2,B0:CB:D8:F3:32:19,-38,0,401,582,3,0,582,401,181
908459559,NODE_F42DC973E618,blackhole,2,B0:CB:D8:F3:32:19,-38,0,401,582,3,0,582,401,181
908559564,NODE_F42DC973E618,blackhole,2,B0:CB:D8:F3:32:19,-42,0,401,582,3,0,582,401,181
908659563,NODE_F42DC973E618,blackhole,2,B0:CB:D8:F3:32:19,-42,0,401,582,3,0,582,401,181
908759567,NODE_F42DC973E618,blackhole,2,B0:CB:D8:F3:32:19,-42,0,401,582,3,0,582,401,181
908859568,NODE_F42DC973E618,blackhole,2,B0:CB:D8:F3:32:19,-42,0,401,582,3,0,582,401,181
908959571,NODE_F42DC973E618,blackhole,2,B0:CB:D8:F3:32:19,-42,0,401,582,3,0,582,401,181
909059563,NODE_F42DC973E618,blackhole,2,B0:CB:D8:F3:32:19,-42,0,402,583,3,0,583,402,181
909159560,NODE_F42DC973E618,blackhole,2,B0:CB:D8:F3:32:19,-42,0,402,583,3,0,583,402,181
909269573,NODE_F42DC973E618,blackhole,2,B0:CB:D8:F3:32:19,-42,0,402,583,3,0,583,402,181
909359563,NODE_F42DC973E618,blackhole,2,B0:CB:D8:F3:32:19,-42,0,402,583,3,0,583,402,181
909459564,NODE_F42DC973E618,blackhole,2,B0:CB:D8:F3:32:19,-42,0,402,583,3,0,583,402,181
909559567,NODE_F42DC973E618,blackhole,2,B0:CB:D8:F3:32:19,-42,0,402,583,3,0,583,402,181
909659575,NODE_F42DC973E618,blackhole,2,B0:CB:D8:F3:32:19,-42,0,402,583,3,0,583,402,181
909759568,NODE_F42DC973E618,blackhole,2,B0:CB:D8:F3:32:19,-42,0,402,583,3,0,583,402,181
909859559,NODE_F42DC973E618,blackhole,2,B0:CB:D8:F3:32:19,-42,0,402,583,3,0,583,402,181
909959567,NODE_F42DC973E618,blackhole,2,B0:CB:D8:F3:32:19,-42,0,402,583,3,0,583,402,181
910059564,NODE_F42DC973E618,blackhole,2,B0:CB:D8:F3:32:19,-42,0,403,584,3,0,584,403,181
910159555,NODE_F42DC973E618,blackhole,2,B0:CB:D8:F3:32:19,-42,0,403,584,3,0,584,403,181
910270946,NODE_F42DC973E618,blackhole,2,B0:CB:D8:F3:32:19,-42,0,403,584,3,0,584,403,181
910359564,NODE_F42DC973E618,blackhole,2,B0:CB:D8:F3:32:19,-42,0,403,584,3,0,584,403,181
910459563,NODE_F42DC973E618,blackhole,2,B0:CB:D8:F3:32:19,-42,0,403,584,3,0,584,403,181
910559555,NODE_F42DC973E618,blackhole,2,B0:CB:D8:F3:32:19,-42,0,403,584,3,0,584,403,181
910659568,NODE_F42DC973E618,blackhole,2,B0:CB:D8:F3:32:19,-42,0,403,584,3,0,584,403,181
910759567,NODE_F42DC973E618,blackhole,2,B0:CB:D8:F3:32:19,-42,0,403,584,3,0,584,403,181
910859559,NODE_F42DC973E618,blackhole,2,B0:CB:D8:F3:32:19,-42,0,403,584,3,0,584,403,181
910959568,NODE_F42DC973E618,blackhole,2,B0:CB:D8:F3:32:19,-42,0,403,584,3,0,584,403,181
911059563,NODE_F42DC973E618,blackhole,2,B0:CB:D8:F3:32:19,-42,0,404,585,3,0,585,404,181
911159555,NODE_F42DC973E618,blackhole,2,B0:CB:D8:F3:32:19,-42,0,404,585,3,0,585,404,181
911337941,NODE_F42DC973E618,blackhole,2,B0:CB:D8:F3:32:19,-42,0,404,585,3,0,585,404,181
911359559,NODE_F42DC973E618,blackhole,2,B0:CB:D8:F3:32:19,-42,0,404,585,3,0,585,404,181
911459559,NODE_F42DC973E618,blackhole,2,B0:CB:D8:F3:32:19,-42,0,404,585,3,0,585,404,181
911559556,NODE_F42DC973E618,blackhole,2,B0:CB:D8:F3:32:19,-42,0,404,585,3,0,585,404,181
911659567,NODE_F42DC973E618,blackhole,2,B0:CB:D8:F3:32:19,-42,0,404,585,3,0,585,404,181
911759563,NODE_F42DC973E618,blackhole,2,B0:CB:D8:F3:32:19,-42,0,404,585,3,0,585,404,181
911859560,NODE_F42DC973E618,blackhole,2,B0:CB:D8:F3:32:19,-42,0,404,585,3,0,585,404,181
911959575,NODE_F42DC973E618,blackhole,2,B0:CB:D8:F3:32:19,-42,0,404,585,3,0,585,404,181
912084646,NODE_F42DC973E618,blackhole,2,B0:CB:D8:F3:32:19,-42,0,405,586,3,0,586,405,181
912159556,NODE_F42DC973E618,blackhole,2,B0:CB:D8:F3:32:19,-42,0,405,586,3,0,586,405,181
912259567,NODE_F42DC973E618,blackhole,2,B0:CB:D8:F3:32:19,-42,0,405,586,3,0,586,405,181
912359559,NODE_F42DC973E618,blackhole,2,B0:CB:D8:F3:32:19,-42,0,405,586,3,0,586,405,181
912459564,NODE_F42DC973E618,blackhole,2,B0:CB:D8:F3:32:19,-42,0,405,586,3,0,586,405,181
912559555,NODE_F42DC973E618,blackhole,2,B0:CB:D8:F3:32:19,-42,0,405,586,3,0,586,405,181
912659567,NODE_F42DC973E618,blackhole,2,B0:CB:D8:F3:32:19,-42,0,405,586,3,0,586,405,181
912759564,NODE_F42DC973E618,blackhole,2,B0:CB:D8:F3:32:19,-42,0,405,586,3,0,586,405,181
912859559,NODE_F42DC973E618,blackhole,2,B0:CB:D8:F3:32:19,-42,0,405,586,3,0,586,405,181
912959567,NODE_F42DC973E618,blackhole,2,B0:CB:D8:F3:32:19,-42,0,405,586,3,0,586,405,181
913069841,NODE_F42DC973E618,blackhole,2,B0:CB:D8:F3:32:19,-42,0,406,587,3,0,587,406,181
913159555,NODE_F42DC973E618,blackhole,2,B0:CB:D8:F3:32:19,-42,0,406,587,3,0,587,406,181
913259575,NODE_F42DC973E618,blackhole,2,B0:CB:D8:F3:32:19,-42,0,406,587,3,0,587,406,181
913359556,NODE_F42DC973E618,blackhole,2,B0:CB:D8:F3:32:19,-42,0,406,587,3,0,587,406,181
913459563,NODE_F42DC973E618,blackhole,2,B0:CB:D8:F3:32:19,-42,0,406,587,3,0,587,406,181
913559555,NODE_F42DC973E618,blackhole,2,B0:CB:D8:F3:32:19,-42,0,406,587,3,0,587,406,181
913659560,NODE_F42DC973E618,blackhole,2,B0:CB:D8:F3:32:19,-42,0,406,587,3,0,587,406,181
913759563,NODE_F42DC973E618,blackhole,2,B0:CB:D8:F3:32:19,-40,0,406,587,3,0,587,406,181
913859559,NODE_F42DC973E618,blackhole,2,B0:CB:D8:F3:32:19,-40,0,406,587,3,0,587,406,181
913959568,NODE_F42DC973E618,blackhole,2,B0:CB:D8:F3:32:19,-40,0,406,587,3,0,587,406,181
914068801,NODE_F42DC973E618,blackhole,2,B0:CB:D8:F3:32:19,-40,0,407,588,3,0,588,407,181
914159555,NODE_F42DC973E618,blackhole,2,B0:CB:D8:F3:32:19,-40,0,407,588,3,0,588,407,181
914259576,NODE_F42DC973E618,blackhole,2,B0:CB:D8:F3:32:19,-40,0,407,588,3,0,588,407,181
914359571,NODE_F42DC973E618,blackhole,2,B0:CB:D8:F3:32:19,-40,0,407,588,3,0,588,407,181
914459563,NODE_F42DC973E618,blackhole,2,B0:CB:D8:F3:32:19,-40,0,407,588,3,0,588,407,181
914559556,NODE_F42DC973E618,blackhole,2,B0:CB:D8:F3:32:19,-40,0,407,588,3,0,588,407,181
914659563,NODE_F42DC973E618,blackhole,2,B0:CB:D8:F3:32:19,-40,0,407,588,3,0,588,407,181
914759567,NODE_F42DC973E618,blackhole,2,B0:CB:D8:F3:32:19,-43,0,407,588,3,0,588,407,181
914859560,NODE_F42DC973E618,blackhole,2,B0:CB:D8:F3:32:19,-43,0,407,588,3,0,588,407,181
914972066,NODE_F42DC973E618,blackhole,2,B0:CB:D8:F3:32:19,-43,0,407,588,3,0,588,407,181
915059567,NODE_F42DC973E618,blackhole,2,B0:CB:D8:F3:32:19,-43,0,407,588,3,0,588,407,181
915159556,NODE_F42DC973E618,blackhole,2,B0:CB:D8:F3:32:19,-43,0,407,588,3,0,588,407,181
915259559,NODE_F42DC973E618,blackhole,2,B0:CB:D8:F3:32:19,-43,0,407,588,3,0,588,407,181
915359567,NODE_F42DC973E618,blackhole,2,B0:CB:D8:F3:32:19,-43,0,407,588,3,0,588,407,181
915459568,NODE_F42DC973E618,blackhole,2,B0:CB:D8:F3:32:19,-43,0,407,588,3,0,588,407,181
915559555,NODE_F42DC973E618,blackhole,2,B0:CB:D8:F3:32:19,-43,0,407,588,3,0,588,407,181
915659559,NODE_F42DC973E618,blackhole,2,B0:CB:D8:F3:32:19,-43,0,407,588,3,0,588,407,181
915759568,NODE_F42DC973E618,blackhole,2,B0:CB:D8:F3:32:19,-42,0,407,588,3,0,588,407,181
915859559,NODE_F42DC973E618,blackhole,2,B0:CB:D8:F3:32:19,-42,0,407,588,3,0,588,407,181
915970123,NODE_F42DC973E618,blackhole,2,B0:CB:D8:F3:32:19,-42,0,407,588,3,0,588,407,181
916059568,NODE_F42DC973E618,blackhole,2,B0:CB:D8:F3:32:19,-42,0,407,588,3,0,588,407,181
916159555,NODE_F42DC973E618,blackhole,2,B0:CB:D8:F3:32:19,-42,0,407,588,3,0,588,407,181
916259559,NODE_F42DC973E618,blackhole,2,B0:CB:D8:F3:32:19,-42,0,407,588,3,0,588,407,181
916359564,NODE_F42DC973E618,blackhole,2,B0:CB:D8:F3:32:19,-42,0,408,589,3,0,589,408,181
916459563,NODE_F42DC973E618,blackhole,2,B0:CB:D8:F3:32:19,-42,0,408,589,3,0,589,408,181
916559567,NODE_F42DC973E618,blackhole,2,B0:CB:D8:F3:32:19,-42,0,408,589,3,0,589,408,181
916659572,NODE_F42DC973E618,blackhole,2,B0:CB:D8:F3:32:19,-42,0,408,589,3,0,589,408,181
916759567,NODE_F42DC973E618,blackhole,2,B0:CB:D8:F3:32:19,-42,0,408,589,3,0,589,408,181
916859559,NODE_F42DC973E618,blackhole,2,B0:CB:D8:F3:32:19,-42,0,408,589,3,0,589,408,181
917039180,NODE_F42DC973E618,blackhole,2,B0:CB:D8:F3:32:19,-42,0,408,589,3,0,589,408,181
917059567,NODE_F42DC973E618,blackhole,2,B0:CB:D8:F3:32:19,-42,0,408,589,3,0,589,408,181
917159555,NODE_F42DC973E618,blackhole,2,B0:CB:D8:F3:32:19,-42,0,408,589,3,0,589,408,181
917259568,NODE_F42DC973E618,blackhole,2,B0:CB:D8:F3:32:19,-42,0,408,589,3,0,589,408,181
917359575,NODE_F42DC973E618,blackhole,2,B0:CB:D8:F3:32:19,-42,0,409,590,3,0,590,409,181
917459563,NODE_F42DC973E618,blackhole,2,B0:CB:D8:F3:32:19,-42,0,409,590,3,0,590,409,181
917559556,NODE_F42DC973E618,blackhole,2,B0:CB:D8:F3:32:19,-42,0,409,590,3,0,590,409,181
917659563,NODE_F42DC973E618,blackhole,2,B0:CB:D8:F3:32:19,-42,0,409,590,3,0,590,409,181
917771442,NODE_F42DC973E618,blackhole,2,B0:CB:D8:F3:32:19,-42,0,409,590,3,0,590,409,181
917859568,NODE_F42DC973E618,blackhole,2,B0:CB:D8:F3:32:19,-43,0,409,590,3,0,590,409,181
917959571,NODE_F42DC973E618,blackhole,2,B0:CB:D8:F3:32:19,-43,0,409,590,3,0,590,409,181
918059567,NODE_F42DC973E618,blackhole,2,B0:CB:D8:F3:32:19,-43,0,409,590,3,0,590,409,181
918159568,NODE_F42DC973E618,blackhole,2,B0:CB:D8:F3:32:19,-43,0,409,590,3,0,590,409,181
918259563,NODE_F42DC973E618,blackhole,2,B0:CB:D8:F3:32:19,-43,0,409,590,3,0,590,409,181
918359563,NODE_F42DC973E618,blackhole,2,B0:CB:D8:F3:32:19,-43,0,410,591,3,0,591,410,181
918459568,NODE_F42DC973E618,blackhole,2,B0:CB:D8:F3:32:19,-43,0,410,591,3,0,591,410,181
918559555,NODE_F42DC973E618,blackhole,2,B0:CB:D8:F3:32:19,-43,0,410,591,3,0,591,410,181
918659563,NODE_F42DC973E618,blackhole,2,B0:CB:D8:F3:32:19,-43,0,410,591,3,0,591,410,181
918769392,NODE_F42DC973E618,blackhole,2,B0:CB:D8:F3:32:19,-43,0,410,591,3,0,591,410,181
918859567,NODE_F42DC973E618,blackhole,2,B0:CB:D8:F3:32:19,-40,0,410,591,3,0,591,410,181
918959571,NODE_F42DC973E618,blackhole,2,B0:CB:D8:F3:32:19,-40,0,410,591,3,0,591,410,181
919059572,NODE_F42DC973E618,blackhole,2,B0:CB:D8:F3:32:19,-40,0,410,591,3,0,591,410,181
919159567,NODE_F42DC973E618,blackhole,2,B0:CB:D8:F3:32:19,-40,0,410,591,3,0,591,410,181
919259559,NODE_F42DC973E618,blackhole,2,B0:CB:D8:F3:32:19,-40,0,410,591,3,0,591,410,181
919359564,NODE_F42DC973E618,blackhole,2,B0:CB:D8:F3:32:19,-40,0,411,592,3,0,592,411,181
919459567,NODE_F42DC973E618,blackhole,2,B0:CB:D8:F3:32:19,-40,0,411,592,3,0,592,411,181
919559555,NODE_F42DC973E618,blackhole,2,B0:CB:D8:F3:32:19,-40,0,411,592,3,0,592,411,181
919659572,NODE_F42DC973E618,blackhole,2,B0:CB:D8:F3:32:19,-40,0,411,592,3,0,592,411,181
919769290,NODE_F42DC973E618,blackhole,2,B0:CB:D8:F3:32:19,-40,0,411,592,3,0,592,411,181
919859567,NODE_F42DC973E618,blackhole,2,B0:CB:D8:F3:32:19,-38,0,411,592,3,0,592,411,181
919959568,NODE_F42DC973E618,blackhole,2,B0:CB:D8:F3:32:19,-38,0,411,592,3,0,592,411,181
920059567,NODE_F42DC973E618,blackhole,2,B0:CB:D8:F3:32:19,-38,0,411,592,3,0,592,411,181
920159567,NODE_F42DC973E618,blackhole,2,B0:CB:D8:F3:32:19,-38,0,411,592,3,0,592,411,181
920259568,NODE_F42DC973E618,blackhole,2,B0:CB:D8:F3:32:19,-38,0,411,592,3,0,592,411,181
920359563,NODE_F42DC973E618,blackhole,2,B0:CB:D8:F3:32:19,-38,0,412,593,3,0,593,412,181
920459567,NODE_F42DC973E618,blackhole,2,B0:CB:D8:F3:32:19,-38,0,412,593,3,0,593,412,181
920559556,NODE_F42DC973E618,blackhole,2,B0:CB:D8:F3:32:19,-38,0,412,593,3,0,593,412,181
920668549,NODE_F42DC973E618,blackhole,2,B0:CB:D8:F3:32:19,-38,0,412,593,3,0,593,412,181
920759571,NODE_F42DC973E618,blackhole,2,B0:CB:D8:F3:32:19,-38,0,412,593,3,0,593,412,181
920859564,NODE_F42DC973E618,blackhole,2,B0:CB:D8:F3:32:19,-38,0,412,593,3,0,593,412,181
920959567,NODE_F42DC973E618,blackhole,2,B0:CB:D8:F3:32:19,-38,0,412,593,3,0,593,412,181
921059567,NODE_F42DC973E618,blackhole,2,B0:CB:D8:F3:32:19,-38,0,412,593,3,0,593,412,181
921159568,NODE_F42DC973E618,blackhole,2,B0:CB:D8:F3:32:19,-38,0,412,593,3,0,593,412,181
921259575,NODE_F42DC973E618,blackhole,2,B0:CB:D8:F3:32:19,-38,0,412,593,3,0,593,412,181
921359563,NODE_F42DC973E618,blackhole,2,B0:CB:D8:F3:32:19,-38,0,413,594,3,0,594,413,181
921459568,NODE_F42DC973E618,blackhole,2,B0:CB:D8:F3:32:19,-38,0,413,594,3,0,594,413,181
921559555,NODE_F42DC973E618,blackhole,2,B0:CB:D8:F3:32:19,-38,0,413,594,3,0,594,413,181
921668429,NODE_F42DC973E618,blackhole,2,B0:CB:D8:F3:32:19,-38,0,413,594,3,0,594,413,181
921759564,NODE_F42DC973E618,blackhole,2,B0:CB:D8:F3:32:19,-38,0,413,594,3,0,594,413,181
921859555,NODE_F42DC973E618,blackhole,2,B0:CB:D8:F3:32:19,-38,0,413,594,3,0,594,413,181
921959575,NODE_F42DC973E618,blackhole,2,B0:CB:D8:F3:32:19,-38,0,413,594,3,0,594,413,181
922059568,NODE_F42DC973E618,blackhole,2,B0:CB:D8:F3:32:19,-38,0,413,594,3,0,594,413,181
922159559,NODE_F42DC973E618,blackhole,2,B0:CB:D8:F3:32:19,-38,0,413,594,3,0,594,413,181
922259567,NODE_F42DC973E618,blackhole,2,B0:CB:D8:F3:32:19,-38,0,413,594,3,0,594,413,181
922359564,NODE_F42DC973E618,blackhole,2,B0:CB:D8:F3:32:19,-38,0,414,595,3,0,595,414,181
922476340,NODE_F42DC973E618,blackhole,2,B0:CB:D8:F3:32:19,-38,0,414,595,3,0,595,414,181
922559559,NODE_F42DC973E618,blackhole,2,B0:CB:D8:F3:32:19,-38,0,414,595,3,0,595,414,181
922659564,NODE_F42DC973E618,blackhole,2,B0:CB:D8:F3:32:19,-38,0,414,595,3,0,595,414,181
922759559,NODE_F42DC973E618,blackhole,2,B0:CB:D8:F3:32:19,-38,0,414,595,3,0,595,414,181
922859555,NODE_F42DC973E618,blackhole,2,B0:CB:D8:F3:32:19,-38,0,414,595,3,0,595,414,181
922959572,NODE_F42DC973E618,blackhole,2,B0:CB:D8:F3:32:19,-38,0,414,595,3,0,595,414,181
923059571,NODE_F42DC973E618,blackhole,2,B0:CB:D8:F3:32:19,-38,0,414,595,3,0,595,414,181
923159559,NODE_F42DC973E618,blackhole,2,B0:CB:D8:F3:32:19,-38,0,414,595,3,0,595,414,181
923259568,NODE_F42DC973E618,blackhole,2,B0:CB:D8:F3:32:19,-38,0,414,595,3,0,595,414,181
923359563,NODE_F42DC973E618,blackhole,2,B0:CB:D8:F3:32:19,-38,0,415,596,3,0,596,415,181
923551540,NODE_F42DC973E618,blackhole,2,B0:CB:D8:F3:32:19,-38,0,415,596,3,0,596,415,181
923559555,NODE_F42DC973E618,blackhole,2,B0:CB:D8:F3:32:19,-38,0,415,596,3,0,596,415,181
923659567,NODE_F42DC973E618,blackhole,2,B0:CB:D8:F3:32:19,-38,0,415,596,3,0,596,415,181
923759564,NODE_F42DC973E618,blackhole,2,B0:CB:D8:F3:32:19,-38,0,415,596,3,0,596,415,181
923859555,NODE_F42DC973E618,blackhole,2,B0:CB:D8:F3:32:19,-38,0,415,596,3,0,596,415,181
923959567,NODE_F42DC973E618,blackhole,2,B0:CB:D8:F3:32:19,-43,0,415,596,3,0,596,415,181
924059564,NODE_F42DC973E618,blackhole,2,B0:CB:D8:F3:32:19,-43,0,415,596,3,0,596,415,181
924159559,NODE_F42DC973E618,blackhole,2,B0:CB:D8:F3:32:19,-43,0,415,596,3,0,596,415,181
924259571,NODE_F42DC973E618,blackhole,2,B0:CB:D8:F3:32:19,-43,0,415,596,3,0,596,415,181
924368707,NODE_F42DC973E618,blackhole,2,B0:CB:D8:F3:32:19,-43,0,416,597,3,0,597,416,181
924459559,NODE_F42DC973E618,blackhole,2,B0:CB:D8:F3:32:19,-43,0,416,597,3,0,597,416,181
924559559,NODE_F42DC973E618,blackhole,2,B0:CB:D8:F3:32:19,-43,0,416,597,3,0,597,416,181
924659564,NODE_F42DC973E618,blackhole,2,B0:CB:D8:F3:32:19,-43,0,416,597,3,0,597,416,181
924759567,NODE_F42DC973E618,blackhole,2,B0:CB:D8:F3:32:19,-43,0,416,597,3,0,597,416,181
924859555,NODE_F42DC973E618,blackhole,2,B0:CB:D8:F3:32:19,-43,0,416,597,3,0,597,416,181
924959568,NODE_F42DC973E618,blackhole,2,B0:CB:D8:F3:32:19,-42,0,416,597,3,0,597,416,181
925059563,NODE_F42DC973E618,blackhole,2,B0:CB:D8:F3:32:19,-42,0,416,597,3,0,597,416,181
925159559,NODE_F42DC973E618,blackhole,2,B0:CB:D8:F3:32:19,-42,0,416,597,3,0,597,416,181
925259568,NODE_F42DC973E618,blackhole,2,B0:CB:D8:F3:32:19,-42,0,416,597,3,0,597,416,181
925371138,NODE_F42DC973E618,blackhole,2,B0:CB:D8:F3:32:19,-42,0,417,598,3,0,598,417,181
925459560,NODE_F42DC973E618,blackhole,2,B0:CB:D8:F3:32:19,-42,0,417,598,3,0,598,417,181
925559559,NODE_F42DC973E618,blackhole,2,B0:CB:D8:F3:32:19,-42,0,417,598,3,0,598,417,181
925659563,NODE_F42DC973E618,blackhole,2,B0:CB:D8:F3:32:19,-42,0,417,598,3,0,598,417,181
925759560,NODE_F42DC973E618,blackhole,2,B0:CB:D8:F3:32:19,-42,0,417,598,3,0,598,417,181
925859555,NODE_F42DC973E618,blackhole,2,B0:CB:D8:F3:32:19,-42,0,417,598,3,0,598,417,181
925959563,NODE_F42DC973E618,blackhole,2,B0:CB:D8:F3:32:19,-42,0,417,598,3,0,598,417,181
926059564,NODE_F42DC973E618,blackhole,2,B0:CB:D8:F3:32:19,-38,0,417,598,3,0,598,417,181
926159559,NODE_F42DC973E618,blackhole,2,B0:CB:D8:F3:32:19,-38,0,417,598,3,0,598,417,181
926267099,NODE_F42DC973E618,blackhole,2,B0:CB:D8:F3:32:19,-38,0,417,598,3,0,598,417,181
926359564,NODE_F42DC973E618,blackhole,2,B0:CB:D8:F3:32:19,-38,0,418,599,3,0,599,418,181
926459563,NODE_F42DC973E618,blackhole,2,B0:CB:D8:F3:32:19,-38,0,418,599,3,0,599,418,181
926559559,NODE_F42DC973E618,blackhole,2,B0:CB:D8:F3:32:19,-38,0,418,599,3,0,599,418,181
926659572,NODE_F42DC973E618,blackhole,2,B0:CB:D8:F3:32:19,-38,0,418,599,3,0,599,418,181
926759559,NODE_F42DC973E618,blackhole,2,B0:CB:D8:F3:32:19,-38,0,418,599,3,0,599,418,181
926859555,NODE_F42DC973E618,blackhole,2,B0:CB:D8:F3:32:19,-38,0,418,599,3,0,599,418,181
926959560,NODE_F42DC973E618,blackhole,2,B0:CB:D8:F3:32:19,-38,0,418,599,3,0,599,418,181
927059567,NODE_F42DC973E618,blackhole,2,B0:CB:D8:F3:32:19,-43,0,418,599,3,0,599,418,181
927159559,NODE_F42DC973E618,blackhole,2,B0:CB:D8:F3:32:19,-43,0,418,599,3,0,599,418,181
927273547,NODE_F42DC973E618,blackhole,2,B0:CB:D8:F3:32:19,-43,0,418,599,3,0,599,418,181
927359563,NODE_F42DC973E618,blackhole,2,B0:CB:D8:F3:32:19,-43,0,419,600,3,0,600,419,181
927459563,NODE_F42DC973E618,blackhole,2,B0:CB:D8:F3:32:19,-43,0,419,600,3,0,600,419,181
927559556,NODE_F42DC973E618,blackhole,2,B0:CB:D8:F3:32:19,-43,0,419,600,3,0,600,419,181
927659563,NODE_F42DC973E618,blackhole,2,B0:CB:D8:F3:32:19,-43,0,419,600,3,0,600,419,181
927759567,NODE_F42DC973E618,blackhole,2,B0:CB:D8:F3:32:19,-43,0,419,600,3,0,600,419,181
927859556,NODE_F42DC973E618,blackhole,2,B0:CB:D8:F3:32:19,-43,0,419,600,3,0,600,419,181
927959559,NODE_F42DC973E618,blackhole,2,B0:CB:D8:F3:32:19,-43,0,419,600,3,0,600,419,181
928059567,NODE_F42DC973E618,blackhole,2,B0:CB:D8:F3:32:19,-38,0,419,600,3,0,600,419,181
928159560,NODE_F42DC973E618,blackhole,2,B0:CB:D8:F3:32:19,-38,0,419,600,3,0,600,419,181
928269377,NODE_F42DC973E618,blackhole,2,B0:CB:D8:F3:32:19,-38,0,419,600,3,0,600,419,181
928359563,NODE_F42DC973E618,blackhole,2,B0:CB:D8:F3:32:19,-38,0,420,601,3,0,601,420,181
928459572,NODE_F42DC973E618,blackhole,2,B0:CB:D8:F3:32:19,-38,0,420,601,3,0,601,420,181
928559555,NODE_F42DC973E618,blackhole,2,B0:CB:D8:F3:32:19,-38,0,420,601,3,0,601,420,181
928659567,NODE_F42DC973E618,blackhole,2,B0:CB:D8:F3:32:19,-38,0,420,601,3,0,601,420,181
928759560,NODE_F42DC973E618,blackhole,2,B0:CB:D8:F3:32:19,-38,0,420,601,3,0,601,420,181
928859555,NODE_F42DC973E618,blackhole,2,B0:CB:D8:F3:32:19,-38,0,420,601,3,0,601,420,181
929055726,NODE_F42DC973E618,blackhole,2,B0:CB:D8:F3:32:19,-43,0,420,601,3,0,601,420,181
929059676,NODE_F42DC973E618,blackhole,2,B0:CB:D8:F3:32:19,-43,0,420,601,3,0,601,420,181
929159563,NODE_F42DC973E618,blackhole,2,B0:CB:D8:F3:32:19,-43,0,420,601,3,0,601,420,181
929259567,NODE_F42DC973E618,blackhole,2,B0:CB:D8:F3:32:19,-43,0,420,601,3,0,601,420,181
929359564,NODE_F42DC973E618,blackhole,2,B0:CB:D8:F3:32:19,-43,0,421,602,3,0,602,421,181
929459571,NODE_F42DC973E618,blackhole,2,B0:CB:D8:F3:32:19,-43,0,421,602,3,0,602,421,181
929559555,NODE_F42DC973E618,blackhole,2,B0:CB:D8:F3:32:19,-43,0,421,602,3,0,602,421,181
929659568,NODE_F42DC973E618,blackhole,2,B0:CB:D8:F3:32:19,-43,0,421,602,3,0,602,421,181
929769320,NODE_F42DC973E618,blackhole,2,B0:CB:D8:F3:32:19,-43,0,421,602,3,0,602,421,181
929859559,NODE_F42DC973E618,blackhole,2,B0:CB:D8:F3:32:19,-43,0,421,602,3,0,602,421,181
929959560,NODE_F42DC973E618,blackhole,2,B0:CB:D8:F3:32:19,-43,0,421,602,3,0,602,421,181
930059567,NODE_F42DC973E618,blackhole,2,B0:CB:D8:F3:32:19,-43,0,421,602,3,0,602,421,181
930159563,NODE_F42DC973E618,blackhole,2,B0:CB:D8:F3:32:19,-38,0,421,602,3,0,602,421,181
930259564,NODE_F42DC973E618,blackhole,2,B0:CB:D8:F3:32:19,-38,0,421,602,3,0,602,421,181
930359563,NODE_F42DC973E618,blackhole,2,B0:CB:D8:F3:32:19,-38,0,422,603,3,0,603,422,181
930459563,NODE_F42DC973E618,blackhole,2,B0:CB:D8:F3:32:19,-38,0,422,603,3,0,603,422,181
930559568,NODE_F42DC973E618,blackhole,2,B0:CB:D8:F3:32:19,-38,0,422,603,3,0,603,422,181
930659575,NODE_F42DC973E618,blackhole,2,B0:CB:D8:F3:32:19,-38,0,422,603,3,0,603,422,181
930769056,NODE_F42DC973E618,blackhole,2,B0:CB:D8:F3:32:19,-38,0,422,603,3,0,603,422,181
930859560,NODE_F42DC973E618,blackhole,2,B0:CB:D8:F3:32:19,-38,0,422,603,3,0,603,422,181
930959559,NODE_F42DC973E618,blackhole,2,B0:CB:D8:F3:32:19,-38,0,422,603,3,0,603,422,181
931059559,NODE_F42DC973E618,blackhole,2,B0:CB:D8:F3:32:19,-38,0,422,603,3,0,603,422,181
931159564,NODE_F42DC973E618,blackhole,2,B0:CB:D8:F3:32:19,-39,0,422,603,3,0,603,422,181
931259571,NODE_F42DC973E618,blackhole,2,B0:CB:D8:F3:32:19,-39,0,422,603,3,0,603,422,181
931359563,NODE_F42DC973E618,blackhole,2,B0:CB:D8:F3:32:19,-39,0,423,604,3,0,604,423,181
931459568,NODE_F42DC973E618,blackhole,2,B0:CB:D8:F3:32:19,-39,0,423,604,3,0,604,423,181
931559555,NODE_F42DC973E618,blackhole,2,B0:CB:D8:F3:32:19,-39,0,423,604,3,0,604,423,181
931668737,NODE_F42DC973E618,blackhole,2,B0:CB:D8:F3:32:19,-39,0,423,604,3,0,604,423,181
931759568,NODE_F42DC973E618,blackhole,2,B0:CB:D8:F3:32:19,-39,0,423,604,3,0,604,423,181
931859555,NODE_F42DC973E618,blackhole,2,B0:CB:D8:F3:32:19,-39,0,423,604,3,0,604,423,181
931959571,NODE_F42DC973E618,blackhole,2,B0:CB:D8:F3:32:19,-39,0,423,604,3,0,604,423,181
932059564,NODE_F42DC973E618,blackhole,2,B0:CB:D8:F3:32:19,-39,0,423,604,3,0,604,423,181
932159563,NODE_F42DC973E618,blackhole,2,B0:CB:D8:F3:32:19,-39,0,423,604,3,0,604,423,181
932259567,NODE_F42DC973E618,blackhole,2,B0:CB:D8:F3:32:19,-39,0,423,604,3,0,604,423,181
932359576,NODE_F42DC973E618,blackhole,2,B0:CB:D8:F3:32:19,-39,0,423,604,3,0,604,423,181
932459567,NODE_F42DC973E618,blackhole,2,B0:CB:D8:F3:32:19,-39,0,424,605,3,0,605,424,181
932559555,NODE_F42DC973E618,blackhole,2,B0:CB:D8:F3:32:19,-39,0,424,605,3,0,605,424,181
932669382,NODE_F42DC973E618,blackhole,2,B0:CB:D8:F3:32:19,-39,0,424,605,3,0,605,424,181
932759563,NODE_F42DC973E618,blackhole,2,B0:CB:D8:F3:32:19,-39,0,424,605,3,0,605,424,181
932859555,NODE_F42DC973E618,blackhole,2,B0:CB:D8:F3:32:19,-39,0,424,605,3,0,605,424,181
932959572,NODE_F42DC973E618,blackhole,2,B0:CB:D8:F3:32:19,-39,0,424,605,3,0,605,424,181
933059563,NODE_F42DC973E618,blackhole,2,B0:CB:D8:F3:32:19,-39,0,424,605,3,0,605,424,181
933159563,NODE_F42DC973E618,blackhole,2,B0:CB:D8:F3:32:19,-39,0,424,605,3,0,605,424,181
933259568,NODE_F42DC973E618,blackhole,2,B0:CB:D8:F3:32:19,-39,0,424,605,3,0,605,424,181
933359567,NODE_F42DC973E618,blackhole,2,B0:CB:D8:F3:32:19,-39,0,424,605,3,0,605,424,181
933459567,NODE_F42DC973E618,blackhole,2,B0:CB:D8:F3:32:19,-39,0,425,606,3,0,606,425,181
933559556,NODE_F42DC973E618,blackhole,2,B0:CB:D8:F3:32:19,-39,0,425,606,3,0,606,425,181
933668991,NODE_F42DC973E618,blackhole,2,B0:CB:D8:F3:32:19,-39,0,425,606,3,0,606,425,181
933759567,NODE_F42DC973E618,blackhole,2,B0:CB:D8:F3:32:19,-39,0,425,606,3,0,606,425,181
933859556,NODE_F42DC973E618,blackhole,2,B0:CB:D8:F3:32:19,-39,0,425,606,3,0,606,425,181
933959567,NODE_F42DC973E618,blackhole,2,B0:CB:D8:F3:32:19,-39,0,425,606,3,0,606,425,181
934059567,NODE_F42DC973E618,blackhole,2,B0:CB:D8:F3:32:19,-39,0,425,606,3,0,606,425,181
934159564,NODE_F42DC973E618,blackhole,2,B0:CB:D8:F3:32:19,-42,0,425,606,3,0,606,425,181
934259567,NODE_F42DC973E618,blackhole,2,B0:CB:D8:F3:32:19,-42,0,425,606,3,0,606,425,181
934359567,NODE_F42DC973E618,blackhole,2,B0:CB:D8:F3:32:19,-42,0,425,606,3,0,606,425,181
934475255,NODE_F42DC973E618,blackhole,2,B0:CB:D8:F3:32:19,-42,0,426,607,3,0,607,426,181
934559555,NODE_F42DC973E618,blackhole,2,B0:CB:D8:F3:32:19,-42,0,426,607,3,0,607,426,181
934659563,NODE_F42DC973E618,blackhole,2,B0:CB:D8:F3:32:19,-42,0,426,607,3,0,607,426,181
934759564,NODE_F42DC973E618,blackhole,2,B0:CB:D8:F3:32:19,-42,0,426,607,3,0,607,426,181
934859555,NODE_F42DC973E618,blackhole,2,B0:CB:D8:F3:32:19,-42,0,426,607,3,0,607,426,181
934959563,NODE_F42DC973E618,blackhole,2,B0:CB:D8:F3:32:19,-42,0,426,607,3,0,607,426,181
935059556,NODE_F42DC973E618,blackhole,2,B0:CB:D8:F3:32:19,-42,0,426,607,3,0,607,426,181
935159555,NODE_F42DC973E618,blackhole,2,B0:CB:D8:F3:32:19,-42,0,426,607,3,0,607,426,181
935259575,NODE_F42DC973E618,blackhole,2,B0:CB:D8:F3:32:19,-38,0,426,607,3,0,607,426,181
935359576,NODE_F42DC973E618,blackhole,2,B0:CB:D8:F3:32:19,-38,0,426,607,3,0,607,426,181
935469598,NODE_F42DC973E618,blackhole,2,B0:CB:D8:F3:32:19,-38,0,427,608,3,0,608,427,181
935559567,NODE_F42DC973E618,blackhole,2,B0:CB:D8:F3:32:19,-38,0,427,608,3,0,608,427,181
935659560,NODE_F42DC973E618,blackhole,2,B0:CB:D8:F3:32:19,-38,0,427,608,3,0,608,427,181
935759563,NODE_F42DC973E618,blackhole,2,B0:CB:D8:F3:32:19,-38,0,427,608,3,0,608,427,181
935859559,NODE_F42DC973E618,blackhole,2,B0:CB:D8:F3:32:19,-38,0,427,608,3,0,608,427,181
935959572,NODE_F42DC973E618,blackhole,2,B0:CB:D8:F3:32:19,-38,0,427,608,3,0,608,427,181
936059563,NODE_F42DC973E618,blackhole,2,B0:CB:D8:F3:32:19,-38,0,427,608,3,0,608,427,181
936159555,NODE_F42DC973E618,blackhole,2,B0:CB:D8:F3:32:19,-38,0,427,608,3,0,608,427,181
936259568,NODE_F42DC973E618,blackhole,2,B0:CB:D8:F3:32:19,-42,0,427,608,3,0,608,427,181
936359567,NODE_F42DC973E618,blackhole,2,B0:CB:D8:F3:32:19,-42,0,427,608,3,0,608,427,181
936554954,NODE_F42DC973E618,blackhole,2,B0:CB:D8:F3:32:19,-42,0,428,609,3,0,609,428,181
936559555,NODE_F42DC973E618,blackhole,2,B0:CB:D8:F3:32:19,-42,0,428,609,3,0,609,428,181
936659559,NODE_F42DC973E618,blackhole,2,B0:CB:D8:F3:32:19,-42,0,428,609,3,0,609,428,181
936759564,NODE_F42DC973E618,blackhole,2,B0:CB:D8:F3:32:19,-42,0,428,609,3,0,609,428,181
936859559,NODE_F42DC973E618,blackhole,2,B0:CB:D8:F3:32:19,-42,0,428,609,3,0,609,428,181
936959559,NODE_F42DC973E618,blackhole,2,B0:CB:D8:F3:32:19,-42,0,428,609,3,0,609,428,181
937059564,NODE_F42DC973E618,blackhole,2,B0:CB:D8:F3:32:19,-42,0,428,609,3,0,609,428,181
937159555,NODE_F42DC973E618,blackhole,2,B0:CB:D8:F3:32:19,-42,0,428,609,3,0,609,428,181
937259567,NODE_F42DC973E618,blackhole,2,B0:CB:D8:F3:32:19,-42,0,428,609,3,0,609,428,181
937369757,NODE_F42DC973E618,blackhole,2,B0:CB:D8:F3:32:19,-42,0,428,609,3,0,609,428,181
937459563,NODE_F42DC973E618,blackhole,2,B0:CB:D8:F3:32:19,-42,0,429,610,3,0,610,429,181
937559567,NODE_F42DC973E618,blackhole,2,B0:CB:D8:F3:32:19,-42,0,429,610,3,0,610,429,181
937659572,NODE_F42DC973E618,blackhole,2,B0:CB:D8:F3:32:19,-42,0,429,610,3,0,610,429,181
937759559,NODE_F42DC973E618,blackhole,2,B0:CB:D8:F3:32:19,-42,0,429,610,3,0,610,429,181
937859559,NODE_F42DC973E618,blackhole,2,B0:CB:D8:F3:32:19,-42,0,429,610,3,0,610,429,181
937959564,NODE_F42DC973E618,blackhole,2,B0:CB:D8:F3:32:19,-42,0,429,610,3,0,610,429,181
938059563,NODE_F42DC973E618,blackhole,2,B0:CB:D8:F3:32:19,-42,0,429,610,3,0,610,429,181
938159555,NODE_F42DC973E618,blackhole,2,B0:CB:D8:F3:32:19,-42,0,429,610,3,0,610,429,181
938272916,NODE_F42DC973E618,blackhole,2,B0:CB:D8:F3:32:19,-39,0,429,610,3,0,610,429,181
938359575,NODE_F42DC973E618,blackhole,2,B0:CB:D8:F3:32:19,-39,0,429,610,3,0,610,429,181
938459957,NODE_F42DC973E618,blackhole,2,B0:CB:D8:F3:32:19,-39,0,429,610,3,0,610,429,181
938559568,NODE_F42DC973E618,blackhole,2,B0:CB:D8:F3:32:19,-39,0,430,611,3,0,611,430,181
938659563,NODE_F42DC973E618,blackhole,2,B0:CB:D8:F3:32:19,-39,0,430,611,3,0,611,430,181
938759571,NODE_F42DC973E618,blackhole,2,B0:CB:D8:F3:32:19,-39,0,430,611,3,0,611,430,181
938859560,NODE_F42DC973E618,blackhole,2,B0:CB:D8:F3:32:19,-39,0,430,611,3,0,611,430,181
938959563,NODE_F42DC973E618,blackhole,2,B0:CB:D8:F3:32:19,-39,0,430,611,3,0,611,430,181
939059563,NODE_F42DC973E618,blackhole,2,B0:CB:D8:F3:32:19,-39,0,430,611,3,0,611,430,181
939159556,NODE_F42DC973E618,blackhole,2,B0:CB:D8:F3:32:19,-39,0,430,611,3,0,611,430,181
939269506,NODE_F42DC973E618,blackhole,2,B0:CB:D8:F3:32:19,-39,0,430,611,3,0,611,430,181
939359567,NODE_F42DC973E618,blackhole,2,B0:CB:D8:F3:32:19,-39,0,430,611,3,0,611,430,181
939459568,NODE_F42DC973E618,blackhole,2,B0:CB:D8:F3:32:19,-39,0,430,611,3,0,611,430,181
939559563,NODE_F42DC973E618,blackhole,2,B0:CB:D8:F3:32:19,-39,0,431,612,3,0,612,431,181
939659567,NODE_F42DC973E618,blackhole,2,B0:CB:D8:F3:32:19,-39,0,431,612,3,0,612,431,181
939759560,NODE_F42DC973E618,blackhole,2,B0:CB:D8:F3:32:19,-39,0,431,612,3,0,612,431,181
939859555,NODE_F42DC973E618,blackhole,2,B0:CB:D8:F3:32:19,-39,0,431,612,3,0,612,431,181
939959571,NODE_F42DC973E618,blackhole,2,B0:CB:D8:F3:32:19,-39,0,431,612,3,0,612,431,181
940059564,NODE_F42DC973E618,blackhole,2,B0:CB:D8:F3:32:19,-39,0,431,612,3,0,612,431,181
940159555,NODE_F42DC973E618,blackhole,2,B0:CB:D8:F3:32:19,-39,0,431,612,3,0,612,431,181
940268857,NODE_F42DC973E618,blackhole,2,B0:CB:D8:F3:32:19,-39,0,431,612,3,0,612,431,181
940359568,NODE_F42DC973E618,blackhole,2,B0:CB:D8:F3:32:19,-39,0,431,612,3,0,612,431,181
940459567,NODE_F42DC973E618,blackhole,2,B0:CB:D8:F3:32:19,-39,0,431,612,3,0,612,431,181
940559563,NODE_F42DC973E618,blackhole,2,B0:CB:D8:F3:32:19,-39,0,432,613,3,0,613,432,181
940659568,NODE_F42DC973E618,blackhole,2,B0:CB:D8:F3:32:19,-39,0,432,613,3,0,613,432,181
940759563,NODE_F42DC973E618,blackhole,2,B0:CB:D8:F3:32:19,-39,0,432,613,3,0,613,432,181
940859555,NODE_F42DC973E618,blackhole,2,B0:CB:D8:F3:32:19,-39,0,432,613,3,0,613,432,181
940959572,NODE_F42DC973E618,blackhole,2,B0:CB:D8:F3:32:19,-39,0,432,613,3,0,613,432,181
941072101,NODE_F42DC973E618,blackhole,2,B0:CB:D8:F3:32:19,-39,0,432,613,3,0,613,432,181
941159555,NODE_F42DC973E618,blackhole,2,B0:CB:D8:F3:32:19,-39,0,432,613,3,0,613,432,181
941259564,NODE_F42DC973E618,blackhole,2,B0:CB:D8:F3:32:19,-39,0,432,613,3,0,613,432,181
941359575,NODE_F42DC973E618,blackhole,2,B0:CB:D8:F3:32:19,-42,0,432,613,3,0,613,432,181
941459567,NODE_F42DC973E618,blackhole,2,B0:CB:D8:F3:32:19,-42,0,432,613,3,0,613,432,181
941559564,NODE_F42DC973E618,blackhole,2,B0:CB:D8:F3:32:19,-42,0,433,614,3,0,614,433,181
941659575,NODE_F42DC973E618,blackhole,2,B0:CB:D8:F3:32:19,-42,0,433,614,3,0,614,433,181
941759563,NODE_F42DC973E618,blackhole,2,B0:CB:D8:F3:32:19,-42,0,433,614,3,0,614,433,181
941859556,NODE_F42DC973E618,blackhole,2,B0:CB:D8:F3:32:19,-42,0,433,614,3,0,614,433,181
941959571,NODE_F42DC973E618,blackhole,2,B0:CB:D8:F3:32:19,-42,0,433,614,3,0,614,433,181
942069710,NODE_F42DC973E618,blackhole,2,B0:CB:D8:F3:32:19,-42,0,433,614,3,0,614,433,181
942159560,NODE_F42DC973E618,blackhole,2,B0:CB:D8:F3:32:19,-42,0,433,614,3,0,614,433,181
942260360,NODE_F42DC973E618,blackhole,2,B0:CB:D8:F3:32:19,-42,0,433,614,3,0,614,433,181
942359575,NODE_F42DC973E618,blackhole,2,B0:CB:D8:F3:32:19,-42,0,433,614,3,0,614,433,181
942459568,NODE_F42DC973E618,blackhole,2,B0:CB:D8:F3:32:19,-42,0,433,614,3,0,614,433,181
942559563,NODE_F42DC973E618,blackhole,2,B0:CB:D8:F3:32:19,-42,0,434,615,3,0,615,434,181
942659567,NODE_F42DC973E618,blackhole,2,B0:CB:D8:F3:32:19,-42,0,434,615,3,0,615,434,181
942759560,NODE_F42DC973E618,blackhole,2,B0:CB:D8:F3:32:19,-42,0,434,615,3,0,615,434,181
942859555,NODE_F42DC973E618,blackhole,2,B0:CB:D8:F3:32:19,-42,0,434,615,3,0,615,434,181
942959575,NODE_F42DC973E618,blackhole,2,B0:CB:D8:F3:32:19,-42,0,434,615,3,0,615,434,181
943069333,NODE_F42DC973E618,blackhole,2,B0:CB:D8:F3:32:19,-42,0,434,615,3,0,615,434,181
943159559,NODE_F42DC973E618,blackhole,2,B0:CB:D8:F3:32:19,-42,0,434,615,3,0,615,434,181
943259563,NODE_F42DC973E618,blackhole,2,B0:CB:D8:F3:32:19,-42,0,434,615,3,0,615,434,181
943359560,NODE_F42DC973E618,blackhole,2,B0:CB:D8:F3:32:19,-42,0,434,615,3,0,615,434,181
943459567,NODE_F42DC973E618,blackhole,2,B0:CB:D8:F3:32:19,-42,0,434,615,3,0,615,434,181
943559563,NODE_F42DC973E618,blackhole,2,B0:CB:D8:F3:32:19,-42,0,435,616,3,0,616,435,181
943659568,NODE_F42DC973E618,blackhole,2,B0:CB:D8:F3:32:19,-42,0,435,616,3,0,616,435,181
943759567,NODE_F42DC973E618,blackhole,2,B0:CB:D8:F3:32:19,-42,0,435,616,3,0,616,435,181
943859555,NODE_F42DC973E618,blackhole,2,B0:CB:D8:F3:32:19,-42,0,435,616,3,0,616,435,181
943981508,NODE_F42DC973E618,blackhole,2,B0:CB:D8:F3:32:19,-42,0,435,616,3,0,616,435,181
944059567,NODE_F42DC973E618,blackhole,2,B0:CB:D8:F3:32:19,-42,0,435,616,3,0,616,435,181
944159555,NODE_F42DC973E618,blackhole,2,B0:CB:D8:F3:32:19,-42,0,435,616,3,0,616,435,181
944259564,NODE_F42DC973E618,blackhole,2,B0:CB:D8:F3:32:19,-42,0,435,616,3,0,616,435,181
944359575,NODE_F42DC973E618,blackhole,2,B0:CB:D8:F3:32:19,-42,0,435,616,3,0,616,435,181
944459567,NODE_F42DC973E618,blackhole,2,B0:CB:D8:F3:32:19,-38,0,435,616,3,0,616,435,181
944559568,NODE_F42DC973E618,blackhole,2,B0:CB:D8:F3:32:19,-38,0,436,617,3,0,617,436,181
944659575,NODE_F42DC973E618,blackhole,2,B0:CB:D8:F3:32:19,-38,0,436,617,3,0,617,436,181
944759567,NODE_F42DC973E618,blackhole,2,B0:CB:D8:F3:32:19,-38,0,436,617,3,0,617,436,181
944859556,NODE_F42DC973E618,blackhole,2,B0:CB:D8:F3:32:19,-38,0,436,617,3,0,617,436,181
944970043,NODE_F42DC973E618,blackhole,2,B0:CB:D8:F3:32:19,-38,0,436,617,3,0,617,436,181
945059567,NODE_F42DC973E618,blackhole,2,B0:CB:D8:F3:32:19,-38,0,436,617,3,0,617,436,181
945159556,NODE_F42DC973E618,blackhole,2,B0:CB:D8:F3:32:19,-38,0,436,617,3,0,617,436,181
945259567,NODE_F42DC973E618,blackhole,2,B0:CB:D8:F3:32:19,-38,0,436,617,3,0,617,436,181
945359563,NODE_F42DC973E618,blackhole,2,B0:CB:D8:F3:32:19,-38,0,436,617,3,0,617,436,181
945459568,NODE_F42DC973E618,blackhole,2,B0:CB:D8:F3:32:19,-42,0,436,617,3,0,617,436,181
945559563,NODE_F42DC973E618,blackhole,2,B0:CB:D8:F3:32:19,-42,0,437,618,3,0,618,437,181
945659567,NODE_F42DC973E618,blackhole,2,B0:CB:D8:F3:32:19,-42,0,437,618,3,0,618,437,181
945759576,NODE_F42DC973E618,blackhole,2,B0:CB:D8:F3:32:19,-42,0,437,618,3,0,618,437,181
945859555,NODE_F42DC973E618,blackhole,2,B0:CB:D8:F3:32:19,-42,0,437,618,3,0,618,437,181
945969096,NODE_F42DC973E618,blackhole,2,B0:CB:D8:F3:32:19,-42,0,437,618,3,0,618,437,181
946059564,NODE_F42DC973E618,blackhole,2,B0:CB:D8:F3:32:19,-42,0,437,618,3,0,618,437,181
946159555,NODE_F42DC973E618,blackhole,2,B0:CB:D8:F3:32:19,-42,0,437,618,3,0,618,437,181
946259559,NODE_F42DC973E618,blackhole,2,B0:CB:D8:F3:32:19,-42,0,437,618,3,0,618,437,181
946359560,NODE_F42DC973E618,blackhole,2,B0:CB:D8:F3:32:19,-42,0,437,618,3,0,618,437,181
946459567,NODE_F42DC973E618,blackhole,2,B0:CB:D8:F3:32:19,-43,0,437,618,3,0,618,437,181
946559563,NODE_F42DC973E618,blackhole,2,B0:CB:D8:F3:32:19,-43,0,438,619,3,0,619,438,181
946659568,NODE_F42DC973E618,blackhole,2,B0:CB:D8:F3:32:19,-43,0,438,619,3,0,619,438,181
946851498,NODE_F42DC973E618,blackhole,2,B0:CB:D8:F3:32:19,-43,0,438,619,3,0,619,438,181
946859555,NODE_F42DC973E618,blackhole,2,B0:CB:D8:F3:32:19,-43,0,438,619,3,0,619,438,181
946959568,NODE_F42DC973E618,blackhole,2,B0:CB:D8:F3:32:19,-43,0,438,619,3,0,619,438,181
947059563,NODE_F42DC973E618,blackhole,2,B0:CB:D8:F3:32:19,-43,0,438,619,3,0,619,438,181
947159559,NODE_F42DC973E618,blackhole,2,B0:CB:D8:F3:32:19,-43,0,438,619,3,0,619,438,181
947259564,NODE_F42DC973E618,blackhole,2,B0:CB:D8:F3:32:19,-43,0,438,619,3,0,619,438,181
947359575,NODE_F42DC973E618,blackhole,2,B0:CB:D8:F3:32:19,-43,0,438,619,3,0,619,438,181
947459563,NODE_F42DC973E618,blackhole,2,B0:CB:D8:F3:32:19,-43,0,438,619,3,0,619,438,181
947559564,NODE_F42DC973E618,blackhole,2,B0:CB:D8:F3:32:19,-39,0,439,620,3,0,620,439,181
947669778,NODE_F42DC973E618,blackhole,2,B0:CB:D8:F3:32:19,-39,0,439,620,3,0,620,439,181
947759559,NODE_F42DC973E618,blackhole,2,B0:CB:D8:F3:32:19,-39,0,439,620,3,0,620,439,181
947859568,NODE_F42DC973E618,blackhole,2,B0:CB:D8:F3:32:19,-39,0,439,620,3,0,620,439,181
947959567,NODE_F42DC973E618,blackhole,2,B0:CB:D8:F3:32:19,-39,0,439,620,3,0,620,439,181
948059567,NODE_F42DC973E618,blackhole,2,B0:CB:D8:F3:32:19,-39,0,439,620,3,0,620,439,181
948159560,NODE_F42DC973E618,blackhole,2,B0:CB:D8:F3:32:19,-39,0,439,620,3,0,620,439,181
948259563,NODE_F42DC973E618,blackhole,2,B0:CB:D8:F3:32:19,-39,0,439,620,3,0,620,439,181
948359563,NODE_F42DC973E618,blackhole,2,B0:CB:D8:F3:32:19,-39,0,439,620,3,0,620,439,181
948459564,NODE_F42DC973E618,blackhole,2,B0:CB:D8:F3:32:19,-39,0,439,620,3,0,620,439,181
948559567,NODE_F42DC973E618,blackhole,2,B0:CB:D8:F3:32:19,-43,0,440,621,3,0,621,440,181
948683244,NODE_F42DC973E618,blackhole,2,B0:CB:D8:F3:32:19,-43,0,440,621,3,0,621,440,181
948759568,NODE_F42DC973E618,blackhole,2,B0:CB:D8:F3:32:19,-43,0,440,621,3,0,621,440,181
948859788,NODE_F42DC973E618,blackhole,2,B0:CB:D8:F3:32:19,-43,0,440,621,3,0,621,440,181
948959563,NODE_F42DC973E618,blackhole,2,B0:CB:D8:F3:32:19,-43,0,440,621,3,0,621,440,181
949059564,NODE_F42DC973E618,blackhole,2,B0:CB:D8:F3:32:19,-43,0,440,621,3,0,621,440,181
949159555,NODE_F42DC973E618,blackhole,2,B0:CB:D8:F3:32:19,-43,0,440,621,3,0,621,440,181
949259567,NODE_F42DC973E618,blackhole,2,B0:CB:D8:F3:32:19,-43,0,440,621,3,0,621,440,181
949359576,NODE_F42DC973E618,blackhole,2,B0:CB:D8:F3:32:19,-43,0,440,621,3,0,621,440,181
949459563,NODE_F42DC973E618,blackhole,2,B0:CB:D8:F3:32:19,-43,0,440,621,3,0,621,440,181
949559567,NODE_F42DC973E618,blackhole,2,B0:CB:D8:F3:32:19,-42,0,441,622,3,0,622,441,181
949669567,NODE_F42DC973E618,blackhole,2,B0:CB:D8:F3:32:19,-42,0,441,622,3,0,622,441,181
949759575,NODE_F42DC973E618,blackhole,2,B0:CB:D8:F3:32:19,-42,0,441,622,3,0,622,441,181
949859567,NODE_F42DC973E618,blackhole,2,B0:CB:D8:F3:32:19,-42,0,441,622,3,0,622,441,181
949959564,NODE_F42DC973E618,blackhole,2,B0:CB:D8:F3:32:19,-42,0,441,622,3,0,622,441,181
950059563,NODE_F42DC973E618,blackhole,2,B0:CB:D8:F3:32:19,-42,0,441,622,3,0,622,441,181
950159559,NODE_F42DC973E618,blackhole,2,B0:CB:D8:F3:32:19,-42,0,441,622,3,0,622,441,181
950259560,NODE_F42DC973E618,blackhole,2,B0:CB:D8:F3:32:19,-42,0,441,622,3,0,622,441,181
950359571,NODE_F42DC973E618,blackhole,2,B0:CB:D8:F3:32:19,-42,0,441,622,3,0,622,441,181
950469161,NODE_F42DC973E618,blackhole,2,B0:CB:D8:F3:32:19,-42,0,441,622,3,0,622,441,181
950559568,NODE_F42DC973E618,blackhole,2,B0:CB:D8:F3:32:19,-43,0,442,623,3,0,623,442,181
950659567,NODE_F42DC973E618,blackhole,2,B0:CB:D8:F3:32:19,-43,0,442,623,3,0,623,442,181
950759567,NODE_F42DC973E618,blackhole,2,B0:CB:D8:F3:32:19,-43,0,442,623,3,0,623,442,181
950859568,NODE_F42DC973E618,blackhole,2,B0:CB:D8:F3:32:19,-43,0,442,623,3,0,623,442,181
950959563,NODE_F42DC973E618,blackhole,2,B0:CB:D8:F3:32:19,-43,0,442,623,3,0,623,442,181
951059567,NODE_F42DC973E618,blackhole,2,B0:CB:D8:F3:32:19,-43,0,442,623,3,0,623,442,181
951159560,NODE_F42DC973E618,blackhole,2,B0:CB:D8:F3:32:19,-43,0,442,623,3,0,623,442,181
951259563,NODE_F42DC973E618,blackhole,2,B0:CB:D8:F3:32:19,-43,0,442,623,3,0,623,442,181
951359563,NODE_F42DC973E618,blackhole,2,B0:CB:D8:F3:32:19,-43,0,442,623,3,0,623,442,181
951478547,NODE_F42DC973E618,blackhole,2,B0:CB:D8:F3:32:19,-43,0,442,623,3,0,623,442,181
951559567,NODE_F42DC973E618,blackhole,2,B0:CB:D8:F3:32:19,-43,0,443,624,3,0,624,443,181
951659571,NODE_F42DC973E618,blackhole,2,B0:CB:D8:F3:32:19,-42,0,443,624,3,0,624,443,181
951759568,NODE_F42DC973E618,blackhole,2,B0:CB:D8:F3:32:19,-42,0,443,624,3,0,624,443,181
951859559,NODE_F42DC973E618,blackhole,2,B0:CB:D8:F3:32:19,-42,0,443,624,3,0,624,443,181
951959571,NODE_F42DC973E618,blackhole,2,B0:CB:D8:F3:32:19,-42,0,443,624,3,0,624,443,181
952059564,NODE_F42DC973E618,blackhole,2,B0:CB:D8:F3:32:19,-42,0,443,624,3,0,624,443,181
952159559,NODE_F42DC973E618,blackhole,2,B0:CB:D8:F3:32:19,-42,0,443,624,3,0,624,443,181
952259567,NODE_F42DC973E618,blackhole,2,B0:CB:D8:F3:32:19,-42,0,443,624,3,0,624,443,181
952359568,NODE_F42DC973E618,blackhole,2,B0:CB:D8:F3:32:19,-42,0,443,624,3,0,624,443,181
952468848,NODE_F42DC973E618,blackhole,2,B0:CB:D8:F3:32:19,-42,0,443,624,3,0,624,443,181
952559563,NODE_F42DC973E618,blackhole,2,B0:CB:D8:F3:32:19,-42,0,444,625,3,0,625,444,181
952659568,NODE_F42DC973E618,blackhole,2,B0:CB:D8:F3:32:19,-38,0,444,625,3,0,625,444,181
952759571,NODE_F42DC973E618,blackhole,2,B0:CB:D8:F3:32:19,-38,0,444,625,3,0,625,444,181
952859559,NODE_F42DC973E618,blackhole,2,B0:CB:D8:F3:32:19,-38,0,444,625,3,0,625,444,181
952959568,NODE_F42DC973E618,blackhole,2,B0:CB:D8:F3:32:19,-38,0,444,625,3,0,625,444,181
953059559,NODE_F42DC973E618,blackhole,2,B0:CB:D8:F3:32:19,-38,0,444,625,3,0,625,444,181
953159555,NODE_F42DC973E618,blackhole,2,B0:CB:D8:F3:32:19,-38,0,444,625,3,0,625,444,181
953259568,NODE_F42DC973E618,blackhole,2,B0:CB:D8:F3:32:19,-38,0,444,625,3,0,625,444,181
953372715,NODE_F42DC973E618,blackhole,2,B0:CB:D8:F3:32:19,-38,0,444,625,3,0,625,444,181
953459559,NODE_F42DC973E618,blackhole,2,B0:CB:D8:F3:32:19,-38,0,444,625,3,0,625,444,181
953559564,NODE_F42DC973E618,blackhole,2,B0:CB:D8:F3:32:19,-38,0,445,626,3,0,626,445,181
953659567,NODE_F42DC973E618,blackhole,2,B0:CB:D8:F3:32:19,-38,0,445,626,3,0,626,445,181
953759567,NODE_F42DC973E618,blackhole,2,B0:CB:D8:F3:32:19,-38,0,445,626,3,0,626,445,181
953859560,NODE_F42DC973E618,blackhole,2,B0:CB:D8:F3:32:19,-38,0,445,626,3,0,626,445,181
953959575,NODE_F42DC973E618,blackhole,2,B0:CB:D8:F3:32:19,-38,0,445,626,3,0,626,445,181
954059563,NODE_F42DC973E618,blackhole,2,B0:CB:D8:F3:32:19,-38,0,445,626,3,0,626,445,181
954159556,NODE_F42DC973E618,blackhole,2,B0:CB:D8:F3:32:19,-38,0,445,626,3,0,626,445,181
954259567,NODE_F42DC973E618,blackhole,2,B0:CB:D8:F3:32:19,-38,0,445,626,3,0,626,445,181
954369529,NODE_F42DC973E618,blackhole,2,B0:CB:D8:F3:32:19,-38,0,445,626,3,0,626,445,181
954459564,NODE_F42DC973E618,blackhole,2,B0:CB:D8:F3:32:19,-38,0,445,626,3,0,626,445,181
954559563,NODE_F42DC973E618,blackhole,2,B0:CB:D8:F3:32:19,-38,0,446,627,3,0,627,446,181
954659567,NODE_F42DC973E618,blackhole,2,B0:CB:D8:F3:32:19,-42,0,446,627,3,0,627,446,181
954759568,NODE_F42DC973E618,blackhole,2,B0:CB:D8:F3:32:19,-42,0,446,627,3,0,627,446,181
954859559,NODE_F42DC973E618,blackhole,2,B0:CB:D8:F3:32:19,-42,0,446,627,3,0,627,446,181
954959571,NODE_F42DC973E618,blackhole,2,B0:CB:D8:F3:32:19,-42,0,446,627,3,0,627,446,181
955059568,NODE_F42DC973E618,blackhole,2,B0:CB:D8:F3:32:19,-42,0,446,627,3,0,627,446,181
955159555,NODE_F42DC973E618,blackhole,2,B0:CB:D8:F3:32:19,-42,0,446,627,3,0,627,446,181
955259567,NODE_F42DC973E618,blackhole,2,B0:CB:D8:F3:32:19,-42,0,446,627,3,0,627,446,181
955368952,NODE_F42DC973E618,blackhole,2,B0:CB:D8:F3:32:19,-42,0,446,627,3,0,627,446,181
955459563,NODE_F42DC973E618,blackhole,2,B0:CB:D8:F3:32:19,-42,0,446,627,3,0,627,446,181
955559563,NODE_F42DC973E618,blackhole,2,B0:CB:D8:F3:32:19,-42,0,447,628,3,0,628,447,181
955659572,NODE_F42DC973E618,blackhole,2,B0:CB:D8:F3:32:19,-42,0,447,628,3,0,628,447,181
955759567,NODE_F42DC973E618,blackhole,2,B0:CB:D8:F3:32:19,-42,0,447,628,3,0,628,447,181
955859559,NODE_F42DC973E618,blackhole,2,B0:CB:D8:F3:32:19,-42,0,447,628,3,0,628,447,181
955959564,NODE_F42DC973E618,blackhole,2,B0:CB:D8:F3:32:19,-42,0,447,628,3,0,628,447,181
956059567,NODE_F42DC973E618,blackhole,2,B0:CB:D8:F3:32:19,-42,0,447,628,3,0,628,447,181
956159555,NODE_F42DC973E618,blackhole,2,B0:CB:D8:F3:32:19,-42,0,447,628,3,0,628,447,181
956272262,NODE_F42DC973E618,blackhole,2,B0:CB:D8:F3:32:19,-42,0,447,628,3,0,628,447,181
956359575,NODE_F42DC973E618,blackhole,2,B0:CB:D8:F3:32:19,-42,0,447,628,3,0,628,447,181
956459559,NODE_F42DC973E618,blackhole,2,B0:CB:D8:F3:32:19,-42,0,447,628,3,0,628,447,181
956559564,NODE_F42DC973E618,blackhole,2,B0:CB:D8:F3:32:19,-42,0,448,629,3,0,629,448,181
956659563,NODE_F42DC973E618,blackhole,2,B0:CB:D8:F3:32:19,-42,0,448,629,3,0,629,448,181
956759575,NODE_F42DC973E618,blackhole,2,B0:CB:D8:F3:32:19,-38,0,448,629,3,0,629,448,181
956859560,NODE_F42DC973E618,blackhole,2,B0:CB:D8:F3:32:19,-38,0,448,629,3,0,629,448,181
956959567,NODE_F42DC973E618,blackhole,2,B0:CB:D8:F3:32:19,-38,0,448,629,3,0,629,448,181
957059567,NODE_F42DC973E618,blackhole,2,B0:CB:D8:F3:32:19,-38,0,448,629,3,0,629,448,181
957159556,NODE_F42DC973E618,blackhole,2,B0:CB:D8:F3:32:19,-38,0,448,629,3,0,629,448,181
957352539,NODE_F42DC973E618,blackhole,2,B0:CB:D8:F3:32:19,-38,0,448,629,3,0,629,448,181
957359563,NODE_F42DC973E618,blackhole,2,B0:CB:D8:F3:32:19,-38,0,448,629,3,0,629,448,181
957459564,NODE_F42DC973E618,blackhole,2,B0:CB:D8:F3:32:19,-38,0,448,629,3,0,629,448,181
957559563,NODE_F42DC973E618,blackhole,2,B0:CB:D8:F3:32:19,-38,0,449,630,3,0,630,449,181
957659563,NODE_F42DC973E618,blackhole,2,B0:CB:D8:F3:32:19,-38,0,449,630,3,0,630,449,181
957759564,NODE_F42DC973E618,blackhole,2,B0:CB:D8:F3:32:19,-42,0,449,630,3,0,630,449,181
957859559,NODE_F42DC973E618,blackhole,2,B0:CB:D8:F3:32:19,-42,0,449,630,3,0,630,449,181
957959575,NODE_F42DC973E618,blackhole,2,B0:CB:D8:F3:32:19,-42,0,449,630,3,0,630,449,181
958080452,NODE_F42DC973E618,blackhole,2,B0:CB:D8:F3:32:19,-42,0,449,630,3,0,630,449,181
958159555,NODE_F42DC973E618,blackhole,2,B0:CB:D8:F3:32:19,-42,0,449,630,3,0,630,449,181
958259563,NODE_F42DC973E618,blackhole,2,B0:CB:D8:F3:32:19,-42,0,449,630,3,0,630,449,181
958359560,NODE_F42DC973E618,blackhole,2,B0:CB:D8:F3:32:19,-42,0,449,630,3,0,630,449,181
958459563,NODE_F42DC973E618,blackhole,2,B0:CB:D8:F3:32:19,-42,0,449,630,3,0,630,449,181
958559567,NODE_F42DC973E618,blackhole,2,B0:CB:D8:F3:32:19,-42,0,450,631,3,0,631,450,181
958659572,NODE_F42DC973E618,blackhole,2,B0:CB:D8:F3:32:19,-42,0,450,631,3,0,631,450,181
958759567,NODE_F42DC973E618,blackhole,2,B0:CB:D8:F3:32:19,-39,0,450,631,3,0,631,450,181
958859559,NODE_F42DC973E618,blackhole,2,B0:CB:D8:F3:32:19,-39,0,450,631,3,0,631,450,181
958959568,NODE_F42DC973E618,blackhole,2,B0:CB:D8:F3:32:19,-39,0,450,631,3,0,631,450,181
959069658,NODE_F42DC973E618,blackhole,2,B0:CB:D8:F3:32:19,-39,0,450,631,3,0,631,450,181
959159555,NODE_F42DC973E618,blackhole,2,B0:CB:D8:F3:32:19,-39,0,450,631,3,0,631,450,181
959259568,NODE_F42DC973E618,blackhole,2,B0:CB:D8:F3:32:19,-39,0,450,631,3,0,631,450,181
959359575,NODE_F42DC973E618,blackhole,2,B0:CB:D8:F3:32:19,-39,0,450,631,3,0,631,450,181
959459559,NODE_F42DC973E618,blackhole,2,B0:CB:D8:F3:32:19,-39,0,450,631,3,0,631,450,181
959559564,NODE_F42DC973E618,blackhole,2,B0:CB:D8:F3:32:19,-39,0,451,632,3,0,632,451,181
959659563,NODE_F42DC973E618,blackhole,2,B0:CB:D8:F3:32:19,-39,0,451,632,3,0,632,451,181
959759869,NODE_F42DC973E618,blackhole,2,B0:CB:D8:F3:32:19,-43,0,451,632,3,0,632,451,181
959859556,NODE_F42DC973E618,blackhole,2,B0:CB:D8:F3:32:19,-43,0,451,632,3,0,632,451,181
959969513,NODE_F42DC973E618,blackhole,2,B0:CB:D8:F3:32:19,-43,0,451,632,3,0,632,451,181
960059559,NODE_F42DC973E618,blackhole,2,B0:CB:D8:F3:32:19,-43,0,451,632,3,0,632,451,181
960159568,NODE_F42DC973E618,blackhole,2,B0:CB:D8:F3:32:19,-43,0,451,632,3,0,632,451,181
960259563,NODE_F42DC973E618,blackhole,2,B0:CB:D8:F3:32:19,-43,0,451,632,3,0,632,451,181
960359567,NODE_F42DC973E618,blackhole,2,B0:CB:D8:F3:32:19,-43,0,451,632,3,0,632,451,181
960459564,NODE_F42DC973E618,blackhole,2,B0:CB:D8:F3:32:19,-43,0,451,632,3,0,632,451,181
960559563,NODE_F42DC973E618,blackhole,2,B0:CB:D8:F3:32:19,-43,0,452,633,3,0,633,452,181
960659563,NODE_F42DC973E618,blackhole,2,B0:CB:D8:F3:32:19,-43,0,452,633,3,0,633,452,181
960759560,NODE_F42DC973E618,blackhole,2,B0:CB:D8:F3:32:19,-43,0,452,633,3,0,633,452,181
960859563,NODE_F42DC973E618,blackhole,2,B0:CB:D8:F3:32:19,-38,0,452,633,3,0,633,452,181
960972785,NODE_F42DC973E618,blackhole,2,B0:CB:D8:F3:32:19,-38,0,452,633,3,0,633,452,181
961059568,NODE_F42DC973E618,blackhole,2,B0:CB:D8:F3:32:19,-38,0,452,633,3,0,633,452,181
961159567,NODE_F42DC973E618,blackhole,2,B0:CB:D8:F3:32:19,-38,0,452,633,3,0,633,452,181
961259563,NODE_F42DC973E618,blackhole,2,B0:CB:D8:F3:32:19,-38,0,452,633,3,0,633,452,181
961359564,NODE_F42DC973E618,blackhole,2,B0:CB:D8:F3:32:19,-38,0,452,633,3,0,633,452,181
961459567,NODE_F42DC973E618,blackhole,2,B0:CB:D8:F3:32:19,-38,0,452,633,3,0,633,452,181
961559563,NODE_F42DC973E618,blackhole,2,B0:CB:D8:F3:32:19,-38,0,453,634,3,0,634,453,181
961659564,NODE_F42DC973E618,blackhole,2,B0:CB:D8:F3:32:19,-38,0,453,634,3,0,634,453,181
961759563,NODE_F42DC973E618,blackhole,2,B0:CB:D8:F3:32:19,-38,0,453,634,3,0,634,453,181
961859563,NODE_F42DC973E618,blackhole,2,B0:CB:D8:F3:32:19,-42,0,453,634,3,0,634,453,181
961970587,NODE_F42DC973E618,blackhole,2,B0:CB:D8:F3:32:19,-42,0,453,634,3,0,634,453,181
962059575,NODE_F42DC973E618,blackhole,2,B0:CB:D8:F3:32:19,-42,0,453,634,3,0,634,453,181
962159567,NODE_F42DC973E618,blackhole,2,B0:CB:D8:F3:32:19,-42,0,453,634,3,0,634,453,181
962259560,NODE_F42DC973E618,blackhole,2,B0:CB:D8:F3:32:19,-42,0,453,634,3,0,634,453,181
962359571,NODE_F42DC973E618,blackhole,2,B0:CB:D8:F3:32:19,-42,0,453,634,3,0,634,453,181
962459567,NODE_F42DC973E618,blackhole,2,B0:CB:D8:F3:32:19,-42,0,453,634,3,0,634,453,181
962559564,NODE_F42DC973E618,blackhole,2,B0:CB:D8:F3:32:19,-42,0,454,635,3,0,635,454,181
962659571,NODE_F42DC973E618,blackhole,2,B0:CB:D8:F3:32:19,-42,0,454,635,3,0,635,454,181
962769241,NODE_F42DC973E618,blackhole,2,B0:CB:D8:F3:32:19,-42,0,454,635,3,0,635,454,181
962859568,NODE_F42DC973E618,blackhole,2,B0:CB:D8:F3:32:19,-39,0,454,635,3,0,635,454,181
962959567,NODE_F42DC973E618,blackhole,2,B0:CB:D8:F3:32:19,-39,0,454,635,3,0,635,454,181
963059567,NODE_F42DC973E618,blackhole,2,B0:CB:D8:F3:32:19,-39,0,454,635,3,0,635,454,181
963159568,NODE_F42DC973E618,blackhole,2,B0:CB:D8:F3:32:19,-39,0,454,635,3,0,635,454,181
963259567,NODE_F42DC973E618,blackhole,2,B0:CB:D8:F3:32:19,-39,0,454,635,3,0,635,454,181
963359575,NODE_F42DC973E618,blackhole,2,B0:CB:D8:F3:32:19,-39,0,454,635,3,0,635,454,181
963459564,NODE_F42DC973E618,blackhole,2,B0:CB:D8:F3:32:19,-39,0,454,635,3,0,635,454,181
963559563,NODE_F42DC973E618,blackhole,2,B0:CB:D8:F3:32:19,-39,0,455,636,3,0,636,455,181
963669226,NODE_F42DC973E618,blackhole,2,B0:CB:D8:F3:32:19,-39,0,455,636,3,0,636,455,181
963759572,NODE_F42DC973E618,blackhole,2,B0:CB:D8:F3:32:19,-39,0,455,636,3,0,636,455,181
963859563,NODE_F42DC973E618,blackhole,2,B0:CB:D8:F3:32:19,-42,0,455,636,3,0,636,455,181
963959567,NODE_F42DC973E618,blackhole,2,B0:CB:D8:F3:32:19,-42,0,455,636,3,0,636,455,181
964059564,NODE_F42DC973E618,blackhole,2,B0:CB:D8:F3:32:19,-42,0,455,636,3,0,636,455,181
964159567,NODE_F42DC973E618,blackhole,2,B0:CB:D8:F3:32:19,-42,0,455,636,3,0,636,455,181
964259563,NODE_F42DC973E618,blackhole,2,B0:CB:D8:F3:32:19,-42,0,455,636,3,0,636,455,181
964359568,NODE_F42DC973E618,blackhole,2,B0:CB:D8:F3:32:19,-42,0,455,636,3,0,636,455,181
964468906,NODE_F42DC973E618,blackhole,2,B0:CB:D8:F3:32:19,-42,0,455,636,3,0,636,455,181
964559563,NODE_F42DC973E618,blackhole,2,B0:CB:D8:F3:32:19,-42,0,456,637,3,0,637,456,181
964659564,NODE_F42DC973E618,blackhole,2,B0:CB:D8:F3:32:19,-42,0,456,637,3,0,637,456,181
964759563,NODE_F42DC973E618,blackhole,2,B0:CB:D8:F3:32:19,-42,0,456,637,3,0,637,456,181
964859555,NODE_F42DC973E618,blackhole,2,B0:CB:D8:F3:32:19,-42,0,456,637,3,0,637,456,181
964959576,NODE_F42DC973E618,blackhole,2,B0:CB:D8:F3:32:19,-38,0,456,637,3,0,637,456,181
965059567,NODE_F42DC973E618,blackhole,2,B0:CB:D8:F3:32:19,-38,0,456,637,3,0,637,456,181
965159559,NODE_F42DC973E618,blackhole,2,B0:CB:D8:F3:32:19,-38,0,456,637,3,0,637,456,181
965259568,NODE_F42DC973E618,blackhole,2,B0:CB:D8:F3:32:19,-38,0,456,637,3,0,637,456,181
965359575,NODE_F42DC973E618,blackhole,2,B0:CB:D8:F3:32:19,-38,0,456,637,3,0,637,456,181
965483780,NODE_F42DC973E618,blackhole,2,B0:CB:D8:F3:32:19,-38,0,456,637,3,0,637,456,181
965559565,NODE_F42DC973E618,blackhole,2,B0:CB:D8:F3:32:19,-38,0,457,638,3,0,638,457,181
965659567,NODE_F42DC973E618,blackhole,2,B0:CB:D8:F3:32:19,-38,0,457,638,3,0,638,457,181
965759559,NODE_F42DC973E618,blackhole,2,B0:CB:D8:F3:32:19,-38,0,457,638,3,0,638,457,181
965859556,NODE_F42DC973E618,blackhole,2,B0:CB:D8:F3:32:19,-38,0,457,638,3,0,638,457,181
965959571,NODE_F42DC973E618,blackhole,2,B0:CB:D8:F3:32:19,-38,0,457,638,3,0,638,457,181
966059571,NODE_F42DC973E618,blackhole,2,B0:CB:D8:F3:32:19,-38,0,457,638,3,0,638,457,181
966159560,NODE_F42DC973E618,blackhole,2,B0:CB:D8:F3:32:19,-38,0,457,638,3,0,638,457,181
966259567,NODE_F42DC973E618,blackhole,2,B0:CB:D8:F3:32:19,-38,0,457,638,3,0,638,457,181
966359563,NODE_F42DC973E618,blackhole,2,B0:CB:D8:F3:32:19,-38,0,457,638,3,0,638,457,181
966469050,NODE_F42DC973E618,blackhole,2,B0:CB:D8:F3:32:19,-38,0,457,638,3,0,638,457,181
966559563,NODE_F42DC973E618,blackhole,2,B0:CB:D8:F3:32:19,-38,0,458,639,3,0,639,458,181
966659563,NODE_F42DC973E618,blackhole,2,B0:CB:D8:F3:32:19,-38,0,458,639,3,0,639,458,181
966759572,NODE_F42DC973E618,blackhole,2,B0:CB:D8:F3:32:19,-38,0,458,639,3,0,639,458,181
966859555,NODE_F42DC973E618,blackhole,2,B0:CB:D8:F3:32:19,-38,0,458,639,3,0,639,458,181
966959567,NODE_F42DC973E618,blackhole,2,B0:CB:D8:F3:32:19,-38,0,458,639,3,0,639,458,181
967059568,NODE_F42DC973E618,blackhole,2,B0:CB:D8:F3:32:19,-38,0,458,639,3,0,639,458,181
967159559,NODE_F42DC973E618,blackhole,2,B0:CB:D8:F3:32:19,-38,0,458,639,3,0,639,458,181
967259567,NODE_F42DC973E618,blackhole,2,B0:CB:D8:F3:32:19,-38,0,458,639,3,0,639,458,181
967455117,NODE_F42DC973E618,blackhole,2,B0:CB:D8:F3:32:19,-38,0,458,639,3,0,639,458,181
967464996,NODE_F42DC973E618,blackhole,2,B0:CB:D8:F3:32:19,-38,0,458,639,3,0,639,458,181
967559563,NODE_F42DC973E618,blackhole,2,B0:CB:D8:F3:32:19,-38,0,459,640,3,0,640,459,181
967659564,NODE_F42DC973E618,blackhole,2,B0:CB:D8:F3:32:19,-38,0,459,640,3,0,640,459,181
967759559,NODE_F42DC973E618,blackhole,2,B0:CB:D8:F3:32:19,-38,0,459,640,3,0,640,459,181
967859555,NODE_F42DC973E618,blackhole,2,B0:CB:D8:F3:32:19,-38,0,459,640,3,0,640,459,181
967959576,NODE_F42DC973E618,blackhole,2,B0:CB:D8:F3:32:19,-42,0,459,640,3,0,640,459,181
968059567,NODE_F42DC973E618,blackhole,2,B0:CB:D8:F3:32:19,-42,0,459,640,3,0,640,459,181
968159559,NODE_F42DC973E618,blackhole,2,B0:CB:D8:F3:32:19,-42,0,459,640,3,0,640,459,181
968270347,NODE_F42DC973E618,blackhole,2,B0:CB:D8:F3:32:19,-42,0,459,640,3,0,640,459,181
968359575,NODE_F42DC973E618,blackhole,2,B0:CB:D8:F3:32:19,-42,0,459,640,3,0,640,459,181
968459563,NODE_F42DC973E618,blackhole,2,B0:CB:D8:F3:32:19,-42,0,459,640,3,0,640,459,181
968559564,NODE_F42DC973E618,blackhole,2,B0:CB:D8:F3:32:19,-42,0,460,641,3,0,641,460,181
968659563,NODE_F42DC973E618,blackhole,2,B0:CB:D8:F3:32:19,-42,0,460,641,3,0,641,460,181
968759563,NODE_F42DC973E618,blackhole,2,B0:CB:D8:F3:32:19,-42,0,460,641,3,0,641,460,181
968859556,NODE_F42DC973E618,blackhole,2,B0:CB:D8:F3:32:19,-42,0,460,641,3,0,641,460,181
968959567,NODE_F42DC973E618,blackhole,2,B0:CB:D8:F3:32:19,-42,0,460,641,3,0,641,460,181
969059567,NODE_F42DC973E618,blackhole,2,B0:CB:D8:F3:32:19,-43,0,460,641,3,0,641,460,181
969159560,NODE_F42DC973E618,blackhole,2,B0:CB:D8:F3:32:19,-43,0,460,641,3,0,641,460,181
969280492,NODE_F42DC973E618,blackhole,2,B0:CB:D8:F3:32:19,-43,0,460,641,3,0,641,460,181
969359559,NODE_F42DC973E618,blackhole,2,B0:CB:D8:F3:32:19,-43,0,460,641,3,0,641,460,181
969459564,NODE_F42DC973E618,blackhole,2,B0:CB:D8:F3:32:19,-43,0,460,641,3,0,641,460,181
969559563,NODE_F42DC973E618,blackhole,2,B0:CB:D8:F3:32:19,-43,0,461,642,3,0,642,461,181
969659571,NODE_F42DC973E618,blackhole,2,B0:CB:D8:F3:32:19,-43,0,461,642,3,0,642,461,181
969759564,NODE_F42DC973E618,blackhole,2,B0:CB:D8:F3:32:19,-43,0,461,642,3,0,642,461,181
969859555,NODE_F42DC973E618,blackhole,2,B0:CB:D8:F3:32:19,-43,0,461,642,3,0,642,461,181
969959563,NODE_F42DC973E618,blackhole,2,B0:CB:D8:F3:32:19,-43,0,461,642,3,0,642,461,181
970059568,NODE_F42DC973E618,blackhole,2,B0:CB:D8:F3:32:19,-42,0,461,642,3,0,642,461,181
970159559,NODE_F42DC973E618,blackhole,2,B0:CB:D8:F3:32:19,-42,0,461,642,3,0,642,461,181
970272786,NODE_F42DC973E618,blackhole,2,B0:CB:D8:F3:32:19,-42,0,461,642,3,0,642,461,181
970359576,NODE_F42DC973E618,blackhole,2,B0:CB:D8:F3:32:19,-42,0,461,642,3,0,642,461,181
970459563,NODE_F42DC973E618,blackhole,2,B0:CB:D8:F3:32:19,-42,0,461,642,3,0,642,461,181
970559555,NODE_F42DC973E618,blackhole,2,B0:CB:D8:F3:32:19,-42,0,461,642,3,0,642,461,181
970659568,NODE_F42DC973E618,blackhole,2,B0:CB:D8:F3:32:19,-42,0,462,643,3,0,643,462,181
970759571,NODE_F42DC973E618,blackhole,2,B0:CB:D8:F3:32:19,-42,0,462,643,3,0,643,462,181
970859555,NODE_F42DC973E618,blackhole,2,B0:CB:D8:F3:32:19,-42,0,462,643,3,0,643,462,181
970959564,NODE_F42DC973E618,blackhole,2,B0:CB:D8:F3:32:19,-42,0,462,643,3,0,643,462,181
971069559,NODE_F42DC973E618,blackhole,2,B0:CB:D8:F3:32:19,-42,0,462,643,3,0,643,462,181
971159563,NODE_F42DC973E618,blackhole,2,B0:CB:D8:F3:32:19,-42,0,462,643,3,0,643,462,181
971259568,NODE_F42DC973E618,blackhole,2,B0:CB:D8:F3:32:19,-42,0,462,643,3,0,643,462,181
971359575,NODE_F42DC973E618,blackhole,2,B0:CB:D8:F3:32:19,-42,0,462,643,3,0,643,462,181
971459559,NODE_F42DC973E618,blackhole,2,B0:CB:D8:F3:32:19,-42,0,462,643,3,0,643,462,181
971559556,NODE_F42DC973E618,blackhole,2,B0:CB:D8:F3:32:19,-42,0,462,643,3,0,643,462,181
971659567,NODE_F42DC973E618,blackhole,2,B0:CB:D8:F3:32:19,-42,0,463,644,3,0,644,463,181
971759559,NODE_F42DC973E618,blackhole,2,B0:CB:D8:F3:32:19,-42,0,463,644,3,0,644,463,181
971859556,NODE_F42DC973E618,blackhole,2,B0:CB:D8:F3:32:19,-42,0,463,644,3,0,644,463,181
971959571,NODE_F42DC973E618,blackhole,2,B0:CB:D8:F3:32:19,-42,0,463,644,3,0,644,463,181
972080860,NODE_F42DC973E618,blackhole,2,B0:CB:D8:F3:32:19,-42,0,463,644,3,0,644,463,181
972159560,NODE_F42DC973E618,blackhole,2,B0:CB:D8:F3:32:19,-42,0,463,644,3,0,644,463,181
972259567,NODE_F42DC973E618,blackhole,2,B0:CB:D8:F3:32:19,-42,0,463,644,3,0,644,463,181
972359567,NODE_F42DC973E618,blackhole,2,B0:CB:D8:F3:32:19,-42,0,463,644,3,0,644,463,181
972459564,NODE_F42DC973E618,blackhole,2,B0:CB:D8:F3:32:19,-42,0,463,644,3,0,644,463,181
972559555,NODE_F42DC973E618,blackhole,2,B0:CB:D8:F3:32:19,-42,0,463,644,3,0,644,463,181
972659567,NODE_F42DC973E618,blackhole,2,B0:CB:D8:F3:32:19,-42,0,464,645,3,0,645,464,181
972759560,NODE_F42DC973E618,blackhole,2,B0:CB:D8:F3:32:19,-42,0,464,645,3,0,645,464,181
972859555,NODE_F42DC973E618,blackhole,2,B0:CB:D8:F3:32:19,-42,0,464,645,3,0,645,464,181
972959567,NODE_F42DC973E618,blackhole,2,B0:CB:D8:F3:32:19,-42,0,464,645,3,0,645,464,181
973083309,NODE_F42DC973E618,blackhole,2,B0:CB:D8:F3:32:19,-38,0,464,645,3,0,645,464,181
973159563,NODE_F42DC973E618,blackhole,2,B0:CB:D8:F3:32:19,-38,0,464,645,3,0,645,464,181
973259571,NODE_F42DC973E618,blackhole,2,B0:CB:D8:F3:32:19,-38,0,464,645,3,0,645,464,181
973359568,NODE_F42DC973E618,blackhole,2,B0:CB:D8:F3:32:19,-38,0,464,645,3,0,645,464,181
973459571,NODE_F42DC973E618,blackhole,2,B0:CB:D8:F3:32:19,-38,0,464,645,3,0,645,464,181
973559555,NODE_F42DC973E618,blackhole,2,B0:CB:D8:F3:32:19,-38,0,464,645,3,0,645,464,181
973659564,NODE_F42DC973E618,blackhole,2,B0:CB:D8:F3:32:19,-38,0,465,646,3,0,646,465,181
973759563,NODE_F42DC973E618,blackhole,2,B0:CB:D8:F3:32:19,-38,0,465,646,3,0,646,465,181
973859555,NODE_F42DC973E618,blackhole,2,B0:CB:D8:F3:32:19,-38,0,465,646,3,0,646,465,181
973969303,NODE_F42DC973E618,blackhole,2,B0:CB:D8:F3:32:19,-38,0,465,646,3,0,646,465,181
974059563,NODE_F42DC973E618,blackhole,2,B0:CB:D8:F3:32:19,-38,0,465,646,3,0,646,465,181
974159563,NODE_F42DC973E618,blackhole,2,B0:CB:D8:F3:32:19,-42,0,465,646,3,0,646,465,181
974259572,NODE_F42DC973E618,blackhole,2,B0:CB:D8:F3:32:19,-42,0,465,646,3,0,646,465,181
974359575,NODE_F42DC973E618,blackhole,2,B0:CB:D8:F3:32:19,-42,0,465,646,3,0,646,465,181
974459567,NODE_F42DC973E618,blackhole,2,B0:CB:D8:F3:32:19,-42,0,465,646,3,0,646,465,181
974559556,NODE_F42DC973E618,blackhole,2,B0:CB:D8:F3:32:19,-42,0,465,646,3,0,646,465,181
974659563,NODE_F42DC973E618,blackhole,2,B0:CB:D8:F3:32:19,-42,0,466,647,3,0,647,466,181
974759567,NODE_F42DC973E618,blackhole,2,B0:CB:D8:F3:32:19,-42,0,466,647,3,0,647,466,181
974859556,NODE_F42DC973E618,blackhole,2,B0:CB:D8:F3:32:19,-42,0,466,647,3,0,647,466,181
975043040,NODE_F42DC973E618,blackhole,2,B0:CB:D8:F3:32:19,-42,0,466,647,3,0,647,466,181
975059559,NODE_F42DC973E618,blackhole,2,B0:CB:D8:F3:32:19,-42,0,466,647,3,0,647,466,181
975159568,NODE_F42DC973E618,blackhole,2,B0:CB:D8:F3:32:19,-42,0,466,647,3,0,647,466,181
975259567,NODE_F42DC973E618,blackhole,2,B0:CB:D8:F3:32:19,-42,0,466,647,3,0,647,466,181
975359567,NODE_F42DC973E618,blackhole,2,B0:CB:D8:F3:32:19,-42,0,466,647,3,0,647,466,181
975459568,NODE_F42DC973E618,blackhole,2,B0:CB:D8:F3:32:19,-42,0,466,647,3,0,647,466,181
975559555,NODE_F42DC973E618,blackhole,2,B0:CB:D8:F3:32:19,-42,0,466,647,3,0,647,466,181
975659563,NODE_F42DC973E618,blackhole,2,B0:CB:D8:F3:32:19,-42,0,467,648,3,0,648,467,181
975759568,NODE_F42DC973E618,blackhole,2,B0:CB:D8:F3:32:19,-42,0,467,648,3,0,648,467,181
975859555,NODE_F42DC973E618,blackhole,2,B0:CB:D8:F3:32:19,-42,0,467,648,3,0,648,467,181
975969125,NODE_F42DC973E618,blackhole,2,B0:CB:D8:F3:32:19,-42,0,467,648,3,0,648,467,181
976059568,NODE_F42DC973E618,blackhole,2,B0:CB:D8:F3:32:19,-42,0,467,648,3,0,648,467,181
976159563,NODE_F42DC973E618,blackhole,2,B0:CB:D8:F3:32:19,-42,0,467,648,3,0,648,467,181
976259567,NODE_F42DC973E618,blackhole,2,B0:CB:D8:F3:32:19,-42,0,467,648,3,0,648,467,181
976359568,NODE_F42DC973E618,blackhole,2,B0:CB:D8:F3:32:19,-42,0,467,648,3,0,648,467,181
976459567,NODE_F42DC973E618,blackhole,2,B0:CB:D8:F3:32:19,-42,0,467,648,3,0,648,467,181
976559555,NODE_F42DC973E618,blackhole,2,B0:CB:D8:F3:32:19,-42,0,467,648,3,0,648,467,181
976659564,NODE_F42DC973E618,blackhole,2,B0:CB:D8:F3:32:19,-42,0,468,649,3,0,649,468,181
976852158,NODE_F42DC973E618,blackhole,2,B0:CB:D8:F3:32:19,-42,0,468,649,3,0,649,468,181
976859555,NODE_F42DC973E618,blackhole,2,B0:CB:D8:F3:32:19,-42,0,468,649,3,0,649,468,181
976959568,NODE_F42DC973E618,blackhole,2,B0:CB:D8:F3:32:19,-42,0,468,649,3,0,649,468,181
977059563,NODE_F42DC973E618,blackhole,2,B0:CB:D8:F3:32:19,-42,0,468,649,3,0,649,468,181
977159555,NODE_F42DC973E618,blackhole,2,B0:CB:D8:F3:32:19,-42,0,468,649,3,0,649,468,181
977259572,NODE_F42DC973E618,blackhole,2,B0:CB:D8:F3:32:19,-42,0,468,649,3,0,649,468,181
977359575,NODE_F42DC973E618,blackhole,2,B0:CB:D8:F3:32:19,-42,0,468,649,3,0,649,468,181
977459567,NODE_F42DC973E618,blackhole,2,B0:CB:D8:F3:32:19,-42,0,468,649,3,0,649,468,181
977559568,NODE_F42DC973E618,blackhole,2,B0:CB:D8:F3:32:19,-42,0,468,649,3,0,649,468,181
977669355,NODE_F42DC973E618,blackhole,2,B0:CB:D8:F3:32:19,-42,0,469,650,3,0,650,469,181
977759563,NODE_F42DC973E618,blackhole,2,B0:CB:D8:F3:32:19,-42,0,469,650,3,0,650,469,181
977859560,NODE_F42DC973E618,blackhole,2,B0:CB:D8:F3:32:19,-42,0,469,650,3,0,650,469,181
977959563,NODE_F42DC973E618,blackhole,2,B0:CB:D8:F3:32:19,-42,0,469,650,3,0,650,469,181
978059559,NODE_F42DC973E618,blackhole,2,B0:CB:D8:F3:32:19,-42,0,469,650,3,0,650,469,181
978159556,NODE_F42DC973E618,blackhole,2,B0:CB:D8:F3:32:19,-42,0,469,650,3,0,650,469,181
978259567,NODE_F42DC973E618,blackhole,2,B0:CB:D8:F3:32:19,-38,0,469,650,3,0,650,469,181
978359567,NODE_F42DC973E618,blackhole,2,B0:CB:D8:F3:32:19,-38,0,469,650,3,0,650,469,181
978459568,NODE_F42DC973E618,blackhole,2,B0:CB:D8:F3:32:19,-38,0,469,650,3,0,650,469,181
978559567,NODE_F42DC973E618,blackhole,2,B0:CB:D8:F3:32:19,-38,0,469,650,3,0,650,469,181
978680497,NODE_F42DC973E618,blackhole,2,B0:CB:D8:F3:32:19,-38,0,470,651,3,0,651,470,181
978759564,NODE_F42DC973E618,blackhole,2,B0:CB:D8:F3:32:19,-38,0,470,651,3,0,651,470,181
978859555,NODE_F42DC973E618,blackhole,2,B0:CB:D8:F3:32:19,-38,0,470,651,3,0,651,470,181
978959571,NODE_F42DC973E618,blackhole,2,B0:CB:D8:F3:32:19,-38,0,470,651,3,0,651,470,181
979059564,NODE_F42DC973E618,blackhole,2,B0:CB:D8:F3:32:19,-38,0,470,651,3,0,651,470,181
979159555,NODE_F42DC973E618,blackhole,2,B0:CB:D8:F3:32:19,-38,0,470,651,3,0,651,470,181
979259567,NODE_F42DC973E618,blackhole,2,B0:CB:D8:F3:32:19,-38,0,470,651,3,0,651,470,181
979359568,NODE_F42DC973E618,blackhole,2,B0:CB:D8:F3:32:19,-38,0,470,651,3,0,651,470,181
979459567,NODE_F42DC973E618,blackhole,2,B0:CB:D8:F3:32:19,-38,0,470,651,3,0,651,470,181
979559567,NODE_F42DC973E618,blackhole,2,B0:CB:D8:F3:32:19,-38,0,470,651,3,0,651,470,181
979669265,NODE_F42DC973E618,blackhole,2,B0:CB:D8:F3:32:19,-38,0,471,652,3,0,652,471,181
979759559,NODE_F42DC973E618,blackhole,2,B0:CB:D8:F3:32:19,-38,0,471,652,3,0,652,471,181
979859560,NODE_F42DC973E618,blackhole,2,B0:CB:D8:F3:32:19,-38,0,471,652,3,0,652,471,181
979959567,NODE_F42DC973E618,blackhole,2,B0:CB:D8:F3:32:19,-38,0,471,652,3,0,652,471,181
980059563,NODE_F42DC973E618,blackhole,2,B0:CB:D8:F3:32:19,-38,0,471,652,3,0,652,471,181
980159556,NODE_F42DC973E618,blackhole,2,B0:CB:D8:F3:32:19,-38,0,471,652,3,0,652,471,181
980259567,NODE_F42DC973E618,blackhole,2,B0:CB:D8:F3:32:19,-42,0,471,652,3,0,652,471,181
980359575,NODE_F42DC973E618,blackhole,2,B0:CB:D8:F3:32:19,-42,0,471,652,3,0,652,471,181
980469591,NODE_F42DC973E618,blackhole,2,B0:CB:D8:F3:32:19,-42,0,471,652,3,0,652,471,181
980559567,NODE_F42DC973E618,blackhole,2,B0:CB:D8:F3:32:19,-42,0,471,652,3,0,652,471,181
980659563,NODE_F42DC973E618,blackhole,2,B0:CB:D8:F3:32:19,-42,0,472,653,3,0,653,472,181
980759564,NODE_F42DC973E618,blackhole,2,B0:CB:D8:F3:32:19,-42,0,472,653,3,0,653,472,181
980859559,NODE_F42DC973E618,blackhole,2,B0:CB:D8:F3:32:19,-42,0,472,653,3,0,653,472,181
980959567,NODE_F42DC973E618,blackhole,2,B0:CB:D8:F3:32:19,-42,0,472,653,3,0,653,472,181
981059564,NODE_F42DC973E618,blackhole,2,B0:CB:D8:F3:32:19,-42,0,472,653,3,0,653,472,181
981159555,NODE_F42DC973E618,blackhole,2,B0:CB:D8:F3:32:19,-42,0,472,653,3,0,653,472,181
981259567,NODE_F42DC973E618,blackhole,2,B0:CB:D8:F3:32:19,-42,0,472,653,3,0,653,472,181
981359564,NODE_F42DC973E618,blackhole,2,B0:CB:D8:F3:32:19,-43,0,472,653,3,0,653,472,181
981539853,NODE_F42DC973E618,blackhole,2,B0:CB:D8:F3:32:19,-43,0,472,653,3,0,653,472,181
981559559,NODE_F42DC973E618,blackhole,2,B0:CB:D8:F3:32:19,-43,0,472,653,3,0,653,472,181
981659564,NODE_F42DC973E618,blackhole,2,B0:CB:D8:F3:32:19,-43,0,473,654,3,0,654,473,181
981759571,NODE_F42DC973E618,blackhole,2,B0:CB:D8:F3:32:19,-43,0,473,654,3,0,654,473,181
981859559,NODE_F42DC973E618,blackhole,2,B0:CB:D8:F3:32:19,-43,0,473,654,3,0,654,473,181
981959560,NODE_F42DC973E618,blackhole,2,B0:CB:D8:F3:32:19,-43,0,473,654,3,0,654,473,181
982059567,NODE_F42DC973E618,blackhole,2,B0:CB:D8:F3:32:19,-43,0,473,654,3,0,654,473,181
982159559,NODE_F42DC973E618,blackhole,2,B0:CB:D8:F3:32:19,-43,0,473,654,3,0,654,473,181
982259564,NODE_F42DC973E618,blackhole,2,B0:CB:D8:F3:32:19,-43,0,473,654,3,0,654,473,181
982359571,NODE_F42DC973E618,blackhole,2,B0:CB:D8:F3:32:19,-42,0,473,654,3,0,654,473,181
982469409,NODE_F42DC973E618,blackhole,2,B0:CB:D8:F3:32:19,-42,0,473,654,3,0,654,473,181
982559564,NODE_F42DC973E618,blackhole,2,B0:CB:D8:F3:32:19,-42,0,473,654,3,0,654,473,181
982659563,NODE_F42DC973E618,blackhole,2,B0:CB:D8:F3:32:19,-42,0,474,655,3,0,655,474,181
982759559,NODE_F42DC973E618,blackhole,2,B0:CB:D8:F3:32:19,-42,0,474,655,3,0,655,474,181
982859564,NODE_F42DC973E618,blackhole,2,B0:CB:D8:F3:32:19,-42,0,474,655,3,0,655,474,181
982959567,NODE_F42DC973E618,blackhole,2,B0:CB:D8:F3:32:19,-42,0,474,655,3,0,655,474,181
983059567,NODE_F42DC973E618,blackhole,2,B0:CB:D8:F3:32:19,-42,0,474,655,3,0,655,474,181
983159556,NODE_F42DC973E618,blackhole,2,B0:CB:D8:F3:32:19,-42,0,474,655,3,0,655,474,181
983259563,NODE_F42DC973E618,blackhole,2,B0:CB:D8:F3:32:19,-42,0,474,655,3,0,655,474,181
983369958,NODE_F42DC973E618,blackhole,2,B0:CB:D8:F3:32:19,-42,0,474,655,3,0,655,474,181
983459568,NODE_F42DC973E618,blackhole,2,B0:CB:D8:F3:32:19,-42,0,474,655,3,0,655,474,181
983559559,NODE_F42DC973E618,blackhole,2,B0:CB:D8:F3:32:19,-42,0,474,655,3,0,655,474,181
983659563,NODE_F42DC973E618,blackhole,2,B0:CB:D8:F3:32:19,-42,0,475,656,3,0,656,475,181
983759564,NODE_F42DC973E618,blackhole,2,B0:CB:D8:F3:32:19,-42,0,475,656,3,0,656,475,181
983859555,NODE_F42DC973E618,blackhole,2,B0:CB:D8:F3:32:19,-42,0,475,656,3,0,656,475,181
983959571,NODE_F42DC973E618,blackhole,2,B0:CB:D8:F3:32:19,-42,0,475,656,3,0,656,475,181
984059564,NODE_F42DC973E618,blackhole,2,B0:CB:D8:F3:32:19,-42,0,475,656,3,0,656,475,181
984159555,NODE_F42DC973E618,blackhole,2,B0:CB:D8:F3:32:19,-42,0,475,656,3,0,656,475,181
984259567,NODE_F42DC973E618,blackhole,2,B0:CB:D8:F3:32:19,-42,0,475,656,3,0,656,475,181
984450548,NODE_F42DC973E618,blackhole,2,B0:CB:D8:F3:32:19,-39,0,475,656,3,0,656,475,181
984459555,NODE_F42DC973E618,blackhole,2,B0:CB:D8:F3:32:19,-39,0,475,656,3,0,656,475,181
984559564,NODE_F42DC973E618,blackhole,2,B0:CB:D8:F3:32:19,-39,0,475,656,3,0,656,475,181
984659563,NODE_F42DC973E618,blackhole,2,B0:CB:D8:F3:32:19,-39,0,476,657,3,0,657,476,181
984759571,NODE_F42DC973E618,blackhole,2,B0:CB:D8:F3:32:19,-39,0,476,657,3,0,657,476,181
984859556,NODE_F42DC973E618,blackhole,2,B0:CB:D8:F3:32:19,-39,0,476,657,3,0,657,476,181
984959567,NODE_F42DC973E618,blackhole,2,B0:CB:D8:F3:32:19,-39,0,476,657,3,0,657,476,181
985059559,NODE_F42DC973E618,blackhole,2,B0:CB:D8:F3:32:19,-39,0,476,657,3,0,657,476,181
985159556,NODE_F42DC973E618,blackhole,2,B0:CB:D8:F3:32:19,-39,0,476,657,3,0,657,476,181
985259559,NODE_F42DC973E618,blackhole,2,B0:CB:D8:F3:32:19,-39,0,476,657,3,0,657,476,181
985373690,NODE_F42DC973E618,blackhole,2,B0:CB:D8:F3:32:19,-39,0,476,657,3,0,657,476,181
985459568,NODE_F42DC973E618,blackhole,2,B0:CB:D8:F3:32:19,-39,0,476,657,3,0,657,476,181
985559793,NODE_F42DC973E618,blackhole,2,B0:CB:D8:F3:32:19,-39,0,476,657,3,0,657,476,181
985659567,NODE_F42DC973E618,blackhole,2,B0:CB:D8:F3:32:19,-39,0,477,658,3,0,658,477,181
985759568,NODE_F42DC973E618,blackhole,2,B0:CB:D8:F3:32:19,-39,0,477,658,3,0,658,477,181
985859555,NODE_F42DC973E618,blackhole,2,B0:CB:D8:F3:32:19,-39,0,477,658,3,0,658,477,181
985959575,NODE_F42DC973E618,blackhole,2,B0:CB:D8:F3:32:19,-39,0,477,658,3,0,658,477,181
986059560,NODE_F42DC973E618,blackhole,2,B0:CB:D8:F3:32:19,-39,0,477,658,3,0,658,477,181
986159555,NODE_F42DC973E618,blackhole,2,B0:CB:D8:F3:32:19,-39,0,477,658,3,0,658,477,181
986353508,NODE_F42DC973E618,blackhole,2,B0:CB:D8:F3:32:19,-39,0,477,658,3,0,658,477,181
986359560,NODE_F42DC973E618,blackhole,2,B0:CB:D8:F3:32:19,-39,0,477,658,3,0,658,477,181
986459563,NODE_F42DC973E618,blackhole,2,B0:CB:D8:F3:32:19,-42,0,477,658,3,0,658,477,181
986559559,NODE_F42DC973E618,blackhole,2,B0:CB:D8:F3:32:19,-42,0,477,658,3,0,658,477,181
986659564,NODE_F42DC973E618,blackhole,2,B0:CB:D8:F3:32:19,-42,0,478,659,3,0,659,478,181
986759567,NODE_F42DC973E618,blackhole,2,B0:CB:D8:F3:32:19,-42,0,478,659,3,0,659,478,181
986859555,NODE_F42DC973E618,blackhole,2,B0:CB:D8:F3:32:19,-42,0,478,659,3,0,659,478,181
986959564,NODE_F42DC973E618,blackhole,2,B0:CB:D8:F3:32:19,-42,0,478,659,3,0,659,478,181
987071853,NODE_F42DC973E618,blackhole,2,B0:CB:D8:F3:32:19,-42,0,478,659,3,0,659,478,181
987159555,NODE_F42DC973E618,blackhole,2,B0:CB:D8:F3:32:19,-42,0,478,659,3,0,659,478,181
987259564,NODE_F42DC973E618,blackhole,2,B0:CB:D8:F3:32:19,-42,0,478,659,3,0,659,478,181
987359729,NODE_F42DC973E618,blackhole,2,B0:CB:D8:F3:32:19,-42,0,478,659,3,0,659,478,181
987459567,NODE_F42DC973E618,blackhole,2,B0:CB:D8:F3:32:19,-42,0,478,659,3,0,659,478,181
987559560,NODE_F42DC973E618,blackhole,2,B0:CB:D8:F3:32:19,-42,0,478,659,3,0,659,478,181
987659563,NODE_F42DC973E618,blackhole,2,B0:CB:D8:F3:32:19,-42,0,479,660,3,0,660,479,181
987759563,NODE_F42DC973E618,blackhole,2,B0:CB:D8:F3:32:19,-42,0,479,660,3,0,660,479,181
987859556,NODE_F42DC973E618,blackhole,2,B0:CB:D8:F3:32:19,-42,0,479,660,3,0,660,479,181
987959567,NODE_F42DC973E618,blackhole,2,B0:CB:D8:F3:32:19,-42,0,479,660,3,0,660,479,181
988070070,NODE_F42DC973E618,blackhole,2,B0:CB:D8:F3:32:19,-42,0,479,660,3,0,660,479,181
988159560,NODE_F42DC973E618,blackhole,2,B0:CB:D8:F3:32:19,-42,0,479,660,3,0,660,479,181
988259567,NODE_F42DC973E618,blackhole,2,B0:CB:D8:F3:32:19,-42,0,479,660,3,0,660,479,181
988359563,NODE_F42DC973E618,blackhole,2,B0:CB:D8:F3:32:19,-42,0,479,660,3,0,660,479,181
988459568,NODE_F42DC973E618,blackhole,2,B0:CB:D8:F3:32:19,-42,0,479,660,3,0,660,479,181
988559559,NODE_F42DC973E618,blackhole,2,B0:CB:D8:F3:32:19,-42,0,479,660,3,0,660,479,181
988659575,NODE_F42DC973E618,blackhole,2,B0:CB:D8:F3:32:19,-42,0,479,660,3,0,660,479,181
988759576,NODE_F42DC973E618,blackhole,2,B0:CB:D8:F3:32:19,-42,0,480,661,3,0,661,480,181
988859555,NODE_F42DC973E618,blackhole,2,B0:CB:D8:F3:32:19,-42,0,480,661,3,0,661,480,181
988959559,NODE_F42DC973E618,blackhole,2,B0:CB:D8:F3:32:19,-42,0,480,661,3,0,661,480,181
989139045,NODE_F42DC973E618,blackhole,2,B0:CB:D8:F3:32:19,-42,0,480,661,3,0,661,480,181
989159555,NODE_F42DC973E618,blackhole,2,B0:CB:D8:F3:32:19,-42,0,480,661,3,0,661,480,181
989259559,NODE_F42DC973E618,blackhole,2,B0:CB:D8:F3:32:19,-42,0,480,661,3,0,661,480,181
989359572,NODE_F42DC973E618,blackhole,2,B0:CB:D8:F3:32:19,-42,0,480,661,3,0,661,480,181
989459567,NODE_F42DC973E618,blackhole,2,B0:CB:D8:F3:32:19,-39,0,480,661,3,0,661,480,181
989559559,NODE_F42DC973E618,blackhole,2,B0:CB:D8:F3:32:19,-39,0,480,661,3,0,661,480,181
989659568,NODE_F42DC973E618,blackhole,2,B0:CB:D8:F3:32:19,-39,0,480,661,3,0,661,480,181
989759567,NODE_F42DC973E618,blackhole,2,B0:CB:D8:F3:32:19,-39,0,481,662,3,0,662,481,181
989859555,NODE_F42DC973E618,blackhole,2,B0:CB:D8:F3:32:19,-39,0,481,662,3,0,662,481,181
989972433,NODE_F42DC973E618,blackhole,2,B0:CB:D8:F3:32:19,-39,0,481,662,3,0,662,481,181
990059559,NODE_F42DC973E618,blackhole,2,B0:CB:D8:F3:32:19,-39,0,481,662,3,0,662,481,181
990159559,NODE_F42DC973E618,blackhole,2,B0:CB:D8:F3:32:19,-39,0,481,662,3,0,662,481,181
990259564,NODE_F42DC973E618,blackhole,2,B0:CB:D8:F3:32:19,-39,0,481,662,3,0,662,481,181
990359559,NODE_F42DC973E618,blackhole,2,B0:CB:D8:F3:32:19,-39,0,481,662,3,0,662,481,181
990459563,NODE_F42DC973E618,blackhole,2,B0:CB:D8:F3:32:19,-39,0,481,662,3,0,662,481,181
990559564,NODE_F42DC973E618,blackhole,2,B0:CB:D8:F3:32:19,-38,0,481,662,3,0,662,481,181
990659567,NODE_F42DC973E618,blackhole,2,B0:CB:D8:F3:32:19,-38,0,481,662,3,0,662,481,181
990759563,NODE_F42DC973E618,blackhole,2,B0:CB:D8:F3:32:19,-38,0,482,663,3,0,663,482,181
990859564,NODE_F42DC973E618,blackhole,2,B0:CB:D8:F3:32:19,-38,0,482,663,3,0,663,482,181
991053252,NODE_F42DC973E618,blackhole,2,B0:CB:D8:F3:32:19,-38,0,482,663,3,0,663,482,181
991059555,NODE_F42DC973E618,blackhole,2,B0:CB:D8:F3:32:19,-38,0,482,663,3,0,663,482,181
991159568,NODE_F42DC973E618,blackhole,2,B0:CB:D8:F3:32:19,-38,0,482,663,3,0,663,482,181
991259567,NODE_F42DC973E618,blackhole,2,B0:CB:D8:F3:32:19,-38,0,482,663,3,0,663,482,181
991359611,NODE_F42DC973E618,blackhole,2,B0:CB:D8:F3:32:19,-38,0,482,663,3,0,663,482,181
991459576,NODE_F42DC973E618,blackhole,2,B0:CB:D8:F3:32:19,-38,0,482,663,3,0,663,482,181
991559563,NODE_F42DC973E618,blackhole,2,B0:CB:D8:F3:32:19,-40,0,482,663,3,0,663,482,181
991659567,NODE_F42DC973E618,blackhole,2,B0:CB:D8:F3:32:19,-40,0,482,663,3,0,663,482,181
991793323,NODE_F42DC973E618,blackhole,2,B0:CB:D8:F3:32:19,-40,0,483,664,3,0,664,483,181
991859567,NODE_F42DC973E618,blackhole,2,B0:CB:D8:F3:32:19,-40,0,483,664,3,0,664,483,181
991959564,NODE_F42DC973E618,blackhole,2,B0:CB:D8:F3:32:19,-40,0,483,664,3,0,664,483,181
992059567,NODE_F42DC973E618,blackhole,2,B0:CB:D8:F3:32:19,-40,0,483,664,3,0,664,483,181
992159567,NODE_F42DC973E618,blackhole,2,B0:CB:D8:F3:32:19,-40,0,483,664,3,0,664,483,181
992259564,NODE_F42DC973E618,blackhole,2,B0:CB:D8:F3:32:19,-40,0,483,664,3,0,664,483,181
992359571,NODE_F42DC973E618,blackhole,2,B0:CB:D8:F3:32:19,-40,0,483,664,3,0,664,483,181
992459567,NODE_F42DC973E618,blackhole,2,B0:CB:D8:F3:32:19,-40,0,483,664,3,0,664,483,181
992559564,NODE_F42DC973E618,blackhole,2,B0:CB:D8:F3:32:19,-43,0,483,664,3,0,664,483,181
992659567,NODE_F42DC973E618,blackhole,2,B0:CB:D8:F3:32:19,-43,0,483,664,3,0,664,483,181
992852718,NODE_F42DC973E618,blackhole,2,B0:CB:D8:F3:32:19,-43,0,484,665,3,0,665,484,181
992859556,NODE_F42DC973E618,blackhole,2,B0:CB:D8:F3:32:19,-43,0,484,665,3,0,665,484,181
992959571,NODE_F42DC973E618,blackhole,2,B0:CB:D8:F3:32:19,-43,0,484,665,3,0,665,484,181
993059563,NODE_F42DC973E618,blackhole,2,B0:CB:D8:F3:32:19,-43,0,484,665,3,0,665,484,181
993159560,NODE_F42DC973E618,blackhole,2,B0:CB:D8:F3:32:19,-43,0,484,665,3,0,665,484,181
993259563,NODE_F42DC973E618,blackhole,2,B0:CB:D8:F3:32:19,-43,0,484,665,3,0,665,484,181
993359559,NODE_F42DC973E618,blackhole,2,B0:CB:D8:F3:32:19,-43,0,484,665,3,0,665,484,181
993459564,NODE_F42DC973E618,blackhole,2,B0:CB:D8:F3:32:19,-43,0,484,665,3,0,665,484,181
993559563,NODE_F42DC973E618,blackhole,2,B0:CB:D8:F3:32:19,-42,0,484,665,3,0,665,484,181
993669133,NODE_F42DC973E618,blackhole,2,B0:CB:D8:F3:32:19,-42,0,484,665,3,0,665,484,181
993759564,NODE_F42DC973E618,blackhole,2,B0:CB:D8:F3:32:19,-42,0,485,666,3,0,666,485,181
993859567,NODE_F42DC973E618,blackhole,2,B0:CB:D8:F3:32:19,-42,0,485,666,3,0,666,485,181
993959567,NODE_F42DC973E618,blackhole,2,B0:CB:D8:F3:32:19,-42,0,485,666,3,0,666,485,181
994059568,NODE_F42DC973E618,blackhole,2,B0:CB:D8:F3:32:19,-42,0,485,666,3,0,666,485,181
994159559,NODE_F42DC973E618,blackhole,2,B0:CB:D8:F3:32:19,-42,0,485,666,3,0,666,485,181
994259559,NODE_F42DC973E618,blackhole,2,B0:CB:D8:F3:32:19,-42,0,485,666,3,0,666,485,181
994359560,NODE_F42DC973E618,blackhole,2,B0:CB:D8:F3:32:19,-42,0,485,666,3,0,666,485,181
994474682,NODE_F42DC973E618,blackhole,2,B0:CB:D8:F3:32:19,-42,0,485,666,3,0,666,485,181
994559555,NODE_F42DC973E618,blackhole,2,B0:CB:D8:F3:32:19,-42,0,485,666,3,0,666,485,181
994659568,NODE_F42DC973E618,blackhole,2,B0:CB:D8:F3:32:19,-42,0,485,666,3,0,666,485,181
994759563,NODE_F42DC973E618,blackhole,2,B0:CB:D8:F3:32:19,-42,0,485,666,3,0,666,485,181
994859563,NODE_F42DC973E618,blackhole,2,B0:CB:D8:F3:32:19,-42,0,486,667,3,0,667,486,181
994959568,NODE_F42DC973E618,blackhole,2,B0:CB:D8:F3:32:19,-42,0,486,667,3,0,667,486,181
995059567,NODE_F42DC973E618,blackhole,2,B0:CB:D8:F3:32:19,-42,0,486,667,3,0,667,486,181
995159555,NODE_F42DC973E618,blackhole,2,B0:CB:D8:F3:32:19,-42,0,486,667,3,0,667,486,181
995259568,NODE_F42DC973E618,blackhole,2,B0:CB:D8:F3:32:19,-42,0,486,667,3,0,667,486,181
995359575,NODE_F42DC973E618,blackhole,2,B0:CB:D8:F3:32:19,-42,0,486,667,3,0,667,486,181
995550064,NODE_F42DC973E618,blackhole,2,B0:CB:D8:F3:32:19,-42,0,486,667,3,0,667,486,181
995559556,NODE_F42DC973E618,blackhole,2,B0:CB:D8:F3:32:19,-42,0,486,667,3,0,667,486,181
995659567,NODE_F42DC973E618,blackhole,2,B0:CB:D8:F3:32:19,-38,0,486,667,3,0,667,486,181
995759567,NODE_F42DC973E618,blackhole,2,B0:CB:D8:F3:32:19,-38,0,486,667,3,0,667,486,181
995859564,NODE_F42DC973E618,blackhole,2,B0:CB:D8:F3:32:19,-38,0,487,668,3,0,668,487,181
995959571,NODE_F42DC973E618,blackhole,2,B0:CB:D8:F3:32:19,-38,0,487,668,3,0,668,487,181
996059559,NODE_F42DC973E618,blackhole,2,B0:CB:D8:F3:32:19,-38,0,487,668,3,0,668,487,181
996159556,NODE_F42DC973E618,blackhole,2,B0:CB:D8:F3:32:19,-38,0,487,668,3,0,668,487,181
996259567,NODE_F42DC973E618,blackhole,2,B0:CB:D8:F3:32:19,-38,0,487,668,3,0,668,487,181
996359567,NODE_F42DC973E618,blackhole,2,B0:CB:D8:F3:32:19,-38,0,487,668,3,0,668,487,181
996479867,NODE_F42DC973E618,blackhole,2,B0:CB:D8:F3:32:19,-38,0,487,668,3,0,668,487,181
996559555,NODE_F42DC973E618,blackhole,2,B0:CB:D8:F3:32:19,-38,0,487,668,3,0,668,487,181
996659567,NODE_F42DC973E618,blackhole,2,B0:CB:D8:F3:32:19,-39,0,487,668,3,0,668,487,181
996759568,NODE_F42DC973E618,blackhole,2,B0:CB:D8:F3:32:19,-39,0,487,668,3,0,668,487,181
996859563,NODE_F42DC973E618,blackhole,2,B0:CB:D8:F3:32:19,-39,0,488,669,3,0,669,488,181
996959575,NODE_F42DC973E618,blackhole,2,B0:CB:D8:F3:32:19,-39,0,488,669,3,0,669,488,181
997059560,NODE_F42DC973E618,blackhole,2,B0:CB:D8:F3:32:19,-39,0,488,669,3,0,669,488,181
997159555,NODE_F42DC973E618,blackhole,2,B0:CB:D8:F3:32:19,-39,0,488,669,3,0,669,488,181
997259567,NODE_F42DC973E618,blackhole,2,B0:CB:D8:F3:32:19,-39,0,488,669,3,0,669,488,181
997439165,NODE_F42DC973E618,blackhole,2,B0:CB:D8:F3:32:19,-39,0,488,669,3,0,669,488,181
997459559,NODE_F42DC973E618,blackhole,2,B0:CB:D8:F3:32:19,-39,0,488,669,3,0,669,488,181
997559559,NODE_F42DC973E618,blackhole,2,B0:CB:D8:F3:32:19,-39,0,488,669,3,0,669,488,181
997659568,NODE_F42DC973E618,blackhole,2,B0:CB:D8:F3:32:19,-38,0,488,669,3,0,669,488,181
997759563,NODE_F42DC973E618,blackhole,2,B0:CB:D8:F3:32:19,-38,0,488,669,3,0,669,488,181
997859563,NODE_F42DC973E618,blackhole,2,B0:CB:D8:F3:32:19,-38,0,489,670,3,0,670,489,181
997959572,NODE_F42DC973E618,blackhole,2,B0:CB:D8:F3:32:19,-38,0,489,670,3,0,670,489,181
998059567,NODE_F42DC973E618,blackhole,2,B0:CB:D8:F3:32:19,-38,0,489,670,3,0,670,489,181
998159555,NODE_F42DC973E618,blackhole,2,B0:CB:D8:F3:32:19,-38,0,489,670,3,0,670,489,181
998259568,NODE_F42DC973E618,blackhole,2,B0:CB:D8:F3:32:19,-38,0,489,670,3,0,670,489,181
998381711,NODE_F42DC973E618,blackhole,2,B0:CB:D8:F3:32:19,-38,0,489,670,3,0,670,489,181
998459575,NODE_F42DC973E618,blackhole,2,B0:CB:D8:F3:32:19,-38,0,489,670,3,0,670,489,181
998559556,NODE_F42DC973E618,blackhole,2,B0:CB:D8:F3:32:19,-38,0,489,670,3,0,670,489,181
998659563,NODE_F42DC973E618,blackhole,2,B0:CB:D8:F3:32:19,-38,0,489,670,3,0,670,489,181
998759563,NODE_F42DC973E618,blackhole,2,B0:CB:D8:F3:32:19,-38,0,489,670,3,0,670,489,181
998859564,NODE_F42DC973E618,blackhole,2,B0:CB:D8:F3:32:19,-38,0,490,671,3,0,671,490,181
998959571,NODE_F42DC973E618,blackhole,2,B0:CB:D8:F3:32:19,-38,0,490,671,3,0,671,490,181
999069782,NODE_F42DC973E618,blackhole,2,B0:CB:D8:F3:32:19,-38,0,490,671,3,0,671,490,181
999159556,NODE_F42DC973E618,blackhole,2,B0:CB:D8:F3:32:19,-38,0,490,671,3,0,671,490,181
999259563,NODE_F42DC973E618,blackhole,2,B0:CB:D8:F3:32:19,-38,0,490,671,3,0,671,490,181
999359563,NODE_F42DC973E618,blackhole,2,B0:CB:D8:F3:32:19,-38,0,490,671,3,0,671,490,181
999459564,NODE_F42DC973E618,blackhole,2,B0:CB:D8:F3:32:19,-38,0,490,671,3,0,671,490,181
999559555,NODE_F42DC973E618,blackhole,2,B0:CB:D8:F3:32:19,-38,0,490,671,3,0,671,490,181
999659563,NODE_F42DC973E618,blackhole,2,B0:CB:D8:F3:32:19,-38,0,490,671,3,0,671,490,181
999759564,NODE_F42DC973E618,blackhole,2,B0:CB:D8:F3:32:19,-39,0,490,671,3,0,671,490,181
999859563,NODE_F42DC973E618,blackhole,2,B0:CB:D8:F3:32:19,-39,0,491,672,3,0,672,491,181
999959575,NODE_F42DC973E618,blackhole,2,B0:CB:D8:F3:32:19,-39,0,491,672,3,0,672,491,181
1000080386,NODE_F42DC973E618,blackhole,2,B0:CB:D8:F3:32:19,-39,0,491,672,3,0,672,491,181
1000159555,NODE_F42DC973E618,blackhole,2,B0:CB:D8:F3:32:19,-39,0,491,672,3,0,672,491,181
1000259563,NODE_F42DC973E618,blackhole,2,B0:CB:D8:F3:32:19,-39,0,491,672,3,0,672,491,181
1000359564,NODE_F42DC973E618,blackhole,2,B0:CB:D8:F3:32:19,-39,0,491,672,3,0,672,491,181
1000459563,NODE_F42DC973E618,blackhole,2,B0:CB:D8:F3:32:19,-39,0,491,672,3,0,672,491,181
1000559555,NODE_F42DC973E618,blackhole,2,B0:CB:D8:F3:32:19,-39,0,491,672,3,0,672,491,181
1000659560,NODE_F42DC973E618,blackhole,2,B0:CB:D8:F3:32:19,-39,0,491,672,3,0,672,491,181
1000759567,NODE_F42DC973E618,blackhole,2,B0:CB:D8:F3:32:19,-38,0,491,672,3,0,672,491,181
1000859563,NODE_F42DC973E618,blackhole,2,B0:CB:D8:F3:32:19,-38,0,492,673,3,0,673,492,181
1000959572,NODE_F42DC973E618,blackhole,2,B0:CB:D8:F3:32:19,-38,0,492,673,3,0,673,492,181
1001156325,NODE_F42DC973E618,blackhole,2,B0:CB:D8:F3:32:19,-38,0,492,673,3,0,673,492,181
1001159555,NODE_F42DC973E618,blackhole,2,B0:CB:D8:F3:32:19,-38,0,492,673,3,0,673,492,181
1001259560,NODE_F42DC973E618,blackhole,2,B0:CB:D8:F3:32:19,-38,0,492,673,3,0,673,492,181
1001359575,NODE_F42DC973E618,blackhole,2,B0:CB:D8:F3:32:19,-38,0,492,673,3,0,673,492,181
1001459563,NODE_F42DC973E618,blackhole,2,B0:CB:D8:F3:32:19,-38,0,492,673,3,0,673,492,181
1001559556,NODE_F42DC973E618,blackhole,2,B0:CB:D8:F3:32:19,-38,0,492,673,3,0,673,492,181
